OMNeT++ Discrete Event Simulation  (C) 1992-2025 Andras Varga, OpenSim Ltd.
Version: 6.3.0, build: 251110-bb3d6a4731, edition: Academic Public License -- NOT FOR COMMERCIAL USE
See the license for distribution terms and warranty disclaimer

Setting up Cmdenv...

Loading NED files from src:  2

Preparing for running configuration MonetecFocusedSmallR, run #0...
Scenario: $r=1, $rho=0.005, $repetition=0
Assigned runID=MonetecFocusedSmallR-0-20260930-08:59:45-58
Setting up network "dect2020scheduledaccess.DectScheduledAccessNetwork"...
Initializing...

Running simulation...
** Event #0   t=0   Elapsed: 3.2e-05s (0m 00s)
     Speed:     ev/sec=0   simsec/sec=0   ev/simsec=0
     Messages:  created: 2   present: 2   in FES: 2
** Event #409770   t=3054.585333345   Elapsed: 0.031725s (0m 00s)
     Speed:     ev/sec=1.29294e+07   simsec/sec=96380.4   ev/simsec=134.149
     Messages:  created: 2   present: 2   in FES: 1

<!> Simulation stopped with endSimulation() -- in module (ScheduledAccessQueue) DectScheduledAccessNetwork.queue (id=2), at t=3054.585333345s, event #409770

Calling finish() at end of Run #0...

Preparing for running configuration MonetecFocusedSmallR, run #1...
Scenario: $r=1, $rho=0.005, $repetition=1
Assigned runID=MonetecFocusedSmallR-1-20260930-08:59:45-58
Setting up network "dect2020scheduledaccess.DectScheduledAccessNetwork"...
Initializing...

Running simulation...
** Event #0   t=0   Elapsed: 3.4e-05s (0m 00s)
     Speed:     ev/sec=0   simsec/sec=0   ev/simsec=0
     Messages:  created: 2   present: 2   in FES: 2
** Event #411183   t=3067.932333345   Elapsed: 0.031092s (0m 00s)
     Speed:     ev/sec=1.32405e+07   simsec/sec=98790.3   ev/simsec=134.026
     Messages:  created: 2   present: 2   in FES: 1

<!> Simulation stopped with endSimulation() -- in module (ScheduledAccessQueue) DectScheduledAccessNetwork.queue (id=2), at t=3067.932333345s, event #411183

Calling finish() at end of Run #1...

Preparing for running configuration MonetecFocusedSmallR, run #2...
Scenario: $r=1, $rho=0.005, $repetition=2
Assigned runID=MonetecFocusedSmallR-2-20260930-08:59:45-58
Setting up network "dect2020scheduledaccess.DectScheduledAccessNetwork"...
Initializing...

Running simulation...
** Event #0   t=0   Elapsed: 3e-06s (0m 00s)
     Speed:     ev/sec=0   simsec/sec=0   ev/simsec=0
     Messages:  created: 2   present: 2   in FES: 2
** Event #410103   t=3057.411333345   Elapsed: 0.030314s (0m 00s)
     Speed:     ev/sec=1.35303e+07   simsec/sec=100871   ev/simsec=134.134
     Messages:  created: 2   present: 2   in FES: 1

<!> Simulation stopped with endSimulation() -- in module (ScheduledAccessQueue) DectScheduledAccessNetwork.queue (id=2), at t=3057.411333345s, event #410103

Calling finish() at end of Run #2...

Preparing for running configuration MonetecFocusedSmallR, run #3...
Scenario: $r=1, $rho=0.010, $repetition=0
Assigned runID=MonetecFocusedSmallR-3-20260930-08:59:45-58
Setting up network "dect2020scheduledaccess.DectScheduledAccessNetwork"...
Initializing...

Running simulation...
** Event #0   t=0   Elapsed: 3e-06s (0m 00s)
     Speed:     ev/sec=0   simsec/sec=0   ev/simsec=0
     Messages:  created: 2   present: 2   in FES: 2
** Event #251652   t=1613.235333345   Elapsed: 0.01967s (0m 00s)
     Speed:     ev/sec=1.27956e+07   simsec/sec=82027.5   ev/simsec=155.992
     Messages:  created: 2   present: 2   in FES: 1

<!> Simulation stopped with endSimulation() -- in module (ScheduledAccessQueue) DectScheduledAccessNetwork.queue (id=2), at t=1613.235333345s, event #251652

Calling finish() at end of Run #3...

Preparing for running configuration MonetecFocusedSmallR, run #4...
Scenario: $r=1, $rho=0.010, $repetition=1
Assigned runID=MonetecFocusedSmallR-4-20260930-08:59:45-58
Setting up network "dect2020scheduledaccess.DectScheduledAccessNetwork"...
Initializing...

Running simulation...
** Event #0   t=0   Elapsed: 3e-06s (0m 00s)
     Speed:     ev/sec=0   simsec/sec=0   ev/simsec=0
     Messages:  created: 2   present: 2   in FES: 2
** Event #252155   t=1618.725333345   Elapsed: 0.01995s (0m 00s)
     Speed:     ev/sec=1.26412e+07   simsec/sec=81151.3   ev/simsec=155.774
     Messages:  created: 2   present: 2   in FES: 1

<!> Simulation stopped with endSimulation() -- in module (ScheduledAccessQueue) DectScheduledAccessNetwork.queue (id=2), at t=1618.725333345s, event #252155

Calling finish() at end of Run #4...

Preparing for running configuration MonetecFocusedSmallR, run #5...
Scenario: $r=1, $rho=0.010, $repetition=2
Assigned runID=MonetecFocusedSmallR-5-20260930-08:59:45-58
Setting up network "dect2020scheduledaccess.DectScheduledAccessNetwork"...
Initializing...

Running simulation...
** Event #0   t=0   Elapsed: 3e-06s (0m 00s)
     Speed:     ev/sec=0   simsec/sec=0   ev/simsec=0
     Messages:  created: 2   present: 2   in FES: 2
** Event #251445   t=1612.038333345   Elapsed: 0.020653s (0m 00s)
     Speed:     ev/sec=1.21783e+07   simsec/sec=78076.1   ev/simsec=155.98
     Messages:  created: 2   present: 2   in FES: 1

<!> Simulation stopped with endSimulation() -- in module (ScheduledAccessQueue) DectScheduledAccessNetwork.queue (id=2), at t=1612.038333345s, event #251445

Calling finish() at end of Run #5...

Preparing for running configuration MonetecFocusedSmallR, run #6...
Scenario: $r=1, $rho=0.015, $repetition=0
Assigned runID=MonetecFocusedSmallR-6-20260930-08:59:45-58
Setting up network "dect2020scheduledaccess.DectScheduledAccessNetwork"...
Initializing...

Running simulation...
** Event #0   t=0   Elapsed: 4e-06s (0m 00s)
     Speed:     ev/sec=0   simsec/sec=0   ev/simsec=0
     Messages:  created: 2   present: 2   in FES: 2
** Event #200050   t=1131.195333345   Elapsed: 0.016071s (0m 00s)
     Speed:     ev/sec=1.24502e+07   simsec/sec=70400.5   ev/simsec=176.848
     Messages:  created: 2   present: 2   in FES: 1

<!> Simulation stopped with endSimulation() -- in module (ScheduledAccessQueue) DectScheduledAccessNetwork.queue (id=2), at t=1131.195333345s, event #200050

Calling finish() at end of Run #6...

Preparing for running configuration MonetecFocusedSmallR, run #7...
Scenario: $r=1, $rho=0.015, $repetition=1
Assigned runID=MonetecFocusedSmallR-7-20260930-08:59:45-58
Setting up network "dect2020scheduledaccess.DectScheduledAccessNetwork"...
Initializing...

Running simulation...
** Event #0   t=0   Elapsed: 3e-06s (0m 00s)
     Speed:     ev/sec=0   simsec/sec=0   ev/simsec=0
     Messages:  created: 2   present: 2   in FES: 2
** Event #199879   t=1131.141333345   Elapsed: 0.01619s (0m 00s)
     Speed:     ev/sec=1.23489e+07   simsec/sec=69883.9   ev/simsec=176.706
     Messages:  created: 2   present: 2   in FES: 1

<!> Simulation stopped with endSimulation() -- in module (ScheduledAccessQueue) DectScheduledAccessNetwork.queue (id=2), at t=1131.141333345s, event #199879

Calling finish() at end of Run #7...

Preparing for running configuration MonetecFocusedSmallR, run #8...
Scenario: $r=1, $rho=0.015, $repetition=2
Assigned runID=MonetecFocusedSmallR-8-20260930-08:59:45-58
Setting up network "dect2020scheduledaccess.DectScheduledAccessNetwork"...
Initializing...

Running simulation...
** Event #0   t=0   Elapsed: 3e-06s (0m 00s)
     Speed:     ev/sec=0   simsec/sec=0   ev/simsec=0
     Messages:  created: 2   present: 2   in FES: 2
** Event #199695   t=1128.540333345   Elapsed: 0.016127s (0m 00s)
     Speed:     ev/sec=1.2385e+07   simsec/sec=69991.3   ev/simsec=176.95
     Messages:  created: 2   present: 2   in FES: 1

<!> Simulation stopped with endSimulation() -- in module (ScheduledAccessQueue) DectScheduledAccessNetwork.queue (id=2), at t=1128.540333345s, event #199695

Calling finish() at end of Run #8...

Preparing for running configuration MonetecFocusedSmallR, run #9...
Scenario: $r=1, $rho=0.020, $repetition=0
Assigned runID=MonetecFocusedSmallR-9-20260930-08:59:45-58
Setting up network "dect2020scheduledaccess.DectScheduledAccessNetwork"...
Initializing...

Running simulation...
** Event #0   t=0   Elapsed: 2.1e-05s (0m 00s)
     Speed:     ev/sec=0   simsec/sec=0   ev/simsec=0
     Messages:  created: 2   present: 2   in FES: 2
** Event #175873   t=894.909333345   Elapsed: 0.014852s (0m 00s)
     Speed:     ev/sec=1.18593e+07   simsec/sec=60344.5   ev/simsec=196.526
     Messages:  created: 2   present: 2   in FES: 1

<!> Simulation stopped with endSimulation() -- in module (ScheduledAccessQueue) DectScheduledAccessNetwork.queue (id=2), at t=894.909333345s, event #175873

Calling finish() at end of Run #9...

Preparing for running configuration MonetecFocusedSmallR, run #10...
Scenario: $r=1, $rho=0.020, $repetition=1
Assigned runID=MonetecFocusedSmallR-10-20260930-08:59:45-58
Setting up network "dect2020scheduledaccess.DectScheduledAccessNetwork"...
Initializing...

Running simulation...
** Event #0   t=0   Elapsed: 5e-06s (0m 00s)
     Speed:     ev/sec=0   simsec/sec=0   ev/simsec=0
     Messages:  created: 2   present: 2   in FES: 2
** Event #175520   t=892.983333345   Elapsed: 0.014487s (0m 00s)
     Speed:     ev/sec=1.21199e+07   simsec/sec=61661.6   ev/simsec=196.555
     Messages:  created: 2   present: 2   in FES: 1

<!> Simulation stopped with endSimulation() -- in module (ScheduledAccessQueue) DectScheduledAccessNetwork.queue (id=2), at t=892.983333345s, event #175520

Calling finish() at end of Run #10...

Preparing for running configuration MonetecFocusedSmallR, run #11...
Scenario: $r=1, $rho=0.020, $repetition=2
Assigned runID=MonetecFocusedSmallR-11-20260930-08:59:45-58
Setting up network "dect2020scheduledaccess.DectScheduledAccessNetwork"...
Initializing...

Running simulation...
** Event #0   t=0   Elapsed: 2.5e-05s (0m 00s)
     Speed:     ev/sec=0   simsec/sec=0   ev/simsec=0
     Messages:  created: 2   present: 2   in FES: 2
** Event #175111   t=888.744333345   Elapsed: 0.014405s (0m 00s)
     Speed:     ev/sec=1.21774e+07   simsec/sec=61804.2   ev/simsec=197.032
     Messages:  created: 2   present: 2   in FES: 1

<!> Simulation stopped with endSimulation() -- in module (ScheduledAccessQueue) DectScheduledAccessNetwork.queue (id=2), at t=888.744333345s, event #175111

Calling finish() at end of Run #11...

Preparing for running configuration MonetecFocusedSmallR, run #12...
Scenario: $r=1, $rho=0.025, $repetition=0
Assigned runID=MonetecFocusedSmallR-12-20260930-08:59:45-58
Setting up network "dect2020scheduledaccess.DectScheduledAccessNetwork"...
Initializing...

Running simulation...
** Event #0   t=0   Elapsed: 1.6e-05s (0m 00s)
     Speed:     ev/sec=0   simsec/sec=0   ev/simsec=0
     Messages:  created: 2   present: 2   in FES: 2
** Event #162279   t=752.376333345   Elapsed: 0.013959s (0m 00s)
     Speed:     ev/sec=1.16404e+07   simsec/sec=53968.6   ev/simsec=215.689
     Messages:  created: 2   present: 2   in FES: 1

<!> Simulation stopped with endSimulation() -- in module (ScheduledAccessQueue) DectScheduledAccessNetwork.queue (id=2), at t=752.376333345s, event #162279

Calling finish() at end of Run #12...

Preparing for running configuration MonetecFocusedSmallR, run #13...
Scenario: $r=1, $rho=0.025, $repetition=1
Assigned runID=MonetecFocusedSmallR-13-20260930-08:59:45-58
Setting up network "dect2020scheduledaccess.DectScheduledAccessNetwork"...
Initializing...

Running simulation...
** Event #0   t=0   Elapsed: 3.8e-05s (0m 00s)
     Speed:     ev/sec=0   simsec/sec=0   ev/simsec=0
     Messages:  created: 2   present: 2   in FES: 2
** Event #161854   t=750.459333345   Elapsed: 0.014068s (0m 00s)
     Speed:     ev/sec=1.15379e+07   simsec/sec=53497.2   ev/simsec=215.673
     Messages:  created: 2   present: 2   in FES: 1

<!> Simulation stopped with endSimulation() -- in module (ScheduledAccessQueue) DectScheduledAccessNetwork.queue (id=2), at t=750.459333345s, event #161854

Calling finish() at end of Run #13...

Preparing for running configuration MonetecFocusedSmallR, run #14...
Scenario: $r=1, $rho=0.025, $repetition=2
Assigned runID=MonetecFocusedSmallR-14-20260930-08:59:45-58
Setting up network "dect2020scheduledaccess.DectScheduledAccessNetwork"...
Initializing...

Running simulation...
** Event #0   t=0   Elapsed: 2.4e-05s (0m 00s)
     Speed:     ev/sec=0   simsec/sec=0   ev/simsec=0
     Messages:  created: 2   present: 2   in FES: 2
** Event #161705   t=747.831333345   Elapsed: 0.013614s (0m 00s)
     Speed:     ev/sec=1.18997e+07   simsec/sec=55032.1   ev/simsec=216.232
     Messages:  created: 2   present: 2   in FES: 1

<!> Simulation stopped with endSimulation() -- in module (ScheduledAccessQueue) DectScheduledAccessNetwork.queue (id=2), at t=747.831333345s, event #161705

Calling finish() at end of Run #14...

Preparing for running configuration MonetecFocusedSmallR, run #15...
Scenario: $r=1, $rho=0.030, $repetition=0
Assigned runID=MonetecFocusedSmallR-15-20260930-08:59:46-58
Setting up network "dect2020scheduledaccess.DectScheduledAccessNetwork"...
Initializing...

Running simulation...
** Event #0   t=0   Elapsed: 2.7e-05s (0m 00s)
     Speed:     ev/sec=0   simsec/sec=0   ev/simsec=0
     Messages:  created: 2   present: 2   in FES: 2
** Event #153530   t=655.122333345   Elapsed: 0.013219s (0m 00s)
     Speed:     ev/sec=1.1639e+07   simsec/sec=49664.3   ev/simsec=234.353
     Messages:  created: 2   present: 2   in FES: 1

<!> Simulation stopped with endSimulation() -- in module (ScheduledAccessQueue) DectScheduledAccessNetwork.queue (id=2), at t=655.122333345s, event #153530

Calling finish() at end of Run #15...

Preparing for running configuration MonetecFocusedSmallR, run #16...
Scenario: $r=1, $rho=0.030, $repetition=1
Assigned runID=MonetecFocusedSmallR-16-20260930-08:59:46-58
Setting up network "dect2020scheduledaccess.DectScheduledAccessNetwork"...
Initializing...

Running simulation...
** Event #0   t=0   Elapsed: 2.9e-05s (0m 00s)
     Speed:     ev/sec=0   simsec/sec=0   ev/simsec=0
     Messages:  created: 2   present: 2   in FES: 2
** Event #153107   t=653.493333345   Elapsed: 0.013127s (0m 00s)
     Speed:     ev/sec=1.16902e+07   simsec/sec=49896.4   ev/simsec=234.29
     Messages:  created: 2   present: 2   in FES: 1

<!> Simulation stopped with endSimulation() -- in module (ScheduledAccessQueue) DectScheduledAccessNetwork.queue (id=2), at t=653.493333345s, event #153107

Calling finish() at end of Run #16...

Preparing for running configuration MonetecFocusedSmallR, run #17...
Scenario: $r=1, $rho=0.030, $repetition=2
Assigned runID=MonetecFocusedSmallR-17-20260930-08:59:46-58
Setting up network "dect2020scheduledaccess.DectScheduledAccessNetwork"...
Initializing...

Running simulation...
** Event #0   t=0   Elapsed: 5e-06s (0m 00s)
     Speed:     ev/sec=0   simsec/sec=0   ev/simsec=0
     Messages:  created: 2   present: 2   in FES: 2
** Event #153549   t=654.384333345   Elapsed: 0.013911s (0m 00s)
     Speed:     ev/sec=1.10451e+07   simsec/sec=47071.2   ev/simsec=234.647
     Messages:  created: 2   present: 2   in FES: 1

<!> Simulation stopped with endSimulation() -- in module (ScheduledAccessQueue) DectScheduledAccessNetwork.queue (id=2), at t=654.384333345s, event #153549

Calling finish() at end of Run #17...

Preparing for running configuration MonetecFocusedSmallR, run #18...
Scenario: $r=1, $rho=0.035, $repetition=0
Assigned runID=MonetecFocusedSmallR-18-20260930-08:59:46-58
Setting up network "dect2020scheduledaccess.DectScheduledAccessNetwork"...
Initializing...

Running simulation...
** Event #0   t=0   Elapsed: 4e-06s (0m 00s)
     Speed:     ev/sec=0   simsec/sec=0   ev/simsec=0
     Messages:  created: 2   present: 2   in FES: 2
** Event #148390   t=588.486333345   Elapsed: 0.013208s (0m 00s)
     Speed:     ev/sec=1.12417e+07   simsec/sec=44582.3   ev/simsec=252.156
     Messages:  created: 2   present: 2   in FES: 1

<!> Simulation stopped with endSimulation() -- in module (ScheduledAccessQueue) DectScheduledAccessNetwork.queue (id=2), at t=588.486333345s, event #148390

Calling finish() at end of Run #18...

Preparing for running configuration MonetecFocusedSmallR, run #19...
Scenario: $r=1, $rho=0.035, $repetition=1
Assigned runID=MonetecFocusedSmallR-19-20260930-08:59:46-58
Setting up network "dect2020scheduledaccess.DectScheduledAccessNetwork"...
Initializing...

Running simulation...
** Event #0   t=0   Elapsed: 4e-06s (0m 00s)
     Speed:     ev/sec=0   simsec/sec=0   ev/simsec=0
     Messages:  created: 2   present: 2   in FES: 2
** Event #148014   t=587.226333345   Elapsed: 0.013204s (0m 00s)
     Speed:     ev/sec=1.12157e+07   simsec/sec=44496.9   ev/simsec=252.056
     Messages:  created: 2   present: 2   in FES: 1

<!> Simulation stopped with endSimulation() -- in module (ScheduledAccessQueue) DectScheduledAccessNetwork.queue (id=2), at t=587.226333345s, event #148014

Calling finish() at end of Run #19...

Preparing for running configuration MonetecFocusedSmallR, run #20...
Scenario: $r=1, $rho=0.035, $repetition=2
Assigned runID=MonetecFocusedSmallR-20-20260930-08:59:46-58
Setting up network "dect2020scheduledaccess.DectScheduledAccessNetwork"...
Initializing...

Running simulation...
** Event #0   t=0   Elapsed: 2e-05s (0m 00s)
     Speed:     ev/sec=0   simsec/sec=0   ev/simsec=0
     Messages:  created: 2   present: 2   in FES: 2
** Event #148106   t=586.263333345   Elapsed: 0.013053s (0m 00s)
     Speed:     ev/sec=1.13665e+07   simsec/sec=44993.3   ev/simsec=252.627
     Messages:  created: 2   present: 2   in FES: 1

<!> Simulation stopped with endSimulation() -- in module (ScheduledAccessQueue) DectScheduledAccessNetwork.queue (id=2), at t=586.263333345s, event #148106

Calling finish() at end of Run #20...

Preparing for running configuration MonetecFocusedSmallR, run #21...
Scenario: $r=1, $rho=0.040, $repetition=0
Assigned runID=MonetecFocusedSmallR-21-20260930-08:59:46-58
Setting up network "dect2020scheduledaccess.DectScheduledAccessNetwork"...
Initializing...

Running simulation...
** Event #0   t=0   Elapsed: 3.6e-05s (0m 00s)
     Speed:     ev/sec=0   simsec/sec=0   ev/simsec=0
     Messages:  created: 2   present: 2   in FES: 2
** Event #144806   t=536.781333345   Elapsed: 0.012829s (0m 00s)
     Speed:     ev/sec=1.13218e+07   simsec/sec=41968.8   ev/simsec=269.767
     Messages:  created: 2   present: 2   in FES: 1

<!> Simulation stopped with endSimulation() -- in module (ScheduledAccessQueue) DectScheduledAccessNetwork.queue (id=2), at t=536.781333345s, event #144806

Calling finish() at end of Run #21...

Preparing for running configuration MonetecFocusedSmallR, run #22...
Scenario: $r=1, $rho=0.040, $repetition=1
Assigned runID=MonetecFocusedSmallR-22-20260930-08:59:46-58
Setting up network "dect2020scheduledaccess.DectScheduledAccessNetwork"...
Initializing...

Running simulation...
** Event #0   t=0   Elapsed: 4e-06s (0m 00s)
     Speed:     ev/sec=0   simsec/sec=0   ev/simsec=0
     Messages:  created: 2   present: 2   in FES: 2
** Event #144367   t=535.656333345   Elapsed: 0.013147s (0m 00s)
     Speed:     ev/sec=1.0986e+07   simsec/sec=40762.2   ev/simsec=269.514
     Messages:  created: 2   present: 2   in FES: 1

<!> Simulation stopped with endSimulation() -- in module (ScheduledAccessQueue) DectScheduledAccessNetwork.queue (id=2), at t=535.656333345s, event #144367

Calling finish() at end of Run #22...

Preparing for running configuration MonetecFocusedSmallR, run #23...
Scenario: $r=1, $rho=0.040, $repetition=2
Assigned runID=MonetecFocusedSmallR-23-20260930-08:59:46-58
Setting up network "dect2020scheduledaccess.DectScheduledAccessNetwork"...
Initializing...

Running simulation...
** Event #0   t=0   Elapsed: 2.3e-05s (0m 00s)
     Speed:     ev/sec=0   simsec/sec=0   ev/simsec=0
     Messages:  created: 2   present: 2   in FES: 2
** Event #144444   t=534.567333345   Elapsed: 0.012949s (0m 00s)
     Speed:     ev/sec=1.11764e+07   simsec/sec=41362.3   ev/simsec=270.208
     Messages:  created: 2   present: 2   in FES: 1

<!> Simulation stopped with endSimulation() -- in module (ScheduledAccessQueue) DectScheduledAccessNetwork.queue (id=2), at t=534.567333345s, event #144444

Calling finish() at end of Run #23...

Preparing for running configuration MonetecFocusedSmallR, run #24...
Scenario: $r=1, $rho=0.045, $repetition=0
Assigned runID=MonetecFocusedSmallR-24-20260930-08:59:46-58
Setting up network "dect2020scheduledaccess.DectScheduledAccessNetwork"...
Initializing...

Running simulation...
** Event #0   t=0   Elapsed: 3e-06s (0m 00s)
     Speed:     ev/sec=0   simsec/sec=0   ev/simsec=0
     Messages:  created: 2   present: 2   in FES: 2
** Event #142792   t=498.189333345   Elapsed: 0.012598s (0m 00s)
     Speed:     ev/sec=1.13381e+07   simsec/sec=39557.7   ev/simsec=286.622
     Messages:  created: 2   present: 2   in FES: 1

<!> Simulation stopped with endSimulation() -- in module (ScheduledAccessQueue) DectScheduledAccessNetwork.queue (id=2), at t=498.189333345s, event #142792

Calling finish() at end of Run #24...

Preparing for running configuration MonetecFocusedSmallR, run #25...
Scenario: $r=1, $rho=0.045, $repetition=1
Assigned runID=MonetecFocusedSmallR-25-20260930-08:59:46-58
Setting up network "dect2020scheduledaccess.DectScheduledAccessNetwork"...
Initializing...

Running simulation...
** Event #0   t=0   Elapsed: 3e-06s (0m 00s)
     Speed:     ev/sec=0   simsec/sec=0   ev/simsec=0
     Messages:  created: 2   present: 2   in FES: 2
** Event #142705   t=498.648333345   Elapsed: 0.012775s (0m 00s)
     Speed:     ev/sec=1.1175e+07   simsec/sec=39048.4   ev/simsec=286.184
     Messages:  created: 2   present: 2   in FES: 1

<!> Simulation stopped with endSimulation() -- in module (ScheduledAccessQueue) DectScheduledAccessNetwork.queue (id=2), at t=498.648333345s, event #142705

Calling finish() at end of Run #25...

Preparing for running configuration MonetecFocusedSmallR, run #26...
Scenario: $r=1, $rho=0.045, $repetition=2
Assigned runID=MonetecFocusedSmallR-26-20260930-08:59:46-58
Setting up network "dect2020scheduledaccess.DectScheduledAccessNetwork"...
Initializing...

Running simulation...
** Event #0   t=0   Elapsed: 3e-06s (0m 00s)
     Speed:     ev/sec=0   simsec/sec=0   ev/simsec=0
     Messages:  created: 2   present: 2   in FES: 2
** Event #142566   t=496.974333345   Elapsed: 0.012532s (0m 00s)
     Speed:     ev/sec=1.13807e+07   simsec/sec=39672.2   ev/simsec=286.868
     Messages:  created: 2   present: 2   in FES: 1

<!> Simulation stopped with endSimulation() -- in module (ScheduledAccessQueue) DectScheduledAccessNetwork.queue (id=2), at t=496.974333345s, event #142566

Calling finish() at end of Run #26...

Preparing for running configuration MonetecFocusedSmallR, run #27...
Scenario: $r=1, $rho=0.050, $repetition=0
Assigned runID=MonetecFocusedSmallR-27-20260930-08:59:46-58
Setting up network "dect2020scheduledaccess.DectScheduledAccessNetwork"...
Initializing...

Running simulation...
** Event #0   t=0   Elapsed: 4e-06s (0m 00s)
     Speed:     ev/sec=0   simsec/sec=0   ev/simsec=0
     Messages:  created: 2   present: 2   in FES: 2
** Event #141828   t=468.237333345   Elapsed: 0.013138s (0m 00s)
     Speed:     ev/sec=1.07994e+07   simsec/sec=35653.5   ev/simsec=302.898
     Messages:  created: 2   present: 2   in FES: 1

<!> Simulation stopped with endSimulation() -- in module (ScheduledAccessQueue) DectScheduledAccessNetwork.queue (id=2), at t=468.237333345s, event #141828

Calling finish() at end of Run #27...

Preparing for running configuration MonetecFocusedSmallR, run #28...
Scenario: $r=1, $rho=0.050, $repetition=1
Assigned runID=MonetecFocusedSmallR-28-20260930-08:59:46-58
Setting up network "dect2020scheduledaccess.DectScheduledAccessNetwork"...
Initializing...

Running simulation...
** Event #0   t=0   Elapsed: 2.6e-05s (0m 00s)
     Speed:     ev/sec=0   simsec/sec=0   ev/simsec=0
     Messages:  created: 2   present: 2   in FES: 2
** Event #141312   t=466.995333345   Elapsed: 0.014247s (0m 00s)
     Speed:     ev/sec=9.93825e+06   simsec/sec=32843   ev/simsec=302.599
     Messages:  created: 2   present: 2   in FES: 1

<!> Simulation stopped with endSimulation() -- in module (ScheduledAccessQueue) DectScheduledAccessNetwork.queue (id=2), at t=466.995333345s, event #141312

Calling finish() at end of Run #28...

Preparing for running configuration MonetecFocusedSmallR, run #29...
Scenario: $r=1, $rho=0.050, $repetition=2
Assigned runID=MonetecFocusedSmallR-29-20260930-08:59:46-58
Setting up network "dect2020scheduledaccess.DectScheduledAccessNetwork"...
Initializing...

Running simulation...
** Event #0   t=0   Elapsed: 4e-06s (0m 00s)
     Speed:     ev/sec=0   simsec/sec=0   ev/simsec=0
     Messages:  created: 2   present: 2   in FES: 2
** Event #141716   t=467.490333345   Elapsed: 0.019006s (0m 00s)
     Speed:     ev/sec=7.45874e+06   simsec/sec=24604.7   ev/simsec=303.142
     Messages:  created: 2   present: 2   in FES: 1

<!> Simulation stopped with endSimulation() -- in module (ScheduledAccessQueue) DectScheduledAccessNetwork.queue (id=2), at t=467.490333345s, event #141716

Calling finish() at end of Run #29...

Preparing for running configuration MonetecFocusedSmallR, run #30...
Scenario: $r=1, $rho=0.055, $repetition=0
Assigned runID=MonetecFocusedSmallR-30-20260930-08:59:46-58
Setting up network "dect2020scheduledaccess.DectScheduledAccessNetwork"...
Initializing...

Running simulation...
** Event #0   t=0   Elapsed: 1.8e-05s (0m 00s)
     Speed:     ev/sec=0   simsec/sec=0   ev/simsec=0
     Messages:  created: 2   present: 2   in FES: 2
** Event #141582   t=444.198333345   Elapsed: 0.013079s (0m 00s)
     Speed:     ev/sec=1.08417e+07   simsec/sec=34014.7   ev/simsec=318.736
     Messages:  created: 2   present: 2   in FES: 1

<!> Simulation stopped with endSimulation() -- in module (ScheduledAccessQueue) DectScheduledAccessNetwork.queue (id=2), at t=444.198333345s, event #141582

Calling finish() at end of Run #30...

Preparing for running configuration MonetecFocusedSmallR, run #31...
Scenario: $r=1, $rho=0.055, $repetition=1
Assigned runID=MonetecFocusedSmallR-31-20260930-08:59:46-58
Setting up network "dect2020scheduledaccess.DectScheduledAccessNetwork"...
Initializing...

Running simulation...
** Event #0   t=0   Elapsed: 2.6e-05s (0m 00s)
     Speed:     ev/sec=0   simsec/sec=0   ev/simsec=0
     Messages:  created: 2   present: 2   in FES: 2
** Event #141053   t=442.857333345   Elapsed: 0.012944s (0m 00s)
     Speed:     ev/sec=1.09216e+07   simsec/sec=34290.1   ev/simsec=318.507
     Messages:  created: 2   present: 2   in FES: 1

<!> Simulation stopped with endSimulation() -- in module (ScheduledAccessQueue) DectScheduledAccessNetwork.queue (id=2), at t=442.857333345s, event #141053

Calling finish() at end of Run #31...

Preparing for running configuration MonetecFocusedSmallR, run #32...
Scenario: $r=1, $rho=0.055, $repetition=2
Assigned runID=MonetecFocusedSmallR-32-20260930-08:59:46-58
Setting up network "dect2020scheduledaccess.DectScheduledAccessNetwork"...
Initializing...

Running simulation...
** Event #0   t=0   Elapsed: 2.4e-05s (0m 00s)
     Speed:     ev/sec=0   simsec/sec=0   ev/simsec=0
     Messages:  created: 2   present: 2   in FES: 2
** Event #141241   t=442.821333345   Elapsed: 0.01264s (0m 00s)
     Speed:     ev/sec=1.11989e+07   simsec/sec=35111.1   ev/simsec=318.957
     Messages:  created: 2   present: 2   in FES: 1

<!> Simulation stopped with endSimulation() -- in module (ScheduledAccessQueue) DectScheduledAccessNetwork.queue (id=2), at t=442.821333345s, event #141241

Calling finish() at end of Run #32...

Preparing for running configuration MonetecFocusedSmallR, run #33...
Scenario: $r=1, $rho=0.060, $repetition=0
Assigned runID=MonetecFocusedSmallR-33-20260930-08:59:46-58
Setting up network "dect2020scheduledaccess.DectScheduledAccessNetwork"...
Initializing...

Running simulation...
** Event #0   t=0   Elapsed: 4e-06s (0m 00s)
     Speed:     ev/sec=0   simsec/sec=0   ev/simsec=0
     Messages:  created: 2   present: 2   in FES: 2
** Event #141446   t=422.742333345   Elapsed: 0.012641s (0m 00s)
     Speed:     ev/sec=1.11948e+07   simsec/sec=33458   ev/simsec=334.592
     Messages:  created: 2   present: 2   in FES: 1

<!> Simulation stopped with endSimulation() -- in module (ScheduledAccessQueue) DectScheduledAccessNetwork.queue (id=2), at t=422.742333345s, event #141446

Calling finish() at end of Run #33...

Preparing for running configuration MonetecFocusedSmallR, run #34...
Scenario: $r=1, $rho=0.060, $repetition=1
Assigned runID=MonetecFocusedSmallR-34-20260930-08:59:46-58
Setting up network "dect2020scheduledaccess.DectScheduledAccessNetwork"...
Initializing...

Running simulation...
** Event #0   t=0   Elapsed: 1.7e-05s (0m 00s)
     Speed:     ev/sec=0   simsec/sec=0   ev/simsec=0
     Messages:  created: 2   present: 2   in FES: 2
** Event #141309   t=422.832333345   Elapsed: 0.012835s (0m 00s)
     Speed:     ev/sec=1.10268e+07   simsec/sec=32995.1   ev/simsec=334.197
     Messages:  created: 2   present: 2   in FES: 1

<!> Simulation stopped with endSimulation() -- in module (ScheduledAccessQueue) DectScheduledAccessNetwork.queue (id=2), at t=422.832333345s, event #141309

Calling finish() at end of Run #34...

Preparing for running configuration MonetecFocusedSmallR, run #35...
Scenario: $r=1, $rho=0.060, $repetition=2
Assigned runID=MonetecFocusedSmallR-35-20260930-08:59:46-58
Setting up network "dect2020scheduledaccess.DectScheduledAccessNetwork"...
Initializing...

Running simulation...
** Event #0   t=0   Elapsed: 2.3e-05s (0m 00s)
     Speed:     ev/sec=0   simsec/sec=0   ev/simsec=0
     Messages:  created: 2   present: 2   in FES: 2
** Event #141730   t=423.561333345   Elapsed: 0.012719s (0m 00s)
     Speed:     ev/sec=1.11642e+07   simsec/sec=33364.4   ev/simsec=334.615
     Messages:  created: 2   present: 2   in FES: 1

<!> Simulation stopped with endSimulation() -- in module (ScheduledAccessQueue) DectScheduledAccessNetwork.queue (id=2), at t=423.561333345s, event #141730

Calling finish() at end of Run #35...

Preparing for running configuration MonetecFocusedSmallR, run #36...
Scenario: $r=1, $rho=0.065, $repetition=0
Assigned runID=MonetecFocusedSmallR-36-20260930-08:59:46-58
Setting up network "dect2020scheduledaccess.DectScheduledAccessNetwork"...
Initializing...

Running simulation...
** Event #0   t=0   Elapsed: 4e-06s (0m 00s)
     Speed:     ev/sec=0   simsec/sec=0   ev/simsec=0
     Messages:  created: 2   present: 2   in FES: 2
** Event #142349   t=407.019333345   Elapsed: 0.012891s (0m 00s)
     Speed:     ev/sec=1.10468e+07   simsec/sec=31586.1   ev/simsec=349.736
     Messages:  created: 2   present: 2   in FES: 1

<!> Simulation stopped with endSimulation() -- in module (ScheduledAccessQueue) DectScheduledAccessNetwork.queue (id=2), at t=407.019333345s, event #142349

Calling finish() at end of Run #36...

Preparing for running configuration MonetecFocusedSmallR, run #37...
Scenario: $r=1, $rho=0.065, $repetition=1
Assigned runID=MonetecFocusedSmallR-37-20260930-08:59:46-58
Setting up network "dect2020scheduledaccess.DectScheduledAccessNetwork"...
Initializing...

Running simulation...
** Event #0   t=0   Elapsed: 2.4e-05s (0m 00s)
     Speed:     ev/sec=0   simsec/sec=0   ev/simsec=0
     Messages:  created: 2   present: 2   in FES: 2
** Event #141936   t=405.768333345   Elapsed: 0.012987s (0m 00s)
     Speed:     ev/sec=1.09502e+07   simsec/sec=31304.4   ev/simsec=349.796
     Messages:  created: 2   present: 2   in FES: 1

<!> Simulation stopped with endSimulation() -- in module (ScheduledAccessQueue) DectScheduledAccessNetwork.queue (id=2), at t=405.768333345s, event #141936

Calling finish() at end of Run #37...

Preparing for running configuration MonetecFocusedSmallR, run #38...
Scenario: $r=1, $rho=0.065, $repetition=2
Assigned runID=MonetecFocusedSmallR-38-20260930-08:59:46-58
Setting up network "dect2020scheduledaccess.DectScheduledAccessNetwork"...
Initializing...

Running simulation...
** Event #0   t=0   Elapsed: 2e-05s (0m 00s)
     Speed:     ev/sec=0   simsec/sec=0   ev/simsec=0
     Messages:  created: 2   present: 2   in FES: 2
** Event #142022   t=405.642333345   Elapsed: 0.013754s (0m 00s)
     Speed:     ev/sec=1.03417e+07   simsec/sec=29537.7   ev/simsec=350.117
     Messages:  created: 2   present: 2   in FES: 1

<!> Simulation stopped with endSimulation() -- in module (ScheduledAccessQueue) DectScheduledAccessNetwork.queue (id=2), at t=405.642333345s, event #142022

Calling finish() at end of Run #38...

Preparing for running configuration MonetecFocusedSmallR, run #39...
Scenario: $r=1, $rho=0.070, $repetition=0
Assigned runID=MonetecFocusedSmallR-39-20260930-08:59:46-58
Setting up network "dect2020scheduledaccess.DectScheduledAccessNetwork"...
Initializing...

Running simulation...
** Event #0   t=0   Elapsed: 4e-06s (0m 00s)
     Speed:     ev/sec=0   simsec/sec=0   ev/simsec=0
     Messages:  created: 2   present: 2   in FES: 2
** Event #143231   t=392.448333345   Elapsed: 0.01293s (0m 00s)
     Speed:     ev/sec=1.10817e+07   simsec/sec=30363.5   ev/simsec=364.968
     Messages:  created: 2   present: 2   in FES: 1

<!> Simulation stopped with endSimulation() -- in module (ScheduledAccessQueue) DectScheduledAccessNetwork.queue (id=2), at t=392.448333345s, event #143231

Calling finish() at end of Run #39...

Preparing for running configuration MonetecFocusedSmallR, run #40...
Scenario: $r=1, $rho=0.070, $repetition=1
Assigned runID=MonetecFocusedSmallR-40-20260930-08:59:46-58
Setting up network "dect2020scheduledaccess.DectScheduledAccessNetwork"...
Initializing...

Running simulation...
** Event #0   t=0   Elapsed: 3e-06s (0m 00s)
     Speed:     ev/sec=0   simsec/sec=0   ev/simsec=0
     Messages:  created: 2   present: 2   in FES: 2
** Event #142784   t=391.458333345   Elapsed: 0.012951s (0m 00s)
     Speed:     ev/sec=1.10292e+07   simsec/sec=30237.8   ev/simsec=364.749
     Messages:  created: 2   present: 2   in FES: 1

<!> Simulation stopped with endSimulation() -- in module (ScheduledAccessQueue) DectScheduledAccessNetwork.queue (id=2), at t=391.458333345s, event #142784

Calling finish() at end of Run #40...

Preparing for running configuration MonetecFocusedSmallR, run #41...
Scenario: $r=1, $rho=0.070, $repetition=2
Assigned runID=MonetecFocusedSmallR-41-20260930-08:59:46-58
Setting up network "dect2020scheduledaccess.DectScheduledAccessNetwork"...
Initializing...

Running simulation...
** Event #0   t=0   Elapsed: 2.3e-05s (0m 00s)
     Speed:     ev/sec=0   simsec/sec=0   ev/simsec=0
     Messages:  created: 2   present: 2   in FES: 2
** Event #143196   t=392.430333345   Elapsed: 0.013501s (0m 00s)
     Speed:     ev/sec=1.06252e+07   simsec/sec=29118.5   ev/simsec=364.896
     Messages:  created: 2   present: 2   in FES: 1

<!> Simulation stopped with endSimulation() -- in module (ScheduledAccessQueue) DectScheduledAccessNetwork.queue (id=2), at t=392.430333345s, event #143196

Calling finish() at end of Run #41...

Preparing for running configuration MonetecFocusedSmallR, run #42...
Scenario: $r=1, $rho=0.075, $repetition=0
Assigned runID=MonetecFocusedSmallR-42-20260930-08:59:46-58
Setting up network "dect2020scheduledaccess.DectScheduledAccessNetwork"...
Initializing...

Running simulation...
** Event #0   t=0   Elapsed: 2.4e-05s (0m 00s)
     Speed:     ev/sec=0   simsec/sec=0   ev/simsec=0
     Messages:  created: 2   present: 2   in FES: 2
** Event #144342   t=379.785333345   Elapsed: 0.013243s (0m 00s)
     Speed:     ev/sec=1.09201e+07   simsec/sec=28732.4   ev/simsec=380.062
     Messages:  created: 2   present: 2   in FES: 1

<!> Simulation stopped with endSimulation() -- in module (ScheduledAccessQueue) DectScheduledAccessNetwork.queue (id=2), at t=379.785333345s, event #144342

Calling finish() at end of Run #42...

Preparing for running configuration MonetecFocusedSmallR, run #43...
Scenario: $r=1, $rho=0.075, $repetition=1
Assigned runID=MonetecFocusedSmallR-43-20260930-08:59:46-58
Setting up network "dect2020scheduledaccess.DectScheduledAccessNetwork"...
Initializing...

Running simulation...
** Event #0   t=0   Elapsed: 2.2e-05s (0m 00s)
     Speed:     ev/sec=0   simsec/sec=0   ev/simsec=0
     Messages:  created: 2   present: 2   in FES: 2
** Event #143961   t=379.353333345   Elapsed: 0.01326s (0m 00s)
     Speed:     ev/sec=1.08757e+07   simsec/sec=28658.5   ev/simsec=379.491
     Messages:  created: 2   present: 2   in FES: 1

<!> Simulation stopped with endSimulation() -- in module (ScheduledAccessQueue) DectScheduledAccessNetwork.queue (id=2), at t=379.353333345s, event #143961

Calling finish() at end of Run #43...

Preparing for running configuration MonetecFocusedSmallR, run #44...
Scenario: $r=1, $rho=0.075, $repetition=2
Assigned runID=MonetecFocusedSmallR-44-20260930-08:59:46-58
Setting up network "dect2020scheduledaccess.DectScheduledAccessNetwork"...
Initializing...

Running simulation...
** Event #0   t=0   Elapsed: 2.8e-05s (0m 00s)
     Speed:     ev/sec=0   simsec/sec=0   ev/simsec=0
     Messages:  created: 2   present: 2   in FES: 2
** Event #144364   t=380.271333345   Elapsed: 0.013215s (0m 00s)
     Speed:     ev/sec=1.09474e+07   simsec/sec=28836.8   ev/simsec=379.635
     Messages:  created: 2   present: 2   in FES: 1

<!> Simulation stopped with endSimulation() -- in module (ScheduledAccessQueue) DectScheduledAccessNetwork.queue (id=2), at t=380.271333345s, event #144364

Calling finish() at end of Run #44...

Preparing for running configuration MonetecFocusedSmallR, run #45...
Scenario: $r=1, $rho=0.080, $repetition=0
Assigned runID=MonetecFocusedSmallR-45-20260930-08:59:46-58
Setting up network "dect2020scheduledaccess.DectScheduledAccessNetwork"...
Initializing...

Running simulation...
** Event #0   t=0   Elapsed: 1.7e-05s (0m 00s)
     Speed:     ev/sec=0   simsec/sec=0   ev/simsec=0
     Messages:  created: 2   present: 2   in FES: 2
** Event #145730   t=369.066333345   Elapsed: 0.013548s (0m 00s)
     Speed:     ev/sec=1.07709e+07   simsec/sec=27277.6   ev/simsec=394.862
     Messages:  created: 2   present: 2   in FES: 1

<!> Simulation stopped with endSimulation() -- in module (ScheduledAccessQueue) DectScheduledAccessNetwork.queue (id=2), at t=369.066333345s, event #145730

Calling finish() at end of Run #45...

Preparing for running configuration MonetecFocusedSmallR, run #46...
Scenario: $r=1, $rho=0.080, $repetition=1
Assigned runID=MonetecFocusedSmallR-46-20260930-08:59:46-58
Setting up network "dect2020scheduledaccess.DectScheduledAccessNetwork"...
Initializing...

Running simulation...
** Event #0   t=0   Elapsed: 3e-06s (0m 00s)
     Speed:     ev/sec=0   simsec/sec=0   ev/simsec=0
     Messages:  created: 2   present: 2   in FES: 2
** Event #145630   t=369.867333345   Elapsed: 0.01368s (0m 00s)
     Speed:     ev/sec=1.06494e+07   simsec/sec=27046.9   ev/simsec=393.736
     Messages:  created: 2   present: 2   in FES: 1

<!> Simulation stopped with endSimulation() -- in module (ScheduledAccessQueue) DectScheduledAccessNetwork.queue (id=2), at t=369.867333345s, event #145630

Calling finish() at end of Run #46...

Preparing for running configuration MonetecFocusedSmallR, run #47...
Scenario: $r=1, $rho=0.080, $repetition=2
Assigned runID=MonetecFocusedSmallR-47-20260930-08:59:46-58
Setting up network "dect2020scheduledaccess.DectScheduledAccessNetwork"...
Initializing...

Running simulation...
** Event #0   t=0   Elapsed: 2.5e-05s (0m 00s)
     Speed:     ev/sec=0   simsec/sec=0   ev/simsec=0
     Messages:  created: 2   present: 2   in FES: 2
** Event #145643   t=369.543333345   Elapsed: 0.013453s (0m 00s)
     Speed:     ev/sec=1.0847e+07   simsec/sec=27522.4   ev/simsec=394.117
     Messages:  created: 2   present: 2   in FES: 1

<!> Simulation stopped with endSimulation() -- in module (ScheduledAccessQueue) DectScheduledAccessNetwork.queue (id=2), at t=369.543333345s, event #145643

Calling finish() at end of Run #47...

Preparing for running configuration MonetecFocusedSmallR, run #48...
Scenario: $r=1, $rho=0.085, $repetition=0
Assigned runID=MonetecFocusedSmallR-48-20260930-08:59:46-58
Setting up network "dect2020scheduledaccess.DectScheduledAccessNetwork"...
Initializing...

Running simulation...
** Event #0   t=0   Elapsed: 4e-06s (0m 00s)
     Speed:     ev/sec=0   simsec/sec=0   ev/simsec=0
     Messages:  created: 2   present: 2   in FES: 2
** Event #147308   t=360.066333345   Elapsed: 0.013818s (0m 00s)
     Speed:     ev/sec=1.06637e+07   simsec/sec=26065.3   ev/simsec=409.114
     Messages:  created: 2   present: 2   in FES: 1

<!> Simulation stopped with endSimulation() -- in module (ScheduledAccessQueue) DectScheduledAccessNetwork.queue (id=2), at t=360.066333345s, event #147308

Calling finish() at end of Run #48...

Preparing for running configuration MonetecFocusedSmallR, run #49...
Scenario: $r=1, $rho=0.085, $repetition=1
Assigned runID=MonetecFocusedSmallR-49-20260930-08:59:46-58
Setting up network "dect2020scheduledaccess.DectScheduledAccessNetwork"...
Initializing...

Running simulation...
** Event #0   t=0   Elapsed: 4e-06s (0m 00s)
     Speed:     ev/sec=0   simsec/sec=0   ev/simsec=0
     Messages:  created: 2   present: 2   in FES: 2
** Event #147188   t=360.930333345   Elapsed: 0.013481s (0m 00s)
     Speed:     ev/sec=1.09222e+07   simsec/sec=26783.2   ev/simsec=407.802
     Messages:  created: 2   present: 2   in FES: 1

<!> Simulation stopped with endSimulation() -- in module (ScheduledAccessQueue) DectScheduledAccessNetwork.queue (id=2), at t=360.930333345s, event #147188

Calling finish() at end of Run #49...

Preparing for running configuration MonetecFocusedSmallR, run #50...
Scenario: $r=1, $rho=0.085, $repetition=2
Assigned runID=MonetecFocusedSmallR-50-20260930-08:59:46-58
Setting up network "dect2020scheduledaccess.DectScheduledAccessNetwork"...
Initializing...

Running simulation...
** Event #0   t=0   Elapsed: 2.1e-05s (0m 00s)
     Speed:     ev/sec=0   simsec/sec=0   ev/simsec=0
     Messages:  created: 2   present: 2   in FES: 2
** Event #147218   t=360.543333345   Elapsed: 0.013988s (0m 00s)
     Speed:     ev/sec=1.05412e+07   simsec/sec=25815.8   ev/simsec=408.323
     Messages:  created: 2   present: 2   in FES: 1

<!> Simulation stopped with endSimulation() -- in module (ScheduledAccessQueue) DectScheduledAccessNetwork.queue (id=2), at t=360.543333345s, event #147218

Calling finish() at end of Run #50...

Preparing for running configuration MonetecFocusedSmallR, run #51...
Scenario: $r=1, $rho=0.090, $repetition=0
Assigned runID=MonetecFocusedSmallR-51-20260930-08:59:46-58
Setting up network "dect2020scheduledaccess.DectScheduledAccessNetwork"...
Initializing...

Running simulation...
** Event #0   t=0   Elapsed: 2.3e-05s (0m 00s)
     Speed:     ev/sec=0   simsec/sec=0   ev/simsec=0
     Messages:  created: 2   present: 2   in FES: 2
** Event #149350   t=353.019333345   Elapsed: 0.013767s (0m 00s)
     Speed:     ev/sec=1.08674e+07   simsec/sec=25687.2   ev/simsec=423.065
     Messages:  created: 2   present: 2   in FES: 1

<!> Simulation stopped with endSimulation() -- in module (ScheduledAccessQueue) DectScheduledAccessNetwork.queue (id=2), at t=353.019333345s, event #149350

Calling finish() at end of Run #51...

Preparing for running configuration MonetecFocusedSmallR, run #52...
Scenario: $r=1, $rho=0.090, $repetition=1
Assigned runID=MonetecFocusedSmallR-52-20260930-08:59:46-58
Setting up network "dect2020scheduledaccess.DectScheduledAccessNetwork"...
Initializing...

Running simulation...
** Event #0   t=0   Elapsed: 2.1e-05s (0m 00s)
     Speed:     ev/sec=0   simsec/sec=0   ev/simsec=0
     Messages:  created: 2   present: 2   in FES: 2
** Event #148951   t=352.533333345   Elapsed: 0.013887s (0m 00s)
     Speed:     ev/sec=1.07437e+07   simsec/sec=25427.9   ev/simsec=422.517
     Messages:  created: 2   present: 2   in FES: 1

<!> Simulation stopped with endSimulation() -- in module (ScheduledAccessQueue) DectScheduledAccessNetwork.queue (id=2), at t=352.533333345s, event #148951

Calling finish() at end of Run #52...

Preparing for running configuration MonetecFocusedSmallR, run #53...
Scenario: $r=1, $rho=0.090, $repetition=2
Assigned runID=MonetecFocusedSmallR-53-20260930-08:59:46-58
Setting up network "dect2020scheduledaccess.DectScheduledAccessNetwork"...
Initializing...

Running simulation...
** Event #0   t=0   Elapsed: 2.5e-05s (0m 00s)
     Speed:     ev/sec=0   simsec/sec=0   ev/simsec=0
     Messages:  created: 2   present: 2   in FES: 2
** Event #148691   t=352.065333345   Elapsed: 0.013858s (0m 00s)
     Speed:     ev/sec=1.0749e+07   simsec/sec=25451.1   ev/simsec=422.34
     Messages:  created: 2   present: 2   in FES: 1

<!> Simulation stopped with endSimulation() -- in module (ScheduledAccessQueue) DectScheduledAccessNetwork.queue (id=2), at t=352.065333345s, event #148691

Calling finish() at end of Run #53...

Preparing for running configuration MonetecFocusedSmallR, run #54...
Scenario: $r=1, $rho=0.095, $repetition=0
Assigned runID=MonetecFocusedSmallR-54-20260930-08:59:46-58
Setting up network "dect2020scheduledaccess.DectScheduledAccessNetwork"...
Initializing...

Running simulation...
** Event #0   t=0   Elapsed: 3.2e-05s (0m 00s)
     Speed:     ev/sec=0   simsec/sec=0   ev/simsec=0
     Messages:  created: 2   present: 2   in FES: 2
** Event #151333   t=346.620333345   Elapsed: 0.013924s (0m 00s)
     Speed:     ev/sec=1.08943e+07   simsec/sec=24952.8   ev/simsec=436.596
     Messages:  created: 2   present: 2   in FES: 1

<!> Simulation stopped with endSimulation() -- in module (ScheduledAccessQueue) DectScheduledAccessNetwork.queue (id=2), at t=346.620333345s, event #151333

Calling finish() at end of Run #54...

Preparing for running configuration MonetecFocusedSmallR, run #55...
Scenario: $r=1, $rho=0.095, $repetition=1
Assigned runID=MonetecFocusedSmallR-55-20260930-08:59:46-58
Setting up network "dect2020scheduledaccess.DectScheduledAccessNetwork"...
Initializing...

Running simulation...
** Event #0   t=0   Elapsed: 2.3e-05s (0m 00s)
     Speed:     ev/sec=0   simsec/sec=0   ev/simsec=0
     Messages:  created: 2   present: 2   in FES: 2
** Event #150544   t=344.874333345   Elapsed: 0.013862s (0m 00s)
     Speed:     ev/sec=1.0879e+07   simsec/sec=24922.2   ev/simsec=436.519
     Messages:  created: 2   present: 2   in FES: 1

<!> Simulation stopped with endSimulation() -- in module (ScheduledAccessQueue) DectScheduledAccessNetwork.queue (id=2), at t=344.874333345s, event #150544

Calling finish() at end of Run #55...

Preparing for running configuration MonetecFocusedSmallR, run #56...
Scenario: $r=1, $rho=0.095, $repetition=2
Assigned runID=MonetecFocusedSmallR-56-20260930-08:59:46-58
Setting up network "dect2020scheduledaccess.DectScheduledAccessNetwork"...
Initializing...

Running simulation...
** Event #0   t=0   Elapsed: 3e-06s (0m 00s)
     Speed:     ev/sec=0   simsec/sec=0   ev/simsec=0
     Messages:  created: 2   present: 2   in FES: 2
** Event #151013   t=346.584333345   Elapsed: 0.013996s (0m 00s)
     Speed:     ev/sec=1.07928e+07   simsec/sec=24770.1   ev/simsec=435.718
     Messages:  created: 2   present: 2   in FES: 1

<!> Simulation stopped with endSimulation() -- in module (ScheduledAccessQueue) DectScheduledAccessNetwork.queue (id=2), at t=346.584333345s, event #151013

Calling finish() at end of Run #56...

Preparing for running configuration MonetecFocusedSmallR, run #57...
Scenario: $r=1, $rho=0.100, $repetition=0
Assigned runID=MonetecFocusedSmallR-57-20260930-08:59:46-58
Setting up network "dect2020scheduledaccess.DectScheduledAccessNetwork"...
Initializing...

Running simulation...
** Event #0   t=0   Elapsed: 2.4e-05s (0m 00s)
     Speed:     ev/sec=0   simsec/sec=0   ev/simsec=0
     Messages:  created: 2   present: 2   in FES: 2
** Event #152901   t=339.249333345   Elapsed: 0.014256s (0m 00s)
     Speed:     ev/sec=1.07427e+07   simsec/sec=23835.4   ev/simsec=450.704
     Messages:  created: 2   present: 2   in FES: 1

<!> Simulation stopped with endSimulation() -- in module (ScheduledAccessQueue) DectScheduledAccessNetwork.queue (id=2), at t=339.249333345s, event #152901

Calling finish() at end of Run #57...

Preparing for running configuration MonetecFocusedSmallR, run #58...
Scenario: $r=1, $rho=0.100, $repetition=1
Assigned runID=MonetecFocusedSmallR-58-20260930-08:59:46-58
Setting up network "dect2020scheduledaccess.DectScheduledAccessNetwork"...
Initializing...

Running simulation...
** Event #0   t=0   Elapsed: 2.2e-05s (0m 00s)
     Speed:     ev/sec=0   simsec/sec=0   ev/simsec=0
     Messages:  created: 2   present: 2   in FES: 2
** Event #152692   t=339.402333345   Elapsed: 0.014154s (0m 00s)
     Speed:     ev/sec=1.08047e+07   simsec/sec=24016.6   ev/simsec=449.885
     Messages:  created: 2   present: 2   in FES: 1

<!> Simulation stopped with endSimulation() -- in module (ScheduledAccessQueue) DectScheduledAccessNetwork.queue (id=2), at t=339.402333345s, event #152692

Calling finish() at end of Run #58...

Preparing for running configuration MonetecFocusedSmallR, run #59...
Scenario: $r=1, $rho=0.100, $repetition=2
Assigned runID=MonetecFocusedSmallR-59-20260930-08:59:46-58
Setting up network "dect2020scheduledaccess.DectScheduledAccessNetwork"...
Initializing...

Running simulation...
** Event #0   t=0   Elapsed: 2.4e-05s (0m 00s)
     Speed:     ev/sec=0   simsec/sec=0   ev/simsec=0
     Messages:  created: 2   present: 2   in FES: 2
** Event #152672   t=339.609333345   Elapsed: 0.01425s (0m 00s)
     Speed:     ev/sec=1.07327e+07   simsec/sec=23874.1   ev/simsec=449.552
     Messages:  created: 2   present: 2   in FES: 1

<!> Simulation stopped with endSimulation() -- in module (ScheduledAccessQueue) DectScheduledAccessNetwork.queue (id=2), at t=339.609333345s, event #152672

Calling finish() at end of Run #59...

Preparing for running configuration MonetecFocusedSmallR, run #60...
Scenario: $r=1, $rho=0.105, $repetition=0
Assigned runID=MonetecFocusedSmallR-60-20260930-08:59:46-58
Setting up network "dect2020scheduledaccess.DectScheduledAccessNetwork"...
Initializing...

Running simulation...
** Event #0   t=0   Elapsed: 1.4e-05s (0m 00s)
     Speed:     ev/sec=0   simsec/sec=0   ev/simsec=0
     Messages:  created: 2   present: 2   in FES: 2
** Event #154650   t=333.066333345   Elapsed: 0.015035s (0m 00s)
     Speed:     ev/sec=1.0297e+07   simsec/sec=22176.3   ev/simsec=464.323
     Messages:  created: 2   present: 2   in FES: 1

<!> Simulation stopped with endSimulation() -- in module (ScheduledAccessQueue) DectScheduledAccessNetwork.queue (id=2), at t=333.066333345s, event #154650

Calling finish() at end of Run #60...

Preparing for running configuration MonetecFocusedSmallR, run #61...
Scenario: $r=1, $rho=0.105, $repetition=1
Assigned runID=MonetecFocusedSmallR-61-20260930-08:59:46-58
Setting up network "dect2020scheduledaccess.DectScheduledAccessNetwork"...
Initializing...

Running simulation...
** Event #0   t=0   Elapsed: 3e-05s (0m 00s)
     Speed:     ev/sec=0   simsec/sec=0   ev/simsec=0
     Messages:  created: 2   present: 2   in FES: 2
** Event #154702   t=333.741333345   Elapsed: 0.022059s (0m 00s)
     Speed:     ev/sec=7.02361e+06   simsec/sec=15152.1   ev/simsec=463.539
     Messages:  created: 2   present: 2   in FES: 1

<!> Simulation stopped with endSimulation() -- in module (ScheduledAccessQueue) DectScheduledAccessNetwork.queue (id=2), at t=333.741333345s, event #154702

Calling finish() at end of Run #61...

Preparing for running configuration MonetecFocusedSmallR, run #62...
Scenario: $r=1, $rho=0.105, $repetition=2
Assigned runID=MonetecFocusedSmallR-62-20260930-08:59:46-58
Setting up network "dect2020scheduledaccess.DectScheduledAccessNetwork"...
Initializing...

Running simulation...
** Event #0   t=0   Elapsed: 2.5e-05s (0m 00s)
     Speed:     ev/sec=0   simsec/sec=0   ev/simsec=0
     Messages:  created: 2   present: 2   in FES: 2
** Event #154424   t=333.048333345   Elapsed: 0.014618s (0m 00s)
     Speed:     ev/sec=1.05828e+07   simsec/sec=22824   ev/simsec=463.669
     Messages:  created: 2   present: 2   in FES: 1

<!> Simulation stopped with endSimulation() -- in module (ScheduledAccessQueue) DectScheduledAccessNetwork.queue (id=2), at t=333.048333345s, event #154424

Calling finish() at end of Run #62...

Preparing for running configuration MonetecFocusedSmallR, run #63...
Scenario: $r=1, $rho=0.110, $repetition=0
Assigned runID=MonetecFocusedSmallR-63-20260930-08:59:46-58
Setting up network "dect2020scheduledaccess.DectScheduledAccessNetwork"...
Initializing...

Running simulation...
** Event #0   t=0   Elapsed: 2.4e-05s (0m 00s)
     Speed:     ev/sec=0   simsec/sec=0   ev/simsec=0
     Messages:  created: 2   present: 2   in FES: 2
** Event #156940   t=328.224333345   Elapsed: 0.014747s (0m 00s)
     Speed:     ev/sec=1.06602e+07   simsec/sec=22294.8   ev/simsec=478.149
     Messages:  created: 2   present: 2   in FES: 1

<!> Simulation stopped with endSimulation() -- in module (ScheduledAccessQueue) DectScheduledAccessNetwork.queue (id=2), at t=328.224333345s, event #156940

Calling finish() at end of Run #63...

Preparing for running configuration MonetecFocusedSmallR, run #64...
Scenario: $r=1, $rho=0.110, $repetition=1
Assigned runID=MonetecFocusedSmallR-64-20260930-08:59:46-58
Setting up network "dect2020scheduledaccess.DectScheduledAccessNetwork"...
Initializing...

Running simulation...
** Event #0   t=0   Elapsed: 2e-05s (0m 00s)
     Speed:     ev/sec=0   simsec/sec=0   ev/simsec=0
     Messages:  created: 2   present: 2   in FES: 2
** Event #156624   t=328.296750011667   Elapsed: 0.014703s (0m 00s)
     Speed:     ev/sec=1.06678e+07   simsec/sec=22360.5   ev/simsec=477.081
     Messages:  created: 2   present: 2   in FES: 1

<!> Simulation stopped with endSimulation() -- in module (ScheduledAccessQueue) DectScheduledAccessNetwork.queue (id=2), at t=328.296750011667s, event #156624

Calling finish() at end of Run #64...

Preparing for running configuration MonetecFocusedSmallR, run #65...
Scenario: $r=1, $rho=0.110, $repetition=2
Assigned runID=MonetecFocusedSmallR-65-20260930-08:59:46-58
Setting up network "dect2020scheduledaccess.DectScheduledAccessNetwork"...
Initializing...

Running simulation...
** Event #0   t=0   Elapsed: 2.7e-05s (0m 00s)
     Speed:     ev/sec=0   simsec/sec=0   ev/simsec=0
     Messages:  created: 2   present: 2   in FES: 2
** Event #156970   t=329.178333345   Elapsed: 0.014604s (0m 00s)
     Speed:     ev/sec=1.07698e+07   simsec/sec=22585.1   ev/simsec=476.855
     Messages:  created: 2   present: 2   in FES: 1

<!> Simulation stopped with endSimulation() -- in module (ScheduledAccessQueue) DectScheduledAccessNetwork.queue (id=2), at t=329.178333345s, event #156970

Calling finish() at end of Run #65...

Preparing for running configuration MonetecFocusedSmallR, run #66...
Scenario: $r=1, $rho=0.115, $repetition=0
Assigned runID=MonetecFocusedSmallR-66-20260930-08:59:46-58
Setting up network "dect2020scheduledaccess.DectScheduledAccessNetwork"...
Initializing...

Running simulation...
** Event #0   t=0   Elapsed: 1.4e-05s (0m 00s)
     Speed:     ev/sec=0   simsec/sec=0   ev/simsec=0
     Messages:  created: 2   present: 2   in FES: 2
** Event #158585   t=322.302750011667   Elapsed: 0.014707s (0m 00s)
     Speed:     ev/sec=1.0794e+07   simsec/sec=21937.3   ev/simsec=492.037
     Messages:  created: 2   present: 2   in FES: 1

<!> Simulation stopped with endSimulation() -- in module (ScheduledAccessQueue) DectScheduledAccessNetwork.queue (id=2), at t=322.302750011667s, event #158585

Calling finish() at end of Run #66...

Preparing for running configuration MonetecFocusedSmallR, run #67...
Scenario: $r=1, $rho=0.115, $repetition=1
Assigned runID=MonetecFocusedSmallR-67-20260930-08:59:46-58
Setting up network "dect2020scheduledaccess.DectScheduledAccessNetwork"...
Initializing...

Running simulation...
** Event #0   t=0   Elapsed: 2.1e-05s (0m 00s)
     Speed:     ev/sec=0   simsec/sec=0   ev/simsec=0
     Messages:  created: 2   present: 2   in FES: 2
** Event #158957   t=324.201333345   Elapsed: 0.014766s (0m 00s)
     Speed:     ev/sec=1.07811e+07   simsec/sec=21988.7   ev/simsec=490.304
     Messages:  created: 2   present: 2   in FES: 1

<!> Simulation stopped with endSimulation() -- in module (ScheduledAccessQueue) DectScheduledAccessNetwork.queue (id=2), at t=324.201333345s, event #158957

Calling finish() at end of Run #67...

Preparing for running configuration MonetecFocusedSmallR, run #68...
Scenario: $r=1, $rho=0.115, $repetition=2
Assigned runID=MonetecFocusedSmallR-68-20260930-08:59:46-58
Setting up network "dect2020scheduledaccess.DectScheduledAccessNetwork"...
Initializing...

Running simulation...
** Event #0   t=0   Elapsed: 3e-06s (0m 00s)
     Speed:     ev/sec=0   simsec/sec=0   ev/simsec=0
     Messages:  created: 2   present: 2   in FES: 2
** Event #158788   t=323.706333345   Elapsed: 0.015055s (0m 00s)
     Speed:     ev/sec=1.055e+07   simsec/sec=21507.3   ev/simsec=490.532
     Messages:  created: 2   present: 2   in FES: 1

<!> Simulation stopped with endSimulation() -- in module (ScheduledAccessQueue) DectScheduledAccessNetwork.queue (id=2), at t=323.706333345s, event #158788

Calling finish() at end of Run #68...

Preparing for running configuration MonetecFocusedSmallR, run #69...
Scenario: $r=1, $rho=0.120, $repetition=0
Assigned runID=MonetecFocusedSmallR-69-20260930-08:59:46-58
Setting up network "dect2020scheduledaccess.DectScheduledAccessNetwork"...
Initializing...

Running simulation...
** Event #0   t=0   Elapsed: 3e-06s (0m 00s)
     Speed:     ev/sec=0   simsec/sec=0   ev/simsec=0
     Messages:  created: 2   present: 2   in FES: 2
** Event #161272   t=319.134333345   Elapsed: 0.015346s (0m 00s)
     Speed:     ev/sec=1.05118e+07   simsec/sec=20801.3   ev/simsec=505.343
     Messages:  created: 2   present: 2   in FES: 1

<!> Simulation stopped with endSimulation() -- in module (ScheduledAccessQueue) DectScheduledAccessNetwork.queue (id=2), at t=319.134333345s, event #161272

Calling finish() at end of Run #69...

Preparing for running configuration MonetecFocusedSmallR, run #70...
Scenario: $r=1, $rho=0.120, $repetition=1
Assigned runID=MonetecFocusedSmallR-70-20260930-08:59:46-58
Setting up network "dect2020scheduledaccess.DectScheduledAccessNetwork"...
Initializing...

Running simulation...
** Event #0   t=0   Elapsed: 3e-06s (0m 00s)
     Speed:     ev/sec=0   simsec/sec=0   ev/simsec=0
     Messages:  created: 2   present: 2   in FES: 2
** Event #161038   t=319.539333345   Elapsed: 0.015114s (0m 00s)
     Speed:     ev/sec=1.06584e+07   simsec/sec=21148.9   ev/simsec=503.97
     Messages:  created: 2   present: 2   in FES: 1

<!> Simulation stopped with endSimulation() -- in module (ScheduledAccessQueue) DectScheduledAccessNetwork.queue (id=2), at t=319.539333345s, event #161038

Calling finish() at end of Run #70...

Preparing for running configuration MonetecFocusedSmallR, run #71...
Scenario: $r=1, $rho=0.120, $repetition=2
Assigned runID=MonetecFocusedSmallR-71-20260930-08:59:46-58
Setting up network "dect2020scheduledaccess.DectScheduledAccessNetwork"...
Initializing...

Running simulation...
** Event #0   t=0   Elapsed: 3e-06s (0m 00s)
     Speed:     ev/sec=0   simsec/sec=0   ev/simsec=0
     Messages:  created: 2   present: 2   in FES: 2
** Event #161156   t=319.926333345   Elapsed: 0.015503s (0m 00s)
     Speed:     ev/sec=1.03992e+07   simsec/sec=20644.4   ev/simsec=503.729
     Messages:  created: 2   present: 2   in FES: 1

<!> Simulation stopped with endSimulation() -- in module (ScheduledAccessQueue) DectScheduledAccessNetwork.queue (id=2), at t=319.926333345s, event #161156

Calling finish() at end of Run #71...

Preparing for running configuration MonetecFocusedSmallR, run #72...
Scenario: $r=1, $rho=0.125, $repetition=0
Assigned runID=MonetecFocusedSmallR-72-20260930-08:59:46-58
Setting up network "dect2020scheduledaccess.DectScheduledAccessNetwork"...
Initializing...

Running simulation...
** Event #0   t=0   Elapsed: 4e-06s (0m 00s)
     Speed:     ev/sec=0   simsec/sec=0   ev/simsec=0
     Messages:  created: 2   present: 2   in FES: 2
** Event #163659   t=315.543333345   Elapsed: 0.015517s (0m 00s)
     Speed:     ev/sec=1.05498e+07   simsec/sec=20340.5   ev/simsec=518.658
     Messages:  created: 2   present: 2   in FES: 1

<!> Simulation stopped with endSimulation() -- in module (ScheduledAccessQueue) DectScheduledAccessNetwork.queue (id=2), at t=315.543333345s, event #163659

Calling finish() at end of Run #72...

Preparing for running configuration MonetecFocusedSmallR, run #73...
Scenario: $r=1, $rho=0.125, $repetition=1
Assigned runID=MonetecFocusedSmallR-73-20260930-08:59:46-58
Setting up network "dect2020scheduledaccess.DectScheduledAccessNetwork"...
Initializing...

Running simulation...
** Event #0   t=0   Elapsed: 2.8e-05s (0m 00s)
     Speed:     ev/sec=0   simsec/sec=0   ev/simsec=0
     Messages:  created: 2   present: 2   in FES: 2
** Event #163625   t=316.551333345   Elapsed: 0.015501s (0m 00s)
     Speed:     ev/sec=1.05762e+07   simsec/sec=20460.9   ev/simsec=516.899
     Messages:  created: 2   present: 2   in FES: 1

<!> Simulation stopped with endSimulation() -- in module (ScheduledAccessQueue) DectScheduledAccessNetwork.queue (id=2), at t=316.551333345s, event #163625

Calling finish() at end of Run #73...

Preparing for running configuration MonetecFocusedSmallR, run #74...
Scenario: $r=1, $rho=0.125, $repetition=2
Assigned runID=MonetecFocusedSmallR-74-20260930-08:59:46-58
Setting up network "dect2020scheduledaccess.DectScheduledAccessNetwork"...
Initializing...

Running simulation...
** Event #0   t=0   Elapsed: 3e-06s (0m 00s)
     Speed:     ev/sec=0   simsec/sec=0   ev/simsec=0
     Messages:  created: 2   present: 2   in FES: 2
** Event #163492   t=316.281750011667   Elapsed: 0.01558s (0m 00s)
     Speed:     ev/sec=1.04978e+07   simsec/sec=20308.3   ev/simsec=516.92
     Messages:  created: 2   present: 2   in FES: 1

<!> Simulation stopped with endSimulation() -- in module (ScheduledAccessQueue) DectScheduledAccessNetwork.queue (id=2), at t=316.281750011667s, event #163492

Calling finish() at end of Run #74...

Preparing for running configuration MonetecFocusedSmallR, run #75...
Scenario: $r=1, $rho=0.130, $repetition=0
Assigned runID=MonetecFocusedSmallR-75-20260930-08:59:46-58
Setting up network "dect2020scheduledaccess.DectScheduledAccessNetwork"...
Initializing...

Running simulation...
** Event #0   t=0   Elapsed: 2.5e-05s (0m 00s)
     Speed:     ev/sec=0   simsec/sec=0   ev/simsec=0
     Messages:  created: 2   present: 2   in FES: 2
** Event #166410   t=312.969333345   Elapsed: 0.016221s (0m 00s)
     Speed:     ev/sec=1.02767e+07   simsec/sec=19327.4   ev/simsec=531.714
     Messages:  created: 2   present: 2   in FES: 1

<!> Simulation stopped with endSimulation() -- in module (ScheduledAccessQueue) DectScheduledAccessNetwork.queue (id=2), at t=312.969333345s, event #166410

Calling finish() at end of Run #75...

Preparing for running configuration MonetecFocusedSmallR, run #76...
Scenario: $r=1, $rho=0.130, $repetition=1
Assigned runID=MonetecFocusedSmallR-76-20260930-08:59:46-58
Setting up network "dect2020scheduledaccess.DectScheduledAccessNetwork"...
Initializing...

Running simulation...
** Event #0   t=0   Elapsed: 2.6e-05s (0m 00s)
     Speed:     ev/sec=0   simsec/sec=0   ev/simsec=0
     Messages:  created: 2   present: 2   in FES: 2
** Event #165580   t=311.961333345   Elapsed: 0.015468s (0m 00s)
     Speed:     ev/sec=1.07234e+07   simsec/sec=20203.4   ev/simsec=530.772
     Messages:  created: 2   present: 2   in FES: 1

<!> Simulation stopped with endSimulation() -- in module (ScheduledAccessQueue) DectScheduledAccessNetwork.queue (id=2), at t=311.961333345s, event #165580

Calling finish() at end of Run #76...

Preparing for running configuration MonetecFocusedSmallR, run #77...
Scenario: $r=1, $rho=0.130, $repetition=2
Assigned runID=MonetecFocusedSmallR-77-20260930-08:59:47-58
Setting up network "dect2020scheduledaccess.DectScheduledAccessNetwork"...
Initializing...

Running simulation...
** Event #0   t=0   Elapsed: 4e-06s (0m 00s)
     Speed:     ev/sec=0   simsec/sec=0   ev/simsec=0
     Messages:  created: 2   present: 2   in FES: 2
** Event #165543   t=312.366333345   Elapsed: 0.015431s (0m 00s)
     Speed:     ev/sec=1.07314e+07   simsec/sec=20249.3   ev/simsec=529.965
     Messages:  created: 2   present: 2   in FES: 1

<!> Simulation stopped with endSimulation() -- in module (ScheduledAccessQueue) DectScheduledAccessNetwork.queue (id=2), at t=312.366333345s, event #165543

Calling finish() at end of Run #77...

Preparing for running configuration MonetecFocusedSmallR, run #78...
Scenario: $r=1, $rho=0.135, $repetition=0
Assigned runID=MonetecFocusedSmallR-78-20260930-08:59:47-58
Setting up network "dect2020scheduledaccess.DectScheduledAccessNetwork"...
Initializing...

Running simulation...
** Event #0   t=0   Elapsed: 3e-06s (0m 00s)
     Speed:     ev/sec=0   simsec/sec=0   ev/simsec=0
     Messages:  created: 2   present: 2   in FES: 2
** Event #168669   t=309.576333345   Elapsed: 0.015811s (0m 00s)
     Speed:     ev/sec=1.06705e+07   simsec/sec=19584.7   ev/simsec=544.839
     Messages:  created: 2   present: 2   in FES: 1

<!> Simulation stopped with endSimulation() -- in module (ScheduledAccessQueue) DectScheduledAccessNetwork.queue (id=2), at t=309.576333345s, event #168669

Calling finish() at end of Run #78...

Preparing for running configuration MonetecFocusedSmallR, run #79...
Scenario: $r=1, $rho=0.135, $repetition=1
Assigned runID=MonetecFocusedSmallR-79-20260930-08:59:47-58
Setting up network "dect2020scheduledaccess.DectScheduledAccessNetwork"...
Initializing...

Running simulation...
** Event #0   t=0   Elapsed: 2.9e-05s (0m 00s)
     Speed:     ev/sec=0   simsec/sec=0   ev/simsec=0
     Messages:  created: 2   present: 2   in FES: 2
** Event #168498   t=309.954333345   Elapsed: 0.01581s (0m 00s)
     Speed:     ev/sec=1.06779e+07   simsec/sec=19642.2   ev/simsec=543.623
     Messages:  created: 2   present: 2   in FES: 1

<!> Simulation stopped with endSimulation() -- in module (ScheduledAccessQueue) DectScheduledAccessNetwork.queue (id=2), at t=309.954333345s, event #168498

Calling finish() at end of Run #79...

Preparing for running configuration MonetecFocusedSmallR, run #80...
Scenario: $r=1, $rho=0.135, $repetition=2
Assigned runID=MonetecFocusedSmallR-80-20260930-08:59:47-58
Setting up network "dect2020scheduledaccess.DectScheduledAccessNetwork"...
Initializing...

Running simulation...
** Event #0   t=0   Elapsed: 4e-06s (0m 00s)
     Speed:     ev/sec=0   simsec/sec=0   ev/simsec=0
     Messages:  created: 2   present: 2   in FES: 2
** Event #167907   t=309.270750011667   Elapsed: 0.015913s (0m 00s)
     Speed:     ev/sec=1.05569e+07   simsec/sec=19444.8   ev/simsec=542.913
     Messages:  created: 2   present: 2   in FES: 1

<!> Simulation stopped with endSimulation() -- in module (ScheduledAccessQueue) DectScheduledAccessNetwork.queue (id=2), at t=309.270750011667s, event #167907

Calling finish() at end of Run #80...

Preparing for running configuration MonetecFocusedSmallR, run #81...
Scenario: $r=1, $rho=0.140, $repetition=0
Assigned runID=MonetecFocusedSmallR-81-20260930-08:59:47-58
Setting up network "dect2020scheduledaccess.DectScheduledAccessNetwork"...
Initializing...

Running simulation...
** Event #0   t=0   Elapsed: 2.6e-05s (0m 00s)
     Speed:     ev/sec=0   simsec/sec=0   ev/simsec=0
     Messages:  created: 2   present: 2   in FES: 2
** Event #170755   t=306.174333345   Elapsed: 0.017182s (0m 00s)
     Speed:     ev/sec=9.95366e+06   simsec/sec=17847.5   ev/simsec=557.706
     Messages:  created: 2   present: 2   in FES: 1

<!> Simulation stopped with endSimulation() -- in module (ScheduledAccessQueue) DectScheduledAccessNetwork.queue (id=2), at t=306.174333345s, event #170755

Calling finish() at end of Run #81...

Preparing for running configuration MonetecFocusedSmallR, run #82...
Scenario: $r=1, $rho=0.140, $repetition=1
Assigned runID=MonetecFocusedSmallR-82-20260930-08:59:47-58
Setting up network "dect2020scheduledaccess.DectScheduledAccessNetwork"...
Initializing...

Running simulation...
** Event #0   t=0   Elapsed: 6e-06s (0m 00s)
     Speed:     ev/sec=0   simsec/sec=0   ev/simsec=0
     Messages:  created: 2   present: 2   in FES: 2
** Event #170544   t=306.300333345   Elapsed: 0.016614s (0m 00s)
     Speed:     ev/sec=1.02706e+07   simsec/sec=18446.2   ev/simsec=556.788
     Messages:  created: 2   present: 2   in FES: 1

<!> Simulation stopped with endSimulation() -- in module (ScheduledAccessQueue) DectScheduledAccessNetwork.queue (id=2), at t=306.300333345s, event #170544

Calling finish() at end of Run #82...

Preparing for running configuration MonetecFocusedSmallR, run #83...
Scenario: $r=1, $rho=0.140, $repetition=2
Assigned runID=MonetecFocusedSmallR-83-20260930-08:59:47-58
Setting up network "dect2020scheduledaccess.DectScheduledAccessNetwork"...
Initializing...

Running simulation...
** Event #0   t=0   Elapsed: 3e-06s (0m 00s)
     Speed:     ev/sec=0   simsec/sec=0   ev/simsec=0
     Messages:  created: 2   present: 2   in FES: 2
** Event #170506   t=306.759333345   Elapsed: 0.016217s (0m 00s)
     Speed:     ev/sec=1.05179e+07   simsec/sec=18922.9   ev/simsec=555.831
     Messages:  created: 2   present: 2   in FES: 1

<!> Simulation stopped with endSimulation() -- in module (ScheduledAccessQueue) DectScheduledAccessNetwork.queue (id=2), at t=306.759333345s, event #170506

Calling finish() at end of Run #83...

Preparing for running configuration MonetecFocusedSmallR, run #84...
Scenario: $r=1, $rho=0.145, $repetition=0
Assigned runID=MonetecFocusedSmallR-84-20260930-08:59:47-58
Setting up network "dect2020scheduledaccess.DectScheduledAccessNetwork"...
Initializing...

Running simulation...
** Event #0   t=0   Elapsed: 5e-06s (0m 00s)
     Speed:     ev/sec=0   simsec/sec=0   ev/simsec=0
     Messages:  created: 2   present: 2   in FES: 2
** Event #173630   t=304.554333345   Elapsed: 0.016364s (0m 00s)
     Speed:     ev/sec=1.06144e+07   simsec/sec=18618   ev/simsec=570.113
     Messages:  created: 2   present: 2   in FES: 1

<!> Simulation stopped with endSimulation() -- in module (ScheduledAccessQueue) DectScheduledAccessNetwork.queue (id=2), at t=304.554333345s, event #173630

Calling finish() at end of Run #84...

Preparing for running configuration MonetecFocusedSmallR, run #85...
Scenario: $r=1, $rho=0.145, $repetition=1
Assigned runID=MonetecFocusedSmallR-85-20260930-08:59:47-58
Setting up network "dect2020scheduledaccess.DectScheduledAccessNetwork"...
Initializing...

Running simulation...
** Event #0   t=0   Elapsed: 4e-06s (0m 00s)
     Speed:     ev/sec=0   simsec/sec=0   ev/simsec=0
     Messages:  created: 2   present: 2   in FES: 2
** Event #173250   t=304.158333345   Elapsed: 0.016202s (0m 00s)
     Speed:     ev/sec=1.06958e+07   simsec/sec=18777.5   ev/simsec=569.605
     Messages:  created: 2   present: 2   in FES: 1

<!> Simulation stopped with endSimulation() -- in module (ScheduledAccessQueue) DectScheduledAccessNetwork.queue (id=2), at t=304.158333345s, event #173250

Calling finish() at end of Run #85...

Preparing for running configuration MonetecFocusedSmallR, run #86...
Scenario: $r=1, $rho=0.145, $repetition=2
Assigned runID=MonetecFocusedSmallR-86-20260930-08:59:47-58
Setting up network "dect2020scheduledaccess.DectScheduledAccessNetwork"...
Initializing...

Running simulation...
** Event #0   t=0   Elapsed: 4e-06s (0m 00s)
     Speed:     ev/sec=0   simsec/sec=0   ev/simsec=0
     Messages:  created: 2   present: 2   in FES: 2
** Event #172879   t=304.050750011667   Elapsed: 0.016307s (0m 00s)
     Speed:     ev/sec=1.06054e+07   simsec/sec=18652.3   ev/simsec=568.587
     Messages:  created: 2   present: 2   in FES: 1

<!> Simulation stopped with endSimulation() -- in module (ScheduledAccessQueue) DectScheduledAccessNetwork.queue (id=2), at t=304.050750011667s, event #172879

Calling finish() at end of Run #86...

Preparing for running configuration MonetecFocusedSmallR, run #87...
Scenario: $r=1, $rho=0.150, $repetition=0
Assigned runID=MonetecFocusedSmallR-87-20260930-08:59:47-58
Setting up network "dect2020scheduledaccess.DectScheduledAccessNetwork"...
Initializing...

Running simulation...
** Event #0   t=0   Elapsed: 2.6e-05s (0m 00s)
     Speed:     ev/sec=0   simsec/sec=0   ev/simsec=0
     Messages:  created: 2   present: 2   in FES: 2
** Event #176236   t=302.106750011667   Elapsed: 0.016783s (0m 00s)
     Speed:     ev/sec=1.05184e+07   simsec/sec=18030.8   ev/simsec=583.358
     Messages:  created: 2   present: 2   in FES: 1

<!> Simulation stopped with endSimulation() -- in module (ScheduledAccessQueue) DectScheduledAccessNetwork.queue (id=2), at t=302.106750011667s, event #176236

Calling finish() at end of Run #87...

Preparing for running configuration MonetecFocusedSmallR, run #88...
Scenario: $r=1, $rho=0.150, $repetition=1
Assigned runID=MonetecFocusedSmallR-88-20260930-08:59:47-58
Setting up network "dect2020scheduledaccess.DectScheduledAccessNetwork"...
Initializing...

Running simulation...
** Event #0   t=0   Elapsed: 2.4e-05s (0m 00s)
     Speed:     ev/sec=0   simsec/sec=0   ev/simsec=0
     Messages:  created: 2   present: 2   in FES: 2
** Event #176183   t=302.421333345   Elapsed: 0.016978s (0m 00s)
     Speed:     ev/sec=1.03943e+07   simsec/sec=17841.9   ev/simsec=582.575
     Messages:  created: 2   present: 2   in FES: 1

<!> Simulation stopped with endSimulation() -- in module (ScheduledAccessQueue) DectScheduledAccessNetwork.queue (id=2), at t=302.421333345s, event #176183

Calling finish() at end of Run #88...

Preparing for running configuration MonetecFocusedSmallR, run #89...
Scenario: $r=1, $rho=0.150, $repetition=2
Assigned runID=MonetecFocusedSmallR-89-20260930-08:59:47-58
Setting up network "dect2020scheduledaccess.DectScheduledAccessNetwork"...
Initializing...

Running simulation...
** Event #0   t=0   Elapsed: 4e-06s (0m 00s)
     Speed:     ev/sec=0   simsec/sec=0   ev/simsec=0
     Messages:  created: 2   present: 2   in FES: 2
** Event #175745   t=302.466333345   Elapsed: 0.016614s (0m 00s)
     Speed:     ev/sec=1.05819e+07   simsec/sec=18212.1   ev/simsec=581.041
     Messages:  created: 2   present: 2   in FES: 1

<!> Simulation stopped with endSimulation() -- in module (ScheduledAccessQueue) DectScheduledAccessNetwork.queue (id=2), at t=302.466333345s, event #175745

Calling finish() at end of Run #89...

Preparing for running configuration MonetecFocusedSmallR, run #90...
Scenario: $r=1, $rho=0.155, $repetition=0
Assigned runID=MonetecFocusedSmallR-90-20260930-08:59:47-58
Setting up network "dect2020scheduledaccess.DectScheduledAccessNetwork"...
Initializing...

Running simulation...
** Event #0   t=0   Elapsed: 2.5e-05s (0m 00s)
     Speed:     ev/sec=0   simsec/sec=0   ev/simsec=0
     Messages:  created: 2   present: 2   in FES: 2
** Event #178298   t=298.794750011667   Elapsed: 0.017012s (0m 00s)
     Speed:     ev/sec=1.0498e+07   simsec/sec=17592.7   ev/simsec=596.725
     Messages:  created: 2   present: 2   in FES: 1

<!> Simulation stopped with endSimulation() -- in module (ScheduledAccessQueue) DectScheduledAccessNetwork.queue (id=2), at t=298.794750011667s, event #178298

Calling finish() at end of Run #90...

Preparing for running configuration MonetecFocusedSmallR, run #91...
Scenario: $r=1, $rho=0.155, $repetition=1
Assigned runID=MonetecFocusedSmallR-91-20260930-08:59:47-58
Setting up network "dect2020scheduledaccess.DectScheduledAccessNetwork"...
Initializing...

Running simulation...
** Event #0   t=0   Elapsed: 2.6e-05s (0m 00s)
     Speed:     ev/sec=0   simsec/sec=0   ev/simsec=0
     Messages:  created: 2   present: 2   in FES: 2
** Event #178517   t=299.631333345   Elapsed: 0.016952s (0m 00s)
     Speed:     ev/sec=1.05482e+07   simsec/sec=17704.5   ev/simsec=595.79
     Messages:  created: 2   present: 2   in FES: 1

<!> Simulation stopped with endSimulation() -- in module (ScheduledAccessQueue) DectScheduledAccessNetwork.queue (id=2), at t=299.631333345s, event #178517

Calling finish() at end of Run #91...

Preparing for running configuration MonetecFocusedSmallR, run #92...
Scenario: $r=1, $rho=0.155, $repetition=2
Assigned runID=MonetecFocusedSmallR-92-20260930-08:59:47-58
Setting up network "dect2020scheduledaccess.DectScheduledAccessNetwork"...
Initializing...

Running simulation...
** Event #0   t=0   Elapsed: 2.8e-05s (0m 00s)
     Speed:     ev/sec=0   simsec/sec=0   ev/simsec=0
     Messages:  created: 2   present: 2   in FES: 2
** Event #178006   t=299.568333345   Elapsed: 0.016817s (0m 00s)
     Speed:     ev/sec=1.06032e+07   simsec/sec=17844.2   ev/simsec=594.209
     Messages:  created: 2   present: 2   in FES: 1

<!> Simulation stopped with endSimulation() -- in module (ScheduledAccessQueue) DectScheduledAccessNetwork.queue (id=2), at t=299.568333345s, event #178006

Calling finish() at end of Run #92...

Preparing for running configuration MonetecFocusedSmallR, run #93...
Scenario: $r=1, $rho=0.160, $repetition=0
Assigned runID=MonetecFocusedSmallR-93-20260930-08:59:47-58
Setting up network "dect2020scheduledaccess.DectScheduledAccessNetwork"...
Initializing...

Running simulation...
** Event #0   t=0   Elapsed: 2.4e-05s (0m 00s)
     Speed:     ev/sec=0   simsec/sec=0   ev/simsec=0
     Messages:  created: 2   present: 2   in FES: 2
** Event #181350   t=297.660333345   Elapsed: 0.017523s (0m 00s)
     Speed:     ev/sec=1.0364e+07   simsec/sec=17011.1   ev/simsec=609.252
     Messages:  created: 2   present: 2   in FES: 1

<!> Simulation stopped with endSimulation() -- in module (ScheduledAccessQueue) DectScheduledAccessNetwork.queue (id=2), at t=297.660333345s, event #181350

Calling finish() at end of Run #93...

Preparing for running configuration MonetecFocusedSmallR, run #94...
Scenario: $r=1, $rho=0.160, $repetition=1
Assigned runID=MonetecFocusedSmallR-94-20260930-08:59:47-58
Setting up network "dect2020scheduledaccess.DectScheduledAccessNetwork"...
Initializing...

Running simulation...
** Event #0   t=0   Elapsed: 4e-06s (0m 00s)
     Speed:     ev/sec=0   simsec/sec=0   ev/simsec=0
     Messages:  created: 2   present: 2   in FES: 2
** Event #180806   t=296.985333345   Elapsed: 0.017017s (0m 00s)
     Speed:     ev/sec=1.06294e+07   simsec/sec=17459.4   ev/simsec=608.805
     Messages:  created: 2   present: 2   in FES: 1

<!> Simulation stopped with endSimulation() -- in module (ScheduledAccessQueue) DectScheduledAccessNetwork.queue (id=2), at t=296.985333345s, event #180806

Calling finish() at end of Run #94...

Preparing for running configuration MonetecFocusedSmallR, run #95...
Scenario: $r=1, $rho=0.160, $repetition=2
Assigned runID=MonetecFocusedSmallR-95-20260930-08:59:47-58
Setting up network "dect2020scheduledaccess.DectScheduledAccessNetwork"...
Initializing...

Running simulation...
** Event #0   t=0   Elapsed: 3e-06s (0m 00s)
     Speed:     ev/sec=0   simsec/sec=0   ev/simsec=0
     Messages:  created: 2   present: 2   in FES: 2
** Event #180911   t=298.065750011667   Elapsed: 0.01707s (0m 00s)
     Speed:     ev/sec=1.06013e+07   simsec/sec=17466.5   ev/simsec=606.951
     Messages:  created: 2   present: 2   in FES: 1

<!> Simulation stopped with endSimulation() -- in module (ScheduledAccessQueue) DectScheduledAccessNetwork.queue (id=2), at t=298.065750011667s, event #180911

Calling finish() at end of Run #95...

Preparing for running configuration MonetecFocusedSmallR, run #96...
Scenario: $r=1, $rho=0.165, $repetition=0
Assigned runID=MonetecFocusedSmallR-96-20260930-08:59:47-58
Setting up network "dect2020scheduledaccess.DectScheduledAccessNetwork"...
Initializing...

Running simulation...
** Event #0   t=0   Elapsed: 1.6e-05s (0m 00s)
     Speed:     ev/sec=0   simsec/sec=0   ev/simsec=0
     Messages:  created: 2   present: 2   in FES: 2
** Event #184154   t=295.986750011667   Elapsed: 0.017429s (0m 00s)
     Speed:     ev/sec=1.05763e+07   simsec/sec=16999   ev/simsec=622.171
     Messages:  created: 2   present: 2   in FES: 1

<!> Simulation stopped with endSimulation() -- in module (ScheduledAccessQueue) DectScheduledAccessNetwork.queue (id=2), at t=295.986750011667s, event #184154

Calling finish() at end of Run #96...

Preparing for running configuration MonetecFocusedSmallR, run #97...
Scenario: $r=1, $rho=0.165, $repetition=1
Assigned runID=MonetecFocusedSmallR-97-20260930-08:59:47-58
Setting up network "dect2020scheduledaccess.DectScheduledAccessNetwork"...
Initializing...

Running simulation...
** Event #0   t=0   Elapsed: 2e-05s (0m 00s)
     Speed:     ev/sec=0   simsec/sec=0   ev/simsec=0
     Messages:  created: 2   present: 2   in FES: 2
** Event #183630   t=295.509333345   Elapsed: 0.017453s (0m 00s)
     Speed:     ev/sec=1.05347e+07   simsec/sec=16953.1   ev/simsec=621.403
     Messages:  created: 2   present: 2   in FES: 1

<!> Simulation stopped with endSimulation() -- in module (ScheduledAccessQueue) DectScheduledAccessNetwork.queue (id=2), at t=295.509333345s, event #183630

Calling finish() at end of Run #97...

Preparing for running configuration MonetecFocusedSmallR, run #98...
Scenario: $r=1, $rho=0.165, $repetition=2
Assigned runID=MonetecFocusedSmallR-98-20260930-08:59:47-58
Setting up network "dect2020scheduledaccess.DectScheduledAccessNetwork"...
Initializing...

Running simulation...
** Event #0   t=0   Elapsed: 2.6e-05s (0m 00s)
     Speed:     ev/sec=0   simsec/sec=0   ev/simsec=0
     Messages:  created: 2   present: 2   in FES: 2
** Event #183526   t=296.004333345   Elapsed: 0.017535s (0m 00s)
     Speed:     ev/sec=1.04842e+07   simsec/sec=16909.7   ev/simsec=620.012
     Messages:  created: 2   present: 2   in FES: 1

<!> Simulation stopped with endSimulation() -- in module (ScheduledAccessQueue) DectScheduledAccessNetwork.queue (id=2), at t=296.004333345s, event #183526

Calling finish() at end of Run #98...

Preparing for running configuration MonetecFocusedSmallR, run #99...
Scenario: $r=1, $rho=0.170, $repetition=0
Assigned runID=MonetecFocusedSmallR-99-20260930-08:59:47-58
Setting up network "dect2020scheduledaccess.DectScheduledAccessNetwork"...
Initializing...

Running simulation...
** Event #0   t=0   Elapsed: 5e-06s (0m 00s)
     Speed:     ev/sec=0   simsec/sec=0   ev/simsec=0
     Messages:  created: 2   present: 2   in FES: 2
** Event #186955   t=294.465333345   Elapsed: 0.017685s (0m 00s)
     Speed:     ev/sec=1.0575e+07   simsec/sec=16656.2   ev/simsec=634.897
     Messages:  created: 2   present: 2   in FES: 1

<!> Simulation stopped with endSimulation() -- in module (ScheduledAccessQueue) DectScheduledAccessNetwork.queue (id=2), at t=294.465333345s, event #186955

Calling finish() at end of Run #99...

Preparing for running configuration MonetecFocusedSmallR, run #100...
Scenario: $r=1, $rho=0.170, $repetition=1
Assigned runID=MonetecFocusedSmallR-100-20260930-08:59:47-58
Setting up network "dect2020scheduledaccess.DectScheduledAccessNetwork"...
Initializing...

Running simulation...
** Event #0   t=0   Elapsed: 4e-06s (0m 00s)
     Speed:     ev/sec=0   simsec/sec=0   ev/simsec=0
     Messages:  created: 2   present: 2   in FES: 2
** Event #186487   t=294.141333345   Elapsed: 0.017638s (0m 00s)
     Speed:     ev/sec=1.05772e+07   simsec/sec=16683.2   ev/simsec=634.006
     Messages:  created: 2   present: 2   in FES: 1

<!> Simulation stopped with endSimulation() -- in module (ScheduledAccessQueue) DectScheduledAccessNetwork.queue (id=2), at t=294.141333345s, event #186487

Calling finish() at end of Run #100...

Preparing for running configuration MonetecFocusedSmallR, run #101...
Scenario: $r=1, $rho=0.170, $repetition=2
Assigned runID=MonetecFocusedSmallR-101-20260930-08:59:47-58
Setting up network "dect2020scheduledaccess.DectScheduledAccessNetwork"...
Initializing...

Running simulation...
** Event #0   t=0   Elapsed: 4e-06s (0m 00s)
     Speed:     ev/sec=0   simsec/sec=0   ev/simsec=0
     Messages:  created: 2   present: 2   in FES: 2
** Event #185893   t=293.583333345   Elapsed: 0.017613s (0m 00s)
     Speed:     ev/sec=1.05585e+07   simsec/sec=16675.2   ev/simsec=633.187
     Messages:  created: 2   present: 2   in FES: 1

<!> Simulation stopped with endSimulation() -- in module (ScheduledAccessQueue) DectScheduledAccessNetwork.queue (id=2), at t=293.583333345s, event #185893

Calling finish() at end of Run #101...

Preparing for running configuration MonetecFocusedSmallR, run #102...
Scenario: $r=1, $rho=0.175, $repetition=0
Assigned runID=MonetecFocusedSmallR-102-20260930-08:59:47-58
Setting up network "dect2020scheduledaccess.DectScheduledAccessNetwork"...
Initializing...

Running simulation...
** Event #0   t=0   Elapsed: 4.4e-05s (0m 00s)
     Speed:     ev/sec=0   simsec/sec=0   ev/simsec=0
     Messages:  created: 2   present: 2   in FES: 2
** Event #188883   t=291.405333345   Elapsed: 0.018217s (0m 00s)
     Speed:     ev/sec=1.03953e+07   simsec/sec=16037.7   ev/simsec=648.181
     Messages:  created: 2   present: 2   in FES: 1

<!> Simulation stopped with endSimulation() -- in module (ScheduledAccessQueue) DectScheduledAccessNetwork.queue (id=2), at t=291.405333345s, event #188883

Calling finish() at end of Run #102...

Preparing for running configuration MonetecFocusedSmallR, run #103...
Scenario: $r=1, $rho=0.175, $repetition=1
Assigned runID=MonetecFocusedSmallR-103-20260930-08:59:47-58
Setting up network "dect2020scheduledaccess.DectScheduledAccessNetwork"...
Initializing...

Running simulation...
** Event #0   t=0   Elapsed: 3e-06s (0m 00s)
     Speed:     ev/sec=0   simsec/sec=0   ev/simsec=0
     Messages:  created: 2   present: 2   in FES: 2
** Event #188616   t=291.450333345   Elapsed: 0.01808s (0m 00s)
     Speed:     ev/sec=1.04358e+07   simsec/sec=16125.4   ev/simsec=647.164
     Messages:  created: 2   present: 2   in FES: 1

<!> Simulation stopped with endSimulation() -- in module (ScheduledAccessQueue) DectScheduledAccessNetwork.queue (id=2), at t=291.450333345s, event #188616

Calling finish() at end of Run #103...

Preparing for running configuration MonetecFocusedSmallR, run #104...
Scenario: $r=1, $rho=0.175, $repetition=2
Assigned runID=MonetecFocusedSmallR-104-20260930-08:59:47-58
Setting up network "dect2020scheduledaccess.DectScheduledAccessNetwork"...
Initializing...

Running simulation...
** Event #0   t=0   Elapsed: 3e-06s (0m 00s)
     Speed:     ev/sec=0   simsec/sec=0   ev/simsec=0
     Messages:  created: 2   present: 2   in FES: 2
** Event #188478   t=291.864750011667   Elapsed: 0.017939s (0m 00s)
     Speed:     ev/sec=1.05095e+07   simsec/sec=16274.4   ev/simsec=645.773
     Messages:  created: 2   present: 2   in FES: 1

<!> Simulation stopped with endSimulation() -- in module (ScheduledAccessQueue) DectScheduledAccessNetwork.queue (id=2), at t=291.864750011667s, event #188478

Calling finish() at end of Run #104...

Preparing for running configuration MonetecFocusedSmallR, run #105...
Scenario: $r=1, $rho=0.180, $repetition=0
Assigned runID=MonetecFocusedSmallR-105-20260930-08:59:47-58
Setting up network "dect2020scheduledaccess.DectScheduledAccessNetwork"...
Initializing...

Running simulation...
** Event #0   t=0   Elapsed: 4e-06s (0m 00s)
     Speed:     ev/sec=0   simsec/sec=0   ev/simsec=0
     Messages:  created: 2   present: 2   in FES: 2
** Event #191229   t=289.308333345   Elapsed: 0.018669s (0m 00s)
     Speed:     ev/sec=1.0247e+07   simsec/sec=15502.5   ev/simsec=660.987
     Messages:  created: 2   present: 2   in FES: 1

<!> Simulation stopped with endSimulation() -- in module (ScheduledAccessQueue) DectScheduledAccessNetwork.queue (id=2), at t=289.308333345s, event #191229

Calling finish() at end of Run #105...

Preparing for running configuration MonetecFocusedSmallR, run #106...
Scenario: $r=1, $rho=0.180, $repetition=1
Assigned runID=MonetecFocusedSmallR-106-20260930-08:59:47-58
Setting up network "dect2020scheduledaccess.DectScheduledAccessNetwork"...
Initializing...

Running simulation...
** Event #0   t=0   Elapsed: 3e-05s (0m 00s)
     Speed:     ev/sec=0   simsec/sec=0   ev/simsec=0
     Messages:  created: 2   present: 2   in FES: 2
** Event #191895   t=290.955333345   Elapsed: 0.018322s (0m 00s)
     Speed:     ev/sec=1.04924e+07   simsec/sec=15908.7   ev/simsec=659.535
     Messages:  created: 2   present: 2   in FES: 1

<!> Simulation stopped with endSimulation() -- in module (ScheduledAccessQueue) DectScheduledAccessNetwork.queue (id=2), at t=290.955333345s, event #191895

Calling finish() at end of Run #106...

Preparing for running configuration MonetecFocusedSmallR, run #107...
Scenario: $r=1, $rho=0.180, $repetition=2
Assigned runID=MonetecFocusedSmallR-107-20260930-08:59:47-58
Setting up network "dect2020scheduledaccess.DectScheduledAccessNetwork"...
Initializing...

Running simulation...
** Event #0   t=0   Elapsed: 4e-06s (0m 00s)
     Speed:     ev/sec=0   simsec/sec=0   ev/simsec=0
     Messages:  created: 2   present: 2   in FES: 2
** Event #191019   t=290.127333345   Elapsed: 0.018269s (0m 00s)
     Speed:     ev/sec=1.04599e+07   simsec/sec=15886.9   ev/simsec=658.398
     Messages:  created: 2   present: 2   in FES: 1

<!> Simulation stopped with endSimulation() -- in module (ScheduledAccessQueue) DectScheduledAccessNetwork.queue (id=2), at t=290.127333345s, event #191019

Calling finish() at end of Run #107...

Preparing for running configuration MonetecFocusedSmallR, run #108...
Scenario: $r=1, $rho=0.185, $repetition=0
Assigned runID=MonetecFocusedSmallR-108-20260930-08:59:47-58
Setting up network "dect2020scheduledaccess.DectScheduledAccessNetwork"...
Initializing...

Running simulation...
** Event #0   t=0   Elapsed: 3.1e-05s (0m 00s)
     Speed:     ev/sec=0   simsec/sec=0   ev/simsec=0
     Messages:  created: 2   present: 2   in FES: 2
** Event #194603   t=289.146333345   Elapsed: 0.018487s (0m 00s)
     Speed:     ev/sec=1.05453e+07   simsec/sec=15668.5   ev/simsec=673.027
     Messages:  created: 2   present: 2   in FES: 1

<!> Simulation stopped with endSimulation() -- in module (ScheduledAccessQueue) DectScheduledAccessNetwork.queue (id=2), at t=289.146333345s, event #194603

Calling finish() at end of Run #108...

Preparing for running configuration MonetecFocusedSmallR, run #109...
Scenario: $r=1, $rho=0.185, $repetition=1
Assigned runID=MonetecFocusedSmallR-109-20260930-08:59:47-58
Setting up network "dect2020scheduledaccess.DectScheduledAccessNetwork"...
Initializing...

Running simulation...
** Event #0   t=0   Elapsed: 4e-06s (0m 00s)
     Speed:     ev/sec=0   simsec/sec=0   ev/simsec=0
     Messages:  created: 2   present: 2   in FES: 2
** Event #193949   t=288.534333345   Elapsed: 0.018565s (0m 00s)
     Speed:     ev/sec=1.0451e+07   simsec/sec=15547.7   ev/simsec=672.188
     Messages:  created: 2   present: 2   in FES: 1

<!> Simulation stopped with endSimulation() -- in module (ScheduledAccessQueue) DectScheduledAccessNetwork.queue (id=2), at t=288.534333345s, event #193949

Calling finish() at end of Run #109...

Preparing for running configuration MonetecFocusedSmallR, run #110...
Scenario: $r=1, $rho=0.185, $repetition=2
Assigned runID=MonetecFocusedSmallR-110-20260930-08:59:47-58
Setting up network "dect2020scheduledaccess.DectScheduledAccessNetwork"...
Initializing...

Running simulation...
** Event #0   t=0   Elapsed: 1.3e-05s (0m 00s)
     Speed:     ev/sec=0   simsec/sec=0   ev/simsec=0
     Messages:  created: 2   present: 2   in FES: 2
** Event #194038   t=289.326750011667   Elapsed: 0.019075s (0m 00s)
     Speed:     ev/sec=1.01809e+07   simsec/sec=15180.6   ev/simsec=670.654
     Messages:  created: 2   present: 2   in FES: 1

<!> Simulation stopped with endSimulation() -- in module (ScheduledAccessQueue) DectScheduledAccessNetwork.queue (id=2), at t=289.326750011667s, event #194038

Calling finish() at end of Run #110...

Preparing for running configuration MonetecFocusedSmallR, run #111...
Scenario: $r=1, $rho=0.190, $repetition=0
Assigned runID=MonetecFocusedSmallR-111-20260930-08:59:47-58
Setting up network "dect2020scheduledaccess.DectScheduledAccessNetwork"...
Initializing...

Running simulation...
** Event #0   t=0   Elapsed: 4e-06s (0m 00s)
     Speed:     ev/sec=0   simsec/sec=0   ev/simsec=0
     Messages:  created: 2   present: 2   in FES: 2
** Event #196505   t=286.347750011667   Elapsed: 0.018952s (0m 00s)
     Speed:     ev/sec=1.03713e+07   simsec/sec=15113.1   ev/simsec=686.247
     Messages:  created: 2   present: 2   in FES: 1

<!> Simulation stopped with endSimulation() -- in module (ScheduledAccessQueue) DectScheduledAccessNetwork.queue (id=2), at t=286.347750011667s, event #196505

Calling finish() at end of Run #111...

Preparing for running configuration MonetecFocusedSmallR, run #112...
Scenario: $r=1, $rho=0.190, $repetition=1
Assigned runID=MonetecFocusedSmallR-112-20260930-08:59:47-58
Setting up network "dect2020scheduledaccess.DectScheduledAccessNetwork"...
Initializing...

Running simulation...
** Event #0   t=0   Elapsed: 3e-06s (0m 00s)
     Speed:     ev/sec=0   simsec/sec=0   ev/simsec=0
     Messages:  created: 2   present: 2   in FES: 2
** Event #197097   t=288.012333345   Elapsed: 0.01888s (0m 00s)
     Speed:     ev/sec=1.04422e+07   simsec/sec=15258.9   ev/simsec=684.336
     Messages:  created: 2   present: 2   in FES: 1

<!> Simulation stopped with endSimulation() -- in module (ScheduledAccessQueue) DectScheduledAccessNetwork.queue (id=2), at t=288.012333345s, event #197097

Calling finish() at end of Run #112...

Preparing for running configuration MonetecFocusedSmallR, run #113...
Scenario: $r=1, $rho=0.190, $repetition=2
Assigned runID=MonetecFocusedSmallR-113-20260930-08:59:47-58
Setting up network "dect2020scheduledaccess.DectScheduledAccessNetwork"...
Initializing...

Running simulation...
** Event #0   t=0   Elapsed: 5e-06s (0m 00s)
     Speed:     ev/sec=0   simsec/sec=0   ev/simsec=0
     Messages:  created: 2   present: 2   in FES: 2
** Event #196577   t=287.679333345   Elapsed: 0.018747s (0m 00s)
     Speed:     ev/sec=1.04897e+07   simsec/sec=15351.1   ev/simsec=683.32
     Messages:  created: 2   present: 2   in FES: 1

<!> Simulation stopped with endSimulation() -- in module (ScheduledAccessQueue) DectScheduledAccessNetwork.queue (id=2), at t=287.679333345s, event #196577

Calling finish() at end of Run #113...

Preparing for running configuration MonetecFocusedSmallR, run #114...
Scenario: $r=1, $rho=0.195, $repetition=0
Assigned runID=MonetecFocusedSmallR-114-20260930-08:59:47-58
Setting up network "dect2020scheduledaccess.DectScheduledAccessNetwork"...
Initializing...

Running simulation...
** Event #0   t=0   Elapsed: 2.2e-05s (0m 00s)
     Speed:     ev/sec=0   simsec/sec=0   ev/simsec=0
     Messages:  created: 2   present: 2   in FES: 2
** Event #199121   t=284.988333345   Elapsed: 0.01921s (0m 00s)
     Speed:     ev/sec=1.03779e+07   simsec/sec=14853.2   ev/simsec=698.7
     Messages:  created: 2   present: 2   in FES: 1

<!> Simulation stopped with endSimulation() -- in module (ScheduledAccessQueue) DectScheduledAccessNetwork.queue (id=2), at t=284.988333345s, event #199121

Calling finish() at end of Run #114...

Preparing for running configuration MonetecFocusedSmallR, run #115...
Scenario: $r=1, $rho=0.195, $repetition=1
Assigned runID=MonetecFocusedSmallR-115-20260930-08:59:47-58
Setting up network "dect2020scheduledaccess.DectScheduledAccessNetwork"...
Initializing...

Running simulation...
** Event #0   t=0   Elapsed: 2.7e-05s (0m 00s)
     Speed:     ev/sec=0   simsec/sec=0   ev/simsec=0
     Messages:  created: 2   present: 2   in FES: 2
** Event #199193   t=285.681750011667   Elapsed: 0.019274s (0m 00s)
     Speed:     ev/sec=1.03498e+07   simsec/sec=14843.7   ev/simsec=697.256
     Messages:  created: 2   present: 2   in FES: 1

<!> Simulation stopped with endSimulation() -- in module (ScheduledAccessQueue) DectScheduledAccessNetwork.queue (id=2), at t=285.681750011667s, event #199193

Calling finish() at end of Run #115...

Preparing for running configuration MonetecFocusedSmallR, run #116...
Scenario: $r=1, $rho=0.195, $repetition=2
Assigned runID=MonetecFocusedSmallR-116-20260930-08:59:47-58
Setting up network "dect2020scheduledaccess.DectScheduledAccessNetwork"...
Initializing...

Running simulation...
** Event #0   t=0   Elapsed: 2e-05s (0m 00s)
     Speed:     ev/sec=0   simsec/sec=0   ev/simsec=0
     Messages:  created: 2   present: 2   in FES: 2
** Event #199102   t=286.113333345   Elapsed: 0.018898s (0m 00s)
     Speed:     ev/sec=1.05479e+07   simsec/sec=15157.5   ev/simsec=695.886
     Messages:  created: 2   present: 2   in FES: 1

<!> Simulation stopped with endSimulation() -- in module (ScheduledAccessQueue) DectScheduledAccessNetwork.queue (id=2), at t=286.113333345s, event #199102

Calling finish() at end of Run #116...

Preparing for running configuration MonetecFocusedSmallR, run #117...
Scenario: $r=1, $rho=0.200, $repetition=0
Assigned runID=MonetecFocusedSmallR-117-20260930-08:59:47-58
Setting up network "dect2020scheduledaccess.DectScheduledAccessNetwork"...
Initializing...

Running simulation...
** Event #0   t=0   Elapsed: 2e-05s (0m 00s)
     Speed:     ev/sec=0   simsec/sec=0   ev/simsec=0
     Messages:  created: 2   present: 2   in FES: 2
** Event #202144   t=284.385333345   Elapsed: 0.019509s (0m 00s)
     Speed:     ev/sec=1.03733e+07   simsec/sec=14593.6   ev/simsec=710.811
     Messages:  created: 2   present: 2   in FES: 1

<!> Simulation stopped with endSimulation() -- in module (ScheduledAccessQueue) DectScheduledAccessNetwork.queue (id=2), at t=284.385333345s, event #202144

Calling finish() at end of Run #117...

Preparing for running configuration MonetecFocusedSmallR, run #118...
Scenario: $r=1, $rho=0.200, $repetition=1
Assigned runID=MonetecFocusedSmallR-118-20260930-08:59:47-58
Setting up network "dect2020scheduledaccess.DectScheduledAccessNetwork"...
Initializing...

Running simulation...
** Event #0   t=0   Elapsed: 2.3e-05s (0m 00s)
     Speed:     ev/sec=0   simsec/sec=0   ev/simsec=0
     Messages:  created: 2   present: 2   in FES: 2
** Event #202168   t=284.979333345   Elapsed: 0.019198s (0m 00s)
     Speed:     ev/sec=1.05439e+07   simsec/sec=14862.8   ev/simsec=709.414
     Messages:  created: 2   present: 2   in FES: 1

<!> Simulation stopped with endSimulation() -- in module (ScheduledAccessQueue) DectScheduledAccessNetwork.queue (id=2), at t=284.979333345s, event #202168

Calling finish() at end of Run #118...

Preparing for running configuration MonetecFocusedSmallR, run #119...
Scenario: $r=1, $rho=0.200, $repetition=2
Assigned runID=MonetecFocusedSmallR-119-20260930-08:59:47-58
Setting up network "dect2020scheduledaccess.DectScheduledAccessNetwork"...
Initializing...

Running simulation...
** Event #0   t=0   Elapsed: 2.6e-05s (0m 00s)
     Speed:     ev/sec=0   simsec/sec=0   ev/simsec=0
     Messages:  created: 2   present: 2   in FES: 2
** Event #201741   t=284.790750011667   Elapsed: 0.01966s (0m 00s)
     Speed:     ev/sec=1.02756e+07   simsec/sec=14505.7   ev/simsec=708.384
     Messages:  created: 2   present: 2   in FES: 1

<!> Simulation stopped with endSimulation() -- in module (ScheduledAccessQueue) DectScheduledAccessNetwork.queue (id=2), at t=284.790750011667s, event #201741

Calling finish() at end of Run #119...

Preparing for running configuration MonetecFocusedSmallR, run #120...
Scenario: $r=1, $rho=0.205, $repetition=0
Assigned runID=MonetecFocusedSmallR-120-20260930-08:59:47-58
Setting up network "dect2020scheduledaccess.DectScheduledAccessNetwork"...
Initializing...

Running simulation...
** Event #0   t=0   Elapsed: 3e-05s (0m 00s)
     Speed:     ev/sec=0   simsec/sec=0   ev/simsec=0
     Messages:  created: 2   present: 2   in FES: 2
** Event #204612   t=282.747333345   Elapsed: 0.01955s (0m 00s)
     Speed:     ev/sec=1.04832e+07   simsec/sec=14486.5   ev/simsec=723.658
     Messages:  created: 2   present: 2   in FES: 1

<!> Simulation stopped with endSimulation() -- in module (ScheduledAccessQueue) DectScheduledAccessNetwork.queue (id=2), at t=282.747333345s, event #204612

Calling finish() at end of Run #120...

Preparing for running configuration MonetecFocusedSmallR, run #121...
Scenario: $r=1, $rho=0.205, $repetition=1
Assigned runID=MonetecFocusedSmallR-121-20260930-08:59:47-58
Setting up network "dect2020scheduledaccess.DectScheduledAccessNetwork"...
Initializing...

Running simulation...
** Event #0   t=0   Elapsed: 3e-06s (0m 00s)
     Speed:     ev/sec=0   simsec/sec=0   ev/simsec=0
     Messages:  created: 2   present: 2   in FES: 2
** Event #204357   t=282.936333345   Elapsed: 0.019666s (0m 00s)
     Speed:     ev/sec=1.03935e+07   simsec/sec=14390   ev/simsec=722.273
     Messages:  created: 2   present: 2   in FES: 1

<!> Simulation stopped with endSimulation() -- in module (ScheduledAccessQueue) DectScheduledAccessNetwork.queue (id=2), at t=282.936333345s, event #204357

Calling finish() at end of Run #121...

Preparing for running configuration MonetecFocusedSmallR, run #122...
Scenario: $r=1, $rho=0.205, $repetition=2
Assigned runID=MonetecFocusedSmallR-122-20260930-08:59:47-58
Setting up network "dect2020scheduledaccess.DectScheduledAccessNetwork"...
Initializing...

Running simulation...
** Event #0   t=0   Elapsed: 1.6e-05s (0m 00s)
     Speed:     ev/sec=0   simsec/sec=0   ev/simsec=0
     Messages:  created: 2   present: 2   in FES: 2
** Event #203997   t=282.747750011667   Elapsed: 0.019542s (0m 00s)
     Speed:     ev/sec=1.04485e+07   simsec/sec=14482   ev/simsec=721.482
     Messages:  created: 2   present: 2   in FES: 1

<!> Simulation stopped with endSimulation() -- in module (ScheduledAccessQueue) DectScheduledAccessNetwork.queue (id=2), at t=282.747750011667s, event #203997

Calling finish() at end of Run #122...

Preparing for running configuration MonetecFocusedSmallR, run #123...
Scenario: $r=1, $rho=0.210, $repetition=0
Assigned runID=MonetecFocusedSmallR-123-20260930-08:59:47-58
Setting up network "dect2020scheduledaccess.DectScheduledAccessNetwork"...
Initializing...

Running simulation...
** Event #0   t=0   Elapsed: 3e-06s (0m 00s)
     Speed:     ev/sec=0   simsec/sec=0   ev/simsec=0
     Messages:  created: 2   present: 2   in FES: 2
** Event #206718   t=280.812333345   Elapsed: 0.019905s (0m 00s)
     Speed:     ev/sec=1.03873e+07   simsec/sec=14110.4   ev/simsec=736.144
     Messages:  created: 2   present: 2   in FES: 1

<!> Simulation stopped with endSimulation() -- in module (ScheduledAccessQueue) DectScheduledAccessNetwork.queue (id=2), at t=280.812333345s, event #206718

Calling finish() at end of Run #123...

Preparing for running configuration MonetecFocusedSmallR, run #124...
Scenario: $r=1, $rho=0.210, $repetition=1
Assigned runID=MonetecFocusedSmallR-124-20260930-08:59:47-58
Setting up network "dect2020scheduledaccess.DectScheduledAccessNetwork"...
Initializing...

Running simulation...
** Event #0   t=0   Elapsed: 1.8e-05s (0m 00s)
     Speed:     ev/sec=0   simsec/sec=0   ev/simsec=0
     Messages:  created: 2   present: 2   in FES: 2
** Event #207524   t=282.486333345   Elapsed: 0.019937s (0m 00s)
     Speed:     ev/sec=1.04189e+07   simsec/sec=14182.4   ev/simsec=734.635
     Messages:  created: 2   present: 2   in FES: 1

<!> Simulation stopped with endSimulation() -- in module (ScheduledAccessQueue) DectScheduledAccessNetwork.queue (id=2), at t=282.486333345s, event #207524

Calling finish() at end of Run #124...

Preparing for running configuration MonetecFocusedSmallR, run #125...
Scenario: $r=1, $rho=0.210, $repetition=2
Assigned runID=MonetecFocusedSmallR-125-20260930-08:59:47-58
Setting up network "dect2020scheduledaccess.DectScheduledAccessNetwork"...
Initializing...

Running simulation...
** Event #0   t=0   Elapsed: 1.6e-05s (0m 00s)
     Speed:     ev/sec=0   simsec/sec=0   ev/simsec=0
     Messages:  created: 2   present: 2   in FES: 2
** Event #207647   t=283.116333345   Elapsed: 0.020489s (0m 00s)
     Speed:     ev/sec=1.0143e+07   simsec/sec=13829.4   ev/simsec=733.435
     Messages:  created: 2   present: 2   in FES: 1

<!> Simulation stopped with endSimulation() -- in module (ScheduledAccessQueue) DectScheduledAccessNetwork.queue (id=2), at t=283.116333345s, event #207647

Calling finish() at end of Run #125...

Preparing for running configuration MonetecFocusedSmallR, run #126...
Scenario: $r=1, $rho=0.215, $repetition=0
Assigned runID=MonetecFocusedSmallR-126-20260930-08:59:47-58
Setting up network "dect2020scheduledaccess.DectScheduledAccessNetwork"...
Initializing...

Running simulation...
** Event #0   t=0   Elapsed: 3.3e-05s (0m 00s)
     Speed:     ev/sec=0   simsec/sec=0   ev/simsec=0
     Messages:  created: 2   present: 2   in FES: 2
** Event #210361   t=281.163333345   Elapsed: 0.020102s (0m 00s)
     Speed:     ev/sec=1.04824e+07   simsec/sec=14010.5   ev/simsec=748.182
     Messages:  created: 2   present: 2   in FES: 1

<!> Simulation stopped with endSimulation() -- in module (ScheduledAccessQueue) DectScheduledAccessNetwork.queue (id=2), at t=281.163333345s, event #210361

Calling finish() at end of Run #126...

Preparing for running configuration MonetecFocusedSmallR, run #127...
Scenario: $r=1, $rho=0.215, $repetition=1
Assigned runID=MonetecFocusedSmallR-127-20260930-08:59:47-58
Setting up network "dect2020scheduledaccess.DectScheduledAccessNetwork"...
Initializing...

Running simulation...
** Event #0   t=0   Elapsed: 3.1e-05s (0m 00s)
     Speed:     ev/sec=0   simsec/sec=0   ev/simsec=0
     Messages:  created: 2   present: 2   in FES: 2
** Event #210017   t=281.064333345   Elapsed: 0.020088s (0m 00s)
     Speed:     ev/sec=1.04721e+07   simsec/sec=14014.7   ev/simsec=747.221
     Messages:  created: 2   present: 2   in FES: 1

<!> Simulation stopped with endSimulation() -- in module (ScheduledAccessQueue) DectScheduledAccessNetwork.queue (id=2), at t=281.064333345s, event #210017

Calling finish() at end of Run #127...

Preparing for running configuration MonetecFocusedSmallR, run #128...
Scenario: $r=1, $rho=0.215, $repetition=2
Assigned runID=MonetecFocusedSmallR-128-20260930-08:59:48-58
Setting up network "dect2020scheduledaccess.DectScheduledAccessNetwork"...
Initializing...

Running simulation...
** Event #0   t=0   Elapsed: 4e-06s (0m 00s)
     Speed:     ev/sec=0   simsec/sec=0   ev/simsec=0
     Messages:  created: 2   present: 2   in FES: 2
** Event #209515   t=280.677750011667   Elapsed: 0.025648s (0m 00s)
     Speed:     ev/sec=8.17077e+06   simsec/sec=10946   ev/simsec=746.462
     Messages:  created: 2   present: 2   in FES: 1

<!> Simulation stopped with endSimulation() -- in module (ScheduledAccessQueue) DectScheduledAccessNetwork.queue (id=2), at t=280.677750011667s, event #209515

Calling finish() at end of Run #128...

Preparing for running configuration MonetecFocusedSmallR, run #129...
Scenario: $r=1, $rho=0.220, $repetition=0
Assigned runID=MonetecFocusedSmallR-129-20260930-08:59:48-58
Setting up network "dect2020scheduledaccess.DectScheduledAccessNetwork"...
Initializing...

Running simulation...
** Event #0   t=0   Elapsed: 4e-06s (0m 00s)
     Speed:     ev/sec=0   simsec/sec=0   ev/simsec=0
     Messages:  created: 2   present: 2   in FES: 2
** Event #212847   t=279.822333345   Elapsed: 0.0207s (0m 00s)
     Speed:     ev/sec=1.02859e+07   simsec/sec=13522.5   ev/simsec=760.652
     Messages:  created: 2   present: 2   in FES: 1

<!> Simulation stopped with endSimulation() -- in module (ScheduledAccessQueue) DectScheduledAccessNetwork.queue (id=2), at t=279.822333345s, event #212847

Calling finish() at end of Run #129...

Preparing for running configuration MonetecFocusedSmallR, run #130...
Scenario: $r=1, $rho=0.220, $repetition=1
Assigned runID=MonetecFocusedSmallR-130-20260930-08:59:48-58
Setting up network "dect2020scheduledaccess.DectScheduledAccessNetwork"...
Initializing...

Running simulation...
** Event #0   t=0   Elapsed: 3e-06s (0m 00s)
     Speed:     ev/sec=0   simsec/sec=0   ev/simsec=0
     Messages:  created: 2   present: 2   in FES: 2
** Event #211807   t=278.580333345   Elapsed: 0.020415s (0m 00s)
     Speed:     ev/sec=1.03786e+07   simsec/sec=13650.5   ev/simsec=760.31
     Messages:  created: 2   present: 2   in FES: 1

<!> Simulation stopped with endSimulation() -- in module (ScheduledAccessQueue) DectScheduledAccessNetwork.queue (id=2), at t=278.580333345s, event #211807

Calling finish() at end of Run #130...

Preparing for running configuration MonetecFocusedSmallR, run #131...
Scenario: $r=1, $rho=0.220, $repetition=2
Assigned runID=MonetecFocusedSmallR-131-20260930-08:59:48-58
Setting up network "dect2020scheduledaccess.DectScheduledAccessNetwork"...
Initializing...

Running simulation...
** Event #0   t=0   Elapsed: 2.9e-05s (0m 00s)
     Speed:     ev/sec=0   simsec/sec=0   ev/simsec=0
     Messages:  created: 2   present: 2   in FES: 2
** Event #212970   t=280.749750011667   Elapsed: 0.020573s (0m 00s)
     Speed:     ev/sec=1.03675e+07   simsec/sec=13667.1   ev/simsec=758.577
     Messages:  created: 2   present: 2   in FES: 1

<!> Simulation stopped with endSimulation() -- in module (ScheduledAccessQueue) DectScheduledAccessNetwork.queue (id=2), at t=280.749750011667s, event #212970

Calling finish() at end of Run #131...

Preparing for running configuration MonetecFocusedSmallR, run #132...
Scenario: $r=1, $rho=0.225, $repetition=0
Assigned runID=MonetecFocusedSmallR-132-20260930-08:59:48-58
Setting up network "dect2020scheduledaccess.DectScheduledAccessNetwork"...
Initializing...

Running simulation...
** Event #0   t=0   Elapsed: 4e-06s (0m 00s)
     Speed:     ev/sec=0   simsec/sec=0   ev/simsec=0
     Messages:  created: 2   present: 2   in FES: 2
** Event #215829   t=279.318333345   Elapsed: 0.020704s (0m 00s)
     Speed:     ev/sec=1.0427e+07   simsec/sec=13494.3   ev/simsec=772.7
     Messages:  created: 2   present: 2   in FES: 1

<!> Simulation stopped with endSimulation() -- in module (ScheduledAccessQueue) DectScheduledAccessNetwork.queue (id=2), at t=279.318333345s, event #215829

Calling finish() at end of Run #132...

Preparing for running configuration MonetecFocusedSmallR, run #133...
Scenario: $r=1, $rho=0.225, $repetition=1
Assigned runID=MonetecFocusedSmallR-133-20260930-08:59:48-58
Setting up network "dect2020scheduledaccess.DectScheduledAccessNetwork"...
Initializing...

Running simulation...
** Event #0   t=0   Elapsed: 2.7e-05s (0m 00s)
     Speed:     ev/sec=0   simsec/sec=0   ev/simsec=0
     Messages:  created: 2   present: 2   in FES: 2
** Event #214578   t=277.698333345   Elapsed: 0.020518s (0m 00s)
     Speed:     ev/sec=1.04718e+07   simsec/sec=13552.2   ev/simsec=772.703
     Messages:  created: 2   present: 2   in FES: 1

<!> Simulation stopped with endSimulation() -- in module (ScheduledAccessQueue) DectScheduledAccessNetwork.queue (id=2), at t=277.698333345s, event #214578

Calling finish() at end of Run #133...

Preparing for running configuration MonetecFocusedSmallR, run #134...
Scenario: $r=1, $rho=0.225, $repetition=2
Assigned runID=MonetecFocusedSmallR-134-20260930-08:59:48-58
Setting up network "dect2020scheduledaccess.DectScheduledAccessNetwork"...
Initializing...

Running simulation...
** Event #0   t=0   Elapsed: 3e-06s (0m 00s)
     Speed:     ev/sec=0   simsec/sec=0   ev/simsec=0
     Messages:  created: 2   present: 2   in FES: 2
** Event #214658   t=278.283333345   Elapsed: 0.020482s (0m 00s)
     Speed:     ev/sec=1.04824e+07   simsec/sec=13589.4   ev/simsec=771.366
     Messages:  created: 2   present: 2   in FES: 1

<!> Simulation stopped with endSimulation() -- in module (ScheduledAccessQueue) DectScheduledAccessNetwork.queue (id=2), at t=278.283333345s, event #214658

Calling finish() at end of Run #134...

Preparing for running configuration MonetecFocusedSmallR, run #135...
Scenario: $r=1, $rho=0.230, $repetition=0
Assigned runID=MonetecFocusedSmallR-135-20260930-08:59:48-58
Setting up network "dect2020scheduledaccess.DectScheduledAccessNetwork"...
Initializing...

Running simulation...
** Event #0   t=0   Elapsed: 2.6e-05s (0m 00s)
     Speed:     ev/sec=0   simsec/sec=0   ev/simsec=0
     Messages:  created: 2   present: 2   in FES: 2
** Event #218275   t=277.995750011667   Elapsed: 0.020861s (0m 00s)
     Speed:     ev/sec=1.04774e+07   simsec/sec=13344   ev/simsec=785.175
     Messages:  created: 2   present: 2   in FES: 1

<!> Simulation stopped with endSimulation() -- in module (ScheduledAccessQueue) DectScheduledAccessNetwork.queue (id=2), at t=277.995750011667s, event #218275

Calling finish() at end of Run #135...

Preparing for running configuration MonetecFocusedSmallR, run #136...
Scenario: $r=1, $rho=0.230, $repetition=1
Assigned runID=MonetecFocusedSmallR-136-20260930-08:59:48-58
Setting up network "dect2020scheduledaccess.DectScheduledAccessNetwork"...
Initializing...

Running simulation...
** Event #0   t=0   Elapsed: 4e-06s (0m 00s)
     Speed:     ev/sec=0   simsec/sec=0   ev/simsec=0
     Messages:  created: 2   present: 2   in FES: 2
** Event #217570   t=277.131750011667   Elapsed: 0.021346s (0m 00s)
     Speed:     ev/sec=1.01954e+07   simsec/sec=12986.5   ev/simsec=785.079
     Messages:  created: 2   present: 2   in FES: 1

<!> Simulation stopped with endSimulation() -- in module (ScheduledAccessQueue) DectScheduledAccessNetwork.queue (id=2), at t=277.131750011667s, event #217570

Calling finish() at end of Run #136...

Preparing for running configuration MonetecFocusedSmallR, run #137...
Scenario: $r=1, $rho=0.230, $repetition=2
Assigned runID=MonetecFocusedSmallR-137-20260930-08:59:48-58
Setting up network "dect2020scheduledaccess.DectScheduledAccessNetwork"...
Initializing...

Running simulation...
** Event #0   t=0   Elapsed: 4e-06s (0m 00s)
     Speed:     ev/sec=0   simsec/sec=0   ev/simsec=0
     Messages:  created: 2   present: 2   in FES: 2
** Event #217807   t=277.959333345   Elapsed: 0.021032s (0m 00s)
     Speed:     ev/sec=1.03575e+07   simsec/sec=13217.9   ev/simsec=783.594
     Messages:  created: 2   present: 2   in FES: 1

<!> Simulation stopped with endSimulation() -- in module (ScheduledAccessQueue) DectScheduledAccessNetwork.queue (id=2), at t=277.959333345s, event #217807

Calling finish() at end of Run #137...

Preparing for running configuration MonetecFocusedSmallR, run #138...
Scenario: $r=1, $rho=0.235, $repetition=0
Assigned runID=MonetecFocusedSmallR-138-20260930-08:59:48-58
Setting up network "dect2020scheduledaccess.DectScheduledAccessNetwork"...
Initializing...

Running simulation...
** Event #0   t=0   Elapsed: 3e-06s (0m 00s)
     Speed:     ev/sec=0   simsec/sec=0   ev/simsec=0
     Messages:  created: 2   present: 2   in FES: 2
** Event #220750   t=276.645333345   Elapsed: 0.021106s (0m 00s)
     Speed:     ev/sec=1.04606e+07   simsec/sec=13109.3   ev/simsec=797.954
     Messages:  created: 2   present: 2   in FES: 1

<!> Simulation stopped with endSimulation() -- in module (ScheduledAccessQueue) DectScheduledAccessNetwork.queue (id=2), at t=276.645333345s, event #220750

Calling finish() at end of Run #138...

Preparing for running configuration MonetecFocusedSmallR, run #139...
Scenario: $r=1, $rho=0.235, $repetition=1
Assigned runID=MonetecFocusedSmallR-139-20260930-08:59:48-58
Setting up network "dect2020scheduledaccess.DectScheduledAccessNetwork"...
Initializing...

Running simulation...
** Event #0   t=0   Elapsed: 4e-06s (0m 00s)
     Speed:     ev/sec=0   simsec/sec=0   ev/simsec=0
     Messages:  created: 2   present: 2   in FES: 2
** Event #220701   t=276.771333345   Elapsed: 0.021112s (0m 00s)
     Speed:     ev/sec=1.04558e+07   simsec/sec=13112.1   ev/simsec=797.414
     Messages:  created: 2   present: 2   in FES: 1

<!> Simulation stopped with endSimulation() -- in module (ScheduledAccessQueue) DectScheduledAccessNetwork.queue (id=2), at t=276.771333345s, event #220701

Calling finish() at end of Run #139...

Preparing for running configuration MonetecFocusedSmallR, run #140...
Scenario: $r=1, $rho=0.235, $repetition=2
Assigned runID=MonetecFocusedSmallR-140-20260930-08:59:48-58
Setting up network "dect2020scheduledaccess.DectScheduledAccessNetwork"...
Initializing...

Running simulation...
** Event #0   t=0   Elapsed: 2.9e-05s (0m 00s)
     Speed:     ev/sec=0   simsec/sec=0   ev/simsec=0
     Messages:  created: 2   present: 2   in FES: 2
** Event #220186   t=276.474333345   Elapsed: 0.021247s (0m 00s)
     Speed:     ev/sec=1.03788e+07   simsec/sec=13032   ev/simsec=796.408
     Messages:  created: 2   present: 2   in FES: 1

<!> Simulation stopped with endSimulation() -- in module (ScheduledAccessQueue) DectScheduledAccessNetwork.queue (id=2), at t=276.474333345s, event #220186

Calling finish() at end of Run #140...

Preparing for running configuration MonetecFocusedSmallR, run #141...
Scenario: $r=1, $rho=0.240, $repetition=0
Assigned runID=MonetecFocusedSmallR-141-20260930-08:59:48-58
Setting up network "dect2020scheduledaccess.DectScheduledAccessNetwork"...
Initializing...

Running simulation...
** Event #0   t=0   Elapsed: 6e-06s (0m 00s)
     Speed:     ev/sec=0   simsec/sec=0   ev/simsec=0
     Messages:  created: 2   present: 2   in FES: 2
** Event #223700   t=276.060333345   Elapsed: 0.021414s (0m 00s)
     Speed:     ev/sec=1.04494e+07   simsec/sec=12895.2   ev/simsec=810.331
     Messages:  created: 2   present: 2   in FES: 1

<!> Simulation stopped with endSimulation() -- in module (ScheduledAccessQueue) DectScheduledAccessNetwork.queue (id=2), at t=276.060333345s, event #223700

Calling finish() at end of Run #141...

Preparing for running configuration MonetecFocusedSmallR, run #142...
Scenario: $r=1, $rho=0.240, $repetition=1
Assigned runID=MonetecFocusedSmallR-142-20260930-08:59:48-58
Setting up network "dect2020scheduledaccess.DectScheduledAccessNetwork"...
Initializing...

Running simulation...
** Event #0   t=0   Elapsed: 3e-06s (0m 00s)
     Speed:     ev/sec=0   simsec/sec=0   ev/simsec=0
     Messages:  created: 2   present: 2   in FES: 2
** Event #223286   t=275.637333345   Elapsed: 0.021513s (0m 00s)
     Speed:     ev/sec=1.03806e+07   simsec/sec=12814.4   ev/simsec=810.073
     Messages:  created: 2   present: 2   in FES: 1

<!> Simulation stopped with endSimulation() -- in module (ScheduledAccessQueue) DectScheduledAccessNetwork.queue (id=2), at t=275.637333345s, event #223286

Calling finish() at end of Run #142...

Preparing for running configuration MonetecFocusedSmallR, run #143...
Scenario: $r=1, $rho=0.240, $repetition=2
Assigned runID=MonetecFocusedSmallR-143-20260930-08:59:48-58
Setting up network "dect2020scheduledaccess.DectScheduledAccessNetwork"...
Initializing...

Running simulation...
** Event #0   t=0   Elapsed: 2.7e-05s (0m 00s)
     Speed:     ev/sec=0   simsec/sec=0   ev/simsec=0
     Messages:  created: 2   present: 2   in FES: 2
** Event #222963   t=275.592750011667   Elapsed: 0.021482s (0m 00s)
     Speed:     ev/sec=1.03926e+07   simsec/sec=12845.7   ev/simsec=809.032
     Messages:  created: 2   present: 2   in FES: 1

<!> Simulation stopped with endSimulation() -- in module (ScheduledAccessQueue) DectScheduledAccessNetwork.queue (id=2), at t=275.592750011667s, event #222963

Calling finish() at end of Run #143...

Preparing for running configuration MonetecFocusedSmallR, run #144...
Scenario: $r=1, $rho=0.245, $repetition=0
Assigned runID=MonetecFocusedSmallR-144-20260930-08:59:48-58
Setting up network "dect2020scheduledaccess.DectScheduledAccessNetwork"...
Initializing...

Running simulation...
** Event #0   t=0   Elapsed: 4e-06s (0m 00s)
     Speed:     ev/sec=0   simsec/sec=0   ev/simsec=0
     Messages:  created: 2   present: 2   in FES: 2
** Event #225646   t=274.017750011667   Elapsed: 0.021776s (0m 00s)
     Speed:     ev/sec=1.03645e+07   simsec/sec=12586.3   ev/simsec=823.473
     Messages:  created: 2   present: 2   in FES: 1

<!> Simulation stopped with endSimulation() -- in module (ScheduledAccessQueue) DectScheduledAccessNetwork.queue (id=2), at t=274.017750011667s, event #225646

Calling finish() at end of Run #144...

Preparing for running configuration MonetecFocusedSmallR, run #145...
Scenario: $r=1, $rho=0.245, $repetition=1
Assigned runID=MonetecFocusedSmallR-145-20260930-08:59:48-58
Setting up network "dect2020scheduledaccess.DectScheduledAccessNetwork"...
Initializing...

Running simulation...
** Event #0   t=0   Elapsed: 4e-06s (0m 00s)
     Speed:     ev/sec=0   simsec/sec=0   ev/simsec=0
     Messages:  created: 2   present: 2   in FES: 2
** Event #225694   t=274.287333345   Elapsed: 0.021849s (0m 00s)
     Speed:     ev/sec=1.03326e+07   simsec/sec=12557.2   ev/simsec=822.839
     Messages:  created: 2   present: 2   in FES: 1

<!> Simulation stopped with endSimulation() -- in module (ScheduledAccessQueue) DectScheduledAccessNetwork.queue (id=2), at t=274.287333345s, event #225694

Calling finish() at end of Run #145...

Preparing for running configuration MonetecFocusedSmallR, run #146...
Scenario: $r=1, $rho=0.245, $repetition=2
Assigned runID=MonetecFocusedSmallR-146-20260930-08:59:48-58
Setting up network "dect2020scheduledaccess.DectScheduledAccessNetwork"...
Initializing...

Running simulation...
** Event #0   t=0   Elapsed: 1.8e-05s (0m 00s)
     Speed:     ev/sec=0   simsec/sec=0   ev/simsec=0
     Messages:  created: 2   present: 2   in FES: 2
** Event #225147   t=274.107333345   Elapsed: 0.021897s (0m 00s)
     Speed:     ev/sec=1.0291e+07   simsec/sec=12528.9   ev/simsec=821.384
     Messages:  created: 2   present: 2   in FES: 1

<!> Simulation stopped with endSimulation() -- in module (ScheduledAccessQueue) DectScheduledAccessNetwork.queue (id=2), at t=274.107333345s, event #225147

Calling finish() at end of Run #146...

Preparing for running configuration MonetecFocusedSmallR, run #147...
Scenario: $r=1, $rho=0.250, $repetition=0
Assigned runID=MonetecFocusedSmallR-147-20260930-08:59:48-58
Setting up network "dect2020scheduledaccess.DectScheduledAccessNetwork"...
Initializing...

Running simulation...
** Event #0   t=0   Elapsed: 3e-06s (0m 00s)
     Speed:     ev/sec=0   simsec/sec=0   ev/simsec=0
     Messages:  created: 2   present: 2   in FES: 2
** Event #228574   t=273.558333345   Elapsed: 0.022128s (0m 00s)
     Speed:     ev/sec=1.03329e+07   simsec/sec=12366.4   ev/simsec=835.559
     Messages:  created: 2   present: 2   in FES: 1

<!> Simulation stopped with endSimulation() -- in module (ScheduledAccessQueue) DectScheduledAccessNetwork.queue (id=2), at t=273.558333345s, event #228574

Calling finish() at end of Run #147...

Preparing for running configuration MonetecFocusedSmallR, run #148...
Scenario: $r=1, $rho=0.250, $repetition=1
Assigned runID=MonetecFocusedSmallR-148-20260930-08:59:48-58
Setting up network "dect2020scheduledaccess.DectScheduledAccessNetwork"...
Initializing...

Running simulation...
** Event #0   t=0   Elapsed: 5e-06s (0m 00s)
     Speed:     ev/sec=0   simsec/sec=0   ev/simsec=0
     Messages:  created: 2   present: 2   in FES: 2
** Event #227857   t=272.685333345   Elapsed: 0.021856s (0m 00s)
     Speed:     ev/sec=1.04282e+07   simsec/sec=12479.9   ev/simsec=835.605
     Messages:  created: 2   present: 2   in FES: 1

<!> Simulation stopped with endSimulation() -- in module (ScheduledAccessQueue) DectScheduledAccessNetwork.queue (id=2), at t=272.685333345s, event #227857

Calling finish() at end of Run #148...

Preparing for running configuration MonetecFocusedSmallR, run #149...
Scenario: $r=1, $rho=0.250, $repetition=2
Assigned runID=MonetecFocusedSmallR-149-20260930-08:59:48-58
Setting up network "dect2020scheduledaccess.DectScheduledAccessNetwork"...
Initializing...

Running simulation...
** Event #0   t=0   Elapsed: 3.1e-05s (0m 00s)
     Speed:     ev/sec=0   simsec/sec=0   ev/simsec=0
     Messages:  created: 2   present: 2   in FES: 2
** Event #227970   t=273.423333345   Elapsed: 0.021954s (0m 00s)
     Speed:     ev/sec=1.03996e+07   simsec/sec=12473.1   ev/simsec=833.763
     Messages:  created: 2   present: 2   in FES: 1

<!> Simulation stopped with endSimulation() -- in module (ScheduledAccessQueue) DectScheduledAccessNetwork.queue (id=2), at t=273.423333345s, event #227970

Calling finish() at end of Run #149...

Preparing for running configuration MonetecFocusedSmallR, run #150...
Scenario: $r=1, $rho=0.255, $repetition=0
Assigned runID=MonetecFocusedSmallR-150-20260930-08:59:48-58
Setting up network "dect2020scheduledaccess.DectScheduledAccessNetwork"...
Initializing...

Running simulation...
** Event #0   t=0   Elapsed: 2.8e-05s (0m 00s)
     Speed:     ev/sec=0   simsec/sec=0   ev/simsec=0
     Messages:  created: 2   present: 2   in FES: 2
** Event #231073   t=272.604333345   Elapsed: 0.022292s (0m 00s)
     Speed:     ev/sec=1.03792e+07   simsec/sec=12244.7   ev/simsec=847.651
     Messages:  created: 2   present: 2   in FES: 1

<!> Simulation stopped with endSimulation() -- in module (ScheduledAccessQueue) DectScheduledAccessNetwork.queue (id=2), at t=272.604333345s, event #231073

Calling finish() at end of Run #150...

Preparing for running configuration MonetecFocusedSmallR, run #151...
Scenario: $r=1, $rho=0.255, $repetition=1
Assigned runID=MonetecFocusedSmallR-151-20260930-08:59:48-58
Setting up network "dect2020scheduledaccess.DectScheduledAccessNetwork"...
Initializing...

Running simulation...
** Event #0   t=0   Elapsed: 2.6e-05s (0m 00s)
     Speed:     ev/sec=0   simsec/sec=0   ev/simsec=0
     Messages:  created: 2   present: 2   in FES: 2
** Event #231246   t=272.766333345   Elapsed: 0.022254s (0m 00s)
     Speed:     ev/sec=1.04034e+07   simsec/sec=12271.3   ev/simsec=847.782
     Messages:  created: 2   present: 2   in FES: 1

<!> Simulation stopped with endSimulation() -- in module (ScheduledAccessQueue) DectScheduledAccessNetwork.queue (id=2), at t=272.766333345s, event #231246

Calling finish() at end of Run #151...

Preparing for running configuration MonetecFocusedSmallR, run #152...
Scenario: $r=1, $rho=0.255, $repetition=2
Assigned runID=MonetecFocusedSmallR-152-20260930-08:59:48-58
Setting up network "dect2020scheduledaccess.DectScheduledAccessNetwork"...
Initializing...

Running simulation...
** Event #0   t=0   Elapsed: 2.7e-05s (0m 00s)
     Speed:     ev/sec=0   simsec/sec=0   ev/simsec=0
     Messages:  created: 2   present: 2   in FES: 2
** Event #230617   t=272.631333345   Elapsed: 0.02232s (0m 00s)
     Speed:     ev/sec=1.03453e+07   simsec/sec=12230   ev/simsec=845.895
     Messages:  created: 2   present: 2   in FES: 1

<!> Simulation stopped with endSimulation() -- in module (ScheduledAccessQueue) DectScheduledAccessNetwork.queue (id=2), at t=272.631333345s, event #230617

Calling finish() at end of Run #152...

Preparing for running configuration MonetecFocusedSmallR, run #153...
Scenario: $r=1, $rho=0.260, $repetition=0
Assigned runID=MonetecFocusedSmallR-153-20260930-08:59:48-58
Setting up network "dect2020scheduledaccess.DectScheduledAccessNetwork"...
Initializing...

Running simulation...
** Event #0   t=0   Elapsed: 2.5e-05s (0m 00s)
     Speed:     ev/sec=0   simsec/sec=0   ev/simsec=0
     Messages:  created: 2   present: 2   in FES: 2
** Event #234063   t=272.217333345   Elapsed: 0.022508s (0m 00s)
     Speed:     ev/sec=1.04116e+07   simsec/sec=12108.8   ev/simsec=859.84
     Messages:  created: 2   present: 2   in FES: 1

<!> Simulation stopped with endSimulation() -- in module (ScheduledAccessQueue) DectScheduledAccessNetwork.queue (id=2), at t=272.217333345s, event #234063

Calling finish() at end of Run #153...

Preparing for running configuration MonetecFocusedSmallR, run #154...
Scenario: $r=1, $rho=0.260, $repetition=1
Assigned runID=MonetecFocusedSmallR-154-20260930-08:59:48-58
Setting up network "dect2020scheduledaccess.DectScheduledAccessNetwork"...
Initializing...

Running simulation...
** Event #0   t=0   Elapsed: 5e-06s (0m 00s)
     Speed:     ev/sec=0   simsec/sec=0   ev/simsec=0
     Messages:  created: 2   present: 2   in FES: 2
** Event #233796   t=271.794333345   Elapsed: 0.022397s (0m 00s)
     Speed:     ev/sec=1.04406e+07   simsec/sec=12137.4   ev/simsec=860.196
     Messages:  created: 2   present: 2   in FES: 1

<!> Simulation stopped with endSimulation() -- in module (ScheduledAccessQueue) DectScheduledAccessNetwork.queue (id=2), at t=271.794333345s, event #233796

Calling finish() at end of Run #154...

Preparing for running configuration MonetecFocusedSmallR, run #155...
Scenario: $r=1, $rho=0.260, $repetition=2
Assigned runID=MonetecFocusedSmallR-155-20260930-08:59:48-58
Setting up network "dect2020scheduledaccess.DectScheduledAccessNetwork"...
Initializing...

Running simulation...
** Event #0   t=0   Elapsed: 3e-06s (0m 00s)
     Speed:     ev/sec=0   simsec/sec=0   ev/simsec=0
     Messages:  created: 2   present: 2   in FES: 2
** Event #232969   t=271.335333345   Elapsed: 0.022634s (0m 00s)
     Speed:     ev/sec=1.02947e+07   simsec/sec=11990.1   ev/simsec=858.603
     Messages:  created: 2   present: 2   in FES: 1

<!> Simulation stopped with endSimulation() -- in module (ScheduledAccessQueue) DectScheduledAccessNetwork.queue (id=2), at t=271.335333345s, event #232969

Calling finish() at end of Run #155...

Preparing for running configuration MonetecFocusedSmallR, run #156...
Scenario: $r=1, $rho=0.265, $repetition=0
Assigned runID=MonetecFocusedSmallR-156-20260930-08:59:48-58
Setting up network "dect2020scheduledaccess.DectScheduledAccessNetwork"...
Initializing...

Running simulation...
** Event #0   t=0   Elapsed: 4e-06s (0m 00s)
     Speed:     ev/sec=0   simsec/sec=0   ev/simsec=0
     Messages:  created: 2   present: 2   in FES: 2
** Event #236470   t=271.146750011667   Elapsed: 0.022705s (0m 00s)
     Speed:     ev/sec=1.04181e+07   simsec/sec=11945.8   ev/simsec=872.111
     Messages:  created: 2   present: 2   in FES: 1

<!> Simulation stopped with endSimulation() -- in module (ScheduledAccessQueue) DectScheduledAccessNetwork.queue (id=2), at t=271.146750011667s, event #236470

Calling finish() at end of Run #156...

Preparing for running configuration MonetecFocusedSmallR, run #157...
Scenario: $r=1, $rho=0.265, $repetition=1
Assigned runID=MonetecFocusedSmallR-157-20260930-08:59:48-58
Setting up network "dect2020scheduledaccess.DectScheduledAccessNetwork"...
Initializing...

Running simulation...
** Event #0   t=0   Elapsed: 2.4e-05s (0m 00s)
     Speed:     ev/sec=0   simsec/sec=0   ev/simsec=0
     Messages:  created: 2   present: 2   in FES: 2
** Event #236214   t=270.732750011667   Elapsed: 0.02328s (0m 00s)
     Speed:     ev/sec=1.01584e+07   simsec/sec=11642.9   ev/simsec=872.5
     Messages:  created: 2   present: 2   in FES: 1

<!> Simulation stopped with endSimulation() -- in module (ScheduledAccessQueue) DectScheduledAccessNetwork.queue (id=2), at t=270.732750011667s, event #236214

Calling finish() at end of Run #157...

Preparing for running configuration MonetecFocusedSmallR, run #158...
Scenario: $r=1, $rho=0.265, $repetition=2
Assigned runID=MonetecFocusedSmallR-158-20260930-08:59:48-58
Setting up network "dect2020scheduledaccess.DectScheduledAccessNetwork"...
Initializing...

Running simulation...
** Event #0   t=0   Elapsed: 4e-06s (0m 00s)
     Speed:     ev/sec=0   simsec/sec=0   ev/simsec=0
     Messages:  created: 2   present: 2   in FES: 2
** Event #236360   t=271.524750011667   Elapsed: 0.022778s (0m 00s)
     Speed:     ev/sec=1.0379e+07   simsec/sec=11923.1   ev/simsec=870.493
     Messages:  created: 2   present: 2   in FES: 1

<!> Simulation stopped with endSimulation() -- in module (ScheduledAccessQueue) DectScheduledAccessNetwork.queue (id=2), at t=271.524750011667s, event #236360

Calling finish() at end of Run #158...

Preparing for running configuration MonetecFocusedSmallR, run #159...
Scenario: $r=1, $rho=0.270, $repetition=0
Assigned runID=MonetecFocusedSmallR-159-20260930-08:59:48-58
Setting up network "dect2020scheduledaccess.DectScheduledAccessNetwork"...
Initializing...

Running simulation...
** Event #0   t=0   Elapsed: 4e-06s (0m 00s)
     Speed:     ev/sec=0   simsec/sec=0   ev/simsec=0
     Messages:  created: 2   present: 2   in FES: 2
** Event #238918   t=270.093750011667   Elapsed: 0.022984s (0m 00s)
     Speed:     ev/sec=1.03972e+07   simsec/sec=11753.9   ev/simsec=884.576
     Messages:  created: 2   present: 2   in FES: 1

<!> Simulation stopped with endSimulation() -- in module (ScheduledAccessQueue) DectScheduledAccessNetwork.queue (id=2), at t=270.093750011667s, event #238918

Calling finish() at end of Run #159...

Preparing for running configuration MonetecFocusedSmallR, run #160...
Scenario: $r=1, $rho=0.270, $repetition=1
Assigned runID=MonetecFocusedSmallR-160-20260930-08:59:48-58
Setting up network "dect2020scheduledaccess.DectScheduledAccessNetwork"...
Initializing...

Running simulation...
** Event #0   t=0   Elapsed: 3e-06s (0m 00s)
     Speed:     ev/sec=0   simsec/sec=0   ev/simsec=0
     Messages:  created: 2   present: 2   in FES: 2
** Event #238270   t=269.157333345   Elapsed: 0.023126s (0m 00s)
     Speed:     ev/sec=1.03054e+07   simsec/sec=11641.2   ev/simsec=885.245
     Messages:  created: 2   present: 2   in FES: 1

<!> Simulation stopped with endSimulation() -- in module (ScheduledAccessQueue) DectScheduledAccessNetwork.queue (id=2), at t=269.157333345s, event #238270

Calling finish() at end of Run #160...

Preparing for running configuration MonetecFocusedSmallR, run #161...
Scenario: $r=1, $rho=0.270, $repetition=2
Assigned runID=MonetecFocusedSmallR-161-20260930-08:59:48-58
Setting up network "dect2020scheduledaccess.DectScheduledAccessNetwork"...
Initializing...

Running simulation...
** Event #0   t=0   Elapsed: 2.6e-05s (0m 00s)
     Speed:     ev/sec=0   simsec/sec=0   ev/simsec=0
     Messages:  created: 2   present: 2   in FES: 2
** Event #238234   t=269.733333345   Elapsed: 0.023249s (0m 00s)
     Speed:     ev/sec=1.02594e+07   simsec/sec=11615.9   ev/simsec=883.222
     Messages:  created: 2   present: 2   in FES: 1

<!> Simulation stopped with endSimulation() -- in module (ScheduledAccessQueue) DectScheduledAccessNetwork.queue (id=2), at t=269.733333345s, event #238234

Calling finish() at end of Run #161...

Preparing for running configuration MonetecFocusedSmallR, run #162...
Scenario: $r=1, $rho=0.275, $repetition=0
Assigned runID=MonetecFocusedSmallR-162-20260930-08:59:48-58
Setting up network "dect2020scheduledaccess.DectScheduledAccessNetwork"...
Initializing...

Running simulation...
** Event #0   t=0   Elapsed: 1.9e-05s (0m 00s)
     Speed:     ev/sec=0   simsec/sec=0   ev/simsec=0
     Messages:  created: 2   present: 2   in FES: 2
** Event #241234   t=268.968333345   Elapsed: 0.023329s (0m 00s)
     Speed:     ev/sec=1.03494e+07   simsec/sec=11539.2   ev/simsec=896.888
     Messages:  created: 2   present: 2   in FES: 1

<!> Simulation stopped with endSimulation() -- in module (ScheduledAccessQueue) DectScheduledAccessNetwork.queue (id=2), at t=268.968333345s, event #241234

Calling finish() at end of Run #162...

Preparing for running configuration MonetecFocusedSmallR, run #163...
Scenario: $r=1, $rho=0.275, $repetition=1
Assigned runID=MonetecFocusedSmallR-163-20260930-08:59:48-58
Setting up network "dect2020scheduledaccess.DectScheduledAccessNetwork"...
Initializing...

Running simulation...
** Event #0   t=0   Elapsed: 3e-06s (0m 00s)
     Speed:     ev/sec=0   simsec/sec=0   ev/simsec=0
     Messages:  created: 2   present: 2   in FES: 2
** Event #240677   t=268.077333345   Elapsed: 0.023572s (0m 00s)
     Speed:     ev/sec=1.02125e+07   simsec/sec=11375.1   ev/simsec=897.791
     Messages:  created: 2   present: 2   in FES: 1

<!> Simulation stopped with endSimulation() -- in module (ScheduledAccessQueue) DectScheduledAccessNetwork.queue (id=2), at t=268.077333345s, event #240677

Calling finish() at end of Run #163...

Preparing for running configuration MonetecFocusedSmallR, run #164...
Scenario: $r=1, $rho=0.275, $repetition=2
Assigned runID=MonetecFocusedSmallR-164-20260930-08:59:48-58
Setting up network "dect2020scheduledaccess.DectScheduledAccessNetwork"...
Initializing...

Running simulation...
** Event #0   t=0   Elapsed: 4e-06s (0m 00s)
     Speed:     ev/sec=0   simsec/sec=0   ev/simsec=0
     Messages:  created: 2   present: 2   in FES: 2
** Event #240842   t=268.914333345   Elapsed: 0.023243s (0m 00s)
     Speed:     ev/sec=1.03641e+07   simsec/sec=11572.2   ev/simsec=895.61
     Messages:  created: 2   present: 2   in FES: 1

<!> Simulation stopped with endSimulation() -- in module (ScheduledAccessQueue) DectScheduledAccessNetwork.queue (id=2), at t=268.914333345s, event #240842

Calling finish() at end of Run #164...

Preparing for running configuration MonetecFocusedSmallR, run #165...
Scenario: $r=1, $rho=0.280, $repetition=0
Assigned runID=MonetecFocusedSmallR-165-20260930-08:59:48-58
Setting up network "dect2020scheduledaccess.DectScheduledAccessNetwork"...
Initializing...

Running simulation...
** Event #0   t=0   Elapsed: 4e-06s (0m 00s)
     Speed:     ev/sec=0   simsec/sec=0   ev/simsec=0
     Messages:  created: 2   present: 2   in FES: 2
** Event #243216   t=267.438333345   Elapsed: 0.023344s (0m 00s)
     Speed:     ev/sec=1.04215e+07   simsec/sec=11459.3   ev/simsec=909.428
     Messages:  created: 2   present: 2   in FES: 1

<!> Simulation stopped with endSimulation() -- in module (ScheduledAccessQueue) DectScheduledAccessNetwork.queue (id=2), at t=267.438333345s, event #243216

Calling finish() at end of Run #165...

Preparing for running configuration MonetecFocusedSmallR, run #166...
Scenario: $r=1, $rho=0.280, $repetition=1
Assigned runID=MonetecFocusedSmallR-166-20260930-08:59:48-58
Setting up network "dect2020scheduledaccess.DectScheduledAccessNetwork"...
Initializing...

Running simulation...
** Event #0   t=0   Elapsed: 2.2e-05s (0m 00s)
     Speed:     ev/sec=0   simsec/sec=0   ev/simsec=0
     Messages:  created: 2   present: 2   in FES: 2
** Event #243912   t=268.176333345   Elapsed: 0.023613s (0m 00s)
     Speed:     ev/sec=1.03401e+07   simsec/sec=11368.7   ev/simsec=909.522
     Messages:  created: 2   present: 2   in FES: 1

<!> Simulation stopped with endSimulation() -- in module (ScheduledAccessQueue) DectScheduledAccessNetwork.queue (id=2), at t=268.176333345s, event #243912

Calling finish() at end of Run #166...

Preparing for running configuration MonetecFocusedSmallR, run #167...
Scenario: $r=1, $rho=0.280, $repetition=2
Assigned runID=MonetecFocusedSmallR-167-20260930-08:59:48-58
Setting up network "dect2020scheduledaccess.DectScheduledAccessNetwork"...
Initializing...

Running simulation...
** Event #0   t=0   Elapsed: 3e-06s (0m 00s)
     Speed:     ev/sec=0   simsec/sec=0   ev/simsec=0
     Messages:  created: 2   present: 2   in FES: 2
** Event #243838   t=268.644750011667   Elapsed: 0.030313s (0m 00s)
     Speed:     ev/sec=8.04613e+06   simsec/sec=8864.69   ev/simsec=907.661
     Messages:  created: 2   present: 2   in FES: 1

<!> Simulation stopped with endSimulation() -- in module (ScheduledAccessQueue) DectScheduledAccessNetwork.queue (id=2), at t=268.644750011667s, event #243838

Calling finish() at end of Run #167...

Preparing for running configuration MonetecFocusedSmallR, run #168...
Scenario: $r=1, $rho=0.285, $repetition=0
Assigned runID=MonetecFocusedSmallR-168-20260930-08:59:48-58
Setting up network "dect2020scheduledaccess.DectScheduledAccessNetwork"...
Initializing...

Running simulation...
** Event #0   t=0   Elapsed: 3.4e-05s (0m 00s)
     Speed:     ev/sec=0   simsec/sec=0   ev/simsec=0
     Messages:  created: 2   present: 2   in FES: 2
** Event #246462   t=267.483333345   Elapsed: 0.024023s (0m 00s)
     Speed:     ev/sec=1.02748e+07   simsec/sec=11151.2   ev/simsec=921.412
     Messages:  created: 2   present: 2   in FES: 1

<!> Simulation stopped with endSimulation() -- in module (ScheduledAccessQueue) DectScheduledAccessNetwork.queue (id=2), at t=267.483333345s, event #246462

Calling finish() at end of Run #168...

Preparing for running configuration MonetecFocusedSmallR, run #169...
Scenario: $r=1, $rho=0.285, $repetition=1
Assigned runID=MonetecFocusedSmallR-169-20260930-08:59:49-58
Setting up network "dect2020scheduledaccess.DectScheduledAccessNetwork"...
Initializing...

Running simulation...
** Event #0   t=0   Elapsed: 3e-06s (0m 00s)
     Speed:     ev/sec=0   simsec/sec=0   ev/simsec=0
     Messages:  created: 2   present: 2   in FES: 2
** Event #246202   t=267.024333345   Elapsed: 0.023639s (0m 00s)
     Speed:     ev/sec=1.04168e+07   simsec/sec=11297.8   ev/simsec=922.022
     Messages:  created: 2   present: 2   in FES: 1

<!> Simulation stopped with endSimulation() -- in module (ScheduledAccessQueue) DectScheduledAccessNetwork.queue (id=2), at t=267.024333345s, event #246202

Calling finish() at end of Run #169...

Preparing for running configuration MonetecFocusedSmallR, run #170...
Scenario: $r=1, $rho=0.285, $repetition=2
Assigned runID=MonetecFocusedSmallR-170-20260930-08:59:49-58
Setting up network "dect2020scheduledaccess.DectScheduledAccessNetwork"...
Initializing...

Running simulation...
** Event #0   t=0   Elapsed: 2.7e-05s (0m 00s)
     Speed:     ev/sec=0   simsec/sec=0   ev/simsec=0
     Messages:  created: 2   present: 2   in FES: 2
** Event #245760   t=266.961333345   Elapsed: 0.023768s (0m 00s)
     Speed:     ev/sec=1.0353e+07   simsec/sec=11246.1   ev/simsec=920.584
     Messages:  created: 2   present: 2   in FES: 1

<!> Simulation stopped with endSimulation() -- in module (ScheduledAccessQueue) DectScheduledAccessNetwork.queue (id=2), at t=266.961333345s, event #245760

Calling finish() at end of Run #170...

Preparing for running configuration MonetecFocusedSmallR, run #171...
Scenario: $r=1, $rho=0.290, $repetition=0
Assigned runID=MonetecFocusedSmallR-171-20260930-08:59:49-58
Setting up network "dect2020scheduledaccess.DectScheduledAccessNetwork"...
Initializing...

Running simulation...
** Event #0   t=0   Elapsed: 2.5e-05s (0m 00s)
     Speed:     ev/sec=0   simsec/sec=0   ev/simsec=0
     Messages:  created: 2   present: 2   in FES: 2
** Event #249731   t=267.564333345   Elapsed: 0.024059s (0m 00s)
     Speed:     ev/sec=1.03916e+07   simsec/sec=11133.7   ev/simsec=933.351
     Messages:  created: 2   present: 2   in FES: 1

<!> Simulation stopped with endSimulation() -- in module (ScheduledAccessQueue) DectScheduledAccessNetwork.queue (id=2), at t=267.564333345s, event #249731

Calling finish() at end of Run #171...

Preparing for running configuration MonetecFocusedSmallR, run #172...
Scenario: $r=1, $rho=0.290, $repetition=1
Assigned runID=MonetecFocusedSmallR-172-20260930-08:59:49-58
Setting up network "dect2020scheduledaccess.DectScheduledAccessNetwork"...
Initializing...

Running simulation...
** Event #0   t=0   Elapsed: 3e-06s (0m 00s)
     Speed:     ev/sec=0   simsec/sec=0   ev/simsec=0
     Messages:  created: 2   present: 2   in FES: 2
** Event #248856   t=266.403333345   Elapsed: 0.024276s (0m 00s)
     Speed:     ev/sec=1.02541e+07   simsec/sec=10977.1   ev/simsec=934.134
     Messages:  created: 2   present: 2   in FES: 1

<!> Simulation stopped with endSimulation() -- in module (ScheduledAccessQueue) DectScheduledAccessNetwork.queue (id=2), at t=266.403333345s, event #248856

Calling finish() at end of Run #172...

Preparing for running configuration MonetecFocusedSmallR, run #173...
Scenario: $r=1, $rho=0.290, $repetition=2
Assigned runID=MonetecFocusedSmallR-173-20260930-08:59:49-58
Setting up network "dect2020scheduledaccess.DectScheduledAccessNetwork"...
Initializing...

Running simulation...
** Event #0   t=0   Elapsed: 3e-06s (0m 00s)
     Speed:     ev/sec=0   simsec/sec=0   ev/simsec=0
     Messages:  created: 2   present: 2   in FES: 2
** Event #248697   t=266.592750011667   Elapsed: 0.024309s (0m 00s)
     Speed:     ev/sec=1.02328e+07   simsec/sec=10969.1   ev/simsec=932.873
     Messages:  created: 2   present: 2   in FES: 1

<!> Simulation stopped with endSimulation() -- in module (ScheduledAccessQueue) DectScheduledAccessNetwork.queue (id=2), at t=266.592750011667s, event #248697

Calling finish() at end of Run #173...

Preparing for running configuration MonetecFocusedSmallR, run #174...
Scenario: $r=1, $rho=0.295, $repetition=0
Assigned runID=MonetecFocusedSmallR-174-20260930-08:59:49-58
Setting up network "dect2020scheduledaccess.DectScheduledAccessNetwork"...
Initializing...

Running simulation...
** Event #0   t=0   Elapsed: 4e-06s (0m 00s)
     Speed:     ev/sec=0   simsec/sec=0   ev/simsec=0
     Messages:  created: 2   present: 2   in FES: 2
** Event #251352   t=265.674333345   Elapsed: 0.024761s (0m 00s)
     Speed:     ev/sec=1.0154e+07   simsec/sec=10732.6   ev/simsec=946.092
     Messages:  created: 2   present: 2   in FES: 1

<!> Simulation stopped with endSimulation() -- in module (ScheduledAccessQueue) DectScheduledAccessNetwork.queue (id=2), at t=265.674333345s, event #251352

Calling finish() at end of Run #174...

Preparing for running configuration MonetecFocusedSmallR, run #175...
Scenario: $r=1, $rho=0.295, $repetition=1
Assigned runID=MonetecFocusedSmallR-175-20260930-08:59:49-58
Setting up network "dect2020scheduledaccess.DectScheduledAccessNetwork"...
Initializing...

Running simulation...
** Event #0   t=0   Elapsed: 1.7e-05s (0m 00s)
     Speed:     ev/sec=0   simsec/sec=0   ev/simsec=0
     Messages:  created: 2   present: 2   in FES: 2
** Event #251373   t=265.521333345   Elapsed: 0.024583s (0m 00s)
     Speed:     ev/sec=1.0233e+07   simsec/sec=10808.9   ev/simsec=946.715
     Messages:  created: 2   present: 2   in FES: 1

<!> Simulation stopped with endSimulation() -- in module (ScheduledAccessQueue) DectScheduledAccessNetwork.queue (id=2), at t=265.521333345s, event #251373

Calling finish() at end of Run #175...

Preparing for running configuration MonetecFocusedSmallR, run #176...
Scenario: $r=1, $rho=0.295, $repetition=2
Assigned runID=MonetecFocusedSmallR-176-20260930-08:59:49-58
Setting up network "dect2020scheduledaccess.DectScheduledAccessNetwork"...
Initializing...

Running simulation...
** Event #0   t=0   Elapsed: 3e-06s (0m 00s)
     Speed:     ev/sec=0   simsec/sec=0   ev/simsec=0
     Messages:  created: 2   present: 2   in FES: 2
** Event #251447   t=266.178750011667   Elapsed: 0.025523s (0m 00s)
     Speed:     ev/sec=9.85448e+06   simsec/sec=10431.8   ev/simsec=944.656
     Messages:  created: 2   present: 2   in FES: 1

<!> Simulation stopped with endSimulation() -- in module (ScheduledAccessQueue) DectScheduledAccessNetwork.queue (id=2), at t=266.178750011667s, event #251447

Calling finish() at end of Run #176...

Preparing for running configuration MonetecFocusedSmallR, run #177...
Scenario: $r=1, $rho=0.300, $repetition=0
Assigned runID=MonetecFocusedSmallR-177-20260930-08:59:49-58
Setting up network "dect2020scheduledaccess.DectScheduledAccessNetwork"...
Initializing...

Running simulation...
** Event #0   t=0   Elapsed: 4e-06s (0m 00s)
     Speed:     ev/sec=0   simsec/sec=0   ev/simsec=0
     Messages:  created: 2   present: 2   in FES: 2
** Event #254119   t=265.170333345   Elapsed: 0.024875s (0m 00s)
     Speed:     ev/sec=1.02175e+07   simsec/sec=10661.8   ev/simsec=958.325
     Messages:  created: 2   present: 2   in FES: 1

<!> Simulation stopped with endSimulation() -- in module (ScheduledAccessQueue) DectScheduledAccessNetwork.queue (id=2), at t=265.170333345s, event #254119

Calling finish() at end of Run #177...

Preparing for running configuration MonetecFocusedSmallR, run #178...
Scenario: $r=1, $rho=0.300, $repetition=1
Assigned runID=MonetecFocusedSmallR-178-20260930-08:59:49-58
Setting up network "dect2020scheduledaccess.DectScheduledAccessNetwork"...
Initializing...

Running simulation...
** Event #0   t=0   Elapsed: 3e-06s (0m 00s)
     Speed:     ev/sec=0   simsec/sec=0   ev/simsec=0
     Messages:  created: 2   present: 2   in FES: 2
** Event #253586   t=264.369333345   Elapsed: 0.02481s (0m 00s)
     Speed:     ev/sec=1.02228e+07   simsec/sec=10657.5   ev/simsec=959.213
     Messages:  created: 2   present: 2   in FES: 1

<!> Simulation stopped with endSimulation() -- in module (ScheduledAccessQueue) DectScheduledAccessNetwork.queue (id=2), at t=264.369333345s, event #253586

Calling finish() at end of Run #178...

Preparing for running configuration MonetecFocusedSmallR, run #179...
Scenario: $r=1, $rho=0.300, $repetition=2
Assigned runID=MonetecFocusedSmallR-179-20260930-08:59:49-58
Setting up network "dect2020scheduledaccess.DectScheduledAccessNetwork"...
Initializing...

Running simulation...
** Event #0   t=0   Elapsed: 3e-06s (0m 00s)
     Speed:     ev/sec=0   simsec/sec=0   ev/simsec=0
     Messages:  created: 2   present: 2   in FES: 2
** Event #254695   t=266.169333345   Elapsed: 0.025162s (0m 00s)
     Speed:     ev/sec=1.01242e+07   simsec/sec=10580.3   ev/simsec=956.892
     Messages:  created: 2   present: 2   in FES: 1

<!> Simulation stopped with endSimulation() -- in module (ScheduledAccessQueue) DectScheduledAccessNetwork.queue (id=2), at t=266.169333345s, event #254695

Calling finish() at end of Run #179...

Preparing for running configuration MonetecFocusedSmallR, run #180...
Scenario: $r=3, $rho=0.005, $repetition=0
Assigned runID=MonetecFocusedSmallR-180-20260930-08:59:49-58
Setting up network "dect2020scheduledaccess.DectScheduledAccessNetwork"...
Initializing...

Running simulation...
** Event #0   t=0   Elapsed: 3e-06s (0m 00s)
     Speed:     ev/sec=0   simsec/sec=0   ev/simsec=0
     Messages:  created: 2   present: 2   in FES: 2
** Event #389568   t=2890.668333345   Elapsed: 0.028864s (0m 00s)
     Speed:     ev/sec=1.34999e+07   simsec/sec=100172   ev/simsec=134.767
     Messages:  created: 2   present: 2   in FES: 1

<!> Simulation stopped with endSimulation() -- in module (ScheduledAccessQueue) DectScheduledAccessNetwork.queue (id=2), at t=2890.668333345s, event #389568

Calling finish() at end of Run #180...

Preparing for running configuration MonetecFocusedSmallR, run #181...
Scenario: $r=3, $rho=0.005, $repetition=1
Assigned runID=MonetecFocusedSmallR-181-20260930-08:59:49-58
Setting up network "dect2020scheduledaccess.DectScheduledAccessNetwork"...
Initializing...

Running simulation...
** Event #0   t=0   Elapsed: 3e-06s (0m 00s)
     Speed:     ev/sec=0   simsec/sec=0   ev/simsec=0
     Messages:  created: 2   present: 2   in FES: 2
** Event #391458   t=2907.705333345   Elapsed: 0.028944s (0m 00s)
     Speed:     ev/sec=1.35275e+07   simsec/sec=100481   ev/simsec=134.628
     Messages:  created: 2   present: 2   in FES: 1

<!> Simulation stopped with endSimulation() -- in module (ScheduledAccessQueue) DectScheduledAccessNetwork.queue (id=2), at t=2907.705333345s, event #391458

Calling finish() at end of Run #181...

Preparing for running configuration MonetecFocusedSmallR, run #182...
Scenario: $r=3, $rho=0.005, $repetition=2
Assigned runID=MonetecFocusedSmallR-182-20260930-08:59:49-58
Setting up network "dect2020scheduledaccess.DectScheduledAccessNetwork"...
Initializing...

Running simulation...
** Event #0   t=0   Elapsed: 4e-06s (0m 00s)
     Speed:     ev/sec=0   simsec/sec=0   ev/simsec=0
     Messages:  created: 2   present: 2   in FES: 2
** Event #388647   t=2882.352333345   Elapsed: 0.02901s (0m 00s)
     Speed:     ev/sec=1.33998e+07   simsec/sec=99377.7   ev/simsec=134.837
     Messages:  created: 2   present: 2   in FES: 1

<!> Simulation stopped with endSimulation() -- in module (ScheduledAccessQueue) DectScheduledAccessNetwork.queue (id=2), at t=2882.352333345s, event #388647

Calling finish() at end of Run #182...

Preparing for running configuration MonetecFocusedSmallR, run #183...
Scenario: $r=3, $rho=0.010, $repetition=0
Assigned runID=MonetecFocusedSmallR-183-20260930-08:59:49-58
Setting up network "dect2020scheduledaccess.DectScheduledAccessNetwork"...
Initializing...

Running simulation...
** Event #0   t=0   Elapsed: 3e-06s (0m 00s)
     Speed:     ev/sec=0   simsec/sec=0   ev/simsec=0
     Messages:  created: 2   present: 2   in FES: 2
** Event #229086   t=1446.141333345   Elapsed: 0.017847s (0m 00s)
     Speed:     ev/sec=1.28397e+07   simsec/sec=81052.6   ev/simsec=158.412
     Messages:  created: 2   present: 2   in FES: 1

<!> Simulation stopped with endSimulation() -- in module (ScheduledAccessQueue) DectScheduledAccessNetwork.queue (id=2), at t=1446.141333345s, event #229086

Calling finish() at end of Run #183...

Preparing for running configuration MonetecFocusedSmallR, run #184...
Scenario: $r=3, $rho=0.010, $repetition=1
Assigned runID=MonetecFocusedSmallR-184-20260930-08:59:49-58
Setting up network "dect2020scheduledaccess.DectScheduledAccessNetwork"...
Initializing...

Running simulation...
** Event #0   t=0   Elapsed: 4e-06s (0m 00s)
     Speed:     ev/sec=0   simsec/sec=0   ev/simsec=0
     Messages:  created: 2   present: 2   in FES: 2
** Event #229958   t=1454.151333345   Elapsed: 0.017883s (0m 00s)
     Speed:     ev/sec=1.28626e+07   simsec/sec=81337.4   ev/simsec=158.139
     Messages:  created: 2   present: 2   in FES: 1

<!> Simulation stopped with endSimulation() -- in module (ScheduledAccessQueue) DectScheduledAccessNetwork.queue (id=2), at t=1454.151333345s, event #229958

Calling finish() at end of Run #184...

Preparing for running configuration MonetecFocusedSmallR, run #185...
Scenario: $r=3, $rho=0.010, $repetition=2
Assigned runID=MonetecFocusedSmallR-185-20260930-08:59:49-58
Setting up network "dect2020scheduledaccess.DectScheduledAccessNetwork"...
Initializing...

Running simulation...
** Event #0   t=0   Elapsed: 3e-06s (0m 00s)
     Speed:     ev/sec=0   simsec/sec=0   ev/simsec=0
     Messages:  created: 2   present: 2   in FES: 2
** Event #228609   t=1441.875333345   Elapsed: 0.017797s (0m 00s)
     Speed:     ev/sec=1.28483e+07   simsec/sec=81036.1   ev/simsec=158.55
     Messages:  created: 2   present: 2   in FES: 1

<!> Simulation stopped with endSimulation() -- in module (ScheduledAccessQueue) DectScheduledAccessNetwork.queue (id=2), at t=1441.875333345s, event #228609

Calling finish() at end of Run #185...

Preparing for running configuration MonetecFocusedSmallR, run #186...
Scenario: $r=3, $rho=0.015, $repetition=0
Assigned runID=MonetecFocusedSmallR-186-20260930-08:59:49-58
Setting up network "dect2020scheduledaccess.DectScheduledAccessNetwork"...
Initializing...

Running simulation...
** Event #0   t=0   Elapsed: 4e-06s (0m 00s)
     Speed:     ev/sec=0   simsec/sec=0   ev/simsec=0
     Messages:  created: 2   present: 2   in FES: 2
** Event #175629   t=964.758333345   Elapsed: 0.014089s (0m 00s)
     Speed:     ev/sec=1.24701e+07   simsec/sec=68500.3   ev/simsec=182.045
     Messages:  created: 2   present: 2   in FES: 1

<!> Simulation stopped with endSimulation() -- in module (ScheduledAccessQueue) DectScheduledAccessNetwork.queue (id=2), at t=964.758333345s, event #175629

Calling finish() at end of Run #186...

Preparing for running configuration MonetecFocusedSmallR, run #187...
Scenario: $r=3, $rho=0.015, $repetition=1
Assigned runID=MonetecFocusedSmallR-187-20260930-08:59:49-58
Setting up network "dect2020scheduledaccess.DectScheduledAccessNetwork"...
Initializing...

Running simulation...
** Event #0   t=0   Elapsed: 3e-06s (0m 00s)
     Speed:     ev/sec=0   simsec/sec=0   ev/simsec=0
     Messages:  created: 2   present: 2   in FES: 2
** Event #176197   t=970.068333345   Elapsed: 0.014153s (0m 00s)
     Speed:     ev/sec=1.2453e+07   simsec/sec=68560.9   ev/simsec=181.634
     Messages:  created: 2   present: 2   in FES: 1

<!> Simulation stopped with endSimulation() -- in module (ScheduledAccessQueue) DectScheduledAccessNetwork.queue (id=2), at t=970.068333345s, event #176197

Calling finish() at end of Run #187...

Preparing for running configuration MonetecFocusedSmallR, run #188...
Scenario: $r=3, $rho=0.015, $repetition=2
Assigned runID=MonetecFocusedSmallR-188-20260930-08:59:49-58
Setting up network "dect2020scheduledaccess.DectScheduledAccessNetwork"...
Initializing...

Running simulation...
** Event #0   t=0   Elapsed: 3e-06s (0m 00s)
     Speed:     ev/sec=0   simsec/sec=0   ev/simsec=0
     Messages:  created: 2   present: 2   in FES: 2
** Event #175400   t=962.616333345   Elapsed: 0.014369s (0m 00s)
     Speed:     ev/sec=1.22094e+07   simsec/sec=67006.5   ev/simsec=182.212
     Messages:  created: 2   present: 2   in FES: 1

<!> Simulation stopped with endSimulation() -- in module (ScheduledAccessQueue) DectScheduledAccessNetwork.queue (id=2), at t=962.616333345s, event #175400

Calling finish() at end of Run #188...

Preparing for running configuration MonetecFocusedSmallR, run #189...
Scenario: $r=3, $rho=0.020, $repetition=0
Assigned runID=MonetecFocusedSmallR-189-20260930-08:59:49-58
Setting up network "dect2020scheduledaccess.DectScheduledAccessNetwork"...
Initializing...

Running simulation...
** Event #0   t=0   Elapsed: 3e-06s (0m 00s)
     Speed:     ev/sec=0   simsec/sec=0   ev/simsec=0
     Messages:  created: 2   present: 2   in FES: 2
** Event #148942   t=724.224333345   Elapsed: 0.01244s (0m 00s)
     Speed:     ev/sec=1.19767e+07   simsec/sec=58236.1   ev/simsec=205.657
     Messages:  created: 2   present: 2   in FES: 1

<!> Simulation stopped with endSimulation() -- in module (ScheduledAccessQueue) DectScheduledAccessNetwork.queue (id=2), at t=724.224333345s, event #148942

Calling finish() at end of Run #189...

Preparing for running configuration MonetecFocusedSmallR, run #190...
Scenario: $r=3, $rho=0.020, $repetition=1
Assigned runID=MonetecFocusedSmallR-190-20260930-08:59:49-58
Setting up network "dect2020scheduledaccess.DectScheduledAccessNetwork"...
Initializing...

Running simulation...
** Event #0   t=0   Elapsed: 4e-06s (0m 00s)
     Speed:     ev/sec=0   simsec/sec=0   ev/simsec=0
     Messages:  created: 2   present: 2   in FES: 2
** Event #149434   t=728.652750011667   Elapsed: 0.012347s (0m 00s)
     Speed:     ev/sec=1.21058e+07   simsec/sec=59028.9   ev/simsec=205.083
     Messages:  created: 2   present: 2   in FES: 1

<!> Simulation stopped with endSimulation() -- in module (ScheduledAccessQueue) DectScheduledAccessNetwork.queue (id=2), at t=728.652750011667s, event #149434

Calling finish() at end of Run #190...

Preparing for running configuration MonetecFocusedSmallR, run #191...
Scenario: $r=3, $rho=0.020, $repetition=2
Assigned runID=MonetecFocusedSmallR-191-20260930-08:59:49-58
Setting up network "dect2020scheduledaccess.DectScheduledAccessNetwork"...
Initializing...

Running simulation...
** Event #0   t=0   Elapsed: 3e-06s (0m 00s)
     Speed:     ev/sec=0   simsec/sec=0   ev/simsec=0
     Messages:  created: 2   present: 2   in FES: 2
** Event #148845   t=723.063750011667   Elapsed: 0.012397s (0m 00s)
     Speed:     ev/sec=1.20114e+07   simsec/sec=58349.2   ev/simsec=205.853
     Messages:  created: 2   present: 2   in FES: 1

<!> Simulation stopped with endSimulation() -- in module (ScheduledAccessQueue) DectScheduledAccessNetwork.queue (id=2), at t=723.063750011667s, event #148845

Calling finish() at end of Run #191...

Preparing for running configuration MonetecFocusedSmallR, run #192...
Scenario: $r=3, $rho=0.025, $repetition=0
Assigned runID=MonetecFocusedSmallR-192-20260930-08:59:49-58
Setting up network "dect2020scheduledaccess.DectScheduledAccessNetwork"...
Initializing...

Running simulation...
** Event #0   t=0   Elapsed: 3e-06s (0m 00s)
     Speed:     ev/sec=0   simsec/sec=0   ev/simsec=0
     Messages:  created: 2   present: 2   in FES: 2
** Event #133200   t=581.430333345   Elapsed: 0.011309s (0m 00s)
     Speed:     ev/sec=1.17824e+07   simsec/sec=51431.2   ev/simsec=229.09
     Messages:  created: 2   present: 2   in FES: 1

<!> Simulation stopped with endSimulation() -- in module (ScheduledAccessQueue) DectScheduledAccessNetwork.queue (id=2), at t=581.430333345s, event #133200

Calling finish() at end of Run #192...

Preparing for running configuration MonetecFocusedSmallR, run #193...
Scenario: $r=3, $rho=0.025, $repetition=1
Assigned runID=MonetecFocusedSmallR-193-20260930-08:59:49-58
Setting up network "dect2020scheduledaccess.DectScheduledAccessNetwork"...
Initializing...

Running simulation...
** Event #0   t=0   Elapsed: 3e-06s (0m 00s)
     Speed:     ev/sec=0   simsec/sec=0   ev/simsec=0
     Messages:  created: 2   present: 2   in FES: 2
** Event #133537   t=584.607750011667   Elapsed: 0.011364s (0m 00s)
     Speed:     ev/sec=1.1754e+07   simsec/sec=51457.4   ev/simsec=228.422
     Messages:  created: 2   present: 2   in FES: 1

<!> Simulation stopped with endSimulation() -- in module (ScheduledAccessQueue) DectScheduledAccessNetwork.queue (id=2), at t=584.607750011667s, event #133537

Calling finish() at end of Run #193...

Preparing for running configuration MonetecFocusedSmallR, run #194...
Scenario: $r=3, $rho=0.025, $repetition=2
Assigned runID=MonetecFocusedSmallR-194-20260930-08:59:49-58
Setting up network "dect2020scheduledaccess.DectScheduledAccessNetwork"...
Initializing...

Running simulation...
** Event #0   t=0   Elapsed: 4e-06s (0m 00s)
     Speed:     ev/sec=0   simsec/sec=0   ev/simsec=0
     Messages:  created: 2   present: 2   in FES: 2
** Event #133050   t=580.053333345   Elapsed: 0.011388s (0m 00s)
     Speed:     ev/sec=1.16864e+07   simsec/sec=50948.9   ev/simsec=229.376
     Messages:  created: 2   present: 2   in FES: 1

<!> Simulation stopped with endSimulation() -- in module (ScheduledAccessQueue) DectScheduledAccessNetwork.queue (id=2), at t=580.053333345s, event #133050

Calling finish() at end of Run #194...

Preparing for running configuration MonetecFocusedSmallR, run #195...
Scenario: $r=3, $rho=0.030, $repetition=0
Assigned runID=MonetecFocusedSmallR-195-20260930-08:59:49-58
Setting up network "dect2020scheduledaccess.DectScheduledAccessNetwork"...
Initializing...

Running simulation...
** Event #0   t=0   Elapsed: 3e-06s (0m 00s)
     Speed:     ev/sec=0   simsec/sec=0   ev/simsec=0
     Messages:  created: 2   present: 2   in FES: 2
** Event #122732   t=486.120333345   Elapsed: 0.010738s (0m 00s)
     Speed:     ev/sec=1.14329e+07   simsec/sec=45283.6   ev/simsec=252.473
     Messages:  created: 2   present: 2   in FES: 1

<!> Simulation stopped with endSimulation() -- in module (ScheduledAccessQueue) DectScheduledAccessNetwork.queue (id=2), at t=486.120333345s, event #122732

Calling finish() at end of Run #195...

Preparing for running configuration MonetecFocusedSmallR, run #196...
Scenario: $r=3, $rho=0.030, $repetition=1
Assigned runID=MonetecFocusedSmallR-196-20260930-08:59:49-58
Setting up network "dect2020scheduledaccess.DectScheduledAccessNetwork"...
Initializing...

Running simulation...
** Event #0   t=0   Elapsed: 4e-06s (0m 00s)
     Speed:     ev/sec=0   simsec/sec=0   ev/simsec=0
     Messages:  created: 2   present: 2   in FES: 2
** Event #123120   t=489.396333345   Elapsed: 0.010677s (0m 00s)
     Speed:     ev/sec=1.15346e+07   simsec/sec=45849.3   ev/simsec=251.575
     Messages:  created: 2   present: 2   in FES: 1

<!> Simulation stopped with endSimulation() -- in module (ScheduledAccessQueue) DectScheduledAccessNetwork.queue (id=2), at t=489.396333345s, event #123120

Calling finish() at end of Run #196...

Preparing for running configuration MonetecFocusedSmallR, run #197...
Scenario: $r=3, $rho=0.030, $repetition=2
Assigned runID=MonetecFocusedSmallR-197-20260930-08:59:49-58
Setting up network "dect2020scheduledaccess.DectScheduledAccessNetwork"...
Initializing...

Running simulation...
** Event #0   t=0   Elapsed: 3e-06s (0m 00s)
     Speed:     ev/sec=0   simsec/sec=0   ev/simsec=0
     Messages:  created: 2   present: 2   in FES: 2
** Event #122768   t=485.976333345   Elapsed: 0.010447s (0m 00s)
     Speed:     ev/sec=1.1756e+07   simsec/sec=46536   ev/simsec=252.622
     Messages:  created: 2   present: 2   in FES: 1

<!> Simulation stopped with endSimulation() -- in module (ScheduledAccessQueue) DectScheduledAccessNetwork.queue (id=2), at t=485.976333345s, event #122768

Calling finish() at end of Run #197...

Preparing for running configuration MonetecFocusedSmallR, run #198...
Scenario: $r=3, $rho=0.035, $repetition=0
Assigned runID=MonetecFocusedSmallR-198-20260930-08:59:49-58
Setting up network "dect2020scheduledaccess.DectScheduledAccessNetwork"...
Initializing...

Running simulation...
** Event #0   t=0   Elapsed: 3e-06s (0m 00s)
     Speed:     ev/sec=0   simsec/sec=0   ev/simsec=0
     Messages:  created: 2   present: 2   in FES: 2
** Event #115537   t=419.421333345   Elapsed: 0.009969s (0m 00s)
     Speed:     ev/sec=0   simsec/sec=0   ev/simsec=0
     Messages:  created: 2   present: 2   in FES: 1

<!> Simulation stopped with endSimulation() -- in module (ScheduledAccessQueue) DectScheduledAccessNetwork.queue (id=2), at t=419.421333345s, event #115537

Calling finish() at end of Run #198...

Preparing for running configuration MonetecFocusedSmallR, run #199...
Scenario: $r=3, $rho=0.035, $repetition=1
Assigned runID=MonetecFocusedSmallR-199-20260930-08:59:49-58
Setting up network "dect2020scheduledaccess.DectScheduledAccessNetwork"...
Initializing...

Running simulation...
** Event #0   t=0   Elapsed: 4e-06s (0m 00s)
     Speed:     ev/sec=0   simsec/sec=0   ev/simsec=0
     Messages:  created: 2   present: 2   in FES: 2
** Event #115897   t=422.229333345   Elapsed: 0.00998s (0m 00s)
     Speed:     ev/sec=0   simsec/sec=0   ev/simsec=0
     Messages:  created: 2   present: 2   in FES: 1

<!> Simulation stopped with endSimulation() -- in module (ScheduledAccessQueue) DectScheduledAccessNetwork.queue (id=2), at t=422.229333345s, event #115897

Calling finish() at end of Run #199...

Preparing for running configuration MonetecFocusedSmallR, run #200...
Scenario: $r=3, $rho=0.035, $repetition=2
Assigned runID=MonetecFocusedSmallR-200-20260930-08:59:49-58
Setting up network "dect2020scheduledaccess.DectScheduledAccessNetwork"...
Initializing...

Running simulation...
** Event #0   t=0   Elapsed: 4e-06s (0m 00s)
     Speed:     ev/sec=0   simsec/sec=0   ev/simsec=0
     Messages:  created: 2   present: 2   in FES: 2
** Event #115592   t=419.367333345   Elapsed: 0.010277s (0m 00s)
     Speed:     ev/sec=1.1252e+07   simsec/sec=40822.2   ev/simsec=275.635
     Messages:  created: 2   present: 2   in FES: 1

<!> Simulation stopped with endSimulation() -- in module (ScheduledAccessQueue) DectScheduledAccessNetwork.queue (id=2), at t=419.367333345s, event #115592

Calling finish() at end of Run #200...

Preparing for running configuration MonetecFocusedSmallR, run #201...
Scenario: $r=3, $rho=0.040, $repetition=0
Assigned runID=MonetecFocusedSmallR-201-20260930-08:59:49-58
Setting up network "dect2020scheduledaccess.DectScheduledAccessNetwork"...
Initializing...

Running simulation...
** Event #0   t=0   Elapsed: 3e-06s (0m 00s)
     Speed:     ev/sec=0   simsec/sec=0   ev/simsec=0
     Messages:  created: 2   present: 2   in FES: 2
** Event #110327   t=369.921333345   Elapsed: 0.009568s (0m 00s)
     Speed:     ev/sec=0   simsec/sec=0   ev/simsec=0
     Messages:  created: 2   present: 2   in FES: 1

<!> Simulation stopped with endSimulation() -- in module (ScheduledAccessQueue) DectScheduledAccessNetwork.queue (id=2), at t=369.921333345s, event #110327

Calling finish() at end of Run #201...

Preparing for running configuration MonetecFocusedSmallR, run #202...
Scenario: $r=3, $rho=0.040, $repetition=1
Assigned runID=MonetecFocusedSmallR-202-20260930-08:59:49-58
Setting up network "dect2020scheduledaccess.DectScheduledAccessNetwork"...
Initializing...

Running simulation...
** Event #0   t=0   Elapsed: 3e-06s (0m 00s)
     Speed:     ev/sec=0   simsec/sec=0   ev/simsec=0
     Messages:  created: 2   present: 2   in FES: 2
** Event #110635   t=372.450333345   Elapsed: 0.009599s (0m 00s)
     Speed:     ev/sec=0   simsec/sec=0   ev/simsec=0
     Messages:  created: 2   present: 2   in FES: 1

<!> Simulation stopped with endSimulation() -- in module (ScheduledAccessQueue) DectScheduledAccessNetwork.queue (id=2), at t=372.450333345s, event #110635

Calling finish() at end of Run #202...

Preparing for running configuration MonetecFocusedSmallR, run #203...
Scenario: $r=3, $rho=0.040, $repetition=2
Assigned runID=MonetecFocusedSmallR-203-20260930-08:59:49-58
Setting up network "dect2020scheduledaccess.DectScheduledAccessNetwork"...
Initializing...

Running simulation...
** Event #0   t=0   Elapsed: 3e-06s (0m 00s)
     Speed:     ev/sec=0   simsec/sec=0   ev/simsec=0
     Messages:  created: 2   present: 2   in FES: 2
** Event #110331   t=369.615750011667   Elapsed: 0.009742s (0m 00s)
     Speed:     ev/sec=0   simsec/sec=0   ev/simsec=0
     Messages:  created: 2   present: 2   in FES: 1

<!> Simulation stopped with endSimulation() -- in module (ScheduledAccessQueue) DectScheduledAccessNetwork.queue (id=2), at t=369.615750011667s, event #110331

Calling finish() at end of Run #203...

Preparing for running configuration MonetecFocusedSmallR, run #204...
Scenario: $r=3, $rho=0.045, $repetition=0
Assigned runID=MonetecFocusedSmallR-204-20260930-08:59:49-58
Setting up network "dect2020scheduledaccess.DectScheduledAccessNetwork"...
Initializing...

Running simulation...
** Event #0   t=0   Elapsed: 3e-06s (0m 00s)
     Speed:     ev/sec=0   simsec/sec=0   ev/simsec=0
     Messages:  created: 2   present: 2   in FES: 2
** Event #106449   t=331.905750011667   Elapsed: 0.009304s (0m 00s)
     Speed:     ev/sec=0   simsec/sec=0   ev/simsec=0
     Messages:  created: 2   present: 2   in FES: 1

<!> Simulation stopped with endSimulation() -- in module (ScheduledAccessQueue) DectScheduledAccessNetwork.queue (id=2), at t=331.905750011667s, event #106449

Calling finish() at end of Run #204...

Preparing for running configuration MonetecFocusedSmallR, run #205...
Scenario: $r=3, $rho=0.045, $repetition=1
Assigned runID=MonetecFocusedSmallR-205-20260930-08:59:49-58
Setting up network "dect2020scheduledaccess.DectScheduledAccessNetwork"...
Initializing...

Running simulation...
** Event #0   t=0   Elapsed: 3e-06s (0m 00s)
     Speed:     ev/sec=0   simsec/sec=0   ev/simsec=0
     Messages:  created: 2   present: 2   in FES: 2
** Event #106733   t=334.245750011667   Elapsed: 0.009326s (0m 00s)
     Speed:     ev/sec=0   simsec/sec=0   ev/simsec=0
     Messages:  created: 2   present: 2   in FES: 1

<!> Simulation stopped with endSimulation() -- in module (ScheduledAccessQueue) DectScheduledAccessNetwork.queue (id=2), at t=334.245750011667s, event #106733

Calling finish() at end of Run #205...

Preparing for running configuration MonetecFocusedSmallR, run #206...
Scenario: $r=3, $rho=0.045, $repetition=2
Assigned runID=MonetecFocusedSmallR-206-20260930-08:59:49-58
Setting up network "dect2020scheduledaccess.DectScheduledAccessNetwork"...
Initializing...

Running simulation...
** Event #0   t=0   Elapsed: 3e-06s (0m 00s)
     Speed:     ev/sec=0   simsec/sec=0   ev/simsec=0
     Messages:  created: 2   present: 2   in FES: 2
** Event #106610   t=332.535750011667   Elapsed: 0.009975s (0m 00s)
     Speed:     ev/sec=0   simsec/sec=0   ev/simsec=0
     Messages:  created: 2   present: 2   in FES: 1

<!> Simulation stopped with endSimulation() -- in module (ScheduledAccessQueue) DectScheduledAccessNetwork.queue (id=2), at t=332.535750011667s, event #106610

Calling finish() at end of Run #206...

Preparing for running configuration MonetecFocusedSmallR, run #207...
Scenario: $r=3, $rho=0.050, $repetition=0
Assigned runID=MonetecFocusedSmallR-207-20260930-08:59:49-58
Setting up network "dect2020scheduledaccess.DectScheduledAccessNetwork"...
Initializing...

Running simulation...
** Event #0   t=0   Elapsed: 4e-06s (0m 00s)
     Speed:     ev/sec=0   simsec/sec=0   ev/simsec=0
     Messages:  created: 2   present: 2   in FES: 2
** Event #103516   t=302.007333345   Elapsed: 0.009237s (0m 00s)
     Speed:     ev/sec=0   simsec/sec=0   ev/simsec=0
     Messages:  created: 2   present: 2   in FES: 1

<!> Simulation stopped with endSimulation() -- in module (ScheduledAccessQueue) DectScheduledAccessNetwork.queue (id=2), at t=302.007333345s, event #103516

Calling finish() at end of Run #207...

Preparing for running configuration MonetecFocusedSmallR, run #208...
Scenario: $r=3, $rho=0.050, $repetition=1
Assigned runID=MonetecFocusedSmallR-208-20260930-08:59:49-58
Setting up network "dect2020scheduledaccess.DectScheduledAccessNetwork"...
Initializing...

Running simulation...
** Event #0   t=0   Elapsed: 3e-06s (0m 00s)
     Speed:     ev/sec=0   simsec/sec=0   ev/simsec=0
     Messages:  created: 2   present: 2   in FES: 2
** Event #103826   t=304.311333345   Elapsed: 0.00926s (0m 00s)
     Speed:     ev/sec=0   simsec/sec=0   ev/simsec=0
     Messages:  created: 2   present: 2   in FES: 1

<!> Simulation stopped with endSimulation() -- in module (ScheduledAccessQueue) DectScheduledAccessNetwork.queue (id=2), at t=304.311333345s, event #103826

Calling finish() at end of Run #208...

Preparing for running configuration MonetecFocusedSmallR, run #209...
Scenario: $r=3, $rho=0.050, $repetition=2
Assigned runID=MonetecFocusedSmallR-209-20260930-08:59:49-58
Setting up network "dect2020scheduledaccess.DectScheduledAccessNetwork"...
Initializing...

Running simulation...
** Event #0   t=0   Elapsed: 3e-06s (0m 00s)
     Speed:     ev/sec=0   simsec/sec=0   ev/simsec=0
     Messages:  created: 2   present: 2   in FES: 2
** Event #103699   t=302.736750011667   Elapsed: 0.009104s (0m 00s)
     Speed:     ev/sec=0   simsec/sec=0   ev/simsec=0
     Messages:  created: 2   present: 2   in FES: 1

<!> Simulation stopped with endSimulation() -- in module (ScheduledAccessQueue) DectScheduledAccessNetwork.queue (id=2), at t=302.736750011667s, event #103699

Calling finish() at end of Run #209...

Preparing for running configuration MonetecFocusedSmallR, run #210...
Scenario: $r=3, $rho=0.055, $repetition=0
Assigned runID=MonetecFocusedSmallR-210-20260930-08:59:49-58
Setting up network "dect2020scheduledaccess.DectScheduledAccessNetwork"...
Initializing...

Running simulation...
** Event #0   t=0   Elapsed: 3e-06s (0m 00s)
     Speed:     ev/sec=0   simsec/sec=0   ev/simsec=0
     Messages:  created: 2   present: 2   in FES: 2
** Event #101548   t=279.048333345   Elapsed: 0.009103s (0m 00s)
     Speed:     ev/sec=0   simsec/sec=0   ev/simsec=0
     Messages:  created: 2   present: 2   in FES: 1

<!> Simulation stopped with endSimulation() -- in module (ScheduledAccessQueue) DectScheduledAccessNetwork.queue (id=2), at t=279.048333345s, event #101548

Calling finish() at end of Run #210...

Preparing for running configuration MonetecFocusedSmallR, run #211...
Scenario: $r=3, $rho=0.055, $repetition=1
Assigned runID=MonetecFocusedSmallR-211-20260930-08:59:49-58
Setting up network "dect2020scheduledaccess.DectScheduledAccessNetwork"...
Initializing...

Running simulation...
** Event #0   t=0   Elapsed: 4e-06s (0m 00s)
     Speed:     ev/sec=0   simsec/sec=0   ev/simsec=0
     Messages:  created: 2   present: 2   in FES: 2
** Event #101716   t=280.668333345   Elapsed: 0.008934s (0m 00s)
     Speed:     ev/sec=0   simsec/sec=0   ev/simsec=0
     Messages:  created: 2   present: 2   in FES: 1

<!> Simulation stopped with endSimulation() -- in module (ScheduledAccessQueue) DectScheduledAccessNetwork.queue (id=2), at t=280.668333345s, event #101716

Calling finish() at end of Run #211...

Preparing for running configuration MonetecFocusedSmallR, run #212...
Scenario: $r=3, $rho=0.055, $repetition=2
Assigned runID=MonetecFocusedSmallR-212-20260930-08:59:49-58
Setting up network "dect2020scheduledaccess.DectScheduledAccessNetwork"...
Initializing...

Running simulation...
** Event #0   t=0   Elapsed: 3e-06s (0m 00s)
     Speed:     ev/sec=0   simsec/sec=0   ev/simsec=0
     Messages:  created: 2   present: 2   in FES: 2
** Event #101704   t=279.831333345   Elapsed: 0.008993s (0m 00s)
     Speed:     ev/sec=0   simsec/sec=0   ev/simsec=0
     Messages:  created: 2   present: 2   in FES: 1

<!> Simulation stopped with endSimulation() -- in module (ScheduledAccessQueue) DectScheduledAccessNetwork.queue (id=2), at t=279.831333345s, event #101704

Calling finish() at end of Run #212...

Preparing for running configuration MonetecFocusedSmallR, run #213...
Scenario: $r=3, $rho=0.060, $repetition=0
Assigned runID=MonetecFocusedSmallR-213-20260930-08:59:49-58
Setting up network "dect2020scheduledaccess.DectScheduledAccessNetwork"...
Initializing...

Running simulation...
** Event #0   t=0   Elapsed: 3e-06s (0m 00s)
     Speed:     ev/sec=0   simsec/sec=0   ev/simsec=0
     Messages:  created: 2   present: 2   in FES: 2
** Event #100152   t=260.517750011667   Elapsed: 0.008907s (0m 00s)
     Speed:     ev/sec=0   simsec/sec=0   ev/simsec=0
     Messages:  created: 2   present: 2   in FES: 1

<!> Simulation stopped with endSimulation() -- in module (ScheduledAccessQueue) DectScheduledAccessNetwork.queue (id=2), at t=260.517750011667s, event #100152

Calling finish() at end of Run #213...

Preparing for running configuration MonetecFocusedSmallR, run #214...
Scenario: $r=3, $rho=0.060, $repetition=1
Assigned runID=MonetecFocusedSmallR-214-20260930-08:59:49-58
Setting up network "dect2020scheduledaccess.DectScheduledAccessNetwork"...
Initializing...

Running simulation...
** Event #0   t=0   Elapsed: 1.7e-05s (0m 00s)
     Speed:     ev/sec=0   simsec/sec=0   ev/simsec=0
     Messages:  created: 2   present: 2   in FES: 2
** Event #100341   t=262.218750011667   Elapsed: 0.009232s (0m 00s)
     Speed:     ev/sec=0   simsec/sec=0   ev/simsec=0
     Messages:  created: 2   present: 2   in FES: 1

<!> Simulation stopped with endSimulation() -- in module (ScheduledAccessQueue) DectScheduledAccessNetwork.queue (id=2), at t=262.218750011667s, event #100341

Calling finish() at end of Run #214...

Preparing for running configuration MonetecFocusedSmallR, run #215...
Scenario: $r=3, $rho=0.060, $repetition=2
Assigned runID=MonetecFocusedSmallR-215-20260930-08:59:49-58
Setting up network "dect2020scheduledaccess.DectScheduledAccessNetwork"...
Initializing...

Running simulation...
** Event #0   t=0   Elapsed: 3e-06s (0m 00s)
     Speed:     ev/sec=0   simsec/sec=0   ev/simsec=0
     Messages:  created: 2   present: 2   in FES: 2
** Event #100166   t=260.823333345   Elapsed: 0.009019s (0m 00s)
     Speed:     ev/sec=0   simsec/sec=0   ev/simsec=0
     Messages:  created: 2   present: 2   in FES: 1

<!> Simulation stopped with endSimulation() -- in module (ScheduledAccessQueue) DectScheduledAccessNetwork.queue (id=2), at t=260.823333345s, event #100166

Calling finish() at end of Run #215...

Preparing for running configuration MonetecFocusedSmallR, run #216...
Scenario: $r=3, $rho=0.065, $repetition=0
Assigned runID=MonetecFocusedSmallR-216-20260930-08:59:49-58
Setting up network "dect2020scheduledaccess.DectScheduledAccessNetwork"...
Initializing...

Running simulation...
** Event #0   t=0   Elapsed: 4e-06s (0m 00s)
     Speed:     ev/sec=0   simsec/sec=0   ev/simsec=0
     Messages:  created: 2   present: 2   in FES: 2
** Event #99183   t=245.226750011667   Elapsed: 0.008956s (0m 00s)
     Speed:     ev/sec=0   simsec/sec=0   ev/simsec=0
     Messages:  created: 2   present: 2   in FES: 1

<!> Simulation stopped with endSimulation() -- in module (ScheduledAccessQueue) DectScheduledAccessNetwork.queue (id=2), at t=245.226750011667s, event #99183

Calling finish() at end of Run #216...

Preparing for running configuration MonetecFocusedSmallR, run #217...
Scenario: $r=3, $rho=0.065, $repetition=1
Assigned runID=MonetecFocusedSmallR-217-20260930-08:59:49-58
Setting up network "dect2020scheduledaccess.DectScheduledAccessNetwork"...
Initializing...

Running simulation...
** Event #0   t=0   Elapsed: 3e-06s (0m 00s)
     Speed:     ev/sec=0   simsec/sec=0   ev/simsec=0
     Messages:  created: 2   present: 2   in FES: 2
** Event #99243   t=246.315333345   Elapsed: 0.008834s (0m 00s)
     Speed:     ev/sec=0   simsec/sec=0   ev/simsec=0
     Messages:  created: 2   present: 2   in FES: 1

<!> Simulation stopped with endSimulation() -- in module (ScheduledAccessQueue) DectScheduledAccessNetwork.queue (id=2), at t=246.315333345s, event #99243

Calling finish() at end of Run #217...

Preparing for running configuration MonetecFocusedSmallR, run #218...
Scenario: $r=3, $rho=0.065, $repetition=2
Assigned runID=MonetecFocusedSmallR-218-20260930-08:59:49-58
Setting up network "dect2020scheduledaccess.DectScheduledAccessNetwork"...
Initializing...

Running simulation...
** Event #0   t=0   Elapsed: 3e-06s (0m 00s)
     Speed:     ev/sec=0   simsec/sec=0   ev/simsec=0
     Messages:  created: 2   present: 2   in FES: 2
** Event #99146   t=245.272166678334   Elapsed: 0.008826s (0m 00s)
     Speed:     ev/sec=0   simsec/sec=0   ev/simsec=0
     Messages:  created: 2   present: 2   in FES: 1

<!> Simulation stopped with endSimulation() -- in module (ScheduledAccessQueue) DectScheduledAccessNetwork.queue (id=2), at t=245.272166678334s, event #99146

Calling finish() at end of Run #218...

Preparing for running configuration MonetecFocusedSmallR, run #219...
Scenario: $r=3, $rho=0.070, $repetition=0
Assigned runID=MonetecFocusedSmallR-219-20260930-08:59:49-58
Setting up network "dect2020scheduledaccess.DectScheduledAccessNetwork"...
Initializing...

Running simulation...
** Event #0   t=0   Elapsed: 3e-06s (0m 00s)
     Speed:     ev/sec=0   simsec/sec=0   ev/simsec=0
     Messages:  created: 2   present: 2   in FES: 2
** Event #98611   t=232.635333345   Elapsed: 0.009002s (0m 00s)
     Speed:     ev/sec=0   simsec/sec=0   ev/simsec=0
     Messages:  created: 2   present: 2   in FES: 1

<!> Simulation stopped with endSimulation() -- in module (ScheduledAccessQueue) DectScheduledAccessNetwork.queue (id=2), at t=232.635333345s, event #98611

Calling finish() at end of Run #219...

Preparing for running configuration MonetecFocusedSmallR, run #220...
Scenario: $r=3, $rho=0.070, $repetition=1
Assigned runID=MonetecFocusedSmallR-220-20260930-08:59:49-58
Setting up network "dect2020scheduledaccess.DectScheduledAccessNetwork"...
Initializing...

Running simulation...
** Event #0   t=0   Elapsed: 4e-06s (0m 00s)
     Speed:     ev/sec=0   simsec/sec=0   ev/simsec=0
     Messages:  created: 2   present: 2   in FES: 2
** Event #98714   t=233.913333345   Elapsed: 0.008797s (0m 00s)
     Speed:     ev/sec=0   simsec/sec=0   ev/simsec=0
     Messages:  created: 2   present: 2   in FES: 1

<!> Simulation stopped with endSimulation() -- in module (ScheduledAccessQueue) DectScheduledAccessNetwork.queue (id=2), at t=233.913333345s, event #98714

Calling finish() at end of Run #220...

Preparing for running configuration MonetecFocusedSmallR, run #221...
Scenario: $r=3, $rho=0.070, $repetition=2
Assigned runID=MonetecFocusedSmallR-221-20260930-08:59:49-58
Setting up network "dect2020scheduledaccess.DectScheduledAccessNetwork"...
Initializing...

Running simulation...
** Event #0   t=0   Elapsed: 3e-06s (0m 00s)
     Speed:     ev/sec=0   simsec/sec=0   ev/simsec=0
     Messages:  created: 2   present: 2   in FES: 2
** Event #98682   t=232.995333345   Elapsed: 0.008903s (0m 00s)
     Speed:     ev/sec=0   simsec/sec=0   ev/simsec=0
     Messages:  created: 2   present: 2   in FES: 1

<!> Simulation stopped with endSimulation() -- in module (ScheduledAccessQueue) DectScheduledAccessNetwork.queue (id=2), at t=232.995333345s, event #98682

Calling finish() at end of Run #221...

Preparing for running configuration MonetecFocusedSmallR, run #222...
Scenario: $r=3, $rho=0.075, $repetition=0
Assigned runID=MonetecFocusedSmallR-222-20260930-08:59:49-58
Setting up network "dect2020scheduledaccess.DectScheduledAccessNetwork"...
Initializing...

Running simulation...
** Event #0   t=0   Elapsed: 2.1e-05s (0m 00s)
     Speed:     ev/sec=0   simsec/sec=0   ev/simsec=0
     Messages:  created: 2   present: 2   in FES: 2
** Event #98442   t=222.537333345   Elapsed: 0.009138s (0m 00s)
     Speed:     ev/sec=0   simsec/sec=0   ev/simsec=0
     Messages:  created: 2   present: 2   in FES: 1

<!> Simulation stopped with endSimulation() -- in module (ScheduledAccessQueue) DectScheduledAccessNetwork.queue (id=2), at t=222.537333345s, event #98442

Calling finish() at end of Run #222...

Preparing for running configuration MonetecFocusedSmallR, run #223...
Scenario: $r=3, $rho=0.075, $repetition=1
Assigned runID=MonetecFocusedSmallR-223-20260930-08:59:49-58
Setting up network "dect2020scheduledaccess.DectScheduledAccessNetwork"...
Initializing...

Running simulation...
** Event #0   t=0   Elapsed: 3e-06s (0m 00s)
     Speed:     ev/sec=0   simsec/sec=0   ev/simsec=0
     Messages:  created: 2   present: 2   in FES: 2
** Event #98487   t=223.392750011667   Elapsed: 0.008996s (0m 00s)
     Speed:     ev/sec=0   simsec/sec=0   ev/simsec=0
     Messages:  created: 2   present: 2   in FES: 1

<!> Simulation stopped with endSimulation() -- in module (ScheduledAccessQueue) DectScheduledAccessNetwork.queue (id=2), at t=223.392750011667s, event #98487

Calling finish() at end of Run #223...

Preparing for running configuration MonetecFocusedSmallR, run #224...
Scenario: $r=3, $rho=0.075, $repetition=2
Assigned runID=MonetecFocusedSmallR-224-20260930-08:59:49-58
Setting up network "dect2020scheduledaccess.DectScheduledAccessNetwork"...
Initializing...

Running simulation...
** Event #0   t=0   Elapsed: 3e-06s (0m 00s)
     Speed:     ev/sec=0   simsec/sec=0   ev/simsec=0
     Messages:  created: 2   present: 2   in FES: 2
** Event #98524   t=222.771750011667   Elapsed: 0.009072s (0m 00s)
     Speed:     ev/sec=0   simsec/sec=0   ev/simsec=0
     Messages:  created: 2   present: 2   in FES: 1

<!> Simulation stopped with endSimulation() -- in module (ScheduledAccessQueue) DectScheduledAccessNetwork.queue (id=2), at t=222.771750011667s, event #98524

Calling finish() at end of Run #224...

Preparing for running configuration MonetecFocusedSmallR, run #225...
Scenario: $r=3, $rho=0.080, $repetition=0
Assigned runID=MonetecFocusedSmallR-225-20260930-08:59:49-58
Setting up network "dect2020scheduledaccess.DectScheduledAccessNetwork"...
Initializing...

Running simulation...
** Event #0   t=0   Elapsed: 3e-06s (0m 00s)
     Speed:     ev/sec=0   simsec/sec=0   ev/simsec=0
     Messages:  created: 2   present: 2   in FES: 2
** Event #98537   t=214.158750011667   Elapsed: 0.009092s (0m 00s)
     Speed:     ev/sec=0   simsec/sec=0   ev/simsec=0
     Messages:  created: 2   present: 2   in FES: 1

<!> Simulation stopped with endSimulation() -- in module (ScheduledAccessQueue) DectScheduledAccessNetwork.queue (id=2), at t=214.158750011667s, event #98537

Calling finish() at end of Run #225...

Preparing for running configuration MonetecFocusedSmallR, run #226...
Scenario: $r=3, $rho=0.080, $repetition=1
Assigned runID=MonetecFocusedSmallR-226-20260930-08:59:49-58
Setting up network "dect2020scheduledaccess.DectScheduledAccessNetwork"...
Initializing...

Running simulation...
** Event #0   t=0   Elapsed: 3e-06s (0m 00s)
     Speed:     ev/sec=0   simsec/sec=0   ev/simsec=0
     Messages:  created: 2   present: 2   in FES: 2
** Event #98549   t=214.735166678334   Elapsed: 0.008982s (0m 00s)
     Speed:     ev/sec=0   simsec/sec=0   ev/simsec=0
     Messages:  created: 2   present: 2   in FES: 1

<!> Simulation stopped with endSimulation() -- in module (ScheduledAccessQueue) DectScheduledAccessNetwork.queue (id=2), at t=214.735166678334s, event #98549

Calling finish() at end of Run #226...

Preparing for running configuration MonetecFocusedSmallR, run #227...
Scenario: $r=3, $rho=0.080, $repetition=2
Assigned runID=MonetecFocusedSmallR-227-20260930-08:59:49-58
Setting up network "dect2020scheduledaccess.DectScheduledAccessNetwork"...
Initializing...

Running simulation...
** Event #0   t=0   Elapsed: 4e-06s (0m 00s)
     Speed:     ev/sec=0   simsec/sec=0   ev/simsec=0
     Messages:  created: 2   present: 2   in FES: 2
** Event #98607   t=214.023750011667   Elapsed: 0.008961s (0m 00s)
     Speed:     ev/sec=0   simsec/sec=0   ev/simsec=0
     Messages:  created: 2   present: 2   in FES: 1

<!> Simulation stopped with endSimulation() -- in module (ScheduledAccessQueue) DectScheduledAccessNetwork.queue (id=2), at t=214.023750011667s, event #98607

Calling finish() at end of Run #227...

Preparing for running configuration MonetecFocusedSmallR, run #228...
Scenario: $r=3, $rho=0.085, $repetition=0
Assigned runID=MonetecFocusedSmallR-228-20260930-08:59:49-58
Setting up network "dect2020scheduledaccess.DectScheduledAccessNetwork"...
Initializing...

Running simulation...
** Event #0   t=0   Elapsed: 3e-06s (0m 00s)
     Speed:     ev/sec=0   simsec/sec=0   ev/simsec=0
     Messages:  created: 2   present: 2   in FES: 2
** Event #98924   t=207.516333345   Elapsed: 0.008936s (0m 00s)
     Speed:     ev/sec=0   simsec/sec=0   ev/simsec=0
     Messages:  created: 2   present: 2   in FES: 1

<!> Simulation stopped with endSimulation() -- in module (ScheduledAccessQueue) DectScheduledAccessNetwork.queue (id=2), at t=207.516333345s, event #98924

Calling finish() at end of Run #228...

Preparing for running configuration MonetecFocusedSmallR, run #229...
Scenario: $r=3, $rho=0.085, $repetition=1
Assigned runID=MonetecFocusedSmallR-229-20260930-08:59:49-58
Setting up network "dect2020scheduledaccess.DectScheduledAccessNetwork"...
Initializing...

Running simulation...
** Event #0   t=0   Elapsed: 3e-06s (0m 00s)
     Speed:     ev/sec=0   simsec/sec=0   ev/simsec=0
     Messages:  created: 2   present: 2   in FES: 2
** Event #98882   t=207.634166678334   Elapsed: 0.012055s (0m 00s)
     Speed:     ev/sec=8.20529e+06   simsec/sec=17229.6   ev/simsec=476.233
     Messages:  created: 2   present: 2   in FES: 1

<!> Simulation stopped with endSimulation() -- in module (ScheduledAccessQueue) DectScheduledAccessNetwork.queue (id=2), at t=207.634166678334s, event #98882

Calling finish() at end of Run #229...

Preparing for running configuration MonetecFocusedSmallR, run #230...
Scenario: $r=3, $rho=0.085, $repetition=2
Assigned runID=MonetecFocusedSmallR-230-20260930-08:59:49-58
Setting up network "dect2020scheduledaccess.DectScheduledAccessNetwork"...
Initializing...

Running simulation...
** Event #0   t=0   Elapsed: 3e-06s (0m 00s)
     Speed:     ev/sec=0   simsec/sec=0   ev/simsec=0
     Messages:  created: 2   present: 2   in FES: 2
** Event #99004   t=207.165750011667   Elapsed: 0.009055s (0m 00s)
     Speed:     ev/sec=0   simsec/sec=0   ev/simsec=0
     Messages:  created: 2   present: 2   in FES: 1

<!> Simulation stopped with endSimulation() -- in module (ScheduledAccessQueue) DectScheduledAccessNetwork.queue (id=2), at t=207.165750011667s, event #99004

Calling finish() at end of Run #230...

Preparing for running configuration MonetecFocusedSmallR, run #231...
Scenario: $r=3, $rho=0.090, $repetition=0
Assigned runID=MonetecFocusedSmallR-231-20260930-08:59:50-58
Setting up network "dect2020scheduledaccess.DectScheduledAccessNetwork"...
Initializing...

Running simulation...
** Event #0   t=0   Elapsed: 3e-06s (0m 00s)
     Speed:     ev/sec=0   simsec/sec=0   ev/simsec=0
     Messages:  created: 2   present: 2   in FES: 2
** Event #99431   t=201.540750011667   Elapsed: 0.009216s (0m 00s)
     Speed:     ev/sec=0   simsec/sec=0   ev/simsec=0
     Messages:  created: 2   present: 2   in FES: 1

<!> Simulation stopped with endSimulation() -- in module (ScheduledAccessQueue) DectScheduledAccessNetwork.queue (id=2), at t=201.540750011667s, event #99431

Calling finish() at end of Run #231...

Preparing for running configuration MonetecFocusedSmallR, run #232...
Scenario: $r=3, $rho=0.090, $repetition=1
Assigned runID=MonetecFocusedSmallR-232-20260930-08:59:50-58
Setting up network "dect2020scheduledaccess.DectScheduledAccessNetwork"...
Initializing...

Running simulation...
** Event #0   t=0   Elapsed: 9e-06s (0m 00s)
     Speed:     ev/sec=0   simsec/sec=0   ev/simsec=0
     Messages:  created: 2   present: 2   in FES: 2
** Event #99437   t=201.730166678334   Elapsed: 0.009111s (0m 00s)
     Speed:     ev/sec=0   simsec/sec=0   ev/simsec=0
     Messages:  created: 2   present: 2   in FES: 1

<!> Simulation stopped with endSimulation() -- in module (ScheduledAccessQueue) DectScheduledAccessNetwork.queue (id=2), at t=201.730166678334s, event #99437

Calling finish() at end of Run #232...

Preparing for running configuration MonetecFocusedSmallR, run #233...
Scenario: $r=3, $rho=0.090, $repetition=2
Assigned runID=MonetecFocusedSmallR-233-20260930-08:59:50-58
Setting up network "dect2020scheduledaccess.DectScheduledAccessNetwork"...
Initializing...

Running simulation...
** Event #0   t=0   Elapsed: 4e-06s (0m 00s)
     Speed:     ev/sec=0   simsec/sec=0   ev/simsec=0
     Messages:  created: 2   present: 2   in FES: 2
** Event #99528   t=201.063750011667   Elapsed: 0.00928s (0m 00s)
     Speed:     ev/sec=0   simsec/sec=0   ev/simsec=0
     Messages:  created: 2   present: 2   in FES: 1

<!> Simulation stopped with endSimulation() -- in module (ScheduledAccessQueue) DectScheduledAccessNetwork.queue (id=2), at t=201.063750011667s, event #99528

Calling finish() at end of Run #233...

Preparing for running configuration MonetecFocusedSmallR, run #234...
Scenario: $r=3, $rho=0.095, $repetition=0
Assigned runID=MonetecFocusedSmallR-234-20260930-08:59:50-58
Setting up network "dect2020scheduledaccess.DectScheduledAccessNetwork"...
Initializing...

Running simulation...
** Event #0   t=0   Elapsed: 4e-06s (0m 00s)
     Speed:     ev/sec=0   simsec/sec=0   ev/simsec=0
     Messages:  created: 2   present: 2   in FES: 2
** Event #100151   t=196.527750011667   Elapsed: 0.009256s (0m 00s)
     Speed:     ev/sec=0   simsec/sec=0   ev/simsec=0
     Messages:  created: 2   present: 2   in FES: 1

<!> Simulation stopped with endSimulation() -- in module (ScheduledAccessQueue) DectScheduledAccessNetwork.queue (id=2), at t=196.527750011667s, event #100151

Calling finish() at end of Run #234...

Preparing for running configuration MonetecFocusedSmallR, run #235...
Scenario: $r=3, $rho=0.095, $repetition=1
Assigned runID=MonetecFocusedSmallR-235-20260930-08:59:50-58
Setting up network "dect2020scheduledaccess.DectScheduledAccessNetwork"...
Initializing...

Running simulation...
** Event #0   t=0   Elapsed: 2.4e-05s (0m 00s)
     Speed:     ev/sec=0   simsec/sec=0   ev/simsec=0
     Messages:  created: 2   present: 2   in FES: 2
** Event #100166   t=196.852166678334   Elapsed: 0.009308s (0m 00s)
     Speed:     ev/sec=0   simsec/sec=0   ev/simsec=0
     Messages:  created: 2   present: 2   in FES: 1

<!> Simulation stopped with endSimulation() -- in module (ScheduledAccessQueue) DectScheduledAccessNetwork.queue (id=2), at t=196.852166678334s, event #100166

Calling finish() at end of Run #235...

Preparing for running configuration MonetecFocusedSmallR, run #236...
Scenario: $r=3, $rho=0.095, $repetition=2
Assigned runID=MonetecFocusedSmallR-236-20260930-08:59:50-58
Setting up network "dect2020scheduledaccess.DectScheduledAccessNetwork"...
Initializing...

Running simulation...
** Event #0   t=0   Elapsed: 2.5e-05s (0m 00s)
     Speed:     ev/sec=0   simsec/sec=0   ev/simsec=0
     Messages:  created: 2   present: 2   in FES: 2
** Event #100263   t=196.185333345   Elapsed: 0.009365s (0m 00s)
     Speed:     ev/sec=0   simsec/sec=0   ev/simsec=0
     Messages:  created: 2   present: 2   in FES: 1

<!> Simulation stopped with endSimulation() -- in module (ScheduledAccessQueue) DectScheduledAccessNetwork.queue (id=2), at t=196.185333345s, event #100263

Calling finish() at end of Run #236...

Preparing for running configuration MonetecFocusedSmallR, run #237...
Scenario: $r=3, $rho=0.100, $repetition=0
Assigned runID=MonetecFocusedSmallR-237-20260930-08:59:50-58
Setting up network "dect2020scheduledaccess.DectScheduledAccessNetwork"...
Initializing...

Running simulation...
** Event #0   t=0   Elapsed: 2.3e-05s (0m 00s)
     Speed:     ev/sec=0   simsec/sec=0   ev/simsec=0
     Messages:  created: 2   present: 2   in FES: 2
** Event #101215   t=192.756750011667   Elapsed: 0.00934s (0m 00s)
     Speed:     ev/sec=0   simsec/sec=0   ev/simsec=0
     Messages:  created: 2   present: 2   in FES: 1

<!> Simulation stopped with endSimulation() -- in module (ScheduledAccessQueue) DectScheduledAccessNetwork.queue (id=2), at t=192.756750011667s, event #101215

Calling finish() at end of Run #237...

Preparing for running configuration MonetecFocusedSmallR, run #238...
Scenario: $r=3, $rho=0.100, $repetition=1
Assigned runID=MonetecFocusedSmallR-238-20260930-08:59:50-58
Setting up network "dect2020scheduledaccess.DectScheduledAccessNetwork"...
Initializing...

Running simulation...
** Event #0   t=0   Elapsed: 3e-06s (0m 00s)
     Speed:     ev/sec=0   simsec/sec=0   ev/simsec=0
     Messages:  created: 2   present: 2   in FES: 2
** Event #101211   t=193.026750011667   Elapsed: 0.009466s (0m 00s)
     Speed:     ev/sec=0   simsec/sec=0   ev/simsec=0
     Messages:  created: 2   present: 2   in FES: 1

<!> Simulation stopped with endSimulation() -- in module (ScheduledAccessQueue) DectScheduledAccessNetwork.queue (id=2), at t=193.026750011667s, event #101211

Calling finish() at end of Run #238...

Preparing for running configuration MonetecFocusedSmallR, run #239...
Scenario: $r=3, $rho=0.100, $repetition=2
Assigned runID=MonetecFocusedSmallR-239-20260930-08:59:50-58
Setting up network "dect2020scheduledaccess.DectScheduledAccessNetwork"...
Initializing...

Running simulation...
** Event #0   t=0   Elapsed: 3e-06s (0m 00s)
     Speed:     ev/sec=0   simsec/sec=0   ev/simsec=0
     Messages:  created: 2   present: 2   in FES: 2
** Event #101253   t=192.126333345   Elapsed: 0.009387s (0m 00s)
     Speed:     ev/sec=0   simsec/sec=0   ev/simsec=0
     Messages:  created: 2   present: 2   in FES: 1

<!> Simulation stopped with endSimulation() -- in module (ScheduledAccessQueue) DectScheduledAccessNetwork.queue (id=2), at t=192.126333345s, event #101253

Calling finish() at end of Run #239...

Preparing for running configuration MonetecFocusedSmallR, run #240...
Scenario: $r=3, $rho=0.105, $repetition=0
Assigned runID=MonetecFocusedSmallR-240-20260930-08:59:50-58
Setting up network "dect2020scheduledaccess.DectScheduledAccessNetwork"...
Initializing...

Running simulation...
** Event #0   t=0   Elapsed: 3e-06s (0m 00s)
     Speed:     ev/sec=0   simsec/sec=0   ev/simsec=0
     Messages:  created: 2   present: 2   in FES: 2
** Event #102378   t=189.454166678334   Elapsed: 0.009346s (0m 00s)
     Speed:     ev/sec=0   simsec/sec=0   ev/simsec=0
     Messages:  created: 2   present: 2   in FES: 1

<!> Simulation stopped with endSimulation() -- in module (ScheduledAccessQueue) DectScheduledAccessNetwork.queue (id=2), at t=189.454166678334s, event #102378

Calling finish() at end of Run #240...

Preparing for running configuration MonetecFocusedSmallR, run #241...
Scenario: $r=3, $rho=0.105, $repetition=1
Assigned runID=MonetecFocusedSmallR-241-20260930-08:59:50-58
Setting up network "dect2020scheduledaccess.DectScheduledAccessNetwork"...
Initializing...

Running simulation...
** Event #0   t=0   Elapsed: 2.4e-05s (0m 00s)
     Speed:     ev/sec=0   simsec/sec=0   ev/simsec=0
     Messages:  created: 2   present: 2   in FES: 2
** Event #102179   t=189.246750011667   Elapsed: 0.009624s (0m 00s)
     Speed:     ev/sec=0   simsec/sec=0   ev/simsec=0
     Messages:  created: 2   present: 2   in FES: 1

<!> Simulation stopped with endSimulation() -- in module (ScheduledAccessQueue) DectScheduledAccessNetwork.queue (id=2), at t=189.246750011667s, event #102179

Calling finish() at end of Run #241...

Preparing for running configuration MonetecFocusedSmallR, run #242...
Scenario: $r=3, $rho=0.105, $repetition=2
Assigned runID=MonetecFocusedSmallR-242-20260930-08:59:50-58
Setting up network "dect2020scheduledaccess.DectScheduledAccessNetwork"...
Initializing...

Running simulation...
** Event #0   t=0   Elapsed: 3e-06s (0m 00s)
     Speed:     ev/sec=0   simsec/sec=0   ev/simsec=0
     Messages:  created: 2   present: 2   in FES: 2
** Event #102413   t=189.138333345   Elapsed: 0.009496s (0m 00s)
     Speed:     ev/sec=0   simsec/sec=0   ev/simsec=0
     Messages:  created: 2   present: 2   in FES: 1

<!> Simulation stopped with endSimulation() -- in module (ScheduledAccessQueue) DectScheduledAccessNetwork.queue (id=2), at t=189.138333345s, event #102413

Calling finish() at end of Run #242...

Preparing for running configuration MonetecFocusedSmallR, run #243...
Scenario: $r=3, $rho=0.110, $repetition=0
Assigned runID=MonetecFocusedSmallR-243-20260930-08:59:50-58
Setting up network "dect2020scheduledaccess.DectScheduledAccessNetwork"...
Initializing...

Running simulation...
** Event #0   t=0   Elapsed: 3e-06s (0m 00s)
     Speed:     ev/sec=0   simsec/sec=0   ev/simsec=0
     Messages:  created: 2   present: 2   in FES: 2
** Event #103374   t=186.087333345   Elapsed: 0.009615s (0m 00s)
     Speed:     ev/sec=0   simsec/sec=0   ev/simsec=0
     Messages:  created: 2   present: 2   in FES: 1

<!> Simulation stopped with endSimulation() -- in module (ScheduledAccessQueue) DectScheduledAccessNetwork.queue (id=2), at t=186.087333345s, event #103374

Calling finish() at end of Run #243...

Preparing for running configuration MonetecFocusedSmallR, run #244...
Scenario: $r=3, $rho=0.110, $repetition=1
Assigned runID=MonetecFocusedSmallR-244-20260930-08:59:50-58
Setting up network "dect2020scheduledaccess.DectScheduledAccessNetwork"...
Initializing...

Running simulation...
** Event #0   t=0   Elapsed: 3e-06s (0m 00s)
     Speed:     ev/sec=0   simsec/sec=0   ev/simsec=0
     Messages:  created: 2   present: 2   in FES: 2
** Event #103451   t=186.618750011667   Elapsed: 0.009593s (0m 00s)
     Speed:     ev/sec=0   simsec/sec=0   ev/simsec=0
     Messages:  created: 2   present: 2   in FES: 1

<!> Simulation stopped with endSimulation() -- in module (ScheduledAccessQueue) DectScheduledAccessNetwork.queue (id=2), at t=186.618750011667s, event #103451

Calling finish() at end of Run #244...

Preparing for running configuration MonetecFocusedSmallR, run #245...
Scenario: $r=3, $rho=0.110, $repetition=2
Assigned runID=MonetecFocusedSmallR-245-20260930-08:59:50-58
Setting up network "dect2020scheduledaccess.DectScheduledAccessNetwork"...
Initializing...

Running simulation...
** Event #0   t=0   Elapsed: 2.9e-05s (0m 00s)
     Speed:     ev/sec=0   simsec/sec=0   ev/simsec=0
     Messages:  created: 2   present: 2   in FES: 2
** Event #103669   t=186.483750011667   Elapsed: 0.009882s (0m 00s)
     Speed:     ev/sec=0   simsec/sec=0   ev/simsec=0
     Messages:  created: 2   present: 2   in FES: 1

<!> Simulation stopped with endSimulation() -- in module (ScheduledAccessQueue) DectScheduledAccessNetwork.queue (id=2), at t=186.483750011667s, event #103669

Calling finish() at end of Run #245...

Preparing for running configuration MonetecFocusedSmallR, run #246...
Scenario: $r=3, $rho=0.115, $repetition=0
Assigned runID=MonetecFocusedSmallR-246-20260930-08:59:50-58
Setting up network "dect2020scheduledaccess.DectScheduledAccessNetwork"...
Initializing...

Running simulation...
** Event #0   t=0   Elapsed: 3e-06s (0m 00s)
     Speed:     ev/sec=0   simsec/sec=0   ev/simsec=0
     Messages:  created: 2   present: 2   in FES: 2
** Event #104813   t=183.874166678334   Elapsed: 0.009764s (0m 00s)
     Speed:     ev/sec=0   simsec/sec=0   ev/simsec=0
     Messages:  created: 2   present: 2   in FES: 1

<!> Simulation stopped with endSimulation() -- in module (ScheduledAccessQueue) DectScheduledAccessNetwork.queue (id=2), at t=183.874166678334s, event #104813

Calling finish() at end of Run #246...

Preparing for running configuration MonetecFocusedSmallR, run #247...
Scenario: $r=3, $rho=0.115, $repetition=1
Assigned runID=MonetecFocusedSmallR-247-20260930-08:59:50-58
Setting up network "dect2020scheduledaccess.DectScheduledAccessNetwork"...
Initializing...

Running simulation...
** Event #0   t=0   Elapsed: 3e-06s (0m 00s)
     Speed:     ev/sec=0   simsec/sec=0   ev/simsec=0
     Messages:  created: 2   present: 2   in FES: 2
** Event #104786   t=184.261166678334   Elapsed: 0.009703s (0m 00s)
     Speed:     ev/sec=0   simsec/sec=0   ev/simsec=0
     Messages:  created: 2   present: 2   in FES: 1

<!> Simulation stopped with endSimulation() -- in module (ScheduledAccessQueue) DectScheduledAccessNetwork.queue (id=2), at t=184.261166678334s, event #104786

Calling finish() at end of Run #247...

Preparing for running configuration MonetecFocusedSmallR, run #248...
Scenario: $r=3, $rho=0.115, $repetition=2
Assigned runID=MonetecFocusedSmallR-248-20260930-08:59:50-58
Setting up network "dect2020scheduledaccess.DectScheduledAccessNetwork"...
Initializing...

Running simulation...
** Event #0   t=0   Elapsed: 2.3e-05s (0m 00s)
     Speed:     ev/sec=0   simsec/sec=0   ev/simsec=0
     Messages:  created: 2   present: 2   in FES: 2
** Event #104886   t=183.793166678334   Elapsed: 0.009862s (0m 00s)
     Speed:     ev/sec=0   simsec/sec=0   ev/simsec=0
     Messages:  created: 2   present: 2   in FES: 1

<!> Simulation stopped with endSimulation() -- in module (ScheduledAccessQueue) DectScheduledAccessNetwork.queue (id=2), at t=183.793166678334s, event #104886

Calling finish() at end of Run #248...

Preparing for running configuration MonetecFocusedSmallR, run #249...
Scenario: $r=3, $rho=0.120, $repetition=0
Assigned runID=MonetecFocusedSmallR-249-20260930-08:59:50-58
Setting up network "dect2020scheduledaccess.DectScheduledAccessNetwork"...
Initializing...

Running simulation...
** Event #0   t=0   Elapsed: 4e-06s (0m 00s)
     Speed:     ev/sec=0   simsec/sec=0   ev/simsec=0
     Messages:  created: 2   present: 2   in FES: 2
** Event #106277   t=181.974750011667   Elapsed: 0.009865s (0m 00s)
     Speed:     ev/sec=0   simsec/sec=0   ev/simsec=0
     Messages:  created: 2   present: 2   in FES: 1

<!> Simulation stopped with endSimulation() -- in module (ScheduledAccessQueue) DectScheduledAccessNetwork.queue (id=2), at t=181.974750011667s, event #106277

Calling finish() at end of Run #249...

Preparing for running configuration MonetecFocusedSmallR, run #250...
Scenario: $r=3, $rho=0.120, $repetition=1
Assigned runID=MonetecFocusedSmallR-250-20260930-08:59:50-58
Setting up network "dect2020scheduledaccess.DectScheduledAccessNetwork"...
Initializing...

Running simulation...
** Event #0   t=0   Elapsed: 3e-06s (0m 00s)
     Speed:     ev/sec=0   simsec/sec=0   ev/simsec=0
     Messages:  created: 2   present: 2   in FES: 2
** Event #106207   t=182.271333345   Elapsed: 0.009899s (0m 00s)
     Speed:     ev/sec=0   simsec/sec=0   ev/simsec=0
     Messages:  created: 2   present: 2   in FES: 1

<!> Simulation stopped with endSimulation() -- in module (ScheduledAccessQueue) DectScheduledAccessNetwork.queue (id=2), at t=182.271333345s, event #106207

Calling finish() at end of Run #250...

Preparing for running configuration MonetecFocusedSmallR, run #251...
Scenario: $r=3, $rho=0.120, $repetition=2
Assigned runID=MonetecFocusedSmallR-251-20260930-08:59:50-58
Setting up network "dect2020scheduledaccess.DectScheduledAccessNetwork"...
Initializing...

Running simulation...
** Event #0   t=0   Elapsed: 2.5e-05s (0m 00s)
     Speed:     ev/sec=0   simsec/sec=0   ev/simsec=0
     Messages:  created: 2   present: 2   in FES: 2
** Event #106301   t=181.884750011667   Elapsed: 0.015517s (0m 00s)
     Speed:     ev/sec=6.863e+06   simsec/sec=11742.8   ev/simsec=584.443
     Messages:  created: 2   present: 2   in FES: 1

<!> Simulation stopped with endSimulation() -- in module (ScheduledAccessQueue) DectScheduledAccessNetwork.queue (id=2), at t=181.884750011667s, event #106301

Calling finish() at end of Run #251...

Preparing for running configuration MonetecFocusedSmallR, run #252...
Scenario: $r=3, $rho=0.125, $repetition=0
Assigned runID=MonetecFocusedSmallR-252-20260930-08:59:50-58
Setting up network "dect2020scheduledaccess.DectScheduledAccessNetwork"...
Initializing...

Running simulation...
** Event #0   t=0   Elapsed: 1.7e-05s (0m 00s)
     Speed:     ev/sec=0   simsec/sec=0   ev/simsec=0
     Messages:  created: 2   present: 2   in FES: 2
** Event #107810   t=180.391166678334   Elapsed: 0.009961s (0m 00s)
     Speed:     ev/sec=0   simsec/sec=0   ev/simsec=0
     Messages:  created: 2   present: 2   in FES: 1

<!> Simulation stopped with endSimulation() -- in module (ScheduledAccessQueue) DectScheduledAccessNetwork.queue (id=2), at t=180.391166678334s, event #107810

Calling finish() at end of Run #252...

Preparing for running configuration MonetecFocusedSmallR, run #253...
Scenario: $r=3, $rho=0.125, $repetition=1
Assigned runID=MonetecFocusedSmallR-253-20260930-08:59:50-58
Setting up network "dect2020scheduledaccess.DectScheduledAccessNetwork"...
Initializing...

Running simulation...
** Event #0   t=0   Elapsed: 3e-06s (0m 00s)
     Speed:     ev/sec=0   simsec/sec=0   ev/simsec=0
     Messages:  created: 2   present: 2   in FES: 2
** Event #107876   t=181.047750011667   Elapsed: 0.009995s (0m 00s)
     Speed:     ev/sec=0   simsec/sec=0   ev/simsec=0
     Messages:  created: 2   present: 2   in FES: 1

<!> Simulation stopped with endSimulation() -- in module (ScheduledAccessQueue) DectScheduledAccessNetwork.queue (id=2), at t=181.047750011667s, event #107876

Calling finish() at end of Run #253...

Preparing for running configuration MonetecFocusedSmallR, run #254...
Scenario: $r=3, $rho=0.125, $repetition=2
Assigned runID=MonetecFocusedSmallR-254-20260930-08:59:50-58
Setting up network "dect2020scheduledaccess.DectScheduledAccessNetwork"...
Initializing...

Running simulation...
** Event #0   t=0   Elapsed: 2.4e-05s (0m 00s)
     Speed:     ev/sec=0   simsec/sec=0   ev/simsec=0
     Messages:  created: 2   present: 2   in FES: 2
** Event #107881   t=180.426333345   Elapsed: 0.010084s (0m 00s)
     Speed:     ev/sec=1.07238e+07   simsec/sec=17935   ev/simsec=597.923
     Messages:  created: 2   present: 2   in FES: 1

<!> Simulation stopped with endSimulation() -- in module (ScheduledAccessQueue) DectScheduledAccessNetwork.queue (id=2), at t=180.426333345s, event #107881

Calling finish() at end of Run #254...

Preparing for running configuration MonetecFocusedSmallR, run #255...
Scenario: $r=3, $rho=0.130, $repetition=0
Assigned runID=MonetecFocusedSmallR-255-20260930-08:59:50-58
Setting up network "dect2020scheduledaccess.DectScheduledAccessNetwork"...
Initializing...

Running simulation...
** Event #0   t=0   Elapsed: 2.1e-05s (0m 00s)
     Speed:     ev/sec=0   simsec/sec=0   ev/simsec=0
     Messages:  created: 2   present: 2   in FES: 2
** Event #109416   t=179.212166678334   Elapsed: 0.010175s (0m 00s)
     Speed:     ev/sec=1.07767e+07   simsec/sec=17651.1   ev/simsec=610.54
     Messages:  created: 2   present: 2   in FES: 1

<!> Simulation stopped with endSimulation() -- in module (ScheduledAccessQueue) DectScheduledAccessNetwork.queue (id=2), at t=179.212166678334s, event #109416

Calling finish() at end of Run #255...

Preparing for running configuration MonetecFocusedSmallR, run #256...
Scenario: $r=3, $rho=0.130, $repetition=1
Assigned runID=MonetecFocusedSmallR-256-20260930-08:59:50-58
Setting up network "dect2020scheduledaccess.DectScheduledAccessNetwork"...
Initializing...

Running simulation...
** Event #0   t=0   Elapsed: 3e-06s (0m 00s)
     Speed:     ev/sec=0   simsec/sec=0   ev/simsec=0
     Messages:  created: 2   present: 2   in FES: 2
** Event #109325   t=179.499333345   Elapsed: 0.010033s (0m 00s)
     Speed:     ev/sec=1.09009e+07   simsec/sec=17898   ev/simsec=609.057
     Messages:  created: 2   present: 2   in FES: 1

<!> Simulation stopped with endSimulation() -- in module (ScheduledAccessQueue) DectScheduledAccessNetwork.queue (id=2), at t=179.499333345s, event #109325

Calling finish() at end of Run #256...

Preparing for running configuration MonetecFocusedSmallR, run #257...
Scenario: $r=3, $rho=0.130, $repetition=2
Assigned runID=MonetecFocusedSmallR-257-20260930-08:59:50-58
Setting up network "dect2020scheduledaccess.DectScheduledAccessNetwork"...
Initializing...

Running simulation...
** Event #0   t=0   Elapsed: 4e-06s (0m 00s)
     Speed:     ev/sec=0   simsec/sec=0   ev/simsec=0
     Messages:  created: 2   present: 2   in FES: 2
** Event #109537   t=179.320166678334   Elapsed: 0.010253s (0m 00s)
     Speed:     ev/sec=1.06865e+07   simsec/sec=17494.6   ev/simsec=610.847
     Messages:  created: 2   present: 2   in FES: 1

<!> Simulation stopped with endSimulation() -- in module (ScheduledAccessQueue) DectScheduledAccessNetwork.queue (id=2), at t=179.320166678334s, event #109537

Calling finish() at end of Run #257...

Preparing for running configuration MonetecFocusedSmallR, run #258...
Scenario: $r=3, $rho=0.135, $repetition=0
Assigned runID=MonetecFocusedSmallR-258-20260930-08:59:50-58
Setting up network "dect2020scheduledaccess.DectScheduledAccessNetwork"...
Initializing...

Running simulation...
** Event #0   t=0   Elapsed: 3e-06s (0m 00s)
     Speed:     ev/sec=0   simsec/sec=0   ev/simsec=0
     Messages:  created: 2   present: 2   in FES: 2
** Event #111042   t=177.969750011667   Elapsed: 0.010379s (0m 00s)
     Speed:     ev/sec=1.07018e+07   simsec/sec=17152   ev/simsec=623.939
     Messages:  created: 2   present: 2   in FES: 1

<!> Simulation stopped with endSimulation() -- in module (ScheduledAccessQueue) DectScheduledAccessNetwork.queue (id=2), at t=177.969750011667s, event #111042

Calling finish() at end of Run #258...

Preparing for running configuration MonetecFocusedSmallR, run #259...
Scenario: $r=3, $rho=0.135, $repetition=1
Assigned runID=MonetecFocusedSmallR-259-20260930-08:59:50-58
Setting up network "dect2020scheduledaccess.DectScheduledAccessNetwork"...
Initializing...

Running simulation...
** Event #0   t=0   Elapsed: 4e-06s (0m 00s)
     Speed:     ev/sec=0   simsec/sec=0   ev/simsec=0
     Messages:  created: 2   present: 2   in FES: 2
** Event #111041   t=178.446750011667   Elapsed: 0.010301s (0m 00s)
     Speed:     ev/sec=1.07828e+07   simsec/sec=17328.3   ev/simsec=622.266
     Messages:  created: 2   present: 2   in FES: 1

<!> Simulation stopped with endSimulation() -- in module (ScheduledAccessQueue) DectScheduledAccessNetwork.queue (id=2), at t=178.446750011667s, event #111041

Calling finish() at end of Run #259...

Preparing for running configuration MonetecFocusedSmallR, run #260...
Scenario: $r=3, $rho=0.135, $repetition=2
Assigned runID=MonetecFocusedSmallR-260-20260930-08:59:50-58
Setting up network "dect2020scheduledaccess.DectScheduledAccessNetwork"...
Initializing...

Running simulation...
** Event #0   t=0   Elapsed: 3e-06s (0m 00s)
     Speed:     ev/sec=0   simsec/sec=0   ev/simsec=0
     Messages:  created: 2   present: 2   in FES: 2
** Event #111109   t=178.122333345   Elapsed: 0.010354s (0m 00s)
     Speed:     ev/sec=1.07352e+07   simsec/sec=17209.8   ev/simsec=623.781
     Messages:  created: 2   present: 2   in FES: 1

<!> Simulation stopped with endSimulation() -- in module (ScheduledAccessQueue) DectScheduledAccessNetwork.queue (id=2), at t=178.122333345s, event #111109

Calling finish() at end of Run #260...

Preparing for running configuration MonetecFocusedSmallR, run #261...
Scenario: $r=3, $rho=0.140, $repetition=0
Assigned runID=MonetecFocusedSmallR-261-20260930-08:59:50-58
Setting up network "dect2020scheduledaccess.DectScheduledAccessNetwork"...
Initializing...

Running simulation...
** Event #0   t=0   Elapsed: 1.8e-05s (0m 00s)
     Speed:     ev/sec=0   simsec/sec=0   ev/simsec=0
     Messages:  created: 2   present: 2   in FES: 2
** Event #112802   t=177.232583345001   Elapsed: 0.010571s (0m 00s)
     Speed:     ev/sec=1.06911e+07   simsec/sec=16797.7   ev/simsec=636.465
     Messages:  created: 2   present: 2   in FES: 1

<!> Simulation stopped with endSimulation() -- in module (ScheduledAccessQueue) DectScheduledAccessNetwork.queue (id=2), at t=177.232583345001s, event #112802

Calling finish() at end of Run #261...

Preparing for running configuration MonetecFocusedSmallR, run #262...
Scenario: $r=3, $rho=0.140, $repetition=1
Assigned runID=MonetecFocusedSmallR-262-20260930-08:59:50-58
Setting up network "dect2020scheduledaccess.DectScheduledAccessNetwork"...
Initializing...

Running simulation...
** Event #0   t=0   Elapsed: 2.5e-05s (0m 00s)
     Speed:     ev/sec=0   simsec/sec=0   ev/simsec=0
     Messages:  created: 2   present: 2   in FES: 2
** Event #112729   t=177.366750011667   Elapsed: 0.010397s (0m 00s)
     Speed:     ev/sec=1.08675e+07   simsec/sec=17098.8   ev/simsec=635.572
     Messages:  created: 2   present: 2   in FES: 1

<!> Simulation stopped with endSimulation() -- in module (ScheduledAccessQueue) DectScheduledAccessNetwork.queue (id=2), at t=177.366750011667s, event #112729

Calling finish() at end of Run #262...

Preparing for running configuration MonetecFocusedSmallR, run #263...
Scenario: $r=3, $rho=0.140, $repetition=2
Assigned runID=MonetecFocusedSmallR-263-20260930-08:59:50-58
Setting up network "dect2020scheduledaccess.DectScheduledAccessNetwork"...
Initializing...

Running simulation...
** Event #0   t=0   Elapsed: 3e-06s (0m 00s)
     Speed:     ev/sec=0   simsec/sec=0   ev/simsec=0
     Messages:  created: 2   present: 2   in FES: 2
** Event #112834   t=177.159750011667   Elapsed: 0.010534s (0m 00s)
     Speed:     ev/sec=1.07145e+07   simsec/sec=16822.7   ev/simsec=636.907
     Messages:  created: 2   present: 2   in FES: 1

<!> Simulation stopped with endSimulation() -- in module (ScheduledAccessQueue) DectScheduledAccessNetwork.queue (id=2), at t=177.159750011667s, event #112834

Calling finish() at end of Run #263...

Preparing for running configuration MonetecFocusedSmallR, run #264...
Scenario: $r=3, $rho=0.145, $repetition=0
Assigned runID=MonetecFocusedSmallR-264-20260930-08:59:50-58
Setting up network "dect2020scheduledaccess.DectScheduledAccessNetwork"...
Initializing...

Running simulation...
** Event #0   t=0   Elapsed: 1.7e-05s (0m 00s)
     Speed:     ev/sec=0   simsec/sec=0   ev/simsec=0
     Messages:  created: 2   present: 2   in FES: 2
** Event #114506   t=176.241750011667   Elapsed: 0.010872s (0m 00s)
     Speed:     ev/sec=1.05487e+07   simsec/sec=16236   ev/simsec=649.711
     Messages:  created: 2   present: 2   in FES: 1

<!> Simulation stopped with endSimulation() -- in module (ScheduledAccessQueue) DectScheduledAccessNetwork.queue (id=2), at t=176.241750011667s, event #114506

Calling finish() at end of Run #264...

Preparing for running configuration MonetecFocusedSmallR, run #265...
Scenario: $r=3, $rho=0.145, $repetition=1
Assigned runID=MonetecFocusedSmallR-265-20260930-08:59:50-58
Setting up network "dect2020scheduledaccess.DectScheduledAccessNetwork"...
Initializing...

Running simulation...
** Event #0   t=0   Elapsed: 2.7e-05s (0m 00s)
     Speed:     ev/sec=0   simsec/sec=0   ev/simsec=0
     Messages:  created: 2   present: 2   in FES: 2
** Event #114500   t=176.529750011667   Elapsed: 0.010711s (0m 00s)
     Speed:     ev/sec=1.0718e+07   simsec/sec=16524.4   ev/simsec=648.616
     Messages:  created: 2   present: 2   in FES: 1

<!> Simulation stopped with endSimulation() -- in module (ScheduledAccessQueue) DectScheduledAccessNetwork.queue (id=2), at t=176.529750011667s, event #114500

Calling finish() at end of Run #265...

Preparing for running configuration MonetecFocusedSmallR, run #266...
Scenario: $r=3, $rho=0.145, $repetition=2
Assigned runID=MonetecFocusedSmallR-266-20260930-08:59:50-58
Setting up network "dect2020scheduledaccess.DectScheduledAccessNetwork"...
Initializing...

Running simulation...
** Event #0   t=0   Elapsed: 2e-05s (0m 00s)
     Speed:     ev/sec=0   simsec/sec=0   ev/simsec=0
     Messages:  created: 2   present: 2   in FES: 2
** Event #114648   t=176.368166678334   Elapsed: 0.010681s (0m 00s)
     Speed:     ev/sec=1.0755e+07   simsec/sec=16544.8   ev/simsec=650.051
     Messages:  created: 2   present: 2   in FES: 1

<!> Simulation stopped with endSimulation() -- in module (ScheduledAccessQueue) DectScheduledAccessNetwork.queue (id=2), at t=176.368166678334s, event #114648

Calling finish() at end of Run #266...

Preparing for running configuration MonetecFocusedSmallR, run #267...
Scenario: $r=3, $rho=0.150, $repetition=0
Assigned runID=MonetecFocusedSmallR-267-20260930-08:59:50-58
Setting up network "dect2020scheduledaccess.DectScheduledAccessNetwork"...
Initializing...

Running simulation...
** Event #0   t=0   Elapsed: 2.7e-05s (0m 00s)
     Speed:     ev/sec=0   simsec/sec=0   ev/simsec=0
     Messages:  created: 2   present: 2   in FES: 2
** Event #116318   t=175.549166678334   Elapsed: 0.010989s (0m 00s)
     Speed:     ev/sec=1.0612e+07   simsec/sec=16015.8   ev/simsec=662.597
     Messages:  created: 2   present: 2   in FES: 1

<!> Simulation stopped with endSimulation() -- in module (ScheduledAccessQueue) DectScheduledAccessNetwork.queue (id=2), at t=175.549166678334s, event #116318

Calling finish() at end of Run #267...

Preparing for running configuration MonetecFocusedSmallR, run #268...
Scenario: $r=3, $rho=0.150, $repetition=1
Assigned runID=MonetecFocusedSmallR-268-20260930-08:59:50-58
Setting up network "dect2020scheduledaccess.DectScheduledAccessNetwork"...
Initializing...

Running simulation...
** Event #0   t=0   Elapsed: 3e-06s (0m 00s)
     Speed:     ev/sec=0   simsec/sec=0   ev/simsec=0
     Messages:  created: 2   present: 2   in FES: 2
** Event #116427   t=175.909166678334   Elapsed: 0.010846s (0m 00s)
     Speed:     ev/sec=1.07385e+07   simsec/sec=16224.8   ev/simsec=661.86
     Messages:  created: 2   present: 2   in FES: 1

<!> Simulation stopped with endSimulation() -- in module (ScheduledAccessQueue) DectScheduledAccessNetwork.queue (id=2), at t=175.909166678334s, event #116427

Calling finish() at end of Run #268...

Preparing for running configuration MonetecFocusedSmallR, run #269...
Scenario: $r=3, $rho=0.150, $repetition=2
Assigned runID=MonetecFocusedSmallR-269-20260930-08:59:50-58
Setting up network "dect2020scheduledaccess.DectScheduledAccessNetwork"...
Initializing...

Running simulation...
** Event #0   t=0   Elapsed: 2.1e-05s (0m 00s)
     Speed:     ev/sec=0   simsec/sec=0   ev/simsec=0
     Messages:  created: 2   present: 2   in FES: 2
** Event #116448   t=175.710750011667   Elapsed: 0.010998s (0m 00s)
     Speed:     ev/sec=1.06093e+07   simsec/sec=16008.6   ev/simsec=662.727
     Messages:  created: 2   present: 2   in FES: 1

<!> Simulation stopped with endSimulation() -- in module (ScheduledAccessQueue) DectScheduledAccessNetwork.queue (id=2), at t=175.710750011667s, event #116448

Calling finish() at end of Run #269...

Preparing for running configuration MonetecFocusedSmallR, run #270...
Scenario: $r=3, $rho=0.155, $repetition=0
Assigned runID=MonetecFocusedSmallR-270-20260930-08:59:50-58
Setting up network "dect2020scheduledaccess.DectScheduledAccessNetwork"...
Initializing...

Running simulation...
** Event #0   t=0   Elapsed: 2.7e-05s (0m 00s)
     Speed:     ev/sec=0   simsec/sec=0   ev/simsec=0
     Messages:  created: 2   present: 2   in FES: 2
** Event #118259   t=175.108166678334   Elapsed: 0.011936s (0m 00s)
     Speed:     ev/sec=9.93105e+06   simsec/sec=14705.1   ev/simsec=675.35
     Messages:  created: 2   present: 2   in FES: 1

<!> Simulation stopped with endSimulation() -- in module (ScheduledAccessQueue) DectScheduledAccessNetwork.queue (id=2), at t=175.108166678334s, event #118259

Calling finish() at end of Run #270...

Preparing for running configuration MonetecFocusedSmallR, run #271...
Scenario: $r=3, $rho=0.155, $repetition=1
Assigned runID=MonetecFocusedSmallR-271-20260930-08:59:50-58
Setting up network "dect2020scheduledaccess.DectScheduledAccessNetwork"...
Initializing...

Running simulation...
** Event #0   t=0   Elapsed: 2.7e-05s (0m 00s)
     Speed:     ev/sec=0   simsec/sec=0   ev/simsec=0
     Messages:  created: 2   present: 2   in FES: 2
** Event #118254   t=175.324166678334   Elapsed: 0.015316s (0m 00s)
     Speed:     ev/sec=7.73559e+06   simsec/sec=11468.8   ev/simsec=674.489
     Messages:  created: 2   present: 2   in FES: 1

<!> Simulation stopped with endSimulation() -- in module (ScheduledAccessQueue) DectScheduledAccessNetwork.queue (id=2), at t=175.324166678334s, event #118254

Calling finish() at end of Run #271...

Preparing for running configuration MonetecFocusedSmallR, run #272...
Scenario: $r=3, $rho=0.155, $repetition=2
Assigned runID=MonetecFocusedSmallR-272-20260930-08:59:50-58
Setting up network "dect2020scheduledaccess.DectScheduledAccessNetwork"...
Initializing...

Running simulation...
** Event #0   t=0   Elapsed: 4e-06s (0m 00s)
     Speed:     ev/sec=0   simsec/sec=0   ev/simsec=0
     Messages:  created: 2   present: 2   in FES: 2
** Event #118291   t=175.198583345001   Elapsed: 0.011026s (0m 00s)
     Speed:     ev/sec=1.07323e+07   simsec/sec=15895.3   ev/simsec=675.184
     Messages:  created: 2   present: 2   in FES: 1

<!> Simulation stopped with endSimulation() -- in module (ScheduledAccessQueue) DectScheduledAccessNetwork.queue (id=2), at t=175.198583345001s, event #118291

Calling finish() at end of Run #272...

Preparing for running configuration MonetecFocusedSmallR, run #273...
Scenario: $r=3, $rho=0.160, $repetition=0
Assigned runID=MonetecFocusedSmallR-273-20260930-08:59:50-58
Setting up network "dect2020scheduledaccess.DectScheduledAccessNetwork"...
Initializing...

Running simulation...
** Event #0   t=0   Elapsed: 3e-06s (0m 00s)
     Speed:     ev/sec=0   simsec/sec=0   ev/simsec=0
     Messages:  created: 2   present: 2   in FES: 2
** Event #120197   t=174.594750011667   Elapsed: 0.013813s (0m 00s)
     Speed:     ev/sec=8.70614e+06   simsec/sec=12646.3   ev/simsec=688.436
     Messages:  created: 2   present: 2   in FES: 1

<!> Simulation stopped with endSimulation() -- in module (ScheduledAccessQueue) DectScheduledAccessNetwork.queue (id=2), at t=174.594750011667s, event #120197

Calling finish() at end of Run #273...

Preparing for running configuration MonetecFocusedSmallR, run #274...
Scenario: $r=3, $rho=0.160, $repetition=1
Assigned runID=MonetecFocusedSmallR-274-20260930-08:59:50-58
Setting up network "dect2020scheduledaccess.DectScheduledAccessNetwork"...
Initializing...

Running simulation...
** Event #0   t=0   Elapsed: 4e-06s (0m 00s)
     Speed:     ev/sec=0   simsec/sec=0   ev/simsec=0
     Messages:  created: 2   present: 2   in FES: 2
** Event #120103   t=174.865166678334   Elapsed: 0.011274s (0m 00s)
     Speed:     ev/sec=1.06569e+07   simsec/sec=15515.9   ev/simsec=686.834
     Messages:  created: 2   present: 2   in FES: 1

<!> Simulation stopped with endSimulation() -- in module (ScheduledAccessQueue) DectScheduledAccessNetwork.queue (id=2), at t=174.865166678334s, event #120103

Calling finish() at end of Run #274...

Preparing for running configuration MonetecFocusedSmallR, run #275...
Scenario: $r=3, $rho=0.160, $repetition=2
Assigned runID=MonetecFocusedSmallR-275-20260930-08:59:50-58
Setting up network "dect2020scheduledaccess.DectScheduledAccessNetwork"...
Initializing...

Running simulation...
** Event #0   t=0   Elapsed: 2.8e-05s (0m 00s)
     Speed:     ev/sec=0   simsec/sec=0   ev/simsec=0
     Messages:  created: 2   present: 2   in FES: 2
** Event #120083   t=174.585750011667   Elapsed: 0.01122s (0m 00s)
     Speed:     ev/sec=1.07303e+07   simsec/sec=15600.5   ev/simsec=687.817
     Messages:  created: 2   present: 2   in FES: 1

<!> Simulation stopped with endSimulation() -- in module (ScheduledAccessQueue) DectScheduledAccessNetwork.queue (id=2), at t=174.585750011667s, event #120083

Calling finish() at end of Run #275...

Preparing for running configuration MonetecFocusedSmallR, run #276...
Scenario: $r=3, $rho=0.165, $repetition=0
Assigned runID=MonetecFocusedSmallR-276-20260930-08:59:50-58
Setting up network "dect2020scheduledaccess.DectScheduledAccessNetwork"...
Initializing...

Running simulation...
** Event #0   t=0   Elapsed: 1.5e-05s (0m 00s)
     Speed:     ev/sec=0   simsec/sec=0   ev/simsec=0
     Messages:  created: 2   present: 2   in FES: 2
** Event #122278   t=174.442583345001   Elapsed: 0.011719s (0m 00s)
     Speed:     ev/sec=1.04493e+07   simsec/sec=14907   ev/simsec=700.966
     Messages:  created: 2   present: 2   in FES: 1

<!> Simulation stopped with endSimulation() -- in module (ScheduledAccessQueue) DectScheduledAccessNetwork.queue (id=2), at t=174.442583345001s, event #122278

Calling finish() at end of Run #276...

Preparing for running configuration MonetecFocusedSmallR, run #277...
Scenario: $r=3, $rho=0.165, $repetition=1
Assigned runID=MonetecFocusedSmallR-277-20260930-08:59:50-58
Setting up network "dect2020scheduledaccess.DectScheduledAccessNetwork"...
Initializing...

Running simulation...
** Event #0   t=0   Elapsed: 3e-06s (0m 00s)
     Speed:     ev/sec=0   simsec/sec=0   ev/simsec=0
     Messages:  created: 2   present: 2   in FES: 2
** Event #121906   t=174.279750011667   Elapsed: 0.011794s (0m 00s)
     Speed:     ev/sec=1.03398e+07   simsec/sec=14782   ev/simsec=699.486
     Messages:  created: 2   present: 2   in FES: 1

<!> Simulation stopped with endSimulation() -- in module (ScheduledAccessQueue) DectScheduledAccessNetwork.queue (id=2), at t=174.279750011667s, event #121906

Calling finish() at end of Run #277...

Preparing for running configuration MonetecFocusedSmallR, run #278...
Scenario: $r=3, $rho=0.165, $repetition=2
Assigned runID=MonetecFocusedSmallR-278-20260930-08:59:50-58
Setting up network "dect2020scheduledaccess.DectScheduledAccessNetwork"...
Initializing...

Running simulation...
** Event #0   t=0   Elapsed: 3e-06s (0m 00s)
     Speed:     ev/sec=0   simsec/sec=0   ev/simsec=0
     Messages:  created: 2   present: 2   in FES: 2
** Event #122030   t=174.217166678334   Elapsed: 0.011662s (0m 00s)
     Speed:     ev/sec=1.04666e+07   simsec/sec=14942.7   ev/simsec=700.449
     Messages:  created: 2   present: 2   in FES: 1

<!> Simulation stopped with endSimulation() -- in module (ScheduledAccessQueue) DectScheduledAccessNetwork.queue (id=2), at t=174.217166678334s, event #122030

Calling finish() at end of Run #278...

Preparing for running configuration MonetecFocusedSmallR, run #279...
Scenario: $r=3, $rho=0.170, $repetition=0
Assigned runID=MonetecFocusedSmallR-279-20260930-08:59:50-58
Setting up network "dect2020scheduledaccess.DectScheduledAccessNetwork"...
Initializing...

Running simulation...
** Event #0   t=0   Elapsed: 3e-06s (0m 00s)
     Speed:     ev/sec=0   simsec/sec=0   ev/simsec=0
     Messages:  created: 2   present: 2   in FES: 2
** Event #124190   t=173.974166678334   Elapsed: 0.011922s (0m 00s)
     Speed:     ev/sec=1.04204e+07   simsec/sec=14597.6   ev/simsec=713.843
     Messages:  created: 2   present: 2   in FES: 1

<!> Simulation stopped with endSimulation() -- in module (ScheduledAccessQueue) DectScheduledAccessNetwork.queue (id=2), at t=173.974166678334s, event #124190

Calling finish() at end of Run #279...

Preparing for running configuration MonetecFocusedSmallR, run #280...
Scenario: $r=3, $rho=0.170, $repetition=1
Assigned runID=MonetecFocusedSmallR-280-20260930-08:59:50-58
Setting up network "dect2020scheduledaccess.DectScheduledAccessNetwork"...
Initializing...

Running simulation...
** Event #0   t=0   Elapsed: 3e-06s (0m 00s)
     Speed:     ev/sec=0   simsec/sec=0   ev/simsec=0
     Messages:  created: 2   present: 2   in FES: 2
** Event #123859   t=174.019166678334   Elapsed: 0.011662s (0m 00s)
     Speed:     ev/sec=1.06235e+07   simsec/sec=14925.7   ev/simsec=711.757
     Messages:  created: 2   present: 2   in FES: 1

<!> Simulation stopped with endSimulation() -- in module (ScheduledAccessQueue) DectScheduledAccessNetwork.queue (id=2), at t=174.019166678334s, event #123859

Calling finish() at end of Run #280...

Preparing for running configuration MonetecFocusedSmallR, run #281...
Scenario: $r=3, $rho=0.170, $repetition=2
Assigned runID=MonetecFocusedSmallR-281-20260930-08:59:50-58
Setting up network "dect2020scheduledaccess.DectScheduledAccessNetwork"...
Initializing...

Running simulation...
** Event #0   t=0   Elapsed: 3e-06s (0m 00s)
     Speed:     ev/sec=0   simsec/sec=0   ev/simsec=0
     Messages:  created: 2   present: 2   in FES: 2
** Event #123938   t=173.983166678334   Elapsed: 0.011634s (0m 00s)
     Speed:     ev/sec=1.06558e+07   simsec/sec=14958.5   ev/simsec=712.358
     Messages:  created: 2   present: 2   in FES: 1

<!> Simulation stopped with endSimulation() -- in module (ScheduledAccessQueue) DectScheduledAccessNetwork.queue (id=2), at t=173.983166678334s, event #123938

Calling finish() at end of Run #281...

Preparing for running configuration MonetecFocusedSmallR, run #282...
Scenario: $r=3, $rho=0.175, $repetition=0
Assigned runID=MonetecFocusedSmallR-282-20260930-08:59:50-58
Setting up network "dect2020scheduledaccess.DectScheduledAccessNetwork"...
Initializing...

Running simulation...
** Event #0   t=0   Elapsed: 3e-06s (0m 00s)
     Speed:     ev/sec=0   simsec/sec=0   ev/simsec=0
     Messages:  created: 2   present: 2   in FES: 2
** Event #126079   t=173.640750011667   Elapsed: 0.011759s (0m 00s)
     Speed:     ev/sec=1.07247e+07   simsec/sec=14770.4   ev/simsec=726.093
     Messages:  created: 2   present: 2   in FES: 1

<!> Simulation stopped with endSimulation() -- in module (ScheduledAccessQueue) DectScheduledAccessNetwork.queue (id=2), at t=173.640750011667s, event #126079

Calling finish() at end of Run #282...

Preparing for running configuration MonetecFocusedSmallR, run #283...
Scenario: $r=3, $rho=0.175, $repetition=1
Assigned runID=MonetecFocusedSmallR-283-20260930-08:59:50-58
Setting up network "dect2020scheduledaccess.DectScheduledAccessNetwork"...
Initializing...

Running simulation...
** Event #0   t=0   Elapsed: 3e-06s (0m 00s)
     Speed:     ev/sec=0   simsec/sec=0   ev/simsec=0
     Messages:  created: 2   present: 2   in FES: 2
** Event #125791   t=173.775750011667   Elapsed: 0.012006s (0m 00s)
     Speed:     ev/sec=1.048e+07   simsec/sec=14477.7   ev/simsec=723.871
     Messages:  created: 2   present: 2   in FES: 1

<!> Simulation stopped with endSimulation() -- in module (ScheduledAccessQueue) DectScheduledAccessNetwork.queue (id=2), at t=173.775750011667s, event #125791

Calling finish() at end of Run #283...

Preparing for running configuration MonetecFocusedSmallR, run #284...
Scenario: $r=3, $rho=0.175, $repetition=2
Assigned runID=MonetecFocusedSmallR-284-20260930-08:59:50-58
Setting up network "dect2020scheduledaccess.DectScheduledAccessNetwork"...
Initializing...

Running simulation...
** Event #0   t=0   Elapsed: 3e-06s (0m 00s)
     Speed:     ev/sec=0   simsec/sec=0   ev/simsec=0
     Messages:  created: 2   present: 2   in FES: 2
** Event #125832   t=173.650166678334   Elapsed: 0.011762s (0m 00s)
     Speed:     ev/sec=1.07009e+07   simsec/sec=14767.4   ev/simsec=724.631
     Messages:  created: 2   present: 2   in FES: 1

<!> Simulation stopped with endSimulation() -- in module (ScheduledAccessQueue) DectScheduledAccessNetwork.queue (id=2), at t=173.650166678334s, event #125832

Calling finish() at end of Run #284...

Preparing for running configuration MonetecFocusedSmallR, run #285...
Scenario: $r=3, $rho=0.180, $repetition=0
Assigned runID=MonetecFocusedSmallR-285-20260930-08:59:50-58
Setting up network "dect2020scheduledaccess.DectScheduledAccessNetwork"...
Initializing...

Running simulation...
** Event #0   t=0   Elapsed: 2.4e-05s (0m 00s)
     Speed:     ev/sec=0   simsec/sec=0   ev/simsec=0
     Messages:  created: 2   present: 2   in FES: 2
** Event #128091   t=173.424333345   Elapsed: 0.012038s (0m 00s)
     Speed:     ev/sec=1.06618e+07   simsec/sec=14435.2   ev/simsec=738.601
     Messages:  created: 2   present: 2   in FES: 1

<!> Simulation stopped with endSimulation() -- in module (ScheduledAccessQueue) DectScheduledAccessNetwork.queue (id=2), at t=173.424333345s, event #128091

Calling finish() at end of Run #285...

Preparing for running configuration MonetecFocusedSmallR, run #286...
Scenario: $r=3, $rho=0.180, $repetition=1
Assigned runID=MonetecFocusedSmallR-286-20260930-08:59:50-58
Setting up network "dect2020scheduledaccess.DectScheduledAccessNetwork"...
Initializing...

Running simulation...
** Event #0   t=0   Elapsed: 2.2e-05s (0m 00s)
     Speed:     ev/sec=0   simsec/sec=0   ev/simsec=0
     Messages:  created: 2   present: 2   in FES: 2
** Event #127836   t=173.622750011667   Elapsed: 0.01228s (0m 00s)
     Speed:     ev/sec=1.04288e+07   simsec/sec=14164   ev/simsec=736.288
     Messages:  created: 2   present: 2   in FES: 1

<!> Simulation stopped with endSimulation() -- in module (ScheduledAccessQueue) DectScheduledAccessNetwork.queue (id=2), at t=173.622750011667s, event #127836

Calling finish() at end of Run #286...

Preparing for running configuration MonetecFocusedSmallR, run #287...
Scenario: $r=3, $rho=0.180, $repetition=2
Assigned runID=MonetecFocusedSmallR-287-20260930-08:59:50-58
Setting up network "dect2020scheduledaccess.DectScheduledAccessNetwork"...
Initializing...

Running simulation...
** Event #0   t=0   Elapsed: 3e-06s (0m 00s)
     Speed:     ev/sec=0   simsec/sec=0   ev/simsec=0
     Messages:  created: 2   present: 2   in FES: 2
** Event #127766   t=173.442750011667   Elapsed: 0.012206s (0m 00s)
     Speed:     ev/sec=1.047e+07   simsec/sec=14213.1   ev/simsec=736.648
     Messages:  created: 2   present: 2   in FES: 1

<!> Simulation stopped with endSimulation() -- in module (ScheduledAccessQueue) DectScheduledAccessNetwork.queue (id=2), at t=173.442750011667s, event #127766

Calling finish() at end of Run #287...

Preparing for running configuration MonetecFocusedSmallR, run #288...
Scenario: $r=3, $rho=0.185, $repetition=0
Assigned runID=MonetecFocusedSmallR-288-20260930-08:59:50-58
Setting up network "dect2020scheduledaccess.DectScheduledAccessNetwork"...
Initializing...

Running simulation...
** Event #0   t=0   Elapsed: 1.7e-05s (0m 00s)
     Speed:     ev/sec=0   simsec/sec=0   ev/simsec=0
     Messages:  created: 2   present: 2   in FES: 2
** Event #130052   t=173.353166678334   Elapsed: 0.012858s (0m 00s)
     Speed:     ev/sec=1.01279e+07   simsec/sec=13499.9   ev/simsec=750.216
     Messages:  created: 2   present: 2   in FES: 1

<!> Simulation stopped with endSimulation() -- in module (ScheduledAccessQueue) DectScheduledAccessNetwork.queue (id=2), at t=173.353166678334s, event #130052

Calling finish() at end of Run #288...

Preparing for running configuration MonetecFocusedSmallR, run #289...
Scenario: $r=3, $rho=0.185, $repetition=1
Assigned runID=MonetecFocusedSmallR-289-20260930-08:59:50-58
Setting up network "dect2020scheduledaccess.DectScheduledAccessNetwork"...
Initializing...

Running simulation...
** Event #0   t=0   Elapsed: 4e-06s (0m 00s)
     Speed:     ev/sec=0   simsec/sec=0   ev/simsec=0
     Messages:  created: 2   present: 2   in FES: 2
** Event #129834   t=173.281166678334   Elapsed: 0.012314s (0m 00s)
     Speed:     ev/sec=1.05462e+07   simsec/sec=14075.3   ev/simsec=749.27
     Messages:  created: 2   present: 2   in FES: 1

<!> Simulation stopped with endSimulation() -- in module (ScheduledAccessQueue) DectScheduledAccessNetwork.queue (id=2), at t=173.281166678334s, event #129834

Calling finish() at end of Run #289...

Preparing for running configuration MonetecFocusedSmallR, run #290...
Scenario: $r=3, $rho=0.185, $repetition=2
Assigned runID=MonetecFocusedSmallR-290-20260930-08:59:50-58
Setting up network "dect2020scheduledaccess.DectScheduledAccessNetwork"...
Initializing...

Running simulation...
** Event #0   t=0   Elapsed: 3e-06s (0m 00s)
     Speed:     ev/sec=0   simsec/sec=0   ev/simsec=0
     Messages:  created: 2   present: 2   in FES: 2
** Event #129653   t=173.191166678334   Elapsed: 0.012318s (0m 00s)
     Speed:     ev/sec=1.05289e+07   simsec/sec=14064.6   ev/simsec=748.612
     Messages:  created: 2   present: 2   in FES: 1

<!> Simulation stopped with endSimulation() -- in module (ScheduledAccessQueue) DectScheduledAccessNetwork.queue (id=2), at t=173.191166678334s, event #129653

Calling finish() at end of Run #290...

Preparing for running configuration MonetecFocusedSmallR, run #291...
Scenario: $r=3, $rho=0.190, $repetition=0
Assigned runID=MonetecFocusedSmallR-291-20260930-08:59:50-58
Setting up network "dect2020scheduledaccess.DectScheduledAccessNetwork"...
Initializing...

Running simulation...
** Event #0   t=0   Elapsed: 3e-06s (0m 00s)
     Speed:     ev/sec=0   simsec/sec=0   ev/simsec=0
     Messages:  created: 2   present: 2   in FES: 2
** Event #131968   t=173.119166678334   Elapsed: 0.012534s (0m 00s)
     Speed:     ev/sec=1.05322e+07   simsec/sec=13816.3   ev/simsec=762.298
     Messages:  created: 2   present: 2   in FES: 1

<!> Simulation stopped with endSimulation() -- in module (ScheduledAccessQueue) DectScheduledAccessNetwork.queue (id=2), at t=173.119166678334s, event #131968

Calling finish() at end of Run #291...

Preparing for running configuration MonetecFocusedSmallR, run #292...
Scenario: $r=3, $rho=0.190, $repetition=1
Assigned runID=MonetecFocusedSmallR-292-20260930-08:59:50-58
Setting up network "dect2020scheduledaccess.DectScheduledAccessNetwork"...
Initializing...

Running simulation...
** Event #0   t=0   Elapsed: 3e-06s (0m 00s)
     Speed:     ev/sec=0   simsec/sec=0   ev/simsec=0
     Messages:  created: 2   present: 2   in FES: 2
** Event #131741   t=173.092166678334   Elapsed: 0.01256s (0m 00s)
     Speed:     ev/sec=1.04923e+07   simsec/sec=13785.6   ev/simsec=761.105
     Messages:  created: 2   present: 2   in FES: 1

<!> Simulation stopped with endSimulation() -- in module (ScheduledAccessQueue) DectScheduledAccessNetwork.queue (id=2), at t=173.092166678334s, event #131741

Calling finish() at end of Run #292...

Preparing for running configuration MonetecFocusedSmallR, run #293...
Scenario: $r=3, $rho=0.190, $repetition=2
Assigned runID=MonetecFocusedSmallR-293-20260930-08:59:50-58
Setting up network "dect2020scheduledaccess.DectScheduledAccessNetwork"...
Initializing...

Running simulation...
** Event #0   t=0   Elapsed: 3e-06s (0m 00s)
     Speed:     ev/sec=0   simsec/sec=0   ev/simsec=0
     Messages:  created: 2   present: 2   in FES: 2
** Event #131651   t=173.100750011667   Elapsed: 0.012349s (0m 00s)
     Speed:     ev/sec=1.06643e+07   simsec/sec=14021.9   ev/simsec=760.547
     Messages:  created: 2   present: 2   in FES: 1

<!> Simulation stopped with endSimulation() -- in module (ScheduledAccessQueue) DectScheduledAccessNetwork.queue (id=2), at t=173.100750011667s, event #131651

Calling finish() at end of Run #293...

Preparing for running configuration MonetecFocusedSmallR, run #294...
Scenario: $r=3, $rho=0.195, $repetition=0
Assigned runID=MonetecFocusedSmallR-294-20260930-08:59:50-58
Setting up network "dect2020scheduledaccess.DectScheduledAccessNetwork"...
Initializing...

Running simulation...
** Event #0   t=0   Elapsed: 3e-06s (0m 00s)
     Speed:     ev/sec=0   simsec/sec=0   ev/simsec=0
     Messages:  created: 2   present: 2   in FES: 2
** Event #133971   t=173.011166678334   Elapsed: 0.012563s (0m 00s)
     Speed:     ev/sec=1.06673e+07   simsec/sec=13775.9   ev/simsec=774.349
     Messages:  created: 2   present: 2   in FES: 1

<!> Simulation stopped with endSimulation() -- in module (ScheduledAccessQueue) DectScheduledAccessNetwork.queue (id=2), at t=173.011166678334s, event #133971

Calling finish() at end of Run #294...

Preparing for running configuration MonetecFocusedSmallR, run #295...
Scenario: $r=3, $rho=0.195, $repetition=1
Assigned runID=MonetecFocusedSmallR-295-20260930-08:59:50-58
Setting up network "dect2020scheduledaccess.DectScheduledAccessNetwork"...
Initializing...

Running simulation...
** Event #0   t=0   Elapsed: 4e-06s (0m 00s)
     Speed:     ev/sec=0   simsec/sec=0   ev/simsec=0
     Messages:  created: 2   present: 2   in FES: 2
** Event #133695   t=172.992750011667   Elapsed: 0.012565s (0m 00s)
     Speed:     ev/sec=1.06445e+07   simsec/sec=13773.3   ev/simsec=772.838
     Messages:  created: 2   present: 2   in FES: 1

<!> Simulation stopped with endSimulation() -- in module (ScheduledAccessQueue) DectScheduledAccessNetwork.queue (id=2), at t=172.992750011667s, event #133695

Calling finish() at end of Run #295...

Preparing for running configuration MonetecFocusedSmallR, run #296...
Scenario: $r=3, $rho=0.195, $repetition=2
Assigned runID=MonetecFocusedSmallR-296-20260930-08:59:50-58
Setting up network "dect2020scheduledaccess.DectScheduledAccessNetwork"...
Initializing...

Running simulation...
** Event #0   t=0   Elapsed: 3e-06s (0m 00s)
     Speed:     ev/sec=0   simsec/sec=0   ev/simsec=0
     Messages:  created: 2   present: 2   in FES: 2
** Event #133554   t=172.929750011667   Elapsed: 0.012598s (0m 00s)
     Speed:     ev/sec=1.06046e+07   simsec/sec=13731.1   ev/simsec=772.304
     Messages:  created: 2   present: 2   in FES: 1

<!> Simulation stopped with endSimulation() -- in module (ScheduledAccessQueue) DectScheduledAccessNetwork.queue (id=2), at t=172.929750011667s, event #133554

Calling finish() at end of Run #296...

Preparing for running configuration MonetecFocusedSmallR, run #297...
Scenario: $r=3, $rho=0.200, $repetition=0
Assigned runID=MonetecFocusedSmallR-297-20260930-08:59:50-58
Setting up network "dect2020scheduledaccess.DectScheduledAccessNetwork"...
Initializing...

Running simulation...
** Event #0   t=0   Elapsed: 3e-06s (0m 00s)
     Speed:     ev/sec=0   simsec/sec=0   ev/simsec=0
     Messages:  created: 2   present: 2   in FES: 2
** Event #135965   t=172.894583345001   Elapsed: 0.012778s (0m 00s)
     Speed:     ev/sec=1.06439e+07   simsec/sec=13534.8   ev/simsec=786.406
     Messages:  created: 2   present: 2   in FES: 1

<!> Simulation stopped with endSimulation() -- in module (ScheduledAccessQueue) DectScheduledAccessNetwork.queue (id=2), at t=172.894583345001s, event #135965

Calling finish() at end of Run #297...

Preparing for running configuration MonetecFocusedSmallR, run #298...
Scenario: $r=3, $rho=0.200, $repetition=1
Assigned runID=MonetecFocusedSmallR-298-20260930-08:59:50-58
Setting up network "dect2020scheduledaccess.DectScheduledAccessNetwork"...
Initializing...

Running simulation...
** Event #0   t=0   Elapsed: 3e-06s (0m 00s)
     Speed:     ev/sec=0   simsec/sec=0   ev/simsec=0
     Messages:  created: 2   present: 2   in FES: 2
** Event #135708   t=172.830750011667   Elapsed: 0.01277s (0m 00s)
     Speed:     ev/sec=1.06304e+07   simsec/sec=13538.3   ev/simsec=785.209
     Messages:  created: 2   present: 2   in FES: 1

<!> Simulation stopped with endSimulation() -- in module (ScheduledAccessQueue) DectScheduledAccessNetwork.queue (id=2), at t=172.830750011667s, event #135708

Calling finish() at end of Run #298...

Preparing for running configuration MonetecFocusedSmallR, run #299...
Scenario: $r=3, $rho=0.200, $repetition=2
Assigned runID=MonetecFocusedSmallR-299-20260930-08:59:50-58
Setting up network "dect2020scheduledaccess.DectScheduledAccessNetwork"...
Initializing...

Running simulation...
** Event #0   t=0   Elapsed: 3e-06s (0m 00s)
     Speed:     ev/sec=0   simsec/sec=0   ev/simsec=0
     Messages:  created: 2   present: 2   in FES: 2
** Event #135640   t=172.867166678334   Elapsed: 0.012745s (0m 00s)
     Speed:     ev/sec=1.06459e+07   simsec/sec=13567.8   ev/simsec=784.651
     Messages:  created: 2   present: 2   in FES: 1

<!> Simulation stopped with endSimulation() -- in module (ScheduledAccessQueue) DectScheduledAccessNetwork.queue (id=2), at t=172.867166678334s, event #135640

Calling finish() at end of Run #299...

Preparing for running configuration MonetecFocusedSmallR, run #300...
Scenario: $r=3, $rho=0.205, $repetition=0
Assigned runID=MonetecFocusedSmallR-300-20260930-08:59:50-58
Setting up network "dect2020scheduledaccess.DectScheduledAccessNetwork"...
Initializing...

Running simulation...
** Event #0   t=0   Elapsed: 3e-06s (0m 00s)
     Speed:     ev/sec=0   simsec/sec=0   ev/simsec=0
     Messages:  created: 2   present: 2   in FES: 2
** Event #137978   t=172.804166678334   Elapsed: 0.013204s (0m 00s)
     Speed:     ev/sec=1.04521e+07   simsec/sec=13090.2   ev/simsec=798.466
     Messages:  created: 2   present: 2   in FES: 1

<!> Simulation stopped with endSimulation() -- in module (ScheduledAccessQueue) DectScheduledAccessNetwork.queue (id=2), at t=172.804166678334s, event #137978

Calling finish() at end of Run #300...

Preparing for running configuration MonetecFocusedSmallR, run #301...
Scenario: $r=3, $rho=0.205, $repetition=1
Assigned runID=MonetecFocusedSmallR-301-20260930-08:59:50-58
Setting up network "dect2020scheduledaccess.DectScheduledAccessNetwork"...
Initializing...

Running simulation...
** Event #0   t=0   Elapsed: 3e-06s (0m 00s)
     Speed:     ev/sec=0   simsec/sec=0   ev/simsec=0
     Messages:  created: 2   present: 2   in FES: 2
** Event #137786   t=172.867166678334   Elapsed: 0.012935s (0m 00s)
     Speed:     ev/sec=1.06547e+07   simsec/sec=13367.4   ev/simsec=797.065
     Messages:  created: 2   present: 2   in FES: 1

<!> Simulation stopped with endSimulation() -- in module (ScheduledAccessQueue) DectScheduledAccessNetwork.queue (id=2), at t=172.867166678334s, event #137786

Calling finish() at end of Run #301...

Preparing for running configuration MonetecFocusedSmallR, run #302...
Scenario: $r=3, $rho=0.205, $repetition=2
Assigned runID=MonetecFocusedSmallR-302-20260930-08:59:50-58
Setting up network "dect2020scheduledaccess.DectScheduledAccessNetwork"...
Initializing...

Running simulation...
** Event #0   t=0   Elapsed: 3e-06s (0m 00s)
     Speed:     ev/sec=0   simsec/sec=0   ev/simsec=0
     Messages:  created: 2   present: 2   in FES: 2
** Event #137637   t=172.705166678334   Elapsed: 0.012932s (0m 00s)
     Speed:     ev/sec=1.06456e+07   simsec/sec=13358   ev/simsec=796.949
     Messages:  created: 2   present: 2   in FES: 1

<!> Simulation stopped with endSimulation() -- in module (ScheduledAccessQueue) DectScheduledAccessNetwork.queue (id=2), at t=172.705166678334s, event #137637

Calling finish() at end of Run #302...

Preparing for running configuration MonetecFocusedSmallR, run #303...
Scenario: $r=3, $rho=0.210, $repetition=0
Assigned runID=MonetecFocusedSmallR-303-20260930-08:59:50-58
Setting up network "dect2020scheduledaccess.DectScheduledAccessNetwork"...
Initializing...

Running simulation...
** Event #0   t=0   Elapsed: 4e-06s (0m 00s)
     Speed:     ev/sec=0   simsec/sec=0   ev/simsec=0
     Messages:  created: 2   present: 2   in FES: 2
** Event #140095   t=172.786166678334   Elapsed: 0.013178s (0m 00s)
     Speed:     ev/sec=1.06342e+07   simsec/sec=13115.7   ev/simsec=810.802
     Messages:  created: 2   present: 2   in FES: 1

<!> Simulation stopped with endSimulation() -- in module (ScheduledAccessQueue) DectScheduledAccessNetwork.queue (id=2), at t=172.786166678334s, event #140095

Calling finish() at end of Run #303...

Preparing for running configuration MonetecFocusedSmallR, run #304...
Scenario: $r=3, $rho=0.210, $repetition=1
Assigned runID=MonetecFocusedSmallR-304-20260930-08:59:50-58
Setting up network "dect2020scheduledaccess.DectScheduledAccessNetwork"...
Initializing...

Running simulation...
** Event #0   t=0   Elapsed: 3e-06s (0m 00s)
     Speed:     ev/sec=0   simsec/sec=0   ev/simsec=0
     Messages:  created: 2   present: 2   in FES: 2
** Event #139681   t=172.659333345   Elapsed: 0.013223s (0m 00s)
     Speed:     ev/sec=1.05675e+07   simsec/sec=13062.4   ev/simsec=809
     Messages:  created: 2   present: 2   in FES: 1

<!> Simulation stopped with endSimulation() -- in module (ScheduledAccessQueue) DectScheduledAccessNetwork.queue (id=2), at t=172.659333345s, event #139681

Calling finish() at end of Run #304...

Preparing for running configuration MonetecFocusedSmallR, run #305...
Scenario: $r=3, $rho=0.210, $repetition=2
Assigned runID=MonetecFocusedSmallR-305-20260930-08:59:50-58
Setting up network "dect2020scheduledaccess.DectScheduledAccessNetwork"...
Initializing...

Running simulation...
** Event #0   t=0   Elapsed: 4e-06s (0m 00s)
     Speed:     ev/sec=0   simsec/sec=0   ev/simsec=0
     Messages:  created: 2   present: 2   in FES: 2
** Event #139719   t=172.660166678334   Elapsed: 0.013616s (0m 00s)
     Speed:     ev/sec=1.02644e+07   simsec/sec=12684.4   ev/simsec=809.216
     Messages:  created: 2   present: 2   in FES: 1

<!> Simulation stopped with endSimulation() -- in module (ScheduledAccessQueue) DectScheduledAccessNetwork.queue (id=2), at t=172.660166678334s, event #139719

Calling finish() at end of Run #305...

Preparing for running configuration MonetecFocusedSmallR, run #306...
Scenario: $r=3, $rho=0.215, $repetition=0
Assigned runID=MonetecFocusedSmallR-306-20260930-08:59:50-58
Setting up network "dect2020scheduledaccess.DectScheduledAccessNetwork"...
Initializing...

Running simulation...
** Event #0   t=0   Elapsed: 4e-06s (0m 00s)
     Speed:     ev/sec=0   simsec/sec=0   ev/simsec=0
     Messages:  created: 2   present: 2   in FES: 2
** Event #142091   t=172.642583345001   Elapsed: 0.013442s (0m 00s)
     Speed:     ev/sec=1.0573e+07   simsec/sec=12846.4   ev/simsec=823.038
     Messages:  created: 2   present: 2   in FES: 1

<!> Simulation stopped with endSimulation() -- in module (ScheduledAccessQueue) DectScheduledAccessNetwork.queue (id=2), at t=172.642583345001s, event #142091

Calling finish() at end of Run #306...

Preparing for running configuration MonetecFocusedSmallR, run #307...
Scenario: $r=3, $rho=0.215, $repetition=1
Assigned runID=MonetecFocusedSmallR-307-20260930-08:59:51-58
Setting up network "dect2020scheduledaccess.DectScheduledAccessNetwork"...
Initializing...

Running simulation...
** Event #0   t=0   Elapsed: 3e-06s (0m 00s)
     Speed:     ev/sec=0   simsec/sec=0   ev/simsec=0
     Messages:  created: 2   present: 2   in FES: 2
** Event #141687   t=172.588166678334   Elapsed: 0.013472s (0m 00s)
     Speed:     ev/sec=1.05187e+07   simsec/sec=12812.8   ev/simsec=820.956
     Messages:  created: 2   present: 2   in FES: 1

<!> Simulation stopped with endSimulation() -- in module (ScheduledAccessQueue) DectScheduledAccessNetwork.queue (id=2), at t=172.588166678334s, event #141687

Calling finish() at end of Run #307...

Preparing for running configuration MonetecFocusedSmallR, run #308...
Scenario: $r=3, $rho=0.215, $repetition=2
Assigned runID=MonetecFocusedSmallR-308-20260930-08:59:51-58
Setting up network "dect2020scheduledaccess.DectScheduledAccessNetwork"...
Initializing...

Running simulation...
** Event #0   t=0   Elapsed: 3e-06s (0m 00s)
     Speed:     ev/sec=0   simsec/sec=0   ev/simsec=0
     Messages:  created: 2   present: 2   in FES: 2
** Event #141707   t=172.542750011667   Elapsed: 0.013408s (0m 00s)
     Speed:     ev/sec=1.0572e+07   simsec/sec=12872.5   ev/simsec=821.288
     Messages:  created: 2   present: 2   in FES: 1

<!> Simulation stopped with endSimulation() -- in module (ScheduledAccessQueue) DectScheduledAccessNetwork.queue (id=2), at t=172.542750011667s, event #141707

Calling finish() at end of Run #308...

Preparing for running configuration MonetecFocusedSmallR, run #309...
Scenario: $r=3, $rho=0.220, $repetition=0
Assigned runID=MonetecFocusedSmallR-309-20260930-08:59:51-58
Setting up network "dect2020scheduledaccess.DectScheduledAccessNetwork"...
Initializing...

Running simulation...
** Event #0   t=0   Elapsed: 3e-06s (0m 00s)
     Speed:     ev/sec=0   simsec/sec=0   ev/simsec=0
     Messages:  created: 2   present: 2   in FES: 2
** Event #144190   t=172.606166678334   Elapsed: 0.013673s (0m 00s)
     Speed:     ev/sec=1.05487e+07   simsec/sec=12627.5   ev/simsec=835.372
     Messages:  created: 2   present: 2   in FES: 1

<!> Simulation stopped with endSimulation() -- in module (ScheduledAccessQueue) DectScheduledAccessNetwork.queue (id=2), at t=172.606166678334s, event #144190

Calling finish() at end of Run #309...

Preparing for running configuration MonetecFocusedSmallR, run #310...
Scenario: $r=3, $rho=0.220, $repetition=1
Assigned runID=MonetecFocusedSmallR-310-20260930-08:59:51-58
Setting up network "dect2020scheduledaccess.DectScheduledAccessNetwork"...
Initializing...

Running simulation...
** Event #0   t=0   Elapsed: 4e-06s (0m 00s)
     Speed:     ev/sec=0   simsec/sec=0   ev/simsec=0
     Messages:  created: 2   present: 2   in FES: 2
** Event #143763   t=172.489166678334   Elapsed: 0.013595s (0m 00s)
     Speed:     ev/sec=1.05786e+07   simsec/sec=12692.3   ev/simsec=833.463
     Messages:  created: 2   present: 2   in FES: 1

<!> Simulation stopped with endSimulation() -- in module (ScheduledAccessQueue) DectScheduledAccessNetwork.queue (id=2), at t=172.489166678334s, event #143763

Calling finish() at end of Run #310...

Preparing for running configuration MonetecFocusedSmallR, run #311...
Scenario: $r=3, $rho=0.220, $repetition=2
Assigned runID=MonetecFocusedSmallR-311-20260930-08:59:51-58
Setting up network "dect2020scheduledaccess.DectScheduledAccessNetwork"...
Initializing...

Running simulation...
** Event #0   t=0   Elapsed: 3e-06s (0m 00s)
     Speed:     ev/sec=0   simsec/sec=0   ev/simsec=0
     Messages:  created: 2   present: 2   in FES: 2
** Event #143738   t=172.561166678334   Elapsed: 0.013629s (0m 00s)
     Speed:     ev/sec=1.05496e+07   simsec/sec=12665   ev/simsec=832.97
     Messages:  created: 2   present: 2   in FES: 1

<!> Simulation stopped with endSimulation() -- in module (ScheduledAccessQueue) DectScheduledAccessNetwork.queue (id=2), at t=172.561166678334s, event #143738

Calling finish() at end of Run #311...

Preparing for running configuration MonetecFocusedSmallR, run #312...
Scenario: $r=3, $rho=0.225, $repetition=0
Assigned runID=MonetecFocusedSmallR-312-20260930-08:59:51-58
Setting up network "dect2020scheduledaccess.DectScheduledAccessNetwork"...
Initializing...

Running simulation...
** Event #0   t=0   Elapsed: 4e-06s (0m 00s)
     Speed:     ev/sec=0   simsec/sec=0   ev/simsec=0
     Messages:  created: 2   present: 2   in FES: 2
** Event #146242   t=172.507166678334   Elapsed: 0.014016s (0m 00s)
     Speed:     ev/sec=1.04377e+07   simsec/sec=12312.2   ev/simsec=847.747
     Messages:  created: 2   present: 2   in FES: 1

<!> Simulation stopped with endSimulation() -- in module (ScheduledAccessQueue) DectScheduledAccessNetwork.queue (id=2), at t=172.507166678334s, event #146242

Calling finish() at end of Run #312...

Preparing for running configuration MonetecFocusedSmallR, run #313...
Scenario: $r=3, $rho=0.225, $repetition=1
Assigned runID=MonetecFocusedSmallR-313-20260930-08:59:51-58
Setting up network "dect2020scheduledaccess.DectScheduledAccessNetwork"...
Initializing...

Running simulation...
** Event #0   t=0   Elapsed: 3e-06s (0m 00s)
     Speed:     ev/sec=0   simsec/sec=0   ev/simsec=0
     Messages:  created: 2   present: 2   in FES: 2
** Event #145784   t=172.426166678334   Elapsed: 0.014105s (0m 00s)
     Speed:     ev/sec=1.03378e+07   simsec/sec=12227   ev/simsec=845.489
     Messages:  created: 2   present: 2   in FES: 1

<!> Simulation stopped with endSimulation() -- in module (ScheduledAccessQueue) DectScheduledAccessNetwork.queue (id=2), at t=172.426166678334s, event #145784

Calling finish() at end of Run #313...

Preparing for running configuration MonetecFocusedSmallR, run #314...
Scenario: $r=3, $rho=0.225, $repetition=2
Assigned runID=MonetecFocusedSmallR-314-20260930-08:59:51-58
Setting up network "dect2020scheduledaccess.DectScheduledAccessNetwork"...
Initializing...

Running simulation...
** Event #0   t=0   Elapsed: 3e-06s (0m 00s)
     Speed:     ev/sec=0   simsec/sec=0   ev/simsec=0
     Messages:  created: 2   present: 2   in FES: 2
** Event #145719   t=172.426166678334   Elapsed: 0.013966s (0m 00s)
     Speed:     ev/sec=1.04368e+07   simsec/sec=12349.6   ev/simsec=845.112
     Messages:  created: 2   present: 2   in FES: 1

<!> Simulation stopped with endSimulation() -- in module (ScheduledAccessQueue) DectScheduledAccessNetwork.queue (id=2), at t=172.426166678334s, event #145719

Calling finish() at end of Run #314...

Preparing for running configuration MonetecFocusedSmallR, run #315...
Scenario: $r=3, $rho=0.230, $repetition=0
Assigned runID=MonetecFocusedSmallR-315-20260930-08:59:51-58
Setting up network "dect2020scheduledaccess.DectScheduledAccessNetwork"...
Initializing...

Running simulation...
** Event #0   t=0   Elapsed: 3e-06s (0m 00s)
     Speed:     ev/sec=0   simsec/sec=0   ev/simsec=0
     Messages:  created: 2   present: 2   in FES: 2
** Event #148299   t=172.452750011667   Elapsed: 0.014033s (0m 00s)
     Speed:     ev/sec=1.05701e+07   simsec/sec=12291.7   ev/simsec=859.941
     Messages:  created: 2   present: 2   in FES: 1

<!> Simulation stopped with endSimulation() -- in module (ScheduledAccessQueue) DectScheduledAccessNetwork.queue (id=2), at t=172.452750011667s, event #148299

Calling finish() at end of Run #315...

Preparing for running configuration MonetecFocusedSmallR, run #316...
Scenario: $r=3, $rho=0.230, $repetition=1
Assigned runID=MonetecFocusedSmallR-316-20260930-08:59:51-58
Setting up network "dect2020scheduledaccess.DectScheduledAccessNetwork"...
Initializing...

Running simulation...
** Event #0   t=0   Elapsed: 4e-06s (0m 00s)
     Speed:     ev/sec=0   simsec/sec=0   ev/simsec=0
     Messages:  created: 2   present: 2   in FES: 2
** Event #147789   t=172.371750011667   Elapsed: 0.014252s (0m 00s)
     Speed:     ev/sec=1.03733e+07   simsec/sec=12098.8   ev/simsec=857.387
     Messages:  created: 2   present: 2   in FES: 1

<!> Simulation stopped with endSimulation() -- in module (ScheduledAccessQueue) DectScheduledAccessNetwork.queue (id=2), at t=172.371750011667s, event #147789

Calling finish() at end of Run #316...

Preparing for running configuration MonetecFocusedSmallR, run #317...
Scenario: $r=3, $rho=0.230, $repetition=2
Assigned runID=MonetecFocusedSmallR-317-20260930-08:59:51-58
Setting up network "dect2020scheduledaccess.DectScheduledAccessNetwork"...
Initializing...

Running simulation...
** Event #0   t=0   Elapsed: 4e-06s (0m 00s)
     Speed:     ev/sec=0   simsec/sec=0   ev/simsec=0
     Messages:  created: 2   present: 2   in FES: 2
** Event #147798   t=172.417166678334   Elapsed: 0.014134s (0m 00s)
     Speed:     ev/sec=1.04599e+07   simsec/sec=12202.2   ev/simsec=857.214
     Messages:  created: 2   present: 2   in FES: 1

<!> Simulation stopped with endSimulation() -- in module (ScheduledAccessQueue) DectScheduledAccessNetwork.queue (id=2), at t=172.417166678334s, event #147798

Calling finish() at end of Run #317...

Preparing for running configuration MonetecFocusedSmallR, run #318...
Scenario: $r=3, $rho=0.235, $repetition=0
Assigned runID=MonetecFocusedSmallR-318-20260930-08:59:51-58
Setting up network "dect2020scheduledaccess.DectScheduledAccessNetwork"...
Initializing...

Running simulation...
** Event #0   t=0   Elapsed: 3e-06s (0m 00s)
     Speed:     ev/sec=0   simsec/sec=0   ev/simsec=0
     Messages:  created: 2   present: 2   in FES: 2
** Event #150365   t=172.407750011667   Elapsed: 0.014317s (0m 00s)
     Speed:     ev/sec=1.05048e+07   simsec/sec=12044.7   ev/simsec=872.15
     Messages:  created: 2   present: 2   in FES: 1

<!> Simulation stopped with endSimulation() -- in module (ScheduledAccessQueue) DectScheduledAccessNetwork.queue (id=2), at t=172.407750011667s, event #150365

Calling finish() at end of Run #318...

Preparing for running configuration MonetecFocusedSmallR, run #319...
Scenario: $r=3, $rho=0.235, $repetition=1
Assigned runID=MonetecFocusedSmallR-319-20260930-08:59:51-58
Setting up network "dect2020scheduledaccess.DectScheduledAccessNetwork"...
Initializing...

Running simulation...
** Event #0   t=0   Elapsed: 2.9e-05s (0m 00s)
     Speed:     ev/sec=0   simsec/sec=0   ev/simsec=0
     Messages:  created: 2   present: 2   in FES: 2
** Event #149978   t=172.380750011667   Elapsed: 0.014831s (0m 00s)
     Speed:     ev/sec=1.01336e+07   simsec/sec=11647.3   ev/simsec=870.041
     Messages:  created: 2   present: 2   in FES: 1

<!> Simulation stopped with endSimulation() -- in module (ScheduledAccessQueue) DectScheduledAccessNetwork.queue (id=2), at t=172.380750011667s, event #149978

Calling finish() at end of Run #319...

Preparing for running configuration MonetecFocusedSmallR, run #320...
Scenario: $r=3, $rho=0.235, $repetition=2
Assigned runID=MonetecFocusedSmallR-320-20260930-08:59:51-58
Setting up network "dect2020scheduledaccess.DectScheduledAccessNetwork"...
Initializing...

Running simulation...
** Event #0   t=0   Elapsed: 2.8e-05s (0m 00s)
     Speed:     ev/sec=0   simsec/sec=0   ev/simsec=0
     Messages:  created: 2   present: 2   in FES: 2
** Event #149723   t=172.317333345   Elapsed: 0.014227s (0m 00s)
     Speed:     ev/sec=1.05446e+07   simsec/sec=12135.8   ev/simsec=868.882
     Messages:  created: 2   present: 2   in FES: 1

<!> Simulation stopped with endSimulation() -- in module (ScheduledAccessQueue) DectScheduledAccessNetwork.queue (id=2), at t=172.317333345s, event #149723

Calling finish() at end of Run #320...

Preparing for running configuration MonetecFocusedSmallR, run #321...
Scenario: $r=3, $rho=0.240, $repetition=0
Assigned runID=MonetecFocusedSmallR-321-20260930-08:59:51-58
Setting up network "dect2020scheduledaccess.DectScheduledAccessNetwork"...
Initializing...

Running simulation...
** Event #0   t=0   Elapsed: 4e-06s (0m 00s)
     Speed:     ev/sec=0   simsec/sec=0   ev/simsec=0
     Messages:  created: 2   present: 2   in FES: 2
** Event #152452   t=172.417583345001   Elapsed: 0.01504s (0m 00s)
     Speed:     ev/sec=1.01391e+07   simsec/sec=11467   ev/simsec=884.204
     Messages:  created: 2   present: 2   in FES: 1

<!> Simulation stopped with endSimulation() -- in module (ScheduledAccessQueue) DectScheduledAccessNetwork.queue (id=2), at t=172.417583345001s, event #152452

Calling finish() at end of Run #321...

Preparing for running configuration MonetecFocusedSmallR, run #322...
Scenario: $r=3, $rho=0.240, $repetition=1
Assigned runID=MonetecFocusedSmallR-322-20260930-08:59:51-58
Setting up network "dect2020scheduledaccess.DectScheduledAccessNetwork"...
Initializing...

Running simulation...
** Event #0   t=0   Elapsed: 3e-06s (0m 00s)
     Speed:     ev/sec=0   simsec/sec=0   ev/simsec=0
     Messages:  created: 2   present: 2   in FES: 2
** Event #152050   t=172.354166678334   Elapsed: 0.014539s (0m 00s)
     Speed:     ev/sec=1.04602e+07   simsec/sec=11857   ev/simsec=882.197
     Messages:  created: 2   present: 2   in FES: 1

<!> Simulation stopped with endSimulation() -- in module (ScheduledAccessQueue) DectScheduledAccessNetwork.queue (id=2), at t=172.354166678334s, event #152050

Calling finish() at end of Run #322...

Preparing for running configuration MonetecFocusedSmallR, run #323...
Scenario: $r=3, $rho=0.240, $repetition=2
Assigned runID=MonetecFocusedSmallR-323-20260930-08:59:51-58
Setting up network "dect2020scheduledaccess.DectScheduledAccessNetwork"...
Initializing...

Running simulation...
** Event #0   t=0   Elapsed: 3e-06s (0m 00s)
     Speed:     ev/sec=0   simsec/sec=0   ev/simsec=0
     Messages:  created: 2   present: 2   in FES: 2
** Event #151796   t=172.335750011667   Elapsed: 0.014512s (0m 00s)
     Speed:     ev/sec=1.04622e+07   simsec/sec=11877.8   ev/simsec=880.818
     Messages:  created: 2   present: 2   in FES: 1

<!> Simulation stopped with endSimulation() -- in module (ScheduledAccessQueue) DectScheduledAccessNetwork.queue (id=2), at t=172.335750011667s, event #151796

Calling finish() at end of Run #323...

Preparing for running configuration MonetecFocusedSmallR, run #324...
Scenario: $r=3, $rho=0.245, $repetition=0
Assigned runID=MonetecFocusedSmallR-324-20260930-08:59:51-58
Setting up network "dect2020scheduledaccess.DectScheduledAccessNetwork"...
Initializing...

Running simulation...
** Event #0   t=0   Elapsed: 3e-06s (0m 00s)
     Speed:     ev/sec=0   simsec/sec=0   ev/simsec=0
     Messages:  created: 2   present: 2   in FES: 2
** Event #154464   t=172.417166678334   Elapsed: 0.01463s (0m 00s)
     Speed:     ev/sec=1.05602e+07   simsec/sec=11787.6   ev/simsec=895.876
     Messages:  created: 2   present: 2   in FES: 1

<!> Simulation stopped with endSimulation() -- in module (ScheduledAccessQueue) DectScheduledAccessNetwork.queue (id=2), at t=172.417166678334s, event #154464

Calling finish() at end of Run #324...

Preparing for running configuration MonetecFocusedSmallR, run #325...
Scenario: $r=3, $rho=0.245, $repetition=1
Assigned runID=MonetecFocusedSmallR-325-20260930-08:59:51-58
Setting up network "dect2020scheduledaccess.DectScheduledAccessNetwork"...
Initializing...

Running simulation...
** Event #0   t=0   Elapsed: 4e-06s (0m 00s)
     Speed:     ev/sec=0   simsec/sec=0   ev/simsec=0
     Messages:  created: 2   present: 2   in FES: 2
** Event #154097   t=172.326750011667   Elapsed: 0.014636s (0m 00s)
     Speed:     ev/sec=1.05322e+07   simsec/sec=11778.2   ev/simsec=894.216
     Messages:  created: 2   present: 2   in FES: 1

<!> Simulation stopped with endSimulation() -- in module (ScheduledAccessQueue) DectScheduledAccessNetwork.queue (id=2), at t=172.326750011667s, event #154097

Calling finish() at end of Run #325...

Preparing for running configuration MonetecFocusedSmallR, run #326...
Scenario: $r=3, $rho=0.245, $repetition=2
Assigned runID=MonetecFocusedSmallR-326-20260930-08:59:51-58
Setting up network "dect2020scheduledaccess.DectScheduledAccessNetwork"...
Initializing...

Running simulation...
** Event #0   t=0   Elapsed: 3e-06s (0m 00s)
     Speed:     ev/sec=0   simsec/sec=0   ev/simsec=0
     Messages:  created: 2   present: 2   in FES: 2
** Event #153771   t=172.300166678334   Elapsed: 0.014619s (0m 00s)
     Speed:     ev/sec=1.05215e+07   simsec/sec=11789.2   ev/simsec=892.462
     Messages:  created: 2   present: 2   in FES: 1

<!> Simulation stopped with endSimulation() -- in module (ScheduledAccessQueue) DectScheduledAccessNetwork.queue (id=2), at t=172.300166678334s, event #153771

Calling finish() at end of Run #326...

Preparing for running configuration MonetecFocusedSmallR, run #327...
Scenario: $r=3, $rho=0.250, $repetition=0
Assigned runID=MonetecFocusedSmallR-327-20260930-08:59:51-58
Setting up network "dect2020scheduledaccess.DectScheduledAccessNetwork"...
Initializing...

Running simulation...
** Event #0   t=0   Elapsed: 3e-06s (0m 00s)
     Speed:     ev/sec=0   simsec/sec=0   ev/simsec=0
     Messages:  created: 2   present: 2   in FES: 2
** Event #156424   t=172.336166678334   Elapsed: 0.014872s (0m 00s)
     Speed:     ev/sec=1.05209e+07   simsec/sec=11591.1   ev/simsec=907.67
     Messages:  created: 2   present: 2   in FES: 1

<!> Simulation stopped with endSimulation() -- in module (ScheduledAccessQueue) DectScheduledAccessNetwork.queue (id=2), at t=172.336166678334s, event #156424

Calling finish() at end of Run #327...

Preparing for running configuration MonetecFocusedSmallR, run #328...
Scenario: $r=3, $rho=0.250, $repetition=1
Assigned runID=MonetecFocusedSmallR-328-20260930-08:59:51-58
Setting up network "dect2020scheduledaccess.DectScheduledAccessNetwork"...
Initializing...

Running simulation...
** Event #0   t=0   Elapsed: 3e-06s (0m 00s)
     Speed:     ev/sec=0   simsec/sec=0   ev/simsec=0
     Messages:  created: 2   present: 2   in FES: 2
** Event #156088   t=172.282166678334   Elapsed: 0.014944s (0m 00s)
     Speed:     ev/sec=1.04491e+07   simsec/sec=11533.1   ev/simsec=906.004
     Messages:  created: 2   present: 2   in FES: 1

<!> Simulation stopped with endSimulation() -- in module (ScheduledAccessQueue) DectScheduledAccessNetwork.queue (id=2), at t=172.282166678334s, event #156088

Calling finish() at end of Run #328...

Preparing for running configuration MonetecFocusedSmallR, run #329...
Scenario: $r=3, $rho=0.250, $repetition=2
Assigned runID=MonetecFocusedSmallR-329-20260930-08:59:51-58
Setting up network "dect2020scheduledaccess.DectScheduledAccessNetwork"...
Initializing...

Running simulation...
** Event #0   t=0   Elapsed: 4e-06s (0m 00s)
     Speed:     ev/sec=0   simsec/sec=0   ev/simsec=0
     Messages:  created: 2   present: 2   in FES: 2
** Event #155855   t=172.237166678334   Elapsed: 0.014976s (0m 00s)
     Speed:     ev/sec=1.04112e+07   simsec/sec=11505.5   ev/simsec=904.888
     Messages:  created: 2   present: 2   in FES: 1

<!> Simulation stopped with endSimulation() -- in module (ScheduledAccessQueue) DectScheduledAccessNetwork.queue (id=2), at t=172.237166678334s, event #155855

Calling finish() at end of Run #329...

Preparing for running configuration MonetecFocusedSmallR, run #330...
Scenario: $r=3, $rho=0.255, $repetition=0
Assigned runID=MonetecFocusedSmallR-330-20260930-08:59:51-58
Setting up network "dect2020scheduledaccess.DectScheduledAccessNetwork"...
Initializing...

Running simulation...
** Event #0   t=0   Elapsed: 3e-06s (0m 00s)
     Speed:     ev/sec=0   simsec/sec=0   ev/simsec=0
     Messages:  created: 2   present: 2   in FES: 2
** Event #158425   t=172.291166678334   Elapsed: 0.015098s (0m 00s)
     Speed:     ev/sec=1.04952e+07   simsec/sec=11413.8   ev/simsec=919.521
     Messages:  created: 2   present: 2   in FES: 1

<!> Simulation stopped with endSimulation() -- in module (ScheduledAccessQueue) DectScheduledAccessNetwork.queue (id=2), at t=172.291166678334s, event #158425

Calling finish() at end of Run #330...

Preparing for running configuration MonetecFocusedSmallR, run #331...
Scenario: $r=3, $rho=0.255, $repetition=1
Assigned runID=MonetecFocusedSmallR-331-20260930-08:59:51-58
Setting up network "dect2020scheduledaccess.DectScheduledAccessNetwork"...
Initializing...

Running simulation...
** Event #0   t=0   Elapsed: 3e-06s (0m 00s)
     Speed:     ev/sec=0   simsec/sec=0   ev/simsec=0
     Messages:  created: 2   present: 2   in FES: 2
** Event #158187   t=172.281750011667   Elapsed: 0.015194s (0m 00s)
     Speed:     ev/sec=1.04153e+07   simsec/sec=11343.3   ev/simsec=918.188
     Messages:  created: 2   present: 2   in FES: 1

<!> Simulation stopped with endSimulation() -- in module (ScheduledAccessQueue) DectScheduledAccessNetwork.queue (id=2), at t=172.281750011667s, event #158187

Calling finish() at end of Run #331...

Preparing for running configuration MonetecFocusedSmallR, run #332...
Scenario: $r=3, $rho=0.255, $repetition=2
Assigned runID=MonetecFocusedSmallR-332-20260930-08:59:51-58
Setting up network "dect2020scheduledaccess.DectScheduledAccessNetwork"...
Initializing...

Running simulation...
** Event #0   t=0   Elapsed: 4e-06s (0m 00s)
     Speed:     ev/sec=0   simsec/sec=0   ev/simsec=0
     Messages:  created: 2   present: 2   in FES: 2
** Event #157837   t=172.228166678334   Elapsed: 0.0153s (0m 00s)
     Speed:     ev/sec=1.03195e+07   simsec/sec=11260.4   ev/simsec=916.443
     Messages:  created: 2   present: 2   in FES: 1

<!> Simulation stopped with endSimulation() -- in module (ScheduledAccessQueue) DectScheduledAccessNetwork.queue (id=2), at t=172.228166678334s, event #157837

Calling finish() at end of Run #332...

Preparing for running configuration MonetecFocusedSmallR, run #333...
Scenario: $r=3, $rho=0.260, $repetition=0
Assigned runID=MonetecFocusedSmallR-333-20260930-08:59:51-58
Setting up network "dect2020scheduledaccess.DectScheduledAccessNetwork"...
Initializing...

Running simulation...
** Event #0   t=0   Elapsed: 3e-06s (0m 00s)
     Speed:     ev/sec=0   simsec/sec=0   ev/simsec=0
     Messages:  created: 2   present: 2   in FES: 2
** Event #160528   t=172.282166678334   Elapsed: 0.015361s (0m 00s)
     Speed:     ev/sec=1.04524e+07   simsec/sec=11217.7   ev/simsec=931.776
     Messages:  created: 2   present: 2   in FES: 1

<!> Simulation stopped with endSimulation() -- in module (ScheduledAccessQueue) DectScheduledAccessNetwork.queue (id=2), at t=172.282166678334s, event #160528

Calling finish() at end of Run #333...

Preparing for running configuration MonetecFocusedSmallR, run #334...
Scenario: $r=3, $rho=0.260, $repetition=1
Assigned runID=MonetecFocusedSmallR-334-20260930-08:59:51-58
Setting up network "dect2020scheduledaccess.DectScheduledAccessNetwork"...
Initializing...

Running simulation...
** Event #0   t=0   Elapsed: 4e-06s (0m 00s)
     Speed:     ev/sec=0   simsec/sec=0   ev/simsec=0
     Messages:  created: 2   present: 2   in FES: 2
** Event #160288   t=172.228166678334   Elapsed: 0.015512s (0m 00s)
     Speed:     ev/sec=1.03372e+07   simsec/sec=11107.2   ev/simsec=930.675
     Messages:  created: 2   present: 2   in FES: 1

<!> Simulation stopped with endSimulation() -- in module (ScheduledAccessQueue) DectScheduledAccessNetwork.queue (id=2), at t=172.228166678334s, event #160288

Calling finish() at end of Run #334...

Preparing for running configuration MonetecFocusedSmallR, run #335...
Scenario: $r=3, $rho=0.260, $repetition=2
Assigned runID=MonetecFocusedSmallR-335-20260930-08:59:51-58
Setting up network "dect2020scheduledaccess.DectScheduledAccessNetwork"...
Initializing...

Running simulation...
** Event #0   t=0   Elapsed: 6e-06s (0m 00s)
     Speed:     ev/sec=0   simsec/sec=0   ev/simsec=0
     Messages:  created: 2   present: 2   in FES: 2
** Event #159870   t=172.201166678334   Elapsed: 0.015324s (0m 00s)
     Speed:     ev/sec=1.04374e+07   simsec/sec=11242.5   ev/simsec=928.391
     Messages:  created: 2   present: 2   in FES: 1

<!> Simulation stopped with endSimulation() -- in module (ScheduledAccessQueue) DectScheduledAccessNetwork.queue (id=2), at t=172.201166678334s, event #159870

Calling finish() at end of Run #335...

Preparing for running configuration MonetecFocusedSmallR, run #336...
Scenario: $r=3, $rho=0.265, $repetition=0
Assigned runID=MonetecFocusedSmallR-336-20260930-08:59:51-58
Setting up network "dect2020scheduledaccess.DectScheduledAccessNetwork"...
Initializing...

Running simulation...
** Event #0   t=0   Elapsed: 4e-06s (0m 00s)
     Speed:     ev/sec=0   simsec/sec=0   ev/simsec=0
     Messages:  created: 2   present: 2   in FES: 2
** Event #162641   t=172.282166678334   Elapsed: 0.015723s (0m 00s)
     Speed:     ev/sec=1.03474e+07   simsec/sec=10960.8   ev/simsec=944.039
     Messages:  created: 2   present: 2   in FES: 1

<!> Simulation stopped with endSimulation() -- in module (ScheduledAccessQueue) DectScheduledAccessNetwork.queue (id=2), at t=172.282166678334s, event #162641

Calling finish() at end of Run #336...

Preparing for running configuration MonetecFocusedSmallR, run #337...
Scenario: $r=3, $rho=0.265, $repetition=1
Assigned runID=MonetecFocusedSmallR-337-20260930-08:59:51-58
Setting up network "dect2020scheduledaccess.DectScheduledAccessNetwork"...
Initializing...

Running simulation...
** Event #0   t=0   Elapsed: 1.8e-05s (0m 00s)
     Speed:     ev/sec=0   simsec/sec=0   ev/simsec=0
     Messages:  created: 2   present: 2   in FES: 2
** Event #162343   t=172.165166678334   Elapsed: 0.015775s (0m 00s)
     Speed:     ev/sec=1.03036e+07   simsec/sec=10926.9   ev/simsec=942.951
     Messages:  created: 2   present: 2   in FES: 1

<!> Simulation stopped with endSimulation() -- in module (ScheduledAccessQueue) DectScheduledAccessNetwork.queue (id=2), at t=172.165166678334s, event #162343

Calling finish() at end of Run #337...

Preparing for running configuration MonetecFocusedSmallR, run #338...
Scenario: $r=3, $rho=0.265, $repetition=2
Assigned runID=MonetecFocusedSmallR-338-20260930-08:59:51-58
Setting up network "dect2020scheduledaccess.DectScheduledAccessNetwork"...
Initializing...

Running simulation...
** Event #0   t=0   Elapsed: 1.8e-05s (0m 00s)
     Speed:     ev/sec=0   simsec/sec=0   ev/simsec=0
     Messages:  created: 2   present: 2   in FES: 2
** Event #161894   t=172.173750011667   Elapsed: 0.015488s (0m 00s)
     Speed:     ev/sec=1.0465e+07   simsec/sec=11129.5   ev/simsec=940.297
     Messages:  created: 2   present: 2   in FES: 1

<!> Simulation stopped with endSimulation() -- in module (ScheduledAccessQueue) DectScheduledAccessNetwork.queue (id=2), at t=172.173750011667s, event #161894

Calling finish() at end of Run #338...

Preparing for running configuration MonetecFocusedSmallR, run #339...
Scenario: $r=3, $rho=0.270, $repetition=0
Assigned runID=MonetecFocusedSmallR-339-20260930-08:59:51-58
Setting up network "dect2020scheduledaccess.DectScheduledAccessNetwork"...
Initializing...

Running simulation...
** Event #0   t=0   Elapsed: 3e-06s (0m 00s)
     Speed:     ev/sec=0   simsec/sec=0   ev/simsec=0
     Messages:  created: 2   present: 2   in FES: 2
** Event #164697   t=172.228166678334   Elapsed: 0.015729s (0m 00s)
     Speed:     ev/sec=1.04742e+07   simsec/sec=10953.2   ev/simsec=956.274
     Messages:  created: 2   present: 2   in FES: 1

<!> Simulation stopped with endSimulation() -- in module (ScheduledAccessQueue) DectScheduledAccessNetwork.queue (id=2), at t=172.228166678334s, event #164697

Calling finish() at end of Run #339...

Preparing for running configuration MonetecFocusedSmallR, run #340...
Scenario: $r=3, $rho=0.270, $repetition=1
Assigned runID=MonetecFocusedSmallR-340-20260930-08:59:51-58
Setting up network "dect2020scheduledaccess.DectScheduledAccessNetwork"...
Initializing...

Running simulation...
** Event #0   t=0   Elapsed: 3e-06s (0m 00s)
     Speed:     ev/sec=0   simsec/sec=0   ev/simsec=0
     Messages:  created: 2   present: 2   in FES: 2
** Event #164458   t=172.183166678334   Elapsed: 0.015887s (0m 00s)
     Speed:     ev/sec=1.03543e+07   simsec/sec=10840.7   ev/simsec=955.134
     Messages:  created: 2   present: 2   in FES: 1

<!> Simulation stopped with endSimulation() -- in module (ScheduledAccessQueue) DectScheduledAccessNetwork.queue (id=2), at t=172.183166678334s, event #164458

Calling finish() at end of Run #340...

Preparing for running configuration MonetecFocusedSmallR, run #341...
Scenario: $r=3, $rho=0.270, $repetition=2
Assigned runID=MonetecFocusedSmallR-341-20260930-08:59:51-58
Setting up network "dect2020scheduledaccess.DectScheduledAccessNetwork"...
Initializing...

Running simulation...
** Event #0   t=0   Elapsed: 2.4e-05s (0m 00s)
     Speed:     ev/sec=0   simsec/sec=0   ev/simsec=0
     Messages:  created: 2   present: 2   in FES: 2
** Event #163989   t=172.183166678334   Elapsed: 0.015958s (0m 00s)
     Speed:     ev/sec=1.02918e+07   simsec/sec=10806   ev/simsec=952.412
     Messages:  created: 2   present: 2   in FES: 1

<!> Simulation stopped with endSimulation() -- in module (ScheduledAccessQueue) DectScheduledAccessNetwork.queue (id=2), at t=172.183166678334s, event #163989

Calling finish() at end of Run #341...

Preparing for running configuration MonetecFocusedSmallR, run #342...
Scenario: $r=3, $rho=0.275, $repetition=0
Assigned runID=MonetecFocusedSmallR-342-20260930-08:59:51-58
Setting up network "dect2020scheduledaccess.DectScheduledAccessNetwork"...
Initializing...

Running simulation...
** Event #0   t=0   Elapsed: 2.2e-05s (0m 00s)
     Speed:     ev/sec=0   simsec/sec=0   ev/simsec=0
     Messages:  created: 2   present: 2   in FES: 2
** Event #166819   t=172.236750011667   Elapsed: 0.015912s (0m 00s)
     Speed:     ev/sec=1.04984e+07   simsec/sec=10839.3   ev/simsec=968.547
     Messages:  created: 2   present: 2   in FES: 1

<!> Simulation stopped with endSimulation() -- in module (ScheduledAccessQueue) DectScheduledAccessNetwork.queue (id=2), at t=172.236750011667s, event #166819

Calling finish() at end of Run #342...

Preparing for running configuration MonetecFocusedSmallR, run #343...
Scenario: $r=3, $rho=0.275, $repetition=1
Assigned runID=MonetecFocusedSmallR-343-20260930-08:59:51-58
Setting up network "dect2020scheduledaccess.DectScheduledAccessNetwork"...
Initializing...

Running simulation...
** Event #0   t=0   Elapsed: 3e-05s (0m 00s)
     Speed:     ev/sec=0   simsec/sec=0   ev/simsec=0
     Messages:  created: 2   present: 2   in FES: 2
** Event #166564   t=172.182750011667   Elapsed: 0.015971s (0m 00s)
     Speed:     ev/sec=1.04494e+07   simsec/sec=10801.9   ev/simsec=967.37
     Messages:  created: 2   present: 2   in FES: 1

<!> Simulation stopped with endSimulation() -- in module (ScheduledAccessQueue) DectScheduledAccessNetwork.queue (id=2), at t=172.182750011667s, event #166564

Calling finish() at end of Run #343...

Preparing for running configuration MonetecFocusedSmallR, run #344...
Scenario: $r=3, $rho=0.275, $repetition=2
Assigned runID=MonetecFocusedSmallR-344-20260930-08:59:51-58
Setting up network "dect2020scheduledaccess.DectScheduledAccessNetwork"...
Initializing...

Running simulation...
** Event #0   t=0   Elapsed: 4e-06s (0m 00s)
     Speed:     ev/sec=0   simsec/sec=0   ev/simsec=0
     Messages:  created: 2   present: 2   in FES: 2
** Event #166091   t=172.156583345001   Elapsed: 0.015946s (0m 00s)
     Speed:     ev/sec=1.04191e+07   simsec/sec=10799.6   ev/simsec=964.768
     Messages:  created: 2   present: 2   in FES: 1

<!> Simulation stopped with endSimulation() -- in module (ScheduledAccessQueue) DectScheduledAccessNetwork.queue (id=2), at t=172.156583345001s, event #166091

Calling finish() at end of Run #344...

Preparing for running configuration MonetecFocusedSmallR, run #345...
Scenario: $r=3, $rho=0.280, $repetition=0
Assigned runID=MonetecFocusedSmallR-345-20260930-08:59:51-58
Setting up network "dect2020scheduledaccess.DectScheduledAccessNetwork"...
Initializing...

Running simulation...
** Event #0   t=0   Elapsed: 3e-06s (0m 00s)
     Speed:     ev/sec=0   simsec/sec=0   ev/simsec=0
     Messages:  created: 2   present: 2   in FES: 2
** Event #168869   t=172.192166678334   Elapsed: 0.01618s (0m 00s)
     Speed:     ev/sec=1.04395e+07   simsec/sec=10644.9   ev/simsec=980.701
     Messages:  created: 2   present: 2   in FES: 1

<!> Simulation stopped with endSimulation() -- in module (ScheduledAccessQueue) DectScheduledAccessNetwork.queue (id=2), at t=172.192166678334s, event #168869

Calling finish() at end of Run #345...

Preparing for running configuration MonetecFocusedSmallR, run #346...
Scenario: $r=3, $rho=0.280, $repetition=1
Assigned runID=MonetecFocusedSmallR-346-20260930-08:59:51-58
Setting up network "dect2020scheduledaccess.DectScheduledAccessNetwork"...
Initializing...

Running simulation...
** Event #0   t=0   Elapsed: 4e-06s (0m 00s)
     Speed:     ev/sec=0   simsec/sec=0   ev/simsec=0
     Messages:  created: 2   present: 2   in FES: 2
** Event #168580   t=172.183166678334   Elapsed: 0.016193s (0m 00s)
     Speed:     ev/sec=1.04132e+07   simsec/sec=10635.8   ev/simsec=979.076
     Messages:  created: 2   present: 2   in FES: 1

<!> Simulation stopped with endSimulation() -- in module (ScheduledAccessQueue) DectScheduledAccessNetwork.queue (id=2), at t=172.183166678334s, event #168580

Calling finish() at end of Run #346...

Preparing for running configuration MonetecFocusedSmallR, run #347...
Scenario: $r=3, $rho=0.280, $repetition=2
Assigned runID=MonetecFocusedSmallR-347-20260930-08:59:51-58
Setting up network "dect2020scheduledaccess.DectScheduledAccessNetwork"...
Initializing...

Running simulation...
** Event #0   t=0   Elapsed: 3e-06s (0m 00s)
     Speed:     ev/sec=0   simsec/sec=0   ev/simsec=0
     Messages:  created: 2   present: 2   in FES: 2
** Event #168197   t=172.183583345001   Elapsed: 0.015968s (0m 00s)
     Speed:     ev/sec=1.05354e+07   simsec/sec=10785   ev/simsec=976.849
     Messages:  created: 2   present: 2   in FES: 1

<!> Simulation stopped with endSimulation() -- in module (ScheduledAccessQueue) DectScheduledAccessNetwork.queue (id=2), at t=172.183583345001s, event #168197

Calling finish() at end of Run #347...

Preparing for running configuration MonetecFocusedSmallR, run #348...
Scenario: $r=3, $rho=0.285, $repetition=0
Assigned runID=MonetecFocusedSmallR-348-20260930-08:59:51-58
Setting up network "dect2020scheduledaccess.DectScheduledAccessNetwork"...
Initializing...

Running simulation...
** Event #0   t=0   Elapsed: 3e-06s (0m 00s)
     Speed:     ev/sec=0   simsec/sec=0   ev/simsec=0
     Messages:  created: 2   present: 2   in FES: 2
** Event #171024   t=172.200750011667   Elapsed: 0.016317s (0m 00s)
     Speed:     ev/sec=1.04846e+07   simsec/sec=10556.7   ev/simsec=993.169
     Messages:  created: 2   present: 2   in FES: 1

<!> Simulation stopped with endSimulation() -- in module (ScheduledAccessQueue) DectScheduledAccessNetwork.queue (id=2), at t=172.200750011667s, event #171024

Calling finish() at end of Run #348...

Preparing for running configuration MonetecFocusedSmallR, run #349...
Scenario: $r=3, $rho=0.285, $repetition=1
Assigned runID=MonetecFocusedSmallR-349-20260930-08:59:51-58
Setting up network "dect2020scheduledaccess.DectScheduledAccessNetwork"...
Initializing...

Running simulation...
** Event #0   t=0   Elapsed: 4e-06s (0m 00s)
     Speed:     ev/sec=0   simsec/sec=0   ev/simsec=0
     Messages:  created: 2   present: 2   in FES: 2
** Event #170651   t=172.156166678334   Elapsed: 0.016596s (0m 00s)
     Speed:     ev/sec=1.02845e+07   simsec/sec=10375.2   ev/simsec=991.259
     Messages:  created: 2   present: 2   in FES: 1

<!> Simulation stopped with endSimulation() -- in module (ScheduledAccessQueue) DectScheduledAccessNetwork.queue (id=2), at t=172.156166678334s, event #170651

Calling finish() at end of Run #349...

Preparing for running configuration MonetecFocusedSmallR, run #350...
Scenario: $r=3, $rho=0.285, $repetition=2
Assigned runID=MonetecFocusedSmallR-350-20260930-08:59:51-58
Setting up network "dect2020scheduledaccess.DectScheduledAccessNetwork"...
Initializing...

Running simulation...
** Event #0   t=0   Elapsed: 4e-06s (0m 00s)
     Speed:     ev/sec=0   simsec/sec=0   ev/simsec=0
     Messages:  created: 2   present: 2   in FES: 2
** Event #170367   t=172.156166678334   Elapsed: 0.016471s (0m 00s)
     Speed:     ev/sec=1.03466e+07   simsec/sec=10455.2   ev/simsec=989.61
     Messages:  created: 2   present: 2   in FES: 1

<!> Simulation stopped with endSimulation() -- in module (ScheduledAccessQueue) DectScheduledAccessNetwork.queue (id=2), at t=172.156166678334s, event #170367

Calling finish() at end of Run #350...

Preparing for running configuration MonetecFocusedSmallR, run #351...
Scenario: $r=3, $rho=0.290, $repetition=0
Assigned runID=MonetecFocusedSmallR-351-20260930-08:59:51-58
Setting up network "dect2020scheduledaccess.DectScheduledAccessNetwork"...
Initializing...

Running simulation...
** Event #0   t=0   Elapsed: 3e-06s (0m 00s)
     Speed:     ev/sec=0   simsec/sec=0   ev/simsec=0
     Messages:  created: 2   present: 2   in FES: 2
** Event #173086   t=172.209750011667   Elapsed: 0.016485s (0m 00s)
     Speed:     ev/sec=1.05015e+07   simsec/sec=10448.3   ev/simsec=1005.09
     Messages:  created: 2   present: 2   in FES: 1

<!> Simulation stopped with endSimulation() -- in module (ScheduledAccessQueue) DectScheduledAccessNetwork.queue (id=2), at t=172.209750011667s, event #173086

Calling finish() at end of Run #351...

Preparing for running configuration MonetecFocusedSmallR, run #352...
Scenario: $r=3, $rho=0.290, $repetition=1
Assigned runID=MonetecFocusedSmallR-352-20260930-08:59:51-58
Setting up network "dect2020scheduledaccess.DectScheduledAccessNetwork"...
Initializing...

Running simulation...
** Event #0   t=0   Elapsed: 3e-06s (0m 00s)
     Speed:     ev/sec=0   simsec/sec=0   ev/simsec=0
     Messages:  created: 2   present: 2   in FES: 2
** Event #172736   t=172.129166678334   Elapsed: 0.016449s (0m 00s)
     Speed:     ev/sec=1.05032e+07   simsec/sec=10466.3   ev/simsec=1003.53
     Messages:  created: 2   present: 2   in FES: 1

<!> Simulation stopped with endSimulation() -- in module (ScheduledAccessQueue) DectScheduledAccessNetwork.queue (id=2), at t=172.129166678334s, event #172736

Calling finish() at end of Run #352...

Preparing for running configuration MonetecFocusedSmallR, run #353...
Scenario: $r=3, $rho=0.290, $repetition=2
Assigned runID=MonetecFocusedSmallR-353-20260930-08:59:51-58
Setting up network "dect2020scheduledaccess.DectScheduledAccessNetwork"...
Initializing...

Running simulation...
** Event #0   t=0   Elapsed: 4e-06s (0m 00s)
     Speed:     ev/sec=0   simsec/sec=0   ev/simsec=0
     Messages:  created: 2   present: 2   in FES: 2
** Event #172449   t=172.164750011667   Elapsed: 0.01649s (0m 00s)
     Speed:     ev/sec=1.0461e+07   simsec/sec=10443.7   ev/simsec=1001.65
     Messages:  created: 2   present: 2   in FES: 1

<!> Simulation stopped with endSimulation() -- in module (ScheduledAccessQueue) DectScheduledAccessNetwork.queue (id=2), at t=172.164750011667s, event #172449

Calling finish() at end of Run #353...

Preparing for running configuration MonetecFocusedSmallR, run #354...
Scenario: $r=3, $rho=0.295, $repetition=0
Assigned runID=MonetecFocusedSmallR-354-20260930-08:59:51-58
Setting up network "dect2020scheduledaccess.DectScheduledAccessNetwork"...
Initializing...

Running simulation...
** Event #0   t=0   Elapsed: 3e-06s (0m 00s)
     Speed:     ev/sec=0   simsec/sec=0   ev/simsec=0
     Messages:  created: 2   present: 2   in FES: 2
** Event #175134   t=172.164750011667   Elapsed: 0.01674s (0m 00s)
     Speed:     ev/sec=1.04639e+07   simsec/sec=10286.5   ev/simsec=1017.25
     Messages:  created: 2   present: 2   in FES: 1

<!> Simulation stopped with endSimulation() -- in module (ScheduledAccessQueue) DectScheduledAccessNetwork.queue (id=2), at t=172.164750011667s, event #175134

Calling finish() at end of Run #354...

Preparing for running configuration MonetecFocusedSmallR, run #355...
Scenario: $r=3, $rho=0.295, $repetition=1
Assigned runID=MonetecFocusedSmallR-355-20260930-08:59:51-58
Setting up network "dect2020scheduledaccess.DectScheduledAccessNetwork"...
Initializing...

Running simulation...
** Event #0   t=0   Elapsed: 3e-06s (0m 00s)
     Speed:     ev/sec=0   simsec/sec=0   ev/simsec=0
     Messages:  created: 2   present: 2   in FES: 2
** Event #174814   t=172.128750011667   Elapsed: 0.016745s (0m 00s)
     Speed:     ev/sec=1.04423e+07   simsec/sec=10281.8   ev/simsec=1015.6
     Messages:  created: 2   present: 2   in FES: 1

<!> Simulation stopped with endSimulation() -- in module (ScheduledAccessQueue) DectScheduledAccessNetwork.queue (id=2), at t=172.128750011667s, event #174814

Calling finish() at end of Run #355...

Preparing for running configuration MonetecFocusedSmallR, run #356...
Scenario: $r=3, $rho=0.295, $repetition=2
Assigned runID=MonetecFocusedSmallR-356-20260930-08:59:51-58
Setting up network "dect2020scheduledaccess.DectScheduledAccessNetwork"...
Initializing...

Running simulation...
** Event #0   t=0   Elapsed: 4e-06s (0m 00s)
     Speed:     ev/sec=0   simsec/sec=0   ev/simsec=0
     Messages:  created: 2   present: 2   in FES: 2
** Event #174472   t=172.129166678334   Elapsed: 0.016722s (0m 00s)
     Speed:     ev/sec=1.04362e+07   simsec/sec=10296   ev/simsec=1013.61
     Messages:  created: 2   present: 2   in FES: 1

<!> Simulation stopped with endSimulation() -- in module (ScheduledAccessQueue) DectScheduledAccessNetwork.queue (id=2), at t=172.129166678334s, event #174472

Calling finish() at end of Run #356...

Preparing for running configuration MonetecFocusedSmallR, run #357...
Scenario: $r=3, $rho=0.300, $repetition=0
Assigned runID=MonetecFocusedSmallR-357-20260930-08:59:51-58
Setting up network "dect2020scheduledaccess.DectScheduledAccessNetwork"...
Initializing...

Running simulation...
** Event #0   t=0   Elapsed: 3e-06s (0m 00s)
     Speed:     ev/sec=0   simsec/sec=0   ev/simsec=0
     Messages:  created: 2   present: 2   in FES: 2
** Event #177254   t=172.165166678334   Elapsed: 0.016902s (0m 00s)
     Speed:     ev/sec=1.0489e+07   simsec/sec=10187.9   ev/simsec=1029.56
     Messages:  created: 2   present: 2   in FES: 1

<!> Simulation stopped with endSimulation() -- in module (ScheduledAccessQueue) DectScheduledAccessNetwork.queue (id=2), at t=172.165166678334s, event #177254

Calling finish() at end of Run #357...

Preparing for running configuration MonetecFocusedSmallR, run #358...
Scenario: $r=3, $rho=0.300, $repetition=1
Assigned runID=MonetecFocusedSmallR-358-20260930-08:59:51-58
Setting up network "dect2020scheduledaccess.DectScheduledAccessNetwork"...
Initializing...

Running simulation...
** Event #0   t=0   Elapsed: 3e-06s (0m 00s)
     Speed:     ev/sec=0   simsec/sec=0   ev/simsec=0
     Messages:  created: 2   present: 2   in FES: 2
** Event #176890   t=172.119750011667   Elapsed: 0.01721s (0m 00s)
     Speed:     ev/sec=1.02807e+07   simsec/sec=10003.4   ev/simsec=1027.72
     Messages:  created: 2   present: 2   in FES: 1

<!> Simulation stopped with endSimulation() -- in module (ScheduledAccessQueue) DectScheduledAccessNetwork.queue (id=2), at t=172.119750011667s, event #176890

Calling finish() at end of Run #358...

Preparing for running configuration MonetecFocusedSmallR, run #359...
Scenario: $r=3, $rho=0.300, $repetition=2
Assigned runID=MonetecFocusedSmallR-359-20260930-08:59:51-58
Setting up network "dect2020scheduledaccess.DectScheduledAccessNetwork"...
Initializing...

Running simulation...
** Event #0   t=0   Elapsed: 3e-06s (0m 00s)
     Speed:     ev/sec=0   simsec/sec=0   ev/simsec=0
     Messages:  created: 2   present: 2   in FES: 2
** Event #176485   t=172.119750011667   Elapsed: 0.017044s (0m 00s)
     Speed:     ev/sec=1.03571e+07   simsec/sec=10100.9   ev/simsec=1025.36
     Messages:  created: 2   present: 2   in FES: 1

<!> Simulation stopped with endSimulation() -- in module (ScheduledAccessQueue) DectScheduledAccessNetwork.queue (id=2), at t=172.119750011667s, event #176485

Calling finish() at end of Run #359...

Preparing for running configuration MonetecFocusedSmallR, run #360...
Scenario: $r=7, $rho=0.005, $repetition=0
Assigned runID=MonetecFocusedSmallR-360-20260930-08:59:51-58
Setting up network "dect2020scheduledaccess.DectScheduledAccessNetwork"...
Initializing...

Running simulation...
** Event #0   t=0   Elapsed: 2.2e-05s (0m 00s)
     Speed:     ev/sec=0   simsec/sec=0   ev/simsec=0
     Messages:  created: 2   present: 2   in FES: 2
** Event #389525   t=2890.308333345   Elapsed: 0.029722s (0m 00s)
     Speed:     ev/sec=1.31158e+07   simsec/sec=97320   ev/simsec=134.769
     Messages:  created: 2   present: 2   in FES: 1

<!> Simulation stopped with endSimulation() -- in module (ScheduledAccessQueue) DectScheduledAccessNetwork.queue (id=2), at t=2890.308333345s, event #389525

Calling finish() at end of Run #360...

Preparing for running configuration MonetecFocusedSmallR, run #361...
Scenario: $r=7, $rho=0.005, $repetition=1
Assigned runID=MonetecFocusedSmallR-361-20260930-08:59:51-58
Setting up network "dect2020scheduledaccess.DectScheduledAccessNetwork"...
Initializing...

Running simulation...
** Event #0   t=0   Elapsed: 3e-06s (0m 00s)
     Speed:     ev/sec=0   simsec/sec=0   ev/simsec=0
     Messages:  created: 2   present: 2   in FES: 2
** Event #391458   t=2907.705333345   Elapsed: 0.029065s (0m 00s)
     Speed:     ev/sec=1.34711e+07   simsec/sec=100062   ev/simsec=134.628
     Messages:  created: 2   present: 2   in FES: 1

<!> Simulation stopped with endSimulation() -- in module (ScheduledAccessQueue) DectScheduledAccessNetwork.queue (id=2), at t=2907.705333345s, event #391458

Calling finish() at end of Run #361...

Preparing for running configuration MonetecFocusedSmallR, run #362...
Scenario: $r=7, $rho=0.005, $repetition=2
Assigned runID=MonetecFocusedSmallR-362-20260930-08:59:51-58
Setting up network "dect2020scheduledaccess.DectScheduledAccessNetwork"...
Initializing...

Running simulation...
** Event #0   t=0   Elapsed: 3e-06s (0m 00s)
     Speed:     ev/sec=0   simsec/sec=0   ev/simsec=0
     Messages:  created: 2   present: 2   in FES: 2
** Event #388588   t=2881.875333345   Elapsed: 0.029256s (0m 00s)
     Speed:     ev/sec=1.32851e+07   simsec/sec=98525.6   ev/simsec=134.839
     Messages:  created: 2   present: 2   in FES: 1

<!> Simulation stopped with endSimulation() -- in module (ScheduledAccessQueue) DectScheduledAccessNetwork.queue (id=2), at t=2881.875333345s, event #388588

Calling finish() at end of Run #362...

Preparing for running configuration MonetecFocusedSmallR, run #363...
Scenario: $r=7, $rho=0.010, $repetition=0
Assigned runID=MonetecFocusedSmallR-363-20260930-08:59:52-58
Setting up network "dect2020scheduledaccess.DectScheduledAccessNetwork"...
Initializing...

Running simulation...
** Event #0   t=0   Elapsed: 4e-06s (0m 00s)
     Speed:     ev/sec=0   simsec/sec=0   ev/simsec=0
     Messages:  created: 2   present: 2   in FES: 2
** Event #228952   t=1445.151333345   Elapsed: 0.017979s (0m 00s)
     Speed:     ev/sec=1.27372e+07   simsec/sec=80397.8   ev/simsec=158.428
     Messages:  created: 2   present: 2   in FES: 1

<!> Simulation stopped with endSimulation() -- in module (ScheduledAccessQueue) DectScheduledAccessNetwork.queue (id=2), at t=1445.151333345s, event #228952

Calling finish() at end of Run #363...

Preparing for running configuration MonetecFocusedSmallR, run #364...
Scenario: $r=7, $rho=0.010, $repetition=1
Assigned runID=MonetecFocusedSmallR-364-20260930-08:59:52-58
Setting up network "dect2020scheduledaccess.DectScheduledAccessNetwork"...
Initializing...

Running simulation...
** Event #0   t=0   Elapsed: 4e-06s (0m 00s)
     Speed:     ev/sec=0   simsec/sec=0   ev/simsec=0
     Messages:  created: 2   present: 2   in FES: 2
** Event #229919   t=1453.854333345   Elapsed: 0.017868s (0m 00s)
     Speed:     ev/sec=1.28698e+07   simsec/sec=81380   ev/simsec=158.144
     Messages:  created: 2   present: 2   in FES: 1

<!> Simulation stopped with endSimulation() -- in module (ScheduledAccessQueue) DectScheduledAccessNetwork.queue (id=2), at t=1453.854333345s, event #229919

Calling finish() at end of Run #364...

Preparing for running configuration MonetecFocusedSmallR, run #365...
Scenario: $r=7, $rho=0.010, $repetition=2
Assigned runID=MonetecFocusedSmallR-365-20260930-08:59:52-58
Setting up network "dect2020scheduledaccess.DectScheduledAccessNetwork"...
Initializing...

Running simulation...
** Event #0   t=0   Elapsed: 3e-06s (0m 00s)
     Speed:     ev/sec=0   simsec/sec=0   ev/simsec=0
     Messages:  created: 2   present: 2   in FES: 2
** Event #228488   t=1440.957750011667   Elapsed: 0.017755s (0m 00s)
     Speed:     ev/sec=1.28718e+07   simsec/sec=81176.1   ev/simsec=158.567
     Messages:  created: 2   present: 2   in FES: 1

<!> Simulation stopped with endSimulation() -- in module (ScheduledAccessQueue) DectScheduledAccessNetwork.queue (id=2), at t=1440.957750011667s, event #228488

Calling finish() at end of Run #365...

Preparing for running configuration MonetecFocusedSmallR, run #366...
Scenario: $r=7, $rho=0.015, $repetition=0
Assigned runID=MonetecFocusedSmallR-366-20260930-08:59:52-58
Setting up network "dect2020scheduledaccess.DectScheduledAccessNetwork"...
Initializing...

Running simulation...
** Event #0   t=0   Elapsed: 3e-06s (0m 00s)
     Speed:     ev/sec=0   simsec/sec=0   ev/simsec=0
     Messages:  created: 2   present: 2   in FES: 2
** Event #175428   t=963.435333345   Elapsed: 0.014346s (0m 00s)
     Speed:     ev/sec=1.22318e+07   simsec/sec=67175.8   ev/simsec=182.086
     Messages:  created: 2   present: 2   in FES: 1

<!> Simulation stopped with endSimulation() -- in module (ScheduledAccessQueue) DectScheduledAccessNetwork.queue (id=2), at t=963.435333345s, event #175428

Calling finish() at end of Run #366...

Preparing for running configuration MonetecFocusedSmallR, run #367...
Scenario: $r=7, $rho=0.015, $repetition=1
Assigned runID=MonetecFocusedSmallR-367-20260930-08:59:52-58
Setting up network "dect2020scheduledaccess.DectScheduledAccessNetwork"...
Initializing...

Running simulation...
** Event #0   t=0   Elapsed: 4e-06s (0m 00s)
     Speed:     ev/sec=0   simsec/sec=0   ev/simsec=0
     Messages:  created: 2   present: 2   in FES: 2
** Event #176073   t=969.240333345   Elapsed: 0.014156s (0m 00s)
     Speed:     ev/sec=1.24442e+07   simsec/sec=68502.4   ev/simsec=181.661
     Messages:  created: 2   present: 2   in FES: 1

<!> Simulation stopped with endSimulation() -- in module (ScheduledAccessQueue) DectScheduledAccessNetwork.queue (id=2), at t=969.240333345s, event #176073

Calling finish() at end of Run #367...

Preparing for running configuration MonetecFocusedSmallR, run #368...
Scenario: $r=7, $rho=0.015, $repetition=2
Assigned runID=MonetecFocusedSmallR-368-20260930-08:59:52-58
Setting up network "dect2020scheduledaccess.DectScheduledAccessNetwork"...
Initializing...

Running simulation...
** Event #0   t=0   Elapsed: 4e-06s (0m 00s)
     Speed:     ev/sec=0   simsec/sec=0   ev/simsec=0
     Messages:  created: 2   present: 2   in FES: 2
** Event #175119   t=960.636750011667   Elapsed: 0.014045s (0m 00s)
     Speed:     ev/sec=1.24738e+07   simsec/sec=68426.3   ev/simsec=182.295
     Messages:  created: 2   present: 2   in FES: 1

<!> Simulation stopped with endSimulation() -- in module (ScheduledAccessQueue) DectScheduledAccessNetwork.queue (id=2), at t=960.636750011667s, event #175119

Calling finish() at end of Run #368...

Preparing for running configuration MonetecFocusedSmallR, run #369...
Scenario: $r=7, $rho=0.020, $repetition=0
Assigned runID=MonetecFocusedSmallR-369-20260930-08:59:52-58
Setting up network "dect2020scheduledaccess.DectScheduledAccessNetwork"...
Initializing...

Running simulation...
** Event #0   t=0   Elapsed: 4e-06s (0m 00s)
     Speed:     ev/sec=0   simsec/sec=0   ev/simsec=0
     Messages:  created: 2   present: 2   in FES: 2
** Event #148666   t=722.577333345   Elapsed: 0.012542s (0m 00s)
     Speed:     ev/sec=1.18572e+07   simsec/sec=57631   ev/simsec=205.744
     Messages:  created: 2   present: 2   in FES: 1

<!> Simulation stopped with endSimulation() -- in module (ScheduledAccessQueue) DectScheduledAccessNetwork.queue (id=2), at t=722.577333345s, event #148666

Calling finish() at end of Run #369...

Preparing for running configuration MonetecFocusedSmallR, run #370...
Scenario: $r=7, $rho=0.020, $repetition=1
Assigned runID=MonetecFocusedSmallR-370-20260930-08:59:52-58
Setting up network "dect2020scheduledaccess.DectScheduledAccessNetwork"...
Initializing...

Running simulation...
** Event #0   t=0   Elapsed: 3e-06s (0m 00s)
     Speed:     ev/sec=0   simsec/sec=0   ev/simsec=0
     Messages:  created: 2   present: 2   in FES: 2
** Event #149150   t=726.933333345   Elapsed: 0.012472s (0m 00s)
     Speed:     ev/sec=1.19636e+07   simsec/sec=58308.6   ev/simsec=205.177
     Messages:  created: 2   present: 2   in FES: 1

<!> Simulation stopped with endSimulation() -- in module (ScheduledAccessQueue) DectScheduledAccessNetwork.queue (id=2), at t=726.933333345s, event #149150

Calling finish() at end of Run #370...

Preparing for running configuration MonetecFocusedSmallR, run #371...
Scenario: $r=7, $rho=0.020, $repetition=2
Assigned runID=MonetecFocusedSmallR-371-20260930-08:59:52-58
Setting up network "dect2020scheduledaccess.DectScheduledAccessNetwork"...
Initializing...

Running simulation...
** Event #0   t=0   Elapsed: 3e-06s (0m 00s)
     Speed:     ev/sec=0   simsec/sec=0   ev/simsec=0
     Messages:  created: 2   present: 2   in FES: 2
** Event #148435   t=720.480750011667   Elapsed: 0.012485s (0m 00s)
     Speed:     ev/sec=1.18919e+07   simsec/sec=57721.5   ev/simsec=206.022
     Messages:  created: 2   present: 2   in FES: 1

<!> Simulation stopped with endSimulation() -- in module (ScheduledAccessQueue) DectScheduledAccessNetwork.queue (id=2), at t=720.480750011667s, event #148435

Calling finish() at end of Run #371...

Preparing for running configuration MonetecFocusedSmallR, run #372...
Scenario: $r=7, $rho=0.025, $repetition=0
Assigned runID=MonetecFocusedSmallR-372-20260930-08:59:52-58
Setting up network "dect2020scheduledaccess.DectScheduledAccessNetwork"...
Initializing...

Running simulation...
** Event #0   t=0   Elapsed: 2.4e-05s (0m 00s)
     Speed:     ev/sec=0   simsec/sec=0   ev/simsec=0
     Messages:  created: 2   present: 2   in FES: 2
** Event #132609   t=578.064333345   Elapsed: 0.011453s (0m 00s)
     Speed:     ev/sec=1.16018e+07   simsec/sec=50574.3   ev/simsec=229.402
     Messages:  created: 2   present: 2   in FES: 1

<!> Simulation stopped with endSimulation() -- in module (ScheduledAccessQueue) DectScheduledAccessNetwork.queue (id=2), at t=578.064333345s, event #132609

Calling finish() at end of Run #372...

Preparing for running configuration MonetecFocusedSmallR, run #373...
Scenario: $r=7, $rho=0.025, $repetition=1
Assigned runID=MonetecFocusedSmallR-373-20260930-08:59:52-58
Setting up network "dect2020scheduledaccess.DectScheduledAccessNetwork"...
Initializing...

Running simulation...
** Event #0   t=0   Elapsed: 2e-05s (0m 00s)
     Speed:     ev/sec=0   simsec/sec=0   ev/simsec=0
     Messages:  created: 2   present: 2   in FES: 2
** Event #132996   t=581.547333345   Elapsed: 0.01135s (0m 00s)
     Speed:     ev/sec=1.17394e+07   simsec/sec=51332.6   ev/simsec=228.694
     Messages:  created: 2   present: 2   in FES: 1

<!> Simulation stopped with endSimulation() -- in module (ScheduledAccessQueue) DectScheduledAccessNetwork.queue (id=2), at t=581.547333345s, event #132996

Calling finish() at end of Run #373...

Preparing for running configuration MonetecFocusedSmallR, run #374...
Scenario: $r=7, $rho=0.025, $repetition=2
Assigned runID=MonetecFocusedSmallR-374-20260930-08:59:52-58
Setting up network "dect2020scheduledaccess.DectScheduledAccessNetwork"...
Initializing...

Running simulation...
** Event #0   t=0   Elapsed: 2.9e-05s (0m 00s)
     Speed:     ev/sec=0   simsec/sec=0   ev/simsec=0
     Messages:  created: 2   present: 2   in FES: 2
** Event #132424   t=576.381750011667   Elapsed: 0.011419s (0m 00s)
     Speed:     ev/sec=1.16263e+07   simsec/sec=50604.2   ev/simsec=229.751
     Messages:  created: 2   present: 2   in FES: 1

<!> Simulation stopped with endSimulation() -- in module (ScheduledAccessQueue) DectScheduledAccessNetwork.queue (id=2), at t=576.381750011667s, event #132424

Calling finish() at end of Run #374...

Preparing for running configuration MonetecFocusedSmallR, run #375...
Scenario: $r=7, $rho=0.030, $repetition=0
Assigned runID=MonetecFocusedSmallR-375-20260930-08:59:52-58
Setting up network "dect2020scheduledaccess.DectScheduledAccessNetwork"...
Initializing...

Running simulation...
** Event #0   t=0   Elapsed: 2.6e-05s (0m 00s)
     Speed:     ev/sec=0   simsec/sec=0   ev/simsec=0
     Messages:  created: 2   present: 2   in FES: 2
** Event #121904   t=481.719333345   Elapsed: 0.01057s (0m 00s)
     Speed:     ev/sec=1.15626e+07   simsec/sec=45690.9   ev/simsec=253.06
     Messages:  created: 2   present: 2   in FES: 1

<!> Simulation stopped with endSimulation() -- in module (ScheduledAccessQueue) DectScheduledAccessNetwork.queue (id=2), at t=481.719333345s, event #121904

Calling finish() at end of Run #375...

Preparing for running configuration MonetecFocusedSmallR, run #376...
Scenario: $r=7, $rho=0.030, $repetition=1
Assigned runID=MonetecFocusedSmallR-376-20260930-08:59:52-58
Setting up network "dect2020scheduledaccess.DectScheduledAccessNetwork"...
Initializing...

Running simulation...
** Event #0   t=0   Elapsed: 2.2e-05s (0m 00s)
     Speed:     ev/sec=0   simsec/sec=0   ev/simsec=0
     Messages:  created: 2   present: 2   in FES: 2
** Event #122226   t=484.617333345   Elapsed: 0.01072s (0m 00s)
     Speed:     ev/sec=1.14262e+07   simsec/sec=45304   ev/simsec=252.212
     Messages:  created: 2   present: 2   in FES: 1

<!> Simulation stopped with endSimulation() -- in module (ScheduledAccessQueue) DectScheduledAccessNetwork.queue (id=2), at t=484.617333345s, event #122226

Calling finish() at end of Run #376...

Preparing for running configuration MonetecFocusedSmallR, run #377...
Scenario: $r=7, $rho=0.030, $repetition=2
Assigned runID=MonetecFocusedSmallR-377-20260930-08:59:52-58
Setting up network "dect2020scheduledaccess.DectScheduledAccessNetwork"...
Initializing...

Running simulation...
** Event #0   t=0   Elapsed: 2e-05s (0m 00s)
     Speed:     ev/sec=0   simsec/sec=0   ev/simsec=0
     Messages:  created: 2   present: 2   in FES: 2
** Event #121759   t=480.370166678334   Elapsed: 0.010641s (0m 00s)
     Speed:     ev/sec=1.14651e+07   simsec/sec=45232.6   ev/simsec=253.469
     Messages:  created: 2   present: 2   in FES: 1

<!> Simulation stopped with endSimulation() -- in module (ScheduledAccessQueue) DectScheduledAccessNetwork.queue (id=2), at t=480.370166678334s, event #121759

Calling finish() at end of Run #377...

Preparing for running configuration MonetecFocusedSmallR, run #378...
Scenario: $r=7, $rho=0.035, $repetition=0
Assigned runID=MonetecFocusedSmallR-378-20260930-08:59:52-58
Setting up network "dect2020scheduledaccess.DectScheduledAccessNetwork"...
Initializing...

Running simulation...
** Event #0   t=0   Elapsed: 3e-06s (0m 00s)
     Speed:     ev/sec=0   simsec/sec=0   ev/simsec=0
     Messages:  created: 2   present: 2   in FES: 2
** Event #114258   t=412.905333345   Elapsed: 0.00992s (0m 00s)
     Speed:     ev/sec=0   simsec/sec=0   ev/simsec=0
     Messages:  created: 2   present: 2   in FES: 1

<!> Simulation stopped with endSimulation() -- in module (ScheduledAccessQueue) DectScheduledAccessNetwork.queue (id=2), at t=412.905333345s, event #114258

Calling finish() at end of Run #378...

Preparing for running configuration MonetecFocusedSmallR, run #379...
Scenario: $r=7, $rho=0.035, $repetition=1
Assigned runID=MonetecFocusedSmallR-379-20260930-08:59:52-58
Setting up network "dect2020scheduledaccess.DectScheduledAccessNetwork"...
Initializing...

Running simulation...
** Event #0   t=0   Elapsed: 2.6e-05s (0m 00s)
     Speed:     ev/sec=0   simsec/sec=0   ev/simsec=0
     Messages:  created: 2   present: 2   in FES: 2
** Event #114545   t=415.452333345   Elapsed: 0.010739s (0m 00s)
     Speed:     ev/sec=1.06941e+07   simsec/sec=38787.4   ev/simsec=275.712
     Messages:  created: 2   present: 2   in FES: 1

<!> Simulation stopped with endSimulation() -- in module (ScheduledAccessQueue) DectScheduledAccessNetwork.queue (id=2), at t=415.452333345s, event #114545

Calling finish() at end of Run #379...

Preparing for running configuration MonetecFocusedSmallR, run #380...
Scenario: $r=7, $rho=0.035, $repetition=2
Assigned runID=MonetecFocusedSmallR-380-20260930-08:59:52-58
Setting up network "dect2020scheduledaccess.DectScheduledAccessNetwork"...
Initializing...

Running simulation...
** Event #0   t=0   Elapsed: 3e-06s (0m 00s)
     Speed:     ev/sec=0   simsec/sec=0   ev/simsec=0
     Messages:  created: 2   present: 2   in FES: 2
** Event #114134   t=411.745166678334   Elapsed: 0.010174s (0m 00s)
     Speed:     ev/sec=1.12215e+07   simsec/sec=40482.2   ev/simsec=277.196
     Messages:  created: 2   present: 2   in FES: 1

<!> Simulation stopped with endSimulation() -- in module (ScheduledAccessQueue) DectScheduledAccessNetwork.queue (id=2), at t=411.745166678334s, event #114134

Calling finish() at end of Run #380...

Preparing for running configuration MonetecFocusedSmallR, run #381...
Scenario: $r=7, $rho=0.040, $repetition=0
Assigned runID=MonetecFocusedSmallR-381-20260930-08:59:52-58
Setting up network "dect2020scheduledaccess.DectScheduledAccessNetwork"...
Initializing...

Running simulation...
** Event #0   t=0   Elapsed: 4e-06s (0m 00s)
     Speed:     ev/sec=0   simsec/sec=0   ev/simsec=0
     Messages:  created: 2   present: 2   in FES: 2
** Event #108534   t=361.344750011667   Elapsed: 0.009451s (0m 00s)
     Speed:     ev/sec=0   simsec/sec=0   ev/simsec=0
     Messages:  created: 2   present: 2   in FES: 1

<!> Simulation stopped with endSimulation() -- in module (ScheduledAccessQueue) DectScheduledAccessNetwork.queue (id=2), at t=361.344750011667s, event #108534

Calling finish() at end of Run #381...

Preparing for running configuration MonetecFocusedSmallR, run #382...
Scenario: $r=7, $rho=0.040, $repetition=1
Assigned runID=MonetecFocusedSmallR-382-20260930-08:59:52-58
Setting up network "dect2020scheduledaccess.DectScheduledAccessNetwork"...
Initializing...

Running simulation...
** Event #0   t=0   Elapsed: 1.7e-05s (0m 00s)
     Speed:     ev/sec=0   simsec/sec=0   ev/simsec=0
     Messages:  created: 2   present: 2   in FES: 2
** Event #108783   t=363.558333345   Elapsed: 0.00953s (0m 00s)
     Speed:     ev/sec=0   simsec/sec=0   ev/simsec=0
     Messages:  created: 2   present: 2   in FES: 1

<!> Simulation stopped with endSimulation() -- in module (ScheduledAccessQueue) DectScheduledAccessNetwork.queue (id=2), at t=363.558333345s, event #108783

Calling finish() at end of Run #382...

Preparing for running configuration MonetecFocusedSmallR, run #383...
Scenario: $r=7, $rho=0.040, $repetition=2
Assigned runID=MonetecFocusedSmallR-383-20260930-08:59:52-58
Setting up network "dect2020scheduledaccess.DectScheduledAccessNetwork"...
Initializing...

Running simulation...
** Event #0   t=0   Elapsed: 4e-06s (0m 00s)
     Speed:     ev/sec=0   simsec/sec=0   ev/simsec=0
     Messages:  created: 2   present: 2   in FES: 2
** Event #108419   t=360.292166678334   Elapsed: 0.009449s (0m 00s)
     Speed:     ev/sec=0   simsec/sec=0   ev/simsec=0
     Messages:  created: 2   present: 2   in FES: 1

<!> Simulation stopped with endSimulation() -- in module (ScheduledAccessQueue) DectScheduledAccessNetwork.queue (id=2), at t=360.292166678334s, event #108419

Calling finish() at end of Run #383...

Preparing for running configuration MonetecFocusedSmallR, run #384...
Scenario: $r=7, $rho=0.045, $repetition=0
Assigned runID=MonetecFocusedSmallR-384-20260930-08:59:52-58
Setting up network "dect2020scheduledaccess.DectScheduledAccessNetwork"...
Initializing...

Running simulation...
** Event #0   t=0   Elapsed: 3e-06s (0m 00s)
     Speed:     ev/sec=0   simsec/sec=0   ev/simsec=0
     Messages:  created: 2   present: 2   in FES: 2
** Event #104095   t=321.312333345   Elapsed: 0.009402s (0m 00s)
     Speed:     ev/sec=0   simsec/sec=0   ev/simsec=0
     Messages:  created: 2   present: 2   in FES: 1

<!> Simulation stopped with endSimulation() -- in module (ScheduledAccessQueue) DectScheduledAccessNetwork.queue (id=2), at t=321.312333345s, event #104095

Calling finish() at end of Run #384...

Preparing for running configuration MonetecFocusedSmallR, run #385...
Scenario: $r=7, $rho=0.045, $repetition=1
Assigned runID=MonetecFocusedSmallR-385-20260930-08:59:52-58
Setting up network "dect2020scheduledaccess.DectScheduledAccessNetwork"...
Initializing...

Running simulation...
** Event #0   t=0   Elapsed: 3.1e-05s (0m 00s)
     Speed:     ev/sec=0   simsec/sec=0   ev/simsec=0
     Messages:  created: 2   present: 2   in FES: 2
** Event #104311   t=323.238333345   Elapsed: 0.009276s (0m 00s)
     Speed:     ev/sec=0   simsec/sec=0   ev/simsec=0
     Messages:  created: 2   present: 2   in FES: 1

<!> Simulation stopped with endSimulation() -- in module (ScheduledAccessQueue) DectScheduledAccessNetwork.queue (id=2), at t=323.238333345s, event #104311

Calling finish() at end of Run #385...

Preparing for running configuration MonetecFocusedSmallR, run #386...
Scenario: $r=7, $rho=0.045, $repetition=2
Assigned runID=MonetecFocusedSmallR-386-20260930-08:59:52-58
Setting up network "dect2020scheduledaccess.DectScheduledAccessNetwork"...
Initializing...

Running simulation...
** Event #0   t=0   Elapsed: 3e-06s (0m 00s)
     Speed:     ev/sec=0   simsec/sec=0   ev/simsec=0
     Messages:  created: 2   present: 2   in FES: 2
** Event #103977   t=320.295750011667   Elapsed: 0.009707s (0m 00s)
     Speed:     ev/sec=0   simsec/sec=0   ev/simsec=0
     Messages:  created: 2   present: 2   in FES: 1

<!> Simulation stopped with endSimulation() -- in module (ScheduledAccessQueue) DectScheduledAccessNetwork.queue (id=2), at t=320.295750011667s, event #103977

Calling finish() at end of Run #386...

Preparing for running configuration MonetecFocusedSmallR, run #387...
Scenario: $r=7, $rho=0.050, $repetition=0
Assigned runID=MonetecFocusedSmallR-387-20260930-08:59:52-58
Setting up network "dect2020scheduledaccess.DectScheduledAccessNetwork"...
Initializing...

Running simulation...
** Event #0   t=0   Elapsed: 1.8e-05s (0m 00s)
     Speed:     ev/sec=0   simsec/sec=0   ev/simsec=0
     Messages:  created: 2   present: 2   in FES: 2
** Event #100551   t=289.272333345   Elapsed: 0.009166s (0m 00s)
     Speed:     ev/sec=0   simsec/sec=0   ev/simsec=0
     Messages:  created: 2   present: 2   in FES: 1

<!> Simulation stopped with endSimulation() -- in module (ScheduledAccessQueue) DectScheduledAccessNetwork.queue (id=2), at t=289.272333345s, event #100551

Calling finish() at end of Run #387...

Preparing for running configuration MonetecFocusedSmallR, run #388...
Scenario: $r=7, $rho=0.050, $repetition=1
Assigned runID=MonetecFocusedSmallR-388-20260930-08:59:52-58
Setting up network "dect2020scheduledaccess.DectScheduledAccessNetwork"...
Initializing...

Running simulation...
** Event #0   t=0   Elapsed: 4e-06s (0m 00s)
     Speed:     ev/sec=0   simsec/sec=0   ev/simsec=0
     Messages:  created: 2   present: 2   in FES: 2
** Event #100753   t=291.036333345   Elapsed: 0.009061s (0m 00s)
     Speed:     ev/sec=0   simsec/sec=0   ev/simsec=0
     Messages:  created: 2   present: 2   in FES: 1

<!> Simulation stopped with endSimulation() -- in module (ScheduledAccessQueue) DectScheduledAccessNetwork.queue (id=2), at t=291.036333345s, event #100753

Calling finish() at end of Run #388...

Preparing for running configuration MonetecFocusedSmallR, run #389...
Scenario: $r=7, $rho=0.050, $repetition=2
Assigned runID=MonetecFocusedSmallR-389-20260930-08:59:52-58
Setting up network "dect2020scheduledaccess.DectScheduledAccessNetwork"...
Initializing...

Running simulation...
** Event #0   t=0   Elapsed: 3e-06s (0m 00s)
     Speed:     ev/sec=0   simsec/sec=0   ev/simsec=0
     Messages:  created: 2   present: 2   in FES: 2
** Event #100475   t=288.534333345   Elapsed: 0.009054s (0m 00s)
     Speed:     ev/sec=0   simsec/sec=0   ev/simsec=0
     Messages:  created: 2   present: 2   in FES: 1

<!> Simulation stopped with endSimulation() -- in module (ScheduledAccessQueue) DectScheduledAccessNetwork.queue (id=2), at t=288.534333345s, event #100475

Calling finish() at end of Run #389...

Preparing for running configuration MonetecFocusedSmallR, run #390...
Scenario: $r=7, $rho=0.055, $repetition=0
Assigned runID=MonetecFocusedSmallR-390-20260930-08:59:52-58
Setting up network "dect2020scheduledaccess.DectScheduledAccessNetwork"...
Initializing...

Running simulation...
** Event #0   t=0   Elapsed: 3.2e-05s (0m 00s)
     Speed:     ev/sec=0   simsec/sec=0   ev/simsec=0
     Messages:  created: 2   present: 2   in FES: 2
** Event #97710   t=263.254166678334   Elapsed: 0.008814s (0m 00s)
     Speed:     ev/sec=0   simsec/sec=0   ev/simsec=0
     Messages:  created: 2   present: 2   in FES: 1

<!> Simulation stopped with endSimulation() -- in module (ScheduledAccessQueue) DectScheduledAccessNetwork.queue (id=2), at t=263.254166678334s, event #97710

Calling finish() at end of Run #390...

Preparing for running configuration MonetecFocusedSmallR, run #391...
Scenario: $r=7, $rho=0.055, $repetition=1
Assigned runID=MonetecFocusedSmallR-391-20260930-08:59:52-58
Setting up network "dect2020scheduledaccess.DectScheduledAccessNetwork"...
Initializing...

Running simulation...
** Event #0   t=0   Elapsed: 2.2e-05s (0m 00s)
     Speed:     ev/sec=0   simsec/sec=0   ev/simsec=0
     Messages:  created: 2   present: 2   in FES: 2
** Event #97907   t=264.945750011667   Elapsed: 0.008973s (0m 00s)
     Speed:     ev/sec=0   simsec/sec=0   ev/simsec=0
     Messages:  created: 2   present: 2   in FES: 1

<!> Simulation stopped with endSimulation() -- in module (ScheduledAccessQueue) DectScheduledAccessNetwork.queue (id=2), at t=264.945750011667s, event #97907

Calling finish() at end of Run #391...

Preparing for running configuration MonetecFocusedSmallR, run #392...
Scenario: $r=7, $rho=0.055, $repetition=2
Assigned runID=MonetecFocusedSmallR-392-20260930-08:59:52-58
Setting up network "dect2020scheduledaccess.DectScheduledAccessNetwork"...
Initializing...

Running simulation...
** Event #0   t=0   Elapsed: 2.6e-05s (0m 00s)
     Speed:     ev/sec=0   simsec/sec=0   ev/simsec=0
     Messages:  created: 2   present: 2   in FES: 2
** Event #97674   t=262.750583345001   Elapsed: 0.010175s (0m 00s)
     Speed:     ev/sec=9.62495e+06   simsec/sec=25891.8   ev/simsec=371.737
     Messages:  created: 2   present: 2   in FES: 1

<!> Simulation stopped with endSimulation() -- in module (ScheduledAccessQueue) DectScheduledAccessNetwork.queue (id=2), at t=262.750583345001s, event #97674

Calling finish() at end of Run #392...

Preparing for running configuration MonetecFocusedSmallR, run #393...
Scenario: $r=7, $rho=0.060, $repetition=0
Assigned runID=MonetecFocusedSmallR-393-20260930-08:59:52-58
Setting up network "dect2020scheduledaccess.DectScheduledAccessNetwork"...
Initializing...

Running simulation...
** Event #0   t=0   Elapsed: 2.8e-05s (0m 00s)
     Speed:     ev/sec=0   simsec/sec=0   ev/simsec=0
     Messages:  created: 2   present: 2   in FES: 2
** Event #95408   t=241.815750011667   Elapsed: 0.00914s (0m 00s)
     Speed:     ev/sec=0   simsec/sec=0   ev/simsec=0
     Messages:  created: 2   present: 2   in FES: 1

<!> Simulation stopped with endSimulation() -- in module (ScheduledAccessQueue) DectScheduledAccessNetwork.queue (id=2), at t=241.815750011667s, event #95408

Calling finish() at end of Run #393...

Preparing for running configuration MonetecFocusedSmallR, run #394...
Scenario: $r=7, $rho=0.060, $repetition=1
Assigned runID=MonetecFocusedSmallR-394-20260930-08:59:52-58
Setting up network "dect2020scheduledaccess.DectScheduledAccessNetwork"...
Initializing...

Running simulation...
** Event #0   t=0   Elapsed: 3e-06s (0m 00s)
     Speed:     ev/sec=0   simsec/sec=0   ev/simsec=0
     Messages:  created: 2   present: 2   in FES: 2
** Event #95634   t=243.543333345   Elapsed: 0.008907s (0m 00s)
     Speed:     ev/sec=0   simsec/sec=0   ev/simsec=0
     Messages:  created: 2   present: 2   in FES: 1

<!> Simulation stopped with endSimulation() -- in module (ScheduledAccessQueue) DectScheduledAccessNetwork.queue (id=2), at t=243.543333345s, event #95634

Calling finish() at end of Run #394...

Preparing for running configuration MonetecFocusedSmallR, run #395...
Scenario: $r=7, $rho=0.060, $repetition=2
Assigned runID=MonetecFocusedSmallR-395-20260930-08:59:52-58
Setting up network "dect2020scheduledaccess.DectScheduledAccessNetwork"...
Initializing...

Running simulation...
** Event #0   t=0   Elapsed: 3e-06s (0m 00s)
     Speed:     ev/sec=0   simsec/sec=0   ev/simsec=0
     Messages:  created: 2   present: 2   in FES: 2
** Event #95367   t=241.329750011667   Elapsed: 0.009884s (0m 00s)
     Speed:     ev/sec=0   simsec/sec=0   ev/simsec=0
     Messages:  created: 2   present: 2   in FES: 1

<!> Simulation stopped with endSimulation() -- in module (ScheduledAccessQueue) DectScheduledAccessNetwork.queue (id=2), at t=241.329750011667s, event #95367

Calling finish() at end of Run #395...

Preparing for running configuration MonetecFocusedSmallR, run #396...
Scenario: $r=7, $rho=0.065, $repetition=0
Assigned runID=MonetecFocusedSmallR-396-20260930-08:59:52-58
Setting up network "dect2020scheduledaccess.DectScheduledAccessNetwork"...
Initializing...

Running simulation...
** Event #0   t=0   Elapsed: 4e-06s (0m 00s)
     Speed:     ev/sec=0   simsec/sec=0   ev/simsec=0
     Messages:  created: 2   present: 2   in FES: 2
** Event #93625   t=224.275166678334   Elapsed: 0.008485s (0m 00s)
     Speed:     ev/sec=0   simsec/sec=0   ev/simsec=0
     Messages:  created: 2   present: 2   in FES: 1

<!> Simulation stopped with endSimulation() -- in module (ScheduledAccessQueue) DectScheduledAccessNetwork.queue (id=2), at t=224.275166678334s, event #93625

Calling finish() at end of Run #396...

Preparing for running configuration MonetecFocusedSmallR, run #397...
Scenario: $r=7, $rho=0.065, $repetition=1
Assigned runID=MonetecFocusedSmallR-397-20260930-08:59:52-58
Setting up network "dect2020scheduledaccess.DectScheduledAccessNetwork"...
Initializing...

Running simulation...
** Event #0   t=0   Elapsed: 2.5e-05s (0m 00s)
     Speed:     ev/sec=0   simsec/sec=0   ev/simsec=0
     Messages:  created: 2   present: 2   in FES: 2
** Event #93868   t=225.966750011667   Elapsed: 0.008882s (0m 00s)
     Speed:     ev/sec=0   simsec/sec=0   ev/simsec=0
     Messages:  created: 2   present: 2   in FES: 1

<!> Simulation stopped with endSimulation() -- in module (ScheduledAccessQueue) DectScheduledAccessNetwork.queue (id=2), at t=225.966750011667s, event #93868

Calling finish() at end of Run #397...

Preparing for running configuration MonetecFocusedSmallR, run #398...
Scenario: $r=7, $rho=0.065, $repetition=2
Assigned runID=MonetecFocusedSmallR-398-20260930-08:59:52-58
Setting up network "dect2020scheduledaccess.DectScheduledAccessNetwork"...
Initializing...

Running simulation...
** Event #0   t=0   Elapsed: 2e-06s (0m 00s)
     Speed:     ev/sec=0   simsec/sec=0   ev/simsec=0
     Messages:  created: 2   present: 2   in FES: 2
** Event #93650   t=224.094333345   Elapsed: 0.00851s (0m 00s)
     Speed:     ev/sec=0   simsec/sec=0   ev/simsec=0
     Messages:  created: 2   present: 2   in FES: 1

<!> Simulation stopped with endSimulation() -- in module (ScheduledAccessQueue) DectScheduledAccessNetwork.queue (id=2), at t=224.094333345s, event #93650

Calling finish() at end of Run #398...

Preparing for running configuration MonetecFocusedSmallR, run #399...
Scenario: $r=7, $rho=0.070, $repetition=0
Assigned runID=MonetecFocusedSmallR-399-20260930-08:59:52-58
Setting up network "dect2020scheduledaccess.DectScheduledAccessNetwork"...
Initializing...

Running simulation...
** Event #0   t=0   Elapsed: 2.6e-05s (0m 00s)
     Speed:     ev/sec=0   simsec/sec=0   ev/simsec=0
     Messages:  created: 2   present: 2   in FES: 2
** Event #92444   t=210.414333345   Elapsed: 0.008369s (0m 00s)
     Speed:     ev/sec=0   simsec/sec=0   ev/simsec=0
     Messages:  created: 2   present: 2   in FES: 1

<!> Simulation stopped with endSimulation() -- in module (ScheduledAccessQueue) DectScheduledAccessNetwork.queue (id=2), at t=210.414333345s, event #92444

Calling finish() at end of Run #399...

Preparing for running configuration MonetecFocusedSmallR, run #400...
Scenario: $r=7, $rho=0.070, $repetition=1
Assigned runID=MonetecFocusedSmallR-400-20260930-08:59:52-58
Setting up network "dect2020scheduledaccess.DectScheduledAccessNetwork"...
Initializing...

Running simulation...
** Event #0   t=0   Elapsed: 2e-05s (0m 00s)
     Speed:     ev/sec=0   simsec/sec=0   ev/simsec=0
     Messages:  created: 2   present: 2   in FES: 2
** Event #92597   t=211.657583345001   Elapsed: 0.008468s (0m 00s)
     Speed:     ev/sec=0   simsec/sec=0   ev/simsec=0
     Messages:  created: 2   present: 2   in FES: 1

<!> Simulation stopped with endSimulation() -- in module (ScheduledAccessQueue) DectScheduledAccessNetwork.queue (id=2), at t=211.657583345001s, event #92597

Calling finish() at end of Run #400...

Preparing for running configuration MonetecFocusedSmallR, run #401...
Scenario: $r=7, $rho=0.070, $repetition=2
Assigned runID=MonetecFocusedSmallR-401-20260930-08:59:52-58
Setting up network "dect2020scheduledaccess.DectScheduledAccessNetwork"...
Initializing...

Running simulation...
** Event #0   t=0   Elapsed: 3e-06s (0m 00s)
     Speed:     ev/sec=0   simsec/sec=0   ev/simsec=0
     Messages:  created: 2   present: 2   in FES: 2
** Event #92422   t=210.118583345001   Elapsed: 0.00841s (0m 00s)
     Speed:     ev/sec=0   simsec/sec=0   ev/simsec=0
     Messages:  created: 2   present: 2   in FES: 1

<!> Simulation stopped with endSimulation() -- in module (ScheduledAccessQueue) DectScheduledAccessNetwork.queue (id=2), at t=210.118583345001s, event #92422

Calling finish() at end of Run #401...

Preparing for running configuration MonetecFocusedSmallR, run #402...
Scenario: $r=7, $rho=0.075, $repetition=0
Assigned runID=MonetecFocusedSmallR-402-20260930-08:59:52-58
Setting up network "dect2020scheduledaccess.DectScheduledAccessNetwork"...
Initializing...

Running simulation...
** Event #0   t=0   Elapsed: 2e-05s (0m 00s)
     Speed:     ev/sec=0   simsec/sec=0   ev/simsec=0
     Messages:  created: 2   present: 2   in FES: 2
** Event #91692   t=199.128333345   Elapsed: 0.008522s (0m 00s)
     Speed:     ev/sec=0   simsec/sec=0   ev/simsec=0
     Messages:  created: 2   present: 2   in FES: 1

<!> Simulation stopped with endSimulation() -- in module (ScheduledAccessQueue) DectScheduledAccessNetwork.queue (id=2), at t=199.128333345s, event #91692

Calling finish() at end of Run #402...

Preparing for running configuration MonetecFocusedSmallR, run #403...
Scenario: $r=7, $rho=0.075, $repetition=1
Assigned runID=MonetecFocusedSmallR-403-20260930-08:59:52-58
Setting up network "dect2020scheduledaccess.DectScheduledAccessNetwork"...
Initializing...

Running simulation...
** Event #0   t=0   Elapsed: 2.4e-05s (0m 00s)
     Speed:     ev/sec=0   simsec/sec=0   ev/simsec=0
     Messages:  created: 2   present: 2   in FES: 2
** Event #91835   t=200.390833345002   Elapsed: 0.008399s (0m 00s)
     Speed:     ev/sec=0   simsec/sec=0   ev/simsec=0
     Messages:  created: 2   present: 2   in FES: 1

<!> Simulation stopped with endSimulation() -- in module (ScheduledAccessQueue) DectScheduledAccessNetwork.queue (id=2), at t=200.390833345002s, event #91835

Calling finish() at end of Run #403...

Preparing for running configuration MonetecFocusedSmallR, run #404...
Scenario: $r=7, $rho=0.075, $repetition=2
Assigned runID=MonetecFocusedSmallR-404-20260930-08:59:52-58
Setting up network "dect2020scheduledaccess.DectScheduledAccessNetwork"...
Initializing...

Running simulation...
** Event #0   t=0   Elapsed: 3e-06s (0m 00s)
     Speed:     ev/sec=0   simsec/sec=0   ev/simsec=0
     Messages:  created: 2   present: 2   in FES: 2
** Event #91768   t=199.335333345   Elapsed: 0.008364s (0m 00s)
     Speed:     ev/sec=0   simsec/sec=0   ev/simsec=0
     Messages:  created: 2   present: 2   in FES: 1

<!> Simulation stopped with endSimulation() -- in module (ScheduledAccessQueue) DectScheduledAccessNetwork.queue (id=2), at t=199.335333345s, event #91768

Calling finish() at end of Run #404...

Preparing for running configuration MonetecFocusedSmallR, run #405...
Scenario: $r=7, $rho=0.080, $repetition=0
Assigned runID=MonetecFocusedSmallR-405-20260930-08:59:52-58
Setting up network "dect2020scheduledaccess.DectScheduledAccessNetwork"...
Initializing...

Running simulation...
** Event #0   t=0   Elapsed: 1.9e-05s (0m 00s)
     Speed:     ev/sec=0   simsec/sec=0   ev/simsec=0
     Messages:  created: 2   present: 2   in FES: 2
** Event #91458   t=190.515750011667   Elapsed: 0.008428s (0m 00s)
     Speed:     ev/sec=0   simsec/sec=0   ev/simsec=0
     Messages:  created: 2   present: 2   in FES: 1

<!> Simulation stopped with endSimulation() -- in module (ScheduledAccessQueue) DectScheduledAccessNetwork.queue (id=2), at t=190.515750011667s, event #91458

Calling finish() at end of Run #405...

Preparing for running configuration MonetecFocusedSmallR, run #406...
Scenario: $r=7, $rho=0.080, $repetition=1
Assigned runID=MonetecFocusedSmallR-406-20260930-08:59:52-58
Setting up network "dect2020scheduledaccess.DectScheduledAccessNetwork"...
Initializing...

Running simulation...
** Event #0   t=0   Elapsed: 1.9e-05s (0m 00s)
     Speed:     ev/sec=0   simsec/sec=0   ev/simsec=0
     Messages:  created: 2   present: 2   in FES: 2
** Event #91536   t=191.461166678334   Elapsed: 0.008671s (0m 00s)
     Speed:     ev/sec=0   simsec/sec=0   ev/simsec=0
     Messages:  created: 2   present: 2   in FES: 1

<!> Simulation stopped with endSimulation() -- in module (ScheduledAccessQueue) DectScheduledAccessNetwork.queue (id=2), at t=191.461166678334s, event #91536

Calling finish() at end of Run #406...

Preparing for running configuration MonetecFocusedSmallR, run #407...
Scenario: $r=7, $rho=0.080, $repetition=2
Assigned runID=MonetecFocusedSmallR-407-20260930-08:59:52-58
Setting up network "dect2020scheduledaccess.DectScheduledAccessNetwork"...
Initializing...

Running simulation...
** Event #0   t=0   Elapsed: 3e-06s (0m 00s)
     Speed:     ev/sec=0   simsec/sec=0   ev/simsec=0
     Messages:  created: 2   present: 2   in FES: 2
** Event #91578   t=190.947333345   Elapsed: 0.008625s (0m 00s)
     Speed:     ev/sec=0   simsec/sec=0   ev/simsec=0
     Messages:  created: 2   present: 2   in FES: 1

<!> Simulation stopped with endSimulation() -- in module (ScheduledAccessQueue) DectScheduledAccessNetwork.queue (id=2), at t=190.947333345s, event #91578

Calling finish() at end of Run #407...

Preparing for running configuration MonetecFocusedSmallR, run #408...
Scenario: $r=7, $rho=0.085, $repetition=0
Assigned runID=MonetecFocusedSmallR-408-20260930-08:59:52-58
Setting up network "dect2020scheduledaccess.DectScheduledAccessNetwork"...
Initializing...

Running simulation...
** Event #0   t=0   Elapsed: 3e-06s (0m 00s)
     Speed:     ev/sec=0   simsec/sec=0   ev/simsec=0
     Messages:  created: 2   present: 2   in FES: 2
** Event #91815   t=184.433416678335   Elapsed: 0.008337s (0m 00s)
     Speed:     ev/sec=0   simsec/sec=0   ev/simsec=0
     Messages:  created: 2   present: 2   in FES: 1

<!> Simulation stopped with endSimulation() -- in module (ScheduledAccessQueue) DectScheduledAccessNetwork.queue (id=2), at t=184.433416678335s, event #91815

Calling finish() at end of Run #408...

Preparing for running configuration MonetecFocusedSmallR, run #409...
Scenario: $r=7, $rho=0.085, $repetition=1
Assigned runID=MonetecFocusedSmallR-409-20260930-08:59:52-58
Setting up network "dect2020scheduledaccess.DectScheduledAccessNetwork"...
Initializing...

Running simulation...
** Event #0   t=0   Elapsed: 2.8e-05s (0m 00s)
     Speed:     ev/sec=0   simsec/sec=0   ev/simsec=0
     Messages:  created: 2   present: 2   in FES: 2
** Event #91807   t=185.179583345001   Elapsed: 0.008499s (0m 00s)
     Speed:     ev/sec=0   simsec/sec=0   ev/simsec=0
     Messages:  created: 2   present: 2   in FES: 1

<!> Simulation stopped with endSimulation() -- in module (ScheduledAccessQueue) DectScheduledAccessNetwork.queue (id=2), at t=185.179583345001s, event #91807

Calling finish() at end of Run #409...

Preparing for running configuration MonetecFocusedSmallR, run #410...
Scenario: $r=7, $rho=0.085, $repetition=2
Assigned runID=MonetecFocusedSmallR-410-20260930-08:59:52-58
Setting up network "dect2020scheduledaccess.DectScheduledAccessNetwork"...
Initializing...

Running simulation...
** Event #0   t=0   Elapsed: 2.6e-05s (0m 00s)
     Speed:     ev/sec=0   simsec/sec=0   ev/simsec=0
     Messages:  created: 2   present: 2   in FES: 2
** Event #91945   t=185.098583345001   Elapsed: 0.00859s (0m 00s)
     Speed:     ev/sec=0   simsec/sec=0   ev/simsec=0
     Messages:  created: 2   present: 2   in FES: 1

<!> Simulation stopped with endSimulation() -- in module (ScheduledAccessQueue) DectScheduledAccessNetwork.queue (id=2), at t=185.098583345001s, event #91945

Calling finish() at end of Run #410...

Preparing for running configuration MonetecFocusedSmallR, run #411...
Scenario: $r=7, $rho=0.090, $repetition=0
Assigned runID=MonetecFocusedSmallR-411-20260930-08:59:52-58
Setting up network "dect2020scheduledaccess.DectScheduledAccessNetwork"...
Initializing...

Running simulation...
** Event #0   t=0   Elapsed: 3e-06s (0m 00s)
     Speed:     ev/sec=0   simsec/sec=0   ev/simsec=0
     Messages:  created: 2   present: 2   in FES: 2
** Event #92593   t=180.095416678335   Elapsed: 0.008473s (0m 00s)
     Speed:     ev/sec=0   simsec/sec=0   ev/simsec=0
     Messages:  created: 2   present: 2   in FES: 1

<!> Simulation stopped with endSimulation() -- in module (ScheduledAccessQueue) DectScheduledAccessNetwork.queue (id=2), at t=180.095416678335s, event #92593

Calling finish() at end of Run #411...

Preparing for running configuration MonetecFocusedSmallR, run #412...
Scenario: $r=7, $rho=0.090, $repetition=1
Assigned runID=MonetecFocusedSmallR-412-20260930-08:59:52-58
Setting up network "dect2020scheduledaccess.DectScheduledAccessNetwork"...
Initializing...

Running simulation...
** Event #0   t=0   Elapsed: 2.2e-05s (0m 00s)
     Speed:     ev/sec=0   simsec/sec=0   ev/simsec=0
     Messages:  created: 2   present: 2   in FES: 2
** Event #92580   t=180.797000011668   Elapsed: 0.008685s (0m 00s)
     Speed:     ev/sec=0   simsec/sec=0   ev/simsec=0
     Messages:  created: 2   present: 2   in FES: 1

<!> Simulation stopped with endSimulation() -- in module (ScheduledAccessQueue) DectScheduledAccessNetwork.queue (id=2), at t=180.797000011668s, event #92580

Calling finish() at end of Run #412...

Preparing for running configuration MonetecFocusedSmallR, run #413...
Scenario: $r=7, $rho=0.090, $repetition=2
Assigned runID=MonetecFocusedSmallR-413-20260930-08:59:52-58
Setting up network "dect2020scheduledaccess.DectScheduledAccessNetwork"...
Initializing...

Running simulation...
** Event #0   t=0   Elapsed: 4e-06s (0m 00s)
     Speed:     ev/sec=0   simsec/sec=0   ev/simsec=0
     Messages:  created: 2   present: 2   in FES: 2
** Event #92699   t=180.508583345001   Elapsed: 0.008447s (0m 00s)
     Speed:     ev/sec=0   simsec/sec=0   ev/simsec=0
     Messages:  created: 2   present: 2   in FES: 1

<!> Simulation stopped with endSimulation() -- in module (ScheduledAccessQueue) DectScheduledAccessNetwork.queue (id=2), at t=180.508583345001s, event #92699

Calling finish() at end of Run #413...

Preparing for running configuration MonetecFocusedSmallR, run #414...
Scenario: $r=7, $rho=0.095, $repetition=0
Assigned runID=MonetecFocusedSmallR-414-20260930-08:59:52-58
Setting up network "dect2020scheduledaccess.DectScheduledAccessNetwork"...
Initializing...

Running simulation...
** Event #0   t=0   Elapsed: 3e-06s (0m 00s)
     Speed:     ev/sec=0   simsec/sec=0   ev/simsec=0
     Messages:  created: 2   present: 2   in FES: 2
** Event #93738   t=177.161416678335   Elapsed: 0.008837s (0m 00s)
     Speed:     ev/sec=0   simsec/sec=0   ev/simsec=0
     Messages:  created: 2   present: 2   in FES: 1

<!> Simulation stopped with endSimulation() -- in module (ScheduledAccessQueue) DectScheduledAccessNetwork.queue (id=2), at t=177.161416678335s, event #93738

Calling finish() at end of Run #414...

Preparing for running configuration MonetecFocusedSmallR, run #415...
Scenario: $r=7, $rho=0.095, $repetition=1
Assigned runID=MonetecFocusedSmallR-415-20260930-08:59:52-58
Setting up network "dect2020scheduledaccess.DectScheduledAccessNetwork"...
Initializing...

Running simulation...
** Event #0   t=0   Elapsed: 4e-06s (0m 00s)
     Speed:     ev/sec=0   simsec/sec=0   ev/simsec=0
     Messages:  created: 2   present: 2   in FES: 2
** Event #93751   t=177.800416678335   Elapsed: 0.008767s (0m 00s)
     Speed:     ev/sec=0   simsec/sec=0   ev/simsec=0
     Messages:  created: 2   present: 2   in FES: 1

<!> Simulation stopped with endSimulation() -- in module (ScheduledAccessQueue) DectScheduledAccessNetwork.queue (id=2), at t=177.800416678335s, event #93751

Calling finish() at end of Run #415...

Preparing for running configuration MonetecFocusedSmallR, run #416...
Scenario: $r=7, $rho=0.095, $repetition=2
Assigned runID=MonetecFocusedSmallR-416-20260930-08:59:52-58
Setting up network "dect2020scheduledaccess.DectScheduledAccessNetwork"...
Initializing...

Running simulation...
** Event #0   t=0   Elapsed: 4e-06s (0m 00s)
     Speed:     ev/sec=0   simsec/sec=0   ev/simsec=0
     Messages:  created: 2   present: 2   in FES: 2
** Event #93813   t=177.358166678334   Elapsed: 0.008654s (0m 00s)
     Speed:     ev/sec=0   simsec/sec=0   ev/simsec=0
     Messages:  created: 2   present: 2   in FES: 1

<!> Simulation stopped with endSimulation() -- in module (ScheduledAccessQueue) DectScheduledAccessNetwork.queue (id=2), at t=177.358166678334s, event #93813

Calling finish() at end of Run #416...

Preparing for running configuration MonetecFocusedSmallR, run #417...
Scenario: $r=7, $rho=0.100, $repetition=0
Assigned runID=MonetecFocusedSmallR-417-20260930-08:59:52-58
Setting up network "dect2020scheduledaccess.DectScheduledAccessNetwork"...
Initializing...

Running simulation...
** Event #0   t=0   Elapsed: 3e-06s (0m 00s)
     Speed:     ev/sec=0   simsec/sec=0   ev/simsec=0
     Messages:  created: 2   present: 2   in FES: 2
** Event #95061   t=175.172000011668   Elapsed: 0.008696s (0m 00s)
     Speed:     ev/sec=0   simsec/sec=0   ev/simsec=0
     Messages:  created: 2   present: 2   in FES: 1

<!> Simulation stopped with endSimulation() -- in module (ScheduledAccessQueue) DectScheduledAccessNetwork.queue (id=2), at t=175.172000011668s, event #95061

Calling finish() at end of Run #417...

Preparing for running configuration MonetecFocusedSmallR, run #418...
Scenario: $r=7, $rho=0.100, $repetition=1
Assigned runID=MonetecFocusedSmallR-418-20260930-08:59:52-58
Setting up network "dect2020scheduledaccess.DectScheduledAccessNetwork"...
Initializing...

Running simulation...
** Event #0   t=0   Elapsed: 2.4e-05s (0m 00s)
     Speed:     ev/sec=0   simsec/sec=0   ev/simsec=0
     Messages:  created: 2   present: 2   in FES: 2
** Event #95145   t=175.675166678334   Elapsed: 0.008877s (0m 00s)
     Speed:     ev/sec=0   simsec/sec=0   ev/simsec=0
     Messages:  created: 2   present: 2   in FES: 1

<!> Simulation stopped with endSimulation() -- in module (ScheduledAccessQueue) DectScheduledAccessNetwork.queue (id=2), at t=175.675166678334s, event #95145

Calling finish() at end of Run #418...

Preparing for running configuration MonetecFocusedSmallR, run #419...
Scenario: $r=7, $rho=0.100, $repetition=2
Assigned runID=MonetecFocusedSmallR-419-20260930-08:59:52-58
Setting up network "dect2020scheduledaccess.DectScheduledAccessNetwork"...
Initializing...

Running simulation...
** Event #0   t=0   Elapsed: 3e-06s (0m 00s)
     Speed:     ev/sec=0   simsec/sec=0   ev/simsec=0
     Messages:  created: 2   present: 2   in FES: 2
** Event #95313   t=175.315583345001   Elapsed: 0.008826s (0m 00s)
     Speed:     ev/sec=0   simsec/sec=0   ev/simsec=0
     Messages:  created: 2   present: 2   in FES: 1

<!> Simulation stopped with endSimulation() -- in module (ScheduledAccessQueue) DectScheduledAccessNetwork.queue (id=2), at t=175.315583345001s, event #95313

Calling finish() at end of Run #419...

Preparing for running configuration MonetecFocusedSmallR, run #420...
Scenario: $r=7, $rho=0.105, $repetition=0
Assigned runID=MonetecFocusedSmallR-420-20260930-08:59:52-58
Setting up network "dect2020scheduledaccess.DectScheduledAccessNetwork"...
Initializing...

Running simulation...
** Event #0   t=0   Elapsed: 3e-06s (0m 00s)
     Speed:     ev/sec=0   simsec/sec=0   ev/simsec=0
     Messages:  created: 2   present: 2   in FES: 2
** Event #96706   t=173.993000011668   Elapsed: 0.008865s (0m 00s)
     Speed:     ev/sec=0   simsec/sec=0   ev/simsec=0
     Messages:  created: 2   present: 2   in FES: 1

<!> Simulation stopped with endSimulation() -- in module (ScheduledAccessQueue) DectScheduledAccessNetwork.queue (id=2), at t=173.993000011668s, event #96706

Calling finish() at end of Run #420...

Preparing for running configuration MonetecFocusedSmallR, run #421...
Scenario: $r=7, $rho=0.105, $repetition=1
Assigned runID=MonetecFocusedSmallR-421-20260930-08:59:52-58
Setting up network "dect2020scheduledaccess.DectScheduledAccessNetwork"...
Initializing...

Running simulation...
** Event #0   t=0   Elapsed: 3e-06s (0m 00s)
     Speed:     ev/sec=0   simsec/sec=0   ev/simsec=0
     Messages:  created: 2   present: 2   in FES: 2
** Event #96784   t=174.461000011668   Elapsed: 0.009249s (0m 00s)
     Speed:     ev/sec=0   simsec/sec=0   ev/simsec=0
     Messages:  created: 2   present: 2   in FES: 1

<!> Simulation stopped with endSimulation() -- in module (ScheduledAccessQueue) DectScheduledAccessNetwork.queue (id=2), at t=174.461000011668s, event #96784

Calling finish() at end of Run #421...

Preparing for running configuration MonetecFocusedSmallR, run #422...
Scenario: $r=7, $rho=0.105, $repetition=2
Assigned runID=MonetecFocusedSmallR-422-20260930-08:59:52-58
Setting up network "dect2020scheduledaccess.DectScheduledAccessNetwork"...
Initializing...

Running simulation...
** Event #0   t=0   Elapsed: 3e-06s (0m 00s)
     Speed:     ev/sec=0   simsec/sec=0   ev/simsec=0
     Messages:  created: 2   present: 2   in FES: 2
** Event #96946   t=174.092416678335   Elapsed: 0.009451s (0m 00s)
     Speed:     ev/sec=0   simsec/sec=0   ev/simsec=0
     Messages:  created: 2   present: 2   in FES: 1

<!> Simulation stopped with endSimulation() -- in module (ScheduledAccessQueue) DectScheduledAccessNetwork.queue (id=2), at t=174.092416678335s, event #96946

Calling finish() at end of Run #422...

Preparing for running configuration MonetecFocusedSmallR, run #423...
Scenario: $r=7, $rho=0.110, $repetition=0
Assigned runID=MonetecFocusedSmallR-423-20260930-08:59:52-58
Setting up network "dect2020scheduledaccess.DectScheduledAccessNetwork"...
Initializing...

Running simulation...
** Event #0   t=0   Elapsed: 3e-06s (0m 00s)
     Speed:     ev/sec=0   simsec/sec=0   ev/simsec=0
     Messages:  created: 2   present: 2   in FES: 2
** Event #98483   t=173.165416678335   Elapsed: 0.009013s (0m 00s)
     Speed:     ev/sec=0   simsec/sec=0   ev/simsec=0
     Messages:  created: 2   present: 2   in FES: 1

<!> Simulation stopped with endSimulation() -- in module (ScheduledAccessQueue) DectScheduledAccessNetwork.queue (id=2), at t=173.165416678335s, event #98483

Calling finish() at end of Run #423...

Preparing for running configuration MonetecFocusedSmallR, run #424...
Scenario: $r=7, $rho=0.110, $repetition=1
Assigned runID=MonetecFocusedSmallR-424-20260930-08:59:52-58
Setting up network "dect2020scheduledaccess.DectScheduledAccessNetwork"...
Initializing...

Running simulation...
** Event #0   t=0   Elapsed: 3e-06s (0m 00s)
     Speed:     ev/sec=0   simsec/sec=0   ev/simsec=0
     Messages:  created: 2   present: 2   in FES: 2
** Event #98538   t=173.533166678334   Elapsed: 0.009145s (0m 00s)
     Speed:     ev/sec=0   simsec/sec=0   ev/simsec=0
     Messages:  created: 2   present: 2   in FES: 1

<!> Simulation stopped with endSimulation() -- in module (ScheduledAccessQueue) DectScheduledAccessNetwork.queue (id=2), at t=173.533166678334s, event #98538

Calling finish() at end of Run #424...

Preparing for running configuration MonetecFocusedSmallR, run #425...
Scenario: $r=7, $rho=0.110, $repetition=2
Assigned runID=MonetecFocusedSmallR-425-20260930-08:59:52-58
Setting up network "dect2020scheduledaccess.DectScheduledAccessNetwork"...
Initializing...

Running simulation...
** Event #0   t=0   Elapsed: 3e-06s (0m 00s)
     Speed:     ev/sec=0   simsec/sec=0   ev/simsec=0
     Messages:  created: 2   present: 2   in FES: 2
** Event #98800   t=173.309416678335   Elapsed: 0.009191s (0m 00s)
     Speed:     ev/sec=0   simsec/sec=0   ev/simsec=0
     Messages:  created: 2   present: 2   in FES: 1

<!> Simulation stopped with endSimulation() -- in module (ScheduledAccessQueue) DectScheduledAccessNetwork.queue (id=2), at t=173.309416678335s, event #98800

Calling finish() at end of Run #425...

Preparing for running configuration MonetecFocusedSmallR, run #426...
Scenario: $r=7, $rho=0.115, $repetition=0
Assigned runID=MonetecFocusedSmallR-426-20260930-08:59:52-58
Setting up network "dect2020scheduledaccess.DectScheduledAccessNetwork"...
Initializing...

Running simulation...
** Event #0   t=0   Elapsed: 4e-06s (0m 00s)
     Speed:     ev/sec=0   simsec/sec=0   ev/simsec=0
     Messages:  created: 2   present: 2   in FES: 2
** Event #100476   t=172.787416678335   Elapsed: 0.009381s (0m 00s)
     Speed:     ev/sec=0   simsec/sec=0   ev/simsec=0
     Messages:  created: 2   present: 2   in FES: 1

<!> Simulation stopped with endSimulation() -- in module (ScheduledAccessQueue) DectScheduledAccessNetwork.queue (id=2), at t=172.787416678335s, event #100476

Calling finish() at end of Run #426...

Preparing for running configuration MonetecFocusedSmallR, run #427...
Scenario: $r=7, $rho=0.115, $repetition=1
Assigned runID=MonetecFocusedSmallR-427-20260930-08:59:52-58
Setting up network "dect2020scheduledaccess.DectScheduledAccessNetwork"...
Initializing...

Running simulation...
** Event #0   t=0   Elapsed: 3e-06s (0m 00s)
     Speed:     ev/sec=0   simsec/sec=0   ev/simsec=0
     Messages:  created: 2   present: 2   in FES: 2
** Event #100433   t=173.021416678335   Elapsed: 0.009351s (0m 00s)
     Speed:     ev/sec=0   simsec/sec=0   ev/simsec=0
     Messages:  created: 2   present: 2   in FES: 1

<!> Simulation stopped with endSimulation() -- in module (ScheduledAccessQueue) DectScheduledAccessNetwork.queue (id=2), at t=173.021416678335s, event #100433

Calling finish() at end of Run #427...

Preparing for running configuration MonetecFocusedSmallR, run #428...
Scenario: $r=7, $rho=0.115, $repetition=2
Assigned runID=MonetecFocusedSmallR-428-20260930-08:59:52-58
Setting up network "dect2020scheduledaccess.DectScheduledAccessNetwork"...
Initializing...

Running simulation...
** Event #0   t=0   Elapsed: 3e-06s (0m 00s)
     Speed:     ev/sec=0   simsec/sec=0   ev/simsec=0
     Messages:  created: 2   present: 2   in FES: 2
** Event #100648   t=172.841833345002   Elapsed: 0.009235s (0m 00s)
     Speed:     ev/sec=0   simsec/sec=0   ev/simsec=0
     Messages:  created: 2   present: 2   in FES: 1

<!> Simulation stopped with endSimulation() -- in module (ScheduledAccessQueue) DectScheduledAccessNetwork.queue (id=2), at t=172.841833345002s, event #100648

Calling finish() at end of Run #428...

Preparing for running configuration MonetecFocusedSmallR, run #429...
Scenario: $r=7, $rho=0.120, $repetition=0
Assigned runID=MonetecFocusedSmallR-429-20260930-08:59:52-58
Setting up network "dect2020scheduledaccess.DectScheduledAccessNetwork"...
Initializing...

Running simulation...
** Event #0   t=0   Elapsed: 4e-06s (0m 00s)
     Speed:     ev/sec=0   simsec/sec=0   ev/simsec=0
     Messages:  created: 2   present: 2   in FES: 2
** Event #102433   t=172.526833345002   Elapsed: 0.009527s (0m 00s)
     Speed:     ev/sec=0   simsec/sec=0   ev/simsec=0
     Messages:  created: 2   present: 2   in FES: 1

<!> Simulation stopped with endSimulation() -- in module (ScheduledAccessQueue) DectScheduledAccessNetwork.queue (id=2), at t=172.526833345002s, event #102433

Calling finish() at end of Run #429...

Preparing for running configuration MonetecFocusedSmallR, run #430...
Scenario: $r=7, $rho=0.120, $repetition=1
Assigned runID=MonetecFocusedSmallR-430-20260930-08:59:52-58
Setting up network "dect2020scheduledaccess.DectScheduledAccessNetwork"...
Initializing...

Running simulation...
** Event #0   t=0   Elapsed: 4e-06s (0m 00s)
     Speed:     ev/sec=0   simsec/sec=0   ev/simsec=0
     Messages:  created: 2   present: 2   in FES: 2
** Event #102378   t=172.697416678335   Elapsed: 0.00952s (0m 00s)
     Speed:     ev/sec=0   simsec/sec=0   ev/simsec=0
     Messages:  created: 2   present: 2   in FES: 1

<!> Simulation stopped with endSimulation() -- in module (ScheduledAccessQueue) DectScheduledAccessNetwork.queue (id=2), at t=172.697416678335s, event #102378

Calling finish() at end of Run #430...

Preparing for running configuration MonetecFocusedSmallR, run #431...
Scenario: $r=7, $rho=0.120, $repetition=2
Assigned runID=MonetecFocusedSmallR-431-20260930-08:59:52-58
Setting up network "dect2020scheduledaccess.DectScheduledAccessNetwork"...
Initializing...

Running simulation...
** Event #0   t=0   Elapsed: 3e-06s (0m 00s)
     Speed:     ev/sec=0   simsec/sec=0   ev/simsec=0
     Messages:  created: 2   present: 2   in FES: 2
** Event #102584   t=172.579583345001   Elapsed: 0.00975s (0m 00s)
     Speed:     ev/sec=0   simsec/sec=0   ev/simsec=0
     Messages:  created: 2   present: 2   in FES: 1

<!> Simulation stopped with endSimulation() -- in module (ScheduledAccessQueue) DectScheduledAccessNetwork.queue (id=2), at t=172.579583345001s, event #102584

Calling finish() at end of Run #431...

Preparing for running configuration MonetecFocusedSmallR, run #432...
Scenario: $r=7, $rho=0.125, $repetition=0
Assigned runID=MonetecFocusedSmallR-432-20260930-08:59:52-58
Setting up network "dect2020scheduledaccess.DectScheduledAccessNetwork"...
Initializing...

Running simulation...
** Event #0   t=0   Elapsed: 3e-06s (0m 00s)
     Speed:     ev/sec=0   simsec/sec=0   ev/simsec=0
     Messages:  created: 2   present: 2   in FES: 2
** Event #104475   t=172.310416678335   Elapsed: 0.009583s (0m 00s)
     Speed:     ev/sec=0   simsec/sec=0   ev/simsec=0
     Messages:  created: 2   present: 2   in FES: 1

<!> Simulation stopped with endSimulation() -- in module (ScheduledAccessQueue) DectScheduledAccessNetwork.queue (id=2), at t=172.310416678335s, event #104475

Calling finish() at end of Run #432...

Preparing for running configuration MonetecFocusedSmallR, run #433...
Scenario: $r=7, $rho=0.125, $repetition=1
Assigned runID=MonetecFocusedSmallR-433-20260930-08:59:52-58
Setting up network "dect2020scheduledaccess.DectScheduledAccessNetwork"...
Initializing...

Running simulation...
** Event #0   t=0   Elapsed: 3e-06s (0m 00s)
     Speed:     ev/sec=0   simsec/sec=0   ev/simsec=0
     Messages:  created: 2   present: 2   in FES: 2
** Event #104361   t=172.490833345002   Elapsed: 0.009834s (0m 00s)
     Speed:     ev/sec=0   simsec/sec=0   ev/simsec=0
     Messages:  created: 2   present: 2   in FES: 1

<!> Simulation stopped with endSimulation() -- in module (ScheduledAccessQueue) DectScheduledAccessNetwork.queue (id=2), at t=172.490833345002s, event #104361

Calling finish() at end of Run #433...

Preparing for running configuration MonetecFocusedSmallR, run #434...
Scenario: $r=7, $rho=0.125, $repetition=2
Assigned runID=MonetecFocusedSmallR-434-20260930-08:59:52-58
Setting up network "dect2020scheduledaccess.DectScheduledAccessNetwork"...
Initializing...

Running simulation...
** Event #0   t=0   Elapsed: 2e-06s (0m 00s)
     Speed:     ev/sec=0   simsec/sec=0   ev/simsec=0
     Messages:  created: 2   present: 2   in FES: 2
** Event #104601   t=172.355833345002   Elapsed: 0.009695s (0m 00s)
     Speed:     ev/sec=0   simsec/sec=0   ev/simsec=0
     Messages:  created: 2   present: 2   in FES: 1

<!> Simulation stopped with endSimulation() -- in module (ScheduledAccessQueue) DectScheduledAccessNetwork.queue (id=2), at t=172.355833345002s, event #104601

Calling finish() at end of Run #434...

Preparing for running configuration MonetecFocusedSmallR, run #435...
Scenario: $r=7, $rho=0.130, $repetition=0
Assigned runID=MonetecFocusedSmallR-435-20260930-08:59:52-58
Setting up network "dect2020scheduledaccess.DectScheduledAccessNetwork"...
Initializing...

Running simulation...
** Event #0   t=0   Elapsed: 3e-06s (0m 00s)
     Speed:     ev/sec=0   simsec/sec=0   ev/simsec=0
     Messages:  created: 2   present: 2   in FES: 2
** Event #106513   t=172.229000011668   Elapsed: 0.009991s (0m 00s)
     Speed:     ev/sec=0   simsec/sec=0   ev/simsec=0
     Messages:  created: 2   present: 2   in FES: 1

<!> Simulation stopped with endSimulation() -- in module (ScheduledAccessQueue) DectScheduledAccessNetwork.queue (id=2), at t=172.229000011668s, event #106513

Calling finish() at end of Run #435...

Preparing for running configuration MonetecFocusedSmallR, run #436...
Scenario: $r=7, $rho=0.130, $repetition=1
Assigned runID=MonetecFocusedSmallR-436-20260930-08:59:52-58
Setting up network "dect2020scheduledaccess.DectScheduledAccessNetwork"...
Initializing...

Running simulation...
** Event #0   t=0   Elapsed: 2.4e-05s (0m 00s)
     Speed:     ev/sec=0   simsec/sec=0   ev/simsec=0
     Messages:  created: 2   present: 2   in FES: 2
** Event #106388   t=172.382833345002   Elapsed: 0.010136s (0m 00s)
     Speed:     ev/sec=1.05199e+07   simsec/sec=17045.6   ev/simsec=617.163
     Messages:  created: 2   present: 2   in FES: 1

<!> Simulation stopped with endSimulation() -- in module (ScheduledAccessQueue) DectScheduledAccessNetwork.queue (id=2), at t=172.382833345002s, event #106388

Calling finish() at end of Run #436...

Preparing for running configuration MonetecFocusedSmallR, run #437...
Scenario: $r=7, $rho=0.130, $repetition=2
Assigned runID=MonetecFocusedSmallR-437-20260930-08:59:52-58
Setting up network "dect2020scheduledaccess.DectScheduledAccessNetwork"...
Initializing...

Running simulation...
** Event #0   t=0   Elapsed: 2.3e-05s (0m 00s)
     Speed:     ev/sec=0   simsec/sec=0   ev/simsec=0
     Messages:  created: 2   present: 2   in FES: 2
** Event #106551   t=172.219166678334   Elapsed: 0.010106s (0m 00s)
     Speed:     ev/sec=1.05674e+07   simsec/sec=17080.1   ev/simsec=618.696
     Messages:  created: 2   present: 2   in FES: 1

<!> Simulation stopped with endSimulation() -- in module (ScheduledAccessQueue) DectScheduledAccessNetwork.queue (id=2), at t=172.219166678334s, event #106551

Calling finish() at end of Run #437...

Preparing for running configuration MonetecFocusedSmallR, run #438...
Scenario: $r=7, $rho=0.135, $repetition=0
Assigned runID=MonetecFocusedSmallR-438-20260930-08:59:52-58
Setting up network "dect2020scheduledaccess.DectScheduledAccessNetwork"...
Initializing...

Running simulation...
** Event #0   t=0   Elapsed: 2.3e-05s (0m 00s)
     Speed:     ev/sec=0   simsec/sec=0   ev/simsec=0
     Messages:  created: 2   present: 2   in FES: 2
** Event #108523   t=172.212250011669   Elapsed: 0.01006s (0m 00s)
     Speed:     ev/sec=1.08112e+07   simsec/sec=17156   ev/simsec=630.172
     Messages:  created: 2   present: 2   in FES: 1

<!> Simulation stopped with endSimulation() -- in module (ScheduledAccessQueue) DectScheduledAccessNetwork.queue (id=2), at t=172.212250011669s, event #108523

Calling finish() at end of Run #438...

Preparing for running configuration MonetecFocusedSmallR, run #439...
Scenario: $r=7, $rho=0.135, $repetition=1
Assigned runID=MonetecFocusedSmallR-439-20260930-08:59:52-58
Setting up network "dect2020scheduledaccess.DectScheduledAccessNetwork"...
Initializing...

Running simulation...
** Event #0   t=0   Elapsed: 1.4e-05s (0m 00s)
     Speed:     ev/sec=0   simsec/sec=0   ev/simsec=0
     Messages:  created: 2   present: 2   in FES: 2
** Event #108346   t=172.283416678335   Elapsed: 0.010053s (0m 00s)
     Speed:     ev/sec=1.07925e+07   simsec/sec=17161.4   ev/simsec=628.884
     Messages:  created: 2   present: 2   in FES: 1

<!> Simulation stopped with endSimulation() -- in module (ScheduledAccessQueue) DectScheduledAccessNetwork.queue (id=2), at t=172.283416678335s, event #108346

Calling finish() at end of Run #439...

Preparing for running configuration MonetecFocusedSmallR, run #440...
Scenario: $r=7, $rho=0.135, $repetition=2
Assigned runID=MonetecFocusedSmallR-440-20260930-08:59:52-58
Setting up network "dect2020scheduledaccess.DectScheduledAccessNetwork"...
Initializing...

Running simulation...
** Event #0   t=0   Elapsed: 2e-05s (0m 00s)
     Speed:     ev/sec=0   simsec/sec=0   ev/simsec=0
     Messages:  created: 2   present: 2   in FES: 2
** Event #108589   t=172.175833345002   Elapsed: 0.010245s (0m 00s)
     Speed:     ev/sec=1.0621e+07   simsec/sec=16840.3   ev/simsec=630.688
     Messages:  created: 2   present: 2   in FES: 1

<!> Simulation stopped with endSimulation() -- in module (ScheduledAccessQueue) DectScheduledAccessNetwork.queue (id=2), at t=172.175833345002s, event #108589

Calling finish() at end of Run #440...

Preparing for running configuration MonetecFocusedSmallR, run #441...
Scenario: $r=7, $rho=0.140, $repetition=0
Assigned runID=MonetecFocusedSmallR-441-20260930-08:59:52-58
Setting up network "dect2020scheduledaccess.DectScheduledAccessNetwork"...
Initializing...

Running simulation...
** Event #0   t=0   Elapsed: 1.8e-05s (0m 00s)
     Speed:     ev/sec=0   simsec/sec=0   ev/simsec=0
     Messages:  created: 2   present: 2   in FES: 2
** Event #110589   t=172.148833345002   Elapsed: 0.010541s (0m 00s)
     Speed:     ev/sec=1.05103e+07   simsec/sec=16360.8   ev/simsec=642.405
     Messages:  created: 2   present: 2   in FES: 1

<!> Simulation stopped with endSimulation() -- in module (ScheduledAccessQueue) DectScheduledAccessNetwork.queue (id=2), at t=172.148833345002s, event #110589

Calling finish() at end of Run #441...

Preparing for running configuration MonetecFocusedSmallR, run #442...
Scenario: $r=7, $rho=0.140, $repetition=1
Assigned runID=MonetecFocusedSmallR-442-20260930-08:59:52-58
Setting up network "dect2020scheduledaccess.DectScheduledAccessNetwork"...
Initializing...

Running simulation...
** Event #0   t=0   Elapsed: 3e-06s (0m 00s)
     Speed:     ev/sec=0   simsec/sec=0   ev/simsec=0
     Messages:  created: 2   present: 2   in FES: 2
** Event #110397   t=172.220833345002   Elapsed: 0.010366s (0m 00s)
     Speed:     ev/sec=1.0653e+07   simsec/sec=16618.8   ev/simsec=641.022
     Messages:  created: 2   present: 2   in FES: 1

<!> Simulation stopped with endSimulation() -- in module (ScheduledAccessQueue) DectScheduledAccessNetwork.queue (id=2), at t=172.220833345002s, event #110397

Calling finish() at end of Run #442...

Preparing for running configuration MonetecFocusedSmallR, run #443...
Scenario: $r=7, $rho=0.140, $repetition=2
Assigned runID=MonetecFocusedSmallR-443-20260930-08:59:52-58
Setting up network "dect2020scheduledaccess.DectScheduledAccessNetwork"...
Initializing...

Running simulation...
** Event #0   t=0   Elapsed: 3e-06s (0m 00s)
     Speed:     ev/sec=0   simsec/sec=0   ev/simsec=0
     Messages:  created: 2   present: 2   in FES: 2
** Event #110569   t=172.157833345002   Elapsed: 0.010473s (0m 00s)
     Speed:     ev/sec=1.05595e+07   simsec/sec=16441.4   ev/simsec=642.255
     Messages:  created: 2   present: 2   in FES: 1

<!> Simulation stopped with endSimulation() -- in module (ScheduledAccessQueue) DectScheduledAccessNetwork.queue (id=2), at t=172.157833345002s, event #110569

Calling finish() at end of Run #443...

Preparing for running configuration MonetecFocusedSmallR, run #444...
Scenario: $r=7, $rho=0.145, $repetition=0
Assigned runID=MonetecFocusedSmallR-444-20260930-08:59:53-58
Setting up network "dect2020scheduledaccess.DectScheduledAccessNetwork"...
Initializing...

Running simulation...
** Event #0   t=0   Elapsed: 3e-06s (0m 00s)
     Speed:     ev/sec=0   simsec/sec=0   ev/simsec=0
     Messages:  created: 2   present: 2   in FES: 2
** Event #112578   t=172.130416678335   Elapsed: 0.01061s (0m 00s)
     Speed:     ev/sec=1.06146e+07   simsec/sec=16229.5   ev/simsec=654.029
     Messages:  created: 2   present: 2   in FES: 1

<!> Simulation stopped with endSimulation() -- in module (ScheduledAccessQueue) DectScheduledAccessNetwork.queue (id=2), at t=172.130416678335s, event #112578

Calling finish() at end of Run #444...

Preparing for running configuration MonetecFocusedSmallR, run #445...
Scenario: $r=7, $rho=0.145, $repetition=1
Assigned runID=MonetecFocusedSmallR-445-20260930-08:59:53-58
Setting up network "dect2020scheduledaccess.DectScheduledAccessNetwork"...
Initializing...

Running simulation...
** Event #0   t=0   Elapsed: 3e-05s (0m 00s)
     Speed:     ev/sec=0   simsec/sec=0   ev/simsec=0
     Messages:  created: 2   present: 2   in FES: 2
** Event #112505   t=172.166416678335   Elapsed: 0.010615s (0m 00s)
     Speed:     ev/sec=1.06287e+07   simsec/sec=16265.1   ev/simsec=653.468
     Messages:  created: 2   present: 2   in FES: 1

<!> Simulation stopped with endSimulation() -- in module (ScheduledAccessQueue) DectScheduledAccessNetwork.queue (id=2), at t=172.166416678335s, event #112505

Calling finish() at end of Run #445...

Preparing for running configuration MonetecFocusedSmallR, run #446...
Scenario: $r=7, $rho=0.145, $repetition=2
Assigned runID=MonetecFocusedSmallR-446-20260930-08:59:53-58
Setting up network "dect2020scheduledaccess.DectScheduledAccessNetwork"...
Initializing...

Running simulation...
** Event #0   t=0   Elapsed: 3e-06s (0m 00s)
     Speed:     ev/sec=0   simsec/sec=0   ev/simsec=0
     Messages:  created: 2   present: 2   in FES: 2
** Event #112649   t=172.111166678334   Elapsed: 0.010748s (0m 00s)
     Speed:     ev/sec=1.04839e+07   simsec/sec=16017.8   ev/simsec=654.515
     Messages:  created: 2   present: 2   in FES: 1

<!> Simulation stopped with endSimulation() -- in module (ScheduledAccessQueue) DectScheduledAccessNetwork.queue (id=2), at t=172.111166678334s, event #112649

Calling finish() at end of Run #446...

Preparing for running configuration MonetecFocusedSmallR, run #447...
Scenario: $r=7, $rho=0.150, $repetition=0
Assigned runID=MonetecFocusedSmallR-447-20260930-08:59:53-58
Setting up network "dect2020scheduledaccess.DectScheduledAccessNetwork"...
Initializing...

Running simulation...
** Event #0   t=0   Elapsed: 2.7e-05s (0m 00s)
     Speed:     ev/sec=0   simsec/sec=0   ev/simsec=0
     Messages:  created: 2   present: 2   in FES: 2
** Event #114744   t=172.131250011669   Elapsed: 0.010834s (0m 00s)
     Speed:     ev/sec=1.06176e+07   simsec/sec=15927.7   ev/simsec=666.609
     Messages:  created: 2   present: 2   in FES: 1

<!> Simulation stopped with endSimulation() -- in module (ScheduledAccessQueue) DectScheduledAccessNetwork.queue (id=2), at t=172.131250011669s, event #114744

Calling finish() at end of Run #447...

Preparing for running configuration MonetecFocusedSmallR, run #448...
Scenario: $r=7, $rho=0.150, $repetition=1
Assigned runID=MonetecFocusedSmallR-448-20260930-08:59:53-58
Setting up network "dect2020scheduledaccess.DectScheduledAccessNetwork"...
Initializing...

Running simulation...
** Event #0   t=0   Elapsed: 4e-06s (0m 00s)
     Speed:     ev/sec=0   simsec/sec=0   ev/simsec=0
     Messages:  created: 2   present: 2   in FES: 2
** Event #114595   t=172.147583345001   Elapsed: 0.010875s (0m 00s)
     Speed:     ev/sec=1.05423e+07   simsec/sec=15836.9   ev/simsec=665.68
     Messages:  created: 2   present: 2   in FES: 1

<!> Simulation stopped with endSimulation() -- in module (ScheduledAccessQueue) DectScheduledAccessNetwork.queue (id=2), at t=172.147583345001s, event #114595

Calling finish() at end of Run #448...

Preparing for running configuration MonetecFocusedSmallR, run #449...
Scenario: $r=7, $rho=0.150, $repetition=2
Assigned runID=MonetecFocusedSmallR-449-20260930-08:59:53-58
Setting up network "dect2020scheduledaccess.DectScheduledAccessNetwork"...
Initializing...

Running simulation...
** Event #0   t=0   Elapsed: 2.9e-05s (0m 00s)
     Speed:     ev/sec=0   simsec/sec=0   ev/simsec=0
     Messages:  created: 2   present: 2   in FES: 2
** Event #114775   t=172.121416678335   Elapsed: 0.01078s (0m 00s)
     Speed:     ev/sec=1.06758e+07   simsec/sec=16009.8   ev/simsec=666.827
     Messages:  created: 2   present: 2   in FES: 1

<!> Simulation stopped with endSimulation() -- in module (ScheduledAccessQueue) DectScheduledAccessNetwork.queue (id=2), at t=172.121416678335s, event #114775

Calling finish() at end of Run #449...

Preparing for running configuration MonetecFocusedSmallR, run #450...
Scenario: $r=7, $rho=0.155, $repetition=0
Assigned runID=MonetecFocusedSmallR-450-20260930-08:59:53-58
Setting up network "dect2020scheduledaccess.DectScheduledAccessNetwork"...
Initializing...

Running simulation...
** Event #0   t=0   Elapsed: 3e-06s (0m 00s)
     Speed:     ev/sec=0   simsec/sec=0   ev/simsec=0
     Messages:  created: 2   present: 2   in FES: 2
** Event #116793   t=172.121833345002   Elapsed: 0.011105s (0m 00s)
     Speed:     ev/sec=1.05209e+07   simsec/sec=15505   ev/simsec=678.55
     Messages:  created: 2   present: 2   in FES: 1

<!> Simulation stopped with endSimulation() -- in module (ScheduledAccessQueue) DectScheduledAccessNetwork.queue (id=2), at t=172.121833345002s, event #116793

Calling finish() at end of Run #450...

Preparing for running configuration MonetecFocusedSmallR, run #451...
Scenario: $r=7, $rho=0.155, $repetition=1
Assigned runID=MonetecFocusedSmallR-451-20260930-08:59:53-58
Setting up network "dect2020scheduledaccess.DectScheduledAccessNetwork"...
Initializing...

Running simulation...
** Event #0   t=0   Elapsed: 2.4e-05s (0m 00s)
     Speed:     ev/sec=0   simsec/sec=0   ev/simsec=0
     Messages:  created: 2   present: 2   in FES: 2
** Event #116731   t=172.149250011669   Elapsed: 0.010977s (0m 00s)
     Speed:     ev/sec=1.06574e+07   simsec/sec=15717   ev/simsec=678.082
     Messages:  created: 2   present: 2   in FES: 1

<!> Simulation stopped with endSimulation() -- in module (ScheduledAccessQueue) DectScheduledAccessNetwork.queue (id=2), at t=172.149250011669s, event #116731

Calling finish() at end of Run #451...

Preparing for running configuration MonetecFocusedSmallR, run #452...
Scenario: $r=7, $rho=0.155, $repetition=2
Assigned runID=MonetecFocusedSmallR-452-20260930-08:59:53-58
Setting up network "dect2020scheduledaccess.DectScheduledAccessNetwork"...
Initializing...

Running simulation...
** Event #0   t=0   Elapsed: 2.4e-05s (0m 00s)
     Speed:     ev/sec=0   simsec/sec=0   ev/simsec=0
     Messages:  created: 2   present: 2   in FES: 2
** Event #116826   t=172.112416678335   Elapsed: 0.011035s (0m 00s)
     Speed:     ev/sec=1.06109e+07   simsec/sec=15632.3   ev/simsec=678.779
     Messages:  created: 2   present: 2   in FES: 1

<!> Simulation stopped with endSimulation() -- in module (ScheduledAccessQueue) DectScheduledAccessNetwork.queue (id=2), at t=172.112416678335s, event #116826

Calling finish() at end of Run #452...

Preparing for running configuration MonetecFocusedSmallR, run #453...
Scenario: $r=7, $rho=0.160, $repetition=0
Assigned runID=MonetecFocusedSmallR-453-20260930-08:59:53-58
Setting up network "dect2020scheduledaccess.DectScheduledAccessNetwork"...
Initializing...

Running simulation...
** Event #0   t=0   Elapsed: 3e-06s (0m 00s)
     Speed:     ev/sec=0   simsec/sec=0   ev/simsec=0
     Messages:  created: 2   present: 2   in FES: 2
** Event #118927   t=172.112416678335   Elapsed: 0.01113s (0m 00s)
     Speed:     ev/sec=1.06891e+07   simsec/sec=15469.4   ev/simsec=690.986
     Messages:  created: 2   present: 2   in FES: 1

<!> Simulation stopped with endSimulation() -- in module (ScheduledAccessQueue) DectScheduledAccessNetwork.queue (id=2), at t=172.112416678335s, event #118927

Calling finish() at end of Run #453...

Preparing for running configuration MonetecFocusedSmallR, run #454...
Scenario: $r=7, $rho=0.160, $repetition=1
Assigned runID=MonetecFocusedSmallR-454-20260930-08:59:53-58
Setting up network "dect2020scheduledaccess.DectScheduledAccessNetwork"...
Initializing...

Running simulation...
** Event #0   t=0   Elapsed: 4e-06s (0m 00s)
     Speed:     ev/sec=0   simsec/sec=0   ev/simsec=0
     Messages:  created: 2   present: 2   in FES: 2
** Event #118729   t=172.130416678335   Elapsed: 0.011252s (0m 00s)
     Speed:     ev/sec=1.05556e+07   simsec/sec=15303.2   ev/simsec=689.764
     Messages:  created: 2   present: 2   in FES: 1

<!> Simulation stopped with endSimulation() -- in module (ScheduledAccessQueue) DectScheduledAccessNetwork.queue (id=2), at t=172.130416678335s, event #118729

Calling finish() at end of Run #454...

Preparing for running configuration MonetecFocusedSmallR, run #455...
Scenario: $r=7, $rho=0.160, $repetition=2
Assigned runID=MonetecFocusedSmallR-455-20260930-08:59:53-58
Setting up network "dect2020scheduledaccess.DectScheduledAccessNetwork"...
Initializing...

Running simulation...
** Event #0   t=0   Elapsed: 3e-06s (0m 00s)
     Speed:     ev/sec=0   simsec/sec=0   ev/simsec=0
     Messages:  created: 2   present: 2   in FES: 2
** Event #118902   t=172.112416678335   Elapsed: 0.011077s (0m 00s)
     Speed:     ev/sec=1.0737e+07   simsec/sec=15542   ev/simsec=690.841
     Messages:  created: 2   present: 2   in FES: 1

<!> Simulation stopped with endSimulation() -- in module (ScheduledAccessQueue) DectScheduledAccessNetwork.queue (id=2), at t=172.112416678335s, event #118902

Calling finish() at end of Run #455...

Preparing for running configuration MonetecFocusedSmallR, run #456...
Scenario: $r=7, $rho=0.165, $repetition=0
Assigned runID=MonetecFocusedSmallR-456-20260930-08:59:53-58
Setting up network "dect2020scheduledaccess.DectScheduledAccessNetwork"...
Initializing...

Running simulation...
** Event #0   t=0   Elapsed: 3e-06s (0m 00s)
     Speed:     ev/sec=0   simsec/sec=0   ev/simsec=0
     Messages:  created: 2   present: 2   in FES: 2
** Event #121083   t=172.112416678335   Elapsed: 0.011365s (0m 00s)
     Speed:     ev/sec=1.06568e+07   simsec/sec=15148   ev/simsec=703.513
     Messages:  created: 2   present: 2   in FES: 1

<!> Simulation stopped with endSimulation() -- in module (ScheduledAccessQueue) DectScheduledAccessNetwork.queue (id=2), at t=172.112416678335s, event #121083

Calling finish() at end of Run #456...

Preparing for running configuration MonetecFocusedSmallR, run #457...
Scenario: $r=7, $rho=0.165, $repetition=1
Assigned runID=MonetecFocusedSmallR-457-20260930-08:59:53-58
Setting up network "dect2020scheduledaccess.DectScheduledAccessNetwork"...
Initializing...

Running simulation...
** Event #0   t=0   Elapsed: 2e-06s (0m 00s)
     Speed:     ev/sec=0   simsec/sec=0   ev/simsec=0
     Messages:  created: 2   present: 2   in FES: 2
** Event #120817   t=172.130833345002   Elapsed: 0.011209s (0m 00s)
     Speed:     ev/sec=1.07805e+07   simsec/sec=15359.2   ev/simsec=701.892
     Messages:  created: 2   present: 2   in FES: 1

<!> Simulation stopped with endSimulation() -- in module (ScheduledAccessQueue) DectScheduledAccessNetwork.queue (id=2), at t=172.130833345002s, event #120817

Calling finish() at end of Run #457...

Preparing for running configuration MonetecFocusedSmallR, run #458...
Scenario: $r=7, $rho=0.165, $repetition=2
Assigned runID=MonetecFocusedSmallR-458-20260930-08:59:53-58
Setting up network "dect2020scheduledaccess.DectScheduledAccessNetwork"...
Initializing...

Running simulation...
** Event #0   t=0   Elapsed: 3e-06s (0m 00s)
     Speed:     ev/sec=0   simsec/sec=0   ev/simsec=0
     Messages:  created: 2   present: 2   in FES: 2
** Event #120958   t=172.112416678335   Elapsed: 0.011568s (0m 00s)
     Speed:     ev/sec=1.0459e+07   simsec/sec=14882.1   ev/simsec=702.787
     Messages:  created: 2   present: 2   in FES: 1

<!> Simulation stopped with endSimulation() -- in module (ScheduledAccessQueue) DectScheduledAccessNetwork.queue (id=2), at t=172.112416678335s, event #120958

Calling finish() at end of Run #458...

Preparing for running configuration MonetecFocusedSmallR, run #459...
Scenario: $r=7, $rho=0.170, $repetition=0
Assigned runID=MonetecFocusedSmallR-459-20260930-08:59:53-58
Setting up network "dect2020scheduledaccess.DectScheduledAccessNetwork"...
Initializing...

Running simulation...
** Event #0   t=0   Elapsed: 4e-06s (0m 00s)
     Speed:     ev/sec=0   simsec/sec=0   ev/simsec=0
     Messages:  created: 2   present: 2   in FES: 2
** Event #123214   t=172.112833345002   Elapsed: 0.01169s (0m 00s)
     Speed:     ev/sec=1.05428e+07   simsec/sec=14726.8   ev/simsec=715.893
     Messages:  created: 2   present: 2   in FES: 1

<!> Simulation stopped with endSimulation() -- in module (ScheduledAccessQueue) DectScheduledAccessNetwork.queue (id=2), at t=172.112833345002s, event #123214

Calling finish() at end of Run #459...

Preparing for running configuration MonetecFocusedSmallR, run #460...
Scenario: $r=7, $rho=0.170, $repetition=1
Assigned runID=MonetecFocusedSmallR-460-20260930-08:59:53-58
Setting up network "dect2020scheduledaccess.DectScheduledAccessNetwork"...
Initializing...

Running simulation...
** Event #0   t=0   Elapsed: 4e-06s (0m 00s)
     Speed:     ev/sec=0   simsec/sec=0   ev/simsec=0
     Messages:  created: 2   present: 2   in FES: 2
** Event #122852   t=172.121416678335   Elapsed: 0.011543s (0m 00s)
     Speed:     ev/sec=1.06467e+07   simsec/sec=14916.5   ev/simsec=713.754
     Messages:  created: 2   present: 2   in FES: 1

<!> Simulation stopped with endSimulation() -- in module (ScheduledAccessQueue) DectScheduledAccessNetwork.queue (id=2), at t=172.121416678335s, event #122852

Calling finish() at end of Run #460...

Preparing for running configuration MonetecFocusedSmallR, run #461...
Scenario: $r=7, $rho=0.170, $repetition=2
Assigned runID=MonetecFocusedSmallR-461-20260930-08:59:53-58
Setting up network "dect2020scheduledaccess.DectScheduledAccessNetwork"...
Initializing...

Running simulation...
** Event #0   t=0   Elapsed: 3e-06s (0m 00s)
     Speed:     ev/sec=0   simsec/sec=0   ev/simsec=0
     Messages:  created: 2   present: 2   in FES: 2
** Event #122997   t=172.112416678335   Elapsed: 0.011473s (0m 00s)
     Speed:     ev/sec=1.07234e+07   simsec/sec=15005.4   ev/simsec=714.633
     Messages:  created: 2   present: 2   in FES: 1

<!> Simulation stopped with endSimulation() -- in module (ScheduledAccessQueue) DectScheduledAccessNetwork.queue (id=2), at t=172.112416678335s, event #122997

Calling finish() at end of Run #461...

Preparing for running configuration MonetecFocusedSmallR, run #462...
Scenario: $r=7, $rho=0.175, $repetition=0
Assigned runID=MonetecFocusedSmallR-462-20260930-08:59:53-58
Setting up network "dect2020scheduledaccess.DectScheduledAccessNetwork"...
Initializing...

Running simulation...
** Event #0   t=0   Elapsed: 3e-06s (0m 00s)
     Speed:     ev/sec=0   simsec/sec=0   ev/simsec=0
     Messages:  created: 2   present: 2   in FES: 2
** Event #125282   t=172.112416678335   Elapsed: 0.012343s (0m 00s)
     Speed:     ev/sec=1.01525e+07   simsec/sec=13947.5   ev/simsec=727.91
     Messages:  created: 2   present: 2   in FES: 1

<!> Simulation stopped with endSimulation() -- in module (ScheduledAccessQueue) DectScheduledAccessNetwork.queue (id=2), at t=172.112416678335s, event #125282

Calling finish() at end of Run #462...

Preparing for running configuration MonetecFocusedSmallR, run #463...
Scenario: $r=7, $rho=0.175, $repetition=1
Assigned runID=MonetecFocusedSmallR-463-20260930-08:59:53-58
Setting up network "dect2020scheduledaccess.DectScheduledAccessNetwork"...
Initializing...

Running simulation...
** Event #0   t=0   Elapsed: 3e-06s (0m 00s)
     Speed:     ev/sec=0   simsec/sec=0   ev/simsec=0
     Messages:  created: 2   present: 2   in FES: 2
** Event #124902   t=172.121833345002   Elapsed: 0.011783s (0m 00s)
     Speed:     ev/sec=1.06029e+07   simsec/sec=14611.3   ev/simsec=725.662
     Messages:  created: 2   present: 2   in FES: 1

<!> Simulation stopped with endSimulation() -- in module (ScheduledAccessQueue) DectScheduledAccessNetwork.queue (id=2), at t=172.121833345002s, event #124902

Calling finish() at end of Run #463...

Preparing for running configuration MonetecFocusedSmallR, run #464...
Scenario: $r=7, $rho=0.175, $repetition=2
Assigned runID=MonetecFocusedSmallR-464-20260930-08:59:53-58
Setting up network "dect2020scheduledaccess.DectScheduledAccessNetwork"...
Initializing...

Running simulation...
** Event #0   t=0   Elapsed: 4e-06s (0m 00s)
     Speed:     ev/sec=0   simsec/sec=0   ev/simsec=0
     Messages:  created: 2   present: 2   in FES: 2
** Event #125033   t=172.112416678335   Elapsed: 0.011834s (0m 00s)
     Speed:     ev/sec=1.05691e+07   simsec/sec=14548.8   ev/simsec=726.463
     Messages:  created: 2   present: 2   in FES: 1

<!> Simulation stopped with endSimulation() -- in module (ScheduledAccessQueue) DectScheduledAccessNetwork.queue (id=2), at t=172.112416678335s, event #125033

Calling finish() at end of Run #464...

Preparing for running configuration MonetecFocusedSmallR, run #465...
Scenario: $r=7, $rho=0.180, $repetition=0
Assigned runID=MonetecFocusedSmallR-465-20260930-08:59:53-58
Setting up network "dect2020scheduledaccess.DectScheduledAccessNetwork"...
Initializing...

Running simulation...
** Event #0   t=0   Elapsed: 3e-06s (0m 00s)
     Speed:     ev/sec=0   simsec/sec=0   ev/simsec=0
     Messages:  created: 2   present: 2   in FES: 2
** Event #127376   t=172.112833345002   Elapsed: 0.012105s (0m 00s)
     Speed:     ev/sec=1.05278e+07   simsec/sec=14225.3   ev/simsec=740.074
     Messages:  created: 2   present: 2   in FES: 1

<!> Simulation stopped with endSimulation() -- in module (ScheduledAccessQueue) DectScheduledAccessNetwork.queue (id=2), at t=172.112833345002s, event #127376

Calling finish() at end of Run #465...

Preparing for running configuration MonetecFocusedSmallR, run #466...
Scenario: $r=7, $rho=0.180, $repetition=1
Assigned runID=MonetecFocusedSmallR-466-20260930-08:59:53-58
Setting up network "dect2020scheduledaccess.DectScheduledAccessNetwork"...
Initializing...

Running simulation...
** Event #0   t=0   Elapsed: 4e-06s (0m 00s)
     Speed:     ev/sec=0   simsec/sec=0   ev/simsec=0
     Messages:  created: 2   present: 2   in FES: 2
** Event #127009   t=172.121833345002   Elapsed: 0.012401s (0m 00s)
     Speed:     ev/sec=1.02451e+07   simsec/sec=13884.1   ev/simsec=737.903
     Messages:  created: 2   present: 2   in FES: 1

<!> Simulation stopped with endSimulation() -- in module (ScheduledAccessQueue) DectScheduledAccessNetwork.queue (id=2), at t=172.121833345002s, event #127009

Calling finish() at end of Run #466...

Preparing for running configuration MonetecFocusedSmallR, run #467...
Scenario: $r=7, $rho=0.180, $repetition=2
Assigned runID=MonetecFocusedSmallR-467-20260930-08:59:53-58
Setting up network "dect2020scheduledaccess.DectScheduledAccessNetwork"...
Initializing...

Running simulation...
** Event #0   t=0   Elapsed: 3e-06s (0m 00s)
     Speed:     ev/sec=0   simsec/sec=0   ev/simsec=0
     Messages:  created: 2   present: 2   in FES: 2
** Event #127091   t=172.112833345002   Elapsed: 0.011903s (0m 00s)
     Speed:     ev/sec=1.0679e+07   simsec/sec=14462   ev/simsec=738.419
     Messages:  created: 2   present: 2   in FES: 1

<!> Simulation stopped with endSimulation() -- in module (ScheduledAccessQueue) DectScheduledAccessNetwork.queue (id=2), at t=172.112833345002s, event #127091

Calling finish() at end of Run #467...

Preparing for running configuration MonetecFocusedSmallR, run #468...
Scenario: $r=7, $rho=0.185, $repetition=0
Assigned runID=MonetecFocusedSmallR-468-20260930-08:59:53-58
Setting up network "dect2020scheduledaccess.DectScheduledAccessNetwork"...
Initializing...

Running simulation...
** Event #0   t=0   Elapsed: 3e-06s (0m 00s)
     Speed:     ev/sec=0   simsec/sec=0   ev/simsec=0
     Messages:  created: 2   present: 2   in FES: 2
** Event #129421   t=172.121833345002   Elapsed: 0.012463s (0m 00s)
     Speed:     ev/sec=1.03878e+07   simsec/sec=13815   ev/simsec=751.917
     Messages:  created: 2   present: 2   in FES: 1

<!> Simulation stopped with endSimulation() -- in module (ScheduledAccessQueue) DectScheduledAccessNetwork.queue (id=2), at t=172.121833345002s, event #129421

Calling finish() at end of Run #468...

Preparing for running configuration MonetecFocusedSmallR, run #469...
Scenario: $r=7, $rho=0.185, $repetition=1
Assigned runID=MonetecFocusedSmallR-469-20260930-08:59:53-58
Setting up network "dect2020scheduledaccess.DectScheduledAccessNetwork"...
Initializing...

Running simulation...
** Event #0   t=0   Elapsed: 2.3e-05s (0m 00s)
     Speed:     ev/sec=0   simsec/sec=0   ev/simsec=0
     Messages:  created: 2   present: 2   in FES: 2
** Event #129154   t=172.121833345002   Elapsed: 0.012175s (0m 00s)
     Speed:     ev/sec=1.06291e+07   simsec/sec=14165.2   ev/simsec=750.366
     Messages:  created: 2   present: 2   in FES: 1

<!> Simulation stopped with endSimulation() -- in module (ScheduledAccessQueue) DectScheduledAccessNetwork.queue (id=2), at t=172.121833345002s, event #129154

Calling finish() at end of Run #469...

Preparing for running configuration MonetecFocusedSmallR, run #470...
Scenario: $r=7, $rho=0.185, $repetition=2
Assigned runID=MonetecFocusedSmallR-470-20260930-08:59:53-58
Setting up network "dect2020scheduledaccess.DectScheduledAccessNetwork"...
Initializing...

Running simulation...
** Event #0   t=0   Elapsed: 3e-06s (0m 00s)
     Speed:     ev/sec=0   simsec/sec=0   ev/simsec=0
     Messages:  created: 2   present: 2   in FES: 2
** Event #129072   t=172.112833345002   Elapsed: 0.01208s (0m 00s)
     Speed:     ev/sec=1.06874e+07   simsec/sec=14251.3   ev/simsec=749.927
     Messages:  created: 2   present: 2   in FES: 1

<!> Simulation stopped with endSimulation() -- in module (ScheduledAccessQueue) DectScheduledAccessNetwork.queue (id=2), at t=172.112833345002s, event #129072

Calling finish() at end of Run #470...

Preparing for running configuration MonetecFocusedSmallR, run #471...
Scenario: $r=7, $rho=0.190, $repetition=0
Assigned runID=MonetecFocusedSmallR-471-20260930-08:59:53-58
Setting up network "dect2020scheduledaccess.DectScheduledAccessNetwork"...
Initializing...

Running simulation...
** Event #0   t=0   Elapsed: 3e-06s (0m 00s)
     Speed:     ev/sec=0   simsec/sec=0   ev/simsec=0
     Messages:  created: 2   present: 2   in FES: 2
** Event #131397   t=172.112416678335   Elapsed: 0.012302s (0m 00s)
     Speed:     ev/sec=1.06836e+07   simsec/sec=13994   ev/simsec=763.439
     Messages:  created: 2   present: 2   in FES: 1

<!> Simulation stopped with endSimulation() -- in module (ScheduledAccessQueue) DectScheduledAccessNetwork.queue (id=2), at t=172.112416678335s, event #131397

Calling finish() at end of Run #471...

Preparing for running configuration MonetecFocusedSmallR, run #472...
Scenario: $r=7, $rho=0.190, $repetition=1
Assigned runID=MonetecFocusedSmallR-472-20260930-08:59:53-58
Setting up network "dect2020scheduledaccess.DectScheduledAccessNetwork"...
Initializing...

Running simulation...
** Event #0   t=0   Elapsed: 3e-06s (0m 00s)
     Speed:     ev/sec=0   simsec/sec=0   ev/simsec=0
     Messages:  created: 2   present: 2   in FES: 2
** Event #131217   t=172.121833345002   Elapsed: 0.012449s (0m 00s)
     Speed:     ev/sec=1.05438e+07   simsec/sec=13830.6   ev/simsec=762.351
     Messages:  created: 2   present: 2   in FES: 1

<!> Simulation stopped with endSimulation() -- in module (ScheduledAccessQueue) DectScheduledAccessNetwork.queue (id=2), at t=172.121833345002s, event #131217

Calling finish() at end of Run #472...

Preparing for running configuration MonetecFocusedSmallR, run #473...
Scenario: $r=7, $rho=0.190, $repetition=2
Assigned runID=MonetecFocusedSmallR-473-20260930-08:59:53-58
Setting up network "dect2020scheduledaccess.DectScheduledAccessNetwork"...
Initializing...

Running simulation...
** Event #0   t=0   Elapsed: 3.1e-05s (0m 00s)
     Speed:     ev/sec=0   simsec/sec=0   ev/simsec=0
     Messages:  created: 2   present: 2   in FES: 2
** Event #131123   t=172.112416678335   Elapsed: 0.012536s (0m 00s)
     Speed:     ev/sec=1.04865e+07   simsec/sec=13764.6   ev/simsec=761.847
     Messages:  created: 2   present: 2   in FES: 1

<!> Simulation stopped with endSimulation() -- in module (ScheduledAccessQueue) DectScheduledAccessNetwork.queue (id=2), at t=172.112416678335s, event #131123

Calling finish() at end of Run #473...

Preparing for running configuration MonetecFocusedSmallR, run #474...
Scenario: $r=7, $rho=0.195, $repetition=0
Assigned runID=MonetecFocusedSmallR-474-20260930-08:59:53-58
Setting up network "dect2020scheduledaccess.DectScheduledAccessNetwork"...
Initializing...

Running simulation...
** Event #0   t=0   Elapsed: 3e-06s (0m 00s)
     Speed:     ev/sec=0   simsec/sec=0   ev/simsec=0
     Messages:  created: 2   present: 2   in FES: 2
** Event #133453   t=172.112416678335   Elapsed: 0.012807s (0m 00s)
     Speed:     ev/sec=1.04228e+07   simsec/sec=13442   ev/simsec=775.385
     Messages:  created: 2   present: 2   in FES: 1

<!> Simulation stopped with endSimulation() -- in module (ScheduledAccessQueue) DectScheduledAccessNetwork.queue (id=2), at t=172.112416678335s, event #133453

Calling finish() at end of Run #474...

Preparing for running configuration MonetecFocusedSmallR, run #475...
Scenario: $r=7, $rho=0.195, $repetition=1
Assigned runID=MonetecFocusedSmallR-475-20260930-08:59:53-58
Setting up network "dect2020scheduledaccess.DectScheduledAccessNetwork"...
Initializing...

Running simulation...
** Event #0   t=0   Elapsed: 2.4e-05s (0m 00s)
     Speed:     ev/sec=0   simsec/sec=0   ev/simsec=0
     Messages:  created: 2   present: 2   in FES: 2
** Event #133213   t=172.121833345002   Elapsed: 0.012658s (0m 00s)
     Speed:     ev/sec=1.0544e+07   simsec/sec=13623.7   ev/simsec=773.948
     Messages:  created: 2   present: 2   in FES: 1

<!> Simulation stopped with endSimulation() -- in module (ScheduledAccessQueue) DectScheduledAccessNetwork.queue (id=2), at t=172.121833345002s, event #133213

Calling finish() at end of Run #475...

Preparing for running configuration MonetecFocusedSmallR, run #476...
Scenario: $r=7, $rho=0.195, $repetition=2
Assigned runID=MonetecFocusedSmallR-476-20260930-08:59:53-58
Setting up network "dect2020scheduledaccess.DectScheduledAccessNetwork"...
Initializing...

Running simulation...
** Event #0   t=0   Elapsed: 2.8e-05s (0m 00s)
     Speed:     ev/sec=0   simsec/sec=0   ev/simsec=0
     Messages:  created: 2   present: 2   in FES: 2
** Event #133129   t=172.112416678335   Elapsed: 0.012559s (0m 00s)
     Speed:     ev/sec=1.06248e+07   simsec/sec=13736   ev/simsec=773.502
     Messages:  created: 2   present: 2   in FES: 1

<!> Simulation stopped with endSimulation() -- in module (ScheduledAccessQueue) DectScheduledAccessNetwork.queue (id=2), at t=172.112416678335s, event #133129

Calling finish() at end of Run #476...

Preparing for running configuration MonetecFocusedSmallR, run #477...
Scenario: $r=7, $rho=0.200, $repetition=0
Assigned runID=MonetecFocusedSmallR-477-20260930-08:59:53-58
Setting up network "dect2020scheduledaccess.DectScheduledAccessNetwork"...
Initializing...

Running simulation...
** Event #0   t=0   Elapsed: 3e-06s (0m 00s)
     Speed:     ev/sec=0   simsec/sec=0   ev/simsec=0
     Messages:  created: 2   present: 2   in FES: 2
** Event #135514   t=172.112416678335   Elapsed: 0.013172s (0m 00s)
     Speed:     ev/sec=1.02912e+07   simsec/sec=13070.5   ev/simsec=787.358
     Messages:  created: 2   present: 2   in FES: 1

<!> Simulation stopped with endSimulation() -- in module (ScheduledAccessQueue) DectScheduledAccessNetwork.queue (id=2), at t=172.112416678335s, event #135514

Calling finish() at end of Run #477...

Preparing for running configuration MonetecFocusedSmallR, run #478...
Scenario: $r=7, $rho=0.200, $repetition=1
Assigned runID=MonetecFocusedSmallR-478-20260930-08:59:53-58
Setting up network "dect2020scheduledaccess.DectScheduledAccessNetwork"...
Initializing...

Running simulation...
** Event #0   t=0   Elapsed: 2.3e-05s (0m 00s)
     Speed:     ev/sec=0   simsec/sec=0   ev/simsec=0
     Messages:  created: 2   present: 2   in FES: 2
** Event #135287   t=172.121833345002   Elapsed: 0.012869s (0m 00s)
     Speed:     ev/sec=1.05314e+07   simsec/sec=13398.8   ev/simsec=785.997
     Messages:  created: 2   present: 2   in FES: 1

<!> Simulation stopped with endSimulation() -- in module (ScheduledAccessQueue) DectScheduledAccessNetwork.queue (id=2), at t=172.121833345002s, event #135287

Calling finish() at end of Run #478...

Preparing for running configuration MonetecFocusedSmallR, run #479...
Scenario: $r=7, $rho=0.200, $repetition=2
Assigned runID=MonetecFocusedSmallR-479-20260930-08:59:53-58
Setting up network "dect2020scheduledaccess.DectScheduledAccessNetwork"...
Initializing...

Running simulation...
** Event #0   t=0   Elapsed: 3e-06s (0m 00s)
     Speed:     ev/sec=0   simsec/sec=0   ev/simsec=0
     Messages:  created: 2   present: 2   in FES: 2
** Event #135174   t=172.122250011669   Elapsed: 0.012693s (0m 00s)
     Speed:     ev/sec=1.06528e+07   simsec/sec=13564.6   ev/simsec=785.339
     Messages:  created: 2   present: 2   in FES: 1

<!> Simulation stopped with endSimulation() -- in module (ScheduledAccessQueue) DectScheduledAccessNetwork.queue (id=2), at t=172.122250011669s, event #135174

Calling finish() at end of Run #479...

Preparing for running configuration MonetecFocusedSmallR, run #480...
Scenario: $r=7, $rho=0.205, $repetition=0
Assigned runID=MonetecFocusedSmallR-480-20260930-08:59:53-58
Setting up network "dect2020scheduledaccess.DectScheduledAccessNetwork"...
Initializing...

Running simulation...
** Event #0   t=0   Elapsed: 2.1e-05s (0m 00s)
     Speed:     ev/sec=0   simsec/sec=0   ev/simsec=0
     Messages:  created: 2   present: 2   in FES: 2
** Event #137533   t=172.112416678335   Elapsed: 0.013113s (0m 00s)
     Speed:     ev/sec=1.05051e+07   simsec/sec=13146.3   ev/simsec=799.09
     Messages:  created: 2   present: 2   in FES: 1

<!> Simulation stopped with endSimulation() -- in module (ScheduledAccessQueue) DectScheduledAccessNetwork.queue (id=2), at t=172.112416678335s, event #137533

Calling finish() at end of Run #480...

Preparing for running configuration MonetecFocusedSmallR, run #481...
Scenario: $r=7, $rho=0.205, $repetition=1
Assigned runID=MonetecFocusedSmallR-481-20260930-08:59:53-58
Setting up network "dect2020scheduledaccess.DectScheduledAccessNetwork"...
Initializing...

Running simulation...
** Event #0   t=0   Elapsed: 2.6e-05s (0m 00s)
     Speed:     ev/sec=0   simsec/sec=0   ev/simsec=0
     Messages:  created: 2   present: 2   in FES: 2
** Event #137367   t=172.121833345002   Elapsed: 0.013195s (0m 00s)
     Speed:     ev/sec=1.04319e+07   simsec/sec=13071.2   ev/simsec=798.082
     Messages:  created: 2   present: 2   in FES: 1

<!> Simulation stopped with endSimulation() -- in module (ScheduledAccessQueue) DectScheduledAccessNetwork.queue (id=2), at t=172.121833345002s, event #137367

Calling finish() at end of Run #481...

Preparing for running configuration MonetecFocusedSmallR, run #482...
Scenario: $r=7, $rho=0.205, $repetition=2
Assigned runID=MonetecFocusedSmallR-482-20260930-08:59:53-58
Setting up network "dect2020scheduledaccess.DectScheduledAccessNetwork"...
Initializing...

Running simulation...
** Event #0   t=0   Elapsed: 2.4e-05s (0m 00s)
     Speed:     ev/sec=0   simsec/sec=0   ev/simsec=0
     Messages:  created: 2   present: 2   in FES: 2
** Event #137274   t=172.112833345002   Elapsed: 0.013283s (0m 00s)
     Speed:     ev/sec=1.03541e+07   simsec/sec=12981.8   ev/simsec=797.583
     Messages:  created: 2   present: 2   in FES: 1

<!> Simulation stopped with endSimulation() -- in module (ScheduledAccessQueue) DectScheduledAccessNetwork.queue (id=2), at t=172.112833345002s, event #137274

Calling finish() at end of Run #482...

Preparing for running configuration MonetecFocusedSmallR, run #483...
Scenario: $r=7, $rho=0.210, $repetition=0
Assigned runID=MonetecFocusedSmallR-483-20260930-08:59:53-58
Setting up network "dect2020scheduledaccess.DectScheduledAccessNetwork"...
Initializing...

Running simulation...
** Event #0   t=0   Elapsed: 2.3e-05s (0m 00s)
     Speed:     ev/sec=0   simsec/sec=0   ev/simsec=0
     Messages:  created: 2   present: 2   in FES: 2
** Event #139679   t=172.112833345002   Elapsed: 0.013443s (0m 00s)
     Speed:     ev/sec=1.04083e+07   simsec/sec=12825.1   ev/simsec=811.557
     Messages:  created: 2   present: 2   in FES: 1

<!> Simulation stopped with endSimulation() -- in module (ScheduledAccessQueue) DectScheduledAccessNetwork.queue (id=2), at t=172.112833345002s, event #139679

Calling finish() at end of Run #483...

Preparing for running configuration MonetecFocusedSmallR, run #484...
Scenario: $r=7, $rho=0.210, $repetition=1
Assigned runID=MonetecFocusedSmallR-484-20260930-08:59:53-58
Setting up network "dect2020scheduledaccess.DectScheduledAccessNetwork"...
Initializing...

Running simulation...
** Event #0   t=0   Elapsed: 4e-06s (0m 00s)
     Speed:     ev/sec=0   simsec/sec=0   ev/simsec=0
     Messages:  created: 2   present: 2   in FES: 2
** Event #139359   t=172.121833345002   Elapsed: 0.013241s (0m 00s)
     Speed:     ev/sec=1.05272e+07   simsec/sec=13002.1   ev/simsec=809.655
     Messages:  created: 2   present: 2   in FES: 1

<!> Simulation stopped with endSimulation() -- in module (ScheduledAccessQueue) DectScheduledAccessNetwork.queue (id=2), at t=172.121833345002s, event #139359

Calling finish() at end of Run #484...

Preparing for running configuration MonetecFocusedSmallR, run #485...
Scenario: $r=7, $rho=0.210, $repetition=2
Assigned runID=MonetecFocusedSmallR-485-20260930-08:59:53-58
Setting up network "dect2020scheduledaccess.DectScheduledAccessNetwork"...
Initializing...

Running simulation...
** Event #0   t=0   Elapsed: 2.5e-05s (0m 00s)
     Speed:     ev/sec=0   simsec/sec=0   ev/simsec=0
     Messages:  created: 2   present: 2   in FES: 2
** Event #139353   t=172.112416678335   Elapsed: 0.013291s (0m 00s)
     Speed:     ev/sec=1.05045e+07   simsec/sec=12973.9   ev/simsec=809.665
     Messages:  created: 2   present: 2   in FES: 1

<!> Simulation stopped with endSimulation() -- in module (ScheduledAccessQueue) DectScheduledAccessNetwork.queue (id=2), at t=172.112416678335s, event #139353

Calling finish() at end of Run #485...

Preparing for running configuration MonetecFocusedSmallR, run #486...
Scenario: $r=7, $rho=0.215, $repetition=0
Assigned runID=MonetecFocusedSmallR-486-20260930-08:59:53-58
Setting up network "dect2020scheduledaccess.DectScheduledAccessNetwork"...
Initializing...

Running simulation...
** Event #0   t=0   Elapsed: 2.3e-05s (0m 00s)
     Speed:     ev/sec=0   simsec/sec=0   ev/simsec=0
     Messages:  created: 2   present: 2   in FES: 2
** Event #141765   t=172.112416678335   Elapsed: 0.013629s (0m 00s)
     Speed:     ev/sec=1.04193e+07   simsec/sec=12649.7   ev/simsec=823.679
     Messages:  created: 2   present: 2   in FES: 1

<!> Simulation stopped with endSimulation() -- in module (ScheduledAccessQueue) DectScheduledAccessNetwork.queue (id=2), at t=172.112416678335s, event #141765

Calling finish() at end of Run #486...

Preparing for running configuration MonetecFocusedSmallR, run #487...
Scenario: $r=7, $rho=0.215, $repetition=1
Assigned runID=MonetecFocusedSmallR-487-20260930-08:59:53-58
Setting up network "dect2020scheduledaccess.DectScheduledAccessNetwork"...
Initializing...

Running simulation...
** Event #0   t=0   Elapsed: 3e-06s (0m 00s)
     Speed:     ev/sec=0   simsec/sec=0   ev/simsec=0
     Messages:  created: 2   present: 2   in FES: 2
** Event #141405   t=172.121833345002   Elapsed: 0.013365s (0m 00s)
     Speed:     ev/sec=1.05826e+07   simsec/sec=12881.4   ev/simsec=821.542
     Messages:  created: 2   present: 2   in FES: 1

<!> Simulation stopped with endSimulation() -- in module (ScheduledAccessQueue) DectScheduledAccessNetwork.queue (id=2), at t=172.121833345002s, event #141405

Calling finish() at end of Run #487...

Preparing for running configuration MonetecFocusedSmallR, run #488...
Scenario: $r=7, $rho=0.215, $repetition=2
Assigned runID=MonetecFocusedSmallR-488-20260930-08:59:53-58
Setting up network "dect2020scheduledaccess.DectScheduledAccessNetwork"...
Initializing...

Running simulation...
** Event #0   t=0   Elapsed: 2.1e-05s (0m 00s)
     Speed:     ev/sec=0   simsec/sec=0   ev/simsec=0
     Messages:  created: 2   present: 2   in FES: 2
** Event #141434   t=172.112416678335   Elapsed: 0.013376s (0m 00s)
     Speed:     ev/sec=1.05903e+07   simsec/sec=12887.5   ev/simsec=821.756
     Messages:  created: 2   present: 2   in FES: 1

<!> Simulation stopped with endSimulation() -- in module (ScheduledAccessQueue) DectScheduledAccessNetwork.queue (id=2), at t=172.112416678335s, event #141434

Calling finish() at end of Run #488...

Preparing for running configuration MonetecFocusedSmallR, run #489...
Scenario: $r=7, $rho=0.220, $repetition=0
Assigned runID=MonetecFocusedSmallR-489-20260930-08:59:53-58
Setting up network "dect2020scheduledaccess.DectScheduledAccessNetwork"...
Initializing...

Running simulation...
** Event #0   t=0   Elapsed: 3e-06s (0m 00s)
     Speed:     ev/sec=0   simsec/sec=0   ev/simsec=0
     Messages:  created: 2   present: 2   in FES: 2
** Event #143874   t=172.112416678335   Elapsed: 0.013658s (0m 00s)
     Speed:     ev/sec=1.05364e+07   simsec/sec=12604.3   ev/simsec=835.932
     Messages:  created: 2   present: 2   in FES: 1

<!> Simulation stopped with endSimulation() -- in module (ScheduledAccessQueue) DectScheduledAccessNetwork.queue (id=2), at t=172.112416678335s, event #143874

Calling finish() at end of Run #489...

Preparing for running configuration MonetecFocusedSmallR, run #490...
Scenario: $r=7, $rho=0.220, $repetition=1
Assigned runID=MonetecFocusedSmallR-490-20260930-08:59:53-58
Setting up network "dect2020scheduledaccess.DectScheduledAccessNetwork"...
Initializing...

Running simulation...
** Event #0   t=0   Elapsed: 2.2e-05s (0m 00s)
     Speed:     ev/sec=0   simsec/sec=0   ev/simsec=0
     Messages:  created: 2   present: 2   in FES: 2
** Event #143508   t=172.121833345002   Elapsed: 0.013614s (0m 00s)
     Speed:     ev/sec=1.05583e+07   simsec/sec=12663.4   ev/simsec=833.76
     Messages:  created: 2   present: 2   in FES: 1

<!> Simulation stopped with endSimulation() -- in module (ScheduledAccessQueue) DectScheduledAccessNetwork.queue (id=2), at t=172.121833345002s, event #143508

Calling finish() at end of Run #490...

Preparing for running configuration MonetecFocusedSmallR, run #491...
Scenario: $r=7, $rho=0.220, $repetition=2
Assigned runID=MonetecFocusedSmallR-491-20260930-08:59:53-58
Setting up network "dect2020scheduledaccess.DectScheduledAccessNetwork"...
Initializing...

Running simulation...
** Event #0   t=0   Elapsed: 3e-06s (0m 00s)
     Speed:     ev/sec=0   simsec/sec=0   ev/simsec=0
     Messages:  created: 2   present: 2   in FES: 2
** Event #143442   t=172.103000011668   Elapsed: 0.013648s (0m 00s)
     Speed:     ev/sec=1.05124e+07   simsec/sec=12612.9   ev/simsec=833.468
     Messages:  created: 2   present: 2   in FES: 1

<!> Simulation stopped with endSimulation() -- in module (ScheduledAccessQueue) DectScheduledAccessNetwork.queue (id=2), at t=172.103000011668s, event #143442

Calling finish() at end of Run #491...

Preparing for running configuration MonetecFocusedSmallR, run #492...
Scenario: $r=7, $rho=0.225, $repetition=0
Assigned runID=MonetecFocusedSmallR-492-20260930-08:59:53-58
Setting up network "dect2020scheduledaccess.DectScheduledAccessNetwork"...
Initializing...

Running simulation...
** Event #0   t=0   Elapsed: 3e-06s (0m 00s)
     Speed:     ev/sec=0   simsec/sec=0   ev/simsec=0
     Messages:  created: 2   present: 2   in FES: 2
** Event #145998   t=172.112416678335   Elapsed: 0.013913s (0m 00s)
     Speed:     ev/sec=1.04959e+07   simsec/sec=12373.3   ev/simsec=848.273
     Messages:  created: 2   present: 2   in FES: 1

<!> Simulation stopped with endSimulation() -- in module (ScheduledAccessQueue) DectScheduledAccessNetwork.queue (id=2), at t=172.112416678335s, event #145998

Calling finish() at end of Run #492...

Preparing for running configuration MonetecFocusedSmallR, run #493...
Scenario: $r=7, $rho=0.225, $repetition=1
Assigned runID=MonetecFocusedSmallR-493-20260930-08:59:53-58
Setting up network "dect2020scheduledaccess.DectScheduledAccessNetwork"...
Initializing...

Running simulation...
** Event #0   t=0   Elapsed: 2.5e-05s (0m 00s)
     Speed:     ev/sec=0   simsec/sec=0   ev/simsec=0
     Messages:  created: 2   present: 2   in FES: 2
** Event #145603   t=172.121833345002   Elapsed: 0.013923s (0m 00s)
     Speed:     ev/sec=1.04765e+07   simsec/sec=12384.6   ev/simsec=845.932
     Messages:  created: 2   present: 2   in FES: 1

<!> Simulation stopped with endSimulation() -- in module (ScheduledAccessQueue) DectScheduledAccessNetwork.queue (id=2), at t=172.121833345002s, event #145603

Calling finish() at end of Run #493...

Preparing for running configuration MonetecFocusedSmallR, run #494...
Scenario: $r=7, $rho=0.225, $repetition=2
Assigned runID=MonetecFocusedSmallR-494-20260930-08:59:53-58
Setting up network "dect2020scheduledaccess.DectScheduledAccessNetwork"...
Initializing...

Running simulation...
** Event #0   t=0   Elapsed: 2.3e-05s (0m 00s)
     Speed:     ev/sec=0   simsec/sec=0   ev/simsec=0
     Messages:  created: 2   present: 2   in FES: 2
** Event #145541   t=172.112833345002   Elapsed: 0.014045s (0m 00s)
     Speed:     ev/sec=1.03802e+07   simsec/sec=12275.4   ev/simsec=845.614
     Messages:  created: 2   present: 2   in FES: 1

<!> Simulation stopped with endSimulation() -- in module (ScheduledAccessQueue) DectScheduledAccessNetwork.queue (id=2), at t=172.112833345002s, event #145541

Calling finish() at end of Run #494...

Preparing for running configuration MonetecFocusedSmallR, run #495...
Scenario: $r=7, $rho=0.230, $repetition=0
Assigned runID=MonetecFocusedSmallR-495-20260930-08:59:53-58
Setting up network "dect2020scheduledaccess.DectScheduledAccessNetwork"...
Initializing...

Running simulation...
** Event #0   t=0   Elapsed: 3e-06s (0m 00s)
     Speed:     ev/sec=0   simsec/sec=0   ev/simsec=0
     Messages:  created: 2   present: 2   in FES: 2
** Event #148081   t=172.112416678335   Elapsed: 0.014357s (0m 00s)
     Speed:     ev/sec=1.03171e+07   simsec/sec=11991.4   ev/simsec=860.376
     Messages:  created: 2   present: 2   in FES: 1

<!> Simulation stopped with endSimulation() -- in module (ScheduledAccessQueue) DectScheduledAccessNetwork.queue (id=2), at t=172.112416678335s, event #148081

Calling finish() at end of Run #495...

Preparing for running configuration MonetecFocusedSmallR, run #496...
Scenario: $r=7, $rho=0.230, $repetition=1
Assigned runID=MonetecFocusedSmallR-496-20260930-08:59:53-58
Setting up network "dect2020scheduledaccess.DectScheduledAccessNetwork"...
Initializing...

Running simulation...
** Event #0   t=0   Elapsed: 2e-05s (0m 00s)
     Speed:     ev/sec=0   simsec/sec=0   ev/simsec=0
     Messages:  created: 2   present: 2   in FES: 2
** Event #147619   t=172.112000011668   Elapsed: 0.014122s (0m 00s)
     Speed:     ev/sec=1.04679e+07   simsec/sec=12204.8   ev/simsec=857.694
     Messages:  created: 2   present: 2   in FES: 1

<!> Simulation stopped with endSimulation() -- in module (ScheduledAccessQueue) DectScheduledAccessNetwork.queue (id=2), at t=172.112000011668s, event #147619

Calling finish() at end of Run #496...

Preparing for running configuration MonetecFocusedSmallR, run #497...
Scenario: $r=7, $rho=0.230, $repetition=2
Assigned runID=MonetecFocusedSmallR-497-20260930-08:59:53-58
Setting up network "dect2020scheduledaccess.DectScheduledAccessNetwork"...
Initializing...

Running simulation...
** Event #0   t=0   Elapsed: 3e-06s (0m 00s)
     Speed:     ev/sec=0   simsec/sec=0   ev/simsec=0
     Messages:  created: 2   present: 2   in FES: 2
** Event #147589   t=172.112416678335   Elapsed: 0.014146s (0m 00s)
     Speed:     ev/sec=1.04355e+07   simsec/sec=12169.4   ev/simsec=857.517
     Messages:  created: 2   present: 2   in FES: 1

<!> Simulation stopped with endSimulation() -- in module (ScheduledAccessQueue) DectScheduledAccessNetwork.queue (id=2), at t=172.112416678335s, event #147589

Calling finish() at end of Run #497...

Preparing for running configuration MonetecFocusedSmallR, run #498...
Scenario: $r=7, $rho=0.235, $repetition=0
Assigned runID=MonetecFocusedSmallR-498-20260930-08:59:53-58
Setting up network "dect2020scheduledaccess.DectScheduledAccessNetwork"...
Initializing...

Running simulation...
** Event #0   t=0   Elapsed: 1.8e-05s (0m 00s)
     Speed:     ev/sec=0   simsec/sec=0   ev/simsec=0
     Messages:  created: 2   present: 2   in FES: 2
** Event #150199   t=172.112833345002   Elapsed: 0.014444s (0m 00s)
     Speed:     ev/sec=1.0411e+07   simsec/sec=11929.9   ev/simsec=872.68
     Messages:  created: 2   present: 2   in FES: 1

<!> Simulation stopped with endSimulation() -- in module (ScheduledAccessQueue) DectScheduledAccessNetwork.queue (id=2), at t=172.112833345002s, event #150199

Calling finish() at end of Run #498...

Preparing for running configuration MonetecFocusedSmallR, run #499...
Scenario: $r=7, $rho=0.235, $repetition=1
Assigned runID=MonetecFocusedSmallR-499-20260930-08:59:53-58
Setting up network "dect2020scheduledaccess.DectScheduledAccessNetwork"...
Initializing...

Running simulation...
** Event #0   t=0   Elapsed: 3e-06s (0m 00s)
     Speed:     ev/sec=0   simsec/sec=0   ev/simsec=0
     Messages:  created: 2   present: 2   in FES: 2
** Event #149771   t=172.121833345002   Elapsed: 0.014428s (0m 00s)
     Speed:     ev/sec=1.03827e+07   simsec/sec=11932.2   ev/simsec=870.147
     Messages:  created: 2   present: 2   in FES: 1

<!> Simulation stopped with endSimulation() -- in module (ScheduledAccessQueue) DectScheduledAccessNetwork.queue (id=2), at t=172.121833345002s, event #149771

Calling finish() at end of Run #499...

Preparing for running configuration MonetecFocusedSmallR, run #500...
Scenario: $r=7, $rho=0.235, $repetition=2
Assigned runID=MonetecFocusedSmallR-500-20260930-08:59:53-58
Setting up network "dect2020scheduledaccess.DectScheduledAccessNetwork"...
Initializing...

Running simulation...
** Event #0   t=0   Elapsed: 4e-06s (0m 00s)
     Speed:     ev/sec=0   simsec/sec=0   ev/simsec=0
     Messages:  created: 2   present: 2   in FES: 2
** Event #149584   t=172.112416678335   Elapsed: 0.014264s (0m 00s)
     Speed:     ev/sec=1.0489e+07   simsec/sec=12068.7   ev/simsec=869.108
     Messages:  created: 2   present: 2   in FES: 1

<!> Simulation stopped with endSimulation() -- in module (ScheduledAccessQueue) DectScheduledAccessNetwork.queue (id=2), at t=172.112416678335s, event #149584

Calling finish() at end of Run #500...

Preparing for running configuration MonetecFocusedSmallR, run #501...
Scenario: $r=7, $rho=0.240, $repetition=0
Assigned runID=MonetecFocusedSmallR-501-20260930-08:59:53-58
Setting up network "dect2020scheduledaccess.DectScheduledAccessNetwork"...
Initializing...

Running simulation...
** Event #0   t=0   Elapsed: 3e-06s (0m 00s)
     Speed:     ev/sec=0   simsec/sec=0   ev/simsec=0
     Messages:  created: 2   present: 2   in FES: 2
** Event #152247   t=172.112416678335   Elapsed: 0.014545s (0m 00s)
     Speed:     ev/sec=1.04702e+07   simsec/sec=11836.3   ev/simsec=884.581
     Messages:  created: 2   present: 2   in FES: 1

<!> Simulation stopped with endSimulation() -- in module (ScheduledAccessQueue) DectScheduledAccessNetwork.queue (id=2), at t=172.112416678335s, event #152247

Calling finish() at end of Run #501...

Preparing for running configuration MonetecFocusedSmallR, run #502...
Scenario: $r=7, $rho=0.240, $repetition=1
Assigned runID=MonetecFocusedSmallR-502-20260930-08:59:53-58
Setting up network "dect2020scheduledaccess.DectScheduledAccessNetwork"...
Initializing...

Running simulation...
** Event #0   t=0   Elapsed: 3e-06s (0m 00s)
     Speed:     ev/sec=0   simsec/sec=0   ev/simsec=0
     Messages:  created: 2   present: 2   in FES: 2
** Event #151881   t=172.112416678335   Elapsed: 0.01458s (0m 00s)
     Speed:     ev/sec=1.04199e+07   simsec/sec=11807.9   ev/simsec=882.454
     Messages:  created: 2   present: 2   in FES: 1

<!> Simulation stopped with endSimulation() -- in module (ScheduledAccessQueue) DectScheduledAccessNetwork.queue (id=2), at t=172.112416678335s, event #151881

Calling finish() at end of Run #502...

Preparing for running configuration MonetecFocusedSmallR, run #503...
Scenario: $r=7, $rho=0.240, $repetition=2
Assigned runID=MonetecFocusedSmallR-503-20260930-08:59:53-58
Setting up network "dect2020scheduledaccess.DectScheduledAccessNetwork"...
Initializing...

Running simulation...
** Event #0   t=0   Elapsed: 3e-06s (0m 00s)
     Speed:     ev/sec=0   simsec/sec=0   ev/simsec=0
     Messages:  created: 2   present: 2   in FES: 2
** Event #151664   t=172.112833345002   Elapsed: 0.014472s (0m 00s)
     Speed:     ev/sec=1.0482e+07   simsec/sec=11895.3   ev/simsec=881.192
     Messages:  created: 2   present: 2   in FES: 1

<!> Simulation stopped with endSimulation() -- in module (ScheduledAccessQueue) DectScheduledAccessNetwork.queue (id=2), at t=172.112833345002s, event #151664

Calling finish() at end of Run #503...

Preparing for running configuration MonetecFocusedSmallR, run #504...
Scenario: $r=7, $rho=0.245, $repetition=0
Assigned runID=MonetecFocusedSmallR-504-20260930-08:59:53-58
Setting up network "dect2020scheduledaccess.DectScheduledAccessNetwork"...
Initializing...

Running simulation...
** Event #0   t=0   Elapsed: 3e-06s (0m 00s)
     Speed:     ev/sec=0   simsec/sec=0   ev/simsec=0
     Messages:  created: 2   present: 2   in FES: 2
** Event #154245   t=172.112416678335   Elapsed: 0.014758s (0m 00s)
     Speed:     ev/sec=1.04545e+07   simsec/sec=11665.4   ev/simsec=896.19
     Messages:  created: 2   present: 2   in FES: 1

<!> Simulation stopped with endSimulation() -- in module (ScheduledAccessQueue) DectScheduledAccessNetwork.queue (id=2), at t=172.112416678335s, event #154245

Calling finish() at end of Run #504...

Preparing for running configuration MonetecFocusedSmallR, run #505...
Scenario: $r=7, $rho=0.245, $repetition=1
Assigned runID=MonetecFocusedSmallR-505-20260930-08:59:53-58
Setting up network "dect2020scheduledaccess.DectScheduledAccessNetwork"...
Initializing...

Running simulation...
** Event #0   t=0   Elapsed: 3e-06s (0m 00s)
     Speed:     ev/sec=0   simsec/sec=0   ev/simsec=0
     Messages:  created: 2   present: 2   in FES: 2
** Event #153957   t=172.121833345002   Elapsed: 0.014655s (0m 00s)
     Speed:     ev/sec=1.05069e+07   simsec/sec=11746.5   ev/simsec=894.467
     Messages:  created: 2   present: 2   in FES: 1

<!> Simulation stopped with endSimulation() -- in module (ScheduledAccessQueue) DectScheduledAccessNetwork.queue (id=2), at t=172.121833345002s, event #153957

Calling finish() at end of Run #505...

Preparing for running configuration MonetecFocusedSmallR, run #506...
Scenario: $r=7, $rho=0.245, $repetition=2
Assigned runID=MonetecFocusedSmallR-506-20260930-08:59:53-58
Setting up network "dect2020scheduledaccess.DectScheduledAccessNetwork"...
Initializing...

Running simulation...
** Event #0   t=0   Elapsed: 3e-06s (0m 00s)
     Speed:     ev/sec=0   simsec/sec=0   ev/simsec=0
     Messages:  created: 2   present: 2   in FES: 2
** Event #153653   t=172.112416678335   Elapsed: 0.014569s (0m 00s)
     Speed:     ev/sec=1.05487e+07   simsec/sec=11816   ev/simsec=892.75
     Messages:  created: 2   present: 2   in FES: 1

<!> Simulation stopped with endSimulation() -- in module (ScheduledAccessQueue) DectScheduledAccessNetwork.queue (id=2), at t=172.112416678335s, event #153653

Calling finish() at end of Run #506...

Preparing for running configuration MonetecFocusedSmallR, run #507...
Scenario: $r=7, $rho=0.250, $repetition=0
Assigned runID=MonetecFocusedSmallR-507-20260930-08:59:53-58
Setting up network "dect2020scheduledaccess.DectScheduledAccessNetwork"...
Initializing...

Running simulation...
** Event #0   t=0   Elapsed: 3e-06s (0m 00s)
     Speed:     ev/sec=0   simsec/sec=0   ev/simsec=0
     Messages:  created: 2   present: 2   in FES: 2
** Event #156281   t=172.112416678335   Elapsed: 0.014792s (0m 00s)
     Speed:     ev/sec=1.05674e+07   simsec/sec=11637.8   ev/simsec=908.019
     Messages:  created: 2   present: 2   in FES: 1

<!> Simulation stopped with endSimulation() -- in module (ScheduledAccessQueue) DectScheduledAccessNetwork.queue (id=2), at t=172.112416678335s, event #156281

Calling finish() at end of Run #507...

Preparing for running configuration MonetecFocusedSmallR, run #508...
Scenario: $r=7, $rho=0.250, $repetition=1
Assigned runID=MonetecFocusedSmallR-508-20260930-08:59:53-58
Setting up network "dect2020scheduledaccess.DectScheduledAccessNetwork"...
Initializing...

Running simulation...
** Event #0   t=0   Elapsed: 3e-06s (0m 00s)
     Speed:     ev/sec=0   simsec/sec=0   ev/simsec=0
     Messages:  created: 2   present: 2   in FES: 2
** Event #155993   t=172.122250011669   Elapsed: 0.014799s (0m 00s)
     Speed:     ev/sec=1.05436e+07   simsec/sec=11633.8   ev/simsec=906.294
     Messages:  created: 2   present: 2   in FES: 1

<!> Simulation stopped with endSimulation() -- in module (ScheduledAccessQueue) DectScheduledAccessNetwork.queue (id=2), at t=172.122250011669s, event #155993

Calling finish() at end of Run #508...

Preparing for running configuration MonetecFocusedSmallR, run #509...
Scenario: $r=7, $rho=0.250, $repetition=2
Assigned runID=MonetecFocusedSmallR-509-20260930-08:59:53-58
Setting up network "dect2020scheduledaccess.DectScheduledAccessNetwork"...
Initializing...

Running simulation...
** Event #0   t=0   Elapsed: 3e-06s (0m 00s)
     Speed:     ev/sec=0   simsec/sec=0   ev/simsec=0
     Messages:  created: 2   present: 2   in FES: 2
** Event #155770   t=172.112416678335   Elapsed: 0.014837s (0m 00s)
     Speed:     ev/sec=1.05009e+07   simsec/sec=11602.5   ev/simsec=905.05
     Messages:  created: 2   present: 2   in FES: 1

<!> Simulation stopped with endSimulation() -- in module (ScheduledAccessQueue) DectScheduledAccessNetwork.queue (id=2), at t=172.112416678335s, event #155770

Calling finish() at end of Run #509...

Preparing for running configuration MonetecFocusedSmallR, run #510...
Scenario: $r=7, $rho=0.255, $repetition=0
Assigned runID=MonetecFocusedSmallR-510-20260930-08:59:53-58
Setting up network "dect2020scheduledaccess.DectScheduledAccessNetwork"...
Initializing...

Running simulation...
** Event #0   t=0   Elapsed: 3e-06s (0m 00s)
     Speed:     ev/sec=0   simsec/sec=0   ev/simsec=0
     Messages:  created: 2   present: 2   in FES: 2
** Event #158288   t=172.103000011668   Elapsed: 0.015197s (0m 00s)
     Speed:     ev/sec=1.04178e+07   simsec/sec=11327   ev/simsec=919.731
     Messages:  created: 2   present: 2   in FES: 1

<!> Simulation stopped with endSimulation() -- in module (ScheduledAccessQueue) DectScheduledAccessNetwork.queue (id=2), at t=172.103000011668s, event #158288

Calling finish() at end of Run #510...

Preparing for running configuration MonetecFocusedSmallR, run #511...
Scenario: $r=7, $rho=0.255, $repetition=1
Assigned runID=MonetecFocusedSmallR-511-20260930-08:59:53-58
Setting up network "dect2020scheduledaccess.DectScheduledAccessNetwork"...
Initializing...

Running simulation...
** Event #0   t=0   Elapsed: 3e-06s (0m 00s)
     Speed:     ev/sec=0   simsec/sec=0   ev/simsec=0
     Messages:  created: 2   present: 2   in FES: 2
** Event #158082   t=172.121833345002   Elapsed: 0.015579s (0m 00s)
     Speed:     ev/sec=1.01491e+07   simsec/sec=11050.4   ev/simsec=918.433
     Messages:  created: 2   present: 2   in FES: 1

<!> Simulation stopped with endSimulation() -- in module (ScheduledAccessQueue) DectScheduledAccessNetwork.queue (id=2), at t=172.121833345002s, event #158082

Calling finish() at end of Run #511...

Preparing for running configuration MonetecFocusedSmallR, run #512...
Scenario: $r=7, $rho=0.255, $repetition=2
Assigned runID=MonetecFocusedSmallR-512-20260930-08:59:54-58
Setting up network "dect2020scheduledaccess.DectScheduledAccessNetwork"...
Initializing...

Running simulation...
** Event #0   t=0   Elapsed: 3e-06s (0m 00s)
     Speed:     ev/sec=0   simsec/sec=0   ev/simsec=0
     Messages:  created: 2   present: 2   in FES: 2
** Event #157766   t=172.112833345002   Elapsed: 0.015073s (0m 00s)
     Speed:     ev/sec=1.04682e+07   simsec/sec=11420.1   ev/simsec=916.645
     Messages:  created: 2   present: 2   in FES: 1

<!> Simulation stopped with endSimulation() -- in module (ScheduledAccessQueue) DectScheduledAccessNetwork.queue (id=2), at t=172.112833345002s, event #157766

Calling finish() at end of Run #512...

Preparing for running configuration MonetecFocusedSmallR, run #513...
Scenario: $r=7, $rho=0.260, $repetition=0
Assigned runID=MonetecFocusedSmallR-513-20260930-08:59:54-58
Setting up network "dect2020scheduledaccess.DectScheduledAccessNetwork"...
Initializing...

Running simulation...
** Event #0   t=0   Elapsed: 3e-06s (0m 00s)
     Speed:     ev/sec=0   simsec/sec=0   ev/simsec=0
     Messages:  created: 2   present: 2   in FES: 2
** Event #160411   t=172.112833345002   Elapsed: 0.015461s (0m 00s)
     Speed:     ev/sec=1.03772e+07   simsec/sec=11134.2   ev/simsec=932.013
     Messages:  created: 2   present: 2   in FES: 1

<!> Simulation stopped with endSimulation() -- in module (ScheduledAccessQueue) DectScheduledAccessNetwork.queue (id=2), at t=172.112833345002s, event #160411

Calling finish() at end of Run #513...

Preparing for running configuration MonetecFocusedSmallR, run #514...
Scenario: $r=7, $rho=0.260, $repetition=1
Assigned runID=MonetecFocusedSmallR-514-20260930-08:59:54-58
Setting up network "dect2020scheduledaccess.DectScheduledAccessNetwork"...
Initializing...

Running simulation...
** Event #0   t=0   Elapsed: 2e-06s (0m 00s)
     Speed:     ev/sec=0   simsec/sec=0   ev/simsec=0
     Messages:  created: 2   present: 2   in FES: 2
** Event #160204   t=172.121833345002   Elapsed: 0.015278s (0m 00s)
     Speed:     ev/sec=1.04873e+07   simsec/sec=11267.4   ev/simsec=930.762
     Messages:  created: 2   present: 2   in FES: 1

<!> Simulation stopped with endSimulation() -- in module (ScheduledAccessQueue) DectScheduledAccessNetwork.queue (id=2), at t=172.121833345002s, event #160204

Calling finish() at end of Run #514...

Preparing for running configuration MonetecFocusedSmallR, run #515...
Scenario: $r=7, $rho=0.260, $repetition=2
Assigned runID=MonetecFocusedSmallR-515-20260930-08:59:54-58
Setting up network "dect2020scheduledaccess.DectScheduledAccessNetwork"...
Initializing...

Running simulation...
** Event #0   t=0   Elapsed: 6e-06s (0m 00s)
     Speed:     ev/sec=0   simsec/sec=0   ev/simsec=0
     Messages:  created: 2   present: 2   in FES: 2
** Event #159809   t=172.112416678335   Elapsed: 0.015367s (0m 00s)
     Speed:     ev/sec=1.04042e+07   simsec/sec=11205.2   ev/simsec=928.517
     Messages:  created: 2   present: 2   in FES: 1

<!> Simulation stopped with endSimulation() -- in module (ScheduledAccessQueue) DectScheduledAccessNetwork.queue (id=2), at t=172.112416678335s, event #159809

Calling finish() at end of Run #515...

Preparing for running configuration MonetecFocusedSmallR, run #516...
Scenario: $r=7, $rho=0.265, $repetition=0
Assigned runID=MonetecFocusedSmallR-516-20260930-08:59:54-58
Setting up network "dect2020scheduledaccess.DectScheduledAccessNetwork"...
Initializing...

Running simulation...
** Event #0   t=0   Elapsed: 3e-06s (0m 00s)
     Speed:     ev/sec=0   simsec/sec=0   ev/simsec=0
     Messages:  created: 2   present: 2   in FES: 2
** Event #162521   t=172.112833345002   Elapsed: 0.015619s (0m 00s)
     Speed:     ev/sec=1.0408e+07   simsec/sec=11022.3   ev/simsec=944.272
     Messages:  created: 2   present: 2   in FES: 1

<!> Simulation stopped with endSimulation() -- in module (ScheduledAccessQueue) DectScheduledAccessNetwork.queue (id=2), at t=172.112833345002s, event #162521

Calling finish() at end of Run #516...

Preparing for running configuration MonetecFocusedSmallR, run #517...
Scenario: $r=7, $rho=0.265, $repetition=1
Assigned runID=MonetecFocusedSmallR-517-20260930-08:59:54-58
Setting up network "dect2020scheduledaccess.DectScheduledAccessNetwork"...
Initializing...

Running simulation...
** Event #0   t=0   Elapsed: 4e-06s (0m 00s)
     Speed:     ev/sec=0   simsec/sec=0   ev/simsec=0
     Messages:  created: 2   present: 2   in FES: 2
** Event #162316   t=172.121833345002   Elapsed: 0.015676s (0m 00s)
     Speed:     ev/sec=1.03564e+07   simsec/sec=10982   ev/simsec=943.032
     Messages:  created: 2   present: 2   in FES: 1

<!> Simulation stopped with endSimulation() -- in module (ScheduledAccessQueue) DectScheduledAccessNetwork.queue (id=2), at t=172.121833345002s, event #162316

Calling finish() at end of Run #517...

Preparing for running configuration MonetecFocusedSmallR, run #518...
Scenario: $r=7, $rho=0.265, $repetition=2
Assigned runID=MonetecFocusedSmallR-518-20260930-08:59:54-58
Setting up network "dect2020scheduledaccess.DectScheduledAccessNetwork"...
Initializing...

Running simulation...
** Event #0   t=0   Elapsed: 3e-06s (0m 00s)
     Speed:     ev/sec=0   simsec/sec=0   ev/simsec=0
     Messages:  created: 2   present: 2   in FES: 2
** Event #161860   t=172.112416678335   Elapsed: 0.015417s (0m 00s)
     Speed:     ev/sec=1.05008e+07   simsec/sec=11166   ev/simsec=940.434
     Messages:  created: 2   present: 2   in FES: 1

<!> Simulation stopped with endSimulation() -- in module (ScheduledAccessQueue) DectScheduledAccessNetwork.queue (id=2), at t=172.112416678335s, event #161860

Calling finish() at end of Run #518...

Preparing for running configuration MonetecFocusedSmallR, run #519...
Scenario: $r=7, $rho=0.270, $repetition=0
Assigned runID=MonetecFocusedSmallR-519-20260930-08:59:54-58
Setting up network "dect2020scheduledaccess.DectScheduledAccessNetwork"...
Initializing...

Running simulation...
** Event #0   t=0   Elapsed: 3e-06s (0m 00s)
     Speed:     ev/sec=0   simsec/sec=0   ev/simsec=0
     Messages:  created: 2   present: 2   in FES: 2
** Event #164616   t=172.112833345002   Elapsed: 0.015824s (0m 00s)
     Speed:     ev/sec=1.04056e+07   simsec/sec=10879.4   ev/simsec=956.443
     Messages:  created: 2   present: 2   in FES: 1

<!> Simulation stopped with endSimulation() -- in module (ScheduledAccessQueue) DectScheduledAccessNetwork.queue (id=2), at t=172.112833345002s, event #164616

Calling finish() at end of Run #519...

Preparing for running configuration MonetecFocusedSmallR, run #520...
Scenario: $r=7, $rho=0.270, $repetition=1
Assigned runID=MonetecFocusedSmallR-520-20260930-08:59:54-58
Setting up network "dect2020scheduledaccess.DectScheduledAccessNetwork"...
Initializing...

Running simulation...
** Event #0   t=0   Elapsed: 2.3e-05s (0m 00s)
     Speed:     ev/sec=0   simsec/sec=0   ev/simsec=0
     Messages:  created: 2   present: 2   in FES: 2
** Event #164414   t=172.122250011669   Elapsed: 0.015657s (0m 00s)
     Speed:     ev/sec=1.05171e+07   simsec/sec=11010.2   ev/simsec=955.219
     Messages:  created: 2   present: 2   in FES: 1

<!> Simulation stopped with endSimulation() -- in module (ScheduledAccessQueue) DectScheduledAccessNetwork.queue (id=2), at t=172.122250011669s, event #164414

Calling finish() at end of Run #520...

Preparing for running configuration MonetecFocusedSmallR, run #521...
Scenario: $r=7, $rho=0.270, $repetition=2
Assigned runID=MonetecFocusedSmallR-521-20260930-08:59:54-58
Setting up network "dect2020scheduledaccess.DectScheduledAccessNetwork"...
Initializing...

Running simulation...
** Event #0   t=0   Elapsed: 1.5e-05s (0m 00s)
     Speed:     ev/sec=0   simsec/sec=0   ev/simsec=0
     Messages:  created: 2   present: 2   in FES: 2
** Event #163945   t=172.112416678335   Elapsed: 0.015639s (0m 00s)
     Speed:     ev/sec=1.04938e+07   simsec/sec=11016.6   ev/simsec=952.548
     Messages:  created: 2   present: 2   in FES: 1

<!> Simulation stopped with endSimulation() -- in module (ScheduledAccessQueue) DectScheduledAccessNetwork.queue (id=2), at t=172.112416678335s, event #163945

Calling finish() at end of Run #521...

Preparing for running configuration MonetecFocusedSmallR, run #522...
Scenario: $r=7, $rho=0.275, $repetition=0
Assigned runID=MonetecFocusedSmallR-522-20260930-08:59:54-58
Setting up network "dect2020scheduledaccess.DectScheduledAccessNetwork"...
Initializing...

Running simulation...
** Event #0   t=0   Elapsed: 3e-06s (0m 00s)
     Speed:     ev/sec=0   simsec/sec=0   ev/simsec=0
     Messages:  created: 2   present: 2   in FES: 2
** Event #166713   t=172.112833345002   Elapsed: 0.015973s (0m 00s)
     Speed:     ev/sec=1.04391e+07   simsec/sec=10777.2   ev/simsec=968.629
     Messages:  created: 2   present: 2   in FES: 1

<!> Simulation stopped with endSimulation() -- in module (ScheduledAccessQueue) DectScheduledAccessNetwork.queue (id=2), at t=172.112833345002s, event #166713

Calling finish() at end of Run #522...

Preparing for running configuration MonetecFocusedSmallR, run #523...
Scenario: $r=7, $rho=0.275, $repetition=1
Assigned runID=MonetecFocusedSmallR-523-20260930-08:59:54-58
Setting up network "dect2020scheduledaccess.DectScheduledAccessNetwork"...
Initializing...

Running simulation...
** Event #0   t=0   Elapsed: 2.6e-05s (0m 00s)
     Speed:     ev/sec=0   simsec/sec=0   ev/simsec=0
     Messages:  created: 2   present: 2   in FES: 2
** Event #166521   t=172.121833345002   Elapsed: 0.015942s (0m 00s)
     Speed:     ev/sec=1.04625e+07   simsec/sec=10814.4   ev/simsec=967.461
     Messages:  created: 2   present: 2   in FES: 1

<!> Simulation stopped with endSimulation() -- in module (ScheduledAccessQueue) DectScheduledAccessNetwork.queue (id=2), at t=172.121833345002s, event #166521

Calling finish() at end of Run #523...

Preparing for running configuration MonetecFocusedSmallR, run #524...
Scenario: $r=7, $rho=0.275, $repetition=2
Assigned runID=MonetecFocusedSmallR-524-20260930-08:59:54-58
Setting up network "dect2020scheduledaccess.DectScheduledAccessNetwork"...
Initializing...

Running simulation...
** Event #0   t=0   Elapsed: 2.4e-05s (0m 00s)
     Speed:     ev/sec=0   simsec/sec=0   ev/simsec=0
     Messages:  created: 2   present: 2   in FES: 2
** Event #166065   t=172.122250011669   Elapsed: 0.015818s (0m 00s)
     Speed:     ev/sec=1.05144e+07   simsec/sec=10897.9   ev/simsec=964.811
     Messages:  created: 2   present: 2   in FES: 1

<!> Simulation stopped with endSimulation() -- in module (ScheduledAccessQueue) DectScheduledAccessNetwork.queue (id=2), at t=172.122250011669s, event #166065

Calling finish() at end of Run #524...

Preparing for running configuration MonetecFocusedSmallR, run #525...
Scenario: $r=7, $rho=0.280, $repetition=0
Assigned runID=MonetecFocusedSmallR-525-20260930-08:59:54-58
Setting up network "dect2020scheduledaccess.DectScheduledAccessNetwork"...
Initializing...

Running simulation...
** Event #0   t=0   Elapsed: 2.1e-05s (0m 00s)
     Speed:     ev/sec=0   simsec/sec=0   ev/simsec=0
     Messages:  created: 2   present: 2   in FES: 2
** Event #168805   t=172.112416678335   Elapsed: 0.016523s (0m 00s)
     Speed:     ev/sec=1.023e+07   simsec/sec=10430.4   ev/simsec=980.785
     Messages:  created: 2   present: 2   in FES: 1

<!> Simulation stopped with endSimulation() -- in module (ScheduledAccessQueue) DectScheduledAccessNetwork.queue (id=2), at t=172.112416678335s, event #168805

Calling finish() at end of Run #525...

Preparing for running configuration MonetecFocusedSmallR, run #526...
Scenario: $r=7, $rho=0.280, $repetition=1
Assigned runID=MonetecFocusedSmallR-526-20260930-08:59:54-58
Setting up network "dect2020scheduledaccess.DectScheduledAccessNetwork"...
Initializing...

Running simulation...
** Event #0   t=0   Elapsed: 2.6e-05s (0m 00s)
     Speed:     ev/sec=0   simsec/sec=0   ev/simsec=0
     Messages:  created: 2   present: 2   in FES: 2
** Event #168533   t=172.121833345002   Elapsed: 0.016108s (0m 00s)
     Speed:     ev/sec=1.04796e+07   simsec/sec=10702.7   ev/simsec=979.152
     Messages:  created: 2   present: 2   in FES: 1

<!> Simulation stopped with endSimulation() -- in module (ScheduledAccessQueue) DectScheduledAccessNetwork.queue (id=2), at t=172.121833345002s, event #168533

Calling finish() at end of Run #526...

Preparing for running configuration MonetecFocusedSmallR, run #527...
Scenario: $r=7, $rho=0.280, $repetition=2
Assigned runID=MonetecFocusedSmallR-527-20260930-08:59:54-58
Setting up network "dect2020scheduledaccess.DectScheduledAccessNetwork"...
Initializing...

Running simulation...
** Event #0   t=0   Elapsed: 2.4e-05s (0m 00s)
     Speed:     ev/sec=0   simsec/sec=0   ev/simsec=0
     Messages:  created: 2   present: 2   in FES: 2
** Event #168144   t=172.112416678335   Elapsed: 0.016165s (0m 00s)
     Speed:     ev/sec=1.04178e+07   simsec/sec=10663.7   ev/simsec=976.943
     Messages:  created: 2   present: 2   in FES: 1

<!> Simulation stopped with endSimulation() -- in module (ScheduledAccessQueue) DectScheduledAccessNetwork.queue (id=2), at t=172.112416678335s, event #168144

Calling finish() at end of Run #527...

Preparing for running configuration MonetecFocusedSmallR, run #528...
Scenario: $r=7, $rho=0.285, $repetition=0
Assigned runID=MonetecFocusedSmallR-528-20260930-08:59:54-58
Setting up network "dect2020scheduledaccess.DectScheduledAccessNetwork"...
Initializing...

Running simulation...
** Event #0   t=0   Elapsed: 1.8e-05s (0m 00s)
     Speed:     ev/sec=0   simsec/sec=0   ev/simsec=0
     Messages:  created: 2   present: 2   in FES: 2
** Event #170955   t=172.112416678335   Elapsed: 0.016406s (0m 00s)
     Speed:     ev/sec=1.04324e+07   simsec/sec=10503   ev/simsec=993.278
     Messages:  created: 2   present: 2   in FES: 1

<!> Simulation stopped with endSimulation() -- in module (ScheduledAccessQueue) DectScheduledAccessNetwork.queue (id=2), at t=172.112416678335s, event #170955

Calling finish() at end of Run #528...

Preparing for running configuration MonetecFocusedSmallR, run #529...
Scenario: $r=7, $rho=0.285, $repetition=1
Assigned runID=MonetecFocusedSmallR-529-20260930-08:59:54-58
Setting up network "dect2020scheduledaccess.DectScheduledAccessNetwork"...
Initializing...

Running simulation...
** Event #0   t=0   Elapsed: 3.8e-05s (0m 00s)
     Speed:     ev/sec=0   simsec/sec=0   ev/simsec=0
     Messages:  created: 2   present: 2   in FES: 2
** Event #170622   t=172.112416678335   Elapsed: 0.016312s (0m 00s)
     Speed:     ev/sec=1.0485e+07   simsec/sec=10576.5   ev/simsec=991.343
     Messages:  created: 2   present: 2   in FES: 1

<!> Simulation stopped with endSimulation() -- in module (ScheduledAccessQueue) DectScheduledAccessNetwork.queue (id=2), at t=172.112416678335s, event #170622

Calling finish() at end of Run #529...

Preparing for running configuration MonetecFocusedSmallR, run #530...
Scenario: $r=7, $rho=0.285, $repetition=2
Assigned runID=MonetecFocusedSmallR-530-20260930-08:59:54-58
Setting up network "dect2020scheduledaccess.DectScheduledAccessNetwork"...
Initializing...

Running simulation...
** Event #0   t=0   Elapsed: 3e-06s (0m 00s)
     Speed:     ev/sec=0   simsec/sec=0   ev/simsec=0
     Messages:  created: 2   present: 2   in FES: 2
** Event #170328   t=172.112416678335   Elapsed: 0.016487s (0m 00s)
     Speed:     ev/sec=1.03329e+07   simsec/sec=10441.2   ev/simsec=989.635
     Messages:  created: 2   present: 2   in FES: 1

<!> Simulation stopped with endSimulation() -- in module (ScheduledAccessQueue) DectScheduledAccessNetwork.queue (id=2), at t=172.112416678335s, event #170328

Calling finish() at end of Run #530...

Preparing for running configuration MonetecFocusedSmallR, run #531...
Scenario: $r=7, $rho=0.290, $repetition=0
Assigned runID=MonetecFocusedSmallR-531-20260930-08:59:54-58
Setting up network "dect2020scheduledaccess.DectScheduledAccessNetwork"...
Initializing...

Running simulation...
** Event #0   t=0   Elapsed: 2.8e-05s (0m 00s)
     Speed:     ev/sec=0   simsec/sec=0   ev/simsec=0
     Messages:  created: 2   present: 2   in FES: 2
** Event #173025   t=172.112833345002   Elapsed: 0.016578s (0m 00s)
     Speed:     ev/sec=1.04547e+07   simsec/sec=10399.6   ev/simsec=1005.3
     Messages:  created: 2   present: 2   in FES: 1

<!> Simulation stopped with endSimulation() -- in module (ScheduledAccessQueue) DectScheduledAccessNetwork.queue (id=2), at t=172.112833345002s, event #173025

Calling finish() at end of Run #531...

Preparing for running configuration MonetecFocusedSmallR, run #532...
Scenario: $r=7, $rho=0.290, $repetition=1
Assigned runID=MonetecFocusedSmallR-532-20260930-08:59:54-58
Setting up network "dect2020scheduledaccess.DectScheduledAccessNetwork"...
Initializing...

Running simulation...
** Event #0   t=0   Elapsed: 3e-06s (0m 00s)
     Speed:     ev/sec=0   simsec/sec=0   ev/simsec=0
     Messages:  created: 2   present: 2   in FES: 2
** Event #172725   t=172.112833345002   Elapsed: 0.016739s (0m 00s)
     Speed:     ev/sec=1.03206e+07   simsec/sec=10284   ev/simsec=1003.56
     Messages:  created: 2   present: 2   in FES: 1

<!> Simulation stopped with endSimulation() -- in module (ScheduledAccessQueue) DectScheduledAccessNetwork.queue (id=2), at t=172.112833345002s, event #172725

Calling finish() at end of Run #532...

Preparing for running configuration MonetecFocusedSmallR, run #533...
Scenario: $r=7, $rho=0.290, $repetition=2
Assigned runID=MonetecFocusedSmallR-533-20260930-08:59:54-58
Setting up network "dect2020scheduledaccess.DectScheduledAccessNetwork"...
Initializing...

Running simulation...
** Event #0   t=0   Elapsed: 2.2e-05s (0m 00s)
     Speed:     ev/sec=0   simsec/sec=0   ev/simsec=0
     Messages:  created: 2   present: 2   in FES: 2
** Event #172406   t=172.112416678335   Elapsed: 0.016495s (0m 00s)
     Speed:     ev/sec=1.0466e+07   simsec/sec=10448.1   ev/simsec=1001.71
     Messages:  created: 2   present: 2   in FES: 1

<!> Simulation stopped with endSimulation() -- in module (ScheduledAccessQueue) DectScheduledAccessNetwork.queue (id=2), at t=172.112416678335s, event #172406

Calling finish() at end of Run #533...

Preparing for running configuration MonetecFocusedSmallR, run #534...
Scenario: $r=7, $rho=0.295, $repetition=0
Assigned runID=MonetecFocusedSmallR-534-20260930-08:59:54-58
Setting up network "dect2020scheduledaccess.DectScheduledAccessNetwork"...
Initializing...

Running simulation...
** Event #0   t=0   Elapsed: 1.6e-05s (0m 00s)
     Speed:     ev/sec=0   simsec/sec=0   ev/simsec=0
     Messages:  created: 2   present: 2   in FES: 2
** Event #175085   t=172.112833345002   Elapsed: 0.016843s (0m 00s)
     Speed:     ev/sec=1.04056e+07   simsec/sec=10229   ev/simsec=1017.27
     Messages:  created: 2   present: 2   in FES: 1

<!> Simulation stopped with endSimulation() -- in module (ScheduledAccessQueue) DectScheduledAccessNetwork.queue (id=2), at t=172.112833345002s, event #175085

Calling finish() at end of Run #534...

Preparing for running configuration MonetecFocusedSmallR, run #535...
Scenario: $r=7, $rho=0.295, $repetition=1
Assigned runID=MonetecFocusedSmallR-535-20260930-08:59:54-58
Setting up network "dect2020scheduledaccess.DectScheduledAccessNetwork"...
Initializing...

Running simulation...
** Event #0   t=0   Elapsed: 2.5e-05s (0m 00s)
     Speed:     ev/sec=0   simsec/sec=0   ev/simsec=0
     Messages:  created: 2   present: 2   in FES: 2
** Event #174804   t=172.112416678335   Elapsed: 0.016873s (0m 00s)
     Speed:     ev/sec=1.03754e+07   simsec/sec=10215.6   ev/simsec=1015.64
     Messages:  created: 2   present: 2   in FES: 1

<!> Simulation stopped with endSimulation() -- in module (ScheduledAccessQueue) DectScheduledAccessNetwork.queue (id=2), at t=172.112416678335s, event #174804

Calling finish() at end of Run #535...

Preparing for running configuration MonetecFocusedSmallR, run #536...
Scenario: $r=7, $rho=0.295, $repetition=2
Assigned runID=MonetecFocusedSmallR-536-20260930-08:59:54-58
Setting up network "dect2020scheduledaccess.DectScheduledAccessNetwork"...
Initializing...

Running simulation...
** Event #0   t=0   Elapsed: 3e-06s (0m 00s)
     Speed:     ev/sec=0   simsec/sec=0   ev/simsec=0
     Messages:  created: 2   present: 2   in FES: 2
** Event #174474   t=172.122250011669   Elapsed: 0.016875s (0m 00s)
     Speed:     ev/sec=1.03417e+07   simsec/sec=10202.2   ev/simsec=1013.66
     Messages:  created: 2   present: 2   in FES: 1

<!> Simulation stopped with endSimulation() -- in module (ScheduledAccessQueue) DectScheduledAccessNetwork.queue (id=2), at t=172.122250011669s, event #174474

Calling finish() at end of Run #536...

Preparing for running configuration MonetecFocusedSmallR, run #537...
Scenario: $r=7, $rho=0.300, $repetition=0
Assigned runID=MonetecFocusedSmallR-537-20260930-08:59:54-58
Setting up network "dect2020scheduledaccess.DectScheduledAccessNetwork"...
Initializing...

Running simulation...
** Event #0   t=0   Elapsed: 3e-06s (0m 00s)
     Speed:     ev/sec=0   simsec/sec=0   ev/simsec=0
     Messages:  created: 2   present: 2   in FES: 2
** Event #177215   t=172.112833345002   Elapsed: 0.017021s (0m 00s)
     Speed:     ev/sec=1.0414e+07   simsec/sec=10114.1   ev/simsec=1029.65
     Messages:  created: 2   present: 2   in FES: 1

<!> Simulation stopped with endSimulation() -- in module (ScheduledAccessQueue) DectScheduledAccessNetwork.queue (id=2), at t=172.112833345002s, event #177215

Calling finish() at end of Run #537...

Preparing for running configuration MonetecFocusedSmallR, run #538...
Scenario: $r=7, $rho=0.300, $repetition=1
Assigned runID=MonetecFocusedSmallR-538-20260930-08:59:54-58
Setting up network "dect2020scheduledaccess.DectScheduledAccessNetwork"...
Initializing...

Running simulation...
** Event #0   t=0   Elapsed: 2.8e-05s (0m 00s)
     Speed:     ev/sec=0   simsec/sec=0   ev/simsec=0
     Messages:  created: 2   present: 2   in FES: 2
** Event #176891   t=172.112416678335   Elapsed: 0.017097s (0m 00s)
     Speed:     ev/sec=1.03639e+07   simsec/sec=10083.9   ev/simsec=1027.77
     Messages:  created: 2   present: 2   in FES: 1

<!> Simulation stopped with endSimulation() -- in module (ScheduledAccessQueue) DectScheduledAccessNetwork.queue (id=2), at t=172.112416678335s, event #176891

Calling finish() at end of Run #538...

Preparing for running configuration MonetecFocusedSmallR, run #539...
Scenario: $r=7, $rho=0.300, $repetition=2
Assigned runID=MonetecFocusedSmallR-539-20260930-08:59:54-58
Setting up network "dect2020scheduledaccess.DectScheduledAccessNetwork"...
Initializing...

Running simulation...
** Event #0   t=0   Elapsed: 2.5e-05s (0m 00s)
     Speed:     ev/sec=0   simsec/sec=0   ev/simsec=0
     Messages:  created: 2   present: 2   in FES: 2
** Event #176481   t=172.112416678335   Elapsed: 0.016912s (0m 00s)
     Speed:     ev/sec=1.04519e+07   simsec/sec=10193.2   ev/simsec=1025.38
     Messages:  created: 2   present: 2   in FES: 1

<!> Simulation stopped with endSimulation() -- in module (ScheduledAccessQueue) DectScheduledAccessNetwork.queue (id=2), at t=172.112416678335s, event #176481

Calling finish() at end of Run #539...

Preparing for running configuration MonetecFocusedSmallR, run #540...
Scenario: $r=12, $rho=0.005, $repetition=0
Assigned runID=MonetecFocusedSmallR-540-20260930-08:59:54-58
Setting up network "dect2020scheduledaccess.DectScheduledAccessNetwork"...
Initializing...

Running simulation...
** Event #0   t=0   Elapsed: 2.2e-05s (0m 00s)
     Speed:     ev/sec=0   simsec/sec=0   ev/simsec=0
     Messages:  created: 2   present: 2   in FES: 2
** Event #389525   t=2890.308333345   Elapsed: 0.029452s (0m 00s)
     Speed:     ev/sec=1.3237e+07   simsec/sec=98219.6   ev/simsec=134.769
     Messages:  created: 2   present: 2   in FES: 1

<!> Simulation stopped with endSimulation() -- in module (ScheduledAccessQueue) DectScheduledAccessNetwork.queue (id=2), at t=2890.308333345s, event #389525

Calling finish() at end of Run #540...

Preparing for running configuration MonetecFocusedSmallR, run #541...
Scenario: $r=12, $rho=0.005, $repetition=1
Assigned runID=MonetecFocusedSmallR-541-20260930-08:59:54-58
Setting up network "dect2020scheduledaccess.DectScheduledAccessNetwork"...
Initializing...

Running simulation...
** Event #0   t=0   Elapsed: 4e-06s (0m 00s)
     Speed:     ev/sec=0   simsec/sec=0   ev/simsec=0
     Messages:  created: 2   present: 2   in FES: 2
** Event #391458   t=2907.705333345   Elapsed: 0.029225s (0m 00s)
     Speed:     ev/sec=1.33974e+07   simsec/sec=99514.2   ev/simsec=134.628
     Messages:  created: 2   present: 2   in FES: 1

<!> Simulation stopped with endSimulation() -- in module (ScheduledAccessQueue) DectScheduledAccessNetwork.queue (id=2), at t=2907.705333345s, event #391458

Calling finish() at end of Run #541...

Preparing for running configuration MonetecFocusedSmallR, run #542...
Scenario: $r=12, $rho=0.005, $repetition=2
Assigned runID=MonetecFocusedSmallR-542-20260930-08:59:54-58
Setting up network "dect2020scheduledaccess.DectScheduledAccessNetwork"...
Initializing...

Running simulation...
** Event #0   t=0   Elapsed: 3e-06s (0m 00s)
     Speed:     ev/sec=0   simsec/sec=0   ev/simsec=0
     Messages:  created: 2   present: 2   in FES: 2
** Event #388588   t=2881.875333345   Elapsed: 0.029238s (0m 00s)
     Speed:     ev/sec=1.32937e+07   simsec/sec=98589.7   ev/simsec=134.839
     Messages:  created: 2   present: 2   in FES: 1

<!> Simulation stopped with endSimulation() -- in module (ScheduledAccessQueue) DectScheduledAccessNetwork.queue (id=2), at t=2881.875333345s, event #388588

Calling finish() at end of Run #542...

Preparing for running configuration MonetecFocusedSmallR, run #543...
Scenario: $r=12, $rho=0.010, $repetition=0
Assigned runID=MonetecFocusedSmallR-543-20260930-08:59:54-58
Setting up network "dect2020scheduledaccess.DectScheduledAccessNetwork"...
Initializing...

Running simulation...
** Event #0   t=0   Elapsed: 4e-06s (0m 00s)
     Speed:     ev/sec=0   simsec/sec=0   ev/simsec=0
     Messages:  created: 2   present: 2   in FES: 2
** Event #228952   t=1445.151333345   Elapsed: 0.01832s (0m 00s)
     Speed:     ev/sec=1.25008e+07   simsec/sec=78905.3   ev/simsec=158.428
     Messages:  created: 2   present: 2   in FES: 1

<!> Simulation stopped with endSimulation() -- in module (ScheduledAccessQueue) DectScheduledAccessNetwork.queue (id=2), at t=1445.151333345s, event #228952

Calling finish() at end of Run #543...

Preparing for running configuration MonetecFocusedSmallR, run #544...
Scenario: $r=12, $rho=0.010, $repetition=1
Assigned runID=MonetecFocusedSmallR-544-20260930-08:59:54-58
Setting up network "dect2020scheduledaccess.DectScheduledAccessNetwork"...
Initializing...

Running simulation...
** Event #0   t=0   Elapsed: 3e-06s (0m 00s)
     Speed:     ev/sec=0   simsec/sec=0   ev/simsec=0
     Messages:  created: 2   present: 2   in FES: 2
** Event #229919   t=1453.854333345   Elapsed: 0.018036s (0m 00s)
     Speed:     ev/sec=1.27534e+07   simsec/sec=80644.2   ev/simsec=158.144
     Messages:  created: 2   present: 2   in FES: 1

<!> Simulation stopped with endSimulation() -- in module (ScheduledAccessQueue) DectScheduledAccessNetwork.queue (id=2), at t=1453.854333345s, event #229919

Calling finish() at end of Run #544...

Preparing for running configuration MonetecFocusedSmallR, run #545...
Scenario: $r=12, $rho=0.010, $repetition=2
Assigned runID=MonetecFocusedSmallR-545-20260930-08:59:54-58
Setting up network "dect2020scheduledaccess.DectScheduledAccessNetwork"...
Initializing...

Running simulation...
** Event #0   t=0   Elapsed: 4e-06s (0m 00s)
     Speed:     ev/sec=0   simsec/sec=0   ev/simsec=0
     Messages:  created: 2   present: 2   in FES: 2
** Event #228488   t=1440.957750011667   Elapsed: 0.017824s (0m 00s)
     Speed:     ev/sec=1.28227e+07   simsec/sec=80866.3   ev/simsec=158.567
     Messages:  created: 2   present: 2   in FES: 1

<!> Simulation stopped with endSimulation() -- in module (ScheduledAccessQueue) DectScheduledAccessNetwork.queue (id=2), at t=1440.957750011667s, event #228488

Calling finish() at end of Run #545...

Preparing for running configuration MonetecFocusedSmallR, run #546...
Scenario: $r=12, $rho=0.015, $repetition=0
Assigned runID=MonetecFocusedSmallR-546-20260930-08:59:54-58
Setting up network "dect2020scheduledaccess.DectScheduledAccessNetwork"...
Initializing...

Running simulation...
** Event #0   t=0   Elapsed: 4e-06s (0m 00s)
     Speed:     ev/sec=0   simsec/sec=0   ev/simsec=0
     Messages:  created: 2   present: 2   in FES: 2
** Event #175428   t=963.435333345   Elapsed: 0.014179s (0m 00s)
     Speed:     ev/sec=1.23767e+07   simsec/sec=67972   ev/simsec=182.086
     Messages:  created: 2   present: 2   in FES: 1

<!> Simulation stopped with endSimulation() -- in module (ScheduledAccessQueue) DectScheduledAccessNetwork.queue (id=2), at t=963.435333345s, event #175428

Calling finish() at end of Run #546...

Preparing for running configuration MonetecFocusedSmallR, run #547...
Scenario: $r=12, $rho=0.015, $repetition=1
Assigned runID=MonetecFocusedSmallR-547-20260930-08:59:54-58
Setting up network "dect2020scheduledaccess.DectScheduledAccessNetwork"...
Initializing...

Running simulation...
** Event #0   t=0   Elapsed: 4e-06s (0m 00s)
     Speed:     ev/sec=0   simsec/sec=0   ev/simsec=0
     Messages:  created: 2   present: 2   in FES: 2
** Event #176073   t=969.240333345   Elapsed: 0.014184s (0m 00s)
     Speed:     ev/sec=1.24161e+07   simsec/sec=68347.8   ev/simsec=181.661
     Messages:  created: 2   present: 2   in FES: 1

<!> Simulation stopped with endSimulation() -- in module (ScheduledAccessQueue) DectScheduledAccessNetwork.queue (id=2), at t=969.240333345s, event #176073

Calling finish() at end of Run #547...

Preparing for running configuration MonetecFocusedSmallR, run #548...
Scenario: $r=12, $rho=0.015, $repetition=2
Assigned runID=MonetecFocusedSmallR-548-20260930-08:59:54-58
Setting up network "dect2020scheduledaccess.DectScheduledAccessNetwork"...
Initializing...

Running simulation...
** Event #0   t=0   Elapsed: 3e-06s (0m 00s)
     Speed:     ev/sec=0   simsec/sec=0   ev/simsec=0
     Messages:  created: 2   present: 2   in FES: 2
** Event #175119   t=960.636750011667   Elapsed: 0.014254s (0m 00s)
     Speed:     ev/sec=1.22891e+07   simsec/sec=67413.1   ev/simsec=182.295
     Messages:  created: 2   present: 2   in FES: 1

<!> Simulation stopped with endSimulation() -- in module (ScheduledAccessQueue) DectScheduledAccessNetwork.queue (id=2), at t=960.636750011667s, event #175119

Calling finish() at end of Run #548...

Preparing for running configuration MonetecFocusedSmallR, run #549...
Scenario: $r=12, $rho=0.020, $repetition=0
Assigned runID=MonetecFocusedSmallR-549-20260930-08:59:54-58
Setting up network "dect2020scheduledaccess.DectScheduledAccessNetwork"...
Initializing...

Running simulation...
** Event #0   t=0   Elapsed: 4e-06s (0m 00s)
     Speed:     ev/sec=0   simsec/sec=0   ev/simsec=0
     Messages:  created: 2   present: 2   in FES: 2
** Event #148666   t=722.577333345   Elapsed: 0.012429s (0m 00s)
     Speed:     ev/sec=1.1966e+07   simsec/sec=58159.8   ev/simsec=205.744
     Messages:  created: 2   present: 2   in FES: 1

<!> Simulation stopped with endSimulation() -- in module (ScheduledAccessQueue) DectScheduledAccessNetwork.queue (id=2), at t=722.577333345s, event #148666

Calling finish() at end of Run #549...

Preparing for running configuration MonetecFocusedSmallR, run #550...
Scenario: $r=12, $rho=0.020, $repetition=1
Assigned runID=MonetecFocusedSmallR-550-20260930-08:59:54-58
Setting up network "dect2020scheduledaccess.DectScheduledAccessNetwork"...
Initializing...

Running simulation...
** Event #0   t=0   Elapsed: 3e-06s (0m 00s)
     Speed:     ev/sec=0   simsec/sec=0   ev/simsec=0
     Messages:  created: 2   present: 2   in FES: 2
** Event #149150   t=726.933333345   Elapsed: 0.012648s (0m 00s)
     Speed:     ev/sec=1.17961e+07   simsec/sec=57492.3   ev/simsec=205.177
     Messages:  created: 2   present: 2   in FES: 1

<!> Simulation stopped with endSimulation() -- in module (ScheduledAccessQueue) DectScheduledAccessNetwork.queue (id=2), at t=726.933333345s, event #149150

Calling finish() at end of Run #550...

Preparing for running configuration MonetecFocusedSmallR, run #551...
Scenario: $r=12, $rho=0.020, $repetition=2
Assigned runID=MonetecFocusedSmallR-551-20260930-08:59:54-58
Setting up network "dect2020scheduledaccess.DectScheduledAccessNetwork"...
Initializing...

Running simulation...
** Event #0   t=0   Elapsed: 3e-06s (0m 00s)
     Speed:     ev/sec=0   simsec/sec=0   ev/simsec=0
     Messages:  created: 2   present: 2   in FES: 2
** Event #148435   t=720.480750011667   Elapsed: 0.012305s (0m 00s)
     Speed:     ev/sec=1.20659e+07   simsec/sec=58566.1   ev/simsec=206.022
     Messages:  created: 2   present: 2   in FES: 1

<!> Simulation stopped with endSimulation() -- in module (ScheduledAccessQueue) DectScheduledAccessNetwork.queue (id=2), at t=720.480750011667s, event #148435

Calling finish() at end of Run #551...

Preparing for running configuration MonetecFocusedSmallR, run #552...
Scenario: $r=12, $rho=0.025, $repetition=0
Assigned runID=MonetecFocusedSmallR-552-20260930-08:59:54-58
Setting up network "dect2020scheduledaccess.DectScheduledAccessNetwork"...
Initializing...

Running simulation...
** Event #0   t=0   Elapsed: 3e-06s (0m 00s)
     Speed:     ev/sec=0   simsec/sec=0   ev/simsec=0
     Messages:  created: 2   present: 2   in FES: 2
** Event #132609   t=578.064333345   Elapsed: 0.011249s (0m 00s)
     Speed:     ev/sec=1.17917e+07   simsec/sec=51401.7   ev/simsec=229.402
     Messages:  created: 2   present: 2   in FES: 1

<!> Simulation stopped with endSimulation() -- in module (ScheduledAccessQueue) DectScheduledAccessNetwork.queue (id=2), at t=578.064333345s, event #132609

Calling finish() at end of Run #552...

Preparing for running configuration MonetecFocusedSmallR, run #553...
Scenario: $r=12, $rho=0.025, $repetition=1
Assigned runID=MonetecFocusedSmallR-553-20260930-08:59:54-58
Setting up network "dect2020scheduledaccess.DectScheduledAccessNetwork"...
Initializing...

Running simulation...
** Event #0   t=0   Elapsed: 3e-06s (0m 00s)
     Speed:     ev/sec=0   simsec/sec=0   ev/simsec=0
     Messages:  created: 2   present: 2   in FES: 2
** Event #132996   t=581.547333345   Elapsed: 0.011297s (0m 00s)
     Speed:     ev/sec=1.17769e+07   simsec/sec=51496.2   ev/simsec=228.694
     Messages:  created: 2   present: 2   in FES: 1

<!> Simulation stopped with endSimulation() -- in module (ScheduledAccessQueue) DectScheduledAccessNetwork.queue (id=2), at t=581.547333345s, event #132996

Calling finish() at end of Run #553...

Preparing for running configuration MonetecFocusedSmallR, run #554...
Scenario: $r=12, $rho=0.025, $repetition=2
Assigned runID=MonetecFocusedSmallR-554-20260930-08:59:54-58
Setting up network "dect2020scheduledaccess.DectScheduledAccessNetwork"...
Initializing...

Running simulation...
** Event #0   t=0   Elapsed: 3e-06s (0m 00s)
     Speed:     ev/sec=0   simsec/sec=0   ev/simsec=0
     Messages:  created: 2   present: 2   in FES: 2
** Event #132424   t=576.381750011667   Elapsed: 0.01159s (0m 00s)
     Speed:     ev/sec=1.14287e+07   simsec/sec=49743.8   ev/simsec=229.751
     Messages:  created: 2   present: 2   in FES: 1

<!> Simulation stopped with endSimulation() -- in module (ScheduledAccessQueue) DectScheduledAccessNetwork.queue (id=2), at t=576.381750011667s, event #132424

Calling finish() at end of Run #554...

Preparing for running configuration MonetecFocusedSmallR, run #555...
Scenario: $r=12, $rho=0.030, $repetition=0
Assigned runID=MonetecFocusedSmallR-555-20260930-08:59:54-58
Setting up network "dect2020scheduledaccess.DectScheduledAccessNetwork"...
Initializing...

Running simulation...
** Event #0   t=0   Elapsed: 4e-06s (0m 00s)
     Speed:     ev/sec=0   simsec/sec=0   ev/simsec=0
     Messages:  created: 2   present: 2   in FES: 2
** Event #121904   t=481.719333345   Elapsed: 0.010395s (0m 00s)
     Speed:     ev/sec=1.17317e+07   simsec/sec=46359.2   ev/simsec=253.06
     Messages:  created: 2   present: 2   in FES: 1

<!> Simulation stopped with endSimulation() -- in module (ScheduledAccessQueue) DectScheduledAccessNetwork.queue (id=2), at t=481.719333345s, event #121904

Calling finish() at end of Run #555...

Preparing for running configuration MonetecFocusedSmallR, run #556...
Scenario: $r=12, $rho=0.030, $repetition=1
Assigned runID=MonetecFocusedSmallR-556-20260930-08:59:54-58
Setting up network "dect2020scheduledaccess.DectScheduledAccessNetwork"...
Initializing...

Running simulation...
** Event #0   t=0   Elapsed: 3e-06s (0m 00s)
     Speed:     ev/sec=0   simsec/sec=0   ev/simsec=0
     Messages:  created: 2   present: 2   in FES: 2
** Event #122226   t=484.617333345   Elapsed: 0.010427s (0m 00s)
     Speed:     ev/sec=1.17254e+07   simsec/sec=46490.5   ev/simsec=252.212
     Messages:  created: 2   present: 2   in FES: 1

<!> Simulation stopped with endSimulation() -- in module (ScheduledAccessQueue) DectScheduledAccessNetwork.queue (id=2), at t=484.617333345s, event #122226

Calling finish() at end of Run #556...

Preparing for running configuration MonetecFocusedSmallR, run #557...
Scenario: $r=12, $rho=0.030, $repetition=2
Assigned runID=MonetecFocusedSmallR-557-20260930-08:59:54-58
Setting up network "dect2020scheduledaccess.DectScheduledAccessNetwork"...
Initializing...

Running simulation...
** Event #0   t=0   Elapsed: 3e-06s (0m 00s)
     Speed:     ev/sec=0   simsec/sec=0   ev/simsec=0
     Messages:  created: 2   present: 2   in FES: 2
** Event #121755   t=480.343166678334   Elapsed: 0.010474s (0m 00s)
     Speed:     ev/sec=1.16278e+07   simsec/sec=45873.6   ev/simsec=253.475
     Messages:  created: 2   present: 2   in FES: 1

<!> Simulation stopped with endSimulation() -- in module (ScheduledAccessQueue) DectScheduledAccessNetwork.queue (id=2), at t=480.343166678334s, event #121755

Calling finish() at end of Run #557...

Preparing for running configuration MonetecFocusedSmallR, run #558...
Scenario: $r=12, $rho=0.035, $repetition=0
Assigned runID=MonetecFocusedSmallR-558-20260930-08:59:54-58
Setting up network "dect2020scheduledaccess.DectScheduledAccessNetwork"...
Initializing...

Running simulation...
** Event #0   t=0   Elapsed: 4e-06s (0m 00s)
     Speed:     ev/sec=0   simsec/sec=0   ev/simsec=0
     Messages:  created: 2   present: 2   in FES: 2
** Event #114258   t=412.905333345   Elapsed: 0.009879s (0m 00s)
     Speed:     ev/sec=0   simsec/sec=0   ev/simsec=0
     Messages:  created: 2   present: 2   in FES: 1

<!> Simulation stopped with endSimulation() -- in module (ScheduledAccessQueue) DectScheduledAccessNetwork.queue (id=2), at t=412.905333345s, event #114258

Calling finish() at end of Run #558...

Preparing for running configuration MonetecFocusedSmallR, run #559...
Scenario: $r=12, $rho=0.035, $repetition=1
Assigned runID=MonetecFocusedSmallR-559-20260930-08:59:54-58
Setting up network "dect2020scheduledaccess.DectScheduledAccessNetwork"...
Initializing...

Running simulation...
** Event #0   t=0   Elapsed: 3e-06s (0m 00s)
     Speed:     ev/sec=0   simsec/sec=0   ev/simsec=0
     Messages:  created: 2   present: 2   in FES: 2
** Event #114534   t=415.389333345   Elapsed: 0.01002s (0m 00s)
     Speed:     ev/sec=1.1434e+07   simsec/sec=41468.4   ev/simsec=275.727
     Messages:  created: 2   present: 2   in FES: 1

<!> Simulation stopped with endSimulation() -- in module (ScheduledAccessQueue) DectScheduledAccessNetwork.queue (id=2), at t=415.389333345s, event #114534

Calling finish() at end of Run #559...

Preparing for running configuration MonetecFocusedSmallR, run #560...
Scenario: $r=12, $rho=0.035, $repetition=2
Assigned runID=MonetecFocusedSmallR-560-20260930-08:59:54-58
Setting up network "dect2020scheduledaccess.DectScheduledAccessNetwork"...
Initializing...

Running simulation...
** Event #0   t=0   Elapsed: 3e-06s (0m 00s)
     Speed:     ev/sec=0   simsec/sec=0   ev/simsec=0
     Messages:  created: 2   present: 2   in FES: 2
** Event #114130   t=411.718166678334   Elapsed: 0.01013s (0m 00s)
     Speed:     ev/sec=1.12699e+07   simsec/sec=40655.5   ev/simsec=277.204
     Messages:  created: 2   present: 2   in FES: 1

<!> Simulation stopped with endSimulation() -- in module (ScheduledAccessQueue) DectScheduledAccessNetwork.queue (id=2), at t=411.718166678334s, event #114130

Calling finish() at end of Run #560...

Preparing for running configuration MonetecFocusedSmallR, run #561...
Scenario: $r=12, $rho=0.040, $repetition=0
Assigned runID=MonetecFocusedSmallR-561-20260930-08:59:54-58
Setting up network "dect2020scheduledaccess.DectScheduledAccessNetwork"...
Initializing...

Running simulation...
** Event #0   t=0   Elapsed: 4e-06s (0m 00s)
     Speed:     ev/sec=0   simsec/sec=0   ev/simsec=0
     Messages:  created: 2   present: 2   in FES: 2
** Event #108523   t=361.290333345   Elapsed: 0.009439s (0m 00s)
     Speed:     ev/sec=0   simsec/sec=0   ev/simsec=0
     Messages:  created: 2   present: 2   in FES: 1

<!> Simulation stopped with endSimulation() -- in module (ScheduledAccessQueue) DectScheduledAccessNetwork.queue (id=2), at t=361.290333345s, event #108523

Calling finish() at end of Run #561...

Preparing for running configuration MonetecFocusedSmallR, run #562...
Scenario: $r=12, $rho=0.040, $repetition=1
Assigned runID=MonetecFocusedSmallR-562-20260930-08:59:54-58
Setting up network "dect2020scheduledaccess.DectScheduledAccessNetwork"...
Initializing...

Running simulation...
** Event #0   t=0   Elapsed: 3e-06s (0m 00s)
     Speed:     ev/sec=0   simsec/sec=0   ev/simsec=0
     Messages:  created: 2   present: 2   in FES: 2
** Event #108765   t=363.468333345   Elapsed: 0.009683s (0m 00s)
     Speed:     ev/sec=0   simsec/sec=0   ev/simsec=0
     Messages:  created: 2   present: 2   in FES: 1

<!> Simulation stopped with endSimulation() -- in module (ScheduledAccessQueue) DectScheduledAccessNetwork.queue (id=2), at t=363.468333345s, event #108765

Calling finish() at end of Run #562...

Preparing for running configuration MonetecFocusedSmallR, run #563...
Scenario: $r=12, $rho=0.040, $repetition=2
Assigned runID=MonetecFocusedSmallR-563-20260930-08:59:54-58
Setting up network "dect2020scheduledaccess.DectScheduledAccessNetwork"...
Initializing...

Running simulation...
** Event #0   t=0   Elapsed: 3e-06s (0m 00s)
     Speed:     ev/sec=0   simsec/sec=0   ev/simsec=0
     Messages:  created: 2   present: 2   in FES: 2
** Event #108412   t=360.256166678334   Elapsed: 0.009622s (0m 00s)
     Speed:     ev/sec=0   simsec/sec=0   ev/simsec=0
     Messages:  created: 2   present: 2   in FES: 1

<!> Simulation stopped with endSimulation() -- in module (ScheduledAccessQueue) DectScheduledAccessNetwork.queue (id=2), at t=360.256166678334s, event #108412

Calling finish() at end of Run #563...

Preparing for running configuration MonetecFocusedSmallR, run #564...
Scenario: $r=12, $rho=0.045, $repetition=0
Assigned runID=MonetecFocusedSmallR-564-20260930-08:59:54-58
Setting up network "dect2020scheduledaccess.DectScheduledAccessNetwork"...
Initializing...

Running simulation...
** Event #0   t=0   Elapsed: 3e-06s (0m 00s)
     Speed:     ev/sec=0   simsec/sec=0   ev/simsec=0
     Messages:  created: 2   present: 2   in FES: 2
** Event #104063   t=321.150333345   Elapsed: 0.009267s (0m 00s)
     Speed:     ev/sec=0   simsec/sec=0   ev/simsec=0
     Messages:  created: 2   present: 2   in FES: 1

<!> Simulation stopped with endSimulation() -- in module (ScheduledAccessQueue) DectScheduledAccessNetwork.queue (id=2), at t=321.150333345s, event #104063

Calling finish() at end of Run #564...

Preparing for running configuration MonetecFocusedSmallR, run #565...
Scenario: $r=12, $rho=0.045, $repetition=1
Assigned runID=MonetecFocusedSmallR-565-20260930-08:59:54-58
Setting up network "dect2020scheduledaccess.DectScheduledAccessNetwork"...
Initializing...

Running simulation...
** Event #0   t=0   Elapsed: 3e-06s (0m 00s)
     Speed:     ev/sec=0   simsec/sec=0   ev/simsec=0
     Messages:  created: 2   present: 2   in FES: 2
** Event #104283   t=323.112333345   Elapsed: 0.009242s (0m 00s)
     Speed:     ev/sec=0   simsec/sec=0   ev/simsec=0
     Messages:  created: 2   present: 2   in FES: 1

<!> Simulation stopped with endSimulation() -- in module (ScheduledAccessQueue) DectScheduledAccessNetwork.queue (id=2), at t=323.112333345s, event #104283

Calling finish() at end of Run #565...

Preparing for running configuration MonetecFocusedSmallR, run #566...
Scenario: $r=12, $rho=0.045, $repetition=2
Assigned runID=MonetecFocusedSmallR-566-20260930-08:59:54-58
Setting up network "dect2020scheduledaccess.DectScheduledAccessNetwork"...
Initializing...

Running simulation...
** Event #0   t=0   Elapsed: 3e-06s (0m 00s)
     Speed:     ev/sec=0   simsec/sec=0   ev/simsec=0
     Messages:  created: 2   present: 2   in FES: 2
** Event #103965   t=320.233166678334   Elapsed: 0.009267s (0m 00s)
     Speed:     ev/sec=0   simsec/sec=0   ev/simsec=0
     Messages:  created: 2   present: 2   in FES: 1

<!> Simulation stopped with endSimulation() -- in module (ScheduledAccessQueue) DectScheduledAccessNetwork.queue (id=2), at t=320.233166678334s, event #103965

Calling finish() at end of Run #566...

Preparing for running configuration MonetecFocusedSmallR, run #567...
Scenario: $r=12, $rho=0.050, $repetition=0
Assigned runID=MonetecFocusedSmallR-567-20260930-08:59:54-58
Setting up network "dect2020scheduledaccess.DectScheduledAccessNetwork"...
Initializing...

Running simulation...
** Event #0   t=0   Elapsed: 1.9e-05s (0m 00s)
     Speed:     ev/sec=0   simsec/sec=0   ev/simsec=0
     Messages:  created: 2   present: 2   in FES: 2
** Event #100495   t=289.038333345   Elapsed: 0.009141s (0m 00s)
     Speed:     ev/sec=0   simsec/sec=0   ev/simsec=0
     Messages:  created: 2   present: 2   in FES: 1

<!> Simulation stopped with endSimulation() -- in module (ScheduledAccessQueue) DectScheduledAccessNetwork.queue (id=2), at t=289.038333345s, event #100495

Calling finish() at end of Run #567...

Preparing for running configuration MonetecFocusedSmallR, run #568...
Scenario: $r=12, $rho=0.050, $repetition=1
Assigned runID=MonetecFocusedSmallR-568-20260930-08:59:54-58
Setting up network "dect2020scheduledaccess.DectScheduledAccessNetwork"...
Initializing...

Running simulation...
** Event #0   t=0   Elapsed: 4e-06s (0m 00s)
     Speed:     ev/sec=0   simsec/sec=0   ev/simsec=0
     Messages:  created: 2   present: 2   in FES: 2
** Event #100698   t=290.820333345   Elapsed: 0.00902s (0m 00s)
     Speed:     ev/sec=0   simsec/sec=0   ev/simsec=0
     Messages:  created: 2   present: 2   in FES: 1

<!> Simulation stopped with endSimulation() -- in module (ScheduledAccessQueue) DectScheduledAccessNetwork.queue (id=2), at t=290.820333345s, event #100698

Calling finish() at end of Run #568...

Preparing for running configuration MonetecFocusedSmallR, run #569...
Scenario: $r=12, $rho=0.050, $repetition=2
Assigned runID=MonetecFocusedSmallR-569-20260930-08:59:54-58
Setting up network "dect2020scheduledaccess.DectScheduledAccessNetwork"...
Initializing...

Running simulation...
** Event #0   t=0   Elapsed: 4e-06s (0m 00s)
     Speed:     ev/sec=0   simsec/sec=0   ev/simsec=0
     Messages:  created: 2   present: 2   in FES: 2
** Event #100406   t=288.202166678334   Elapsed: 0.009019s (0m 00s)
     Speed:     ev/sec=0   simsec/sec=0   ev/simsec=0
     Messages:  created: 2   present: 2   in FES: 1

<!> Simulation stopped with endSimulation() -- in module (ScheduledAccessQueue) DectScheduledAccessNetwork.queue (id=2), at t=288.202166678334s, event #100406

Calling finish() at end of Run #569...

Preparing for running configuration MonetecFocusedSmallR, run #570...
Scenario: $r=12, $rho=0.055, $repetition=0
Assigned runID=MonetecFocusedSmallR-570-20260930-08:59:54-58
Setting up network "dect2020scheduledaccess.DectScheduledAccessNetwork"...
Initializing...

Running simulation...
** Event #0   t=0   Elapsed: 2.8e-05s (0m 00s)
     Speed:     ev/sec=0   simsec/sec=0   ev/simsec=0
     Messages:  created: 2   present: 2   in FES: 2
** Event #97577   t=262.767333345   Elapsed: 0.009075s (0m 00s)
     Speed:     ev/sec=0   simsec/sec=0   ev/simsec=0
     Messages:  created: 2   present: 2   in FES: 1

<!> Simulation stopped with endSimulation() -- in module (ScheduledAccessQueue) DectScheduledAccessNetwork.queue (id=2), at t=262.767333345s, event #97577

Calling finish() at end of Run #570...

Preparing for running configuration MonetecFocusedSmallR, run #571...
Scenario: $r=12, $rho=0.055, $repetition=1
Assigned runID=MonetecFocusedSmallR-571-20260930-08:59:55-58
Setting up network "dect2020scheduledaccess.DectScheduledAccessNetwork"...
Initializing...

Running simulation...
** Event #0   t=0   Elapsed: 3e-06s (0m 00s)
     Speed:     ev/sec=0   simsec/sec=0   ev/simsec=0
     Messages:  created: 2   present: 2   in FES: 2
** Event #97771   t=264.432333345   Elapsed: 0.008772s (0m 00s)
     Speed:     ev/sec=0   simsec/sec=0   ev/simsec=0
     Messages:  created: 2   present: 2   in FES: 1

<!> Simulation stopped with endSimulation() -- in module (ScheduledAccessQueue) DectScheduledAccessNetwork.queue (id=2), at t=264.432333345s, event #97771

Calling finish() at end of Run #571...

Preparing for running configuration MonetecFocusedSmallR, run #572...
Scenario: $r=12, $rho=0.055, $repetition=2
Assigned runID=MonetecFocusedSmallR-572-20260930-08:59:55-58
Setting up network "dect2020scheduledaccess.DectScheduledAccessNetwork"...
Initializing...

Running simulation...
** Event #0   t=0   Elapsed: 3e-06s (0m 00s)
     Speed:     ev/sec=0   simsec/sec=0   ev/simsec=0
     Messages:  created: 2   present: 2   in FES: 2
** Event #97499   t=262.021583345001   Elapsed: 0.008759s (0m 00s)
     Speed:     ev/sec=0   simsec/sec=0   ev/simsec=0
     Messages:  created: 2   present: 2   in FES: 1

<!> Simulation stopped with endSimulation() -- in module (ScheduledAccessQueue) DectScheduledAccessNetwork.queue (id=2), at t=262.021583345001s, event #97499

Calling finish() at end of Run #572...

Preparing for running configuration MonetecFocusedSmallR, run #573...
Scenario: $r=12, $rho=0.060, $repetition=0
Assigned runID=MonetecFocusedSmallR-573-20260930-08:59:55-58
Setting up network "dect2020scheduledaccess.DectScheduledAccessNetwork"...
Initializing...

Running simulation...
** Event #0   t=0   Elapsed: 3e-06s (0m 00s)
     Speed:     ev/sec=0   simsec/sec=0   ev/simsec=0
     Messages:  created: 2   present: 2   in FES: 2
** Event #95147   t=240.879750011667   Elapsed: 0.008456s (0m 00s)
     Speed:     ev/sec=0   simsec/sec=0   ev/simsec=0
     Messages:  created: 2   present: 2   in FES: 1

<!> Simulation stopped with endSimulation() -- in module (ScheduledAccessQueue) DectScheduledAccessNetwork.queue (id=2), at t=240.879750011667s, event #95147

Calling finish() at end of Run #573...

Preparing for running configuration MonetecFocusedSmallR, run #574...
Scenario: $r=12, $rho=0.060, $repetition=1
Assigned runID=MonetecFocusedSmallR-574-20260930-08:59:55-58
Setting up network "dect2020scheduledaccess.DectScheduledAccessNetwork"...
Initializing...

Running simulation...
** Event #0   t=0   Elapsed: 3e-06s (0m 00s)
     Speed:     ev/sec=0   simsec/sec=0   ev/simsec=0
     Messages:  created: 2   present: 2   in FES: 2
** Event #95348   t=242.481333345   Elapsed: 0.008588s (0m 00s)
     Speed:     ev/sec=0   simsec/sec=0   ev/simsec=0
     Messages:  created: 2   present: 2   in FES: 1

<!> Simulation stopped with endSimulation() -- in module (ScheduledAccessQueue) DectScheduledAccessNetwork.queue (id=2), at t=242.481333345s, event #95348

Calling finish() at end of Run #574...

Preparing for running configuration MonetecFocusedSmallR, run #575...
Scenario: $r=12, $rho=0.060, $repetition=2
Assigned runID=MonetecFocusedSmallR-575-20260930-08:59:55-58
Setting up network "dect2020scheduledaccess.DectScheduledAccessNetwork"...
Initializing...

Running simulation...
** Event #0   t=0   Elapsed: 3e-06s (0m 00s)
     Speed:     ev/sec=0   simsec/sec=0   ev/simsec=0
     Messages:  created: 2   present: 2   in FES: 2
** Event #95082   t=240.223583345001   Elapsed: 0.008712s (0m 00s)
     Speed:     ev/sec=0   simsec/sec=0   ev/simsec=0
     Messages:  created: 2   present: 2   in FES: 1

<!> Simulation stopped with endSimulation() -- in module (ScheduledAccessQueue) DectScheduledAccessNetwork.queue (id=2), at t=240.223583345001s, event #95082

Calling finish() at end of Run #575...

Preparing for running configuration MonetecFocusedSmallR, run #576...
Scenario: $r=12, $rho=0.065, $repetition=0
Assigned runID=MonetecFocusedSmallR-576-20260930-08:59:55-58
Setting up network "dect2020scheduledaccess.DectScheduledAccessNetwork"...
Initializing...

Running simulation...
** Event #0   t=0   Elapsed: 4e-06s (0m 00s)
     Speed:     ev/sec=0   simsec/sec=0   ev/simsec=0
     Messages:  created: 2   present: 2   in FES: 2
** Event #93125   t=222.483750011667   Elapsed: 0.008464s (0m 00s)
     Speed:     ev/sec=0   simsec/sec=0   ev/simsec=0
     Messages:  created: 2   present: 2   in FES: 1

<!> Simulation stopped with endSimulation() -- in module (ScheduledAccessQueue) DectScheduledAccessNetwork.queue (id=2), at t=222.483750011667s, event #93125

Calling finish() at end of Run #576...

Preparing for running configuration MonetecFocusedSmallR, run #577...
Scenario: $r=12, $rho=0.065, $repetition=1
Assigned runID=MonetecFocusedSmallR-577-20260930-08:59:55-58
Setting up network "dect2020scheduledaccess.DectScheduledAccessNetwork"...
Initializing...

Running simulation...
** Event #0   t=0   Elapsed: 3e-06s (0m 00s)
     Speed:     ev/sec=0   simsec/sec=0   ev/simsec=0
     Messages:  created: 2   present: 2   in FES: 2
** Event #93331   t=223.995750011667   Elapsed: 0.008332s (0m 00s)
     Speed:     ev/sec=0   simsec/sec=0   ev/simsec=0
     Messages:  created: 2   present: 2   in FES: 1

<!> Simulation stopped with endSimulation() -- in module (ScheduledAccessQueue) DectScheduledAccessNetwork.queue (id=2), at t=223.995750011667s, event #93331

Calling finish() at end of Run #577...

Preparing for running configuration MonetecFocusedSmallR, run #578...
Scenario: $r=12, $rho=0.065, $repetition=2
Assigned runID=MonetecFocusedSmallR-578-20260930-08:59:55-58
Setting up network "dect2020scheduledaccess.DectScheduledAccessNetwork"...
Initializing...

Running simulation...
** Event #0   t=0   Elapsed: 4e-06s (0m 00s)
     Speed:     ev/sec=0   simsec/sec=0   ev/simsec=0
     Messages:  created: 2   present: 2   in FES: 2
** Event #93063   t=221.872583345001   Elapsed: 0.00853s (0m 00s)
     Speed:     ev/sec=0   simsec/sec=0   ev/simsec=0
     Messages:  created: 2   present: 2   in FES: 1

<!> Simulation stopped with endSimulation() -- in module (ScheduledAccessQueue) DectScheduledAccessNetwork.queue (id=2), at t=221.872583345001s, event #93063

Calling finish() at end of Run #578...

Preparing for running configuration MonetecFocusedSmallR, run #579...
Scenario: $r=12, $rho=0.070, $repetition=0
Assigned runID=MonetecFocusedSmallR-579-20260930-08:59:55-58
Setting up network "dect2020scheduledaccess.DectScheduledAccessNetwork"...
Initializing...

Running simulation...
** Event #0   t=0   Elapsed: 3e-06s (0m 00s)
     Speed:     ev/sec=0   simsec/sec=0   ev/simsec=0
     Messages:  created: 2   present: 2   in FES: 2
** Event #91486   t=207.003333345   Elapsed: 0.008202s (0m 00s)
     Speed:     ev/sec=0   simsec/sec=0   ev/simsec=0
     Messages:  created: 2   present: 2   in FES: 1

<!> Simulation stopped with endSimulation() -- in module (ScheduledAccessQueue) DectScheduledAccessNetwork.queue (id=2), at t=207.003333345s, event #91486

Calling finish() at end of Run #579...

Preparing for running configuration MonetecFocusedSmallR, run #580...
Scenario: $r=12, $rho=0.070, $repetition=1
Assigned runID=MonetecFocusedSmallR-580-20260930-08:59:55-58
Setting up network "dect2020scheduledaccess.DectScheduledAccessNetwork"...
Initializing...

Running simulation...
** Event #0   t=0   Elapsed: 3e-06s (0m 00s)
     Speed:     ev/sec=0   simsec/sec=0   ev/simsec=0
     Messages:  created: 2   present: 2   in FES: 2
** Event #91672   t=208.443750011667   Elapsed: 0.008222s (0m 00s)
     Speed:     ev/sec=0   simsec/sec=0   ev/simsec=0
     Messages:  created: 2   present: 2   in FES: 1

<!> Simulation stopped with endSimulation() -- in module (ScheduledAccessQueue) DectScheduledAccessNetwork.queue (id=2), at t=208.443750011667s, event #91672

Calling finish() at end of Run #580...

Preparing for running configuration MonetecFocusedSmallR, run #581...
Scenario: $r=12, $rho=0.070, $repetition=2
Assigned runID=MonetecFocusedSmallR-581-20260930-08:59:55-58
Setting up network "dect2020scheduledaccess.DectScheduledAccessNetwork"...
Initializing...

Running simulation...
** Event #0   t=0   Elapsed: 3e-06s (0m 00s)
     Speed:     ev/sec=0   simsec/sec=0   ev/simsec=0
     Messages:  created: 2   present: 2   in FES: 2
** Event #91458   t=206.573833345002   Elapsed: 0.008166s (0m 00s)
     Speed:     ev/sec=0   simsec/sec=0   ev/simsec=0
     Messages:  created: 2   present: 2   in FES: 1

<!> Simulation stopped with endSimulation() -- in module (ScheduledAccessQueue) DectScheduledAccessNetwork.queue (id=2), at t=206.573833345002s, event #91458

Calling finish() at end of Run #581...

Preparing for running configuration MonetecFocusedSmallR, run #582...
Scenario: $r=12, $rho=0.075, $repetition=0
Assigned runID=MonetecFocusedSmallR-582-20260930-08:59:55-58
Setting up network "dect2020scheduledaccess.DectScheduledAccessNetwork"...
Initializing...

Running simulation...
** Event #0   t=0   Elapsed: 3e-06s (0m 00s)
     Speed:     ev/sec=0   simsec/sec=0   ev/simsec=0
     Messages:  created: 2   present: 2   in FES: 2
** Event #90310   t=194.395583345001   Elapsed: 0.0081s (0m 00s)
     Speed:     ev/sec=0   simsec/sec=0   ev/simsec=0
     Messages:  created: 2   present: 2   in FES: 1

<!> Simulation stopped with endSimulation() -- in module (ScheduledAccessQueue) DectScheduledAccessNetwork.queue (id=2), at t=194.395583345001s, event #90310

Calling finish() at end of Run #582...

Preparing for running configuration MonetecFocusedSmallR, run #583...
Scenario: $r=12, $rho=0.075, $repetition=1
Assigned runID=MonetecFocusedSmallR-583-20260930-08:59:55-58
Setting up network "dect2020scheduledaccess.DectScheduledAccessNetwork"...
Initializing...

Running simulation...
** Event #0   t=0   Elapsed: 2.1e-05s (0m 00s)
     Speed:     ev/sec=0   simsec/sec=0   ev/simsec=0
     Messages:  created: 2   present: 2   in FES: 2
** Event #90419   t=195.477250011669   Elapsed: 0.008256s (0m 00s)
     Speed:     ev/sec=0   simsec/sec=0   ev/simsec=0
     Messages:  created: 2   present: 2   in FES: 1

<!> Simulation stopped with endSimulation() -- in module (ScheduledAccessQueue) DectScheduledAccessNetwork.queue (id=2), at t=195.477250011669s, event #90419

Calling finish() at end of Run #583...

Preparing for running configuration MonetecFocusedSmallR, run #584...
Scenario: $r=12, $rho=0.075, $repetition=2
Assigned runID=MonetecFocusedSmallR-584-20260930-08:59:55-58
Setting up network "dect2020scheduledaccess.DectScheduledAccessNetwork"...
Initializing...

Running simulation...
** Event #0   t=0   Elapsed: 3e-06s (0m 00s)
     Speed:     ev/sec=0   simsec/sec=0   ev/simsec=0
     Messages:  created: 2   present: 2   in FES: 2
** Event #90277   t=194.043333345   Elapsed: 0.008069s (0m 00s)
     Speed:     ev/sec=0   simsec/sec=0   ev/simsec=0
     Messages:  created: 2   present: 2   in FES: 1

<!> Simulation stopped with endSimulation() -- in module (ScheduledAccessQueue) DectScheduledAccessNetwork.queue (id=2), at t=194.043333345s, event #90277

Calling finish() at end of Run #584...

Preparing for running configuration MonetecFocusedSmallR, run #585...
Scenario: $r=12, $rho=0.080, $repetition=0
Assigned runID=MonetecFocusedSmallR-585-20260930-08:59:55-58
Setting up network "dect2020scheduledaccess.DectScheduledAccessNetwork"...
Initializing...

Running simulation...
** Event #0   t=0   Elapsed: 1.5e-05s (0m 00s)
     Speed:     ev/sec=0   simsec/sec=0   ev/simsec=0
     Messages:  created: 2   present: 2   in FES: 2
** Event #89768   t=184.945166678334   Elapsed: 0.008187s (0m 00s)
     Speed:     ev/sec=0   simsec/sec=0   ev/simsec=0
     Messages:  created: 2   present: 2   in FES: 1

<!> Simulation stopped with endSimulation() -- in module (ScheduledAccessQueue) DectScheduledAccessNetwork.queue (id=2), at t=184.945166678334s, event #89768

Calling finish() at end of Run #585...

Preparing for running configuration MonetecFocusedSmallR, run #586...
Scenario: $r=12, $rho=0.080, $repetition=1
Assigned runID=MonetecFocusedSmallR-586-20260930-08:59:55-58
Setting up network "dect2020scheduledaccess.DectScheduledAccessNetwork"...
Initializing...

Running simulation...
** Event #0   t=0   Elapsed: 2.2e-05s (0m 00s)
     Speed:     ev/sec=0   simsec/sec=0   ev/simsec=0
     Messages:  created: 2   present: 2   in FES: 2
** Event #89765   t=185.611166678334   Elapsed: 0.00807s (0m 00s)
     Speed:     ev/sec=0   simsec/sec=0   ev/simsec=0
     Messages:  created: 2   present: 2   in FES: 1

<!> Simulation stopped with endSimulation() -- in module (ScheduledAccessQueue) DectScheduledAccessNetwork.queue (id=2), at t=185.611166678334s, event #89765

Calling finish() at end of Run #586...

Preparing for running configuration MonetecFocusedSmallR, run #587...
Scenario: $r=12, $rho=0.080, $repetition=2
Assigned runID=MonetecFocusedSmallR-587-20260930-08:59:55-58
Setting up network "dect2020scheduledaccess.DectScheduledAccessNetwork"...
Initializing...

Running simulation...
** Event #0   t=0   Elapsed: 1.7e-05s (0m 00s)
     Speed:     ev/sec=0   simsec/sec=0   ev/simsec=0
     Messages:  created: 2   present: 2   in FES: 2
** Event #89779   t=184.748833345002   Elapsed: 0.008333s (0m 00s)
     Speed:     ev/sec=0   simsec/sec=0   ev/simsec=0
     Messages:  created: 2   present: 2   in FES: 1

<!> Simulation stopped with endSimulation() -- in module (ScheduledAccessQueue) DectScheduledAccessNetwork.queue (id=2), at t=184.748833345002s, event #89779

Calling finish() at end of Run #587...

Preparing for running configuration MonetecFocusedSmallR, run #588...
Scenario: $r=12, $rho=0.085, $repetition=0
Assigned runID=MonetecFocusedSmallR-588-20260930-08:59:55-58
Setting up network "dect2020scheduledaccess.DectScheduledAccessNetwork"...
Initializing...

Running simulation...
** Event #0   t=0   Elapsed: 2e-05s (0m 00s)
     Speed:     ev/sec=0   simsec/sec=0   ev/simsec=0
     Messages:  created: 2   present: 2   in FES: 2
** Event #89984   t=178.592416678335   Elapsed: 0.008946s (0m 00s)
     Speed:     ev/sec=0   simsec/sec=0   ev/simsec=0
     Messages:  created: 2   present: 2   in FES: 1

<!> Simulation stopped with endSimulation() -- in module (ScheduledAccessQueue) DectScheduledAccessNetwork.queue (id=2), at t=178.592416678335s, event #89984

Calling finish() at end of Run #588...

Preparing for running configuration MonetecFocusedSmallR, run #589...
Scenario: $r=12, $rho=0.085, $repetition=1
Assigned runID=MonetecFocusedSmallR-589-20260930-08:59:55-58
Setting up network "dect2020scheduledaccess.DectScheduledAccessNetwork"...
Initializing...

Running simulation...
** Event #0   t=0   Elapsed: 3e-06s (0m 00s)
     Speed:     ev/sec=0   simsec/sec=0   ev/simsec=0
     Messages:  created: 2   present: 2   in FES: 2
** Event #89966   t=179.177416678335   Elapsed: 0.008407s (0m 00s)
     Speed:     ev/sec=0   simsec/sec=0   ev/simsec=0
     Messages:  created: 2   present: 2   in FES: 1

<!> Simulation stopped with endSimulation() -- in module (ScheduledAccessQueue) DectScheduledAccessNetwork.queue (id=2), at t=179.177416678335s, event #89966

Calling finish() at end of Run #589...

Preparing for running configuration MonetecFocusedSmallR, run #590...
Scenario: $r=12, $rho=0.085, $repetition=2
Assigned runID=MonetecFocusedSmallR-590-20260930-08:59:55-58
Setting up network "dect2020scheduledaccess.DectScheduledAccessNetwork"...
Initializing...

Running simulation...
** Event #0   t=0   Elapsed: 3e-06s (0m 00s)
     Speed:     ev/sec=0   simsec/sec=0   ev/simsec=0
     Messages:  created: 2   present: 2   in FES: 2
** Event #90104   t=178.953250011669   Elapsed: 0.008377s (0m 00s)
     Speed:     ev/sec=0   simsec/sec=0   ev/simsec=0
     Messages:  created: 2   present: 2   in FES: 1

<!> Simulation stopped with endSimulation() -- in module (ScheduledAccessQueue) DectScheduledAccessNetwork.queue (id=2), at t=178.953250011669s, event #90104

Calling finish() at end of Run #590...

Preparing for running configuration MonetecFocusedSmallR, run #591...
Scenario: $r=12, $rho=0.090, $repetition=0
Assigned runID=MonetecFocusedSmallR-591-20260930-08:59:55-58
Setting up network "dect2020scheduledaccess.DectScheduledAccessNetwork"...
Initializing...

Running simulation...
** Event #0   t=0   Elapsed: 2.6e-05s (0m 00s)
     Speed:     ev/sec=0   simsec/sec=0   ev/simsec=0
     Messages:  created: 2   present: 2   in FES: 2
** Event #90935   t=174.938416678335   Elapsed: 0.008417s (0m 00s)
     Speed:     ev/sec=0   simsec/sec=0   ev/simsec=0
     Messages:  created: 2   present: 2   in FES: 1

<!> Simulation stopped with endSimulation() -- in module (ScheduledAccessQueue) DectScheduledAccessNetwork.queue (id=2), at t=174.938416678335s, event #90935

Calling finish() at end of Run #591...

Preparing for running configuration MonetecFocusedSmallR, run #592...
Scenario: $r=12, $rho=0.090, $repetition=1
Assigned runID=MonetecFocusedSmallR-592-20260930-08:59:55-58
Setting up network "dect2020scheduledaccess.DectScheduledAccessNetwork"...
Initializing...

Running simulation...
** Event #0   t=0   Elapsed: 3e-06s (0m 00s)
     Speed:     ev/sec=0   simsec/sec=0   ev/simsec=0
     Messages:  created: 2   present: 2   in FES: 2
** Event #90897   t=175.605666678336   Elapsed: 0.008644s (0m 00s)
     Speed:     ev/sec=0   simsec/sec=0   ev/simsec=0
     Messages:  created: 2   present: 2   in FES: 1

<!> Simulation stopped with endSimulation() -- in module (ScheduledAccessQueue) DectScheduledAccessNetwork.queue (id=2), at t=175.605666678336s, event #90897

Calling finish() at end of Run #592...

Preparing for running configuration MonetecFocusedSmallR, run #593...
Scenario: $r=12, $rho=0.090, $repetition=2
Assigned runID=MonetecFocusedSmallR-593-20260930-08:59:55-58
Setting up network "dect2020scheduledaccess.DectScheduledAccessNetwork"...
Initializing...

Running simulation...
** Event #0   t=0   Elapsed: 4e-06s (0m 00s)
     Speed:     ev/sec=0   simsec/sec=0   ev/simsec=0
     Messages:  created: 2   present: 2   in FES: 2
** Event #91033   t=175.47150001167   Elapsed: 0.008537s (0m 00s)
     Speed:     ev/sec=0   simsec/sec=0   ev/simsec=0
     Messages:  created: 2   present: 2   in FES: 1

<!> Simulation stopped with endSimulation() -- in module (ScheduledAccessQueue) DectScheduledAccessNetwork.queue (id=2), at t=175.47150001167s, event #91033

Calling finish() at end of Run #593...

Preparing for running configuration MonetecFocusedSmallR, run #594...
Scenario: $r=12, $rho=0.095, $repetition=0
Assigned runID=MonetecFocusedSmallR-594-20260930-08:59:55-58
Setting up network "dect2020scheduledaccess.DectScheduledAccessNetwork"...
Initializing...

Running simulation...
** Event #0   t=0   Elapsed: 4e-06s (0m 00s)
     Speed:     ev/sec=0   simsec/sec=0   ev/simsec=0
     Messages:  created: 2   present: 2   in FES: 2
** Event #92407   t=173.290583345001   Elapsed: 0.009028s (0m 00s)
     Speed:     ev/sec=0   simsec/sec=0   ev/simsec=0
     Messages:  created: 2   present: 2   in FES: 1

<!> Simulation stopped with endSimulation() -- in module (ScheduledAccessQueue) DectScheduledAccessNetwork.queue (id=2), at t=173.290583345001s, event #92407

Calling finish() at end of Run #594...

Preparing for running configuration MonetecFocusedSmallR, run #595...
Scenario: $r=12, $rho=0.095, $repetition=1
Assigned runID=MonetecFocusedSmallR-595-20260930-08:59:55-58
Setting up network "dect2020scheduledaccess.DectScheduledAccessNetwork"...
Initializing...

Running simulation...
** Event #0   t=0   Elapsed: 3e-06s (0m 00s)
     Speed:     ev/sec=0   simsec/sec=0   ev/simsec=0
     Messages:  created: 2   present: 2   in FES: 2
** Event #92356   t=173.732833345002   Elapsed: 0.008667s (0m 00s)
     Speed:     ev/sec=0   simsec/sec=0   ev/simsec=0
     Messages:  created: 2   present: 2   in FES: 1

<!> Simulation stopped with endSimulation() -- in module (ScheduledAccessQueue) DectScheduledAccessNetwork.queue (id=2), at t=173.732833345002s, event #92356

Calling finish() at end of Run #595...

Preparing for running configuration MonetecFocusedSmallR, run #596...
Scenario: $r=12, $rho=0.095, $repetition=2
Assigned runID=MonetecFocusedSmallR-596-20260930-08:59:55-58
Setting up network "dect2020scheduledaccess.DectScheduledAccessNetwork"...
Initializing...

Running simulation...
** Event #0   t=0   Elapsed: 3e-06s (0m 00s)
     Speed:     ev/sec=0   simsec/sec=0   ev/simsec=0
     Messages:  created: 2   present: 2   in FES: 2
** Event #92468   t=173.445666678336   Elapsed: 0.008701s (0m 00s)
     Speed:     ev/sec=0   simsec/sec=0   ev/simsec=0
     Messages:  created: 2   present: 2   in FES: 1

<!> Simulation stopped with endSimulation() -- in module (ScheduledAccessQueue) DectScheduledAccessNetwork.queue (id=2), at t=173.445666678336s, event #92468

Calling finish() at end of Run #596...

Preparing for running configuration MonetecFocusedSmallR, run #597...
Scenario: $r=12, $rho=0.100, $repetition=0
Assigned runID=MonetecFocusedSmallR-597-20260930-08:59:55-58
Setting up network "dect2020scheduledaccess.DectScheduledAccessNetwork"...
Initializing...

Running simulation...
** Event #0   t=0   Elapsed: 3e-06s (0m 00s)
     Speed:     ev/sec=0   simsec/sec=0   ev/simsec=0
     Messages:  created: 2   present: 2   in FES: 2
** Event #94226   t=172.599250011669   Elapsed: 0.008847s (0m 00s)
     Speed:     ev/sec=0   simsec/sec=0   ev/simsec=0
     Messages:  created: 2   present: 2   in FES: 1

<!> Simulation stopped with endSimulation() -- in module (ScheduledAccessQueue) DectScheduledAccessNetwork.queue (id=2), at t=172.599250011669s, event #94226

Calling finish() at end of Run #597...

Preparing for running configuration MonetecFocusedSmallR, run #598...
Scenario: $r=12, $rho=0.100, $repetition=1
Assigned runID=MonetecFocusedSmallR-598-20260930-08:59:55-58
Setting up network "dect2020scheduledaccess.DectScheduledAccessNetwork"...
Initializing...

Running simulation...
** Event #0   t=0   Elapsed: 4e-06s (0m 00s)
     Speed:     ev/sec=0   simsec/sec=0   ev/simsec=0
     Messages:  created: 2   present: 2   in FES: 2
** Event #94222   t=172.94250001167   Elapsed: 0.008743s (0m 00s)
     Speed:     ev/sec=0   simsec/sec=0   ev/simsec=0
     Messages:  created: 2   present: 2   in FES: 1

<!> Simulation stopped with endSimulation() -- in module (ScheduledAccessQueue) DectScheduledAccessNetwork.queue (id=2), at t=172.94250001167s, event #94222

Calling finish() at end of Run #598...

Preparing for running configuration MonetecFocusedSmallR, run #599...
Scenario: $r=12, $rho=0.100, $repetition=2
Assigned runID=MonetecFocusedSmallR-599-20260930-08:59:55-58
Setting up network "dect2020scheduledaccess.DectScheduledAccessNetwork"...
Initializing...

Running simulation...
** Event #0   t=0   Elapsed: 4e-06s (0m 00s)
     Speed:     ev/sec=0   simsec/sec=0   ev/simsec=0
     Messages:  created: 2   present: 2   in FES: 2
** Event #94389   t=172.672083345003   Elapsed: 0.00884s (0m 00s)
     Speed:     ev/sec=0   simsec/sec=0   ev/simsec=0
     Messages:  created: 2   present: 2   in FES: 1

<!> Simulation stopped with endSimulation() -- in module (ScheduledAccessQueue) DectScheduledAccessNetwork.queue (id=2), at t=172.672083345003s, event #94389

Calling finish() at end of Run #599...

Preparing for running configuration MonetecFocusedSmallR, run #600...
Scenario: $r=12, $rho=0.105, $repetition=0
Assigned runID=MonetecFocusedSmallR-600-20260930-08:59:55-58
Setting up network "dect2020scheduledaccess.DectScheduledAccessNetwork"...
Initializing...

Running simulation...
** Event #0   t=0   Elapsed: 4e-06s (0m 00s)
     Speed:     ev/sec=0   simsec/sec=0   ev/simsec=0
     Messages:  created: 2   present: 2   in FES: 2
** Event #96071   t=172.28550001167   Elapsed: 0.008971s (0m 00s)
     Speed:     ev/sec=0   simsec/sec=0   ev/simsec=0
     Messages:  created: 2   present: 2   in FES: 1

<!> Simulation stopped with endSimulation() -- in module (ScheduledAccessQueue) DectScheduledAccessNetwork.queue (id=2), at t=172.28550001167s, event #96071

Calling finish() at end of Run #600...

Preparing for running configuration MonetecFocusedSmallR, run #601...
Scenario: $r=12, $rho=0.105, $repetition=1
Assigned runID=MonetecFocusedSmallR-601-20260930-08:59:55-58
Setting up network "dect2020scheduledaccess.DectScheduledAccessNetwork"...
Initializing...

Running simulation...
** Event #0   t=0   Elapsed: 4e-06s (0m 00s)
     Speed:     ev/sec=0   simsec/sec=0   ev/simsec=0
     Messages:  created: 2   present: 2   in FES: 2
** Event #96054   t=172.446666678336   Elapsed: 0.009181s (0m 00s)
     Speed:     ev/sec=0   simsec/sec=0   ev/simsec=0
     Messages:  created: 2   present: 2   in FES: 1

<!> Simulation stopped with endSimulation() -- in module (ScheduledAccessQueue) DectScheduledAccessNetwork.queue (id=2), at t=172.446666678336s, event #96054

Calling finish() at end of Run #601...

Preparing for running configuration MonetecFocusedSmallR, run #602...
Scenario: $r=12, $rho=0.105, $repetition=2
Assigned runID=MonetecFocusedSmallR-602-20260930-08:59:55-58
Setting up network "dect2020scheduledaccess.DectScheduledAccessNetwork"...
Initializing...

Running simulation...
** Event #0   t=0   Elapsed: 3e-06s (0m 00s)
     Speed:     ev/sec=0   simsec/sec=0   ev/simsec=0
     Messages:  created: 2   present: 2   in FES: 2
** Event #96342   t=172.346416678335   Elapsed: 0.008945s (0m 00s)
     Speed:     ev/sec=0   simsec/sec=0   ev/simsec=0
     Messages:  created: 2   present: 2   in FES: 1

<!> Simulation stopped with endSimulation() -- in module (ScheduledAccessQueue) DectScheduledAccessNetwork.queue (id=2), at t=172.346416678335s, event #96342

Calling finish() at end of Run #602...

Preparing for running configuration MonetecFocusedSmallR, run #603...
Scenario: $r=12, $rho=0.110, $repetition=0
Assigned runID=MonetecFocusedSmallR-603-20260930-08:59:55-58
Setting up network "dect2020scheduledaccess.DectScheduledAccessNetwork"...
Initializing...

Running simulation...
** Event #0   t=0   Elapsed: 4e-06s (0m 00s)
     Speed:     ev/sec=0   simsec/sec=0   ev/simsec=0
     Messages:  created: 2   present: 2   in FES: 2
** Event #98124   t=172.186916678337   Elapsed: 0.009254s (0m 00s)
     Speed:     ev/sec=0   simsec/sec=0   ev/simsec=0
     Messages:  created: 2   present: 2   in FES: 1

<!> Simulation stopped with endSimulation() -- in module (ScheduledAccessQueue) DectScheduledAccessNetwork.queue (id=2), at t=172.186916678337s, event #98124

Calling finish() at end of Run #603...

Preparing for running configuration MonetecFocusedSmallR, run #604...
Scenario: $r=12, $rho=0.110, $repetition=1
Assigned runID=MonetecFocusedSmallR-604-20260930-08:59:55-58
Setting up network "dect2020scheduledaccess.DectScheduledAccessNetwork"...
Initializing...

Running simulation...
** Event #0   t=0   Elapsed: 4e-06s (0m 00s)
     Speed:     ev/sec=0   simsec/sec=0   ev/simsec=0
     Messages:  created: 2   present: 2   in FES: 2
** Event #98102   t=172.31250001167   Elapsed: 0.009287s (0m 00s)
     Speed:     ev/sec=0   simsec/sec=0   ev/simsec=0
     Messages:  created: 2   present: 2   in FES: 1

<!> Simulation stopped with endSimulation() -- in module (ScheduledAccessQueue) DectScheduledAccessNetwork.queue (id=2), at t=172.31250001167s, event #98102

Calling finish() at end of Run #604...

Preparing for running configuration MonetecFocusedSmallR, run #605...
Scenario: $r=12, $rho=0.110, $repetition=2
Assigned runID=MonetecFocusedSmallR-605-20260930-08:59:55-58
Setting up network "dect2020scheduledaccess.DectScheduledAccessNetwork"...
Initializing...

Running simulation...
** Event #0   t=0   Elapsed: 3.1e-05s (0m 00s)
     Speed:     ev/sec=0   simsec/sec=0   ev/simsec=0
     Messages:  created: 2   present: 2   in FES: 2
** Event #98386   t=172.195083345003   Elapsed: 0.009191s (0m 00s)
     Speed:     ev/sec=0   simsec/sec=0   ev/simsec=0
     Messages:  created: 2   present: 2   in FES: 1

<!> Simulation stopped with endSimulation() -- in module (ScheduledAccessQueue) DectScheduledAccessNetwork.queue (id=2), at t=172.195083345003s, event #98386

Calling finish() at end of Run #605...

Preparing for running configuration MonetecFocusedSmallR, run #606...
Scenario: $r=12, $rho=0.115, $repetition=0
Assigned runID=MonetecFocusedSmallR-606-20260930-08:59:55-58
Setting up network "dect2020scheduledaccess.DectScheduledAccessNetwork"...
Initializing...

Running simulation...
** Event #0   t=0   Elapsed: 4e-06s (0m 00s)
     Speed:     ev/sec=0   simsec/sec=0   ev/simsec=0
     Messages:  created: 2   present: 2   in FES: 2
** Event #100239   t=172.13250001167   Elapsed: 0.009487s (0m 00s)
     Speed:     ev/sec=0   simsec/sec=0   ev/simsec=0
     Messages:  created: 2   present: 2   in FES: 1

<!> Simulation stopped with endSimulation() -- in module (ScheduledAccessQueue) DectScheduledAccessNetwork.queue (id=2), at t=172.13250001167s, event #100239

Calling finish() at end of Run #606...

Preparing for running configuration MonetecFocusedSmallR, run #607...
Scenario: $r=12, $rho=0.115, $repetition=1
Assigned runID=MonetecFocusedSmallR-607-20260930-08:59:55-58
Setting up network "dect2020scheduledaccess.DectScheduledAccessNetwork"...
Initializing...

Running simulation...
** Event #0   t=0   Elapsed: 2.3e-05s (0m 00s)
     Speed:     ev/sec=0   simsec/sec=0   ev/simsec=0
     Messages:  created: 2   present: 2   in FES: 2
** Event #100134   t=172.22250001167   Elapsed: 0.009494s (0m 00s)
     Speed:     ev/sec=0   simsec/sec=0   ev/simsec=0
     Messages:  created: 2   present: 2   in FES: 1

<!> Simulation stopped with endSimulation() -- in module (ScheduledAccessQueue) DectScheduledAccessNetwork.queue (id=2), at t=172.22250001167s, event #100134

Calling finish() at end of Run #607...

Preparing for running configuration MonetecFocusedSmallR, run #608...
Scenario: $r=12, $rho=0.115, $repetition=2
Assigned runID=MonetecFocusedSmallR-608-20260930-08:59:55-58
Setting up network "dect2020scheduledaccess.DectScheduledAccessNetwork"...
Initializing...

Running simulation...
** Event #0   t=0   Elapsed: 3e-06s (0m 00s)
     Speed:     ev/sec=0   simsec/sec=0   ev/simsec=0
     Messages:  created: 2   present: 2   in FES: 2
** Event #100380   t=172.14150001167   Elapsed: 0.009335s (0m 00s)
     Speed:     ev/sec=0   simsec/sec=0   ev/simsec=0
     Messages:  created: 2   present: 2   in FES: 1

<!> Simulation stopped with endSimulation() -- in module (ScheduledAccessQueue) DectScheduledAccessNetwork.queue (id=2), at t=172.14150001167s, event #100380

Calling finish() at end of Run #608...

Preparing for running configuration MonetecFocusedSmallR, run #609...
Scenario: $r=12, $rho=0.120, $repetition=0
Assigned runID=MonetecFocusedSmallR-609-20260930-08:59:55-58
Setting up network "dect2020scheduledaccess.DectScheduledAccessNetwork"...
Initializing...

Running simulation...
** Event #0   t=0   Elapsed: 2.4e-05s (0m 00s)
     Speed:     ev/sec=0   simsec/sec=0   ev/simsec=0
     Messages:  created: 2   present: 2   in FES: 2
** Event #102268   t=172.132083345003   Elapsed: 0.009565s (0m 00s)
     Speed:     ev/sec=0   simsec/sec=0   ev/simsec=0
     Messages:  created: 2   present: 2   in FES: 1

<!> Simulation stopped with endSimulation() -- in module (ScheduledAccessQueue) DectScheduledAccessNetwork.queue (id=2), at t=172.132083345003s, event #102268

Calling finish() at end of Run #609...

Preparing for running configuration MonetecFocusedSmallR, run #610...
Scenario: $r=12, $rho=0.120, $repetition=1
Assigned runID=MonetecFocusedSmallR-610-20260930-08:59:55-58
Setting up network "dect2020scheduledaccess.DectScheduledAccessNetwork"...
Initializing...

Running simulation...
** Event #0   t=0   Elapsed: 4e-06s (0m 00s)
     Speed:     ev/sec=0   simsec/sec=0   ev/simsec=0
     Messages:  created: 2   present: 2   in FES: 2
** Event #102190   t=172.19550001167   Elapsed: 0.009389s (0m 00s)
     Speed:     ev/sec=0   simsec/sec=0   ev/simsec=0
     Messages:  created: 2   present: 2   in FES: 1

<!> Simulation stopped with endSimulation() -- in module (ScheduledAccessQueue) DectScheduledAccessNetwork.queue (id=2), at t=172.19550001167s, event #102190

Calling finish() at end of Run #610...

Preparing for running configuration MonetecFocusedSmallR, run #611...
Scenario: $r=12, $rho=0.120, $repetition=2
Assigned runID=MonetecFocusedSmallR-611-20260930-08:59:55-58
Setting up network "dect2020scheduledaccess.DectScheduledAccessNetwork"...
Initializing...

Running simulation...
** Event #0   t=0   Elapsed: 1.5e-05s (0m 00s)
     Speed:     ev/sec=0   simsec/sec=0   ev/simsec=0
     Messages:  created: 2   present: 2   in FES: 2
** Event #102414   t=172.13250001167   Elapsed: 0.009849s (0m 00s)
     Speed:     ev/sec=0   simsec/sec=0   ev/simsec=0
     Messages:  created: 2   present: 2   in FES: 1

<!> Simulation stopped with endSimulation() -- in module (ScheduledAccessQueue) DectScheduledAccessNetwork.queue (id=2), at t=172.13250001167s, event #102414

Calling finish() at end of Run #611...

Preparing for running configuration MonetecFocusedSmallR, run #612...
Scenario: $r=12, $rho=0.125, $repetition=0
Assigned runID=MonetecFocusedSmallR-612-20260930-08:59:55-58
Setting up network "dect2020scheduledaccess.DectScheduledAccessNetwork"...
Initializing...

Running simulation...
** Event #0   t=0   Elapsed: 2.4e-05s (0m 00s)
     Speed:     ev/sec=0   simsec/sec=0   ev/simsec=0
     Messages:  created: 2   present: 2   in FES: 2
** Event #104405   t=172.141916678337   Elapsed: 0.009786s (0m 00s)
     Speed:     ev/sec=0   simsec/sec=0   ev/simsec=0
     Messages:  created: 2   present: 2   in FES: 1

<!> Simulation stopped with endSimulation() -- in module (ScheduledAccessQueue) DectScheduledAccessNetwork.queue (id=2), at t=172.141916678337s, event #104405

Calling finish() at end of Run #612...

Preparing for running configuration MonetecFocusedSmallR, run #613...
Scenario: $r=12, $rho=0.125, $repetition=1
Assigned runID=MonetecFocusedSmallR-613-20260930-08:59:55-58
Setting up network "dect2020scheduledaccess.DectScheduledAccessNetwork"...
Initializing...

Running simulation...
** Event #0   t=0   Elapsed: 1.9e-05s (0m 00s)
     Speed:     ev/sec=0   simsec/sec=0   ev/simsec=0
     Messages:  created: 2   present: 2   in FES: 2
** Event #104245   t=172.177916678337   Elapsed: 0.009801s (0m 00s)
     Speed:     ev/sec=0   simsec/sec=0   ev/simsec=0
     Messages:  created: 2   present: 2   in FES: 1

<!> Simulation stopped with endSimulation() -- in module (ScheduledAccessQueue) DectScheduledAccessNetwork.queue (id=2), at t=172.177916678337s, event #104245

Calling finish() at end of Run #613...

Preparing for running configuration MonetecFocusedSmallR, run #614...
Scenario: $r=12, $rho=0.125, $repetition=2
Assigned runID=MonetecFocusedSmallR-614-20260930-08:59:55-58
Setting up network "dect2020scheduledaccess.DectScheduledAccessNetwork"...
Initializing...

Running simulation...
** Event #0   t=0   Elapsed: 3e-06s (0m 00s)
     Speed:     ev/sec=0   simsec/sec=0   ev/simsec=0
     Messages:  created: 2   present: 2   in FES: 2
** Event #104523   t=172.13250001167   Elapsed: 0.009905s (0m 00s)
     Speed:     ev/sec=0   simsec/sec=0   ev/simsec=0
     Messages:  created: 2   present: 2   in FES: 1

<!> Simulation stopped with endSimulation() -- in module (ScheduledAccessQueue) DectScheduledAccessNetwork.queue (id=2), at t=172.13250001167s, event #104523

Calling finish() at end of Run #614...

Preparing for running configuration MonetecFocusedSmallR, run #615...
Scenario: $r=12, $rho=0.130, $repetition=0
Assigned runID=MonetecFocusedSmallR-615-20260930-08:59:55-58
Setting up network "dect2020scheduledaccess.DectScheduledAccessNetwork"...
Initializing...

Running simulation...
** Event #0   t=0   Elapsed: 2.6e-05s (0m 00s)
     Speed:     ev/sec=0   simsec/sec=0   ev/simsec=0
     Messages:  created: 2   present: 2   in FES: 2
** Event #106459   t=172.112416678335   Elapsed: 0.010157s (0m 00s)
     Speed:     ev/sec=1.05082e+07   simsec/sec=16988.6   ev/simsec=618.545
     Messages:  created: 2   present: 2   in FES: 1

<!> Simulation stopped with endSimulation() -- in module (ScheduledAccessQueue) DectScheduledAccessNetwork.queue (id=2), at t=172.112416678335s, event #106459

Calling finish() at end of Run #615...

Preparing for running configuration MonetecFocusedSmallR, run #616...
Scenario: $r=12, $rho=0.130, $repetition=1
Assigned runID=MonetecFocusedSmallR-616-20260930-08:59:55-58
Setting up network "dect2020scheduledaccess.DectScheduledAccessNetwork"...
Initializing...

Running simulation...
** Event #0   t=0   Elapsed: 2.3e-05s (0m 00s)
     Speed:     ev/sec=0   simsec/sec=0   ev/simsec=0
     Messages:  created: 2   present: 2   in FES: 2
** Event #106306   t=172.177916678337   Elapsed: 0.010459s (0m 00s)
     Speed:     ev/sec=1.01874e+07   simsec/sec=16500   ev/simsec=617.421
     Messages:  created: 2   present: 2   in FES: 1

<!> Simulation stopped with endSimulation() -- in module (ScheduledAccessQueue) DectScheduledAccessNetwork.queue (id=2), at t=172.177916678337s, event #106306

Calling finish() at end of Run #616...

Preparing for running configuration MonetecFocusedSmallR, run #617...
Scenario: $r=12, $rho=0.130, $repetition=2
Assigned runID=MonetecFocusedSmallR-617-20260930-08:59:55-58
Setting up network "dect2020scheduledaccess.DectScheduledAccessNetwork"...
Initializing...

Running simulation...
** Event #0   t=0   Elapsed: 2.5e-05s (0m 00s)
     Speed:     ev/sec=0   simsec/sec=0   ev/simsec=0
     Messages:  created: 2   present: 2   in FES: 2
** Event #106519   t=172.122666678336   Elapsed: 0.009936s (0m 00s)
     Speed:     ev/sec=0   simsec/sec=0   ev/simsec=0
     Messages:  created: 2   present: 2   in FES: 1

<!> Simulation stopped with endSimulation() -- in module (ScheduledAccessQueue) DectScheduledAccessNetwork.queue (id=2), at t=172.122666678336s, event #106519

Calling finish() at end of Run #617...

Preparing for running configuration MonetecFocusedSmallR, run #618...
Scenario: $r=12, $rho=0.135, $repetition=0
Assigned runID=MonetecFocusedSmallR-618-20260930-08:59:55-58
Setting up network "dect2020scheduledaccess.DectScheduledAccessNetwork"...
Initializing...

Running simulation...
** Event #0   t=0   Elapsed: 2.3e-05s (0m 00s)
     Speed:     ev/sec=0   simsec/sec=0   ev/simsec=0
     Messages:  created: 2   present: 2   in FES: 2
** Event #108500   t=172.141916678337   Elapsed: 0.010054s (0m 00s)
     Speed:     ev/sec=1.08154e+07   simsec/sec=17159.2   ev/simsec=630.295
     Messages:  created: 2   present: 2   in FES: 1

<!> Simulation stopped with endSimulation() -- in module (ScheduledAccessQueue) DectScheduledAccessNetwork.queue (id=2), at t=172.141916678337s, event #108500

Calling finish() at end of Run #618...

Preparing for running configuration MonetecFocusedSmallR, run #619...
Scenario: $r=12, $rho=0.135, $repetition=1
Assigned runID=MonetecFocusedSmallR-619-20260930-08:59:55-58
Setting up network "dect2020scheduledaccess.DectScheduledAccessNetwork"...
Initializing...

Running simulation...
** Event #0   t=0   Elapsed: 2.3e-05s (0m 00s)
     Speed:     ev/sec=0   simsec/sec=0   ev/simsec=0
     Messages:  created: 2   present: 2   in FES: 2
** Event #108307   t=172.159916678337   Elapsed: 0.010147s (0m 00s)
     Speed:     ev/sec=1.06991e+07   simsec/sec=17006.8   ev/simsec=629.108
     Messages:  created: 2   present: 2   in FES: 1

<!> Simulation stopped with endSimulation() -- in module (ScheduledAccessQueue) DectScheduledAccessNetwork.queue (id=2), at t=172.159916678337s, event #108307

Calling finish() at end of Run #619...

Preparing for running configuration MonetecFocusedSmallR, run #620...
Scenario: $r=12, $rho=0.135, $repetition=2
Assigned runID=MonetecFocusedSmallR-620-20260930-08:59:55-58
Setting up network "dect2020scheduledaccess.DectScheduledAccessNetwork"...
Initializing...

Running simulation...
** Event #0   t=0   Elapsed: 2.4e-05s (0m 00s)
     Speed:     ev/sec=0   simsec/sec=0   ev/simsec=0
     Messages:  created: 2   present: 2   in FES: 2
** Event #108571   t=172.132083345003   Elapsed: 0.010207s (0m 00s)
     Speed:     ev/sec=1.0662e+07   simsec/sec=16903.8   ev/simsec=630.744
     Messages:  created: 2   present: 2   in FES: 1

<!> Simulation stopped with endSimulation() -- in module (ScheduledAccessQueue) DectScheduledAccessNetwork.queue (id=2), at t=172.132083345003s, event #108571

Calling finish() at end of Run #620...

Preparing for running configuration MonetecFocusedSmallR, run #621...
Scenario: $r=12, $rho=0.140, $repetition=0
Assigned runID=MonetecFocusedSmallR-621-20260930-08:59:55-58
Setting up network "dect2020scheduledaccess.DectScheduledAccessNetwork"...
Initializing...

Running simulation...
** Event #0   t=0   Elapsed: 1.9e-05s (0m 00s)
     Speed:     ev/sec=0   simsec/sec=0   ev/simsec=0
     Messages:  created: 2   present: 2   in FES: 2
** Event #110586   t=172.13250001167   Elapsed: 0.010379s (0m 00s)
     Speed:     ev/sec=1.06743e+07   simsec/sec=16615.1   ev/simsec=642.449
     Messages:  created: 2   present: 2   in FES: 1

<!> Simulation stopped with endSimulation() -- in module (ScheduledAccessQueue) DectScheduledAccessNetwork.queue (id=2), at t=172.13250001167s, event #110586

Calling finish() at end of Run #621...

Preparing for running configuration MonetecFocusedSmallR, run #622...
Scenario: $r=12, $rho=0.140, $repetition=1
Assigned runID=MonetecFocusedSmallR-622-20260930-08:59:55-58
Setting up network "dect2020scheduledaccess.DectScheduledAccessNetwork"...
Initializing...

Running simulation...
** Event #0   t=0   Elapsed: 4e-06s (0m 00s)
     Speed:     ev/sec=0   simsec/sec=0   ev/simsec=0
     Messages:  created: 2   present: 2   in FES: 2
** Event #110382   t=172.160333345004   Elapsed: 0.010416s (0m 00s)
     Speed:     ev/sec=1.06004e+07   simsec/sec=16533.2   ev/simsec=641.16
     Messages:  created: 2   present: 2   in FES: 1

<!> Simulation stopped with endSimulation() -- in module (ScheduledAccessQueue) DectScheduledAccessNetwork.queue (id=2), at t=172.160333345004s, event #110382

Calling finish() at end of Run #622...

Preparing for running configuration MonetecFocusedSmallR, run #623...
Scenario: $r=12, $rho=0.140, $repetition=2
Assigned runID=MonetecFocusedSmallR-623-20260930-08:59:55-58
Setting up network "dect2020scheduledaccess.DectScheduledAccessNetwork"...
Initializing...

Running simulation...
** Event #0   t=0   Elapsed: 1.8e-05s (0m 00s)
     Speed:     ev/sec=0   simsec/sec=0   ev/simsec=0
     Messages:  created: 2   present: 2   in FES: 2
** Event #110560   t=172.122666678336   Elapsed: 0.010747s (0m 00s)
     Speed:     ev/sec=1.03057e+07   simsec/sec=16044.2   ev/simsec=642.334
     Messages:  created: 2   present: 2   in FES: 1

<!> Simulation stopped with endSimulation() -- in module (ScheduledAccessQueue) DectScheduledAccessNetwork.queue (id=2), at t=172.122666678336s, event #110560

Calling finish() at end of Run #623...

Preparing for running configuration MonetecFocusedSmallR, run #624...
Scenario: $r=12, $rho=0.145, $repetition=0
Assigned runID=MonetecFocusedSmallR-624-20260930-08:59:55-58
Setting up network "dect2020scheduledaccess.DectScheduledAccessNetwork"...
Initializing...

Running simulation...
** Event #0   t=0   Elapsed: 3e-06s (0m 00s)
     Speed:     ev/sec=0   simsec/sec=0   ev/simsec=0
     Messages:  created: 2   present: 2   in FES: 2
** Event #112583   t=172.13250001167   Elapsed: 0.01055s (0m 00s)
     Speed:     ev/sec=1.06744e+07   simsec/sec=16320.5   ev/simsec=654.05
     Messages:  created: 2   present: 2   in FES: 1

<!> Simulation stopped with endSimulation() -- in module (ScheduledAccessQueue) DectScheduledAccessNetwork.queue (id=2), at t=172.13250001167s, event #112583

Calling finish() at end of Run #624...

Preparing for running configuration MonetecFocusedSmallR, run #625...
Scenario: $r=12, $rho=0.145, $repetition=1
Assigned runID=MonetecFocusedSmallR-625-20260930-08:59:55-58
Setting up network "dect2020scheduledaccess.DectScheduledAccessNetwork"...
Initializing...

Running simulation...
** Event #0   t=0   Elapsed: 2.3e-05s (0m 00s)
     Speed:     ev/sec=0   simsec/sec=0   ev/simsec=0
     Messages:  created: 2   present: 2   in FES: 2
** Event #112506   t=172.150916678337   Elapsed: 0.010553s (0m 00s)
     Speed:     ev/sec=1.06853e+07   simsec/sec=16350.1   ev/simsec=653.533
     Messages:  created: 2   present: 2   in FES: 1

<!> Simulation stopped with endSimulation() -- in module (ScheduledAccessQueue) DectScheduledAccessNetwork.queue (id=2), at t=172.150916678337s, event #112506

Calling finish() at end of Run #625...

Preparing for running configuration MonetecFocusedSmallR, run #626...
Scenario: $r=12, $rho=0.145, $repetition=2
Assigned runID=MonetecFocusedSmallR-626-20260930-08:59:55-58
Setting up network "dect2020scheduledaccess.DectScheduledAccessNetwork"...
Initializing...

Running simulation...
** Event #0   t=0   Elapsed: 2e-06s (0m 00s)
     Speed:     ev/sec=0   simsec/sec=0   ev/simsec=0
     Messages:  created: 2   present: 2   in FES: 2
** Event #112659   t=172.122250011669   Elapsed: 0.010432s (0m 00s)
     Speed:     ev/sec=1.08025e+07   simsec/sec=16504.2   ev/simsec=654.531
     Messages:  created: 2   present: 2   in FES: 1

<!> Simulation stopped with endSimulation() -- in module (ScheduledAccessQueue) DectScheduledAccessNetwork.queue (id=2), at t=172.122250011669s, event #112659

Calling finish() at end of Run #626...

Preparing for running configuration MonetecFocusedSmallR, run #627...
Scenario: $r=12, $rho=0.150, $repetition=0
Assigned runID=MonetecFocusedSmallR-627-20260930-08:59:55-58
Setting up network "dect2020scheduledaccess.DectScheduledAccessNetwork"...
Initializing...

Running simulation...
** Event #0   t=0   Elapsed: 4e-06s (0m 00s)
     Speed:     ev/sec=0   simsec/sec=0   ev/simsec=0
     Messages:  created: 2   present: 2   in FES: 2
** Event #114748   t=172.13250001167   Elapsed: 0.010821s (0m 00s)
     Speed:     ev/sec=1.06071e+07   simsec/sec=15911.6   ev/simsec=666.628
     Messages:  created: 2   present: 2   in FES: 1

<!> Simulation stopped with endSimulation() -- in module (ScheduledAccessQueue) DectScheduledAccessNetwork.queue (id=2), at t=172.13250001167s, event #114748

Calling finish() at end of Run #627...

Preparing for running configuration MonetecFocusedSmallR, run #628...
Scenario: $r=12, $rho=0.150, $repetition=1
Assigned runID=MonetecFocusedSmallR-628-20260930-08:59:55-58
Setting up network "dect2020scheduledaccess.DectScheduledAccessNetwork"...
Initializing...

Running simulation...
** Event #0   t=0   Elapsed: 2.5e-05s (0m 00s)
     Speed:     ev/sec=0   simsec/sec=0   ev/simsec=0
     Messages:  created: 2   present: 2   in FES: 2
** Event #114595   t=172.141083345003   Elapsed: 0.010789s (0m 00s)
     Speed:     ev/sec=1.06461e+07   simsec/sec=15992.3   ev/simsec=665.705
     Messages:  created: 2   present: 2   in FES: 1

<!> Simulation stopped with endSimulation() -- in module (ScheduledAccessQueue) DectScheduledAccessNetwork.queue (id=2), at t=172.141083345003s, event #114595

Calling finish() at end of Run #628...

Preparing for running configuration MonetecFocusedSmallR, run #629...
Scenario: $r=12, $rho=0.150, $repetition=2
Assigned runID=MonetecFocusedSmallR-629-20260930-08:59:55-58
Setting up network "dect2020scheduledaccess.DectScheduledAccessNetwork"...
Initializing...

Running simulation...
** Event #0   t=0   Elapsed: 1.7e-05s (0m 00s)
     Speed:     ev/sec=0   simsec/sec=0   ev/simsec=0
     Messages:  created: 2   present: 2   in FES: 2
** Event #114784   t=172.13250001167   Elapsed: 0.010907s (0m 00s)
     Speed:     ev/sec=1.05403e+07   simsec/sec=15806.4   ev/simsec=666.837
     Messages:  created: 2   present: 2   in FES: 1

<!> Simulation stopped with endSimulation() -- in module (ScheduledAccessQueue) DectScheduledAccessNetwork.queue (id=2), at t=172.13250001167s, event #114784

Calling finish() at end of Run #629...

Preparing for running configuration MonetecFocusedSmallR, run #630...
Scenario: $r=12, $rho=0.155, $repetition=0
Assigned runID=MonetecFocusedSmallR-630-20260930-08:59:55-58
Setting up network "dect2020scheduledaccess.DectScheduledAccessNetwork"...
Initializing...

Running simulation...
** Event #0   t=0   Elapsed: 1.5e-05s (0m 00s)
     Speed:     ev/sec=0   simsec/sec=0   ev/simsec=0
     Messages:  created: 2   present: 2   in FES: 2
** Event #116809   t=172.141916678337   Elapsed: 0.010952s (0m 00s)
     Speed:     ev/sec=1.06802e+07   simsec/sec=15739.4   ev/simsec=678.564
     Messages:  created: 2   present: 2   in FES: 1

<!> Simulation stopped with endSimulation() -- in module (ScheduledAccessQueue) DectScheduledAccessNetwork.queue (id=2), at t=172.141916678337s, event #116809

Calling finish() at end of Run #630...

Preparing for running configuration MonetecFocusedSmallR, run #631...
Scenario: $r=12, $rho=0.155, $repetition=1
Assigned runID=MonetecFocusedSmallR-631-20260930-08:59:55-58
Setting up network "dect2020scheduledaccess.DectScheduledAccessNetwork"...
Initializing...

Running simulation...
** Event #0   t=0   Elapsed: 4e-06s (0m 00s)
     Speed:     ev/sec=0   simsec/sec=0   ev/simsec=0
     Messages:  created: 2   present: 2   in FES: 2
** Event #116742   t=172.160333345004   Elapsed: 0.010891s (0m 00s)
     Speed:     ev/sec=1.07231e+07   simsec/sec=15813.3   ev/simsec=678.102
     Messages:  created: 2   present: 2   in FES: 1

<!> Simulation stopped with endSimulation() -- in module (ScheduledAccessQueue) DectScheduledAccessNetwork.queue (id=2), at t=172.160333345004s, event #116742

Calling finish() at end of Run #631...

Preparing for running configuration MonetecFocusedSmallR, run #632...
Scenario: $r=12, $rho=0.155, $repetition=2
Assigned runID=MonetecFocusedSmallR-632-20260930-08:59:55-58
Setting up network "dect2020scheduledaccess.DectScheduledAccessNetwork"...
Initializing...

Running simulation...
** Event #0   t=0   Elapsed: 3e-06s (0m 00s)
     Speed:     ev/sec=0   simsec/sec=0   ev/simsec=0
     Messages:  created: 2   present: 2   in FES: 2
** Event #116837   t=172.13250001167   Elapsed: 0.010865s (0m 00s)
     Speed:     ev/sec=1.07575e+07   simsec/sec=15848.6   ev/simsec=678.764
     Messages:  created: 2   present: 2   in FES: 1

<!> Simulation stopped with endSimulation() -- in module (ScheduledAccessQueue) DectScheduledAccessNetwork.queue (id=2), at t=172.13250001167s, event #116837

Calling finish() at end of Run #632...

Preparing for running configuration MonetecFocusedSmallR, run #633...
Scenario: $r=12, $rho=0.160, $repetition=0
Assigned runID=MonetecFocusedSmallR-633-20260930-08:59:55-58
Setting up network "dect2020scheduledaccess.DectScheduledAccessNetwork"...
Initializing...

Running simulation...
** Event #0   t=0   Elapsed: 2e-05s (0m 00s)
     Speed:     ev/sec=0   simsec/sec=0   ev/simsec=0
     Messages:  created: 2   present: 2   in FES: 2
** Event #118942   t=172.13250001167   Elapsed: 0.011827s (0m 00s)
     Speed:     ev/sec=1.00747e+07   simsec/sec=14580.1   ev/simsec=690.993
     Messages:  created: 2   present: 2   in FES: 1

<!> Simulation stopped with endSimulation() -- in module (ScheduledAccessQueue) DectScheduledAccessNetwork.queue (id=2), at t=172.13250001167s, event #118942

Calling finish() at end of Run #633...

Preparing for running configuration MonetecFocusedSmallR, run #634...
Scenario: $r=12, $rho=0.160, $repetition=1
Assigned runID=MonetecFocusedSmallR-634-20260930-08:59:55-58
Setting up network "dect2020scheduledaccess.DectScheduledAccessNetwork"...
Initializing...

Running simulation...
** Event #0   t=0   Elapsed: 3e-06s (0m 00s)
     Speed:     ev/sec=0   simsec/sec=0   ev/simsec=0
     Messages:  created: 2   present: 2   in FES: 2
** Event #118740   t=172.14150001167   Elapsed: 0.011214s (0m 00s)
     Speed:     ev/sec=1.05914e+07   simsec/sec=15354.7   ev/simsec=689.783
     Messages:  created: 2   present: 2   in FES: 1

<!> Simulation stopped with endSimulation() -- in module (ScheduledAccessQueue) DectScheduledAccessNetwork.queue (id=2), at t=172.14150001167s, event #118740

Calling finish() at end of Run #634...

Preparing for running configuration MonetecFocusedSmallR, run #635...
Scenario: $r=12, $rho=0.160, $repetition=2
Assigned runID=MonetecFocusedSmallR-635-20260930-08:59:55-58
Setting up network "dect2020scheduledaccess.DectScheduledAccessNetwork"...
Initializing...

Running simulation...
** Event #0   t=0   Elapsed: 4e-06s (0m 00s)
     Speed:     ev/sec=0   simsec/sec=0   ev/simsec=0
     Messages:  created: 2   present: 2   in FES: 2
** Event #118914   t=172.13250001167   Elapsed: 0.011483s (0m 00s)
     Speed:     ev/sec=1.03593e+07   simsec/sec=14995.4   ev/simsec=690.829
     Messages:  created: 2   present: 2   in FES: 1

<!> Simulation stopped with endSimulation() -- in module (ScheduledAccessQueue) DectScheduledAccessNetwork.queue (id=2), at t=172.13250001167s, event #118914

Calling finish() at end of Run #635...

Preparing for running configuration MonetecFocusedSmallR, run #636...
Scenario: $r=12, $rho=0.165, $repetition=0
Assigned runID=MonetecFocusedSmallR-636-20260930-08:59:55-58
Setting up network "dect2020scheduledaccess.DectScheduledAccessNetwork"...
Initializing...

Running simulation...
** Event #0   t=0   Elapsed: 2.4e-05s (0m 00s)
     Speed:     ev/sec=0   simsec/sec=0   ev/simsec=0
     Messages:  created: 2   present: 2   in FES: 2
** Event #121100   t=172.13250001167   Elapsed: 0.011322s (0m 00s)
     Speed:     ev/sec=1.07187e+07   simsec/sec=15235.6   ev/simsec=703.53
     Messages:  created: 2   present: 2   in FES: 1

<!> Simulation stopped with endSimulation() -- in module (ScheduledAccessQueue) DectScheduledAccessNetwork.queue (id=2), at t=172.13250001167s, event #121100

Calling finish() at end of Run #636...

Preparing for running configuration MonetecFocusedSmallR, run #637...
Scenario: $r=12, $rho=0.165, $repetition=1
Assigned runID=MonetecFocusedSmallR-637-20260930-08:59:55-58
Setting up network "dect2020scheduledaccess.DectScheduledAccessNetwork"...
Initializing...

Running simulation...
** Event #0   t=0   Elapsed: 3e-06s (0m 00s)
     Speed:     ev/sec=0   simsec/sec=0   ev/simsec=0
     Messages:  created: 2   present: 2   in FES: 2
** Event #120836   t=172.150916678337   Elapsed: 0.011379s (0m 00s)
     Speed:     ev/sec=1.0622e+07   simsec/sec=15132.8   ev/simsec=701.921
     Messages:  created: 2   present: 2   in FES: 1

<!> Simulation stopped with endSimulation() -- in module (ScheduledAccessQueue) DectScheduledAccessNetwork.queue (id=2), at t=172.150916678337s, event #120836

Calling finish() at end of Run #637...

Preparing for running configuration MonetecFocusedSmallR, run #638...
Scenario: $r=12, $rho=0.165, $repetition=2
Assigned runID=MonetecFocusedSmallR-638-20260930-08:59:55-58
Setting up network "dect2020scheduledaccess.DectScheduledAccessNetwork"...
Initializing...

Running simulation...
** Event #0   t=0   Elapsed: 3e-06s (0m 00s)
     Speed:     ev/sec=0   simsec/sec=0   ev/simsec=0
     Messages:  created: 2   present: 2   in FES: 2
** Event #120971   t=172.13250001167   Elapsed: 0.011365s (0m 00s)
     Speed:     ev/sec=1.06479e+07   simsec/sec=15151.1   ev/simsec=702.78
     Messages:  created: 2   present: 2   in FES: 1

<!> Simulation stopped with endSimulation() -- in module (ScheduledAccessQueue) DectScheduledAccessNetwork.queue (id=2), at t=172.13250001167s, event #120971

Calling finish() at end of Run #638...

Preparing for running configuration MonetecFocusedSmallR, run #639...
Scenario: $r=12, $rho=0.170, $repetition=0
Assigned runID=MonetecFocusedSmallR-639-20260930-08:59:55-58
Setting up network "dect2020scheduledaccess.DectScheduledAccessNetwork"...
Initializing...

Running simulation...
** Event #0   t=0   Elapsed: 3e-06s (0m 00s)
     Speed:     ev/sec=0   simsec/sec=0   ev/simsec=0
     Messages:  created: 2   present: 2   in FES: 2
** Event #123231   t=172.141916678337   Elapsed: 0.011501s (0m 00s)
     Speed:     ev/sec=1.07176e+07   simsec/sec=14971.4   ev/simsec=715.87
     Messages:  created: 2   present: 2   in FES: 1

<!> Simulation stopped with endSimulation() -- in module (ScheduledAccessQueue) DectScheduledAccessNetwork.queue (id=2), at t=172.141916678337s, event #123231

Calling finish() at end of Run #639...

Preparing for running configuration MonetecFocusedSmallR, run #640...
Scenario: $r=12, $rho=0.170, $repetition=1
Assigned runID=MonetecFocusedSmallR-640-20260930-08:59:55-58
Setting up network "dect2020scheduledaccess.DectScheduledAccessNetwork"...
Initializing...

Running simulation...
** Event #0   t=0   Elapsed: 3e-06s (0m 00s)
     Speed:     ev/sec=0   simsec/sec=0   ev/simsec=0
     Messages:  created: 2   present: 2   in FES: 2
** Event #122869   t=172.14150001167   Elapsed: 0.011533s (0m 00s)
     Speed:     ev/sec=1.06565e+07   simsec/sec=14929.8   ev/simsec=713.769
     Messages:  created: 2   present: 2   in FES: 1

<!> Simulation stopped with endSimulation() -- in module (ScheduledAccessQueue) DectScheduledAccessNetwork.queue (id=2), at t=172.14150001167s, event #122869

Calling finish() at end of Run #640...

Preparing for running configuration MonetecFocusedSmallR, run #641...
Scenario: $r=12, $rho=0.170, $repetition=2
Assigned runID=MonetecFocusedSmallR-641-20260930-08:59:55-58
Setting up network "dect2020scheduledaccess.DectScheduledAccessNetwork"...
Initializing...

Running simulation...
** Event #0   t=0   Elapsed: 2.7e-05s (0m 00s)
     Speed:     ev/sec=0   simsec/sec=0   ev/simsec=0
     Messages:  created: 2   present: 2   in FES: 2
** Event #123010   t=172.13250001167   Elapsed: 0.011551s (0m 00s)
     Speed:     ev/sec=1.06752e+07   simsec/sec=14938.1   ev/simsec=714.626
     Messages:  created: 2   present: 2   in FES: 1

<!> Simulation stopped with endSimulation() -- in module (ScheduledAccessQueue) DectScheduledAccessNetwork.queue (id=2), at t=172.13250001167s, event #123010

Calling finish() at end of Run #641...

Preparing for running configuration MonetecFocusedSmallR, run #642...
Scenario: $r=12, $rho=0.175, $repetition=0
Assigned runID=MonetecFocusedSmallR-642-20260930-08:59:55-58
Setting up network "dect2020scheduledaccess.DectScheduledAccessNetwork"...
Initializing...

Running simulation...
** Event #0   t=0   Elapsed: 2.5e-05s (0m 00s)
     Speed:     ev/sec=0   simsec/sec=0   ev/simsec=0
     Messages:  created: 2   present: 2   in FES: 2
** Event #125296   t=172.13250001167   Elapsed: 0.011864s (0m 00s)
     Speed:     ev/sec=1.05824e+07   simsec/sec=14538.2   ev/simsec=727.906
     Messages:  created: 2   present: 2   in FES: 1

<!> Simulation stopped with endSimulation() -- in module (ScheduledAccessQueue) DectScheduledAccessNetwork.queue (id=2), at t=172.13250001167s, event #125296

Calling finish() at end of Run #642...

Preparing for running configuration MonetecFocusedSmallR, run #643...
Scenario: $r=12, $rho=0.175, $repetition=1
Assigned runID=MonetecFocusedSmallR-643-20260930-08:59:55-58
Setting up network "dect2020scheduledaccess.DectScheduledAccessNetwork"...
Initializing...

Running simulation...
** Event #0   t=0   Elapsed: 3e-06s (0m 00s)
     Speed:     ev/sec=0   simsec/sec=0   ev/simsec=0
     Messages:  created: 2   present: 2   in FES: 2
** Event #124925   t=172.141916678337   Elapsed: 0.011909s (0m 00s)
     Speed:     ev/sec=1.04944e+07   simsec/sec=14460.8   ev/simsec=725.71
     Messages:  created: 2   present: 2   in FES: 1

<!> Simulation stopped with endSimulation() -- in module (ScheduledAccessQueue) DectScheduledAccessNetwork.queue (id=2), at t=172.141916678337s, event #124925

Calling finish() at end of Run #643...

Preparing for running configuration MonetecFocusedSmallR, run #644...
Scenario: $r=12, $rho=0.175, $repetition=2
Assigned runID=MonetecFocusedSmallR-644-20260930-08:59:55-58
Setting up network "dect2020scheduledaccess.DectScheduledAccessNetwork"...
Initializing...

Running simulation...
** Event #0   t=0   Elapsed: 3e-06s (0m 00s)
     Speed:     ev/sec=0   simsec/sec=0   ev/simsec=0
     Messages:  created: 2   present: 2   in FES: 2
** Event #125044   t=172.13250001167   Elapsed: 0.011762s (0m 00s)
     Speed:     ev/sec=1.06348e+07   simsec/sec=14639.6   ev/simsec=726.442
     Messages:  created: 2   present: 2   in FES: 1

<!> Simulation stopped with endSimulation() -- in module (ScheduledAccessQueue) DectScheduledAccessNetwork.queue (id=2), at t=172.13250001167s, event #125044

Calling finish() at end of Run #644...

Preparing for running configuration MonetecFocusedSmallR, run #645...
Scenario: $r=12, $rho=0.180, $repetition=0
Assigned runID=MonetecFocusedSmallR-645-20260930-08:59:55-58
Setting up network "dect2020scheduledaccess.DectScheduledAccessNetwork"...
Initializing...

Running simulation...
** Event #0   t=0   Elapsed: 3e-06s (0m 00s)
     Speed:     ev/sec=0   simsec/sec=0   ev/simsec=0
     Messages:  created: 2   present: 2   in FES: 2
** Event #127405   t=172.141916678337   Elapsed: 0.011958s (0m 00s)
     Speed:     ev/sec=1.06579e+07   simsec/sec=14400.3   ev/simsec=740.118
     Messages:  created: 2   present: 2   in FES: 1

<!> Simulation stopped with endSimulation() -- in module (ScheduledAccessQueue) DectScheduledAccessNetwork.queue (id=2), at t=172.141916678337s, event #127405

Calling finish() at end of Run #645...

Preparing for running configuration MonetecFocusedSmallR, run #646...
Scenario: $r=12, $rho=0.180, $repetition=1
Assigned runID=MonetecFocusedSmallR-646-20260930-08:59:55-58
Setting up network "dect2020scheduledaccess.DectScheduledAccessNetwork"...
Initializing...

Running simulation...
** Event #0   t=0   Elapsed: 1.6e-05s (0m 00s)
     Speed:     ev/sec=0   simsec/sec=0   ev/simsec=0
     Messages:  created: 2   present: 2   in FES: 2
** Event #127028   t=172.141916678337   Elapsed: 0.011937s (0m 00s)
     Speed:     ev/sec=1.06558e+07   simsec/sec=14440.2   ev/simsec=737.928
     Messages:  created: 2   present: 2   in FES: 1

<!> Simulation stopped with endSimulation() -- in module (ScheduledAccessQueue) DectScheduledAccessNetwork.queue (id=2), at t=172.141916678337s, event #127028

Calling finish() at end of Run #646...

Preparing for running configuration MonetecFocusedSmallR, run #647...
Scenario: $r=12, $rho=0.180, $repetition=2
Assigned runID=MonetecFocusedSmallR-647-20260930-08:59:55-58
Setting up network "dect2020scheduledaccess.DectScheduledAccessNetwork"...
Initializing...

Running simulation...
** Event #0   t=0   Elapsed: 4.7e-05s (0m 00s)
     Speed:     ev/sec=0   simsec/sec=0   ev/simsec=0
     Messages:  created: 2   present: 2   in FES: 2
** Event #127112   t=172.141916678337   Elapsed: 0.01204s (0m 00s)
     Speed:     ev/sec=1.05988e+07   simsec/sec=14353.5   ev/simsec=738.415
     Messages:  created: 2   present: 2   in FES: 1

<!> Simulation stopped with endSimulation() -- in module (ScheduledAccessQueue) DectScheduledAccessNetwork.queue (id=2), at t=172.141916678337s, event #127112

Calling finish() at end of Run #647...

Preparing for running configuration MonetecFocusedSmallR, run #648...
Scenario: $r=12, $rho=0.185, $repetition=0
Assigned runID=MonetecFocusedSmallR-648-20260930-08:59:55-58
Setting up network "dect2020scheduledaccess.DectScheduledAccessNetwork"...
Initializing...

Running simulation...
** Event #0   t=0   Elapsed: 4e-06s (0m 00s)
     Speed:     ev/sec=0   simsec/sec=0   ev/simsec=0
     Messages:  created: 2   present: 2   in FES: 2
** Event #129432   t=172.141916678337   Elapsed: 0.012141s (0m 00s)
     Speed:     ev/sec=1.06634e+07   simsec/sec=14182   ev/simsec=751.893
     Messages:  created: 2   present: 2   in FES: 1

<!> Simulation stopped with endSimulation() -- in module (ScheduledAccessQueue) DectScheduledAccessNetwork.queue (id=2), at t=172.141916678337s, event #129432

Calling finish() at end of Run #648...

Preparing for running configuration MonetecFocusedSmallR, run #649...
Scenario: $r=12, $rho=0.185, $repetition=1
Assigned runID=MonetecFocusedSmallR-649-20260930-08:59:55-58
Setting up network "dect2020scheduledaccess.DectScheduledAccessNetwork"...
Initializing...

Running simulation...
** Event #0   t=0   Elapsed: 3e-06s (0m 00s)
     Speed:     ev/sec=0   simsec/sec=0   ev/simsec=0
     Messages:  created: 2   present: 2   in FES: 2
** Event #129174   t=172.141916678337   Elapsed: 0.012366s (0m 00s)
     Speed:     ev/sec=1.04484e+07   simsec/sec=13923.9   ev/simsec=750.394
     Messages:  created: 2   present: 2   in FES: 1

<!> Simulation stopped with endSimulation() -- in module (ScheduledAccessQueue) DectScheduledAccessNetwork.queue (id=2), at t=172.141916678337s, event #129174

Calling finish() at end of Run #649...

Preparing for running configuration MonetecFocusedSmallR, run #650...
Scenario: $r=12, $rho=0.185, $repetition=2
Assigned runID=MonetecFocusedSmallR-650-20260930-08:59:55-58
Setting up network "dect2020scheduledaccess.DectScheduledAccessNetwork"...
Initializing...

Running simulation...
** Event #0   t=0   Elapsed: 2.7e-05s (0m 00s)
     Speed:     ev/sec=0   simsec/sec=0   ev/simsec=0
     Messages:  created: 2   present: 2   in FES: 2
** Event #129090   t=172.141916678337   Elapsed: 0.012251s (0m 00s)
     Speed:     ev/sec=1.05604e+07   simsec/sec=14082.3   ev/simsec=749.905
     Messages:  created: 2   present: 2   in FES: 1

<!> Simulation stopped with endSimulation() -- in module (ScheduledAccessQueue) DectScheduledAccessNetwork.queue (id=2), at t=172.141916678337s, event #129090

Calling finish() at end of Run #650...

Preparing for running configuration MonetecFocusedSmallR, run #651...
Scenario: $r=12, $rho=0.190, $repetition=0
Assigned runID=MonetecFocusedSmallR-651-20260930-08:59:55-58
Setting up network "dect2020scheduledaccess.DectScheduledAccessNetwork"...
Initializing...

Running simulation...
** Event #0   t=0   Elapsed: 3e-06s (0m 00s)
     Speed:     ev/sec=0   simsec/sec=0   ev/simsec=0
     Messages:  created: 2   present: 2   in FES: 2
** Event #131416   t=172.13250001167   Elapsed: 0.012514s (0m 00s)
     Speed:     ev/sec=1.0504e+07   simsec/sec=13758.5   ev/simsec=763.46
     Messages:  created: 2   present: 2   in FES: 1

<!> Simulation stopped with endSimulation() -- in module (ScheduledAccessQueue) DectScheduledAccessNetwork.queue (id=2), at t=172.13250001167s, event #131416

Calling finish() at end of Run #651...

Preparing for running configuration MonetecFocusedSmallR, run #652...
Scenario: $r=12, $rho=0.190, $repetition=1
Assigned runID=MonetecFocusedSmallR-652-20260930-08:59:55-58
Setting up network "dect2020scheduledaccess.DectScheduledAccessNetwork"...
Initializing...

Running simulation...
** Event #0   t=0   Elapsed: 1.6e-05s (0m 00s)
     Speed:     ev/sec=0   simsec/sec=0   ev/simsec=0
     Messages:  created: 2   present: 2   in FES: 2
** Event #131234   t=172.141916678337   Elapsed: 0.012421s (0m 00s)
     Speed:     ev/sec=1.05791e+07   simsec/sec=13876.8   ev/simsec=762.361
     Messages:  created: 2   present: 2   in FES: 1

<!> Simulation stopped with endSimulation() -- in module (ScheduledAccessQueue) DectScheduledAccessNetwork.queue (id=2), at t=172.141916678337s, event #131234

Calling finish() at end of Run #652...

Preparing for running configuration MonetecFocusedSmallR, run #653...
Scenario: $r=12, $rho=0.190, $repetition=2
Assigned runID=MonetecFocusedSmallR-653-20260930-08:59:55-58
Setting up network "dect2020scheduledaccess.DectScheduledAccessNetwork"...
Initializing...

Running simulation...
** Event #0   t=0   Elapsed: 3e-06s (0m 00s)
     Speed:     ev/sec=0   simsec/sec=0   ev/simsec=0
     Messages:  created: 2   present: 2   in FES: 2
** Event #131135   t=172.13250001167   Elapsed: 0.012469s (0m 00s)
     Speed:     ev/sec=1.05194e+07   simsec/sec=13808.1   ev/simsec=761.828
     Messages:  created: 2   present: 2   in FES: 1

<!> Simulation stopped with endSimulation() -- in module (ScheduledAccessQueue) DectScheduledAccessNetwork.queue (id=2), at t=172.13250001167s, event #131135

Calling finish() at end of Run #653...

Preparing for running configuration MonetecFocusedSmallR, run #654...
Scenario: $r=12, $rho=0.195, $repetition=0
Assigned runID=MonetecFocusedSmallR-654-20260930-08:59:56-58
Setting up network "dect2020scheduledaccess.DectScheduledAccessNetwork"...
Initializing...

Running simulation...
** Event #0   t=0   Elapsed: 1.8e-05s (0m 00s)
     Speed:     ev/sec=0   simsec/sec=0   ev/simsec=0
     Messages:  created: 2   present: 2   in FES: 2
** Event #133467   t=172.13250001167   Elapsed: 0.012717s (0m 00s)
     Speed:     ev/sec=1.05109e+07   simsec/sec=13555.8   ev/simsec=775.375
     Messages:  created: 2   present: 2   in FES: 1

<!> Simulation stopped with endSimulation() -- in module (ScheduledAccessQueue) DectScheduledAccessNetwork.queue (id=2), at t=172.13250001167s, event #133467

Calling finish() at end of Run #654...

Preparing for running configuration MonetecFocusedSmallR, run #655...
Scenario: $r=12, $rho=0.195, $repetition=1
Assigned runID=MonetecFocusedSmallR-655-20260930-08:59:56-58
Setting up network "dect2020scheduledaccess.DectScheduledAccessNetwork"...
Initializing...

Running simulation...
** Event #0   t=0   Elapsed: 3e-06s (0m 00s)
     Speed:     ev/sec=0   simsec/sec=0   ev/simsec=0
     Messages:  created: 2   present: 2   in FES: 2
** Event #133230   t=172.141916678337   Elapsed: 0.012753s (0m 00s)
     Speed:     ev/sec=1.04486e+07   simsec/sec=13500.2   ev/simsec=773.956
     Messages:  created: 2   present: 2   in FES: 1

<!> Simulation stopped with endSimulation() -- in module (ScheduledAccessQueue) DectScheduledAccessNetwork.queue (id=2), at t=172.141916678337s, event #133230

Calling finish() at end of Run #655...

Preparing for running configuration MonetecFocusedSmallR, run #656...
Scenario: $r=12, $rho=0.195, $repetition=2
Assigned runID=MonetecFocusedSmallR-656-20260930-08:59:56-58
Setting up network "dect2020scheduledaccess.DectScheduledAccessNetwork"...
Initializing...

Running simulation...
** Event #0   t=0   Elapsed: 3e-06s (0m 00s)
     Speed:     ev/sec=0   simsec/sec=0   ev/simsec=0
     Messages:  created: 2   present: 2   in FES: 2
** Event #133143   t=172.13250001167   Elapsed: 0.012503s (0m 00s)
     Speed:     ev/sec=1.06514e+07   simsec/sec=13770.6   ev/simsec=773.493
     Messages:  created: 2   present: 2   in FES: 1

<!> Simulation stopped with endSimulation() -- in module (ScheduledAccessQueue) DectScheduledAccessNetwork.queue (id=2), at t=172.13250001167s, event #133143

Calling finish() at end of Run #656...

Preparing for running configuration MonetecFocusedSmallR, run #657...
Scenario: $r=12, $rho=0.200, $repetition=0
Assigned runID=MonetecFocusedSmallR-657-20260930-08:59:56-58
Setting up network "dect2020scheduledaccess.DectScheduledAccessNetwork"...
Initializing...

Running simulation...
** Event #0   t=0   Elapsed: 2e-05s (0m 00s)
     Speed:     ev/sec=0   simsec/sec=0   ev/simsec=0
     Messages:  created: 2   present: 2   in FES: 2
** Event #135528   t=172.13250001167   Elapsed: 0.013006s (0m 00s)
     Speed:     ev/sec=1.04365e+07   simsec/sec=13255.2   ev/simsec=787.349
     Messages:  created: 2   present: 2   in FES: 1

<!> Simulation stopped with endSimulation() -- in module (ScheduledAccessQueue) DectScheduledAccessNetwork.queue (id=2), at t=172.13250001167s, event #135528

Calling finish() at end of Run #657...

Preparing for running configuration MonetecFocusedSmallR, run #658...
Scenario: $r=12, $rho=0.200, $repetition=1
Assigned runID=MonetecFocusedSmallR-658-20260930-08:59:56-58
Setting up network "dect2020scheduledaccess.DectScheduledAccessNetwork"...
Initializing...

Running simulation...
** Event #0   t=0   Elapsed: 1.8e-05s (0m 00s)
     Speed:     ev/sec=0   simsec/sec=0   ev/simsec=0
     Messages:  created: 2   present: 2   in FES: 2
** Event #135299   t=172.141916678337   Elapsed: 0.01288s (0m 00s)
     Speed:     ev/sec=1.05193e+07   simsec/sec=13383.7   ev/simsec=785.975
     Messages:  created: 2   present: 2   in FES: 1

<!> Simulation stopped with endSimulation() -- in module (ScheduledAccessQueue) DectScheduledAccessNetwork.queue (id=2), at t=172.141916678337s, event #135299

Calling finish() at end of Run #658...

Preparing for running configuration MonetecFocusedSmallR, run #659...
Scenario: $r=12, $rho=0.200, $repetition=2
Assigned runID=MonetecFocusedSmallR-659-20260930-08:59:56-58
Setting up network "dect2020scheduledaccess.DectScheduledAccessNetwork"...
Initializing...

Running simulation...
** Event #0   t=0   Elapsed: 2.2e-05s (0m 00s)
     Speed:     ev/sec=0   simsec/sec=0   ev/simsec=0
     Messages:  created: 2   present: 2   in FES: 2
** Event #135193   t=172.142333345004   Elapsed: 0.013001s (0m 00s)
     Speed:     ev/sec=1.04163e+07   simsec/sec=13263.1   ev/simsec=785.358
     Messages:  created: 2   present: 2   in FES: 1

<!> Simulation stopped with endSimulation() -- in module (ScheduledAccessQueue) DectScheduledAccessNetwork.queue (id=2), at t=172.142333345004s, event #135193

Calling finish() at end of Run #659...

Preparing for running configuration MonetecFocusedSmallR, run #660...
Scenario: $r=12, $rho=0.205, $repetition=0
Assigned runID=MonetecFocusedSmallR-660-20260930-08:59:56-58
Setting up network "dect2020scheduledaccess.DectScheduledAccessNetwork"...
Initializing...

Running simulation...
** Event #0   t=0   Elapsed: 3e-06s (0m 00s)
     Speed:     ev/sec=0   simsec/sec=0   ev/simsec=0
     Messages:  created: 2   present: 2   in FES: 2
** Event #137547   t=172.13250001167   Elapsed: 0.013197s (0m 00s)
     Speed:     ev/sec=1.04265e+07   simsec/sec=13048.2   ev/simsec=799.078
     Messages:  created: 2   present: 2   in FES: 1

<!> Simulation stopped with endSimulation() -- in module (ScheduledAccessQueue) DectScheduledAccessNetwork.queue (id=2), at t=172.13250001167s, event #137547

Calling finish() at end of Run #660...

Preparing for running configuration MonetecFocusedSmallR, run #661...
Scenario: $r=12, $rho=0.205, $repetition=1
Assigned runID=MonetecFocusedSmallR-661-20260930-08:59:56-58
Setting up network "dect2020scheduledaccess.DectScheduledAccessNetwork"...
Initializing...

Running simulation...
** Event #0   t=0   Elapsed: 3e-06s (0m 00s)
     Speed:     ev/sec=0   simsec/sec=0   ev/simsec=0
     Messages:  created: 2   present: 2   in FES: 2
** Event #137380   t=172.141916678337   Elapsed: 0.013141s (0m 00s)
     Speed:     ev/sec=1.04567e+07   simsec/sec=13102.6   ev/simsec=798.064
     Messages:  created: 2   present: 2   in FES: 1

<!> Simulation stopped with endSimulation() -- in module (ScheduledAccessQueue) DectScheduledAccessNetwork.queue (id=2), at t=172.141916678337s, event #137380

Calling finish() at end of Run #661...

Preparing for running configuration MonetecFocusedSmallR, run #662...
Scenario: $r=12, $rho=0.205, $repetition=2
Assigned runID=MonetecFocusedSmallR-662-20260930-08:59:56-58
Setting up network "dect2020scheduledaccess.DectScheduledAccessNetwork"...
Initializing...

Running simulation...
** Event #0   t=0   Elapsed: 4e-06s (0m 00s)
     Speed:     ev/sec=0   simsec/sec=0   ev/simsec=0
     Messages:  created: 2   present: 2   in FES: 2
** Event #137296   t=172.141916678337   Elapsed: 0.012899s (0m 00s)
     Speed:     ev/sec=1.06472e+07   simsec/sec=13349.5   ev/simsec=797.576
     Messages:  created: 2   present: 2   in FES: 1

<!> Simulation stopped with endSimulation() -- in module (ScheduledAccessQueue) DectScheduledAccessNetwork.queue (id=2), at t=172.141916678337s, event #137296

Calling finish() at end of Run #662...

Preparing for running configuration MonetecFocusedSmallR, run #663...
Scenario: $r=12, $rho=0.210, $repetition=0
Assigned runID=MonetecFocusedSmallR-663-20260930-08:59:56-58
Setting up network "dect2020scheduledaccess.DectScheduledAccessNetwork"...
Initializing...

Running simulation...
** Event #0   t=0   Elapsed: 4e-06s (0m 00s)
     Speed:     ev/sec=0   simsec/sec=0   ev/simsec=0
     Messages:  created: 2   present: 2   in FES: 2
** Event #139697   t=172.141916678337   Elapsed: 0.013252s (0m 00s)
     Speed:     ev/sec=1.05471e+07   simsec/sec=12996.7   ev/simsec=811.524
     Messages:  created: 2   present: 2   in FES: 1

<!> Simulation stopped with endSimulation() -- in module (ScheduledAccessQueue) DectScheduledAccessNetwork.queue (id=2), at t=172.141916678337s, event #139697

Calling finish() at end of Run #663...

Preparing for running configuration MonetecFocusedSmallR, run #664...
Scenario: $r=12, $rho=0.210, $repetition=1
Assigned runID=MonetecFocusedSmallR-664-20260930-08:59:56-58
Setting up network "dect2020scheduledaccess.DectScheduledAccessNetwork"...
Initializing...

Running simulation...
** Event #0   t=0   Elapsed: 3e-06s (0m 00s)
     Speed:     ev/sec=0   simsec/sec=0   ev/simsec=0
     Messages:  created: 2   present: 2   in FES: 2
** Event #139375   t=172.141916678337   Elapsed: 0.013371s (0m 00s)
     Speed:     ev/sec=1.04284e+07   simsec/sec=12880   ev/simsec=809.654
     Messages:  created: 2   present: 2   in FES: 1

<!> Simulation stopped with endSimulation() -- in module (ScheduledAccessQueue) DectScheduledAccessNetwork.queue (id=2), at t=172.141916678337s, event #139375

Calling finish() at end of Run #664...

Preparing for running configuration MonetecFocusedSmallR, run #665...
Scenario: $r=12, $rho=0.210, $repetition=2
Assigned runID=MonetecFocusedSmallR-665-20260930-08:59:56-58
Setting up network "dect2020scheduledaccess.DectScheduledAccessNetwork"...
Initializing...

Running simulation...
** Event #0   t=0   Elapsed: 2.2e-05s (0m 00s)
     Speed:     ev/sec=0   simsec/sec=0   ev/simsec=0
     Messages:  created: 2   present: 2   in FES: 2
** Event #139374   t=172.13250001167   Elapsed: 0.013359s (0m 00s)
     Speed:     ev/sec=1.04502e+07   simsec/sec=12906.4   ev/simsec=809.691
     Messages:  created: 2   present: 2   in FES: 1

<!> Simulation stopped with endSimulation() -- in module (ScheduledAccessQueue) DectScheduledAccessNetwork.queue (id=2), at t=172.13250001167s, event #139374

Calling finish() at end of Run #665...

Preparing for running configuration MonetecFocusedSmallR, run #666...
Scenario: $r=12, $rho=0.215, $repetition=0
Assigned runID=MonetecFocusedSmallR-666-20260930-08:59:56-58
Setting up network "dect2020scheduledaccess.DectScheduledAccessNetwork"...
Initializing...

Running simulation...
** Event #0   t=0   Elapsed: 1.7e-05s (0m 00s)
     Speed:     ev/sec=0   simsec/sec=0   ev/simsec=0
     Messages:  created: 2   present: 2   in FES: 2
** Event #141783   t=172.13250001167   Elapsed: 0.013433s (0m 00s)
     Speed:     ev/sec=1.0569e+07   simsec/sec=12831.3   ev/simsec=823.687
     Messages:  created: 2   present: 2   in FES: 1

<!> Simulation stopped with endSimulation() -- in module (ScheduledAccessQueue) DectScheduledAccessNetwork.queue (id=2), at t=172.13250001167s, event #141783

Calling finish() at end of Run #666...

Preparing for running configuration MonetecFocusedSmallR, run #667...
Scenario: $r=12, $rho=0.215, $repetition=1
Assigned runID=MonetecFocusedSmallR-667-20260930-08:59:56-58
Setting up network "dect2020scheduledaccess.DectScheduledAccessNetwork"...
Initializing...

Running simulation...
** Event #0   t=0   Elapsed: 3e-06s (0m 00s)
     Speed:     ev/sec=0   simsec/sec=0   ev/simsec=0
     Messages:  created: 2   present: 2   in FES: 2
** Event #141425   t=172.141916678337   Elapsed: 0.013418s (0m 00s)
     Speed:     ev/sec=1.05423e+07   simsec/sec=12832   ev/simsec=821.562
     Messages:  created: 2   present: 2   in FES: 1

<!> Simulation stopped with endSimulation() -- in module (ScheduledAccessQueue) DectScheduledAccessNetwork.queue (id=2), at t=172.141916678337s, event #141425

Calling finish() at end of Run #667...

Preparing for running configuration MonetecFocusedSmallR, run #668...
Scenario: $r=12, $rho=0.215, $repetition=2
Assigned runID=MonetecFocusedSmallR-668-20260930-08:59:56-58
Setting up network "dect2020scheduledaccess.DectScheduledAccessNetwork"...
Initializing...

Running simulation...
** Event #0   t=0   Elapsed: 4e-06s (0m 00s)
     Speed:     ev/sec=0   simsec/sec=0   ev/simsec=0
     Messages:  created: 2   present: 2   in FES: 2
** Event #141446   t=172.13250001167   Elapsed: 0.013383s (0m 00s)
     Speed:     ev/sec=1.05738e+07   simsec/sec=12867.8   ev/simsec=821.729
     Messages:  created: 2   present: 2   in FES: 1

<!> Simulation stopped with endSimulation() -- in module (ScheduledAccessQueue) DectScheduledAccessNetwork.queue (id=2), at t=172.13250001167s, event #141446

Calling finish() at end of Run #668...

Preparing for running configuration MonetecFocusedSmallR, run #669...
Scenario: $r=12, $rho=0.220, $repetition=0
Assigned runID=MonetecFocusedSmallR-669-20260930-08:59:56-58
Setting up network "dect2020scheduledaccess.DectScheduledAccessNetwork"...
Initializing...

Running simulation...
** Event #0   t=0   Elapsed: 5e-06s (0m 00s)
     Speed:     ev/sec=0   simsec/sec=0   ev/simsec=0
     Messages:  created: 2   present: 2   in FES: 2
** Event #143890   t=172.13250001167   Elapsed: 0.013748s (0m 00s)
     Speed:     ev/sec=1.04708e+07   simsec/sec=12526   ev/simsec=835.928
     Messages:  created: 2   present: 2   in FES: 1

<!> Simulation stopped with endSimulation() -- in module (ScheduledAccessQueue) DectScheduledAccessNetwork.queue (id=2), at t=172.13250001167s, event #143890

Calling finish() at end of Run #669...

Preparing for running configuration MonetecFocusedSmallR, run #670...
Scenario: $r=12, $rho=0.220, $repetition=1
Assigned runID=MonetecFocusedSmallR-670-20260930-08:59:56-58
Setting up network "dect2020scheduledaccess.DectScheduledAccessNetwork"...
Initializing...

Running simulation...
** Event #0   t=0   Elapsed: 4e-06s (0m 00s)
     Speed:     ev/sec=0   simsec/sec=0   ev/simsec=0
     Messages:  created: 2   present: 2   in FES: 2
** Event #143521   t=172.141916678337   Elapsed: 0.013569s (0m 00s)
     Speed:     ev/sec=1.05802e+07   simsec/sec=12690.1   ev/simsec=833.739
     Messages:  created: 2   present: 2   in FES: 1

<!> Simulation stopped with endSimulation() -- in module (ScheduledAccessQueue) DectScheduledAccessNetwork.queue (id=2), at t=172.141916678337s, event #143521

Calling finish() at end of Run #670...

Preparing for running configuration MonetecFocusedSmallR, run #671...
Scenario: $r=12, $rho=0.220, $repetition=2
Assigned runID=MonetecFocusedSmallR-671-20260930-08:59:56-58
Setting up network "dect2020scheduledaccess.DectScheduledAccessNetwork"...
Initializing...

Running simulation...
** Event #0   t=0   Elapsed: 4e-06s (0m 00s)
     Speed:     ev/sec=0   simsec/sec=0   ev/simsec=0
     Messages:  created: 2   present: 2   in FES: 2
** Event #143470   t=172.132083345003   Elapsed: 0.013553s (0m 00s)
     Speed:     ev/sec=1.05898e+07   simsec/sec=12705.3   ev/simsec=833.49
     Messages:  created: 2   present: 2   in FES: 1

<!> Simulation stopped with endSimulation() -- in module (ScheduledAccessQueue) DectScheduledAccessNetwork.queue (id=2), at t=172.132083345003s, event #143470

Calling finish() at end of Run #671...

Preparing for running configuration MonetecFocusedSmallR, run #672...
Scenario: $r=12, $rho=0.225, $repetition=0
Assigned runID=MonetecFocusedSmallR-672-20260930-08:59:56-58
Setting up network "dect2020scheduledaccess.DectScheduledAccessNetwork"...
Initializing...

Running simulation...
** Event #0   t=0   Elapsed: 3e-06s (0m 00s)
     Speed:     ev/sec=0   simsec/sec=0   ev/simsec=0
     Messages:  created: 2   present: 2   in FES: 2
** Event #146018   t=172.13250001167   Elapsed: 0.013784s (0m 00s)
     Speed:     ev/sec=1.05964e+07   simsec/sec=12491.5   ev/simsec=848.29
     Messages:  created: 2   present: 2   in FES: 1

<!> Simulation stopped with endSimulation() -- in module (ScheduledAccessQueue) DectScheduledAccessNetwork.queue (id=2), at t=172.13250001167s, event #146018

Calling finish() at end of Run #672...

Preparing for running configuration MonetecFocusedSmallR, run #673...
Scenario: $r=12, $rho=0.225, $repetition=1
Assigned runID=MonetecFocusedSmallR-673-20260930-08:59:56-58
Setting up network "dect2020scheduledaccess.DectScheduledAccessNetwork"...
Initializing...

Running simulation...
** Event #0   t=0   Elapsed: 2.2e-05s (0m 00s)
     Speed:     ev/sec=0   simsec/sec=0   ev/simsec=0
     Messages:  created: 2   present: 2   in FES: 2
** Event #145618   t=172.141916678337   Elapsed: 0.013835s (0m 00s)
     Speed:     ev/sec=1.05421e+07   simsec/sec=12462.3   ev/simsec=845.92
     Messages:  created: 2   present: 2   in FES: 1

<!> Simulation stopped with endSimulation() -- in module (ScheduledAccessQueue) DectScheduledAccessNetwork.queue (id=2), at t=172.141916678337s, event #145618

Calling finish() at end of Run #673...

Preparing for running configuration MonetecFocusedSmallR, run #674...
Scenario: $r=12, $rho=0.225, $repetition=2
Assigned runID=MonetecFocusedSmallR-674-20260930-08:59:56-58
Setting up network "dect2020scheduledaccess.DectScheduledAccessNetwork"...
Initializing...

Running simulation...
** Event #0   t=0   Elapsed: 2.3e-05s (0m 00s)
     Speed:     ev/sec=0   simsec/sec=0   ev/simsec=0
     Messages:  created: 2   present: 2   in FES: 2
** Event #145565   t=172.141916678337   Elapsed: 0.013787s (0m 00s)
     Speed:     ev/sec=1.05765e+07   simsec/sec=12507.6   ev/simsec=845.612
     Messages:  created: 2   present: 2   in FES: 1

<!> Simulation stopped with endSimulation() -- in module (ScheduledAccessQueue) DectScheduledAccessNetwork.queue (id=2), at t=172.141916678337s, event #145565

Calling finish() at end of Run #674...

Preparing for running configuration MonetecFocusedSmallR, run #675...
Scenario: $r=12, $rho=0.230, $repetition=0
Assigned runID=MonetecFocusedSmallR-675-20260930-08:59:56-58
Setting up network "dect2020scheduledaccess.DectScheduledAccessNetwork"...
Initializing...

Running simulation...
** Event #0   t=0   Elapsed: 2.2e-05s (0m 00s)
     Speed:     ev/sec=0   simsec/sec=0   ev/simsec=0
     Messages:  created: 2   present: 2   in FES: 2
** Event #148101   t=172.13250001167   Elapsed: 0.014257s (0m 00s)
     Speed:     ev/sec=1.04047e+07   simsec/sec=12093   ev/simsec=860.392
     Messages:  created: 2   present: 2   in FES: 1

<!> Simulation stopped with endSimulation() -- in module (ScheduledAccessQueue) DectScheduledAccessNetwork.queue (id=2), at t=172.13250001167s, event #148101

Calling finish() at end of Run #675...

Preparing for running configuration MonetecFocusedSmallR, run #676...
Scenario: $r=12, $rho=0.230, $repetition=1
Assigned runID=MonetecFocusedSmallR-676-20260930-08:59:56-58
Setting up network "dect2020scheduledaccess.DectScheduledAccessNetwork"...
Initializing...

Running simulation...
** Event #0   t=0   Elapsed: 3.1e-05s (0m 00s)
     Speed:     ev/sec=0   simsec/sec=0   ev/simsec=0
     Messages:  created: 2   present: 2   in FES: 2
** Event #147640   t=172.132083345003   Elapsed: 0.014086s (0m 00s)
     Speed:     ev/sec=1.05044e+07   simsec/sec=12247   ev/simsec=857.716
     Messages:  created: 2   present: 2   in FES: 1

<!> Simulation stopped with endSimulation() -- in module (ScheduledAccessQueue) DectScheduledAccessNetwork.queue (id=2), at t=172.132083345003s, event #147640

Calling finish() at end of Run #676...

Preparing for running configuration MonetecFocusedSmallR, run #677...
Scenario: $r=12, $rho=0.230, $repetition=2
Assigned runID=MonetecFocusedSmallR-677-20260930-08:59:56-58
Setting up network "dect2020scheduledaccess.DectScheduledAccessNetwork"...
Initializing...

Running simulation...
** Event #0   t=0   Elapsed: 3e-06s (0m 00s)
     Speed:     ev/sec=0   simsec/sec=0   ev/simsec=0
     Messages:  created: 2   present: 2   in FES: 2
** Event #147612   t=172.13250001167   Elapsed: 0.014097s (0m 00s)
     Speed:     ev/sec=1.04741e+07   simsec/sec=12214   ev/simsec=857.551
     Messages:  created: 2   present: 2   in FES: 1

<!> Simulation stopped with endSimulation() -- in module (ScheduledAccessQueue) DectScheduledAccessNetwork.queue (id=2), at t=172.13250001167s, event #147612

Calling finish() at end of Run #677...

Preparing for running configuration MonetecFocusedSmallR, run #678...
Scenario: $r=12, $rho=0.235, $repetition=0
Assigned runID=MonetecFocusedSmallR-678-20260930-08:59:56-58
Setting up network "dect2020scheduledaccess.DectScheduledAccessNetwork"...
Initializing...

Running simulation...
** Event #0   t=0   Elapsed: 3e-06s (0m 00s)
     Speed:     ev/sec=0   simsec/sec=0   ev/simsec=0
     Messages:  created: 2   present: 2   in FES: 2
** Event #150217   t=172.141916678337   Elapsed: 0.01446s (0m 00s)
     Speed:     ev/sec=1.0392e+07   simsec/sec=11908.8   ev/simsec=872.637
     Messages:  created: 2   present: 2   in FES: 1

<!> Simulation stopped with endSimulation() -- in module (ScheduledAccessQueue) DectScheduledAccessNetwork.queue (id=2), at t=172.141916678337s, event #150217

Calling finish() at end of Run #678...

Preparing for running configuration MonetecFocusedSmallR, run #679...
Scenario: $r=12, $rho=0.235, $repetition=1
Assigned runID=MonetecFocusedSmallR-679-20260930-08:59:56-58
Setting up network "dect2020scheduledaccess.DectScheduledAccessNetwork"...
Initializing...

Running simulation...
** Event #0   t=0   Elapsed: 4e-06s (0m 00s)
     Speed:     ev/sec=0   simsec/sec=0   ev/simsec=0
     Messages:  created: 2   present: 2   in FES: 2
** Event #149785   t=172.141916678337   Elapsed: 0.014443s (0m 00s)
     Speed:     ev/sec=1.03736e+07   simsec/sec=11922   ev/simsec=870.127
     Messages:  created: 2   present: 2   in FES: 1

<!> Simulation stopped with endSimulation() -- in module (ScheduledAccessQueue) DectScheduledAccessNetwork.queue (id=2), at t=172.141916678337s, event #149785

Calling finish() at end of Run #679...

Preparing for running configuration MonetecFocusedSmallR, run #680...
Scenario: $r=12, $rho=0.235, $repetition=2
Assigned runID=MonetecFocusedSmallR-680-20260930-08:59:56-58
Setting up network "dect2020scheduledaccess.DectScheduledAccessNetwork"...
Initializing...

Running simulation...
** Event #0   t=0   Elapsed: 3e-06s (0m 00s)
     Speed:     ev/sec=0   simsec/sec=0   ev/simsec=0
     Messages:  created: 2   present: 2   in FES: 2
** Event #149603   t=172.13250001167   Elapsed: 0.014327s (0m 00s)
     Speed:     ev/sec=1.04442e+07   simsec/sec=12017   ev/simsec=869.117
     Messages:  created: 2   present: 2   in FES: 1

<!> Simulation stopped with endSimulation() -- in module (ScheduledAccessQueue) DectScheduledAccessNetwork.queue (id=2), at t=172.13250001167s, event #149603

Calling finish() at end of Run #680...

Preparing for running configuration MonetecFocusedSmallR, run #681...
Scenario: $r=12, $rho=0.240, $repetition=0
Assigned runID=MonetecFocusedSmallR-681-20260930-08:59:56-58
Setting up network "dect2020scheduledaccess.DectScheduledAccessNetwork"...
Initializing...

Running simulation...
** Event #0   t=0   Elapsed: 4e-06s (0m 00s)
     Speed:     ev/sec=0   simsec/sec=0   ev/simsec=0
     Messages:  created: 2   present: 2   in FES: 2
** Event #152266   t=172.13250001167   Elapsed: 0.016884s (0m 00s)
     Speed:     ev/sec=9.0205e+06   simsec/sec=10197.4   ev/simsec=884.588
     Messages:  created: 2   present: 2   in FES: 1

<!> Simulation stopped with endSimulation() -- in module (ScheduledAccessQueue) DectScheduledAccessNetwork.queue (id=2), at t=172.13250001167s, event #152266

Calling finish() at end of Run #681...

Preparing for running configuration MonetecFocusedSmallR, run #682...
Scenario: $r=12, $rho=0.240, $repetition=1
Assigned runID=MonetecFocusedSmallR-682-20260930-08:59:56-58
Setting up network "dect2020scheduledaccess.DectScheduledAccessNetwork"...
Initializing...

Running simulation...
** Event #0   t=0   Elapsed: 3e-06s (0m 00s)
     Speed:     ev/sec=0   simsec/sec=0   ev/simsec=0
     Messages:  created: 2   present: 2   in FES: 2
** Event #151903   t=172.14150001167   Elapsed: 0.014475s (0m 00s)
     Speed:     ev/sec=1.04978e+07   simsec/sec=11896.4   ev/simsec=882.433
     Messages:  created: 2   present: 2   in FES: 1

<!> Simulation stopped with endSimulation() -- in module (ScheduledAccessQueue) DectScheduledAccessNetwork.queue (id=2), at t=172.14150001167s, event #151903

Calling finish() at end of Run #682...

Preparing for running configuration MonetecFocusedSmallR, run #683...
Scenario: $r=12, $rho=0.240, $repetition=2
Assigned runID=MonetecFocusedSmallR-683-20260930-08:59:56-58
Setting up network "dect2020scheduledaccess.DectScheduledAccessNetwork"...
Initializing...

Running simulation...
** Event #0   t=0   Elapsed: 3e-06s (0m 00s)
     Speed:     ev/sec=0   simsec/sec=0   ev/simsec=0
     Messages:  created: 2   present: 2   in FES: 2
** Event #151680   t=172.141916678337   Elapsed: 0.014375s (0m 00s)
     Speed:     ev/sec=1.05546e+07   simsec/sec=11978.4   ev/simsec=881.134
     Messages:  created: 2   present: 2   in FES: 1

<!> Simulation stopped with endSimulation() -- in module (ScheduledAccessQueue) DectScheduledAccessNetwork.queue (id=2), at t=172.141916678337s, event #151680

Calling finish() at end of Run #683...

Preparing for running configuration MonetecFocusedSmallR, run #684...
Scenario: $r=12, $rho=0.245, $repetition=0
Assigned runID=MonetecFocusedSmallR-684-20260930-08:59:56-58
Setting up network "dect2020scheduledaccess.DectScheduledAccessNetwork"...
Initializing...

Running simulation...
** Event #0   t=0   Elapsed: 3e-06s (0m 00s)
     Speed:     ev/sec=0   simsec/sec=0   ev/simsec=0
     Messages:  created: 2   present: 2   in FES: 2
** Event #154260   t=172.13250001167   Elapsed: 0.014804s (0m 00s)
     Speed:     ev/sec=1.0423e+07   simsec/sec=11630.6   ev/simsec=896.171
     Messages:  created: 2   present: 2   in FES: 1

<!> Simulation stopped with endSimulation() -- in module (ScheduledAccessQueue) DectScheduledAccessNetwork.queue (id=2), at t=172.13250001167s, event #154260

Calling finish() at end of Run #684...

Preparing for running configuration MonetecFocusedSmallR, run #685...
Scenario: $r=12, $rho=0.245, $repetition=1
Assigned runID=MonetecFocusedSmallR-685-20260930-08:59:56-58
Setting up network "dect2020scheduledaccess.DectScheduledAccessNetwork"...
Initializing...

Running simulation...
** Event #0   t=0   Elapsed: 3e-06s (0m 00s)
     Speed:     ev/sec=0   simsec/sec=0   ev/simsec=0
     Messages:  created: 2   present: 2   in FES: 2
** Event #153973   t=172.141916678337   Elapsed: 0.014693s (0m 00s)
     Speed:     ev/sec=1.04822e+07   simsec/sec=11719.1   ev/simsec=894.456
     Messages:  created: 2   present: 2   in FES: 1

<!> Simulation stopped with endSimulation() -- in module (ScheduledAccessQueue) DectScheduledAccessNetwork.queue (id=2), at t=172.141916678337s, event #153973

Calling finish() at end of Run #685...

Preparing for running configuration MonetecFocusedSmallR, run #686...
Scenario: $r=12, $rho=0.245, $repetition=2
Assigned runID=MonetecFocusedSmallR-686-20260930-08:59:56-58
Setting up network "dect2020scheduledaccess.DectScheduledAccessNetwork"...
Initializing...

Running simulation...
** Event #0   t=0   Elapsed: 4e-06s (0m 00s)
     Speed:     ev/sec=0   simsec/sec=0   ev/simsec=0
     Messages:  created: 2   present: 2   in FES: 2
** Event #153678   t=172.13250001167   Elapsed: 0.014627s (0m 00s)
     Speed:     ev/sec=1.05101e+07   simsec/sec=11772.1   ev/simsec=892.79
     Messages:  created: 2   present: 2   in FES: 1

<!> Simulation stopped with endSimulation() -- in module (ScheduledAccessQueue) DectScheduledAccessNetwork.queue (id=2), at t=172.13250001167s, event #153678

Calling finish() at end of Run #686...

Preparing for running configuration MonetecFocusedSmallR, run #687...
Scenario: $r=12, $rho=0.250, $repetition=0
Assigned runID=MonetecFocusedSmallR-687-20260930-08:59:56-58
Setting up network "dect2020scheduledaccess.DectScheduledAccessNetwork"...
Initializing...

Running simulation...
** Event #0   t=0   Elapsed: 3e-06s (0m 00s)
     Speed:     ev/sec=0   simsec/sec=0   ev/simsec=0
     Messages:  created: 2   present: 2   in FES: 2
** Event #156300   t=172.13250001167   Elapsed: 0.015003s (0m 00s)
     Speed:     ev/sec=1.042e+07   simsec/sec=11475.5   ev/simsec=908.024
     Messages:  created: 2   present: 2   in FES: 1

<!> Simulation stopped with endSimulation() -- in module (ScheduledAccessQueue) DectScheduledAccessNetwork.queue (id=2), at t=172.13250001167s, event #156300

Calling finish() at end of Run #687...

Preparing for running configuration MonetecFocusedSmallR, run #688...
Scenario: $r=12, $rho=0.250, $repetition=1
Assigned runID=MonetecFocusedSmallR-688-20260930-08:59:56-58
Setting up network "dect2020scheduledaccess.DectScheduledAccessNetwork"...
Initializing...

Running simulation...
** Event #0   t=0   Elapsed: 3e-06s (0m 00s)
     Speed:     ev/sec=0   simsec/sec=0   ev/simsec=0
     Messages:  created: 2   present: 2   in FES: 2
** Event #156021   t=172.151333345004   Elapsed: 0.014945s (0m 00s)
     Speed:     ev/sec=1.04418e+07   simsec/sec=11521.3   ev/simsec=906.304
     Messages:  created: 2   present: 2   in FES: 1

<!> Simulation stopped with endSimulation() -- in module (ScheduledAccessQueue) DectScheduledAccessNetwork.queue (id=2), at t=172.151333345004s, event #156021

Calling finish() at end of Run #688...

Preparing for running configuration MonetecFocusedSmallR, run #689...
Scenario: $r=12, $rho=0.250, $repetition=2
Assigned runID=MonetecFocusedSmallR-689-20260930-08:59:56-58
Setting up network "dect2020scheduledaccess.DectScheduledAccessNetwork"...
Initializing...

Running simulation...
** Event #0   t=0   Elapsed: 3e-06s (0m 00s)
     Speed:     ev/sec=0   simsec/sec=0   ev/simsec=0
     Messages:  created: 2   present: 2   in FES: 2
** Event #155787   t=172.13250001167   Elapsed: 0.015014s (0m 00s)
     Speed:     ev/sec=1.03789e+07   simsec/sec=11467.8   ev/simsec=905.043
     Messages:  created: 2   present: 2   in FES: 1

<!> Simulation stopped with endSimulation() -- in module (ScheduledAccessQueue) DectScheduledAccessNetwork.queue (id=2), at t=172.13250001167s, event #155787

Calling finish() at end of Run #689...

Preparing for running configuration MonetecFocusedSmallR, run #690...
Scenario: $r=12, $rho=0.255, $repetition=0
Assigned runID=MonetecFocusedSmallR-690-20260930-08:59:56-58
Setting up network "dect2020scheduledaccess.DectScheduledAccessNetwork"...
Initializing...

Running simulation...
** Event #0   t=0   Elapsed: 3e-06s (0m 00s)
     Speed:     ev/sec=0   simsec/sec=0   ev/simsec=0
     Messages:  created: 2   present: 2   in FES: 2
** Event #158319   t=172.132083345003   Elapsed: 0.015218s (0m 00s)
     Speed:     ev/sec=1.04055e+07   simsec/sec=11313.3   ev/simsec=919.755
     Messages:  created: 2   present: 2   in FES: 1

<!> Simulation stopped with endSimulation() -- in module (ScheduledAccessQueue) DectScheduledAccessNetwork.queue (id=2), at t=172.132083345003s, event #158319

Calling finish() at end of Run #690...

Preparing for running configuration MonetecFocusedSmallR, run #691...
Scenario: $r=12, $rho=0.255, $repetition=1
Assigned runID=MonetecFocusedSmallR-691-20260930-08:59:56-58
Setting up network "dect2020scheduledaccess.DectScheduledAccessNetwork"...
Initializing...

Running simulation...
** Event #0   t=0   Elapsed: 3e-06s (0m 00s)
     Speed:     ev/sec=0   simsec/sec=0   ev/simsec=0
     Messages:  created: 2   present: 2   in FES: 2
** Event #158097   t=172.141916678337   Elapsed: 0.01527s (0m 00s)
     Speed:     ev/sec=1.03555e+07   simsec/sec=11275.4   ev/simsec=918.412
     Messages:  created: 2   present: 2   in FES: 1

<!> Simulation stopped with endSimulation() -- in module (ScheduledAccessQueue) DectScheduledAccessNetwork.queue (id=2), at t=172.141916678337s, event #158097

Calling finish() at end of Run #691...

Preparing for running configuration MonetecFocusedSmallR, run #692...
Scenario: $r=12, $rho=0.255, $repetition=2
Assigned runID=MonetecFocusedSmallR-692-20260930-08:59:56-58
Setting up network "dect2020scheduledaccess.DectScheduledAccessNetwork"...
Initializing...

Running simulation...
** Event #0   t=0   Elapsed: 1.7e-05s (0m 00s)
     Speed:     ev/sec=0   simsec/sec=0   ev/simsec=0
     Messages:  created: 2   present: 2   in FES: 2
** Event #157792   t=172.141916678337   Elapsed: 0.015243s (0m 00s)
     Speed:     ev/sec=1.03633e+07   simsec/sec=11305.8   ev/simsec=916.639
     Messages:  created: 2   present: 2   in FES: 1

<!> Simulation stopped with endSimulation() -- in module (ScheduledAccessQueue) DectScheduledAccessNetwork.queue (id=2), at t=172.141916678337s, event #157792

Calling finish() at end of Run #692...

Preparing for running configuration MonetecFocusedSmallR, run #693...
Scenario: $r=12, $rho=0.260, $repetition=0
Assigned runID=MonetecFocusedSmallR-693-20260930-08:59:56-58
Setting up network "dect2020scheduledaccess.DectScheduledAccessNetwork"...
Initializing...

Running simulation...
** Event #0   t=0   Elapsed: 3e-06s (0m 00s)
     Speed:     ev/sec=0   simsec/sec=0   ev/simsec=0
     Messages:  created: 2   present: 2   in FES: 2
** Event #160444   t=172.141916678337   Elapsed: 0.015596s (0m 00s)
     Speed:     ev/sec=1.02895e+07   simsec/sec=11039.7   ev/simsec=932.047
     Messages:  created: 2   present: 2   in FES: 1

<!> Simulation stopped with endSimulation() -- in module (ScheduledAccessQueue) DectScheduledAccessNetwork.queue (id=2), at t=172.141916678337s, event #160444

Calling finish() at end of Run #693...

Preparing for running configuration MonetecFocusedSmallR, run #694...
Scenario: $r=12, $rho=0.260, $repetition=1
Assigned runID=MonetecFocusedSmallR-694-20260930-08:59:56-58
Setting up network "dect2020scheduledaccess.DectScheduledAccessNetwork"...
Initializing...

Running simulation...
** Event #0   t=0   Elapsed: 2.9e-05s (0m 00s)
     Speed:     ev/sec=0   simsec/sec=0   ev/simsec=0
     Messages:  created: 2   present: 2   in FES: 2
** Event #160226   t=172.141916678337   Elapsed: 0.015324s (0m 00s)
     Speed:     ev/sec=1.0475e+07   simsec/sec=11254   ev/simsec=930.781
     Messages:  created: 2   present: 2   in FES: 1

<!> Simulation stopped with endSimulation() -- in module (ScheduledAccessQueue) DectScheduledAccessNetwork.queue (id=2), at t=172.141916678337s, event #160226

Calling finish() at end of Run #694...

Preparing for running configuration MonetecFocusedSmallR, run #695...
Scenario: $r=12, $rho=0.260, $repetition=2
Assigned runID=MonetecFocusedSmallR-695-20260930-08:59:56-58
Setting up network "dect2020scheduledaccess.DectScheduledAccessNetwork"...
Initializing...

Running simulation...
** Event #0   t=0   Elapsed: 1.7e-05s (0m 00s)
     Speed:     ev/sec=0   simsec/sec=0   ev/simsec=0
     Messages:  created: 2   present: 2   in FES: 2
** Event #159826   t=172.13250001167   Elapsed: 0.015222s (0m 00s)
     Speed:     ev/sec=1.05114e+07   simsec/sec=11320.8   ev/simsec=928.507
     Messages:  created: 2   present: 2   in FES: 1

<!> Simulation stopped with endSimulation() -- in module (ScheduledAccessQueue) DectScheduledAccessNetwork.queue (id=2), at t=172.13250001167s, event #159826

Calling finish() at end of Run #695...

Preparing for running configuration MonetecFocusedSmallR, run #696...
Scenario: $r=12, $rho=0.265, $repetition=0
Assigned runID=MonetecFocusedSmallR-696-20260930-08:59:56-58
Setting up network "dect2020scheduledaccess.DectScheduledAccessNetwork"...
Initializing...

Running simulation...
** Event #0   t=0   Elapsed: 3e-06s (0m 00s)
     Speed:     ev/sec=0   simsec/sec=0   ev/simsec=0
     Messages:  created: 2   present: 2   in FES: 2
** Event #162550   t=172.141916678337   Elapsed: 0.015852s (0m 00s)
     Speed:     ev/sec=1.02562e+07   simsec/sec=10861.3   ev/simsec=944.281
     Messages:  created: 2   present: 2   in FES: 1

<!> Simulation stopped with endSimulation() -- in module (ScheduledAccessQueue) DectScheduledAccessNetwork.queue (id=2), at t=172.141916678337s, event #162550

Calling finish() at end of Run #696...

Preparing for running configuration MonetecFocusedSmallR, run #697...
Scenario: $r=12, $rho=0.265, $repetition=1
Assigned runID=MonetecFocusedSmallR-697-20260930-08:59:56-58
Setting up network "dect2020scheduledaccess.DectScheduledAccessNetwork"...
Initializing...

Running simulation...
** Event #0   t=0   Elapsed: 3e-06s (0m 00s)
     Speed:     ev/sec=0   simsec/sec=0   ev/simsec=0
     Messages:  created: 2   present: 2   in FES: 2
** Event #162336   t=172.141916678337   Elapsed: 0.015464s (0m 00s)
     Speed:     ev/sec=1.04997e+07   simsec/sec=11133.9   ev/simsec=943.038
     Messages:  created: 2   present: 2   in FES: 1

<!> Simulation stopped with endSimulation() -- in module (ScheduledAccessQueue) DectScheduledAccessNetwork.queue (id=2), at t=172.141916678337s, event #162336

Calling finish() at end of Run #697...

Preparing for running configuration MonetecFocusedSmallR, run #698...
Scenario: $r=12, $rho=0.265, $repetition=2
Assigned runID=MonetecFocusedSmallR-698-20260930-08:59:56-58
Setting up network "dect2020scheduledaccess.DectScheduledAccessNetwork"...
Initializing...

Running simulation...
** Event #0   t=0   Elapsed: 3e-06s (0m 00s)
     Speed:     ev/sec=0   simsec/sec=0   ev/simsec=0
     Messages:  created: 2   present: 2   in FES: 2
** Event #161878   t=172.13250001167   Elapsed: 0.015382s (0m 00s)
     Speed:     ev/sec=1.05259e+07   simsec/sec=11192.7   ev/simsec=940.429
     Messages:  created: 2   present: 2   in FES: 1

<!> Simulation stopped with endSimulation() -- in module (ScheduledAccessQueue) DectScheduledAccessNetwork.queue (id=2), at t=172.13250001167s, event #161878

Calling finish() at end of Run #698...

Preparing for running configuration MonetecFocusedSmallR, run #699...
Scenario: $r=12, $rho=0.270, $repetition=0
Assigned runID=MonetecFocusedSmallR-699-20260930-08:59:56-58
Setting up network "dect2020scheduledaccess.DectScheduledAccessNetwork"...
Initializing...

Running simulation...
** Event #0   t=0   Elapsed: 3e-06s (0m 00s)
     Speed:     ev/sec=0   simsec/sec=0   ev/simsec=0
     Messages:  created: 2   present: 2   in FES: 2
** Event #164643   t=172.141916678337   Elapsed: 0.015943s (0m 00s)
     Speed:     ev/sec=1.03296e+07   simsec/sec=10800   ev/simsec=956.44
     Messages:  created: 2   present: 2   in FES: 1

<!> Simulation stopped with endSimulation() -- in module (ScheduledAccessQueue) DectScheduledAccessNetwork.queue (id=2), at t=172.141916678337s, event #164643

Calling finish() at end of Run #699...

Preparing for running configuration MonetecFocusedSmallR, run #700...
Scenario: $r=12, $rho=0.270, $repetition=1
Assigned runID=MonetecFocusedSmallR-700-20260930-08:59:56-58
Setting up network "dect2020scheduledaccess.DectScheduledAccessNetwork"...
Initializing...

Running simulation...
** Event #0   t=0   Elapsed: 3.1e-05s (0m 00s)
     Speed:     ev/sec=0   simsec/sec=0   ev/simsec=0
     Messages:  created: 2   present: 2   in FES: 2
** Event #164437   t=172.151333345004   Elapsed: 0.015721s (0m 00s)
     Speed:     ev/sec=1.04797e+07   simsec/sec=10971.3   ev/simsec=955.191
     Messages:  created: 2   present: 2   in FES: 1

<!> Simulation stopped with endSimulation() -- in module (ScheduledAccessQueue) DectScheduledAccessNetwork.queue (id=2), at t=172.151333345004s, event #164437

Calling finish() at end of Run #700...

Preparing for running configuration MonetecFocusedSmallR, run #701...
Scenario: $r=12, $rho=0.270, $repetition=2
Assigned runID=MonetecFocusedSmallR-701-20260930-08:59:56-58
Setting up network "dect2020scheduledaccess.DectScheduledAccessNetwork"...
Initializing...

Running simulation...
** Event #0   t=0   Elapsed: 3e-06s (0m 00s)
     Speed:     ev/sec=0   simsec/sec=0   ev/simsec=0
     Messages:  created: 2   present: 2   in FES: 2
** Event #163961   t=172.13250001167   Elapsed: 0.015647s (0m 00s)
     Speed:     ev/sec=1.04814e+07   simsec/sec=11003.8   ev/simsec=952.529
     Messages:  created: 2   present: 2   in FES: 1

<!> Simulation stopped with endSimulation() -- in module (ScheduledAccessQueue) DectScheduledAccessNetwork.queue (id=2), at t=172.13250001167s, event #163961

Calling finish() at end of Run #701...

Preparing for running configuration MonetecFocusedSmallR, run #702...
Scenario: $r=12, $rho=0.275, $repetition=0
Assigned runID=MonetecFocusedSmallR-702-20260930-08:59:56-58
Setting up network "dect2020scheduledaccess.DectScheduledAccessNetwork"...
Initializing...

Running simulation...
** Event #0   t=0   Elapsed: 3e-06s (0m 00s)
     Speed:     ev/sec=0   simsec/sec=0   ev/simsec=0
     Messages:  created: 2   present: 2   in FES: 2
** Event #166741   t=172.141916678337   Elapsed: 0.016187s (0m 00s)
     Speed:     ev/sec=1.03047e+07   simsec/sec=10638.5   ev/simsec=968.627
     Messages:  created: 2   present: 2   in FES: 1

<!> Simulation stopped with endSimulation() -- in module (ScheduledAccessQueue) DectScheduledAccessNetwork.queue (id=2), at t=172.141916678337s, event #166741

Calling finish() at end of Run #702...

Preparing for running configuration MonetecFocusedSmallR, run #703...
Scenario: $r=12, $rho=0.275, $repetition=1
Assigned runID=MonetecFocusedSmallR-703-20260930-08:59:56-58
Setting up network "dect2020scheduledaccess.DectScheduledAccessNetwork"...
Initializing...

Running simulation...
** Event #0   t=0   Elapsed: 4e-06s (0m 00s)
     Speed:     ev/sec=0   simsec/sec=0   ev/simsec=0
     Messages:  created: 2   present: 2   in FES: 2
** Event #166543   t=172.141916678337   Elapsed: 0.015983s (0m 00s)
     Speed:     ev/sec=1.04233e+07   simsec/sec=10773.7   ev/simsec=967.477
     Messages:  created: 2   present: 2   in FES: 1

<!> Simulation stopped with endSimulation() -- in module (ScheduledAccessQueue) DectScheduledAccessNetwork.queue (id=2), at t=172.141916678337s, event #166543

Calling finish() at end of Run #703...

Preparing for running configuration MonetecFocusedSmallR, run #704...
Scenario: $r=12, $rho=0.275, $repetition=2
Assigned runID=MonetecFocusedSmallR-704-20260930-08:59:56-58
Setting up network "dect2020scheduledaccess.DectScheduledAccessNetwork"...
Initializing...

Running simulation...
** Event #0   t=0   Elapsed: 4e-06s (0m 00s)
     Speed:     ev/sec=0   simsec/sec=0   ev/simsec=0
     Messages:  created: 2   present: 2   in FES: 2
** Event #166086   t=172.142333345004   Elapsed: 0.015846s (0m 00s)
     Speed:     ev/sec=1.04846e+07   simsec/sec=10866.9   ev/simsec=964.82
     Messages:  created: 2   present: 2   in FES: 1

<!> Simulation stopped with endSimulation() -- in module (ScheduledAccessQueue) DectScheduledAccessNetwork.queue (id=2), at t=172.142333345004s, event #166086

Calling finish() at end of Run #704...

Preparing for running configuration MonetecFocusedSmallR, run #705...
Scenario: $r=12, $rho=0.280, $repetition=0
Assigned runID=MonetecFocusedSmallR-705-20260930-08:59:56-58
Setting up network "dect2020scheduledaccess.DectScheduledAccessNetwork"...
Initializing...

Running simulation...
** Event #0   t=0   Elapsed: 4e-06s (0m 00s)
     Speed:     ev/sec=0   simsec/sec=0   ev/simsec=0
     Messages:  created: 2   present: 2   in FES: 2
** Event #168829   t=172.13250001167   Elapsed: 0.016133s (0m 00s)
     Speed:     ev/sec=1.04687e+07   simsec/sec=10673.5   ev/simsec=980.811
     Messages:  created: 2   present: 2   in FES: 1

<!> Simulation stopped with endSimulation() -- in module (ScheduledAccessQueue) DectScheduledAccessNetwork.queue (id=2), at t=172.13250001167s, event #168829

Calling finish() at end of Run #705...

Preparing for running configuration MonetecFocusedSmallR, run #706...
Scenario: $r=12, $rho=0.280, $repetition=1
Assigned runID=MonetecFocusedSmallR-706-20260930-08:59:56-58
Setting up network "dect2020scheduledaccess.DectScheduledAccessNetwork"...
Initializing...

Running simulation...
** Event #0   t=0   Elapsed: 3e-06s (0m 00s)
     Speed:     ev/sec=0   simsec/sec=0   ev/simsec=0
     Messages:  created: 2   present: 2   in FES: 2
** Event #168557   t=172.141916678337   Elapsed: 0.016244s (0m 00s)
     Speed:     ev/sec=1.03798e+07   simsec/sec=10600.5   ev/simsec=979.177
     Messages:  created: 2   present: 2   in FES: 1

<!> Simulation stopped with endSimulation() -- in module (ScheduledAccessQueue) DectScheduledAccessNetwork.queue (id=2), at t=172.141916678337s, event #168557

Calling finish() at end of Run #706...

Preparing for running configuration MonetecFocusedSmallR, run #707...
Scenario: $r=12, $rho=0.280, $repetition=2
Assigned runID=MonetecFocusedSmallR-707-20260930-08:59:56-58
Setting up network "dect2020scheduledaccess.DectScheduledAccessNetwork"...
Initializing...

Running simulation...
** Event #0   t=0   Elapsed: 3e-06s (0m 00s)
     Speed:     ev/sec=0   simsec/sec=0   ev/simsec=0
     Messages:  created: 2   present: 2   in FES: 2
** Event #168164   t=172.13250001167   Elapsed: 0.016176s (0m 00s)
     Speed:     ev/sec=1.03991e+07   simsec/sec=10644.5   ev/simsec=976.947
     Messages:  created: 2   present: 2   in FES: 1

<!> Simulation stopped with endSimulation() -- in module (ScheduledAccessQueue) DectScheduledAccessNetwork.queue (id=2), at t=172.13250001167s, event #168164

Calling finish() at end of Run #707...

Preparing for running configuration MonetecFocusedSmallR, run #708...
Scenario: $r=12, $rho=0.285, $repetition=0
Assigned runID=MonetecFocusedSmallR-708-20260930-08:59:56-58
Setting up network "dect2020scheduledaccess.DectScheduledAccessNetwork"...
Initializing...

Running simulation...
** Event #0   t=0   Elapsed: 4e-06s (0m 00s)
     Speed:     ev/sec=0   simsec/sec=0   ev/simsec=0
     Messages:  created: 2   present: 2   in FES: 2
** Event #170978   t=172.13250001167   Elapsed: 0.016404s (0m 00s)
     Speed:     ev/sec=1.04274e+07   simsec/sec=10497.8   ev/simsec=993.295
     Messages:  created: 2   present: 2   in FES: 1

<!> Simulation stopped with endSimulation() -- in module (ScheduledAccessQueue) DectScheduledAccessNetwork.queue (id=2), at t=172.13250001167s, event #170978

Calling finish() at end of Run #708...

Preparing for running configuration MonetecFocusedSmallR, run #709...
Scenario: $r=12, $rho=0.285, $repetition=1
Assigned runID=MonetecFocusedSmallR-709-20260930-08:59:56-58
Setting up network "dect2020scheduledaccess.DectScheduledAccessNetwork"...
Initializing...

Running simulation...
** Event #0   t=0   Elapsed: 6e-06s (0m 00s)
     Speed:     ev/sec=0   simsec/sec=0   ev/simsec=0
     Messages:  created: 2   present: 2   in FES: 2
** Event #170641   t=172.13250001167   Elapsed: 0.016415s (0m 00s)
     Speed:     ev/sec=1.03999e+07   simsec/sec=10490.7   ev/simsec=991.338
     Messages:  created: 2   present: 2   in FES: 1

<!> Simulation stopped with endSimulation() -- in module (ScheduledAccessQueue) DectScheduledAccessNetwork.queue (id=2), at t=172.13250001167s, event #170641

Calling finish() at end of Run #709...

Preparing for running configuration MonetecFocusedSmallR, run #710...
Scenario: $r=12, $rho=0.285, $repetition=2
Assigned runID=MonetecFocusedSmallR-710-20260930-08:59:56-58
Setting up network "dect2020scheduledaccess.DectScheduledAccessNetwork"...
Initializing...

Running simulation...
** Event #0   t=0   Elapsed: 4e-06s (0m 00s)
     Speed:     ev/sec=0   simsec/sec=0   ev/simsec=0
     Messages:  created: 2   present: 2   in FES: 2
** Event #170354   t=172.13250001167   Elapsed: 0.016318s (0m 00s)
     Speed:     ev/sec=1.04428e+07   simsec/sec=10551.8   ev/simsec=989.67
     Messages:  created: 2   present: 2   in FES: 1

<!> Simulation stopped with endSimulation() -- in module (ScheduledAccessQueue) DectScheduledAccessNetwork.queue (id=2), at t=172.13250001167s, event #170354

Calling finish() at end of Run #710...

Preparing for running configuration MonetecFocusedSmallR, run #711...
Scenario: $r=12, $rho=0.290, $repetition=0
Assigned runID=MonetecFocusedSmallR-711-20260930-08:59:56-58
Setting up network "dect2020scheduledaccess.DectScheduledAccessNetwork"...
Initializing...

Running simulation...
** Event #0   t=0   Elapsed: 4e-06s (0m 00s)
     Speed:     ev/sec=0   simsec/sec=0   ev/simsec=0
     Messages:  created: 2   present: 2   in FES: 2
** Event #173055   t=172.141916678337   Elapsed: 0.016607s (0m 00s)
     Speed:     ev/sec=1.04231e+07   simsec/sec=10368.1   ev/simsec=1005.31
     Messages:  created: 2   present: 2   in FES: 1

<!> Simulation stopped with endSimulation() -- in module (ScheduledAccessQueue) DectScheduledAccessNetwork.queue (id=2), at t=172.141916678337s, event #173055

Calling finish() at end of Run #711...

Preparing for running configuration MonetecFocusedSmallR, run #712...
Scenario: $r=12, $rho=0.290, $repetition=1
Assigned runID=MonetecFocusedSmallR-712-20260930-08:59:56-58
Setting up network "dect2020scheduledaccess.DectScheduledAccessNetwork"...
Initializing...

Running simulation...
** Event #0   t=0   Elapsed: 3e-06s (0m 00s)
     Speed:     ev/sec=0   simsec/sec=0   ev/simsec=0
     Messages:  created: 2   present: 2   in FES: 2
** Event #172756   t=172.141916678337   Elapsed: 0.016469s (0m 00s)
     Speed:     ev/sec=1.0493e+07   simsec/sec=10455.6   ev/simsec=1003.57
     Messages:  created: 2   present: 2   in FES: 1

<!> Simulation stopped with endSimulation() -- in module (ScheduledAccessQueue) DectScheduledAccessNetwork.queue (id=2), at t=172.141916678337s, event #172756

Calling finish() at end of Run #712...

Preparing for running configuration MonetecFocusedSmallR, run #713...
Scenario: $r=12, $rho=0.290, $repetition=2
Assigned runID=MonetecFocusedSmallR-713-20260930-08:59:57-58
Setting up network "dect2020scheduledaccess.DectScheduledAccessNetwork"...
Initializing...

Running simulation...
** Event #0   t=0   Elapsed: 3e-06s (0m 00s)
     Speed:     ev/sec=0   simsec/sec=0   ev/simsec=0
     Messages:  created: 2   present: 2   in FES: 2
** Event #172435   t=172.13250001167   Elapsed: 0.016648s (0m 00s)
     Speed:     ev/sec=1.03621e+07   simsec/sec=10343.9   ev/simsec=1001.76
     Messages:  created: 2   present: 2   in FES: 1

<!> Simulation stopped with endSimulation() -- in module (ScheduledAccessQueue) DectScheduledAccessNetwork.queue (id=2), at t=172.13250001167s, event #172435

Calling finish() at end of Run #713...

Preparing for running configuration MonetecFocusedSmallR, run #714...
Scenario: $r=12, $rho=0.295, $repetition=0
Assigned runID=MonetecFocusedSmallR-714-20260930-08:59:57-58
Setting up network "dect2020scheduledaccess.DectScheduledAccessNetwork"...
Initializing...

Running simulation...
** Event #0   t=0   Elapsed: 3e-06s (0m 00s)
     Speed:     ev/sec=0   simsec/sec=0   ev/simsec=0
     Messages:  created: 2   present: 2   in FES: 2
** Event #175115   t=172.141916678337   Elapsed: 0.016729s (0m 00s)
     Speed:     ev/sec=1.04709e+07   simsec/sec=10293.1   ev/simsec=1017.27
     Messages:  created: 2   present: 2   in FES: 1

<!> Simulation stopped with endSimulation() -- in module (ScheduledAccessQueue) DectScheduledAccessNetwork.queue (id=2), at t=172.141916678337s, event #175115

Calling finish() at end of Run #714...

Preparing for running configuration MonetecFocusedSmallR, run #715...
Scenario: $r=12, $rho=0.295, $repetition=1
Assigned runID=MonetecFocusedSmallR-715-20260930-08:59:57-58
Setting up network "dect2020scheduledaccess.DectScheduledAccessNetwork"...
Initializing...

Running simulation...
** Event #0   t=0   Elapsed: 4e-06s (0m 00s)
     Speed:     ev/sec=0   simsec/sec=0   ev/simsec=0
     Messages:  created: 2   present: 2   in FES: 2
** Event #174829   t=172.13250001167   Elapsed: 0.016737s (0m 00s)
     Speed:     ev/sec=1.04494e+07   simsec/sec=10288.2   ev/simsec=1015.67
     Messages:  created: 2   present: 2   in FES: 1

<!> Simulation stopped with endSimulation() -- in module (ScheduledAccessQueue) DectScheduledAccessNetwork.queue (id=2), at t=172.13250001167s, event #174829

Calling finish() at end of Run #715...

Preparing for running configuration MonetecFocusedSmallR, run #716...
Scenario: $r=12, $rho=0.295, $repetition=2
Assigned runID=MonetecFocusedSmallR-716-20260930-08:59:57-58
Setting up network "dect2020scheduledaccess.DectScheduledAccessNetwork"...
Initializing...

Running simulation...
** Event #0   t=0   Elapsed: 3e-06s (0m 00s)
     Speed:     ev/sec=0   simsec/sec=0   ev/simsec=0
     Messages:  created: 2   present: 2   in FES: 2
** Event #174487   t=172.142333345004   Elapsed: 0.01665s (0m 00s)
     Speed:     ev/sec=1.04835e+07   simsec/sec=10342.6   ev/simsec=1013.62
     Messages:  created: 2   present: 2   in FES: 1

<!> Simulation stopped with endSimulation() -- in module (ScheduledAccessQueue) DectScheduledAccessNetwork.queue (id=2), at t=172.142333345004s, event #174487

Calling finish() at end of Run #716...

Preparing for running configuration MonetecFocusedSmallR, run #717...
Scenario: $r=12, $rho=0.300, $repetition=0
Assigned runID=MonetecFocusedSmallR-717-20260930-08:59:57-58
Setting up network "dect2020scheduledaccess.DectScheduledAccessNetwork"...
Initializing...

Running simulation...
** Event #0   t=0   Elapsed: 3e-06s (0m 00s)
     Speed:     ev/sec=0   simsec/sec=0   ev/simsec=0
     Messages:  created: 2   present: 2   in FES: 2
** Event #177245   t=172.141916678337   Elapsed: 0.017209s (0m 00s)
     Speed:     ev/sec=1.03037e+07   simsec/sec=10007.1   ev/simsec=1029.65
     Messages:  created: 2   present: 2   in FES: 1

<!> Simulation stopped with endSimulation() -- in module (ScheduledAccessQueue) DectScheduledAccessNetwork.queue (id=2), at t=172.141916678337s, event #177245

Calling finish() at end of Run #717...

Preparing for running configuration MonetecFocusedSmallR, run #718...
Scenario: $r=12, $rho=0.300, $repetition=1
Assigned runID=MonetecFocusedSmallR-718-20260930-08:59:57-58
Setting up network "dect2020scheduledaccess.DectScheduledAccessNetwork"...
Initializing...

Running simulation...
** Event #0   t=0   Elapsed: 4e-06s (0m 00s)
     Speed:     ev/sec=0   simsec/sec=0   ev/simsec=0
     Messages:  created: 2   present: 2   in FES: 2
** Event #176912   t=172.13250001167   Elapsed: 0.017098s (0m 00s)
     Speed:     ev/sec=1.035e+07   simsec/sec=10070.3   ev/simsec=1027.77
     Messages:  created: 2   present: 2   in FES: 1

<!> Simulation stopped with endSimulation() -- in module (ScheduledAccessQueue) DectScheduledAccessNetwork.queue (id=2), at t=172.13250001167s, event #176912

Calling finish() at end of Run #718...

Preparing for running configuration MonetecFocusedSmallR, run #719...
Scenario: $r=12, $rho=0.300, $repetition=2
Assigned runID=MonetecFocusedSmallR-719-20260930-08:59:57-58
Setting up network "dect2020scheduledaccess.DectScheduledAccessNetwork"...
Initializing...

Running simulation...
** Event #0   t=0   Elapsed: 4e-06s (0m 00s)
     Speed:     ev/sec=0   simsec/sec=0   ev/simsec=0
     Messages:  created: 2   present: 2   in FES: 2
** Event #176506   t=172.13250001167   Elapsed: 0.016976s (0m 00s)
     Speed:     ev/sec=1.03998e+07   simsec/sec=10142.1   ev/simsec=1025.41
     Messages:  created: 2   present: 2   in FES: 1

<!> Simulation stopped with endSimulation() -- in module (ScheduledAccessQueue) DectScheduledAccessNetwork.queue (id=2), at t=172.13250001167s, event #176506

Calling finish() at end of Run #719...

Preparing for running configuration MonetecFocusedSmallR, run #720...
Scenario: $r=16, $rho=0.005, $repetition=0
Assigned runID=MonetecFocusedSmallR-720-20260930-08:59:57-58
Setting up network "dect2020scheduledaccess.DectScheduledAccessNetwork"...
Initializing...

Running simulation...
** Event #0   t=0   Elapsed: 3e-06s (0m 00s)
     Speed:     ev/sec=0   simsec/sec=0   ev/simsec=0
     Messages:  created: 2   present: 2   in FES: 2
** Event #389525   t=2890.308333345   Elapsed: 0.028961s (0m 00s)
     Speed:     ev/sec=1.34523e+07   simsec/sec=99817.2   ev/simsec=134.769
     Messages:  created: 2   present: 2   in FES: 1

<!> Simulation stopped with endSimulation() -- in module (ScheduledAccessQueue) DectScheduledAccessNetwork.queue (id=2), at t=2890.308333345s, event #389525

Calling finish() at end of Run #720...

Preparing for running configuration MonetecFocusedSmallR, run #721...
Scenario: $r=16, $rho=0.005, $repetition=1
Assigned runID=MonetecFocusedSmallR-721-20260930-08:59:57-58
Setting up network "dect2020scheduledaccess.DectScheduledAccessNetwork"...
Initializing...

Running simulation...
** Event #0   t=0   Elapsed: 4e-06s (0m 00s)
     Speed:     ev/sec=0   simsec/sec=0   ev/simsec=0
     Messages:  created: 2   present: 2   in FES: 2
** Event #391458   t=2907.705333345   Elapsed: 0.029122s (0m 00s)
     Speed:     ev/sec=1.34448e+07   simsec/sec=99866.2   ev/simsec=134.628
     Messages:  created: 2   present: 2   in FES: 1

<!> Simulation stopped with endSimulation() -- in module (ScheduledAccessQueue) DectScheduledAccessNetwork.queue (id=2), at t=2907.705333345s, event #391458

Calling finish() at end of Run #721...

Preparing for running configuration MonetecFocusedSmallR, run #722...
Scenario: $r=16, $rho=0.005, $repetition=2
Assigned runID=MonetecFocusedSmallR-722-20260930-08:59:57-58
Setting up network "dect2020scheduledaccess.DectScheduledAccessNetwork"...
Initializing...

Running simulation...
** Event #0   t=0   Elapsed: 4e-06s (0m 00s)
     Speed:     ev/sec=0   simsec/sec=0   ev/simsec=0
     Messages:  created: 2   present: 2   in FES: 2
** Event #388588   t=2881.875333345   Elapsed: 0.029254s (0m 00s)
     Speed:     ev/sec=1.32864e+07   simsec/sec=98535.7   ev/simsec=134.839
     Messages:  created: 2   present: 2   in FES: 1

<!> Simulation stopped with endSimulation() -- in module (ScheduledAccessQueue) DectScheduledAccessNetwork.queue (id=2), at t=2881.875333345s, event #388588

Calling finish() at end of Run #722...

Preparing for running configuration MonetecFocusedSmallR, run #723...
Scenario: $r=16, $rho=0.010, $repetition=0
Assigned runID=MonetecFocusedSmallR-723-20260930-08:59:57-58
Setting up network "dect2020scheduledaccess.DectScheduledAccessNetwork"...
Initializing...

Running simulation...
** Event #0   t=0   Elapsed: 4e-06s (0m 00s)
     Speed:     ev/sec=0   simsec/sec=0   ev/simsec=0
     Messages:  created: 2   present: 2   in FES: 2
** Event #228952   t=1445.151333345   Elapsed: 0.018005s (0m 00s)
     Speed:     ev/sec=1.27196e+07   simsec/sec=80286.2   ev/simsec=158.428
     Messages:  created: 2   present: 2   in FES: 1

<!> Simulation stopped with endSimulation() -- in module (ScheduledAccessQueue) DectScheduledAccessNetwork.queue (id=2), at t=1445.151333345s, event #228952

Calling finish() at end of Run #723...

Preparing for running configuration MonetecFocusedSmallR, run #724...
Scenario: $r=16, $rho=0.010, $repetition=1
Assigned runID=MonetecFocusedSmallR-724-20260930-08:59:57-58
Setting up network "dect2020scheduledaccess.DectScheduledAccessNetwork"...
Initializing...

Running simulation...
** Event #0   t=0   Elapsed: 3e-06s (0m 00s)
     Speed:     ev/sec=0   simsec/sec=0   ev/simsec=0
     Messages:  created: 2   present: 2   in FES: 2
** Event #229919   t=1453.854333345   Elapsed: 0.018207s (0m 00s)
     Speed:     ev/sec=1.26308e+07   simsec/sec=79868.9   ev/simsec=158.144
     Messages:  created: 2   present: 2   in FES: 1

<!> Simulation stopped with endSimulation() -- in module (ScheduledAccessQueue) DectScheduledAccessNetwork.queue (id=2), at t=1453.854333345s, event #229919

Calling finish() at end of Run #724...

Preparing for running configuration MonetecFocusedSmallR, run #725...
Scenario: $r=16, $rho=0.010, $repetition=2
Assigned runID=MonetecFocusedSmallR-725-20260930-08:59:57-58
Setting up network "dect2020scheduledaccess.DectScheduledAccessNetwork"...
Initializing...

Running simulation...
** Event #0   t=0   Elapsed: 3e-06s (0m 00s)
     Speed:     ev/sec=0   simsec/sec=0   ev/simsec=0
     Messages:  created: 2   present: 2   in FES: 2
** Event #228488   t=1440.957750011667   Elapsed: 0.017837s (0m 00s)
     Speed:     ev/sec=1.28134e+07   simsec/sec=80807.4   ev/simsec=158.567
     Messages:  created: 2   present: 2   in FES: 1

<!> Simulation stopped with endSimulation() -- in module (ScheduledAccessQueue) DectScheduledAccessNetwork.queue (id=2), at t=1440.957750011667s, event #228488

Calling finish() at end of Run #725...

Preparing for running configuration MonetecFocusedSmallR, run #726...
Scenario: $r=16, $rho=0.015, $repetition=0
Assigned runID=MonetecFocusedSmallR-726-20260930-08:59:57-58
Setting up network "dect2020scheduledaccess.DectScheduledAccessNetwork"...
Initializing...

Running simulation...
** Event #0   t=0   Elapsed: 2.4e-05s (0m 00s)
     Speed:     ev/sec=0   simsec/sec=0   ev/simsec=0
     Messages:  created: 2   present: 2   in FES: 2
** Event #175428   t=963.435333345   Elapsed: 0.014248s (0m 00s)
     Speed:     ev/sec=1.23341e+07   simsec/sec=67737.8   ev/simsec=182.086
     Messages:  created: 2   present: 2   in FES: 1

<!> Simulation stopped with endSimulation() -- in module (ScheduledAccessQueue) DectScheduledAccessNetwork.queue (id=2), at t=963.435333345s, event #175428

Calling finish() at end of Run #726...

Preparing for running configuration MonetecFocusedSmallR, run #727...
Scenario: $r=16, $rho=0.015, $repetition=1
Assigned runID=MonetecFocusedSmallR-727-20260930-08:59:57-58
Setting up network "dect2020scheduledaccess.DectScheduledAccessNetwork"...
Initializing...

Running simulation...
** Event #0   t=0   Elapsed: 3e-06s (0m 00s)
     Speed:     ev/sec=0   simsec/sec=0   ev/simsec=0
     Messages:  created: 2   present: 2   in FES: 2
** Event #176073   t=969.240333345   Elapsed: 0.01418s (0m 00s)
     Speed:     ev/sec=1.24214e+07   simsec/sec=68376.7   ev/simsec=181.661
     Messages:  created: 2   present: 2   in FES: 1

<!> Simulation stopped with endSimulation() -- in module (ScheduledAccessQueue) DectScheduledAccessNetwork.queue (id=2), at t=969.240333345s, event #176073

Calling finish() at end of Run #727...

Preparing for running configuration MonetecFocusedSmallR, run #728...
Scenario: $r=16, $rho=0.015, $repetition=2
Assigned runID=MonetecFocusedSmallR-728-20260930-08:59:57-58
Setting up network "dect2020scheduledaccess.DectScheduledAccessNetwork"...
Initializing...

Running simulation...
** Event #0   t=0   Elapsed: 4e-06s (0m 00s)
     Speed:     ev/sec=0   simsec/sec=0   ev/simsec=0
     Messages:  created: 2   present: 2   in FES: 2
** Event #175119   t=960.636750011667   Elapsed: 0.014257s (0m 00s)
     Speed:     ev/sec=1.22891e+07   simsec/sec=67413.1   ev/simsec=182.295
     Messages:  created: 2   present: 2   in FES: 1

<!> Simulation stopped with endSimulation() -- in module (ScheduledAccessQueue) DectScheduledAccessNetwork.queue (id=2), at t=960.636750011667s, event #175119

Calling finish() at end of Run #728...

Preparing for running configuration MonetecFocusedSmallR, run #729...
Scenario: $r=16, $rho=0.020, $repetition=0
Assigned runID=MonetecFocusedSmallR-729-20260930-08:59:57-58
Setting up network "dect2020scheduledaccess.DectScheduledAccessNetwork"...
Initializing...

Running simulation...
** Event #0   t=0   Elapsed: 4e-06s (0m 00s)
     Speed:     ev/sec=0   simsec/sec=0   ev/simsec=0
     Messages:  created: 2   present: 2   in FES: 2
** Event #148666   t=722.577333345   Elapsed: 0.012257s (0m 00s)
     Speed:     ev/sec=1.2133e+07   simsec/sec=58971.4   ev/simsec=205.744
     Messages:  created: 2   present: 2   in FES: 1

<!> Simulation stopped with endSimulation() -- in module (ScheduledAccessQueue) DectScheduledAccessNetwork.queue (id=2), at t=722.577333345s, event #148666

Calling finish() at end of Run #729...

Preparing for running configuration MonetecFocusedSmallR, run #730...
Scenario: $r=16, $rho=0.020, $repetition=1
Assigned runID=MonetecFocusedSmallR-730-20260930-08:59:57-58
Setting up network "dect2020scheduledaccess.DectScheduledAccessNetwork"...
Initializing...

Running simulation...
** Event #0   t=0   Elapsed: 3e-06s (0m 00s)
     Speed:     ev/sec=0   simsec/sec=0   ev/simsec=0
     Messages:  created: 2   present: 2   in FES: 2
** Event #149150   t=726.933333345   Elapsed: 0.012377s (0m 00s)
     Speed:     ev/sec=1.20554e+07   simsec/sec=58756.3   ev/simsec=205.177
     Messages:  created: 2   present: 2   in FES: 1

<!> Simulation stopped with endSimulation() -- in module (ScheduledAccessQueue) DectScheduledAccessNetwork.queue (id=2), at t=726.933333345s, event #149150

Calling finish() at end of Run #730...

Preparing for running configuration MonetecFocusedSmallR, run #731...
Scenario: $r=16, $rho=0.020, $repetition=2
Assigned runID=MonetecFocusedSmallR-731-20260930-08:59:57-58
Setting up network "dect2020scheduledaccess.DectScheduledAccessNetwork"...
Initializing...

Running simulation...
** Event #0   t=0   Elapsed: 2.3e-05s (0m 00s)
     Speed:     ev/sec=0   simsec/sec=0   ev/simsec=0
     Messages:  created: 2   present: 2   in FES: 2
** Event #148435   t=720.480750011667   Elapsed: 0.01237s (0m 00s)
     Speed:     ev/sec=1.20219e+07   simsec/sec=58352.7   ev/simsec=206.022
     Messages:  created: 2   present: 2   in FES: 1

<!> Simulation stopped with endSimulation() -- in module (ScheduledAccessQueue) DectScheduledAccessNetwork.queue (id=2), at t=720.480750011667s, event #148435

Calling finish() at end of Run #731...

Preparing for running configuration MonetecFocusedSmallR, run #732...
Scenario: $r=16, $rho=0.025, $repetition=0
Assigned runID=MonetecFocusedSmallR-732-20260930-08:59:57-58
Setting up network "dect2020scheduledaccess.DectScheduledAccessNetwork"...
Initializing...

Running simulation...
** Event #0   t=0   Elapsed: 2.4e-05s (0m 00s)
     Speed:     ev/sec=0   simsec/sec=0   ev/simsec=0
     Messages:  created: 2   present: 2   in FES: 2
** Event #132609   t=578.064333345   Elapsed: 0.011231s (0m 00s)
     Speed:     ev/sec=1.18327e+07   simsec/sec=51580.6   ev/simsec=229.402
     Messages:  created: 2   present: 2   in FES: 1

<!> Simulation stopped with endSimulation() -- in module (ScheduledAccessQueue) DectScheduledAccessNetwork.queue (id=2), at t=578.064333345s, event #132609

Calling finish() at end of Run #732...

Preparing for running configuration MonetecFocusedSmallR, run #733...
Scenario: $r=16, $rho=0.025, $repetition=1
Assigned runID=MonetecFocusedSmallR-733-20260930-08:59:57-58
Setting up network "dect2020scheduledaccess.DectScheduledAccessNetwork"...
Initializing...

Running simulation...
** Event #0   t=0   Elapsed: 3e-06s (0m 00s)
     Speed:     ev/sec=0   simsec/sec=0   ev/simsec=0
     Messages:  created: 2   present: 2   in FES: 2
** Event #132996   t=581.547333345   Elapsed: 0.011224s (0m 00s)
     Speed:     ev/sec=1.18535e+07   simsec/sec=51831.3   ev/simsec=228.694
     Messages:  created: 2   present: 2   in FES: 1

<!> Simulation stopped with endSimulation() -- in module (ScheduledAccessQueue) DectScheduledAccessNetwork.queue (id=2), at t=581.547333345s, event #132996

Calling finish() at end of Run #733...

Preparing for running configuration MonetecFocusedSmallR, run #734...
Scenario: $r=16, $rho=0.025, $repetition=2
Assigned runID=MonetecFocusedSmallR-734-20260930-08:59:57-58
Setting up network "dect2020scheduledaccess.DectScheduledAccessNetwork"...
Initializing...

Running simulation...
** Event #0   t=0   Elapsed: 3e-06s (0m 00s)
     Speed:     ev/sec=0   simsec/sec=0   ev/simsec=0
     Messages:  created: 2   present: 2   in FES: 2
** Event #132424   t=576.381750011667   Elapsed: 0.01131s (0m 00s)
     Speed:     ev/sec=1.17127e+07   simsec/sec=50980.1   ev/simsec=229.751
     Messages:  created: 2   present: 2   in FES: 1

<!> Simulation stopped with endSimulation() -- in module (ScheduledAccessQueue) DectScheduledAccessNetwork.queue (id=2), at t=576.381750011667s, event #132424

Calling finish() at end of Run #734...

Preparing for running configuration MonetecFocusedSmallR, run #735...
Scenario: $r=16, $rho=0.030, $repetition=0
Assigned runID=MonetecFocusedSmallR-735-20260930-08:59:57-58
Setting up network "dect2020scheduledaccess.DectScheduledAccessNetwork"...
Initializing...

Running simulation...
** Event #0   t=0   Elapsed: 4e-06s (0m 00s)
     Speed:     ev/sec=0   simsec/sec=0   ev/simsec=0
     Messages:  created: 2   present: 2   in FES: 2
** Event #121904   t=481.719333345   Elapsed: 0.010377s (0m 00s)
     Speed:     ev/sec=1.17509e+07   simsec/sec=46435.2   ev/simsec=253.06
     Messages:  created: 2   present: 2   in FES: 1

<!> Simulation stopped with endSimulation() -- in module (ScheduledAccessQueue) DectScheduledAccessNetwork.queue (id=2), at t=481.719333345s, event #121904

Calling finish() at end of Run #735...

Preparing for running configuration MonetecFocusedSmallR, run #736...
Scenario: $r=16, $rho=0.030, $repetition=1
Assigned runID=MonetecFocusedSmallR-736-20260930-08:59:57-58
Setting up network "dect2020scheduledaccess.DectScheduledAccessNetwork"...
Initializing...

Running simulation...
** Event #0   t=0   Elapsed: 4e-06s (0m 00s)
     Speed:     ev/sec=0   simsec/sec=0   ev/simsec=0
     Messages:  created: 2   present: 2   in FES: 2
** Event #122226   t=484.617333345   Elapsed: 0.010401s (0m 00s)
     Speed:     ev/sec=1.17559e+07   simsec/sec=46611.2   ev/simsec=252.212
     Messages:  created: 2   present: 2   in FES: 1

<!> Simulation stopped with endSimulation() -- in module (ScheduledAccessQueue) DectScheduledAccessNetwork.queue (id=2), at t=484.617333345s, event #122226

Calling finish() at end of Run #736...

Preparing for running configuration MonetecFocusedSmallR, run #737...
Scenario: $r=16, $rho=0.030, $repetition=2
Assigned runID=MonetecFocusedSmallR-737-20260930-08:59:57-58
Setting up network "dect2020scheduledaccess.DectScheduledAccessNetwork"...
Initializing...

Running simulation...
** Event #0   t=0   Elapsed: 3e-06s (0m 00s)
     Speed:     ev/sec=0   simsec/sec=0   ev/simsec=0
     Messages:  created: 2   present: 2   in FES: 2
** Event #121755   t=480.343166678334   Elapsed: 0.010603s (0m 00s)
     Speed:     ev/sec=1.14863e+07   simsec/sec=45315.4   ev/simsec=253.475
     Messages:  created: 2   present: 2   in FES: 1

<!> Simulation stopped with endSimulation() -- in module (ScheduledAccessQueue) DectScheduledAccessNetwork.queue (id=2), at t=480.343166678334s, event #121755

Calling finish() at end of Run #737...

Preparing for running configuration MonetecFocusedSmallR, run #738...
Scenario: $r=16, $rho=0.035, $repetition=0
Assigned runID=MonetecFocusedSmallR-738-20260930-08:59:57-58
Setting up network "dect2020scheduledaccess.DectScheduledAccessNetwork"...
Initializing...

Running simulation...
** Event #0   t=0   Elapsed: 3e-06s (0m 00s)
     Speed:     ev/sec=0   simsec/sec=0   ev/simsec=0
     Messages:  created: 2   present: 2   in FES: 2
** Event #114258   t=412.905333345   Elapsed: 0.009833s (0m 00s)
     Speed:     ev/sec=0   simsec/sec=0   ev/simsec=0
     Messages:  created: 2   present: 2   in FES: 1

<!> Simulation stopped with endSimulation() -- in module (ScheduledAccessQueue) DectScheduledAccessNetwork.queue (id=2), at t=412.905333345s, event #114258

Calling finish() at end of Run #738...

Preparing for running configuration MonetecFocusedSmallR, run #739...
Scenario: $r=16, $rho=0.035, $repetition=1
Assigned runID=MonetecFocusedSmallR-739-20260930-08:59:57-58
Setting up network "dect2020scheduledaccess.DectScheduledAccessNetwork"...
Initializing...

Running simulation...
** Event #0   t=0   Elapsed: 3e-06s (0m 00s)
     Speed:     ev/sec=0   simsec/sec=0   ev/simsec=0
     Messages:  created: 2   present: 2   in FES: 2
** Event #114534   t=415.389333345   Elapsed: 0.009972s (0m 00s)
     Speed:     ev/sec=0   simsec/sec=0   ev/simsec=0
     Messages:  created: 2   present: 2   in FES: 1

<!> Simulation stopped with endSimulation() -- in module (ScheduledAccessQueue) DectScheduledAccessNetwork.queue (id=2), at t=415.389333345s, event #114534

Calling finish() at end of Run #739...

Preparing for running configuration MonetecFocusedSmallR, run #740...
Scenario: $r=16, $rho=0.035, $repetition=2
Assigned runID=MonetecFocusedSmallR-740-20260930-08:59:57-58
Setting up network "dect2020scheduledaccess.DectScheduledAccessNetwork"...
Initializing...

Running simulation...
** Event #0   t=0   Elapsed: 4e-06s (0m 00s)
     Speed:     ev/sec=0   simsec/sec=0   ev/simsec=0
     Messages:  created: 2   present: 2   in FES: 2
** Event #114130   t=411.718166678334   Elapsed: 0.009884s (0m 00s)
     Speed:     ev/sec=0   simsec/sec=0   ev/simsec=0
     Messages:  created: 2   present: 2   in FES: 1

<!> Simulation stopped with endSimulation() -- in module (ScheduledAccessQueue) DectScheduledAccessNetwork.queue (id=2), at t=411.718166678334s, event #114130

Calling finish() at end of Run #740...

Preparing for running configuration MonetecFocusedSmallR, run #741...
Scenario: $r=16, $rho=0.040, $repetition=0
Assigned runID=MonetecFocusedSmallR-741-20260930-08:59:57-58
Setting up network "dect2020scheduledaccess.DectScheduledAccessNetwork"...
Initializing...

Running simulation...
** Event #0   t=0   Elapsed: 3e-06s (0m 00s)
     Speed:     ev/sec=0   simsec/sec=0   ev/simsec=0
     Messages:  created: 2   present: 2   in FES: 2
** Event #108523   t=361.290333345   Elapsed: 0.010224s (0m 00s)
     Speed:     ev/sec=1.06187e+07   simsec/sec=35351.3   ev/simsec=300.376
     Messages:  created: 2   present: 2   in FES: 1

<!> Simulation stopped with endSimulation() -- in module (ScheduledAccessQueue) DectScheduledAccessNetwork.queue (id=2), at t=361.290333345s, event #108523

Calling finish() at end of Run #741...

Preparing for running configuration MonetecFocusedSmallR, run #742...
Scenario: $r=16, $rho=0.040, $repetition=1
Assigned runID=MonetecFocusedSmallR-742-20260930-08:59:57-58
Setting up network "dect2020scheduledaccess.DectScheduledAccessNetwork"...
Initializing...

Running simulation...
** Event #0   t=0   Elapsed: 3e-06s (0m 00s)
     Speed:     ev/sec=0   simsec/sec=0   ev/simsec=0
     Messages:  created: 2   present: 2   in FES: 2
** Event #108765   t=363.468333345   Elapsed: 0.009468s (0m 00s)
     Speed:     ev/sec=0   simsec/sec=0   ev/simsec=0
     Messages:  created: 2   present: 2   in FES: 1

<!> Simulation stopped with endSimulation() -- in module (ScheduledAccessQueue) DectScheduledAccessNetwork.queue (id=2), at t=363.468333345s, event #108765

Calling finish() at end of Run #742...

Preparing for running configuration MonetecFocusedSmallR, run #743...
Scenario: $r=16, $rho=0.040, $repetition=2
Assigned runID=MonetecFocusedSmallR-743-20260930-08:59:57-58
Setting up network "dect2020scheduledaccess.DectScheduledAccessNetwork"...
Initializing...

Running simulation...
** Event #0   t=0   Elapsed: 4e-06s (0m 00s)
     Speed:     ev/sec=0   simsec/sec=0   ev/simsec=0
     Messages:  created: 2   present: 2   in FES: 2
** Event #108412   t=360.256166678334   Elapsed: 0.009491s (0m 00s)
     Speed:     ev/sec=0   simsec/sec=0   ev/simsec=0
     Messages:  created: 2   present: 2   in FES: 1

<!> Simulation stopped with endSimulation() -- in module (ScheduledAccessQueue) DectScheduledAccessNetwork.queue (id=2), at t=360.256166678334s, event #108412

Calling finish() at end of Run #743...

Preparing for running configuration MonetecFocusedSmallR, run #744...
Scenario: $r=16, $rho=0.045, $repetition=0
Assigned runID=MonetecFocusedSmallR-744-20260930-08:59:57-58
Setting up network "dect2020scheduledaccess.DectScheduledAccessNetwork"...
Initializing...

Running simulation...
** Event #0   t=0   Elapsed: 4e-06s (0m 00s)
     Speed:     ev/sec=0   simsec/sec=0   ev/simsec=0
     Messages:  created: 2   present: 2   in FES: 2
** Event #104063   t=321.150333345   Elapsed: 0.009253s (0m 00s)
     Speed:     ev/sec=0   simsec/sec=0   ev/simsec=0
     Messages:  created: 2   present: 2   in FES: 1

<!> Simulation stopped with endSimulation() -- in module (ScheduledAccessQueue) DectScheduledAccessNetwork.queue (id=2), at t=321.150333345s, event #104063

Calling finish() at end of Run #744...

Preparing for running configuration MonetecFocusedSmallR, run #745...
Scenario: $r=16, $rho=0.045, $repetition=1
Assigned runID=MonetecFocusedSmallR-745-20260930-08:59:57-58
Setting up network "dect2020scheduledaccess.DectScheduledAccessNetwork"...
Initializing...

Running simulation...
** Event #0   t=0   Elapsed: 2e-06s (0m 00s)
     Speed:     ev/sec=0   simsec/sec=0   ev/simsec=0
     Messages:  created: 2   present: 2   in FES: 2
** Event #104278   t=323.085333345   Elapsed: 0.00916s (0m 00s)
     Speed:     ev/sec=0   simsec/sec=0   ev/simsec=0
     Messages:  created: 2   present: 2   in FES: 1

<!> Simulation stopped with endSimulation() -- in module (ScheduledAccessQueue) DectScheduledAccessNetwork.queue (id=2), at t=323.085333345s, event #104278

Calling finish() at end of Run #745...

Preparing for running configuration MonetecFocusedSmallR, run #746...
Scenario: $r=16, $rho=0.045, $repetition=2
Assigned runID=MonetecFocusedSmallR-746-20260930-08:59:57-58
Setting up network "dect2020scheduledaccess.DectScheduledAccessNetwork"...
Initializing...

Running simulation...
** Event #0   t=0   Elapsed: 3e-06s (0m 00s)
     Speed:     ev/sec=0   simsec/sec=0   ev/simsec=0
     Messages:  created: 2   present: 2   in FES: 2
** Event #103965   t=320.233166678334   Elapsed: 0.009262s (0m 00s)
     Speed:     ev/sec=0   simsec/sec=0   ev/simsec=0
     Messages:  created: 2   present: 2   in FES: 1

<!> Simulation stopped with endSimulation() -- in module (ScheduledAccessQueue) DectScheduledAccessNetwork.queue (id=2), at t=320.233166678334s, event #103965

Calling finish() at end of Run #746...

Preparing for running configuration MonetecFocusedSmallR, run #747...
Scenario: $r=16, $rho=0.050, $repetition=0
Assigned runID=MonetecFocusedSmallR-747-20260930-08:59:57-58
Setting up network "dect2020scheduledaccess.DectScheduledAccessNetwork"...
Initializing...

Running simulation...
** Event #0   t=0   Elapsed: 3e-06s (0m 00s)
     Speed:     ev/sec=0   simsec/sec=0   ev/simsec=0
     Messages:  created: 2   present: 2   in FES: 2
** Event #100495   t=289.038333345   Elapsed: 0.009047s (0m 00s)
     Speed:     ev/sec=0   simsec/sec=0   ev/simsec=0
     Messages:  created: 2   present: 2   in FES: 1

<!> Simulation stopped with endSimulation() -- in module (ScheduledAccessQueue) DectScheduledAccessNetwork.queue (id=2), at t=289.038333345s, event #100495

Calling finish() at end of Run #747...

Preparing for running configuration MonetecFocusedSmallR, run #748...
Scenario: $r=16, $rho=0.050, $repetition=1
Assigned runID=MonetecFocusedSmallR-748-20260930-08:59:57-58
Setting up network "dect2020scheduledaccess.DectScheduledAccessNetwork"...
Initializing...

Running simulation...
** Event #0   t=0   Elapsed: 3e-06s (0m 00s)
     Speed:     ev/sec=0   simsec/sec=0   ev/simsec=0
     Messages:  created: 2   present: 2   in FES: 2
** Event #100688   t=290.775333345   Elapsed: 0.008911s (0m 00s)
     Speed:     ev/sec=0   simsec/sec=0   ev/simsec=0
     Messages:  created: 2   present: 2   in FES: 1

<!> Simulation stopped with endSimulation() -- in module (ScheduledAccessQueue) DectScheduledAccessNetwork.queue (id=2), at t=290.775333345s, event #100688

Calling finish() at end of Run #748...

Preparing for running configuration MonetecFocusedSmallR, run #749...
Scenario: $r=16, $rho=0.050, $repetition=2
Assigned runID=MonetecFocusedSmallR-749-20260930-08:59:57-58
Setting up network "dect2020scheduledaccess.DectScheduledAccessNetwork"...
Initializing...

Running simulation...
** Event #0   t=0   Elapsed: 3e-06s (0m 00s)
     Speed:     ev/sec=0   simsec/sec=0   ev/simsec=0
     Messages:  created: 2   present: 2   in FES: 2
** Event #100406   t=288.202166678334   Elapsed: 0.008943s (0m 00s)
     Speed:     ev/sec=0   simsec/sec=0   ev/simsec=0
     Messages:  created: 2   present: 2   in FES: 1

<!> Simulation stopped with endSimulation() -- in module (ScheduledAccessQueue) DectScheduledAccessNetwork.queue (id=2), at t=288.202166678334s, event #100406

Calling finish() at end of Run #749...

Preparing for running configuration MonetecFocusedSmallR, run #750...
Scenario: $r=16, $rho=0.055, $repetition=0
Assigned runID=MonetecFocusedSmallR-750-20260930-08:59:57-58
Setting up network "dect2020scheduledaccess.DectScheduledAccessNetwork"...
Initializing...

Running simulation...
** Event #0   t=0   Elapsed: 3e-06s (0m 00s)
     Speed:     ev/sec=0   simsec/sec=0   ev/simsec=0
     Messages:  created: 2   present: 2   in FES: 2
** Event #97575   t=262.758333345   Elapsed: 0.00874s (0m 00s)
     Speed:     ev/sec=0   simsec/sec=0   ev/simsec=0
     Messages:  created: 2   present: 2   in FES: 1

<!> Simulation stopped with endSimulation() -- in module (ScheduledAccessQueue) DectScheduledAccessNetwork.queue (id=2), at t=262.758333345s, event #97575

Calling finish() at end of Run #750...

Preparing for running configuration MonetecFocusedSmallR, run #751...
Scenario: $r=16, $rho=0.055, $repetition=1
Assigned runID=MonetecFocusedSmallR-751-20260930-08:59:57-58
Setting up network "dect2020scheduledaccess.DectScheduledAccessNetwork"...
Initializing...

Running simulation...
** Event #0   t=0   Elapsed: 4e-06s (0m 00s)
     Speed:     ev/sec=0   simsec/sec=0   ev/simsec=0
     Messages:  created: 2   present: 2   in FES: 2
** Event #97754   t=264.360333345   Elapsed: 0.00879s (0m 00s)
     Speed:     ev/sec=0   simsec/sec=0   ev/simsec=0
     Messages:  created: 2   present: 2   in FES: 1

<!> Simulation stopped with endSimulation() -- in module (ScheduledAccessQueue) DectScheduledAccessNetwork.queue (id=2), at t=264.360333345s, event #97754

Calling finish() at end of Run #751...

Preparing for running configuration MonetecFocusedSmallR, run #752...
Scenario: $r=16, $rho=0.055, $repetition=2
Assigned runID=MonetecFocusedSmallR-752-20260930-08:59:57-58
Setting up network "dect2020scheduledaccess.DectScheduledAccessNetwork"...
Initializing...

Running simulation...
** Event #0   t=0   Elapsed: 3e-06s (0m 00s)
     Speed:     ev/sec=0   simsec/sec=0   ev/simsec=0
     Messages:  created: 2   present: 2   in FES: 2
** Event #97499   t=262.021583345001   Elapsed: 0.008644s (0m 00s)
     Speed:     ev/sec=0   simsec/sec=0   ev/simsec=0
     Messages:  created: 2   present: 2   in FES: 1

<!> Simulation stopped with endSimulation() -- in module (ScheduledAccessQueue) DectScheduledAccessNetwork.queue (id=2), at t=262.021583345001s, event #97499

Calling finish() at end of Run #752...

Preparing for running configuration MonetecFocusedSmallR, run #753...
Scenario: $r=16, $rho=0.060, $repetition=0
Assigned runID=MonetecFocusedSmallR-753-20260930-08:59:57-58
Setting up network "dect2020scheduledaccess.DectScheduledAccessNetwork"...
Initializing...

Running simulation...
** Event #0   t=0   Elapsed: 4e-06s (0m 00s)
     Speed:     ev/sec=0   simsec/sec=0   ev/simsec=0
     Messages:  created: 2   present: 2   in FES: 2
** Event #95145   t=240.870750011667   Elapsed: 0.008582s (0m 00s)
     Speed:     ev/sec=0   simsec/sec=0   ev/simsec=0
     Messages:  created: 2   present: 2   in FES: 1

<!> Simulation stopped with endSimulation() -- in module (ScheduledAccessQueue) DectScheduledAccessNetwork.queue (id=2), at t=240.870750011667s, event #95145

Calling finish() at end of Run #753...

Preparing for running configuration MonetecFocusedSmallR, run #754...
Scenario: $r=16, $rho=0.060, $repetition=1
Assigned runID=MonetecFocusedSmallR-754-20260930-08:59:57-58
Setting up network "dect2020scheduledaccess.DectScheduledAccessNetwork"...
Initializing...

Running simulation...
** Event #0   t=0   Elapsed: 4e-06s (0m 00s)
     Speed:     ev/sec=0   simsec/sec=0   ev/simsec=0
     Messages:  created: 2   present: 2   in FES: 2
** Event #95313   t=242.355333345   Elapsed: 0.008736s (0m 00s)
     Speed:     ev/sec=0   simsec/sec=0   ev/simsec=0
     Messages:  created: 2   present: 2   in FES: 1

<!> Simulation stopped with endSimulation() -- in module (ScheduledAccessQueue) DectScheduledAccessNetwork.queue (id=2), at t=242.355333345s, event #95313

Calling finish() at end of Run #754...

Preparing for running configuration MonetecFocusedSmallR, run #755...
Scenario: $r=16, $rho=0.060, $repetition=2
Assigned runID=MonetecFocusedSmallR-755-20260930-08:59:57-58
Setting up network "dect2020scheduledaccess.DectScheduledAccessNetwork"...
Initializing...

Running simulation...
** Event #0   t=0   Elapsed: 4e-06s (0m 00s)
     Speed:     ev/sec=0   simsec/sec=0   ev/simsec=0
     Messages:  created: 2   present: 2   in FES: 2
** Event #95073   t=240.187583345001   Elapsed: 0.008838s (0m 00s)
     Speed:     ev/sec=0   simsec/sec=0   ev/simsec=0
     Messages:  created: 2   present: 2   in FES: 1

<!> Simulation stopped with endSimulation() -- in module (ScheduledAccessQueue) DectScheduledAccessNetwork.queue (id=2), at t=240.187583345001s, event #95073

Calling finish() at end of Run #755...

Preparing for running configuration MonetecFocusedSmallR, run #756...
Scenario: $r=16, $rho=0.065, $repetition=0
Assigned runID=MonetecFocusedSmallR-756-20260930-08:59:57-58
Setting up network "dect2020scheduledaccess.DectScheduledAccessNetwork"...
Initializing...

Running simulation...
** Event #0   t=0   Elapsed: 2.7e-05s (0m 00s)
     Speed:     ev/sec=0   simsec/sec=0   ev/simsec=0
     Messages:  created: 2   present: 2   in FES: 2
** Event #93089   t=222.349166678334   Elapsed: 0.008607s (0m 00s)
     Speed:     ev/sec=0   simsec/sec=0   ev/simsec=0
     Messages:  created: 2   present: 2   in FES: 1

<!> Simulation stopped with endSimulation() -- in module (ScheduledAccessQueue) DectScheduledAccessNetwork.queue (id=2), at t=222.349166678334s, event #93089

Calling finish() at end of Run #756...

Preparing for running configuration MonetecFocusedSmallR, run #757...
Scenario: $r=16, $rho=0.065, $repetition=1
Assigned runID=MonetecFocusedSmallR-757-20260930-08:59:57-58
Setting up network "dect2020scheduledaccess.DectScheduledAccessNetwork"...
Initializing...

Running simulation...
** Event #0   t=0   Elapsed: 5e-06s (0m 00s)
     Speed:     ev/sec=0   simsec/sec=0   ev/simsec=0
     Messages:  created: 2   present: 2   in FES: 2
** Event #93268   t=223.806750011667   Elapsed: 0.008352s (0m 00s)
     Speed:     ev/sec=0   simsec/sec=0   ev/simsec=0
     Messages:  created: 2   present: 2   in FES: 1

<!> Simulation stopped with endSimulation() -- in module (ScheduledAccessQueue) DectScheduledAccessNetwork.queue (id=2), at t=223.806750011667s, event #93268

Calling finish() at end of Run #757...

Preparing for running configuration MonetecFocusedSmallR, run #758...
Scenario: $r=16, $rho=0.065, $repetition=2
Assigned runID=MonetecFocusedSmallR-758-20260930-08:59:57-58
Setting up network "dect2020scheduledaccess.DectScheduledAccessNetwork"...
Initializing...

Running simulation...
** Event #0   t=0   Elapsed: 3e-06s (0m 00s)
     Speed:     ev/sec=0   simsec/sec=0   ev/simsec=0
     Messages:  created: 2   present: 2   in FES: 2
** Event #93026   t=221.720416678335   Elapsed: 0.008468s (0m 00s)
     Speed:     ev/sec=0   simsec/sec=0   ev/simsec=0
     Messages:  created: 2   present: 2   in FES: 1

<!> Simulation stopped with endSimulation() -- in module (ScheduledAccessQueue) DectScheduledAccessNetwork.queue (id=2), at t=221.720416678335s, event #93026

Calling finish() at end of Run #758...

Preparing for running configuration MonetecFocusedSmallR, run #759...
Scenario: $r=16, $rho=0.070, $repetition=0
Assigned runID=MonetecFocusedSmallR-759-20260930-08:59:57-58
Setting up network "dect2020scheduledaccess.DectScheduledAccessNetwork"...
Initializing...

Running simulation...
** Event #0   t=0   Elapsed: 4e-06s (0m 00s)
     Speed:     ev/sec=0   simsec/sec=0   ev/simsec=0
     Messages:  created: 2   present: 2   in FES: 2
** Event #91366   t=206.608583345001   Elapsed: 0.008187s (0m 00s)
     Speed:     ev/sec=0   simsec/sec=0   ev/simsec=0
     Messages:  created: 2   present: 2   in FES: 1

<!> Simulation stopped with endSimulation() -- in module (ScheduledAccessQueue) DectScheduledAccessNetwork.queue (id=2), at t=206.608583345001s, event #91366

Calling finish() at end of Run #759...

Preparing for running configuration MonetecFocusedSmallR, run #760...
Scenario: $r=16, $rho=0.070, $repetition=1
Assigned runID=MonetecFocusedSmallR-760-20260930-08:59:57-58
Setting up network "dect2020scheduledaccess.DectScheduledAccessNetwork"...
Initializing...

Running simulation...
** Event #0   t=0   Elapsed: 3e-06s (0m 00s)
     Speed:     ev/sec=0   simsec/sec=0   ev/simsec=0
     Messages:  created: 2   present: 2   in FES: 2
** Event #91542   t=207.957750011667   Elapsed: 0.008165s (0m 00s)
     Speed:     ev/sec=0   simsec/sec=0   ev/simsec=0
     Messages:  created: 2   present: 2   in FES: 1

<!> Simulation stopped with endSimulation() -- in module (ScheduledAccessQueue) DectScheduledAccessNetwork.queue (id=2), at t=207.957750011667s, event #91542

Calling finish() at end of Run #760...

Preparing for running configuration MonetecFocusedSmallR, run #761...
Scenario: $r=16, $rho=0.070, $repetition=2
Assigned runID=MonetecFocusedSmallR-761-20260930-08:59:57-58
Setting up network "dect2020scheduledaccess.DectScheduledAccessNetwork"...
Initializing...

Running simulation...
** Event #0   t=0   Elapsed: 3e-06s (0m 00s)
     Speed:     ev/sec=0   simsec/sec=0   ev/simsec=0
     Messages:  created: 2   present: 2   in FES: 2
** Event #91300   t=206.006833345002   Elapsed: 0.008269s (0m 00s)
     Speed:     ev/sec=0   simsec/sec=0   ev/simsec=0
     Messages:  created: 2   present: 2   in FES: 1

<!> Simulation stopped with endSimulation() -- in module (ScheduledAccessQueue) DectScheduledAccessNetwork.queue (id=2), at t=206.006833345002s, event #91300

Calling finish() at end of Run #761...

Preparing for running configuration MonetecFocusedSmallR, run #762...
Scenario: $r=16, $rho=0.075, $repetition=0
Assigned runID=MonetecFocusedSmallR-762-20260930-08:59:57-58
Setting up network "dect2020scheduledaccess.DectScheduledAccessNetwork"...
Initializing...

Running simulation...
** Event #0   t=0   Elapsed: 3e-06s (0m 00s)
     Speed:     ev/sec=0   simsec/sec=0   ev/simsec=0
     Messages:  created: 2   present: 2   in FES: 2
** Event #90043   t=193.477583345001   Elapsed: 0.008579s (0m 00s)
     Speed:     ev/sec=0   simsec/sec=0   ev/simsec=0
     Messages:  created: 2   present: 2   in FES: 1

<!> Simulation stopped with endSimulation() -- in module (ScheduledAccessQueue) DectScheduledAccessNetwork.queue (id=2), at t=193.477583345001s, event #90043

Calling finish() at end of Run #762...

Preparing for running configuration MonetecFocusedSmallR, run #763...
Scenario: $r=16, $rho=0.075, $repetition=1
Assigned runID=MonetecFocusedSmallR-763-20260930-08:59:57-58
Setting up network "dect2020scheduledaccess.DectScheduledAccessNetwork"...
Initializing...

Running simulation...
** Event #0   t=0   Elapsed: 3e-06s (0m 00s)
     Speed:     ev/sec=0   simsec/sec=0   ev/simsec=0
     Messages:  created: 2   present: 2   in FES: 2
** Event #90111   t=194.494166678334   Elapsed: 0.007998s (0m 00s)
     Speed:     ev/sec=0   simsec/sec=0   ev/simsec=0
     Messages:  created: 2   present: 2   in FES: 1

<!> Simulation stopped with endSimulation() -- in module (ScheduledAccessQueue) DectScheduledAccessNetwork.queue (id=2), at t=194.494166678334s, event #90111

Calling finish() at end of Run #763...

Preparing for running configuration MonetecFocusedSmallR, run #764...
Scenario: $r=16, $rho=0.075, $repetition=2
Assigned runID=MonetecFocusedSmallR-764-20260930-08:59:57-58
Setting up network "dect2020scheduledaccess.DectScheduledAccessNetwork"...
Initializing...

Running simulation...
** Event #0   t=0   Elapsed: 3e-06s (0m 00s)
     Speed:     ev/sec=0   simsec/sec=0   ev/simsec=0
     Messages:  created: 2   present: 2   in FES: 2
** Event #89964   t=192.912666678336   Elapsed: 0.008692s (0m 00s)
     Speed:     ev/sec=0   simsec/sec=0   ev/simsec=0
     Messages:  created: 2   present: 2   in FES: 1

<!> Simulation stopped with endSimulation() -- in module (ScheduledAccessQueue) DectScheduledAccessNetwork.queue (id=2), at t=192.912666678336s, event #89964

Calling finish() at end of Run #764...

Preparing for running configuration MonetecFocusedSmallR, run #765...
Scenario: $r=16, $rho=0.080, $repetition=0
Assigned runID=MonetecFocusedSmallR-765-20260930-08:59:57-58
Setting up network "dect2020scheduledaccess.DectScheduledAccessNetwork"...
Initializing...

Running simulation...
** Event #0   t=0   Elapsed: 3e-06s (0m 00s)
     Speed:     ev/sec=0   simsec/sec=0   ev/simsec=0
     Messages:  created: 2   present: 2   in FES: 2
** Event #89283   t=183.362000011668   Elapsed: 0.008066s (0m 00s)
     Speed:     ev/sec=0   simsec/sec=0   ev/simsec=0
     Messages:  created: 2   present: 2   in FES: 1

<!> Simulation stopped with endSimulation() -- in module (ScheduledAccessQueue) DectScheduledAccessNetwork.queue (id=2), at t=183.362000011668s, event #89283

Calling finish() at end of Run #765...

Preparing for running configuration MonetecFocusedSmallR, run #766...
Scenario: $r=16, $rho=0.080, $repetition=1
Assigned runID=MonetecFocusedSmallR-766-20260930-08:59:57-58
Setting up network "dect2020scheduledaccess.DectScheduledAccessNetwork"...
Initializing...

Running simulation...
** Event #0   t=0   Elapsed: 3e-06s (0m 00s)
     Speed:     ev/sec=0   simsec/sec=0   ev/simsec=0
     Messages:  created: 2   present: 2   in FES: 2
** Event #89237   t=183.814083345003   Elapsed: 0.008198s (0m 00s)
     Speed:     ev/sec=0   simsec/sec=0   ev/simsec=0
     Messages:  created: 2   present: 2   in FES: 1

<!> Simulation stopped with endSimulation() -- in module (ScheduledAccessQueue) DectScheduledAccessNetwork.queue (id=2), at t=183.814083345003s, event #89237

Calling finish() at end of Run #766...

Preparing for running configuration MonetecFocusedSmallR, run #767...
Scenario: $r=16, $rho=0.080, $repetition=2
Assigned runID=MonetecFocusedSmallR-767-20260930-08:59:57-58
Setting up network "dect2020scheduledaccess.DectScheduledAccessNetwork"...
Initializing...

Running simulation...
** Event #0   t=0   Elapsed: 3e-06s (0m 00s)
     Speed:     ev/sec=0   simsec/sec=0   ev/simsec=0
     Messages:  created: 2   present: 2   in FES: 2
** Event #89204   t=182.838333345   Elapsed: 0.008076s (0m 00s)
     Speed:     ev/sec=0   simsec/sec=0   ev/simsec=0
     Messages:  created: 2   present: 2   in FES: 1

<!> Simulation stopped with endSimulation() -- in module (ScheduledAccessQueue) DectScheduledAccessNetwork.queue (id=2), at t=182.838333345s, event #89204

Calling finish() at end of Run #767...

Preparing for running configuration MonetecFocusedSmallR, run #768...
Scenario: $r=16, $rho=0.085, $repetition=0
Assigned runID=MonetecFocusedSmallR-768-20260930-08:59:57-58
Setting up network "dect2020scheduledaccess.DectScheduledAccessNetwork"...
Initializing...

Running simulation...
** Event #0   t=0   Elapsed: 3e-06s (0m 00s)
     Speed:     ev/sec=0   simsec/sec=0   ev/simsec=0
     Messages:  created: 2   present: 2   in FES: 2
** Event #89393   t=176.630000011668   Elapsed: 0.008301s (0m 00s)
     Speed:     ev/sec=0   simsec/sec=0   ev/simsec=0
     Messages:  created: 2   present: 2   in FES: 1

<!> Simulation stopped with endSimulation() -- in module (ScheduledAccessQueue) DectScheduledAccessNetwork.queue (id=2), at t=176.630000011668s, event #89393

Calling finish() at end of Run #768...

Preparing for running configuration MonetecFocusedSmallR, run #769...
Scenario: $r=16, $rho=0.085, $repetition=1
Assigned runID=MonetecFocusedSmallR-769-20260930-08:59:57-58
Setting up network "dect2020scheduledaccess.DectScheduledAccessNetwork"...
Initializing...

Running simulation...
** Event #0   t=0   Elapsed: 3e-06s (0m 00s)
     Speed:     ev/sec=0   simsec/sec=0   ev/simsec=0
     Messages:  created: 2   present: 2   in FES: 2
** Event #89378   t=177.318166678338   Elapsed: 0.008121s (0m 00s)
     Speed:     ev/sec=0   simsec/sec=0   ev/simsec=0
     Messages:  created: 2   present: 2   in FES: 1

<!> Simulation stopped with endSimulation() -- in module (ScheduledAccessQueue) DectScheduledAccessNetwork.queue (id=2), at t=177.318166678338s, event #89378

Calling finish() at end of Run #769...

Preparing for running configuration MonetecFocusedSmallR, run #770...
Scenario: $r=16, $rho=0.085, $repetition=2
Assigned runID=MonetecFocusedSmallR-770-20260930-08:59:57-58
Setting up network "dect2020scheduledaccess.DectScheduledAccessNetwork"...
Initializing...

Running simulation...
** Event #0   t=0   Elapsed: 3e-06s (0m 00s)
     Speed:     ev/sec=0   simsec/sec=0   ev/simsec=0
     Messages:  created: 2   present: 2   in FES: 2
** Event #89481   t=176.833000011672   Elapsed: 0.008232s (0m 00s)
     Speed:     ev/sec=0   simsec/sec=0   ev/simsec=0
     Messages:  created: 2   present: 2   in FES: 1

<!> Simulation stopped with endSimulation() -- in module (ScheduledAccessQueue) DectScheduledAccessNetwork.queue (id=2), at t=176.833000011672s, event #89481

Calling finish() at end of Run #770...

Preparing for running configuration MonetecFocusedSmallR, run #771...
Scenario: $r=16, $rho=0.090, $repetition=0
Assigned runID=MonetecFocusedSmallR-771-20260930-08:59:57-58
Setting up network "dect2020scheduledaccess.DectScheduledAccessNetwork"...
Initializing...

Running simulation...
** Event #0   t=0   Elapsed: 3e-06s (0m 00s)
     Speed:     ev/sec=0   simsec/sec=0   ev/simsec=0
     Messages:  created: 2   present: 2   in FES: 2
** Event #90473   t=173.553666678336   Elapsed: 0.008191s (0m 00s)
     Speed:     ev/sec=0   simsec/sec=0   ev/simsec=0
     Messages:  created: 2   present: 2   in FES: 1

<!> Simulation stopped with endSimulation() -- in module (ScheduledAccessQueue) DectScheduledAccessNetwork.queue (id=2), at t=173.553666678336s, event #90473

Calling finish() at end of Run #771...

Preparing for running configuration MonetecFocusedSmallR, run #772...
Scenario: $r=16, $rho=0.090, $repetition=1
Assigned runID=MonetecFocusedSmallR-772-20260930-08:59:57-58
Setting up network "dect2020scheduledaccess.DectScheduledAccessNetwork"...
Initializing...

Running simulation...
** Event #0   t=0   Elapsed: 3e-06s (0m 00s)
     Speed:     ev/sec=0   simsec/sec=0   ev/simsec=0
     Messages:  created: 2   present: 2   in FES: 2
** Event #90414   t=174.077333345004   Elapsed: 0.008164s (0m 00s)
     Speed:     ev/sec=0   simsec/sec=0   ev/simsec=0
     Messages:  created: 2   present: 2   in FES: 1

<!> Simulation stopped with endSimulation() -- in module (ScheduledAccessQueue) DectScheduledAccessNetwork.queue (id=2), at t=174.077333345004s, event #90414

Calling finish() at end of Run #772...

Preparing for running configuration MonetecFocusedSmallR, run #773...
Scenario: $r=16, $rho=0.090, $repetition=2
Assigned runID=MonetecFocusedSmallR-773-20260930-08:59:57-58
Setting up network "dect2020scheduledaccess.DectScheduledAccessNetwork"...
Initializing...

Running simulation...
** Event #0   t=0   Elapsed: 4e-06s (0m 00s)
     Speed:     ev/sec=0   simsec/sec=0   ev/simsec=0
     Messages:  created: 2   present: 2   in FES: 2
** Event #90577   t=174.059750011671   Elapsed: 0.008388s (0m 00s)
     Speed:     ev/sec=0   simsec/sec=0   ev/simsec=0
     Messages:  created: 2   present: 2   in FES: 1

<!> Simulation stopped with endSimulation() -- in module (ScheduledAccessQueue) DectScheduledAccessNetwork.queue (id=2), at t=174.059750011671s, event #90577

Calling finish() at end of Run #773...

Preparing for running configuration MonetecFocusedSmallR, run #774...
Scenario: $r=16, $rho=0.095, $repetition=0
Assigned runID=MonetecFocusedSmallR-774-20260930-08:59:57-58
Setting up network "dect2020scheduledaccess.DectScheduledAccessNetwork"...
Initializing...

Running simulation...
** Event #0   t=0   Elapsed: 3e-06s (0m 00s)
     Speed:     ev/sec=0   simsec/sec=0   ev/simsec=0
     Messages:  created: 2   present: 2   in FES: 2
** Event #92167   t=172.50150001167   Elapsed: 0.008351s (0m 00s)
     Speed:     ev/sec=0   simsec/sec=0   ev/simsec=0
     Messages:  created: 2   present: 2   in FES: 1

<!> Simulation stopped with endSimulation() -- in module (ScheduledAccessQueue) DectScheduledAccessNetwork.queue (id=2), at t=172.50150001167s, event #92167

Calling finish() at end of Run #774...

Preparing for running configuration MonetecFocusedSmallR, run #775...
Scenario: $r=16, $rho=0.095, $repetition=1
Assigned runID=MonetecFocusedSmallR-775-20260930-08:59:57-58
Setting up network "dect2020scheduledaccess.DectScheduledAccessNetwork"...
Initializing...

Running simulation...
** Event #0   t=0   Elapsed: 3e-06s (0m 00s)
     Speed:     ev/sec=0   simsec/sec=0   ev/simsec=0
     Messages:  created: 2   present: 2   in FES: 2
** Event #92043   t=172.780916678337   Elapsed: 0.008461s (0m 00s)
     Speed:     ev/sec=0   simsec/sec=0   ev/simsec=0
     Messages:  created: 2   present: 2   in FES: 1

<!> Simulation stopped with endSimulation() -- in module (ScheduledAccessQueue) DectScheduledAccessNetwork.queue (id=2), at t=172.780916678337s, event #92043

Calling finish() at end of Run #775...

Preparing for running configuration MonetecFocusedSmallR, run #776...
Scenario: $r=16, $rho=0.095, $repetition=2
Assigned runID=MonetecFocusedSmallR-776-20260930-08:59:57-58
Setting up network "dect2020scheduledaccess.DectScheduledAccessNetwork"...
Initializing...

Running simulation...
** Event #0   t=0   Elapsed: 3e-06s (0m 00s)
     Speed:     ev/sec=0   simsec/sec=0   ev/simsec=0
     Messages:  created: 2   present: 2   in FES: 2
** Event #92222   t=172.701583345005   Elapsed: 0.008454s (0m 00s)
     Speed:     ev/sec=0   simsec/sec=0   ev/simsec=0
     Messages:  created: 2   present: 2   in FES: 1

<!> Simulation stopped with endSimulation() -- in module (ScheduledAccessQueue) DectScheduledAccessNetwork.queue (id=2), at t=172.701583345005s, event #92222

Calling finish() at end of Run #776...

Preparing for running configuration MonetecFocusedSmallR, run #777...
Scenario: $r=16, $rho=0.100, $repetition=0
Assigned runID=MonetecFocusedSmallR-777-20260930-08:59:57-58
Setting up network "dect2020scheduledaccess.DectScheduledAccessNetwork"...
Initializing...

Running simulation...
** Event #0   t=0   Elapsed: 3e-06s (0m 00s)
     Speed:     ev/sec=0   simsec/sec=0   ev/simsec=0
     Messages:  created: 2   present: 2   in FES: 2
** Event #94109   t=172.224583345005   Elapsed: 0.008743s (0m 00s)
     Speed:     ev/sec=0   simsec/sec=0   ev/simsec=0
     Messages:  created: 2   present: 2   in FES: 1

<!> Simulation stopped with endSimulation() -- in module (ScheduledAccessQueue) DectScheduledAccessNetwork.queue (id=2), at t=172.224583345005s, event #94109

Calling finish() at end of Run #777...

Preparing for running configuration MonetecFocusedSmallR, run #778...
Scenario: $r=16, $rho=0.100, $repetition=1
Assigned runID=MonetecFocusedSmallR-778-20260930-08:59:57-58
Setting up network "dect2020scheduledaccess.DectScheduledAccessNetwork"...
Initializing...

Running simulation...
** Event #0   t=0   Elapsed: 3e-06s (0m 00s)
     Speed:     ev/sec=0   simsec/sec=0   ev/simsec=0
     Messages:  created: 2   present: 2   in FES: 2
** Event #93989   t=172.339083345003   Elapsed: 0.008584s (0m 00s)
     Speed:     ev/sec=0   simsec/sec=0   ev/simsec=0
     Messages:  created: 2   present: 2   in FES: 1

<!> Simulation stopped with endSimulation() -- in module (ScheduledAccessQueue) DectScheduledAccessNetwork.queue (id=2), at t=172.339083345003s, event #93989

Calling finish() at end of Run #778...

Preparing for running configuration MonetecFocusedSmallR, run #779...
Scenario: $r=16, $rho=0.100, $repetition=2
Assigned runID=MonetecFocusedSmallR-779-20260930-08:59:57-58
Setting up network "dect2020scheduledaccess.DectScheduledAccessNetwork"...
Initializing...

Running simulation...
** Event #0   t=0   Elapsed: 4e-06s (0m 00s)
     Speed:     ev/sec=0   simsec/sec=0   ev/simsec=0
     Messages:  created: 2   present: 2   in FES: 2
** Event #94243   t=172.278583345005   Elapsed: 0.008833s (0m 00s)
     Speed:     ev/sec=0   simsec/sec=0   ev/simsec=0
     Messages:  created: 2   present: 2   in FES: 1

<!> Simulation stopped with endSimulation() -- in module (ScheduledAccessQueue) DectScheduledAccessNetwork.queue (id=2), at t=172.278583345005s, event #94243

Calling finish() at end of Run #779...

Preparing for running configuration MonetecFocusedSmallR, run #780...
Scenario: $r=16, $rho=0.105, $repetition=0
Assigned runID=MonetecFocusedSmallR-780-20260930-08:59:57-58
Setting up network "dect2020scheduledaccess.DectScheduledAccessNetwork"...
Initializing...

Running simulation...
** Event #0   t=0   Elapsed: 4e-06s (0m 00s)
     Speed:     ev/sec=0   simsec/sec=0   ev/simsec=0
     Messages:  created: 2   present: 2   in FES: 2
** Event #96026   t=172.151333345004   Elapsed: 0.008801s (0m 00s)
     Speed:     ev/sec=0   simsec/sec=0   ev/simsec=0
     Messages:  created: 2   present: 2   in FES: 1

<!> Simulation stopped with endSimulation() -- in module (ScheduledAccessQueue) DectScheduledAccessNetwork.queue (id=2), at t=172.151333345004s, event #96026

Calling finish() at end of Run #780...

Preparing for running configuration MonetecFocusedSmallR, run #781...
Scenario: $r=16, $rho=0.105, $repetition=1
Assigned runID=MonetecFocusedSmallR-781-20260930-08:59:57-58
Setting up network "dect2020scheduledaccess.DectScheduledAccessNetwork"...
Initializing...

Running simulation...
** Event #0   t=0   Elapsed: 3e-06s (0m 00s)
     Speed:     ev/sec=0   simsec/sec=0   ev/simsec=0
     Messages:  created: 2   present: 2   in FES: 2
** Event #95996   t=172.251166678338   Elapsed: 0.008823s (0m 00s)
     Speed:     ev/sec=0   simsec/sec=0   ev/simsec=0
     Messages:  created: 2   present: 2   in FES: 1

<!> Simulation stopped with endSimulation() -- in module (ScheduledAccessQueue) DectScheduledAccessNetwork.queue (id=2), at t=172.251166678338s, event #95996

Calling finish() at end of Run #781...

Preparing for running configuration MonetecFocusedSmallR, run #782...
Scenario: $r=16, $rho=0.105, $repetition=2
Assigned runID=MonetecFocusedSmallR-782-20260930-08:59:57-58
Setting up network "dect2020scheduledaccess.DectScheduledAccessNetwork"...
Initializing...

Running simulation...
** Event #0   t=0   Elapsed: 3e-06s (0m 00s)
     Speed:     ev/sec=0   simsec/sec=0   ev/simsec=0
     Messages:  created: 2   present: 2   in FES: 2
** Event #96278   t=172.140250011669   Elapsed: 0.009022s (0m 00s)
     Speed:     ev/sec=0   simsec/sec=0   ev/simsec=0
     Messages:  created: 2   present: 2   in FES: 1

<!> Simulation stopped with endSimulation() -- in module (ScheduledAccessQueue) DectScheduledAccessNetwork.queue (id=2), at t=172.140250011669s, event #96278

Calling finish() at end of Run #782...

Preparing for running configuration MonetecFocusedSmallR, run #783...
Scenario: $r=16, $rho=0.110, $repetition=0
Assigned runID=MonetecFocusedSmallR-783-20260930-08:59:57-58
Setting up network "dect2020scheduledaccess.DectScheduledAccessNetwork"...
Initializing...

Running simulation...
** Event #0   t=0   Elapsed: 3e-06s (0m 00s)
     Speed:     ev/sec=0   simsec/sec=0   ev/simsec=0
     Messages:  created: 2   present: 2   in FES: 2
** Event #98124   t=172.171000011672   Elapsed: 0.009289s (0m 00s)
     Speed:     ev/sec=0   simsec/sec=0   ev/simsec=0
     Messages:  created: 2   present: 2   in FES: 1

<!> Simulation stopped with endSimulation() -- in module (ScheduledAccessQueue) DectScheduledAccessNetwork.queue (id=2), at t=172.171000011672s, event #98124

Calling finish() at end of Run #783...

Preparing for running configuration MonetecFocusedSmallR, run #784...
Scenario: $r=16, $rho=0.110, $repetition=1
Assigned runID=MonetecFocusedSmallR-784-20260930-08:59:57-58
Setting up network "dect2020scheduledaccess.DectScheduledAccessNetwork"...
Initializing...

Running simulation...
** Event #0   t=0   Elapsed: 4e-06s (0m 00s)
     Speed:     ev/sec=0   simsec/sec=0   ev/simsec=0
     Messages:  created: 2   present: 2   in FES: 2
** Event #98075   t=172.233583345005   Elapsed: 0.009165s (0m 00s)
     Speed:     ev/sec=0   simsec/sec=0   ev/simsec=0
     Messages:  created: 2   present: 2   in FES: 1

<!> Simulation stopped with endSimulation() -- in module (ScheduledAccessQueue) DectScheduledAccessNetwork.queue (id=2), at t=172.233583345005s, event #98075

Calling finish() at end of Run #784...

Preparing for running configuration MonetecFocusedSmallR, run #785...
Scenario: $r=16, $rho=0.110, $repetition=2
Assigned runID=MonetecFocusedSmallR-785-20260930-08:59:57-58
Setting up network "dect2020scheduledaccess.DectScheduledAccessNetwork"...
Initializing...

Running simulation...
** Event #0   t=0   Elapsed: 3e-06s (0m 00s)
     Speed:     ev/sec=0   simsec/sec=0   ev/simsec=0
     Messages:  created: 2   present: 2   in FES: 2
** Event #98368   t=172.152166678338   Elapsed: 0.008992s (0m 00s)
     Speed:     ev/sec=0   simsec/sec=0   ev/simsec=0
     Messages:  created: 2   present: 2   in FES: 1

<!> Simulation stopped with endSimulation() -- in module (ScheduledAccessQueue) DectScheduledAccessNetwork.queue (id=2), at t=172.152166678338s, event #98368

Calling finish() at end of Run #785...

Preparing for running configuration MonetecFocusedSmallR, run #786...
Scenario: $r=16, $rho=0.115, $repetition=0
Assigned runID=MonetecFocusedSmallR-786-20260930-08:59:57-58
Setting up network "dect2020scheduledaccess.DectScheduledAccessNetwork"...
Initializing...

Running simulation...
** Event #0   t=0   Elapsed: 3e-06s (0m 00s)
     Speed:     ev/sec=0   simsec/sec=0   ev/simsec=0
     Messages:  created: 2   present: 2   in FES: 2
** Event #100249   t=172.152166678338   Elapsed: 0.009168s (0m 00s)
     Speed:     ev/sec=0   simsec/sec=0   ev/simsec=0
     Messages:  created: 2   present: 2   in FES: 1

<!> Simulation stopped with endSimulation() -- in module (ScheduledAccessQueue) DectScheduledAccessNetwork.queue (id=2), at t=172.152166678338s, event #100249

Calling finish() at end of Run #786...

Preparing for running configuration MonetecFocusedSmallR, run #787...
Scenario: $r=16, $rho=0.115, $repetition=1
Assigned runID=MonetecFocusedSmallR-787-20260930-08:59:58-58
Setting up network "dect2020scheduledaccess.DectScheduledAccessNetwork"...
Initializing...

Running simulation...
** Event #0   t=0   Elapsed: 3e-06s (0m 00s)
     Speed:     ev/sec=0   simsec/sec=0   ev/simsec=0
     Messages:  created: 2   present: 2   in FES: 2
** Event #100119   t=172.188166678338   Elapsed: 0.009459s (0m 00s)
     Speed:     ev/sec=0   simsec/sec=0   ev/simsec=0
     Messages:  created: 2   present: 2   in FES: 1

<!> Simulation stopped with endSimulation() -- in module (ScheduledAccessQueue) DectScheduledAccessNetwork.queue (id=2), at t=172.188166678338s, event #100119

Calling finish() at end of Run #787...

Preparing for running configuration MonetecFocusedSmallR, run #788...
Scenario: $r=16, $rho=0.115, $repetition=2
Assigned runID=MonetecFocusedSmallR-788-20260930-08:59:58-58
Setting up network "dect2020scheduledaccess.DectScheduledAccessNetwork"...
Initializing...

Running simulation...
** Event #0   t=0   Elapsed: 4e-06s (0m 00s)
     Speed:     ev/sec=0   simsec/sec=0   ev/simsec=0
     Messages:  created: 2   present: 2   in FES: 2
** Event #100388   t=172.152166678338   Elapsed: 0.009249s (0m 00s)
     Speed:     ev/sec=0   simsec/sec=0   ev/simsec=0
     Messages:  created: 2   present: 2   in FES: 1

<!> Simulation stopped with endSimulation() -- in module (ScheduledAccessQueue) DectScheduledAccessNetwork.queue (id=2), at t=172.152166678338s, event #100388

Calling finish() at end of Run #788...

Preparing for running configuration MonetecFocusedSmallR, run #789...
Scenario: $r=16, $rho=0.120, $repetition=0
Assigned runID=MonetecFocusedSmallR-789-20260930-08:59:58-58
Setting up network "dect2020scheduledaccess.DectScheduledAccessNetwork"...
Initializing...

Running simulation...
** Event #0   t=0   Elapsed: 3e-06s (0m 00s)
     Speed:     ev/sec=0   simsec/sec=0   ev/simsec=0
     Messages:  created: 2   present: 2   in FES: 2
** Event #102282   t=172.151750011671   Elapsed: 0.009416s (0m 00s)
     Speed:     ev/sec=0   simsec/sec=0   ev/simsec=0
     Messages:  created: 2   present: 2   in FES: 1

<!> Simulation stopped with endSimulation() -- in module (ScheduledAccessQueue) DectScheduledAccessNetwork.queue (id=2), at t=172.151750011671s, event #102282

Calling finish() at end of Run #789...

Preparing for running configuration MonetecFocusedSmallR, run #790...
Scenario: $r=16, $rho=0.120, $repetition=1
Assigned runID=MonetecFocusedSmallR-790-20260930-08:59:58-58
Setting up network "dect2020scheduledaccess.DectScheduledAccessNetwork"...
Initializing...

Running simulation...
** Event #0   t=0   Elapsed: 4e-06s (0m 00s)
     Speed:     ev/sec=0   simsec/sec=0   ev/simsec=0
     Messages:  created: 2   present: 2   in FES: 2
** Event #102191   t=172.179166678338   Elapsed: 0.009436s (0m 00s)
     Speed:     ev/sec=0   simsec/sec=0   ev/simsec=0
     Messages:  created: 2   present: 2   in FES: 1

<!> Simulation stopped with endSimulation() -- in module (ScheduledAccessQueue) DectScheduledAccessNetwork.queue (id=2), at t=172.179166678338s, event #102191

Calling finish() at end of Run #790...

Preparing for running configuration MonetecFocusedSmallR, run #791...
Scenario: $r=16, $rho=0.120, $repetition=2
Assigned runID=MonetecFocusedSmallR-791-20260930-08:59:58-58
Setting up network "dect2020scheduledaccess.DectScheduledAccessNetwork"...
Initializing...

Running simulation...
** Event #0   t=0   Elapsed: 3e-06s (0m 00s)
     Speed:     ev/sec=0   simsec/sec=0   ev/simsec=0
     Messages:  created: 2   present: 2   in FES: 2
** Event #102426   t=172.152166678338   Elapsed: 0.010069s (0m 00s)
     Speed:     ev/sec=1.01765e+07   simsec/sec=17104   ev/simsec=594.975
     Messages:  created: 2   present: 2   in FES: 1

<!> Simulation stopped with endSimulation() -- in module (ScheduledAccessQueue) DectScheduledAccessNetwork.queue (id=2), at t=172.152166678338s, event #102426

Calling finish() at end of Run #791...

Preparing for running configuration MonetecFocusedSmallR, run #792...
Scenario: $r=16, $rho=0.125, $repetition=0
Assigned runID=MonetecFocusedSmallR-792-20260930-08:59:58-58
Setting up network "dect2020scheduledaccess.DectScheduledAccessNetwork"...
Initializing...

Running simulation...
** Event #0   t=0   Elapsed: 3e-06s (0m 00s)
     Speed:     ev/sec=0   simsec/sec=0   ev/simsec=0
     Messages:  created: 2   present: 2   in FES: 2
** Event #104421   t=172.161583345005   Elapsed: 0.009661s (0m 00s)
     Speed:     ev/sec=0   simsec/sec=0   ev/simsec=0
     Messages:  created: 2   present: 2   in FES: 1

<!> Simulation stopped with endSimulation() -- in module (ScheduledAccessQueue) DectScheduledAccessNetwork.queue (id=2), at t=172.161583345005s, event #104421

Calling finish() at end of Run #792...

Preparing for running configuration MonetecFocusedSmallR, run #793...
Scenario: $r=16, $rho=0.125, $repetition=1
Assigned runID=MonetecFocusedSmallR-793-20260930-08:59:58-58
Setting up network "dect2020scheduledaccess.DectScheduledAccessNetwork"...
Initializing...

Running simulation...
** Event #0   t=0   Elapsed: 3e-06s (0m 00s)
     Speed:     ev/sec=0   simsec/sec=0   ev/simsec=0
     Messages:  created: 2   present: 2   in FES: 2
** Event #104249   t=172.179583345005   Elapsed: 0.009621s (0m 00s)
     Speed:     ev/sec=0   simsec/sec=0   ev/simsec=0
     Messages:  created: 2   present: 2   in FES: 1

<!> Simulation stopped with endSimulation() -- in module (ScheduledAccessQueue) DectScheduledAccessNetwork.queue (id=2), at t=172.179583345005s, event #104249

Calling finish() at end of Run #793...

Preparing for running configuration MonetecFocusedSmallR, run #794...
Scenario: $r=16, $rho=0.125, $repetition=2
Assigned runID=MonetecFocusedSmallR-794-20260930-08:59:58-58
Setting up network "dect2020scheduledaccess.DectScheduledAccessNetwork"...
Initializing...

Running simulation...
** Event #0   t=0   Elapsed: 3e-06s (0m 00s)
     Speed:     ev/sec=0   simsec/sec=0   ev/simsec=0
     Messages:  created: 2   present: 2   in FES: 2
** Event #104533   t=172.152166678338   Elapsed: 0.009605s (0m 00s)
     Speed:     ev/sec=0   simsec/sec=0   ev/simsec=0
     Messages:  created: 2   present: 2   in FES: 1

<!> Simulation stopped with endSimulation() -- in module (ScheduledAccessQueue) DectScheduledAccessNetwork.queue (id=2), at t=172.152166678338s, event #104533

Calling finish() at end of Run #794...

Preparing for running configuration MonetecFocusedSmallR, run #795...
Scenario: $r=16, $rho=0.130, $repetition=0
Assigned runID=MonetecFocusedSmallR-795-20260930-08:59:58-58
Setting up network "dect2020scheduledaccess.DectScheduledAccessNetwork"...
Initializing...

Running simulation...
** Event #0   t=0   Elapsed: 3e-06s (0m 00s)
     Speed:     ev/sec=0   simsec/sec=0   ev/simsec=0
     Messages:  created: 2   present: 2   in FES: 2
** Event #106471   t=172.132083345003   Elapsed: 0.009957s (0m 00s)
     Speed:     ev/sec=0   simsec/sec=0   ev/simsec=0
     Messages:  created: 2   present: 2   in FES: 1

<!> Simulation stopped with endSimulation() -- in module (ScheduledAccessQueue) DectScheduledAccessNetwork.queue (id=2), at t=172.132083345003s, event #106471

Calling finish() at end of Run #795...

Preparing for running configuration MonetecFocusedSmallR, run #796...
Scenario: $r=16, $rho=0.130, $repetition=1
Assigned runID=MonetecFocusedSmallR-796-20260930-08:59:58-58
Setting up network "dect2020scheduledaccess.DectScheduledAccessNetwork"...
Initializing...

Running simulation...
** Event #0   t=0   Elapsed: 3e-06s (0m 00s)
     Speed:     ev/sec=0   simsec/sec=0   ev/simsec=0
     Messages:  created: 2   present: 2   in FES: 2
** Event #106312   t=172.179583345005   Elapsed: 0.009874s (0m 00s)
     Speed:     ev/sec=0   simsec/sec=0   ev/simsec=0
     Messages:  created: 2   present: 2   in FES: 1

<!> Simulation stopped with endSimulation() -- in module (ScheduledAccessQueue) DectScheduledAccessNetwork.queue (id=2), at t=172.179583345005s, event #106312

Calling finish() at end of Run #796...

Preparing for running configuration MonetecFocusedSmallR, run #797...
Scenario: $r=16, $rho=0.130, $repetition=2
Assigned runID=MonetecFocusedSmallR-797-20260930-08:59:58-58
Setting up network "dect2020scheduledaccess.DectScheduledAccessNetwork"...
Initializing...

Running simulation...
** Event #0   t=0   Elapsed: 2.8e-05s (0m 00s)
     Speed:     ev/sec=0   simsec/sec=0   ev/simsec=0
     Messages:  created: 2   present: 2   in FES: 2
** Event #106528   t=172.142333345004   Elapsed: 0.010029s (0m 00s)
     Speed:     ev/sec=1.06507e+07   simsec/sec=17210.7   ev/simsec=618.838
     Messages:  created: 2   present: 2   in FES: 1

<!> Simulation stopped with endSimulation() -- in module (ScheduledAccessQueue) DectScheduledAccessNetwork.queue (id=2), at t=172.142333345004s, event #106528

Calling finish() at end of Run #797...

Preparing for running configuration MonetecFocusedSmallR, run #798...
Scenario: $r=16, $rho=0.135, $repetition=0
Assigned runID=MonetecFocusedSmallR-798-20260930-08:59:58-58
Setting up network "dect2020scheduledaccess.DectScheduledAccessNetwork"...
Initializing...

Running simulation...
** Event #0   t=0   Elapsed: 3e-06s (0m 00s)
     Speed:     ev/sec=0   simsec/sec=0   ev/simsec=0
     Messages:  created: 2   present: 2   in FES: 2
** Event #108515   t=172.161583345005   Elapsed: 0.010259s (0m 00s)
     Speed:     ev/sec=1.05806e+07   simsec/sec=16786.4   ev/simsec=630.311
     Messages:  created: 2   present: 2   in FES: 1

<!> Simulation stopped with endSimulation() -- in module (ScheduledAccessQueue) DectScheduledAccessNetwork.queue (id=2), at t=172.161583345005s, event #108515

Calling finish() at end of Run #798...

Preparing for running configuration MonetecFocusedSmallR, run #799...
Scenario: $r=16, $rho=0.135, $repetition=1
Assigned runID=MonetecFocusedSmallR-799-20260930-08:59:58-58
Setting up network "dect2020scheduledaccess.DectScheduledAccessNetwork"...
Initializing...

Running simulation...
** Event #0   t=0   Elapsed: 1.5e-05s (0m 00s)
     Speed:     ev/sec=0   simsec/sec=0   ev/simsec=0
     Messages:  created: 2   present: 2   in FES: 2
** Event #108313   t=172.170583345005   Elapsed: 0.010107s (0m 00s)
     Speed:     ev/sec=1.07336e+07   simsec/sec=17061.8   ev/simsec=629.104
     Messages:  created: 2   present: 2   in FES: 1

<!> Simulation stopped with endSimulation() -- in module (ScheduledAccessQueue) DectScheduledAccessNetwork.queue (id=2), at t=172.170583345005s, event #108313

Calling finish() at end of Run #799...

Preparing for running configuration MonetecFocusedSmallR, run #800...
Scenario: $r=16, $rho=0.135, $repetition=2
Assigned runID=MonetecFocusedSmallR-800-20260930-08:59:58-58
Setting up network "dect2020scheduledaccess.DectScheduledAccessNetwork"...
Initializing...

Running simulation...
** Event #0   t=0   Elapsed: 2.5e-05s (0m 00s)
     Speed:     ev/sec=0   simsec/sec=0   ev/simsec=0
     Messages:  created: 2   present: 2   in FES: 2
** Event #108583   t=172.151750011671   Elapsed: 0.010244s (0m 00s)
     Speed:     ev/sec=1.06266e+07   simsec/sec=16847.9   ev/simsec=630.742
     Messages:  created: 2   present: 2   in FES: 1

<!> Simulation stopped with endSimulation() -- in module (ScheduledAccessQueue) DectScheduledAccessNetwork.queue (id=2), at t=172.151750011671s, event #108583

Calling finish() at end of Run #800...

Preparing for running configuration MonetecFocusedSmallR, run #801...
Scenario: $r=16, $rho=0.140, $repetition=0
Assigned runID=MonetecFocusedSmallR-801-20260930-08:59:58-58
Setting up network "dect2020scheduledaccess.DectScheduledAccessNetwork"...
Initializing...

Running simulation...
** Event #0   t=0   Elapsed: 2.7e-05s (0m 00s)
     Speed:     ev/sec=0   simsec/sec=0   ev/simsec=0
     Messages:  created: 2   present: 2   in FES: 2
** Event #110600   t=172.152166678338   Elapsed: 0.010819s (0m 00s)
     Speed:     ev/sec=1.02474e+07   simsec/sec=15950.3   ev/simsec=642.456
     Messages:  created: 2   present: 2   in FES: 1

<!> Simulation stopped with endSimulation() -- in module (ScheduledAccessQueue) DectScheduledAccessNetwork.queue (id=2), at t=172.152166678338s, event #110600

Calling finish() at end of Run #801...

Preparing for running configuration MonetecFocusedSmallR, run #802...
Scenario: $r=16, $rho=0.140, $repetition=1
Assigned runID=MonetecFocusedSmallR-802-20260930-08:59:58-58
Setting up network "dect2020scheduledaccess.DectScheduledAccessNetwork"...
Initializing...

Running simulation...
** Event #0   t=0   Elapsed: 3e-06s (0m 00s)
     Speed:     ev/sec=0   simsec/sec=0   ev/simsec=0
     Messages:  created: 2   present: 2   in FES: 2
** Event #110392   t=172.180000011672   Elapsed: 0.010909s (0m 00s)
     Speed:     ev/sec=1.01231e+07   simsec/sec=15789   ev/simsec=641.145
     Messages:  created: 2   present: 2   in FES: 1

<!> Simulation stopped with endSimulation() -- in module (ScheduledAccessQueue) DectScheduledAccessNetwork.queue (id=2), at t=172.180000011672s, event #110392

Calling finish() at end of Run #802...

Preparing for running configuration MonetecFocusedSmallR, run #803...
Scenario: $r=16, $rho=0.140, $repetition=2
Assigned runID=MonetecFocusedSmallR-803-20260930-08:59:58-58
Setting up network "dect2020scheduledaccess.DectScheduledAccessNetwork"...
Initializing...

Running simulation...
** Event #0   t=0   Elapsed: 2.7e-05s (0m 00s)
     Speed:     ev/sec=0   simsec/sec=0   ev/simsec=0
     Messages:  created: 2   present: 2   in FES: 2
** Event #110569   t=172.142333345004   Elapsed: 0.011147s (0m 00s)
     Speed:     ev/sec=9.94415e+06   simsec/sec=15481.8   ev/simsec=642.313
     Messages:  created: 2   present: 2   in FES: 1

<!> Simulation stopped with endSimulation() -- in module (ScheduledAccessQueue) DectScheduledAccessNetwork.queue (id=2), at t=172.142333345004s, event #110569

Calling finish() at end of Run #803...

Preparing for running configuration MonetecFocusedSmallR, run #804...
Scenario: $r=16, $rho=0.145, $repetition=0
Assigned runID=MonetecFocusedSmallR-804-20260930-08:59:58-58
Setting up network "dect2020scheduledaccess.DectScheduledAccessNetwork"...
Initializing...

Running simulation...
** Event #0   t=0   Elapsed: 2.8e-05s (0m 00s)
     Speed:     ev/sec=0   simsec/sec=0   ev/simsec=0
     Messages:  created: 2   present: 2   in FES: 2
** Event #112596   t=172.152166678338   Elapsed: 0.011183s (0m 00s)
     Speed:     ev/sec=1.00929e+07   simsec/sec=15431.3   ev/simsec=654.051
     Messages:  created: 2   present: 2   in FES: 1

<!> Simulation stopped with endSimulation() -- in module (ScheduledAccessQueue) DectScheduledAccessNetwork.queue (id=2), at t=172.152166678338s, event #112596

Calling finish() at end of Run #804...

Preparing for running configuration MonetecFocusedSmallR, run #805...
Scenario: $r=16, $rho=0.145, $repetition=1
Assigned runID=MonetecFocusedSmallR-805-20260930-08:59:58-58
Setting up network "dect2020scheduledaccess.DectScheduledAccessNetwork"...
Initializing...

Running simulation...
** Event #0   t=0   Elapsed: 2.6e-05s (0m 00s)
     Speed:     ev/sec=0   simsec/sec=0   ev/simsec=0
     Messages:  created: 2   present: 2   in FES: 2
** Event #112518   t=172.170583345005   Elapsed: 0.011392s (0m 00s)
     Speed:     ev/sec=9.89952e+06   simsec/sec=15147.8   ev/simsec=653.528
     Messages:  created: 2   present: 2   in FES: 1

<!> Simulation stopped with endSimulation() -- in module (ScheduledAccessQueue) DectScheduledAccessNetwork.queue (id=2), at t=172.170583345005s, event #112518

Calling finish() at end of Run #805...

Preparing for running configuration MonetecFocusedSmallR, run #806...
Scenario: $r=16, $rho=0.145, $repetition=2
Assigned runID=MonetecFocusedSmallR-806-20260930-08:59:58-58
Setting up network "dect2020scheduledaccess.DectScheduledAccessNetwork"...
Initializing...

Running simulation...
** Event #0   t=0   Elapsed: 3e-06s (0m 00s)
     Speed:     ev/sec=0   simsec/sec=0   ev/simsec=0
     Messages:  created: 2   present: 2   in FES: 2
** Event #112673   t=172.141916678337   Elapsed: 0.01131s (0m 00s)
     Speed:     ev/sec=9.96577e+06   simsec/sec=15225.7   ev/simsec=654.537
     Messages:  created: 2   present: 2   in FES: 1

<!> Simulation stopped with endSimulation() -- in module (ScheduledAccessQueue) DectScheduledAccessNetwork.queue (id=2), at t=172.141916678337s, event #112673

Calling finish() at end of Run #806...

Preparing for running configuration MonetecFocusedSmallR, run #807...
Scenario: $r=16, $rho=0.150, $repetition=0
Assigned runID=MonetecFocusedSmallR-807-20260930-08:59:58-58
Setting up network "dect2020scheduledaccess.DectScheduledAccessNetwork"...
Initializing...

Running simulation...
** Event #0   t=0   Elapsed: 2.9e-05s (0m 00s)
     Speed:     ev/sec=0   simsec/sec=0   ev/simsec=0
     Messages:  created: 2   present: 2   in FES: 2
** Event #114757   t=172.152166678338   Elapsed: 0.012083s (0m 00s)
     Speed:     ev/sec=9.52103e+06   simsec/sec=14282.9   ev/simsec=666.604
     Messages:  created: 2   present: 2   in FES: 1

<!> Simulation stopped with endSimulation() -- in module (ScheduledAccessQueue) DectScheduledAccessNetwork.queue (id=2), at t=172.152166678338s, event #114757

Calling finish() at end of Run #807...

Preparing for running configuration MonetecFocusedSmallR, run #808...
Scenario: $r=16, $rho=0.150, $repetition=1
Assigned runID=MonetecFocusedSmallR-808-20260930-08:59:58-58
Setting up network "dect2020scheduledaccess.DectScheduledAccessNetwork"...
Initializing...

Running simulation...
** Event #0   t=0   Elapsed: 4e-06s (0m 00s)
     Speed:     ev/sec=0   simsec/sec=0   ev/simsec=0
     Messages:  created: 2   present: 2   in FES: 2
** Event #114609   t=172.160750011671   Elapsed: 0.011089s (0m 00s)
     Speed:     ev/sec=1.034e+07   simsec/sec=15532.3   ev/simsec=665.711
     Messages:  created: 2   present: 2   in FES: 1

<!> Simulation stopped with endSimulation() -- in module (ScheduledAccessQueue) DectScheduledAccessNetwork.queue (id=2), at t=172.160750011671s, event #114609

Calling finish() at end of Run #808...

Preparing for running configuration MonetecFocusedSmallR, run #809...
Scenario: $r=16, $rho=0.150, $repetition=2
Assigned runID=MonetecFocusedSmallR-809-20260930-08:59:58-58
Setting up network "dect2020scheduledaccess.DectScheduledAccessNetwork"...
Initializing...

Running simulation...
** Event #0   t=0   Elapsed: 4e-06s (0m 00s)
     Speed:     ev/sec=0   simsec/sec=0   ev/simsec=0
     Messages:  created: 2   present: 2   in FES: 2
** Event #114796   t=172.152166678338   Elapsed: 0.011269s (0m 00s)
     Speed:     ev/sec=1.01914e+07   simsec/sec=15283.4   ev/simsec=666.83
     Messages:  created: 2   present: 2   in FES: 1

<!> Simulation stopped with endSimulation() -- in module (ScheduledAccessQueue) DectScheduledAccessNetwork.queue (id=2), at t=172.152166678338s, event #114796

Calling finish() at end of Run #809...

Preparing for running configuration MonetecFocusedSmallR, run #810...
Scenario: $r=16, $rho=0.155, $repetition=0
Assigned runID=MonetecFocusedSmallR-810-20260930-08:59:58-58
Setting up network "dect2020scheduledaccess.DectScheduledAccessNetwork"...
Initializing...

Running simulation...
** Event #0   t=0   Elapsed: 3e-06s (0m 00s)
     Speed:     ev/sec=0   simsec/sec=0   ev/simsec=0
     Messages:  created: 2   present: 2   in FES: 2
** Event #116828   t=172.161583345005   Elapsed: 0.01099s (0m 00s)
     Speed:     ev/sec=1.06343e+07   simsec/sec=15671   ev/simsec=678.597
     Messages:  created: 2   present: 2   in FES: 1

<!> Simulation stopped with endSimulation() -- in module (ScheduledAccessQueue) DectScheduledAccessNetwork.queue (id=2), at t=172.161583345005s, event #116828

Calling finish() at end of Run #810...

Preparing for running configuration MonetecFocusedSmallR, run #811...
Scenario: $r=16, $rho=0.155, $repetition=1
Assigned runID=MonetecFocusedSmallR-811-20260930-08:59:58-58
Setting up network "dect2020scheduledaccess.DectScheduledAccessNetwork"...
Initializing...

Running simulation...
** Event #0   t=0   Elapsed: 4e-06s (0m 00s)
     Speed:     ev/sec=0   simsec/sec=0   ev/simsec=0
     Messages:  created: 2   present: 2   in FES: 2
** Event #116756   t=172.180000011672   Elapsed: 0.0109s (0m 00s)
     Speed:     ev/sec=1.07155e+07   simsec/sec=15802.1   ev/simsec=678.106
     Messages:  created: 2   present: 2   in FES: 1

<!> Simulation stopped with endSimulation() -- in module (ScheduledAccessQueue) DectScheduledAccessNetwork.queue (id=2), at t=172.180000011672s, event #116756

Calling finish() at end of Run #811...

Preparing for running configuration MonetecFocusedSmallR, run #812...
Scenario: $r=16, $rho=0.155, $repetition=2
Assigned runID=MonetecFocusedSmallR-812-20260930-08:59:58-58
Setting up network "dect2020scheduledaccess.DectScheduledAccessNetwork"...
Initializing...

Running simulation...
** Event #0   t=0   Elapsed: 3e-06s (0m 00s)
     Speed:     ev/sec=0   simsec/sec=0   ev/simsec=0
     Messages:  created: 2   present: 2   in FES: 2
** Event #116848   t=172.152166678338   Elapsed: 0.010927s (0m 00s)
     Speed:     ev/sec=1.06964e+07   simsec/sec=15759   ev/simsec=678.75
     Messages:  created: 2   present: 2   in FES: 1

<!> Simulation stopped with endSimulation() -- in module (ScheduledAccessQueue) DectScheduledAccessNetwork.queue (id=2), at t=172.152166678338s, event #116848

Calling finish() at end of Run #812...

Preparing for running configuration MonetecFocusedSmallR, run #813...
Scenario: $r=16, $rho=0.160, $repetition=0
Assigned runID=MonetecFocusedSmallR-813-20260930-08:59:58-58
Setting up network "dect2020scheduledaccess.DectScheduledAccessNetwork"...
Initializing...

Running simulation...
** Event #0   t=0   Elapsed: 3e-06s (0m 00s)
     Speed:     ev/sec=0   simsec/sec=0   ev/simsec=0
     Messages:  created: 2   present: 2   in FES: 2
** Event #118953   t=172.152166678338   Elapsed: 0.011302s (0m 00s)
     Speed:     ev/sec=1.05305e+07   simsec/sec=15240.1   ev/simsec=690.977
     Messages:  created: 2   present: 2   in FES: 1

<!> Simulation stopped with endSimulation() -- in module (ScheduledAccessQueue) DectScheduledAccessNetwork.queue (id=2), at t=172.152166678338s, event #118953

Calling finish() at end of Run #813...

Preparing for running configuration MonetecFocusedSmallR, run #814...
Scenario: $r=16, $rho=0.160, $repetition=1
Assigned runID=MonetecFocusedSmallR-814-20260930-08:59:58-58
Setting up network "dect2020scheduledaccess.DectScheduledAccessNetwork"...
Initializing...

Running simulation...
** Event #0   t=0   Elapsed: 3e-05s (0m 00s)
     Speed:     ev/sec=0   simsec/sec=0   ev/simsec=0
     Messages:  created: 2   present: 2   in FES: 2
** Event #118752   t=172.161166678338   Elapsed: 0.011198s (0m 00s)
     Speed:     ev/sec=1.06332e+07   simsec/sec=15415.5   ev/simsec=689.774
     Messages:  created: 2   present: 2   in FES: 1

<!> Simulation stopped with endSimulation() -- in module (ScheduledAccessQueue) DectScheduledAccessNetwork.queue (id=2), at t=172.161166678338s, event #118752

Calling finish() at end of Run #814...

Preparing for running configuration MonetecFocusedSmallR, run #815...
Scenario: $r=16, $rho=0.160, $repetition=2
Assigned runID=MonetecFocusedSmallR-815-20260930-08:59:58-58
Setting up network "dect2020scheduledaccess.DectScheduledAccessNetwork"...
Initializing...

Running simulation...
** Event #0   t=0   Elapsed: 4e-06s (0m 00s)
     Speed:     ev/sec=0   simsec/sec=0   ev/simsec=0
     Messages:  created: 2   present: 2   in FES: 2
** Event #118924   t=172.152166678338   Elapsed: 0.011259s (0m 00s)
     Speed:     ev/sec=1.05663e+07   simsec/sec=15295.6   ev/simsec=690.809
     Messages:  created: 2   present: 2   in FES: 1

<!> Simulation stopped with endSimulation() -- in module (ScheduledAccessQueue) DectScheduledAccessNetwork.queue (id=2), at t=172.152166678338s, event #118924

Calling finish() at end of Run #815...

Preparing for running configuration MonetecFocusedSmallR, run #816...
Scenario: $r=16, $rho=0.165, $repetition=0
Assigned runID=MonetecFocusedSmallR-816-20260930-08:59:58-58
Setting up network "dect2020scheduledaccess.DectScheduledAccessNetwork"...
Initializing...

Running simulation...
** Event #0   t=0   Elapsed: 4e-06s (0m 00s)
     Speed:     ev/sec=0   simsec/sec=0   ev/simsec=0
     Messages:  created: 2   present: 2   in FES: 2
** Event #121110   t=172.152166678338   Elapsed: 0.011422s (0m 00s)
     Speed:     ev/sec=1.0606e+07   simsec/sec=15075.9   ev/simsec=703.507
     Messages:  created: 2   present: 2   in FES: 1

<!> Simulation stopped with endSimulation() -- in module (ScheduledAccessQueue) DectScheduledAccessNetwork.queue (id=2), at t=172.152166678338s, event #121110

Calling finish() at end of Run #816...

Preparing for running configuration MonetecFocusedSmallR, run #817...
Scenario: $r=16, $rho=0.165, $repetition=1
Assigned runID=MonetecFocusedSmallR-817-20260930-08:59:58-58
Setting up network "dect2020scheduledaccess.DectScheduledAccessNetwork"...
Initializing...

Running simulation...
** Event #0   t=0   Elapsed: 3e-06s (0m 00s)
     Speed:     ev/sec=0   simsec/sec=0   ev/simsec=0
     Messages:  created: 2   present: 2   in FES: 2
** Event #120846   t=172.170583345005   Elapsed: 0.011457s (0m 00s)
     Speed:     ev/sec=1.05515e+07   simsec/sec=15032.8   ev/simsec=701.899
     Messages:  created: 2   present: 2   in FES: 1

<!> Simulation stopped with endSimulation() -- in module (ScheduledAccessQueue) DectScheduledAccessNetwork.queue (id=2), at t=172.170583345005s, event #120846

Calling finish() at end of Run #817...

Preparing for running configuration MonetecFocusedSmallR, run #818...
Scenario: $r=16, $rho=0.165, $repetition=2
Assigned runID=MonetecFocusedSmallR-818-20260930-08:59:58-58
Setting up network "dect2020scheduledaccess.DectScheduledAccessNetwork"...
Initializing...

Running simulation...
** Event #0   t=0   Elapsed: 2.7e-05s (0m 00s)
     Speed:     ev/sec=0   simsec/sec=0   ev/simsec=0
     Messages:  created: 2   present: 2   in FES: 2
** Event #120983   t=172.152166678338   Elapsed: 0.011417s (0m 00s)
     Speed:     ev/sec=1.06228e+07   simsec/sec=15115.6   ev/simsec=702.77
     Messages:  created: 2   present: 2   in FES: 1

<!> Simulation stopped with endSimulation() -- in module (ScheduledAccessQueue) DectScheduledAccessNetwork.queue (id=2), at t=172.152166678338s, event #120983

Calling finish() at end of Run #818...

Preparing for running configuration MonetecFocusedSmallR, run #819...
Scenario: $r=16, $rho=0.170, $repetition=0
Assigned runID=MonetecFocusedSmallR-819-20260930-08:59:58-58
Setting up network "dect2020scheduledaccess.DectScheduledAccessNetwork"...
Initializing...

Running simulation...
** Event #0   t=0   Elapsed: 3e-06s (0m 00s)
     Speed:     ev/sec=0   simsec/sec=0   ev/simsec=0
     Messages:  created: 2   present: 2   in FES: 2
** Event #123243   t=172.161583345005   Elapsed: 0.011622s (0m 00s)
     Speed:     ev/sec=1.0607e+07   simsec/sec=14817.2   ev/simsec=715.858
     Messages:  created: 2   present: 2   in FES: 1

<!> Simulation stopped with endSimulation() -- in module (ScheduledAccessQueue) DectScheduledAccessNetwork.queue (id=2), at t=172.161583345005s, event #123243

Calling finish() at end of Run #819...

Preparing for running configuration MonetecFocusedSmallR, run #820...
Scenario: $r=16, $rho=0.170, $repetition=1
Assigned runID=MonetecFocusedSmallR-820-20260930-08:59:58-58
Setting up network "dect2020scheduledaccess.DectScheduledAccessNetwork"...
Initializing...

Running simulation...
** Event #0   t=0   Elapsed: 3e-06s (0m 00s)
     Speed:     ev/sec=0   simsec/sec=0   ev/simsec=0
     Messages:  created: 2   present: 2   in FES: 2
** Event #122885   t=172.161166678338   Elapsed: 0.011646s (0m 00s)
     Speed:     ev/sec=1.05553e+07   simsec/sec=14787.9   ev/simsec=713.781
     Messages:  created: 2   present: 2   in FES: 1

<!> Simulation stopped with endSimulation() -- in module (ScheduledAccessQueue) DectScheduledAccessNetwork.queue (id=2), at t=172.161166678338s, event #122885

Calling finish() at end of Run #820...

Preparing for running configuration MonetecFocusedSmallR, run #821...
Scenario: $r=16, $rho=0.170, $repetition=2
Assigned runID=MonetecFocusedSmallR-821-20260930-08:59:58-58
Setting up network "dect2020scheduledaccess.DectScheduledAccessNetwork"...
Initializing...

Running simulation...
** Event #0   t=0   Elapsed: 3e-06s (0m 00s)
     Speed:     ev/sec=0   simsec/sec=0   ev/simsec=0
     Messages:  created: 2   present: 2   in FES: 2
** Event #123032   t=172.152166678338   Elapsed: 0.011959s (0m 00s)
     Speed:     ev/sec=1.02913e+07   simsec/sec=14400   ev/simsec=714.67
     Messages:  created: 2   present: 2   in FES: 1

<!> Simulation stopped with endSimulation() -- in module (ScheduledAccessQueue) DectScheduledAccessNetwork.queue (id=2), at t=172.152166678338s, event #123032

Calling finish() at end of Run #821...

Preparing for running configuration MonetecFocusedSmallR, run #822...
Scenario: $r=16, $rho=0.175, $repetition=0
Assigned runID=MonetecFocusedSmallR-822-20260930-08:59:58-58
Setting up network "dect2020scheduledaccess.DectScheduledAccessNetwork"...
Initializing...

Running simulation...
** Event #0   t=0   Elapsed: 4e-06s (0m 00s)
     Speed:     ev/sec=0   simsec/sec=0   ev/simsec=0
     Messages:  created: 2   present: 2   in FES: 2
** Event #125311   t=172.152166678338   Elapsed: 0.011803s (0m 00s)
     Speed:     ev/sec=1.06214e+07   simsec/sec=14591.6   ev/simsec=727.91
     Messages:  created: 2   present: 2   in FES: 1

<!> Simulation stopped with endSimulation() -- in module (ScheduledAccessQueue) DectScheduledAccessNetwork.queue (id=2), at t=172.152166678338s, event #125311

Calling finish() at end of Run #822...

Preparing for running configuration MonetecFocusedSmallR, run #823...
Scenario: $r=16, $rho=0.175, $repetition=1
Assigned runID=MonetecFocusedSmallR-823-20260930-08:59:58-58
Setting up network "dect2020scheduledaccess.DectScheduledAccessNetwork"...
Initializing...

Running simulation...
** Event #0   t=0   Elapsed: 2e-05s (0m 00s)
     Speed:     ev/sec=0   simsec/sec=0   ev/simsec=0
     Messages:  created: 2   present: 2   in FES: 2
** Event #124937   t=172.161583345005   Elapsed: 0.012224s (0m 00s)
     Speed:     ev/sec=1.02399e+07   simsec/sec=14110.4   ev/simsec=725.698
     Messages:  created: 2   present: 2   in FES: 1

<!> Simulation stopped with endSimulation() -- in module (ScheduledAccessQueue) DectScheduledAccessNetwork.queue (id=2), at t=172.161583345005s, event #124937

Calling finish() at end of Run #823...

Preparing for running configuration MonetecFocusedSmallR, run #824...
Scenario: $r=16, $rho=0.175, $repetition=2
Assigned runID=MonetecFocusedSmallR-824-20260930-08:59:58-58
Setting up network "dect2020scheduledaccess.DectScheduledAccessNetwork"...
Initializing...

Running simulation...
** Event #0   t=0   Elapsed: 4e-06s (0m 00s)
     Speed:     ev/sec=0   simsec/sec=0   ev/simsec=0
     Messages:  created: 2   present: 2   in FES: 2
** Event #125057   t=172.152166678338   Elapsed: 0.011879s (0m 00s)
     Speed:     ev/sec=1.05311e+07   simsec/sec=14497   ev/simsec=726.435
     Messages:  created: 2   present: 2   in FES: 1

<!> Simulation stopped with endSimulation() -- in module (ScheduledAccessQueue) DectScheduledAccessNetwork.queue (id=2), at t=172.152166678338s, event #125057

Calling finish() at end of Run #824...

Preparing for running configuration MonetecFocusedSmallR, run #825...
Scenario: $r=16, $rho=0.180, $repetition=0
Assigned runID=MonetecFocusedSmallR-825-20260930-08:59:58-58
Setting up network "dect2020scheduledaccess.DectScheduledAccessNetwork"...
Initializing...

Running simulation...
** Event #0   t=0   Elapsed: 3e-06s (0m 00s)
     Speed:     ev/sec=0   simsec/sec=0   ev/simsec=0
     Messages:  created: 2   present: 2   in FES: 2
** Event #127422   t=172.161583345005   Elapsed: 0.012122s (0m 00s)
     Speed:     ev/sec=1.05168e+07   simsec/sec=14209.4   ev/simsec=740.132
     Messages:  created: 2   present: 2   in FES: 1

<!> Simulation stopped with endSimulation() -- in module (ScheduledAccessQueue) DectScheduledAccessNetwork.queue (id=2), at t=172.161583345005s, event #127422

Calling finish() at end of Run #825...

Preparing for running configuration MonetecFocusedSmallR, run #826...
Scenario: $r=16, $rho=0.180, $repetition=1
Assigned runID=MonetecFocusedSmallR-826-20260930-08:59:58-58
Setting up network "dect2020scheduledaccess.DectScheduledAccessNetwork"...
Initializing...

Running simulation...
** Event #0   t=0   Elapsed: 2.7e-05s (0m 00s)
     Speed:     ev/sec=0   simsec/sec=0   ev/simsec=0
     Messages:  created: 2   present: 2   in FES: 2
** Event #127046   t=172.161583345005   Elapsed: 0.012178s (0m 00s)
     Speed:     ev/sec=1.04582e+07   simsec/sec=14172   ev/simsec=737.948
     Messages:  created: 2   present: 2   in FES: 1

<!> Simulation stopped with endSimulation() -- in module (ScheduledAccessQueue) DectScheduledAccessNetwork.queue (id=2), at t=172.161583345005s, event #127046

Calling finish() at end of Run #826...

Preparing for running configuration MonetecFocusedSmallR, run #827...
Scenario: $r=16, $rho=0.180, $repetition=2
Assigned runID=MonetecFocusedSmallR-827-20260930-08:59:58-58
Setting up network "dect2020scheduledaccess.DectScheduledAccessNetwork"...
Initializing...

Running simulation...
** Event #0   t=0   Elapsed: 4e-06s (0m 00s)
     Speed:     ev/sec=0   simsec/sec=0   ev/simsec=0
     Messages:  created: 2   present: 2   in FES: 2
** Event #127132   t=172.161583345005   Elapsed: 0.011948s (0m 00s)
     Speed:     ev/sec=1.06449e+07   simsec/sec=14415.2   ev/simsec=738.448
     Messages:  created: 2   present: 2   in FES: 1

<!> Simulation stopped with endSimulation() -- in module (ScheduledAccessQueue) DectScheduledAccessNetwork.queue (id=2), at t=172.161583345005s, event #127132

Calling finish() at end of Run #827...

Preparing for running configuration MonetecFocusedSmallR, run #828...
Scenario: $r=16, $rho=0.185, $repetition=0
Assigned runID=MonetecFocusedSmallR-828-20260930-08:59:58-58
Setting up network "dect2020scheduledaccess.DectScheduledAccessNetwork"...
Initializing...

Running simulation...
** Event #0   t=0   Elapsed: 2e-05s (0m 00s)
     Speed:     ev/sec=0   simsec/sec=0   ev/simsec=0
     Messages:  created: 2   present: 2   in FES: 2
** Event #129445   t=172.161583345005   Elapsed: 0.012517s (0m 00s)
     Speed:     ev/sec=1.03581e+07   simsec/sec=13776.2   ev/simsec=751.883
     Messages:  created: 2   present: 2   in FES: 1

<!> Simulation stopped with endSimulation() -- in module (ScheduledAccessQueue) DectScheduledAccessNetwork.queue (id=2), at t=172.161583345005s, event #129445

Calling finish() at end of Run #828...

Preparing for running configuration MonetecFocusedSmallR, run #829...
Scenario: $r=16, $rho=0.185, $repetition=1
Assigned runID=MonetecFocusedSmallR-829-20260930-08:59:58-58
Setting up network "dect2020scheduledaccess.DectScheduledAccessNetwork"...
Initializing...

Running simulation...
** Event #0   t=0   Elapsed: 3e-06s (0m 00s)
     Speed:     ev/sec=0   simsec/sec=0   ev/simsec=0
     Messages:  created: 2   present: 2   in FES: 2
** Event #129190   t=172.161583345005   Elapsed: 0.012236s (0m 00s)
     Speed:     ev/sec=1.05616e+07   simsec/sec=14074.7   ev/simsec=750.402
     Messages:  created: 2   present: 2   in FES: 1

<!> Simulation stopped with endSimulation() -- in module (ScheduledAccessQueue) DectScheduledAccessNetwork.queue (id=2), at t=172.161583345005s, event #129190

Calling finish() at end of Run #829...

Preparing for running configuration MonetecFocusedSmallR, run #830...
Scenario: $r=16, $rho=0.185, $repetition=2
Assigned runID=MonetecFocusedSmallR-830-20260930-08:59:58-58
Setting up network "dect2020scheduledaccess.DectScheduledAccessNetwork"...
Initializing...

Running simulation...
** Event #0   t=0   Elapsed: 3e-06s (0m 00s)
     Speed:     ev/sec=0   simsec/sec=0   ev/simsec=0
     Messages:  created: 2   present: 2   in FES: 2
** Event #129108   t=172.161583345005   Elapsed: 0.012264s (0m 00s)
     Speed:     ev/sec=1.05317e+07   simsec/sec=14043.7   ev/simsec=749.924
     Messages:  created: 2   present: 2   in FES: 1

<!> Simulation stopped with endSimulation() -- in module (ScheduledAccessQueue) DectScheduledAccessNetwork.queue (id=2), at t=172.161583345005s, event #129108

Calling finish() at end of Run #830...

Preparing for running configuration MonetecFocusedSmallR, run #831...
Scenario: $r=16, $rho=0.190, $repetition=0
Assigned runID=MonetecFocusedSmallR-831-20260930-08:59:58-58
Setting up network "dect2020scheduledaccess.DectScheduledAccessNetwork"...
Initializing...

Running simulation...
** Event #0   t=0   Elapsed: 4e-06s (0m 00s)
     Speed:     ev/sec=0   simsec/sec=0   ev/simsec=0
     Messages:  created: 2   present: 2   in FES: 2
** Event #131430   t=172.152166678338   Elapsed: 0.01233s (0m 00s)
     Speed:     ev/sec=1.0662e+07   simsec/sec=13965.4   ev/simsec=763.454
     Messages:  created: 2   present: 2   in FES: 1

<!> Simulation stopped with endSimulation() -- in module (ScheduledAccessQueue) DectScheduledAccessNetwork.queue (id=2), at t=172.152166678338s, event #131430

Calling finish() at end of Run #831...

Preparing for running configuration MonetecFocusedSmallR, run #832...
Scenario: $r=16, $rho=0.190, $repetition=1
Assigned runID=MonetecFocusedSmallR-832-20260930-08:59:58-58
Setting up network "dect2020scheduledaccess.DectScheduledAccessNetwork"...
Initializing...

Running simulation...
** Event #0   t=0   Elapsed: 4e-06s (0m 00s)
     Speed:     ev/sec=0   simsec/sec=0   ev/simsec=0
     Messages:  created: 2   present: 2   in FES: 2
** Event #131248   t=172.161583345005   Elapsed: 0.01267s (0m 00s)
     Speed:     ev/sec=1.0363e+07   simsec/sec=13593.5   ev/simsec=762.355
     Messages:  created: 2   present: 2   in FES: 1

<!> Simulation stopped with endSimulation() -- in module (ScheduledAccessQueue) DectScheduledAccessNetwork.queue (id=2), at t=172.161583345005s, event #131248

Calling finish() at end of Run #832...

Preparing for running configuration MonetecFocusedSmallR, run #833...
Scenario: $r=16, $rho=0.190, $repetition=2
Assigned runID=MonetecFocusedSmallR-833-20260930-08:59:58-58
Setting up network "dect2020scheduledaccess.DectScheduledAccessNetwork"...
Initializing...

Running simulation...
** Event #0   t=0   Elapsed: 2.3e-05s (0m 00s)
     Speed:     ev/sec=0   simsec/sec=0   ev/simsec=0
     Messages:  created: 2   present: 2   in FES: 2
** Event #131147   t=172.152166678338   Elapsed: 0.01252s (0m 00s)
     Speed:     ev/sec=1.04951e+07   simsec/sec=13776.5   ev/simsec=761.81
     Messages:  created: 2   present: 2   in FES: 1

<!> Simulation stopped with endSimulation() -- in module (ScheduledAccessQueue) DectScheduledAccessNetwork.queue (id=2), at t=172.152166678338s, event #131147

Calling finish() at end of Run #833...

Preparing for running configuration MonetecFocusedSmallR, run #834...
Scenario: $r=16, $rho=0.195, $repetition=0
Assigned runID=MonetecFocusedSmallR-834-20260930-08:59:58-58
Setting up network "dect2020scheduledaccess.DectScheduledAccessNetwork"...
Initializing...

Running simulation...
** Event #0   t=0   Elapsed: 2.2e-05s (0m 00s)
     Speed:     ev/sec=0   simsec/sec=0   ev/simsec=0
     Messages:  created: 2   present: 2   in FES: 2
** Event #133477   t=172.152166678338   Elapsed: 0.012708s (0m 00s)
     Speed:     ev/sec=1.05224e+07   simsec/sec=13571.3   ev/simsec=775.345
     Messages:  created: 2   present: 2   in FES: 1

<!> Simulation stopped with endSimulation() -- in module (ScheduledAccessQueue) DectScheduledAccessNetwork.queue (id=2), at t=172.152166678338s, event #133477

Calling finish() at end of Run #834...

Preparing for running configuration MonetecFocusedSmallR, run #835...
Scenario: $r=16, $rho=0.195, $repetition=1
Assigned runID=MonetecFocusedSmallR-835-20260930-08:59:58-58
Setting up network "dect2020scheduledaccess.DectScheduledAccessNetwork"...
Initializing...

Running simulation...
** Event #0   t=0   Elapsed: 3e-06s (0m 00s)
     Speed:     ev/sec=0   simsec/sec=0   ev/simsec=0
     Messages:  created: 2   present: 2   in FES: 2
** Event #133242   t=172.161583345005   Elapsed: 0.012699s (0m 00s)
     Speed:     ev/sec=1.04948e+07   simsec/sec=13560.3   ev/simsec=773.938
     Messages:  created: 2   present: 2   in FES: 1

<!> Simulation stopped with endSimulation() -- in module (ScheduledAccessQueue) DectScheduledAccessNetwork.queue (id=2), at t=172.161583345005s, event #133242

Calling finish() at end of Run #835...

Preparing for running configuration MonetecFocusedSmallR, run #836...
Scenario: $r=16, $rho=0.195, $repetition=2
Assigned runID=MonetecFocusedSmallR-836-20260930-08:59:58-58
Setting up network "dect2020scheduledaccess.DectScheduledAccessNetwork"...
Initializing...

Running simulation...
** Event #0   t=0   Elapsed: 3e-06s (0m 00s)
     Speed:     ev/sec=0   simsec/sec=0   ev/simsec=0
     Messages:  created: 2   present: 2   in FES: 2
** Event #133154   t=172.152166678338   Elapsed: 0.012557s (0m 00s)
     Speed:     ev/sec=1.06073e+07   simsec/sec=13714   ev/simsec=773.469
     Messages:  created: 2   present: 2   in FES: 1

<!> Simulation stopped with endSimulation() -- in module (ScheduledAccessQueue) DectScheduledAccessNetwork.queue (id=2), at t=172.152166678338s, event #133154

Calling finish() at end of Run #836...

Preparing for running configuration MonetecFocusedSmallR, run #837...
Scenario: $r=16, $rho=0.200, $repetition=0
Assigned runID=MonetecFocusedSmallR-837-20260930-08:59:58-58
Setting up network "dect2020scheduledaccess.DectScheduledAccessNetwork"...
Initializing...

Running simulation...
** Event #0   t=0   Elapsed: 4e-06s (0m 00s)
     Speed:     ev/sec=0   simsec/sec=0   ev/simsec=0
     Messages:  created: 2   present: 2   in FES: 2
** Event #135545   t=172.152166678338   Elapsed: 0.012881s (0m 00s)
     Speed:     ev/sec=1.05261e+07   simsec/sec=13368.9   ev/simsec=787.358
     Messages:  created: 2   present: 2   in FES: 1

<!> Simulation stopped with endSimulation() -- in module (ScheduledAccessQueue) DectScheduledAccessNetwork.queue (id=2), at t=172.152166678338s, event #135545

Calling finish() at end of Run #837...

Preparing for running configuration MonetecFocusedSmallR, run #838...
Scenario: $r=16, $rho=0.200, $repetition=1
Assigned runID=MonetecFocusedSmallR-838-20260930-08:59:58-58
Setting up network "dect2020scheduledaccess.DectScheduledAccessNetwork"...
Initializing...

Running simulation...
** Event #0   t=0   Elapsed: 2.6e-05s (0m 00s)
     Speed:     ev/sec=0   simsec/sec=0   ev/simsec=0
     Messages:  created: 2   present: 2   in FES: 2
** Event #135315   t=172.161583345005   Elapsed: 0.012871s (0m 00s)
     Speed:     ev/sec=1.05361e+07   simsec/sec=13405.1   ev/simsec=785.979
     Messages:  created: 2   present: 2   in FES: 1

<!> Simulation stopped with endSimulation() -- in module (ScheduledAccessQueue) DectScheduledAccessNetwork.queue (id=2), at t=172.161583345005s, event #135315

Calling finish() at end of Run #838...

Preparing for running configuration MonetecFocusedSmallR, run #839...
Scenario: $r=16, $rho=0.200, $repetition=2
Assigned runID=MonetecFocusedSmallR-839-20260930-08:59:58-58
Setting up network "dect2020scheduledaccess.DectScheduledAccessNetwork"...
Initializing...

Running simulation...
** Event #0   t=0   Elapsed: 3e-06s (0m 00s)
     Speed:     ev/sec=0   simsec/sec=0   ev/simsec=0
     Messages:  created: 2   present: 2   in FES: 2
** Event #135210   t=172.162000011672   Elapsed: 0.012922s (0m 00s)
     Speed:     ev/sec=1.04668e+07   simsec/sec=13327.3   ev/simsec=785.367
     Messages:  created: 2   present: 2   in FES: 1

<!> Simulation stopped with endSimulation() -- in module (ScheduledAccessQueue) DectScheduledAccessNetwork.queue (id=2), at t=172.162000011672s, event #135210

Calling finish() at end of Run #839...

Preparing for running configuration MonetecFocusedSmallR, run #840...
Scenario: $r=16, $rho=0.205, $repetition=0
Assigned runID=MonetecFocusedSmallR-840-20260930-08:59:58-58
Setting up network "dect2020scheduledaccess.DectScheduledAccessNetwork"...
Initializing...

Running simulation...
** Event #0   t=0   Elapsed: 3e-06s (0m 00s)
     Speed:     ev/sec=0   simsec/sec=0   ev/simsec=0
     Messages:  created: 2   present: 2   in FES: 2
** Event #137563   t=172.152166678338   Elapsed: 0.013075s (0m 00s)
     Speed:     ev/sec=1.05243e+07   simsec/sec=13170.5   ev/simsec=799.08
     Messages:  created: 2   present: 2   in FES: 1

<!> Simulation stopped with endSimulation() -- in module (ScheduledAccessQueue) DectScheduledAccessNetwork.queue (id=2), at t=172.152166678338s, event #137563

Calling finish() at end of Run #840...

Preparing for running configuration MonetecFocusedSmallR, run #841...
Scenario: $r=16, $rho=0.205, $repetition=1
Assigned runID=MonetecFocusedSmallR-841-20260930-08:59:58-58
Setting up network "dect2020scheduledaccess.DectScheduledAccessNetwork"...
Initializing...

Running simulation...
** Event #0   t=0   Elapsed: 3e-06s (0m 00s)
     Speed:     ev/sec=0   simsec/sec=0   ev/simsec=0
     Messages:  created: 2   present: 2   in FES: 2
** Event #137393   t=172.161583345005   Elapsed: 0.01339s (0m 00s)
     Speed:     ev/sec=1.02632e+07   simsec/sec=12860.3   ev/simsec=798.049
     Messages:  created: 2   present: 2   in FES: 1

<!> Simulation stopped with endSimulation() -- in module (ScheduledAccessQueue) DectScheduledAccessNetwork.queue (id=2), at t=172.161583345005s, event #137393

Calling finish() at end of Run #841...

Preparing for running configuration MonetecFocusedSmallR, run #842...
Scenario: $r=16, $rho=0.205, $repetition=2
Assigned runID=MonetecFocusedSmallR-842-20260930-08:59:58-58
Setting up network "dect2020scheduledaccess.DectScheduledAccessNetwork"...
Initializing...

Running simulation...
** Event #0   t=0   Elapsed: 3e-06s (0m 00s)
     Speed:     ev/sec=0   simsec/sec=0   ev/simsec=0
     Messages:  created: 2   present: 2   in FES: 2
** Event #137312   t=172.161583345005   Elapsed: 0.013164s (0m 00s)
     Speed:     ev/sec=1.0434e+07   simsec/sec=13082.2   ev/simsec=797.578
     Messages:  created: 2   present: 2   in FES: 1

<!> Simulation stopped with endSimulation() -- in module (ScheduledAccessQueue) DectScheduledAccessNetwork.queue (id=2), at t=172.161583345005s, event #137312

Calling finish() at end of Run #842...

Preparing for running configuration MonetecFocusedSmallR, run #843...
Scenario: $r=16, $rho=0.210, $repetition=0
Assigned runID=MonetecFocusedSmallR-843-20260930-08:59:58-58
Setting up network "dect2020scheduledaccess.DectScheduledAccessNetwork"...
Initializing...

Running simulation...
** Event #0   t=0   Elapsed: 2.3e-05s (0m 00s)
     Speed:     ev/sec=0   simsec/sec=0   ev/simsec=0
     Messages:  created: 2   present: 2   in FES: 2
** Event #139712   t=172.161583345005   Elapsed: 0.013292s (0m 00s)
     Speed:     ev/sec=1.053e+07   simsec/sec=12975.7   ev/simsec=811.519
     Messages:  created: 2   present: 2   in FES: 1

<!> Simulation stopped with endSimulation() -- in module (ScheduledAccessQueue) DectScheduledAccessNetwork.queue (id=2), at t=172.161583345005s, event #139712

Calling finish() at end of Run #843...

Preparing for running configuration MonetecFocusedSmallR, run #844...
Scenario: $r=16, $rho=0.210, $repetition=1
Assigned runID=MonetecFocusedSmallR-844-20260930-08:59:58-58
Setting up network "dect2020scheduledaccess.DectScheduledAccessNetwork"...
Initializing...

Running simulation...
** Event #0   t=0   Elapsed: 3e-06s (0m 00s)
     Speed:     ev/sec=0   simsec/sec=0   ev/simsec=0
     Messages:  created: 2   present: 2   in FES: 2
** Event #139389   t=172.161583345005   Elapsed: 0.013451s (0m 00s)
     Speed:     ev/sec=1.03658e+07   simsec/sec=12802.9   ev/simsec=809.643
     Messages:  created: 2   present: 2   in FES: 1

<!> Simulation stopped with endSimulation() -- in module (ScheduledAccessQueue) DectScheduledAccessNetwork.queue (id=2), at t=172.161583345005s, event #139389

Calling finish() at end of Run #844...

Preparing for running configuration MonetecFocusedSmallR, run #845...
Scenario: $r=16, $rho=0.210, $repetition=2
Assigned runID=MonetecFocusedSmallR-845-20260930-08:59:58-58
Setting up network "dect2020scheduledaccess.DectScheduledAccessNetwork"...
Initializing...

Running simulation...
** Event #0   t=0   Elapsed: 3e-06s (0m 00s)
     Speed:     ev/sec=0   simsec/sec=0   ev/simsec=0
     Messages:  created: 2   present: 2   in FES: 2
** Event #139385   t=172.152166678338   Elapsed: 0.013514s (0m 00s)
     Speed:     ev/sec=1.03172e+07   simsec/sec=12742.5   ev/simsec=809.664
     Messages:  created: 2   present: 2   in FES: 1

<!> Simulation stopped with endSimulation() -- in module (ScheduledAccessQueue) DectScheduledAccessNetwork.queue (id=2), at t=172.152166678338s, event #139385

Calling finish() at end of Run #845...

Preparing for running configuration MonetecFocusedSmallR, run #846...
Scenario: $r=16, $rho=0.215, $repetition=0
Assigned runID=MonetecFocusedSmallR-846-20260930-08:59:58-58
Setting up network "dect2020scheduledaccess.DectScheduledAccessNetwork"...
Initializing...

Running simulation...
** Event #0   t=0   Elapsed: 2.8e-05s (0m 00s)
     Speed:     ev/sec=0   simsec/sec=0   ev/simsec=0
     Messages:  created: 2   present: 2   in FES: 2
** Event #141799   t=172.152166678338   Elapsed: 0.013475s (0m 00s)
     Speed:     ev/sec=1.05442e+07   simsec/sec=12801.3   ev/simsec=823.686
     Messages:  created: 2   present: 2   in FES: 1

<!> Simulation stopped with endSimulation() -- in module (ScheduledAccessQueue) DectScheduledAccessNetwork.queue (id=2), at t=172.152166678338s, event #141799

Calling finish() at end of Run #846...

Preparing for running configuration MonetecFocusedSmallR, run #847...
Scenario: $r=16, $rho=0.215, $repetition=1
Assigned runID=MonetecFocusedSmallR-847-20260930-08:59:58-58
Setting up network "dect2020scheduledaccess.DectScheduledAccessNetwork"...
Initializing...

Running simulation...
** Event #0   t=0   Elapsed: 3e-06s (0m 00s)
     Speed:     ev/sec=0   simsec/sec=0   ev/simsec=0
     Messages:  created: 2   present: 2   in FES: 2
** Event #141439   t=172.161583345005   Elapsed: 0.013399s (0m 00s)
     Speed:     ev/sec=1.05607e+07   simsec/sec=12854.6   ev/simsec=821.55
     Messages:  created: 2   present: 2   in FES: 1

<!> Simulation stopped with endSimulation() -- in module (ScheduledAccessQueue) DectScheduledAccessNetwork.queue (id=2), at t=172.161583345005s, event #141439

Calling finish() at end of Run #847...

Preparing for running configuration MonetecFocusedSmallR, run #848...
Scenario: $r=16, $rho=0.215, $repetition=2
Assigned runID=MonetecFocusedSmallR-848-20260930-08:59:58-58
Setting up network "dect2020scheduledaccess.DectScheduledAccessNetwork"...
Initializing...

Running simulation...
** Event #0   t=0   Elapsed: 2.8e-05s (0m 00s)
     Speed:     ev/sec=0   simsec/sec=0   ev/simsec=0
     Messages:  created: 2   present: 2   in FES: 2
** Event #141460   t=172.152166678338   Elapsed: 0.013619s (0m 00s)
     Speed:     ev/sec=1.04091e+07   simsec/sec=12667.5   ev/simsec=821.717
     Messages:  created: 2   present: 2   in FES: 1

<!> Simulation stopped with endSimulation() -- in module (ScheduledAccessQueue) DectScheduledAccessNetwork.queue (id=2), at t=172.152166678338s, event #141460

Calling finish() at end of Run #848...

Preparing for running configuration MonetecFocusedSmallR, run #849...
Scenario: $r=16, $rho=0.220, $repetition=0
Assigned runID=MonetecFocusedSmallR-849-20260930-08:59:58-58
Setting up network "dect2020scheduledaccess.DectScheduledAccessNetwork"...
Initializing...

Running simulation...
** Event #0   t=0   Elapsed: 3e-06s (0m 00s)
     Speed:     ev/sec=0   simsec/sec=0   ev/simsec=0
     Messages:  created: 2   present: 2   in FES: 2
** Event #143906   t=172.152166678338   Elapsed: 0.013638s (0m 00s)
     Speed:     ev/sec=1.05557e+07   simsec/sec=12627.6   ev/simsec=835.925
     Messages:  created: 2   present: 2   in FES: 1

<!> Simulation stopped with endSimulation() -- in module (ScheduledAccessQueue) DectScheduledAccessNetwork.queue (id=2), at t=172.152166678338s, event #143906

Calling finish() at end of Run #849...

Preparing for running configuration MonetecFocusedSmallR, run #850...
Scenario: $r=16, $rho=0.220, $repetition=1
Assigned runID=MonetecFocusedSmallR-850-20260930-08:59:58-58
Setting up network "dect2020scheduledaccess.DectScheduledAccessNetwork"...
Initializing...

Running simulation...
** Event #0   t=0   Elapsed: 3e-06s (0m 00s)
     Speed:     ev/sec=0   simsec/sec=0   ev/simsec=0
     Messages:  created: 2   present: 2   in FES: 2
** Event #143533   t=172.161583345005   Elapsed: 0.013648s (0m 00s)
     Speed:     ev/sec=1.05199e+07   simsec/sec=12618.1   ev/simsec=833.713
     Messages:  created: 2   present: 2   in FES: 1

<!> Simulation stopped with endSimulation() -- in module (ScheduledAccessQueue) DectScheduledAccessNetwork.queue (id=2), at t=172.161583345005s, event #143533

Calling finish() at end of Run #850...

Preparing for running configuration MonetecFocusedSmallR, run #851...
Scenario: $r=16, $rho=0.220, $repetition=2
Assigned runID=MonetecFocusedSmallR-851-20260930-08:59:58-58
Setting up network "dect2020scheduledaccess.DectScheduledAccessNetwork"...
Initializing...

Running simulation...
** Event #0   t=0   Elapsed: 3e-06s (0m 00s)
     Speed:     ev/sec=0   simsec/sec=0   ev/simsec=0
     Messages:  created: 2   present: 2   in FES: 2
** Event #143485   t=172.151750011671   Elapsed: 0.013716s (0m 00s)
     Speed:     ev/sec=1.04642e+07   simsec/sec=12554.8   ev/simsec=833.482
     Messages:  created: 2   present: 2   in FES: 1

<!> Simulation stopped with endSimulation() -- in module (ScheduledAccessQueue) DectScheduledAccessNetwork.queue (id=2), at t=172.151750011671s, event #143485

Calling finish() at end of Run #851...

Preparing for running configuration MonetecFocusedSmallR, run #852...
Scenario: $r=16, $rho=0.225, $repetition=0
Assigned runID=MonetecFocusedSmallR-852-20260930-08:59:58-58
Setting up network "dect2020scheduledaccess.DectScheduledAccessNetwork"...
Initializing...

Running simulation...
** Event #0   t=0   Elapsed: 3e-06s (0m 00s)
     Speed:     ev/sec=0   simsec/sec=0   ev/simsec=0
     Messages:  created: 2   present: 2   in FES: 2
** Event #146034   t=172.152166678338   Elapsed: 0.014294s (0m 00s)
     Speed:     ev/sec=1.022e+07   simsec/sec=12047.9   ev/simsec=848.286
     Messages:  created: 2   present: 2   in FES: 1

<!> Simulation stopped with endSimulation() -- in module (ScheduledAccessQueue) DectScheduledAccessNetwork.queue (id=2), at t=172.152166678338s, event #146034

Calling finish() at end of Run #852...

Preparing for running configuration MonetecFocusedSmallR, run #853...
Scenario: $r=16, $rho=0.225, $repetition=1
Assigned runID=MonetecFocusedSmallR-853-20260930-08:59:58-58
Setting up network "dect2020scheduledaccess.DectScheduledAccessNetwork"...
Initializing...

Running simulation...
** Event #0   t=0   Elapsed: 3e-06s (0m 00s)
     Speed:     ev/sec=0   simsec/sec=0   ev/simsec=0
     Messages:  created: 2   present: 2   in FES: 2
** Event #145634   t=172.161583345005   Elapsed: 0.013877s (0m 00s)
     Speed:     ev/sec=1.04969e+07   simsec/sec=12408.9   ev/simsec=845.916
     Messages:  created: 2   present: 2   in FES: 1

<!> Simulation stopped with endSimulation() -- in module (ScheduledAccessQueue) DectScheduledAccessNetwork.queue (id=2), at t=172.161583345005s, event #145634

Calling finish() at end of Run #853...

Preparing for running configuration MonetecFocusedSmallR, run #854...
Scenario: $r=16, $rho=0.225, $repetition=2
Assigned runID=MonetecFocusedSmallR-854-20260930-08:59:58-58
Setting up network "dect2020scheduledaccess.DectScheduledAccessNetwork"...
Initializing...

Running simulation...
** Event #0   t=0   Elapsed: 3e-06s (0m 00s)
     Speed:     ev/sec=0   simsec/sec=0   ev/simsec=0
     Messages:  created: 2   present: 2   in FES: 2
** Event #145581   t=172.161583345005   Elapsed: 0.013931s (0m 00s)
     Speed:     ev/sec=1.04524e+07   simsec/sec=12360.8   ev/simsec=845.609
     Messages:  created: 2   present: 2   in FES: 1

<!> Simulation stopped with endSimulation() -- in module (ScheduledAccessQueue) DectScheduledAccessNetwork.queue (id=2), at t=172.161583345005s, event #145581

Calling finish() at end of Run #854...

Preparing for running configuration MonetecFocusedSmallR, run #855...
Scenario: $r=16, $rho=0.230, $repetition=0
Assigned runID=MonetecFocusedSmallR-855-20260930-08:59:58-58
Setting up network "dect2020scheduledaccess.DectScheduledAccessNetwork"...
Initializing...

Running simulation...
** Event #0   t=0   Elapsed: 3e-06s (0m 00s)
     Speed:     ev/sec=0   simsec/sec=0   ev/simsec=0
     Messages:  created: 2   present: 2   in FES: 2
** Event #148112   t=172.152166678338   Elapsed: 0.014165s (0m 00s)
     Speed:     ev/sec=1.04591e+07   simsec/sec=12156.8   ev/simsec=860.357
     Messages:  created: 2   present: 2   in FES: 1

<!> Simulation stopped with endSimulation() -- in module (ScheduledAccessQueue) DectScheduledAccessNetwork.queue (id=2), at t=172.152166678338s, event #148112

Calling finish() at end of Run #855...

Preparing for running configuration MonetecFocusedSmallR, run #856...
Scenario: $r=16, $rho=0.230, $repetition=1
Assigned runID=MonetecFocusedSmallR-856-20260930-08:59:58-58
Setting up network "dect2020scheduledaccess.DectScheduledAccessNetwork"...
Initializing...

Running simulation...
** Event #0   t=0   Elapsed: 3e-06s (0m 00s)
     Speed:     ev/sec=0   simsec/sec=0   ev/simsec=0
     Messages:  created: 2   present: 2   in FES: 2
** Event #147649   t=172.151750011671   Elapsed: 0.014099s (0m 00s)
     Speed:     ev/sec=1.0476e+07   simsec/sec=12214.5   ev/simsec=857.67
     Messages:  created: 2   present: 2   in FES: 1

<!> Simulation stopped with endSimulation() -- in module (ScheduledAccessQueue) DectScheduledAccessNetwork.queue (id=2), at t=172.151750011671s, event #147649

Calling finish() at end of Run #856...

Preparing for running configuration MonetecFocusedSmallR, run #857...
Scenario: $r=16, $rho=0.230, $repetition=2
Assigned runID=MonetecFocusedSmallR-857-20260930-08:59:59-58
Setting up network "dect2020scheduledaccess.DectScheduledAccessNetwork"...
Initializing...

Running simulation...
** Event #0   t=0   Elapsed: 4e-06s (0m 00s)
     Speed:     ev/sec=0   simsec/sec=0   ev/simsec=0
     Messages:  created: 2   present: 2   in FES: 2
** Event #147628   t=172.152166678338   Elapsed: 0.014714s (0m 00s)
     Speed:     ev/sec=1.00373e+07   simsec/sec=11704.6   ev/simsec=857.546
     Messages:  created: 2   present: 2   in FES: 1

<!> Simulation stopped with endSimulation() -- in module (ScheduledAccessQueue) DectScheduledAccessNetwork.queue (id=2), at t=172.152166678338s, event #147628

Calling finish() at end of Run #857...

Preparing for running configuration MonetecFocusedSmallR, run #858...
Scenario: $r=16, $rho=0.235, $repetition=0
Assigned runID=MonetecFocusedSmallR-858-20260930-08:59:59-58
Setting up network "dect2020scheduledaccess.DectScheduledAccessNetwork"...
Initializing...

Running simulation...
** Event #0   t=0   Elapsed: 2.4e-05s (0m 00s)
     Speed:     ev/sec=0   simsec/sec=0   ev/simsec=0
     Messages:  created: 2   present: 2   in FES: 2
** Event #150237   t=172.161583345005   Elapsed: 0.014425s (0m 00s)
     Speed:     ev/sec=1.04324e+07   simsec/sec=11954.8   ev/simsec=872.653
     Messages:  created: 2   present: 2   in FES: 1

<!> Simulation stopped with endSimulation() -- in module (ScheduledAccessQueue) DectScheduledAccessNetwork.queue (id=2), at t=172.161583345005s, event #150237

Calling finish() at end of Run #858...

Preparing for running configuration MonetecFocusedSmallR, run #859...
Scenario: $r=16, $rho=0.235, $repetition=1
Assigned runID=MonetecFocusedSmallR-859-20260930-08:59:59-58
Setting up network "dect2020scheduledaccess.DectScheduledAccessNetwork"...
Initializing...

Running simulation...
** Event #0   t=0   Elapsed: 4e-06s (0m 00s)
     Speed:     ev/sec=0   simsec/sec=0   ev/simsec=0
     Messages:  created: 2   present: 2   in FES: 2
** Event #149806   t=172.161583345005   Elapsed: 0.014137s (0m 00s)
     Speed:     ev/sec=1.0599e+07   simsec/sec=12180.6   ev/simsec=870.15
     Messages:  created: 2   present: 2   in FES: 1

<!> Simulation stopped with endSimulation() -- in module (ScheduledAccessQueue) DectScheduledAccessNetwork.queue (id=2), at t=172.161583345005s, event #149806

Calling finish() at end of Run #859...

Preparing for running configuration MonetecFocusedSmallR, run #860...
Scenario: $r=16, $rho=0.235, $repetition=2
Assigned runID=MonetecFocusedSmallR-860-20260930-08:59:59-58
Setting up network "dect2020scheduledaccess.DectScheduledAccessNetwork"...
Initializing...

Running simulation...
** Event #0   t=0   Elapsed: 3e-06s (0m 00s)
     Speed:     ev/sec=0   simsec/sec=0   ev/simsec=0
     Messages:  created: 2   present: 2   in FES: 2
** Event #149615   t=172.152166678338   Elapsed: 0.014288s (0m 00s)
     Speed:     ev/sec=1.0475e+07   simsec/sec=12052.9   ev/simsec=869.088
     Messages:  created: 2   present: 2   in FES: 1

<!> Simulation stopped with endSimulation() -- in module (ScheduledAccessQueue) DectScheduledAccessNetwork.queue (id=2), at t=172.152166678338s, event #149615

Calling finish() at end of Run #860...

Preparing for running configuration MonetecFocusedSmallR, run #861...
Scenario: $r=16, $rho=0.240, $repetition=0
Assigned runID=MonetecFocusedSmallR-861-20260930-08:59:59-58
Setting up network "dect2020scheduledaccess.DectScheduledAccessNetwork"...
Initializing...

Running simulation...
** Event #0   t=0   Elapsed: 2.5e-05s (0m 00s)
     Speed:     ev/sec=0   simsec/sec=0   ev/simsec=0
     Messages:  created: 2   present: 2   in FES: 2
** Event #152283   t=172.152166678338   Elapsed: 0.01444s (0m 00s)
     Speed:     ev/sec=1.05642e+07   simsec/sec=11942.5   ev/simsec=884.586
     Messages:  created: 2   present: 2   in FES: 1

<!> Simulation stopped with endSimulation() -- in module (ScheduledAccessQueue) DectScheduledAccessNetwork.queue (id=2), at t=172.152166678338s, event #152283

Calling finish() at end of Run #861...

Preparing for running configuration MonetecFocusedSmallR, run #862...
Scenario: $r=16, $rho=0.240, $repetition=1
Assigned runID=MonetecFocusedSmallR-862-20260930-08:59:59-58
Setting up network "dect2020scheduledaccess.DectScheduledAccessNetwork"...
Initializing...

Running simulation...
** Event #0   t=0   Elapsed: 4e-06s (0m 00s)
     Speed:     ev/sec=0   simsec/sec=0   ev/simsec=0
     Messages:  created: 2   present: 2   in FES: 2
** Event #151921   t=172.161166678338   Elapsed: 0.014528s (0m 00s)
     Speed:     ev/sec=1.046e+07   simsec/sec=11853.5   ev/simsec=882.437
     Messages:  created: 2   present: 2   in FES: 1

<!> Simulation stopped with endSimulation() -- in module (ScheduledAccessQueue) DectScheduledAccessNetwork.queue (id=2), at t=172.161166678338s, event #151921

Calling finish() at end of Run #862...

Preparing for running configuration MonetecFocusedSmallR, run #863...
Scenario: $r=16, $rho=0.240, $repetition=2
Assigned runID=MonetecFocusedSmallR-863-20260930-08:59:59-58
Setting up network "dect2020scheduledaccess.DectScheduledAccessNetwork"...
Initializing...

Running simulation...
** Event #0   t=0   Elapsed: 3e-06s (0m 00s)
     Speed:     ev/sec=0   simsec/sec=0   ev/simsec=0
     Messages:  created: 2   present: 2   in FES: 2
** Event #151700   t=172.161583345005   Elapsed: 0.014579s (0m 00s)
     Speed:     ev/sec=1.04097e+07   simsec/sec=11813.7   ev/simsec=881.151
     Messages:  created: 2   present: 2   in FES: 1

<!> Simulation stopped with endSimulation() -- in module (ScheduledAccessQueue) DectScheduledAccessNetwork.queue (id=2), at t=172.161583345005s, event #151700

Calling finish() at end of Run #863...

Preparing for running configuration MonetecFocusedSmallR, run #864...
Scenario: $r=16, $rho=0.245, $repetition=0
Assigned runID=MonetecFocusedSmallR-864-20260930-08:59:59-58
Setting up network "dect2020scheduledaccess.DectScheduledAccessNetwork"...
Initializing...

Running simulation...
** Event #0   t=0   Elapsed: 3e-06s (0m 00s)
     Speed:     ev/sec=0   simsec/sec=0   ev/simsec=0
     Messages:  created: 2   present: 2   in FES: 2
** Event #154283   t=172.152166678338   Elapsed: 0.014754s (0m 00s)
     Speed:     ev/sec=1.04599e+07   simsec/sec=11671.3   ev/simsec=896.203
     Messages:  created: 2   present: 2   in FES: 1

<!> Simulation stopped with endSimulation() -- in module (ScheduledAccessQueue) DectScheduledAccessNetwork.queue (id=2), at t=172.152166678338s, event #154283

Calling finish() at end of Run #864...

Preparing for running configuration MonetecFocusedSmallR, run #865...
Scenario: $r=16, $rho=0.245, $repetition=1
Assigned runID=MonetecFocusedSmallR-865-20260930-08:59:59-58
Setting up network "dect2020scheduledaccess.DectScheduledAccessNetwork"...
Initializing...

Running simulation...
** Event #0   t=0   Elapsed: 1.9e-05s (0m 00s)
     Speed:     ev/sec=0   simsec/sec=0   ev/simsec=0
     Messages:  created: 2   present: 2   in FES: 2
** Event #153995   t=172.161583345005   Elapsed: 0.014802s (0m 00s)
     Speed:     ev/sec=1.0417e+07   simsec/sec=11645.9   ev/simsec=894.481
     Messages:  created: 2   present: 2   in FES: 1

<!> Simulation stopped with endSimulation() -- in module (ScheduledAccessQueue) DectScheduledAccessNetwork.queue (id=2), at t=172.161583345005s, event #153995

Calling finish() at end of Run #865...

Preparing for running configuration MonetecFocusedSmallR, run #866...
Scenario: $r=16, $rho=0.245, $repetition=2
Assigned runID=MonetecFocusedSmallR-866-20260930-08:59:59-58
Setting up network "dect2020scheduledaccess.DectScheduledAccessNetwork"...
Initializing...

Running simulation...
** Event #0   t=0   Elapsed: 4e-06s (0m 00s)
     Speed:     ev/sec=0   simsec/sec=0   ev/simsec=0
     Messages:  created: 2   present: 2   in FES: 2
** Event #153694   t=172.152166678338   Elapsed: 0.014582s (0m 00s)
     Speed:     ev/sec=1.05421e+07   simsec/sec=11808.2   ev/simsec=892.782
     Messages:  created: 2   present: 2   in FES: 1

<!> Simulation stopped with endSimulation() -- in module (ScheduledAccessQueue) DectScheduledAccessNetwork.queue (id=2), at t=172.152166678338s, event #153694

Calling finish() at end of Run #866...

Preparing for running configuration MonetecFocusedSmallR, run #867...
Scenario: $r=16, $rho=0.250, $repetition=0
Assigned runID=MonetecFocusedSmallR-867-20260930-08:59:59-58
Setting up network "dect2020scheduledaccess.DectScheduledAccessNetwork"...
Initializing...

Running simulation...
** Event #0   t=0   Elapsed: 3e-06s (0m 00s)
     Speed:     ev/sec=0   simsec/sec=0   ev/simsec=0
     Messages:  created: 2   present: 2   in FES: 2
** Event #156312   t=172.152166678338   Elapsed: 0.014889s (0m 00s)
     Speed:     ev/sec=1.05013e+07   simsec/sec=11565.5   ev/simsec=907.99
     Messages:  created: 2   present: 2   in FES: 1

<!> Simulation stopped with endSimulation() -- in module (ScheduledAccessQueue) DectScheduledAccessNetwork.queue (id=2), at t=172.152166678338s, event #156312

Calling finish() at end of Run #867...

Preparing for running configuration MonetecFocusedSmallR, run #868...
Scenario: $r=16, $rho=0.250, $repetition=1
Assigned runID=MonetecFocusedSmallR-868-20260930-08:59:59-58
Setting up network "dect2020scheduledaccess.DectScheduledAccessNetwork"...
Initializing...

Running simulation...
** Event #0   t=0   Elapsed: 3e-06s (0m 00s)
     Speed:     ev/sec=0   simsec/sec=0   ev/simsec=0
     Messages:  created: 2   present: 2   in FES: 2
** Event #156037   t=172.171000011672   Elapsed: 0.014828s (0m 00s)
     Speed:     ev/sec=1.05253e+07   simsec/sec=11613.5   ev/simsec=906.293
     Messages:  created: 2   present: 2   in FES: 1

<!> Simulation stopped with endSimulation() -- in module (ScheduledAccessQueue) DectScheduledAccessNetwork.queue (id=2), at t=172.171000011672s, event #156037

Calling finish() at end of Run #868...

Preparing for running configuration MonetecFocusedSmallR, run #869...
Scenario: $r=16, $rho=0.250, $repetition=2
Assigned runID=MonetecFocusedSmallR-869-20260930-08:59:59-58
Setting up network "dect2020scheduledaccess.DectScheduledAccessNetwork"...
Initializing...

Running simulation...
** Event #0   t=0   Elapsed: 5e-06s (0m 00s)
     Speed:     ev/sec=0   simsec/sec=0   ev/simsec=0
     Messages:  created: 2   present: 2   in FES: 2
** Event #155808   t=172.152166678338   Elapsed: 0.014885s (0m 00s)
     Speed:     ev/sec=1.0471e+07   simsec/sec=11569.3   ev/simsec=905.062
     Messages:  created: 2   present: 2   in FES: 1

<!> Simulation stopped with endSimulation() -- in module (ScheduledAccessQueue) DectScheduledAccessNetwork.queue (id=2), at t=172.152166678338s, event #155808

Calling finish() at end of Run #869...

Preparing for running configuration MonetecFocusedSmallR, run #870...
Scenario: $r=16, $rho=0.255, $repetition=0
Assigned runID=MonetecFocusedSmallR-870-20260930-08:59:59-58
Setting up network "dect2020scheduledaccess.DectScheduledAccessNetwork"...
Initializing...

Running simulation...
** Event #0   t=0   Elapsed: 3e-06s (0m 00s)
     Speed:     ev/sec=0   simsec/sec=0   ev/simsec=0
     Messages:  created: 2   present: 2   in FES: 2
** Event #158336   t=172.151750011671   Elapsed: 0.015356s (0m 00s)
     Speed:     ev/sec=1.0313e+07   simsec/sec=11212.9   ev/simsec=919.749
     Messages:  created: 2   present: 2   in FES: 1

<!> Simulation stopped with endSimulation() -- in module (ScheduledAccessQueue) DectScheduledAccessNetwork.queue (id=2), at t=172.151750011671s, event #158336

Calling finish() at end of Run #870...

Preparing for running configuration MonetecFocusedSmallR, run #871...
Scenario: $r=16, $rho=0.255, $repetition=1
Assigned runID=MonetecFocusedSmallR-871-20260930-08:59:59-58
Setting up network "dect2020scheduledaccess.DectScheduledAccessNetwork"...
Initializing...

Running simulation...
** Event #0   t=0   Elapsed: 2.5e-05s (0m 00s)
     Speed:     ev/sec=0   simsec/sec=0   ev/simsec=0
     Messages:  created: 2   present: 2   in FES: 2
** Event #158113   t=172.161583345005   Elapsed: 0.015177s (0m 00s)
     Speed:     ev/sec=1.04351e+07   simsec/sec=11362.3   ev/simsec=918.401
     Messages:  created: 2   present: 2   in FES: 1

<!> Simulation stopped with endSimulation() -- in module (ScheduledAccessQueue) DectScheduledAccessNetwork.queue (id=2), at t=172.161583345005s, event #158113

Calling finish() at end of Run #871...

Preparing for running configuration MonetecFocusedSmallR, run #872...
Scenario: $r=16, $rho=0.255, $repetition=2
Assigned runID=MonetecFocusedSmallR-872-20260930-08:59:59-58
Setting up network "dect2020scheduledaccess.DectScheduledAccessNetwork"...
Initializing...

Running simulation...
** Event #0   t=0   Elapsed: 3e-06s (0m 00s)
     Speed:     ev/sec=0   simsec/sec=0   ev/simsec=0
     Messages:  created: 2   present: 2   in FES: 2
** Event #157805   t=172.161583345005   Elapsed: 0.015281s (0m 00s)
     Speed:     ev/sec=1.03289e+07   simsec/sec=11268.6   ev/simsec=916.611
     Messages:  created: 2   present: 2   in FES: 1

<!> Simulation stopped with endSimulation() -- in module (ScheduledAccessQueue) DectScheduledAccessNetwork.queue (id=2), at t=172.161583345005s, event #157805

Calling finish() at end of Run #872...

Preparing for running configuration MonetecFocusedSmallR, run #873...
Scenario: $r=16, $rho=0.260, $repetition=0
Assigned runID=MonetecFocusedSmallR-873-20260930-08:59:59-58
Setting up network "dect2020scheduledaccess.DectScheduledAccessNetwork"...
Initializing...

Running simulation...
** Event #0   t=0   Elapsed: 1.6e-05s (0m 00s)
     Speed:     ev/sec=0   simsec/sec=0   ev/simsec=0
     Messages:  created: 2   present: 2   in FES: 2
** Event #160466   t=172.161583345005   Elapsed: 0.01544s (0m 00s)
     Speed:     ev/sec=1.04037e+07   simsec/sec=11161.9   ev/simsec=932.068
     Messages:  created: 2   present: 2   in FES: 1

<!> Simulation stopped with endSimulation() -- in module (ScheduledAccessQueue) DectScheduledAccessNetwork.queue (id=2), at t=172.161583345005s, event #160466

Calling finish() at end of Run #873...

Preparing for running configuration MonetecFocusedSmallR, run #874...
Scenario: $r=16, $rho=0.260, $repetition=1
Assigned runID=MonetecFocusedSmallR-874-20260930-08:59:59-58
Setting up network "dect2020scheduledaccess.DectScheduledAccessNetwork"...
Initializing...

Running simulation...
** Event #0   t=0   Elapsed: 3e-06s (0m 00s)
     Speed:     ev/sec=0   simsec/sec=0   ev/simsec=0
     Messages:  created: 2   present: 2   in FES: 2
** Event #160243   t=172.161583345005   Elapsed: 0.015373s (0m 00s)
     Speed:     ev/sec=1.04257e+07   simsec/sec=11201.1   ev/simsec=930.773
     Messages:  created: 2   present: 2   in FES: 1

<!> Simulation stopped with endSimulation() -- in module (ScheduledAccessQueue) DectScheduledAccessNetwork.queue (id=2), at t=172.161583345005s, event #160243

Calling finish() at end of Run #874...

Preparing for running configuration MonetecFocusedSmallR, run #875...
Scenario: $r=16, $rho=0.260, $repetition=2
Assigned runID=MonetecFocusedSmallR-875-20260930-08:59:59-58
Setting up network "dect2020scheduledaccess.DectScheduledAccessNetwork"...
Initializing...

Running simulation...
** Event #0   t=0   Elapsed: 1.3e-05s (0m 00s)
     Speed:     ev/sec=0   simsec/sec=0   ev/simsec=0
     Messages:  created: 2   present: 2   in FES: 2
** Event #159841   t=172.152166678338   Elapsed: 0.015446s (0m 00s)
     Speed:     ev/sec=1.03571e+07   simsec/sec=11154.8   ev/simsec=928.489
     Messages:  created: 2   present: 2   in FES: 1

<!> Simulation stopped with endSimulation() -- in module (ScheduledAccessQueue) DectScheduledAccessNetwork.queue (id=2), at t=172.152166678338s, event #159841

Calling finish() at end of Run #875...

Preparing for running configuration MonetecFocusedSmallR, run #876...
Scenario: $r=16, $rho=0.265, $repetition=0
Assigned runID=MonetecFocusedSmallR-876-20260930-08:59:59-58
Setting up network "dect2020scheduledaccess.DectScheduledAccessNetwork"...
Initializing...

Running simulation...
** Event #0   t=0   Elapsed: 2.1e-05s (0m 00s)
     Speed:     ev/sec=0   simsec/sec=0   ev/simsec=0
     Messages:  created: 2   present: 2   in FES: 2
** Event #162566   t=172.161583345005   Elapsed: 0.015628s (0m 00s)
     Speed:     ev/sec=1.04162e+07   simsec/sec=11031   ev/simsec=944.265
     Messages:  created: 2   present: 2   in FES: 1

<!> Simulation stopped with endSimulation() -- in module (ScheduledAccessQueue) DectScheduledAccessNetwork.queue (id=2), at t=172.161583345005s, event #162566

Calling finish() at end of Run #876...

Preparing for running configuration MonetecFocusedSmallR, run #877...
Scenario: $r=16, $rho=0.265, $repetition=1
Assigned runID=MonetecFocusedSmallR-877-20260930-08:59:59-58
Setting up network "dect2020scheduledaccess.DectScheduledAccessNetwork"...
Initializing...

Running simulation...
** Event #0   t=0   Elapsed: 3e-06s (0m 00s)
     Speed:     ev/sec=0   simsec/sec=0   ev/simsec=0
     Messages:  created: 2   present: 2   in FES: 2
** Event #162352   t=172.161583345005   Elapsed: 0.015493s (0m 00s)
     Speed:     ev/sec=1.04811e+07   simsec/sec=11114.3   ev/simsec=943.023
     Messages:  created: 2   present: 2   in FES: 1

<!> Simulation stopped with endSimulation() -- in module (ScheduledAccessQueue) DectScheduledAccessNetwork.queue (id=2), at t=172.161583345005s, event #162352

Calling finish() at end of Run #877...

Preparing for running configuration MonetecFocusedSmallR, run #878...
Scenario: $r=16, $rho=0.265, $repetition=2
Assigned runID=MonetecFocusedSmallR-878-20260930-08:59:59-58
Setting up network "dect2020scheduledaccess.DectScheduledAccessNetwork"...
Initializing...

Running simulation...
** Event #0   t=0   Elapsed: 3e-06s (0m 00s)
     Speed:     ev/sec=0   simsec/sec=0   ev/simsec=0
     Messages:  created: 2   present: 2   in FES: 2
** Event #161890   t=172.152166678338   Elapsed: 0.015929s (0m 00s)
     Speed:     ev/sec=1.01651e+07   simsec/sec=10809.5   ev/simsec=940.391
     Messages:  created: 2   present: 2   in FES: 1

<!> Simulation stopped with endSimulation() -- in module (ScheduledAccessQueue) DectScheduledAccessNetwork.queue (id=2), at t=172.152166678338s, event #161890

Calling finish() at end of Run #878...

Preparing for running configuration MonetecFocusedSmallR, run #879...
Scenario: $r=16, $rho=0.270, $repetition=0
Assigned runID=MonetecFocusedSmallR-879-20260930-08:59:59-58
Setting up network "dect2020scheduledaccess.DectScheduledAccessNetwork"...
Initializing...

Running simulation...
** Event #0   t=0   Elapsed: 2.4e-05s (0m 00s)
     Speed:     ev/sec=0   simsec/sec=0   ev/simsec=0
     Messages:  created: 2   present: 2   in FES: 2
** Event #164666   t=172.161583345005   Elapsed: 0.01581s (0m 00s)
     Speed:     ev/sec=1.04311e+07   simsec/sec=10905.9   ev/simsec=956.464
     Messages:  created: 2   present: 2   in FES: 1

<!> Simulation stopped with endSimulation() -- in module (ScheduledAccessQueue) DectScheduledAccessNetwork.queue (id=2), at t=172.161583345005s, event #164666

Calling finish() at end of Run #879...

Preparing for running configuration MonetecFocusedSmallR, run #880...
Scenario: $r=16, $rho=0.270, $repetition=1
Assigned runID=MonetecFocusedSmallR-880-20260930-08:59:59-58
Setting up network "dect2020scheduledaccess.DectScheduledAccessNetwork"...
Initializing...

Running simulation...
** Event #0   t=0   Elapsed: 2.7e-05s (0m 00s)
     Speed:     ev/sec=0   simsec/sec=0   ev/simsec=0
     Messages:  created: 2   present: 2   in FES: 2
** Event #164460   t=172.171000011672   Elapsed: 0.015721s (0m 00s)
     Speed:     ev/sec=1.04798e+07   simsec/sec=10971.2   ev/simsec=955.215
     Messages:  created: 2   present: 2   in FES: 1

<!> Simulation stopped with endSimulation() -- in module (ScheduledAccessQueue) DectScheduledAccessNetwork.queue (id=2), at t=172.171000011672s, event #164460

Calling finish() at end of Run #880...

Preparing for running configuration MonetecFocusedSmallR, run #881...
Scenario: $r=16, $rho=0.270, $repetition=2
Assigned runID=MonetecFocusedSmallR-881-20260930-08:59:59-58
Setting up network "dect2020scheduledaccess.DectScheduledAccessNetwork"...
Initializing...

Running simulation...
** Event #0   t=0   Elapsed: 1.6e-05s (0m 00s)
     Speed:     ev/sec=0   simsec/sec=0   ev/simsec=0
     Messages:  created: 2   present: 2   in FES: 2
** Event #163979   t=172.152166678338   Elapsed: 0.016011s (0m 00s)
     Speed:     ev/sec=1.02519e+07   simsec/sec=10762.9   ev/simsec=952.524
     Messages:  created: 2   present: 2   in FES: 1

<!> Simulation stopped with endSimulation() -- in module (ScheduledAccessQueue) DectScheduledAccessNetwork.queue (id=2), at t=172.152166678338s, event #163979

Calling finish() at end of Run #881...

Preparing for running configuration MonetecFocusedSmallR, run #882...
Scenario: $r=16, $rho=0.275, $repetition=0
Assigned runID=MonetecFocusedSmallR-882-20260930-08:59:59-58
Setting up network "dect2020scheduledaccess.DectScheduledAccessNetwork"...
Initializing...

Running simulation...
** Event #0   t=0   Elapsed: 1.5e-05s (0m 00s)
     Speed:     ev/sec=0   simsec/sec=0   ev/simsec=0
     Messages:  created: 2   present: 2   in FES: 2
** Event #166758   t=172.161583345005   Elapsed: 0.016072s (0m 00s)
     Speed:     ev/sec=1.03847e+07   simsec/sec=10721.2   ev/simsec=968.614
     Messages:  created: 2   present: 2   in FES: 1

<!> Simulation stopped with endSimulation() -- in module (ScheduledAccessQueue) DectScheduledAccessNetwork.queue (id=2), at t=172.161583345005s, event #166758

Calling finish() at end of Run #882...

Preparing for running configuration MonetecFocusedSmallR, run #883...
Scenario: $r=16, $rho=0.275, $repetition=1
Assigned runID=MonetecFocusedSmallR-883-20260930-08:59:59-58
Setting up network "dect2020scheduledaccess.DectScheduledAccessNetwork"...
Initializing...

Running simulation...
** Event #0   t=0   Elapsed: 2.7e-05s (0m 00s)
     Speed:     ev/sec=0   simsec/sec=0   ev/simsec=0
     Messages:  created: 2   present: 2   in FES: 2
** Event #166559   t=172.161583345005   Elapsed: 0.016069s (0m 00s)
     Speed:     ev/sec=1.03827e+07   simsec/sec=10731.9   ev/simsec=967.46
     Messages:  created: 2   present: 2   in FES: 1

<!> Simulation stopped with endSimulation() -- in module (ScheduledAccessQueue) DectScheduledAccessNetwork.queue (id=2), at t=172.161583345005s, event #166559

Calling finish() at end of Run #883...

Preparing for running configuration MonetecFocusedSmallR, run #884...
Scenario: $r=16, $rho=0.275, $repetition=2
Assigned runID=MonetecFocusedSmallR-884-20260930-08:59:59-58
Setting up network "dect2020scheduledaccess.DectScheduledAccessNetwork"...
Initializing...

Running simulation...
** Event #0   t=0   Elapsed: 3e-06s (0m 00s)
     Speed:     ev/sec=0   simsec/sec=0   ev/simsec=0
     Messages:  created: 2   present: 2   in FES: 2
** Event #166107   t=172.162000011672   Elapsed: 0.015975s (0m 00s)
     Speed:     ev/sec=1.03999e+07   simsec/sec=10779   ev/simsec=964.832
     Messages:  created: 2   present: 2   in FES: 1

<!> Simulation stopped with endSimulation() -- in module (ScheduledAccessQueue) DectScheduledAccessNetwork.queue (id=2), at t=172.162000011672s, event #166107

Calling finish() at end of Run #884...

Preparing for running configuration MonetecFocusedSmallR, run #885...
Scenario: $r=16, $rho=0.280, $repetition=0
Assigned runID=MonetecFocusedSmallR-885-20260930-08:59:59-58
Setting up network "dect2020scheduledaccess.DectScheduledAccessNetwork"...
Initializing...

Running simulation...
** Event #0   t=0   Elapsed: 2e-05s (0m 00s)
     Speed:     ev/sec=0   simsec/sec=0   ev/simsec=0
     Messages:  created: 2   present: 2   in FES: 2
** Event #168850   t=172.152166678338   Elapsed: 0.016284s (0m 00s)
     Speed:     ev/sec=1.03818e+07   simsec/sec=10584.8   ev/simsec=980.821
     Messages:  created: 2   present: 2   in FES: 1

<!> Simulation stopped with endSimulation() -- in module (ScheduledAccessQueue) DectScheduledAccessNetwork.queue (id=2), at t=172.152166678338s, event #168850

Calling finish() at end of Run #885...

Preparing for running configuration MonetecFocusedSmallR, run #886...
Scenario: $r=16, $rho=0.280, $repetition=1
Assigned runID=MonetecFocusedSmallR-886-20260930-08:59:59-58
Setting up network "dect2020scheduledaccess.DectScheduledAccessNetwork"...
Initializing...

Running simulation...
** Event #0   t=0   Elapsed: 2.5e-05s (0m 00s)
     Speed:     ev/sec=0   simsec/sec=0   ev/simsec=0
     Messages:  created: 2   present: 2   in FES: 2
** Event #168578   t=172.161583345005   Elapsed: 0.016277s (0m 00s)
     Speed:     ev/sec=1.03728e+07   simsec/sec=10593.2   ev/simsec=979.187
     Messages:  created: 2   present: 2   in FES: 1

<!> Simulation stopped with endSimulation() -- in module (ScheduledAccessQueue) DectScheduledAccessNetwork.queue (id=2), at t=172.161583345005s, event #168578

Calling finish() at end of Run #886...

Preparing for running configuration MonetecFocusedSmallR, run #887...
Scenario: $r=16, $rho=0.280, $repetition=2
Assigned runID=MonetecFocusedSmallR-887-20260930-08:59:59-58
Setting up network "dect2020scheduledaccess.DectScheduledAccessNetwork"...
Initializing...

Running simulation...
** Event #0   t=0   Elapsed: 1.7e-05s (0m 00s)
     Speed:     ev/sec=0   simsec/sec=0   ev/simsec=0
     Messages:  created: 2   present: 2   in FES: 2
** Event #168186   t=172.152166678338   Elapsed: 0.016416s (0m 00s)
     Speed:     ev/sec=1.02552e+07   simsec/sec=10497.1   ev/simsec=976.964
     Messages:  created: 2   present: 2   in FES: 1

<!> Simulation stopped with endSimulation() -- in module (ScheduledAccessQueue) DectScheduledAccessNetwork.queue (id=2), at t=172.152166678338s, event #168186

Calling finish() at end of Run #887...

Preparing for running configuration MonetecFocusedSmallR, run #888...
Scenario: $r=16, $rho=0.285, $repetition=0
Assigned runID=MonetecFocusedSmallR-888-20260930-08:59:59-58
Setting up network "dect2020scheduledaccess.DectScheduledAccessNetwork"...
Initializing...

Running simulation...
** Event #0   t=0   Elapsed: 3e-06s (0m 00s)
     Speed:     ev/sec=0   simsec/sec=0   ev/simsec=0
     Messages:  created: 2   present: 2   in FES: 2
** Event #170999   t=172.152166678338   Elapsed: 0.016702s (0m 00s)
     Speed:     ev/sec=1.02407e+07   simsec/sec=10309.7   ev/simsec=993.304
     Messages:  created: 2   present: 2   in FES: 1

<!> Simulation stopped with endSimulation() -- in module (ScheduledAccessQueue) DectScheduledAccessNetwork.queue (id=2), at t=172.152166678338s, event #170999

Calling finish() at end of Run #888...

Preparing for running configuration MonetecFocusedSmallR, run #889...
Scenario: $r=16, $rho=0.285, $repetition=1
Assigned runID=MonetecFocusedSmallR-889-20260930-08:59:59-58
Setting up network "dect2020scheduledaccess.DectScheduledAccessNetwork"...
Initializing...

Running simulation...
** Event #0   t=0   Elapsed: 3e-06s (0m 00s)
     Speed:     ev/sec=0   simsec/sec=0   ev/simsec=0
     Messages:  created: 2   present: 2   in FES: 2
** Event #170660   t=172.152166678338   Elapsed: 0.016407s (0m 00s)
     Speed:     ev/sec=1.04042e+07   simsec/sec=10495.2   ev/simsec=991.333
     Messages:  created: 2   present: 2   in FES: 1

<!> Simulation stopped with endSimulation() -- in module (ScheduledAccessQueue) DectScheduledAccessNetwork.queue (id=2), at t=172.152166678338s, event #170660

Calling finish() at end of Run #889...

Preparing for running configuration MonetecFocusedSmallR, run #890...
Scenario: $r=16, $rho=0.285, $repetition=2
Assigned runID=MonetecFocusedSmallR-890-20260930-08:59:59-58
Setting up network "dect2020scheduledaccess.DectScheduledAccessNetwork"...
Initializing...

Running simulation...
** Event #0   t=0   Elapsed: 2e-06s (0m 00s)
     Speed:     ev/sec=0   simsec/sec=0   ev/simsec=0
     Messages:  created: 2   present: 2   in FES: 2
** Event #170376   t=172.152166678338   Elapsed: 0.016493s (0m 00s)
     Speed:     ev/sec=1.03315e+07   simsec/sec=10439.1   ev/simsec=989.685
     Messages:  created: 2   present: 2   in FES: 1

<!> Simulation stopped with endSimulation() -- in module (ScheduledAccessQueue) DectScheduledAccessNetwork.queue (id=2), at t=172.152166678338s, event #170376

Calling finish() at end of Run #890...

Preparing for running configuration MonetecFocusedSmallR, run #891...
Scenario: $r=16, $rho=0.290, $repetition=0
Assigned runID=MonetecFocusedSmallR-891-20260930-08:59:59-58
Setting up network "dect2020scheduledaccess.DectScheduledAccessNetwork"...
Initializing...

Running simulation...
** Event #0   t=0   Elapsed: 3.1e-05s (0m 00s)
     Speed:     ev/sec=0   simsec/sec=0   ev/simsec=0
     Messages:  created: 2   present: 2   in FES: 2
** Event #173071   t=172.161583345005   Elapsed: 0.016531s (0m 00s)
     Speed:     ev/sec=1.04898e+07   simsec/sec=10434.6   ev/simsec=1005.28
     Messages:  created: 2   present: 2   in FES: 1

<!> Simulation stopped with endSimulation() -- in module (ScheduledAccessQueue) DectScheduledAccessNetwork.queue (id=2), at t=172.161583345005s, event #173071

Calling finish() at end of Run #891...

Preparing for running configuration MonetecFocusedSmallR, run #892...
Scenario: $r=16, $rho=0.290, $repetition=1
Assigned runID=MonetecFocusedSmallR-892-20260930-08:59:59-58
Setting up network "dect2020scheduledaccess.DectScheduledAccessNetwork"...
Initializing...

Running simulation...
** Event #0   t=0   Elapsed: 2.7e-05s (0m 00s)
     Speed:     ev/sec=0   simsec/sec=0   ev/simsec=0
     Messages:  created: 2   present: 2   in FES: 2
** Event #172775   t=172.161583345005   Elapsed: 0.016736s (0m 00s)
     Speed:     ev/sec=1.03402e+07   simsec/sec=10303.5   ev/simsec=1003.57
     Messages:  created: 2   present: 2   in FES: 1

<!> Simulation stopped with endSimulation() -- in module (ScheduledAccessQueue) DectScheduledAccessNetwork.queue (id=2), at t=172.161583345005s, event #172775

Calling finish() at end of Run #892...

Preparing for running configuration MonetecFocusedSmallR, run #893...
Scenario: $r=16, $rho=0.290, $repetition=2
Assigned runID=MonetecFocusedSmallR-893-20260930-08:59:59-58
Setting up network "dect2020scheduledaccess.DectScheduledAccessNetwork"...
Initializing...

Running simulation...
** Event #0   t=0   Elapsed: 2.2e-05s (0m 00s)
     Speed:     ev/sec=0   simsec/sec=0   ev/simsec=0
     Messages:  created: 2   present: 2   in FES: 2
** Event #172452   t=172.152166678338   Elapsed: 0.01649s (0m 00s)
     Speed:     ev/sec=1.04719e+07   simsec/sec=10453.7   ev/simsec=1001.74
     Messages:  created: 2   present: 2   in FES: 1

<!> Simulation stopped with endSimulation() -- in module (ScheduledAccessQueue) DectScheduledAccessNetwork.queue (id=2), at t=172.152166678338s, event #172452

Calling finish() at end of Run #893...

Preparing for running configuration MonetecFocusedSmallR, run #894...
Scenario: $r=16, $rho=0.295, $repetition=0
Assigned runID=MonetecFocusedSmallR-894-20260930-08:59:59-58
Setting up network "dect2020scheduledaccess.DectScheduledAccessNetwork"...
Initializing...

Running simulation...
** Event #0   t=0   Elapsed: 3e-06s (0m 00s)
     Speed:     ev/sec=0   simsec/sec=0   ev/simsec=0
     Messages:  created: 2   present: 2   in FES: 2
** Event #175143   t=172.161583345005   Elapsed: 0.016982s (0m 00s)
     Speed:     ev/sec=1.03153e+07   simsec/sec=10139.7   ev/simsec=1017.32
     Messages:  created: 2   present: 2   in FES: 1

<!> Simulation stopped with endSimulation() -- in module (ScheduledAccessQueue) DectScheduledAccessNetwork.queue (id=2), at t=172.161583345005s, event #175143

Calling finish() at end of Run #894...

Preparing for running configuration MonetecFocusedSmallR, run #895...
Scenario: $r=16, $rho=0.295, $repetition=1
Assigned runID=MonetecFocusedSmallR-895-20260930-08:59:59-58
Setting up network "dect2020scheduledaccess.DectScheduledAccessNetwork"...
Initializing...

Running simulation...
** Event #0   t=0   Elapsed: 3e-06s (0m 00s)
     Speed:     ev/sec=0   simsec/sec=0   ev/simsec=0
     Messages:  created: 2   present: 2   in FES: 2
** Event #174848   t=172.152166678338   Elapsed: 0.016866s (0m 00s)
     Speed:     ev/sec=1.03694e+07   simsec/sec=10209.5   ev/simsec=1015.66
     Messages:  created: 2   present: 2   in FES: 1

<!> Simulation stopped with endSimulation() -- in module (ScheduledAccessQueue) DectScheduledAccessNetwork.queue (id=2), at t=172.152166678338s, event #174848

Calling finish() at end of Run #895...

Preparing for running configuration MonetecFocusedSmallR, run #896...
Scenario: $r=16, $rho=0.295, $repetition=2
Assigned runID=MonetecFocusedSmallR-896-20260930-08:59:59-58
Setting up network "dect2020scheduledaccess.DectScheduledAccessNetwork"...
Initializing...

Running simulation...
** Event #0   t=0   Elapsed: 3e-06s (0m 00s)
     Speed:     ev/sec=0   simsec/sec=0   ev/simsec=0
     Messages:  created: 2   present: 2   in FES: 2
** Event #174508   t=172.162000011672   Elapsed: 0.016683s (0m 00s)
     Speed:     ev/sec=1.04627e+07   simsec/sec=10322.1   ev/simsec=1013.63
     Messages:  created: 2   present: 2   in FES: 1

<!> Simulation stopped with endSimulation() -- in module (ScheduledAccessQueue) DectScheduledAccessNetwork.queue (id=2), at t=172.162000011672s, event #174508

Calling finish() at end of Run #896...

Preparing for running configuration MonetecFocusedSmallR, run #897...
Scenario: $r=16, $rho=0.300, $repetition=0
Assigned runID=MonetecFocusedSmallR-897-20260930-08:59:59-58
Setting up network "dect2020scheduledaccess.DectScheduledAccessNetwork"...
Initializing...

Running simulation...
** Event #0   t=0   Elapsed: 3e-06s (0m 00s)
     Speed:     ev/sec=0   simsec/sec=0   ev/simsec=0
     Messages:  created: 2   present: 2   in FES: 2
** Event #177265   t=172.161583345005   Elapsed: 0.017031s (0m 00s)
     Speed:     ev/sec=1.04108e+07   simsec/sec=10111.1   ev/simsec=1029.65
     Messages:  created: 2   present: 2   in FES: 1

<!> Simulation stopped with endSimulation() -- in module (ScheduledAccessQueue) DectScheduledAccessNetwork.queue (id=2), at t=172.161583345005s, event #177265

Calling finish() at end of Run #897...

Preparing for running configuration MonetecFocusedSmallR, run #898...
Scenario: $r=16, $rho=0.300, $repetition=1
Assigned runID=MonetecFocusedSmallR-898-20260930-08:59:59-58
Setting up network "dect2020scheduledaccess.DectScheduledAccessNetwork"...
Initializing...

Running simulation...
** Event #0   t=0   Elapsed: 4e-06s (0m 00s)
     Speed:     ev/sec=0   simsec/sec=0   ev/simsec=0
     Messages:  created: 2   present: 2   in FES: 2
** Event #176933   t=172.152166678338   Elapsed: 0.017273s (0m 00s)
     Speed:     ev/sec=1.02457e+07   simsec/sec=9968.84   ev/simsec=1027.77
     Messages:  created: 2   present: 2   in FES: 1

<!> Simulation stopped with endSimulation() -- in module (ScheduledAccessQueue) DectScheduledAccessNetwork.queue (id=2), at t=172.152166678338s, event #176933

Calling finish() at end of Run #898...

Preparing for running configuration MonetecFocusedSmallR, run #899...
Scenario: $r=16, $rho=0.300, $repetition=2
Assigned runID=MonetecFocusedSmallR-899-20260930-08:59:59-58
Setting up network "dect2020scheduledaccess.DectScheduledAccessNetwork"...
Initializing...

Running simulation...
** Event #0   t=0   Elapsed: 4e-06s (0m 00s)
     Speed:     ev/sec=0   simsec/sec=0   ev/simsec=0
     Messages:  created: 2   present: 2   in FES: 2
** Event #176526   t=172.152166678338   Elapsed: 0.017209s (0m 00s)
     Speed:     ev/sec=1.02602e+07   simsec/sec=10005.9   ev/simsec=1025.41
     Messages:  created: 2   present: 2   in FES: 1

<!> Simulation stopped with endSimulation() -- in module (ScheduledAccessQueue) DectScheduledAccessNetwork.queue (id=2), at t=172.152166678338s, event #176526

Calling finish() at end of Run #899...

Preparing for running configuration MonetecFocusedSmallR, run #900...
Scenario: $r=20, $rho=0.005, $repetition=0
Assigned runID=MonetecFocusedSmallR-900-20260930-08:59:59-58
Setting up network "dect2020scheduledaccess.DectScheduledAccessNetwork"...
Initializing...

Running simulation...
** Event #0   t=0   Elapsed: 3e-06s (0m 00s)
     Speed:     ev/sec=0   simsec/sec=0   ev/simsec=0
     Messages:  created: 2   present: 2   in FES: 2
** Event #389525   t=2890.308333345   Elapsed: 0.029045s (0m 00s)
     Speed:     ev/sec=1.34125e+07   simsec/sec=99521.7   ev/simsec=134.769
     Messages:  created: 2   present: 2   in FES: 1

<!> Simulation stopped with endSimulation() -- in module (ScheduledAccessQueue) DectScheduledAccessNetwork.queue (id=2), at t=2890.308333345s, event #389525

Calling finish() at end of Run #900...

Preparing for running configuration MonetecFocusedSmallR, run #901...
Scenario: $r=20, $rho=0.005, $repetition=1
Assigned runID=MonetecFocusedSmallR-901-20260930-08:59:59-58
Setting up network "dect2020scheduledaccess.DectScheduledAccessNetwork"...
Initializing...

Running simulation...
** Event #0   t=0   Elapsed: 2.4e-05s (0m 00s)
     Speed:     ev/sec=0   simsec/sec=0   ev/simsec=0
     Messages:  created: 2   present: 2   in FES: 2
** Event #391458   t=2907.705333345   Elapsed: 0.029377s (0m 00s)
     Speed:     ev/sec=1.33367e+07   simsec/sec=99063.3   ev/simsec=134.628
     Messages:  created: 2   present: 2   in FES: 1

<!> Simulation stopped with endSimulation() -- in module (ScheduledAccessQueue) DectScheduledAccessNetwork.queue (id=2), at t=2907.705333345s, event #391458

Calling finish() at end of Run #901...

Preparing for running configuration MonetecFocusedSmallR, run #902...
Scenario: $r=20, $rho=0.005, $repetition=2
Assigned runID=MonetecFocusedSmallR-902-20260930-08:59:59-58
Setting up network "dect2020scheduledaccess.DectScheduledAccessNetwork"...
Initializing...

Running simulation...
** Event #0   t=0   Elapsed: 4e-06s (0m 00s)
     Speed:     ev/sec=0   simsec/sec=0   ev/simsec=0
     Messages:  created: 2   present: 2   in FES: 2
** Event #388588   t=2881.875333345   Elapsed: 0.028738s (0m 00s)
     Speed:     ev/sec=1.35246e+07   simsec/sec=100302   ev/simsec=134.839
     Messages:  created: 2   present: 2   in FES: 1

<!> Simulation stopped with endSimulation() -- in module (ScheduledAccessQueue) DectScheduledAccessNetwork.queue (id=2), at t=2881.875333345s, event #388588

Calling finish() at end of Run #902...

Preparing for running configuration MonetecFocusedSmallR, run #903...
Scenario: $r=20, $rho=0.010, $repetition=0
Assigned runID=MonetecFocusedSmallR-903-20260930-08:59:59-58
Setting up network "dect2020scheduledaccess.DectScheduledAccessNetwork"...
Initializing...

Running simulation...
** Event #0   t=0   Elapsed: 4e-06s (0m 00s)
     Speed:     ev/sec=0   simsec/sec=0   ev/simsec=0
     Messages:  created: 2   present: 2   in FES: 2
** Event #228952   t=1445.151333345   Elapsed: 0.017954s (0m 00s)
     Speed:     ev/sec=1.27557e+07   simsec/sec=80514.3   ev/simsec=158.428
     Messages:  created: 2   present: 2   in FES: 1

<!> Simulation stopped with endSimulation() -- in module (ScheduledAccessQueue) DectScheduledAccessNetwork.queue (id=2), at t=1445.151333345s, event #228952

Calling finish() at end of Run #903...

Preparing for running configuration MonetecFocusedSmallR, run #904...
Scenario: $r=20, $rho=0.010, $repetition=1
Assigned runID=MonetecFocusedSmallR-904-20260930-08:59:59-58
Setting up network "dect2020scheduledaccess.DectScheduledAccessNetwork"...
Initializing...

Running simulation...
** Event #0   t=0   Elapsed: 4e-06s (0m 00s)
     Speed:     ev/sec=0   simsec/sec=0   ev/simsec=0
     Messages:  created: 2   present: 2   in FES: 2
** Event #229919   t=1453.854333345   Elapsed: 0.017838s (0m 00s)
     Speed:     ev/sec=1.28943e+07   simsec/sec=81535.2   ev/simsec=158.144
     Messages:  created: 2   present: 2   in FES: 1

<!> Simulation stopped with endSimulation() -- in module (ScheduledAccessQueue) DectScheduledAccessNetwork.queue (id=2), at t=1453.854333345s, event #229919

Calling finish() at end of Run #904...

Preparing for running configuration MonetecFocusedSmallR, run #905...
Scenario: $r=20, $rho=0.010, $repetition=2
Assigned runID=MonetecFocusedSmallR-905-20260930-08:59:59-58
Setting up network "dect2020scheduledaccess.DectScheduledAccessNetwork"...
Initializing...

Running simulation...
** Event #0   t=0   Elapsed: 3e-06s (0m 00s)
     Speed:     ev/sec=0   simsec/sec=0   ev/simsec=0
     Messages:  created: 2   present: 2   in FES: 2
** Event #228488   t=1440.957750011667   Elapsed: 0.01776s (0m 00s)
     Speed:     ev/sec=1.28682e+07   simsec/sec=81153.3   ev/simsec=158.567
     Messages:  created: 2   present: 2   in FES: 1

<!> Simulation stopped with endSimulation() -- in module (ScheduledAccessQueue) DectScheduledAccessNetwork.queue (id=2), at t=1440.957750011667s, event #228488

Calling finish() at end of Run #905...

Preparing for running configuration MonetecFocusedSmallR, run #906...
Scenario: $r=20, $rho=0.015, $repetition=0
Assigned runID=MonetecFocusedSmallR-906-20260930-08:59:59-58
Setting up network "dect2020scheduledaccess.DectScheduledAccessNetwork"...
Initializing...

Running simulation...
** Event #0   t=0   Elapsed: 4e-06s (0m 00s)
     Speed:     ev/sec=0   simsec/sec=0   ev/simsec=0
     Messages:  created: 2   present: 2   in FES: 2
** Event #175428   t=963.435333345   Elapsed: 0.014347s (0m 00s)
     Speed:     ev/sec=1.22309e+07   simsec/sec=67171.1   ev/simsec=182.086
     Messages:  created: 2   present: 2   in FES: 1

<!> Simulation stopped with endSimulation() -- in module (ScheduledAccessQueue) DectScheduledAccessNetwork.queue (id=2), at t=963.435333345s, event #175428

Calling finish() at end of Run #906...

Preparing for running configuration MonetecFocusedSmallR, run #907...
Scenario: $r=20, $rho=0.015, $repetition=1
Assigned runID=MonetecFocusedSmallR-907-20260930-08:59:59-58
Setting up network "dect2020scheduledaccess.DectScheduledAccessNetwork"...
Initializing...

Running simulation...
** Event #0   t=0   Elapsed: 4e-06s (0m 00s)
     Speed:     ev/sec=0   simsec/sec=0   ev/simsec=0
     Messages:  created: 2   present: 2   in FES: 2
** Event #176073   t=969.240333345   Elapsed: 0.014254s (0m 00s)
     Speed:     ev/sec=1.2356e+07   simsec/sec=68016.8   ev/simsec=181.661
     Messages:  created: 2   present: 2   in FES: 1

<!> Simulation stopped with endSimulation() -- in module (ScheduledAccessQueue) DectScheduledAccessNetwork.queue (id=2), at t=969.240333345s, event #176073

Calling finish() at end of Run #907...

Preparing for running configuration MonetecFocusedSmallR, run #908...
Scenario: $r=20, $rho=0.015, $repetition=2
Assigned runID=MonetecFocusedSmallR-908-20260930-08:59:59-58
Setting up network "dect2020scheduledaccess.DectScheduledAccessNetwork"...
Initializing...

Running simulation...
** Event #0   t=0   Elapsed: 3e-06s (0m 00s)
     Speed:     ev/sec=0   simsec/sec=0   ev/simsec=0
     Messages:  created: 2   present: 2   in FES: 2
** Event #175119   t=960.636750011667   Elapsed: 0.014069s (0m 00s)
     Speed:     ev/sec=1.24507e+07   simsec/sec=68299.8   ev/simsec=182.295
     Messages:  created: 2   present: 2   in FES: 1

<!> Simulation stopped with endSimulation() -- in module (ScheduledAccessQueue) DectScheduledAccessNetwork.queue (id=2), at t=960.636750011667s, event #175119

Calling finish() at end of Run #908...

Preparing for running configuration MonetecFocusedSmallR, run #909...
Scenario: $r=20, $rho=0.020, $repetition=0
Assigned runID=MonetecFocusedSmallR-909-20260930-08:59:59-58
Setting up network "dect2020scheduledaccess.DectScheduledAccessNetwork"...
Initializing...

Running simulation...
** Event #0   t=0   Elapsed: 3e-06s (0m 00s)
     Speed:     ev/sec=0   simsec/sec=0   ev/simsec=0
     Messages:  created: 2   present: 2   in FES: 2
** Event #148666   t=722.577333345   Elapsed: 0.012423s (0m 00s)
     Speed:     ev/sec=1.19709e+07   simsec/sec=58183.2   ev/simsec=205.744
     Messages:  created: 2   present: 2   in FES: 1

<!> Simulation stopped with endSimulation() -- in module (ScheduledAccessQueue) DectScheduledAccessNetwork.queue (id=2), at t=722.577333345s, event #148666

Calling finish() at end of Run #909...

Preparing for running configuration MonetecFocusedSmallR, run #910...
Scenario: $r=20, $rho=0.020, $repetition=1
Assigned runID=MonetecFocusedSmallR-910-20260930-08:59:59-58
Setting up network "dect2020scheduledaccess.DectScheduledAccessNetwork"...
Initializing...

Running simulation...
** Event #0   t=0   Elapsed: 5e-06s (0m 00s)
     Speed:     ev/sec=0   simsec/sec=0   ev/simsec=0
     Messages:  created: 2   present: 2   in FES: 2
** Event #149150   t=726.933333345   Elapsed: 0.012251s (0m 00s)
     Speed:     ev/sec=1.21815e+07   simsec/sec=59370.5   ev/simsec=205.177
     Messages:  created: 2   present: 2   in FES: 1

<!> Simulation stopped with endSimulation() -- in module (ScheduledAccessQueue) DectScheduledAccessNetwork.queue (id=2), at t=726.933333345s, event #149150

Calling finish() at end of Run #910...

Preparing for running configuration MonetecFocusedSmallR, run #911...
Scenario: $r=20, $rho=0.020, $repetition=2
Assigned runID=MonetecFocusedSmallR-911-20260930-09:00:00-58
Setting up network "dect2020scheduledaccess.DectScheduledAccessNetwork"...
Initializing...

Running simulation...
** Event #0   t=0   Elapsed: 2.7e-05s (0m 00s)
     Speed:     ev/sec=0   simsec/sec=0   ev/simsec=0
     Messages:  created: 2   present: 2   in FES: 2
** Event #148435   t=720.480750011667   Elapsed: 0.012703s (0m 00s)
     Speed:     ev/sec=1.17118e+07   simsec/sec=56847.1   ev/simsec=206.022
     Messages:  created: 2   present: 2   in FES: 1

<!> Simulation stopped with endSimulation() -- in module (ScheduledAccessQueue) DectScheduledAccessNetwork.queue (id=2), at t=720.480750011667s, event #148435

Calling finish() at end of Run #911...

Preparing for running configuration MonetecFocusedSmallR, run #912...
Scenario: $r=20, $rho=0.025, $repetition=0
Assigned runID=MonetecFocusedSmallR-912-20260930-09:00:00-58
Setting up network "dect2020scheduledaccess.DectScheduledAccessNetwork"...
Initializing...

Running simulation...
** Event #0   t=0   Elapsed: 1.7e-05s (0m 00s)
     Speed:     ev/sec=0   simsec/sec=0   ev/simsec=0
     Messages:  created: 2   present: 2   in FES: 2
** Event #132609   t=578.064333345   Elapsed: 0.01133s (0m 00s)
     Speed:     ev/sec=1.17229e+07   simsec/sec=51101.8   ev/simsec=229.402
     Messages:  created: 2   present: 2   in FES: 1

<!> Simulation stopped with endSimulation() -- in module (ScheduledAccessQueue) DectScheduledAccessNetwork.queue (id=2), at t=578.064333345s, event #132609

Calling finish() at end of Run #912...

Preparing for running configuration MonetecFocusedSmallR, run #913...
Scenario: $r=20, $rho=0.025, $repetition=1
Assigned runID=MonetecFocusedSmallR-913-20260930-09:00:00-58
Setting up network "dect2020scheduledaccess.DectScheduledAccessNetwork"...
Initializing...

Running simulation...
** Event #0   t=0   Elapsed: 4e-06s (0m 00s)
     Speed:     ev/sec=0   simsec/sec=0   ev/simsec=0
     Messages:  created: 2   present: 2   in FES: 2
** Event #132996   t=581.547333345   Elapsed: 0.011332s (0m 00s)
     Speed:     ev/sec=1.17425e+07   simsec/sec=51346.2   ev/simsec=228.694
     Messages:  created: 2   present: 2   in FES: 1

<!> Simulation stopped with endSimulation() -- in module (ScheduledAccessQueue) DectScheduledAccessNetwork.queue (id=2), at t=581.547333345s, event #132996

Calling finish() at end of Run #913...

Preparing for running configuration MonetecFocusedSmallR, run #914...
Scenario: $r=20, $rho=0.025, $repetition=2
Assigned runID=MonetecFocusedSmallR-914-20260930-09:00:00-58
Setting up network "dect2020scheduledaccess.DectScheduledAccessNetwork"...
Initializing...

Running simulation...
** Event #0   t=0   Elapsed: 3e-06s (0m 00s)
     Speed:     ev/sec=0   simsec/sec=0   ev/simsec=0
     Messages:  created: 2   present: 2   in FES: 2
** Event #132424   t=576.381750011667   Elapsed: 0.011395s (0m 00s)
     Speed:     ev/sec=1.16274e+07   simsec/sec=50608.6   ev/simsec=229.751
     Messages:  created: 2   present: 2   in FES: 1

<!> Simulation stopped with endSimulation() -- in module (ScheduledAccessQueue) DectScheduledAccessNetwork.queue (id=2), at t=576.381750011667s, event #132424

Calling finish() at end of Run #914...

Preparing for running configuration MonetecFocusedSmallR, run #915...
Scenario: $r=20, $rho=0.030, $repetition=0
Assigned runID=MonetecFocusedSmallR-915-20260930-09:00:00-58
Setting up network "dect2020scheduledaccess.DectScheduledAccessNetwork"...
Initializing...

Running simulation...
** Event #0   t=0   Elapsed: 3.3e-05s (0m 00s)
     Speed:     ev/sec=0   simsec/sec=0   ev/simsec=0
     Messages:  created: 2   present: 2   in FES: 2
** Event #121904   t=481.719333345   Elapsed: 0.010768s (0m 00s)
     Speed:     ev/sec=1.13568e+07   simsec/sec=44877.9   ev/simsec=253.06
     Messages:  created: 2   present: 2   in FES: 1

<!> Simulation stopped with endSimulation() -- in module (ScheduledAccessQueue) DectScheduledAccessNetwork.queue (id=2), at t=481.719333345s, event #121904

Calling finish() at end of Run #915...

Preparing for running configuration MonetecFocusedSmallR, run #916...
Scenario: $r=20, $rho=0.030, $repetition=1
Assigned runID=MonetecFocusedSmallR-916-20260930-09:00:00-58
Setting up network "dect2020scheduledaccess.DectScheduledAccessNetwork"...
Initializing...

Running simulation...
** Event #0   t=0   Elapsed: 4e-06s (0m 00s)
     Speed:     ev/sec=0   simsec/sec=0   ev/simsec=0
     Messages:  created: 2   present: 2   in FES: 2
** Event #122226   t=484.617333345   Elapsed: 0.010444s (0m 00s)
     Speed:     ev/sec=1.17097e+07   simsec/sec=46428.1   ev/simsec=252.212
     Messages:  created: 2   present: 2   in FES: 1

<!> Simulation stopped with endSimulation() -- in module (ScheduledAccessQueue) DectScheduledAccessNetwork.queue (id=2), at t=484.617333345s, event #122226

Calling finish() at end of Run #916...

Preparing for running configuration MonetecFocusedSmallR, run #917...
Scenario: $r=20, $rho=0.030, $repetition=2
Assigned runID=MonetecFocusedSmallR-917-20260930-09:00:00-58
Setting up network "dect2020scheduledaccess.DectScheduledAccessNetwork"...
Initializing...

Running simulation...
** Event #0   t=0   Elapsed: 3e-06s (0m 00s)
     Speed:     ev/sec=0   simsec/sec=0   ev/simsec=0
     Messages:  created: 2   present: 2   in FES: 2
** Event #121755   t=480.343166678334   Elapsed: 0.01037s (0m 00s)
     Speed:     ev/sec=1.17445e+07   simsec/sec=46333.8   ev/simsec=253.475
     Messages:  created: 2   present: 2   in FES: 1

<!> Simulation stopped with endSimulation() -- in module (ScheduledAccessQueue) DectScheduledAccessNetwork.queue (id=2), at t=480.343166678334s, event #121755

Calling finish() at end of Run #917...

Preparing for running configuration MonetecFocusedSmallR, run #918...
Scenario: $r=20, $rho=0.035, $repetition=0
Assigned runID=MonetecFocusedSmallR-918-20260930-09:00:00-58
Setting up network "dect2020scheduledaccess.DectScheduledAccessNetwork"...
Initializing...

Running simulation...
** Event #0   t=0   Elapsed: 3e-05s (0m 00s)
     Speed:     ev/sec=0   simsec/sec=0   ev/simsec=0
     Messages:  created: 2   present: 2   in FES: 2
** Event #114258   t=412.905333345   Elapsed: 0.00994s (0m 00s)
     Speed:     ev/sec=0   simsec/sec=0   ev/simsec=0
     Messages:  created: 2   present: 2   in FES: 1

<!> Simulation stopped with endSimulation() -- in module (ScheduledAccessQueue) DectScheduledAccessNetwork.queue (id=2), at t=412.905333345s, event #114258

Calling finish() at end of Run #918...

Preparing for running configuration MonetecFocusedSmallR, run #919...
Scenario: $r=20, $rho=0.035, $repetition=1
Assigned runID=MonetecFocusedSmallR-919-20260930-09:00:00-58
Setting up network "dect2020scheduledaccess.DectScheduledAccessNetwork"...
Initializing...

Running simulation...
** Event #0   t=0   Elapsed: 1.7e-05s (0m 00s)
     Speed:     ev/sec=0   simsec/sec=0   ev/simsec=0
     Messages:  created: 2   present: 2   in FES: 2
** Event #114534   t=415.389333345   Elapsed: 0.010022s (0m 00s)
     Speed:     ev/sec=1.145e+07   simsec/sec=41526.4   ev/simsec=275.727
     Messages:  created: 2   present: 2   in FES: 1

<!> Simulation stopped with endSimulation() -- in module (ScheduledAccessQueue) DectScheduledAccessNetwork.queue (id=2), at t=415.389333345s, event #114534

Calling finish() at end of Run #919...

Preparing for running configuration MonetecFocusedSmallR, run #920...
Scenario: $r=20, $rho=0.035, $repetition=2
Assigned runID=MonetecFocusedSmallR-920-20260930-09:00:00-58
Setting up network "dect2020scheduledaccess.DectScheduledAccessNetwork"...
Initializing...

Running simulation...
** Event #0   t=0   Elapsed: 4e-06s (0m 00s)
     Speed:     ev/sec=0   simsec/sec=0   ev/simsec=0
     Messages:  created: 2   present: 2   in FES: 2
** Event #114130   t=411.718166678334   Elapsed: 0.009838s (0m 00s)
     Speed:     ev/sec=0   simsec/sec=0   ev/simsec=0
     Messages:  created: 2   present: 2   in FES: 1

<!> Simulation stopped with endSimulation() -- in module (ScheduledAccessQueue) DectScheduledAccessNetwork.queue (id=2), at t=411.718166678334s, event #114130

Calling finish() at end of Run #920...

Preparing for running configuration MonetecFocusedSmallR, run #921...
Scenario: $r=20, $rho=0.040, $repetition=0
Assigned runID=MonetecFocusedSmallR-921-20260930-09:00:00-58
Setting up network "dect2020scheduledaccess.DectScheduledAccessNetwork"...
Initializing...

Running simulation...
** Event #0   t=0   Elapsed: 2.5e-05s (0m 00s)
     Speed:     ev/sec=0   simsec/sec=0   ev/simsec=0
     Messages:  created: 2   present: 2   in FES: 2
** Event #108523   t=361.290333345   Elapsed: 0.009442s (0m 00s)
     Speed:     ev/sec=0   simsec/sec=0   ev/simsec=0
     Messages:  created: 2   present: 2   in FES: 1

<!> Simulation stopped with endSimulation() -- in module (ScheduledAccessQueue) DectScheduledAccessNetwork.queue (id=2), at t=361.290333345s, event #108523

Calling finish() at end of Run #921...

Preparing for running configuration MonetecFocusedSmallR, run #922...
Scenario: $r=20, $rho=0.040, $repetition=1
Assigned runID=MonetecFocusedSmallR-922-20260930-09:00:00-58
Setting up network "dect2020scheduledaccess.DectScheduledAccessNetwork"...
Initializing...

Running simulation...
** Event #0   t=0   Elapsed: 4e-06s (0m 00s)
     Speed:     ev/sec=0   simsec/sec=0   ev/simsec=0
     Messages:  created: 2   present: 2   in FES: 2
** Event #108765   t=363.468333345   Elapsed: 0.009534s (0m 00s)
     Speed:     ev/sec=0   simsec/sec=0   ev/simsec=0
     Messages:  created: 2   present: 2   in FES: 1

<!> Simulation stopped with endSimulation() -- in module (ScheduledAccessQueue) DectScheduledAccessNetwork.queue (id=2), at t=363.468333345s, event #108765

Calling finish() at end of Run #922...

Preparing for running configuration MonetecFocusedSmallR, run #923...
Scenario: $r=20, $rho=0.040, $repetition=2
Assigned runID=MonetecFocusedSmallR-923-20260930-09:00:00-58
Setting up network "dect2020scheduledaccess.DectScheduledAccessNetwork"...
Initializing...

Running simulation...
** Event #0   t=0   Elapsed: 3e-05s (0m 00s)
     Speed:     ev/sec=0   simsec/sec=0   ev/simsec=0
     Messages:  created: 2   present: 2   in FES: 2
** Event #108412   t=360.256166678334   Elapsed: 0.009604s (0m 00s)
     Speed:     ev/sec=0   simsec/sec=0   ev/simsec=0
     Messages:  created: 2   present: 2   in FES: 1

<!> Simulation stopped with endSimulation() -- in module (ScheduledAccessQueue) DectScheduledAccessNetwork.queue (id=2), at t=360.256166678334s, event #108412

Calling finish() at end of Run #923...

Preparing for running configuration MonetecFocusedSmallR, run #924...
Scenario: $r=20, $rho=0.045, $repetition=0
Assigned runID=MonetecFocusedSmallR-924-20260930-09:00:00-58
Setting up network "dect2020scheduledaccess.DectScheduledAccessNetwork"...
Initializing...

Running simulation...
** Event #0   t=0   Elapsed: 2.1e-05s (0m 00s)
     Speed:     ev/sec=0   simsec/sec=0   ev/simsec=0
     Messages:  created: 2   present: 2   in FES: 2
** Event #104063   t=321.150333345   Elapsed: 0.009298s (0m 00s)
     Speed:     ev/sec=0   simsec/sec=0   ev/simsec=0
     Messages:  created: 2   present: 2   in FES: 1

<!> Simulation stopped with endSimulation() -- in module (ScheduledAccessQueue) DectScheduledAccessNetwork.queue (id=2), at t=321.150333345s, event #104063

Calling finish() at end of Run #924...

Preparing for running configuration MonetecFocusedSmallR, run #925...
Scenario: $r=20, $rho=0.045, $repetition=1
Assigned runID=MonetecFocusedSmallR-925-20260930-09:00:00-58
Setting up network "dect2020scheduledaccess.DectScheduledAccessNetwork"...
Initializing...

Running simulation...
** Event #0   t=0   Elapsed: 4e-06s (0m 00s)
     Speed:     ev/sec=0   simsec/sec=0   ev/simsec=0
     Messages:  created: 2   present: 2   in FES: 2
** Event #104278   t=323.085333345   Elapsed: 0.009303s (0m 00s)
     Speed:     ev/sec=0   simsec/sec=0   ev/simsec=0
     Messages:  created: 2   present: 2   in FES: 1

<!> Simulation stopped with endSimulation() -- in module (ScheduledAccessQueue) DectScheduledAccessNetwork.queue (id=2), at t=323.085333345s, event #104278

Calling finish() at end of Run #925...

Preparing for running configuration MonetecFocusedSmallR, run #926...
Scenario: $r=20, $rho=0.045, $repetition=2
Assigned runID=MonetecFocusedSmallR-926-20260930-09:00:00-58
Setting up network "dect2020scheduledaccess.DectScheduledAccessNetwork"...
Initializing...

Running simulation...
** Event #0   t=0   Elapsed: 2.5e-05s (0m 00s)
     Speed:     ev/sec=0   simsec/sec=0   ev/simsec=0
     Messages:  created: 2   present: 2   in FES: 2
** Event #103965   t=320.233166678334   Elapsed: 0.009244s (0m 00s)
     Speed:     ev/sec=0   simsec/sec=0   ev/simsec=0
     Messages:  created: 2   present: 2   in FES: 1

<!> Simulation stopped with endSimulation() -- in module (ScheduledAccessQueue) DectScheduledAccessNetwork.queue (id=2), at t=320.233166678334s, event #103965

Calling finish() at end of Run #926...

Preparing for running configuration MonetecFocusedSmallR, run #927...
Scenario: $r=20, $rho=0.050, $repetition=0
Assigned runID=MonetecFocusedSmallR-927-20260930-09:00:00-58
Setting up network "dect2020scheduledaccess.DectScheduledAccessNetwork"...
Initializing...

Running simulation...
** Event #0   t=0   Elapsed: 3e-06s (0m 00s)
     Speed:     ev/sec=0   simsec/sec=0   ev/simsec=0
     Messages:  created: 2   present: 2   in FES: 2
** Event #100495   t=289.038333345   Elapsed: 0.008876s (0m 00s)
     Speed:     ev/sec=0   simsec/sec=0   ev/simsec=0
     Messages:  created: 2   present: 2   in FES: 1

<!> Simulation stopped with endSimulation() -- in module (ScheduledAccessQueue) DectScheduledAccessNetwork.queue (id=2), at t=289.038333345s, event #100495

Calling finish() at end of Run #927...

Preparing for running configuration MonetecFocusedSmallR, run #928...
Scenario: $r=20, $rho=0.050, $repetition=1
Assigned runID=MonetecFocusedSmallR-928-20260930-09:00:00-58
Setting up network "dect2020scheduledaccess.DectScheduledAccessNetwork"...
Initializing...

Running simulation...
** Event #0   t=0   Elapsed: 3e-06s (0m 00s)
     Speed:     ev/sec=0   simsec/sec=0   ev/simsec=0
     Messages:  created: 2   present: 2   in FES: 2
** Event #100688   t=290.775333345   Elapsed: 0.008897s (0m 00s)
     Speed:     ev/sec=0   simsec/sec=0   ev/simsec=0
     Messages:  created: 2   present: 2   in FES: 1

<!> Simulation stopped with endSimulation() -- in module (ScheduledAccessQueue) DectScheduledAccessNetwork.queue (id=2), at t=290.775333345s, event #100688

Calling finish() at end of Run #928...

Preparing for running configuration MonetecFocusedSmallR, run #929...
Scenario: $r=20, $rho=0.050, $repetition=2
Assigned runID=MonetecFocusedSmallR-929-20260930-09:00:00-58
Setting up network "dect2020scheduledaccess.DectScheduledAccessNetwork"...
Initializing...

Running simulation...
** Event #0   t=0   Elapsed: 3e-06s (0m 00s)
     Speed:     ev/sec=0   simsec/sec=0   ev/simsec=0
     Messages:  created: 2   present: 2   in FES: 2
** Event #100406   t=288.202166678334   Elapsed: 0.008864s (0m 00s)
     Speed:     ev/sec=0   simsec/sec=0   ev/simsec=0
     Messages:  created: 2   present: 2   in FES: 1

<!> Simulation stopped with endSimulation() -- in module (ScheduledAccessQueue) DectScheduledAccessNetwork.queue (id=2), at t=288.202166678334s, event #100406

Calling finish() at end of Run #929...

Preparing for running configuration MonetecFocusedSmallR, run #930...
Scenario: $r=20, $rho=0.055, $repetition=0
Assigned runID=MonetecFocusedSmallR-930-20260930-09:00:00-58
Setting up network "dect2020scheduledaccess.DectScheduledAccessNetwork"...
Initializing...

Running simulation...
** Event #0   t=0   Elapsed: 2.7e-05s (0m 00s)
     Speed:     ev/sec=0   simsec/sec=0   ev/simsec=0
     Messages:  created: 2   present: 2   in FES: 2
** Event #97575   t=262.758333345   Elapsed: 0.010879s (0m 00s)
     Speed:     ev/sec=8.99226e+06   simsec/sec=24215.1   ev/simsec=371.349
     Messages:  created: 2   present: 2   in FES: 1

<!> Simulation stopped with endSimulation() -- in module (ScheduledAccessQueue) DectScheduledAccessNetwork.queue (id=2), at t=262.758333345s, event #97575

Calling finish() at end of Run #930...

Preparing for running configuration MonetecFocusedSmallR, run #931...
Scenario: $r=20, $rho=0.055, $repetition=1
Assigned runID=MonetecFocusedSmallR-931-20260930-09:00:00-58
Setting up network "dect2020scheduledaccess.DectScheduledAccessNetwork"...
Initializing...

Running simulation...
** Event #0   t=0   Elapsed: 3e-06s (0m 00s)
     Speed:     ev/sec=0   simsec/sec=0   ev/simsec=0
     Messages:  created: 2   present: 2   in FES: 2
** Event #97751   t=264.342333345   Elapsed: 0.008807s (0m 00s)
     Speed:     ev/sec=0   simsec/sec=0   ev/simsec=0
     Messages:  created: 2   present: 2   in FES: 1

<!> Simulation stopped with endSimulation() -- in module (ScheduledAccessQueue) DectScheduledAccessNetwork.queue (id=2), at t=264.342333345s, event #97751

Calling finish() at end of Run #931...

Preparing for running configuration MonetecFocusedSmallR, run #932...
Scenario: $r=20, $rho=0.055, $repetition=2
Assigned runID=MonetecFocusedSmallR-932-20260930-09:00:00-58
Setting up network "dect2020scheduledaccess.DectScheduledAccessNetwork"...
Initializing...

Running simulation...
** Event #0   t=0   Elapsed: 4e-06s (0m 00s)
     Speed:     ev/sec=0   simsec/sec=0   ev/simsec=0
     Messages:  created: 2   present: 2   in FES: 2
** Event #97499   t=262.021583345001   Elapsed: 0.008629s (0m 00s)
     Speed:     ev/sec=0   simsec/sec=0   ev/simsec=0
     Messages:  created: 2   present: 2   in FES: 1

<!> Simulation stopped with endSimulation() -- in module (ScheduledAccessQueue) DectScheduledAccessNetwork.queue (id=2), at t=262.021583345001s, event #97499

Calling finish() at end of Run #932...

Preparing for running configuration MonetecFocusedSmallR, run #933...
Scenario: $r=20, $rho=0.060, $repetition=0
Assigned runID=MonetecFocusedSmallR-933-20260930-09:00:00-58
Setting up network "dect2020scheduledaccess.DectScheduledAccessNetwork"...
Initializing...

Running simulation...
** Event #0   t=0   Elapsed: 3e-06s (0m 00s)
     Speed:     ev/sec=0   simsec/sec=0   ev/simsec=0
     Messages:  created: 2   present: 2   in FES: 2
** Event #95145   t=240.870750011667   Elapsed: 0.00866s (0m 00s)
     Speed:     ev/sec=0   simsec/sec=0   ev/simsec=0
     Messages:  created: 2   present: 2   in FES: 1

<!> Simulation stopped with endSimulation() -- in module (ScheduledAccessQueue) DectScheduledAccessNetwork.queue (id=2), at t=240.870750011667s, event #95145

Calling finish() at end of Run #933...

Preparing for running configuration MonetecFocusedSmallR, run #934...
Scenario: $r=20, $rho=0.060, $repetition=1
Assigned runID=MonetecFocusedSmallR-934-20260930-09:00:00-58
Setting up network "dect2020scheduledaccess.DectScheduledAccessNetwork"...
Initializing...

Running simulation...
** Event #0   t=0   Elapsed: 2.3e-05s (0m 00s)
     Speed:     ev/sec=0   simsec/sec=0   ev/simsec=0
     Messages:  created: 2   present: 2   in FES: 2
** Event #95303   t=242.310333345   Elapsed: 0.008595s (0m 00s)
     Speed:     ev/sec=0   simsec/sec=0   ev/simsec=0
     Messages:  created: 2   present: 2   in FES: 1

<!> Simulation stopped with endSimulation() -- in module (ScheduledAccessQueue) DectScheduledAccessNetwork.queue (id=2), at t=242.310333345s, event #95303

Calling finish() at end of Run #934...

Preparing for running configuration MonetecFocusedSmallR, run #935...
Scenario: $r=20, $rho=0.060, $repetition=2
Assigned runID=MonetecFocusedSmallR-935-20260930-09:00:00-58
Setting up network "dect2020scheduledaccess.DectScheduledAccessNetwork"...
Initializing...

Running simulation...
** Event #0   t=0   Elapsed: 2.6e-05s (0m 00s)
     Speed:     ev/sec=0   simsec/sec=0   ev/simsec=0
     Messages:  created: 2   present: 2   in FES: 2
** Event #95073   t=240.187583345001   Elapsed: 0.008625s (0m 00s)
     Speed:     ev/sec=0   simsec/sec=0   ev/simsec=0
     Messages:  created: 2   present: 2   in FES: 1

<!> Simulation stopped with endSimulation() -- in module (ScheduledAccessQueue) DectScheduledAccessNetwork.queue (id=2), at t=240.187583345001s, event #95073

Calling finish() at end of Run #935...

Preparing for running configuration MonetecFocusedSmallR, run #936...
Scenario: $r=20, $rho=0.065, $repetition=0
Assigned runID=MonetecFocusedSmallR-936-20260930-09:00:00-58
Setting up network "dect2020scheduledaccess.DectScheduledAccessNetwork"...
Initializing...

Running simulation...
** Event #0   t=0   Elapsed: 2.9e-05s (0m 00s)
     Speed:     ev/sec=0   simsec/sec=0   ev/simsec=0
     Messages:  created: 2   present: 2   in FES: 2
** Event #93089   t=222.349166678334   Elapsed: 0.008322s (0m 00s)
     Speed:     ev/sec=0   simsec/sec=0   ev/simsec=0
     Messages:  created: 2   present: 2   in FES: 1

<!> Simulation stopped with endSimulation() -- in module (ScheduledAccessQueue) DectScheduledAccessNetwork.queue (id=2), at t=222.349166678334s, event #93089

Calling finish() at end of Run #936...

Preparing for running configuration MonetecFocusedSmallR, run #937...
Scenario: $r=20, $rho=0.065, $repetition=1
Assigned runID=MonetecFocusedSmallR-937-20260930-09:00:00-58
Setting up network "dect2020scheduledaccess.DectScheduledAccessNetwork"...
Initializing...

Running simulation...
** Event #0   t=0   Elapsed: 3e-06s (0m 00s)
     Speed:     ev/sec=0   simsec/sec=0   ev/simsec=0
     Messages:  created: 2   present: 2   in FES: 2
** Event #93242   t=223.707750011667   Elapsed: 0.008427s (0m 00s)
     Speed:     ev/sec=0   simsec/sec=0   ev/simsec=0
     Messages:  created: 2   present: 2   in FES: 1

<!> Simulation stopped with endSimulation() -- in module (ScheduledAccessQueue) DectScheduledAccessNetwork.queue (id=2), at t=223.707750011667s, event #93242

Calling finish() at end of Run #937...

Preparing for running configuration MonetecFocusedSmallR, run #938...
Scenario: $r=20, $rho=0.065, $repetition=2
Assigned runID=MonetecFocusedSmallR-938-20260930-09:00:00-58
Setting up network "dect2020scheduledaccess.DectScheduledAccessNetwork"...
Initializing...

Running simulation...
** Event #0   t=0   Elapsed: 3e-06s (0m 00s)
     Speed:     ev/sec=0   simsec/sec=0   ev/simsec=0
     Messages:  created: 2   present: 2   in FES: 2
** Event #93026   t=221.720416678335   Elapsed: 0.008438s (0m 00s)
     Speed:     ev/sec=0   simsec/sec=0   ev/simsec=0
     Messages:  created: 2   present: 2   in FES: 1

<!> Simulation stopped with endSimulation() -- in module (ScheduledAccessQueue) DectScheduledAccessNetwork.queue (id=2), at t=221.720416678335s, event #93026

Calling finish() at end of Run #938...

Preparing for running configuration MonetecFocusedSmallR, run #939...
Scenario: $r=20, $rho=0.070, $repetition=0
Assigned runID=MonetecFocusedSmallR-939-20260930-09:00:00-58
Setting up network "dect2020scheduledaccess.DectScheduledAccessNetwork"...
Initializing...

Running simulation...
** Event #0   t=0   Elapsed: 2e-06s (0m 00s)
     Speed:     ev/sec=0   simsec/sec=0   ev/simsec=0
     Messages:  created: 2   present: 2   in FES: 2
** Event #91331   t=206.491583345001   Elapsed: 0.008339s (0m 00s)
     Speed:     ev/sec=0   simsec/sec=0   ev/simsec=0
     Messages:  created: 2   present: 2   in FES: 1

<!> Simulation stopped with endSimulation() -- in module (ScheduledAccessQueue) DectScheduledAccessNetwork.queue (id=2), at t=206.491583345001s, event #91331

Calling finish() at end of Run #939...

Preparing for running configuration MonetecFocusedSmallR, run #940...
Scenario: $r=20, $rho=0.070, $repetition=1
Assigned runID=MonetecFocusedSmallR-940-20260930-09:00:00-58
Setting up network "dect2020scheduledaccess.DectScheduledAccessNetwork"...
Initializing...

Running simulation...
** Event #0   t=0   Elapsed: 3e-06s (0m 00s)
     Speed:     ev/sec=0   simsec/sec=0   ev/simsec=0
     Messages:  created: 2   present: 2   in FES: 2
** Event #91493   t=207.822750011667   Elapsed: 0.008254s (0m 00s)
     Speed:     ev/sec=0   simsec/sec=0   ev/simsec=0
     Messages:  created: 2   present: 2   in FES: 1

<!> Simulation stopped with endSimulation() -- in module (ScheduledAccessQueue) DectScheduledAccessNetwork.queue (id=2), at t=207.822750011667s, event #91493

Calling finish() at end of Run #940...

Preparing for running configuration MonetecFocusedSmallR, run #941...
Scenario: $r=20, $rho=0.070, $repetition=2
Assigned runID=MonetecFocusedSmallR-941-20260930-09:00:00-58
Setting up network "dect2020scheduledaccess.DectScheduledAccessNetwork"...
Initializing...

Running simulation...
** Event #0   t=0   Elapsed: 2.9e-05s (0m 00s)
     Speed:     ev/sec=0   simsec/sec=0   ev/simsec=0
     Messages:  created: 2   present: 2   in FES: 2
** Event #91274   t=205.908666678336   Elapsed: 0.008322s (0m 00s)
     Speed:     ev/sec=0   simsec/sec=0   ev/simsec=0
     Messages:  created: 2   present: 2   in FES: 1

<!> Simulation stopped with endSimulation() -- in module (ScheduledAccessQueue) DectScheduledAccessNetwork.queue (id=2), at t=205.908666678336s, event #91274

Calling finish() at end of Run #941...

Preparing for running configuration MonetecFocusedSmallR, run #942...
Scenario: $r=20, $rho=0.075, $repetition=0
Assigned runID=MonetecFocusedSmallR-942-20260930-09:00:00-58
Setting up network "dect2020scheduledaccess.DectScheduledAccessNetwork"...
Initializing...

Running simulation...
** Event #0   t=0   Elapsed: 3e-06s (0m 00s)
     Speed:     ev/sec=0   simsec/sec=0   ev/simsec=0
     Messages:  created: 2   present: 2   in FES: 2
** Event #89931   t=193.118000011668   Elapsed: 0.008198s (0m 00s)
     Speed:     ev/sec=0   simsec/sec=0   ev/simsec=0
     Messages:  created: 2   present: 2   in FES: 1

<!> Simulation stopped with endSimulation() -- in module (ScheduledAccessQueue) DectScheduledAccessNetwork.queue (id=2), at t=193.118000011668s, event #89931

Calling finish() at end of Run #942...

Preparing for running configuration MonetecFocusedSmallR, run #943...
Scenario: $r=20, $rho=0.075, $repetition=1
Assigned runID=MonetecFocusedSmallR-943-20260930-09:00:00-58
Setting up network "dect2020scheduledaccess.DectScheduledAccessNetwork"...
Initializing...

Running simulation...
** Event #0   t=0   Elapsed: 3e-06s (0m 00s)
     Speed:     ev/sec=0   simsec/sec=0   ev/simsec=0
     Messages:  created: 2   present: 2   in FES: 2
** Event #90018   t=194.143166678334   Elapsed: 0.008187s (0m 00s)
     Speed:     ev/sec=0   simsec/sec=0   ev/simsec=0
     Messages:  created: 2   present: 2   in FES: 1

<!> Simulation stopped with endSimulation() -- in module (ScheduledAccessQueue) DectScheduledAccessNetwork.queue (id=2), at t=194.143166678334s, event #90018

Calling finish() at end of Run #943...

Preparing for running configuration MonetecFocusedSmallR, run #944...
Scenario: $r=20, $rho=0.075, $repetition=2
Assigned runID=MonetecFocusedSmallR-944-20260930-09:00:00-58
Setting up network "dect2020scheduledaccess.DectScheduledAccessNetwork"...
Initializing...

Running simulation...
** Event #0   t=0   Elapsed: 3.1e-05s (0m 00s)
     Speed:     ev/sec=0   simsec/sec=0   ev/simsec=0
     Messages:  created: 2   present: 2   in FES: 2
** Event #89826   t=192.479833345002   Elapsed: 0.008104s (0m 00s)
     Speed:     ev/sec=0   simsec/sec=0   ev/simsec=0
     Messages:  created: 2   present: 2   in FES: 1

<!> Simulation stopped with endSimulation() -- in module (ScheduledAccessQueue) DectScheduledAccessNetwork.queue (id=2), at t=192.479833345002s, event #89826

Calling finish() at end of Run #944...

Preparing for running configuration MonetecFocusedSmallR, run #945...
Scenario: $r=20, $rho=0.080, $repetition=0
Assigned runID=MonetecFocusedSmallR-945-20260930-09:00:00-58
Setting up network "dect2020scheduledaccess.DectScheduledAccessNetwork"...
Initializing...

Running simulation...
** Event #0   t=0   Elapsed: 3e-06s (0m 00s)
     Speed:     ev/sec=0   simsec/sec=0   ev/simsec=0
     Messages:  created: 2   present: 2   in FES: 2
** Event #89005   t=182.391250011669   Elapsed: 0.007997s (0m 00s)
     Speed:     ev/sec=0   simsec/sec=0   ev/simsec=0
     Messages:  created: 2   present: 2   in FES: 1

<!> Simulation stopped with endSimulation() -- in module (ScheduledAccessQueue) DectScheduledAccessNetwork.queue (id=2), at t=182.391250011669s, event #89005

Calling finish() at end of Run #945...

Preparing for running configuration MonetecFocusedSmallR, run #946...
Scenario: $r=20, $rho=0.080, $repetition=1
Assigned runID=MonetecFocusedSmallR-946-20260930-09:00:00-58
Setting up network "dect2020scheduledaccess.DectScheduledAccessNetwork"...
Initializing...

Running simulation...
** Event #0   t=0   Elapsed: 2e-06s (0m 00s)
     Speed:     ev/sec=0   simsec/sec=0   ev/simsec=0
     Messages:  created: 2   present: 2   in FES: 2
** Event #89030   t=183.098250011673   Elapsed: 0.008111s (0m 00s)
     Speed:     ev/sec=0   simsec/sec=0   ev/simsec=0
     Messages:  created: 2   present: 2   in FES: 1

<!> Simulation stopped with endSimulation() -- in module (ScheduledAccessQueue) DectScheduledAccessNetwork.queue (id=2), at t=183.098250011673s, event #89030

Calling finish() at end of Run #946...

Preparing for running configuration MonetecFocusedSmallR, run #947...
Scenario: $r=20, $rho=0.080, $repetition=2
Assigned runID=MonetecFocusedSmallR-947-20260930-09:00:00-58
Setting up network "dect2020scheduledaccess.DectScheduledAccessNetwork"...
Initializing...

Running simulation...
** Event #0   t=0   Elapsed: 3e-06s (0m 00s)
     Speed:     ev/sec=0   simsec/sec=0   ev/simsec=0
     Messages:  created: 2   present: 2   in FES: 2
** Event #88890   t=181.768166678334   Elapsed: 0.008159s (0m 00s)
     Speed:     ev/sec=0   simsec/sec=0   ev/simsec=0
     Messages:  created: 2   present: 2   in FES: 1

<!> Simulation stopped with endSimulation() -- in module (ScheduledAccessQueue) DectScheduledAccessNetwork.queue (id=2), at t=181.768166678334s, event #88890

Calling finish() at end of Run #947...

Preparing for running configuration MonetecFocusedSmallR, run #948...
Scenario: $r=20, $rho=0.085, $repetition=0
Assigned runID=MonetecFocusedSmallR-948-20260930-09:00:00-58
Setting up network "dect2020scheduledaccess.DectScheduledAccessNetwork"...
Initializing...

Running simulation...
** Event #0   t=0   Elapsed: 2e-05s (0m 00s)
     Speed:     ev/sec=0   simsec/sec=0   ev/simsec=0
     Messages:  created: 2   present: 2   in FES: 2
** Event #89074   t=175.632666678336   Elapsed: 0.008218s (0m 00s)
     Speed:     ev/sec=0   simsec/sec=0   ev/simsec=0
     Messages:  created: 2   present: 2   in FES: 1

<!> Simulation stopped with endSimulation() -- in module (ScheduledAccessQueue) DectScheduledAccessNetwork.queue (id=2), at t=175.632666678336s, event #89074

Calling finish() at end of Run #948...

Preparing for running configuration MonetecFocusedSmallR, run #949...
Scenario: $r=20, $rho=0.085, $repetition=1
Assigned runID=MonetecFocusedSmallR-949-20260930-09:00:00-58
Setting up network "dect2020scheduledaccess.DectScheduledAccessNetwork"...
Initializing...

Running simulation...
** Event #0   t=0   Elapsed: 4e-06s (0m 00s)
     Speed:     ev/sec=0   simsec/sec=0   ev/simsec=0
     Messages:  created: 2   present: 2   in FES: 2
** Event #89029   t=176.209916678337   Elapsed: 0.008026s (0m 00s)
     Speed:     ev/sec=0   simsec/sec=0   ev/simsec=0
     Messages:  created: 2   present: 2   in FES: 1

<!> Simulation stopped with endSimulation() -- in module (ScheduledAccessQueue) DectScheduledAccessNetwork.queue (id=2), at t=176.209916678337s, event #89029

Calling finish() at end of Run #949...

Preparing for running configuration MonetecFocusedSmallR, run #950...
Scenario: $r=20, $rho=0.085, $repetition=2
Assigned runID=MonetecFocusedSmallR-950-20260930-09:00:00-58
Setting up network "dect2020scheduledaccess.DectScheduledAccessNetwork"...
Initializing...

Running simulation...
** Event #0   t=0   Elapsed: 3e-06s (0m 00s)
     Speed:     ev/sec=0   simsec/sec=0   ev/simsec=0
     Messages:  created: 2   present: 2   in FES: 2
** Event #89104   t=175.644166678338   Elapsed: 0.007951s (0m 00s)
     Speed:     ev/sec=0   simsec/sec=0   ev/simsec=0
     Messages:  created: 2   present: 2   in FES: 1

<!> Simulation stopped with endSimulation() -- in module (ScheduledAccessQueue) DectScheduledAccessNetwork.queue (id=2), at t=175.644166678338s, event #89104

Calling finish() at end of Run #950...

Preparing for running configuration MonetecFocusedSmallR, run #951...
Scenario: $r=20, $rho=0.090, $repetition=0
Assigned runID=MonetecFocusedSmallR-951-20260930-09:00:00-58
Setting up network "dect2020scheduledaccess.DectScheduledAccessNetwork"...
Initializing...

Running simulation...
** Event #0   t=0   Elapsed: 3e-06s (0m 00s)
     Speed:     ev/sec=0   simsec/sec=0   ev/simsec=0
     Messages:  created: 2   present: 2   in FES: 2
** Event #90237   t=172.855000011672   Elapsed: 0.008312s (0m 00s)
     Speed:     ev/sec=0   simsec/sec=0   ev/simsec=0
     Messages:  created: 2   present: 2   in FES: 1

<!> Simulation stopped with endSimulation() -- in module (ScheduledAccessQueue) DectScheduledAccessNetwork.queue (id=2), at t=172.855000011672s, event #90237

Calling finish() at end of Run #951...

Preparing for running configuration MonetecFocusedSmallR, run #952...
Scenario: $r=20, $rho=0.090, $repetition=1
Assigned runID=MonetecFocusedSmallR-952-20260930-09:00:00-58
Setting up network "dect2020scheduledaccess.DectScheduledAccessNetwork"...
Initializing...

Running simulation...
** Event #0   t=0   Elapsed: 3e-06s (0m 00s)
     Speed:     ev/sec=0   simsec/sec=0   ev/simsec=0
     Messages:  created: 2   present: 2   in FES: 2
** Event #90134   t=173.239916678337   Elapsed: 0.008374s (0m 00s)
     Speed:     ev/sec=0   simsec/sec=0   ev/simsec=0
     Messages:  created: 2   present: 2   in FES: 1

<!> Simulation stopped with endSimulation() -- in module (ScheduledAccessQueue) DectScheduledAccessNetwork.queue (id=2), at t=173.239916678337s, event #90134

Calling finish() at end of Run #952...

Preparing for running configuration MonetecFocusedSmallR, run #953...
Scenario: $r=20, $rho=0.090, $repetition=2
Assigned runID=MonetecFocusedSmallR-953-20260930-09:00:00-58
Setting up network "dect2020scheduledaccess.DectScheduledAccessNetwork"...
Initializing...

Running simulation...
** Event #0   t=0   Elapsed: 4e-06s (0m 00s)
     Speed:     ev/sec=0   simsec/sec=0   ev/simsec=0
     Messages:  created: 2   present: 2   in FES: 2
** Event #90352   t=173.314416678339   Elapsed: 0.008242s (0m 00s)
     Speed:     ev/sec=0   simsec/sec=0   ev/simsec=0
     Messages:  created: 2   present: 2   in FES: 1

<!> Simulation stopped with endSimulation() -- in module (ScheduledAccessQueue) DectScheduledAccessNetwork.queue (id=2), at t=173.314416678339s, event #90352

Calling finish() at end of Run #953...

Preparing for running configuration MonetecFocusedSmallR, run #954...
Scenario: $r=20, $rho=0.095, $repetition=0
Assigned runID=MonetecFocusedSmallR-954-20260930-09:00:00-58
Setting up network "dect2020scheduledaccess.DectScheduledAccessNetwork"...
Initializing...

Running simulation...
** Event #0   t=0   Elapsed: 3e-06s (0m 00s)
     Speed:     ev/sec=0   simsec/sec=0   ev/simsec=0
     Messages:  created: 2   present: 2   in FES: 2
** Event #92099   t=172.271250011673   Elapsed: 0.008601s (0m 00s)
     Speed:     ev/sec=0   simsec/sec=0   ev/simsec=0
     Messages:  created: 2   present: 2   in FES: 1

<!> Simulation stopped with endSimulation() -- in module (ScheduledAccessQueue) DectScheduledAccessNetwork.queue (id=2), at t=172.271250011673s, event #92099

Calling finish() at end of Run #954...

Preparing for running configuration MonetecFocusedSmallR, run #955...
Scenario: $r=20, $rho=0.095, $repetition=1
Assigned runID=MonetecFocusedSmallR-955-20260930-09:00:00-58
Setting up network "dect2020scheduledaccess.DectScheduledAccessNetwork"...
Initializing...

Running simulation...
** Event #0   t=0   Elapsed: 3e-06s (0m 00s)
     Speed:     ev/sec=0   simsec/sec=0   ev/simsec=0
     Messages:  created: 2   present: 2   in FES: 2
** Event #91906   t=172.403750011671   Elapsed: 0.008375s (0m 00s)
     Speed:     ev/sec=0   simsec/sec=0   ev/simsec=0
     Messages:  created: 2   present: 2   in FES: 1

<!> Simulation stopped with endSimulation() -- in module (ScheduledAccessQueue) DectScheduledAccessNetwork.queue (id=2), at t=172.403750011671s, event #91906

Calling finish() at end of Run #955...

Preparing for running configuration MonetecFocusedSmallR, run #956...
Scenario: $r=20, $rho=0.095, $repetition=2
Assigned runID=MonetecFocusedSmallR-956-20260930-09:00:00-58
Setting up network "dect2020scheduledaccess.DectScheduledAccessNetwork"...
Initializing...

Running simulation...
** Event #0   t=0   Elapsed: 3e-06s (0m 00s)
     Speed:     ev/sec=0   simsec/sec=0   ev/simsec=0
     Messages:  created: 2   present: 2   in FES: 2
** Event #92141   t=172.441833345006   Elapsed: 0.008596s (0m 00s)
     Speed:     ev/sec=0   simsec/sec=0   ev/simsec=0
     Messages:  created: 2   present: 2   in FES: 1

<!> Simulation stopped with endSimulation() -- in module (ScheduledAccessQueue) DectScheduledAccessNetwork.queue (id=2), at t=172.441833345006s, event #92141

Calling finish() at end of Run #956...

Preparing for running configuration MonetecFocusedSmallR, run #957...
Scenario: $r=20, $rho=0.100, $repetition=0
Assigned runID=MonetecFocusedSmallR-957-20260930-09:00:00-58
Setting up network "dect2020scheduledaccess.DectScheduledAccessNetwork"...
Initializing...

Running simulation...
** Event #0   t=0   Elapsed: 3e-06s (0m 00s)
     Speed:     ev/sec=0   simsec/sec=0   ev/simsec=0
     Messages:  created: 2   present: 2   in FES: 2
** Event #94101   t=172.181250011673   Elapsed: 0.008917s (0m 00s)
     Speed:     ev/sec=0   simsec/sec=0   ev/simsec=0
     Messages:  created: 2   present: 2   in FES: 1

<!> Simulation stopped with endSimulation() -- in module (ScheduledAccessQueue) DectScheduledAccessNetwork.queue (id=2), at t=172.181250011673s, event #94101

Calling finish() at end of Run #957...

Preparing for running configuration MonetecFocusedSmallR, run #958...
Scenario: $r=20, $rho=0.100, $repetition=1
Assigned runID=MonetecFocusedSmallR-958-20260930-09:00:00-58
Setting up network "dect2020scheduledaccess.DectScheduledAccessNetwork"...
Initializing...

Running simulation...
** Event #0   t=0   Elapsed: 3e-06s (0m 00s)
     Speed:     ev/sec=0   simsec/sec=0   ev/simsec=0
     Messages:  created: 2   present: 2   in FES: 2
** Event #93951   t=172.233583345005   Elapsed: 0.008653s (0m 00s)
     Speed:     ev/sec=0   simsec/sec=0   ev/simsec=0
     Messages:  created: 2   present: 2   in FES: 1

<!> Simulation stopped with endSimulation() -- in module (ScheduledAccessQueue) DectScheduledAccessNetwork.queue (id=2), at t=172.233583345005s, event #93951

Calling finish() at end of Run #958...

Preparing for running configuration MonetecFocusedSmallR, run #959...
Scenario: $r=20, $rho=0.100, $repetition=2
Assigned runID=MonetecFocusedSmallR-959-20260930-09:00:00-58
Setting up network "dect2020scheduledaccess.DectScheduledAccessNetwork"...
Initializing...

Running simulation...
** Event #0   t=0   Elapsed: 3e-06s (0m 00s)
     Speed:     ev/sec=0   simsec/sec=0   ev/simsec=0
     Messages:  created: 2   present: 2   in FES: 2
** Event #94208   t=172.180000011672   Elapsed: 0.008603s (0m 00s)
     Speed:     ev/sec=0   simsec/sec=0   ev/simsec=0
     Messages:  created: 2   present: 2   in FES: 1

<!> Simulation stopped with endSimulation() -- in module (ScheduledAccessQueue) DectScheduledAccessNetwork.queue (id=2), at t=172.180000011672s, event #94208

Calling finish() at end of Run #959...

Preparing for running configuration MonetecFocusedSmallR, run #960...
Scenario: $r=20, $rho=0.105, $repetition=0
Assigned runID=MonetecFocusedSmallR-960-20260930-09:00:00-58
Setting up network "dect2020scheduledaccess.DectScheduledAccessNetwork"...
Initializing...

Running simulation...
** Event #0   t=0   Elapsed: 4e-06s (0m 00s)
     Speed:     ev/sec=0   simsec/sec=0   ev/simsec=0
     Messages:  created: 2   present: 2   in FES: 2
** Event #96035   t=172.171000011672   Elapsed: 0.008857s (0m 00s)
     Speed:     ev/sec=0   simsec/sec=0   ev/simsec=0
     Messages:  created: 2   present: 2   in FES: 1

<!> Simulation stopped with endSimulation() -- in module (ScheduledAccessQueue) DectScheduledAccessNetwork.queue (id=2), at t=172.171000011672s, event #96035

Calling finish() at end of Run #960...

Preparing for running configuration MonetecFocusedSmallR, run #961...
Scenario: $r=20, $rho=0.105, $repetition=1
Assigned runID=MonetecFocusedSmallR-961-20260930-09:00:00-58
Setting up network "dect2020scheduledaccess.DectScheduledAccessNetwork"...
Initializing...

Running simulation...
** Event #0   t=0   Elapsed: 3e-06s (0m 00s)
     Speed:     ev/sec=0   simsec/sec=0   ev/simsec=0
     Messages:  created: 2   present: 2   in FES: 2
** Event #95991   t=172.225833345006   Elapsed: 0.008985s (0m 00s)
     Speed:     ev/sec=0   simsec/sec=0   ev/simsec=0
     Messages:  created: 2   present: 2   in FES: 1

<!> Simulation stopped with endSimulation() -- in module (ScheduledAccessQueue) DectScheduledAccessNetwork.queue (id=2), at t=172.225833345006s, event #95991

Calling finish() at end of Run #961...

Preparing for running configuration MonetecFocusedSmallR, run #962...
Scenario: $r=20, $rho=0.105, $repetition=2
Assigned runID=MonetecFocusedSmallR-962-20260930-09:00:00-58
Setting up network "dect2020scheduledaccess.DectScheduledAccessNetwork"...
Initializing...

Running simulation...
** Event #0   t=0   Elapsed: 3e-06s (0m 00s)
     Speed:     ev/sec=0   simsec/sec=0   ev/simsec=0
     Messages:  created: 2   present: 2   in FES: 2
** Event #96287   t=172.151750011671   Elapsed: 0.008951s (0m 00s)
     Speed:     ev/sec=0   simsec/sec=0   ev/simsec=0
     Messages:  created: 2   present: 2   in FES: 1

<!> Simulation stopped with endSimulation() -- in module (ScheduledAccessQueue) DectScheduledAccessNetwork.queue (id=2), at t=172.151750011671s, event #96287

Calling finish() at end of Run #962...

Preparing for running configuration MonetecFocusedSmallR, run #963...
Scenario: $r=20, $rho=0.110, $repetition=0
Assigned runID=MonetecFocusedSmallR-963-20260930-09:00:00-58
Setting up network "dect2020scheduledaccess.DectScheduledAccessNetwork"...
Initializing...

Running simulation...
** Event #0   t=0   Elapsed: 3e-06s (0m 00s)
     Speed:     ev/sec=0   simsec/sec=0   ev/simsec=0
     Messages:  created: 2   present: 2   in FES: 2
** Event #98133   t=172.19066667834   Elapsed: 0.00907s (0m 00s)
     Speed:     ev/sec=0   simsec/sec=0   ev/simsec=0
     Messages:  created: 2   present: 2   in FES: 1

<!> Simulation stopped with endSimulation() -- in module (ScheduledAccessQueue) DectScheduledAccessNetwork.queue (id=2), at t=172.19066667834s, event #98133

Calling finish() at end of Run #963...

Preparing for running configuration MonetecFocusedSmallR, run #964...
Scenario: $r=20, $rho=0.110, $repetition=1
Assigned runID=MonetecFocusedSmallR-964-20260930-09:00:00-58
Setting up network "dect2020scheduledaccess.DectScheduledAccessNetwork"...
Initializing...

Running simulation...
** Event #0   t=0   Elapsed: 3e-06s (0m 00s)
     Speed:     ev/sec=0   simsec/sec=0   ev/simsec=0
     Messages:  created: 2   present: 2   in FES: 2
** Event #98070   t=172.217250011673   Elapsed: 0.00923s (0m 00s)
     Speed:     ev/sec=0   simsec/sec=0   ev/simsec=0
     Messages:  created: 2   present: 2   in FES: 1

<!> Simulation stopped with endSimulation() -- in module (ScheduledAccessQueue) DectScheduledAccessNetwork.queue (id=2), at t=172.217250011673s, event #98070

Calling finish() at end of Run #964...

Preparing for running configuration MonetecFocusedSmallR, run #965...
Scenario: $r=20, $rho=0.110, $repetition=2
Assigned runID=MonetecFocusedSmallR-965-20260930-09:00:00-58
Setting up network "dect2020scheduledaccess.DectScheduledAccessNetwork"...
Initializing...

Running simulation...
** Event #0   t=0   Elapsed: 2.4e-05s (0m 00s)
     Speed:     ev/sec=0   simsec/sec=0   ev/simsec=0
     Messages:  created: 2   present: 2   in FES: 2
** Event #98386   t=172.171833345006   Elapsed: 0.009305s (0m 00s)
     Speed:     ev/sec=0   simsec/sec=0   ev/simsec=0
     Messages:  created: 2   present: 2   in FES: 1

<!> Simulation stopped with endSimulation() -- in module (ScheduledAccessQueue) DectScheduledAccessNetwork.queue (id=2), at t=172.171833345006s, event #98386

Calling finish() at end of Run #965...

Preparing for running configuration MonetecFocusedSmallR, run #966...
Scenario: $r=20, $rho=0.115, $repetition=0
Assigned runID=MonetecFocusedSmallR-966-20260930-09:00:00-58
Setting up network "dect2020scheduledaccess.DectScheduledAccessNetwork"...
Initializing...

Running simulation...
** Event #0   t=0   Elapsed: 3e-06s (0m 00s)
     Speed:     ev/sec=0   simsec/sec=0   ev/simsec=0
     Messages:  created: 2   present: 2   in FES: 2
** Event #100264   t=172.171833345006   Elapsed: 0.009355s (0m 00s)
     Speed:     ev/sec=0   simsec/sec=0   ev/simsec=0
     Messages:  created: 2   present: 2   in FES: 1

<!> Simulation stopped with endSimulation() -- in module (ScheduledAccessQueue) DectScheduledAccessNetwork.queue (id=2), at t=172.171833345006s, event #100264

Calling finish() at end of Run #966...

Preparing for running configuration MonetecFocusedSmallR, run #967...
Scenario: $r=20, $rho=0.115, $repetition=1
Assigned runID=MonetecFocusedSmallR-967-20260930-09:00:00-58
Setting up network "dect2020scheduledaccess.DectScheduledAccessNetwork"...
Initializing...

Running simulation...
** Event #0   t=0   Elapsed: 2.8e-05s (0m 00s)
     Speed:     ev/sec=0   simsec/sec=0   ev/simsec=0
     Messages:  created: 2   present: 2   in FES: 2
** Event #100130   t=172.198833345006   Elapsed: 0.009503s (0m 00s)
     Speed:     ev/sec=0   simsec/sec=0   ev/simsec=0
     Messages:  created: 2   present: 2   in FES: 1

<!> Simulation stopped with endSimulation() -- in module (ScheduledAccessQueue) DectScheduledAccessNetwork.queue (id=2), at t=172.198833345006s, event #100130

Calling finish() at end of Run #967...

Preparing for running configuration MonetecFocusedSmallR, run #968...
Scenario: $r=20, $rho=0.115, $repetition=2
Assigned runID=MonetecFocusedSmallR-968-20260930-09:00:00-58
Setting up network "dect2020scheduledaccess.DectScheduledAccessNetwork"...
Initializing...

Running simulation...
** Event #0   t=0   Elapsed: 2.7e-05s (0m 00s)
     Speed:     ev/sec=0   simsec/sec=0   ev/simsec=0
     Messages:  created: 2   present: 2   in FES: 2
** Event #100398   t=172.171833345006   Elapsed: 0.009363s (0m 00s)
     Speed:     ev/sec=0   simsec/sec=0   ev/simsec=0
     Messages:  created: 2   present: 2   in FES: 1

<!> Simulation stopped with endSimulation() -- in module (ScheduledAccessQueue) DectScheduledAccessNetwork.queue (id=2), at t=172.171833345006s, event #100398

Calling finish() at end of Run #968...

Preparing for running configuration MonetecFocusedSmallR, run #969...
Scenario: $r=20, $rho=0.120, $repetition=0
Assigned runID=MonetecFocusedSmallR-969-20260930-09:00:00-58
Setting up network "dect2020scheduledaccess.DectScheduledAccessNetwork"...
Initializing...

Running simulation...
** Event #0   t=0   Elapsed: 3e-06s (0m 00s)
     Speed:     ev/sec=0   simsec/sec=0   ev/simsec=0
     Messages:  created: 2   present: 2   in FES: 2
** Event #102293   t=172.171416678339   Elapsed: 0.009499s (0m 00s)
     Speed:     ev/sec=0   simsec/sec=0   ev/simsec=0
     Messages:  created: 2   present: 2   in FES: 1

<!> Simulation stopped with endSimulation() -- in module (ScheduledAccessQueue) DectScheduledAccessNetwork.queue (id=2), at t=172.171416678339s, event #102293

Calling finish() at end of Run #969...

Preparing for running configuration MonetecFocusedSmallR, run #970...
Scenario: $r=20, $rho=0.120, $repetition=1
Assigned runID=MonetecFocusedSmallR-970-20260930-09:00:00-58
Setting up network "dect2020scheduledaccess.DectScheduledAccessNetwork"...
Initializing...

Running simulation...
** Event #0   t=0   Elapsed: 3e-06s (0m 00s)
     Speed:     ev/sec=0   simsec/sec=0   ev/simsec=0
     Messages:  created: 2   present: 2   in FES: 2
** Event #102199   t=172.198833345006   Elapsed: 0.009734s (0m 00s)
     Speed:     ev/sec=0   simsec/sec=0   ev/simsec=0
     Messages:  created: 2   present: 2   in FES: 1

<!> Simulation stopped with endSimulation() -- in module (ScheduledAccessQueue) DectScheduledAccessNetwork.queue (id=2), at t=172.198833345006s, event #102199

Calling finish() at end of Run #970...

Preparing for running configuration MonetecFocusedSmallR, run #971...
Scenario: $r=20, $rho=0.120, $repetition=2
Assigned runID=MonetecFocusedSmallR-971-20260930-09:00:00-58
Setting up network "dect2020scheduledaccess.DectScheduledAccessNetwork"...
Initializing...

Running simulation...
** Event #0   t=0   Elapsed: 4e-06s (0m 00s)
     Speed:     ev/sec=0   simsec/sec=0   ev/simsec=0
     Messages:  created: 2   present: 2   in FES: 2
** Event #102438   t=172.171833345006   Elapsed: 0.009589s (0m 00s)
     Speed:     ev/sec=0   simsec/sec=0   ev/simsec=0
     Messages:  created: 2   present: 2   in FES: 1

<!> Simulation stopped with endSimulation() -- in module (ScheduledAccessQueue) DectScheduledAccessNetwork.queue (id=2), at t=172.171833345006s, event #102438

Calling finish() at end of Run #971...

Preparing for running configuration MonetecFocusedSmallR, run #972...
Scenario: $r=20, $rho=0.125, $repetition=0
Assigned runID=MonetecFocusedSmallR-972-20260930-09:00:00-58
Setting up network "dect2020scheduledaccess.DectScheduledAccessNetwork"...
Initializing...

Running simulation...
** Event #0   t=0   Elapsed: 4e-06s (0m 00s)
     Speed:     ev/sec=0   simsec/sec=0   ev/simsec=0
     Messages:  created: 2   present: 2   in FES: 2
** Event #104431   t=172.181250011673   Elapsed: 0.009661s (0m 00s)
     Speed:     ev/sec=0   simsec/sec=0   ev/simsec=0
     Messages:  created: 2   present: 2   in FES: 1

<!> Simulation stopped with endSimulation() -- in module (ScheduledAccessQueue) DectScheduledAccessNetwork.queue (id=2), at t=172.181250011673s, event #104431

Calling finish() at end of Run #972...

Preparing for running configuration MonetecFocusedSmallR, run #973...
Scenario: $r=20, $rho=0.125, $repetition=1
Assigned runID=MonetecFocusedSmallR-973-20260930-09:00:00-58
Setting up network "dect2020scheduledaccess.DectScheduledAccessNetwork"...
Initializing...

Running simulation...
** Event #0   t=0   Elapsed: 2.3e-05s (0m 00s)
     Speed:     ev/sec=0   simsec/sec=0   ev/simsec=0
     Messages:  created: 2   present: 2   in FES: 2
** Event #104259   t=172.199250011673   Elapsed: 0.009649s (0m 00s)
     Speed:     ev/sec=0   simsec/sec=0   ev/simsec=0
     Messages:  created: 2   present: 2   in FES: 1

<!> Simulation stopped with endSimulation() -- in module (ScheduledAccessQueue) DectScheduledAccessNetwork.queue (id=2), at t=172.199250011673s, event #104259

Calling finish() at end of Run #973...

Preparing for running configuration MonetecFocusedSmallR, run #974...
Scenario: $r=20, $rho=0.125, $repetition=2
Assigned runID=MonetecFocusedSmallR-974-20260930-09:00:00-58
Setting up network "dect2020scheduledaccess.DectScheduledAccessNetwork"...
Initializing...

Running simulation...
** Event #0   t=0   Elapsed: 4.5e-05s (0m 00s)
     Speed:     ev/sec=0   simsec/sec=0   ev/simsec=0
     Messages:  created: 2   present: 2   in FES: 2
** Event #104545   t=172.171833345006   Elapsed: 0.009826s (0m 00s)
     Speed:     ev/sec=0   simsec/sec=0   ev/simsec=0
     Messages:  created: 2   present: 2   in FES: 1

<!> Simulation stopped with endSimulation() -- in module (ScheduledAccessQueue) DectScheduledAccessNetwork.queue (id=2), at t=172.171833345006s, event #104545

Calling finish() at end of Run #974...

Preparing for running configuration MonetecFocusedSmallR, run #975...
Scenario: $r=20, $rho=0.130, $repetition=0
Assigned runID=MonetecFocusedSmallR-975-20260930-09:00:00-58
Setting up network "dect2020scheduledaccess.DectScheduledAccessNetwork"...
Initializing...

Running simulation...
** Event #0   t=0   Elapsed: 2.3e-05s (0m 00s)
     Speed:     ev/sec=0   simsec/sec=0   ev/simsec=0
     Messages:  created: 2   present: 2   in FES: 2
** Event #106480   t=172.151750011671   Elapsed: 0.009851s (0m 00s)
     Speed:     ev/sec=0   simsec/sec=0   ev/simsec=0
     Messages:  created: 2   present: 2   in FES: 1

<!> Simulation stopped with endSimulation() -- in module (ScheduledAccessQueue) DectScheduledAccessNetwork.queue (id=2), at t=172.151750011671s, event #106480

Calling finish() at end of Run #975...

Preparing for running configuration MonetecFocusedSmallR, run #976...
Scenario: $r=20, $rho=0.130, $repetition=1
Assigned runID=MonetecFocusedSmallR-976-20260930-09:00:00-58
Setting up network "dect2020scheduledaccess.DectScheduledAccessNetwork"...
Initializing...

Running simulation...
** Event #0   t=0   Elapsed: 5e-06s (0m 00s)
     Speed:     ev/sec=0   simsec/sec=0   ev/simsec=0
     Messages:  created: 2   present: 2   in FES: 2
** Event #106323   t=172.199250011673   Elapsed: 0.011647s (0m 00s)
     Speed:     ev/sec=9.13192e+06   simsec/sec=14789.9   ev/simsec=617.443
     Messages:  created: 2   present: 2   in FES: 1

<!> Simulation stopped with endSimulation() -- in module (ScheduledAccessQueue) DectScheduledAccessNetwork.queue (id=2), at t=172.199250011673s, event #106323

Calling finish() at end of Run #976...

Preparing for running configuration MonetecFocusedSmallR, run #977...
Scenario: $r=20, $rho=0.130, $repetition=2
Assigned runID=MonetecFocusedSmallR-977-20260930-09:00:00-58
Setting up network "dect2020scheduledaccess.DectScheduledAccessNetwork"...
Initializing...

Running simulation...
** Event #0   t=0   Elapsed: 2.6e-05s (0m 00s)
     Speed:     ev/sec=0   simsec/sec=0   ev/simsec=0
     Messages:  created: 2   present: 2   in FES: 2
** Event #106537   t=172.162000011672   Elapsed: 0.009911s (0m 00s)
     Speed:     ev/sec=0   simsec/sec=0   ev/simsec=0
     Messages:  created: 2   present: 2   in FES: 1

<!> Simulation stopped with endSimulation() -- in module (ScheduledAccessQueue) DectScheduledAccessNetwork.queue (id=2), at t=172.162000011672s, event #106537

Calling finish() at end of Run #977...

Preparing for running configuration MonetecFocusedSmallR, run #978...
Scenario: $r=20, $rho=0.135, $repetition=0
Assigned runID=MonetecFocusedSmallR-978-20260930-09:00:00-58
Setting up network "dect2020scheduledaccess.DectScheduledAccessNetwork"...
Initializing...

Running simulation...
** Event #0   t=0   Elapsed: 2.1e-05s (0m 00s)
     Speed:     ev/sec=0   simsec/sec=0   ev/simsec=0
     Messages:  created: 2   present: 2   in FES: 2
** Event #108524   t=172.181250011673   Elapsed: 0.010216s (0m 00s)
     Speed:     ev/sec=1.06448e+07   simsec/sec=16888.8   ev/simsec=630.291
     Messages:  created: 2   present: 2   in FES: 1

<!> Simulation stopped with endSimulation() -- in module (ScheduledAccessQueue) DectScheduledAccessNetwork.queue (id=2), at t=172.181250011673s, event #108524

Calling finish() at end of Run #978...

Preparing for running configuration MonetecFocusedSmallR, run #979...
Scenario: $r=20, $rho=0.135, $repetition=1
Assigned runID=MonetecFocusedSmallR-979-20260930-09:00:00-58
Setting up network "dect2020scheduledaccess.DectScheduledAccessNetwork"...
Initializing...

Running simulation...
** Event #0   t=0   Elapsed: 2.2e-05s (0m 00s)
     Speed:     ev/sec=0   simsec/sec=0   ev/simsec=0
     Messages:  created: 2   present: 2   in FES: 2
** Event #108323   t=172.190250011673   Elapsed: 0.010134s (0m 00s)
     Speed:     ev/sec=1.07123e+07   simsec/sec=17028.3   ev/simsec=629.091
     Messages:  created: 2   present: 2   in FES: 1

<!> Simulation stopped with endSimulation() -- in module (ScheduledAccessQueue) DectScheduledAccessNetwork.queue (id=2), at t=172.190250011673s, event #108323

Calling finish() at end of Run #979...

Preparing for running configuration MonetecFocusedSmallR, run #980...
Scenario: $r=20, $rho=0.135, $repetition=2
Assigned runID=MonetecFocusedSmallR-980-20260930-09:00:00-58
Setting up network "dect2020scheduledaccess.DectScheduledAccessNetwork"...
Initializing...

Running simulation...
** Event #0   t=0   Elapsed: 3e-06s (0m 00s)
     Speed:     ev/sec=0   simsec/sec=0   ev/simsec=0
     Messages:  created: 2   present: 2   in FES: 2
** Event #108598   t=172.171416678339   Elapsed: 0.010253s (0m 00s)
     Speed:     ev/sec=1.05949e+07   simsec/sec=16797.2   ev/simsec=630.757
     Messages:  created: 2   present: 2   in FES: 1

<!> Simulation stopped with endSimulation() -- in module (ScheduledAccessQueue) DectScheduledAccessNetwork.queue (id=2), at t=172.171416678339s, event #108598

Calling finish() at end of Run #980...

Preparing for running configuration MonetecFocusedSmallR, run #981...
Scenario: $r=20, $rho=0.140, $repetition=0
Assigned runID=MonetecFocusedSmallR-981-20260930-09:00:00-58
Setting up network "dect2020scheduledaccess.DectScheduledAccessNetwork"...
Initializing...

Running simulation...
** Event #0   t=0   Elapsed: 1.9e-05s (0m 00s)
     Speed:     ev/sec=0   simsec/sec=0   ev/simsec=0
     Messages:  created: 2   present: 2   in FES: 2
** Event #110611   t=172.171833345006   Elapsed: 0.010206s (0m 00s)
     Speed:     ev/sec=1.08581e+07   simsec/sec=16901.1   ev/simsec=642.446
     Messages:  created: 2   present: 2   in FES: 1

<!> Simulation stopped with endSimulation() -- in module (ScheduledAccessQueue) DectScheduledAccessNetwork.queue (id=2), at t=172.171833345006s, event #110611

Calling finish() at end of Run #981...

Preparing for running configuration MonetecFocusedSmallR, run #982...
Scenario: $r=20, $rho=0.140, $repetition=1
Assigned runID=MonetecFocusedSmallR-982-20260930-09:00:00-58
Setting up network "dect2020scheduledaccess.DectScheduledAccessNetwork"...
Initializing...

Running simulation...
** Event #0   t=0   Elapsed: 1.5e-05s (0m 00s)
     Speed:     ev/sec=0   simsec/sec=0   ev/simsec=0
     Messages:  created: 2   present: 2   in FES: 2
** Event #110401   t=172.19966667834   Elapsed: 0.010288s (0m 00s)
     Speed:     ev/sec=1.07478e+07   simsec/sec=16763.9   ev/simsec=641.124
     Messages:  created: 2   present: 2   in FES: 1

<!> Simulation stopped with endSimulation() -- in module (ScheduledAccessQueue) DectScheduledAccessNetwork.queue (id=2), at t=172.19966667834s, event #110401

Calling finish() at end of Run #982...

Preparing for running configuration MonetecFocusedSmallR, run #983...
Scenario: $r=20, $rho=0.140, $repetition=2
Assigned runID=MonetecFocusedSmallR-983-20260930-09:00:00-58
Setting up network "dect2020scheduledaccess.DectScheduledAccessNetwork"...
Initializing...

Running simulation...
** Event #0   t=0   Elapsed: 3e-06s (0m 00s)
     Speed:     ev/sec=0   simsec/sec=0   ev/simsec=0
     Messages:  created: 2   present: 2   in FES: 2
** Event #110582   t=172.162000011672   Elapsed: 0.010342s (0m 00s)
     Speed:     ev/sec=1.06956e+07   simsec/sec=16651.7   ev/simsec=642.315
     Messages:  created: 2   present: 2   in FES: 1

<!> Simulation stopped with endSimulation() -- in module (ScheduledAccessQueue) DectScheduledAccessNetwork.queue (id=2), at t=172.162000011672s, event #110582

Calling finish() at end of Run #983...

Preparing for running configuration MonetecFocusedSmallR, run #984...
Scenario: $r=20, $rho=0.145, $repetition=0
Assigned runID=MonetecFocusedSmallR-984-20260930-09:00:00-58
Setting up network "dect2020scheduledaccess.DectScheduledAccessNetwork"...
Initializing...

Running simulation...
** Event #0   t=0   Elapsed: 3e-06s (0m 00s)
     Speed:     ev/sec=0   simsec/sec=0   ev/simsec=0
     Messages:  created: 2   present: 2   in FES: 2
** Event #112610   t=172.171833345006   Elapsed: 0.010614s (0m 00s)
     Speed:     ev/sec=1.06136e+07   simsec/sec=16227.3   ev/simsec=654.057
     Messages:  created: 2   present: 2   in FES: 1

<!> Simulation stopped with endSimulation() -- in module (ScheduledAccessQueue) DectScheduledAccessNetwork.queue (id=2), at t=172.171833345006s, event #112610

Calling finish() at end of Run #984...

Preparing for running configuration MonetecFocusedSmallR, run #985...
Scenario: $r=20, $rho=0.145, $repetition=1
Assigned runID=MonetecFocusedSmallR-985-20260930-09:00:00-58
Setting up network "dect2020scheduledaccess.DectScheduledAccessNetwork"...
Initializing...

Running simulation...
** Event #0   t=0   Elapsed: 3e-06s (0m 00s)
     Speed:     ev/sec=0   simsec/sec=0   ev/simsec=0
     Messages:  created: 2   present: 2   in FES: 2
** Event #112529   t=172.190250011673   Elapsed: 0.01068s (0m 00s)
     Speed:     ev/sec=1.05404e+07   simsec/sec=16128.7   ev/simsec=653.517
     Messages:  created: 2   present: 2   in FES: 1

<!> Simulation stopped with endSimulation() -- in module (ScheduledAccessQueue) DectScheduledAccessNetwork.queue (id=2), at t=172.190250011673s, event #112529

Calling finish() at end of Run #985...

Preparing for running configuration MonetecFocusedSmallR, run #986...
Scenario: $r=20, $rho=0.145, $repetition=2
Assigned runID=MonetecFocusedSmallR-986-20260930-09:00:00-58
Setting up network "dect2020scheduledaccess.DectScheduledAccessNetwork"...
Initializing...

Running simulation...
** Event #0   t=0   Elapsed: 3e-06s (0m 00s)
     Speed:     ev/sec=0   simsec/sec=0   ev/simsec=0
     Messages:  created: 2   present: 2   in FES: 2
** Event #112684   t=172.161583345005   Elapsed: 0.010396s (0m 00s)
     Speed:     ev/sec=1.08423e+07   simsec/sec=16565.1   ev/simsec=654.526
     Messages:  created: 2   present: 2   in FES: 1

<!> Simulation stopped with endSimulation() -- in module (ScheduledAccessQueue) DectScheduledAccessNetwork.queue (id=2), at t=172.161583345005s, event #112684

Calling finish() at end of Run #986...

Preparing for running configuration MonetecFocusedSmallR, run #987...
Scenario: $r=20, $rho=0.150, $repetition=0
Assigned runID=MonetecFocusedSmallR-987-20260930-09:00:00-58
Setting up network "dect2020scheduledaccess.DectScheduledAccessNetwork"...
Initializing...

Running simulation...
** Event #0   t=0   Elapsed: 3e-05s (0m 00s)
     Speed:     ev/sec=0   simsec/sec=0   ev/simsec=0
     Messages:  created: 2   present: 2   in FES: 2
** Event #114772   t=172.171833345006   Elapsed: 0.01083s (0m 00s)
     Speed:     ev/sec=1.0627e+07   simsec/sec=15941.8   ev/simsec=666.615
     Messages:  created: 2   present: 2   in FES: 1

<!> Simulation stopped with endSimulation() -- in module (ScheduledAccessQueue) DectScheduledAccessNetwork.queue (id=2), at t=172.171833345006s, event #114772

Calling finish() at end of Run #987...

Preparing for running configuration MonetecFocusedSmallR, run #988...
Scenario: $r=20, $rho=0.150, $repetition=1
Assigned runID=MonetecFocusedSmallR-988-20260930-09:00:00-58
Setting up network "dect2020scheduledaccess.DectScheduledAccessNetwork"...
Initializing...

Running simulation...
** Event #0   t=0   Elapsed: 3e-06s (0m 00s)
     Speed:     ev/sec=0   simsec/sec=0   ev/simsec=0
     Messages:  created: 2   present: 2   in FES: 2
** Event #114620   t=172.180416678339   Elapsed: 0.010887s (0m 00s)
     Speed:     ev/sec=1.05311e+07   simsec/sec=15819.6   ev/simsec=665.699
     Messages:  created: 2   present: 2   in FES: 1

<!> Simulation stopped with endSimulation() -- in module (ScheduledAccessQueue) DectScheduledAccessNetwork.queue (id=2), at t=172.180416678339s, event #114620

Calling finish() at end of Run #988...

Preparing for running configuration MonetecFocusedSmallR, run #989...
Scenario: $r=20, $rho=0.150, $repetition=2
Assigned runID=MonetecFocusedSmallR-989-20260930-09:00:00-58
Setting up network "dect2020scheduledaccess.DectScheduledAccessNetwork"...
Initializing...

Running simulation...
** Event #0   t=0   Elapsed: 3e-06s (0m 00s)
     Speed:     ev/sec=0   simsec/sec=0   ev/simsec=0
     Messages:  created: 2   present: 2   in FES: 2
** Event #114809   t=172.171833345006   Elapsed: 0.010867s (0m 00s)
     Speed:     ev/sec=1.05669e+07   simsec/sec=15846.4   ev/simsec=666.83
     Messages:  created: 2   present: 2   in FES: 1

<!> Simulation stopped with endSimulation() -- in module (ScheduledAccessQueue) DectScheduledAccessNetwork.queue (id=2), at t=172.171833345006s, event #114809

Calling finish() at end of Run #989...

Preparing for running configuration MonetecFocusedSmallR, run #990...
Scenario: $r=20, $rho=0.155, $repetition=0
Assigned runID=MonetecFocusedSmallR-990-20260930-09:00:00-58
Setting up network "dect2020scheduledaccess.DectScheduledAccessNetwork"...
Initializing...

Running simulation...
** Event #0   t=0   Elapsed: 4e-06s (0m 00s)
     Speed:     ev/sec=0   simsec/sec=0   ev/simsec=0
     Messages:  created: 2   present: 2   in FES: 2
** Event #116840   t=172.181250011673   Elapsed: 0.010936s (0m 00s)
     Speed:     ev/sec=1.06879e+07   simsec/sec=15750.2   ev/simsec=678.589
     Messages:  created: 2   present: 2   in FES: 1

<!> Simulation stopped with endSimulation() -- in module (ScheduledAccessQueue) DectScheduledAccessNetwork.queue (id=2), at t=172.181250011673s, event #116840

Calling finish() at end of Run #990...

Preparing for running configuration MonetecFocusedSmallR, run #991...
Scenario: $r=20, $rho=0.155, $repetition=1
Assigned runID=MonetecFocusedSmallR-991-20260930-09:00:00-58
Setting up network "dect2020scheduledaccess.DectScheduledAccessNetwork"...
Initializing...

Running simulation...
** Event #0   t=0   Elapsed: 3e-06s (0m 00s)
     Speed:     ev/sec=0   simsec/sec=0   ev/simsec=0
     Messages:  created: 2   present: 2   in FES: 2
** Event #116769   t=172.19966667834   Elapsed: 0.011033s (0m 00s)
     Speed:     ev/sec=1.05865e+07   simsec/sec=15611.9   ev/simsec=678.103
     Messages:  created: 2   present: 2   in FES: 1

<!> Simulation stopped with endSimulation() -- in module (ScheduledAccessQueue) DectScheduledAccessNetwork.queue (id=2), at t=172.19966667834s, event #116769

Calling finish() at end of Run #991...

Preparing for running configuration MonetecFocusedSmallR, run #992...
Scenario: $r=20, $rho=0.155, $repetition=2
Assigned runID=MonetecFocusedSmallR-992-20260930-09:00:00-58
Setting up network "dect2020scheduledaccess.DectScheduledAccessNetwork"...
Initializing...

Running simulation...
** Event #0   t=0   Elapsed: 1.9e-05s (0m 00s)
     Speed:     ev/sec=0   simsec/sec=0   ev/simsec=0
     Messages:  created: 2   present: 2   in FES: 2
** Event #116859   t=172.171833345006   Elapsed: 0.011118s (0m 00s)
     Speed:     ev/sec=1.05278e+07   simsec/sec=15510.9   ev/simsec=678.736
     Messages:  created: 2   present: 2   in FES: 1

<!> Simulation stopped with endSimulation() -- in module (ScheduledAccessQueue) DectScheduledAccessNetwork.queue (id=2), at t=172.171833345006s, event #116859

Calling finish() at end of Run #992...

Preparing for running configuration MonetecFocusedSmallR, run #993...
Scenario: $r=20, $rho=0.160, $repetition=0
Assigned runID=MonetecFocusedSmallR-993-20260930-09:00:00-58
Setting up network "dect2020scheduledaccess.DectScheduledAccessNetwork"...
Initializing...

Running simulation...
** Event #0   t=0   Elapsed: 3e-06s (0m 00s)
     Speed:     ev/sec=0   simsec/sec=0   ev/simsec=0
     Messages:  created: 2   present: 2   in FES: 2
** Event #118966   t=172.171833345006   Elapsed: 0.011122s (0m 00s)
     Speed:     ev/sec=1.06984e+07   simsec/sec=15483   ev/simsec=690.974
     Messages:  created: 2   present: 2   in FES: 1

<!> Simulation stopped with endSimulation() -- in module (ScheduledAccessQueue) DectScheduledAccessNetwork.queue (id=2), at t=172.171833345006s, event #118966

Calling finish() at end of Run #993...

Preparing for running configuration MonetecFocusedSmallR, run #994...
Scenario: $r=20, $rho=0.160, $repetition=1
Assigned runID=MonetecFocusedSmallR-994-20260930-09:00:00-58
Setting up network "dect2020scheduledaccess.DectScheduledAccessNetwork"...
Initializing...

Running simulation...
** Event #0   t=0   Elapsed: 4.2e-05s (0m 00s)
     Speed:     ev/sec=0   simsec/sec=0   ev/simsec=0
     Messages:  created: 2   present: 2   in FES: 2
** Event #118766   t=172.180833345006   Elapsed: 0.011271s (0m 00s)
     Speed:     ev/sec=1.05758e+07   simsec/sec=15332.2   ev/simsec=689.776
     Messages:  created: 2   present: 2   in FES: 1

<!> Simulation stopped with endSimulation() -- in module (ScheduledAccessQueue) DectScheduledAccessNetwork.queue (id=2), at t=172.180833345006s, event #118766

Calling finish() at end of Run #994...

Preparing for running configuration MonetecFocusedSmallR, run #995...
Scenario: $r=20, $rho=0.160, $repetition=2
Assigned runID=MonetecFocusedSmallR-995-20260930-09:00:01-58
Setting up network "dect2020scheduledaccess.DectScheduledAccessNetwork"...
Initializing...

Running simulation...
** Event #0   t=0   Elapsed: 3e-06s (0m 00s)
     Speed:     ev/sec=0   simsec/sec=0   ev/simsec=0
     Messages:  created: 2   present: 2   in FES: 2
** Event #118936   t=172.171833345006   Elapsed: 0.011146s (0m 00s)
     Speed:     ev/sec=1.06736e+07   simsec/sec=15451.1   ev/simsec=690.799
     Messages:  created: 2   present: 2   in FES: 1

<!> Simulation stopped with endSimulation() -- in module (ScheduledAccessQueue) DectScheduledAccessNetwork.queue (id=2), at t=172.171833345006s, event #118936

Calling finish() at end of Run #995...

Preparing for running configuration MonetecFocusedSmallR, run #996...
Scenario: $r=20, $rho=0.165, $repetition=0
Assigned runID=MonetecFocusedSmallR-996-20260930-09:00:01-58
Setting up network "dect2020scheduledaccess.DectScheduledAccessNetwork"...
Initializing...

Running simulation...
** Event #0   t=0   Elapsed: 3e-06s (0m 00s)
     Speed:     ev/sec=0   simsec/sec=0   ev/simsec=0
     Messages:  created: 2   present: 2   in FES: 2
** Event #121128   t=172.171833345006   Elapsed: 0.011375s (0m 00s)
     Speed:     ev/sec=1.06505e+07   simsec/sec=15138.6   ev/simsec=703.531
     Messages:  created: 2   present: 2   in FES: 1

<!> Simulation stopped with endSimulation() -- in module (ScheduledAccessQueue) DectScheduledAccessNetwork.queue (id=2), at t=172.171833345006s, event #121128

Calling finish() at end of Run #996...

Preparing for running configuration MonetecFocusedSmallR, run #997...
Scenario: $r=20, $rho=0.165, $repetition=1
Assigned runID=MonetecFocusedSmallR-997-20260930-09:00:01-58
Setting up network "dect2020scheduledaccess.DectScheduledAccessNetwork"...
Initializing...

Running simulation...
** Event #0   t=0   Elapsed: 3e-06s (0m 00s)
     Speed:     ev/sec=0   simsec/sec=0   ev/simsec=0
     Messages:  created: 2   present: 2   in FES: 2
** Event #120865   t=172.190250011673   Elapsed: 0.011493s (0m 00s)
     Speed:     ev/sec=1.05201e+07   simsec/sec=14987.4   ev/simsec=701.929
     Messages:  created: 2   present: 2   in FES: 1

<!> Simulation stopped with endSimulation() -- in module (ScheduledAccessQueue) DectScheduledAccessNetwork.queue (id=2), at t=172.190250011673s, event #120865

Calling finish() at end of Run #997...

Preparing for running configuration MonetecFocusedSmallR, run #998...
Scenario: $r=20, $rho=0.165, $repetition=2
Assigned runID=MonetecFocusedSmallR-998-20260930-09:00:01-58
Setting up network "dect2020scheduledaccess.DectScheduledAccessNetwork"...
Initializing...

Running simulation...
** Event #0   t=0   Elapsed: 4e-06s (0m 00s)
     Speed:     ev/sec=0   simsec/sec=0   ev/simsec=0
     Messages:  created: 2   present: 2   in FES: 2
** Event #120997   t=172.171833345006   Elapsed: 0.011291s (0m 00s)
     Speed:     ev/sec=1.0721e+07   simsec/sec=15255.3   ev/simsec=702.771
     Messages:  created: 2   present: 2   in FES: 1

<!> Simulation stopped with endSimulation() -- in module (ScheduledAccessQueue) DectScheduledAccessNetwork.queue (id=2), at t=172.171833345006s, event #120997

Calling finish() at end of Run #998...

Preparing for running configuration MonetecFocusedSmallR, run #999...
Scenario: $r=20, $rho=0.170, $repetition=0
Assigned runID=MonetecFocusedSmallR-999-20260930-09:00:01-58
Setting up network "dect2020scheduledaccess.DectScheduledAccessNetwork"...
Initializing...

Running simulation...
** Event #0   t=0   Elapsed: 2.2e-05s (0m 00s)
     Speed:     ev/sec=0   simsec/sec=0   ev/simsec=0
     Messages:  created: 2   present: 2   in FES: 2
** Event #123260   t=172.181250011673   Elapsed: 0.011568s (0m 00s)
     Speed:     ev/sec=1.06746e+07   simsec/sec=14911.3   ev/simsec=715.875
     Messages:  created: 2   present: 2   in FES: 1

<!> Simulation stopped with endSimulation() -- in module (ScheduledAccessQueue) DectScheduledAccessNetwork.queue (id=2), at t=172.181250011673s, event #123260

Calling finish() at end of Run #999...

Preparing for running configuration MonetecFocusedSmallR, run #1000...
Scenario: $r=20, $rho=0.170, $repetition=1
Assigned runID=MonetecFocusedSmallR-1000-20260930-09:00:01-58
Setting up network "dect2020scheduledaccess.DectScheduledAccessNetwork"...
Initializing...

Running simulation...
** Event #0   t=0   Elapsed: 3e-06s (0m 00s)
     Speed:     ev/sec=0   simsec/sec=0   ev/simsec=0
     Messages:  created: 2   present: 2   in FES: 2
** Event #122903   t=172.180833345006   Elapsed: 0.01161s (0m 00s)
     Speed:     ev/sec=1.05896e+07   simsec/sec=14835.5   ev/simsec=713.804
     Messages:  created: 2   present: 2   in FES: 1

<!> Simulation stopped with endSimulation() -- in module (ScheduledAccessQueue) DectScheduledAccessNetwork.queue (id=2), at t=172.180833345006s, event #122903

Calling finish() at end of Run #1000...

Preparing for running configuration MonetecFocusedSmallR, run #1001...
Scenario: $r=20, $rho=0.170, $repetition=2
Assigned runID=MonetecFocusedSmallR-1001-20260930-09:00:01-58
Setting up network "dect2020scheduledaccess.DectScheduledAccessNetwork"...
Initializing...

Running simulation...
** Event #0   t=0   Elapsed: 3e-06s (0m 00s)
     Speed:     ev/sec=0   simsec/sec=0   ev/simsec=0
     Messages:  created: 2   present: 2   in FES: 2
** Event #123043   t=172.171833345006   Elapsed: 0.012157s (0m 00s)
     Speed:     ev/sec=1.0127e+07   simsec/sec=14170.5   ev/simsec=714.654
     Messages:  created: 2   present: 2   in FES: 1

<!> Simulation stopped with endSimulation() -- in module (ScheduledAccessQueue) DectScheduledAccessNetwork.queue (id=2), at t=172.171833345006s, event #123043

Calling finish() at end of Run #1001...

Preparing for running configuration MonetecFocusedSmallR, run #1002...
Scenario: $r=20, $rho=0.175, $repetition=0
Assigned runID=MonetecFocusedSmallR-1002-20260930-09:00:01-58
Setting up network "dect2020scheduledaccess.DectScheduledAccessNetwork"...
Initializing...

Running simulation...
** Event #0   t=0   Elapsed: 2.4e-05s (0m 00s)
     Speed:     ev/sec=0   simsec/sec=0   ev/simsec=0
     Messages:  created: 2   present: 2   in FES: 2
** Event #125325   t=172.171833345006   Elapsed: 0.011864s (0m 00s)
     Speed:     ev/sec=1.05858e+07   simsec/sec=14542.7   ev/simsec=727.908
     Messages:  created: 2   present: 2   in FES: 1

<!> Simulation stopped with endSimulation() -- in module (ScheduledAccessQueue) DectScheduledAccessNetwork.queue (id=2), at t=172.171833345006s, event #125325

Calling finish() at end of Run #1002...

Preparing for running configuration MonetecFocusedSmallR, run #1003...
Scenario: $r=20, $rho=0.175, $repetition=1
Assigned runID=MonetecFocusedSmallR-1003-20260930-09:00:01-58
Setting up network "dect2020scheduledaccess.DectScheduledAccessNetwork"...
Initializing...

Running simulation...
** Event #0   t=0   Elapsed: 3e-06s (0m 00s)
     Speed:     ev/sec=0   simsec/sec=0   ev/simsec=0
     Messages:  created: 2   present: 2   in FES: 2
** Event #124949   t=172.181250011673   Elapsed: 0.01183s (0m 00s)
     Speed:     ev/sec=1.05656e+07   simsec/sec=14559.5   ev/simsec=725.685
     Messages:  created: 2   present: 2   in FES: 1

<!> Simulation stopped with endSimulation() -- in module (ScheduledAccessQueue) DectScheduledAccessNetwork.queue (id=2), at t=172.181250011673s, event #124949

Calling finish() at end of Run #1003...

Preparing for running configuration MonetecFocusedSmallR, run #1004...
Scenario: $r=20, $rho=0.175, $repetition=2
Assigned runID=MonetecFocusedSmallR-1004-20260930-09:00:01-58
Setting up network "dect2020scheduledaccess.DectScheduledAccessNetwork"...
Initializing...

Running simulation...
** Event #0   t=0   Elapsed: 3e-06s (0m 00s)
     Speed:     ev/sec=0   simsec/sec=0   ev/simsec=0
     Messages:  created: 2   present: 2   in FES: 2
** Event #125073   t=172.171833345006   Elapsed: 0.011777s (0m 00s)
     Speed:     ev/sec=1.06228e+07   simsec/sec=14623   ev/simsec=726.445
     Messages:  created: 2   present: 2   in FES: 1

<!> Simulation stopped with endSimulation() -- in module (ScheduledAccessQueue) DectScheduledAccessNetwork.queue (id=2), at t=172.171833345006s, event #125073

Calling finish() at end of Run #1004...

Preparing for running configuration MonetecFocusedSmallR, run #1005...
Scenario: $r=20, $rho=0.180, $repetition=0
Assigned runID=MonetecFocusedSmallR-1005-20260930-09:00:01-58
Setting up network "dect2020scheduledaccess.DectScheduledAccessNetwork"...
Initializing...

Running simulation...
** Event #0   t=0   Elapsed: 2.8e-05s (0m 00s)
     Speed:     ev/sec=0   simsec/sec=0   ev/simsec=0
     Messages:  created: 2   present: 2   in FES: 2
** Event #127437   t=172.181250011673   Elapsed: 0.012063s (0m 00s)
     Speed:     ev/sec=1.05889e+07   simsec/sec=14306.7   ev/simsec=740.135
     Messages:  created: 2   present: 2   in FES: 1

<!> Simulation stopped with endSimulation() -- in module (ScheduledAccessQueue) DectScheduledAccessNetwork.queue (id=2), at t=172.181250011673s, event #127437

Calling finish() at end of Run #1005...

Preparing for running configuration MonetecFocusedSmallR, run #1006...
Scenario: $r=20, $rho=0.180, $repetition=1
Assigned runID=MonetecFocusedSmallR-1006-20260930-09:00:01-58
Setting up network "dect2020scheduledaccess.DectScheduledAccessNetwork"...
Initializing...

Running simulation...
** Event #0   t=0   Elapsed: 3e-06s (0m 00s)
     Speed:     ev/sec=0   simsec/sec=0   ev/simsec=0
     Messages:  created: 2   present: 2   in FES: 2
** Event #127068   t=172.181250011673   Elapsed: 0.012188s (0m 00s)
     Speed:     ev/sec=1.04282e+07   simsec/sec=14130.6   ev/simsec=737.992
     Messages:  created: 2   present: 2   in FES: 1

<!> Simulation stopped with endSimulation() -- in module (ScheduledAccessQueue) DectScheduledAccessNetwork.queue (id=2), at t=172.181250011673s, event #127068

Calling finish() at end of Run #1006...

Preparing for running configuration MonetecFocusedSmallR, run #1007...
Scenario: $r=20, $rho=0.180, $repetition=2
Assigned runID=MonetecFocusedSmallR-1007-20260930-09:00:01-58
Setting up network "dect2020scheduledaccess.DectScheduledAccessNetwork"...
Initializing...

Running simulation...
** Event #0   t=0   Elapsed: 4e-06s (0m 00s)
     Speed:     ev/sec=0   simsec/sec=0   ev/simsec=0
     Messages:  created: 2   present: 2   in FES: 2
** Event #127142   t=172.181250011673   Elapsed: 0.01211s (0m 00s)
     Speed:     ev/sec=1.05024e+07   simsec/sec=14222.8   ev/simsec=738.421
     Messages:  created: 2   present: 2   in FES: 1

<!> Simulation stopped with endSimulation() -- in module (ScheduledAccessQueue) DectScheduledAccessNetwork.queue (id=2), at t=172.181250011673s, event #127142

Calling finish() at end of Run #1007...

Preparing for running configuration MonetecFocusedSmallR, run #1008...
Scenario: $r=20, $rho=0.185, $repetition=0
Assigned runID=MonetecFocusedSmallR-1008-20260930-09:00:01-58
Setting up network "dect2020scheduledaccess.DectScheduledAccessNetwork"...
Initializing...

Running simulation...
** Event #0   t=0   Elapsed: 3e-06s (0m 00s)
     Speed:     ev/sec=0   simsec/sec=0   ev/simsec=0
     Messages:  created: 2   present: 2   in FES: 2
** Event #129455   t=172.181250011673   Elapsed: 0.01213s (0m 00s)
     Speed:     ev/sec=1.06749e+07   simsec/sec=14198.1   ev/simsec=751.855
     Messages:  created: 2   present: 2   in FES: 1

<!> Simulation stopped with endSimulation() -- in module (ScheduledAccessQueue) DectScheduledAccessNetwork.queue (id=2), at t=172.181250011673s, event #129455

Calling finish() at end of Run #1008...

Preparing for running configuration MonetecFocusedSmallR, run #1009...
Scenario: $r=20, $rho=0.185, $repetition=1
Assigned runID=MonetecFocusedSmallR-1009-20260930-09:00:01-58
Setting up network "dect2020scheduledaccess.DectScheduledAccessNetwork"...
Initializing...

Running simulation...
** Event #0   t=0   Elapsed: 2.6e-05s (0m 00s)
     Speed:     ev/sec=0   simsec/sec=0   ev/simsec=0
     Messages:  created: 2   present: 2   in FES: 2
** Event #129206   t=172.181250011673   Elapsed: 0.012276s (0m 00s)
     Speed:     ev/sec=1.05474e+07   simsec/sec=14055.6   ev/simsec=750.408
     Messages:  created: 2   present: 2   in FES: 1

<!> Simulation stopped with endSimulation() -- in module (ScheduledAccessQueue) DectScheduledAccessNetwork.queue (id=2), at t=172.181250011673s, event #129206

Calling finish() at end of Run #1009...

Preparing for running configuration MonetecFocusedSmallR, run #1010...
Scenario: $r=20, $rho=0.185, $repetition=2
Assigned runID=MonetecFocusedSmallR-1010-20260930-09:00:01-58
Setting up network "dect2020scheduledaccess.DectScheduledAccessNetwork"...
Initializing...

Running simulation...
** Event #0   t=0   Elapsed: 3e-06s (0m 00s)
     Speed:     ev/sec=0   simsec/sec=0   ev/simsec=0
     Messages:  created: 2   present: 2   in FES: 2
** Event #129125   t=172.181250011673   Elapsed: 0.012333s (0m 00s)
     Speed:     ev/sec=1.04724e+07   simsec/sec=13964.4   ev/simsec=749.938
     Messages:  created: 2   present: 2   in FES: 1

<!> Simulation stopped with endSimulation() -- in module (ScheduledAccessQueue) DectScheduledAccessNetwork.queue (id=2), at t=172.181250011673s, event #129125

Calling finish() at end of Run #1010...

Preparing for running configuration MonetecFocusedSmallR, run #1011...
Scenario: $r=20, $rho=0.190, $repetition=0
Assigned runID=MonetecFocusedSmallR-1011-20260930-09:00:01-58
Setting up network "dect2020scheduledaccess.DectScheduledAccessNetwork"...
Initializing...

Running simulation...
** Event #0   t=0   Elapsed: 2.7e-05s (0m 00s)
     Speed:     ev/sec=0   simsec/sec=0   ev/simsec=0
     Messages:  created: 2   present: 2   in FES: 2
** Event #131450   t=172.171833345006   Elapsed: 0.012571s (0m 00s)
     Speed:     ev/sec=1.04799e+07   simsec/sec=13726.5   ev/simsec=763.483
     Messages:  created: 2   present: 2   in FES: 1

<!> Simulation stopped with endSimulation() -- in module (ScheduledAccessQueue) DectScheduledAccessNetwork.queue (id=2), at t=172.171833345006s, event #131450

Calling finish() at end of Run #1011...

Preparing for running configuration MonetecFocusedSmallR, run #1012...
Scenario: $r=20, $rho=0.190, $repetition=1
Assigned runID=MonetecFocusedSmallR-1012-20260930-09:00:01-58
Setting up network "dect2020scheduledaccess.DectScheduledAccessNetwork"...
Initializing...

Running simulation...
** Event #0   t=0   Elapsed: 2.8e-05s (0m 00s)
     Speed:     ev/sec=0   simsec/sec=0   ev/simsec=0
     Messages:  created: 2   present: 2   in FES: 2
** Event #131262   t=172.181250011673   Elapsed: 0.012476s (0m 00s)
     Speed:     ev/sec=1.05457e+07   simsec/sec=13833.1   ev/simsec=762.35
     Messages:  created: 2   present: 2   in FES: 1

<!> Simulation stopped with endSimulation() -- in module (ScheduledAccessQueue) DectScheduledAccessNetwork.queue (id=2), at t=172.181250011673s, event #131262

Calling finish() at end of Run #1012...

Preparing for running configuration MonetecFocusedSmallR, run #1013...
Scenario: $r=20, $rho=0.190, $repetition=2
Assigned runID=MonetecFocusedSmallR-1013-20260930-09:00:01-58
Setting up network "dect2020scheduledaccess.DectScheduledAccessNetwork"...
Initializing...

Running simulation...
** Event #0   t=0   Elapsed: 1.6e-05s (0m 00s)
     Speed:     ev/sec=0   simsec/sec=0   ev/simsec=0
     Messages:  created: 2   present: 2   in FES: 2
** Event #131162   t=172.171833345006   Elapsed: 0.012616s (0m 00s)
     Speed:     ev/sec=1.04105e+07   simsec/sec=13665.5   ev/simsec=761.811
     Messages:  created: 2   present: 2   in FES: 1

<!> Simulation stopped with endSimulation() -- in module (ScheduledAccessQueue) DectScheduledAccessNetwork.queue (id=2), at t=172.171833345006s, event #131162

Calling finish() at end of Run #1013...

Preparing for running configuration MonetecFocusedSmallR, run #1014...
Scenario: $r=20, $rho=0.195, $repetition=0
Assigned runID=MonetecFocusedSmallR-1014-20260930-09:00:01-58
Setting up network "dect2020scheduledaccess.DectScheduledAccessNetwork"...
Initializing...

Running simulation...
** Event #0   t=0   Elapsed: 4e-06s (0m 00s)
     Speed:     ev/sec=0   simsec/sec=0   ev/simsec=0
     Messages:  created: 2   present: 2   in FES: 2
** Event #133494   t=172.171833345006   Elapsed: 0.012572s (0m 00s)
     Speed:     ev/sec=1.06217e+07   simsec/sec=13699.2   ev/simsec=775.354
     Messages:  created: 2   present: 2   in FES: 1

<!> Simulation stopped with endSimulation() -- in module (ScheduledAccessQueue) DectScheduledAccessNetwork.queue (id=2), at t=172.171833345006s, event #133494

Calling finish() at end of Run #1014...

Preparing for running configuration MonetecFocusedSmallR, run #1015...
Scenario: $r=20, $rho=0.195, $repetition=1
Assigned runID=MonetecFocusedSmallR-1015-20260930-09:00:01-58
Setting up network "dect2020scheduledaccess.DectScheduledAccessNetwork"...
Initializing...

Running simulation...
** Event #0   t=0   Elapsed: 2.4e-05s (0m 00s)
     Speed:     ev/sec=0   simsec/sec=0   ev/simsec=0
     Messages:  created: 2   present: 2   in FES: 2
** Event #133258   t=172.181250011673   Elapsed: 0.012891s (0m 00s)
     Speed:     ev/sec=1.03582e+07   simsec/sec=13383.7   ev/simsec=773.942
     Messages:  created: 2   present: 2   in FES: 1

<!> Simulation stopped with endSimulation() -- in module (ScheduledAccessQueue) DectScheduledAccessNetwork.queue (id=2), at t=172.181250011673s, event #133258

Calling finish() at end of Run #1015...

Preparing for running configuration MonetecFocusedSmallR, run #1016...
Scenario: $r=20, $rho=0.195, $repetition=2
Assigned runID=MonetecFocusedSmallR-1016-20260930-09:00:01-58
Setting up network "dect2020scheduledaccess.DectScheduledAccessNetwork"...
Initializing...

Running simulation...
** Event #0   t=0   Elapsed: 2.3e-05s (0m 00s)
     Speed:     ev/sec=0   simsec/sec=0   ev/simsec=0
     Messages:  created: 2   present: 2   in FES: 2
** Event #133168   t=172.171833345006   Elapsed: 0.01277s (0m 00s)
     Speed:     ev/sec=1.04478e+07   simsec/sec=13507.9   ev/simsec=773.46
     Messages:  created: 2   present: 2   in FES: 1

<!> Simulation stopped with endSimulation() -- in module (ScheduledAccessQueue) DectScheduledAccessNetwork.queue (id=2), at t=172.171833345006s, event #133168

Calling finish() at end of Run #1016...

Preparing for running configuration MonetecFocusedSmallR, run #1017...
Scenario: $r=20, $rho=0.200, $repetition=0
Assigned runID=MonetecFocusedSmallR-1017-20260930-09:00:01-58
Setting up network "dect2020scheduledaccess.DectScheduledAccessNetwork"...
Initializing...

Running simulation...
** Event #0   t=0   Elapsed: 2.8e-05s (0m 00s)
     Speed:     ev/sec=0   simsec/sec=0   ev/simsec=0
     Messages:  created: 2   present: 2   in FES: 2
** Event #135565   t=172.171833345006   Elapsed: 0.012918s (0m 00s)
     Speed:     ev/sec=1.05179e+07   simsec/sec=13358   ev/simsec=787.384
     Messages:  created: 2   present: 2   in FES: 1

<!> Simulation stopped with endSimulation() -- in module (ScheduledAccessQueue) DectScheduledAccessNetwork.queue (id=2), at t=172.171833345006s, event #135565

Calling finish() at end of Run #1017...

Preparing for running configuration MonetecFocusedSmallR, run #1018...
Scenario: $r=20, $rho=0.200, $repetition=1
Assigned runID=MonetecFocusedSmallR-1018-20260930-09:00:01-58
Setting up network "dect2020scheduledaccess.DectScheduledAccessNetwork"...
Initializing...

Running simulation...
** Event #0   t=0   Elapsed: 3e-05s (0m 00s)
     Speed:     ev/sec=0   simsec/sec=0   ev/simsec=0
     Messages:  created: 2   present: 2   in FES: 2
** Event #135327   t=172.181250011673   Elapsed: 0.013005s (0m 00s)
     Speed:     ev/sec=1.04306e+07   simsec/sec=13271.2   ev/simsec=785.959
     Messages:  created: 2   present: 2   in FES: 1

<!> Simulation stopped with endSimulation() -- in module (ScheduledAccessQueue) DectScheduledAccessNetwork.queue (id=2), at t=172.181250011673s, event #135327

Calling finish() at end of Run #1018...

Preparing for running configuration MonetecFocusedSmallR, run #1019...
Scenario: $r=20, $rho=0.200, $repetition=2
Assigned runID=MonetecFocusedSmallR-1019-20260930-09:00:01-58
Setting up network "dect2020scheduledaccess.DectScheduledAccessNetwork"...
Initializing...

Running simulation...
** Event #0   t=0   Elapsed: 2.7e-05s (0m 00s)
     Speed:     ev/sec=0   simsec/sec=0   ev/simsec=0
     Messages:  created: 2   present: 2   in FES: 2
** Event #135220   t=172.18166667834   Elapsed: 0.01289s (0m 00s)
     Speed:     ev/sec=1.05123e+07   simsec/sec=13385.8   ev/simsec=785.335
     Messages:  created: 2   present: 2   in FES: 1

<!> Simulation stopped with endSimulation() -- in module (ScheduledAccessQueue) DectScheduledAccessNetwork.queue (id=2), at t=172.18166667834s, event #135220

Calling finish() at end of Run #1019...

Preparing for running configuration MonetecFocusedSmallR, run #1020...
Scenario: $r=20, $rho=0.205, $repetition=0
Assigned runID=MonetecFocusedSmallR-1020-20260930-09:00:01-58
Setting up network "dect2020scheduledaccess.DectScheduledAccessNetwork"...
Initializing...

Running simulation...
** Event #0   t=0   Elapsed: 4e-06s (0m 00s)
     Speed:     ev/sec=0   simsec/sec=0   ev/simsec=0
     Messages:  created: 2   present: 2   in FES: 2
** Event #137575   t=172.171833345006   Elapsed: 0.013947s (0m 00s)
     Speed:     ev/sec=9.86767e+06   simsec/sec=12349.1   ev/simsec=799.058
     Messages:  created: 2   present: 2   in FES: 1

<!> Simulation stopped with endSimulation() -- in module (ScheduledAccessQueue) DectScheduledAccessNetwork.queue (id=2), at t=172.171833345006s, event #137575

Calling finish() at end of Run #1020...

Preparing for running configuration MonetecFocusedSmallR, run #1021...
Scenario: $r=20, $rho=0.205, $repetition=1
Assigned runID=MonetecFocusedSmallR-1021-20260930-09:00:01-58
Setting up network "dect2020scheduledaccess.DectScheduledAccessNetwork"...
Initializing...

Running simulation...
** Event #0   t=0   Elapsed: 4e-06s (0m 00s)
     Speed:     ev/sec=0   simsec/sec=0   ev/simsec=0
     Messages:  created: 2   present: 2   in FES: 2
** Event #137404   t=172.181250011673   Elapsed: 0.01294s (0m 00s)
     Speed:     ev/sec=1.06235e+07   simsec/sec=13312.3   ev/simsec=798.021
     Messages:  created: 2   present: 2   in FES: 1

<!> Simulation stopped with endSimulation() -- in module (ScheduledAccessQueue) DectScheduledAccessNetwork.queue (id=2), at t=172.181250011673s, event #137404

Calling finish() at end of Run #1021...

Preparing for running configuration MonetecFocusedSmallR, run #1022...
Scenario: $r=20, $rho=0.205, $repetition=2
Assigned runID=MonetecFocusedSmallR-1022-20260930-09:00:01-58
Setting up network "dect2020scheduledaccess.DectScheduledAccessNetwork"...
Initializing...

Running simulation...
** Event #0   t=0   Elapsed: 3e-06s (0m 00s)
     Speed:     ev/sec=0   simsec/sec=0   ev/simsec=0
     Messages:  created: 2   present: 2   in FES: 2
** Event #137324   t=172.181250011673   Elapsed: 0.012958s (0m 00s)
     Speed:     ev/sec=1.06009e+07   simsec/sec=13291.7   ev/simsec=797.557
     Messages:  created: 2   present: 2   in FES: 1

<!> Simulation stopped with endSimulation() -- in module (ScheduledAccessQueue) DectScheduledAccessNetwork.queue (id=2), at t=172.181250011673s, event #137324

Calling finish() at end of Run #1022...

Preparing for running configuration MonetecFocusedSmallR, run #1023...
Scenario: $r=20, $rho=0.210, $repetition=0
Assigned runID=MonetecFocusedSmallR-1023-20260930-09:00:01-58
Setting up network "dect2020scheduledaccess.DectScheduledAccessNetwork"...
Initializing...

Running simulation...
** Event #0   t=0   Elapsed: 2.4e-05s (0m 00s)
     Speed:     ev/sec=0   simsec/sec=0   ev/simsec=0
     Messages:  created: 2   present: 2   in FES: 2
** Event #139732   t=172.181250011673   Elapsed: 0.013301s (0m 00s)
     Speed:     ev/sec=1.05244e+07   simsec/sec=12968.4   ev/simsec=811.542
     Messages:  created: 2   present: 2   in FES: 1

<!> Simulation stopped with endSimulation() -- in module (ScheduledAccessQueue) DectScheduledAccessNetwork.queue (id=2), at t=172.181250011673s, event #139732

Calling finish() at end of Run #1023...

Preparing for running configuration MonetecFocusedSmallR, run #1024...
Scenario: $r=20, $rho=0.210, $repetition=1
Assigned runID=MonetecFocusedSmallR-1024-20260930-09:00:01-58
Setting up network "dect2020scheduledaccess.DectScheduledAccessNetwork"...
Initializing...

Running simulation...
** Event #0   t=0   Elapsed: 3e-06s (0m 00s)
     Speed:     ev/sec=0   simsec/sec=0   ev/simsec=0
     Messages:  created: 2   present: 2   in FES: 2
** Event #139400   t=172.181250011673   Elapsed: 0.013133s (0m 00s)
     Speed:     ev/sec=1.06177e+07   simsec/sec=13114.6   ev/simsec=809.613
     Messages:  created: 2   present: 2   in FES: 1

<!> Simulation stopped with endSimulation() -- in module (ScheduledAccessQueue) DectScheduledAccessNetwork.queue (id=2), at t=172.181250011673s, event #139400

Calling finish() at end of Run #1024...

Preparing for running configuration MonetecFocusedSmallR, run #1025...
Scenario: $r=20, $rho=0.210, $repetition=2
Assigned runID=MonetecFocusedSmallR-1025-20260930-09:00:01-58
Setting up network "dect2020scheduledaccess.DectScheduledAccessNetwork"...
Initializing...

Running simulation...
** Event #0   t=0   Elapsed: 2.2e-05s (0m 00s)
     Speed:     ev/sec=0   simsec/sec=0   ev/simsec=0
     Messages:  created: 2   present: 2   in FES: 2
** Event #139401   t=172.171833345006   Elapsed: 0.013327s (0m 00s)
     Speed:     ev/sec=1.04781e+07   simsec/sec=12941.3   ev/simsec=809.664
     Messages:  created: 2   present: 2   in FES: 1

<!> Simulation stopped with endSimulation() -- in module (ScheduledAccessQueue) DectScheduledAccessNetwork.queue (id=2), at t=172.171833345006s, event #139401

Calling finish() at end of Run #1025...

Preparing for running configuration MonetecFocusedSmallR, run #1026...
Scenario: $r=20, $rho=0.215, $repetition=0
Assigned runID=MonetecFocusedSmallR-1026-20260930-09:00:01-58
Setting up network "dect2020scheduledaccess.DectScheduledAccessNetwork"...
Initializing...

Running simulation...
** Event #0   t=0   Elapsed: 2.5e-05s (0m 00s)
     Speed:     ev/sec=0   simsec/sec=0   ev/simsec=0
     Messages:  created: 2   present: 2   in FES: 2
** Event #141816   t=172.171833345006   Elapsed: 0.013529s (0m 00s)
     Speed:     ev/sec=1.05018e+07   simsec/sec=12749.7   ev/simsec=823.691
     Messages:  created: 2   present: 2   in FES: 1

<!> Simulation stopped with endSimulation() -- in module (ScheduledAccessQueue) DectScheduledAccessNetwork.queue (id=2), at t=172.171833345006s, event #141816

Calling finish() at end of Run #1026...

Preparing for running configuration MonetecFocusedSmallR, run #1027...
Scenario: $r=20, $rho=0.215, $repetition=1
Assigned runID=MonetecFocusedSmallR-1027-20260930-09:00:01-58
Setting up network "dect2020scheduledaccess.DectScheduledAccessNetwork"...
Initializing...

Running simulation...
** Event #0   t=0   Elapsed: 3e-06s (0m 00s)
     Speed:     ev/sec=0   simsec/sec=0   ev/simsec=0
     Messages:  created: 2   present: 2   in FES: 2
** Event #141455   t=172.181250011673   Elapsed: 0.0136s (0m 00s)
     Speed:     ev/sec=1.04042e+07   simsec/sec=12664.1   ev/simsec=821.549
     Messages:  created: 2   present: 2   in FES: 1

<!> Simulation stopped with endSimulation() -- in module (ScheduledAccessQueue) DectScheduledAccessNetwork.queue (id=2), at t=172.181250011673s, event #141455

Calling finish() at end of Run #1027...

Preparing for running configuration MonetecFocusedSmallR, run #1028...
Scenario: $r=20, $rho=0.215, $repetition=2
Assigned runID=MonetecFocusedSmallR-1028-20260930-09:00:01-58
Setting up network "dect2020scheduledaccess.DectScheduledAccessNetwork"...
Initializing...

Running simulation...
** Event #0   t=0   Elapsed: 2.2e-05s (0m 00s)
     Speed:     ev/sec=0   simsec/sec=0   ev/simsec=0
     Messages:  created: 2   present: 2   in FES: 2
** Event #141477   t=172.171833345006   Elapsed: 0.013597s (0m 00s)
     Speed:     ev/sec=1.04226e+07   simsec/sec=12683.9   ev/simsec=821.722
     Messages:  created: 2   present: 2   in FES: 1

<!> Simulation stopped with endSimulation() -- in module (ScheduledAccessQueue) DectScheduledAccessNetwork.queue (id=2), at t=172.171833345006s, event #141477

Calling finish() at end of Run #1028...

Preparing for running configuration MonetecFocusedSmallR, run #1029...
Scenario: $r=20, $rho=0.220, $repetition=0
Assigned runID=MonetecFocusedSmallR-1029-20260930-09:00:01-58
Setting up network "dect2020scheduledaccess.DectScheduledAccessNetwork"...
Initializing...

Running simulation...
** Event #0   t=0   Elapsed: 3e-06s (0m 00s)
     Speed:     ev/sec=0   simsec/sec=0   ev/simsec=0
     Messages:  created: 2   present: 2   in FES: 2
** Event #143927   t=172.171833345006   Elapsed: 0.014277s (0m 00s)
     Speed:     ev/sec=1.00832e+07   simsec/sec=12061.9   ev/simsec=835.952
     Messages:  created: 2   present: 2   in FES: 1

<!> Simulation stopped with endSimulation() -- in module (ScheduledAccessQueue) DectScheduledAccessNetwork.queue (id=2), at t=172.171833345006s, event #143927

Calling finish() at end of Run #1029...

Preparing for running configuration MonetecFocusedSmallR, run #1030...
Scenario: $r=20, $rho=0.220, $repetition=1
Assigned runID=MonetecFocusedSmallR-1030-20260930-09:00:01-58
Setting up network "dect2020scheduledaccess.DectScheduledAccessNetwork"...
Initializing...

Running simulation...
** Event #0   t=0   Elapsed: 2.5e-05s (0m 00s)
     Speed:     ev/sec=0   simsec/sec=0   ev/simsec=0
     Messages:  created: 2   present: 2   in FES: 2
** Event #143560   t=172.181250011673   Elapsed: 0.013673s (0m 00s)
     Speed:     ev/sec=1.05188e+07   simsec/sec=12615.8   ev/simsec=833.774
     Messages:  created: 2   present: 2   in FES: 1

<!> Simulation stopped with endSimulation() -- in module (ScheduledAccessQueue) DectScheduledAccessNetwork.queue (id=2), at t=172.181250011673s, event #143560

Calling finish() at end of Run #1030...

Preparing for running configuration MonetecFocusedSmallR, run #1031...
Scenario: $r=20, $rho=0.220, $repetition=2
Assigned runID=MonetecFocusedSmallR-1031-20260930-09:00:01-58
Setting up network "dect2020scheduledaccess.DectScheduledAccessNetwork"...
Initializing...

Running simulation...
** Event #0   t=0   Elapsed: 3e-06s (0m 00s)
     Speed:     ev/sec=0   simsec/sec=0   ev/simsec=0
     Messages:  created: 2   present: 2   in FES: 2
** Event #143498   t=172.171416678339   Elapsed: 0.013659s (0m 00s)
     Speed:     ev/sec=1.05088e+07   simsec/sec=12608.6   ev/simsec=833.462
     Messages:  created: 2   present: 2   in FES: 1

<!> Simulation stopped with endSimulation() -- in module (ScheduledAccessQueue) DectScheduledAccessNetwork.queue (id=2), at t=172.171416678339s, event #143498

Calling finish() at end of Run #1031...

Preparing for running configuration MonetecFocusedSmallR, run #1032...
Scenario: $r=20, $rho=0.225, $repetition=0
Assigned runID=MonetecFocusedSmallR-1032-20260930-09:00:01-58
Setting up network "dect2020scheduledaccess.DectScheduledAccessNetwork"...
Initializing...

Running simulation...
** Event #0   t=0   Elapsed: 2.9e-05s (0m 00s)
     Speed:     ev/sec=0   simsec/sec=0   ev/simsec=0
     Messages:  created: 2   present: 2   in FES: 2
** Event #146055   t=172.171833345006   Elapsed: 0.013944s (0m 00s)
     Speed:     ev/sec=1.0497e+07   simsec/sec=12374   ev/simsec=848.312
     Messages:  created: 2   present: 2   in FES: 1

<!> Simulation stopped with endSimulation() -- in module (ScheduledAccessQueue) DectScheduledAccessNetwork.queue (id=2), at t=172.171833345006s, event #146055

Calling finish() at end of Run #1032...

Preparing for running configuration MonetecFocusedSmallR, run #1033...
Scenario: $r=20, $rho=0.225, $repetition=1
Assigned runID=MonetecFocusedSmallR-1033-20260930-09:00:01-58
Setting up network "dect2020scheduledaccess.DectScheduledAccessNetwork"...
Initializing...

Running simulation...
** Event #0   t=0   Elapsed: 4e-06s (0m 00s)
     Speed:     ev/sec=0   simsec/sec=0   ev/simsec=0
     Messages:  created: 2   present: 2   in FES: 2
** Event #145646   t=172.181250011673   Elapsed: 0.013954s (0m 00s)
     Speed:     ev/sec=1.04428e+07   simsec/sec=12345.4   ev/simsec=845.89
     Messages:  created: 2   present: 2   in FES: 1

<!> Simulation stopped with endSimulation() -- in module (ScheduledAccessQueue) DectScheduledAccessNetwork.queue (id=2), at t=172.181250011673s, event #145646

Calling finish() at end of Run #1033...

Preparing for running configuration MonetecFocusedSmallR, run #1034...
Scenario: $r=20, $rho=0.225, $repetition=2
Assigned runID=MonetecFocusedSmallR-1034-20260930-09:00:01-58
Setting up network "dect2020scheduledaccess.DectScheduledAccessNetwork"...
Initializing...

Running simulation...
** Event #0   t=0   Elapsed: 4e-06s (0m 00s)
     Speed:     ev/sec=0   simsec/sec=0   ev/simsec=0
     Messages:  created: 2   present: 2   in FES: 2
** Event #145596   t=172.181250011673   Elapsed: 0.013917s (0m 00s)
     Speed:     ev/sec=1.0467e+07   simsec/sec=12378.2   ev/simsec=845.599
     Messages:  created: 2   present: 2   in FES: 1

<!> Simulation stopped with endSimulation() -- in module (ScheduledAccessQueue) DectScheduledAccessNetwork.queue (id=2), at t=172.181250011673s, event #145596

Calling finish() at end of Run #1034...

Preparing for running configuration MonetecFocusedSmallR, run #1035...
Scenario: $r=20, $rho=0.230, $repetition=0
Assigned runID=MonetecFocusedSmallR-1035-20260930-09:00:01-58
Setting up network "dect2020scheduledaccess.DectScheduledAccessNetwork"...
Initializing...

Running simulation...
** Event #0   t=0   Elapsed: 2.9e-05s (0m 00s)
     Speed:     ev/sec=0   simsec/sec=0   ev/simsec=0
     Messages:  created: 2   present: 2   in FES: 2
** Event #148132   t=172.171833345006   Elapsed: 0.014107s (0m 00s)
     Speed:     ev/sec=1.05222e+07   simsec/sec=12229.8   ev/simsec=860.375
     Messages:  created: 2   present: 2   in FES: 1

<!> Simulation stopped with endSimulation() -- in module (ScheduledAccessQueue) DectScheduledAccessNetwork.queue (id=2), at t=172.171833345006s, event #148132

Calling finish() at end of Run #1035...

Preparing for running configuration MonetecFocusedSmallR, run #1036...
Scenario: $r=20, $rho=0.230, $repetition=1
Assigned runID=MonetecFocusedSmallR-1036-20260930-09:00:01-58
Setting up network "dect2020scheduledaccess.DectScheduledAccessNetwork"...
Initializing...

Running simulation...
** Event #0   t=0   Elapsed: 3e-06s (0m 00s)
     Speed:     ev/sec=0   simsec/sec=0   ev/simsec=0
     Messages:  created: 2   present: 2   in FES: 2
** Event #147670   t=172.171416678339   Elapsed: 0.01418s (0m 00s)
     Speed:     ev/sec=1.04176e+07   simsec/sec=12146.1   ev/simsec=857.692
     Messages:  created: 2   present: 2   in FES: 1

<!> Simulation stopped with endSimulation() -- in module (ScheduledAccessQueue) DectScheduledAccessNetwork.queue (id=2), at t=172.171416678339s, event #147670

Calling finish() at end of Run #1036...

Preparing for running configuration MonetecFocusedSmallR, run #1037...
Scenario: $r=20, $rho=0.230, $repetition=2
Assigned runID=MonetecFocusedSmallR-1037-20260930-09:00:01-58
Setting up network "dect2020scheduledaccess.DectScheduledAccessNetwork"...
Initializing...

Running simulation...
** Event #0   t=0   Elapsed: 4e-06s (0m 00s)
     Speed:     ev/sec=0   simsec/sec=0   ev/simsec=0
     Messages:  created: 2   present: 2   in FES: 2
** Event #147654   t=172.171833345006   Elapsed: 0.014506s (0m 00s)
     Speed:     ev/sec=1.01844e+07   simsec/sec=11875.5   ev/simsec=857.599
     Messages:  created: 2   present: 2   in FES: 1

<!> Simulation stopped with endSimulation() -- in module (ScheduledAccessQueue) DectScheduledAccessNetwork.queue (id=2), at t=172.171833345006s, event #147654

Calling finish() at end of Run #1037...

Preparing for running configuration MonetecFocusedSmallR, run #1038...
Scenario: $r=20, $rho=0.235, $repetition=0
Assigned runID=MonetecFocusedSmallR-1038-20260930-09:00:01-58
Setting up network "dect2020scheduledaccess.DectScheduledAccessNetwork"...
Initializing...

Running simulation...
** Event #0   t=0   Elapsed: 4e-06s (0m 00s)
     Speed:     ev/sec=0   simsec/sec=0   ev/simsec=0
     Messages:  created: 2   present: 2   in FES: 2
** Event #150253   t=172.181250011673   Elapsed: 0.014373s (0m 00s)
     Speed:     ev/sec=1.04589e+07   simsec/sec=11985.3   ev/simsec=872.645
     Messages:  created: 2   present: 2   in FES: 1

<!> Simulation stopped with endSimulation() -- in module (ScheduledAccessQueue) DectScheduledAccessNetwork.queue (id=2), at t=172.181250011673s, event #150253

Calling finish() at end of Run #1038...

Preparing for running configuration MonetecFocusedSmallR, run #1039...
Scenario: $r=20, $rho=0.235, $repetition=1
Assigned runID=MonetecFocusedSmallR-1039-20260930-09:00:01-58
Setting up network "dect2020scheduledaccess.DectScheduledAccessNetwork"...
Initializing...

Running simulation...
** Event #0   t=0   Elapsed: 2.8e-05s (0m 00s)
     Speed:     ev/sec=0   simsec/sec=0   ev/simsec=0
     Messages:  created: 2   present: 2   in FES: 2
** Event #149829   t=172.181250011673   Elapsed: 0.014341s (0m 00s)
     Speed:     ev/sec=1.04688e+07   simsec/sec=12030.5   ev/simsec=870.182
     Messages:  created: 2   present: 2   in FES: 1

<!> Simulation stopped with endSimulation() -- in module (ScheduledAccessQueue) DectScheduledAccessNetwork.queue (id=2), at t=172.181250011673s, event #149829

Calling finish() at end of Run #1039...

Preparing for running configuration MonetecFocusedSmallR, run #1040...
Scenario: $r=20, $rho=0.235, $repetition=2
Assigned runID=MonetecFocusedSmallR-1040-20260930-09:00:01-58
Setting up network "dect2020scheduledaccess.DectScheduledAccessNetwork"...
Initializing...

Running simulation...
** Event #0   t=0   Elapsed: 3.2e-05s (0m 00s)
     Speed:     ev/sec=0   simsec/sec=0   ev/simsec=0
     Messages:  created: 2   present: 2   in FES: 2
** Event #149629   t=172.171833345006   Elapsed: 0.014298s (0m 00s)
     Speed:     ev/sec=1.04885e+07   simsec/sec=12068.7   ev/simsec=869.07
     Messages:  created: 2   present: 2   in FES: 1

<!> Simulation stopped with endSimulation() -- in module (ScheduledAccessQueue) DectScheduledAccessNetwork.queue (id=2), at t=172.171833345006s, event #149629

Calling finish() at end of Run #1040...

Preparing for running configuration MonetecFocusedSmallR, run #1041...
Scenario: $r=20, $rho=0.240, $repetition=0
Assigned runID=MonetecFocusedSmallR-1041-20260930-09:00:01-58
Setting up network "dect2020scheduledaccess.DectScheduledAccessNetwork"...
Initializing...

Running simulation...
** Event #0   t=0   Elapsed: 3e-06s (0m 00s)
     Speed:     ev/sec=0   simsec/sec=0   ev/simsec=0
     Messages:  created: 2   present: 2   in FES: 2
** Event #152300   t=172.171833345006   Elapsed: 0.014544s (0m 00s)
     Speed:     ev/sec=1.04738e+07   simsec/sec=11840.4   ev/simsec=884.583
     Messages:  created: 2   present: 2   in FES: 1

<!> Simulation stopped with endSimulation() -- in module (ScheduledAccessQueue) DectScheduledAccessNetwork.queue (id=2), at t=172.171833345006s, event #152300

Calling finish() at end of Run #1041...

Preparing for running configuration MonetecFocusedSmallR, run #1042...
Scenario: $r=20, $rho=0.240, $repetition=1
Assigned runID=MonetecFocusedSmallR-1042-20260930-09:00:01-58
Setting up network "dect2020scheduledaccess.DectScheduledAccessNetwork"...
Initializing...

Running simulation...
** Event #0   t=0   Elapsed: 3e-06s (0m 00s)
     Speed:     ev/sec=0   simsec/sec=0   ev/simsec=0
     Messages:  created: 2   present: 2   in FES: 2
** Event #151940   t=172.180833345006   Elapsed: 0.014444s (0m 00s)
     Speed:     ev/sec=1.05222e+07   simsec/sec=11923.9   ev/simsec=882.446
     Messages:  created: 2   present: 2   in FES: 1

<!> Simulation stopped with endSimulation() -- in module (ScheduledAccessQueue) DectScheduledAccessNetwork.queue (id=2), at t=172.180833345006s, event #151940

Calling finish() at end of Run #1042...

Preparing for running configuration MonetecFocusedSmallR, run #1043...
Scenario: $r=20, $rho=0.240, $repetition=2
Assigned runID=MonetecFocusedSmallR-1043-20260930-09:00:01-58
Setting up network "dect2020scheduledaccess.DectScheduledAccessNetwork"...
Initializing...

Running simulation...
** Event #0   t=0   Elapsed: 2e-06s (0m 00s)
     Speed:     ev/sec=0   simsec/sec=0   ev/simsec=0
     Messages:  created: 2   present: 2   in FES: 2
** Event #151712   t=172.181250011673   Elapsed: 0.014732s (0m 00s)
     Speed:     ev/sec=1.02995e+07   simsec/sec=11689.1   ev/simsec=881.12
     Messages:  created: 2   present: 2   in FES: 1

<!> Simulation stopped with endSimulation() -- in module (ScheduledAccessQueue) DectScheduledAccessNetwork.queue (id=2), at t=172.181250011673s, event #151712

Calling finish() at end of Run #1043...

Preparing for running configuration MonetecFocusedSmallR, run #1044...
Scenario: $r=20, $rho=0.245, $repetition=0
Assigned runID=MonetecFocusedSmallR-1044-20260930-09:00:01-58
Setting up network "dect2020scheduledaccess.DectScheduledAccessNetwork"...
Initializing...

Running simulation...
** Event #0   t=0   Elapsed: 3e-06s (0m 00s)
     Speed:     ev/sec=0   simsec/sec=0   ev/simsec=0
     Messages:  created: 2   present: 2   in FES: 2
** Event #154302   t=172.171833345006   Elapsed: 0.015163s (0m 00s)
     Speed:     ev/sec=1.01789e+07   simsec/sec=11357.7   ev/simsec=896.211
     Messages:  created: 2   present: 2   in FES: 1

<!> Simulation stopped with endSimulation() -- in module (ScheduledAccessQueue) DectScheduledAccessNetwork.queue (id=2), at t=172.171833345006s, event #154302

Calling finish() at end of Run #1044...

Preparing for running configuration MonetecFocusedSmallR, run #1045...
Scenario: $r=20, $rho=0.245, $repetition=1
Assigned runID=MonetecFocusedSmallR-1045-20260930-09:00:01-58
Setting up network "dect2020scheduledaccess.DectScheduledAccessNetwork"...
Initializing...

Running simulation...
** Event #0   t=0   Elapsed: 1.8e-05s (0m 00s)
     Speed:     ev/sec=0   simsec/sec=0   ev/simsec=0
     Messages:  created: 2   present: 2   in FES: 2
** Event #154008   t=172.181250011673   Elapsed: 0.014808s (0m 00s)
     Speed:     ev/sec=1.04123e+07   simsec/sec=11640.9   ev/simsec=894.453
     Messages:  created: 2   present: 2   in FES: 1

<!> Simulation stopped with endSimulation() -- in module (ScheduledAccessQueue) DectScheduledAccessNetwork.queue (id=2), at t=172.181250011673s, event #154008

Calling finish() at end of Run #1045...

Preparing for running configuration MonetecFocusedSmallR, run #1046...
Scenario: $r=20, $rho=0.245, $repetition=2
Assigned runID=MonetecFocusedSmallR-1046-20260930-09:00:01-58
Setting up network "dect2020scheduledaccess.DectScheduledAccessNetwork"...
Initializing...

Running simulation...
** Event #0   t=0   Elapsed: 3e-06s (0m 00s)
     Speed:     ev/sec=0   simsec/sec=0   ev/simsec=0
     Messages:  created: 2   present: 2   in FES: 2
** Event #153705   t=172.171833345006   Elapsed: 0.014573s (0m 00s)
     Speed:     ev/sec=1.05494e+07   simsec/sec=11816.8   ev/simsec=892.744
     Messages:  created: 2   present: 2   in FES: 1

<!> Simulation stopped with endSimulation() -- in module (ScheduledAccessQueue) DectScheduledAccessNetwork.queue (id=2), at t=172.171833345006s, event #153705

Calling finish() at end of Run #1046...

Preparing for running configuration MonetecFocusedSmallR, run #1047...
Scenario: $r=20, $rho=0.250, $repetition=0
Assigned runID=MonetecFocusedSmallR-1047-20260930-09:00:01-58
Setting up network "dect2020scheduledaccess.DectScheduledAccessNetwork"...
Initializing...

Running simulation...
** Event #0   t=0   Elapsed: 3e-06s (0m 00s)
     Speed:     ev/sec=0   simsec/sec=0   ev/simsec=0
     Messages:  created: 2   present: 2   in FES: 2
** Event #156331   t=172.171833345006   Elapsed: 0.014978s (0m 00s)
     Speed:     ev/sec=1.04395e+07   simsec/sec=11497.3   ev/simsec=907.996
     Messages:  created: 2   present: 2   in FES: 1

<!> Simulation stopped with endSimulation() -- in module (ScheduledAccessQueue) DectScheduledAccessNetwork.queue (id=2), at t=172.171833345006s, event #156331

Calling finish() at end of Run #1047...

Preparing for running configuration MonetecFocusedSmallR, run #1048...
Scenario: $r=20, $rho=0.250, $repetition=1
Assigned runID=MonetecFocusedSmallR-1048-20260930-09:00:01-58
Setting up network "dect2020scheduledaccess.DectScheduledAccessNetwork"...
Initializing...

Running simulation...
** Event #0   t=0   Elapsed: 4e-06s (0m 00s)
     Speed:     ev/sec=0   simsec/sec=0   ev/simsec=0
     Messages:  created: 2   present: 2   in FES: 2
** Event #156054   t=172.19066667834   Elapsed: 0.014865s (0m 00s)
     Speed:     ev/sec=1.05016e+07   simsec/sec=11587.5   ev/simsec=906.288
     Messages:  created: 2   present: 2   in FES: 1

<!> Simulation stopped with endSimulation() -- in module (ScheduledAccessQueue) DectScheduledAccessNetwork.queue (id=2), at t=172.19066667834s, event #156054

Calling finish() at end of Run #1048...

Preparing for running configuration MonetecFocusedSmallR, run #1049...
Scenario: $r=20, $rho=0.250, $repetition=2
Assigned runID=MonetecFocusedSmallR-1049-20260930-09:00:01-58
Setting up network "dect2020scheduledaccess.DectScheduledAccessNetwork"...
Initializing...

Running simulation...
** Event #0   t=0   Elapsed: 3e-06s (0m 00s)
     Speed:     ev/sec=0   simsec/sec=0   ev/simsec=0
     Messages:  created: 2   present: 2   in FES: 2
** Event #155822   t=172.171833345006   Elapsed: 0.014751s (0m 00s)
     Speed:     ev/sec=1.05656e+07   simsec/sec=11674.2   ev/simsec=905.04
     Messages:  created: 2   present: 2   in FES: 1

<!> Simulation stopped with endSimulation() -- in module (ScheduledAccessQueue) DectScheduledAccessNetwork.queue (id=2), at t=172.171833345006s, event #155822

Calling finish() at end of Run #1049...

Preparing for running configuration MonetecFocusedSmallR, run #1050...
Scenario: $r=20, $rho=0.255, $repetition=0
Assigned runID=MonetecFocusedSmallR-1050-20260930-09:00:01-58
Setting up network "dect2020scheduledaccess.DectScheduledAccessNetwork"...
Initializing...

Running simulation...
** Event #0   t=0   Elapsed: 3e-06s (0m 00s)
     Speed:     ev/sec=0   simsec/sec=0   ev/simsec=0
     Messages:  created: 2   present: 2   in FES: 2
** Event #158357   t=172.171416678339   Elapsed: 0.015031s (0m 00s)
     Speed:     ev/sec=1.05382e+07   simsec/sec=11457.4   ev/simsec=919.766
     Messages:  created: 2   present: 2   in FES: 1

<!> Simulation stopped with endSimulation() -- in module (ScheduledAccessQueue) DectScheduledAccessNetwork.queue (id=2), at t=172.171416678339s, event #158357

Calling finish() at end of Run #1050...

Preparing for running configuration MonetecFocusedSmallR, run #1051...
Scenario: $r=20, $rho=0.255, $repetition=1
Assigned runID=MonetecFocusedSmallR-1051-20260930-09:00:01-58
Setting up network "dect2020scheduledaccess.DectScheduledAccessNetwork"...
Initializing...

Running simulation...
** Event #0   t=0   Elapsed: 3e-06s (0m 00s)
     Speed:     ev/sec=0   simsec/sec=0   ev/simsec=0
     Messages:  created: 2   present: 2   in FES: 2
** Event #158129   t=172.181250011673   Elapsed: 0.015003s (0m 00s)
     Speed:     ev/sec=1.05426e+07   simsec/sec=11479.5   ev/simsec=918.389
     Messages:  created: 2   present: 2   in FES: 1

<!> Simulation stopped with endSimulation() -- in module (ScheduledAccessQueue) DectScheduledAccessNetwork.queue (id=2), at t=172.181250011673s, event #158129

Calling finish() at end of Run #1051...

Preparing for running configuration MonetecFocusedSmallR, run #1052...
Scenario: $r=20, $rho=0.255, $repetition=2
Assigned runID=MonetecFocusedSmallR-1052-20260930-09:00:01-58
Setting up network "dect2020scheduledaccess.DectScheduledAccessNetwork"...
Initializing...

Running simulation...
** Event #0   t=0   Elapsed: 3e-06s (0m 00s)
     Speed:     ev/sec=0   simsec/sec=0   ev/simsec=0
     Messages:  created: 2   present: 2   in FES: 2
** Event #157821   t=172.181250011673   Elapsed: 0.015105s (0m 00s)
     Speed:     ev/sec=1.04517e+07   simsec/sec=11402.7   ev/simsec=916.6
     Messages:  created: 2   present: 2   in FES: 1

<!> Simulation stopped with endSimulation() -- in module (ScheduledAccessQueue) DectScheduledAccessNetwork.queue (id=2), at t=172.181250011673s, event #157821

Calling finish() at end of Run #1052...

Preparing for running configuration MonetecFocusedSmallR, run #1053...
Scenario: $r=20, $rho=0.260, $repetition=0
Assigned runID=MonetecFocusedSmallR-1053-20260930-09:00:01-58
Setting up network "dect2020scheduledaccess.DectScheduledAccessNetwork"...
Initializing...

Running simulation...
** Event #0   t=0   Elapsed: 4e-06s (0m 00s)
     Speed:     ev/sec=0   simsec/sec=0   ev/simsec=0
     Messages:  created: 2   present: 2   in FES: 2
** Event #160484   t=172.181250011673   Elapsed: 0.015443s (0m 00s)
     Speed:     ev/sec=1.03947e+07   simsec/sec=11152.3   ev/simsec=932.067
     Messages:  created: 2   present: 2   in FES: 1

<!> Simulation stopped with endSimulation() -- in module (ScheduledAccessQueue) DectScheduledAccessNetwork.queue (id=2), at t=172.181250011673s, event #160484

Calling finish() at end of Run #1053...

Preparing for running configuration MonetecFocusedSmallR, run #1054...
Scenario: $r=20, $rho=0.260, $repetition=1
Assigned runID=MonetecFocusedSmallR-1054-20260930-09:00:01-58
Setting up network "dect2020scheduledaccess.DectScheduledAccessNetwork"...
Initializing...

Running simulation...
** Event #0   t=0   Elapsed: 3e-06s (0m 00s)
     Speed:     ev/sec=0   simsec/sec=0   ev/simsec=0
     Messages:  created: 2   present: 2   in FES: 2
** Event #160270   t=172.181250011673   Elapsed: 0.015885s (0m 00s)
     Speed:     ev/sec=1.00919e+07   simsec/sec=10841.9   ev/simsec=930.824
     Messages:  created: 2   present: 2   in FES: 1

<!> Simulation stopped with endSimulation() -- in module (ScheduledAccessQueue) DectScheduledAccessNetwork.queue (id=2), at t=172.181250011673s, event #160270

Calling finish() at end of Run #1054...

Preparing for running configuration MonetecFocusedSmallR, run #1055...
Scenario: $r=20, $rho=0.260, $repetition=2
Assigned runID=MonetecFocusedSmallR-1055-20260930-09:00:01-58
Setting up network "dect2020scheduledaccess.DectScheduledAccessNetwork"...
Initializing...

Running simulation...
** Event #0   t=0   Elapsed: 4e-06s (0m 00s)
     Speed:     ev/sec=0   simsec/sec=0   ev/simsec=0
     Messages:  created: 2   present: 2   in FES: 2
** Event #159865   t=172.171833345006   Elapsed: 0.015452s (0m 00s)
     Speed:     ev/sec=1.03479e+07   simsec/sec=11144.5   ev/simsec=928.522
     Messages:  created: 2   present: 2   in FES: 1

<!> Simulation stopped with endSimulation() -- in module (ScheduledAccessQueue) DectScheduledAccessNetwork.queue (id=2), at t=172.171833345006s, event #159865

Calling finish() at end of Run #1055...

Preparing for running configuration MonetecFocusedSmallR, run #1056...
Scenario: $r=20, $rho=0.265, $repetition=0
Assigned runID=MonetecFocusedSmallR-1056-20260930-09:00:01-58
Setting up network "dect2020scheduledaccess.DectScheduledAccessNetwork"...
Initializing...

Running simulation...
** Event #0   t=0   Elapsed: 3e-06s (0m 00s)
     Speed:     ev/sec=0   simsec/sec=0   ev/simsec=0
     Messages:  created: 2   present: 2   in FES: 2
** Event #162581   t=172.181250011673   Elapsed: 0.015646s (0m 00s)
     Speed:     ev/sec=1.03939e+07   simsec/sec=11007.6   ev/simsec=944.246
     Messages:  created: 2   present: 2   in FES: 1

<!> Simulation stopped with endSimulation() -- in module (ScheduledAccessQueue) DectScheduledAccessNetwork.queue (id=2), at t=172.181250011673s, event #162581

Calling finish() at end of Run #1056...

Preparing for running configuration MonetecFocusedSmallR, run #1057...
Scenario: $r=20, $rho=0.265, $repetition=1
Assigned runID=MonetecFocusedSmallR-1057-20260930-09:00:01-58
Setting up network "dect2020scheduledaccess.DectScheduledAccessNetwork"...
Initializing...

Running simulation...
** Event #0   t=0   Elapsed: 3e-06s (0m 00s)
     Speed:     ev/sec=0   simsec/sec=0   ev/simsec=0
     Messages:  created: 2   present: 2   in FES: 2
** Event #162370   t=172.181250011673   Elapsed: 0.015452s (0m 00s)
     Speed:     ev/sec=1.05121e+07   simsec/sec=11147.3   ev/simsec=943.02
     Messages:  created: 2   present: 2   in FES: 1

<!> Simulation stopped with endSimulation() -- in module (ScheduledAccessQueue) DectScheduledAccessNetwork.queue (id=2), at t=172.181250011673s, event #162370

Calling finish() at end of Run #1057...

Preparing for running configuration MonetecFocusedSmallR, run #1058...
Scenario: $r=20, $rho=0.265, $repetition=2
Assigned runID=MonetecFocusedSmallR-1058-20260930-09:00:02-58
Setting up network "dect2020scheduledaccess.DectScheduledAccessNetwork"...
Initializing...

Running simulation...
** Event #0   t=0   Elapsed: 4e-06s (0m 00s)
     Speed:     ev/sec=0   simsec/sec=0   ev/simsec=0
     Messages:  created: 2   present: 2   in FES: 2
** Event #161909   t=172.171833345006   Elapsed: 0.015947s (0m 00s)
     Speed:     ev/sec=1.01561e+07   simsec/sec=10799.9   ev/simsec=940.394
     Messages:  created: 2   present: 2   in FES: 1

<!> Simulation stopped with endSimulation() -- in module (ScheduledAccessQueue) DectScheduledAccessNetwork.queue (id=2), at t=172.171833345006s, event #161909

Calling finish() at end of Run #1058...

Preparing for running configuration MonetecFocusedSmallR, run #1059...
Scenario: $r=20, $rho=0.270, $repetition=0
Assigned runID=MonetecFocusedSmallR-1059-20260930-09:00:02-58
Setting up network "dect2020scheduledaccess.DectScheduledAccessNetwork"...
Initializing...

Running simulation...
** Event #0   t=0   Elapsed: 3e-06s (0m 00s)
     Speed:     ev/sec=0   simsec/sec=0   ev/simsec=0
     Messages:  created: 2   present: 2   in FES: 2
** Event #164683   t=172.181250011673   Elapsed: 0.015729s (0m 00s)
     Speed:     ev/sec=1.0472e+07   simsec/sec=10948.8   ev/simsec=956.453
     Messages:  created: 2   present: 2   in FES: 1

<!> Simulation stopped with endSimulation() -- in module (ScheduledAccessQueue) DectScheduledAccessNetwork.queue (id=2), at t=172.181250011673s, event #164683

Calling finish() at end of Run #1059...

Preparing for running configuration MonetecFocusedSmallR, run #1060...
Scenario: $r=20, $rho=0.270, $repetition=1
Assigned runID=MonetecFocusedSmallR-1060-20260930-09:00:02-58
Setting up network "dect2020scheduledaccess.DectScheduledAccessNetwork"...
Initializing...

Running simulation...
** Event #0   t=0   Elapsed: 3e-06s (0m 00s)
     Speed:     ev/sec=0   simsec/sec=0   ev/simsec=0
     Messages:  created: 2   present: 2   in FES: 2
** Event #164483   t=172.19066667834   Elapsed: 0.015674s (0m 00s)
     Speed:     ev/sec=1.0496e+07   simsec/sec=10987.8   ev/simsec=955.24
     Messages:  created: 2   present: 2   in FES: 1

<!> Simulation stopped with endSimulation() -- in module (ScheduledAccessQueue) DectScheduledAccessNetwork.queue (id=2), at t=172.19066667834s, event #164483

Calling finish() at end of Run #1060...

Preparing for running configuration MonetecFocusedSmallR, run #1061...
Scenario: $r=20, $rho=0.270, $repetition=2
Assigned runID=MonetecFocusedSmallR-1061-20260930-09:00:02-58
Setting up network "dect2020scheduledaccess.DectScheduledAccessNetwork"...
Initializing...

Running simulation...
** Event #0   t=0   Elapsed: 4e-06s (0m 00s)
     Speed:     ev/sec=0   simsec/sec=0   ev/simsec=0
     Messages:  created: 2   present: 2   in FES: 2
** Event #164002   t=172.171833345006   Elapsed: 0.015796s (0m 00s)
     Speed:     ev/sec=1.03851e+07   simsec/sec=10902.4   ev/simsec=952.551
     Messages:  created: 2   present: 2   in FES: 1

<!> Simulation stopped with endSimulation() -- in module (ScheduledAccessQueue) DectScheduledAccessNetwork.queue (id=2), at t=172.171833345006s, event #164002

Calling finish() at end of Run #1061...

Preparing for running configuration MonetecFocusedSmallR, run #1062...
Scenario: $r=20, $rho=0.275, $repetition=0
Assigned runID=MonetecFocusedSmallR-1062-20260930-09:00:02-58
Setting up network "dect2020scheduledaccess.DectScheduledAccessNetwork"...
Initializing...

Running simulation...
** Event #0   t=0   Elapsed: 3e-06s (0m 00s)
     Speed:     ev/sec=0   simsec/sec=0   ev/simsec=0
     Messages:  created: 2   present: 2   in FES: 2
** Event #166783   t=172.181250011673   Elapsed: 0.015939s (0m 00s)
     Speed:     ev/sec=1.04665e+07   simsec/sec=10805.2   ev/simsec=968.65
     Messages:  created: 2   present: 2   in FES: 1

<!> Simulation stopped with endSimulation() -- in module (ScheduledAccessQueue) DectScheduledAccessNetwork.queue (id=2), at t=172.181250011673s, event #166783

Calling finish() at end of Run #1062...

Preparing for running configuration MonetecFocusedSmallR, run #1063...
Scenario: $r=20, $rho=0.275, $repetition=1
Assigned runID=MonetecFocusedSmallR-1063-20260930-09:00:02-58
Setting up network "dect2020scheduledaccess.DectScheduledAccessNetwork"...
Initializing...

Running simulation...
** Event #0   t=0   Elapsed: 3e-06s (0m 00s)
     Speed:     ev/sec=0   simsec/sec=0   ev/simsec=0
     Messages:  created: 2   present: 2   in FES: 2
** Event #166580   t=172.181250011673   Elapsed: 0.015946s (0m 00s)
     Speed:     ev/sec=1.04491e+07   simsec/sec=10800.5   ev/simsec=967.471
     Messages:  created: 2   present: 2   in FES: 1

<!> Simulation stopped with endSimulation() -- in module (ScheduledAccessQueue) DectScheduledAccessNetwork.queue (id=2), at t=172.181250011673s, event #166580

Calling finish() at end of Run #1063...

Preparing for running configuration MonetecFocusedSmallR, run #1064...
Scenario: $r=20, $rho=0.275, $repetition=2
Assigned runID=MonetecFocusedSmallR-1064-20260930-09:00:02-58
Setting up network "dect2020scheduledaccess.DectScheduledAccessNetwork"...
Initializing...

Running simulation...
** Event #0   t=0   Elapsed: 3e-06s (0m 00s)
     Speed:     ev/sec=0   simsec/sec=0   ev/simsec=0
     Messages:  created: 2   present: 2   in FES: 2
** Event #166129   t=172.18166667834   Elapsed: 0.015807s (0m 00s)
     Speed:     ev/sec=1.05125e+07   simsec/sec=10895.5   ev/simsec=964.85
     Messages:  created: 2   present: 2   in FES: 1

<!> Simulation stopped with endSimulation() -- in module (ScheduledAccessQueue) DectScheduledAccessNetwork.queue (id=2), at t=172.18166667834s, event #166129

Calling finish() at end of Run #1064...

Preparing for running configuration MonetecFocusedSmallR, run #1065...
Scenario: $r=20, $rho=0.280, $repetition=0
Assigned runID=MonetecFocusedSmallR-1065-20260930-09:00:02-58
Setting up network "dect2020scheduledaccess.DectScheduledAccessNetwork"...
Initializing...

Running simulation...
** Event #0   t=0   Elapsed: 3e-06s (0m 00s)
     Speed:     ev/sec=0   simsec/sec=0   ev/simsec=0
     Messages:  created: 2   present: 2   in FES: 2
** Event #168872   t=172.171833345006   Elapsed: 0.016048s (0m 00s)
     Speed:     ev/sec=1.05256e+07   simsec/sec=10731.2   ev/simsec=980.836
     Messages:  created: 2   present: 2   in FES: 1

<!> Simulation stopped with endSimulation() -- in module (ScheduledAccessQueue) DectScheduledAccessNetwork.queue (id=2), at t=172.171833345006s, event #168872

Calling finish() at end of Run #1065...

Preparing for running configuration MonetecFocusedSmallR, run #1066...
Scenario: $r=20, $rho=0.280, $repetition=1
Assigned runID=MonetecFocusedSmallR-1066-20260930-09:00:02-58
Setting up network "dect2020scheduledaccess.DectScheduledAccessNetwork"...
Initializing...

Running simulation...
** Event #0   t=0   Elapsed: 3e-06s (0m 00s)
     Speed:     ev/sec=0   simsec/sec=0   ev/simsec=0
     Messages:  created: 2   present: 2   in FES: 2
** Event #168595   t=172.181250011673   Elapsed: 0.016055s (0m 00s)
     Speed:     ev/sec=1.05031e+07   simsec/sec=10726.4   ev/simsec=979.174
     Messages:  created: 2   present: 2   in FES: 1

<!> Simulation stopped with endSimulation() -- in module (ScheduledAccessQueue) DectScheduledAccessNetwork.queue (id=2), at t=172.181250011673s, event #168595

Calling finish() at end of Run #1066...

Preparing for running configuration MonetecFocusedSmallR, run #1067...
Scenario: $r=20, $rho=0.280, $repetition=2
Assigned runID=MonetecFocusedSmallR-1067-20260930-09:00:02-58
Setting up network "dect2020scheduledaccess.DectScheduledAccessNetwork"...
Initializing...

Running simulation...
** Event #0   t=0   Elapsed: 4e-06s (0m 00s)
     Speed:     ev/sec=0   simsec/sec=0   ev/simsec=0
     Messages:  created: 2   present: 2   in FES: 2
** Event #168201   t=172.171833345006   Elapsed: 0.016028s (0m 00s)
     Speed:     ev/sec=1.04962e+07   simsec/sec=10743.9   ev/simsec=976.939
     Messages:  created: 2   present: 2   in FES: 1

<!> Simulation stopped with endSimulation() -- in module (ScheduledAccessQueue) DectScheduledAccessNetwork.queue (id=2), at t=172.171833345006s, event #168201

Calling finish() at end of Run #1067...

Preparing for running configuration MonetecFocusedSmallR, run #1068...
Scenario: $r=20, $rho=0.285, $repetition=0
Assigned runID=MonetecFocusedSmallR-1068-20260930-09:00:02-58
Setting up network "dect2020scheduledaccess.DectScheduledAccessNetwork"...
Initializing...

Running simulation...
** Event #0   t=0   Elapsed: 3e-06s (0m 00s)
     Speed:     ev/sec=0   simsec/sec=0   ev/simsec=0
     Messages:  created: 2   present: 2   in FES: 2
** Event #171021   t=172.171833345006   Elapsed: 0.016269s (0m 00s)
     Speed:     ev/sec=1.05147e+07   simsec/sec=10585.4   ev/simsec=993.317
     Messages:  created: 2   present: 2   in FES: 1

<!> Simulation stopped with endSimulation() -- in module (ScheduledAccessQueue) DectScheduledAccessNetwork.queue (id=2), at t=172.171833345006s, event #171021

Calling finish() at end of Run #1068...

Preparing for running configuration MonetecFocusedSmallR, run #1069...
Scenario: $r=20, $rho=0.285, $repetition=1
Assigned runID=MonetecFocusedSmallR-1069-20260930-09:00:02-58
Setting up network "dect2020scheduledaccess.DectScheduledAccessNetwork"...
Initializing...

Running simulation...
** Event #0   t=0   Elapsed: 3e-06s (0m 00s)
     Speed:     ev/sec=0   simsec/sec=0   ev/simsec=0
     Messages:  created: 2   present: 2   in FES: 2
** Event #170676   t=172.171833345006   Elapsed: 0.016256s (0m 00s)
     Speed:     ev/sec=1.05018e+07   simsec/sec=10593.9   ev/simsec=991.314
     Messages:  created: 2   present: 2   in FES: 1

<!> Simulation stopped with endSimulation() -- in module (ScheduledAccessQueue) DectScheduledAccessNetwork.queue (id=2), at t=172.171833345006s, event #170676

Calling finish() at end of Run #1069...

Preparing for running configuration MonetecFocusedSmallR, run #1070...
Scenario: $r=20, $rho=0.285, $repetition=2
Assigned runID=MonetecFocusedSmallR-1070-20260930-09:00:02-58
Setting up network "dect2020scheduledaccess.DectScheduledAccessNetwork"...
Initializing...

Running simulation...
** Event #0   t=0   Elapsed: 3e-06s (0m 00s)
     Speed:     ev/sec=0   simsec/sec=0   ev/simsec=0
     Messages:  created: 2   present: 2   in FES: 2
** Event #170392   t=172.171833345006   Elapsed: 0.016532s (0m 00s)
     Speed:     ev/sec=1.03093e+07   simsec/sec=10417   ev/simsec=989.665
     Messages:  created: 2   present: 2   in FES: 1

<!> Simulation stopped with endSimulation() -- in module (ScheduledAccessQueue) DectScheduledAccessNetwork.queue (id=2), at t=172.171833345006s, event #170392

Calling finish() at end of Run #1070...

Preparing for running configuration MonetecFocusedSmallR, run #1071...
Scenario: $r=20, $rho=0.290, $repetition=0
Assigned runID=MonetecFocusedSmallR-1071-20260930-09:00:02-58
Setting up network "dect2020scheduledaccess.DectScheduledAccessNetwork"...
Initializing...

Running simulation...
** Event #0   t=0   Elapsed: 3e-06s (0m 00s)
     Speed:     ev/sec=0   simsec/sec=0   ev/simsec=0
     Messages:  created: 2   present: 2   in FES: 2
** Event #173090   t=172.181250011673   Elapsed: 0.01654s (0m 00s)
     Speed:     ev/sec=1.04668e+07   simsec/sec=10411.9   ev/simsec=1005.28
     Messages:  created: 2   present: 2   in FES: 1

<!> Simulation stopped with endSimulation() -- in module (ScheduledAccessQueue) DectScheduledAccessNetwork.queue (id=2), at t=172.181250011673s, event #173090

Calling finish() at end of Run #1071...

Preparing for running configuration MonetecFocusedSmallR, run #1072...
Scenario: $r=20, $rho=0.290, $repetition=1
Assigned runID=MonetecFocusedSmallR-1072-20260930-09:00:02-58
Setting up network "dect2020scheduledaccess.DectScheduledAccessNetwork"...
Initializing...

Running simulation...
** Event #0   t=0   Elapsed: 3e-06s (0m 00s)
     Speed:     ev/sec=0   simsec/sec=0   ev/simsec=0
     Messages:  created: 2   present: 2   in FES: 2
** Event #172794   t=172.181250011673   Elapsed: 0.017012s (0m 00s)
     Speed:     ev/sec=1.01596e+07   simsec/sec=10123.5   ev/simsec=1003.56
     Messages:  created: 2   present: 2   in FES: 1

<!> Simulation stopped with endSimulation() -- in module (ScheduledAccessQueue) DectScheduledAccessNetwork.queue (id=2), at t=172.181250011673s, event #172794

Calling finish() at end of Run #1072...

Preparing for running configuration MonetecFocusedSmallR, run #1073...
Scenario: $r=20, $rho=0.290, $repetition=2
Assigned runID=MonetecFocusedSmallR-1073-20260930-09:00:02-58
Setting up network "dect2020scheduledaccess.DectScheduledAccessNetwork"...
Initializing...

Running simulation...
** Event #0   t=0   Elapsed: 4e-06s (0m 00s)
     Speed:     ev/sec=0   simsec/sec=0   ev/simsec=0
     Messages:  created: 2   present: 2   in FES: 2
** Event #172472   t=172.171833345006   Elapsed: 0.016592s (0m 00s)
     Speed:     ev/sec=1.0398e+07   simsec/sec=10379.9   ev/simsec=1001.75
     Messages:  created: 2   present: 2   in FES: 1

<!> Simulation stopped with endSimulation() -- in module (ScheduledAccessQueue) DectScheduledAccessNetwork.queue (id=2), at t=172.171833345006s, event #172472

Calling finish() at end of Run #1073...

Preparing for running configuration MonetecFocusedSmallR, run #1074...
Scenario: $r=20, $rho=0.295, $repetition=0
Assigned runID=MonetecFocusedSmallR-1074-20260930-09:00:02-58
Setting up network "dect2020scheduledaccess.DectScheduledAccessNetwork"...
Initializing...

Running simulation...
** Event #0   t=0   Elapsed: 3e-06s (0m 00s)
     Speed:     ev/sec=0   simsec/sec=0   ev/simsec=0
     Messages:  created: 2   present: 2   in FES: 2
** Event #175166   t=172.181250011673   Elapsed: 0.01674s (0m 00s)
     Speed:     ev/sec=1.04664e+07   simsec/sec=10288.1   ev/simsec=1017.34
     Messages:  created: 2   present: 2   in FES: 1

<!> Simulation stopped with endSimulation() -- in module (ScheduledAccessQueue) DectScheduledAccessNetwork.queue (id=2), at t=172.181250011673s, event #175166

Calling finish() at end of Run #1074...

Preparing for running configuration MonetecFocusedSmallR, run #1075...
Scenario: $r=20, $rho=0.295, $repetition=1
Assigned runID=MonetecFocusedSmallR-1075-20260930-09:00:02-58
Setting up network "dect2020scheduledaccess.DectScheduledAccessNetwork"...
Initializing...

Running simulation...
** Event #0   t=0   Elapsed: 3e-06s (0m 00s)
     Speed:     ev/sec=0   simsec/sec=0   ev/simsec=0
     Messages:  created: 2   present: 2   in FES: 2
** Event #174866   t=172.171833345006   Elapsed: 0.016973s (0m 00s)
     Speed:     ev/sec=1.0305e+07   simsec/sec=10146.2   ev/simsec=1015.65
     Messages:  created: 2   present: 2   in FES: 1

<!> Simulation stopped with endSimulation() -- in module (ScheduledAccessQueue) DectScheduledAccessNetwork.queue (id=2), at t=172.171833345006s, event #174866

Calling finish() at end of Run #1075...

Preparing for running configuration MonetecFocusedSmallR, run #1076...
Scenario: $r=20, $rho=0.295, $repetition=2
Assigned runID=MonetecFocusedSmallR-1076-20260930-09:00:02-58
Setting up network "dect2020scheduledaccess.DectScheduledAccessNetwork"...
Initializing...

Running simulation...
** Event #0   t=0   Elapsed: 3e-06s (0m 00s)
     Speed:     ev/sec=0   simsec/sec=0   ev/simsec=0
     Messages:  created: 2   present: 2   in FES: 2
** Event #174531   t=172.18166667834   Elapsed: 0.016877s (0m 00s)
     Speed:     ev/sec=1.03438e+07   simsec/sec=10204.5   ev/simsec=1013.65
     Messages:  created: 2   present: 2   in FES: 1

<!> Simulation stopped with endSimulation() -- in module (ScheduledAccessQueue) DectScheduledAccessNetwork.queue (id=2), at t=172.18166667834s, event #174531

Calling finish() at end of Run #1076...

Preparing for running configuration MonetecFocusedSmallR, run #1077...
Scenario: $r=20, $rho=0.300, $repetition=0
Assigned runID=MonetecFocusedSmallR-1077-20260930-09:00:02-58
Setting up network "dect2020scheduledaccess.DectScheduledAccessNetwork"...
Initializing...

Running simulation...
** Event #0   t=0   Elapsed: 4e-06s (0m 00s)
     Speed:     ev/sec=0   simsec/sec=0   ev/simsec=0
     Messages:  created: 2   present: 2   in FES: 2
** Event #177286   t=172.181250011673   Elapsed: 0.017238s (0m 00s)
     Speed:     ev/sec=1.0287e+07   simsec/sec=9990.78   ev/simsec=1029.65
     Messages:  created: 2   present: 2   in FES: 1

<!> Simulation stopped with endSimulation() -- in module (ScheduledAccessQueue) DectScheduledAccessNetwork.queue (id=2), at t=172.181250011673s, event #177286

Calling finish() at end of Run #1077...

Preparing for running configuration MonetecFocusedSmallR, run #1078...
Scenario: $r=20, $rho=0.300, $repetition=1
Assigned runID=MonetecFocusedSmallR-1078-20260930-09:00:02-58
Setting up network "dect2020scheduledaccess.DectScheduledAccessNetwork"...
Initializing...

Running simulation...
** Event #0   t=0   Elapsed: 3e-06s (0m 00s)
     Speed:     ev/sec=0   simsec/sec=0   ev/simsec=0
     Messages:  created: 2   present: 2   in FES: 2
** Event #176954   t=172.171833345006   Elapsed: 0.017067s (0m 00s)
     Speed:     ev/sec=1.03706e+07   simsec/sec=10090.3   ev/simsec=1027.78
     Messages:  created: 2   present: 2   in FES: 1

<!> Simulation stopped with endSimulation() -- in module (ScheduledAccessQueue) DectScheduledAccessNetwork.queue (id=2), at t=172.171833345006s, event #176954

Calling finish() at end of Run #1078...

Preparing for running configuration MonetecFocusedSmallR, run #1079...
Scenario: $r=20, $rho=0.300, $repetition=2
Assigned runID=MonetecFocusedSmallR-1079-20260930-09:00:02-58
Setting up network "dect2020scheduledaccess.DectScheduledAccessNetwork"...
Initializing...

Running simulation...
** Event #0   t=0   Elapsed: 4e-06s (0m 00s)
     Speed:     ev/sec=0   simsec/sec=0   ev/simsec=0
     Messages:  created: 2   present: 2   in FES: 2
** Event #176542   t=172.171833345006   Elapsed: 0.017107s (0m 00s)
     Speed:     ev/sec=1.03217e+07   simsec/sec=10066.1   ev/simsec=1025.39
     Messages:  created: 2   present: 2   in FES: 1

<!> Simulation stopped with endSimulation() -- in module (ScheduledAccessQueue) DectScheduledAccessNetwork.queue (id=2), at t=172.171833345006s, event #176542

Calling finish() at end of Run #1079...

Run statistics: total 1080, successful 1080

End.
