run,D,r,L_effective,rho,mean_type1_service_ms,type2_service_ms,mean_delay_direct_ms,blocking_probability,effective_throughput_departures_per_ms,paoi_ms
MonetecFocusedSmallR-0-20260930-07:06:03-58,10.0,1.0,2.0,0.005,0.416666667,9.0,4.9934146071689,0.053836692213076,0.011436600639876,92.43198411647744
MonetecFocusedSmallR-1-20260930-07:06:03-58,10.0,1.0,2.0,0.005,0.416666667,9.0,4.9787247598549,0.05123339658444,0.011423278079942,92.51927073989965
MonetecFocusedSmallR-2-20260930-07:06:03-58,10.0,1.0,2.0,0.005,0.416666667,9.0,4.9962008308383,0.051952976867653,0.011400544965782,92.71130594216723
MonetecFocusedSmallR-3-20260930-07:06:03-58,10.0,1.0,2.0,0.01,0.416666667,9.0,5.0287826860813,0.10268297789609,0.021753722870036,50.99792580582837
MonetecFocusedSmallR-4-20260930-07:06:03-58,10.0,1.0,2.0,0.01,0.416666667,9.0,5.0478606265273,0.09858477810162,0.021698060618547,51.13492884797117
MonetecFocusedSmallR-5-20260930-07:06:03-58,10.0,1.0,2.0,0.01,0.416666667,9.0,5.0637390753515,0.10262929616224,0.021543224427977,51.48204583083212
MonetecFocusedSmallR-6-20260930-07:06:03-58,10.0,1.0,2.0,0.015,0.416666667,9.0,5.1214771188123,0.14755775296224,0.031124777841431,37.25022049794974
MonetecFocusedSmallR-7-20260930-07:06:03-58,10.0,1.0,2.0,0.015,0.416666667,9.0,5.0943302436572,0.14702035710224,0.030857849375275,37.50099565441181
MonetecFocusedSmallR-8-20260930-07:06:03-58,10.0,1.0,2.0,0.015,0.416666667,9.0,5.0961750621316,0.14615056211755,0.030680500209935,37.690167766206834
MonetecFocusedSmallR-10-20260930-07:06:03-58,10.0,1.0,2.0,0.02,0.416666667,9.0,5.1615964514644,0.1878722252301,0.039148158670297,30.7055820172206
MonetecFocusedSmallR-11-20260930-07:06:03-58,10.0,1.0,2.0,0.02,0.416666667,9.0,5.1283720067945,0.18677148278666,0.039083023095515,30.71492905372764
MonetecFocusedSmallR-9-20260930-07:06:03-58,10.0,1.0,2.0,0.02,0.416666667,9.0,5.1405515728108,0.18705796276725,0.039374855452672,30.537470202822927
MonetecFocusedSmallR-12-20260930-07:06:03-58,10.0,1.0,2.0,0.025,0.416666667,9.0,5.2091374431639,0.22612598668937,0.046803161221543,26.57521558618708
MonetecFocusedSmallR-13-20260930-07:06:03-58,10.0,1.0,2.0,0.025,0.416666667,9.0,5.2104011809241,0.2276998326683,0.046617472451963,26.661585627495086
MonetecFocusedSmallR-14-20260930-07:06:03-58,10.0,1.0,2.0,0.025,0.416666667,9.0,5.2158365013656,0.22470022741369,0.046298404737436,26.81485283186606
MonetecFocusedSmallR-15-20260930-07:06:03-58,10.0,1.0,2.0,0.03,0.416666667,9.0,5.259144031397,0.26040973300791,0.053505235802289,23.948903734450568
MonetecFocusedSmallR-16-20260930-07:06:03-58,10.0,1.0,2.0,0.03,0.416666667,9.0,5.3035295515672,0.26364104955696,0.05345996079601,24.009117530124705
MonetecFocusedSmallR-17-20260930-07:06:03-58,10.0,1.0,2.0,0.03,0.416666667,9.0,5.2594109939945,0.25924096891281,0.053049293320772,24.109803476196326
MonetecFocusedSmallR-18-20260930-07:06:03-58,10.0,1.0,2.0,0.035,0.416666667,9.0,5.3188880710545,0.2939847500706,0.059646301603633,22.084386905253652
MonetecFocusedSmallR-19-20260930-07:06:03-58,10.0,1.0,2.0,0.035,0.416666667,9.0,5.3263560165813,0.2938684241497,0.059183027747411,22.223092092132042
MonetecFocusedSmallR-20-20260930-07:06:03-58,10.0,1.0,2.0,0.035,0.416666667,9.0,5.3312762928546,0.29246951722837,0.059342658797726,22.182560348201303
MonetecFocusedSmallR-21-20260930-07:06:03-58,10.0,1.0,2.0,0.04,0.416666667,9.0,5.3726768669461,0.32587299447216,0.065125174862294,20.72772201061722
MonetecFocusedSmallR-22-20260930-07:06:03-58,10.0,1.0,2.0,0.04,0.416666667,9.0,5.3774580088495,0.3254334090347,0.064989860750612,20.764473590208212
MonetecFocusedSmallR-23-20260930-07:06:03-58,10.0,1.0,2.0,0.04,0.416666667,9.0,5.3789260884136,0.32528169489238,0.06479341706914,20.812592735951515
MonetecFocusedSmallR-24-20260930-07:06:03-58,10.0,1.0,2.0,0.045,0.416666667,9.0,5.4442299059052,0.35133732621246,0.070227801598924,19.683604871834955
MonetecFocusedSmallR-25-20260930-07:06:03-58,10.0,1.0,2.0,0.045,0.416666667,9.0,5.4580101084676,0.35567010309278,0.069914581212043,19.761178098090728
MonetecFocusedSmallR-26-20260930-07:06:03-58,10.0,1.0,2.0,0.045,0.416666667,9.0,5.4197801881622,0.35279269950165,0.069784406719782,19.749629032696788
MonetecFocusedSmallR-27-20260930-07:06:03-58,10.0,1.0,2.0,0.05,0.416666667,9.0,5.5039047382138,0.37997313216906,0.074565478037545,18.914936576519494
MonetecFocusedSmallR-28-20260930-07:06:03-58,10.0,1.0,2.0,0.05,0.416666667,9.0,5.4939774477759,0.38106044976274,0.074614860227989,18.896133492087394
MonetecFocusedSmallR-29-20260930-07:06:03-58,10.0,1.0,2.0,0.05,0.416666667,9.0,5.4952963497985,0.3798834180826,0.074314054162602,18.951701215181856
MonetecFocusedSmallR-30-20260930-07:06:03-58,10.0,1.0,2.0,0.055,0.416666667,9.0,5.5578534559944,0.40603468757425,0.078843706298141,18.241174001816816
MonetecFocusedSmallR-31-20260930-07:06:03-58,10.0,1.0,2.0,0.055,0.416666667,9.0,5.555774916144,0.408295694365,0.078526555857531,18.290320434914463
MonetecFocusedSmallR-32-20260930-07:06:03-58,10.0,1.0,2.0,0.055,0.416666667,9.0,5.5475663777321,0.40302071518118,0.078466738193848,18.291819841276766
MonetecFocusedSmallR-33-20260930-07:06:03-58,10.0,1.0,2.0,0.06,0.416666667,9.0,5.6116362186688,0.4316782541156,0.082684731782166,17.70576748627106
MonetecFocusedSmallR-34-20260930-07:06:03-58,10.0,1.0,2.0,0.06,0.416666667,9.0,5.605494540453,0.42940829640337,0.082426127323872,17.737570042080783
MonetecFocusedSmallR-35-20260930-07:06:03-58,10.0,1.0,2.0,0.06,0.416666667,9.0,5.6127180571895,0.42681365711993,0.082485716614714,17.736029110798235
MonetecFocusedSmallR-36-20260930-07:06:03-58,10.0,1.0,2.0,0.065,0.416666667,9.0,5.6545876416784,0.45248480645338,0.085894855410206,17.296728433747074
MonetecFocusedSmallR-37-20260930-07:06:03-58,10.0,1.0,2.0,0.065,0.416666667,9.0,5.6507613968523,0.45224488305428,0.086016489676899,17.276439261134698
MonetecFocusedSmallR-38-20260930-07:06:03-58,10.0,1.0,2.0,0.065,0.416666667,9.0,5.6461764016891,0.44993490896423,0.085729845012657,17.31072565932933
MonetecFocusedSmallR-39-20260930-07:06:03-58,10.0,1.0,2.0,0.07,0.416666667,9.0,5.7076010440771,0.47349023324383,0.088991941336182,16.944573571986474
MonetecFocusedSmallR-40-20260930-07:06:03-58,10.0,1.0,2.0,0.07,0.416666667,9.0,5.7257992627895,0.47396107311941,0.088894636954263,16.97507182030619
MonetecFocusedSmallR-41-20260930-07:06:03-58,10.0,1.0,2.0,0.07,0.416666667,9.0,5.7141654746032,0.46948663990521,0.088737771503814,16.983323839223832
MonetecFocusedSmallR-42-20260930-07:06:03-58,10.0,1.0,2.0,0.075,0.416666667,9.0,5.7450198106834,0.48968309320088,0.092213324986496,16.589439531438973
MonetecFocusedSmallR-43-20260930-07:06:03-58,10.0,1.0,2.0,0.075,0.416666667,9.0,5.7687311458681,0.49330315672133,0.091783532636827,16.663931747449244
MonetecFocusedSmallR-44-20260930-07:06:03-58,10.0,1.0,2.0,0.075,0.416666667,9.0,5.743139978563,0.49111141267472,0.091472405868455,16.675398625373756
MonetecFocusedSmallR-45-20260930-07:06:03-58,10.0,1.0,2.0,0.08,0.416666667,9.0,5.7814265770232,0.50785786935267,0.09458540533466,16.353882194904436
MonetecFocusedSmallR-46-20260930-07:06:03-58,10.0,1.0,2.0,0.08,0.416666667,9.0,5.8262618079672,0.51037994516255,0.094210343761905,16.440807515679193
MonetecFocusedSmallR-47-20260930-07:06:03-58,10.0,1.0,2.0,0.08,0.416666667,9.0,5.8139816287875,0.5089614534741,0.094199105317277,16.429793707170273
MonetecFocusedSmallR-48-20260930-07:06:03-58,10.0,1.0,2.0,0.085,0.416666667,9.0,5.8413137179458,0.52641714944198,0.096989122934183,16.151748225932863
MonetecFocusedSmallR-49-20260930-07:06:03-58,10.0,1.0,2.0,0.085,0.416666667,9.0,5.8720695702973,0.52769293743506,0.096743337650761,16.208698678649483
MonetecFocusedSmallR-50-20260930-07:06:03-58,10.0,1.0,2.0,0.085,0.416666667,9.0,5.8637591938523,0.52557168611823,0.096501855158784,16.226254281170586
MonetecFocusedSmallR-51-20260930-07:06:03-58,10.0,1.0,2.0,0.09,0.416666667,9.0,5.9061223368289,0.54295464586602,0.099490483525162,15.957334920865556
MonetecFocusedSmallR-52-20260930-07:06:03-58,10.0,1.0,2.0,0.09,0.416666667,9.0,5.9216982344161,0.54588114195755,0.099005384441913,16.02215898851484
MonetecFocusedSmallR-53-20260930-07:06:03-58,10.0,1.0,2.0,0.09,0.416666667,9.0,5.928737932948,0.54416300730859,0.098335385879433,16.098017191444832
MonetecFocusedSmallR-54-20260930-07:06:03-58,10.0,1.0,2.0,0.095,0.416666667,9.0,5.9402731871448,0.55890785585109,0.10118313484141,15.823343143095027
MonetecFocusedSmallR-55-20260930-07:06:03-58,10.0,1.0,2.0,0.095,0.416666667,9.0,5.9339160307557,0.55851838770915,0.10139583137677,15.796254417076208
MonetecFocusedSmallR-56-20260930-07:06:03-58,10.0,1.0,2.0,0.095,0.416666667,9.0,5.9378185934552,0.55700595088673,0.10101506929171,15.837331676124212
MonetecFocusedSmallR-57-20260930-07:06:03-58,10.0,1.0,2.0,0.1,0.416666667,9.0,5.9690892796783,0.57183838326174,0.1034903718779,15.63182390758958
MonetecFocusedSmallR-58-20260930-07:06:03-58,10.0,1.0,2.0,0.1,0.416666667,9.0,5.9821743857229,0.57342736890001,0.10320728744446,15.671412662992228
MonetecFocusedSmallR-59-20260930-07:06:03-58,10.0,1.0,2.0,0.1,0.416666667,9.0,5.9769149942719,0.57060658975754,0.1029524036354,15.690141346338844
MonetecFocusedSmallR-60-20260930-07:06:03-58,10.0,1.0,2.0,0.105,0.416666667,9.0,6.0169326045832,0.58598418459585,0.1051573429204,15.52649201554094
MonetecFocusedSmallR-61-20260930-07:06:04-58,10.0,1.0,2.0,0.105,0.416666667,9.0,6.0375832218425,0.58742797420136,0.10430801117602,15.624574563403963
MonetecFocusedSmallR-62-20260930-07:06:04-58,10.0,1.0,2.0,0.105,0.416666667,9.0,6.0386254630018,0.58584129438401,0.10430450181172,15.625939362502509
MonetecFocusedSmallR-63-20260930-07:06:04-58,10.0,1.0,2.0,0.11,0.416666667,9.0,6.0794818796204,0.60020789189621,0.10618041973231,15.497414136067363
MonetecFocusedSmallR-64-20260930-07:06:04-58,10.0,1.0,2.0,0.11,0.416666667,9.0,6.0505318525247,0.59973849581727,0.106243827636,15.462843346290544
MonetecFocusedSmallR-65-20260930-07:06:04-58,10.0,1.0,2.0,0.11,0.416666667,9.0,6.0757109606568,0.5989358431037,0.10577389960854,15.529839093408953
MonetecFocusedSmallR-66-20260930-07:06:04-58,10.0,1.0,2.0,0.115,0.416666667,9.0,6.1037626571459,0.61215255332902,0.10749310958797,15.40668452658556
MonetecFocusedSmallR-67-20260930-07:06:04-58,10.0,1.0,2.0,0.115,0.416666667,9.0,6.1014032366248,0.61273832728775,0.10791183989055,15.368226979174771
MonetecFocusedSmallR-68-20260930-07:06:04-58,10.0,1.0,2.0,0.115,0.416666667,9.0,6.0962843666448,0.61045537766351,0.10735999728523,15.410740637943295
MonetecFocusedSmallR-69-20260930-07:06:04-58,10.0,1.0,2.0,0.12,0.416666667,9.0,6.1667883851663,0.62449776576171,0.10876047648938,15.361304925351241
MonetecFocusedSmallR-70-20260930-07:06:04-58,10.0,1.0,2.0,0.12,0.416666667,9.0,6.1478372417737,0.62478894378088,0.10853999964495,15.361030564706667
MonetecFocusedSmallR-71-20260930-07:06:04-58,10.0,1.0,2.0,0.12,0.416666667,9.0,6.1354916233864,0.62194415041081,0.10869286399324,15.335727621052204
MonetecFocusedSmallR-72-20260930-07:06:04-58,10.0,1.0,2.0,0.125,0.416666667,9.0,6.2017593009108,0.63411510738722,0.1100248440235,15.290615630363192
MonetecFocusedSmallR-73-20260930-07:06:04-58,10.0,1.0,2.0,0.125,0.416666667,9.0,6.1840151239951,0.63552866567044,0.10989078595489,15.283959139415085
MonetecFocusedSmallR-74-20260930-07:06:04-58,10.0,1.0,2.0,0.125,0.416666667,9.0,6.1620575187344,0.63353855174436,0.10993620423434,15.25824204652108
MonetecFocusedSmallR-75-20260930-07:06:04-58,10.0,1.0,2.0,0.13,0.416666667,9.0,6.250876528158,0.6459216070438,0.11096803669912,15.262480497609232
MonetecFocusedSmallR-76-20260930-07:06:04-58,10.0,1.0,2.0,0.13,0.416666667,9.0,6.2034364917171,0.64444444444444,0.11139151679611,15.180780806279138
MonetecFocusedSmallR-77-20260930-07:06:04-58,10.0,1.0,2.0,0.13,0.416666667,9.0,6.1989441605667,0.64316300314017,0.11135090562083,15.179562633533424
MonetecFocusedSmallR-78-20260930-07:06:04-58,10.0,1.0,2.0,0.135,0.416666667,9.0,6.2476469745466,0.65482724103414,0.11255897242589,15.131878754988719
MonetecFocusedSmallR-79-20260930-07:06:04-58,10.0,1.0,2.0,0.135,0.416666667,9.0,6.2495851949349,0.65529127886936,0.11211391235709,15.169084826835496
MonetecFocusedSmallR-80-20260930-07:06:04-58,10.0,1.0,2.0,0.135,0.416666667,9.0,6.2537517601976,0.65360412890115,0.11214249700433,15.17097784944179
MonetecFocusedSmallR-81-20260930-07:06:04-58,10.0,1.0,2.0,0.14,0.416666667,9.0,6.2703998839208,0.66363187872808,0.11369985719723,15.06548568834134
MonetecFocusedSmallR-82-20260930-07:06:04-58,10.0,1.0,2.0,0.14,0.416666667,9.0,6.2732718699768,0.66442202286405,0.11318840331701,15.108099208244585
MonetecFocusedSmallR-83-20260930-07:06:04-58,10.0,1.0,2.0,0.14,0.416666667,9.0,6.2625608137459,0.66359038765601,0.1132886025421,15.08957410158642
MonetecFocusedSmallR-84-20260930-07:06:04-58,10.0,1.0,2.0,0.145,0.416666667,9.0,6.3207049865664,0.67308153346555,0.11433452663256,15.066969386765717
MonetecFocusedSmallR-85-20260930-07:06:04-58,10.0,1.0,2.0,0.145,0.416666667,9.0,6.3026797461209,0.67323109097246,0.11438132855603,15.045365397915434
MonetecFocusedSmallR-86-20260930-07:06:04-58,10.0,1.0,2.0,0.145,0.416666667,9.0,6.2857515641205,0.67165387940941,0.11414309010498,15.046684872306543
MonetecFocusedSmallR-87-20260930-07:06:04-58,10.0,1.0,2.0,0.15,0.416666667,9.0,6.3372491081197,0.68148132418831,0.11518677371501,15.01880140573119
MonetecFocusedSmallR-88-20260930-07:06:04-58,10.0,1.0,2.0,0.15,0.416666667,9.0,6.3505099909792,0.68222022138658,0.11466055356708,15.071905177816221
MonetecFocusedSmallR-89-20260930-07:06:04-58,10.0,1.0,2.0,0.15,0.416666667,9.0,6.3260351022389,0.68038524232126,0.11482288771306,15.03510016685371
MonetecFocusedSmallR-90-20260930-07:06:04-58,10.0,1.0,2.0,0.155,0.416666667,9.0,6.3529444286379,0.68964661094099,0.11596735303003,14.976060968523463
MonetecFocusedSmallR-91-20260930-07:06:04-58,10.0,1.0,2.0,0.155,0.416666667,9.0,6.374082812218,0.68921256824374,0.11554850340062,15.028457127503458
MonetecFocusedSmallR-92-20260930-07:06:04-58,10.0,1.0,2.0,0.155,0.416666667,9.0,6.3688062963966,0.68826310593859,0.11583594535165,15.001705151447517
MonetecFocusedSmallR-93-20260930-07:06:04-58,10.0,1.0,2.0,0.16,0.416666667,9.0,6.3686901224277,0.69610931596487,0.11716920967263,14.903355524660874
MonetecFocusedSmallR-94-20260930-07:06:04-58,10.0,1.0,2.0,0.16,0.416666667,9.0,6.3862556814666,0.69677980149184,0.11694365280134,14.937382451029432
MonetecFocusedSmallR-95-20260930-07:06:04-58,10.0,1.0,2.0,0.16,0.416666667,9.0,6.3836189150507,0.69527988542524,0.11678731785138,14.946192475242995
MonetecFocusedSmallR-96-20260930-07:06:04-58,10.0,1.0,2.0,0.165,0.416666667,9.0,6.4199246247859,0.70460229622482,0.11753410389413,14.928093461473164
MonetecFocusedSmallR-97-20260930-07:06:04-58,10.0,1.0,2.0,0.165,0.416666667,9.0,6.3979799676275,0.70353680590555,0.11756804722138,14.903692392339337
MonetecFocusedSmallR-98-20260930-07:06:04-58,10.0,1.0,2.0,0.165,0.416666667,9.0,6.4215313472457,0.70389964171857,0.11713600792575,14.958615867266893
MonetecFocusedSmallR-100-20260930-07:06:04-58,10.0,1.0,2.0,0.17,0.416666667,9.0,6.4278501749699,0.7116493656286,0.1181117843803,14.894405864114084
MonetecFocusedSmallR-101-20260930-07:06:04-58,10.0,1.0,2.0,0.17,0.416666667,9.0,6.4226188358755,0.71003846822988,0.11804677256846,14.89383730497901
MonetecFocusedSmallR-99-20260930-07:06:04-58,10.0,1.0,2.0,0.17,0.416666667,9.0,6.4467798898748,0.71178787587665,0.11786897075565,14.930776938369139
MonetecFocusedSmallR-102-20260930-07:06:04-58,10.0,1.0,2.0,0.175,0.416666667,9.0,6.4963488751612,0.71894702327978,0.1184626664977,14.937826933730946
MonetecFocusedSmallR-103-20260930-07:06:04-58,10.0,1.0,2.0,0.175,0.416666667,9.0,6.4526440357783,0.7180966520395,0.11879077560879,14.870806093186438
MonetecFocusedSmallR-104-20260930-07:06:04-58,10.0,1.0,2.0,0.175,0.416666667,9.0,6.4508698887815,0.71718657201844,0.11855474900442,14.885791377778265
MonetecFocusedSmallR-105-20260930-07:06:04-58,10.0,1.0,2.0,0.18,0.416666667,9.0,6.4982335145218,0.72553701467413,0.11895874717305,14.904508998789419
MonetecFocusedSmallR-106-20260930-07:06:04-58,10.0,1.0,2.0,0.18,0.416666667,9.0,6.52239913356,0.72592477548671,0.11889848799592,14.932935018880215
MonetecFocusedSmallR-107-20260930-07:06:04-58,10.0,1.0,2.0,0.18,0.416666667,9.0,6.4780625358089,0.7233247874283,0.11926990050773,14.862407586345679
MonetecFocusedSmallR-108-20260930-07:06:04-58,10.0,1.0,2.0,0.185,0.416666667,9.0,6.4845947165681,0.73020612252239,0.12023336484418,14.801753612486714
MonetecFocusedSmallR-109-20260930-07:06:04-58,10.0,1.0,2.0,0.185,0.416666667,9.0,6.5076472455522,0.73071468323071,0.11975075044279,14.858325602910323
MonetecFocusedSmallR-110-20260930-07:06:04-58,10.0,1.0,2.0,0.185,0.416666667,9.0,6.5077282784274,0.73011631986614,0.11977530988509,14.856694363001756
MonetecFocusedSmallR-111-20260930-07:06:04-58,10.0,1.0,2.0,0.19,0.416666667,9.0,6.5378638436722,0.73764757324005,0.12014067917434,14.861439229398695
MonetecFocusedSmallR-112-20260930-07:06:04-58,10.0,1.0,2.0,0.19,0.416666667,9.0,6.5336110772702,0.73703356328287,0.12040651443225,14.838809551914835
MonetecFocusedSmallR-113-20260930-07:06:04-58,10.0,1.0,2.0,0.19,0.416666667,9.0,6.5385159571029,0.73609669417126,0.12035366458099,14.847361420857489
MonetecFocusedSmallR-114-20260930-07:06:04-58,10.0,1.0,2.0,0.195,0.416666667,9.0,6.5366199642652,0.74255556509053,0.12111525208488,14.793218392505931
MonetecFocusedSmallR-115-20260930-07:06:04-58,10.0,1.0,2.0,0.195,0.416666667,9.0,6.5326869662444,0.74267701676888,0.12107920014266,14.791743838289829
MonetecFocusedSmallR-116-20260930-07:06:04-58,10.0,1.0,2.0,0.195,0.416666667,9.0,6.5292879782563,0.74131240838148,0.12104744291399,14.790511643348903
MonetecFocusedSmallR-117-20260930-07:06:04-58,10.0,1.0,2.0,0.2,0.416666667,9.0,6.5474521719354,0.74708515642783,0.12173770572008,14.761834019243825
MonetecFocusedSmallR-118-20260930-07:06:04-58,10.0,1.0,2.0,0.2,0.416666667,9.0,6.5629296382954,0.74760859140355,0.12166685542369,14.782094969047328
MonetecFocusedSmallR-119-20260930-07:06:04-58,10.0,1.0,2.0,0.2,0.416666667,9.0,6.566511711385,0.74695075661724,0.12155712606378,14.793096465250507
MonetecFocusedSmallR-120-20260930-07:06:04-58,10.0,1.0,2.0,0.205,0.416666667,9.0,6.5683279275865,0.75221765201447,0.12238109598114,14.739524565293591
MonetecFocusedSmallR-121-20260930-07:06:04-58,10.0,1.0,2.0,0.205,0.416666667,9.0,6.5797750007984,0.75256303456694,0.12223658877178,14.760631567951425
MonetecFocusedSmallR-122-20260930-07:06:04-58,10.0,1.0,2.0,0.205,0.416666667,9.0,6.574245097544,0.75141280389785,0.12216367646888,14.759984336119881
MonetecFocusedSmallR-123-20260930-07:06:04-58,10.0,1.0,2.0,0.21,0.416666667,9.0,6.5924439954554,0.75701812644777,0.12275457510544,14.738779878586847
MonetecFocusedSmallR-124-20260930-07:06:04-58,10.0,1.0,2.0,0.21,0.416666667,9.0,6.5859175631185,0.75826309767457,0.1224546903326,14.75220337286489
MonetecFocusedSmallR-125-20260930-07:06:04-58,10.0,1.0,2.0,0.21,0.416666667,9.0,6.5912544759378,0.75670283684492,0.12246580734937,14.756798978879782
MonetecFocusedSmallR-126-20260930-07:06:04-58,10.0,1.0,2.0,0.215,0.416666667,9.0,6.6142038432518,0.76264696108993,0.12298112360197,14.74553303192073
MonetecFocusedSmallR-127-20260930-07:06:05-58,10.0,1.0,2.0,0.215,0.416666667,9.0,6.5777949477566,0.76166074790857,0.12347585216229,14.676544480464049
MonetecFocusedSmallR-128-20260930-07:06:05-58,10.0,1.0,2.0,0.215,0.416666667,9.0,6.6109969329115,0.76155276837236,0.12298802692401,14.741869709802742
MonetecFocusedSmallR-129-20260930-07:06:05-58,10.0,1.0,2.0,0.22,0.416666667,9.0,6.6312798981826,0.76707170309406,0.12347673617201,14.729971449333938
MonetecFocusedSmallR-130-20260930-07:06:05-58,10.0,1.0,2.0,0.22,0.416666667,9.0,6.5958140563428,0.76647154066509,0.12391981593936,14.665548444016105
MonetecFocusedSmallR-131-20260930-07:06:05-58,10.0,1.0,2.0,0.22,0.416666667,9.0,6.6194205500601,0.76623315904717,0.12336906924818,14.725180009007728
MonetecFocusedSmallR-132-20260930-07:06:05-58,10.0,1.0,2.0,0.225,0.416666667,9.0,6.6537644242749,0.77099586265859,0.12361765833497,14.74322359595953
MonetecFocusedSmallR-133-20260930-07:06:05-58,10.0,1.0,2.0,0.225,0.416666667,9.0,6.6748265612543,0.77260840894104,0.12311341450395,14.797418270932823
MonetecFocusedSmallR-134-20260930-07:06:05-58,10.0,1.0,2.0,0.225,0.416666667,9.0,6.6344658132665,0.77004445807144,0.12395765960635,14.70173655051405
MonetecFocusedSmallR-135-20260930-07:06:05-58,10.0,1.0,2.0,0.23,0.416666667,9.0,6.6457536601302,0.77537680540893,0.12422063318541,14.695946082732119
MonetecFocusedSmallR-136-20260930-07:06:05-58,10.0,1.0,2.0,0.23,0.416666667,9.0,6.6504984703421,0.77562544407464,0.12418306891907,14.703126004065712
MonetecFocusedSmallR-137-20260930-07:06:05-58,10.0,1.0,2.0,0.23,0.416666667,9.0,6.6600131022241,0.77459031790279,0.12421303762159,14.710697789981754
MonetecFocusedSmallR-138-20260930-07:06:05-58,10.0,1.0,2.0,0.235,0.416666667,9.0,6.688566401958,0.78012474256272,0.12429849917179,14.733715833874502
MonetecFocusedSmallR-139-20260930-07:06:05-58,10.0,1.0,2.0,0.235,0.416666667,9.0,6.6834794758205,0.77986821443771,0.12451410301745,14.714698235512767
MonetecFocusedSmallR-140-20260930-07:06:05-58,10.0,1.0,2.0,0.235,0.416666667,9.0,6.6595287087653,0.77849970466627,0.12460179158018,14.685095494909863
MonetecFocusedSmallR-141-20260930-07:06:05-58,10.0,1.0,2.0,0.24,0.416666667,9.0,6.6761470947456,0.78286107190678,0.12525069505127,14.660134725238676
MonetecFocusedSmallR-142-20260930-07:06:05-58,10.0,1.0,2.0,0.24,0.416666667,9.0,6.6641752605688,0.78294590468749,0.12537338312993,14.6403499081306
MonetecFocusedSmallR-143-20260930-07:06:05-58,10.0,1.0,2.0,0.24,0.416666667,9.0,6.6712056290191,0.78247471268535,0.12519300128592,14.65887258906079
MonetecFocusedSmallR-144-20260930-07:06:05-58,10.0,1.0,2.0,0.245,0.416666667,9.0,6.6979797827722,0.78715554672645,0.12508589396727,14.692486343693133
MonetecFocusedSmallR-145-20260930-07:06:05-58,10.0,1.0,2.0,0.245,0.416666667,9.0,6.7129809511871,0.78750681748961,0.12500208696144,14.712847387884871
MonetecFocusedSmallR-146-20260930-07:06:05-58,10.0,1.0,2.0,0.245,0.416666667,9.0,6.6695034570447,0.78597417421702,0.12547922635808,14.638950105897159
MonetecFocusedSmallR-147-20260930-07:06:05-58,10.0,1.0,2.0,0.25,0.416666667,9.0,6.7032323729166,0.79044279437548,0.1258107614419,14.65167802684267
MonetecFocusedSmallR-148-20260930-07:06:05-58,10.0,1.0,2.0,0.25,0.416666667,9.0,6.6945453674557,0.79095679076865,0.12585272558712,14.640340703511114
MonetecFocusedSmallR-149-20260930-07:06:05-58,10.0,1.0,2.0,0.25,0.416666667,9.0,6.6898941788349,0.78979378770574,0.1259196830773,14.631464357232797
MonetecFocusedSmallR-150-20260930-07:06:05-58,10.0,1.0,2.0,0.255,0.416666667,9.0,6.7125931095592,0.79378325245054,0.12602494838144,14.64752990456028
MonetecFocusedSmallR-151-20260930-07:06:05-58,10.0,1.0,2.0,0.255,0.416666667,9.0,6.7264724358087,0.79437548407438,0.12603946834919,14.660495112177967
MonetecFocusedSmallR-152-20260930-07:06:05-58,10.0,1.0,2.0,0.255,0.416666667,9.0,6.6990123946762,0.79343253162204,0.12615280989786,14.62590677625718
MonetecFocusedSmallR-153-20260930-07:06:05-58,10.0,1.0,2.0,0.26,0.416666667,9.0,6.6918794018484,0.79656465514318,0.12681011988946,14.57768536805754
MonetecFocusedSmallR-154-20260930-07:06:05-58,10.0,1.0,2.0,0.26,0.416666667,9.0,6.705327179442,0.79724807223135,0.12680857268569,14.591229361139273
MonetecFocusedSmallR-155-20260930-07:06:05-58,10.0,1.0,2.0,0.26,0.416666667,9.0,6.7188151667137,0.79720284447329,0.1262749276028,14.638043623098309
MonetecFocusedSmallR-156-20260930-07:06:05-58,10.0,1.0,2.0,0.265,0.416666667,9.0,6.7405290569126,0.80070285459945,0.12653600667762,14.6434179361842
MonetecFocusedSmallR-157-20260930-07:06:05-58,10.0,1.0,2.0,0.265,0.416666667,9.0,6.7227744470243,0.80054252433381,0.1270942805621,14.590949124730479
MonetecFocusedSmallR-158-20260930-07:06:05-58,10.0,1.0,2.0,0.265,0.416666667,9.0,6.7129739265462,0.80001066609781,0.12694113053536,14.59064128134769
MonetecFocusedSmallR-159-20260930-07:06:05-58,10.0,1.0,2.0,0.27,0.416666667,9.0,6.735375994817,0.80367905451833,0.12716323305261,14.59928426448391
MonetecFocusedSmallR-160-20260930-07:06:05-58,10.0,1.0,2.0,0.27,0.416666667,9.0,6.7448934472491,0.80412512487023,0.12715078622383,14.609571517266293
MonetecFocusedSmallR-161-20260930-07:06:05-58,10.0,1.0,2.0,0.27,0.416666667,9.0,6.726693165935,0.80325288562434,0.12717788341504,14.589695546125112
MonetecFocusedSmallR-162-20260930-07:06:05-58,10.0,1.0,2.0,0.275,0.416666667,9.0,6.7293282501431,0.80627288401558,0.12799414478649,14.542185640362966
MonetecFocusedSmallR-163-20260930-07:06:05-58,10.0,1.0,2.0,0.275,0.416666667,9.0,6.7354150477767,0.80695850251276,0.12751432766566,14.577671038193555
MonetecFocusedSmallR-164-20260930-07:06:05-58,10.0,1.0,2.0,0.275,0.416666667,9.0,6.7496198432605,0.80692992843536,0.12730874313778,14.604539901011357
MonetecFocusedSmallR-165-20260930-07:06:05-58,10.0,1.0,2.0,0.28,0.416666667,9.0,6.7493408537867,0.80958305035259,0.12810155138483,14.555647562718733
MonetecFocusedSmallR-166-20260930-07:06:05-58,10.0,1.0,2.0,0.28,0.416666667,9.0,6.7429761467255,0.81021634615385,0.12782857128222,14.565953357291356
MonetecFocusedSmallR-167-20260930-07:06:05-58,10.0,1.0,2.0,0.28,0.416666667,9.0,6.7508350868194,0.8095008286714,0.12763828653139,14.585474889462557
MonetecFocusedSmallR-168-20260930-07:06:05-58,10.0,1.0,2.0,0.285,0.416666667,9.0,6.7602843552982,0.81244725078928,0.12821382817524,14.559755085032755
MonetecFocusedSmallR-169-20260930-07:06:05-58,10.0,1.0,2.0,0.285,0.416666667,9.0,6.7545043603713,0.81280536125445,0.12820842323143,14.554303896123272
MonetecFocusedSmallR-170-20260930-07:06:05-58,10.0,1.0,2.0,0.285,0.416666667,9.0,6.7449029704681,0.81201122919591,0.12840981577059,14.532469629597538
MonetecFocusedSmallR-171-20260930-07:06:05-58,10.0,1.0,2.0,0.29,0.416666667,9.0,6.7678676832757,0.81536482694107,0.12845518313379,14.552683956189105
MonetecFocusedSmallR-172-20260930-07:06:05-58,10.0,1.0,2.0,0.29,0.416666667,9.0,6.7655642381487,0.81566593752304,0.12853962250571,14.545266562664068
MonetecFocusedSmallR-173-20260930-07:06:05-58,10.0,1.0,2.0,0.29,0.416666667,9.0,6.7388903335869,0.81474345911833,0.12881660914851,14.501864429940582
MonetecFocusedSmallR-174-20260930-07:06:05-58,10.0,1.0,2.0,0.295,0.416666667,9.0,6.767809976332,0.81765467442242,0.12890268742191,14.525600135717202
MonetecFocusedSmallR-175-20260930-07:06:05-58,10.0,1.0,2.0,0.295,0.416666667,9.0,6.7582696831065,0.81798435878923,0.12906061401145,14.50656692823879
MonetecFocusedSmallR-176-20260930-07:06:05-58,10.0,1.0,2.0,0.295,0.416666667,9.0,6.7485716046963,0.81738272927598,0.12906653845854,14.496513185396783
MonetecFocusedSmallR-177-20260930-07:06:05-58,10.0,1.0,2.0,0.3,0.416666667,9.0,6.7814654663021,0.82081422018349,0.12907875524664,14.528673735309873
MonetecFocusedSmallR-178-20260930-07:06:05-58,10.0,1.0,2.0,0.3,0.416666667,9.0,6.7776394181693,0.82087565005045,0.12902958440501,14.52780000817095
MonetecFocusedSmallR-179-20260930-07:06:06-58,10.0,1.0,2.0,0.3,0.416666667,9.0,6.7675695449941,0.82053874269443,0.1290495945761,14.516528410651786
MonetecFocusedSmallR-180-20260930-07:06:06-58,10.0,4.0,2.0,0.005,0.416666667,9.0,4.939691350835,0.0,0.012145836940524,87.27242847688254
MonetecFocusedSmallR-181-20260930-07:06:06-58,10.0,4.0,2.0,0.005,0.416666667,9.0,4.9321579006918,0.0,0.012024233720046,88.09754068370164
MonetecFocusedSmallR-182-20260930-07:06:06-58,10.0,4.0,2.0,0.005,0.416666667,9.0,4.9505196204385,0.0,0.012121531897956,87.44834319739294
MonetecFocusedSmallR-183-20260930-07:06:06-58,10.0,4.0,2.0,0.01,0.416666667,9.0,4.9784018082544,3.3332222259258e-05,0.024207953805885,46.28713892906377
MonetecFocusedSmallR-184-20260930-07:06:06-58,10.0,4.0,2.0,0.01,0.416666667,9.0,5.0126930127157,3.3332222259258e-05,0.024011935904445,46.65864792361831
MonetecFocusedSmallR-185-20260930-07:06:06-58,10.0,4.0,2.0,0.01,0.416666667,9.0,5.008913273458,0.0,0.024213358871338,46.30842918587967
MonetecFocusedSmallR-186-20260930-07:06:06-58,10.0,4.0,2.0,0.015,0.416666667,9.0,5.0955492974728,6.6662222518499e-05,0.036226548929315,32.69961398360101
MonetecFocusedSmallR-187-20260930-07:06:06-58,10.0,4.0,2.0,0.015,0.416666667,9.0,5.1068978000496,6.6662222518499e-05,0.035948495700451,32.92447348757564
MonetecFocusedSmallR-188-20260930-07:06:06-58,10.0,4.0,2.0,0.015,0.416666667,9.0,5.1250550430597,0.00016663889351775,0.036225303240512,32.73006895724733
MonetecFocusedSmallR-189-20260930-07:06:06-58,10.0,4.0,2.0,0.02,0.416666667,9.0,5.2711035856341,0.0002665689247276,0.048777003312807,25.772568048036565
MonetecFocusedSmallR-190-20260930-07:06:06-58,10.0,4.0,2.0,0.02,0.416666667,9.0,5.2486918223421,0.0002999100269919,0.048074714761252,26.049647271920666
MonetecFocusedSmallR-191-20260930-07:06:06-58,10.0,4.0,2.0,0.02,0.416666667,9.0,5.285652727468,0.00063293247609847,0.047996411692143,26.120543602522726
MonetecFocusedSmallR-192-20260930-07:06:06-58,10.0,4.0,2.0,0.025,0.416666667,9.0,5.4080193960124,0.00079936051159073,0.060051109495525,22.060501063724463
MonetecFocusedSmallR-193-20260930-07:06:06-58,10.0,4.0,2.0,0.025,0.416666667,9.0,5.459297595365,0.00083261173649504,0.059742574398634,22.19777949149944
MonetecFocusedSmallR-194-20260930-07:06:06-58,10.0,4.0,2.0,0.025,0.416666667,9.0,5.4677584680455,0.0010987547446228,0.060591730795808,21.97166068153342
MonetecFocusedSmallR-195-20260930-07:06:06-58,10.0,4.0,2.0,0.03,0.416666667,9.0,5.6969326739373,0.0016306699058205,0.07253223949857,19.48390529346762
MonetecFocusedSmallR-196-20260930-07:06:06-58,10.0,4.0,2.0,0.03,0.416666667,9.0,5.6836969714782,0.0012982689747004,0.072494086705728,19.477925513997192
MonetecFocusedSmallR-197-20260930-07:06:06-58,10.0,4.0,2.0,0.03,0.416666667,9.0,5.6925327411386,0.0016306699058205,0.072506613114449,19.48437816110791
MonetecFocusedSmallR-198-20260930-07:06:06-58,10.0,4.0,2.0,0.035,0.416666667,9.0,5.9837992607914,0.0037524075180979,0.08443480632067,17.827256284926193
MonetecFocusedSmallR-199-20260930-07:06:06-58,10.0,4.0,2.0,0.035,0.416666667,9.0,5.9561018258068,0.002891422114394,0.08456259067625,17.78166194645785
MonetecFocusedSmallR-200-20260930-07:06:06-58,10.0,4.0,2.0,0.035,0.416666667,9.0,6.0001293901533,0.0038185682029486,0.084320913149782,17.859583499997523
MonetecFocusedSmallR-201-20260930-07:06:06-58,10.0,4.0,2.0,0.04,0.416666667,9.0,6.2930213370639,0.0061943091854649,0.096267435275991,16.68075003403272
MonetecFocusedSmallR-202-20260930-07:06:06-58,10.0,4.0,2.0,0.04,0.416666667,9.0,6.2556437860916,0.0061947195812767,0.095499388682366,16.72691500360726
MonetecFocusedSmallR-203-20260930-07:06:06-58,10.0,4.0,2.0,0.04,0.416666667,9.0,6.2628613038938,0.00658918578855,0.095731943600621,16.70869539425602
MonetecFocusedSmallR-204-20260930-07:06:06-58,10.0,4.0,2.0,0.045,0.416666667,9.0,6.6433156828366,0.009540787692714,0.1079068357233,15.910569173285054
MonetecFocusedSmallR-205-20260930-07:06:06-58,10.0,4.0,2.0,0.045,0.416666667,9.0,6.6295650355968,0.010455145118734,0.10637077769848,16.030643241818183
MonetecFocusedSmallR-206-20260930-07:06:06-58,10.0,4.0,2.0,0.045,0.416666667,9.0,6.662891072939,0.011042985232068,0.10787763841643,15.932652764790216
MonetecFocusedSmallR-207-20260930-07:06:06-58,10.0,4.0,2.0,0.05,0.416666667,9.0,6.9594541166853,0.014778325123153,0.11861782886194,15.389889992930396
MonetecFocusedSmallR-208-20260930-07:06:06-58,10.0,4.0,2.0,0.05,0.416666667,9.0,7.0714975464234,0.015682929229962,0.11846693219993,15.5126716481749
MonetecFocusedSmallR-209-20260930-07:06:06-58,10.0,4.0,2.0,0.05,0.416666667,9.0,7.0735594282984,0.01790565975973,0.11883155640871,15.488832527647478
MonetecFocusedSmallR-210-20260930-07:06:06-58,10.0,4.0,2.0,0.055,0.416666667,9.0,7.6030231729015,0.026825391676668,0.13001843915682,15.294239945576823
MonetecFocusedSmallR-211-20260930-07:06:06-58,10.0,4.0,2.0,0.055,0.416666667,9.0,7.4532192715654,0.023499544330165,0.12874435290489,15.22055024521013
MonetecFocusedSmallR-212-20260930-07:06:06-58,10.0,4.0,2.0,0.055,0.416666667,9.0,7.5389486077409,0.027520259319287,0.12914331436143,15.282284025022559
MonetecFocusedSmallR-213-20260930-07:06:06-58,10.0,4.0,2.0,0.06,0.416666667,9.0,8.0045740879802,0.035865792518319,0.13985814915861,15.154675859067721
MonetecFocusedSmallR-214-20260930-07:06:06-58,10.0,4.0,2.0,0.06,0.416666667,9.0,8.0906581326875,0.037779416952631,0.13997336134549,15.234874649226992
MonetecFocusedSmallR-215-20260930-07:06:06-58,10.0,4.0,2.0,0.06,0.416666667,9.0,8.0530688258053,0.03858479682092,0.13997806825005,15.19704511081624
MonetecFocusedSmallR-216-20260930-07:06:06-58,10.0,4.0,2.0,0.065,0.416666667,9.0,8.50227759915,0.048223350253807,0.1494057136485,15.195462053612394
MonetecFocusedSmallR-217-20260930-07:06:06-58,10.0,4.0,2.0,0.065,0.416666667,9.0,8.5172729778431,0.05230905300398,0.14846971375478,15.252653377724855
MonetecFocusedSmallR-218-20260930-07:06:06-58,10.0,4.0,2.0,0.065,0.416666667,9.0,8.4979280033655,0.047587301587302,0.14878911782353,15.218849631424623
MonetecFocusedSmallR-219-20260930-07:06:06-58,10.0,4.0,2.0,0.07,0.416666667,9.0,9.0171309819034,0.065622274822474,0.15763541691794,15.360883036814817
MonetecFocusedSmallR-220-20260930-07:06:06-58,10.0,4.0,2.0,0.07,0.416666667,9.0,9.0488386282521,0.069190195470059,0.15664132829697,15.432849865083162
MonetecFocusedSmallR-221-20260930-07:06:06-58,10.0,4.0,2.0,0.07,0.416666667,9.0,9.0813907245407,0.067130997170486,0.15661776300042,15.46636252366746
MonetecFocusedSmallR-222-20260930-07:06:06-58,10.0,4.0,2.0,0.075,0.416666667,9.0,9.7127807227133,0.087638741067356,0.1659376863133,15.73913930476525
MonetecFocusedSmallR-223-20260930-07:06:06-58,10.0,4.0,2.0,0.075,0.416666667,9.0,9.6503808036539,0.086638862674663,0.16470902761698,15.721693435803207
MonetecFocusedSmallR-224-20260930-07:06:06-58,10.0,4.0,2.0,0.075,0.416666667,9.0,9.691876334429,0.085831809872029,0.16482144906965,15.759047844233052
MonetecFocusedSmallR-225-20260930-07:06:06-58,10.0,4.0,2.0,0.08,0.416666667,9.0,10.263395661644,0.10703655197047,0.17230792139263,16.0669593743148
MonetecFocusedSmallR-226-20260930-07:06:06-58,10.0,4.0,2.0,0.08,0.416666667,9.0,10.1911197767,0.10811855287018,0.17197070777829,16.00606357101892
MonetecFocusedSmallR-227-20260930-07:06:06-58,10.0,4.0,2.0,0.08,0.416666667,9.0,10.211974996035,0.10910170749814,0.17130471173028,16.049526047021292
MonetecFocusedSmallR-228-20260930-07:06:06-58,10.0,4.0,2.0,0.085,0.416666667,9.0,10.824123664963,0.13406644153895,0.17860299789205,16.423133826060145
MonetecFocusedSmallR-229-20260930-07:06:06-58,10.0,4.0,2.0,0.085,0.416666667,9.0,10.816348659228,0.13388758985018,0.17810092777078,16.431142543328498
MonetecFocusedSmallR-230-20260930-07:06:06-58,10.0,4.0,2.0,0.085,0.416666667,9.0,10.689193710219,0.13448723496322,0.17677483349449,16.346107538007555
MonetecFocusedSmallR-231-20260930-07:06:06-58,10.0,4.0,2.0,0.09,0.416666667,9.0,11.373219439227,0.15904249355309,0.18356308664326,16.820937813800963
MonetecFocusedSmallR-232-20260930-07:06:06-58,10.0,4.0,2.0,0.09,0.416666667,9.0,11.233746762556,0.15639850406321,0.18231558766116,16.718741286768246
MonetecFocusedSmallR-233-20260930-07:06:06-58,10.0,4.0,2.0,0.09,0.416666667,9.0,11.159043909056,0.15560621411685,0.18186663351211,16.65757863578702
MonetecFocusedSmallR-234-20260930-07:06:06-58,10.0,4.0,2.0,0.095,0.416666667,9.0,11.86696994652,0.18272950149823,0.18770922834759,17.194358529399118
MonetecFocusedSmallR-235-20260930-07:06:06-58,10.0,4.0,2.0,0.095,0.416666667,9.0,11.779226044675,0.18405808925512,0.18659894572249,17.138313129160462
MonetecFocusedSmallR-236-20260930-07:06:06-58,10.0,4.0,2.0,0.095,0.416666667,9.0,11.778107962738,0.18412966034863,0.18642324607394,17.14224586431373
MonetecFocusedSmallR-237-20260930-07:06:06-58,10.0,4.0,2.0,0.1,0.416666667,9.0,12.396218225447,0.21394325237758,0.19075074816793,17.63866162136824
MonetecFocusedSmallR-238-20260930-07:06:06-58,10.0,4.0,2.0,0.1,0.416666667,9.0,12.255422774841,0.21030743314382,0.1903485480521,17.508943278324388
MonetecFocusedSmallR-239-20260930-07:06:06-58,10.0,4.0,2.0,0.1,0.416666667,9.0,12.182371567736,0.207679712671,0.18968614240565,17.454237964077528
MonetecFocusedSmallR-240-20260930-07:06:06-58,10.0,4.0,2.0,0.105,0.416666667,9.0,12.792647111919,0.23496863685043,0.19334798116873,17.964669048508682
MonetecFocusedSmallR-241-20260930-07:06:06-58,10.0,4.0,2.0,0.105,0.416666667,9.0,12.774184679032,0.23720409875664,0.19266017935671,17.96467086740257
MonetecFocusedSmallR-242-20260930-07:06:06-58,10.0,4.0,2.0,0.105,0.416666667,9.0,12.619542809156,0.23289527510738,0.19218625140529,17.822828646139
MonetecFocusedSmallR-243-20260930-07:06:06-58,10.0,4.0,2.0,0.11,0.416666667,9.0,13.146727001326,0.25859938717011,0.19571334268627,18.256240672057217
MonetecFocusedSmallR-244-20260930-07:06:06-58,10.0,4.0,2.0,0.11,0.416666667,9.0,13.14481896425,0.26353258868295,0.19465385312584,18.282143419643745
MonetecFocusedSmallR-245-20260930-07:06:06-58,10.0,4.0,2.0,0.11,0.416666667,9.0,13.075438110376,0.25811078140455,0.19473926904802,18.210509248767785
MonetecFocusedSmallR-246-20260930-07:06:06-58,10.0,4.0,2.0,0.115,0.416666667,9.0,13.585502043658,0.28580270424681,0.19749715943517,18.648866007271145
MonetecFocusedSmallR-247-20260930-07:06:06-58,10.0,4.0,2.0,0.115,0.416666667,9.0,13.571756156867,0.28885675682082,0.19664223418009,18.657133691197565
MonetecFocusedSmallR-248-20260930-07:06:06-58,10.0,4.0,2.0,0.115,0.416666667,9.0,13.491072802927,0.2836882819215,0.19629087053665,18.585553240382126
MonetecFocusedSmallR-249-20260930-07:06:06-58,10.0,4.0,2.0,0.12,0.416666667,9.0,14.060848594804,0.31642022282472,0.19873512400102,19.092671756545997
MonetecFocusedSmallR-250-20260930-07:06:06-58,10.0,4.0,2.0,0.12,0.416666667,9.0,13.906171825744,0.31362814852097,0.19815286027275,18.9527807852288
MonetecFocusedSmallR-251-20260930-07:06:06-58,10.0,4.0,2.0,0.12,0.416666667,9.0,13.870007530144,0.31146299483649,0.1980660650658,18.918827981379742
MonetecFocusedSmallR-252-20260930-07:06:06-58,10.0,4.0,2.0,0.125,0.416666667,9.0,14.331963281893,0.33814965146034,0.19972490406819,19.338850152939287
MonetecFocusedSmallR-253-20260930-07:06:06-58,10.0,4.0,2.0,0.125,0.416666667,9.0,14.2180703452,0.33640787436408,0.19937157535365,19.233830481649623
MonetecFocusedSmallR-254-20260930-07:06:06-58,10.0,4.0,2.0,0.125,0.416666667,9.0,14.220342716487,0.33325925102789,0.19932986995982,19.237152290494024
MonetecFocusedSmallR-255-20260930-07:06:06-58,10.0,4.0,2.0,0.13,0.416666667,9.0,14.663728004435,0.36106733676903,0.20074539458113,19.64516233365871
MonetecFocusedSmallR-256-20260930-07:06:06-58,10.0,4.0,2.0,0.13,0.416666667,9.0,14.602618515681,0.36010749477456,0.20018600549021,19.597972699162643
MonetecFocusedSmallR-257-20260930-07:06:06-58,10.0,4.0,2.0,0.13,0.416666667,9.0,14.463713553038,0.35439442196781,0.20026344511369,19.457136089199295
MonetecFocusedSmallR-258-20260930-07:06:06-58,10.0,4.0,2.0,0.135,0.416666667,9.0,14.934078310525,0.38294634226601,0.20142055027748,19.89881501997389
MonetecFocusedSmallR-259-20260930-07:06:06-58,10.0,4.0,2.0,0.135,0.416666667,9.0,14.826868223196,0.37951358729371,0.20087505195794,19.805087221787144
MonetecFocusedSmallR-260-20260930-07:06:06-58,10.0,4.0,2.0,0.135,0.416666667,9.0,14.782587093302,0.37762934074597,0.20085399518683,19.761327989492898
MonetecFocusedSmallR-261-20260930-07:06:06-58,10.0,4.0,2.0,0.14,0.416666667,9.0,15.193753540337,0.40570092902561,0.20179456238652,20.149288457499864
MonetecFocusedSmallR-262-20260930-07:06:06-58,10.0,4.0,2.0,0.14,0.416666667,9.0,15.060967813697,0.40109385604216,0.20145759879957,20.024791496490415
MonetecFocusedSmallR-263-20260930-07:06:06-58,10.0,4.0,2.0,0.14,0.416666667,9.0,15.139504803132,0.40097033103063,0.20146727891921,20.10308998363671
MonetecFocusedSmallR-264-20260930-07:06:06-58,10.0,4.0,2.0,0.145,0.416666667,9.0,15.382563834407,0.42320484475632,0.20225808446658,20.32674197510938
MonetecFocusedSmallR-265-20260930-07:06:06-58,10.0,4.0,2.0,0.145,0.416666667,9.0,15.362150559797,0.42112676056338,0.20182458531248,20.31694830384649
MonetecFocusedSmallR-266-20260930-07:06:06-58,10.0,4.0,2.0,0.145,0.416666667,9.0,15.35847527211,0.42039988409157,0.20196120761043,20.309921204880094
MonetecFocusedSmallR-267-20260930-07:06:06-58,10.0,4.0,2.0,0.15,0.416666667,9.0,15.598267342203,0.44137853990951,0.20249993911773,20.536540431848806
MonetecFocusedSmallR-268-20260930-07:06:06-58,10.0,4.0,2.0,0.15,0.416666667,9.0,15.61364198236,0.44047219424863,0.20229576804005,20.556899123567337
MonetecFocusedSmallR-269-20260930-07:06:06-58,10.0,4.0,2.0,0.15,0.416666667,9.0,15.59314391543,0.43990591046559,0.20208920197342,20.541453821327526
MonetecFocusedSmallR-270-20260930-07:06:06-58,10.0,4.0,2.0,0.155,0.416666667,9.0,15.818025941534,0.45935669880169,0.20253511159248,20.75544144513367
MonetecFocusedSmallR-271-20260930-07:06:06-58,10.0,4.0,2.0,0.155,0.416666667,9.0,15.779836796401,0.45743892073711,0.20240407739987,20.720448728958058
MonetecFocusedSmallR-272-20260930-07:06:06-58,10.0,4.0,2.0,0.155,0.416666667,9.0,15.763946969096,0.45434043249732,0.20242857445869,20.70396100947582
MonetecFocusedSmallR-273-20260930-07:06:07-58,10.0,4.0,2.0,0.16,0.416666667,9.0,16.021227618775,0.47730954828145,0.20268779315389,20.95492384408618
MonetecFocusedSmallR-274-20260930-07:06:07-58,10.0,4.0,2.0,0.16,0.416666667,9.0,15.983903131532,0.47427810485001,0.20266645612548,20.918118783780116
MonetecFocusedSmallR-275-20260930-07:06:07-58,10.0,4.0,2.0,0.16,0.416666667,9.0,15.995538614261,0.4725489161964,0.20253650926871,20.932920045444234
MonetecFocusedSmallR-276-20260930-07:06:07-58,10.0,4.0,2.0,0.165,0.416666667,9.0,16.10325706382,0.48977960682947,0.20291325289384,21.031471390575575
MonetecFocusedSmallR-277-20260930-07:06:07-58,10.0,4.0,2.0,0.165,0.416666667,9.0,16.062903881527,0.48654013998939,0.20300780727232,20.988822807682254
MonetecFocusedSmallR-278-20260930-07:06:07-58,10.0,4.0,2.0,0.165,0.416666667,9.0,16.117518245019,0.48746989186696,0.20262000297273,21.052865127501214
MonetecFocusedSmallR-279-20260930-07:06:07-58,10.0,4.0,2.0,0.17,0.416666667,9.0,16.304715787959,0.50535826161506,0.20300099992669,21.230799897698024
MonetecFocusedSmallR-280-20260930-07:06:07-58,10.0,4.0,2.0,0.17,0.416666667,9.0,16.259296948923,0.50374634049521,0.20301722891486,21.1849872725722
MonetecFocusedSmallR-281-20260930-07:06:07-58,10.0,4.0,2.0,0.17,0.416666667,9.0,16.303108449734,0.5026770765992,0.20274769393415,21.235347039460144
MonetecFocusedSmallR-282-20260930-07:06:07-58,10.0,4.0,2.0,0.175,0.416666667,9.0,16.473879946658,0.52114654154298,0.20295540642192,21.40107069082137
MonetecFocusedSmallR-283-20260930-07:06:07-58,10.0,4.0,2.0,0.175,0.416666667,9.0,16.434282250793,0.51911394636875,0.2029461305633,21.361698197203935
MonetecFocusedSmallR-284-20260930-07:06:07-58,10.0,4.0,2.0,0.175,0.416666667,9.0,16.400681060316,0.51367253983434,0.2030290433867,21.326084752906652
MonetecFocusedSmallR-285-20260930-07:06:07-58,10.0,4.0,2.0,0.18,0.416666667,9.0,16.553702482574,0.53223367268986,0.20317588590959,21.47554640870303
MonetecFocusedSmallR-286-20260930-07:06:07-58,10.0,4.0,2.0,0.18,0.416666667,9.0,16.598755968155,0.53262918477668,0.2030888845995,21.522708364525894
MonetecFocusedSmallR-287-20260930-07:06:07-58,10.0,4.0,2.0,0.18,0.416666667,9.0,16.522714458399,0.52824729948584,0.20303722372812,21.44791970716198
MonetecFocusedSmallR-288-20260930-07:06:07-58,10.0,4.0,2.0,0.185,0.416666667,9.0,16.70939884934,0.54664551223935,0.20310986188902,21.632842697410773
MonetecFocusedSmallR-289-20260930-07:06:07-58,10.0,4.0,2.0,0.185,0.416666667,9.0,16.664548515582,0.54460044016089,0.20315078238064,21.587000638489986
MonetecFocusedSmallR-290-20260930-07:06:07-58,10.0,4.0,2.0,0.185,0.416666667,9.0,16.66851233857,0.54034593170224,0.20317210442707,21.590447871107425
MonetecFocusedSmallR-291-20260930-07:06:07-58,10.0,4.0,2.0,0.19,0.416666667,9.0,16.818038467359,0.55762794332306,0.2031748686143,21.739907037129626
MonetecFocusedSmallR-292-20260930-07:06:07-58,10.0,4.0,2.0,0.19,0.416666667,9.0,16.792109035298,0.55733254647389,0.20318258989155,21.713790565855106
MonetecFocusedSmallR-293-20260930-07:06:07-58,10.0,4.0,2.0,0.19,0.416666667,9.0,16.790326588823,0.55341886702587,0.20314587159311,21.712897705616083
MonetecFocusedSmallR-294-20260930-07:06:07-58,10.0,4.0,2.0,0.195,0.416666667,9.0,16.930961786964,0.56940078937926,0.20323457471492,21.851384413885203
MonetecFocusedSmallR-295-20260930-07:06:07-58,10.0,4.0,2.0,0.195,0.416666667,9.0,16.853774271837,0.56601672115023,0.20336198620395,21.771114128053338
MonetecFocusedSmallR-296-20260930-07:06:07-58,10.0,4.0,2.0,0.195,0.416666667,9.0,16.921822224372,0.56602108856329,0.20312298977855,21.844947869037956
MonetecFocusedSmallR-297-20260930-07:06:07-58,10.0,4.0,2.0,0.2,0.416666667,9.0,17.021051213855,0.57971339319484,0.20328426994162,21.940270985690685
MonetecFocusedSmallR-298-20260930-07:06:07-58,10.0,4.0,2.0,0.2,0.416666667,9.0,16.978828756236,0.57628267593103,0.20348143319232,21.893282052104286
MonetecFocusedSmallR-299-20260930-07:06:07-58,10.0,4.0,2.0,0.2,0.416666667,9.0,17.051345891184,0.57890747810465,0.20305367921145,21.97615200099425
MonetecFocusedSmallR-300-20260930-07:06:07-58,10.0,4.0,2.0,0.205,0.416666667,9.0,17.103199858279,0.58881975660564,0.20341380097372,22.0192871405239
MonetecFocusedSmallR-301-20260930-07:06:07-58,10.0,4.0,2.0,0.205,0.416666667,9.0,17.108233366019,0.5894130366356,0.20327001790853,22.027798043038867
MonetecFocusedSmallR-302-20260930-07:06:07-58,10.0,4.0,2.0,0.205,0.416666667,9.0,17.11788638549,0.58767505462941,0.20319423897964,22.03928575695643
MonetecFocusedSmallR-303-20260930-07:06:07-58,10.0,4.0,2.0,0.21,0.416666667,9.0,17.172579921323,0.59871870318853,0.20341630993072,22.088606568058367
MonetecFocusedSmallR-304-20260930-07:06:07-58,10.0,4.0,2.0,0.21,0.416666667,9.0,17.187478566528,0.59776386524205,0.20338978174752,22.104146411923303
MonetecFocusedSmallR-305-20260930-07:06:07-58,10.0,4.0,2.0,0.21,0.416666667,9.0,17.178976069812,0.5963243505052,0.20332998144651,22.09708993027615
MonetecFocusedSmallR-306-20260930-07:06:07-58,10.0,4.0,2.0,0.215,0.416666667,9.0,17.254875767738,0.607447532318,0.20347245134992,22.169546001303225
MonetecFocusedSmallR-307-20260930-07:06:07-58,10.0,4.0,2.0,0.215,0.416666667,9.0,17.260970095801,0.60775546490953,0.20334979824985,22.178604677229643
MonetecFocusedSmallR-308-20260930-07:06:07-58,10.0,4.0,2.0,0.215,0.416666667,9.0,17.2786971287,0.60594717417287,0.20328790985831,22.197828820776483
MonetecFocusedSmallR-309-20260930-07:06:07-58,10.0,4.0,2.0,0.22,0.416666667,9.0,17.318609986836,0.61681013563565,0.20343373920971,22.23421545073178
MonetecFocusedSmallR-310-20260930-07:06:07-58,10.0,4.0,2.0,0.22,0.416666667,9.0,17.316446667716,0.61624456382707,0.20340985971378,22.232629203838435
MonetecFocusedSmallR-311-20260930-07:06:07-58,10.0,4.0,2.0,0.22,0.416666667,9.0,17.340404206437,0.61425118288418,0.20336571798855,22.25765382889452
MonetecFocusedSmallR-312-20260930-07:06:07-58,10.0,4.0,2.0,0.225,0.416666667,9.0,17.344542346257,0.62362165213573,0.20356889689388,22.25688413942051
MonetecFocusedSmallR-313-20260930-07:06:07-58,10.0,4.0,2.0,0.225,0.416666667,9.0,17.413102557448,0.62510152823422,0.20331776250492,22.331511985526383
MonetecFocusedSmallR-314-20260930-07:06:07-58,10.0,4.0,2.0,0.225,0.416666667,9.0,17.419694593547,0.62318676764252,0.2033062810373,22.338381782638482
MonetecFocusedSmallR-315-20260930-07:06:07-58,10.0,4.0,2.0,0.23,0.416666667,9.0,17.453075379498,0.63255033557047,0.20350131848207,22.36704845573685
MonetecFocusedSmallR-316-20260930-07:06:07-58,10.0,4.0,2.0,0.23,0.416666667,9.0,17.433415266665,0.63109684875758,0.20353543023189,22.346564780047952
MonetecFocusedSmallR-317-20260930-07:06:07-58,10.0,4.0,2.0,0.23,0.416666667,9.0,17.467570404463,0.6309289509939,0.20336017082887,22.384954157260452
MonetecFocusedSmallR-318-20260930-07:06:07-58,10.0,4.0,2.0,0.235,0.416666667,9.0,17.521094949843,0.64076437696812,0.20346373698864,22.435975678961984
MonetecFocusedSmallR-319-20260930-07:06:07-58,10.0,4.0,2.0,0.235,0.416666667,9.0,17.512950766508,0.63981031274386,0.20345899018117,22.427946162432995
MonetecFocusedSmallR-320-20260930-07:06:07-58,10.0,4.0,2.0,0.235,0.416666667,9.0,17.525080917082,0.63911275771646,0.20330417008383,22.44381917802206
MonetecFocusedSmallR-321-20260930-07:06:07-58,10.0,4.0,2.0,0.24,0.416666667,9.0,17.63018730974,0.64913634822066,0.20334837841644,22.54785622742414
MonetecFocusedSmallR-322-20260930-07:06:07-58,10.0,4.0,2.0,0.24,0.416666667,9.0,17.572328116778,0.6471847217649,0.20344256056029,22.48772043806001
MonetecFocusedSmallR-323-20260930-07:06:07-58,10.0,4.0,2.0,0.24,0.416666667,9.0,17.584478858294,0.64517426114928,0.20346160148449,22.49941117330495
MonetecFocusedSmallR-324-20260930-07:06:07-58,10.0,4.0,2.0,0.245,0.416666667,9.0,17.63831708886,0.65584996558844,0.20341478920913,22.554380487632365
MonetecFocusedSmallR-325-20260930-07:06:07-58,10.0,4.0,2.0,0.245,0.416666667,9.0,17.63387496137,0.65413169786959,0.20347428768279,22.54850084058167
MonetecFocusedSmallR-326-20260930-07:06:07-58,10.0,4.0,2.0,0.245,0.416666667,9.0,17.66412768987,0.65367655546577,0.20328533811734,22.58332161335297
MonetecFocusedSmallR-327-20260930-07:06:07-58,10.0,4.0,2.0,0.25,0.416666667,9.0,17.724949106757,0.66298230834035,0.20337631342406,22.641942551883027
MonetecFocusedSmallR-328-20260930-07:06:07-58,10.0,4.0,2.0,0.25,0.416666667,9.0,17.74405068376,0.66290266401501,0.2032591987618,22.663877220968303
MonetecFocusedSmallR-329-20260930-07:06:07-58,10.0,4.0,2.0,0.25,0.416666667,9.0,17.697135612539,0.66054194716298,0.20330071085397,22.615957567462196
MonetecFocusedSmallR-330-20260930-07:06:07-58,10.0,4.0,2.0,0.255,0.416666667,9.0,17.78211866975,0.66970507612537,0.20332590726084,22.700331077955973
MonetecFocusedSmallR-331-20260930-07:06:07-58,10.0,4.0,2.0,0.255,0.416666667,9.0,17.73926339862,0.66868747101305,0.20337024034994,22.656403675778034
MonetecFocusedSmallR-332-20260930-07:06:07-58,10.0,4.0,2.0,0.255,0.416666667,9.0,17.746245759499,0.66722495202813,0.20333004354358,22.664358117969375
MonetecFocusedSmallR-333-20260930-07:06:07-58,10.0,4.0,2.0,0.26,0.416666667,9.0,17.819973277692,0.67546782044348,0.20340451870124,22.73628490333881
MonetecFocusedSmallR-334-20260930-07:06:07-58,10.0,4.0,2.0,0.26,0.416666667,9.0,17.807133536324,0.67517971591893,0.20336756159995,22.724338581871663
MonetecFocusedSmallR-335-20260930-07:06:07-58,10.0,4.0,2.0,0.26,0.416666667,9.0,17.777816754934,0.67292745407969,0.20340487139804,22.694119855871612
MonetecFocusedSmallR-336-20260930-07:06:07-58,10.0,4.0,2.0,0.265,0.416666667,9.0,17.863338570681,0.68094473451939,0.20347822178162,22.77786942928677
MonetecFocusedSmallR-337-20260930-07:06:07-58,10.0,4.0,2.0,0.265,0.416666667,9.0,17.881066186715,0.68102614260958,0.20339220020939,22.7976755698207
MonetecFocusedSmallR-338-20260930-07:06:07-58,10.0,4.0,2.0,0.265,0.416666667,9.0,17.856536511169,0.68008743402463,0.20328941913935,22.775631682150447
MonetecFocusedSmallR-339-20260930-07:06:07-58,10.0,4.0,2.0,0.27,0.416666667,9.0,17.940906849941,0.68833947956163,0.20327292350463,22.860401206390414
MonetecFocusedSmallR-340-20260930-07:06:07-58,10.0,4.0,2.0,0.27,0.416666667,9.0,17.91979741512,0.68755727734733,0.20331444042507,22.838287208118953
MonetecFocusedSmallR-341-20260930-07:06:07-58,10.0,4.0,2.0,0.27,0.416666667,9.0,17.919595910344,0.68614467283854,0.2032905146423,22.83866457303862
MonetecFocusedSmallR-342-20260930-07:06:07-58,10.0,4.0,2.0,0.275,0.416666667,9.0,17.957388111641,0.69333374218079,0.2033732061698,22.874456681455854
MonetecFocusedSmallR-343-20260930-07:06:07-58,10.0,4.0,2.0,0.275,0.416666667,9.0,17.954567665052,0.69222404595815,0.20344635144222,22.86986839623275
MonetecFocusedSmallR-344-20260930-07:06:07-58,10.0,4.0,2.0,0.275,0.416666667,9.0,17.952700102364,0.69199655059133,0.20323903787663,22.873014676018983
MonetecFocusedSmallR-345-20260930-07:06:07-58,10.0,4.0,2.0,0.28,0.416666667,9.0,17.984148783405,0.69788236715706,0.20349357166769,22.898308930109902
MonetecFocusedSmallR-346-20260930-07:06:07-58,10.0,4.0,2.0,0.28,0.416666667,9.0,17.975423743498,0.69789852080837,0.20342955388864,22.891130340128562
MonetecFocusedSmallR-347-20260930-07:06:07-58,10.0,4.0,2.0,0.28,0.416666667,9.0,17.990483422333,0.69689744703636,0.20333914850598,22.908375561389494
MonetecFocusedSmallR-348-20260930-07:06:07-58,10.0,4.0,2.0,0.285,0.416666667,9.0,18.055061745322,0.70382435980967,0.20338531638753,22.971837537014856
MonetecFocusedSmallR-349-20260930-07:06:07-58,10.0,4.0,2.0,0.285,0.416666667,9.0,18.04476589709,0.7042622821544,0.20327993276894,22.964090625205976
MonetecFocusedSmallR-350-20260930-07:06:07-58,10.0,4.0,2.0,0.285,0.416666667,9.0,18.013881443528,0.70157359699206,0.20342395994103,22.929723216984222
MonetecFocusedSmallR-351-20260930-07:06:07-58,10.0,4.0,2.0,0.29,0.416666667,9.0,18.084505934717,0.70866065272909,0.20338191056424,23.00136406249106
MonetecFocusedSmallR-352-20260930-07:06:08-58,10.0,4.0,2.0,0.29,0.416666667,9.0,18.055826623043,0.70840015161676,0.20340704910386,22.972077089315672
MonetecFocusedSmallR-353-20260930-07:06:08-58,10.0,4.0,2.0,0.29,0.416666667,9.0,18.088064393575,0.70729184959707,0.2033239327283,23.006324563843748
MonetecFocusedSmallR-354-20260930-07:06:08-58,10.0,4.0,2.0,0.295,0.416666667,9.0,18.137294592961,0.71346710344103,0.20343399362695,23.052893909335648
MonetecFocusedSmallR-355-20260930-07:06:08-58,10.0,4.0,2.0,0.295,0.416666667,9.0,18.129691853148,0.71416866735262,0.20330942733773,23.048302923449416
MonetecFocusedSmallR-356-20260930-07:06:08-58,10.0,4.0,2.0,0.295,0.416666667,9.0,18.09222565056,0.71176312351088,0.20347216107442,23.006902895444863
MonetecFocusedSmallR-357-20260930-07:06:08-58,10.0,4.0,2.0,0.3,0.416666667,9.0,18.149097849611,0.71815875998121,0.2034776278853,23.063643052406945
MonetecFocusedSmallR-358-20260930-07:06:08-58,10.0,4.0,2.0,0.3,0.416666667,9.0,18.190798997681,0.71969654502308,0.20320851295452,23.111852675308224
MonetecFocusedSmallR-359-20260930-07:06:08-58,10.0,4.0,2.0,0.3,0.416666667,9.0,18.164711723534,0.71814142249194,0.2032179629977,23.08553656228764
MonetecFocusedSmallR-360-20260930-07:06:08-58,10.0,7.0,2.0,0.005,0.416666667,9.0,4.939691350835,0.0,0.012145836940524,87.27242847688254
MonetecFocusedSmallR-361-20260930-07:06:08-58,10.0,7.0,2.0,0.005,0.416666667,9.0,4.9321579006918,0.0,0.012024233720046,88.09754068370164
MonetecFocusedSmallR-362-20260930-07:06:08-58,10.0,7.0,2.0,0.005,0.416666667,9.0,4.9505196204385,0.0,0.012121531897956,87.44834319739294
MonetecFocusedSmallR-363-20260930-07:06:08-58,10.0,7.0,2.0,0.01,0.416666667,9.0,4.9868114131754,0.0,0.024311443410991,46.11970439261521
MonetecFocusedSmallR-364-20260930-07:06:08-58,10.0,7.0,2.0,0.01,0.416666667,9.0,5.0302259422943,0.0,0.024009539613612,46.68033736021831
MonetecFocusedSmallR-365-20260930-07:06:08-58,10.0,7.0,2.0,0.01,0.416666667,9.0,5.008913273458,0.0,0.024213358871338,46.30842918587967
MonetecFocusedSmallR-366-20260930-07:06:08-58,10.0,7.0,2.0,0.015,0.416666667,9.0,5.1056603154368,0.0,0.03646393766546,32.530016104286155
MonetecFocusedSmallR-367-20260930-07:06:08-58,10.0,7.0,2.0,0.015,0.416666667,9.0,5.0961964608592,0.0,0.036205505351126,32.71630534490492
MonetecFocusedSmallR-368-20260930-07:06:08-58,10.0,7.0,2.0,0.015,0.416666667,9.0,5.0938387934635,0.0,0.036355023610328,32.60035373122062
MonetecFocusedSmallR-369-20260930-07:06:08-58,10.0,7.0,2.0,0.02,0.416666667,9.0,5.290147414186,0.0,0.048626470710922,25.855078106871247
MonetecFocusedSmallR-370-20260930-07:06:08-58,10.0,7.0,2.0,0.02,0.416666667,9.0,5.2869110059805,0.0,0.04824540889223,26.0142718670686
MonetecFocusedSmallR-371-20260930-07:06:08-58,10.0,7.0,2.0,0.02,0.416666667,9.0,5.2304485649683,0.0,0.048538348550248,25.83271522356253
MonetecFocusedSmallR-372-20260930-07:06:08-58,10.0,7.0,2.0,0.025,0.416666667,9.0,5.4364949119008,0.0,0.060723701558636,21.90452921040911
MonetecFocusedSmallR-373-20260930-07:06:08-58,10.0,7.0,2.0,0.025,0.416666667,9.0,5.4707740075759,3.3332222259258e-05,0.060082720269427,22.114494456911956
MonetecFocusedSmallR-374-20260930-07:06:08-58,10.0,7.0,2.0,0.025,0.416666667,9.0,5.4773357185436,0.0,0.060710858719444,21.948853682425206
MonetecFocusedSmallR-375-20260930-07:06:08-58,10.0,7.0,2.0,0.03,0.416666667,9.0,5.7102272260935,0.0,0.073104415849162,19.389291457498107
MonetecFocusedSmallR-376-20260930-07:06:08-58,10.0,7.0,2.0,0.03,0.416666667,9.0,5.6909723761468,0.0,0.072115125510521,19.557688864827227
MonetecFocusedSmallR-377-20260930-07:06:08-58,10.0,7.0,2.0,0.03,0.416666667,9.0,5.7089315653596,0.0,0.072678949736624,19.46807370519277
MonetecFocusedSmallR-378-20260930-07:06:08-58,10.0,7.0,2.0,0.035,0.416666667,9.0,6.0334026438909,0.0,0.084877603174067,17.815073692603242
MonetecFocusedSmallR-379-20260930-07:06:08-58,10.0,7.0,2.0,0.035,0.416666667,9.0,6.0037994069279,0.0,0.084216042460218,17.87802159532366
MonetecFocusedSmallR-380-20260930-07:06:08-58,10.0,7.0,2.0,0.035,0.416666667,9.0,6.0223506606765,3.3332222259258e-05,0.083801551632687,17.955303935612612
MonetecFocusedSmallR-381-20260930-07:06:08-58,10.0,7.0,2.0,0.04,0.416666667,9.0,6.5301122474608,6.66600006666e-05,0.097141107764078,16.824415277529724
MonetecFocusedSmallR-382-20260930-07:06:08-58,10.0,7.0,2.0,0.04,0.416666667,9.0,6.4192147508895,6.6662222518499e-05,0.096039485056396,16.831598776197247
MonetecFocusedSmallR-383-20260930-07:06:08-58,10.0,7.0,2.0,0.04,0.416666667,9.0,6.4492559014423,0.00013331555792561,0.09626438454085,16.837313798136666
MonetecFocusedSmallR-384-20260930-07:06:08-58,10.0,7.0,2.0,0.045,0.416666667,9.0,7.008474217467,0.00043310234541578,0.10919087755396,16.166748446976875
MonetecFocusedSmallR-385-20260930-07:06:08-58,10.0,7.0,2.0,0.045,0.416666667,9.0,7.0577605116925,0.00046641791044776,0.1080585240452,16.312004994818217
MonetecFocusedSmallR-386-20260930-07:06:08-58,10.0,7.0,2.0,0.045,0.416666667,9.0,6.9943560183612,0.00043313120543746,0.10820682855926,16.23591695600891
MonetecFocusedSmallR-387-20260930-07:06:08-58,10.0,7.0,2.0,0.05,0.416666667,9.0,7.593026050006,0.00096573312464618,0.12067302235484,15.87988238695505
MonetecFocusedSmallR-388-20260930-07:06:08-58,10.0,7.0,2.0,0.05,0.416666667,9.0,7.8021256142447,0.00099890120867046,0.12082632737323,16.07846754849071
MonetecFocusedSmallR-389-20260930-07:06:08-58,10.0,7.0,2.0,0.05,0.416666667,9.0,7.7485607383965,0.0011653071416681,0.12094231348442,16.016965494262376
MonetecFocusedSmallR-390-20260930-07:06:08-58,10.0,7.0,2.0,0.055,0.416666667,9.0,8.4216956920483,0.0018298566057823,0.13257122768166,15.964810570649824
MonetecFocusedSmallR-391-20260930-07:06:08-58,10.0,7.0,2.0,0.055,0.416666667,9.0,8.6092012389095,0.0026926401170135,0.13205792735977,16.181635700005238
MonetecFocusedSmallR-392-20260930-07:06:08-58,10.0,7.0,2.0,0.055,0.416666667,9.0,8.6959774388753,0.0027258825875939,0.1332748152719,16.1992705251186
MonetecFocusedSmallR-393-20260930-07:06:08-58,10.0,7.0,2.0,0.06,0.416666667,9.0,9.5646700557919,0.0051399389839501,0.1442463395677,16.497254986521902
MonetecFocusedSmallR-394-20260930-07:06:08-58,10.0,7.0,2.0,0.06,0.416666667,9.0,9.5263017141074,0.0061615927385961,0.1428622105014,16.526053408347074
MonetecFocusedSmallR-395-20260930-07:06:08-58,10.0,7.0,2.0,0.06,0.416666667,9.0,9.7915552771323,0.0060955409792619,0.14386705276951,16.742417067580625
MonetecFocusedSmallR-396-20260930-07:06:08-58,10.0,7.0,2.0,0.065,0.416666667,9.0,10.938350605894,0.011466605159972,0.15602662640971,17.347513086752247
MonetecFocusedSmallR-397-20260930-07:06:08-58,10.0,7.0,2.0,0.065,0.416666667,9.0,10.754276064147,0.010388496801003,0.15476394893787,17.21572917944228
MonetecFocusedSmallR-398-20260930-07:06:08-58,10.0,7.0,2.0,0.065,0.416666667,9.0,10.857009911154,0.0084936215215811,0.15528974826827,17.29658503540789
MonetecFocusedSmallR-399-20260930-07:06:08-58,10.0,7.0,2.0,0.07,0.416666667,9.0,12.478630740993,0.018419158542171,0.1662963518406,18.491991761435166
MonetecFocusedSmallR-400-20260930-07:06:08-58,10.0,7.0,2.0,0.07,0.416666667,9.0,12.612556073318,0.020758535152425,0.16593953140384,18.63884764796601
MonetecFocusedSmallR-401-20260930-07:06:08-58,10.0,7.0,2.0,0.07,0.416666667,9.0,12.507275619467,0.019509166367112,0.16459044498952,18.582962455745214
MonetecFocusedSmallR-402-20260930-07:06:08-58,10.0,7.0,2.0,0.075,0.416666667,9.0,14.082764148403,0.032787413759752,0.1744855738953,19.813896973171936
MonetecFocusedSmallR-403-20260930-07:06:08-58,10.0,7.0,2.0,0.075,0.416666667,9.0,14.365757944193,0.034153093414022,0.17442706064362,20.098813333133744
MonetecFocusedSmallR-404-20260930-07:06:08-58,10.0,7.0,2.0,0.075,0.416666667,9.0,14.394912849442,0.032535792596414,0.17552556516094,20.092088637385462
MonetecFocusedSmallR-405-20260930-07:06:08-58,10.0,7.0,2.0,0.08,0.416666667,9.0,16.289551639803,0.05201289262466,0.18375181252129,21.731674829113786
MonetecFocusedSmallR-406-20260930-07:06:08-58,10.0,7.0,2.0,0.08,0.416666667,9.0,16.273322909091,0.052606650036313,0.1828389302798,21.742617651024194
MonetecFocusedSmallR-407-20260930-07:06:08-58,10.0,7.0,2.0,0.08,0.416666667,9.0,16.602073271248,0.053975660508229,0.18367092656976,22.04659309088418
MonetecFocusedSmallR-408-20260930-07:06:08-58,10.0,7.0,2.0,0.085,0.416666667,9.0,18.653752405389,0.080137343266195,0.19018574113248,23.911770141342284
MonetecFocusedSmallR-409-20260930-07:06:08-58,10.0,7.0,2.0,0.085,0.416666667,9.0,18.110500878154,0.07535829865927,0.18935631845945,23.39154989798983
MonetecFocusedSmallR-410-20260930-07:06:08-58,10.0,7.0,2.0,0.085,0.416666667,9.0,17.901993722636,0.074124363524148,0.1887314217285,23.200528491470372
MonetecFocusedSmallR-411-20260930-07:06:08-58,10.0,7.0,2.0,0.09,0.416666667,9.0,20.410931816082,0.10794660641555,0.19430328159292,25.55752528481752
MonetecFocusedSmallR-412-20260930-07:06:08-58,10.0,7.0,2.0,0.09,0.416666667,9.0,19.809725450945,0.10161980897632,0.19405041363828,24.96302546845515
MonetecFocusedSmallR-413-20260930-07:06:08-58,10.0,7.0,2.0,0.09,0.416666667,9.0,20.15494454135,0.10598295691556,0.19366198331789,25.318580598709445
MonetecFocusedSmallR-414-20260930-07:06:08-58,10.0,7.0,2.0,0.095,0.416666667,9.0,22.043838515538,0.13918856880523,0.19794048912255,27.095862002157123
MonetecFocusedSmallR-415-20260930-07:06:08-58,10.0,7.0,2.0,0.095,0.416666667,9.0,22.097893606715,0.14128723921816,0.19740874391811,27.163525352058684
MonetecFocusedSmallR-416-20260930-07:06:08-58,10.0,7.0,2.0,0.095,0.416666667,9.0,21.474714920808,0.13542177007983,0.19642168001347,26.56580262523769
MonetecFocusedSmallR-417-20260930-07:06:08-58,10.0,7.0,2.0,0.1,0.416666667,9.0,23.563796683913,0.17165889076001,0.19988754400265,28.566609665530017
MonetecFocusedSmallR-418-20260930-07:06:08-58,10.0,7.0,2.0,0.1,0.416666667,9.0,23.38791218866,0.16800244044483,0.19995976968628,28.38891814885347
MonetecFocusedSmallR-419-20260930-07:06:08-58,10.0,7.0,2.0,0.1,0.416666667,9.0,23.190590316587,0.16765154667776,0.19924946626893,28.20942433770445
MonetecFocusedSmallR-420-20260930-07:06:08-58,10.0,7.0,2.0,0.105,0.416666667,9.0,24.735054082077,0.20564409382115,0.20136321548106,29.701204416987892
MonetecFocusedSmallR-421-20260930-07:06:08-58,10.0,7.0,2.0,0.105,0.416666667,9.0,24.596834363401,0.20354640050966,0.20117246460209,29.5676935810278
MonetecFocusedSmallR-422-20260930-07:06:08-58,10.0,7.0,2.0,0.105,0.416666667,9.0,24.600697408031,0.20345148015399,0.20046627170111,29.589067728455646
MonetecFocusedSmallR-423-20260930-07:06:08-58,10.0,7.0,2.0,0.11,0.416666667,9.0,25.975979203192,0.23933162605543,0.20238609425785,30.91703013688881
MonetecFocusedSmallR-424-20260930-07:06:08-58,10.0,7.0,2.0,0.11,0.416666667,9.0,25.848808725245,0.23864501395585,0.20188214045158,30.802193892269436
MonetecFocusedSmallR-425-20260930-07:06:08-58,10.0,7.0,2.0,0.11,0.416666667,9.0,25.573284754922,0.23036474631919,0.20168767867278,30.53144584131345
MonetecFocusedSmallR-426-20260930-07:06:08-58,10.0,7.0,2.0,0.115,0.416666667,9.0,26.869650170144,0.26703310125809,0.2029176299999,31.79775819112026
MonetecFocusedSmallR-427-20260930-07:06:08-58,10.0,7.0,2.0,0.115,0.416666667,9.0,26.695279086554,0.26833134190056,0.20256690755375,31.631919587592677
MonetecFocusedSmallR-428-20260930-07:06:08-58,10.0,7.0,2.0,0.115,0.416666667,9.0,26.516111952343,0.26581194489981,0.20238762274144,31.457125569947216
MonetecFocusedSmallR-429-20260930-07:06:08-58,10.0,7.0,2.0,0.12,0.416666667,9.0,27.74730745763,0.30214438552423,0.203084983221,32.67135444593827
MonetecFocusedSmallR-430-20260930-07:06:08-58,10.0,7.0,2.0,0.12,0.416666667,9.0,27.276213196573,0.29618596359542,0.20283548026458,32.20631713448166
MonetecFocusedSmallR-431-20260930-07:06:08-58,10.0,7.0,2.0,0.12,0.416666667,9.0,27.314207453885,0.294,0.20279079477827,32.24539775319515
MonetecFocusedSmallR-432-20260930-07:06:08-58,10.0,7.0,2.0,0.125,0.416666667,9.0,28.265318700619,0.32584421128311,0.20325169018899,33.18532698724219
MonetecFocusedSmallR-433-20260930-07:06:08-58,10.0,7.0,2.0,0.125,0.416666667,9.0,27.990868826507,0.32492631673679,0.20300702284037,32.91680678672391
MonetecFocusedSmallR-434-20260930-07:06:08-58,10.0,7.0,2.0,0.125,0.416666667,9.0,28.033408672989,0.32111586234983,0.20308497378868,32.95745588999556
MonetecFocusedSmallR-435-20260930-07:06:08-58,10.0,7.0,2.0,0.13,0.416666667,9.0,28.808566583901,0.35339625894319,0.20335461689011,33.72608463828767
MonetecFocusedSmallR-436-20260930-07:06:08-58,10.0,7.0,2.0,0.13,0.416666667,9.0,28.542486212683,0.3512011589941,0.20313532287068,33.465312956294795
MonetecFocusedSmallR-437-20260930-07:06:08-58,10.0,7.0,2.0,0.13,0.416666667,9.0,28.595407929531,0.34688635918421,0.20313121856886,33.51833413971866
MonetecFocusedSmallR-438-20260930-07:06:08-58,10.0,7.0,2.0,0.135,0.416666667,9.0,29.295942281592,0.37776579640421,0.20332788678075,34.21410680802663
MonetecFocusedSmallR-439-20260930-07:06:08-58,10.0,7.0,2.0,0.135,0.416666667,9.0,29.152388859186,0.37460396865099,0.20318612184655,34.073984836864135
MonetecFocusedSmallR-440-20260930-07:06:08-58,10.0,7.0,2.0,0.135,0.416666667,9.0,29.029237117207,0.3716122816571,0.20322567191646,33.94987529529638
MonetecFocusedSmallR-441-20260930-07:06:08-58,10.0,7.0,2.0,0.14,0.416666667,9.0,29.572645285619,0.39895034153963,0.20342613841602,34.488434415700866
MonetecFocusedSmallR-442-20260930-07:06:08-58,10.0,7.0,2.0,0.14,0.416666667,9.0,29.47599658461,0.39839598997494,0.20321655692553,34.39685547095781
MonetecFocusedSmallR-443-20260930-07:06:08-58,10.0,7.0,2.0,0.14,0.416666667,9.0,29.440365991716,0.39492629413781,0.20323275685098,34.360832630532734
MonetecFocusedSmallR-444-20260930-07:06:08-58,10.0,7.0,2.0,0.145,0.416666667,9.0,29.869948136424,0.4188875116207,0.20344195096068,34.78535518633611
MonetecFocusedSmallR-445-20260930-07:06:09-58,10.0,7.0,2.0,0.145,0.416666667,9.0,29.805996153809,0.41858662584533,0.20321583081037,34.7268726229909
MonetecFocusedSmallR-446-20260930-07:06:09-58,10.0,7.0,2.0,0.145,0.416666667,9.0,29.841452851904,0.41775492383817,0.20316440841487,34.763574830857905
MonetecFocusedSmallR-447-20260930-07:06:09-58,10.0,7.0,2.0,0.15,0.416666667,9.0,30.166779984093,0.44118742550656,0.20335614902191,35.08426098877242
MonetecFocusedSmallR-448-20260930-07:06:09-58,10.0,7.0,2.0,0.15,0.416666667,9.0,30.119319136022,0.4372866734181,0.20332028509452,35.037667541519845
MonetecFocusedSmallR-449-20260930-07:06:09-58,10.0,7.0,2.0,0.15,0.416666667,9.0,30.075264048136,0.43464089230537,0.20326204984471,34.99502157672527
MonetecFocusedSmallR-450-20260930-07:06:09-58,10.0,7.0,2.0,0.155,0.416666667,9.0,30.362852296153,0.45631613277287,0.20350372266982,35.27676731884021
MonetecFocusedSmallR-451-20260930-07:06:09-58,10.0,7.0,2.0,0.155,0.416666667,9.0,30.309262074951,0.45377921794218,0.20339795929598,35.2257322473229
MonetecFocusedSmallR-452-20260930-07:06:09-58,10.0,7.0,2.0,0.155,0.416666667,9.0,30.384538047955,0.45311389359724,0.20325962910006,35.30435416897981
MonetecFocusedSmallR-453-20260930-07:06:09-58,10.0,7.0,2.0,0.16,0.416666667,9.0,30.645801878941,0.47465816978589,0.20337870560958,35.56273748929772
MonetecFocusedSmallR-454-20260930-07:06:09-58,10.0,7.0,2.0,0.16,0.416666667,9.0,30.629139654162,0.47341172341172,0.20328181525514,35.54841882699355
MonetecFocusedSmallR-455-20260930-07:06:09-58,10.0,7.0,2.0,0.16,0.416666667,9.0,30.600360397985,0.47014780412863,0.20324167042386,35.52061123982517
MonetecFocusedSmallR-456-20260930-07:06:09-58,10.0,7.0,2.0,0.165,0.416666667,9.0,30.772189821809,0.48825746593215,0.20348733932786,35.686500477710766
MonetecFocusedSmallR-457-20260930-07:06:09-58,10.0,7.0,2.0,0.165,0.416666667,9.0,30.756641142507,0.48721760825729,0.20338371365797,35.673455679986134
MonetecFocusedSmallR-458-20260930-07:06:09-58,10.0,7.0,2.0,0.165,0.416666667,9.0,30.726581869211,0.48604902111916,0.20325733900663,35.64645342163441
MonetecFocusedSmallR-459-20260930-07:06:09-58,10.0,7.0,2.0,0.17,0.416666667,9.0,31.006566056627,0.50600921962463,0.20331078406736,35.92514430414723
MonetecFocusedSmallR-460-20260930-07:06:09-58,10.0,7.0,2.0,0.17,0.416666667,9.0,30.964124994863,0.50370480632463,0.20330695352631,35.88279591415642
MonetecFocusedSmallR-461-20260930-07:06:09-58,10.0,7.0,2.0,0.17,0.416666667,9.0,30.94043098607,0.50024150164055,0.20328332109825,35.859673718810896
MonetecFocusedSmallR-462-20260930-07:06:09-58,10.0,7.0,2.0,0.175,0.416666667,9.0,31.178265352403,0.52064029650457,0.2032846838163,36.09747510902027
MonetecFocusedSmallR-463-20260930-07:06:09-58,10.0,7.0,2.0,0.175,0.416666667,9.0,31.031700290299,0.51619612711823,0.2034295627219,35.94740667348116
MonetecFocusedSmallR-464-20260930-07:06:09-58,10.0,7.0,2.0,0.175,0.416666667,9.0,31.125083981665,0.51410434951582,0.20330390735772,36.043828599005124
MonetecFocusedSmallR-465-20260930-07:06:09-58,10.0,7.0,2.0,0.18,0.416666667,9.0,31.240397537299,0.53178541335081,0.20344404099576,36.15575408991899
MonetecFocusedSmallR-466-20260930-07:06:09-58,10.0,7.0,2.0,0.18,0.416666667,9.0,31.235059155492,0.53075299085151,0.20336915131646,36.152225763734926
MonetecFocusedSmallR-467-20260930-07:06:09-58,10.0,7.0,2.0,0.18,0.416666667,9.0,31.273011713797,0.52772574882345,0.20329094576584,36.19206994451548
MonetecFocusedSmallR-468-20260930-07:06:09-58,10.0,7.0,2.0,0.185,0.416666667,9.0,31.394281325627,0.54531541224069,0.20338857133512,36.310978431249104
MonetecFocusedSmallR-469-20260930-07:06:09-58,10.0,7.0,2.0,0.185,0.416666667,9.0,31.379779969069,0.54335022599644,0.20340953123172,36.29597044423813
MonetecFocusedSmallR-470-20260930-07:06:09-58,10.0,7.0,2.0,0.185,0.416666667,9.0,31.370320766832,0.53946742383547,0.20337433726889,36.28736198957908
MonetecFocusedSmallR-471-20260930-07:06:09-58,10.0,7.0,2.0,0.19,0.416666667,9.0,31.549566512919,0.55796172714014,0.20335067008232,36.467180010800185
MonetecFocusedSmallR-472-20260930-07:06:09-58,10.0,7.0,2.0,0.19,0.416666667,9.0,31.478804021535,0.5557118531132,0.20341292487718,36.394912477297076
MonetecFocusedSmallR-473-20260930-07:06:09-58,10.0,7.0,2.0,0.19,0.416666667,9.0,31.480929477775,0.55184825629154,0.20337723589055,36.397900620691715
MonetecFocusedSmallR-474-20260930-07:06:09-58,10.0,7.0,2.0,0.195,0.416666667,9.0,31.626878077287,0.56840803175882,0.20342499983932,36.5426947212092
MonetecFocusedSmallR-475-20260930-07:06:09-58,10.0,7.0,2.0,0.195,0.416666667,9.0,31.603143014388,0.56656024731664,0.20342682704967,36.51891550370591
MonetecFocusedSmallR-476-20260930-07:06:09-58,10.0,7.0,2.0,0.195,0.416666667,9.0,31.69292025784,0.56557305843517,0.20322843655879,36.61349149743973
MonetecFocusedSmallR-477-20260930-07:06:09-58,10.0,7.0,2.0,0.2,0.416666667,9.0,31.769310761634,0.5800971213457,0.20337532889319,36.686328009705356
MonetecFocusedSmallR-478-20260930-07:06:09-58,10.0,7.0,2.0,0.2,0.416666667,9.0,31.712822392809,0.57672450275074,0.20348538963319,36.62718013516404
MonetecFocusedSmallR-479-20260930-07:06:09-58,10.0,7.0,2.0,0.2,0.416666667,9.0,31.781167780772,0.5777765270371,0.20318177468605,36.702869058089654
MonetecFocusedSmallR-480-20260930-07:06:09-58,10.0,7.0,2.0,0.205,0.416666667,9.0,31.856499084013,0.58997554009921,0.20338563605653,36.77326714782088
MonetecFocusedSmallR-481-20260930-07:06:09-58,10.0,7.0,2.0,0.205,0.416666667,9.0,31.848326954874,0.58906829916321,0.20332130591699,36.76665066664609
MonetecFocusedSmallR-482-20260930-07:06:09-58,10.0,7.0,2.0,0.205,0.416666667,9.0,31.845453691748,0.58687630796343,0.20330565485679,36.76415603037408
MonetecFocusedSmallR-483-20260930-07:06:09-58,10.0,7.0,2.0,0.21,0.416666667,9.0,31.936536026206,0.59925743896576,0.20342788576216,36.852282932061186
MonetecFocusedSmallR-484-20260930-07:06:09-58,10.0,7.0,2.0,0.21,0.416666667,9.0,31.88560592669,0.59712413737547,0.20347064455946,36.80031980182972
MonetecFocusedSmallR-485-20260930-07:06:09-58,10.0,7.0,2.0,0.21,0.416666667,9.0,31.942707587854,0.59724030549925,0.20326312372896,36.86243912427102
MonetecFocusedSmallR-486-20260930-07:06:09-58,10.0,7.0,2.0,0.215,0.416666667,9.0,31.967304895143,0.60762622101918,0.20350226267483,36.881255171941
MonetecFocusedSmallR-487-20260930-07:06:09-58,10.0,7.0,2.0,0.215,0.416666667,9.0,31.99763939773,0.60661518897731,0.20344609337421,36.912946363888565
MonetecFocusedSmallR-488-20260930-07:06:09-58,10.0,7.0,2.0,0.215,0.416666667,9.0,32.045649720174,0.60680871137668,0.2032208094338,36.96640563481744
MonetecFocusedSmallR-489-20260930-07:06:09-58,10.0,7.0,2.0,0.22,0.416666667,9.0,32.062461318625,0.61630137336641,0.20349839179647,36.97650506694196
MonetecFocusedSmallR-490-20260930-07:06:09-58,10.0,7.0,2.0,0.22,0.416666667,9.0,32.096860354847,0.61710734520954,0.20331867738322,37.015247651431544
MonetecFocusedSmallR-491-20260930-07:06:09-58,10.0,7.0,2.0,0.22,0.416666667,9.0,32.087848341865,0.61494732249413,0.2033238876822,37.00610960176685
MonetecFocusedSmallR-492-20260930-07:06:09-58,10.0,7.0,2.0,0.225,0.416666667,9.0,32.094983819047,0.62422823078561,0.20353730809446,37.008088003051974
MonetecFocusedSmallR-493-20260930-07:06:09-58,10.0,7.0,2.0,0.225,0.416666667,9.0,32.150955196972,0.62444146839055,0.20339570777303,37.067479793036256
MonetecFocusedSmallR-494-20260930-07:06:09-58,10.0,7.0,2.0,0.225,0.416666667,9.0,32.195826521246,0.62400852076938,0.20322364447895,37.11651378952093
MonetecFocusedSmallR-495-20260930-07:06:09-58,10.0,7.0,2.0,0.23,0.416666667,9.0,32.22316703305,0.63365442137006,0.2034256139447,37.13896883700495
MonetecFocusedSmallR-496-20260930-07:06:09-58,10.0,7.0,2.0,0.23,0.416666667,9.0,32.182089551349,0.63133063029856,0.20350700445574,37.095925331470696
MonetecFocusedSmallR-497-20260930-07:06:09-58,10.0,7.0,2.0,0.23,0.416666667,9.0,32.23385695617,0.63135004975613,0.20329714309323,37.15276523389927
MonetecFocusedSmallR-498-20260930-07:06:09-58,10.0,7.0,2.0,0.235,0.416666667,9.0,32.259620022539,0.64057259223766,0.20348935495134,37.173882000710435
MonetecFocusedSmallR-499-20260930-07:06:09-58,10.0,7.0,2.0,0.235,0.416666667,9.0,32.262106530844,0.63949059890671,0.20347032171072,37.17682820421773
MonetecFocusedSmallR-500-20260930-07:06:09-58,10.0,7.0,2.0,0.235,0.416666667,9.0,32.283563667642,0.63933362180874,0.20326579271406,37.20323060543674
MonetecFocusedSmallR-501-20260930-07:06:09-58,10.0,7.0,2.0,0.24,0.416666667,9.0,32.356050795829,0.64849351014479,0.20340140797982,37.27243760913568
MonetecFocusedSmallR-502-20260930-07:06:09-58,10.0,7.0,2.0,0.24,0.416666667,9.0,32.343953976781,0.64790021473077,0.20334073472073,37.261807752481225
MonetecFocusedSmallR-503-20260930-07:06:09-58,10.0,7.0,2.0,0.24,0.416666667,9.0,32.328477527345,0.64505482806345,0.203459450782,37.24346179647815
MonetecFocusedSmallR-504-20260930-07:06:09-58,10.0,7.0,2.0,0.245,0.416666667,9.0,32.35382792217,0.65470697214135,0.20353911209361,37.26688856056017
MonetecFocusedSmallR-505-20260930-07:06:09-58,10.0,7.0,2.0,0.245,0.416666667,9.0,32.386090194897,0.65451175000864,0.20341336069238,37.30218811784657
MonetecFocusedSmallR-506-20260930-07:06:09-58,10.0,7.0,2.0,0.245,0.416666667,9.0,32.401364545933,0.65331869909306,0.20332065180771,37.319704080599394
MonetecFocusedSmallR-507-20260930-07:06:09-58,10.0,7.0,2.0,0.25,0.416666667,9.0,32.459661832121,0.66272129489125,0.20340275802404,37.37601601391538
MonetecFocusedSmallR-508-20260930-07:06:09-58,10.0,7.0,2.0,0.25,0.416666667,9.0,32.460548966007,0.66204496305641,0.20335747624722,37.37799787643854
MonetecFocusedSmallR-509-20260930-07:06:09-58,10.0,7.0,2.0,0.25,0.416666667,9.0,32.470343607899,0.66063087415316,0.20329433042509,37.38931994092802
MonetecFocusedSmallR-510-20260930-07:06:09-58,10.0,7.0,2.0,0.255,0.416666667,9.0,32.546273427065,0.66987183013367,0.20329875081286,37.46514280526653
MonetecFocusedSmallR-511-20260930-07:06:09-58,10.0,7.0,2.0,0.255,0.416666667,9.0,32.483179418955,0.66816331947271,0.20341476138339,37.39924349021101
MonetecFocusedSmallR-512-20260930-07:06:09-58,10.0,7.0,2.0,0.255,0.416666667,9.0,32.481372754169,0.66692567267561,0.20334832052065,37.3990430719745
MonetecFocusedSmallR-513-20260930-07:06:09-58,10.0,7.0,2.0,0.26,0.416666667,9.0,32.568825659452,0.67537918947573,0.20341040395533,37.484995041916854
MonetecFocusedSmallR-514-20260930-07:06:09-58,10.0,7.0,2.0,0.26,0.416666667,9.0,32.556598062316,0.67519674384871,0.20335404782402,37.47412987788815
MonetecFocusedSmallR-515-20260930-07:06:09-58,10.0,7.0,2.0,0.26,0.416666667,9.0,32.52724070732,0.67290565215022,0.20340134302744,37.44362909058202
MonetecFocusedSmallR-516-20260930-07:06:09-58,10.0,7.0,2.0,0.265,0.416666667,9.0,32.588610427003,0.68079742135889,0.20349406511825,37.50275865741405
MonetecFocusedSmallR-517-20260930-07:06:09-58,10.0,7.0,2.0,0.265,0.416666667,9.0,32.628900020868,0.68102815958159,0.20337758171464,37.54586280294644
MonetecFocusedSmallR-518-20260930-07:06:09-58,10.0,7.0,2.0,0.265,0.416666667,9.0,32.610069055151,0.67944020084397,0.20336363989112,37.52736892515429
MonetecFocusedSmallR-519-20260930-07:06:09-58,10.0,7.0,2.0,0.27,0.416666667,9.0,32.697454890959,0.68833677825441,0.20324571868471,37.617607730937266
MonetecFocusedSmallR-520-20260930-07:06:09-58,10.0,7.0,2.0,0.27,0.416666667,9.0,32.67425662769,0.68756052102748,0.20328724996973,37.59340428770755
MonetecFocusedSmallR-521-20260930-07:06:09-58,10.0,7.0,2.0,0.27,0.416666667,9.0,32.667263838912,0.68620192006024,0.20326904514545,37.58685205897003
MonetecFocusedSmallR-522-20260930-07:06:09-58,10.0,7.0,2.0,0.275,0.416666667,9.0,32.70679921427,0.69332188630649,0.20335879523528,37.62421623005744
MonetecFocusedSmallR-523-20260930-07:06:09-58,10.0,7.0,2.0,0.275,0.416666667,9.0,32.699383191856,0.69221142898173,0.20341998895404,37.61532092807295
MonetecFocusedSmallR-524-20260930-07:06:09-58,10.0,7.0,2.0,0.275,0.416666667,9.0,32.711067795711,0.69163575076819,0.20327471222677,37.63051886291712
MonetecFocusedSmallR-525-20260930-07:06:10-58,10.0,7.0,2.0,0.28,0.416666667,9.0,32.710872216114,0.69764207980653,0.20350501458868,37.62475604360188
MonetecFocusedSmallR-526-20260930-07:06:10-58,10.0,7.0,2.0,0.28,0.416666667,9.0,32.721614737619,0.69790292865125,0.20340194989074,37.63798845250798
MonetecFocusedSmallR-527-20260930-07:06:10-58,10.0,7.0,2.0,0.28,0.416666667,9.0,32.743172011705,0.69688153468497,0.20331338616157,37.661687309095775
MonetecFocusedSmallR-528-20260930-07:06:10-58,10.0,7.0,2.0,0.285,0.416666667,9.0,32.790855100037,0.70357527439416,0.20339726126733,37.70734214499124
MonetecFocusedSmallR-529-20260930-07:06:10-58,10.0,7.0,2.0,0.285,0.416666667,9.0,32.801842571494,0.70427823824495,0.20325351197678,37.72180675943994
MonetecFocusedSmallR-530-20260930-07:06:10-58,10.0,7.0,2.0,0.285,0.416666667,9.0,32.760491428865,0.70157135753357,0.20339642723597,37.67699863397855
MonetecFocusedSmallR-531-20260930-07:06:10-58,10.0,7.0,2.0,0.29,0.416666667,9.0,32.843072261237,0.70897628631007,0.2033104989051,37.76165740752978
MonetecFocusedSmallR-532-20260930-07:06:10-58,10.0,7.0,2.0,0.29,0.416666667,9.0,32.802542038983,0.70839488415487,0.20339315084109,37.719128442530554
MonetecFocusedSmallR-533-20260930-07:06:10-58,10.0,7.0,2.0,0.29,0.416666667,9.0,32.841813357968,0.70729280474481,0.20329783414942,37.760704915194424
MonetecFocusedSmallR-534-20260930-07:06:10-58,10.0,7.0,2.0,0.295,0.416666667,9.0,32.853187414732,0.71299307495122,0.20348366709647,37.767586758271975
MonetecFocusedSmallR-535-20260930-07:06:10-58,10.0,7.0,2.0,0.295,0.416666667,9.0,32.884504792318,0.71416051440819,0.20328374490773,37.80373726933625
MonetecFocusedSmallR-536-20260930-07:06:10-58,10.0,7.0,2.0,0.295,0.416666667,9.0,32.835313635421,0.71175238717362,0.20344579008603,37.750627929106486
MonetecFocusedSmallR-537-20260930-07:06:10-58,10.0,7.0,2.0,0.3,0.416666667,9.0,32.906287921285,0.71831845363825,0.20343955008482,37.82175297998705
MonetecFocusedSmallR-538-20260930-07:06:10-58,10.0,7.0,2.0,0.3,0.416666667,9.0,32.953001885764,0.71969845584732,0.20318269042858,37.874680981018955
MonetecFocusedSmallR-539-20260930-07:06:10-58,10.0,7.0,2.0,0.3,0.416666667,9.0,32.926282947518,0.71813442299563,0.20319143749064,37.84775017246474
MonetecFocusedSmallR-540-20260930-07:06:10-58,10.0,10.0,2.0,0.005,0.416666667,9.0,4.939691350835,0.0,0.012145836940524,87.27242847688254
MonetecFocusedSmallR-541-20260930-07:06:10-58,10.0,10.0,2.0,0.005,0.416666667,9.0,4.9321579006918,0.0,0.012024233720046,88.09754068370164
MonetecFocusedSmallR-542-20260930-07:06:10-58,10.0,10.0,2.0,0.005,0.416666667,9.0,4.9505196204385,0.0,0.012121531897956,87.44834319739294
MonetecFocusedSmallR-543-20260930-07:06:10-58,10.0,10.0,2.0,0.01,0.416666667,9.0,4.9868114131754,0.0,0.024311443410991,46.11970439261521
MonetecFocusedSmallR-544-20260930-07:06:10-58,10.0,10.0,2.0,0.01,0.416666667,9.0,5.0302259422943,0.0,0.024009539613612,46.68033736021831
MonetecFocusedSmallR-545-20260930-07:06:10-58,10.0,10.0,2.0,0.01,0.416666667,9.0,5.008913273458,0.0,0.024213358871338,46.30842918587967
MonetecFocusedSmallR-546-20260930-07:06:10-58,10.0,10.0,2.0,0.015,0.416666667,9.0,5.1056603154368,0.0,0.03646393766546,32.530016104286155
MonetecFocusedSmallR-547-20260930-07:06:10-58,10.0,10.0,2.0,0.015,0.416666667,9.0,5.0961964608592,0.0,0.036205505351126,32.71630534490492
MonetecFocusedSmallR-548-20260930-07:06:10-58,10.0,10.0,2.0,0.015,0.416666667,9.0,5.0938387934635,0.0,0.036355023610328,32.60035373122062
MonetecFocusedSmallR-549-20260930-07:06:10-58,10.0,10.0,2.0,0.02,0.416666667,9.0,5.290147414186,0.0,0.048626470710922,25.855078106871247
MonetecFocusedSmallR-550-20260930-07:06:10-58,10.0,10.0,2.0,0.02,0.416666667,9.0,5.2869110059805,0.0,0.04824540889223,26.0142718670686
MonetecFocusedSmallR-551-20260930-07:06:10-58,10.0,10.0,2.0,0.02,0.416666667,9.0,5.2304485649683,0.0,0.048538348550248,25.83271522356253
MonetecFocusedSmallR-552-20260930-07:06:10-58,10.0,10.0,2.0,0.025,0.416666667,9.0,5.4364949119008,0.0,0.060723701558636,21.90452921040911
MonetecFocusedSmallR-553-20260930-07:06:10-58,10.0,10.0,2.0,0.025,0.416666667,9.0,5.4514477422106,0.0,0.06019597854775,22.063853157412176
MonetecFocusedSmallR-554-20260930-07:06:10-58,10.0,10.0,2.0,0.025,0.416666667,9.0,5.4773357185436,0.0,0.060710858719444,21.948853682425206
MonetecFocusedSmallR-555-20260930-07:06:10-58,10.0,10.0,2.0,0.03,0.416666667,9.0,5.7102272260935,0.0,0.073104415849162,19.389291457498107
MonetecFocusedSmallR-556-20260930-07:06:10-58,10.0,10.0,2.0,0.03,0.416666667,9.0,5.6909723761468,0.0,0.072115125510521,19.557688864827227
MonetecFocusedSmallR-557-20260930-07:06:10-58,10.0,10.0,2.0,0.03,0.416666667,9.0,5.7089315653596,0.0,0.072678949736624,19.46807370519277
MonetecFocusedSmallR-558-20260930-07:06:10-58,10.0,10.0,2.0,0.035,0.416666667,9.0,6.0334026438909,0.0,0.084877603174067,17.815073692603242
MonetecFocusedSmallR-559-20260930-07:06:10-58,10.0,10.0,2.0,0.035,0.416666667,9.0,6.0069265909729,0.0,0.084436405118766,17.850159359983216
MonetecFocusedSmallR-560-20260930-07:06:10-58,10.0,10.0,2.0,0.035,0.416666667,9.0,6.0618414655277,0.0,0.084725529163898,17.86465945755867
MonetecFocusedSmallR-561-20260930-07:06:10-58,10.0,10.0,2.0,0.04,0.416666667,9.0,6.4988007067538,0.0,0.097548735639757,16.75008682995845
MonetecFocusedSmallR-562-20260930-07:06:10-58,10.0,10.0,2.0,0.04,0.416666667,9.0,6.4216065826801,0.0,0.096159599825487,16.820984302791526
MonetecFocusedSmallR-563-20260930-07:06:10-58,10.0,10.0,2.0,0.04,0.416666667,9.0,6.4839383942639,0.0,0.096640827587809,16.8315319006563
MonetecFocusedSmallR-564-20260930-07:06:10-58,10.0,10.0,2.0,0.045,0.416666667,9.0,6.9502479635766,0.0,0.10909316897029,16.116724741534494
MonetecFocusedSmallR-565-20260930-07:06:10-58,10.0,10.0,2.0,0.045,0.416666667,9.0,7.0214117920585,0.0,0.10828182450381,16.256572028620766
MonetecFocusedSmallR-566-20260930-07:06:10-58,10.0,10.0,2.0,0.045,0.416666667,9.0,6.9842950395003,0.0,0.108475635628,16.20295501056829
MonetecFocusedSmallR-567-20260930-07:06:10-58,10.0,10.0,2.0,0.05,0.416666667,9.0,7.7058060118315,0.0,0.12146127257652,15.938882932460707
MonetecFocusedSmallR-568-20260930-07:06:10-58,10.0,10.0,2.0,0.05,0.416666667,9.0,7.7564308234415,0.0,0.12011786661202,16.0815870071589
MonetecFocusedSmallR-569-20260930-07:06:10-58,10.0,10.0,2.0,0.05,0.416666667,9.0,7.7199744899665,3.3331111259249e-05,0.12030067879882,16.03247953968704
MonetecFocusedSmallR-570-20260930-07:06:10-58,10.0,10.0,2.0,0.055,0.416666667,9.0,8.7658889414443,0.00016661668166217,0.13324291521609,16.270978411891754
MonetecFocusedSmallR-571-20260930-07:06:10-58,10.0,10.0,2.0,0.055,0.416666667,9.0,8.5966865578533,0.00023325558147284,0.13231797830481,16.15423854596169
MonetecFocusedSmallR-572-20260930-07:06:10-58,10.0,10.0,2.0,0.055,0.416666667,9.0,8.6547360999823,6.6662222518499e-05,0.13294573469998,16.176602087309462
MonetecFocusedSmallR-573-20260930-07:06:10-58,10.0,10.0,2.0,0.06,0.416666667,9.0,10.030619468891,0.00089916078326895,0.14511202834463,16.92184696675959
MonetecFocusedSmallR-574-20260930-07:06:10-58,10.0,10.0,2.0,0.06,0.416666667,9.0,9.9654487558415,0.00073274713562483,0.14414210892774,16.90304670996406
MonetecFocusedSmallR-575-20260930-07:06:10-58,10.0,10.0,2.0,0.06,0.416666667,9.0,10.128952772978,0.00066622251832112,0.14458326741377,17.04538243933897
MonetecFocusedSmallR-576-20260930-07:06:10-58,10.0,10.0,2.0,0.065,0.416666667,9.0,12.077809212692,0.0027254295875295,0.156638811716,18.461923015936932
MonetecFocusedSmallR-577-20260930-07:06:10-58,10.0,10.0,2.0,0.065,0.416666667,9.0,11.55399016095,0.0022615405081815,0.15587823294136,17.969254057200295
MonetecFocusedSmallR-578-20260930-07:06:10-58,10.0,10.0,2.0,0.065,0.416666667,9.0,12.182613902107,0.0021950976153258,0.15708476019872,18.548603822039084
MonetecFocusedSmallR-579-20260930-07:06:10-58,10.0,10.0,2.0,0.07,0.416666667,9.0,14.434706175441,0.0070163825914281,0.16793017424345,20.389562141649257
MonetecFocusedSmallR-580-20260930-07:06:10-58,10.0,10.0,2.0,0.07,0.416666667,9.0,14.229253404165,0.0058320630923189,0.16799072196725,20.181963103186064
MonetecFocusedSmallR-581-20260930-07:06:10-58,10.0,10.0,2.0,0.07,0.416666667,9.0,14.197528044408,0.0048759453363407,0.16707563053253,20.18284138311958
MonetecFocusedSmallR-582-20260930-07:06:10-58,10.0,10.0,2.0,0.075,0.416666667,9.0,17.704548661063,0.014325141280063,0.17851030527538,23.306466143963185
MonetecFocusedSmallR-583-20260930-07:06:10-58,10.0,10.0,2.0,0.075,0.416666667,9.0,17.48071603778,0.016424613972396,0.17729256007408,23.12111064645483
MonetecFocusedSmallR-584-20260930-07:06:10-58,10.0,10.0,2.0,0.075,0.416666667,9.0,18.042644186196,0.015391683896164,0.17828206343835,23.651733405346754
MonetecFocusedSmallR-585-20260930-07:06:10-58,10.0,10.0,2.0,0.08,0.416666667,9.0,21.779208004333,0.033346220761647,0.18789771132199,27.1012526048995
MonetecFocusedSmallR-586-20260930-07:06:10-58,10.0,10.0,2.0,0.08,0.416666667,9.0,21.775921796479,0.030846253229974,0.18780972174601,27.100459795381845
MonetecFocusedSmallR-587-20260930-07:06:10-58,10.0,10.0,2.0,0.08,0.416666667,9.0,22.567989230046,0.034623676674068,0.18683683278007,27.920252941222923
MonetecFocusedSmallR-588-20260930-07:06:10-58,10.0,10.0,2.0,0.085,0.416666667,9.0,26.100808575455,0.057107835433888,0.19470849009657,31.23669145094763
MonetecFocusedSmallR-589-20260930-07:06:10-58,10.0,10.0,2.0,0.085,0.416666667,9.0,25.615206232355,0.052543496794973,0.19368753339111,30.778161134469
MonetecFocusedSmallR-590-20260930-07:06:10-58,10.0,10.0,2.0,0.085,0.416666667,9.0,25.73254671585,0.055046449378051,0.19283798497619,30.918247033779952
MonetecFocusedSmallR-591-20260930-07:06:10-58,10.0,10.0,2.0,0.09,0.416666667,9.0,30.129548621701,0.083956647840024,0.19848207229176,35.16778703010518
MonetecFocusedSmallR-592-20260930-07:06:10-58,10.0,10.0,2.0,0.09,0.416666667,9.0,29.753016121575,0.081971727556453,0.19839359262256,34.79350148595106
MonetecFocusedSmallR-593-20260930-07:06:10-58,10.0,10.0,2.0,0.09,0.416666667,9.0,29.700540782053,0.083343517047538,0.19763244728091,34.76043865691271
MonetecFocusedSmallR-594-20260930-07:06:10-58,10.0,10.0,2.0,0.095,0.416666667,9.0,33.899753982094,0.12722143044123,0.20081797019132,38.87938802105623
MonetecFocusedSmallR-595-20260930-07:06:10-58,10.0,10.0,2.0,0.095,0.416666667,9.0,33.216492630444,0.1189182840532,0.20076528101609,38.19743353286954
MonetecFocusedSmallR-596-20260930-07:06:10-58,10.0,10.0,2.0,0.095,0.416666667,9.0,32.824965633275,0.1198333773358,0.20027344732696,37.8181387840194
MonetecFocusedSmallR-597-20260930-07:06:10-58,10.0,10.0,2.0,0.1,0.416666667,9.0,36.243630929962,0.15873149394347,0.20239379503447,41.18449386417245
MonetecFocusedSmallR-598-20260930-07:06:10-58,10.0,10.0,2.0,0.1,0.416666667,9.0,36.004837003602,0.1604275082536,0.20209739276623,40.952946359751486
MonetecFocusedSmallR-599-20260930-07:06:10-58,10.0,10.0,2.0,0.1,0.416666667,9.0,35.654687933575,0.15549363953619,0.20176156681589,40.61103326624439
MonetecFocusedSmallR-600-20260930-07:06:10-58,10.0,10.0,2.0,0.105,0.416666667,9.0,38.205474337771,0.19665899234352,0.20317739143855,43.12728179341227
MonetecFocusedSmallR-601-20260930-07:06:10-58,10.0,10.0,2.0,0.105,0.416666667,9.0,37.910858085133,0.19747539580659,0.20290140070047,42.83936028643734
MonetecFocusedSmallR-602-20260930-07:06:10-58,10.0,10.0,2.0,0.105,0.416666667,9.0,37.709304102817,0.19098457888493,0.20267698761926,42.64326336354252
MonetecFocusedSmallR-603-20260930-07:06:10-58,10.0,10.0,2.0,0.11,0.416666667,9.0,39.944630184821,0.23168326973802,0.20339047864372,44.86128118376823
MonetecFocusedSmallR-604-20260930-07:06:10-58,10.0,10.0,2.0,0.11,0.416666667,9.0,39.513753556884,0.22943789641271,0.20314127531735,44.43643605180182
MonetecFocusedSmallR-605-20260930-07:06:10-58,10.0,10.0,2.0,0.11,0.416666667,9.0,39.811591700863,0.23040623717686,0.20302040924184,44.7372048632756
MonetecFocusedSmallR-606-20260930-07:06:10-58,10.0,10.0,2.0,0.115,0.416666667,9.0,41.120935071599,0.26337882953653,0.20357339089712,46.03316842190641
MonetecFocusedSmallR-607-20260930-07:06:10-58,10.0,10.0,2.0,0.115,0.416666667,9.0,41.04317196427,0.26353507092721,0.20334687525678,45.960877233835774
MonetecFocusedSmallR-608-20260930-07:06:10-58,10.0,10.0,2.0,0.115,0.416666667,9.0,40.925198880488,0.26372224266961,0.20308403936147,45.84926875394613
MonetecFocusedSmallR-609-20260930-07:06:10-58,10.0,10.0,2.0,0.12,0.416666667,9.0,42.310418225347,0.30068512304251,0.20332082095327,47.228753668374914
MonetecFocusedSmallR-610-20260930-07:06:10-58,10.0,10.0,2.0,0.12,0.416666667,9.0,41.954238667826,0.29702947102094,0.20328520165411,46.87343589351241
MonetecFocusedSmallR-611-20260930-07:06:10-58,10.0,10.0,2.0,0.12,0.416666667,9.0,41.777491718478,0.29296166262165,0.20321693097325,46.698341547332234
MonetecFocusedSmallR-612-20260930-07:06:10-58,10.0,10.0,2.0,0.125,0.416666667,9.0,42.973333448308,0.32696362086754,0.20344845935552,47.88858325244896
MonetecFocusedSmallR-613-20260930-07:06:10-58,10.0,10.0,2.0,0.125,0.416666667,9.0,42.623050782412,0.32205227842668,0.2033827609396,47.53988835202773
MonetecFocusedSmallR-614-20260930-07:06:10-58,10.0,10.0,2.0,0.125,0.416666667,9.0,42.604048392705,0.31905334573756,0.20337253274541,47.5211332443346
MonetecFocusedSmallR-615-20260930-07:06:11-58,10.0,10.0,2.0,0.13,0.416666667,9.0,43.508871537703,0.35179504903443,0.20345793013902,48.423892541390174
MonetecFocusedSmallR-616-20260930-07:06:11-58,10.0,10.0,2.0,0.13,0.416666667,9.0,43.422757336698,0.35175304054784,0.2032338125916,48.343198415119865
MonetecFocusedSmallR-617-20260930-07:06:11-58,10.0,10.0,2.0,0.13,0.416666667,9.0,43.188004451602,0.3461739585149,0.20335410916555,48.10553478380641
MonetecFocusedSmallR-618-20260930-07:06:11-58,10.0,10.0,2.0,0.135,0.416666667,9.0,44.009152022999,0.3770706190061,0.20340555342027,48.925438639489904
MonetecFocusedSmallR-619-20260930-07:06:11-58,10.0,10.0,2.0,0.135,0.416666667,9.0,43.781624014428,0.37328488189963,0.20333072129791,48.69971997954706
MonetecFocusedSmallR-620-20260930-07:06:11-58,10.0,10.0,2.0,0.135,0.416666667,9.0,43.751797834346,0.37245922208281,0.20325961657201,48.67161425860716
MonetecFocusedSmallR-621-20260930-07:06:11-58,10.0,10.0,2.0,0.14,0.416666667,9.0,44.315759861032,0.39874977459879,0.20344134732571,49.2311814955486
MonetecFocusedSmallR-622-20260930-07:06:11-58,10.0,10.0,2.0,0.14,0.416666667,9.0,44.195157037885,0.39808648908858,0.20325881318608,49.114992907852994
MonetecFocusedSmallR-623-20260930-07:06:11-58,10.0,10.0,2.0,0.14,0.416666667,9.0,44.191185397783,0.39445061043285,0.20330392488707,49.10992959101721
MonetecFocusedSmallR-624-20260930-07:06:11-58,10.0,10.0,2.0,0.145,0.416666667,9.0,44.675576543906,0.42098560568055,0.20337280790102,49.59265474290836
MonetecFocusedSmallR-625-20260930-07:06:11-58,10.0,10.0,2.0,0.145,0.416666667,9.0,44.504743355048,0.41576621303273,0.2033521969073,49.422319930116224
MonetecFocusedSmallR-626-20260930-07:06:11-58,10.0,10.0,2.0,0.145,0.416666667,9.0,44.606940910057,0.4180435963075,0.20318344949413,49.52860161859266
MonetecFocusedSmallR-627-20260930-07:06:11-58,10.0,10.0,2.0,0.15,0.416666667,9.0,44.913955428495,0.44020370474005,0.20339875557886,49.83040635344812
MonetecFocusedSmallR-628-20260930-07:06:11-58,10.0,10.0,2.0,0.15,0.416666667,9.0,44.804516105487,0.43730428097283,0.2033080260298,49.72316107749329
MonetecFocusedSmallR-629-20260930-07:06:11-58,10.0,10.0,2.0,0.15,0.416666667,9.0,44.808829477905,0.43396333182435,0.20328870592889,49.72794190685518
MonetecFocusedSmallR-630-20260930-07:06:11-58,10.0,10.0,2.0,0.155,0.416666667,9.0,45.141612378537,0.45817308560389,0.20339053468547,50.05826202276176
MonetecFocusedSmallR-631-20260930-07:06:11-58,10.0,10.0,2.0,0.155,0.416666667,9.0,45.120600501054,0.45614194062851,0.203286352763,50.03976987178812
MonetecFocusedSmallR-632-20260930-07:06:11-58,10.0,10.0,2.0,0.155,0.416666667,9.0,45.142889530909,0.4542230467045,0.20319342618388,50.0643085885071
MonetecFocusedSmallR-633-20260930-07:06:11-58,10.0,10.0,2.0,0.16,0.416666667,9.0,45.391232961157,0.47472254315023,0.20337233421004,50.308322612924556
MonetecFocusedSmallR-634-20260930-07:06:11-58,10.0,10.0,2.0,0.16,0.416666667,9.0,45.383781285134,0.47339510722684,0.20326723611066,50.30341328847168
MonetecFocusedSmallR-635-20260930-07:06:11-58,10.0,10.0,2.0,0.16,0.416666667,9.0,45.326605164033,0.47066398532317,0.20320099727236,50.24784085393294
MonetecFocusedSmallR-636-20260930-07:06:11-58,10.0,10.0,2.0,0.165,0.416666667,9.0,45.509842901883,0.4882328865241,0.20346070076735,50.4247969752176
MonetecFocusedSmallR-637-20260930-07:06:11-58,10.0,10.0,2.0,0.165,0.416666667,9.0,45.504051499656,0.48721804511278,0.20336953459154,50.42120884088935
MonetecFocusedSmallR-638-20260930-07:06:11-58,10.0,10.0,2.0,0.165,0.416666667,9.0,45.489169051046,0.48568049771196,0.20327290133342,50.40866394407034
MonetecFocusedSmallR-639-20260930-07:06:11-58,10.0,10.0,2.0,0.17,0.416666667,9.0,45.759445992519,0.50600862608238,0.20329600586032,50.678381786501475
MonetecFocusedSmallR-640-20260930-07:06:11-58,10.0,10.0,2.0,0.17,0.416666667,9.0,45.697674259739,0.50304726574145,0.20333132221154,50.61575569020169
MonetecFocusedSmallR-641-20260930-07:06:11-58,10.0,10.0,2.0,0.17,0.416666667,9.0,45.696429571913,0.50129624090139,0.2032089086417,50.61747366729373
MonetecFocusedSmallR-642-20260930-07:06:11-58,10.0,10.0,2.0,0.175,0.416666667,9.0,45.957092288042,0.52160951424426,0.20322067643992,50.87785142297992
MonetecFocusedSmallR-643-20260930-07:06:11-58,10.0,10.0,2.0,0.175,0.416666667,9.0,45.775822259707,0.51617948180514,0.20341489946479,50.69188299385738
MonetecFocusedSmallR-644-20260930-07:06:11-58,10.0,10.0,2.0,0.175,0.416666667,9.0,45.878633012648,0.51415850400712,0.20328958260594,50.79772422815026
MonetecFocusedSmallR-645-20260930-07:06:11-58,10.0,10.0,2.0,0.18,0.416666667,9.0,45.979611505939,0.53139591173853,0.20344880862281,50.89485287190826
MonetecFocusedSmallR-646-20260930-07:06:11-58,10.0,10.0,2.0,0.18,0.416666667,9.0,45.98391042969,0.53074914390255,0.20335236425459,50.90148295787578
MonetecFocusedSmallR-647-20260930-07:06:11-58,10.0,10.0,2.0,0.18,0.416666667,9.0,46.026278475748,0.5279757129599,0.20326151519656,50.946048945002694
MonetecFocusedSmallR-648-20260930-07:06:11-58,10.0,10.0,2.0,0.185,0.416666667,9.0,46.149070409386,0.54460193644338,0.20342181351783,51.0649640527801
MonetecFocusedSmallR-649-20260930-07:06:11-58,10.0,10.0,2.0,0.185,0.416666667,9.0,46.125332783864,0.54334626797535,0.20339437781658,51.041889528130525
MonetecFocusedSmallR-650-20260930-07:06:11-58,10.0,10.0,2.0,0.185,0.416666667,9.0,46.1185407488,0.53949084659414,0.20334626085433,51.03626087701207
MonetecFocusedSmallR-651-20260930-07:06:11-58,10.0,10.0,2.0,0.19,0.416666667,9.0,46.295614772128,0.55835994643041,0.20330614788323,51.21430518268241
MonetecFocusedSmallR-652-20260930-07:06:11-58,10.0,10.0,2.0,0.19,0.416666667,9.0,46.224240006805,0.55569209813299,0.20338716573815,51.14097109143718
MonetecFocusedSmallR-653-20260930-07:06:11-58,10.0,10.0,2.0,0.19,0.416666667,9.0,46.228859366931,0.55189714644089,0.20335148584291,51.14645313741618
MonetecFocusedSmallR-654-20260930-07:06:11-58,10.0,10.0,2.0,0.195,0.416666667,9.0,46.371501072234,0.56840409619146,0.2034114091591,51.28764616032904
MonetecFocusedSmallR-655-20260930-07:06:11-58,10.0,10.0,2.0,0.195,0.416666667,9.0,46.347818147746,0.56651114417368,0.20339713847216,51.26430816088782
MonetecFocusedSmallR-656-20260930-07:06:11-58,10.0,10.0,2.0,0.195,0.416666667,9.0,46.451652413032,0.56555288531141,0.20320246342197,51.3728525951548
MonetecFocusedSmallR-657-20260930-07:06:11-58,10.0,10.0,2.0,0.2,0.416666667,9.0,46.517418234646,0.58013291360616,0.20334844617471,51.43508551370076
MonetecFocusedSmallR-658-20260930-07:06:11-58,10.0,10.0,2.0,0.2,0.416666667,9.0,46.453008042281,0.57670390431054,0.20347055341975,51.36772411884785
MonetecFocusedSmallR-659-20260930-07:06:11-58,10.0,10.0,2.0,0.2,0.416666667,9.0,46.543462943608,0.57782779966235,0.20316757581545,51.4655081862424
MonetecFocusedSmallR-660-20260930-07:06:11-58,10.0,10.0,2.0,0.205,0.416666667,9.0,46.603010528555,0.58999303173974,0.20337220512681,51.52010330126926
MonetecFocusedSmallR-661-20260930-07:06:11-58,10.0,10.0,2.0,0.205,0.416666667,9.0,46.600414958903,0.58904972542145,0.20330722350884,51.51907934643038
MonetecFocusedSmallR-662-20260930-07:06:11-58,10.0,10.0,2.0,0.205,0.416666667,9.0,46.598610080582,0.58687721133857,0.20329300139432,51.517618571485905
MonetecFocusedSmallR-663-20260930-07:06:11-58,10.0,10.0,2.0,0.21,0.416666667,9.0,46.680857122463,0.5992574885485,0.20341405021821,51.596938380995844
MonetecFocusedSmallR-664-20260930-07:06:11-58,10.0,10.0,2.0,0.21,0.416666667,9.0,46.626767910946,0.59715398040005,0.20345771850436,51.54179402718828
MonetecFocusedSmallR-665-20260930-07:06:11-58,10.0,10.0,2.0,0.21,0.416666667,9.0,46.698955641651,0.59723508489363,0.20324827121733,51.61904669094074
MonetecFocusedSmallR-666-20260930-07:06:11-58,10.0,10.0,2.0,0.215,0.416666667,9.0,46.706276381716,0.60763085291387,0.20348776182263,51.620576834200456
MonetecFocusedSmallR-667-20260930-07:06:11-58,10.0,10.0,2.0,0.215,0.416666667,9.0,46.740539139368,0.60663538171141,0.20341744579289,51.6565383355144
MonetecFocusedSmallR-668-20260930-07:06:11-58,10.0,10.0,2.0,0.215,0.416666667,9.0,46.805066028553,0.60681341719078,0.2032068800002,51.726159251376046
MonetecFocusedSmallR-669-20260930-07:06:11-58,10.0,10.0,2.0,0.22,0.416666667,9.0,46.801771699891,0.61630523731588,0.20348426414016,51.71615662407953
MonetecFocusedSmallR-670-20260930-07:06:11-58,10.0,10.0,2.0,0.22,0.416666667,9.0,46.848946862245,0.61708751738481,0.2032929837433,51.7679557802444
MonetecFocusedSmallR-671-20260930-07:06:11-58,10.0,10.0,2.0,0.22,0.416666667,9.0,46.839757694736,0.61494142254045,0.20331044060273,51.7583442515081
MonetecFocusedSmallR-672-20260930-07:06:11-58,10.0,10.0,2.0,0.225,0.416666667,9.0,46.831317936559,0.6242110799439,0.20351189096275,51.74503573098034
MonetecFocusedSmallR-673-20260930-07:06:11-58,10.0,10.0,2.0,0.225,0.416666667,9.0,46.897884564238,0.62442583762,0.20337872350699,51.8148197419024
MonetecFocusedSmallR-674-20260930-07:06:11-58,10.0,10.0,2.0,0.225,0.416666667,9.0,46.954895750707,0.62399137974239,0.20320964114173,51.875922107436516
MonetecFocusedSmallR-675-20260930-07:06:11-58,10.0,10.0,2.0,0.23,0.416666667,9.0,46.96762318252,0.63366131158748,0.20341160761966,51.88376347412915
MonetecFocusedSmallR-676-20260930-07:06:11-58,10.0,10.0,2.0,0.23,0.416666667,9.0,46.920763443378,0.63132417622921,0.20349289599065,51.834939907041615
MonetecFocusedSmallR-677-20260930-07:06:11-58,10.0,10.0,2.0,0.23,0.416666667,9.0,46.987839070911,0.63134036829109,0.20326983715776,51.90740812248597
MonetecFocusedSmallR-678-20260930-07:06:11-58,10.0,10.0,2.0,0.235,0.416666667,9.0,46.999099229881,0.6405634275174,0.20346283165696,51.91400182833696
MonetecFocusedSmallR-679-20260930-07:06:11-58,10.0,10.0,2.0,0.235,0.416666667,9.0,47.003096273594,0.63948822681403,0.20345588013636,51.918166800578916
MonetecFocusedSmallR-680-20260930-07:06:11-58,10.0,10.0,2.0,0.235,0.416666667,9.0,47.039730822632,0.63933992764684,0.2032523331029,51.95972354662072
MonetecFocusedSmallR-681-20260930-07:06:11-58,10.0,10.0,2.0,0.24,0.416666667,9.0,47.101197587805,0.64850713925948,0.20338839310454,52.017899001960956
MonetecFocusedSmallR-682-20260930-07:06:11-58,10.0,10.0,2.0,0.24,0.416666667,9.0,47.094291508264,0.64790087531974,0.20332604553975,52.01250057166951
MonetecFocusedSmallR-683-20260930-07:06:11-58,10.0,10.0,2.0,0.24,0.416666667,9.0,47.07068581336,0.64504376626449,0.20344561349744,51.98600437348508
MonetecFocusedSmallR-684-20260930-07:06:11-58,10.0,10.0,2.0,0.245,0.416666667,9.0,47.090213494093,0.65471533115478,0.20352502886677,52.00361409925696
MonetecFocusedSmallR-685-20260930-07:06:11-58,10.0,10.0,2.0,0.245,0.416666667,9.0,47.13134139384,0.65450903187925,0.20338699477166,52.048076611461404
MonetecFocusedSmallR-686-20260930-07:06:11-58,10.0,10.0,2.0,0.245,0.416666667,9.0,47.153299442005,0.65335612719901,0.20329420510586,52.07227880730111
MonetecFocusedSmallR-687-20260930-07:06:11-58,10.0,10.0,2.0,0.25,0.416666667,9.0,47.205849054831,0.66271411230499,0.20338819438127,52.1225552729186
MonetecFocusedSmallR-688-20260930-07:06:11-58,10.0,10.0,2.0,0.25,0.416666667,9.0,47.209918243033,0.66204939356059,0.20333062482435,52.12801654162361
MonetecFocusedSmallR-689-20260930-07:06:11-58,10.0,10.0,2.0,0.25,0.416666667,9.0,47.224506353706,0.66063128371578,0.20327898272882,52.14385407266831
MonetecFocusedSmallR-690-20260930-07:06:11-58,10.0,10.0,2.0,0.255,0.416666667,9.0,47.299860087036,0.66988251342075,0.20328486986034,52.21906534164751
MonetecFocusedSmallR-691-20260930-07:06:11-58,10.0,10.0,2.0,0.255,0.416666667,9.0,47.228544641262,0.66815211261376,0.20339951780802,52.14497714206988
MonetecFocusedSmallR-692-20260930-07:06:11-58,10.0,10.0,2.0,0.255,0.416666667,9.0,47.231345260722,0.66692565542655,0.20333532223146,52.14932994250633
MonetecFocusedSmallR-693-20260930-07:06:11-58,10.0,10.0,2.0,0.26,0.416666667,9.0,47.31339480234,0.6753645765719,0.20339760067233,52.22987364326292
MonetecFocusedSmallR-694-20260930-07:06:11-58,10.0,10.0,2.0,0.26,0.416666667,9.0,47.306068301415,0.67518508897259,0.20332848455739,52.22421836866614
MonetecFocusedSmallR-695-20260930-07:06:11-58,10.0,10.0,2.0,0.26,0.416666667,9.0,47.273373124847,0.67294761276823,0.20337365037318,52.190430954929965
MonetecFocusedSmallR-696-20260930-07:06:11-58,10.0,10.0,2.0,0.265,0.416666667,9.0,47.328002360415,0.68080331025093,0.20348081040202,52.24247069786798
MonetecFocusedSmallR-697-20260930-07:06:12-58,10.0,10.0,2.0,0.265,0.416666667,9.0,47.376938685301,0.6810539069807,0.20334863288377,52.294601449090415
MonetecFocusedSmallR-698-20260930-07:06:12-58,10.0,10.0,2.0,0.265,0.416666667,9.0,47.359039841547,0.6794393821239,0.20335048431587,52.27665783180795
MonetecFocusedSmallR-699-20260930-07:06:12-58,10.0,10.0,2.0,0.27,0.416666667,9.0,47.454170449076,0.6883308408109,0.20322933027518,52.374720050090595
MonetecFocusedSmallR-700-20260930-07:06:12-58,10.0,10.0,2.0,0.27,0.416666667,9.0,47.428838004207,0.6875657216629,0.20327178758528,52.348359851676676
MonetecFocusedSmallR-701-20260930-07:06:12-58,10.0,10.0,2.0,0.27,0.416666667,9.0,47.423107401013,0.68619741286457,0.2032554357827,52.343025021662015
MonetecFocusedSmallR-702-20260930-07:06:12-58,10.0,10.0,2.0,0.275,0.416666667,9.0,47.456446917124,0.69335077303522,0.20332919097705,52.37457989741442
MonetecFocusedSmallR-703-20260930-07:06:12-58,10.0,10.0,2.0,0.275,0.416666667,9.0,47.444164566789,0.69221932757595,0.20340620818171,52.36043535782928
MonetecFocusedSmallR-704-20260930-07:06:12-58,10.0,10.0,2.0,0.275,0.416666667,9.0,47.465473320881,0.69163104242026,0.20326040874284,52.38527057104385
MonetecFocusedSmallR-705-20260930-07:06:12-58,10.0,10.0,2.0,0.28,0.416666667,9.0,47.449492854676,0.6976605948255,0.20347771354566,52.36403598853917
MonetecFocusedSmallR-706-20260930-07:06:12-58,10.0,10.0,2.0,0.28,0.416666667,9.0,47.46792469478,0.69791016529425,0.20338715986433,52.38465592140735
MonetecFocusedSmallR-707-20260930-07:06:12-58,10.0,10.0,2.0,0.28,0.416666667,9.0,47.495853852782,0.69687266409422,0.2032993108967,52.41470967963779
MonetecFocusedSmallR-708-20260930-07:06:12-58,10.0,10.0,2.0,0.285,0.416666667,9.0,47.537276758242,0.70356211474633,0.20337128634899,52.45439174508422
MonetecFocusedSmallR-709-20260930-07:06:12-58,10.0,10.0,2.0,0.285,0.416666667,9.0,47.558956280002,0.70427309996846,0.20324047213105,52.47923613132609
MonetecFocusedSmallR-710-20260930-07:06:12-58,10.0,10.0,2.0,0.285,0.416666667,9.0,47.507093732255,0.70157031615168,0.20338333704658,52.4239173743559
MonetecFocusedSmallR-711-20260930-07:06:12-58,10.0,10.0,2.0,0.29,0.416666667,9.0,47.595807695529,0.70896412603893,0.20329614768649,52.51474005789788
MonetecFocusedSmallR-712-20260930-07:06:12-58,10.0,10.0,2.0,0.29,0.416666667,9.0,47.549306234399,0.70839851910874,0.20336627963509,52.46654227664921
MonetecFocusedSmallR-713-20260930-07:06:12-58,10.0,10.0,2.0,0.29,0.416666667,9.0,47.595488637623,0.70727900579433,0.20328357010441,52.514725344683896
MonetecFocusedSmallR-714-20260930-07:06:12-58,10.0,10.0,2.0,0.295,0.416666667,9.0,47.593351455811,0.71299865145327,0.2034687193205,52.50811183440669
MonetecFocusedSmallR-715-20260930-07:06:12-58,10.0,10.0,2.0,0.295,0.416666667,9.0,47.639304975712,0.71416052275628,0.20326954646981,52.55888106257321
MonetecFocusedSmallR-716-20260930-07:06:12-58,10.0,10.0,2.0,0.295,0.416666667,9.0,47.578289762384,0.71174425083092,0.20343302198886,52.493912556675284
MonetecFocusedSmallR-717-20260930-07:06:12-58,10.0,10.0,2.0,0.3,0.416666667,9.0,47.649782922987,0.71830734715717,0.20341434780553,52.56585698948318
MonetecFocusedSmallR-718-20260930-07:06:12-58,10.0,10.0,2.0,0.3,0.416666667,9.0,47.71524067328,0.71969810192796,0.20316900920524,52.637251190099555
MonetecFocusedSmallR-719-20260930-07:06:12-58,10.0,10.0,2.0,0.3,0.416666667,9.0,47.687813552877,0.71812332691495,0.20317682761176,52.60963466680269
MonetecFocusedSmallR-720-20260930-07:06:12-58,10.0,13.0,2.0,0.005,0.416666667,9.0,4.939691350835,0.0,0.012145836940524,87.27242847688254
MonetecFocusedSmallR-721-20260930-07:06:12-58,10.0,13.0,2.0,0.005,0.416666667,9.0,4.9321579006918,0.0,0.012024233720046,88.09754068370164
MonetecFocusedSmallR-722-20260930-07:06:12-58,10.0,13.0,2.0,0.005,0.416666667,9.0,4.9505196204385,0.0,0.012121531897956,87.44834319739294
MonetecFocusedSmallR-723-20260930-07:06:12-58,10.0,13.0,2.0,0.01,0.416666667,9.0,4.9868114131754,0.0,0.024311443410991,46.11970439261521
MonetecFocusedSmallR-724-20260930-07:06:12-58,10.0,13.0,2.0,0.01,0.416666667,9.0,5.0302259422943,0.0,0.024009539613612,46.68033736021831
MonetecFocusedSmallR-725-20260930-07:06:12-58,10.0,13.0,2.0,0.01,0.416666667,9.0,5.008913273458,0.0,0.024213358871338,46.30842918587967
MonetecFocusedSmallR-726-20260930-07:06:12-58,10.0,13.0,2.0,0.015,0.416666667,9.0,5.1056603154368,0.0,0.03646393766546,32.530016104286155
MonetecFocusedSmallR-727-20260930-07:06:12-58,10.0,13.0,2.0,0.015,0.416666667,9.0,5.0961964608592,0.0,0.036205505351126,32.71630534490492
MonetecFocusedSmallR-728-20260930-07:06:12-58,10.0,13.0,2.0,0.015,0.416666667,9.0,5.0938387934635,0.0,0.036355023610328,32.60035373122062
MonetecFocusedSmallR-729-20260930-07:06:12-58,10.0,13.0,2.0,0.02,0.416666667,9.0,5.290147414186,0.0,0.048626470710922,25.855078106871247
MonetecFocusedSmallR-730-20260930-07:06:12-58,10.0,13.0,2.0,0.02,0.416666667,9.0,5.2869110059805,0.0,0.04824540889223,26.0142718670686
MonetecFocusedSmallR-731-20260930-07:06:12-58,10.0,13.0,2.0,0.02,0.416666667,9.0,5.2304485649683,0.0,0.048538348550248,25.83271522356253
MonetecFocusedSmallR-732-20260930-07:06:12-58,10.0,13.0,2.0,0.025,0.416666667,9.0,5.4364949119008,0.0,0.060723701558636,21.90452921040911
MonetecFocusedSmallR-733-20260930-07:06:12-58,10.0,13.0,2.0,0.025,0.416666667,9.0,5.4514477422106,0.0,0.06019597854775,22.063853157412176
MonetecFocusedSmallR-734-20260930-07:06:12-58,10.0,13.0,2.0,0.025,0.416666667,9.0,5.4773357185436,0.0,0.060710858719444,21.948853682425206
MonetecFocusedSmallR-735-20260930-07:06:12-58,10.0,13.0,2.0,0.03,0.416666667,9.0,5.7102272260935,0.0,0.073104415849162,19.389291457498107
MonetecFocusedSmallR-736-20260930-07:06:12-58,10.0,13.0,2.0,0.03,0.416666667,9.0,5.6909723761468,0.0,0.072115125510521,19.557688864827227
MonetecFocusedSmallR-737-20260930-07:06:12-58,10.0,13.0,2.0,0.03,0.416666667,9.0,5.7089315653596,0.0,0.072678949736624,19.46807370519277
MonetecFocusedSmallR-738-20260930-07:06:12-58,10.0,13.0,2.0,0.035,0.416666667,9.0,6.0334026438909,0.0,0.084877603174067,17.815073692603242
MonetecFocusedSmallR-739-20260930-07:06:12-58,10.0,13.0,2.0,0.035,0.416666667,9.0,6.0069265909729,0.0,0.084436405118766,17.850159359983216
MonetecFocusedSmallR-740-20260930-07:06:12-58,10.0,13.0,2.0,0.035,0.416666667,9.0,6.0618414655277,0.0,0.084725529163898,17.86465945755867
MonetecFocusedSmallR-741-20260930-07:06:12-58,10.0,13.0,2.0,0.04,0.416666667,9.0,6.4988007067538,0.0,0.097548735639757,16.75008682995845
MonetecFocusedSmallR-742-20260930-07:06:12-58,10.0,13.0,2.0,0.04,0.416666667,9.0,6.4216065826801,0.0,0.096159599825487,16.820984302791526
MonetecFocusedSmallR-743-20260930-07:06:12-58,10.0,13.0,2.0,0.04,0.416666667,9.0,6.4839383942639,0.0,0.096640827587809,16.8315319006563
MonetecFocusedSmallR-744-20260930-07:06:12-58,10.0,13.0,2.0,0.045,0.416666667,9.0,6.9502479635766,0.0,0.10909316897029,16.116724741534494
MonetecFocusedSmallR-745-20260930-07:06:12-58,10.0,13.0,2.0,0.045,0.416666667,9.0,7.0214117920585,0.0,0.10828182450381,16.256572028620766
MonetecFocusedSmallR-746-20260930-07:06:12-58,10.0,13.0,2.0,0.045,0.416666667,9.0,6.9842950395003,0.0,0.108475635628,16.20295501056829
MonetecFocusedSmallR-747-20260930-07:06:12-58,10.0,13.0,2.0,0.05,0.416666667,9.0,7.7058060118315,0.0,0.12146127257652,15.938882932460707
MonetecFocusedSmallR-748-20260930-07:06:12-58,10.0,13.0,2.0,0.05,0.416666667,9.0,7.7564308234415,0.0,0.12011786661202,16.0815870071589
MonetecFocusedSmallR-749-20260930-07:06:12-58,10.0,13.0,2.0,0.05,0.416666667,9.0,7.8485228001113,0.0,0.12099984489419,16.112996203977758
MonetecFocusedSmallR-750-20260930-07:06:12-58,10.0,13.0,2.0,0.055,0.416666667,9.0,8.7160677470431,0.0,0.13389295455625,16.184720622126893
MonetecFocusedSmallR-751-20260930-07:06:12-58,10.0,13.0,2.0,0.055,0.416666667,9.0,8.8505252400042,0.0,0.13306514396081,16.365641296952347
MonetecFocusedSmallR-752-20260930-07:06:12-58,10.0,13.0,2.0,0.055,0.416666667,9.0,8.6701597941113,0.0,0.13304236277143,16.18656268390381
MonetecFocusedSmallR-753-20260930-07:06:12-58,10.0,13.0,2.0,0.06,0.416666667,9.0,10.139179793595,0.00023325558147284,0.14533257949252,17.019949428950355
MonetecFocusedSmallR-754-20260930-07:06:12-58,10.0,13.0,2.0,0.06,0.416666667,9.0,10.237484371652,9.99800039992e-05,0.1443336841771,17.165873996716805
MonetecFocusedSmallR-755-20260930-07:06:12-58,10.0,13.0,2.0,0.06,0.416666667,9.0,10.289070201715,3.3331111259249e-05,0.14410990465553,17.228218502384053
MonetecFocusedSmallR-756-20260930-07:06:12-58,10.0,13.0,2.0,0.065,0.416666667,9.0,12.356656216777,0.00056630800493021,0.15678338030852,18.73488328416252
MonetecFocusedSmallR-757-20260930-07:06:12-58,10.0,13.0,2.0,0.065,0.416666667,9.0,11.924402816878,0.0005329780146569,0.15594275843285,18.33701222592989
MonetecFocusedSmallR-758-20260930-07:06:12-58,10.0,13.0,2.0,0.065,0.416666667,9.0,12.300214040778,0.00026658669065947,0.15662726344047,18.68479855074152
MonetecFocusedSmallR-759-20260930-07:06:12-58,10.0,13.0,2.0,0.07,0.416666667,9.0,15.031023995966,0.0018963337547408,0.16866417870843,20.959965207180158
MonetecFocusedSmallR-760-20260930-07:06:12-58,10.0,13.0,2.0,0.07,0.416666667,9.0,15.524684381494,0.0019624800425758,0.16838474357954,21.46346469342665
MonetecFocusedSmallR-761-20260930-07:06:12-58,10.0,13.0,2.0,0.07,0.416666667,9.0,16.116781706958,0.0022282825595317,0.16933071080451,22.02238498027377
MonetecFocusedSmallR-762-20260930-07:06:12-58,10.0,13.0,2.0,0.075,0.416666667,9.0,19.725459731756,0.0057995028997515,0.17931898930814,25.302113960392155
MonetecFocusedSmallR-763-20260930-07:06:12-58,10.0,13.0,2.0,0.075,0.416666667,9.0,20.319914481094,0.0080669157271796,0.17990801907839,25.878310405426184
MonetecFocusedSmallR-764-20260930-07:06:12-58,10.0,13.0,2.0,0.075,0.416666667,9.0,20.487878953186,0.0059312767155969,0.18026367682667,26.035308239017866
MonetecFocusedSmallR-765-20260930-07:06:12-58,10.0,13.0,2.0,0.08,0.416666667,9.0,25.743830288226,0.020214885209497,0.18936714866487,31.02457727655256
MonetecFocusedSmallR-766-20260930-07:06:12-58,10.0,13.0,2.0,0.08,0.416666667,9.0,26.241787925229,0.020948216791203,0.18951365770091,31.518452478757894
MonetecFocusedSmallR-767-20260930-07:06:12-58,10.0,13.0,2.0,0.08,0.416666667,9.0,28.785505972403,0.025839122248913,0.18933898879385,34.067038351815825
MonetecFocusedSmallR-768-20260930-07:06:12-58,10.0,13.0,2.0,0.085,0.416666667,9.0,34.706607840606,0.048067770797639,0.196069516516,39.80683972656771
MonetecFocusedSmallR-769-20260930-07:06:12-58,10.0,13.0,2.0,0.085,0.416666667,9.0,34.201472588011,0.039686349815971,0.19683363638257,39.281905070883894
MonetecFocusedSmallR-770-20260930-07:06:12-58,10.0,13.0,2.0,0.085,0.416666667,9.0,33.086989735949,0.039169842744131,0.19542884953461,38.20394151856133
MonetecFocusedSmallR-771-20260930-07:06:12-58,10.0,13.0,2.0,0.09,0.416666667,9.0,41.243096832673,0.082742389045116,0.2004814198744,46.23109023688218
MonetecFocusedSmallR-772-20260930-07:06:12-58,10.0,13.0,2.0,0.09,0.416666667,9.0,39.737148257088,0.070632315600421,0.20054792907728,44.723487455906934
MonetecFocusedSmallR-773-20260930-07:06:12-58,10.0,13.0,2.0,0.09,0.416666667,9.0,40.801296250633,0.077152521525215,0.19959416935969,45.81146264581408
MonetecFocusedSmallR-774-20260930-07:06:12-58,10.0,13.0,2.0,0.095,0.416666667,9.0,45.769914099585,0.11967492078395,0.20211084975207,50.71769399970765
MonetecFocusedSmallR-775-20260930-07:06:12-58,10.0,13.0,2.0,0.095,0.416666667,9.0,46.032308763916,0.11662545625809,0.20233219449626,50.97467595609552
MonetecFocusedSmallR-776-20260930-07:06:12-58,10.0,13.0,2.0,0.095,0.416666667,9.0,45.43752460768,0.11152559433934,0.20192481336971,50.38986297220319
MonetecFocusedSmallR-777-20260930-07:06:12-58,10.0,13.0,2.0,0.1,0.416666667,9.0,49.829248077678,0.15835086243164,0.20309383861311,54.75308036539689
MonetecFocusedSmallR-778-20260930-07:06:12-58,10.0,13.0,2.0,0.1,0.416666667,9.0,50.274292975385,0.16130114017438,0.2028977757149,55.202883229647526
MonetecFocusedSmallR-779-20260930-07:06:12-58,10.0,13.0,2.0,0.1,0.416666667,9.0,49.408567954982,0.15406730931845,0.20299786804811,54.334728065013316
MonetecFocusedSmallR-780-20260930-07:06:12-58,10.0,13.0,2.0,0.105,0.416666667,9.0,52.625995789734,0.19635779325121,0.20346561222297,57.540831221011395
MonetecFocusedSmallR-781-20260930-07:06:12-58,10.0,13.0,2.0,0.105,0.416666667,9.0,52.236302575857,0.1934642981914,0.20330974015382,57.15490607829334
MonetecFocusedSmallR-782-20260930-07:06:13-58,10.0,13.0,2.0,0.105,0.416666667,9.0,51.813650245598,0.18831836381344,0.20328057804628,56.732959358209506
MonetecFocusedSmallR-783-20260930-07:06:13-58,10.0,13.0,2.0,0.11,0.416666667,9.0,54.402914752845,0.22963780578587,0.20356382052111,59.31537904753188
MonetecFocusedSmallR-784-20260930-07:06:13-58,10.0,13.0,2.0,0.11,0.416666667,9.0,54.131567079225,0.23109243697479,0.20331588289343,59.050021976937835
MonetecFocusedSmallR-785-20260930-07:06:13-58,10.0,13.0,2.0,0.11,0.416666667,9.0,53.760845633697,0.22588217086257,0.20329349587524,58.67984215985096
MonetecFocusedSmallR-786-20260930-07:06:13-58,10.0,13.0,2.0,0.115,0.416666667,9.0,56.00168800755,0.26513871544357,0.20354050953012,60.91471491461893
MonetecFocusedSmallR-787-20260930-07:06:13-58,10.0,13.0,2.0,0.115,0.416666667,9.0,55.588387595901,0.26416574721098,0.20335411952403,60.50591767761558
MonetecFocusedSmallR-788-20260930-07:06:13-58,10.0,13.0,2.0,0.115,0.416666667,9.0,55.325520117503,0.25917057516663,0.20334304384394,60.24331804703272
MonetecFocusedSmallR-789-20260930-07:06:13-58,10.0,13.0,2.0,0.12,0.416666667,9.0,56.972524306304,0.30105047399436,0.2033029603725,61.89129183515729
MonetecFocusedSmallR-790-20260930-07:06:13-58,10.0,13.0,2.0,0.12,0.416666667,9.0,56.5792415624,0.29515242613556,0.20334402113285,61.49701585656857
MonetecFocusedSmallR-791-20260930-07:06:13-58,10.0,13.0,2.0,0.12,0.416666667,9.0,56.677717002614,0.29299378062571,0.20326710123666,61.59735227027947
MonetecFocusedSmallR-792-20260930-07:06:13-58,10.0,13.0,2.0,0.125,0.416666667,9.0,57.71512767132,0.32700975445678,0.20342261377869,62.631001975677975
MonetecFocusedSmallR-793-20260930-07:06:13-58,10.0,13.0,2.0,0.125,0.416666667,9.0,57.346041574082,0.32464668286975,0.20328203226455,62.26531549544169
MonetecFocusedSmallR-794-20260930-07:06:13-58,10.0,13.0,2.0,0.125,0.416666667,9.0,57.416374593707,0.31889879939175,0.20336388284592,62.3336685891096
MonetecFocusedSmallR-795-20260930-07:06:13-58,10.0,13.0,2.0,0.13,0.416666667,9.0,58.249121989027,0.35179905835601,0.20342995923653,63.16481879078121
MonetecFocusedSmallR-796-20260930-07:06:13-58,10.0,13.0,2.0,0.13,0.416666667,9.0,58.180129706215,0.35179265658747,0.20320788550266,63.10119857874608
MonetecFocusedSmallR-797-20260930-07:06:13-58,10.0,13.0,2.0,0.13,0.416666667,9.0,58.079387803751,0.34787049109083,0.20328740549434,62.99853170038478
MonetecFocusedSmallR-798-20260930-07:06:13-58,10.0,13.0,2.0,0.135,0.416666667,9.0,58.752958314785,0.37709375454036,0.20339122655168,63.66959123427776
MonetecFocusedSmallR-799-20260930-07:06:13-58,10.0,13.0,2.0,0.135,0.416666667,9.0,58.565189347269,0.37417108061893,0.20328327008298,63.48443331452612
MonetecFocusedSmallR-800-20260930-07:06:13-58,10.0,13.0,2.0,0.135,0.416666667,9.0,58.513779740632,0.3724621014114,0.20324314708415,63.43399483445735
MonetecFocusedSmallR-801-20260930-07:06:13-58,10.0,13.0,2.0,0.14,0.416666667,9.0,59.057179716504,0.39874977459879,0.20342825385816,63.97291772749459
MonetecFocusedSmallR-802-20260930-07:06:13-58,10.0,13.0,2.0,0.14,0.416666667,9.0,58.950736461899,0.39807052027759,0.20323213706039,63.871218106506475
MonetecFocusedSmallR-803-20260930-07:06:13-58,10.0,13.0,2.0,0.14,0.416666667,9.0,58.934165627792,0.3946386429191,0.20328129077551,63.85345749270017
MonetecFocusedSmallR-804-20260930-07:06:13-58,10.0,13.0,2.0,0.145,0.416666667,9.0,59.42299432211,0.42103130968227,0.20334618022821,64.34071640018261
MonetecFocusedSmallR-805-20260930-07:06:13-58,10.0,13.0,2.0,0.145,0.416666667,9.0,59.253183521201,0.41579070310675,0.20332610880135,64.17139105438604
MonetecFocusedSmallR-806-20260930-07:06:13-58,10.0,13.0,2.0,0.145,0.416666667,9.0,59.367960255262,0.41801116971765,0.20315724706544,64.29025574038386
MonetecFocusedSmallR-807-20260930-07:06:13-58,10.0,13.0,2.0,0.15,0.416666667,9.0,59.660868780634,0.43976106029494,0.20339925110337,64.57730772805071
MonetecFocusedSmallR-808-20260930-07:06:13-58,10.0,13.0,2.0,0.15,0.416666667,9.0,59.556541229241,0.43733478317929,0.2032819050564,64.47581822894519
MonetecFocusedSmallR-809-20260930-07:06:13-58,10.0,13.0,2.0,0.15,0.416666667,9.0,59.56133208379,0.43399215449608,0.20326305242959,64.48106534592036
MonetecFocusedSmallR-810-20260930-07:06:13-58,10.0,13.0,2.0,0.155,0.416666667,9.0,59.887449759191,0.45819041773477,0.20336356560818,64.8047514253444
MonetecFocusedSmallR-811-20260930-07:06:13-58,10.0,13.0,2.0,0.155,0.416666667,9.0,59.874191049085,0.45615497526412,0.20325974085047,64.79400446523837
MonetecFocusedSmallR-812-20260930-07:06:13-58,10.0,13.0,2.0,0.155,0.416666667,9.0,59.902367556752,0.454226376664,0.20318015750433,64.82410800760626
MonetecFocusedSmallR-813-20260930-07:06:13-58,10.0,13.0,2.0,0.16,0.416666667,9.0,60.138227208752,0.47469938564402,0.20334581248442,65.05595818035299
MonetecFocusedSmallR-814-20260930-07:06:13-58,10.0,13.0,2.0,0.16,0.416666667,9.0,60.138462178758,0.47337205425608,0.20324071579254,65.05873613125067
MonetecFocusedSmallR-815-20260930-07:06:13-58,10.0,13.0,2.0,0.16,0.416666667,9.0,60.085437274193,0.47064738049039,0.20318643493923,65.00702566811843
MonetecFocusedSmallR-816-20260930-07:06:13-58,10.0,13.0,2.0,0.165,0.416666667,9.0,60.249839120579,0.48820790914207,0.20344683665933,65.16512812885438
MonetecFocusedSmallR-817-20260930-07:06:13-58,10.0,13.0,2.0,0.165,0.416666667,9.0,60.251509556191,0.48723731419785,0.20334247841949,65.16932116040007
MonetecFocusedSmallR-818-20260930-07:06:13-58,10.0,13.0,2.0,0.165,0.416666667,9.0,60.243404265112,0.48568197007866,0.20324655147493,65.1635369450672
MonetecFocusedSmallR-819-20260930-07:06:13-58,10.0,13.0,2.0,0.17,0.416666667,9.0,60.512477261198,0.50599137505349,0.20326745113959,65.4321040602435
MonetecFocusedSmallR-820-20260930-07:06:13-58,10.0,13.0,2.0,0.17,0.416666667,9.0,60.447810741578,0.50303853223162,0.20330548811334,65.36651711433717
MonetecFocusedSmallR-821-20260930-07:06:13-58,10.0,13.0,2.0,0.17,0.416666667,9.0,60.454580703163,0.50129615474094,0.20319507583998,65.37595980581173
MonetecFocusedSmallR-822-20260930-07:06:13-58,10.0,13.0,2.0,0.175,0.416666667,9.0,60.715420543479,0.52159150686242,0.20319297930914,65.63685042457045
MonetecFocusedSmallR-823-20260930-07:06:13-58,10.0,13.0,2.0,0.175,0.416666667,9.0,60.519933556498,0.5161617952893,0.20338966138037,65.4366043116051
MonetecFocusedSmallR-824-20260930-07:06:13-58,10.0,13.0,2.0,0.175,0.416666667,9.0,60.632183225149,0.51414093992326,0.20326307190873,65.55191601581068
MonetecFocusedSmallR-825-20260930-07:06:13-58,10.0,13.0,2.0,0.18,0.416666667,9.0,60.721323425884,0.53141393954534,0.20342295377059,65.6371895140726
MonetecFocusedSmallR-826-20260930-07:06:13-58,10.0,13.0,2.0,0.18,0.416666667,9.0,60.732814765714,0.53078294040398,0.20332601166461,65.65102464851796
MonetecFocusedSmallR-827-20260930-07:06:13-58,10.0,13.0,2.0,0.18,0.416666667,9.0,60.781408024549,0.52797873678913,0.20323483312334,65.7018243952659
MonetecFocusedSmallR-828-20260930-07:06:13-58,10.0,13.0,2.0,0.185,0.416666667,9.0,60.892826008845,0.54458270106222,0.20339578455101,65.80934874901618
MonetecFocusedSmallR-829-20260930-07:06:13-58,10.0,13.0,2.0,0.185,0.416666667,9.0,60.870942062174,0.54332014607425,0.20336853835889,65.78812349087303
MonetecFocusedSmallR-830-20260930-07:06:13-58,10.0,13.0,2.0,0.185,0.416666667,9.0,60.866971484981,0.53951789851626,0.20333044934891,65.78507402792097
MonetecFocusedSmallR-831-20260930-07:06:13-58,10.0,13.0,2.0,0.19,0.416666667,9.0,61.04779556372,0.55838078841655,0.20327960643101,65.96712818914686
MonetecFocusedSmallR-832-20260930-07:06:13-58,10.0,13.0,2.0,0.19,0.416666667,9.0,60.969712182907,0.55568880005922,0.20337340037659,65.88677605727938
MonetecFocusedSmallR-833-20260930-07:06:13-58,10.0,13.0,2.0,0.19,0.416666667,9.0,60.976796859385,0.55194087787399,0.2033372613853,65.89473464013005
MonetecFocusedSmallR-834-20260930-07:06:13-58,10.0,13.0,2.0,0.195,0.416666667,9.0,61.116006096477,0.56840243323698,0.20338641425105,66.03275534780924
MonetecFocusedSmallR-835-20260930-07:06:13-58,10.0,13.0,2.0,0.195,0.416666667,9.0,61.09262701909,0.56651548416917,0.20338384016056,66.00943849836267
MonetecFocusedSmallR-836-20260930-07:06:13-58,10.0,13.0,2.0,0.195,0.416666667,9.0,61.210337394697,0.56554090244503,0.20318894858812,66.131864903691
MonetecFocusedSmallR-837-20260930-07:06:13-58,10.0,13.0,2.0,0.2,0.416666667,9.0,61.265598612409,0.58014241945187,0.20333308391594,66.18363743197173
MonetecFocusedSmallR-838-20260930-07:06:13-58,10.0,13.0,2.0,0.2,0.416666667,9.0,61.193239003652,0.57673539615829,0.20344434396503,66.10858823632415
MonetecFocusedSmallR-839-20260930-07:06:13-58,10.0,13.0,2.0,0.2,0.416666667,9.0,61.305752522434,0.57782279050794,0.20314182244863,66.22842175886304
MonetecFocusedSmallR-840-20260930-07:06:13-58,10.0,13.0,2.0,0.205,0.416666667,9.0,61.349497241585,0.58998319603262,0.20334616711285,66.26721963683937
MonetecFocusedSmallR-841-20260930-07:06:13-58,10.0,13.0,2.0,0.205,0.416666667,9.0,61.352479868541,0.58905122482234,0.20328111091708,66.27177608592496
MonetecFocusedSmallR-842-20260930-07:06:13-58,10.0,13.0,2.0,0.205,0.416666667,9.0,61.351790774471,0.58685626970252,0.20326546608705,66.27146561767206
MonetecFocusedSmallR-843-20260930-07:06:13-58,10.0,13.0,2.0,0.21,0.416666667,9.0,61.425149372009,0.59925758769412,0.20338894741755,66.34183738626494
MonetecFocusedSmallR-844-20260930-07:06:13-58,10.0,13.0,2.0,0.21,0.416666667,9.0,61.367858084837,0.59714895501953,0.20343253693863,66.28349259959347
MonetecFocusedSmallR-845-20260930-07:06:13-58,10.0,13.0,2.0,0.21,0.416666667,9.0,61.455399957582,0.59724626595274,0.20322019404684,66.3761707731512
MonetecFocusedSmallR-846-20260930-07:06:13-58,10.0,13.0,2.0,0.215,0.416666667,9.0,61.445257050484,0.60765037323677,0.2034616769157,66.3601875433371
MonetecFocusedSmallR-847-20260930-07:06:13-58,10.0,13.0,2.0,0.215,0.416666667,9.0,61.483318125375,0.60665041417637,0.20340384977456,66.39964591911311
MonetecFocusedSmallR-848-20260930-07:06:13-58,10.0,13.0,2.0,0.215,0.416666667,9.0,61.564537954491,0.60680457481233,0.20318057289155,66.48626834322143
MonetecFocusedSmallR-849-20260930-07:06:13-58,10.0,13.0,2.0,0.22,0.416666667,9.0,61.541075416946,0.61628352980285,0.20345866348795,66.4560787048705
MonetecFocusedSmallR-850-20260930-07:06:13-58,10.0,13.0,2.0,0.22,0.416666667,9.0,61.600960418289,0.61710407124357,0.20327857441089,66.5203180185577
MonetecFocusedSmallR-851-20260930-07:06:13-58,10.0,13.0,2.0,0.22,0.416666667,9.0,61.591560526183,0.61491185301137,0.2032841780743,66.51078252109154
MonetecFocusedSmallR-852-20260930-07:06:13-58,10.0,13.0,2.0,0.225,0.416666667,9.0,61.567654663539,0.6241970423611,0.20349823250993,66.48170225828262
MonetecFocusedSmallR-853-20260930-07:06:13-58,10.0,13.0,2.0,0.225,0.416666667,9.0,61.644789823796,0.62442278091329,0.20335278474508,66.56235218348331
MonetecFocusedSmallR-854-20260930-07:06:13-58,10.0,13.0,2.0,0.225,0.416666667,9.0,61.713980239054,0.62401503288443,0.20318078098408,66.63570558707475
MonetecFocusedSmallR-855-20260930-07:06:13-58,10.0,13.0,2.0,0.23,0.416666667,9.0,61.712102823024,0.63366046579757,0.20338558260996,66.6288721788821
MonetecFocusedSmallR-856-20260930-07:06:13-58,10.0,13.0,2.0,0.23,0.416666667,9.0,61.659496070079,0.63133391477391,0.20346677566827,66.5743033977893
MonetecFocusedSmallR-857-20260930-07:06:13-58,10.0,13.0,2.0,0.23,0.416666667,9.0,61.741928346452,0.63135525556142,0.20325620767892,66.66182728296901
MonetecFocusedSmallR-858-20260930-07:06:13-58,10.0,13.0,2.0,0.235,0.416666667,9.0,61.738623282422,0.64055669337549,0.20344921038275,66.65385494205191
MonetecFocusedSmallR-859-20260930-07:06:13-58,10.0,13.0,2.0,0.235,0.416666667,9.0,61.744076572611,0.63953446474255,0.20343025472519,66.65976623416543
MonetecFocusedSmallR-860-20260930-07:06:13-58,10.0,13.0,2.0,0.235,0.416666667,9.0,61.795795378363,0.63932653134802,0.2032272983042,66.7163941775615
MonetecFocusedSmallR-861-20260930-07:06:13-58,10.0,13.0,2.0,0.24,0.416666667,9.0,61.846302665334,0.64853438887002,0.20336199662553,66.76364226955414
MonetecFocusedSmallR-862-20260930-07:06:13-58,10.0,13.0,2.0,0.24,0.416666667,9.0,61.844454956599,0.64787046814502,0.20330066430586,66.76327803774511
MonetecFocusedSmallR-863-20260930-07:06:13-58,10.0,13.0,2.0,0.24,0.416666667,9.0,61.812940272305,0.6450636264724,0.20341952918919,66.72888911942849
MonetecFocusedSmallR-864-20260930-07:06:13-58,10.0,13.0,2.0,0.245,0.416666667,9.0,61.82652818913,0.65472889799018,0.20349939650289,66.74054767609098
MonetecFocusedSmallR-865-20260930-07:06:13-58,10.0,13.0,2.0,0.245,0.416666667,9.0,61.876304347174,0.65450191681153,0.20337334654111,66.79336952315496
MonetecFocusedSmallR-866-20260930-07:06:13-58,10.0,13.0,2.0,0.245,0.416666667,9.0,61.905098935144,0.65335258446434,0.20327871658411,66.82445309481193
MonetecFocusedSmallR-867-20260930-07:06:13-58,10.0,13.0,2.0,0.25,0.416666667,9.0,61.952081714783,0.66273346369092,0.20336214099159,66.86941782820125
MonetecFocusedSmallR-868-20260930-07:06:13-58,10.0,13.0,2.0,0.25,0.416666667,9.0,61.959331737022,0.66203828828829,0.20331739949019,66.87774994671511
MonetecFocusedSmallR-869-20260930-07:06:14-58,10.0,13.0,2.0,0.25,0.416666667,9.0,61.978585319513,0.66063977746871,0.2032531668325,66.898557862052
MonetecFocusedSmallR-870-20260930-07:06:14-58,10.0,13.0,2.0,0.255,0.416666667,9.0,62.053459007783,0.66990398046613,0.20325939874161,66.97328070454613
MonetecFocusedSmallR-871-20260930-07:06:14-58,10.0,13.0,2.0,0.255,0.416666667,9.0,61.973997584375,0.66817035955951,0.20337309248961,66.89106890270138
MonetecFocusedSmallR-872-20260930-07:06:14-58,10.0,13.0,2.0,0.255,0.416666667,9.0,61.981354637887,0.66690713754564,0.20330945359353,66.89996507298889
MonetecFocusedSmallR-873-20260930-07:06:14-58,10.0,13.0,2.0,0.26,0.416666667,9.0,62.057906022464,0.67533507134126,0.20337218238164,66.97499934510653
MonetecFocusedSmallR-874-20260930-07:06:14-58,10.0,13.0,2.0,0.26,0.416666667,9.0,62.055661167335,0.67518074375514,0.20331307670617,66.97418395101806
MonetecFocusedSmallR-875-20260930-07:06:14-58,10.0,13.0,2.0,0.26,0.416666667,9.0,62.019599366275,0.67296879086392,0.20335833956939,66.9370274005395
MonetecFocusedSmallR-876-20260930-07:06:14-58,10.0,13.0,2.0,0.265,0.416666667,9.0,62.067369487894,0.68079132099553,0.20345503310105,66.98246047757391
MonetecFocusedSmallR-877-20260930-07:06:14-58,10.0,13.0,2.0,0.265,0.416666667,9.0,62.124953028194,0.68104868277027,0.20333359052104,67.0429795944761
MonetecFocusedSmallR-878-20260930-07:06:14-58,10.0,13.0,2.0,0.265,0.416666667,9.0,62.108080016084,0.67942404853716,0.20332402061334,67.02633806047756
MonetecFocusedSmallR-879-20260930-07:06:14-58,10.0,13.0,2.0,0.27,0.416666667,9.0,62.210847084978,0.68833920059815,0.20320392420204,67.13201188987482
MonetecFocusedSmallR-880-20260930-07:06:14-58,10.0,13.0,2.0,0.27,0.416666667,9.0,62.183348194774,0.68757677333389,0.20324631796102,67.10348652757168
MonetecFocusedSmallR-881-20260930-07:06:14-58,10.0,13.0,2.0,0.27,0.416666667,9.0,62.178997601058,0.6861982434128,0.20322867284139,67.09956311978503
MonetecFocusedSmallR-882-20260930-07:06:14-58,10.0,13.0,2.0,0.275,0.416666667,9.0,62.20609628837,0.69333973677757,0.20331588241145,67.1245511977425
MonetecFocusedSmallR-883-20260930-07:06:14-58,10.0,13.0,2.0,0.275,0.416666667,9.0,62.188906531043,0.69221933935659,0.20337946228868,67.10582384780031
MonetecFocusedSmallR-884-20260930-07:06:14-58,10.0,13.0,2.0,0.275,0.416666667,9.0,62.219979599159,0.69162796432535,0.20323206053271,67.14046309658951
MonetecFocusedSmallR-885-20260930-07:06:14-58,10.0,13.0,2.0,0.28,0.416666667,9.0,62.188069271492,0.69766176722444,0.20346372822049,67.10295021241488
MonetecFocusedSmallR-886-20260930-07:06:14-58,10.0,13.0,2.0,0.28,0.416666667,9.0,62.214280282244,0.69792557849285,0.20335992995734,67.13166985948163
MonetecFocusedSmallR-887-20260930-07:06:14-58,10.0,13.0,2.0,0.28,0.416666667,9.0,62.248469405706,0.69688216460797,0.20327373863045,67.16794403502834
MonetecFocusedSmallR-888-20260930-07:06:14-58,10.0,13.0,2.0,0.285,0.416666667,9.0,62.283640802129,0.70355992809024,0.20335780790825,67.2010816925775
MonetecFocusedSmallR-889-20260930-07:06:14-58,10.0,13.0,2.0,0.285,0.416666667,9.0,62.316032550147,0.70426171355373,0.20321506164339,67.23692764479722
MonetecFocusedSmallR-890-20260930-07:06:14-58,10.0,13.0,2.0,0.285,0.416666667,9.0,62.253479955941,0.70156911878766,0.20335775932164,67.17092202127353
MonetecFocusedSmallR-891-20260930-07:06:14-58,10.0,13.0,2.0,0.29,0.416666667,9.0,62.348513437593,0.7089846022573,0.20326950369475,67.26809055970621
MonetecFocusedSmallR-892-20260930-07:06:14-58,10.0,13.0,2.0,0.29,0.416666667,9.0,62.296146882367,0.70839325274982,0.20335094780818,67.2137536640344
MonetecFocusedSmallR-893-20260930-07:06:14-58,10.0,13.0,2.0,0.29,0.416666667,9.0,62.349134036928,0.70729138220263,0.20325649025036,67.26902613369822
MonetecFocusedSmallR-894-20260930-07:06:14-58,10.0,13.0,2.0,0.295,0.416666667,9.0,62.333579998333,0.71298784511366,0.20344291894413,67.24896366068904
MonetecFocusedSmallR-895-20260930-07:06:14-58,10.0,13.0,2.0,0.295,0.416666667,9.0,62.394141432397,0.7141496494971,0.20324389371602,67.31433845143874
MonetecFocusedSmallR-896-20260930-07:06:14-58,10.0,13.0,2.0,0.295,0.416666667,9.0,62.321251243302,0.71173498789811,0.20340593058453,67.23752874379714
MonetecFocusedSmallR-897-20260930-07:06:14-58,10.0,13.0,2.0,0.3,0.416666667,9.0,62.393274914,0.71829769659652,0.20340045960994,67.30968465032849
MonetecFocusedSmallR-898-20260930-07:06:14-58,10.0,13.0,2.0,0.3,0.416666667,9.0,62.477409117279,0.71970786558828,0.20314240412339,67.40006425821448
MonetecFocusedSmallR-899-20260930-07:06:14-58,10.0,13.0,2.0,0.3,0.416666667,9.0,62.449280266352,0.71815484016378,0.20315111168648,67.37172441001627
MonetecFocusedSmallR-900-20260930-07:06:14-58,10.0,16.0,2.0,0.005,0.416666667,9.0,4.939691350835,0.0,0.012145836940524,87.27242847688254
MonetecFocusedSmallR-901-20260930-07:06:14-58,10.0,16.0,2.0,0.005,0.416666667,9.0,4.9321579006918,0.0,0.012024233720046,88.09754068370164
MonetecFocusedSmallR-902-20260930-07:06:14-58,10.0,16.0,2.0,0.005,0.416666667,9.0,4.9505196204385,0.0,0.012121531897956,87.44834319739294
MonetecFocusedSmallR-903-20260930-07:06:14-58,10.0,16.0,2.0,0.01,0.416666667,9.0,4.9868114131754,0.0,0.024311443410991,46.11970439261521
MonetecFocusedSmallR-904-20260930-07:06:14-58,10.0,16.0,2.0,0.01,0.416666667,9.0,5.0302259422943,0.0,0.024009539613612,46.68033736021831
MonetecFocusedSmallR-905-20260930-07:06:14-58,10.0,16.0,2.0,0.01,0.416666667,9.0,5.008913273458,0.0,0.024213358871338,46.30842918587967
MonetecFocusedSmallR-906-20260930-07:06:14-58,10.0,16.0,2.0,0.015,0.416666667,9.0,5.1056603154368,0.0,0.03646393766546,32.530016104286155
MonetecFocusedSmallR-907-20260930-07:06:14-58,10.0,16.0,2.0,0.015,0.416666667,9.0,5.0961964608592,0.0,0.036205505351126,32.71630534490492
MonetecFocusedSmallR-908-20260930-07:06:14-58,10.0,16.0,2.0,0.015,0.416666667,9.0,5.0938387934635,0.0,0.036355023610328,32.60035373122062
MonetecFocusedSmallR-909-20260930-07:06:14-58,10.0,16.0,2.0,0.02,0.416666667,9.0,5.290147414186,0.0,0.048626470710922,25.855078106871247
MonetecFocusedSmallR-910-20260930-07:06:14-58,10.0,16.0,2.0,0.02,0.416666667,9.0,5.2869110059805,0.0,0.04824540889223,26.0142718670686
MonetecFocusedSmallR-911-20260930-07:06:14-58,10.0,16.0,2.0,0.02,0.416666667,9.0,5.2304485649683,0.0,0.048538348550248,25.83271522356253
MonetecFocusedSmallR-912-20260930-07:06:14-58,10.0,16.0,2.0,0.025,0.416666667,9.0,5.4364949119008,0.0,0.060723701558636,21.90452921040911
MonetecFocusedSmallR-913-20260930-07:06:14-58,10.0,16.0,2.0,0.025,0.416666667,9.0,5.4514477422106,0.0,0.06019597854775,22.063853157412176
MonetecFocusedSmallR-914-20260930-07:06:14-58,10.0,16.0,2.0,0.025,0.416666667,9.0,5.4773357185436,0.0,0.060710858719444,21.948853682425206
MonetecFocusedSmallR-915-20260930-07:06:14-58,10.0,16.0,2.0,0.03,0.416666667,9.0,5.7102272260935,0.0,0.073104415849162,19.389291457498107
MonetecFocusedSmallR-916-20260930-07:06:14-58,10.0,16.0,2.0,0.03,0.416666667,9.0,5.6909723761468,0.0,0.072115125510521,19.557688864827227
MonetecFocusedSmallR-917-20260930-07:06:14-58,10.0,16.0,2.0,0.03,0.416666667,9.0,5.7089315653596,0.0,0.072678949736624,19.46807370519277
MonetecFocusedSmallR-918-20260930-07:06:14-58,10.0,16.0,2.0,0.035,0.416666667,9.0,6.0334026438909,0.0,0.084877603174067,17.815073692603242
MonetecFocusedSmallR-919-20260930-07:06:14-58,10.0,16.0,2.0,0.035,0.416666667,9.0,6.0069265909729,0.0,0.084436405118766,17.850159359983216
MonetecFocusedSmallR-920-20260930-07:06:14-58,10.0,16.0,2.0,0.035,0.416666667,9.0,6.0618414655277,0.0,0.084725529163898,17.86465945755867
MonetecFocusedSmallR-921-20260930-07:06:14-58,10.0,16.0,2.0,0.04,0.416666667,9.0,6.4988007067538,0.0,0.097548735639757,16.75008682995845
MonetecFocusedSmallR-922-20260930-07:06:14-58,10.0,16.0,2.0,0.04,0.416666667,9.0,6.4216065826801,0.0,0.096159599825487,16.820984302791526
MonetecFocusedSmallR-923-20260930-07:06:14-58,10.0,16.0,2.0,0.04,0.416666667,9.0,6.4839383942639,0.0,0.096640827587809,16.8315319006563
MonetecFocusedSmallR-924-20260930-07:06:14-58,10.0,16.0,2.0,0.045,0.416666667,9.0,6.9502479635766,0.0,0.10909316897029,16.116724741534494
MonetecFocusedSmallR-925-20260930-07:06:14-58,10.0,16.0,2.0,0.045,0.416666667,9.0,7.0214117920585,0.0,0.10828182450381,16.256572028620766
MonetecFocusedSmallR-926-20260930-07:06:14-58,10.0,16.0,2.0,0.045,0.416666667,9.0,6.9842950395003,0.0,0.108475635628,16.20295501056829
MonetecFocusedSmallR-927-20260930-07:06:14-58,10.0,16.0,2.0,0.05,0.416666667,9.0,7.7058060118315,0.0,0.12146127257652,15.938882932460707
MonetecFocusedSmallR-928-20260930-07:06:14-58,10.0,16.0,2.0,0.05,0.416666667,9.0,7.7564308234415,0.0,0.12011786661202,16.0815870071589
MonetecFocusedSmallR-929-20260930-07:06:14-58,10.0,16.0,2.0,0.05,0.416666667,9.0,7.8485228001113,0.0,0.12099984489419,16.112996203977758
MonetecFocusedSmallR-930-20260930-07:06:14-58,10.0,16.0,2.0,0.055,0.416666667,9.0,8.7160677470431,0.0,0.13389295455625,16.184720622126893
MonetecFocusedSmallR-931-20260930-07:06:14-58,10.0,16.0,2.0,0.055,0.416666667,9.0,8.8505252400042,0.0,0.13306514396081,16.365641296952347
MonetecFocusedSmallR-932-20260930-07:06:14-58,10.0,16.0,2.0,0.055,0.416666667,9.0,8.6701597941113,0.0,0.13304236277143,16.18656268390381
MonetecFocusedSmallR-933-20260930-07:06:14-58,10.0,16.0,2.0,0.06,0.416666667,9.0,10.192320508565,6.6653335999467e-05,0.14576520115785,17.052668465805453
MonetecFocusedSmallR-934-20260930-07:06:14-58,10.0,16.0,2.0,0.06,0.416666667,9.0,10.054631551335,6.6662222518499e-05,0.14386983463977,17.005358939768165
MonetecFocusedSmallR-935-20260930-07:06:14-58,10.0,16.0,2.0,0.06,0.416666667,9.0,10.338483576566,0.0,0.14480723393701,17.24421592716799
MonetecFocusedSmallR-936-20260930-07:06:14-58,10.0,16.0,2.0,0.065,0.416666667,9.0,12.689197549495,3.3332222259258e-05,0.15753412918881,19.037028366533168
MonetecFocusedSmallR-937-20260930-07:06:14-58,10.0,16.0,2.0,0.065,0.416666667,9.0,12.358138773396,9.9986668444207e-05,0.15604236749188,18.766654717324094
MonetecFocusedSmallR-938-20260930-07:06:14-58,10.0,16.0,2.0,0.065,0.416666667,9.0,12.290795427019,0.00013331555792561,0.15671194055568,18.671930115633863
MonetecFocusedSmallR-939-20260930-07:06:14-58,10.0,16.0,2.0,0.07,0.416666667,9.0,15.268859366827,0.00056632687054434,0.16890954554098,21.189187888209382
MonetecFocusedSmallR-940-20260930-07:06:14-58,10.0,16.0,2.0,0.07,0.416666667,9.0,15.906583117299,0.00053292475768577,0.16854229107189,21.83981206322249
MonetecFocusedSmallR-941-20260930-07:06:14-58,10.0,16.0,2.0,0.07,0.416666667,9.0,16.482311358922,0.00083258400772638,0.16878654016747,22.406954396262538
MonetecFocusedSmallR-942-20260930-07:06:14-58,10.0,16.0,2.0,0.075,0.416666667,9.0,21.197743250714,0.0030241600478548,0.18046306127459,26.73904346438163
MonetecFocusedSmallR-943-20260930-07:06:14-58,10.0,16.0,2.0,0.075,0.416666667,9.0,20.996584211705,0.0036863604662748,0.18039390264255,26.540008825016333
MonetecFocusedSmallR-944-20260930-07:06:14-58,10.0,16.0,2.0,0.075,0.416666667,9.0,22.38542466113,0.0038843331894691,0.17953736381102,27.95529590560585
MonetecFocusedSmallR-945-20260930-07:06:14-58,10.0,16.0,2.0,0.08,0.416666667,9.0,29.825524973406,0.013967398448797,0.19011157791679,35.085593881138124
MonetecFocusedSmallR-946-20260930-07:06:14-58,10.0,16.0,2.0,0.08,0.416666667,9.0,30.164098627484,0.012242883001481,0.19117606011061,35.39487908933379
MonetecFocusedSmallR-947-20260930-07:06:14-58,10.0,16.0,2.0,0.08,0.416666667,9.0,31.766916256786,0.015618335137973,0.19082244302535,37.00738998799776
MonetecFocusedSmallR-948-20260930-07:06:14-58,10.0,16.0,2.0,0.085,0.416666667,9.0,43.363642648638,0.04151895499984,0.19864144410954,48.39783883303824
MonetecFocusedSmallR-949-20260930-07:06:15-58,10.0,16.0,2.0,0.085,0.416666667,9.0,40.940005548106,0.032243502934159,0.19740706469834,46.005680383645
MonetecFocusedSmallR-950-20260930-07:06:15-58,10.0,16.0,2.0,0.085,0.416666667,9.0,41.827477855536,0.03641852398998,0.196579466008,46.91447915993116
MonetecFocusedSmallR-951-20260930-07:06:15-58,10.0,16.0,2.0,0.09,0.416666667,9.0,53.516244293162,0.078333794120358,0.20160228539889,58.47650552245016
MonetecFocusedSmallR-952-20260930-07:06:15-58,10.0,16.0,2.0,0.09,0.416666667,9.0,51.751857562226,0.070437368355842,0.20167667296266,56.710289220730935
MonetecFocusedSmallR-953-20260930-07:06:15-58,10.0,16.0,2.0,0.09,0.416666667,9.0,51.858785114131,0.071784245198404,0.20090106075013,56.83635962900002
MonetecFocusedSmallR-954-20260930-07:06:15-58,10.0,16.0,2.0,0.095,0.416666667,9.0,59.286658130661,0.11567472009428,0.20293766346621,64.21427966192252
MonetecFocusedSmallR-955-20260930-07:06:15-58,10.0,16.0,2.0,0.095,0.416666667,9.0,59.476134138532,0.11337587144039,0.20289772248258,64.40472568586125
MonetecFocusedSmallR-956-20260930-07:06:15-58,10.0,16.0,2.0,0.095,0.416666667,9.0,58.773346973886,0.11416091139838,0.20255169344529,63.71035827697887
MonetecFocusedSmallR-957-20260930-07:06:15-58,10.0,16.0,2.0,0.1,0.416666667,9.0,64.221574886467,0.1569707014242,0.20346693683742,69.1363783210862
MonetecFocusedSmallR-958-20260930-07:06:15-58,10.0,16.0,2.0,0.1,0.416666667,9.0,64.371922766918,0.15732577076431,0.20314063047417,69.29462088824314
MonetecFocusedSmallR-959-20260930-07:06:15-58,10.0,16.0,2.0,0.1,0.416666667,9.0,63.232444605087,0.15099997171226,0.20319609511713,68.15379902099525
MonetecFocusedSmallR-960-20260930-07:06:15-58,10.0,16.0,2.0,0.105,0.416666667,9.0,67.181982684601,0.19608946029195,0.2034899542053,72.09623019084941
MonetecFocusedSmallR-961-20260930-07:06:15-58,10.0,16.0,2.0,0.105,0.416666667,9.0,66.555639210249,0.1932804730547,0.20334358258332,71.4734241105433
MonetecFocusedSmallR-962-20260930-07:06:15-58,10.0,16.0,2.0,0.105,0.416666667,9.0,66.700700768345,0.18813916995834,0.20338014662229,71.61760154065668
MonetecFocusedSmallR-963-20260930-07:06:15-58,10.0,16.0,2.0,0.11,0.416666667,9.0,69.330306433553,0.23141342484698,0.20350297871339,74.24423942029509
MonetecFocusedSmallR-964-20260930-07:06:15-58,10.0,16.0,2.0,0.11,0.416666667,9.0,68.769315498008,0.2303648811508,0.20334358312942,73.68710038509509
MonetecFocusedSmallR-965-20260930-07:06:15-58,10.0,16.0,2.0,0.11,0.416666667,9.0,68.884232245013,0.2275523071776,0.20332577174645,73.80244793115342
MonetecFocusedSmallR-966-20260930-07:06:15-58,10.0,16.0,2.0,0.115,0.416666667,9.0,70.738037861481,0.26512425021422,0.20351286486765,75.65173214144865
MonetecFocusedSmallR-967-20260930-07:06:15-58,10.0,16.0,2.0,0.115,0.416666667,9.0,70.374284769917,0.26380473445358,0.20335937920616,75.29168766475091
MonetecFocusedSmallR-968-20260930-07:06:15-58,10.0,16.0,2.0,0.115,0.416666667,9.0,70.072857521732,0.25915138350653,0.20332976216598,74.99097668612512
MonetecFocusedSmallR-969-20260930-07:06:15-58,10.0,16.0,2.0,0.12,0.416666667,9.0,71.723059178733,0.30103645044835,0.20328943814752,76.64215388976434
MonetecFocusedSmallR-970-20260930-07:06:15-58,10.0,16.0,2.0,0.12,0.416666667,9.0,71.347646487078,0.29562095184455,0.20331743231675,76.26606390266926
MonetecFocusedSmallR-971-20260930-07:06:15-58,10.0,16.0,2.0,0.12,0.416666667,9.0,71.278963862159,0.2922641509434,0.20330007974813,76.19780108661513
MonetecFocusedSmallR-972-20260930-07:06:15-58,10.0,16.0,2.0,0.125,0.416666667,9.0,72.456816861223,0.32701017982869,0.20340818690859,77.37303982745686
MonetecFocusedSmallR-973-20260930-07:06:15-58,10.0,16.0,2.0,0.125,0.416666667,9.0,72.098118803045,0.32463207165039,0.20326630919533,77.01777324041191
MonetecFocusedSmallR-974-20260930-07:06:15-58,10.0,16.0,2.0,0.125,0.416666667,9.0,72.162373189787,0.31887807202669,0.20334973988923,77.0800091825585
MonetecFocusedSmallR-975-20260930-07:06:15-58,10.0,16.0,2.0,0.13,0.416666667,9.0,72.989430452321,0.35186144942559,0.20341565273658,77.90547298172744
MonetecFocusedSmallR-976-20260930-07:06:15-58,10.0,16.0,2.0,0.13,0.416666667,9.0,72.937352321621,0.35180545957153,0.20319306827885,77.85878004782504
MonetecFocusedSmallR-977-20260930-07:06:15-58,10.0,16.0,2.0,0.13,0.416666667,9.0,72.833020479005,0.34788276446434,0.20327091686427,77.75256339948943
MonetecFocusedSmallR-978-20260930-07:06:15-58,10.0,16.0,2.0,0.135,0.416666667,9.0,73.496768967344,0.37711688527312,0.20336477094249,78.41404148886048
MonetecFocusedSmallR-979-20260930-07:06:15-58,10.0,16.0,2.0,0.135,0.416666667,9.0,73.316899193299,0.37414767395792,0.20327030803116,78.23645684874717
MonetecFocusedSmallR-980-20260930-07:06:15-58,10.0,16.0,2.0,0.135,0.416666667,9.0,73.268690749437,0.37246498013799,0.20322866899925,78.18925636118979
MonetecFocusedSmallR-981-20260930-07:06:15-58,10.0,16.0,2.0,0.14,0.416666667,9.0,73.798694882785,0.39873798076923,0.2034014449036,78.71508080361235
MonetecFocusedSmallR-982-20260930-07:06:15-58,10.0,16.0,2.0,0.14,0.416666667,9.0,73.706271834899,0.39806273062731,0.20321692706381,78.62712175841939
MonetecFocusedSmallR-983-20260930-07:06:15-58,10.0,16.0,2.0,0.14,0.416666667,9.0,73.687139196141,0.3946349334409,0.20326535141122,78.60681681486575
MonetecFocusedSmallR-984-20260930-07:06:15-58,10.0,16.0,2.0,0.145,0.416666667,9.0,74.170245401851,0.42103740282788,0.20333307570188,79.08828442008809
MonetecFocusedSmallR-985-20260930-07:06:15-58,10.0,16.0,2.0,0.145,0.416666667,9.0,74.001544117844,0.41578588807786,0.2033115149759,78.92010468298729
MonetecFocusedSmallR-986-20260930-07:06:15-58,10.0,16.0,2.0,0.145,0.416666667,9.0,74.129044437269,0.41802881352646,0.20314289076704,79.05168778562413
MonetecFocusedSmallR-987-20260930-07:06:15-58,10.0,16.0,2.0,0.15,0.416666667,9.0,74.403819766203,0.43975734951003,0.20338537670202,79.32059409981254
MonetecFocusedSmallR-988-20260930-07:06:15-58,10.0,16.0,2.0,0.15,0.416666667,9.0,74.308594516967,0.43731838548209,0.20326811894791,79.22820515328259
MonetecFocusedSmallR-989-20260930-07:06:15-58,10.0,16.0,2.0,0.15,0.416666667,9.0,74.313935993733,0.43404231247879,0.20324708016133,79.23405587543677
MonetecFocusedSmallR-990-20260930-07:06:15-58,10.0,16.0,2.0,0.155,0.416666667,9.0,74.633221082339,0.45822277576217,0.20335060283856,79.55083620637136
MonetecFocusedSmallR-991-20260930-07:06:15-58,10.0,16.0,2.0,0.155,0.416666667,9.0,74.627729533252,0.4561384434176,0.20324665889532,79.5478596128074
MonetecFocusedSmallR-992-20260930-07:06:15-58,10.0,16.0,2.0,0.155,0.416666667,9.0,74.661828787311,0.45423303512983,0.20315346933351,79.5842158047748
MonetecFocusedSmallR-993-20260930-07:06:15-58,10.0,16.0,2.0,0.16,0.416666667,9.0,74.885038580061,0.47467446093531,0.20333243328866,79.80309313646498
MonetecFocusedSmallR-994-20260930-07:06:15-58,10.0,16.0,2.0,0.16,0.416666667,9.0,74.893139122855,0.47337392311336,0.20322465960066,79.81380181194508
MonetecFocusedSmallR-995-20260930-07:06:15-58,10.0,16.0,2.0,0.16,0.416666667,9.0,74.844358450465,0.47060587353382,0.20316019382697,79.76658253955841
MonetecFocusedSmallR-996-20260930-07:06:15-58,10.0,16.0,2.0,0.165,0.416666667,9.0,74.989778471451,0.48819166169324,0.20342060107269,79.9057014149815
MonetecFocusedSmallR-997-20260930-07:06:15-58,10.0,16.0,2.0,0.165,0.416666667,9.0,74.999175876978,0.48724694627146,0.20332519576994,79.91740549536473
MonetecFocusedSmallR-998-20260930-07:06:15-58,10.0,16.0,2.0,0.165,0.416666667,9.0,74.997586107362,0.48567413804922,0.20323347778631,79.91803529168118
MonetecFocusedSmallR-1000-20260930-07:06:15-58,10.0,16.0,2.0,0.17,0.416666667,9.0,75.197900096986,0.50304655937479,0.20329249016333,80.11692095799556
MonetecFocusedSmallR-1001-20260930-07:06:15-58,10.0,16.0,2.0,0.17,0.416666667,9.0,75.212790445289,0.50127112307462,0.20316801328604,80.13482508955212
MonetecFocusedSmallR-999-20260930-07:06:15-58,10.0,16.0,2.0,0.17,0.416666667,9.0,75.265670637621,0.50599098061161,0.20325318742082,80.18564268179651
MonetecFocusedSmallR-1002-20260930-07:06:15-58,10.0,16.0,2.0,0.175,0.416666667,9.0,75.473931555089,0.52156587713985,0.20317576432234,80.39577842661592
MonetecFocusedSmallR-1003-20260930-07:06:15-58,10.0,16.0,2.0,0.175,0.416666667,9.0,75.264120589588,0.51616075314752,0.20337354954204,80.1811808575128
MonetecFocusedSmallR-1004-20260930-07:06:15-58,10.0,16.0,2.0,0.175,0.416666667,9.0,75.385845922455,0.51413124413222,0.20324737800107,80.30595859419012
MonetecFocusedSmallR-1005-20260930-07:06:15-58,10.0,16.0,2.0,0.18,0.416666667,9.0,75.463034418809,0.53144855363192,0.20340898928741,80.37923799222646
MonetecFocusedSmallR-1006-20260930-07:06:15-58,10.0,16.0,2.0,0.18,0.416666667,9.0,75.481590660111,0.53078835060733,0.20331241564036,80.4001294362618
MonetecFocusedSmallR-1007-20260930-07:06:15-58,10.0,16.0,2.0,0.18,0.416666667,9.0,75.536620777319,0.52797873678913,0.20322089031677,80.45737473347603
MonetecFocusedSmallR-1008-20260930-07:06:15-58,10.0,16.0,2.0,0.185,0.416666667,9.0,75.636543867516,0.54456617401596,0.20338094905697,80.55342524031303
MonetecFocusedSmallR-1009-20260930-07:06:15-58,10.0,16.0,2.0,0.185,0.416666667,9.0,75.616689758551,0.54335787744173,0.20335191060201,80.53427325722365
MonetecFocusedSmallR-1010-20260930-07:06:15-58,10.0,16.0,2.0,0.185,0.416666667,9.0,75.615386083192,0.53951890034364,0.2033044626338,80.53411726619235
MonetecFocusedSmallR-1011-20260930-07:06:15-58,10.0,16.0,2.0,0.19,0.416666667,9.0,75.799971977717,0.55837085430093,0.20326602831298,80.71963321328876
MonetecFocusedSmallR-1012-20260930-07:06:15-58,10.0,16.0,2.0,0.19,0.416666667,9.0,75.715159646811,0.55566082425391,0.20334675203752,80.63286789629161
MonetecFocusedSmallR-1013-20260930-07:06:15-58,10.0,16.0,2.0,0.19,0.416666667,9.0,75.724729250933,0.55194136350744,0.20331131762624,80.64329459041086
MonetecFocusedSmallR-1014-20260930-07:06:15-58,10.0,16.0,2.0,0.195,0.416666667,9.0,75.860442281414,0.56839229220592,0.20337306698147,80.77751421646582
MonetecFocusedSmallR-1015-20260930-07:06:15-58,10.0,16.0,2.0,0.195,0.416666667,9.0,75.837699408292,0.56649527715994,0.20335418358148,80.75522794096327
MonetecFocusedSmallR-1016-20260930-07:06:15-58,10.0,16.0,2.0,0.195,0.416666667,9.0,75.968978554995,0.56556665219279,0.20316326680485,80.89112819221539
MonetecFocusedSmallR-1017-20260930-07:06:15-58,10.0,16.0,2.0,0.2,0.416666667,9.0,76.01383544965,0.58013932408236,0.20330616463905,80.93252545482225
MonetecFocusedSmallR-1018-20260930-07:06:15-58,10.0,16.0,2.0,0.2,0.416666667,9.0,75.933466011801,0.57673106755042,0.20343074796904,80.84914375463754
MonetecFocusedSmallR-1019-20260930-07:06:15-58,10.0,16.0,2.0,0.2,0.416666667,9.0,76.068052411606,0.57781841198397,0.20312789133644,80.99105925926585
MonetecFocusedSmallR-1020-20260930-07:06:15-58,10.0,16.0,2.0,0.205,0.416666667,9.0,76.095954362638,0.58997896347294,0.20333067830206,81.01405136772662
MonetecFocusedSmallR-1021-20260930-07:06:15-58,10.0,16.0,2.0,0.205,0.416666667,9.0,76.104355257716,0.58906885362614,0.20326757465562,81.02397906733846
MonetecFocusedSmallR-1022-20260930-07:06:15-58,10.0,16.0,2.0,0.205,0.416666667,9.0,76.105032014863,0.58683772213581,0.20325030984156,81.02507371506769
MonetecFocusedSmallR-1023-20260930-07:06:15-58,10.0,16.0,2.0,0.21,0.416666667,9.0,76.169561824102,0.599257637257,0.20337346539118,81.08662412658352
MonetecFocusedSmallR-1024-20260930-07:06:15-58,10.0,16.0,2.0,0.21,0.416666667,9.0,76.108797308012,0.59714914635456,0.20341933933754,81.02475074319975
MonetecFocusedSmallR-1025-20260930-07:06:15-58,10.0,16.0,2.0,0.21,0.416666667,9.0,76.21176581695,0.59723825116079,0.20320707717478,81.13285426476963
MonetecFocusedSmallR-1026-20260930-07:06:15-58,10.0,16.0,2.0,0.215,0.416666667,9.0,76.184262421587,0.60763961514328,0.20344794908262,81.09952455378918
MonetecFocusedSmallR-1027-20260930-07:06:15-58,10.0,16.0,2.0,0.215,0.416666667,9.0,76.226110259911,0.60663128235371,0.20337767726896,81.1430707318193
MonetecFocusedSmallR-1028-20260930-07:06:15-58,10.0,16.0,2.0,0.215,0.416666667,9.0,76.324138104913,0.60681163217186,0.2031650861475,81.24624366430025
MonetecFocusedSmallR-1029-20260930-07:06:15-58,10.0,16.0,2.0,0.22,0.416666667,9.0,76.280366767744,0.61627267729522,0.20344559504658,81.19568577364848
MonetecFocusedSmallR-1030-20260930-07:06:15-58,10.0,16.0,2.0,0.22,0.416666667,9.0,76.353092014925,0.61709211986681,0.20325217064484,81.27308867143002
MonetecFocusedSmallR-1031-20260930-07:06:15-58,10.0,16.0,2.0,0.22,0.416666667,9.0,76.343405431091,0.61493854719934,0.20327049804476,81.26295848782529
MonetecFocusedSmallR-1032-20260930-07:06:15-58,10.0,16.0,2.0,0.225,0.416666667,9.0,76.303921028083,0.62419712278857,0.20347192348433,81.21860401173805
MonetecFocusedSmallR-1033-20260930-07:06:15-58,10.0,16.0,2.0,0.225,0.416666667,9.0,76.391676908489,0.62441343927923,0.20333912032192,81.30956972919577
MonetecFocusedSmallR-1034-20260930-07:06:15-58,10.0,16.0,2.0,0.225,0.416666667,9.0,76.473223894278,0.62400100212953,0.20316519320164,81.39532686005278
MonetecFocusedSmallR-1035-20260930-07:06:15-58,10.0,16.0,2.0,0.23,0.416666667,9.0,76.456515225188,0.63364173420564,0.20337186325932,81.37361626352042
MonetecFocusedSmallR-1036-20260930-07:06:15-58,10.0,16.0,2.0,0.23,0.416666667,9.0,76.398154631912,0.6313274618909,0.20345348603341,81.31328299612095
MonetecFocusedSmallR-1037-20260930-07:06:15-58,10.0,16.0,2.0,0.23,0.416666667,9.0,76.496081852489,0.63136045983223,0.20322976127871,81.41662101815085
MonetecFocusedSmallR-1038-20260930-07:06:15-58,10.0,16.0,2.0,0.235,0.416666667,9.0,76.47843619035,0.64054753179565,0.20341949621976,81.39438583423109
MonetecFocusedSmallR-1039-20260930-07:06:15-58,10.0,16.0,2.0,0.235,0.416666667,9.0,76.485151006579,0.6395373973195,0.20341513541756,81.40120603831129
MonetecFocusedSmallR-1040-20260930-07:06:16-58,10.0,16.0,2.0,0.235,0.416666667,9.0,76.551757879113,0.63932416842915,0.2032137974114,81.47268358759494
MonetecFocusedSmallR-1041-20260930-07:06:16-58,10.0,16.0,2.0,0.24,0.416666667,9.0,76.591450228321,0.64852743134844,0.20334740939293,81.50914258046545
MonetecFocusedSmallR-1042-20260930-07:06:16-58,10.0,16.0,2.0,0.24,0.416666667,9.0,76.594568981462,0.64786352863881,0.20328710800109,81.51372007684105
MonetecFocusedSmallR-1043-20260930-07:06:16-58,10.0,16.0,2.0,0.24,0.416666667,9.0,76.555206631342,0.64503311258278,0.20340340944514,81.47154506798807
MonetecFocusedSmallR-1044-20260930-07:06:16-58,10.0,16.0,2.0,0.245,0.416666667,9.0,76.562884064021,0.65473013389776,0.20348417016676,81.47727125777901
MonetecFocusedSmallR-1045-20260930-07:06:16-58,10.0,16.0,2.0,0.245,0.416666667,9.0,76.621350190481,0.65449166589925,0.20334598537034,81.53907698099898
MonetecFocusedSmallR-1046-20260930-07:06:16-58,10.0,16.0,2.0,0.245,0.416666667,9.0,76.656879374696,0.65336643954267,0.20325250090165,81.57686803689643
MonetecFocusedSmallR-1047-20260930-07:06:16-58,10.0,16.0,2.0,0.25,0.416666667,9.0,76.698326864791,0.66273007169023,0.20334836784752,81.61599603806829
MonetecFocusedSmallR-1048-20260930-07:06:16-58,10.0,16.0,2.0,0.25,0.416666667,9.0,76.708683805961,0.66202749721312,0.20329193325893,81.62771814229305
MonetecFocusedSmallR-1049-20260930-07:06:16-58,10.0,16.0,2.0,0.25,0.416666667,9.0,76.732488178234,0.6606401863347,0.20324006158637,81.65277796851747
MonetecFocusedSmallR-1050-20260930-07:06:16-58,10.0,16.0,2.0,0.255,0.416666667,9.0,76.807019895848,0.66990013637763,0.20324532985953,81.72718214848689
MonetecFocusedSmallR-1051-20260930-07:06:16-58,10.0,16.0,2.0,0.255,0.416666667,9.0,76.719520334842,0.6681592039801,0.20335791460021,81.63695864534958
MonetecFocusedSmallR-1052-20260930-07:06:16-58,10.0,16.0,2.0,0.255,0.416666667,9.0,76.731343365611,0.66690712153329,0.20329678708352,81.65026025724477
MonetecFocusedSmallR-1053-20260930-07:06:16-58,10.0,16.0,2.0,0.26,0.416666667,9.0,76.802429169528,0.67533099688474,0.20335796502613,81.71986626067664
MonetecFocusedSmallR-1054-20260930-07:06:16-58,10.0,16.0,2.0,0.26,0.416666667,9.0,76.805158760683,0.67520451889365,0.20328752000369,81.72429988642376
MonetecFocusedSmallR-1055-20260930-07:06:16-58,10.0,16.0,2.0,0.26,0.416666667,9.0,76.765819908492,0.67295371338912,0.20333278896386,81.68386586210227
MonetecFocusedSmallR-1056-20260930-07:06:16-58,10.0,16.0,2.0,0.265,0.416666667,9.0,76.806653158771,0.68077638925818,0.20343909141527,81.72212929977849
MonetecFocusedSmallR-1057-20260930-07:06:16-58,10.0,16.0,2.0,0.265,0.416666667,9.0,76.87294909454,0.68105161365738,0.20330687939157,81.79162180739984
MonetecFocusedSmallR-1058-20260930-07:06:16-58,10.0,16.0,2.0,0.265,0.416666667,9.0,76.857132916789,0.67943350279831,0.20331082686513,81.77571012892817
MonetecFocusedSmallR-1059-20260930-07:06:16-58,10.0,16.0,2.0,0.27,0.416666667,9.0,76.967443011498,0.68833137765963,0.2031898419267,81.88894888264656
MonetecFocusedSmallR-1060-20260930-07:06:16-58,10.0,16.0,2.0,0.27,0.416666667,9.0,76.937848895445,0.68757481446014,0.20323041308321,81.85837227985874
MonetecFocusedSmallR-1061-20260930-07:06:16-58,10.0,16.0,2.0,0.27,0.416666667,9.0,76.93492370435,0.68618000083644,0.20321400533529,81.8558443778541
MonetecFocusedSmallR-1062-20260930-07:06:16-58,10.0,16.0,2.0,0.275,0.416666667,9.0,76.955777925872,0.69333959970167,0.20328891501121,81.874885295523
MonetecFocusedSmallR-1063-20260930-07:06:16-58,10.0,16.0,2.0,0.275,0.416666667,9.0,76.93363797508,0.69220514187852,0.203362508014,81.85096521384104
MonetecFocusedSmallR-1064-20260930-07:06:16-58,10.0,16.0,2.0,0.275,0.416666667,9.0,76.97443769227,0.69161615123806,0.20321856687783,81.89524790840136
MonetecFocusedSmallR-1065-20260930-07:06:16-58,10.0,16.0,2.0,0.28,0.416666667,9.0,76.926572737286,0.6976540386998,0.20343765609829,81.84208355853167
MonetecFocusedSmallR-1066-20260930-07:06:16-58,10.0,16.0,2.0,0.28,0.416666667,9.0,76.960755795964,0.69791666666667,0.20334446813023,81.87851927974641
MonetecFocusedSmallR-1067-20260930-07:06:16-58,10.0,16.0,2.0,0.28,0.416666667,9.0,77.00087718476,0.69689870030195,0.20326037589699,81.92067522993723
MonetecFocusedSmallR-1068-20260930-07:06:16-58,10.0,16.0,2.0,0.285,0.416666667,9.0,77.030006884157,0.70354969974716,0.20333132252384,81.94808830706593
MonetecFocusedSmallR-1069-20260930-07:06:16-58,10.0,16.0,2.0,0.285,0.416666667,9.0,77.072947540262,0.70426420745645,0.20320213971505,81.99415556199986
MonetecFocusedSmallR-1070-20260930-07:06:16-58,10.0,16.0,2.0,0.285,0.416666667,9.0,76.999801687654,0.70157000387778,0.20334452161592,81.91756387791754
MonetecFocusedSmallR-1071-20260930-07:06:16-58,10.0,16.0,2.0,0.29,0.416666667,9.0,77.101232887924,0.70899747915455,0.20325645696164,82.02112579045908
MonetecFocusedSmallR-1072-20260930-07:06:16-58,10.0,16.0,2.0,0.29,0.416666667,9.0,77.042983902372,0.70837988826816,0.2033250601019,81.96121680243279
MonetecFocusedSmallR-1073-20260930-07:06:16-58,10.0,16.0,2.0,0.29,0.416666667,9.0,77.102700869763,0.70729756877737,0.20324330634362,82.02291210815585
MonetecFocusedSmallR-1074-20260930-07:06:16-58,10.0,16.0,2.0,0.295,0.416666667,9.0,77.073584918014,0.71299616550484,0.20342960713983,81.98929022787402
MonetecFocusedSmallR-1075-20260930-07:06:16-58,10.0,16.0,2.0,0.295,0.416666667,9.0,77.148869357706,0.71416054779387,0.20323132399257,82.06937068769075
MonetecFocusedSmallR-1076-20260930-07:06:16-58,10.0,16.0,2.0,0.295,0.416666667,9.0,77.064324904777,0.71174069627851,0.20339071923247,81.98097008786928
MonetecFocusedSmallR-1077-20260930-07:06:16-58,10.0,16.0,2.0,0.3,0.416666667,9.0,77.1367294451,0.71830126701079,0.20337504788664,82.05375348709258
MonetecFocusedSmallR-1078-20260930-07:06:16-58,10.0,16.0,2.0,0.3,0.416666667,9.0,77.239554394475,0.71969965819309,0.20312852561944,82.16254586970233
MonetecFocusedSmallR-1079-20260930-07:06:16-58,10.0,16.0,2.0,0.3,0.416666667,9.0,77.210699800502,0.71814929241518,0.2031363208944,82.13350235790308
