OMNeT++ Discrete Event Simulation  (C) 1992-2025 Andras Varga, OpenSim Ltd.
Version: 6.3.0, build: 251110-bb3d6a4731, edition: Academic Public License -- NOT FOR COMMERCIAL USE
See the license for distribution terms and warranty disclaimer

Setting up Cmdenv...

Loading NED files from src:  2

Preparing for running configuration MonetecFocusedSmallR, run #0...
Scenario: $r=1, $rho=0.005, $repetition=0
Assigned runID=MonetecFocusedSmallR-0-20260930-07:06:03-58
Setting up network "dect2020scheduledaccess.DectScheduledAccessNetwork"...
Initializing...

Running simulation...
** Event #0   t=0   Elapsed: 8e-06s (0m 00s)
     Speed:     ev/sec=0   simsec/sec=0   ev/simsec=0
     Messages:  created: 2   present: 2   in FES: 2
** Event #410253   t=3059.039693343206   Elapsed: 0.025033s (0m 00s)
     Speed:     ev/sec=1.63918e+07   simsec/sec=122225   ev/simsec=134.112
     Messages:  created: 2   present: 2   in FES: 1

<!> Simulation stopped with endSimulation() -- in module (ScheduledAccessQueue) DectScheduledAccessNetwork.queue (id=2), at t=3059.039693343206s, event #410253

Calling finish() at end of Run #0...

Preparing for running configuration MonetecFocusedSmallR, run #1...
Scenario: $r=1, $rho=0.005, $repetition=1
Assigned runID=MonetecFocusedSmallR-1-20260930-07:06:03-58
Setting up network "dect2020scheduledaccess.DectScheduledAccessNetwork"...
Initializing...

Running simulation...
** Event #0   t=0   Elapsed: 3e-06s (0m 00s)
     Speed:     ev/sec=0   simsec/sec=0   ev/simsec=0
     Messages:  created: 2   present: 2   in FES: 2
** Event #411637   t=3072.31760381955   Elapsed: 0.025315s (0m 00s)
     Speed:     ev/sec=1.62632e+07   simsec/sec=121383   ev/simsec=133.983
     Messages:  created: 2   present: 2   in FES: 1

<!> Simulation stopped with endSimulation() -- in module (ScheduledAccessQueue) DectScheduledAccessNetwork.queue (id=2), at t=3072.31760381955s, event #411637

Calling finish() at end of Run #1...

Preparing for running configuration MonetecFocusedSmallR, run #2...
Scenario: $r=1, $rho=0.005, $repetition=2
Assigned runID=MonetecFocusedSmallR-2-20260930-07:06:03-58
Setting up network "dect2020scheduledaccess.DectScheduledAccessNetwork"...
Initializing...

Running simulation...
** Event #0   t=0   Elapsed: 2e-06s (0m 00s)
     Speed:     ev/sec=0   simsec/sec=0   ev/simsec=0
     Messages:  created: 2   present: 2   in FES: 2
** Event #410554   t=3062.138273283904   Elapsed: 0.02478s (0m 00s)
     Speed:     ev/sec=1.657e+07   simsec/sec=123588   ev/simsec=134.074
     Messages:  created: 2   present: 2   in FES: 1

<!> Simulation stopped with endSimulation() -- in module (ScheduledAccessQueue) DectScheduledAccessNetwork.queue (id=2), at t=3062.138273283904s, event #410554

Calling finish() at end of Run #2...

Preparing for running configuration MonetecFocusedSmallR, run #3...
Scenario: $r=1, $rho=0.010, $repetition=0
Assigned runID=MonetecFocusedSmallR-3-20260930-07:06:03-58
Setting up network "dect2020scheduledaccess.DectScheduledAccessNetwork"...
Initializing...

Running simulation...
** Event #0   t=0   Elapsed: 2e-06s (0m 00s)
     Speed:     ev/sec=0   simsec/sec=0   ev/simsec=0
     Messages:  created: 2   present: 2   in FES: 2
** Event #251516   t=1612.093436326739   Elapsed: 0.01619s (0m 00s)
     Speed:     ev/sec=1.55372e+07   simsec/sec=99585.7   ev/simsec=156.018
     Messages:  created: 2   present: 2   in FES: 1

<!> Simulation stopped with endSimulation() -- in module (ScheduledAccessQueue) DectScheduledAccessNetwork.queue (id=2), at t=1612.093436326739s, event #251516

Calling finish() at end of Run #3...

Preparing for running configuration MonetecFocusedSmallR, run #4...
Scenario: $r=1, $rho=0.010, $repetition=1
Assigned runID=MonetecFocusedSmallR-4-20260930-07:06:03-58
Setting up network "dect2020scheduledaccess.DectScheduledAccessNetwork"...
Initializing...

Running simulation...
** Event #0   t=0   Elapsed: 2e-06s (0m 00s)
     Speed:     ev/sec=0   simsec/sec=0   ev/simsec=0
     Messages:  created: 2   present: 2   in FES: 2
** Event #251660   t=1615.084231660981   Elapsed: 0.016004s (0m 00s)
     Speed:     ev/sec=1.57268e+07   simsec/sec=100930   ev/simsec=155.819
     Messages:  created: 2   present: 2   in FES: 1

<!> Simulation stopped with endSimulation() -- in module (ScheduledAccessQueue) DectScheduledAccessNetwork.queue (id=2), at t=1615.084231660981s, event #251660

Calling finish() at end of Run #4...

Preparing for running configuration MonetecFocusedSmallR, run #5...
Scenario: $r=1, $rho=0.010, $repetition=2
Assigned runID=MonetecFocusedSmallR-5-20260930-07:06:03-58
Setting up network "dect2020scheduledaccess.DectScheduledAccessNetwork"...
Initializing...

Running simulation...
** Event #0   t=0   Elapsed: 3e-06s (0m 00s)
     Speed:     ev/sec=0   simsec/sec=0   ev/simsec=0
     Messages:  created: 2   present: 2   in FES: 2
** Event #252465   t=1620.563046116585   Elapsed: 0.016077s (0m 00s)
     Speed:     ev/sec=1.57064e+07   simsec/sec=100819   ev/simsec=155.789
     Messages:  created: 2   present: 2   in FES: 1

<!> Simulation stopped with endSimulation() -- in module (ScheduledAccessQueue) DectScheduledAccessNetwork.queue (id=2), at t=1620.563046116585s, event #252465

Calling finish() at end of Run #5...

Preparing for running configuration MonetecFocusedSmallR, run #6...
Scenario: $r=1, $rho=0.015, $repetition=0
Assigned runID=MonetecFocusedSmallR-6-20260930-07:06:03-58
Setting up network "dect2020scheduledaccess.DectScheduledAccessNetwork"...
Initializing...

Running simulation...
** Event #0   t=0   Elapsed: 2e-06s (0m 00s)
     Speed:     ev/sec=0   simsec/sec=0   ev/simsec=0
     Messages:  created: 2   present: 2   in FES: 2
** Event #199452   t=1125.581568046312   Elapsed: 0.013158s (0m 00s)
     Speed:     ev/sec=1.51605e+07   simsec/sec=85556.5   ev/simsec=177.199
     Messages:  created: 2   present: 2   in FES: 1

<!> Simulation stopped with endSimulation() -- in module (ScheduledAccessQueue) DectScheduledAccessNetwork.queue (id=2), at t=1125.581568046312s, event #199452

Calling finish() at end of Run #6...

Preparing for running configuration MonetecFocusedSmallR, run #7...
Scenario: $r=1, $rho=0.015, $repetition=1
Assigned runID=MonetecFocusedSmallR-7-20260930-07:06:03-58
Setting up network "dect2020scheduledaccess.DectScheduledAccessNetwork"...
Initializing...

Running simulation...
** Event #0   t=0   Elapsed: 2e-06s (0m 00s)
     Speed:     ev/sec=0   simsec/sec=0   ev/simsec=0
     Messages:  created: 2   present: 2   in FES: 2
** Event #200540   t=1135.180574399685   Elapsed: 0.013207s (0m 00s)
     Speed:     ev/sec=1.51867e+07   simsec/sec=85966   ev/simsec=176.659
     Messages:  created: 2   present: 2   in FES: 1

<!> Simulation stopped with endSimulation() -- in module (ScheduledAccessQueue) DectScheduledAccessNetwork.queue (id=2), at t=1135.180574399685s, event #200540

Calling finish() at end of Run #7...

Preparing for running configuration MonetecFocusedSmallR, run #8...
Scenario: $r=1, $rho=0.015, $repetition=2
Assigned runID=MonetecFocusedSmallR-8-20260930-07:06:03-58
Setting up network "dect2020scheduledaccess.DectScheduledAccessNetwork"...
Initializing...

Running simulation...
** Event #0   t=0   Elapsed: 2e-05s (0m 00s)
     Speed:     ev/sec=0   simsec/sec=0   ev/simsec=0
     Messages:  created: 2   present: 2   in FES: 2
** Event #200973   t=1139.1497752459   Elapsed: 0.013417s (0m 00s)
     Speed:     ev/sec=1.50013e+07   simsec/sec=85030.2   ev/simsec=176.424
     Messages:  created: 2   present: 2   in FES: 1

<!> Simulation stopped with endSimulation() -- in module (ScheduledAccessQueue) DectScheduledAccessNetwork.queue (id=2), at t=1139.1497752459s, event #200973

Calling finish() at end of Run #8...

Preparing for running configuration MonetecFocusedSmallR, run #9...
Scenario: $r=1, $rho=0.020, $repetition=0
Assigned runID=MonetecFocusedSmallR-9-20260930-07:06:03-58
Setting up network "dect2020scheduledaccess.DectScheduledAccessNetwork"...
Initializing...

Running simulation...
** Event #0   t=0   Elapsed: 2e-06s (0m 00s)
     Speed:     ev/sec=0   simsec/sec=0   ev/simsec=0
     Messages:  created: 2   present: 2   in FES: 2
** Event #175423   t=890.849227225362   Elapsed: 0.012001s (0m 00s)
     Speed:     ev/sec=1.46198e+07   simsec/sec=74243.6   ev/simsec=196.917
     Messages:  created: 2   present: 2   in FES: 1

<!> Simulation stopped with endSimulation() -- in module (ScheduledAccessQueue) DectScheduledAccessNetwork.queue (id=2), at t=890.849227225362s, event #175423

Calling finish() at end of Run #9...

Preparing for running configuration MonetecFocusedSmallR, run #10...
Scenario: $r=1, $rho=0.020, $repetition=1
Assigned runID=MonetecFocusedSmallR-10-20260930-07:06:03-58
Setting up network "dect2020scheduledaccess.DectScheduledAccessNetwork"...
Initializing...

Running simulation...
** Event #0   t=0   Elapsed: 1.6e-05s (0m 00s)
     Speed:     ev/sec=0   simsec/sec=0   ev/simsec=0
     Messages:  created: 2   present: 2   in FES: 2
** Event #176133   t=896.893782730114   Elapsed: 0.01191s (0m 00s)
     Speed:     ev/sec=1.48098e+07   simsec/sec=75413.5   ev/simsec=196.381
     Messages:  created: 2   present: 2   in FES: 1

<!> Simulation stopped with endSimulation() -- in module (ScheduledAccessQueue) DectScheduledAccessNetwork.queue (id=2), at t=896.893782730114s, event #176133

Calling finish() at end of Run #10...

Preparing for running configuration MonetecFocusedSmallR, run #11...
Scenario: $r=1, $rho=0.020, $repetition=2
Assigned runID=MonetecFocusedSmallR-11-20260930-07:06:03-58
Setting up network "dect2020scheduledaccess.DectScheduledAccessNetwork"...
Initializing...

Running simulation...
** Event #0   t=0   Elapsed: 1.4e-05s (0m 00s)
     Speed:     ev/sec=0   simsec/sec=0   ev/simsec=0
     Messages:  created: 2   present: 2   in FES: 2
** Event #175938   t=895.053709793758   Elapsed: 0.011884s (0m 00s)
     Speed:     ev/sec=1.48221e+07   simsec/sec=75404.7   ev/simsec=196.567
     Messages:  created: 2   present: 2   in FES: 1

<!> Simulation stopped with endSimulation() -- in module (ScheduledAccessQueue) DectScheduledAccessNetwork.queue (id=2), at t=895.053709793758s, event #175938

Calling finish() at end of Run #11...

Preparing for running configuration MonetecFocusedSmallR, run #12...
Scenario: $r=1, $rho=0.025, $repetition=0
Assigned runID=MonetecFocusedSmallR-12-20260930-07:06:03-58
Setting up network "dect2020scheduledaccess.DectScheduledAccessNetwork"...
Initializing...

Running simulation...
** Event #0   t=0   Elapsed: 3e-06s (0m 00s)
     Speed:     ev/sec=0   simsec/sec=0   ev/simsec=0
     Messages:  created: 2   present: 2   in FES: 2
** Event #161837   t=749.028168953998   Elapsed: 0.011206s (0m 00s)
     Speed:     ev/sec=1.44459e+07   simsec/sec=66859.5   ev/simsec=216.063
     Messages:  created: 2   present: 2   in FES: 1

<!> Simulation stopped with endSimulation() -- in module (ScheduledAccessQueue) DectScheduledAccessNetwork.queue (id=2), at t=749.028168953998s, event #161837

Calling finish() at end of Run #12...

Preparing for running configuration MonetecFocusedSmallR, run #13...
Scenario: $r=1, $rho=0.025, $repetition=1
Assigned runID=MonetecFocusedSmallR-13-20260930-07:06:03-58
Setting up network "dect2020scheduledaccess.DectScheduledAccessNetwork"...
Initializing...

Running simulation...
** Event #0   t=0   Elapsed: 2e-06s (0m 00s)
     Speed:     ev/sec=0   simsec/sec=0   ev/simsec=0
     Messages:  created: 2   present: 2   in FES: 2
** Event #162324   t=752.765683422623   Elapsed: 0.011237s (0m 00s)
     Speed:     ev/sec=1.44481e+07   simsec/sec=67001.7   ev/simsec=215.637
     Messages:  created: 2   present: 2   in FES: 1

<!> Simulation stopped with endSimulation() -- in module (ScheduledAccessQueue) DectScheduledAccessNetwork.queue (id=2), at t=752.765683422623s, event #162324

Calling finish() at end of Run #13...

Preparing for running configuration MonetecFocusedSmallR, run #14...
Scenario: $r=1, $rho=0.025, $repetition=2
Assigned runID=MonetecFocusedSmallR-14-20260930-07:06:03-58
Setting up network "dect2020scheduledaccess.DectScheduledAccessNetwork"...
Initializing...

Running simulation...
** Event #0   t=0   Elapsed: 2e-06s (0m 00s)
     Speed:     ev/sec=0   simsec/sec=0   ev/simsec=0
     Messages:  created: 2   present: 2   in FES: 2
** Event #162264   t=753.323468905861   Elapsed: 0.011532s (0m 00s)
     Speed:     ev/sec=1.40732e+07   simsec/sec=65335.9   ev/simsec=215.398
     Messages:  created: 2   present: 2   in FES: 1

<!> Simulation stopped with endSimulation() -- in module (ScheduledAccessQueue) DectScheduledAccessNetwork.queue (id=2), at t=753.323468905861s, event #162264

Calling finish() at end of Run #14...

Preparing for running configuration MonetecFocusedSmallR, run #15...
Scenario: $r=1, $rho=0.030, $repetition=0
Assigned runID=MonetecFocusedSmallR-15-20260930-07:06:03-58
Setting up network "dect2020scheduledaccess.DectScheduledAccessNetwork"...
Initializing...

Running simulation...
** Event #0   t=0   Elapsed: 2e-05s (0m 00s)
     Speed:     ev/sec=0   simsec/sec=0   ev/simsec=0
     Messages:  created: 2   present: 2   in FES: 2
** Event #153499   t=655.115609259693   Elapsed: 0.010973s (0m 00s)
     Speed:     ev/sec=1.40143e+07   simsec/sec=59811.4   ev/simsec=234.309
     Messages:  created: 2   present: 2   in FES: 1

<!> Simulation stopped with endSimulation() -- in module (ScheduledAccessQueue) DectScheduledAccessNetwork.queue (id=2), at t=655.115609259693s, event #153499

Calling finish() at end of Run #15...

Preparing for running configuration MonetecFocusedSmallR, run #16...
Scenario: $r=1, $rho=0.030, $repetition=1
Assigned runID=MonetecFocusedSmallR-16-20260930-07:06:03-58
Setting up network "dect2020scheduledaccess.DectScheduledAccessNetwork"...
Initializing...

Running simulation...
** Event #0   t=0   Elapsed: 2e-06s (0m 00s)
     Speed:     ev/sec=0   simsec/sec=0   ev/simsec=0
     Messages:  created: 2   present: 2   in FES: 2
** Event #153509   t=654.657339797339   Elapsed: 0.011312s (0m 00s)
     Speed:     ev/sec=1.35741e+07   simsec/sec=57888.2   ev/simsec=234.488
     Messages:  created: 2   present: 2   in FES: 1

<!> Simulation stopped with endSimulation() -- in module (ScheduledAccessQueue) DectScheduledAccessNetwork.queue (id=2), at t=654.657339797339s, event #153509

Calling finish() at end of Run #16...

Preparing for running configuration MonetecFocusedSmallR, run #17...
Scenario: $r=1, $rho=0.030, $repetition=2
Assigned runID=MonetecFocusedSmallR-17-20260930-07:06:03-58
Setting up network "dect2020scheduledaccess.DectScheduledAccessNetwork"...
Initializing...

Running simulation...
** Event #0   t=0   Elapsed: 2e-06s (0m 00s)
     Speed:     ev/sec=0   simsec/sec=0   ev/simsec=0
     Messages:  created: 2   present: 2   in FES: 2
** Event #153945   t=659.010708973095   Elapsed: 0.010864s (0m 00s)
     Speed:     ev/sec=1.41754e+07   simsec/sec=60682.3   ev/simsec=233.6
     Messages:  created: 2   present: 2   in FES: 1

<!> Simulation stopped with endSimulation() -- in module (ScheduledAccessQueue) DectScheduledAccessNetwork.queue (id=2), at t=659.010708973095s, event #153945

Calling finish() at end of Run #17...

Preparing for running configuration MonetecFocusedSmallR, run #18...
Scenario: $r=1, $rho=0.035, $repetition=0
Assigned runID=MonetecFocusedSmallR-18-20260930-07:06:03-58
Setting up network "dect2020scheduledaccess.DectScheduledAccessNetwork"...
Initializing...

Running simulation...
** Event #0   t=0   Elapsed: 3e-06s (0m 00s)
     Speed:     ev/sec=0   simsec/sec=0   ev/simsec=0
     Messages:  created: 2   present: 2   in FES: 2
** Event #148138   t=587.016196255659   Elapsed: 0.010816s (0m 00s)
     Speed:     ev/sec=1.37e+07   simsec/sec=54288   ev/simsec=252.358
     Messages:  created: 2   present: 2   in FES: 1

<!> Simulation stopped with endSimulation() -- in module (ScheduledAccessQueue) DectScheduledAccessNetwork.queue (id=2), at t=587.016196255659s, event #148138

Calling finish() at end of Run #18...

Preparing for running configuration MonetecFocusedSmallR, run #19...
Scenario: $r=1, $rho=0.035, $repetition=1
Assigned runID=MonetecFocusedSmallR-19-20260930-07:06:03-58
Setting up network "dect2020scheduledaccess.DectScheduledAccessNetwork"...
Initializing...

Running simulation...
** Event #0   t=0   Elapsed: 3e-06s (0m 00s)
     Speed:     ev/sec=0   simsec/sec=0   ev/simsec=0
     Messages:  created: 2   present: 2   in FES: 2
** Event #148444   t=590.530857024403   Elapsed: 0.011022s (0m 00s)
     Speed:     ev/sec=1.34716e+07   simsec/sec=53592   ev/simsec=251.374
     Messages:  created: 2   present: 2   in FES: 1

<!> Simulation stopped with endSimulation() -- in module (ScheduledAccessQueue) DectScheduledAccessNetwork.queue (id=2), at t=590.530857024403s, event #148444

Calling finish() at end of Run #19...

Preparing for running configuration MonetecFocusedSmallR, run #20...
Scenario: $r=1, $rho=0.035, $repetition=2
Assigned runID=MonetecFocusedSmallR-20-20260930-07:06:03-58
Setting up network "dect2020scheduledaccess.DectScheduledAccessNetwork"...
Initializing...

Running simulation...
** Event #0   t=0   Elapsed: 2e-06s (0m 00s)
     Speed:     ev/sec=0   simsec/sec=0   ev/simsec=0
     Messages:  created: 2   present: 2   in FES: 2
** Event #148370   t=588.998480500679   Elapsed: 0.01125s (0m 00s)
     Speed:     ev/sec=1.3192e+07   simsec/sec=52369.3   ev/simsec=251.903
     Messages:  created: 2   present: 2   in FES: 1

<!> Simulation stopped with endSimulation() -- in module (ScheduledAccessQueue) DectScheduledAccessNetwork.queue (id=2), at t=588.998480500679s, event #148370

Calling finish() at end of Run #20...

Preparing for running configuration MonetecFocusedSmallR, run #21...
Scenario: $r=1, $rho=0.040, $repetition=0
Assigned runID=MonetecFocusedSmallR-21-20260930-07:06:03-58
Setting up network "dect2020scheduledaccess.DectScheduledAccessNetwork"...
Initializing...

Running simulation...
** Event #0   t=0   Elapsed: 3e-06s (0m 00s)
     Speed:     ev/sec=0   simsec/sec=0   ev/simsec=0
     Messages:  created: 2   present: 2   in FES: 2
** Event #145056   t=537.875131924234   Elapsed: 0.01074s (0m 00s)
     Speed:     ev/sec=1.35087e+07   simsec/sec=50090.8   ev/simsec=269.683
     Messages:  created: 2   present: 2   in FES: 1

<!> Simulation stopped with endSimulation() -- in module (ScheduledAccessQueue) DectScheduledAccessNetwork.queue (id=2), at t=537.875131924234s, event #145056

Calling finish() at end of Run #21...

Preparing for running configuration MonetecFocusedSmallR, run #22...
Scenario: $r=1, $rho=0.040, $repetition=1
Assigned runID=MonetecFocusedSmallR-22-20260930-07:06:03-58
Setting up network "dect2020scheduledaccess.DectScheduledAccessNetwork"...
Initializing...

Running simulation...
** Event #0   t=0   Elapsed: 2e-06s (0m 00s)
     Speed:     ev/sec=0   simsec/sec=0   ev/simsec=0
     Messages:  created: 2   present: 2   in FES: 2
** Event #145021   t=538.565623730108   Elapsed: 0.011001s (0m 00s)
     Speed:     ev/sec=1.31849e+07   simsec/sec=48964.9   ev/simsec=269.273
     Messages:  created: 2   present: 2   in FES: 1

<!> Simulation stopped with endSimulation() -- in module (ScheduledAccessQueue) DectScheduledAccessNetwork.queue (id=2), at t=538.565623730108s, event #145021

Calling finish() at end of Run #22...

Preparing for running configuration MonetecFocusedSmallR, run #23...
Scenario: $r=1, $rho=0.040, $repetition=2
Assigned runID=MonetecFocusedSmallR-23-20260930-07:06:03-58
Setting up network "dect2020scheduledaccess.DectScheduledAccessNetwork"...
Initializing...

Running simulation...
** Event #0   t=0   Elapsed: 3e-06s (0m 00s)
     Speed:     ev/sec=0   simsec/sec=0   ev/simsec=0
     Messages:  created: 2   present: 2   in FES: 2
** Event #145388   t=540.486431516225   Elapsed: 0.01097s (0m 00s)
     Speed:     ev/sec=1.32581e+07   simsec/sec=49287.5   ev/simsec=268.995
     Messages:  created: 2   present: 2   in FES: 1

<!> Simulation stopped with endSimulation() -- in module (ScheduledAccessQueue) DectScheduledAccessNetwork.queue (id=2), at t=540.486431516225s, event #145388

Calling finish() at end of Run #23...

Preparing for running configuration MonetecFocusedSmallR, run #24...
Scenario: $r=1, $rho=0.045, $repetition=0
Assigned runID=MonetecFocusedSmallR-24-20260930-07:06:03-58
Setting up network "dect2020scheduledaccess.DectScheduledAccessNetwork"...
Initializing...

Running simulation...
** Event #0   t=0   Elapsed: 3e-06s (0m 00s)
     Speed:     ev/sec=0   simsec/sec=0   ev/simsec=0
     Messages:  created: 2   present: 2   in FES: 2
** Event #142779   t=498.908299493084   Elapsed: 0.010685s (0m 00s)
     Speed:     ev/sec=1.33663e+07   simsec/sec=46705.5   ev/simsec=286.183
     Messages:  created: 2   present: 2   in FES: 1

<!> Simulation stopped with endSimulation() -- in module (ScheduledAccessQueue) DectScheduledAccessNetwork.queue (id=2), at t=498.908299493084s, event #142779

Calling finish() at end of Run #24...

Preparing for running configuration MonetecFocusedSmallR, run #25...
Scenario: $r=1, $rho=0.045, $repetition=1
Assigned runID=MonetecFocusedSmallR-25-20260930-07:06:03-58
Setting up network "dect2020scheduledaccess.DectScheduledAccessNetwork"...
Initializing...

Running simulation...
** Event #0   t=0   Elapsed: 2e-06s (0m 00s)
     Speed:     ev/sec=0   simsec/sec=0   ev/simsec=0
     Messages:  created: 2   present: 2   in FES: 2
** Event #143252   t=500.973890729233   Elapsed: 0.010624s (0m 00s)
     Speed:     ev/sec=1.34863e+07   simsec/sec=47163.7   ev/simsec=285.948
     Messages:  created: 2   present: 2   in FES: 1

<!> Simulation stopped with endSimulation() -- in module (ScheduledAccessQueue) DectScheduledAccessNetwork.queue (id=2), at t=500.973890729233s, event #143252

Calling finish() at end of Run #25...

Preparing for running configuration MonetecFocusedSmallR, run #26...
Scenario: $r=1, $rho=0.045, $repetition=2
Assigned runID=MonetecFocusedSmallR-26-20260930-07:06:03-58
Setting up network "dect2020scheduledaccess.DectScheduledAccessNetwork"...
Initializing...

Running simulation...
** Event #0   t=0   Elapsed: 3e-06s (0m 00s)
     Speed:     ev/sec=0   simsec/sec=0   ev/simsec=0
     Messages:  created: 2   present: 2   in FES: 2
** Event #143203   t=500.751351157111   Elapsed: 0.010646s (0m 00s)
     Speed:     ev/sec=1.34551e+07   simsec/sec=47049.8   ev/simsec=285.976
     Messages:  created: 2   present: 2   in FES: 1

<!> Simulation stopped with endSimulation() -- in module (ScheduledAccessQueue) DectScheduledAccessNetwork.queue (id=2), at t=500.751351157111s, event #143203

Calling finish() at end of Run #26...

Preparing for running configuration MonetecFocusedSmallR, run #27...
Scenario: $r=1, $rho=0.050, $repetition=0
Assigned runID=MonetecFocusedSmallR-27-20260930-07:06:03-58
Setting up network "dect2020scheduledaccess.DectScheduledAccessNetwork"...
Initializing...

Running simulation...
** Event #0   t=0   Elapsed: 1.8e-05s (0m 00s)
     Speed:     ev/sec=0   simsec/sec=0   ev/simsec=0
     Messages:  created: 2   present: 2   in FES: 2
** Event #142053   t=469.910818521919   Elapsed: 0.010543s (0m 00s)
     Speed:     ev/sec=1.34967e+07   simsec/sec=44647.1   ev/simsec=302.298
     Messages:  created: 2   present: 2   in FES: 1

<!> Simulation stopped with endSimulation() -- in module (ScheduledAccessQueue) DectScheduledAccessNetwork.queue (id=2), at t=469.910818521919s, event #142053

Calling finish() at end of Run #27...

Preparing for running configuration MonetecFocusedSmallR, run #28...
Scenario: $r=1, $rho=0.050, $repetition=1
Assigned runID=MonetecFocusedSmallR-28-20260930-07:06:03-58
Setting up network "dect2020scheduledaccess.DectScheduledAccessNetwork"...
Initializing...

Running simulation...
** Event #0   t=0   Elapsed: 1.7e-05s (0m 00s)
     Speed:     ev/sec=0   simsec/sec=0   ev/simsec=0
     Messages:  created: 2   present: 2   in FES: 2
** Event #141922   t=469.037551209352   Elapsed: 0.010487s (0m 00s)
     Speed:     ev/sec=1.35551e+07   simsec/sec=44798.2   ev/simsec=302.581
     Messages:  created: 2   present: 2   in FES: 1

<!> Simulation stopped with endSimulation() -- in module (ScheduledAccessQueue) DectScheduledAccessNetwork.queue (id=2), at t=469.037551209352s, event #141922

Calling finish() at end of Run #28...

Preparing for running configuration MonetecFocusedSmallR, run #29...
Scenario: $r=1, $rho=0.050, $repetition=2
Assigned runID=MonetecFocusedSmallR-29-20260930-07:06:03-58
Setting up network "dect2020scheduledaccess.DectScheduledAccessNetwork"...
Initializing...

Running simulation...
** Event #0   t=0   Elapsed: 1.4e-05s (0m 00s)
     Speed:     ev/sec=0   simsec/sec=0   ev/simsec=0
     Messages:  created: 2   present: 2   in FES: 2
** Event #142174   t=470.749923231988   Elapsed: 0.010456s (0m 00s)
     Speed:     ev/sec=1.36169e+07   simsec/sec=45086.6   ev/simsec=302.016
     Messages:  created: 2   present: 2   in FES: 1

<!> Simulation stopped with endSimulation() -- in module (ScheduledAccessQueue) DectScheduledAccessNetwork.queue (id=2), at t=470.749923231988s, event #142174

Calling finish() at end of Run #29...

Preparing for running configuration MonetecFocusedSmallR, run #30...
Scenario: $r=1, $rho=0.055, $repetition=0
Assigned runID=MonetecFocusedSmallR-30-20260930-07:06:03-58
Setting up network "dect2020scheduledaccess.DectScheduledAccessNetwork"...
Initializing...

Running simulation...
** Event #0   t=0   Elapsed: 1.6e-05s (0m 00s)
     Speed:     ev/sec=0   simsec/sec=0   ev/simsec=0
     Messages:  created: 2   present: 2   in FES: 2
** Event #141603   t=443.848269958996   Elapsed: 0.010657s (0m 00s)
     Speed:     ev/sec=1.33073e+07   simsec/sec=41711   ev/simsec=319.036
     Messages:  created: 2   present: 2   in FES: 1

<!> Simulation stopped with endSimulation() -- in module (ScheduledAccessQueue) DectScheduledAccessNetwork.queue (id=2), at t=443.848269958996s, event #141603

Calling finish() at end of Run #30...

Preparing for running configuration MonetecFocusedSmallR, run #31...
Scenario: $r=1, $rho=0.055, $repetition=1
Assigned runID=MonetecFocusedSmallR-31-20260930-07:06:03-58
Setting up network "dect2020scheduledaccess.DectScheduledAccessNetwork"...
Initializing...

Running simulation...
** Event #0   t=0   Elapsed: 2e-06s (0m 00s)
     Speed:     ev/sec=0   simsec/sec=0   ev/simsec=0
     Messages:  created: 2   present: 2   in FES: 2
** Event #141934   t=445.141499332973   Elapsed: 0.010668s (0m 00s)
     Speed:     ev/sec=1.33071e+07   simsec/sec=41734.6   ev/simsec=318.852
     Messages:  created: 2   present: 2   in FES: 1

<!> Simulation stopped with endSimulation() -- in module (ScheduledAccessQueue) DectScheduledAccessNetwork.queue (id=2), at t=445.141499332973s, event #141934

Calling finish() at end of Run #31...

Preparing for running configuration MonetecFocusedSmallR, run #32...
Scenario: $r=1, $rho=0.055, $repetition=2
Assigned runID=MonetecFocusedSmallR-32-20260930-07:06:03-58
Setting up network "dect2020scheduledaccess.DectScheduledAccessNetwork"...
Initializing...

Running simulation...
** Event #0   t=0   Elapsed: 2e-06s (0m 00s)
     Speed:     ev/sec=0   simsec/sec=0   ev/simsec=0
     Messages:  created: 2   present: 2   in FES: 2
** Event #141643   t=445.797280528585   Elapsed: 0.010496s (0m 00s)
     Speed:     ev/sec=1.34988e+07   simsec/sec=42485.2   ev/simsec=317.73
     Messages:  created: 2   present: 2   in FES: 1

<!> Simulation stopped with endSimulation() -- in module (ScheduledAccessQueue) DectScheduledAccessNetwork.queue (id=2), at t=445.797280528585s, event #141643

Calling finish() at end of Run #32...

Preparing for running configuration MonetecFocusedSmallR, run #33...
Scenario: $r=1, $rho=0.060, $repetition=0
Assigned runID=MonetecFocusedSmallR-33-20260930-07:06:03-58
Setting up network "dect2020scheduledaccess.DectScheduledAccessNetwork"...
Initializing...

Running simulation...
** Event #0   t=0   Elapsed: 1.3e-05s (0m 00s)
     Speed:     ev/sec=0   simsec/sec=0   ev/simsec=0
     Messages:  created: 2   present: 2   in FES: 2
** Event #142021   t=423.731472542905   Elapsed: 0.010787s (0m 00s)
     Speed:     ev/sec=1.31818e+07   simsec/sec=39329   ev/simsec=335.168
     Messages:  created: 2   present: 2   in FES: 1

<!> Simulation stopped with endSimulation() -- in module (ScheduledAccessQueue) DectScheduledAccessNetwork.queue (id=2), at t=423.731472542905s, event #142021

Calling finish() at end of Run #33...

Preparing for running configuration MonetecFocusedSmallR, run #34...
Scenario: $r=1, $rho=0.060, $repetition=1
Assigned runID=MonetecFocusedSmallR-34-20260930-07:06:03-58
Setting up network "dect2020scheduledaccess.DectScheduledAccessNetwork"...
Initializing...

Running simulation...
** Event #0   t=0   Elapsed: 1.2e-05s (0m 00s)
     Speed:     ev/sec=0   simsec/sec=0   ev/simsec=0
     Messages:  created: 2   present: 2   in FES: 2
** Event #141879   t=424.825370680543   Elapsed: 0.010549s (0m 00s)
     Speed:     ev/sec=1.34648e+07   simsec/sec=40317.5   ev/simsec=333.97
     Messages:  created: 2   present: 2   in FES: 1

<!> Simulation stopped with endSimulation() -- in module (ScheduledAccessQueue) DectScheduledAccessNetwork.queue (id=2), at t=424.825370680543s, event #141879

Calling finish() at end of Run #34...

Preparing for running configuration MonetecFocusedSmallR, run #35...
Scenario: $r=1, $rho=0.060, $repetition=2
Assigned runID=MonetecFocusedSmallR-35-20260930-07:06:03-58
Setting up network "dect2020scheduledaccess.DectScheduledAccessNetwork"...
Initializing...

Running simulation...
** Event #0   t=0   Elapsed: 8e-06s (0m 00s)
     Speed:     ev/sec=0   simsec/sec=0   ev/simsec=0
     Messages:  created: 2   present: 2   in FES: 2
** Event #141677   t=424.146706684585   Elapsed: 0.010558s (0m 00s)
     Speed:     ev/sec=1.34304e+07   simsec/sec=40207.2   ev/simsec=334.029
     Messages:  created: 2   present: 2   in FES: 1

<!> Simulation stopped with endSimulation() -- in module (ScheduledAccessQueue) DectScheduledAccessNetwork.queue (id=2), at t=424.146706684585s, event #141677

Calling finish() at end of Run #35...

Preparing for running configuration MonetecFocusedSmallR, run #36...
Scenario: $r=1, $rho=0.065, $repetition=0
Assigned runID=MonetecFocusedSmallR-36-20260930-07:06:03-58
Setting up network "dect2020scheduledaccess.DectScheduledAccessNetwork"...
Initializing...

Running simulation...
** Event #0   t=0   Elapsed: 1.5e-05s (0m 00s)
     Speed:     ev/sec=0   simsec/sec=0   ev/simsec=0
     Messages:  created: 2   present: 2   in FES: 2
** Event #142579   t=407.6197519133   Elapsed: 0.010684s (0m 00s)
     Speed:     ev/sec=1.33626e+07   simsec/sec=38202.3   ev/simsec=349.786
     Messages:  created: 2   present: 2   in FES: 1

<!> Simulation stopped with endSimulation() -- in module (ScheduledAccessQueue) DectScheduledAccessNetwork.queue (id=2), at t=407.6197519133s, event #142579

Calling finish() at end of Run #36...

Preparing for running configuration MonetecFocusedSmallR, run #37...
Scenario: $r=1, $rho=0.065, $repetition=1
Assigned runID=MonetecFocusedSmallR-37-20260930-07:06:03-58
Setting up network "dect2020scheduledaccess.DectScheduledAccessNetwork"...
Initializing...

Running simulation...
** Event #0   t=0   Elapsed: 1.6e-05s (0m 00s)
     Speed:     ev/sec=0   simsec/sec=0   ev/simsec=0
     Messages:  created: 2   present: 2   in FES: 2
** Event #142439   t=407.048414799366   Elapsed: 0.01063s (0m 00s)
     Speed:     ev/sec=1.34199e+07   simsec/sec=38350.1   ev/simsec=349.932
     Messages:  created: 2   present: 2   in FES: 1

<!> Simulation stopped with endSimulation() -- in module (ScheduledAccessQueue) DectScheduledAccessNetwork.queue (id=2), at t=407.048414799366s, event #142439

Calling finish() at end of Run #37...

Preparing for running configuration MonetecFocusedSmallR, run #38...
Scenario: $r=1, $rho=0.065, $repetition=2
Assigned runID=MonetecFocusedSmallR-38-20260930-07:06:03-58
Setting up network "dect2020scheduledaccess.DectScheduledAccessNetwork"...
Initializing...

Running simulation...
** Event #0   t=0   Elapsed: 3e-06s (0m 00s)
     Speed:     ev/sec=0   simsec/sec=0   ev/simsec=0
     Messages:  created: 2   present: 2   in FES: 2
** Event #142504   t=408.199585369472   Elapsed: 0.010594s (0m 00s)
     Speed:     ev/sec=1.34552e+07   simsec/sec=38542   ev/simsec=349.104
     Messages:  created: 2   present: 2   in FES: 1

<!> Simulation stopped with endSimulation() -- in module (ScheduledAccessQueue) DectScheduledAccessNetwork.queue (id=2), at t=408.199585369472s, event #142504

Calling finish() at end of Run #38...

Preparing for running configuration MonetecFocusedSmallR, run #39...
Scenario: $r=1, $rho=0.070, $repetition=0
Assigned runID=MonetecFocusedSmallR-39-20260930-07:06:03-58
Setting up network "dect2020scheduledaccess.DectScheduledAccessNetwork"...
Initializing...

Running simulation...
** Event #0   t=0   Elapsed: 1.2e-05s (0m 00s)
     Speed:     ev/sec=0   simsec/sec=0   ev/simsec=0
     Messages:  created: 2   present: 2   in FES: 2
** Event #143598   t=393.576920437332   Elapsed: 0.010721s (0m 00s)
     Speed:     ev/sec=1.34091e+07   simsec/sec=36752   ev/simsec=364.854
     Messages:  created: 2   present: 2   in FES: 1

<!> Simulation stopped with endSimulation() -- in module (ScheduledAccessQueue) DectScheduledAccessNetwork.queue (id=2), at t=393.576920437332s, event #143598

Calling finish() at end of Run #39...

Preparing for running configuration MonetecFocusedSmallR, run #40...
Scenario: $r=1, $rho=0.070, $repetition=1
Assigned runID=MonetecFocusedSmallR-40-20260930-07:06:03-58
Setting up network "dect2020scheduledaccess.DectScheduledAccessNetwork"...
Initializing...

Running simulation...
** Event #0   t=0   Elapsed: 1.2e-05s (0m 00s)
     Speed:     ev/sec=0   simsec/sec=0   ev/simsec=0
     Messages:  created: 2   present: 2   in FES: 2
** Event #143529   t=393.451152214284   Elapsed: 0.010857s (0m 00s)
     Speed:     ev/sec=1.32358e+07   simsec/sec=36282.8   ev/simsec=364.795
     Messages:  created: 2   present: 2   in FES: 1

<!> Simulation stopped with endSimulation() -- in module (ScheduledAccessQueue) DectScheduledAccessNetwork.queue (id=2), at t=393.451152214284s, event #143529

Calling finish() at end of Run #40...

Preparing for running configuration MonetecFocusedSmallR, run #41...
Scenario: $r=1, $rho=0.070, $repetition=2
Assigned runID=MonetecFocusedSmallR-41-20260930-07:06:03-58
Setting up network "dect2020scheduledaccess.DectScheduledAccessNetwork"...
Initializing...

Running simulation...
** Event #0   t=0   Elapsed: 1.8e-05s (0m 00s)
     Speed:     ev/sec=0   simsec/sec=0   ev/simsec=0
     Messages:  created: 2   present: 2   in FES: 2
** Event #143405   t=394.452204910774   Elapsed: 0.010741s (0m 00s)
     Speed:     ev/sec=1.33723e+07   simsec/sec=36782.2   ev/simsec=363.555
     Messages:  created: 2   present: 2   in FES: 1

<!> Simulation stopped with endSimulation() -- in module (ScheduledAccessQueue) DectScheduledAccessNetwork.queue (id=2), at t=394.452204910774s, event #143405

Calling finish() at end of Run #41...

Preparing for running configuration MonetecFocusedSmallR, run #42...
Scenario: $r=1, $rho=0.075, $repetition=0
Assigned runID=MonetecFocusedSmallR-42-20260930-07:06:03-58
Setting up network "dect2020scheduledaccess.DectScheduledAccessNetwork"...
Initializing...

Running simulation...
** Event #0   t=0   Elapsed: 1.1e-05s (0m 00s)
     Speed:     ev/sec=0   simsec/sec=0   ev/simsec=0
     Messages:  created: 2   present: 2   in FES: 2
** Event #144221   t=379.798491500031   Elapsed: 0.010786s (0m 00s)
     Speed:     ev/sec=1.33848e+07   simsec/sec=35248.1   ev/simsec=379.73
     Messages:  created: 2   present: 2   in FES: 1

<!> Simulation stopped with endSimulation() -- in module (ScheduledAccessQueue) DectScheduledAccessNetwork.queue (id=2), at t=379.798491500031s, event #144221

Calling finish() at end of Run #42...

Preparing for running configuration MonetecFocusedSmallR, run #43...
Scenario: $r=1, $rho=0.075, $repetition=1
Assigned runID=MonetecFocusedSmallR-43-20260930-07:06:03-58
Setting up network "dect2020scheduledaccess.DectScheduledAccessNetwork"...
Initializing...

Running simulation...
** Event #0   t=0   Elapsed: 1.4e-05s (0m 00s)
     Speed:     ev/sec=0   simsec/sec=0   ev/simsec=0
     Messages:  created: 2   present: 2   in FES: 2
** Event #144793   t=381.42017141329   Elapsed: 0.010994s (0m 00s)
     Speed:     ev/sec=1.3187e+07   simsec/sec=34737.7   ev/simsec=379.616
     Messages:  created: 2   present: 2   in FES: 1

<!> Simulation stopped with endSimulation() -- in module (ScheduledAccessQueue) DectScheduledAccessNetwork.queue (id=2), at t=381.42017141329s, event #144793

Calling finish() at end of Run #43...

Preparing for running configuration MonetecFocusedSmallR, run #44...
Scenario: $r=1, $rho=0.075, $repetition=2
Assigned runID=MonetecFocusedSmallR-44-20260930-07:06:03-58
Setting up network "dect2020scheduledaccess.DectScheduledAccessNetwork"...
Initializing...

Running simulation...
** Event #0   t=0   Elapsed: 1.6e-05s (0m 00s)
     Speed:     ev/sec=0   simsec/sec=0   ev/simsec=0
     Messages:  created: 2   present: 2   in FES: 2
** Event #144799   t=382.470641743314   Elapsed: 0.010886s (0m 00s)
     Speed:     ev/sec=1.33222e+07   simsec/sec=35189   ev/simsec=378.589
     Messages:  created: 2   present: 2   in FES: 1

<!> Simulation stopped with endSimulation() -- in module (ScheduledAccessQueue) DectScheduledAccessNetwork.queue (id=2), at t=382.470641743314s, event #144799

Calling finish() at end of Run #44...

Preparing for running configuration MonetecFocusedSmallR, run #45...
Scenario: $r=1, $rho=0.080, $repetition=0
Assigned runID=MonetecFocusedSmallR-45-20260930-07:06:03-58
Setting up network "dect2020scheduledaccess.DectScheduledAccessNetwork"...
Initializing...

Running simulation...
** Event #0   t=0   Elapsed: 1.5e-05s (0m 00s)
     Speed:     ev/sec=0   simsec/sec=0   ev/simsec=0
     Messages:  created: 2   present: 2   in FES: 2
** Event #145756   t=370.624355522307   Elapsed: 0.011264s (0m 00s)
     Speed:     ev/sec=1.29584e+07   simsec/sec=32950.2   ev/simsec=393.272
     Messages:  created: 2   present: 2   in FES: 1

<!> Simulation stopped with endSimulation() -- in module (ScheduledAccessQueue) DectScheduledAccessNetwork.queue (id=2), at t=370.624355522307s, event #145756

Calling finish() at end of Run #45...

Preparing for running configuration MonetecFocusedSmallR, run #46...
Scenario: $r=1, $rho=0.080, $repetition=1
Assigned runID=MonetecFocusedSmallR-46-20260930-07:06:03-58
Setting up network "dect2020scheduledaccess.DectScheduledAccessNetwork"...
Initializing...

Running simulation...
** Event #0   t=0   Elapsed: 3e-06s (0m 00s)
     Speed:     ev/sec=0   simsec/sec=0   ev/simsec=0
     Messages:  created: 2   present: 2   in FES: 2
** Event #146074   t=371.02285391717   Elapsed: 0.011055s (0m 00s)
     Speed:     ev/sec=1.3217e+07   simsec/sec=33570.6   ev/simsec=393.706
     Messages:  created: 2   present: 2   in FES: 1

<!> Simulation stopped with endSimulation() -- in module (ScheduledAccessQueue) DectScheduledAccessNetwork.queue (id=2), at t=371.02285391717s, event #146074

Calling finish() at end of Run #46...

Preparing for running configuration MonetecFocusedSmallR, run #47...
Scenario: $r=1, $rho=0.080, $repetition=2
Assigned runID=MonetecFocusedSmallR-47-20260930-07:06:03-58
Setting up network "dect2020scheduledaccess.DectScheduledAccessNetwork"...
Initializing...

Running simulation...
** Event #0   t=0   Elapsed: 1.5e-05s (0m 00s)
     Speed:     ev/sec=0   simsec/sec=0   ev/simsec=0
     Messages:  created: 2   present: 2   in FES: 2
** Event #146016   t=371.40654823325   Elapsed: 0.011092s (0m 00s)
     Speed:     ev/sec=1.31819e+07   simsec/sec=33529.5   ev/simsec=393.144
     Messages:  created: 2   present: 2   in FES: 1

<!> Simulation stopped with endSimulation() -- in module (ScheduledAccessQueue) DectScheduledAccessNetwork.queue (id=2), at t=371.40654823325s, event #146016

Calling finish() at end of Run #47...

Preparing for running configuration MonetecFocusedSmallR, run #48...
Scenario: $r=1, $rho=0.085, $repetition=0
Assigned runID=MonetecFocusedSmallR-48-20260930-07:06:03-58
Setting up network "dect2020scheduledaccess.DectScheduledAccessNetwork"...
Initializing...

Running simulation...
** Event #0   t=0   Elapsed: 2e-06s (0m 00s)
     Speed:     ev/sec=0   simsec/sec=0   ev/simsec=0
     Messages:  created: 2   present: 2   in FES: 2
** Event #147369   t=361.035063156493   Elapsed: 0.011005s (0m 00s)
     Speed:     ev/sec=1.33935e+07   simsec/sec=32812.4   ev/simsec=408.185
     Messages:  created: 2   present: 2   in FES: 1

<!> Simulation stopped with endSimulation() -- in module (ScheduledAccessQueue) DectScheduledAccessNetwork.queue (id=2), at t=361.035063156493s, event #147369

Calling finish() at end of Run #48...

Preparing for running configuration MonetecFocusedSmallR, run #49...
Scenario: $r=1, $rho=0.085, $repetition=1
Assigned runID=MonetecFocusedSmallR-49-20260930-07:06:03-58
Setting up network "dect2020scheduledaccess.DectScheduledAccessNetwork"...
Initializing...

Running simulation...
** Event #0   t=0   Elapsed: 2e-06s (0m 00s)
     Speed:     ev/sec=0   simsec/sec=0   ev/simsec=0
     Messages:  created: 2   present: 2   in FES: 2
** Event #147607   t=361.816548862663   Elapsed: 0.011169s (0m 00s)
     Speed:     ev/sec=1.32193e+07   simsec/sec=32403.4   ev/simsec=407.961
     Messages:  created: 2   present: 2   in FES: 1

<!> Simulation stopped with endSimulation() -- in module (ScheduledAccessQueue) DectScheduledAccessNetwork.queue (id=2), at t=361.816548862663s, event #147607

Calling finish() at end of Run #49...

Preparing for running configuration MonetecFocusedSmallR, run #50...
Scenario: $r=1, $rho=0.085, $repetition=2
Assigned runID=MonetecFocusedSmallR-50-20260930-07:06:03-58
Setting up network "dect2020scheduledaccess.DectScheduledAccessNetwork"...
Initializing...

Running simulation...
** Event #0   t=0   Elapsed: 9e-06s (0m 00s)
     Speed:     ev/sec=0   simsec/sec=0   ev/simsec=0
     Messages:  created: 2   present: 2   in FES: 2
** Event #147596   t=362.529212986622   Elapsed: 0.011271s (0m 00s)
     Speed:     ev/sec=1.31057e+07   simsec/sec=32190.4   ev/simsec=407.129
     Messages:  created: 2   present: 2   in FES: 1

<!> Simulation stopped with endSimulation() -- in module (ScheduledAccessQueue) DectScheduledAccessNetwork.queue (id=2), at t=362.529212986622s, event #147596

Calling finish() at end of Run #50...

Preparing for running configuration MonetecFocusedSmallR, run #51...
Scenario: $r=1, $rho=0.090, $repetition=0
Assigned runID=MonetecFocusedSmallR-51-20260930-07:06:03-58
Setting up network "dect2020scheduledaccess.DectScheduledAccessNetwork"...
Initializing...

Running simulation...
** Event #0   t=0   Elapsed: 3e-06s (0m 00s)
     Speed:     ev/sec=0   simsec/sec=0   ev/simsec=0
     Messages:  created: 2   present: 2   in FES: 2
** Event #149043   t=352.257211495766   Elapsed: 0.011661s (0m 00s)
     Speed:     ev/sec=1.27868e+07   simsec/sec=30221.1   ev/simsec=423.109
     Messages:  created: 2   present: 2   in FES: 1

<!> Simulation stopped with endSimulation() -- in module (ScheduledAccessQueue) DectScheduledAccessNetwork.queue (id=2), at t=352.257211495766s, event #149043

Calling finish() at end of Run #51...

Preparing for running configuration MonetecFocusedSmallR, run #52...
Scenario: $r=1, $rho=0.090, $repetition=1
Assigned runID=MonetecFocusedSmallR-52-20260930-07:06:03-58
Setting up network "dect2020scheduledaccess.DectScheduledAccessNetwork"...
Initializing...

Running simulation...
** Event #0   t=0   Elapsed: 3e-06s (0m 00s)
     Speed:     ev/sec=0   simsec/sec=0   ev/simsec=0
     Messages:  created: 2   present: 2   in FES: 2
** Event #149640   t=353.449899454511   Elapsed: 0.01129s (0m 00s)
     Speed:     ev/sec=1.32577e+07   simsec/sec=31314.8   ev/simsec=423.37
     Messages:  created: 2   present: 2   in FES: 1

<!> Simulation stopped with endSimulation() -- in module (ScheduledAccessQueue) DectScheduledAccessNetwork.queue (id=2), at t=353.449899454511s, event #149640

Calling finish() at end of Run #52...

Preparing for running configuration MonetecFocusedSmallR, run #53...
Scenario: $r=1, $rho=0.090, $repetition=2
Assigned runID=MonetecFocusedSmallR-53-20260930-07:06:03-58
Setting up network "dect2020scheduledaccess.DectScheduledAccessNetwork"...
Initializing...

Running simulation...
** Event #0   t=0   Elapsed: 1.3e-05s (0m 00s)
     Speed:     ev/sec=0   simsec/sec=0   ev/simsec=0
     Messages:  created: 2   present: 2   in FES: 2
** Event #149761   t=355.2809775756   Elapsed: 0.011412s (0m 00s)
     Speed:     ev/sec=1.31392e+07   simsec/sec=31170.5   ev/simsec=421.528
     Messages:  created: 2   present: 2   in FES: 1

<!> Simulation stopped with endSimulation() -- in module (ScheduledAccessQueue) DectScheduledAccessNetwork.queue (id=2), at t=355.2809775756s, event #149761

Calling finish() at end of Run #53...

Preparing for running configuration MonetecFocusedSmallR, run #54...
Scenario: $r=1, $rho=0.095, $repetition=0
Assigned runID=MonetecFocusedSmallR-54-20260930-07:06:03-58
Setting up network "dect2020scheduledaccess.DectScheduledAccessNetwork"...
Initializing...

Running simulation...
** Event #0   t=0   Elapsed: 1.7e-05s (0m 00s)
     Speed:     ev/sec=0   simsec/sec=0   ev/simsec=0
     Messages:  created: 2   present: 2   in FES: 2
** Event #151238   t=346.455439514825   Elapsed: 0.011596s (0m 00s)
     Speed:     ev/sec=1.30614e+07   simsec/sec=29921   ev/simsec=436.53
     Messages:  created: 2   present: 2   in FES: 1

<!> Simulation stopped with endSimulation() -- in module (ScheduledAccessQueue) DectScheduledAccessNetwork.queue (id=2), at t=346.455439514825s, event #151238

Calling finish() at end of Run #54...

Preparing for running configuration MonetecFocusedSmallR, run #55...
Scenario: $r=1, $rho=0.095, $repetition=1
Assigned runID=MonetecFocusedSmallR-55-20260930-07:06:03-58
Setting up network "dect2020scheduledaccess.DectScheduledAccessNetwork"...
Initializing...

Running simulation...
** Event #0   t=0   Elapsed: 2e-06s (0m 00s)
     Speed:     ev/sec=0   simsec/sec=0   ev/simsec=0
     Messages:  created: 2   present: 2   in FES: 2
** Event #150968   t=345.159406624363   Elapsed: 0.011569s (0m 00s)
     Speed:     ev/sec=1.30516e+07   simsec/sec=29840   ev/simsec=437.386
     Messages:  created: 2   present: 2   in FES: 1

<!> Simulation stopped with endSimulation() -- in module (ScheduledAccessQueue) DectScheduledAccessNetwork.queue (id=2), at t=345.159406624363s, event #150968

Calling finish() at end of Run #55...

Preparing for running configuration MonetecFocusedSmallR, run #56...
Scenario: $r=1, $rho=0.095, $repetition=2
Assigned runID=MonetecFocusedSmallR-56-20260930-07:06:03-58
Setting up network "dect2020scheduledaccess.DectScheduledAccessNetwork"...
Initializing...

Running simulation...
** Event #0   t=0   Elapsed: 3e-06s (0m 00s)
     Speed:     ev/sec=0   simsec/sec=0   ev/simsec=0
     Messages:  created: 2   present: 2   in FES: 2
** Event #151162   t=346.678396435322   Elapsed: 0.011418s (0m 00s)
     Speed:     ev/sec=1.32424e+07   simsec/sec=30370.3   ev/simsec=436.031
     Messages:  created: 2   present: 2   in FES: 1

<!> Simulation stopped with endSimulation() -- in module (ScheduledAccessQueue) DectScheduledAccessNetwork.queue (id=2), at t=346.678396435322s, event #151162

Calling finish() at end of Run #56...

Preparing for running configuration MonetecFocusedSmallR, run #57...
Scenario: $r=1, $rho=0.100, $repetition=0
Assigned runID=MonetecFocusedSmallR-57-20260930-07:06:03-58
Setting up network "dect2020scheduledaccess.DectScheduledAccessNetwork"...
Initializing...

Running simulation...
** Event #0   t=0   Elapsed: 2e-06s (0m 00s)
     Speed:     ev/sec=0   simsec/sec=0   ev/simsec=0
     Messages:  created: 2   present: 2   in FES: 2
** Event #152676   t=338.434973330826   Elapsed: 0.011663s (0m 00s)
     Speed:     ev/sec=1.30929e+07   simsec/sec=29022.8   ev/simsec=451.124
     Messages:  created: 2   present: 2   in FES: 1

<!> Simulation stopped with endSimulation() -- in module (ScheduledAccessQueue) DectScheduledAccessNetwork.queue (id=2), at t=338.434973330826s, event #152676

Calling finish() at end of Run #57...

Preparing for running configuration MonetecFocusedSmallR, run #58...
Scenario: $r=1, $rho=0.100, $repetition=1
Assigned runID=MonetecFocusedSmallR-58-20260930-07:06:03-58
Setting up network "dect2020scheduledaccess.DectScheduledAccessNetwork"...
Initializing...

Running simulation...
** Event #0   t=0   Elapsed: 1.4e-05s (0m 00s)
     Speed:     ev/sec=0   simsec/sec=0   ev/simsec=0
     Messages:  created: 2   present: 2   in FES: 2
** Event #152949   t=338.857719212838   Elapsed: 0.011544s (0m 00s)
     Speed:     ev/sec=1.32653e+07   simsec/sec=29389.2   ev/simsec=451.367
     Messages:  created: 2   present: 2   in FES: 1

<!> Simulation stopped with endSimulation() -- in module (ScheduledAccessQueue) DectScheduledAccessNetwork.queue (id=2), at t=338.857719212838s, event #152949

Calling finish() at end of Run #58...

Preparing for running configuration MonetecFocusedSmallR, run #59...
Scenario: $r=1, $rho=0.100, $repetition=2
Assigned runID=MonetecFocusedSmallR-59-20260930-07:06:03-58
Setting up network "dect2020scheduledaccess.DectScheduledAccessNetwork"...
Initializing...

Running simulation...
** Event #0   t=0   Elapsed: 2e-06s (0m 00s)
     Speed:     ev/sec=0   simsec/sec=0   ev/simsec=0
     Messages:  created: 2   present: 2   in FES: 2
** Event #152829   t=340.119543776296   Elapsed: 0.011601s (0m 00s)
     Speed:     ev/sec=1.3176e+07   simsec/sec=29323.2   ev/simsec=449.339
     Messages:  created: 2   present: 2   in FES: 1

<!> Simulation stopped with endSimulation() -- in module (ScheduledAccessQueue) DectScheduledAccessNetwork.queue (id=2), at t=340.119543776296s, event #152829

Calling finish() at end of Run #59...

Preparing for running configuration MonetecFocusedSmallR, run #60...
Scenario: $r=1, $rho=0.105, $repetition=0
Assigned runID=MonetecFocusedSmallR-60-20260930-07:06:03-58
Setting up network "dect2020scheduledaccess.DectScheduledAccessNetwork"...
Initializing...

Running simulation...
** Event #0   t=0   Elapsed: 9e-06s (0m 00s)
     Speed:     ev/sec=0   simsec/sec=0   ev/simsec=0
     Messages:  created: 2   present: 2   in FES: 2
** Event #155010   t=333.335583245612   Elapsed: 0.011774s (0m 00s)
     Speed:     ev/sec=1.31755e+07   simsec/sec=28332.8   ev/simsec=465.028
     Messages:  created: 2   present: 2   in FES: 1

<!> Simulation stopped with endSimulation() -- in module (ScheduledAccessQueue) DectScheduledAccessNetwork.queue (id=2), at t=333.335583245612s, event #155010

Calling finish() at end of Run #60...

Preparing for running configuration MonetecFocusedSmallR, run #61...
Scenario: $r=1, $rho=0.105, $repetition=1
Assigned runID=MonetecFocusedSmallR-61-20260930-07:06:04-58
Setting up network "dect2020scheduledaccess.DectScheduledAccessNetwork"...
Initializing...

Running simulation...
** Event #0   t=0   Elapsed: 2e-06s (0m 00s)
     Speed:     ev/sec=0   simsec/sec=0   ev/simsec=0
     Messages:  created: 2   present: 2   in FES: 2
** Event #155484   t=335.460783145418   Elapsed: 0.011921s (0m 00s)
     Speed:     ev/sec=1.30451e+07   simsec/sec=28145   ev/simsec=463.495
     Messages:  created: 2   present: 2   in FES: 1

<!> Simulation stopped with endSimulation() -- in module (ScheduledAccessQueue) DectScheduledAccessNetwork.queue (id=2), at t=335.460783145418s, event #155484

Calling finish() at end of Run #61...

Preparing for running configuration MonetecFocusedSmallR, run #62...
Scenario: $r=1, $rho=0.105, $repetition=2
Assigned runID=MonetecFocusedSmallR-62-20260930-07:06:04-58
Setting up network "dect2020scheduledaccess.DectScheduledAccessNetwork"...
Initializing...

Running simulation...
** Event #0   t=0   Elapsed: 3e-06s (0m 00s)
     Speed:     ev/sec=0   simsec/sec=0   ev/simsec=0
     Messages:  created: 2   present: 2   in FES: 2
** Event #155261   t=335.449107204426   Elapsed: 0.012018s (0m 00s)
     Speed:     ev/sec=1.29223e+07   simsec/sec=27919.2   ev/simsec=462.846
     Messages:  created: 2   present: 2   in FES: 1

<!> Simulation stopped with endSimulation() -- in module (ScheduledAccessQueue) DectScheduledAccessNetwork.queue (id=2), at t=335.449107204426s, event #155261

Calling finish() at end of Run #62...

Preparing for running configuration MonetecFocusedSmallR, run #63...
Scenario: $r=1, $rho=0.110, $repetition=0
Assigned runID=MonetecFocusedSmallR-63-20260930-07:06:04-58
Setting up network "dect2020scheduledaccess.DectScheduledAccessNetwork"...
Initializing...

Running simulation...
** Event #0   t=0   Elapsed: 2e-06s (0m 00s)
     Speed:     ev/sec=0   simsec/sec=0   ev/simsec=0
     Messages:  created: 2   present: 2   in FES: 2
** Event #157592   t=329.963894837374   Elapsed: 0.012235s (0m 00s)
     Speed:     ev/sec=1.28825e+07   simsec/sec=26973.3   ev/simsec=477.604
     Messages:  created: 2   present: 2   in FES: 1

<!> Simulation stopped with endSimulation() -- in module (ScheduledAccessQueue) DectScheduledAccessNetwork.queue (id=2), at t=329.963894837374s, event #157592

Calling finish() at end of Run #63...

Preparing for running configuration MonetecFocusedSmallR, run #64...
Scenario: $r=1, $rho=0.110, $repetition=1
Assigned runID=MonetecFocusedSmallR-64-20260930-07:06:04-58
Setting up network "dect2020scheduledaccess.DectScheduledAccessNetwork"...
Initializing...

Running simulation...
** Event #0   t=0   Elapsed: 2e-06s (0m 00s)
     Speed:     ev/sec=0   simsec/sec=0   ev/simsec=0
     Messages:  created: 2   present: 2   in FES: 2
** Event #157378   t=329.441612689835   Elapsed: 0.012247s (0m 00s)
     Speed:     ev/sec=1.28524e+07   simsec/sec=26904.2   ev/simsec=477.711
     Messages:  created: 2   present: 2   in FES: 1

<!> Simulation stopped with endSimulation() -- in module (ScheduledAccessQueue) DectScheduledAccessNetwork.queue (id=2), at t=329.441612689835s, event #157378

Calling finish() at end of Run #64...

Preparing for running configuration MonetecFocusedSmallR, run #65...
Scenario: $r=1, $rho=0.110, $repetition=2
Assigned runID=MonetecFocusedSmallR-65-20260930-07:06:04-58
Setting up network "dect2020scheduledaccess.DectScheduledAccessNetwork"...
Initializing...

Running simulation...
** Event #0   t=0   Elapsed: 3e-06s (0m 00s)
     Speed:     ev/sec=0   simsec/sec=0   ev/simsec=0
     Messages:  created: 2   present: 2   in FES: 2
** Event #157500   t=330.578436864201   Elapsed: 0.012167s (0m 00s)
     Speed:     ev/sec=1.2948e+07   simsec/sec=27176.7   ev/simsec=476.439
     Messages:  created: 2   present: 2   in FES: 1

<!> Simulation stopped with endSimulation() -- in module (ScheduledAccessQueue) DectScheduledAccessNetwork.queue (id=2), at t=330.578436864201s, event #157500

Calling finish() at end of Run #65...

Preparing for running configuration MonetecFocusedSmallR, run #66...
Scenario: $r=1, $rho=0.115, $repetition=0
Assigned runID=MonetecFocusedSmallR-66-20260930-07:06:04-58
Setting up network "dect2020scheduledaccess.DectScheduledAccessNetwork"...
Initializing...

Running simulation...
** Event #0   t=0   Elapsed: 3e-06s (0m 00s)
     Speed:     ev/sec=0   simsec/sec=0   ev/simsec=0
     Messages:  created: 2   present: 2   in FES: 2
** Event #159802   t=325.687100984549   Elapsed: 0.012268s (0m 00s)
     Speed:     ev/sec=1.30291e+07   simsec/sec=26554.2   ev/simsec=490.661
     Messages:  created: 2   present: 2   in FES: 1

<!> Simulation stopped with endSimulation() -- in module (ScheduledAccessQueue) DectScheduledAccessNetwork.queue (id=2), at t=325.687100984549s, event #159802

Calling finish() at end of Run #66...

Preparing for running configuration MonetecFocusedSmallR, run #67...
Scenario: $r=1, $rho=0.115, $repetition=1
Assigned runID=MonetecFocusedSmallR-67-20260930-07:06:04-58
Setting up network "dect2020scheduledaccess.DectScheduledAccessNetwork"...
Initializing...

Running simulation...
** Event #0   t=0   Elapsed: 1.4e-05s (0m 00s)
     Speed:     ev/sec=0   simsec/sec=0   ev/simsec=0
     Messages:  created: 2   present: 2   in FES: 2
** Event #159812   t=324.760050527785   Elapsed: 0.012261s (0m 00s)
     Speed:     ev/sec=1.30491e+07   simsec/sec=26517.4   ev/simsec=492.095
     Messages:  created: 2   present: 2   in FES: 1

<!> Simulation stopped with endSimulation() -- in module (ScheduledAccessQueue) DectScheduledAccessNetwork.queue (id=2), at t=324.760050527785s, event #159812

Calling finish() at end of Run #67...

Preparing for running configuration MonetecFocusedSmallR, run #68...
Scenario: $r=1, $rho=0.115, $repetition=2
Assigned runID=MonetecFocusedSmallR-68-20260930-07:06:04-58
Setting up network "dect2020scheduledaccess.DectScheduledAccessNetwork"...
Initializing...

Running simulation...
** Event #0   t=0   Elapsed: 1.3e-05s (0m 00s)
     Speed:     ev/sec=0   simsec/sec=0   ev/simsec=0
     Messages:  created: 2   present: 2   in FES: 2
** Event #159498   t=325.73289194085   Elapsed: 0.012185s (0m 00s)
     Speed:     ev/sec=1.31037e+07   simsec/sec=26760.8   ev/simsec=489.659
     Messages:  created: 2   present: 2   in FES: 1

<!> Simulation stopped with endSimulation() -- in module (ScheduledAccessQueue) DectScheduledAccessNetwork.queue (id=2), at t=325.73289194085s, event #159498

Calling finish() at end of Run #68...

Preparing for running configuration MonetecFocusedSmallR, run #69...
Scenario: $r=1, $rho=0.120, $repetition=0
Assigned runID=MonetecFocusedSmallR-69-20260930-07:06:04-58
Setting up network "dect2020scheduledaccess.DectScheduledAccessNetwork"...
Initializing...

Running simulation...
** Event #0   t=0   Elapsed: 1.4e-05s (0m 00s)
     Speed:     ev/sec=0   simsec/sec=0   ev/simsec=0
     Messages:  created: 2   present: 2   in FES: 2
** Event #162505   t=322.330967428725   Elapsed: 0.012325s (0m 00s)
     Speed:     ev/sec=1.32011e+07   simsec/sec=26184.5   ev/simsec=504.156
     Messages:  created: 2   present: 2   in FES: 1

<!> Simulation stopped with endSimulation() -- in module (ScheduledAccessQueue) DectScheduledAccessNetwork.queue (id=2), at t=322.330967428725s, event #162505

Calling finish() at end of Run #69...

Preparing for running configuration MonetecFocusedSmallR, run #70...
Scenario: $r=1, $rho=0.120, $repetition=1
Assigned runID=MonetecFocusedSmallR-70-20260930-07:06:04-58
Setting up network "dect2020scheduledaccess.DectScheduledAccessNetwork"...
Initializing...

Running simulation...
** Event #0   t=0   Elapsed: 1.4e-05s (0m 00s)
     Speed:     ev/sec=0   simsec/sec=0   ev/simsec=0
     Messages:  created: 2   present: 2   in FES: 2
** Event #162304   t=321.862858676838   Elapsed: 0.012361s (0m 00s)
     Speed:     ev/sec=1.31452e+07   simsec/sec=26068   ev/simsec=504.267
     Messages:  created: 2   present: 2   in FES: 1

<!> Simulation stopped with endSimulation() -- in module (ScheduledAccessQueue) DectScheduledAccessNetwork.queue (id=2), at t=321.862858676838s, event #162304

Calling finish() at end of Run #70...

Preparing for running configuration MonetecFocusedSmallR, run #71...
Scenario: $r=1, $rho=0.120, $repetition=2
Assigned runID=MonetecFocusedSmallR-71-20260930-07:06:04-58
Setting up network "dect2020scheduledaccess.DectScheduledAccessNetwork"...
Initializing...

Running simulation...
** Event #0   t=0   Elapsed: 2e-06s (0m 00s)
     Speed:     ev/sec=0   simsec/sec=0   ev/simsec=0
     Messages:  created: 2   present: 2   in FES: 2
** Event #162090   t=322.354811320775   Elapsed: 0.012312s (0m 00s)
     Speed:     ev/sec=1.31663e+07   simsec/sec=26184.2   ev/simsec=502.832
     Messages:  created: 2   present: 2   in FES: 1

<!> Simulation stopped with endSimulation() -- in module (ScheduledAccessQueue) DectScheduledAccessNetwork.queue (id=2), at t=322.354811320775s, event #162090

Calling finish() at end of Run #71...

Preparing for running configuration MonetecFocusedSmallR, run #72...
Scenario: $r=1, $rho=0.125, $repetition=0
Assigned runID=MonetecFocusedSmallR-72-20260930-07:06:04-58
Setting up network "dect2020scheduledaccess.DectScheduledAccessNetwork"...
Initializing...

Running simulation...
** Event #0   t=0   Elapsed: 2e-06s (0m 00s)
     Speed:     ev/sec=0   simsec/sec=0   ev/simsec=0
     Messages:  created: 2   present: 2   in FES: 2
** Event #164346   t=317.8909071312   Elapsed: 0.012531s (0m 00s)
     Speed:     ev/sec=1.31172e+07   simsec/sec=25372.4   ev/simsec=516.989
     Messages:  created: 2   present: 2   in FES: 1

<!> Simulation stopped with endSimulation() -- in module (ScheduledAccessQueue) DectScheduledAccessNetwork.queue (id=2), at t=317.8909071312s, event #164346

Calling finish() at end of Run #72...

Preparing for running configuration MonetecFocusedSmallR, run #73...
Scenario: $r=1, $rho=0.125, $repetition=1
Assigned runID=MonetecFocusedSmallR-73-20260930-07:06:04-58
Setting up network "dect2020scheduledaccess.DectScheduledAccessNetwork"...
Initializing...

Running simulation...
** Event #0   t=0   Elapsed: 1.3e-05s (0m 00s)
     Speed:     ev/sec=0   simsec/sec=0   ev/simsec=0
     Messages:  created: 2   present: 2   in FES: 2
** Event #164736   t=318.587880157205   Elapsed: 0.012494s (0m 00s)
     Speed:     ev/sec=1.31989e+07   simsec/sec=25525.8   ev/simsec=517.082
     Messages:  created: 2   present: 2   in FES: 1

<!> Simulation stopped with endSimulation() -- in module (ScheduledAccessQueue) DectScheduledAccessNetwork.queue (id=2), at t=318.587880157205s, event #164736

Calling finish() at end of Run #73...

Preparing for running configuration MonetecFocusedSmallR, run #74...
Scenario: $r=1, $rho=0.125, $repetition=2
Assigned runID=MonetecFocusedSmallR-74-20260930-07:06:04-58
Setting up network "dect2020scheduledaccess.DectScheduledAccessNetwork"...
Initializing...

Running simulation...
** Event #0   t=0   Elapsed: 1.5e-05s (0m 00s)
     Speed:     ev/sec=0   simsec/sec=0   ev/simsec=0
     Messages:  created: 2   present: 2   in FES: 2
** Event #164387   t=318.160665755236   Elapsed: 0.012687s (0m 00s)
     Speed:     ev/sec=1.29725e+07   simsec/sec=25107.4   ev/simsec=516.68
     Messages:  created: 2   present: 2   in FES: 1

<!> Simulation stopped with endSimulation() -- in module (ScheduledAccessQueue) DectScheduledAccessNetwork.queue (id=2), at t=318.160665755236s, event #164387

Calling finish() at end of Run #74...

Preparing for running configuration MonetecFocusedSmallR, run #75...
Scenario: $r=1, $rho=0.130, $repetition=0
Assigned runID=MonetecFocusedSmallR-75-20260930-07:06:04-58
Setting up network "dect2020scheduledaccess.DectScheduledAccessNetwork"...
Initializing...

Running simulation...
** Event #0   t=0   Elapsed: 3e-06s (0m 00s)
     Speed:     ev/sec=0   simsec/sec=0   ev/simsec=0
     Messages:  created: 2   present: 2   in FES: 2
** Event #167142   t=314.986056120365   Elapsed: 0.012694s (0m 00s)
     Speed:     ev/sec=1.31701e+07   simsec/sec=24819.6   ev/simsec=530.634
     Messages:  created: 2   present: 2   in FES: 1

<!> Simulation stopped with endSimulation() -- in module (ScheduledAccessQueue) DectScheduledAccessNetwork.queue (id=2), at t=314.986056120365s, event #167142

Calling finish() at end of Run #75...

Preparing for running configuration MonetecFocusedSmallR, run #76...
Scenario: $r=1, $rho=0.130, $repetition=1
Assigned runID=MonetecFocusedSmallR-76-20260930-07:06:04-58
Setting up network "dect2020scheduledaccess.DectScheduledAccessNetwork"...
Initializing...

Running simulation...
** Event #0   t=0   Elapsed: 1.1e-05s (0m 00s)
     Speed:     ev/sec=0   simsec/sec=0   ev/simsec=0
     Messages:  created: 2   present: 2   in FES: 2
** Event #166792   t=314.467724589308   Elapsed: 0.012687s (0m 00s)
     Speed:     ev/sec=1.31591e+07   simsec/sec=24810   ev/simsec=530.395
     Messages:  created: 2   present: 2   in FES: 1

<!> Simulation stopped with endSimulation() -- in module (ScheduledAccessQueue) DectScheduledAccessNetwork.queue (id=2), at t=314.467724589308s, event #166792

Calling finish() at end of Run #76...

Preparing for running configuration MonetecFocusedSmallR, run #77...
Scenario: $r=1, $rho=0.130, $repetition=2
Assigned runID=MonetecFocusedSmallR-77-20260930-07:06:04-58
Setting up network "dect2020scheduledaccess.DectScheduledAccessNetwork"...
Initializing...

Running simulation...
** Event #0   t=0   Elapsed: 2e-06s (0m 00s)
     Speed:     ev/sec=0   simsec/sec=0   ev/simsec=0
     Messages:  created: 2   present: 2   in FES: 2
** Event #166706   t=314.535711888616   Elapsed: 0.012752s (0m 00s)
     Speed:     ev/sec=1.3075e+07   simsec/sec=24669.5   ev/simsec=530.007
     Messages:  created: 2   present: 2   in FES: 1

<!> Simulation stopped with endSimulation() -- in module (ScheduledAccessQueue) DectScheduledAccessNetwork.queue (id=2), at t=314.535711888616s, event #166706

Calling finish() at end of Run #77...

Preparing for running configuration MonetecFocusedSmallR, run #78...
Scenario: $r=1, $rho=0.135, $repetition=0
Assigned runID=MonetecFocusedSmallR-78-20260930-07:06:04-58
Setting up network "dect2020scheduledaccess.DectScheduledAccessNetwork"...
Initializing...

Running simulation...
** Event #0   t=0   Elapsed: 1.2e-05s (0m 00s)
     Speed:     ev/sec=0   simsec/sec=0   ev/simsec=0
     Messages:  created: 2   present: 2   in FES: 2
** Event #169282   t=310.711052573883   Elapsed: 0.01309s (0m 00s)
     Speed:     ev/sec=1.2944e+07   simsec/sec=23758.3   ev/simsec=544.822
     Messages:  created: 2   present: 2   in FES: 1

<!> Simulation stopped with endSimulation() -- in module (ScheduledAccessQueue) DectScheduledAccessNetwork.queue (id=2), at t=310.711052573883s, event #169282

Calling finish() at end of Run #78...

Preparing for running configuration MonetecFocusedSmallR, run #79...
Scenario: $r=1, $rho=0.135, $repetition=1
Assigned runID=MonetecFocusedSmallR-79-20260930-07:06:04-58
Setting up network "dect2020scheduledaccess.DectScheduledAccessNetwork"...
Initializing...

Running simulation...
** Event #0   t=0   Elapsed: 1.5e-05s (0m 00s)
     Speed:     ev/sec=0   simsec/sec=0   ev/simsec=0
     Messages:  created: 2   present: 2   in FES: 2
** Event #169598   t=312.156392403112   Elapsed: 0.013079s (0m 00s)
     Speed:     ev/sec=1.29821e+07   simsec/sec=23894.4   ev/simsec=543.311
     Messages:  created: 2   present: 2   in FES: 1

<!> Simulation stopped with endSimulation() -- in module (ScheduledAccessQueue) DectScheduledAccessNetwork.queue (id=2), at t=312.156392403112s, event #169598

Calling finish() at end of Run #79...

Preparing for running configuration MonetecFocusedSmallR, run #80...
Scenario: $r=1, $rho=0.135, $repetition=2
Assigned runID=MonetecFocusedSmallR-80-20260930-07:06:04-58
Setting up network "dect2020scheduledaccess.DectScheduledAccessNetwork"...
Initializing...

Running simulation...
** Event #0   t=0   Elapsed: 2e-06s (0m 00s)
     Speed:     ev/sec=0   simsec/sec=0   ev/simsec=0
     Messages:  created: 2   present: 2   in FES: 2
** Event #169210   t=311.836953342745   Elapsed: 0.01285s (0m 00s)
     Speed:     ev/sec=1.31701e+07   simsec/sec=24271.2   ev/simsec=542.624
     Messages:  created: 2   present: 2   in FES: 1

<!> Simulation stopped with endSimulation() -- in module (ScheduledAccessQueue) DectScheduledAccessNetwork.queue (id=2), at t=311.836953342745s, event #169210

Calling finish() at end of Run #80...

Preparing for running configuration MonetecFocusedSmallR, run #81...
Scenario: $r=1, $rho=0.140, $repetition=0
Assigned runID=MonetecFocusedSmallR-81-20260930-07:06:04-58
Setting up network "dect2020scheduledaccess.DectScheduledAccessNetwork"...
Initializing...

Running simulation...
** Event #0   t=0   Elapsed: 1.7e-05s (0m 00s)
     Speed:     ev/sec=0   simsec/sec=0   ev/simsec=0
     Messages:  created: 2   present: 2   in FES: 2
** Event #171601   t=307.793533862303   Elapsed: 0.013353s (0m 00s)
     Speed:     ev/sec=1.28675e+07   simsec/sec=23079.9   ev/simsec=557.52
     Messages:  created: 2   present: 2   in FES: 1

<!> Simulation stopped with endSimulation() -- in module (ScheduledAccessQueue) DectScheduledAccessNetwork.queue (id=2), at t=307.793533862303s, event #171601

Calling finish() at end of Run #81...

Preparing for running configuration MonetecFocusedSmallR, run #82...
Scenario: $r=1, $rho=0.140, $repetition=1
Assigned runID=MonetecFocusedSmallR-82-20260930-07:06:04-58
Setting up network "dect2020scheduledaccess.DectScheduledAccessNetwork"...
Initializing...

Running simulation...
** Event #0   t=0   Elapsed: 1.5e-05s (0m 00s)
     Speed:     ev/sec=0   simsec/sec=0   ev/simsec=0
     Messages:  created: 2   present: 2   in FES: 2
** Event #172023   t=309.291230557456   Elapsed: 0.013118s (0m 00s)
     Speed:     ev/sec=1.31285e+07   simsec/sec=23604.6   ev/simsec=556.185
     Messages:  created: 2   present: 2   in FES: 1

<!> Simulation stopped with endSimulation() -- in module (ScheduledAccessQueue) DectScheduledAccessNetwork.queue (id=2), at t=309.291230557456s, event #172023

Calling finish() at end of Run #82...

Preparing for running configuration MonetecFocusedSmallR, run #83...
Scenario: $r=1, $rho=0.140, $repetition=2
Assigned runID=MonetecFocusedSmallR-83-20260930-07:06:04-58
Setting up network "dect2020scheduledaccess.DectScheduledAccessNetwork"...
Initializing...

Running simulation...
** Event #0   t=0   Elapsed: 1.5e-05s (0m 00s)
     Speed:     ev/sec=0   simsec/sec=0   ev/simsec=0
     Messages:  created: 2   present: 2   in FES: 2
** Event #171903   t=308.814706038885   Elapsed: 0.013149s (0m 00s)
     Speed:     ev/sec=1.30884e+07   simsec/sec=23512.6   ev/simsec=556.655
     Messages:  created: 2   present: 2   in FES: 1

<!> Simulation stopped with endSimulation() -- in module (ScheduledAccessQueue) DectScheduledAccessNetwork.queue (id=2), at t=308.814706038885s, event #171903

Calling finish() at end of Run #83...

Preparing for running configuration MonetecFocusedSmallR, run #84...
Scenario: $r=1, $rho=0.145, $repetition=0
Assigned runID=MonetecFocusedSmallR-84-20260930-07:06:04-58
Setting up network "dect2020scheduledaccess.DectScheduledAccessNetwork"...
Initializing...

Running simulation...
** Event #0   t=0   Elapsed: 1.8e-05s (0m 00s)
     Speed:     ev/sec=0   simsec/sec=0   ev/simsec=0
     Messages:  created: 2   present: 2   in FES: 2
** Event #174472   t=306.071582788545   Elapsed: 0.013401s (0m 00s)
     Speed:     ev/sec=1.30368e+07   simsec/sec=22870.2   ev/simsec=570.037
     Messages:  created: 2   present: 2   in FES: 1

<!> Simulation stopped with endSimulation() -- in module (ScheduledAccessQueue) DectScheduledAccessNetwork.queue (id=2), at t=306.071582788545s, event #174472

Calling finish() at end of Run #84...

Preparing for running configuration MonetecFocusedSmallR, run #85...
Scenario: $r=1, $rho=0.145, $repetition=1
Assigned runID=MonetecFocusedSmallR-85-20260930-07:06:04-58
Setting up network "dect2020scheduledaccess.DectScheduledAccessNetwork"...
Initializing...

Running simulation...
** Event #0   t=0   Elapsed: 1.3e-05s (0m 00s)
     Speed:     ev/sec=0   simsec/sec=0   ev/simsec=0
     Messages:  created: 2   present: 2   in FES: 2
** Event #174357   t=305.779385560298   Elapsed: 0.013167s (0m 00s)
     Speed:     ev/sec=1.32551e+07   simsec/sec=23246.1   ev/simsec=570.205
     Messages:  created: 2   present: 2   in FES: 1

<!> Simulation stopped with endSimulation() -- in module (ScheduledAccessQueue) DectScheduledAccessNetwork.queue (id=2), at t=305.779385560298s, event #174357

Calling finish() at end of Run #85...

Preparing for running configuration MonetecFocusedSmallR, run #86...
Scenario: $r=1, $rho=0.145, $repetition=2
Assigned runID=MonetecFocusedSmallR-86-20260930-07:06:04-58
Setting up network "dect2020scheduledaccess.DectScheduledAccessNetwork"...
Initializing...

Running simulation...
** Event #0   t=0   Elapsed: 1.8e-05s (0m 00s)
     Speed:     ev/sec=0   simsec/sec=0   ev/simsec=0
     Messages:  created: 2   present: 2   in FES: 2
** Event #174308   t=306.413163562141   Elapsed: 0.013385s (0m 00s)
     Speed:     ev/sec=1.30402e+07   simsec/sec=22923.1   ev/simsec=568.866
     Messages:  created: 2   present: 2   in FES: 1

<!> Simulation stopped with endSimulation() -- in module (ScheduledAccessQueue) DectScheduledAccessNetwork.queue (id=2), at t=306.413163562141s, event #174308

Calling finish() at end of Run #86...

Preparing for running configuration MonetecFocusedSmallR, run #87...
Scenario: $r=1, $rho=0.150, $repetition=0
Assigned runID=MonetecFocusedSmallR-87-20260930-07:06:04-58
Setting up network "dect2020scheduledaccess.DectScheduledAccessNetwork"...
Initializing...

Running simulation...
** Event #0   t=0   Elapsed: 1.2e-05s (0m 00s)
     Speed:     ev/sec=0   simsec/sec=0   ev/simsec=0
     Messages:  created: 2   present: 2   in FES: 2
** Event #177158   t=303.952792507158   Elapsed: 0.013552s (0m 00s)
     Speed:     ev/sec=1.3085e+07   simsec/sec=22450.2   ev/simsec=582.847
     Messages:  created: 2   present: 2   in FES: 1

<!> Simulation stopped with endSimulation() -- in module (ScheduledAccessQueue) DectScheduledAccessNetwork.queue (id=2), at t=303.952792507158s, event #177158

Calling finish() at end of Run #87...

Preparing for running configuration MonetecFocusedSmallR, run #88...
Scenario: $r=1, $rho=0.150, $repetition=1
Assigned runID=MonetecFocusedSmallR-88-20260930-07:06:04-58
Setting up network "dect2020scheduledaccess.DectScheduledAccessNetwork"...
Initializing...

Running simulation...
** Event #0   t=0   Elapsed: 2e-06s (0m 00s)
     Speed:     ev/sec=0   simsec/sec=0   ev/simsec=0
     Messages:  created: 2   present: 2   in FES: 2
** Event #177259   t=304.784532538302   Elapsed: 0.013354s (0m 00s)
     Speed:     ev/sec=1.32758e+07   simsec/sec=22826.9   ev/simsec=581.588
     Messages:  created: 2   present: 2   in FES: 1

<!> Simulation stopped with endSimulation() -- in module (ScheduledAccessQueue) DectScheduledAccessNetwork.queue (id=2), at t=304.784532538302s, event #177259

Calling finish() at end of Run #88...

Preparing for running configuration MonetecFocusedSmallR, run #89...
Scenario: $r=1, $rho=0.150, $repetition=2
Assigned runID=MonetecFocusedSmallR-89-20260930-07:06:04-58
Setting up network "dect2020scheduledaccess.DectScheduledAccessNetwork"...
Initializing...

Running simulation...
** Event #0   t=0   Elapsed: 3e-06s (0m 00s)
     Speed:     ev/sec=0   simsec/sec=0   ev/simsec=0
     Messages:  created: 2   present: 2   in FES: 2
** Event #176911   t=304.539198547999   Elapsed: 0.013351s (0m 00s)
     Speed:     ev/sec=1.32537e+07   simsec/sec=22815.2   ev/simsec=580.919
     Messages:  created: 2   present: 2   in FES: 1

<!> Simulation stopped with endSimulation() -- in module (ScheduledAccessQueue) DectScheduledAccessNetwork.queue (id=2), at t=304.539198547999s, event #176911

Calling finish() at end of Run #89...

Preparing for running configuration MonetecFocusedSmallR, run #90...
Scenario: $r=1, $rho=0.155, $repetition=0
Assigned runID=MonetecFocusedSmallR-90-20260930-07:06:04-58
Setting up network "dect2020scheduledaccess.DectScheduledAccessNetwork"...
Initializing...

Running simulation...
** Event #0   t=0   Elapsed: 1.4e-05s (0m 00s)
     Speed:     ev/sec=0   simsec/sec=0   ev/simsec=0
     Messages:  created: 2   present: 2   in FES: 2
** Event #179739   t=301.71882121936   Elapsed: 0.013816s (0m 00s)
     Speed:     ev/sec=1.30227e+07   simsec/sec=21860.5   ev/simsec=595.717
     Messages:  created: 2   present: 2   in FES: 1

<!> Simulation stopped with endSimulation() -- in module (ScheduledAccessQueue) DectScheduledAccessNetwork.queue (id=2), at t=301.71882121936s, event #179739

Calling finish() at end of Run #90...

Preparing for running configuration MonetecFocusedSmallR, run #91...
Scenario: $r=1, $rho=0.155, $repetition=1
Assigned runID=MonetecFocusedSmallR-91-20260930-07:06:04-58
Setting up network "dect2020scheduledaccess.DectScheduledAccessNetwork"...
Initializing...

Running simulation...
** Event #0   t=0   Elapsed: 1.7e-05s (0m 00s)
     Speed:     ev/sec=0   simsec/sec=0   ev/simsec=0
     Messages:  created: 2   present: 2   in FES: 2
** Event #179566   t=302.516819305141   Elapsed: 0.013925s (0m 00s)
     Speed:     ev/sec=1.2911e+07   simsec/sec=21751.2   ev/simsec=593.574
     Messages:  created: 2   present: 2   in FES: 1

<!> Simulation stopped with endSimulation() -- in module (ScheduledAccessQueue) DectScheduledAccessNetwork.queue (id=2), at t=302.516819305141s, event #179566

Calling finish() at end of Run #91...

Preparing for running configuration MonetecFocusedSmallR, run #92...
Scenario: $r=1, $rho=0.155, $repetition=2
Assigned runID=MonetecFocusedSmallR-92-20260930-07:06:04-58
Setting up network "dect2020scheduledaccess.DectScheduledAccessNetwork"...
Initializing...

Running simulation...
** Event #0   t=0   Elapsed: 1.3e-05s (0m 00s)
     Speed:     ev/sec=0   simsec/sec=0   ev/simsec=0
     Messages:  created: 2   present: 2   in FES: 2
** Event #179561   t=302.270000282527   Elapsed: 0.013638s (0m 00s)
     Speed:     ev/sec=1.31778e+07   simsec/sec=22183.3   ev/simsec=594.043
     Messages:  created: 2   present: 2   in FES: 1

<!> Simulation stopped with endSimulation() -- in module (ScheduledAccessQueue) DectScheduledAccessNetwork.queue (id=2), at t=302.270000282527s, event #179561

Calling finish() at end of Run #92...

Preparing for running configuration MonetecFocusedSmallR, run #93...
Scenario: $r=1, $rho=0.160, $repetition=0
Assigned runID=MonetecFocusedSmallR-93-20260930-07:06:04-58
Setting up network "dect2020scheduledaccess.DectScheduledAccessNetwork"...
Initializing...

Running simulation...
** Event #0   t=0   Elapsed: 2e-06s (0m 00s)
     Speed:     ev/sec=0   simsec/sec=0   ev/simsec=0
     Messages:  created: 2   present: 2   in FES: 2
** Event #181893   t=298.795239591038   Elapsed: 0.013999s (0m 00s)
     Speed:     ev/sec=1.29951e+07   simsec/sec=21347.1   ev/simsec=608.755
     Messages:  created: 2   present: 2   in FES: 1

<!> Simulation stopped with endSimulation() -- in module (ScheduledAccessQueue) DectScheduledAccessNetwork.queue (id=2), at t=298.795239591038s, event #181893

Calling finish() at end of Run #93...

Preparing for running configuration MonetecFocusedSmallR, run #94...
Scenario: $r=1, $rho=0.160, $repetition=1
Assigned runID=MonetecFocusedSmallR-94-20260930-07:06:04-58
Setting up network "dect2020scheduledaccess.DectScheduledAccessNetwork"...
Initializing...

Running simulation...
** Event #0   t=0   Elapsed: 2e-06s (0m 00s)
     Speed:     ev/sec=0   simsec/sec=0   ev/simsec=0
     Messages:  created: 2   present: 2   in FES: 2
** Event #182086   t=299.502680591411   Elapsed: 0.013912s (0m 00s)
     Speed:     ev/sec=1.30903e+07   simsec/sec=21531.5   ev/simsec=607.961
     Messages:  created: 2   present: 2   in FES: 1

<!> Simulation stopped with endSimulation() -- in module (ScheduledAccessQueue) DectScheduledAccessNetwork.queue (id=2), at t=299.502680591411s, event #182086

Calling finish() at end of Run #94...

Preparing for running configuration MonetecFocusedSmallR, run #95...
Scenario: $r=1, $rho=0.160, $repetition=2
Assigned runID=MonetecFocusedSmallR-95-20260930-07:06:04-58
Setting up network "dect2020scheduledaccess.DectScheduledAccessNetwork"...
Initializing...

Running simulation...
** Event #0   t=0   Elapsed: 3.1e-05s (0m 00s)
     Speed:     ev/sec=0   simsec/sec=0   ev/simsec=0
     Messages:  created: 2   present: 2   in FES: 2
** Event #182024   t=299.96739511063   Elapsed: 0.014043s (0m 00s)
     Speed:     ev/sec=1.29906e+07   simsec/sec=21407.9   ev/simsec=606.813
     Messages:  created: 2   present: 2   in FES: 1

<!> Simulation stopped with endSimulation() -- in module (ScheduledAccessQueue) DectScheduledAccessNetwork.queue (id=2), at t=299.96739511063s, event #182024

Calling finish() at end of Run #95...

Preparing for running configuration MonetecFocusedSmallR, run #96...
Scenario: $r=1, $rho=0.165, $repetition=0
Assigned runID=MonetecFocusedSmallR-96-20260930-07:06:04-58
Setting up network "dect2020scheduledaccess.DectScheduledAccessNetwork"...
Initializing...

Running simulation...
** Event #0   t=0   Elapsed: 2e-06s (0m 00s)
     Speed:     ev/sec=0   simsec/sec=0   ev/simsec=0
     Messages:  created: 2   present: 2   in FES: 2
** Event #184965   t=297.822418661415   Elapsed: 0.014111s (0m 00s)
     Speed:     ev/sec=1.31106e+07   simsec/sec=21110.1   ev/simsec=621.059
     Messages:  created: 2   present: 2   in FES: 1

<!> Simulation stopped with endSimulation() -- in module (ScheduledAccessQueue) DectScheduledAccessNetwork.queue (id=2), at t=297.822418661415s, event #184965

Calling finish() at end of Run #96...

Preparing for running configuration MonetecFocusedSmallR, run #97...
Scenario: $r=1, $rho=0.165, $repetition=1
Assigned runID=MonetecFocusedSmallR-97-20260930-07:06:04-58
Setting up network "dect2020scheduledaccess.DectScheduledAccessNetwork"...
Initializing...

Running simulation...
** Event #0   t=0   Elapsed: 3e-06s (0m 00s)
     Speed:     ev/sec=0   simsec/sec=0   ev/simsec=0
     Messages:  created: 2   present: 2   in FES: 2
** Event #184554   t=297.737947145999   Elapsed: 0.014527s (0m 00s)
     Speed:     ev/sec=1.27077e+07   simsec/sec=20501.1   ev/simsec=619.854
     Messages:  created: 2   present: 2   in FES: 1

<!> Simulation stopped with endSimulation() -- in module (ScheduledAccessQueue) DectScheduledAccessNetwork.queue (id=2), at t=297.737947145999s, event #184554

Calling finish() at end of Run #97...

Preparing for running configuration MonetecFocusedSmallR, run #98...
Scenario: $r=1, $rho=0.165, $repetition=2
Assigned runID=MonetecFocusedSmallR-98-20260930-07:06:04-58
Setting up network "dect2020scheduledaccess.DectScheduledAccessNetwork"...
Initializing...

Running simulation...
** Event #0   t=0   Elapsed: 3e-06s (0m 00s)
     Speed:     ev/sec=0   simsec/sec=0   ev/simsec=0
     Messages:  created: 2   present: 2   in FES: 2
** Event #185004   t=298.664103546267   Elapsed: 0.014045s (0m 00s)
     Speed:     ev/sec=1.3175e+07   simsec/sec=21269.3   ev/simsec=619.44
     Messages:  created: 2   present: 2   in FES: 1

<!> Simulation stopped with endSimulation() -- in module (ScheduledAccessQueue) DectScheduledAccessNetwork.queue (id=2), at t=298.664103546267s, event #185004

Calling finish() at end of Run #98...

Preparing for running configuration MonetecFocusedSmallR, run #99...
Scenario: $r=1, $rho=0.170, $repetition=0
Assigned runID=MonetecFocusedSmallR-99-20260930-07:06:04-58
Setting up network "dect2020scheduledaccess.DectScheduledAccessNetwork"...
Initializing...

Running simulation...
** Event #0   t=0   Elapsed: 3e-06s (0m 00s)
     Speed:     ev/sec=0   simsec/sec=0   ev/simsec=0
     Messages:  created: 2   present: 2   in FES: 2
** Event #187792   t=296.943422171256   Elapsed: 0.014271s (0m 00s)
     Speed:     ev/sec=1.31618e+07   simsec/sec=20811.8   ev/simsec=632.417
     Messages:  created: 2   present: 2   in FES: 1

<!> Simulation stopped with endSimulation() -- in module (ScheduledAccessQueue) DectScheduledAccessNetwork.queue (id=2), at t=296.943422171256s, event #187792

Calling finish() at end of Run #99...

Preparing for running configuration MonetecFocusedSmallR, run #100...
Scenario: $r=1, $rho=0.170, $repetition=1
Assigned runID=MonetecFocusedSmallR-100-20260930-07:06:04-58
Setting up network "dect2020scheduledaccess.DectScheduledAccessNetwork"...
Initializing...

Running simulation...
** Event #0   t=0   Elapsed: 3e-06s (0m 00s)
     Speed:     ev/sec=0   simsec/sec=0   ev/simsec=0
     Messages:  created: 2   present: 2   in FES: 2
** Event #187648   t=296.217061038975   Elapsed: 0.014245s (0m 00s)
     Speed:     ev/sec=1.31757e+07   simsec/sec=20798.8   ev/simsec=633.482
     Messages:  created: 2   present: 2   in FES: 1

<!> Simulation stopped with endSimulation() -- in module (ScheduledAccessQueue) DectScheduledAccessNetwork.queue (id=2), at t=296.217061038975s, event #187648

Calling finish() at end of Run #100...

Preparing for running configuration MonetecFocusedSmallR, run #101...
Scenario: $r=1, $rho=0.170, $repetition=2
Assigned runID=MonetecFocusedSmallR-101-20260930-07:06:04-58
Setting up network "dect2020scheduledaccess.DectScheduledAccessNetwork"...
Initializing...

Running simulation...
** Event #0   t=0   Elapsed: 1.3e-05s (0m 00s)
     Speed:     ev/sec=0   simsec/sec=0   ev/simsec=0
     Messages:  created: 2   present: 2   in FES: 2
** Event #187156   t=296.018190272598   Elapsed: 0.014334s (0m 00s)
     Speed:     ev/sec=1.30696e+07   simsec/sec=20671.6   ev/simsec=632.246
     Messages:  created: 2   present: 2   in FES: 1

<!> Simulation stopped with endSimulation() -- in module (ScheduledAccessQueue) DectScheduledAccessNetwork.queue (id=2), at t=296.018190272598s, event #187156

Calling finish() at end of Run #101...

Preparing for running configuration MonetecFocusedSmallR, run #102...
Scenario: $r=1, $rho=0.175, $repetition=0
Assigned runID=MonetecFocusedSmallR-102-20260930-07:06:04-58
Setting up network "dect2020scheduledaccess.DectScheduledAccessNetwork"...
Initializing...

Running simulation...
** Event #0   t=0   Elapsed: 1.2e-05s (0m 00s)
     Speed:     ev/sec=0   simsec/sec=0   ev/simsec=0
     Messages:  created: 2   present: 2   in FES: 2
** Event #190720   t=295.273001105253   Elapsed: 0.014561s (0m 00s)
     Speed:     ev/sec=1.31079e+07   simsec/sec=20293.6   ev/simsec=645.915
     Messages:  created: 2   present: 2   in FES: 1

<!> Simulation stopped with endSimulation() -- in module (ScheduledAccessQueue) DectScheduledAccessNetwork.queue (id=2), at t=295.273001105253s, event #190720

Calling finish() at end of Run #102...

Preparing for running configuration MonetecFocusedSmallR, run #103...
Scenario: $r=1, $rho=0.175, $repetition=1
Assigned runID=MonetecFocusedSmallR-103-20260930-07:06:04-58
Setting up network "dect2020scheduledaccess.DectScheduledAccessNetwork"...
Initializing...

Running simulation...
** Event #0   t=0   Elapsed: 2e-06s (0m 00s)
     Speed:     ev/sec=0   simsec/sec=0   ev/simsec=0
     Messages:  created: 2   present: 2   in FES: 2
** Event #190187   t=294.54798707329   Elapsed: 0.01454s (0m 00s)
     Speed:     ev/sec=1.30821e+07   simsec/sec=20260.6   ev/simsec=645.691
     Messages:  created: 2   present: 2   in FES: 1

<!> Simulation stopped with endSimulation() -- in module (ScheduledAccessQueue) DectScheduledAccessNetwork.queue (id=2), at t=294.54798707329s, event #190187

Calling finish() at end of Run #103...

Preparing for running configuration MonetecFocusedSmallR, run #104...
Scenario: $r=1, $rho=0.175, $repetition=2
Assigned runID=MonetecFocusedSmallR-104-20260930-07:06:04-58
Setting up network "dect2020scheduledaccess.DectScheduledAccessNetwork"...
Initializing...

Running simulation...
** Event #0   t=0   Elapsed: 1.7e-05s (0m 00s)
     Speed:     ev/sec=0   simsec/sec=0   ev/simsec=0
     Messages:  created: 2   present: 2   in FES: 2
** Event #190075   t=294.751393447872   Elapsed: 0.014529s (0m 00s)
     Speed:     ev/sec=1.30978e+07   simsec/sec=20310.9   ev/simsec=644.866
     Messages:  created: 2   present: 2   in FES: 1

<!> Simulation stopped with endSimulation() -- in module (ScheduledAccessQueue) DectScheduledAccessNetwork.queue (id=2), at t=294.751393447872s, event #190075

Calling finish() at end of Run #104...

Preparing for running configuration MonetecFocusedSmallR, run #105...
Scenario: $r=1, $rho=0.180, $repetition=0
Assigned runID=MonetecFocusedSmallR-105-20260930-07:06:04-58
Setting up network "dect2020scheduledaccess.DectScheduledAccessNetwork"...
Initializing...

Running simulation...
** Event #0   t=0   Elapsed: 2e-06s (0m 00s)
     Speed:     ev/sec=0   simsec/sec=0   ev/simsec=0
     Messages:  created: 2   present: 2   in FES: 2
** Event #193454   t=293.937220032262   Elapsed: 0.014705s (0m 00s)
     Speed:     ev/sec=1.31566e+07   simsec/sec=19990.3   ev/simsec=658.148
     Messages:  created: 2   present: 2   in FES: 1

<!> Simulation stopped with endSimulation() -- in module (ScheduledAccessQueue) DectScheduledAccessNetwork.queue (id=2), at t=293.937220032262s, event #193454

Calling finish() at end of Run #105...

Preparing for running configuration MonetecFocusedSmallR, run #106...
Scenario: $r=1, $rho=0.180, $repetition=1
Assigned runID=MonetecFocusedSmallR-106-20260930-07:06:04-58
Setting up network "dect2020scheduledaccess.DectScheduledAccessNetwork"...
Initializing...

Running simulation...
** Event #0   t=0   Elapsed: 2e-06s (0m 00s)
     Speed:     ev/sec=0   simsec/sec=0   ev/simsec=0
     Messages:  created: 2   present: 2   in FES: 2
** Event #193553   t=294.094404172509   Elapsed: 0.014776s (0m 00s)
     Speed:     ev/sec=1.31009e+07   simsec/sec=19906.2   ev/simsec=658.132
     Messages:  created: 2   present: 2   in FES: 1

<!> Simulation stopped with endSimulation() -- in module (ScheduledAccessQueue) DectScheduledAccessNetwork.queue (id=2), at t=294.094404172509s, event #193553

Calling finish() at end of Run #106...

Preparing for running configuration MonetecFocusedSmallR, run #107...
Scenario: $r=1, $rho=0.180, $repetition=2
Assigned runID=MonetecFocusedSmallR-107-20260930-07:06:04-58
Setting up network "dect2020scheduledaccess.DectScheduledAccessNetwork"...
Initializing...

Running simulation...
** Event #0   t=0   Elapsed: 1.2e-05s (0m 00s)
     Speed:     ev/sec=0   simsec/sec=0   ev/simsec=0
     Messages:  created: 2   present: 2   in FES: 2
** Event #192854   t=293.383994213216   Elapsed: 0.014592s (0m 00s)
     Speed:     ev/sec=1.32273e+07   simsec/sec=20122.4   ev/simsec=657.344
     Messages:  created: 2   present: 2   in FES: 1

<!> Simulation stopped with endSimulation() -- in module (ScheduledAccessQueue) DectScheduledAccessNetwork.queue (id=2), at t=293.383994213216s, event #192854

Calling finish() at end of Run #107...

Preparing for running configuration MonetecFocusedSmallR, run #108...
Scenario: $r=1, $rho=0.185, $repetition=0
Assigned runID=MonetecFocusedSmallR-108-20260930-07:06:04-58
Setting up network "dect2020scheduledaccess.DectScheduledAccessNetwork"...
Initializing...

Running simulation...
** Event #0   t=0   Elapsed: 2e-06s (0m 00s)
     Speed:     ev/sec=0   simsec/sec=0   ev/simsec=0
     Messages:  created: 2   present: 2   in FES: 2
** Event #195587   t=291.531704374864   Elapsed: 0.014783s (0m 00s)
     Speed:     ev/sec=1.32323e+07   simsec/sec=19723.4   ev/simsec=670.895
     Messages:  created: 2   present: 2   in FES: 1

<!> Simulation stopped with endSimulation() -- in module (ScheduledAccessQueue) DectScheduledAccessNetwork.queue (id=2), at t=291.531704374864s, event #195587

Calling finish() at end of Run #108...

Preparing for running configuration MonetecFocusedSmallR, run #109...
Scenario: $r=1, $rho=0.185, $repetition=1
Assigned runID=MonetecFocusedSmallR-109-20260930-07:06:04-58
Setting up network "dect2020scheduledaccess.DectScheduledAccessNetwork"...
Initializing...

Running simulation...
** Event #0   t=0   Elapsed: 1.1e-05s (0m 00s)
     Speed:     ev/sec=0   simsec/sec=0   ev/simsec=0
     Messages:  created: 2   present: 2   in FES: 2
** Event #195740   t=292.19384404462   Elapsed: 0.014759s (0m 00s)
     Speed:     ev/sec=1.32723e+07   simsec/sec=19812.4   ev/simsec=669.898
     Messages:  created: 2   present: 2   in FES: 1

<!> Simulation stopped with endSimulation() -- in module (ScheduledAccessQueue) DectScheduledAccessNetwork.queue (id=2), at t=292.19384404462s, event #195740

Calling finish() at end of Run #109...

Preparing for running configuration MonetecFocusedSmallR, run #110...
Scenario: $r=1, $rho=0.185, $repetition=2
Assigned runID=MonetecFocusedSmallR-110-20260930-07:06:04-58
Setting up network "dect2020scheduledaccess.DectScheduledAccessNetwork"...
Initializing...

Running simulation...
** Event #0   t=0   Elapsed: 3e-06s (0m 00s)
     Speed:     ev/sec=0   simsec/sec=0   ev/simsec=0
     Messages:  created: 2   present: 2   in FES: 2
** Event #195763   t=291.908615036134   Elapsed: 0.014842s (0m 00s)
     Speed:     ev/sec=1.31925e+07   simsec/sec=19671.7   ev/simsec=670.633
     Messages:  created: 2   present: 2   in FES: 1

<!> Simulation stopped with endSimulation() -- in module (ScheduledAccessQueue) DectScheduledAccessNetwork.queue (id=2), at t=291.908615036134s, event #195763

Calling finish() at end of Run #110...

Preparing for running configuration MonetecFocusedSmallR, run #111...
Scenario: $r=1, $rho=0.190, $repetition=0
Assigned runID=MonetecFocusedSmallR-111-20260930-07:06:04-58
Setting up network "dect2020scheduledaccess.DectScheduledAccessNetwork"...
Initializing...

Running simulation...
** Event #0   t=0   Elapsed: 5.1e-05s (0m 00s)
     Speed:     ev/sec=0   simsec/sec=0   ev/simsec=0
     Messages:  created: 2   present: 2   in FES: 2
** Event #198875   t=290.835637486038   Elapsed: 0.015007s (0m 00s)
     Speed:     ev/sec=1.32982e+07   simsec/sec=19447.4   ev/simsec=683.806
     Messages:  created: 2   present: 2   in FES: 1

<!> Simulation stopped with endSimulation() -- in module (ScheduledAccessQueue) DectScheduledAccessNetwork.queue (id=2), at t=290.835637486038s, event #198875

Calling finish() at end of Run #111...

Preparing for running configuration MonetecFocusedSmallR, run #112...
Scenario: $r=1, $rho=0.190, $repetition=1
Assigned runID=MonetecFocusedSmallR-112-20260930-07:06:04-58
Setting up network "dect2020scheduledaccess.DectScheduledAccessNetwork"...
Initializing...

Running simulation...
** Event #0   t=0   Elapsed: 1.3e-05s (0m 00s)
     Speed:     ev/sec=0   simsec/sec=0   ev/simsec=0
     Messages:  created: 2   present: 2   in FES: 2
** Event #198586   t=290.621651555786   Elapsed: 0.015072s (0m 00s)
     Speed:     ev/sec=1.31872e+07   simsec/sec=19298.9   ev/simsec=683.315
     Messages:  created: 2   present: 2   in FES: 1

<!> Simulation stopped with endSimulation() -- in module (ScheduledAccessQueue) DectScheduledAccessNetwork.queue (id=2), at t=290.621651555786s, event #198586

Calling finish() at end of Run #112...

Preparing for running configuration MonetecFocusedSmallR, run #113...
Scenario: $r=1, $rho=0.190, $repetition=2
Assigned runID=MonetecFocusedSmallR-113-20260930-07:06:04-58
Setting up network "dect2020scheduledaccess.DectScheduledAccessNetwork"...
Initializing...

Running simulation...
** Event #0   t=0   Elapsed: 1.3e-05s (0m 00s)
     Speed:     ev/sec=0   simsec/sec=0   ev/simsec=0
     Messages:  created: 2   present: 2   in FES: 2
** Event #198438   t=290.57156607414   Elapsed: 0.015312s (0m 00s)
     Speed:     ev/sec=1.29707e+07   simsec/sec=18992.8   ev/simsec=682.925
     Messages:  created: 2   present: 2   in FES: 1

<!> Simulation stopped with endSimulation() -- in module (ScheduledAccessQueue) DectScheduledAccessNetwork.queue (id=2), at t=290.57156607414s, event #198438

Calling finish() at end of Run #113...

Preparing for running configuration MonetecFocusedSmallR, run #114...
Scenario: $r=1, $rho=0.195, $repetition=0
Assigned runID=MonetecFocusedSmallR-114-20260930-07:06:04-58
Setting up network "dect2020scheduledaccess.DectScheduledAccessNetwork"...
Initializing...

Running simulation...
** Event #0   t=0   Elapsed: 2.9e-05s (0m 00s)
     Speed:     ev/sec=0   simsec/sec=0   ev/simsec=0
     Messages:  created: 2   present: 2   in FES: 2
** Event #201749   t=289.636574085762   Elapsed: 0.015267s (0m 00s)
     Speed:     ev/sec=1.3239e+07   simsec/sec=19006.2   ev/simsec=696.56
     Messages:  created: 2   present: 2   in FES: 1

<!> Simulation stopped with endSimulation() -- in module (ScheduledAccessQueue) DectScheduledAccessNetwork.queue (id=2), at t=289.636574085762s, event #201749

Calling finish() at end of Run #114...

Preparing for running configuration MonetecFocusedSmallR, run #115...
Scenario: $r=1, $rho=0.195, $repetition=1
Assigned runID=MonetecFocusedSmallR-115-20260930-07:06:04-58
Setting up network "dect2020scheduledaccess.DectScheduledAccessNetwork"...
Initializing...

Running simulation...
** Event #0   t=0   Elapsed: 2e-06s (0m 00s)
     Speed:     ev/sec=0   simsec/sec=0   ev/simsec=0
     Messages:  created: 2   present: 2   in FES: 2
** Event #201309   t=288.929413147106   Elapsed: 0.015155s (0m 00s)
     Speed:     ev/sec=1.32851e+07   simsec/sec=19067.5   ev/simsec=696.742
     Messages:  created: 2   present: 2   in FES: 1

<!> Simulation stopped with endSimulation() -- in module (ScheduledAccessQueue) DectScheduledAccessNetwork.queue (id=2), at t=288.929413147106s, event #201309

Calling finish() at end of Run #115...

Preparing for running configuration MonetecFocusedSmallR, run #116...
Scenario: $r=1, $rho=0.195, $repetition=2
Assigned runID=MonetecFocusedSmallR-116-20260930-07:06:04-58
Setting up network "dect2020scheduledaccess.DectScheduledAccessNetwork"...
Initializing...

Running simulation...
** Event #0   t=0   Elapsed: 1.1e-05s (0m 00s)
     Speed:     ev/sec=0   simsec/sec=0   ev/simsec=0
     Messages:  created: 2   present: 2   in FES: 2
** Event #201213   t=289.130747714082   Elapsed: 0.015275s (0m 00s)
     Speed:     ev/sec=1.31822e+07   simsec/sec=18942   ev/simsec=695.925
     Messages:  created: 2   present: 2   in FES: 1

<!> Simulation stopped with endSimulation() -- in module (ScheduledAccessQueue) DectScheduledAccessNetwork.queue (id=2), at t=289.130747714082s, event #201213

Calling finish() at end of Run #116...

Preparing for running configuration MonetecFocusedSmallR, run #117...
Scenario: $r=1, $rho=0.200, $repetition=0
Assigned runID=MonetecFocusedSmallR-117-20260930-07:06:04-58
Setting up network "dect2020scheduledaccess.DectScheduledAccessNetwork"...
Initializing...

Running simulation...
** Event #0   t=0   Elapsed: 1.6e-05s (0m 00s)
     Speed:     ev/sec=0   simsec/sec=0   ev/simsec=0
     Messages:  created: 2   present: 2   in FES: 2
** Event #203817   t=287.537370216915   Elapsed: 0.015443s (0m 00s)
     Speed:     ev/sec=1.32117e+07   simsec/sec=18638.5   ev/simsec=708.838
     Messages:  created: 2   present: 2   in FES: 1

<!> Simulation stopped with endSimulation() -- in module (ScheduledAccessQueue) DectScheduledAccessNetwork.queue (id=2), at t=287.537370216915s, event #203817

Calling finish() at end of Run #117...

Preparing for running configuration MonetecFocusedSmallR, run #118...
Scenario: $r=1, $rho=0.200, $repetition=1
Assigned runID=MonetecFocusedSmallR-118-20260930-07:06:04-58
Setting up network "dect2020scheduledaccess.DectScheduledAccessNetwork"...
Initializing...

Running simulation...
** Event #0   t=0   Elapsed: 1.8e-05s (0m 00s)
     Speed:     ev/sec=0   simsec/sec=0   ev/simsec=0
     Messages:  created: 2   present: 2   in FES: 2
** Event #203935   t=287.60323018678   Elapsed: 0.015548s (0m 00s)
     Speed:     ev/sec=1.31317e+07   simsec/sec=18519.2   ev/simsec=709.086
     Messages:  created: 2   present: 2   in FES: 1

<!> Simulation stopped with endSimulation() -- in module (ScheduledAccessQueue) DectScheduledAccessNetwork.queue (id=2), at t=287.60323018678s, event #203935

Calling finish() at end of Run #118...

Preparing for running configuration MonetecFocusedSmallR, run #119...
Scenario: $r=1, $rho=0.200, $repetition=2
Assigned runID=MonetecFocusedSmallR-119-20260930-07:06:04-58
Setting up network "dect2020scheduledaccess.DectScheduledAccessNetwork"...
Initializing...

Running simulation...
** Event #0   t=0   Elapsed: 1.8e-05s (0m 00s)
     Speed:     ev/sec=0   simsec/sec=0   ev/simsec=0
     Messages:  created: 2   present: 2   in FES: 2
** Event #204170   t=288.245340564661   Elapsed: 0.015626s (0m 00s)
     Speed:     ev/sec=1.30811e+07   simsec/sec=18467.8   ev/simsec=708.322
     Messages:  created: 2   present: 2   in FES: 1

<!> Simulation stopped with endSimulation() -- in module (ScheduledAccessQueue) DectScheduledAccessNetwork.queue (id=2), at t=288.245340564661s, event #204170

Calling finish() at end of Run #119...

Preparing for running configuration MonetecFocusedSmallR, run #120...
Scenario: $r=1, $rho=0.205, $repetition=0
Assigned runID=MonetecFocusedSmallR-120-20260930-07:06:04-58
Setting up network "dect2020scheduledaccess.DectScheduledAccessNetwork"...
Initializing...

Running simulation...
** Event #0   t=0   Elapsed: 1.3e-05s (0m 00s)
     Speed:     ev/sec=0   simsec/sec=0   ev/simsec=0
     Messages:  created: 2   present: 2   in FES: 2
** Event #206559   t=286.136082018171   Elapsed: 0.015715s (0m 00s)
     Speed:     ev/sec=1.31549e+07   simsec/sec=18222.9   ev/simsec=721.891
     Messages:  created: 2   present: 2   in FES: 1

<!> Simulation stopped with endSimulation() -- in module (ScheduledAccessQueue) DectScheduledAccessNetwork.queue (id=2), at t=286.136082018171s, event #206559

Calling finish() at end of Run #120...

Preparing for running configuration MonetecFocusedSmallR, run #121...
Scenario: $r=1, $rho=0.205, $repetition=1
Assigned runID=MonetecFocusedSmallR-121-20260930-07:06:04-58
Setting up network "dect2020scheduledaccess.DectScheduledAccessNetwork"...
Initializing...

Running simulation...
** Event #0   t=0   Elapsed: 2e-06s (0m 00s)
     Speed:     ev/sec=0   simsec/sec=0   ev/simsec=0
     Messages:  created: 2   present: 2   in FES: 2
** Event #206761   t=286.527587769152   Elapsed: 0.01552s (0m 00s)
     Speed:     ev/sec=1.33239e+07   simsec/sec=18464.2   ev/simsec=721.611
     Messages:  created: 2   present: 2   in FES: 1

<!> Simulation stopped with endSimulation() -- in module (ScheduledAccessQueue) DectScheduledAccessNetwork.queue (id=2), at t=286.527587769152s, event #206761

Calling finish() at end of Run #121...

Preparing for running configuration MonetecFocusedSmallR, run #122...
Scenario: $r=1, $rho=0.205, $repetition=2
Assigned runID=MonetecFocusedSmallR-122-20260930-07:06:04-58
Setting up network "dect2020scheduledaccess.DectScheduledAccessNetwork"...
Initializing...

Running simulation...
** Event #0   t=0   Elapsed: 2e-06s (0m 00s)
     Speed:     ev/sec=0   simsec/sec=0   ev/simsec=0
     Messages:  created: 2   present: 2   in FES: 2
** Event #206476   t=286.576457568265   Elapsed: 0.015571s (0m 00s)
     Speed:     ev/sec=1.3262e+07   simsec/sec=18406.8   ev/simsec=720.493
     Messages:  created: 2   present: 2   in FES: 1

<!> Simulation stopped with endSimulation() -- in module (ScheduledAccessQueue) DectScheduledAccessNetwork.queue (id=2), at t=286.576457568265s, event #206476

Calling finish() at end of Run #122...

Preparing for running configuration MonetecFocusedSmallR, run #123...
Scenario: $r=1, $rho=0.210, $repetition=0
Assigned runID=MonetecFocusedSmallR-123-20260930-07:06:04-58
Setting up network "dect2020scheduledaccess.DectScheduledAccessNetwork"...
Initializing...

Running simulation...
** Event #0   t=0   Elapsed: 2e-06s (0m 00s)
     Speed:     ev/sec=0   simsec/sec=0   ev/simsec=0
     Messages:  created: 2   present: 2   in FES: 2
** Event #209150   t=285.033106162214   Elapsed: 0.016064s (0m 00s)
     Speed:     ev/sec=1.30214e+07   simsec/sec=17745.8   ev/simsec=733.775
     Messages:  created: 2   present: 2   in FES: 1

<!> Simulation stopped with endSimulation() -- in module (ScheduledAccessQueue) DectScheduledAccessNetwork.queue (id=2), at t=285.033106162214s, event #209150

Calling finish() at end of Run #123...

Preparing for running configuration MonetecFocusedSmallR, run #124...
Scenario: $r=1, $rho=0.210, $repetition=1
Assigned runID=MonetecFocusedSmallR-124-20260930-07:06:04-58
Setting up network "dect2020scheduledaccess.DectScheduledAccessNetwork"...
Initializing...

Running simulation...
** Event #0   t=0   Elapsed: 2e-06s (0m 00s)
     Speed:     ev/sec=0   simsec/sec=0   ev/simsec=0
     Messages:  created: 2   present: 2   in FES: 2
** Event #209708   t=285.495425719464   Elapsed: 0.015762s (0m 00s)
     Speed:     ev/sec=1.33063e+07   simsec/sec=18115.2   ev/simsec=734.541
     Messages:  created: 2   present: 2   in FES: 1

<!> Simulation stopped with endSimulation() -- in module (ScheduledAccessQueue) DectScheduledAccessNetwork.queue (id=2), at t=285.495425719464s, event #209708

Calling finish() at end of Run #124...

Preparing for running configuration MonetecFocusedSmallR, run #125...
Scenario: $r=1, $rho=0.210, $repetition=2
Assigned runID=MonetecFocusedSmallR-125-20260930-07:06:04-58
Setting up network "dect2020scheduledaccess.DectScheduledAccessNetwork"...
Initializing...

Running simulation...
** Event #0   t=0   Elapsed: 2e-06s (0m 00s)
     Speed:     ev/sec=0   simsec/sec=0   ev/simsec=0
     Messages:  created: 2   present: 2   in FES: 2
** Event #209204   t=285.492515881665   Elapsed: 0.01576s (0m 00s)
     Speed:     ev/sec=1.32769e+07   simsec/sec=18118.4   ev/simsec=732.785
     Messages:  created: 2   present: 2   in FES: 1

<!> Simulation stopped with endSimulation() -- in module (ScheduledAccessQueue) DectScheduledAccessNetwork.queue (id=2), at t=285.492515881665s, event #209204

Calling finish() at end of Run #125...

Preparing for running configuration MonetecFocusedSmallR, run #126...
Scenario: $r=1, $rho=0.215, $repetition=0
Assigned runID=MonetecFocusedSmallR-126-20260930-07:06:04-58
Setting up network "dect2020scheduledaccess.DectScheduledAccessNetwork"...
Initializing...

Running simulation...
** Event #0   t=0   Elapsed: 2e-06s (0m 00s)
     Speed:     ev/sec=0   simsec/sec=0   ev/simsec=0
     Messages:  created: 2   present: 2   in FES: 2
** Event #212360   t=284.405562384001   Elapsed: 0.016086s (0m 00s)
     Speed:     ev/sec=1.3204e+07   simsec/sec=17683.6   ev/simsec=746.681
     Messages:  created: 2   present: 2   in FES: 1

<!> Simulation stopped with endSimulation() -- in module (ScheduledAccessQueue) DectScheduledAccessNetwork.queue (id=2), at t=284.405562384001s, event #212360

Calling finish() at end of Run #126...

Preparing for running configuration MonetecFocusedSmallR, run #127...
Scenario: $r=1, $rho=0.215, $repetition=1
Assigned runID=MonetecFocusedSmallR-127-20260930-07:06:05-58
Setting up network "dect2020scheduledaccess.DectScheduledAccessNetwork"...
Initializing...

Running simulation...
** Event #0   t=0   Elapsed: 2e-06s (0m 00s)
     Speed:     ev/sec=0   simsec/sec=0   ev/simsec=0
     Messages:  created: 2   present: 2   in FES: 2
** Event #211882   t=283.664541523069   Elapsed: 0.015983s (0m 00s)
     Speed:     ev/sec=1.32584e+07   simsec/sec=17750.1   ev/simsec=746.946
     Messages:  created: 2   present: 2   in FES: 1

<!> Simulation stopped with endSimulation() -- in module (ScheduledAccessQueue) DectScheduledAccessNetwork.queue (id=2), at t=283.664541523069s, event #211882

Calling finish() at end of Run #127...

Preparing for running configuration MonetecFocusedSmallR, run #128...
Scenario: $r=1, $rho=0.215, $repetition=2
Assigned runID=MonetecFocusedSmallR-128-20260930-07:06:05-58
Setting up network "dect2020scheduledaccess.DectScheduledAccessNetwork"...
Initializing...

Running simulation...
** Event #0   t=0   Elapsed: 2e-06s (0m 00s)
     Speed:     ev/sec=0   simsec/sec=0   ev/simsec=0
     Messages:  created: 2   present: 2   in FES: 2
** Event #212155   t=284.638597404972   Elapsed: 0.016242s (0m 00s)
     Speed:     ev/sec=1.30637e+07   simsec/sec=17527   ev/simsec=745.349
     Messages:  created: 2   present: 2   in FES: 1

<!> Simulation stopped with endSimulation() -- in module (ScheduledAccessQueue) DectScheduledAccessNetwork.queue (id=2), at t=284.638597404972s, event #212155

Calling finish() at end of Run #128...

Preparing for running configuration MonetecFocusedSmallR, run #129...
Scenario: $r=1, $rho=0.220, $repetition=0
Assigned runID=MonetecFocusedSmallR-129-20260930-07:06:05-58
Setting up network "dect2020scheduledaccess.DectScheduledAccessNetwork"...
Initializing...

Running simulation...
** Event #0   t=0   Elapsed: 2e-06s (0m 00s)
     Speed:     ev/sec=0   simsec/sec=0   ev/simsec=0
     Messages:  created: 2   present: 2   in FES: 2
** Event #215345   t=283.682993349188   Elapsed: 0.016427s (0m 00s)
     Speed:     ev/sec=1.31108e+07   simsec/sec=17271.4   ev/simsec=759.105
     Messages:  created: 2   present: 2   in FES: 1

<!> Simulation stopped with endSimulation() -- in module (ScheduledAccessQueue) DectScheduledAccessNetwork.queue (id=2), at t=283.682993349188s, event #215345

Calling finish() at end of Run #129...

Preparing for running configuration MonetecFocusedSmallR, run #130...
Scenario: $r=1, $rho=0.220, $repetition=1
Assigned runID=MonetecFocusedSmallR-130-20260930-07:06:05-58
Setting up network "dect2020scheduledaccess.DectScheduledAccessNetwork"...
Initializing...

Running simulation...
** Event #0   t=0   Elapsed: 2e-06s (0m 00s)
     Speed:     ev/sec=0   simsec/sec=0   ev/simsec=0
     Messages:  created: 2   present: 2   in FES: 2
** Event #214742   t=282.63724522132   Elapsed: 0.016242s (0m 00s)
     Speed:     ev/sec=1.3223e+07   simsec/sec=17403.8   ev/simsec=759.78
     Messages:  created: 2   present: 2   in FES: 1

<!> Simulation stopped with endSimulation() -- in module (ScheduledAccessQueue) DectScheduledAccessNetwork.queue (id=2), at t=282.63724522132s, event #214742

Calling finish() at end of Run #130...

Preparing for running configuration MonetecFocusedSmallR, run #131...
Scenario: $r=1, $rho=0.220, $repetition=2
Assigned runID=MonetecFocusedSmallR-131-20260930-07:06:05-58
Setting up network "dect2020scheduledaccess.DectScheduledAccessNetwork"...
Initializing...

Running simulation...
** Event #0   t=0   Elapsed: 3e-06s (0m 00s)
     Speed:     ev/sec=0   simsec/sec=0   ev/simsec=0
     Messages:  created: 2   present: 2   in FES: 2
** Event #214957   t=283.765406179438   Elapsed: 0.016273s (0m 00s)
     Speed:     ev/sec=1.32119e+07   simsec/sec=17441   ev/simsec=757.517
     Messages:  created: 2   present: 2   in FES: 1

<!> Simulation stopped with endSimulation() -- in module (ScheduledAccessQueue) DectScheduledAccessNetwork.queue (id=2), at t=283.765406179438s, event #214957

Calling finish() at end of Run #131...

Preparing for running configuration MonetecFocusedSmallR, run #132...
Scenario: $r=1, $rho=0.225, $repetition=0
Assigned runID=MonetecFocusedSmallR-132-20260930-07:06:05-58
Setting up network "dect2020scheduledaccess.DectScheduledAccessNetwork"...
Initializing...

Running simulation...
** Event #0   t=0   Elapsed: 3e-06s (0m 00s)
     Speed:     ev/sec=0   simsec/sec=0   ev/simsec=0
     Messages:  created: 2   present: 2   in FES: 2
** Event #217871   t=283.122347404992   Elapsed: 0.016605s (0m 00s)
     Speed:     ev/sec=1.31232e+07   simsec/sec=17053.4   ev/simsec=769.535
     Messages:  created: 2   present: 2   in FES: 1

<!> Simulation stopped with endSimulation() -- in module (ScheduledAccessQueue) DectScheduledAccessNetwork.queue (id=2), at t=283.122347404992s, event #217871

Calling finish() at end of Run #132...

Preparing for running configuration MonetecFocusedSmallR, run #133...
Scenario: $r=1, $rho=0.225, $repetition=1
Assigned runID=MonetecFocusedSmallR-133-20260930-07:06:05-58
Setting up network "dect2020scheduledaccess.DectScheduledAccessNetwork"...
Initializing...

Running simulation...
** Event #0   t=0   Elapsed: 3e-06s (0m 00s)
     Speed:     ev/sec=0   simsec/sec=0   ev/simsec=0
     Messages:  created: 2   present: 2   in FES: 2
** Event #218676   t=284.041921931232   Elapsed: 0.016624s (0m 00s)
     Speed:     ev/sec=1.31566e+07   simsec/sec=17089.3   ev/simsec=769.873
     Messages:  created: 2   present: 2   in FES: 1

<!> Simulation stopped with endSimulation() -- in module (ScheduledAccessQueue) DectScheduledAccessNetwork.queue (id=2), at t=284.041921931232s, event #218676

Calling finish() at end of Run #133...

Preparing for running configuration MonetecFocusedSmallR, run #134...
Scenario: $r=1, $rho=0.225, $repetition=2
Assigned runID=MonetecFocusedSmallR-134-20260930-07:06:05-58
Setting up network "dect2020scheduledaccess.DectScheduledAccessNetwork"...
Initializing...

Running simulation...
** Event #0   t=0   Elapsed: 2e-06s (0m 00s)
     Speed:     ev/sec=0   simsec/sec=0   ev/simsec=0
     Messages:  created: 2   present: 2   in FES: 2
** Event #217376   t=282.441954133279   Elapsed: 0.016368s (0m 00s)
     Speed:     ev/sec=1.32814e+07   simsec/sec=17256.8   ev/simsec=769.632
     Messages:  created: 2   present: 2   in FES: 1

<!> Simulation stopped with endSimulation() -- in module (ScheduledAccessQueue) DectScheduledAccessNetwork.queue (id=2), at t=282.441954133279s, event #217376

Calling finish() at end of Run #134...

Preparing for running configuration MonetecFocusedSmallR, run #135...
Scenario: $r=1, $rho=0.230, $repetition=0
Assigned runID=MonetecFocusedSmallR-135-20260930-07:06:05-58
Setting up network "dect2020scheduledaccess.DectScheduledAccessNetwork"...
Initializing...

Running simulation...
** Event #0   t=0   Elapsed: 2e-06s (0m 00s)
     Speed:     ev/sec=0   simsec/sec=0   ev/simsec=0
     Messages:  created: 2   present: 2   in FES: 2
** Event #220507   t=281.686967964722   Elapsed: 0.016601s (0m 00s)
     Speed:     ev/sec=1.32852e+07   simsec/sec=16971.1   ev/simsec=782.809
     Messages:  created: 2   present: 2   in FES: 1

<!> Simulation stopped with endSimulation() -- in module (ScheduledAccessQueue) DectScheduledAccessNetwork.queue (id=2), at t=281.686967964722s, event #220507

Calling finish() at end of Run #135...

Preparing for running configuration MonetecFocusedSmallR, run #136...
Scenario: $r=1, $rho=0.230, $repetition=1
Assigned runID=MonetecFocusedSmallR-136-20260930-07:06:05-58
Setting up network "dect2020scheduledaccess.DectScheduledAccessNetwork"...
Initializing...

Running simulation...
** Event #0   t=0   Elapsed: 2e-06s (0m 00s)
     Speed:     ev/sec=0   simsec/sec=0   ev/simsec=0
     Messages:  created: 2   present: 2   in FES: 2
** Event #220641   t=281.598181735834   Elapsed: 0.016567s (0m 00s)
     Speed:     ev/sec=1.33197e+07   simsec/sec=16999.6   ev/simsec=783.532
     Messages:  created: 2   present: 2   in FES: 1

<!> Simulation stopped with endSimulation() -- in module (ScheduledAccessQueue) DectScheduledAccessNetwork.queue (id=2), at t=281.598181735834s, event #220641

Calling finish() at end of Run #136...

Preparing for running configuration MonetecFocusedSmallR, run #137...
Scenario: $r=1, $rho=0.230, $repetition=2
Assigned runID=MonetecFocusedSmallR-137-20260930-07:06:05-58
Setting up network "dect2020scheduledaccess.DectScheduledAccessNetwork"...
Initializing...

Running simulation...
** Event #0   t=0   Elapsed: 2e-06s (0m 00s)
     Speed:     ev/sec=0   simsec/sec=0   ev/simsec=0
     Messages:  created: 2   present: 2   in FES: 2
** Event #220432   t=281.965068616198   Elapsed: 0.016521s (0m 00s)
     Speed:     ev/sec=1.3345e+07   simsec/sec=17070.2   ev/simsec=781.771
     Messages:  created: 2   present: 2   in FES: 1

<!> Simulation stopped with endSimulation() -- in module (ScheduledAccessQueue) DectScheduledAccessNetwork.queue (id=2), at t=281.965068616198s, event #220432

Calling finish() at end of Run #137...

Preparing for running configuration MonetecFocusedSmallR, run #138...
Scenario: $r=1, $rho=0.235, $repetition=0
Assigned runID=MonetecFocusedSmallR-138-20260930-07:06:05-58
Setting up network "dect2020scheduledaccess.DectScheduledAccessNetwork"...
Initializing...

Running simulation...
** Event #0   t=0   Elapsed: 2e-06s (0m 00s)
     Speed:     ev/sec=0   simsec/sec=0   ev/simsec=0
     Messages:  created: 2   present: 2   in FES: 2
** Event #223837   t=281.255212149075   Elapsed: 0.016753s (0m 00s)
     Speed:     ev/sec=1.33634e+07   simsec/sec=16791.3   ev/simsec=795.851
     Messages:  created: 2   present: 2   in FES: 1

<!> Simulation stopped with endSimulation() -- in module (ScheduledAccessQueue) DectScheduledAccessNetwork.queue (id=2), at t=281.255212149075s, event #223837

Calling finish() at end of Run #138...

Preparing for running configuration MonetecFocusedSmallR, run #139...
Scenario: $r=1, $rho=0.235, $repetition=1
Assigned runID=MonetecFocusedSmallR-139-20260930-07:06:05-58
Setting up network "dect2020scheduledaccess.DectScheduledAccessNetwork"...
Initializing...

Running simulation...
** Event #0   t=0   Elapsed: 3e-06s (0m 00s)
     Speed:     ev/sec=0   simsec/sec=0   ev/simsec=0
     Messages:  created: 2   present: 2   in FES: 2
** Event #223788   t=281.169048399483   Elapsed: 0.016772s (0m 00s)
     Speed:     ev/sec=1.33453e+07   simsec/sec=16767.2   ev/simsec=795.92
     Messages:  created: 2   present: 2   in FES: 1

<!> Simulation stopped with endSimulation() -- in module (ScheduledAccessQueue) DectScheduledAccessNetwork.queue (id=2), at t=281.169048399483s, event #223788

Calling finish() at end of Run #139...

Preparing for running configuration MonetecFocusedSmallR, run #140...
Scenario: $r=1, $rho=0.235, $repetition=2
Assigned runID=MonetecFocusedSmallR-140-20260930-07:06:05-58
Setting up network "dect2020scheduledaccess.DectScheduledAccessNetwork"...
Initializing...

Running simulation...
** Event #0   t=0   Elapsed: 2e-06s (0m 00s)
     Speed:     ev/sec=0   simsec/sec=0   ev/simsec=0
     Messages:  created: 2   present: 2   in FES: 2
** Event #222987   t=280.94877600648   Elapsed: 0.016832s (0m 00s)
     Speed:     ev/sec=1.32502e+07   simsec/sec=16694.3   ev/simsec=793.693
     Messages:  created: 2   present: 2   in FES: 1

<!> Simulation stopped with endSimulation() -- in module (ScheduledAccessQueue) DectScheduledAccessNetwork.queue (id=2), at t=280.94877600648s, event #222987

Calling finish() at end of Run #140...

Preparing for running configuration MonetecFocusedSmallR, run #141...
Scenario: $r=1, $rho=0.240, $repetition=0
Assigned runID=MonetecFocusedSmallR-141-20260930-07:06:05-58
Setting up network "dect2020scheduledaccess.DectScheduledAccessNetwork"...
Initializing...

Running simulation...
** Event #0   t=0   Elapsed: 2e-06s (0m 00s)
     Speed:     ev/sec=0   simsec/sec=0   ev/simsec=0
     Messages:  created: 2   present: 2   in FES: 2
** Event #225882   t=279.532340445273   Elapsed: 0.017047s (0m 00s)
     Speed:     ev/sec=1.32521e+07   simsec/sec=16399.7   ev/simsec=808.071
     Messages:  created: 2   present: 2   in FES: 1

<!> Simulation stopped with endSimulation() -- in module (ScheduledAccessQueue) DectScheduledAccessNetwork.queue (id=2), at t=279.532340445273s, event #225882

Calling finish() at end of Run #141...

Preparing for running configuration MonetecFocusedSmallR, run #142...
Scenario: $r=1, $rho=0.240, $repetition=1
Assigned runID=MonetecFocusedSmallR-142-20260930-07:06:05-58
Setting up network "dect2020scheduledaccess.DectScheduledAccessNetwork"...
Initializing...

Running simulation...
** Event #0   t=0   Elapsed: 2e-06s (0m 00s)
     Speed:     ev/sec=0   simsec/sec=0   ev/simsec=0
     Messages:  created: 2   present: 2   in FES: 2
** Event #225681   t=279.101126594211   Elapsed: 0.017179s (0m 00s)
     Speed:     ev/sec=1.31393e+07   simsec/sec=16249.5   ev/simsec=808.601
     Messages:  created: 2   present: 2   in FES: 1

<!> Simulation stopped with endSimulation() -- in module (ScheduledAccessQueue) DectScheduledAccessNetwork.queue (id=2), at t=279.101126594211s, event #225681

Calling finish() at end of Run #142...

Preparing for running configuration MonetecFocusedSmallR, run #143...
Scenario: $r=1, $rho=0.240, $repetition=2
Assigned runID=MonetecFocusedSmallR-143-20260930-07:06:05-58
Setting up network "dect2020scheduledaccess.DectScheduledAccessNetwork"...
Initializing...

Running simulation...
** Event #0   t=0   Elapsed: 3e-06s (0m 00s)
     Speed:     ev/sec=0   simsec/sec=0   ev/simsec=0
     Messages:  created: 2   present: 2   in FES: 2
** Event #225782   t=279.713094825265   Elapsed: 0.016856s (0m 00s)
     Speed:     ev/sec=1.33971e+07   simsec/sec=16597.2   ev/simsec=807.193
     Messages:  created: 2   present: 2   in FES: 1

<!> Simulation stopped with endSimulation() -- in module (ScheduledAccessQueue) DectScheduledAccessNetwork.queue (id=2), at t=279.713094825265s, event #225782

Calling finish() at end of Run #143...

Preparing for running configuration MonetecFocusedSmallR, run #144...
Scenario: $r=1, $rho=0.245, $repetition=0
Assigned runID=MonetecFocusedSmallR-144-20260930-07:06:05-58
Setting up network "dect2020scheduledaccess.DectScheduledAccessNetwork"...
Initializing...

Running simulation...
** Event #0   t=0   Elapsed: 2e-06s (0m 00s)
     Speed:     ev/sec=0   simsec/sec=0   ev/simsec=0
     Messages:  created: 2   present: 2   in FES: 2
** Event #229063   t=279.774255097387   Elapsed: 0.017128s (0m 00s)
     Speed:     ev/sec=1.33752e+07   simsec/sec=16336.2   ev/simsec=818.743
     Messages:  created: 2   present: 2   in FES: 1

<!> Simulation stopped with endSimulation() -- in module (ScheduledAccessQueue) DectScheduledAccessNetwork.queue (id=2), at t=279.774255097387s, event #229063

Calling finish() at end of Run #144...

Preparing for running configuration MonetecFocusedSmallR, run #145...
Scenario: $r=1, $rho=0.245, $repetition=1
Assigned runID=MonetecFocusedSmallR-145-20260930-07:06:05-58
Setting up network "dect2020scheduledaccess.DectScheduledAccessNetwork"...
Initializing...

Running simulation...
** Event #0   t=0   Elapsed: 3e-06s (0m 00s)
     Speed:     ev/sec=0   simsec/sec=0   ev/simsec=0
     Messages:  created: 2   present: 2   in FES: 2
** Event #229057   t=279.715637794672   Elapsed: 0.017202s (0m 00s)
     Speed:     ev/sec=1.33173e+07   simsec/sec=16262.5   ev/simsec=818.893
     Messages:  created: 2   present: 2   in FES: 1

<!> Simulation stopped with endSimulation() -- in module (ScheduledAccessQueue) DectScheduledAccessNetwork.queue (id=2), at t=279.715637794672s, event #229057

Calling finish() at end of Run #145...

Preparing for running configuration MonetecFocusedSmallR, run #146...
Scenario: $r=1, $rho=0.245, $repetition=2
Assigned runID=MonetecFocusedSmallR-146-20260930-07:06:05-58
Setting up network "dect2020scheduledaccess.DectScheduledAccessNetwork"...
Initializing...

Running simulation...
** Event #0   t=0   Elapsed: 3e-06s (0m 00s)
     Speed:     ev/sec=0   simsec/sec=0   ev/simsec=0
     Messages:  created: 2   present: 2   in FES: 2
** Event #228150   t=278.624686434117   Elapsed: 0.017296s (0m 00s)
     Speed:     ev/sec=1.31932e+07   simsec/sec=16112   ev/simsec=818.845
     Messages:  created: 2   present: 2   in FES: 1

<!> Simulation stopped with endSimulation() -- in module (ScheduledAccessQueue) DectScheduledAccessNetwork.queue (id=2), at t=278.624686434117s, event #228150

Calling finish() at end of Run #146...

Preparing for running configuration MonetecFocusedSmallR, run #147...
Scenario: $r=1, $rho=0.250, $repetition=0
Assigned runID=MonetecFocusedSmallR-147-20260930-07:06:05-58
Setting up network "dect2020scheduledaccess.DectScheduledAccessNetwork"...
Initializing...

Running simulation...
** Event #0   t=0   Elapsed: 3e-06s (0m 00s)
     Speed:     ev/sec=0   simsec/sec=0   ev/simsec=0
     Messages:  created: 2   present: 2   in FES: 2
** Event #231372   t=278.070515836021   Elapsed: 0.017409s (0m 00s)
     Speed:     ev/sec=1.32919e+07   simsec/sec=15974.6   ev/simsec=832.066
     Messages:  created: 2   present: 2   in FES: 1

<!> Simulation stopped with endSimulation() -- in module (ScheduledAccessQueue) DectScheduledAccessNetwork.queue (id=2), at t=278.070515836021s, event #231372

Calling finish() at end of Run #147...

Preparing for running configuration MonetecFocusedSmallR, run #148...
Scenario: $r=1, $rho=0.250, $repetition=1
Assigned runID=MonetecFocusedSmallR-148-20260930-07:06:05-58
Setting up network "dect2020scheduledaccess.DectScheduledAccessNetwork"...
Initializing...

Running simulation...
** Event #0   t=0   Elapsed: 3e-06s (0m 00s)
     Speed:     ev/sec=0   simsec/sec=0   ev/simsec=0
     Messages:  created: 2   present: 2   in FES: 2
** Event #231714   t=278.004228863749   Elapsed: 0.017407s (0m 00s)
     Speed:     ev/sec=1.33138e+07   simsec/sec=15973.5   ev/simsec=833.493
     Messages:  created: 2   present: 2   in FES: 1

<!> Simulation stopped with endSimulation() -- in module (ScheduledAccessQueue) DectScheduledAccessNetwork.queue (id=2), at t=278.004228863749s, event #231714

Calling finish() at end of Run #148...

Preparing for running configuration MonetecFocusedSmallR, run #149...
Scenario: $r=1, $rho=0.250, $repetition=2
Assigned runID=MonetecFocusedSmallR-149-20260930-07:06:05-58
Setting up network "dect2020scheduledaccess.DectScheduledAccessNetwork"...
Initializing...

Running simulation...
** Event #0   t=0   Elapsed: 3e-06s (0m 00s)
     Speed:     ev/sec=0   simsec/sec=0   ev/simsec=0
     Messages:  created: 2   present: 2   in FES: 2
** Event #231108   t=277.970824213072   Elapsed: 0.017384s (0m 00s)
     Speed:     ev/sec=1.32966e+07   simsec/sec=15992.8   ev/simsec=831.411
     Messages:  created: 2   present: 2   in FES: 1

<!> Simulation stopped with endSimulation() -- in module (ScheduledAccessQueue) DectScheduledAccessNetwork.queue (id=2), at t=277.970824213072s, event #231108

Calling finish() at end of Run #149...

Preparing for running configuration MonetecFocusedSmallR, run #150...
Scenario: $r=1, $rho=0.255, $repetition=0
Assigned runID=MonetecFocusedSmallR-150-20260930-07:06:05-58
Setting up network "dect2020scheduledaccess.DectScheduledAccessNetwork"...
Initializing...

Running simulation...
** Event #0   t=0   Elapsed: 2e-06s (0m 00s)
     Speed:     ev/sec=0   simsec/sec=0   ev/simsec=0
     Messages:  created: 2   present: 2   in FES: 2
** Event #234180   t=277.545914765794   Elapsed: 0.017513s (0m 00s)
     Speed:     ev/sec=1.33733e+07   simsec/sec=15849.8   ev/simsec=843.753
     Messages:  created: 2   present: 2   in FES: 1

<!> Simulation stopped with endSimulation() -- in module (ScheduledAccessQueue) DectScheduledAccessNetwork.queue (id=2), at t=277.545914765794s, event #234180

Calling finish() at end of Run #150...

Preparing for running configuration MonetecFocusedSmallR, run #151...
Scenario: $r=1, $rho=0.255, $repetition=1
Assigned runID=MonetecFocusedSmallR-151-20260930-07:06:05-58
Setting up network "dect2020scheduledaccess.DectScheduledAccessNetwork"...
Initializing...

Running simulation...
** Event #0   t=0   Elapsed: 2e-06s (0m 00s)
     Speed:     ev/sec=0   simsec/sec=0   ev/simsec=0
     Messages:  created: 2   present: 2   in FES: 2
** Event #234416   t=277.606478292541   Elapsed: 0.017636s (0m 00s)
     Speed:     ev/sec=1.32942e+07   simsec/sec=15743.5   ev/simsec=844.42
     Messages:  created: 2   present: 2   in FES: 1

<!> Simulation stopped with endSimulation() -- in module (ScheduledAccessQueue) DectScheduledAccessNetwork.queue (id=2), at t=277.606478292541s, event #234416

Calling finish() at end of Run #151...

Preparing for running configuration MonetecFocusedSmallR, run #152...
Scenario: $r=1, $rho=0.255, $repetition=2
Assigned runID=MonetecFocusedSmallR-152-20260930-07:06:05-58
Setting up network "dect2020scheduledaccess.DectScheduledAccessNetwork"...
Initializing...

Running simulation...
** Event #0   t=0   Elapsed: 2e-06s (0m 00s)
     Speed:     ev/sec=0   simsec/sec=0   ev/simsec=0
     Messages:  created: 2   present: 2   in FES: 2
** Event #233919   t=277.297700703204   Elapsed: 0.017478s (0m 00s)
     Speed:     ev/sec=1.33852e+07   simsec/sec=15867.3   ev/simsec=843.567
     Messages:  created: 2   present: 2   in FES: 1

<!> Simulation stopped with endSimulation() -- in module (ScheduledAccessQueue) DectScheduledAccessNetwork.queue (id=2), at t=277.297700703204s, event #233919

Calling finish() at end of Run #152...

Preparing for running configuration MonetecFocusedSmallR, run #153...
Scenario: $r=1, $rho=0.260, $repetition=0
Assigned runID=MonetecFocusedSmallR-153-20260930-07:06:05-58
Setting up network "dect2020scheduledaccess.DectScheduledAccessNetwork"...
Initializing...

Running simulation...
** Event #0   t=0   Elapsed: 3e-06s (0m 00s)
     Speed:     ev/sec=0   simsec/sec=0   ev/simsec=0
     Messages:  created: 2   present: 2   in FES: 2
** Event #236132   t=275.822735719155   Elapsed: 0.017679s (0m 00s)
     Speed:     ev/sec=1.33589e+07   simsec/sec=15604.4   ev/simsec=856.101
     Messages:  created: 2   present: 2   in FES: 1

<!> Simulation stopped with endSimulation() -- in module (ScheduledAccessQueue) DectScheduledAccessNetwork.queue (id=2), at t=275.822735719155s, event #236132

Calling finish() at end of Run #153...

Preparing for running configuration MonetecFocusedSmallR, run #154...
Scenario: $r=1, $rho=0.260, $repetition=1
Assigned runID=MonetecFocusedSmallR-154-20260930-07:06:05-58
Setting up network "dect2020scheduledaccess.DectScheduledAccessNetwork"...
Initializing...

Running simulation...
** Event #0   t=0   Elapsed: 2e-06s (0m 00s)
     Speed:     ev/sec=0   simsec/sec=0   ev/simsec=0
     Messages:  created: 2   present: 2   in FES: 2
** Event #236590   t=275.886565320241   Elapsed: 0.01764s (0m 00s)
     Speed:     ev/sec=1.34137e+07   simsec/sec=15641.6   ev/simsec=857.564
     Messages:  created: 2   present: 2   in FES: 1

<!> Simulation stopped with endSimulation() -- in module (ScheduledAccessQueue) DectScheduledAccessNetwork.queue (id=2), at t=275.886565320241s, event #236590

Calling finish() at end of Run #154...

Preparing for running configuration MonetecFocusedSmallR, run #155...
Scenario: $r=1, $rho=0.260, $repetition=2
Assigned runID=MonetecFocusedSmallR-155-20260930-07:06:05-58
Setting up network "dect2020scheduledaccess.DectScheduledAccessNetwork"...
Initializing...

Running simulation...
** Event #0   t=0   Elapsed: 2e-06s (0m 00s)
     Speed:     ev/sec=0   simsec/sec=0   ev/simsec=0
     Messages:  created: 2   present: 2   in FES: 2
** Event #237144   t=277.094773602871   Elapsed: 0.017935s (0m 00s)
     Speed:     ev/sec=1.32239e+07   simsec/sec=15451.6   ev/simsec=855.826
     Messages:  created: 2   present: 2   in FES: 1

<!> Simulation stopped with endSimulation() -- in module (ScheduledAccessQueue) DectScheduledAccessNetwork.queue (id=2), at t=277.094773602871s, event #237144

Calling finish() at end of Run #155...

Preparing for running configuration MonetecFocusedSmallR, run #156...
Scenario: $r=1, $rho=0.265, $repetition=0
Assigned runID=MonetecFocusedSmallR-156-20260930-07:06:05-58
Setting up network "dect2020scheduledaccess.DectScheduledAccessNetwork"...
Initializing...

Running simulation...
** Event #0   t=0   Elapsed: 2e-06s (0m 00s)
     Speed:     ev/sec=0   simsec/sec=0   ev/simsec=0
     Messages:  created: 2   present: 2   in FES: 2
** Event #239826   t=276.246684240402   Elapsed: 0.017943s (0m 00s)
     Speed:     ev/sec=1.33675e+07   simsec/sec=15397.5   ev/simsec=868.159
     Messages:  created: 2   present: 2   in FES: 1

<!> Simulation stopped with endSimulation() -- in module (ScheduledAccessQueue) DectScheduledAccessNetwork.queue (id=2), at t=276.246684240402s, event #239826

Calling finish() at end of Run #156...

Preparing for running configuration MonetecFocusedSmallR, run #157...
Scenario: $r=1, $rho=0.265, $repetition=1
Assigned runID=MonetecFocusedSmallR-157-20260930-07:06:05-58
Setting up network "dect2020scheduledaccess.DectScheduledAccessNetwork"...
Initializing...

Running simulation...
** Event #0   t=0   Elapsed: 2e-06s (0m 00s)
     Speed:     ev/sec=0   simsec/sec=0   ev/simsec=0
     Messages:  created: 2   present: 2   in FES: 2
** Event #239404   t=275.272212784514   Elapsed: 0.018047s (0m 00s)
     Speed:     ev/sec=1.32671e+07   simsec/sec=15254.8   ev/simsec=869.7
     Messages:  created: 2   present: 2   in FES: 1

<!> Simulation stopped with endSimulation() -- in module (ScheduledAccessQueue) DectScheduledAccessNetwork.queue (id=2), at t=275.272212784514s, event #239404

Calling finish() at end of Run #157...

Preparing for running configuration MonetecFocusedSmallR, run #158...
Scenario: $r=1, $rho=0.265, $repetition=2
Assigned runID=MonetecFocusedSmallR-158-20260930-07:06:05-58
Setting up network "dect2020scheduledaccess.DectScheduledAccessNetwork"...
Initializing...

Running simulation...
** Event #0   t=0   Elapsed: 2e-06s (0m 00s)
     Speed:     ev/sec=0   simsec/sec=0   ev/simsec=0
     Messages:  created: 2   present: 2   in FES: 2
** Event #239720   t=276.00718727103   Elapsed: 0.018104s (0m 00s)
     Speed:     ev/sec=1.32427e+07   simsec/sec=15247.3   ev/simsec=868.529
     Messages:  created: 2   present: 2   in FES: 1

<!> Simulation stopped with endSimulation() -- in module (ScheduledAccessQueue) DectScheduledAccessNetwork.queue (id=2), at t=276.00718727103s, event #239720

Calling finish() at end of Run #158...

Preparing for running configuration MonetecFocusedSmallR, run #159...
Scenario: $r=1, $rho=0.270, $repetition=0
Assigned runID=MonetecFocusedSmallR-159-20260930-07:06:05-58
Setting up network "dect2020scheduledaccess.DectScheduledAccessNetwork"...
Initializing...

Running simulation...
** Event #0   t=0   Elapsed: 5e-06s (0m 00s)
     Speed:     ev/sec=0   simsec/sec=0   ev/simsec=0
     Messages:  created: 2   present: 2   in FES: 2
** Event #242336   t=274.974712648425   Elapsed: 0.018061s (0m 00s)
     Speed:     ev/sec=1.34206e+07   simsec/sec=15228.1   ev/simsec=881.305
     Messages:  created: 2   present: 2   in FES: 1

<!> Simulation stopped with endSimulation() -- in module (ScheduledAccessQueue) DectScheduledAccessNetwork.queue (id=2), at t=274.974712648425s, event #242336

Calling finish() at end of Run #159...

Preparing for running configuration MonetecFocusedSmallR, run #160...
Scenario: $r=1, $rho=0.270, $repetition=1
Assigned runID=MonetecFocusedSmallR-160-20260930-07:06:05-58
Setting up network "dect2020scheduledaccess.DectScheduledAccessNetwork"...
Initializing...

Running simulation...
** Event #0   t=0   Elapsed: 3e-06s (0m 00s)
     Speed:     ev/sec=0   simsec/sec=0   ev/simsec=0
     Messages:  created: 2   present: 2   in FES: 2
** Event #242598   t=275.162959312692   Elapsed: 0.018162s (0m 00s)
     Speed:     ev/sec=1.33589e+07   simsec/sec=15152.1   ev/simsec=881.653
     Messages:  created: 2   present: 2   in FES: 1

<!> Simulation stopped with endSimulation() -- in module (ScheduledAccessQueue) DectScheduledAccessNetwork.queue (id=2), at t=275.162959312692s, event #242598

Calling finish() at end of Run #160...

Preparing for running configuration MonetecFocusedSmallR, run #161...
Scenario: $r=1, $rho=0.270, $repetition=2
Assigned runID=MonetecFocusedSmallR-161-20260930-07:06:05-58
Setting up network "dect2020scheduledaccess.DectScheduledAccessNetwork"...
Initializing...

Running simulation...
** Event #0   t=0   Elapsed: 2e-06s (0m 00s)
     Speed:     ev/sec=0   simsec/sec=0   ev/simsec=0
     Messages:  created: 2   present: 2   in FES: 2
** Event #242020   t=274.932057125985   Elapsed: 0.018187s (0m 00s)
     Speed:     ev/sec=1.33095e+07   simsec/sec=15119.4   ev/simsec=880.29
     Messages:  created: 2   present: 2   in FES: 1

<!> Simulation stopped with endSimulation() -- in module (ScheduledAccessQueue) DectScheduledAccessNetwork.queue (id=2), at t=274.932057125985s, event #242020

Calling finish() at end of Run #161...

Preparing for running configuration MonetecFocusedSmallR, run #162...
Scenario: $r=1, $rho=0.275, $repetition=0
Assigned runID=MonetecFocusedSmallR-162-20260930-07:06:05-58
Setting up network "dect2020scheduledaccess.DectScheduledAccessNetwork"...
Initializing...

Running simulation...
** Event #0   t=0   Elapsed: 3e-06s (0m 00s)
     Speed:     ev/sec=0   simsec/sec=0   ev/simsec=0
     Messages:  created: 2   present: 2   in FES: 2
** Event #244747   t=273.630706954393   Elapsed: 0.018214s (0m 00s)
     Speed:     ev/sec=1.34395e+07   simsec/sec=15025.6   ev/simsec=894.444
     Messages:  created: 2   present: 2   in FES: 1

<!> Simulation stopped with endSimulation() -- in module (ScheduledAccessQueue) DectScheduledAccessNetwork.queue (id=2), at t=273.630706954393s, event #244747

Calling finish() at end of Run #162...

Preparing for running configuration MonetecFocusedSmallR, run #163...
Scenario: $r=1, $rho=0.275, $repetition=1
Assigned runID=MonetecFocusedSmallR-163-20260930-07:06:05-58
Setting up network "dect2020scheduledaccess.DectScheduledAccessNetwork"...
Initializing...

Running simulation...
** Event #0   t=0   Elapsed: 2e-06s (0m 00s)
     Speed:     ev/sec=0   simsec/sec=0   ev/simsec=0
     Messages:  created: 2   present: 2   in FES: 2
** Event #245390   t=274.764249583091   Elapsed: 0.018336s (0m 00s)
     Speed:     ev/sec=1.33844e+07   simsec/sec=14986.6   ev/simsec=893.095
     Messages:  created: 2   present: 2   in FES: 1

<!> Simulation stopped with endSimulation() -- in module (ScheduledAccessQueue) DectScheduledAccessNetwork.queue (id=2), at t=274.764249583091s, event #245390

Calling finish() at end of Run #163...

Preparing for running configuration MonetecFocusedSmallR, run #164...
Scenario: $r=1, $rho=0.275, $repetition=2
Assigned runID=MonetecFocusedSmallR-164-20260930-07:06:05-58
Setting up network "dect2020scheduledaccess.DectScheduledAccessNetwork"...
Initializing...

Running simulation...
** Event #0   t=0   Elapsed: 2e-06s (0m 00s)
     Speed:     ev/sec=0   simsec/sec=0   ev/simsec=0
     Messages:  created: 2   present: 2   in FES: 2
** Event #245435   t=274.752017645015   Elapsed: 0.018407s (0m 00s)
     Speed:     ev/sec=1.33345e+07   simsec/sec=14927.3   ev/simsec=893.297
     Messages:  created: 2   present: 2   in FES: 1

<!> Simulation stopped with endSimulation() -- in module (ScheduledAccessQueue) DectScheduledAccessNetwork.queue (id=2), at t=274.752017645015s, event #245435

Calling finish() at end of Run #164...

Preparing for running configuration MonetecFocusedSmallR, run #165...
Scenario: $r=1, $rho=0.280, $repetition=0
Assigned runID=MonetecFocusedSmallR-165-20260930-07:06:05-58
Setting up network "dect2020scheduledaccess.DectScheduledAccessNetwork"...
Initializing...

Running simulation...
** Event #0   t=0   Elapsed: 2e-06s (0m 00s)
     Speed:     ev/sec=0   simsec/sec=0   ev/simsec=0
     Messages:  created: 2   present: 2   in FES: 2
** Event #247726   t=273.161710341236   Elapsed: 0.018604s (0m 00s)
     Speed:     ev/sec=1.33165e+07   simsec/sec=14683.7   ev/simsec=906.885
     Messages:  created: 2   present: 2   in FES: 1

<!> Simulation stopped with endSimulation() -- in module (ScheduledAccessQueue) DectScheduledAccessNetwork.queue (id=2), at t=273.161710341236s, event #247726

Calling finish() at end of Run #165...

Preparing for running configuration MonetecFocusedSmallR, run #166...
Scenario: $r=1, $rho=0.280, $repetition=1
Assigned runID=MonetecFocusedSmallR-166-20260930-07:06:05-58
Setting up network "dect2020scheduledaccess.DectScheduledAccessNetwork"...
Initializing...

Running simulation...
** Event #0   t=0   Elapsed: 2e-06s (0m 00s)
     Speed:     ev/sec=0   simsec/sec=0   ev/simsec=0
     Messages:  created: 2   present: 2   in FES: 2
** Event #248281   t=273.904852149906   Elapsed: 0.018539s (0m 00s)
     Speed:     ev/sec=1.33938e+07   simsec/sec=14776.1   ev/simsec=906.451
     Messages:  created: 2   present: 2   in FES: 1

<!> Simulation stopped with endSimulation() -- in module (ScheduledAccessQueue) DectScheduledAccessNetwork.queue (id=2), at t=273.904852149906s, event #248281

Calling finish() at end of Run #166...

Preparing for running configuration MonetecFocusedSmallR, run #167...
Scenario: $r=1, $rho=0.280, $repetition=2
Assigned runID=MonetecFocusedSmallR-167-20260930-07:06:05-58
Setting up network "dect2020scheduledaccess.DectScheduledAccessNetwork"...
Initializing...

Running simulation...
** Event #0   t=0   Elapsed: 3e-06s (0m 00s)
     Speed:     ev/sec=0   simsec/sec=0   ev/simsec=0
     Messages:  created: 2   present: 2   in FES: 2
** Event #247805   t=274.057288077107   Elapsed: 0.018575s (0m 00s)
     Speed:     ev/sec=1.33422e+07   simsec/sec=14755.7   ev/simsec=904.209
     Messages:  created: 2   present: 2   in FES: 1

<!> Simulation stopped with endSimulation() -- in module (ScheduledAccessQueue) DectScheduledAccessNetwork.queue (id=2), at t=274.057288077107s, event #247805

Calling finish() at end of Run #167...

Preparing for running configuration MonetecFocusedSmallR, run #168...
Scenario: $r=1, $rho=0.285, $repetition=0
Assigned runID=MonetecFocusedSmallR-168-20260930-07:06:05-58
Setting up network "dect2020scheduledaccess.DectScheduledAccessNetwork"...
Initializing...

Running simulation...
** Event #0   t=0   Elapsed: 2e-06s (0m 00s)
     Speed:     ev/sec=0   simsec/sec=0   ev/simsec=0
     Messages:  created: 2   present: 2   in FES: 2
** Event #250719   t=273.19412364513   Elapsed: 0.018894s (0m 00s)
     Speed:     ev/sec=1.32712e+07   simsec/sec=14460.8   ev/simsec=917.733
     Messages:  created: 2   present: 2   in FES: 1

<!> Simulation stopped with endSimulation() -- in module (ScheduledAccessQueue) DectScheduledAccessNetwork.queue (id=2), at t=273.19412364513s, event #250719

Calling finish() at end of Run #168...

Preparing for running configuration MonetecFocusedSmallR, run #169...
Scenario: $r=1, $rho=0.285, $repetition=1
Assigned runID=MonetecFocusedSmallR-169-20260930-07:06:05-58
Setting up network "dect2020scheduledaccess.DectScheduledAccessNetwork"...
Initializing...

Running simulation...
** Event #0   t=0   Elapsed: 2e-06s (0m 00s)
     Speed:     ev/sec=0   simsec/sec=0   ev/simsec=0
     Messages:  created: 2   present: 2   in FES: 2
** Event #250712   t=272.981032577556   Elapsed: 0.018803s (0m 00s)
     Speed:     ev/sec=1.3335e+07   simsec/sec=14519.5   ev/simsec=918.423
     Messages:  created: 2   present: 2   in FES: 1

<!> Simulation stopped with endSimulation() -- in module (ScheduledAccessQueue) DectScheduledAccessNetwork.queue (id=2), at t=272.981032577556s, event #250712

Calling finish() at end of Run #169...

Preparing for running configuration MonetecFocusedSmallR, run #170...
Scenario: $r=1, $rho=0.285, $repetition=2
Assigned runID=MonetecFocusedSmallR-170-20260930-07:06:05-58
Setting up network "dect2020scheduledaccess.DectScheduledAccessNetwork"...
Initializing...

Running simulation...
** Event #0   t=0   Elapsed: 2e-06s (0m 00s)
     Speed:     ev/sec=0   simsec/sec=0   ev/simsec=0
     Messages:  created: 2   present: 2   in FES: 2
** Event #250082   t=272.32781887086   Elapsed: 0.018736s (0m 00s)
     Speed:     ev/sec=1.33491e+07   simsec/sec=14536.5   ev/simsec=918.313
     Messages:  created: 2   present: 2   in FES: 1

<!> Simulation stopped with endSimulation() -- in module (ScheduledAccessQueue) DectScheduledAccessNetwork.queue (id=2), at t=272.32781887086s, event #250082

Calling finish() at end of Run #170...

Preparing for running configuration MonetecFocusedSmallR, run #171...
Scenario: $r=1, $rho=0.290, $repetition=0
Assigned runID=MonetecFocusedSmallR-171-20260930-07:06:05-58
Setting up network "dect2020scheduledaccess.DectScheduledAccessNetwork"...
Initializing...

Running simulation...
** Event #0   t=0   Elapsed: 3e-06s (0m 00s)
     Speed:     ev/sec=0   simsec/sec=0   ev/simsec=0
     Messages:  created: 2   present: 2   in FES: 2
** Event #253598   t=272.554017320347   Elapsed: 0.018894s (0m 00s)
     Speed:     ev/sec=1.34243e+07   simsec/sec=14427.7   ev/simsec=930.451
     Messages:  created: 2   present: 2   in FES: 1

<!> Simulation stopped with endSimulation() -- in module (ScheduledAccessQueue) DectScheduledAccessNetwork.queue (id=2), at t=272.554017320347s, event #253598

Calling finish() at end of Run #171...

Preparing for running configuration MonetecFocusedSmallR, run #172...
Scenario: $r=1, $rho=0.290, $repetition=1
Assigned runID=MonetecFocusedSmallR-172-20260930-07:06:05-58
Setting up network "dect2020scheduledaccess.DectScheduledAccessNetwork"...
Initializing...

Running simulation...
** Event #0   t=0   Elapsed: 2e-06s (0m 00s)
     Speed:     ev/sec=0   simsec/sec=0   ev/simsec=0
     Messages:  created: 2   present: 2   in FES: 2
** Event #253466   t=272.17784984144   Elapsed: 0.019013s (0m 00s)
     Speed:     ev/sec=1.33326e+07   simsec/sec=14316.9   ev/simsec=931.252
     Messages:  created: 2   present: 2   in FES: 1

<!> Simulation stopped with endSimulation() -- in module (ScheduledAccessQueue) DectScheduledAccessNetwork.queue (id=2), at t=272.17784984144s, event #253466

Calling finish() at end of Run #172...

Preparing for running configuration MonetecFocusedSmallR, run #173...
Scenario: $r=1, $rho=0.290, $repetition=2
Assigned runID=MonetecFocusedSmallR-173-20260930-07:06:05-58
Setting up network "dect2020scheduledaccess.DectScheduledAccessNetwork"...
Initializing...

Running simulation...
** Event #0   t=0   Elapsed: 3e-06s (0m 00s)
     Speed:     ev/sec=0   simsec/sec=0   ev/simsec=0
     Messages:  created: 2   present: 2   in FES: 2
** Event #252994   t=271.854001439413   Elapsed: 0.018966s (0m 00s)
     Speed:     ev/sec=1.33415e+07   simsec/sec=14336   ev/simsec=930.626
     Messages:  created: 2   present: 2   in FES: 1

<!> Simulation stopped with endSimulation() -- in module (ScheduledAccessQueue) DectScheduledAccessNetwork.queue (id=2), at t=271.854001439413s, event #252994

Calling finish() at end of Run #173...

Preparing for running configuration MonetecFocusedSmallR, run #174...
Scenario: $r=1, $rho=0.295, $repetition=0
Assigned runID=MonetecFocusedSmallR-174-20260930-07:06:05-58
Setting up network "dect2020scheduledaccess.DectScheduledAccessNetwork"...
Initializing...

Running simulation...
** Event #0   t=0   Elapsed: 2e-06s (0m 00s)
     Speed:     ev/sec=0   simsec/sec=0   ev/simsec=0
     Messages:  created: 2   present: 2   in FES: 2
** Event #255656   t=271.421145534676   Elapsed: 0.019032s (0m 00s)
     Speed:     ev/sec=1.34344e+07   simsec/sec=14262.8   ev/simsec=941.918
     Messages:  created: 2   present: 2   in FES: 1

<!> Simulation stopped with endSimulation() -- in module (ScheduledAccessQueue) DectScheduledAccessNetwork.queue (id=2), at t=271.421145534676s, event #255656

Calling finish() at end of Run #174...

Preparing for running configuration MonetecFocusedSmallR, run #175...
Scenario: $r=1, $rho=0.295, $repetition=1
Assigned runID=MonetecFocusedSmallR-175-20260930-07:06:05-58
Setting up network "dect2020scheduledaccess.DectScheduledAccessNetwork"...
Initializing...

Running simulation...
** Event #0   t=0   Elapsed: 3e-06s (0m 00s)
     Speed:     ev/sec=0   simsec/sec=0   ev/simsec=0
     Messages:  created: 2   present: 2   in FES: 2
** Event #256232   t=271.560406755771   Elapsed: 0.019304s (0m 00s)
     Speed:     ev/sec=1.32756e+07   simsec/sec=14069.7   ev/simsec=943.556
     Messages:  created: 2   present: 2   in FES: 1

<!> Simulation stopped with endSimulation() -- in module (ScheduledAccessQueue) DectScheduledAccessNetwork.queue (id=2), at t=271.560406755771s, event #256232

Calling finish() at end of Run #175...

Preparing for running configuration MonetecFocusedSmallR, run #176...
Scenario: $r=1, $rho=0.295, $repetition=2
Assigned runID=MonetecFocusedSmallR-176-20260930-07:06:05-58
Setting up network "dect2020scheduledaccess.DectScheduledAccessNetwork"...
Initializing...

Running simulation...
** Event #0   t=0   Elapsed: 3e-06s (0m 00s)
     Speed:     ev/sec=0   simsec/sec=0   ev/simsec=0
     Messages:  created: 2   present: 2   in FES: 2
** Event #255568   t=271.134463599773   Elapsed: 0.019218s (0m 00s)
     Speed:     ev/sec=1.33004e+07   simsec/sec=14110.6   ev/simsec=942.588
     Messages:  created: 2   present: 2   in FES: 1

<!> Simulation stopped with endSimulation() -- in module (ScheduledAccessQueue) DectScheduledAccessNetwork.queue (id=2), at t=271.134463599773s, event #255568

Calling finish() at end of Run #176...

Preparing for running configuration MonetecFocusedSmallR, run #177...
Scenario: $r=1, $rho=0.300, $repetition=0
Assigned runID=MonetecFocusedSmallR-177-20260930-07:06:05-58
Setting up network "dect2020scheduledaccess.DectScheduledAccessNetwork"...
Initializing...

Running simulation...
** Event #0   t=0   Elapsed: 2e-06s (0m 00s)
     Speed:     ev/sec=0   simsec/sec=0   ev/simsec=0
     Messages:  created: 2   present: 2   in FES: 2
** Event #259163   t=271.299808078692   Elapsed: 0.019752s (0m 00s)
     Speed:     ev/sec=1.31235e+07   simsec/sec=13738.1   ev/simsec=955.264
     Messages:  created: 2   present: 2   in FES: 1

<!> Simulation stopped with endSimulation() -- in module (ScheduledAccessQueue) DectScheduledAccessNetwork.queue (id=2), at t=271.299808078692s, event #259163

Calling finish() at end of Run #177...

Preparing for running configuration MonetecFocusedSmallR, run #178...
Scenario: $r=1, $rho=0.300, $repetition=1
Assigned runID=MonetecFocusedSmallR-178-20260930-07:06:05-58
Setting up network "dect2020scheduledaccess.DectScheduledAccessNetwork"...
Initializing...

Running simulation...
** Event #0   t=0   Elapsed: 2e-06s (0m 00s)
     Speed:     ev/sec=0   simsec/sec=0   ev/simsec=0
     Messages:  created: 2   present: 2   in FES: 2
** Event #259060   t=271.286794003336   Elapsed: 0.019606s (0m 00s)
     Speed:     ev/sec=1.32147e+07   simsec/sec=13838.3   ev/simsec=954.931
     Messages:  created: 2   present: 2   in FES: 1

<!> Simulation stopped with endSimulation() -- in module (ScheduledAccessQueue) DectScheduledAccessNetwork.queue (id=2), at t=271.286794003336s, event #259060

Calling finish() at end of Run #178...

Preparing for running configuration MonetecFocusedSmallR, run #179...
Scenario: $r=1, $rho=0.300, $repetition=2
Assigned runID=MonetecFocusedSmallR-179-20260930-07:06:06-58
Setting up network "dect2020scheduledaccess.DectScheduledAccessNetwork"...
Initializing...

Running simulation...
** Event #0   t=0   Elapsed: 2e-06s (0m 00s)
     Speed:     ev/sec=0   simsec/sec=0   ev/simsec=0
     Messages:  created: 2   present: 2   in FES: 2
** Event #258857   t=270.980743377948   Elapsed: 0.019561s (0m 00s)
     Speed:     ev/sec=1.32347e+07   simsec/sec=13854.5   ev/simsec=955.261
     Messages:  created: 2   present: 2   in FES: 1

<!> Simulation stopped with endSimulation() -- in module (ScheduledAccessQueue) DectScheduledAccessNetwork.queue (id=2), at t=270.980743377948s, event #258857

Calling finish() at end of Run #179...

Preparing for running configuration MonetecFocusedSmallR, run #180...
Scenario: $r=4, $rho=0.005, $repetition=0
Assigned runID=MonetecFocusedSmallR-180-20260930-07:06:06-58
Setting up network "dect2020scheduledaccess.DectScheduledAccessNetwork"...
Initializing...

Running simulation...
** Event #0   t=0   Elapsed: 2e-06s (0m 00s)
     Speed:     ev/sec=0   simsec/sec=0   ev/simsec=0
     Messages:  created: 2   present: 2   in FES: 2
** Event #389119   t=2886.613252335852   Elapsed: 0.023774s (0m 00s)
     Speed:     ev/sec=1.63688e+07   simsec/sec=121429   ev/simsec=134.801
     Messages:  created: 2   present: 2   in FES: 1

<!> Simulation stopped with endSimulation() -- in module (ScheduledAccessQueue) DectScheduledAccessNetwork.queue (id=2), at t=2886.613252335852s, event #389119

Calling finish() at end of Run #180...

Preparing for running configuration MonetecFocusedSmallR, run #181...
Scenario: $r=4, $rho=0.005, $repetition=1
Assigned runID=MonetecFocusedSmallR-181-20260930-07:06:06-58
Setting up network "dect2020scheduledaccess.DectScheduledAccessNetwork"...
Initializing...

Running simulation...
** Event #0   t=0   Elapsed: 3e-06s (0m 00s)
     Speed:     ev/sec=0   simsec/sec=0   ev/simsec=0
     Messages:  created: 2   present: 2   in FES: 2
** Event #392466   t=2916.726505529272   Elapsed: 0.023651s (0m 00s)
     Speed:     ev/sec=1.65962e+07   simsec/sec=123339   ev/simsec=134.557
     Messages:  created: 2   present: 2   in FES: 1

<!> Simulation stopped with endSimulation() -- in module (ScheduledAccessQueue) DectScheduledAccessNetwork.queue (id=2), at t=2916.726505529272s, event #392466

Calling finish() at end of Run #181...

Preparing for running configuration MonetecFocusedSmallR, run #182...
Scenario: $r=4, $rho=0.005, $repetition=2
Assigned runID=MonetecFocusedSmallR-182-20260930-07:06:06-58
Setting up network "dect2020scheduledaccess.DectScheduledAccessNetwork"...
Initializing...

Running simulation...
** Event #0   t=0   Elapsed: 3e-06s (0m 00s)
     Speed:     ev/sec=0   simsec/sec=0   ev/simsec=0
     Messages:  created: 2   present: 2   in FES: 2
** Event #389795   t=2892.738498770359   Elapsed: 0.023629s (0m 00s)
     Speed:     ev/sec=1.64986e+07   simsec/sec=122439   ev/simsec=134.75
     Messages:  created: 2   present: 2   in FES: 1

<!> Simulation stopped with endSimulation() -- in module (ScheduledAccessQueue) DectScheduledAccessNetwork.queue (id=2), at t=2892.738498770359s, event #389795

Calling finish() at end of Run #182...

Preparing for running configuration MonetecFocusedSmallR, run #183...
Scenario: $r=4, $rho=0.010, $repetition=0
Assigned runID=MonetecFocusedSmallR-183-20260930-07:06:06-58
Setting up network "dect2020scheduledaccess.DectScheduledAccessNetwork"...
Initializing...

Running simulation...
** Event #0   t=0   Elapsed: 2e-06s (0m 00s)
     Speed:     ev/sec=0   simsec/sec=0   ev/simsec=0
     Messages:  created: 2   present: 2   in FES: 2
** Event #229377   t=1448.87139462994   Elapsed: 0.014599s (0m 00s)
     Speed:     ev/sec=1.5714e+07   simsec/sec=99258.2   ev/simsec=158.314
     Messages:  created: 2   present: 2   in FES: 1

<!> Simulation stopped with endSimulation() -- in module (ScheduledAccessQueue) DectScheduledAccessNetwork.queue (id=2), at t=1448.87139462994s, event #229377

Calling finish() at end of Run #183...

Preparing for running configuration MonetecFocusedSmallR, run #184...
Scenario: $r=4, $rho=0.010, $repetition=1
Assigned runID=MonetecFocusedSmallR-184-20260930-07:06:06-58
Setting up network "dect2020scheduledaccess.DectScheduledAccessNetwork"...
Initializing...

Running simulation...
** Event #0   t=0   Elapsed: 2e-06s (0m 00s)
     Speed:     ev/sec=0   simsec/sec=0   ev/simsec=0
     Messages:  created: 2   present: 2   in FES: 2
** Event #230693   t=1460.736885760999   Elapsed: 0.014835s (0m 00s)
     Speed:     ev/sec=1.55569e+07   simsec/sec=98505.4   ev/simsec=157.929
     Messages:  created: 2   present: 2   in FES: 1

<!> Simulation stopped with endSimulation() -- in module (ScheduledAccessQueue) DectScheduledAccessNetwork.queue (id=2), at t=1460.736885760999s, event #230693

Calling finish() at end of Run #184...

Preparing for running configuration MonetecFocusedSmallR, run #185...
Scenario: $r=4, $rho=0.010, $repetition=2
Assigned runID=MonetecFocusedSmallR-185-20260930-07:06:06-58
Setting up network "dect2020scheduledaccess.DectScheduledAccessNetwork"...
Initializing...

Running simulation...
** Event #0   t=0   Elapsed: 2e-06s (0m 00s)
     Speed:     ev/sec=0   simsec/sec=0   ev/simsec=0
     Messages:  created: 2   present: 2   in FES: 2
** Event #229087   t=1446.36652092372   Elapsed: 0.014539s (0m 00s)
     Speed:     ev/sec=1.57589e+07   simsec/sec=99495.4   ev/simsec=158.388
     Messages:  created: 2   present: 2   in FES: 1

<!> Simulation stopped with endSimulation() -- in module (ScheduledAccessQueue) DectScheduledAccessNetwork.queue (id=2), at t=1446.36652092372s, event #229087

Calling finish() at end of Run #185...

Preparing for running configuration MonetecFocusedSmallR, run #186...
Scenario: $r=4, $rho=0.015, $repetition=0
Assigned runID=MonetecFocusedSmallR-186-20260930-07:06:06-58
Setting up network "dect2020scheduledaccess.DectScheduledAccessNetwork"...
Initializing...

Running simulation...
** Event #0   t=0   Elapsed: 2e-06s (0m 00s)
     Speed:     ev/sec=0   simsec/sec=0   ev/simsec=0
     Messages:  created: 2   present: 2   in FES: 2
** Event #175960   t=968.077031408954   Elapsed: 0.01169s (0m 00s)
     Speed:     ev/sec=1.50548e+07   simsec/sec=82826.6   ev/simsec=181.762
     Messages:  created: 2   present: 2   in FES: 1

<!> Simulation stopped with endSimulation() -- in module (ScheduledAccessQueue) DectScheduledAccessNetwork.queue (id=2), at t=968.077031408954s, event #175960

Calling finish() at end of Run #186...

Preparing for running configuration MonetecFocusedSmallR, run #187...
Scenario: $r=4, $rho=0.015, $repetition=1
Assigned runID=MonetecFocusedSmallR-187-20260930-07:06:06-58
Setting up network "dect2020scheduledaccess.DectScheduledAccessNetwork"...
Initializing...

Running simulation...
** Event #0   t=0   Elapsed: 3e-06s (0m 00s)
     Speed:     ev/sec=0   simsec/sec=0   ev/simsec=0
     Messages:  created: 2   present: 2   in FES: 2
** Event #176651   t=974.342898772455   Elapsed: 0.011803s (0m 00s)
     Speed:     ev/sec=1.49704e+07   simsec/sec=82571.4   ev/simsec=181.303
     Messages:  created: 2   present: 2   in FES: 1

<!> Simulation stopped with endSimulation() -- in module (ScheduledAccessQueue) DectScheduledAccessNetwork.queue (id=2), at t=974.342898772455s, event #176651

Calling finish() at end of Run #187...

Preparing for running configuration MonetecFocusedSmallR, run #188...
Scenario: $r=4, $rho=0.015, $repetition=2
Assigned runID=MonetecFocusedSmallR-188-20260930-07:06:06-58
Setting up network "dect2020scheduledaccess.DectScheduledAccessNetwork"...
Initializing...

Running simulation...
** Event #0   t=0   Elapsed: 3e-06s (0m 00s)
     Speed:     ev/sec=0   simsec/sec=0   ev/simsec=0
     Messages:  created: 2   present: 2   in FES: 2
** Event #175705   t=965.853053992423   Elapsed: 0.01159s (0m 00s)
     Speed:     ev/sec=1.5164e+07   simsec/sec=83356.6   ev/simsec=181.917
     Messages:  created: 2   present: 2   in FES: 1

<!> Simulation stopped with endSimulation() -- in module (ScheduledAccessQueue) DectScheduledAccessNetwork.queue (id=2), at t=965.853053992423s, event #175705

Calling finish() at end of Run #188...

Preparing for running configuration MonetecFocusedSmallR, run #189...
Scenario: $r=4, $rho=0.020, $repetition=0
Assigned runID=MonetecFocusedSmallR-189-20260930-07:06:06-58
Setting up network "dect2020scheduledaccess.DectScheduledAccessNetwork"...
Initializing...

Running simulation...
** Event #0   t=0   Elapsed: 3e-06s (0m 00s)
     Speed:     ev/sec=0   simsec/sec=0   ev/simsec=0
     Messages:  created: 2   present: 2   in FES: 2
** Event #148415   t=720.192666824574   Elapsed: 0.010145s (0m 00s)
     Speed:     ev/sec=1.46337e+07   simsec/sec=71010.9   ev/simsec=206.077
     Messages:  created: 2   present: 2   in FES: 1

<!> Simulation stopped with endSimulation() -- in module (ScheduledAccessQueue) DectScheduledAccessNetwork.queue (id=2), at t=720.192666824574s, event #148415

Calling finish() at end of Run #189...

Preparing for running configuration MonetecFocusedSmallR, run #190...
Scenario: $r=4, $rho=0.020, $repetition=1
Assigned runID=MonetecFocusedSmallR-190-20260930-07:06:06-58
Setting up network "dect2020scheduledaccess.DectScheduledAccessNetwork"...
Initializing...

Running simulation...
** Event #0   t=0   Elapsed: 2e-06s (0m 00s)
     Speed:     ev/sec=0   simsec/sec=0   ev/simsec=0
     Messages:  created: 2   present: 2   in FES: 2
** Event #149258   t=727.786221195631   Elapsed: 0.010235s (0m 00s)
     Speed:     ev/sec=1.45845e+07   simsec/sec=71114.5   ev/simsec=205.085
     Messages:  created: 2   present: 2   in FES: 1

<!> Simulation stopped with endSimulation() -- in module (ScheduledAccessQueue) DectScheduledAccessNetwork.queue (id=2), at t=727.786221195631s, event #149258

Calling finish() at end of Run #190...

Preparing for running configuration MonetecFocusedSmallR, run #191...
Scenario: $r=4, $rho=0.020, $repetition=2
Assigned runID=MonetecFocusedSmallR-191-20260930-07:06:06-58
Setting up network "dect2020scheduledaccess.DectScheduledAccessNetwork"...
Initializing...

Running simulation...
** Event #0   t=0   Elapsed: 2e-06s (0m 00s)
     Speed:     ev/sec=0   simsec/sec=0   ev/simsec=0
     Messages:  created: 2   present: 2   in FES: 2
** Event #149221   t=727.302272761562   Elapsed: 0.010259s (0m 00s)
     Speed:     ev/sec=1.45468e+07   simsec/sec=70901   ev/simsec=205.171
     Messages:  created: 2   present: 2   in FES: 1

<!> Simulation stopped with endSimulation() -- in module (ScheduledAccessQueue) DectScheduledAccessNetwork.queue (id=2), at t=727.302272761562s, event #149221

Calling finish() at end of Run #191...

Preparing for running configuration MonetecFocusedSmallR, run #192...
Scenario: $r=4, $rho=0.025, $repetition=0
Assigned runID=MonetecFocusedSmallR-192-20260930-07:06:06-58
Setting up network "dect2020scheduledaccess.DectScheduledAccessNetwork"...
Initializing...

Running simulation...
** Event #0   t=0   Elapsed: 2e-06s (0m 00s)
     Speed:     ev/sec=0   simsec/sec=0   ev/simsec=0
     Messages:  created: 2   present: 2   in FES: 2
** Event #133224   t=583.138059319079   Elapsed: 0.009407s (0m 00s)
     Speed:     ev/sec=0   simsec/sec=0   ev/simsec=0
     Messages:  created: 2   present: 2   in FES: 1

<!> Simulation stopped with endSimulation() -- in module (ScheduledAccessQueue) DectScheduledAccessNetwork.queue (id=2), at t=583.138059319079s, event #133224

Calling finish() at end of Run #192...

Preparing for running configuration MonetecFocusedSmallR, run #193...
Scenario: $r=4, $rho=0.025, $repetition=1
Assigned runID=MonetecFocusedSmallR-193-20260930-07:06:06-58
Setting up network "dect2020scheduledaccess.DectScheduledAccessNetwork"...
Initializing...

Running simulation...
** Event #0   t=0   Elapsed: 2e-06s (0m 00s)
     Speed:     ev/sec=0   simsec/sec=0   ev/simsec=0
     Messages:  created: 2   present: 2   in FES: 2
** Event #133402   t=584.860000590701   Elapsed: 0.009337s (0m 00s)
     Speed:     ev/sec=0   simsec/sec=0   ev/simsec=0
     Messages:  created: 2   present: 2   in FES: 1

<!> Simulation stopped with endSimulation() -- in module (ScheduledAccessQueue) DectScheduledAccessNetwork.queue (id=2), at t=584.860000590701s, event #133402

Calling finish() at end of Run #193...

Preparing for running configuration MonetecFocusedSmallR, run #194...
Scenario: $r=4, $rho=0.025, $repetition=2
Assigned runID=MonetecFocusedSmallR-194-20260930-07:06:06-58
Setting up network "dect2020scheduledaccess.DectScheduledAccessNetwork"...
Initializing...

Running simulation...
** Event #0   t=0   Elapsed: 2e-06s (0m 00s)
     Speed:     ev/sec=0   simsec/sec=0   ev/simsec=0
     Messages:  created: 2   present: 2   in FES: 2
** Event #132598   t=577.661641223258   Elapsed: 0.009415s (0m 00s)
     Speed:     ev/sec=0   simsec/sec=0   ev/simsec=0
     Messages:  created: 2   present: 2   in FES: 1

<!> Simulation stopped with endSimulation() -- in module (ScheduledAccessQueue) DectScheduledAccessNetwork.queue (id=2), at t=577.661641223258s, event #132598

Calling finish() at end of Run #194...

Preparing for running configuration MonetecFocusedSmallR, run #195...
Scenario: $r=4, $rho=0.030, $repetition=0
Assigned runID=MonetecFocusedSmallR-195-20260930-07:06:06-58
Setting up network "dect2020scheduledaccess.DectScheduledAccessNetwork"...
Initializing...

Running simulation...
** Event #0   t=0   Elapsed: 2e-06s (0m 00s)
     Speed:     ev/sec=0   simsec/sec=0   ev/simsec=0
     Messages:  created: 2   present: 2   in FES: 2
** Event #122146   t=483.26800916966   Elapsed: 0.008799s (0m 00s)
     Speed:     ev/sec=0   simsec/sec=0   ev/simsec=0
     Messages:  created: 2   present: 2   in FES: 1

<!> Simulation stopped with endSimulation() -- in module (ScheduledAccessQueue) DectScheduledAccessNetwork.queue (id=2), at t=483.26800916966s, event #122146

Calling finish() at end of Run #195...

Preparing for running configuration MonetecFocusedSmallR, run #196...
Scenario: $r=4, $rho=0.030, $repetition=1
Assigned runID=MonetecFocusedSmallR-196-20260930-07:06:06-58
Setting up network "dect2020scheduledaccess.DectScheduledAccessNetwork"...
Initializing...

Running simulation...
** Event #0   t=0   Elapsed: 2e-06s (0m 00s)
     Speed:     ev/sec=0   simsec/sec=0   ev/simsec=0
     Messages:  created: 2   present: 2   in FES: 2
** Event #122106   t=483.1404631872   Elapsed: 0.008885s (0m 00s)
     Speed:     ev/sec=0   simsec/sec=0   ev/simsec=0
     Messages:  created: 2   present: 2   in FES: 1

<!> Simulation stopped with endSimulation() -- in module (ScheduledAccessQueue) DectScheduledAccessNetwork.queue (id=2), at t=483.1404631872s, event #122106

Calling finish() at end of Run #196...

Preparing for running configuration MonetecFocusedSmallR, run #197...
Scenario: $r=4, $rho=0.030, $repetition=2
Assigned runID=MonetecFocusedSmallR-197-20260930-07:06:06-58
Setting up network "dect2020scheduledaccess.DectScheduledAccessNetwork"...
Initializing...

Running simulation...
** Event #0   t=0   Elapsed: 2e-06s (0m 00s)
     Speed:     ev/sec=0   simsec/sec=0   ev/simsec=0
     Messages:  created: 2   present: 2   in FES: 2
** Event #122122   t=483.127267044406   Elapsed: 0.008845s (0m 00s)
     Speed:     ev/sec=0   simsec/sec=0   ev/simsec=0
     Messages:  created: 2   present: 2   in FES: 1

<!> Simulation stopped with endSimulation() -- in module (ScheduledAccessQueue) DectScheduledAccessNetwork.queue (id=2), at t=483.127267044406s, event #122122

Calling finish() at end of Run #197...

Preparing for running configuration MonetecFocusedSmallR, run #198...
Scenario: $r=4, $rho=0.035, $repetition=0
Assigned runID=MonetecFocusedSmallR-198-20260930-07:06:06-58
Setting up network "dect2020scheduledaccess.DectScheduledAccessNetwork"...
Initializing...

Running simulation...
** Event #0   t=0   Elapsed: 2e-06s (0m 00s)
     Speed:     ev/sec=0   simsec/sec=0   ev/simsec=0
     Messages:  created: 2   present: 2   in FES: 2
** Event #114665   t=415.349043298726   Elapsed: 0.008504s (0m 00s)
     Speed:     ev/sec=0   simsec/sec=0   ev/simsec=0
     Messages:  created: 2   present: 2   in FES: 1

<!> Simulation stopped with endSimulation() -- in module (ScheduledAccessQueue) DectScheduledAccessNetwork.queue (id=2), at t=415.349043298726s, event #114665

Calling finish() at end of Run #198...

Preparing for running configuration MonetecFocusedSmallR, run #199...
Scenario: $r=4, $rho=0.035, $repetition=1
Assigned runID=MonetecFocusedSmallR-199-20260930-07:06:06-58
Setting up network "dect2020scheduledaccess.DectScheduledAccessNetwork"...
Initializing...

Running simulation...
** Event #0   t=0   Elapsed: 1.3e-05s (0m 00s)
     Speed:     ev/sec=0   simsec/sec=0   ev/simsec=0
     Messages:  created: 2   present: 2   in FES: 2
** Event #114589   t=415.056696575661   Elapsed: 0.008524s (0m 00s)
     Speed:     ev/sec=0   simsec/sec=0   ev/simsec=0
     Messages:  created: 2   present: 2   in FES: 1

<!> Simulation stopped with endSimulation() -- in module (ScheduledAccessQueue) DectScheduledAccessNetwork.queue (id=2), at t=415.056696575661s, event #114589

Calling finish() at end of Run #199...

Preparing for running configuration MonetecFocusedSmallR, run #200...
Scenario: $r=4, $rho=0.035, $repetition=2
Assigned runID=MonetecFocusedSmallR-200-20260930-07:06:06-58
Setting up network "dect2020scheduledaccess.DectScheduledAccessNetwork"...
Initializing...

Running simulation...
** Event #0   t=0   Elapsed: 3e-06s (0m 00s)
     Speed:     ev/sec=0   simsec/sec=0   ev/simsec=0
     Messages:  created: 2   present: 2   in FES: 2
** Event #114642   t=415.11943882414   Elapsed: 0.008385s (0m 00s)
     Speed:     ev/sec=0   simsec/sec=0   ev/simsec=0
     Messages:  created: 2   present: 2   in FES: 1

<!> Simulation stopped with endSimulation() -- in module (ScheduledAccessQueue) DectScheduledAccessNetwork.queue (id=2), at t=415.11943882414s, event #114642

Calling finish() at end of Run #200...

Preparing for running configuration MonetecFocusedSmallR, run #201...
Scenario: $r=4, $rho=0.040, $repetition=0
Assigned runID=MonetecFocusedSmallR-201-20260930-07:06:06-58
Setting up network "dect2020scheduledaccess.DectScheduledAccessNetwork"...
Initializing...

Running simulation...
** Event #0   t=0   Elapsed: 1.2e-05s (0m 00s)
     Speed:     ev/sec=0   simsec/sec=0   ev/simsec=0
     Messages:  created: 2   present: 2   in FES: 2
** Event #109134   t=364.672119097864   Elapsed: 0.008089s (0m 00s)
     Speed:     ev/sec=0   simsec/sec=0   ev/simsec=0
     Messages:  created: 2   present: 2   in FES: 1

<!> Simulation stopped with endSimulation() -- in module (ScheduledAccessQueue) DectScheduledAccessNetwork.queue (id=2), at t=364.672119097864s, event #109134

Calling finish() at end of Run #201...

Preparing for running configuration MonetecFocusedSmallR, run #202...
Scenario: $r=4, $rho=0.040, $repetition=1
Assigned runID=MonetecFocusedSmallR-202-20260930-07:06:06-58
Setting up network "dect2020scheduledaccess.DectScheduledAccessNetwork"...
Initializing...

Running simulation...
** Event #0   t=0   Elapsed: 2e-06s (0m 00s)
     Speed:     ev/sec=0   simsec/sec=0   ev/simsec=0
     Messages:  created: 2   present: 2   in FES: 2
** Event #109173   t=365.272796655866   Elapsed: 0.008216s (0m 00s)
     Speed:     ev/sec=0   simsec/sec=0   ev/simsec=0
     Messages:  created: 2   present: 2   in FES: 1

<!> Simulation stopped with endSimulation() -- in module (ScheduledAccessQueue) DectScheduledAccessNetwork.queue (id=2), at t=365.272796655866s, event #109173

Calling finish() at end of Run #202...

Preparing for running configuration MonetecFocusedSmallR, run #203...
Scenario: $r=4, $rho=0.040, $repetition=2
Assigned runID=MonetecFocusedSmallR-203-20260930-07:06:06-58
Setting up network "dect2020scheduledaccess.DectScheduledAccessNetwork"...
Initializing...

Running simulation...
** Event #0   t=0   Elapsed: 2e-06s (0m 00s)
     Speed:     ev/sec=0   simsec/sec=0   ev/simsec=0
     Messages:  created: 2   present: 2   in FES: 2
** Event #109242   t=365.559830364337   Elapsed: 0.008284s (0m 00s)
     Speed:     ev/sec=0   simsec/sec=0   ev/simsec=0
     Messages:  created: 2   present: 2   in FES: 1

<!> Simulation stopped with endSimulation() -- in module (ScheduledAccessQueue) DectScheduledAccessNetwork.queue (id=2), at t=365.559830364337s, event #109242

Calling finish() at end of Run #203...

Preparing for running configuration MonetecFocusedSmallR, run #204...
Scenario: $r=4, $rho=0.045, $repetition=0
Assigned runID=MonetecFocusedSmallR-204-20260930-07:06:06-58
Setting up network "dect2020scheduledaccess.DectScheduledAccessNetwork"...
Initializing...

Running simulation...
** Event #0   t=0   Elapsed: 3e-06s (0m 00s)
     Speed:     ev/sec=0   simsec/sec=0   ev/simsec=0
     Messages:  created: 2   present: 2   in FES: 2
** Event #104858   t=325.086384924988   Elapsed: 0.00797s (0m 00s)
     Speed:     ev/sec=0   simsec/sec=0   ev/simsec=0
     Messages:  created: 2   present: 2   in FES: 1

<!> Simulation stopped with endSimulation() -- in module (ScheduledAccessQueue) DectScheduledAccessNetwork.queue (id=2), at t=325.086384924988s, event #104858

Calling finish() at end of Run #204...

Preparing for running configuration MonetecFocusedSmallR, run #205...
Scenario: $r=4, $rho=0.045, $repetition=1
Assigned runID=MonetecFocusedSmallR-205-20260930-07:06:06-58
Setting up network "dect2020scheduledaccess.DectScheduledAccessNetwork"...
Initializing...

Running simulation...
** Event #0   t=0   Elapsed: 1.5e-05s (0m 00s)
     Speed:     ev/sec=0   simsec/sec=0   ev/simsec=0
     Messages:  created: 2   present: 2   in FES: 2
** Event #105252   t=328.427548230511   Elapsed: 0.008335s (0m 00s)
     Speed:     ev/sec=0   simsec/sec=0   ev/simsec=0
     Messages:  created: 2   present: 2   in FES: 1

<!> Simulation stopped with endSimulation() -- in module (ScheduledAccessQueue) DectScheduledAccessNetwork.queue (id=2), at t=328.427548230511s, event #105252

Calling finish() at end of Run #205...

Preparing for running configuration MonetecFocusedSmallR, run #206...
Scenario: $r=4, $rho=0.045, $repetition=2
Assigned runID=MonetecFocusedSmallR-206-20260930-07:06:06-58
Setting up network "dect2020scheduledaccess.DectScheduledAccessNetwork"...
Initializing...

Running simulation...
** Event #0   t=0   Elapsed: 2.3e-05s (0m 00s)
     Speed:     ev/sec=0   simsec/sec=0   ev/simsec=0
     Messages:  created: 2   present: 2   in FES: 2
** Event #104865   t=324.739941927692   Elapsed: 0.009214s (0m 00s)
     Speed:     ev/sec=0   simsec/sec=0   ev/simsec=0
     Messages:  created: 2   present: 2   in FES: 1

<!> Simulation stopped with endSimulation() -- in module (ScheduledAccessQueue) DectScheduledAccessNetwork.queue (id=2), at t=324.739941927692s, event #104865

Calling finish() at end of Run #206...

Preparing for running configuration MonetecFocusedSmallR, run #207...
Scenario: $r=4, $rho=0.050, $repetition=0
Assigned runID=MonetecFocusedSmallR-207-20260930-07:06:06-58
Setting up network "dect2020scheduledaccess.DectScheduledAccessNetwork"...
Initializing...

Running simulation...
** Event #0   t=0   Elapsed: 1.6e-05s (0m 00s)
     Speed:     ev/sec=0   simsec/sec=0   ev/simsec=0
     Messages:  created: 2   present: 2   in FES: 2
** Event #101742   t=295.275672952968   Elapsed: 0.007859s (0m 00s)
     Speed:     ev/sec=0   simsec/sec=0   ev/simsec=0
     Messages:  created: 2   present: 2   in FES: 1

<!> Simulation stopped with endSimulation() -- in module (ScheduledAccessQueue) DectScheduledAccessNetwork.queue (id=2), at t=295.275672952968s, event #101742

Calling finish() at end of Run #207...

Preparing for running configuration MonetecFocusedSmallR, run #208...
Scenario: $r=4, $rho=0.050, $repetition=1
Assigned runID=MonetecFocusedSmallR-208-20260930-07:06:06-58
Setting up network "dect2020scheduledaccess.DectScheduledAccessNetwork"...
Initializing...

Running simulation...
** Event #0   t=0   Elapsed: 3e-06s (0m 00s)
     Speed:     ev/sec=0   simsec/sec=0   ev/simsec=0
     Messages:  created: 2   present: 2   in FES: 2
** Event #101780   t=295.587404223465   Elapsed: 0.007702s (0m 00s)
     Speed:     ev/sec=0   simsec/sec=0   ev/simsec=0
     Messages:  created: 2   present: 2   in FES: 1

<!> Simulation stopped with endSimulation() -- in module (ScheduledAccessQueue) DectScheduledAccessNetwork.queue (id=2), at t=295.587404223465s, event #101780

Calling finish() at end of Run #208...

Preparing for running configuration MonetecFocusedSmallR, run #209...
Scenario: $r=4, $rho=0.050, $repetition=2
Assigned runID=MonetecFocusedSmallR-209-20260930-07:06:06-58
Setting up network "dect2020scheduledaccess.DectScheduledAccessNetwork"...
Initializing...

Running simulation...
** Event #0   t=0   Elapsed: 1.7e-05s (0m 00s)
     Speed:     ev/sec=0   simsec/sec=0   ev/simsec=0
     Messages:  created: 2   present: 2   in FES: 2
** Event #101672   t=293.887879915877   Elapsed: 0.007795s (0m 00s)
     Speed:     ev/sec=0   simsec/sec=0   ev/simsec=0
     Messages:  created: 2   present: 2   in FES: 1

<!> Simulation stopped with endSimulation() -- in module (ScheduledAccessQueue) DectScheduledAccessNetwork.queue (id=2), at t=293.887879915877s, event #101672

Calling finish() at end of Run #209...

Preparing for running configuration MonetecFocusedSmallR, run #210...
Scenario: $r=4, $rho=0.055, $repetition=0
Assigned runID=MonetecFocusedSmallR-210-20260930-07:06:06-58
Setting up network "dect2020scheduledaccess.DectScheduledAccessNetwork"...
Initializing...

Running simulation...
** Event #0   t=0   Elapsed: 1.7e-05s (0m 00s)
     Speed:     ev/sec=0   simsec/sec=0   ev/simsec=0
     Messages:  created: 2   present: 2   in FES: 2
** Event #99272   t=269.457138856861   Elapsed: 0.007661s (0m 00s)
     Speed:     ev/sec=0   simsec/sec=0   ev/simsec=0
     Messages:  created: 2   present: 2   in FES: 1

<!> Simulation stopped with endSimulation() -- in module (ScheduledAccessQueue) DectScheduledAccessNetwork.queue (id=2), at t=269.457138856861s, event #99272

Calling finish() at end of Run #210...

Preparing for running configuration MonetecFocusedSmallR, run #211...
Scenario: $r=4, $rho=0.055, $repetition=1
Assigned runID=MonetecFocusedSmallR-211-20260930-07:06:06-58
Setting up network "dect2020scheduledaccess.DectScheduledAccessNetwork"...
Initializing...

Running simulation...
** Event #0   t=0   Elapsed: 1e-05s (0m 00s)
     Speed:     ev/sec=0   simsec/sec=0   ev/simsec=0
     Messages:  created: 2   present: 2   in FES: 2
** Event #99456   t=271.928414952714   Elapsed: 0.007623s (0m 00s)
     Speed:     ev/sec=0   simsec/sec=0   ev/simsec=0
     Messages:  created: 2   present: 2   in FES: 1

<!> Simulation stopped with endSimulation() -- in module (ScheduledAccessQueue) DectScheduledAccessNetwork.queue (id=2), at t=271.928414952714s, event #99456

Calling finish() at end of Run #211...

Preparing for running configuration MonetecFocusedSmallR, run #212...
Scenario: $r=4, $rho=0.055, $repetition=2
Assigned runID=MonetecFocusedSmallR-212-20260930-07:06:06-58
Setting up network "dect2020scheduledaccess.DectScheduledAccessNetwork"...
Initializing...

Running simulation...
** Event #0   t=0   Elapsed: 1.2e-05s (0m 00s)
     Speed:     ev/sec=0   simsec/sec=0   ev/simsec=0
     Messages:  created: 2   present: 2   in FES: 2
** Event #99467   t=270.967710608715   Elapsed: 0.00765s (0m 00s)
     Speed:     ev/sec=0   simsec/sec=0   ev/simsec=0
     Messages:  created: 2   present: 2   in FES: 1

<!> Simulation stopped with endSimulation() -- in module (ScheduledAccessQueue) DectScheduledAccessNetwork.queue (id=2), at t=270.967710608715s, event #99467

Calling finish() at end of Run #212...

Preparing for running configuration MonetecFocusedSmallR, run #213...
Scenario: $r=4, $rho=0.060, $repetition=0
Assigned runID=MonetecFocusedSmallR-213-20260930-07:06:06-58
Setting up network "dect2020scheduledaccess.DectScheduledAccessNetwork"...
Initializing...

Running simulation...
** Event #0   t=0   Elapsed: 1.3e-05s (0m 00s)
     Speed:     ev/sec=0   simsec/sec=0   ev/simsec=0
     Messages:  created: 2   present: 2   in FES: 2
** Event #97570   t=251.057698096553   Elapsed: 0.007722s (0m 00s)
     Speed:     ev/sec=0   simsec/sec=0   ev/simsec=0
     Messages:  created: 2   present: 2   in FES: 1

<!> Simulation stopped with endSimulation() -- in module (ScheduledAccessQueue) DectScheduledAccessNetwork.queue (id=2), at t=251.057698096553s, event #97570

Calling finish() at end of Run #213...

Preparing for running configuration MonetecFocusedSmallR, run #214...
Scenario: $r=4, $rho=0.060, $repetition=1
Assigned runID=MonetecFocusedSmallR-214-20260930-07:06:06-58
Setting up network "dect2020scheduledaccess.DectScheduledAccessNetwork"...
Initializing...

Running simulation...
** Event #0   t=0   Elapsed: 1.4e-05s (0m 00s)
     Speed:     ev/sec=0   simsec/sec=0   ev/simsec=0
     Messages:  created: 2   present: 2   in FES: 2
** Event #97587   t=250.75143643458   Elapsed: 0.00766s (0m 00s)
     Speed:     ev/sec=0   simsec/sec=0   ev/simsec=0
     Messages:  created: 2   present: 2   in FES: 1

<!> Simulation stopped with endSimulation() -- in module (ScheduledAccessQueue) DectScheduledAccessNetwork.queue (id=2), at t=250.75143643458s, event #97587

Calling finish() at end of Run #214...

Preparing for running configuration MonetecFocusedSmallR, run #215...
Scenario: $r=4, $rho=0.060, $repetition=2
Assigned runID=MonetecFocusedSmallR-215-20260930-07:06:06-58
Setting up network "dect2020scheduledaccess.DectScheduledAccessNetwork"...
Initializing...

Running simulation...
** Event #0   t=0   Elapsed: 1.7e-05s (0m 00s)
     Speed:     ev/sec=0   simsec/sec=0   ev/simsec=0
     Messages:  created: 2   present: 2   in FES: 2
** Event #97512   t=249.686283609947   Elapsed: 0.007547s (0m 00s)
     Speed:     ev/sec=0   simsec/sec=0   ev/simsec=0
     Messages:  created: 2   present: 2   in FES: 1

<!> Simulation stopped with endSimulation() -- in module (ScheduledAccessQueue) DectScheduledAccessNetwork.queue (id=2), at t=249.686283609947s, event #97512

Calling finish() at end of Run #215...

Preparing for running configuration MonetecFocusedSmallR, run #216...
Scenario: $r=4, $rho=0.065, $repetition=0
Assigned runID=MonetecFocusedSmallR-216-20260930-07:06:06-58
Setting up network "dect2020scheduledaccess.DectScheduledAccessNetwork"...
Initializing...

Running simulation...
** Event #0   t=0   Elapsed: 2e-05s (0m 00s)
     Speed:     ev/sec=0   simsec/sec=0   ev/simsec=0
     Messages:  created: 2   present: 2   in FES: 2
** Event #96287   t=234.871113620281   Elapsed: 0.007632s (0m 00s)
     Speed:     ev/sec=0   simsec/sec=0   ev/simsec=0
     Messages:  created: 2   present: 2   in FES: 1

<!> Simulation stopped with endSimulation() -- in module (ScheduledAccessQueue) DectScheduledAccessNetwork.queue (id=2), at t=234.871113620281s, event #96287

Calling finish() at end of Run #216...

Preparing for running configuration MonetecFocusedSmallR, run #217...
Scenario: $r=4, $rho=0.065, $repetition=1
Assigned runID=MonetecFocusedSmallR-217-20260930-07:06:06-58
Setting up network "dect2020scheduledaccess.DectScheduledAccessNetwork"...
Initializing...

Running simulation...
** Event #0   t=0   Elapsed: 1.6e-05s (0m 00s)
     Speed:     ev/sec=0   simsec/sec=0   ev/simsec=0
     Messages:  created: 2   present: 2   in FES: 2
** Event #96529   t=235.915425232704   Elapsed: 0.007497s (0m 00s)
     Speed:     ev/sec=0   simsec/sec=0   ev/simsec=0
     Messages:  created: 2   present: 2   in FES: 1

<!> Simulation stopped with endSimulation() -- in module (ScheduledAccessQueue) DectScheduledAccessNetwork.queue (id=2), at t=235.915425232704s, event #96529

Calling finish() at end of Run #217...

Preparing for running configuration MonetecFocusedSmallR, run #218...
Scenario: $r=4, $rho=0.065, $repetition=2
Assigned runID=MonetecFocusedSmallR-218-20260930-07:06:06-58
Setting up network "dect2020scheduledaccess.DectScheduledAccessNetwork"...
Initializing...

Running simulation...
** Event #0   t=0   Elapsed: 1.6e-05s (0m 00s)
     Speed:     ev/sec=0   simsec/sec=0   ev/simsec=0
     Messages:  created: 2   present: 2   in FES: 2
** Event #96263   t=234.904157286772   Elapsed: 0.007605s (0m 00s)
     Speed:     ev/sec=0   simsec/sec=0   ev/simsec=0
     Messages:  created: 2   present: 2   in FES: 1

<!> Simulation stopped with endSimulation() -- in module (ScheduledAccessQueue) DectScheduledAccessNetwork.queue (id=2), at t=234.904157286772s, event #96263

Calling finish() at end of Run #218...

Preparing for running configuration MonetecFocusedSmallR, run #219...
Scenario: $r=4, $rho=0.070, $repetition=0
Assigned runID=MonetecFocusedSmallR-219-20260930-07:06:06-58
Setting up network "dect2020scheduledaccess.DectScheduledAccessNetwork"...
Initializing...

Running simulation...
** Event #0   t=0   Elapsed: 2e-06s (0m 00s)
     Speed:     ev/sec=0   simsec/sec=0   ev/simsec=0
     Messages:  created: 2   present: 2   in FES: 2
** Event #95560   t=222.424415083659   Elapsed: 0.007508s (0m 00s)
     Speed:     ev/sec=0   simsec/sec=0   ev/simsec=0
     Messages:  created: 2   present: 2   in FES: 1

<!> Simulation stopped with endSimulation() -- in module (ScheduledAccessQueue) DectScheduledAccessNetwork.queue (id=2), at t=222.424415083659s, event #95560

Calling finish() at end of Run #219...

Preparing for running configuration MonetecFocusedSmallR, run #220...
Scenario: $r=4, $rho=0.070, $repetition=1
Assigned runID=MonetecFocusedSmallR-220-20260930-07:06:06-58
Setting up network "dect2020scheduledaccess.DectScheduledAccessNetwork"...
Initializing...

Running simulation...
** Event #0   t=0   Elapsed: 1.7e-05s (0m 00s)
     Speed:     ev/sec=0   simsec/sec=0   ev/simsec=0
     Messages:  created: 2   present: 2   in FES: 2
** Event #95802   t=223.305780693558   Elapsed: 0.007534s (0m 00s)
     Speed:     ev/sec=0   simsec/sec=0   ev/simsec=0
     Messages:  created: 2   present: 2   in FES: 1

<!> Simulation stopped with endSimulation() -- in module (ScheduledAccessQueue) DectScheduledAccessNetwork.queue (id=2), at t=223.305780693558s, event #95802

Calling finish() at end of Run #220...

Preparing for running configuration MonetecFocusedSmallR, run #221...
Scenario: $r=4, $rho=0.070, $repetition=2
Assigned runID=MonetecFocusedSmallR-221-20260930-07:06:06-58
Setting up network "dect2020scheduledaccess.DectScheduledAccessNetwork"...
Initializing...

Running simulation...
** Event #0   t=0   Elapsed: 3e-06s (0m 00s)
     Speed:     ev/sec=0   simsec/sec=0   ev/simsec=0
     Messages:  created: 2   present: 2   in FES: 2
** Event #95690   t=223.325469853589   Elapsed: 0.007479s (0m 00s)
     Speed:     ev/sec=0   simsec/sec=0   ev/simsec=0
     Messages:  created: 2   present: 2   in FES: 1

<!> Simulation stopped with endSimulation() -- in module (ScheduledAccessQueue) DectScheduledAccessNetwork.queue (id=2), at t=223.325469853589s, event #95690

Calling finish() at end of Run #221...

Preparing for running configuration MonetecFocusedSmallR, run #222...
Scenario: $r=4, $rho=0.075, $repetition=0
Assigned runID=MonetecFocusedSmallR-222-20260930-07:06:06-58
Setting up network "dect2020scheduledaccess.DectScheduledAccessNetwork"...
Initializing...

Running simulation...
** Event #0   t=0   Elapsed: 2e-06s (0m 00s)
     Speed:     ev/sec=0   simsec/sec=0   ev/simsec=0
     Messages:  created: 2   present: 2   in FES: 2
** Event #95311   t=212.002584295739   Elapsed: 0.007497s (0m 00s)
     Speed:     ev/sec=0   simsec/sec=0   ev/simsec=0
     Messages:  created: 2   present: 2   in FES: 1

<!> Simulation stopped with endSimulation() -- in module (ScheduledAccessQueue) DectScheduledAccessNetwork.queue (id=2), at t=212.002584295739s, event #95311

Calling finish() at end of Run #222...

Preparing for running configuration MonetecFocusedSmallR, run #223...
Scenario: $r=4, $rho=0.075, $repetition=1
Assigned runID=MonetecFocusedSmallR-223-20260930-07:06:06-58
Setting up network "dect2020scheduledaccess.DectScheduledAccessNetwork"...
Initializing...

Running simulation...
** Event #0   t=0   Elapsed: 1.4e-05s (0m 00s)
     Speed:     ev/sec=0   simsec/sec=0   ev/simsec=0
     Messages:  created: 2   present: 2   in FES: 2
** Event #95287   t=212.306755988356   Elapsed: 0.007502s (0m 00s)
     Speed:     ev/sec=0   simsec/sec=0   ev/simsec=0
     Messages:  created: 2   present: 2   in FES: 1

<!> Simulation stopped with endSimulation() -- in module (ScheduledAccessQueue) DectScheduledAccessNetwork.queue (id=2), at t=212.306755988356s, event #95287

Calling finish() at end of Run #223...

Preparing for running configuration MonetecFocusedSmallR, run #224...
Scenario: $r=4, $rho=0.075, $repetition=2
Assigned runID=MonetecFocusedSmallR-224-20260930-07:06:06-58
Setting up network "dect2020scheduledaccess.DectScheduledAccessNetwork"...
Initializing...

Running simulation...
** Event #0   t=0   Elapsed: 2e-06s (0m 00s)
     Speed:     ev/sec=0   simsec/sec=0   ev/simsec=0
     Messages:  created: 2   present: 2   in FES: 2
** Event #95343   t=212.517216701896   Elapsed: 0.00757s (0m 00s)
     Speed:     ev/sec=0   simsec/sec=0   ev/simsec=0
     Messages:  created: 2   present: 2   in FES: 1

<!> Simulation stopped with endSimulation() -- in module (ScheduledAccessQueue) DectScheduledAccessNetwork.queue (id=2), at t=212.517216701896s, event #95343

Calling finish() at end of Run #224...

Preparing for running configuration MonetecFocusedSmallR, run #225...
Scenario: $r=4, $rho=0.080, $repetition=0
Assigned runID=MonetecFocusedSmallR-225-20260930-07:06:06-58
Setting up network "dect2020scheduledaccess.DectScheduledAccessNetwork"...
Initializing...

Running simulation...
** Event #0   t=0   Elapsed: 1.3e-05s (0m 00s)
     Speed:     ev/sec=0   simsec/sec=0   ev/simsec=0
     Messages:  created: 2   present: 2   in FES: 2
** Event #95154   t=203.470362541376   Elapsed: 0.007978s (0m 00s)
     Speed:     ev/sec=0   simsec/sec=0   ev/simsec=0
     Messages:  created: 2   present: 2   in FES: 1

<!> Simulation stopped with endSimulation() -- in module (ScheduledAccessQueue) DectScheduledAccessNetwork.queue (id=2), at t=203.470362541376s, event #95154

Calling finish() at end of Run #225...

Preparing for running configuration MonetecFocusedSmallR, run #226...
Scenario: $r=4, $rho=0.080, $repetition=1
Assigned runID=MonetecFocusedSmallR-226-20260930-07:06:06-58
Setting up network "dect2020scheduledaccess.DectScheduledAccessNetwork"...
Initializing...

Running simulation...
** Event #0   t=0   Elapsed: 2e-06s (0m 00s)
     Speed:     ev/sec=0   simsec/sec=0   ev/simsec=0
     Messages:  created: 2   present: 2   in FES: 2
** Event #95254   t=203.584504158926   Elapsed: 0.00766s (0m 00s)
     Speed:     ev/sec=0   simsec/sec=0   ev/simsec=0
     Messages:  created: 2   present: 2   in FES: 1

<!> Simulation stopped with endSimulation() -- in module (ScheduledAccessQueue) DectScheduledAccessNetwork.queue (id=2), at t=203.584504158926s, event #95254

Calling finish() at end of Run #226...

Preparing for running configuration MonetecFocusedSmallR, run #227...
Scenario: $r=4, $rho=0.080, $repetition=2
Assigned runID=MonetecFocusedSmallR-227-20260930-07:06:06-58
Setting up network "dect2020scheduledaccess.DectScheduledAccessNetwork"...
Initializing...

Running simulation...
** Event #0   t=0   Elapsed: 1.7e-05s (0m 00s)
     Speed:     ev/sec=0   simsec/sec=0   ev/simsec=0
     Messages:  created: 2   present: 2   in FES: 2
** Event #95380   t=204.439289208413   Elapsed: 0.007545s (0m 00s)
     Speed:     ev/sec=0   simsec/sec=0   ev/simsec=0
     Messages:  created: 2   present: 2   in FES: 1

<!> Simulation stopped with endSimulation() -- in module (ScheduledAccessQueue) DectScheduledAccessNetwork.queue (id=2), at t=204.439289208413s, event #95380

Calling finish() at end of Run #227...

Preparing for running configuration MonetecFocusedSmallR, run #228...
Scenario: $r=4, $rho=0.085, $repetition=0
Assigned runID=MonetecFocusedSmallR-228-20260930-07:06:06-58
Setting up network "dect2020scheduledaccess.DectScheduledAccessNetwork"...
Initializing...

Running simulation...
** Event #0   t=0   Elapsed: 3e-06s (0m 00s)
     Speed:     ev/sec=0   simsec/sec=0   ev/simsec=0
     Messages:  created: 2   present: 2   in FES: 2
** Event #95524   t=196.400614482719   Elapsed: 0.007487s (0m 00s)
     Speed:     ev/sec=0   simsec/sec=0   ev/simsec=0
     Messages:  created: 2   present: 2   in FES: 1

<!> Simulation stopped with endSimulation() -- in module (ScheduledAccessQueue) DectScheduledAccessNetwork.queue (id=2), at t=196.400614482719s, event #95524

Calling finish() at end of Run #228...

Preparing for running configuration MonetecFocusedSmallR, run #229...
Scenario: $r=4, $rho=0.085, $repetition=1
Assigned runID=MonetecFocusedSmallR-229-20260930-07:06:06-58
Setting up network "dect2020scheduledaccess.DectScheduledAccessNetwork"...
Initializing...

Running simulation...
** Event #0   t=0   Elapsed: 5e-06s (0m 00s)
     Speed:     ev/sec=0   simsec/sec=0   ev/simsec=0
     Messages:  created: 2   present: 2   in FES: 2
** Event #95616   t=196.57762923043   Elapsed: 0.007508s (0m 00s)
     Speed:     ev/sec=0   simsec/sec=0   ev/simsec=0
     Messages:  created: 2   present: 2   in FES: 1

<!> Simulation stopped with endSimulation() -- in module (ScheduledAccessQueue) DectScheduledAccessNetwork.queue (id=2), at t=196.57762923043s, event #95616

Calling finish() at end of Run #229...

Preparing for running configuration MonetecFocusedSmallR, run #230...
Scenario: $r=4, $rho=0.085, $repetition=2
Assigned runID=MonetecFocusedSmallR-230-20260930-07:06:06-58
Setting up network "dect2020scheduledaccess.DectScheduledAccessNetwork"...
Initializing...

Running simulation...
** Event #0   t=0   Elapsed: 2e-06s (0m 00s)
     Speed:     ev/sec=0   simsec/sec=0   ev/simsec=0
     Messages:  created: 2   present: 2   in FES: 2
** Event #95827   t=197.811703805008   Elapsed: 0.007545s (0m 00s)
     Speed:     ev/sec=0   simsec/sec=0   ev/simsec=0
     Messages:  created: 2   present: 2   in FES: 1

<!> Simulation stopped with endSimulation() -- in module (ScheduledAccessQueue) DectScheduledAccessNetwork.queue (id=2), at t=197.811703805008s, event #95827

Calling finish() at end of Run #230...

Preparing for running configuration MonetecFocusedSmallR, run #231...
Scenario: $r=4, $rho=0.090, $repetition=0
Assigned runID=MonetecFocusedSmallR-231-20260930-07:06:06-58
Setting up network "dect2020scheduledaccess.DectScheduledAccessNetwork"...
Initializing...

Running simulation...
** Event #0   t=0   Elapsed: 2e-06s (0m 00s)
     Speed:     ev/sec=0   simsec/sec=0   ev/simsec=0
     Messages:  created: 2   present: 2   in FES: 2
** Event #96188   t=190.992074050775   Elapsed: 0.007685s (0m 00s)
     Speed:     ev/sec=0   simsec/sec=0   ev/simsec=0
     Messages:  created: 2   present: 2   in FES: 1

<!> Simulation stopped with endSimulation() -- in module (ScheduledAccessQueue) DectScheduledAccessNetwork.queue (id=2), at t=190.992074050775s, event #96188

Calling finish() at end of Run #231...

Preparing for running configuration MonetecFocusedSmallR, run #232...
Scenario: $r=4, $rho=0.090, $repetition=1
Assigned runID=MonetecFocusedSmallR-232-20260930-07:06:06-58
Setting up network "dect2020scheduledaccess.DectScheduledAccessNetwork"...
Initializing...

Running simulation...
** Event #0   t=0   Elapsed: 3e-06s (0m 00s)
     Speed:     ev/sec=0   simsec/sec=0   ev/simsec=0
     Messages:  created: 2   present: 2   in FES: 2
** Event #96188   t=191.793735630642   Elapsed: 0.007576s (0m 00s)
     Speed:     ev/sec=0   simsec/sec=0   ev/simsec=0
     Messages:  created: 2   present: 2   in FES: 1

<!> Simulation stopped with endSimulation() -- in module (ScheduledAccessQueue) DectScheduledAccessNetwork.queue (id=2), at t=191.793735630642s, event #96188

Calling finish() at end of Run #232...

Preparing for running configuration MonetecFocusedSmallR, run #233...
Scenario: $r=4, $rho=0.090, $repetition=2
Assigned runID=MonetecFocusedSmallR-233-20260930-07:06:06-58
Setting up network "dect2020scheduledaccess.DectScheduledAccessNetwork"...
Initializing...

Running simulation...
** Event #0   t=0   Elapsed: 2e-06s (0m 00s)
     Speed:     ev/sec=0   simsec/sec=0   ev/simsec=0
     Messages:  created: 2   present: 2   in FES: 2
** Event #96303   t=192.448035971033   Elapsed: 0.007597s (0m 00s)
     Speed:     ev/sec=0   simsec/sec=0   ev/simsec=0
     Messages:  created: 2   present: 2   in FES: 1

<!> Simulation stopped with endSimulation() -- in module (ScheduledAccessQueue) DectScheduledAccessNetwork.queue (id=2), at t=192.448035971033s, event #96303

Calling finish() at end of Run #233...

Preparing for running configuration MonetecFocusedSmallR, run #234...
Scenario: $r=4, $rho=0.095, $repetition=0
Assigned runID=MonetecFocusedSmallR-234-20260930-07:06:06-58
Setting up network "dect2020scheduledaccess.DectScheduledAccessNetwork"...
Initializing...

Running simulation...
** Event #0   t=0   Elapsed: 2e-06s (0m 00s)
     Speed:     ev/sec=0   simsec/sec=0   ev/simsec=0
     Messages:  created: 2   present: 2   in FES: 2
** Event #96936   t=186.623471937078   Elapsed: 0.007695s (0m 00s)
     Speed:     ev/sec=0   simsec/sec=0   ev/simsec=0
     Messages:  created: 2   present: 2   in FES: 1

<!> Simulation stopped with endSimulation() -- in module (ScheduledAccessQueue) DectScheduledAccessNetwork.queue (id=2), at t=186.623471937078s, event #96936

Calling finish() at end of Run #234...

Preparing for running configuration MonetecFocusedSmallR, run #235...
Scenario: $r=4, $rho=0.095, $repetition=1
Assigned runID=MonetecFocusedSmallR-235-20260930-07:06:06-58
Setting up network "dect2020scheduledaccess.DectScheduledAccessNetwork"...
Initializing...

Running simulation...
** Event #0   t=0   Elapsed: 3e-06s (0m 00s)
     Speed:     ev/sec=0   simsec/sec=0   ev/simsec=0
     Messages:  created: 2   present: 2   in FES: 2
** Event #97054   t=187.355849602546   Elapsed: 0.007716s (0m 00s)
     Speed:     ev/sec=0   simsec/sec=0   ev/simsec=0
     Messages:  created: 2   present: 2   in FES: 1

<!> Simulation stopped with endSimulation() -- in module (ScheduledAccessQueue) DectScheduledAccessNetwork.queue (id=2), at t=187.355849602546s, event #97054

Calling finish() at end of Run #235...

Preparing for running configuration MonetecFocusedSmallR, run #236...
Scenario: $r=4, $rho=0.095, $repetition=2
Assigned runID=MonetecFocusedSmallR-236-20260930-07:06:06-58
Setting up network "dect2020scheduledaccess.DectScheduledAccessNetwork"...
Initializing...

Running simulation...
** Event #0   t=0   Elapsed: 2e-06s (0m 00s)
     Speed:     ev/sec=0   simsec/sec=0   ev/simsec=0
     Messages:  created: 2   present: 2   in FES: 2
** Event #97155   t=187.710606986373   Elapsed: 0.007803s (0m 00s)
     Speed:     ev/sec=0   simsec/sec=0   ev/simsec=0
     Messages:  created: 2   present: 2   in FES: 1

<!> Simulation stopped with endSimulation() -- in module (ScheduledAccessQueue) DectScheduledAccessNetwork.queue (id=2), at t=187.710606986373s, event #97155

Calling finish() at end of Run #236...

Preparing for running configuration MonetecFocusedSmallR, run #237...
Scenario: $r=4, $rho=0.100, $repetition=0
Assigned runID=MonetecFocusedSmallR-237-20260930-07:06:06-58
Setting up network "dect2020scheduledaccess.DectScheduledAccessNetwork"...
Initializing...

Running simulation...
** Event #0   t=0   Elapsed: 3e-06s (0m 00s)
     Speed:     ev/sec=0   simsec/sec=0   ev/simsec=0
     Messages:  created: 2   present: 2   in FES: 2
** Event #98230   t=183.64749001306   Elapsed: 0.007892s (0m 00s)
     Speed:     ev/sec=0   simsec/sec=0   ev/simsec=0
     Messages:  created: 2   present: 2   in FES: 1

<!> Simulation stopped with endSimulation() -- in module (ScheduledAccessQueue) DectScheduledAccessNetwork.queue (id=2), at t=183.64749001306s, event #98230

Calling finish() at end of Run #237...

Preparing for running configuration MonetecFocusedSmallR, run #238...
Scenario: $r=4, $rho=0.100, $repetition=1
Assigned runID=MonetecFocusedSmallR-238-20260930-07:06:06-58
Setting up network "dect2020scheduledaccess.DectScheduledAccessNetwork"...
Initializing...

Running simulation...
** Event #0   t=0   Elapsed: 2e-06s (0m 00s)
     Speed:     ev/sec=0   simsec/sec=0   ev/simsec=0
     Messages:  created: 2   present: 2   in FES: 2
** Event #98185   t=183.858014722509   Elapsed: 0.00768s (0m 00s)
     Speed:     ev/sec=0   simsec/sec=0   ev/simsec=0
     Messages:  created: 2   present: 2   in FES: 1

<!> Simulation stopped with endSimulation() -- in module (ScheduledAccessQueue) DectScheduledAccessNetwork.queue (id=2), at t=183.858014722509s, event #98185

Calling finish() at end of Run #238...

Preparing for running configuration MonetecFocusedSmallR, run #239...
Scenario: $r=4, $rho=0.100, $repetition=2
Assigned runID=MonetecFocusedSmallR-239-20260930-07:06:06-58
Setting up network "dect2020scheduledaccess.DectScheduledAccessNetwork"...
Initializing...

Running simulation...
** Event #0   t=0   Elapsed: 2e-06s (0m 00s)
     Speed:     ev/sec=0   simsec/sec=0   ev/simsec=0
     Messages:  created: 2   present: 2   in FES: 2
** Event #98060   t=184.543472662791   Elapsed: 0.007752s (0m 00s)
     Speed:     ev/sec=0   simsec/sec=0   ev/simsec=0
     Messages:  created: 2   present: 2   in FES: 1

<!> Simulation stopped with endSimulation() -- in module (ScheduledAccessQueue) DectScheduledAccessNetwork.queue (id=2), at t=184.543472662791s, event #98060

Calling finish() at end of Run #239...

Preparing for running configuration MonetecFocusedSmallR, run #240...
Scenario: $r=4, $rho=0.105, $repetition=0
Assigned runID=MonetecFocusedSmallR-240-20260930-07:06:06-58
Setting up network "dect2020scheduledaccess.DectScheduledAccessNetwork"...
Initializing...

Running simulation...
** Event #0   t=0   Elapsed: 2e-06s (0m 00s)
     Speed:     ev/sec=0   simsec/sec=0   ev/simsec=0
     Messages:  created: 2   present: 2   in FES: 2
** Event #99227   t=181.030324966041   Elapsed: 0.007849s (0m 00s)
     Speed:     ev/sec=0   simsec/sec=0   ev/simsec=0
     Messages:  created: 2   present: 2   in FES: 1

<!> Simulation stopped with endSimulation() -- in module (ScheduledAccessQueue) DectScheduledAccessNetwork.queue (id=2), at t=181.030324966041s, event #99227

Calling finish() at end of Run #240...

Preparing for running configuration MonetecFocusedSmallR, run #241...
Scenario: $r=4, $rho=0.105, $repetition=1
Assigned runID=MonetecFocusedSmallR-241-20260930-07:06:06-58
Setting up network "dect2020scheduledaccess.DectScheduledAccessNetwork"...
Initializing...

Running simulation...
** Event #0   t=0   Elapsed: 2e-06s (0m 00s)
     Speed:     ev/sec=0   simsec/sec=0   ev/simsec=0
     Messages:  created: 2   present: 2   in FES: 2
** Event #99433   t=181.474453902995   Elapsed: 0.007838s (0m 00s)
     Speed:     ev/sec=0   simsec/sec=0   ev/simsec=0
     Messages:  created: 2   present: 2   in FES: 1

<!> Simulation stopped with endSimulation() -- in module (ScheduledAccessQueue) DectScheduledAccessNetwork.queue (id=2), at t=181.474453902995s, event #99433

Calling finish() at end of Run #241...

Preparing for running configuration MonetecFocusedSmallR, run #242...
Scenario: $r=4, $rho=0.105, $repetition=2
Assigned runID=MonetecFocusedSmallR-242-20260930-07:06:06-58
Setting up network "dect2020scheduledaccess.DectScheduledAccessNetwork"...
Initializing...

Running simulation...
** Event #0   t=0   Elapsed: 3e-06s (0m 00s)
     Speed:     ev/sec=0   simsec/sec=0   ev/simsec=0
     Messages:  created: 2   present: 2   in FES: 2
** Event #99307   t=182.009196417308   Elapsed: 0.007776s (0m 00s)
     Speed:     ev/sec=0   simsec/sec=0   ev/simsec=0
     Messages:  created: 2   present: 2   in FES: 1

<!> Simulation stopped with endSimulation() -- in module (ScheduledAccessQueue) DectScheduledAccessNetwork.queue (id=2), at t=182.009196417308s, event #99307

Calling finish() at end of Run #242...

Preparing for running configuration MonetecFocusedSmallR, run #243...
Scenario: $r=4, $rho=0.110, $repetition=0
Assigned runID=MonetecFocusedSmallR-243-20260930-07:06:06-58
Setting up network "dect2020scheduledaccess.DectScheduledAccessNetwork"...
Initializing...

Running simulation...
** Event #0   t=0   Elapsed: 2e-06s (0m 00s)
     Speed:     ev/sec=0   simsec/sec=0   ev/simsec=0
     Messages:  created: 2   present: 2   in FES: 2
** Event #100415   t=178.894383019902   Elapsed: 0.007891s (0m 00s)
     Speed:     ev/sec=0   simsec/sec=0   ev/simsec=0
     Messages:  created: 2   present: 2   in FES: 1

<!> Simulation stopped with endSimulation() -- in module (ScheduledAccessQueue) DectScheduledAccessNetwork.queue (id=2), at t=178.894383019902s, event #100415

Calling finish() at end of Run #243...

Preparing for running configuration MonetecFocusedSmallR, run #244...
Scenario: $r=4, $rho=0.110, $repetition=1
Assigned runID=MonetecFocusedSmallR-244-20260930-07:06:06-58
Setting up network "dect2020scheduledaccess.DectScheduledAccessNetwork"...
Initializing...

Running simulation...
** Event #0   t=0   Elapsed: 2e-06s (0m 00s)
     Speed:     ev/sec=0   simsec/sec=0   ev/simsec=0
     Messages:  created: 2   present: 2   in FES: 2
** Event #100806   t=179.659188417722   Elapsed: 0.007953s (0m 00s)
     Speed:     ev/sec=0   simsec/sec=0   ev/simsec=0
     Messages:  created: 2   present: 2   in FES: 1

<!> Simulation stopped with endSimulation() -- in module (ScheduledAccessQueue) DectScheduledAccessNetwork.queue (id=2), at t=179.659188417722s, event #100806

Calling finish() at end of Run #244...

Preparing for running configuration MonetecFocusedSmallR, run #245...
Scenario: $r=4, $rho=0.110, $repetition=2
Assigned runID=MonetecFocusedSmallR-245-20260930-07:06:06-58
Setting up network "dect2020scheduledaccess.DectScheduledAccessNetwork"...
Initializing...

Running simulation...
** Event #0   t=0   Elapsed: 2e-06s (0m 00s)
     Speed:     ev/sec=0   simsec/sec=0   ev/simsec=0
     Messages:  created: 2   present: 2   in FES: 2
** Event #100686   t=179.622219648004   Elapsed: 0.007877s (0m 00s)
     Speed:     ev/sec=0   simsec/sec=0   ev/simsec=0
     Messages:  created: 2   present: 2   in FES: 1

<!> Simulation stopped with endSimulation() -- in module (ScheduledAccessQueue) DectScheduledAccessNetwork.queue (id=2), at t=179.622219648004s, event #100686

Calling finish() at end of Run #245...

Preparing for running configuration MonetecFocusedSmallR, run #246...
Scenario: $r=4, $rho=0.115, $repetition=0
Assigned runID=MonetecFocusedSmallR-246-20260930-07:06:06-58
Setting up network "dect2020scheduledaccess.DectScheduledAccessNetwork"...
Initializing...

Running simulation...
** Event #0   t=0   Elapsed: 1e-06s (0m 00s)
     Speed:     ev/sec=0   simsec/sec=0   ev/simsec=0
     Messages:  created: 2   present: 2   in FES: 2
** Event #102055   t=177.27698613742   Elapsed: 0.008074s (0m 00s)
     Speed:     ev/sec=0   simsec/sec=0   ev/simsec=0
     Messages:  created: 2   present: 2   in FES: 1

<!> Simulation stopped with endSimulation() -- in module (ScheduledAccessQueue) DectScheduledAccessNetwork.queue (id=2), at t=177.27698613742s, event #102055

Calling finish() at end of Run #246...

Preparing for running configuration MonetecFocusedSmallR, run #247...
Scenario: $r=4, $rho=0.115, $repetition=1
Assigned runID=MonetecFocusedSmallR-247-20260930-07:06:06-58
Setting up network "dect2020scheduledaccess.DectScheduledAccessNetwork"...
Initializing...

Running simulation...
** Event #0   t=0   Elapsed: 3e-06s (0m 00s)
     Speed:     ev/sec=0   simsec/sec=0   ev/simsec=0
     Messages:  created: 2   present: 2   in FES: 2
** Event #102378   t=177.980773048994   Elapsed: 0.008105s (0m 00s)
     Speed:     ev/sec=0   simsec/sec=0   ev/simsec=0
     Messages:  created: 2   present: 2   in FES: 1

<!> Simulation stopped with endSimulation() -- in module (ScheduledAccessQueue) DectScheduledAccessNetwork.queue (id=2), at t=177.980773048994s, event #102378

Calling finish() at end of Run #247...

Preparing for running configuration MonetecFocusedSmallR, run #248...
Scenario: $r=4, $rho=0.115, $repetition=2
Assigned runID=MonetecFocusedSmallR-248-20260930-07:06:06-58
Setting up network "dect2020scheduledaccess.DectScheduledAccessNetwork"...
Initializing...

Running simulation...
** Event #0   t=0   Elapsed: 2e-06s (0m 00s)
     Speed:     ev/sec=0   simsec/sec=0   ev/simsec=0
     Messages:  created: 2   present: 2   in FES: 2
** Event #102210   t=178.197384201175   Elapsed: 0.008031s (0m 00s)
     Speed:     ev/sec=0   simsec/sec=0   ev/simsec=0
     Messages:  created: 2   present: 2   in FES: 1

<!> Simulation stopped with endSimulation() -- in module (ScheduledAccessQueue) DectScheduledAccessNetwork.queue (id=2), at t=178.197384201175s, event #102210

Calling finish() at end of Run #248...

Preparing for running configuration MonetecFocusedSmallR, run #249...
Scenario: $r=4, $rho=0.120, $repetition=0
Assigned runID=MonetecFocusedSmallR-249-20260930-07:06:06-58
Setting up network "dect2020scheduledaccess.DectScheduledAccessNetwork"...
Initializing...

Running simulation...
** Event #0   t=0   Elapsed: 2e-06s (0m 00s)
     Speed:     ev/sec=0   simsec/sec=0   ev/simsec=0
     Messages:  created: 2   present: 2   in FES: 2
** Event #104071   t=176.151045461418   Elapsed: 0.008206s (0m 00s)
     Speed:     ev/sec=0   simsec/sec=0   ev/simsec=0
     Messages:  created: 2   present: 2   in FES: 1

<!> Simulation stopped with endSimulation() -- in module (ScheduledAccessQueue) DectScheduledAccessNetwork.queue (id=2), at t=176.151045461418s, event #104071

Calling finish() at end of Run #249...

Preparing for running configuration MonetecFocusedSmallR, run #250...
Scenario: $r=4, $rho=0.120, $repetition=1
Assigned runID=MonetecFocusedSmallR-250-20260930-07:06:06-58
Setting up network "dect2020scheduledaccess.DectScheduledAccessNetwork"...
Initializing...

Running simulation...
** Event #0   t=0   Elapsed: 3e-06s (0m 00s)
     Speed:     ev/sec=0   simsec/sec=0   ev/simsec=0
     Messages:  created: 2   present: 2   in FES: 2
** Event #104007   t=176.676704937904   Elapsed: 0.008389s (0m 00s)
     Speed:     ev/sec=0   simsec/sec=0   ev/simsec=0
     Messages:  created: 2   present: 2   in FES: 1

<!> Simulation stopped with endSimulation() -- in module (ScheduledAccessQueue) DectScheduledAccessNetwork.queue (id=2), at t=176.676704937904s, event #104007

Calling finish() at end of Run #250...

Preparing for running configuration MonetecFocusedSmallR, run #251...
Scenario: $r=4, $rho=0.120, $repetition=2
Assigned runID=MonetecFocusedSmallR-251-20260930-07:06:06-58
Setting up network "dect2020scheduledaccess.DectScheduledAccessNetwork"...
Initializing...

Running simulation...
** Event #0   t=0   Elapsed: 2e-06s (0m 00s)
     Speed:     ev/sec=0   simsec/sec=0   ev/simsec=0
     Messages:  created: 2   present: 2   in FES: 2
** Event #103938   t=176.650625385581   Elapsed: 0.008145s (0m 00s)
     Speed:     ev/sec=0   simsec/sec=0   ev/simsec=0
     Messages:  created: 2   present: 2   in FES: 1

<!> Simulation stopped with endSimulation() -- in module (ScheduledAccessQueue) DectScheduledAccessNetwork.queue (id=2), at t=176.650625385581s, event #103938

Calling finish() at end of Run #251...

Preparing for running configuration MonetecFocusedSmallR, run #252...
Scenario: $r=4, $rho=0.125, $repetition=0
Assigned runID=MonetecFocusedSmallR-252-20260930-07:06:06-58
Setting up network "dect2020scheduledaccess.DectScheduledAccessNetwork"...
Initializing...

Running simulation...
** Event #0   t=0   Elapsed: 3e-06s (0m 00s)
     Speed:     ev/sec=0   simsec/sec=0   ev/simsec=0
     Messages:  created: 2   present: 2   in FES: 2
** Event #105621   t=175.21756632061   Elapsed: 0.008417s (0m 00s)
     Speed:     ev/sec=0   simsec/sec=0   ev/simsec=0
     Messages:  created: 2   present: 2   in FES: 1

<!> Simulation stopped with endSimulation() -- in module (ScheduledAccessQueue) DectScheduledAccessNetwork.queue (id=2), at t=175.21756632061s, event #105621

Calling finish() at end of Run #252...

Preparing for running configuration MonetecFocusedSmallR, run #253...
Scenario: $r=4, $rho=0.125, $repetition=1
Assigned runID=MonetecFocusedSmallR-253-20260930-07:06:06-58
Setting up network "dect2020scheduledaccess.DectScheduledAccessNetwork"...
Initializing...

Running simulation...
** Event #0   t=0   Elapsed: 3e-06s (0m 00s)
     Speed:     ev/sec=0   simsec/sec=0   ev/simsec=0
     Messages:  created: 2   present: 2   in FES: 2
** Event #105636   t=175.580750938809   Elapsed: 0.008395s (0m 00s)
     Speed:     ev/sec=0   simsec/sec=0   ev/simsec=0
     Messages:  created: 2   present: 2   in FES: 1

<!> Simulation stopped with endSimulation() -- in module (ScheduledAccessQueue) DectScheduledAccessNetwork.queue (id=2), at t=175.580750938809s, event #105636

Calling finish() at end of Run #253...

Preparing for running configuration MonetecFocusedSmallR, run #254...
Scenario: $r=4, $rho=0.125, $repetition=2
Assigned runID=MonetecFocusedSmallR-254-20260930-07:06:06-58
Setting up network "dect2020scheduledaccess.DectScheduledAccessNetwork"...
Initializing...

Running simulation...
** Event #0   t=0   Elapsed: 2e-06s (0m 00s)
     Speed:     ev/sec=0   simsec/sec=0   ev/simsec=0
     Messages:  created: 2   present: 2   in FES: 2
** Event #105531   t=175.562410064325   Elapsed: 0.008276s (0m 00s)
     Speed:     ev/sec=0   simsec/sec=0   ev/simsec=0
     Messages:  created: 2   present: 2   in FES: 1

<!> Simulation stopped with endSimulation() -- in module (ScheduledAccessQueue) DectScheduledAccessNetwork.queue (id=2), at t=175.562410064325s, event #105531

Calling finish() at end of Run #254...

Preparing for running configuration MonetecFocusedSmallR, run #255...
Scenario: $r=4, $rho=0.130, $repetition=0
Assigned runID=MonetecFocusedSmallR-255-20260930-07:06:06-58
Setting up network "dect2020scheduledaccess.DectScheduledAccessNetwork"...
Initializing...

Running simulation...
** Event #0   t=0   Elapsed: 3e-06s (0m 00s)
     Speed:     ev/sec=0   simsec/sec=0   ev/simsec=0
     Messages:  created: 2   present: 2   in FES: 2
** Event #107501   t=174.368440853388   Elapsed: 0.008484s (0m 00s)
     Speed:     ev/sec=0   simsec/sec=0   ev/simsec=0
     Messages:  created: 2   present: 2   in FES: 1

<!> Simulation stopped with endSimulation() -- in module (ScheduledAccessQueue) DectScheduledAccessNetwork.queue (id=2), at t=174.368440853388s, event #107501

Calling finish() at end of Run #255...

Preparing for running configuration MonetecFocusedSmallR, run #256...
Scenario: $r=4, $rho=0.130, $repetition=1
Assigned runID=MonetecFocusedSmallR-256-20260930-07:06:06-58
Setting up network "dect2020scheduledaccess.DectScheduledAccessNetwork"...
Initializing...

Running simulation...
** Event #0   t=0   Elapsed: 2e-06s (0m 00s)
     Speed:     ev/sec=0   simsec/sec=0   ev/simsec=0
     Messages:  created: 2   present: 2   in FES: 2
** Event #107523   t=174.852473082154   Elapsed: 0.008527s (0m 00s)
     Speed:     ev/sec=0   simsec/sec=0   ev/simsec=0
     Messages:  created: 2   present: 2   in FES: 1

<!> Simulation stopped with endSimulation() -- in module (ScheduledAccessQueue) DectScheduledAccessNetwork.queue (id=2), at t=174.852473082154s, event #107523

Calling finish() at end of Run #256...

Preparing for running configuration MonetecFocusedSmallR, run #257...
Scenario: $r=4, $rho=0.130, $repetition=2
Assigned runID=MonetecFocusedSmallR-257-20260930-07:06:06-58
Setting up network "dect2020scheduledaccess.DectScheduledAccessNetwork"...
Initializing...

Running simulation...
** Event #0   t=0   Elapsed: 3e-06s (0m 00s)
     Speed:     ev/sec=0   simsec/sec=0   ev/simsec=0
     Messages:  created: 2   present: 2   in FES: 2
** Event #107220   t=174.7508394063   Elapsed: 0.00859s (0m 00s)
     Speed:     ev/sec=0   simsec/sec=0   ev/simsec=0
     Messages:  created: 2   present: 2   in FES: 1

<!> Simulation stopped with endSimulation() -- in module (ScheduledAccessQueue) DectScheduledAccessNetwork.queue (id=2), at t=174.7508394063s, event #107220

Calling finish() at end of Run #257...

Preparing for running configuration MonetecFocusedSmallR, run #258...
Scenario: $r=4, $rho=0.135, $repetition=0
Assigned runID=MonetecFocusedSmallR-258-20260930-07:06:06-58
Setting up network "dect2020scheduledaccess.DectScheduledAccessNetwork"...
Initializing...

Running simulation...
** Event #0   t=0   Elapsed: 2e-06s (0m 00s)
     Speed:     ev/sec=0   simsec/sec=0   ev/simsec=0
     Messages:  created: 2   present: 2   in FES: 2
** Event #109332   t=173.86032252354   Elapsed: 0.008669s (0m 00s)
     Speed:     ev/sec=0   simsec/sec=0   ev/simsec=0
     Messages:  created: 2   present: 2   in FES: 1

<!> Simulation stopped with endSimulation() -- in module (ScheduledAccessQueue) DectScheduledAccessNetwork.queue (id=2), at t=173.86032252354s, event #109332

Calling finish() at end of Run #258...

Preparing for running configuration MonetecFocusedSmallR, run #259...
Scenario: $r=4, $rho=0.135, $repetition=1
Assigned runID=MonetecFocusedSmallR-259-20260930-07:06:06-58
Setting up network "dect2020scheduledaccess.DectScheduledAccessNetwork"...
Initializing...

Running simulation...
** Event #0   t=0   Elapsed: 3e-06s (0m 00s)
     Speed:     ev/sec=0   simsec/sec=0   ev/simsec=0
     Messages:  created: 2   present: 2   in FES: 2
** Event #109204   t=174.237647295211   Elapsed: 0.009095s (0m 00s)
     Speed:     ev/sec=0   simsec/sec=0   ev/simsec=0
     Messages:  created: 2   present: 2   in FES: 1

<!> Simulation stopped with endSimulation() -- in module (ScheduledAccessQueue) DectScheduledAccessNetwork.queue (id=2), at t=174.237647295211s, event #109204

Calling finish() at end of Run #259...

Preparing for running configuration MonetecFocusedSmallR, run #260...
Scenario: $r=4, $rho=0.135, $repetition=2
Assigned runID=MonetecFocusedSmallR-260-20260930-07:06:06-58
Setting up network "dect2020scheduledaccess.DectScheduledAccessNetwork"...
Initializing...

Running simulation...
** Event #0   t=0   Elapsed: 2e-06s (0m 00s)
     Speed:     ev/sec=0   simsec/sec=0   ev/simsec=0
     Messages:  created: 2   present: 2   in FES: 2
** Event #109027   t=174.198860638431   Elapsed: 0.008576s (0m 00s)
     Speed:     ev/sec=0   simsec/sec=0   ev/simsec=0
     Messages:  created: 2   present: 2   in FES: 1

<!> Simulation stopped with endSimulation() -- in module (ScheduledAccessQueue) DectScheduledAccessNetwork.queue (id=2), at t=174.198860638431s, event #109027

Calling finish() at end of Run #260...

Preparing for running configuration MonetecFocusedSmallR, run #261...
Scenario: $r=4, $rho=0.140, $repetition=0
Assigned runID=MonetecFocusedSmallR-261-20260930-07:06:06-58
Setting up network "dect2020scheduledaccess.DectScheduledAccessNetwork"...
Initializing...

Running simulation...
** Event #0   t=0   Elapsed: 3e-06s (0m 00s)
     Speed:     ev/sec=0   simsec/sec=0   ev/simsec=0
     Messages:  created: 2   present: 2   in FES: 2
** Event #111352   t=173.430314820155   Elapsed: 0.008781s (0m 00s)
     Speed:     ev/sec=0   simsec/sec=0   ev/simsec=0
     Messages:  created: 2   present: 2   in FES: 1

<!> Simulation stopped with endSimulation() -- in module (ScheduledAccessQueue) DectScheduledAccessNetwork.queue (id=2), at t=173.430314820155s, event #111352

Calling finish() at end of Run #261...

Preparing for running configuration MonetecFocusedSmallR, run #262...
Scenario: $r=4, $rho=0.140, $repetition=1
Assigned runID=MonetecFocusedSmallR-262-20260930-07:06:06-58
Setting up network "dect2020scheduledaccess.DectScheduledAccessNetwork"...
Initializing...

Running simulation...
** Event #0   t=0   Elapsed: 2e-06s (0m 00s)
     Speed:     ev/sec=0   simsec/sec=0   ev/simsec=0
     Messages:  created: 2   present: 2   in FES: 2
** Event #111071   t=173.671507315502   Elapsed: 0.008789s (0m 00s)
     Speed:     ev/sec=0   simsec/sec=0   ev/simsec=0
     Messages:  created: 2   present: 2   in FES: 1

<!> Simulation stopped with endSimulation() -- in module (ScheduledAccessQueue) DectScheduledAccessNetwork.queue (id=2), at t=173.671507315502s, event #111071

Calling finish() at end of Run #262...

Preparing for running configuration MonetecFocusedSmallR, run #263...
Scenario: $r=4, $rho=0.140, $repetition=2
Assigned runID=MonetecFocusedSmallR-263-20260930-07:06:06-58
Setting up network "dect2020scheduledaccess.DectScheduledAccessNetwork"...
Initializing...

Running simulation...
** Event #0   t=0   Elapsed: 2e-06s (0m 00s)
     Speed:     ev/sec=0   simsec/sec=0   ev/simsec=0
     Messages:  created: 2   present: 2   in FES: 2
** Event #111252   t=173.720917743781   Elapsed: 0.0088s (0m 00s)
     Speed:     ev/sec=0   simsec/sec=0   ev/simsec=0
     Messages:  created: 2   present: 2   in FES: 1

<!> Simulation stopped with endSimulation() -- in module (ScheduledAccessQueue) DectScheduledAccessNetwork.queue (id=2), at t=173.720917743781s, event #111252

Calling finish() at end of Run #263...

Preparing for running configuration MonetecFocusedSmallR, run #264...
Scenario: $r=4, $rho=0.145, $repetition=0
Assigned runID=MonetecFocusedSmallR-264-20260930-07:06:06-58
Setting up network "dect2020scheduledaccess.DectScheduledAccessNetwork"...
Initializing...

Running simulation...
** Event #0   t=0   Elapsed: 2e-06s (0m 00s)
     Speed:     ev/sec=0   simsec/sec=0   ev/simsec=0
     Messages:  created: 2   present: 2   in FES: 2
** Event #113181   t=173.067402558461   Elapsed: 0.008906s (0m 00s)
     Speed:     ev/sec=0   simsec/sec=0   ev/simsec=0
     Messages:  created: 2   present: 2   in FES: 1

<!> Simulation stopped with endSimulation() -- in module (ScheduledAccessQueue) DectScheduledAccessNetwork.queue (id=2), at t=173.067402558461s, event #113181

Calling finish() at end of Run #264...

Preparing for running configuration MonetecFocusedSmallR, run #265...
Scenario: $r=4, $rho=0.145, $repetition=1
Assigned runID=MonetecFocusedSmallR-265-20260930-07:06:06-58
Setting up network "dect2020scheduledaccess.DectScheduledAccessNetwork"...
Initializing...

Running simulation...
** Event #0   t=0   Elapsed: 2e-06s (0m 00s)
     Speed:     ev/sec=0   simsec/sec=0   ev/simsec=0
     Messages:  created: 2   present: 2   in FES: 2
** Event #113128   t=173.376615587647   Elapsed: 0.008822s (0m 00s)
     Speed:     ev/sec=0   simsec/sec=0   ev/simsec=0
     Messages:  created: 2   present: 2   in FES: 1

<!> Simulation stopped with endSimulation() -- in module (ScheduledAccessQueue) DectScheduledAccessNetwork.queue (id=2), at t=173.376615587647s, event #113128

Calling finish() at end of Run #265...

Preparing for running configuration MonetecFocusedSmallR, run #266...
Scenario: $r=4, $rho=0.145, $repetition=2
Assigned runID=MonetecFocusedSmallR-266-20260930-07:06:06-58
Setting up network "dect2020scheduledaccess.DectScheduledAccessNetwork"...
Initializing...

Running simulation...
** Event #0   t=0   Elapsed: 3e-06s (0m 00s)
     Speed:     ev/sec=0   simsec/sec=0   ev/simsec=0
     Messages:  created: 2   present: 2   in FES: 2
** Event #113044   t=173.247065745905   Elapsed: 0.008963s (0m 00s)
     Speed:     ev/sec=0   simsec/sec=0   ev/simsec=0
     Messages:  created: 2   present: 2   in FES: 1

<!> Simulation stopped with endSimulation() -- in module (ScheduledAccessQueue) DectScheduledAccessNetwork.queue (id=2), at t=173.247065745905s, event #113044

Calling finish() at end of Run #266...

Preparing for running configuration MonetecFocusedSmallR, run #267...
Scenario: $r=4, $rho=0.150, $repetition=0
Assigned runID=MonetecFocusedSmallR-267-20260930-07:06:06-58
Setting up network "dect2020scheduledaccess.DectScheduledAccessNetwork"...
Initializing...

Running simulation...
** Event #0   t=0   Elapsed: 2e-06s (0m 00s)
     Speed:     ev/sec=0   simsec/sec=0   ev/simsec=0
     Messages:  created: 2   present: 2   in FES: 2
** Event #115050   t=172.823348373937   Elapsed: 0.009084s (0m 00s)
     Speed:     ev/sec=0   simsec/sec=0   ev/simsec=0
     Messages:  created: 2   present: 2   in FES: 1

<!> Simulation stopped with endSimulation() -- in module (ScheduledAccessQueue) DectScheduledAccessNetwork.queue (id=2), at t=172.823348373937s, event #115050

Calling finish() at end of Run #267...

Preparing for running configuration MonetecFocusedSmallR, run #268...
Scenario: $r=4, $rho=0.150, $repetition=1
Assigned runID=MonetecFocusedSmallR-268-20260930-07:06:06-58
Setting up network "dect2020scheduledaccess.DectScheduledAccessNetwork"...
Initializing...

Running simulation...
** Event #0   t=0   Elapsed: 2e-06s (0m 00s)
     Speed:     ev/sec=0   simsec/sec=0   ev/simsec=0
     Messages:  created: 2   present: 2   in FES: 2
** Event #115141   t=173.03544960709   Elapsed: 0.009114s (0m 00s)
     Speed:     ev/sec=0   simsec/sec=0   ev/simsec=0
     Messages:  created: 2   present: 2   in FES: 1

<!> Simulation stopped with endSimulation() -- in module (ScheduledAccessQueue) DectScheduledAccessNetwork.queue (id=2), at t=173.03544960709s, event #115141

Calling finish() at end of Run #268...

Preparing for running configuration MonetecFocusedSmallR, run #269...
Scenario: $r=4, $rho=0.150, $repetition=2
Assigned runID=MonetecFocusedSmallR-269-20260930-07:06:06-58
Setting up network "dect2020scheduledaccess.DectScheduledAccessNetwork"...
Initializing...

Running simulation...
** Event #0   t=0   Elapsed: 3e-06s (0m 00s)
     Speed:     ev/sec=0   simsec/sec=0   ev/simsec=0
     Messages:  created: 2   present: 2   in FES: 2
** Event #115133   t=173.101001164872   Elapsed: 0.010277s (0m 00s)
     Speed:     ev/sec=1.12062e+07   simsec/sec=16848.4   ev/simsec=665.121
     Messages:  created: 2   present: 2   in FES: 1

<!> Simulation stopped with endSimulation() -- in module (ScheduledAccessQueue) DectScheduledAccessNetwork.queue (id=2), at t=173.101001164872s, event #115133

Calling finish() at end of Run #269...

Preparing for running configuration MonetecFocusedSmallR, run #270...
Scenario: $r=4, $rho=0.155, $repetition=0
Assigned runID=MonetecFocusedSmallR-270-20260930-07:06:06-58
Setting up network "dect2020scheduledaccess.DectScheduledAccessNetwork"...
Initializing...

Running simulation...
** Event #0   t=0   Elapsed: 3e-06s (0m 00s)
     Speed:     ev/sec=0   simsec/sec=0   ev/simsec=0
     Messages:  created: 2   present: 2   in FES: 2
** Event #117175   t=172.805664921288   Elapsed: 0.009277s (0m 00s)
     Speed:     ev/sec=0   simsec/sec=0   ev/simsec=0
     Messages:  created: 2   present: 2   in FES: 1

<!> Simulation stopped with endSimulation() -- in module (ScheduledAccessQueue) DectScheduledAccessNetwork.queue (id=2), at t=172.805664921288s, event #117175

Calling finish() at end of Run #270...

Preparing for running configuration MonetecFocusedSmallR, run #271...
Scenario: $r=4, $rho=0.155, $repetition=1
Assigned runID=MonetecFocusedSmallR-271-20260930-07:06:06-58
Setting up network "dect2020scheduledaccess.DectScheduledAccessNetwork"...
Initializing...

Running simulation...
** Event #0   t=0   Elapsed: 2e-06s (0m 00s)
     Speed:     ev/sec=0   simsec/sec=0   ev/simsec=0
     Messages:  created: 2   present: 2   in FES: 2
** Event #117124   t=172.937479889178   Elapsed: 0.009227s (0m 00s)
     Speed:     ev/sec=0   simsec/sec=0   ev/simsec=0
     Messages:  created: 2   present: 2   in FES: 1

<!> Simulation stopped with endSimulation() -- in module (ScheduledAccessQueue) DectScheduledAccessNetwork.queue (id=2), at t=172.937479889178s, event #117124

Calling finish() at end of Run #271...

Preparing for running configuration MonetecFocusedSmallR, run #272...
Scenario: $r=4, $rho=0.155, $repetition=2
Assigned runID=MonetecFocusedSmallR-272-20260930-07:06:06-58
Setting up network "dect2020scheduledaccess.DectScheduledAccessNetwork"...
Initializing...

Running simulation...
** Event #0   t=0   Elapsed: 2e-06s (0m 00s)
     Speed:     ev/sec=0   simsec/sec=0   ev/simsec=0
     Messages:  created: 2   present: 2   in FES: 2
** Event #116813   t=172.814715518848   Elapsed: 0.009266s (0m 00s)
     Speed:     ev/sec=0   simsec/sec=0   ev/simsec=0
     Messages:  created: 2   present: 2   in FES: 1

<!> Simulation stopped with endSimulation() -- in module (ScheduledAccessQueue) DectScheduledAccessNetwork.queue (id=2), at t=172.814715518848s, event #116813

Calling finish() at end of Run #272...

Preparing for running configuration MonetecFocusedSmallR, run #273...
Scenario: $r=4, $rho=0.160, $repetition=0
Assigned runID=MonetecFocusedSmallR-273-20260930-07:06:07-58
Setting up network "dect2020scheduledaccess.DectScheduledAccessNetwork"...
Initializing...

Running simulation...
** Event #0   t=0   Elapsed: 3e-06s (0m 00s)
     Speed:     ev/sec=0   simsec/sec=0   ev/simsec=0
     Messages:  created: 2   present: 2   in FES: 2
** Event #119375   t=172.669282002803   Elapsed: 0.009475s (0m 00s)
     Speed:     ev/sec=0   simsec/sec=0   ev/simsec=0
     Messages:  created: 2   present: 2   in FES: 1

<!> Simulation stopped with endSimulation() -- in module (ScheduledAccessQueue) DectScheduledAccessNetwork.queue (id=2), at t=172.669282002803s, event #119375

Calling finish() at end of Run #273...

Preparing for running configuration MonetecFocusedSmallR, run #274...
Scenario: $r=4, $rho=0.160, $repetition=1
Assigned runID=MonetecFocusedSmallR-274-20260930-07:06:07-58
Setting up network "dect2020scheduledaccess.DectScheduledAccessNetwork"...
Initializing...

Running simulation...
** Event #0   t=0   Elapsed: 2e-06s (0m 00s)
     Speed:     ev/sec=0   simsec/sec=0   ev/simsec=0
     Messages:  created: 2   present: 2   in FES: 2
** Event #119117   t=172.70709255403   Elapsed: 0.009404s (0m 00s)
     Speed:     ev/sec=0   simsec/sec=0   ev/simsec=0
     Messages:  created: 2   present: 2   in FES: 1

<!> Simulation stopped with endSimulation() -- in module (ScheduledAccessQueue) DectScheduledAccessNetwork.queue (id=2), at t=172.70709255403s, event #119117

Calling finish() at end of Run #274...

Preparing for running configuration MonetecFocusedSmallR, run #275...
Scenario: $r=4, $rho=0.160, $repetition=2
Assigned runID=MonetecFocusedSmallR-275-20260930-07:06:07-58
Setting up network "dect2020scheduledaccess.DectScheduledAccessNetwork"...
Initializing...

Running simulation...
** Event #0   t=0   Elapsed: 2e-06s (0m 00s)
     Speed:     ev/sec=0   simsec/sec=0   ev/simsec=0
     Messages:  created: 2   present: 2   in FES: 2
** Event #118903   t=172.716552881488   Elapsed: 0.009437s (0m 00s)
     Speed:     ev/sec=0   simsec/sec=0   ev/simsec=0
     Messages:  created: 2   present: 2   in FES: 1

<!> Simulation stopped with endSimulation() -- in module (ScheduledAccessQueue) DectScheduledAccessNetwork.queue (id=2), at t=172.716552881488s, event #118903

Calling finish() at end of Run #275...

Preparing for running configuration MonetecFocusedSmallR, run #276...
Scenario: $r=4, $rho=0.165, $repetition=0
Assigned runID=MonetecFocusedSmallR-276-20260930-07:06:07-58
Setting up network "dect2020scheduledaccess.DectScheduledAccessNetwork"...
Initializing...

Running simulation...
** Event #0   t=0   Elapsed: 2e-06s (0m 00s)
     Speed:     ev/sec=0   simsec/sec=0   ev/simsec=0
     Messages:  created: 2   present: 2   in FES: 2
** Event #120948   t=172.453451467728   Elapsed: 0.009794s (0m 00s)
     Speed:     ev/sec=0   simsec/sec=0   ev/simsec=0
     Messages:  created: 2   present: 2   in FES: 1

<!> Simulation stopped with endSimulation() -- in module (ScheduledAccessQueue) DectScheduledAccessNetwork.queue (id=2), at t=172.453451467728s, event #120948

Calling finish() at end of Run #276...

Preparing for running configuration MonetecFocusedSmallR, run #277...
Scenario: $r=4, $rho=0.165, $repetition=1
Assigned runID=MonetecFocusedSmallR-277-20260930-07:06:07-58
Setting up network "dect2020scheduledaccess.DectScheduledAccessNetwork"...
Initializing...

Running simulation...
** Event #0   t=0   Elapsed: 3e-06s (0m 00s)
     Speed:     ev/sec=0   simsec/sec=0   ev/simsec=0
     Messages:  created: 2   present: 2   in FES: 2
** Event #120779   t=172.459298658742   Elapsed: 0.0097s (0m 00s)
     Speed:     ev/sec=0   simsec/sec=0   ev/simsec=0
     Messages:  created: 2   present: 2   in FES: 1

<!> Simulation stopped with endSimulation() -- in module (ScheduledAccessQueue) DectScheduledAccessNetwork.queue (id=2), at t=172.459298658742s, event #120779

Calling finish() at end of Run #277...

Preparing for running configuration MonetecFocusedSmallR, run #278...
Scenario: $r=4, $rho=0.165, $repetition=2
Assigned runID=MonetecFocusedSmallR-278-20260930-07:06:07-58
Setting up network "dect2020scheduledaccess.DectScheduledAccessNetwork"...
Initializing...

Running simulation...
** Event #0   t=0   Elapsed: 3e-06s (0m 00s)
     Speed:     ev/sec=0   simsec/sec=0   ev/simsec=0
     Messages:  created: 2   present: 2   in FES: 2
** Event #120838   t=172.611155137779   Elapsed: 0.014306s (0m 00s)
     Speed:     ev/sec=8.44962e+06   simsec/sec=12069.9   ev/simsec=700.059
     Messages:  created: 2   present: 2   in FES: 1

<!> Simulation stopped with endSimulation() -- in module (ScheduledAccessQueue) DectScheduledAccessNetwork.queue (id=2), at t=172.611155137779s, event #120838

Calling finish() at end of Run #278...

Preparing for running configuration MonetecFocusedSmallR, run #279...
Scenario: $r=4, $rho=0.170, $repetition=0
Assigned runID=MonetecFocusedSmallR-279-20260930-07:06:07-58
Setting up network "dect2020scheduledaccess.DectScheduledAccessNetwork"...
Initializing...

Running simulation...
** Event #0   t=0   Elapsed: 4e-06s (0m 00s)
     Speed:     ev/sec=0   simsec/sec=0   ev/simsec=0
     Messages:  created: 2   present: 2   in FES: 2
** Event #123158   t=172.396863380034   Elapsed: 0.009908s (0m 00s)
     Speed:     ev/sec=0   simsec/sec=0   ev/simsec=0
     Messages:  created: 2   present: 2   in FES: 1

<!> Simulation stopped with endSimulation() -- in module (ScheduledAccessQueue) DectScheduledAccessNetwork.queue (id=2), at t=172.396863380034s, event #123158

Calling finish() at end of Run #279...

Preparing for running configuration MonetecFocusedSmallR, run #280...
Scenario: $r=4, $rho=0.170, $repetition=1
Assigned runID=MonetecFocusedSmallR-280-20260930-07:06:07-58
Setting up network "dect2020scheduledaccess.DectScheduledAccessNetwork"...
Initializing...

Running simulation...
** Event #0   t=0   Elapsed: 2e-06s (0m 00s)
     Speed:     ev/sec=0   simsec/sec=0   ev/simsec=0
     Messages:  created: 2   present: 2   in FES: 2
** Event #123004   t=172.370330962475   Elapsed: 0.009685s (0m 00s)
     Speed:     ev/sec=0   simsec/sec=0   ev/simsec=0
     Messages:  created: 2   present: 2   in FES: 1

<!> Simulation stopped with endSimulation() -- in module (ScheduledAccessQueue) DectScheduledAccessNetwork.queue (id=2), at t=172.370330962475s, event #123004

Calling finish() at end of Run #280...

Preparing for running configuration MonetecFocusedSmallR, run #281...
Scenario: $r=4, $rho=0.170, $repetition=2
Assigned runID=MonetecFocusedSmallR-281-20260930-07:06:07-58
Setting up network "dect2020scheduledaccess.DectScheduledAccessNetwork"...
Initializing...

Running simulation...
** Event #0   t=0   Elapsed: 2e-06s (0m 00s)
     Speed:     ev/sec=0   simsec/sec=0   ev/simsec=0
     Messages:  created: 2   present: 2   in FES: 2
** Event #123069   t=172.564374069344   Elapsed: 0.009628s (0m 00s)
     Speed:     ev/sec=0   simsec/sec=0   ev/simsec=0
     Messages:  created: 2   present: 2   in FES: 1

<!> Simulation stopped with endSimulation() -- in module (ScheduledAccessQueue) DectScheduledAccessNetwork.queue (id=2), at t=172.564374069344s, event #123069

Calling finish() at end of Run #281...

Preparing for running configuration MonetecFocusedSmallR, run #282...
Scenario: $r=4, $rho=0.175, $repetition=0
Assigned runID=MonetecFocusedSmallR-282-20260930-07:06:07-58
Setting up network "dect2020scheduledaccess.DectScheduledAccessNetwork"...
Initializing...

Running simulation...
** Event #0   t=0   Elapsed: 2e-06s (0m 00s)
     Speed:     ev/sec=0   simsec/sec=0   ev/simsec=0
     Messages:  created: 2   present: 2   in FES: 2
** Event #125528   t=172.434649982406   Elapsed: 0.00987s (0m 00s)
     Speed:     ev/sec=0   simsec/sec=0   ev/simsec=0
     Messages:  created: 2   present: 2   in FES: 1

<!> Simulation stopped with endSimulation() -- in module (ScheduledAccessQueue) DectScheduledAccessNetwork.queue (id=2), at t=172.434649982406s, event #125528

Calling finish() at end of Run #282...

Preparing for running configuration MonetecFocusedSmallR, run #283...
Scenario: $r=4, $rho=0.175, $repetition=1
Assigned runID=MonetecFocusedSmallR-283-20260930-07:06:07-58
Setting up network "dect2020scheduledaccess.DectScheduledAccessNetwork"...
Initializing...

Running simulation...
** Event #0   t=0   Elapsed: 3e-06s (0m 00s)
     Speed:     ev/sec=0   simsec/sec=0   ev/simsec=0
     Messages:  created: 2   present: 2   in FES: 2
** Event #125412   t=172.507790863381   Elapsed: 0.009841s (0m 00s)
     Speed:     ev/sec=0   simsec/sec=0   ev/simsec=0
     Messages:  created: 2   present: 2   in FES: 1

<!> Simulation stopped with endSimulation() -- in module (ScheduledAccessQueue) DectScheduledAccessNetwork.queue (id=2), at t=172.507790863381s, event #125412

Calling finish() at end of Run #283...

Preparing for running configuration MonetecFocusedSmallR, run #284...
Scenario: $r=4, $rho=0.175, $repetition=2
Assigned runID=MonetecFocusedSmallR-284-20260930-07:06:07-58
Setting up network "dect2020scheduledaccess.DectScheduledAccessNetwork"...
Initializing...

Running simulation...
** Event #0   t=0   Elapsed: 3e-06s (0m 00s)
     Speed:     ev/sec=0   simsec/sec=0   ev/simsec=0
     Messages:  created: 2   present: 2   in FES: 2
** Event #124681   t=172.350155419043   Elapsed: 0.009814s (0m 00s)
     Speed:     ev/sec=0   simsec/sec=0   ev/simsec=0
     Messages:  created: 2   present: 2   in FES: 1

<!> Simulation stopped with endSimulation() -- in module (ScheduledAccessQueue) DectScheduledAccessNetwork.queue (id=2), at t=172.350155419043s, event #124681

Calling finish() at end of Run #284...

Preparing for running configuration MonetecFocusedSmallR, run #285...
Scenario: $r=4, $rho=0.180, $repetition=0
Assigned runID=MonetecFocusedSmallR-285-20260930-07:06:07-58
Setting up network "dect2020scheduledaccess.DectScheduledAccessNetwork"...
Initializing...

Running simulation...
** Event #0   t=0   Elapsed: 3e-06s (0m 00s)
     Speed:     ev/sec=0   simsec/sec=0   ev/simsec=0
     Messages:  created: 2   present: 2   in FES: 2
** Event #127321   t=172.304934024566   Elapsed: 0.009958s (0m 00s)
     Speed:     ev/sec=0   simsec/sec=0   ev/simsec=0
     Messages:  created: 2   present: 2   in FES: 1

<!> Simulation stopped with endSimulation() -- in module (ScheduledAccessQueue) DectScheduledAccessNetwork.queue (id=2), at t=172.304934024566s, event #127321

Calling finish() at end of Run #285...

Preparing for running configuration MonetecFocusedSmallR, run #286...
Scenario: $r=4, $rho=0.180, $repetition=1
Assigned runID=MonetecFocusedSmallR-286-20260930-07:06:07-58
Setting up network "dect2020scheduledaccess.DectScheduledAccessNetwork"...
Initializing...

Running simulation...
** Event #0   t=0   Elapsed: 2e-06s (0m 00s)
     Speed:     ev/sec=0   simsec/sec=0   ev/simsec=0
     Messages:  created: 2   present: 2   in FES: 2
** Event #127466   t=172.384138165122   Elapsed: 0.010016s (0m 00s)
     Speed:     ev/sec=1.27288e+07   simsec/sec=17214.3   ev/simsec=739.43
     Messages:  created: 2   present: 2   in FES: 1

<!> Simulation stopped with endSimulation() -- in module (ScheduledAccessQueue) DectScheduledAccessNetwork.queue (id=2), at t=172.384138165122s, event #127466

Calling finish() at end of Run #286...

Preparing for running configuration MonetecFocusedSmallR, run #287...
Scenario: $r=4, $rho=0.180, $repetition=2
Assigned runID=MonetecFocusedSmallR-287-20260930-07:06:07-58
Setting up network "dect2020scheduledaccess.DectScheduledAccessNetwork"...
Initializing...

Running simulation...
** Event #0   t=0   Elapsed: 2e-06s (0m 00s)
     Speed:     ev/sec=0   simsec/sec=0   ev/simsec=0
     Messages:  created: 2   present: 2   in FES: 2
** Event #126852   t=172.331523218136   Elapsed: 0.009953s (0m 00s)
     Speed:     ev/sec=0   simsec/sec=0   ev/simsec=0
     Messages:  created: 2   present: 2   in FES: 1

<!> Simulation stopped with endSimulation() -- in module (ScheduledAccessQueue) DectScheduledAccessNetwork.queue (id=2), at t=172.331523218136s, event #126852

Calling finish() at end of Run #287...

Preparing for running configuration MonetecFocusedSmallR, run #288...
Scenario: $r=4, $rho=0.185, $repetition=0
Assigned runID=MonetecFocusedSmallR-288-20260930-07:06:07-58
Setting up network "dect2020scheduledaccess.DectScheduledAccessNetwork"...
Initializing...

Running simulation...
** Event #0   t=0   Elapsed: 2e-06s (0m 00s)
     Speed:     ev/sec=0   simsec/sec=0   ev/simsec=0
     Messages:  created: 2   present: 2   in FES: 2
** Event #129612   t=172.332697947747   Elapsed: 0.01006s (0m 00s)
     Speed:     ev/sec=1.28865e+07   simsec/sec=17133.9   ev/simsec=752.104
     Messages:  created: 2   present: 2   in FES: 1

<!> Simulation stopped with endSimulation() -- in module (ScheduledAccessQueue) DectScheduledAccessNetwork.queue (id=2), at t=172.332697947747s, event #129612

Calling finish() at end of Run #288...

Preparing for running configuration MonetecFocusedSmallR, run #289...
Scenario: $r=4, $rho=0.185, $repetition=1
Assigned runID=MonetecFocusedSmallR-289-20260930-07:06:07-58
Setting up network "dect2020scheduledaccess.DectScheduledAccessNetwork"...
Initializing...

Running simulation...
** Event #0   t=0   Elapsed: 2e-06s (0m 00s)
     Speed:     ev/sec=0   simsec/sec=0   ev/simsec=0
     Messages:  created: 2   present: 2   in FES: 2
** Event #129347   t=172.276390206796   Elapsed: 0.010085s (0m 00s)
     Speed:     ev/sec=1.28282e+07   simsec/sec=17085.8   ev/simsec=750.811
     Messages:  created: 2   present: 2   in FES: 1

<!> Simulation stopped with endSimulation() -- in module (ScheduledAccessQueue) DectScheduledAccessNetwork.queue (id=2), at t=172.276390206796s, event #129347

Calling finish() at end of Run #289...

Preparing for running configuration MonetecFocusedSmallR, run #290...
Scenario: $r=4, $rho=0.185, $repetition=2
Assigned runID=MonetecFocusedSmallR-290-20260930-07:06:07-58
Setting up network "dect2020scheduledaccess.DectScheduledAccessNetwork"...
Initializing...

Running simulation...
** Event #0   t=0   Elapsed: 3e-06s (0m 00s)
     Speed:     ev/sec=0   simsec/sec=0   ev/simsec=0
     Messages:  created: 2   present: 2   in FES: 2
** Event #128803   t=172.21759976247   Elapsed: 0.010064s (0m 00s)
     Speed:     ev/sec=1.28022e+07   simsec/sec=17117.3   ev/simsec=747.91
     Messages:  created: 2   present: 2   in FES: 1

<!> Simulation stopped with endSimulation() -- in module (ScheduledAccessQueue) DectScheduledAccessNetwork.queue (id=2), at t=172.21759976247s, event #128803

Calling finish() at end of Run #290...

Preparing for running configuration MonetecFocusedSmallR, run #291...
Scenario: $r=4, $rho=0.190, $repetition=0
Assigned runID=MonetecFocusedSmallR-291-20260930-07:06:07-58
Setting up network "dect2020scheduledaccess.DectScheduledAccessNetwork"...
Initializing...

Running simulation...
** Event #0   t=0   Elapsed: 2e-06s (0m 00s)
     Speed:     ev/sec=0   simsec/sec=0   ev/simsec=0
     Messages:  created: 2   present: 2   in FES: 2
** Event #131457   t=172.234629183714   Elapsed: 0.010236s (0m 00s)
     Speed:     ev/sec=1.28439e+07   simsec/sec=16827.9   ev/simsec=763.246
     Messages:  created: 2   present: 2   in FES: 1

<!> Simulation stopped with endSimulation() -- in module (ScheduledAccessQueue) DectScheduledAccessNetwork.queue (id=2), at t=172.234629183714s, event #131457

Calling finish() at end of Run #291...

Preparing for running configuration MonetecFocusedSmallR, run #292...
Scenario: $r=4, $rho=0.190, $repetition=1
Assigned runID=MonetecFocusedSmallR-292-20260930-07:06:07-58
Setting up network "dect2020scheduledaccess.DectScheduledAccessNetwork"...
Initializing...

Running simulation...
** Event #0   t=0   Elapsed: 3e-06s (0m 00s)
     Speed:     ev/sec=0   simsec/sec=0   ev/simsec=0
     Messages:  created: 2   present: 2   in FES: 2
** Event #131661   t=172.305149633281   Elapsed: 0.010238s (0m 00s)
     Speed:     ev/sec=1.28638e+07   simsec/sec=16834.9   ev/simsec=764.116
     Messages:  created: 2   present: 2   in FES: 1

<!> Simulation stopped with endSimulation() -- in module (ScheduledAccessQueue) DectScheduledAccessNetwork.queue (id=2), at t=172.305149633281s, event #131661

Calling finish() at end of Run #292...

Preparing for running configuration MonetecFocusedSmallR, run #293...
Scenario: $r=4, $rho=0.190, $repetition=2
Assigned runID=MonetecFocusedSmallR-293-20260930-07:06:07-58
Setting up network "dect2020scheduledaccess.DectScheduledAccessNetwork"...
Initializing...

Running simulation...
** Event #0   t=0   Elapsed: 2e-06s (0m 00s)
     Speed:     ev/sec=0   simsec/sec=0   ev/simsec=0
     Messages:  created: 2   present: 2   in FES: 2
** Event #131078   t=172.252618316975   Elapsed: 0.010245s (0m 00s)
     Speed:     ev/sec=1.27968e+07   simsec/sec=16816.6   ev/simsec=760.964
     Messages:  created: 2   present: 2   in FES: 1

<!> Simulation stopped with endSimulation() -- in module (ScheduledAccessQueue) DectScheduledAccessNetwork.queue (id=2), at t=172.252618316975s, event #131078

Calling finish() at end of Run #293...

Preparing for running configuration MonetecFocusedSmallR, run #294...
Scenario: $r=4, $rho=0.195, $repetition=0
Assigned runID=MonetecFocusedSmallR-294-20260930-07:06:07-58
Setting up network "dect2020scheduledaccess.DectScheduledAccessNetwork"...
Initializing...

Running simulation...
** Event #0   t=0   Elapsed: 2e-06s (0m 00s)
     Speed:     ev/sec=0   simsec/sec=0   ev/simsec=0
     Messages:  created: 2   present: 2   in FES: 2
** Event #133656   t=172.197017391583   Elapsed: 0.010384s (0m 00s)
     Speed:     ev/sec=1.28738e+07   simsec/sec=16586.1   ev/simsec=776.183
     Messages:  created: 2   present: 2   in FES: 1

<!> Simulation stopped with endSimulation() -- in module (ScheduledAccessQueue) DectScheduledAccessNetwork.queue (id=2), at t=172.197017391583s, event #133656

Calling finish() at end of Run #294...

Preparing for running configuration MonetecFocusedSmallR, run #295...
Scenario: $r=4, $rho=0.195, $repetition=1
Assigned runID=MonetecFocusedSmallR-295-20260930-07:06:07-58
Setting up network "dect2020scheduledaccess.DectScheduledAccessNetwork"...
Initializing...

Running simulation...
** Event #0   t=0   Elapsed: 2e-06s (0m 00s)
     Speed:     ev/sec=0   simsec/sec=0   ev/simsec=0
     Messages:  created: 2   present: 2   in FES: 2
** Event #133211   t=172.125882644672   Elapsed: 0.010364s (0m 00s)
     Speed:     ev/sec=1.28557e+07   simsec/sec=16611.2   ev/simsec=773.919
     Messages:  created: 2   present: 2   in FES: 1

<!> Simulation stopped with endSimulation() -- in module (ScheduledAccessQueue) DectScheduledAccessNetwork.queue (id=2), at t=172.125882644672s, event #133211

Calling finish() at end of Run #295...

Preparing for running configuration MonetecFocusedSmallR, run #296...
Scenario: $r=4, $rho=0.195, $repetition=2
Assigned runID=MonetecFocusedSmallR-296-20260930-07:06:07-58
Setting up network "dect2020scheduledaccess.DectScheduledAccessNetwork"...
Initializing...

Running simulation...
** Event #0   t=0   Elapsed: 2e-06s (0m 00s)
     Speed:     ev/sec=0   simsec/sec=0   ev/simsec=0
     Messages:  created: 2   present: 2   in FES: 2
** Event #133252   t=172.248140189462   Elapsed: 0.010537s (0m 00s)
     Speed:     ev/sec=1.26485e+07   simsec/sec=16350   ev/simsec=773.611
     Messages:  created: 2   present: 2   in FES: 1

<!> Simulation stopped with endSimulation() -- in module (ScheduledAccessQueue) DectScheduledAccessNetwork.queue (id=2), at t=172.248140189462s, event #133252

Calling finish() at end of Run #296...

Preparing for running configuration MonetecFocusedSmallR, run #297...
Scenario: $r=4, $rho=0.200, $repetition=0
Assigned runID=MonetecFocusedSmallR-297-20260930-07:06:07-58
Setting up network "dect2020scheduledaccess.DectScheduledAccessNetwork"...
Initializing...

Running simulation...
** Event #0   t=0   Elapsed: 2e-06s (0m 00s)
     Speed:     ev/sec=0   simsec/sec=0   ev/simsec=0
     Messages:  created: 2   present: 2   in FES: 2
** Event #135676   t=172.158783378111   Elapsed: 0.010576s (0m 00s)
     Speed:     ev/sec=1.28311e+07   simsec/sec=16281.3   ev/simsec=788.087
     Messages:  created: 2   present: 2   in FES: 1

<!> Simulation stopped with endSimulation() -- in module (ScheduledAccessQueue) DectScheduledAccessNetwork.queue (id=2), at t=172.158783378111s, event #135676

Calling finish() at end of Run #297...

Preparing for running configuration MonetecFocusedSmallR, run #298...
Scenario: $r=4, $rho=0.200, $repetition=1
Assigned runID=MonetecFocusedSmallR-298-20260930-07:06:07-58
Setting up network "dect2020scheduledaccess.DectScheduledAccessNetwork"...
Initializing...

Running simulation...
** Event #0   t=0   Elapsed: 2e-06s (0m 00s)
     Speed:     ev/sec=0   simsec/sec=0   ev/simsec=0
     Messages:  created: 2   present: 2   in FES: 2
** Event #135133   t=172.031090132873   Elapsed: 0.014484s (0m 00s)
     Speed:     ev/sec=9.33175e+06   simsec/sec=11879.8   ev/simsec=785.515
     Messages:  created: 2   present: 2   in FES: 1

<!> Simulation stopped with endSimulation() -- in module (ScheduledAccessQueue) DectScheduledAccessNetwork.queue (id=2), at t=172.031090132873s, event #135133

Calling finish() at end of Run #298...

Preparing for running configuration MonetecFocusedSmallR, run #299...
Scenario: $r=4, $rho=0.200, $repetition=2
Assigned runID=MonetecFocusedSmallR-299-20260930-07:06:07-58
Setting up network "dect2020scheduledaccess.DectScheduledAccessNetwork"...
Initializing...

Running simulation...
** Event #0   t=0   Elapsed: 3e-06s (0m 00s)
     Speed:     ev/sec=0   simsec/sec=0   ev/simsec=0
     Messages:  created: 2   present: 2   in FES: 2
** Event #135666   t=172.310031807403   Elapsed: 0.0107s (0m 00s)
     Speed:     ev/sec=1.26826e+07   simsec/sec=16108.2   ev/simsec=787.34
     Messages:  created: 2   present: 2   in FES: 1

<!> Simulation stopped with endSimulation() -- in module (ScheduledAccessQueue) DectScheduledAccessNetwork.queue (id=2), at t=172.310031807403s, event #135666

Calling finish() at end of Run #299...

Preparing for running configuration MonetecFocusedSmallR, run #300...
Scenario: $r=4, $rho=0.205, $repetition=0
Assigned runID=MonetecFocusedSmallR-300-20260930-07:06:07-58
Setting up network "dect2020scheduledaccess.DectScheduledAccessNetwork"...
Initializing...

Running simulation...
** Event #0   t=0   Elapsed: 3e-06s (0m 00s)
     Speed:     ev/sec=0   simsec/sec=0   ev/simsec=0
     Messages:  created: 2   present: 2   in FES: 2
** Event #137550   t=172.063133891019   Elapsed: 0.010838s (0m 00s)
     Speed:     ev/sec=1.2695e+07   simsec/sec=15880.3   ev/simsec=799.417
     Messages:  created: 2   present: 2   in FES: 1

<!> Simulation stopped with endSimulation() -- in module (ScheduledAccessQueue) DectScheduledAccessNetwork.queue (id=2), at t=172.063133891019s, event #137550

Calling finish() at end of Run #300...

Preparing for running configuration MonetecFocusedSmallR, run #301...
Scenario: $r=4, $rho=0.205, $repetition=1
Assigned runID=MonetecFocusedSmallR-301-20260930-07:06:07-58
Setting up network "dect2020scheduledaccess.DectScheduledAccessNetwork"...
Initializing...

Running simulation...
** Event #0   t=0   Elapsed: 2e-06s (0m 00s)
     Speed:     ev/sec=0   simsec/sec=0   ev/simsec=0
     Messages:  created: 2   present: 2   in FES: 2
** Event #137704   t=172.173296961179   Elapsed: 0.010802s (0m 00s)
     Speed:     ev/sec=1.27504e+07   simsec/sec=15942   ev/simsec=799.799
     Messages:  created: 2   present: 2   in FES: 1

<!> Simulation stopped with endSimulation() -- in module (ScheduledAccessQueue) DectScheduledAccessNetwork.queue (id=2), at t=172.173296961179s, event #137704

Calling finish() at end of Run #301...

Preparing for running configuration MonetecFocusedSmallR, run #302...
Scenario: $r=4, $rho=0.205, $repetition=2
Assigned runID=MonetecFocusedSmallR-302-20260930-07:06:07-58
Setting up network "dect2020scheduledaccess.DectScheduledAccessNetwork"...
Initializing...

Running simulation...
** Event #0   t=0   Elapsed: 3e-06s (0m 00s)
     Speed:     ev/sec=0   simsec/sec=0   ev/simsec=0
     Messages:  created: 2   present: 2   in FES: 2
** Event #137467   t=172.205175440377   Elapsed: 0.01086s (0m 00s)
     Speed:     ev/sec=1.26616e+07   simsec/sec=15861.2   ev/simsec=798.275
     Messages:  created: 2   present: 2   in FES: 1

<!> Simulation stopped with endSimulation() -- in module (ScheduledAccessQueue) DectScheduledAccessNetwork.queue (id=2), at t=172.205175440377s, event #137467

Calling finish() at end of Run #302...

Preparing for running configuration MonetecFocusedSmallR, run #303...
Scenario: $r=4, $rho=0.210, $repetition=0
Assigned runID=MonetecFocusedSmallR-303-20260930-07:06:07-58
Setting up network "dect2020scheduledaccess.DectScheduledAccessNetwork"...
Initializing...

Running simulation...
** Event #0   t=0   Elapsed: 2e-06s (0m 00s)
     Speed:     ev/sec=0   simsec/sec=0   ev/simsec=0
     Messages:  created: 2   present: 2   in FES: 2
** Event #139734   t=172.073163657612   Elapsed: 0.011002s (0m 00s)
     Speed:     ev/sec=1.27031e+07   simsec/sec=15643   ev/simsec=812.063
     Messages:  created: 2   present: 2   in FES: 1

<!> Simulation stopped with endSimulation() -- in module (ScheduledAccessQueue) DectScheduledAccessNetwork.queue (id=2), at t=172.073163657612s, event #139734

Calling finish() at end of Run #303...

Preparing for running configuration MonetecFocusedSmallR, run #304...
Scenario: $r=4, $rho=0.210, $repetition=1
Assigned runID=MonetecFocusedSmallR-304-20260930-07:06:07-58
Setting up network "dect2020scheduledaccess.DectScheduledAccessNetwork"...
Initializing...

Running simulation...
** Event #0   t=0   Elapsed: 2e-06s (0m 00s)
     Speed:     ev/sec=0   simsec/sec=0   ev/simsec=0
     Messages:  created: 2   present: 2   in FES: 2
** Event #139613   t=172.126492736681   Elapsed: 0.010942s (0m 00s)
     Speed:     ev/sec=1.27629e+07   simsec/sec=15735.1   ev/simsec=811.107
     Messages:  created: 2   present: 2   in FES: 1

<!> Simulation stopped with endSimulation() -- in module (ScheduledAccessQueue) DectScheduledAccessNetwork.queue (id=2), at t=172.126492736681s, event #139613

Calling finish() at end of Run #304...

Preparing for running configuration MonetecFocusedSmallR, run #305...
Scenario: $r=4, $rho=0.210, $repetition=2
Assigned runID=MonetecFocusedSmallR-305-20260930-07:06:07-58
Setting up network "dect2020scheduledaccess.DectScheduledAccessNetwork"...
Initializing...

Running simulation...
** Event #0   t=0   Elapsed: 2e-06s (0m 00s)
     Speed:     ev/sec=0   simsec/sec=0   ev/simsec=0
     Messages:  created: 2   present: 2   in FES: 2
** Event #139430   t=172.15087166758   Elapsed: 0.010815s (0m 00s)
     Speed:     ev/sec=1.28947e+07   simsec/sec=15920.7   ev/simsec=809.929
     Messages:  created: 2   present: 2   in FES: 1

<!> Simulation stopped with endSimulation() -- in module (ScheduledAccessQueue) DectScheduledAccessNetwork.queue (id=2), at t=172.15087166758s, event #139430

Calling finish() at end of Run #305...

Preparing for running configuration MonetecFocusedSmallR, run #306...
Scenario: $r=4, $rho=0.215, $repetition=0
Assigned runID=MonetecFocusedSmallR-306-20260930-07:06:07-58
Setting up network "dect2020scheduledaccess.DectScheduledAccessNetwork"...
Initializing...

Running simulation...
** Event #0   t=0   Elapsed: 2e-06s (0m 00s)
     Speed:     ev/sec=0   simsec/sec=0   ev/simsec=0
     Messages:  created: 2   present: 2   in FES: 2
** Event #141705   t=172.034282554511   Elapsed: 0.010992s (0m 00s)
     Speed:     ev/sec=1.2894e+07   simsec/sec=15653.7   ev/simsec=823.703
     Messages:  created: 2   present: 2   in FES: 1

<!> Simulation stopped with endSimulation() -- in module (ScheduledAccessQueue) DectScheduledAccessNetwork.queue (id=2), at t=172.034282554511s, event #141705

Calling finish() at end of Run #306...

Preparing for running configuration MonetecFocusedSmallR, run #307...
Scenario: $r=4, $rho=0.215, $repetition=1
Assigned runID=MonetecFocusedSmallR-307-20260930-07:06:07-58
Setting up network "dect2020scheduledaccess.DectScheduledAccessNetwork"...
Initializing...

Running simulation...
** Event #0   t=0   Elapsed: 2e-06s (0m 00s)
     Speed:     ev/sec=0   simsec/sec=0   ev/simsec=0
     Messages:  created: 2   present: 2   in FES: 2
** Event #141796   t=172.142101798352   Elapsed: 0.011013s (0m 00s)
     Speed:     ev/sec=1.28777e+07   simsec/sec=15633.5   ev/simsec=823.72
     Messages:  created: 2   present: 2   in FES: 1

<!> Simulation stopped with endSimulation() -- in module (ScheduledAccessQueue) DectScheduledAccessNetwork.queue (id=2), at t=172.142101798352s, event #141796

Calling finish() at end of Run #307...

Preparing for running configuration MonetecFocusedSmallR, run #308...
Scenario: $r=4, $rho=0.215, $repetition=2
Assigned runID=MonetecFocusedSmallR-308-20260930-07:06:07-58
Setting up network "dect2020scheduledaccess.DectScheduledAccessNetwork"...
Initializing...

Running simulation...
** Event #0   t=0   Elapsed: 2e-06s (0m 00s)
     Speed:     ev/sec=0   simsec/sec=0   ev/simsec=0
     Messages:  created: 2   present: 2   in FES: 2
** Event #141480   t=172.164532942309   Elapsed: 0.011082s (0m 00s)
     Speed:     ev/sec=1.2769e+07   simsec/sec=15538.3   ev/simsec=821.774
     Messages:  created: 2   present: 2   in FES: 1

<!> Simulation stopped with endSimulation() -- in module (ScheduledAccessQueue) DectScheduledAccessNetwork.queue (id=2), at t=172.164532942309s, event #141480

Calling finish() at end of Run #308...

Preparing for running configuration MonetecFocusedSmallR, run #309...
Scenario: $r=4, $rho=0.220, $repetition=0
Assigned runID=MonetecFocusedSmallR-309-20260930-07:06:07-58
Setting up network "dect2020scheduledaccess.DectScheduledAccessNetwork"...
Initializing...

Running simulation...
** Event #0   t=0   Elapsed: 2e-06s (0m 00s)
     Speed:     ev/sec=0   simsec/sec=0   ev/simsec=0
     Messages:  created: 2   present: 2   in FES: 2
** Event #143985   t=172.088043976734   Elapsed: 0.011246s (0m 00s)
     Speed:     ev/sec=1.28044e+07   simsec/sec=15303.5   ev/simsec=836.694
     Messages:  created: 2   present: 2   in FES: 1

<!> Simulation stopped with endSimulation() -- in module (ScheduledAccessQueue) DectScheduledAccessNetwork.queue (id=2), at t=172.088043976734s, event #143985

Calling finish() at end of Run #309...

Preparing for running configuration MonetecFocusedSmallR, run #310...
Scenario: $r=4, $rho=0.220, $repetition=1
Assigned runID=MonetecFocusedSmallR-310-20260930-07:06:07-58
Setting up network "dect2020scheduledaccess.DectScheduledAccessNetwork"...
Initializing...

Running simulation...
** Event #0   t=0   Elapsed: 3e-06s (0m 00s)
     Speed:     ev/sec=0   simsec/sec=0   ev/simsec=0
     Messages:  created: 2   present: 2   in FES: 2
** Event #143811   t=172.097429133333   Elapsed: 0.011217s (0m 00s)
     Speed:     ev/sec=1.28242e+07   simsec/sec=15346.6   ev/simsec=835.641
     Messages:  created: 2   present: 2   in FES: 1

<!> Simulation stopped with endSimulation() -- in module (ScheduledAccessQueue) DectScheduledAccessNetwork.queue (id=2), at t=172.097429133333s, event #143811

Calling finish() at end of Run #310...

Preparing for running configuration MonetecFocusedSmallR, run #311...
Scenario: $r=4, $rho=0.220, $repetition=2
Assigned runID=MonetecFocusedSmallR-311-20260930-07:06:07-58
Setting up network "dect2020scheduledaccess.DectScheduledAccessNetwork"...
Initializing...

Running simulation...
** Event #0   t=0   Elapsed: 2e-06s (0m 00s)
     Speed:     ev/sec=0   simsec/sec=0   ev/simsec=0
     Messages:  created: 2   present: 2   in FES: 2
** Event #143423   t=172.113025608906   Elapsed: 0.011123s (0m 00s)
     Speed:     ev/sec=1.28966e+07   simsec/sec=15476.4   ev/simsec=833.308
     Messages:  created: 2   present: 2   in FES: 1

<!> Simulation stopped with endSimulation() -- in module (ScheduledAccessQueue) DectScheduledAccessNetwork.queue (id=2), at t=172.113025608906s, event #143423

Calling finish() at end of Run #311...

Preparing for running configuration MonetecFocusedSmallR, run #312...
Scenario: $r=4, $rho=0.225, $repetition=0
Assigned runID=MonetecFocusedSmallR-312-20260930-07:06:07-58
Setting up network "dect2020scheduledaccess.DectScheduledAccessNetwork"...
Initializing...

Running simulation...
** Event #0   t=0   Elapsed: 2e-06s (0m 00s)
     Speed:     ev/sec=0   simsec/sec=0   ev/simsec=0
     Messages:  created: 2   present: 2   in FES: 2
** Event #145612   t=171.96241164508   Elapsed: 0.011305s (0m 00s)
     Speed:     ev/sec=1.28837e+07   simsec/sec=15215.2   ev/simsec=846.767
     Messages:  created: 2   present: 2   in FES: 1

<!> Simulation stopped with endSimulation() -- in module (ScheduledAccessQueue) DectScheduledAccessNetwork.queue (id=2), at t=171.96241164508s, event #145612

Calling finish() at end of Run #312...

Preparing for running configuration MonetecFocusedSmallR, run #313...
Scenario: $r=4, $rho=0.225, $repetition=1
Assigned runID=MonetecFocusedSmallR-313-20260930-07:06:07-58
Setting up network "dect2020scheduledaccess.DectScheduledAccessNetwork"...
Initializing...

Running simulation...
** Event #0   t=0   Elapsed: 3e-06s (0m 00s)
     Speed:     ev/sec=0   simsec/sec=0   ev/simsec=0
     Messages:  created: 2   present: 2   in FES: 2
** Event #145943   t=172.166621506265   Elapsed: 0.011375s (0m 00s)
     Speed:     ev/sec=1.28324e+07   simsec/sec=15138.2   ev/simsec=847.685
     Messages:  created: 2   present: 2   in FES: 1

<!> Simulation stopped with endSimulation() -- in module (ScheduledAccessQueue) DectScheduledAccessNetwork.queue (id=2), at t=172.166621506265s, event #145943

Calling finish() at end of Run #313...

Preparing for running configuration MonetecFocusedSmallR, run #314...
Scenario: $r=4, $rho=0.225, $repetition=2
Assigned runID=MonetecFocusedSmallR-314-20260930-07:06:07-58
Setting up network "dect2020scheduledaccess.DectScheduledAccessNetwork"...
Initializing...

Running simulation...
** Event #0   t=0   Elapsed: 2e-06s (0m 00s)
     Speed:     ev/sec=0   simsec/sec=0   ev/simsec=0
     Messages:  created: 2   present: 2   in FES: 2
** Event #145544   t=172.137992861671   Elapsed: 0.01126s (0m 00s)
     Speed:     ev/sec=1.29281e+07   simsec/sec=15290.3   ev/simsec=845.508
     Messages:  created: 2   present: 2   in FES: 1

<!> Simulation stopped with endSimulation() -- in module (ScheduledAccessQueue) DectScheduledAccessNetwork.queue (id=2), at t=172.137992861671s, event #145544

Calling finish() at end of Run #314...

Preparing for running configuration MonetecFocusedSmallR, run #315...
Scenario: $r=4, $rho=0.230, $repetition=0
Assigned runID=MonetecFocusedSmallR-315-20260930-07:06:07-58
Setting up network "dect2020scheduledaccess.DectScheduledAccessNetwork"...
Initializing...

Running simulation...
** Event #0   t=0   Elapsed: 2e-06s (0m 00s)
     Speed:     ev/sec=0   simsec/sec=0   ev/simsec=0
     Messages:  created: 2   present: 2   in FES: 2
** Event #147781   t=171.991816908499   Elapsed: 0.011463s (0m 00s)
     Speed:     ev/sec=1.28943e+07   simsec/sec=15006.7   ev/simsec=859.234
     Messages:  created: 2   present: 2   in FES: 1

<!> Simulation stopped with endSimulation() -- in module (ScheduledAccessQueue) DectScheduledAccessNetwork.queue (id=2), at t=171.991816908499s, event #147781

Calling finish() at end of Run #315...

Preparing for running configuration MonetecFocusedSmallR, run #316...
Scenario: $r=4, $rho=0.230, $repetition=1
Assigned runID=MonetecFocusedSmallR-316-20260930-07:06:07-58
Setting up network "dect2020scheduledaccess.DectScheduledAccessNetwork"...
Initializing...

Running simulation...
** Event #0   t=0   Elapsed: 2e-06s (0m 00s)
     Speed:     ev/sec=0   simsec/sec=0   ev/simsec=0
     Messages:  created: 2   present: 2   in FES: 2
** Event #147465   t=171.973188348684   Elapsed: 0.011431s (0m 00s)
     Speed:     ev/sec=1.29027e+07   simsec/sec=15047.1   ev/simsec=857.489
     Messages:  created: 2   present: 2   in FES: 1

<!> Simulation stopped with endSimulation() -- in module (ScheduledAccessQueue) DectScheduledAccessNetwork.queue (id=2), at t=171.973188348684s, event #147465

Calling finish() at end of Run #316...

Preparing for running configuration MonetecFocusedSmallR, run #317...
Scenario: $r=4, $rho=0.230, $repetition=2
Assigned runID=MonetecFocusedSmallR-317-20260930-07:06:07-58
Setting up network "dect2020scheduledaccess.DectScheduledAccessNetwork"...
Initializing...

Running simulation...
** Event #0   t=0   Elapsed: 2e-06s (0m 00s)
     Speed:     ev/sec=0   simsec/sec=0   ev/simsec=0
     Messages:  created: 2   present: 2   in FES: 2
** Event #147559   t=172.10636907917   Elapsed: 0.011448s (0m 00s)
     Speed:     ev/sec=1.28906e+07   simsec/sec=15035   ev/simsec=857.373
     Messages:  created: 2   present: 2   in FES: 1

<!> Simulation stopped with endSimulation() -- in module (ScheduledAccessQueue) DectScheduledAccessNetwork.queue (id=2), at t=172.10636907917s, event #147559

Calling finish() at end of Run #317...

Preparing for running configuration MonetecFocusedSmallR, run #318...
Scenario: $r=4, $rho=0.235, $repetition=0
Assigned runID=MonetecFocusedSmallR-318-20260930-07:06:07-58
Setting up network "dect2020scheduledaccess.DectScheduledAccessNetwork"...
Initializing...

Running simulation...
** Event #0   t=0   Elapsed: 1.3e-05s (0m 00s)
     Speed:     ev/sec=0   simsec/sec=0   ev/simsec=0
     Messages:  created: 2   present: 2   in FES: 2
** Event #149921   t=172.007506216394   Elapsed: 0.011679s (0m 00s)
     Speed:     ev/sec=1.28522e+07   simsec/sec=14745.6   ev/simsec=871.597
     Messages:  created: 2   present: 2   in FES: 1

<!> Simulation stopped with endSimulation() -- in module (ScheduledAccessQueue) DectScheduledAccessNetwork.queue (id=2), at t=172.007506216394s, event #149921

Calling finish() at end of Run #318...

Preparing for running configuration MonetecFocusedSmallR, run #319...
Scenario: $r=4, $rho=0.235, $repetition=1
Assigned runID=MonetecFocusedSmallR-319-20260930-07:06:07-58
Setting up network "dect2020scheduledaccess.DectScheduledAccessNetwork"...
Initializing...

Running simulation...
** Event #0   t=0   Elapsed: 3e-06s (0m 00s)
     Speed:     ev/sec=0   simsec/sec=0   ev/simsec=0
     Messages:  created: 2   present: 2   in FES: 2
** Event #149813   t=172.052063335551   Elapsed: 0.011582s (0m 00s)
     Speed:     ev/sec=1.29383e+07   simsec/sec=14858.9   ev/simsec=870.745
     Messages:  created: 2   present: 2   in FES: 1

<!> Simulation stopped with endSimulation() -- in module (ScheduledAccessQueue) DectScheduledAccessNetwork.queue (id=2), at t=172.052063335551s, event #149813

Calling finish() at end of Run #319...

Preparing for running configuration MonetecFocusedSmallR, run #320...
Scenario: $r=4, $rho=0.235, $repetition=2
Assigned runID=MonetecFocusedSmallR-320-20260930-07:06:07-58
Setting up network "dect2020scheduledaccess.DectScheduledAccessNetwork"...
Initializing...

Running simulation...
** Event #0   t=0   Elapsed: 2e-06s (0m 00s)
     Speed:     ev/sec=0   simsec/sec=0   ev/simsec=0
     Messages:  created: 2   present: 2   in FES: 2
** Event #149733   t=172.148572461719   Elapsed: 0.011722s (0m 00s)
     Speed:     ev/sec=1.27759e+07   simsec/sec=14688.4   ev/simsec=869.79
     Messages:  created: 2   present: 2   in FES: 1

<!> Simulation stopped with endSimulation() -- in module (ScheduledAccessQueue) DectScheduledAccessNetwork.queue (id=2), at t=172.148572461719s, event #149733

Calling finish() at end of Run #320...

Preparing for running configuration MonetecFocusedSmallR, run #321...
Scenario: $r=4, $rho=0.240, $repetition=0
Assigned runID=MonetecFocusedSmallR-321-20260930-07:06:07-58
Setting up network "dect2020scheduledaccess.DectScheduledAccessNetwork"...
Initializing...

Running simulation...
** Event #0   t=0   Elapsed: 1.5e-05s (0m 00s)
     Speed:     ev/sec=0   simsec/sec=0   ev/simsec=0
     Messages:  created: 2   present: 2   in FES: 2
** Event #152282   t=172.112888930686   Elapsed: 0.011861s (0m 00s)
     Speed:     ev/sec=1.28551e+07   simsec/sec=14529.2   ev/simsec=884.78
     Messages:  created: 2   present: 2   in FES: 1

<!> Simulation stopped with endSimulation() -- in module (ScheduledAccessQueue) DectScheduledAccessNetwork.queue (id=2), at t=172.112888930686s, event #152282

Calling finish() at end of Run #321...

Preparing for running configuration MonetecFocusedSmallR, run #322...
Scenario: $r=4, $rho=0.240, $repetition=1
Assigned runID=MonetecFocusedSmallR-322-20260930-07:06:07-58
Setting up network "dect2020scheduledaccess.DectScheduledAccessNetwork"...
Initializing...

Running simulation...
** Event #0   t=0   Elapsed: 2e-06s (0m 00s)
     Speed:     ev/sec=0   simsec/sec=0   ev/simsec=0
     Messages:  created: 2   present: 2   in FES: 2
** Event #151842   t=172.056983731022   Elapsed: 0.011806s (0m 00s)
     Speed:     ev/sec=1.28647e+07   simsec/sec=14577.4   ev/simsec=882.512
     Messages:  created: 2   present: 2   in FES: 1

<!> Simulation stopped with endSimulation() -- in module (ScheduledAccessQueue) DectScheduledAccessNetwork.queue (id=2), at t=172.056983731022s, event #151842

Calling finish() at end of Run #322...

Preparing for running configuration MonetecFocusedSmallR, run #323...
Scenario: $r=4, $rho=0.240, $repetition=2
Assigned runID=MonetecFocusedSmallR-323-20260930-07:06:07-58
Setting up network "dect2020scheduledaccess.DectScheduledAccessNetwork"...
Initializing...

Running simulation...
** Event #0   t=0   Elapsed: 1.4e-05s (0m 00s)
     Speed:     ev/sec=0   simsec/sec=0   ev/simsec=0
     Messages:  created: 2   present: 2   in FES: 2
** Event #151463   t=172.033137157858   Elapsed: 0.011739s (0m 00s)
     Speed:     ev/sec=1.29169e+07   simsec/sec=14671.1   ev/simsec=880.431
     Messages:  created: 2   present: 2   in FES: 1

<!> Simulation stopped with endSimulation() -- in module (ScheduledAccessQueue) DectScheduledAccessNetwork.queue (id=2), at t=172.033137157858s, event #151463

Calling finish() at end of Run #323...

Preparing for running configuration MonetecFocusedSmallR, run #324...
Scenario: $r=4, $rho=0.245, $repetition=0
Assigned runID=MonetecFocusedSmallR-324-20260930-07:06:07-58
Setting up network "dect2020scheduledaccess.DectScheduledAccessNetwork"...
Initializing...

Running simulation...
** Event #0   t=0   Elapsed: 2e-06s (0m 00s)
     Speed:     ev/sec=0   simsec/sec=0   ev/simsec=0
     Messages:  created: 2   present: 2   in FES: 2
** Event #154126   t=172.022345577834   Elapsed: 0.011993s (0m 00s)
     Speed:     ev/sec=1.28535e+07   simsec/sec=14345.9   ev/simsec=895.966
     Messages:  created: 2   present: 2   in FES: 1

<!> Simulation stopped with endSimulation() -- in module (ScheduledAccessQueue) DectScheduledAccessNetwork.queue (id=2), at t=172.022345577834s, event #154126

Calling finish() at end of Run #324...

Preparing for running configuration MonetecFocusedSmallR, run #325...
Scenario: $r=4, $rho=0.245, $repetition=1
Assigned runID=MonetecFocusedSmallR-325-20260930-07:06:07-58
Setting up network "dect2020scheduledaccess.DectScheduledAccessNetwork"...
Initializing...

Running simulation...
** Event #0   t=0   Elapsed: 1.5e-05s (0m 00s)
     Speed:     ev/sec=0   simsec/sec=0   ev/simsec=0
     Messages:  created: 2   present: 2   in FES: 2
** Event #153852   t=172.045615878427   Elapsed: 0.01204s (0m 00s)
     Speed:     ev/sec=1.27943e+07   simsec/sec=14307.3   ev/simsec=894.255
     Messages:  created: 2   present: 2   in FES: 1

<!> Simulation stopped with endSimulation() -- in module (ScheduledAccessQueue) DectScheduledAccessNetwork.queue (id=2), at t=172.045615878427s, event #153852

Calling finish() at end of Run #325...

Preparing for running configuration MonetecFocusedSmallR, run #326...
Scenario: $r=4, $rho=0.245, $repetition=2
Assigned runID=MonetecFocusedSmallR-326-20260930-07:06:07-58
Setting up network "dect2020scheduledaccess.DectScheduledAccessNetwork"...
Initializing...

Running simulation...
** Event #0   t=0   Elapsed: 2e-06s (0m 00s)
     Speed:     ev/sec=0   simsec/sec=0   ev/simsec=0
     Messages:  created: 2   present: 2   in FES: 2
** Event #153929   t=172.178162682513   Elapsed: 0.012144s (0m 00s)
     Speed:     ev/sec=1.26774e+07   simsec/sec=14180.3   ev/simsec=894.013
     Messages:  created: 2   present: 2   in FES: 1

<!> Simulation stopped with endSimulation() -- in module (ScheduledAccessQueue) DectScheduledAccessNetwork.queue (id=2), at t=172.178162682513s, event #153929

Calling finish() at end of Run #326...

Preparing for running configuration MonetecFocusedSmallR, run #327...
Scenario: $r=4, $rho=0.250, $repetition=0
Assigned runID=MonetecFocusedSmallR-327-20260930-07:06:07-58
Setting up network "dect2020scheduledaccess.DectScheduledAccessNetwork"...
Initializing...

Running simulation...
** Event #0   t=0   Elapsed: 1.7e-05s (0m 00s)
     Speed:     ev/sec=0   simsec/sec=0   ev/simsec=0
     Messages:  created: 2   present: 2   in FES: 2
** Event #156253   t=172.046938906469   Elapsed: 0.012201s (0m 00s)
     Speed:     ev/sec=1.28244e+07   simsec/sec=14120.7   ev/simsec=908.2
     Messages:  created: 2   present: 2   in FES: 1

<!> Simulation stopped with endSimulation() -- in module (ScheduledAccessQueue) DectScheduledAccessNetwork.queue (id=2), at t=172.046938906469s, event #156253

Calling finish() at end of Run #327...

Preparing for running configuration MonetecFocusedSmallR, run #328...
Scenario: $r=4, $rho=0.250, $repetition=1
Assigned runID=MonetecFocusedSmallR-328-20260930-07:06:07-58
Setting up network "dect2020scheduledaccess.DectScheduledAccessNetwork"...
Initializing...

Running simulation...
** Event #0   t=0   Elapsed: 2.5e-05s (0m 00s)
     Speed:     ev/sec=0   simsec/sec=0   ev/simsec=0
     Messages:  created: 2   present: 2   in FES: 2
** Event #156331   t=172.189794687967   Elapsed: 0.012132s (0m 00s)
     Speed:     ev/sec=1.29124e+07   simsec/sec=14222.3   ev/simsec=907.901
     Messages:  created: 2   present: 2   in FES: 1

<!> Simulation stopped with endSimulation() -- in module (ScheduledAccessQueue) DectScheduledAccessNetwork.queue (id=2), at t=172.189794687967s, event #156331

Calling finish() at end of Run #328...

Preparing for running configuration MonetecFocusedSmallR, run #329...
Scenario: $r=4, $rho=0.250, $repetition=2
Assigned runID=MonetecFocusedSmallR-329-20260930-07:06:07-58
Setting up network "dect2020scheduledaccess.DectScheduledAccessNetwork"...
Initializing...

Running simulation...
** Event #0   t=0   Elapsed: 2e-06s (0m 00s)
     Speed:     ev/sec=0   simsec/sec=0   ev/simsec=0
     Messages:  created: 2   present: 2   in FES: 2
** Event #156020   t=172.174392019872   Elapsed: 0.012138s (0m 00s)
     Speed:     ev/sec=1.2856e+07   simsec/sec=14187.1   ev/simsec=906.174
     Messages:  created: 2   present: 2   in FES: 1

<!> Simulation stopped with endSimulation() -- in module (ScheduledAccessQueue) DectScheduledAccessNetwork.queue (id=2), at t=172.174392019872s, event #156020

Calling finish() at end of Run #329...

Preparing for running configuration MonetecFocusedSmallR, run #330...
Scenario: $r=4, $rho=0.255, $repetition=0
Assigned runID=MonetecFocusedSmallR-330-20260930-07:06:07-58
Setting up network "dect2020scheduledaccess.DectScheduledAccessNetwork"...
Initializing...

Running simulation...
** Event #0   t=0   Elapsed: 2e-06s (0m 00s)
     Speed:     ev/sec=0   simsec/sec=0   ev/simsec=0
     Messages:  created: 2   present: 2   in FES: 2
** Event #158429   t=172.111281404937   Elapsed: 0.012238s (0m 00s)
     Speed:     ev/sec=1.29478e+07   simsec/sec=14066   ev/simsec=920.505
     Messages:  created: 2   present: 2   in FES: 1

<!> Simulation stopped with endSimulation() -- in module (ScheduledAccessQueue) DectScheduledAccessNetwork.queue (id=2), at t=172.111281404937s, event #158429

Calling finish() at end of Run #330...

Preparing for running configuration MonetecFocusedSmallR, run #331...
Scenario: $r=4, $rho=0.255, $repetition=1
Assigned runID=MonetecFocusedSmallR-331-20260930-07:06:07-58
Setting up network "dect2020scheduledaccess.DectScheduledAccessNetwork"...
Initializing...

Running simulation...
** Event #0   t=0   Elapsed: 1.2e-05s (0m 00s)
     Speed:     ev/sec=0   simsec/sec=0   ev/simsec=0
     Messages:  created: 2   present: 2   in FES: 2
** Event #158127   t=172.092110669681   Elapsed: 0.01227s (0m 00s)
     Speed:     ev/sec=1.28999e+07   simsec/sec=14039.2   ev/simsec=918.851
     Messages:  created: 2   present: 2   in FES: 1

<!> Simulation stopped with endSimulation() -- in module (ScheduledAccessQueue) DectScheduledAccessNetwork.queue (id=2), at t=172.092110669681s, event #158127

Calling finish() at end of Run #331...

Preparing for running configuration MonetecFocusedSmallR, run #332...
Scenario: $r=4, $rho=0.255, $repetition=2
Assigned runID=MonetecFocusedSmallR-332-20260930-07:06:07-58
Setting up network "dect2020scheduledaccess.DectScheduledAccessNetwork"...
Initializing...

Running simulation...
** Event #0   t=0   Elapsed: 1.5e-05s (0m 00s)
     Speed:     ev/sec=0   simsec/sec=0   ev/simsec=0
     Messages:  created: 2   present: 2   in FES: 2
** Event #157995   t=172.123944872789   Elapsed: 0.012344s (0m 00s)
     Speed:     ev/sec=1.28149e+07   simsec/sec=13960.9   ev/simsec=917.914
     Messages:  created: 2   present: 2   in FES: 1

<!> Simulation stopped with endSimulation() -- in module (ScheduledAccessQueue) DectScheduledAccessNetwork.queue (id=2), at t=172.123944872789s, event #157995

Calling finish() at end of Run #332...

Preparing for running configuration MonetecFocusedSmallR, run #333...
Scenario: $r=4, $rho=0.260, $repetition=0
Assigned runID=MonetecFocusedSmallR-333-20260930-07:06:07-58
Setting up network "dect2020scheduledaccess.DectScheduledAccessNetwork"...
Initializing...

Running simulation...
** Event #0   t=0   Elapsed: 2e-06s (0m 00s)
     Speed:     ev/sec=0   simsec/sec=0   ev/simsec=0
     Messages:  created: 2   present: 2   in FES: 2
** Event #160357   t=172.057803478411   Elapsed: 0.012473s (0m 00s)
     Speed:     ev/sec=1.28574e+07   simsec/sec=13795.5   ev/simsec=931.996
     Messages:  created: 2   present: 2   in FES: 1

<!> Simulation stopped with endSimulation() -- in module (ScheduledAccessQueue) DectScheduledAccessNetwork.queue (id=2), at t=172.057803478411s, event #160357

Calling finish() at end of Run #333...

Preparing for running configuration MonetecFocusedSmallR, run #334...
Scenario: $r=4, $rho=0.260, $repetition=1
Assigned runID=MonetecFocusedSmallR-334-20260930-07:06:07-58
Setting up network "dect2020scheduledaccess.DectScheduledAccessNetwork"...
Initializing...

Running simulation...
** Event #0   t=0   Elapsed: 1.6e-05s (0m 00s)
     Speed:     ev/sec=0   simsec/sec=0   ev/simsec=0
     Messages:  created: 2   present: 2   in FES: 2
** Event #160172   t=172.076271778416   Elapsed: 0.012314s (0m 00s)
     Speed:     ev/sec=1.30242e+07   simsec/sec=13992.2   ev/simsec=930.82
     Messages:  created: 2   present: 2   in FES: 1

<!> Simulation stopped with endSimulation() -- in module (ScheduledAccessQueue) DectScheduledAccessNetwork.queue (id=2), at t=172.076271778416s, event #160172

Calling finish() at end of Run #334...

Preparing for running configuration MonetecFocusedSmallR, run #335...
Scenario: $r=4, $rho=0.260, $repetition=2
Assigned runID=MonetecFocusedSmallR-335-20260930-07:06:07-58
Setting up network "dect2020scheduledaccess.DectScheduledAccessNetwork"...
Initializing...

Running simulation...
** Event #0   t=0   Elapsed: 1.5e-05s (0m 00s)
     Speed:     ev/sec=0   simsec/sec=0   ev/simsec=0
     Messages:  created: 2   present: 2   in FES: 2
** Event #159896   t=172.079571333156   Elapsed: 0.012394s (0m 00s)
     Speed:     ev/sec=1.29167e+07   simsec/sec=13900.9   ev/simsec=929.199
     Messages:  created: 2   present: 2   in FES: 1

<!> Simulation stopped with endSimulation() -- in module (ScheduledAccessQueue) DectScheduledAccessNetwork.queue (id=2), at t=172.079571333156s, event #159896

Calling finish() at end of Run #335...

Preparing for running configuration MonetecFocusedSmallR, run #336...
Scenario: $r=4, $rho=0.265, $repetition=0
Assigned runID=MonetecFocusedSmallR-336-20260930-07:06:07-58
Setting up network "dect2020scheduledaccess.DectScheduledAccessNetwork"...
Initializing...

Running simulation...
** Event #0   t=0   Elapsed: 1.3e-05s (0m 00s)
     Speed:     ev/sec=0   simsec/sec=0   ev/simsec=0
     Messages:  created: 2   present: 2   in FES: 2
** Event #162246   t=172.003715899619   Elapsed: 0.012941s (0m 00s)
     Speed:     ev/sec=1.255e+07   simsec/sec=13304.7   ev/simsec=943.271
     Messages:  created: 2   present: 2   in FES: 1

<!> Simulation stopped with endSimulation() -- in module (ScheduledAccessQueue) DectScheduledAccessNetwork.queue (id=2), at t=172.003715899619s, event #162246

Calling finish() at end of Run #336...

Preparing for running configuration MonetecFocusedSmallR, run #337...
Scenario: $r=4, $rho=0.265, $repetition=1
Assigned runID=MonetecFocusedSmallR-337-20260930-07:06:07-58
Setting up network "dect2020scheduledaccess.DectScheduledAccessNetwork"...
Initializing...

Running simulation...
** Event #0   t=0   Elapsed: 1.4e-05s (0m 00s)
     Speed:     ev/sec=0   simsec/sec=0   ev/simsec=0
     Messages:  created: 2   present: 2   in FES: 2
** Event #162322   t=172.099303981586   Elapsed: 0.012644s (0m 00s)
     Speed:     ev/sec=1.28521e+07   simsec/sec=13626.2   ev/simsec=943.188
     Messages:  created: 2   present: 2   in FES: 1

<!> Simulation stopped with endSimulation() -- in module (ScheduledAccessQueue) DectScheduledAccessNetwork.queue (id=2), at t=172.099303981586s, event #162322

Calling finish() at end of Run #337...

Preparing for running configuration MonetecFocusedSmallR, run #338...
Scenario: $r=4, $rho=0.265, $repetition=2
Assigned runID=MonetecFocusedSmallR-338-20260930-07:06:07-58
Setting up network "dect2020scheduledaccess.DectScheduledAccessNetwork"...
Initializing...

Running simulation...
** Event #0   t=0   Elapsed: 1.6e-05s (0m 00s)
     Speed:     ev/sec=0   simsec/sec=0   ev/simsec=0
     Messages:  created: 2   present: 2   in FES: 2
** Event #162139   t=172.131076555042   Elapsed: 0.012559s (0m 00s)
     Speed:     ev/sec=1.29267e+07   simsec/sec=13723.2   ev/simsec=941.954
     Messages:  created: 2   present: 2   in FES: 1

<!> Simulation stopped with endSimulation() -- in module (ScheduledAccessQueue) DectScheduledAccessNetwork.queue (id=2), at t=172.131076555042s, event #162139

Calling finish() at end of Run #338...

Preparing for running configuration MonetecFocusedSmallR, run #339...
Scenario: $r=4, $rho=0.270, $repetition=0
Assigned runID=MonetecFocusedSmallR-339-20260930-07:06:07-58
Setting up network "dect2020scheduledaccess.DectScheduledAccessNetwork"...
Initializing...

Running simulation...
** Event #0   t=0   Elapsed: 1e-05s (0m 00s)
     Speed:     ev/sec=0   simsec/sec=0   ev/simsec=0
     Messages:  created: 2   present: 2   in FES: 2
** Event #164690   t=172.119722889481   Elapsed: 0.012705s (0m 00s)
     Speed:     ev/sec=1.29728e+07   simsec/sec=13558.1   ev/simsec=956.835
     Messages:  created: 2   present: 2   in FES: 1

<!> Simulation stopped with endSimulation() -- in module (ScheduledAccessQueue) DectScheduledAccessNetwork.queue (id=2), at t=172.119722889481s, event #164690

Calling finish() at end of Run #339...

Preparing for running configuration MonetecFocusedSmallR, run #340...
Scenario: $r=4, $rho=0.270, $repetition=1
Assigned runID=MonetecFocusedSmallR-340-20260930-07:06:07-58
Setting up network "dect2020scheduledaccess.DectScheduledAccessNetwork"...
Initializing...

Running simulation...
** Event #0   t=0   Elapsed: 3e-06s (0m 00s)
     Speed:     ev/sec=0   simsec/sec=0   ev/simsec=0
     Messages:  created: 2   present: 2   in FES: 2
** Event #164641   t=172.178438225453   Elapsed: 0.012718s (0m 00s)
     Speed:     ev/sec=1.29486e+07   simsec/sec=13541.3   ev/simsec=956.224
     Messages:  created: 2   present: 2   in FES: 1

<!> Simulation stopped with endSimulation() -- in module (ScheduledAccessQueue) DectScheduledAccessNetwork.queue (id=2), at t=172.178438225453s, event #164641

Calling finish() at end of Run #340...

Preparing for running configuration MonetecFocusedSmallR, run #341...
Scenario: $r=4, $rho=0.270, $repetition=2
Assigned runID=MonetecFocusedSmallR-341-20260930-07:06:07-58
Setting up network "dect2020scheduledaccess.DectScheduledAccessNetwork"...
Initializing...

Running simulation...
** Event #0   t=0   Elapsed: 1.2e-05s (0m 00s)
     Speed:     ev/sec=0   simsec/sec=0   ev/simsec=0
     Messages:  created: 2   present: 2   in FES: 2
** Event #164263   t=172.129857719156   Elapsed: 0.012729s (0m 00s)
     Speed:     ev/sec=1.29168e+07   simsec/sec=13535.4   ev/simsec=954.297
     Messages:  created: 2   present: 2   in FES: 1

<!> Simulation stopped with endSimulation() -- in module (ScheduledAccessQueue) DectScheduledAccessNetwork.queue (id=2), at t=172.129857719156s, event #164263

Calling finish() at end of Run #341...

Preparing for running configuration MonetecFocusedSmallR, run #342...
Scenario: $r=4, $rho=0.275, $repetition=0
Assigned runID=MonetecFocusedSmallR-342-20260930-07:06:07-58
Setting up network "dect2020scheduledaccess.DectScheduledAccessNetwork"...
Initializing...

Running simulation...
** Event #0   t=0   Elapsed: 1.2e-05s (0m 00s)
     Speed:     ev/sec=0   simsec/sec=0   ev/simsec=0
     Messages:  created: 2   present: 2   in FES: 2
** Event #166623   t=172.070912255062   Elapsed: 0.012739s (0m 00s)
     Speed:     ev/sec=1.30921e+07   simsec/sec=13520.1   ev/simsec=968.34
     Messages:  created: 2   present: 2   in FES: 1

<!> Simulation stopped with endSimulation() -- in module (ScheduledAccessQueue) DectScheduledAccessNetwork.queue (id=2), at t=172.070912255062s, event #166623

Calling finish() at end of Run #342...

Preparing for running configuration MonetecFocusedSmallR, run #343...
Scenario: $r=4, $rho=0.275, $repetition=1
Assigned runID=MonetecFocusedSmallR-343-20260930-07:06:07-58
Setting up network "dect2020scheduledaccess.DectScheduledAccessNetwork"...
Initializing...

Running simulation...
** Event #0   t=0   Elapsed: 1.7e-05s (0m 00s)
     Speed:     ev/sec=0   simsec/sec=0   ev/simsec=0
     Messages:  created: 2   present: 2   in FES: 2
** Event #166275   t=172.042994182395   Elapsed: 0.012802s (0m 00s)
     Speed:     ev/sec=1.30045e+07   simsec/sec=13455.6   ev/simsec=966.475
     Messages:  created: 2   present: 2   in FES: 1

<!> Simulation stopped with endSimulation() -- in module (ScheduledAccessQueue) DectScheduledAccessNetwork.queue (id=2), at t=172.042994182395s, event #166275

Calling finish() at end of Run #343...

Preparing for running configuration MonetecFocusedSmallR, run #344...
Scenario: $r=4, $rho=0.275, $repetition=2
Assigned runID=MonetecFocusedSmallR-344-20260930-07:06:07-58
Setting up network "dect2020scheduledaccess.DectScheduledAccessNetwork"...
Initializing...

Running simulation...
** Event #0   t=0   Elapsed: 1.3e-05s (0m 00s)
     Speed:     ev/sec=0   simsec/sec=0   ev/simsec=0
     Messages:  created: 2   present: 2   in FES: 2
** Event #166469   t=172.196023753465   Elapsed: 0.0128s (0m 00s)
     Speed:     ev/sec=1.30186e+07   simsec/sec=13466.5   ev/simsec=966.741
     Messages:  created: 2   present: 2   in FES: 1

<!> Simulation stopped with endSimulation() -- in module (ScheduledAccessQueue) DectScheduledAccessNetwork.queue (id=2), at t=172.196023753465s, event #166469

Calling finish() at end of Run #344...

Preparing for running configuration MonetecFocusedSmallR, run #345...
Scenario: $r=4, $rho=0.280, $repetition=0
Assigned runID=MonetecFocusedSmallR-345-20260930-07:06:07-58
Setting up network "dect2020scheduledaccess.DectScheduledAccessNetwork"...
Initializing...

Running simulation...
** Event #0   t=0   Elapsed: 1.1e-05s (0m 00s)
     Speed:     ev/sec=0   simsec/sec=0   ev/simsec=0
     Messages:  created: 2   present: 2   in FES: 2
** Event #168327   t=171.96011213765   Elapsed: 0.012952s (0m 00s)
     Speed:     ev/sec=1.30073e+07   simsec/sec=13288   ev/simsec=978.873
     Messages:  created: 2   present: 2   in FES: 1

<!> Simulation stopped with endSimulation() -- in module (ScheduledAccessQueue) DectScheduledAccessNetwork.queue (id=2), at t=171.96011213765s, event #168327

Calling finish() at end of Run #345...

Preparing for running configuration MonetecFocusedSmallR, run #346...
Scenario: $r=4, $rho=0.280, $repetition=1
Assigned runID=MonetecFocusedSmallR-346-20260930-07:06:07-58
Setting up network "dect2020scheduledaccess.DectScheduledAccessNetwork"...
Initializing...

Running simulation...
** Event #0   t=0   Elapsed: 2e-06s (0m 00s)
     Speed:     ev/sec=0   simsec/sec=0   ev/simsec=0
     Messages:  created: 2   present: 2   in FES: 2
** Event #168590   t=172.107151338412   Elapsed: 0.012969s (0m 00s)
     Speed:     ev/sec=1.30005e+07   simsec/sec=13271.7   ev/simsec=979.565
     Messages:  created: 2   present: 2   in FES: 1

<!> Simulation stopped with endSimulation() -- in module (ScheduledAccessQueue) DectScheduledAccessNetwork.queue (id=2), at t=172.107151338412s, event #168590

Calling finish() at end of Run #346...

Preparing for running configuration MonetecFocusedSmallR, run #347...
Scenario: $r=4, $rho=0.280, $repetition=2
Assigned runID=MonetecFocusedSmallR-347-20260930-07:06:07-58
Setting up network "dect2020scheduledaccess.DectScheduledAccessNetwork"...
Initializing...

Running simulation...
** Event #0   t=0   Elapsed: 1.2e-05s (0m 00s)
     Speed:     ev/sec=0   simsec/sec=0   ev/simsec=0
     Messages:  created: 2   present: 2   in FES: 2
** Event #168298   t=172.104906655473   Elapsed: 0.012981s (0m 00s)
     Speed:     ev/sec=1.29769e+07   simsec/sec=13270.5   ev/simsec=977.881
     Messages:  created: 2   present: 2   in FES: 1

<!> Simulation stopped with endSimulation() -- in module (ScheduledAccessQueue) DectScheduledAccessNetwork.queue (id=2), at t=172.104906655473s, event #168298

Calling finish() at end of Run #347...

Preparing for running configuration MonetecFocusedSmallR, run #348...
Scenario: $r=4, $rho=0.285, $repetition=0
Assigned runID=MonetecFocusedSmallR-348-20260930-07:06:07-58
Setting up network "dect2020scheduledaccess.DectScheduledAccessNetwork"...
Initializing...

Running simulation...
** Event #0   t=0   Elapsed: 1.3e-05s (0m 00s)
     Speed:     ev/sec=0   simsec/sec=0   ev/simsec=0
     Messages:  created: 2   present: 2   in FES: 2
** Event #170687   t=172.063954395246   Elapsed: 0.013144s (0m 00s)
     Speed:     ev/sec=1.29988e+07   simsec/sec=13103.6   ev/simsec=991.998
     Messages:  created: 2   present: 2   in FES: 1

<!> Simulation stopped with endSimulation() -- in module (ScheduledAccessQueue) DectScheduledAccessNetwork.queue (id=2), at t=172.063954395246s, event #170687

Calling finish() at end of Run #348...

Preparing for running configuration MonetecFocusedSmallR, run #349...
Scenario: $r=4, $rho=0.285, $repetition=1
Assigned runID=MonetecFocusedSmallR-349-20260930-07:06:07-58
Setting up network "dect2020scheduledaccess.DectScheduledAccessNetwork"...
Initializing...

Running simulation...
** Event #0   t=0   Elapsed: 1.6e-05s (0m 00s)
     Speed:     ev/sec=0   simsec/sec=0   ev/simsec=0
     Messages:  created: 2   present: 2   in FES: 2
** Event #171003   t=172.212395820667   Elapsed: 0.013145s (0m 00s)
     Speed:     ev/sec=1.30248e+07   simsec/sec=13116.9   ev/simsec=992.979
     Messages:  created: 2   present: 2   in FES: 1

<!> Simulation stopped with endSimulation() -- in module (ScheduledAccessQueue) DectScheduledAccessNetwork.queue (id=2), at t=172.212395820667s, event #171003

Calling finish() at end of Run #349...

Preparing for running configuration MonetecFocusedSmallR, run #350...
Scenario: $r=4, $rho=0.285, $repetition=2
Assigned runID=MonetecFocusedSmallR-350-20260930-07:06:07-58
Setting up network "dect2020scheduledaccess.DectScheduledAccessNetwork"...
Initializing...

Running simulation...
** Event #0   t=0   Elapsed: 1.1e-05s (0m 00s)
     Speed:     ev/sec=0   simsec/sec=0   ev/simsec=0
     Messages:  created: 2   present: 2   in FES: 2
** Event #170158   t=172.044134497954   Elapsed: 0.013276s (0m 00s)
     Speed:     ev/sec=1.28276e+07   simsec/sec=12969.8   ev/simsec=989.039
     Messages:  created: 2   present: 2   in FES: 1

<!> Simulation stopped with endSimulation() -- in module (ScheduledAccessQueue) DectScheduledAccessNetwork.queue (id=2), at t=172.044134497954s, event #170158

Calling finish() at end of Run #350...

Preparing for running configuration MonetecFocusedSmallR, run #351...
Scenario: $r=4, $rho=0.290, $repetition=0
Assigned runID=MonetecFocusedSmallR-351-20260930-07:06:07-58
Setting up network "dect2020scheduledaccess.DectScheduledAccessNetwork"...
Initializing...

Running simulation...
** Event #0   t=0   Elapsed: 2.5e-05s (0m 00s)
     Speed:     ev/sec=0   simsec/sec=0   ev/simsec=0
     Messages:  created: 2   present: 2   in FES: 2
** Event #172683   t=172.070001945397   Elapsed: 0.013293s (0m 00s)
     Speed:     ev/sec=1.3015e+07   simsec/sec=12968.8   ev/simsec=1003.57
     Messages:  created: 2   present: 2   in FES: 1

<!> Simulation stopped with endSimulation() -- in module (ScheduledAccessQueue) DectScheduledAccessNetwork.queue (id=2), at t=172.070001945397s, event #172683

Calling finish() at end of Run #351...

Preparing for running configuration MonetecFocusedSmallR, run #352...
Scenario: $r=4, $rho=0.290, $repetition=1
Assigned runID=MonetecFocusedSmallR-352-20260930-07:06:08-58
Setting up network "dect2020scheduledaccess.DectScheduledAccessNetwork"...
Initializing...

Running simulation...
** Event #0   t=0   Elapsed: 2e-06s (0m 00s)
     Speed:     ev/sec=0   simsec/sec=0   ev/simsec=0
     Messages:  created: 2   present: 2   in FES: 2
** Event #172609   t=172.071031222517   Elapsed: 0.013219s (0m 00s)
     Speed:     ev/sec=1.30596e+07   simsec/sec=13018.9   ev/simsec=1003.13
     Messages:  created: 2   present: 2   in FES: 1

<!> Simulation stopped with endSimulation() -- in module (ScheduledAccessQueue) DectScheduledAccessNetwork.queue (id=2), at t=172.071031222517s, event #172609

Calling finish() at end of Run #352...

Preparing for running configuration MonetecFocusedSmallR, run #353...
Scenario: $r=4, $rho=0.290, $repetition=2
Assigned runID=MonetecFocusedSmallR-353-20260930-07:06:08-58
Setting up network "dect2020scheduledaccess.DectScheduledAccessNetwork"...
Initializing...

Running simulation...
** Event #0   t=0   Elapsed: 1.7e-05s (0m 00s)
     Speed:     ev/sec=0   simsec/sec=0   ev/simsec=0
     Messages:  created: 2   present: 2   in FES: 2
** Event #172305   t=172.082598648584   Elapsed: 0.013317s (0m 00s)
     Speed:     ev/sec=1.29543e+07   simsec/sec=12937.5   ev/simsec=1001.29
     Messages:  created: 2   present: 2   in FES: 1

<!> Simulation stopped with endSimulation() -- in module (ScheduledAccessQueue) DectScheduledAccessNetwork.queue (id=2), at t=172.082598648584s, event #172305

Calling finish() at end of Run #353...

Preparing for running configuration MonetecFocusedSmallR, run #354...
Scenario: $r=4, $rho=0.295, $repetition=0
Assigned runID=MonetecFocusedSmallR-354-20260930-07:06:08-58
Setting up network "dect2020scheduledaccess.DectScheduledAccessNetwork"...
Initializing...

Running simulation...
** Event #0   t=0   Elapsed: 1.8e-05s (0m 00s)
     Speed:     ev/sec=0   simsec/sec=0   ev/simsec=0
     Messages:  created: 2   present: 2   in FES: 2
** Event #174649   t=172.016514680311   Elapsed: 0.013496s (0m 00s)
     Speed:     ev/sec=1.29581e+07   simsec/sec=12762.7   ev/simsec=1015.31
     Messages:  created: 2   present: 2   in FES: 1

<!> Simulation stopped with endSimulation() -- in module (ScheduledAccessQueue) DectScheduledAccessNetwork.queue (id=2), at t=172.016514680311s, event #174649

Calling finish() at end of Run #354...

Preparing for running configuration MonetecFocusedSmallR, run #355...
Scenario: $r=4, $rho=0.295, $repetition=1
Assigned runID=MonetecFocusedSmallR-355-20260930-07:06:08-58
Setting up network "dect2020scheduledaccess.DectScheduledAccessNetwork"...
Initializing...

Running simulation...
** Event #0   t=0   Elapsed: 2e-06s (0m 00s)
     Speed:     ev/sec=0   simsec/sec=0   ev/simsec=0
     Messages:  created: 2   present: 2   in FES: 2
** Event #175074   t=172.178278355938   Elapsed: 0.013421s (0m 00s)
     Speed:     ev/sec=1.30467e+07   simsec/sec=12830.9   ev/simsec=1016.82
     Messages:  created: 2   present: 2   in FES: 1

<!> Simulation stopped with endSimulation() -- in module (ScheduledAccessQueue) DectScheduledAccessNetwork.queue (id=2), at t=172.178278355938s, event #175074

Calling finish() at end of Run #355...

Preparing for running configuration MonetecFocusedSmallR, run #356...
Scenario: $r=4, $rho=0.295, $repetition=2
Assigned runID=MonetecFocusedSmallR-356-20260930-07:06:08-58
Setting up network "dect2020scheduledaccess.DectScheduledAccessNetwork"...
Initializing...

Running simulation...
** Event #0   t=0   Elapsed: 2e-06s (0m 00s)
     Speed:     ev/sec=0   simsec/sec=0   ev/simsec=0
     Messages:  created: 2   present: 2   in FES: 2
** Event #174333   t=172.033945221611   Elapsed: 0.01359s (0m 00s)
     Speed:     ev/sec=1.28299e+07   simsec/sec=12660.7   ev/simsec=1013.37
     Messages:  created: 2   present: 2   in FES: 1

<!> Simulation stopped with endSimulation() -- in module (ScheduledAccessQueue) DectScheduledAccessNetwork.queue (id=2), at t=172.033945221611s, event #174333

Calling finish() at end of Run #356...

Preparing for running configuration MonetecFocusedSmallR, run #357...
Scenario: $r=4, $rho=0.300, $repetition=0
Assigned runID=MonetecFocusedSmallR-357-20260930-07:06:08-58
Setting up network "dect2020scheduledaccess.DectScheduledAccessNetwork"...
Initializing...

Running simulation...
** Event #0   t=0   Elapsed: 2.6e-05s (0m 00s)
     Speed:     ev/sec=0   simsec/sec=0   ev/simsec=0
     Messages:  created: 2   present: 2   in FES: 2
** Event #176709   t=171.993203790358   Elapsed: 0.013556s (0m 00s)
     Speed:     ev/sec=1.30605e+07   simsec/sec=12712   ev/simsec=1027.42
     Messages:  created: 2   present: 2   in FES: 1

<!> Simulation stopped with endSimulation() -- in module (ScheduledAccessQueue) DectScheduledAccessNetwork.queue (id=2), at t=171.993203790358s, event #176709

Calling finish() at end of Run #357...

Preparing for running configuration MonetecFocusedSmallR, run #358...
Scenario: $r=4, $rho=0.300, $repetition=1
Assigned runID=MonetecFocusedSmallR-358-20260930-07:06:08-58
Setting up network "dect2020scheduledaccess.DectScheduledAccessNetwork"...
Initializing...

Running simulation...
** Event #0   t=0   Elapsed: 3e-06s (0m 00s)
     Speed:     ev/sec=0   simsec/sec=0   ev/simsec=0
     Messages:  created: 2   present: 2   in FES: 2
** Event #177265   t=172.200807451214   Elapsed: 0.013768s (0m 00s)
     Speed:     ev/sec=1.2878e+07   simsec/sec=12510   ev/simsec=1029.41
     Messages:  created: 2   present: 2   in FES: 1

<!> Simulation stopped with endSimulation() -- in module (ScheduledAccessQueue) DectScheduledAccessNetwork.queue (id=2), at t=172.200807451214s, event #177265

Calling finish() at end of Run #358...

Preparing for running configuration MonetecFocusedSmallR, run #359...
Scenario: $r=4, $rho=0.300, $repetition=2
Assigned runID=MonetecFocusedSmallR-359-20260930-07:06:08-58
Setting up network "dect2020scheduledaccess.DectScheduledAccessNetwork"...
Initializing...

Running simulation...
** Event #0   t=0   Elapsed: 3e-06s (0m 00s)
     Speed:     ev/sec=0   simsec/sec=0   ev/simsec=0
     Messages:  created: 2   present: 2   in FES: 2
** Event #176902   t=172.184463930141   Elapsed: 0.013624s (0m 00s)
     Speed:     ev/sec=1.29874e+07   simsec/sec=12641.1   ev/simsec=1027.4
     Messages:  created: 2   present: 2   in FES: 1

<!> Simulation stopped with endSimulation() -- in module (ScheduledAccessQueue) DectScheduledAccessNetwork.queue (id=2), at t=172.184463930141s, event #176902

Calling finish() at end of Run #359...

Preparing for running configuration MonetecFocusedSmallR, run #360...
Scenario: $r=7, $rho=0.005, $repetition=0
Assigned runID=MonetecFocusedSmallR-360-20260930-07:06:08-58
Setting up network "dect2020scheduledaccess.DectScheduledAccessNetwork"...
Initializing...

Running simulation...
** Event #0   t=0   Elapsed: 1.5e-05s (0m 00s)
     Speed:     ev/sec=0   simsec/sec=0   ev/simsec=0
     Messages:  created: 2   present: 2   in FES: 2
** Event #389119   t=2886.613252335852   Elapsed: 0.023482s (0m 00s)
     Speed:     ev/sec=1.65815e+07   simsec/sec=123007   ev/simsec=134.801
     Messages:  created: 2   present: 2   in FES: 1

<!> Simulation stopped with endSimulation() -- in module (ScheduledAccessQueue) DectScheduledAccessNetwork.queue (id=2), at t=2886.613252335852s, event #389119

Calling finish() at end of Run #360...

Preparing for running configuration MonetecFocusedSmallR, run #361...
Scenario: $r=7, $rho=0.005, $repetition=1
Assigned runID=MonetecFocusedSmallR-361-20260930-07:06:08-58
Setting up network "dect2020scheduledaccess.DectScheduledAccessNetwork"...
Initializing...

Running simulation...
** Event #0   t=0   Elapsed: 1.1e-05s (0m 00s)
     Speed:     ev/sec=0   simsec/sec=0   ev/simsec=0
     Messages:  created: 2   present: 2   in FES: 2
** Event #392466   t=2916.726505529272   Elapsed: 0.02374s (0m 00s)
     Speed:     ev/sec=1.65395e+07   simsec/sec=122918   ev/simsec=134.557
     Messages:  created: 2   present: 2   in FES: 1

<!> Simulation stopped with endSimulation() -- in module (ScheduledAccessQueue) DectScheduledAccessNetwork.queue (id=2), at t=2916.726505529272s, event #392466

Calling finish() at end of Run #361...

Preparing for running configuration MonetecFocusedSmallR, run #362...
Scenario: $r=7, $rho=0.005, $repetition=2
Assigned runID=MonetecFocusedSmallR-362-20260930-07:06:08-58
Setting up network "dect2020scheduledaccess.DectScheduledAccessNetwork"...
Initializing...

Running simulation...
** Event #0   t=0   Elapsed: 3e-06s (0m 00s)
     Speed:     ev/sec=0   simsec/sec=0   ev/simsec=0
     Messages:  created: 2   present: 2   in FES: 2
** Event #389795   t=2892.738498770359   Elapsed: 0.023794s (0m 00s)
     Speed:     ev/sec=1.63841e+07   simsec/sec=121590   ev/simsec=134.75
     Messages:  created: 2   present: 2   in FES: 1

<!> Simulation stopped with endSimulation() -- in module (ScheduledAccessQueue) DectScheduledAccessNetwork.queue (id=2), at t=2892.738498770359s, event #389795

Calling finish() at end of Run #362...

Preparing for running configuration MonetecFocusedSmallR, run #363...
Scenario: $r=7, $rho=0.010, $repetition=0
Assigned runID=MonetecFocusedSmallR-363-20260930-07:06:08-58
Setting up network "dect2020scheduledaccess.DectScheduledAccessNetwork"...
Initializing...

Running simulation...
** Event #0   t=0   Elapsed: 3e-06s (0m 00s)
     Speed:     ev/sec=0   simsec/sec=0   ev/simsec=0
     Messages:  created: 2   present: 2   in FES: 2
** Event #228785   t=1443.596070388846   Elapsed: 0.01471s (0m 00s)
     Speed:     ev/sec=1.55562e+07   simsec/sec=98157.1   ev/simsec=158.483
     Messages:  created: 2   present: 2   in FES: 1

<!> Simulation stopped with endSimulation() -- in module (ScheduledAccessQueue) DectScheduledAccessNetwork.queue (id=2), at t=1443.596070388846s, event #228785

Calling finish() at end of Run #363...

Preparing for running configuration MonetecFocusedSmallR, run #364...
Scenario: $r=7, $rho=0.010, $repetition=1
Assigned runID=MonetecFocusedSmallR-364-20260930-07:06:08-58
Setting up network "dect2020scheduledaccess.DectScheduledAccessNetwork"...
Initializing...

Running simulation...
** Event #0   t=0   Elapsed: 2e-06s (0m 00s)
     Speed:     ev/sec=0   simsec/sec=0   ev/simsec=0
     Messages:  created: 2   present: 2   in FES: 2
** Event #230706   t=1460.861580971635   Elapsed: 0.014717s (0m 00s)
     Speed:     ev/sec=1.56783e+07   simsec/sec=99277   ev/simsec=157.925
     Messages:  created: 2   present: 2   in FES: 1

<!> Simulation stopped with endSimulation() -- in module (ScheduledAccessQueue) DectScheduledAccessNetwork.queue (id=2), at t=1460.861580971635s, event #230706

Calling finish() at end of Run #364...

Preparing for running configuration MonetecFocusedSmallR, run #365...
Scenario: $r=7, $rho=0.010, $repetition=2
Assigned runID=MonetecFocusedSmallR-365-20260930-07:06:08-58
Setting up network "dect2020scheduledaccess.DectScheduledAccessNetwork"...
Initializing...

Running simulation...
** Event #0   t=0   Elapsed: 3e-06s (0m 00s)
     Speed:     ev/sec=0   simsec/sec=0   ev/simsec=0
     Messages:  created: 2   present: 2   in FES: 2
** Event #229087   t=1446.36652092372   Elapsed: 0.014806s (0m 00s)
     Speed:     ev/sec=1.54768e+07   simsec/sec=97714.1   ev/simsec=158.388
     Messages:  created: 2   present: 2   in FES: 1

<!> Simulation stopped with endSimulation() -- in module (ScheduledAccessQueue) DectScheduledAccessNetwork.queue (id=2), at t=1446.36652092372s, event #229087

Calling finish() at end of Run #365...

Preparing for running configuration MonetecFocusedSmallR, run #366...
Scenario: $r=7, $rho=0.015, $repetition=0
Assigned runID=MonetecFocusedSmallR-366-20260930-07:06:08-58
Setting up network "dect2020scheduledaccess.DectScheduledAccessNetwork"...
Initializing...

Running simulation...
** Event #0   t=0   Elapsed: 3e-06s (0m 00s)
     Speed:     ev/sec=0   simsec/sec=0   ev/simsec=0
     Messages:  created: 2   present: 2   in FES: 2
** Event #175351   t=962.685764490582   Elapsed: 0.011711s (0m 00s)
     Speed:     ev/sec=1.4977e+07   simsec/sec=82224.6   ev/simsec=182.148
     Messages:  created: 2   present: 2   in FES: 1

<!> Simulation stopped with endSimulation() -- in module (ScheduledAccessQueue) DectScheduledAccessNetwork.queue (id=2), at t=962.685764490582s, event #175351

Calling finish() at end of Run #366...

Preparing for running configuration MonetecFocusedSmallR, run #367...
Scenario: $r=7, $rho=0.015, $repetition=1
Assigned runID=MonetecFocusedSmallR-367-20260930-07:06:08-58
Setting up network "dect2020scheduledaccess.DectScheduledAccessNetwork"...
Initializing...

Running simulation...
** Event #0   t=0   Elapsed: 1.2e-05s (0m 00s)
     Speed:     ev/sec=0   simsec/sec=0   ev/simsec=0
     Messages:  created: 2   present: 2   in FES: 2
** Event #175981   t=968.418894668045   Elapsed: 0.011666s (0m 00s)
     Speed:     ev/sec=1.51005e+07   simsec/sec=83097.5   ev/simsec=181.72
     Messages:  created: 2   present: 2   in FES: 1

<!> Simulation stopped with endSimulation() -- in module (ScheduledAccessQueue) DectScheduledAccessNetwork.queue (id=2), at t=968.418894668045s, event #175981

Calling finish() at end of Run #367...

Preparing for running configuration MonetecFocusedSmallR, run #368...
Scenario: $r=7, $rho=0.015, $repetition=2
Assigned runID=MonetecFocusedSmallR-368-20260930-07:06:08-58
Setting up network "dect2020scheduledaccess.DectScheduledAccessNetwork"...
Initializing...

Running simulation...
** Event #0   t=0   Elapsed: 2e-06s (0m 00s)
     Speed:     ev/sec=0   simsec/sec=0   ev/simsec=0
     Messages:  created: 2   present: 2   in FES: 2
** Event #175528   t=964.334276081494   Elapsed: 0.011795s (0m 00s)
     Speed:     ev/sec=1.48841e+07   simsec/sec=81771.6   ev/simsec=182.02
     Messages:  created: 2   present: 2   in FES: 1

<!> Simulation stopped with endSimulation() -- in module (ScheduledAccessQueue) DectScheduledAccessNetwork.queue (id=2), at t=964.334276081494s, event #175528

Calling finish() at end of Run #368...

Preparing for running configuration MonetecFocusedSmallR, run #369...
Scenario: $r=7, $rho=0.020, $repetition=0
Assigned runID=MonetecFocusedSmallR-369-20260930-07:06:08-58
Setting up network "dect2020scheduledaccess.DectScheduledAccessNetwork"...
Initializing...

Running simulation...
** Event #0   t=0   Elapsed: 1.6e-05s (0m 00s)
     Speed:     ev/sec=0   simsec/sec=0   ev/simsec=0
     Messages:  created: 2   present: 2   in FES: 2
** Event #148616   t=722.069786024876   Elapsed: 0.010205s (0m 00s)
     Speed:     ev/sec=1.45859e+07   simsec/sec=70867.6   ev/simsec=205.819
     Messages:  created: 2   present: 2   in FES: 1

<!> Simulation stopped with endSimulation() -- in module (ScheduledAccessQueue) DectScheduledAccessNetwork.queue (id=2), at t=722.069786024876s, event #148616

Calling finish() at end of Run #369...

Preparing for running configuration MonetecFocusedSmallR, run #370...
Scenario: $r=7, $rho=0.020, $repetition=1
Assigned runID=MonetecFocusedSmallR-370-20260930-07:06:08-58
Setting up network "dect2020scheduledaccess.DectScheduledAccessNetwork"...
Initializing...

Running simulation...
** Event #0   t=0   Elapsed: 3e-06s (0m 00s)
     Speed:     ev/sec=0   simsec/sec=0   ev/simsec=0
     Messages:  created: 2   present: 2   in FES: 2
** Event #149085   t=726.354075796872   Elapsed: 0.010216s (0m 00s)
     Speed:     ev/sec=1.45976e+07   simsec/sec=71120.4   ev/simsec=205.251
     Messages:  created: 2   present: 2   in FES: 1

<!> Simulation stopped with endSimulation() -- in module (ScheduledAccessQueue) DectScheduledAccessNetwork.queue (id=2), at t=726.354075796872s, event #149085

Calling finish() at end of Run #370...

Preparing for running configuration MonetecFocusedSmallR, run #371...
Scenario: $r=7, $rho=0.020, $repetition=2
Assigned runID=MonetecFocusedSmallR-371-20260930-07:06:08-58
Setting up network "dect2020scheduledaccess.DectScheduledAccessNetwork"...
Initializing...

Running simulation...
** Event #0   t=0   Elapsed: 2e-06s (0m 00s)
     Speed:     ev/sec=0   simsec/sec=0   ev/simsec=0
     Messages:  created: 2   present: 2   in FES: 2
** Event #148681   t=722.721863725748   Elapsed: 0.010238s (0m 00s)
     Speed:     ev/sec=1.45253e+07   simsec/sec=70605.7   ev/simsec=205.724
     Messages:  created: 2   present: 2   in FES: 1

<!> Simulation stopped with endSimulation() -- in module (ScheduledAccessQueue) DectScheduledAccessNetwork.queue (id=2), at t=722.721863725748s, event #148681

Calling finish() at end of Run #371...

Preparing for running configuration MonetecFocusedSmallR, run #372...
Scenario: $r=7, $rho=0.025, $repetition=0
Assigned runID=MonetecFocusedSmallR-372-20260930-07:06:08-58
Setting up network "dect2020scheduledaccess.DectScheduledAccessNetwork"...
Initializing...

Running simulation...
** Event #0   t=0   Elapsed: 1.9e-05s (0m 00s)
     Speed:     ev/sec=0   simsec/sec=0   ev/simsec=0
     Messages:  created: 2   present: 2   in FES: 2
** Event #132606   t=577.93751210517   Elapsed: 0.009389s (0m 00s)
     Speed:     ev/sec=0   simsec/sec=0   ev/simsec=0
     Messages:  created: 2   present: 2   in FES: 1

<!> Simulation stopped with endSimulation() -- in module (ScheduledAccessQueue) DectScheduledAccessNetwork.queue (id=2), at t=577.93751210517s, event #132606

Calling finish() at end of Run #372...

Preparing for running configuration MonetecFocusedSmallR, run #373...
Scenario: $r=7, $rho=0.025, $repetition=1
Assigned runID=MonetecFocusedSmallR-373-20260930-07:06:08-58
Setting up network "dect2020scheduledaccess.DectScheduledAccessNetwork"...
Initializing...

Running simulation...
** Event #0   t=0   Elapsed: 2e-06s (0m 00s)
     Speed:     ev/sec=0   simsec/sec=0   ev/simsec=0
     Messages:  created: 2   present: 2   in FES: 2
** Event #133169   t=583.052006395808   Elapsed: 0.009564s (0m 00s)
     Speed:     ev/sec=0   simsec/sec=0   ev/simsec=0
     Messages:  created: 2   present: 2   in FES: 1

<!> Simulation stopped with endSimulation() -- in module (ScheduledAccessQueue) DectScheduledAccessNetwork.queue (id=2), at t=583.052006395808s, event #133169

Calling finish() at end of Run #373...

Preparing for running configuration MonetecFocusedSmallR, run #374...
Scenario: $r=7, $rho=0.025, $repetition=2
Assigned runID=MonetecFocusedSmallR-374-20260930-07:06:08-58
Setting up network "dect2020scheduledaccess.DectScheduledAccessNetwork"...
Initializing...

Running simulation...
** Event #0   t=0   Elapsed: 1.4e-05s (0m 00s)
     Speed:     ev/sec=0   simsec/sec=0   ev/simsec=0
     Messages:  created: 2   present: 2   in FES: 2
** Event #132462   t=576.785565104481   Elapsed: 0.009352s (0m 00s)
     Speed:     ev/sec=0   simsec/sec=0   ev/simsec=0
     Messages:  created: 2   present: 2   in FES: 1

<!> Simulation stopped with endSimulation() -- in module (ScheduledAccessQueue) DectScheduledAccessNetwork.queue (id=2), at t=576.785565104481s, event #132462

Calling finish() at end of Run #374...

Preparing for running configuration MonetecFocusedSmallR, run #375...
Scenario: $r=7, $rho=0.030, $repetition=0
Assigned runID=MonetecFocusedSmallR-375-20260930-07:06:08-58
Setting up network "dect2020scheduledaccess.DectScheduledAccessNetwork"...
Initializing...

Running simulation...
** Event #0   t=0   Elapsed: 8e-06s (0m 00s)
     Speed:     ev/sec=0   simsec/sec=0   ev/simsec=0
     Messages:  created: 2   present: 2   in FES: 2
** Event #121766   t=480.455847002049   Elapsed: 0.008793s (0m 00s)
     Speed:     ev/sec=0   simsec/sec=0   ev/simsec=0
     Messages:  created: 2   present: 2   in FES: 1

<!> Simulation stopped with endSimulation() -- in module (ScheduledAccessQueue) DectScheduledAccessNetwork.queue (id=2), at t=480.455847002049s, event #121766

Calling finish() at end of Run #375...

Preparing for running configuration MonetecFocusedSmallR, run #376...
Scenario: $r=7, $rho=0.030, $repetition=1
Assigned runID=MonetecFocusedSmallR-376-20260930-07:06:08-58
Setting up network "dect2020scheduledaccess.DectScheduledAccessNetwork"...
Initializing...

Running simulation...
** Event #0   t=0   Elapsed: 1.4e-05s (0m 00s)
     Speed:     ev/sec=0   simsec/sec=0   ev/simsec=0
     Messages:  created: 2   present: 2   in FES: 2
** Event #122359   t=485.774202630039   Elapsed: 0.008809s (0m 00s)
     Speed:     ev/sec=0   simsec/sec=0   ev/simsec=0
     Messages:  created: 2   present: 2   in FES: 1

<!> Simulation stopped with endSimulation() -- in module (ScheduledAccessQueue) DectScheduledAccessNetwork.queue (id=2), at t=485.774202630039s, event #122359

Calling finish() at end of Run #376...

Preparing for running configuration MonetecFocusedSmallR, run #377...
Scenario: $r=7, $rho=0.030, $repetition=2
Assigned runID=MonetecFocusedSmallR-377-20260930-07:06:08-58
Setting up network "dect2020scheduledaccess.DectScheduledAccessNetwork"...
Initializing...

Running simulation...
** Event #0   t=0   Elapsed: 3e-06s (0m 00s)
     Speed:     ev/sec=0   simsec/sec=0   ev/simsec=0
     Messages:  created: 2   present: 2   in FES: 2
** Event #121916   t=481.83621986546   Elapsed: 0.008779s (0m 00s)
     Speed:     ev/sec=0   simsec/sec=0   ev/simsec=0
     Messages:  created: 2   present: 2   in FES: 1

<!> Simulation stopped with endSimulation() -- in module (ScheduledAccessQueue) DectScheduledAccessNetwork.queue (id=2), at t=481.83621986546s, event #121916

Calling finish() at end of Run #377...

Preparing for running configuration MonetecFocusedSmallR, run #378...
Scenario: $r=7, $rho=0.035, $repetition=0
Assigned runID=MonetecFocusedSmallR-378-20260930-07:06:08-58
Setting up network "dect2020scheduledaccess.DectScheduledAccessNetwork"...
Initializing...

Running simulation...
** Event #0   t=0   Elapsed: 3e-06s (0m 00s)
     Speed:     ev/sec=0   simsec/sec=0   ev/simsec=0
     Messages:  created: 2   present: 2   in FES: 2
** Event #114282   t=413.014438022316   Elapsed: 0.008458s (0m 00s)
     Speed:     ev/sec=0   simsec/sec=0   ev/simsec=0
     Messages:  created: 2   present: 2   in FES: 1

<!> Simulation stopped with endSimulation() -- in module (ScheduledAccessQueue) DectScheduledAccessNetwork.queue (id=2), at t=413.014438022316s, event #114282

Calling finish() at end of Run #378...

Preparing for running configuration MonetecFocusedSmallR, run #379...
Scenario: $r=7, $rho=0.035, $repetition=1
Assigned runID=MonetecFocusedSmallR-379-20260930-07:06:08-58
Setting up network "dect2020scheduledaccess.DectScheduledAccessNetwork"...
Initializing...

Running simulation...
** Event #0   t=0   Elapsed: 2e-06s (0m 00s)
     Speed:     ev/sec=0   simsec/sec=0   ev/simsec=0
     Messages:  created: 2   present: 2   in FES: 2
** Event #114600   t=415.949308097981   Elapsed: 0.008383s (0m 00s)
     Speed:     ev/sec=0   simsec/sec=0   ev/simsec=0
     Messages:  created: 2   present: 2   in FES: 1

<!> Simulation stopped with endSimulation() -- in module (ScheduledAccessQueue) DectScheduledAccessNetwork.queue (id=2), at t=415.949308097981s, event #114600

Calling finish() at end of Run #379...

Preparing for running configuration MonetecFocusedSmallR, run #380...
Scenario: $r=7, $rho=0.035, $repetition=2
Assigned runID=MonetecFocusedSmallR-380-20260930-07:06:08-58
Setting up network "dect2020scheduledaccess.DectScheduledAccessNetwork"...
Initializing...

Running simulation...
** Event #0   t=0   Elapsed: 3e-06s (0m 00s)
     Speed:     ev/sec=0   simsec/sec=0   ev/simsec=0
     Messages:  created: 2   present: 2   in FES: 2
** Event #114679   t=416.569162930156   Elapsed: 0.00846s (0m 00s)
     Speed:     ev/sec=0   simsec/sec=0   ev/simsec=0
     Messages:  created: 2   present: 2   in FES: 1

<!> Simulation stopped with endSimulation() -- in module (ScheduledAccessQueue) DectScheduledAccessNetwork.queue (id=2), at t=416.569162930156s, event #114679

Calling finish() at end of Run #380...

Preparing for running configuration MonetecFocusedSmallR, run #381...
Scenario: $r=7, $rho=0.040, $repetition=0
Assigned runID=MonetecFocusedSmallR-381-20260930-07:06:08-58
Setting up network "dect2020scheduledaccess.DectScheduledAccessNetwork"...
Initializing...

Running simulation...
** Event #0   t=0   Elapsed: 2.6e-05s (0m 00s)
     Speed:     ev/sec=0   simsec/sec=0   ev/simsec=0
     Messages:  created: 2   present: 2   in FES: 2
** Event #108502   t=361.026723147314   Elapsed: 0.008031s (0m 00s)
     Speed:     ev/sec=0   simsec/sec=0   ev/simsec=0
     Messages:  created: 2   present: 2   in FES: 1

<!> Simulation stopped with endSimulation() -- in module (ScheduledAccessQueue) DectScheduledAccessNetwork.queue (id=2), at t=361.026723147314s, event #108502

Calling finish() at end of Run #381...

Preparing for running configuration MonetecFocusedSmallR, run #382...
Scenario: $r=7, $rho=0.040, $repetition=1
Assigned runID=MonetecFocusedSmallR-382-20260930-07:06:08-58
Setting up network "dect2020scheduledaccess.DectScheduledAccessNetwork"...
Initializing...

Running simulation...
** Event #0   t=0   Elapsed: 1.1e-05s (0m 00s)
     Speed:     ev/sec=0   simsec/sec=0   ev/simsec=0
     Messages:  created: 2   present: 2   in FES: 2
** Event #108900   t=364.598205924365   Elapsed: 0.008136s (0m 00s)
     Speed:     ev/sec=0   simsec/sec=0   ev/simsec=0
     Messages:  created: 2   present: 2   in FES: 1

<!> Simulation stopped with endSimulation() -- in module (ScheduledAccessQueue) DectScheduledAccessNetwork.queue (id=2), at t=364.598205924365s, event #108900

Calling finish() at end of Run #382...

Preparing for running configuration MonetecFocusedSmallR, run #383...
Scenario: $r=7, $rho=0.040, $repetition=2
Assigned runID=MonetecFocusedSmallR-383-20260930-07:06:08-58
Setting up network "dect2020scheduledaccess.DectScheduledAccessNetwork"...
Initializing...

Running simulation...
** Event #0   t=0   Elapsed: 2e-06s (0m 00s)
     Speed:     ev/sec=0   simsec/sec=0   ev/simsec=0
     Messages:  created: 2   present: 2   in FES: 2
** Event #108759   t=363.311843792657   Elapsed: 0.008145s (0m 00s)
     Speed:     ev/sec=0   simsec/sec=0   ev/simsec=0
     Messages:  created: 2   present: 2   in FES: 1

<!> Simulation stopped with endSimulation() -- in module (ScheduledAccessQueue) DectScheduledAccessNetwork.queue (id=2), at t=363.311843792657s, event #108759

Calling finish() at end of Run #383...

Preparing for running configuration MonetecFocusedSmallR, run #384...
Scenario: $r=7, $rho=0.045, $repetition=0
Assigned runID=MonetecFocusedSmallR-384-20260930-07:06:08-58
Setting up network "dect2020scheduledaccess.DectScheduledAccessNetwork"...
Initializing...

Running simulation...
** Event #0   t=0   Elapsed: 2e-06s (0m 00s)
     Speed:     ev/sec=0   simsec/sec=0   ev/simsec=0
     Messages:  created: 2   present: 2   in FES: 2
** Event #104075   t=321.047485237934   Elapsed: 0.007844s (0m 00s)
     Speed:     ev/sec=0   simsec/sec=0   ev/simsec=0
     Messages:  created: 2   present: 2   in FES: 1

<!> Simulation stopped with endSimulation() -- in module (ScheduledAccessQueue) DectScheduledAccessNetwork.queue (id=2), at t=321.047485237934s, event #104075

Calling finish() at end of Run #384...

Preparing for running configuration MonetecFocusedSmallR, run #385...
Scenario: $r=7, $rho=0.045, $repetition=1
Assigned runID=MonetecFocusedSmallR-385-20260930-07:06:08-58
Setting up network "dect2020scheduledaccess.DectScheduledAccessNetwork"...
Initializing...

Running simulation...
** Event #0   t=0   Elapsed: 1.7e-05s (0m 00s)
     Speed:     ev/sec=0   simsec/sec=0   ev/simsec=0
     Messages:  created: 2   present: 2   in FES: 2
** Event #104404   t=324.014854757482   Elapsed: 0.007832s (0m 00s)
     Speed:     ev/sec=0   simsec/sec=0   ev/simsec=0
     Messages:  created: 2   present: 2   in FES: 1

<!> Simulation stopped with endSimulation() -- in module (ScheduledAccessQueue) DectScheduledAccessNetwork.queue (id=2), at t=324.014854757482s, event #104404

Calling finish() at end of Run #385...

Preparing for running configuration MonetecFocusedSmallR, run #386...
Scenario: $r=7, $rho=0.045, $repetition=2
Assigned runID=MonetecFocusedSmallR-386-20260930-07:06:08-58
Setting up network "dect2020scheduledaccess.DectScheduledAccessNetwork"...
Initializing...

Running simulation...
** Event #0   t=0   Elapsed: 1.1e-05s (0m 00s)
     Speed:     ev/sec=0   simsec/sec=0   ev/simsec=0
     Messages:  created: 2   present: 2   in FES: 2
** Event #104311   t=323.183799611436   Elapsed: 0.007909s (0m 00s)
     Speed:     ev/sec=0   simsec/sec=0   ev/simsec=0
     Messages:  created: 2   present: 2   in FES: 1

<!> Simulation stopped with endSimulation() -- in module (ScheduledAccessQueue) DectScheduledAccessNetwork.queue (id=2), at t=323.183799611436s, event #104311

Calling finish() at end of Run #386...

Preparing for running configuration MonetecFocusedSmallR, run #387...
Scenario: $r=7, $rho=0.050, $repetition=0
Assigned runID=MonetecFocusedSmallR-387-20260930-07:06:08-58
Setting up network "dect2020scheduledaccess.DectScheduledAccessNetwork"...
Initializing...

Running simulation...
** Event #0   t=0   Elapsed: 2e-06s (0m 00s)
     Speed:     ev/sec=0   simsec/sec=0   ev/simsec=0
     Messages:  created: 2   present: 2   in FES: 2
** Event #100638   t=289.953408419004   Elapsed: 0.007695s (0m 00s)
     Speed:     ev/sec=0   simsec/sec=0   ev/simsec=0
     Messages:  created: 2   present: 2   in FES: 1

<!> Simulation stopped with endSimulation() -- in module (ScheduledAccessQueue) DectScheduledAccessNetwork.queue (id=2), at t=289.953408419004s, event #100638

Calling finish() at end of Run #387...

Preparing for running configuration MonetecFocusedSmallR, run #388...
Scenario: $r=7, $rho=0.050, $repetition=1
Assigned runID=MonetecFocusedSmallR-388-20260930-07:06:08-58
Setting up network "dect2020scheduledaccess.DectScheduledAccessNetwork"...
Initializing...

Running simulation...
** Event #0   t=0   Elapsed: 3e-06s (0m 00s)
     Speed:     ev/sec=0   simsec/sec=0   ev/simsec=0
     Messages:  created: 2   present: 2   in FES: 2
** Event #100628   t=289.949292072977   Elapsed: 0.007749s (0m 00s)
     Speed:     ev/sec=0   simsec/sec=0   ev/simsec=0
     Messages:  created: 2   present: 2   in FES: 1

<!> Simulation stopped with endSimulation() -- in module (ScheduledAccessQueue) DectScheduledAccessNetwork.queue (id=2), at t=289.949292072977s, event #100628

Calling finish() at end of Run #388...

Preparing for running configuration MonetecFocusedSmallR, run #389...
Scenario: $r=7, $rho=0.050, $repetition=2
Assigned runID=MonetecFocusedSmallR-389-20260930-07:06:08-58
Setting up network "dect2020scheduledaccess.DectScheduledAccessNetwork"...
Initializing...

Running simulation...
** Event #0   t=0   Elapsed: 2e-06s (0m 00s)
     Speed:     ev/sec=0   simsec/sec=0   ev/simsec=0
     Messages:  created: 2   present: 2   in FES: 2
** Event #100561   t=289.271817238428   Elapsed: 0.007575s (0m 00s)
     Speed:     ev/sec=0   simsec/sec=0   ev/simsec=0
     Messages:  created: 2   present: 2   in FES: 1

<!> Simulation stopped with endSimulation() -- in module (ScheduledAccessQueue) DectScheduledAccessNetwork.queue (id=2), at t=289.271817238428s, event #100561

Calling finish() at end of Run #389...

Preparing for running configuration MonetecFocusedSmallR, run #390...
Scenario: $r=7, $rho=0.055, $repetition=0
Assigned runID=MonetecFocusedSmallR-390-20260930-07:06:08-58
Setting up network "dect2020scheduledaccess.DectScheduledAccessNetwork"...
Initializing...

Running simulation...
** Event #0   t=0   Elapsed: 1.6e-05s (0m 00s)
     Speed:     ev/sec=0   simsec/sec=0   ev/simsec=0
     Messages:  created: 2   present: 2   in FES: 2
** Event #97801   t=264.051647829957   Elapsed: 0.007596s (0m 00s)
     Speed:     ev/sec=0   simsec/sec=0   ev/simsec=0
     Messages:  created: 2   present: 2   in FES: 1

<!> Simulation stopped with endSimulation() -- in module (ScheduledAccessQueue) DectScheduledAccessNetwork.queue (id=2), at t=264.051647829957s, event #97801

Calling finish() at end of Run #390...

Preparing for running configuration MonetecFocusedSmallR, run #391...
Scenario: $r=7, $rho=0.055, $repetition=1
Assigned runID=MonetecFocusedSmallR-391-20260930-07:06:08-58
Setting up network "dect2020scheduledaccess.DectScheduledAccessNetwork"...
Initializing...

Running simulation...
** Event #0   t=0   Elapsed: 1.3e-05s (0m 00s)
     Speed:     ev/sec=0   simsec/sec=0   ev/simsec=0
     Messages:  created: 2   present: 2   in FES: 2
** Event #97868   t=264.625450117033   Elapsed: 0.007612s (0m 00s)
     Speed:     ev/sec=0   simsec/sec=0   ev/simsec=0
     Messages:  created: 2   present: 2   in FES: 1

<!> Simulation stopped with endSimulation() -- in module (ScheduledAccessQueue) DectScheduledAccessNetwork.queue (id=2), at t=264.625450117033s, event #97868

Calling finish() at end of Run #391...

Preparing for running configuration MonetecFocusedSmallR, run #392...
Scenario: $r=7, $rho=0.055, $repetition=2
Assigned runID=MonetecFocusedSmallR-392-20260930-07:06:08-58
Setting up network "dect2020scheduledaccess.DectScheduledAccessNetwork"...
Initializing...

Running simulation...
** Event #0   t=0   Elapsed: 1.7e-05s (0m 00s)
     Speed:     ev/sec=0   simsec/sec=0   ev/simsec=0
     Messages:  created: 2   present: 2   in FES: 2
** Event #97629   t=262.540380707746   Elapsed: 0.007514s (0m 00s)
     Speed:     ev/sec=0   simsec/sec=0   ev/simsec=0
     Messages:  created: 2   present: 2   in FES: 1

<!> Simulation stopped with endSimulation() -- in module (ScheduledAccessQueue) DectScheduledAccessNetwork.queue (id=2), at t=262.540380707746s, event #97629

Calling finish() at end of Run #392...

Preparing for running configuration MonetecFocusedSmallR, run #393...
Scenario: $r=7, $rho=0.060, $repetition=0
Assigned runID=MonetecFocusedSmallR-393-20260930-07:06:08-58
Setting up network "dect2020scheduledaccess.DectScheduledAccessNetwork"...
Initializing...

Running simulation...
** Event #0   t=0   Elapsed: 1.6e-05s (0m 00s)
     Speed:     ev/sec=0   simsec/sec=0   ev/simsec=0
     Messages:  created: 2   present: 2   in FES: 2
** Event #95579   t=243.089458673211   Elapsed: 0.00737s (0m 00s)
     Speed:     ev/sec=0   simsec/sec=0   ev/simsec=0
     Messages:  created: 2   present: 2   in FES: 1

<!> Simulation stopped with endSimulation() -- in module (ScheduledAccessQueue) DectScheduledAccessNetwork.queue (id=2), at t=243.089458673211s, event #95579

Calling finish() at end of Run #393...

Preparing for running configuration MonetecFocusedSmallR, run #394...
Scenario: $r=7, $rho=0.060, $repetition=1
Assigned runID=MonetecFocusedSmallR-394-20260930-07:06:08-58
Setting up network "dect2020scheduledaccess.DectScheduledAccessNetwork"...
Initializing...

Running simulation...
** Event #0   t=0   Elapsed: 1.4e-05s (0m 00s)
     Speed:     ev/sec=0   simsec/sec=0   ev/simsec=0
     Messages:  created: 2   present: 2   in FES: 2
** Event #95793   t=244.777011560887   Elapsed: 0.007426s (0m 00s)
     Speed:     ev/sec=0   simsec/sec=0   ev/simsec=0
     Messages:  created: 2   present: 2   in FES: 1

<!> Simulation stopped with endSimulation() -- in module (ScheduledAccessQueue) DectScheduledAccessNetwork.queue (id=2), at t=244.777011560887s, event #95793

Calling finish() at end of Run #394...

Preparing for running configuration MonetecFocusedSmallR, run #395...
Scenario: $r=7, $rho=0.060, $repetition=2
Assigned runID=MonetecFocusedSmallR-395-20260930-07:06:08-58
Setting up network "dect2020scheduledaccess.DectScheduledAccessNetwork"...
Initializing...

Running simulation...
** Event #0   t=0   Elapsed: 1.2e-05s (0m 00s)
     Speed:     ev/sec=0   simsec/sec=0   ev/simsec=0
     Messages:  created: 2   present: 2   in FES: 2
** Event #95604   t=243.11322416716   Elapsed: 0.007436s (0m 00s)
     Speed:     ev/sec=0   simsec/sec=0   ev/simsec=0
     Messages:  created: 2   present: 2   in FES: 1

<!> Simulation stopped with endSimulation() -- in module (ScheduledAccessQueue) DectScheduledAccessNetwork.queue (id=2), at t=243.11322416716s, event #95604

Calling finish() at end of Run #395...

Preparing for running configuration MonetecFocusedSmallR, run #396...
Scenario: $r=7, $rho=0.065, $repetition=0
Assigned runID=MonetecFocusedSmallR-396-20260930-07:06:08-58
Setting up network "dect2020scheduledaccess.DectScheduledAccessNetwork"...
Initializing...

Running simulation...
** Event #0   t=0   Elapsed: 2e-06s (0m 00s)
     Speed:     ev/sec=0   simsec/sec=0   ev/simsec=0
     Messages:  created: 2   present: 2   in FES: 2
** Event #93773   t=224.909845748606   Elapsed: 0.0073s (0m 00s)
     Speed:     ev/sec=0   simsec/sec=0   ev/simsec=0
     Messages:  created: 2   present: 2   in FES: 1

<!> Simulation stopped with endSimulation() -- in module (ScheduledAccessQueue) DectScheduledAccessNetwork.queue (id=2), at t=224.909845748606s, event #93773

Calling finish() at end of Run #396...

Preparing for running configuration MonetecFocusedSmallR, run #397...
Scenario: $r=7, $rho=0.065, $repetition=1
Assigned runID=MonetecFocusedSmallR-397-20260930-07:06:08-58
Setting up network "dect2020scheduledaccess.DectScheduledAccessNetwork"...
Initializing...

Running simulation...
** Event #0   t=0   Elapsed: 3e-06s (0m 00s)
     Speed:     ev/sec=0   simsec/sec=0   ev/simsec=0
     Messages:  created: 2   present: 2   in FES: 2
** Event #93897   t=226.277437889789   Elapsed: 0.007209s (0m 00s)
     Speed:     ev/sec=0   simsec/sec=0   ev/simsec=0
     Messages:  created: 2   present: 2   in FES: 1

<!> Simulation stopped with endSimulation() -- in module (ScheduledAccessQueue) DectScheduledAccessNetwork.queue (id=2), at t=226.277437889789s, event #93897

Calling finish() at end of Run #397...

Preparing for running configuration MonetecFocusedSmallR, run #398...
Scenario: $r=7, $rho=0.065, $repetition=2
Assigned runID=MonetecFocusedSmallR-398-20260930-07:06:08-58
Setting up network "dect2020scheduledaccess.DectScheduledAccessNetwork"...
Initializing...

Running simulation...
** Event #0   t=0   Elapsed: 1.6e-05s (0m 00s)
     Speed:     ev/sec=0   simsec/sec=0   ev/simsec=0
     Messages:  created: 2   present: 2   in FES: 2
** Event #93745   t=225.457204314371   Elapsed: 0.00729s (0m 00s)
     Speed:     ev/sec=0   simsec/sec=0   ev/simsec=0
     Messages:  created: 2   present: 2   in FES: 1

<!> Simulation stopped with endSimulation() -- in module (ScheduledAccessQueue) DectScheduledAccessNetwork.queue (id=2), at t=225.457204314371s, event #93745

Calling finish() at end of Run #398...

Preparing for running configuration MonetecFocusedSmallR, run #399...
Scenario: $r=7, $rho=0.070, $repetition=0
Assigned runID=MonetecFocusedSmallR-399-20260930-07:06:08-58
Setting up network "dect2020scheduledaccess.DectScheduledAccessNetwork"...
Initializing...

Running simulation...
** Event #0   t=0   Elapsed: 2.5e-05s (0m 00s)
     Speed:     ev/sec=0   simsec/sec=0   ev/simsec=0
     Messages:  created: 2   present: 2   in FES: 2
** Event #92486   t=210.930307500628   Elapsed: 0.007328s (0m 00s)
     Speed:     ev/sec=0   simsec/sec=0   ev/simsec=0
     Messages:  created: 2   present: 2   in FES: 1

<!> Simulation stopped with endSimulation() -- in module (ScheduledAccessQueue) DectScheduledAccessNetwork.queue (id=2), at t=210.930307500628s, event #92486

Calling finish() at end of Run #399...

Preparing for running configuration MonetecFocusedSmallR, run #400...
Scenario: $r=7, $rho=0.070, $repetition=1
Assigned runID=MonetecFocusedSmallR-400-20260930-07:06:08-58
Setting up network "dect2020scheduledaccess.DectScheduledAccessNetwork"...
Initializing...

Running simulation...
** Event #0   t=0   Elapsed: 2e-06s (0m 00s)
     Speed:     ev/sec=0   simsec/sec=0   ev/simsec=0
     Messages:  created: 2   present: 2   in FES: 2
** Event #92562   t=210.783053967291   Elapsed: 0.007164s (0m 00s)
     Speed:     ev/sec=0   simsec/sec=0   ev/simsec=0
     Messages:  created: 2   present: 2   in FES: 1

<!> Simulation stopped with endSimulation() -- in module (ScheduledAccessQueue) DectScheduledAccessNetwork.queue (id=2), at t=210.783053967291s, event #92562

Calling finish() at end of Run #400...

Preparing for running configuration MonetecFocusedSmallR, run #401...
Scenario: $r=7, $rho=0.070, $repetition=2
Assigned runID=MonetecFocusedSmallR-401-20260930-07:06:08-58
Setting up network "dect2020scheduledaccess.DectScheduledAccessNetwork"...
Initializing...

Running simulation...
** Event #0   t=0   Elapsed: 1.6e-05s (0m 00s)
     Speed:     ev/sec=0   simsec/sec=0   ev/simsec=0
     Messages:  created: 2   present: 2   in FES: 2
** Event #92707   t=212.351848287218   Elapsed: 0.007192s (0m 00s)
     Speed:     ev/sec=0   simsec/sec=0   ev/simsec=0
     Messages:  created: 2   present: 2   in FES: 1

<!> Simulation stopped with endSimulation() -- in module (ScheduledAccessQueue) DectScheduledAccessNetwork.queue (id=2), at t=212.351848287218s, event #92707

Calling finish() at end of Run #401...

Preparing for running configuration MonetecFocusedSmallR, run #402...
Scenario: $r=7, $rho=0.075, $repetition=0
Assigned runID=MonetecFocusedSmallR-402-20260930-07:06:08-58
Setting up network "dect2020scheduledaccess.DectScheduledAccessNetwork"...
Initializing...

Running simulation...
** Event #0   t=0   Elapsed: 3e-06s (0m 00s)
     Speed:     ev/sec=0   simsec/sec=0   ev/simsec=0
     Messages:  created: 2   present: 2   in FES: 2
** Event #91913   t=200.921253841553   Elapsed: 0.007123s (0m 00s)
     Speed:     ev/sec=0   simsec/sec=0   ev/simsec=0
     Messages:  created: 2   present: 2   in FES: 1

<!> Simulation stopped with endSimulation() -- in module (ScheduledAccessQueue) DectScheduledAccessNetwork.queue (id=2), at t=200.921253841553s, event #91913

Calling finish() at end of Run #402...

Preparing for running configuration MonetecFocusedSmallR, run #403...
Scenario: $r=7, $rho=0.075, $repetition=1
Assigned runID=MonetecFocusedSmallR-403-20260930-07:06:08-58
Setting up network "dect2020scheduledaccess.DectScheduledAccessNetwork"...
Initializing...

Running simulation...
** Event #0   t=0   Elapsed: 1.8e-05s (0m 00s)
     Speed:     ev/sec=0   simsec/sec=0   ev/simsec=0
     Messages:  created: 2   present: 2   in FES: 2
** Event #91862   t=200.517401373372   Elapsed: 0.0072s (0m 00s)
     Speed:     ev/sec=0   simsec/sec=0   ev/simsec=0
     Messages:  created: 2   present: 2   in FES: 1

<!> Simulation stopped with endSimulation() -- in module (ScheduledAccessQueue) DectScheduledAccessNetwork.queue (id=2), at t=200.517401373372s, event #91862

Calling finish() at end of Run #403...

Preparing for running configuration MonetecFocusedSmallR, run #404...
Scenario: $r=7, $rho=0.075, $repetition=2
Assigned runID=MonetecFocusedSmallR-404-20260930-07:06:08-58
Setting up network "dect2020scheduledaccess.DectScheduledAccessNetwork"...
Initializing...

Running simulation...
** Event #0   t=0   Elapsed: 2e-06s (0m 00s)
     Speed:     ev/sec=0   simsec/sec=0   ev/simsec=0
     Messages:  created: 2   present: 2   in FES: 2
** Event #91721   t=199.515436665189   Elapsed: 0.007097s (0m 00s)
     Speed:     ev/sec=0   simsec/sec=0   ev/simsec=0
     Messages:  created: 2   present: 2   in FES: 1

<!> Simulation stopped with endSimulation() -- in module (ScheduledAccessQueue) DectScheduledAccessNetwork.queue (id=2), at t=199.515436665189s, event #91721

Calling finish() at end of Run #404...

Preparing for running configuration MonetecFocusedSmallR, run #405...
Scenario: $r=7, $rho=0.080, $repetition=0
Assigned runID=MonetecFocusedSmallR-405-20260930-07:06:08-58
Setting up network "dect2020scheduledaccess.DectScheduledAccessNetwork"...
Initializing...

Running simulation...
** Event #0   t=0   Elapsed: 2e-06s (0m 00s)
     Speed:     ev/sec=0   simsec/sec=0   ev/simsec=0
     Messages:  created: 2   present: 2   in FES: 2
** Event #91481   t=190.729305180877   Elapsed: 0.007072s (0m 00s)
     Speed:     ev/sec=0   simsec/sec=0   ev/simsec=0
     Messages:  created: 2   present: 2   in FES: 1

<!> Simulation stopped with endSimulation() -- in module (ScheduledAccessQueue) DectScheduledAccessNetwork.queue (id=2), at t=190.729305180877s, event #91481

Calling finish() at end of Run #405...

Preparing for running configuration MonetecFocusedSmallR, run #406...
Scenario: $r=7, $rho=0.080, $repetition=1
Assigned runID=MonetecFocusedSmallR-406-20260930-07:06:08-58
Setting up network "dect2020scheduledaccess.DectScheduledAccessNetwork"...
Initializing...

Running simulation...
** Event #0   t=0   Elapsed: 1.5e-05s (0m 00s)
     Speed:     ev/sec=0   simsec/sec=0   ev/simsec=0
     Messages:  created: 2   present: 2   in FES: 2
** Event #91638   t=191.260959299343   Elapsed: 0.007161s (0m 00s)
     Speed:     ev/sec=0   simsec/sec=0   ev/simsec=0
     Messages:  created: 2   present: 2   in FES: 1

<!> Simulation stopped with endSimulation() -- in module (ScheduledAccessQueue) DectScheduledAccessNetwork.queue (id=2), at t=191.260959299343s, event #91638

Calling finish() at end of Run #406...

Preparing for running configuration MonetecFocusedSmallR, run #407...
Scenario: $r=7, $rho=0.080, $repetition=2
Assigned runID=MonetecFocusedSmallR-407-20260930-07:06:08-58
Setting up network "dect2020scheduledaccess.DectScheduledAccessNetwork"...
Initializing...

Running simulation...
** Event #0   t=0   Elapsed: 3e-06s (0m 00s)
     Speed:     ev/sec=0   simsec/sec=0   ev/simsec=0
     Messages:  created: 2   present: 2   in FES: 2
** Event #91650   t=190.806131789474   Elapsed: 0.007095s (0m 00s)
     Speed:     ev/sec=0   simsec/sec=0   ev/simsec=0
     Messages:  created: 2   present: 2   in FES: 1

<!> Simulation stopped with endSimulation() -- in module (ScheduledAccessQueue) DectScheduledAccessNetwork.queue (id=2), at t=190.806131789474s, event #91650

Calling finish() at end of Run #407...

Preparing for running configuration MonetecFocusedSmallR, run #408...
Scenario: $r=7, $rho=0.085, $repetition=0
Assigned runID=MonetecFocusedSmallR-408-20260930-07:06:08-58
Setting up network "dect2020scheduledaccess.DectScheduledAccessNetwork"...
Initializing...

Running simulation...
** Event #0   t=0   Elapsed: 1.1e-05s (0m 00s)
     Speed:     ev/sec=0   simsec/sec=0   ev/simsec=0
     Messages:  created: 2   present: 2   in FES: 2
** Event #91896   t=184.319444771838   Elapsed: 0.007202s (0m 00s)
     Speed:     ev/sec=0   simsec/sec=0   ev/simsec=0
     Messages:  created: 2   present: 2   in FES: 1

<!> Simulation stopped with endSimulation() -- in module (ScheduledAccessQueue) DectScheduledAccessNetwork.queue (id=2), at t=184.319444771838s, event #91896

Calling finish() at end of Run #408...

Preparing for running configuration MonetecFocusedSmallR, run #409...
Scenario: $r=7, $rho=0.085, $repetition=1
Assigned runID=MonetecFocusedSmallR-409-20260930-07:06:08-58
Setting up network "dect2020scheduledaccess.DectScheduledAccessNetwork"...
Initializing...

Running simulation...
** Event #0   t=0   Elapsed: 9e-06s (0m 00s)
     Speed:     ev/sec=0   simsec/sec=0   ev/simsec=0
     Messages:  created: 2   present: 2   in FES: 2
** Event #91744   t=184.833496463584   Elapsed: 0.00711s (0m 00s)
     Speed:     ev/sec=0   simsec/sec=0   ev/simsec=0
     Messages:  created: 2   present: 2   in FES: 1

<!> Simulation stopped with endSimulation() -- in module (ScheduledAccessQueue) DectScheduledAccessNetwork.queue (id=2), at t=184.833496463584s, event #91744

Calling finish() at end of Run #409...

Preparing for running configuration MonetecFocusedSmallR, run #410...
Scenario: $r=7, $rho=0.085, $repetition=2
Assigned runID=MonetecFocusedSmallR-410-20260930-07:06:08-58
Setting up network "dect2020scheduledaccess.DectScheduledAccessNetwork"...
Initializing...

Running simulation...
** Event #0   t=0   Elapsed: 1.1e-05s (0m 00s)
     Speed:     ev/sec=0   simsec/sec=0   ev/simsec=0
     Messages:  created: 2   present: 2   in FES: 2
** Event #91805   t=185.172188283311   Elapsed: 0.007131s (0m 00s)
     Speed:     ev/sec=0   simsec/sec=0   ev/simsec=0
     Messages:  created: 2   present: 2   in FES: 1

<!> Simulation stopped with endSimulation() -- in module (ScheduledAccessQueue) DectScheduledAccessNetwork.queue (id=2), at t=185.172188283311s, event #91805

Calling finish() at end of Run #410...

Preparing for running configuration MonetecFocusedSmallR, run #411...
Scenario: $r=7, $rho=0.090, $repetition=0
Assigned runID=MonetecFocusedSmallR-411-20260930-07:06:08-58
Setting up network "dect2020scheduledaccess.DectScheduledAccessNetwork"...
Initializing...

Running simulation...
** Event #0   t=0   Elapsed: 1.6e-05s (0m 00s)
     Speed:     ev/sec=0   simsec/sec=0   ev/simsec=0
     Messages:  created: 2   present: 2   in FES: 2
** Event #92606   t=180.090926860388   Elapsed: 0.007159s (0m 00s)
     Speed:     ev/sec=0   simsec/sec=0   ev/simsec=0
     Messages:  created: 2   present: 2   in FES: 1

<!> Simulation stopped with endSimulation() -- in module (ScheduledAccessQueue) DectScheduledAccessNetwork.queue (id=2), at t=180.090926860388s, event #92606

Calling finish() at end of Run #411...

Preparing for running configuration MonetecFocusedSmallR, run #412...
Scenario: $r=7, $rho=0.090, $repetition=1
Assigned runID=MonetecFocusedSmallR-412-20260930-07:06:08-58
Setting up network "dect2020scheduledaccess.DectScheduledAccessNetwork"...
Initializing...

Running simulation...
** Event #0   t=0   Elapsed: 2e-06s (0m 00s)
     Speed:     ev/sec=0   simsec/sec=0   ev/simsec=0
     Messages:  created: 2   present: 2   in FES: 2
** Event #92418   t=180.433332930459   Elapsed: 0.007175s (0m 00s)
     Speed:     ev/sec=0   simsec/sec=0   ev/simsec=0
     Messages:  created: 2   present: 2   in FES: 1

<!> Simulation stopped with endSimulation() -- in module (ScheduledAccessQueue) DectScheduledAccessNetwork.queue (id=2), at t=180.433332930459s, event #92418

Calling finish() at end of Run #412...

Preparing for running configuration MonetecFocusedSmallR, run #413...
Scenario: $r=7, $rho=0.090, $repetition=2
Assigned runID=MonetecFocusedSmallR-413-20260930-07:06:08-58
Setting up network "dect2020scheduledaccess.DectScheduledAccessNetwork"...
Initializing...

Running simulation...
** Event #0   t=0   Elapsed: 9e-06s (0m 00s)
     Speed:     ev/sec=0   simsec/sec=0   ev/simsec=0
     Messages:  created: 2   present: 2   in FES: 2
** Event #92657   t=180.615640849912   Elapsed: 0.007223s (0m 00s)
     Speed:     ev/sec=0   simsec/sec=0   ev/simsec=0
     Messages:  created: 2   present: 2   in FES: 1

<!> Simulation stopped with endSimulation() -- in module (ScheduledAccessQueue) DectScheduledAccessNetwork.queue (id=2), at t=180.615640849912s, event #92657

Calling finish() at end of Run #413...

Preparing for running configuration MonetecFocusedSmallR, run #414...
Scenario: $r=7, $rho=0.095, $repetition=0
Assigned runID=MonetecFocusedSmallR-414-20260930-07:06:08-58
Setting up network "dect2020scheduledaccess.DectScheduledAccessNetwork"...
Initializing...

Running simulation...
** Event #0   t=0   Elapsed: 1.5e-05s (0m 00s)
     Speed:     ev/sec=0   simsec/sec=0   ev/simsec=0
     Messages:  created: 2   present: 2   in FES: 2
** Event #93646   t=177.057775513518   Elapsed: 0.007473s (0m 00s)
     Speed:     ev/sec=0   simsec/sec=0   ev/simsec=0
     Messages:  created: 2   present: 2   in FES: 1

<!> Simulation stopped with endSimulation() -- in module (ScheduledAccessQueue) DectScheduledAccessNetwork.queue (id=2), at t=177.057775513518s, event #93646

Calling finish() at end of Run #414...

Preparing for running configuration MonetecFocusedSmallR, run #415...
Scenario: $r=7, $rho=0.095, $repetition=1
Assigned runID=MonetecFocusedSmallR-415-20260930-07:06:08-58
Setting up network "dect2020scheduledaccess.DectScheduledAccessNetwork"...
Initializing...

Running simulation...
** Event #0   t=0   Elapsed: 1.3e-05s (0m 00s)
     Speed:     ev/sec=0   simsec/sec=0   ev/simsec=0
     Messages:  created: 2   present: 2   in FES: 2
** Event #93787   t=177.228799582375   Elapsed: 0.007308s (0m 00s)
     Speed:     ev/sec=0   simsec/sec=0   ev/simsec=0
     Messages:  created: 2   present: 2   in FES: 1

<!> Simulation stopped with endSimulation() -- in module (ScheduledAccessQueue) DectScheduledAccessNetwork.queue (id=2), at t=177.228799582375s, event #93787

Calling finish() at end of Run #415...

Preparing for running configuration MonetecFocusedSmallR, run #416...
Scenario: $r=7, $rho=0.095, $repetition=2
Assigned runID=MonetecFocusedSmallR-416-20260930-07:06:08-58
Setting up network "dect2020scheduledaccess.DectScheduledAccessNetwork"...
Initializing...

Running simulation...
** Event #0   t=0   Elapsed: 1.3e-05s (0m 00s)
     Speed:     ev/sec=0   simsec/sec=0   ev/simsec=0
     Messages:  created: 2   present: 2   in FES: 2
** Event #93699   t=178.022265601645   Elapsed: 0.007274s (0m 00s)
     Speed:     ev/sec=0   simsec/sec=0   ev/simsec=0
     Messages:  created: 2   present: 2   in FES: 1

<!> Simulation stopped with endSimulation() -- in module (ScheduledAccessQueue) DectScheduledAccessNetwork.queue (id=2), at t=178.022265601645s, event #93699

Calling finish() at end of Run #416...

Preparing for running configuration MonetecFocusedSmallR, run #417...
Scenario: $r=7, $rho=0.100, $repetition=0
Assigned runID=MonetecFocusedSmallR-417-20260930-07:06:08-58
Setting up network "dect2020scheduledaccess.DectScheduledAccessNetwork"...
Initializing...

Running simulation...
** Event #0   t=0   Elapsed: 8e-06s (0m 00s)
     Speed:     ev/sec=0   simsec/sec=0   ev/simsec=0
     Messages:  created: 2   present: 2   in FES: 2
** Event #95009   t=175.207072257498   Elapsed: 0.007467s (0m 00s)
     Speed:     ev/sec=0   simsec/sec=0   ev/simsec=0
     Messages:  created: 2   present: 2   in FES: 1

<!> Simulation stopped with endSimulation() -- in module (ScheduledAccessQueue) DectScheduledAccessNetwork.queue (id=2), at t=175.207072257498s, event #95009

Calling finish() at end of Run #417...

Preparing for running configuration MonetecFocusedSmallR, run #418...
Scenario: $r=7, $rho=0.100, $repetition=1
Assigned runID=MonetecFocusedSmallR-418-20260930-07:06:08-58
Setting up network "dect2020scheduledaccess.DectScheduledAccessNetwork"...
Initializing...

Running simulation...
** Event #0   t=0   Elapsed: 3e-06s (0m 00s)
     Speed:     ev/sec=0   simsec/sec=0   ev/simsec=0
     Messages:  created: 2   present: 2   in FES: 2
** Event #94927   t=175.091345655104   Elapsed: 0.007441s (0m 00s)
     Speed:     ev/sec=0   simsec/sec=0   ev/simsec=0
     Messages:  created: 2   present: 2   in FES: 1

<!> Simulation stopped with endSimulation() -- in module (ScheduledAccessQueue) DectScheduledAccessNetwork.queue (id=2), at t=175.091345655104s, event #94927

Calling finish() at end of Run #418...

Preparing for running configuration MonetecFocusedSmallR, run #419...
Scenario: $r=7, $rho=0.100, $repetition=2
Assigned runID=MonetecFocusedSmallR-419-20260930-07:06:08-58
Setting up network "dect2020scheduledaccess.DectScheduledAccessNetwork"...
Initializing...

Running simulation...
** Event #0   t=0   Elapsed: 2.3e-05s (0m 00s)
     Speed:     ev/sec=0   simsec/sec=0   ev/simsec=0
     Messages:  created: 2   present: 2   in FES: 2
** Event #95028   t=175.645072894957   Elapsed: 0.00759s (0m 00s)
     Speed:     ev/sec=0   simsec/sec=0   ev/simsec=0
     Messages:  created: 2   present: 2   in FES: 1

<!> Simulation stopped with endSimulation() -- in module (ScheduledAccessQueue) DectScheduledAccessNetwork.queue (id=2), at t=175.645072894957s, event #95028

Calling finish() at end of Run #419...

Preparing for running configuration MonetecFocusedSmallR, run #420...
Scenario: $r=7, $rho=0.105, $repetition=0
Assigned runID=MonetecFocusedSmallR-420-20260930-07:06:08-58
Setting up network "dect2020scheduledaccess.DectScheduledAccessNetwork"...
Initializing...

Running simulation...
** Event #0   t=0   Elapsed: 3e-06s (0m 00s)
     Speed:     ev/sec=0   simsec/sec=0   ev/simsec=0
     Messages:  created: 2   present: 2   in FES: 2
** Event #96760   t=173.878036189442   Elapsed: 0.007584s (0m 00s)
     Speed:     ev/sec=0   simsec/sec=0   ev/simsec=0
     Messages:  created: 2   present: 2   in FES: 1

<!> Simulation stopped with endSimulation() -- in module (ScheduledAccessQueue) DectScheduledAccessNetwork.queue (id=2), at t=173.878036189442s, event #96760

Calling finish() at end of Run #420...

Preparing for running configuration MonetecFocusedSmallR, run #421...
Scenario: $r=7, $rho=0.105, $repetition=1
Assigned runID=MonetecFocusedSmallR-421-20260930-07:06:08-58
Setting up network "dect2020scheduledaccess.DectScheduledAccessNetwork"...
Initializing...

Running simulation...
** Event #0   t=0   Elapsed: 1.7e-05s (0m 00s)
     Speed:     ev/sec=0   simsec/sec=0   ev/simsec=0
     Messages:  created: 2   present: 2   in FES: 2
** Event #96715   t=174.061618679059   Elapsed: 0.007624s (0m 00s)
     Speed:     ev/sec=0   simsec/sec=0   ev/simsec=0
     Messages:  created: 2   present: 2   in FES: 1

<!> Simulation stopped with endSimulation() -- in module (ScheduledAccessQueue) DectScheduledAccessNetwork.queue (id=2), at t=174.061618679059s, event #96715

Calling finish() at end of Run #421...

Preparing for running configuration MonetecFocusedSmallR, run #422...
Scenario: $r=7, $rho=0.105, $repetition=2
Assigned runID=MonetecFocusedSmallR-422-20260930-07:06:08-58
Setting up network "dect2020scheduledaccess.DectScheduledAccessNetwork"...
Initializing...

Running simulation...
** Event #0   t=0   Elapsed: 1.5e-05s (0m 00s)
     Speed:     ev/sec=0   simsec/sec=0   ev/simsec=0
     Messages:  created: 2   present: 2   in FES: 2
** Event #96785   t=174.528949553262   Elapsed: 0.007587s (0m 00s)
     Speed:     ev/sec=0   simsec/sec=0   ev/simsec=0
     Messages:  created: 2   present: 2   in FES: 1

<!> Simulation stopped with endSimulation() -- in module (ScheduledAccessQueue) DectScheduledAccessNetwork.queue (id=2), at t=174.528949553262s, event #96785

Calling finish() at end of Run #422...

Preparing for running configuration MonetecFocusedSmallR, run #423...
Scenario: $r=7, $rho=0.110, $repetition=0
Assigned runID=MonetecFocusedSmallR-423-20260930-07:06:08-58
Setting up network "dect2020scheduledaccess.DectScheduledAccessNetwork"...
Initializing...

Running simulation...
** Event #0   t=0   Elapsed: 3e-06s (0m 00s)
     Speed:     ev/sec=0   simsec/sec=0   ev/simsec=0
     Messages:  created: 2   present: 2   in FES: 2
** Event #98531   t=173.002593064769   Elapsed: 0.007681s (0m 00s)
     Speed:     ev/sec=0   simsec/sec=0   ev/simsec=0
     Messages:  created: 2   present: 2   in FES: 1

<!> Simulation stopped with endSimulation() -- in module (ScheduledAccessQueue) DectScheduledAccessNetwork.queue (id=2), at t=173.002593064769s, event #98531

Calling finish() at end of Run #423...

Preparing for running configuration MonetecFocusedSmallR, run #424...
Scenario: $r=7, $rho=0.110, $repetition=1
Assigned runID=MonetecFocusedSmallR-424-20260930-07:06:08-58
Setting up network "dect2020scheduledaccess.DectScheduledAccessNetwork"...
Initializing...

Running simulation...
** Event #0   t=0   Elapsed: 1.1e-05s (0m 00s)
     Speed:     ev/sec=0   simsec/sec=0   ev/simsec=0
     Messages:  created: 2   present: 2   in FES: 2
** Event #98633   t=173.400400384992   Elapsed: 0.00775s (0m 00s)
     Speed:     ev/sec=0   simsec/sec=0   ev/simsec=0
     Messages:  created: 2   present: 2   in FES: 1

<!> Simulation stopped with endSimulation() -- in module (ScheduledAccessQueue) DectScheduledAccessNetwork.queue (id=2), at t=173.400400384992s, event #98633

Calling finish() at end of Run #424...

Preparing for running configuration MonetecFocusedSmallR, run #425...
Scenario: $r=7, $rho=0.110, $repetition=2
Assigned runID=MonetecFocusedSmallR-425-20260930-07:06:08-58
Setting up network "dect2020scheduledaccess.DectScheduledAccessNetwork"...
Initializing...

Running simulation...
** Event #0   t=0   Elapsed: 1.4e-05s (0m 00s)
     Speed:     ev/sec=0   simsec/sec=0   ev/simsec=0
     Messages:  created: 2   present: 2   in FES: 2
** Event #98234   t=173.507083779982   Elapsed: 0.007795s (0m 00s)
     Speed:     ev/sec=0   simsec/sec=0   ev/simsec=0
     Messages:  created: 2   present: 2   in FES: 1

<!> Simulation stopped with endSimulation() -- in module (ScheduledAccessQueue) DectScheduledAccessNetwork.queue (id=2), at t=173.507083779982s, event #98234

Calling finish() at end of Run #425...

Preparing for running configuration MonetecFocusedSmallR, run #426...
Scenario: $r=7, $rho=0.115, $repetition=0
Assigned runID=MonetecFocusedSmallR-426-20260930-07:06:08-58
Setting up network "dect2020scheduledaccess.DectScheduledAccessNetwork"...
Initializing...

Running simulation...
** Event #0   t=0   Elapsed: 2e-06s (0m 00s)
     Speed:     ev/sec=0   simsec/sec=0   ev/simsec=0
     Messages:  created: 2   present: 2   in FES: 2
** Event #100261   t=172.523760150545   Elapsed: 0.008088s (0m 00s)
     Speed:     ev/sec=0   simsec/sec=0   ev/simsec=0
     Messages:  created: 2   present: 2   in FES: 1

<!> Simulation stopped with endSimulation() -- in module (ScheduledAccessQueue) DectScheduledAccessNetwork.queue (id=2), at t=172.523760150545s, event #100261

Calling finish() at end of Run #426...

Preparing for running configuration MonetecFocusedSmallR, run #427...
Scenario: $r=7, $rho=0.115, $repetition=1
Assigned runID=MonetecFocusedSmallR-427-20260930-07:06:08-58
Setting up network "dect2020scheduledaccess.DectScheduledAccessNetwork"...
Initializing...

Running simulation...
** Event #0   t=0   Elapsed: 2e-06s (0m 00s)
     Speed:     ev/sec=0   simsec/sec=0   ev/simsec=0
     Messages:  created: 2   present: 2   in FES: 2
** Event #100446   t=172.801918712199   Elapsed: 0.007872s (0m 00s)
     Speed:     ev/sec=0   simsec/sec=0   ev/simsec=0
     Messages:  created: 2   present: 2   in FES: 1

<!> Simulation stopped with endSimulation() -- in module (ScheduledAccessQueue) DectScheduledAccessNetwork.queue (id=2), at t=172.801918712199s, event #100446

Calling finish() at end of Run #427...

Preparing for running configuration MonetecFocusedSmallR, run #428...
Scenario: $r=7, $rho=0.115, $repetition=2
Assigned runID=MonetecFocusedSmallR-428-20260930-07:06:08-58
Setting up network "dect2020scheduledaccess.DectScheduledAccessNetwork"...
Initializing...

Running simulation...
** Event #0   t=0   Elapsed: 1.5e-05s (0m 00s)
     Speed:     ev/sec=0   simsec/sec=0   ev/simsec=0
     Messages:  created: 2   present: 2   in FES: 2
** Event #100357   t=172.928520276601   Elapsed: 0.007959s (0m 00s)
     Speed:     ev/sec=0   simsec/sec=0   ev/simsec=0
     Messages:  created: 2   present: 2   in FES: 1

<!> Simulation stopped with endSimulation() -- in module (ScheduledAccessQueue) DectScheduledAccessNetwork.queue (id=2), at t=172.928520276601s, event #100357

Calling finish() at end of Run #428...

Preparing for running configuration MonetecFocusedSmallR, run #429...
Scenario: $r=7, $rho=0.120, $repetition=0
Assigned runID=MonetecFocusedSmallR-429-20260930-07:06:08-58
Setting up network "dect2020scheduledaccess.DectScheduledAccessNetwork"...
Initializing...

Running simulation...
** Event #0   t=0   Elapsed: 2e-06s (0m 00s)
     Speed:     ev/sec=0   simsec/sec=0   ev/simsec=0
     Messages:  created: 2   present: 2   in FES: 2
** Event #102562   t=172.364602300166   Elapsed: 0.007984s (0m 00s)
     Speed:     ev/sec=0   simsec/sec=0   ev/simsec=0
     Messages:  created: 2   present: 2   in FES: 1

<!> Simulation stopped with endSimulation() -- in module (ScheduledAccessQueue) DectScheduledAccessNetwork.queue (id=2), at t=172.364602300166s, event #102562

Calling finish() at end of Run #429...

Preparing for running configuration MonetecFocusedSmallR, run #430...
Scenario: $r=7, $rho=0.120, $repetition=1
Assigned runID=MonetecFocusedSmallR-430-20260930-07:06:08-58
Setting up network "dect2020scheduledaccess.DectScheduledAccessNetwork"...
Initializing...

Running simulation...
** Event #0   t=0   Elapsed: 3e-06s (0m 00s)
     Speed:     ev/sec=0   simsec/sec=0   ev/simsec=0
     Messages:  created: 2   present: 2   in FES: 2
** Event #102288   t=172.603577146099   Elapsed: 0.00805s (0m 00s)
     Speed:     ev/sec=0   simsec/sec=0   ev/simsec=0
     Messages:  created: 2   present: 2   in FES: 1

<!> Simulation stopped with endSimulation() -- in module (ScheduledAccessQueue) DectScheduledAccessNetwork.queue (id=2), at t=172.603577146099s, event #102288

Calling finish() at end of Run #430...

Preparing for running configuration MonetecFocusedSmallR, run #431...
Scenario: $r=7, $rho=0.120, $repetition=2
Assigned runID=MonetecFocusedSmallR-431-20260930-07:06:08-58
Setting up network "dect2020scheduledaccess.DectScheduledAccessNetwork"...
Initializing...

Running simulation...
** Event #0   t=0   Elapsed: 2e-06s (0m 00s)
     Speed:     ev/sec=0   simsec/sec=0   ev/simsec=0
     Messages:  created: 2   present: 2   in FES: 2
** Event #102234   t=172.571384501668   Elapsed: 0.008033s (0m 00s)
     Speed:     ev/sec=0   simsec/sec=0   ev/simsec=0
     Messages:  created: 2   present: 2   in FES: 1

<!> Simulation stopped with endSimulation() -- in module (ScheduledAccessQueue) DectScheduledAccessNetwork.queue (id=2), at t=172.571384501668s, event #102234

Calling finish() at end of Run #431...

Preparing for running configuration MonetecFocusedSmallR, run #432...
Scenario: $r=7, $rho=0.125, $repetition=0
Assigned runID=MonetecFocusedSmallR-432-20260930-07:06:08-58
Setting up network "dect2020scheduledaccess.DectScheduledAccessNetwork"...
Initializing...

Running simulation...
** Event #0   t=0   Elapsed: 2e-06s (0m 00s)
     Speed:     ev/sec=0   simsec/sec=0   ev/simsec=0
     Messages:  created: 2   present: 2   in FES: 2
** Event #104385   t=172.223969530432   Elapsed: 0.008206s (0m 00s)
     Speed:     ev/sec=0   simsec/sec=0   ev/simsec=0
     Messages:  created: 2   present: 2   in FES: 1

<!> Simulation stopped with endSimulation() -- in module (ScheduledAccessQueue) DectScheduledAccessNetwork.queue (id=2), at t=172.223969530432s, event #104385

Calling finish() at end of Run #432...

Preparing for running configuration MonetecFocusedSmallR, run #433...
Scenario: $r=7, $rho=0.125, $repetition=1
Assigned runID=MonetecFocusedSmallR-433-20260930-07:06:08-58
Setting up network "dect2020scheduledaccess.DectScheduledAccessNetwork"...
Initializing...

Running simulation...
** Event #0   t=0   Elapsed: 1.4e-05s (0m 00s)
     Speed:     ev/sec=0   simsec/sec=0   ev/simsec=0
     Messages:  created: 2   present: 2   in FES: 2
** Event #104399   t=172.453501868373   Elapsed: 0.008261s (0m 00s)
     Speed:     ev/sec=0   simsec/sec=0   ev/simsec=0
     Messages:  created: 2   present: 2   in FES: 1

<!> Simulation stopped with endSimulation() -- in module (ScheduledAccessQueue) DectScheduledAccessNetwork.queue (id=2), at t=172.453501868373s, event #104399

Calling finish() at end of Run #433...

Preparing for running configuration MonetecFocusedSmallR, run #434...
Scenario: $r=7, $rho=0.125, $repetition=2
Assigned runID=MonetecFocusedSmallR-434-20260930-07:06:08-58
Setting up network "dect2020scheduledaccess.DectScheduledAccessNetwork"...
Initializing...

Running simulation...
** Event #0   t=0   Elapsed: 4e-06s (0m 00s)
     Speed:     ev/sec=0   simsec/sec=0   ev/simsec=0
     Messages:  created: 2   present: 2   in FES: 2
** Event #104195   t=172.314678218961   Elapsed: 0.008173s (0m 00s)
     Speed:     ev/sec=0   simsec/sec=0   ev/simsec=0
     Messages:  created: 2   present: 2   in FES: 1

<!> Simulation stopped with endSimulation() -- in module (ScheduledAccessQueue) DectScheduledAccessNetwork.queue (id=2), at t=172.314678218961s, event #104195

Calling finish() at end of Run #434...

Preparing for running configuration MonetecFocusedSmallR, run #435...
Scenario: $r=7, $rho=0.130, $repetition=0
Assigned runID=MonetecFocusedSmallR-435-20260930-07:06:08-58
Setting up network "dect2020scheduledaccess.DectScheduledAccessNetwork"...
Initializing...

Running simulation...
** Event #0   t=0   Elapsed: 3e-06s (0m 00s)
     Speed:     ev/sec=0   simsec/sec=0   ev/simsec=0
     Messages:  created: 2   present: 2   in FES: 2
** Event #106539   t=172.13477444825   Elapsed: 0.008364s (0m 00s)
     Speed:     ev/sec=0   simsec/sec=0   ev/simsec=0
     Messages:  created: 2   present: 2   in FES: 1

<!> Simulation stopped with endSimulation() -- in module (ScheduledAccessQueue) DectScheduledAccessNetwork.queue (id=2), at t=172.13477444825s, event #106539

Calling finish() at end of Run #435...

Preparing for running configuration MonetecFocusedSmallR, run #436...
Scenario: $r=7, $rho=0.130, $repetition=1
Assigned runID=MonetecFocusedSmallR-436-20260930-07:06:08-58
Setting up network "dect2020scheduledaccess.DectScheduledAccessNetwork"...
Initializing...

Running simulation...
** Event #0   t=0   Elapsed: 2e-06s (0m 00s)
     Speed:     ev/sec=0   simsec/sec=0   ev/simsec=0
     Messages:  created: 2   present: 2   in FES: 2
** Event #106528   t=172.337000419001   Elapsed: 0.008332s (0m 00s)
     Speed:     ev/sec=0   simsec/sec=0   ev/simsec=0
     Messages:  created: 2   present: 2   in FES: 1

<!> Simulation stopped with endSimulation() -- in module (ScheduledAccessQueue) DectScheduledAccessNetwork.queue (id=2), at t=172.337000419001s, event #106528

Calling finish() at end of Run #436...

Preparing for running configuration MonetecFocusedSmallR, run #437...
Scenario: $r=7, $rho=0.130, $repetition=2
Assigned runID=MonetecFocusedSmallR-437-20260930-07:06:08-58
Setting up network "dect2020scheduledaccess.DectScheduledAccessNetwork"...
Initializing...

Running simulation...
** Event #0   t=0   Elapsed: 1.9e-05s (0m 00s)
     Speed:     ev/sec=0   simsec/sec=0   ev/simsec=0
     Messages:  created: 2   present: 2   in FES: 2
** Event #106206   t=172.253635420225   Elapsed: 0.0085s (0m 00s)
     Speed:     ev/sec=0   simsec/sec=0   ev/simsec=0
     Messages:  created: 2   present: 2   in FES: 1

<!> Simulation stopped with endSimulation() -- in module (ScheduledAccessQueue) DectScheduledAccessNetwork.queue (id=2), at t=172.253635420225s, event #106206

Calling finish() at end of Run #437...

Preparing for running configuration MonetecFocusedSmallR, run #438...
Scenario: $r=7, $rho=0.135, $repetition=0
Assigned runID=MonetecFocusedSmallR-438-20260930-07:06:08-58
Setting up network "dect2020scheduledaccess.DectScheduledAccessNetwork"...
Initializing...

Running simulation...
** Event #0   t=0   Elapsed: 2e-06s (0m 00s)
     Speed:     ev/sec=0   simsec/sec=0   ev/simsec=0
     Messages:  created: 2   present: 2   in FES: 2
** Event #108645   t=172.123000814961   Elapsed: 0.008497s (0m 00s)
     Speed:     ev/sec=0   simsec/sec=0   ev/simsec=0
     Messages:  created: 2   present: 2   in FES: 1

<!> Simulation stopped with endSimulation() -- in module (ScheduledAccessQueue) DectScheduledAccessNetwork.queue (id=2), at t=172.123000814961s, event #108645

Calling finish() at end of Run #438...

Preparing for running configuration MonetecFocusedSmallR, run #439...
Scenario: $r=7, $rho=0.135, $repetition=1
Assigned runID=MonetecFocusedSmallR-439-20260930-07:06:08-58
Setting up network "dect2020scheduledaccess.DectScheduledAccessNetwork"...
Initializing...

Running simulation...
** Event #0   t=0   Elapsed: 1.4e-05s (0m 00s)
     Speed:     ev/sec=0   simsec/sec=0   ev/simsec=0
     Messages:  created: 2   present: 2   in FES: 2
** Event #108519   t=172.274927067121   Elapsed: 0.008506s (0m 00s)
     Speed:     ev/sec=0   simsec/sec=0   ev/simsec=0
     Messages:  created: 2   present: 2   in FES: 1

<!> Simulation stopped with endSimulation() -- in module (ScheduledAccessQueue) DectScheduledAccessNetwork.queue (id=2), at t=172.274927067121s, event #108519

Calling finish() at end of Run #439...

Preparing for running configuration MonetecFocusedSmallR, run #440...
Scenario: $r=7, $rho=0.135, $repetition=2
Assigned runID=MonetecFocusedSmallR-440-20260930-07:06:08-58
Setting up network "dect2020scheduledaccess.DectScheduledAccessNetwork"...
Initializing...

Running simulation...
** Event #0   t=0   Elapsed: 2e-06s (0m 00s)
     Speed:     ev/sec=0   simsec/sec=0   ev/simsec=0
     Messages:  created: 2   present: 2   in FES: 2
** Event #108282   t=172.153556159985   Elapsed: 0.008569s (0m 00s)
     Speed:     ev/sec=0   simsec/sec=0   ev/simsec=0
     Messages:  created: 2   present: 2   in FES: 1

<!> Simulation stopped with endSimulation() -- in module (ScheduledAccessQueue) DectScheduledAccessNetwork.queue (id=2), at t=172.153556159985s, event #108282

Calling finish() at end of Run #440...

Preparing for running configuration MonetecFocusedSmallR, run #441...
Scenario: $r=7, $rho=0.140, $repetition=0
Assigned runID=MonetecFocusedSmallR-441-20260930-07:06:08-58
Setting up network "dect2020scheduledaccess.DectScheduledAccessNetwork"...
Initializing...

Running simulation...
** Event #0   t=0   Elapsed: 1.6e-05s (0m 00s)
     Speed:     ev/sec=0   simsec/sec=0   ev/simsec=0
     Messages:  created: 2   present: 2   in FES: 2
** Event #110554   t=172.01717650095   Elapsed: 0.008711s (0m 00s)
     Speed:     ev/sec=0   simsec/sec=0   ev/simsec=0
     Messages:  created: 2   present: 2   in FES: 1

<!> Simulation stopped with endSimulation() -- in module (ScheduledAccessQueue) DectScheduledAccessNetwork.queue (id=2), at t=172.01717650095s, event #110554

Calling finish() at end of Run #441...

Preparing for running configuration MonetecFocusedSmallR, run #442...
Scenario: $r=7, $rho=0.140, $repetition=1
Assigned runID=MonetecFocusedSmallR-442-20260930-07:06:08-58
Setting up network "dect2020scheduledaccess.DectScheduledAccessNetwork"...
Initializing...

Running simulation...
** Event #0   t=0   Elapsed: 2e-06s (0m 00s)
     Speed:     ev/sec=0   simsec/sec=0   ev/simsec=0
     Messages:  created: 2   present: 2   in FES: 2
** Event #110649   t=172.229717460905   Elapsed: 0.008716s (0m 00s)
     Speed:     ev/sec=0   simsec/sec=0   ev/simsec=0
     Messages:  created: 2   present: 2   in FES: 1

<!> Simulation stopped with endSimulation() -- in module (ScheduledAccessQueue) DectScheduledAccessNetwork.queue (id=2), at t=172.229717460905s, event #110649

Calling finish() at end of Run #442...

Preparing for running configuration MonetecFocusedSmallR, run #443...
Scenario: $r=7, $rho=0.140, $repetition=2
Assigned runID=MonetecFocusedSmallR-443-20260930-07:06:08-58
Setting up network "dect2020scheduledaccess.DectScheduledAccessNetwork"...
Initializing...

Running simulation...
** Event #0   t=0   Elapsed: 1.3e-05s (0m 00s)
     Speed:     ev/sec=0   simsec/sec=0   ev/simsec=0
     Messages:  created: 2   present: 2   in FES: 2
** Event #110490   t=172.175349773529   Elapsed: 0.008725s (0m 00s)
     Speed:     ev/sec=0   simsec/sec=0   ev/simsec=0
     Messages:  created: 2   present: 2   in FES: 1

<!> Simulation stopped with endSimulation() -- in module (ScheduledAccessQueue) DectScheduledAccessNetwork.queue (id=2), at t=172.175349773529s, event #110490

Calling finish() at end of Run #443...

Preparing for running configuration MonetecFocusedSmallR, run #444...
Scenario: $r=7, $rho=0.145, $repetition=0
Assigned runID=MonetecFocusedSmallR-444-20260930-07:06:08-58
Setting up network "dect2020scheduledaccess.DectScheduledAccessNetwork"...
Initializing...

Running simulation...
** Event #0   t=0   Elapsed: 2e-06s (0m 00s)
     Speed:     ev/sec=0   simsec/sec=0   ev/simsec=0
     Messages:  created: 2   present: 2   in FES: 2
** Event #112665   t=172.036056165603   Elapsed: 0.008913s (0m 00s)
     Speed:     ev/sec=0   simsec/sec=0   ev/simsec=0
     Messages:  created: 2   present: 2   in FES: 1

<!> Simulation stopped with endSimulation() -- in module (ScheduledAccessQueue) DectScheduledAccessNetwork.queue (id=2), at t=172.036056165603s, event #112665

Calling finish() at end of Run #444...

Preparing for running configuration MonetecFocusedSmallR, run #445...
Scenario: $r=7, $rho=0.145, $repetition=1
Assigned runID=MonetecFocusedSmallR-445-20260930-07:06:09-58
Setting up network "dect2020scheduledaccess.DectScheduledAccessNetwork"...
Initializing...

Running simulation...
** Event #0   t=0   Elapsed: 1.2e-05s (0m 00s)
     Speed:     ev/sec=0   simsec/sec=0   ev/simsec=0
     Messages:  created: 2   present: 2   in FES: 2
** Event #112734   t=172.248494332292   Elapsed: 0.008836s (0m 00s)
     Speed:     ev/sec=0   simsec/sec=0   ev/simsec=0
     Messages:  created: 2   present: 2   in FES: 1

<!> Simulation stopped with endSimulation() -- in module (ScheduledAccessQueue) DectScheduledAccessNetwork.queue (id=2), at t=172.248494332292s, event #112734

Calling finish() at end of Run #445...

Preparing for running configuration MonetecFocusedSmallR, run #446...
Scenario: $r=7, $rho=0.145, $repetition=2
Assigned runID=MonetecFocusedSmallR-446-20260930-07:06:09-58
Setting up network "dect2020scheduledaccess.DectScheduledAccessNetwork"...
Initializing...

Running simulation...
** Event #0   t=0   Elapsed: 2e-06s (0m 00s)
     Speed:     ev/sec=0   simsec/sec=0   ev/simsec=0
     Messages:  created: 2   present: 2   in FES: 2
** Event #112706   t=172.229071835642   Elapsed: 0.008866s (0m 00s)
     Speed:     ev/sec=0   simsec/sec=0   ev/simsec=0
     Messages:  created: 2   present: 2   in FES: 1

<!> Simulation stopped with endSimulation() -- in module (ScheduledAccessQueue) DectScheduledAccessNetwork.queue (id=2), at t=172.229071835642s, event #112706

Calling finish() at end of Run #446...

Preparing for running configuration MonetecFocusedSmallR, run #447...
Scenario: $r=7, $rho=0.150, $repetition=0
Assigned runID=MonetecFocusedSmallR-447-20260930-07:06:09-58
Setting up network "dect2020scheduledaccess.DectScheduledAccessNetwork"...
Initializing...

Running simulation...
** Event #0   t=0   Elapsed: 1.6e-05s (0m 00s)
     Speed:     ev/sec=0   simsec/sec=0   ev/simsec=0
     Messages:  created: 2   present: 2   in FES: 2
** Event #114940   t=172.094972218065   Elapsed: 0.008978s (0m 00s)
     Speed:     ev/sec=0   simsec/sec=0   ev/simsec=0
     Messages:  created: 2   present: 2   in FES: 1

<!> Simulation stopped with endSimulation() -- in module (ScheduledAccessQueue) DectScheduledAccessNetwork.queue (id=2), at t=172.094972218065s, event #114940

Calling finish() at end of Run #447...

Preparing for running configuration MonetecFocusedSmallR, run #448...
Scenario: $r=7, $rho=0.150, $repetition=1
Assigned runID=MonetecFocusedSmallR-448-20260930-07:06:09-58
Setting up network "dect2020scheduledaccess.DectScheduledAccessNetwork"...
Initializing...

Running simulation...
** Event #0   t=0   Elapsed: 1.3e-05s (0m 00s)
     Speed:     ev/sec=0   simsec/sec=0   ev/simsec=0
     Messages:  created: 2   present: 2   in FES: 2
** Event #114747   t=172.178681560536   Elapsed: 0.009046s (0m 00s)
     Speed:     ev/sec=0   simsec/sec=0   ev/simsec=0
     Messages:  created: 2   present: 2   in FES: 1

<!> Simulation stopped with endSimulation() -- in module (ScheduledAccessQueue) DectScheduledAccessNetwork.queue (id=2), at t=172.178681560536s, event #114747

Calling finish() at end of Run #448...

Preparing for running configuration MonetecFocusedSmallR, run #449...
Scenario: $r=7, $rho=0.150, $repetition=2
Assigned runID=MonetecFocusedSmallR-449-20260930-07:06:09-58
Setting up network "dect2020scheduledaccess.DectScheduledAccessNetwork"...
Initializing...

Running simulation...
** Event #0   t=0   Elapsed: 1e-05s (0m 00s)
     Speed:     ev/sec=0   simsec/sec=0   ev/simsec=0
     Messages:  created: 2   present: 2   in FES: 2
** Event #114518   t=172.140730811043   Elapsed: 0.009073s (0m 00s)
     Speed:     ev/sec=0   simsec/sec=0   ev/simsec=0
     Messages:  created: 2   present: 2   in FES: 1

<!> Simulation stopped with endSimulation() -- in module (ScheduledAccessQueue) DectScheduledAccessNetwork.queue (id=2), at t=172.140730811043s, event #114518

Calling finish() at end of Run #449...

Preparing for running configuration MonetecFocusedSmallR, run #450...
Scenario: $r=7, $rho=0.155, $repetition=0
Assigned runID=MonetecFocusedSmallR-450-20260930-07:06:09-58
Setting up network "dect2020scheduledaccess.DectScheduledAccessNetwork"...
Initializing...

Running simulation...
** Event #0   t=0   Elapsed: 2e-06s (0m 00s)
     Speed:     ev/sec=0   simsec/sec=0   ev/simsec=0
     Messages:  created: 2   present: 2   in FES: 2
** Event #116760   t=171.983859734956   Elapsed: 0.009112s (0m 00s)
     Speed:     ev/sec=0   simsec/sec=0   ev/simsec=0
     Messages:  created: 2   present: 2   in FES: 1

<!> Simulation stopped with endSimulation() -- in module (ScheduledAccessQueue) DectScheduledAccessNetwork.queue (id=2), at t=171.983859734956s, event #116760

Calling finish() at end of Run #450...

Preparing for running configuration MonetecFocusedSmallR, run #451...
Scenario: $r=7, $rho=0.155, $repetition=1
Assigned runID=MonetecFocusedSmallR-451-20260930-07:06:09-58
Setting up network "dect2020scheduledaccess.DectScheduledAccessNetwork"...
Initializing...

Running simulation...
** Event #0   t=0   Elapsed: 1.3e-05s (0m 00s)
     Speed:     ev/sec=0   simsec/sec=0   ev/simsec=0
     Messages:  created: 2   present: 2   in FES: 2
** Event #116629   t=172.106121835988   Elapsed: 0.009239s (0m 00s)
     Speed:     ev/sec=0   simsec/sec=0   ev/simsec=0
     Messages:  created: 2   present: 2   in FES: 1

<!> Simulation stopped with endSimulation() -- in module (ScheduledAccessQueue) DectScheduledAccessNetwork.queue (id=2), at t=172.106121835988s, event #116629

Calling finish() at end of Run #451...

Preparing for running configuration MonetecFocusedSmallR, run #452...
Scenario: $r=7, $rho=0.155, $repetition=2
Assigned runID=MonetecFocusedSmallR-452-20260930-07:06:09-58
Setting up network "dect2020scheduledaccess.DectScheduledAccessNetwork"...
Initializing...

Running simulation...
** Event #0   t=0   Elapsed: 2e-06s (0m 00s)
     Speed:     ev/sec=0   simsec/sec=0   ev/simsec=0
     Messages:  created: 2   present: 2   in FES: 2
** Event #116626   t=172.155805452042   Elapsed: 0.009272s (0m 00s)
     Speed:     ev/sec=0   simsec/sec=0   ev/simsec=0
     Messages:  created: 2   present: 2   in FES: 1

<!> Simulation stopped with endSimulation() -- in module (ScheduledAccessQueue) DectScheduledAccessNetwork.queue (id=2), at t=172.155805452042s, event #116626

Calling finish() at end of Run #452...

Preparing for running configuration MonetecFocusedSmallR, run #453...
Scenario: $r=7, $rho=0.160, $repetition=0
Assigned runID=MonetecFocusedSmallR-453-20260930-07:06:09-58
Setting up network "dect2020scheduledaccess.DectScheduledAccessNetwork"...
Initializing...

Running simulation...
** Event #0   t=0   Elapsed: 1.3e-05s (0m 00s)
     Speed:     ev/sec=0   simsec/sec=0   ev/simsec=0
     Messages:  created: 2   present: 2   in FES: 2
** Event #119096   t=172.100762581495   Elapsed: 0.009286s (0m 00s)
     Speed:     ev/sec=0   simsec/sec=0   ev/simsec=0
     Messages:  created: 2   present: 2   in FES: 1

<!> Simulation stopped with endSimulation() -- in module (ScheduledAccessQueue) DectScheduledAccessNetwork.queue (id=2), at t=172.100762581495s, event #119096

Calling finish() at end of Run #453...

Preparing for running configuration MonetecFocusedSmallR, run #454...
Scenario: $r=7, $rho=0.160, $repetition=1
Assigned runID=MonetecFocusedSmallR-454-20260930-07:06:09-58
Setting up network "dect2020scheduledaccess.DectScheduledAccessNetwork"...
Initializing...

Running simulation...
** Event #0   t=0   Elapsed: 2e-06s (0m 00s)
     Speed:     ev/sec=0   simsec/sec=0   ev/simsec=0
     Messages:  created: 2   present: 2   in FES: 2
** Event #118919   t=172.155046406385   Elapsed: 0.009349s (0m 00s)
     Speed:     ev/sec=0   simsec/sec=0   ev/simsec=0
     Messages:  created: 2   present: 2   in FES: 1

<!> Simulation stopped with endSimulation() -- in module (ScheduledAccessQueue) DectScheduledAccessNetwork.queue (id=2), at t=172.155046406385s, event #118919

Calling finish() at end of Run #454...

Preparing for running configuration MonetecFocusedSmallR, run #455...
Scenario: $r=7, $rho=0.160, $repetition=2
Assigned runID=MonetecFocusedSmallR-455-20260930-07:06:09-58
Setting up network "dect2020scheduledaccess.DectScheduledAccessNetwork"...
Initializing...

Running simulation...
** Event #0   t=0   Elapsed: 1.6e-05s (0m 00s)
     Speed:     ev/sec=0   simsec/sec=0   ev/simsec=0
     Messages:  created: 2   present: 2   in FES: 2
** Event #118616   t=172.145825945315   Elapsed: 0.009474s (0m 00s)
     Speed:     ev/sec=0   simsec/sec=0   ev/simsec=0
     Messages:  created: 2   present: 2   in FES: 1

<!> Simulation stopped with endSimulation() -- in module (ScheduledAccessQueue) DectScheduledAccessNetwork.queue (id=2), at t=172.145825945315s, event #118616

Calling finish() at end of Run #455...

Preparing for running configuration MonetecFocusedSmallR, run #456...
Scenario: $r=7, $rho=0.165, $repetition=0
Assigned runID=MonetecFocusedSmallR-456-20260930-07:06:09-58
Setting up network "dect2020scheduledaccess.DectScheduledAccessNetwork"...
Initializing...

Running simulation...
** Event #0   t=0   Elapsed: 3e-06s (0m 00s)
     Speed:     ev/sec=0   simsec/sec=0   ev/simsec=0
     Messages:  created: 2   present: 2   in FES: 2
** Event #120761   t=171.98174218247   Elapsed: 0.009524s (0m 00s)
     Speed:     ev/sec=0   simsec/sec=0   ev/simsec=0
     Messages:  created: 2   present: 2   in FES: 1

<!> Simulation stopped with endSimulation() -- in module (ScheduledAccessQueue) DectScheduledAccessNetwork.queue (id=2), at t=171.98174218247s, event #120761

Calling finish() at end of Run #456...

Preparing for running configuration MonetecFocusedSmallR, run #457...
Scenario: $r=7, $rho=0.165, $repetition=1
Assigned runID=MonetecFocusedSmallR-457-20260930-07:06:09-58
Setting up network "dect2020scheduledaccess.DectScheduledAccessNetwork"...
Initializing...

Running simulation...
** Event #0   t=0   Elapsed: 1.9e-05s (0m 00s)
     Speed:     ev/sec=0   simsec/sec=0   ev/simsec=0
     Messages:  created: 2   present: 2   in FES: 2
** Event #120807   t=172.103447470532   Elapsed: 0.009546s (0m 00s)
     Speed:     ev/sec=0   simsec/sec=0   ev/simsec=0
     Messages:  created: 2   present: 2   in FES: 1

<!> Simulation stopped with endSimulation() -- in module (ScheduledAccessQueue) DectScheduledAccessNetwork.queue (id=2), at t=172.103447470532s, event #120807

Calling finish() at end of Run #457...

Preparing for running configuration MonetecFocusedSmallR, run #458...
Scenario: $r=7, $rho=0.165, $repetition=2
Assigned runID=MonetecFocusedSmallR-458-20260930-07:06:09-58
Setting up network "dect2020scheduledaccess.DectScheduledAccessNetwork"...
Initializing...

Running simulation...
** Event #0   t=0   Elapsed: 1e-06s (0m 00s)
     Speed:     ev/sec=0   simsec/sec=0   ev/simsec=0
     Messages:  created: 2   present: 2   in FES: 2
** Event #120611   t=172.107237985357   Elapsed: 0.009515s (0m 00s)
     Speed:     ev/sec=0   simsec/sec=0   ev/simsec=0
     Messages:  created: 2   present: 2   in FES: 1

<!> Simulation stopped with endSimulation() -- in module (ScheduledAccessQueue) DectScheduledAccessNetwork.queue (id=2), at t=172.107237985357s, event #120611

Calling finish() at end of Run #458...

Preparing for running configuration MonetecFocusedSmallR, run #459...
Scenario: $r=7, $rho=0.170, $repetition=0
Assigned runID=MonetecFocusedSmallR-459-20260930-07:06:09-58
Setting up network "dect2020scheduledaccess.DectScheduledAccessNetwork"...
Initializing...

Running simulation...
** Event #0   t=0   Elapsed: 2e-06s (0m 00s)
     Speed:     ev/sec=0   simsec/sec=0   ev/simsec=0
     Messages:  created: 2   present: 2   in FES: 2
** Event #123264   t=172.138332410884   Elapsed: 0.009707s (0m 00s)
     Speed:     ev/sec=0   simsec/sec=0   ev/simsec=0
     Messages:  created: 2   present: 2   in FES: 1

<!> Simulation stopped with endSimulation() -- in module (ScheduledAccessQueue) DectScheduledAccessNetwork.queue (id=2), at t=172.138332410884s, event #123264

Calling finish() at end of Run #459...

Preparing for running configuration MonetecFocusedSmallR, run #460...
Scenario: $r=7, $rho=0.170, $repetition=1
Assigned runID=MonetecFocusedSmallR-460-20260930-07:06:09-58
Setting up network "dect2020scheduledaccess.DectScheduledAccessNetwork"...
Initializing...

Running simulation...
** Event #0   t=0   Elapsed: 2e-06s (0m 00s)
     Speed:     ev/sec=0   simsec/sec=0   ev/simsec=0
     Messages:  created: 2   present: 2   in FES: 2
** Event #123003   t=172.144071821934   Elapsed: 0.009607s (0m 00s)
     Speed:     ev/sec=0   simsec/sec=0   ev/simsec=0
     Messages:  created: 2   present: 2   in FES: 1

<!> Simulation stopped with endSimulation() -- in module (ScheduledAccessQueue) DectScheduledAccessNetwork.queue (id=2), at t=172.144071821934s, event #123003

Calling finish() at end of Run #460...

Preparing for running configuration MonetecFocusedSmallR, run #461...
Scenario: $r=7, $rho=0.170, $repetition=2
Assigned runID=MonetecFocusedSmallR-461-20260930-07:06:09-58
Setting up network "dect2020scheduledaccess.DectScheduledAccessNetwork"...
Initializing...

Running simulation...
** Event #0   t=0   Elapsed: 2e-06s (0m 00s)
     Speed:     ev/sec=0   simsec/sec=0   ev/simsec=0
     Messages:  created: 2   present: 2   in FES: 2
** Event #122632   t=172.114085684703   Elapsed: 0.009774s (0m 00s)
     Speed:     ev/sec=0   simsec/sec=0   ev/simsec=0
     Messages:  created: 2   present: 2   in FES: 1

<!> Simulation stopped with endSimulation() -- in module (ScheduledAccessQueue) DectScheduledAccessNetwork.queue (id=2), at t=172.114085684703s, event #122632

Calling finish() at end of Run #461...

Preparing for running configuration MonetecFocusedSmallR, run #462...
Scenario: $r=7, $rho=0.175, $repetition=0
Assigned runID=MonetecFocusedSmallR-462-20260930-07:06:09-58
Setting up network "dect2020scheduledaccess.DectScheduledAccessNetwork"...
Initializing...

Running simulation...
** Event #0   t=0   Elapsed: 2e-06s (0m 00s)
     Speed:     ev/sec=0   simsec/sec=0   ev/simsec=0
     Messages:  created: 2   present: 2   in FES: 2
** Event #125285   t=172.120307301441   Elapsed: 0.009796s (0m 00s)
     Speed:     ev/sec=0   simsec/sec=0   ev/simsec=0
     Messages:  created: 2   present: 2   in FES: 1

<!> Simulation stopped with endSimulation() -- in module (ScheduledAccessQueue) DectScheduledAccessNetwork.queue (id=2), at t=172.120307301441s, event #125285

Calling finish() at end of Run #462...

Preparing for running configuration MonetecFocusedSmallR, run #463...
Scenario: $r=7, $rho=0.175, $repetition=1
Assigned runID=MonetecFocusedSmallR-463-20260930-07:06:09-58
Setting up network "dect2020scheduledaccess.DectScheduledAccessNetwork"...
Initializing...

Running simulation...
** Event #0   t=0   Elapsed: 1.4e-05s (0m 00s)
     Speed:     ev/sec=0   simsec/sec=0   ev/simsec=0
     Messages:  created: 2   present: 2   in FES: 2
** Event #124838   t=172.040696122813   Elapsed: 0.009913s (0m 00s)
     Speed:     ev/sec=0   simsec/sec=0   ev/simsec=0
     Messages:  created: 2   present: 2   in FES: 1

<!> Simulation stopped with endSimulation() -- in module (ScheduledAccessQueue) DectScheduledAccessNetwork.queue (id=2), at t=172.040696122813s, event #124838

Calling finish() at end of Run #463...

Preparing for running configuration MonetecFocusedSmallR, run #464...
Scenario: $r=7, $rho=0.175, $repetition=2
Assigned runID=MonetecFocusedSmallR-464-20260930-07:06:09-58
Setting up network "dect2020scheduledaccess.DectScheduledAccessNetwork"...
Initializing...

Running simulation...
** Event #0   t=0   Elapsed: 3e-06s (0m 00s)
     Speed:     ev/sec=0   simsec/sec=0   ev/simsec=0
     Messages:  created: 2   present: 2   in FES: 2
** Event #124687   t=172.11192341333   Elapsed: 0.009896s (0m 00s)
     Speed:     ev/sec=0   simsec/sec=0   ev/simsec=0
     Messages:  created: 2   present: 2   in FES: 1

<!> Simulation stopped with endSimulation() -- in module (ScheduledAccessQueue) DectScheduledAccessNetwork.queue (id=2), at t=172.11192341333s, event #124687

Calling finish() at end of Run #464...

Preparing for running configuration MonetecFocusedSmallR, run #465...
Scenario: $r=7, $rho=0.180, $repetition=0
Assigned runID=MonetecFocusedSmallR-465-20260930-07:06:09-58
Setting up network "dect2020scheduledaccess.DectScheduledAccessNetwork"...
Initializing...

Running simulation...
** Event #0   t=0   Elapsed: 3e-06s (0m 00s)
     Speed:     ev/sec=0   simsec/sec=0   ev/simsec=0
     Messages:  created: 2   present: 2   in FES: 2
** Event #127137   t=172.027750369361   Elapsed: 0.010014s (0m 00s)
     Speed:     ev/sec=1.26997e+07   simsec/sec=17183.8   ev/simsec=739.051
     Messages:  created: 2   present: 2   in FES: 1

<!> Simulation stopped with endSimulation() -- in module (ScheduledAccessQueue) DectScheduledAccessNetwork.queue (id=2), at t=172.027750369361s, event #127137

Calling finish() at end of Run #465...

Preparing for running configuration MonetecFocusedSmallR, run #466...
Scenario: $r=7, $rho=0.180, $repetition=1
Assigned runID=MonetecFocusedSmallR-466-20260930-07:06:09-58
Setting up network "dect2020scheduledaccess.DectScheduledAccessNetwork"...
Initializing...

Running simulation...
** Event #0   t=0   Elapsed: 2e-06s (0m 00s)
     Speed:     ev/sec=0   simsec/sec=0   ev/simsec=0
     Messages:  created: 2   present: 2   in FES: 2
** Event #127169   t=172.12382844392   Elapsed: 0.009911s (0m 00s)
     Speed:     ev/sec=0   simsec/sec=0   ev/simsec=0
     Messages:  created: 2   present: 2   in FES: 1

<!> Simulation stopped with endSimulation() -- in module (ScheduledAccessQueue) DectScheduledAccessNetwork.queue (id=2), at t=172.12382844392s, event #127169

Calling finish() at end of Run #466...

Preparing for running configuration MonetecFocusedSmallR, run #467...
Scenario: $r=7, $rho=0.180, $repetition=2
Assigned runID=MonetecFocusedSmallR-467-20260930-07:06:09-58
Setting up network "dect2020scheduledaccess.DectScheduledAccessNetwork"...
Initializing...

Running simulation...
** Event #0   t=0   Elapsed: 2e-06s (0m 00s)
     Speed:     ev/sec=0   simsec/sec=0   ev/simsec=0
     Messages:  created: 2   present: 2   in FES: 2
** Event #126802   t=172.132896298747   Elapsed: 0.009917s (0m 00s)
     Speed:     ev/sec=0   simsec/sec=0   ev/simsec=0
     Messages:  created: 2   present: 2   in FES: 1

<!> Simulation stopped with endSimulation() -- in module (ScheduledAccessQueue) DectScheduledAccessNetwork.queue (id=2), at t=172.132896298747s, event #126802

Calling finish() at end of Run #467...

Preparing for running configuration MonetecFocusedSmallR, run #468...
Scenario: $r=7, $rho=0.185, $repetition=0
Assigned runID=MonetecFocusedSmallR-468-20260930-07:06:09-58
Setting up network "dect2020scheduledaccess.DectScheduledAccessNetwork"...
Initializing...

Running simulation...
** Event #0   t=0   Elapsed: 2e-06s (0m 00s)
     Speed:     ev/sec=0   simsec/sec=0   ev/simsec=0
     Messages:  created: 2   present: 2   in FES: 2
** Event #129364   t=172.080873613395   Elapsed: 0.010117s (0m 00s)
     Speed:     ev/sec=1.27881e+07   simsec/sec=17010.8   ev/simsec=751.763
     Messages:  created: 2   present: 2   in FES: 1

<!> Simulation stopped with endSimulation() -- in module (ScheduledAccessQueue) DectScheduledAccessNetwork.queue (id=2), at t=172.080873613395s, event #129364

Calling finish() at end of Run #468...

Preparing for running configuration MonetecFocusedSmallR, run #469...
Scenario: $r=7, $rho=0.185, $repetition=1
Assigned runID=MonetecFocusedSmallR-469-20260930-07:06:09-58
Setting up network "dect2020scheduledaccess.DectScheduledAccessNetwork"...
Initializing...

Running simulation...
** Event #0   t=0   Elapsed: 2e-06s (0m 00s)
     Speed:     ev/sec=0   simsec/sec=0   ev/simsec=0
     Messages:  created: 2   present: 2   in FES: 2
** Event #129192   t=172.088385981264   Elapsed: 0.010276s (0m 00s)
     Speed:     ev/sec=1.25747e+07   simsec/sec=16749.8   ev/simsec=750.736
     Messages:  created: 2   present: 2   in FES: 1

<!> Simulation stopped with endSimulation() -- in module (ScheduledAccessQueue) DectScheduledAccessNetwork.queue (id=2), at t=172.088385981264s, event #129192

Calling finish() at end of Run #469...

Preparing for running configuration MonetecFocusedSmallR, run #470...
Scenario: $r=7, $rho=0.185, $repetition=2
Assigned runID=MonetecFocusedSmallR-470-20260930-07:06:09-58
Setting up network "dect2020scheduledaccess.DectScheduledAccessNetwork"...
Initializing...

Running simulation...
** Event #0   t=0   Elapsed: 1.7e-05s (0m 00s)
     Speed:     ev/sec=0   simsec/sec=0   ev/simsec=0
     Messages:  created: 2   present: 2   in FES: 2
** Event #128664   t=172.050686047994   Elapsed: 0.010089s (0m 00s)
     Speed:     ev/sec=1.27744e+07   simsec/sec=17082.1   ev/simsec=747.826
     Messages:  created: 2   present: 2   in FES: 1

<!> Simulation stopped with endSimulation() -- in module (ScheduledAccessQueue) DectScheduledAccessNetwork.queue (id=2), at t=172.050686047994s, event #128664

Calling finish() at end of Run #470...

Preparing for running configuration MonetecFocusedSmallR, run #471...
Scenario: $r=7, $rho=0.190, $repetition=0
Assigned runID=MonetecFocusedSmallR-471-20260930-07:06:09-58
Setting up network "dect2020scheduledaccess.DectScheduledAccessNetwork"...
Initializing...

Running simulation...
** Event #0   t=0   Elapsed: 1.8e-05s (0m 00s)
     Speed:     ev/sec=0   simsec/sec=0   ev/simsec=0
     Messages:  created: 2   present: 2   in FES: 2
** Event #131535   t=172.096206746138   Elapsed: 0.010542s (0m 00s)
     Speed:     ev/sec=1.24986e+07   simsec/sec=16352.7   ev/simsec=764.311
     Messages:  created: 2   present: 2   in FES: 1

<!> Simulation stopped with endSimulation() -- in module (ScheduledAccessQueue) DectScheduledAccessNetwork.queue (id=2), at t=172.096206746138s, event #131535

Calling finish() at end of Run #471...

Preparing for running configuration MonetecFocusedSmallR, run #472...
Scenario: $r=7, $rho=0.190, $repetition=1
Assigned runID=MonetecFocusedSmallR-472-20260930-07:06:09-58
Setting up network "dect2020scheduledaccess.DectScheduledAccessNetwork"...
Initializing...

Running simulation...
** Event #0   t=0   Elapsed: 1.6e-05s (0m 00s)
     Speed:     ev/sec=0   simsec/sec=0   ev/simsec=0
     Messages:  created: 2   present: 2   in FES: 2
** Event #131354   t=172.090619196142   Elapsed: 0.01052s (0m 00s)
     Speed:     ev/sec=1.25051e+07   simsec/sec=16383.3   ev/simsec=763.284
     Messages:  created: 2   present: 2   in FES: 1

<!> Simulation stopped with endSimulation() -- in module (ScheduledAccessQueue) DectScheduledAccessNetwork.queue (id=2), at t=172.090619196142s, event #131354

Calling finish() at end of Run #472...

Preparing for running configuration MonetecFocusedSmallR, run #473...
Scenario: $r=7, $rho=0.190, $repetition=2
Assigned runID=MonetecFocusedSmallR-473-20260930-07:06:09-58
Setting up network "dect2020scheduledaccess.DectScheduledAccessNetwork"...
Initializing...

Running simulation...
** Event #0   t=0   Elapsed: 2e-06s (0m 00s)
     Speed:     ev/sec=0   simsec/sec=0   ev/simsec=0
     Messages:  created: 2   present: 2   in FES: 2
** Event #130766   t=172.053698700586   Elapsed: 0.010335s (0m 00s)
     Speed:     ev/sec=1.2654e+07   simsec/sec=16649.3   ev/simsec=760.031
     Messages:  created: 2   present: 2   in FES: 1

<!> Simulation stopped with endSimulation() -- in module (ScheduledAccessQueue) DectScheduledAccessNetwork.queue (id=2), at t=172.053698700586s, event #130766

Calling finish() at end of Run #473...

Preparing for running configuration MonetecFocusedSmallR, run #474...
Scenario: $r=7, $rho=0.195, $repetition=0
Assigned runID=MonetecFocusedSmallR-474-20260930-07:06:09-58
Setting up network "dect2020scheduledaccess.DectScheduledAccessNetwork"...
Initializing...

Running simulation...
** Event #0   t=0   Elapsed: 3e-06s (0m 00s)
     Speed:     ev/sec=0   simsec/sec=0   ev/simsec=0
     Messages:  created: 2   present: 2   in FES: 2
** Event #133457   t=172.030599795361   Elapsed: 0.010391s (0m 00s)
     Speed:     ev/sec=1.2846e+07   simsec/sec=16558.9   ev/simsec=775.775
     Messages:  created: 2   present: 2   in FES: 1

<!> Simulation stopped with endSimulation() -- in module (ScheduledAccessQueue) DectScheduledAccessNetwork.queue (id=2), at t=172.030599795361s, event #133457

Calling finish() at end of Run #474...

Preparing for running configuration MonetecFocusedSmallR, run #475...
Scenario: $r=7, $rho=0.195, $repetition=1
Assigned runID=MonetecFocusedSmallR-475-20260930-07:06:09-58
Setting up network "dect2020scheduledaccess.DectScheduledAccessNetwork"...
Initializing...

Running simulation...
** Event #0   t=0   Elapsed: 1.8e-05s (0m 00s)
     Speed:     ev/sec=0   simsec/sec=0   ev/simsec=0
     Messages:  created: 2   present: 2   in FES: 2
** Event #133234   t=172.048264750529   Elapsed: 0.010587s (0m 00s)
     Speed:     ev/sec=1.26061e+07   simsec/sec=16278.5   ev/simsec=774.402
     Messages:  created: 2   present: 2   in FES: 1

<!> Simulation stopped with endSimulation() -- in module (ScheduledAccessQueue) DectScheduledAccessNetwork.queue (id=2), at t=172.048264750529s, event #133234

Calling finish() at end of Run #475...

Preparing for running configuration MonetecFocusedSmallR, run #476...
Scenario: $r=7, $rho=0.195, $repetition=2
Assigned runID=MonetecFocusedSmallR-476-20260930-07:06:09-58
Setting up network "dect2020scheduledaccess.DectScheduledAccessNetwork"...
Initializing...

Running simulation...
** Event #0   t=0   Elapsed: 3e-06s (0m 00s)
     Speed:     ev/sec=0   simsec/sec=0   ev/simsec=0
     Messages:  created: 2   present: 2   in FES: 2
** Event #133136   t=172.148096104702   Elapsed: 0.010381s (0m 00s)
     Speed:     ev/sec=1.28287e+07   simsec/sec=16587.7   ev/simsec=773.385
     Messages:  created: 2   present: 2   in FES: 1

<!> Simulation stopped with endSimulation() -- in module (ScheduledAccessQueue) DectScheduledAccessNetwork.queue (id=2), at t=172.148096104702s, event #133136

Calling finish() at end of Run #476...

Preparing for running configuration MonetecFocusedSmallR, run #477...
Scenario: $r=7, $rho=0.200, $repetition=0
Assigned runID=MonetecFocusedSmallR-477-20260930-07:06:09-58
Setting up network "dect2020scheduledaccess.DectScheduledAccessNetwork"...
Initializing...

Running simulation...
** Event #0   t=0   Elapsed: 3e-06s (0m 00s)
     Speed:     ev/sec=0   simsec/sec=0   ev/simsec=0
     Messages:  created: 2   present: 2   in FES: 2
** Event #135728   t=172.075926569883   Elapsed: 0.010548s (0m 00s)
     Speed:     ev/sec=1.28713e+07   simsec/sec=16318.2   ev/simsec=788.769
     Messages:  created: 2   present: 2   in FES: 1

<!> Simulation stopped with endSimulation() -- in module (ScheduledAccessQueue) DectScheduledAccessNetwork.queue (id=2), at t=172.075926569883s, event #135728

Calling finish() at end of Run #477...

Preparing for running configuration MonetecFocusedSmallR, run #478...
Scenario: $r=7, $rho=0.200, $repetition=1
Assigned runID=MonetecFocusedSmallR-478-20260930-07:06:09-58
Setting up network "dect2020scheduledaccess.DectScheduledAccessNetwork"...
Initializing...

Running simulation...
** Event #0   t=0   Elapsed: 1.5e-05s (0m 00s)
     Speed:     ev/sec=0   simsec/sec=0   ev/simsec=0
     Messages:  created: 2   present: 2   in FES: 2
** Event #135250   t=172.03003914821   Elapsed: 0.010602s (0m 00s)
     Speed:     ev/sec=1.27751e+07   simsec/sec=16249.1   ev/simsec=786.201
     Messages:  created: 2   present: 2   in FES: 1

<!> Simulation stopped with endSimulation() -- in module (ScheduledAccessQueue) DectScheduledAccessNetwork.queue (id=2), at t=172.03003914821s, event #135250

Calling finish() at end of Run #478...

Preparing for running configuration MonetecFocusedSmallR, run #479...
Scenario: $r=7, $rho=0.200, $repetition=2
Assigned runID=MonetecFocusedSmallR-479-20260930-07:06:09-58
Setting up network "dect2020scheduledaccess.DectScheduledAccessNetwork"...
Initializing...

Running simulation...
** Event #0   t=0   Elapsed: 1.7e-05s (0m 00s)
     Speed:     ev/sec=0   simsec/sec=0   ev/simsec=0
     Messages:  created: 2   present: 2   in FES: 2
** Event #135479   t=172.206504765546   Elapsed: 0.010716s (0m 00s)
     Speed:     ev/sec=1.2664e+07   simsec/sec=16097.1   ev/simsec=786.724
     Messages:  created: 2   present: 2   in FES: 1

<!> Simulation stopped with endSimulation() -- in module (ScheduledAccessQueue) DectScheduledAccessNetwork.queue (id=2), at t=172.206504765546s, event #135479

Calling finish() at end of Run #479...

Preparing for running configuration MonetecFocusedSmallR, run #480...
Scenario: $r=7, $rho=0.205, $repetition=0
Assigned runID=MonetecFocusedSmallR-480-20260930-07:06:09-58
Setting up network "dect2020scheduledaccess.DectScheduledAccessNetwork"...
Initializing...

Running simulation...
** Event #0   t=0   Elapsed: 1.1e-05s (0m 00s)
     Speed:     ev/sec=0   simsec/sec=0   ev/simsec=0
     Messages:  created: 2   present: 2   in FES: 2
** Event #137716   t=172.052716453516   Elapsed: 0.010691s (0m 00s)
     Speed:     ev/sec=1.28948e+07   simsec/sec=16109.8   ev/simsec=800.43
     Messages:  created: 2   present: 2   in FES: 1

<!> Simulation stopped with endSimulation() -- in module (ScheduledAccessQueue) DectScheduledAccessNetwork.queue (id=2), at t=172.052716453516s, event #137716

Calling finish() at end of Run #480...

Preparing for running configuration MonetecFocusedSmallR, run #481...
Scenario: $r=7, $rho=0.205, $repetition=1
Assigned runID=MonetecFocusedSmallR-481-20260930-07:06:09-58
Setting up network "dect2020scheduledaccess.DectScheduledAccessNetwork"...
Initializing...

Running simulation...
** Event #0   t=0   Elapsed: 3e-06s (0m 00s)
     Speed:     ev/sec=0   simsec/sec=0   ev/simsec=0
     Messages:  created: 2   present: 2   in FES: 2
** Event #137650   t=172.136068003747   Elapsed: 0.01072s (0m 00s)
     Speed:     ev/sec=1.28441e+07   simsec/sec=16062   ev/simsec=799.658
     Messages:  created: 2   present: 2   in FES: 1

<!> Simulation stopped with endSimulation() -- in module (ScheduledAccessQueue) DectScheduledAccessNetwork.queue (id=2), at t=172.136068003747s, event #137650

Calling finish() at end of Run #481...

Preparing for running configuration MonetecFocusedSmallR, run #482...
Scenario: $r=7, $rho=0.205, $repetition=2
Assigned runID=MonetecFocusedSmallR-482-20260930-07:06:09-58
Setting up network "dect2020scheduledaccess.DectScheduledAccessNetwork"...
Initializing...

Running simulation...
** Event #0   t=0   Elapsed: 1.5e-05s (0m 00s)
     Speed:     ev/sec=0   simsec/sec=0   ev/simsec=0
     Messages:  created: 2   present: 2   in FES: 2
** Event #137334   t=172.124264455164   Elapsed: 0.010727s (0m 00s)
     Speed:     ev/sec=1.28218e+07   simsec/sec=16069.8   ev/simsec=797.878
     Messages:  created: 2   present: 2   in FES: 1

<!> Simulation stopped with endSimulation() -- in module (ScheduledAccessQueue) DectScheduledAccessNetwork.queue (id=2), at t=172.124264455164s, event #137334

Calling finish() at end of Run #482...

Preparing for running configuration MonetecFocusedSmallR, run #483...
Scenario: $r=7, $rho=0.210, $repetition=0
Assigned runID=MonetecFocusedSmallR-483-20260930-07:06:09-58
Setting up network "dect2020scheduledaccess.DectScheduledAccessNetwork"...
Initializing...

Running simulation...
** Event #0   t=0   Elapsed: 1.5e-05s (0m 00s)
     Speed:     ev/sec=0   simsec/sec=0   ev/simsec=0
     Messages:  created: 2   present: 2   in FES: 2
** Event #139839   t=172.064771431209   Elapsed: 0.010908s (0m 00s)
     Speed:     ev/sec=1.28375e+07   simsec/sec=15795.9   ev/simsec=812.714
     Messages:  created: 2   present: 2   in FES: 1

<!> Simulation stopped with endSimulation() -- in module (ScheduledAccessQueue) DectScheduledAccessNetwork.queue (id=2), at t=172.064771431209s, event #139839

Calling finish() at end of Run #483...

Preparing for running configuration MonetecFocusedSmallR, run #484...
Scenario: $r=7, $rho=0.210, $repetition=1
Assigned runID=MonetecFocusedSmallR-484-20260930-07:06:09-58
Setting up network "dect2020scheduledaccess.DectScheduledAccessNetwork"...
Initializing...

Running simulation...
** Event #0   t=0   Elapsed: 2e-06s (0m 00s)
     Speed:     ev/sec=0   simsec/sec=0   ev/simsec=0
     Messages:  created: 2   present: 2   in FES: 2
** Event #139501   t=172.053430004456   Elapsed: 0.01089s (0m 00s)
     Speed:     ev/sec=1.28124e+07   simsec/sec=15802.1   ev/simsec=810.801
     Messages:  created: 2   present: 2   in FES: 1

<!> Simulation stopped with endSimulation() -- in module (ScheduledAccessQueue) DectScheduledAccessNetwork.queue (id=2), at t=172.053430004456s, event #139501

Calling finish() at end of Run #484...

Preparing for running configuration MonetecFocusedSmallR, run #485...
Scenario: $r=7, $rho=0.210, $repetition=2
Assigned runID=MonetecFocusedSmallR-485-20260930-07:06:09-58
Setting up network "dect2020scheduledaccess.DectScheduledAccessNetwork"...
Initializing...

Running simulation...
** Event #0   t=0   Elapsed: 1.3e-05s (0m 00s)
     Speed:     ev/sec=0   simsec/sec=0   ev/simsec=0
     Messages:  created: 2   present: 2   in FES: 2
** Event #139605   t=172.199401946161   Elapsed: 0.010839s (0m 00s)
     Speed:     ev/sec=1.28953e+07   simsec/sec=15906.1   ev/simsec=810.719
     Messages:  created: 2   present: 2   in FES: 1

<!> Simulation stopped with endSimulation() -- in module (ScheduledAccessQueue) DectScheduledAccessNetwork.queue (id=2), at t=172.199401946161s, event #139605

Calling finish() at end of Run #485...

Preparing for running configuration MonetecFocusedSmallR, run #486...
Scenario: $r=7, $rho=0.215, $repetition=0
Assigned runID=MonetecFocusedSmallR-486-20260930-07:06:09-58
Setting up network "dect2020scheduledaccess.DectScheduledAccessNetwork"...
Initializing...

Running simulation...
** Event #0   t=0   Elapsed: 1e-05s (0m 00s)
     Speed:     ev/sec=0   simsec/sec=0   ev/simsec=0
     Messages:  created: 2   present: 2   in FES: 2
** Event #141741   t=172.003648954497   Elapsed: 0.01113s (0m 00s)
     Speed:     ev/sec=1.27465e+07   simsec/sec=15467.9   ev/simsec=824.06
     Messages:  created: 2   present: 2   in FES: 1

<!> Simulation stopped with endSimulation() -- in module (ScheduledAccessQueue) DectScheduledAccessNetwork.queue (id=2), at t=172.003648954497s, event #141741

Calling finish() at end of Run #486...

Preparing for running configuration MonetecFocusedSmallR, run #487...
Scenario: $r=7, $rho=0.215, $repetition=1
Assigned runID=MonetecFocusedSmallR-487-20260930-07:06:09-58
Setting up network "dect2020scheduledaccess.DectScheduledAccessNetwork"...
Initializing...

Running simulation...
** Event #0   t=0   Elapsed: 2e-06s (0m 00s)
     Speed:     ev/sec=0   simsec/sec=0   ev/simsec=0
     Messages:  created: 2   present: 2   in FES: 2
** Event #141575   t=172.061024453938   Elapsed: 0.01109s (0m 00s)
     Speed:     ev/sec=1.27683e+07   simsec/sec=15517.7   ev/simsec=822.82
     Messages:  created: 2   present: 2   in FES: 1

<!> Simulation stopped with endSimulation() -- in module (ScheduledAccessQueue) DectScheduledAccessNetwork.queue (id=2), at t=172.061024453938s, event #141575

Calling finish() at end of Run #487...

Preparing for running configuration MonetecFocusedSmallR, run #488...
Scenario: $r=7, $rho=0.215, $repetition=2
Assigned runID=MonetecFocusedSmallR-488-20260930-07:06:09-58
Setting up network "dect2020scheduledaccess.DectScheduledAccessNetwork"...
Initializing...

Running simulation...
** Event #0   t=0   Elapsed: 2e-06s (0m 00s)
     Speed:     ev/sec=0   simsec/sec=0   ev/simsec=0
     Messages:  created: 2   present: 2   in FES: 2
** Event #141658   t=172.213259619318   Elapsed: 0.011004s (0m 00s)
     Speed:     ev/sec=1.28757e+07   simsec/sec=15652.9   ev/simsec=822.576
     Messages:  created: 2   present: 2   in FES: 1

<!> Simulation stopped with endSimulation() -- in module (ScheduledAccessQueue) DectScheduledAccessNetwork.queue (id=2), at t=172.213259619318s, event #141658

Calling finish() at end of Run #488...

Preparing for running configuration MonetecFocusedSmallR, run #489...
Scenario: $r=7, $rho=0.220, $repetition=0
Assigned runID=MonetecFocusedSmallR-489-20260930-07:06:09-58
Setting up network "dect2020scheduledaccess.DectScheduledAccessNetwork"...
Initializing...

Running simulation...
** Event #0   t=0   Elapsed: 3e-06s (0m 00s)
     Speed:     ev/sec=0   simsec/sec=0   ev/simsec=0
     Messages:  created: 2   present: 2   in FES: 2
** Event #143890   t=172.041192509372   Elapsed: 0.011136s (0m 00s)
     Speed:     ev/sec=1.29246e+07   simsec/sec=15453.2   ev/simsec=836.372
     Messages:  created: 2   present: 2   in FES: 1

<!> Simulation stopped with endSimulation() -- in module (ScheduledAccessQueue) DectScheduledAccessNetwork.queue (id=2), at t=172.041192509372s, event #143890

Calling finish() at end of Run #489...

Preparing for running configuration MonetecFocusedSmallR, run #490...
Scenario: $r=7, $rho=0.220, $repetition=1
Assigned runID=MonetecFocusedSmallR-490-20260930-07:06:09-58
Setting up network "dect2020scheduledaccess.DectScheduledAccessNetwork"...
Initializing...

Running simulation...
** Event #0   t=0   Elapsed: 1.3e-05s (0m 00s)
     Speed:     ev/sec=0   simsec/sec=0   ev/simsec=0
     Messages:  created: 2   present: 2   in FES: 2
** Event #144005   t=172.165592828838   Elapsed: 0.011362s (0m 00s)
     Speed:     ev/sec=1.26888e+07   simsec/sec=15170.1   ev/simsec=836.435
     Messages:  created: 2   present: 2   in FES: 1

<!> Simulation stopped with endSimulation() -- in module (ScheduledAccessQueue) DectScheduledAccessNetwork.queue (id=2), at t=172.165592828838s, event #144005

Calling finish() at end of Run #490...

Preparing for running configuration MonetecFocusedSmallR, run #491...
Scenario: $r=7, $rho=0.220, $repetition=2
Assigned runID=MonetecFocusedSmallR-491-20260930-07:06:09-58
Setting up network "dect2020scheduledaccess.DectScheduledAccessNetwork"...
Initializing...

Running simulation...
** Event #0   t=0   Elapsed: 2e-06s (0m 00s)
     Speed:     ev/sec=0   simsec/sec=0   ev/simsec=0
     Messages:  created: 2   present: 2   in FES: 2
** Event #143565   t=172.134045010564   Elapsed: 0.011352s (0m 00s)
     Speed:     ev/sec=1.265e+07   simsec/sec=15167.2   ev/simsec=834.036
     Messages:  created: 2   present: 2   in FES: 1

<!> Simulation stopped with endSimulation() -- in module (ScheduledAccessQueue) DectScheduledAccessNetwork.queue (id=2), at t=172.134045010564s, event #143565

Calling finish() at end of Run #491...

Preparing for running configuration MonetecFocusedSmallR, run #492...
Scenario: $r=7, $rho=0.225, $repetition=0
Assigned runID=MonetecFocusedSmallR-492-20260930-07:06:09-58
Setting up network "dect2020scheduledaccess.DectScheduledAccessNetwork"...
Initializing...

Running simulation...
** Event #0   t=0   Elapsed: 1.1e-05s (0m 00s)
     Speed:     ev/sec=0   simsec/sec=0   ev/simsec=0
     Messages:  created: 2   present: 2   in FES: 2
** Event #145753   t=171.979876700886   Elapsed: 0.011346s (0m 00s)
     Speed:     ev/sec=1.28587e+07   simsec/sec=15172.5   ev/simsec=847.501
     Messages:  created: 2   present: 2   in FES: 1

<!> Simulation stopped with endSimulation() -- in module (ScheduledAccessQueue) DectScheduledAccessNetwork.queue (id=2), at t=171.979876700886s, event #145753

Calling finish() at end of Run #492...

Preparing for running configuration MonetecFocusedSmallR, run #493...
Scenario: $r=7, $rho=0.225, $repetition=1
Assigned runID=MonetecFocusedSmallR-493-20260930-07:06:09-58
Setting up network "dect2020scheduledaccess.DectScheduledAccessNetwork"...
Initializing...

Running simulation...
** Event #0   t=0   Elapsed: 2e-06s (0m 00s)
     Speed:     ev/sec=0   simsec/sec=0   ev/simsec=0
     Messages:  created: 2   present: 2   in FES: 2
** Event #145826   t=172.107046226612   Elapsed: 0.011279s (0m 00s)
     Speed:     ev/sec=1.29313e+07   simsec/sec=15261.6   ev/simsec=847.306
     Messages:  created: 2   present: 2   in FES: 1

<!> Simulation stopped with endSimulation() -- in module (ScheduledAccessQueue) DectScheduledAccessNetwork.queue (id=2), at t=172.107046226612s, event #145826

Calling finish() at end of Run #493...

Preparing for running configuration MonetecFocusedSmallR, run #494...
Scenario: $r=7, $rho=0.225, $repetition=2
Assigned runID=MonetecFocusedSmallR-494-20260930-07:06:09-58
Setting up network "dect2020scheduledaccess.DectScheduledAccessNetwork"...
Initializing...

Running simulation...
** Event #0   t=0   Elapsed: 1.3e-05s (0m 00s)
     Speed:     ev/sec=0   simsec/sec=0   ev/simsec=0
     Messages:  created: 2   present: 2   in FES: 2
** Event #145739   t=172.196106022439   Elapsed: 0.011396s (0m 00s)
     Speed:     ev/sec=1.28032e+07   simsec/sec=15127.5   ev/simsec=846.356
     Messages:  created: 2   present: 2   in FES: 1

<!> Simulation stopped with endSimulation() -- in module (ScheduledAccessQueue) DectScheduledAccessNetwork.queue (id=2), at t=172.196106022439s, event #145739

Calling finish() at end of Run #494...

Preparing for running configuration MonetecFocusedSmallR, run #495...
Scenario: $r=7, $rho=0.230, $repetition=0
Assigned runID=MonetecFocusedSmallR-495-20260930-07:06:09-58
Setting up network "dect2020scheduledaccess.DectScheduledAccessNetwork"...
Initializing...

Running simulation...
** Event #0   t=0   Elapsed: 3e-06s (0m 00s)
     Speed:     ev/sec=0   simsec/sec=0   ev/simsec=0
     Messages:  created: 2   present: 2   in FES: 2
** Event #147944   t=172.006647003178   Elapsed: 0.011665s (0m 00s)
     Speed:     ev/sec=1.2686e+07   simsec/sec=14749.3   ev/simsec=860.106
     Messages:  created: 2   present: 2   in FES: 1

<!> Simulation stopped with endSimulation() -- in module (ScheduledAccessQueue) DectScheduledAccessNetwork.queue (id=2), at t=172.006647003178s, event #147944

Calling finish() at end of Run #495...

Preparing for running configuration MonetecFocusedSmallR, run #496...
Scenario: $r=7, $rho=0.230, $repetition=1
Assigned runID=MonetecFocusedSmallR-496-20260930-07:06:09-58
Setting up network "dect2020scheduledaccess.DectScheduledAccessNetwork"...
Initializing...

Running simulation...
** Event #0   t=0   Elapsed: 2e-06s (0m 00s)
     Speed:     ev/sec=0   simsec/sec=0   ev/simsec=0
     Messages:  created: 2   present: 2   in FES: 2
** Event #147525   t=171.993776350847   Elapsed: 0.011432s (0m 00s)
     Speed:     ev/sec=1.29068e+07   simsec/sec=15047.6   ev/simsec=857.736
     Messages:  created: 2   present: 2   in FES: 1

<!> Simulation stopped with endSimulation() -- in module (ScheduledAccessQueue) DectScheduledAccessNetwork.queue (id=2), at t=171.993776350847s, event #147525

Calling finish() at end of Run #496...

Preparing for running configuration MonetecFocusedSmallR, run #497...
Scenario: $r=7, $rho=0.230, $repetition=2
Assigned runID=MonetecFocusedSmallR-497-20260930-07:06:09-58
Setting up network "dect2020scheduledaccess.DectScheduledAccessNetwork"...
Initializing...

Running simulation...
** Event #0   t=0   Elapsed: 3e-06s (0m 00s)
     Speed:     ev/sec=0   simsec/sec=0   ev/simsec=0
     Messages:  created: 2   present: 2   in FES: 2
** Event #147664   t=172.152104827122   Elapsed: 0.011429s (0m 00s)
     Speed:     ev/sec=1.29246e+07   simsec/sec=15068   ev/simsec=857.754
     Messages:  created: 2   present: 2   in FES: 1

<!> Simulation stopped with endSimulation() -- in module (ScheduledAccessQueue) DectScheduledAccessNetwork.queue (id=2), at t=172.152104827122s, event #147664

Calling finish() at end of Run #497...

Preparing for running configuration MonetecFocusedSmallR, run #498...
Scenario: $r=7, $rho=0.235, $repetition=0
Assigned runID=MonetecFocusedSmallR-498-20260930-07:06:09-58
Setting up network "dect2020scheduledaccess.DectScheduledAccessNetwork"...
Initializing...

Running simulation...
** Event #0   t=0   Elapsed: 2e-06s (0m 00s)
     Speed:     ev/sec=0   simsec/sec=0   ev/simsec=0
     Messages:  created: 2   present: 2   in FES: 2
** Event #149898   t=171.984597836811   Elapsed: 0.011637s (0m 00s)
     Speed:     ev/sec=1.28834e+07   simsec/sec=14781.7   ev/simsec=871.579
     Messages:  created: 2   present: 2   in FES: 1

<!> Simulation stopped with endSimulation() -- in module (ScheduledAccessQueue) DectScheduledAccessNetwork.queue (id=2), at t=171.984597836811s, event #149898

Calling finish() at end of Run #498...

Preparing for running configuration MonetecFocusedSmallR, run #499...
Scenario: $r=7, $rho=0.235, $repetition=1
Assigned runID=MonetecFocusedSmallR-499-20260930-07:06:09-58
Setting up network "dect2020scheduledaccess.DectScheduledAccessNetwork"...
Initializing...

Running simulation...
** Event #0   t=0   Elapsed: 3e-06s (0m 00s)
     Speed:     ev/sec=0   simsec/sec=0   ev/simsec=0
     Messages:  created: 2   present: 2   in FES: 2
** Event #149757   t=172.043851659012   Elapsed: 0.011579s (0m 00s)
     Speed:     ev/sec=1.29369e+07   simsec/sec=14862.1   ev/simsec=870.46
     Messages:  created: 2   present: 2   in FES: 1

<!> Simulation stopped with endSimulation() -- in module (ScheduledAccessQueue) DectScheduledAccessNetwork.queue (id=2), at t=172.043851659012s, event #149757

Calling finish() at end of Run #499...

Preparing for running configuration MonetecFocusedSmallR, run #500...
Scenario: $r=7, $rho=0.235, $repetition=2
Assigned runID=MonetecFocusedSmallR-500-20260930-07:06:09-58
Setting up network "dect2020scheduledaccess.DectScheduledAccessNetwork"...
Initializing...

Running simulation...
** Event #0   t=0   Elapsed: 1.6e-05s (0m 00s)
     Speed:     ev/sec=0   simsec/sec=0   ev/simsec=0
     Messages:  created: 2   present: 2   in FES: 2
** Event #149774   t=172.16277685821   Elapsed: 0.011593s (0m 00s)
     Speed:     ev/sec=1.29361e+07   simsec/sec=14869.8   ev/simsec=869.956
     Messages:  created: 2   present: 2   in FES: 1

<!> Simulation stopped with endSimulation() -- in module (ScheduledAccessQueue) DectScheduledAccessNetwork.queue (id=2), at t=172.16277685821s, event #149774

Calling finish() at end of Run #500...

Preparing for running configuration MonetecFocusedSmallR, run #501...
Scenario: $r=7, $rho=0.240, $repetition=0
Assigned runID=MonetecFocusedSmallR-501-20260930-07:06:09-58
Setting up network "dect2020scheduledaccess.DectScheduledAccessNetwork"...
Initializing...

Running simulation...
** Event #0   t=0   Elapsed: 2e-06s (0m 00s)
     Speed:     ev/sec=0   simsec/sec=0   ev/simsec=0
     Messages:  created: 2   present: 2   in FES: 2
** Event #152135   t=172.064918037251   Elapsed: 0.011866s (0m 00s)
     Speed:     ev/sec=1.28232e+07   simsec/sec=14503.1   ev/simsec=884.173
     Messages:  created: 2   present: 2   in FES: 1

<!> Simulation stopped with endSimulation() -- in module (ScheduledAccessQueue) DectScheduledAccessNetwork.queue (id=2), at t=172.064918037251s, event #152135

Calling finish() at end of Run #501...

Preparing for running configuration MonetecFocusedSmallR, run #502...
Scenario: $r=7, $rho=0.240, $repetition=1
Assigned runID=MonetecFocusedSmallR-502-20260930-07:06:09-58
Setting up network "dect2020scheduledaccess.DectScheduledAccessNetwork"...
Initializing...

Running simulation...
** Event #0   t=0   Elapsed: 3e-06s (0m 00s)
     Speed:     ev/sec=0   simsec/sec=0   ev/simsec=0
     Messages:  created: 2   present: 2   in FES: 2
** Event #152033   t=172.130827363575   Elapsed: 0.011898s (0m 00s)
     Speed:     ev/sec=1.27813e+07   simsec/sec=14470.8   ev/simsec=883.243
     Messages:  created: 2   present: 2   in FES: 1

<!> Simulation stopped with endSimulation() -- in module (ScheduledAccessQueue) DectScheduledAccessNetwork.queue (id=2), at t=172.130827363575s, event #152033

Calling finish() at end of Run #502...

Preparing for running configuration MonetecFocusedSmallR, run #503...
Scenario: $r=7, $rho=0.240, $repetition=2
Assigned runID=MonetecFocusedSmallR-503-20260930-07:06:09-58
Setting up network "dect2020scheduledaccess.DectScheduledAccessNetwork"...
Initializing...

Running simulation...
** Event #0   t=0   Elapsed: 2e-06s (0m 00s)
     Speed:     ev/sec=0   simsec/sec=0   ev/simsec=0
     Messages:  created: 2   present: 2   in FES: 2
** Event #151447   t=172.03469578152   Elapsed: 0.011781s (0m 00s)
     Speed:     ev/sec=1.28574e+07   simsec/sec=14605.2   ev/simsec=880.329
     Messages:  created: 2   present: 2   in FES: 1

<!> Simulation stopped with endSimulation() -- in module (ScheduledAccessQueue) DectScheduledAccessNetwork.queue (id=2), at t=172.03469578152s, event #151447

Calling finish() at end of Run #503...

Preparing for running configuration MonetecFocusedSmallR, run #504...
Scenario: $r=7, $rho=0.245, $repetition=0
Assigned runID=MonetecFocusedSmallR-504-20260930-07:06:09-58
Setting up network "dect2020scheduledaccess.DectScheduledAccessNetwork"...
Initializing...

Running simulation...
** Event #0   t=0   Elapsed: 3e-06s (0m 00s)
     Speed:     ev/sec=0   simsec/sec=0   ev/simsec=0
     Messages:  created: 2   present: 2   in FES: 2
** Event #153735   t=171.886263187578   Elapsed: 0.011972s (0m 00s)
     Speed:     ev/sec=1.28444e+07   simsec/sec=14360.9   ev/simsec=894.402
     Messages:  created: 2   present: 2   in FES: 1

<!> Simulation stopped with endSimulation() -- in module (ScheduledAccessQueue) DectScheduledAccessNetwork.queue (id=2), at t=171.886263187578s, event #153735

Calling finish() at end of Run #504...

Preparing for running configuration MonetecFocusedSmallR, run #505...
Scenario: $r=7, $rho=0.245, $repetition=1
Assigned runID=MonetecFocusedSmallR-505-20260930-07:06:09-58
Setting up network "dect2020scheduledaccess.DectScheduledAccessNetwork"...
Initializing...

Running simulation...
** Event #0   t=0   Elapsed: 3e-06s (0m 00s)
     Speed:     ev/sec=0   simsec/sec=0   ev/simsec=0
     Messages:  created: 2   present: 2   in FES: 2
** Event #153963   t=172.089777190564   Elapsed: 0.011947s (0m 00s)
     Speed:     ev/sec=1.28904e+07   simsec/sec=14408   ev/simsec=894.667
     Messages:  created: 2   present: 2   in FES: 1

<!> Simulation stopped with endSimulation() -- in module (ScheduledAccessQueue) DectScheduledAccessNetwork.queue (id=2), at t=172.089777190564s, event #153963

Calling finish() at end of Run #505...

Preparing for running configuration MonetecFocusedSmallR, run #506...
Scenario: $r=7, $rho=0.245, $repetition=2
Assigned runID=MonetecFocusedSmallR-506-20260930-07:06:09-58
Setting up network "dect2020scheduledaccess.DectScheduledAccessNetwork"...
Initializing...

Running simulation...
** Event #0   t=0   Elapsed: 1.7e-05s (0m 00s)
     Speed:     ev/sec=0   simsec/sec=0   ev/simsec=0
     Messages:  created: 2   present: 2   in FES: 2
** Event #153857   t=172.15253101802   Elapsed: 0.012084s (0m 00s)
     Speed:     ev/sec=1.27502e+07   simsec/sec=14266.4   ev/simsec=893.725
     Messages:  created: 2   present: 2   in FES: 1

<!> Simulation stopped with endSimulation() -- in module (ScheduledAccessQueue) DectScheduledAccessNetwork.queue (id=2), at t=172.15253101802s, event #153857

Calling finish() at end of Run #506...

Preparing for running configuration MonetecFocusedSmallR, run #507...
Scenario: $r=7, $rho=0.250, $repetition=0
Assigned runID=MonetecFocusedSmallR-507-20260930-07:06:09-58
Setting up network "dect2020scheduledaccess.DectScheduledAccessNetwork"...
Initializing...

Running simulation...
** Event #0   t=0   Elapsed: 1.6e-05s (0m 00s)
     Speed:     ev/sec=0   simsec/sec=0   ev/simsec=0
     Messages:  created: 2   present: 2   in FES: 2
** Event #156196   t=172.027761006523   Elapsed: 0.012065s (0m 00s)
     Speed:     ev/sec=1.29634e+07   simsec/sec=14277.3   ev/simsec=907.97
     Messages:  created: 2   present: 2   in FES: 1

<!> Simulation stopped with endSimulation() -- in module (ScheduledAccessQueue) DectScheduledAccessNetwork.queue (id=2), at t=172.027761006523s, event #156196

Calling finish() at end of Run #507...

Preparing for running configuration MonetecFocusedSmallR, run #508...
Scenario: $r=7, $rho=0.250, $repetition=1
Assigned runID=MonetecFocusedSmallR-508-20260930-07:06:09-58
Setting up network "dect2020scheduledaccess.DectScheduledAccessNetwork"...
Initializing...

Running simulation...
** Event #0   t=0   Elapsed: 1.9e-05s (0m 00s)
     Speed:     ev/sec=0   simsec/sec=0   ev/simsec=0
     Messages:  created: 2   present: 2   in FES: 2
** Event #156118   t=172.11846588466   Elapsed: 0.012102s (0m 00s)
     Speed:     ev/sec=1.29194e+07   simsec/sec=14243.5   ev/simsec=907.041
     Messages:  created: 2   present: 2   in FES: 1

<!> Simulation stopped with endSimulation() -- in module (ScheduledAccessQueue) DectScheduledAccessNetwork.queue (id=2), at t=172.11846588466s, event #156118

Calling finish() at end of Run #508...

Preparing for running configuration MonetecFocusedSmallR, run #509...
Scenario: $r=7, $rho=0.250, $repetition=2
Assigned runID=MonetecFocusedSmallR-509-20260930-07:06:09-58
Setting up network "dect2020scheduledaccess.DectScheduledAccessNetwork"...
Initializing...

Running simulation...
** Event #0   t=0   Elapsed: 2.7e-05s (0m 00s)
     Speed:     ev/sec=0   simsec/sec=0   ev/simsec=0
     Messages:  created: 2   present: 2   in FES: 2
** Event #156054   t=172.179023363044   Elapsed: 0.012196s (0m 00s)
     Speed:     ev/sec=1.28239e+07   simsec/sec=14148.9   ev/simsec=906.352
     Messages:  created: 2   present: 2   in FES: 1

<!> Simulation stopped with endSimulation() -- in module (ScheduledAccessQueue) DectScheduledAccessNetwork.queue (id=2), at t=172.179023363044s, event #156054

Calling finish() at end of Run #509...

Preparing for running configuration MonetecFocusedSmallR, run #510...
Scenario: $r=7, $rho=0.255, $repetition=0
Assigned runID=MonetecFocusedSmallR-510-20260930-07:06:09-58
Setting up network "dect2020scheduledaccess.DectScheduledAccessNetwork"...
Initializing...

Running simulation...
** Event #0   t=0   Elapsed: 3e-06s (0m 00s)
     Speed:     ev/sec=0   simsec/sec=0   ev/simsec=0
     Messages:  created: 2   present: 2   in FES: 2
** Event #158420   t=172.102502702929   Elapsed: 0.012635s (0m 00s)
     Speed:     ev/sec=1.25412e+07   simsec/sec=13624.3   ev/simsec=920.499
     Messages:  created: 2   present: 2   in FES: 1

<!> Simulation stopped with endSimulation() -- in module (ScheduledAccessQueue) DectScheduledAccessNetwork.queue (id=2), at t=172.102502702929s, event #158420

Calling finish() at end of Run #510...

Preparing for running configuration MonetecFocusedSmallR, run #511...
Scenario: $r=7, $rho=0.255, $repetition=1
Assigned runID=MonetecFocusedSmallR-511-20260930-07:06:09-58
Setting up network "dect2020scheduledaccess.DectScheduledAccessNetwork"...
Initializing...

Running simulation...
** Event #0   t=0   Elapsed: 3e-06s (0m 00s)
     Speed:     ev/sec=0   simsec/sec=0   ev/simsec=0
     Messages:  created: 2   present: 2   in FES: 2
** Event #157997   t=172.059824492619   Elapsed: 0.01224s (0m 00s)
     Speed:     ev/sec=1.29114e+07   simsec/sec=14060.6   ev/simsec=918.271
     Messages:  created: 2   present: 2   in FES: 1

<!> Simulation stopped with endSimulation() -- in module (ScheduledAccessQueue) DectScheduledAccessNetwork.queue (id=2), at t=172.059824492619s, event #157997

Calling finish() at end of Run #511...

Preparing for running configuration MonetecFocusedSmallR, run #512...
Scenario: $r=7, $rho=0.255, $repetition=2
Assigned runID=MonetecFocusedSmallR-512-20260930-07:06:09-58
Setting up network "dect2020scheduledaccess.DectScheduledAccessNetwork"...
Initializing...

Running simulation...
** Event #0   t=0   Elapsed: 2.3e-05s (0m 00s)
     Speed:     ev/sec=0   simsec/sec=0   ev/simsec=0
     Messages:  created: 2   present: 2   in FES: 2
** Event #157930   t=172.110683652842   Elapsed: 0.012273s (0m 00s)
     Speed:     ev/sec=1.28922e+07   simsec/sec=14049.8   ev/simsec=917.608
     Messages:  created: 2   present: 2   in FES: 1

<!> Simulation stopped with endSimulation() -- in module (ScheduledAccessQueue) DectScheduledAccessNetwork.queue (id=2), at t=172.110683652842s, event #157930

Calling finish() at end of Run #512...

Preparing for running configuration MonetecFocusedSmallR, run #513...
Scenario: $r=7, $rho=0.260, $repetition=0
Assigned runID=MonetecFocusedSmallR-513-20260930-07:06:09-58
Setting up network "dect2020scheduledaccess.DectScheduledAccessNetwork"...
Initializing...

Running simulation...
** Event #0   t=0   Elapsed: 1.6e-05s (0m 00s)
     Speed:     ev/sec=0   simsec/sec=0   ev/simsec=0
     Messages:  created: 2   present: 2   in FES: 2
** Event #160333   t=172.041735144198   Elapsed: 0.012416s (0m 00s)
     Speed:     ev/sec=1.29301e+07   simsec/sec=13874.3   ev/simsec=931.946
     Messages:  created: 2   present: 2   in FES: 1

<!> Simulation stopped with endSimulation() -- in module (ScheduledAccessQueue) DectScheduledAccessNetwork.queue (id=2), at t=172.041735144198s, event #160333

Calling finish() at end of Run #513...

Preparing for running configuration MonetecFocusedSmallR, run #514...
Scenario: $r=7, $rho=0.260, $repetition=1
Assigned runID=MonetecFocusedSmallR-514-20260930-07:06:09-58
Setting up network "dect2020scheduledaccess.DectScheduledAccessNetwork"...
Initializing...

Running simulation...
** Event #0   t=0   Elapsed: 1.7e-05s (0m 00s)
     Speed:     ev/sec=0   simsec/sec=0   ev/simsec=0
     Messages:  created: 2   present: 2   in FES: 2
** Event #160187   t=172.086074879155   Elapsed: 0.012439s (0m 00s)
     Speed:     ev/sec=1.28954e+07   simsec/sec=13853.3   ev/simsec=930.855
     Messages:  created: 2   present: 2   in FES: 1

<!> Simulation stopped with endSimulation() -- in module (ScheduledAccessQueue) DectScheduledAccessNetwork.queue (id=2), at t=172.086074879155s, event #160187

Calling finish() at end of Run #514...

Preparing for running configuration MonetecFocusedSmallR, run #515...
Scenario: $r=7, $rho=0.260, $repetition=2
Assigned runID=MonetecFocusedSmallR-515-20260930-07:06:09-58
Setting up network "dect2020scheduledaccess.DectScheduledAccessNetwork"...
Initializing...

Running simulation...
** Event #0   t=0   Elapsed: 1.4e-05s (0m 00s)
     Speed:     ev/sec=0   simsec/sec=0   ev/simsec=0
     Messages:  created: 2   present: 2   in FES: 2
** Event #159899   t=172.082129802892   Elapsed: 0.012316s (0m 00s)
     Speed:     ev/sec=1.29978e+07   simsec/sec=13988.1   ev/simsec=929.202
     Messages:  created: 2   present: 2   in FES: 1

<!> Simulation stopped with endSimulation() -- in module (ScheduledAccessQueue) DectScheduledAccessNetwork.queue (id=2), at t=172.082129802892s, event #159899

Calling finish() at end of Run #515...

Preparing for running configuration MonetecFocusedSmallR, run #516...
Scenario: $r=7, $rho=0.265, $repetition=0
Assigned runID=MonetecFocusedSmallR-516-20260930-07:06:09-58
Setting up network "dect2020scheduledaccess.DectScheduledAccessNetwork"...
Initializing...

Running simulation...
** Event #0   t=0   Elapsed: 3e-06s (0m 00s)
     Speed:     ev/sec=0   simsec/sec=0   ev/simsec=0
     Messages:  created: 2   present: 2   in FES: 2
** Event #162177   t=171.973893402107   Elapsed: 0.012689s (0m 00s)
     Speed:     ev/sec=1.27849e+07   simsec/sec=13557.3   ev/simsec=943.033
     Messages:  created: 2   present: 2   in FES: 1

<!> Simulation stopped with endSimulation() -- in module (ScheduledAccessQueue) DectScheduledAccessNetwork.queue (id=2), at t=171.973893402107s, event #162177

Calling finish() at end of Run #516...

Preparing for running configuration MonetecFocusedSmallR, run #517...
Scenario: $r=7, $rho=0.265, $repetition=1
Assigned runID=MonetecFocusedSmallR-517-20260930-07:06:09-58
Setting up network "dect2020scheduledaccess.DectScheduledAccessNetwork"...
Initializing...

Running simulation...
** Event #0   t=0   Elapsed: 2e-06s (0m 00s)
     Speed:     ev/sec=0   simsec/sec=0   ev/simsec=0
     Messages:  created: 2   present: 2   in FES: 2
** Event #162336   t=172.109905950771   Elapsed: 0.012538s (0m 00s)
     Speed:     ev/sec=1.29486e+07   simsec/sec=13728.1   ev/simsec=943.215
     Messages:  created: 2   present: 2   in FES: 1

<!> Simulation stopped with endSimulation() -- in module (ScheduledAccessQueue) DectScheduledAccessNetwork.queue (id=2), at t=172.109905950771s, event #162336

Calling finish() at end of Run #517...

Preparing for running configuration MonetecFocusedSmallR, run #518...
Scenario: $r=7, $rho=0.265, $repetition=2
Assigned runID=MonetecFocusedSmallR-518-20260930-07:06:09-58
Setting up network "dect2020scheduledaccess.DectScheduledAccessNetwork"...
Initializing...

Running simulation...
** Event #0   t=0   Elapsed: 2e-06s (0m 00s)
     Speed:     ev/sec=0   simsec/sec=0   ev/simsec=0
     Messages:  created: 2   present: 2   in FES: 2
** Event #161962   t=172.077217525701   Elapsed: 0.012495s (0m 00s)
     Speed:     ev/sec=1.29632e+07   simsec/sec=13772.7   ev/simsec=941.22
     Messages:  created: 2   present: 2   in FES: 1

<!> Simulation stopped with endSimulation() -- in module (ScheduledAccessQueue) DectScheduledAccessNetwork.queue (id=2), at t=172.077217525701s, event #161962

Calling finish() at end of Run #518...

Preparing for running configuration MonetecFocusedSmallR, run #519...
Scenario: $r=7, $rho=0.270, $repetition=0
Assigned runID=MonetecFocusedSmallR-519-20260930-07:06:09-58
Setting up network "dect2020scheduledaccess.DectScheduledAccessNetwork"...
Initializing...

Running simulation...
** Event #0   t=0   Elapsed: 2e-06s (0m 00s)
     Speed:     ev/sec=0   simsec/sec=0   ev/simsec=0
     Messages:  created: 2   present: 2   in FES: 2
** Event #164707   t=172.139477395344   Elapsed: 0.012719s (0m 00s)
     Speed:     ev/sec=1.29517e+07   simsec/sec=13536.2   ev/simsec=956.823
     Messages:  created: 2   present: 2   in FES: 1

<!> Simulation stopped with endSimulation() -- in module (ScheduledAccessQueue) DectScheduledAccessNetwork.queue (id=2), at t=172.139477395344s, event #164707

Calling finish() at end of Run #519...

Preparing for running configuration MonetecFocusedSmallR, run #520...
Scenario: $r=7, $rho=0.270, $repetition=1
Assigned runID=MonetecFocusedSmallR-520-20260930-07:06:09-58
Setting up network "dect2020scheduledaccess.DectScheduledAccessNetwork"...
Initializing...

Running simulation...
** Event #0   t=0   Elapsed: 2e-06s (0m 00s)
     Speed:     ev/sec=0   simsec/sec=0   ev/simsec=0
     Messages:  created: 2   present: 2   in FES: 2
** Event #164663   t=172.198174236012   Elapsed: 0.012651s (0m 00s)
     Speed:     ev/sec=1.30179e+07   simsec/sec=13613.6   ev/simsec=956.243
     Messages:  created: 2   present: 2   in FES: 1

<!> Simulation stopped with endSimulation() -- in module (ScheduledAccessQueue) DectScheduledAccessNetwork.queue (id=2), at t=172.198174236012s, event #164663

Calling finish() at end of Run #520...

Preparing for running configuration MonetecFocusedSmallR, run #521...
Scenario: $r=7, $rho=0.270, $repetition=2
Assigned runID=MonetecFocusedSmallR-521-20260930-07:06:09-58
Setting up network "dect2020scheduledaccess.DectScheduledAccessNetwork"...
Initializing...

Running simulation...
** Event #0   t=0   Elapsed: 1.5e-05s (0m 00s)
     Speed:     ev/sec=0   simsec/sec=0   ev/simsec=0
     Messages:  created: 2   present: 2   in FES: 2
** Event #164294   t=172.145444440059   Elapsed: 0.012656s (0m 00s)
     Speed:     ev/sec=1.29969e+07   simsec/sec=13618   ev/simsec=954.392
     Messages:  created: 2   present: 2   in FES: 1

<!> Simulation stopped with endSimulation() -- in module (ScheduledAccessQueue) DectScheduledAccessNetwork.queue (id=2), at t=172.145444440059s, event #164294

Calling finish() at end of Run #521...

Preparing for running configuration MonetecFocusedSmallR, run #522...
Scenario: $r=7, $rho=0.275, $repetition=0
Assigned runID=MonetecFocusedSmallR-522-20260930-07:06:09-58
Setting up network "dect2020scheduledaccess.DectScheduledAccessNetwork"...
Initializing...

Running simulation...
** Event #0   t=0   Elapsed: 2e-06s (0m 00s)
     Speed:     ev/sec=0   simsec/sec=0   ev/simsec=0
     Messages:  created: 2   present: 2   in FES: 2
** Event #166633   t=172.081365634239   Elapsed: 0.012969s (0m 00s)
     Speed:     ev/sec=1.28505e+07   simsec/sec=13270.7   ev/simsec=968.339
     Messages:  created: 2   present: 2   in FES: 1

<!> Simulation stopped with endSimulation() -- in module (ScheduledAccessQueue) DectScheduledAccessNetwork.queue (id=2), at t=172.081365634239s, event #166633

Calling finish() at end of Run #522...

Preparing for running configuration MonetecFocusedSmallR, run #523...
Scenario: $r=7, $rho=0.275, $repetition=1
Assigned runID=MonetecFocusedSmallR-523-20260930-07:06:09-58
Setting up network "dect2020scheduledaccess.DectScheduledAccessNetwork"...
Initializing...

Running simulation...
** Event #0   t=0   Elapsed: 9e-06s (0m 00s)
     Speed:     ev/sec=0   simsec/sec=0   ev/simsec=0
     Messages:  created: 2   present: 2   in FES: 2
** Event #166289   t=172.062104333483   Elapsed: 0.012979s (0m 00s)
     Speed:     ev/sec=1.2822e+07   simsec/sec=13267.2   ev/simsec=966.449
     Messages:  created: 2   present: 2   in FES: 1

<!> Simulation stopped with endSimulation() -- in module (ScheduledAccessQueue) DectScheduledAccessNetwork.queue (id=2), at t=172.062104333483s, event #166289

Calling finish() at end of Run #523...

Preparing for running configuration MonetecFocusedSmallR, run #524...
Scenario: $r=7, $rho=0.275, $repetition=2
Assigned runID=MonetecFocusedSmallR-524-20260930-07:06:09-58
Setting up network "dect2020scheduledaccess.DectScheduledAccessNetwork"...
Initializing...

Running simulation...
** Event #0   t=0   Elapsed: 2e-06s (0m 00s)
     Speed:     ev/sec=0   simsec/sec=0   ev/simsec=0
     Messages:  created: 2   present: 2   in FES: 2
** Event #166372   t=172.170118560003   Elapsed: 0.012789s (0m 00s)
     Speed:     ev/sec=1.3011e+07   simsec/sec=13464.5   ev/simsec=966.324
     Messages:  created: 2   present: 2   in FES: 1

<!> Simulation stopped with endSimulation() -- in module (ScheduledAccessQueue) DectScheduledAccessNetwork.queue (id=2), at t=172.170118560003s, event #166372

Calling finish() at end of Run #524...

Preparing for running configuration MonetecFocusedSmallR, run #525...
Scenario: $r=7, $rho=0.280, $repetition=0
Assigned runID=MonetecFocusedSmallR-525-20260930-07:06:10-58
Setting up network "dect2020scheduledaccess.DectScheduledAccessNetwork"...
Initializing...

Running simulation...
** Event #0   t=0   Elapsed: 1.7e-05s (0m 00s)
     Speed:     ev/sec=0   simsec/sec=0   ev/simsec=0
     Messages:  created: 2   present: 2   in FES: 2
** Event #168384   t=171.980929577163   Elapsed: 0.013001s (0m 00s)
     Speed:     ev/sec=1.29676e+07   simsec/sec=13244.6   ev/simsec=979.088
     Messages:  created: 2   present: 2   in FES: 1

<!> Simulation stopped with endSimulation() -- in module (ScheduledAccessQueue) DectScheduledAccessNetwork.queue (id=2), at t=171.980929577163s, event #168384

Calling finish() at end of Run #525...

Preparing for running configuration MonetecFocusedSmallR, run #526...
Scenario: $r=7, $rho=0.280, $repetition=1
Assigned runID=MonetecFocusedSmallR-526-20260930-07:06:10-58
Setting up network "dect2020scheduledaccess.DectScheduledAccessNetwork"...
Initializing...

Running simulation...
** Event #0   t=0   Elapsed: 1.5e-05s (0m 00s)
     Speed:     ev/sec=0   simsec/sec=0   ev/simsec=0
     Messages:  created: 2   present: 2   in FES: 2
** Event #168613   t=172.12716488617   Elapsed: 0.01296s (0m 00s)
     Speed:     ev/sec=1.30253e+07   simsec/sec=13296.7   ev/simsec=979.59
     Messages:  created: 2   present: 2   in FES: 1

<!> Simulation stopped with endSimulation() -- in module (ScheduledAccessQueue) DectScheduledAccessNetwork.queue (id=2), at t=172.12716488617s, event #168613

Calling finish() at end of Run #526...

Preparing for running configuration MonetecFocusedSmallR, run #527...
Scenario: $r=7, $rho=0.280, $repetition=2
Assigned runID=MonetecFocusedSmallR-527-20260930-07:06:10-58
Setting up network "dect2020scheduledaccess.DectScheduledAccessNetwork"...
Initializing...

Running simulation...
** Event #0   t=0   Elapsed: 1.6e-05s (0m 00s)
     Speed:     ev/sec=0   simsec/sec=0   ev/simsec=0
     Messages:  created: 2   present: 2   in FES: 2
** Event #168311   t=172.123601405503   Elapsed: 0.01296s (0m 00s)
     Speed:     ev/sec=1.3002e+07   simsec/sec=13296.5   ev/simsec=977.852
     Messages:  created: 2   present: 2   in FES: 1

<!> Simulation stopped with endSimulation() -- in module (ScheduledAccessQueue) DectScheduledAccessNetwork.queue (id=2), at t=172.123601405503s, event #168311

Calling finish() at end of Run #527...

Preparing for running configuration MonetecFocusedSmallR, run #528...
Scenario: $r=7, $rho=0.285, $repetition=0
Assigned runID=MonetecFocusedSmallR-528-20260930-07:06:10-58
Setting up network "dect2020scheduledaccess.DectScheduledAccessNetwork"...
Initializing...

Running simulation...
** Event #0   t=0   Elapsed: 1.5e-05s (0m 00s)
     Speed:     ev/sec=0   simsec/sec=0   ev/simsec=0
     Messages:  created: 2   present: 2   in FES: 2
** Event #170592   t=172.03669371415   Elapsed: 0.013132s (0m 00s)
     Speed:     ev/sec=1.30054e+07   simsec/sec=13115.5   ev/simsec=991.604
     Messages:  created: 2   present: 2   in FES: 1

<!> Simulation stopped with endSimulation() -- in module (ScheduledAccessQueue) DectScheduledAccessNetwork.queue (id=2), at t=172.03669371415s, event #170592

Calling finish() at end of Run #528...

Preparing for running configuration MonetecFocusedSmallR, run #529...
Scenario: $r=7, $rho=0.285, $repetition=1
Assigned runID=MonetecFocusedSmallR-529-20260930-07:06:10-58
Setting up network "dect2020scheduledaccess.DectScheduledAccessNetwork"...
Initializing...

Running simulation...
** Event #0   t=0   Elapsed: 1.3e-05s (0m 00s)
     Speed:     ev/sec=0   simsec/sec=0   ev/simsec=0
     Messages:  created: 2   present: 2   in FES: 2
** Event #171027   t=172.231579615568   Elapsed: 0.013137s (0m 00s)
     Speed:     ev/sec=1.30306e+07   simsec/sec=13122.4   ev/simsec=993.008
     Messages:  created: 2   present: 2   in FES: 1

<!> Simulation stopped with endSimulation() -- in module (ScheduledAccessQueue) DectScheduledAccessNetwork.queue (id=2), at t=172.231579615568s, event #171027

Calling finish() at end of Run #529...

Preparing for running configuration MonetecFocusedSmallR, run #530...
Scenario: $r=7, $rho=0.285, $repetition=2
Assigned runID=MonetecFocusedSmallR-530-20260930-07:06:10-58
Setting up network "dect2020scheduledaccess.DectScheduledAccessNetwork"...
Initializing...

Running simulation...
** Event #0   t=0   Elapsed: 4e-06s (0m 00s)
     Speed:     ev/sec=0   simsec/sec=0   ev/simsec=0
     Messages:  created: 2   present: 2   in FES: 2
** Event #170179   t=172.06409744768   Elapsed: 0.013039s (0m 00s)
     Speed:     ev/sec=1.30555e+07   simsec/sec=13200.1   ev/simsec=989.047
     Messages:  created: 2   present: 2   in FES: 1

<!> Simulation stopped with endSimulation() -- in module (ScheduledAccessQueue) DectScheduledAccessNetwork.queue (id=2), at t=172.06409744768s, event #170179

Calling finish() at end of Run #530...

Preparing for running configuration MonetecFocusedSmallR, run #531...
Scenario: $r=7, $rho=0.290, $repetition=0
Assigned runID=MonetecFocusedSmallR-531-20260930-07:06:10-58
Setting up network "dect2020scheduledaccess.DectScheduledAccessNetwork"...
Initializing...

Running simulation...
** Event #0   t=0   Elapsed: 1.3e-05s (0m 00s)
     Speed:     ev/sec=0   simsec/sec=0   ev/simsec=0
     Messages:  created: 2   present: 2   in FES: 2
** Event #172768   t=172.099509242656   Elapsed: 0.013313s (0m 00s)
     Speed:     ev/sec=1.29891e+07   simsec/sec=12938.8   ev/simsec=1003.88
     Messages:  created: 2   present: 2   in FES: 1

<!> Simulation stopped with endSimulation() -- in module (ScheduledAccessQueue) DectScheduledAccessNetwork.queue (id=2), at t=172.099509242656s, event #172768

Calling finish() at end of Run #531...

Preparing for running configuration MonetecFocusedSmallR, run #532...
Scenario: $r=7, $rho=0.290, $repetition=1
Assigned runID=MonetecFocusedSmallR-532-20260930-07:06:10-58
Setting up network "dect2020scheduledaccess.DectScheduledAccessNetwork"...
Initializing...

Running simulation...
** Event #0   t=0   Elapsed: 2e-06s (0m 00s)
     Speed:     ev/sec=0   simsec/sec=0   ev/simsec=0
     Messages:  created: 2   present: 2   in FES: 2
** Event #172618   t=172.081109340766   Elapsed: 0.013309s (0m 00s)
     Speed:     ev/sec=1.2972e+07   simsec/sec=12931.6   ev/simsec=1003.12
     Messages:  created: 2   present: 2   in FES: 1

<!> Simulation stopped with endSimulation() -- in module (ScheduledAccessQueue) DectScheduledAccessNetwork.queue (id=2), at t=172.081109340766s, event #172618

Calling finish() at end of Run #532...

Preparing for running configuration MonetecFocusedSmallR, run #533...
Scenario: $r=7, $rho=0.290, $repetition=2
Assigned runID=MonetecFocusedSmallR-533-20260930-07:06:10-58
Setting up network "dect2020scheduledaccess.DectScheduledAccessNetwork"...
Initializing...

Running simulation...
** Event #0   t=0   Elapsed: 1.7e-05s (0m 00s)
     Speed:     ev/sec=0   simsec/sec=0   ev/simsec=0
     Messages:  created: 2   present: 2   in FES: 2
** Event #172324   t=172.101540257319   Elapsed: 0.013368s (0m 00s)
     Speed:     ev/sec=1.29072e+07   simsec/sec=12890.5   ev/simsec=1001.29
     Messages:  created: 2   present: 2   in FES: 1

<!> Simulation stopped with endSimulation() -- in module (ScheduledAccessQueue) DectScheduledAccessNetwork.queue (id=2), at t=172.101540257319s, event #172324

Calling finish() at end of Run #533...

Preparing for running configuration MonetecFocusedSmallR, run #534...
Scenario: $r=7, $rho=0.295, $repetition=0
Assigned runID=MonetecFocusedSmallR-534-20260930-07:06:10-58
Setting up network "dect2020scheduledaccess.DectScheduledAccessNetwork"...
Initializing...

Running simulation...
** Event #0   t=0   Elapsed: 2e-06s (0m 00s)
     Speed:     ev/sec=0   simsec/sec=0   ev/simsec=0
     Messages:  created: 2   present: 2   in FES: 2
** Event #174513   t=171.979726034062   Elapsed: 0.013328s (0m 00s)
     Speed:     ev/sec=1.30957e+07   simsec/sec=12905.5   ev/simsec=1014.73
     Messages:  created: 2   present: 2   in FES: 1

<!> Simulation stopped with endSimulation() -- in module (ScheduledAccessQueue) DectScheduledAccessNetwork.queue (id=2), at t=171.979726034062s, event #174513

Calling finish() at end of Run #534...

Preparing for running configuration MonetecFocusedSmallR, run #535...
Scenario: $r=7, $rho=0.295, $repetition=1
Assigned runID=MonetecFocusedSmallR-535-20260930-07:06:10-58
Setting up network "dect2020scheduledaccess.DectScheduledAccessNetwork"...
Initializing...

Running simulation...
** Event #0   t=0   Elapsed: 2e-06s (0m 00s)
     Speed:     ev/sec=0   simsec/sec=0   ev/simsec=0
     Messages:  created: 2   present: 2   in FES: 2
** Event #175090   t=172.196920557444   Elapsed: 0.013426s (0m 00s)
     Speed:     ev/sec=1.30431e+07   simsec/sec=12827.5   ev/simsec=1016.8
     Messages:  created: 2   present: 2   in FES: 1

<!> Simulation stopped with endSimulation() -- in module (ScheduledAccessQueue) DectScheduledAccessNetwork.queue (id=2), at t=172.196920557444s, event #175090

Calling finish() at end of Run #535...

Preparing for running configuration MonetecFocusedSmallR, run #536...
Scenario: $r=7, $rho=0.295, $repetition=2
Assigned runID=MonetecFocusedSmallR-536-20260930-07:06:10-58
Setting up network "dect2020scheduledaccess.DectScheduledAccessNetwork"...
Initializing...

Running simulation...
** Event #0   t=0   Elapsed: 1.5e-05s (0m 00s)
     Speed:     ev/sec=0   simsec/sec=0   ev/simsec=0
     Messages:  created: 2   present: 2   in FES: 2
** Event #174348   t=172.053056685632   Elapsed: 0.013526s (0m 00s)
     Speed:     ev/sec=1.29032e+07   simsec/sec=12733.3   ev/simsec=1013.34
     Messages:  created: 2   present: 2   in FES: 1

<!> Simulation stopped with endSimulation() -- in module (ScheduledAccessQueue) DectScheduledAccessNetwork.queue (id=2), at t=172.053056685632s, event #174348

Calling finish() at end of Run #536...

Preparing for running configuration MonetecFocusedSmallR, run #537...
Scenario: $r=7, $rho=0.300, $repetition=0
Assigned runID=MonetecFocusedSmallR-537-20260930-07:06:10-58
Setting up network "dect2020scheduledaccess.DectScheduledAccessNetwork"...
Initializing...

Running simulation...
** Event #0   t=0   Elapsed: 1.8e-05s (0m 00s)
     Speed:     ev/sec=0   simsec/sec=0   ev/simsec=0
     Messages:  created: 2   present: 2   in FES: 2
** Event #176784   t=172.020799467536   Elapsed: 0.013756s (0m 00s)
     Speed:     ev/sec=1.28673e+07   simsec/sec=12520.6   ev/simsec=1027.69
     Messages:  created: 2   present: 2   in FES: 1

<!> Simulation stopped with endSimulation() -- in module (ScheduledAccessQueue) DectScheduledAccessNetwork.queue (id=2), at t=172.020799467536s, event #176784

Calling finish() at end of Run #537...

Preparing for running configuration MonetecFocusedSmallR, run #538...
Scenario: $r=7, $rho=0.300, $repetition=1
Assigned runID=MonetecFocusedSmallR-538-20260930-07:06:10-58
Setting up network "dect2020scheduledaccess.DectScheduledAccessNetwork"...
Initializing...

Running simulation...
** Event #0   t=0   Elapsed: 3e-06s (0m 00s)
     Speed:     ev/sec=0   simsec/sec=0   ev/simsec=0
     Messages:  created: 2   present: 2   in FES: 2
** Event #177285   t=172.219569980041   Elapsed: 0.013582s (0m 00s)
     Speed:     ev/sec=1.30558e+07   simsec/sec=12682.8   ev/simsec=1029.42
     Messages:  created: 2   present: 2   in FES: 1

<!> Simulation stopped with endSimulation() -- in module (ScheduledAccessQueue) DectScheduledAccessNetwork.queue (id=2), at t=172.219569980041s, event #177285

Calling finish() at end of Run #538...

Preparing for running configuration MonetecFocusedSmallR, run #539...
Scenario: $r=7, $rho=0.300, $repetition=2
Assigned runID=MonetecFocusedSmallR-539-20260930-07:06:10-58
Setting up network "dect2020scheduledaccess.DectScheduledAccessNetwork"...
Initializing...

Running simulation...
** Event #0   t=0   Elapsed: 1.8e-05s (0m 00s)
     Speed:     ev/sec=0   simsec/sec=0   ev/simsec=0
     Messages:  created: 2   present: 2   in FES: 2
** Event #176915   t=172.203735515931   Elapsed: 0.013626s (0m 00s)
     Speed:     ev/sec=1.30008e+07   simsec/sec=12654.6   ev/simsec=1027.36
     Messages:  created: 2   present: 2   in FES: 1

<!> Simulation stopped with endSimulation() -- in module (ScheduledAccessQueue) DectScheduledAccessNetwork.queue (id=2), at t=172.203735515931s, event #176915

Calling finish() at end of Run #539...

Preparing for running configuration MonetecFocusedSmallR, run #540...
Scenario: $r=10, $rho=0.005, $repetition=0
Assigned runID=MonetecFocusedSmallR-540-20260930-07:06:10-58
Setting up network "dect2020scheduledaccess.DectScheduledAccessNetwork"...
Initializing...

Running simulation...
** Event #0   t=0   Elapsed: 5e-06s (0m 00s)
     Speed:     ev/sec=0   simsec/sec=0   ev/simsec=0
     Messages:  created: 2   present: 2   in FES: 2
** Event #389119   t=2886.613252335852   Elapsed: 0.023497s (0m 00s)
     Speed:     ev/sec=1.65632e+07   simsec/sec=122871   ev/simsec=134.801
     Messages:  created: 2   present: 2   in FES: 1

<!> Simulation stopped with endSimulation() -- in module (ScheduledAccessQueue) DectScheduledAccessNetwork.queue (id=2), at t=2886.613252335852s, event #389119

Calling finish() at end of Run #540...

Preparing for running configuration MonetecFocusedSmallR, run #541...
Scenario: $r=10, $rho=0.005, $repetition=1
Assigned runID=MonetecFocusedSmallR-541-20260930-07:06:10-58
Setting up network "dect2020scheduledaccess.DectScheduledAccessNetwork"...
Initializing...

Running simulation...
** Event #0   t=0   Elapsed: 1.8e-05s (0m 00s)
     Speed:     ev/sec=0   simsec/sec=0   ev/simsec=0
     Messages:  created: 2   present: 2   in FES: 2
** Event #392466   t=2916.726505529272   Elapsed: 0.023874s (0m 00s)
     Speed:     ev/sec=1.64515e+07   simsec/sec=122264   ev/simsec=134.557
     Messages:  created: 2   present: 2   in FES: 1

<!> Simulation stopped with endSimulation() -- in module (ScheduledAccessQueue) DectScheduledAccessNetwork.queue (id=2), at t=2916.726505529272s, event #392466

Calling finish() at end of Run #541...

Preparing for running configuration MonetecFocusedSmallR, run #542...
Scenario: $r=10, $rho=0.005, $repetition=2
Assigned runID=MonetecFocusedSmallR-542-20260930-07:06:10-58
Setting up network "dect2020scheduledaccess.DectScheduledAccessNetwork"...
Initializing...

Running simulation...
** Event #0   t=0   Elapsed: 1.3e-05s (0m 00s)
     Speed:     ev/sec=0   simsec/sec=0   ev/simsec=0
     Messages:  created: 2   present: 2   in FES: 2
** Event #389795   t=2892.738498770359   Elapsed: 0.023441s (0m 00s)
     Speed:     ev/sec=1.66373e+07   simsec/sec=123468   ev/simsec=134.75
     Messages:  created: 2   present: 2   in FES: 1

<!> Simulation stopped with endSimulation() -- in module (ScheduledAccessQueue) DectScheduledAccessNetwork.queue (id=2), at t=2892.738498770359s, event #389795

Calling finish() at end of Run #542...

Preparing for running configuration MonetecFocusedSmallR, run #543...
Scenario: $r=10, $rho=0.010, $repetition=0
Assigned runID=MonetecFocusedSmallR-543-20260930-07:06:10-58
Setting up network "dect2020scheduledaccess.DectScheduledAccessNetwork"...
Initializing...

Running simulation...
** Event #0   t=0   Elapsed: 2.2e-05s (0m 00s)
     Speed:     ev/sec=0   simsec/sec=0   ev/simsec=0
     Messages:  created: 2   present: 2   in FES: 2
** Event #228785   t=1443.596070388846   Elapsed: 0.014824s (0m 00s)
     Speed:     ev/sec=1.54491e+07   simsec/sec=97481   ev/simsec=158.483
     Messages:  created: 2   present: 2   in FES: 1

<!> Simulation stopped with endSimulation() -- in module (ScheduledAccessQueue) DectScheduledAccessNetwork.queue (id=2), at t=1443.596070388846s, event #228785

Calling finish() at end of Run #543...

Preparing for running configuration MonetecFocusedSmallR, run #544...
Scenario: $r=10, $rho=0.010, $repetition=1
Assigned runID=MonetecFocusedSmallR-544-20260930-07:06:10-58
Setting up network "dect2020scheduledaccess.DectScheduledAccessNetwork"...
Initializing...

Running simulation...
** Event #0   t=0   Elapsed: 1.8e-05s (0m 00s)
     Speed:     ev/sec=0   simsec/sec=0   ev/simsec=0
     Messages:  created: 2   present: 2   in FES: 2
** Event #230706   t=1460.861580971635   Elapsed: 0.014679s (0m 00s)
     Speed:     ev/sec=1.5735e+07   simsec/sec=99635.8   ev/simsec=157.925
     Messages:  created: 2   present: 2   in FES: 1

<!> Simulation stopped with endSimulation() -- in module (ScheduledAccessQueue) DectScheduledAccessNetwork.queue (id=2), at t=1460.861580971635s, event #230706

Calling finish() at end of Run #544...

Preparing for running configuration MonetecFocusedSmallR, run #545...
Scenario: $r=10, $rho=0.010, $repetition=2
Assigned runID=MonetecFocusedSmallR-545-20260930-07:06:10-58
Setting up network "dect2020scheduledaccess.DectScheduledAccessNetwork"...
Initializing...

Running simulation...
** Event #0   t=0   Elapsed: 1.6e-05s (0m 00s)
     Speed:     ev/sec=0   simsec/sec=0   ev/simsec=0
     Messages:  created: 2   present: 2   in FES: 2
** Event #229087   t=1446.36652092372   Elapsed: 0.014717s (0m 00s)
     Speed:     ev/sec=1.55831e+07   simsec/sec=98385.5   ev/simsec=158.388
     Messages:  created: 2   present: 2   in FES: 1

<!> Simulation stopped with endSimulation() -- in module (ScheduledAccessQueue) DectScheduledAccessNetwork.queue (id=2), at t=1446.36652092372s, event #229087

Calling finish() at end of Run #545...

Preparing for running configuration MonetecFocusedSmallR, run #546...
Scenario: $r=10, $rho=0.015, $repetition=0
Assigned runID=MonetecFocusedSmallR-546-20260930-07:06:10-58
Setting up network "dect2020scheduledaccess.DectScheduledAccessNetwork"...
Initializing...

Running simulation...
** Event #0   t=0   Elapsed: 2e-06s (0m 00s)
     Speed:     ev/sec=0   simsec/sec=0   ev/simsec=0
     Messages:  created: 2   present: 2   in FES: 2
** Event #175351   t=962.685764490582   Elapsed: 0.011823s (0m 00s)
     Speed:     ev/sec=1.48339e+07   simsec/sec=81438.6   ev/simsec=182.148
     Messages:  created: 2   present: 2   in FES: 1

<!> Simulation stopped with endSimulation() -- in module (ScheduledAccessQueue) DectScheduledAccessNetwork.queue (id=2), at t=962.685764490582s, event #175351

Calling finish() at end of Run #546...

Preparing for running configuration MonetecFocusedSmallR, run #547...
Scenario: $r=10, $rho=0.015, $repetition=1
Assigned runID=MonetecFocusedSmallR-547-20260930-07:06:10-58
Setting up network "dect2020scheduledaccess.DectScheduledAccessNetwork"...
Initializing...

Running simulation...
** Event #0   t=0   Elapsed: 2e-06s (0m 00s)
     Speed:     ev/sec=0   simsec/sec=0   ev/simsec=0
     Messages:  created: 2   present: 2   in FES: 2
** Event #175981   t=968.418894668045   Elapsed: 0.011668s (0m 00s)
     Speed:     ev/sec=1.50849e+07   simsec/sec=83012   ev/simsec=181.72
     Messages:  created: 2   present: 2   in FES: 1

<!> Simulation stopped with endSimulation() -- in module (ScheduledAccessQueue) DectScheduledAccessNetwork.queue (id=2), at t=968.418894668045s, event #175981

Calling finish() at end of Run #547...

Preparing for running configuration MonetecFocusedSmallR, run #548...
Scenario: $r=10, $rho=0.015, $repetition=2
Assigned runID=MonetecFocusedSmallR-548-20260930-07:06:10-58
Setting up network "dect2020scheduledaccess.DectScheduledAccessNetwork"...
Initializing...

Running simulation...
** Event #0   t=0   Elapsed: 1.2e-05s (0m 00s)
     Speed:     ev/sec=0   simsec/sec=0   ev/simsec=0
     Messages:  created: 2   present: 2   in FES: 2
** Event #175528   t=964.334276081494   Elapsed: 0.011736s (0m 00s)
     Speed:     ev/sec=1.49704e+07   simsec/sec=82245.9   ev/simsec=182.02
     Messages:  created: 2   present: 2   in FES: 1

<!> Simulation stopped with endSimulation() -- in module (ScheduledAccessQueue) DectScheduledAccessNetwork.queue (id=2), at t=964.334276081494s, event #175528

Calling finish() at end of Run #548...

Preparing for running configuration MonetecFocusedSmallR, run #549...
Scenario: $r=10, $rho=0.020, $repetition=0
Assigned runID=MonetecFocusedSmallR-549-20260930-07:06:10-58
Setting up network "dect2020scheduledaccess.DectScheduledAccessNetwork"...
Initializing...

Running simulation...
** Event #0   t=0   Elapsed: 3e-06s (0m 00s)
     Speed:     ev/sec=0   simsec/sec=0   ev/simsec=0
     Messages:  created: 2   present: 2   in FES: 2
** Event #148616   t=722.069786024876   Elapsed: 0.010169s (0m 00s)
     Speed:     ev/sec=1.46189e+07   simsec/sec=71027.9   ev/simsec=205.819
     Messages:  created: 2   present: 2   in FES: 1

<!> Simulation stopped with endSimulation() -- in module (ScheduledAccessQueue) DectScheduledAccessNetwork.queue (id=2), at t=722.069786024876s, event #148616

Calling finish() at end of Run #549...

Preparing for running configuration MonetecFocusedSmallR, run #550...
Scenario: $r=10, $rho=0.020, $repetition=1
Assigned runID=MonetecFocusedSmallR-550-20260930-07:06:10-58
Setting up network "dect2020scheduledaccess.DectScheduledAccessNetwork"...
Initializing...

Running simulation...
** Event #0   t=0   Elapsed: 3e-06s (0m 00s)
     Speed:     ev/sec=0   simsec/sec=0   ev/simsec=0
     Messages:  created: 2   present: 2   in FES: 2
** Event #149085   t=726.354075796872   Elapsed: 0.01019s (0m 00s)
     Speed:     ev/sec=1.46334e+07   simsec/sec=71295   ev/simsec=205.251
     Messages:  created: 2   present: 2   in FES: 1

<!> Simulation stopped with endSimulation() -- in module (ScheduledAccessQueue) DectScheduledAccessNetwork.queue (id=2), at t=726.354075796872s, event #149085

Calling finish() at end of Run #550...

Preparing for running configuration MonetecFocusedSmallR, run #551...
Scenario: $r=10, $rho=0.020, $repetition=2
Assigned runID=MonetecFocusedSmallR-551-20260930-07:06:10-58
Setting up network "dect2020scheduledaccess.DectScheduledAccessNetwork"...
Initializing...

Running simulation...
** Event #0   t=0   Elapsed: 2e-06s (0m 00s)
     Speed:     ev/sec=0   simsec/sec=0   ev/simsec=0
     Messages:  created: 2   present: 2   in FES: 2
** Event #148681   t=722.721863725748   Elapsed: 0.010197s (0m 00s)
     Speed:     ev/sec=1.45837e+07   simsec/sec=70889.7   ev/simsec=205.724
     Messages:  created: 2   present: 2   in FES: 1

<!> Simulation stopped with endSimulation() -- in module (ScheduledAccessQueue) DectScheduledAccessNetwork.queue (id=2), at t=722.721863725748s, event #148681

Calling finish() at end of Run #551...

Preparing for running configuration MonetecFocusedSmallR, run #552...
Scenario: $r=10, $rho=0.025, $repetition=0
Assigned runID=MonetecFocusedSmallR-552-20260930-07:06:10-58
Setting up network "dect2020scheduledaccess.DectScheduledAccessNetwork"...
Initializing...

Running simulation...
** Event #0   t=0   Elapsed: 1.1e-05s (0m 00s)
     Speed:     ev/sec=0   simsec/sec=0   ev/simsec=0
     Messages:  created: 2   present: 2   in FES: 2
** Event #132606   t=577.93751210517   Elapsed: 0.009318s (0m 00s)
     Speed:     ev/sec=0   simsec/sec=0   ev/simsec=0
     Messages:  created: 2   present: 2   in FES: 1

<!> Simulation stopped with endSimulation() -- in module (ScheduledAccessQueue) DectScheduledAccessNetwork.queue (id=2), at t=577.93751210517s, event #132606

Calling finish() at end of Run #552...

Preparing for running configuration MonetecFocusedSmallR, run #553...
Scenario: $r=10, $rho=0.025, $repetition=1
Assigned runID=MonetecFocusedSmallR-553-20260930-07:06:10-58
Setting up network "dect2020scheduledaccess.DectScheduledAccessNetwork"...
Initializing...

Running simulation...
** Event #0   t=0   Elapsed: 2e-06s (0m 00s)
     Speed:     ev/sec=0   simsec/sec=0   ev/simsec=0
     Messages:  created: 2   present: 2   in FES: 2
** Event #133061   t=582.112555371772   Elapsed: 0.00955s (0m 00s)
     Speed:     ev/sec=0   simsec/sec=0   ev/simsec=0
     Messages:  created: 2   present: 2   in FES: 1

<!> Simulation stopped with endSimulation() -- in module (ScheduledAccessQueue) DectScheduledAccessNetwork.queue (id=2), at t=582.112555371772s, event #133061

Calling finish() at end of Run #553...

Preparing for running configuration MonetecFocusedSmallR, run #554...
Scenario: $r=10, $rho=0.025, $repetition=2
Assigned runID=MonetecFocusedSmallR-554-20260930-07:06:10-58
Setting up network "dect2020scheduledaccess.DectScheduledAccessNetwork"...
Initializing...

Running simulation...
** Event #0   t=0   Elapsed: 3e-06s (0m 00s)
     Speed:     ev/sec=0   simsec/sec=0   ev/simsec=0
     Messages:  created: 2   present: 2   in FES: 2
** Event #132462   t=576.785565104481   Elapsed: 0.009703s (0m 00s)
     Speed:     ev/sec=0   simsec/sec=0   ev/simsec=0
     Messages:  created: 2   present: 2   in FES: 1

<!> Simulation stopped with endSimulation() -- in module (ScheduledAccessQueue) DectScheduledAccessNetwork.queue (id=2), at t=576.785565104481s, event #132462

Calling finish() at end of Run #554...

Preparing for running configuration MonetecFocusedSmallR, run #555...
Scenario: $r=10, $rho=0.030, $repetition=0
Assigned runID=MonetecFocusedSmallR-555-20260930-07:06:10-58
Setting up network "dect2020scheduledaccess.DectScheduledAccessNetwork"...
Initializing...

Running simulation...
** Event #0   t=0   Elapsed: 2e-06s (0m 00s)
     Speed:     ev/sec=0   simsec/sec=0   ev/simsec=0
     Messages:  created: 2   present: 2   in FES: 2
** Event #121766   t=480.455847002049   Elapsed: 0.008763s (0m 00s)
     Speed:     ev/sec=0   simsec/sec=0   ev/simsec=0
     Messages:  created: 2   present: 2   in FES: 1

<!> Simulation stopped with endSimulation() -- in module (ScheduledAccessQueue) DectScheduledAccessNetwork.queue (id=2), at t=480.455847002049s, event #121766

Calling finish() at end of Run #555...

Preparing for running configuration MonetecFocusedSmallR, run #556...
Scenario: $r=10, $rho=0.030, $repetition=1
Assigned runID=MonetecFocusedSmallR-556-20260930-07:06:10-58
Setting up network "dect2020scheduledaccess.DectScheduledAccessNetwork"...
Initializing...

Running simulation...
** Event #0   t=0   Elapsed: 2e-06s (0m 00s)
     Speed:     ev/sec=0   simsec/sec=0   ev/simsec=0
     Messages:  created: 2   present: 2   in FES: 2
** Event #122359   t=485.774202630039   Elapsed: 0.008918s (0m 00s)
     Speed:     ev/sec=0   simsec/sec=0   ev/simsec=0
     Messages:  created: 2   present: 2   in FES: 1

<!> Simulation stopped with endSimulation() -- in module (ScheduledAccessQueue) DectScheduledAccessNetwork.queue (id=2), at t=485.774202630039s, event #122359

Calling finish() at end of Run #556...

Preparing for running configuration MonetecFocusedSmallR, run #557...
Scenario: $r=10, $rho=0.030, $repetition=2
Assigned runID=MonetecFocusedSmallR-557-20260930-07:06:10-58
Setting up network "dect2020scheduledaccess.DectScheduledAccessNetwork"...
Initializing...

Running simulation...
** Event #0   t=0   Elapsed: 3e-06s (0m 00s)
     Speed:     ev/sec=0   simsec/sec=0   ev/simsec=0
     Messages:  created: 2   present: 2   in FES: 2
** Event #121916   t=481.83621986546   Elapsed: 0.00894s (0m 00s)
     Speed:     ev/sec=0   simsec/sec=0   ev/simsec=0
     Messages:  created: 2   present: 2   in FES: 1

<!> Simulation stopped with endSimulation() -- in module (ScheduledAccessQueue) DectScheduledAccessNetwork.queue (id=2), at t=481.83621986546s, event #121916

Calling finish() at end of Run #557...

Preparing for running configuration MonetecFocusedSmallR, run #558...
Scenario: $r=10, $rho=0.035, $repetition=0
Assigned runID=MonetecFocusedSmallR-558-20260930-07:06:10-58
Setting up network "dect2020scheduledaccess.DectScheduledAccessNetwork"...
Initializing...

Running simulation...
** Event #0   t=0   Elapsed: 1.8e-05s (0m 00s)
     Speed:     ev/sec=0   simsec/sec=0   ev/simsec=0
     Messages:  created: 2   present: 2   in FES: 2
** Event #114282   t=413.014438022316   Elapsed: 0.00844s (0m 00s)
     Speed:     ev/sec=0   simsec/sec=0   ev/simsec=0
     Messages:  created: 2   present: 2   in FES: 1

<!> Simulation stopped with endSimulation() -- in module (ScheduledAccessQueue) DectScheduledAccessNetwork.queue (id=2), at t=413.014438022316s, event #114282

Calling finish() at end of Run #558...

Preparing for running configuration MonetecFocusedSmallR, run #559...
Scenario: $r=10, $rho=0.035, $repetition=1
Assigned runID=MonetecFocusedSmallR-559-20260930-07:06:10-58
Setting up network "dect2020scheduledaccess.DectScheduledAccessNetwork"...
Initializing...

Running simulation...
** Event #0   t=0   Elapsed: 1.6e-05s (0m 00s)
     Speed:     ev/sec=0   simsec/sec=0   ev/simsec=0
     Messages:  created: 2   present: 2   in FES: 2
** Event #114517   t=415.219532711815   Elapsed: 0.008405s (0m 00s)
     Speed:     ev/sec=0   simsec/sec=0   ev/simsec=0
     Messages:  created: 2   present: 2   in FES: 1

<!> Simulation stopped with endSimulation() -- in module (ScheduledAccessQueue) DectScheduledAccessNetwork.queue (id=2), at t=415.219532711815s, event #114517

Calling finish() at end of Run #559...

Preparing for running configuration MonetecFocusedSmallR, run #560...
Scenario: $r=10, $rho=0.035, $repetition=2
Assigned runID=MonetecFocusedSmallR-560-20260930-07:06:10-58
Setting up network "dect2020scheduledaccess.DectScheduledAccessNetwork"...
Initializing...

Running simulation...
** Event #0   t=0   Elapsed: 1.1e-05s (0m 00s)
     Speed:     ev/sec=0   simsec/sec=0   ev/simsec=0
     Messages:  created: 2   present: 2   in FES: 2
** Event #114229   t=412.665104443003   Elapsed: 0.008438s (0m 00s)
     Speed:     ev/sec=0   simsec/sec=0   ev/simsec=0
     Messages:  created: 2   present: 2   in FES: 1

<!> Simulation stopped with endSimulation() -- in module (ScheduledAccessQueue) DectScheduledAccessNetwork.queue (id=2), at t=412.665104443003s, event #114229

Calling finish() at end of Run #560...

Preparing for running configuration MonetecFocusedSmallR, run #561...
Scenario: $r=10, $rho=0.040, $repetition=0
Assigned runID=MonetecFocusedSmallR-561-20260930-07:06:10-58
Setting up network "dect2020scheduledaccess.DectScheduledAccessNetwork"...
Initializing...

Running simulation...
** Event #0   t=0   Elapsed: 2e-06s (0m 00s)
     Speed:     ev/sec=0   simsec/sec=0   ev/simsec=0
     Messages:  created: 2   present: 2   in FES: 2
** Event #108350   t=359.736215941383   Elapsed: 0.008058s (0m 00s)
     Speed:     ev/sec=0   simsec/sec=0   ev/simsec=0
     Messages:  created: 2   present: 2   in FES: 1

<!> Simulation stopped with endSimulation() -- in module (ScheduledAccessQueue) DectScheduledAccessNetwork.queue (id=2), at t=359.736215941383s, event #108350

Calling finish() at end of Run #561...

Preparing for running configuration MonetecFocusedSmallR, run #562...
Scenario: $r=10, $rho=0.040, $repetition=1
Assigned runID=MonetecFocusedSmallR-562-20260930-07:06:10-58
Setting up network "dect2020scheduledaccess.DectScheduledAccessNetwork"...
Initializing...

Running simulation...
** Event #0   t=0   Elapsed: 2.6e-05s (0m 00s)
     Speed:     ev/sec=0   simsec/sec=0   ev/simsec=0
     Messages:  created: 2   present: 2   in FES: 2
** Event #108853   t=364.208016768478   Elapsed: 0.008128s (0m 00s)
     Speed:     ev/sec=0   simsec/sec=0   ev/simsec=0
     Messages:  created: 2   present: 2   in FES: 1

<!> Simulation stopped with endSimulation() -- in module (ScheduledAccessQueue) DectScheduledAccessNetwork.queue (id=2), at t=364.208016768478s, event #108853

Calling finish() at end of Run #562...

Preparing for running configuration MonetecFocusedSmallR, run #563...
Scenario: $r=10, $rho=0.040, $repetition=2
Assigned runID=MonetecFocusedSmallR-563-20260930-07:06:10-58
Setting up network "dect2020scheduledaccess.DectScheduledAccessNetwork"...
Initializing...

Running simulation...
** Event #0   t=0   Elapsed: 3e-06s (0m 00s)
     Speed:     ev/sec=0   simsec/sec=0   ev/simsec=0
     Messages:  created: 2   present: 2   in FES: 2
** Event #108616   t=362.097912083598   Elapsed: 0.008141s (0m 00s)
     Speed:     ev/sec=0   simsec/sec=0   ev/simsec=0
     Messages:  created: 2   present: 2   in FES: 1

<!> Simulation stopped with endSimulation() -- in module (ScheduledAccessQueue) DectScheduledAccessNetwork.queue (id=2), at t=362.097912083598s, event #108616

Calling finish() at end of Run #563...

Preparing for running configuration MonetecFocusedSmallR, run #564...
Scenario: $r=10, $rho=0.045, $repetition=0
Assigned runID=MonetecFocusedSmallR-564-20260930-07:06:10-58
Setting up network "dect2020scheduledaccess.DectScheduledAccessNetwork"...
Initializing...

Running simulation...
** Event #0   t=0   Elapsed: 1.4e-05s (0m 00s)
     Speed:     ev/sec=0   simsec/sec=0   ev/simsec=0
     Messages:  created: 2   present: 2   in FES: 2
** Event #104101   t=321.336691664883   Elapsed: 0.007919s (0m 00s)
     Speed:     ev/sec=0   simsec/sec=0   ev/simsec=0
     Messages:  created: 2   present: 2   in FES: 1

<!> Simulation stopped with endSimulation() -- in module (ScheduledAccessQueue) DectScheduledAccessNetwork.queue (id=2), at t=321.336691664883s, event #104101

Calling finish() at end of Run #564...

Preparing for running configuration MonetecFocusedSmallR, run #565...
Scenario: $r=10, $rho=0.045, $repetition=1
Assigned runID=MonetecFocusedSmallR-565-20260930-07:06:10-58
Setting up network "dect2020scheduledaccess.DectScheduledAccessNetwork"...
Initializing...

Running simulation...
** Event #0   t=0   Elapsed: 3e-06s (0m 00s)
     Speed:     ev/sec=0   simsec/sec=0   ev/simsec=0
     Messages:  created: 2   present: 2   in FES: 2
** Event #104322   t=323.44232736058   Elapsed: 0.007896s (0m 00s)
     Speed:     ev/sec=0   simsec/sec=0   ev/simsec=0
     Messages:  created: 2   present: 2   in FES: 1

<!> Simulation stopped with endSimulation() -- in module (ScheduledAccessQueue) DectScheduledAccessNetwork.queue (id=2), at t=323.44232736058s, event #104322

Calling finish() at end of Run #565...

Preparing for running configuration MonetecFocusedSmallR, run #566...
Scenario: $r=10, $rho=0.045, $repetition=2
Assigned runID=MonetecFocusedSmallR-566-20260930-07:06:10-58
Setting up network "dect2020scheduledaccess.DectScheduledAccessNetwork"...
Initializing...

Running simulation...
** Event #0   t=0   Elapsed: 2e-06s (0m 00s)
     Speed:     ev/sec=0   simsec/sec=0   ev/simsec=0
     Messages:  created: 2   present: 2   in FES: 2
** Event #104219   t=322.496770614054   Elapsed: 0.007832s (0m 00s)
     Speed:     ev/sec=0   simsec/sec=0   ev/simsec=0
     Messages:  created: 2   present: 2   in FES: 1

<!> Simulation stopped with endSimulation() -- in module (ScheduledAccessQueue) DectScheduledAccessNetwork.queue (id=2), at t=322.496770614054s, event #104219

Calling finish() at end of Run #566...

Preparing for running configuration MonetecFocusedSmallR, run #567...
Scenario: $r=10, $rho=0.050, $repetition=0
Assigned runID=MonetecFocusedSmallR-567-20260930-07:06:10-58
Setting up network "dect2020scheduledaccess.DectScheduledAccessNetwork"...
Initializing...

Running simulation...
** Event #0   t=0   Elapsed: 3e-06s (0m 00s)
     Speed:     ev/sec=0   simsec/sec=0   ev/simsec=0
     Messages:  created: 2   present: 2   in FES: 2
** Event #100513   t=289.111265249508   Elapsed: 0.007677s (0m 00s)
     Speed:     ev/sec=0   simsec/sec=0   ev/simsec=0
     Messages:  created: 2   present: 2   in FES: 1

<!> Simulation stopped with endSimulation() -- in module (ScheduledAccessQueue) DectScheduledAccessNetwork.queue (id=2), at t=289.111265249508s, event #100513

Calling finish() at end of Run #567...

Preparing for running configuration MonetecFocusedSmallR, run #568...
Scenario: $r=10, $rho=0.050, $repetition=1
Assigned runID=MonetecFocusedSmallR-568-20260930-07:06:10-58
Setting up network "dect2020scheduledaccess.DectScheduledAccessNetwork"...
Initializing...

Running simulation...
** Event #0   t=0   Elapsed: 2e-06s (0m 00s)
     Speed:     ev/sec=0   simsec/sec=0   ev/simsec=0
     Messages:  created: 2   present: 2   in FES: 2
** Event #100760   t=291.378377676616   Elapsed: 0.007574s (0m 00s)
     Speed:     ev/sec=0   simsec/sec=0   ev/simsec=0
     Messages:  created: 2   present: 2   in FES: 1

<!> Simulation stopped with endSimulation() -- in module (ScheduledAccessQueue) DectScheduledAccessNetwork.queue (id=2), at t=291.378377676616s, event #100760

Calling finish() at end of Run #568...

Preparing for running configuration MonetecFocusedSmallR, run #569...
Scenario: $r=10, $rho=0.050, $repetition=2
Assigned runID=MonetecFocusedSmallR-569-20260930-07:06:10-58
Setting up network "dect2020scheduledaccess.DectScheduledAccessNetwork"...
Initializing...

Running simulation...
** Event #0   t=0   Elapsed: 3e-06s (0m 00s)
     Speed:     ev/sec=0   simsec/sec=0   ev/simsec=0
     Messages:  created: 2   present: 2   in FES: 2
** Event #100696   t=290.756289435313   Elapsed: 0.007606s (0m 00s)
     Speed:     ev/sec=0   simsec/sec=0   ev/simsec=0
     Messages:  created: 2   present: 2   in FES: 1

<!> Simulation stopped with endSimulation() -- in module (ScheduledAccessQueue) DectScheduledAccessNetwork.queue (id=2), at t=290.756289435313s, event #100696

Calling finish() at end of Run #569...

Preparing for running configuration MonetecFocusedSmallR, run #570...
Scenario: $r=10, $rho=0.055, $repetition=0
Assigned runID=MonetecFocusedSmallR-570-20260930-07:06:10-58
Setting up network "dect2020scheduledaccess.DectScheduledAccessNetwork"...
Initializing...

Running simulation...
** Event #0   t=0   Elapsed: 3e-06s (0m 00s)
     Speed:     ev/sec=0   simsec/sec=0   ev/simsec=0
     Messages:  created: 2   present: 2   in FES: 2
** Event #97673   t=263.44649466386   Elapsed: 0.007569s (0m 00s)
     Speed:     ev/sec=0   simsec/sec=0   ev/simsec=0
     Messages:  created: 2   present: 2   in FES: 1

<!> Simulation stopped with endSimulation() -- in module (ScheduledAccessQueue) DectScheduledAccessNetwork.queue (id=2), at t=263.44649466386s, event #97673

Calling finish() at end of Run #570...

Preparing for running configuration MonetecFocusedSmallR, run #571...
Scenario: $r=10, $rho=0.055, $repetition=1
Assigned runID=MonetecFocusedSmallR-571-20260930-07:06:10-58
Setting up network "dect2020scheduledaccess.DectScheduledAccessNetwork"...
Initializing...

Running simulation...
** Event #0   t=0   Elapsed: 1.3e-05s (0m 00s)
     Speed:     ev/sec=0   simsec/sec=0   ev/simsec=0
     Messages:  created: 2   present: 2   in FES: 2
** Event #97766   t=264.34883810511   Elapsed: 0.007521s (0m 00s)
     Speed:     ev/sec=0   simsec/sec=0   ev/simsec=0
     Messages:  created: 2   present: 2   in FES: 1

<!> Simulation stopped with endSimulation() -- in module (ScheduledAccessQueue) DectScheduledAccessNetwork.queue (id=2), at t=264.34883810511s, event #97766

Calling finish() at end of Run #571...

Preparing for running configuration MonetecFocusedSmallR, run #572...
Scenario: $r=10, $rho=0.055, $repetition=2
Assigned runID=MonetecFocusedSmallR-572-20260930-07:06:10-58
Setting up network "dect2020scheduledaccess.DectScheduledAccessNetwork"...
Initializing...

Running simulation...
** Event #0   t=0   Elapsed: 1.4e-05s (0m 00s)
     Speed:     ev/sec=0   simsec/sec=0   ev/simsec=0
     Messages:  created: 2   present: 2   in FES: 2
** Event #97633   t=263.232664794683   Elapsed: 0.007476s (0m 00s)
     Speed:     ev/sec=0   simsec/sec=0   ev/simsec=0
     Messages:  created: 2   present: 2   in FES: 1

<!> Simulation stopped with endSimulation() -- in module (ScheduledAccessQueue) DectScheduledAccessNetwork.queue (id=2), at t=263.232664794683s, event #97633

Calling finish() at end of Run #572...

Preparing for running configuration MonetecFocusedSmallR, run #573...
Scenario: $r=10, $rho=0.060, $repetition=0
Assigned runID=MonetecFocusedSmallR-573-20260930-07:06:10-58
Setting up network "dect2020scheduledaccess.DectScheduledAccessNetwork"...
Initializing...

Running simulation...
** Event #0   t=0   Elapsed: 1e-05s (0m 00s)
     Speed:     ev/sec=0   simsec/sec=0   ev/simsec=0
     Messages:  created: 2   present: 2   in FES: 2
** Event #95276   t=241.69159134815   Elapsed: 0.007319s (0m 00s)
     Speed:     ev/sec=0   simsec/sec=0   ev/simsec=0
     Messages:  created: 2   present: 2   in FES: 1

<!> Simulation stopped with endSimulation() -- in module (ScheduledAccessQueue) DectScheduledAccessNetwork.queue (id=2), at t=241.69159134815s, event #95276

Calling finish() at end of Run #573...

Preparing for running configuration MonetecFocusedSmallR, run #574...
Scenario: $r=10, $rho=0.060, $repetition=1
Assigned runID=MonetecFocusedSmallR-574-20260930-07:06:10-58
Setting up network "dect2020scheduledaccess.DectScheduledAccessNetwork"...
Initializing...

Running simulation...
** Event #0   t=0   Elapsed: 2e-06s (0m 00s)
     Speed:     ev/sec=0   simsec/sec=0   ev/simsec=0
     Messages:  created: 2   present: 2   in FES: 2
** Event #95404   t=242.957315402417   Elapsed: 0.007294s (0m 00s)
     Speed:     ev/sec=0   simsec/sec=0   ev/simsec=0
     Messages:  created: 2   present: 2   in FES: 1

<!> Simulation stopped with endSimulation() -- in module (ScheduledAccessQueue) DectScheduledAccessNetwork.queue (id=2), at t=242.957315402417s, event #95404

Calling finish() at end of Run #574...

Preparing for running configuration MonetecFocusedSmallR, run #575...
Scenario: $r=10, $rho=0.060, $repetition=2
Assigned runID=MonetecFocusedSmallR-575-20260930-07:06:10-58
Setting up network "dect2020scheduledaccess.DectScheduledAccessNetwork"...
Initializing...

Running simulation...
** Event #0   t=0   Elapsed: 3e-06s (0m 00s)
     Speed:     ev/sec=0   simsec/sec=0   ev/simsec=0
     Messages:  created: 2   present: 2   in FES: 2
** Event #95321   t=242.101546793629   Elapsed: 0.007256s (0m 00s)
     Speed:     ev/sec=0   simsec/sec=0   ev/simsec=0
     Messages:  created: 2   present: 2   in FES: 1

<!> Simulation stopped with endSimulation() -- in module (ScheduledAccessQueue) DectScheduledAccessNetwork.queue (id=2), at t=242.101546793629s, event #95321

Calling finish() at end of Run #575...

Preparing for running configuration MonetecFocusedSmallR, run #576...
Scenario: $r=10, $rho=0.065, $repetition=0
Assigned runID=MonetecFocusedSmallR-576-20260930-07:06:10-58
Setting up network "dect2020scheduledaccess.DectScheduledAccessNetwork"...
Initializing...

Running simulation...
** Event #0   t=0   Elapsed: 1.7e-05s (0m 00s)
     Speed:     ev/sec=0   simsec/sec=0   ev/simsec=0
     Messages:  created: 2   present: 2   in FES: 2
** Event #93318   t=223.525159291081   Elapsed: 0.00727s (0m 00s)
     Speed:     ev/sec=0   simsec/sec=0   ev/simsec=0
     Messages:  created: 2   present: 2   in FES: 1

<!> Simulation stopped with endSimulation() -- in module (ScheduledAccessQueue) DectScheduledAccessNetwork.queue (id=2), at t=223.525159291081s, event #93318

Calling finish() at end of Run #576...

Preparing for running configuration MonetecFocusedSmallR, run #577...
Scenario: $r=10, $rho=0.065, $repetition=1
Assigned runID=MonetecFocusedSmallR-577-20260930-07:06:10-58
Setting up network "dect2020scheduledaccess.DectScheduledAccessNetwork"...
Initializing...

Running simulation...
** Event #0   t=0   Elapsed: 1.4e-05s (0m 00s)
     Speed:     ev/sec=0   simsec/sec=0   ev/simsec=0
     Messages:  created: 2   present: 2   in FES: 2
** Event #93381   t=224.311418018559   Elapsed: 0.007349s (0m 00s)
     Speed:     ev/sec=0   simsec/sec=0   ev/simsec=0
     Messages:  created: 2   present: 2   in FES: 1

<!> Simulation stopped with endSimulation() -- in module (ScheduledAccessQueue) DectScheduledAccessNetwork.queue (id=2), at t=224.311418018559s, event #93381

Calling finish() at end of Run #577...

Preparing for running configuration MonetecFocusedSmallR, run #578...
Scenario: $r=10, $rho=0.065, $repetition=2
Assigned runID=MonetecFocusedSmallR-578-20260930-07:06:10-58
Setting up network "dect2020scheduledaccess.DectScheduledAccessNetwork"...
Initializing...

Running simulation...
** Event #0   t=0   Elapsed: 1.7e-05s (0m 00s)
     Speed:     ev/sec=0   simsec/sec=0   ev/simsec=0
     Messages:  created: 2   present: 2   in FES: 2
** Event #93213   t=222.766049075217   Elapsed: 0.007245s (0m 00s)
     Speed:     ev/sec=0   simsec/sec=0   ev/simsec=0
     Messages:  created: 2   present: 2   in FES: 1

<!> Simulation stopped with endSimulation() -- in module (ScheduledAccessQueue) DectScheduledAccessNetwork.queue (id=2), at t=222.766049075217s, event #93213

Calling finish() at end of Run #578...

Preparing for running configuration MonetecFocusedSmallR, run #579...
Scenario: $r=10, $rho=0.070, $repetition=0
Assigned runID=MonetecFocusedSmallR-579-20260930-07:06:10-58
Setting up network "dect2020scheduledaccess.DectScheduledAccessNetwork"...
Initializing...

Running simulation...
** Event #0   t=0   Elapsed: 1.2e-05s (0m 00s)
     Speed:     ev/sec=0   simsec/sec=0   ev/simsec=0
     Messages:  created: 2   present: 2   in FES: 2
** Event #91841   t=208.791782711558   Elapsed: 0.007103s (0m 00s)
     Speed:     ev/sec=0   simsec/sec=0   ev/simsec=0
     Messages:  created: 2   present: 2   in FES: 1

<!> Simulation stopped with endSimulation() -- in module (ScheduledAccessQueue) DectScheduledAccessNetwork.queue (id=2), at t=208.791782711558s, event #91841

Calling finish() at end of Run #579...

Preparing for running configuration MonetecFocusedSmallR, run #580...
Scenario: $r=10, $rho=0.070, $repetition=1
Assigned runID=MonetecFocusedSmallR-580-20260930-07:06:10-58
Setting up network "dect2020scheduledaccess.DectScheduledAccessNetwork"...
Initializing...

Running simulation...
** Event #0   t=0   Elapsed: 1.8e-05s (0m 00s)
     Speed:     ev/sec=0   simsec/sec=0   ev/simsec=0
     Messages:  created: 2   present: 2   in FES: 2
** Event #91740   t=208.198597301562   Elapsed: 0.007143s (0m 00s)
     Speed:     ev/sec=0   simsec/sec=0   ev/simsec=0
     Messages:  created: 2   present: 2   in FES: 1

<!> Simulation stopped with endSimulation() -- in module (ScheduledAccessQueue) DectScheduledAccessNetwork.queue (id=2), at t=208.198597301562s, event #91740

Calling finish() at end of Run #580...

Preparing for running configuration MonetecFocusedSmallR, run #581...
Scenario: $r=10, $rho=0.070, $repetition=2
Assigned runID=MonetecFocusedSmallR-581-20260930-07:06:10-58
Setting up network "dect2020scheduledaccess.DectScheduledAccessNetwork"...
Initializing...

Running simulation...
** Event #0   t=0   Elapsed: 5e-06s (0m 00s)
     Speed:     ev/sec=0   simsec/sec=0   ev/simsec=0
     Messages:  created: 2   present: 2   in FES: 2
** Event #91845   t=209.454331208629   Elapsed: 0.007024s (0m 00s)
     Speed:     ev/sec=0   simsec/sec=0   ev/simsec=0
     Messages:  created: 2   present: 2   in FES: 1

<!> Simulation stopped with endSimulation() -- in module (ScheduledAccessQueue) DectScheduledAccessNetwork.queue (id=2), at t=209.454331208629s, event #91845

Calling finish() at end of Run #581...

Preparing for running configuration MonetecFocusedSmallR, run #582...
Scenario: $r=10, $rho=0.075, $repetition=0
Assigned runID=MonetecFocusedSmallR-582-20260930-07:06:10-58
Setting up network "dect2020scheduledaccess.DectScheduledAccessNetwork"...
Initializing...

Running simulation...
** Event #0   t=0   Elapsed: 1.3e-05s (0m 00s)
     Speed:     ev/sec=0   simsec/sec=0   ev/simsec=0
     Messages:  created: 2   present: 2   in FES: 2
** Event #90707   t=196.317617054059   Elapsed: 0.007175s (0m 00s)
     Speed:     ev/sec=0   simsec/sec=0   ev/simsec=0
     Messages:  created: 2   present: 2   in FES: 1

<!> Simulation stopped with endSimulation() -- in module (ScheduledAccessQueue) DectScheduledAccessNetwork.queue (id=2), at t=196.317617054059s, event #90707

Calling finish() at end of Run #582...

Preparing for running configuration MonetecFocusedSmallR, run #583...
Scenario: $r=10, $rho=0.075, $repetition=1
Assigned runID=MonetecFocusedSmallR-583-20260930-07:06:10-58
Setting up network "dect2020scheduledaccess.DectScheduledAccessNetwork"...
Initializing...

Running simulation...
** Event #0   t=0   Elapsed: 2.6e-05s (0m 00s)
     Speed:     ev/sec=0   simsec/sec=0   ev/simsec=0
     Messages:  created: 2   present: 2   in FES: 2
** Event #90904   t=197.338330129728   Elapsed: 0.007126s (0m 00s)
     Speed:     ev/sec=0   simsec/sec=0   ev/simsec=0
     Messages:  created: 2   present: 2   in FES: 1

<!> Simulation stopped with endSimulation() -- in module (ScheduledAccessQueue) DectScheduledAccessNetwork.queue (id=2), at t=197.338330129728s, event #90904

Calling finish() at end of Run #583...

Preparing for running configuration MonetecFocusedSmallR, run #584...
Scenario: $r=10, $rho=0.075, $repetition=2
Assigned runID=MonetecFocusedSmallR-584-20260930-07:06:10-58
Setting up network "dect2020scheduledaccess.DectScheduledAccessNetwork"...
Initializing...

Running simulation...
** Event #0   t=0   Elapsed: 1.1e-05s (0m 00s)
     Speed:     ev/sec=0   simsec/sec=0   ev/simsec=0
     Messages:  created: 2   present: 2   in FES: 2
** Event #90747   t=196.339848015099   Elapsed: 0.007089s (0m 00s)
     Speed:     ev/sec=0   simsec/sec=0   ev/simsec=0
     Messages:  created: 2   present: 2   in FES: 1

<!> Simulation stopped with endSimulation() -- in module (ScheduledAccessQueue) DectScheduledAccessNetwork.queue (id=2), at t=196.339848015099s, event #90747

Calling finish() at end of Run #584...

Preparing for running configuration MonetecFocusedSmallR, run #585...
Scenario: $r=10, $rho=0.080, $repetition=0
Assigned runID=MonetecFocusedSmallR-585-20260930-07:06:10-58
Setting up network "dect2020scheduledaccess.DectScheduledAccessNetwork"...
Initializing...

Running simulation...
** Event #0   t=0   Elapsed: 2e-06s (0m 00s)
     Speed:     ev/sec=0   simsec/sec=0   ev/simsec=0
     Messages:  created: 2   present: 2   in FES: 2
** Event #90295   t=186.428376743511   Elapsed: 0.007022s (0m 00s)
     Speed:     ev/sec=0   simsec/sec=0   ev/simsec=0
     Messages:  created: 2   present: 2   in FES: 1

<!> Simulation stopped with endSimulation() -- in module (ScheduledAccessQueue) DectScheduledAccessNetwork.queue (id=2), at t=186.428376743511s, event #90295

Calling finish() at end of Run #585...

Preparing for running configuration MonetecFocusedSmallR, run #586...
Scenario: $r=10, $rho=0.080, $repetition=1
Assigned runID=MonetecFocusedSmallR-586-20260930-07:06:10-58
Setting up network "dect2020scheduledaccess.DectScheduledAccessNetwork"...
Initializing...

Running simulation...
** Event #0   t=0   Elapsed: 2.8e-05s (0m 00s)
     Speed:     ev/sec=0   simsec/sec=0   ev/simsec=0
     Messages:  created: 2   present: 2   in FES: 2
** Event #90200   t=186.390394911776   Elapsed: 0.007025s (0m 00s)
     Speed:     ev/sec=0   simsec/sec=0   ev/simsec=0
     Messages:  created: 2   present: 2   in FES: 1

<!> Simulation stopped with endSimulation() -- in module (ScheduledAccessQueue) DectScheduledAccessNetwork.queue (id=2), at t=186.390394911776s, event #90200

Calling finish() at end of Run #586...

Preparing for running configuration MonetecFocusedSmallR, run #587...
Scenario: $r=10, $rho=0.080, $repetition=2
Assigned runID=MonetecFocusedSmallR-587-20260930-07:06:10-58
Setting up network "dect2020scheduledaccess.DectScheduledAccessNetwork"...
Initializing...

Running simulation...
** Event #0   t=0   Elapsed: 1.9e-05s (0m 00s)
     Speed:     ev/sec=0   simsec/sec=0   ev/simsec=0
     Messages:  created: 2   present: 2   in FES: 2
** Event #90465   t=187.20431676134   Elapsed: 0.007103s (0m 00s)
     Speed:     ev/sec=0   simsec/sec=0   ev/simsec=0
     Messages:  created: 2   present: 2   in FES: 1

<!> Simulation stopped with endSimulation() -- in module (ScheduledAccessQueue) DectScheduledAccessNetwork.queue (id=2), at t=187.20431676134s, event #90465

Calling finish() at end of Run #587...

Preparing for running configuration MonetecFocusedSmallR, run #588...
Scenario: $r=10, $rho=0.085, $repetition=0
Assigned runID=MonetecFocusedSmallR-588-20260930-07:06:10-58
Setting up network "dect2020scheduledaccess.DectScheduledAccessNetwork"...
Initializing...

Running simulation...
** Event #0   t=0   Elapsed: 1.5e-05s (0m 00s)
     Speed:     ev/sec=0   simsec/sec=0   ev/simsec=0
     Messages:  created: 2   present: 2   in FES: 2
** Event #90462   t=180.021575334473   Elapsed: 0.007096s (0m 00s)
     Speed:     ev/sec=0   simsec/sec=0   ev/simsec=0
     Messages:  created: 2   present: 2   in FES: 1

<!> Simulation stopped with endSimulation() -- in module (ScheduledAccessQueue) DectScheduledAccessNetwork.queue (id=2), at t=180.021575334473s, event #90462

Calling finish() at end of Run #588...

Preparing for running configuration MonetecFocusedSmallR, run #589...
Scenario: $r=10, $rho=0.085, $repetition=1
Assigned runID=MonetecFocusedSmallR-589-20260930-07:06:10-58
Setting up network "dect2020scheduledaccess.DectScheduledAccessNetwork"...
Initializing...

Running simulation...
** Event #0   t=0   Elapsed: 1.5e-05s (0m 00s)
     Speed:     ev/sec=0   simsec/sec=0   ev/simsec=0
     Messages:  created: 2   present: 2   in FES: 2
** Event #90448   t=180.809446084518   Elapsed: 0.007105s (0m 00s)
     Speed:     ev/sec=0   simsec/sec=0   ev/simsec=0
     Messages:  created: 2   present: 2   in FES: 1

<!> Simulation stopped with endSimulation() -- in module (ScheduledAccessQueue) DectScheduledAccessNetwork.queue (id=2), at t=180.809446084518s, event #90448

Calling finish() at end of Run #589...

Preparing for running configuration MonetecFocusedSmallR, run #590...
Scenario: $r=10, $rho=0.085, $repetition=2
Assigned runID=MonetecFocusedSmallR-590-20260930-07:06:10-58
Setting up network "dect2020scheduledaccess.DectScheduledAccessNetwork"...
Initializing...

Running simulation...
** Event #0   t=0   Elapsed: 1.6e-05s (0m 00s)
     Speed:     ev/sec=0   simsec/sec=0   ev/simsec=0
     Messages:  created: 2   present: 2   in FES: 2
** Event #90643   t=181.43776466838   Elapsed: 0.007033s (0m 00s)
     Speed:     ev/sec=0   simsec/sec=0   ev/simsec=0
     Messages:  created: 2   present: 2   in FES: 1

<!> Simulation stopped with endSimulation() -- in module (ScheduledAccessQueue) DectScheduledAccessNetwork.queue (id=2), at t=181.43776466838s, event #90643

Calling finish() at end of Run #590...

Preparing for running configuration MonetecFocusedSmallR, run #591...
Scenario: $r=10, $rho=0.090, $repetition=0
Assigned runID=MonetecFocusedSmallR-591-20260930-07:06:10-58
Setting up network "dect2020scheduledaccess.DectScheduledAccessNetwork"...
Initializing...

Running simulation...
** Event #0   t=0   Elapsed: 1.9e-05s (0m 00s)
     Speed:     ev/sec=0   simsec/sec=0   ev/simsec=0
     Messages:  created: 2   present: 2   in FES: 2
** Event #91214   t=176.497992902869   Elapsed: 0.007104s (0m 00s)
     Speed:     ev/sec=0   simsec/sec=0   ev/simsec=0
     Messages:  created: 2   present: 2   in FES: 1

<!> Simulation stopped with endSimulation() -- in module (ScheduledAccessQueue) DectScheduledAccessNetwork.queue (id=2), at t=176.497992902869s, event #91214

Calling finish() at end of Run #591...

Preparing for running configuration MonetecFocusedSmallR, run #592...
Scenario: $r=10, $rho=0.090, $repetition=1
Assigned runID=MonetecFocusedSmallR-592-20260930-07:06:10-58
Setting up network "dect2020scheduledaccess.DectScheduledAccessNetwork"...
Initializing...

Running simulation...
** Event #0   t=0   Elapsed: 4e-06s (0m 00s)
     Speed:     ev/sec=0   simsec/sec=0   ev/simsec=0
     Messages:  created: 2   present: 2   in FES: 2
** Event #91143   t=176.505330835883   Elapsed: 0.007258s (0m 00s)
     Speed:     ev/sec=0   simsec/sec=0   ev/simsec=0
     Messages:  created: 2   present: 2   in FES: 1

<!> Simulation stopped with endSimulation() -- in module (ScheduledAccessQueue) DectScheduledAccessNetwork.queue (id=2), at t=176.505330835883s, event #91143

Calling finish() at end of Run #592...

Preparing for running configuration MonetecFocusedSmallR, run #593...
Scenario: $r=10, $rho=0.090, $repetition=2
Assigned runID=MonetecFocusedSmallR-593-20260930-07:06:10-58
Setting up network "dect2020scheduledaccess.DectScheduledAccessNetwork"...
Initializing...

Running simulation...
** Event #0   t=0   Elapsed: 1.6e-05s (0m 00s)
     Speed:     ev/sec=0   simsec/sec=0   ev/simsec=0
     Messages:  created: 2   present: 2   in FES: 2
** Event #91239   t=177.081414800953   Elapsed: 0.007413s (0m 00s)
     Speed:     ev/sec=0   simsec/sec=0   ev/simsec=0
     Messages:  created: 2   present: 2   in FES: 1

<!> Simulation stopped with endSimulation() -- in module (ScheduledAccessQueue) DectScheduledAccessNetwork.queue (id=2), at t=177.081414800953s, event #91239

Calling finish() at end of Run #593...

Preparing for running configuration MonetecFocusedSmallR, run #594...
Scenario: $r=10, $rho=0.095, $repetition=0
Assigned runID=MonetecFocusedSmallR-594-20260930-07:06:10-58
Setting up network "dect2020scheduledaccess.DectScheduledAccessNetwork"...
Initializing...

Running simulation...
** Event #0   t=0   Elapsed: 1.7e-05s (0m 00s)
     Speed:     ev/sec=0   simsec/sec=0   ev/simsec=0
     Messages:  created: 2   present: 2   in FES: 2
** Event #92781   t=174.352903096663   Elapsed: 0.007313s (0m 00s)
     Speed:     ev/sec=0   simsec/sec=0   ev/simsec=0
     Messages:  created: 2   present: 2   in FES: 1

<!> Simulation stopped with endSimulation() -- in module (ScheduledAccessQueue) DectScheduledAccessNetwork.queue (id=2), at t=174.352903096663s, event #92781

Calling finish() at end of Run #594...

Preparing for running configuration MonetecFocusedSmallR, run #595...
Scenario: $r=10, $rho=0.095, $repetition=1
Assigned runID=MonetecFocusedSmallR-595-20260930-07:06:10-58
Setting up network "dect2020scheduledaccess.DectScheduledAccessNetwork"...
Initializing...

Running simulation...
** Event #0   t=0   Elapsed: 1.3e-05s (0m 00s)
     Speed:     ev/sec=0   simsec/sec=0   ev/simsec=0
     Messages:  created: 2   present: 2   in FES: 2
** Event #92508   t=174.29113763887   Elapsed: 0.007175s (0m 00s)
     Speed:     ev/sec=0   simsec/sec=0   ev/simsec=0
     Messages:  created: 2   present: 2   in FES: 1

<!> Simulation stopped with endSimulation() -- in module (ScheduledAccessQueue) DectScheduledAccessNetwork.queue (id=2), at t=174.29113763887s, event #92508

Calling finish() at end of Run #595...

Preparing for running configuration MonetecFocusedSmallR, run #596...
Scenario: $r=10, $rho=0.095, $repetition=2
Assigned runID=MonetecFocusedSmallR-596-20260930-07:06:10-58
Setting up network "dect2020scheduledaccess.DectScheduledAccessNetwork"...
Initializing...

Running simulation...
** Event #0   t=0   Elapsed: 1.4e-05s (0m 00s)
     Speed:     ev/sec=0   simsec/sec=0   ev/simsec=0
     Messages:  created: 2   present: 2   in FES: 2
** Event #92646   t=174.664336572108   Elapsed: 0.007233s (0m 00s)
     Speed:     ev/sec=0   simsec/sec=0   ev/simsec=0
     Messages:  created: 2   present: 2   in FES: 1

<!> Simulation stopped with endSimulation() -- in module (ScheduledAccessQueue) DectScheduledAccessNetwork.queue (id=2), at t=174.664336572108s, event #92646

Calling finish() at end of Run #596...

Preparing for running configuration MonetecFocusedSmallR, run #597...
Scenario: $r=10, $rho=0.100, $repetition=0
Assigned runID=MonetecFocusedSmallR-597-20260930-07:06:10-58
Setting up network "dect2020scheduledaccess.DectScheduledAccessNetwork"...
Initializing...

Running simulation...
** Event #0   t=0   Elapsed: 1.2e-05s (0m 00s)
     Speed:     ev/sec=0   simsec/sec=0   ev/simsec=0
     Messages:  created: 2   present: 2   in FES: 2
** Event #94158   t=173.037082037943   Elapsed: 0.007351s (0m 00s)
     Speed:     ev/sec=0   simsec/sec=0   ev/simsec=0
     Messages:  created: 2   present: 2   in FES: 1

<!> Simulation stopped with endSimulation() -- in module (ScheduledAccessQueue) DectScheduledAccessNetwork.queue (id=2), at t=173.037082037943s, event #94158

Calling finish() at end of Run #597...

Preparing for running configuration MonetecFocusedSmallR, run #598...
Scenario: $r=10, $rho=0.100, $repetition=1
Assigned runID=MonetecFocusedSmallR-598-20260930-07:06:10-58
Setting up network "dect2020scheduledaccess.DectScheduledAccessNetwork"...
Initializing...

Running simulation...
** Event #0   t=0   Elapsed: 2e-06s (0m 00s)
     Speed:     ev/sec=0   simsec/sec=0   ev/simsec=0
     Messages:  created: 2   present: 2   in FES: 2
** Event #94376   t=173.242343989754   Elapsed: 0.00741s (0m 00s)
     Speed:     ev/sec=0   simsec/sec=0   ev/simsec=0
     Messages:  created: 2   present: 2   in FES: 1

<!> Simulation stopped with endSimulation() -- in module (ScheduledAccessQueue) DectScheduledAccessNetwork.queue (id=2), at t=173.242343989754s, event #94376

Calling finish() at end of Run #598...

Preparing for running configuration MonetecFocusedSmallR, run #599...
Scenario: $r=10, $rho=0.100, $repetition=2
Assigned runID=MonetecFocusedSmallR-599-20260930-07:06:10-58
Setting up network "dect2020scheduledaccess.DectScheduledAccessNetwork"...
Initializing...

Running simulation...
** Event #0   t=0   Elapsed: 2e-06s (0m 00s)
     Speed:     ev/sec=0   simsec/sec=0   ev/simsec=0
     Messages:  created: 2   present: 2   in FES: 2
** Event #94098   t=173.363280180566   Elapsed: 0.007396s (0m 00s)
     Speed:     ev/sec=0   simsec/sec=0   ev/simsec=0
     Messages:  created: 2   present: 2   in FES: 1

<!> Simulation stopped with endSimulation() -- in module (ScheduledAccessQueue) DectScheduledAccessNetwork.queue (id=2), at t=173.363280180566s, event #94098

Calling finish() at end of Run #599...

Preparing for running configuration MonetecFocusedSmallR, run #600...
Scenario: $r=10, $rho=0.105, $repetition=0
Assigned runID=MonetecFocusedSmallR-600-20260930-07:06:10-58
Setting up network "dect2020scheduledaccess.DectScheduledAccessNetwork"...
Initializing...

Running simulation...
** Event #0   t=0   Elapsed: 5e-06s (0m 00s)
     Speed:     ev/sec=0   simsec/sec=0   ev/simsec=0
     Messages:  created: 2   present: 2   in FES: 2
** Event #96035   t=172.303559932899   Elapsed: 0.007458s (0m 00s)
     Speed:     ev/sec=0   simsec/sec=0   ev/simsec=0
     Messages:  created: 2   present: 2   in FES: 1

<!> Simulation stopped with endSimulation() -- in module (ScheduledAccessQueue) DectScheduledAccessNetwork.queue (id=2), at t=172.303559932899s, event #96035

Calling finish() at end of Run #600...

Preparing for running configuration MonetecFocusedSmallR, run #601...
Scenario: $r=10, $rho=0.105, $repetition=1
Assigned runID=MonetecFocusedSmallR-601-20260930-07:06:10-58
Setting up network "dect2020scheduledaccess.DectScheduledAccessNetwork"...
Initializing...

Running simulation...
** Event #0   t=0   Elapsed: 2e-05s (0m 00s)
     Speed:     ev/sec=0   simsec/sec=0   ev/simsec=0
     Messages:  created: 2   present: 2   in FES: 2
** Event #96271   t=172.556867948101   Elapsed: 0.007685s (0m 00s)
     Speed:     ev/sec=0   simsec/sec=0   ev/simsec=0
     Messages:  created: 2   present: 2   in FES: 1

<!> Simulation stopped with endSimulation() -- in module (ScheduledAccessQueue) DectScheduledAccessNetwork.queue (id=2), at t=172.556867948101s, event #96271

Calling finish() at end of Run #601...

Preparing for running configuration MonetecFocusedSmallR, run #602...
Scenario: $r=10, $rho=0.105, $repetition=2
Assigned runID=MonetecFocusedSmallR-602-20260930-07:06:10-58
Setting up network "dect2020scheduledaccess.DectScheduledAccessNetwork"...
Initializing...

Running simulation...
** Event #0   t=0   Elapsed: 2e-06s (0m 00s)
     Speed:     ev/sec=0   simsec/sec=0   ev/simsec=0
     Messages:  created: 2   present: 2   in FES: 2
** Event #95994   t=172.687916542017   Elapsed: 0.007632s (0m 00s)
     Speed:     ev/sec=0   simsec/sec=0   ev/simsec=0
     Messages:  created: 2   present: 2   in FES: 1

<!> Simulation stopped with endSimulation() -- in module (ScheduledAccessQueue) DectScheduledAccessNetwork.queue (id=2), at t=172.687916542017s, event #95994

Calling finish() at end of Run #602...

Preparing for running configuration MonetecFocusedSmallR, run #603...
Scenario: $r=10, $rho=0.110, $repetition=0
Assigned runID=MonetecFocusedSmallR-603-20260930-07:06:10-58
Setting up network "dect2020scheduledaccess.DectScheduledAccessNetwork"...
Initializing...

Running simulation...
** Event #0   t=0   Elapsed: 9e-06s (0m 00s)
     Speed:     ev/sec=0   simsec/sec=0   ev/simsec=0
     Messages:  created: 2   present: 2   in FES: 2
** Event #97963   t=172.102024244707   Elapsed: 0.007689s (0m 00s)
     Speed:     ev/sec=0   simsec/sec=0   ev/simsec=0
     Messages:  created: 2   present: 2   in FES: 1

<!> Simulation stopped with endSimulation() -- in module (ScheduledAccessQueue) DectScheduledAccessNetwork.queue (id=2), at t=172.102024244707s, event #97963

Calling finish() at end of Run #603...

Preparing for running configuration MonetecFocusedSmallR, run #604...
Scenario: $r=10, $rho=0.110, $repetition=1
Assigned runID=MonetecFocusedSmallR-604-20260930-07:06:10-58
Setting up network "dect2020scheduledaccess.DectScheduledAccessNetwork"...
Initializing...

Running simulation...
** Event #0   t=0   Elapsed: 1.6e-05s (0m 00s)
     Speed:     ev/sec=0   simsec/sec=0   ev/simsec=0
     Messages:  created: 2   present: 2   in FES: 2
** Event #98051   t=172.339803827762   Elapsed: 0.007691s (0m 00s)
     Speed:     ev/sec=0   simsec/sec=0   ev/simsec=0
     Messages:  created: 2   present: 2   in FES: 1

<!> Simulation stopped with endSimulation() -- in module (ScheduledAccessQueue) DectScheduledAccessNetwork.queue (id=2), at t=172.339803827762s, event #98051

Calling finish() at end of Run #604...

Preparing for running configuration MonetecFocusedSmallR, run #605...
Scenario: $r=10, $rho=0.110, $repetition=2
Assigned runID=MonetecFocusedSmallR-605-20260930-07:06:10-58
Setting up network "dect2020scheduledaccess.DectScheduledAccessNetwork"...
Initializing...

Running simulation...
** Event #0   t=0   Elapsed: 1.1e-05s (0m 00s)
     Speed:     ev/sec=0   simsec/sec=0   ev/simsec=0
     Messages:  created: 2   present: 2   in FES: 2
** Event #98090   t=172.379222804611   Elapsed: 0.007663s (0m 00s)
     Speed:     ev/sec=0   simsec/sec=0   ev/simsec=0
     Messages:  created: 2   present: 2   in FES: 1

<!> Simulation stopped with endSimulation() -- in module (ScheduledAccessQueue) DectScheduledAccessNetwork.queue (id=2), at t=172.379222804611s, event #98090

Calling finish() at end of Run #605...

Preparing for running configuration MonetecFocusedSmallR, run #606...
Scenario: $r=10, $rho=0.115, $repetition=0
Assigned runID=MonetecFocusedSmallR-606-20260930-07:06:10-58
Setting up network "dect2020scheduledaccess.DectScheduledAccessNetwork"...
Initializing...

Running simulation...
** Event #0   t=0   Elapsed: 1.4e-05s (0m 00s)
     Speed:     ev/sec=0   simsec/sec=0   ev/simsec=0
     Messages:  created: 2   present: 2   in FES: 2
** Event #100018   t=171.988613208142   Elapsed: 0.007801s (0m 00s)
     Speed:     ev/sec=0   simsec/sec=0   ev/simsec=0
     Messages:  created: 2   present: 2   in FES: 1

<!> Simulation stopped with endSimulation() -- in module (ScheduledAccessQueue) DectScheduledAccessNetwork.queue (id=2), at t=171.988613208142s, event #100018

Calling finish() at end of Run #606...

Preparing for running configuration MonetecFocusedSmallR, run #607...
Scenario: $r=10, $rho=0.115, $repetition=1
Assigned runID=MonetecFocusedSmallR-607-20260930-07:06:10-58
Setting up network "dect2020scheduledaccess.DectScheduledAccessNetwork"...
Initializing...

Running simulation...
** Event #0   t=0   Elapsed: 2e-06s (0m 00s)
     Speed:     ev/sec=0   simsec/sec=0   ev/simsec=0
     Messages:  created: 2   present: 2   in FES: 2
** Event #100045   t=172.170932907703   Elapsed: 0.007782s (0m 00s)
     Speed:     ev/sec=0   simsec/sec=0   ev/simsec=0
     Messages:  created: 2   present: 2   in FES: 1

<!> Simulation stopped with endSimulation() -- in module (ScheduledAccessQueue) DectScheduledAccessNetwork.queue (id=2), at t=172.170932907703s, event #100045

Calling finish() at end of Run #607...

Preparing for running configuration MonetecFocusedSmallR, run #608...
Scenario: $r=10, $rho=0.115, $repetition=2
Assigned runID=MonetecFocusedSmallR-608-20260930-07:06:10-58
Setting up network "dect2020scheduledaccess.DectScheduledAccessNetwork"...
Initializing...

Running simulation...
** Event #0   t=0   Elapsed: 1.5e-05s (0m 00s)
     Speed:     ev/sec=0   simsec/sec=0   ev/simsec=0
     Messages:  created: 2   present: 2   in FES: 2
** Event #100158   t=172.269628521974   Elapsed: 0.00785s (0m 00s)
     Speed:     ev/sec=0   simsec/sec=0   ev/simsec=0
     Messages:  created: 2   present: 2   in FES: 1

<!> Simulation stopped with endSimulation() -- in module (ScheduledAccessQueue) DectScheduledAccessNetwork.queue (id=2), at t=172.269628521974s, event #100158

Calling finish() at end of Run #608...

Preparing for running configuration MonetecFocusedSmallR, run #609...
Scenario: $r=10, $rho=0.120, $repetition=0
Assigned runID=MonetecFocusedSmallR-609-20260930-07:06:10-58
Setting up network "dect2020scheduledaccess.DectScheduledAccessNetwork"...
Initializing...

Running simulation...
** Event #0   t=0   Elapsed: 1.6e-05s (0m 00s)
     Speed:     ev/sec=0   simsec/sec=0   ev/simsec=0
     Messages:  created: 2   present: 2   in FES: 2
** Event #102414   t=172.135650992208   Elapsed: 0.008012s (0m 00s)
     Speed:     ev/sec=0   simsec/sec=0   ev/simsec=0
     Messages:  created: 2   present: 2   in FES: 1

<!> Simulation stopped with endSimulation() -- in module (ScheduledAccessQueue) DectScheduledAccessNetwork.queue (id=2), at t=172.135650992208s, event #102414

Calling finish() at end of Run #609...

Preparing for running configuration MonetecFocusedSmallR, run #610...
Scenario: $r=10, $rho=0.120, $repetition=1
Assigned runID=MonetecFocusedSmallR-610-20260930-07:06:10-58
Setting up network "dect2020scheduledaccess.DectScheduledAccessNetwork"...
Initializing...

Running simulation...
** Event #0   t=0   Elapsed: 3e-06s (0m 00s)
     Speed:     ev/sec=0   simsec/sec=0   ev/simsec=0
     Messages:  created: 2   present: 2   in FES: 2
** Event #102288   t=172.225135933947   Elapsed: 0.007962s (0m 00s)
     Speed:     ev/sec=0   simsec/sec=0   ev/simsec=0
     Messages:  created: 2   present: 2   in FES: 1

<!> Simulation stopped with endSimulation() -- in module (ScheduledAccessQueue) DectScheduledAccessNetwork.queue (id=2), at t=172.225135933947s, event #102288

Calling finish() at end of Run #610...

Preparing for running configuration MonetecFocusedSmallR, run #611...
Scenario: $r=10, $rho=0.120, $repetition=2
Assigned runID=MonetecFocusedSmallR-611-20260930-07:06:10-58
Setting up network "dect2020scheduledaccess.DectScheduledAccessNetwork"...
Initializing...

Running simulation...
** Event #0   t=0   Elapsed: 2.6e-05s (0m 00s)
     Speed:     ev/sec=0   simsec/sec=0   ev/simsec=0
     Messages:  created: 2   present: 2   in FES: 2
** Event #102063   t=172.179512073528   Elapsed: 0.008099s (0m 00s)
     Speed:     ev/sec=0   simsec/sec=0   ev/simsec=0
     Messages:  created: 2   present: 2   in FES: 1

<!> Simulation stopped with endSimulation() -- in module (ScheduledAccessQueue) DectScheduledAccessNetwork.queue (id=2), at t=172.179512073528s, event #102063

Calling finish() at end of Run #611...

Preparing for running configuration MonetecFocusedSmallR, run #612...
Scenario: $r=10, $rho=0.125, $repetition=0
Assigned runID=MonetecFocusedSmallR-612-20260930-07:06:10-58
Setting up network "dect2020scheduledaccess.DectScheduledAccessNetwork"...
Initializing...

Running simulation...
** Event #0   t=0   Elapsed: 2e-06s (0m 00s)
     Speed:     ev/sec=0   simsec/sec=0   ev/simsec=0
     Messages:  created: 2   present: 2   in FES: 2
** Event #104405   t=172.0512119931   Elapsed: 0.008604s (0m 00s)
     Speed:     ev/sec=0   simsec/sec=0   ev/simsec=0
     Messages:  created: 2   present: 2   in FES: 1

<!> Simulation stopped with endSimulation() -- in module (ScheduledAccessQueue) DectScheduledAccessNetwork.queue (id=2), at t=172.0512119931s, event #104405

Calling finish() at end of Run #612...

Preparing for running configuration MonetecFocusedSmallR, run #613...
Scenario: $r=10, $rho=0.125, $repetition=1
Assigned runID=MonetecFocusedSmallR-613-20260930-07:06:10-58
Setting up network "dect2020scheduledaccess.DectScheduledAccessNetwork"...
Initializing...

Running simulation...
** Event #0   t=0   Elapsed: 1.6e-05s (0m 00s)
     Speed:     ev/sec=0   simsec/sec=0   ev/simsec=0
     Messages:  created: 2   present: 2   in FES: 2
** Event #104199   t=172.145636886802   Elapsed: 0.008538s (0m 00s)
     Speed:     ev/sec=0   simsec/sec=0   ev/simsec=0
     Messages:  created: 2   present: 2   in FES: 1

<!> Simulation stopped with endSimulation() -- in module (ScheduledAccessQueue) DectScheduledAccessNetwork.queue (id=2), at t=172.145636886802s, event #104199

Calling finish() at end of Run #613...

Preparing for running configuration MonetecFocusedSmallR, run #614...
Scenario: $r=10, $rho=0.125, $repetition=2
Assigned runID=MonetecFocusedSmallR-614-20260930-07:06:10-58
Setting up network "dect2020scheduledaccess.DectScheduledAccessNetwork"...
Initializing...

Running simulation...
** Event #0   t=0   Elapsed: 2e-06s (0m 00s)
     Speed:     ev/sec=0   simsec/sec=0   ev/simsec=0
     Messages:  created: 2   present: 2   in FES: 2
** Event #104000   t=172.0323468131   Elapsed: 0.008598s (0m 00s)
     Speed:     ev/sec=0   simsec/sec=0   ev/simsec=0
     Messages:  created: 2   present: 2   in FES: 1

<!> Simulation stopped with endSimulation() -- in module (ScheduledAccessQueue) DectScheduledAccessNetwork.queue (id=2), at t=172.0323468131s, event #104000

Calling finish() at end of Run #614...

Preparing for running configuration MonetecFocusedSmallR, run #615...
Scenario: $r=10, $rho=0.130, $repetition=0
Assigned runID=MonetecFocusedSmallR-615-20260930-07:06:11-58
Setting up network "dect2020scheduledaccess.DectScheduledAccessNetwork"...
Initializing...

Running simulation...
** Event #0   t=0   Elapsed: 1.5e-05s (0m 00s)
     Speed:     ev/sec=0   simsec/sec=0   ev/simsec=0
     Messages:  created: 2   present: 2   in FES: 2
** Event #106397   t=172.033214187231   Elapsed: 0.008712s (0m 00s)
     Speed:     ev/sec=0   simsec/sec=0   ev/simsec=0
     Messages:  created: 2   present: 2   in FES: 1

<!> Simulation stopped with endSimulation() -- in module (ScheduledAccessQueue) DectScheduledAccessNetwork.queue (id=2), at t=172.033214187231s, event #106397

Calling finish() at end of Run #615...

Preparing for running configuration MonetecFocusedSmallR, run #616...
Scenario: $r=10, $rho=0.130, $repetition=1
Assigned runID=MonetecFocusedSmallR-616-20260930-07:06:11-58
Setting up network "dect2020scheduledaccess.DectScheduledAccessNetwork"...
Initializing...

Running simulation...
** Event #0   t=0   Elapsed: 2e-06s (0m 00s)
     Speed:     ev/sec=0   simsec/sec=0   ev/simsec=0
     Messages:  created: 2   present: 2   in FES: 2
** Event #106552   t=172.237802011488   Elapsed: 0.008822s (0m 00s)
     Speed:     ev/sec=0   simsec/sec=0   ev/simsec=0
     Messages:  created: 2   present: 2   in FES: 1

<!> Simulation stopped with endSimulation() -- in module (ScheduledAccessQueue) DectScheduledAccessNetwork.queue (id=2), at t=172.237802011488s, event #106552

Calling finish() at end of Run #616...

Preparing for running configuration MonetecFocusedSmallR, run #617...
Scenario: $r=10, $rho=0.130, $repetition=2
Assigned runID=MonetecFocusedSmallR-617-20260930-07:06:11-58
Setting up network "dect2020scheduledaccess.DectScheduledAccessNetwork"...
Initializing...

Running simulation...
** Event #0   t=0   Elapsed: 1.2e-05s (0m 00s)
     Speed:     ev/sec=0   simsec/sec=0   ev/simsec=0
     Messages:  created: 2   present: 2   in FES: 2
** Event #106128   t=172.05665084861   Elapsed: 0.008744s (0m 00s)
     Speed:     ev/sec=0   simsec/sec=0   ev/simsec=0
     Messages:  created: 2   present: 2   in FES: 1

<!> Simulation stopped with endSimulation() -- in module (ScheduledAccessQueue) DectScheduledAccessNetwork.queue (id=2), at t=172.05665084861s, event #106128

Calling finish() at end of Run #617...

Preparing for running configuration MonetecFocusedSmallR, run #618...
Scenario: $r=10, $rho=0.135, $repetition=0
Assigned runID=MonetecFocusedSmallR-618-20260930-07:06:11-58
Setting up network "dect2020scheduledaccess.DectScheduledAccessNetwork"...
Initializing...

Running simulation...
** Event #0   t=0   Elapsed: 1.3e-05s (0m 00s)
     Speed:     ev/sec=0   simsec/sec=0   ev/simsec=0
     Messages:  created: 2   present: 2   in FES: 2
** Event #108594   t=172.066663516653   Elapsed: 0.009097s (0m 00s)
     Speed:     ev/sec=0   simsec/sec=0   ev/simsec=0
     Messages:  created: 2   present: 2   in FES: 1

<!> Simulation stopped with endSimulation() -- in module (ScheduledAccessQueue) DectScheduledAccessNetwork.queue (id=2), at t=172.066663516653s, event #108594

Calling finish() at end of Run #618...

Preparing for running configuration MonetecFocusedSmallR, run #619...
Scenario: $r=10, $rho=0.135, $repetition=1
Assigned runID=MonetecFocusedSmallR-619-20260930-07:06:11-58
Setting up network "dect2020scheduledaccess.DectScheduledAccessNetwork"...
Initializing...

Running simulation...
** Event #0   t=0   Elapsed: 2e-06s (0m 00s)
     Speed:     ev/sec=0   simsec/sec=0   ev/simsec=0
     Messages:  created: 2   present: 2   in FES: 2
** Event #108410   t=172.157944645586   Elapsed: 0.008917s (0m 00s)
     Speed:     ev/sec=0   simsec/sec=0   ev/simsec=0
     Messages:  created: 2   present: 2   in FES: 1

<!> Simulation stopped with endSimulation() -- in module (ScheduledAccessQueue) DectScheduledAccessNetwork.queue (id=2), at t=172.157944645586s, event #108410

Calling finish() at end of Run #619...

Preparing for running configuration MonetecFocusedSmallR, run #620...
Scenario: $r=10, $rho=0.135, $repetition=2
Assigned runID=MonetecFocusedSmallR-620-20260930-07:06:11-58
Setting up network "dect2020scheduledaccess.DectScheduledAccessNetwork"...
Initializing...

Running simulation...
** Event #0   t=0   Elapsed: 2e-06s (0m 00s)
     Speed:     ev/sec=0   simsec/sec=0   ev/simsec=0
     Messages:  created: 2   present: 2   in FES: 2
** Event #108352   t=172.128903545135   Elapsed: 0.008922s (0m 00s)
     Speed:     ev/sec=0   simsec/sec=0   ev/simsec=0
     Messages:  created: 2   present: 2   in FES: 1

<!> Simulation stopped with endSimulation() -- in module (ScheduledAccessQueue) DectScheduledAccessNetwork.queue (id=2), at t=172.128903545135s, event #108352

Calling finish() at end of Run #620...

Preparing for running configuration MonetecFocusedSmallR, run #621...
Scenario: $r=10, $rho=0.140, $repetition=0
Assigned runID=MonetecFocusedSmallR-621-20260930-07:06:11-58
Setting up network "dect2020scheduledaccess.DectScheduledAccessNetwork"...
Initializing...

Running simulation...
** Event #0   t=0   Elapsed: 1.9e-05s (0m 00s)
     Speed:     ev/sec=0   simsec/sec=0   ev/simsec=0
     Messages:  created: 2   present: 2   in FES: 2
** Event #110546   t=172.006151633995   Elapsed: 0.009091s (0m 00s)
     Speed:     ev/sec=0   simsec/sec=0   ev/simsec=0
     Messages:  created: 2   present: 2   in FES: 1

<!> Simulation stopped with endSimulation() -- in module (ScheduledAccessQueue) DectScheduledAccessNetwork.queue (id=2), at t=172.006151633995s, event #110546

Calling finish() at end of Run #621...

Preparing for running configuration MonetecFocusedSmallR, run #622...
Scenario: $r=10, $rho=0.140, $repetition=1
Assigned runID=MonetecFocusedSmallR-622-20260930-07:06:11-58
Setting up network "dect2020scheduledaccess.DectScheduledAccessNetwork"...
Initializing...

Running simulation...
** Event #0   t=0   Elapsed: 1.2e-05s (0m 00s)
     Speed:     ev/sec=0   simsec/sec=0   ev/simsec=0
     Messages:  created: 2   present: 2   in FES: 2
** Event #110520   t=172.146498628267   Elapsed: 0.009128s (0m 00s)
     Speed:     ev/sec=0   simsec/sec=0   ev/simsec=0
     Messages:  created: 2   present: 2   in FES: 1

<!> Simulation stopped with endSimulation() -- in module (ScheduledAccessQueue) DectScheduledAccessNetwork.queue (id=2), at t=172.146498628267s, event #110520

Calling finish() at end of Run #622...

Preparing for running configuration MonetecFocusedSmallR, run #623...
Scenario: $r=10, $rho=0.140, $repetition=2
Assigned runID=MonetecFocusedSmallR-623-20260930-07:06:11-58
Setting up network "dect2020scheduledaccess.DectScheduledAccessNetwork"...
Initializing...

Running simulation...
** Event #0   t=0   Elapsed: 1.5e-05s (0m 00s)
     Speed:     ev/sec=0   simsec/sec=0   ev/simsec=0
     Messages:  created: 2   present: 2   in FES: 2
** Event #110454   t=172.123676406053   Elapsed: 0.009137s (0m 00s)
     Speed:     ev/sec=0   simsec/sec=0   ev/simsec=0
     Messages:  created: 2   present: 2   in FES: 1

<!> Simulation stopped with endSimulation() -- in module (ScheduledAccessQueue) DectScheduledAccessNetwork.queue (id=2), at t=172.123676406053s, event #110454

Calling finish() at end of Run #623...

Preparing for running configuration MonetecFocusedSmallR, run #624...
Scenario: $r=10, $rho=0.145, $repetition=0
Assigned runID=MonetecFocusedSmallR-624-20260930-07:06:11-58
Setting up network "dect2020scheduledaccess.DectScheduledAccessNetwork"...
Initializing...

Running simulation...
** Event #0   t=0   Elapsed: 1.3e-05s (0m 00s)
     Speed:     ev/sec=0   simsec/sec=0   ev/simsec=0
     Messages:  created: 2   present: 2   in FES: 2
** Event #112821   t=172.064136575047   Elapsed: 0.009473s (0m 00s)
     Speed:     ev/sec=0   simsec/sec=0   ev/simsec=0
     Messages:  created: 2   present: 2   in FES: 1

<!> Simulation stopped with endSimulation() -- in module (ScheduledAccessQueue) DectScheduledAccessNetwork.queue (id=2), at t=172.064136575047s, event #112821

Calling finish() at end of Run #624...

Preparing for running configuration MonetecFocusedSmallR, run #625...
Scenario: $r=10, $rho=0.145, $repetition=1
Assigned runID=MonetecFocusedSmallR-625-20260930-07:06:11-58
Setting up network "dect2020scheduledaccess.DectScheduledAccessNetwork"...
Initializing...

Running simulation...
** Event #0   t=0   Elapsed: 1.2e-05s (0m 00s)
     Speed:     ev/sec=0   simsec/sec=0   ev/simsec=0
     Messages:  created: 2   present: 2   in FES: 2
** Event #112470   t=172.111282826759   Elapsed: 0.009207s (0m 00s)
     Speed:     ev/sec=0   simsec/sec=0   ev/simsec=0
     Messages:  created: 2   present: 2   in FES: 1

<!> Simulation stopped with endSimulation() -- in module (ScheduledAccessQueue) DectScheduledAccessNetwork.queue (id=2), at t=172.111282826759s, event #112470

Calling finish() at end of Run #625...

Preparing for running configuration MonetecFocusedSmallR, run #626...
Scenario: $r=10, $rho=0.145, $repetition=2
Assigned runID=MonetecFocusedSmallR-626-20260930-07:06:11-58
Setting up network "dect2020scheduledaccess.DectScheduledAccessNetwork"...
Initializing...

Running simulation...
** Event #0   t=0   Elapsed: 1.1e-05s (0m 00s)
     Speed:     ev/sec=0   simsec/sec=0   ev/simsec=0
     Messages:  created: 2   present: 2   in FES: 2
** Event #112703   t=172.197681835541   Elapsed: 0.009536s (0m 00s)
     Speed:     ev/sec=0   simsec/sec=0   ev/simsec=0
     Messages:  created: 2   present: 2   in FES: 1

<!> Simulation stopped with endSimulation() -- in module (ScheduledAccessQueue) DectScheduledAccessNetwork.queue (id=2), at t=172.197681835541s, event #112703

Calling finish() at end of Run #626...

Preparing for running configuration MonetecFocusedSmallR, run #627...
Scenario: $r=10, $rho=0.150, $repetition=0
Assigned runID=MonetecFocusedSmallR-627-20260930-07:06:11-58
Setting up network "dect2020scheduledaccess.DectScheduledAccessNetwork"...
Initializing...

Running simulation...
** Event #0   t=0   Elapsed: 2e-06s (0m 00s)
     Speed:     ev/sec=0   simsec/sec=0   ev/simsec=0
     Messages:  created: 2   present: 2   in FES: 2
** Event #114881   t=172.050924731733   Elapsed: 0.00935s (0m 00s)
     Speed:     ev/sec=0   simsec/sec=0   ev/simsec=0
     Messages:  created: 2   present: 2   in FES: 1

<!> Simulation stopped with endSimulation() -- in module (ScheduledAccessQueue) DectScheduledAccessNetwork.queue (id=2), at t=172.050924731733s, event #114881

Calling finish() at end of Run #627...

Preparing for running configuration MonetecFocusedSmallR, run #628...
Scenario: $r=10, $rho=0.150, $repetition=1
Assigned runID=MonetecFocusedSmallR-628-20260930-07:06:11-58
Setting up network "dect2020scheduledaccess.DectScheduledAccessNetwork"...
Initializing...

Running simulation...
** Event #0   t=0   Elapsed: 2e-06s (0m 00s)
     Speed:     ev/sec=0   simsec/sec=0   ev/simsec=0
     Messages:  created: 2   present: 2   in FES: 2
** Event #114814   t=172.199222630381   Elapsed: 0.00958s (0m 00s)
     Speed:     ev/sec=0   simsec/sec=0   ev/simsec=0
     Messages:  created: 2   present: 2   in FES: 1

<!> Simulation stopped with endSimulation() -- in module (ScheduledAccessQueue) DectScheduledAccessNetwork.queue (id=2), at t=172.199222630381s, event #114814

Calling finish() at end of Run #628...

Preparing for running configuration MonetecFocusedSmallR, run #629...
Scenario: $r=10, $rho=0.150, $repetition=2
Assigned runID=MonetecFocusedSmallR-629-20260930-07:06:11-58
Setting up network "dect2020scheduledaccess.DectScheduledAccessNetwork"...
Initializing...

Running simulation...
** Event #0   t=0   Elapsed: 2e-06s (0m 00s)
     Speed:     ev/sec=0   simsec/sec=0   ev/simsec=0
     Messages:  created: 2   present: 2   in FES: 2
** Event #114461   t=172.121377821875   Elapsed: 0.009337s (0m 00s)
     Speed:     ev/sec=0   simsec/sec=0   ev/simsec=0
     Messages:  created: 2   present: 2   in FES: 1

<!> Simulation stopped with endSimulation() -- in module (ScheduledAccessQueue) DectScheduledAccessNetwork.queue (id=2), at t=172.121377821875s, event #114461

Calling finish() at end of Run #629...

Preparing for running configuration MonetecFocusedSmallR, run #630...
Scenario: $r=10, $rho=0.155, $repetition=0
Assigned runID=MonetecFocusedSmallR-630-20260930-07:06:11-58
Setting up network "dect2020scheduledaccess.DectScheduledAccessNetwork"...
Initializing...

Running simulation...
** Event #0   t=0   Elapsed: 3e-06s (0m 00s)
     Speed:     ev/sec=0   simsec/sec=0   ev/simsec=0
     Messages:  created: 2   present: 2   in FES: 2
** Event #116928   t=172.041611820841   Elapsed: 0.009708s (0m 00s)
     Speed:     ev/sec=0   simsec/sec=0   ev/simsec=0
     Messages:  created: 2   present: 2   in FES: 1

<!> Simulation stopped with endSimulation() -- in module (ScheduledAccessQueue) DectScheduledAccessNetwork.queue (id=2), at t=172.041611820841s, event #116928

Calling finish() at end of Run #630...

Preparing for running configuration MonetecFocusedSmallR, run #631...
Scenario: $r=10, $rho=0.155, $repetition=1
Assigned runID=MonetecFocusedSmallR-631-20260930-07:06:11-58
Setting up network "dect2020scheduledaccess.DectScheduledAccessNetwork"...
Initializing...

Running simulation...
** Event #0   t=0   Elapsed: 2e-06s (0m 00s)
     Speed:     ev/sec=0   simsec/sec=0   ev/simsec=0
     Messages:  created: 2   present: 2   in FES: 2
** Event #116804   t=172.14743925388   Elapsed: 0.009536s (0m 00s)
     Speed:     ev/sec=0   simsec/sec=0   ev/simsec=0
     Messages:  created: 2   present: 2   in FES: 1

<!> Simulation stopped with endSimulation() -- in module (ScheduledAccessQueue) DectScheduledAccessNetwork.queue (id=2), at t=172.14743925388s, event #116804

Calling finish() at end of Run #631...

Preparing for running configuration MonetecFocusedSmallR, run #632...
Scenario: $r=10, $rho=0.155, $repetition=2
Assigned runID=MonetecFocusedSmallR-632-20260930-07:06:11-58
Setting up network "dect2020scheduledaccess.DectScheduledAccessNetwork"...
Initializing...

Running simulation...
** Event #0   t=0   Elapsed: 2e-06s (0m 00s)
     Speed:     ev/sec=0   simsec/sec=0   ev/simsec=0
     Messages:  created: 2   present: 2   in FES: 2
** Event #116746   t=172.20389354924   Elapsed: 0.009792s (0m 00s)
     Speed:     ev/sec=0   simsec/sec=0   ev/simsec=0
     Messages:  created: 2   present: 2   in FES: 1

<!> Simulation stopped with endSimulation() -- in module (ScheduledAccessQueue) DectScheduledAccessNetwork.queue (id=2), at t=172.20389354924s, event #116746

Calling finish() at end of Run #632...

Preparing for running configuration MonetecFocusedSmallR, run #633...
Scenario: $r=10, $rho=0.160, $repetition=0
Assigned runID=MonetecFocusedSmallR-633-20260930-07:06:11-58
Setting up network "dect2020scheduledaccess.DectScheduledAccessNetwork"...
Initializing...

Running simulation...
** Event #0   t=0   Elapsed: 3e-06s (0m 00s)
     Speed:     ev/sec=0   simsec/sec=0   ev/simsec=0
     Messages:  created: 2   present: 2   in FES: 2
** Event #119106   t=172.105383823822   Elapsed: 0.009661s (0m 00s)
     Speed:     ev/sec=0   simsec/sec=0   ev/simsec=0
     Messages:  created: 2   present: 2   in FES: 1

<!> Simulation stopped with endSimulation() -- in module (ScheduledAccessQueue) DectScheduledAccessNetwork.queue (id=2), at t=172.105383823822s, event #119106

Calling finish() at end of Run #633...

Preparing for running configuration MonetecFocusedSmallR, run #634...
Scenario: $r=10, $rho=0.160, $repetition=1
Assigned runID=MonetecFocusedSmallR-634-20260930-07:06:11-58
Setting up network "dect2020scheduledaccess.DectScheduledAccessNetwork"...
Initializing...

Running simulation...
** Event #0   t=0   Elapsed: 2e-06s (0m 00s)
     Speed:     ev/sec=0   simsec/sec=0   ev/simsec=0
     Messages:  created: 2   present: 2   in FES: 2
** Event #118925   t=172.165631321573   Elapsed: 0.009885s (0m 00s)
     Speed:     ev/sec=0   simsec/sec=0   ev/simsec=0
     Messages:  created: 2   present: 2   in FES: 1

<!> Simulation stopped with endSimulation() -- in module (ScheduledAccessQueue) DectScheduledAccessNetwork.queue (id=2), at t=172.165631321573s, event #118925

Calling finish() at end of Run #634...

Preparing for running configuration MonetecFocusedSmallR, run #635...
Scenario: $r=10, $rho=0.160, $repetition=2
Assigned runID=MonetecFocusedSmallR-635-20260930-07:06:11-58
Setting up network "dect2020scheduledaccess.DectScheduledAccessNetwork"...
Initializing...

Running simulation...
** Event #0   t=0   Elapsed: 2e-06s (0m 00s)
     Speed:     ev/sec=0   simsec/sec=0   ev/simsec=0
     Messages:  created: 2   present: 2   in FES: 2
** Event #118679   t=172.175371387109   Elapsed: 0.00968s (0m 00s)
     Speed:     ev/sec=0   simsec/sec=0   ev/simsec=0
     Messages:  created: 2   present: 2   in FES: 1

<!> Simulation stopped with endSimulation() -- in module (ScheduledAccessQueue) DectScheduledAccessNetwork.queue (id=2), at t=172.175371387109s, event #118679

Calling finish() at end of Run #635...

Preparing for running configuration MonetecFocusedSmallR, run #636...
Scenario: $r=10, $rho=0.165, $repetition=0
Assigned runID=MonetecFocusedSmallR-636-20260930-07:06:11-58
Setting up network "dect2020scheduledaccess.DectScheduledAccessNetwork"...
Initializing...

Running simulation...
** Event #0   t=0   Elapsed: 2e-06s (0m 00s)
     Speed:     ev/sec=0   simsec/sec=0   ev/simsec=0
     Messages:  created: 2   present: 2   in FES: 2
** Event #120764   t=171.990109764889   Elapsed: 0.009519s (0m 00s)
     Speed:     ev/sec=0   simsec/sec=0   ev/simsec=0
     Messages:  created: 2   present: 2   in FES: 1

<!> Simulation stopped with endSimulation() -- in module (ScheduledAccessQueue) DectScheduledAccessNetwork.queue (id=2), at t=171.990109764889s, event #120764

Calling finish() at end of Run #636...

Preparing for running configuration MonetecFocusedSmallR, run #637...
Scenario: $r=10, $rho=0.165, $repetition=1
Assigned runID=MonetecFocusedSmallR-637-20260930-07:06:11-58
Setting up network "dect2020scheduledaccess.DectScheduledAccessNetwork"...
Initializing...

Running simulation...
** Event #0   t=0   Elapsed: 2e-06s (0m 00s)
     Speed:     ev/sec=0   simsec/sec=0   ev/simsec=0
     Messages:  created: 2   present: 2   in FES: 2
** Event #120813   t=172.113731583162   Elapsed: 0.009575s (0m 00s)
     Speed:     ev/sec=0   simsec/sec=0   ev/simsec=0
     Messages:  created: 2   present: 2   in FES: 1

<!> Simulation stopped with endSimulation() -- in module (ScheduledAccessQueue) DectScheduledAccessNetwork.queue (id=2), at t=172.113731583162s, event #120813

Calling finish() at end of Run #637...

Preparing for running configuration MonetecFocusedSmallR, run #638...
Scenario: $r=10, $rho=0.165, $repetition=2
Assigned runID=MonetecFocusedSmallR-638-20260930-07:06:11-58
Setting up network "dect2020scheduledaccess.DectScheduledAccessNetwork"...
Initializing...

Running simulation...
** Event #0   t=0   Elapsed: 3e-06s (0m 00s)
     Speed:     ev/sec=0   simsec/sec=0   ev/simsec=0
     Messages:  created: 2   present: 2   in FES: 2
** Event #120578   t=172.095938203388   Elapsed: 0.00948s (0m 00s)
     Speed:     ev/sec=0   simsec/sec=0   ev/simsec=0
     Messages:  created: 2   present: 2   in FES: 1

<!> Simulation stopped with endSimulation() -- in module (ScheduledAccessQueue) DectScheduledAccessNetwork.queue (id=2), at t=172.095938203388s, event #120578

Calling finish() at end of Run #638...

Preparing for running configuration MonetecFocusedSmallR, run #639...
Scenario: $r=10, $rho=0.170, $repetition=0
Assigned runID=MonetecFocusedSmallR-639-20260930-07:06:11-58
Setting up network "dect2020scheduledaccess.DectScheduledAccessNetwork"...
Initializing...

Running simulation...
** Event #0   t=0   Elapsed: 2e-06s (0m 00s)
     Speed:     ev/sec=0   simsec/sec=0   ev/simsec=0
     Messages:  created: 2   present: 2   in FES: 2
** Event #123274   t=172.149058804751   Elapsed: 0.00967s (0m 00s)
     Speed:     ev/sec=0   simsec/sec=0   ev/simsec=0
     Messages:  created: 2   present: 2   in FES: 1

<!> Simulation stopped with endSimulation() -- in module (ScheduledAccessQueue) DectScheduledAccessNetwork.queue (id=2), at t=172.149058804751s, event #123274

Calling finish() at end of Run #639...

Preparing for running configuration MonetecFocusedSmallR, run #640...
Scenario: $r=10, $rho=0.170, $repetition=1
Assigned runID=MonetecFocusedSmallR-640-20260930-07:06:11-58
Setting up network "dect2020scheduledaccess.DectScheduledAccessNetwork"...
Initializing...

Running simulation...
** Event #0   t=0   Elapsed: 2e-06s (0m 00s)
     Speed:     ev/sec=0   simsec/sec=0   ev/simsec=0
     Messages:  created: 2   present: 2   in FES: 2
** Event #122927   t=172.126387157009   Elapsed: 0.009724s (0m 00s)
     Speed:     ev/sec=0   simsec/sec=0   ev/simsec=0
     Messages:  created: 2   present: 2   in FES: 1

<!> Simulation stopped with endSimulation() -- in module (ScheduledAccessQueue) DectScheduledAccessNetwork.queue (id=2), at t=172.126387157009s, event #122927

Calling finish() at end of Run #640...

Preparing for running configuration MonetecFocusedSmallR, run #641...
Scenario: $r=10, $rho=0.170, $repetition=2
Assigned runID=MonetecFocusedSmallR-641-20260930-07:06:11-58
Setting up network "dect2020scheduledaccess.DectScheduledAccessNetwork"...
Initializing...

Running simulation...
** Event #0   t=0   Elapsed: 1.5e-05s (0m 00s)
     Speed:     ev/sec=0   simsec/sec=0   ev/simsec=0
     Messages:  created: 2   present: 2   in FES: 2
** Event #122769   t=172.168126563895   Elapsed: 0.009781s (0m 00s)
     Speed:     ev/sec=0   simsec/sec=0   ev/simsec=0
     Messages:  created: 2   present: 2   in FES: 1

<!> Simulation stopped with endSimulation() -- in module (ScheduledAccessQueue) DectScheduledAccessNetwork.queue (id=2), at t=172.168126563895s, event #122769

Calling finish() at end of Run #641...

Preparing for running configuration MonetecFocusedSmallR, run #642...
Scenario: $r=10, $rho=0.175, $repetition=0
Assigned runID=MonetecFocusedSmallR-642-20260930-07:06:11-58
Setting up network "dect2020scheduledaccess.DectScheduledAccessNetwork"...
Initializing...

Running simulation...
** Event #0   t=0   Elapsed: 2e-06s (0m 00s)
     Speed:     ev/sec=0   simsec/sec=0   ev/simsec=0
     Messages:  created: 2   present: 2   in FES: 2
** Event #125481   t=172.181213942073   Elapsed: 0.010149s (0m 00s)
     Speed:     ev/sec=1.23663e+07   simsec/sec=16968.7   ev/simsec=728.774
     Messages:  created: 2   present: 2   in FES: 1

<!> Simulation stopped with endSimulation() -- in module (ScheduledAccessQueue) DectScheduledAccessNetwork.queue (id=2), at t=172.181213942073s, event #125481

Calling finish() at end of Run #642...

Preparing for running configuration MonetecFocusedSmallR, run #643...
Scenario: $r=10, $rho=0.175, $repetition=1
Assigned runID=MonetecFocusedSmallR-643-20260930-07:06:11-58
Setting up network "dect2020scheduledaccess.DectScheduledAccessNetwork"...
Initializing...

Running simulation...
** Event #0   t=0   Elapsed: 3e-06s (0m 00s)
     Speed:     ev/sec=0   simsec/sec=0   ev/simsec=0
     Messages:  created: 2   present: 2   in FES: 2
** Event #124844   t=172.051326651862   Elapsed: 0.010007s (0m 00s)
     Speed:     ev/sec=1.24794e+07   simsec/sec=17198.2   ev/simsec=725.622
     Messages:  created: 2   present: 2   in FES: 1

<!> Simulation stopped with endSimulation() -- in module (ScheduledAccessQueue) DectScheduledAccessNetwork.queue (id=2), at t=172.051326651862s, event #124844

Calling finish() at end of Run #643...

Preparing for running configuration MonetecFocusedSmallR, run #644...
Scenario: $r=10, $rho=0.175, $repetition=2
Assigned runID=MonetecFocusedSmallR-644-20260930-07:06:11-58
Setting up network "dect2020scheduledaccess.DectScheduledAccessNetwork"...
Initializing...

Running simulation...
** Event #0   t=0   Elapsed: 2e-06s (0m 00s)
     Speed:     ev/sec=0   simsec/sec=0   ev/simsec=0
     Messages:  created: 2   present: 2   in FES: 2
** Event #124702   t=172.122321358193   Elapsed: 0.009839s (0m 00s)
     Speed:     ev/sec=0   simsec/sec=0   ev/simsec=0
     Messages:  created: 2   present: 2   in FES: 1

<!> Simulation stopped with endSimulation() -- in module (ScheduledAccessQueue) DectScheduledAccessNetwork.queue (id=2), at t=172.122321358193s, event #124702

Calling finish() at end of Run #644...

Preparing for running configuration MonetecFocusedSmallR, run #645...
Scenario: $r=10, $rho=0.180, $repetition=0
Assigned runID=MonetecFocusedSmallR-645-20260930-07:06:11-58
Setting up network "dect2020scheduledaccess.DectScheduledAccessNetwork"...
Initializing...

Running simulation...
** Event #0   t=0   Elapsed: 3e-06s (0m 00s)
     Speed:     ev/sec=0   simsec/sec=0   ev/simsec=0
     Messages:  created: 2   present: 2   in FES: 2
** Event #127051   t=172.000363171713   Elapsed: 0.00992s (0m 00s)
     Speed:     ev/sec=0   simsec/sec=0   ev/simsec=0
     Messages:  created: 2   present: 2   in FES: 1

<!> Simulation stopped with endSimulation() -- in module (ScheduledAccessQueue) DectScheduledAccessNetwork.queue (id=2), at t=172.000363171713s, event #127051

Calling finish() at end of Run #645...

Preparing for running configuration MonetecFocusedSmallR, run #646...
Scenario: $r=10, $rho=0.180, $repetition=1
Assigned runID=MonetecFocusedSmallR-646-20260930-07:06:11-58
Setting up network "dect2020scheduledaccess.DectScheduledAccessNetwork"...
Initializing...

Running simulation...
** Event #0   t=0   Elapsed: 2e-06s (0m 00s)
     Speed:     ev/sec=0   simsec/sec=0   ev/simsec=0
     Messages:  created: 2   present: 2   in FES: 2
** Event #127181   t=172.136006042202   Elapsed: 0.010828s (0m 00s)
     Speed:     ev/sec=1.17488e+07   simsec/sec=15901.6   ev/simsec=738.843
     Messages:  created: 2   present: 2   in FES: 1

<!> Simulation stopped with endSimulation() -- in module (ScheduledAccessQueue) DectScheduledAccessNetwork.queue (id=2), at t=172.136006042202s, event #127181

Calling finish() at end of Run #646...

Preparing for running configuration MonetecFocusedSmallR, run #647...
Scenario: $r=10, $rho=0.180, $repetition=2
Assigned runID=MonetecFocusedSmallR-647-20260930-07:06:11-58
Setting up network "dect2020scheduledaccess.DectScheduledAccessNetwork"...
Initializing...

Running simulation...
** Event #0   t=0   Elapsed: 1.3e-05s (0m 00s)
     Speed:     ev/sec=0   simsec/sec=0   ev/simsec=0
     Messages:  created: 2   present: 2   in FES: 2
** Event #126846   t=172.15426345483   Elapsed: 0.010446s (0m 00s)
     Speed:     ev/sec=1.21582e+07   simsec/sec=16500.9   ev/simsec=736.818
     Messages:  created: 2   present: 2   in FES: 1

<!> Simulation stopped with endSimulation() -- in module (ScheduledAccessQueue) DectScheduledAccessNetwork.queue (id=2), at t=172.15426345483s, event #126846

Calling finish() at end of Run #647...

Preparing for running configuration MonetecFocusedSmallR, run #648...
Scenario: $r=10, $rho=0.185, $repetition=0
Assigned runID=MonetecFocusedSmallR-648-20260930-07:06:11-58
Setting up network "dect2020scheduledaccess.DectScheduledAccessNetwork"...
Initializing...

Running simulation...
** Event #0   t=0   Elapsed: 1.8e-05s (0m 00s)
     Speed:     ev/sec=0   simsec/sec=0   ev/simsec=0
     Messages:  created: 2   present: 2   in FES: 2
** Event #129355   t=172.076846588512   Elapsed: 0.010985s (0m 00s)
     Speed:     ev/sec=1.17949e+07   simsec/sec=15690.4   ev/simsec=751.729
     Messages:  created: 2   present: 2   in FES: 1

<!> Simulation stopped with endSimulation() -- in module (ScheduledAccessQueue) DectScheduledAccessNetwork.queue (id=2), at t=172.076846588512s, event #129355

Calling finish() at end of Run #648...

Preparing for running configuration MonetecFocusedSmallR, run #649...
Scenario: $r=10, $rho=0.185, $repetition=1
Assigned runID=MonetecFocusedSmallR-649-20260930-07:06:11-58
Setting up network "dect2020scheduledaccess.DectScheduledAccessNetwork"...
Initializing...

Running simulation...
** Event #0   t=0   Elapsed: 1.3e-05s (0m 00s)
     Speed:     ev/sec=0   simsec/sec=0   ev/simsec=0
     Messages:  created: 2   present: 2   in FES: 2
** Event #129202   t=172.099374054183   Elapsed: 0.010556s (0m 00s)
     Speed:     ev/sec=1.22548e+07   simsec/sec=16323.6   ev/simsec=750.741
     Messages:  created: 2   present: 2   in FES: 1

<!> Simulation stopped with endSimulation() -- in module (ScheduledAccessQueue) DectScheduledAccessNetwork.queue (id=2), at t=172.099374054183s, event #129202

Calling finish() at end of Run #649...

Preparing for running configuration MonetecFocusedSmallR, run #650...
Scenario: $r=10, $rho=0.185, $repetition=2
Assigned runID=MonetecFocusedSmallR-650-20260930-07:06:11-58
Setting up network "dect2020scheduledaccess.DectScheduledAccessNetwork"...
Initializing...

Running simulation...
** Event #0   t=0   Elapsed: 1.3e-05s (0m 00s)
     Speed:     ev/sec=0   simsec/sec=0   ev/simsec=0
     Messages:  created: 2   present: 2   in FES: 2
** Event #128681   t=172.071053211942   Elapsed: 0.010782s (0m 00s)
     Speed:     ev/sec=1.19492e+07   simsec/sec=15978.2   ev/simsec=747.842
     Messages:  created: 2   present: 2   in FES: 1

<!> Simulation stopped with endSimulation() -- in module (ScheduledAccessQueue) DectScheduledAccessNetwork.queue (id=2), at t=172.071053211942s, event #128681

Calling finish() at end of Run #650...

Preparing for running configuration MonetecFocusedSmallR, run #651...
Scenario: $r=10, $rho=0.190, $repetition=0
Assigned runID=MonetecFocusedSmallR-651-20260930-07:06:11-58
Setting up network "dect2020scheduledaccess.DectScheduledAccessNetwork"...
Initializing...

Running simulation...
** Event #0   t=0   Elapsed: 1.3e-05s (0m 00s)
     Speed:     ev/sec=0   simsec/sec=0   ev/simsec=0
     Messages:  created: 2   present: 2   in FES: 2
** Event #131650   t=172.139462684635   Elapsed: 0.010708s (0m 00s)
     Speed:     ev/sec=1.23095e+07   simsec/sec=16095.3   ev/simsec=764.789
     Messages:  created: 2   present: 2   in FES: 1

<!> Simulation stopped with endSimulation() -- in module (ScheduledAccessQueue) DectScheduledAccessNetwork.queue (id=2), at t=172.139462684635s, event #131650

Calling finish() at end of Run #651...

Preparing for running configuration MonetecFocusedSmallR, run #652...
Scenario: $r=10, $rho=0.190, $repetition=1
Assigned runID=MonetecFocusedSmallR-652-20260930-07:06:11-58
Setting up network "dect2020scheduledaccess.DectScheduledAccessNetwork"...
Initializing...

Running simulation...
** Event #0   t=0   Elapsed: 2e-06s (0m 00s)
     Speed:     ev/sec=0   simsec/sec=0   ev/simsec=0
     Messages:  created: 2   present: 2   in FES: 2
** Event #131365   t=172.10929806225   Elapsed: 0.011043s (0m 00s)
     Speed:     ev/sec=1.18979e+07   simsec/sec=15588.2   ev/simsec=763.267
     Messages:  created: 2   present: 2   in FES: 1

<!> Simulation stopped with endSimulation() -- in module (ScheduledAccessQueue) DectScheduledAccessNetwork.queue (id=2), at t=172.10929806225s, event #131365

Calling finish() at end of Run #652...

Preparing for running configuration MonetecFocusedSmallR, run #653...
Scenario: $r=10, $rho=0.190, $repetition=2
Assigned runID=MonetecFocusedSmallR-653-20260930-07:06:11-58
Setting up network "dect2020scheduledaccess.DectScheduledAccessNetwork"...
Initializing...

Running simulation...
** Event #0   t=0   Elapsed: 1.2e-05s (0m 00s)
     Speed:     ev/sec=0   simsec/sec=0   ev/simsec=0
     Messages:  created: 2   present: 2   in FES: 2
** Event #130785   t=172.07237752764   Elapsed: 0.010581s (0m 00s)
     Speed:     ev/sec=1.23744e+07   simsec/sec=16280.8   ev/simsec=760.061
     Messages:  created: 2   present: 2   in FES: 1

<!> Simulation stopped with endSimulation() -- in module (ScheduledAccessQueue) DectScheduledAccessNetwork.queue (id=2), at t=172.07237752764s, event #130785

Calling finish() at end of Run #653...

Preparing for running configuration MonetecFocusedSmallR, run #654...
Scenario: $r=10, $rho=0.195, $repetition=0
Assigned runID=MonetecFocusedSmallR-654-20260930-07:06:11-58
Setting up network "dect2020scheduledaccess.DectScheduledAccessNetwork"...
Initializing...

Running simulation...
** Event #0   t=0   Elapsed: 1.8e-05s (0m 00s)
     Speed:     ev/sec=0   simsec/sec=0   ev/simsec=0
     Messages:  created: 2   present: 2   in FES: 2
** Event #133465   t=172.040453120546   Elapsed: 0.01137s (0m 00s)
     Speed:     ev/sec=1.17559e+07   simsec/sec=15153.7   ev/simsec=775.778
     Messages:  created: 2   present: 2   in FES: 1

<!> Simulation stopped with endSimulation() -- in module (ScheduledAccessQueue) DectScheduledAccessNetwork.queue (id=2), at t=172.040453120546s, event #133465

Calling finish() at end of Run #654...

Preparing for running configuration MonetecFocusedSmallR, run #655...
Scenario: $r=10, $rho=0.195, $repetition=1
Assigned runID=MonetecFocusedSmallR-655-20260930-07:06:11-58
Setting up network "dect2020scheduledaccess.DectScheduledAccessNetwork"...
Initializing...

Running simulation...
** Event #0   t=0   Elapsed: 2e-06s (0m 00s)
     Speed:     ev/sec=0   simsec/sec=0   ev/simsec=0
     Messages:  created: 2   present: 2   in FES: 2
** Event #133245   t=172.06979046525   Elapsed: 0.010817s (0m 00s)
     Speed:     ev/sec=1.23204e+07   simsec/sec=15910.1   ev/simsec=774.375
     Messages:  created: 2   present: 2   in FES: 1

<!> Simulation stopped with endSimulation() -- in module (ScheduledAccessQueue) DectScheduledAccessNetwork.queue (id=2), at t=172.06979046525s, event #133245

Calling finish() at end of Run #655...

Preparing for running configuration MonetecFocusedSmallR, run #656...
Scenario: $r=10, $rho=0.195, $repetition=2
Assigned runID=MonetecFocusedSmallR-656-20260930-07:06:11-58
Setting up network "dect2020scheduledaccess.DectScheduledAccessNetwork"...
Initializing...

Running simulation...
** Event #0   t=0   Elapsed: 3e-06s (0m 00s)
     Speed:     ev/sec=0   simsec/sec=0   ev/simsec=0
     Messages:  created: 2   present: 2   in FES: 2
** Event #133147   t=172.166964380389   Elapsed: 0.011242s (0m 00s)
     Speed:     ev/sec=1.18469e+07   simsec/sec=15318.7   ev/simsec=773.361
     Messages:  created: 2   present: 2   in FES: 1

<!> Simulation stopped with endSimulation() -- in module (ScheduledAccessQueue) DectScheduledAccessNetwork.queue (id=2), at t=172.166964380389s, event #133147

Calling finish() at end of Run #656...

Preparing for running configuration MonetecFocusedSmallR, run #657...
Scenario: $r=10, $rho=0.200, $repetition=0
Assigned runID=MonetecFocusedSmallR-657-20260930-07:06:11-58
Setting up network "dect2020scheduledaccess.DectScheduledAccessNetwork"...
Initializing...

Running simulation...
** Event #0   t=0   Elapsed: 3e-06s (0m 00s)
     Speed:     ev/sec=0   simsec/sec=0   ev/simsec=0
     Messages:  created: 2   present: 2   in FES: 2
** Event #135751   t=172.095427499387   Elapsed: 0.010942s (0m 00s)
     Speed:     ev/sec=1.24098e+07   simsec/sec=15732.2   ev/simsec=788.815
     Messages:  created: 2   present: 2   in FES: 1

<!> Simulation stopped with endSimulation() -- in module (ScheduledAccessQueue) DectScheduledAccessNetwork.queue (id=2), at t=172.095427499387s, event #135751

Calling finish() at end of Run #657...

Preparing for running configuration MonetecFocusedSmallR, run #658...
Scenario: $r=10, $rho=0.200, $repetition=1
Assigned runID=MonetecFocusedSmallR-658-20260930-07:06:11-58
Setting up network "dect2020scheduledaccess.DectScheduledAccessNetwork"...
Initializing...

Running simulation...
** Event #0   t=0   Elapsed: 2e-06s (0m 00s)
     Speed:     ev/sec=0   simsec/sec=0   ev/simsec=0
     Messages:  created: 2   present: 2   in FES: 2
** Event #135260   t=172.040789174568   Elapsed: 0.011497s (0m 00s)
     Speed:     ev/sec=1.17679e+07   simsec/sec=14967.9   ev/simsec=786.21
     Messages:  created: 2   present: 2   in FES: 1

<!> Simulation stopped with endSimulation() -- in module (ScheduledAccessQueue) DectScheduledAccessNetwork.queue (id=2), at t=172.040789174568s, event #135260

Calling finish() at end of Run #658...

Preparing for running configuration MonetecFocusedSmallR, run #659...
Scenario: $r=10, $rho=0.200, $repetition=2
Assigned runID=MonetecFocusedSmallR-659-20260930-07:06:11-58
Setting up network "dect2020scheduledaccess.DectScheduledAccessNetwork"...
Initializing...

Running simulation...
** Event #0   t=0   Elapsed: 3e-06s (0m 00s)
     Speed:     ev/sec=0   simsec/sec=0   ev/simsec=0
     Messages:  created: 2   present: 2   in FES: 2
** Event #135494   t=172.216823725054   Elapsed: 0.010835s (0m 00s)
     Speed:     ev/sec=1.25087e+07   simsec/sec=15898.8   ev/simsec=786.766
     Messages:  created: 2   present: 2   in FES: 1

<!> Simulation stopped with endSimulation() -- in module (ScheduledAccessQueue) DectScheduledAccessNetwork.queue (id=2), at t=172.216823725054s, event #135494

Calling finish() at end of Run #659...

Preparing for running configuration MonetecFocusedSmallR, run #660...
Scenario: $r=10, $rho=0.205, $repetition=0
Assigned runID=MonetecFocusedSmallR-660-20260930-07:06:11-58
Setting up network "dect2020scheduledaccess.DectScheduledAccessNetwork"...
Initializing...

Running simulation...
** Event #0   t=0   Elapsed: 1.1e-05s (0m 00s)
     Speed:     ev/sec=0   simsec/sec=0   ev/simsec=0
     Messages:  created: 2   present: 2   in FES: 2
** Event #137728   t=172.062457720706   Elapsed: 0.010743s (0m 00s)
     Speed:     ev/sec=1.28334e+07   simsec/sec=16032.7   ev/simsec=800.454
     Messages:  created: 2   present: 2   in FES: 1

<!> Simulation stopped with endSimulation() -- in module (ScheduledAccessQueue) DectScheduledAccessNetwork.queue (id=2), at t=172.062457720706s, event #137728

Calling finish() at end of Run #660...

Preparing for running configuration MonetecFocusedSmallR, run #661...
Scenario: $r=10, $rho=0.205, $repetition=1
Assigned runID=MonetecFocusedSmallR-661-20260930-07:06:11-58
Setting up network "dect2020scheduledaccess.DectScheduledAccessNetwork"...
Initializing...

Running simulation...
** Event #0   t=0   Elapsed: 1.5e-05s (0m 00s)
     Speed:     ev/sec=0   simsec/sec=0   ev/simsec=0
     Messages:  created: 2   present: 2   in FES: 2
** Event #137658   t=172.146288276405   Elapsed: 0.010683s (0m 00s)
     Speed:     ev/sec=1.29038e+07   simsec/sec=16136.7   ev/simsec=799.659
     Messages:  created: 2   present: 2   in FES: 1

<!> Simulation stopped with endSimulation() -- in module (ScheduledAccessQueue) DectScheduledAccessNetwork.queue (id=2), at t=172.146288276405s, event #137658

Calling finish() at end of Run #661...

Preparing for running configuration MonetecFocusedSmallR, run #662...
Scenario: $r=10, $rho=0.205, $repetition=2
Assigned runID=MonetecFocusedSmallR-662-20260930-07:06:11-58
Setting up network "dect2020scheduledaccess.DectScheduledAccessNetwork"...
Initializing...

Running simulation...
** Event #0   t=0   Elapsed: 2.1e-05s (0m 00s)
     Speed:     ev/sec=0   simsec/sec=0   ev/simsec=0
     Messages:  created: 2   present: 2   in FES: 2
** Event #137343   t=172.133449023501   Elapsed: 0.010796s (0m 00s)
     Speed:     ev/sec=1.27465e+07   simsec/sec=15975.3   ev/simsec=797.887
     Messages:  created: 2   present: 2   in FES: 1

<!> Simulation stopped with endSimulation() -- in module (ScheduledAccessQueue) DectScheduledAccessNetwork.queue (id=2), at t=172.133449023501s, event #137343

Calling finish() at end of Run #662...

Preparing for running configuration MonetecFocusedSmallR, run #663...
Scenario: $r=10, $rho=0.210, $repetition=0
Assigned runID=MonetecFocusedSmallR-663-20260930-07:06:11-58
Setting up network "dect2020scheduledaccess.DectScheduledAccessNetwork"...
Initializing...

Running simulation...
** Event #0   t=0   Elapsed: 3e-06s (0m 00s)
     Speed:     ev/sec=0   simsec/sec=0   ev/simsec=0
     Messages:  created: 2   present: 2   in FES: 2
** Event #139848   t=172.074802011532   Elapsed: 0.010824s (0m 00s)
     Speed:     ev/sec=1.29238e+07   simsec/sec=15901.9   ev/simsec=812.717
     Messages:  created: 2   present: 2   in FES: 1

<!> Simulation stopped with endSimulation() -- in module (ScheduledAccessQueue) DectScheduledAccessNetwork.queue (id=2), at t=172.074802011532s, event #139848

Calling finish() at end of Run #663...

Preparing for running configuration MonetecFocusedSmallR, run #664...
Scenario: $r=10, $rho=0.210, $repetition=1
Assigned runID=MonetecFocusedSmallR-664-20260930-07:06:11-58
Setting up network "dect2020scheduledaccess.DectScheduledAccessNetwork"...
Initializing...

Running simulation...
** Event #0   t=0   Elapsed: 2e-06s (0m 00s)
     Speed:     ev/sec=0   simsec/sec=0   ev/simsec=0
     Messages:  created: 2   present: 2   in FES: 2
** Event #139513   t=172.062797237532   Elapsed: 0.010824s (0m 00s)
     Speed:     ev/sec=1.28928e+07   simsec/sec=15900.8   ev/simsec=810.826
     Messages:  created: 2   present: 2   in FES: 1

<!> Simulation stopped with endSimulation() -- in module (ScheduledAccessQueue) DectScheduledAccessNetwork.queue (id=2), at t=172.062797237532s, event #139513

Calling finish() at end of Run #664...

Preparing for running configuration MonetecFocusedSmallR, run #665...
Scenario: $r=10, $rho=0.210, $repetition=2
Assigned runID=MonetecFocusedSmallR-665-20260930-07:06:11-58
Setting up network "dect2020scheduledaccess.DectScheduledAccessNetwork"...
Initializing...

Running simulation...
** Event #0   t=0   Elapsed: 2e-06s (0m 00s)
     Speed:     ev/sec=0   simsec/sec=0   ev/simsec=0
     Messages:  created: 2   present: 2   in FES: 2
** Event #139613   t=172.210187332346   Elapsed: 0.010787s (0m 00s)
     Speed:     ev/sec=1.29451e+07   simsec/sec=15967.5   ev/simsec=810.716
     Messages:  created: 2   present: 2   in FES: 1

<!> Simulation stopped with endSimulation() -- in module (ScheduledAccessQueue) DectScheduledAccessNetwork.queue (id=2), at t=172.210187332346s, event #139613

Calling finish() at end of Run #665...

Preparing for running configuration MonetecFocusedSmallR, run #666...
Scenario: $r=10, $rho=0.215, $repetition=0
Assigned runID=MonetecFocusedSmallR-666-20260930-07:06:11-58
Setting up network "dect2020scheduledaccess.DectScheduledAccessNetwork"...
Initializing...

Running simulation...
** Event #0   t=0   Elapsed: 2e-06s (0m 00s)
     Speed:     ev/sec=0   simsec/sec=0   ev/simsec=0
     Messages:  created: 2   present: 2   in FES: 2
** Event #141751   t=172.014154225093   Elapsed: 0.010977s (0m 00s)
     Speed:     ev/sec=1.29146e+07   simsec/sec=15671.8   ev/simsec=824.07
     Messages:  created: 2   present: 2   in FES: 1

<!> Simulation stopped with endSimulation() -- in module (ScheduledAccessQueue) DectScheduledAccessNetwork.queue (id=2), at t=172.014154225093s, event #141751

Calling finish() at end of Run #666...

Preparing for running configuration MonetecFocusedSmallR, run #667...
Scenario: $r=10, $rho=0.215, $repetition=1
Assigned runID=MonetecFocusedSmallR-667-20260930-07:06:11-58
Setting up network "dect2020scheduledaccess.DectScheduledAccessNetwork"...
Initializing...

Running simulation...
** Event #0   t=0   Elapsed: 2e-06s (0m 00s)
     Speed:     ev/sec=0   simsec/sec=0   ev/simsec=0
     Messages:  created: 2   present: 2   in FES: 2
** Event #141589   t=172.081791353572   Elapsed: 0.010987s (0m 00s)
     Speed:     ev/sec=1.28893e+07   simsec/sec=15665.2   ev/simsec=822.801
     Messages:  created: 2   present: 2   in FES: 1

<!> Simulation stopped with endSimulation() -- in module (ScheduledAccessQueue) DectScheduledAccessNetwork.queue (id=2), at t=172.081791353572s, event #141589

Calling finish() at end of Run #667...

Preparing for running configuration MonetecFocusedSmallR, run #668...
Scenario: $r=10, $rho=0.215, $repetition=2
Assigned runID=MonetecFocusedSmallR-668-20260930-07:06:11-58
Setting up network "dect2020scheduledaccess.DectScheduledAccessNetwork"...
Initializing...

Running simulation...
** Event #0   t=0   Elapsed: 3e-05s (0m 00s)
     Speed:     ev/sec=0   simsec/sec=0   ev/simsec=0
     Messages:  created: 2   present: 2   in FES: 2
** Event #141668   t=172.223378864706   Elapsed: 0.010991s (0m 00s)
     Speed:     ev/sec=1.29247e+07   simsec/sec=15712.4   ev/simsec=822.583
     Messages:  created: 2   present: 2   in FES: 1

<!> Simulation stopped with endSimulation() -- in module (ScheduledAccessQueue) DectScheduledAccessNetwork.queue (id=2), at t=172.223378864706s, event #141668

Calling finish() at end of Run #668...

Preparing for running configuration MonetecFocusedSmallR, run #669...
Scenario: $r=10, $rho=0.220, $repetition=0
Assigned runID=MonetecFocusedSmallR-669-20260930-07:06:11-58
Setting up network "dect2020scheduledaccess.DectScheduledAccessNetwork"...
Initializing...

Running simulation...
** Event #0   t=0   Elapsed: 2e-06s (0m 00s)
     Speed:     ev/sec=0   simsec/sec=0   ev/simsec=0
     Messages:  created: 2   present: 2   in FES: 2
** Event #143900   t=172.05142778552   Elapsed: 0.011266s (0m 00s)
     Speed:     ev/sec=1.27752e+07   simsec/sec=15274.4   ev/simsec=836.378
     Messages:  created: 2   present: 2   in FES: 1

<!> Simulation stopped with endSimulation() -- in module (ScheduledAccessQueue) DectScheduledAccessNetwork.queue (id=2), at t=172.05142778552s, event #143900

Calling finish() at end of Run #669...

Preparing for running configuration MonetecFocusedSmallR, run #670...
Scenario: $r=10, $rho=0.220, $repetition=1
Assigned runID=MonetecFocusedSmallR-670-20260930-07:06:11-58
Setting up network "dect2020scheduledaccess.DectScheduledAccessNetwork"...
Initializing...

Running simulation...
** Event #0   t=0   Elapsed: 1.3e-05s (0m 00s)
     Speed:     ev/sec=0   simsec/sec=0   ev/simsec=0
     Messages:  created: 2   present: 2   in FES: 2
** Event #144019   t=172.184241471279   Elapsed: 0.011337s (0m 00s)
     Speed:     ev/sec=1.2718e+07   simsec/sec=15205.2   ev/simsec=836.425
     Messages:  created: 2   present: 2   in FES: 1

<!> Simulation stopped with endSimulation() -- in module (ScheduledAccessQueue) DectScheduledAccessNetwork.queue (id=2), at t=172.184241471279s, event #144019

Calling finish() at end of Run #670...

Preparing for running configuration MonetecFocusedSmallR, run #671...
Scenario: $r=10, $rho=0.220, $repetition=2
Assigned runID=MonetecFocusedSmallR-671-20260930-07:06:11-58
Setting up network "dect2020scheduledaccess.DectScheduledAccessNetwork"...
Initializing...

Running simulation...
** Event #0   t=0   Elapsed: 2e-06s (0m 00s)
     Speed:     ev/sec=0   simsec/sec=0   ev/simsec=0
     Messages:  created: 2   present: 2   in FES: 2
** Event #143573   t=172.143803916671   Elapsed: 0.011156s (0m 00s)
     Speed:     ev/sec=1.28719e+07   simsec/sec=15433.4   ev/simsec=834.03
     Messages:  created: 2   present: 2   in FES: 1

<!> Simulation stopped with endSimulation() -- in module (ScheduledAccessQueue) DectScheduledAccessNetwork.queue (id=2), at t=172.143803916671s, event #143573

Calling finish() at end of Run #671...

Preparing for running configuration MonetecFocusedSmallR, run #672...
Scenario: $r=10, $rho=0.225, $repetition=0
Assigned runID=MonetecFocusedSmallR-672-20260930-07:06:11-58
Setting up network "dect2020scheduledaccess.DectScheduledAccessNetwork"...
Initializing...

Running simulation...
** Event #0   t=0   Elapsed: 3e-06s (0m 00s)
     Speed:     ev/sec=0   simsec/sec=0   ev/simsec=0
     Messages:  created: 2   present: 2   in FES: 2
** Event #145765   t=171.99828501338   Elapsed: 0.011402s (0m 00s)
     Speed:     ev/sec=1.27864e+07   simsec/sec=15087.6   ev/simsec=847.48
     Messages:  created: 2   present: 2   in FES: 1

<!> Simulation stopped with endSimulation() -- in module (ScheduledAccessQueue) DectScheduledAccessNetwork.queue (id=2), at t=171.99828501338s, event #145765

Calling finish() at end of Run #672...

Preparing for running configuration MonetecFocusedSmallR, run #673...
Scenario: $r=10, $rho=0.225, $repetition=1
Assigned runID=MonetecFocusedSmallR-673-20260930-07:06:11-58
Setting up network "dect2020scheduledaccess.DectScheduledAccessNetwork"...
Initializing...

Running simulation...
** Event #0   t=0   Elapsed: 2e-06s (0m 00s)
     Speed:     ev/sec=0   simsec/sec=0   ev/simsec=0
     Messages:  created: 2   present: 2   in FES: 2
** Event #145832   t=172.119363674614   Elapsed: 0.011303s (0m 00s)
     Speed:     ev/sec=1.29032e+07   simsec/sec=15229.1   ev/simsec=847.276
     Messages:  created: 2   present: 2   in FES: 1

<!> Simulation stopped with endSimulation() -- in module (ScheduledAccessQueue) DectScheduledAccessNetwork.queue (id=2), at t=172.119363674614s, event #145832

Calling finish() at end of Run #673...

Preparing for running configuration MonetecFocusedSmallR, run #674...
Scenario: $r=10, $rho=0.225, $repetition=2
Assigned runID=MonetecFocusedSmallR-674-20260930-07:06:11-58
Setting up network "dect2020scheduledaccess.DectScheduledAccessNetwork"...
Initializing...

Running simulation...
** Event #0   t=0   Elapsed: 1.1e-05s (0m 00s)
     Speed:     ev/sec=0   simsec/sec=0   ev/simsec=0
     Messages:  created: 2   present: 2   in FES: 2
** Event #145750   t=172.206278676079   Elapsed: 0.011555s (0m 00s)
     Speed:     ev/sec=1.26256e+07   simsec/sec=14917.4   ev/simsec=846.37
     Messages:  created: 2   present: 2   in FES: 1

<!> Simulation stopped with endSimulation() -- in module (ScheduledAccessQueue) DectScheduledAccessNetwork.queue (id=2), at t=172.206278676079s, event #145750

Calling finish() at end of Run #674...

Preparing for running configuration MonetecFocusedSmallR, run #675...
Scenario: $r=10, $rho=0.230, $repetition=0
Assigned runID=MonetecFocusedSmallR-675-20260930-07:06:11-58
Setting up network "dect2020scheduledaccess.DectScheduledAccessNetwork"...
Initializing...

Running simulation...
** Event #0   t=0   Elapsed: 2e-06s (0m 00s)
     Speed:     ev/sec=0   simsec/sec=0   ev/simsec=0
     Messages:  created: 2   present: 2   in FES: 2
** Event #147955   t=172.016801632803   Elapsed: 0.011417s (0m 00s)
     Speed:     ev/sec=1.29615e+07   simsec/sec=15069.3   ev/simsec=860.121
     Messages:  created: 2   present: 2   in FES: 1

<!> Simulation stopped with endSimulation() -- in module (ScheduledAccessQueue) DectScheduledAccessNetwork.queue (id=2), at t=172.016801632803s, event #147955

Calling finish() at end of Run #675...

Preparing for running configuration MonetecFocusedSmallR, run #676...
Scenario: $r=10, $rho=0.230, $repetition=1
Assigned runID=MonetecFocusedSmallR-676-20260930-07:06:11-58
Setting up network "dect2020scheduledaccess.DectScheduledAccessNetwork"...
Initializing...

Running simulation...
** Event #0   t=0   Elapsed: 2e-06s (0m 00s)
     Speed:     ev/sec=0   simsec/sec=0   ev/simsec=0
     Messages:  created: 2   present: 2   in FES: 2
** Event #147533   t=172.003996857108   Elapsed: 0.011498s (0m 00s)
     Speed:     ev/sec=1.28334e+07   simsec/sec=14962.1   ev/simsec=857.731
     Messages:  created: 2   present: 2   in FES: 1

<!> Simulation stopped with endSimulation() -- in module (ScheduledAccessQueue) DectScheduledAccessNetwork.queue (id=2), at t=172.003996857108s, event #147533

Calling finish() at end of Run #676...

Preparing for running configuration MonetecFocusedSmallR, run #677...
Scenario: $r=10, $rho=0.230, $repetition=2
Assigned runID=MonetecFocusedSmallR-677-20260930-07:06:11-58
Setting up network "dect2020scheduledaccess.DectScheduledAccessNetwork"...
Initializing...

Running simulation...
** Event #0   t=0   Elapsed: 2e-06s (0m 00s)
     Speed:     ev/sec=0   simsec/sec=0   ev/simsec=0
     Messages:  created: 2   present: 2   in FES: 2
** Event #147675   t=172.171928042496   Elapsed: 0.011514s (0m 00s)
     Speed:     ev/sec=1.28279e+07   simsec/sec=14955.8   ev/simsec=857.719
     Messages:  created: 2   present: 2   in FES: 1

<!> Simulation stopped with endSimulation() -- in module (ScheduledAccessQueue) DectScheduledAccessNetwork.queue (id=2), at t=172.171928042496s, event #147675

Calling finish() at end of Run #677...

Preparing for running configuration MonetecFocusedSmallR, run #678...
Scenario: $r=10, $rho=0.235, $repetition=0
Assigned runID=MonetecFocusedSmallR-678-20260930-07:06:11-58
Setting up network "dect2020scheduledaccess.DectScheduledAccessNetwork"...
Initializing...

Running simulation...
** Event #0   t=0   Elapsed: 2e-06s (0m 00s)
     Speed:     ev/sec=0   simsec/sec=0   ev/simsec=0
     Messages:  created: 2   present: 2   in FES: 2
** Event #149912   t=172.003816445349   Elapsed: 0.011578s (0m 00s)
     Speed:     ev/sec=1.29502e+07   simsec/sec=14858.6   ev/simsec=871.563
     Messages:  created: 2   present: 2   in FES: 1

<!> Simulation stopped with endSimulation() -- in module (ScheduledAccessQueue) DectScheduledAccessNetwork.queue (id=2), at t=172.003816445349s, event #149912

Calling finish() at end of Run #678...

Preparing for running configuration MonetecFocusedSmallR, run #679...
Scenario: $r=10, $rho=0.235, $repetition=1
Assigned runID=MonetecFocusedSmallR-679-20260930-07:06:11-58
Setting up network "dect2020scheduledaccess.DectScheduledAccessNetwork"...
Initializing...

Running simulation...
** Event #0   t=0   Elapsed: 3e-06s (0m 00s)
     Speed:     ev/sec=0   simsec/sec=0   ev/simsec=0
     Messages:  created: 2   present: 2   in FES: 2
** Event #149766   t=172.054317267343   Elapsed: 0.011633s (0m 00s)
     Speed:     ev/sec=1.28765e+07   simsec/sec=14792.7   ev/simsec=870.462
     Messages:  created: 2   present: 2   in FES: 1

<!> Simulation stopped with endSimulation() -- in module (ScheduledAccessQueue) DectScheduledAccessNetwork.queue (id=2), at t=172.054317267343s, event #149766

Calling finish() at end of Run #679...

Preparing for running configuration MonetecFocusedSmallR, run #680...
Scenario: $r=10, $rho=0.235, $repetition=2
Assigned runID=MonetecFocusedSmallR-680-20260930-07:06:11-58
Setting up network "dect2020scheduledaccess.DectScheduledAccessNetwork"...
Initializing...

Running simulation...
** Event #0   t=0   Elapsed: 3e-06s (0m 00s)
     Speed:     ev/sec=0   simsec/sec=0   ev/simsec=0
     Messages:  created: 2   present: 2   in FES: 2
** Event #149785   t=172.17255044403   Elapsed: 0.011643s (0m 00s)
     Speed:     ev/sec=1.28681e+07   simsec/sec=14791.5   ev/simsec=869.971
     Messages:  created: 2   present: 2   in FES: 1

<!> Simulation stopped with endSimulation() -- in module (ScheduledAccessQueue) DectScheduledAccessNetwork.queue (id=2), at t=172.17255044403s, event #149785

Calling finish() at end of Run #680...

Preparing for running configuration MonetecFocusedSmallR, run #681...
Scenario: $r=10, $rho=0.240, $repetition=0
Assigned runID=MonetecFocusedSmallR-681-20260930-07:06:11-58
Setting up network "dect2020scheduledaccess.DectScheduledAccessNetwork"...
Initializing...

Running simulation...
** Event #0   t=0   Elapsed: 1.4e-05s (0m 00s)
     Speed:     ev/sec=0   simsec/sec=0   ev/simsec=0
     Messages:  created: 2   present: 2   in FES: 2
** Event #152148   t=172.074356062732   Elapsed: 0.011847s (0m 00s)
     Speed:     ev/sec=1.28569e+07   simsec/sec=14540.7   ev/simsec=884.199
     Messages:  created: 2   present: 2   in FES: 1

<!> Simulation stopped with endSimulation() -- in module (ScheduledAccessQueue) DectScheduledAccessNetwork.queue (id=2), at t=172.074356062732s, event #152148

Calling finish() at end of Run #681...

Preparing for running configuration MonetecFocusedSmallR, run #682...
Scenario: $r=10, $rho=0.240, $repetition=1
Assigned runID=MonetecFocusedSmallR-682-20260930-07:06:11-58
Setting up network "dect2020scheduledaccess.DectScheduledAccessNetwork"...
Initializing...

Running simulation...
** Event #0   t=0   Elapsed: 1.6e-05s (0m 00s)
     Speed:     ev/sec=0   simsec/sec=0   ev/simsec=0
     Messages:  created: 2   present: 2   in FES: 2
** Event #152040   t=172.141485994731   Elapsed: 0.011959s (0m 00s)
     Speed:     ev/sec=1.27305e+07   simsec/sec=14413.5   ev/simsec=883.232
     Messages:  created: 2   present: 2   in FES: 1

<!> Simulation stopped with endSimulation() -- in module (ScheduledAccessQueue) DectScheduledAccessNetwork.queue (id=2), at t=172.141485994731s, event #152040

Calling finish() at end of Run #682...

Preparing for running configuration MonetecFocusedSmallR, run #683...
Scenario: $r=10, $rho=0.240, $repetition=2
Assigned runID=MonetecFocusedSmallR-683-20260930-07:06:11-58
Setting up network "dect2020scheduledaccess.DectScheduledAccessNetwork"...
Initializing...

Running simulation...
** Event #0   t=0   Elapsed: 1.2e-05s (0m 00s)
     Speed:     ev/sec=0   simsec/sec=0   ev/simsec=0
     Messages:  created: 2   present: 2   in FES: 2
** Event #151454   t=172.044724511281   Elapsed: 0.011874s (0m 00s)
     Speed:     ev/sec=1.2768e+07   simsec/sec=14503.8   ev/simsec=880.32
     Messages:  created: 2   present: 2   in FES: 1

<!> Simulation stopped with endSimulation() -- in module (ScheduledAccessQueue) DectScheduledAccessNetwork.queue (id=2), at t=172.044724511281s, event #151454

Calling finish() at end of Run #683...

Preparing for running configuration MonetecFocusedSmallR, run #684...
Scenario: $r=10, $rho=0.245, $repetition=0
Assigned runID=MonetecFocusedSmallR-684-20260930-07:06:11-58
Setting up network "dect2020scheduledaccess.DectScheduledAccessNetwork"...
Initializing...

Running simulation...
** Event #0   t=0   Elapsed: 2e-06s (0m 00s)
     Speed:     ev/sec=0   simsec/sec=0   ev/simsec=0
     Messages:  created: 2   present: 2   in FES: 2
** Event #153744   t=171.896462190796   Elapsed: 0.011942s (0m 00s)
     Speed:     ev/sec=1.28764e+07   simsec/sec=14396.7   ev/simsec=894.4
     Messages:  created: 2   present: 2   in FES: 1

<!> Simulation stopped with endSimulation() -- in module (ScheduledAccessQueue) DectScheduledAccessNetwork.queue (id=2), at t=171.896462190796s, event #153744

Calling finish() at end of Run #684...

Preparing for running configuration MonetecFocusedSmallR, run #685...
Scenario: $r=10, $rho=0.245, $repetition=1
Assigned runID=MonetecFocusedSmallR-685-20260930-07:06:11-58
Setting up network "dect2020scheduledaccess.DectScheduledAccessNetwork"...
Initializing...

Running simulation...
** Event #0   t=0   Elapsed: 1.3e-05s (0m 00s)
     Speed:     ev/sec=0   simsec/sec=0   ev/simsec=0
     Messages:  created: 2   present: 2   in FES: 2
** Event #153976   t=172.108896030717   Elapsed: 0.012019s (0m 00s)
     Speed:     ev/sec=1.28249e+07   simsec/sec=14335.2   ev/simsec=894.644
     Messages:  created: 2   present: 2   in FES: 1

<!> Simulation stopped with endSimulation() -- in module (ScheduledAccessQueue) DectScheduledAccessNetwork.queue (id=2), at t=172.108896030717s, event #153976

Calling finish() at end of Run #685...

Preparing for running configuration MonetecFocusedSmallR, run #686...
Scenario: $r=10, $rho=0.245, $repetition=2
Assigned runID=MonetecFocusedSmallR-686-20260930-07:06:11-58
Setting up network "dect2020scheduledaccess.DectScheduledAccessNetwork"...
Initializing...

Running simulation...
** Event #0   t=0   Elapsed: 1.1e-05s (0m 00s)
     Speed:     ev/sec=0   simsec/sec=0   ev/simsec=0
     Messages:  created: 2   present: 2   in FES: 2
** Event #153880   t=172.171725936907   Elapsed: 0.012023s (0m 00s)
     Speed:     ev/sec=1.28105e+07   simsec/sec=14333.3   ev/simsec=893.759
     Messages:  created: 2   present: 2   in FES: 1

<!> Simulation stopped with endSimulation() -- in module (ScheduledAccessQueue) DectScheduledAccessNetwork.queue (id=2), at t=172.171725936907s, event #153880

Calling finish() at end of Run #686...

Preparing for running configuration MonetecFocusedSmallR, run #687...
Scenario: $r=10, $rho=0.250, $repetition=0
Assigned runID=MonetecFocusedSmallR-687-20260930-07:06:11-58
Setting up network "dect2020scheduledaccess.DectScheduledAccessNetwork"...
Initializing...

Running simulation...
** Event #0   t=0   Elapsed: 1e-05s (0m 00s)
     Speed:     ev/sec=0   simsec/sec=0   ev/simsec=0
     Messages:  created: 2   present: 2   in FES: 2
** Event #156207   t=172.03832209532   Elapsed: 0.012063s (0m 00s)
     Speed:     ev/sec=1.296e+07   simsec/sec=14273.4   ev/simsec=907.982
     Messages:  created: 2   present: 2   in FES: 1

<!> Simulation stopped with endSimulation() -- in module (ScheduledAccessQueue) DectScheduledAccessNetwork.queue (id=2), at t=172.03832209532s, event #156207

Calling finish() at end of Run #687...

Preparing for running configuration MonetecFocusedSmallR, run #688...
Scenario: $r=10, $rho=0.250, $repetition=1
Assigned runID=MonetecFocusedSmallR-688-20260930-07:06:11-58
Setting up network "dect2020scheduledaccess.DectScheduledAccessNetwork"...
Initializing...

Running simulation...
** Event #0   t=0   Elapsed: 2e-06s (0m 00s)
     Speed:     ev/sec=0   simsec/sec=0   ev/simsec=0
     Messages:  created: 2   present: 2   in FES: 2
** Event #156136   t=172.137947529436   Elapsed: 0.012038s (0m 00s)
     Speed:     ev/sec=1.29724e+07   simsec/sec=14301.8   ev/simsec=907.046
     Messages:  created: 2   present: 2   in FES: 1

<!> Simulation stopped with endSimulation() -- in module (ScheduledAccessQueue) DectScheduledAccessNetwork.queue (id=2), at t=172.137947529436s, event #156136

Calling finish() at end of Run #688...

Preparing for running configuration MonetecFocusedSmallR, run #689...
Scenario: $r=10, $rho=0.250, $repetition=2
Assigned runID=MonetecFocusedSmallR-689-20260930-07:06:11-58
Setting up network "dect2020scheduledaccess.DectScheduledAccessNetwork"...
Initializing...

Running simulation...
** Event #0   t=0   Elapsed: 1.6e-05s (0m 00s)
     Speed:     ev/sec=0   simsec/sec=0   ev/simsec=0
     Messages:  created: 2   present: 2   in FES: 2
** Event #156064   t=172.190164941046   Elapsed: 0.01218s (0m 00s)
     Speed:     ev/sec=1.283e+07   simsec/sec=14155.7   ev/simsec=906.35
     Messages:  created: 2   present: 2   in FES: 1

<!> Simulation stopped with endSimulation() -- in module (ScheduledAccessQueue) DectScheduledAccessNetwork.queue (id=2), at t=172.190164941046s, event #156064

Calling finish() at end of Run #689...

Preparing for running configuration MonetecFocusedSmallR, run #690...
Scenario: $r=10, $rho=0.255, $repetition=0
Assigned runID=MonetecFocusedSmallR-690-20260930-07:06:11-58
Setting up network "dect2020scheduledaccess.DectScheduledAccessNetwork"...
Initializing...

Running simulation...
** Event #0   t=0   Elapsed: 3e-06s (0m 00s)
     Speed:     ev/sec=0   simsec/sec=0   ev/simsec=0
     Messages:  created: 2   present: 2   in FES: 2
** Event #158433   t=172.112578995226   Elapsed: 0.012287s (0m 00s)
     Speed:     ev/sec=1.28975e+07   simsec/sec=14011.1   ev/simsec=920.521
     Messages:  created: 2   present: 2   in FES: 1

<!> Simulation stopped with endSimulation() -- in module (ScheduledAccessQueue) DectScheduledAccessNetwork.queue (id=2), at t=172.112578995226s, event #158433

Calling finish() at end of Run #690...

Preparing for running configuration MonetecFocusedSmallR, run #691...
Scenario: $r=10, $rho=0.255, $repetition=1
Assigned runID=MonetecFocusedSmallR-691-20260930-07:06:11-58
Setting up network "dect2020scheduledaccess.DectScheduledAccessNetwork"...
Initializing...

Running simulation...
** Event #0   t=0   Elapsed: 1.4e-05s (0m 00s)
     Speed:     ev/sec=0   simsec/sec=0   ev/simsec=0
     Messages:  created: 2   present: 2   in FES: 2
** Event #158010   t=172.070877379179   Elapsed: 0.012185s (0m 00s)
     Speed:     ev/sec=1.29814e+07   simsec/sec=14136.6   ev/simsec=918.286
     Messages:  created: 2   present: 2   in FES: 1

<!> Simulation stopped with endSimulation() -- in module (ScheduledAccessQueue) DectScheduledAccessNetwork.queue (id=2), at t=172.070877379179s, event #158010

Calling finish() at end of Run #691...

Preparing for running configuration MonetecFocusedSmallR, run #692...
Scenario: $r=10, $rho=0.255, $repetition=2
Assigned runID=MonetecFocusedSmallR-692-20260930-07:06:11-58
Setting up network "dect2020scheduledaccess.DectScheduledAccessNetwork"...
Initializing...

Running simulation...
** Event #0   t=0   Elapsed: 8e-06s (0m 00s)
     Speed:     ev/sec=0   simsec/sec=0   ev/simsec=0
     Messages:  created: 2   present: 2   in FES: 2
** Event #157940   t=172.120114572211   Elapsed: 0.01224s (0m 00s)
     Speed:     ev/sec=1.2912e+07   simsec/sec=14071.3   ev/simsec=917.615
     Messages:  created: 2   present: 2   in FES: 1

<!> Simulation stopped with endSimulation() -- in module (ScheduledAccessQueue) DectScheduledAccessNetwork.queue (id=2), at t=172.120114572211s, event #157940

Calling finish() at end of Run #692...

Preparing for running configuration MonetecFocusedSmallR, run #693...
Scenario: $r=10, $rho=0.260, $repetition=0
Assigned runID=MonetecFocusedSmallR-693-20260930-07:06:11-58
Setting up network "dect2020scheduledaccess.DectScheduledAccessNetwork"...
Initializing...

Running simulation...
** Event #0   t=0   Elapsed: 1.6e-05s (0m 00s)
     Speed:     ev/sec=0   simsec/sec=0   ev/simsec=0
     Messages:  created: 2   present: 2   in FES: 2
** Event #160339   t=172.051018897938   Elapsed: 0.012448s (0m 00s)
     Speed:     ev/sec=1.28973e+07   simsec/sec=13839.4   ev/simsec=931.927
     Messages:  created: 2   present: 2   in FES: 1

<!> Simulation stopped with endSimulation() -- in module (ScheduledAccessQueue) DectScheduledAccessNetwork.queue (id=2), at t=172.051018897938s, event #160339

Calling finish() at end of Run #693...

Preparing for running configuration MonetecFocusedSmallR, run #694...
Scenario: $r=10, $rho=0.260, $repetition=1
Assigned runID=MonetecFocusedSmallR-694-20260930-07:06:11-58
Setting up network "dect2020scheduledaccess.DectScheduledAccessNetwork"...
Initializing...

Running simulation...
** Event #0   t=0   Elapsed: 3e-06s (0m 00s)
     Speed:     ev/sec=0   simsec/sec=0   ev/simsec=0
     Messages:  created: 2   present: 2   in FES: 2
** Event #160201   t=172.10462242952   Elapsed: 0.012469s (0m 00s)
     Speed:     ev/sec=1.2851e+07   simsec/sec=13805.9   ev/simsec=930.837
     Messages:  created: 2   present: 2   in FES: 1

<!> Simulation stopped with endSimulation() -- in module (ScheduledAccessQueue) DectScheduledAccessNetwork.queue (id=2), at t=172.10462242952s, event #160201

Calling finish() at end of Run #694...

Preparing for running configuration MonetecFocusedSmallR, run #695...
Scenario: $r=10, $rho=0.260, $repetition=2
Assigned runID=MonetecFocusedSmallR-695-20260930-07:06:11-58
Setting up network "dect2020scheduledaccess.DectScheduledAccessNetwork"...
Initializing...

Running simulation...
** Event #0   t=0   Elapsed: 2e-06s (0m 00s)
     Speed:     ev/sec=0   simsec/sec=0   ev/simsec=0
     Messages:  created: 2   present: 2   in FES: 2
** Event #159928   t=172.102213207515   Elapsed: 0.012313s (0m 00s)
     Speed:     ev/sec=1.29907e+07   simsec/sec=13979.5   ev/simsec=929.263
     Messages:  created: 2   present: 2   in FES: 1

<!> Simulation stopped with endSimulation() -- in module (ScheduledAccessQueue) DectScheduledAccessNetwork.queue (id=2), at t=172.102213207515s, event #159928

Calling finish() at end of Run #695...

Preparing for running configuration MonetecFocusedSmallR, run #696...
Scenario: $r=10, $rho=0.265, $repetition=0
Assigned runID=MonetecFocusedSmallR-696-20260930-07:06:11-58
Setting up network "dect2020scheduledaccess.DectScheduledAccessNetwork"...
Initializing...

Running simulation...
** Event #0   t=0   Elapsed: 2e-06s (0m 00s)
     Speed:     ev/sec=0   simsec/sec=0   ev/simsec=0
     Messages:  created: 2   present: 2   in FES: 2
** Event #162189   t=171.983496613364   Elapsed: 0.012625s (0m 00s)
     Speed:     ev/sec=1.28487e+07   simsec/sec=13624.6   ev/simsec=943.053
     Messages:  created: 2   present: 2   in FES: 1

<!> Simulation stopped with endSimulation() -- in module (ScheduledAccessQueue) DectScheduledAccessNetwork.queue (id=2), at t=171.983496613364s, event #162189

Calling finish() at end of Run #696...

Preparing for running configuration MonetecFocusedSmallR, run #697...
Scenario: $r=10, $rho=0.265, $repetition=1
Assigned runID=MonetecFocusedSmallR-697-20260930-07:06:12-58
Setting up network "dect2020scheduledaccess.DectScheduledAccessNetwork"...
Initializing...

Running simulation...
** Event #0   t=0   Elapsed: 2e-06s (0m 00s)
     Speed:     ev/sec=0   simsec/sec=0   ev/simsec=0
     Messages:  created: 2   present: 2   in FES: 2
** Event #162358   t=172.1309054021   Elapsed: 0.012672s (0m 00s)
     Speed:     ev/sec=1.28144e+07   simsec/sec=13585.7   ev/simsec=943.226
     Messages:  created: 2   present: 2   in FES: 1

<!> Simulation stopped with endSimulation() -- in module (ScheduledAccessQueue) DectScheduledAccessNetwork.queue (id=2), at t=172.1309054021s, event #162358

Calling finish() at end of Run #697...

Preparing for running configuration MonetecFocusedSmallR, run #698...
Scenario: $r=10, $rho=0.265, $repetition=2
Assigned runID=MonetecFocusedSmallR-698-20260930-07:06:12-58
Setting up network "dect2020scheduledaccess.DectScheduledAccessNetwork"...
Initializing...

Running simulation...
** Event #0   t=0   Elapsed: 2e-06s (0m 00s)
     Speed:     ev/sec=0   simsec/sec=0   ev/simsec=0
     Messages:  created: 2   present: 2   in FES: 2
** Event #161972   t=172.08676113343   Elapsed: 0.012511s (0m 00s)
     Speed:     ev/sec=1.29495e+07   simsec/sec=13758.1   ev/simsec=941.223
     Messages:  created: 2   present: 2   in FES: 1

<!> Simulation stopped with endSimulation() -- in module (ScheduledAccessQueue) DectScheduledAccessNetwork.queue (id=2), at t=172.08676113343s, event #161972

Calling finish() at end of Run #698...

Preparing for running configuration MonetecFocusedSmallR, run #699...
Scenario: $r=10, $rho=0.270, $repetition=0
Assigned runID=MonetecFocusedSmallR-699-20260930-07:06:12-58
Setting up network "dect2020scheduledaccess.DectScheduledAccessNetwork"...
Initializing...

Running simulation...
** Event #0   t=0   Elapsed: 3e-06s (0m 00s)
     Speed:     ev/sec=0   simsec/sec=0   ev/simsec=0
     Messages:  created: 2   present: 2   in FES: 2
** Event #164722   t=172.151380226434   Elapsed: 0.012648s (0m 00s)
     Speed:     ev/sec=1.30256e+07   simsec/sec=13613.1   ev/simsec=956.845
     Messages:  created: 2   present: 2   in FES: 1

<!> Simulation stopped with endSimulation() -- in module (ScheduledAccessQueue) DectScheduledAccessNetwork.queue (id=2), at t=172.151380226434s, event #164722

Calling finish() at end of Run #699...

Preparing for running configuration MonetecFocusedSmallR, run #700...
Scenario: $r=10, $rho=0.270, $repetition=1
Assigned runID=MonetecFocusedSmallR-700-20260930-07:06:12-58
Setting up network "dect2020scheduledaccess.DectScheduledAccessNetwork"...
Initializing...

Running simulation...
** Event #0   t=0   Elapsed: 2e-06s (0m 00s)
     Speed:     ev/sec=0   simsec/sec=0   ev/simsec=0
     Messages:  created: 2   present: 2   in FES: 2
** Event #164675   t=172.209399859569   Elapsed: 0.012812s (0m 00s)
     Speed:     ev/sec=1.28542e+07   simsec/sec=13442.3   ev/simsec=956.251
     Messages:  created: 2   present: 2   in FES: 1

<!> Simulation stopped with endSimulation() -- in module (ScheduledAccessQueue) DectScheduledAccessNetwork.queue (id=2), at t=172.209399859569s, event #164675

Calling finish() at end of Run #700...

Preparing for running configuration MonetecFocusedSmallR, run #701...
Scenario: $r=10, $rho=0.270, $repetition=2
Assigned runID=MonetecFocusedSmallR-701-20260930-07:06:12-58
Setting up network "dect2020scheduledaccess.DectScheduledAccessNetwork"...
Initializing...

Running simulation...
** Event #0   t=0   Elapsed: 2e-06s (0m 00s)
     Speed:     ev/sec=0   simsec/sec=0   ev/simsec=0
     Messages:  created: 2   present: 2   in FES: 2
** Event #164303   t=172.155326457785   Elapsed: 0.012616s (0m 00s)
     Speed:     ev/sec=1.30254e+07   simsec/sec=13647.9   ev/simsec=954.389
     Messages:  created: 2   present: 2   in FES: 1

<!> Simulation stopped with endSimulation() -- in module (ScheduledAccessQueue) DectScheduledAccessNetwork.queue (id=2), at t=172.155326457785s, event #164303

Calling finish() at end of Run #701...

Preparing for running configuration MonetecFocusedSmallR, run #702...
Scenario: $r=10, $rho=0.275, $repetition=0
Assigned runID=MonetecFocusedSmallR-702-20260930-07:06:12-58
Setting up network "dect2020scheduledaccess.DectScheduledAccessNetwork"...
Initializing...

Running simulation...
** Event #0   t=0   Elapsed: 2e-06s (0m 00s)
     Speed:     ev/sec=0   simsec/sec=0   ev/simsec=0
     Messages:  created: 2   present: 2   in FES: 2
** Event #166657   t=172.102844569334   Elapsed: 0.012815s (0m 00s)
     Speed:     ev/sec=1.30069e+07   simsec/sec=13431.9   ev/simsec=968.358
     Messages:  created: 2   present: 2   in FES: 1

<!> Simulation stopped with endSimulation() -- in module (ScheduledAccessQueue) DectScheduledAccessNetwork.queue (id=2), at t=172.102844569334s, event #166657

Calling finish() at end of Run #702...

Preparing for running configuration MonetecFocusedSmallR, run #703...
Scenario: $r=10, $rho=0.275, $repetition=1
Assigned runID=MonetecFocusedSmallR-703-20260930-07:06:12-58
Setting up network "dect2020scheduledaccess.DectScheduledAccessNetwork"...
Initializing...

Running simulation...
** Event #0   t=0   Elapsed: 3e-06s (0m 00s)
     Speed:     ev/sec=0   simsec/sec=0   ev/simsec=0
     Messages:  created: 2   present: 2   in FES: 2
** Event #166302   t=172.07209597818   Elapsed: 0.012765s (0m 00s)
     Speed:     ev/sec=1.3031e+07   simsec/sec=13483.1   ev/simsec=966.468
     Messages:  created: 2   present: 2   in FES: 1

<!> Simulation stopped with endSimulation() -- in module (ScheduledAccessQueue) DectScheduledAccessNetwork.queue (id=2), at t=172.07209597818s, event #166302

Calling finish() at end of Run #703...

Preparing for running configuration MonetecFocusedSmallR, run #704...
Scenario: $r=10, $rho=0.275, $repetition=2
Assigned runID=MonetecFocusedSmallR-704-20260930-07:06:12-58
Setting up network "dect2020scheduledaccess.DectScheduledAccessNetwork"...
Initializing...

Running simulation...
** Event #0   t=0   Elapsed: 3e-06s (0m 00s)
     Speed:     ev/sec=0   simsec/sec=0   ev/simsec=0
     Messages:  created: 2   present: 2   in FES: 2
** Event #166381   t=172.180504048701   Elapsed: 0.012794s (0m 00s)
     Speed:     ev/sec=1.30077e+07   simsec/sec=13461.1   ev/simsec=966.318
     Messages:  created: 2   present: 2   in FES: 1

<!> Simulation stopped with endSimulation() -- in module (ScheduledAccessQueue) DectScheduledAccessNetwork.queue (id=2), at t=172.180504048701s, event #166381

Calling finish() at end of Run #704...

Preparing for running configuration MonetecFocusedSmallR, run #705...
Scenario: $r=10, $rho=0.280, $repetition=0
Assigned runID=MonetecFocusedSmallR-705-20260930-07:06:12-58
Setting up network "dect2020scheduledaccess.DectScheduledAccessNetwork"...
Initializing...

Running simulation...
** Event #0   t=0   Elapsed: 3e-06s (0m 00s)
     Speed:     ev/sec=0   simsec/sec=0   ev/simsec=0
     Messages:  created: 2   present: 2   in FES: 2
** Event #168405   t=172.000708768424   Elapsed: 0.012944s (0m 00s)
     Speed:     ev/sec=1.30123e+07   simsec/sec=13290.1   ev/simsec=979.096
     Messages:  created: 2   present: 2   in FES: 1

<!> Simulation stopped with endSimulation() -- in module (ScheduledAccessQueue) DectScheduledAccessNetwork.queue (id=2), at t=172.000708768424s, event #168405

Calling finish() at end of Run #705...

Preparing for running configuration MonetecFocusedSmallR, run #706...
Scenario: $r=10, $rho=0.280, $repetition=1
Assigned runID=MonetecFocusedSmallR-706-20260930-07:06:12-58
Setting up network "dect2020scheduledaccess.DectScheduledAccessNetwork"...
Initializing...

Running simulation...
** Event #0   t=0   Elapsed: 1.3e-05s (0m 00s)
     Speed:     ev/sec=0   simsec/sec=0   ev/simsec=0
     Messages:  created: 2   present: 2   in FES: 2
** Event #168626   t=172.137890238322   Elapsed: 0.012951s (0m 00s)
     Speed:     ev/sec=1.30334e+07   simsec/sec=13304.8   ev/simsec=979.603
     Messages:  created: 2   present: 2   in FES: 1

<!> Simulation stopped with endSimulation() -- in module (ScheduledAccessQueue) DectScheduledAccessNetwork.queue (id=2), at t=172.137890238322s, event #168626

Calling finish() at end of Run #706...

Preparing for running configuration MonetecFocusedSmallR, run #707...
Scenario: $r=10, $rho=0.280, $repetition=2
Assigned runID=MonetecFocusedSmallR-707-20260930-07:06:12-58
Setting up network "dect2020scheduledaccess.DectScheduledAccessNetwork"...
Initializing...

Running simulation...
** Event #0   t=0   Elapsed: 3e-06s (0m 00s)
     Speed:     ev/sec=0   simsec/sec=0   ev/simsec=0
     Messages:  created: 2   present: 2   in FES: 2
** Event #168322   t=172.133817289451   Elapsed: 0.012973s (0m 00s)
     Speed:     ev/sec=1.29778e+07   simsec/sec=13271.7   ev/simsec=977.856
     Messages:  created: 2   present: 2   in FES: 1

<!> Simulation stopped with endSimulation() -- in module (ScheduledAccessQueue) DectScheduledAccessNetwork.queue (id=2), at t=172.133817289451s, event #168322

Calling finish() at end of Run #707...

Preparing for running configuration MonetecFocusedSmallR, run #708...
Scenario: $r=10, $rho=0.285, $repetition=0
Assigned runID=MonetecFocusedSmallR-708-20260930-07:06:12-58
Setting up network "dect2020scheduledaccess.DectScheduledAccessNetwork"...
Initializing...

Running simulation...
** Event #0   t=0   Elapsed: 1.3e-05s (0m 00s)
     Speed:     ev/sec=0   simsec/sec=0   ev/simsec=0
     Messages:  created: 2   present: 2   in FES: 2
** Event #170606   t=172.055531970792   Elapsed: 0.013138s (0m 00s)
     Speed:     ev/sec=1.29986e+07   simsec/sec=13109   ev/simsec=991.577
     Messages:  created: 2   present: 2   in FES: 1

<!> Simulation stopped with endSimulation() -- in module (ScheduledAccessQueue) DectScheduledAccessNetwork.queue (id=2), at t=172.055531970792s, event #170606

Calling finish() at end of Run #708...

Preparing for running configuration MonetecFocusedSmallR, run #709...
Scenario: $r=10, $rho=0.285, $repetition=1
Assigned runID=MonetecFocusedSmallR-709-20260930-07:06:12-58
Setting up network "dect2020scheduledaccess.DectScheduledAccessNetwork"...
Initializing...

Running simulation...
** Event #0   t=0   Elapsed: 2e-06s (0m 00s)
     Speed:     ev/sec=0   simsec/sec=0   ev/simsec=0
     Messages:  created: 2   present: 2   in FES: 2
** Event #171036   t=172.241049516911   Elapsed: 0.013138s (0m 00s)
     Speed:     ev/sec=1.30204e+07   simsec/sec=13112.1   ev/simsec=993.005
     Messages:  created: 2   present: 2   in FES: 1

<!> Simulation stopped with endSimulation() -- in module (ScheduledAccessQueue) DectScheduledAccessNetwork.queue (id=2), at t=172.241049516911s, event #171036

Calling finish() at end of Run #709...

Preparing for running configuration MonetecFocusedSmallR, run #710...
Scenario: $r=10, $rho=0.285, $repetition=2
Assigned runID=MonetecFocusedSmallR-710-20260930-07:06:12-58
Setting up network "dect2020scheduledaccess.DectScheduledAccessNetwork"...
Initializing...

Running simulation...
** Event #0   t=0   Elapsed: 3e-06s (0m 00s)
     Speed:     ev/sec=0   simsec/sec=0   ev/simsec=0
     Messages:  created: 2   present: 2   in FES: 2
** Event #170186   t=172.0735905573   Elapsed: 0.013172s (0m 00s)
     Speed:     ev/sec=1.29232e+07   simsec/sec=13066.5   ev/simsec=989.032
     Messages:  created: 2   present: 2   in FES: 1

<!> Simulation stopped with endSimulation() -- in module (ScheduledAccessQueue) DectScheduledAccessNetwork.queue (id=2), at t=172.0735905573s, event #170186

Calling finish() at end of Run #710...

Preparing for running configuration MonetecFocusedSmallR, run #711...
Scenario: $r=10, $rho=0.290, $repetition=0
Assigned runID=MonetecFocusedSmallR-711-20260930-07:06:12-58
Setting up network "dect2020scheduledaccess.DectScheduledAccessNetwork"...
Initializing...

Running simulation...
** Event #0   t=0   Elapsed: 1.2e-05s (0m 00s)
     Speed:     ev/sec=0   simsec/sec=0   ev/simsec=0
     Messages:  created: 2   present: 2   in FES: 2
** Event #172778   t=172.10992572494   Elapsed: 0.013306s (0m 00s)
     Speed:     ev/sec=1.29967e+07   simsec/sec=12946.4   ev/simsec=1003.89
     Messages:  created: 2   present: 2   in FES: 1

<!> Simulation stopped with endSimulation() -- in module (ScheduledAccessQueue) DectScheduledAccessNetwork.queue (id=2), at t=172.10992572494s, event #172778

Calling finish() at end of Run #711...

Preparing for running configuration MonetecFocusedSmallR, run #712...
Scenario: $r=10, $rho=0.290, $repetition=1
Assigned runID=MonetecFocusedSmallR-712-20260930-07:06:12-58
Setting up network "dect2020scheduledaccess.DectScheduledAccessNetwork"...
Initializing...

Running simulation...
** Event #0   t=0   Elapsed: 1.6e-05s (0m 00s)
     Speed:     ev/sec=0   simsec/sec=0   ev/simsec=0
     Messages:  created: 2   present: 2   in FES: 2
** Event #172638   t=172.100598501845   Elapsed: 0.01321s (0m 00s)
     Speed:     ev/sec=1.30846e+07   simsec/sec=13043.8   ev/simsec=1003.12
     Messages:  created: 2   present: 2   in FES: 1

<!> Simulation stopped with endSimulation() -- in module (ScheduledAccessQueue) DectScheduledAccessNetwork.queue (id=2), at t=172.100598501845s, event #172638

Calling finish() at end of Run #712...

Preparing for running configuration MonetecFocusedSmallR, run #713...
Scenario: $r=10, $rho=0.290, $repetition=2
Assigned runID=MonetecFocusedSmallR-713-20260930-07:06:12-58
Setting up network "dect2020scheduledaccess.DectScheduledAccessNetwork"...
Initializing...

Running simulation...
** Event #0   t=0   Elapsed: 3e-06s (0m 00s)
     Speed:     ev/sec=0   simsec/sec=0   ev/simsec=0
     Messages:  created: 2   present: 2   in FES: 2
** Event #172330   t=172.111894752348   Elapsed: 0.013129s (0m 00s)
     Speed:     ev/sec=1.31289e+07   simsec/sec=13112.2   ev/simsec=1001.27
     Messages:  created: 2   present: 2   in FES: 1

<!> Simulation stopped with endSimulation() -- in module (ScheduledAccessQueue) DectScheduledAccessNetwork.queue (id=2), at t=172.111894752348s, event #172330

Calling finish() at end of Run #713...

Preparing for running configuration MonetecFocusedSmallR, run #714...
Scenario: $r=10, $rho=0.295, $repetition=0
Assigned runID=MonetecFocusedSmallR-714-20260930-07:06:12-58
Setting up network "dect2020scheduledaccess.DectScheduledAccessNetwork"...
Initializing...

Running simulation...
** Event #0   t=0   Elapsed: 3e-06s (0m 00s)
     Speed:     ev/sec=0   simsec/sec=0   ev/simsec=0
     Messages:  created: 2   present: 2   in FES: 2
** Event #174526   t=171.990557085731   Elapsed: 0.013319s (0m 00s)
     Speed:     ev/sec=1.31065e+07   simsec/sec=12916.1   ev/simsec=1014.74
     Messages:  created: 2   present: 2   in FES: 1

<!> Simulation stopped with endSimulation() -- in module (ScheduledAccessQueue) DectScheduledAccessNetwork.queue (id=2), at t=171.990557085731s, event #174526

Calling finish() at end of Run #714...

Preparing for running configuration MonetecFocusedSmallR, run #715...
Scenario: $r=10, $rho=0.295, $repetition=1
Assigned runID=MonetecFocusedSmallR-715-20260930-07:06:12-58
Setting up network "dect2020scheduledaccess.DectScheduledAccessNetwork"...
Initializing...

Running simulation...
** Event #0   t=0   Elapsed: 5e-06s (0m 00s)
     Speed:     ev/sec=0   simsec/sec=0   ev/simsec=0
     Messages:  created: 2   present: 2   in FES: 2
** Event #175101   t=172.207228852733   Elapsed: 0.013412s (0m 00s)
     Speed:     ev/sec=1.30604e+07   simsec/sec=12844.5   ev/simsec=1016.81
     Messages:  created: 2   present: 2   in FES: 1

<!> Simulation stopped with endSimulation() -- in module (ScheduledAccessQueue) DectScheduledAccessNetwork.queue (id=2), at t=172.207228852733s, event #175101

Calling finish() at end of Run #715...

Preparing for running configuration MonetecFocusedSmallR, run #716...
Scenario: $r=10, $rho=0.295, $repetition=2
Assigned runID=MonetecFocusedSmallR-716-20260930-07:06:12-58
Setting up network "dect2020scheduledaccess.DectScheduledAccessNetwork"...
Initializing...

Running simulation...
** Event #0   t=0   Elapsed: 2e-06s (0m 00s)
     Speed:     ev/sec=0   simsec/sec=0   ev/simsec=0
     Messages:  created: 2   present: 2   in FES: 2
** Event #174356   t=172.062311703808   Elapsed: 0.013363s (0m 00s)
     Speed:     ev/sec=1.30486e+07   simsec/sec=12877   ev/simsec=1013.33
     Messages:  created: 2   present: 2   in FES: 1

<!> Simulation stopped with endSimulation() -- in module (ScheduledAccessQueue) DectScheduledAccessNetwork.queue (id=2), at t=172.062311703808s, event #174356

Calling finish() at end of Run #716...

Preparing for running configuration MonetecFocusedSmallR, run #717...
Scenario: $r=10, $rho=0.300, $repetition=0
Assigned runID=MonetecFocusedSmallR-717-20260930-07:06:12-58
Setting up network "dect2020scheduledaccess.DectScheduledAccessNetwork"...
Initializing...

Running simulation...
** Event #0   t=0   Elapsed: 2e-06s (0m 00s)
     Speed:     ev/sec=0   simsec/sec=0   ev/simsec=0
     Messages:  created: 2   present: 2   in FES: 2
** Event #176799   t=172.039069701361   Elapsed: 0.013749s (0m 00s)
     Speed:     ev/sec=1.286e+07   simsec/sec=12513.7   ev/simsec=1027.67
     Messages:  created: 2   present: 2   in FES: 1

<!> Simulation stopped with endSimulation() -- in module (ScheduledAccessQueue) DectScheduledAccessNetwork.queue (id=2), at t=172.039069701361s, event #176799

Calling finish() at end of Run #717...

Preparing for running configuration MonetecFocusedSmallR, run #718...
Scenario: $r=10, $rho=0.300, $repetition=1
Assigned runID=MonetecFocusedSmallR-718-20260930-07:06:12-58
Setting up network "dect2020scheduledaccess.DectScheduledAccessNetwork"...
Initializing...

Running simulation...
** Event #0   t=0   Elapsed: 1.1e-05s (0m 00s)
     Speed:     ev/sec=0   simsec/sec=0   ev/simsec=0
     Messages:  created: 2   present: 2   in FES: 2
** Event #177296   t=172.22951262698   Elapsed: 0.013706s (0m 00s)
     Speed:     ev/sec=1.2946e+07   simsec/sec=12576.1   ev/simsec=1029.42
     Messages:  created: 2   present: 2   in FES: 1

<!> Simulation stopped with endSimulation() -- in module (ScheduledAccessQueue) DectScheduledAccessNetwork.queue (id=2), at t=172.22951262698s, event #177296

Calling finish() at end of Run #718...

Preparing for running configuration MonetecFocusedSmallR, run #719...
Scenario: $r=10, $rho=0.300, $repetition=2
Assigned runID=MonetecFocusedSmallR-719-20260930-07:06:12-58
Setting up network "dect2020scheduledaccess.DectScheduledAccessNetwork"...
Initializing...

Running simulation...
** Event #0   t=0   Elapsed: 1.4e-05s (0m 00s)
     Speed:     ev/sec=0   simsec/sec=0   ev/simsec=0
     Messages:  created: 2   present: 2   in FES: 2
** Event #176929   t=172.214352185303   Elapsed: 0.013564s (0m 00s)
     Speed:     ev/sec=1.30575e+07   simsec/sec=12709.5   ev/simsec=1027.38
     Messages:  created: 2   present: 2   in FES: 1

<!> Simulation stopped with endSimulation() -- in module (ScheduledAccessQueue) DectScheduledAccessNetwork.queue (id=2), at t=172.214352185303s, event #176929

Calling finish() at end of Run #719...

Preparing for running configuration MonetecFocusedSmallR, run #720...
Scenario: $r=13, $rho=0.005, $repetition=0
Assigned runID=MonetecFocusedSmallR-720-20260930-07:06:12-58
Setting up network "dect2020scheduledaccess.DectScheduledAccessNetwork"...
Initializing...

Running simulation...
** Event #0   t=0   Elapsed: 2.9e-05s (0m 00s)
     Speed:     ev/sec=0   simsec/sec=0   ev/simsec=0
     Messages:  created: 2   present: 2   in FES: 2
** Event #389119   t=2886.613252335852   Elapsed: 0.023683s (0m 00s)
     Speed:     ev/sec=1.64505e+07   simsec/sec=122035   ev/simsec=134.801
     Messages:  created: 2   present: 2   in FES: 1

<!> Simulation stopped with endSimulation() -- in module (ScheduledAccessQueue) DectScheduledAccessNetwork.queue (id=2), at t=2886.613252335852s, event #389119

Calling finish() at end of Run #720...

Preparing for running configuration MonetecFocusedSmallR, run #721...
Scenario: $r=13, $rho=0.005, $repetition=1
Assigned runID=MonetecFocusedSmallR-721-20260930-07:06:12-58
Setting up network "dect2020scheduledaccess.DectScheduledAccessNetwork"...
Initializing...

Running simulation...
** Event #0   t=0   Elapsed: 2e-06s (0m 00s)
     Speed:     ev/sec=0   simsec/sec=0   ev/simsec=0
     Messages:  created: 2   present: 2   in FES: 2
** Event #392466   t=2916.726505529272   Elapsed: 0.023797s (0m 00s)
     Speed:     ev/sec=1.64936e+07   simsec/sec=122577   ev/simsec=134.557
     Messages:  created: 2   present: 2   in FES: 1

<!> Simulation stopped with endSimulation() -- in module (ScheduledAccessQueue) DectScheduledAccessNetwork.queue (id=2), at t=2916.726505529272s, event #392466

Calling finish() at end of Run #721...

Preparing for running configuration MonetecFocusedSmallR, run #722...
Scenario: $r=13, $rho=0.005, $repetition=2
Assigned runID=MonetecFocusedSmallR-722-20260930-07:06:12-58
Setting up network "dect2020scheduledaccess.DectScheduledAccessNetwork"...
Initializing...

Running simulation...
** Event #0   t=0   Elapsed: 1.6e-05s (0m 00s)
     Speed:     ev/sec=0   simsec/sec=0   ev/simsec=0
     Messages:  created: 2   present: 2   in FES: 2
** Event #389795   t=2892.738498770359   Elapsed: 0.023543s (0m 00s)
     Speed:     ev/sec=1.65673e+07   simsec/sec=122949   ev/simsec=134.75
     Messages:  created: 2   present: 2   in FES: 1

<!> Simulation stopped with endSimulation() -- in module (ScheduledAccessQueue) DectScheduledAccessNetwork.queue (id=2), at t=2892.738498770359s, event #389795

Calling finish() at end of Run #722...

Preparing for running configuration MonetecFocusedSmallR, run #723...
Scenario: $r=13, $rho=0.010, $repetition=0
Assigned runID=MonetecFocusedSmallR-723-20260930-07:06:12-58
Setting up network "dect2020scheduledaccess.DectScheduledAccessNetwork"...
Initializing...

Running simulation...
** Event #0   t=0   Elapsed: 3e-06s (0m 00s)
     Speed:     ev/sec=0   simsec/sec=0   ev/simsec=0
     Messages:  created: 2   present: 2   in FES: 2
** Event #228785   t=1443.596070388846   Elapsed: 0.014581s (0m 00s)
     Speed:     ev/sec=1.56939e+07   simsec/sec=99025.7   ev/simsec=158.483
     Messages:  created: 2   present: 2   in FES: 1

<!> Simulation stopped with endSimulation() -- in module (ScheduledAccessQueue) DectScheduledAccessNetwork.queue (id=2), at t=1443.596070388846s, event #228785

Calling finish() at end of Run #723...

Preparing for running configuration MonetecFocusedSmallR, run #724...
Scenario: $r=13, $rho=0.010, $repetition=1
Assigned runID=MonetecFocusedSmallR-724-20260930-07:06:12-58
Setting up network "dect2020scheduledaccess.DectScheduledAccessNetwork"...
Initializing...

Running simulation...
** Event #0   t=0   Elapsed: 1e-05s (0m 00s)
     Speed:     ev/sec=0   simsec/sec=0   ev/simsec=0
     Messages:  created: 2   present: 2   in FES: 2
** Event #230706   t=1460.861580971635   Elapsed: 0.01477s (0m 00s)
     Speed:     ev/sec=1.56305e+07   simsec/sec=98974.3   ev/simsec=157.925
     Messages:  created: 2   present: 2   in FES: 1

<!> Simulation stopped with endSimulation() -- in module (ScheduledAccessQueue) DectScheduledAccessNetwork.queue (id=2), at t=1460.861580971635s, event #230706

Calling finish() at end of Run #724...

Preparing for running configuration MonetecFocusedSmallR, run #725...
Scenario: $r=13, $rho=0.010, $repetition=2
Assigned runID=MonetecFocusedSmallR-725-20260930-07:06:12-58
Setting up network "dect2020scheduledaccess.DectScheduledAccessNetwork"...
Initializing...

Running simulation...
** Event #0   t=0   Elapsed: 1.1e-05s (0m 00s)
     Speed:     ev/sec=0   simsec/sec=0   ev/simsec=0
     Messages:  created: 2   present: 2   in FES: 2
** Event #229087   t=1446.36652092372   Elapsed: 0.014722s (0m 00s)
     Speed:     ev/sec=1.55725e+07   simsec/sec=98318.6   ev/simsec=158.388
     Messages:  created: 2   present: 2   in FES: 1

<!> Simulation stopped with endSimulation() -- in module (ScheduledAccessQueue) DectScheduledAccessNetwork.queue (id=2), at t=1446.36652092372s, event #229087

Calling finish() at end of Run #725...

Preparing for running configuration MonetecFocusedSmallR, run #726...
Scenario: $r=13, $rho=0.015, $repetition=0
Assigned runID=MonetecFocusedSmallR-726-20260930-07:06:12-58
Setting up network "dect2020scheduledaccess.DectScheduledAccessNetwork"...
Initializing...

Running simulation...
** Event #0   t=0   Elapsed: 1e-05s (0m 00s)
     Speed:     ev/sec=0   simsec/sec=0   ev/simsec=0
     Messages:  created: 2   present: 2   in FES: 2
** Event #175351   t=962.685764490582   Elapsed: 0.011659s (0m 00s)
     Speed:     ev/sec=1.50529e+07   simsec/sec=82641.1   ev/simsec=182.148
     Messages:  created: 2   present: 2   in FES: 1

<!> Simulation stopped with endSimulation() -- in module (ScheduledAccessQueue) DectScheduledAccessNetwork.queue (id=2), at t=962.685764490582s, event #175351

Calling finish() at end of Run #726...

Preparing for running configuration MonetecFocusedSmallR, run #727...
Scenario: $r=13, $rho=0.015, $repetition=1
Assigned runID=MonetecFocusedSmallR-727-20260930-07:06:12-58
Setting up network "dect2020scheduledaccess.DectScheduledAccessNetwork"...
Initializing...

Running simulation...
** Event #0   t=0   Elapsed: 1.2e-05s (0m 00s)
     Speed:     ev/sec=0   simsec/sec=0   ev/simsec=0
     Messages:  created: 2   present: 2   in FES: 2
** Event #175981   t=968.418894668045   Elapsed: 0.011792s (0m 00s)
     Speed:     ev/sec=1.49377e+07   simsec/sec=82201.7   ev/simsec=181.72
     Messages:  created: 2   present: 2   in FES: 1

<!> Simulation stopped with endSimulation() -- in module (ScheduledAccessQueue) DectScheduledAccessNetwork.queue (id=2), at t=968.418894668045s, event #175981

Calling finish() at end of Run #727...

Preparing for running configuration MonetecFocusedSmallR, run #728...
Scenario: $r=13, $rho=0.015, $repetition=2
Assigned runID=MonetecFocusedSmallR-728-20260930-07:06:12-58
Setting up network "dect2020scheduledaccess.DectScheduledAccessNetwork"...
Initializing...

Running simulation...
** Event #0   t=0   Elapsed: 2e-06s (0m 00s)
     Speed:     ev/sec=0   simsec/sec=0   ev/simsec=0
     Messages:  created: 2   present: 2   in FES: 2
** Event #175528   t=964.334276081494   Elapsed: 0.011692s (0m 00s)
     Speed:     ev/sec=1.50165e+07   simsec/sec=82499.2   ev/simsec=182.02
     Messages:  created: 2   present: 2   in FES: 1

<!> Simulation stopped with endSimulation() -- in module (ScheduledAccessQueue) DectScheduledAccessNetwork.queue (id=2), at t=964.334276081494s, event #175528

Calling finish() at end of Run #728...

Preparing for running configuration MonetecFocusedSmallR, run #729...
Scenario: $r=13, $rho=0.020, $repetition=0
Assigned runID=MonetecFocusedSmallR-729-20260930-07:06:12-58
Setting up network "dect2020scheduledaccess.DectScheduledAccessNetwork"...
Initializing...

Running simulation...
** Event #0   t=0   Elapsed: 2e-06s (0m 00s)
     Speed:     ev/sec=0   simsec/sec=0   ev/simsec=0
     Messages:  created: 2   present: 2   in FES: 2
** Event #148616   t=722.069786024876   Elapsed: 0.010145s (0m 00s)
     Speed:     ev/sec=1.46521e+07   simsec/sec=71189   ev/simsec=205.819
     Messages:  created: 2   present: 2   in FES: 1

<!> Simulation stopped with endSimulation() -- in module (ScheduledAccessQueue) DectScheduledAccessNetwork.queue (id=2), at t=722.069786024876s, event #148616

Calling finish() at end of Run #729...

Preparing for running configuration MonetecFocusedSmallR, run #730...
Scenario: $r=13, $rho=0.020, $repetition=1
Assigned runID=MonetecFocusedSmallR-730-20260930-07:06:12-58
Setting up network "dect2020scheduledaccess.DectScheduledAccessNetwork"...
Initializing...

Running simulation...
** Event #0   t=0   Elapsed: 2e-06s (0m 00s)
     Speed:     ev/sec=0   simsec/sec=0   ev/simsec=0
     Messages:  created: 2   present: 2   in FES: 2
** Event #149085   t=726.354075796872   Elapsed: 0.010199s (0m 00s)
     Speed:     ev/sec=1.46205e+07   simsec/sec=71232   ev/simsec=205.251
     Messages:  created: 2   present: 2   in FES: 1

<!> Simulation stopped with endSimulation() -- in module (ScheduledAccessQueue) DectScheduledAccessNetwork.queue (id=2), at t=726.354075796872s, event #149085

Calling finish() at end of Run #730...

Preparing for running configuration MonetecFocusedSmallR, run #731...
Scenario: $r=13, $rho=0.020, $repetition=2
Assigned runID=MonetecFocusedSmallR-731-20260930-07:06:12-58
Setting up network "dect2020scheduledaccess.DectScheduledAccessNetwork"...
Initializing...

Running simulation...
** Event #0   t=0   Elapsed: 9e-06s (0m 00s)
     Speed:     ev/sec=0   simsec/sec=0   ev/simsec=0
     Messages:  created: 2   present: 2   in FES: 2
** Event #148681   t=722.721863725748   Elapsed: 0.01036s (0m 00s)
     Speed:     ev/sec=1.43639e+07   simsec/sec=69821.3   ev/simsec=205.724
     Messages:  created: 2   present: 2   in FES: 1

<!> Simulation stopped with endSimulation() -- in module (ScheduledAccessQueue) DectScheduledAccessNetwork.queue (id=2), at t=722.721863725748s, event #148681

Calling finish() at end of Run #731...

Preparing for running configuration MonetecFocusedSmallR, run #732...
Scenario: $r=13, $rho=0.025, $repetition=0
Assigned runID=MonetecFocusedSmallR-732-20260930-07:06:12-58
Setting up network "dect2020scheduledaccess.DectScheduledAccessNetwork"...
Initializing...

Running simulation...
** Event #0   t=0   Elapsed: 2e-06s (0m 00s)
     Speed:     ev/sec=0   simsec/sec=0   ev/simsec=0
     Messages:  created: 2   present: 2   in FES: 2
** Event #132606   t=577.93751210517   Elapsed: 0.009477s (0m 00s)
     Speed:     ev/sec=0   simsec/sec=0   ev/simsec=0
     Messages:  created: 2   present: 2   in FES: 1

<!> Simulation stopped with endSimulation() -- in module (ScheduledAccessQueue) DectScheduledAccessNetwork.queue (id=2), at t=577.93751210517s, event #132606

Calling finish() at end of Run #732...

Preparing for running configuration MonetecFocusedSmallR, run #733...
Scenario: $r=13, $rho=0.025, $repetition=1
Assigned runID=MonetecFocusedSmallR-733-20260930-07:06:12-58
Setting up network "dect2020scheduledaccess.DectScheduledAccessNetwork"...
Initializing...

Running simulation...
** Event #0   t=0   Elapsed: 2e-06s (0m 00s)
     Speed:     ev/sec=0   simsec/sec=0   ev/simsec=0
     Messages:  created: 2   present: 2   in FES: 2
** Event #133061   t=582.112555371772   Elapsed: 0.009465s (0m 00s)
     Speed:     ev/sec=0   simsec/sec=0   ev/simsec=0
     Messages:  created: 2   present: 2   in FES: 1

<!> Simulation stopped with endSimulation() -- in module (ScheduledAccessQueue) DectScheduledAccessNetwork.queue (id=2), at t=582.112555371772s, event #133061

Calling finish() at end of Run #733...

Preparing for running configuration MonetecFocusedSmallR, run #734...
Scenario: $r=13, $rho=0.025, $repetition=2
Assigned runID=MonetecFocusedSmallR-734-20260930-07:06:12-58
Setting up network "dect2020scheduledaccess.DectScheduledAccessNetwork"...
Initializing...

Running simulation...
** Event #0   t=0   Elapsed: 2e-06s (0m 00s)
     Speed:     ev/sec=0   simsec/sec=0   ev/simsec=0
     Messages:  created: 2   present: 2   in FES: 2
** Event #132462   t=576.785565104481   Elapsed: 0.009392s (0m 00s)
     Speed:     ev/sec=0   simsec/sec=0   ev/simsec=0
     Messages:  created: 2   present: 2   in FES: 1

<!> Simulation stopped with endSimulation() -- in module (ScheduledAccessQueue) DectScheduledAccessNetwork.queue (id=2), at t=576.785565104481s, event #132462

Calling finish() at end of Run #734...

Preparing for running configuration MonetecFocusedSmallR, run #735...
Scenario: $r=13, $rho=0.030, $repetition=0
Assigned runID=MonetecFocusedSmallR-735-20260930-07:06:12-58
Setting up network "dect2020scheduledaccess.DectScheduledAccessNetwork"...
Initializing...

Running simulation...
** Event #0   t=0   Elapsed: 3e-06s (0m 00s)
     Speed:     ev/sec=0   simsec/sec=0   ev/simsec=0
     Messages:  created: 2   present: 2   in FES: 2
** Event #121766   t=480.455847002049   Elapsed: 0.008744s (0m 00s)
     Speed:     ev/sec=0   simsec/sec=0   ev/simsec=0
     Messages:  created: 2   present: 2   in FES: 1

<!> Simulation stopped with endSimulation() -- in module (ScheduledAccessQueue) DectScheduledAccessNetwork.queue (id=2), at t=480.455847002049s, event #121766

Calling finish() at end of Run #735...

Preparing for running configuration MonetecFocusedSmallR, run #736...
Scenario: $r=13, $rho=0.030, $repetition=1
Assigned runID=MonetecFocusedSmallR-736-20260930-07:06:12-58
Setting up network "dect2020scheduledaccess.DectScheduledAccessNetwork"...
Initializing...

Running simulation...
** Event #0   t=0   Elapsed: 1e-05s (0m 00s)
     Speed:     ev/sec=0   simsec/sec=0   ev/simsec=0
     Messages:  created: 2   present: 2   in FES: 2
** Event #122359   t=485.774202630039   Elapsed: 0.008902s (0m 00s)
     Speed:     ev/sec=0   simsec/sec=0   ev/simsec=0
     Messages:  created: 2   present: 2   in FES: 1

<!> Simulation stopped with endSimulation() -- in module (ScheduledAccessQueue) DectScheduledAccessNetwork.queue (id=2), at t=485.774202630039s, event #122359

Calling finish() at end of Run #736...

Preparing for running configuration MonetecFocusedSmallR, run #737...
Scenario: $r=13, $rho=0.030, $repetition=2
Assigned runID=MonetecFocusedSmallR-737-20260930-07:06:12-58
Setting up network "dect2020scheduledaccess.DectScheduledAccessNetwork"...
Initializing...

Running simulation...
** Event #0   t=0   Elapsed: 2e-06s (0m 00s)
     Speed:     ev/sec=0   simsec/sec=0   ev/simsec=0
     Messages:  created: 2   present: 2   in FES: 2
** Event #121916   t=481.83621986546   Elapsed: 0.008811s (0m 00s)
     Speed:     ev/sec=0   simsec/sec=0   ev/simsec=0
     Messages:  created: 2   present: 2   in FES: 1

<!> Simulation stopped with endSimulation() -- in module (ScheduledAccessQueue) DectScheduledAccessNetwork.queue (id=2), at t=481.83621986546s, event #121916

Calling finish() at end of Run #737...

Preparing for running configuration MonetecFocusedSmallR, run #738...
Scenario: $r=13, $rho=0.035, $repetition=0
Assigned runID=MonetecFocusedSmallR-738-20260930-07:06:12-58
Setting up network "dect2020scheduledaccess.DectScheduledAccessNetwork"...
Initializing...

Running simulation...
** Event #0   t=0   Elapsed: 2e-06s (0m 00s)
     Speed:     ev/sec=0   simsec/sec=0   ev/simsec=0
     Messages:  created: 2   present: 2   in FES: 2
** Event #114282   t=413.014438022316   Elapsed: 0.008411s (0m 00s)
     Speed:     ev/sec=0   simsec/sec=0   ev/simsec=0
     Messages:  created: 2   present: 2   in FES: 1

<!> Simulation stopped with endSimulation() -- in module (ScheduledAccessQueue) DectScheduledAccessNetwork.queue (id=2), at t=413.014438022316s, event #114282

Calling finish() at end of Run #738...

Preparing for running configuration MonetecFocusedSmallR, run #739...
Scenario: $r=13, $rho=0.035, $repetition=1
Assigned runID=MonetecFocusedSmallR-739-20260930-07:06:12-58
Setting up network "dect2020scheduledaccess.DectScheduledAccessNetwork"...
Initializing...

Running simulation...
** Event #0   t=0   Elapsed: 2e-06s (0m 00s)
     Speed:     ev/sec=0   simsec/sec=0   ev/simsec=0
     Messages:  created: 2   present: 2   in FES: 2
** Event #114517   t=415.219532711815   Elapsed: 0.008449s (0m 00s)
     Speed:     ev/sec=0   simsec/sec=0   ev/simsec=0
     Messages:  created: 2   present: 2   in FES: 1

<!> Simulation stopped with endSimulation() -- in module (ScheduledAccessQueue) DectScheduledAccessNetwork.queue (id=2), at t=415.219532711815s, event #114517

Calling finish() at end of Run #739...

Preparing for running configuration MonetecFocusedSmallR, run #740...
Scenario: $r=13, $rho=0.035, $repetition=2
Assigned runID=MonetecFocusedSmallR-740-20260930-07:06:12-58
Setting up network "dect2020scheduledaccess.DectScheduledAccessNetwork"...
Initializing...

Running simulation...
** Event #0   t=0   Elapsed: 1.6e-05s (0m 00s)
     Speed:     ev/sec=0   simsec/sec=0   ev/simsec=0
     Messages:  created: 2   present: 2   in FES: 2
** Event #114229   t=412.665104443003   Elapsed: 0.008509s (0m 00s)
     Speed:     ev/sec=0   simsec/sec=0   ev/simsec=0
     Messages:  created: 2   present: 2   in FES: 1

<!> Simulation stopped with endSimulation() -- in module (ScheduledAccessQueue) DectScheduledAccessNetwork.queue (id=2), at t=412.665104443003s, event #114229

Calling finish() at end of Run #740...

Preparing for running configuration MonetecFocusedSmallR, run #741...
Scenario: $r=13, $rho=0.040, $repetition=0
Assigned runID=MonetecFocusedSmallR-741-20260930-07:06:12-58
Setting up network "dect2020scheduledaccess.DectScheduledAccessNetwork"...
Initializing...

Running simulation...
** Event #0   t=0   Elapsed: 3e-06s (0m 00s)
     Speed:     ev/sec=0   simsec/sec=0   ev/simsec=0
     Messages:  created: 2   present: 2   in FES: 2
** Event #108350   t=359.736215941383   Elapsed: 0.008143s (0m 00s)
     Speed:     ev/sec=0   simsec/sec=0   ev/simsec=0
     Messages:  created: 2   present: 2   in FES: 1

<!> Simulation stopped with endSimulation() -- in module (ScheduledAccessQueue) DectScheduledAccessNetwork.queue (id=2), at t=359.736215941383s, event #108350

Calling finish() at end of Run #741...

Preparing for running configuration MonetecFocusedSmallR, run #742...
Scenario: $r=13, $rho=0.040, $repetition=1
Assigned runID=MonetecFocusedSmallR-742-20260930-07:06:12-58
Setting up network "dect2020scheduledaccess.DectScheduledAccessNetwork"...
Initializing...

Running simulation...
** Event #0   t=0   Elapsed: 1.5e-05s (0m 00s)
     Speed:     ev/sec=0   simsec/sec=0   ev/simsec=0
     Messages:  created: 2   present: 2   in FES: 2
** Event #108853   t=364.208016768478   Elapsed: 0.008179s (0m 00s)
     Speed:     ev/sec=0   simsec/sec=0   ev/simsec=0
     Messages:  created: 2   present: 2   in FES: 1

<!> Simulation stopped with endSimulation() -- in module (ScheduledAccessQueue) DectScheduledAccessNetwork.queue (id=2), at t=364.208016768478s, event #108853

Calling finish() at end of Run #742...

Preparing for running configuration MonetecFocusedSmallR, run #743...
Scenario: $r=13, $rho=0.040, $repetition=2
Assigned runID=MonetecFocusedSmallR-743-20260930-07:06:12-58
Setting up network "dect2020scheduledaccess.DectScheduledAccessNetwork"...
Initializing...

Running simulation...
** Event #0   t=0   Elapsed: 9e-06s (0m 00s)
     Speed:     ev/sec=0   simsec/sec=0   ev/simsec=0
     Messages:  created: 2   present: 2   in FES: 2
** Event #108616   t=362.097912083598   Elapsed: 0.00818s (0m 00s)
     Speed:     ev/sec=0   simsec/sec=0   ev/simsec=0
     Messages:  created: 2   present: 2   in FES: 1

<!> Simulation stopped with endSimulation() -- in module (ScheduledAccessQueue) DectScheduledAccessNetwork.queue (id=2), at t=362.097912083598s, event #108616

Calling finish() at end of Run #743...

Preparing for running configuration MonetecFocusedSmallR, run #744...
Scenario: $r=13, $rho=0.045, $repetition=0
Assigned runID=MonetecFocusedSmallR-744-20260930-07:06:12-58
Setting up network "dect2020scheduledaccess.DectScheduledAccessNetwork"...
Initializing...

Running simulation...
** Event #0   t=0   Elapsed: 3e-06s (0m 00s)
     Speed:     ev/sec=0   simsec/sec=0   ev/simsec=0
     Messages:  created: 2   present: 2   in FES: 2
** Event #104101   t=321.336691664883   Elapsed: 0.007827s (0m 00s)
     Speed:     ev/sec=0   simsec/sec=0   ev/simsec=0
     Messages:  created: 2   present: 2   in FES: 1

<!> Simulation stopped with endSimulation() -- in module (ScheduledAccessQueue) DectScheduledAccessNetwork.queue (id=2), at t=321.336691664883s, event #104101

Calling finish() at end of Run #744...

Preparing for running configuration MonetecFocusedSmallR, run #745...
Scenario: $r=13, $rho=0.045, $repetition=1
Assigned runID=MonetecFocusedSmallR-745-20260930-07:06:12-58
Setting up network "dect2020scheduledaccess.DectScheduledAccessNetwork"...
Initializing...

Running simulation...
** Event #0   t=0   Elapsed: 2e-06s (0m 00s)
     Speed:     ev/sec=0   simsec/sec=0   ev/simsec=0
     Messages:  created: 2   present: 2   in FES: 2
** Event #104322   t=323.44232736058   Elapsed: 0.007853s (0m 00s)
     Speed:     ev/sec=0   simsec/sec=0   ev/simsec=0
     Messages:  created: 2   present: 2   in FES: 1

<!> Simulation stopped with endSimulation() -- in module (ScheduledAccessQueue) DectScheduledAccessNetwork.queue (id=2), at t=323.44232736058s, event #104322

Calling finish() at end of Run #745...

Preparing for running configuration MonetecFocusedSmallR, run #746...
Scenario: $r=13, $rho=0.045, $repetition=2
Assigned runID=MonetecFocusedSmallR-746-20260930-07:06:12-58
Setting up network "dect2020scheduledaccess.DectScheduledAccessNetwork"...
Initializing...

Running simulation...
** Event #0   t=0   Elapsed: 1.6e-05s (0m 00s)
     Speed:     ev/sec=0   simsec/sec=0   ev/simsec=0
     Messages:  created: 2   present: 2   in FES: 2
** Event #104219   t=322.496770614054   Elapsed: 0.00787s (0m 00s)
     Speed:     ev/sec=0   simsec/sec=0   ev/simsec=0
     Messages:  created: 2   present: 2   in FES: 1

<!> Simulation stopped with endSimulation() -- in module (ScheduledAccessQueue) DectScheduledAccessNetwork.queue (id=2), at t=322.496770614054s, event #104219

Calling finish() at end of Run #746...

Preparing for running configuration MonetecFocusedSmallR, run #747...
Scenario: $r=13, $rho=0.050, $repetition=0
Assigned runID=MonetecFocusedSmallR-747-20260930-07:06:12-58
Setting up network "dect2020scheduledaccess.DectScheduledAccessNetwork"...
Initializing...

Running simulation...
** Event #0   t=0   Elapsed: 2e-06s (0m 00s)
     Speed:     ev/sec=0   simsec/sec=0   ev/simsec=0
     Messages:  created: 2   present: 2   in FES: 2
** Event #100513   t=289.111265249508   Elapsed: 0.007716s (0m 00s)
     Speed:     ev/sec=0   simsec/sec=0   ev/simsec=0
     Messages:  created: 2   present: 2   in FES: 1

<!> Simulation stopped with endSimulation() -- in module (ScheduledAccessQueue) DectScheduledAccessNetwork.queue (id=2), at t=289.111265249508s, event #100513

Calling finish() at end of Run #747...

Preparing for running configuration MonetecFocusedSmallR, run #748...
Scenario: $r=13, $rho=0.050, $repetition=1
Assigned runID=MonetecFocusedSmallR-748-20260930-07:06:12-58
Setting up network "dect2020scheduledaccess.DectScheduledAccessNetwork"...
Initializing...

Running simulation...
** Event #0   t=0   Elapsed: 8e-06s (0m 00s)
     Speed:     ev/sec=0   simsec/sec=0   ev/simsec=0
     Messages:  created: 2   present: 2   in FES: 2
** Event #100760   t=291.378377676616   Elapsed: 0.007669s (0m 00s)
     Speed:     ev/sec=0   simsec/sec=0   ev/simsec=0
     Messages:  created: 2   present: 2   in FES: 1

<!> Simulation stopped with endSimulation() -- in module (ScheduledAccessQueue) DectScheduledAccessNetwork.queue (id=2), at t=291.378377676616s, event #100760

Calling finish() at end of Run #748...

Preparing for running configuration MonetecFocusedSmallR, run #749...
Scenario: $r=13, $rho=0.050, $repetition=2
Assigned runID=MonetecFocusedSmallR-749-20260930-07:06:12-58
Setting up network "dect2020scheduledaccess.DectScheduledAccessNetwork"...
Initializing...

Running simulation...
** Event #0   t=0   Elapsed: 1.5e-05s (0m 00s)
     Speed:     ev/sec=0   simsec/sec=0   ev/simsec=0
     Messages:  created: 2   present: 2   in FES: 2
** Event #100527   t=289.315340059705   Elapsed: 0.007677s (0m 00s)
     Speed:     ev/sec=0   simsec/sec=0   ev/simsec=0
     Messages:  created: 2   present: 2   in FES: 1

<!> Simulation stopped with endSimulation() -- in module (ScheduledAccessQueue) DectScheduledAccessNetwork.queue (id=2), at t=289.315340059705s, event #100527

Calling finish() at end of Run #749...

Preparing for running configuration MonetecFocusedSmallR, run #750...
Scenario: $r=13, $rho=0.055, $repetition=0
Assigned runID=MonetecFocusedSmallR-750-20260930-07:06:12-58
Setting up network "dect2020scheduledaccess.DectScheduledAccessNetwork"...
Initializing...

Running simulation...
** Event #0   t=0   Elapsed: 3e-06s (0m 00s)
     Speed:     ev/sec=0   simsec/sec=0   ev/simsec=0
     Messages:  created: 2   present: 2   in FES: 2
** Event #97537   t=262.353396802956   Elapsed: 0.007465s (0m 00s)
     Speed:     ev/sec=0   simsec/sec=0   ev/simsec=0
     Messages:  created: 2   present: 2   in FES: 1

<!> Simulation stopped with endSimulation() -- in module (ScheduledAccessQueue) DectScheduledAccessNetwork.queue (id=2), at t=262.353396802956s, event #97537

Calling finish() at end of Run #750...

Preparing for running configuration MonetecFocusedSmallR, run #751...
Scenario: $r=13, $rho=0.055, $repetition=1
Assigned runID=MonetecFocusedSmallR-751-20260930-07:06:12-58
Setting up network "dect2020scheduledaccess.DectScheduledAccessNetwork"...
Initializing...

Running simulation...
** Event #0   t=0   Elapsed: 1.5e-05s (0m 00s)
     Speed:     ev/sec=0   simsec/sec=0   ev/simsec=0
     Messages:  created: 2   present: 2   in FES: 2
** Event #97607   t=263.075760170299   Elapsed: 0.007479s (0m 00s)
     Speed:     ev/sec=0   simsec/sec=0   ev/simsec=0
     Messages:  created: 2   present: 2   in FES: 1

<!> Simulation stopped with endSimulation() -- in module (ScheduledAccessQueue) DectScheduledAccessNetwork.queue (id=2), at t=263.075760170299s, event #97607

Calling finish() at end of Run #751...

Preparing for running configuration MonetecFocusedSmallR, run #752...
Scenario: $r=13, $rho=0.055, $repetition=2
Assigned runID=MonetecFocusedSmallR-752-20260930-07:06:12-58
Setting up network "dect2020scheduledaccess.DectScheduledAccessNetwork"...
Initializing...

Running simulation...
** Event #0   t=0   Elapsed: 1.4e-05s (0m 00s)
     Speed:     ev/sec=0   simsec/sec=0   ev/simsec=0
     Messages:  created: 2   present: 2   in FES: 2
** Event #97612   t=263.068771868634   Elapsed: 0.007423s (0m 00s)
     Speed:     ev/sec=0   simsec/sec=0   ev/simsec=0
     Messages:  created: 2   present: 2   in FES: 1

<!> Simulation stopped with endSimulation() -- in module (ScheduledAccessQueue) DectScheduledAccessNetwork.queue (id=2), at t=263.068771868634s, event #97612

Calling finish() at end of Run #752...

Preparing for running configuration MonetecFocusedSmallR, run #753...
Scenario: $r=13, $rho=0.060, $repetition=0
Assigned runID=MonetecFocusedSmallR-753-20260930-07:06:12-58
Setting up network "dect2020scheduledaccess.DectScheduledAccessNetwork"...
Initializing...

Running simulation...
** Event #0   t=0   Elapsed: 2.7e-05s (0m 00s)
     Speed:     ev/sec=0   simsec/sec=0   ev/simsec=0
     Messages:  created: 2   present: 2   in FES: 2
** Event #95262   t=241.708646511441   Elapsed: 0.007341s (0m 00s)
     Speed:     ev/sec=0   simsec/sec=0   ev/simsec=0
     Messages:  created: 2   present: 2   in FES: 1

<!> Simulation stopped with endSimulation() -- in module (ScheduledAccessQueue) DectScheduledAccessNetwork.queue (id=2), at t=241.708646511441s, event #95262

Calling finish() at end of Run #753...

Preparing for running configuration MonetecFocusedSmallR, run #754...
Scenario: $r=13, $rho=0.060, $repetition=1
Assigned runID=MonetecFocusedSmallR-754-20260930-07:06:12-58
Setting up network "dect2020scheduledaccess.DectScheduledAccessNetwork"...
Initializing...

Running simulation...
** Event #0   t=0   Elapsed: 2e-06s (0m 00s)
     Speed:     ev/sec=0   simsec/sec=0   ev/simsec=0
     Messages:  created: 2   present: 2   in FES: 2
** Event #95340   t=242.553538069983   Elapsed: 0.007296s (0m 00s)
     Speed:     ev/sec=0   simsec/sec=0   ev/simsec=0
     Messages:  created: 2   present: 2   in FES: 1

<!> Simulation stopped with endSimulation() -- in module (ScheduledAccessQueue) DectScheduledAccessNetwork.queue (id=2), at t=242.553538069983s, event #95340

Calling finish() at end of Run #754...

Preparing for running configuration MonetecFocusedSmallR, run #755...
Scenario: $r=13, $rho=0.060, $repetition=2
Assigned runID=MonetecFocusedSmallR-755-20260930-07:06:12-58
Setting up network "dect2020scheduledaccess.DectScheduledAccessNetwork"...
Initializing...

Running simulation...
** Event #0   t=0   Elapsed: 2e-06s (0m 00s)
     Speed:     ev/sec=0   simsec/sec=0   ev/simsec=0
     Messages:  created: 2   present: 2   in FES: 2
** Event #95384   t=242.783105822875   Elapsed: 0.00727s (0m 00s)
     Speed:     ev/sec=0   simsec/sec=0   ev/simsec=0
     Messages:  created: 2   present: 2   in FES: 1

<!> Simulation stopped with endSimulation() -- in module (ScheduledAccessQueue) DectScheduledAccessNetwork.queue (id=2), at t=242.783105822875s, event #95384

Calling finish() at end of Run #755...

Preparing for running configuration MonetecFocusedSmallR, run #756...
Scenario: $r=13, $rho=0.065, $repetition=0
Assigned runID=MonetecFocusedSmallR-756-20260930-07:06:12-58
Setting up network "dect2020scheduledaccess.DectScheduledAccessNetwork"...
Initializing...

Running simulation...
** Event #0   t=0   Elapsed: 1.7e-05s (0m 00s)
     Speed:     ev/sec=0   simsec/sec=0   ev/simsec=0
     Messages:  created: 2   present: 2   in FES: 2
** Event #93309   t=223.999161573145   Elapsed: 0.007157s (0m 00s)
     Speed:     ev/sec=0   simsec/sec=0   ev/simsec=0
     Messages:  created: 2   present: 2   in FES: 1

<!> Simulation stopped with endSimulation() -- in module (ScheduledAccessQueue) DectScheduledAccessNetwork.queue (id=2), at t=223.999161573145s, event #93309

Calling finish() at end of Run #756...

Preparing for running configuration MonetecFocusedSmallR, run #757...
Scenario: $r=13, $rho=0.065, $repetition=1
Assigned runID=MonetecFocusedSmallR-757-20260930-07:06:12-58
Setting up network "dect2020scheduledaccess.DectScheduledAccessNetwork"...
Initializing...

Running simulation...
** Event #0   t=0   Elapsed: 2e-06s (0m 00s)
     Speed:     ev/sec=0   simsec/sec=0   ev/simsec=0
     Messages:  created: 2   present: 2   in FES: 2
** Event #93269   t=223.78264457893   Elapsed: 0.007236s (0m 00s)
     Speed:     ev/sec=0   simsec/sec=0   ev/simsec=0
     Messages:  created: 2   present: 2   in FES: 1

<!> Simulation stopped with endSimulation() -- in module (ScheduledAccessQueue) DectScheduledAccessNetwork.queue (id=2), at t=223.78264457893s, event #93269

Calling finish() at end of Run #757...

Preparing for running configuration MonetecFocusedSmallR, run #758...
Scenario: $r=13, $rho=0.065, $repetition=2
Assigned runID=MonetecFocusedSmallR-758-20260930-07:06:12-58
Setting up network "dect2020scheduledaccess.DectScheduledAccessNetwork"...
Initializing...

Running simulation...
** Event #0   t=0   Elapsed: 1.6e-05s (0m 00s)
     Speed:     ev/sec=0   simsec/sec=0   ev/simsec=0
     Messages:  created: 2   present: 2   in FES: 2
** Event #93261   t=223.750574465267   Elapsed: 0.007236s (0m 00s)
     Speed:     ev/sec=0   simsec/sec=0   ev/simsec=0
     Messages:  created: 2   present: 2   in FES: 1

<!> Simulation stopped with endSimulation() -- in module (ScheduledAccessQueue) DectScheduledAccessNetwork.queue (id=2), at t=223.750574465267s, event #93261

Calling finish() at end of Run #758...

Preparing for running configuration MonetecFocusedSmallR, run #759...
Scenario: $r=13, $rho=0.070, $repetition=0
Assigned runID=MonetecFocusedSmallR-759-20260930-07:06:12-58
Setting up network "dect2020scheduledaccess.DectScheduledAccessNetwork"...
Initializing...

Running simulation...
** Event #0   t=0   Elapsed: 2e-06s (0m 00s)
     Speed:     ev/sec=0   simsec/sec=0   ev/simsec=0
     Messages:  created: 2   present: 2   in FES: 2
** Event #91531   t=207.604244618426   Elapsed: 0.007241s (0m 00s)
     Speed:     ev/sec=0   simsec/sec=0   ev/simsec=0
     Messages:  created: 2   present: 2   in FES: 1

<!> Simulation stopped with endSimulation() -- in module (ScheduledAccessQueue) DectScheduledAccessNetwork.queue (id=2), at t=207.604244618426s, event #91531

Calling finish() at end of Run #759...

Preparing for running configuration MonetecFocusedSmallR, run #760...
Scenario: $r=13, $rho=0.070, $repetition=1
Assigned runID=MonetecFocusedSmallR-760-20260930-07:06:12-58
Setting up network "dect2020scheduledaccess.DectScheduledAccessNetwork"...
Initializing...

Running simulation...
** Event #0   t=0   Elapsed: 2e-06s (0m 00s)
     Speed:     ev/sec=0   simsec/sec=0   ev/simsec=0
     Messages:  created: 2   present: 2   in FES: 2
** Event #91558   t=207.991544775098   Elapsed: 0.00723s (0m 00s)
     Speed:     ev/sec=0   simsec/sec=0   ev/simsec=0
     Messages:  created: 2   present: 2   in FES: 1

<!> Simulation stopped with endSimulation() -- in module (ScheduledAccessQueue) DectScheduledAccessNetwork.queue (id=2), at t=207.991544775098s, event #91558

Calling finish() at end of Run #760...

Preparing for running configuration MonetecFocusedSmallR, run #761...
Scenario: $r=13, $rho=0.070, $repetition=2
Assigned runID=MonetecFocusedSmallR-761-20260930-07:06:12-58
Setting up network "dect2020scheduledaccess.DectScheduledAccessNetwork"...
Initializing...

Running simulation...
** Event #0   t=0   Elapsed: 1.3e-05s (0m 00s)
     Speed:     ev/sec=0   simsec/sec=0   ev/simsec=0
     Messages:  created: 2   present: 2   in FES: 2
** Event #91490   t=207.200300859528   Elapsed: 0.0071s (0m 00s)
     Speed:     ev/sec=0   simsec/sec=0   ev/simsec=0
     Messages:  created: 2   present: 2   in FES: 1

<!> Simulation stopped with endSimulation() -- in module (ScheduledAccessQueue) DectScheduledAccessNetwork.queue (id=2), at t=207.200300859528s, event #91490

Calling finish() at end of Run #761...

Preparing for running configuration MonetecFocusedSmallR, run #762...
Scenario: $r=13, $rho=0.075, $repetition=0
Assigned runID=MonetecFocusedSmallR-762-20260930-07:06:12-58
Setting up network "dect2020scheduledaccess.DectScheduledAccessNetwork"...
Initializing...

Running simulation...
** Event #0   t=0   Elapsed: 9e-06s (0m 00s)
     Speed:     ev/sec=0   simsec/sec=0   ev/simsec=0
     Messages:  created: 2   present: 2   in FES: 2
** Event #90286   t=195.002278177423   Elapsed: 0.006942s (0m 00s)
     Speed:     ev/sec=0   simsec/sec=0   ev/simsec=0
     Messages:  created: 2   present: 2   in FES: 1

<!> Simulation stopped with endSimulation() -- in module (ScheduledAccessQueue) DectScheduledAccessNetwork.queue (id=2), at t=195.002278177423s, event #90286

Calling finish() at end of Run #762...

Preparing for running configuration MonetecFocusedSmallR, run #763...
Scenario: $r=13, $rho=0.075, $repetition=1
Assigned runID=MonetecFocusedSmallR-763-20260930-07:06:12-58
Setting up network "dect2020scheduledaccess.DectScheduledAccessNetwork"...
Initializing...

Running simulation...
** Event #0   t=0   Elapsed: 2e-06s (0m 00s)
     Speed:     ev/sec=0   simsec/sec=0   ev/simsec=0
     Messages:  created: 2   present: 2   in FES: 2
** Event #90306   t=194.873826159094   Elapsed: 0.006929s (0m 00s)
     Speed:     ev/sec=0   simsec/sec=0   ev/simsec=0
     Messages:  created: 2   present: 2   in FES: 1

<!> Simulation stopped with endSimulation() -- in module (ScheduledAccessQueue) DectScheduledAccessNetwork.queue (id=2), at t=194.873826159094s, event #90306

Calling finish() at end of Run #763...

Preparing for running configuration MonetecFocusedSmallR, run #764...
Scenario: $r=13, $rho=0.075, $repetition=2
Assigned runID=MonetecFocusedSmallR-764-20260930-07:06:12-58
Setting up network "dect2020scheduledaccess.DectScheduledAccessNetwork"...
Initializing...

Running simulation...
** Event #0   t=0   Elapsed: 1.2e-05s (0m 00s)
     Speed:     ev/sec=0   simsec/sec=0   ev/simsec=0
     Messages:  created: 2   present: 2   in FES: 2
** Event #90143   t=194.088910525289   Elapsed: 0.007012s (0m 00s)
     Speed:     ev/sec=0   simsec/sec=0   ev/simsec=0
     Messages:  created: 2   present: 2   in FES: 1

<!> Simulation stopped with endSimulation() -- in module (ScheduledAccessQueue) DectScheduledAccessNetwork.queue (id=2), at t=194.088910525289s, event #90143

Calling finish() at end of Run #764...

Preparing for running configuration MonetecFocusedSmallR, run #765...
Scenario: $r=13, $rho=0.080, $repetition=0
Assigned runID=MonetecFocusedSmallR-765-20260930-07:06:12-58
Setting up network "dect2020scheduledaccess.DectScheduledAccessNetwork"...
Initializing...

Running simulation...
** Event #0   t=0   Elapsed: 2e-06s (0m 00s)
     Speed:     ev/sec=0   simsec/sec=0   ev/simsec=0
     Messages:  created: 2   present: 2   in FES: 2
** Event #89687   t=185.290959018189   Elapsed: 0.006882s (0m 00s)
     Speed:     ev/sec=0   simsec/sec=0   ev/simsec=0
     Messages:  created: 2   present: 2   in FES: 1

<!> Simulation stopped with endSimulation() -- in module (ScheduledAccessQueue) DectScheduledAccessNetwork.queue (id=2), at t=185.290959018189s, event #89687

Calling finish() at end of Run #765...

Preparing for running configuration MonetecFocusedSmallR, run #766...
Scenario: $r=13, $rho=0.080, $repetition=1
Assigned runID=MonetecFocusedSmallR-766-20260930-07:06:12-58
Setting up network "dect2020scheduledaccess.DectScheduledAccessNetwork"...
Initializing...

Running simulation...
** Event #0   t=0   Elapsed: 2e-06s (0m 00s)
     Speed:     ev/sec=0   simsec/sec=0   ev/simsec=0
     Messages:  created: 2   present: 2   in FES: 2
** Event #89659   t=184.735824533278   Elapsed: 0.006884s (0m 00s)
     Speed:     ev/sec=0   simsec/sec=0   ev/simsec=0
     Messages:  created: 2   present: 2   in FES: 1

<!> Simulation stopped with endSimulation() -- in module (ScheduledAccessQueue) DectScheduledAccessNetwork.queue (id=2), at t=184.735824533278s, event #89659

Calling finish() at end of Run #766...

Preparing for running configuration MonetecFocusedSmallR, run #767...
Scenario: $r=13, $rho=0.080, $repetition=2
Assigned runID=MonetecFocusedSmallR-767-20260930-07:06:12-58
Setting up network "dect2020scheduledaccess.DectScheduledAccessNetwork"...
Initializing...

Running simulation...
** Event #0   t=0   Elapsed: 1.4e-05s (0m 00s)
     Speed:     ev/sec=0   simsec/sec=0   ev/simsec=0
     Messages:  created: 2   present: 2   in FES: 2
** Event #89858   t=184.990724632897   Elapsed: 0.006962s (0m 00s)
     Speed:     ev/sec=0   simsec/sec=0   ev/simsec=0
     Messages:  created: 2   present: 2   in FES: 1

<!> Simulation stopped with endSimulation() -- in module (ScheduledAccessQueue) DectScheduledAccessNetwork.queue (id=2), at t=184.990724632897s, event #89858

Calling finish() at end of Run #767...

Preparing for running configuration MonetecFocusedSmallR, run #768...
Scenario: $r=13, $rho=0.085, $repetition=0
Assigned runID=MonetecFocusedSmallR-768-20260930-07:06:12-58
Setting up network "dect2020scheduledaccess.DectScheduledAccessNetwork"...
Initializing...

Running simulation...
** Event #0   t=0   Elapsed: 3e-06s (0m 00s)
     Speed:     ev/sec=0   simsec/sec=0   ev/simsec=0
     Messages:  created: 2   present: 2   in FES: 2
** Event #90002   t=178.969524002202   Elapsed: 0.006971s (0m 00s)
     Speed:     ev/sec=0   simsec/sec=0   ev/simsec=0
     Messages:  created: 2   present: 2   in FES: 1

<!> Simulation stopped with endSimulation() -- in module (ScheduledAccessQueue) DectScheduledAccessNetwork.queue (id=2), at t=178.969524002202s, event #90002

Calling finish() at end of Run #768...

Preparing for running configuration MonetecFocusedSmallR, run #769...
Scenario: $r=13, $rho=0.085, $repetition=1
Assigned runID=MonetecFocusedSmallR-769-20260930-07:06:12-58
Setting up network "dect2020scheduledaccess.DectScheduledAccessNetwork"...
Initializing...

Running simulation...
** Event #0   t=0   Elapsed: 1.1e-05s (0m 00s)
     Speed:     ev/sec=0   simsec/sec=0   ev/simsec=0
     Messages:  created: 2   present: 2   in FES: 2
** Event #89663   t=178.058657218374   Elapsed: 0.006979s (0m 00s)
     Speed:     ev/sec=0   simsec/sec=0   ev/simsec=0
     Messages:  created: 2   present: 2   in FES: 1

<!> Simulation stopped with endSimulation() -- in module (ScheduledAccessQueue) DectScheduledAccessNetwork.queue (id=2), at t=178.058657218374s, event #89663

Calling finish() at end of Run #769...

Preparing for running configuration MonetecFocusedSmallR, run #770...
Scenario: $r=13, $rho=0.085, $repetition=2
Assigned runID=MonetecFocusedSmallR-770-20260930-07:06:12-58
Setting up network "dect2020scheduledaccess.DectScheduledAccessNetwork"...
Initializing...

Running simulation...
** Event #0   t=0   Elapsed: 2e-06s (0m 00s)
     Speed:     ev/sec=0   simsec/sec=0   ev/simsec=0
     Messages:  created: 2   present: 2   in FES: 2
** Event #89699   t=178.751992917072   Elapsed: 0.007117s (0m 00s)
     Speed:     ev/sec=0   simsec/sec=0   ev/simsec=0
     Messages:  created: 2   present: 2   in FES: 1

<!> Simulation stopped with endSimulation() -- in module (ScheduledAccessQueue) DectScheduledAccessNetwork.queue (id=2), at t=178.751992917072s, event #89699

Calling finish() at end of Run #770...

Preparing for running configuration MonetecFocusedSmallR, run #771...
Scenario: $r=13, $rho=0.090, $repetition=0
Assigned runID=MonetecFocusedSmallR-771-20260930-07:06:12-58
Setting up network "dect2020scheduledaccess.DectScheduledAccessNetwork"...
Initializing...

Running simulation...
** Event #0   t=0   Elapsed: 1.3e-05s (0m 00s)
     Speed:     ev/sec=0   simsec/sec=0   ev/simsec=0
     Messages:  created: 2   present: 2   in FES: 2
** Event #90943   t=174.655097285961   Elapsed: 0.007121s (0m 00s)
     Speed:     ev/sec=0   simsec/sec=0   ev/simsec=0
     Messages:  created: 2   present: 2   in FES: 1

<!> Simulation stopped with endSimulation() -- in module (ScheduledAccessQueue) DectScheduledAccessNetwork.queue (id=2), at t=174.655097285961s, event #90943

Calling finish() at end of Run #771...

Preparing for running configuration MonetecFocusedSmallR, run #772...
Scenario: $r=13, $rho=0.090, $repetition=1
Assigned runID=MonetecFocusedSmallR-772-20260930-07:06:12-58
Setting up network "dect2020scheduledaccess.DectScheduledAccessNetwork"...
Initializing...

Running simulation...
** Event #0   t=0   Elapsed: 1.1e-05s (0m 00s)
     Speed:     ev/sec=0   simsec/sec=0   ev/simsec=0
     Messages:  created: 2   present: 2   in FES: 2
** Event #90484   t=174.596362811377   Elapsed: 0.007072s (0m 00s)
     Speed:     ev/sec=0   simsec/sec=0   ev/simsec=0
     Messages:  created: 2   present: 2   in FES: 1

<!> Simulation stopped with endSimulation() -- in module (ScheduledAccessQueue) DectScheduledAccessNetwork.queue (id=2), at t=174.596362811377s, event #90484

Calling finish() at end of Run #772...

Preparing for running configuration MonetecFocusedSmallR, run #773...
Scenario: $r=13, $rho=0.090, $repetition=2
Assigned runID=MonetecFocusedSmallR-773-20260930-07:06:12-58
Setting up network "dect2020scheduledaccess.DectScheduledAccessNetwork"...
Initializing...

Running simulation...
** Event #0   t=0   Elapsed: 1.4e-05s (0m 00s)
     Speed:     ev/sec=0   simsec/sec=0   ev/simsec=0
     Messages:  created: 2   present: 2   in FES: 2
** Event #90796   t=175.170393898758   Elapsed: 0.007088s (0m 00s)
     Speed:     ev/sec=0   simsec/sec=0   ev/simsec=0
     Messages:  created: 2   present: 2   in FES: 1

<!> Simulation stopped with endSimulation() -- in module (ScheduledAccessQueue) DectScheduledAccessNetwork.queue (id=2), at t=175.170393898758s, event #90796

Calling finish() at end of Run #773...

Preparing for running configuration MonetecFocusedSmallR, run #774...
Scenario: $r=13, $rho=0.095, $repetition=0
Assigned runID=MonetecFocusedSmallR-774-20260930-07:06:12-58
Setting up network "dect2020scheduledaccess.DectScheduledAccessNetwork"...
Initializing...

Running simulation...
** Event #0   t=0   Elapsed: 2e-06s (0m 00s)
     Speed:     ev/sec=0   simsec/sec=0   ev/simsec=0
     Messages:  created: 2   present: 2   in FES: 2
** Event #92292   t=173.259653773496   Elapsed: 0.007247s (0m 00s)
     Speed:     ev/sec=0   simsec/sec=0   ev/simsec=0
     Messages:  created: 2   present: 2   in FES: 1

<!> Simulation stopped with endSimulation() -- in module (ScheduledAccessQueue) DectScheduledAccessNetwork.queue (id=2), at t=173.259653773496s, event #92292

Calling finish() at end of Run #774...

Preparing for running configuration MonetecFocusedSmallR, run #775...
Scenario: $r=13, $rho=0.095, $repetition=1
Assigned runID=MonetecFocusedSmallR-775-20260930-07:06:12-58
Setting up network "dect2020scheduledaccess.DectScheduledAccessNetwork"...
Initializing...

Running simulation...
** Event #0   t=0   Elapsed: 1.2e-05s (0m 00s)
     Speed:     ev/sec=0   simsec/sec=0   ev/simsec=0
     Messages:  created: 2   present: 2   in FES: 2
** Event #92212   t=173.033659419735   Elapsed: 0.007168s (0m 00s)
     Speed:     ev/sec=0   simsec/sec=0   ev/simsec=0
     Messages:  created: 2   present: 2   in FES: 1

<!> Simulation stopped with endSimulation() -- in module (ScheduledAccessQueue) DectScheduledAccessNetwork.queue (id=2), at t=173.033659419735s, event #92212

Calling finish() at end of Run #775...

Preparing for running configuration MonetecFocusedSmallR, run #776...
Scenario: $r=13, $rho=0.095, $repetition=2
Assigned runID=MonetecFocusedSmallR-776-20260930-07:06:12-58
Setting up network "dect2020scheduledaccess.DectScheduledAccessNetwork"...
Initializing...

Running simulation...
** Event #0   t=0   Elapsed: 1.2e-05s (0m 00s)
     Speed:     ev/sec=0   simsec/sec=0   ev/simsec=0
     Messages:  created: 2   present: 2   in FES: 2
** Event #92147   t=173.269694966587   Elapsed: 0.007198s (0m 00s)
     Speed:     ev/sec=0   simsec/sec=0   ev/simsec=0
     Messages:  created: 2   present: 2   in FES: 1

<!> Simulation stopped with endSimulation() -- in module (ScheduledAccessQueue) DectScheduledAccessNetwork.queue (id=2), at t=173.269694966587s, event #92147

Calling finish() at end of Run #776...

Preparing for running configuration MonetecFocusedSmallR, run #777...
Scenario: $r=13, $rho=0.100, $repetition=0
Assigned runID=MonetecFocusedSmallR-777-20260930-07:06:12-58
Setting up network "dect2020scheduledaccess.DectScheduledAccessNetwork"...
Initializing...

Running simulation...
** Event #0   t=0   Elapsed: 2e-06s (0m 00s)
     Speed:     ev/sec=0   simsec/sec=0   ev/simsec=0
     Messages:  created: 2   present: 2   in FES: 2
** Event #94066   t=172.376861927225   Elapsed: 0.007292s (0m 00s)
     Speed:     ev/sec=0   simsec/sec=0   ev/simsec=0
     Messages:  created: 2   present: 2   in FES: 1

<!> Simulation stopped with endSimulation() -- in module (ScheduledAccessQueue) DectScheduledAccessNetwork.queue (id=2), at t=172.376861927225s, event #94066

Calling finish() at end of Run #777...

Preparing for running configuration MonetecFocusedSmallR, run #778...
Scenario: $r=13, $rho=0.100, $repetition=1
Assigned runID=MonetecFocusedSmallR-778-20260930-07:06:12-58
Setting up network "dect2020scheduledaccess.DectScheduledAccessNetwork"...
Initializing...

Running simulation...
** Event #0   t=0   Elapsed: 2e-06s (0m 00s)
     Speed:     ev/sec=0   simsec/sec=0   ev/simsec=0
     Messages:  created: 2   present: 2   in FES: 2
** Event #94300   t=172.519510503256   Elapsed: 0.007301s (0m 00s)
     Speed:     ev/sec=0   simsec/sec=0   ev/simsec=0
     Messages:  created: 2   present: 2   in FES: 1

<!> Simulation stopped with endSimulation() -- in module (ScheduledAccessQueue) DectScheduledAccessNetwork.queue (id=2), at t=172.519510503256s, event #94300

Calling finish() at end of Run #778...

Preparing for running configuration MonetecFocusedSmallR, run #779...
Scenario: $r=13, $rho=0.100, $repetition=2
Assigned runID=MonetecFocusedSmallR-779-20260930-07:06:12-58
Setting up network "dect2020scheduledaccess.DectScheduledAccessNetwork"...
Initializing...

Running simulation...
** Event #0   t=0   Elapsed: 1.4e-05s (0m 00s)
     Speed:     ev/sec=0   simsec/sec=0   ev/simsec=0
     Messages:  created: 2   present: 2   in FES: 2
** Event #93871   t=172.341355882047   Elapsed: 0.007336s (0m 00s)
     Speed:     ev/sec=0   simsec/sec=0   ev/simsec=0
     Messages:  created: 2   present: 2   in FES: 1

<!> Simulation stopped with endSimulation() -- in module (ScheduledAccessQueue) DectScheduledAccessNetwork.queue (id=2), at t=172.341355882047s, event #93871

Calling finish() at end of Run #779...

Preparing for running configuration MonetecFocusedSmallR, run #780...
Scenario: $r=13, $rho=0.105, $repetition=0
Assigned runID=MonetecFocusedSmallR-780-20260930-07:06:12-58
Setting up network "dect2020scheduledaccess.DectScheduledAccessNetwork"...
Initializing...

Running simulation...
** Event #0   t=0   Elapsed: 1.4e-05s (0m 00s)
     Speed:     ev/sec=0   simsec/sec=0   ev/simsec=0
     Messages:  created: 2   present: 2   in FES: 2
** Event #96004   t=172.051259502946   Elapsed: 0.007649s (0m 00s)
     Speed:     ev/sec=0   simsec/sec=0   ev/simsec=0
     Messages:  created: 2   present: 2   in FES: 1

<!> Simulation stopped with endSimulation() -- in module (ScheduledAccessQueue) DectScheduledAccessNetwork.queue (id=2), at t=172.051259502946s, event #96004

Calling finish() at end of Run #780...

Preparing for running configuration MonetecFocusedSmallR, run #781...
Scenario: $r=13, $rho=0.105, $repetition=1
Assigned runID=MonetecFocusedSmallR-781-20260930-07:06:12-58
Setting up network "dect2020scheduledaccess.DectScheduledAccessNetwork"...
Initializing...

Running simulation...
** Event #0   t=0   Elapsed: 1.8e-05s (0m 00s)
     Speed:     ev/sec=0   simsec/sec=0   ev/simsec=0
     Messages:  created: 2   present: 2   in FES: 2
** Event #96036   t=172.220001286391   Elapsed: 0.007611s (0m 00s)
     Speed:     ev/sec=0   simsec/sec=0   ev/simsec=0
     Messages:  created: 2   present: 2   in FES: 1

<!> Simulation stopped with endSimulation() -- in module (ScheduledAccessQueue) DectScheduledAccessNetwork.queue (id=2), at t=172.220001286391s, event #96036

Calling finish() at end of Run #781...

Preparing for running configuration MonetecFocusedSmallR, run #782...
Scenario: $r=13, $rho=0.105, $repetition=2
Assigned runID=MonetecFocusedSmallR-782-20260930-07:06:13-58
Setting up network "dect2020scheduledaccess.DectScheduledAccessNetwork"...
Initializing...

Running simulation...
** Event #0   t=0   Elapsed: 3e-06s (0m 00s)
     Speed:     ev/sec=0   simsec/sec=0   ev/simsec=0
     Messages:  created: 2   present: 2   in FES: 2
** Event #95799   t=172.172187265583   Elapsed: 0.007497s (0m 00s)
     Speed:     ev/sec=0   simsec/sec=0   ev/simsec=0
     Messages:  created: 2   present: 2   in FES: 1

<!> Simulation stopped with endSimulation() -- in module (ScheduledAccessQueue) DectScheduledAccessNetwork.queue (id=2), at t=172.172187265583s, event #95799

Calling finish() at end of Run #782...

Preparing for running configuration MonetecFocusedSmallR, run #783...
Scenario: $r=13, $rho=0.110, $repetition=0
Assigned runID=MonetecFocusedSmallR-783-20260930-07:06:13-58
Setting up network "dect2020scheduledaccess.DectScheduledAccessNetwork"...
Initializing...

Running simulation...
** Event #0   t=0   Elapsed: 2.7e-05s (0m 00s)
     Speed:     ev/sec=0   simsec/sec=0   ev/simsec=0
     Messages:  created: 2   present: 2   in FES: 2
** Event #97881   t=171.965684196335   Elapsed: 0.00768s (0m 00s)
     Speed:     ev/sec=0   simsec/sec=0   ev/simsec=0
     Messages:  created: 2   present: 2   in FES: 1

<!> Simulation stopped with endSimulation() -- in module (ScheduledAccessQueue) DectScheduledAccessNetwork.queue (id=2), at t=171.965684196335s, event #97881

Calling finish() at end of Run #783...

Preparing for running configuration MonetecFocusedSmallR, run #784...
Scenario: $r=13, $rho=0.110, $repetition=1
Assigned runID=MonetecFocusedSmallR-784-20260930-07:06:13-58
Setting up network "dect2020scheduledaccess.DectScheduledAccessNetwork"...
Initializing...

Running simulation...
** Event #0   t=0   Elapsed: 1.1e-05s (0m 00s)
     Speed:     ev/sec=0   simsec/sec=0   ev/simsec=0
     Messages:  created: 2   present: 2   in FES: 2
** Event #98153   t=172.214792474468   Elapsed: 0.007668s (0m 00s)
     Speed:     ev/sec=0   simsec/sec=0   ev/simsec=0
     Messages:  created: 2   present: 2   in FES: 1

<!> Simulation stopped with endSimulation() -- in module (ScheduledAccessQueue) DectScheduledAccessNetwork.queue (id=2), at t=172.214792474468s, event #98153

Calling finish() at end of Run #784...

Preparing for running configuration MonetecFocusedSmallR, run #785...
Scenario: $r=13, $rho=0.110, $repetition=2
Assigned runID=MonetecFocusedSmallR-785-20260930-07:06:13-58
Setting up network "dect2020scheduledaccess.DectScheduledAccessNetwork"...
Initializing...

Running simulation...
** Event #0   t=0   Elapsed: 8e-06s (0m 00s)
     Speed:     ev/sec=0   simsec/sec=0   ev/simsec=0
     Messages:  created: 2   present: 2   in FES: 2
** Event #97851   t=172.131769833972   Elapsed: 0.007779s (0m 00s)
     Speed:     ev/sec=0   simsec/sec=0   ev/simsec=0
     Messages:  created: 2   present: 2   in FES: 1

<!> Simulation stopped with endSimulation() -- in module (ScheduledAccessQueue) DectScheduledAccessNetwork.queue (id=2), at t=172.131769833972s, event #97851

Calling finish() at end of Run #785...

Preparing for running configuration MonetecFocusedSmallR, run #786...
Scenario: $r=13, $rho=0.115, $repetition=0
Assigned runID=MonetecFocusedSmallR-786-20260930-07:06:13-58
Setting up network "dect2020scheduledaccess.DectScheduledAccessNetwork"...
Initializing...

Running simulation...
** Event #0   t=0   Elapsed: 1.5e-05s (0m 00s)
     Speed:     ev/sec=0   simsec/sec=0   ev/simsec=0
     Messages:  created: 2   present: 2   in FES: 2
** Event #100123   t=172.01241991099   Elapsed: 0.00782s (0m 00s)
     Speed:     ev/sec=0   simsec/sec=0   ev/simsec=0
     Messages:  created: 2   present: 2   in FES: 1

<!> Simulation stopped with endSimulation() -- in module (ScheduledAccessQueue) DectScheduledAccessNetwork.queue (id=2), at t=172.01241991099s, event #100123

Calling finish() at end of Run #786...

Preparing for running configuration MonetecFocusedSmallR, run #787...
Scenario: $r=13, $rho=0.115, $repetition=1
Assigned runID=MonetecFocusedSmallR-787-20260930-07:06:13-58
Setting up network "dect2020scheduledaccess.DectScheduledAccessNetwork"...
Initializing...

Running simulation...
** Event #0   t=0   Elapsed: 3e-06s (0m 00s)
     Speed:     ev/sec=0   simsec/sec=0   ev/simsec=0
     Messages:  created: 2   present: 2   in FES: 2
** Event #100085   t=172.154067963086   Elapsed: 0.00792s (0m 00s)
     Speed:     ev/sec=0   simsec/sec=0   ev/simsec=0
     Messages:  created: 2   present: 2   in FES: 1

<!> Simulation stopped with endSimulation() -- in module (ScheduledAccessQueue) DectScheduledAccessNetwork.queue (id=2), at t=172.154067963086s, event #100085

Calling finish() at end of Run #787...

Preparing for running configuration MonetecFocusedSmallR, run #788...
Scenario: $r=13, $rho=0.115, $repetition=2
Assigned runID=MonetecFocusedSmallR-788-20260930-07:06:13-58
Setting up network "dect2020scheduledaccess.DectScheduledAccessNetwork"...
Initializing...

Running simulation...
** Event #0   t=0   Elapsed: 3e-06s (0m 00s)
     Speed:     ev/sec=0   simsec/sec=0   ev/simsec=0
     Messages:  created: 2   present: 2   in FES: 2
** Event #99904   t=172.08147020412   Elapsed: 0.007894s (0m 00s)
     Speed:     ev/sec=0   simsec/sec=0   ev/simsec=0
     Messages:  created: 2   present: 2   in FES: 1

<!> Simulation stopped with endSimulation() -- in module (ScheduledAccessQueue) DectScheduledAccessNetwork.queue (id=2), at t=172.08147020412s, event #99904

Calling finish() at end of Run #788...

Preparing for running configuration MonetecFocusedSmallR, run #789...
Scenario: $r=13, $rho=0.120, $repetition=0
Assigned runID=MonetecFocusedSmallR-789-20260930-07:06:13-58
Setting up network "dect2020scheduledaccess.DectScheduledAccessNetwork"...
Initializing...

Running simulation...
** Event #0   t=0   Elapsed: 1.6e-05s (0m 00s)
     Speed:     ev/sec=0   simsec/sec=0   ev/simsec=0
     Messages:  created: 2   present: 2   in FES: 2
** Event #102438   t=172.148613566974   Elapsed: 0.0081s (0m 00s)
     Speed:     ev/sec=0   simsec/sec=0   ev/simsec=0
     Messages:  created: 2   present: 2   in FES: 1

<!> Simulation stopped with endSimulation() -- in module (ScheduledAccessQueue) DectScheduledAccessNetwork.queue (id=2), at t=172.148613566974s, event #102438

Calling finish() at end of Run #789...

Preparing for running configuration MonetecFocusedSmallR, run #790...
Scenario: $r=13, $rho=0.120, $repetition=1
Assigned runID=MonetecFocusedSmallR-790-20260930-07:06:13-58
Setting up network "dect2020scheduledaccess.DectScheduledAccessNetwork"...
Initializing...

Running simulation...
** Event #0   t=0   Elapsed: 2e-06s (0m 00s)
     Speed:     ev/sec=0   simsec/sec=0   ev/simsec=0
     Messages:  created: 2   present: 2   in FES: 2
** Event #102262   t=172.179136756927   Elapsed: 0.007989s (0m 00s)
     Speed:     ev/sec=0   simsec/sec=0   ev/simsec=0
     Messages:  created: 2   present: 2   in FES: 1

<!> Simulation stopped with endSimulation() -- in module (ScheduledAccessQueue) DectScheduledAccessNetwork.queue (id=2), at t=172.179136756927s, event #102262

Calling finish() at end of Run #790...

Preparing for running configuration MonetecFocusedSmallR, run #791...
Scenario: $r=13, $rho=0.120, $repetition=2
Assigned runID=MonetecFocusedSmallR-791-20260930-07:06:13-58
Setting up network "dect2020scheduledaccess.DectScheduledAccessNetwork"...
Initializing...

Running simulation...
** Event #0   t=0   Elapsed: 2e-06s (0m 00s)
     Speed:     ev/sec=0   simsec/sec=0   ev/simsec=0
     Messages:  created: 2   present: 2   in FES: 2
** Event #102077   t=172.116123852797   Elapsed: 0.008069s (0m 00s)
     Speed:     ev/sec=0   simsec/sec=0   ev/simsec=0
     Messages:  created: 2   present: 2   in FES: 1

<!> Simulation stopped with endSimulation() -- in module (ScheduledAccessQueue) DectScheduledAccessNetwork.queue (id=2), at t=172.116123852797s, event #102077

Calling finish() at end of Run #791...

Preparing for running configuration MonetecFocusedSmallR, run #792...
Scenario: $r=13, $rho=0.125, $repetition=0
Assigned runID=MonetecFocusedSmallR-792-20260930-07:06:13-58
Setting up network "dect2020scheduledaccess.DectScheduledAccessNetwork"...
Initializing...

Running simulation...
** Event #0   t=0   Elapsed: 1.6e-05s (0m 00s)
     Speed:     ev/sec=0   simsec/sec=0   ev/simsec=0
     Messages:  created: 2   present: 2   in FES: 2
** Event #104419   t=172.069946999614   Elapsed: 0.008203s (0m 00s)
     Speed:     ev/sec=0   simsec/sec=0   ev/simsec=0
     Messages:  created: 2   present: 2   in FES: 1

<!> Simulation stopped with endSimulation() -- in module (ScheduledAccessQueue) DectScheduledAccessNetwork.queue (id=2), at t=172.069946999614s, event #104419

Calling finish() at end of Run #792...

Preparing for running configuration MonetecFocusedSmallR, run #793...
Scenario: $r=13, $rho=0.125, $repetition=1
Assigned runID=MonetecFocusedSmallR-793-20260930-07:06:13-58
Setting up network "dect2020scheduledaccess.DectScheduledAccessNetwork"...
Initializing...

Running simulation...
** Event #0   t=0   Elapsed: 1.5e-05s (0m 00s)
     Speed:     ev/sec=0   simsec/sec=0   ev/simsec=0
     Messages:  created: 2   present: 2   in FES: 2
** Event #104399   t=172.226859865212   Elapsed: 0.008303s (0m 00s)
     Speed:     ev/sec=0   simsec/sec=0   ev/simsec=0
     Messages:  created: 2   present: 2   in FES: 1

<!> Simulation stopped with endSimulation() -- in module (ScheduledAccessQueue) DectScheduledAccessNetwork.queue (id=2), at t=172.226859865212s, event #104399

Calling finish() at end of Run #793...

Preparing for running configuration MonetecFocusedSmallR, run #794...
Scenario: $r=13, $rho=0.125, $repetition=2
Assigned runID=MonetecFocusedSmallR-794-20260930-07:06:13-58
Setting up network "dect2020scheduledaccess.DectScheduledAccessNetwork"...
Initializing...

Running simulation...
** Event #0   t=0   Elapsed: 2e-06s (0m 00s)
     Speed:     ev/sec=0   simsec/sec=0   ev/simsec=0
     Messages:  created: 2   present: 2   in FES: 2
** Event #103994   t=172.038621126288   Elapsed: 0.008132s (0m 00s)
     Speed:     ev/sec=0   simsec/sec=0   ev/simsec=0
     Messages:  created: 2   present: 2   in FES: 1

<!> Simulation stopped with endSimulation() -- in module (ScheduledAccessQueue) DectScheduledAccessNetwork.queue (id=2), at t=172.038621126288s, event #103994

Calling finish() at end of Run #794...

Preparing for running configuration MonetecFocusedSmallR, run #795...
Scenario: $r=13, $rho=0.130, $repetition=0
Assigned runID=MonetecFocusedSmallR-795-20260930-07:06:13-58
Setting up network "dect2020scheduledaccess.DectScheduledAccessNetwork"...
Initializing...

Running simulation...
** Event #0   t=0   Elapsed: 1.6e-05s (0m 00s)
     Speed:     ev/sec=0   simsec/sec=0   ev/simsec=0
     Messages:  created: 2   present: 2   in FES: 2
** Event #106410   t=172.053488129241   Elapsed: 0.008326s (0m 00s)
     Speed:     ev/sec=0   simsec/sec=0   ev/simsec=0
     Messages:  created: 2   present: 2   in FES: 1

<!> Simulation stopped with endSimulation() -- in module (ScheduledAccessQueue) DectScheduledAccessNetwork.queue (id=2), at t=172.053488129241s, event #106410

Calling finish() at end of Run #795...

Preparing for running configuration MonetecFocusedSmallR, run #796...
Scenario: $r=13, $rho=0.130, $repetition=1
Assigned runID=MonetecFocusedSmallR-796-20260930-07:06:13-58
Setting up network "dect2020scheduledaccess.DectScheduledAccessNetwork"...
Initializing...

Running simulation...
** Event #0   t=0   Elapsed: 2e-06s (0m 00s)
     Speed:     ev/sec=0   simsec/sec=0   ev/simsec=0
     Messages:  created: 2   present: 2   in FES: 2
** Event #106566   t=172.256635834765   Elapsed: 0.008421s (0m 00s)
     Speed:     ev/sec=0   simsec/sec=0   ev/simsec=0
     Messages:  created: 2   present: 2   in FES: 1

<!> Simulation stopped with endSimulation() -- in module (ScheduledAccessQueue) DectScheduledAccessNetwork.queue (id=2), at t=172.256635834765s, event #106566

Calling finish() at end of Run #796...

Preparing for running configuration MonetecFocusedSmallR, run #797...
Scenario: $r=13, $rho=0.130, $repetition=2
Assigned runID=MonetecFocusedSmallR-797-20260930-07:06:13-58
Setting up network "dect2020scheduledaccess.DectScheduledAccessNetwork"...
Initializing...

Running simulation...
** Event #0   t=0   Elapsed: 1.5e-05s (0m 00s)
     Speed:     ev/sec=0   simsec/sec=0   ev/simsec=0
     Messages:  created: 2   present: 2   in FES: 2
** Event #106253   t=172.097376507323   Elapsed: 0.008382s (0m 00s)
     Speed:     ev/sec=0   simsec/sec=0   ev/simsec=0
     Messages:  created: 2   present: 2   in FES: 1

<!> Simulation stopped with endSimulation() -- in module (ScheduledAccessQueue) DectScheduledAccessNetwork.queue (id=2), at t=172.097376507323s, event #106253

Calling finish() at end of Run #797...

Preparing for running configuration MonetecFocusedSmallR, run #798...
Scenario: $r=13, $rho=0.135, $repetition=0
Assigned runID=MonetecFocusedSmallR-798-20260930-07:06:13-58
Setting up network "dect2020scheduledaccess.DectScheduledAccessNetwork"...
Initializing...

Running simulation...
** Event #0   t=0   Elapsed: 2e-06s (0m 00s)
     Speed:     ev/sec=0   simsec/sec=0   ev/simsec=0
     Messages:  created: 2   present: 2   in FES: 2
** Event #108603   t=172.077052606709   Elapsed: 0.008528s (0m 00s)
     Speed:     ev/sec=0   simsec/sec=0   ev/simsec=0
     Messages:  created: 2   present: 2   in FES: 1

<!> Simulation stopped with endSimulation() -- in module (ScheduledAccessQueue) DectScheduledAccessNetwork.queue (id=2), at t=172.077052606709s, event #108603

Calling finish() at end of Run #798...

Preparing for running configuration MonetecFocusedSmallR, run #799...
Scenario: $r=13, $rho=0.135, $repetition=1
Assigned runID=MonetecFocusedSmallR-799-20260930-07:06:13-58
Setting up network "dect2020scheduledaccess.DectScheduledAccessNetwork"...
Initializing...

Running simulation...
** Event #0   t=0   Elapsed: 1.5e-05s (0m 00s)
     Speed:     ev/sec=0   simsec/sec=0   ev/simsec=0
     Messages:  created: 2   present: 2   in FES: 2
** Event #108485   t=172.192384709733   Elapsed: 0.008528s (0m 00s)
     Speed:     ev/sec=0   simsec/sec=0   ev/simsec=0
     Messages:  created: 2   present: 2   in FES: 1

<!> Simulation stopped with endSimulation() -- in module (ScheduledAccessQueue) DectScheduledAccessNetwork.queue (id=2), at t=172.192384709733s, event #108485

Calling finish() at end of Run #799...

Preparing for running configuration MonetecFocusedSmallR, run #800...
Scenario: $r=13, $rho=0.135, $repetition=2
Assigned runID=MonetecFocusedSmallR-800-20260930-07:06:13-58
Setting up network "dect2020scheduledaccess.DectScheduledAccessNetwork"...
Initializing...

Running simulation...
** Event #0   t=0   Elapsed: 2e-06s (0m 00s)
     Speed:     ev/sec=0   simsec/sec=0   ev/simsec=0
     Messages:  created: 2   present: 2   in FES: 2
** Event #108361   t=172.140863632062   Elapsed: 0.008468s (0m 00s)
     Speed:     ev/sec=0   simsec/sec=0   ev/simsec=0
     Messages:  created: 2   present: 2   in FES: 1

<!> Simulation stopped with endSimulation() -- in module (ScheduledAccessQueue) DectScheduledAccessNetwork.queue (id=2), at t=172.140863632062s, event #108361

Calling finish() at end of Run #800...

Preparing for running configuration MonetecFocusedSmallR, run #801...
Scenario: $r=13, $rho=0.140, $repetition=0
Assigned runID=MonetecFocusedSmallR-801-20260930-07:06:13-58
Setting up network "dect2020scheduledaccess.DectScheduledAccessNetwork"...
Initializing...

Running simulation...
** Event #0   t=0   Elapsed: 1.4e-05s (0m 00s)
     Speed:     ev/sec=0   simsec/sec=0   ev/simsec=0
     Messages:  created: 2   present: 2   in FES: 2
** Event #110550   t=172.015642928212   Elapsed: 0.0088s (0m 00s)
     Speed:     ev/sec=0   simsec/sec=0   ev/simsec=0
     Messages:  created: 2   present: 2   in FES: 1

<!> Simulation stopped with endSimulation() -- in module (ScheduledAccessQueue) DectScheduledAccessNetwork.queue (id=2), at t=172.015642928212s, event #110550

Calling finish() at end of Run #801...

Preparing for running configuration MonetecFocusedSmallR, run #802...
Scenario: $r=13, $rho=0.140, $repetition=1
Assigned runID=MonetecFocusedSmallR-802-20260930-07:06:13-58
Setting up network "dect2020scheduledaccess.DectScheduledAccessNetwork"...
Initializing...

Running simulation...
** Event #0   t=0   Elapsed: 2e-06s (0m 00s)
     Speed:     ev/sec=0   simsec/sec=0   ev/simsec=0
     Messages:  created: 2   present: 2   in FES: 2
** Event #110527   t=172.16587186745   Elapsed: 0.008683s (0m 00s)
     Speed:     ev/sec=0   simsec/sec=0   ev/simsec=0
     Messages:  created: 2   present: 2   in FES: 1

<!> Simulation stopped with endSimulation() -- in module (ScheduledAccessQueue) DectScheduledAccessNetwork.queue (id=2), at t=172.16587186745s, event #110527

Calling finish() at end of Run #802...

Preparing for running configuration MonetecFocusedSmallR, run #803...
Scenario: $r=13, $rho=0.140, $repetition=2
Assigned runID=MonetecFocusedSmallR-803-20260930-07:06:13-58
Setting up network "dect2020scheduledaccess.DectScheduledAccessNetwork"...
Initializing...

Running simulation...
** Event #0   t=0   Elapsed: 1.6e-05s (0m 00s)
     Speed:     ev/sec=0   simsec/sec=0   ev/simsec=0
     Messages:  created: 2   present: 2   in FES: 2
** Event #110480   t=172.140106556277   Elapsed: 0.008665s (0m 00s)
     Speed:     ev/sec=0   simsec/sec=0   ev/simsec=0
     Messages:  created: 2   present: 2   in FES: 1

<!> Simulation stopped with endSimulation() -- in module (ScheduledAccessQueue) DectScheduledAccessNetwork.queue (id=2), at t=172.140106556277s, event #110480

Calling finish() at end of Run #803...

Preparing for running configuration MonetecFocusedSmallR, run #804...
Scenario: $r=13, $rho=0.145, $repetition=0
Assigned runID=MonetecFocusedSmallR-804-20260930-07:06:13-58
Setting up network "dect2020scheduledaccess.DectScheduledAccessNetwork"...
Initializing...

Running simulation...
** Event #0   t=0   Elapsed: 1.3e-05s (0m 00s)
     Speed:     ev/sec=0   simsec/sec=0   ev/simsec=0
     Messages:  created: 2   present: 2   in FES: 2
** Event #112837   t=172.083452947157   Elapsed: 0.008922s (0m 00s)
     Speed:     ev/sec=0   simsec/sec=0   ev/simsec=0
     Messages:  created: 2   present: 2   in FES: 1

<!> Simulation stopped with endSimulation() -- in module (ScheduledAccessQueue) DectScheduledAccessNetwork.queue (id=2), at t=172.083452947157s, event #112837

Calling finish() at end of Run #804...

Preparing for running configuration MonetecFocusedSmallR, run #805...
Scenario: $r=13, $rho=0.145, $repetition=1
Assigned runID=MonetecFocusedSmallR-805-20260930-07:06:13-58
Setting up network "dect2020scheduledaccess.DectScheduledAccessNetwork"...
Initializing...

Running simulation...
** Event #0   t=0   Elapsed: 2e-05s (0m 00s)
     Speed:     ev/sec=0   simsec/sec=0   ev/simsec=0
     Messages:  created: 2   present: 2   in FES: 2
** Event #112484   t=172.130211570263   Elapsed: 0.008943s (0m 00s)
     Speed:     ev/sec=0   simsec/sec=0   ev/simsec=0
     Messages:  created: 2   present: 2   in FES: 1

<!> Simulation stopped with endSimulation() -- in module (ScheduledAccessQueue) DectScheduledAccessNetwork.queue (id=2), at t=172.130211570263s, event #112484

Calling finish() at end of Run #805...

Preparing for running configuration MonetecFocusedSmallR, run #806...
Scenario: $r=13, $rho=0.145, $repetition=2
Assigned runID=MonetecFocusedSmallR-806-20260930-07:06:13-58
Setting up network "dect2020scheduledaccess.DectScheduledAccessNetwork"...
Initializing...

Running simulation...
** Event #0   t=0   Elapsed: 2e-06s (0m 00s)
     Speed:     ev/sec=0   simsec/sec=0   ev/simsec=0
     Messages:  created: 2   present: 2   in FES: 2
** Event #112712   t=172.216725133121   Elapsed: 0.008846s (0m 00s)
     Speed:     ev/sec=0   simsec/sec=0   ev/simsec=0
     Messages:  created: 2   present: 2   in FES: 1

<!> Simulation stopped with endSimulation() -- in module (ScheduledAccessQueue) DectScheduledAccessNetwork.queue (id=2), at t=172.216725133121s, event #112712

Calling finish() at end of Run #806...

Preparing for running configuration MonetecFocusedSmallR, run #807...
Scenario: $r=13, $rho=0.150, $repetition=0
Assigned runID=MonetecFocusedSmallR-807-20260930-07:06:13-58
Setting up network "dect2020scheduledaccess.DectScheduledAccessNetwork"...
Initializing...

Running simulation...
** Event #0   t=0   Elapsed: 2e-06s (0m 00s)
     Speed:     ev/sec=0   simsec/sec=0   ev/simsec=0
     Messages:  created: 2   present: 2   in FES: 2
** Event #114824   t=172.034803758079   Elapsed: 0.00904s (0m 00s)
     Speed:     ev/sec=0   simsec/sec=0   ev/simsec=0
     Messages:  created: 2   present: 2   in FES: 1

<!> Simulation stopped with endSimulation() -- in module (ScheduledAccessQueue) DectScheduledAccessNetwork.queue (id=2), at t=172.034803758079s, event #114824

Calling finish() at end of Run #807...

Preparing for running configuration MonetecFocusedSmallR, run #808...
Scenario: $r=13, $rho=0.150, $repetition=1
Assigned runID=MonetecFocusedSmallR-808-20260930-07:06:13-58
Setting up network "dect2020scheduledaccess.DectScheduledAccessNetwork"...
Initializing...

Running simulation...
** Event #0   t=0   Elapsed: 1.8e-05s (0m 00s)
     Speed:     ev/sec=0   simsec/sec=0   ev/simsec=0
     Messages:  created: 2   present: 2   in FES: 2
** Event #114829   t=172.218183461316   Elapsed: 0.008986s (0m 00s)
     Speed:     ev/sec=0   simsec/sec=0   ev/simsec=0
     Messages:  created: 2   present: 2   in FES: 1

<!> Simulation stopped with endSimulation() -- in module (ScheduledAccessQueue) DectScheduledAccessNetwork.queue (id=2), at t=172.218183461316s, event #114829

Calling finish() at end of Run #808...

Preparing for running configuration MonetecFocusedSmallR, run #809...
Scenario: $r=13, $rho=0.150, $repetition=2
Assigned runID=MonetecFocusedSmallR-809-20260930-07:06:13-58
Setting up network "dect2020scheduledaccess.DectScheduledAccessNetwork"...
Initializing...

Running simulation...
** Event #0   t=0   Elapsed: 1.5e-05s (0m 00s)
     Speed:     ev/sec=0   simsec/sec=0   ev/simsec=0
     Messages:  created: 2   present: 2   in FES: 2
** Event #114474   t=172.140002817279   Elapsed: 0.008982s (0m 00s)
     Speed:     ev/sec=0   simsec/sec=0   ev/simsec=0
     Messages:  created: 2   present: 2   in FES: 1

<!> Simulation stopped with endSimulation() -- in module (ScheduledAccessQueue) DectScheduledAccessNetwork.queue (id=2), at t=172.140002817279s, event #114474

Calling finish() at end of Run #809...

Preparing for running configuration MonetecFocusedSmallR, run #810...
Scenario: $r=13, $rho=0.155, $repetition=0
Assigned runID=MonetecFocusedSmallR-810-20260930-07:06:13-58
Setting up network "dect2020scheduledaccess.DectScheduledAccessNetwork"...
Initializing...

Running simulation...
** Event #0   t=0   Elapsed: 1.4e-05s (0m 00s)
     Speed:     ev/sec=0   simsec/sec=0   ev/simsec=0
     Messages:  created: 2   present: 2   in FES: 2
** Event #116944   t=172.061172478695   Elapsed: 0.009251s (0m 00s)
     Speed:     ev/sec=0   simsec/sec=0   ev/simsec=0
     Messages:  created: 2   present: 2   in FES: 1

<!> Simulation stopped with endSimulation() -- in module (ScheduledAccessQueue) DectScheduledAccessNetwork.queue (id=2), at t=172.061172478695s, event #116944

Calling finish() at end of Run #810...

Preparing for running configuration MonetecFocusedSmallR, run #811...
Scenario: $r=13, $rho=0.155, $repetition=1
Assigned runID=MonetecFocusedSmallR-811-20260930-07:06:13-58
Setting up network "dect2020scheduledaccess.DectScheduledAccessNetwork"...
Initializing...

Running simulation...
** Event #0   t=0   Elapsed: 1.6e-05s (0m 00s)
     Speed:     ev/sec=0   simsec/sec=0   ev/simsec=0
     Messages:  created: 2   present: 2   in FES: 2
** Event #116814   t=172.166760616458   Elapsed: 0.009183s (0m 00s)
     Speed:     ev/sec=0   simsec/sec=0   ev/simsec=0
     Messages:  created: 2   present: 2   in FES: 1

<!> Simulation stopped with endSimulation() -- in module (ScheduledAccessQueue) DectScheduledAccessNetwork.queue (id=2), at t=172.166760616458s, event #116814

Calling finish() at end of Run #811...

Preparing for running configuration MonetecFocusedSmallR, run #812...
Scenario: $r=13, $rho=0.155, $repetition=2
Assigned runID=MonetecFocusedSmallR-812-20260930-07:06:13-58
Setting up network "dect2020scheduledaccess.DectScheduledAccessNetwork"...
Initializing...

Running simulation...
** Event #0   t=0   Elapsed: 1.5e-05s (0m 00s)
     Speed:     ev/sec=0   simsec/sec=0   ev/simsec=0
     Messages:  created: 2   present: 2   in FES: 2
** Event #116754   t=172.213535346926   Elapsed: 0.00961s (0m 00s)
     Speed:     ev/sec=0   simsec/sec=0   ev/simsec=0
     Messages:  created: 2   present: 2   in FES: 1

<!> Simulation stopped with endSimulation() -- in module (ScheduledAccessQueue) DectScheduledAccessNetwork.queue (id=2), at t=172.213535346926s, event #116754

Calling finish() at end of Run #812...

Preparing for running configuration MonetecFocusedSmallR, run #813...
Scenario: $r=13, $rho=0.160, $repetition=0
Assigned runID=MonetecFocusedSmallR-813-20260930-07:06:13-58
Setting up network "dect2020scheduledaccess.DectScheduledAccessNetwork"...
Initializing...

Running simulation...
** Event #0   t=0   Elapsed: 2e-06s (0m 00s)
     Speed:     ev/sec=0   simsec/sec=0   ev/simsec=0
     Messages:  created: 2   present: 2   in FES: 2
** Event #119118   t=172.12462341882   Elapsed: 0.009531s (0m 00s)
     Speed:     ev/sec=0   simsec/sec=0   ev/simsec=0
     Messages:  created: 2   present: 2   in FES: 1

<!> Simulation stopped with endSimulation() -- in module (ScheduledAccessQueue) DectScheduledAccessNetwork.queue (id=2), at t=172.12462341882s, event #119118

Calling finish() at end of Run #813...

Preparing for running configuration MonetecFocusedSmallR, run #814...
Scenario: $r=13, $rho=0.160, $repetition=1
Assigned runID=MonetecFocusedSmallR-814-20260930-07:06:13-58
Setting up network "dect2020scheduledaccess.DectScheduledAccessNetwork"...
Initializing...

Running simulation...
** Event #0   t=0   Elapsed: 2e-06s (0m 00s)
     Speed:     ev/sec=0   simsec/sec=0   ev/simsec=0
     Messages:  created: 2   present: 2   in FES: 2
** Event #118937   t=172.184889796219   Elapsed: 0.009304s (0m 00s)
     Speed:     ev/sec=0   simsec/sec=0   ev/simsec=0
     Messages:  created: 2   present: 2   in FES: 1

<!> Simulation stopped with endSimulation() -- in module (ScheduledAccessQueue) DectScheduledAccessNetwork.queue (id=2), at t=172.184889796219s, event #118937

Calling finish() at end of Run #814...

Preparing for running configuration MonetecFocusedSmallR, run #815...
Scenario: $r=13, $rho=0.160, $repetition=2
Assigned runID=MonetecFocusedSmallR-815-20260930-07:06:13-58
Setting up network "dect2020scheduledaccess.DectScheduledAccessNetwork"...
Initializing...

Running simulation...
** Event #0   t=0   Elapsed: 2e-06s (0m 00s)
     Speed:     ev/sec=0   simsec/sec=0   ev/simsec=0
     Messages:  created: 2   present: 2   in FES: 2
** Event #118685   t=172.185952507871   Elapsed: 0.00927s (0m 00s)
     Speed:     ev/sec=0   simsec/sec=0   ev/simsec=0
     Messages:  created: 2   present: 2   in FES: 1

<!> Simulation stopped with endSimulation() -- in module (ScheduledAccessQueue) DectScheduledAccessNetwork.queue (id=2), at t=172.185952507871s, event #118685

Calling finish() at end of Run #815...

Preparing for running configuration MonetecFocusedSmallR, run #816...
Scenario: $r=13, $rho=0.165, $repetition=0
Assigned runID=MonetecFocusedSmallR-816-20260930-07:06:13-58
Setting up network "dect2020scheduledaccess.DectScheduledAccessNetwork"...
Initializing...

Running simulation...
** Event #0   t=0   Elapsed: 1.5e-05s (0m 00s)
     Speed:     ev/sec=0   simsec/sec=0   ev/simsec=0
     Messages:  created: 2   present: 2   in FES: 2
** Event #120771   t=172.000157813116   Elapsed: 0.009618s (0m 00s)
     Speed:     ev/sec=0   simsec/sec=0   ev/simsec=0
     Messages:  created: 2   present: 2   in FES: 1

<!> Simulation stopped with endSimulation() -- in module (ScheduledAccessQueue) DectScheduledAccessNetwork.queue (id=2), at t=172.000157813116s, event #120771

Calling finish() at end of Run #816...

Preparing for running configuration MonetecFocusedSmallR, run #817...
Scenario: $r=13, $rho=0.165, $repetition=1
Assigned runID=MonetecFocusedSmallR-817-20260930-07:06:13-58
Setting up network "dect2020scheduledaccess.DectScheduledAccessNetwork"...
Initializing...

Running simulation...
** Event #0   t=0   Elapsed: 2e-06s (0m 00s)
     Speed:     ev/sec=0   simsec/sec=0   ev/simsec=0
     Messages:  created: 2   present: 2   in FES: 2
** Event #120828   t=172.133359472431   Elapsed: 0.009465s (0m 00s)
     Speed:     ev/sec=0   simsec/sec=0   ev/simsec=0
     Messages:  created: 2   present: 2   in FES: 1

<!> Simulation stopped with endSimulation() -- in module (ScheduledAccessQueue) DectScheduledAccessNetwork.queue (id=2), at t=172.133359472431s, event #120828

Calling finish() at end of Run #817...

Preparing for running configuration MonetecFocusedSmallR, run #818...
Scenario: $r=13, $rho=0.165, $repetition=2
Assigned runID=MonetecFocusedSmallR-818-20260930-07:06:13-58
Setting up network "dect2020scheduledaccess.DectScheduledAccessNetwork"...
Initializing...

Running simulation...
** Event #0   t=0   Elapsed: 1.5e-05s (0m 00s)
     Speed:     ev/sec=0   simsec/sec=0   ev/simsec=0
     Messages:  created: 2   present: 2   in FES: 2
** Event #120589   t=172.115071811313   Elapsed: 0.009487s (0m 00s)
     Speed:     ev/sec=0   simsec/sec=0   ev/simsec=0
     Messages:  created: 2   present: 2   in FES: 1

<!> Simulation stopped with endSimulation() -- in module (ScheduledAccessQueue) DectScheduledAccessNetwork.queue (id=2), at t=172.115071811313s, event #120589

Calling finish() at end of Run #818...

Preparing for running configuration MonetecFocusedSmallR, run #819...
Scenario: $r=13, $rho=0.170, $repetition=0
Assigned runID=MonetecFocusedSmallR-819-20260930-07:06:13-58
Setting up network "dect2020scheduledaccess.DectScheduledAccessNetwork"...
Initializing...

Running simulation...
** Event #0   t=0   Elapsed: 3e-06s (0m 00s)
     Speed:     ev/sec=0   simsec/sec=0   ev/simsec=0
     Messages:  created: 2   present: 2   in FES: 2
** Event #123287   t=172.169788956638   Elapsed: 0.009654s (0m 00s)
     Speed:     ev/sec=0   simsec/sec=0   ev/simsec=0
     Messages:  created: 2   present: 2   in FES: 1

<!> Simulation stopped with endSimulation() -- in module (ScheduledAccessQueue) DectScheduledAccessNetwork.queue (id=2), at t=172.169788956638s, event #123287

Calling finish() at end of Run #819...

Preparing for running configuration MonetecFocusedSmallR, run #820...
Scenario: $r=13, $rho=0.170, $repetition=1
Assigned runID=MonetecFocusedSmallR-820-20260930-07:06:13-58
Setting up network "dect2020scheduledaccess.DectScheduledAccessNetwork"...
Initializing...

Running simulation...
** Event #0   t=0   Elapsed: 2e-06s (0m 00s)
     Speed:     ev/sec=0   simsec/sec=0   ev/simsec=0
     Messages:  created: 2   present: 2   in FES: 2
** Event #122941   t=172.145135425908   Elapsed: 0.009783s (0m 00s)
     Speed:     ev/sec=0   simsec/sec=0   ev/simsec=0
     Messages:  created: 2   present: 2   in FES: 1

<!> Simulation stopped with endSimulation() -- in module (ScheduledAccessQueue) DectScheduledAccessNetwork.queue (id=2), at t=172.145135425908s, event #122941

Calling finish() at end of Run #820...

Preparing for running configuration MonetecFocusedSmallR, run #821...
Scenario: $r=13, $rho=0.170, $repetition=2
Assigned runID=MonetecFocusedSmallR-821-20260930-07:06:13-58
Setting up network "dect2020scheduledaccess.DectScheduledAccessNetwork"...
Initializing...

Running simulation...
** Event #0   t=0   Elapsed: 2.8e-05s (0m 00s)
     Speed:     ev/sec=0   simsec/sec=0   ev/simsec=0
     Messages:  created: 2   present: 2   in FES: 2
** Event #122777   t=172.178176781937   Elapsed: 0.009754s (0m 00s)
     Speed:     ev/sec=0   simsec/sec=0   ev/simsec=0
     Messages:  created: 2   present: 2   in FES: 1

<!> Simulation stopped with endSimulation() -- in module (ScheduledAccessQueue) DectScheduledAccessNetwork.queue (id=2), at t=172.178176781937s, event #122777

Calling finish() at end of Run #821...

Preparing for running configuration MonetecFocusedSmallR, run #822...
Scenario: $r=13, $rho=0.175, $repetition=0
Assigned runID=MonetecFocusedSmallR-822-20260930-07:06:13-58
Setting up network "dect2020scheduledaccess.DectScheduledAccessNetwork"...
Initializing...

Running simulation...
** Event #0   t=0   Elapsed: 2.6e-05s (0m 00s)
     Speed:     ev/sec=0   simsec/sec=0   ev/simsec=0
     Messages:  created: 2   present: 2   in FES: 2
** Event #125492   t=172.20133632668   Elapsed: 0.009953s (0m 00s)
     Speed:     ev/sec=0   simsec/sec=0   ev/simsec=0
     Messages:  created: 2   present: 2   in FES: 1

<!> Simulation stopped with endSimulation() -- in module (ScheduledAccessQueue) DectScheduledAccessNetwork.queue (id=2), at t=172.20133632668s, event #125492

Calling finish() at end of Run #822...

Preparing for running configuration MonetecFocusedSmallR, run #823...
Scenario: $r=13, $rho=0.175, $repetition=1
Assigned runID=MonetecFocusedSmallR-823-20260930-07:06:13-58
Setting up network "dect2020scheduledaccess.DectScheduledAccessNetwork"...
Initializing...

Running simulation...
** Event #0   t=0   Elapsed: 3e-06s (0m 00s)
     Speed:     ev/sec=0   simsec/sec=0   ev/simsec=0
     Messages:  created: 2   present: 2   in FES: 2
** Event #124855   t=172.069627280564   Elapsed: 0.009913s (0m 00s)
     Speed:     ev/sec=0   simsec/sec=0   ev/simsec=0
     Messages:  created: 2   present: 2   in FES: 1

<!> Simulation stopped with endSimulation() -- in module (ScheduledAccessQueue) DectScheduledAccessNetwork.queue (id=2), at t=172.069627280564s, event #124855

Calling finish() at end of Run #823...

Preparing for running configuration MonetecFocusedSmallR, run #824...
Scenario: $r=13, $rho=0.175, $repetition=2
Assigned runID=MonetecFocusedSmallR-824-20260930-07:06:13-58
Setting up network "dect2020scheduledaccess.DectScheduledAccessNetwork"...
Initializing...

Running simulation...
** Event #0   t=0   Elapsed: 2e-06s (0m 00s)
     Speed:     ev/sec=0   simsec/sec=0   ev/simsec=0
     Messages:  created: 2   present: 2   in FES: 2
** Event #124713   t=172.141568612973   Elapsed: 0.009889s (0m 00s)
     Speed:     ev/sec=0   simsec/sec=0   ev/simsec=0
     Messages:  created: 2   present: 2   in FES: 1

<!> Simulation stopped with endSimulation() -- in module (ScheduledAccessQueue) DectScheduledAccessNetwork.queue (id=2), at t=172.141568612973s, event #124713

Calling finish() at end of Run #824...

Preparing for running configuration MonetecFocusedSmallR, run #825...
Scenario: $r=13, $rho=0.180, $repetition=0
Assigned runID=MonetecFocusedSmallR-825-20260930-07:06:13-58
Setting up network "dect2020scheduledaccess.DectScheduledAccessNetwork"...
Initializing...

Running simulation...
** Event #0   t=0   Elapsed: 1.8e-05s (0m 00s)
     Speed:     ev/sec=0   simsec/sec=0   ev/simsec=0
     Messages:  created: 2   present: 2   in FES: 2
** Event #127067   t=172.01910483829   Elapsed: 0.010018s (0m 00s)
     Speed:     ev/sec=1.27054e+07   simsec/sec=17200.1   ev/simsec=738.681
     Messages:  created: 2   present: 2   in FES: 1

<!> Simulation stopped with endSimulation() -- in module (ScheduledAccessQueue) DectScheduledAccessNetwork.queue (id=2), at t=172.01910483829s, event #127067

Calling finish() at end of Run #825...

Preparing for running configuration MonetecFocusedSmallR, run #826...
Scenario: $r=13, $rho=0.180, $repetition=1
Assigned runID=MonetecFocusedSmallR-826-20260930-07:06:13-58
Setting up network "dect2020scheduledaccess.DectScheduledAccessNetwork"...
Initializing...

Running simulation...
** Event #0   t=0   Elapsed: 1.1e-05s (0m 00s)
     Speed:     ev/sec=0   simsec/sec=0   ev/simsec=0
     Messages:  created: 2   present: 2   in FES: 2
** Event #127197   t=172.155126680748   Elapsed: 0.009942s (0m 00s)
     Speed:     ev/sec=0   simsec/sec=0   ev/simsec=0
     Messages:  created: 2   present: 2   in FES: 1

<!> Simulation stopped with endSimulation() -- in module (ScheduledAccessQueue) DectScheduledAccessNetwork.queue (id=2), at t=172.155126680748s, event #127197

Calling finish() at end of Run #826...

Preparing for running configuration MonetecFocusedSmallR, run #827...
Scenario: $r=13, $rho=0.180, $repetition=2
Assigned runID=MonetecFocusedSmallR-827-20260930-07:06:13-58
Setting up network "dect2020scheduledaccess.DectScheduledAccessNetwork"...
Initializing...

Running simulation...
** Event #0   t=0   Elapsed: 2e-06s (0m 00s)
     Speed:     ev/sec=0   simsec/sec=0   ev/simsec=0
     Messages:  created: 2   present: 2   in FES: 2
** Event #126862   t=172.173640498695   Elapsed: 0.00998s (0m 00s)
     Speed:     ev/sec=0   simsec/sec=0   ev/simsec=0
     Messages:  created: 2   present: 2   in FES: 1

<!> Simulation stopped with endSimulation() -- in module (ScheduledAccessQueue) DectScheduledAccessNetwork.queue (id=2), at t=172.173640498695s, event #126862

Calling finish() at end of Run #827...

Preparing for running configuration MonetecFocusedSmallR, run #828...
Scenario: $r=13, $rho=0.185, $repetition=0
Assigned runID=MonetecFocusedSmallR-828-20260930-07:06:13-58
Setting up network "dect2020scheduledaccess.DectScheduledAccessNetwork"...
Initializing...

Running simulation...
** Event #0   t=0   Elapsed: 1.7e-05s (0m 00s)
     Speed:     ev/sec=0   simsec/sec=0   ev/simsec=0
     Messages:  created: 2   present: 2   in FES: 2
** Event #129366   t=172.095719491822   Elapsed: 0.010101s (0m 00s)
     Speed:     ev/sec=1.28288e+07   simsec/sec=17066.2   ev/simsec=751.71
     Messages:  created: 2   present: 2   in FES: 1

<!> Simulation stopped with endSimulation() -- in module (ScheduledAccessQueue) DectScheduledAccessNetwork.queue (id=2), at t=172.095719491822s, event #129366

Calling finish() at end of Run #828...

Preparing for running configuration MonetecFocusedSmallR, run #829...
Scenario: $r=13, $rho=0.185, $repetition=1
Assigned runID=MonetecFocusedSmallR-829-20260930-07:06:13-58
Setting up network "dect2020scheduledaccess.DectScheduledAccessNetwork"...
Initializing...

Running simulation...
** Event #0   t=0   Elapsed: 1.2e-05s (0m 00s)
     Speed:     ev/sec=0   simsec/sec=0   ev/simsec=0
     Messages:  created: 2   present: 2   in FES: 2
** Event #129212   t=172.118114587157   Elapsed: 0.010302s (0m 00s)
     Speed:     ev/sec=1.25558e+07   simsec/sec=16725.1   ev/simsec=750.718
     Messages:  created: 2   present: 2   in FES: 1

<!> Simulation stopped with endSimulation() -- in module (ScheduledAccessQueue) DectScheduledAccessNetwork.queue (id=2), at t=172.118114587157s, event #129212

Calling finish() at end of Run #829...

Preparing for running configuration MonetecFocusedSmallR, run #830...
Scenario: $r=13, $rho=0.185, $repetition=2
Assigned runID=MonetecFocusedSmallR-830-20260930-07:06:13-58
Setting up network "dect2020scheduledaccess.DectScheduledAccessNetwork"...
Initializing...

Running simulation...
** Event #0   t=0   Elapsed: 4e-06s (0m 00s)
     Speed:     ev/sec=0   simsec/sec=0   ev/simsec=0
     Messages:  created: 2   present: 2   in FES: 2
** Event #128691   t=172.082525653777   Elapsed: 0.010117s (0m 00s)
     Speed:     ev/sec=1.2724e+07   simsec/sec=17014.2   ev/simsec=747.849
     Messages:  created: 2   present: 2   in FES: 1

<!> Simulation stopped with endSimulation() -- in module (ScheduledAccessQueue) DectScheduledAccessNetwork.queue (id=2), at t=172.082525653777s, event #128691

Calling finish() at end of Run #830...

Preparing for running configuration MonetecFocusedSmallR, run #831...
Scenario: $r=13, $rho=0.190, $repetition=0
Assigned runID=MonetecFocusedSmallR-831-20260930-07:06:13-58
Setting up network "dect2020scheduledaccess.DectScheduledAccessNetwork"...
Initializing...

Running simulation...
** Event #0   t=0   Elapsed: 1.2e-05s (0m 00s)
     Speed:     ev/sec=0   simsec/sec=0   ev/simsec=0
     Messages:  created: 2   present: 2   in FES: 2
** Event #131665   t=172.15872913081   Elapsed: 0.010371s (0m 00s)
     Speed:     ev/sec=1.2709e+07   simsec/sec=16617.6   ev/simsec=764.788
     Messages:  created: 2   present: 2   in FES: 1

<!> Simulation stopped with endSimulation() -- in module (ScheduledAccessQueue) DectScheduledAccessNetwork.queue (id=2), at t=172.15872913081s, event #131665

Calling finish() at end of Run #831...

Preparing for running configuration MonetecFocusedSmallR, run #832...
Scenario: $r=13, $rho=0.190, $repetition=1
Assigned runID=MonetecFocusedSmallR-832-20260930-07:06:13-58
Setting up network "dect2020scheduledaccess.DectScheduledAccessNetwork"...
Initializing...

Running simulation...
** Event #0   t=0   Elapsed: 3e-06s (0m 00s)
     Speed:     ev/sec=0   simsec/sec=0   ev/simsec=0
     Messages:  created: 2   present: 2   in FES: 2
** Event #131373   t=172.119281754456   Elapsed: 0.010297s (0m 00s)
     Speed:     ev/sec=1.27621e+07   simsec/sec=16720.3   ev/simsec=763.27
     Messages:  created: 2   present: 2   in FES: 1

<!> Simulation stopped with endSimulation() -- in module (ScheduledAccessQueue) DectScheduledAccessNetwork.queue (id=2), at t=172.119281754456s, event #131373

Calling finish() at end of Run #832...

Preparing for running configuration MonetecFocusedSmallR, run #833...
Scenario: $r=13, $rho=0.190, $repetition=2
Assigned runID=MonetecFocusedSmallR-833-20260930-07:06:13-58
Setting up network "dect2020scheduledaccess.DectScheduledAccessNetwork"...
Initializing...

Running simulation...
** Event #0   t=0   Elapsed: 1.3e-05s (0m 00s)
     Speed:     ev/sec=0   simsec/sec=0   ev/simsec=0
     Messages:  created: 2   present: 2   in FES: 2
** Event #130800   t=172.082697835439   Elapsed: 0.010292s (0m 00s)
     Speed:     ev/sec=1.27237e+07   simsec/sec=16739.5   ev/simsec=760.1
     Messages:  created: 2   present: 2   in FES: 1

<!> Simulation stopped with endSimulation() -- in module (ScheduledAccessQueue) DectScheduledAccessNetwork.queue (id=2), at t=172.082697835439s, event #130800

Calling finish() at end of Run #833...

Preparing for running configuration MonetecFocusedSmallR, run #834...
Scenario: $r=13, $rho=0.195, $repetition=0
Assigned runID=MonetecFocusedSmallR-834-20260930-07:06:13-58
Setting up network "dect2020scheduledaccess.DectScheduledAccessNetwork"...
Initializing...

Running simulation...
** Event #0   t=0   Elapsed: 1.5e-05s (0m 00s)
     Speed:     ev/sec=0   simsec/sec=0   ev/simsec=0
     Messages:  created: 2   present: 2   in FES: 2
** Event #133479   t=172.058578017656   Elapsed: 0.010536s (0m 00s)
     Speed:     ev/sec=1.26869e+07   simsec/sec=16353.8   ev/simsec=775.777
     Messages:  created: 2   present: 2   in FES: 1

<!> Simulation stopped with endSimulation() -- in module (ScheduledAccessQueue) DectScheduledAccessNetwork.queue (id=2), at t=172.058578017656s, event #133479

Calling finish() at end of Run #834...

Preparing for running configuration MonetecFocusedSmallR, run #835...
Scenario: $r=13, $rho=0.195, $repetition=1
Assigned runID=MonetecFocusedSmallR-835-20260930-07:06:13-58
Setting up network "dect2020scheduledaccess.DectScheduledAccessNetwork"...
Initializing...

Running simulation...
** Event #0   t=0   Elapsed: 1.2e-05s (0m 00s)
     Speed:     ev/sec=0   simsec/sec=0   ev/simsec=0
     Messages:  created: 2   present: 2   in FES: 2
** Event #133252   t=172.079434449176   Elapsed: 0.010468s (0m 00s)
     Speed:     ev/sec=1.27441e+07   simsec/sec=16457.5   ev/simsec=774.364
     Messages:  created: 2   present: 2   in FES: 1

<!> Simulation stopped with endSimulation() -- in module (ScheduledAccessQueue) DectScheduledAccessNetwork.queue (id=2), at t=172.079434449176s, event #133252

Calling finish() at end of Run #835...

Preparing for running configuration MonetecFocusedSmallR, run #836...
Scenario: $r=13, $rho=0.195, $repetition=2
Assigned runID=MonetecFocusedSmallR-836-20260930-07:06:13-58
Setting up network "dect2020scheduledaccess.DectScheduledAccessNetwork"...
Initializing...

Running simulation...
** Event #0   t=0   Elapsed: 1.6e-05s (0m 00s)
     Speed:     ev/sec=0   simsec/sec=0   ev/simsec=0
     Messages:  created: 2   present: 2   in FES: 2
** Event #133156   t=172.176784186525   Elapsed: 0.010434s (0m 00s)
     Speed:     ev/sec=1.27813e+07   simsec/sec=16526.8   ev/simsec=773.368
     Messages:  created: 2   present: 2   in FES: 1

<!> Simulation stopped with endSimulation() -- in module (ScheduledAccessQueue) DectScheduledAccessNetwork.queue (id=2), at t=172.176784186525s, event #133156

Calling finish() at end of Run #836...

Preparing for running configuration MonetecFocusedSmallR, run #837...
Scenario: $r=13, $rho=0.200, $repetition=0
Assigned runID=MonetecFocusedSmallR-837-20260930-07:06:13-58
Setting up network "dect2020scheduledaccess.DectScheduledAccessNetwork"...
Initializing...

Running simulation...
** Event #0   t=0   Elapsed: 3e-06s (0m 00s)
     Speed:     ev/sec=0   simsec/sec=0   ev/simsec=0
     Messages:  created: 2   present: 2   in FES: 2
** Event #135759   t=172.106573714624   Elapsed: 0.010602s (0m 00s)
     Speed:     ev/sec=1.28087e+07   simsec/sec=16238   ev/simsec=788.808
     Messages:  created: 2   present: 2   in FES: 1

<!> Simulation stopped with endSimulation() -- in module (ScheduledAccessQueue) DectScheduledAccessNetwork.queue (id=2), at t=172.106573714624s, event #135759

Calling finish() at end of Run #837...

Preparing for running configuration MonetecFocusedSmallR, run #838...
Scenario: $r=13, $rho=0.200, $repetition=1
Assigned runID=MonetecFocusedSmallR-838-20260930-07:06:13-58
Setting up network "dect2020scheduledaccess.DectScheduledAccessNetwork"...
Initializing...

Running simulation...
** Event #0   t=0   Elapsed: 1.6e-05s (0m 00s)
     Speed:     ev/sec=0   simsec/sec=0   ev/simsec=0
     Messages:  created: 2   present: 2   in FES: 2
** Event #135275   t=172.059783857728   Elapsed: 0.010654s (0m 00s)
     Speed:     ev/sec=1.27162e+07   simsec/sec=16174.1   ev/simsec=786.21
     Messages:  created: 2   present: 2   in FES: 1

<!> Simulation stopped with endSimulation() -- in module (ScheduledAccessQueue) DectScheduledAccessNetwork.queue (id=2), at t=172.059783857728s, event #135275

Calling finish() at end of Run #838...

Preparing for running configuration MonetecFocusedSmallR, run #839...
Scenario: $r=13, $rho=0.200, $repetition=2
Assigned runID=MonetecFocusedSmallR-839-20260930-07:06:13-58
Setting up network "dect2020scheduledaccess.DectScheduledAccessNetwork"...
Initializing...

Running simulation...
** Event #0   t=0   Elapsed: 1.3e-05s (0m 00s)
     Speed:     ev/sec=0   simsec/sec=0   ev/simsec=0
     Messages:  created: 2   present: 2   in FES: 2
** Event #135510   t=172.235543538888   Elapsed: 0.010596s (0m 00s)
     Speed:     ev/sec=1.28045e+07   simsec/sec=16274.7   ev/simsec=786.771
     Messages:  created: 2   present: 2   in FES: 1

<!> Simulation stopped with endSimulation() -- in module (ScheduledAccessQueue) DectScheduledAccessNetwork.queue (id=2), at t=172.235543538888s, event #135510

Calling finish() at end of Run #839...

Preparing for running configuration MonetecFocusedSmallR, run #840...
Scenario: $r=13, $rho=0.205, $repetition=0
Assigned runID=MonetecFocusedSmallR-840-20260930-07:06:13-58
Setting up network "dect2020scheduledaccess.DectScheduledAccessNetwork"...
Initializing...

Running simulation...
** Event #0   t=0   Elapsed: 2e-06s (0m 00s)
     Speed:     ev/sec=0   simsec/sec=0   ev/simsec=0
     Messages:  created: 2   present: 2   in FES: 2
** Event #137741   t=172.081346396905   Elapsed: 0.011311s (0m 00s)
     Speed:     ev/sec=1.2183e+07   simsec/sec=15220.3   ev/simsec=800.442
     Messages:  created: 2   present: 2   in FES: 1

<!> Simulation stopped with endSimulation() -- in module (ScheduledAccessQueue) DectScheduledAccessNetwork.queue (id=2), at t=172.081346396905s, event #137741

Calling finish() at end of Run #840...

Preparing for running configuration MonetecFocusedSmallR, run #841...
Scenario: $r=13, $rho=0.205, $repetition=1
Assigned runID=MonetecFocusedSmallR-841-20260930-07:06:13-58
Setting up network "dect2020scheduledaccess.DectScheduledAccessNetwork"...
Initializing...

Running simulation...
** Event #0   t=0   Elapsed: 3e-06s (0m 00s)
     Speed:     ev/sec=0   simsec/sec=0   ev/simsec=0
     Messages:  created: 2   present: 2   in FES: 2
** Event #137673   t=172.165243172099   Elapsed: 0.010794s (0m 00s)
     Speed:     ev/sec=1.27581e+07   simsec/sec=15954.5   ev/simsec=799.657
     Messages:  created: 2   present: 2   in FES: 1

<!> Simulation stopped with endSimulation() -- in module (ScheduledAccessQueue) DectScheduledAccessNetwork.queue (id=2), at t=172.165243172099s, event #137673

Calling finish() at end of Run #841...

Preparing for running configuration MonetecFocusedSmallR, run #842...
Scenario: $r=13, $rho=0.205, $repetition=2
Assigned runID=MonetecFocusedSmallR-842-20260930-07:06:13-58
Setting up network "dect2020scheduledaccess.DectScheduledAccessNetwork"...
Initializing...

Running simulation...
** Event #0   t=0   Elapsed: 3e-06s (0m 00s)
     Speed:     ev/sec=0   simsec/sec=0   ev/simsec=0
     Messages:  created: 2   present: 2   in FES: 2
** Event #137354   t=172.153439592414   Elapsed: 0.010669s (0m 00s)
     Speed:     ev/sec=1.28777e+07   simsec/sec=16140.4   ev/simsec=797.859
     Messages:  created: 2   present: 2   in FES: 1

<!> Simulation stopped with endSimulation() -- in module (ScheduledAccessQueue) DectScheduledAccessNetwork.queue (id=2), at t=172.153439592414s, event #137354

Calling finish() at end of Run #842...

Preparing for running configuration MonetecFocusedSmallR, run #843...
Scenario: $r=13, $rho=0.210, $repetition=0
Assigned runID=MonetecFocusedSmallR-843-20260930-07:06:13-58
Setting up network "dect2020scheduledaccess.DectScheduledAccessNetwork"...
Initializing...

Running simulation...
** Event #0   t=0   Elapsed: 2.3e-05s (0m 00s)
     Speed:     ev/sec=0   simsec/sec=0   ev/simsec=0
     Messages:  created: 2   present: 2   in FES: 2
** Event #139863   t=172.093004683227   Elapsed: 0.011071s (0m 00s)
     Speed:     ev/sec=1.26584e+07   simsec/sec=15575.4   ev/simsec=812.718
     Messages:  created: 2   present: 2   in FES: 1

<!> Simulation stopped with endSimulation() -- in module (ScheduledAccessQueue) DectScheduledAccessNetwork.queue (id=2), at t=172.093004683227s, event #139863

Calling finish() at end of Run #843...

Preparing for running configuration MonetecFocusedSmallR, run #844...
Scenario: $r=13, $rho=0.210, $repetition=1
Assigned runID=MonetecFocusedSmallR-844-20260930-07:06:13-58
Setting up network "dect2020scheduledaccess.DectScheduledAccessNetwork"...
Initializing...

Running simulation...
** Event #0   t=0   Elapsed: 2e-06s (0m 00s)
     Speed:     ev/sec=0   simsec/sec=0   ev/simsec=0
     Messages:  created: 2   present: 2   in FES: 2
** Event #139527   t=172.081049192958   Elapsed: 0.010859s (0m 00s)
     Speed:     ev/sec=1.28513e+07   simsec/sec=15849.8   ev/simsec=810.822
     Messages:  created: 2   present: 2   in FES: 1

<!> Simulation stopped with endSimulation() -- in module (ScheduledAccessQueue) DectScheduledAccessNetwork.queue (id=2), at t=172.081049192958s, event #139527

Calling finish() at end of Run #844...

Preparing for running configuration MonetecFocusedSmallR, run #845...
Scenario: $r=13, $rho=0.210, $repetition=2
Assigned runID=MonetecFocusedSmallR-845-20260930-07:06:13-58
Setting up network "dect2020scheduledaccess.DectScheduledAccessNetwork"...
Initializing...

Running simulation...
** Event #0   t=0   Elapsed: 1.8e-05s (0m 00s)
     Speed:     ev/sec=0   simsec/sec=0   ev/simsec=0
     Messages:  created: 2   present: 2   in FES: 2
** Event #139630   t=172.230580320725   Elapsed: 0.010901s (0m 00s)
     Speed:     ev/sec=1.28289e+07   simsec/sec=15824.2   ev/simsec=810.716
     Messages:  created: 2   present: 2   in FES: 1

<!> Simulation stopped with endSimulation() -- in module (ScheduledAccessQueue) DectScheduledAccessNetwork.queue (id=2), at t=172.230580320725s, event #139630

Calling finish() at end of Run #845...

Preparing for running configuration MonetecFocusedSmallR, run #846...
Scenario: $r=13, $rho=0.215, $repetition=0
Assigned runID=MonetecFocusedSmallR-846-20260930-07:06:13-58
Setting up network "dect2020scheduledaccess.DectScheduledAccessNetwork"...
Initializing...

Running simulation...
** Event #0   t=0   Elapsed: 2e-06s (0m 00s)
     Speed:     ev/sec=0   simsec/sec=0   ev/simsec=0
     Messages:  created: 2   present: 2   in FES: 2
** Event #141770   t=172.033055436152   Elapsed: 0.010992s (0m 00s)
     Speed:     ev/sec=1.28999e+07   simsec/sec=15653.6   ev/simsec=824.087
     Messages:  created: 2   present: 2   in FES: 1

<!> Simulation stopped with endSimulation() -- in module (ScheduledAccessQueue) DectScheduledAccessNetwork.queue (id=2), at t=172.033055436152s, event #141770

Calling finish() at end of Run #846...

Preparing for running configuration MonetecFocusedSmallR, run #847...
Scenario: $r=13, $rho=0.215, $repetition=1
Assigned runID=MonetecFocusedSmallR-847-20260930-07:06:13-58
Setting up network "dect2020scheduledaccess.DectScheduledAccessNetwork"...
Initializing...

Running simulation...
** Event #0   t=0   Elapsed: 1.5e-05s (0m 00s)
     Speed:     ev/sec=0   simsec/sec=0   ev/simsec=0
     Messages:  created: 2   present: 2   in FES: 2
** Event #141601   t=172.091649281324   Elapsed: 0.011132s (0m 00s)
     Speed:     ev/sec=1.27373e+07   simsec/sec=15480   ev/simsec=822.824
     Messages:  created: 2   present: 2   in FES: 1

<!> Simulation stopped with endSimulation() -- in module (ScheduledAccessQueue) DectScheduledAccessNetwork.queue (id=2), at t=172.091649281324s, event #141601

Calling finish() at end of Run #847...

Preparing for running configuration MonetecFocusedSmallR, run #848...
Scenario: $r=13, $rho=0.215, $repetition=2
Assigned runID=MonetecFocusedSmallR-848-20260930-07:06:13-58
Setting up network "dect2020scheduledaccess.DectScheduledAccessNetwork"...
Initializing...

Running simulation...
** Event #0   t=0   Elapsed: 9e-06s (0m 00s)
     Speed:     ev/sec=0   simsec/sec=0   ev/simsec=0
     Messages:  created: 2   present: 2   in FES: 2
** Event #141684   t=172.242493841929   Elapsed: 0.011078s (0m 00s)
     Speed:     ev/sec=1.28001e+07   simsec/sec=15560.8   ev/simsec=822.585
     Messages:  created: 2   present: 2   in FES: 1

<!> Simulation stopped with endSimulation() -- in module (ScheduledAccessQueue) DectScheduledAccessNetwork.queue (id=2), at t=172.242493841929s, event #141684

Calling finish() at end of Run #848...

Preparing for running configuration MonetecFocusedSmallR, run #849...
Scenario: $r=13, $rho=0.220, $repetition=0
Assigned runID=MonetecFocusedSmallR-849-20260930-07:06:13-58
Setting up network "dect2020scheduledaccess.DectScheduledAccessNetwork"...
Initializing...

Running simulation...
** Event #0   t=0   Elapsed: 1.1e-05s (0m 00s)
     Speed:     ev/sec=0   simsec/sec=0   ev/simsec=0
     Messages:  created: 2   present: 2   in FES: 2
** Event #143911   t=172.069978697602   Elapsed: 0.011335s (0m 00s)
     Speed:     ev/sec=1.27085e+07   simsec/sec=15195.1   ev/simsec=836.353
     Messages:  created: 2   present: 2   in FES: 1

<!> Simulation stopped with endSimulation() -- in module (ScheduledAccessQueue) DectScheduledAccessNetwork.queue (id=2), at t=172.069978697602s, event #143911

Calling finish() at end of Run #849...

Preparing for running configuration MonetecFocusedSmallR, run #850...
Scenario: $r=13, $rho=0.220, $repetition=1
Assigned runID=MonetecFocusedSmallR-850-20260930-07:06:13-58
Setting up network "dect2020scheduledaccess.DectScheduledAccessNetwork"...
Initializing...

Running simulation...
** Event #0   t=0   Elapsed: 3e-06s (0m 00s)
     Speed:     ev/sec=0   simsec/sec=0   ev/simsec=0
     Messages:  created: 2   present: 2   in FES: 2
** Event #144029   t=172.194701939359   Elapsed: 0.01113s (0m 00s)
     Speed:     ev/sec=1.29429e+07   simsec/sec=15473.9   ev/simsec=836.438
     Messages:  created: 2   present: 2   in FES: 1

<!> Simulation stopped with endSimulation() -- in module (ScheduledAccessQueue) DectScheduledAccessNetwork.queue (id=2), at t=172.194701939359s, event #144029

Calling finish() at end of Run #850...

Preparing for running configuration MonetecFocusedSmallR, run #851...
Scenario: $r=13, $rho=0.220, $repetition=2
Assigned runID=MonetecFocusedSmallR-851-20260930-07:06:13-58
Setting up network "dect2020scheduledaccess.DectScheduledAccessNetwork"...
Initializing...

Running simulation...
** Event #0   t=0   Elapsed: 2e-06s (0m 00s)
     Speed:     ev/sec=0   simsec/sec=0   ev/simsec=0
     Messages:  created: 2   present: 2   in FES: 2
** Event #143585   t=172.162867060768   Elapsed: 0.011043s (0m 00s)
     Speed:     ev/sec=1.30047e+07   simsec/sec=15593   ev/simsec=834.008
     Messages:  created: 2   present: 2   in FES: 1

<!> Simulation stopped with endSimulation() -- in module (ScheduledAccessQueue) DectScheduledAccessNetwork.queue (id=2), at t=172.162867060768s, event #143585

Calling finish() at end of Run #851...

Preparing for running configuration MonetecFocusedSmallR, run #852...
Scenario: $r=13, $rho=0.225, $repetition=0
Assigned runID=MonetecFocusedSmallR-852-20260930-07:06:13-58
Setting up network "dect2020scheduledaccess.DectScheduledAccessNetwork"...
Initializing...

Running simulation...
** Event #0   t=0   Elapsed: 2.6e-05s (0m 00s)
     Speed:     ev/sec=0   simsec/sec=0   ev/simsec=0
     Messages:  created: 2   present: 2   in FES: 2
** Event #145774   t=172.008179023051   Elapsed: 0.011375s (0m 00s)
     Speed:     ev/sec=1.28447e+07   simsec/sec=15156.2   ev/simsec=847.483
     Messages:  created: 2   present: 2   in FES: 1

<!> Simulation stopped with endSimulation() -- in module (ScheduledAccessQueue) DectScheduledAccessNetwork.queue (id=2), at t=172.008179023051s, event #145774

Calling finish() at end of Run #852...

Preparing for running configuration MonetecFocusedSmallR, run #853...
Scenario: $r=13, $rho=0.225, $repetition=1
Assigned runID=MonetecFocusedSmallR-853-20260930-07:06:13-58
Setting up network "dect2020scheduledaccess.DectScheduledAccessNetwork"...
Initializing...

Running simulation...
** Event #0   t=0   Elapsed: 2e-06s (0m 00s)
     Speed:     ev/sec=0   simsec/sec=0   ev/simsec=0
     Messages:  created: 2   present: 2   in FES: 2
** Event #145847   t=172.1381791353   Elapsed: 0.011748s (0m 00s)
     Speed:     ev/sec=1.24167e+07   simsec/sec=14655   ev/simsec=847.268
     Messages:  created: 2   present: 2   in FES: 1

<!> Simulation stopped with endSimulation() -- in module (ScheduledAccessQueue) DectScheduledAccessNetwork.queue (id=2), at t=172.1381791353s, event #145847

Calling finish() at end of Run #853...

Preparing for running configuration MonetecFocusedSmallR, run #854...
Scenario: $r=13, $rho=0.225, $repetition=2
Assigned runID=MonetecFocusedSmallR-854-20260930-07:06:13-58
Setting up network "dect2020scheduledaccess.DectScheduledAccessNetwork"...
Initializing...

Running simulation...
** Event #0   t=0   Elapsed: 2e-06s (0m 00s)
     Speed:     ev/sec=0   simsec/sec=0   ev/simsec=0
     Messages:  created: 2   present: 2   in FES: 2
** Event #145768   t=172.227248414812   Elapsed: 0.011412s (0m 00s)
     Speed:     ev/sec=1.27766e+07   simsec/sec=15095.7   ev/simsec=846.372
     Messages:  created: 2   present: 2   in FES: 1

<!> Simulation stopped with endSimulation() -- in module (ScheduledAccessQueue) DectScheduledAccessNetwork.queue (id=2), at t=172.227248414812s, event #145768

Calling finish() at end of Run #854...

Preparing for running configuration MonetecFocusedSmallR, run #855...
Scenario: $r=13, $rho=0.230, $repetition=0
Assigned runID=MonetecFocusedSmallR-855-20260930-07:06:13-58
Setting up network "dect2020scheduledaccess.DectScheduledAccessNetwork"...
Initializing...

Running simulation...
** Event #0   t=0   Elapsed: 2e-06s (0m 00s)
     Speed:     ev/sec=0   simsec/sec=0   ev/simsec=0
     Messages:  created: 2   present: 2   in FES: 2
** Event #147968   t=172.035673560274   Elapsed: 0.011411s (0m 00s)
     Speed:     ev/sec=1.29694e+07   simsec/sec=15078.9   ev/simsec=860.102
     Messages:  created: 2   present: 2   in FES: 1

<!> Simulation stopped with endSimulation() -- in module (ScheduledAccessQueue) DectScheduledAccessNetwork.queue (id=2), at t=172.035673560274s, event #147968

Calling finish() at end of Run #855...

Preparing for running configuration MonetecFocusedSmallR, run #856...
Scenario: $r=13, $rho=0.230, $repetition=1
Assigned runID=MonetecFocusedSmallR-856-20260930-07:06:13-58
Setting up network "dect2020scheduledaccess.DectScheduledAccessNetwork"...
Initializing...

Running simulation...
** Event #0   t=0   Elapsed: 1.2e-05s (0m 00s)
     Speed:     ev/sec=0   simsec/sec=0   ev/simsec=0
     Messages:  created: 2   present: 2   in FES: 2
** Event #147551   t=172.022922778503   Elapsed: 0.011564s (0m 00s)
     Speed:     ev/sec=1.27728e+07   simsec/sec=14891.2   ev/simsec=857.741
     Messages:  created: 2   present: 2   in FES: 1

<!> Simulation stopped with endSimulation() -- in module (ScheduledAccessQueue) DectScheduledAccessNetwork.queue (id=2), at t=172.022922778503s, event #147551

Calling finish() at end of Run #856...

Preparing for running configuration MonetecFocusedSmallR, run #857...
Scenario: $r=13, $rho=0.230, $repetition=2
Assigned runID=MonetecFocusedSmallR-857-20260930-07:06:13-58
Setting up network "dect2020scheduledaccess.DectScheduledAccessNetwork"...
Initializing...

Running simulation...
** Event #0   t=0   Elapsed: 1.3e-05s (0m 00s)
     Speed:     ev/sec=0   simsec/sec=0   ev/simsec=0
     Messages:  created: 2   present: 2   in FES: 2
** Event #147685   t=172.181824590758   Elapsed: 0.011561s (0m 00s)
     Speed:     ev/sec=1.27888e+07   simsec/sec=14910.1   ev/simsec=857.728
     Messages:  created: 2   present: 2   in FES: 1

<!> Simulation stopped with endSimulation() -- in module (ScheduledAccessQueue) DectScheduledAccessNetwork.queue (id=2), at t=172.181824590758s, event #147685

Calling finish() at end of Run #857...

Preparing for running configuration MonetecFocusedSmallR, run #858...
Scenario: $r=13, $rho=0.235, $repetition=0
Assigned runID=MonetecFocusedSmallR-858-20260930-07:06:13-58
Setting up network "dect2020scheduledaccess.DectScheduledAccessNetwork"...
Initializing...

Running simulation...
** Event #0   t=0   Elapsed: 2e-06s (0m 00s)
     Speed:     ev/sec=0   simsec/sec=0   ev/simsec=0
     Messages:  created: 2   present: 2   in FES: 2
** Event #149920   t=172.013688280565   Elapsed: 0.011632s (0m 00s)
     Speed:     ev/sec=1.28908e+07   simsec/sec=14790.5   ev/simsec=871.561
     Messages:  created: 2   present: 2   in FES: 1

<!> Simulation stopped with endSimulation() -- in module (ScheduledAccessQueue) DectScheduledAccessNetwork.queue (id=2), at t=172.013688280565s, event #149920

Calling finish() at end of Run #858...

Preparing for running configuration MonetecFocusedSmallR, run #859...
Scenario: $r=13, $rho=0.235, $repetition=1
Assigned runID=MonetecFocusedSmallR-859-20260930-07:06:13-58
Setting up network "dect2020scheduledaccess.DectScheduledAccessNetwork"...
Initializing...

Running simulation...
** Event #0   t=0   Elapsed: 1.4e-05s (0m 00s)
     Speed:     ev/sec=0   simsec/sec=0   ev/simsec=0
     Messages:  created: 2   present: 2   in FES: 2
** Event #149790   t=172.072891304429   Elapsed: 0.011704s (0m 00s)
     Speed:     ev/sec=1.28135e+07   simsec/sec=14719.7   ev/simsec=870.504
     Messages:  created: 2   present: 2   in FES: 1

<!> Simulation stopped with endSimulation() -- in module (ScheduledAccessQueue) DectScheduledAccessNetwork.queue (id=2), at t=172.072891304429s, event #149790

Calling finish() at end of Run #859...

Preparing for running configuration MonetecFocusedSmallR, run #860...
Scenario: $r=13, $rho=0.235, $repetition=2
Assigned runID=MonetecFocusedSmallR-860-20260930-07:06:13-58
Setting up network "dect2020scheduledaccess.DectScheduledAccessNetwork"...
Initializing...

Running simulation...
** Event #0   t=0   Elapsed: 1.4e-05s (0m 00s)
     Speed:     ev/sec=0   simsec/sec=0   ev/simsec=0
     Messages:  created: 2   present: 2   in FES: 2
** Event #149798   t=172.190732700324   Elapsed: 0.011647s (0m 00s)
     Speed:     ev/sec=1.2877e+07   simsec/sec=14801.9   ev/simsec=869.954
     Messages:  created: 2   present: 2   in FES: 1

<!> Simulation stopped with endSimulation() -- in module (ScheduledAccessQueue) DectScheduledAccessNetwork.queue (id=2), at t=172.190732700324s, event #149798

Calling finish() at end of Run #860...

Preparing for running configuration MonetecFocusedSmallR, run #861...
Scenario: $r=13, $rho=0.240, $repetition=0
Assigned runID=MonetecFocusedSmallR-861-20260930-07:06:13-58
Setting up network "dect2020scheduledaccess.DectScheduledAccessNetwork"...
Initializing...

Running simulation...
** Event #0   t=0   Elapsed: 1.6e-05s (0m 00s)
     Speed:     ev/sec=0   simsec/sec=0   ev/simsec=0
     Messages:  created: 2   present: 2   in FES: 2
** Event #152171   t=172.093501764653   Elapsed: 0.011794s (0m 00s)
     Speed:     ev/sec=1.29188e+07   simsec/sec=14610.2   ev/simsec=884.235
     Messages:  created: 2   present: 2   in FES: 1

<!> Simulation stopped with endSimulation() -- in module (ScheduledAccessQueue) DectScheduledAccessNetwork.queue (id=2), at t=172.093501764653s, event #152171

Calling finish() at end of Run #861...

Preparing for running configuration MonetecFocusedSmallR, run #862...
Scenario: $r=13, $rho=0.240, $repetition=1
Assigned runID=MonetecFocusedSmallR-862-20260930-07:06:13-58
Setting up network "dect2020scheduledaccess.DectScheduledAccessNetwork"...
Initializing...

Running simulation...
** Event #0   t=0   Elapsed: 2e-06s (0m 00s)
     Speed:     ev/sec=0   simsec/sec=0   ev/simsec=0
     Messages:  created: 2   present: 2   in FES: 2
** Event #152049   t=172.159906526946   Elapsed: 0.0118s (0m 00s)
     Speed:     ev/sec=1.28888e+07   simsec/sec=14593.5   ev/simsec=883.185
     Messages:  created: 2   present: 2   in FES: 1

<!> Simulation stopped with endSimulation() -- in module (ScheduledAccessQueue) DectScheduledAccessNetwork.queue (id=2), at t=172.159906526946s, event #152049

Calling finish() at end of Run #862...

Preparing for running configuration MonetecFocusedSmallR, run #863...
Scenario: $r=13, $rho=0.240, $repetition=2
Assigned runID=MonetecFocusedSmallR-863-20260930-07:06:13-58
Setting up network "dect2020scheduledaccess.DectScheduledAccessNetwork"...
Initializing...

Running simulation...
** Event #0   t=0   Elapsed: 2e-06s (0m 00s)
     Speed:     ev/sec=0   simsec/sec=0   ev/simsec=0
     Messages:  created: 2   present: 2   in FES: 2
** Event #151475   t=172.06363312123   Elapsed: 0.01167s (0m 00s)
     Speed:     ev/sec=1.29821e+07   simsec/sec=14746.6   ev/simsec=880.345
     Messages:  created: 2   present: 2   in FES: 1

<!> Simulation stopped with endSimulation() -- in module (ScheduledAccessQueue) DectScheduledAccessNetwork.queue (id=2), at t=172.06363312123s, event #151475

Calling finish() at end of Run #863...

Preparing for running configuration MonetecFocusedSmallR, run #864...
Scenario: $r=13, $rho=0.245, $repetition=0
Assigned runID=MonetecFocusedSmallR-864-20260930-07:06:13-58
Setting up network "dect2020scheduledaccess.DectScheduledAccessNetwork"...
Initializing...

Running simulation...
** Event #0   t=0   Elapsed: 3e-06s (0m 00s)
     Speed:     ev/sec=0   simsec/sec=0   ev/simsec=0
     Messages:  created: 2   present: 2   in FES: 2
** Event #153764   t=171.915028644706   Elapsed: 0.011971s (0m 00s)
     Speed:     ev/sec=1.28522e+07   simsec/sec=14369.3   ev/simsec=894.42
     Messages:  created: 2   present: 2   in FES: 1

<!> Simulation stopped with endSimulation() -- in module (ScheduledAccessQueue) DectScheduledAccessNetwork.queue (id=2), at t=171.915028644706s, event #153764

Calling finish() at end of Run #864...

Preparing for running configuration MonetecFocusedSmallR, run #865...
Scenario: $r=13, $rho=0.245, $repetition=1
Assigned runID=MonetecFocusedSmallR-865-20260930-07:06:13-58
Setting up network "dect2020scheduledaccess.DectScheduledAccessNetwork"...
Initializing...

Running simulation...
** Event #0   t=0   Elapsed: 1.2e-05s (0m 00s)
     Speed:     ev/sec=0   simsec/sec=0   ev/simsec=0
     Messages:  created: 2   present: 2   in FES: 2
** Event #153984   t=172.118794781502   Elapsed: 0.011898s (0m 00s)
     Speed:     ev/sec=1.29551e+07   simsec/sec=14480.8   ev/simsec=894.639
     Messages:  created: 2   present: 2   in FES: 1

<!> Simulation stopped with endSimulation() -- in module (ScheduledAccessQueue) DectScheduledAccessNetwork.queue (id=2), at t=172.118794781502s, event #153984

Calling finish() at end of Run #865...

Preparing for running configuration MonetecFocusedSmallR, run #866...
Scenario: $r=13, $rho=0.245, $repetition=2
Assigned runID=MonetecFocusedSmallR-866-20260930-07:06:13-58
Setting up network "dect2020scheduledaccess.DectScheduledAccessNetwork"...
Initializing...

Running simulation...
** Event #0   t=0   Elapsed: 1.5e-05s (0m 00s)
     Speed:     ev/sec=0   simsec/sec=0   ev/simsec=0
     Messages:  created: 2   present: 2   in FES: 2
** Event #153886   t=172.182969768068   Elapsed: 0.012277s (0m 00s)
     Speed:     ev/sec=1.25509e+07   simsec/sec=14043   ev/simsec=893.743
     Messages:  created: 2   present: 2   in FES: 1

<!> Simulation stopped with endSimulation() -- in module (ScheduledAccessQueue) DectScheduledAccessNetwork.queue (id=2), at t=172.182969768068s, event #153886

Calling finish() at end of Run #866...

Preparing for running configuration MonetecFocusedSmallR, run #867...
Scenario: $r=13, $rho=0.250, $repetition=0
Assigned runID=MonetecFocusedSmallR-867-20260930-07:06:13-58
Setting up network "dect2020scheduledaccess.DectScheduledAccessNetwork"...
Initializing...

Running simulation...
** Event #0   t=0   Elapsed: 3e-06s (0m 00s)
     Speed:     ev/sec=0   simsec/sec=0   ev/simsec=0
     Messages:  created: 2   present: 2   in FES: 2
** Event #156226   t=172.057218955234   Elapsed: 0.012133s (0m 00s)
     Speed:     ev/sec=1.28793e+07   simsec/sec=14184.4   ev/simsec=907.99
     Messages:  created: 2   present: 2   in FES: 1

<!> Simulation stopped with endSimulation() -- in module (ScheduledAccessQueue) DectScheduledAccessNetwork.queue (id=2), at t=172.057218955234s, event #156226

Calling finish() at end of Run #867...

Preparing for running configuration MonetecFocusedSmallR, run #868...
Scenario: $r=13, $rho=0.250, $repetition=1
Assigned runID=MonetecFocusedSmallR-868-20260930-07:06:13-58
Setting up network "dect2020scheduledaccess.DectScheduledAccessNetwork"...
Initializing...

Running simulation...
** Event #0   t=0   Elapsed: 3e-06s (0m 00s)
     Speed:     ev/sec=0   simsec/sec=0   ev/simsec=0
     Messages:  created: 2   present: 2   in FES: 2
** Event #156143   t=172.147544862511   Elapsed: 0.012099s (0m 00s)
     Speed:     ev/sec=1.29086e+07   simsec/sec=14231.8   ev/simsec=907.031
     Messages:  created: 2   present: 2   in FES: 1

<!> Simulation stopped with endSimulation() -- in module (ScheduledAccessQueue) DectScheduledAccessNetwork.queue (id=2), at t=172.147544862511s, event #156143

Calling finish() at end of Run #868...

Preparing for running configuration MonetecFocusedSmallR, run #869...
Scenario: $r=13, $rho=0.250, $repetition=2
Assigned runID=MonetecFocusedSmallR-869-20260930-07:06:14-58
Setting up network "dect2020scheduledaccess.DectScheduledAccessNetwork"...
Initializing...

Running simulation...
** Event #0   t=0   Elapsed: 2e-06s (0m 00s)
     Speed:     ev/sec=0   simsec/sec=0   ev/simsec=0
     Messages:  created: 2   present: 2   in FES: 2
** Event #156083   t=172.208909648347   Elapsed: 0.012068s (0m 00s)
     Speed:     ev/sec=1.29358e+07   simsec/sec=14272.2   ev/simsec=906.359
     Messages:  created: 2   present: 2   in FES: 1

<!> Simulation stopped with endSimulation() -- in module (ScheduledAccessQueue) DectScheduledAccessNetwork.queue (id=2), at t=172.208909648347s, event #156083

Calling finish() at end of Run #869...

Preparing for running configuration MonetecFocusedSmallR, run #870...
Scenario: $r=13, $rho=0.255, $repetition=0
Assigned runID=MonetecFocusedSmallR-870-20260930-07:06:14-58
Setting up network "dect2020scheduledaccess.DectScheduledAccessNetwork"...
Initializing...

Running simulation...
** Event #0   t=0   Elapsed: 1.5e-05s (0m 00s)
     Speed:     ev/sec=0   simsec/sec=0   ev/simsec=0
     Messages:  created: 2   present: 2   in FES: 2
** Event #158453   t=172.131072259778   Elapsed: 0.012222s (0m 00s)
     Speed:     ev/sec=1.29794e+07   simsec/sec=14099.8   ev/simsec=920.538
     Messages:  created: 2   present: 2   in FES: 1

<!> Simulation stopped with endSimulation() -- in module (ScheduledAccessQueue) DectScheduledAccessNetwork.queue (id=2), at t=172.131072259778s, event #158453

Calling finish() at end of Run #870...

Preparing for running configuration MonetecFocusedSmallR, run #871...
Scenario: $r=13, $rho=0.255, $repetition=1
Assigned runID=MonetecFocusedSmallR-871-20260930-07:06:14-58
Setting up network "dect2020scheduledaccess.DectScheduledAccessNetwork"...
Initializing...

Running simulation...
** Event #0   t=0   Elapsed: 1.1e-05s (0m 00s)
     Speed:     ev/sec=0   simsec/sec=0   ev/simsec=0
     Messages:  created: 2   present: 2   in FES: 2
** Event #158026   t=172.090041904735   Elapsed: 0.012358s (0m 00s)
     Speed:     ev/sec=1.27987e+07   simsec/sec=13937.8   ev/simsec=918.276
     Messages:  created: 2   present: 2   in FES: 1

<!> Simulation stopped with endSimulation() -- in module (ScheduledAccessQueue) DectScheduledAccessNetwork.queue (id=2), at t=172.090041904735s, event #158026

Calling finish() at end of Run #871...

Preparing for running configuration MonetecFocusedSmallR, run #872...
Scenario: $r=13, $rho=0.255, $repetition=2
Assigned runID=MonetecFocusedSmallR-872-20260930-07:06:14-58
Setting up network "dect2020scheduledaccess.DectScheduledAccessNetwork"...
Initializing...

Running simulation...
** Event #0   t=0   Elapsed: 3e-06s (0m 00s)
     Speed:     ev/sec=0   simsec/sec=0   ev/simsec=0
     Messages:  created: 2   present: 2   in FES: 2
** Event #157952   t=172.138887171733   Elapsed: 0.012269s (0m 00s)
     Speed:     ev/sec=1.28762e+07   simsec/sec=14032.7   ev/simsec=917.585
     Messages:  created: 2   present: 2   in FES: 1

<!> Simulation stopped with endSimulation() -- in module (ScheduledAccessQueue) DectScheduledAccessNetwork.queue (id=2), at t=172.138887171733s, event #157952

Calling finish() at end of Run #872...

Preparing for running configuration MonetecFocusedSmallR, run #873...
Scenario: $r=13, $rho=0.260, $repetition=0
Assigned runID=MonetecFocusedSmallR-873-20260930-07:06:14-58
Setting up network "dect2020scheduledaccess.DectScheduledAccessNetwork"...
Initializing...

Running simulation...
** Event #0   t=0   Elapsed: 2e-05s (0m 00s)
     Speed:     ev/sec=0   simsec/sec=0   ev/simsec=0
     Messages:  created: 2   present: 2   in FES: 2
** Event #160351   t=172.069453349528   Elapsed: 0.012504s (0m 00s)
     Speed:     ev/sec=1.28445e+07   simsec/sec=13783.2   ev/simsec=931.897
     Messages:  created: 2   present: 2   in FES: 1

<!> Simulation stopped with endSimulation() -- in module (ScheduledAccessQueue) DectScheduledAccessNetwork.queue (id=2), at t=172.069453349528s, event #160351

Calling finish() at end of Run #873...

Preparing for running configuration MonetecFocusedSmallR, run #874...
Scenario: $r=13, $rho=0.260, $repetition=1
Assigned runID=MonetecFocusedSmallR-874-20260930-07:06:14-58
Setting up network "dect2020scheduledaccess.DectScheduledAccessNetwork"...
Initializing...

Running simulation...
** Event #0   t=0   Elapsed: 3e-06s (0m 00s)
     Speed:     ev/sec=0   simsec/sec=0   ev/simsec=0
     Messages:  created: 2   present: 2   in FES: 2
** Event #160213   t=172.115803922478   Elapsed: 0.012377s (0m 00s)
     Speed:     ev/sec=1.29476e+07   simsec/sec=13909.4   ev/simsec=930.848
     Messages:  created: 2   present: 2   in FES: 1

<!> Simulation stopped with endSimulation() -- in module (ScheduledAccessQueue) DectScheduledAccessNetwork.queue (id=2), at t=172.115803922478s, event #160213

Calling finish() at end of Run #874...

Preparing for running configuration MonetecFocusedSmallR, run #875...
Scenario: $r=13, $rho=0.260, $repetition=2
Assigned runID=MonetecFocusedSmallR-875-20260930-07:06:14-58
Setting up network "dect2020scheduledaccess.DectScheduledAccessNetwork"...
Initializing...

Running simulation...
** Event #0   t=0   Elapsed: 1.4e-05s (0m 00s)
     Speed:     ev/sec=0   simsec/sec=0   ev/simsec=0
     Messages:  created: 2   present: 2   in FES: 2
** Event #159941   t=172.113319332962   Elapsed: 0.01237s (0m 00s)
     Speed:     ev/sec=1.29444e+07   simsec/sec=13929.4   ev/simsec=929.283
     Messages:  created: 2   present: 2   in FES: 1

<!> Simulation stopped with endSimulation() -- in module (ScheduledAccessQueue) DectScheduledAccessNetwork.queue (id=2), at t=172.113319332962s, event #159941

Calling finish() at end of Run #875...

Preparing for running configuration MonetecFocusedSmallR, run #876...
Scenario: $r=13, $rho=0.265, $repetition=0
Assigned runID=MonetecFocusedSmallR-876-20260930-07:06:14-58
Setting up network "dect2020scheduledaccess.DectScheduledAccessNetwork"...
Initializing...

Running simulation...
** Event #0   t=0   Elapsed: 2e-05s (0m 00s)
     Speed:     ev/sec=0   simsec/sec=0   ev/simsec=0
     Messages:  created: 2   present: 2   in FES: 2
** Event #162203   t=172.002176180174   Elapsed: 0.012554s (0m 00s)
     Speed:     ev/sec=1.2941e+07   simsec/sec=13722.8   ev/simsec=943.029
     Messages:  created: 2   present: 2   in FES: 1

<!> Simulation stopped with endSimulation() -- in module (ScheduledAccessQueue) DectScheduledAccessNetwork.queue (id=2), at t=172.002176180174s, event #162203

Calling finish() at end of Run #876...

Preparing for running configuration MonetecFocusedSmallR, run #877...
Scenario: $r=13, $rho=0.265, $repetition=1
Assigned runID=MonetecFocusedSmallR-877-20260930-07:06:14-58
Setting up network "dect2020scheduledaccess.DectScheduledAccessNetwork"...
Initializing...

Running simulation...
** Event #0   t=0   Elapsed: 2e-05s (0m 00s)
     Speed:     ev/sec=0   simsec/sec=0   ev/simsec=0
     Messages:  created: 2   present: 2   in FES: 2
** Event #162373   t=172.141819476884   Elapsed: 0.012532s (0m 00s)
     Speed:     ev/sec=1.29774e+07   simsec/sec=13758.1   ev/simsec=943.254
     Messages:  created: 2   present: 2   in FES: 1

<!> Simulation stopped with endSimulation() -- in module (ScheduledAccessQueue) DectScheduledAccessNetwork.queue (id=2), at t=172.141819476884s, event #162373

Calling finish() at end of Run #877...

Preparing for running configuration MonetecFocusedSmallR, run #878...
Scenario: $r=13, $rho=0.265, $repetition=2
Assigned runID=MonetecFocusedSmallR-878-20260930-07:06:14-58
Setting up network "dect2020scheduledaccess.DectScheduledAccessNetwork"...
Initializing...

Running simulation...
** Event #0   t=0   Elapsed: 1.9e-05s (0m 00s)
     Speed:     ev/sec=0   simsec/sec=0   ev/simsec=0
     Messages:  created: 2   present: 2   in FES: 2
** Event #161985   t=172.105962757402   Elapsed: 0.012505s (0m 00s)
     Speed:     ev/sec=1.29733e+07   simsec/sec=13783.9   ev/simsec=941.193
     Messages:  created: 2   present: 2   in FES: 1

<!> Simulation stopped with endSimulation() -- in module (ScheduledAccessQueue) DectScheduledAccessNetwork.queue (id=2), at t=172.105962757402s, event #161985

Calling finish() at end of Run #878...

Preparing for running configuration MonetecFocusedSmallR, run #879...
Scenario: $r=13, $rho=0.270, $repetition=0
Assigned runID=MonetecFocusedSmallR-879-20260930-07:06:14-58
Setting up network "dect2020scheduledaccess.DectScheduledAccessNetwork"...
Initializing...

Running simulation...
** Event #0   t=0   Elapsed: 1.7e-05s (0m 00s)
     Speed:     ev/sec=0   simsec/sec=0   ev/simsec=0
     Messages:  created: 2   present: 2   in FES: 2
** Event #164736   t=172.169836342903   Elapsed: 0.01272s (0m 00s)
     Speed:     ev/sec=1.29673e+07   simsec/sec=13552.4   ev/simsec=956.823
     Messages:  created: 2   present: 2   in FES: 1

<!> Simulation stopped with endSimulation() -- in module (ScheduledAccessQueue) DectScheduledAccessNetwork.queue (id=2), at t=172.169836342903s, event #164736

Calling finish() at end of Run #879...

Preparing for running configuration MonetecFocusedSmallR, run #880...
Scenario: $r=13, $rho=0.270, $repetition=1
Assigned runID=MonetecFocusedSmallR-880-20260930-07:06:14-58
Setting up network "dect2020scheduledaccess.DectScheduledAccessNetwork"...
Initializing...

Running simulation...
** Event #0   t=0   Elapsed: 3e-06s (0m 00s)
     Speed:     ev/sec=0   simsec/sec=0   ev/simsec=0
     Messages:  created: 2   present: 2   in FES: 2
** Event #164693   t=172.227894419416   Elapsed: 0.01274s (0m 00s)
     Speed:     ev/sec=1.29313e+07   simsec/sec=13522.9   ev/simsec=956.251
     Messages:  created: 2   present: 2   in FES: 1

<!> Simulation stopped with endSimulation() -- in module (ScheduledAccessQueue) DectScheduledAccessNetwork.queue (id=2), at t=172.227894419416s, event #164693

Calling finish() at end of Run #880...

Preparing for running configuration MonetecFocusedSmallR, run #881...
Scenario: $r=13, $rho=0.270, $repetition=2
Assigned runID=MonetecFocusedSmallR-881-20260930-07:06:14-58
Setting up network "dect2020scheduledaccess.DectScheduledAccessNetwork"...
Initializing...

Running simulation...
** Event #0   t=0   Elapsed: 3e-06s (0m 00s)
     Speed:     ev/sec=0   simsec/sec=0   ev/simsec=0
     Messages:  created: 2   present: 2   in FES: 2
** Event #164321   t=172.174763400132   Elapsed: 0.012734s (0m 00s)
     Speed:     ev/sec=1.29072e+07   simsec/sec=13524   ev/simsec=954.388
     Messages:  created: 2   present: 2   in FES: 1

<!> Simulation stopped with endSimulation() -- in module (ScheduledAccessQueue) DectScheduledAccessNetwork.queue (id=2), at t=172.174763400132s, event #164321

Calling finish() at end of Run #881...

Preparing for running configuration MonetecFocusedSmallR, run #882...
Scenario: $r=13, $rho=0.275, $repetition=0
Assigned runID=MonetecFocusedSmallR-882-20260930-07:06:14-58
Setting up network "dect2020scheduledaccess.DectScheduledAccessNetwork"...
Initializing...

Running simulation...
** Event #0   t=0   Elapsed: 1.7e-05s (0m 00s)
     Speed:     ev/sec=0   simsec/sec=0   ev/simsec=0
     Messages:  created: 2   present: 2   in FES: 2
** Event #166664   t=172.112502441794   Elapsed: 0.012781s (0m 00s)
     Speed:     ev/sec=1.30573e+07   simsec/sec=13484.2   ev/simsec=968.344
     Messages:  created: 2   present: 2   in FES: 1

<!> Simulation stopped with endSimulation() -- in module (ScheduledAccessQueue) DectScheduledAccessNetwork.queue (id=2), at t=172.112502441794s, event #166664

Calling finish() at end of Run #882...

Preparing for running configuration MonetecFocusedSmallR, run #883...
Scenario: $r=13, $rho=0.275, $repetition=1
Assigned runID=MonetecFocusedSmallR-883-20260930-07:06:14-58
Setting up network "dect2020scheduledaccess.DectScheduledAccessNetwork"...
Initializing...

Running simulation...
** Event #0   t=0   Elapsed: 1.7e-05s (0m 00s)
     Speed:     ev/sec=0   simsec/sec=0   ev/simsec=0
     Messages:  created: 2   present: 2   in FES: 2
** Event #166320   t=172.091491749692   Elapsed: 0.012769s (0m 00s)
     Speed:     ev/sec=1.30406e+07   simsec/sec=13493.1   ev/simsec=966.463
     Messages:  created: 2   present: 2   in FES: 1

<!> Simulation stopped with endSimulation() -- in module (ScheduledAccessQueue) DectScheduledAccessNetwork.queue (id=2), at t=172.091491749692s, event #166320

Calling finish() at end of Run #883...

Preparing for running configuration MonetecFocusedSmallR, run #884...
Scenario: $r=13, $rho=0.275, $repetition=2
Assigned runID=MonetecFocusedSmallR-884-20260930-07:06:14-58
Setting up network "dect2020scheduledaccess.DectScheduledAccessNetwork"...
Initializing...

Running simulation...
** Event #0   t=0   Elapsed: 3e-06s (0m 00s)
     Speed:     ev/sec=0   simsec/sec=0   ev/simsec=0
     Messages:  created: 2   present: 2   in FES: 2
** Event #166398   t=172.20109146673   Elapsed: 0.012946s (0m 00s)
     Speed:     ev/sec=1.28562e+07   simsec/sec=13304.6   ev/simsec=966.301
     Messages:  created: 2   present: 2   in FES: 1

<!> Simulation stopped with endSimulation() -- in module (ScheduledAccessQueue) DectScheduledAccessNetwork.queue (id=2), at t=172.20109146673s, event #166398

Calling finish() at end of Run #884...

Preparing for running configuration MonetecFocusedSmallR, run #885...
Scenario: $r=13, $rho=0.280, $repetition=0
Assigned runID=MonetecFocusedSmallR-885-20260930-07:06:14-58
Setting up network "dect2020scheduledaccess.DectScheduledAccessNetwork"...
Initializing...

Running simulation...
** Event #0   t=0   Elapsed: 1.7e-05s (0m 00s)
     Speed:     ev/sec=0   simsec/sec=0   ev/simsec=0
     Messages:  created: 2   present: 2   in FES: 2
** Event #168416   t=172.010842980215   Elapsed: 0.012961s (0m 00s)
     Speed:     ev/sec=1.30101e+07   simsec/sec=13287.7   ev/simsec=979.107
     Messages:  created: 2   present: 2   in FES: 1

<!> Simulation stopped with endSimulation() -- in module (ScheduledAccessQueue) DectScheduledAccessNetwork.queue (id=2), at t=172.010842980215s, event #168416

Calling finish() at end of Run #885...

Preparing for running configuration MonetecFocusedSmallR, run #886...
Scenario: $r=13, $rho=0.280, $repetition=1
Assigned runID=MonetecFocusedSmallR-886-20260930-07:06:14-58
Setting up network "dect2020scheduledaccess.DectScheduledAccessNetwork"...
Initializing...

Running simulation...
** Event #0   t=0   Elapsed: 3e-06s (0m 00s)
     Speed:     ev/sec=0   simsec/sec=0   ev/simsec=0
     Messages:  created: 2   present: 2   in FES: 2
** Event #168646   t=172.157640756629   Elapsed: 0.013047s (0m 00s)
     Speed:     ev/sec=1.2929e+07   simsec/sec=13198.1   ev/simsec=979.608
     Messages:  created: 2   present: 2   in FES: 1

<!> Simulation stopped with endSimulation() -- in module (ScheduledAccessQueue) DectScheduledAccessNetwork.queue (id=2), at t=172.157640756629s, event #168646

Calling finish() at end of Run #886...

Preparing for running configuration MonetecFocusedSmallR, run #887...
Scenario: $r=13, $rho=0.280, $repetition=2
Assigned runID=MonetecFocusedSmallR-887-20260930-07:06:14-58
Setting up network "dect2020scheduledaccess.DectScheduledAccessNetwork"...
Initializing...

Running simulation...
** Event #0   t=0   Elapsed: 1.4e-05s (0m 00s)
     Speed:     ev/sec=0   simsec/sec=0   ev/simsec=0
     Messages:  created: 2   present: 2   in FES: 2
** Event #168340   t=172.152381363449   Elapsed: 0.013169s (0m 00s)
     Speed:     ev/sec=1.27967e+07   simsec/sec=13086.4   ev/simsec=977.856
     Messages:  created: 2   present: 2   in FES: 1

<!> Simulation stopped with endSimulation() -- in module (ScheduledAccessQueue) DectScheduledAccessNetwork.queue (id=2), at t=172.152381363449s, event #168340

Calling finish() at end of Run #887...

Preparing for running configuration MonetecFocusedSmallR, run #888...
Scenario: $r=13, $rho=0.285, $repetition=0
Assigned runID=MonetecFocusedSmallR-888-20260930-07:06:14-58
Setting up network "dect2020scheduledaccess.DectScheduledAccessNetwork"...
Initializing...

Running simulation...
** Event #0   t=0   Elapsed: 1.4e-05s (0m 00s)
     Speed:     ev/sec=0   simsec/sec=0   ev/simsec=0
     Messages:  created: 2   present: 2   in FES: 2
** Event #170616   t=172.065309078983   Elapsed: 0.013114s (0m 00s)
     Speed:     ev/sec=1.30241e+07   simsec/sec=13134.7   ev/simsec=991.578
     Messages:  created: 2   present: 2   in FES: 1

<!> Simulation stopped with endSimulation() -- in module (ScheduledAccessQueue) DectScheduledAccessNetwork.queue (id=2), at t=172.065309078983s, event #170616

Calling finish() at end of Run #888...

Preparing for running configuration MonetecFocusedSmallR, run #889...
Scenario: $r=13, $rho=0.285, $repetition=1
Assigned runID=MonetecFocusedSmallR-889-20260930-07:06:14-58
Setting up network "dect2020scheduledaccess.DectScheduledAccessNetwork"...
Initializing...

Running simulation...
** Event #0   t=0   Elapsed: 1.3e-05s (0m 00s)
     Speed:     ev/sec=0   simsec/sec=0   ev/simsec=0
     Messages:  created: 2   present: 2   in FES: 2
** Event #171054   t=172.259506816695   Elapsed: 0.013284s (0m 00s)
     Speed:     ev/sec=1.28903e+07   simsec/sec=12981.1   ev/simsec=993.003
     Messages:  created: 2   present: 2   in FES: 1

<!> Simulation stopped with endSimulation() -- in module (ScheduledAccessQueue) DectScheduledAccessNetwork.queue (id=2), at t=172.259506816695s, event #171054

Calling finish() at end of Run #889...

Preparing for running configuration MonetecFocusedSmallR, run #890...
Scenario: $r=13, $rho=0.285, $repetition=2
Assigned runID=MonetecFocusedSmallR-890-20260930-07:06:14-58
Setting up network "dect2020scheduledaccess.DectScheduledAccessNetwork"...
Initializing...

Running simulation...
** Event #0   t=0   Elapsed: 1.7e-05s (0m 00s)
     Speed:     ev/sec=0   simsec/sec=0   ev/simsec=0
     Messages:  created: 2   present: 2   in FES: 2
** Event #170204   t=172.092143254247   Elapsed: 0.013114s (0m 00s)
     Speed:     ev/sec=1.29956e+07   simsec/sec=13139.8   ev/simsec=989.029
     Messages:  created: 2   present: 2   in FES: 1

<!> Simulation stopped with endSimulation() -- in module (ScheduledAccessQueue) DectScheduledAccessNetwork.queue (id=2), at t=172.092143254247s, event #170204

Calling finish() at end of Run #890...

Preparing for running configuration MonetecFocusedSmallR, run #891...
Scenario: $r=13, $rho=0.290, $repetition=0
Assigned runID=MonetecFocusedSmallR-891-20260930-07:06:14-58
Setting up network "dect2020scheduledaccess.DectScheduledAccessNetwork"...
Initializing...

Running simulation...
** Event #0   t=0   Elapsed: 3e-06s (0m 00s)
     Speed:     ev/sec=0   simsec/sec=0   ev/simsec=0
     Messages:  created: 2   present: 2   in FES: 2
** Event #172804   t=172.129268517263   Elapsed: 0.013318s (0m 00s)
     Speed:     ev/sec=1.29781e+07   simsec/sec=12927.5   ev/simsec=1003.92
     Messages:  created: 2   present: 2   in FES: 1

<!> Simulation stopped with endSimulation() -- in module (ScheduledAccessQueue) DectScheduledAccessNetwork.queue (id=2), at t=172.129268517263s, event #172804

Calling finish() at end of Run #891...

Preparing for running configuration MonetecFocusedSmallR, run #892...
Scenario: $r=13, $rho=0.290, $repetition=1
Assigned runID=MonetecFocusedSmallR-892-20260930-07:06:14-58
Setting up network "dect2020scheduledaccess.DectScheduledAccessNetwork"...
Initializing...

Running simulation...
** Event #0   t=0   Elapsed: 6e-06s (0m 00s)
     Speed:     ev/sec=0   simsec/sec=0   ev/simsec=0
     Messages:  created: 2   present: 2   in FES: 2
** Event #172647   t=172.111720684356   Elapsed: 0.01326s (0m 00s)
     Speed:     ev/sec=1.3026e+07   simsec/sec=12985.6   ev/simsec=1003.11
     Messages:  created: 2   present: 2   in FES: 1

<!> Simulation stopped with endSimulation() -- in module (ScheduledAccessQueue) DectScheduledAccessNetwork.queue (id=2), at t=172.111720684356s, event #172647

Calling finish() at end of Run #892...

Preparing for running configuration MonetecFocusedSmallR, run #893...
Scenario: $r=13, $rho=0.290, $repetition=2
Assigned runID=MonetecFocusedSmallR-893-20260930-07:06:14-58
Setting up network "dect2020scheduledaccess.DectScheduledAccessNetwork"...
Initializing...

Running simulation...
** Event #0   t=0   Elapsed: 1.4e-05s (0m 00s)
     Speed:     ev/sec=0   simsec/sec=0   ev/simsec=0
     Messages:  created: 2   present: 2   in FES: 2
** Event #172353   t=172.13155644363   Elapsed: 0.013429s (0m 00s)
     Speed:     ev/sec=1.28478e+07   simsec/sec=12831.3   ev/simsec=1001.29
     Messages:  created: 2   present: 2   in FES: 1

<!> Simulation stopped with endSimulation() -- in module (ScheduledAccessQueue) DectScheduledAccessNetwork.queue (id=2), at t=172.13155644363s, event #172353

Calling finish() at end of Run #893...

Preparing for running configuration MonetecFocusedSmallR, run #894...
Scenario: $r=13, $rho=0.295, $repetition=0
Assigned runID=MonetecFocusedSmallR-894-20260930-07:06:14-58
Setting up network "dect2020scheduledaccess.DectScheduledAccessNetwork"...
Initializing...

Running simulation...
** Event #0   t=0   Elapsed: 2.2e-05s (0m 00s)
     Speed:     ev/sec=0   simsec/sec=0   ev/simsec=0
     Messages:  created: 2   present: 2   in FES: 2
** Event #174541   t=172.009255598542   Elapsed: 0.013461s (0m 00s)
     Speed:     ev/sec=1.29876e+07   simsec/sec=12799.3   ev/simsec=1014.72
     Messages:  created: 2   present: 2   in FES: 1

<!> Simulation stopped with endSimulation() -- in module (ScheduledAccessQueue) DectScheduledAccessNetwork.queue (id=2), at t=172.009255598542s, event #174541

Calling finish() at end of Run #894...

Preparing for running configuration MonetecFocusedSmallR, run #895...
Scenario: $r=13, $rho=0.295, $repetition=1
Assigned runID=MonetecFocusedSmallR-895-20260930-07:06:14-58
Setting up network "dect2020scheduledaccess.DectScheduledAccessNetwork"...
Initializing...

Running simulation...
** Event #0   t=0   Elapsed: 1.1e-05s (0m 00s)
     Speed:     ev/sec=0   simsec/sec=0   ev/simsec=0
     Messages:  created: 2   present: 2   in FES: 2
** Event #175116   t=172.225856818146   Elapsed: 0.013641s (0m 00s)
     Speed:     ev/sec=1.28478e+07   simsec/sec=12635.8   ev/simsec=1016.78
     Messages:  created: 2   present: 2   in FES: 1

<!> Simulation stopped with endSimulation() -- in module (ScheduledAccessQueue) DectScheduledAccessNetwork.queue (id=2), at t=172.225856818146s, event #175116

Calling finish() at end of Run #895...

Preparing for running configuration MonetecFocusedSmallR, run #896...
Scenario: $r=13, $rho=0.295, $repetition=2
Assigned runID=MonetecFocusedSmallR-896-20260930-07:06:14-58
Setting up network "dect2020scheduledaccess.DectScheduledAccessNetwork"...
Initializing...

Running simulation...
** Event #0   t=0   Elapsed: 1.5e-05s (0m 00s)
     Speed:     ev/sec=0   simsec/sec=0   ev/simsec=0
     Messages:  created: 2   present: 2   in FES: 2
** Event #174375   t=172.081952889923   Elapsed: 0.013437s (0m 00s)
     Speed:     ev/sec=1.29917e+07   simsec/sec=12820.9   ev/simsec=1013.33
     Messages:  created: 2   present: 2   in FES: 1

<!> Simulation stopped with endSimulation() -- in module (ScheduledAccessQueue) DectScheduledAccessNetwork.queue (id=2), at t=172.081952889923s, event #174375

Calling finish() at end of Run #896...

Preparing for running configuration MonetecFocusedSmallR, run #897...
Scenario: $r=13, $rho=0.300, $repetition=0
Assigned runID=MonetecFocusedSmallR-897-20260930-07:06:14-58
Setting up network "dect2020scheduledaccess.DectScheduledAccessNetwork"...
Initializing...

Running simulation...
** Event #0   t=0   Elapsed: 1.6e-05s (0m 00s)
     Speed:     ev/sec=0   simsec/sec=0   ev/simsec=0
     Messages:  created: 2   present: 2   in FES: 2
** Event #176810   t=172.049139796333   Elapsed: 0.013614s (0m 00s)
     Speed:     ev/sec=1.30026e+07   simsec/sec=12652.5   ev/simsec=1027.67
     Messages:  created: 2   present: 2   in FES: 1

<!> Simulation stopped with endSimulation() -- in module (ScheduledAccessQueue) DectScheduledAccessNetwork.queue (id=2), at t=172.049139796333s, event #176810

Calling finish() at end of Run #897...

Preparing for running configuration MonetecFocusedSmallR, run #898...
Scenario: $r=13, $rho=0.300, $repetition=1
Assigned runID=MonetecFocusedSmallR-898-20260930-07:06:14-58
Setting up network "dect2020scheduledaccess.DectScheduledAccessNetwork"...
Initializing...

Running simulation...
** Event #0   t=0   Elapsed: 2e-06s (0m 00s)
     Speed:     ev/sec=0   simsec/sec=0   ev/simsec=0
     Messages:  created: 2   present: 2   in FES: 2
** Event #177319   t=172.248851350462   Elapsed: 0.013718s (0m 00s)
     Speed:     ev/sec=1.29288e+07   simsec/sec=12559.1   ev/simsec=1029.44
     Messages:  created: 2   present: 2   in FES: 1

<!> Simulation stopped with endSimulation() -- in module (ScheduledAccessQueue) DectScheduledAccessNetwork.queue (id=2), at t=172.248851350462s, event #177319

Calling finish() at end of Run #898...

Preparing for running configuration MonetecFocusedSmallR, run #899...
Scenario: $r=13, $rho=0.300, $repetition=2
Assigned runID=MonetecFocusedSmallR-899-20260930-07:06:14-58
Setting up network "dect2020scheduledaccess.DectScheduledAccessNetwork"...
Initializing...

Running simulation...
** Event #0   t=0   Elapsed: 3e-06s (0m 00s)
     Speed:     ev/sec=0   simsec/sec=0   ev/simsec=0
     Messages:  created: 2   present: 2   in FES: 2
** Event #176953   t=172.233043077461   Elapsed: 0.013542s (0m 00s)
     Speed:     ev/sec=1.30689e+07   simsec/sec=12720.3   ev/simsec=1027.4
     Messages:  created: 2   present: 2   in FES: 1

<!> Simulation stopped with endSimulation() -- in module (ScheduledAccessQueue) DectScheduledAccessNetwork.queue (id=2), at t=172.233043077461s, event #176953

Calling finish() at end of Run #899...

Preparing for running configuration MonetecFocusedSmallR, run #900...
Scenario: $r=16, $rho=0.005, $repetition=0
Assigned runID=MonetecFocusedSmallR-900-20260930-07:06:14-58
Setting up network "dect2020scheduledaccess.DectScheduledAccessNetwork"...
Initializing...

Running simulation...
** Event #0   t=0   Elapsed: 1.5e-05s (0m 00s)
     Speed:     ev/sec=0   simsec/sec=0   ev/simsec=0
     Messages:  created: 2   present: 2   in FES: 2
** Event #389119   t=2886.613252335852   Elapsed: 0.023505s (0m 00s)
     Speed:     ev/sec=1.65646e+07   simsec/sec=122882   ev/simsec=134.801
     Messages:  created: 2   present: 2   in FES: 1

<!> Simulation stopped with endSimulation() -- in module (ScheduledAccessQueue) DectScheduledAccessNetwork.queue (id=2), at t=2886.613252335852s, event #389119

Calling finish() at end of Run #900...

Preparing for running configuration MonetecFocusedSmallR, run #901...
Scenario: $r=16, $rho=0.005, $repetition=1
Assigned runID=MonetecFocusedSmallR-901-20260930-07:06:14-58
Setting up network "dect2020scheduledaccess.DectScheduledAccessNetwork"...
Initializing...

Running simulation...
** Event #0   t=0   Elapsed: 2e-06s (0m 00s)
     Speed:     ev/sec=0   simsec/sec=0   ev/simsec=0
     Messages:  created: 2   present: 2   in FES: 2
** Event #392466   t=2916.726505529272   Elapsed: 0.023622s (0m 00s)
     Speed:     ev/sec=1.66165e+07   simsec/sec=123491   ev/simsec=134.557
     Messages:  created: 2   present: 2   in FES: 1

<!> Simulation stopped with endSimulation() -- in module (ScheduledAccessQueue) DectScheduledAccessNetwork.queue (id=2), at t=2916.726505529272s, event #392466

Calling finish() at end of Run #901...

Preparing for running configuration MonetecFocusedSmallR, run #902...
Scenario: $r=16, $rho=0.005, $repetition=2
Assigned runID=MonetecFocusedSmallR-902-20260930-07:06:14-58
Setting up network "dect2020scheduledaccess.DectScheduledAccessNetwork"...
Initializing...

Running simulation...
** Event #0   t=0   Elapsed: 1.3e-05s (0m 00s)
     Speed:     ev/sec=0   simsec/sec=0   ev/simsec=0
     Messages:  created: 2   present: 2   in FES: 2
** Event #389795   t=2892.738498770359   Elapsed: 0.023489s (0m 00s)
     Speed:     ev/sec=1.6604e+07   simsec/sec=123221   ev/simsec=134.75
     Messages:  created: 2   present: 2   in FES: 1

<!> Simulation stopped with endSimulation() -- in module (ScheduledAccessQueue) DectScheduledAccessNetwork.queue (id=2), at t=2892.738498770359s, event #389795

Calling finish() at end of Run #902...

Preparing for running configuration MonetecFocusedSmallR, run #903...
Scenario: $r=16, $rho=0.010, $repetition=0
Assigned runID=MonetecFocusedSmallR-903-20260930-07:06:14-58
Setting up network "dect2020scheduledaccess.DectScheduledAccessNetwork"...
Initializing...

Running simulation...
** Event #0   t=0   Elapsed: 1.5e-05s (0m 00s)
     Speed:     ev/sec=0   simsec/sec=0   ev/simsec=0
     Messages:  created: 2   present: 2   in FES: 2
** Event #228785   t=1443.596070388846   Elapsed: 0.014622s (0m 00s)
     Speed:     ev/sec=1.56627e+07   simsec/sec=98829.1   ev/simsec=158.483
     Messages:  created: 2   present: 2   in FES: 1

<!> Simulation stopped with endSimulation() -- in module (ScheduledAccessQueue) DectScheduledAccessNetwork.queue (id=2), at t=1443.596070388846s, event #228785

Calling finish() at end of Run #903...

Preparing for running configuration MonetecFocusedSmallR, run #904...
Scenario: $r=16, $rho=0.010, $repetition=1
Assigned runID=MonetecFocusedSmallR-904-20260930-07:06:14-58
Setting up network "dect2020scheduledaccess.DectScheduledAccessNetwork"...
Initializing...

Running simulation...
** Event #0   t=0   Elapsed: 2e-06s (0m 00s)
     Speed:     ev/sec=0   simsec/sec=0   ev/simsec=0
     Messages:  created: 2   present: 2   in FES: 2
** Event #230706   t=1460.861580971635   Elapsed: 0.014832s (0m 00s)
     Speed:     ev/sec=1.55567e+07   simsec/sec=98507.1   ev/simsec=157.925
     Messages:  created: 2   present: 2   in FES: 1

<!> Simulation stopped with endSimulation() -- in module (ScheduledAccessQueue) DectScheduledAccessNetwork.queue (id=2), at t=1460.861580971635s, event #230706

Calling finish() at end of Run #904...

Preparing for running configuration MonetecFocusedSmallR, run #905...
Scenario: $r=16, $rho=0.010, $repetition=2
Assigned runID=MonetecFocusedSmallR-905-20260930-07:06:14-58
Setting up network "dect2020scheduledaccess.DectScheduledAccessNetwork"...
Initializing...

Running simulation...
** Event #0   t=0   Elapsed: 2e-06s (0m 00s)
     Speed:     ev/sec=0   simsec/sec=0   ev/simsec=0
     Messages:  created: 2   present: 2   in FES: 2
** Event #229087   t=1446.36652092372   Elapsed: 0.014583s (0m 00s)
     Speed:     ev/sec=1.57113e+07   simsec/sec=99195.2   ev/simsec=158.388
     Messages:  created: 2   present: 2   in FES: 1

<!> Simulation stopped with endSimulation() -- in module (ScheduledAccessQueue) DectScheduledAccessNetwork.queue (id=2), at t=1446.36652092372s, event #229087

Calling finish() at end of Run #905...

Preparing for running configuration MonetecFocusedSmallR, run #906...
Scenario: $r=16, $rho=0.015, $repetition=0
Assigned runID=MonetecFocusedSmallR-906-20260930-07:06:14-58
Setting up network "dect2020scheduledaccess.DectScheduledAccessNetwork"...
Initializing...

Running simulation...
** Event #0   t=0   Elapsed: 2e-06s (0m 00s)
     Speed:     ev/sec=0   simsec/sec=0   ev/simsec=0
     Messages:  created: 2   present: 2   in FES: 2
** Event #175351   t=962.685764490582   Elapsed: 0.011626s (0m 00s)
     Speed:     ev/sec=1.50853e+07   simsec/sec=82818.8   ev/simsec=182.148
     Messages:  created: 2   present: 2   in FES: 1

<!> Simulation stopped with endSimulation() -- in module (ScheduledAccessQueue) DectScheduledAccessNetwork.queue (id=2), at t=962.685764490582s, event #175351

Calling finish() at end of Run #906...

Preparing for running configuration MonetecFocusedSmallR, run #907...
Scenario: $r=16, $rho=0.015, $repetition=1
Assigned runID=MonetecFocusedSmallR-907-20260930-07:06:14-58
Setting up network "dect2020scheduledaccess.DectScheduledAccessNetwork"...
Initializing...

Running simulation...
** Event #0   t=0   Elapsed: 3e-05s (0m 00s)
     Speed:     ev/sec=0   simsec/sec=0   ev/simsec=0
     Messages:  created: 2   present: 2   in FES: 2
** Event #175981   t=968.418894668045   Elapsed: 0.011742s (0m 00s)
     Speed:     ev/sec=1.50244e+07   simsec/sec=82678.9   ev/simsec=181.72
     Messages:  created: 2   present: 2   in FES: 1

<!> Simulation stopped with endSimulation() -- in module (ScheduledAccessQueue) DectScheduledAccessNetwork.queue (id=2), at t=968.418894668045s, event #175981

Calling finish() at end of Run #907...

Preparing for running configuration MonetecFocusedSmallR, run #908...
Scenario: $r=16, $rho=0.015, $repetition=2
Assigned runID=MonetecFocusedSmallR-908-20260930-07:06:14-58
Setting up network "dect2020scheduledaccess.DectScheduledAccessNetwork"...
Initializing...

Running simulation...
** Event #0   t=0   Elapsed: 2e-06s (0m 00s)
     Speed:     ev/sec=0   simsec/sec=0   ev/simsec=0
     Messages:  created: 2   present: 2   in FES: 2
** Event #175528   t=964.334276081494   Elapsed: 0.011602s (0m 00s)
     Speed:     ev/sec=1.51317e+07   simsec/sec=83132.1   ev/simsec=182.02
     Messages:  created: 2   present: 2   in FES: 1

<!> Simulation stopped with endSimulation() -- in module (ScheduledAccessQueue) DectScheduledAccessNetwork.queue (id=2), at t=964.334276081494s, event #175528

Calling finish() at end of Run #908...

Preparing for running configuration MonetecFocusedSmallR, run #909...
Scenario: $r=16, $rho=0.020, $repetition=0
Assigned runID=MonetecFocusedSmallR-909-20260930-07:06:14-58
Setting up network "dect2020scheduledaccess.DectScheduledAccessNetwork"...
Initializing...

Running simulation...
** Event #0   t=0   Elapsed: 1.3e-05s (0m 00s)
     Speed:     ev/sec=0   simsec/sec=0   ev/simsec=0
     Messages:  created: 2   present: 2   in FES: 2
** Event #148616   t=722.069786024876   Elapsed: 0.010206s (0m 00s)
     Speed:     ev/sec=1.45802e+07   simsec/sec=70839.8   ev/simsec=205.819
     Messages:  created: 2   present: 2   in FES: 1

<!> Simulation stopped with endSimulation() -- in module (ScheduledAccessQueue) DectScheduledAccessNetwork.queue (id=2), at t=722.069786024876s, event #148616

Calling finish() at end of Run #909...

Preparing for running configuration MonetecFocusedSmallR, run #910...
Scenario: $r=16, $rho=0.020, $repetition=1
Assigned runID=MonetecFocusedSmallR-910-20260930-07:06:14-58
Setting up network "dect2020scheduledaccess.DectScheduledAccessNetwork"...
Initializing...

Running simulation...
** Event #0   t=0   Elapsed: 2e-06s (0m 00s)
     Speed:     ev/sec=0   simsec/sec=0   ev/simsec=0
     Messages:  created: 2   present: 2   in FES: 2
** Event #149085   t=726.354075796872   Elapsed: 0.010218s (0m 00s)
     Speed:     ev/sec=1.45919e+07   simsec/sec=71092.6   ev/simsec=205.251
     Messages:  created: 2   present: 2   in FES: 1

<!> Simulation stopped with endSimulation() -- in module (ScheduledAccessQueue) DectScheduledAccessNetwork.queue (id=2), at t=726.354075796872s, event #149085

Calling finish() at end of Run #910...

Preparing for running configuration MonetecFocusedSmallR, run #911...
Scenario: $r=16, $rho=0.020, $repetition=2
Assigned runID=MonetecFocusedSmallR-911-20260930-07:06:14-58
Setting up network "dect2020scheduledaccess.DectScheduledAccessNetwork"...
Initializing...

Running simulation...
** Event #0   t=0   Elapsed: 2e-06s (0m 00s)
     Speed:     ev/sec=0   simsec/sec=0   ev/simsec=0
     Messages:  created: 2   present: 2   in FES: 2
** Event #148681   t=722.721863725748   Elapsed: 0.010261s (0m 00s)
     Speed:     ev/sec=1.44927e+07   simsec/sec=70447.4   ev/simsec=205.724
     Messages:  created: 2   present: 2   in FES: 1

<!> Simulation stopped with endSimulation() -- in module (ScheduledAccessQueue) DectScheduledAccessNetwork.queue (id=2), at t=722.721863725748s, event #148681

Calling finish() at end of Run #911...

Preparing for running configuration MonetecFocusedSmallR, run #912...
Scenario: $r=16, $rho=0.025, $repetition=0
Assigned runID=MonetecFocusedSmallR-912-20260930-07:06:14-58
Setting up network "dect2020scheduledaccess.DectScheduledAccessNetwork"...
Initializing...

Running simulation...
** Event #0   t=0   Elapsed: 1.3e-05s (0m 00s)
     Speed:     ev/sec=0   simsec/sec=0   ev/simsec=0
     Messages:  created: 2   present: 2   in FES: 2
** Event #132606   t=577.93751210517   Elapsed: 0.009326s (0m 00s)
     Speed:     ev/sec=0   simsec/sec=0   ev/simsec=0
     Messages:  created: 2   present: 2   in FES: 1

<!> Simulation stopped with endSimulation() -- in module (ScheduledAccessQueue) DectScheduledAccessNetwork.queue (id=2), at t=577.93751210517s, event #132606

Calling finish() at end of Run #912...

Preparing for running configuration MonetecFocusedSmallR, run #913...
Scenario: $r=16, $rho=0.025, $repetition=1
Assigned runID=MonetecFocusedSmallR-913-20260930-07:06:14-58
Setting up network "dect2020scheduledaccess.DectScheduledAccessNetwork"...
Initializing...

Running simulation...
** Event #0   t=0   Elapsed: 2e-06s (0m 00s)
     Speed:     ev/sec=0   simsec/sec=0   ev/simsec=0
     Messages:  created: 2   present: 2   in FES: 2
** Event #133061   t=582.112555371772   Elapsed: 0.009477s (0m 00s)
     Speed:     ev/sec=0   simsec/sec=0   ev/simsec=0
     Messages:  created: 2   present: 2   in FES: 1

<!> Simulation stopped with endSimulation() -- in module (ScheduledAccessQueue) DectScheduledAccessNetwork.queue (id=2), at t=582.112555371772s, event #133061

Calling finish() at end of Run #913...

Preparing for running configuration MonetecFocusedSmallR, run #914...
Scenario: $r=16, $rho=0.025, $repetition=2
Assigned runID=MonetecFocusedSmallR-914-20260930-07:06:14-58
Setting up network "dect2020scheduledaccess.DectScheduledAccessNetwork"...
Initializing...

Running simulation...
** Event #0   t=0   Elapsed: 3e-06s (0m 00s)
     Speed:     ev/sec=0   simsec/sec=0   ev/simsec=0
     Messages:  created: 2   present: 2   in FES: 2
** Event #132462   t=576.785565104481   Elapsed: 0.009339s (0m 00s)
     Speed:     ev/sec=0   simsec/sec=0   ev/simsec=0
     Messages:  created: 2   present: 2   in FES: 1

<!> Simulation stopped with endSimulation() -- in module (ScheduledAccessQueue) DectScheduledAccessNetwork.queue (id=2), at t=576.785565104481s, event #132462

Calling finish() at end of Run #914...

Preparing for running configuration MonetecFocusedSmallR, run #915...
Scenario: $r=16, $rho=0.030, $repetition=0
Assigned runID=MonetecFocusedSmallR-915-20260930-07:06:14-58
Setting up network "dect2020scheduledaccess.DectScheduledAccessNetwork"...
Initializing...

Running simulation...
** Event #0   t=0   Elapsed: 2e-06s (0m 00s)
     Speed:     ev/sec=0   simsec/sec=0   ev/simsec=0
     Messages:  created: 2   present: 2   in FES: 2
** Event #121766   t=480.455847002049   Elapsed: 0.008958s (0m 00s)
     Speed:     ev/sec=0   simsec/sec=0   ev/simsec=0
     Messages:  created: 2   present: 2   in FES: 1

<!> Simulation stopped with endSimulation() -- in module (ScheduledAccessQueue) DectScheduledAccessNetwork.queue (id=2), at t=480.455847002049s, event #121766

Calling finish() at end of Run #915...

Preparing for running configuration MonetecFocusedSmallR, run #916...
Scenario: $r=16, $rho=0.030, $repetition=1
Assigned runID=MonetecFocusedSmallR-916-20260930-07:06:14-58
Setting up network "dect2020scheduledaccess.DectScheduledAccessNetwork"...
Initializing...

Running simulation...
** Event #0   t=0   Elapsed: 3e-06s (0m 00s)
     Speed:     ev/sec=0   simsec/sec=0   ev/simsec=0
     Messages:  created: 2   present: 2   in FES: 2
** Event #122359   t=485.774202630039   Elapsed: 0.008866s (0m 00s)
     Speed:     ev/sec=0   simsec/sec=0   ev/simsec=0
     Messages:  created: 2   present: 2   in FES: 1

<!> Simulation stopped with endSimulation() -- in module (ScheduledAccessQueue) DectScheduledAccessNetwork.queue (id=2), at t=485.774202630039s, event #122359

Calling finish() at end of Run #916...

Preparing for running configuration MonetecFocusedSmallR, run #917...
Scenario: $r=16, $rho=0.030, $repetition=2
Assigned runID=MonetecFocusedSmallR-917-20260930-07:06:14-58
Setting up network "dect2020scheduledaccess.DectScheduledAccessNetwork"...
Initializing...

Running simulation...
** Event #0   t=0   Elapsed: 1.8e-05s (0m 00s)
     Speed:     ev/sec=0   simsec/sec=0   ev/simsec=0
     Messages:  created: 2   present: 2   in FES: 2
** Event #121916   t=481.83621986546   Elapsed: 0.008819s (0m 00s)
     Speed:     ev/sec=0   simsec/sec=0   ev/simsec=0
     Messages:  created: 2   present: 2   in FES: 1

<!> Simulation stopped with endSimulation() -- in module (ScheduledAccessQueue) DectScheduledAccessNetwork.queue (id=2), at t=481.83621986546s, event #121916

Calling finish() at end of Run #917...

Preparing for running configuration MonetecFocusedSmallR, run #918...
Scenario: $r=16, $rho=0.035, $repetition=0
Assigned runID=MonetecFocusedSmallR-918-20260930-07:06:14-58
Setting up network "dect2020scheduledaccess.DectScheduledAccessNetwork"...
Initializing...

Running simulation...
** Event #0   t=0   Elapsed: 1.9e-05s (0m 00s)
     Speed:     ev/sec=0   simsec/sec=0   ev/simsec=0
     Messages:  created: 2   present: 2   in FES: 2
** Event #114282   t=413.014438022316   Elapsed: 0.008474s (0m 00s)
     Speed:     ev/sec=0   simsec/sec=0   ev/simsec=0
     Messages:  created: 2   present: 2   in FES: 1

<!> Simulation stopped with endSimulation() -- in module (ScheduledAccessQueue) DectScheduledAccessNetwork.queue (id=2), at t=413.014438022316s, event #114282

Calling finish() at end of Run #918...

Preparing for running configuration MonetecFocusedSmallR, run #919...
Scenario: $r=16, $rho=0.035, $repetition=1
Assigned runID=MonetecFocusedSmallR-919-20260930-07:06:14-58
Setting up network "dect2020scheduledaccess.DectScheduledAccessNetwork"...
Initializing...

Running simulation...
** Event #0   t=0   Elapsed: 1.4e-05s (0m 00s)
     Speed:     ev/sec=0   simsec/sec=0   ev/simsec=0
     Messages:  created: 2   present: 2   in FES: 2
** Event #114517   t=415.219532711815   Elapsed: 0.008397s (0m 00s)
     Speed:     ev/sec=0   simsec/sec=0   ev/simsec=0
     Messages:  created: 2   present: 2   in FES: 1

<!> Simulation stopped with endSimulation() -- in module (ScheduledAccessQueue) DectScheduledAccessNetwork.queue (id=2), at t=415.219532711815s, event #114517

Calling finish() at end of Run #919...

Preparing for running configuration MonetecFocusedSmallR, run #920...
Scenario: $r=16, $rho=0.035, $repetition=2
Assigned runID=MonetecFocusedSmallR-920-20260930-07:06:14-58
Setting up network "dect2020scheduledaccess.DectScheduledAccessNetwork"...
Initializing...

Running simulation...
** Event #0   t=0   Elapsed: 2e-06s (0m 00s)
     Speed:     ev/sec=0   simsec/sec=0   ev/simsec=0
     Messages:  created: 2   present: 2   in FES: 2
** Event #114229   t=412.665104443003   Elapsed: 0.008568s (0m 00s)
     Speed:     ev/sec=0   simsec/sec=0   ev/simsec=0
     Messages:  created: 2   present: 2   in FES: 1

<!> Simulation stopped with endSimulation() -- in module (ScheduledAccessQueue) DectScheduledAccessNetwork.queue (id=2), at t=412.665104443003s, event #114229

Calling finish() at end of Run #920...

Preparing for running configuration MonetecFocusedSmallR, run #921...
Scenario: $r=16, $rho=0.040, $repetition=0
Assigned runID=MonetecFocusedSmallR-921-20260930-07:06:14-58
Setting up network "dect2020scheduledaccess.DectScheduledAccessNetwork"...
Initializing...

Running simulation...
** Event #0   t=0   Elapsed: 1.2e-05s (0m 00s)
     Speed:     ev/sec=0   simsec/sec=0   ev/simsec=0
     Messages:  created: 2   present: 2   in FES: 2
** Event #108350   t=359.736215941383   Elapsed: 0.008045s (0m 00s)
     Speed:     ev/sec=0   simsec/sec=0   ev/simsec=0
     Messages:  created: 2   present: 2   in FES: 1

<!> Simulation stopped with endSimulation() -- in module (ScheduledAccessQueue) DectScheduledAccessNetwork.queue (id=2), at t=359.736215941383s, event #108350

Calling finish() at end of Run #921...

Preparing for running configuration MonetecFocusedSmallR, run #922...
Scenario: $r=16, $rho=0.040, $repetition=1
Assigned runID=MonetecFocusedSmallR-922-20260930-07:06:14-58
Setting up network "dect2020scheduledaccess.DectScheduledAccessNetwork"...
Initializing...

Running simulation...
** Event #0   t=0   Elapsed: 2e-06s (0m 00s)
     Speed:     ev/sec=0   simsec/sec=0   ev/simsec=0
     Messages:  created: 2   present: 2   in FES: 2
** Event #108853   t=364.208016768478   Elapsed: 0.008124s (0m 00s)
     Speed:     ev/sec=0   simsec/sec=0   ev/simsec=0
     Messages:  created: 2   present: 2   in FES: 1

<!> Simulation stopped with endSimulation() -- in module (ScheduledAccessQueue) DectScheduledAccessNetwork.queue (id=2), at t=364.208016768478s, event #108853

Calling finish() at end of Run #922...

Preparing for running configuration MonetecFocusedSmallR, run #923...
Scenario: $r=16, $rho=0.040, $repetition=2
Assigned runID=MonetecFocusedSmallR-923-20260930-07:06:14-58
Setting up network "dect2020scheduledaccess.DectScheduledAccessNetwork"...
Initializing...

Running simulation...
** Event #0   t=0   Elapsed: 1.2e-05s (0m 00s)
     Speed:     ev/sec=0   simsec/sec=0   ev/simsec=0
     Messages:  created: 2   present: 2   in FES: 2
** Event #108616   t=362.097912083598   Elapsed: 0.008158s (0m 00s)
     Speed:     ev/sec=0   simsec/sec=0   ev/simsec=0
     Messages:  created: 2   present: 2   in FES: 1

<!> Simulation stopped with endSimulation() -- in module (ScheduledAccessQueue) DectScheduledAccessNetwork.queue (id=2), at t=362.097912083598s, event #108616

Calling finish() at end of Run #923...

Preparing for running configuration MonetecFocusedSmallR, run #924...
Scenario: $r=16, $rho=0.045, $repetition=0
Assigned runID=MonetecFocusedSmallR-924-20260930-07:06:14-58
Setting up network "dect2020scheduledaccess.DectScheduledAccessNetwork"...
Initializing...

Running simulation...
** Event #0   t=0   Elapsed: 2e-06s (0m 00s)
     Speed:     ev/sec=0   simsec/sec=0   ev/simsec=0
     Messages:  created: 2   present: 2   in FES: 2
** Event #104101   t=321.336691664883   Elapsed: 0.007862s (0m 00s)
     Speed:     ev/sec=0   simsec/sec=0   ev/simsec=0
     Messages:  created: 2   present: 2   in FES: 1

<!> Simulation stopped with endSimulation() -- in module (ScheduledAccessQueue) DectScheduledAccessNetwork.queue (id=2), at t=321.336691664883s, event #104101

Calling finish() at end of Run #924...

Preparing for running configuration MonetecFocusedSmallR, run #925...
Scenario: $r=16, $rho=0.045, $repetition=1
Assigned runID=MonetecFocusedSmallR-925-20260930-07:06:14-58
Setting up network "dect2020scheduledaccess.DectScheduledAccessNetwork"...
Initializing...

Running simulation...
** Event #0   t=0   Elapsed: 1.5e-05s (0m 00s)
     Speed:     ev/sec=0   simsec/sec=0   ev/simsec=0
     Messages:  created: 2   present: 2   in FES: 2
** Event #104322   t=323.44232736058   Elapsed: 0.007858s (0m 00s)
     Speed:     ev/sec=0   simsec/sec=0   ev/simsec=0
     Messages:  created: 2   present: 2   in FES: 1

<!> Simulation stopped with endSimulation() -- in module (ScheduledAccessQueue) DectScheduledAccessNetwork.queue (id=2), at t=323.44232736058s, event #104322

Calling finish() at end of Run #925...

Preparing for running configuration MonetecFocusedSmallR, run #926...
Scenario: $r=16, $rho=0.045, $repetition=2
Assigned runID=MonetecFocusedSmallR-926-20260930-07:06:14-58
Setting up network "dect2020scheduledaccess.DectScheduledAccessNetwork"...
Initializing...

Running simulation...
** Event #0   t=0   Elapsed: 2e-06s (0m 00s)
     Speed:     ev/sec=0   simsec/sec=0   ev/simsec=0
     Messages:  created: 2   present: 2   in FES: 2
** Event #104219   t=322.496770614054   Elapsed: 0.008154s (0m 00s)
     Speed:     ev/sec=0   simsec/sec=0   ev/simsec=0
     Messages:  created: 2   present: 2   in FES: 1

<!> Simulation stopped with endSimulation() -- in module (ScheduledAccessQueue) DectScheduledAccessNetwork.queue (id=2), at t=322.496770614054s, event #104219

Calling finish() at end of Run #926...

Preparing for running configuration MonetecFocusedSmallR, run #927...
Scenario: $r=16, $rho=0.050, $repetition=0
Assigned runID=MonetecFocusedSmallR-927-20260930-07:06:14-58
Setting up network "dect2020scheduledaccess.DectScheduledAccessNetwork"...
Initializing...

Running simulation...
** Event #0   t=0   Elapsed: 1.4e-05s (0m 00s)
     Speed:     ev/sec=0   simsec/sec=0   ev/simsec=0
     Messages:  created: 2   present: 2   in FES: 2
** Event #100513   t=289.111265249508   Elapsed: 0.007729s (0m 00s)
     Speed:     ev/sec=0   simsec/sec=0   ev/simsec=0
     Messages:  created: 2   present: 2   in FES: 1

<!> Simulation stopped with endSimulation() -- in module (ScheduledAccessQueue) DectScheduledAccessNetwork.queue (id=2), at t=289.111265249508s, event #100513

Calling finish() at end of Run #927...

Preparing for running configuration MonetecFocusedSmallR, run #928...
Scenario: $r=16, $rho=0.050, $repetition=1
Assigned runID=MonetecFocusedSmallR-928-20260930-07:06:14-58
Setting up network "dect2020scheduledaccess.DectScheduledAccessNetwork"...
Initializing...

Running simulation...
** Event #0   t=0   Elapsed: 1.2e-05s (0m 00s)
     Speed:     ev/sec=0   simsec/sec=0   ev/simsec=0
     Messages:  created: 2   present: 2   in FES: 2
** Event #100760   t=291.378377676616   Elapsed: 0.007666s (0m 00s)
     Speed:     ev/sec=0   simsec/sec=0   ev/simsec=0
     Messages:  created: 2   present: 2   in FES: 1

<!> Simulation stopped with endSimulation() -- in module (ScheduledAccessQueue) DectScheduledAccessNetwork.queue (id=2), at t=291.378377676616s, event #100760

Calling finish() at end of Run #928...

Preparing for running configuration MonetecFocusedSmallR, run #929...
Scenario: $r=16, $rho=0.050, $repetition=2
Assigned runID=MonetecFocusedSmallR-929-20260930-07:06:14-58
Setting up network "dect2020scheduledaccess.DectScheduledAccessNetwork"...
Initializing...

Running simulation...
** Event #0   t=0   Elapsed: 2e-06s (0m 00s)
     Speed:     ev/sec=0   simsec/sec=0   ev/simsec=0
     Messages:  created: 2   present: 2   in FES: 2
** Event #100527   t=289.315340059705   Elapsed: 0.00792s (0m 00s)
     Speed:     ev/sec=0   simsec/sec=0   ev/simsec=0
     Messages:  created: 2   present: 2   in FES: 1

<!> Simulation stopped with endSimulation() -- in module (ScheduledAccessQueue) DectScheduledAccessNetwork.queue (id=2), at t=289.315340059705s, event #100527

Calling finish() at end of Run #929...

Preparing for running configuration MonetecFocusedSmallR, run #930...
Scenario: $r=16, $rho=0.055, $repetition=0
Assigned runID=MonetecFocusedSmallR-930-20260930-07:06:14-58
Setting up network "dect2020scheduledaccess.DectScheduledAccessNetwork"...
Initializing...

Running simulation...
** Event #0   t=0   Elapsed: 1.5e-05s (0m 00s)
     Speed:     ev/sec=0   simsec/sec=0   ev/simsec=0
     Messages:  created: 2   present: 2   in FES: 2
** Event #97537   t=262.353396802956   Elapsed: 0.007473s (0m 00s)
     Speed:     ev/sec=0   simsec/sec=0   ev/simsec=0
     Messages:  created: 2   present: 2   in FES: 1

<!> Simulation stopped with endSimulation() -- in module (ScheduledAccessQueue) DectScheduledAccessNetwork.queue (id=2), at t=262.353396802956s, event #97537

Calling finish() at end of Run #930...

Preparing for running configuration MonetecFocusedSmallR, run #931...
Scenario: $r=16, $rho=0.055, $repetition=1
Assigned runID=MonetecFocusedSmallR-931-20260930-07:06:14-58
Setting up network "dect2020scheduledaccess.DectScheduledAccessNetwork"...
Initializing...

Running simulation...
** Event #0   t=0   Elapsed: 3e-06s (0m 00s)
     Speed:     ev/sec=0   simsec/sec=0   ev/simsec=0
     Messages:  created: 2   present: 2   in FES: 2
** Event #97607   t=263.075760170299   Elapsed: 0.007478s (0m 00s)
     Speed:     ev/sec=0   simsec/sec=0   ev/simsec=0
     Messages:  created: 2   present: 2   in FES: 1

<!> Simulation stopped with endSimulation() -- in module (ScheduledAccessQueue) DectScheduledAccessNetwork.queue (id=2), at t=263.075760170299s, event #97607

Calling finish() at end of Run #931...

Preparing for running configuration MonetecFocusedSmallR, run #932...
Scenario: $r=16, $rho=0.055, $repetition=2
Assigned runID=MonetecFocusedSmallR-932-20260930-07:06:14-58
Setting up network "dect2020scheduledaccess.DectScheduledAccessNetwork"...
Initializing...

Running simulation...
** Event #0   t=0   Elapsed: 3e-06s (0m 00s)
     Speed:     ev/sec=0   simsec/sec=0   ev/simsec=0
     Messages:  created: 2   present: 2   in FES: 2
** Event #97612   t=263.068771868634   Elapsed: 0.00755s (0m 00s)
     Speed:     ev/sec=0   simsec/sec=0   ev/simsec=0
     Messages:  created: 2   present: 2   in FES: 1

<!> Simulation stopped with endSimulation() -- in module (ScheduledAccessQueue) DectScheduledAccessNetwork.queue (id=2), at t=263.068771868634s, event #97612

Calling finish() at end of Run #932...

Preparing for running configuration MonetecFocusedSmallR, run #933...
Scenario: $r=16, $rho=0.060, $repetition=0
Assigned runID=MonetecFocusedSmallR-933-20260930-07:06:14-58
Setting up network "dect2020scheduledaccess.DectScheduledAccessNetwork"...
Initializing...

Running simulation...
** Event #0   t=0   Elapsed: 1.3e-05s (0m 00s)
     Speed:     ev/sec=0   simsec/sec=0   ev/simsec=0
     Messages:  created: 2   present: 2   in FES: 2
** Event #95186   t=241.095996167984   Elapsed: 0.007296s (0m 00s)
     Speed:     ev/sec=0   simsec/sec=0   ev/simsec=0
     Messages:  created: 2   present: 2   in FES: 1

<!> Simulation stopped with endSimulation() -- in module (ScheduledAccessQueue) DectScheduledAccessNetwork.queue (id=2), at t=241.095996167984s, event #95186

Calling finish() at end of Run #933...

Preparing for running configuration MonetecFocusedSmallR, run #934...
Scenario: $r=16, $rho=0.060, $repetition=1
Assigned runID=MonetecFocusedSmallR-934-20260930-07:06:14-58
Setting up network "dect2020scheduledaccess.DectScheduledAccessNetwork"...
Initializing...

Running simulation...
** Event #0   t=0   Elapsed: 2e-06s (0m 00s)
     Speed:     ev/sec=0   simsec/sec=0   ev/simsec=0
     Messages:  created: 2   present: 2   in FES: 2
** Event #95415   t=243.223670971039   Elapsed: 0.007283s (0m 00s)
     Speed:     ev/sec=0   simsec/sec=0   ev/simsec=0
     Messages:  created: 2   present: 2   in FES: 1

<!> Simulation stopped with endSimulation() -- in module (ScheduledAccessQueue) DectScheduledAccessNetwork.queue (id=2), at t=243.223670971039s, event #95415

Calling finish() at end of Run #934...

Preparing for running configuration MonetecFocusedSmallR, run #935...
Scenario: $r=16, $rho=0.060, $repetition=2
Assigned runID=MonetecFocusedSmallR-935-20260930-07:06:14-58
Setting up network "dect2020scheduledaccess.DectScheduledAccessNetwork"...
Initializing...

Running simulation...
** Event #0   t=0   Elapsed: 2e-06s (0m 00s)
     Speed:     ev/sec=0   simsec/sec=0   ev/simsec=0
     Messages:  created: 2   present: 2   in FES: 2
** Event #95264   t=241.78062732086   Elapsed: 0.007286s (0m 00s)
     Speed:     ev/sec=0   simsec/sec=0   ev/simsec=0
     Messages:  created: 2   present: 2   in FES: 1

<!> Simulation stopped with endSimulation() -- in module (ScheduledAccessQueue) DectScheduledAccessNetwork.queue (id=2), at t=241.78062732086s, event #95264

Calling finish() at end of Run #935...

Preparing for running configuration MonetecFocusedSmallR, run #936...
Scenario: $r=16, $rho=0.065, $repetition=0
Assigned runID=MonetecFocusedSmallR-936-20260930-07:06:14-58
Setting up network "dect2020scheduledaccess.DectScheduledAccessNetwork"...
Initializing...

Running simulation...
** Event #0   t=0   Elapsed: 2e-06s (0m 00s)
     Speed:     ev/sec=0   simsec/sec=0   ev/simsec=0
     Messages:  created: 2   present: 2   in FES: 2
** Event #93184   t=223.087274062734   Elapsed: 0.007121s (0m 00s)
     Speed:     ev/sec=0   simsec/sec=0   ev/simsec=0
     Messages:  created: 2   present: 2   in FES: 1

<!> Simulation stopped with endSimulation() -- in module (ScheduledAccessQueue) DectScheduledAccessNetwork.queue (id=2), at t=223.087274062734s, event #93184

Calling finish() at end of Run #936...

Preparing for running configuration MonetecFocusedSmallR, run #937...
Scenario: $r=16, $rho=0.065, $repetition=1
Assigned runID=MonetecFocusedSmallR-937-20260930-07:06:14-58
Setting up network "dect2020scheduledaccess.DectScheduledAccessNetwork"...
Initializing...

Running simulation...
** Event #0   t=0   Elapsed: 2.1e-05s (0m 00s)
     Speed:     ev/sec=0   simsec/sec=0   ev/simsec=0
     Messages:  created: 2   present: 2   in FES: 2
** Event #93239   t=223.659840625214   Elapsed: 0.007149s (0m 00s)
     Speed:     ev/sec=0   simsec/sec=0   ev/simsec=0
     Messages:  created: 2   present: 2   in FES: 1

<!> Simulation stopped with endSimulation() -- in module (ScheduledAccessQueue) DectScheduledAccessNetwork.queue (id=2), at t=223.659840625214s, event #93239

Calling finish() at end of Run #937...

Preparing for running configuration MonetecFocusedSmallR, run #938...
Scenario: $r=16, $rho=0.065, $repetition=2
Assigned runID=MonetecFocusedSmallR-938-20260930-07:06:14-58
Setting up network "dect2020scheduledaccess.DectScheduledAccessNetwork"...
Initializing...

Running simulation...
** Event #0   t=0   Elapsed: 1.5e-05s (0m 00s)
     Speed:     ev/sec=0   simsec/sec=0   ev/simsec=0
     Messages:  created: 2   present: 2   in FES: 2
** Event #93180   t=223.089433330745   Elapsed: 0.007287s (0m 00s)
     Speed:     ev/sec=0   simsec/sec=0   ev/simsec=0
     Messages:  created: 2   present: 2   in FES: 1

<!> Simulation stopped with endSimulation() -- in module (ScheduledAccessQueue) DectScheduledAccessNetwork.queue (id=2), at t=223.089433330745s, event #93180

Calling finish() at end of Run #938...

Preparing for running configuration MonetecFocusedSmallR, run #939...
Scenario: $r=16, $rho=0.070, $repetition=0
Assigned runID=MonetecFocusedSmallR-939-20260930-07:06:14-58
Setting up network "dect2020scheduledaccess.DectScheduledAccessNetwork"...
Initializing...

Running simulation...
** Event #0   t=0   Elapsed: 1.6e-05s (0m 00s)
     Speed:     ev/sec=0   simsec/sec=0   ev/simsec=0
     Messages:  created: 2   present: 2   in FES: 2
** Event #91458   t=207.253787745021   Elapsed: 0.007071s (0m 00s)
     Speed:     ev/sec=0   simsec/sec=0   ev/simsec=0
     Messages:  created: 2   present: 2   in FES: 1

<!> Simulation stopped with endSimulation() -- in module (ScheduledAccessQueue) DectScheduledAccessNetwork.queue (id=2), at t=207.253787745021s, event #91458

Calling finish() at end of Run #939...

Preparing for running configuration MonetecFocusedSmallR, run #940...
Scenario: $r=16, $rho=0.070, $repetition=1
Assigned runID=MonetecFocusedSmallR-940-20260930-07:06:14-58
Setting up network "dect2020scheduledaccess.DectScheduledAccessNetwork"...
Initializing...

Running simulation...
** Event #0   t=0   Elapsed: 3e-06s (0m 00s)
     Speed:     ev/sec=0   simsec/sec=0   ev/simsec=0
     Messages:  created: 2   present: 2   in FES: 2
** Event #91499   t=207.840622104411   Elapsed: 0.007024s (0m 00s)
     Speed:     ev/sec=0   simsec/sec=0   ev/simsec=0
     Messages:  created: 2   present: 2   in FES: 1

<!> Simulation stopped with endSimulation() -- in module (ScheduledAccessQueue) DectScheduledAccessNetwork.queue (id=2), at t=207.840622104411s, event #91499

Calling finish() at end of Run #940...

Preparing for running configuration MonetecFocusedSmallR, run #941...
Scenario: $r=16, $rho=0.070, $repetition=2
Assigned runID=MonetecFocusedSmallR-941-20260930-07:06:14-58
Setting up network "dect2020scheduledaccess.DectScheduledAccessNetwork"...
Initializing...

Running simulation...
** Event #0   t=0   Elapsed: 9e-06s (0m 00s)
     Speed:     ev/sec=0   simsec/sec=0   ev/simsec=0
     Messages:  created: 2   present: 2   in FES: 2
** Event #91480   t=207.539980323195   Elapsed: 0.007037s (0m 00s)
     Speed:     ev/sec=0   simsec/sec=0   ev/simsec=0
     Messages:  created: 2   present: 2   in FES: 1

<!> Simulation stopped with endSimulation() -- in module (ScheduledAccessQueue) DectScheduledAccessNetwork.queue (id=2), at t=207.539980323195s, event #91480

Calling finish() at end of Run #941...

Preparing for running configuration MonetecFocusedSmallR, run #942...
Scenario: $r=16, $rho=0.075, $repetition=0
Assigned runID=MonetecFocusedSmallR-942-20260930-07:06:14-58
Setting up network "dect2020scheduledaccess.DectScheduledAccessNetwork"...
Initializing...

Running simulation...
** Event #0   t=0   Elapsed: 2e-06s (0m 00s)
     Speed:     ev/sec=0   simsec/sec=0   ev/simsec=0
     Messages:  created: 2   present: 2   in FES: 2
** Event #90070   t=194.071462548538   Elapsed: 0.006925s (0m 00s)
     Speed:     ev/sec=0   simsec/sec=0   ev/simsec=0
     Messages:  created: 2   present: 2   in FES: 1

<!> Simulation stopped with endSimulation() -- in module (ScheduledAccessQueue) DectScheduledAccessNetwork.queue (id=2), at t=194.071462548538s, event #90070

Calling finish() at end of Run #942...

Preparing for running configuration MonetecFocusedSmallR, run #943...
Scenario: $r=16, $rho=0.075, $repetition=1
Assigned runID=MonetecFocusedSmallR-943-20260930-07:06:14-58
Setting up network "dect2020scheduledaccess.DectScheduledAccessNetwork"...
Initializing...

Running simulation...
** Event #0   t=0   Elapsed: 1.7e-05s (0m 00s)
     Speed:     ev/sec=0   simsec/sec=0   ev/simsec=0
     Messages:  created: 2   present: 2   in FES: 2
** Event #90065   t=193.889839460071   Elapsed: 0.006908s (0m 00s)
     Speed:     ev/sec=0   simsec/sec=0   ev/simsec=0
     Messages:  created: 2   present: 2   in FES: 1

<!> Simulation stopped with endSimulation() -- in module (ScheduledAccessQueue) DectScheduledAccessNetwork.queue (id=2), at t=193.889839460071s, event #90065

Calling finish() at end of Run #943...

Preparing for running configuration MonetecFocusedSmallR, run #944...
Scenario: $r=16, $rho=0.075, $repetition=2
Assigned runID=MonetecFocusedSmallR-944-20260930-07:06:14-58
Setting up network "dect2020scheduledaccess.DectScheduledAccessNetwork"...
Initializing...

Running simulation...
** Event #0   t=0   Elapsed: 2e-06s (0m 00s)
     Speed:     ev/sec=0   simsec/sec=0   ev/simsec=0
     Messages:  created: 2   present: 2   in FES: 2
** Event #90184   t=194.829097453105   Elapsed: 0.007419s (0m 00s)
     Speed:     ev/sec=0   simsec/sec=0   ev/simsec=0
     Messages:  created: 2   present: 2   in FES: 1

<!> Simulation stopped with endSimulation() -- in module (ScheduledAccessQueue) DectScheduledAccessNetwork.queue (id=2), at t=194.829097453105s, event #90184

Calling finish() at end of Run #944...

Preparing for running configuration MonetecFocusedSmallR, run #945...
Scenario: $r=16, $rho=0.080, $repetition=0
Assigned runID=MonetecFocusedSmallR-945-20260930-07:06:14-58
Setting up network "dect2020scheduledaccess.DectScheduledAccessNetwork"...
Initializing...

Running simulation...
** Event #0   t=0   Elapsed: 1.7e-05s (0m 00s)
     Speed:     ev/sec=0   simsec/sec=0   ev/simsec=0
     Messages:  created: 2   present: 2   in FES: 2
** Event #89343   t=184.185776476407   Elapsed: 0.007051s (0m 00s)
     Speed:     ev/sec=0   simsec/sec=0   ev/simsec=0
     Messages:  created: 2   present: 2   in FES: 1

<!> Simulation stopped with endSimulation() -- in module (ScheduledAccessQueue) DectScheduledAccessNetwork.queue (id=2), at t=184.185776476407s, event #89343

Calling finish() at end of Run #945...

Preparing for running configuration MonetecFocusedSmallR, run #946...
Scenario: $r=16, $rho=0.080, $repetition=1
Assigned runID=MonetecFocusedSmallR-946-20260930-07:06:14-58
Setting up network "dect2020scheduledaccess.DectScheduledAccessNetwork"...
Initializing...

Running simulation...
** Event #0   t=0   Elapsed: 3e-06s (0m 00s)
     Speed:     ev/sec=0   simsec/sec=0   ev/simsec=0
     Messages:  created: 2   present: 2   in FES: 2
** Event #89185   t=183.277140196731   Elapsed: 0.007013s (0m 00s)
     Speed:     ev/sec=0   simsec/sec=0   ev/simsec=0
     Messages:  created: 2   present: 2   in FES: 1

<!> Simulation stopped with endSimulation() -- in module (ScheduledAccessQueue) DectScheduledAccessNetwork.queue (id=2), at t=183.277140196731s, event #89185

Calling finish() at end of Run #946...

Preparing for running configuration MonetecFocusedSmallR, run #947...
Scenario: $r=16, $rho=0.080, $repetition=2
Assigned runID=MonetecFocusedSmallR-947-20260930-07:06:14-58
Setting up network "dect2020scheduledaccess.DectScheduledAccessNetwork"...
Initializing...

Running simulation...
** Event #0   t=0   Elapsed: 2.9e-05s (0m 00s)
     Speed:     ev/sec=0   simsec/sec=0   ev/simsec=0
     Messages:  created: 2   present: 2   in FES: 2
** Event #89306   t=183.337775640867   Elapsed: 0.007051s (0m 00s)
     Speed:     ev/sec=0   simsec/sec=0   ev/simsec=0
     Messages:  created: 2   present: 2   in FES: 1

<!> Simulation stopped with endSimulation() -- in module (ScheduledAccessQueue) DectScheduledAccessNetwork.queue (id=2), at t=183.337775640867s, event #89306

Calling finish() at end of Run #947...

Preparing for running configuration MonetecFocusedSmallR, run #948...
Scenario: $r=16, $rho=0.085, $repetition=0
Assigned runID=MonetecFocusedSmallR-948-20260930-07:06:14-58
Setting up network "dect2020scheduledaccess.DectScheduledAccessNetwork"...
Initializing...

Running simulation...
** Event #0   t=0   Elapsed: 1.6e-05s (0m 00s)
     Speed:     ev/sec=0   simsec/sec=0   ev/simsec=0
     Messages:  created: 2   present: 2   in FES: 2
** Event #89468   t=176.452864484895   Elapsed: 0.007059s (0m 00s)
     Speed:     ev/sec=0   simsec/sec=0   ev/simsec=0
     Messages:  created: 2   present: 2   in FES: 1

<!> Simulation stopped with endSimulation() -- in module (ScheduledAccessQueue) DectScheduledAccessNetwork.queue (id=2), at t=176.452864484895s, event #89468

Calling finish() at end of Run #948...

Preparing for running configuration MonetecFocusedSmallR, run #949...
Scenario: $r=16, $rho=0.085, $repetition=1
Assigned runID=MonetecFocusedSmallR-949-20260930-07:06:15-58
Setting up network "dect2020scheduledaccess.DectScheduledAccessNetwork"...
Initializing...

Running simulation...
** Event #0   t=0   Elapsed: 3e-06s (0m 00s)
     Speed:     ev/sec=0   simsec/sec=0   ev/simsec=0
     Messages:  created: 2   present: 2   in FES: 2
** Event #89300   t=177.40182975441   Elapsed: 0.006988s (0m 00s)
     Speed:     ev/sec=0   simsec/sec=0   ev/simsec=0
     Messages:  created: 2   present: 2   in FES: 1

<!> Simulation stopped with endSimulation() -- in module (ScheduledAccessQueue) DectScheduledAccessNetwork.queue (id=2), at t=177.40182975441s, event #89300

Calling finish() at end of Run #949...

Preparing for running configuration MonetecFocusedSmallR, run #950...
Scenario: $r=16, $rho=0.085, $repetition=2
Assigned runID=MonetecFocusedSmallR-950-20260930-07:06:15-58
Setting up network "dect2020scheduledaccess.DectScheduledAccessNetwork"...
Initializing...

Running simulation...
** Event #0   t=0   Elapsed: 1.5e-05s (0m 00s)
     Speed:     ev/sec=0   simsec/sec=0   ev/simsec=0
     Messages:  created: 2   present: 2   in FES: 2
** Event #89507   t=177.948063485516   Elapsed: 0.006962s (0m 00s)
     Speed:     ev/sec=0   simsec/sec=0   ev/simsec=0
     Messages:  created: 2   present: 2   in FES: 1

<!> Simulation stopped with endSimulation() -- in module (ScheduledAccessQueue) DectScheduledAccessNetwork.queue (id=2), at t=177.948063485516s, event #89507

Calling finish() at end of Run #950...

Preparing for running configuration MonetecFocusedSmallR, run #951...
Scenario: $r=16, $rho=0.090, $repetition=0
Assigned runID=MonetecFocusedSmallR-951-20260930-07:06:15-58
Setting up network "dect2020scheduledaccess.DectScheduledAccessNetwork"...
Initializing...

Running simulation...
** Event #0   t=0   Elapsed: 1.8e-05s (0m 00s)
     Speed:     ev/sec=0   simsec/sec=0   ev/simsec=0
     Messages:  created: 2   present: 2   in FES: 2
** Event #90588   t=173.65524849195   Elapsed: 0.007157s (0m 00s)
     Speed:     ev/sec=0   simsec/sec=0   ev/simsec=0
     Messages:  created: 2   present: 2   in FES: 1

<!> Simulation stopped with endSimulation() -- in module (ScheduledAccessQueue) DectScheduledAccessNetwork.queue (id=2), at t=173.65524849195s, event #90588

Calling finish() at end of Run #951...

Preparing for running configuration MonetecFocusedSmallR, run #952...
Scenario: $r=16, $rho=0.090, $repetition=1
Assigned runID=MonetecFocusedSmallR-952-20260930-07:06:15-58
Setting up network "dect2020scheduledaccess.DectScheduledAccessNetwork"...
Initializing...

Running simulation...
** Event #0   t=0   Elapsed: 2e-06s (0m 00s)
     Speed:     ev/sec=0   simsec/sec=0   ev/simsec=0
     Messages:  created: 2   present: 2   in FES: 2
** Event #90334   t=173.554841524397   Elapsed: 0.007143s (0m 00s)
     Speed:     ev/sec=0   simsec/sec=0   ev/simsec=0
     Messages:  created: 2   present: 2   in FES: 1

<!> Simulation stopped with endSimulation() -- in module (ScheduledAccessQueue) DectScheduledAccessNetwork.queue (id=2), at t=173.554841524397s, event #90334

Calling finish() at end of Run #952...

Preparing for running configuration MonetecFocusedSmallR, run #953...
Scenario: $r=16, $rho=0.090, $repetition=2
Assigned runID=MonetecFocusedSmallR-953-20260930-07:06:15-58
Setting up network "dect2020scheduledaccess.DectScheduledAccessNetwork"...
Initializing...

Running simulation...
** Event #0   t=0   Elapsed: 2e-06s (0m 00s)
     Speed:     ev/sec=0   simsec/sec=0   ev/simsec=0
     Messages:  created: 2   present: 2   in FES: 2
** Event #90501   t=174.045532455557   Elapsed: 0.007016s (0m 00s)
     Speed:     ev/sec=0   simsec/sec=0   ev/simsec=0
     Messages:  created: 2   present: 2   in FES: 1

<!> Simulation stopped with endSimulation() -- in module (ScheduledAccessQueue) DectScheduledAccessNetwork.queue (id=2), at t=174.045532455557s, event #90501

Calling finish() at end of Run #953...

Preparing for running configuration MonetecFocusedSmallR, run #954...
Scenario: $r=16, $rho=0.095, $repetition=0
Assigned runID=MonetecFocusedSmallR-954-20260930-07:06:15-58
Setting up network "dect2020scheduledaccess.DectScheduledAccessNetwork"...
Initializing...

Running simulation...
** Event #0   t=0   Elapsed: 1.5e-05s (0m 00s)
     Speed:     ev/sec=0   simsec/sec=0   ev/simsec=0
     Messages:  created: 2   present: 2   in FES: 2
** Event #92067   t=172.495193004148   Elapsed: 0.007201s (0m 00s)
     Speed:     ev/sec=0   simsec/sec=0   ev/simsec=0
     Messages:  created: 2   present: 2   in FES: 1

<!> Simulation stopped with endSimulation() -- in module (ScheduledAccessQueue) DectScheduledAccessNetwork.queue (id=2), at t=172.495193004148s, event #92067

Calling finish() at end of Run #954...

Preparing for running configuration MonetecFocusedSmallR, run #955...
Scenario: $r=16, $rho=0.095, $repetition=1
Assigned runID=MonetecFocusedSmallR-955-20260930-07:06:15-58
Setting up network "dect2020scheduledaccess.DectScheduledAccessNetwork"...
Initializing...

Running simulation...
** Event #0   t=0   Elapsed: 2.4e-05s (0m 00s)
     Speed:     ev/sec=0   simsec/sec=0   ev/simsec=0
     Messages:  created: 2   present: 2   in FES: 2
** Event #92044   t=172.50753518847   Elapsed: 0.007201s (0m 00s)
     Speed:     ev/sec=0   simsec/sec=0   ev/simsec=0
     Messages:  created: 2   present: 2   in FES: 1

<!> Simulation stopped with endSimulation() -- in module (ScheduledAccessQueue) DectScheduledAccessNetwork.queue (id=2), at t=172.50753518847s, event #92044

Calling finish() at end of Run #955...

Preparing for running configuration MonetecFocusedSmallR, run #956...
Scenario: $r=16, $rho=0.095, $repetition=2
Assigned runID=MonetecFocusedSmallR-956-20260930-07:06:15-58
Setting up network "dect2020scheduledaccess.DectScheduledAccessNetwork"...
Initializing...

Running simulation...
** Event #0   t=0   Elapsed: 2.5e-05s (0m 00s)
     Speed:     ev/sec=0   simsec/sec=0   ev/simsec=0
     Messages:  created: 2   present: 2   in FES: 2
** Event #92095   t=172.706898178262   Elapsed: 0.007307s (0m 00s)
     Speed:     ev/sec=0   simsec/sec=0   ev/simsec=0
     Messages:  created: 2   present: 2   in FES: 1

<!> Simulation stopped with endSimulation() -- in module (ScheduledAccessQueue) DectScheduledAccessNetwork.queue (id=2), at t=172.706898178262s, event #92095

Calling finish() at end of Run #956...

Preparing for running configuration MonetecFocusedSmallR, run #957...
Scenario: $r=16, $rho=0.100, $repetition=0
Assigned runID=MonetecFocusedSmallR-957-20260930-07:06:15-58
Setting up network "dect2020scheduledaccess.DectScheduledAccessNetwork"...
Initializing...

Running simulation...
** Event #0   t=0   Elapsed: 1.4e-05s (0m 00s)
     Speed:     ev/sec=0   simsec/sec=0   ev/simsec=0
     Messages:  created: 2   present: 2   in FES: 2
** Event #93928   t=172.054480280293   Elapsed: 0.007333s (0m 00s)
     Speed:     ev/sec=0   simsec/sec=0   ev/simsec=0
     Messages:  created: 2   present: 2   in FES: 1

<!> Simulation stopped with endSimulation() -- in module (ScheduledAccessQueue) DectScheduledAccessNetwork.queue (id=2), at t=172.054480280293s, event #93928

Calling finish() at end of Run #957...

Preparing for running configuration MonetecFocusedSmallR, run #958...
Scenario: $r=16, $rho=0.100, $repetition=1
Assigned runID=MonetecFocusedSmallR-958-20260930-07:06:15-58
Setting up network "dect2020scheduledaccess.DectScheduledAccessNetwork"...
Initializing...

Running simulation...
** Event #0   t=0   Elapsed: 1.6e-05s (0m 00s)
     Speed:     ev/sec=0   simsec/sec=0   ev/simsec=0
     Messages:  created: 2   present: 2   in FES: 2
** Event #94130   t=172.327401395489   Elapsed: 0.007361s (0m 00s)
     Speed:     ev/sec=0   simsec/sec=0   ev/simsec=0
     Messages:  created: 2   present: 2   in FES: 1

<!> Simulation stopped with endSimulation() -- in module (ScheduledAccessQueue) DectScheduledAccessNetwork.queue (id=2), at t=172.327401395489s, event #94130

Calling finish() at end of Run #958...

Preparing for running configuration MonetecFocusedSmallR, run #959...
Scenario: $r=16, $rho=0.100, $repetition=2
Assigned runID=MonetecFocusedSmallR-959-20260930-07:06:15-58
Setting up network "dect2020scheduledaccess.DectScheduledAccessNetwork"...
Initializing...

Running simulation...
** Event #0   t=0   Elapsed: 2.9e-05s (0m 00s)
     Speed:     ev/sec=0   simsec/sec=0   ev/simsec=0
     Messages:  created: 2   present: 2   in FES: 2
** Event #93696   t=172.142834075693   Elapsed: 0.007358s (0m 00s)
     Speed:     ev/sec=0   simsec/sec=0   ev/simsec=0
     Messages:  created: 2   present: 2   in FES: 1

<!> Simulation stopped with endSimulation() -- in module (ScheduledAccessQueue) DectScheduledAccessNetwork.queue (id=2), at t=172.142834075693s, event #93696

Calling finish() at end of Run #959...

Preparing for running configuration MonetecFocusedSmallR, run #960...
Scenario: $r=16, $rho=0.105, $repetition=0
Assigned runID=MonetecFocusedSmallR-960-20260930-07:06:15-58
Setting up network "dect2020scheduledaccess.DectScheduledAccessNetwork"...
Initializing...

Running simulation...
** Event #0   t=0   Elapsed: 1.3e-05s (0m 00s)
     Speed:     ev/sec=0   simsec/sec=0   ev/simsec=0
     Messages:  created: 2   present: 2   in FES: 2
** Event #96000   t=172.033621752082   Elapsed: 0.007581s (0m 00s)
     Speed:     ev/sec=0   simsec/sec=0   ev/simsec=0
     Messages:  created: 2   present: 2   in FES: 1

<!> Simulation stopped with endSimulation() -- in module (ScheduledAccessQueue) DectScheduledAccessNetwork.queue (id=2), at t=172.033621752082s, event #96000

Calling finish() at end of Run #960...

Preparing for running configuration MonetecFocusedSmallR, run #961...
Scenario: $r=16, $rho=0.105, $repetition=1
Assigned runID=MonetecFocusedSmallR-961-20260930-07:06:15-58
Setting up network "dect2020scheduledaccess.DectScheduledAccessNetwork"...
Initializing...

Running simulation...
** Event #0   t=0   Elapsed: 1.7e-05s (0m 00s)
     Speed:     ev/sec=0   simsec/sec=0   ev/simsec=0
     Messages:  created: 2   present: 2   in FES: 2
** Event #96055   t=172.196523030567   Elapsed: 0.007668s (0m 00s)
     Speed:     ev/sec=0   simsec/sec=0   ev/simsec=0
     Messages:  created: 2   present: 2   in FES: 1

<!> Simulation stopped with endSimulation() -- in module (ScheduledAccessQueue) DectScheduledAccessNetwork.queue (id=2), at t=172.196523030567s, event #96055

Calling finish() at end of Run #961...

Preparing for running configuration MonetecFocusedSmallR, run #962...
Scenario: $r=16, $rho=0.105, $repetition=2
Assigned runID=MonetecFocusedSmallR-962-20260930-07:06:15-58
Setting up network "dect2020scheduledaccess.DectScheduledAccessNetwork"...
Initializing...

Running simulation...
** Event #0   t=0   Elapsed: 1.9e-05s (0m 00s)
     Speed:     ev/sec=0   simsec/sec=0   ev/simsec=0
     Messages:  created: 2   present: 2   in FES: 2
** Event #95741   t=172.050413740855   Elapsed: 0.007468s (0m 00s)
     Speed:     ev/sec=0   simsec/sec=0   ev/simsec=0
     Messages:  created: 2   present: 2   in FES: 1

<!> Simulation stopped with endSimulation() -- in module (ScheduledAccessQueue) DectScheduledAccessNetwork.queue (id=2), at t=172.050413740855s, event #95741

Calling finish() at end of Run #962...

Preparing for running configuration MonetecFocusedSmallR, run #963...
Scenario: $r=16, $rho=0.110, $repetition=0
Assigned runID=MonetecFocusedSmallR-963-20260930-07:06:15-58
Setting up network "dect2020scheduledaccess.DectScheduledAccessNetwork"...
Initializing...

Running simulation...
** Event #0   t=0   Elapsed: 3e-06s (0m 00s)
     Speed:     ev/sec=0   simsec/sec=0   ev/simsec=0
     Messages:  created: 2   present: 2   in FES: 2
** Event #97974   t=172.009744957992   Elapsed: 0.007742s (0m 00s)
     Speed:     ev/sec=0   simsec/sec=0   ev/simsec=0
     Messages:  created: 2   present: 2   in FES: 1

<!> Simulation stopped with endSimulation() -- in module (ScheduledAccessQueue) DectScheduledAccessNetwork.queue (id=2), at t=172.009744957992s, event #97974

Calling finish() at end of Run #963...

Preparing for running configuration MonetecFocusedSmallR, run #964...
Scenario: $r=16, $rho=0.110, $repetition=1
Assigned runID=MonetecFocusedSmallR-964-20260930-07:06:15-58
Setting up network "dect2020scheduledaccess.DectScheduledAccessNetwork"...
Initializing...

Running simulation...
** Event #0   t=0   Elapsed: 2e-06s (0m 00s)
     Speed:     ev/sec=0   simsec/sec=0   ev/simsec=0
     Messages:  created: 2   present: 2   in FES: 2
** Event #98100   t=172.178999552678   Elapsed: 0.007676s (0m 00s)
     Speed:     ev/sec=0   simsec/sec=0   ev/simsec=0
     Messages:  created: 2   present: 2   in FES: 1

<!> Simulation stopped with endSimulation() -- in module (ScheduledAccessQueue) DectScheduledAccessNetwork.queue (id=2), at t=172.178999552678s, event #98100

Calling finish() at end of Run #964...

Preparing for running configuration MonetecFocusedSmallR, run #965...
Scenario: $r=16, $rho=0.110, $repetition=2
Assigned runID=MonetecFocusedSmallR-965-20260930-07:06:15-58
Setting up network "dect2020scheduledaccess.DectScheduledAccessNetwork"...
Initializing...

Running simulation...
** Event #0   t=0   Elapsed: 1.7e-05s (0m 00s)
     Speed:     ev/sec=0   simsec/sec=0   ev/simsec=0
     Messages:  created: 2   present: 2   in FES: 2
** Event #97937   t=172.102317523283   Elapsed: 0.007668s (0m 00s)
     Speed:     ev/sec=0   simsec/sec=0   ev/simsec=0
     Messages:  created: 2   present: 2   in FES: 1

<!> Simulation stopped with endSimulation() -- in module (ScheduledAccessQueue) DectScheduledAccessNetwork.queue (id=2), at t=172.102317523283s, event #97937

Calling finish() at end of Run #965...

Preparing for running configuration MonetecFocusedSmallR, run #966...
Scenario: $r=16, $rho=0.115, $repetition=0
Assigned runID=MonetecFocusedSmallR-966-20260930-07:06:15-58
Setting up network "dect2020scheduledaccess.DectScheduledAccessNetwork"...
Initializing...

Running simulation...
** Event #0   t=0   Elapsed: 3e-06s (0m 00s)
     Speed:     ev/sec=0   simsec/sec=0   ev/simsec=0
     Messages:  created: 2   present: 2   in FES: 2
** Event #100134   t=172.032441097954   Elapsed: 0.007964s (0m 00s)
     Speed:     ev/sec=0   simsec/sec=0   ev/simsec=0
     Messages:  created: 2   present: 2   in FES: 1

<!> Simulation stopped with endSimulation() -- in module (ScheduledAccessQueue) DectScheduledAccessNetwork.queue (id=2), at t=172.032441097954s, event #100134

Calling finish() at end of Run #966...

Preparing for running configuration MonetecFocusedSmallR, run #967...
Scenario: $r=16, $rho=0.115, $repetition=1
Assigned runID=MonetecFocusedSmallR-967-20260930-07:06:15-58
Setting up network "dect2020scheduledaccess.DectScheduledAccessNetwork"...
Initializing...

Running simulation...
** Event #0   t=0   Elapsed: 3e-06s (0m 00s)
     Speed:     ev/sec=0   simsec/sec=0   ev/simsec=0
     Messages:  created: 2   present: 2   in FES: 2
** Event #100092   t=172.158681172505   Elapsed: 0.007789s (0m 00s)
     Speed:     ev/sec=0   simsec/sec=0   ev/simsec=0
     Messages:  created: 2   present: 2   in FES: 1

<!> Simulation stopped with endSimulation() -- in module (ScheduledAccessQueue) DectScheduledAccessNetwork.queue (id=2), at t=172.158681172505s, event #100092

Calling finish() at end of Run #967...

Preparing for running configuration MonetecFocusedSmallR, run #968...
Scenario: $r=16, $rho=0.115, $repetition=2
Assigned runID=MonetecFocusedSmallR-968-20260930-07:06:15-58
Setting up network "dect2020scheduledaccess.DectScheduledAccessNetwork"...
Initializing...

Running simulation...
** Event #0   t=0   Elapsed: 2e-06s (0m 00s)
     Speed:     ev/sec=0   simsec/sec=0   ev/simsec=0
     Messages:  created: 2   present: 2   in FES: 2
** Event #99911   t=172.091107250022   Elapsed: 0.007821s (0m 00s)
     Speed:     ev/sec=0   simsec/sec=0   ev/simsec=0
     Messages:  created: 2   present: 2   in FES: 1

<!> Simulation stopped with endSimulation() -- in module (ScheduledAccessQueue) DectScheduledAccessNetwork.queue (id=2), at t=172.091107250022s, event #99911

Calling finish() at end of Run #968...

Preparing for running configuration MonetecFocusedSmallR, run #969...
Scenario: $r=16, $rho=0.120, $repetition=0
Assigned runID=MonetecFocusedSmallR-969-20260930-07:06:15-58
Setting up network "dect2020scheduledaccess.DectScheduledAccessNetwork"...
Initializing...

Running simulation...
** Event #0   t=0   Elapsed: 2e-06s (0m 00s)
     Speed:     ev/sec=0   simsec/sec=0   ev/simsec=0
     Messages:  created: 2   present: 2   in FES: 2
** Event #102444   t=172.158429032316   Elapsed: 0.008065s (0m 00s)
     Speed:     ev/sec=0   simsec/sec=0   ev/simsec=0
     Messages:  created: 2   present: 2   in FES: 1

<!> Simulation stopped with endSimulation() -- in module (ScheduledAccessQueue) DectScheduledAccessNetwork.queue (id=2), at t=172.158429032316s, event #102444

Calling finish() at end of Run #969...

Preparing for running configuration MonetecFocusedSmallR, run #970...
Scenario: $r=16, $rho=0.120, $repetition=1
Assigned runID=MonetecFocusedSmallR-970-20260930-07:06:15-58
Setting up network "dect2020scheduledaccess.DectScheduledAccessNetwork"...
Initializing...

Running simulation...
** Event #0   t=0   Elapsed: 3e-06s (0m 00s)
     Speed:     ev/sec=0   simsec/sec=0   ev/simsec=0
     Messages:  created: 2   present: 2   in FES: 2
** Event #102255   t=172.184191916311   Elapsed: 0.008002s (0m 00s)
     Speed:     ev/sec=0   simsec/sec=0   ev/simsec=0
     Messages:  created: 2   present: 2   in FES: 1

<!> Simulation stopped with endSimulation() -- in module (ScheduledAccessQueue) DectScheduledAccessNetwork.queue (id=2), at t=172.184191916311s, event #102255

Calling finish() at end of Run #970...

Preparing for running configuration MonetecFocusedSmallR, run #971...
Scenario: $r=16, $rho=0.120, $repetition=2
Assigned runID=MonetecFocusedSmallR-971-20260930-07:06:15-58
Setting up network "dect2020scheduledaccess.DectScheduledAccessNetwork"...
Initializing...

Running simulation...
** Event #0   t=0   Elapsed: 3e-06s (0m 00s)
     Speed:     ev/sec=0   simsec/sec=0   ev/simsec=0
     Messages:  created: 2   present: 2   in FES: 2
** Event #102031   t=172.092182556512   Elapsed: 0.008019s (0m 00s)
     Speed:     ev/sec=0   simsec/sec=0   ev/simsec=0
     Messages:  created: 2   present: 2   in FES: 1

<!> Simulation stopped with endSimulation() -- in module (ScheduledAccessQueue) DectScheduledAccessNetwork.queue (id=2), at t=172.092182556512s, event #102031

Calling finish() at end of Run #971...

Preparing for running configuration MonetecFocusedSmallR, run #972...
Scenario: $r=16, $rho=0.125, $repetition=0
Assigned runID=MonetecFocusedSmallR-972-20260930-07:06:15-58
Setting up network "dect2020scheduledaccess.DectScheduledAccessNetwork"...
Initializing...

Running simulation...
** Event #0   t=0   Elapsed: 2e-06s (0m 00s)
     Speed:     ev/sec=0   simsec/sec=0   ev/simsec=0
     Messages:  created: 2   present: 2   in FES: 2
** Event #104426   t=172.080406855892   Elapsed: 0.008286s (0m 00s)
     Speed:     ev/sec=0   simsec/sec=0   ev/simsec=0
     Messages:  created: 2   present: 2   in FES: 1

<!> Simulation stopped with endSimulation() -- in module (ScheduledAccessQueue) DectScheduledAccessNetwork.queue (id=2), at t=172.080406855892s, event #104426

Calling finish() at end of Run #972...

Preparing for running configuration MonetecFocusedSmallR, run #973...
Scenario: $r=16, $rho=0.125, $repetition=1
Assigned runID=MonetecFocusedSmallR-973-20260930-07:06:15-58
Setting up network "dect2020scheduledaccess.DectScheduledAccessNetwork"...
Initializing...

Running simulation...
** Event #0   t=0   Elapsed: 2e-06s (0m 00s)
     Speed:     ev/sec=0   simsec/sec=0   ev/simsec=0
     Messages:  created: 2   present: 2   in FES: 2
** Event #104405   t=172.238275345428   Elapsed: 0.008189s (0m 00s)
     Speed:     ev/sec=0   simsec/sec=0   ev/simsec=0
     Messages:  created: 2   present: 2   in FES: 1

<!> Simulation stopped with endSimulation() -- in module (ScheduledAccessQueue) DectScheduledAccessNetwork.queue (id=2), at t=172.238275345428s, event #104405

Calling finish() at end of Run #973...

Preparing for running configuration MonetecFocusedSmallR, run #974...
Scenario: $r=16, $rho=0.125, $repetition=2
Assigned runID=MonetecFocusedSmallR-974-20260930-07:06:15-58
Setting up network "dect2020scheduledaccess.DectScheduledAccessNetwork"...
Initializing...

Running simulation...
** Event #0   t=0   Elapsed: 2e-06s (0m 00s)
     Speed:     ev/sec=0   simsec/sec=0   ev/simsec=0
     Messages:  created: 2   present: 2   in FES: 2
** Event #104004   t=172.048881047354   Elapsed: 0.008196s (0m 00s)
     Speed:     ev/sec=0   simsec/sec=0   ev/simsec=0
     Messages:  created: 2   present: 2   in FES: 1

<!> Simulation stopped with endSimulation() -- in module (ScheduledAccessQueue) DectScheduledAccessNetwork.queue (id=2), at t=172.048881047354s, event #104004

Calling finish() at end of Run #974...

Preparing for running configuration MonetecFocusedSmallR, run #975...
Scenario: $r=16, $rho=0.130, $repetition=0
Assigned runID=MonetecFocusedSmallR-975-20260930-07:06:15-58
Setting up network "dect2020scheduledaccess.DectScheduledAccessNetwork"...
Initializing...

Running simulation...
** Event #0   t=0   Elapsed: 1.9e-05s (0m 00s)
     Speed:     ev/sec=0   simsec/sec=0   ev/simsec=0
     Messages:  created: 2   present: 2   in FES: 2
** Event #106420   t=172.063859958807   Elapsed: 0.008391s (0m 00s)
     Speed:     ev/sec=0   simsec/sec=0   ev/simsec=0
     Messages:  created: 2   present: 2   in FES: 1

<!> Simulation stopped with endSimulation() -- in module (ScheduledAccessQueue) DectScheduledAccessNetwork.queue (id=2), at t=172.063859958807s, event #106420

Calling finish() at end of Run #975...

Preparing for running configuration MonetecFocusedSmallR, run #976...
Scenario: $r=16, $rho=0.130, $repetition=1
Assigned runID=MonetecFocusedSmallR-976-20260930-07:06:15-58
Setting up network "dect2020scheduledaccess.DectScheduledAccessNetwork"...
Initializing...

Running simulation...
** Event #0   t=0   Elapsed: 1.7e-05s (0m 00s)
     Speed:     ev/sec=0   simsec/sec=0   ev/simsec=0
     Messages:  created: 2   present: 2   in FES: 2
** Event #106574   t=172.267401444952   Elapsed: 0.008391s (0m 00s)
     Speed:     ev/sec=0   simsec/sec=0   ev/simsec=0
     Messages:  created: 2   present: 2   in FES: 1

<!> Simulation stopped with endSimulation() -- in module (ScheduledAccessQueue) DectScheduledAccessNetwork.queue (id=2), at t=172.267401444952s, event #106574

Calling finish() at end of Run #976...

Preparing for running configuration MonetecFocusedSmallR, run #977...
Scenario: $r=16, $rho=0.130, $repetition=2
Assigned runID=MonetecFocusedSmallR-977-20260930-07:06:15-58
Setting up network "dect2020scheduledaccess.DectScheduledAccessNetwork"...
Initializing...

Running simulation...
** Event #0   t=0   Elapsed: 1.6e-05s (0m 00s)
     Speed:     ev/sec=0   simsec/sec=0   ev/simsec=0
     Messages:  created: 2   present: 2   in FES: 2
** Event #106264   t=172.109347222845   Elapsed: 0.008364s (0m 00s)
     Speed:     ev/sec=0   simsec/sec=0   ev/simsec=0
     Messages:  created: 2   present: 2   in FES: 1

<!> Simulation stopped with endSimulation() -- in module (ScheduledAccessQueue) DectScheduledAccessNetwork.queue (id=2), at t=172.109347222845s, event #106264

Calling finish() at end of Run #977...

Preparing for running configuration MonetecFocusedSmallR, run #978...
Scenario: $r=16, $rho=0.135, $repetition=0
Assigned runID=MonetecFocusedSmallR-978-20260930-07:06:15-58
Setting up network "dect2020scheduledaccess.DectScheduledAccessNetwork"...
Initializing...

Running simulation...
** Event #0   t=0   Elapsed: 3e-06s (0m 00s)
     Speed:     ev/sec=0   simsec/sec=0   ev/simsec=0
     Messages:  created: 2   present: 2   in FES: 2
** Event #108613   t=172.096240667418   Elapsed: 0.008599s (0m 00s)
     Speed:     ev/sec=0   simsec/sec=0   ev/simsec=0
     Messages:  created: 2   present: 2   in FES: 1

<!> Simulation stopped with endSimulation() -- in module (ScheduledAccessQueue) DectScheduledAccessNetwork.queue (id=2), at t=172.096240667418s, event #108613

Calling finish() at end of Run #978...

Preparing for running configuration MonetecFocusedSmallR, run #979...
Scenario: $r=16, $rho=0.135, $repetition=1
Assigned runID=MonetecFocusedSmallR-979-20260930-07:06:15-58
Setting up network "dect2020scheduledaccess.DectScheduledAccessNetwork"...
Initializing...

Running simulation...
** Event #0   t=0   Elapsed: 1.5e-05s (0m 00s)
     Speed:     ev/sec=0   simsec/sec=0   ev/simsec=0
     Messages:  created: 2   present: 2   in FES: 2
** Event #108492   t=172.201795355462   Elapsed: 0.008487s (0m 00s)
     Speed:     ev/sec=0   simsec/sec=0   ev/simsec=0
     Messages:  created: 2   present: 2   in FES: 1

<!> Simulation stopped with endSimulation() -- in module (ScheduledAccessQueue) DectScheduledAccessNetwork.queue (id=2), at t=172.201795355462s, event #108492

Calling finish() at end of Run #979...

Preparing for running configuration MonetecFocusedSmallR, run #980...
Scenario: $r=16, $rho=0.135, $repetition=2
Assigned runID=MonetecFocusedSmallR-980-20260930-07:06:15-58
Setting up network "dect2020scheduledaccess.DectScheduledAccessNetwork"...
Initializing...

Running simulation...
** Event #0   t=0   Elapsed: 1.1e-05s (0m 00s)
     Speed:     ev/sec=0   simsec/sec=0   ev/simsec=0
     Messages:  created: 2   present: 2   in FES: 2
** Event #108370   t=172.151379169884   Elapsed: 0.008941s (0m 00s)
     Speed:     ev/sec=0   simsec/sec=0   ev/simsec=0
     Messages:  created: 2   present: 2   in FES: 1

<!> Simulation stopped with endSimulation() -- in module (ScheduledAccessQueue) DectScheduledAccessNetwork.queue (id=2), at t=172.151379169884s, event #108370

Calling finish() at end of Run #980...

Preparing for running configuration MonetecFocusedSmallR, run #981...
Scenario: $r=16, $rho=0.140, $repetition=0
Assigned runID=MonetecFocusedSmallR-981-20260930-07:06:15-58
Setting up network "dect2020scheduledaccess.DectScheduledAccessNetwork"...
Initializing...

Running simulation...
** Event #0   t=0   Elapsed: 1.2e-05s (0m 00s)
     Speed:     ev/sec=0   simsec/sec=0   ev/simsec=0
     Messages:  created: 2   present: 2   in FES: 2
** Event #110564   t=172.035080223313   Elapsed: 0.008893s (0m 00s)
     Speed:     ev/sec=0   simsec/sec=0   ev/simsec=0
     Messages:  created: 2   present: 2   in FES: 1

<!> Simulation stopped with endSimulation() -- in module (ScheduledAccessQueue) DectScheduledAccessNetwork.queue (id=2), at t=172.035080223313s, event #110564

Calling finish() at end of Run #981...

Preparing for running configuration MonetecFocusedSmallR, run #982...
Scenario: $r=16, $rho=0.140, $repetition=1
Assigned runID=MonetecFocusedSmallR-982-20260930-07:06:15-58
Setting up network "dect2020scheduledaccess.DectScheduledAccessNetwork"...
Initializing...

Running simulation...
** Event #0   t=0   Elapsed: 1.8e-05s (0m 00s)
     Speed:     ev/sec=0   simsec/sec=0   ev/simsec=0
     Messages:  created: 2   present: 2   in FES: 2
** Event #110537   t=172.176920234841   Elapsed: 0.008743s (0m 00s)
     Speed:     ev/sec=0   simsec/sec=0   ev/simsec=0
     Messages:  created: 2   present: 2   in FES: 1

<!> Simulation stopped with endSimulation() -- in module (ScheduledAccessQueue) DectScheduledAccessNetwork.queue (id=2), at t=172.176920234841s, event #110537

Calling finish() at end of Run #982...

Preparing for running configuration MonetecFocusedSmallR, run #983...
Scenario: $r=16, $rho=0.140, $repetition=2
Assigned runID=MonetecFocusedSmallR-983-20260930-07:06:15-58
Setting up network "dect2020scheduledaccess.DectScheduledAccessNetwork"...
Initializing...

Running simulation...
** Event #0   t=0   Elapsed: 3.1e-05s (0m 00s)
     Speed:     ev/sec=0   simsec/sec=0   ev/simsec=0
     Messages:  created: 2   present: 2   in FES: 2
** Event #110487   t=172.15167917077   Elapsed: 0.008724s (0m 00s)
     Speed:     ev/sec=0   simsec/sec=0   ev/simsec=0
     Messages:  created: 2   present: 2   in FES: 1

<!> Simulation stopped with endSimulation() -- in module (ScheduledAccessQueue) DectScheduledAccessNetwork.queue (id=2), at t=172.15167917077s, event #110487

Calling finish() at end of Run #983...

Preparing for running configuration MonetecFocusedSmallR, run #984...
Scenario: $r=16, $rho=0.145, $repetition=0
Assigned runID=MonetecFocusedSmallR-984-20260930-07:06:15-58
Setting up network "dect2020scheduledaccess.DectScheduledAccessNetwork"...
Initializing...

Running simulation...
** Event #0   t=0   Elapsed: 4.3e-05s (0m 00s)
     Speed:     ev/sec=0   simsec/sec=0   ev/simsec=0
     Messages:  created: 2   present: 2   in FES: 2
** Event #112845   t=172.09296115209   Elapsed: 0.008943s (0m 00s)
     Speed:     ev/sec=0   simsec/sec=0   ev/simsec=0
     Messages:  created: 2   present: 2   in FES: 1

<!> Simulation stopped with endSimulation() -- in module (ScheduledAccessQueue) DectScheduledAccessNetwork.queue (id=2), at t=172.09296115209s, event #112845

Calling finish() at end of Run #984...

Preparing for running configuration MonetecFocusedSmallR, run #985...
Scenario: $r=16, $rho=0.145, $repetition=1
Assigned runID=MonetecFocusedSmallR-985-20260930-07:06:15-58
Setting up network "dect2020scheduledaccess.DectScheduledAccessNetwork"...
Initializing...

Running simulation...
** Event #0   t=0   Elapsed: 9e-06s (0m 00s)
     Speed:     ev/sec=0   simsec/sec=0   ev/simsec=0
     Messages:  created: 2   present: 2   in FES: 2
** Event #112491   t=172.140802529014   Elapsed: 0.008967s (0m 00s)
     Speed:     ev/sec=0   simsec/sec=0   ev/simsec=0
     Messages:  created: 2   present: 2   in FES: 1

<!> Simulation stopped with endSimulation() -- in module (ScheduledAccessQueue) DectScheduledAccessNetwork.queue (id=2), at t=172.140802529014s, event #112491

Calling finish() at end of Run #985...

Preparing for running configuration MonetecFocusedSmallR, run #986...
Scenario: $r=16, $rho=0.145, $repetition=2
Assigned runID=MonetecFocusedSmallR-986-20260930-07:06:15-58
Setting up network "dect2020scheduledaccess.DectScheduledAccessNetwork"...
Initializing...

Running simulation...
** Event #0   t=0   Elapsed: 1.4e-05s (0m 00s)
     Speed:     ev/sec=0   simsec/sec=0   ev/simsec=0
     Messages:  created: 2   present: 2   in FES: 2
** Event #112721   t=172.227161030123   Elapsed: 0.008957s (0m 00s)
     Speed:     ev/sec=0   simsec/sec=0   ev/simsec=0
     Messages:  created: 2   present: 2   in FES: 1

<!> Simulation stopped with endSimulation() -- in module (ScheduledAccessQueue) DectScheduledAccessNetwork.queue (id=2), at t=172.227161030123s, event #112721

Calling finish() at end of Run #986...

Preparing for running configuration MonetecFocusedSmallR, run #987...
Scenario: $r=16, $rho=0.150, $repetition=0
Assigned runID=MonetecFocusedSmallR-987-20260930-07:06:15-58
Setting up network "dect2020scheduledaccess.DectScheduledAccessNetwork"...
Initializing...

Running simulation...
** Event #0   t=0   Elapsed: 1e-05s (0m 00s)
     Speed:     ev/sec=0   simsec/sec=0   ev/simsec=0
     Messages:  created: 2   present: 2   in FES: 2
** Event #114833   t=172.044865343868   Elapsed: 0.009016s (0m 00s)
     Speed:     ev/sec=0   simsec/sec=0   ev/simsec=0
     Messages:  created: 2   present: 2   in FES: 1

<!> Simulation stopped with endSimulation() -- in module (ScheduledAccessQueue) DectScheduledAccessNetwork.queue (id=2), at t=172.044865343868s, event #114833

Calling finish() at end of Run #987...

Preparing for running configuration MonetecFocusedSmallR, run #988...
Scenario: $r=16, $rho=0.150, $repetition=1
Assigned runID=MonetecFocusedSmallR-988-20260930-07:06:15-58
Setting up network "dect2020scheduledaccess.DectScheduledAccessNetwork"...
Initializing...

Running simulation...
** Event #0   t=0   Elapsed: 1.7e-05s (0m 00s)
     Speed:     ev/sec=0   simsec/sec=0   ev/simsec=0
     Messages:  created: 2   present: 2   in FES: 2
** Event #114835   t=172.228192559654   Elapsed: 0.009197s (0m 00s)
     Speed:     ev/sec=0   simsec/sec=0   ev/simsec=0
     Messages:  created: 2   present: 2   in FES: 1

<!> Simulation stopped with endSimulation() -- in module (ScheduledAccessQueue) DectScheduledAccessNetwork.queue (id=2), at t=172.228192559654s, event #114835

Calling finish() at end of Run #988...

Preparing for running configuration MonetecFocusedSmallR, run #989...
Scenario: $r=16, $rho=0.150, $repetition=2
Assigned runID=MonetecFocusedSmallR-989-20260930-07:06:15-58
Setting up network "dect2020scheduledaccess.DectScheduledAccessNetwork"...
Initializing...

Running simulation...
** Event #0   t=0   Elapsed: 2e-06s (0m 00s)
     Speed:     ev/sec=0   simsec/sec=0   ev/simsec=0
     Messages:  created: 2   present: 2   in FES: 2
** Event #114488   t=172.151601404477   Elapsed: 0.009028s (0m 00s)
     Speed:     ev/sec=0   simsec/sec=0   ev/simsec=0
     Messages:  created: 2   present: 2   in FES: 1

<!> Simulation stopped with endSimulation() -- in module (ScheduledAccessQueue) DectScheduledAccessNetwork.queue (id=2), at t=172.151601404477s, event #114488

Calling finish() at end of Run #989...

Preparing for running configuration MonetecFocusedSmallR, run #990...
Scenario: $r=16, $rho=0.155, $repetition=0
Assigned runID=MonetecFocusedSmallR-990-20260930-07:06:15-58
Setting up network "dect2020scheduledaccess.DectScheduledAccessNetwork"...
Initializing...

Running simulation...
** Event #0   t=0   Elapsed: 2e-06s (0m 00s)
     Speed:     ev/sec=0   simsec/sec=0   ev/simsec=0
     Messages:  created: 2   present: 2   in FES: 2
** Event #116955   t=172.070576215067   Elapsed: 0.009214s (0m 00s)
     Speed:     ev/sec=0   simsec/sec=0   ev/simsec=0
     Messages:  created: 2   present: 2   in FES: 1

<!> Simulation stopped with endSimulation() -- in module (ScheduledAccessQueue) DectScheduledAccessNetwork.queue (id=2), at t=172.070576215067s, event #116955

Calling finish() at end of Run #990...

Preparing for running configuration MonetecFocusedSmallR, run #991...
Scenario: $r=16, $rho=0.155, $repetition=1
Assigned runID=MonetecFocusedSmallR-991-20260930-07:06:15-58
Setting up network "dect2020scheduledaccess.DectScheduledAccessNetwork"...
Initializing...

Running simulation...
** Event #0   t=0   Elapsed: 1.3e-05s (0m 00s)
     Speed:     ev/sec=0   simsec/sec=0   ev/simsec=0
     Messages:  created: 2   present: 2   in FES: 2
** Event #116820   t=172.176260518521   Elapsed: 0.009238s (0m 00s)
     Speed:     ev/sec=0   simsec/sec=0   ev/simsec=0
     Messages:  created: 2   present: 2   in FES: 1

<!> Simulation stopped with endSimulation() -- in module (ScheduledAccessQueue) DectScheduledAccessNetwork.queue (id=2), at t=172.176260518521s, event #116820

Calling finish() at end of Run #991...

Preparing for running configuration MonetecFocusedSmallR, run #992...
Scenario: $r=16, $rho=0.155, $repetition=2
Assigned runID=MonetecFocusedSmallR-992-20260930-07:06:15-58
Setting up network "dect2020scheduledaccess.DectScheduledAccessNetwork"...
Initializing...

Running simulation...
** Event #0   t=0   Elapsed: 3e-06s (0m 00s)
     Speed:     ev/sec=0   simsec/sec=0   ev/simsec=0
     Messages:  created: 2   present: 2   in FES: 2
** Event #116767   t=172.232932345207   Elapsed: 0.009203s (0m 00s)
     Speed:     ev/sec=0   simsec/sec=0   ev/simsec=0
     Messages:  created: 2   present: 2   in FES: 1

<!> Simulation stopped with endSimulation() -- in module (ScheduledAccessQueue) DectScheduledAccessNetwork.queue (id=2), at t=172.232932345207s, event #116767

Calling finish() at end of Run #992...

Preparing for running configuration MonetecFocusedSmallR, run #993...
Scenario: $r=16, $rho=0.160, $repetition=0
Assigned runID=MonetecFocusedSmallR-993-20260930-07:06:15-58
Setting up network "dect2020scheduledaccess.DectScheduledAccessNetwork"...
Initializing...

Running simulation...
** Event #0   t=0   Elapsed: 1e-05s (0m 00s)
     Speed:     ev/sec=0   simsec/sec=0   ev/simsec=0
     Messages:  created: 2   present: 2   in FES: 2
** Event #119125   t=172.134330962914   Elapsed: 0.009327s (0m 00s)
     Speed:     ev/sec=0   simsec/sec=0   ev/simsec=0
     Messages:  created: 2   present: 2   in FES: 1

<!> Simulation stopped with endSimulation() -- in module (ScheduledAccessQueue) DectScheduledAccessNetwork.queue (id=2), at t=172.134330962914s, event #119125

Calling finish() at end of Run #993...

Preparing for running configuration MonetecFocusedSmallR, run #994...
Scenario: $r=16, $rho=0.160, $repetition=1
Assigned runID=MonetecFocusedSmallR-994-20260930-07:06:15-58
Setting up network "dect2020scheduledaccess.DectScheduledAccessNetwork"...
Initializing...

Running simulation...
** Event #0   t=0   Elapsed: 2e-06s (0m 00s)
     Speed:     ev/sec=0   simsec/sec=0   ev/simsec=0
     Messages:  created: 2   present: 2   in FES: 2
** Event #118945   t=172.196551894144   Elapsed: 0.009488s (0m 00s)
     Speed:     ev/sec=0   simsec/sec=0   ev/simsec=0
     Messages:  created: 2   present: 2   in FES: 1

<!> Simulation stopped with endSimulation() -- in module (ScheduledAccessQueue) DectScheduledAccessNetwork.queue (id=2), at t=172.196551894144s, event #118945

Calling finish() at end of Run #994...

Preparing for running configuration MonetecFocusedSmallR, run #995...
Scenario: $r=16, $rho=0.160, $repetition=2
Assigned runID=MonetecFocusedSmallR-995-20260930-07:06:15-58
Setting up network "dect2020scheduledaccess.DectScheduledAccessNetwork"...
Initializing...

Running simulation...
** Event #0   t=0   Elapsed: 1.4e-05s (0m 00s)
     Speed:     ev/sec=0   simsec/sec=0   ev/simsec=0
     Messages:  created: 2   present: 2   in FES: 2
** Event #118695   t=172.205023362914   Elapsed: 0.009468s (0m 00s)
     Speed:     ev/sec=0   simsec/sec=0   ev/simsec=0
     Messages:  created: 2   present: 2   in FES: 1

<!> Simulation stopped with endSimulation() -- in module (ScheduledAccessQueue) DectScheduledAccessNetwork.queue (id=2), at t=172.205023362914s, event #118695

Calling finish() at end of Run #995...

Preparing for running configuration MonetecFocusedSmallR, run #996...
Scenario: $r=16, $rho=0.165, $repetition=0
Assigned runID=MonetecFocusedSmallR-996-20260930-07:06:15-58
Setting up network "dect2020scheduledaccess.DectScheduledAccessNetwork"...
Initializing...

Running simulation...
** Event #0   t=0   Elapsed: 2e-06s (0m 00s)
     Speed:     ev/sec=0   simsec/sec=0   ev/simsec=0
     Messages:  created: 2   present: 2   in FES: 2
** Event #120780   t=172.019175870769   Elapsed: 0.009551s (0m 00s)
     Speed:     ev/sec=0   simsec/sec=0   ev/simsec=0
     Messages:  created: 2   present: 2   in FES: 1

<!> Simulation stopped with endSimulation() -- in module (ScheduledAccessQueue) DectScheduledAccessNetwork.queue (id=2), at t=172.019175870769s, event #120780

Calling finish() at end of Run #996...

Preparing for running configuration MonetecFocusedSmallR, run #997...
Scenario: $r=16, $rho=0.165, $repetition=1
Assigned runID=MonetecFocusedSmallR-997-20260930-07:06:15-58
Setting up network "dect2020scheduledaccess.DectScheduledAccessNetwork"...
Initializing...

Running simulation...
** Event #0   t=0   Elapsed: 1.3e-05s (0m 00s)
     Speed:     ev/sec=0   simsec/sec=0   ev/simsec=0
     Messages:  created: 2   present: 2   in FES: 2
** Event #120837   t=172.14589989776   Elapsed: 0.009466s (0m 00s)
     Speed:     ev/sec=0   simsec/sec=0   ev/simsec=0
     Messages:  created: 2   present: 2   in FES: 1

<!> Simulation stopped with endSimulation() -- in module (ScheduledAccessQueue) DectScheduledAccessNetwork.queue (id=2), at t=172.14589989776s, event #120837

Calling finish() at end of Run #997...

Preparing for running configuration MonetecFocusedSmallR, run #998...
Scenario: $r=16, $rho=0.165, $repetition=2
Assigned runID=MonetecFocusedSmallR-998-20260930-07:06:15-58
Setting up network "dect2020scheduledaccess.DectScheduledAccessNetwork"...
Initializing...

Running simulation...
** Event #0   t=0   Elapsed: 1e-06s (0m 00s)
     Speed:     ev/sec=0   simsec/sec=0   ev/simsec=0
     Messages:  created: 2   present: 2   in FES: 2
** Event #120596   t=172.124566942235   Elapsed: 0.009646s (0m 00s)
     Speed:     ev/sec=0   simsec/sec=0   ev/simsec=0
     Messages:  created: 2   present: 2   in FES: 1

<!> Simulation stopped with endSimulation() -- in module (ScheduledAccessQueue) DectScheduledAccessNetwork.queue (id=2), at t=172.124566942235s, event #120596

Calling finish() at end of Run #998...

Preparing for running configuration MonetecFocusedSmallR, run #999...
Scenario: $r=16, $rho=0.170, $repetition=0
Assigned runID=MonetecFocusedSmallR-999-20260930-07:06:15-58
Setting up network "dect2020scheduledaccess.DectScheduledAccessNetwork"...
Initializing...

Running simulation...
** Event #0   t=0   Elapsed: 1.4e-05s (0m 00s)
     Speed:     ev/sec=0   simsec/sec=0   ev/simsec=0
     Messages:  created: 2   present: 2   in FES: 2
** Event #123295   t=172.180146310538   Elapsed: 0.009806s (0m 00s)
     Speed:     ev/sec=0   simsec/sec=0   ev/simsec=0
     Messages:  created: 2   present: 2   in FES: 1

<!> Simulation stopped with endSimulation() -- in module (ScheduledAccessQueue) DectScheduledAccessNetwork.queue (id=2), at t=172.180146310538s, event #123295

Calling finish() at end of Run #999...

Preparing for running configuration MonetecFocusedSmallR, run #1000...
Scenario: $r=16, $rho=0.170, $repetition=1
Assigned runID=MonetecFocusedSmallR-1000-20260930-07:06:15-58
Setting up network "dect2020scheduledaccess.DectScheduledAccessNetwork"...
Initializing...

Running simulation...
** Event #0   t=0   Elapsed: 1.5e-05s (0m 00s)
     Speed:     ev/sec=0   simsec/sec=0   ev/simsec=0
     Messages:  created: 2   present: 2   in FES: 2
** Event #122950   t=172.154570073418   Elapsed: 0.009638s (0m 00s)
     Speed:     ev/sec=0   simsec/sec=0   ev/simsec=0
     Messages:  created: 2   present: 2   in FES: 1

<!> Simulation stopped with endSimulation() -- in module (ScheduledAccessQueue) DectScheduledAccessNetwork.queue (id=2), at t=172.154570073418s, event #122950

Calling finish() at end of Run #1000...

Preparing for running configuration MonetecFocusedSmallR, run #1001...
Scenario: $r=16, $rho=0.170, $repetition=2
Assigned runID=MonetecFocusedSmallR-1001-20260930-07:06:15-58
Setting up network "dect2020scheduledaccess.DectScheduledAccessNetwork"...
Initializing...

Running simulation...
** Event #0   t=0   Elapsed: 2.8e-05s (0m 00s)
     Speed:     ev/sec=0   simsec/sec=0   ev/simsec=0
     Messages:  created: 2   present: 2   in FES: 2
** Event #122787   t=172.197843030367   Elapsed: 0.009775s (0m 00s)
     Speed:     ev/sec=0   simsec/sec=0   ev/simsec=0
     Messages:  created: 2   present: 2   in FES: 1

<!> Simulation stopped with endSimulation() -- in module (ScheduledAccessQueue) DectScheduledAccessNetwork.queue (id=2), at t=172.197843030367s, event #122787

Calling finish() at end of Run #1001...

Preparing for running configuration MonetecFocusedSmallR, run #1002...
Scenario: $r=16, $rho=0.175, $repetition=0
Assigned runID=MonetecFocusedSmallR-1002-20260930-07:06:15-58
Setting up network "dect2020scheduledaccess.DectScheduledAccessNetwork"...
Initializing...

Running simulation...
** Event #0   t=0   Elapsed: 2e-06s (0m 00s)
     Speed:     ev/sec=0   simsec/sec=0   ev/simsec=0
     Messages:  created: 2   present: 2   in FES: 2
** Event #125501   t=172.213846039741   Elapsed: 0.009879s (0m 00s)
     Speed:     ev/sec=0   simsec/sec=0   ev/simsec=0
     Messages:  created: 2   present: 2   in FES: 1

<!> Simulation stopped with endSimulation() -- in module (ScheduledAccessQueue) DectScheduledAccessNetwork.queue (id=2), at t=172.213846039741s, event #125501

Calling finish() at end of Run #1002...

Preparing for running configuration MonetecFocusedSmallR, run #1003...
Scenario: $r=16, $rho=0.175, $repetition=1
Assigned runID=MonetecFocusedSmallR-1003-20260930-07:06:15-58
Setting up network "dect2020scheduledaccess.DectScheduledAccessNetwork"...
Initializing...

Running simulation...
** Event #0   t=0   Elapsed: 1.7e-05s (0m 00s)
     Speed:     ev/sec=0   simsec/sec=0   ev/simsec=0
     Messages:  created: 2   present: 2   in FES: 2
** Event #124863   t=172.081312665093   Elapsed: 0.009957s (0m 00s)
     Speed:     ev/sec=0   simsec/sec=0   ev/simsec=0
     Messages:  created: 2   present: 2   in FES: 1

<!> Simulation stopped with endSimulation() -- in module (ScheduledAccessQueue) DectScheduledAccessNetwork.queue (id=2), at t=172.081312665093s, event #124863

Calling finish() at end of Run #1003...

Preparing for running configuration MonetecFocusedSmallR, run #1004...
Scenario: $r=16, $rho=0.175, $repetition=2
Assigned runID=MonetecFocusedSmallR-1004-20260930-07:06:15-58
Setting up network "dect2020scheduledaccess.DectScheduledAccessNetwork"...
Initializing...

Running simulation...
** Event #0   t=0   Elapsed: 1.3e-05s (0m 00s)
     Speed:     ev/sec=0   simsec/sec=0   ev/simsec=0
     Messages:  created: 2   present: 2   in FES: 2
** Event #124724   t=172.152965045179   Elapsed: 0.00979s (0m 00s)
     Speed:     ev/sec=0   simsec/sec=0   ev/simsec=0
     Messages:  created: 2   present: 2   in FES: 1

<!> Simulation stopped with endSimulation() -- in module (ScheduledAccessQueue) DectScheduledAccessNetwork.queue (id=2), at t=172.152965045179s, event #124724

Calling finish() at end of Run #1004...

Preparing for running configuration MonetecFocusedSmallR, run #1005...
Scenario: $r=16, $rho=0.180, $repetition=0
Assigned runID=MonetecFocusedSmallR-1005-20260930-07:06:15-58
Setting up network "dect2020scheduledaccess.DectScheduledAccessNetwork"...
Initializing...

Running simulation...
** Event #0   t=0   Elapsed: 1e-06s (0m 00s)
     Speed:     ev/sec=0   simsec/sec=0   ev/simsec=0
     Messages:  created: 2   present: 2   in FES: 2
** Event #127080   t=172.029229395156   Elapsed: 0.010061s (0m 00s)
     Speed:     ev/sec=1.26335e+07   simsec/sec=17102   ev/simsec=738.713
     Messages:  created: 2   present: 2   in FES: 1

<!> Simulation stopped with endSimulation() -- in module (ScheduledAccessQueue) DectScheduledAccessNetwork.queue (id=2), at t=172.029229395156s, event #127080

Calling finish() at end of Run #1005...

Preparing for running configuration MonetecFocusedSmallR, run #1006...
Scenario: $r=16, $rho=0.180, $repetition=1
Assigned runID=MonetecFocusedSmallR-1006-20260930-07:06:15-58
Setting up network "dect2020scheduledaccess.DectScheduledAccessNetwork"...
Initializing...

Running simulation...
** Event #0   t=0   Elapsed: 2e-06s (0m 00s)
     Speed:     ev/sec=0   simsec/sec=0   ev/simsec=0
     Messages:  created: 2   present: 2   in FES: 2
** Event #127206   t=172.164993481155   Elapsed: 0.009926s (0m 00s)
     Speed:     ev/sec=0   simsec/sec=0   ev/simsec=0
     Messages:  created: 2   present: 2   in FES: 1

<!> Simulation stopped with endSimulation() -- in module (ScheduledAccessQueue) DectScheduledAccessNetwork.queue (id=2), at t=172.164993481155s, event #127206

Calling finish() at end of Run #1006...

Preparing for running configuration MonetecFocusedSmallR, run #1007...
Scenario: $r=16, $rho=0.180, $repetition=2
Assigned runID=MonetecFocusedSmallR-1007-20260930-07:06:15-58
Setting up network "dect2020scheduledaccess.DectScheduledAccessNetwork"...
Initializing...

Running simulation...
** Event #0   t=0   Elapsed: 1e-06s (0m 00s)
     Speed:     ev/sec=0   simsec/sec=0   ev/simsec=0
     Messages:  created: 2   present: 2   in FES: 2
** Event #126866   t=172.183768061904   Elapsed: 0.010085s (0m 00s)
     Speed:     ev/sec=1.25822e+07   simsec/sec=17076.6   ev/simsec=736.806
     Messages:  created: 2   present: 2   in FES: 1

<!> Simulation stopped with endSimulation() -- in module (ScheduledAccessQueue) DectScheduledAccessNetwork.queue (id=2), at t=172.183768061904s, event #126866

Calling finish() at end of Run #1007...

Preparing for running configuration MonetecFocusedSmallR, run #1008...
Scenario: $r=16, $rho=0.185, $repetition=0
Assigned runID=MonetecFocusedSmallR-1008-20260930-07:06:15-58
Setting up network "dect2020scheduledaccess.DectScheduledAccessNetwork"...
Initializing...

Running simulation...
** Event #0   t=0   Elapsed: 1.6e-05s (0m 00s)
     Speed:     ev/sec=0   simsec/sec=0   ev/simsec=0
     Messages:  created: 2   present: 2   in FES: 2
** Event #129372   t=172.106478470597   Elapsed: 0.010171s (0m 00s)
     Speed:     ev/sec=1.27397e+07   simsec/sec=16948   ev/simsec=751.698
     Messages:  created: 2   present: 2   in FES: 1

<!> Simulation stopped with endSimulation() -- in module (ScheduledAccessQueue) DectScheduledAccessNetwork.queue (id=2), at t=172.106478470597s, event #129372

Calling finish() at end of Run #1008...

Preparing for running configuration MonetecFocusedSmallR, run #1009...
Scenario: $r=16, $rho=0.185, $repetition=1
Assigned runID=MonetecFocusedSmallR-1009-20260930-07:06:15-58
Setting up network "dect2020scheduledaccess.DectScheduledAccessNetwork"...
Initializing...

Running simulation...
** Event #0   t=0   Elapsed: 2e-06s (0m 00s)
     Speed:     ev/sec=0   simsec/sec=0   ev/simsec=0
     Messages:  created: 2   present: 2   in FES: 2
** Event #129228   t=172.130176686368   Elapsed: 0.010237s (0m 00s)
     Speed:     ev/sec=1.26261e+07   simsec/sec=16817.8   ev/simsec=750.759
     Messages:  created: 2   present: 2   in FES: 1

<!> Simulation stopped with endSimulation() -- in module (ScheduledAccessQueue) DectScheduledAccessNetwork.queue (id=2), at t=172.130176686368s, event #129228

Calling finish() at end of Run #1009...

Preparing for running configuration MonetecFocusedSmallR, run #1010...
Scenario: $r=16, $rho=0.185, $repetition=2
Assigned runID=MonetecFocusedSmallR-1010-20260930-07:06:15-58
Setting up network "dect2020scheduledaccess.DectScheduledAccessNetwork"...
Initializing...

Running simulation...
** Event #0   t=0   Elapsed: 2e-06s (0m 00s)
     Speed:     ev/sec=0   simsec/sec=0   ev/simsec=0
     Messages:  created: 2   present: 2   in FES: 2
** Event #128707   t=172.101384855591   Elapsed: 0.010052s (0m 00s)
     Speed:     ev/sec=1.28067e+07   simsec/sec=17124.5   ev/simsec=747.857
     Messages:  created: 2   present: 2   in FES: 1

<!> Simulation stopped with endSimulation() -- in module (ScheduledAccessQueue) DectScheduledAccessNetwork.queue (id=2), at t=172.101384855591s, event #128707

Calling finish() at end of Run #1010...

Preparing for running configuration MonetecFocusedSmallR, run #1011...
Scenario: $r=16, $rho=0.190, $repetition=0
Assigned runID=MonetecFocusedSmallR-1011-20260930-07:06:15-58
Setting up network "dect2020scheduledaccess.DectScheduledAccessNetwork"...
Initializing...

Running simulation...
** Event #0   t=0   Elapsed: 2e-06s (0m 00s)
     Speed:     ev/sec=0   simsec/sec=0   ev/simsec=0
     Messages:  created: 2   present: 2   in FES: 2
** Event #131672   t=172.16858743516   Elapsed: 0.010229s (0m 00s)
     Speed:     ev/sec=1.28749e+07   simsec/sec=16834.7   ev/simsec=764.786
     Messages:  created: 2   present: 2   in FES: 1

<!> Simulation stopped with endSimulation() -- in module (ScheduledAccessQueue) DectScheduledAccessNetwork.queue (id=2), at t=172.16858743516s, event #131672

Calling finish() at end of Run #1011...

Preparing for running configuration MonetecFocusedSmallR, run #1012...
Scenario: $r=16, $rho=0.190, $repetition=1
Assigned runID=MonetecFocusedSmallR-1012-20260930-07:06:15-58
Setting up network "dect2020scheduledaccess.DectScheduledAccessNetwork"...
Initializing...

Running simulation...
** Event #0   t=0   Elapsed: 1.6e-05s (0m 00s)
     Speed:     ev/sec=0   simsec/sec=0   ev/simsec=0
     Messages:  created: 2   present: 2   in FES: 2
** Event #131385   t=172.138613007702   Elapsed: 0.010303s (0m 00s)
     Speed:     ev/sec=1.27719e+07   simsec/sec=16733.6   ev/simsec=763.253
     Messages:  created: 2   present: 2   in FES: 1

<!> Simulation stopped with endSimulation() -- in module (ScheduledAccessQueue) DectScheduledAccessNetwork.queue (id=2), at t=172.138613007702s, event #131385

Calling finish() at end of Run #1012...

Preparing for running configuration MonetecFocusedSmallR, run #1013...
Scenario: $r=16, $rho=0.190, $repetition=2
Assigned runID=MonetecFocusedSmallR-1013-20260930-07:06:15-58
Setting up network "dect2020scheduledaccess.DectScheduledAccessNetwork"...
Initializing...

Running simulation...
** Event #0   t=0   Elapsed: 1.8e-05s (0m 00s)
     Speed:     ev/sec=0   simsec/sec=0   ev/simsec=0
     Messages:  created: 2   present: 2   in FES: 2
** Event #130814   t=172.101524597425   Elapsed: 0.010188s (0m 00s)
     Speed:     ev/sec=1.28627e+07   simsec/sec=16922.5   ev/simsec=760.099
     Messages:  created: 2   present: 2   in FES: 1

<!> Simulation stopped with endSimulation() -- in module (ScheduledAccessQueue) DectScheduledAccessNetwork.queue (id=2), at t=172.101524597425s, event #130814

Calling finish() at end of Run #1013...

Preparing for running configuration MonetecFocusedSmallR, run #1014...
Scenario: $r=16, $rho=0.195, $repetition=0
Assigned runID=MonetecFocusedSmallR-1014-20260930-07:06:15-58
Setting up network "dect2020scheduledaccess.DectScheduledAccessNetwork"...
Initializing...

Running simulation...
** Event #0   t=0   Elapsed: 2e-06s (0m 00s)
     Speed:     ev/sec=0   simsec/sec=0   ev/simsec=0
     Messages:  created: 2   present: 2   in FES: 2
** Event #133486   t=172.068258529245   Elapsed: 0.01035s (0m 00s)
     Speed:     ev/sec=1.28997e+07   simsec/sec=16628.1   ev/simsec=775.776
     Messages:  created: 2   present: 2   in FES: 1

<!> Simulation stopped with endSimulation() -- in module (ScheduledAccessQueue) DectScheduledAccessNetwork.queue (id=2), at t=172.068258529245s, event #133486

Calling finish() at end of Run #1014...

Preparing for running configuration MonetecFocusedSmallR, run #1015...
Scenario: $r=16, $rho=0.195, $repetition=1
Assigned runID=MonetecFocusedSmallR-1015-20260930-07:06:15-58
Setting up network "dect2020scheduledaccess.DectScheduledAccessNetwork"...
Initializing...

Running simulation...
** Event #0   t=0   Elapsed: 1.2e-05s (0m 00s)
     Speed:     ev/sec=0   simsec/sec=0   ev/simsec=0
     Messages:  created: 2   present: 2   in FES: 2
** Event #133263   t=172.100946051135   Elapsed: 0.010555s (0m 00s)
     Speed:     ev/sec=1.264e+07   simsec/sec=16323.7   ev/simsec=774.332
     Messages:  created: 2   present: 2   in FES: 1

<!> Simulation stopped with endSimulation() -- in module (ScheduledAccessQueue) DectScheduledAccessNetwork.queue (id=2), at t=172.100946051135s, event #133263

Calling finish() at end of Run #1015...

Preparing for running configuration MonetecFocusedSmallR, run #1016...
Scenario: $r=16, $rho=0.195, $repetition=2
Assigned runID=MonetecFocusedSmallR-1016-20260930-07:06:15-58
Setting up network "dect2020scheduledaccess.DectScheduledAccessNetwork"...
Initializing...

Running simulation...
** Event #0   t=0   Elapsed: 3e-06s (0m 00s)
     Speed:     ev/sec=0   simsec/sec=0   ev/simsec=0
     Messages:  created: 2   present: 2   in FES: 2
** Event #133172   t=172.195448033318   Elapsed: 0.010436s (0m 00s)
     Speed:     ev/sec=1.27645e+07   simsec/sec=16504.8   ev/simsec=773.379
     Messages:  created: 2   present: 2   in FES: 1

<!> Simulation stopped with endSimulation() -- in module (ScheduledAccessQueue) DectScheduledAccessNetwork.queue (id=2), at t=172.195448033318s, event #133172

Calling finish() at end of Run #1016...

Preparing for running configuration MonetecFocusedSmallR, run #1017...
Scenario: $r=16, $rho=0.200, $repetition=0
Assigned runID=MonetecFocusedSmallR-1017-20260930-07:06:15-58
Setting up network "dect2020scheduledaccess.DectScheduledAccessNetwork"...
Initializing...

Running simulation...
** Event #0   t=0   Elapsed: 2e-06s (0m 00s)
     Speed:     ev/sec=0   simsec/sec=0   ev/simsec=0
     Messages:  created: 2   present: 2   in FES: 2
** Event #135773   t=172.126109282913   Elapsed: 0.010543s (0m 00s)
     Speed:     ev/sec=1.28792e+07   simsec/sec=16327.6   ev/simsec=788.802
     Messages:  created: 2   present: 2   in FES: 1

<!> Simulation stopped with endSimulation() -- in module (ScheduledAccessQueue) DectScheduledAccessNetwork.queue (id=2), at t=172.126109282913s, event #135773

Calling finish() at end of Run #1017...

Preparing for running configuration MonetecFocusedSmallR, run #1018...
Scenario: $r=16, $rho=0.200, $repetition=1
Assigned runID=MonetecFocusedSmallR-1018-20260930-07:06:15-58
Setting up network "dect2020scheduledaccess.DectScheduledAccessNetwork"...
Initializing...

Running simulation...
** Event #0   t=0   Elapsed: 3e-06s (0m 00s)
     Speed:     ev/sec=0   simsec/sec=0   ev/simsec=0
     Messages:  created: 2   present: 2   in FES: 2
** Event #135283   t=172.069639162657   Elapsed: 0.0105s (0m 00s)
     Speed:     ev/sec=1.28865e+07   simsec/sec=16390.6   ev/simsec=786.214
     Messages:  created: 2   present: 2   in FES: 1

<!> Simulation stopped with endSimulation() -- in module (ScheduledAccessQueue) DectScheduledAccessNetwork.queue (id=2), at t=172.069639162657s, event #135283

Calling finish() at end of Run #1018...

Preparing for running configuration MonetecFocusedSmallR, run #1019...
Scenario: $r=16, $rho=0.200, $repetition=2
Assigned runID=MonetecFocusedSmallR-1019-20260930-07:06:15-58
Setting up network "dect2020scheduledaccess.DectScheduledAccessNetwork"...
Initializing...

Running simulation...
** Event #0   t=0   Elapsed: 1.3e-05s (0m 00s)
     Speed:     ev/sec=0   simsec/sec=0   ev/simsec=0
     Messages:  created: 2   present: 2   in FES: 2
** Event #135518   t=172.245671875813   Elapsed: 0.010661s (0m 00s)
     Speed:     ev/sec=1.27271e+07   simsec/sec=16176.3   ev/simsec=786.773
     Messages:  created: 2   present: 2   in FES: 1

<!> Simulation stopped with endSimulation() -- in module (ScheduledAccessQueue) DectScheduledAccessNetwork.queue (id=2), at t=172.245671875813s, event #135518

Calling finish() at end of Run #1019...

Preparing for running configuration MonetecFocusedSmallR, run #1020...
Scenario: $r=16, $rho=0.205, $repetition=0
Assigned runID=MonetecFocusedSmallR-1020-20260930-07:06:15-58
Setting up network "dect2020scheduledaccess.DectScheduledAccessNetwork"...
Initializing...

Running simulation...
** Event #0   t=0   Elapsed: 1.6e-05s (0m 00s)
     Speed:     ev/sec=0   simsec/sec=0   ev/simsec=0
     Messages:  created: 2   present: 2   in FES: 2
** Event #137754   t=172.092584691936   Elapsed: 0.01086s (0m 00s)
     Speed:     ev/sec=1.27032e+07   simsec/sec=15869.7   ev/simsec=800.471
     Messages:  created: 2   present: 2   in FES: 1

<!> Simulation stopped with endSimulation() -- in module (ScheduledAccessQueue) DectScheduledAccessNetwork.queue (id=2), at t=172.092584691936s, event #137754

Calling finish() at end of Run #1020...

Preparing for running configuration MonetecFocusedSmallR, run #1021...
Scenario: $r=16, $rho=0.205, $repetition=1
Assigned runID=MonetecFocusedSmallR-1021-20260930-07:06:15-58
Setting up network "dect2020scheduledaccess.DectScheduledAccessNetwork"...
Initializing...

Running simulation...
** Event #0   t=0   Elapsed: 1.2e-05s (0m 00s)
     Speed:     ev/sec=0   simsec/sec=0   ev/simsec=0
     Messages:  created: 2   present: 2   in FES: 2
** Event #137685   t=172.175070939259   Elapsed: 0.010693s (0m 00s)
     Speed:     ev/sec=1.28919e+07   simsec/sec=16121.2   ev/simsec=799.682
     Messages:  created: 2   present: 2   in FES: 1

<!> Simulation stopped with endSimulation() -- in module (ScheduledAccessQueue) DectScheduledAccessNetwork.queue (id=2), at t=172.175070939259s, event #137685

Calling finish() at end of Run #1021...

Preparing for running configuration MonetecFocusedSmallR, run #1022...
Scenario: $r=16, $rho=0.205, $repetition=2
Assigned runID=MonetecFocusedSmallR-1022-20260930-07:06:15-58
Setting up network "dect2020scheduledaccess.DectScheduledAccessNetwork"...
Initializing...

Running simulation...
** Event #0   t=0   Elapsed: 3e-06s (0m 00s)
     Speed:     ev/sec=0   simsec/sec=0   ev/simsec=0
     Messages:  created: 2   present: 2   in FES: 2
** Event #137362   t=172.164445302527   Elapsed: 0.010669s (0m 00s)
     Speed:     ev/sec=1.28773e+07   simsec/sec=16139.9   ev/simsec=797.854
     Messages:  created: 2   present: 2   in FES: 1

<!> Simulation stopped with endSimulation() -- in module (ScheduledAccessQueue) DectScheduledAccessNetwork.queue (id=2), at t=172.164445302527s, event #137362

Calling finish() at end of Run #1022...

Preparing for running configuration MonetecFocusedSmallR, run #1023...
Scenario: $r=16, $rho=0.210, $repetition=0
Assigned runID=MonetecFocusedSmallR-1023-20260930-07:06:15-58
Setting up network "dect2020scheduledaccess.DectScheduledAccessNetwork"...
Initializing...

Running simulation...
** Event #0   t=0   Elapsed: 1.7e-05s (0m 00s)
     Speed:     ev/sec=0   simsec/sec=0   ev/simsec=0
     Messages:  created: 2   present: 2   in FES: 2
** Event #139872   t=172.104233329997   Elapsed: 0.011053s (0m 00s)
     Speed:     ev/sec=1.26742e+07   simsec/sec=15594.8   ev/simsec=812.718
     Messages:  created: 2   present: 2   in FES: 1

<!> Simulation stopped with endSimulation() -- in module (ScheduledAccessQueue) DectScheduledAccessNetwork.queue (id=2), at t=172.104233329997s, event #139872

Calling finish() at end of Run #1023...

Preparing for running configuration MonetecFocusedSmallR, run #1024...
Scenario: $r=16, $rho=0.210, $repetition=1
Assigned runID=MonetecFocusedSmallR-1024-20260930-07:06:15-58
Setting up network "dect2020scheduledaccess.DectScheduledAccessNetwork"...
Initializing...

Running simulation...
** Event #0   t=0   Elapsed: 3e-06s (0m 00s)
     Speed:     ev/sec=0   simsec/sec=0   ev/simsec=0
     Messages:  created: 2   present: 2   in FES: 2
** Event #139536   t=172.090616805894   Elapsed: 0.01129s (0m 00s)
     Speed:     ev/sec=1.23625e+07   simsec/sec=15246.8   ev/simsec=810.829
     Messages:  created: 2   present: 2   in FES: 1

<!> Simulation stopped with endSimulation() -- in module (ScheduledAccessQueue) DectScheduledAccessNetwork.queue (id=2), at t=172.090616805894s, event #139536

Calling finish() at end of Run #1024...

Preparing for running configuration MonetecFocusedSmallR, run #1025...
Scenario: $r=16, $rho=0.210, $repetition=2
Assigned runID=MonetecFocusedSmallR-1025-20260930-07:06:15-58
Setting up network "dect2020scheduledaccess.DectScheduledAccessNetwork"...
Initializing...

Running simulation...
** Event #0   t=0   Elapsed: 2.8e-05s (0m 00s)
     Speed:     ev/sec=0   simsec/sec=0   ev/simsec=0
     Messages:  created: 2   present: 2   in FES: 2
** Event #139635   t=172.240109288238   Elapsed: 0.010915s (0m 00s)
     Speed:     ev/sec=1.28247e+07   simsec/sec=15819.2   ev/simsec=810.701
     Messages:  created: 2   present: 2   in FES: 1

<!> Simulation stopped with endSimulation() -- in module (ScheduledAccessQueue) DectScheduledAccessNetwork.queue (id=2), at t=172.240109288238s, event #139635

Calling finish() at end of Run #1025...

Preparing for running configuration MonetecFocusedSmallR, run #1026...
Scenario: $r=16, $rho=0.215, $repetition=0
Assigned runID=MonetecFocusedSmallR-1026-20260930-07:06:15-58
Setting up network "dect2020scheduledaccess.DectScheduledAccessNetwork"...
Initializing...

Running simulation...
** Event #0   t=0   Elapsed: 2e-06s (0m 00s)
     Speed:     ev/sec=0   simsec/sec=0   ev/simsec=0
     Messages:  created: 2   present: 2   in FES: 2
** Event #141777   t=172.043004616624   Elapsed: 0.010949s (0m 00s)
     Speed:     ev/sec=1.29512e+07   simsec/sec=15716   ev/simsec=824.079
     Messages:  created: 2   present: 2   in FES: 1

<!> Simulation stopped with endSimulation() -- in module (ScheduledAccessQueue) DectScheduledAccessNetwork.queue (id=2), at t=172.043004616624s, event #141777

Calling finish() at end of Run #1026...

Preparing for running configuration MonetecFocusedSmallR, run #1027...
Scenario: $r=16, $rho=0.215, $repetition=1
Assigned runID=MonetecFocusedSmallR-1027-20260930-07:06:15-58
Setting up network "dect2020scheduledaccess.DectScheduledAccessNetwork"...
Initializing...

Running simulation...
** Event #0   t=0   Elapsed: 1.8e-05s (0m 00s)
     Speed:     ev/sec=0   simsec/sec=0   ev/simsec=0
     Messages:  created: 2   present: 2   in FES: 2
** Event #141615   t=172.110629626431   Elapsed: 0.011156s (0m 00s)
     Speed:     ev/sec=1.27146e+07   simsec/sec=15452.6   ev/simsec=822.814
     Messages:  created: 2   present: 2   in FES: 1

<!> Simulation stopped with endSimulation() -- in module (ScheduledAccessQueue) DectScheduledAccessNetwork.queue (id=2), at t=172.110629626431s, event #141615

Calling finish() at end of Run #1027...

Preparing for running configuration MonetecFocusedSmallR, run #1028...
Scenario: $r=16, $rho=0.215, $repetition=2
Assigned runID=MonetecFocusedSmallR-1028-20260930-07:06:15-58
Setting up network "dect2020scheduledaccess.DectScheduledAccessNetwork"...
Initializing...

Running simulation...
** Event #0   t=0   Elapsed: 2e-06s (0m 00s)
     Speed:     ev/sec=0   simsec/sec=0   ev/simsec=0
     Messages:  created: 2   present: 2   in FES: 2
** Event #141697   t=172.253748961637   Elapsed: 0.011211s (0m 00s)
     Speed:     ev/sec=1.26414e+07   simsec/sec=15367.4   ev/simsec=822.607
     Messages:  created: 2   present: 2   in FES: 1

<!> Simulation stopped with endSimulation() -- in module (ScheduledAccessQueue) DectScheduledAccessNetwork.queue (id=2), at t=172.253748961637s, event #141697

Calling finish() at end of Run #1028...

Preparing for running configuration MonetecFocusedSmallR, run #1029...
Scenario: $r=16, $rho=0.220, $repetition=0
Assigned runID=MonetecFocusedSmallR-1029-20260930-07:06:15-58
Setting up network "dect2020scheduledaccess.DectScheduledAccessNetwork"...
Initializing...

Running simulation...
** Event #0   t=0   Elapsed: 1.1e-05s (0m 00s)
     Speed:     ev/sec=0   simsec/sec=0   ev/simsec=0
     Messages:  created: 2   present: 2   in FES: 2
** Event #143918   t=172.079450236995   Elapsed: 0.011216s (0m 00s)
     Speed:     ev/sec=1.28452e+07   simsec/sec=15358.7   ev/simsec=836.347
     Messages:  created: 2   present: 2   in FES: 1

<!> Simulation stopped with endSimulation() -- in module (ScheduledAccessQueue) DectScheduledAccessNetwork.queue (id=2), at t=172.079450236995s, event #143918

Calling finish() at end of Run #1029...

Preparing for running configuration MonetecFocusedSmallR, run #1030...
Scenario: $r=16, $rho=0.220, $repetition=1
Assigned runID=MonetecFocusedSmallR-1030-20260930-07:06:15-58
Setting up network "dect2020scheduledaccess.DectScheduledAccessNetwork"...
Initializing...

Running simulation...
** Event #0   t=0   Elapsed: 3e-06s (0m 00s)
     Speed:     ev/sec=0   simsec/sec=0   ev/simsec=0
     Messages:  created: 2   present: 2   in FES: 2
** Event #144042   t=172.213873626452   Elapsed: 0.01132s (0m 00s)
     Speed:     ev/sec=1.27279e+07   simsec/sec=15217.2   ev/simsec=836.415
     Messages:  created: 2   present: 2   in FES: 1

<!> Simulation stopped with endSimulation() -- in module (ScheduledAccessQueue) DectScheduledAccessNetwork.queue (id=2), at t=172.213873626452s, event #144042

Calling finish() at end of Run #1030...

Preparing for running configuration MonetecFocusedSmallR, run #1031...
Scenario: $r=16, $rho=0.220, $repetition=2
Assigned runID=MonetecFocusedSmallR-1031-20260930-07:06:15-58
Setting up network "dect2020scheduledaccess.DectScheduledAccessNetwork"...
Initializing...

Running simulation...
** Event #0   t=0   Elapsed: 1.8e-05s (0m 00s)
     Speed:     ev/sec=0   simsec/sec=0   ev/simsec=0
     Messages:  created: 2   present: 2   in FES: 2
** Event #143597   t=172.172798915536   Elapsed: 0.011264s (0m 00s)
     Speed:     ev/sec=1.27687e+07   simsec/sec=15309.7   ev/simsec=834.029
     Messages:  created: 2   present: 2   in FES: 1

<!> Simulation stopped with endSimulation() -- in module (ScheduledAccessQueue) DectScheduledAccessNetwork.queue (id=2), at t=172.172798915536s, event #143597

Calling finish() at end of Run #1031...

Preparing for running configuration MonetecFocusedSmallR, run #1032...
Scenario: $r=16, $rho=0.225, $repetition=0
Assigned runID=MonetecFocusedSmallR-1032-20260930-07:06:15-58
Setting up network "dect2020scheduledaccess.DectScheduledAccessNetwork"...
Initializing...

Running simulation...
** Event #0   t=0   Elapsed: 2e-06s (0m 00s)
     Speed:     ev/sec=0   simsec/sec=0   ev/simsec=0
     Messages:  created: 2   present: 2   in FES: 2
** Event #145787   t=172.027240690392   Elapsed: 0.011428s (0m 00s)
     Speed:     ev/sec=1.27581e+07   simsec/sec=15054.4   ev/simsec=847.469
     Messages:  created: 2   present: 2   in FES: 1

<!> Simulation stopped with endSimulation() -- in module (ScheduledAccessQueue) DectScheduledAccessNetwork.queue (id=2), at t=172.027240690392s, event #145787

Calling finish() at end of Run #1032...

Preparing for running configuration MonetecFocusedSmallR, run #1033...
Scenario: $r=16, $rho=0.225, $repetition=1
Assigned runID=MonetecFocusedSmallR-1033-20260930-07:06:15-58
Setting up network "dect2020scheduledaccess.DectScheduledAccessNetwork"...
Initializing...

Running simulation...
** Event #0   t=0   Elapsed: 9e-06s (0m 00s)
     Speed:     ev/sec=0   simsec/sec=0   ev/simsec=0
     Messages:  created: 2   present: 2   in FES: 2
** Event #145857   t=172.148092965888   Elapsed: 0.011382s (0m 00s)
     Speed:     ev/sec=1.28248e+07   simsec/sec=15136.5   ev/simsec=847.278
     Messages:  created: 2   present: 2   in FES: 1

<!> Simulation stopped with endSimulation() -- in module (ScheduledAccessQueue) DectScheduledAccessNetwork.queue (id=2), at t=172.148092965888s, event #145857

Calling finish() at end of Run #1033...

Preparing for running configuration MonetecFocusedSmallR, run #1034...
Scenario: $r=16, $rho=0.225, $repetition=2
Assigned runID=MonetecFocusedSmallR-1034-20260930-07:06:15-58
Setting up network "dect2020scheduledaccess.DectScheduledAccessNetwork"...
Initializing...

Running simulation...
** Event #0   t=0   Elapsed: 3e-05s (0m 00s)
     Speed:     ev/sec=0   simsec/sec=0   ev/simsec=0
     Messages:  created: 2   present: 2   in FES: 2
** Event #145777   t=172.238576947434   Elapsed: 0.011437s (0m 00s)
     Speed:     ev/sec=1.27796e+07   simsec/sec=15099.4   ev/simsec=846.368
     Messages:  created: 2   present: 2   in FES: 1

<!> Simulation stopped with endSimulation() -- in module (ScheduledAccessQueue) DectScheduledAccessNetwork.queue (id=2), at t=172.238576947434s, event #145777

Calling finish() at end of Run #1034...

Preparing for running configuration MonetecFocusedSmallR, run #1035...
Scenario: $r=16, $rho=0.230, $repetition=0
Assigned runID=MonetecFocusedSmallR-1035-20260930-07:06:15-58
Setting up network "dect2020scheduledaccess.DectScheduledAccessNetwork"...
Initializing...

Running simulation...
** Event #0   t=0   Elapsed: 1.7e-05s (0m 00s)
     Speed:     ev/sec=0   simsec/sec=0   ev/simsec=0
     Messages:  created: 2   present: 2   in FES: 2
** Event #147976   t=172.045624034508   Elapsed: 0.01156s (0m 00s)
     Speed:     ev/sec=1.28195e+07   simsec/sec=14904.8   ev/simsec=860.098
     Messages:  created: 2   present: 2   in FES: 1

<!> Simulation stopped with endSimulation() -- in module (ScheduledAccessQueue) DectScheduledAccessNetwork.queue (id=2), at t=172.045624034508s, event #147976

Calling finish() at end of Run #1035...

Preparing for running configuration MonetecFocusedSmallR, run #1036...
Scenario: $r=16, $rho=0.230, $repetition=1
Assigned runID=MonetecFocusedSmallR-1036-20260930-07:06:15-58
Setting up network "dect2020scheduledaccess.DectScheduledAccessNetwork"...
Initializing...

Running simulation...
** Event #0   t=0   Elapsed: 1.8e-05s (0m 00s)
     Speed:     ev/sec=0   simsec/sec=0   ev/simsec=0
     Messages:  created: 2   present: 2   in FES: 2
** Event #147559   t=172.032553873465   Elapsed: 0.011632s (0m 00s)
     Speed:     ev/sec=1.27042e+07   simsec/sec=14811.2   ev/simsec=857.741
     Messages:  created: 2   present: 2   in FES: 1

<!> Simulation stopped with endSimulation() -- in module (ScheduledAccessQueue) DectScheduledAccessNetwork.queue (id=2), at t=172.032553873465s, event #147559

Calling finish() at end of Run #1036...

Preparing for running configuration MonetecFocusedSmallR, run #1037...
Scenario: $r=16, $rho=0.230, $repetition=2
Assigned runID=MonetecFocusedSmallR-1037-20260930-07:06:15-58
Setting up network "dect2020scheduledaccess.DectScheduledAccessNetwork"...
Initializing...

Running simulation...
** Event #0   t=0   Elapsed: 2e-06s (0m 00s)
     Speed:     ev/sec=0   simsec/sec=0   ev/simsec=0
     Messages:  created: 2   present: 2   in FES: 2
** Event #147702   t=172.2010314651   Elapsed: 0.011622s (0m 00s)
     Speed:     ev/sec=1.2711e+07   simsec/sec=14819.4   ev/simsec=857.731
     Messages:  created: 2   present: 2   in FES: 1

<!> Simulation stopped with endSimulation() -- in module (ScheduledAccessQueue) DectScheduledAccessNetwork.queue (id=2), at t=172.2010314651s, event #147702

Calling finish() at end of Run #1037...

Preparing for running configuration MonetecFocusedSmallR, run #1038...
Scenario: $r=16, $rho=0.235, $repetition=0
Assigned runID=MonetecFocusedSmallR-1038-20260930-07:06:15-58
Setting up network "dect2020scheduledaccess.DectScheduledAccessNetwork"...
Initializing...

Running simulation...
** Event #0   t=0   Elapsed: 3e-06s (0m 00s)
     Speed:     ev/sec=0   simsec/sec=0   ev/simsec=0
     Messages:  created: 2   present: 2   in FES: 2
** Event #149934   t=172.035227808103   Elapsed: 0.011729s (0m 00s)
     Speed:     ev/sec=1.27865e+07   simsec/sec=14671.2   ev/simsec=871.534
     Messages:  created: 2   present: 2   in FES: 1

<!> Simulation stopped with endSimulation() -- in module (ScheduledAccessQueue) DectScheduledAccessNetwork.queue (id=2), at t=172.035227808103s, event #149934

Calling finish() at end of Run #1038...

Preparing for running configuration MonetecFocusedSmallR, run #1039...
Scenario: $r=16, $rho=0.235, $repetition=1
Assigned runID=MonetecFocusedSmallR-1039-20260930-07:06:15-58
Setting up network "dect2020scheduledaccess.DectScheduledAccessNetwork"...
Initializing...

Running simulation...
** Event #0   t=0   Elapsed: 2e-06s (0m 00s)
     Speed:     ev/sec=0   simsec/sec=0   ev/simsec=0
     Messages:  created: 2   present: 2   in FES: 2
** Event #149803   t=172.083852409769   Elapsed: 0.011623s (0m 00s)
     Speed:     ev/sec=1.28907e+07   simsec/sec=14808   ev/simsec=870.523
     Messages:  created: 2   present: 2   in FES: 1

<!> Simulation stopped with endSimulation() -- in module (ScheduledAccessQueue) DectScheduledAccessNetwork.queue (id=2), at t=172.083852409769s, event #149803

Calling finish() at end of Run #1039...

Preparing for running configuration MonetecFocusedSmallR, run #1040...
Scenario: $r=16, $rho=0.235, $repetition=2
Assigned runID=MonetecFocusedSmallR-1040-20260930-07:06:16-58
Setting up network "dect2020scheduledaccess.DectScheduledAccessNetwork"...
Initializing...

Running simulation...
** Event #0   t=0   Elapsed: 2e-06s (0m 00s)
     Speed:     ev/sec=0   simsec/sec=0   ev/simsec=0
     Messages:  created: 2   present: 2   in FES: 2
** Event #149807   t=172.200539978823   Elapsed: 0.011542s (0m 00s)
     Speed:     ev/sec=1.29804e+07   simsec/sec=14920.7   ev/simsec=869.959
     Messages:  created: 2   present: 2   in FES: 1

<!> Simulation stopped with endSimulation() -- in module (ScheduledAccessQueue) DectScheduledAccessNetwork.queue (id=2), at t=172.200539978823s, event #149807

Calling finish() at end of Run #1040...

Preparing for running configuration MonetecFocusedSmallR, run #1041...
Scenario: $r=16, $rho=0.240, $repetition=0
Assigned runID=MonetecFocusedSmallR-1041-20260930-07:06:16-58
Setting up network "dect2020scheduledaccess.DectScheduledAccessNetwork"...
Initializing...

Running simulation...
** Event #0   t=0   Elapsed: 2e-06s (0m 00s)
     Speed:     ev/sec=0   simsec/sec=0   ev/simsec=0
     Messages:  created: 2   present: 2   in FES: 2
** Event #152179   t=172.104084202388   Elapsed: 0.011843s (0m 00s)
     Speed:     ev/sec=1.28519e+07   simsec/sec=14534.5   ev/simsec=884.23
     Messages:  created: 2   present: 2   in FES: 1

<!> Simulation stopped with endSimulation() -- in module (ScheduledAccessQueue) DectScheduledAccessNetwork.queue (id=2), at t=172.104084202388s, event #152179

Calling finish() at end of Run #1041...

Preparing for running configuration MonetecFocusedSmallR, run #1042...
Scenario: $r=16, $rho=0.240, $repetition=1
Assigned runID=MonetecFocusedSmallR-1042-20260930-07:06:16-58
Setting up network "dect2020scheduledaccess.DectScheduledAccessNetwork"...
Initializing...

Running simulation...
** Event #0   t=0   Elapsed: 2e-06s (0m 00s)
     Speed:     ev/sec=0   simsec/sec=0   ev/simsec=0
     Messages:  created: 2   present: 2   in FES: 2
** Event #152057   t=172.169746953937   Elapsed: 0.011748s (0m 00s)
     Speed:     ev/sec=1.29454e+07   simsec/sec=14657.7   ev/simsec=883.182
     Messages:  created: 2   present: 2   in FES: 1

<!> Simulation stopped with endSimulation() -- in module (ScheduledAccessQueue) DectScheduledAccessNetwork.queue (id=2), at t=172.169746953937s, event #152057

Calling finish() at end of Run #1042...

Preparing for running configuration MonetecFocusedSmallR, run #1043...
Scenario: $r=16, $rho=0.240, $repetition=2
Assigned runID=MonetecFocusedSmallR-1043-20260930-07:06:16-58
Setting up network "dect2020scheduledaccess.DectScheduledAccessNetwork"...
Initializing...

Running simulation...
** Event #0   t=0   Elapsed: 3e-06s (0m 00s)
     Speed:     ev/sec=0   simsec/sec=0   ev/simsec=0
     Messages:  created: 2   present: 2   in FES: 2
** Event #151483   t=172.075320806911   Elapsed: 0.011765s (0m 00s)
     Speed:     ev/sec=1.28779e+07   simsec/sec=14628.5   ev/simsec=880.334
     Messages:  created: 2   present: 2   in FES: 1

<!> Simulation stopped with endSimulation() -- in module (ScheduledAccessQueue) DectScheduledAccessNetwork.queue (id=2), at t=172.075320806911s, event #151483

Calling finish() at end of Run #1043...

Preparing for running configuration MonetecFocusedSmallR, run #1044...
Scenario: $r=16, $rho=0.245, $repetition=0
Assigned runID=MonetecFocusedSmallR-1044-20260930-07:06:16-58
Setting up network "dect2020scheduledaccess.DectScheduledAccessNetwork"...
Initializing...

Running simulation...
** Event #0   t=0   Elapsed: 3e-06s (0m 00s)
     Speed:     ev/sec=0   simsec/sec=0   ev/simsec=0
     Messages:  created: 2   present: 2   in FES: 2
** Event #153777   t=171.926059848614   Elapsed: 0.011885s (0m 00s)
     Speed:     ev/sec=1.29409e+07   simsec/sec=14468.2   ev/simsec=894.439
     Messages:  created: 2   present: 2   in FES: 1

<!> Simulation stopped with endSimulation() -- in module (ScheduledAccessQueue) DectScheduledAccessNetwork.queue (id=2), at t=171.926059848614s, event #153777

Calling finish() at end of Run #1044...

Preparing for running configuration MonetecFocusedSmallR, run #1045...
Scenario: $r=16, $rho=0.245, $repetition=1
Assigned runID=MonetecFocusedSmallR-1045-20260930-07:06:16-58
Setting up network "dect2020scheduledaccess.DectScheduledAccessNetwork"...
Initializing...

Running simulation...
** Event #0   t=0   Elapsed: 2e-06s (0m 00s)
     Speed:     ev/sec=0   simsec/sec=0   ev/simsec=0
     Messages:  created: 2   present: 2   in FES: 2
** Event #153998   t=172.138643217619   Elapsed: 0.011921s (0m 00s)
     Speed:     ev/sec=1.29204e+07   simsec/sec=14442.3   ev/simsec=894.618
     Messages:  created: 2   present: 2   in FES: 1

<!> Simulation stopped with endSimulation() -- in module (ScheduledAccessQueue) DectScheduledAccessNetwork.queue (id=2), at t=172.138643217619s, event #153998

Calling finish() at end of Run #1045...

Preparing for running configuration MonetecFocusedSmallR, run #1046...
Scenario: $r=16, $rho=0.245, $repetition=2
Assigned runID=MonetecFocusedSmallR-1046-20260930-07:06:16-58
Setting up network "dect2020scheduledaccess.DectScheduledAccessNetwork"...
Initializing...

Running simulation...
** Event #0   t=0   Elapsed: 2e-06s (0m 00s)
     Speed:     ev/sec=0   simsec/sec=0   ev/simsec=0
     Messages:  created: 2   present: 2   in FES: 2
** Event #153906   t=172.202004844042   Elapsed: 0.011902s (0m 00s)
     Speed:     ev/sec=1.29333e+07   simsec/sec=14470.7   ev/simsec=893.755
     Messages:  created: 2   present: 2   in FES: 1

<!> Simulation stopped with endSimulation() -- in module (ScheduledAccessQueue) DectScheduledAccessNetwork.queue (id=2), at t=172.202004844042s, event #153906

Calling finish() at end of Run #1046...

Preparing for running configuration MonetecFocusedSmallR, run #1047...
Scenario: $r=16, $rho=0.250, $repetition=0
Assigned runID=MonetecFocusedSmallR-1047-20260930-07:06:16-58
Setting up network "dect2020scheduledaccess.DectScheduledAccessNetwork"...
Initializing...

Running simulation...
** Event #0   t=0   Elapsed: 2e-06s (0m 00s)
     Speed:     ev/sec=0   simsec/sec=0   ev/simsec=0
     Messages:  created: 2   present: 2   in FES: 2
** Event #156238   t=172.06721075101   Elapsed: 0.012039s (0m 00s)
     Speed:     ev/sec=1.29798e+07   simsec/sec=14294.8   ev/simsec=908.01
     Messages:  created: 2   present: 2   in FES: 1

<!> Simulation stopped with endSimulation() -- in module (ScheduledAccessQueue) DectScheduledAccessNetwork.queue (id=2), at t=172.06721075101s, event #156238

Calling finish() at end of Run #1047...

Preparing for running configuration MonetecFocusedSmallR, run #1048...
Scenario: $r=16, $rho=0.250, $repetition=1
Assigned runID=MonetecFocusedSmallR-1048-20260930-07:06:16-58
Setting up network "dect2020scheduledaccess.DectScheduledAccessNetwork"...
Initializing...

Running simulation...
** Event #0   t=0   Elapsed: 2e-06s (0m 00s)
     Speed:     ev/sec=0   simsec/sec=0   ev/simsec=0
     Messages:  created: 2   present: 2   in FES: 2
** Event #156157   t=172.166028661676   Elapsed: 0.012053s (0m 00s)
     Speed:     ev/sec=1.2958e+07   simsec/sec=14286.4   ev/simsec=907.014
     Messages:  created: 2   present: 2   in FES: 1

<!> Simulation stopped with endSimulation() -- in module (ScheduledAccessQueue) DectScheduledAccessNetwork.queue (id=2), at t=172.166028661676s, event #156157

Calling finish() at end of Run #1048...

Preparing for running configuration MonetecFocusedSmallR, run #1049...
Scenario: $r=16, $rho=0.250, $repetition=2
Assigned runID=MonetecFocusedSmallR-1049-20260930-07:06:16-58
Setting up network "dect2020scheduledaccess.DectScheduledAccessNetwork"...
Initializing...

Running simulation...
** Event #0   t=0   Elapsed: 2e-06s (0m 00s)
     Speed:     ev/sec=0   simsec/sec=0   ev/simsec=0
     Messages:  created: 2   present: 2   in FES: 2
** Event #156093   t=172.218427080682   Elapsed: 0.012138s (0m 00s)
     Speed:     ev/sec=1.28609e+07   simsec/sec=14189.5   ev/simsec=906.367
     Messages:  created: 2   present: 2   in FES: 1

<!> Simulation stopped with endSimulation() -- in module (ScheduledAccessQueue) DectScheduledAccessNetwork.queue (id=2), at t=172.218427080682s, event #156093

Calling finish() at end of Run #1049...

Preparing for running configuration MonetecFocusedSmallR, run #1050...
Scenario: $r=16, $rho=0.255, $repetition=0
Assigned runID=MonetecFocusedSmallR-1050-20260930-07:06:16-58
Setting up network "dect2020scheduledaccess.DectScheduledAccessNetwork"...
Initializing...

Running simulation...
** Event #0   t=0   Elapsed: 3e-06s (0m 00s)
     Speed:     ev/sec=0   simsec/sec=0   ev/simsec=0
     Messages:  created: 2   present: 2   in FES: 2
** Event #158462   t=172.141288936052   Elapsed: 0.012278s (0m 00s)
     Speed:     ev/sec=1.29093e+07   simsec/sec=14023.6   ev/simsec=920.54
     Messages:  created: 2   present: 2   in FES: 1

<!> Simulation stopped with endSimulation() -- in module (ScheduledAccessQueue) DectScheduledAccessNetwork.queue (id=2), at t=172.141288936052s, event #158462

Calling finish() at end of Run #1050...

Preparing for running configuration MonetecFocusedSmallR, run #1051...
Scenario: $r=16, $rho=0.255, $repetition=1
Assigned runID=MonetecFocusedSmallR-1051-20260930-07:06:16-58
Setting up network "dect2020scheduledaccess.DectScheduledAccessNetwork"...
Initializing...

Running simulation...
** Event #0   t=0   Elapsed: 2e-06s (0m 00s)
     Speed:     ev/sec=0   simsec/sec=0   ev/simsec=0
     Messages:  created: 2   present: 2   in FES: 2
** Event #158036   t=172.101051670168   Elapsed: 0.012231s (0m 00s)
     Speed:     ev/sec=1.2922e+07   simsec/sec=14072   ev/simsec=918.279
     Messages:  created: 2   present: 2   in FES: 1

<!> Simulation stopped with endSimulation() -- in module (ScheduledAccessQueue) DectScheduledAccessNetwork.queue (id=2), at t=172.101051670168s, event #158036

Calling finish() at end of Run #1051...

Preparing for running configuration MonetecFocusedSmallR, run #1052...
Scenario: $r=16, $rho=0.255, $repetition=2
Assigned runID=MonetecFocusedSmallR-1052-20260930-07:06:16-58
Setting up network "dect2020scheduledaccess.DectScheduledAccessNetwork"...
Initializing...

Running simulation...
** Event #0   t=0   Elapsed: 2e-06s (0m 00s)
     Speed:     ev/sec=0   simsec/sec=0   ev/simsec=0
     Messages:  created: 2   present: 2   in FES: 2
** Event #157962   t=172.148080867688   Elapsed: 0.012416s (0m 00s)
     Speed:     ev/sec=1.27245e+07   simsec/sec=13867.2   ev/simsec=917.594
     Messages:  created: 2   present: 2   in FES: 1

<!> Simulation stopped with endSimulation() -- in module (ScheduledAccessQueue) DectScheduledAccessNetwork.queue (id=2), at t=172.148080867688s, event #157962

Calling finish() at end of Run #1052...

Preparing for running configuration MonetecFocusedSmallR, run #1053...
Scenario: $r=16, $rho=0.260, $repetition=0
Assigned runID=MonetecFocusedSmallR-1053-20260930-07:06:16-58
Setting up network "dect2020scheduledaccess.DectScheduledAccessNetwork"...
Initializing...

Running simulation...
** Event #0   t=0   Elapsed: 2e-06s (0m 00s)
     Speed:     ev/sec=0   simsec/sec=0   ev/simsec=0
     Messages:  created: 2   present: 2   in FES: 2
** Event #160360   t=172.079766404709   Elapsed: 0.01235s (0m 00s)
     Speed:     ev/sec=1.29867e+07   simsec/sec=13935.8   ev/simsec=931.896
     Messages:  created: 2   present: 2   in FES: 1

<!> Simulation stopped with endSimulation() -- in module (ScheduledAccessQueue) DectScheduledAccessNetwork.queue (id=2), at t=172.079766404709s, event #160360

Calling finish() at end of Run #1053...

Preparing for running configuration MonetecFocusedSmallR, run #1054...
Scenario: $r=16, $rho=0.260, $repetition=1
Assigned runID=MonetecFocusedSmallR-1054-20260930-07:06:16-58
Setting up network "dect2020scheduledaccess.DectScheduledAccessNetwork"...
Initializing...

Running simulation...
** Event #0   t=0   Elapsed: 3e-06s (0m 00s)
     Speed:     ev/sec=0   simsec/sec=0   ev/simsec=0
     Messages:  created: 2   present: 2   in FES: 2
** Event #160234   t=172.134354184209   Elapsed: 0.012456s (0m 00s)
     Speed:     ev/sec=1.28671e+07   simsec/sec=13822.7   ev/simsec=930.866
     Messages:  created: 2   present: 2   in FES: 1

<!> Simulation stopped with endSimulation() -- in module (ScheduledAccessQueue) DectScheduledAccessNetwork.queue (id=2), at t=172.134354184209s, event #160234

Calling finish() at end of Run #1054...

Preparing for running configuration MonetecFocusedSmallR, run #1055...
Scenario: $r=16, $rho=0.260, $repetition=2
Assigned runID=MonetecFocusedSmallR-1055-20260930-07:06:16-58
Setting up network "dect2020scheduledaccess.DectScheduledAccessNetwork"...
Initializing...

Running simulation...
** Event #0   t=0   Elapsed: 3e-06s (0m 00s)
     Speed:     ev/sec=0   simsec/sec=0   ev/simsec=0
     Messages:  created: 2   present: 2   in FES: 2
** Event #159954   t=172.131856913339   Elapsed: 0.012298s (0m 00s)
     Speed:     ev/sec=1.30097e+07   simsec/sec=14000.1   ev/simsec=929.255
     Messages:  created: 2   present: 2   in FES: 1

<!> Simulation stopped with endSimulation() -- in module (ScheduledAccessQueue) DectScheduledAccessNetwork.queue (id=2), at t=172.131856913339s, event #159954

Calling finish() at end of Run #1055...

Preparing for running configuration MonetecFocusedSmallR, run #1056...
Scenario: $r=16, $rho=0.265, $repetition=0
Assigned runID=MonetecFocusedSmallR-1056-20260930-07:06:16-58
Setting up network "dect2020scheduledaccess.DectScheduledAccessNetwork"...
Initializing...

Running simulation...
** Event #0   t=0   Elapsed: 2e-06s (0m 00s)
     Speed:     ev/sec=0   simsec/sec=0   ev/simsec=0
     Messages:  created: 2   present: 2   in FES: 2
** Event #162212   t=172.013730719998   Elapsed: 0.012457s (0m 00s)
     Speed:     ev/sec=1.30238e+07   simsec/sec=13810.6   ev/simsec=943.029
     Messages:  created: 2   present: 2   in FES: 1

<!> Simulation stopped with endSimulation() -- in module (ScheduledAccessQueue) DectScheduledAccessNetwork.queue (id=2), at t=172.013730719998s, event #162212

Calling finish() at end of Run #1056...

Preparing for running configuration MonetecFocusedSmallR, run #1057...
Scenario: $r=16, $rho=0.265, $repetition=1
Assigned runID=MonetecFocusedSmallR-1057-20260930-07:06:16-58
Setting up network "dect2020scheduledaccess.DectScheduledAccessNetwork"...
Initializing...

Running simulation...
** Event #0   t=0   Elapsed: 2e-06s (0m 00s)
     Speed:     ev/sec=0   simsec/sec=0   ev/simsec=0
     Messages:  created: 2   present: 2   in FES: 2
** Event #162382   t=172.161203874211   Elapsed: 0.012501s (0m 00s)
     Speed:     ev/sec=1.29916e+07   simsec/sec=13774   ev/simsec=943.2
     Messages:  created: 2   present: 2   in FES: 1

<!> Simulation stopped with endSimulation() -- in module (ScheduledAccessQueue) DectScheduledAccessNetwork.queue (id=2), at t=172.161203874211s, event #162382

Calling finish() at end of Run #1057...

Preparing for running configuration MonetecFocusedSmallR, run #1058...
Scenario: $r=16, $rho=0.265, $repetition=2
Assigned runID=MonetecFocusedSmallR-1058-20260930-07:06:16-58
Setting up network "dect2020scheduledaccess.DectScheduledAccessNetwork"...
Initializing...

Running simulation...
** Event #0   t=0   Elapsed: 2e-06s (0m 00s)
     Speed:     ev/sec=0   simsec/sec=0   ev/simsec=0
     Messages:  created: 2   present: 2   in FES: 2
** Event #161998   t=172.115537789777   Elapsed: 0.012475s (0m 00s)
     Speed:     ev/sec=1.29869e+07   simsec/sec=13797.9   ev/simsec=941.217
     Messages:  created: 2   present: 2   in FES: 1

<!> Simulation stopped with endSimulation() -- in module (ScheduledAccessQueue) DectScheduledAccessNetwork.queue (id=2), at t=172.115537789777s, event #161998

Calling finish() at end of Run #1058...

Preparing for running configuration MonetecFocusedSmallR, run #1059...
Scenario: $r=16, $rho=0.270, $repetition=0
Assigned runID=MonetecFocusedSmallR-1059-20260930-07:06:16-58
Setting up network "dect2020scheduledaccess.DectScheduledAccessNetwork"...
Initializing...

Running simulation...
** Event #0   t=0   Elapsed: 2e-06s (0m 00s)
     Speed:     ev/sec=0   simsec/sec=0   ev/simsec=0
     Messages:  created: 2   present: 2   in FES: 2
** Event #164744   t=172.180068330457   Elapsed: 0.012735s (0m 00s)
     Speed:     ev/sec=1.29383e+07   simsec/sec=13522.3   ev/simsec=956.813
     Messages:  created: 2   present: 2   in FES: 1

<!> Simulation stopped with endSimulation() -- in module (ScheduledAccessQueue) DectScheduledAccessNetwork.queue (id=2), at t=172.180068330457s, event #164744

Calling finish() at end of Run #1059...

Preparing for running configuration MonetecFocusedSmallR, run #1060...
Scenario: $r=16, $rho=0.270, $repetition=1
Assigned runID=MonetecFocusedSmallR-1060-20260930-07:06:16-58
Setting up network "dect2020scheduledaccess.DectScheduledAccessNetwork"...
Initializing...

Running simulation...
** Event #0   t=0   Elapsed: 2e-06s (0m 00s)
     Speed:     ev/sec=0   simsec/sec=0   ev/simsec=0
     Messages:  created: 2   present: 2   in FES: 2
** Event #164706   t=172.239445967891   Elapsed: 0.012639s (0m 00s)
     Speed:     ev/sec=1.30347e+07   simsec/sec=13630.7   ev/simsec=956.269
     Messages:  created: 2   present: 2   in FES: 1

<!> Simulation stopped with endSimulation() -- in module (ScheduledAccessQueue) DectScheduledAccessNetwork.queue (id=2), at t=172.239445967891s, event #164706

Calling finish() at end of Run #1060...

Preparing for running configuration MonetecFocusedSmallR, run #1061...
Scenario: $r=16, $rho=0.270, $repetition=2
Assigned runID=MonetecFocusedSmallR-1061-20260930-07:06:16-58
Setting up network "dect2020scheduledaccess.DectScheduledAccessNetwork"...
Initializing...

Running simulation...
** Event #0   t=0   Elapsed: 2e-06s (0m 00s)
     Speed:     ev/sec=0   simsec/sec=0   ev/simsec=0
     Messages:  created: 2   present: 2   in FES: 2
** Event #164329   t=172.185418043444   Elapsed: 0.012801s (0m 00s)
     Speed:     ev/sec=1.28382e+07   simsec/sec=13451.9   ev/simsec=954.375
     Messages:  created: 2   present: 2   in FES: 1

<!> Simulation stopped with endSimulation() -- in module (ScheduledAccessQueue) DectScheduledAccessNetwork.queue (id=2), at t=172.185418043444s, event #164329

Calling finish() at end of Run #1061...

Preparing for running configuration MonetecFocusedSmallR, run #1062...
Scenario: $r=16, $rho=0.275, $repetition=0
Assigned runID=MonetecFocusedSmallR-1062-20260930-07:06:16-58
Setting up network "dect2020scheduledaccess.DectScheduledAccessNetwork"...
Initializing...

Running simulation...
** Event #0   t=0   Elapsed: 3e-06s (0m 00s)
     Speed:     ev/sec=0   simsec/sec=0   ev/simsec=0
     Messages:  created: 2   present: 2   in FES: 2
** Event #166682   t=172.132076250152   Elapsed: 0.012862s (0m 00s)
     Speed:     ev/sec=1.29623e+07   simsec/sec=13386.1   ev/simsec=968.34
     Messages:  created: 2   present: 2   in FES: 1

<!> Simulation stopped with endSimulation() -- in module (ScheduledAccessQueue) DectScheduledAccessNetwork.queue (id=2), at t=172.132076250152s, event #166682

Calling finish() at end of Run #1062...

Preparing for running configuration MonetecFocusedSmallR, run #1063...
Scenario: $r=16, $rho=0.275, $repetition=1
Assigned runID=MonetecFocusedSmallR-1063-20260930-07:06:16-58
Setting up network "dect2020scheduledaccess.DectScheduledAccessNetwork"...
Initializing...

Running simulation...
** Event #0   t=0   Elapsed: 2e-06s (0m 00s)
     Speed:     ev/sec=0   simsec/sec=0   ev/simsec=0
     Messages:  created: 2   present: 2   in FES: 2
** Event #166326   t=172.103789409805   Elapsed: 0.012762s (0m 00s)
     Speed:     ev/sec=1.3035e+07   simsec/sec=13487.7   ev/simsec=966.436
     Messages:  created: 2   present: 2   in FES: 1

<!> Simulation stopped with endSimulation() -- in module (ScheduledAccessQueue) DectScheduledAccessNetwork.queue (id=2), at t=172.103789409805s, event #166326

Calling finish() at end of Run #1063...

Preparing for running configuration MonetecFocusedSmallR, run #1064...
Scenario: $r=16, $rho=0.275, $repetition=2
Assigned runID=MonetecFocusedSmallR-1064-20260930-07:06:16-58
Setting up network "dect2020scheduledaccess.DectScheduledAccessNetwork"...
Initializing...

Running simulation...
** Event #0   t=0   Elapsed: 2e-06s (0m 00s)
     Speed:     ev/sec=0   simsec/sec=0   ev/simsec=0
     Messages:  created: 2   present: 2   in FES: 2
** Event #166408   t=172.21089302776   Elapsed: 0.012747s (0m 00s)
     Speed:     ev/sec=1.30567e+07   simsec/sec=13512   ev/simsec=966.306
     Messages:  created: 2   present: 2   in FES: 1

<!> Simulation stopped with endSimulation() -- in module (ScheduledAccessQueue) DectScheduledAccessNetwork.queue (id=2), at t=172.21089302776s, event #166408

Calling finish() at end of Run #1064...

Preparing for running configuration MonetecFocusedSmallR, run #1065...
Scenario: $r=16, $rho=0.280, $repetition=0
Assigned runID=MonetecFocusedSmallR-1065-20260930-07:06:16-58
Setting up network "dect2020scheduledaccess.DectScheduledAccessNetwork"...
Initializing...

Running simulation...
** Event #0   t=0   Elapsed: 3e-06s (0m 00s)
     Speed:     ev/sec=0   simsec/sec=0   ev/simsec=0
     Messages:  created: 2   present: 2   in FES: 2
** Event #168435   t=172.0297393899   Elapsed: 0.012907s (0m 00s)
     Speed:     ev/sec=1.30529e+07   simsec/sec=13331.5   ev/simsec=979.104
     Messages:  created: 2   present: 2   in FES: 1

<!> Simulation stopped with endSimulation() -- in module (ScheduledAccessQueue) DectScheduledAccessNetwork.queue (id=2), at t=172.0297393899s, event #168435

Calling finish() at end of Run #1065...

Preparing for running configuration MonetecFocusedSmallR, run #1066...
Scenario: $r=16, $rho=0.280, $repetition=1
Assigned runID=MonetecFocusedSmallR-1066-20260930-07:06:16-58
Setting up network "dect2020scheduledaccess.DectScheduledAccessNetwork"...
Initializing...

Running simulation...
** Event #0   t=0   Elapsed: 3e-06s (0m 00s)
     Speed:     ev/sec=0   simsec/sec=0   ev/simsec=0
     Messages:  created: 2   present: 2   in FES: 2
** Event #168657   t=172.168857952972   Elapsed: 0.012911s (0m 00s)
     Speed:     ev/sec=1.30661e+07   simsec/sec=13338.1   ev/simsec=979.605
     Messages:  created: 2   present: 2   in FES: 1

<!> Simulation stopped with endSimulation() -- in module (ScheduledAccessQueue) DectScheduledAccessNetwork.queue (id=2), at t=172.168857952972s, event #168657

Calling finish() at end of Run #1066...

Preparing for running configuration MonetecFocusedSmallR, run #1067...
Scenario: $r=16, $rho=0.280, $repetition=2
Assigned runID=MonetecFocusedSmallR-1067-20260930-07:06:16-58
Setting up network "dect2020scheduledaccess.DectScheduledAccessNetwork"...
Initializing...

Running simulation...
** Event #0   t=0   Elapsed: 3e-06s (0m 00s)
     Speed:     ev/sec=0   simsec/sec=0   ev/simsec=0
     Messages:  created: 2   present: 2   in FES: 2
** Event #168356   t=172.162083839092   Elapsed: 0.013033s (0m 00s)
     Speed:     ev/sec=1.29206e+07   simsec/sec=13212.7   ev/simsec=977.893
     Messages:  created: 2   present: 2   in FES: 1

<!> Simulation stopped with endSimulation() -- in module (ScheduledAccessQueue) DectScheduledAccessNetwork.queue (id=2), at t=172.162083839092s, event #168356

Calling finish() at end of Run #1067...

Preparing for running configuration MonetecFocusedSmallR, run #1068...
Scenario: $r=16, $rho=0.285, $repetition=0
Assigned runID=MonetecFocusedSmallR-1068-20260930-07:06:16-58
Setting up network "dect2020scheduledaccess.DectScheduledAccessNetwork"...
Initializing...

Running simulation...
** Event #0   t=0   Elapsed: 2e-06s (0m 00s)
     Speed:     ev/sec=0   simsec/sec=0   ev/simsec=0
     Messages:  created: 2   present: 2   in FES: 2
** Event #170631   t=172.084525052793   Elapsed: 0.013161s (0m 00s)
     Speed:     ev/sec=1.29669e+07   simsec/sec=13077.3   ev/simsec=991.555
     Messages:  created: 2   present: 2   in FES: 1

<!> Simulation stopped with endSimulation() -- in module (ScheduledAccessQueue) DectScheduledAccessNetwork.queue (id=2), at t=172.084525052793s, event #170631

Calling finish() at end of Run #1068...

Preparing for running configuration MonetecFocusedSmallR, run #1069...
Scenario: $r=16, $rho=0.285, $repetition=1
Assigned runID=MonetecFocusedSmallR-1069-20260930-07:06:16-58
Setting up network "dect2020scheduledaccess.DectScheduledAccessNetwork"...
Initializing...

Running simulation...
** Event #0   t=0   Elapsed: 2e-06s (0m 00s)
     Speed:     ev/sec=0   simsec/sec=0   ev/simsec=0
     Messages:  created: 2   present: 2   in FES: 2
** Event #171069   t=172.268894629326   Elapsed: 0.01325s (0m 00s)
     Speed:     ev/sec=1.29128e+07   simsec/sec=13003.4   ev/simsec=993.035
     Messages:  created: 2   present: 2   in FES: 1

<!> Simulation stopped with endSimulation() -- in module (ScheduledAccessQueue) DectScheduledAccessNetwork.queue (id=2), at t=172.268894629326s, event #171069

Calling finish() at end of Run #1069...

Preparing for running configuration MonetecFocusedSmallR, run #1070...
Scenario: $r=16, $rho=0.285, $repetition=2
Assigned runID=MonetecFocusedSmallR-1070-20260930-07:06:16-58
Setting up network "dect2020scheduledaccess.DectScheduledAccessNetwork"...
Initializing...

Running simulation...
** Event #0   t=0   Elapsed: 3e-06s (0m 00s)
     Speed:     ev/sec=0   simsec/sec=0   ev/simsec=0
     Messages:  created: 2   present: 2   in FES: 2
** Event #170215   t=172.101747002175   Elapsed: 0.013092s (0m 00s)
     Speed:     ev/sec=1.30044e+07   simsec/sec=13148.6   ev/simsec=989.038
     Messages:  created: 2   present: 2   in FES: 1

<!> Simulation stopped with endSimulation() -- in module (ScheduledAccessQueue) DectScheduledAccessNetwork.queue (id=2), at t=172.101747002175s, event #170215

Calling finish() at end of Run #1070...

Preparing for running configuration MonetecFocusedSmallR, run #1071...
Scenario: $r=16, $rho=0.290, $repetition=0
Assigned runID=MonetecFocusedSmallR-1071-20260930-07:06:16-58
Setting up network "dect2020scheduledaccess.DectScheduledAccessNetwork"...
Initializing...

Running simulation...
** Event #0   t=0   Elapsed: 2e-06s (0m 00s)
     Speed:     ev/sec=0   simsec/sec=0   ev/simsec=0
     Messages:  created: 2   present: 2   in FES: 2
** Event #172816   t=172.138741929923   Elapsed: 0.013254s (0m 00s)
     Speed:     ev/sec=1.30407e+07   simsec/sec=12989.6   ev/simsec=1003.94
     Messages:  created: 2   present: 2   in FES: 1

<!> Simulation stopped with endSimulation() -- in module (ScheduledAccessQueue) DectScheduledAccessNetwork.queue (id=2), at t=172.138741929923s, event #172816

Calling finish() at end of Run #1071...

Preparing for running configuration MonetecFocusedSmallR, run #1072...
Scenario: $r=16, $rho=0.290, $repetition=1
Assigned runID=MonetecFocusedSmallR-1072-20260930-07:06:16-58
Setting up network "dect2020scheduledaccess.DectScheduledAccessNetwork"...
Initializing...

Running simulation...
** Event #0   t=0   Elapsed: 3e-06s (0m 00s)
     Speed:     ev/sec=0   simsec/sec=0   ev/simsec=0
     Messages:  created: 2   present: 2   in FES: 2
** Event #172661   t=172.130504236156   Elapsed: 0.013352s (0m 00s)
     Speed:     ev/sec=1.29344e+07   simsec/sec=12894.6   ev/simsec=1003.08
     Messages:  created: 2   present: 2   in FES: 1

<!> Simulation stopped with endSimulation() -- in module (ScheduledAccessQueue) DectScheduledAccessNetwork.queue (id=2), at t=172.130504236156s, event #172661

Calling finish() at end of Run #1072...

Preparing for running configuration MonetecFocusedSmallR, run #1073...
Scenario: $r=16, $rho=0.290, $repetition=2
Assigned runID=MonetecFocusedSmallR-1073-20260930-07:06:16-58
Setting up network "dect2020scheduledaccess.DectScheduledAccessNetwork"...
Initializing...

Running simulation...
** Event #0   t=0   Elapsed: 3e-06s (0m 00s)
     Speed:     ev/sec=0   simsec/sec=0   ev/simsec=0
     Messages:  created: 2   present: 2   in FES: 2
** Event #172366   t=172.141130692312   Elapsed: 0.013224s (0m 00s)
     Speed:     ev/sec=1.30373e+07   simsec/sec=13020.3   ev/simsec=1001.31
     Messages:  created: 2   present: 2   in FES: 1

<!> Simulation stopped with endSimulation() -- in module (ScheduledAccessQueue) DectScheduledAccessNetwork.queue (id=2), at t=172.141130692312s, event #172366

Calling finish() at end of Run #1073...

Preparing for running configuration MonetecFocusedSmallR, run #1074...
Scenario: $r=16, $rho=0.295, $repetition=0
Assigned runID=MonetecFocusedSmallR-1074-20260930-07:06:16-58
Setting up network "dect2020scheduledaccess.DectScheduledAccessNetwork"...
Initializing...

Running simulation...
** Event #0   t=0   Elapsed: 2e-06s (0m 00s)
     Speed:     ev/sec=0   simsec/sec=0   ev/simsec=0
     Messages:  created: 2   present: 2   in FES: 2
** Event #174555   t=172.018905023663   Elapsed: 0.013401s (0m 00s)
     Speed:     ev/sec=1.30275e+07   simsec/sec=12838.2   ev/simsec=1014.75
     Messages:  created: 2   present: 2   in FES: 1

<!> Simulation stopped with endSimulation() -- in module (ScheduledAccessQueue) DectScheduledAccessNetwork.queue (id=2), at t=172.018905023663s, event #174555

Calling finish() at end of Run #1074...

Preparing for running configuration MonetecFocusedSmallR, run #1075...
Scenario: $r=16, $rho=0.295, $repetition=1
Assigned runID=MonetecFocusedSmallR-1075-20260930-07:06:16-58
Setting up network "dect2020scheduledaccess.DectScheduledAccessNetwork"...
Initializing...

Running simulation...
** Event #0   t=0   Elapsed: 1.2e-05s (0m 00s)
     Speed:     ev/sec=0   simsec/sec=0   ev/simsec=0
     Messages:  created: 2   present: 2   in FES: 2
** Event #175131   t=172.234986146437   Elapsed: 0.013374s (0m 00s)
     Speed:     ev/sec=1.31057e+07   simsec/sec=12888.9   ev/simsec=1016.81
     Messages:  created: 2   present: 2   in FES: 1

<!> Simulation stopped with endSimulation() -- in module (ScheduledAccessQueue) DectScheduledAccessNetwork.queue (id=2), at t=172.234986146437s, event #175131

Calling finish() at end of Run #1075...

Preparing for running configuration MonetecFocusedSmallR, run #1076...
Scenario: $r=16, $rho=0.295, $repetition=2
Assigned runID=MonetecFocusedSmallR-1076-20260930-07:06:16-58
Setting up network "dect2020scheduledaccess.DectScheduledAccessNetwork"...
Initializing...

Running simulation...
** Event #0   t=0   Elapsed: 1.5e-05s (0m 00s)
     Speed:     ev/sec=0   simsec/sec=0   ev/simsec=0
     Messages:  created: 2   present: 2   in FES: 2
** Event #174388   t=172.092983367834   Elapsed: 0.013476s (0m 00s)
     Speed:     ev/sec=1.29551e+07   simsec/sec=12784.5   ev/simsec=1013.34
     Messages:  created: 2   present: 2   in FES: 1

<!> Simulation stopped with endSimulation() -- in module (ScheduledAccessQueue) DectScheduledAccessNetwork.queue (id=2), at t=172.092983367834s, event #174388

Calling finish() at end of Run #1076...

Preparing for running configuration MonetecFocusedSmallR, run #1077...
Scenario: $r=16, $rho=0.300, $repetition=0
Assigned runID=MonetecFocusedSmallR-1077-20260930-07:06:16-58
Setting up network "dect2020scheduledaccess.DectScheduledAccessNetwork"...
Initializing...

Running simulation...
** Event #0   t=0   Elapsed: 1.7e-05s (0m 00s)
     Speed:     ev/sec=0   simsec/sec=0   ev/simsec=0
     Messages:  created: 2   present: 2   in FES: 2
** Event #176827   t=172.067568966254   Elapsed: 0.013728s (0m 00s)
     Speed:     ev/sec=1.28967e+07   simsec/sec=12549.6   ev/simsec=1027.66
     Messages:  created: 2   present: 2   in FES: 1

<!> Simulation stopped with endSimulation() -- in module (ScheduledAccessQueue) DectScheduledAccessNetwork.queue (id=2), at t=172.067568966254s, event #176827

Calling finish() at end of Run #1077...

Preparing for running configuration MonetecFocusedSmallR, run #1078...
Scenario: $r=16, $rho=0.300, $repetition=1
Assigned runID=MonetecFocusedSmallR-1078-20260930-07:06:16-58
Setting up network "dect2020scheduledaccess.DectScheduledAccessNetwork"...
Initializing...

Running simulation...
** Event #0   t=0   Elapsed: 1.7e-05s (0m 00s)
     Speed:     ev/sec=0   simsec/sec=0   ev/simsec=0
     Messages:  created: 2   present: 2   in FES: 2
** Event #177327   t=172.258941379219   Elapsed: 0.013637s (0m 00s)
     Speed:     ev/sec=1.30196e+07   simsec/sec=12647.5   ev/simsec=1029.42
     Messages:  created: 2   present: 2   in FES: 1

<!> Simulation stopped with endSimulation() -- in module (ScheduledAccessQueue) DectScheduledAccessNetwork.queue (id=2), at t=172.258941379219s, event #177327

Calling finish() at end of Run #1078...

Preparing for running configuration MonetecFocusedSmallR, run #1079...
Scenario: $r=16, $rho=0.300, $repetition=2
Assigned runID=MonetecFocusedSmallR-1079-20260930-07:06:16-58
Setting up network "dect2020scheduledaccess.DectScheduledAccessNetwork"...
Initializing...

Running simulation...
** Event #0   t=0   Elapsed: 1.2e-05s (0m 00s)
     Speed:     ev/sec=0   simsec/sec=0   ev/simsec=0
     Messages:  created: 2   present: 2   in FES: 2
** Event #176962   t=172.243795489562   Elapsed: 0.01361s (0m 00s)
     Speed:     ev/sec=1.30138e+07   simsec/sec=12666.8   ev/simsec=1027.4
     Messages:  created: 2   present: 2   in FES: 1

<!> Simulation stopped with endSimulation() -- in module (ScheduledAccessQueue) DectScheduledAccessNetwork.queue (id=2), at t=172.243795489562s, event #176962

Calling finish() at end of Run #1079...

Run statistics: total 1080, successful 1080

End.
