k,seed,fold,feature_count,features,V_pos,V_sign,V_margin,V_eq,V_var,V_w,active_count,slack_sum,slack_max,train_min_live_enri,validation_min_enri,imputed_selected_cells,max_selected_missing,imputer_n_iter,solver_used
3,0,1,3,OFT_distance|Time_inCenter_OFT|Grip,0.0,0.2,0.062440711174297614,0.13575893988882706,0.009483999167806262,0.0913524752933165,3,0.44528906894814635,0.1298729437944734,0.7338135051200636,0.6783503194839631,2,2,2,OSQP
3,0,2,3,OFT_distance|Time_inCenter_OFT|Grip,0.0,0.2,0.02534719748597284,0.11164819494514117,0.006843127431017171,0.13559605791307966,3,0.48945166112492877,0.1769561621140878,0.6327512398949984,0.7224279346760282,2,2,2,OSQP
3,1,1,3,OFT_distance|Time_inCenter_OFT|Grip,0.0,0.5,0.15853983541289784,0.18378919383996065,0.0005960698869297214,0.034434146714377535,3,0.22163534370982052,0.12112282324789672,0.8623054624000979,0.8951000762583424,2,2,2,OSQP
3,1,2,3,OFT_distance|Time_inCenter_OFT|Grip,0.0,0.2,0.03810137017764286,0.18958738608307776,0.014715370962185394,0.13421286955390363,3,0.3819154689411193,0.12175805554069534,0.567881886915832,0.5785602277188546,2,2,2,OSQP
3,1,3,3,OFT_distance|Time_inCenter_OFT|Grip,0.0,0.2,0.046672183327895196,0.16656449116666008,0.01593557303389521,0.13045251966875537,3,0.33183676589162076,0.07864412161310366,0.6139230957191029,0.5977885585822325,2,2,1,OSQP
3,2,3,3,OFT_distance|Time_inCenter_OFT|Grip,0.0,0.1,0.02096437812124439,0.06412462263364505,0.006048424969059386,0.10329404554164712,3,0.4563735567577364,0.2294789007573021,0.6775561950374809,0.7392905026759122,2,2,1,OSQP
3,3,1,3,OFT_distance|Time_inCenter_OFT|Grip,0.0,0.1,0.010795159950044765,0.0994049687141791,0.018709434663434044,0.18351697937434058,3,0.4977080003002742,0.1502139460582365,0.408072748972633,0.4269243255145261,2,2,1,OSQP
3,3,2,3,OFT_distance|Time_inCenter_OFT|Grip,0.0,0.5,0.08758851012018741,0.1496975019830791,0.006246169170736296,0.09609807299151028,3,0.16539646621660528,0.09392072985134503,0.7087784129371855,0.6159495724389679,2,2,2,OSQP
3,3,3,3,OFT_distance|Time_inCenter_OFT|Grip,0.0,0.5,0.11241399746442085,0.06920868841843254,0.004898266972761745,0.07909394862416423,3,0.12116599751828934,0.08919221764325513,0.7599717702330812,0.7456160410345929,2,2,2,OSQP
3,5,1,3,OFT_distance|Time_inCenter_OFT|Grip,0.0,0.1,0.020894100472353586,0.21145859106359619,0.020831169310742918,0.20970627185887833,3,0.40176559037120535,0.11379736027234034,0.38500931232359636,0.5324829870149734,2,2,2,OSQP
3,5,2,3,OFT_distance|Time_inCenter_OFT|Grip,0.0,0.1,0.04777972359207207,0.051196855309056384,0.0024697917312905024,0.06574929237375164,3,0.28302791139704864,0.13811275241246945,0.7882965293885407,0.7952234875928567,2,2,3,OSQP
3,5,3,3,OFT_distance|Time_inCenter_OFT|Grip,0.0,0.4,0.18092486963180465,0.1931511125789848,0.00060196155777918,0.025194189741027703,3,0.1335284008406331,0.09564297139332936,0.8705957804742885,0.8846689240346373,2,2,1,OSQP
3,6,1,3,OFT_distance|Time_inCenter_OFT|Grip,0.0,0.2,0.06285712661442053,0.10266912935093851,0.004089523018195915,0.07188161919494708,3,0.3969852522245151,0.11840525891878995,0.7809437989754373,0.7758026323957546,2,2,2,OSQP
3,6,2,3,OFT_distance|Time_inCenter_OFT|Grip,0.0,0.6,0.10658104275025534,0.14375247153960657,0.0030226376316757533,0.056894108551561615,3,0.1999227726882054,0.10174741445310007,0.8091704874630711,0.8188517194753748,2,2,1,OSQP
3,6,3,3,OFT_distance|Time_inCenter_OFT|Grip,0.0,0.1,0.025423980189127626,0.11935182934056834,0.00976485530216735,0.13601409263949377,3,0.46344260466975545,0.2031730294555451,0.6141489194157063,0.7131039625955491,2,2,1,OSQP
3,7,1,3,OFT_distance|Time_inCenter_OFT|Grip,0.0,0.1,0.03601839010371071,0.2033465785162353,0.00903607814367202,0.10442076574359005,3,0.3710251620159925,0.1515566694495927,0.6702317587268724,0.7049121758819985,2,2,2,OSQP
3,7,2,3,OFT_distance|Time_inCenter_OFT|Grip,0.0,0.5,0.11303336443152157,0.045046824525778385,0.003360186050735344,0.07408566752151738,3,0.016157094770354402,0.01615708843153129,0.7656337390023165,0.8194457214928731,2,2,1,OSQP
3,8,1,3,OFT_distance|Time_inCenter_OFT|Grip,0.0,0.2,0.05693281202522291,0.09555070254500113,0.008842623153262764,0.09044658241623012,3,0.319119917190479,0.15877200231112074,0.6954315836876384,0.682943388034488,2,2,1,OSQP
3,8,2,3,OFT_distance|Time_inCenter_OFT|Grip,0.0,0.0,0.005703027033101829,0.0689312612476596,0.02004769492924257,0.1894304694233784,3,0.48516655419654675,0.18556716786297045,0.4583854652864696,0.5309929598817245,2,2,2,OSQP
3,8,3,3,OFT_distance|Time_inCenter_OFT|Grip,0.0,0.4,0.15231546651237404,0.08909856364802583,0.0014174501882477902,0.06706416997551534,3,0.08466239683401894,0.08435520495960572,0.7951435274731183,0.7893282719917625,2,2,2,OSQP
3,9,1,3,OFT_distance|Time_inCenter_OFT|Grip,0.0,0.2,0.08971655850827884,0.07357637022475966,0.0017254115197713794,0.0532889368040565,3,0.2494841719933613,0.10172969538741006,0.8191488206969367,0.8148171092025387,2,2,1,OSQP
3,9,3,3,OFT_distance|Time_inCenter_OFT|Grip,0.0,0.5,0.2047167015449372,0.1719489041848228,0.001541273887324555,0.05444013434587712,3,1.7524551775004564e-09,1.751788526680629e-09,0.8278626076824753,0.8377779306938176,2,2,2,OSQP
4,0,1,4,OFT_distance|Time_inCenter_OFT|Latency_to_first_investigation_Stakan_zone_NOR2|Grip,0.0,0.2,0.06292123054200206,0.13484366470150178,0.010088565330047502,0.09212162686144752,4,0.44356947240813777,0.1359650399293909,0.7264269764194788,0.6787380525104957,4,2,3,OSQP
4,0,2,4,OFT_distance|Time_inCenter_OFT|Latency_to_first_investigation_Stakan_zone_NOR2|Grip,0.0,0.2,0.02531583122366841,0.14372660722972613,0.00811686716729053,0.11973198910945293,4,0.49119050187269764,0.1756578234557578,0.665358291784327,0.7749487901862674,4,2,1,OSQP
4,1,1,4,OFT_distance|Time_inCenter_OFT|Latency_to_first_investigation_Stakan_zone_NOR2|Grip,0.0,0.5,0.15709113994150065,0.1802415508654992,0.0004948781734904075,0.03002512708848688,4,0.2207070106104617,0.12090977092123088,0.8822653973971086,0.913553677100029,4,2,2,OSQP
4,1,2,4,OFT_distance|Time_inCenter_OFT|Latency_to_first_investigation_Stakan_zone_NOR2|Grip,0.0,0.2,0.04120637687367655,0.18983487968313098,0.015352636488265445,0.13409081758881097,4,0.37460872667902934,0.1290929879366878,0.5677470645465889,0.5728955201740611,4,2,2,OSQP
4,1,3,4,OFT_distance|Time_inCenter_OFT|Latency_to_first_investigation_Stakan_zone_NOR2|Grip,0.0,0.2,0.04339832812734432,0.18125440783713256,0.0162088201779365,0.12894350125927848,4,0.32887876708445185,0.08653553931041988,0.6124963940447185,0.6128170576070515,4,2,1,OSQP
4,2,3,4,OFT_distance|Time_inCenter_OFT|Latency_to_first_investigation_Stakan_zone_NOR2|Grip,0.0,0.1,0.023560222184478476,0.06816283879086257,0.004397696349962588,0.08515278059149974,4,0.47097241828836944,0.23827099857830022,0.7337004373607805,0.8074963250217443,4,2,2,OSQP
4,3,1,4,OFT_distance|Time_inCenter_OFT|Latency_to_first_investigation_Stakan_zone_NOR2|Grip,0.0,0.1,0.010606347329969353,0.08312617270890463,0.0202862898445138,0.15418186296023514,4,0.510837643133017,0.14764784991487054,0.5228142227474033,0.5123971414923894,4,2,1,OSQP
4,3,2,4,OFT_distance|Time_inCenter_OFT|Latency_to_first_investigation_Stakan_zone_NOR2|Grip,0.0,0.5,0.08651897325577637,0.14642253866697066,0.005508729779488291,0.08944312401304115,4,0.16732724709051416,0.09227253528129628,0.7386069485888347,0.6493068525289465,4,2,2,OSQP
4,3,3,4,OFT_distance|Time_inCenter_OFT|Latency_to_first_investigation_Stakan_zone_NOR2|Grip,0.0,0.5,0.10848625683698054,0.06573678122389717,0.0050064973665522325,0.0833818166200564,4,0.11340880017253545,0.09480491805224187,0.7514774240442031,0.7401556818259523,4,2,2,OSQP
4,5,1,4,OFT_distance|Time_inCenter_OFT|Latency_to_first_investigation_Stakan_zone_NOR2|Grip,0.0,0.1,0.030054891234300874,0.18090662414883163,0.032058152228170045,0.20418453279616483,4,0.3286205103101108,0.10075121542323728,0.39593553368442025,0.5710006004342725,4,2,1,OSQP
4,5,2,4,OFT_distance|Time_inCenter_OFT|Latency_to_first_investigation_Stakan_zone_NOR2|Grip,0.0,0.4,0.06121660045074501,0.04152587965252496,0.004114591158817548,0.04999507688270748,4,0.2330833057683786,0.11081515859289885,0.8907192638310526,0.8859276801427205,4,2,3,OSQP
4,5,3,4,OFT_distance|Time_inCenter_OFT|Latency_to_first_investigation_Stakan_zone_NOR2|Grip,0.0,0.4,0.18274661631357422,0.22242031708446297,0.0020059452731487587,0.0494953380005043,4,0.07929446976388536,0.06315429146394741,0.8074498213330514,0.8108654376768649,4,2,2,OSQP
4,6,1,4,OFT_distance|Time_inCenter_OFT|Latency_to_first_investigation_Stakan_zone_NOR2|Grip,0.0,0.2,0.06843816919703413,0.08799879449514057,0.009468182960246903,0.08983593836491009,4,0.3018059585816227,0.12537541840896627,0.7574983862098983,0.7763606257138131,4,2,2,OSQP
4,6,2,4,OFT_distance|Time_inCenter_OFT|Latency_to_first_investigation_Stakan_zone_NOR2|Grip,0.0,0.6,0.10657458027396378,0.14560118834690589,0.003444912433356736,0.06050934770870537,4,0.19589406215594787,0.09920012907028573,0.7982224846064951,0.7974631493703934,4,2,2,OSQP
4,6,3,4,OFT_distance|Time_inCenter_OFT|Latency_to_first_investigation_Stakan_zone_NOR2|Grip,0.0,0.1,0.025066656683366197,0.13020868622864404,0.008219277183288833,0.12303015851097958,4,0.4814771193282007,0.20760438851349233,0.643362522017255,0.7546820834141126,4,2,1,OSQP
4,7,1,4,OFT_distance|Time_inCenter_OFT|Latency_to_first_investigation_Stakan_zone_NOR2|Grip,0.0,0.1,0.036524603699598056,0.20275994468741745,0.009128162377521643,0.10175343519958437,4,0.3707973868198607,0.15265687066513134,0.6904258611460383,0.715335226874074,4,2,2,OSQP
4,7,2,4,OFT_distance|Time_inCenter_OFT|Latency_to_first_investigation_Stakan_zone_NOR2|Grip,0.0,0.5,0.11296636298023499,0.04262270997381576,0.002917457903849225,0.062467028985014834,4,0.020974798948322774,0.020974792818129397,0.7882893586055613,0.8436749450508454,4,2,2,OSQP
4,8,1,4,OFT_distance|Time_inCenter_OFT|Latency_to_first_investigation_Stakan_zone_NOR2|Grip,0.0,0.2,0.061672968323901775,0.10061049414465609,0.011593422388569441,0.10477880333111109,4,0.28248516357775705,0.14235935301033903,0.642566367689102,0.6564934245611616,4,2,1,OSQP
4,8,2,4,OFT_distance|Time_inCenter_OFT|Latency_to_first_investigation_Stakan_zone_NOR2|Grip,0.0,0.0,0.008003606952286177,0.0504179137817134,0.015752251338187705,0.16468011157757817,4,0.51909841085235,0.16194610500564238,0.5456218676666424,0.5916351523799783,4,2,2,OSQP
4,8,3,4,OFT_distance|Time_inCenter_OFT|Latency_to_first_investigation_Stakan_zone_NOR2|Grip,0.0,0.5,0.15909449479619556,0.0673075579733006,0.004860178131480739,0.07133530207378978,4,0.04539161614328852,0.04539161285139424,0.78078020751416,0.705577960486323,4,2,2,OSQP
4,9,1,4,OFT_distance|Time_inCenter_OFT|Latency_to_first_investigation_Stakan_zone_NOR2|Grip,0.0,0.2,0.08953585553456904,0.0736079174809452,0.0016894231341399886,0.05337099212349087,4,0.24928797294120789,0.10184629865693268,0.8193535650097759,0.8150463214052965,4,2,2,OSQP
4,9,3,4,OFT_distance|Time_inCenter_OFT|Latency_to_first_investigation_Stakan_zone_NOR2|Grip,0.0,0.5,0.20494766870257558,0.17314089885871434,0.0015833903302127628,0.053402361519003384,4,8.488939073597906e-09,5.153320809003733e-09,0.8170519779022554,0.8402727064653731,4,2,2,OSQP
5,0,1,5,OFT_distance|Time_inCenter_OFT|Average_speed_NOR1|Latency_to_first_investigation_Stakan_zone_NOR2|Grip,0.0,0.2,0.06705622829307194,0.13510006671640098,0.010232268780454452,0.09132979360663024,5,0.445264631247309,0.13641981027580313,0.7281013332144457,0.6824762306497651,4,2,1,OSQP
5,0,2,5,OFT_distance|Time_inCenter_OFT|Average_speed_NOR1|Latency_to_first_investigation_Stakan_zone_NOR2|Grip,0.0,0.2,0.025280848922503475,0.1505222165632579,0.007823309815327159,0.11832758477007625,5,0.49286274992878437,0.17597420199654856,0.668245501177851,0.7786812835814066,4,2,1,OSQP
5,1,1,5,OFT_distance|Time_inCenter_OFT|Average_speed_NOR1|Latency_to_first_investigation_Stakan_zone_NOR2|Grip,0.0,0.5,0.15705049534593812,0.18013885317884826,0.0004967455506918343,0.0300522470042254,4,0.22064863489000439,0.12088768305406818,0.8822467595785377,0.9135947384734658,4,2,1,OSQP
5,1,2,5,OFT_distance|Time_inCenter_OFT|Average_speed_NOR1|Latency_to_first_investigation_Stakan_zone_NOR2|Grip,0.0,0.2,0.04113166633228536,0.18945786463486786,0.015167449743637228,0.13366314578146604,5,0.3776707458654954,0.12893260845215992,0.5690916455371698,0.5744012252960651,4,2,1,OSQP
5,1,3,5,OFT_distance|Time_inCenter_OFT|Average_speed_NOR1|Latency_to_first_investigation_Stakan_zone_NOR2|Grip,0.0,0.3,1.713357667587509,7.624402993265781,55.13253794744568,0.13046604170525744,5,0.3331392298985541,0.08318110869183323,0.617810475359643,0.6026877999455429,4,2,2,OSQP
5,2,3,5,OFT_distance|Time_inCenter_OFT|Average_speed_NOR1|Latency_to_first_investigation_Stakan_zone_NOR2|Grip,0.0,0.1,0.023813896197877448,0.07075492760393017,0.004257694372454676,0.08385722527739804,5,0.47267355745437223,0.23896344235744393,0.73823939374319,0.8119694920621996,4,2,1,OSQP
5,3,1,5,OFT_distance|Time_inCenter_OFT|Average_speed_NOR1|Latency_to_first_investigation_Stakan_zone_NOR2|Grip,0.0,0.1,0.01066235235917381,0.08370070097651638,0.02014923812319382,0.1536187869825639,5,0.5118804278996446,0.14780617602795312,0.525932955503708,0.5152280696727192,4,2,1,OSQP
5,3,2,5,OFT_distance|Time_inCenter_OFT|Average_speed_NOR1|Latency_to_first_investigation_Stakan_zone_NOR2|Grip,0.0,0.5,0.0870604613333369,0.1570171918402596,0.005925057939269836,0.08833402008118059,5,0.16845748117777165,0.09312945129936905,0.7406938331705367,0.6505460219405722,4,2,1,OSQP
5,3,3,5,OFT_distance|Time_inCenter_OFT|Average_speed_NOR1|Latency_to_first_investigation_Stakan_zone_NOR2|Grip,0.0,0.5,0.1082752236342291,0.06557247307260916,0.005176093596718215,0.08565279973261092,5,0.11208233263687778,0.09605540182712924,0.7442182872412705,0.734381488191283,4,2,1,OSQP
5,5,1,5,OFT_distance|Time_inCenter_OFT|Average_speed_NOR1|Latency_to_first_investigation_Stakan_zone_NOR2|Grip,0.0,0.1,0.03050096356503116,0.17749400140624702,0.032659972430663826,0.20218669912291978,5,0.3322564179285057,0.10220357651946888,0.40249844990129646,0.5705402068116161,4,2,1,OSQP
5,5,2,5,OFT_distance|Time_inCenter_OFT|Average_speed_NOR1|Latency_to_first_investigation_Stakan_zone_NOR2|Grip,0.0,0.4,0.06158244332804238,0.035152260060729225,0.005561712093869423,0.04952157806850824,5,0.23426409501382467,0.11122408868232544,0.8911528051685473,0.8872653432806696,4,2,1,OSQP
5,5,3,5,OFT_distance|Time_inCenter_OFT|Average_speed_NOR1|Latency_to_first_investigation_Stakan_zone_NOR2|Grip,0.0,0.4,0.182860727205906,0.22627334338153757,0.001894865422617539,0.04939735402945676,5,0.08069983167599197,0.06331605975943805,0.8041748994300177,0.8125117468048738,4,2,1,OSQP
5,6,1,5,OFT_distance|Time_inCenter_OFT|Average_speed_NOR1|Latency_to_first_investigation_Stakan_zone_NOR2|Grip,0.0,0.2,0.0686797040397106,0.08683714153135591,0.009866483324795033,0.09148427432709579,4,0.2934593122293832,0.12460422334356658,0.7566054883792327,0.7764617847449601,4,2,1,OSQP
5,6,2,5,OFT_distance|Time_inCenter_OFT|Average_speed_NOR1|Latency_to_first_investigation_Stakan_zone_NOR2|Grip,0.0,0.6,0.10657083367347782,0.14564496760713733,0.0034591757016948616,0.06065619503574557,5,0.19584606027851542,0.09915937892339753,0.7977889622480672,0.7967294808173031,4,2,1,OSQP
5,6,3,5,OFT_distance|Time_inCenter_OFT|Average_speed_NOR1|Latency_to_first_investigation_Stakan_zone_NOR2|Grip,0.0,0.1,0.0259690160408944,0.1357884058896856,0.00790698153581005,0.12126296721813047,5,0.48421284125093755,0.20834422011664938,0.647288548241874,0.7616906079160847,4,2,1,OSQP
5,7,1,5,OFT_distance|Time_inCenter_OFT|Average_speed_NOR1|Latency_to_first_investigation_Stakan_zone_NOR2|Grip,0.0,0.1,0.03656402356373004,0.20272486751935248,0.009137406483727333,0.10184560053680206,4,0.37115953641280797,0.15280672411406349,0.6899707436393097,0.715494607985191,4,2,1,OSQP
5,7,2,5,OFT_distance|Time_inCenter_OFT|Average_speed_NOR1|Latency_to_first_investigation_Stakan_zone_NOR2|Grip,0.0,0.5,0.11320273133469785,0.04495277127552319,0.005085778669624032,0.06272919738372734,5,0.02068204246217484,0.02068203746198763,0.7876393518315021,0.8434377930282676,4,2,1,OSQP
5,8,1,5,OFT_distance|Time_inCenter_OFT|Average_speed_NOR1|Latency_to_first_investigation_Stakan_zone_NOR2|Grip,0.0,0.2,0.06198152501679227,0.10111220900605912,0.01187384513679343,0.1059636479095467,5,0.2806779943142213,0.14153017357257439,0.639754725346211,0.6536344485746065,4,2,1,OSQP
5,8,2,5,OFT_distance|Time_inCenter_OFT|Average_speed_NOR1|Latency_to_first_investigation_Stakan_zone_NOR2|Grip,0.0,0.0,0.008088491688580762,0.047737198569327594,0.015783424089306528,0.16470656320044355,5,0.5202663499423722,0.16159044468600775,0.5438413493643306,0.5899249187043821,4,2,1,OSQP
5,8,3,5,OFT_distance|Time_inCenter_OFT|Average_speed_NOR1|Latency_to_first_investigation_Stakan_zone_NOR2|Grip,0.0,0.6,0.16551248447542172,0.08563786428278455,0.005642797907712036,0.07174958028390062,5,0.04505404189328899,0.045054038374663555,0.7808165614372794,0.7055699670843889,4,2,1,OSQP
5,9,1,5,OFT_distance|Time_inCenter_OFT|Average_speed_NOR1|Latency_to_first_investigation_Stakan_zone_NOR2|Grip,0.0,0.2,0.08920726315260016,0.07025138908891408,0.0016833801731916441,0.0536129193555625,5,0.24884670784342483,0.10193608613333752,0.8192565338797738,0.8149565942109707,4,2,1,OSQP
5,9,3,5,OFT_distance|Time_inCenter_OFT|Average_speed_NOR1|Latency_to_first_investigation_Stakan_zone_NOR2|Grip,0.0,0.5,0.20477100047692262,0.17519010573605895,0.0016059287106692996,0.05340690619479703,5,1.960111440443636e-09,1.8350272865580369e-09,0.8163790474456518,0.84064126237786,4,2,1,OSQP
6,0,1,6,OFT_distance|Time_inCenter_OFT|Average_speed_NOR1|Latency_to_first_investigation_Stakan_zone_NOR2|rear_support|Grip,0.0,0.2,0.0602372270214707,0.19061838081943125,0.028861758120838063,0.18186819885195085,6,0.208194857361105,0.09286547350924729,0.5706300613994681,0.43864873434368334,4,2,1,OSQP
6,0,2,6,OFT_distance|Time_inCenter_OFT|Average_speed_NOR1|Latency_to_first_investigation_Stakan_zone_NOR2|rear_support|Grip,0.0,0.1,0.023242065992831386,0.13434604515348536,0.013965640787694774,0.1704958379438624,6,0.2873802341675424,0.16333838037673215,0.5756191160846407,0.7932898178402352,4,2,1,OSQP
6,1,1,6,OFT_distance|Time_inCenter_OFT|Average_speed_NOR1|Latency_to_first_investigation_Stakan_zone_NOR2|rear_support|Grip,0.0,0.3,0.15248366687474485,0.18596741163986724,0.001198528325575914,0.04974623862379988,5,0.19785467589338024,0.11602717837235119,0.8687463249160435,0.8873508277348616,4,2,1,OSQP
6,1,2,6,OFT_distance|Time_inCenter_OFT|Average_speed_NOR1|Latency_to_first_investigation_Stakan_zone_NOR2|rear_support|Grip,0.0,0.2,0.031935525911565385,0.18299344400817844,0.02095177883227926,0.1544497643492165,6,0.30305018252114435,0.09834065320168756,0.5851512467837552,0.49281326776900136,4,2,1,OSQP
6,1,3,6,OFT_distance|Time_inCenter_OFT|Average_speed_NOR1|Latency_to_first_investigation_Stakan_zone_NOR2|rear_support|Grip,0.06,0.2,0.04189273216878352,164.9858737215153,26666.156043102335,0.19883507438127465,6,0.13805670170603054,0.06402245989547542,0.39467574643562386,-1317.6083211640807,4,2,2,OSQP
6,2,3,6,OFT_distance|Time_inCenter_OFT|Average_speed_NOR1|Latency_to_first_investigation_Stakan_zone_NOR2|rear_support|Grip,0.0,0.1,0.0168072175113537,0.06904036648547424,0.0034716661893180304,0.09525343038920224,6,0.45477119794301657,0.24182446176099112,0.6878617451837655,0.7994926445970244,4,2,1,OSQP
6,3,1,6,OFT_distance|Time_inCenter_OFT|Average_speed_NOR1|Latency_to_first_investigation_Stakan_zone_NOR2|rear_support|Grip,0.0,0.0,0.008742347211549071,0.055696590252089465,0.01976723355504184,0.1657911309898081,6,0.45973645818004144,0.16976083270646727,0.5138736541406791,0.4623114012165035,4,2,1,OSQP
6,3,2,6,OFT_distance|Time_inCenter_OFT|Average_speed_NOR1|Latency_to_first_investigation_Stakan_zone_NOR2|rear_support|Grip,0.0,0.3,0.074996895662204,0.1331754171686136,0.005398832150954782,0.08824802524498193,6,0.16593723503783872,0.10009526175822481,0.7512554734921769,0.7099282833268683,4,2,1,OSQP
6,3,3,6,OFT_distance|Time_inCenter_OFT|Average_speed_NOR1|Latency_to_first_investigation_Stakan_zone_NOR2|rear_support|Grip,0.0,0.5,0.10722723102188587,0.05363989236420492,0.004535084370062436,0.09561730477484345,6,0.09373730609978535,0.09368275474216037,0.6600700434270104,0.7089474405009809,4,2,1,OSQP
6,5,1,6,OFT_distance|Time_inCenter_OFT|Average_speed_NOR1|Latency_to_first_investigation_Stakan_zone_NOR2|rear_support|Grip,0.0,0.1,0.023800400899236344,0.12164995351114556,0.027032716993615785,0.20121232002297101,6,0.31094084031124125,0.12931094534903756,0.385342194959163,0.5658971712954055,4,2,1,OSQP
6,5,2,6,OFT_distance|Time_inCenter_OFT|Average_speed_NOR1|Latency_to_first_investigation_Stakan_zone_NOR2|rear_support|Grip,0.0,0.2,0.05635928455822799,0.04675018977747677,0.006234429654600297,0.08087458412456952,6,0.17884562774613028,0.10766910596048165,0.8259789260081112,0.8021641057925372,4,2,1,OSQP
6,5,3,6,OFT_distance|Time_inCenter_OFT|Average_speed_NOR1|Latency_to_first_investigation_Stakan_zone_NOR2|rear_support|Grip,0.0,0.4,0.18604424490556293,0.23126825781445737,0.0035943242268428096,0.05545932644602761,6,0.043826572731483326,0.04382655356021138,0.756926788872267,0.7947538180682665,4,2,1,OSQP
6,6,1,6,OFT_distance|Time_inCenter_OFT|Average_speed_NOR1|Latency_to_first_investigation_Stakan_zone_NOR2|rear_support|Grip,0.0,0.2,0.07716841077074177,0.09118199034682621,0.016900870625365157,0.15912600710586594,6,0.10683816806244087,0.04929481864406574,0.6455418033178418,0.6312384282300979,4,2,1,OSQP
6,6,2,6,OFT_distance|Time_inCenter_OFT|Average_speed_NOR1|Latency_to_first_investigation_Stakan_zone_NOR2|rear_support|Grip,0.0,0.5,0.09605319029842332,0.14256320623753937,0.004883847173099973,0.07194101122697401,6,0.18051371598096766,0.09714134876207128,0.7589811649861913,0.7495502622899384,4,2,1,OSQP
6,6,3,6,OFT_distance|Time_inCenter_OFT|Average_speed_NOR1|Latency_to_first_investigation_Stakan_zone_NOR2|rear_support|Grip,0.0,0.1,0.017653092652438973,0.12945790603316967,0.007611469245300683,0.13965479447014062,6,0.4491690992828617,0.2164582921628217,0.581600441608178,0.7226675093190384,4,2,1,OSQP
6,7,1,6,OFT_distance|Time_inCenter_OFT|Average_speed_NOR1|Latency_to_first_investigation_Stakan_zone_NOR2|rear_support|Grip,0.0,0.1,0.027613714257849864,0.18637453501277002,0.009424691899417045,0.11310364378873153,5,0.3390733854376156,0.14303777703521572,0.6044808417383027,0.6521354430120754,4,2,1,OSQP
6,7,2,6,OFT_distance|Time_inCenter_OFT|Average_speed_NOR1|Latency_to_first_investigation_Stakan_zone_NOR2|rear_support|Grip,0.0,0.4,0.09959723934492101,0.04297227600268722,0.008596739000532849,0.07540076824224562,6,8.575828512456017e-09,8.564099793836249e-09,0.7484520767710856,0.7750951201947609,4,2,1,OSQP
6,8,1,6,OFT_distance|Time_inCenter_OFT|Average_speed_NOR1|Latency_to_first_investigation_Stakan_zone_NOR2|rear_support|Grip,0.0,0.2,0.05460652372388876,0.10053007577685806,0.011932160265173542,0.10716700873305034,6,0.27857123043292237,0.14298012974349983,0.6327449072966121,0.6264762038101224,4,2,1,OSQP
6,8,2,6,OFT_distance|Time_inCenter_OFT|Average_speed_NOR1|Latency_to_first_investigation_Stakan_zone_NOR2|rear_support|Grip,0.0,0.0,0.0019308925090097268,0.06423928839174199,0.009404324158506219,0.16963997510843193,6,0.42215966638973323,0.15321888633092812,0.4618092375464975,0.6456740558688807,4,2,1,OSQP
6,8,3,6,OFT_distance|Time_inCenter_OFT|Average_speed_NOR1|Latency_to_first_investigation_Stakan_zone_NOR2|rear_support|Grip,0.0,0.6,0.16102633992126686,0.08830395038929437,0.006094364163713756,0.08255160774290284,6,0.0297834395223806,0.02978343073115,0.748196373870312,0.7638976462386928,4,2,1,OSQP
6,9,1,6,OFT_distance|Time_inCenter_OFT|Average_speed_NOR1|Latency_to_first_investigation_Stakan_zone_NOR2|rear_support|Grip,0.0,0.2,0.07870875391429918,0.06881415808882786,0.004596321014090053,0.08298733395978315,6,0.17866513440529613,0.10360484071726442,0.698816948072106,0.7837274546884565,4,2,1,OSQP
6,9,3,6,OFT_distance|Time_inCenter_OFT|Average_speed_NOR1|Latency_to_first_investigation_Stakan_zone_NOR2|rear_support|Grip,0.0,0.5,0.19730581820633075,0.17326747234050763,0.0017306356238490752,0.0523082735573739,6,1.3703958533787667e-09,1.3480144152229619e-09,0.8119749161693388,0.8394200301993444,4,2,1,OSQP
7,0,1,7,OFT_distance|Time_inCenter_OFT|Average_speed_NOR1|Latency_to_first_investigation_Piramidka_NOR1|Latency_to_first_investigation_Stakan_zone_NOR2|rear_support|Grip,0.0,0.3,0.06420237821095591,0.13580474253691063,0.03550627711429061,0.162773425928087,7,0.1303207241403773,0.09091843230409516,0.5943355103895762,0.5342441394352149,4,2,1,OSQP
7,0,2,7,OFT_distance|Time_inCenter_OFT|Average_speed_NOR1|Latency_to_first_investigation_Piramidka_NOR1|Latency_to_first_investigation_Stakan_zone_NOR2|rear_support|Grip,0.0,0.1,0.020789878114517282,0.1250706269203417,0.012949889236282078,0.16700502750074867,7,0.2878937700865525,0.15983574511939835,0.6000212889023135,0.7920495391266915,4,2,1,OSQP
7,1,1,7,OFT_distance|Time_inCenter_OFT|Average_speed_NOR1|Latency_to_first_investigation_Piramidka_NOR1|Latency_to_first_investigation_Stakan_zone_NOR2|rear_support|Grip,0.0,0.5,0.15414913499769475,0.20854447359786313,0.00225792173302576,0.05558547038474095,7,0.17225737844749217,0.10152741931325508,0.8169195275999037,0.8350220877628668,4,2,1,OSQP
7,1,2,7,OFT_distance|Time_inCenter_OFT|Average_speed_NOR1|Latency_to_first_investigation_Piramidka_NOR1|Latency_to_first_investigation_Stakan_zone_NOR2|rear_support|Grip,0.0,0.2,0.032469113826976946,0.17369263740233187,0.018078807241496825,0.14877941619315307,7,0.23286850160224132,0.0895543425983997,0.5848416781910211,0.6042715065691522,4,2,1,OSQP
7,1,3,7,OFT_distance|Time_inCenter_OFT|Average_speed_NOR1|Latency_to_first_investigation_Piramidka_NOR1|Latency_to_first_investigation_Stakan_zone_NOR2|rear_support|Grip,0.06,0.2,0.03997702509974506,189.80458368891934,35278.003044423625,0.1882706976129172,7,0.15224407430237727,0.07896174831089167,0.45588003763822993,-1515.65790736911,4,2,2,OSQP
7,2,3,7,OFT_distance|Time_inCenter_OFT|Average_speed_NOR1|Latency_to_first_investigation_Piramidka_NOR1|Latency_to_first_investigation_Stakan_zone_NOR2|rear_support|Grip,0.0,0.1,0.016200510647252524,0.08192042755219768,0.007850047253888113,0.11340383768281165,6,0.3559566120390555,0.22488957160845294,0.6703787388332076,0.7365815221970633,4,2,1,OSQP
7,3,1,7,OFT_distance|Time_inCenter_OFT|Average_speed_NOR1|Latency_to_first_investigation_Piramidka_NOR1|Latency_to_first_investigation_Stakan_zone_NOR2|rear_support|Grip,0.0,0.1,0.020443709396450228,0.05002389396617107,0.017838958520310408,0.16172038562750693,7,0.27966638159247564,0.14005026333582546,0.5045999046436311,0.5833580636570219,4,2,1,OSQP
7,3,2,7,OFT_distance|Time_inCenter_OFT|Average_speed_NOR1|Latency_to_first_investigation_Piramidka_NOR1|Latency_to_first_investigation_Stakan_zone_NOR2|rear_support|Grip,0.0,0.3,0.07022042795720544,0.13503329479760978,0.005819129820285353,0.0957968700724985,7,0.14851184045126828,0.09822053713405243,0.7437489811869056,0.6769325047119592,4,2,1,OSQP
7,3,3,7,OFT_distance|Time_inCenter_OFT|Average_speed_NOR1|Latency_to_first_investigation_Piramidka_NOR1|Latency_to_first_investigation_Stakan_zone_NOR2|rear_support|Grip,0.0,0.4,0.11931076623674959,0.058249347311086275,0.003791237053714513,0.08373791705077499,7,0.10673874799752234,0.09268982290498287,0.7382742920180314,0.7299123151639069,4,2,1,OSQP
7,5,1,7,OFT_distance|Time_inCenter_OFT|Average_speed_NOR1|Latency_to_first_investigation_Piramidka_NOR1|Latency_to_first_investigation_Stakan_zone_NOR2|rear_support|Grip,0.0,0.1,0.023520463312177046,0.13870758922202878,0.02721389202842502,0.20785556565629743,7,0.28176419805307246,0.14088208146106318,0.4034202693752067,0.6022410701253976,4,2,1,OSQP
7,5,2,7,OFT_distance|Time_inCenter_OFT|Average_speed_NOR1|Latency_to_first_investigation_Piramidka_NOR1|Latency_to_first_investigation_Stakan_zone_NOR2|rear_support|Grip,0.0,0.3,0.06856043013045231,0.0312683277167109,0.011043254266002452,0.09843293036144408,7,0.08574307582389483,0.08574306857102768,0.7460495111567388,0.8193696562610575,4,2,1,OSQP
7,5,3,7,OFT_distance|Time_inCenter_OFT|Average_speed_NOR1|Latency_to_first_investigation_Piramidka_NOR1|Latency_to_first_investigation_Stakan_zone_NOR2|rear_support|Grip,0.0,0.4,0.18434181515292594,0.23153422271005278,0.0033565306280497406,0.05176259311021416,7,0.04665361118077838,0.04665359084170002,0.7599807308593508,0.7971722194887225,4,2,1,OSQP
7,6,1,7,OFT_distance|Time_inCenter_OFT|Average_speed_NOR1|Latency_to_first_investigation_Piramidka_NOR1|Latency_to_first_investigation_Stakan_zone_NOR2|rear_support|Grip,0.0,0.3,0.08527005232080846,0.09345609726962029,0.022974246259117106,0.1452971139315013,7,0.050734251266393394,0.04395205161159407,0.6565077405917773,0.5884994973517178,4,2,1,OSQP
7,6,2,7,OFT_distance|Time_inCenter_OFT|Average_speed_NOR1|Latency_to_first_investigation_Piramidka_NOR1|Latency_to_first_investigation_Stakan_zone_NOR2|rear_support|Grip,0.0,0.4,0.09169220781121087,0.15316564464412744,0.004330789460384606,0.07450237644210311,7,0.1728364333269359,0.09628277311313646,0.7562192284621098,0.7598516418856739,4,2,1,OSQP
7,6,3,7,OFT_distance|Time_inCenter_OFT|Average_speed_NOR1|Latency_to_first_investigation_Piramidka_NOR1|Latency_to_first_investigation_Stakan_zone_NOR2|rear_support|Grip,0.0,0.1,0.015379947736975185,0.13138506992382298,0.007189817182041137,0.140041795313197,7,0.44037117456474195,0.21705208173885765,0.5958576070890634,0.7284795512182349,4,2,1,OSQP
7,7,1,7,OFT_distance|Time_inCenter_OFT|Average_speed_NOR1|Latency_to_first_investigation_Piramidka_NOR1|Latency_to_first_investigation_Stakan_zone_NOR2|rear_support|Grip,0.0,0.1,0.025849722388640462,0.1968130439797753,0.012661368313719579,0.11226955456778104,7,0.23608510048888368,0.1142980671125365,0.5981722893679982,0.6862282099630815,4,2,1,OSQP
7,7,2,7,OFT_distance|Time_inCenter_OFT|Average_speed_NOR1|Latency_to_first_investigation_Piramidka_NOR1|Latency_to_first_investigation_Stakan_zone_NOR2|rear_support|Grip,0.0,0.4,0.09812304025159545,0.04242227285121642,0.008383767487104012,0.07569491265341037,7,8.872781550683377e-09,8.859088824048806e-09,0.7595681078877482,0.7706716343566445,4,2,1,OSQP
7,8,1,7,OFT_distance|Time_inCenter_OFT|Average_speed_NOR1|Latency_to_first_investigation_Piramidka_NOR1|Latency_to_first_investigation_Stakan_zone_NOR2|rear_support|Grip,0.0,0.2,0.05821445314637101,0.1049483444200701,0.01308427475467931,0.10814722627151575,7,0.27225110180430995,0.1361255615927084,0.6406210689219072,0.60762364590324,4,2,1,OSQP
7,8,2,7,OFT_distance|Time_inCenter_OFT|Average_speed_NOR1|Latency_to_first_investigation_Piramidka_NOR1|Latency_to_first_investigation_Stakan_zone_NOR2|rear_support|Grip,0.0,0.0,0.00838077924128349,0.10653207563936172,0.018314057587179713,0.16966541702389076,7,0.2568542831019885,0.1284271243274481,0.39398070565385357,0.5415377959279466,4,2,1,OSQP
7,8,3,7,OFT_distance|Time_inCenter_OFT|Average_speed_NOR1|Latency_to_first_investigation_Piramidka_NOR1|Latency_to_first_investigation_Stakan_zone_NOR2|rear_support|Grip,0.0,0.6,0.15899476326079873,0.08904269344887569,0.0060823519066253,0.08383043392775674,7,0.027710711598829586,0.027710710241852107,0.7376830708347064,0.7525405603687136,4,2,1,OSQP
7,9,1,7,OFT_distance|Time_inCenter_OFT|Average_speed_NOR1|Latency_to_first_investigation_Piramidka_NOR1|Latency_to_first_investigation_Stakan_zone_NOR2|rear_support|Grip,0.0,0.3,0.07162236718242646,0.08205609221570144,0.009638193196217759,0.0790404525654159,7,0.13562272771809358,0.08380356715594808,0.7186520174189479,0.71953397795792,4,2,1,OSQP
7,9,3,7,OFT_distance|Time_inCenter_OFT|Average_speed_NOR1|Latency_to_first_investigation_Piramidka_NOR1|Latency_to_first_investigation_Stakan_zone_NOR2|rear_support|Grip,0.0,0.5,0.19749964109042906,0.17328319543871493,0.0017139210438110901,0.052212588950645074,7,4.482656014055547e-09,4.468578444378322e-09,0.8116663163507123,0.8397475064892193,4,2,1,OSQP
8,0,1,8,OFT_distance|Time_inCenter_OFT|Average_speed_NOR1|Latency_to_first_investigation_Piramidka_NOR1|Time_investigating_Stakan_zone_NOR2|Latency_to_first_investigation_Stakan_zone_NOR2|rear_support|Grip,0.0,0.3,0.0675437967928664,0.14077120263927395,0.03632867763632582,0.1693491596230722,8,0.11498949209632155,0.08485274895052702,0.6187515227320906,0.49815602253757474,6,2,1,OSQP
8,0,2,8,OFT_distance|Time_inCenter_OFT|Average_speed_NOR1|Latency_to_first_investigation_Piramidka_NOR1|Time_investigating_Stakan_zone_NOR2|Latency_to_first_investigation_Stakan_zone_NOR2|rear_support|Grip,0.0,0.1,0.023039373646281995,0.11186610924459858,0.011890512431998625,0.15613808485947706,8,0.27228787327721593,0.16031484146665498,0.6162358204575468,0.8532918161141703,6,2,1,OSQP
8,1,1,8,OFT_distance|Time_inCenter_OFT|Average_speed_NOR1|Latency_to_first_investigation_Piramidka_NOR1|Time_investigating_Stakan_zone_NOR2|Latency_to_first_investigation_Stakan_zone_NOR2|rear_support|Grip,0.0,0.6,0.1620160919140337,0.22368871073096705,0.0028034742579203854,0.04702739245182693,8,0.16242054774569495,0.10423579010737095,0.7881897624704749,0.8288235104843914,6,2,1,OSQP
8,1,2,8,OFT_distance|Time_inCenter_OFT|Average_speed_NOR1|Latency_to_first_investigation_Piramidka_NOR1|Time_investigating_Stakan_zone_NOR2|Latency_to_first_investigation_Stakan_zone_NOR2|rear_support|Grip,0.0,0.2,0.029598361294539844,0.172498410732989,0.020290824501207547,0.15287368525262207,8,0.19754854410415038,0.09877427288056942,0.5767062179470082,0.5585142542385904,6,2,1,OSQP
8,1,3,8,OFT_distance|Time_inCenter_OFT|Average_speed_NOR1|Latency_to_first_investigation_Piramidka_NOR1|Time_investigating_Stakan_zone_NOR2|Latency_to_first_investigation_Stakan_zone_NOR2|rear_support|Grip,0.06,0.1,0.037355055714850684,200.26165659924837,39273.046144800915,0.18878780595061206,8,0.13828469960559145,0.06597972439123223,0.4829520502151279,-1599.1852191267983,6,2,3,OSQP
8,2,3,8,OFT_distance|Time_inCenter_OFT|Average_speed_NOR1|Latency_to_first_investigation_Piramidka_NOR1|Time_investigating_Stakan_zone_NOR2|Latency_to_first_investigation_Stakan_zone_NOR2|rear_support|Grip,0.0,0.1,0.01609911896547956,0.08165669441528636,0.007810952198972203,0.1129688983627819,7,0.35453210790771283,0.22463479134949565,0.666777904299805,0.7397881159747686,6,2,1,OSQP
8,3,1,8,OFT_distance|Time_inCenter_OFT|Average_speed_NOR1|Latency_to_first_investigation_Piramidka_NOR1|Time_investigating_Stakan_zone_NOR2|Latency_to_first_investigation_Stakan_zone_NOR2|rear_support|Grip,0.0,0.1,0.02216804350390826,0.05133175439293139,0.019856062172815752,0.16845738040386415,7,0.2575068372960717,0.13235039188093375,0.47671714516788277,0.5509563451506154,6,2,1,OSQP
8,3,2,8,OFT_distance|Time_inCenter_OFT|Average_speed_NOR1|Latency_to_first_investigation_Piramidka_NOR1|Time_investigating_Stakan_zone_NOR2|Latency_to_first_investigation_Stakan_zone_NOR2|rear_support|Grip,0.0,0.2,0.061721510641268996,0.1801424031681679,0.007383621043320197,0.10397716174271833,8,0.06743681534996694,0.06743681533045207,0.7229447986213429,0.7773131626242056,6,2,1,OSQP
8,3,3,8,OFT_distance|Time_inCenter_OFT|Average_speed_NOR1|Latency_to_first_investigation_Piramidka_NOR1|Time_investigating_Stakan_zone_NOR2|Latency_to_first_investigation_Stakan_zone_NOR2|rear_support|Grip,0.0,0.4,0.11911779917069314,0.06125734234631515,0.0036836922191602005,0.08664785163685282,8,0.0965221264757065,0.0836290557161862,0.7258860587216736,0.7484774143163722,6,2,1,OSQP
8,5,1,8,OFT_distance|Time_inCenter_OFT|Average_speed_NOR1|Latency_to_first_investigation_Piramidka_NOR1|Time_investigating_Stakan_zone_NOR2|Latency_to_first_investigation_Stakan_zone_NOR2|rear_support|Grip,0.0,0.1,0.02551425549414308,0.14712264910425382,0.030357515627225648,0.21403600641869588,8,0.20544894494312707,0.10272448702488912,0.34813154890051634,0.6506013184694217,6,2,1,OSQP
8,5,2,8,OFT_distance|Time_inCenter_OFT|Average_speed_NOR1|Latency_to_first_investigation_Piramidka_NOR1|Time_investigating_Stakan_zone_NOR2|Latency_to_first_investigation_Stakan_zone_NOR2|rear_support|Grip,0.0,0.3,0.06641676893193994,0.030149222545875053,0.01023311363108395,0.09695494513885976,8,0.08608123165466315,0.0860812316401052,0.7668234508183778,0.8344471334717108,6,2,1,OSQP
8,5,3,8,OFT_distance|Time_inCenter_OFT|Average_speed_NOR1|Latency_to_first_investigation_Piramidka_NOR1|Time_investigating_Stakan_zone_NOR2|Latency_to_first_investigation_Stakan_zone_NOR2|rear_support|Grip,0.0,0.4,0.20951169838499367,0.2368860333427886,0.005601291036316376,0.05173894670598835,8,0.020424690001721587,0.02042468819070372,0.8277376971027097,0.854975596734775,6,2,1,OSQP
8,6,1,8,OFT_distance|Time_inCenter_OFT|Average_speed_NOR1|Latency_to_first_investigation_Piramidka_NOR1|Time_investigating_Stakan_zone_NOR2|Latency_to_first_investigation_Stakan_zone_NOR2|rear_support|Grip,0.0,0.3,0.08592840247269537,0.09380663529262495,0.022623971458298947,0.1433955325737997,8,0.048971194746729646,0.043730829212713374,0.6659757914026474,0.5937991871357913,6,2,1,OSQP
8,6,2,8,OFT_distance|Time_inCenter_OFT|Average_speed_NOR1|Latency_to_first_investigation_Piramidka_NOR1|Time_investigating_Stakan_zone_NOR2|Latency_to_first_investigation_Stakan_zone_NOR2|rear_support|Grip,0.0,0.3,0.09013630885990045,0.17761106496745568,0.007948104526015002,0.10900105835097709,8,0.0679359093808978,0.06793590625293267,0.6093099499030092,0.6477889903255468,6,2,1,OSQP
8,6,3,8,OFT_distance|Time_inCenter_OFT|Average_speed_NOR1|Latency_to_first_investigation_Piramidka_NOR1|Time_investigating_Stakan_zone_NOR2|Latency_to_first_investigation_Stakan_zone_NOR2|rear_support|Grip,0.0,0.1,0.015267735302662488,0.1313872009113321,0.007183249166376121,0.14006964816548995,8,0.4403679091413845,0.21705705735503245,0.5959566854082221,0.728562110328876,6,2,1,OSQP
8,7,1,8,OFT_distance|Time_inCenter_OFT|Average_speed_NOR1|Latency_to_first_investigation_Piramidka_NOR1|Time_investigating_Stakan_zone_NOR2|Latency_to_first_investigation_Stakan_zone_NOR2|rear_support|Grip,0.0,0.1,0.022285129959558832,0.19416205968396405,0.013689385253279125,0.11327475327510407,8,0.2342730058687838,0.11042799182704863,0.583420641547824,0.6814525097606616,6,2,1,OSQP
8,7,2,8,OFT_distance|Time_inCenter_OFT|Average_speed_NOR1|Latency_to_first_investigation_Piramidka_NOR1|Time_investigating_Stakan_zone_NOR2|Latency_to_first_investigation_Stakan_zone_NOR2|rear_support|Grip,0.0,0.4,0.10919723882875379,0.05371813890347211,0.010887458084588228,0.07503715161936238,8,6.965875786457673e-05,6.965727885423786e-05,0.8011065258600942,0.8089633613185263,6,2,1,OSQP
8,8,1,8,OFT_distance|Time_inCenter_OFT|Average_speed_NOR1|Latency_to_first_investigation_Piramidka_NOR1|Time_investigating_Stakan_zone_NOR2|Latency_to_first_investigation_Stakan_zone_NOR2|rear_support|Grip,0.0,0.2,0.05036567272078566,0.10639166887501338,0.018299462169240374,0.1295171397592297,8,0.19335794975552986,0.10459001561167981,0.5772021493578641,0.48138947567931023,6,2,1,OSQP
8,8,2,8,OFT_distance|Time_inCenter_OFT|Average_speed_NOR1|Latency_to_first_investigation_Piramidka_NOR1|Time_investigating_Stakan_zone_NOR2|Latency_to_first_investigation_Stakan_zone_NOR2|rear_support|Grip,0.0,0.0,0.008963626156324015,0.10764867171436292,0.01842868995016477,0.1700769986292115,8,0.25557323241711427,0.12778661662962726,0.3923255819702973,0.5344771727933298,6,2,1,OSQP
8,8,3,8,OFT_distance|Time_inCenter_OFT|Average_speed_NOR1|Latency_to_first_investigation_Piramidka_NOR1|Time_investigating_Stakan_zone_NOR2|Latency_to_first_investigation_Stakan_zone_NOR2|rear_support|Grip,0.0,0.6,0.15836038764273502,0.08870585592061409,0.006035042831786777,0.08385443656054699,8,0.028870460281143283,0.02887045438523655,0.7364190488692443,0.7543719579384407,6,2,1,OSQP
8,9,1,8,OFT_distance|Time_inCenter_OFT|Average_speed_NOR1|Latency_to_first_investigation_Piramidka_NOR1|Time_investigating_Stakan_zone_NOR2|Latency_to_first_investigation_Stakan_zone_NOR2|rear_support|Grip,0.0,0.3,0.10204138997792156,0.09480893821004104,0.007511099434803627,0.06894510895965653,7,0.10596859618647442,0.08375650145212557,0.7121387297358531,0.74512604385335,6,2,1,OSQP
8,9,3,8,OFT_distance|Time_inCenter_OFT|Average_speed_NOR1|Latency_to_first_investigation_Piramidka_NOR1|Time_investigating_Stakan_zone_NOR2|Latency_to_first_investigation_Stakan_zone_NOR2|rear_support|Grip,0.0,0.5,0.20597289208443953,0.1748582721763165,0.0013904260865441776,0.047032832629187275,8,8.489308341775845e-10,8.026408930835656e-10,0.8216241701798704,0.8463563375056391,6,2,1,OSQP
9,0,1,9,OFT_distance|Average_speed_OFT|Time_inCenter_OFT|Average_speed_NOR1|Latency_to_first_investigation_Piramidka_NOR1|Time_investigating_Stakan_zone_NOR2|Latency_to_first_investigation_Stakan_zone_NOR2|rear_support|Grip,0.0,0.3,0.0711891488527576,0.126388101423208,0.03620140468546607,0.16863729954220555,9,0.09542138491236829,0.08803174968553655,0.6126080807935741,0.4862269939450873,7,3,1,OSQP
9,0,2,9,OFT_distance|Average_speed_OFT|Time_inCenter_OFT|Average_speed_NOR1|Latency_to_first_investigation_Piramidka_NOR1|Time_investigating_Stakan_zone_NOR2|Latency_to_first_investigation_Stakan_zone_NOR2|rear_support|Grip,0.0,0.1,0.025614767651469104,0.11765300415280454,0.011411379749663076,0.1733496260759685,9,0.26594238658370495,0.14274716708475726,0.6594847503513268,0.8418393661093301,7,3,1,OSQP
9,1,1,9,OFT_distance|Average_speed_OFT|Time_inCenter_OFT|Average_speed_NOR1|Latency_to_first_investigation_Piramidka_NOR1|Time_investigating_Stakan_zone_NOR2|Latency_to_first_investigation_Stakan_zone_NOR2|rear_support|Grip,0.0,0.6,0.17638950190763905,0.25598933004367047,0.003912902073777378,0.07606708946329244,9,0.14070631556847252,0.10809428514478872,0.7503145305307979,0.8357565626608857,7,3,1,OSQP
9,1,2,9,OFT_distance|Average_speed_OFT|Time_inCenter_OFT|Average_speed_NOR1|Latency_to_first_investigation_Piramidka_NOR1|Time_investigating_Stakan_zone_NOR2|Latency_to_first_investigation_Stakan_zone_NOR2|rear_support|Grip,0.0,0.1,0.029740117576390994,0.17171388605500496,0.021227828707359193,0.15735838979231895,9,0.18819978653489722,0.09409988752698561,0.6108191419779316,0.5749620767677854,7,3,1,OSQP
9,1,3,9,OFT_distance|Average_speed_OFT|Time_inCenter_OFT|Average_speed_NOR1|Latency_to_first_investigation_Piramidka_NOR1|Time_investigating_Stakan_zone_NOR2|Latency_to_first_investigation_Stakan_zone_NOR2|rear_support|Grip,0.06,0.2,0.038726620715122874,172.9017460519285,29278.70243772927,0.18308340178740082,9,0.14317232854874493,0.055420858286557066,0.4674191113551016,-1380.67947876534,7,3,3,OSQP
9,2,3,9,OFT_distance|Average_speed_OFT|Time_inCenter_OFT|Average_speed_NOR1|Latency_to_first_investigation_Piramidka_NOR1|Time_investigating_Stakan_zone_NOR2|Latency_to_first_investigation_Stakan_zone_NOR2|rear_support|Grip,0.0,0.1,0.016586062877212093,0.06824859725158174,0.007448850309848068,0.12878487167034763,9,0.3160715239115479,0.19025280512357984,0.6982638405067547,0.7762900710463916,7,3,1,OSQP
9,3,1,9,OFT_distance|Average_speed_OFT|Time_inCenter_OFT|Average_speed_NOR1|Latency_to_first_investigation_Piramidka_NOR1|Time_investigating_Stakan_zone_NOR2|Latency_to_first_investigation_Stakan_zone_NOR2|rear_support|Grip,0.0,0.2,0.02956124375776086,0.058457755797088326,0.01995207891225913,0.17026746990817704,9,0.21767052927796143,0.10883527026067977,0.50512874903501,0.6314134428954196,7,3,1,OSQP
9,3,2,9,OFT_distance|Average_speed_OFT|Time_inCenter_OFT|Average_speed_NOR1|Latency_to_first_investigation_Piramidka_NOR1|Time_investigating_Stakan_zone_NOR2|Latency_to_first_investigation_Stakan_zone_NOR2|rear_support|Grip,0.0,0.3,0.05607339125660242,0.196476249460191,0.008141219660779016,0.11389240752732084,9,0.05000019262526178,0.05000017161013258,0.7322820975524079,0.7756828909426143,7,3,1,OSQP
9,3,3,9,OFT_distance|Average_speed_OFT|Time_inCenter_OFT|Average_speed_NOR1|Latency_to_first_investigation_Piramidka_NOR1|Time_investigating_Stakan_zone_NOR2|Latency_to_first_investigation_Stakan_zone_NOR2|rear_support|Grip,0.0,0.4,0.11806404481468864,0.0612094925604864,0.004063156735683714,0.08757989852634536,9,0.0937669066478359,0.0794848689058697,0.7152373531156644,0.7319597524559711,7,3,1,OSQP
9,5,1,9,OFT_distance|Average_speed_OFT|Time_inCenter_OFT|Average_speed_NOR1|Latency_to_first_investigation_Piramidka_NOR1|Time_investigating_Stakan_zone_NOR2|Latency_to_first_investigation_Stakan_zone_NOR2|rear_support|Grip,0.0,0.1,0.026517422121598473,0.18868809754048382,0.0302971948354134,0.22224062445751763,9,0.1778158050851288,0.08842643754791896,0.39875902734945035,0.6728372124528585,7,3,1,OSQP
9,5,2,9,OFT_distance|Average_speed_OFT|Time_inCenter_OFT|Average_speed_NOR1|Latency_to_first_investigation_Piramidka_NOR1|Time_investigating_Stakan_zone_NOR2|Latency_to_first_investigation_Stakan_zone_NOR2|rear_support|Grip,0.0,0.5,0.07663032474256323,0.023881951295858447,0.008660655146494165,0.11250164446811706,9,0.0667483913389629,0.0667483739720902,0.7954309042102865,0.8500551199970936,7,3,1,OSQP
9,5,3,9,OFT_distance|Average_speed_OFT|Time_inCenter_OFT|Average_speed_NOR1|Latency_to_first_investigation_Piramidka_NOR1|Time_investigating_Stakan_zone_NOR2|Latency_to_first_investigation_Stakan_zone_NOR2|rear_support|Grip,0.0,0.4,0.21089914589843833,0.2537658701132821,0.005877147594733235,0.07977722380130195,9,1.0875458717076757e-08,1.0874148736068597e-08,0.8004222797300464,0.7754961851834571,7,3,1,OSQP
9,6,1,9,OFT_distance|Average_speed_OFT|Time_inCenter_OFT|Average_speed_NOR1|Latency_to_first_investigation_Piramidka_NOR1|Time_investigating_Stakan_zone_NOR2|Latency_to_first_investigation_Stakan_zone_NOR2|rear_support|Grip,0.0,0.2,0.08044029051556796,0.0910378838952499,0.02491148489437264,0.14517791625251106,9,0.03184743158223278,0.031847418834945296,0.6174632391127314,0.5586378348216877,7,3,1,OSQP
9,6,2,9,OFT_distance|Average_speed_OFT|Time_inCenter_OFT|Average_speed_NOR1|Latency_to_first_investigation_Piramidka_NOR1|Time_investigating_Stakan_zone_NOR2|Latency_to_first_investigation_Stakan_zone_NOR2|rear_support|Grip,0.0,0.3,0.08880454385592498,0.17908089457004742,0.008648837537215591,0.1137326888930467,9,0.0607982961783236,0.060798294406517225,0.6259104994424983,0.6629980496187207,7,3,1,OSQP
9,6,3,9,OFT_distance|Average_speed_OFT|Time_inCenter_OFT|Average_speed_NOR1|Latency_to_first_investigation_Piramidka_NOR1|Time_investigating_Stakan_zone_NOR2|Latency_to_first_investigation_Stakan_zone_NOR2|rear_support|Grip,0.0,0.1,0.014761463973260081,0.13289078062676515,0.008008307877517216,0.15794976730189145,9,0.39973655364447536,0.1742095668656809,0.5863137371775604,0.7521040949229822,7,3,1,OSQP
9,7,1,9,OFT_distance|Average_speed_OFT|Time_inCenter_OFT|Average_speed_NOR1|Latency_to_first_investigation_Piramidka_NOR1|Time_investigating_Stakan_zone_NOR2|Latency_to_first_investigation_Stakan_zone_NOR2|rear_support|Grip,0.0,0.2,0.03257323122620871,0.20893760498965178,0.016977212516940187,0.13065143723238057,9,0.22025528831400917,0.10140985007315807,0.592240977406386,0.6155019255940046,7,3,1,OSQP
9,7,2,9,OFT_distance|Average_speed_OFT|Time_inCenter_OFT|Average_speed_NOR1|Latency_to_first_investigation_Piramidka_NOR1|Time_investigating_Stakan_zone_NOR2|Latency_to_first_investigation_Stakan_zone_NOR2|rear_support|Grip,0.0,0.4,0.10888329575708529,0.054141386409052174,0.010819614025172895,0.07493523008641687,9,1.1759575126393038e-08,7.925866839522369e-09,0.7994176643422805,0.8216878460233783,7,3,1,OSQP
9,8,1,9,OFT_distance|Average_speed_OFT|Time_inCenter_OFT|Average_speed_NOR1|Latency_to_first_investigation_Piramidka_NOR1|Time_investigating_Stakan_zone_NOR2|Latency_to_first_investigation_Stakan_zone_NOR2|rear_support|Grip,0.0,0.2,0.05559860856065761,0.1050123045591035,0.016753321836815594,0.1294681206066897,9,0.17638640431214053,0.08858107702709704,0.6234667457175066,0.5296176237022251,7,3,1,OSQP
9,8,2,9,OFT_distance|Average_speed_OFT|Time_inCenter_OFT|Average_speed_NOR1|Latency_to_first_investigation_Piramidka_NOR1|Time_investigating_Stakan_zone_NOR2|Latency_to_first_investigation_Stakan_zone_NOR2|rear_support|Grip,0.0,0.0,0.005625822015126247,0.10357263638344241,0.020114002285409816,0.17271414927434645,9,0.25279654488433034,0.12639827616680127,0.3975895701883302,0.556108915430755,7,3,1,OSQP
9,8,3,9,OFT_distance|Average_speed_OFT|Time_inCenter_OFT|Average_speed_NOR1|Latency_to_first_investigation_Piramidka_NOR1|Time_investigating_Stakan_zone_NOR2|Latency_to_first_investigation_Stakan_zone_NOR2|rear_support|Grip,0.0,0.6,0.16114247033288379,0.08890456207869751,0.00501758310148694,0.08352801090651471,9,0.02820617209031252,0.02820616932361461,0.7571543284604128,0.7602250851556579,7,3,1,OSQP
9,9,1,9,OFT_distance|Average_speed_OFT|Time_inCenter_OFT|Average_speed_NOR1|Latency_to_first_investigation_Piramidka_NOR1|Time_investigating_Stakan_zone_NOR2|Latency_to_first_investigation_Stakan_zone_NOR2|rear_support|Grip,0.0,0.3,0.10191701910090589,0.09468651466942342,0.007536031069065519,0.06907989075164535,8,0.10569303995055464,0.08354790093759154,0.7118608862376988,0.7443677874986581,7,3,1,OSQP
9,9,3,9,OFT_distance|Average_speed_OFT|Time_inCenter_OFT|Average_speed_NOR1|Latency_to_first_investigation_Piramidka_NOR1|Time_investigating_Stakan_zone_NOR2|Latency_to_first_investigation_Stakan_zone_NOR2|rear_support|Grip,0.0,0.5,0.20518824376954786,0.1762446731735659,0.0014107114995332347,0.046726307994662486,9,2.173687962026739e-09,2.0815602570427535e-09,0.8182948878444459,0.8469268903754036,7,3,1,OSQP
10,0,1,10,OFT_distance|Average_speed_OFT|Time_inCenter_OFT|Average_speed_NOR1|Latency_to_first_investigation_Piramidka_NOR1|Time_investigating_Stakan_zone_NOR2|Latency_to_first_investigation_Stakan_zone_NOR2|Learning_T1max|rear_support|Grip,0.0,0.3,0.07788664820016349,0.15176122106734174,0.0479042920860803,0.1753953556610302,10,0.07659331364480587,0.07659328868900939,0.6225465406726529,0.37843590230222945,7,3,1,OSQP
10,0,2,10,OFT_distance|Average_speed_OFT|Time_inCenter_OFT|Average_speed_NOR1|Latency_to_first_investigation_Piramidka_NOR1|Time_investigating_Stakan_zone_NOR2|Latency_to_first_investigation_Stakan_zone_NOR2|Learning_T1max|rear_support|Grip,0.0,0.1,0.023504022634392118,0.0960663858525501,0.012758260735607126,0.16897233801803258,10,0.25151707155302383,0.13982846868656393,0.661227203130325,0.8002423663146683,7,3,1,OSQP
10,1,1,10,OFT_distance|Average_speed_OFT|Time_inCenter_OFT|Average_speed_NOR1|Latency_to_first_investigation_Piramidka_NOR1|Time_investigating_Stakan_zone_NOR2|Latency_to_first_investigation_Stakan_zone_NOR2|Learning_T1max|rear_support|Grip,0.0,0.6,0.1727573459104174,0.2607903268899191,0.004230317712952844,0.0784605990835777,9,0.13621621574567785,0.11075600186608277,0.71436064876728,0.8361194233682678,7,3,1,OSQP
10,1,2,10,OFT_distance|Average_speed_OFT|Time_inCenter_OFT|Average_speed_NOR1|Latency_to_first_investigation_Piramidka_NOR1|Time_investigating_Stakan_zone_NOR2|Latency_to_first_investigation_Stakan_zone_NOR2|Learning_T1max|rear_support|Grip,0.0,0.2,0.041858986490068376,0.1350213195101951,0.030263087067033442,0.1736591317464088,10,9.22230035291315e-08,6.825893062590961e-08,0.4108538017064104,0.5043416081933947,7,3,1,OSQP
10,1,3,10,OFT_distance|Average_speed_OFT|Time_inCenter_OFT|Average_speed_NOR1|Latency_to_first_investigation_Piramidka_NOR1|Time_investigating_Stakan_zone_NOR2|Latency_to_first_investigation_Stakan_zone_NOR2|Learning_T1max|rear_support|Grip,0.06,0.1,0.036693531514277844,167.99511654012377,27639.593934804507,0.18102511071269878,10,0.1438946412689145,0.06032064106943118,0.4706425199776736,-1341.4633344580195,7,3,3,OSQP
10,2,3,10,OFT_distance|Average_speed_OFT|Time_inCenter_OFT|Average_speed_NOR1|Latency_to_first_investigation_Piramidka_NOR1|Time_investigating_Stakan_zone_NOR2|Latency_to_first_investigation_Stakan_zone_NOR2|Learning_T1max|rear_support|Grip,0.0,0.1,0.010487374089462652,0.06698150556264147,0.007238473838139075,0.13131080412503512,10,0.31046392713487114,0.18940414509386017,0.6677312975381118,0.7425793067181238,7,3,1,OSQP
10,3,1,10,OFT_distance|Average_speed_OFT|Time_inCenter_OFT|Average_speed_NOR1|Latency_to_first_investigation_Piramidka_NOR1|Time_investigating_Stakan_zone_NOR2|Latency_to_first_investigation_Stakan_zone_NOR2|Learning_T1max|rear_support|Grip,0.0,0.1,0.02542761043398926,0.05849099112248876,0.022846531185176294,0.17487247509273002,10,0.1988301609750738,0.10331623144670293,0.4512873663750534,0.5579530501909529,7,3,1,OSQP
10,3,2,10,OFT_distance|Average_speed_OFT|Time_inCenter_OFT|Average_speed_NOR1|Latency_to_first_investigation_Piramidka_NOR1|Time_investigating_Stakan_zone_NOR2|Latency_to_first_investigation_Stakan_zone_NOR2|Learning_T1max|rear_support|Grip,0.0,0.3,0.06521842063780134,0.1384993451096284,0.009252257147198944,0.09414955559371536,10,0.05485055679756329,0.05485055653407248,0.7641190014926675,0.753750224706393,7,3,1,OSQP
10,3,3,10,OFT_distance|Average_speed_OFT|Time_inCenter_OFT|Average_speed_NOR1|Latency_to_first_investigation_Piramidka_NOR1|Time_investigating_Stakan_zone_NOR2|Latency_to_first_investigation_Stakan_zone_NOR2|Learning_T1max|rear_support|Grip,0.0,0.4,0.12274301789596427,0.06158188182755976,0.003569304125663754,0.08369881052580139,10,0.0962336208880174,0.07810355855652079,0.7272245536884012,0.7427267663927549,7,3,1,OSQP
10,5,1,10,OFT_distance|Average_speed_OFT|Time_inCenter_OFT|Average_speed_NOR1|Latency_to_first_investigation_Piramidka_NOR1|Time_investigating_Stakan_zone_NOR2|Latency_to_first_investigation_Stakan_zone_NOR2|Learning_T1max|rear_support|Grip,0.0,0.1,0.03077155258040709,0.18765825439024264,0.05139109232956965,0.2212596737632059,10,1.0322210949497329e-07,7.557374487750955e-08,0.3853820182537119,0.2674638024662963,7,3,1,OSQP
10,5,2,10,OFT_distance|Average_speed_OFT|Time_inCenter_OFT|Average_speed_NOR1|Latency_to_first_investigation_Piramidka_NOR1|Time_investigating_Stakan_zone_NOR2|Latency_to_first_investigation_Stakan_zone_NOR2|Learning_T1max|rear_support|Grip,0.0,0.3,0.07492852893238991,0.025177322263937783,0.010259638470196907,0.11174306993374183,10,0.067896601112454,0.06789660039207736,0.7963267565616862,0.8389547242989623,7,3,1,OSQP
10,5,3,10,OFT_distance|Average_speed_OFT|Time_inCenter_OFT|Average_speed_NOR1|Latency_to_first_investigation_Piramidka_NOR1|Time_investigating_Stakan_zone_NOR2|Latency_to_first_investigation_Stakan_zone_NOR2|Learning_T1max|rear_support|Grip,0.0,0.5,0.22121989317234472,0.25598907557216755,0.005914435799955837,0.08146423379102183,10,2.9615352295975617e-10,2.957536142407672e-10,0.8205934251033848,0.7826881192960852,7,3,1,OSQP
10,6,1,10,OFT_distance|Average_speed_OFT|Time_inCenter_OFT|Average_speed_NOR1|Latency_to_first_investigation_Piramidka_NOR1|Time_investigating_Stakan_zone_NOR2|Latency_to_first_investigation_Stakan_zone_NOR2|Learning_T1max|rear_support|Grip,0.0,0.2,0.0697034715745988,0.061152212207001316,0.02585482350519822,0.1362042463542115,10,0.02980520511834836,0.029805196902378827,0.6142848543648567,0.5414701486907798,7,3,1,OSQP
10,6,2,10,OFT_distance|Average_speed_OFT|Time_inCenter_OFT|Average_speed_NOR1|Latency_to_first_investigation_Piramidka_NOR1|Time_investigating_Stakan_zone_NOR2|Latency_to_first_investigation_Stakan_zone_NOR2|Learning_T1max|rear_support|Grip,0.0,0.3,0.09027066135394352,0.17095171037129706,0.007597871758312064,0.10498754428808246,10,0.07169114078303905,0.07169114076129898,0.6296630267182874,0.702412299852328,7,3,1,OSQP
10,6,3,10,OFT_distance|Average_speed_OFT|Time_inCenter_OFT|Average_speed_NOR1|Latency_to_first_investigation_Piramidka_NOR1|Time_investigating_Stakan_zone_NOR2|Latency_to_first_investigation_Stakan_zone_NOR2|Learning_T1max|rear_support|Grip,0.0,0.1,0.011777188633358575,0.1293938975015896,0.00813676508134784,0.1574747951822787,10,0.4012105119424544,0.1743506961076251,0.5829802665248783,0.7371937143037568,7,3,1,OSQP
10,7,1,10,OFT_distance|Average_speed_OFT|Time_inCenter_OFT|Average_speed_NOR1|Latency_to_first_investigation_Piramidka_NOR1|Time_investigating_Stakan_zone_NOR2|Latency_to_first_investigation_Stakan_zone_NOR2|Learning_T1max|rear_support|Grip,0.0,0.1,0.032736948184739836,0.20417261845545875,0.011614251333160372,0.11803538030476483,10,0.224213084148613,0.1058071360980184,0.6081471347031253,0.6287002387812818,7,3,1,OSQP
10,7,2,10,OFT_distance|Average_speed_OFT|Time_inCenter_OFT|Average_speed_NOR1|Latency_to_first_investigation_Piramidka_NOR1|Time_investigating_Stakan_zone_NOR2|Latency_to_first_investigation_Stakan_zone_NOR2|Learning_T1max|rear_support|Grip,0.0,0.3,0.10145028231228011,0.06644846535046146,0.012128464611105748,0.07258812345202952,10,5.11768409744888e-09,4.51849473235249e-09,0.7975245042971717,0.8170802154733385,7,3,1,OSQP
10,8,1,10,OFT_distance|Average_speed_OFT|Time_inCenter_OFT|Average_speed_NOR1|Latency_to_first_investigation_Piramidka_NOR1|Time_investigating_Stakan_zone_NOR2|Latency_to_first_investigation_Stakan_zone_NOR2|Learning_T1max|rear_support|Grip,0.0,0.2,0.05691160199454905,0.11591876108186255,0.02084137066705651,0.1353523239682669,10,0.13783535211842013,0.09156489416133573,0.5665735977106067,0.5168519271965558,7,3,1,OSQP
10,8,2,10,OFT_distance|Average_speed_OFT|Time_inCenter_OFT|Average_speed_NOR1|Latency_to_first_investigation_Piramidka_NOR1|Time_investigating_Stakan_zone_NOR2|Latency_to_first_investigation_Stakan_zone_NOR2|Learning_T1max|rear_support|Grip,0.0,0.0,0.003906933833335559,0.10447487719507148,0.01840549724822701,0.16860477632466736,10,0.2547945450197392,0.13195650225096203,0.3977732492408834,0.5473588975445344,7,3,1,OSQP
10,8,3,10,OFT_distance|Average_speed_OFT|Time_inCenter_OFT|Average_speed_NOR1|Latency_to_first_investigation_Piramidka_NOR1|Time_investigating_Stakan_zone_NOR2|Latency_to_first_investigation_Stakan_zone_NOR2|Learning_T1max|rear_support|Grip,0.0,0.6,0.15715667091750646,0.09425723138872774,0.005868523979019445,0.08385278611481596,10,0.027764044801780335,0.027764038601159093,0.7447336864416414,0.7685818162797913,7,3,1,OSQP
10,9,1,10,OFT_distance|Average_speed_OFT|Time_inCenter_OFT|Average_speed_NOR1|Latency_to_first_investigation_Piramidka_NOR1|Time_investigating_Stakan_zone_NOR2|Latency_to_first_investigation_Stakan_zone_NOR2|Learning_T1max|rear_support|Grip,0.0,0.3,0.09996279856529952,0.08093815495035679,0.006735549022335335,0.0649963669044023,10,0.10894992709320789,0.08799691184854787,0.680337037240696,0.7474739549908549,7,3,1,OSQP
10,9,3,10,OFT_distance|Average_speed_OFT|Time_inCenter_OFT|Average_speed_NOR1|Latency_to_first_investigation_Piramidka_NOR1|Time_investigating_Stakan_zone_NOR2|Latency_to_first_investigation_Stakan_zone_NOR2|Learning_T1max|rear_support|Grip,0.0,0.5,0.2027118854191759,0.17954195525124067,0.0016346445772149828,0.04609009694361092,10,5.01308016796126e-09,4.310134113492442e-09,0.8240633032186795,0.804861688174288,7,3,1,OSQP
11,0,1,11,OFT_distance|Average_speed_OFT|Time_inCenter_OFT|Average_speed_NOR1|Latency_to_first_investigation_Piramidka_NOR1|Time_investigating_Stakan_zone_NOR2|Latency_to_first_investigation_Stakan_zone_NOR2|Learning_T1max|Learning_T3sum|rear_support|Grip,0.0,0.3,0.07572542344554106,0.14882576265712058,0.04716252730673789,0.17086041635484983,11,0.07973177276263638,0.07973174821834689,0.6269364342432866,0.38530924089287144,7,3,1,OSQP
11,0,2,11,OFT_distance|Average_speed_OFT|Time_inCenter_OFT|Average_speed_NOR1|Latency_to_first_investigation_Piramidka_NOR1|Time_investigating_Stakan_zone_NOR2|Latency_to_first_investigation_Stakan_zone_NOR2|Learning_T1max|Learning_T3sum|rear_support|Grip,0.0,0.1,0.028061101917123826,0.09939427750083504,0.016972443057455804,0.1824511874903535,11,0.2037195457615488,0.1294240861275286,0.622657002736159,0.7997353474423837,7,3,1,OSQP
11,1,1,11,OFT_distance|Average_speed_OFT|Time_inCenter_OFT|Average_speed_NOR1|Latency_to_first_investigation_Piramidka_NOR1|Time_investigating_Stakan_zone_NOR2|Latency_to_first_investigation_Stakan_zone_NOR2|Learning_T1max|Learning_T3sum|rear_support|Grip,0.0,0.6,0.17952068786297862,0.2629357288782185,0.005994198836357107,0.09726954596047248,10,0.10583749568298356,0.09770850977567377,0.7338193107151717,0.7834792234847002,7,3,1,OSQP
11,1,2,11,OFT_distance|Average_speed_OFT|Time_inCenter_OFT|Average_speed_NOR1|Latency_to_first_investigation_Piramidka_NOR1|Time_investigating_Stakan_zone_NOR2|Latency_to_first_investigation_Stakan_zone_NOR2|Learning_T1max|Learning_T3sum|rear_support|Grip,0.0,0.2,0.04096827753364184,0.13155189564900457,0.029564881147986694,0.17199587793894386,11,6.872271083973616e-08,5.0804729530692724e-08,0.39407786895698127,0.49888450243033666,7,3,1,OSQP
11,1,3,11,OFT_distance|Average_speed_OFT|Time_inCenter_OFT|Average_speed_NOR1|Latency_to_first_investigation_Piramidka_NOR1|Time_investigating_Stakan_zone_NOR2|Latency_to_first_investigation_Stakan_zone_NOR2|Learning_T1max|Learning_T3sum|rear_support|Grip,0.06,0.2,0.034890927358841785,157.92973437569006,24429.453188854673,0.18099209779000716,11,0.13863602754196452,0.062334617335814815,0.45340108569093296,-1261.1308149108138,7,3,3,OSQP
11,2,3,11,OFT_distance|Average_speed_OFT|Time_inCenter_OFT|Average_speed_NOR1|Latency_to_first_investigation_Piramidka_NOR1|Time_investigating_Stakan_zone_NOR2|Latency_to_first_investigation_Stakan_zone_NOR2|Learning_T1max|Learning_T3sum|rear_support|Grip,0.0,0.1,0.012446495312589755,0.08481375673043418,0.008176499821688287,0.14186749235113416,11,0.289962996183268,0.1805092923399411,0.6372965762736,0.7120763121736926,7,3,1,OSQP
11,3,1,11,OFT_distance|Average_speed_OFT|Time_inCenter_OFT|Average_speed_NOR1|Latency_to_first_investigation_Piramidka_NOR1|Time_investigating_Stakan_zone_NOR2|Latency_to_first_investigation_Stakan_zone_NOR2|Learning_T1max|Learning_T3sum|rear_support|Grip,0.0,0.1,0.023257319085928263,0.06004208558298948,0.027360940025440535,0.1785350107182796,11,0.1751121730264131,0.08941557366951843,0.43753039956968875,0.46527843198841334,7,3,1,OSQP
11,3,2,11,OFT_distance|Average_speed_OFT|Time_inCenter_OFT|Average_speed_NOR1|Latency_to_first_investigation_Piramidka_NOR1|Time_investigating_Stakan_zone_NOR2|Latency_to_first_investigation_Stakan_zone_NOR2|Learning_T1max|Learning_T3sum|rear_support|Grip,0.0,0.3,0.06414987360951767,0.1344346709106948,0.00920960433112286,0.0942486332449703,11,0.05235400214780343,0.05235400187240193,0.7389939484234537,0.7534650993116726,7,3,1,OSQP
11,3,3,11,OFT_distance|Average_speed_OFT|Time_inCenter_OFT|Average_speed_NOR1|Latency_to_first_investigation_Piramidka_NOR1|Time_investigating_Stakan_zone_NOR2|Latency_to_first_investigation_Stakan_zone_NOR2|Learning_T1max|Learning_T3sum|rear_support|Grip,0.0,0.4,0.11845764363715412,0.06294179974734875,0.004060530357726155,0.09524582736514696,11,0.0748730101305237,0.06788630158709469,0.7254458294887373,0.7795977300180201,7,3,1,OSQP
11,5,1,11,OFT_distance|Average_speed_OFT|Time_inCenter_OFT|Average_speed_NOR1|Latency_to_first_investigation_Piramidka_NOR1|Time_investigating_Stakan_zone_NOR2|Latency_to_first_investigation_Stakan_zone_NOR2|Learning_T1max|Learning_T3sum|rear_support|Grip,0.0,0.1,0.0329903128663838,0.19499175616874243,0.05133236614993916,0.22282878677087123,11,9.258919390846631e-08,6.786558996288813e-08,0.38904627374529377,0.28173979162931384,7,3,1,OSQP
11,5,2,11,OFT_distance|Average_speed_OFT|Time_inCenter_OFT|Average_speed_NOR1|Latency_to_first_investigation_Piramidka_NOR1|Time_investigating_Stakan_zone_NOR2|Latency_to_first_investigation_Stakan_zone_NOR2|Learning_T1max|Learning_T3sum|rear_support|Grip,0.0,0.4,0.07513426272427005,0.025097236309720685,0.0101346327757695,0.11221438762231192,11,0.06698708256210147,0.0669870825538437,0.7989766988605016,0.8380644794012473,7,3,1,OSQP
11,5,3,11,OFT_distance|Average_speed_OFT|Time_inCenter_OFT|Average_speed_NOR1|Latency_to_first_investigation_Piramidka_NOR1|Time_investigating_Stakan_zone_NOR2|Latency_to_first_investigation_Stakan_zone_NOR2|Learning_T1max|Learning_T3sum|rear_support|Grip,0.0,0.5,0.21988283869655983,0.25373396474547577,0.004162363463692269,0.07419755303876199,11,1.9470970527633387e-11,4.859695309168734e-12,0.8582105077702418,0.8373863661932349,7,3,1,OSQP
11,6,1,11,OFT_distance|Average_speed_OFT|Time_inCenter_OFT|Average_speed_NOR1|Latency_to_first_investigation_Piramidka_NOR1|Time_investigating_Stakan_zone_NOR2|Latency_to_first_investigation_Stakan_zone_NOR2|Learning_T1max|Learning_T3sum|rear_support|Grip,0.0,0.2,0.06272201162825936,0.06562877243677809,0.023526079294216722,0.132131054379887,11,0.02261961361038168,0.02261961192827465,0.5900735169049365,0.5577849045897258,7,3,1,OSQP
11,6,2,11,OFT_distance|Average_speed_OFT|Time_inCenter_OFT|Average_speed_NOR1|Latency_to_first_investigation_Piramidka_NOR1|Time_investigating_Stakan_zone_NOR2|Latency_to_first_investigation_Stakan_zone_NOR2|Learning_T1max|Learning_T3sum|rear_support|Grip,0.0,0.3,0.08748404383941916,0.1721336369274533,0.008635133719282095,0.11036100476429339,11,0.061524852038304635,0.06152485173455075,0.6064627219436132,0.685925234253735,7,3,1,OSQP
11,6,3,11,OFT_distance|Average_speed_OFT|Time_inCenter_OFT|Average_speed_NOR1|Latency_to_first_investigation_Piramidka_NOR1|Time_investigating_Stakan_zone_NOR2|Latency_to_first_investigation_Stakan_zone_NOR2|Learning_T1max|Learning_T3sum|rear_support|Grip,0.0,0.1,0.010547222587904036,0.14056750873825888,0.010160273899232094,0.17233500290656764,11,0.35746934569494293,0.1565584435959118,0.5276374647458288,0.6901628125059232,7,3,1,OSQP
11,7,1,11,OFT_distance|Average_speed_OFT|Time_inCenter_OFT|Average_speed_NOR1|Latency_to_first_investigation_Piramidka_NOR1|Time_investigating_Stakan_zone_NOR2|Latency_to_first_investigation_Stakan_zone_NOR2|Learning_T1max|Learning_T3sum|rear_support|Grip,0.0,0.1,0.029969043727460988,0.2037319562380452,0.01225190799079348,0.12126038511052775,11,0.21176326130560208,0.10235447488060326,0.5861808491262979,0.6046612431522118,7,3,1,OSQP
11,7,2,11,OFT_distance|Average_speed_OFT|Time_inCenter_OFT|Average_speed_NOR1|Latency_to_first_investigation_Piramidka_NOR1|Time_investigating_Stakan_zone_NOR2|Latency_to_first_investigation_Stakan_zone_NOR2|Learning_T1max|Learning_T3sum|rear_support|Grip,0.0,0.5,0.09756964140328325,0.06997231239643817,0.010156194990042689,0.07109902757684268,11,2.444938397234018e-09,2.2475454523363596e-09,0.8009995397824937,0.8054915931916706,7,3,1,OSQP
11,8,1,11,OFT_distance|Average_speed_OFT|Time_inCenter_OFT|Average_speed_NOR1|Latency_to_first_investigation_Piramidka_NOR1|Time_investigating_Stakan_zone_NOR2|Latency_to_first_investigation_Stakan_zone_NOR2|Learning_T1max|Learning_T3sum|rear_support|Grip,0.0,0.2,0.05060801502501331,0.11677040530597964,0.025171871035614274,0.149741301639513,11,0.10330420676590604,0.06663940373633237,0.4971067740872742,0.4829404023171917,7,3,1,OSQP
11,8,2,11,OFT_distance|Average_speed_OFT|Time_inCenter_OFT|Average_speed_NOR1|Latency_to_first_investigation_Piramidka_NOR1|Time_investigating_Stakan_zone_NOR2|Latency_to_first_investigation_Stakan_zone_NOR2|Learning_T1max|Learning_T3sum|rear_support|Grip,0.0,0.0,0.0024848840435416145,0.10617166882655514,0.01854337811435629,0.16629699005791743,11,0.24369178552184423,0.12909797945310203,0.39591335212328826,0.5075629348353493,7,3,1,OSQP
11,8,3,11,OFT_distance|Average_speed_OFT|Time_inCenter_OFT|Average_speed_NOR1|Latency_to_first_investigation_Piramidka_NOR1|Time_investigating_Stakan_zone_NOR2|Latency_to_first_investigation_Stakan_zone_NOR2|Learning_T1max|Learning_T3sum|rear_support|Grip,0.0,0.6,0.15550820144345542,0.09699078980184923,0.005693807219732539,0.08469000650735817,11,0.02700301264221407,0.027003012620578665,0.745017922786054,0.7793427794316397,7,3,1,OSQP
11,9,1,11,OFT_distance|Average_speed_OFT|Time_inCenter_OFT|Average_speed_NOR1|Latency_to_first_investigation_Piramidka_NOR1|Time_investigating_Stakan_zone_NOR2|Latency_to_first_investigation_Stakan_zone_NOR2|Learning_T1max|Learning_T3sum|rear_support|Grip,0.0,0.4,0.10495961348758623,0.10561257150618021,0.009420888946032926,0.09519414845995172,11,0.06608916453421748,0.05841821817091781,0.7472419667846126,0.774516934682757,7,3,1,OSQP
11,9,3,11,OFT_distance|Average_speed_OFT|Time_inCenter_OFT|Average_speed_NOR1|Latency_to_first_investigation_Piramidka_NOR1|Time_investigating_Stakan_zone_NOR2|Latency_to_first_investigation_Stakan_zone_NOR2|Learning_T1max|Learning_T3sum|rear_support|Grip,0.0,0.5,0.20247908208717572,0.17603750606428709,0.0017216791130007332,0.04544071320602773,11,3.834307808191476e-11,1.074014026309365e-11,0.8220944232358824,0.8103545260736507,7,3,1,OSQP
12,0,1,12,OFT_distance|Average_speed_OFT|Time_inCenter_OFT|Average_speed_NOR1|Latency_to_first_investigation_Piramidka_NOR1|Time_investigating_Stakan_zone_NOR2|Latency_to_first_investigation_Stakan_zone_NOR2|Learning_T1max|Learning_T3sum|rear_support|Weight|Grip,0.0,0.3,0.07722906549082295,0.14561783836391642,0.046000061719169226,0.17066049153562346,12,0.08043476661864099,0.07963292077776431,0.6342651795964046,0.3861296982142606,7,3,1,OSQP
12,0,2,12,OFT_distance|Average_speed_OFT|Time_inCenter_OFT|Average_speed_NOR1|Latency_to_first_investigation_Piramidka_NOR1|Time_investigating_Stakan_zone_NOR2|Latency_to_first_investigation_Stakan_zone_NOR2|Learning_T1max|Learning_T3sum|rear_support|Weight|Grip,0.0,0.2,0.03483290124595118,0.09565414012424503,0.02019038575364197,0.21168517418021313,12,0.09292132471529578,0.05276594337953517,0.5345734187485565,0.6508115614878196,7,3,1,OSQP
12,1,1,12,OFT_distance|Average_speed_OFT|Time_inCenter_OFT|Average_speed_NOR1|Latency_to_first_investigation_Piramidka_NOR1|Time_investigating_Stakan_zone_NOR2|Latency_to_first_investigation_Stakan_zone_NOR2|Learning_T1max|Learning_T3sum|rear_support|Weight|Grip,0.0,0.5,0.17266719875182726,0.24298438654235469,0.007380633378221529,0.09601516600665994,12,0.05977019107776078,0.059770191077198574,0.8014020145372183,0.7592799081117223,7,3,1,OSQP
12,1,2,12,OFT_distance|Average_speed_OFT|Time_inCenter_OFT|Average_speed_NOR1|Latency_to_first_investigation_Piramidka_NOR1|Time_investigating_Stakan_zone_NOR2|Latency_to_first_investigation_Stakan_zone_NOR2|Learning_T1max|Learning_T3sum|rear_support|Weight|Grip,0.0,0.2,0.04008933975173267,0.12942798212366027,0.028761207902221777,0.17369134290983648,12,9.799618225750196e-09,7.2075603223937805e-09,0.3939711456109798,0.49913612913921523,7,3,1,OSQP
12,1,3,12,OFT_distance|Average_speed_OFT|Time_inCenter_OFT|Average_speed_NOR1|Latency_to_first_investigation_Piramidka_NOR1|Time_investigating_Stakan_zone_NOR2|Latency_to_first_investigation_Stakan_zone_NOR2|Learning_T1max|Learning_T3sum|rear_support|Weight|Grip,0.06,0.2,0.03322748382096162,154.8758531668632,23492.343772550765,0.1811814165261433,12,0.14206694911364,0.05644288943035274,0.4475693145972548,-1236.704154177888,7,3,3,OSQP
12,2,3,12,OFT_distance|Average_speed_OFT|Time_inCenter_OFT|Average_speed_NOR1|Latency_to_first_investigation_Piramidka_NOR1|Time_investigating_Stakan_zone_NOR2|Latency_to_first_investigation_Stakan_zone_NOR2|Learning_T1max|Learning_T3sum|rear_support|Weight|Grip,0.0,0.1,0.01422694129373793,0.09989392483917418,0.010333945029041525,0.18237180973768508,12,0.15733323280972478,0.09838839168357091,0.5516608268297208,0.5657513722040844,7,3,1,OSQP
12,3,1,12,OFT_distance|Average_speed_OFT|Time_inCenter_OFT|Average_speed_NOR1|Latency_to_first_investigation_Piramidka_NOR1|Time_investigating_Stakan_zone_NOR2|Latency_to_first_investigation_Stakan_zone_NOR2|Learning_T1max|Learning_T3sum|rear_support|Weight|Grip,0.0,0.1,0.02306241231267285,0.07388988835208317,0.028136848884955466,0.19867693481507587,12,0.1166565919007655,0.058328297536741874,0.398605211172107,0.4256225637143034,7,3,1,OSQP
12,3,2,12,OFT_distance|Average_speed_OFT|Time_inCenter_OFT|Average_speed_NOR1|Latency_to_first_investigation_Piramidka_NOR1|Time_investigating_Stakan_zone_NOR2|Latency_to_first_investigation_Stakan_zone_NOR2|Learning_T1max|Learning_T3sum|rear_support|Weight|Grip,0.0,0.3,0.06116521374370817,0.11353529886856042,0.010383343072305757,0.10126712322774678,12,0.043053954959180685,0.0430539548362297,0.7382273697263261,0.7420709979495422,7,3,1,OSQP
12,3,3,12,OFT_distance|Average_speed_OFT|Time_inCenter_OFT|Average_speed_NOR1|Latency_to_first_investigation_Piramidka_NOR1|Time_investigating_Stakan_zone_NOR2|Latency_to_first_investigation_Stakan_zone_NOR2|Learning_T1max|Learning_T3sum|rear_support|Weight|Grip,0.0,0.4,0.117654405965505,0.06344494657038545,0.003909303856575052,0.0956935207374326,12,0.07576033242123806,0.06876559733155942,0.7262364508956892,0.7837181831854805,7,3,1,OSQP
12,5,1,12,OFT_distance|Average_speed_OFT|Time_inCenter_OFT|Average_speed_NOR1|Latency_to_first_investigation_Piramidka_NOR1|Time_investigating_Stakan_zone_NOR2|Latency_to_first_investigation_Stakan_zone_NOR2|Learning_T1max|Learning_T3sum|rear_support|Weight|Grip,0.0,0.2,0.043920776395515435,0.19300365177249362,0.05477263391304423,0.20593683229716692,12,8.521060216667131e-08,6.247167024149971e-08,0.43617871744348957,0.32823243502648225,7,3,1,OSQP
12,5,2,12,OFT_distance|Average_speed_OFT|Time_inCenter_OFT|Average_speed_NOR1|Latency_to_first_investigation_Piramidka_NOR1|Time_investigating_Stakan_zone_NOR2|Latency_to_first_investigation_Stakan_zone_NOR2|Learning_T1max|Learning_T3sum|rear_support|Weight|Grip,0.0,0.6,0.0867520879618147,0.043404805263105965,0.014518695941925787,0.11416522569034034,12,0.030773989121373115,0.030773983617969465,0.8155371276333274,0.7889401293802006,7,3,1,OSQP
12,5,3,12,OFT_distance|Average_speed_OFT|Time_inCenter_OFT|Average_speed_NOR1|Latency_to_first_investigation_Piramidka_NOR1|Time_investigating_Stakan_zone_NOR2|Latency_to_first_investigation_Stakan_zone_NOR2|Learning_T1max|Learning_T3sum|rear_support|Weight|Grip,0.0,0.5,0.22177763817144625,0.2593299945411693,0.003957492724481406,0.07245003402000713,12,3.4371524365983355e-10,3.436363895581555e-10,0.8412524457320945,0.8372937533786595,7,3,1,OSQP
12,6,1,12,OFT_distance|Average_speed_OFT|Time_inCenter_OFT|Average_speed_NOR1|Latency_to_first_investigation_Piramidka_NOR1|Time_investigating_Stakan_zone_NOR2|Latency_to_first_investigation_Stakan_zone_NOR2|Learning_T1max|Learning_T3sum|rear_support|Weight|Grip,0.0,0.2,0.06562957571390056,0.0714010122890809,0.02127949974963871,0.1342213960330847,12,0.01910093016280423,0.01910092801868303,0.6025091583475217,0.555592640583806,7,3,1,OSQP
12,6,2,12,OFT_distance|Average_speed_OFT|Time_inCenter_OFT|Average_speed_NOR1|Latency_to_first_investigation_Piramidka_NOR1|Time_investigating_Stakan_zone_NOR2|Latency_to_first_investigation_Stakan_zone_NOR2|Learning_T1max|Learning_T3sum|rear_support|Weight|Grip,0.0,0.4,0.09531279329276841,0.17876211122297536,0.011034698202757315,0.10228494669228211,12,0.061490011996312925,0.0614900119819572,0.6219591467773538,0.687764076397066,7,3,1,OSQP
12,6,3,12,OFT_distance|Average_speed_OFT|Time_inCenter_OFT|Average_speed_NOR1|Latency_to_first_investigation_Piramidka_NOR1|Time_investigating_Stakan_zone_NOR2|Latency_to_first_investigation_Stakan_zone_NOR2|Learning_T1max|Learning_T3sum|rear_support|Weight|Grip,0.0,0.0,0.010890732608307613,0.13253741283239093,0.015968978899121074,0.21607404620138262,11,0.18909505692591108,0.06999852027490794,0.46936086019818246,0.47885769808758627,7,3,1,OSQP
12,7,1,12,OFT_distance|Average_speed_OFT|Time_inCenter_OFT|Average_speed_NOR1|Latency_to_first_investigation_Piramidka_NOR1|Time_investigating_Stakan_zone_NOR2|Latency_to_first_investigation_Stakan_zone_NOR2|Learning_T1max|Learning_T3sum|rear_support|Weight|Grip,0.0,0.1,0.03681449498935509,0.21623576531949454,0.01605655852863056,0.14739097269645307,12,0.15469397397849496,0.07278764347439112,0.5824260258305786,0.5157166132855626,7,3,1,OSQP
12,7,2,12,OFT_distance|Average_speed_OFT|Time_inCenter_OFT|Average_speed_NOR1|Latency_to_first_investigation_Piramidka_NOR1|Time_investigating_Stakan_zone_NOR2|Latency_to_first_investigation_Stakan_zone_NOR2|Learning_T1max|Learning_T3sum|rear_support|Weight|Grip,0.0,0.4,0.10756464490591107,0.04760376237138258,0.006556002346632035,0.05753503649033128,12,9.791498880250603e-09,7.507563204898779e-09,0.828099884841685,0.8350122841273111,7,3,1,OSQP
12,8,1,12,OFT_distance|Average_speed_OFT|Time_inCenter_OFT|Average_speed_NOR1|Latency_to_first_investigation_Piramidka_NOR1|Time_investigating_Stakan_zone_NOR2|Latency_to_first_investigation_Stakan_zone_NOR2|Learning_T1max|Learning_T3sum|rear_support|Weight|Grip,0.0,0.1,0.05301915064434044,0.14339521223396004,0.035482897137462,0.1960667614333733,12,0.0019283747821241337,0.0019283747720937254,0.4454578462425258,0.48197988763318445,7,3,1,OSQP
12,8,2,12,OFT_distance|Average_speed_OFT|Time_inCenter_OFT|Average_speed_NOR1|Latency_to_first_investigation_Piramidka_NOR1|Time_investigating_Stakan_zone_NOR2|Latency_to_first_investigation_Stakan_zone_NOR2|Learning_T1max|Learning_T3sum|rear_support|Weight|Grip,0.0,0.0,0.0021055808302127806,0.10548336170768974,0.018810718908567985,0.16776124726658706,12,0.24187847327144654,0.1271409601876134,0.39803301723111817,0.5076790850732208,7,3,1,OSQP
12,8,3,12,OFT_distance|Average_speed_OFT|Time_inCenter_OFT|Average_speed_NOR1|Latency_to_first_investigation_Piramidka_NOR1|Time_investigating_Stakan_zone_NOR2|Latency_to_first_investigation_Stakan_zone_NOR2|Learning_T1max|Learning_T3sum|rear_support|Weight|Grip,0.0,0.6,0.1559570906731887,0.09304614859126438,0.006409902203825043,0.0830136063596915,12,0.009144732746471866,0.009144732037839864,0.756692513397382,0.7479686660833239,7,3,1,OSQP
12,9,1,12,OFT_distance|Average_speed_OFT|Time_inCenter_OFT|Average_speed_NOR1|Latency_to_first_investigation_Piramidka_NOR1|Time_investigating_Stakan_zone_NOR2|Latency_to_first_investigation_Stakan_zone_NOR2|Learning_T1max|Learning_T3sum|rear_support|Weight|Grip,0.0,0.3,0.09094238631940986,0.10526506277191527,0.01020956537470645,0.10864062871019713,12,0.033788971733277676,0.033788956668171666,0.7225792435270919,0.7592945896938543,7,3,1,OSQP
12,9,3,12,OFT_distance|Average_speed_OFT|Time_inCenter_OFT|Average_speed_NOR1|Latency_to_first_investigation_Piramidka_NOR1|Time_investigating_Stakan_zone_NOR2|Latency_to_first_investigation_Stakan_zone_NOR2|Learning_T1max|Learning_T3sum|rear_support|Weight|Grip,0.0,0.5,0.202321122403535,0.17625402103065116,0.0017822580414145683,0.044655368181484106,12,1.0223123597888706e-10,2.8172170574882345e-11,0.8238029953042724,0.8149948054701622,7,3,1,OSQP
13,0,1,13,OFT_distance|Average_speed_OFT|Time_inCenter_OFT|Average_speed_NOR1|Time_investigating_Piramidka_NOR1|Latency_to_first_investigation_Piramidka_NOR1|Time_investigating_Stakan_zone_NOR2|Latency_to_first_investigation_Stakan_zone_NOR2|Learning_T1max|Learning_T3sum|rear_support|Weight|Grip,0.0,0.3,0.07732523476641572,0.14527493578402892,0.04580153081245986,0.17021212362396784,13,0.08092183487418438,0.07970821234401196,0.633841847170969,0.388507918091455,7,3,1,OSQP
13,0,2,13,OFT_distance|Average_speed_OFT|Time_inCenter_OFT|Average_speed_NOR1|Time_investigating_Piramidka_NOR1|Latency_to_first_investigation_Piramidka_NOR1|Time_investigating_Stakan_zone_NOR2|Latency_to_first_investigation_Stakan_zone_NOR2|Learning_T1max|Learning_T3sum|rear_support|Weight|Grip,0.0,0.1,0.0278741065980382,0.09637914394030256,0.014988447412558921,0.2185970146742907,13,0.06321701910160404,0.035749315512276295,0.5930277501812582,0.6515320364686156,7,3,1,OSQP
13,1,1,13,OFT_distance|Average_speed_OFT|Time_inCenter_OFT|Average_speed_NOR1|Time_investigating_Piramidka_NOR1|Latency_to_first_investigation_Piramidka_NOR1|Time_investigating_Stakan_zone_NOR2|Latency_to_first_investigation_Stakan_zone_NOR2|Learning_T1max|Learning_T3sum|rear_support|Weight|Grip,0.0,0.5,0.17232089214357002,0.23580540695680266,0.009142291905686667,0.09132074658428818,13,0.058720539940816566,0.058720535381804856,0.8156417962163283,0.7773763183754778,7,3,1,OSQP
13,1,2,13,OFT_distance|Average_speed_OFT|Time_inCenter_OFT|Average_speed_NOR1|Time_investigating_Piramidka_NOR1|Latency_to_first_investigation_Piramidka_NOR1|Time_investigating_Stakan_zone_NOR2|Latency_to_first_investigation_Stakan_zone_NOR2|Learning_T1max|Learning_T3sum|rear_support|Weight|Grip,0.0,0.2,0.03829760570998988,0.1270555050965625,0.03040969361832556,0.1745037760603473,13,7.511694247854145e-09,5.518680655128855e-09,0.4109740163911564,0.4973756297235431,7,3,1,OSQP
13,1,3,13,OFT_distance|Average_speed_OFT|Time_inCenter_OFT|Average_speed_NOR1|Time_investigating_Piramidka_NOR1|Latency_to_first_investigation_Piramidka_NOR1|Time_investigating_Stakan_zone_NOR2|Latency_to_first_investigation_Stakan_zone_NOR2|Learning_T1max|Learning_T3sum|rear_support|Weight|Grip,0.06,0.2,0.036781830278807756,191.75576607625894,36001.0104804088,0.20373928746600029,13,0.10124360128920769,0.05243211587743267,0.4706821541430324,-1531.141831872178,7,3,3,OSQP
13,2,3,13,OFT_distance|Average_speed_OFT|Time_inCenter_OFT|Average_speed_NOR1|Time_investigating_Piramidka_NOR1|Latency_to_first_investigation_Piramidka_NOR1|Time_investigating_Stakan_zone_NOR2|Latency_to_first_investigation_Stakan_zone_NOR2|Learning_T1max|Learning_T3sum|rear_support|Weight|Grip,0.0,0.1,0.02699779072935559,0.09756810094693821,0.020046682602079143,0.22682254883548694,12,0.040956624138241325,0.04095661298838569,0.44538410765975256,0.5263665703985887,7,3,1,OSQP
13,3,1,13,OFT_distance|Average_speed_OFT|Time_inCenter_OFT|Average_speed_NOR1|Time_investigating_Piramidka_NOR1|Latency_to_first_investigation_Piramidka_NOR1|Time_investigating_Stakan_zone_NOR2|Latency_to_first_investigation_Stakan_zone_NOR2|Learning_T1max|Learning_T3sum|rear_support|Weight|Grip,0.0,0.1,0.02254491127529229,0.07308604559809251,0.027794813378848537,0.19888061352184258,13,0.11894363266093809,0.05947181913683736,0.4060521394703731,0.4499402914286533,7,3,1,OSQP
13,3,2,13,OFT_distance|Average_speed_OFT|Time_inCenter_OFT|Average_speed_NOR1|Time_investigating_Piramidka_NOR1|Latency_to_first_investigation_Piramidka_NOR1|Time_investigating_Stakan_zone_NOR2|Latency_to_first_investigation_Stakan_zone_NOR2|Learning_T1max|Learning_T3sum|rear_support|Weight|Grip,0.0,0.2,0.06446457424567678,0.11721528266876055,0.010841972980688635,0.10387464692534905,13,0.036056238249212426,0.03605623807696083,0.6943430475597199,0.711282938463292,7,3,1,OSQP
13,3,3,13,OFT_distance|Average_speed_OFT|Time_inCenter_OFT|Average_speed_NOR1|Time_investigating_Piramidka_NOR1|Latency_to_first_investigation_Piramidka_NOR1|Time_investigating_Stakan_zone_NOR2|Latency_to_first_investigation_Stakan_zone_NOR2|Learning_T1max|Learning_T3sum|rear_support|Weight|Grip,0.0,0.4,0.11743341912168877,0.06701824646841636,0.004287369625270356,0.09770577379745979,13,0.07522679442525197,0.06728346887090458,0.7259186320458484,0.7863503796497942,7,3,1,OSQP
13,5,1,13,OFT_distance|Average_speed_OFT|Time_inCenter_OFT|Average_speed_NOR1|Time_investigating_Piramidka_NOR1|Latency_to_first_investigation_Piramidka_NOR1|Time_investigating_Stakan_zone_NOR2|Latency_to_first_investigation_Stakan_zone_NOR2|Learning_T1max|Learning_T3sum|rear_support|Weight|Grip,0.0,0.2,0.04569872291345496,0.191499368661404,0.052737050973890885,0.2085134825027501,13,1.8403167198578295e-08,8.385420112515903e-09,0.42363243395960914,0.3114119685189566,7,3,1,OSQP
13,5,2,13,OFT_distance|Average_speed_OFT|Time_inCenter_OFT|Average_speed_NOR1|Time_investigating_Piramidka_NOR1|Latency_to_first_investigation_Piramidka_NOR1|Time_investigating_Stakan_zone_NOR2|Latency_to_first_investigation_Stakan_zone_NOR2|Learning_T1max|Learning_T3sum|rear_support|Weight|Grip,0.0,0.5,0.08007131671364545,0.03334474012184329,0.01613386180792435,0.12598554426991057,13,0.0065562927705532315,0.006556292764107645,0.7857528695015594,0.7464429794413687,7,3,1,OSQP
13,5,3,13,OFT_distance|Average_speed_OFT|Time_inCenter_OFT|Average_speed_NOR1|Time_investigating_Piramidka_NOR1|Latency_to_first_investigation_Piramidka_NOR1|Time_investigating_Stakan_zone_NOR2|Latency_to_first_investigation_Stakan_zone_NOR2|Learning_T1max|Learning_T3sum|rear_support|Weight|Grip,0.0,0.4,0.2128802463684638,0.24487763927761433,0.002930809664576879,0.0635942593882443,13,1.5662054029222429e-09,1.565076672921806e-09,0.8484174942770224,0.8426909457214511,7,3,1,OSQP
13,6,1,13,OFT_distance|Average_speed_OFT|Time_inCenter_OFT|Average_speed_NOR1|Time_investigating_Piramidka_NOR1|Latency_to_first_investigation_Piramidka_NOR1|Time_investigating_Stakan_zone_NOR2|Latency_to_first_investigation_Stakan_zone_NOR2|Learning_T1max|Learning_T3sum|rear_support|Weight|Grip,0.0,0.2,0.069614231137648,0.08643367813028412,0.01768918307299617,0.13594636300553345,13,0.01118266279602893,0.011182658728415795,0.5875341506881092,0.5876804581894923,7,3,1,OSQP
13,6,2,13,OFT_distance|Average_speed_OFT|Time_inCenter_OFT|Average_speed_NOR1|Time_investigating_Piramidka_NOR1|Latency_to_first_investigation_Piramidka_NOR1|Time_investigating_Stakan_zone_NOR2|Latency_to_first_investigation_Stakan_zone_NOR2|Learning_T1max|Learning_T3sum|rear_support|Weight|Grip,0.0,0.4,0.09873284499404417,0.18989658842883547,0.010014853707252048,0.10182118389904508,13,0.05484653512852579,0.05484653512852579,0.6319949877866011,0.6934050405742624,7,3,1,OSQP
13,6,3,13,OFT_distance|Average_speed_OFT|Time_inCenter_OFT|Average_speed_NOR1|Time_investigating_Piramidka_NOR1|Latency_to_first_investigation_Piramidka_NOR1|Time_investigating_Stakan_zone_NOR2|Latency_to_first_investigation_Stakan_zone_NOR2|Learning_T1max|Learning_T3sum|rear_support|Weight|Grip,0.0,0.1,0.03338921138213654,0.14638100750282798,0.026499234054029448,0.26917062978761835,13,0.03289290681365011,0.03289290512132295,0.4090333079484836,0.4435598497606794,7,3,1,OSQP
13,7,1,13,OFT_distance|Average_speed_OFT|Time_inCenter_OFT|Average_speed_NOR1|Time_investigating_Piramidka_NOR1|Latency_to_first_investigation_Piramidka_NOR1|Time_investigating_Stakan_zone_NOR2|Latency_to_first_investigation_Stakan_zone_NOR2|Learning_T1max|Learning_T3sum|rear_support|Weight|Grip,0.0,0.1,0.03639000025030784,0.21575434454796763,0.016099926448741645,0.147060006863037,13,0.15591224195326206,0.07378171891537763,0.5835321528696906,0.5158118042208831,7,3,1,OSQP
13,7,2,13,OFT_distance|Average_speed_OFT|Time_inCenter_OFT|Average_speed_NOR1|Time_investigating_Piramidka_NOR1|Latency_to_first_investigation_Piramidka_NOR1|Time_investigating_Stakan_zone_NOR2|Latency_to_first_investigation_Stakan_zone_NOR2|Learning_T1max|Learning_T3sum|rear_support|Weight|Grip,0.0,0.4,0.10773038196868859,0.047584786860047586,0.006002430902698163,0.05705022463332137,13,1.342648410403315e-08,1.0218090328988622e-08,0.8310450437609554,0.838382137521152,7,3,1,OSQP
13,8,1,13,OFT_distance|Average_speed_OFT|Time_inCenter_OFT|Average_speed_NOR1|Time_investigating_Piramidka_NOR1|Latency_to_first_investigation_Piramidka_NOR1|Time_investigating_Stakan_zone_NOR2|Latency_to_first_investigation_Stakan_zone_NOR2|Learning_T1max|Learning_T3sum|rear_support|Weight|Grip,0.0,0.2,0.061728371740970324,0.15976544270787021,0.032621531950513864,0.18072557476517356,13,0.007670182895409991,0.007670182892904346,0.4365536430091581,0.5386301728379276,7,3,1,OSQP
13,8,2,13,OFT_distance|Average_speed_OFT|Time_inCenter_OFT|Average_speed_NOR1|Time_investigating_Piramidka_NOR1|Latency_to_first_investigation_Piramidka_NOR1|Time_investigating_Stakan_zone_NOR2|Latency_to_first_investigation_Stakan_zone_NOR2|Learning_T1max|Learning_T3sum|rear_support|Weight|Grip,0.0,0.0,0.005589822251195936,0.14872543965608967,0.023019705370867883,0.1790836275653858,12,0.19733488239079722,0.09866744144543563,0.4052950471392729,0.4249900227199048,7,3,1,OSQP
13,8,3,13,OFT_distance|Average_speed_OFT|Time_inCenter_OFT|Average_speed_NOR1|Time_investigating_Piramidka_NOR1|Latency_to_first_investigation_Piramidka_NOR1|Time_investigating_Stakan_zone_NOR2|Latency_to_first_investigation_Stakan_zone_NOR2|Learning_T1max|Learning_T3sum|rear_support|Weight|Grip,0.0,0.6,0.15742350825897178,0.09947145226844248,0.007000470564326906,0.08495305733025495,13,0.004171866603010929,0.004171866577786126,0.747797043320461,0.7416285938111709,7,3,1,OSQP
13,9,1,13,OFT_distance|Average_speed_OFT|Time_inCenter_OFT|Average_speed_NOR1|Time_investigating_Piramidka_NOR1|Latency_to_first_investigation_Piramidka_NOR1|Time_investigating_Stakan_zone_NOR2|Latency_to_first_investigation_Stakan_zone_NOR2|Learning_T1max|Learning_T3sum|rear_support|Weight|Grip,0.0,0.3,0.0890731667014608,0.10615698445314423,0.010379555043764675,0.10712248535813607,13,0.03513303188925445,0.03513301948966591,0.7221000753152733,0.7590713221037997,7,3,1,OSQP
13,9,3,13,OFT_distance|Average_speed_OFT|Time_inCenter_OFT|Average_speed_NOR1|Time_investigating_Piramidka_NOR1|Latency_to_first_investigation_Piramidka_NOR1|Time_investigating_Stakan_zone_NOR2|Latency_to_first_investigation_Stakan_zone_NOR2|Learning_T1max|Learning_T3sum|rear_support|Weight|Grip,0.0,0.5,0.20242809061995853,0.17511775518735043,0.0016522815513055377,0.04283950445065401,13,1.5705245888142153e-09,1.5355772956950505e-09,0.824949632402571,0.8205644000263669,7,3,1,OSQP
14,0,1,14,OFT_distance|Average_speed_OFT|Time_inCenter_OFT|Average_speed_NOR1|Time_investigating_Piramidka_NOR1|Latency_to_first_investigation_Piramidka_NOR1|Time_investigating_Stakan_zone_NOR2|Latency_to_first_investigation_Stakan_zone_NOR2|Learning_T1max|Learning_T3sum|EnduranceT|rear_support|Weight|Grip,0.0,0.3,0.09580702252337525,0.1290094652746383,0.047017704961734075,0.17847809140643117,14,0.0448085983061025,0.041849917688830854,0.6272211198975466,0.38240064067019286,9,3,2,OSQP
14,0,2,14,OFT_distance|Average_speed_OFT|Time_inCenter_OFT|Average_speed_NOR1|Time_investigating_Piramidka_NOR1|Latency_to_first_investigation_Piramidka_NOR1|Time_investigating_Stakan_zone_NOR2|Latency_to_first_investigation_Stakan_zone_NOR2|Learning_T1max|Learning_T3sum|EnduranceT|rear_support|Weight|Grip,0.0,0.1,0.024697528326075743,0.0995585428399256,0.014354812387908365,0.21714260271219588,14,0.05611170094317946,0.048598163048717155,0.5865433521983426,0.6776062378416796,9,3,1,OSQP
14,1,1,14,OFT_distance|Average_speed_OFT|Time_inCenter_OFT|Average_speed_NOR1|Time_investigating_Piramidka_NOR1|Latency_to_first_investigation_Piramidka_NOR1|Time_investigating_Stakan_zone_NOR2|Latency_to_first_investigation_Stakan_zone_NOR2|Learning_T1max|Learning_T3sum|EnduranceT|rear_support|Weight|Grip,0.0,0.5,0.1778328366031414,0.23730473728631626,0.009661731516683026,0.09319848364065758,14,0.05132352154697774,0.051323521535656745,0.7958668710649991,0.7761819667227399,9,3,1,OSQP
14,1,2,14,OFT_distance|Average_speed_OFT|Time_inCenter_OFT|Average_speed_NOR1|Time_investigating_Piramidka_NOR1|Latency_to_first_investigation_Piramidka_NOR1|Time_investigating_Stakan_zone_NOR2|Latency_to_first_investigation_Stakan_zone_NOR2|Learning_T1max|Learning_T3sum|EnduranceT|rear_support|Weight|Grip,0.0,0.2,0.03696140949148129,0.12613381404063523,0.03072840574826463,0.17514855296205006,14,1.002210946380115e-08,7.35142437503224e-09,0.40954006181159786,0.49747347276492904,9,3,1,OSQP
14,1,3,14,OFT_distance|Average_speed_OFT|Time_inCenter_OFT|Average_speed_NOR1|Time_investigating_Piramidka_NOR1|Latency_to_first_investigation_Piramidka_NOR1|Time_investigating_Stakan_zone_NOR2|Latency_to_first_investigation_Stakan_zone_NOR2|Learning_T1max|Learning_T3sum|EnduranceT|rear_support|Weight|Grip,0.06,0.2,0.0434755875813993,141.25633437380708,19540.656413183562,0.16697188234322669,14,0.05399493441489933,0.03729692133988507,0.47964757796059343,-1127.723957953873,9,3,3,OSQP
14,2,3,14,OFT_distance|Average_speed_OFT|Time_inCenter_OFT|Average_speed_NOR1|Time_investigating_Piramidka_NOR1|Latency_to_first_investigation_Piramidka_NOR1|Time_investigating_Stakan_zone_NOR2|Latency_to_first_investigation_Stakan_zone_NOR2|Learning_T1max|Learning_T3sum|EnduranceT|rear_support|Weight|Grip,0.0,0.1,0.026484381487441568,0.08674600342546716,0.020475934933789845,0.22514494215298564,14,0.043805151015306895,0.043805151015306895,0.4619233719579907,0.5279196160220346,9,3,1,OSQP
14,3,1,14,OFT_distance|Average_speed_OFT|Time_inCenter_OFT|Average_speed_NOR1|Time_investigating_Piramidka_NOR1|Latency_to_first_investigation_Piramidka_NOR1|Time_investigating_Stakan_zone_NOR2|Latency_to_first_investigation_Stakan_zone_NOR2|Learning_T1max|Learning_T3sum|EnduranceT|rear_support|Weight|Grip,0.0,0.1,0.023273262719112436,0.05674707819346376,0.023267021045760214,0.1921291046650621,14,0.13432068767443522,0.0671603488724898,0.43304117460183167,0.4745029540614484,9,3,1,OSQP
14,3,2,14,OFT_distance|Average_speed_OFT|Time_inCenter_OFT|Average_speed_NOR1|Time_investigating_Piramidka_NOR1|Latency_to_first_investigation_Piramidka_NOR1|Time_investigating_Stakan_zone_NOR2|Latency_to_first_investigation_Stakan_zone_NOR2|Learning_T1max|Learning_T3sum|EnduranceT|rear_support|Weight|Grip,0.0,0.2,0.06440693459002235,0.1242055451290641,0.01100933852408596,0.10669247144209953,14,0.02918685427661246,0.029186854265833822,0.6985260178840543,0.6976328697221479,9,3,1,OSQP
14,3,3,14,OFT_distance|Average_speed_OFT|Time_inCenter_OFT|Average_speed_NOR1|Time_investigating_Piramidka_NOR1|Latency_to_first_investigation_Piramidka_NOR1|Time_investigating_Stakan_zone_NOR2|Latency_to_first_investigation_Stakan_zone_NOR2|Learning_T1max|Learning_T3sum|EnduranceT|rear_support|Weight|Grip,0.0,0.4,0.11767508986845332,0.07262619815572965,0.003598741426506808,0.09183128490308852,14,0.07725682647619765,0.07725681380484964,0.7034762426787392,0.811565994158642,9,3,1,OSQP
14,5,1,14,OFT_distance|Average_speed_OFT|Time_inCenter_OFT|Average_speed_NOR1|Time_investigating_Piramidka_NOR1|Latency_to_first_investigation_Piramidka_NOR1|Time_investigating_Stakan_zone_NOR2|Latency_to_first_investigation_Stakan_zone_NOR2|Learning_T1max|Learning_T3sum|EnduranceT|rear_support|Weight|Grip,0.0,0.3,0.05890026109936549,0.20512102017252762,0.05055354367260619,0.20217831096689048,14,6.677186074588576e-08,4.9103215240093215e-08,0.43149530699733507,0.3237530340172352,9,3,1,OSQP
14,5,2,14,OFT_distance|Average_speed_OFT|Time_inCenter_OFT|Average_speed_NOR1|Time_investigating_Piramidka_NOR1|Latency_to_first_investigation_Piramidka_NOR1|Time_investigating_Stakan_zone_NOR2|Latency_to_first_investigation_Stakan_zone_NOR2|Learning_T1max|Learning_T3sum|EnduranceT|rear_support|Weight|Grip,0.0,0.4,0.07909166540046864,0.03569443865188763,0.016805841909868422,0.12520219518637948,14,0.007323298076401907,0.007323298071285107,0.7830854638743261,0.7484721882563897,9,3,1,OSQP
14,5,3,14,OFT_distance|Average_speed_OFT|Time_inCenter_OFT|Average_speed_NOR1|Time_investigating_Piramidka_NOR1|Latency_to_first_investigation_Piramidka_NOR1|Time_investigating_Stakan_zone_NOR2|Latency_to_first_investigation_Stakan_zone_NOR2|Learning_T1max|Learning_T3sum|EnduranceT|rear_support|Weight|Grip,0.0,0.4,0.2099863371621835,0.24464478792243236,0.00280707413702469,0.0630468436577119,14,3.8628603295694484e-09,2.167353088690175e-09,0.8407426657320407,0.8459943601669241,9,3,1,OSQP
14,6,1,14,OFT_distance|Average_speed_OFT|Time_inCenter_OFT|Average_speed_NOR1|Time_investigating_Piramidka_NOR1|Latency_to_first_investigation_Piramidka_NOR1|Time_investigating_Stakan_zone_NOR2|Latency_to_first_investigation_Stakan_zone_NOR2|Learning_T1max|Learning_T3sum|EnduranceT|rear_support|Weight|Grip,0.0,0.2,0.0701871197016302,0.0888181081780841,0.015029233837017743,0.1332564296929703,14,0.016086371687095525,0.01608637167483584,0.5925328543336892,0.6020062131959956,9,3,1,OSQP
14,6,2,14,OFT_distance|Average_speed_OFT|Time_inCenter_OFT|Average_speed_NOR1|Time_investigating_Piramidka_NOR1|Latency_to_first_investigation_Piramidka_NOR1|Time_investigating_Stakan_zone_NOR2|Latency_to_first_investigation_Stakan_zone_NOR2|Learning_T1max|Learning_T3sum|EnduranceT|rear_support|Weight|Grip,0.0,0.4,0.09648647512009265,0.18555539792467643,0.009494843008786,0.10091049518535024,14,0.05643300011820993,0.05643300008516287,0.636775874613874,0.6962462677307016,9,3,1,OSQP
14,6,3,14,OFT_distance|Average_speed_OFT|Time_inCenter_OFT|Average_speed_NOR1|Time_investigating_Piramidka_NOR1|Latency_to_first_investigation_Piramidka_NOR1|Time_investigating_Stakan_zone_NOR2|Latency_to_first_investigation_Stakan_zone_NOR2|Learning_T1max|Learning_T3sum|EnduranceT|rear_support|Weight|Grip,0.0,0.1,0.037441527687836776,0.12552324750052424,0.029184551402502385,0.2741217998852318,14,9.939970688563408e-09,7.528269239553303e-09,0.35468456002701043,0.48004288622503255,9,3,1,OSQP
14,7,1,14,OFT_distance|Average_speed_OFT|Time_inCenter_OFT|Average_speed_NOR1|Time_investigating_Piramidka_NOR1|Latency_to_first_investigation_Piramidka_NOR1|Time_investigating_Stakan_zone_NOR2|Latency_to_first_investigation_Stakan_zone_NOR2|Learning_T1max|Learning_T3sum|EnduranceT|rear_support|Weight|Grip,0.0,0.2,0.0411977049777207,0.2226368051207059,0.01582953163964335,0.14772388265075045,14,0.12733260178664052,0.06532775855494952,0.6382302369521202,0.5778187636819182,9,3,1,OSQP
14,7,2,14,OFT_distance|Average_speed_OFT|Time_inCenter_OFT|Average_speed_NOR1|Time_investigating_Piramidka_NOR1|Latency_to_first_investigation_Piramidka_NOR1|Time_investigating_Stakan_zone_NOR2|Latency_to_first_investigation_Stakan_zone_NOR2|Learning_T1max|Learning_T3sum|EnduranceT|rear_support|Weight|Grip,0.0,0.4,0.1050378174301976,0.054730644407862614,0.0052915154087867025,0.05489133668349747,14,6.75049063651932e-11,2.8927176815292756e-11,0.7914762030700051,0.8351374595087633,9,3,1,OSQP
14,8,1,14,OFT_distance|Average_speed_OFT|Time_inCenter_OFT|Average_speed_NOR1|Time_investigating_Piramidka_NOR1|Latency_to_first_investigation_Piramidka_NOR1|Time_investigating_Stakan_zone_NOR2|Latency_to_first_investigation_Stakan_zone_NOR2|Learning_T1max|Learning_T3sum|EnduranceT|rear_support|Weight|Grip,0.0,0.1,0.060981315298688984,0.15889457306226756,0.032671126376994535,0.18071191380671617,14,0.008704676833480415,0.008704672711098453,0.4390151748744511,0.5362437042578972,9,3,1,OSQP
14,8,2,14,OFT_distance|Average_speed_OFT|Time_inCenter_OFT|Average_speed_NOR1|Time_investigating_Piramidka_NOR1|Latency_to_first_investigation_Piramidka_NOR1|Time_investigating_Stakan_zone_NOR2|Latency_to_first_investigation_Stakan_zone_NOR2|Learning_T1max|Learning_T3sum|EnduranceT|rear_support|Weight|Grip,0.0,0.0,0.005822106071477012,0.14161306941104726,0.021379557310551394,0.16927940847868786,14,0.20798629546855305,0.10636213921033959,0.4556193858958286,0.4502470806901835,9,3,1,OSQP
14,8,3,14,OFT_distance|Average_speed_OFT|Time_inCenter_OFT|Average_speed_NOR1|Time_investigating_Piramidka_NOR1|Latency_to_first_investigation_Piramidka_NOR1|Time_investigating_Stakan_zone_NOR2|Latency_to_first_investigation_Stakan_zone_NOR2|Learning_T1max|Learning_T3sum|EnduranceT|rear_support|Weight|Grip,0.0,0.6,0.15698614134280237,0.09569737230070212,0.004904532253199954,0.08050996774828797,14,6.284699617974029e-10,6.117034376704155e-10,0.6842901791178246,0.824011323373385,9,3,1,OSQP
14,9,1,14,OFT_distance|Average_speed_OFT|Time_inCenter_OFT|Average_speed_NOR1|Time_investigating_Piramidka_NOR1|Latency_to_first_investigation_Piramidka_NOR1|Time_investigating_Stakan_zone_NOR2|Latency_to_first_investigation_Stakan_zone_NOR2|Learning_T1max|Learning_T3sum|EnduranceT|rear_support|Weight|Grip,0.0,0.3,0.08763113845731844,0.10458926076052838,0.010419693170349381,0.10603294519193565,14,0.03511288153730918,0.03511287323271694,0.7227500039466862,0.7560808337270786,9,3,1,OSQP
14,9,3,14,OFT_distance|Average_speed_OFT|Time_inCenter_OFT|Average_speed_NOR1|Time_investigating_Piramidka_NOR1|Latency_to_first_investigation_Piramidka_NOR1|Time_investigating_Stakan_zone_NOR2|Latency_to_first_investigation_Stakan_zone_NOR2|Learning_T1max|Learning_T3sum|EnduranceT|rear_support|Weight|Grip,0.0,0.5,0.2021570587699379,0.17518759489215793,0.0016549463200229632,0.04275184805142394,14,2.210424946686236e-11,1.5614248608629877e-11,0.825099868103407,0.8205848544299471,9,3,1,OSQP
15,0,1,15,OFT_distance|Average_speed_OFT|Time_inCenter_OFT|Average_speed_NOR1|Time_investigating_Piramidka_NOR1|Latency_to_first_investigation_Piramidka_NOR1|Time_investigating_Stakan_zone_NOR2|Latency_to_first_investigation_Stakan_zone_NOR2|Learning_T1max|Learning_T3sum|EnduranceT|rear_support|rear_nosupport|Weight|Grip,0.0,0.4,0.10002554454399933,0.14329663992205505,0.03436306043925182,0.16291879562638123,15,0.03755247723665312,0.037552461947612595,0.6567048387545372,0.4231421638136734,9,3,2,OSQP
15,0,2,15,OFT_distance|Average_speed_OFT|Time_inCenter_OFT|Average_speed_NOR1|Time_investigating_Piramidka_NOR1|Latency_to_first_investigation_Piramidka_NOR1|Time_investigating_Stakan_zone_NOR2|Latency_to_first_investigation_Stakan_zone_NOR2|Learning_T1max|Learning_T3sum|EnduranceT|rear_support|rear_nosupport|Weight|Grip,0.0,0.1,0.029493101587109605,0.09138368238437039,0.011413186275943033,0.22573254539449208,15,0.019212384549312886,0.0167712709172104,0.41984025921133206,0.59145044246031,9,3,1,OSQP
15,1,1,15,OFT_distance|Average_speed_OFT|Time_inCenter_OFT|Average_speed_NOR1|Time_investigating_Piramidka_NOR1|Latency_to_first_investigation_Piramidka_NOR1|Time_investigating_Stakan_zone_NOR2|Latency_to_first_investigation_Stakan_zone_NOR2|Learning_T1max|Learning_T3sum|EnduranceT|rear_support|rear_nosupport|Weight|Grip,0.0,0.5,0.17803855556964174,0.23317038861331912,0.009831008460653051,0.09318518171848707,15,0.05006555675146188,0.05006555674778751,0.7937921231305229,0.7784402904310719,9,3,1,OSQP
15,1,2,15,OFT_distance|Average_speed_OFT|Time_inCenter_OFT|Average_speed_NOR1|Time_investigating_Piramidka_NOR1|Latency_to_first_investigation_Piramidka_NOR1|Time_investigating_Stakan_zone_NOR2|Latency_to_first_investigation_Stakan_zone_NOR2|Learning_T1max|Learning_T3sum|EnduranceT|rear_support|rear_nosupport|Weight|Grip,0.0,0.2,0.03682387599957428,0.12133398619798103,0.029132496382428357,0.17247673431835028,15,7.1208143788235875e-09,5.2031550129072155e-09,0.42087856727556905,0.5008570292540705,9,3,1,OSQP
15,1,3,15,OFT_distance|Average_speed_OFT|Time_inCenter_OFT|Average_speed_NOR1|Time_investigating_Piramidka_NOR1|Latency_to_first_investigation_Piramidka_NOR1|Time_investigating_Stakan_zone_NOR2|Latency_to_first_investigation_Stakan_zone_NOR2|Learning_T1max|Learning_T3sum|EnduranceT|rear_support|rear_nosupport|Weight|Grip,0.06,0.2,0.043226363695992046,141.37710664570088,19574.01908870206,0.16712365389286385,15,0.05354066557029901,0.03627505917874794,0.47982782199286067,-1128.6869560910227,9,3,3,OSQP
15,2,3,15,OFT_distance|Average_speed_OFT|Time_inCenter_OFT|Average_speed_NOR1|Time_investigating_Piramidka_NOR1|Latency_to_first_investigation_Piramidka_NOR1|Time_investigating_Stakan_zone_NOR2|Latency_to_first_investigation_Stakan_zone_NOR2|Learning_T1max|Learning_T3sum|EnduranceT|rear_support|rear_nosupport|Weight|Grip,0.0,0.1,0.029713152992562962,0.09169537723781213,0.01939584946963873,0.2164512597110338,14,0.04917381162755422,0.04917380194030653,0.48925916074431197,0.5145581861759215,9,3,1,OSQP
15,3,1,15,OFT_distance|Average_speed_OFT|Time_inCenter_OFT|Average_speed_NOR1|Time_investigating_Piramidka_NOR1|Latency_to_first_investigation_Piramidka_NOR1|Time_investigating_Stakan_zone_NOR2|Latency_to_first_investigation_Stakan_zone_NOR2|Learning_T1max|Learning_T3sum|EnduranceT|rear_support|rear_nosupport|Weight|Grip,0.0,0.1,0.022894891084037992,0.0769563466489166,0.025816810944100984,0.19422561143064318,15,0.09686761456480412,0.048433823959487775,0.39405919596750705,0.3968527572425108,9,3,1,OSQP
15,3,2,15,OFT_distance|Average_speed_OFT|Time_inCenter_OFT|Average_speed_NOR1|Time_investigating_Piramidka_NOR1|Latency_to_first_investigation_Piramidka_NOR1|Time_investigating_Stakan_zone_NOR2|Latency_to_first_investigation_Stakan_zone_NOR2|Learning_T1max|Learning_T3sum|EnduranceT|rear_support|rear_nosupport|Weight|Grip,0.0,0.2,0.06333107967159103,0.14271564860433417,0.010422561672338982,0.11039090825071161,15,0.0230707024986673,0.02307069310095023,0.6964822392658669,0.665610226322016,9,3,1,OSQP
15,3,3,15,OFT_distance|Average_speed_OFT|Time_inCenter_OFT|Average_speed_NOR1|Time_investigating_Piramidka_NOR1|Latency_to_first_investigation_Piramidka_NOR1|Time_investigating_Stakan_zone_NOR2|Latency_to_first_investigation_Stakan_zone_NOR2|Learning_T1max|Learning_T3sum|EnduranceT|rear_support|rear_nosupport|Weight|Grip,0.0,0.4,0.11893943196961017,0.07672968033795949,0.0037845259955276516,0.0929718738782569,15,0.07536791778407469,0.07536791764142686,0.7032517874540938,0.8102104433385179,9,3,1,OSQP
15,5,1,15,OFT_distance|Average_speed_OFT|Time_inCenter_OFT|Average_speed_NOR1|Time_investigating_Piramidka_NOR1|Latency_to_first_investigation_Piramidka_NOR1|Time_investigating_Stakan_zone_NOR2|Latency_to_first_investigation_Stakan_zone_NOR2|Learning_T1max|Learning_T3sum|EnduranceT|rear_support|rear_nosupport|Weight|Grip,0.0,0.3,0.05822156558603555,0.20374767394310944,0.049287442600696986,0.2016991540955586,15,6.401056397563699e-08,4.655519348163557e-08,0.43252079643815955,0.33817272688813604,9,3,1,OSQP
15,5,2,15,OFT_distance|Average_speed_OFT|Time_inCenter_OFT|Average_speed_NOR1|Time_investigating_Piramidka_NOR1|Latency_to_first_investigation_Piramidka_NOR1|Time_investigating_Stakan_zone_NOR2|Latency_to_first_investigation_Stakan_zone_NOR2|Learning_T1max|Learning_T3sum|EnduranceT|rear_support|rear_nosupport|Weight|Grip,0.0,0.5,0.08564766444266785,0.049280846091464006,0.020650972345538723,0.1266376768471972,15,1.7484690693839278e-05,1.7482244130053412e-05,0.6872325363559078,0.7132898052971938,9,3,1,OSQP
15,5,3,15,OFT_distance|Average_speed_OFT|Time_inCenter_OFT|Average_speed_NOR1|Time_investigating_Piramidka_NOR1|Latency_to_first_investigation_Piramidka_NOR1|Time_investigating_Stakan_zone_NOR2|Latency_to_first_investigation_Stakan_zone_NOR2|Learning_T1max|Learning_T3sum|EnduranceT|rear_support|rear_nosupport|Weight|Grip,0.0,0.5,0.22101647857261725,0.25645465843938997,0.0032516301263888145,0.06333992968236705,15,4.551324366073032e-10,3.916700264207702e-10,0.8622646430899027,0.8341700662919445,9,3,1,OSQP
15,6,1,15,OFT_distance|Average_speed_OFT|Time_inCenter_OFT|Average_speed_NOR1|Time_investigating_Piramidka_NOR1|Latency_to_first_investigation_Piramidka_NOR1|Time_investigating_Stakan_zone_NOR2|Latency_to_first_investigation_Stakan_zone_NOR2|Learning_T1max|Learning_T3sum|EnduranceT|rear_support|rear_nosupport|Weight|Grip,0.0,0.2,0.07366495245024837,0.08983772319181098,0.013539461291426016,0.1302404869555042,15,0.011944620563425608,0.011944620547651188,0.6127649578896933,0.6149167549998964,9,3,1,OSQP
15,6,2,15,OFT_distance|Average_speed_OFT|Time_inCenter_OFT|Average_speed_NOR1|Time_investigating_Piramidka_NOR1|Latency_to_first_investigation_Piramidka_NOR1|Time_investigating_Stakan_zone_NOR2|Latency_to_first_investigation_Stakan_zone_NOR2|Learning_T1max|Learning_T3sum|EnduranceT|rear_support|rear_nosupport|Weight|Grip,0.0,0.4,0.09638099650042074,0.1813056538784365,0.009046063505842555,0.10078961645272563,15,0.05550901622916758,0.05550901617674094,0.6419748486913437,0.7004768613104055,9,3,1,OSQP
15,6,3,15,OFT_distance|Average_speed_OFT|Time_inCenter_OFT|Average_speed_NOR1|Time_investigating_Piramidka_NOR1|Latency_to_first_investigation_Piramidka_NOR1|Time_investigating_Stakan_zone_NOR2|Latency_to_first_investigation_Stakan_zone_NOR2|Learning_T1max|Learning_T3sum|EnduranceT|rear_support|rear_nosupport|Weight|Grip,0.0,0.2,0.03815880832895598,0.11558521206498411,0.026715594823419477,0.25489386869689434,15,1.7716247728091814e-08,1.4696210152078602e-08,0.398879713929419,0.48546221326323036,9,3,1,OSQP
15,7,1,15,OFT_distance|Average_speed_OFT|Time_inCenter_OFT|Average_speed_NOR1|Time_investigating_Piramidka_NOR1|Latency_to_first_investigation_Piramidka_NOR1|Time_investigating_Stakan_zone_NOR2|Latency_to_first_investigation_Stakan_zone_NOR2|Learning_T1max|Learning_T3sum|EnduranceT|rear_support|rear_nosupport|Weight|Grip,0.0,0.2,0.04011156664058622,0.2204218975448907,0.016053471509244906,0.1476068050366897,15,0.1269690572659798,0.06613265243248603,0.6390300023848852,0.5592660991489948,9,3,1,OSQP
15,7,2,15,OFT_distance|Average_speed_OFT|Time_inCenter_OFT|Average_speed_NOR1|Time_investigating_Piramidka_NOR1|Latency_to_first_investigation_Piramidka_NOR1|Time_investigating_Stakan_zone_NOR2|Latency_to_first_investigation_Stakan_zone_NOR2|Learning_T1max|Learning_T3sum|EnduranceT|rear_support|rear_nosupport|Weight|Grip,0.0,0.4,0.10490188572953088,0.05462545371303844,0.005262063750658705,0.0549055814298484,15,2.6950918350163782e-09,2.655728960704049e-09,0.7912729016592218,0.8353422148290399,9,3,1,OSQP
15,8,1,15,OFT_distance|Average_speed_OFT|Time_inCenter_OFT|Average_speed_NOR1|Time_investigating_Piramidka_NOR1|Latency_to_first_investigation_Piramidka_NOR1|Time_investigating_Stakan_zone_NOR2|Latency_to_first_investigation_Stakan_zone_NOR2|Learning_T1max|Learning_T3sum|EnduranceT|rear_support|rear_nosupport|Weight|Grip,0.0,0.2,0.06065836321722233,0.15887091329907835,0.032505044916104814,0.180684054799709,15,0.00837429092293399,0.008374283732096435,0.43980911100508613,0.5362047296288228,9,3,1,OSQP
15,8,2,15,OFT_distance|Average_speed_OFT|Time_inCenter_OFT|Average_speed_NOR1|Time_investigating_Piramidka_NOR1|Latency_to_first_investigation_Piramidka_NOR1|Time_investigating_Stakan_zone_NOR2|Latency_to_first_investigation_Stakan_zone_NOR2|Learning_T1max|Learning_T3sum|EnduranceT|rear_support|rear_nosupport|Weight|Grip,0.0,0.0,0.000865751525633765,0.12954209469928943,0.02400382997939016,0.1749690954181582,15,0.19779434964150255,0.10807897219303197,0.46737739542767887,0.47069508548603345,9,3,1,OSQP
15,8,3,15,OFT_distance|Average_speed_OFT|Time_inCenter_OFT|Average_speed_NOR1|Time_investigating_Piramidka_NOR1|Latency_to_first_investigation_Piramidka_NOR1|Time_investigating_Stakan_zone_NOR2|Latency_to_first_investigation_Stakan_zone_NOR2|Learning_T1max|Learning_T3sum|EnduranceT|rear_support|rear_nosupport|Weight|Grip,0.0,0.6,0.15932565152985664,0.09176702596431296,0.0041620822685917,0.07907107320615168,15,2.994646533544071e-09,2.315433093516868e-09,0.6928816348308566,0.8273369399496848,9,3,1,OSQP
15,9,1,15,OFT_distance|Average_speed_OFT|Time_inCenter_OFT|Average_speed_NOR1|Time_investigating_Piramidka_NOR1|Latency_to_first_investigation_Piramidka_NOR1|Time_investigating_Stakan_zone_NOR2|Latency_to_first_investigation_Stakan_zone_NOR2|Learning_T1max|Learning_T3sum|EnduranceT|rear_support|rear_nosupport|Weight|Grip,0.0,0.3,0.08785396624980044,0.10508944538472484,0.010352898115845974,0.10599958367229541,15,0.03521961490234048,0.0352196055485763,0.7231080100169665,0.7571870497785169,9,3,1,OSQP
15,9,3,15,OFT_distance|Average_speed_OFT|Time_inCenter_OFT|Average_speed_NOR1|Time_investigating_Piramidka_NOR1|Latency_to_first_investigation_Piramidka_NOR1|Time_investigating_Stakan_zone_NOR2|Latency_to_first_investigation_Stakan_zone_NOR2|Learning_T1max|Learning_T3sum|EnduranceT|rear_support|rear_nosupport|Weight|Grip,0.0,0.5,0.20403299894450067,0.17492393949915302,0.0017346261797464195,0.043773204320617536,15,1.7651480708538184e-11,7.731195129340223e-12,0.824283558120448,0.8102854079714771,9,3,1,OSQP
