feature,seed,fold,forced_zero_count,forced_zero_features,reference_active_count,ablated_active_count,delta_active_count,reference_slack_sum,ablated_slack_sum,delta_slack_sum,solver_used,reference_V_pos,ablated_V_pos,delta_V_pos,reference_V_sign,ablated_V_sign,delta_V_sign,reference_V_margin,ablated_V_margin,delta_V_margin,reference_V_eq,ablated_V_eq,delta_V_eq,reference_V_var,ablated_V_var,delta_V_var,reference_V_w,ablated_V_w,delta_V_w
Average_speed_OFT,0,1,1,Average_speed_OFT,15,14,-1,0.0030318573811944096,0.0032580468486042074,0.00022618946740979784,OSQP,0.0,0.0,0.0,0.4,0.4,0.0,0.11209197224796985,0.11252622290551187,0.00043425065754201797,0.08989888839957391,0.08992287649421489,2.3988094640978175e-05,0.021915494461291762,0.0220824174553949,0.00016692299410313652,0.14372758288680176,0.143751117629998,2.3534743196246266e-05
Average_speed_OFT,0,2,1,Average_speed_OFT,23,22,-1,0.0974900704007345,0.1283726097410511,0.03088253934031661,OSQP,0.0,0.0,0.0,0.1,0.1,0.0,0.03311771395473223,0.0357467144579506,0.002629000503218369,0.07633388499462185,0.07344072724495296,-0.00289315774966889,0.012164853639474926,0.013450262299395417,0.0012854086599204916,0.18396971000962106,0.1701611925100179,-0.013808517499603157
Average_speed_OFT,1,1,1,Average_speed_OFT,13,13,0,0.07270820797348822,0.07270820797348819,-2.7755575615628914e-17,OSQP,0.0,0.0,0.0,0.5,0.5,0.0,0.18617733771163364,0.18617733771163364,0.0,0.2457059549803096,0.24570595498030956,-2.7755575615628914e-17,0.007035562841298785,0.007035562841298784,-1.734723475976807e-18,0.06902084523738768,0.06902084523738769,1.3877787807814457e-17
Average_speed_OFT,1,2,1,Average_speed_OFT,16,17,1,0.029775255514670803,0.0926119581393667,0.0628367026246959,OSQP,0.0,0.0,0.0,0.2,0.2,0.0,0.04459746973867269,0.045707823472006005,0.0011103537333333122,0.11119710552171197,0.11097343926950635,-0.00022366625220561487,0.013822665068512619,0.008939419919169217,-0.004883245149343402,0.14433897015349334,0.11583117880501871,-0.02850779134847463
Average_speed_OFT,1,3,1,Average_speed_OFT,14,17,3,0.04536287901674088,0.05636454416206029,0.01100166514531941,OSQP,0.0,0.06,0.06,0.4,0.4,0.0,0.08707515416325036,0.08242924356855012,-0.004645910594700237,0.13889515515307574,28.042389859909008,27.903494704755932,0.011942935569307372,774.3578714700675,774.3459285344982,0.1519804747582696,0.14291933761624906,-0.009061137142020531
Average_speed_OFT,2,3,1,Average_speed_OFT,18,19,1,0.15268257099775284,0.20283045070042408,0.05014787970267123,OSQP,0.0,0.0,0.0,0.1,0.2,0.1,0.032676071491899564,0.038032224710717044,0.00535615321881748,0.060870992645814914,0.06238881610658628,0.001517823460771367,0.008268744597400844,0.00858427007105375,0.0003155254736529056,0.16235007089481632,0.14422903861920594,-0.018121032275610377
Average_speed_OFT,3,1,1,Average_speed_OFT,22,19,-3,0.18974721319511076,0.20538647765699758,0.01563926446188682,OSQP,0.0,0.0,0.0,0.1,0.1,0.0,0.027569986421355303,0.02855943345684009,0.0009894470354847862,0.06095892799794378,0.05410597378845495,-0.0068529542094888304,0.015956048135074983,0.017946185736487343,0.0019901376014123603,0.18241720053846797,0.16929375679902153,-0.013123443739446433
Average_speed_OFT,3,2,1,Average_speed_OFT,13,13,0,0.07671893711342005,0.0828036360281031,0.006084698914683051,OSQP,0.0,0.0,0.0,0.4,0.4,0.0,0.09070176080458908,0.09221687686535152,0.0015151160607624337,0.119552770923133,0.11477944785039755,-0.0047733230727354525,0.009499113531474354,0.009915455253808726,0.00041634172233437176,0.07090204596420427,0.07034900296822255,-0.0005530429959817174
Average_speed_OFT,3,3,1,Average_speed_OFT,19,18,-1,7.775383011273989e-21,7.716446590183775e-21,-5.893642109021325e-23,OSQP,0.0,0.0,0.0,0.4,0.4,0.0,0.14172493613765222,0.142379019612855,0.0006540834752027935,0.10770580136402266,0.10815321410271675,0.00044741273869408626,0.009469848028462178,0.009636853456656148,0.00016700542819396945,0.10014566225218006,0.09968121237425359,-0.0004644498779264733
Average_speed_OFT,5,1,1,Average_speed_OFT,22,22,0,0.007711875685167556,0.03553091509578142,0.027819039410613866,OSQP,0.0,0.0,0.0,0.3,0.3,0.0,0.06641428492965126,0.0666123773633709,0.00019809243371964047,0.1547757657450547,0.12454965135198054,-0.030226114393074155,0.0380124238131268,0.04631956488184787,0.008307141068721074,0.19637579007077868,0.18415340245677106,-0.012222387614007624
Average_speed_OFT,5,2,1,Average_speed_OFT,13,13,0,0.04639464830919164,0.06251060594112695,0.01611595763193531,OSQP,0.0,0.0,0.0,0.6,0.6,0.0,0.09176306194528458,0.09343063268361942,0.0016675707383348448,0.03138775660734407,0.03706881268022693,0.005681056072882863,0.012598397373549536,0.014081802536820738,0.0014834051632712023,0.09653797457607813,0.08487993400628353,-0.011658040569794595
Average_speed_OFT,5,3,1,Average_speed_OFT,13,13,0,3.0902420741747107e-20,2.863119816323226e-20,-2.271222578514845e-21,OSQP,0.0,0.0,0.0,0.5,0.5,0.0,0.2131633314057242,0.2131633314057242,0.0,0.24021292813521314,0.24021292813521314,0.0,0.002580268384467606,0.0025802683844676063,4.336808689942018e-19,0.05087272807949515,0.050872728079495166,1.3877787807814457e-17
Average_speed_OFT,6,1,1,Average_speed_OFT,22,22,0,0.0033651707045889876,0.003365170704588941,-4.683753385137379e-17,OSQP,0.0,0.0,0.0,0.4,0.4,0.0,0.09322632571496539,0.09322632571496535,-4.163336342344337e-17,0.06276572911117026,0.06276572911117026,0.0,0.014793005580131994,0.014793005580132003,8.673617379884035e-18,0.11023854848323403,0.11023854848323407,4.163336342344337e-17
Average_speed_OFT,6,2,1,Average_speed_OFT,23,22,-1,0.061451051870933776,0.06495942696531257,0.0035083750943787906,OSQP,0.0,0.0,0.0,0.4,0.4,0.0,0.1180247418578166,0.11955871543524114,0.0015339735774245467,0.21866610102154974,0.2202037862432781,0.0015376852217283687,0.012011179471237894,0.011875575653684458,-0.00013560381755343617,0.09868751342878417,0.09823174908387805,-0.00045576434490611495
Average_speed_OFT,6,3,1,Average_speed_OFT,21,21,0,0.11287652472032114,0.23039867061171004,0.1175221458913889,OSQP,0.0,0.0,0.0,0.3,0.3,0.0,0.04304914978548047,0.048361960508608005,0.005312810723127538,0.1231875975195572,0.1331840585445852,0.009996461025028006,0.01680739000531638,0.013393241724903375,-0.003414148280413006,0.23106273395374274,0.17236855207425295,-0.0586941818794898
Average_speed_OFT,7,1,1,Average_speed_OFT,17,17,0,0.1499038780522447,0.14990387805224464,-5.551115123125783e-17,OSQP,0.0,0.0,0.0,0.3,0.3,0.0,0.06370868946441466,0.06370868946441464,-1.3877787807814457e-17,0.21838530246191543,0.21838530246191545,2.7755575615628914e-17,0.009609755430380442,0.00960975543038045,6.938893903907228e-18,0.11527610665201535,0.11527610665201536,1.3877787807814457e-17
Average_speed_OFT,7,2,1,Average_speed_OFT,13,13,0,1.9361865261387283e-19,1.987940806567569e-19,5.1754280428840685e-21,OSQP,0.0,0.0,0.0,0.3,0.4,0.10000000000000003,0.10957555591925332,0.11186063395849995,0.0022850780392466297,0.032276472358410455,0.03067863001449371,-0.0015978423439167444,0.0037973548347704656,0.00432522437521309,0.0005278695404426241,0.051907025728681694,0.052574655775359594,0.0006676300466779
Average_speed_OFT,8,1,1,Average_speed_OFT,18,17,-1,0.2263803913777176,0.25379026220565326,0.027409870827935667,OSQP,0.0,0.0,0.0,0.4,0.3,-0.10000000000000003,0.08138120708872416,0.07641576864888325,-0.004965438439840916,0.12982591303201763,0.13550829633099204,0.005682383298974414,0.010618025420993998,0.010427468560292452,-0.0001905568607015462,0.0890515551664216,0.08371433078419434,-0.005337224382227265
Average_speed_OFT,8,2,1,Average_speed_OFT,23,22,-1,0.1244952426022337,0.12693734239309706,0.002442099790863364,OSQP,0.0,0.0,0.0,0.2,0.2,0.0,0.02422326420255525,0.025767609322391694,0.001544345119836442,0.1577586050649493,0.160578813659233,0.0028202085942836963,0.03222094458838797,0.032459326221883335,0.00023838163349536312,0.18381869151940597,0.1817784228378217,-0.002040268681584273
Average_speed_OFT,8,3,1,Average_speed_OFT,11,11,0,0.02789366835850634,0.027893668358506294,-4.5102810375396984e-17,OSQP,0.0,0.0,0.0,0.6,0.6,0.0,0.17644644022511752,0.1764464402251175,-2.7755575615628914e-17,0.06995021856329897,0.06995021856329899,1.3877787807814457e-17,0.0037630021553013045,0.0037630021553013075,3.0357660829594124e-18,0.0648356218045125,0.06483562180451251,1.3877787807814457e-17
Average_speed_OFT,9,1,1,Average_speed_OFT,15,15,0,0.05074365536270324,0.050743655362703255,1.3877787807814457e-17,OSQP,0.0,0.0,0.0,0.4,0.4,0.0,0.11360067209707445,0.11360067209707447,2.7755575615628914e-17,0.09972798362904345,0.09972798362904345,0.0,0.008611977809919636,0.008611977809919635,-1.734723475976807e-18,0.08976680144377723,0.08976680144377724,1.3877787807814457e-17
Average_speed_OFT,9,3,1,Average_speed_OFT,13,13,0,2.9922454574571754e-22,4.64166888913991e-22,1.649423431682735e-22,OSQP,0.0,0.0,0.0,0.4,0.4,0.0,0.19943247603842243,0.1994324760384224,-2.7755575615628914e-17,0.18979982737657833,0.18979982737657833,0.0,0.001966391316024796,0.001966391316024796,0.0,0.0449847609360299,0.044984760936029905,6.938893903907228e-18
Learning_T3sum,0,1,1,Learning_T3sum,15,17,2,0.0030318573811944096,0.002198086027502182,-0.0008337713536922275,OSQP,0.0,0.0,0.0,0.4,0.4,0.0,0.11209197224796985,0.11522959771982484,0.0031376254718549906,0.08989888839957391,0.09400665200830843,0.0041077636087345215,0.021915494461291762,0.022185334262212437,0.0002698398009206744,0.14372758288680176,0.14407384512637644,0.0003462622395746795
Learning_T3sum,0,2,1,Learning_T3sum,23,22,-1,0.0974900704007345,0.09657784279112229,-0.0009122276096122095,OSQP,0.0,0.0,0.0,0.1,0.1,0.0,0.03311771395473223,0.032230532899492556,-0.0008871810552396747,0.07633388499462185,0.07517106075313931,-0.0011628242414825352,0.012164853639474926,0.012488731812316993,0.0003238781728420667,0.18396971000962106,0.18985389893545185,0.0058841889258307856
Learning_T3sum,1,1,1,Learning_T3sum,13,13,0,0.07270820797348822,0.07304483454992357,0.00033662657643535043,OSQP,0.0,0.0,0.0,0.5,0.5,0.0,0.18617733771163364,0.18613697175097654,-4.036596065709608e-05,0.2457059549803096,0.2458369104803496,0.00013095550004002532,0.007035562841298785,0.007065902143733795,3.0339302435009215e-05,0.06902084523738768,0.07121333053451176,0.0021924852971240832
Learning_T3sum,1,2,1,Learning_T3sum,16,16,0,0.029775255514670803,0.029775255514670876,7.28583859910259e-17,OSQP,0.0,0.0,0.0,0.2,0.2,0.0,0.04459746973867269,0.044597469738672686,-6.938893903907228e-18,0.11119710552171197,0.11119710552171198,1.3877787807814457e-17,0.013822665068512619,0.013822665068512608,-1.0408340855860843e-17,0.14433897015349334,0.14433897015349328,-5.551115123125783e-17
Learning_T3sum,1,3,1,Learning_T3sum,14,14,0,0.04536287901674088,0.04536287901674089,6.938893903907228e-18,OSQP,0.0,0.0,0.0,0.4,0.4,0.0,0.08707515416325036,0.08707515416325036,0.0,0.13889515515307574,0.13889515515307568,-5.551115123125783e-17,0.011942935569307372,0.011942935569307374,1.734723475976807e-18,0.1519804747582696,0.1519804747582696,0.0
Learning_T3sum,2,3,1,Learning_T3sum,18,18,0,0.15268257099775284,0.15134165993886708,-0.0013409110588857576,OSQP,0.0,0.0,0.0,0.1,0.1,0.0,0.032676071491899564,0.03308091732948032,0.00040484583758075565,0.060870992645814914,0.06177017355837615,0.0008991809125612343,0.008268744597400844,0.008377690846430882,0.0001089462490300383,0.16235007089481632,0.16292877108747572,0.0005787001926594038
Learning_T3sum,3,1,1,Learning_T3sum,22,21,-1,0.18974721319511076,0.1892759707067146,-0.00047124248839616745,OSQP,0.0,0.0,0.0,0.1,0.1,0.0,0.027569986421355303,0.02779663446745298,0.0002266480460976772,0.06095892799794378,0.06214170170253573,0.0011827737045919523,0.015956048135074983,0.01654378257032348,0.0005877344352484964,0.18241720053846797,0.18388781268322435,0.0014706121447563836
Learning_T3sum,3,2,1,Learning_T3sum,13,13,0,0.07671893711342005,0.07671893711342007,1.3877787807814457e-17,OSQP,0.0,0.0,0.0,0.4,0.4,0.0,0.09070176080458908,0.0907017608045891,1.3877787807814457e-17,0.119552770923133,0.11955277092313302,1.3877787807814457e-17,0.009499113531474354,0.009499113531474358,3.469446951953614e-18,0.07090204596420427,0.0709020459642043,2.7755575615628914e-17
Learning_T3sum,3,3,1,Learning_T3sum,19,18,-1,7.775383011273989e-21,0.001742779548747709,0.001742779548747709,OSQP,0.0,0.0,0.0,0.4,0.4,0.0,0.14172493613765222,0.14255016856011987,0.0008252324224676533,0.10770580136402266,0.1082509084737721,0.0005451071097494348,0.009469848028462178,0.009588651703505393,0.00011880367504321469,0.10014566225218006,0.10332323706539971,0.003177574813219647
Learning_T3sum,5,1,1,Learning_T3sum,22,22,0,0.007711875685167556,0.007711875685167565,8.673617379884035e-18,OSQP,0.0,0.0,0.0,0.3,0.3,0.0,0.06641428492965126,0.06641428492965125,-1.3877787807814457e-17,0.1547757657450547,0.15477576574505472,2.7755575615628914e-17,0.0380124238131268,0.0380124238131268,0.0,0.19637579007077868,0.19637579007077866,-2.7755575615628914e-17
Learning_T3sum,5,2,1,Learning_T3sum,13,13,0,0.04639464830919164,0.04639464830919162,-2.0816681711721685e-17,OSQP,0.0,0.0,0.0,0.6,0.6,0.0,0.09176306194528458,0.09176306194528458,0.0,0.03138775660734407,0.03138775660734407,0.0,0.012598397373549536,0.012598397373549534,-1.734723475976807e-18,0.09653797457607813,0.09653797457607811,-1.3877787807814457e-17
Learning_T3sum,5,3,1,Learning_T3sum,13,12,-1,3.0902420741747107e-20,3.1358444864977255e-20,4.560241232301487e-22,OSQP,0.0,0.0,0.0,0.5,0.5,0.0,0.2131633314057242,0.21343841688149098,0.0002750854757667953,0.24021292813521314,0.2402462630206837,3.3334885470553965e-05,0.002580268384467606,0.00259879653323023,1.852814876262404e-05,0.05087272807949515,0.052377253745973656,0.001504525666478504
Learning_T3sum,6,1,1,Learning_T3sum,22,22,0,0.0033651707045889876,0.008719789260092392,0.005354618555503405,OSQP,0.0,0.0,0.0,0.4,0.5,0.09999999999999998,0.09322632571496539,0.09646890176169504,0.003242576046729645,0.06276572911117026,0.06650538728701604,0.0037396581758457753,0.014793005580131994,0.014931481810225683,0.00013847623009368912,0.11023854848323403,0.10999050103914772,-0.00024804744408631063
Learning_T3sum,6,2,1,Learning_T3sum,23,22,-1,0.061451051870933776,0.06335825982883625,0.0019072079579024737,OSQP,0.0,0.0,0.0,0.4,0.4,0.0,0.1180247418578166,0.11809086220801499,6.612035019838702e-05,0.21866610102154974,0.21818094947916805,-0.00048515154238168434,0.012011179471237894,0.011862979299466782,-0.00014820017177111233,0.09868751342878417,0.09937206709540666,0.0006845536666224977
Learning_T3sum,6,3,1,Learning_T3sum,21,20,-1,0.11287652472032114,0.11328078168219995,0.00040425696187880444,OSQP,0.0,0.0,0.0,0.3,0.3,0.0,0.04304914978548047,0.044448750643658,0.0013996008581775299,0.1231875975195572,0.12341022313233903,0.00022262561278182935,0.01680739000531638,0.016592529579480805,-0.00021486042583557588,0.23106273395374274,0.23124678531144138,0.00018405135769863912
Learning_T3sum,7,1,1,Learning_T3sum,17,16,-1,0.1499038780522447,0.14992685272551232,2.2974673267617263e-05,OSQP,0.0,0.0,0.0,0.3,0.3,0.0,0.06370868946441466,0.06376872081794775,6.0031353533093745e-05,0.21838530246191543,0.21817848957466612,-0.00020681288724930247,0.009609755430380442,0.009731283405295539,0.00012152797491509632,0.11527610665201535,0.11628798188581861,0.0010118752338032638
Learning_T3sum,7,2,1,Learning_T3sum,13,13,0,1.9361865261387283e-19,1.937917980296605e-19,1.731454157876651e-22,OSQP,0.0,0.0,0.0,0.3,0.3,0.0,0.10957555591925332,0.10957555591925332,0.0,0.032276472358410455,0.03227647235841046,6.938893903907228e-18,0.0037973548347704656,0.0037973548347704643,-1.3010426069826053e-18,0.051907025728681694,0.0519070257286817,6.938893903907228e-18
Learning_T3sum,8,1,1,Learning_T3sum,18,17,-1,0.2263803913777176,0.22694414818570627,0.0005637568079886746,OSQP,0.0,0.0,0.0,0.4,0.4,0.0,0.08138120708872416,0.08157720159550359,0.00019599450677942887,0.12982591303201763,0.1297650674269605,-6.0845605057119334e-05,0.010618025420993998,0.010596463846360338,-2.1561574633659902e-05,0.0890515551664216,0.08955302544405574,0.0005014702776341418
Learning_T3sum,8,2,1,Learning_T3sum,23,22,-1,0.1244952426022337,0.12524582648534321,0.0007505838831095152,OSQP,0.0,0.0,0.0,0.2,0.2,0.0,0.02422326420255525,0.023956423237756416,-0.0002668409647988354,0.1577586050649493,0.1565359856015142,-0.001222619463435104,0.03222094458838797,0.032445188870441836,0.00022424428205386482,0.18381869151940597,0.18660152509439903,0.0027828335749930655
Learning_T3sum,8,3,1,Learning_T3sum,11,11,0,0.02789366835850634,0.027893668358506325,-1.3877787807814457e-17,OSQP,0.0,0.0,0.0,0.6,0.6,0.0,0.17644644022511752,0.1764464402251175,-2.7755575615628914e-17,0.06995021856329897,0.06995021856329897,0.0,0.0037630021553013045,0.0037630021553013045,0.0,0.0648356218045125,0.06483562180451251,1.3877787807814457e-17
Learning_T3sum,9,1,1,Learning_T3sum,15,15,0,0.05074365536270324,0.0507583458725185,1.4690509815257213e-05,OSQP,0.0,0.0,0.0,0.4,0.4,0.0,0.11360067209707445,0.11275784541969167,-0.0008428266773827797,0.09972798362904345,0.09969727776923072,-3.070585981272689e-05,0.008611977809919636,0.008776432599093257,0.0001644547891736202,0.08976680144377723,0.0961249025382225,0.006358101094445276
Learning_T3sum,9,3,1,Learning_T3sum,13,13,0,2.9922454574571754e-22,5.452708566757325e-22,2.4604631093001494e-22,OSQP,0.0,0.0,0.0,0.4,0.4,0.0,0.19943247603842243,0.19943247603842243,0.0,0.18979982737657833,0.18979982737657833,0.0,0.001966391316024796,0.001966391316024796,0.0,0.0449847609360299,0.04498476093602989,-6.938893903907228e-18
Absolute_turn_angle_OFT,0,1,1,Absolute_turn_angle_OFT,15,14,-1,0.0030318573811944096,0.026814990191061,0.023783132809866592,OSQP,0.0,0.0,0.0,0.4,0.4,0.0,0.11209197224796985,0.12130516824018489,0.00921319599221504,0.08989888839957391,0.10120352381263596,0.01130463541306205,0.021915494461291762,0.021551521408434086,-0.00036397305285767664,0.14372758288680176,0.1366737283183969,-0.007053854568404877
Absolute_turn_angle_OFT,0,2,1,Absolute_turn_angle_OFT,23,22,-1,0.0974900704007345,0.12170162435144519,0.024211553950710687,OSQP,0.0,0.0,0.0,0.1,0.1,0.0,0.03311771395473223,0.03506466545177086,0.0019469514970386279,0.07633388499462185,0.07733091659189988,0.000997031597278028,0.012164853639474926,0.012507125891745142,0.00034227225227021624,0.18396971000962106,0.1774639307949473,-0.006505779214673768
Absolute_turn_angle_OFT,1,1,1,Absolute_turn_angle_OFT,13,16,3,0.07270820797348822,0.06312851255819746,-0.00957969541529076,OSQP,0.0,0.0,0.0,0.5,0.5,0.0,0.18617733771163364,0.19183353816900037,0.005656200457366728,0.2457059549803096,0.2522386618129568,0.0065327068326472,0.007035562841298785,0.007739452573660723,0.0007038897323619377,0.06902084523738768,0.0707101709552599,0.0016893257178722254
Absolute_turn_angle_OFT,1,2,1,Absolute_turn_angle_OFT,16,16,0,0.029775255514670803,0.0297752555146708,-3.469446951953614e-18,OSQP,0.0,0.0,0.0,0.2,0.2,0.0,0.04459746973867269,0.04459746973867268,-1.3877787807814457e-17,0.11119710552171197,0.11119710552171198,1.3877787807814457e-17,0.013822665068512619,0.013822665068512615,-3.469446951953614e-18,0.14433897015349334,0.1443389701534933,-2.7755575615628914e-17
Absolute_turn_angle_OFT,1,3,1,Absolute_turn_angle_OFT,14,15,1,0.04536287901674088,0.03484084482199791,-0.010522034194742971,OSQP,0.0,0.0,0.0,0.4,0.5,0.09999999999999998,0.08707515416325036,0.09723578500755721,0.01016063084430685,0.13889515515307574,0.13606397773153503,-0.0028311774215407093,0.011942935569307372,0.011512505902576688,-0.0004304296667306841,0.1519804747582696,0.1535912588002708,0.001610784042001212
Absolute_turn_angle_OFT,2,3,1,Absolute_turn_angle_OFT,18,17,-1,0.15268257099775284,0.16988420403163101,0.017201633033878172,OSQP,0.0,0.0,0.0,0.1,0.1,0.0,0.032676071491899564,0.03556420050621646,0.002888129014316898,0.060870992645814914,0.0560687440512772,-0.004802248594537713,0.008268744597400844,0.009070575282308514,0.0008018306849076704,0.16235007089481632,0.1511501680507517,-0.011199902844064608
Absolute_turn_angle_OFT,3,1,1,Absolute_turn_angle_OFT,22,17,-5,0.18974721319511076,0.17357540853460224,-0.01617180466050852,OSQP,0.0,0.0,0.0,0.1,0.1,0.0,0.027569986421355303,0.037032400369789005,0.009462413948433702,0.06095892799794378,0.061219123906947115,0.00026019590900333567,0.015956048135074983,0.01926670514515787,0.0033106570100828875,0.18241720053846797,0.17184929327608434,-0.01056790726238363
Absolute_turn_angle_OFT,3,2,1,Absolute_turn_angle_OFT,13,13,0,0.07671893711342005,0.07671893711342008,2.7755575615628914e-17,OSQP,0.0,0.0,0.0,0.4,0.4,0.0,0.09070176080458908,0.0907017608045891,1.3877787807814457e-17,0.119552770923133,0.119552770923133,0.0,0.009499113531474354,0.00949911353147436,5.204170427930421e-18,0.07090204596420427,0.07090204596420428,1.3877787807814457e-17
Absolute_turn_angle_OFT,3,3,1,Absolute_turn_angle_OFT,19,17,-2,7.775383011273989e-21,0.058850972412810204,0.058850972412810204,OSQP,0.0,0.0,0.0,0.4,0.5,0.09999999999999998,0.14172493613765222,0.16198324736087952,0.0202583112232273,0.10770580136402266,0.10318901455334079,-0.004516786810681878,0.009469848028462178,0.005487532570047317,-0.003982315458414861,0.10014566225218006,0.07446185641012018,-0.025683805842059884
Absolute_turn_angle_OFT,5,1,1,Absolute_turn_angle_OFT,22,19,-3,0.007711875685167556,0.016920155635369437,0.00920827995020188,OSQP,0.0,0.0,0.0,0.3,0.3,0.0,0.06641428492965126,0.0968200335966986,0.03040574866704733,0.1547757657450547,0.1897303713838952,0.03495460563884051,0.0380124238131268,0.05184277618369589,0.013830352370569093,0.19637579007077868,0.18912168303928603,-0.0072541070314926515
Absolute_turn_angle_OFT,5,2,1,Absolute_turn_angle_OFT,13,13,0,0.04639464830919164,0.04639464830919163,-1.3877787807814457e-17,OSQP,0.0,0.0,0.0,0.6,0.6,0.0,0.09176306194528458,0.09176306194528461,2.7755575615628914e-17,0.03138775660734407,0.03138775660734408,1.3877787807814457e-17,0.012598397373549536,0.012598397373549543,6.938893903907228e-18,0.09653797457607813,0.09653797457607813,0.0
Absolute_turn_angle_OFT,5,3,1,Absolute_turn_angle_OFT,13,12,-1,3.0902420741747107e-20,1.7331959341351162e-20,-1.3570461400395944e-20,OSQP,0.0,0.0,0.0,0.5,0.5,0.0,0.2131633314057242,0.21919715736200743,0.00603382595628324,0.24021292813521314,0.24870838227252834,0.0084954541373152,0.002580268384467606,0.003419213077472914,0.000838944693005308,0.05087272807949515,0.05057463090161632,-0.00029809717787883383
Absolute_turn_angle_OFT,6,1,1,Absolute_turn_angle_OFT,22,21,-1,0.0033651707045889876,0.002890234323477303,-0.00047493638111168477,OSQP,0.0,0.0,0.0,0.4,0.4,0.0,0.09322632571496539,0.09395140952243941,0.0007250838074740196,0.06276572911117026,0.06362953633005301,0.0008638072188827534,0.014793005580131994,0.01481783066579693,2.4825085664936103e-05,0.11023854848323403,0.11070178240912512,0.00046323392589109336
Absolute_turn_angle_OFT,6,2,1,Absolute_turn_angle_OFT,23,23,0,0.061451051870933776,0.06145105187093381,3.469446951953614e-17,OSQP,0.0,0.0,0.0,0.4,0.4,0.0,0.1180247418578166,0.11802474185781661,1.3877787807814457e-17,0.21866610102154974,0.2186661010215497,-2.7755575615628914e-17,0.012011179471237894,0.012011179471237891,-3.469446951953614e-18,0.09868751342878417,0.09868751342878412,-4.163336342344337e-17
Absolute_turn_angle_OFT,6,3,1,Absolute_turn_angle_OFT,21,19,-2,0.11287652472032114,0.19380389350026989,0.08092736877994874,OSQP,0.0,0.0,0.0,0.3,0.4,0.10000000000000003,0.04304914978548047,0.049118479451145405,0.006069329665664938,0.1231875975195572,0.1270827507919952,0.003895153272438015,0.01680739000531638,0.015289930154731061,-0.0015174598505853197,0.23106273395374274,0.18898391643146617,-0.042078817522276574
Absolute_turn_angle_OFT,7,1,1,Absolute_turn_angle_OFT,17,17,0,0.1499038780522447,0.1852701145203653,0.03536623646812059,OSQP,0.0,0.0,0.0,0.3,0.3,0.0,0.06370868946441466,0.06956272598977498,0.005854036525360318,0.21838530246191543,0.2246611536007776,0.006275851138862171,0.009609755430380442,0.007267901647002664,-0.002341853783377778,0.11527610665201535,0.0980392908186313,-0.017236815833384045
Absolute_turn_angle_OFT,7,2,1,Absolute_turn_angle_OFT,13,13,0,1.9361865261387283e-19,1.8786741715371339e-19,-5.751235460159447e-21,OSQP,0.0,0.0,0.0,0.3,0.3,0.0,0.10957555591925332,0.10957555591925332,0.0,0.032276472358410455,0.03227647235841044,-1.3877787807814457e-17,0.0037973548347704656,0.0037973548347704656,0.0,0.051907025728681694,0.051907025728681694,0.0
Absolute_turn_angle_OFT,8,1,1,Absolute_turn_angle_OFT,18,18,0,0.2263803913777176,0.2263803913777176,0.0,OSQP,0.0,0.0,0.0,0.4,0.4,0.0,0.08138120708872416,0.08138120708872418,1.3877787807814457e-17,0.12982591303201763,0.12982591303201763,0.0,0.010618025420993998,0.010618025420994001,3.469446951953614e-18,0.0890515551664216,0.08905155516642162,1.3877787807814457e-17
Absolute_turn_angle_OFT,8,2,1,Absolute_turn_angle_OFT,23,20,-3,0.1244952426022337,0.1817338992358121,0.0572386566335784,OSQP,0.0,0.0,0.0,0.2,0.1,-0.1,0.02422326420255525,0.018954242263951628,-0.005269021938603624,0.1577586050649493,0.13359606166274823,-0.02416254340220106,0.03222094458838797,0.028188315863549227,-0.0040326287248387445,0.18381869151940597,0.16607156293496086,-0.017747128584445104
Absolute_turn_angle_OFT,8,3,1,Absolute_turn_angle_OFT,11,11,0,0.02789366835850634,0.02789366835850634,0.0,OSQP,0.0,0.0,0.0,0.6,0.6,0.0,0.17644644022511752,0.17644644022511752,0.0,0.06995021856329897,0.06995021856329897,0.0,0.0037630021553013045,0.0037630021553013045,0.0,0.0648356218045125,0.0648356218045125,0.0
Absolute_turn_angle_OFT,9,1,1,Absolute_turn_angle_OFT,15,14,-1,0.05074365536270324,0.04706392540734695,-0.0036797299553562937,OSQP,0.0,0.0,0.0,0.4,0.4,0.0,0.11360067209707445,0.11843388772463,0.004833215627555551,0.09972798362904345,0.09801464062369432,-0.00171334300534913,0.008611977809919636,0.008693189187858672,8.12113779390354e-05,0.08976680144377723,0.09115068890129603,0.001383887457518801
Absolute_turn_angle_OFT,9,3,1,Absolute_turn_angle_OFT,13,16,3,2.9922454574571754e-22,9.370070766098294e-17,9.37004084364372e-17,OSQP,0.0,0.0,0.0,0.4,0.4,0.0,0.19943247603842243,0.2056109052485044,0.006178429210081965,0.18979982737657833,0.18503319601517415,-0.004766631361404178,0.001966391316024796,0.0026327170676155396,0.0006663257515907438,0.0449847609360299,0.03980510524197221,-0.005179655694057685
Learning_T1max,0,1,1,Learning_T1max,15,18,3,0.0030318573811944096,0.0004569052908112277,-0.002574952090383182,OSQP,0.0,0.0,0.0,0.4,0.4,0.0,0.11209197224796985,0.1037896436411538,-0.008302328606816053,0.08989888839957391,0.0911861695527822,0.0012872811532082945,0.021915494461291762,0.02170256657262674,-0.00021292788866502169,0.14372758288680176,0.1486632537193457,0.004935670832543926
Learning_T1max,0,2,1,Learning_T1max,23,23,0,0.0974900704007345,0.0974900704007346,9.71445146547012e-17,OSQP,0.0,0.0,0.0,0.1,0.1,0.0,0.03311771395473223,0.03311771395473224,6.938893903907228e-18,0.07633388499462185,0.07633388499462182,-2.7755575615628914e-17,0.012164853639474926,0.012164853639474922,-3.469446951953614e-18,0.18396971000962106,0.18396971000962103,-2.7755575615628914e-17
Learning_T1max,1,1,1,Learning_T1max,13,13,0,0.07270820797348822,0.07270820797348822,0.0,OSQP,0.0,0.0,0.0,0.5,0.5,0.0,0.18617733771163364,0.18617733771163364,0.0,0.2457059549803096,0.2457059549803096,0.0,0.007035562841298785,0.007035562841298787,1.734723475976807e-18,0.06902084523738768,0.0690208452373877,2.7755575615628914e-17
Learning_T1max,1,2,1,Learning_T1max,16,18,2,0.029775255514670803,0.06446936301324016,0.034694107498569354,OSQP,0.0,0.0,0.0,0.2,0.2,0.0,0.04459746973867269,0.03586767408796411,-0.008729795650708583,0.11119710552171197,0.11310053095822208,0.001903425436510106,0.013822665068512619,0.014075805255765494,0.0002531401872528753,0.14433897015349334,0.1455957324545857,0.0012567623010923679
Learning_T1max,1,3,1,Learning_T1max,14,14,0,0.04536287901674088,0.04536287901674093,4.85722573273506e-17,OSQP,0.0,0.0,0.0,0.4,0.4,0.0,0.08707515416325036,0.08707515416325036,0.0,0.13889515515307574,0.13889515515307568,-5.551115123125783e-17,0.011942935569307372,0.011942935569307369,-3.469446951953614e-18,0.1519804747582696,0.15198047475826956,-2.7755575615628914e-17
Learning_T1max,2,3,1,Learning_T1max,18,18,0,0.15268257099775284,0.15268257099775276,-8.326672684688674e-17,OSQP,0.0,0.0,0.0,0.1,0.1,0.0,0.032676071491899564,0.03267607149189957,6.938893903907228e-18,0.060870992645814914,0.06087099264581491,-6.938893903907228e-18,0.008268744597400844,0.008268744597400844,0.0,0.16235007089481632,0.16235007089481635,2.7755575615628914e-17
Learning_T1max,3,1,1,Learning_T1max,22,21,-1,0.18974721319511076,0.1978541749536697,0.008106961758558934,OSQP,0.0,0.0,0.0,0.1,0.1,0.0,0.027569986421355303,0.02748101912189111,-8.896729946419185e-05,0.06095892799794378,0.05981536067308015,-0.0011435673248636272,0.015956048135074983,0.015492926273414177,-0.00046312186166080557,0.18241720053846797,0.1801532562622227,-0.0022639442762452666
Learning_T1max,3,2,1,Learning_T1max,13,17,4,0.07671893711342005,0.07593487015924841,-0.0007840669541716444,OSQP,0.0,0.0,0.0,0.4,0.3,-0.10000000000000003,0.09070176080458908,0.09179259172666707,0.0010908309220779844,0.119552770923133,0.12936287629051754,0.009810105367384539,0.009499113531474354,0.008912409831108177,-0.0005867037003661774,0.07090204596420427,0.07523659543166347,0.004334549467459203
Learning_T1max,3,3,1,Learning_T1max,19,19,0,7.775383011273989e-21,7.724540225285344e-21,-5.0842785988645003e-23,OSQP,0.0,0.0,0.0,0.4,0.4,0.0,0.14172493613765222,0.14172493613765222,0.0,0.10770580136402266,0.10770580136402265,-1.3877787807814457e-17,0.009469848028462178,0.009469848028462183,5.204170427930421e-18,0.10014566225218006,0.10014566225218009,2.7755575615628914e-17
Learning_T1max,5,1,1,Learning_T1max,22,21,-1,0.007711875685167556,0.014863370667005486,0.00715149498183793,OSQP,0.0,0.0,0.0,0.3,0.3,0.0,0.06641428492965126,0.05699847396408251,-0.009415810965568754,0.1547757657450547,0.13805504864792392,-0.01672071709713077,0.0380124238131268,0.03450979147626338,-0.0035026323368634177,0.19637579007077868,0.20152272728960244,0.005146937218823755
Learning_T1max,5,2,1,Learning_T1max,13,13,0,0.04639464830919164,0.04639464830919164,0.0,OSQP,0.0,0.0,0.0,0.6,0.6,0.0,0.09176306194528458,0.09176306194528461,2.7755575615628914e-17,0.03138775660734407,0.031387756607344074,6.938893903907228e-18,0.012598397373549536,0.012598397373549541,5.204170427930421e-18,0.09653797457607813,0.09653797457607814,1.3877787807814457e-17
Learning_T1max,5,3,1,Learning_T1max,13,15,2,3.0902420741747107e-20,5.506382124844013e-20,2.4161400506693028e-20,OSQP,0.0,0.0,0.0,0.5,0.5,0.0,0.2131633314057242,0.21384164969713998,0.0006783182914157915,0.24021292813521314,0.247969211302799,0.0077562831675858646,0.002580268384467606,0.0026079929964967553,2.7724612029149387e-05,0.05087272807949515,0.049211980935395305,-0.0016607471440998473
Learning_T1max,6,1,1,Learning_T1max,22,21,-1,0.0033651707045889876,0.0010063855785838903,-0.0023587851260050974,OSQP,0.0,0.0,0.0,0.4,0.4,0.0,0.09322632571496539,0.09285215711882353,-0.00037416859614186615,0.06276572911117026,0.063475110574798,0.0007093814636277423,0.014793005580131994,0.01529735322078507,0.0005043476406530762,0.11023854848323403,0.11185112006560875,0.001612571582374725
Learning_T1max,6,2,1,Learning_T1max,23,20,-3,0.061451051870933776,0.08255892354934735,0.021107871678413576,OSQP,0.0,0.0,0.0,0.4,0.4,0.0,0.1180247418578166,0.11781206022987481,-0.00021268162794178813,0.21866610102154974,0.21176577199123905,-0.006900329030310681,0.012011179471237894,0.010460473391003798,-0.001550706080234096,0.09868751342878417,0.090788660800312,-0.007898852628472161
Learning_T1max,6,3,1,Learning_T1max,21,21,0,0.11287652472032114,0.11287652472032102,-1.249000902703301e-16,OSQP,0.0,0.0,0.0,0.3,0.3,0.0,0.04304914978548047,0.04304914978548045,-1.3877787807814457e-17,0.1231875975195572,0.12318759751955721,1.3877787807814457e-17,0.01680739000531638,0.016807390005316395,1.3877787807814457e-17,0.23106273395374274,0.23106273395374274,0.0
Learning_T1max,7,1,1,Learning_T1max,17,19,2,0.1499038780522447,0.15757005569964222,0.007666177647397521,OSQP,0.0,0.0,0.0,0.3,0.4,0.10000000000000003,0.06370868946441466,0.06358358987975678,-0.00012509958465788118,0.21838530246191543,0.2177509828688623,-0.0006343195930531287,0.009609755430380442,0.00998747382341615,0.00037771839303570726,0.11527610665201535,0.11779079802238505,0.0025146913703697066
Learning_T1max,7,2,1,Learning_T1max,13,13,0,1.9361865261387283e-19,1.9497131969979247e-19,1.3526670859196387e-21,OSQP,0.0,0.0,0.0,0.3,0.3,0.0,0.10957555591925332,0.10957555591925332,0.0,0.032276472358410455,0.032276472358410455,0.0,0.0037973548347704656,0.003797354834770464,-1.734723475976807e-18,0.051907025728681694,0.051907025728681694,0.0
Learning_T1max,8,1,1,Learning_T1max,18,18,0,0.2263803913777176,0.232947019253262,0.006566627875544406,OSQP,0.0,0.0,0.0,0.4,0.3,-0.10000000000000003,0.08138120708872416,0.08056796035939635,-0.0008132467293278101,0.12982591303201763,0.12714587387704426,-0.0026800391549733626,0.010618025420993998,0.009376066191440066,-0.0012419592295539322,0.0890515551664216,0.08865677015815403,-0.0003947850082675758
Learning_T1max,8,2,1,Learning_T1max,23,22,-1,0.1244952426022337,0.12414254218819905,-0.00035270041403465124,OSQP,0.0,0.0,0.0,0.2,0.2,0.0,0.02422326420255525,0.027189008579964667,0.0029657443774094155,0.1577586050649493,0.16106371541187092,0.0033051103469216303,0.03222094458838797,0.032093830791296636,-0.00012711379709133552,0.18381869151940597,0.1855317454540597,0.0017130539346537355
Learning_T1max,8,3,1,Learning_T1max,11,11,0,0.02789366835850634,0.027893668358506363,2.42861286636753e-17,OSQP,0.0,0.0,0.0,0.6,0.6,0.0,0.17644644022511752,0.17644644022511752,0.0,0.06995021856329897,0.06995021856329899,1.3877787807814457e-17,0.0037630021553013045,0.003763002155301305,4.336808689942018e-19,0.0648356218045125,0.0648356218045125,0.0
Learning_T1max,9,1,1,Learning_T1max,15,15,0,0.05074365536270324,0.05074365536270324,0.0,OSQP,0.0,0.0,0.0,0.4,0.4,0.0,0.11360067209707445,0.11360067209707445,0.0,0.09972798362904345,0.09972798362904346,1.3877787807814457e-17,0.008611977809919636,0.008611977809919638,1.734723475976807e-18,0.08976680144377723,0.08976680144377724,1.3877787807814457e-17
Learning_T1max,9,3,1,Learning_T1max,13,13,0,2.9922454574571754e-22,2.2949681554691624e-22,-6.97277301988013e-23,OSQP,0.0,0.0,0.0,0.4,0.4,0.0,0.19943247603842243,0.19943247603842237,-5.551115123125783e-17,0.18979982737657833,0.18979982737657833,0.0,0.001966391316024796,0.0019663913160247967,8.673617379884035e-19,0.0449847609360299,0.044984760936029926,2.7755575615628914e-17
Time_investigating_Piramidka_zone_NOR2,0,1,1,Time_investigating_Piramidka_zone_NOR2,15,15,0,0.0030318573811944096,0.003031857381194394,-1.5612511283791264e-17,OSQP,0.0,0.0,0.0,0.4,0.4,0.0,0.11209197224796985,0.11209197224796985,0.0,0.08989888839957391,0.08989888839957393,1.3877787807814457e-17,0.021915494461291762,0.021915494461291766,3.469446951953614e-18,0.14372758288680176,0.1437275828868018,2.7755575615628914e-17
Time_investigating_Piramidka_zone_NOR2,0,2,1,Time_investigating_Piramidka_zone_NOR2,23,23,0,0.0974900704007345,0.09749007040073455,5.551115123125783e-17,OSQP,0.0,0.0,0.0,0.1,0.1,0.0,0.03311771395473223,0.03311771395473223,0.0,0.07633388499462185,0.07633388499462186,1.3877787807814457e-17,0.012164853639474926,0.012164853639474922,-3.469446951953614e-18,0.18396971000962106,0.1839697100096211,2.7755575615628914e-17
Time_investigating_Piramidka_zone_NOR2,1,1,1,Time_investigating_Piramidka_zone_NOR2,13,13,0,0.07270820797348822,0.0727082079734882,-1.3877787807814457e-17,OSQP,0.0,0.0,0.0,0.5,0.5,0.0,0.18617733771163364,0.18617733771163364,0.0,0.2457059549803096,0.24570595498030956,-2.7755575615628914e-17,0.007035562841298785,0.007035562841298783,-2.6020852139652106e-18,0.06902084523738768,0.06902084523738766,-1.3877787807814457e-17
Time_investigating_Piramidka_zone_NOR2,1,2,1,Time_investigating_Piramidka_zone_NOR2,16,17,1,0.029775255514670803,0.0590931256776749,0.029317870163004096,OSQP,0.0,0.0,0.0,0.2,0.2,0.0,0.04459746973867269,0.04544633074236802,0.0008488610036953281,0.11119710552171197,0.10504604371629543,-0.006151061805416538,0.013822665068512619,0.012677574355067653,-0.001145090713444966,0.14433897015349334,0.13266848521554972,-0.01167048493794362
Time_investigating_Piramidka_zone_NOR2,1,3,1,Time_investigating_Piramidka_zone_NOR2,14,14,0,0.04536287901674088,0.045362879016740916,3.469446951953614e-17,OSQP,0.0,0.0,0.0,0.4,0.4,0.0,0.08707515416325036,0.08707515416325035,-1.3877787807814457e-17,0.13889515515307574,0.13889515515307574,0.0,0.011942935569307372,0.011942935569307376,3.469446951953614e-18,0.1519804747582696,0.1519804747582696,0.0
Time_investigating_Piramidka_zone_NOR2,2,3,1,Time_investigating_Piramidka_zone_NOR2,18,18,0,0.15268257099775284,0.15268257099775284,0.0,OSQP,0.0,0.0,0.0,0.1,0.1,0.0,0.032676071491899564,0.03267607149189957,6.938893903907228e-18,0.060870992645814914,0.060870992645814914,0.0,0.008268744597400844,0.00826874459740084,-3.469446951953614e-18,0.16235007089481632,0.1623500708948163,-2.7755575615628914e-17
Time_investigating_Piramidka_zone_NOR2,3,1,1,Time_investigating_Piramidka_zone_NOR2,22,22,0,0.18974721319511076,0.18943918115689623,-0.0003080320382145285,OSQP,0.0,0.0,0.0,0.1,0.1,0.0,0.027569986421355303,0.027717607143665845,0.00014762072231054232,0.06095892799794378,0.06415627170116903,0.003197343703225247,0.015956048135074983,0.01713008395995315,0.0011740358248781661,0.18241720053846797,0.1852656176692937,0.002848417130825731
Time_investigating_Piramidka_zone_NOR2,3,2,1,Time_investigating_Piramidka_zone_NOR2,13,13,0,0.07671893711342005,0.07671893711342007,1.3877787807814457e-17,OSQP,0.0,0.0,0.0,0.4,0.4,0.0,0.09070176080458908,0.09070176080458908,0.0,0.119552770923133,0.11955277092313303,2.7755575615628914e-17,0.009499113531474354,0.009499113531474356,1.734723475976807e-18,0.07090204596420427,0.0709020459642043,2.7755575615628914e-17
Time_investigating_Piramidka_zone_NOR2,3,3,1,Time_investigating_Piramidka_zone_NOR2,19,17,-2,7.775383011273989e-21,0.01793779013885635,0.01793779013885635,OSQP,0.0,0.0,0.0,0.4,0.4,0.0,0.14172493613765222,0.1439001853505242,0.002175249212871988,0.10770580136402266,0.10984584081735337,0.0021400394533307027,0.009469848028462178,0.008495895954531431,-0.0009739520739307471,0.10014566225218006,0.1000317512768297,-0.00011391097535036476
Time_investigating_Piramidka_zone_NOR2,5,1,1,Time_investigating_Piramidka_zone_NOR2,22,22,0,0.007711875685167556,0.007711875685167563,6.938893903907228e-18,OSQP,0.0,0.0,0.0,0.3,0.3,0.0,0.06641428492965126,0.06641428492965128,1.3877787807814457e-17,0.1547757657450547,0.15477576574505478,8.326672684688674e-17,0.0380124238131268,0.03801242381312681,1.3877787807814457e-17,0.19637579007077868,0.19637579007077874,5.551115123125783e-17
Time_investigating_Piramidka_zone_NOR2,5,2,1,Time_investigating_Piramidka_zone_NOR2,13,13,0,0.04639464830919164,0.044839767381114344,-0.0015548809280772971,OSQP,0.0,0.0,0.0,0.6,0.6,0.0,0.09176306194528458,0.09382374254458474,0.0020606805993001603,0.03138775660734407,0.03570687833738625,0.004319121730042182,0.012598397373549536,0.012770817957740786,0.00017242058419125045,0.09653797457607813,0.0970926599914884,0.0005546854154102748
Time_investigating_Piramidka_zone_NOR2,5,3,1,Time_investigating_Piramidka_zone_NOR2,13,15,2,3.0902420741747107e-20,2.2743541254741203e-20,-8.158879487005904e-21,OSQP,0.0,0.0,0.0,0.5,0.5,0.0,0.2131633314057242,0.2144625918026773,0.0012992603969531058,0.24021292813521314,0.24004627037045637,-0.0001666577647567724,0.002580268384467606,0.0034110424842805228,0.0008307740998129169,0.05087272807949515,0.046348215885607315,-0.004524512193887838
Time_investigating_Piramidka_zone_NOR2,6,1,1,Time_investigating_Piramidka_zone_NOR2,22,21,-1,0.0033651707045889876,0.020001239586624295,0.016636068882035306,OSQP,0.0,0.0,0.0,0.4,0.4,0.0,0.09322632571496539,0.08532336448661922,-0.007902961228346175,0.06276572911117026,0.05616123633911376,-0.006604492772056499,0.014793005580131994,0.015848723683645895,0.0010557181035139012,0.11023854848323403,0.11208826308848159,0.0018497146052475627
Time_investigating_Piramidka_zone_NOR2,6,2,1,Time_investigating_Piramidka_zone_NOR2,23,23,0,0.061451051870933776,0.06145105187093378,6.938893903907228e-18,OSQP,0.0,0.0,0.0,0.4,0.4,0.0,0.1180247418578166,0.11802474185781661,1.3877787807814457e-17,0.21866610102154974,0.21866610102154974,0.0,0.012011179471237894,0.012011179471237894,0.0,0.09868751342878417,0.09868751342878411,-5.551115123125783e-17
Time_investigating_Piramidka_zone_NOR2,6,3,1,Time_investigating_Piramidka_zone_NOR2,21,21,0,0.11287652472032114,0.11287652472032128,1.3877787807814457e-16,OSQP,0.0,0.0,0.0,0.3,0.3,0.0,0.04304914978548047,0.04304914978548043,-3.469446951953614e-17,0.1231875975195572,0.12318759751955725,5.551115123125783e-17,0.01680739000531638,0.016807390005316374,-6.938893903907228e-18,0.23106273395374274,0.23106273395374266,-8.326672684688674e-17
Time_investigating_Piramidka_zone_NOR2,7,1,1,Time_investigating_Piramidka_zone_NOR2,17,17,0,0.1499038780522447,0.16748664509271372,0.017582767040469016,OSQP,0.0,0.0,0.0,0.3,0.3,0.0,0.06370868946441466,0.059230538313859424,-0.004478151150555235,0.21838530246191543,0.21765983503682237,-0.0007254674250930515,0.009609755430380442,0.009206800691595324,-0.00040295473878511866,0.11527610665201535,0.10998360932940568,-0.005292497322609668
Time_investigating_Piramidka_zone_NOR2,7,2,1,Time_investigating_Piramidka_zone_NOR2,13,13,0,1.9361865261387283e-19,1.8688163474103594e-19,-6.737017872836896e-21,OSQP,0.0,0.0,0.0,0.3,0.3,0.0,0.10957555591925332,0.1095755559192533,-1.3877787807814457e-17,0.032276472358410455,0.03227647235841044,-1.3877787807814457e-17,0.0037973548347704656,0.0037973548347704634,-2.168404344971009e-18,0.051907025728681694,0.05190702572868169,-6.938893903907228e-18
Time_investigating_Piramidka_zone_NOR2,8,1,1,Time_investigating_Piramidka_zone_NOR2,18,18,0,0.2263803913777176,0.22638039137771754,-5.551115123125783e-17,OSQP,0.0,0.0,0.0,0.4,0.4,0.0,0.08138120708872416,0.08138120708872418,1.3877787807814457e-17,0.12982591303201763,0.12982591303201763,0.0,0.010618025420993998,0.010618025420993995,-3.469446951953614e-18,0.0890515551664216,0.08905155516642162,1.3877787807814457e-17
Time_investigating_Piramidka_zone_NOR2,8,2,1,Time_investigating_Piramidka_zone_NOR2,23,22,-1,0.1244952426022337,0.17157736506825627,0.04708212246602257,OSQP,0.0,0.0,0.0,0.2,0.2,0.0,0.02422326420255525,0.0218819833716928,-0.002341280830862453,0.1577586050649493,0.14064013401623285,-0.017118471048716444,0.03222094458838797,0.028749714849039206,-0.0034712297393487655,0.18381869151940597,0.16738582507016572,-0.016432866449240247
Time_investigating_Piramidka_zone_NOR2,8,3,1,Time_investigating_Piramidka_zone_NOR2,11,11,0,0.02789366835850634,0.027893668358506325,-1.3877787807814457e-17,OSQP,0.0,0.0,0.0,0.6,0.6,0.0,0.17644644022511752,0.1764464402251175,-2.7755575615628914e-17,0.06995021856329897,0.06995021856329896,-1.3877787807814457e-17,0.0037630021553013045,0.0037630021553013045,0.0,0.0648356218045125,0.06483562180451251,1.3877787807814457e-17
Time_investigating_Piramidka_zone_NOR2,9,1,1,Time_investigating_Piramidka_zone_NOR2,15,15,0,0.05074365536270324,0.05074365536270325,6.938893903907228e-18,OSQP,0.0,0.0,0.0,0.4,0.4,0.0,0.11360067209707445,0.11360067209707447,2.7755575615628914e-17,0.09972798362904345,0.09972798362904346,1.3877787807814457e-17,0.008611977809919636,0.008611977809919636,0.0,0.08976680144377723,0.08976680144377726,2.7755575615628914e-17
Time_investigating_Piramidka_zone_NOR2,9,3,1,Time_investigating_Piramidka_zone_NOR2,13,13,0,2.9922454574571754e-22,4.42255231134065e-22,1.430306853883475e-22,OSQP,0.0,0.0,0.0,0.4,0.4,0.0,0.19943247603842243,0.19943247603842243,0.0,0.18979982737657833,0.18979982737657833,0.0,0.001966391316024796,0.0019663913160247962,4.336808689942018e-19,0.0449847609360299,0.0449847609360299,0.0
Latency_to_first_investigation_Stakan_NOR1,0,1,1,Latency_to_first_investigation_Stakan_NOR1,15,18,3,0.0030318573811944096,0.04287631734717653,0.03984445996598212,OSQP,0.0,0.0,0.0,0.4,0.5,0.09999999999999998,0.11209197224796985,0.10769384804279189,-0.004398124205177961,0.08989888839957391,0.08164658791367818,-0.00825230048589573,0.021915494461291762,0.029920605560867255,0.008005111099575492,0.14372758288680176,0.15015799766821195,0.006430414781410182
Latency_to_first_investigation_Stakan_NOR1,0,2,1,Latency_to_first_investigation_Stakan_NOR1,23,22,-1,0.0974900704007345,0.09712455593721471,-0.00036551446351978933,OSQP,0.0,0.0,0.0,0.1,0.1,0.0,0.03311771395473223,0.03276426406636255,-0.0003534498883696821,0.07633388499462185,0.07399712906072092,-0.0023367559339009247,0.012164853639474926,0.012567830650818559,0.0004029770113436332,0.18396971000962106,0.18471758144487133,0.0007478714352502636
Latency_to_first_investigation_Stakan_NOR1,1,1,1,Latency_to_first_investigation_Stakan_NOR1,13,13,0,0.07270820797348822,0.07270820797348823,1.3877787807814457e-17,OSQP,0.0,0.0,0.0,0.5,0.5,0.0,0.18617733771163364,0.18617733771163364,0.0,0.2457059549803096,0.24570595498030956,-2.7755575615628914e-17,0.007035562841298785,0.007035562841298784,-1.734723475976807e-18,0.06902084523738768,0.06902084523738769,1.3877787807814457e-17
Latency_to_first_investigation_Stakan_NOR1,1,2,1,Latency_to_first_investigation_Stakan_NOR1,16,14,-2,0.029775255514670803,0.041842040873491276,0.012066785358820473,OSQP,0.0,0.0,0.0,0.2,0.2,0.0,0.04459746973867269,0.04260784420716936,-0.001989625531503336,0.11119710552171197,0.11064111103209198,-0.0005559944896199875,0.013822665068512619,0.013706632618064723,-0.00011603245044789628,0.14433897015349334,0.14269121924229197,-0.0016477509112013677
Latency_to_first_investigation_Stakan_NOR1,1,3,1,Latency_to_first_investigation_Stakan_NOR1,14,13,-1,0.04536287901674088,0.04408160125747148,-0.0012812777592694016,OSQP,0.0,0.0,0.0,0.4,0.4,0.0,0.08707515416325036,0.08827785135743002,0.001202697194179661,0.13889515515307574,0.13568924336114746,-0.0032059117919282787,0.011942935569307372,0.01208354427628291,0.00014060870697553754,0.1519804747582696,0.15268408278526913,0.000703608026999536
Latency_to_first_investigation_Stakan_NOR1,2,3,1,Latency_to_first_investigation_Stakan_NOR1,18,18,0,0.15268257099775284,0.1526825709977528,-5.551115123125783e-17,OSQP,0.0,0.0,0.0,0.1,0.1,0.0,0.032676071491899564,0.03267607149189957,6.938893903907228e-18,0.060870992645814914,0.06087099264581487,-4.163336342344337e-17,0.008268744597400844,0.008268744597400839,-5.204170427930421e-18,0.16235007089481632,0.1623500708948163,-2.7755575615628914e-17
Latency_to_first_investigation_Stakan_NOR1,3,1,1,Latency_to_first_investigation_Stakan_NOR1,22,20,-2,0.18974721319511076,0.18791485168534033,-0.0018323615097704249,OSQP,0.0,0.0,0.0,0.1,0.1,0.0,0.027569986421355303,0.026543100839351703,-0.0010268855820035998,0.06095892799794378,0.05472363718737262,-0.006235290810571156,0.015956048135074983,0.015799888119556883,-0.00015616001551809963,0.18241720053846797,0.18209031697962494,-0.00032688355884302744
Latency_to_first_investigation_Stakan_NOR1,3,2,1,Latency_to_first_investigation_Stakan_NOR1,13,13,0,0.07671893711342005,0.07671893711342007,1.3877787807814457e-17,OSQP,0.0,0.0,0.0,0.4,0.4,0.0,0.09070176080458908,0.0907017608045891,1.3877787807814457e-17,0.119552770923133,0.11955277092313302,1.3877787807814457e-17,0.009499113531474354,0.009499113531474356,1.734723475976807e-18,0.07090204596420427,0.07090204596420428,1.3877787807814457e-17
Latency_to_first_investigation_Stakan_NOR1,3,3,1,Latency_to_first_investigation_Stakan_NOR1,19,21,2,7.775383011273989e-21,0.010286264439539661,0.010286264439539661,OSQP,0.0,0.0,0.0,0.4,0.4,0.0,0.14172493613765222,0.14319055859338212,0.001465622455729898,0.10770580136402266,0.10001059199724216,-0.007695209366780503,0.009469848028462178,0.006035977689522232,-0.003433870338939946,0.10014566225218006,0.10609886610150714,0.005953203849327071
Latency_to_first_investigation_Stakan_NOR1,5,1,1,Latency_to_first_investigation_Stakan_NOR1,22,21,-1,0.007711875685167556,0.008820880616743075,0.0011090049315755184,OSQP,0.0,0.0,0.0,0.3,0.3,0.0,0.06641428492965126,0.06688360632467333,0.0004693213950220654,0.1547757657450547,0.15513133198397736,0.00035556623892266104,0.0380124238131268,0.0386690191121624,0.0006565952990356047,0.19637579007077868,0.19684453774340466,0.0004687476726259743
Latency_to_first_investigation_Stakan_NOR1,5,2,1,Latency_to_first_investigation_Stakan_NOR1,13,13,0,0.04639464830919164,0.04639464830919167,2.7755575615628914e-17,OSQP,0.0,0.0,0.0,0.6,0.6,0.0,0.09176306194528458,0.09176306194528461,2.7755575615628914e-17,0.03138775660734407,0.03138775660734407,0.0,0.012598397373549536,0.01259839737354953,-5.204170427930421e-18,0.09653797457607813,0.09653797457607813,0.0
Latency_to_first_investigation_Stakan_NOR1,5,3,1,Latency_to_first_investigation_Stakan_NOR1,13,13,0,3.0902420741747107e-20,3.218600649828428e-20,1.2835857565371704e-21,OSQP,0.0,0.0,0.0,0.5,0.5,0.0,0.2131633314057242,0.2131633314057242,0.0,0.24021292813521314,0.24021292813521314,0.0,0.002580268384467606,0.002580268384467606,0.0,0.05087272807949515,0.050872728079495166,1.3877787807814457e-17
Latency_to_first_investigation_Stakan_NOR1,6,1,1,Latency_to_first_investigation_Stakan_NOR1,22,21,-1,0.0033651707045889876,0.014510998565140393,0.011145827860551405,OSQP,0.0,0.0,0.0,0.4,0.4,0.0,0.09322632571496539,0.09278271946051078,-0.00044360625445460933,0.06276572911117026,0.06906959698796973,0.006303867876799471,0.014793005580131994,0.014380434020279506,-0.00041257155985248775,0.11023854848323403,0.10884945592086204,-0.0013890925623719907
Latency_to_first_investigation_Stakan_NOR1,6,2,1,Latency_to_first_investigation_Stakan_NOR1,23,22,-1,0.061451051870933776,0.06216602662205709,0.0007149747511233165,OSQP,0.0,0.0,0.0,0.4,0.4,0.0,0.1180247418578166,0.11758007858599298,-0.0004446632718236171,0.21866610102154974,0.21852158212736608,-0.00014451889418365393,0.012011179471237894,0.01186883647322394,-0.00014234299801395463,0.09868751342878417,0.09889308292095521,0.0002055694921710427
Latency_to_first_investigation_Stakan_NOR1,6,3,1,Latency_to_first_investigation_Stakan_NOR1,21,20,-1,0.11287652472032114,0.10655750109906419,-0.006319023621256956,OSQP,0.0,0.0,0.0,0.3,0.3,0.0,0.04304914978548047,0.04428014833659497,0.0012309985511145052,0.1231875975195572,0.12368008267352464,0.0004924851539674369,0.01680739000531638,0.01797170541780205,0.0011643154124856697,0.23106273395374274,0.23568271693206147,0.004619982978318726
Latency_to_first_investigation_Stakan_NOR1,7,1,1,Latency_to_first_investigation_Stakan_NOR1,17,17,0,0.1499038780522447,0.14990387805224473,2.7755575615628914e-17,OSQP,0.0,0.0,0.0,0.3,0.3,0.0,0.06370868946441466,0.06370868946441466,0.0,0.21838530246191543,0.21838530246191545,2.7755575615628914e-17,0.009609755430380442,0.009609755430380444,1.734723475976807e-18,0.11527610665201535,0.11527610665201536,1.3877787807814457e-17
Latency_to_first_investigation_Stakan_NOR1,7,2,1,Latency_to_first_investigation_Stakan_NOR1,13,12,-1,1.9361865261387283e-19,1.6266913452002749e-19,-3.0949518093845347e-20,OSQP,0.0,0.0,0.0,0.3,0.3,0.0,0.10957555591925332,0.11153607251615896,0.0019605165969056454,0.032276472358410455,0.03585587265528432,0.0035794002968738622,0.0037973548347704656,0.004082069652115176,0.0002847148173447103,0.051907025728681694,0.05335825599232437,0.001451230263642675
Latency_to_first_investigation_Stakan_NOR1,8,1,1,Latency_to_first_investigation_Stakan_NOR1,18,18,0,0.2263803913777176,0.22638039137771745,-1.3877787807814457e-16,OSQP,0.0,0.0,0.0,0.4,0.4,0.0,0.08138120708872416,0.08138120708872418,1.3877787807814457e-17,0.12982591303201763,0.12982591303201763,0.0,0.010618025420993998,0.010618025420993995,-3.469446951953614e-18,0.0890515551664216,0.08905155516642164,4.163336342344337e-17
Latency_to_first_investigation_Stakan_NOR1,8,2,1,Latency_to_first_investigation_Stakan_NOR1,23,22,-1,0.1244952426022337,0.12491048308974756,0.0004152404875138599,OSQP,0.0,0.0,0.0,0.2,0.2,0.0,0.02422326420255525,0.024721916412602865,0.0004986522100476135,0.1577586050649493,0.1584148783701053,0.0006562733051559966,0.03222094458838797,0.03228794070253333,6.699611414535955e-05,0.18381869151940597,0.18377849580836347,-4.019571104249553e-05
Latency_to_first_investigation_Stakan_NOR1,8,3,1,Latency_to_first_investigation_Stakan_NOR1,11,11,0,0.02789366835850634,0.027893668358506332,-6.938893903907228e-18,OSQP,0.0,0.0,0.0,0.6,0.6,0.0,0.17644644022511752,0.17644644022511746,-5.551115123125783e-17,0.06995021856329897,0.06995021856329899,1.3877787807814457e-17,0.0037630021553013045,0.0037630021553013058,1.3010426069826053e-18,0.0648356218045125,0.06483562180451251,1.3877787807814457e-17
Latency_to_first_investigation_Stakan_NOR1,9,1,1,Latency_to_first_investigation_Stakan_NOR1,15,15,0,0.05074365536270324,0.05074365536270325,6.938893903907228e-18,OSQP,0.0,0.0,0.0,0.4,0.4,0.0,0.11360067209707445,0.11360067209707445,0.0,0.09972798362904345,0.09972798362904345,0.0,0.008611977809919636,0.008611977809919635,-1.734723475976807e-18,0.08976680144377723,0.08976680144377723,0.0
Latency_to_first_investigation_Stakan_NOR1,9,3,1,Latency_to_first_investigation_Stakan_NOR1,13,12,-1,2.9922454574571754e-22,1.522922090808834e-23,-2.839953248376292e-22,OSQP,0.0,0.0,0.0,0.4,0.4,0.0,0.19943247603842243,0.1986495644867603,-0.0007829115516621299,0.18979982737657833,0.18607691286266823,-0.0037229145139101028,0.001966391316024796,0.0025381313765339463,0.0005717400605091505,0.0449847609360299,0.04913278668001377,0.004148025743983874
rear_nosupport,0,1,1,rear_nosupport,15,15,0,0.0030318573811944096,3.797783379970383e-21,-0.0030318573811944096,OSQP,0.0,0.0,0.0,0.4,0.4,0.0,0.11209197224796985,0.10453315604920746,-0.007558816198762391,0.08989888839957391,0.08689755542647133,-0.00300133297310258,0.021915494461291762,0.02539775067131338,0.0034822562100216177,0.14372758288680176,0.15136063188191115,0.007633048995109387
rear_nosupport,0,2,1,rear_nosupport,23,22,-1,0.0974900704007345,0.11431234520028898,0.016822274799554476,OSQP,0.0,0.0,0.0,0.1,0.1,0.0,0.03311771395473223,0.02958720438793378,-0.0035305095667984496,0.07633388499462185,0.08486121092444743,0.00852732592982558,0.012164853639474926,0.013678799232241003,0.0015139455927660767,0.18396971000962106,0.18203008908208415,-0.0019396209275369114
rear_nosupport,1,1,1,rear_nosupport,13,13,0,0.07270820797348822,0.0727082079734882,-1.3877787807814457e-17,OSQP,0.0,0.0,0.0,0.5,0.5,0.0,0.18617733771163364,0.18617733771163367,2.7755575615628914e-17,0.2457059549803096,0.24570595498030962,2.7755575615628914e-17,0.007035562841298785,0.007035562841298785,0.0,0.06902084523738768,0.06902084523738768,0.0
rear_nosupport,1,2,1,rear_nosupport,16,15,-1,0.029775255514670803,0.033555190363143694,0.0037799348484728913,OSQP,0.0,0.0,0.0,0.2,0.2,0.0,0.04459746973867269,0.04457669148726166,-2.0778251411029958e-05,0.11119710552171197,0.11375643841003295,0.0025593328883209837,0.013822665068512619,0.013949849525099372,0.00012718445658675345,0.14433897015349334,0.1447347542575084,0.0003957841040150567
rear_nosupport,1,3,1,rear_nosupport,14,14,0,0.04536287901674088,0.04536287901674097,9.020562075079397e-17,OSQP,0.0,0.0,0.0,0.4,0.4,0.0,0.08707515416325036,0.08707515416325036,0.0,0.13889515515307574,0.13889515515307574,0.0,0.011942935569307372,0.011942935569307372,0.0,0.1519804747582696,0.15198047475826953,-5.551115123125783e-17
rear_nosupport,2,3,1,rear_nosupport,18,17,-1,0.15268257099775284,0.16540533385745376,0.01272276285970092,OSQP,0.0,0.0,0.0,0.1,0.1,0.0,0.032676071491899564,0.031115507475282557,-0.0015605640166170068,0.060870992645814914,0.05739321197771547,-0.0034777806680994436,0.008268744597400844,0.00792213719445636,-0.00034660740294448385,0.16235007089481632,0.16061128080686385,-0.0017387900879524687
rear_nosupport,3,1,1,rear_nosupport,22,21,-1,0.18974721319511076,0.19384186574514425,0.004094652550033495,OSQP,0.0,0.0,0.0,0.1,0.1,0.0,0.027569986421355303,0.02604362460474488,-0.001526361816610422,0.06095892799794378,0.058758551471365696,-0.0022003765265780836,0.015956048135074983,0.015763727687876566,-0.00019232044719841648,0.18241720053846797,0.18710902137657343,0.004691820838105459
rear_nosupport,3,2,1,rear_nosupport,13,13,0,0.07671893711342005,0.07671893711342008,2.7755575615628914e-17,OSQP,0.0,0.0,0.0,0.4,0.4,0.0,0.09070176080458908,0.0907017608045891,1.3877787807814457e-17,0.119552770923133,0.11955277092313303,2.7755575615628914e-17,0.009499113531474354,0.009499113531474354,0.0,0.07090204596420427,0.07090204596420428,1.3877787807814457e-17
rear_nosupport,3,3,1,rear_nosupport,19,19,0,7.775383011273989e-21,6.61593906336636e-21,-1.159443947907629e-21,OSQP,0.0,0.0,0.0,0.4,0.4,0.0,0.14172493613765222,0.14172493613765222,0.0,0.10770580136402266,0.10770580136402266,0.0,0.009469848028462178,0.009469848028462185,6.938893903907228e-18,0.10014566225218006,0.10014566225218006,0.0
rear_nosupport,5,1,1,rear_nosupport,22,21,-1,0.007711875685167556,0.009543109959712725,0.0018312342745451689,OSQP,0.0,0.0,0.0,0.3,0.3,0.0,0.06641428492965126,0.06667049995158505,0.0002562150219337922,0.1547757657450547,0.15724081804296497,0.002465052297910275,0.0380124238131268,0.038170276971811384,0.00015785315868458577,0.19637579007077868,0.19692178784613892,0.0005459977753602407
rear_nosupport,5,2,1,rear_nosupport,13,13,0,0.04639464830919164,0.048483656489645206,0.002089008180453565,OSQP,0.0,0.0,0.0,0.6,0.6,0.0,0.09176306194528458,0.08803826341132918,-0.003724798533955395,0.03138775660734407,0.02088157379729558,-0.010506182810048486,0.012598397373549536,0.010780102104589748,-0.0018182952689597878,0.09653797457607813,0.09748403764952665,0.000946063073448522
rear_nosupport,5,3,1,rear_nosupport,13,11,-2,3.0902420741747107e-20,1.1278096460683944e-20,-1.9624324281063163e-20,OSQP,0.0,0.0,0.0,0.5,0.5,0.0,0.2131633314057242,0.2099743552961803,-0.003188976109543884,0.24021292813521314,0.23750209244460713,-0.0027108356906060116,0.002580268384467606,0.0023426460998196294,-0.00023762228464797646,0.05087272807949515,0.053873485694083255,0.0030007576145881024
rear_nosupport,6,1,1,rear_nosupport,22,21,-1,0.0033651707045889876,0.004052080421720922,0.000686909717131934,OSQP,0.0,0.0,0.0,0.4,0.3,-0.10000000000000003,0.09322632571496539,0.09154703920211953,-0.001679286512845865,0.06276572911117026,0.060383908504938646,-0.0023818206062316133,0.014793005580131994,0.014980188805112317,0.00018718322498032305,0.11023854848323403,0.1106708926525644,0.00043234416933037034
rear_nosupport,6,2,1,rear_nosupport,23,22,-1,0.061451051870933776,0.06327822479939557,0.0018271729284617955,OSQP,0.0,0.0,0.0,0.4,0.4,0.0,0.1180247418578166,0.11858462031758751,0.0005598784597709155,0.21866610102154974,0.22356198289270393,0.004895881871154195,0.012011179471237894,0.012234408419662259,0.000223228948424364,0.09868751342878417,0.10020357279248104,0.0015160593636968783
rear_nosupport,6,3,1,rear_nosupport,21,20,-1,0.11287652472032114,0.12026181178926151,0.007385287068940372,OSQP,0.0,0.0,0.0,0.3,0.3,0.0,0.04304914978548047,0.04292797182357744,-0.00012117796190302954,0.1231875975195572,0.1324063896885036,0.009218792168946402,0.01680739000531638,0.016831115910671778,2.3725905355397037e-05,0.23106273395374274,0.24010559932133957,0.009042865367596825
rear_nosupport,7,1,1,rear_nosupport,17,16,-1,0.1499038780522447,0.15688795045127674,0.0069840723990320375,OSQP,0.0,0.0,0.0,0.3,0.3,0.0,0.06370868946441466,0.06380386820088232,9.517873646766595e-05,0.21838530246191543,0.21999945164749676,0.0016141491855813372,0.009609755430380442,0.009134295020981278,-0.00047546040939916434,0.11527610665201535,0.11342640478281078,-0.0018497018692045647
rear_nosupport,7,2,1,rear_nosupport,13,13,0,1.9361865261387283e-19,1.7842700105337358e-19,-1.5191651560499256e-20,OSQP,0.0,0.0,0.0,0.3,0.3,0.0,0.10957555591925332,0.10957555591925332,0.0,0.032276472358410455,0.03227647235841045,-6.938893903907228e-18,0.0037973548347704656,0.0037973548347704626,-3.0357660829594124e-18,0.051907025728681694,0.05190702572868169,-6.938893903907228e-18
rear_nosupport,8,1,1,rear_nosupport,18,18,0,0.2263803913777176,0.22638039137771748,-1.1102230246251565e-16,OSQP,0.0,0.0,0.0,0.4,0.4,0.0,0.08138120708872416,0.08138120708872415,-1.3877787807814457e-17,0.12982591303201763,0.12982591303201763,0.0,0.010618025420993998,0.010618025420993991,-6.938893903907228e-18,0.0890515551664216,0.08905155516642164,4.163336342344337e-17
rear_nosupport,8,2,1,rear_nosupport,23,22,-1,0.1244952426022337,0.13090949897057713,0.006414256368343432,OSQP,0.0,0.0,0.0,0.2,0.1,-0.1,0.02422326420255525,0.026354781515065463,0.0021315173125102116,0.1577586050649493,0.16174742883902685,0.0039888237740775545,0.03222094458838797,0.02777098108278019,-0.0044499635056077826,0.18381869151940597,0.18127301249648659,-0.0025456790229193837
rear_nosupport,8,3,1,rear_nosupport,11,10,-1,0.02789366835850634,0.02814427831295139,0.00025060995444504963,OSQP,0.0,0.0,0.0,0.6,0.6,0.0,0.17644644022511752,0.17625547139621855,-0.00019096882889896305,0.06995021856329897,0.070396252039553,0.00044603347625403467,0.0037630021553013045,0.0037897757873559617,2.677363205465721e-05,0.0648356218045125,0.06482839735398863,-7.224450523868331e-06
rear_nosupport,9,1,1,rear_nosupport,15,15,0,0.05074365536270324,0.05074365536270327,2.7755575615628914e-17,OSQP,0.0,0.0,0.0,0.4,0.4,0.0,0.11360067209707445,0.11360067209707447,2.7755575615628914e-17,0.09972798362904345,0.09972798362904343,-1.3877787807814457e-17,0.008611977809919636,0.008611977809919631,-5.204170427930421e-18,0.08976680144377723,0.0897668014437772,-2.7755575615628914e-17
rear_nosupport,9,3,1,rear_nosupport,13,13,0,2.9922454574571754e-22,3.5618228399403736e-22,5.695773824831982e-23,OSQP,0.0,0.0,0.0,0.4,0.4,0.0,0.19943247603842243,0.19943247603842243,0.0,0.18979982737657833,0.18979982737657833,0.0,0.001966391316024796,0.0019663913160247967,8.673617379884035e-19,0.0449847609360299,0.044984760936029905,6.938893903907228e-18
Time_inCenter_OFT,0,1,1,Time_inCenter_OFT,15,16,1,0.0030318573811944096,9.514640121312907e-19,-0.0030318573811944087,OSQP,0.0,0.0,0.0,0.4,0.4,0.0,0.11209197224796985,0.10812247698461605,-0.0039694952633538005,0.08989888839957391,0.08671769643871753,-0.0031811919608563805,0.021915494461291762,0.021978713374217678,6.321891292591572e-05,0.14372758288680176,0.1526043612199289,0.008876778333127139
Time_inCenter_OFT,0,2,1,Time_inCenter_OFT,23,22,-1,0.0974900704007345,0.11589427070195016,0.01840420030121566,OSQP,0.0,0.0,0.0,0.1,0.1,0.0,0.03311771395473223,0.03891841314751387,0.005800699192781637,0.07633388499462185,0.07955753169307174,0.003223646698449892,0.012164853639474926,0.0140788384079057,0.0019139847684307744,0.18396971000962106,0.190975374885623,0.0070056648760019324
Time_inCenter_OFT,1,1,1,Time_inCenter_OFT,13,16,3,0.07270820797348822,0.08388784104484015,0.011179633071351933,OSQP,0.0,0.0,0.0,0.5,0.5,0.0,0.18617733771163364,0.1921508743186263,0.005973536606992652,0.2457059549803096,0.2549204021998281,0.009214447219518501,0.007035562841298785,0.006674040299748502,-0.0003615225415502833,0.06902084523738768,0.05846156798841953,-0.010559277248968144
Time_inCenter_OFT,1,2,1,Time_inCenter_OFT,16,16,0,0.029775255514670803,0.04524518512317388,0.015469929608503078,OSQP,0.0,0.0,0.0,0.2,0.2,0.0,0.04459746973867269,0.046546591847848415,0.0019491221091757216,0.11119710552171197,0.09925890296863699,-0.011938202553074984,0.013822665068512619,0.013619245587626705,-0.00020341948088591424,0.14433897015349334,0.14388510464780138,-0.00045386550569195827
Time_inCenter_OFT,1,3,1,Time_inCenter_OFT,14,14,0,0.04536287901674088,0.04536287901674088,0.0,OSQP,0.0,0.0,0.0,0.4,0.4,0.0,0.08707515416325036,0.08707515416325039,2.7755575615628914e-17,0.13889515515307574,0.13889515515307568,-5.551115123125783e-17,0.011942935569307372,0.011942935569307372,0.0,0.1519804747582696,0.15198047475826956,-2.7755575615628914e-17
Time_inCenter_OFT,2,3,1,Time_inCenter_OFT,18,17,-1,0.15268257099775284,0.17179180046734502,0.019109229469592176,OSQP,0.0,0.0,0.0,0.1,0.2,0.1,0.032676071491899564,0.034293710514814654,0.0016176390229150905,0.060870992645814914,0.06579342940498636,0.00492243675917145,0.008268744597400844,0.0077152482742075396,-0.0005534963231933043,0.16235007089481632,0.16874963948478097,0.006399568589964655
Time_inCenter_OFT,3,1,1,Time_inCenter_OFT,22,21,-1,0.18974721319511076,0.21198752415848515,0.022240310963374393,OSQP,0.0,0.0,0.0,0.1,0.1,0.0,0.027569986421355303,0.03280250161124998,0.0052325151898946765,0.06095892799794378,0.1244971137389074,0.06353818574096362,0.015956048135074983,0.018146970557258488,0.002190922422183505,0.18241720053846797,0.18782089364831747,0.005403693109849506
Time_inCenter_OFT,3,2,1,Time_inCenter_OFT,13,13,0,0.07671893711342005,0.07404716155547851,-0.0026717755579415414,OSQP,0.0,0.0,0.0,0.4,0.4,0.0,0.09070176080458908,0.09276482618858133,0.0020630653839922436,0.119552770923133,0.11026001673426958,-0.009292754188863425,0.009499113531474354,0.01269325715711006,0.0031941436256357064,0.07090204596420427,0.0731265332135205,0.0022244872493162315
Time_inCenter_OFT,3,3,1,Time_inCenter_OFT,19,18,-1,7.775383011273989e-21,0.00031220700503665295,0.00031220700503665295,OSQP,0.0,0.0,0.0,0.4,0.4,0.0,0.14172493613765222,0.1445889402146817,0.0028640040770294695,0.10770580136402266,0.1095603056612343,0.0018545042972116371,0.009469848028462178,0.009663253074159177,0.00019340504569699893,0.10014566225218006,0.10019957171216701,5.390945998694219e-05
Time_inCenter_OFT,5,1,1,Time_inCenter_OFT,22,20,-2,0.007711875685167556,3.0171258334775233e-09,-0.0077118726680417225,OSQP,0.0,0.0,0.0,0.3,0.3,0.0,0.06641428492965126,0.06491907562432994,-0.0014952093053213211,0.1547757657450547,0.13030696048143606,-0.024468805263618637,0.0380124238131268,0.04126782161503751,0.0032553978019107116,0.19637579007077868,0.20839002689581498,0.0120142368250363
Time_inCenter_OFT,5,2,1,Time_inCenter_OFT,13,13,0,0.04639464830919164,0.04639464830919164,0.0,OSQP,0.0,0.0,0.0,0.6,0.6,0.0,0.09176306194528458,0.09176306194528458,0.0,0.03138775660734407,0.03138775660734405,-1.3877787807814457e-17,0.012598397373549536,0.012598397373549534,-1.734723475976807e-18,0.09653797457607813,0.09653797457607814,1.3877787807814457e-17
Time_inCenter_OFT,5,3,1,Time_inCenter_OFT,13,13,0,3.0902420741747107e-20,2.937444560271726e-20,-1.5279751390298487e-21,OSQP,0.0,0.0,0.0,0.5,0.5,0.0,0.2131633314057242,0.2131633314057242,0.0,0.24021292813521314,0.24021292813521314,0.0,0.002580268384467606,0.0025802683844676063,4.336808689942018e-19,0.05087272807949515,0.050872728079495166,1.3877787807814457e-17
Time_inCenter_OFT,6,1,1,Time_inCenter_OFT,22,19,-3,0.0033651707045889876,0.014059420826412686,0.0106942501218237,OSQP,0.0,0.0,0.0,0.4,0.4,0.0,0.09322632571496539,0.09229203082023031,-0.0009342948947350799,0.06276572911117026,0.07172603207790697,0.008960302966736708,0.014793005580131994,0.014738902828463641,-5.410275166835288e-05,0.11023854848323403,0.11123470603522548,0.00099615755199145
Time_inCenter_OFT,6,2,1,Time_inCenter_OFT,23,22,-1,0.061451051870933776,0.06932893541609508,0.007877883545161307,OSQP,0.0,0.0,0.0,0.4,0.4,0.0,0.1180247418578166,0.12009243661935982,0.002067694761543226,0.21866610102154974,0.21193512197310177,-0.006730979048447966,0.012011179471237894,0.01121318404215619,-0.0007979954290817052,0.09868751342878417,0.09613398293265955,-0.002553530496124612
Time_inCenter_OFT,6,3,1,Time_inCenter_OFT,21,21,0,0.11287652472032114,0.1629090169528114,0.05003249223249026,OSQP,0.0,0.0,0.0,0.3,0.3,0.0,0.04304914978548047,0.04106598136787769,-0.001983168417602779,0.1231875975195572,0.12269370490599063,-0.0004938926135665683,0.01680739000531638,0.014593238945456432,-0.0022141510598599496,0.23106273395374274,0.23220474871771976,0.0011420147639770173
Time_inCenter_OFT,7,1,1,Time_inCenter_OFT,17,17,0,0.1499038780522447,0.18550109105126011,0.035597212999015415,OSQP,0.0,0.0,0.0,0.3,0.3,0.0,0.06370868946441466,0.07661328275693147,0.012904593292516808,0.21838530246191543,0.22459429611715448,0.0062089936552390534,0.009609755430380442,0.00787521530346789,-0.001734540126912553,0.11527610665201535,0.09743755115290577,-0.01783855549910958
Time_inCenter_OFT,7,2,1,Time_inCenter_OFT,13,13,0,1.9361865261387283e-19,1.4580439378959595e-19,-4.781425882427688e-20,OSQP,0.0,0.0,0.0,0.3,0.3,0.0,0.10957555591925332,0.10858157994359419,-0.000993975975659131,0.032276472358410455,0.03211842289643236,-0.00015804946197809505,0.0037973548347704656,0.004087693919490696,0.00029033908472023053,0.051907025728681694,0.0529264302421356,0.001019404513453906
Time_inCenter_OFT,8,1,1,Time_inCenter_OFT,18,17,-1,0.2263803913777176,0.2460522639675628,0.019671872589845207,OSQP,0.0,0.0,0.0,0.4,0.4,0.0,0.08138120708872416,0.08490773033081513,0.003526523242090962,0.12982591303201763,0.11916956399174433,-0.010656349040273294,0.010618025420993998,0.009644527159751821,-0.0009734982612421769,0.0890515551664216,0.08852163291436536,-0.0005299222520562391
Time_inCenter_OFT,8,2,1,Time_inCenter_OFT,23,22,-1,0.1244952426022337,0.12164096456560627,-0.002854278036627425,OSQP,0.0,0.0,0.0,0.2,0.2,0.0,0.02422326420255525,0.027561262490990814,0.003337998288435562,0.1577586050649493,0.1568858704153552,-0.0008727346495940869,0.03222094458838797,0.03521722997525612,0.00299628538686815,0.18381869151940597,0.1882921708724257,0.004473479353019727
Time_inCenter_OFT,8,3,1,Time_inCenter_OFT,11,11,0,0.02789366835850634,0.027893668358506332,-6.938893903907228e-18,OSQP,0.0,0.0,0.0,0.6,0.6,0.0,0.17644644022511752,0.17644644022511752,0.0,0.06995021856329897,0.06995021856329896,-1.3877787807814457e-17,0.0037630021553013045,0.003763002155301303,-1.3010426069826053e-18,0.0648356218045125,0.0648356218045125,0.0
Time_inCenter_OFT,9,1,1,Time_inCenter_OFT,15,14,-1,0.05074365536270324,0.0494153700513981,-0.0013282853113051399,OSQP,0.0,0.0,0.0,0.4,0.4,0.0,0.11360067209707445,0.1238643484285332,0.010263676331458749,0.09972798362904345,0.11245964506605131,0.012731661437007866,0.008611977809919636,0.009614264162310912,0.0010022863523912757,0.08976680144377723,0.09555336145880926,0.005786560015032027
Time_inCenter_OFT,9,3,1,Time_inCenter_OFT,13,13,0,2.9922454574571754e-22,2.2714782414902424e-22,-7.20767215966933e-23,OSQP,0.0,0.0,0.0,0.4,0.4,0.0,0.19943247603842243,0.19943247603842243,0.0,0.18979982737657833,0.18979982737657833,0.0,0.001966391316024796,0.0019663913160247962,4.336808689942018e-19,0.0449847609360299,0.0449847609360299,0.0
Latency_to_first_investigation_Stakan_zone_NOR2,0,1,1,Latency_to_first_investigation_Stakan_zone_NOR2,15,18,3,0.0030318573811944096,0.022301825479266967,0.01926996809807256,OSQP,0.0,0.0,0.0,0.4,0.5,0.09999999999999998,0.11209197224796985,0.11526745005931878,0.0031754778113489285,0.08989888839957391,0.09640775625003115,0.006508867850457234,0.021915494461291762,0.022448990241268136,0.0005334957799763736,0.14372758288680176,0.13935713103125769,-0.0043704518555440774
Latency_to_first_investigation_Stakan_zone_NOR2,0,2,1,Latency_to_first_investigation_Stakan_zone_NOR2,23,21,-2,0.0974900704007345,0.10390622491113899,0.00641615451040449,OSQP,0.0,0.0,0.0,0.1,0.1,0.0,0.03311771395473223,0.045604099978117395,0.012486386023385164,0.07633388499462185,0.06014577124920857,-0.016188113745413277,0.012164853639474926,0.01382441975175943,0.001659566112284504,0.18396971000962106,0.18747927543374374,0.0035095654241226737
Latency_to_first_investigation_Stakan_zone_NOR2,1,1,1,Latency_to_first_investigation_Stakan_zone_NOR2,13,16,3,0.07270820797348822,0.06677451749229757,-0.005933690481190648,OSQP,0.0,0.0,0.0,0.5,0.5,0.0,0.18617733771163364,0.18901483843572592,0.002837500724092279,0.2457059549803096,0.25275918875296627,0.007053233772656681,0.007035562841298785,0.008045005022944259,0.0010094421816454731,0.06902084523738768,0.07562118580524138,0.006600340567853705
Latency_to_first_investigation_Stakan_zone_NOR2,1,2,1,Latency_to_first_investigation_Stakan_zone_NOR2,16,15,-1,0.029775255514670803,0.02989858570165167,0.00012333018698086617,OSQP,0.0,0.0,0.0,0.2,0.2,0.0,0.04459746973867269,0.044527861818391225,-6.96079202814684e-05,0.11119710552171197,0.11118539155721187,-1.1713964500101315e-05,0.013822665068512619,0.013758511506336953,-6.415356217566621e-05,0.14433897015349334,0.14429099515363444,-4.7974999858896306e-05
Latency_to_first_investigation_Stakan_zone_NOR2,1,3,1,Latency_to_first_investigation_Stakan_zone_NOR2,14,13,-1,0.04536287901674088,0.042266817187421556,-0.0030960618293193257,OSQP,0.0,0.0,0.0,0.4,0.4,0.0,0.08707515416325036,0.0888467678357933,0.0017716136725429432,0.13889515515307574,0.13693126598765576,-0.0019638891654199797,0.011942935569307372,0.012418441062401225,0.0004755054930938533,0.1519804747582696,0.15339279148415091,0.001412316725881324
Latency_to_first_investigation_Stakan_zone_NOR2,2,3,1,Latency_to_first_investigation_Stakan_zone_NOR2,18,17,-1,0.15268257099775284,0.15936779390567532,0.006685222907922478,OSQP,0.0,0.0,0.0,0.1,0.1,0.0,0.032676071491899564,0.03409789344161337,0.0014218219497138043,0.060870992645814914,0.04986249373865988,-0.011008498907155037,0.008268744597400844,0.009005014215193499,0.000736269617792655,0.16235007089481632,0.1625281405841583,0.0001780696893419753
Latency_to_first_investigation_Stakan_zone_NOR2,3,1,1,Latency_to_first_investigation_Stakan_zone_NOR2,22,19,-3,0.18974721319511076,0.2041125881352695,0.014365374940158743,OSQP,0.0,0.0,0.0,0.1,0.1,0.0,0.027569986421355303,0.02949122663221785,0.0019212402108625473,0.06095892799794378,0.04930286273579121,-0.01165606526215257,0.015956048135074983,0.01608769718317184,0.0001316490480968574,0.18241720053846797,0.18525635693280923,0.0028391563943412634
Latency_to_first_investigation_Stakan_zone_NOR2,3,2,1,Latency_to_first_investigation_Stakan_zone_NOR2,13,12,-1,0.07671893711342005,0.07702243504899253,0.0003034979355724804,OSQP,0.0,0.0,0.0,0.4,0.4,0.0,0.09070176080458908,0.09116509619454348,0.0004633353899543974,0.119552770923133,0.1185133736827563,-0.0010393972403767021,0.009499113531474354,0.009946416240975213,0.0004473027095008592,0.07090204596420427,0.07103764507356465,0.000135599109360382
Latency_to_first_investigation_Stakan_zone_NOR2,3,3,1,Latency_to_first_investigation_Stakan_zone_NOR2,19,19,0,7.775383011273989e-21,6.813984568103963e-21,-9.61398443170026e-22,OSQP,0.0,0.0,0.0,0.4,0.4,0.0,0.14172493613765222,0.14172493613765222,0.0,0.10770580136402266,0.10770580136402265,-1.3877787807814457e-17,0.009469848028462178,0.00946984802846218,1.734723475976807e-18,0.10014566225218006,0.10014566225218009,2.7755575615628914e-17
Latency_to_first_investigation_Stakan_zone_NOR2,5,1,1,Latency_to_first_investigation_Stakan_zone_NOR2,22,21,-1,0.007711875685167556,0.0013995244748322524,-0.006312351210335304,OSQP,0.0,0.0,0.0,0.3,0.3,0.0,0.06641428492965126,0.051581883691872145,-0.014832401237779118,0.1547757657450547,0.16472386379624326,0.00994809805118857,0.0380124238131268,0.03600408296214669,-0.00200834085098011,0.19637579007077868,0.21427157651295128,0.0178957864421726
Latency_to_first_investigation_Stakan_zone_NOR2,5,2,1,Latency_to_first_investigation_Stakan_zone_NOR2,13,13,0,0.04639464830919164,0.040145425438981586,-0.0062492228702100555,OSQP,0.0,0.0,0.0,0.6,0.6,0.0,0.09176306194528458,0.10308554372355265,0.01132248177826807,0.03138775660734407,0.032302881338166424,0.0009151247308223573,0.012598397373549536,0.017586427816818923,0.004988030443269387,0.09653797457607813,0.09973950492839077,0.0032015303523126454
Latency_to_first_investigation_Stakan_zone_NOR2,5,3,1,Latency_to_first_investigation_Stakan_zone_NOR2,13,13,0,3.0902420741747107e-20,8.936346234629194e-20,5.846104160454483e-20,OSQP,0.0,0.0,0.0,0.5,0.5,0.0,0.2131633314057242,0.2084650866083801,-0.004698244797344098,0.24021292813521314,0.23733732123236892,-0.002875606902844219,0.002580268384467606,0.0031976910668483436,0.0006174226823807377,0.05087272807949515,0.057163457935257685,0.006290729855762532
Latency_to_first_investigation_Stakan_zone_NOR2,6,1,1,Latency_to_first_investigation_Stakan_zone_NOR2,22,22,0,0.0033651707045889876,0.008082972001814381,0.004717801297225393,OSQP,0.0,0.0,0.0,0.4,0.3,-0.10000000000000003,0.09322632571496539,0.08976824690577691,-0.0034580788091884834,0.06276572911117026,0.0642181591615713,0.0014524300504010351,0.014793005580131994,0.015481067552195938,0.0006880619720639435,0.11023854848323403,0.11437957427688927,0.004141025793655245
Latency_to_first_investigation_Stakan_zone_NOR2,6,2,1,Latency_to_first_investigation_Stakan_zone_NOR2,23,22,-1,0.061451051870933776,0.06359889586502974,0.0021478439940959687,OSQP,0.0,0.0,0.0,0.4,0.4,0.0,0.1180247418578166,0.11885005235122678,0.0008253104934101835,0.21866610102154974,0.21879196254267977,0.0001258615211300329,0.012011179471237894,0.012391997518434677,0.0003808180471967827,0.09868751342878417,0.09831481840774162,-0.0003726950210425489
Latency_to_first_investigation_Stakan_zone_NOR2,6,3,1,Latency_to_first_investigation_Stakan_zone_NOR2,21,18,-3,0.11287652472032114,0.09865408145824506,-0.014222443262076084,OSQP,0.0,0.0,0.0,0.3,0.3,0.0,0.04304914978548047,0.04231012157050118,-0.0007390282149792871,0.1231875975195572,0.11203923252740555,-0.011148364992151646,0.01680739000531638,0.019217730151933267,0.0024103401466168857,0.23106273395374274,0.23920436088604052,0.00814162693229778
Latency_to_first_investigation_Stakan_zone_NOR2,7,1,1,Latency_to_first_investigation_Stakan_zone_NOR2,17,18,1,0.1499038780522447,0.14968861995076688,-0.0002152581014778221,OSQP,0.0,0.0,0.0,0.3,0.3,0.0,0.06370868946441466,0.06602655984564527,0.002317870381230616,0.21838530246191543,0.21681910022033019,-0.0015662022415852406,0.009609755430380442,0.00872070798033678,-0.0008890474500436625,0.11527610665201535,0.11807097570530342,0.0027948690532880738
Latency_to_first_investigation_Stakan_zone_NOR2,7,2,1,Latency_to_first_investigation_Stakan_zone_NOR2,13,13,0,1.9361865261387283e-19,1.2418255886072024e-19,-6.94360937531526e-20,OSQP,0.0,0.0,0.0,0.3,0.3,0.0,0.10957555591925332,0.10957555591925332,0.0,0.032276472358410455,0.03227647235841047,1.3877787807814457e-17,0.0037973548347704656,0.0037973548347704634,-2.168404344971009e-18,0.051907025728681694,0.0519070257286817,6.938893903907228e-18
Latency_to_first_investigation_Stakan_zone_NOR2,8,1,1,Latency_to_first_investigation_Stakan_zone_NOR2,18,17,-1,0.2263803913777176,0.22660108163447096,0.00022069025675336418,OSQP,0.0,0.0,0.0,0.4,0.4,0.0,0.08138120708872416,0.08156079367547563,0.00017958658675146233,0.12982591303201763,0.12996013421221095,0.0001342211801933224,0.010618025420993998,0.0106560521643412,3.802674334720153e-05,0.0890515551664216,0.08896345766330878,-8.80975031128245e-05
Latency_to_first_investigation_Stakan_zone_NOR2,8,2,1,Latency_to_first_investigation_Stakan_zone_NOR2,23,22,-1,0.1244952426022337,0.12114216725424709,-0.0033530753479866088,OSQP,0.0,0.0,0.0,0.2,0.2,0.0,0.02422326420255525,0.030486938072568602,0.00626367387001335,0.1577586050649493,0.15918423344702456,0.0014256283820752724,0.03222094458838797,0.03195084174946928,-0.0002701028389186927,0.18381869151940597,0.1858959235685041,0.0020772320490981266
Latency_to_first_investigation_Stakan_zone_NOR2,8,3,1,Latency_to_first_investigation_Stakan_zone_NOR2,11,12,1,0.02789366835850634,0.056137443816758066,0.028243775458251727,OSQP,0.0,0.0,0.0,0.6,0.6,0.0,0.17644644022511752,0.17987427304573492,0.003427832820617399,0.06995021856329897,0.07980473936829667,0.009854520804997699,0.0037630021553013045,0.002542781883550387,-0.0012202202717509175,0.0648356218045125,0.05529678965623892,-0.009538832148273571
Latency_to_first_investigation_Stakan_zone_NOR2,9,1,1,Latency_to_first_investigation_Stakan_zone_NOR2,15,15,0,0.05074365536270324,0.05074365536270318,-6.245004513516506e-17,OSQP,0.0,0.0,0.0,0.4,0.4,0.0,0.11360067209707445,0.11360067209707445,0.0,0.09972798362904345,0.09972798362904346,1.3877787807814457e-17,0.008611977809919636,0.008611977809919636,0.0,0.08976680144377723,0.08976680144377724,1.3877787807814457e-17
Latency_to_first_investigation_Stakan_zone_NOR2,9,3,1,Latency_to_first_investigation_Stakan_zone_NOR2,13,12,-1,2.9922454574571754e-22,6.607586304393477e-22,3.615340846936301e-22,OSQP,0.0,0.0,0.0,0.4,0.4,0.0,0.19943247603842243,0.19541371650791425,-0.004018759530508176,0.18979982737657833,0.19079803939961812,0.0009982120230397906,0.001966391316024796,0.00203545830629478,6.906699026998408e-05,0.0449847609360299,0.04846108544642939,0.0034763245103994894
Latency_to_first_investigation_Piramidka_NOR1,0,1,1,Latency_to_first_investigation_Piramidka_NOR1,15,20,5,0.0030318573811944096,0.0033783635785232286,0.000346506197328819,OSQP,0.0,0.0,0.0,0.4,0.5,0.09999999999999998,0.11209197224796985,0.11504359254291215,0.002951620294942295,0.08989888839957391,0.102312493570003,0.012413605170429082,0.021915494461291762,0.02753207371075969,0.005616579249467929,0.14372758288680176,0.1588288368649107,0.015101253978108936
Latency_to_first_investigation_Piramidka_NOR1,0,2,1,Latency_to_first_investigation_Piramidka_NOR1,23,22,-1,0.0974900704007345,0.09544580790937746,-0.0020442624913570434,OSQP,0.0,0.0,0.0,0.1,0.1,0.0,0.03311771395473223,0.03559067164531864,0.0024729576905864123,0.07633388499462185,0.0782644003500923,0.0019305153554704524,0.012164853639474926,0.013137309195913735,0.0009724555564388088,0.18396971000962106,0.18599965003596872,0.002029940026347654
Latency_to_first_investigation_Piramidka_NOR1,1,1,1,Latency_to_first_investigation_Piramidka_NOR1,13,13,0,0.07270820797348822,0.0727082079734882,-1.3877787807814457e-17,OSQP,0.0,0.0,0.0,0.5,0.5,0.0,0.18617733771163364,0.18617733771163364,0.0,0.2457059549803096,0.2457059549803096,0.0,0.007035562841298785,0.007035562841298784,-1.734723475976807e-18,0.06902084523738768,0.06902084523738766,-1.3877787807814457e-17
Latency_to_first_investigation_Piramidka_NOR1,1,2,1,Latency_to_first_investigation_Piramidka_NOR1,16,15,-1,0.029775255514670803,0.049941544184761266,0.020166288670090463,OSQP,0.0,0.0,0.0,0.2,0.2,0.0,0.04459746973867269,0.04173615805796799,-0.002861311680704706,0.11119710552171197,0.11144332544410054,0.00024621992238857415,0.013822665068512619,0.014815734996282429,0.0009930699277698098,0.14433897015349334,0.14688861141841164,0.002549641264918301
Latency_to_first_investigation_Piramidka_NOR1,1,3,1,Latency_to_first_investigation_Piramidka_NOR1,14,12,-2,0.04536287901674088,0.04368927041388504,-0.0016736086028558417,OSQP,0.0,0.0,0.0,0.4,0.4,0.0,0.08707515416325036,0.0938993767774228,0.00682422261417244,0.13889515515307574,0.1250207948189787,-0.01387436033409703,0.011942935569307372,0.013735223077622474,0.0017922875083151019,0.1519804747582696,0.15530217824706302,0.0033217034887934316
Latency_to_first_investigation_Piramidka_NOR1,2,3,1,Latency_to_first_investigation_Piramidka_NOR1,18,19,1,0.15268257099775284,0.24148666701509677,0.08880409601734393,OSQP,0.0,0.0,0.0,0.1,0.2,0.1,0.032676071491899564,0.033083967448675144,0.00040789595677558077,0.060870992645814914,0.048665332156965495,-0.01220566048884942,0.008268744597400844,0.00954214177202699,0.001273397174626146,0.16235007089481632,0.15956000998464961,-0.002790060910166703
Latency_to_first_investigation_Piramidka_NOR1,3,1,1,Latency_to_first_investigation_Piramidka_NOR1,22,19,-3,0.18974721319511076,0.30625117295172455,0.11650395975661379,OSQP,0.0,0.0,0.0,0.1,0.0,-0.1,0.027569986421355303,0.007709006127577679,-0.019860980293777624,0.06095892799794378,0.06830323404728944,0.007344306049345661,0.015956048135074983,0.023103058371714644,0.0071470102366396615,0.18241720053846797,0.20999677716448076,0.02757957662601279
Latency_to_first_investigation_Piramidka_NOR1,3,2,1,Latency_to_first_investigation_Piramidka_NOR1,13,13,0,0.07671893711342005,0.07963584724139287,0.0029169101279728216,OSQP,0.0,0.0,0.0,0.4,0.4,0.0,0.09070176080458908,0.1012741533622924,0.010572392557703314,0.119552770923133,0.13549912076066173,0.015946349837528725,0.009499113531474354,0.012418752761844377,0.0029196392303700233,0.07090204596420427,0.0668145736543372,-0.004087472309867071
Latency_to_first_investigation_Piramidka_NOR1,3,3,1,Latency_to_first_investigation_Piramidka_NOR1,19,19,0,7.775383011273989e-21,6.717788468142732e-21,-1.0575945431312566e-21,OSQP,0.0,0.0,0.0,0.4,0.4,0.0,0.14172493613765222,0.14172493613765222,0.0,0.10770580136402266,0.10770580136402265,-1.3877787807814457e-17,0.009469848028462178,0.009469848028462178,0.0,0.10014566225218006,0.10014566225218009,2.7755575615628914e-17
Latency_to_first_investigation_Piramidka_NOR1,5,1,1,Latency_to_first_investigation_Piramidka_NOR1,22,21,-1,0.007711875685167556,0.017083212171284043,0.009371336486116487,OSQP,0.0,0.0,0.0,0.3,0.3,0.0,0.06641428492965126,0.06975298255355158,0.003338697623900322,0.1547757657450547,0.14357985569867623,-0.01119591004637846,0.0380124238131268,0.039601269839773225,0.001588846026646426,0.19637579007077868,0.18947925036856908,-0.006896539702209603
Latency_to_first_investigation_Piramidka_NOR1,5,2,1,Latency_to_first_investigation_Piramidka_NOR1,13,14,1,0.04639464830919164,0.052424451065614094,0.006029802756422453,OSQP,0.0,0.0,0.0,0.6,0.5,-0.09999999999999998,0.09176306194528458,0.08176756758894017,-0.009995494356344406,0.03138775660734407,0.04080392365778298,0.009416167050438913,0.012598397373549536,0.012417449316579197,-0.0001809480569703384,0.09653797457607813,0.11457468514754832,0.018036710571470188
Latency_to_first_investigation_Piramidka_NOR1,5,3,1,Latency_to_first_investigation_Piramidka_NOR1,13,13,0,3.0902420741747107e-20,2.9069364869514535e-20,-1.8330558722325716e-21,OSQP,0.0,0.0,0.0,0.5,0.5,0.0,0.2131633314057242,0.2131633314057242,0.0,0.24021292813521314,0.24021292813521314,0.0,0.002580268384467606,0.0025802683844676063,4.336808689942018e-19,0.05087272807949515,0.05087272807949516,6.938893903907228e-18
Latency_to_first_investigation_Piramidka_NOR1,6,1,1,Latency_to_first_investigation_Piramidka_NOR1,22,19,-3,0.0033651707045889876,0.017617817320221024,0.014252646615632036,OSQP,0.0,0.0,0.0,0.4,0.3,-0.10000000000000003,0.09322632571496539,0.09138973965865352,-0.001836586056311873,0.06276572911117026,0.06417002768707489,0.0014042985759046278,0.014793005580131994,0.01138372489027605,-0.003409280689855944,0.11023854848323403,0.12198642275929447,0.011747874276060444
Latency_to_first_investigation_Piramidka_NOR1,6,2,1,Latency_to_first_investigation_Piramidka_NOR1,23,22,-1,0.061451051870933776,0.10629316115534351,0.04484210928440974,OSQP,0.0,0.0,0.0,0.4,0.5,0.09999999999999998,0.1180247418578166,0.12811911601290965,0.010094374155093053,0.21866610102154974,0.18579683658834487,-0.03286926443320487,0.012011179471237894,0.010793777451135666,-0.0012174020201022283,0.09868751342878417,0.0838267076940265,-0.014860805734757662
Latency_to_first_investigation_Piramidka_NOR1,6,3,1,Latency_to_first_investigation_Piramidka_NOR1,21,21,0,0.11287652472032114,0.1298743449622033,0.01699782024188215,OSQP,0.0,0.0,0.0,0.3,0.3,0.0,0.04304914978548047,0.050566090906755214,0.007516941121274746,0.1231875975195572,0.12169940338060875,-0.0014881941389484482,0.01680739000531638,0.01847715330634922,0.0016697633010328387,0.23106273395374274,0.22487331720144377,-0.006189416752298976
Latency_to_first_investigation_Piramidka_NOR1,7,1,1,Latency_to_first_investigation_Piramidka_NOR1,17,16,-1,0.1499038780522447,0.20776807474313175,0.05786419669088705,OSQP,0.0,0.0,0.0,0.3,0.5,0.2,0.06370868946441466,0.0858022533398701,0.02209356387545544,0.21838530246191543,0.22205010391513222,0.0036648014532167927,0.009609755430380442,0.006928508819414182,-0.00268124661096626,0.11527610665201535,0.10587662402391375,-0.0093994826281016
Latency_to_first_investigation_Piramidka_NOR1,7,2,1,Latency_to_first_investigation_Piramidka_NOR1,13,15,2,1.9361865261387283e-19,9.265386142121001e-21,-1.8435326647175183e-19,OSQP,0.0,0.0,0.0,0.3,0.4,0.10000000000000003,0.10957555591925332,0.1128602036611138,0.0032846477418604775,0.032276472358410455,0.03590862224113986,0.0036321498827294046,0.0037973548347704656,0.007624444256809215,0.003827089422038749,0.051907025728681694,0.056986602568318626,0.005079576839636932
Latency_to_first_investigation_Piramidka_NOR1,8,1,1,Latency_to_first_investigation_Piramidka_NOR1,18,17,-1,0.2263803913777176,0.22788362189169276,0.0015032305139751623,OSQP,0.0,0.0,0.0,0.4,0.4,0.0,0.08138120708872416,0.082446537230951,0.0010653301422268308,0.12982591303201763,0.12948086308042198,-0.00034504995159564955,0.010618025420993998,0.010602924281161172,-1.5101139832825877e-05,0.0890515551664216,0.0880877308944792,-0.0009638242719424012
Latency_to_first_investigation_Piramidka_NOR1,8,2,1,Latency_to_first_investigation_Piramidka_NOR1,23,20,-3,0.1244952426022337,0.21772441339778678,0.09322917079555308,OSQP,0.0,0.0,0.0,0.2,0.1,-0.1,0.02422326420255525,0.03190724991210646,0.007683985709551207,0.1577586050649493,0.14060322240800813,-0.017155382656941165,0.03222094458838797,0.029425303221311663,-0.0027956413670763083,0.18381869151940597,0.182015139355819,-0.0018035521635869634
Latency_to_first_investigation_Piramidka_NOR1,8,3,1,Latency_to_first_investigation_Piramidka_NOR1,11,10,-1,0.02789366835850634,0.027838966015003217,-5.4702343503122e-05,OSQP,0.0,0.0,0.0,0.6,0.6,0.0,0.17644644022511752,0.1766226096347953,0.00017616940967779549,0.06995021856329897,0.06992069701180932,-2.952155148965019e-05,0.0037630021553013045,0.003807108239353167,4.410608405186261e-05,0.0648356218045125,0.06513156401867157,0.00029594221415907285
Latency_to_first_investigation_Piramidka_NOR1,9,1,1,Latency_to_first_investigation_Piramidka_NOR1,15,14,-1,0.05074365536270324,0.054961924876285616,0.004218269513582375,OSQP,0.0,0.0,0.0,0.4,0.4,0.0,0.11360067209707445,0.1358379006292231,0.022237228532148656,0.09972798362904345,0.09122729676401702,-0.008500686865026433,0.008611977809919636,0.00959976372880889,0.0009877859188892543,0.08976680144377723,0.0960476772371193,0.006280875793342064
Latency_to_first_investigation_Piramidka_NOR1,9,3,1,Latency_to_first_investigation_Piramidka_NOR1,13,12,-1,2.9922454574571754e-22,1.7072943173956892e-21,1.4080697716499717e-21,OSQP,0.0,0.0,0.0,0.4,0.4,0.0,0.19943247603842243,0.19946208932782505,2.9613289402624643e-05,0.18979982737657833,0.18961962395093074,-0.0001802034256475904,0.001966391316024796,0.0019801690044606883,1.3777688435892468e-05,0.0449847609360299,0.0450476339328144,6.28729967845007e-05
rear_support,0,1,1,rear_support,15,13,-2,0.0030318573811944096,3.4084272708297286e-18,-0.003031857381194406,OSQP,0.0,0.0,0.0,0.4,0.5,0.09999999999999998,0.11209197224796985,0.12137986528232951,0.00928789303435966,0.08989888839957391,0.09085319826506964,0.000954309865495731,0.021915494461291762,0.02050218453750524,-0.001413309923786521,0.14372758288680176,0.14885580947128585,0.005128226584484086
rear_support,0,2,1,rear_support,23,21,-2,0.0974900704007345,0.1932696551244496,0.0957795847237151,OSQP,0.0,0.0,0.0,0.1,0.1,0.0,0.03311771395473223,0.02484885245971947,-0.008268861495012762,0.07633388499462185,0.07175791920219393,-0.004575965792427916,0.012164853639474926,0.015085128877482394,0.002920275238007468,0.18396971000962106,0.1675786248709312,-0.016391085138689865
rear_support,1,1,1,rear_support,13,13,0,0.07270820797348822,0.07270820797348819,-2.7755575615628914e-17,OSQP,0.0,0.0,0.0,0.5,0.5,0.0,0.18617733771163364,0.18617733771163364,0.0,0.2457059549803096,0.2457059549803096,0.0,0.007035562841298785,0.007035562841298784,-1.734723475976807e-18,0.06902084523738768,0.06902084523738768,0.0
rear_support,1,2,1,rear_support,16,14,-2,0.029775255514670803,0.0706241543663636,0.040848898851692794,OSQP,0.0,0.0,0.0,0.2,0.2,0.0,0.04459746973867269,0.050948733629059204,0.00635126389038651,0.11119710552171197,0.1171194618002203,0.005922356278508331,0.013822665068512619,0.011383653488602303,-0.0024390115799103156,0.14433897015349334,0.12560624945791607,-0.01873272069557727
rear_support,1,3,1,rear_support,14,15,1,0.04536287901674088,0.057961975623958266,0.012599096607217385,OSQP,0.0,0.0,0.0,0.4,0.4,0.0,0.08707515416325036,0.09237826146985584,0.0053031073066054785,0.13889515515307574,0.12729019727485139,-0.011604957878224353,0.011942935569307372,0.015328760540362897,0.003385824971055525,0.1519804747582696,0.1516270458037994,-0.0003534289544701863
rear_support,2,3,1,rear_support,18,17,-1,0.15268257099775284,0.17518648058041494,0.0225039095826621,OSQP,0.0,0.0,0.0,0.1,0.2,0.1,0.032676071491899564,0.03475979229453745,0.002083720802637884,0.060870992645814914,0.07316088695703446,0.012289894311219546,0.008268744597400844,0.008754782009947124,0.00048603741254628005,0.16235007089481632,0.16107971040606284,-0.0012703604887534803
rear_support,3,1,1,rear_support,22,23,1,0.18974721319511076,0.18693656020817423,-0.0028106529869365293,OSQP,0.0,0.0,0.0,0.1,0.1,0.0,0.027569986421355303,0.03101223118462188,0.003442244763266579,0.06095892799794378,0.07140854714698358,0.010449619149039802,0.015956048135074983,0.019114973828899342,0.003158925693824359,0.18241720053846797,0.19424596340690684,0.011828762868438869
rear_support,3,2,1,rear_support,13,12,-1,0.07671893711342005,0.0800685330286032,0.0033495959151831484,OSQP,0.0,0.0,0.0,0.4,0.4,0.0,0.09070176080458908,0.094848074978006,0.004146314173416918,0.119552770923133,0.12264482961049761,0.0030920586873646044,0.009499113531474354,0.008987993505796781,-0.0005111200256775732,0.07090204596420427,0.07047286752768883,-0.0004291784365154372
rear_support,3,3,1,rear_support,19,18,-1,7.775383011273989e-21,0.0033895129441492413,0.0033895129441492413,OSQP,0.0,0.0,0.0,0.4,0.4,0.0,0.14172493613765222,0.14239614027350872,0.0006712041358565013,0.10770580136402266,0.11158843874923655,0.003882637385213883,0.009469848028462178,0.009587582687992252,0.0001177346595300742,0.10014566225218006,0.10026770496078727,0.00012204270860720345
rear_support,5,1,1,rear_support,22,22,0,0.007711875685167556,0.0195690121006647,0.011857136415497143,OSQP,0.0,0.0,0.0,0.3,0.3,0.0,0.06641428492965126,0.07738600442530888,0.010971719495657617,0.1547757657450547,0.16282902858734793,0.00805326284229324,0.0380124238131268,0.04581765334200432,0.007805229528877522,0.19637579007077868,0.19846043752835174,0.002084647457573058
rear_support,5,2,1,rear_support,13,15,2,0.04639464830919164,0.0768885227665529,0.030493874457361264,OSQP,0.0,0.0,0.0,0.6,0.6,0.0,0.09176306194528458,0.09339511755196189,0.0016320556066773129,0.03138775660734407,0.02090700393386555,-0.010480752673478515,0.012598397373549536,0.012948507841022324,0.0003501104674727886,0.09653797457607813,0.07944857235099731,-0.01708940222508082
rear_support,5,3,1,rear_support,13,13,0,3.0902420741747107e-20,3.140679123141803e-20,5.043704896709218e-22,OSQP,0.0,0.0,0.0,0.5,0.5,0.0,0.2131633314057242,0.2131633314057242,0.0,0.24021292813521314,0.24021292813521314,0.0,0.002580268384467606,0.002580268384467606,0.0,0.05087272807949515,0.05087272807949517,2.0816681711721685e-17
rear_support,6,1,1,rear_support,22,21,-1,0.0033651707045889876,0.003872825500144078,0.0005076547955550903,OSQP,0.0,0.0,0.0,0.4,0.5,0.09999999999999998,0.09322632571496539,0.09970665067776521,0.006480324962799822,0.06276572911117026,0.07035776294383551,0.007592033832665254,0.014793005580131994,0.014938978666974934,0.00014597308684293972,0.11023854848323403,0.11369646069736009,0.0034579122141260576
rear_support,6,2,1,rear_support,23,22,-1,0.061451051870933776,0.07043467811592359,0.008983626244989815,OSQP,0.0,0.0,0.0,0.4,0.4,0.0,0.1180247418578166,0.12171631284594028,0.0036915709881236852,0.21866610102154974,0.22602640490975096,0.0073603038882012195,0.012011179471237894,0.011862074903183051,-0.00014910456805484334,0.09868751342878417,0.09745179204078498,-0.0012357213879991835
rear_support,6,3,1,rear_support,21,20,-1,0.11287652472032114,0.1469492301794071,0.034072705459085945,OSQP,0.0,0.0,0.0,0.3,0.3,0.0,0.04304914978548047,0.05143135365617949,0.008382203870699025,0.1231875975195572,0.13968167830482253,0.016494080785265333,0.01680739000531638,0.016584025571448145,-0.00022336443386823668,0.23106273395374274,0.22611497651003035,-0.004947757443712397
rear_support,7,1,1,rear_support,17,17,0,0.1499038780522447,0.14990387805224473,2.7755575615628914e-17,OSQP,0.0,0.0,0.0,0.3,0.3,0.0,0.06370868946441466,0.06370868946441466,0.0,0.21838530246191543,0.21838530246191545,2.7755575615628914e-17,0.009609755430380442,0.009609755430380444,1.734723475976807e-18,0.11527610665201535,0.11527610665201536,1.3877787807814457e-17
rear_support,7,2,1,rear_support,13,15,2,1.9361865261387283e-19,3.488757515577996e-20,-1.5873107745809287e-19,OSQP,0.0,0.0,0.0,0.3,0.4,0.10000000000000003,0.10957555591925332,0.11379781705458432,0.004222261135331001,0.032276472358410455,0.04237905620883963,0.010102583850429177,0.0037973548347704656,0.004497404806349342,0.0007000499715788767,0.051907025728681694,0.055756479681133175,0.0038494539524514815
rear_support,8,1,1,rear_support,18,18,0,0.2263803913777176,0.2321450791996299,0.0057646878219123066,OSQP,0.0,0.0,0.0,0.4,0.4,0.0,0.08138120708872416,0.08322376830683721,0.001842561218113048,0.12982591303201763,0.1295560607388407,-0.0002698522931769143,0.010618025420993998,0.010550970577291194,-6.705484370280422e-05,0.0890515551664216,0.08655456703702119,-0.0024969881294004126
rear_support,8,2,1,rear_support,23,20,-3,0.1244952426022337,0.15094367252234406,0.02644842992011036,OSQP,0.0,0.0,0.0,0.2,0.2,0.0,0.02422326420255525,0.02618535818207296,0.001962093979517708,0.1577586050649493,0.16146998267460833,0.0037113776096590334,0.03222094458838797,0.03192351165840036,-0.00029743292998761495,0.18381869151940597,0.18089036491093421,-0.002928326608471754
rear_support,8,3,1,rear_support,11,11,0,0.02789366835850634,0.029944761222459527,0.0020510928639531877,OSQP,0.0,0.0,0.0,0.6,0.6,0.0,0.17644644022511752,0.1799402369919894,0.0034937967668718928,0.06995021856329897,0.06878685198043905,-0.001163366582859926,0.0037630021553013045,0.003941400131746553,0.00017839797644524872,0.0648356218045125,0.06515074939977918,0.00031512759526668155
rear_support,9,1,1,rear_support,15,14,-1,0.05074365536270324,0.05260564753065244,0.001861992167949196,OSQP,0.0,0.0,0.0,0.4,0.4,0.0,0.11360067209707445,0.1129761155018392,-0.0006245565952352483,0.09972798362904345,0.10388565089143459,0.00415766726239114,0.008611977809919636,0.008331368557370102,-0.0002806092525495345,0.08976680144377723,0.09141852137732971,0.0016517199335524813
rear_support,9,3,1,rear_support,13,13,0,2.9922454574571754e-22,4.2226630504071235e-22,1.2304175929499481e-22,OSQP,0.0,0.0,0.0,0.4,0.4,0.0,0.19943247603842243,0.19943247603842246,2.7755575615628914e-17,0.18979982737657833,0.18979982737657833,0.0,0.001966391316024796,0.0019663913160247954,-4.336808689942018e-19,0.0449847609360299,0.0449847609360299,0.0
Time_investigating_Stakan_zone_NOR2,0,1,1,Time_investigating_Stakan_zone_NOR2,15,15,0,0.0030318573811944096,0.003031857381194348,-6.158268339717665e-17,OSQP,0.0,0.0,0.0,0.4,0.4,0.0,0.11209197224796985,0.11209197224796988,2.7755575615628914e-17,0.08989888839957391,0.08989888839957398,6.938893903907228e-17,0.021915494461291762,0.021915494461291787,2.42861286636753e-17,0.14372758288680176,0.14372758288680182,5.551115123125783e-17
Time_investigating_Stakan_zone_NOR2,0,2,1,Time_investigating_Stakan_zone_NOR2,23,22,-1,0.0974900704007345,0.10237197032628581,0.004881899925551311,OSQP,0.0,0.0,0.0,0.1,0.1,0.0,0.03311771395473223,0.025270590511885266,-0.007847123442846965,0.07633388499462185,0.08199096362157418,0.005657078626952333,0.012164853639474926,0.011905667652544553,-0.0002591859869303728,0.18396971000962106,0.1958245637906774,0.01185485378105633
Time_investigating_Stakan_zone_NOR2,1,1,1,Time_investigating_Stakan_zone_NOR2,13,12,-1,0.07270820797348822,0.07111131930919516,-0.0015968886642930558,OSQP,0.0,0.0,0.0,0.5,0.5,0.0,0.18617733771163364,0.18545600693883638,-0.0007213307727972629,0.2457059549803096,0.24481428786756465,-0.0008916671127449372,0.007035562841298785,0.007087239389564563,5.1676548265777895e-05,0.06902084523738768,0.07130631059491946,0.0022854653575317824
Time_investigating_Stakan_zone_NOR2,1,2,1,Time_investigating_Stakan_zone_NOR2,16,16,0,0.029775255514670803,0.029775255514670806,3.469446951953614e-18,OSQP,0.0,0.0,0.0,0.2,0.2,0.0,0.04459746973867269,0.04459746973867269,0.0,0.11119710552171197,0.11119710552171197,0.0,0.013822665068512619,0.013822665068512617,-1.734723475976807e-18,0.14433897015349334,0.1443389701534933,-2.7755575615628914e-17
Time_investigating_Stakan_zone_NOR2,1,3,1,Time_investigating_Stakan_zone_NOR2,14,14,0,0.04536287901674088,0.04536287901674093,4.85722573273506e-17,OSQP,0.0,0.0,0.0,0.4,0.4,0.0,0.08707515416325036,0.08707515416325032,-4.163336342344337e-17,0.13889515515307574,0.1388951551530757,-2.7755575615628914e-17,0.011942935569307372,0.011942935569307374,1.734723475976807e-18,0.1519804747582696,0.15198047475826962,2.7755575615628914e-17
Time_investigating_Stakan_zone_NOR2,2,3,1,Time_investigating_Stakan_zone_NOR2,18,18,0,0.15268257099775284,0.15268257099775276,-8.326672684688674e-17,OSQP,0.0,0.0,0.0,0.1,0.1,0.0,0.032676071491899564,0.032676071491899564,0.0,0.060870992645814914,0.0608709926458149,-1.3877787807814457e-17,0.008268744597400844,0.008268744597400846,1.734723475976807e-18,0.16235007089481632,0.1623500708948164,8.326672684688674e-17
Time_investigating_Stakan_zone_NOR2,3,1,1,Time_investigating_Stakan_zone_NOR2,22,21,-1,0.18974721319511076,0.19016545658451797,0.0004182433894072135,OSQP,0.0,0.0,0.0,0.1,0.1,0.0,0.027569986421355303,0.02753469524883483,-3.5291172520473396e-05,0.06095892799794378,0.061024743420358636,6.581542241485688e-05,0.015956048135074983,0.016031816300293406,7.576816521842264e-05,0.18241720053846797,0.18258803348601224,0.00017083294754427492
Time_investigating_Stakan_zone_NOR2,3,2,1,Time_investigating_Stakan_zone_NOR2,13,14,1,0.07671893711342005,0.08902337464486382,0.012304437531443765,OSQP,0.0,0.0,0.0,0.4,0.4,0.0,0.09070176080458908,0.0933996122918892,0.002697851487300118,0.119552770923133,0.08252318236128403,-0.03702958856184897,0.009499113531474354,0.01353321330975639,0.004034099778282035,0.07090204596420427,0.07546776479239371,0.004565718828189444
Time_investigating_Stakan_zone_NOR2,3,3,1,Time_investigating_Stakan_zone_NOR2,19,19,0,7.775383011273989e-21,0.007444711532947521,0.007444711532947521,OSQP,0.0,0.0,0.0,0.4,0.4,0.0,0.14172493613765222,0.13455748741872692,-0.007167448718925301,0.10770580136402266,0.10558295496277102,-0.0021228464012516407,0.009469848028462178,0.0097318560833918,0.00026200805492962095,0.10014566225218006,0.10247921933485438,0.002333557082674312
Time_investigating_Stakan_zone_NOR2,5,1,1,Time_investigating_Stakan_zone_NOR2,22,21,-1,0.007711875685167556,0.02517734801130303,0.017465472326135476,OSQP,0.0,0.0,0.0,0.3,0.3,0.0,0.06641428492965126,0.05416876059227469,-0.012245524337376572,0.1547757657450547,0.13320482241605477,-0.02157094332899992,0.0380124238131268,0.037875713851677414,-0.00013670996144938413,0.19637579007077868,0.21033265980210342,0.013956869731324734
Time_investigating_Stakan_zone_NOR2,5,2,1,Time_investigating_Stakan_zone_NOR2,13,13,0,0.04639464830919164,0.046921419218282814,0.0005267709090911732,OSQP,0.0,0.0,0.0,0.6,0.6,0.0,0.09176306194528458,0.09125976708697532,-0.0005032948583092584,0.03138775660734407,0.031379486937576605,-8.269669767461962e-06,0.012598397373549536,0.012403411398907334,-0.00019498597464220196,0.09653797457607813,0.09633704831728582,-0.00020092625879231107
Time_investigating_Stakan_zone_NOR2,5,3,1,Time_investigating_Stakan_zone_NOR2,13,14,1,3.0902420741747107e-20,2.806437976458325e-20,-2.8380409771638556e-21,OSQP,0.0,0.0,0.0,0.5,0.5,0.0,0.2131633314057242,0.21586459704970135,0.0027012656439771576,0.24021292813521314,0.24525375445646097,0.005040826321247832,0.002580268384467606,0.0023628973371672556,-0.00021737104730035033,0.05087272807949515,0.052123403515409505,0.001250675435914353
Time_investigating_Stakan_zone_NOR2,6,1,1,Time_investigating_Stakan_zone_NOR2,22,22,0,0.0033651707045889876,0.003365170704588964,-2.3852447794681098e-17,OSQP,0.0,0.0,0.0,0.4,0.4,0.0,0.09322632571496539,0.09322632571496536,-2.7755575615628914e-17,0.06276572911117026,0.06276572911117025,-1.3877787807814457e-17,0.014793005580131994,0.014793005580131994,0.0,0.11023854848323403,0.11023854848323406,2.7755575615628914e-17
Time_investigating_Stakan_zone_NOR2,6,2,1,Time_investigating_Stakan_zone_NOR2,23,21,-2,0.061451051870933776,0.08736609921643593,0.02591504734550215,OSQP,0.0,0.0,0.0,0.4,0.4,0.0,0.1180247418578166,0.11065846503784518,-0.007366276819971415,0.21866610102154974,0.2033104387113083,-0.015355662310241436,0.012011179471237894,0.011111557599447082,-0.0008996218717908129,0.09868751342878417,0.09558812415633508,-0.003099389272449085
Time_investigating_Stakan_zone_NOR2,6,3,1,Time_investigating_Stakan_zone_NOR2,21,21,0,0.11287652472032114,0.11287652472032118,4.163336342344337e-17,OSQP,0.0,0.0,0.0,0.3,0.3,0.0,0.04304914978548047,0.043049149785480446,-2.0816681711721685e-17,0.1231875975195572,0.1231875975195572,0.0,0.01680739000531638,0.016807390005316378,-3.469446951953614e-18,0.23106273395374274,0.23106273395374266,-8.326672684688674e-17
Time_investigating_Stakan_zone_NOR2,7,1,1,Time_investigating_Stakan_zone_NOR2,17,17,0,0.1499038780522447,0.1499038780522447,0.0,OSQP,0.0,0.0,0.0,0.3,0.3,0.0,0.06370868946441466,0.06370868946441466,0.0,0.21838530246191543,0.21838530246191543,0.0,0.009609755430380442,0.009609755430380446,3.469446951953614e-18,0.11527610665201535,0.11527610665201536,1.3877787807814457e-17
Time_investigating_Stakan_zone_NOR2,7,2,1,Time_investigating_Stakan_zone_NOR2,13,13,0,1.9361865261387283e-19,1.9261993458924754e-19,-9.987180246252896e-22,OSQP,0.0,0.0,0.0,0.3,0.3,0.0,0.10957555591925332,0.1095755559192533,-1.3877787807814457e-17,0.032276472358410455,0.03227647235841045,-6.938893903907228e-18,0.0037973548347704656,0.0037973548347704643,-1.3010426069826053e-18,0.051907025728681694,0.05190702572868171,1.3877787807814457e-17
Time_investigating_Stakan_zone_NOR2,8,1,1,Time_investigating_Stakan_zone_NOR2,18,17,-1,0.2263803913777176,0.27551600443295776,0.04913561305524017,OSQP,0.0,0.0,0.0,0.4,0.3,-0.10000000000000003,0.08138120708872416,0.07524044590432859,-0.006140761184395577,0.12982591303201763,0.11120496716731616,-0.018620945864701463,0.010618025420993998,0.006474502040019164,-0.004143523380974834,0.0890515551664216,0.08460879336200987,-0.004442761804411735
Time_investigating_Stakan_zone_NOR2,8,2,1,Time_investigating_Stakan_zone_NOR2,23,23,0,0.1244952426022337,0.12449524260223374,4.163336342344337e-17,OSQP,0.0,0.0,0.0,0.2,0.2,0.0,0.02422326420255525,0.024223264202555248,-3.469446951953614e-18,0.1577586050649493,0.15775860506494924,-5.551115123125783e-17,0.03222094458838797,0.032220944588387986,1.3877787807814457e-17,0.18381869151940597,0.18381869151940597,0.0
Time_investigating_Stakan_zone_NOR2,8,3,1,Time_investigating_Stakan_zone_NOR2,11,11,0,0.02789366835850634,0.027893668358506363,2.42861286636753e-17,OSQP,0.0,0.0,0.0,0.6,0.6,0.0,0.17644644022511752,0.1764464402251175,-2.7755575615628914e-17,0.06995021856329897,0.06995021856329897,0.0,0.0037630021553013045,0.0037630021553013023,-2.168404344971009e-18,0.0648356218045125,0.06483562180451248,-1.3877787807814457e-17
Time_investigating_Stakan_zone_NOR2,9,1,1,Time_investigating_Stakan_zone_NOR2,15,18,3,0.05074365536270324,0.07464950413155977,0.023905848768856527,OSQP,0.0,0.0,0.0,0.4,0.3,-0.10000000000000003,0.11360067209707445,0.08539692098915998,-0.028203751107914468,0.09972798362904345,0.09823961892869393,-0.0014883647003495204,0.008611977809919636,0.012283630466824165,0.0036716526569045282,0.08976680144377723,0.08788584163331435,-0.0018809598104628789
Time_investigating_Stakan_zone_NOR2,9,3,1,Time_investigating_Stakan_zone_NOR2,13,12,-1,2.9922454574571754e-22,5.0232184373063525e-22,2.030972979849177e-22,OSQP,0.0,0.0,0.0,0.4,0.4,0.0,0.19943247603842243,0.1959526867389235,-0.0034797892994989366,0.18979982737657833,0.18819175676186062,-0.0016080706147177104,0.001966391316024796,0.002069368495141223,0.00010297717911642718,0.0449847609360299,0.04677046202194209,0.0017857010859121947
EnduranceT,0,1,1,EnduranceT,15,13,-2,0.0030318573811944096,0.05287025807750693,0.04983840069631252,OSQP,0.0,0.0,0.0,0.4,0.4,0.0,0.11209197224796985,0.11304098121763886,0.0009490089696690129,0.08989888839957391,0.10123828879955667,0.011339400399982755,0.021915494461291762,0.026091292351595064,0.004175797890303302,0.14372758288680176,0.14154831719579483,-0.002179265691006932
EnduranceT,0,2,1,EnduranceT,23,22,-1,0.0974900704007345,0.11278538968682673,0.015295319286092235,OSQP,0.0,0.0,0.0,0.1,0.1,0.0,0.03311771395473223,0.039336488417239884,0.0062187744625076535,0.07633388499462185,0.0783930183000365,0.0020591333054146566,0.012164853639474926,0.01436877916306787,0.002203925523592944,0.18396971000962106,0.184378457777472,0.0004087477678509366
EnduranceT,1,1,1,EnduranceT,13,12,-1,0.07270820797348822,0.07280780594262806,9.959796913984464e-05,OSQP,0.0,0.0,0.0,0.5,0.5,0.0,0.18617733771163364,0.18595308187379364,-0.00022425583783999836,0.2457059549803096,0.24560800255732856,-9.795242298102358e-05,0.007035562841298785,0.007043460025300121,7.897184001335635e-06,0.06902084523738768,0.06907785375576851,5.700851838083554e-05
EnduranceT,1,2,1,EnduranceT,16,15,-1,0.029775255514670803,0.029565751074314188,-0.000209504440356615,OSQP,0.0,0.0,0.0,0.2,0.2,0.0,0.04459746973867269,0.044817993344286246,0.0002205236056135526,0.11119710552171197,0.11168178604430358,0.0004846805225916101,0.013822665068512619,0.013934413435046783,0.00011174836653416419,0.14433897015349334,0.14403513599001386,-0.0003038341634794828
EnduranceT,1,3,1,EnduranceT,14,16,2,0.04536287901674088,0.08480510628476262,0.03944222726802174,OSQP,0.0,0.06,0.06,0.4,0.3,-0.10000000000000003,0.08707515416325036,0.0571239465117633,-0.02995120765148706,0.13889515515307574,20.81054315722979,20.671648002076715,0.011942935569307372,427.44747884801615,427.4355359124468,0.1519804747582696,0.1860494237060996,0.03406894894783
EnduranceT,2,3,1,EnduranceT,18,17,-1,0.15268257099775284,0.1558421240845946,0.0031595530868417654,OSQP,0.0,0.0,0.0,0.1,0.1,0.0,0.032676071491899564,0.032999122061342825,0.0003230505694432617,0.060870992645814914,0.055938017429708824,-0.0049329752161060905,0.008268744597400844,0.010193514241649394,0.0019247696442485501,0.16235007089481632,0.17524710266205187,0.012897031767235556
EnduranceT,3,1,1,EnduranceT,22,18,-4,0.18974721319511076,0.1708525157007127,-0.018894697494398066,OSQP,0.0,0.0,0.0,0.1,0.1,0.0,0.027569986421355303,0.026725700484339455,-0.000844285937015847,0.06095892799794378,0.0825939334044834,0.02163500540653962,0.015956048135074983,0.020332326809483985,0.004376278674409002,0.18241720053846797,0.19451894468785344,0.012101744149385474
EnduranceT,3,2,1,EnduranceT,13,13,0,0.07671893711342005,0.07671893711342011,5.551115123125783e-17,OSQP,0.0,0.0,0.0,0.4,0.4,0.0,0.09070176080458908,0.0907017608045891,1.3877787807814457e-17,0.119552770923133,0.11955277092313302,1.3877787807814457e-17,0.009499113531474354,0.009499113531474358,3.469446951953614e-18,0.07090204596420427,0.07090204596420428,1.3877787807814457e-17
EnduranceT,3,3,1,EnduranceT,19,19,0,7.775383011273989e-21,0.02971537843164415,0.02971537843164415,OSQP,0.0,0.0,0.0,0.4,0.4,0.0,0.14172493613765222,0.14877150687001478,0.0070465707323625615,0.10770580136402266,0.10193373773600477,-0.0057720636280178955,0.009469848028462178,0.008897311029118891,-0.0005725369993432872,0.10014566225218006,0.08989387949539296,-0.010251782756787106
EnduranceT,5,1,1,EnduranceT,22,21,-1,0.007711875685167556,0.007565203306985178,-0.00014667237818237824,OSQP,0.0,0.0,0.0,0.3,0.3,0.0,0.06641428492965126,0.05948114096843119,-0.0069331439612200715,0.1547757657450547,0.14512906571851836,-0.009646700026536337,0.0380124238131268,0.04115231819337708,0.00313989438025028,0.19637579007077868,0.2089750760032981,0.01259928593251941
EnduranceT,5,2,1,EnduranceT,13,13,0,0.04639464830919164,0.04639464830919168,4.163336342344337e-17,OSQP,0.0,0.0,0.0,0.6,0.6,0.0,0.09176306194528458,0.09176306194528458,0.0,0.03138775660734407,0.03138775660734406,-6.938893903907228e-18,0.012598397373549536,0.012598397373549536,0.0,0.09653797457607813,0.09653797457607814,1.3877787807814457e-17
EnduranceT,5,3,1,EnduranceT,13,13,0,3.0902420741747107e-20,3.0880525610316567e-20,-2.1895131430539998e-23,OSQP,0.0,0.0,0.0,0.5,0.5,0.0,0.2131633314057242,0.2131633314057242,0.0,0.24021292813521314,0.24021292813521314,0.0,0.002580268384467606,0.0025802683844676055,-4.336808689942018e-19,0.05087272807949515,0.050872728079495166,1.3877787807814457e-17
EnduranceT,6,1,1,EnduranceT,22,20,-2,0.0033651707045889876,7.793150333026585e-18,-0.00336517070458898,OSQP,0.0,0.0,0.0,0.4,0.3,-0.10000000000000003,0.09322632571496539,0.09125664495473086,-0.0019696807602345295,0.06276572911117026,0.06281446562280696,4.87365116366989e-05,0.014793005580131994,0.014393300933912891,-0.00039970464621910326,0.11023854848323403,0.11401598259143457,0.003777434108200542
EnduranceT,6,2,1,EnduranceT,23,23,0,0.061451051870933776,0.0614510518709338,2.0816681711721685e-17,OSQP,0.0,0.0,0.0,0.4,0.4,0.0,0.1180247418578166,0.11802474185781661,1.3877787807814457e-17,0.21866610102154974,0.21866610102154974,0.0,0.012011179471237894,0.012011179471237888,-6.938893903907228e-18,0.09868751342878417,0.09868751342878412,-4.163336342344337e-17
EnduranceT,6,3,1,EnduranceT,21,19,-2,0.11287652472032114,0.15073572824652845,0.03785920352620731,OSQP,0.0,0.0,0.0,0.3,0.2,-0.09999999999999998,0.04304914978548047,0.04743141000081054,0.004382260215330072,0.1231875975195572,0.12130631480160761,-0.0018812827179495867,0.01680739000531638,0.01791609074682495,0.0011087007415085705,0.23106273395374274,0.23220452636792516,0.0011417924141824132
EnduranceT,7,1,1,EnduranceT,17,19,2,0.1499038780522447,0.16492693226060123,0.015023054208356534,OSQP,0.0,0.0,0.0,0.3,0.3,0.0,0.06370868946441466,0.06678597072103151,0.003077281256616854,0.21838530246191543,0.2128984703644655,-0.005486832097449934,0.009609755430380442,0.011913953308591565,0.0023041978782111228,0.11527610665201535,0.12098449622761506,0.005708389575599715
EnduranceT,7,2,1,EnduranceT,13,13,0,1.9361865261387283e-19,6.794281303985727e-20,-1.2567583957401557e-19,OSQP,0.0,0.0,0.0,0.3,0.5,0.2,0.10957555591925332,0.11512137886750215,0.0055458229482488325,0.032276472358410455,0.02972056891017372,-0.002555903448236734,0.0037973548347704656,0.004702552887236142,0.0009051980524656762,0.051907025728681694,0.055338016993808345,0.003430991265126651
EnduranceT,8,1,1,EnduranceT,18,18,0,0.2263803913777176,0.22638039137771757,-2.7755575615628914e-17,OSQP,0.0,0.0,0.0,0.4,0.4,0.0,0.08138120708872416,0.08138120708872418,1.3877787807814457e-17,0.12982591303201763,0.12982591303201763,0.0,0.010618025420993998,0.010618025420994,1.734723475976807e-18,0.0890515551664216,0.08905155516642163,2.7755575615628914e-17
EnduranceT,8,2,1,EnduranceT,23,22,-1,0.1244952426022337,0.1262864426651656,0.0017912000629318886,OSQP,0.0,0.0,0.0,0.2,0.1,-0.1,0.02422326420255525,0.025145562945514018,0.0009222987429587659,0.1577586050649493,0.16547705113046518,0.007718446065515888,0.03222094458838797,0.03411748336536482,0.0018965387769768471,0.18381869151940597,0.19607473931898478,0.012256047799578812
EnduranceT,8,3,1,EnduranceT,11,11,0,0.02789366835850634,0.05306341749636664,0.025169749137860298,OSQP,0.0,0.0,0.0,0.6,0.6,0.0,0.17644644022511752,0.18057950911027426,0.004133068885156743,0.06995021856329897,0.07573160742385285,0.005781388860553877,0.0037630021553013045,0.0036915544869095054,-7.144766839179903e-05,0.0648356218045125,0.06209827216884628,-0.002737349635666214
EnduranceT,9,1,1,EnduranceT,15,14,-1,0.05074365536270324,0.05433086757483246,0.0035872122121292163,OSQP,0.0,0.0,0.0,0.4,0.4,0.0,0.11360067209707445,0.11521903613151081,0.0016183640344363676,0.09972798362904345,0.10101955074132384,0.0012915671122803868,0.008611977809919636,0.008964414863991224,0.00035243705407158807,0.08976680144377723,0.08941890634411827,-0.0003478950996589625
EnduranceT,9,3,1,EnduranceT,13,12,-1,2.9922454574571754e-22,2.469891018353449e-22,-5.223544391037263e-23,OSQP,0.0,0.0,0.0,0.4,0.4,0.0,0.19943247603842243,0.20184284440195407,0.0024103683635316453,0.18979982737657833,0.19215085121214226,0.0023510238355639312,0.001966391316024796,0.0019233643588691422,-4.302695715565361e-05,0.0449847609360299,0.04551978104184326,0.0005350201058133622
