OMNeT++ Discrete Event Simulation  (C) 1992-2025 Andras Varga, OpenSim Ltd.
Version: 6.3.0, build: 251110-bb3d6a4731, edition: Academic Public License -- NOT FOR COMMERCIAL USE
See the license for distribution terms and warranty disclaimer

Setting up Cmdenv...

Loading NED files from src:  2

Preparing for running configuration MonetecPaperPlot, run #0...
Scenario: $r=5, $rho=0.010, $repetition=0
Assigned runID=MonetecPaperPlot-0-20260929-20:26:41-62
Setting up network "dect2020scheduledaccess.DectScheduledAccessNetwork"...
Initializing...

Running simulation...
** Event #0   t=0   Elapsed: 1e-05s (0m 00s)
     Speed:     ev/sec=0   simsec/sec=0   ev/simsec=0
     Messages:  created: 2   present: 2   in FES: 2
** Event #163812   t=1034.719980020577   Elapsed: 0.013856s (0m 00s)
     Speed:     ev/sec=1.18327e+07   simsec/sec=74741.3   ev/simsec=158.315
     Messages:  created: 2   present: 2   in FES: 1

<!> Simulation stopped with endSimulation() -- in module (ScheduledAccessQueue) DectScheduledAccessNetwork.queue (id=2), at t=1034.719980020577s, event #163812

Calling finish() at end of Run #0...

Preparing for running configuration MonetecPaperPlot, run #1...
Scenario: $r=5, $rho=0.010, $repetition=1
Assigned runID=MonetecPaperPlot-1-20260929-20:26:41-62
Setting up network "dect2020scheduledaccess.DectScheduledAccessNetwork"...
Initializing...

Running simulation...
** Event #0   t=0   Elapsed: 2.4e-05s (0m 00s)
     Speed:     ev/sec=0   simsec/sec=0   ev/simsec=0
     Messages:  created: 2   present: 2   in FES: 2
** Event #164694   t=1042.621223538347   Elapsed: 0.013775s (0m 00s)
     Speed:     ev/sec=1.19856e+07   simsec/sec=75876.6   ev/simsec=157.962
     Messages:  created: 2   present: 2   in FES: 1

<!> Simulation stopped with endSimulation() -- in module (ScheduledAccessQueue) DectScheduledAccessNetwork.queue (id=2), at t=1042.621223538347s, event #164694

Calling finish() at end of Run #1...

Preparing for running configuration MonetecPaperPlot, run #2...
Scenario: $r=5, $rho=0.010, $repetition=2
Assigned runID=MonetecPaperPlot-2-20260929-20:26:41-62
Setting up network "dect2020scheduledaccess.DectScheduledAccessNetwork"...
Initializing...

Running simulation...
** Event #0   t=0   Elapsed: 3e-06s (0m 00s)
     Speed:     ev/sec=0   simsec/sec=0   ev/simsec=0
     Messages:  created: 2   present: 2   in FES: 2
** Event #163410   t=1031.07738215099   Elapsed: 0.013554s (0m 00s)
     Speed:     ev/sec=1.20633e+07   simsec/sec=76116.7   ev/simsec=158.485
     Messages:  created: 2   present: 2   in FES: 1

<!> Simulation stopped with endSimulation() -- in module (ScheduledAccessQueue) DectScheduledAccessNetwork.queue (id=2), at t=1031.07738215099s, event #163410

Calling finish() at end of Run #2...

Preparing for running configuration MonetecPaperPlot, run #3...
Scenario: $r=5, $rho=0.093, $repetition=0
Assigned runID=MonetecPaperPlot-3-20260929-20:26:41-62
Setting up network "dect2020scheduledaccess.DectScheduledAccessNetwork"...
Initializing...

Running simulation...
** Event #0   t=0   Elapsed: 4e-06s (0m 00s)
     Speed:     ev/sec=0   simsec/sec=0   ev/simsec=0
     Messages:  created: 2   present: 2   in FES: 2
** Event #67725   t=131.23600582854   Elapsed: 0.007041s (0m 00s)
     Speed:     ev/sec=0   simsec/sec=0   ev/simsec=0
     Messages:  created: 2   present: 2   in FES: 1

<!> Simulation stopped with endSimulation() -- in module (ScheduledAccessQueue) DectScheduledAccessNetwork.queue (id=2), at t=131.23600582854s, event #67725

Calling finish() at end of Run #3...

Preparing for running configuration MonetecPaperPlot, run #4...
Scenario: $r=5, $rho=0.093, $repetition=1
Assigned runID=MonetecPaperPlot-4-20260929-20:26:41-62
Setting up network "dect2020scheduledaccess.DectScheduledAccessNetwork"...
Initializing...

Running simulation...
** Event #0   t=0   Elapsed: 3e-06s (0m 00s)
     Speed:     ev/sec=0   simsec/sec=0   ev/simsec=0
     Messages:  created: 2   present: 2   in FES: 2
** Event #67762   t=131.005682911723   Elapsed: 0.007131s (0m 00s)
     Speed:     ev/sec=0   simsec/sec=0   ev/simsec=0
     Messages:  created: 2   present: 2   in FES: 1

<!> Simulation stopped with endSimulation() -- in module (ScheduledAccessQueue) DectScheduledAccessNetwork.queue (id=2), at t=131.005682911723s, event #67762

Calling finish() at end of Run #4...

Preparing for running configuration MonetecPaperPlot, run #5...
Scenario: $r=5, $rho=0.093, $repetition=2
Assigned runID=MonetecPaperPlot-5-20260929-20:26:41-62
Setting up network "dect2020scheduledaccess.DectScheduledAccessNetwork"...
Initializing...

Running simulation...
** Event #0   t=0   Elapsed: 2.7e-05s (0m 00s)
     Speed:     ev/sec=0   simsec/sec=0   ev/simsec=0
     Messages:  created: 2   present: 2   in FES: 2
** Event #67802   t=130.87501026943   Elapsed: 0.011671s (0m 00s)
     Speed:     ev/sec=5.82642e+06   simsec/sec=11246.4   ev/simsec=518.068
     Messages:  created: 2   present: 2   in FES: 1

<!> Simulation stopped with endSimulation() -- in module (ScheduledAccessQueue) DectScheduledAccessNetwork.queue (id=2), at t=130.87501026943s, event #67802

Calling finish() at end of Run #5...

Preparing for running configuration MonetecPaperPlot, run #6...
Scenario: $r=5, $rho=0.176, $repetition=0
Assigned runID=MonetecPaperPlot-6-20260929-20:26:41-62
Setting up network "dect2020scheduledaccess.DectScheduledAccessNetwork"...
Initializing...

Running simulation...
** Event #0   t=0   Elapsed: 2.5e-05s (0m 00s)
     Speed:     ev/sec=0   simsec/sec=0   ev/simsec=0
     Messages:  created: 2   present: 2   in FES: 2
** Event #89681   t=122.897444484109   Elapsed: 0.009411s (0m 00s)
     Speed:     ev/sec=0   simsec/sec=0   ev/simsec=0
     Messages:  created: 2   present: 2   in FES: 1

<!> Simulation stopped with endSimulation() -- in module (ScheduledAccessQueue) DectScheduledAccessNetwork.queue (id=2), at t=122.897444484109s, event #89681

Calling finish() at end of Run #6...

Preparing for running configuration MonetecPaperPlot, run #7...
Scenario: $r=5, $rho=0.176, $repetition=1
Assigned runID=MonetecPaperPlot-7-20260929-20:26:41-62
Setting up network "dect2020scheduledaccess.DectScheduledAccessNetwork"...
Initializing...

Running simulation...
** Event #0   t=0   Elapsed: 3e-06s (0m 00s)
     Speed:     ev/sec=0   simsec/sec=0   ev/simsec=0
     Messages:  created: 2   present: 2   in FES: 2
** Event #89627   t=122.958124875374   Elapsed: 0.009221s (0m 00s)
     Speed:     ev/sec=0   simsec/sec=0   ev/simsec=0
     Messages:  created: 2   present: 2   in FES: 1

<!> Simulation stopped with endSimulation() -- in module (ScheduledAccessQueue) DectScheduledAccessNetwork.queue (id=2), at t=122.958124875374s, event #89627

Calling finish() at end of Run #7...

Preparing for running configuration MonetecPaperPlot, run #8...
Scenario: $r=5, $rho=0.176, $repetition=2
Assigned runID=MonetecPaperPlot-8-20260929-20:26:41-62
Setting up network "dect2020scheduledaccess.DectScheduledAccessNetwork"...
Initializing...

Running simulation...
** Event #0   t=0   Elapsed: 3e-06s (0m 00s)
     Speed:     ev/sec=0   simsec/sec=0   ev/simsec=0
     Messages:  created: 2   present: 2   in FES: 2
** Event #89253   t=122.842311988103   Elapsed: 0.009454s (0m 00s)
     Speed:     ev/sec=0   simsec/sec=0   ev/simsec=0
     Messages:  created: 2   present: 2   in FES: 1

<!> Simulation stopped with endSimulation() -- in module (ScheduledAccessQueue) DectScheduledAccessNetwork.queue (id=2), at t=122.842311988103s, event #89253

Calling finish() at end of Run #8...

Preparing for running configuration MonetecPaperPlot, run #9...
Scenario: $r=5, $rho=0.259, $repetition=0
Assigned runID=MonetecPaperPlot-9-20260929-20:26:41-62
Setting up network "dect2020scheduledaccess.DectScheduledAccessNetwork"...
Initializing...

Running simulation...
** Event #0   t=0   Elapsed: 3.5e-05s (0m 00s)
     Speed:     ev/sec=0   simsec/sec=0   ev/simsec=0
     Messages:  created: 2   present: 2   in FES: 2
** Event #114453   t=122.930552322074   Elapsed: 0.011732s (0m 00s)
     Speed:     ev/sec=9.78649e+06   simsec/sec=10511.4   ev/simsec=931.039
     Messages:  created: 2   present: 2   in FES: 1

<!> Simulation stopped with endSimulation() -- in module (ScheduledAccessQueue) DectScheduledAccessNetwork.queue (id=2), at t=122.930552322074s, event #114453

Calling finish() at end of Run #9...

Preparing for running configuration MonetecPaperPlot, run #10...
Scenario: $r=5, $rho=0.259, $repetition=1
Assigned runID=MonetecPaperPlot-10-20260929-20:26:41-62
Setting up network "dect2020scheduledaccess.DectScheduledAccessNetwork"...
Initializing...

Running simulation...
** Event #0   t=0   Elapsed: 2e-05s (0m 00s)
     Speed:     ev/sec=0   simsec/sec=0   ev/simsec=0
     Messages:  created: 2   present: 2   in FES: 2
** Event #114056   t=122.906911614852   Elapsed: 0.011791s (0m 00s)
     Speed:     ev/sec=9.69287e+06   simsec/sec=10445   ev/simsec=927.988
     Messages:  created: 2   present: 2   in FES: 1

<!> Simulation stopped with endSimulation() -- in module (ScheduledAccessQueue) DectScheduledAccessNetwork.queue (id=2), at t=122.906911614852s, event #114056

Calling finish() at end of Run #10...

Preparing for running configuration MonetecPaperPlot, run #11...
Scenario: $r=5, $rho=0.259, $repetition=2
Assigned runID=MonetecPaperPlot-11-20260929-20:26:41-62
Setting up network "dect2020scheduledaccess.DectScheduledAccessNetwork"...
Initializing...

Running simulation...
** Event #0   t=0   Elapsed: 2.6e-05s (0m 00s)
     Speed:     ev/sec=0   simsec/sec=0   ev/simsec=0
     Messages:  created: 2   present: 2   in FES: 2
** Event #113825   t=122.922814998528   Elapsed: 0.011674s (0m 00s)
     Speed:     ev/sec=9.77626e+06   simsec/sec=10557.6   ev/simsec=925.989
     Messages:  created: 2   present: 2   in FES: 1

<!> Simulation stopped with endSimulation() -- in module (ScheduledAccessQueue) DectScheduledAccessNetwork.queue (id=2), at t=122.922814998528s, event #113825

Calling finish() at end of Run #11...

Preparing for running configuration MonetecPaperPlot, run #12...
Scenario: $r=5, $rho=0.342, $repetition=0
Assigned runID=MonetecPaperPlot-12-20260929-20:26:41-62
Setting up network "dect2020scheduledaccess.DectScheduledAccessNetwork"...
Initializing...

Running simulation...
** Event #0   t=0   Elapsed: 4e-06s (0m 00s)
     Speed:     ev/sec=0   simsec/sec=0   ev/simsec=0
     Messages:  created: 2   present: 2   in FES: 2
** Event #138976   t=122.890164021633   Elapsed: 0.014484s (0m 00s)
     Speed:     ev/sec=9.60111e+06   simsec/sec=8489.79   ev/simsec=1130.9
     Messages:  created: 2   present: 2   in FES: 1

<!> Simulation stopped with endSimulation() -- in module (ScheduledAccessQueue) DectScheduledAccessNetwork.queue (id=2), at t=122.890164021633s, event #138976

Calling finish() at end of Run #12...

Preparing for running configuration MonetecPaperPlot, run #13...
Scenario: $r=5, $rho=0.342, $repetition=1
Assigned runID=MonetecPaperPlot-13-20260929-20:26:41-62
Setting up network "dect2020scheduledaccess.DectScheduledAccessNetwork"...
Initializing...

Running simulation...
** Event #0   t=0   Elapsed: 3.1e-05s (0m 00s)
     Speed:     ev/sec=0   simsec/sec=0   ev/simsec=0
     Messages:  created: 2   present: 2   in FES: 2
** Event #138892   t=122.933173164917   Elapsed: 0.014122s (0m 00s)
     Speed:     ev/sec=9.86099e+06   simsec/sec=8727.85   ev/simsec=1129.83
     Messages:  created: 2   present: 2   in FES: 1

<!> Simulation stopped with endSimulation() -- in module (ScheduledAccessQueue) DectScheduledAccessNetwork.queue (id=2), at t=122.933173164917s, event #138892

Calling finish() at end of Run #13...

Preparing for running configuration MonetecPaperPlot, run #14...
Scenario: $r=5, $rho=0.342, $repetition=2
Assigned runID=MonetecPaperPlot-14-20260929-20:26:41-62
Setting up network "dect2020scheduledaccess.DectScheduledAccessNetwork"...
Initializing...

Running simulation...
** Event #0   t=0   Elapsed: 3.5e-05s (0m 00s)
     Speed:     ev/sec=0   simsec/sec=0   ev/simsec=0
     Messages:  created: 2   present: 2   in FES: 2
** Event #138447   t=122.907375415657   Elapsed: 0.014187s (0m 00s)
     Speed:     ev/sec=9.78632e+06   simsec/sec=8687.87   ev/simsec=1126.43
     Messages:  created: 2   present: 2   in FES: 1

<!> Simulation stopped with endSimulation() -- in module (ScheduledAccessQueue) DectScheduledAccessNetwork.queue (id=2), at t=122.907375415657s, event #138447

Calling finish() at end of Run #14...

Preparing for running configuration MonetecPaperPlot, run #15...
Scenario: $r=5, $rho=0.425, $repetition=0
Assigned runID=MonetecPaperPlot-15-20260929-20:26:41-62
Setting up network "dect2020scheduledaccess.DectScheduledAccessNetwork"...
Initializing...

Running simulation...
** Event #0   t=0   Elapsed: 2.5e-05s (0m 00s)
     Speed:     ev/sec=0   simsec/sec=0   ev/simsec=0
     Messages:  created: 2   present: 2   in FES: 2
** Event #163296   t=122.86748993595   Elapsed: 0.016669s (0m 00s)
     Speed:     ev/sec=9.81405e+06   simsec/sec=7384.29   ev/simsec=1329.04
     Messages:  created: 2   present: 2   in FES: 1

<!> Simulation stopped with endSimulation() -- in module (ScheduledAccessQueue) DectScheduledAccessNetwork.queue (id=2), at t=122.86748993595s, event #163296

Calling finish() at end of Run #15...

Preparing for running configuration MonetecPaperPlot, run #16...
Scenario: $r=5, $rho=0.425, $repetition=1
Assigned runID=MonetecPaperPlot-16-20260929-20:26:41-62
Setting up network "dect2020scheduledaccess.DectScheduledAccessNetwork"...
Initializing...

Running simulation...
** Event #0   t=0   Elapsed: 1.8e-05s (0m 00s)
     Speed:     ev/sec=0   simsec/sec=0   ev/simsec=0
     Messages:  created: 2   present: 2   in FES: 2
** Event #163004   t=122.853261332075   Elapsed: 0.017819s (0m 00s)
     Speed:     ev/sec=9.15959e+06   simsec/sec=6903.39   ev/simsec=1326.82
     Messages:  created: 2   present: 2   in FES: 1

<!> Simulation stopped with endSimulation() -- in module (ScheduledAccessQueue) DectScheduledAccessNetwork.queue (id=2), at t=122.853261332075s, event #163004

Calling finish() at end of Run #16...

Preparing for running configuration MonetecPaperPlot, run #17...
Scenario: $r=5, $rho=0.425, $repetition=2
Assigned runID=MonetecPaperPlot-17-20260929-20:26:41-62
Setting up network "dect2020scheduledaccess.DectScheduledAccessNetwork"...
Initializing...

Running simulation...
** Event #0   t=0   Elapsed: 4e-06s (0m 00s)
     Speed:     ev/sec=0   simsec/sec=0   ev/simsec=0
     Messages:  created: 2   present: 2   in FES: 2
** Event #162558   t=122.811236082734   Elapsed: 0.016669s (0m 00s)
     Speed:     ev/sec=9.7568e+06   simsec/sec=7371.13   ev/simsec=1323.65
     Messages:  created: 2   present: 2   in FES: 1

<!> Simulation stopped with endSimulation() -- in module (ScheduledAccessQueue) DectScheduledAccessNetwork.queue (id=2), at t=122.811236082734s, event #162558

Calling finish() at end of Run #17...

Preparing for running configuration MonetecPaperPlot, run #18...
Scenario: $r=5, $rho=0.508, $repetition=0
Assigned runID=MonetecPaperPlot-18-20260929-20:26:41-62
Setting up network "dect2020scheduledaccess.DectScheduledAccessNetwork"...
Initializing...

Running simulation...
** Event #0   t=0   Elapsed: 4e-06s (0m 00s)
     Speed:     ev/sec=0   simsec/sec=0   ev/simsec=0
     Messages:  created: 2   present: 2   in FES: 2
** Event #187705   t=122.887561539097   Elapsed: 0.019438s (0m 00s)
     Speed:     ev/sec=9.66157e+06   simsec/sec=6325.24   ev/simsec=1527.46
     Messages:  created: 2   present: 2   in FES: 1

<!> Simulation stopped with endSimulation() -- in module (ScheduledAccessQueue) DectScheduledAccessNetwork.queue (id=2), at t=122.887561539097s, event #187705

Calling finish() at end of Run #18...

Preparing for running configuration MonetecPaperPlot, run #19...
Scenario: $r=5, $rho=0.508, $repetition=1
Assigned runID=MonetecPaperPlot-19-20260929-20:26:41-62
Setting up network "dect2020scheduledaccess.DectScheduledAccessNetwork"...
Initializing...

Running simulation...
** Event #0   t=0   Elapsed: 1.7e-05s (0m 00s)
     Speed:     ev/sec=0   simsec/sec=0   ev/simsec=0
     Messages:  created: 2   present: 2   in FES: 2
** Event #187915   t=122.923223456436   Elapsed: 0.019634s (0m 00s)
     Speed:     ev/sec=9.58115e+06   simsec/sec=6267.43   ev/simsec=1528.72
     Messages:  created: 2   present: 2   in FES: 1

<!> Simulation stopped with endSimulation() -- in module (ScheduledAccessQueue) DectScheduledAccessNetwork.queue (id=2), at t=122.923223456436s, event #187915

Calling finish() at end of Run #19...

Preparing for running configuration MonetecPaperPlot, run #20...
Scenario: $r=5, $rho=0.508, $repetition=2
Assigned runID=MonetecPaperPlot-20-20260929-20:26:41-62
Setting up network "dect2020scheduledaccess.DectScheduledAccessNetwork"...
Initializing...

Running simulation...
** Event #0   t=0   Elapsed: 5e-06s (0m 00s)
     Speed:     ev/sec=0   simsec/sec=0   ev/simsec=0
     Messages:  created: 2   present: 2   in FES: 2
** Event #187661   t=122.993354207195   Elapsed: 0.01939s (0m 00s)
     Speed:     ev/sec=9.68273e+06   simsec/sec=6346.07   ev/simsec=1525.78
     Messages:  created: 2   present: 2   in FES: 1

<!> Simulation stopped with endSimulation() -- in module (ScheduledAccessQueue) DectScheduledAccessNetwork.queue (id=2), at t=122.993354207195s, event #187661

Calling finish() at end of Run #20...

Preparing for running configuration MonetecPaperPlot, run #21...
Scenario: $r=5, $rho=0.591, $repetition=0
Assigned runID=MonetecPaperPlot-21-20260929-20:26:41-62
Setting up network "dect2020scheduledaccess.DectScheduledAccessNetwork"...
Initializing...

Running simulation...
** Event #0   t=0   Elapsed: 2.4e-05s (0m 00s)
     Speed:     ev/sec=0   simsec/sec=0   ev/simsec=0
     Messages:  created: 2   present: 2   in FES: 2
** Event #211862   t=122.879781385511   Elapsed: 0.021632s (0m 00s)
     Speed:     ev/sec=9.80661e+06   simsec/sec=5687.81   ev/simsec=1724.14
     Messages:  created: 2   present: 2   in FES: 1

<!> Simulation stopped with endSimulation() -- in module (ScheduledAccessQueue) DectScheduledAccessNetwork.queue (id=2), at t=122.879781385511s, event #211862

Calling finish() at end of Run #21...

Preparing for running configuration MonetecPaperPlot, run #22...
Scenario: $r=5, $rho=0.591, $repetition=1
Assigned runID=MonetecPaperPlot-22-20260929-20:26:41-62
Setting up network "dect2020scheduledaccess.DectScheduledAccessNetwork"...
Initializing...

Running simulation...
** Event #0   t=0   Elapsed: 4e-06s (0m 00s)
     Speed:     ev/sec=0   simsec/sec=0   ev/simsec=0
     Messages:  created: 2   present: 2   in FES: 2
** Event #212196   t=122.903899889862   Elapsed: 0.021566s (0m 00s)
     Speed:     ev/sec=9.84257e+06   simsec/sec=5700.81   ev/simsec=1726.52
     Messages:  created: 2   present: 2   in FES: 1

<!> Simulation stopped with endSimulation() -- in module (ScheduledAccessQueue) DectScheduledAccessNetwork.queue (id=2), at t=122.903899889862s, event #212196

Calling finish() at end of Run #22...

Preparing for running configuration MonetecPaperPlot, run #23...
Scenario: $r=5, $rho=0.591, $repetition=2
Assigned runID=MonetecPaperPlot-23-20260929-20:26:41-62
Setting up network "dect2020scheduledaccess.DectScheduledAccessNetwork"...
Initializing...

Running simulation...
** Event #0   t=0   Elapsed: 2.6e-05s (0m 00s)
     Speed:     ev/sec=0   simsec/sec=0   ev/simsec=0
     Messages:  created: 2   present: 2   in FES: 2
** Event #211647   t=122.838279577182   Elapsed: 0.021623s (0m 00s)
     Speed:     ev/sec=9.80256e+06   simsec/sec=5689.32   ev/simsec=1722.98
     Messages:  created: 2   present: 2   in FES: 1

<!> Simulation stopped with endSimulation() -- in module (ScheduledAccessQueue) DectScheduledAccessNetwork.queue (id=2), at t=122.838279577182s, event #211647

Calling finish() at end of Run #23...

Preparing for running configuration MonetecPaperPlot, run #24...
Scenario: $r=5, $rho=0.674, $repetition=0
Assigned runID=MonetecPaperPlot-24-20260929-20:26:41-62
Setting up network "dect2020scheduledaccess.DectScheduledAccessNetwork"...
Initializing...

Running simulation...
** Event #0   t=0   Elapsed: 3e-05s (0m 00s)
     Speed:     ev/sec=0   simsec/sec=0   ev/simsec=0
     Messages:  created: 2   present: 2   in FES: 2
** Event #236534   t=122.935549987199   Elapsed: 0.024032s (0m 00s)
     Speed:     ev/sec=9.85723e+06   simsec/sec=5123.17   ev/simsec=1924.05
     Messages:  created: 2   present: 2   in FES: 1

<!> Simulation stopped with endSimulation() -- in module (ScheduledAccessQueue) DectScheduledAccessNetwork.queue (id=2), at t=122.935549987199s, event #236534

Calling finish() at end of Run #24...

Preparing for running configuration MonetecPaperPlot, run #25...
Scenario: $r=5, $rho=0.674, $repetition=1
Assigned runID=MonetecPaperPlot-25-20260929-20:26:41-62
Setting up network "dect2020scheduledaccess.DectScheduledAccessNetwork"...
Initializing...

Running simulation...
** Event #0   t=0   Elapsed: 5e-06s (0m 00s)
     Speed:     ev/sec=0   simsec/sec=0   ev/simsec=0
     Messages:  created: 2   present: 2   in FES: 2
** Event #236629   t=122.94700655609   Elapsed: 0.024064s (0m 00s)
     Speed:     ev/sec=9.83782e+06   simsec/sec=5111.5   ev/simsec=1924.64
     Messages:  created: 2   present: 2   in FES: 1

<!> Simulation stopped with endSimulation() -- in module (ScheduledAccessQueue) DectScheduledAccessNetwork.queue (id=2), at t=122.94700655609s, event #236629

Calling finish() at end of Run #25...

Preparing for running configuration MonetecPaperPlot, run #26...
Scenario: $r=5, $rho=0.674, $repetition=2
Assigned runID=MonetecPaperPlot-26-20260929-20:26:41-62
Setting up network "dect2020scheduledaccess.DectScheduledAccessNetwork"...
Initializing...

Running simulation...
** Event #0   t=0   Elapsed: 4e-06s (0m 00s)
     Speed:     ev/sec=0   simsec/sec=0   ev/simsec=0
     Messages:  created: 2   present: 2   in FES: 2
** Event #236622   t=122.964583551395   Elapsed: 0.024101s (0m 00s)
     Speed:     ev/sec=9.82201e+06   simsec/sec=5104.15   ev/simsec=1924.32
     Messages:  created: 2   present: 2   in FES: 1

<!> Simulation stopped with endSimulation() -- in module (ScheduledAccessQueue) DectScheduledAccessNetwork.queue (id=2), at t=122.964583551395s, event #236622

Calling finish() at end of Run #26...

Preparing for running configuration MonetecPaperPlot, run #27...
Scenario: $r=5, $rho=0.757, $repetition=0
Assigned runID=MonetecPaperPlot-27-20260929-20:26:41-62
Setting up network "dect2020scheduledaccess.DectScheduledAccessNetwork"...
Initializing...

Running simulation...
** Event #0   t=0   Elapsed: 4e-06s (0m 00s)
     Speed:     ev/sec=0   simsec/sec=0   ev/simsec=0
     Messages:  created: 2   present: 2   in FES: 2
** Event #261178   t=122.971156678733   Elapsed: 0.02662s (0m 00s)
     Speed:     ev/sec=9.81466e+06   simsec/sec=4621.06   ev/simsec=2123.9
     Messages:  created: 2   present: 2   in FES: 1

<!> Simulation stopped with endSimulation() -- in module (ScheduledAccessQueue) DectScheduledAccessNetwork.queue (id=2), at t=122.971156678733s, event #261178

Calling finish() at end of Run #27...

Preparing for running configuration MonetecPaperPlot, run #28...
Scenario: $r=5, $rho=0.757, $repetition=1
Assigned runID=MonetecPaperPlot-28-20260929-20:26:41-62
Setting up network "dect2020scheduledaccess.DectScheduledAccessNetwork"...
Initializing...

Running simulation...
** Event #0   t=0   Elapsed: 8e-06s (0m 00s)
     Speed:     ev/sec=0   simsec/sec=0   ev/simsec=0
     Messages:  created: 2   present: 2   in FES: 2
** Event #261187   t=123.014960338539   Elapsed: 0.027228s (0m 00s)
     Speed:     ev/sec=9.59541e+06   simsec/sec=4519.28   ev/simsec=2123.22
     Messages:  created: 2   present: 2   in FES: 1

<!> Simulation stopped with endSimulation() -- in module (ScheduledAccessQueue) DectScheduledAccessNetwork.queue (id=2), at t=123.014960338539s, event #261187

Calling finish() at end of Run #28...

Preparing for running configuration MonetecPaperPlot, run #29...
Scenario: $r=5, $rho=0.757, $repetition=2
Assigned runID=MonetecPaperPlot-29-20260929-20:26:41-62
Setting up network "dect2020scheduledaccess.DectScheduledAccessNetwork"...
Initializing...

Running simulation...
** Event #0   t=0   Elapsed: 4e-06s (0m 00s)
     Speed:     ev/sec=0   simsec/sec=0   ev/simsec=0
     Messages:  created: 2   present: 2   in FES: 2
** Event #260942   t=122.900000102916   Elapsed: 0.026763s (0m 00s)
     Speed:     ev/sec=9.75338e+06   simsec/sec=4593.7   ev/simsec=2123.21
     Messages:  created: 2   present: 2   in FES: 1

<!> Simulation stopped with endSimulation() -- in module (ScheduledAccessQueue) DectScheduledAccessNetwork.queue (id=2), at t=122.900000102916s, event #260942

Calling finish() at end of Run #29...

Preparing for running configuration MonetecPaperPlot, run #30...
Scenario: $r=5, $rho=0.840, $repetition=0
Assigned runID=MonetecPaperPlot-30-20260929-20:26:41-62
Setting up network "dect2020scheduledaccess.DectScheduledAccessNetwork"...
Initializing...

Running simulation...
** Event #0   t=0   Elapsed: 5e-06s (0m 00s)
     Speed:     ev/sec=0   simsec/sec=0   ev/simsec=0
     Messages:  created: 2   present: 2   in FES: 2
** Event #285367   t=122.958262445613   Elapsed: 0.029004s (0m 00s)
     Speed:     ev/sec=9.8416e+06   simsec/sec=4240.52   ev/simsec=2320.85
     Messages:  created: 2   present: 2   in FES: 1

<!> Simulation stopped with endSimulation() -- in module (ScheduledAccessQueue) DectScheduledAccessNetwork.queue (id=2), at t=122.958262445613s, event #285367

Calling finish() at end of Run #30...

Preparing for running configuration MonetecPaperPlot, run #31...
Scenario: $r=5, $rho=0.840, $repetition=1
Assigned runID=MonetecPaperPlot-31-20260929-20:26:41-62
Setting up network "dect2020scheduledaccess.DectScheduledAccessNetwork"...
Initializing...

Running simulation...
** Event #0   t=0   Elapsed: 3e-06s (0m 00s)
     Speed:     ev/sec=0   simsec/sec=0   ev/simsec=0
     Messages:  created: 2   present: 2   in FES: 2
** Event #285630   t=123.011129115086   Elapsed: 0.029024s (0m 00s)
     Speed:     ev/sec=9.84422e+06   simsec/sec=4239.57   ev/simsec=2321.99
     Messages:  created: 2   present: 2   in FES: 1

<!> Simulation stopped with endSimulation() -- in module (ScheduledAccessQueue) DectScheduledAccessNetwork.queue (id=2), at t=123.011129115086s, event #285630

Calling finish() at end of Run #31...

Preparing for running configuration MonetecPaperPlot, run #32...
Scenario: $r=5, $rho=0.840, $repetition=2
Assigned runID=MonetecPaperPlot-32-20260929-20:26:41-62
Setting up network "dect2020scheduledaccess.DectScheduledAccessNetwork"...
Initializing...

Running simulation...
** Event #0   t=0   Elapsed: 2.3e-05s (0m 00s)
     Speed:     ev/sec=0   simsec/sec=0   ev/simsec=0
     Messages:  created: 2   present: 2   in FES: 2
** Event #285433   t=122.905978199707   Elapsed: 0.029195s (0m 00s)
     Speed:     ev/sec=9.7865e+06   simsec/sec=4214.01   ev/simsec=2322.37
     Messages:  created: 2   present: 2   in FES: 1

<!> Simulation stopped with endSimulation() -- in module (ScheduledAccessQueue) DectScheduledAccessNetwork.queue (id=2), at t=122.905978199707s, event #285433

Calling finish() at end of Run #32...

Preparing for running configuration MonetecPaperPlot, run #33...
Scenario: $r=5, $rho=0.923, $repetition=0
Assigned runID=MonetecPaperPlot-33-20260929-20:26:41-62
Setting up network "dect2020scheduledaccess.DectScheduledAccessNetwork"...
Initializing...

Running simulation...
** Event #0   t=0   Elapsed: 3.1e-05s (0m 00s)
     Speed:     ev/sec=0   simsec/sec=0   ev/simsec=0
     Messages:  created: 2   present: 2   in FES: 2
** Event #310080   t=123.04214319129   Elapsed: 0.031478s (0m 00s)
     Speed:     ev/sec=9.86197e+06   simsec/sec=3913.29   ev/simsec=2520.12
     Messages:  created: 2   present: 2   in FES: 1

<!> Simulation stopped with endSimulation() -- in module (ScheduledAccessQueue) DectScheduledAccessNetwork.queue (id=2), at t=123.04214319129s, event #310080

Calling finish() at end of Run #33...

Preparing for running configuration MonetecPaperPlot, run #34...
Scenario: $r=5, $rho=0.923, $repetition=1
Assigned runID=MonetecPaperPlot-34-20260929-20:26:41-62
Setting up network "dect2020scheduledaccess.DectScheduledAccessNetwork"...
Initializing...

Running simulation...
** Event #0   t=0   Elapsed: 4e-06s (0m 00s)
     Speed:     ev/sec=0   simsec/sec=0   ev/simsec=0
     Messages:  created: 2   present: 2   in FES: 2
** Event #310278   t=123.053603367787   Elapsed: 0.031524s (0m 00s)
     Speed:     ev/sec=9.84509e+06   simsec/sec=3904.46   ev/simsec=2521.5
     Messages:  created: 2   present: 2   in FES: 1

<!> Simulation stopped with endSimulation() -- in module (ScheduledAccessQueue) DectScheduledAccessNetwork.queue (id=2), at t=123.053603367787s, event #310278

Calling finish() at end of Run #34...

Preparing for running configuration MonetecPaperPlot, run #35...
Scenario: $r=5, $rho=0.923, $repetition=2
Assigned runID=MonetecPaperPlot-35-20260929-20:26:41-62
Setting up network "dect2020scheduledaccess.DectScheduledAccessNetwork"...
Initializing...

Running simulation...
** Event #0   t=0   Elapsed: 5e-06s (0m 00s)
     Speed:     ev/sec=0   simsec/sec=0   ev/simsec=0
     Messages:  created: 2   present: 2   in FES: 2
** Event #310673   t=123.007715513822   Elapsed: 0.031639s (0m 00s)
     Speed:     ev/sec=9.82179e+06   simsec/sec=3888.83   ev/simsec=2525.64
     Messages:  created: 2   present: 2   in FES: 1

<!> Simulation stopped with endSimulation() -- in module (ScheduledAccessQueue) DectScheduledAccessNetwork.queue (id=2), at t=123.007715513822s, event #310673

Calling finish() at end of Run #35...

Preparing for running configuration MonetecPaperPlot, run #36...
Scenario: $r=5, $rho=1.006, $repetition=0
Assigned runID=MonetecPaperPlot-36-20260929-20:26:41-62
Setting up network "dect2020scheduledaccess.DectScheduledAccessNetwork"...
Initializing...

Running simulation...
** Event #0   t=0   Elapsed: 3e-06s (0m 00s)
     Speed:     ev/sec=0   simsec/sec=0   ev/simsec=0
     Messages:  created: 2   present: 2   in FES: 2
** Event #334177   t=122.899351432685   Elapsed: 0.034504s (0m 00s)
     Speed:     ev/sec=9.68769e+06   simsec/sec=3562.82   ev/simsec=2719.11
     Messages:  created: 2   present: 2   in FES: 1

<!> Simulation stopped with endSimulation() -- in module (ScheduledAccessQueue) DectScheduledAccessNetwork.queue (id=2), at t=122.899351432685s, event #334177

Calling finish() at end of Run #36...

Preparing for running configuration MonetecPaperPlot, run #37...
Scenario: $r=5, $rho=1.006, $repetition=1
Assigned runID=MonetecPaperPlot-37-20260929-20:26:42-62
Setting up network "dect2020scheduledaccess.DectScheduledAccessNetwork"...
Initializing...

Running simulation...
** Event #0   t=0   Elapsed: 4e-06s (0m 00s)
     Speed:     ev/sec=0   simsec/sec=0   ev/simsec=0
     Messages:  created: 2   present: 2   in FES: 2
** Event #334141   t=122.964568791072   Elapsed: 0.03405s (0m 00s)
     Speed:     ev/sec=9.81584e+06   simsec/sec=3612.25   ev/simsec=2717.38
     Messages:  created: 2   present: 2   in FES: 1

<!> Simulation stopped with endSimulation() -- in module (ScheduledAccessQueue) DectScheduledAccessNetwork.queue (id=2), at t=122.964568791072s, event #334141

Calling finish() at end of Run #37...

Preparing for running configuration MonetecPaperPlot, run #38...
Scenario: $r=5, $rho=1.006, $repetition=2
Assigned runID=MonetecPaperPlot-38-20260929-20:26:42-62
Setting up network "dect2020scheduledaccess.DectScheduledAccessNetwork"...
Initializing...

Running simulation...
** Event #0   t=0   Elapsed: 4e-06s (0m 00s)
     Speed:     ev/sec=0   simsec/sec=0   ev/simsec=0
     Messages:  created: 2   present: 2   in FES: 2
** Event #334406   t=122.845055806893   Elapsed: 0.034149s (0m 00s)
     Speed:     ev/sec=9.79571e+06   simsec/sec=3598.48   ev/simsec=2722.18
     Messages:  created: 2   present: 2   in FES: 1

<!> Simulation stopped with endSimulation() -- in module (ScheduledAccessQueue) DectScheduledAccessNetwork.queue (id=2), at t=122.845055806893s, event #334406

Calling finish() at end of Run #38...

Preparing for running configuration MonetecPaperPlot, run #39...
Scenario: $r=5, $rho=1.089, $repetition=0
Assigned runID=MonetecPaperPlot-39-20260929-20:26:42-62
Setting up network "dect2020scheduledaccess.DectScheduledAccessNetwork"...
Initializing...

Running simulation...
** Event #0   t=0   Elapsed: 4.9e-05s (0m 00s)
     Speed:     ev/sec=0   simsec/sec=0   ev/simsec=0
     Messages:  created: 2   present: 2   in FES: 2
** Event #358815   t=122.976288568909   Elapsed: 0.036509s (0m 00s)
     Speed:     ev/sec=9.84268e+06   simsec/sec=3373.37   ev/simsec=2917.76
     Messages:  created: 2   present: 2   in FES: 1

<!> Simulation stopped with endSimulation() -- in module (ScheduledAccessQueue) DectScheduledAccessNetwork.queue (id=2), at t=122.976288568909s, event #358815

Calling finish() at end of Run #39...

Preparing for running configuration MonetecPaperPlot, run #40...
Scenario: $r=5, $rho=1.089, $repetition=1
Assigned runID=MonetecPaperPlot-40-20260929-20:26:42-62
Setting up network "dect2020scheduledaccess.DectScheduledAccessNetwork"...
Initializing...

Running simulation...
** Event #0   t=0   Elapsed: 5e-06s (0m 00s)
     Speed:     ev/sec=0   simsec/sec=0   ev/simsec=0
     Messages:  created: 2   present: 2   in FES: 2
** Event #358634   t=123.01176307518   Elapsed: 0.036358s (0m 00s)
     Speed:     ev/sec=9.86668e+06   simsec/sec=3384.28   ev/simsec=2915.45
     Messages:  created: 2   present: 2   in FES: 1

<!> Simulation stopped with endSimulation() -- in module (ScheduledAccessQueue) DectScheduledAccessNetwork.queue (id=2), at t=123.01176307518s, event #358634

Calling finish() at end of Run #40...

Preparing for running configuration MonetecPaperPlot, run #41...
Scenario: $r=5, $rho=1.089, $repetition=2
Assigned runID=MonetecPaperPlot-41-20260929-20:26:42-62
Setting up network "dect2020scheduledaccess.DectScheduledAccessNetwork"...
Initializing...

Running simulation...
** Event #0   t=0   Elapsed: 4e-06s (0m 00s)
     Speed:     ev/sec=0   simsec/sec=0   ev/simsec=0
     Messages:  created: 2   present: 2   in FES: 2
** Event #358703   t=122.82584326372   Elapsed: 0.0364s (0m 00s)
     Speed:     ev/sec=9.85746e+06   simsec/sec=3375.35   ev/simsec=2920.42
     Messages:  created: 2   present: 2   in FES: 1

<!> Simulation stopped with endSimulation() -- in module (ScheduledAccessQueue) DectScheduledAccessNetwork.queue (id=2), at t=122.82584326372s, event #358703

Calling finish() at end of Run #41...

Preparing for running configuration MonetecPaperPlot, run #42...
Scenario: $r=5, $rho=1.172, $repetition=0
Assigned runID=MonetecPaperPlot-42-20260929-20:26:42-62
Setting up network "dect2020scheduledaccess.DectScheduledAccessNetwork"...
Initializing...

Running simulation...
** Event #0   t=0   Elapsed: 2.1e-05s (0m 00s)
     Speed:     ev/sec=0   simsec/sec=0   ev/simsec=0
     Messages:  created: 2   present: 2   in FES: 2
** Event #383807   t=123.075833522989   Elapsed: 0.040008s (0m 00s)
     Speed:     ev/sec=9.59949e+06   simsec/sec=3078.28   ev/simsec=3118.46
     Messages:  created: 2   present: 2   in FES: 1

<!> Simulation stopped with endSimulation() -- in module (ScheduledAccessQueue) DectScheduledAccessNetwork.queue (id=2), at t=123.075833522989s, event #383807

Calling finish() at end of Run #42...

Preparing for running configuration MonetecPaperPlot, run #43...
Scenario: $r=5, $rho=1.172, $repetition=1
Assigned runID=MonetecPaperPlot-43-20260929-20:26:42-62
Setting up network "dect2020scheduledaccess.DectScheduledAccessNetwork"...
Initializing...

Running simulation...
** Event #0   t=0   Elapsed: 4e-06s (0m 00s)
     Speed:     ev/sec=0   simsec/sec=0   ev/simsec=0
     Messages:  created: 2   present: 2   in FES: 2
** Event #382893   t=122.914605664642   Elapsed: 0.039098s (0m 00s)
     Speed:     ev/sec=9.79567e+06   simsec/sec=3144.55   ev/simsec=3115.12
     Messages:  created: 2   present: 2   in FES: 1

<!> Simulation stopped with endSimulation() -- in module (ScheduledAccessQueue) DectScheduledAccessNetwork.queue (id=2), at t=122.914605664642s, event #382893

Calling finish() at end of Run #43...

Preparing for running configuration MonetecPaperPlot, run #44...
Scenario: $r=5, $rho=1.172, $repetition=2
Assigned runID=MonetecPaperPlot-44-20260929-20:26:42-62
Setting up network "dect2020scheduledaccess.DectScheduledAccessNetwork"...
Initializing...

Running simulation...
** Event #0   t=0   Elapsed: 4e-06s (0m 00s)
     Speed:     ev/sec=0   simsec/sec=0   ev/simsec=0
     Messages:  created: 2   present: 2   in FES: 2
** Event #384294   t=122.988150221242   Elapsed: 0.039368s (0m 00s)
     Speed:     ev/sec=9.76382e+06   simsec/sec=3124.78   ev/simsec=3124.64
     Messages:  created: 2   present: 2   in FES: 1

<!> Simulation stopped with endSimulation() -- in module (ScheduledAccessQueue) DectScheduledAccessNetwork.queue (id=2), at t=122.988150221242s, event #384294

Calling finish() at end of Run #44...

Preparing for running configuration MonetecPaperPlot, run #45...
Scenario: $r=5, $rho=1.255, $repetition=0
Assigned runID=MonetecPaperPlot-45-20260929-20:26:42-62
Setting up network "dect2020scheduledaccess.DectScheduledAccessNetwork"...
Initializing...

Running simulation...
** Event #0   t=0   Elapsed: 5e-06s (0m 00s)
     Speed:     ev/sec=0   simsec/sec=0   ev/simsec=0
     Messages:  created: 2   present: 2   in FES: 2
** Event #407584   t=122.944244198747   Elapsed: 0.041385s (0m 00s)
     Speed:     ev/sec=9.8505e+06   simsec/sec=2971.32   ev/simsec=3315.19
     Messages:  created: 2   present: 2   in FES: 1

<!> Simulation stopped with endSimulation() -- in module (ScheduledAccessQueue) DectScheduledAccessNetwork.queue (id=2), at t=122.944244198747s, event #407584

Calling finish() at end of Run #45...

Preparing for running configuration MonetecPaperPlot, run #46...
Scenario: $r=5, $rho=1.255, $repetition=1
Assigned runID=MonetecPaperPlot-46-20260929-20:26:42-62
Setting up network "dect2020scheduledaccess.DectScheduledAccessNetwork"...
Initializing...

Running simulation...
** Event #0   t=0   Elapsed: 5e-06s (0m 00s)
     Speed:     ev/sec=0   simsec/sec=0   ev/simsec=0
     Messages:  created: 2   present: 2   in FES: 2
** Event #407972   t=122.988160467568   Elapsed: 0.041389s (0m 00s)
     Speed:     ev/sec=9.85916e+06   simsec/sec=2972.16   ev/simsec=3317.17
     Messages:  created: 2   present: 2   in FES: 1

<!> Simulation stopped with endSimulation() -- in module (ScheduledAccessQueue) DectScheduledAccessNetwork.queue (id=2), at t=122.988160467568s, event #407972

Calling finish() at end of Run #46...

Preparing for running configuration MonetecPaperPlot, run #47...
Scenario: $r=5, $rho=1.255, $repetition=2
Assigned runID=MonetecPaperPlot-47-20260929-20:26:42-62
Setting up network "dect2020scheduledaccess.DectScheduledAccessNetwork"...
Initializing...

Running simulation...
** Event #0   t=0   Elapsed: 3.1e-05s (0m 00s)
     Speed:     ev/sec=0   simsec/sec=0   ev/simsec=0
     Messages:  created: 2   present: 2   in FES: 2
** Event #407835   t=122.855791706175   Elapsed: 0.041273s (0m 00s)
     Speed:     ev/sec=9.88979e+06   simsec/sec=2979.19   ev/simsec=3319.62
     Messages:  created: 2   present: 2   in FES: 1

<!> Simulation stopped with endSimulation() -- in module (ScheduledAccessQueue) DectScheduledAccessNetwork.queue (id=2), at t=122.855791706175s, event #407835

Calling finish() at end of Run #47...

Preparing for running configuration MonetecPaperPlot, run #48...
Scenario: $r=5, $rho=1.338, $repetition=0
Assigned runID=MonetecPaperPlot-48-20260929-20:26:42-62
Setting up network "dect2020scheduledaccess.DectScheduledAccessNetwork"...
Initializing...

Running simulation...
** Event #0   t=0   Elapsed: 5e-06s (0m 00s)
     Speed:     ev/sec=0   simsec/sec=0   ev/simsec=0
     Messages:  created: 2   present: 2   in FES: 2
** Event #431812   t=122.931869775507   Elapsed: 0.050102s (0m 00s)
     Speed:     ev/sec=8.62055e+06   simsec/sec=2454.17   ev/simsec=3512.61
     Messages:  created: 2   present: 2   in FES: 1

<!> Simulation stopped with endSimulation() -- in module (ScheduledAccessQueue) DectScheduledAccessNetwork.queue (id=2), at t=122.931869775507s, event #431812

Calling finish() at end of Run #48...

Preparing for running configuration MonetecPaperPlot, run #49...
Scenario: $r=5, $rho=1.338, $repetition=1
Assigned runID=MonetecPaperPlot-49-20260929-20:26:42-62
Setting up network "dect2020scheduledaccess.DectScheduledAccessNetwork"...
Initializing...

Running simulation...
** Event #0   t=0   Elapsed: 3e-06s (0m 00s)
     Speed:     ev/sec=0   simsec/sec=0   ev/simsec=0
     Messages:  created: 2   present: 2   in FES: 2
** Event #433141   t=123.11318369528   Elapsed: 0.044263s (0m 00s)
     Speed:     ev/sec=9.78783e+06   simsec/sec=2782.02   ev/simsec=3518.24
     Messages:  created: 2   present: 2   in FES: 1

<!> Simulation stopped with endSimulation() -- in module (ScheduledAccessQueue) DectScheduledAccessNetwork.queue (id=2), at t=123.11318369528s, event #433141

Calling finish() at end of Run #49...

Preparing for running configuration MonetecPaperPlot, run #50...
Scenario: $r=5, $rho=1.338, $repetition=2
Assigned runID=MonetecPaperPlot-50-20260929-20:26:42-62
Setting up network "dect2020scheduledaccess.DectScheduledAccessNetwork"...
Initializing...

Running simulation...
** Event #0   t=0   Elapsed: 3e-06s (0m 00s)
     Speed:     ev/sec=0   simsec/sec=0   ev/simsec=0
     Messages:  created: 2   present: 2   in FES: 2
** Event #432287   t=122.893078560208   Elapsed: 0.043828s (0m 00s)
     Speed:     ev/sec=9.86529e+06   simsec/sec=2804.56   ev/simsec=3517.59
     Messages:  created: 2   present: 2   in FES: 1

<!> Simulation stopped with endSimulation() -- in module (ScheduledAccessQueue) DectScheduledAccessNetwork.queue (id=2), at t=122.893078560208s, event #432287

Calling finish() at end of Run #50...

Preparing for running configuration MonetecPaperPlot, run #51...
Scenario: $r=5, $rho=1.421, $repetition=0
Assigned runID=MonetecPaperPlot-51-20260929-20:26:42-62
Setting up network "dect2020scheduledaccess.DectScheduledAccessNetwork"...
Initializing...

Running simulation...
** Event #0   t=0   Elapsed: 2.5e-05s (0m 00s)
     Speed:     ev/sec=0   simsec/sec=0   ev/simsec=0
     Messages:  created: 2   present: 2   in FES: 2
** Event #456783   t=123.002895907735   Elapsed: 0.046355s (0m 00s)
     Speed:     ev/sec=9.8604e+06   simsec/sec=2655.2   ev/simsec=3713.61
     Messages:  created: 2   present: 2   in FES: 1

<!> Simulation stopped with endSimulation() -- in module (ScheduledAccessQueue) DectScheduledAccessNetwork.queue (id=2), at t=123.002895907735s, event #456783

Calling finish() at end of Run #51...

Preparing for running configuration MonetecPaperPlot, run #52...
Scenario: $r=5, $rho=1.421, $repetition=1
Assigned runID=MonetecPaperPlot-52-20260929-20:26:42-62
Setting up network "dect2020scheduledaccess.DectScheduledAccessNetwork"...
Initializing...

Running simulation...
** Event #0   t=0   Elapsed: 3e-06s (0m 00s)
     Speed:     ev/sec=0   simsec/sec=0   ev/simsec=0
     Messages:  created: 2   present: 2   in FES: 2
** Event #456102   t=122.828917033421   Elapsed: 0.04614s (0m 00s)
     Speed:     ev/sec=9.88689e+06   simsec/sec=2662.55   ev/simsec=3713.31
     Messages:  created: 2   present: 2   in FES: 1

<!> Simulation stopped with endSimulation() -- in module (ScheduledAccessQueue) DectScheduledAccessNetwork.queue (id=2), at t=122.828917033421s, event #456102

Calling finish() at end of Run #52...

Preparing for running configuration MonetecPaperPlot, run #53...
Scenario: $r=5, $rho=1.421, $repetition=2
Assigned runID=MonetecPaperPlot-53-20260929-20:26:42-62
Setting up network "dect2020scheduledaccess.DectScheduledAccessNetwork"...
Initializing...

Running simulation...
** Event #0   t=0   Elapsed: 3e-06s (0m 00s)
     Speed:     ev/sec=0   simsec/sec=0   ev/simsec=0
     Messages:  created: 2   present: 2   in FES: 2
** Event #456665   t=122.906724979834   Elapsed: 0.046406s (0m 00s)
     Speed:     ev/sec=9.84255e+06   simsec/sec=2649.01   ev/simsec=3715.55
     Messages:  created: 2   present: 2   in FES: 1

<!> Simulation stopped with endSimulation() -- in module (ScheduledAccessQueue) DectScheduledAccessNetwork.queue (id=2), at t=122.906724979834s, event #456665

Calling finish() at end of Run #53...

Preparing for running configuration MonetecPaperPlot, run #54...
Scenario: $r=5, $rho=1.504, $repetition=0
Assigned runID=MonetecPaperPlot-54-20260929-20:26:42-62
Setting up network "dect2020scheduledaccess.DectScheduledAccessNetwork"...
Initializing...

Running simulation...
** Event #0   t=0   Elapsed: 3e-06s (0m 00s)
     Speed:     ev/sec=0   simsec/sec=0   ev/simsec=0
     Messages:  created: 2   present: 2   in FES: 2
** Event #480712   t=122.887230111314   Elapsed: 0.048646s (0m 00s)
     Speed:     ev/sec=9.88347e+06   simsec/sec=2526.57   ev/simsec=3911.81
     Messages:  created: 2   present: 2   in FES: 1

<!> Simulation stopped with endSimulation() -- in module (ScheduledAccessQueue) DectScheduledAccessNetwork.queue (id=2), at t=122.887230111314s, event #480712

Calling finish() at end of Run #54...

Preparing for running configuration MonetecPaperPlot, run #55...
Scenario: $r=5, $rho=1.504, $repetition=1
Assigned runID=MonetecPaperPlot-55-20260929-20:26:42-62
Setting up network "dect2020scheduledaccess.DectScheduledAccessNetwork"...
Initializing...

Running simulation...
** Event #0   t=0   Elapsed: 4e-06s (0m 00s)
     Speed:     ev/sec=0   simsec/sec=0   ev/simsec=0
     Messages:  created: 2   present: 2   in FES: 2
** Event #481228   t=122.97113536141   Elapsed: 0.048831s (0m 00s)
     Speed:     ev/sec=9.85658e+06   simsec/sec=2518.71   ev/simsec=3913.35
     Messages:  created: 2   present: 2   in FES: 1

<!> Simulation stopped with endSimulation() -- in module (ScheduledAccessQueue) DectScheduledAccessNetwork.queue (id=2), at t=122.97113536141s, event #481228

Calling finish() at end of Run #55...

Preparing for running configuration MonetecPaperPlot, run #56...
Scenario: $r=5, $rho=1.504, $repetition=2
Assigned runID=MonetecPaperPlot-56-20260929-20:26:42-62
Setting up network "dect2020scheduledaccess.DectScheduledAccessNetwork"...
Initializing...

Running simulation...
** Event #0   t=0   Elapsed: 4e-06s (0m 00s)
     Speed:     ev/sec=0   simsec/sec=0   ev/simsec=0
     Messages:  created: 2   present: 2   in FES: 2
** Event #481123   t=122.898804008712   Elapsed: 0.048628s (0m 00s)
     Speed:     ev/sec=9.89578e+06   simsec/sec=2527.79   ev/simsec=3914.79
     Messages:  created: 2   present: 2   in FES: 1

<!> Simulation stopped with endSimulation() -- in module (ScheduledAccessQueue) DectScheduledAccessNetwork.queue (id=2), at t=122.898804008712s, event #481123

Calling finish() at end of Run #56...

Preparing for running configuration MonetecPaperPlot, run #57...
Scenario: $r=5, $rho=1.587, $repetition=0
Assigned runID=MonetecPaperPlot-57-20260929-20:26:42-62
Setting up network "dect2020scheduledaccess.DectScheduledAccessNetwork"...
Initializing...

Running simulation...
** Event #0   t=0   Elapsed: 4e-06s (0m 00s)
     Speed:     ev/sec=0   simsec/sec=0   ev/simsec=0
     Messages:  created: 2   present: 2   in FES: 2
** Event #505448   t=122.900512233799   Elapsed: 0.050806s (0m 00s)
     Speed:     ev/sec=9.95035e+06   simsec/sec=2419.44   ev/simsec=4112.66
     Messages:  created: 2   present: 2   in FES: 1

<!> Simulation stopped with endSimulation() -- in module (ScheduledAccessQueue) DectScheduledAccessNetwork.queue (id=2), at t=122.900512233799s, event #505448

Calling finish() at end of Run #57...

Preparing for running configuration MonetecPaperPlot, run #58...
Scenario: $r=5, $rho=1.587, $repetition=1
Assigned runID=MonetecPaperPlot-58-20260929-20:26:42-62
Setting up network "dect2020scheduledaccess.DectScheduledAccessNetwork"...
Initializing...

Running simulation...
** Event #0   t=0   Elapsed: 1.7e-05s (0m 00s)
     Speed:     ev/sec=0   simsec/sec=0   ev/simsec=0
     Messages:  created: 2   present: 2   in FES: 2
** Event #505748   t=122.96930685631   Elapsed: 0.052318s (0m 00s)
     Speed:     ev/sec=9.67087e+06   simsec/sec=2351.4   ev/simsec=4112.81
     Messages:  created: 2   present: 2   in FES: 1

<!> Simulation stopped with endSimulation() -- in module (ScheduledAccessQueue) DectScheduledAccessNetwork.queue (id=2), at t=122.96930685631s, event #505748

Calling finish() at end of Run #58...

Preparing for running configuration MonetecPaperPlot, run #59...
Scenario: $r=5, $rho=1.587, $repetition=2
Assigned runID=MonetecPaperPlot-59-20260929-20:26:43-62
Setting up network "dect2020scheduledaccess.DectScheduledAccessNetwork"...
Initializing...

Running simulation...
** Event #0   t=0   Elapsed: 3e-06s (0m 00s)
     Speed:     ev/sec=0   simsec/sec=0   ev/simsec=0
     Messages:  created: 2   present: 2   in FES: 2
** Event #506218   t=122.947110104481   Elapsed: 0.050894s (0m 00s)
     Speed:     ev/sec=9.94808e+06   simsec/sec=2416.13   ev/simsec=4117.36
     Messages:  created: 2   present: 2   in FES: 1

<!> Simulation stopped with endSimulation() -- in module (ScheduledAccessQueue) DectScheduledAccessNetwork.queue (id=2), at t=122.947110104481s, event #506218

Calling finish() at end of Run #59...

Preparing for running configuration MonetecPaperPlot, run #60...
Scenario: $r=5, $rho=1.670, $repetition=0
Assigned runID=MonetecPaperPlot-60-20260929-20:26:43-62
Setting up network "dect2020scheduledaccess.DectScheduledAccessNetwork"...
Initializing...

Running simulation...
** Event #0   t=0   Elapsed: 4e-06s (0m 00s)
     Speed:     ev/sec=0   simsec/sec=0   ev/simsec=0
     Messages:  created: 2   present: 2   in FES: 2
** Event #530887   t=123.009691393661   Elapsed: 0.053411s (0m 00s)
     Speed:     ev/sec=9.94133e+06   simsec/sec=2303.46   ev/simsec=4315.83
     Messages:  created: 2   present: 2   in FES: 1

<!> Simulation stopped with endSimulation() -- in module (ScheduledAccessQueue) DectScheduledAccessNetwork.queue (id=2), at t=123.009691393661s, event #530887

Calling finish() at end of Run #60...

Preparing for running configuration MonetecPaperPlot, run #61...
Scenario: $r=5, $rho=1.670, $repetition=1
Assigned runID=MonetecPaperPlot-61-20260929-20:26:43-62
Setting up network "dect2020scheduledaccess.DectScheduledAccessNetwork"...
Initializing...

Running simulation...
** Event #0   t=0   Elapsed: 4e-06s (0m 00s)
     Speed:     ev/sec=0   simsec/sec=0   ev/simsec=0
     Messages:  created: 2   present: 2   in FES: 2
** Event #530171   t=122.951003338885   Elapsed: 0.053409s (0m 00s)
     Speed:     ev/sec=9.92848e+06   simsec/sec=2302.49   ev/simsec=4312.06
     Messages:  created: 2   present: 2   in FES: 1

<!> Simulation stopped with endSimulation() -- in module (ScheduledAccessQueue) DectScheduledAccessNetwork.queue (id=2), at t=122.951003338885s, event #530171

Calling finish() at end of Run #61...

Preparing for running configuration MonetecPaperPlot, run #62...
Scenario: $r=5, $rho=1.670, $repetition=2
Assigned runID=MonetecPaperPlot-62-20260929-20:26:43-62
Setting up network "dect2020scheduledaccess.DectScheduledAccessNetwork"...
Initializing...

Running simulation...
** Event #0   t=0   Elapsed: 5e-06s (0m 00s)
     Speed:     ev/sec=0   simsec/sec=0   ev/simsec=0
     Messages:  created: 2   present: 2   in FES: 2
** Event #531265   t=123.012304802487   Elapsed: 0.053608s (0m 00s)
     Speed:     ev/sec=9.91203e+06   simsec/sec=2295.09   ev/simsec=4318.8
     Messages:  created: 2   present: 2   in FES: 1

<!> Simulation stopped with endSimulation() -- in module (ScheduledAccessQueue) DectScheduledAccessNetwork.queue (id=2), at t=123.012304802487s, event #531265

Calling finish() at end of Run #62...

Preparing for running configuration MonetecPaperPlot, run #63...
Scenario: $r=5, $rho=1.753, $repetition=0
Assigned runID=MonetecPaperPlot-63-20260929-20:26:43-62
Setting up network "dect2020scheduledaccess.DectScheduledAccessNetwork"...
Initializing...

Running simulation...
** Event #0   t=0   Elapsed: 4e-06s (0m 00s)
     Speed:     ev/sec=0   simsec/sec=0   ev/simsec=0
     Messages:  created: 2   present: 2   in FES: 2
** Event #555143   t=122.91860491024   Elapsed: 0.056296s (0m 00s)
     Speed:     ev/sec=9.86325e+06   simsec/sec=2183.9   ev/simsec=4516.36
     Messages:  created: 2   present: 2   in FES: 1

<!> Simulation stopped with endSimulation() -- in module (ScheduledAccessQueue) DectScheduledAccessNetwork.queue (id=2), at t=122.91860491024s, event #555143

Calling finish() at end of Run #63...

Preparing for running configuration MonetecPaperPlot, run #64...
Scenario: $r=5, $rho=1.753, $repetition=1
Assigned runID=MonetecPaperPlot-64-20260929-20:26:43-62
Setting up network "dect2020scheduledaccess.DectScheduledAccessNetwork"...
Initializing...

Running simulation...
** Event #0   t=0   Elapsed: 5e-06s (0m 00s)
     Speed:     ev/sec=0   simsec/sec=0   ev/simsec=0
     Messages:  created: 2   present: 2   in FES: 2
** Event #554318   t=122.922803263699   Elapsed: 0.055906s (0m 00s)
     Speed:     ev/sec=9.91678e+06   simsec/sec=2199.09   ev/simsec=4509.49
     Messages:  created: 2   present: 2   in FES: 1

<!> Simulation stopped with endSimulation() -- in module (ScheduledAccessQueue) DectScheduledAccessNetwork.queue (id=2), at t=122.922803263699s, event #554318

Calling finish() at end of Run #64...

Preparing for running configuration MonetecPaperPlot, run #65...
Scenario: $r=5, $rho=1.753, $repetition=2
Assigned runID=MonetecPaperPlot-65-20260929-20:26:43-62
Setting up network "dect2020scheduledaccess.DectScheduledAccessNetwork"...
Initializing...

Running simulation...
** Event #0   t=0   Elapsed: 4e-06s (0m 00s)
     Speed:     ev/sec=0   simsec/sec=0   ev/simsec=0
     Messages:  created: 2   present: 2   in FES: 2
** Event #555676   t=122.990124383202   Elapsed: 0.055752s (0m 00s)
     Speed:     ev/sec=9.96818e+06   simsec/sec=2206.3   ev/simsec=4518.06
     Messages:  created: 2   present: 2   in FES: 1

<!> Simulation stopped with endSimulation() -- in module (ScheduledAccessQueue) DectScheduledAccessNetwork.queue (id=2), at t=122.990124383202s, event #555676

Calling finish() at end of Run #65...

Preparing for running configuration MonetecPaperPlot, run #66...
Scenario: $r=5, $rho=1.836, $repetition=0
Assigned runID=MonetecPaperPlot-66-20260929-20:26:43-62
Setting up network "dect2020scheduledaccess.DectScheduledAccessNetwork"...
Initializing...

Running simulation...
** Event #0   t=0   Elapsed: 5e-06s (0m 00s)
     Speed:     ev/sec=0   simsec/sec=0   ev/simsec=0
     Messages:  created: 2   present: 2   in FES: 2
** Event #579548   t=122.922689182669   Elapsed: 0.058415s (0m 00s)
     Speed:     ev/sec=9.92292e+06   simsec/sec=2104.66   ev/simsec=4714.74
     Messages:  created: 2   present: 2   in FES: 1

<!> Simulation stopped with endSimulation() -- in module (ScheduledAccessQueue) DectScheduledAccessNetwork.queue (id=2), at t=122.922689182669s, event #579548

Calling finish() at end of Run #66...

Preparing for running configuration MonetecPaperPlot, run #67...
Scenario: $r=5, $rho=1.836, $repetition=1
Assigned runID=MonetecPaperPlot-67-20260929-20:26:43-62
Setting up network "dect2020scheduledaccess.DectScheduledAccessNetwork"...
Initializing...

Running simulation...
** Event #0   t=0   Elapsed: 3e-06s (0m 00s)
     Speed:     ev/sec=0   simsec/sec=0   ev/simsec=0
     Messages:  created: 2   present: 2   in FES: 2
** Event #579212   t=122.971290867152   Elapsed: 0.062404s (0m 00s)
     Speed:     ev/sec=9.28284e+06   simsec/sec=1970.82   ev/simsec=4710.15
     Messages:  created: 2   present: 2   in FES: 1

<!> Simulation stopped with endSimulation() -- in module (ScheduledAccessQueue) DectScheduledAccessNetwork.queue (id=2), at t=122.971290867152s, event #579212

Calling finish() at end of Run #67...

Preparing for running configuration MonetecPaperPlot, run #68...
Scenario: $r=5, $rho=1.836, $repetition=2
Assigned runID=MonetecPaperPlot-68-20260929-20:26:43-62
Setting up network "dect2020scheduledaccess.DectScheduledAccessNetwork"...
Initializing...

Running simulation...
** Event #0   t=0   Elapsed: 3e-06s (0m 00s)
     Speed:     ev/sec=0   simsec/sec=0   ev/simsec=0
     Messages:  created: 2   present: 2   in FES: 2
** Event #579926   t=122.955770365112   Elapsed: 0.058199s (0m 00s)
     Speed:     ev/sec=9.96573e+06   simsec/sec=2112.93   ev/simsec=4716.55
     Messages:  created: 2   present: 2   in FES: 1

<!> Simulation stopped with endSimulation() -- in module (ScheduledAccessQueue) DectScheduledAccessNetwork.queue (id=2), at t=122.955770365112s, event #579926

Calling finish() at end of Run #68...

Preparing for running configuration MonetecPaperPlot, run #69...
Scenario: $r=5, $rho=1.919, $repetition=0
Assigned runID=MonetecPaperPlot-69-20260929-20:26:43-62
Setting up network "dect2020scheduledaccess.DectScheduledAccessNetwork"...
Initializing...

Running simulation...
** Event #0   t=0   Elapsed: 4e-06s (0m 00s)
     Speed:     ev/sec=0   simsec/sec=0   ev/simsec=0
     Messages:  created: 2   present: 2   in FES: 2
** Event #604636   t=123.007950806169   Elapsed: 0.060929s (0m 00s)
     Speed:     ev/sec=9.92508e+06   simsec/sec=2019.17   ev/simsec=4915.42
     Messages:  created: 2   present: 2   in FES: 1

<!> Simulation stopped with endSimulation() -- in module (ScheduledAccessQueue) DectScheduledAccessNetwork.queue (id=2), at t=123.007950806169s, event #604636

Calling finish() at end of Run #69...

Preparing for running configuration MonetecPaperPlot, run #70...
Scenario: $r=5, $rho=1.919, $repetition=1
Assigned runID=MonetecPaperPlot-70-20260929-20:26:43-62
Setting up network "dect2020scheduledaccess.DectScheduledAccessNetwork"...
Initializing...

Running simulation...
** Event #0   t=0   Elapsed: 3e-06s (0m 00s)
     Speed:     ev/sec=0   simsec/sec=0   ev/simsec=0
     Messages:  created: 2   present: 2   in FES: 2
** Event #603630   t=122.974383427622   Elapsed: 0.06081s (0m 00s)
     Speed:     ev/sec=9.9278e+06   simsec/sec=2022.54   ev/simsec=4908.58
     Messages:  created: 2   present: 2   in FES: 1

<!> Simulation stopped with endSimulation() -- in module (ScheduledAccessQueue) DectScheduledAccessNetwork.queue (id=2), at t=122.974383427622s, event #603630

Calling finish() at end of Run #70...

Preparing for running configuration MonetecPaperPlot, run #71...
Scenario: $r=5, $rho=1.919, $repetition=2
Assigned runID=MonetecPaperPlot-71-20260929-20:26:43-62
Setting up network "dect2020scheduledaccess.DectScheduledAccessNetwork"...
Initializing...

Running simulation...
** Event #0   t=0   Elapsed: 4e-06s (0m 00s)
     Speed:     ev/sec=0   simsec/sec=0   ev/simsec=0
     Messages:  created: 2   present: 2   in FES: 2
** Event #604955   t=122.997008386937   Elapsed: 0.064751s (0m 00s)
     Speed:     ev/sec=9.34438e+06   simsec/sec=1899.86   ev/simsec=4918.46
     Messages:  created: 2   present: 2   in FES: 1

<!> Simulation stopped with endSimulation() -- in module (ScheduledAccessQueue) DectScheduledAccessNetwork.queue (id=2), at t=122.997008386937s, event #604955

Calling finish() at end of Run #71...

Preparing for running configuration MonetecPaperPlot, run #72...
Scenario: $r=5, $rho=2.002, $repetition=0
Assigned runID=MonetecPaperPlot-72-20260929-20:26:43-62
Setting up network "dect2020scheduledaccess.DectScheduledAccessNetwork"...
Initializing...

Running simulation...
** Event #0   t=0   Elapsed: 3e-06s (0m 00s)
     Speed:     ev/sec=0   simsec/sec=0   ev/simsec=0
     Messages:  created: 2   present: 2   in FES: 2
** Event #628162   t=122.867914962249   Elapsed: 0.063375s (0m 00s)
     Speed:     ev/sec=9.91308e+06   simsec/sec=1938.99   ev/simsec=5112.5
     Messages:  created: 2   present: 2   in FES: 1

<!> Simulation stopped with endSimulation() -- in module (ScheduledAccessQueue) DectScheduledAccessNetwork.queue (id=2), at t=122.867914962249s, event #628162

Calling finish() at end of Run #72...

Preparing for running configuration MonetecPaperPlot, run #73...
Scenario: $r=5, $rho=2.002, $repetition=1
Assigned runID=MonetecPaperPlot-73-20260929-20:26:43-62
Setting up network "dect2020scheduledaccess.DectScheduledAccessNetwork"...
Initializing...

Running simulation...
** Event #0   t=0   Elapsed: 3e-06s (0m 00s)
     Speed:     ev/sec=0   simsec/sec=0   ev/simsec=0
     Messages:  created: 2   present: 2   in FES: 2
** Event #628023   t=122.985463205814   Elapsed: 0.063362s (0m 00s)
     Speed:     ev/sec=9.91307e+06   simsec/sec=1941.27   ev/simsec=5106.48
     Messages:  created: 2   present: 2   in FES: 1

<!> Simulation stopped with endSimulation() -- in module (ScheduledAccessQueue) DectScheduledAccessNetwork.queue (id=2), at t=122.985463205814s, event #628023

Calling finish() at end of Run #73...

Preparing for running configuration MonetecPaperPlot, run #74...
Scenario: $r=5, $rho=2.002, $repetition=2
Assigned runID=MonetecPaperPlot-74-20260929-20:26:43-62
Setting up network "dect2020scheduledaccess.DectScheduledAccessNetwork"...
Initializing...

Running simulation...
** Event #0   t=0   Elapsed: 4e-06s (0m 00s)
     Speed:     ev/sec=0   simsec/sec=0   ev/simsec=0
     Messages:  created: 2   present: 2   in FES: 2
** Event #629756   t=123.047014590988   Elapsed: 0.063246s (0m 00s)
     Speed:     ev/sec=9.95866e+06   simsec/sec=1945.8   ev/simsec=5118.02
     Messages:  created: 2   present: 2   in FES: 1

<!> Simulation stopped with endSimulation() -- in module (ScheduledAccessQueue) DectScheduledAccessNetwork.queue (id=2), at t=123.047014590988s, event #629756

Calling finish() at end of Run #74...

Preparing for running configuration MonetecPaperPlot, run #75...
Scenario: $r=5, $rho=2.085, $repetition=0
Assigned runID=MonetecPaperPlot-75-20260929-20:26:43-62
Setting up network "dect2020scheduledaccess.DectScheduledAccessNetwork"...
Initializing...

Running simulation...
** Event #0   t=0   Elapsed: 3e-06s (0m 00s)
     Speed:     ev/sec=0   simsec/sec=0   ev/simsec=0
     Messages:  created: 2   present: 2   in FES: 2
** Event #652673   t=122.878873589334   Elapsed: 0.066426s (0m 00s)
     Speed:     ev/sec=9.82704e+06   simsec/sec=1850.14   ev/simsec=5311.52
     Messages:  created: 2   present: 2   in FES: 1

<!> Simulation stopped with endSimulation() -- in module (ScheduledAccessQueue) DectScheduledAccessNetwork.queue (id=2), at t=122.878873589334s, event #652673

Calling finish() at end of Run #75...

Preparing for running configuration MonetecPaperPlot, run #76...
Scenario: $r=5, $rho=2.085, $repetition=1
Assigned runID=MonetecPaperPlot-76-20260929-20:26:44-62
Setting up network "dect2020scheduledaccess.DectScheduledAccessNetwork"...
Initializing...

Running simulation...
** Event #0   t=0   Elapsed: 3e-06s (0m 00s)
     Speed:     ev/sec=0   simsec/sec=0   ev/simsec=0
     Messages:  created: 2   present: 2   in FES: 2
** Event #652158   t=122.944816890183   Elapsed: 0.066239s (0m 00s)
     Speed:     ev/sec=9.84687e+06   simsec/sec=1856.33   ev/simsec=5304.48
     Messages:  created: 2   present: 2   in FES: 1

<!> Simulation stopped with endSimulation() -- in module (ScheduledAccessQueue) DectScheduledAccessNetwork.queue (id=2), at t=122.944816890183s, event #652158

Calling finish() at end of Run #76...

Preparing for running configuration MonetecPaperPlot, run #77...
Scenario: $r=5, $rho=2.085, $repetition=2
Assigned runID=MonetecPaperPlot-77-20260929-20:26:44-62
Setting up network "dect2020scheduledaccess.DectScheduledAccessNetwork"...
Initializing...

Running simulation...
** Event #0   t=0   Elapsed: 5e-06s (0m 00s)
     Speed:     ev/sec=0   simsec/sec=0   ev/simsec=0
     Messages:  created: 2   present: 2   in FES: 2
** Event #653983   t=122.975908305978   Elapsed: 0.065775s (0m 00s)
     Speed:     ev/sec=9.94394e+06   simsec/sec=1869.87   ev/simsec=5317.98
     Messages:  created: 2   present: 2   in FES: 1

<!> Simulation stopped with endSimulation() -- in module (ScheduledAccessQueue) DectScheduledAccessNetwork.queue (id=2), at t=122.975908305978s, event #653983

Calling finish() at end of Run #77...

Preparing for running configuration MonetecPaperPlot, run #78...
Scenario: $r=5, $rho=2.168, $repetition=0
Assigned runID=MonetecPaperPlot-78-20260929-20:26:44-62
Setting up network "dect2020scheduledaccess.DectScheduledAccessNetwork"...
Initializing...

Running simulation...
** Event #0   t=0   Elapsed: 4e-06s (0m 00s)
     Speed:     ev/sec=0   simsec/sec=0   ev/simsec=0
     Messages:  created: 2   present: 2   in FES: 2
** Event #678277   t=122.998301318108   Elapsed: 0.068849s (0m 00s)
     Speed:     ev/sec=9.85309e+06   simsec/sec=1786.75   ev/simsec=5514.53
     Messages:  created: 2   present: 2   in FES: 1

<!> Simulation stopped with endSimulation() -- in module (ScheduledAccessQueue) DectScheduledAccessNetwork.queue (id=2), at t=122.998301318108s, event #678277

Calling finish() at end of Run #78...

Preparing for running configuration MonetecPaperPlot, run #79...
Scenario: $r=5, $rho=2.168, $repetition=1
Assigned runID=MonetecPaperPlot-79-20260929-20:26:44-62
Setting up network "dect2020scheduledaccess.DectScheduledAccessNetwork"...
Initializing...

Running simulation...
** Event #0   t=0   Elapsed: 3e-06s (0m 00s)
     Speed:     ev/sec=0   simsec/sec=0   ev/simsec=0
     Messages:  created: 2   present: 2   in FES: 2
** Event #676757   t=122.947083019156   Elapsed: 0.068365s (0m 00s)
     Speed:     ev/sec=9.90004e+06   simsec/sec=1798.55   ev/simsec=5504.46
     Messages:  created: 2   present: 2   in FES: 1

<!> Simulation stopped with endSimulation() -- in module (ScheduledAccessQueue) DectScheduledAccessNetwork.queue (id=2), at t=122.947083019156s, event #676757

Calling finish() at end of Run #79...

Preparing for running configuration MonetecPaperPlot, run #80...
Scenario: $r=5, $rho=2.168, $repetition=2
Assigned runID=MonetecPaperPlot-80-20260929-20:26:44-62
Setting up network "dect2020scheduledaccess.DectScheduledAccessNetwork"...
Initializing...

Running simulation...
** Event #0   t=0   Elapsed: 4e-06s (0m 00s)
     Speed:     ev/sec=0   simsec/sec=0   ev/simsec=0
     Messages:  created: 2   present: 2   in FES: 2
** Event #678570   t=122.996038572988   Elapsed: 0.068197s (0m 00s)
     Speed:     ev/sec=9.9516e+06   simsec/sec=1803.8   ev/simsec=5517.02
     Messages:  created: 2   present: 2   in FES: 1

<!> Simulation stopped with endSimulation() -- in module (ScheduledAccessQueue) DectScheduledAccessNetwork.queue (id=2), at t=122.996038572988s, event #678570

Calling finish() at end of Run #80...

Preparing for running configuration MonetecPaperPlot, run #81...
Scenario: $r=5, $rho=2.251, $repetition=0
Assigned runID=MonetecPaperPlot-81-20260929-20:26:44-62
Setting up network "dect2020scheduledaccess.DectScheduledAccessNetwork"...
Initializing...

Running simulation...
** Event #0   t=0   Elapsed: 4e-06s (0m 00s)
     Speed:     ev/sec=0   simsec/sec=0   ev/simsec=0
     Messages:  created: 2   present: 2   in FES: 2
** Event #701571   t=122.863280910432   Elapsed: 0.070527s (0m 00s)
     Speed:     ev/sec=9.94882e+06   simsec/sec=1742.29   ev/simsec=5710.18
     Messages:  created: 2   present: 2   in FES: 1

<!> Simulation stopped with endSimulation() -- in module (ScheduledAccessQueue) DectScheduledAccessNetwork.queue (id=2), at t=122.863280910432s, event #701571

Calling finish() at end of Run #81...

Preparing for running configuration MonetecPaperPlot, run #82...
Scenario: $r=5, $rho=2.251, $repetition=1
Assigned runID=MonetecPaperPlot-82-20260929-20:26:44-62
Setting up network "dect2020scheduledaccess.DectScheduledAccessNetwork"...
Initializing...

Running simulation...
** Event #0   t=0   Elapsed: 5e-06s (0m 00s)
     Speed:     ev/sec=0   simsec/sec=0   ev/simsec=0
     Messages:  created: 2   present: 2   in FES: 2
** Event #701214   t=122.925150154925   Elapsed: 0.070792s (0m 00s)
     Speed:     ev/sec=9.90653e+06   simsec/sec=1736.65   ev/simsec=5704.4
     Messages:  created: 2   present: 2   in FES: 1

<!> Simulation stopped with endSimulation() -- in module (ScheduledAccessQueue) DectScheduledAccessNetwork.queue (id=2), at t=122.925150154925s, event #701214

Calling finish() at end of Run #82...

Preparing for running configuration MonetecPaperPlot, run #83...
Scenario: $r=5, $rho=2.251, $repetition=2
Assigned runID=MonetecPaperPlot-83-20260929-20:26:44-62
Setting up network "dect2020scheduledaccess.DectScheduledAccessNetwork"...
Initializing...

Running simulation...
** Event #0   t=0   Elapsed: 5e-06s (0m 00s)
     Speed:     ev/sec=0   simsec/sec=0   ev/simsec=0
     Messages:  created: 2   present: 2   in FES: 2
** Event #702815   t=122.935614973801   Elapsed: 0.070691s (0m 00s)
     Speed:     ev/sec=9.9432e+06   simsec/sec=1739.25   ev/simsec=5716.95
     Messages:  created: 2   present: 2   in FES: 1

<!> Simulation stopped with endSimulation() -- in module (ScheduledAccessQueue) DectScheduledAccessNetwork.queue (id=2), at t=122.935614973801s, event #702815

Calling finish() at end of Run #83...

Preparing for running configuration MonetecPaperPlot, run #84...
Scenario: $r=5, $rho=2.334, $repetition=0
Assigned runID=MonetecPaperPlot-84-20260929-20:26:44-62
Setting up network "dect2020scheduledaccess.DectScheduledAccessNetwork"...
Initializing...

Running simulation...
** Event #0   t=0   Elapsed: 5e-06s (0m 00s)
     Speed:     ev/sec=0   simsec/sec=0   ev/simsec=0
     Messages:  created: 2   present: 2   in FES: 2
** Event #726117   t=122.869608777763   Elapsed: 0.073095s (0m 00s)
     Speed:     ev/sec=9.93538e+06   simsec/sec=1681.21   ev/simsec=5909.66
     Messages:  created: 2   present: 2   in FES: 1

<!> Simulation stopped with endSimulation() -- in module (ScheduledAccessQueue) DectScheduledAccessNetwork.queue (id=2), at t=122.869608777763s, event #726117

Calling finish() at end of Run #84...

Preparing for running configuration MonetecPaperPlot, run #85...
Scenario: $r=5, $rho=2.334, $repetition=1
Assigned runID=MonetecPaperPlot-85-20260929-20:26:44-62
Setting up network "dect2020scheduledaccess.DectScheduledAccessNetwork"...
Initializing...

Running simulation...
** Event #0   t=0   Elapsed: 4e-06s (0m 00s)
     Speed:     ev/sec=0   simsec/sec=0   ev/simsec=0
     Messages:  created: 2   present: 2   in FES: 2
** Event #725235   t=122.862388574318   Elapsed: 0.073269s (0m 00s)
     Speed:     ev/sec=9.89933e+06   simsec/sec=1677.05   ev/simsec=5902.83
     Messages:  created: 2   present: 2   in FES: 1

<!> Simulation stopped with endSimulation() -- in module (ScheduledAccessQueue) DectScheduledAccessNetwork.queue (id=2), at t=122.862388574318s, event #725235

Calling finish() at end of Run #85...

Preparing for running configuration MonetecPaperPlot, run #86...
Scenario: $r=5, $rho=2.334, $repetition=2
Assigned runID=MonetecPaperPlot-86-20260929-20:26:44-62
Setting up network "dect2020scheduledaccess.DectScheduledAccessNetwork"...
Initializing...

Running simulation...
** Event #0   t=0   Elapsed: 4e-06s (0m 00s)
     Speed:     ev/sec=0   simsec/sec=0   ev/simsec=0
     Messages:  created: 2   present: 2   in FES: 2
** Event #726708   t=122.854190336078   Elapsed: 0.073193s (0m 00s)
     Speed:     ev/sec=9.92988e+06   simsec/sec=1678.7   ev/simsec=5915.21
     Messages:  created: 2   present: 2   in FES: 1

<!> Simulation stopped with endSimulation() -- in module (ScheduledAccessQueue) DectScheduledAccessNetwork.queue (id=2), at t=122.854190336078s, event #726708

Calling finish() at end of Run #86...

Preparing for running configuration MonetecPaperPlot, run #87...
Scenario: $r=5, $rho=2.417, $repetition=0
Assigned runID=MonetecPaperPlot-87-20260929-20:26:44-62
Setting up network "dect2020scheduledaccess.DectScheduledAccessNetwork"...
Initializing...

Running simulation...
** Event #0   t=0   Elapsed: 4e-06s (0m 00s)
     Speed:     ev/sec=0   simsec/sec=0   ev/simsec=0
     Messages:  created: 2   present: 2   in FES: 2
** Event #751130   t=122.91462488904   Elapsed: 0.075379s (0m 00s)
     Speed:     ev/sec=9.96577e+06   simsec/sec=1630.79   ev/simsec=6111
     Messages:  created: 2   present: 2   in FES: 1

<!> Simulation stopped with endSimulation() -- in module (ScheduledAccessQueue) DectScheduledAccessNetwork.queue (id=2), at t=122.91462488904s, event #751130

Calling finish() at end of Run #87...

Preparing for running configuration MonetecPaperPlot, run #88...
Scenario: $r=5, $rho=2.417, $repetition=1
Assigned runID=MonetecPaperPlot-88-20260929-20:26:44-62
Setting up network "dect2020scheduledaccess.DectScheduledAccessNetwork"...
Initializing...

Running simulation...
** Event #0   t=0   Elapsed: 4e-06s (0m 00s)
     Speed:     ev/sec=0   simsec/sec=0   ev/simsec=0
     Messages:  created: 2   present: 2   in FES: 2
** Event #751063   t=123.022905518095   Elapsed: 0.075985s (0m 00s)
     Speed:     ev/sec=9.88566e+06   simsec/sec=1619.25   ev/simsec=6105.07
     Messages:  created: 2   present: 2   in FES: 1

<!> Simulation stopped with endSimulation() -- in module (ScheduledAccessQueue) DectScheduledAccessNetwork.queue (id=2), at t=123.022905518095s, event #751063

Calling finish() at end of Run #88...

Preparing for running configuration MonetecPaperPlot, run #89...
Scenario: $r=5, $rho=2.417, $repetition=2
Assigned runID=MonetecPaperPlot-89-20260929-20:26:44-62
Setting up network "dect2020scheduledaccess.DectScheduledAccessNetwork"...
Initializing...

Running simulation...
** Event #0   t=0   Elapsed: 4e-06s (0m 00s)
     Speed:     ev/sec=0   simsec/sec=0   ev/simsec=0
     Messages:  created: 2   present: 2   in FES: 2
** Event #751579   t=122.893957602861   Elapsed: 0.076152s (0m 00s)
     Speed:     ev/sec=9.87075e+06   simsec/sec=1614.01   ev/simsec=6115.67
     Messages:  created: 2   present: 2   in FES: 1

<!> Simulation stopped with endSimulation() -- in module (ScheduledAccessQueue) DectScheduledAccessNetwork.queue (id=2), at t=122.893957602861s, event #751579

Calling finish() at end of Run #89...

Preparing for running configuration MonetecPaperPlot, run #90...
Scenario: $r=5, $rho=2.500, $repetition=0
Assigned runID=MonetecPaperPlot-90-20260929-20:26:45-62
Setting up network "dect2020scheduledaccess.DectScheduledAccessNetwork"...
Initializing...

Running simulation...
** Event #0   t=0   Elapsed: 3e-06s (0m 00s)
     Speed:     ev/sec=0   simsec/sec=0   ev/simsec=0
     Messages:  created: 2   present: 2   in FES: 2
** Event #775200   t=122.887145087838   Elapsed: 0.077829s (0m 00s)
     Speed:     ev/sec=9.96119e+06   simsec/sec=1579.08   ev/simsec=6308.23
     Messages:  created: 2   present: 2   in FES: 1

<!> Simulation stopped with endSimulation() -- in module (ScheduledAccessQueue) DectScheduledAccessNetwork.queue (id=2), at t=122.887145087838s, event #775200

Calling finish() at end of Run #90...

Preparing for running configuration MonetecPaperPlot, run #91...
Scenario: $r=5, $rho=2.500, $repetition=1
Assigned runID=MonetecPaperPlot-91-20260929-20:26:45-62
Setting up network "dect2020scheduledaccess.DectScheduledAccessNetwork"...
Initializing...

Running simulation...
** Event #0   t=0   Elapsed: 3e-06s (0m 00s)
     Speed:     ev/sec=0   simsec/sec=0   ev/simsec=0
     Messages:  created: 2   present: 2   in FES: 2
** Event #775143   t=122.972454854746   Elapsed: 0.077978s (0m 00s)
     Speed:     ev/sec=9.94155e+06   simsec/sec=1577.18   ev/simsec=6303.39
     Messages:  created: 2   present: 2   in FES: 1

<!> Simulation stopped with endSimulation() -- in module (ScheduledAccessQueue) DectScheduledAccessNetwork.queue (id=2), at t=122.972454854746s, event #775143

Calling finish() at end of Run #91...

Preparing for running configuration MonetecPaperPlot, run #92...
Scenario: $r=5, $rho=2.500, $repetition=2
Assigned runID=MonetecPaperPlot-92-20260929-20:26:45-62
Setting up network "dect2020scheduledaccess.DectScheduledAccessNetwork"...
Initializing...

Running simulation...
** Event #0   t=0   Elapsed: 4e-06s (0m 00s)
     Speed:     ev/sec=0   simsec/sec=0   ev/simsec=0
     Messages:  created: 2   present: 2   in FES: 2
** Event #775702   t=122.862989119406   Elapsed: 0.078464s (0m 00s)
     Speed:     ev/sec=9.8871e+06   simsec/sec=1566.01   ev/simsec=6313.55
     Messages:  created: 2   present: 2   in FES: 1

<!> Simulation stopped with endSimulation() -- in module (ScheduledAccessQueue) DectScheduledAccessNetwork.queue (id=2), at t=122.862989119406s, event #775702

Calling finish() at end of Run #92...

Preparing for running configuration MonetecPaperPlot, run #93...
Scenario: $r=5, $rho=2.583, $repetition=0
Assigned runID=MonetecPaperPlot-93-20260929-20:26:45-62
Setting up network "dect2020scheduledaccess.DectScheduledAccessNetwork"...
Initializing...

Running simulation...
** Event #0   t=0   Elapsed: 3e-06s (0m 00s)
     Speed:     ev/sec=0   simsec/sec=0   ev/simsec=0
     Messages:  created: 2   present: 2   in FES: 2
** Event #800126   t=122.95396040499   Elapsed: 0.080334s (0m 00s)
     Speed:     ev/sec=9.96111e+06   simsec/sec=1530.71   ev/simsec=6507.53
     Messages:  created: 2   present: 2   in FES: 1

<!> Simulation stopped with endSimulation() -- in module (ScheduledAccessQueue) DectScheduledAccessNetwork.queue (id=2), at t=122.95396040499s, event #800126

Calling finish() at end of Run #93...

Preparing for running configuration MonetecPaperPlot, run #94...
Scenario: $r=5, $rho=2.583, $repetition=1
Assigned runID=MonetecPaperPlot-94-20260929-20:26:45-62
Setting up network "dect2020scheduledaccess.DectScheduledAccessNetwork"...
Initializing...

Running simulation...
** Event #0   t=0   Elapsed: 4e-06s (0m 00s)
     Speed:     ev/sec=0   simsec/sec=0   ev/simsec=0
     Messages:  created: 2   present: 2   in FES: 2
** Event #799619   t=122.949786777888   Elapsed: 0.080488s (0m 00s)
     Speed:     ev/sec=9.93686e+06   simsec/sec=1527.89   ev/simsec=6503.63
     Messages:  created: 2   present: 2   in FES: 1

<!> Simulation stopped with endSimulation() -- in module (ScheduledAccessQueue) DectScheduledAccessNetwork.queue (id=2), at t=122.949786777888s, event #799619

Calling finish() at end of Run #94...

Preparing for running configuration MonetecPaperPlot, run #95...
Scenario: $r=5, $rho=2.583, $repetition=2
Assigned runID=MonetecPaperPlot-95-20260929-20:26:45-62
Setting up network "dect2020scheduledaccess.DectScheduledAccessNetwork"...
Initializing...

Running simulation...
** Event #0   t=0   Elapsed: 4e-06s (0m 00s)
     Speed:     ev/sec=0   simsec/sec=0   ev/simsec=0
     Messages:  created: 2   present: 2   in FES: 2
** Event #800568   t=122.900562964189   Elapsed: 0.080694s (0m 00s)
     Speed:     ev/sec=9.92226e+06   simsec/sec=1523.23   ev/simsec=6513.95
     Messages:  created: 2   present: 2   in FES: 1

<!> Simulation stopped with endSimulation() -- in module (ScheduledAccessQueue) DectScheduledAccessNetwork.queue (id=2), at t=122.900562964189s, event #800568

Calling finish() at end of Run #95...

Preparing for running configuration MonetecPaperPlot, run #96...
Scenario: $r=10, $rho=0.010, $repetition=0
Assigned runID=MonetecPaperPlot-96-20260929-20:26:45-62
Setting up network "dect2020scheduledaccess.DectScheduledAccessNetwork"...
Initializing...

Running simulation...
** Event #0   t=0   Elapsed: 3e-06s (0m 00s)
     Speed:     ev/sec=0   simsec/sec=0   ev/simsec=0
     Messages:  created: 2   present: 2   in FES: 2
** Event #163812   t=1034.719980020577   Elapsed: 0.013698s (0m 00s)
     Speed:     ev/sec=1.19649e+07   simsec/sec=75576.6   ev/simsec=158.315
     Messages:  created: 2   present: 2   in FES: 1

<!> Simulation stopped with endSimulation() -- in module (ScheduledAccessQueue) DectScheduledAccessNetwork.queue (id=2), at t=1034.719980020577s, event #163812

Calling finish() at end of Run #96...

Preparing for running configuration MonetecPaperPlot, run #97...
Scenario: $r=10, $rho=0.010, $repetition=1
Assigned runID=MonetecPaperPlot-97-20260929-20:26:45-62
Setting up network "dect2020scheduledaccess.DectScheduledAccessNetwork"...
Initializing...

Running simulation...
** Event #0   t=0   Elapsed: 4e-06s (0m 00s)
     Speed:     ev/sec=0   simsec/sec=0   ev/simsec=0
     Messages:  created: 2   present: 2   in FES: 2
** Event #164694   t=1042.621223538347   Elapsed: 0.013502s (0m 00s)
     Speed:     ev/sec=1.22068e+07   simsec/sec=77276.9   ev/simsec=157.962
     Messages:  created: 2   present: 2   in FES: 1

<!> Simulation stopped with endSimulation() -- in module (ScheduledAccessQueue) DectScheduledAccessNetwork.queue (id=2), at t=1042.621223538347s, event #164694

Calling finish() at end of Run #97...

Preparing for running configuration MonetecPaperPlot, run #98...
Scenario: $r=10, $rho=0.010, $repetition=2
Assigned runID=MonetecPaperPlot-98-20260929-20:26:45-62
Setting up network "dect2020scheduledaccess.DectScheduledAccessNetwork"...
Initializing...

Running simulation...
** Event #0   t=0   Elapsed: 4e-06s (0m 00s)
     Speed:     ev/sec=0   simsec/sec=0   ev/simsec=0
     Messages:  created: 2   present: 2   in FES: 2
** Event #163410   t=1031.07738215099   Elapsed: 0.013381s (0m 00s)
     Speed:     ev/sec=1.22194e+07   simsec/sec=77101.4   ev/simsec=158.485
     Messages:  created: 2   present: 2   in FES: 1

<!> Simulation stopped with endSimulation() -- in module (ScheduledAccessQueue) DectScheduledAccessNetwork.queue (id=2), at t=1031.07738215099s, event #163410

Calling finish() at end of Run #98...

Preparing for running configuration MonetecPaperPlot, run #99...
Scenario: $r=10, $rho=0.093, $repetition=0
Assigned runID=MonetecPaperPlot-99-20260929-20:26:45-62
Setting up network "dect2020scheduledaccess.DectScheduledAccessNetwork"...
Initializing...

Running simulation...
** Event #0   t=0   Elapsed: 4e-06s (0m 00s)
     Speed:     ev/sec=0   simsec/sec=0   ev/simsec=0
     Messages:  created: 2   present: 2   in FES: 2
** Event #65756   t=125.334170113953   Elapsed: 0.006754s (0m 00s)
     Speed:     ev/sec=0   simsec/sec=0   ev/simsec=0
     Messages:  created: 2   present: 2   in FES: 1

<!> Simulation stopped with endSimulation() -- in module (ScheduledAccessQueue) DectScheduledAccessNetwork.queue (id=2), at t=125.334170113953s, event #65756

Calling finish() at end of Run #99...

Preparing for running configuration MonetecPaperPlot, run #100...
Scenario: $r=10, $rho=0.093, $repetition=1
Assigned runID=MonetecPaperPlot-100-20260929-20:26:45-62
Setting up network "dect2020scheduledaccess.DectScheduledAccessNetwork"...
Initializing...

Running simulation...
** Event #0   t=0   Elapsed: 3e-06s (0m 00s)
     Speed:     ev/sec=0   simsec/sec=0   ev/simsec=0
     Messages:  created: 2   present: 2   in FES: 2
** Event #65789   t=125.120317686258   Elapsed: 0.006885s (0m 00s)
     Speed:     ev/sec=0   simsec/sec=0   ev/simsec=0
     Messages:  created: 2   present: 2   in FES: 1

<!> Simulation stopped with endSimulation() -- in module (ScheduledAccessQueue) DectScheduledAccessNetwork.queue (id=2), at t=125.120317686258s, event #65789

Calling finish() at end of Run #100...

Preparing for running configuration MonetecPaperPlot, run #101...
Scenario: $r=10, $rho=0.093, $repetition=2
Assigned runID=MonetecPaperPlot-101-20260929-20:26:45-62
Setting up network "dect2020scheduledaccess.DectScheduledAccessNetwork"...
Initializing...

Running simulation...
** Event #0   t=0   Elapsed: 4e-06s (0m 00s)
     Speed:     ev/sec=0   simsec/sec=0   ev/simsec=0
     Messages:  created: 2   present: 2   in FES: 2
** Event #65807   t=124.87775284403   Elapsed: 0.006728s (0m 00s)
     Speed:     ev/sec=0   simsec/sec=0   ev/simsec=0
     Messages:  created: 2   present: 2   in FES: 1

<!> Simulation stopped with endSimulation() -- in module (ScheduledAccessQueue) DectScheduledAccessNetwork.queue (id=2), at t=124.87775284403s, event #65807

Calling finish() at end of Run #101...

Preparing for running configuration MonetecPaperPlot, run #102...
Scenario: $r=10, $rho=0.176, $repetition=0
Assigned runID=MonetecPaperPlot-102-20260929-20:26:45-62
Setting up network "dect2020scheduledaccess.DectScheduledAccessNetwork"...
Initializing...

Running simulation...
** Event #0   t=0   Elapsed: 3e-06s (0m 00s)
     Speed:     ev/sec=0   simsec/sec=0   ev/simsec=0
     Messages:  created: 2   present: 2   in FES: 2
** Event #89562   t=122.837145914406   Elapsed: 0.00942s (0m 00s)
     Speed:     ev/sec=0   simsec/sec=0   ev/simsec=0
     Messages:  created: 2   present: 2   in FES: 1

<!> Simulation stopped with endSimulation() -- in module (ScheduledAccessQueue) DectScheduledAccessNetwork.queue (id=2), at t=122.837145914406s, event #89562

Calling finish() at end of Run #102...

Preparing for running configuration MonetecPaperPlot, run #103...
Scenario: $r=10, $rho=0.176, $repetition=1
Assigned runID=MonetecPaperPlot-103-20260929-20:26:45-62
Setting up network "dect2020scheduledaccess.DectScheduledAccessNetwork"...
Initializing...

Running simulation...
** Event #0   t=0   Elapsed: 4e-06s (0m 00s)
     Speed:     ev/sec=0   simsec/sec=0   ev/simsec=0
     Messages:  created: 2   present: 2   in FES: 2
** Event #89631   t=122.944204807452   Elapsed: 0.009233s (0m 00s)
     Speed:     ev/sec=0   simsec/sec=0   ev/simsec=0
     Messages:  created: 2   present: 2   in FES: 1

<!> Simulation stopped with endSimulation() -- in module (ScheduledAccessQueue) DectScheduledAccessNetwork.queue (id=2), at t=122.944204807452s, event #89631

Calling finish() at end of Run #103...

Preparing for running configuration MonetecPaperPlot, run #104...
Scenario: $r=10, $rho=0.176, $repetition=2
Assigned runID=MonetecPaperPlot-104-20260929-20:26:45-62
Setting up network "dect2020scheduledaccess.DectScheduledAccessNetwork"...
Initializing...

Running simulation...
** Event #0   t=0   Elapsed: 3e-06s (0m 00s)
     Speed:     ev/sec=0   simsec/sec=0   ev/simsec=0
     Messages:  created: 2   present: 2   in FES: 2
** Event #89247   t=122.833577387165   Elapsed: 0.009375s (0m 00s)
     Speed:     ev/sec=0   simsec/sec=0   ev/simsec=0
     Messages:  created: 2   present: 2   in FES: 1

<!> Simulation stopped with endSimulation() -- in module (ScheduledAccessQueue) DectScheduledAccessNetwork.queue (id=2), at t=122.833577387165s, event #89247

Calling finish() at end of Run #104...

Preparing for running configuration MonetecPaperPlot, run #105...
Scenario: $r=10, $rho=0.259, $repetition=0
Assigned runID=MonetecPaperPlot-105-20260929-20:26:45-62
Setting up network "dect2020scheduledaccess.DectScheduledAccessNetwork"...
Initializing...

Running simulation...
** Event #0   t=0   Elapsed: 3e-06s (0m 00s)
     Speed:     ev/sec=0   simsec/sec=0   ev/simsec=0
     Messages:  created: 2   present: 2   in FES: 2
** Event #114429   t=122.936905531422   Elapsed: 0.011649s (0m 00s)
     Speed:     ev/sec=9.82814e+06   simsec/sec=10558.8   ev/simsec=930.804
     Messages:  created: 2   present: 2   in FES: 1

<!> Simulation stopped with endSimulation() -- in module (ScheduledAccessQueue) DectScheduledAccessNetwork.queue (id=2), at t=122.936905531422s, event #114429

Calling finish() at end of Run #105...

Preparing for running configuration MonetecPaperPlot, run #106...
Scenario: $r=10, $rho=0.259, $repetition=1
Assigned runID=MonetecPaperPlot-106-20260929-20:26:45-62
Setting up network "dect2020scheduledaccess.DectScheduledAccessNetwork"...
Initializing...

Running simulation...
** Event #0   t=0   Elapsed: 4e-06s (0m 00s)
     Speed:     ev/sec=0   simsec/sec=0   ev/simsec=0
     Messages:  created: 2   present: 2   in FES: 2
** Event #114073   t=122.926577079271   Elapsed: 0.011736s (0m 00s)
     Speed:     ev/sec=9.72572e+06   simsec/sec=10480.5   ev/simsec=927.98
     Messages:  created: 2   present: 2   in FES: 1

<!> Simulation stopped with endSimulation() -- in module (ScheduledAccessQueue) DectScheduledAccessNetwork.queue (id=2), at t=122.926577079271s, event #114073

Calling finish() at end of Run #106...

Preparing for running configuration MonetecPaperPlot, run #107...
Scenario: $r=10, $rho=0.259, $repetition=2
Assigned runID=MonetecPaperPlot-107-20260929-20:26:45-62
Setting up network "dect2020scheduledaccess.DectScheduledAccessNetwork"...
Initializing...

Running simulation...
** Event #0   t=0   Elapsed: 3e-06s (0m 00s)
     Speed:     ev/sec=0   simsec/sec=0   ev/simsec=0
     Messages:  created: 2   present: 2   in FES: 2
** Event #113844   t=122.943244221881   Elapsed: 0.011655s (0m 00s)
     Speed:     ev/sec=9.7737e+06   simsec/sec=10554.8   ev/simsec=925.993
     Messages:  created: 2   present: 2   in FES: 1

<!> Simulation stopped with endSimulation() -- in module (ScheduledAccessQueue) DectScheduledAccessNetwork.queue (id=2), at t=122.943244221881s, event #113844

Calling finish() at end of Run #107...

Preparing for running configuration MonetecPaperPlot, run #108...
Scenario: $r=10, $rho=0.342, $repetition=0
Assigned runID=MonetecPaperPlot-108-20260929-20:26:45-62
Setting up network "dect2020scheduledaccess.DectScheduledAccessNetwork"...
Initializing...

Running simulation...
** Event #0   t=0   Elapsed: 4e-06s (0m 00s)
     Speed:     ev/sec=0   simsec/sec=0   ev/simsec=0
     Messages:  created: 2   present: 2   in FES: 2
** Event #139002   t=122.9185237739   Elapsed: 0.014178s (0m 00s)
     Speed:     ev/sec=9.80891e+06   simsec/sec=8673.94   ev/simsec=1130.85
     Messages:  created: 2   present: 2   in FES: 1

<!> Simulation stopped with endSimulation() -- in module (ScheduledAccessQueue) DectScheduledAccessNetwork.queue (id=2), at t=122.9185237739s, event #139002

Calling finish() at end of Run #108...

Preparing for running configuration MonetecPaperPlot, run #109...
Scenario: $r=10, $rho=0.342, $repetition=1
Assigned runID=MonetecPaperPlot-109-20260929-20:26:45-62
Setting up network "dect2020scheduledaccess.DectScheduledAccessNetwork"...
Initializing...

Running simulation...
** Event #0   t=0   Elapsed: 4.1e-05s (0m 00s)
     Speed:     ev/sec=0   simsec/sec=0   ev/simsec=0
     Messages:  created: 2   present: 2   in FES: 2
** Event #138910   t=122.954827491667   Elapsed: 0.014178s (0m 00s)
     Speed:     ev/sec=9.82807e+06   simsec/sec=8699.17   ev/simsec=1129.77
     Messages:  created: 2   present: 2   in FES: 1

<!> Simulation stopped with endSimulation() -- in module (ScheduledAccessQueue) DectScheduledAccessNetwork.queue (id=2), at t=122.954827491667s, event #138910

Calling finish() at end of Run #109...

Preparing for running configuration MonetecPaperPlot, run #110...
Scenario: $r=10, $rho=0.342, $repetition=2
Assigned runID=MonetecPaperPlot-110-20260929-20:26:45-62
Setting up network "dect2020scheduledaccess.DectScheduledAccessNetwork"...
Initializing...

Running simulation...
** Event #0   t=0   Elapsed: 4e-06s (0m 00s)
     Speed:     ev/sec=0   simsec/sec=0   ev/simsec=0
     Messages:  created: 2   present: 2   in FES: 2
** Event #138473   t=122.935321183109   Elapsed: 0.014107s (0m 00s)
     Speed:     ev/sec=9.82287e+06   simsec/sec=8720.66   ev/simsec=1126.39
     Messages:  created: 2   present: 2   in FES: 1

<!> Simulation stopped with endSimulation() -- in module (ScheduledAccessQueue) DectScheduledAccessNetwork.queue (id=2), at t=122.935321183109s, event #138473

Calling finish() at end of Run #110...

Preparing for running configuration MonetecPaperPlot, run #111...
Scenario: $r=10, $rho=0.425, $repetition=0
Assigned runID=MonetecPaperPlot-111-20260929-20:26:45-62
Setting up network "dect2020scheduledaccess.DectScheduledAccessNetwork"...
Initializing...

Running simulation...
** Event #0   t=0   Elapsed: 3e-06s (0m 00s)
     Speed:     ev/sec=0   simsec/sec=0   ev/simsec=0
     Messages:  created: 2   present: 2   in FES: 2
** Event #163316   t=122.887353937282   Elapsed: 0.019962s (0m 00s)
     Speed:     ev/sec=8.18503e+06   simsec/sec=6158.83   ev/simsec=1328.99
     Messages:  created: 2   present: 2   in FES: 1

<!> Simulation stopped with endSimulation() -- in module (ScheduledAccessQueue) DectScheduledAccessNetwork.queue (id=2), at t=122.887353937282s, event #163316

Calling finish() at end of Run #111...

Preparing for running configuration MonetecPaperPlot, run #112...
Scenario: $r=10, $rho=0.425, $repetition=1
Assigned runID=MonetecPaperPlot-112-20260929-20:26:45-62
Setting up network "dect2020scheduledaccess.DectScheduledAccessNetwork"...
Initializing...

Running simulation...
** Event #0   t=0   Elapsed: 4e-06s (0m 00s)
     Speed:     ev/sec=0   simsec/sec=0   ev/simsec=0
     Messages:  created: 2   present: 2   in FES: 2
** Event #163032   t=122.872385678863   Elapsed: 0.016462s (0m 00s)
     Speed:     ev/sec=9.90835e+06   simsec/sec=7467.63   ev/simsec=1326.84
     Messages:  created: 2   present: 2   in FES: 1

<!> Simulation stopped with endSimulation() -- in module (ScheduledAccessQueue) DectScheduledAccessNetwork.queue (id=2), at t=122.872385678863s, event #163032

Calling finish() at end of Run #112...

Preparing for running configuration MonetecPaperPlot, run #113...
Scenario: $r=10, $rho=0.425, $repetition=2
Assigned runID=MonetecPaperPlot-113-20260929-20:26:45-62
Setting up network "dect2020scheduledaccess.DectScheduledAccessNetwork"...
Initializing...

Running simulation...
** Event #0   t=0   Elapsed: 4e-06s (0m 00s)
     Speed:     ev/sec=0   simsec/sec=0   ev/simsec=0
     Messages:  created: 2   present: 2   in FES: 2
** Event #162581   t=122.830672387071   Elapsed: 0.016693s (0m 00s)
     Speed:     ev/sec=9.74473e+06   simsec/sec=7362.15   ev/simsec=1323.63
     Messages:  created: 2   present: 2   in FES: 1

<!> Simulation stopped with endSimulation() -- in module (ScheduledAccessQueue) DectScheduledAccessNetwork.queue (id=2), at t=122.830672387071s, event #162581

Calling finish() at end of Run #113...

Preparing for running configuration MonetecPaperPlot, run #114...
Scenario: $r=10, $rho=0.508, $repetition=0
Assigned runID=MonetecPaperPlot-114-20260929-20:26:45-62
Setting up network "dect2020scheduledaccess.DectScheduledAccessNetwork"...
Initializing...

Running simulation...
** Event #0   t=0   Elapsed: 4e-06s (0m 00s)
     Speed:     ev/sec=0   simsec/sec=0   ev/simsec=0
     Messages:  created: 2   present: 2   in FES: 2
** Event #187749   t=122.907836067015   Elapsed: 0.019059s (0m 00s)
     Speed:     ev/sec=9.85456e+06   simsec/sec=6451.18   ev/simsec=1527.56
     Messages:  created: 2   present: 2   in FES: 1

<!> Simulation stopped with endSimulation() -- in module (ScheduledAccessQueue) DectScheduledAccessNetwork.queue (id=2), at t=122.907836067015s, event #187749

Calling finish() at end of Run #114...

Preparing for running configuration MonetecPaperPlot, run #115...
Scenario: $r=10, $rho=0.508, $repetition=1
Assigned runID=MonetecPaperPlot-115-20260929-20:26:45-62
Setting up network "dect2020scheduledaccess.DectScheduledAccessNetwork"...
Initializing...

Running simulation...
** Event #0   t=0   Elapsed: 4e-06s (0m 00s)
     Speed:     ev/sec=0   simsec/sec=0   ev/simsec=0
     Messages:  created: 2   present: 2   in FES: 2
** Event #187942   t=122.94330472626   Elapsed: 0.019229s (0m 00s)
     Speed:     ev/sec=9.77744e+06   simsec/sec=6395.96   ev/simsec=1528.69
     Messages:  created: 2   present: 2   in FES: 1

<!> Simulation stopped with endSimulation() -- in module (ScheduledAccessQueue) DectScheduledAccessNetwork.queue (id=2), at t=122.94330472626s, event #187942

Calling finish() at end of Run #115...

Preparing for running configuration MonetecPaperPlot, run #116...
Scenario: $r=10, $rho=0.508, $repetition=2
Assigned runID=MonetecPaperPlot-116-20260929-20:26:45-62
Setting up network "dect2020scheduledaccess.DectScheduledAccessNetwork"...
Initializing...

Running simulation...
** Event #0   t=0   Elapsed: 4e-06s (0m 00s)
     Speed:     ev/sec=0   simsec/sec=0   ev/simsec=0
     Messages:  created: 2   present: 2   in FES: 2
** Event #187696   t=123.015044889576   Elapsed: 0.01903s (0m 00s)
     Speed:     ev/sec=9.86783e+06   simsec/sec=6467.32   ev/simsec=1525.8
     Messages:  created: 2   present: 2   in FES: 1

<!> Simulation stopped with endSimulation() -- in module (ScheduledAccessQueue) DectScheduledAccessNetwork.queue (id=2), at t=123.015044889576s, event #187696

Calling finish() at end of Run #116...

Preparing for running configuration MonetecPaperPlot, run #117...
Scenario: $r=10, $rho=0.591, $repetition=0
Assigned runID=MonetecPaperPlot-117-20260929-20:26:45-62
Setting up network "dect2020scheduledaccess.DectScheduledAccessNetwork"...
Initializing...

Running simulation...
** Event #0   t=0   Elapsed: 4e-06s (0m 00s)
     Speed:     ev/sec=0   simsec/sec=0   ev/simsec=0
     Messages:  created: 2   present: 2   in FES: 2
** Event #211913   t=122.907583897476   Elapsed: 0.021409s (0m 00s)
     Speed:     ev/sec=9.90294e+06   simsec/sec=5743.61   ev/simsec=1724.17
     Messages:  created: 2   present: 2   in FES: 1

<!> Simulation stopped with endSimulation() -- in module (ScheduledAccessQueue) DectScheduledAccessNetwork.queue (id=2), at t=122.907583897476s, event #211913

Calling finish() at end of Run #117...

Preparing for running configuration MonetecPaperPlot, run #118...
Scenario: $r=10, $rho=0.591, $repetition=1
Assigned runID=MonetecPaperPlot-118-20260929-20:26:45-62
Setting up network "dect2020scheduledaccess.DectScheduledAccessNetwork"...
Initializing...

Running simulation...
** Event #0   t=0   Elapsed: 4e-06s (0m 00s)
     Speed:     ev/sec=0   simsec/sec=0   ev/simsec=0
     Messages:  created: 2   present: 2   in FES: 2
** Event #212235   t=122.923363524425   Elapsed: 0.021485s (0m 00s)
     Speed:     ev/sec=9.88335e+06   simsec/sec=5724.28   ev/simsec=1726.57
     Messages:  created: 2   present: 2   in FES: 1

<!> Simulation stopped with endSimulation() -- in module (ScheduledAccessQueue) DectScheduledAccessNetwork.queue (id=2), at t=122.923363524425s, event #212235

Calling finish() at end of Run #118...

Preparing for running configuration MonetecPaperPlot, run #119...
Scenario: $r=10, $rho=0.591, $repetition=2
Assigned runID=MonetecPaperPlot-119-20260929-20:26:45-62
Setting up network "dect2020scheduledaccess.DectScheduledAccessNetwork"...
Initializing...

Running simulation...
** Event #0   t=0   Elapsed: 5e-06s (0m 00s)
     Speed:     ev/sec=0   simsec/sec=0   ev/simsec=0
     Messages:  created: 2   present: 2   in FES: 2
** Event #211697   t=122.867471150818   Elapsed: 0.021486s (0m 00s)
     Speed:     ev/sec=9.85646e+06   simsec/sec=5720.62   ev/simsec=1722.97
     Messages:  created: 2   present: 2   in FES: 1

<!> Simulation stopped with endSimulation() -- in module (ScheduledAccessQueue) DectScheduledAccessNetwork.queue (id=2), at t=122.867471150818s, event #211697

Calling finish() at end of Run #119...

Preparing for running configuration MonetecPaperPlot, run #120...
Scenario: $r=10, $rho=0.674, $repetition=0
Assigned runID=MonetecPaperPlot-120-20260929-20:26:45-62
Setting up network "dect2020scheduledaccess.DectScheduledAccessNetwork"...
Initializing...

Running simulation...
** Event #0   t=0   Elapsed: 5e-06s (0m 00s)
     Speed:     ev/sec=0   simsec/sec=0   ev/simsec=0
     Messages:  created: 2   present: 2   in FES: 2
** Event #236605   t=122.96419927512   Elapsed: 0.023991s (0m 00s)
     Speed:     ev/sec=9.86594e+06   simsec/sec=5127.35   ev/simsec=1924.18
     Messages:  created: 2   present: 2   in FES: 1

<!> Simulation stopped with endSimulation() -- in module (ScheduledAccessQueue) DectScheduledAccessNetwork.queue (id=2), at t=122.96419927512s, event #236605

Calling finish() at end of Run #120...

Preparing for running configuration MonetecPaperPlot, run #121...
Scenario: $r=10, $rho=0.674, $repetition=1
Assigned runID=MonetecPaperPlot-121-20260929-20:26:45-62
Setting up network "dect2020scheduledaccess.DectScheduledAccessNetwork"...
Initializing...

Running simulation...
** Event #0   t=0   Elapsed: 3e-06s (0m 00s)
     Speed:     ev/sec=0   simsec/sec=0   ev/simsec=0
     Messages:  created: 2   present: 2   in FES: 2
** Event #236660   t=122.96724655166   Elapsed: 0.024176s (0m 00s)
     Speed:     ev/sec=9.79229e+06   simsec/sec=5088.01   ev/simsec=1924.58
     Messages:  created: 2   present: 2   in FES: 1

<!> Simulation stopped with endSimulation() -- in module (ScheduledAccessQueue) DectScheduledAccessNetwork.queue (id=2), at t=122.96724655166s, event #236660

Calling finish() at end of Run #121...

Preparing for running configuration MonetecPaperPlot, run #122...
Scenario: $r=10, $rho=0.674, $repetition=2
Assigned runID=MonetecPaperPlot-122-20260929-20:26:45-62
Setting up network "dect2020scheduledaccess.DectScheduledAccessNetwork"...
Initializing...

Running simulation...
** Event #0   t=0   Elapsed: 4e-06s (0m 00s)
     Speed:     ev/sec=0   simsec/sec=0   ev/simsec=0
     Messages:  created: 2   present: 2   in FES: 2
** Event #236666   t=122.984571167302   Elapsed: 0.024265s (0m 00s)
     Speed:     ev/sec=9.75701e+06   simsec/sec=5070.27   ev/simsec=1924.36
     Messages:  created: 2   present: 2   in FES: 1

<!> Simulation stopped with endSimulation() -- in module (ScheduledAccessQueue) DectScheduledAccessNetwork.queue (id=2), at t=122.984571167302s, event #236666

Calling finish() at end of Run #122...

Preparing for running configuration MonetecPaperPlot, run #123...
Scenario: $r=10, $rho=0.757, $repetition=0
Assigned runID=MonetecPaperPlot-123-20260929-20:26:46-62
Setting up network "dect2020scheduledaccess.DectScheduledAccessNetwork"...
Initializing...

Running simulation...
** Event #0   t=0   Elapsed: 5e-06s (0m 00s)
     Speed:     ev/sec=0   simsec/sec=0   ev/simsec=0
     Messages:  created: 2   present: 2   in FES: 2
** Event #261227   t=122.991209721177   Elapsed: 0.026531s (0m 00s)
     Speed:     ev/sec=9.84945e+06   simsec/sec=4637.32   ev/simsec=2123.95
     Messages:  created: 2   present: 2   in FES: 1

<!> Simulation stopped with endSimulation() -- in module (ScheduledAccessQueue) DectScheduledAccessNetwork.queue (id=2), at t=122.991209721177s, event #261227

Calling finish() at end of Run #123...

Preparing for running configuration MonetecPaperPlot, run #124...
Scenario: $r=10, $rho=0.757, $repetition=1
Assigned runID=MonetecPaperPlot-124-20260929-20:26:46-62
Setting up network "dect2020scheduledaccess.DectScheduledAccessNetwork"...
Initializing...

Running simulation...
** Event #0   t=0   Elapsed: 5e-06s (0m 00s)
     Speed:     ev/sec=0   simsec/sec=0   ev/simsec=0
     Messages:  created: 2   present: 2   in FES: 2
** Event #261248   t=123.044097252158   Elapsed: 0.026486s (0m 00s)
     Speed:     ev/sec=9.86698e+06   simsec/sec=4647.19   ev/simsec=2123.21
     Messages:  created: 2   present: 2   in FES: 1

<!> Simulation stopped with endSimulation() -- in module (ScheduledAccessQueue) DectScheduledAccessNetwork.queue (id=2), at t=123.044097252158s, event #261248

Calling finish() at end of Run #124...

Preparing for running configuration MonetecPaperPlot, run #125...
Scenario: $r=10, $rho=0.757, $repetition=2
Assigned runID=MonetecPaperPlot-125-20260929-20:26:46-62
Setting up network "dect2020scheduledaccess.DectScheduledAccessNetwork"...
Initializing...

Running simulation...
** Event #0   t=0   Elapsed: 4e-06s (0m 00s)
     Speed:     ev/sec=0   simsec/sec=0   ev/simsec=0
     Messages:  created: 2   present: 2   in FES: 2
** Event #260974   t=122.919430595127   Elapsed: 0.026652s (0m 00s)
     Speed:     ev/sec=9.79485e+06   simsec/sec=4613.39   ev/simsec=2123.14
     Messages:  created: 2   present: 2   in FES: 1

<!> Simulation stopped with endSimulation() -- in module (ScheduledAccessQueue) DectScheduledAccessNetwork.queue (id=2), at t=122.919430595127s, event #260974

Calling finish() at end of Run #125...

Preparing for running configuration MonetecPaperPlot, run #126...
Scenario: $r=10, $rho=0.840, $repetition=0
Assigned runID=MonetecPaperPlot-126-20260929-20:26:46-62
Setting up network "dect2020scheduledaccess.DectScheduledAccessNetwork"...
Initializing...

Running simulation...
** Event #0   t=0   Elapsed: 3.1e-05s (0m 00s)
     Speed:     ev/sec=0   simsec/sec=0   ev/simsec=0
     Messages:  created: 2   present: 2   in FES: 2
** Event #285435   t=122.987369444053   Elapsed: 0.02906s (0m 00s)
     Speed:     ev/sec=9.83479e+06   simsec/sec=4237.58   ev/simsec=2320.85
     Messages:  created: 2   present: 2   in FES: 1

<!> Simulation stopped with endSimulation() -- in module (ScheduledAccessQueue) DectScheduledAccessNetwork.queue (id=2), at t=122.987369444053s, event #285435

Calling finish() at end of Run #126...

Preparing for running configuration MonetecPaperPlot, run #127...
Scenario: $r=10, $rho=0.840, $repetition=1
Assigned runID=MonetecPaperPlot-127-20260929-20:26:46-62
Setting up network "dect2020scheduledaccess.DectScheduledAccessNetwork"...
Initializing...

Running simulation...
** Event #0   t=0   Elapsed: 4e-06s (0m 00s)
     Speed:     ev/sec=0   simsec/sec=0   ev/simsec=0
     Messages:  created: 2   present: 2   in FES: 2
** Event #285682   t=123.030388387827   Elapsed: 0.028953s (0m 00s)
     Speed:     ev/sec=9.87016e+06   simsec/sec=4250.63   ev/simsec=2322.05
     Messages:  created: 2   present: 2   in FES: 1

<!> Simulation stopped with endSimulation() -- in module (ScheduledAccessQueue) DectScheduledAccessNetwork.queue (id=2), at t=123.030388387827s, event #285682

Calling finish() at end of Run #127...

Preparing for running configuration MonetecPaperPlot, run #128...
Scenario: $r=10, $rho=0.840, $repetition=2
Assigned runID=MonetecPaperPlot-128-20260929-20:26:46-62
Setting up network "dect2020scheduledaccess.DectScheduledAccessNetwork"...
Initializing...

Running simulation...
** Event #0   t=0   Elapsed: 3e-06s (0m 00s)
     Speed:     ev/sec=0   simsec/sec=0   ev/simsec=0
     Messages:  created: 2   present: 2   in FES: 2
** Event #285488   t=122.927242181114   Elapsed: 0.028897s (0m 00s)
     Speed:     ev/sec=9.8819e+06   simsec/sec=4254.99   ev/simsec=2322.43
     Messages:  created: 2   present: 2   in FES: 1

<!> Simulation stopped with endSimulation() -- in module (ScheduledAccessQueue) DectScheduledAccessNetwork.queue (id=2), at t=122.927242181114s, event #285488

Calling finish() at end of Run #128...

Preparing for running configuration MonetecPaperPlot, run #129...
Scenario: $r=10, $rho=0.923, $repetition=0
Assigned runID=MonetecPaperPlot-129-20260929-20:26:46-62
Setting up network "dect2020scheduledaccess.DectScheduledAccessNetwork"...
Initializing...

Running simulation...
** Event #0   t=0   Elapsed: 4e-06s (0m 00s)
     Speed:     ev/sec=0   simsec/sec=0   ev/simsec=0
     Messages:  created: 2   present: 2   in FES: 2
** Event #310143   t=123.061558179512   Elapsed: 0.031309s (0m 00s)
     Speed:     ev/sec=9.90904e+06   simsec/sec=3931.8   ev/simsec=2520.23
     Messages:  created: 2   present: 2   in FES: 1

<!> Simulation stopped with endSimulation() -- in module (ScheduledAccessQueue) DectScheduledAccessNetwork.queue (id=2), at t=123.061558179512s, event #310143

Calling finish() at end of Run #129...

Preparing for running configuration MonetecPaperPlot, run #130...
Scenario: $r=10, $rho=0.923, $repetition=1
Assigned runID=MonetecPaperPlot-130-20260929-20:26:46-62
Setting up network "dect2020scheduledaccess.DectScheduledAccessNetwork"...
Initializing...

Running simulation...
** Event #0   t=0   Elapsed: 5.9e-05s (0m 00s)
     Speed:     ev/sec=0   simsec/sec=0   ev/simsec=0
     Messages:  created: 2   present: 2   in FES: 2
** Event #310359   t=123.082765880988   Elapsed: 0.032071s (0m 00s)
     Speed:     ev/sec=9.6969e+06   simsec/sec=3845.61   ev/simsec=2521.55
     Messages:  created: 2   present: 2   in FES: 1

<!> Simulation stopped with endSimulation() -- in module (ScheduledAccessQueue) DectScheduledAccessNetwork.queue (id=2), at t=123.082765880988s, event #310359

Calling finish() at end of Run #130...

Preparing for running configuration MonetecPaperPlot, run #131...
Scenario: $r=10, $rho=0.923, $repetition=2
Assigned runID=MonetecPaperPlot-131-20260929-20:26:46-62
Setting up network "dect2020scheduledaccess.DectScheduledAccessNetwork"...
Initializing...

Running simulation...
** Event #0   t=0   Elapsed: 3e-06s (0m 00s)
     Speed:     ev/sec=0   simsec/sec=0   ev/simsec=0
     Messages:  created: 2   present: 2   in FES: 2
** Event #310740   t=123.035308070238   Elapsed: 0.031351s (0m 00s)
     Speed:     ev/sec=9.91386e+06   simsec/sec=3925.32   ev/simsec=2525.62
     Messages:  created: 2   present: 2   in FES: 1

<!> Simulation stopped with endSimulation() -- in module (ScheduledAccessQueue) DectScheduledAccessNetwork.queue (id=2), at t=123.035308070238s, event #310740

Calling finish() at end of Run #131...

Preparing for running configuration MonetecPaperPlot, run #132...
Scenario: $r=10, $rho=1.006, $repetition=0
Assigned runID=MonetecPaperPlot-132-20260929-20:26:46-62
Setting up network "dect2020scheduledaccess.DectScheduledAccessNetwork"...
Initializing...

Running simulation...
** Event #0   t=0   Elapsed: 2.4e-05s (0m 00s)
     Speed:     ev/sec=0   simsec/sec=0   ev/simsec=0
     Messages:  created: 2   present: 2   in FES: 2
** Event #334219   t=122.91939189684   Elapsed: 0.033739s (0m 00s)
     Speed:     ev/sec=9.91424e+06   simsec/sec=3646.26   ev/simsec=2719.02
     Messages:  created: 2   present: 2   in FES: 1

<!> Simulation stopped with endSimulation() -- in module (ScheduledAccessQueue) DectScheduledAccessNetwork.queue (id=2), at t=122.91939189684s, event #334219

Calling finish() at end of Run #132...

Preparing for running configuration MonetecPaperPlot, run #133...
Scenario: $r=10, $rho=1.006, $repetition=1
Assigned runID=MonetecPaperPlot-133-20260929-20:26:46-62
Setting up network "dect2020scheduledaccess.DectScheduledAccessNetwork"...
Initializing...

Running simulation...
** Event #0   t=0   Elapsed: 1.7e-05s (0m 00s)
     Speed:     ev/sec=0   simsec/sec=0   ev/simsec=0
     Messages:  created: 2   present: 2   in FES: 2
** Event #334220   t=122.993688877612   Elapsed: 0.033873s (0m 00s)
     Speed:     ev/sec=9.87356e+06   simsec/sec=3633.48   ev/simsec=2717.38
     Messages:  created: 2   present: 2   in FES: 1

<!> Simulation stopped with endSimulation() -- in module (ScheduledAccessQueue) DectScheduledAccessNetwork.queue (id=2), at t=122.993688877612s, event #334220

Calling finish() at end of Run #133...

Preparing for running configuration MonetecPaperPlot, run #134...
Scenario: $r=10, $rho=1.006, $repetition=2
Assigned runID=MonetecPaperPlot-134-20260929-20:26:46-62
Setting up network "dect2020scheduledaccess.DectScheduledAccessNetwork"...
Initializing...

Running simulation...
** Event #0   t=0   Elapsed: 5e-06s (0m 00s)
     Speed:     ev/sec=0   simsec/sec=0   ev/simsec=0
     Messages:  created: 2   present: 2   in FES: 2
** Event #334452   t=122.864247433064   Elapsed: 0.033872s (0m 00s)
     Speed:     ev/sec=9.87633e+06   simsec/sec=3628.16   ev/simsec=2722.13
     Messages:  created: 2   present: 2   in FES: 1

<!> Simulation stopped with endSimulation() -- in module (ScheduledAccessQueue) DectScheduledAccessNetwork.queue (id=2), at t=122.864247433064s, event #334452

Calling finish() at end of Run #134...

Preparing for running configuration MonetecPaperPlot, run #135...
Scenario: $r=10, $rho=1.089, $repetition=0
Assigned runID=MonetecPaperPlot-135-20260929-20:26:46-62
Setting up network "dect2020scheduledaccess.DectScheduledAccessNetwork"...
Initializing...

Running simulation...
** Event #0   t=0   Elapsed: 4e-06s (0m 00s)
     Speed:     ev/sec=0   simsec/sec=0   ev/simsec=0
     Messages:  created: 2   present: 2   in FES: 2
** Event #358897   t=123.005935509214   Elapsed: 0.036209s (0m 00s)
     Speed:     ev/sec=9.91456e+06   simsec/sec=3398.04   ev/simsec=2917.72
     Messages:  created: 2   present: 2   in FES: 1

<!> Simulation stopped with endSimulation() -- in module (ScheduledAccessQueue) DectScheduledAccessNetwork.queue (id=2), at t=123.005935509214s, event #358897

Calling finish() at end of Run #135...

Preparing for running configuration MonetecPaperPlot, run #136...
Scenario: $r=10, $rho=1.089, $repetition=1
Assigned runID=MonetecPaperPlot-136-20260929-20:26:46-62
Setting up network "dect2020scheduledaccess.DectScheduledAccessNetwork"...
Initializing...

Running simulation...
** Event #0   t=0   Elapsed: 4e-06s (0m 00s)
     Speed:     ev/sec=0   simsec/sec=0   ev/simsec=0
     Messages:  created: 2   present: 2   in FES: 2
** Event #358710   t=123.031892553435   Elapsed: 0.036213s (0m 00s)
     Speed:     ev/sec=9.90775e+06   simsec/sec=3398.2   ev/simsec=2915.59
     Messages:  created: 2   present: 2   in FES: 1

<!> Simulation stopped with endSimulation() -- in module (ScheduledAccessQueue) DectScheduledAccessNetwork.queue (id=2), at t=123.031892553435s, event #358710

Calling finish() at end of Run #136...

Preparing for running configuration MonetecPaperPlot, run #137...
Scenario: $r=10, $rho=1.089, $repetition=2
Assigned runID=MonetecPaperPlot-137-20260929-20:26:46-62
Setting up network "dect2020scheduledaccess.DectScheduledAccessNetwork"...
Initializing...

Running simulation...
** Event #0   t=0   Elapsed: 5e-06s (0m 00s)
     Speed:     ev/sec=0   simsec/sec=0   ev/simsec=0
     Messages:  created: 2   present: 2   in FES: 2
** Event #358764   t=122.84725709036   Elapsed: 0.036545s (0m 00s)
     Speed:     ev/sec=9.81973e+06   simsec/sec=3362.45   ev/simsec=2920.41
     Messages:  created: 2   present: 2   in FES: 1

<!> Simulation stopped with endSimulation() -- in module (ScheduledAccessQueue) DectScheduledAccessNetwork.queue (id=2), at t=122.84725709036s, event #358764

Calling finish() at end of Run #137...

Preparing for running configuration MonetecPaperPlot, run #138...
Scenario: $r=10, $rho=1.172, $repetition=0
Assigned runID=MonetecPaperPlot-138-20260929-20:26:46-62
Setting up network "dect2020scheduledaccess.DectScheduledAccessNetwork"...
Initializing...

Running simulation...
** Event #0   t=0   Elapsed: 1.8e-05s (0m 00s)
     Speed:     ev/sec=0   simsec/sec=0   ev/simsec=0
     Messages:  created: 2   present: 2   in FES: 2
** Event #383898   t=123.104880298529   Elapsed: 0.039049s (0m 00s)
     Speed:     ev/sec=9.83698e+06   simsec/sec=3154.43   ev/simsec=3118.47
     Messages:  created: 2   present: 2   in FES: 1

<!> Simulation stopped with endSimulation() -- in module (ScheduledAccessQueue) DectScheduledAccessNetwork.queue (id=2), at t=123.104880298529s, event #383898

Calling finish() at end of Run #138...

Preparing for running configuration MonetecPaperPlot, run #139...
Scenario: $r=10, $rho=1.172, $repetition=1
Assigned runID=MonetecPaperPlot-139-20260929-20:26:46-62
Setting up network "dect2020scheduledaccess.DectScheduledAccessNetwork"...
Initializing...

Running simulation...
** Event #0   t=0   Elapsed: 5e-06s (0m 00s)
     Speed:     ev/sec=0   simsec/sec=0   ev/simsec=0
     Messages:  created: 2   present: 2   in FES: 2
** Event #382966   t=122.943463341439   Elapsed: 0.039058s (0m 00s)
     Speed:     ev/sec=9.80757e+06   simsec/sec=3148.52   ev/simsec=3114.98
     Messages:  created: 2   present: 2   in FES: 1

<!> Simulation stopped with endSimulation() -- in module (ScheduledAccessQueue) DectScheduledAccessNetwork.queue (id=2), at t=122.943463341439s, event #382966

Calling finish() at end of Run #139...

Preparing for running configuration MonetecPaperPlot, run #140...
Scenario: $r=10, $rho=1.172, $repetition=2
Assigned runID=MonetecPaperPlot-140-20260929-20:26:46-62
Setting up network "dect2020scheduledaccess.DectScheduledAccessNetwork"...
Initializing...

Running simulation...
** Event #0   t=0   Elapsed: 4e-06s (0m 00s)
     Speed:     ev/sec=0   simsec/sec=0   ev/simsec=0
     Messages:  created: 2   present: 2   in FES: 2
** Event #384353   t=123.006719100067   Elapsed: 0.038928s (0m 00s)
     Speed:     ev/sec=9.87597e+06   simsec/sec=3160.66   ev/simsec=3124.65
     Messages:  created: 2   present: 2   in FES: 1

<!> Simulation stopped with endSimulation() -- in module (ScheduledAccessQueue) DectScheduledAccessNetwork.queue (id=2), at t=123.006719100067s, event #384353

Calling finish() at end of Run #140...

Preparing for running configuration MonetecPaperPlot, run #141...
Scenario: $r=10, $rho=1.255, $repetition=0
Assigned runID=MonetecPaperPlot-141-20260929-20:26:46-62
Setting up network "dect2020scheduledaccess.DectScheduledAccessNetwork"...
Initializing...

Running simulation...
** Event #0   t=0   Elapsed: 4e-06s (0m 00s)
     Speed:     ev/sec=0   simsec/sec=0   ev/simsec=0
     Messages:  created: 2   present: 2   in FES: 2
** Event #407649   t=122.963707855514   Elapsed: 0.041651s (0m 00s)
     Speed:     ev/sec=9.79172e+06   simsec/sec=2953.59   ev/simsec=3315.2
     Messages:  created: 2   present: 2   in FES: 1

<!> Simulation stopped with endSimulation() -- in module (ScheduledAccessQueue) DectScheduledAccessNetwork.queue (id=2), at t=122.963707855514s, event #407649

Calling finish() at end of Run #141...

Preparing for running configuration MonetecPaperPlot, run #142...
Scenario: $r=10, $rho=1.255, $repetition=1
Assigned runID=MonetecPaperPlot-142-20260929-20:26:46-62
Setting up network "dect2020scheduledaccess.DectScheduledAccessNetwork"...
Initializing...

Running simulation...
** Event #0   t=0   Elapsed: 2.2e-05s (0m 00s)
     Speed:     ev/sec=0   simsec/sec=0   ev/simsec=0
     Messages:  created: 2   present: 2   in FES: 2
** Event #408034   t=123.007781702501   Elapsed: 0.04109s (0m 00s)
     Speed:     ev/sec=9.93654e+06   simsec/sec=2995.51   ev/simsec=3317.14
     Messages:  created: 2   present: 2   in FES: 1

<!> Simulation stopped with endSimulation() -- in module (ScheduledAccessQueue) DectScheduledAccessNetwork.queue (id=2), at t=123.007781702501s, event #408034

Calling finish() at end of Run #142...

Preparing for running configuration MonetecPaperPlot, run #143...
Scenario: $r=10, $rho=1.255, $repetition=2
Assigned runID=MonetecPaperPlot-143-20260929-20:26:46-62
Setting up network "dect2020scheduledaccess.DectScheduledAccessNetwork"...
Initializing...

Running simulation...
** Event #0   t=0   Elapsed: 5e-06s (0m 00s)
     Speed:     ev/sec=0   simsec/sec=0   ev/simsec=0
     Messages:  created: 2   present: 2   in FES: 2
** Event #407905   t=122.876095082245   Elapsed: 0.042678s (0m 00s)
     Speed:     ev/sec=9.55975e+06   simsec/sec=2879.75   ev/simsec=3319.65
     Messages:  created: 2   present: 2   in FES: 1

<!> Simulation stopped with endSimulation() -- in module (ScheduledAccessQueue) DectScheduledAccessNetwork.queue (id=2), at t=122.876095082245s, event #407905

Calling finish() at end of Run #143...

Preparing for running configuration MonetecPaperPlot, run #144...
Scenario: $r=10, $rho=1.338, $repetition=0
Assigned runID=MonetecPaperPlot-144-20260929-20:26:46-62
Setting up network "dect2020scheduledaccess.DectScheduledAccessNetwork"...
Initializing...

Running simulation...
** Event #0   t=0   Elapsed: 4e-06s (0m 00s)
     Speed:     ev/sec=0   simsec/sec=0   ev/simsec=0
     Messages:  created: 2   present: 2   in FES: 2
** Event #431880   t=122.952131680794   Elapsed: 0.043615s (0m 00s)
     Speed:     ev/sec=9.90414e+06   simsec/sec=2819.61   ev/simsec=3512.59
     Messages:  created: 2   present: 2   in FES: 1

<!> Simulation stopped with endSimulation() -- in module (ScheduledAccessQueue) DectScheduledAccessNetwork.queue (id=2), at t=122.952131680794s, event #431880

Calling finish() at end of Run #144...

Preparing for running configuration MonetecPaperPlot, run #145...
Scenario: $r=10, $rho=1.338, $repetition=1
Assigned runID=MonetecPaperPlot-145-20260929-20:26:46-62
Setting up network "dect2020scheduledaccess.DectScheduledAccessNetwork"...
Initializing...

Running simulation...
** Event #0   t=0   Elapsed: 3e-06s (0m 00s)
     Speed:     ev/sec=0   simsec/sec=0   ev/simsec=0
     Messages:  created: 2   present: 2   in FES: 2
** Event #433220   t=123.135569381905   Elapsed: 0.043743s (0m 00s)
     Speed:     ev/sec=9.90557e+06   simsec/sec=2815.49   ev/simsec=3518.24
     Messages:  created: 2   present: 2   in FES: 1

<!> Simulation stopped with endSimulation() -- in module (ScheduledAccessQueue) DectScheduledAccessNetwork.queue (id=2), at t=123.135569381905s, event #433220

Calling finish() at end of Run #145...

Preparing for running configuration MonetecPaperPlot, run #146...
Scenario: $r=10, $rho=1.338, $repetition=2
Assigned runID=MonetecPaperPlot-146-20260929-20:26:46-62
Setting up network "dect2020scheduledaccess.DectScheduledAccessNetwork"...
Initializing...

Running simulation...
** Event #0   t=0   Elapsed: 4e-06s (0m 00s)
     Speed:     ev/sec=0   simsec/sec=0   ev/simsec=0
     Messages:  created: 2   present: 2   in FES: 2
** Event #432350   t=122.912782841496   Elapsed: 0.043573s (0m 00s)
     Speed:     ev/sec=9.92448e+06   simsec/sec=2821.43   ev/simsec=3517.54
     Messages:  created: 2   present: 2   in FES: 1

<!> Simulation stopped with endSimulation() -- in module (ScheduledAccessQueue) DectScheduledAccessNetwork.queue (id=2), at t=122.912782841496s, event #432350

Calling finish() at end of Run #146...

Preparing for running configuration MonetecPaperPlot, run #147...
Scenario: $r=10, $rho=1.421, $repetition=0
Assigned runID=MonetecPaperPlot-147-20260929-20:26:46-62
Setting up network "dect2020scheduledaccess.DectScheduledAccessNetwork"...
Initializing...

Running simulation...
** Event #0   t=0   Elapsed: 3e-06s (0m 00s)
     Speed:     ev/sec=0   simsec/sec=0   ev/simsec=0
     Messages:  created: 2   present: 2   in FES: 2
** Event #456878   t=123.034043784135   Elapsed: 0.045894s (0m 00s)
     Speed:     ev/sec=9.95659e+06   simsec/sec=2681.24   ev/simsec=3713.43
     Messages:  created: 2   present: 2   in FES: 1

<!> Simulation stopped with endSimulation() -- in module (ScheduledAccessQueue) DectScheduledAccessNetwork.queue (id=2), at t=123.034043784135s, event #456878

Calling finish() at end of Run #147...

Preparing for running configuration MonetecPaperPlot, run #148...
Scenario: $r=10, $rho=1.421, $repetition=1
Assigned runID=MonetecPaperPlot-148-20260929-20:26:46-62
Setting up network "dect2020scheduledaccess.DectScheduledAccessNetwork"...
Initializing...

Running simulation...
** Event #0   t=0   Elapsed: 4e-06s (0m 00s)
     Speed:     ev/sec=0   simsec/sec=0   ev/simsec=0
     Messages:  created: 2   present: 2   in FES: 2
** Event #456187   t=122.851702379741   Elapsed: 0.046155s (0m 00s)
     Speed:     ev/sec=9.88616e+06   simsec/sec=2662.35   ev/simsec=3713.32
     Messages:  created: 2   present: 2   in FES: 1

<!> Simulation stopped with endSimulation() -- in module (ScheduledAccessQueue) DectScheduledAccessNetwork.queue (id=2), at t=122.851702379741s, event #456187

Calling finish() at end of Run #148...

Preparing for running configuration MonetecPaperPlot, run #149...
Scenario: $r=10, $rho=1.421, $repetition=2
Assigned runID=MonetecPaperPlot-149-20260929-20:26:47-62
Setting up network "dect2020scheduledaccess.DectScheduledAccessNetwork"...
Initializing...

Running simulation...
** Event #0   t=0   Elapsed: 4e-06s (0m 00s)
     Speed:     ev/sec=0   simsec/sec=0   ev/simsec=0
     Messages:  created: 2   present: 2   in FES: 2
** Event #456742   t=122.928114718549   Elapsed: 0.046439s (0m 00s)
     Speed:     ev/sec=9.83743e+06   simsec/sec=2647.66   ev/simsec=3715.52
     Messages:  created: 2   present: 2   in FES: 1

<!> Simulation stopped with endSimulation() -- in module (ScheduledAccessQueue) DectScheduledAccessNetwork.queue (id=2), at t=122.928114718549s, event #456742

Calling finish() at end of Run #149...

Preparing for running configuration MonetecPaperPlot, run #150...
Scenario: $r=10, $rho=1.504, $repetition=0
Assigned runID=MonetecPaperPlot-150-20260929-20:26:47-62
Setting up network "dect2020scheduledaccess.DectScheduledAccessNetwork"...
Initializing...

Running simulation...
** Event #0   t=0   Elapsed: 2.3e-05s (0m 00s)
     Speed:     ev/sec=0   simsec/sec=0   ev/simsec=0
     Messages:  created: 2   present: 2   in FES: 2
** Event #480823   t=122.915998535269   Elapsed: 0.048514s (0m 00s)
     Speed:     ev/sec=9.91694e+06   simsec/sec=2535.13   ev/simsec=3911.8
     Messages:  created: 2   present: 2   in FES: 1

<!> Simulation stopped with endSimulation() -- in module (ScheduledAccessQueue) DectScheduledAccessNetwork.queue (id=2), at t=122.915998535269s, event #480823

Calling finish() at end of Run #150...

Preparing for running configuration MonetecPaperPlot, run #151...
Scenario: $r=10, $rho=1.504, $repetition=1
Assigned runID=MonetecPaperPlot-151-20260929-20:26:47-62
Setting up network "dect2020scheduledaccess.DectScheduledAccessNetwork"...
Initializing...

Running simulation...
** Event #0   t=0   Elapsed: 2.4e-05s (0m 00s)
     Speed:     ev/sec=0   simsec/sec=0   ev/simsec=0
     Messages:  created: 2   present: 2   in FES: 2
** Event #481319   t=122.99036127793   Elapsed: 0.048589s (0m 00s)
     Speed:     ev/sec=9.91205e+06   simsec/sec=2532.79   ev/simsec=3913.48
     Messages:  created: 2   present: 2   in FES: 1

<!> Simulation stopped with endSimulation() -- in module (ScheduledAccessQueue) DectScheduledAccessNetwork.queue (id=2), at t=122.99036127793s, event #481319

Calling finish() at end of Run #151...

Preparing for running configuration MonetecPaperPlot, run #152...
Scenario: $r=10, $rho=1.504, $repetition=2
Assigned runID=MonetecPaperPlot-152-20260929-20:26:47-62
Setting up network "dect2020scheduledaccess.DectScheduledAccessNetwork"...
Initializing...

Running simulation...
** Event #0   t=0   Elapsed: 4e-06s (0m 00s)
     Speed:     ev/sec=0   simsec/sec=0   ev/simsec=0
     Messages:  created: 2   present: 2   in FES: 2
** Event #481258   t=122.92846793534   Elapsed: 0.04926s (0m 00s)
     Speed:     ev/sec=9.77193e+06   simsec/sec=2496.06   ev/simsec=3914.94
     Messages:  created: 2   present: 2   in FES: 1

<!> Simulation stopped with endSimulation() -- in module (ScheduledAccessQueue) DectScheduledAccessNetwork.queue (id=2), at t=122.92846793534s, event #481258

Calling finish() at end of Run #152...

Preparing for running configuration MonetecPaperPlot, run #153...
Scenario: $r=10, $rho=1.587, $repetition=0
Assigned runID=MonetecPaperPlot-153-20260929-20:26:47-62
Setting up network "dect2020scheduledaccess.DectScheduledAccessNetwork"...
Initializing...

Running simulation...
** Event #0   t=0   Elapsed: 2.5e-05s (0m 00s)
     Speed:     ev/sec=0   simsec/sec=0   ev/simsec=0
     Messages:  created: 2   present: 2   in FES: 2
** Event #505524   t=122.91985864923   Elapsed: 0.050925s (0m 00s)
     Speed:     ev/sec=9.93268e+06   simsec/sec=2415.16   ev/simsec=4112.64
     Messages:  created: 2   present: 2   in FES: 1

<!> Simulation stopped with endSimulation() -- in module (ScheduledAccessQueue) DectScheduledAccessNetwork.queue (id=2), at t=122.91985864923s, event #505524

Calling finish() at end of Run #153...

Preparing for running configuration MonetecPaperPlot, run #154...
Scenario: $r=10, $rho=1.587, $repetition=1
Assigned runID=MonetecPaperPlot-154-20260929-20:26:47-62
Setting up network "dect2020scheduledaccess.DectScheduledAccessNetwork"...
Initializing...

Running simulation...
** Event #0   t=0   Elapsed: 4e-06s (0m 00s)
     Speed:     ev/sec=0   simsec/sec=0   ev/simsec=0
     Messages:  created: 2   present: 2   in FES: 2
** Event #505837   t=122.987823334151   Elapsed: 0.051655s (0m 00s)
     Speed:     ev/sec=9.79431e+06   simsec/sec=2381.36   ev/simsec=4112.9
     Messages:  created: 2   present: 2   in FES: 1

<!> Simulation stopped with endSimulation() -- in module (ScheduledAccessQueue) DectScheduledAccessNetwork.queue (id=2), at t=122.987823334151s, event #505837

Calling finish() at end of Run #154...

Preparing for running configuration MonetecPaperPlot, run #155...
Scenario: $r=10, $rho=1.587, $repetition=2
Assigned runID=MonetecPaperPlot-155-20260929-20:26:47-62
Setting up network "dect2020scheduledaccess.DectScheduledAccessNetwork"...
Initializing...

Running simulation...
** Event #0   t=0   Elapsed: 3e-06s (0m 00s)
     Speed:     ev/sec=0   simsec/sec=0   ev/simsec=0
     Messages:  created: 2   present: 2   in FES: 2
** Event #506305   t=122.966135671367   Elapsed: 0.051179s (0m 00s)
     Speed:     ev/sec=9.89476e+06   simsec/sec=2403.14   ev/simsec=4117.43
     Messages:  created: 2   present: 2   in FES: 1

<!> Simulation stopped with endSimulation() -- in module (ScheduledAccessQueue) DectScheduledAccessNetwork.queue (id=2), at t=122.966135671367s, event #506305

Calling finish() at end of Run #155...

Preparing for running configuration MonetecPaperPlot, run #156...
Scenario: $r=10, $rho=1.670, $repetition=0
Assigned runID=MonetecPaperPlot-156-20260929-20:26:47-62
Setting up network "dect2020scheduledaccess.DectScheduledAccessNetwork"...
Initializing...

Running simulation...
** Event #0   t=0   Elapsed: 4e-06s (0m 00s)
     Speed:     ev/sec=0   simsec/sec=0   ev/simsec=0
     Messages:  created: 2   present: 2   in FES: 2
** Event #530968   t=123.028880844075   Elapsed: 0.053476s (0m 00s)
     Speed:     ev/sec=9.93058e+06   simsec/sec=2300.97   ev/simsec=4315.82
     Messages:  created: 2   present: 2   in FES: 1

<!> Simulation stopped with endSimulation() -- in module (ScheduledAccessQueue) DectScheduledAccessNetwork.queue (id=2), at t=123.028880844075s, event #530968

Calling finish() at end of Run #156...

Preparing for running configuration MonetecPaperPlot, run #157...
Scenario: $r=10, $rho=1.670, $repetition=1
Assigned runID=MonetecPaperPlot-157-20260929-20:26:47-62
Setting up network "dect2020scheduledaccess.DectScheduledAccessNetwork"...
Initializing...

Running simulation...
** Event #0   t=0   Elapsed: 4e-06s (0m 00s)
     Speed:     ev/sec=0   simsec/sec=0   ev/simsec=0
     Messages:  created: 2   present: 2   in FES: 2
** Event #530260   t=122.972109232543   Elapsed: 0.05491s (0m 00s)
     Speed:     ev/sec=9.6583e+06   simsec/sec=2239.85   ev/simsec=4312.03
     Messages:  created: 2   present: 2   in FES: 1

<!> Simulation stopped with endSimulation() -- in module (ScheduledAccessQueue) DectScheduledAccessNetwork.queue (id=2), at t=122.972109232543s, event #530260

Calling finish() at end of Run #157...

Preparing for running configuration MonetecPaperPlot, run #158...
Scenario: $r=10, $rho=1.670, $repetition=2
Assigned runID=MonetecPaperPlot-158-20260929-20:26:47-62
Setting up network "dect2020scheduledaccess.DectScheduledAccessNetwork"...
Initializing...

Running simulation...
** Event #0   t=0   Elapsed: 3.2e-05s (0m 00s)
     Speed:     ev/sec=0   simsec/sec=0   ev/simsec=0
     Messages:  created: 2   present: 2   in FES: 2
** Event #531381   t=123.040654507542   Elapsed: 0.054982s (0m 00s)
     Speed:     ev/sec=9.67097e+06   simsec/sec=2239.3   ev/simsec=4318.75
     Messages:  created: 2   present: 2   in FES: 1

<!> Simulation stopped with endSimulation() -- in module (ScheduledAccessQueue) DectScheduledAccessNetwork.queue (id=2), at t=123.040654507542s, event #531381

Calling finish() at end of Run #158...

Preparing for running configuration MonetecPaperPlot, run #159...
Scenario: $r=10, $rho=1.753, $repetition=0
Assigned runID=MonetecPaperPlot-159-20260929-20:26:47-62
Setting up network "dect2020scheduledaccess.DectScheduledAccessNetwork"...
Initializing...

Running simulation...
** Event #0   t=0   Elapsed: 4e-06s (0m 00s)
     Speed:     ev/sec=0   simsec/sec=0   ev/simsec=0
     Messages:  created: 2   present: 2   in FES: 2
** Event #555240   t=122.937411648812   Elapsed: 0.055727s (0m 00s)
     Speed:     ev/sec=9.965e+06   simsec/sec=2206.38   ev/simsec=4516.45
     Messages:  created: 2   present: 2   in FES: 1

<!> Simulation stopped with endSimulation() -- in module (ScheduledAccessQueue) DectScheduledAccessNetwork.queue (id=2), at t=122.937411648812s, event #555240

Calling finish() at end of Run #159...

Preparing for running configuration MonetecPaperPlot, run #160...
Scenario: $r=10, $rho=1.753, $repetition=1
Assigned runID=MonetecPaperPlot-160-20260929-20:26:47-62
Setting up network "dect2020scheduledaccess.DectScheduledAccessNetwork"...
Initializing...

Running simulation...
** Event #0   t=0   Elapsed: 2.6e-05s (0m 00s)
     Speed:     ev/sec=0   simsec/sec=0   ev/simsec=0
     Messages:  created: 2   present: 2   in FES: 2
** Event #554460   t=122.951831834457   Elapsed: 0.055755s (0m 00s)
     Speed:     ev/sec=9.94993e+06   simsec/sec=2206.4   ev/simsec=4509.58
     Messages:  created: 2   present: 2   in FES: 1

<!> Simulation stopped with endSimulation() -- in module (ScheduledAccessQueue) DectScheduledAccessNetwork.queue (id=2), at t=122.951831834457s, event #554460

Calling finish() at end of Run #160...

Preparing for running configuration MonetecPaperPlot, run #161...
Scenario: $r=10, $rho=1.753, $repetition=2
Assigned runID=MonetecPaperPlot-161-20260929-20:26:47-62
Setting up network "dect2020scheduledaccess.DectScheduledAccessNetwork"...
Initializing...

Running simulation...
** Event #0   t=0   Elapsed: 2.6e-05s (0m 00s)
     Speed:     ev/sec=0   simsec/sec=0   ev/simsec=0
     Messages:  created: 2   present: 2   in FES: 2
** Event #555776   t=123.017952500327   Elapsed: 0.056327s (0m 00s)
     Speed:     ev/sec=9.87344e+06   simsec/sec=2185.43   ev/simsec=4517.85
     Messages:  created: 2   present: 2   in FES: 1

<!> Simulation stopped with endSimulation() -- in module (ScheduledAccessQueue) DectScheduledAccessNetwork.queue (id=2), at t=123.017952500327s, event #555776

Calling finish() at end of Run #161...

Preparing for running configuration MonetecPaperPlot, run #162...
Scenario: $r=10, $rho=1.836, $repetition=0
Assigned runID=MonetecPaperPlot-162-20260929-20:26:47-62
Setting up network "dect2020scheduledaccess.DectScheduledAccessNetwork"...
Initializing...

Running simulation...
** Event #0   t=0   Elapsed: 5e-06s (0m 00s)
     Speed:     ev/sec=0   simsec/sec=0   ev/simsec=0
     Messages:  created: 2   present: 2   in FES: 2
** Event #579688   t=122.951587664294   Elapsed: 0.058597s (0m 00s)
     Speed:     ev/sec=9.89448e+06   simsec/sec=2098.61   ev/simsec=4714.77
     Messages:  created: 2   present: 2   in FES: 1

<!> Simulation stopped with endSimulation() -- in module (ScheduledAccessQueue) DectScheduledAccessNetwork.queue (id=2), at t=122.951587664294s, event #579688

Calling finish() at end of Run #162...

Preparing for running configuration MonetecPaperPlot, run #163...
Scenario: $r=10, $rho=1.836, $repetition=1
Assigned runID=MonetecPaperPlot-163-20260929-20:26:47-62
Setting up network "dect2020scheduledaccess.DectScheduledAccessNetwork"...
Initializing...

Running simulation...
** Event #0   t=0   Elapsed: 5e-06s (0m 00s)
     Speed:     ev/sec=0   simsec/sec=0   ev/simsec=0
     Messages:  created: 2   present: 2   in FES: 2
** Event #579349   t=123.002234543146   Elapsed: 0.058477s (0m 00s)
     Speed:     ev/sec=9.90916e+06   simsec/sec=2103.82   ev/simsec=4710.07
     Messages:  created: 2   present: 2   in FES: 1

<!> Simulation stopped with endSimulation() -- in module (ScheduledAccessQueue) DectScheduledAccessNetwork.queue (id=2), at t=123.002234543146s, event #579349

Calling finish() at end of Run #163...

Preparing for running configuration MonetecPaperPlot, run #164...
Scenario: $r=10, $rho=1.836, $repetition=2
Assigned runID=MonetecPaperPlot-164-20260929-20:26:47-62
Setting up network "dect2020scheduledaccess.DectScheduledAccessNetwork"...
Initializing...

Running simulation...
** Event #0   t=0   Elapsed: 5e-06s (0m 00s)
     Speed:     ev/sec=0   simsec/sec=0   ev/simsec=0
     Messages:  created: 2   present: 2   in FES: 2
** Event #580002   t=122.974858972025   Elapsed: 0.058231s (0m 00s)
     Speed:     ev/sec=9.96208e+06   simsec/sec=2112.21   ev/simsec=4716.43
     Messages:  created: 2   present: 2   in FES: 1

<!> Simulation stopped with endSimulation() -- in module (ScheduledAccessQueue) DectScheduledAccessNetwork.queue (id=2), at t=122.974858972025s, event #580002

Calling finish() at end of Run #164...

Preparing for running configuration MonetecPaperPlot, run #165...
Scenario: $r=10, $rho=1.919, $repetition=0
Assigned runID=MonetecPaperPlot-165-20260929-20:26:47-62
Setting up network "dect2020scheduledaccess.DectScheduledAccessNetwork"...
Initializing...

Running simulation...
** Event #0   t=0   Elapsed: 4e-06s (0m 00s)
     Speed:     ev/sec=0   simsec/sec=0   ev/simsec=0
     Messages:  created: 2   present: 2   in FES: 2
** Event #604785   t=123.039258202254   Elapsed: 0.060678s (0m 00s)
     Speed:     ev/sec=9.9686e+06   simsec/sec=2028.04   ev/simsec=4915.38
     Messages:  created: 2   present: 2   in FES: 1

<!> Simulation stopped with endSimulation() -- in module (ScheduledAccessQueue) DectScheduledAccessNetwork.queue (id=2), at t=123.039258202254s, event #604785

Calling finish() at end of Run #165...

Preparing for running configuration MonetecPaperPlot, run #166...
Scenario: $r=10, $rho=1.919, $repetition=1
Assigned runID=MonetecPaperPlot-166-20260929-20:26:47-62
Setting up network "dect2020scheduledaccess.DectScheduledAccessNetwork"...
Initializing...

Running simulation...
** Event #0   t=0   Elapsed: 5e-06s (0m 00s)
     Speed:     ev/sec=0   simsec/sec=0   ev/simsec=0
     Messages:  created: 2   present: 2   in FES: 2
** Event #603771   t=123.003424142595   Elapsed: 0.063394s (0m 00s)
     Speed:     ev/sec=9.52561e+06   simsec/sec=1940.61   ev/simsec=4908.57
     Messages:  created: 2   present: 2   in FES: 1

<!> Simulation stopped with endSimulation() -- in module (ScheduledAccessQueue) DectScheduledAccessNetwork.queue (id=2), at t=123.003424142595s, event #603771

Calling finish() at end of Run #166...

Preparing for running configuration MonetecPaperPlot, run #167...
Scenario: $r=10, $rho=1.919, $repetition=2
Assigned runID=MonetecPaperPlot-167-20260929-20:26:48-62
Setting up network "dect2020scheduledaccess.DectScheduledAccessNetwork"...
Initializing...

Running simulation...
** Event #0   t=0   Elapsed: 3e-06s (0m 00s)
     Speed:     ev/sec=0   simsec/sec=0   ev/simsec=0
     Messages:  created: 2   present: 2   in FES: 2
** Event #605089   t=123.026040058886   Elapsed: 0.060653s (0m 00s)
     Speed:     ev/sec=9.97739e+06   simsec/sec=2028.59   ev/simsec=4918.39
     Messages:  created: 2   present: 2   in FES: 1

<!> Simulation stopped with endSimulation() -- in module (ScheduledAccessQueue) DectScheduledAccessNetwork.queue (id=2), at t=123.026040058886s, event #605089

Calling finish() at end of Run #167...

Preparing for running configuration MonetecPaperPlot, run #168...
Scenario: $r=10, $rho=2.002, $repetition=0
Assigned runID=MonetecPaperPlot-168-20260929-20:26:48-62
Setting up network "dect2020scheduledaccess.DectScheduledAccessNetwork"...
Initializing...

Running simulation...
** Event #0   t=0   Elapsed: 4e-06s (0m 00s)
     Speed:     ev/sec=0   simsec/sec=0   ev/simsec=0
     Messages:  created: 2   present: 2   in FES: 2
** Event #628312   t=122.8980417898   Elapsed: 0.0632s (0m 00s)
     Speed:     ev/sec=9.94306e+06   simsec/sec=1944.87   ev/simsec=5112.47
     Messages:  created: 2   present: 2   in FES: 1

<!> Simulation stopped with endSimulation() -- in module (ScheduledAccessQueue) DectScheduledAccessNetwork.queue (id=2), at t=122.8980417898s, event #628312

Calling finish() at end of Run #168...

Preparing for running configuration MonetecPaperPlot, run #169...
Scenario: $r=10, $rho=2.002, $repetition=1
Assigned runID=MonetecPaperPlot-169-20260929-20:26:48-62
Setting up network "dect2020scheduledaccess.DectScheduledAccessNetwork"...
Initializing...

Running simulation...
** Event #0   t=0   Elapsed: 3e-06s (0m 00s)
     Speed:     ev/sec=0   simsec/sec=0   ev/simsec=0
     Messages:  created: 2   present: 2   in FES: 2
** Event #628114   t=123.005506751567   Elapsed: 0.063162s (0m 00s)
     Speed:     ev/sec=9.94559e+06   simsec/sec=1947.68   ev/simsec=5106.39
     Messages:  created: 2   present: 2   in FES: 1

<!> Simulation stopped with endSimulation() -- in module (ScheduledAccessQueue) DectScheduledAccessNetwork.queue (id=2), at t=123.005506751567s, event #628114

Calling finish() at end of Run #169...

Preparing for running configuration MonetecPaperPlot, run #170...
Scenario: $r=10, $rho=2.002, $repetition=2
Assigned runID=MonetecPaperPlot-170-20260929-20:26:48-62
Setting up network "dect2020scheduledaccess.DectScheduledAccessNetwork"...
Initializing...

Running simulation...
** Event #0   t=0   Elapsed: 3e-06s (0m 00s)
     Speed:     ev/sec=0   simsec/sec=0   ev/simsec=0
     Messages:  created: 2   present: 2   in FES: 2
** Event #629863   t=123.069832509947   Elapsed: 0.063716s (0m 00s)
     Speed:     ev/sec=9.88672e+06   simsec/sec=1931.78   ev/simsec=5117.94
     Messages:  created: 2   present: 2   in FES: 1

<!> Simulation stopped with endSimulation() -- in module (ScheduledAccessQueue) DectScheduledAccessNetwork.queue (id=2), at t=123.069832509947s, event #629863

Calling finish() at end of Run #170...

Preparing for running configuration MonetecPaperPlot, run #171...
Scenario: $r=10, $rho=2.085, $repetition=0
Assigned runID=MonetecPaperPlot-171-20260929-20:26:48-62
Setting up network "dect2020scheduledaccess.DectScheduledAccessNetwork"...
Initializing...

Running simulation...
** Event #0   t=0   Elapsed: 3e-06s (0m 00s)
     Speed:     ev/sec=0   simsec/sec=0   ev/simsec=0
     Messages:  created: 2   present: 2   in FES: 2
** Event #652831   t=122.907363126686   Elapsed: 0.065767s (0m 00s)
     Speed:     ev/sec=9.92793e+06   simsec/sec=1869.11   ev/simsec=5311.57
     Messages:  created: 2   present: 2   in FES: 1

<!> Simulation stopped with endSimulation() -- in module (ScheduledAccessQueue) DectScheduledAccessNetwork.queue (id=2), at t=122.907363126686s, event #652831

Calling finish() at end of Run #171...

Preparing for running configuration MonetecPaperPlot, run #172...
Scenario: $r=10, $rho=2.085, $repetition=1
Assigned runID=MonetecPaperPlot-172-20260929-20:26:48-62
Setting up network "dect2020scheduledaccess.DectScheduledAccessNetwork"...
Initializing...

Running simulation...
** Event #0   t=0   Elapsed: 4e-06s (0m 00s)
     Speed:     ev/sec=0   simsec/sec=0   ev/simsec=0
     Messages:  created: 2   present: 2   in FES: 2
** Event #652261   t=122.965856549916   Elapsed: 0.065604s (0m 00s)
     Speed:     ev/sec=9.94361e+06   simsec/sec=1874.59   ev/simsec=5304.41
     Messages:  created: 2   present: 2   in FES: 1

<!> Simulation stopped with endSimulation() -- in module (ScheduledAccessQueue) DectScheduledAccessNetwork.queue (id=2), at t=122.965856549916s, event #652261

Calling finish() at end of Run #172...

Preparing for running configuration MonetecPaperPlot, run #173...
Scenario: $r=10, $rho=2.085, $repetition=2
Assigned runID=MonetecPaperPlot-173-20260929-20:26:48-62
Setting up network "dect2020scheduledaccess.DectScheduledAccessNetwork"...
Initializing...

Running simulation...
** Event #0   t=0   Elapsed: 4e-06s (0m 00s)
     Speed:     ev/sec=0   simsec/sec=0   ev/simsec=0
     Messages:  created: 2   present: 2   in FES: 2
** Event #654103   t=122.996831503289   Elapsed: 0.065718s (0m 00s)
     Speed:     ev/sec=9.95469e+06   simsec/sec=1871.87   ev/simsec=5318.05
     Messages:  created: 2   present: 2   in FES: 1

<!> Simulation stopped with endSimulation() -- in module (ScheduledAccessQueue) DectScheduledAccessNetwork.queue (id=2), at t=122.996831503289s, event #654103

Calling finish() at end of Run #173...

Preparing for running configuration MonetecPaperPlot, run #174...
Scenario: $r=10, $rho=2.168, $repetition=0
Assigned runID=MonetecPaperPlot-174-20260929-20:26:48-62
Setting up network "dect2020scheduledaccess.DectScheduledAccessNetwork"...
Initializing...

Running simulation...
** Event #0   t=0   Elapsed: 3e-06s (0m 00s)
     Speed:     ev/sec=0   simsec/sec=0   ev/simsec=0
     Messages:  created: 2   present: 2   in FES: 2
** Event #678397   t=123.018353964522   Elapsed: 0.068456s (0m 00s)
     Speed:     ev/sec=9.91113e+06   simsec/sec=1797.24   ev/simsec=5514.63
     Messages:  created: 2   present: 2   in FES: 1

<!> Simulation stopped with endSimulation() -- in module (ScheduledAccessQueue) DectScheduledAccessNetwork.queue (id=2), at t=123.018353964522s, event #678397

Calling finish() at end of Run #174...

Preparing for running configuration MonetecPaperPlot, run #175...
Scenario: $r=10, $rho=2.168, $repetition=1
Assigned runID=MonetecPaperPlot-175-20260929-20:26:48-62
Setting up network "dect2020scheduledaccess.DectScheduledAccessNetwork"...
Initializing...

Running simulation...
** Event #0   t=0   Elapsed: 3e-06s (0m 00s)
     Speed:     ev/sec=0   simsec/sec=0   ev/simsec=0
     Messages:  created: 2   present: 2   in FES: 2
** Event #676907   t=122.976503913868   Elapsed: 0.067873s (0m 00s)
     Speed:     ev/sec=9.97432e+06   simsec/sec=1812.07   ev/simsec=5504.36
     Messages:  created: 2   present: 2   in FES: 1

<!> Simulation stopped with endSimulation() -- in module (ScheduledAccessQueue) DectScheduledAccessNetwork.queue (id=2), at t=122.976503913868s, event #676907

Calling finish() at end of Run #175...

Preparing for running configuration MonetecPaperPlot, run #176...
Scenario: $r=10, $rho=2.168, $repetition=2
Assigned runID=MonetecPaperPlot-176-20260929-20:26:48-62
Setting up network "dect2020scheduledaccess.DectScheduledAccessNetwork"...
Initializing...

Running simulation...
** Event #0   t=0   Elapsed: 4e-06s (0m 00s)
     Speed:     ev/sec=0   simsec/sec=0   ev/simsec=0
     Messages:  created: 2   present: 2   in FES: 2
** Event #678701   t=123.016704172276   Elapsed: 0.069133s (0m 00s)
     Speed:     ev/sec=9.81846e+06   simsec/sec=1779.63   ev/simsec=5517.15
     Messages:  created: 2   present: 2   in FES: 1

<!> Simulation stopped with endSimulation() -- in module (ScheduledAccessQueue) DectScheduledAccessNetwork.queue (id=2), at t=123.016704172276s, event #678701

Calling finish() at end of Run #176...

Preparing for running configuration MonetecPaperPlot, run #177...
Scenario: $r=10, $rho=2.251, $repetition=0
Assigned runID=MonetecPaperPlot-177-20260929-20:26:48-62
Setting up network "dect2020scheduledaccess.DectScheduledAccessNetwork"...
Initializing...

Running simulation...
** Event #0   t=0   Elapsed: 4e-06s (0m 00s)
     Speed:     ev/sec=0   simsec/sec=0   ev/simsec=0
     Messages:  created: 2   present: 2   in FES: 2
** Event #701692   t=122.882999350265   Elapsed: 0.070461s (0m 00s)
     Speed:     ev/sec=9.96014e+06   simsec/sec=1744.26   ev/simsec=5710.25
     Messages:  created: 2   present: 2   in FES: 1

<!> Simulation stopped with endSimulation() -- in module (ScheduledAccessQueue) DectScheduledAccessNetwork.queue (id=2), at t=122.882999350265s, event #701692

Calling finish() at end of Run #177...

Preparing for running configuration MonetecPaperPlot, run #178...
Scenario: $r=10, $rho=2.251, $repetition=1
Assigned runID=MonetecPaperPlot-178-20260929-20:26:48-62
Setting up network "dect2020scheduledaccess.DectScheduledAccessNetwork"...
Initializing...

Running simulation...
** Event #0   t=0   Elapsed: 4e-06s (0m 00s)
     Speed:     ev/sec=0   simsec/sec=0   ev/simsec=0
     Messages:  created: 2   present: 2   in FES: 2
** Event #701327   t=122.945525067334   Elapsed: 0.07061s (0m 00s)
     Speed:     ev/sec=9.93381e+06   simsec/sec=1741.44   ev/simsec=5704.38
     Messages:  created: 2   present: 2   in FES: 1

<!> Simulation stopped with endSimulation() -- in module (ScheduledAccessQueue) DectScheduledAccessNetwork.queue (id=2), at t=122.945525067334s, event #701327

Calling finish() at end of Run #178...

Preparing for running configuration MonetecPaperPlot, run #179...
Scenario: $r=10, $rho=2.251, $repetition=2
Assigned runID=MonetecPaperPlot-179-20260929-20:26:48-62
Setting up network "dect2020scheduledaccess.DectScheduledAccessNetwork"...
Initializing...

Running simulation...
** Event #0   t=0   Elapsed: 3e-06s (0m 00s)
     Speed:     ev/sec=0   simsec/sec=0   ev/simsec=0
     Messages:  created: 2   present: 2   in FES: 2
** Event #702909   t=122.955699365907   Elapsed: 0.070583s (0m 00s)
     Speed:     ev/sec=9.95974e+06   simsec/sec=1742.19   ev/simsec=5716.79
     Messages:  created: 2   present: 2   in FES: 1

<!> Simulation stopped with endSimulation() -- in module (ScheduledAccessQueue) DectScheduledAccessNetwork.queue (id=2), at t=122.955699365907s, event #702909

Calling finish() at end of Run #179...

Preparing for running configuration MonetecPaperPlot, run #180...
Scenario: $r=10, $rho=2.334, $repetition=0
Assigned runID=MonetecPaperPlot-180-20260929-20:26:48-62
Setting up network "dect2020scheduledaccess.DectScheduledAccessNetwork"...
Initializing...

Running simulation...
** Event #0   t=0   Elapsed: 4e-06s (0m 00s)
     Speed:     ev/sec=0   simsec/sec=0   ev/simsec=0
     Messages:  created: 2   present: 2   in FES: 2
** Event #726238   t=122.889353619173   Elapsed: 0.072932s (0m 00s)
     Speed:     ev/sec=9.95883e+06   simsec/sec=1685.17   ev/simsec=5909.69
     Messages:  created: 2   present: 2   in FES: 1

<!> Simulation stopped with endSimulation() -- in module (ScheduledAccessQueue) DectScheduledAccessNetwork.queue (id=2), at t=122.889353619173s, event #726238

Calling finish() at end of Run #180...

Preparing for running configuration MonetecPaperPlot, run #181...
Scenario: $r=10, $rho=2.334, $repetition=1
Assigned runID=MonetecPaperPlot-181-20260929-20:26:48-62
Setting up network "dect2020scheduledaccess.DectScheduledAccessNetwork"...
Initializing...

Running simulation...
** Event #0   t=0   Elapsed: 4e-06s (0m 00s)
     Speed:     ev/sec=0   simsec/sec=0   ev/simsec=0
     Messages:  created: 2   present: 2   in FES: 2
** Event #725356   t=122.882871965066   Elapsed: 0.073335s (0m 00s)
     Speed:     ev/sec=9.89221e+06   simsec/sec=1675.84   ev/simsec=5902.83
     Messages:  created: 2   present: 2   in FES: 1

<!> Simulation stopped with endSimulation() -- in module (ScheduledAccessQueue) DectScheduledAccessNetwork.queue (id=2), at t=122.882871965066s, event #725356

Calling finish() at end of Run #181...

Preparing for running configuration MonetecPaperPlot, run #182...
Scenario: $r=10, $rho=2.334, $repetition=2
Assigned runID=MonetecPaperPlot-182-20260929-20:26:49-62
Setting up network "dect2020scheduledaccess.DectScheduledAccessNetwork"...
Initializing...

Running simulation...
** Event #0   t=0   Elapsed: 4e-06s (0m 00s)
     Speed:     ev/sec=0   simsec/sec=0   ev/simsec=0
     Messages:  created: 2   present: 2   in FES: 2
** Event #726875   t=122.882725531796   Elapsed: 0.073048s (0m 00s)
     Speed:     ev/sec=9.95174e+06   simsec/sec=1682.4   ev/simsec=5915.19
     Messages:  created: 2   present: 2   in FES: 1

<!> Simulation stopped with endSimulation() -- in module (ScheduledAccessQueue) DectScheduledAccessNetwork.queue (id=2), at t=122.882725531796s, event #726875

Calling finish() at end of Run #182...

Preparing for running configuration MonetecPaperPlot, run #183...
Scenario: $r=10, $rho=2.417, $repetition=0
Assigned runID=MonetecPaperPlot-183-20260929-20:26:49-62
Setting up network "dect2020scheduledaccess.DectScheduledAccessNetwork"...
Initializing...

Running simulation...
** Event #0   t=0   Elapsed: 5e-06s (0m 00s)
     Speed:     ev/sec=0   simsec/sec=0   ev/simsec=0
     Messages:  created: 2   present: 2   in FES: 2
** Event #751234   t=122.936491385108   Elapsed: 0.077518s (0m 00s)
     Speed:     ev/sec=9.69234e+06   simsec/sec=1586.11   ev/simsec=6110.75
     Messages:  created: 2   present: 2   in FES: 1

<!> Simulation stopped with endSimulation() -- in module (ScheduledAccessQueue) DectScheduledAccessNetwork.queue (id=2), at t=122.936491385108s, event #751234

Calling finish() at end of Run #183...

Preparing for running configuration MonetecPaperPlot, run #184...
Scenario: $r=10, $rho=2.417, $repetition=1
Assigned runID=MonetecPaperPlot-184-20260929-20:26:49-62
Setting up network "dect2020scheduledaccess.DectScheduledAccessNetwork"...
Initializing...

Running simulation...
** Event #0   t=0   Elapsed: 3e-06s (0m 00s)
     Speed:     ev/sec=0   simsec/sec=0   ev/simsec=0
     Messages:  created: 2   present: 2   in FES: 2
** Event #751174   t=123.042219480306   Elapsed: 0.076093s (0m 00s)
     Speed:     ev/sec=9.87309e+06   simsec/sec=1617.21   ev/simsec=6105.02
     Messages:  created: 2   present: 2   in FES: 1

<!> Simulation stopped with endSimulation() -- in module (ScheduledAccessQueue) DectScheduledAccessNetwork.queue (id=2), at t=123.042219480306s, event #751174

Calling finish() at end of Run #184...

Preparing for running configuration MonetecPaperPlot, run #185...
Scenario: $r=10, $rho=2.417, $repetition=2
Assigned runID=MonetecPaperPlot-185-20260929-20:26:49-62
Setting up network "dect2020scheduledaccess.DectScheduledAccessNetwork"...
Initializing...

Running simulation...
** Event #0   t=0   Elapsed: 5e-06s (0m 00s)
     Speed:     ev/sec=0   simsec/sec=0   ev/simsec=0
     Messages:  created: 2   present: 2   in FES: 2
** Event #751716   t=122.913780228998   Elapsed: 0.075675s (0m 00s)
     Speed:     ev/sec=9.93479e+06   simsec/sec=1624.45   ev/simsec=6115.8
     Messages:  created: 2   present: 2   in FES: 1

<!> Simulation stopped with endSimulation() -- in module (ScheduledAccessQueue) DectScheduledAccessNetwork.queue (id=2), at t=122.913780228998s, event #751716

Calling finish() at end of Run #185...

Preparing for running configuration MonetecPaperPlot, run #186...
Scenario: $r=10, $rho=2.500, $repetition=0
Assigned runID=MonetecPaperPlot-186-20260929-20:26:49-62
Setting up network "dect2020scheduledaccess.DectScheduledAccessNetwork"...
Initializing...

Running simulation...
** Event #0   t=0   Elapsed: 4e-06s (0m 00s)
     Speed:     ev/sec=0   simsec/sec=0   ev/simsec=0
     Messages:  created: 2   present: 2   in FES: 2
** Event #775383   t=122.915550733883   Elapsed: 0.077887s (0m 00s)
     Speed:     ev/sec=9.95612e+06   simsec/sec=1578.27   ev/simsec=6308.27
     Messages:  created: 2   present: 2   in FES: 1

<!> Simulation stopped with endSimulation() -- in module (ScheduledAccessQueue) DectScheduledAccessNetwork.queue (id=2), at t=122.915550733883s, event #775383

Calling finish() at end of Run #186...

Preparing for running configuration MonetecPaperPlot, run #187...
Scenario: $r=10, $rho=2.500, $repetition=1
Assigned runID=MonetecPaperPlot-187-20260929-20:26:49-62
Setting up network "dect2020scheduledaccess.DectScheduledAccessNetwork"...
Initializing...

Running simulation...
** Event #0   t=0   Elapsed: 1.8e-05s (0m 00s)
     Speed:     ev/sec=0   simsec/sec=0   ev/simsec=0
     Messages:  created: 2   present: 2   in FES: 2
** Event #775286   t=122.993896110756   Elapsed: 0.07864s (0m 00s)
     Speed:     ev/sec=9.86181e+06   simsec/sec=1564.51   ev/simsec=6303.46
     Messages:  created: 2   present: 2   in FES: 1

<!> Simulation stopped with endSimulation() -- in module (ScheduledAccessQueue) DectScheduledAccessNetwork.queue (id=2), at t=122.993896110756s, event #775286

Calling finish() at end of Run #187...

Preparing for running configuration MonetecPaperPlot, run #188...
Scenario: $r=10, $rho=2.500, $repetition=2
Assigned runID=MonetecPaperPlot-188-20260929-20:26:49-62
Setting up network "dect2020scheduledaccess.DectScheduledAccessNetwork"...
Initializing...

Running simulation...
** Event #0   t=0   Elapsed: 4e-06s (0m 00s)
     Speed:     ev/sec=0   simsec/sec=0   ev/simsec=0
     Messages:  created: 2   present: 2   in FES: 2
** Event #775814   t=122.882191718667   Elapsed: 0.077909s (0m 00s)
     Speed:     ev/sec=9.95936e+06   simsec/sec=1577.47   ev/simsec=6313.49
     Messages:  created: 2   present: 2   in FES: 1

<!> Simulation stopped with endSimulation() -- in module (ScheduledAccessQueue) DectScheduledAccessNetwork.queue (id=2), at t=122.882191718667s, event #775814

Calling finish() at end of Run #188...

Preparing for running configuration MonetecPaperPlot, run #189...
Scenario: $r=10, $rho=2.583, $repetition=0
Assigned runID=MonetecPaperPlot-189-20260929-20:26:49-62
Setting up network "dect2020scheduledaccess.DectScheduledAccessNetwork"...
Initializing...

Running simulation...
** Event #0   t=0   Elapsed: 4e-06s (0m 00s)
     Speed:     ev/sec=0   simsec/sec=0   ev/simsec=0
     Messages:  created: 2   present: 2   in FES: 2
** Event #800256   t=122.973359234531   Elapsed: 0.080304s (0m 00s)
     Speed:     ev/sec=9.96657e+06   simsec/sec=1531.54   ev/simsec=6507.57
     Messages:  created: 2   present: 2   in FES: 1

<!> Simulation stopped with endSimulation() -- in module (ScheduledAccessQueue) DectScheduledAccessNetwork.queue (id=2), at t=122.973359234531s, event #800256

Calling finish() at end of Run #189...

Preparing for running configuration MonetecPaperPlot, run #190...
Scenario: $r=10, $rho=2.583, $repetition=1
Assigned runID=MonetecPaperPlot-190-20260929-20:26:49-62
Setting up network "dect2020scheduledaccess.DectScheduledAccessNetwork"...
Initializing...

Running simulation...
** Event #0   t=0   Elapsed: 2.5e-05s (0m 00s)
     Speed:     ev/sec=0   simsec/sec=0   ev/simsec=0
     Messages:  created: 2   present: 2   in FES: 2
** Event #799761   t=122.968914123629   Elapsed: 0.08095s (0m 00s)
     Speed:     ev/sec=9.88323e+06   simsec/sec=1519.61   ev/simsec=6503.77
     Messages:  created: 2   present: 2   in FES: 1

<!> Simulation stopped with endSimulation() -- in module (ScheduledAccessQueue) DectScheduledAccessNetwork.queue (id=2), at t=122.968914123629s, event #799761

Calling finish() at end of Run #190...

Preparing for running configuration MonetecPaperPlot, run #191...
Scenario: $r=10, $rho=2.583, $repetition=2
Assigned runID=MonetecPaperPlot-191-20260929-20:26:49-62
Setting up network "dect2020scheduledaccess.DectScheduledAccessNetwork"...
Initializing...

Running simulation...
** Event #0   t=0   Elapsed: 4e-06s (0m 00s)
     Speed:     ev/sec=0   simsec/sec=0   ev/simsec=0
     Messages:  created: 2   present: 2   in FES: 2
** Event #800772   t=122.93134530474   Elapsed: 0.080267s (0m 00s)
     Speed:     ev/sec=9.97747e+06   simsec/sec=1531.7   ev/simsec=6513.98
     Messages:  created: 2   present: 2   in FES: 1

<!> Simulation stopped with endSimulation() -- in module (ScheduledAccessQueue) DectScheduledAccessNetwork.queue (id=2), at t=122.93134530474s, event #800772

Calling finish() at end of Run #191...

Preparing for running configuration MonetecPaperPlot, run #192...
Scenario: $r=20, $rho=0.010, $repetition=0
Assigned runID=MonetecPaperPlot-192-20260929-20:26:49-62
Setting up network "dect2020scheduledaccess.DectScheduledAccessNetwork"...
Initializing...

Running simulation...
** Event #0   t=0   Elapsed: 4e-06s (0m 00s)
     Speed:     ev/sec=0   simsec/sec=0   ev/simsec=0
     Messages:  created: 2   present: 2   in FES: 2
** Event #163812   t=1034.719980020577   Elapsed: 0.013408s (0m 00s)
     Speed:     ev/sec=1.22248e+07   simsec/sec=77217.8   ev/simsec=158.315
     Messages:  created: 2   present: 2   in FES: 1

<!> Simulation stopped with endSimulation() -- in module (ScheduledAccessQueue) DectScheduledAccessNetwork.queue (id=2), at t=1034.719980020577s, event #163812

Calling finish() at end of Run #192...

Preparing for running configuration MonetecPaperPlot, run #193...
Scenario: $r=20, $rho=0.010, $repetition=1
Assigned runID=MonetecPaperPlot-193-20260929-20:26:49-62
Setting up network "dect2020scheduledaccess.DectScheduledAccessNetwork"...
Initializing...

Running simulation...
** Event #0   t=0   Elapsed: 3.4e-05s (0m 00s)
     Speed:     ev/sec=0   simsec/sec=0   ev/simsec=0
     Messages:  created: 2   present: 2   in FES: 2
** Event #164694   t=1042.621223538347   Elapsed: 0.01357s (0m 00s)
     Speed:     ev/sec=1.21707e+07   simsec/sec=77048.5   ev/simsec=157.962
     Messages:  created: 2   present: 2   in FES: 1

<!> Simulation stopped with endSimulation() -- in module (ScheduledAccessQueue) DectScheduledAccessNetwork.queue (id=2), at t=1042.621223538347s, event #164694

Calling finish() at end of Run #193...

Preparing for running configuration MonetecPaperPlot, run #194...
Scenario: $r=20, $rho=0.010, $repetition=2
Assigned runID=MonetecPaperPlot-194-20260929-20:26:49-62
Setting up network "dect2020scheduledaccess.DectScheduledAccessNetwork"...
Initializing...

Running simulation...
** Event #0   t=0   Elapsed: 3e-06s (0m 00s)
     Speed:     ev/sec=0   simsec/sec=0   ev/simsec=0
     Messages:  created: 2   present: 2   in FES: 2
** Event #163410   t=1031.07738215099   Elapsed: 0.013331s (0m 00s)
     Speed:     ev/sec=1.22643e+07   simsec/sec=77384.9   ev/simsec=158.485
     Messages:  created: 2   present: 2   in FES: 1

<!> Simulation stopped with endSimulation() -- in module (ScheduledAccessQueue) DectScheduledAccessNetwork.queue (id=2), at t=1031.07738215099s, event #163410

Calling finish() at end of Run #194...

Preparing for running configuration MonetecPaperPlot, run #195...
Scenario: $r=20, $rho=0.093, $repetition=0
Assigned runID=MonetecPaperPlot-195-20260929-20:26:49-62
Setting up network "dect2020scheduledaccess.DectScheduledAccessNetwork"...
Initializing...

Running simulation...
** Event #0   t=0   Elapsed: 1.6e-05s (0m 00s)
     Speed:     ev/sec=0   simsec/sec=0   ev/simsec=0
     Messages:  created: 2   present: 2   in FES: 2
** Event #65037   t=123.148531667824   Elapsed: 0.006748s (0m 00s)
     Speed:     ev/sec=0   simsec/sec=0   ev/simsec=0
     Messages:  created: 2   present: 2   in FES: 1

<!> Simulation stopped with endSimulation() -- in module (ScheduledAccessQueue) DectScheduledAccessNetwork.queue (id=2), at t=123.148531667824s, event #65037

Calling finish() at end of Run #195...

Preparing for running configuration MonetecPaperPlot, run #196...
Scenario: $r=20, $rho=0.093, $repetition=1
Assigned runID=MonetecPaperPlot-196-20260929-20:26:49-62
Setting up network "dect2020scheduledaccess.DectScheduledAccessNetwork"...
Initializing...

Running simulation...
** Event #0   t=0   Elapsed: 3e-06s (0m 00s)
     Speed:     ev/sec=0   simsec/sec=0   ev/simsec=0
     Messages:  created: 2   present: 2   in FES: 2
** Event #65108   t=123.223738703167   Elapsed: 0.006619s (0m 00s)
     Speed:     ev/sec=0   simsec/sec=0   ev/simsec=0
     Messages:  created: 2   present: 2   in FES: 1

<!> Simulation stopped with endSimulation() -- in module (ScheduledAccessQueue) DectScheduledAccessNetwork.queue (id=2), at t=123.223738703167s, event #65108

Calling finish() at end of Run #196...

Preparing for running configuration MonetecPaperPlot, run #197...
Scenario: $r=20, $rho=0.093, $repetition=2
Assigned runID=MonetecPaperPlot-197-20260929-20:26:49-62
Setting up network "dect2020scheduledaccess.DectScheduledAccessNetwork"...
Initializing...

Running simulation...
** Event #0   t=0   Elapsed: 3e-06s (0m 00s)
     Speed:     ev/sec=0   simsec/sec=0   ev/simsec=0
     Messages:  created: 2   present: 2   in FES: 2
** Event #65221   t=123.128230016414   Elapsed: 0.006897s (0m 00s)
     Speed:     ev/sec=0   simsec/sec=0   ev/simsec=0
     Messages:  created: 2   present: 2   in FES: 1

<!> Simulation stopped with endSimulation() -- in module (ScheduledAccessQueue) DectScheduledAccessNetwork.queue (id=2), at t=123.128230016414s, event #65221

Calling finish() at end of Run #197...

Preparing for running configuration MonetecPaperPlot, run #198...
Scenario: $r=20, $rho=0.176, $repetition=0
Assigned runID=MonetecPaperPlot-198-20260929-20:26:49-62
Setting up network "dect2020scheduledaccess.DectScheduledAccessNetwork"...
Initializing...

Running simulation...
** Event #0   t=0   Elapsed: 2.3e-05s (0m 00s)
     Speed:     ev/sec=0   simsec/sec=0   ev/simsec=0
     Messages:  created: 2   present: 2   in FES: 2
** Event #89598   t=122.887308094502   Elapsed: 0.00936s (0m 00s)
     Speed:     ev/sec=0   simsec/sec=0   ev/simsec=0
     Messages:  created: 2   present: 2   in FES: 1

<!> Simulation stopped with endSimulation() -- in module (ScheduledAccessQueue) DectScheduledAccessNetwork.queue (id=2), at t=122.887308094502s, event #89598

Calling finish() at end of Run #198...

Preparing for running configuration MonetecPaperPlot, run #199...
Scenario: $r=20, $rho=0.176, $repetition=1
Assigned runID=MonetecPaperPlot-199-20260929-20:26:49-62
Setting up network "dect2020scheduledaccess.DectScheduledAccessNetwork"...
Initializing...

Running simulation...
** Event #0   t=0   Elapsed: 3e-06s (0m 00s)
     Speed:     ev/sec=0   simsec/sec=0   ev/simsec=0
     Messages:  created: 2   present: 2   in FES: 2
** Event #89673   t=122.992492155542   Elapsed: 0.009154s (0m 00s)
     Speed:     ev/sec=0   simsec/sec=0   ev/simsec=0
     Messages:  created: 2   present: 2   in FES: 1

<!> Simulation stopped with endSimulation() -- in module (ScheduledAccessQueue) DectScheduledAccessNetwork.queue (id=2), at t=122.992492155542s, event #89673

Calling finish() at end of Run #199...

Preparing for running configuration MonetecPaperPlot, run #200...
Scenario: $r=20, $rho=0.176, $repetition=2
Assigned runID=MonetecPaperPlot-200-20260929-20:26:49-62
Setting up network "dect2020scheduledaccess.DectScheduledAccessNetwork"...
Initializing...

Running simulation...
** Event #0   t=0   Elapsed: 4e-06s (0m 00s)
     Speed:     ev/sec=0   simsec/sec=0   ev/simsec=0
     Messages:  created: 2   present: 2   in FES: 2
** Event #89278   t=122.881928054391   Elapsed: 0.009227s (0m 00s)
     Speed:     ev/sec=0   simsec/sec=0   ev/simsec=0
     Messages:  created: 2   present: 2   in FES: 1

<!> Simulation stopped with endSimulation() -- in module (ScheduledAccessQueue) DectScheduledAccessNetwork.queue (id=2), at t=122.881928054391s, event #89278

Calling finish() at end of Run #200...

Preparing for running configuration MonetecPaperPlot, run #201...
Scenario: $r=20, $rho=0.259, $repetition=0
Assigned runID=MonetecPaperPlot-201-20260929-20:26:49-62
Setting up network "dect2020scheduledaccess.DectScheduledAccessNetwork"...
Initializing...

Running simulation...
** Event #0   t=0   Elapsed: 4e-06s (0m 00s)
     Speed:     ev/sec=0   simsec/sec=0   ev/simsec=0
     Messages:  created: 2   present: 2   in FES: 2
** Event #114471   t=122.985518326232   Elapsed: 0.011693s (0m 00s)
     Speed:     ev/sec=9.79724e+06   simsec/sec=10526   ev/simsec=930.77
     Messages:  created: 2   present: 2   in FES: 1

<!> Simulation stopped with endSimulation() -- in module (ScheduledAccessQueue) DectScheduledAccessNetwork.queue (id=2), at t=122.985518326232s, event #114471

Calling finish() at end of Run #201...

Preparing for running configuration MonetecPaperPlot, run #202...
Scenario: $r=20, $rho=0.259, $repetition=1
Assigned runID=MonetecPaperPlot-202-20260929-20:26:49-62
Setting up network "dect2020scheduledaccess.DectScheduledAccessNetwork"...
Initializing...

Running simulation...
** Event #0   t=0   Elapsed: 6e-06s (0m 00s)
     Speed:     ev/sec=0   simsec/sec=0   ev/simsec=0
     Messages:  created: 2   present: 2   in FES: 2
** Event #114119   t=122.975789414948   Elapsed: 0.011683s (0m 00s)
     Speed:     ev/sec=9.77632e+06   simsec/sec=10535   ev/simsec=927.981
     Messages:  created: 2   present: 2   in FES: 1

<!> Simulation stopped with endSimulation() -- in module (ScheduledAccessQueue) DectScheduledAccessNetwork.queue (id=2), at t=122.975789414948s, event #114119

Calling finish() at end of Run #202...

Preparing for running configuration MonetecPaperPlot, run #203...
Scenario: $r=20, $rho=0.259, $repetition=2
Assigned runID=MonetecPaperPlot-203-20260929-20:26:49-62
Setting up network "dect2020scheduledaccess.DectScheduledAccessNetwork"...
Initializing...

Running simulation...
** Event #0   t=0   Elapsed: 2.4e-05s (0m 00s)
     Speed:     ev/sec=0   simsec/sec=0   ev/simsec=0
     Messages:  created: 2   present: 2   in FES: 2
** Event #113887   t=122.992321906882   Elapsed: 0.011633s (0m 00s)
     Speed:     ev/sec=9.79757e+06   simsec/sec=10580.9   ev/simsec=925.97
     Messages:  created: 2   present: 2   in FES: 1

<!> Simulation stopped with endSimulation() -- in module (ScheduledAccessQueue) DectScheduledAccessNetwork.queue (id=2), at t=122.992321906882s, event #113887

Calling finish() at end of Run #203...

Preparing for running configuration MonetecPaperPlot, run #204...
Scenario: $r=20, $rho=0.342, $repetition=0
Assigned runID=MonetecPaperPlot-204-20260929-20:26:50-62
Setting up network "dect2020scheduledaccess.DectScheduledAccessNetwork"...
Initializing...

Running simulation...
** Event #0   t=0   Elapsed: 4e-06s (0m 00s)
     Speed:     ev/sec=0   simsec/sec=0   ev/simsec=0
     Messages:  created: 2   present: 2   in FES: 2
** Event #139058   t=122.96981094015   Elapsed: 0.014364s (0m 00s)
     Speed:     ev/sec=9.68708e+06   simsec/sec=8566.24   ev/simsec=1130.84
     Messages:  created: 2   present: 2   in FES: 1

<!> Simulation stopped with endSimulation() -- in module (ScheduledAccessQueue) DectScheduledAccessNetwork.queue (id=2), at t=122.96981094015s, event #139058

Calling finish() at end of Run #204...

Preparing for running configuration MonetecPaperPlot, run #205...
Scenario: $r=20, $rho=0.342, $repetition=1
Assigned runID=MonetecPaperPlot-205-20260929-20:26:50-62
Setting up network "dect2020scheduledaccess.DectScheduledAccessNetwork"...
Initializing...

Running simulation...
** Event #0   t=0   Elapsed: 4e-06s (0m 00s)
     Speed:     ev/sec=0   simsec/sec=0   ev/simsec=0
     Messages:  created: 2   present: 2   in FES: 2
** Event #138969   t=123.002408378519   Elapsed: 0.014449s (0m 00s)
     Speed:     ev/sec=9.62389e+06   simsec/sec=8518.14   ev/simsec=1129.81
     Messages:  created: 2   present: 2   in FES: 1

<!> Simulation stopped with endSimulation() -- in module (ScheduledAccessQueue) DectScheduledAccessNetwork.queue (id=2), at t=123.002408378519s, event #138969

Calling finish() at end of Run #205...

Preparing for running configuration MonetecPaperPlot, run #206...
Scenario: $r=20, $rho=0.342, $repetition=2
Assigned runID=MonetecPaperPlot-206-20260929-20:26:50-62
Setting up network "dect2020scheduledaccess.DectScheduledAccessNetwork"...
Initializing...

Running simulation...
** Event #0   t=0   Elapsed: 4e-06s (0m 00s)
     Speed:     ev/sec=0   simsec/sec=0   ev/simsec=0
     Messages:  created: 2   present: 2   in FES: 2
** Event #138526   t=122.983861364007   Elapsed: 0.01406s (0m 00s)
     Speed:     ev/sec=9.8581e+06   simsec/sec=8752.05   ev/simsec=1126.38
     Messages:  created: 2   present: 2   in FES: 1

<!> Simulation stopped with endSimulation() -- in module (ScheduledAccessQueue) DectScheduledAccessNetwork.queue (id=2), at t=122.983861364007s, event #138526

Calling finish() at end of Run #206...

Preparing for running configuration MonetecPaperPlot, run #207...
Scenario: $r=20, $rho=0.425, $repetition=0
Assigned runID=MonetecPaperPlot-207-20260929-20:26:50-62
Setting up network "dect2020scheduledaccess.DectScheduledAccessNetwork"...
Initializing...

Running simulation...
** Event #0   t=0   Elapsed: 4e-06s (0m 00s)
     Speed:     ev/sec=0   simsec/sec=0   ev/simsec=0
     Messages:  created: 2   present: 2   in FES: 2
** Event #163377   t=122.935237992549   Elapsed: 0.016694s (0m 00s)
     Speed:     ev/sec=9.79185e+06   simsec/sec=7368.01   ev/simsec=1328.97
     Messages:  created: 2   present: 2   in FES: 1

<!> Simulation stopped with endSimulation() -- in module (ScheduledAccessQueue) DectScheduledAccessNetwork.queue (id=2), at t=122.935237992549s, event #163377

Calling finish() at end of Run #207...

Preparing for running configuration MonetecPaperPlot, run #208...
Scenario: $r=20, $rho=0.425, $repetition=1
Assigned runID=MonetecPaperPlot-208-20260929-20:26:50-62
Setting up network "dect2020scheduledaccess.DectScheduledAccessNetwork"...
Initializing...

Running simulation...
** Event #0   t=0   Elapsed: 5e-06s (0m 00s)
     Speed:     ev/sec=0   simsec/sec=0   ev/simsec=0
     Messages:  created: 2   present: 2   in FES: 2
** Event #163100   t=122.922939069917   Elapsed: 0.016587s (0m 00s)
     Speed:     ev/sec=9.83893e+06   simsec/sec=7415.27   ev/simsec=1326.85
     Messages:  created: 2   present: 2   in FES: 1

<!> Simulation stopped with endSimulation() -- in module (ScheduledAccessQueue) DectScheduledAccessNetwork.queue (id=2), at t=122.922939069917s, event #163100

Calling finish() at end of Run #208...

Preparing for running configuration MonetecPaperPlot, run #209...
Scenario: $r=20, $rho=0.425, $repetition=2
Assigned runID=MonetecPaperPlot-209-20260929-20:26:50-62
Setting up network "dect2020scheduledaccess.DectScheduledAccessNetwork"...
Initializing...

Running simulation...
** Event #0   t=0   Elapsed: 5e-06s (0m 00s)
     Speed:     ev/sec=0   simsec/sec=0   ev/simsec=0
     Messages:  created: 2   present: 2   in FES: 2
** Event #162648   t=122.879558879486   Elapsed: 0.016507s (0m 00s)
     Speed:     ev/sec=9.85805e+06   simsec/sec=7447.69   ev/simsec=1323.64
     Messages:  created: 2   present: 2   in FES: 1

<!> Simulation stopped with endSimulation() -- in module (ScheduledAccessQueue) DectScheduledAccessNetwork.queue (id=2), at t=122.879558879486s, event #162648

Calling finish() at end of Run #209...

Preparing for running configuration MonetecPaperPlot, run #210...
Scenario: $r=20, $rho=0.508, $repetition=0
Assigned runID=MonetecPaperPlot-210-20260929-20:26:50-62
Setting up network "dect2020scheduledaccess.DectScheduledAccessNetwork"...
Initializing...

Running simulation...
** Event #0   t=0   Elapsed: 4e-06s (0m 00s)
     Speed:     ev/sec=0   simsec/sec=0   ev/simsec=0
     Messages:  created: 2   present: 2   in FES: 2
** Event #187819   t=122.955168283314   Elapsed: 0.019026s (0m 00s)
     Speed:     ev/sec=9.87637e+06   simsec/sec=6465.52   ev/simsec=1527.55
     Messages:  created: 2   present: 2   in FES: 1

<!> Simulation stopped with endSimulation() -- in module (ScheduledAccessQueue) DectScheduledAccessNetwork.queue (id=2), at t=122.955168283314s, event #187819

Calling finish() at end of Run #210...

Preparing for running configuration MonetecPaperPlot, run #211...
Scenario: $r=20, $rho=0.508, $repetition=1
Assigned runID=MonetecPaperPlot-211-20260929-20:26:50-62
Setting up network "dect2020scheduledaccess.DectScheduledAccessNetwork"...
Initializing...

Running simulation...
** Event #0   t=0   Elapsed: 6e-06s (0m 00s)
     Speed:     ev/sec=0   simsec/sec=0   ev/simsec=0
     Messages:  created: 2   present: 2   in FES: 2
** Event #188023   t=122.992285124298   Elapsed: 0.019098s (0m 00s)
     Speed:     ev/sec=9.84878e+06   simsec/sec=6442.41   ev/simsec=1528.74
     Messages:  created: 2   present: 2   in FES: 1

<!> Simulation stopped with endSimulation() -- in module (ScheduledAccessQueue) DectScheduledAccessNetwork.queue (id=2), at t=122.992285124298s, event #188023

Calling finish() at end of Run #211...

Preparing for running configuration MonetecPaperPlot, run #212...
Scenario: $r=20, $rho=0.508, $repetition=2
Assigned runID=MonetecPaperPlot-212-20260929-20:26:50-62
Setting up network "dect2020scheduledaccess.DectScheduledAccessNetwork"...
Initializing...

Running simulation...
** Event #0   t=0   Elapsed: 4e-06s (0m 00s)
     Speed:     ev/sec=0   simsec/sec=0   ev/simsec=0
     Messages:  created: 2   present: 2   in FES: 2
** Event #187761   t=123.063767906253   Elapsed: 0.019127s (0m 00s)
     Speed:     ev/sec=9.82014e+06   simsec/sec=6436.36   ev/simsec=1525.73
     Messages:  created: 2   present: 2   in FES: 1

<!> Simulation stopped with endSimulation() -- in module (ScheduledAccessQueue) DectScheduledAccessNetwork.queue (id=2), at t=123.063767906253s, event #187761

Calling finish() at end of Run #212...

Preparing for running configuration MonetecPaperPlot, run #213...
Scenario: $r=20, $rho=0.591, $repetition=0
Assigned runID=MonetecPaperPlot-213-20260929-20:26:50-62
Setting up network "dect2020scheduledaccess.DectScheduledAccessNetwork"...
Initializing...

Running simulation...
** Event #0   t=0   Elapsed: 4e-06s (0m 00s)
     Speed:     ev/sec=0   simsec/sec=0   ev/simsec=0
     Messages:  created: 2   present: 2   in FES: 2
** Event #211990   t=122.956558786581   Elapsed: 0.021457s (0m 00s)
     Speed:     ev/sec=9.88391e+06   simsec/sec=5732.75   ev/simsec=1724.11
     Messages:  created: 2   present: 2   in FES: 1

<!> Simulation stopped with endSimulation() -- in module (ScheduledAccessQueue) DectScheduledAccessNetwork.queue (id=2), at t=122.956558786581s, event #211990

Calling finish() at end of Run #213...

Preparing for running configuration MonetecPaperPlot, run #214...
Scenario: $r=20, $rho=0.591, $repetition=1
Assigned runID=MonetecPaperPlot-214-20260929-20:26:50-62
Setting up network "dect2020scheduledaccess.DectScheduledAccessNetwork"...
Initializing...

Running simulation...
** Event #0   t=0   Elapsed: 4e-06s (0m 00s)
     Speed:     ev/sec=0   simsec/sec=0   ev/simsec=0
     Messages:  created: 2   present: 2   in FES: 2
** Event #212322   t=122.9719239466   Elapsed: 0.02146s (0m 00s)
     Speed:     ev/sec=9.89938e+06   simsec/sec=5733.49   ev/simsec=1726.59
     Messages:  created: 2   present: 2   in FES: 1

<!> Simulation stopped with endSimulation() -- in module (ScheduledAccessQueue) DectScheduledAccessNetwork.queue (id=2), at t=122.9719239466s, event #212322

Calling finish() at end of Run #214...

Preparing for running configuration MonetecPaperPlot, run #215...
Scenario: $r=20, $rho=0.591, $repetition=2
Assigned runID=MonetecPaperPlot-215-20260929-20:26:50-62
Setting up network "dect2020scheduledaccess.DectScheduledAccessNetwork"...
Initializing...

Running simulation...
** Event #0   t=0   Elapsed: 6e-06s (0m 00s)
     Speed:     ev/sec=0   simsec/sec=0   ev/simsec=0
     Messages:  created: 2   present: 2   in FES: 2
** Event #211787   t=122.916789395443   Elapsed: 0.021636s (0m 00s)
     Speed:     ev/sec=9.79317e+06   simsec/sec=5683.74   ev/simsec=1723.01
     Messages:  created: 2   present: 2   in FES: 1

<!> Simulation stopped with endSimulation() -- in module (ScheduledAccessQueue) DectScheduledAccessNetwork.queue (id=2), at t=122.916789395443s, event #211787

Calling finish() at end of Run #215...

Preparing for running configuration MonetecPaperPlot, run #216...
Scenario: $r=20, $rho=0.674, $repetition=0
Assigned runID=MonetecPaperPlot-216-20260929-20:26:50-62
Setting up network "dect2020scheduledaccess.DectScheduledAccessNetwork"...
Initializing...

Running simulation...
** Event #0   t=0   Elapsed: 4e-06s (0m 00s)
     Speed:     ev/sec=0   simsec/sec=0   ev/simsec=0
     Messages:  created: 2   present: 2   in FES: 2
** Event #236687   t=123.012279326193   Elapsed: 0.024338s (0m 00s)
     Speed:     ev/sec=9.7278e+06   simsec/sec=5055.76   ev/simsec=1924.1
     Messages:  created: 2   present: 2   in FES: 1

<!> Simulation stopped with endSimulation() -- in module (ScheduledAccessQueue) DectScheduledAccessNetwork.queue (id=2), at t=123.012279326193s, event #236687

Calling finish() at end of Run #216...

Preparing for running configuration MonetecPaperPlot, run #217...
Scenario: $r=20, $rho=0.674, $repetition=1
Assigned runID=MonetecPaperPlot-217-20260929-20:26:50-62
Setting up network "dect2020scheduledaccess.DectScheduledAccessNetwork"...
Initializing...

Running simulation...
** Event #0   t=0   Elapsed: 6e-06s (0m 00s)
     Speed:     ev/sec=0   simsec/sec=0   ev/simsec=0
     Messages:  created: 2   present: 2   in FES: 2
** Event #236757   t=123.019739125661   Elapsed: 0.024262s (0m 00s)
     Speed:     ev/sec=9.76197e+06   simsec/sec=5072.34   ev/simsec=1924.55
     Messages:  created: 2   present: 2   in FES: 1

<!> Simulation stopped with endSimulation() -- in module (ScheduledAccessQueue) DectScheduledAccessNetwork.queue (id=2), at t=123.019739125661s, event #236757

Calling finish() at end of Run #217...

Preparing for running configuration MonetecPaperPlot, run #218...
Scenario: $r=20, $rho=0.674, $repetition=2
Assigned runID=MonetecPaperPlot-218-20260929-20:26:50-62
Setting up network "dect2020scheduledaccess.DectScheduledAccessNetwork"...
Initializing...

Running simulation...
** Event #0   t=0   Elapsed: 4e-06s (0m 00s)
     Speed:     ev/sec=0   simsec/sec=0   ev/simsec=0
     Messages:  created: 2   present: 2   in FES: 2
** Event #236750   t=123.033799105728   Elapsed: 0.023957s (0m 00s)
     Speed:     ev/sec=9.88559e+06   simsec/sec=5137.32   ev/simsec=1924.27
     Messages:  created: 2   present: 2   in FES: 1

<!> Simulation stopped with endSimulation() -- in module (ScheduledAccessQueue) DectScheduledAccessNetwork.queue (id=2), at t=123.033799105728s, event #236750

Calling finish() at end of Run #218...

Preparing for running configuration MonetecPaperPlot, run #219...
Scenario: $r=20, $rho=0.757, $repetition=0
Assigned runID=MonetecPaperPlot-219-20260929-20:26:50-62
Setting up network "dect2020scheduledaccess.DectScheduledAccessNetwork"...
Initializing...

Running simulation...
** Event #0   t=0   Elapsed: 1.7e-05s (0m 00s)
     Speed:     ev/sec=0   simsec/sec=0   ev/simsec=0
     Messages:  created: 2   present: 2   in FES: 2
** Event #261322   t=123.041882461056   Elapsed: 0.026536s (0m 00s)
     Speed:     ev/sec=9.85563e+06   simsec/sec=4640.46   ev/simsec=2123.85
     Messages:  created: 2   present: 2   in FES: 1

<!> Simulation stopped with endSimulation() -- in module (ScheduledAccessQueue) DectScheduledAccessNetwork.queue (id=2), at t=123.041882461056s, event #261322

Calling finish() at end of Run #219...

Preparing for running configuration MonetecPaperPlot, run #220...
Scenario: $r=20, $rho=0.757, $repetition=1
Assigned runID=MonetecPaperPlot-220-20260929-20:26:50-62
Setting up network "dect2020scheduledaccess.DectScheduledAccessNetwork"...
Initializing...

Running simulation...
** Event #0   t=0   Elapsed: 2.5e-05s (0m 00s)
     Speed:     ev/sec=0   simsec/sec=0   ev/simsec=0
     Messages:  created: 2   present: 2   in FES: 2
** Event #261353   t=123.093673187377   Elapsed: 0.026573s (0m 00s)
     Speed:     ev/sec=9.8464e+06   simsec/sec=4637.51   ev/simsec=2123.21
     Messages:  created: 2   present: 2   in FES: 1

<!> Simulation stopped with endSimulation() -- in module (ScheduledAccessQueue) DectScheduledAccessNetwork.queue (id=2), at t=123.093673187377s, event #261353

Calling finish() at end of Run #220...

Preparing for running configuration MonetecPaperPlot, run #221...
Scenario: $r=20, $rho=0.757, $repetition=2
Assigned runID=MonetecPaperPlot-221-20260929-20:26:50-62
Setting up network "dect2020scheduledaccess.DectScheduledAccessNetwork"...
Initializing...

Running simulation...
** Event #0   t=0   Elapsed: 1.6e-05s (0m 00s)
     Speed:     ev/sec=0   simsec/sec=0   ev/simsec=0
     Messages:  created: 2   present: 2   in FES: 2
** Event #261074   t=122.968449367606   Elapsed: 0.026584s (0m 00s)
     Speed:     ev/sec=9.82848e+06   simsec/sec=4629.31   ev/simsec=2123.1
     Messages:  created: 2   present: 2   in FES: 1

<!> Simulation stopped with endSimulation() -- in module (ScheduledAccessQueue) DectScheduledAccessNetwork.queue (id=2), at t=122.968449367606s, event #261074

Calling finish() at end of Run #221...

Preparing for running configuration MonetecPaperPlot, run #222...
Scenario: $r=20, $rho=0.840, $repetition=0
Assigned runID=MonetecPaperPlot-222-20260929-20:26:50-62
Setting up network "dect2020scheduledaccess.DectScheduledAccessNetwork"...
Initializing...

Running simulation...
** Event #0   t=0   Elapsed: 3e-05s (0m 00s)
     Speed:     ev/sec=0   simsec/sec=0   ev/simsec=0
     Messages:  created: 2   present: 2   in FES: 2
** Event #285548   t=123.036743945695   Elapsed: 0.029197s (0m 00s)
     Speed:     ev/sec=9.79078e+06   simsec/sec=4218.64   ev/simsec=2320.84
     Messages:  created: 2   present: 2   in FES: 1

<!> Simulation stopped with endSimulation() -- in module (ScheduledAccessQueue) DectScheduledAccessNetwork.queue (id=2), at t=123.036743945695s, event #285548

Calling finish() at end of Run #222...

Preparing for running configuration MonetecPaperPlot, run #223...
Scenario: $r=20, $rho=0.840, $repetition=1
Assigned runID=MonetecPaperPlot-223-20260929-20:26:50-62
Setting up network "dect2020scheduledaccess.DectScheduledAccessNetwork"...
Initializing...

Running simulation...
** Event #0   t=0   Elapsed: 4.1e-05s (0m 00s)
     Speed:     ev/sec=0   simsec/sec=0   ev/simsec=0
     Messages:  created: 2   present: 2   in FES: 2
** Event #285807   t=123.080047898893   Elapsed: 0.029057s (0m 00s)
     Speed:     ev/sec=9.85168e+06   simsec/sec=4242.51   ev/simsec=2322.14
     Messages:  created: 2   present: 2   in FES: 1

<!> Simulation stopped with endSimulation() -- in module (ScheduledAccessQueue) DectScheduledAccessNetwork.queue (id=2), at t=123.080047898893s, event #285807

Calling finish() at end of Run #223...

Preparing for running configuration MonetecPaperPlot, run #224...
Scenario: $r=20, $rho=0.840, $repetition=2
Assigned runID=MonetecPaperPlot-224-20260929-20:26:50-62
Setting up network "dect2020scheduledaccess.DectScheduledAccessNetwork"...
Initializing...

Running simulation...
** Event #0   t=0   Elapsed: 2.2e-05s (0m 00s)
     Speed:     ev/sec=0   simsec/sec=0   ev/simsec=0
     Messages:  created: 2   present: 2   in FES: 2
** Event #285624   t=122.977706075586   Elapsed: 0.029521s (0m 00s)
     Speed:     ev/sec=9.68381e+06   simsec/sec=4169.44   ev/simsec=2322.57
     Messages:  created: 2   present: 2   in FES: 1

<!> Simulation stopped with endSimulation() -- in module (ScheduledAccessQueue) DectScheduledAccessNetwork.queue (id=2), at t=122.977706075586s, event #285624

Calling finish() at end of Run #224...

Preparing for running configuration MonetecPaperPlot, run #225...
Scenario: $r=20, $rho=0.923, $repetition=0
Assigned runID=MonetecPaperPlot-225-20260929-20:26:50-62
Setting up network "dect2020scheduledaccess.DectScheduledAccessNetwork"...
Initializing...

Running simulation...
** Event #0   t=0   Elapsed: 5e-06s (0m 00s)
     Speed:     ev/sec=0   simsec/sec=0   ev/simsec=0
     Messages:  created: 2   present: 2   in FES: 2
** Event #310266   t=123.110429978202   Elapsed: 0.031873s (0m 00s)
     Speed:     ev/sec=9.73872e+06   simsec/sec=3864.22   ev/simsec=2520.23
     Messages:  created: 2   present: 2   in FES: 1

<!> Simulation stopped with endSimulation() -- in module (ScheduledAccessQueue) DectScheduledAccessNetwork.queue (id=2), at t=123.110429978202s, event #310266

Calling finish() at end of Run #225...

Preparing for running configuration MonetecPaperPlot, run #226...
Scenario: $r=20, $rho=0.923, $repetition=1
Assigned runID=MonetecPaperPlot-226-20260929-20:26:50-62
Setting up network "dect2020scheduledaccess.DectScheduledAccessNetwork"...
Initializing...

Running simulation...
** Event #0   t=0   Elapsed: 5e-06s (0m 00s)
     Speed:     ev/sec=0   simsec/sec=0   ev/simsec=0
     Messages:  created: 2   present: 2   in FES: 2
** Event #310485   t=123.129821691214   Elapsed: 0.031444s (0m 00s)
     Speed:     ev/sec=9.87642e+06   simsec/sec=3916.72   ev/simsec=2521.61
     Messages:  created: 2   present: 2   in FES: 1

<!> Simulation stopped with endSimulation() -- in module (ScheduledAccessQueue) DectScheduledAccessNetwork.queue (id=2), at t=123.129821691214s, event #310485

Calling finish() at end of Run #226...

Preparing for running configuration MonetecPaperPlot, run #227...
Scenario: $r=20, $rho=0.923, $repetition=2
Assigned runID=MonetecPaperPlot-227-20260929-20:26:50-62
Setting up network "dect2020scheduledaccess.DectScheduledAccessNetwork"...
Initializing...

Running simulation...
** Event #0   t=0   Elapsed: 4e-06s (0m 00s)
     Speed:     ev/sec=0   simsec/sec=0   ev/simsec=0
     Messages:  created: 2   present: 2   in FES: 2
** Event #310860   t=123.082100101802   Elapsed: 0.031313s (0m 00s)
     Speed:     ev/sec=9.93068e+06   simsec/sec=3931.96   ev/simsec=2525.63
     Messages:  created: 2   present: 2   in FES: 1

<!> Simulation stopped with endSimulation() -- in module (ScheduledAccessQueue) DectScheduledAccessNetwork.queue (id=2), at t=123.082100101802s, event #310860

Calling finish() at end of Run #227...

Preparing for running configuration MonetecPaperPlot, run #228...
Scenario: $r=20, $rho=1.006, $repetition=0
Assigned runID=MonetecPaperPlot-228-20260929-20:26:50-62
Setting up network "dect2020scheduledaccess.DectScheduledAccessNetwork"...
Initializing...

Running simulation...
** Event #0   t=0   Elapsed: 4e-06s (0m 00s)
     Speed:     ev/sec=0   simsec/sec=0   ev/simsec=0
     Messages:  created: 2   present: 2   in FES: 2
** Event #334345   t=122.969362380165   Elapsed: 0.033752s (0m 00s)
     Speed:     ev/sec=9.90857e+06   simsec/sec=3644.27   ev/simsec=2718.94
     Messages:  created: 2   present: 2   in FES: 1

<!> Simulation stopped with endSimulation() -- in module (ScheduledAccessQueue) DectScheduledAccessNetwork.queue (id=2), at t=122.969362380165s, event #334345

Calling finish() at end of Run #228...

Preparing for running configuration MonetecPaperPlot, run #229...
Scenario: $r=20, $rho=1.006, $repetition=1
Assigned runID=MonetecPaperPlot-229-20260929-20:26:50-62
Setting up network "dect2020scheduledaccess.DectScheduledAccessNetwork"...
Initializing...

Running simulation...
** Event #0   t=0   Elapsed: 4e-06s (0m 00s)
     Speed:     ev/sec=0   simsec/sec=0   ev/simsec=0
     Messages:  created: 2   present: 2   in FES: 2
** Event #334342   t=123.042343903922   Elapsed: 0.033989s (0m 00s)
     Speed:     ev/sec=9.83938e+06   simsec/sec=3620.99   ev/simsec=2717.31
     Messages:  created: 2   present: 2   in FES: 1

<!> Simulation stopped with endSimulation() -- in module (ScheduledAccessQueue) DectScheduledAccessNetwork.queue (id=2), at t=123.042343903922s, event #334342

Calling finish() at end of Run #229...

Preparing for running configuration MonetecPaperPlot, run #230...
Scenario: $r=20, $rho=1.006, $repetition=2
Assigned runID=MonetecPaperPlot-230-20260929-20:26:50-62
Setting up network "dect2020scheduledaccess.DectScheduledAccessNetwork"...
Initializing...

Running simulation...
** Event #0   t=0   Elapsed: 5e-06s (0m 00s)
     Speed:     ev/sec=0   simsec/sec=0   ev/simsec=0
     Messages:  created: 2   present: 2   in FES: 2
** Event #334562   t=122.912399119418   Elapsed: 0.033825s (0m 00s)
     Speed:     ev/sec=9.8936e+06   simsec/sec=3634.74   ev/simsec=2721.96
     Messages:  created: 2   present: 2   in FES: 1

<!> Simulation stopped with endSimulation() -- in module (ScheduledAccessQueue) DectScheduledAccessNetwork.queue (id=2), at t=122.912399119418s, event #334562

Calling finish() at end of Run #230...

Preparing for running configuration MonetecPaperPlot, run #231...
Scenario: $r=20, $rho=1.089, $repetition=0
Assigned runID=MonetecPaperPlot-231-20260929-20:26:50-62
Setting up network "dect2020scheduledaccess.DectScheduledAccessNetwork"...
Initializing...

Running simulation...
** Event #0   t=0   Elapsed: 4e-06s (0m 00s)
     Speed:     ev/sec=0   simsec/sec=0   ev/simsec=0
     Messages:  created: 2   present: 2   in FES: 2
** Event #359044   t=123.056782246251   Elapsed: 0.036177s (0m 00s)
     Speed:     ev/sec=9.92712e+06   simsec/sec=3402.36   ev/simsec=2917.71
     Messages:  created: 2   present: 2   in FES: 1

<!> Simulation stopped with endSimulation() -- in module (ScheduledAccessQueue) DectScheduledAccessNetwork.queue (id=2), at t=123.056782246251s, event #359044

Calling finish() at end of Run #231...

Preparing for running configuration MonetecPaperPlot, run #232...
Scenario: $r=20, $rho=1.089, $repetition=1
Assigned runID=MonetecPaperPlot-232-20260929-20:26:50-62
Setting up network "dect2020scheduledaccess.DectScheduledAccessNetwork"...
Initializing...

Running simulation...
** Event #0   t=0   Elapsed: 4e-06s (0m 00s)
     Speed:     ev/sec=0   simsec/sec=0   ev/simsec=0
     Messages:  created: 2   present: 2   in FES: 2
** Event #358862   t=123.08271408847   Elapsed: 0.036639s (0m 00s)
     Speed:     ev/sec=9.79667e+06   simsec/sec=3360.07   ev/simsec=2915.62
     Messages:  created: 2   present: 2   in FES: 1

<!> Simulation stopped with endSimulation() -- in module (ScheduledAccessQueue) DectScheduledAccessNetwork.queue (id=2), at t=123.08271408847s, event #358862

Calling finish() at end of Run #232...

Preparing for running configuration MonetecPaperPlot, run #233...
Scenario: $r=20, $rho=1.089, $repetition=2
Assigned runID=MonetecPaperPlot-233-20260929-20:26:50-62
Setting up network "dect2020scheduledaccess.DectScheduledAccessNetwork"...
Initializing...

Running simulation...
** Event #0   t=0   Elapsed: 5e-06s (0m 00s)
     Speed:     ev/sec=0   simsec/sec=0   ev/simsec=0
     Messages:  created: 2   present: 2   in FES: 2
** Event #358908   t=122.894809177368   Elapsed: 0.036459s (0m 00s)
     Speed:     ev/sec=9.84658e+06   simsec/sec=3371.6   ev/simsec=2920.45
     Messages:  created: 2   present: 2   in FES: 1

<!> Simulation stopped with endSimulation() -- in module (ScheduledAccessQueue) DectScheduledAccessNetwork.queue (id=2), at t=122.894809177368s, event #358908

Calling finish() at end of Run #233...

Preparing for running configuration MonetecPaperPlot, run #234...
Scenario: $r=20, $rho=1.172, $repetition=0
Assigned runID=MonetecPaperPlot-234-20260929-20:26:50-62
Setting up network "dect2020scheduledaccess.DectScheduledAccessNetwork"...
Initializing...

Running simulation...
** Event #0   t=0   Elapsed: 4e-06s (0m 00s)
     Speed:     ev/sec=0   simsec/sec=0   ev/simsec=0
     Messages:  created: 2   present: 2   in FES: 2
** Event #384054   t=123.15782744946   Elapsed: 0.03869s (0m 00s)
     Speed:     ev/sec=9.92849e+06   simsec/sec=3183.85   ev/simsec=3118.39
     Messages:  created: 2   present: 2   in FES: 1

<!> Simulation stopped with endSimulation() -- in module (ScheduledAccessQueue) DectScheduledAccessNetwork.queue (id=2), at t=123.15782744946s, event #384054

Calling finish() at end of Run #234...

Preparing for running configuration MonetecPaperPlot, run #235...
Scenario: $r=20, $rho=1.172, $repetition=1
Assigned runID=MonetecPaperPlot-235-20260929-20:26:50-62
Setting up network "dect2020scheduledaccess.DectScheduledAccessNetwork"...
Initializing...

Running simulation...
** Event #0   t=0   Elapsed: 4e-06s (0m 00s)
     Speed:     ev/sec=0   simsec/sec=0   ev/simsec=0
     Messages:  created: 2   present: 2   in FES: 2
** Event #383102   t=122.990826051041   Elapsed: 0.038553s (0m 00s)
     Speed:     ev/sec=9.93986e+06   simsec/sec=3191.07   ev/simsec=3114.89
     Messages:  created: 2   present: 2   in FES: 1

<!> Simulation stopped with endSimulation() -- in module (ScheduledAccessQueue) DectScheduledAccessNetwork.queue (id=2), at t=122.990826051041s, event #383102

Calling finish() at end of Run #235...

Preparing for running configuration MonetecPaperPlot, run #236...
Scenario: $r=20, $rho=1.172, $repetition=2
Assigned runID=MonetecPaperPlot-236-20260929-20:26:50-62
Setting up network "dect2020scheduledaccess.DectScheduledAccessNetwork"...
Initializing...

Running simulation...
** Event #0   t=0   Elapsed: 4e-06s (0m 00s)
     Speed:     ev/sec=0   simsec/sec=0   ev/simsec=0
     Messages:  created: 2   present: 2   in FES: 2
** Event #384487   t=123.054781859702   Elapsed: 0.038944s (0m 00s)
     Speed:     ev/sec=9.8751e+06   simsec/sec=3160.52   ev/simsec=3124.52
     Messages:  created: 2   present: 2   in FES: 1

<!> Simulation stopped with endSimulation() -- in module (ScheduledAccessQueue) DectScheduledAccessNetwork.queue (id=2), at t=123.054781859702s, event #384487

Calling finish() at end of Run #236...

Preparing for running configuration MonetecPaperPlot, run #237...
Scenario: $r=20, $rho=1.255, $repetition=0
Assigned runID=MonetecPaperPlot-237-20260929-20:26:50-62
Setting up network "dect2020scheduledaccess.DectScheduledAccessNetwork"...
Initializing...

Running simulation...
** Event #0   t=0   Elapsed: 5e-06s (0m 00s)
     Speed:     ev/sec=0   simsec/sec=0   ev/simsec=0
     Messages:  created: 2   present: 2   in FES: 2
** Event #407840   t=123.013577540357   Elapsed: 0.041127s (0m 00s)
     Speed:     ev/sec=9.91853e+06   simsec/sec=2991.64   ev/simsec=3315.41
     Messages:  created: 2   present: 2   in FES: 1

<!> Simulation stopped with endSimulation() -- in module (ScheduledAccessQueue) DectScheduledAccessNetwork.queue (id=2), at t=123.013577540357s, event #407840

Calling finish() at end of Run #237...

Preparing for running configuration MonetecPaperPlot, run #238...
Scenario: $r=20, $rho=1.255, $repetition=1
Assigned runID=MonetecPaperPlot-238-20260929-20:26:50-62
Setting up network "dect2020scheduledaccess.DectScheduledAccessNetwork"...
Initializing...

Running simulation...
** Event #0   t=0   Elapsed: 4e-06s (0m 00s)
     Speed:     ev/sec=0   simsec/sec=0   ev/simsec=0
     Messages:  created: 2   present: 2   in FES: 2
** Event #408198   t=123.05738241961   Elapsed: 0.041335s (0m 00s)
     Speed:     ev/sec=9.87751e+06   simsec/sec=2977.71   ev/simsec=3317.15
     Messages:  created: 2   present: 2   in FES: 1

<!> Simulation stopped with endSimulation() -- in module (ScheduledAccessQueue) DectScheduledAccessNetwork.queue (id=2), at t=123.05738241961s, event #408198

Calling finish() at end of Run #238...

Preparing for running configuration MonetecPaperPlot, run #239...
Scenario: $r=20, $rho=1.255, $repetition=2
Assigned runID=MonetecPaperPlot-239-20260929-20:26:51-62
Setting up network "dect2020scheduledaccess.DectScheduledAccessNetwork"...
Initializing...

Running simulation...
** Event #0   t=0   Elapsed: 5e-06s (0m 00s)
     Speed:     ev/sec=0   simsec/sec=0   ev/simsec=0
     Messages:  created: 2   present: 2   in FES: 2
** Event #408070   t=122.925653493563   Elapsed: 0.041315s (0m 00s)
     Speed:     ev/sec=9.87896e+06   simsec/sec=2975.9   ev/simsec=3319.65
     Messages:  created: 2   present: 2   in FES: 1

<!> Simulation stopped with endSimulation() -- in module (ScheduledAccessQueue) DectScheduledAccessNetwork.queue (id=2), at t=122.925653493563s, event #408070

Calling finish() at end of Run #239...

Preparing for running configuration MonetecPaperPlot, run #240...
Scenario: $r=20, $rho=1.338, $repetition=0
Assigned runID=MonetecPaperPlot-240-20260929-20:26:51-62
Setting up network "dect2020scheduledaccess.DectScheduledAccessNetwork"...
Initializing...

Running simulation...
** Event #0   t=0   Elapsed: 4e-06s (0m 00s)
     Speed:     ev/sec=0   simsec/sec=0   ev/simsec=0
     Messages:  created: 2   present: 2   in FES: 2
** Event #432042   t=122.998776605762   Elapsed: 0.043617s (0m 00s)
     Speed:     ev/sec=9.90763e+06   simsec/sec=2820.62   ev/simsec=3512.57
     Messages:  created: 2   present: 2   in FES: 1

<!> Simulation stopped with endSimulation() -- in module (ScheduledAccessQueue) DectScheduledAccessNetwork.queue (id=2), at t=122.998776605762s, event #432042

Calling finish() at end of Run #240...

Preparing for running configuration MonetecPaperPlot, run #241...
Scenario: $r=20, $rho=1.338, $repetition=1
Assigned runID=MonetecPaperPlot-241-20260929-20:26:51-62
Setting up network "dect2020scheduledaccess.DectScheduledAccessNetwork"...
Initializing...

Running simulation...
** Event #0   t=0   Elapsed: 5e-06s (0m 00s)
     Speed:     ev/sec=0   simsec/sec=0   ev/simsec=0
     Messages:  created: 2   present: 2   in FES: 2
** Event #433394   t=123.185133714794   Elapsed: 0.043854s (0m 00s)
     Speed:     ev/sec=9.88694e+06   simsec/sec=2810.19   ev/simsec=3518.24
     Messages:  created: 2   present: 2   in FES: 1

<!> Simulation stopped with endSimulation() -- in module (ScheduledAccessQueue) DectScheduledAccessNetwork.queue (id=2), at t=123.185133714794s, event #433394

Calling finish() at end of Run #241...

Preparing for running configuration MonetecPaperPlot, run #242...
Scenario: $r=20, $rho=1.338, $repetition=2
Assigned runID=MonetecPaperPlot-242-20260929-20:26:51-62
Setting up network "dect2020scheduledaccess.DectScheduledAccessNetwork"...
Initializing...

Running simulation...
** Event #0   t=0   Elapsed: 5e-06s (0m 00s)
     Speed:     ev/sec=0   simsec/sec=0   ev/simsec=0
     Messages:  created: 2   present: 2   in FES: 2
** Event #432527   t=122.962522008242   Elapsed: 0.043505s (0m 00s)
     Speed:     ev/sec=9.94406e+06   simsec/sec=2826.98   ev/simsec=3517.56
     Messages:  created: 2   present: 2   in FES: 1

<!> Simulation stopped with endSimulation() -- in module (ScheduledAccessQueue) DectScheduledAccessNetwork.queue (id=2), at t=122.962522008242s, event #432527

Calling finish() at end of Run #242...

Preparing for running configuration MonetecPaperPlot, run #243...
Scenario: $r=20, $rho=1.421, $repetition=0
Assigned runID=MonetecPaperPlot-243-20260929-20:26:51-62
Setting up network "dect2020scheduledaccess.DectScheduledAccessNetwork"...
Initializing...

Running simulation...
** Event #0   t=0   Elapsed: 4e-06s (0m 00s)
     Speed:     ev/sec=0   simsec/sec=0   ev/simsec=0
     Messages:  created: 2   present: 2   in FES: 2
** Event #457057   t=123.083428578979   Elapsed: 0.045913s (0m 00s)
     Speed:     ev/sec=9.95658e+06   simsec/sec=2681.26   ev/simsec=3713.4
     Messages:  created: 2   present: 2   in FES: 1

<!> Simulation stopped with endSimulation() -- in module (ScheduledAccessQueue) DectScheduledAccessNetwork.queue (id=2), at t=123.083428578979s, event #457057

Calling finish() at end of Run #243...

Preparing for running configuration MonetecPaperPlot, run #244...
Scenario: $r=20, $rho=1.421, $repetition=1
Assigned runID=MonetecPaperPlot-244-20260929-20:26:51-62
Setting up network "dect2020scheduledaccess.DectScheduledAccessNetwork"...
Initializing...

Running simulation...
** Event #0   t=0   Elapsed: 4e-06s (0m 00s)
     Speed:     ev/sec=0   simsec/sec=0   ev/simsec=0
     Messages:  created: 2   present: 2   in FES: 2
** Event #456383   t=122.900513073726   Elapsed: 0.046362s (0m 00s)
     Speed:     ev/sec=9.84581e+06   simsec/sec=2651.4   ev/simsec=3713.44
     Messages:  created: 2   present: 2   in FES: 1

<!> Simulation stopped with endSimulation() -- in module (ScheduledAccessQueue) DectScheduledAccessNetwork.queue (id=2), at t=122.900513073726s, event #456383

Calling finish() at end of Run #244...

Preparing for running configuration MonetecPaperPlot, run #245...
Scenario: $r=20, $rho=1.421, $repetition=2
Assigned runID=MonetecPaperPlot-245-20260929-20:26:51-62
Setting up network "dect2020scheduledaccess.DectScheduledAccessNetwork"...
Initializing...

Running simulation...
** Event #0   t=0   Elapsed: 5e-06s (0m 00s)
     Speed:     ev/sec=0   simsec/sec=0   ev/simsec=0
     Messages:  created: 2   present: 2   in FES: 2
** Event #456917   t=122.97540255984   Elapsed: 0.046089s (0m 00s)
     Speed:     ev/sec=9.91595e+06   simsec/sec=2668.79   ev/simsec=3715.52
     Messages:  created: 2   present: 2   in FES: 1

<!> Simulation stopped with endSimulation() -- in module (ScheduledAccessQueue) DectScheduledAccessNetwork.queue (id=2), at t=122.97540255984s, event #456917

Calling finish() at end of Run #245...

Preparing for running configuration MonetecPaperPlot, run #246...
Scenario: $r=20, $rho=1.504, $repetition=0
Assigned runID=MonetecPaperPlot-246-20260929-20:26:51-62
Setting up network "dect2020scheduledaccess.DectScheduledAccessNetwork"...
Initializing...

Running simulation...
** Event #0   t=0   Elapsed: 5e-06s (0m 00s)
     Speed:     ev/sec=0   simsec/sec=0   ev/simsec=0
     Messages:  created: 2   present: 2   in FES: 2
** Event #481004   t=122.964371025015   Elapsed: 0.048429s (0m 00s)
     Speed:     ev/sec=9.93358e+06   simsec/sec=2539.43   ev/simsec=3911.74
     Messages:  created: 2   present: 2   in FES: 1

<!> Simulation stopped with endSimulation() -- in module (ScheduledAccessQueue) DectScheduledAccessNetwork.queue (id=2), at t=122.964371025015s, event #481004

Calling finish() at end of Run #246...

Preparing for running configuration MonetecPaperPlot, run #247...
Scenario: $r=20, $rho=1.504, $repetition=1
Assigned runID=MonetecPaperPlot-247-20260929-20:26:51-62
Setting up network "dect2020scheduledaccess.DectScheduledAccessNetwork"...
Initializing...

Running simulation...
** Event #0   t=0   Elapsed: 4e-06s (0m 00s)
     Speed:     ev/sec=0   simsec/sec=0   ev/simsec=0
     Messages:  created: 2   present: 2   in FES: 2
** Event #481516   t=123.04204548231   Elapsed: 0.04857s (0m 00s)
     Speed:     ev/sec=9.91529e+06   simsec/sec=2533.65   ev/simsec=3913.43
     Messages:  created: 2   present: 2   in FES: 1

<!> Simulation stopped with endSimulation() -- in module (ScheduledAccessQueue) DectScheduledAccessNetwork.queue (id=2), at t=123.04204548231s, event #481516

Calling finish() at end of Run #247...

Preparing for running configuration MonetecPaperPlot, run #248...
Scenario: $r=20, $rho=1.504, $repetition=2
Assigned runID=MonetecPaperPlot-248-20260929-20:26:51-62
Setting up network "dect2020scheduledaccess.DectScheduledAccessNetwork"...
Initializing...

Running simulation...
** Event #0   t=0   Elapsed: 2.4e-05s (0m 00s)
     Speed:     ev/sec=0   simsec/sec=0   ev/simsec=0
     Messages:  created: 2   present: 2   in FES: 2
** Event #481441   t=122.978348573929   Elapsed: 0.048998s (0m 00s)
     Speed:     ev/sec=9.83235e+06   simsec/sec=2511.56   ev/simsec=3914.84
     Messages:  created: 2   present: 2   in FES: 1

<!> Simulation stopped with endSimulation() -- in module (ScheduledAccessQueue) DectScheduledAccessNetwork.queue (id=2), at t=122.978348573929s, event #481441

Calling finish() at end of Run #248...

Preparing for running configuration MonetecPaperPlot, run #249...
Scenario: $r=20, $rho=1.587, $repetition=0
Assigned runID=MonetecPaperPlot-249-20260929-20:26:51-62
Setting up network "dect2020scheduledaccess.DectScheduledAccessNetwork"...
Initializing...

Running simulation...
** Event #0   t=0   Elapsed: 2.8e-05s (0m 00s)
     Speed:     ev/sec=0   simsec/sec=0   ev/simsec=0
     Messages:  created: 2   present: 2   in FES: 2
** Event #505720   t=122.969879323011   Elapsed: 0.050991s (0m 00s)
     Speed:     ev/sec=9.92406e+06   simsec/sec=2413.11   ev/simsec=4112.55
     Messages:  created: 2   present: 2   in FES: 1

<!> Simulation stopped with endSimulation() -- in module (ScheduledAccessQueue) DectScheduledAccessNetwork.queue (id=2), at t=122.969879323011s, event #505720

Calling finish() at end of Run #249...

Preparing for running configuration MonetecPaperPlot, run #250...
Scenario: $r=20, $rho=1.587, $repetition=1
Assigned runID=MonetecPaperPlot-250-20260929-20:26:51-62
Setting up network "dect2020scheduledaccess.DectScheduledAccessNetwork"...
Initializing...

Running simulation...
** Event #0   t=0   Elapsed: 5e-06s (0m 00s)
     Speed:     ev/sec=0   simsec/sec=0   ev/simsec=0
     Messages:  created: 2   present: 2   in FES: 2
** Event #506045   t=123.035572298093   Elapsed: 0.050974s (0m 00s)
     Speed:     ev/sec=9.92946e+06   simsec/sec=2414.17   ev/simsec=4113
     Messages:  created: 2   present: 2   in FES: 1

<!> Simulation stopped with endSimulation() -- in module (ScheduledAccessQueue) DectScheduledAccessNetwork.queue (id=2), at t=123.035572298093s, event #506045

Calling finish() at end of Run #250...

Preparing for running configuration MonetecPaperPlot, run #251...
Scenario: $r=20, $rho=1.587, $repetition=2
Assigned runID=MonetecPaperPlot-251-20260929-20:26:51-62
Setting up network "dect2020scheduledaccess.DectScheduledAccessNetwork"...
Initializing...

Running simulation...
** Event #0   t=0   Elapsed: 6e-06s (0m 00s)
     Speed:     ev/sec=0   simsec/sec=0   ev/simsec=0
     Messages:  created: 2   present: 2   in FES: 2
** Event #506477   t=123.013986731123   Elapsed: 0.051575s (0m 00s)
     Speed:     ev/sec=9.82363e+06   simsec/sec=2385.98   ev/simsec=4117.23
     Messages:  created: 2   present: 2   in FES: 1

<!> Simulation stopped with endSimulation() -- in module (ScheduledAccessQueue) DectScheduledAccessNetwork.queue (id=2), at t=123.013986731123s, event #506477

Calling finish() at end of Run #251...

Preparing for running configuration MonetecPaperPlot, run #252...
Scenario: $r=20, $rho=1.670, $repetition=0
Assigned runID=MonetecPaperPlot-252-20260929-20:26:51-62
Setting up network "dect2020scheduledaccess.DectScheduledAccessNetwork"...
Initializing...

Running simulation...
** Event #0   t=0   Elapsed: 6e-06s (0m 00s)
     Speed:     ev/sec=0   simsec/sec=0   ev/simsec=0
     Messages:  created: 2   present: 2   in FES: 2
** Event #531192   t=123.078760862512   Elapsed: 0.053407s (0m 00s)
     Speed:     ev/sec=9.94797e+06   simsec/sec=2304.97   ev/simsec=4315.87
     Messages:  created: 2   present: 2   in FES: 1

<!> Simulation stopped with endSimulation() -- in module (ScheduledAccessQueue) DectScheduledAccessNetwork.queue (id=2), at t=123.078760862512s, event #531192

Calling finish() at end of Run #252...

Preparing for running configuration MonetecPaperPlot, run #253...
Scenario: $r=20, $rho=1.670, $repetition=1
Assigned runID=MonetecPaperPlot-253-20260929-20:26:51-62
Setting up network "dect2020scheduledaccess.DectScheduledAccessNetwork"...
Initializing...

Running simulation...
** Event #0   t=0   Elapsed: 5e-06s (0m 00s)
     Speed:     ev/sec=0   simsec/sec=0   ev/simsec=0
     Messages:  created: 2   present: 2   in FES: 2
** Event #530486   t=123.022672977619   Elapsed: 0.053472s (0m 00s)
     Speed:     ev/sec=9.92267e+06   simsec/sec=2301.12   ev/simsec=4312.1
     Messages:  created: 2   present: 2   in FES: 1

<!> Simulation stopped with endSimulation() -- in module (ScheduledAccessQueue) DectScheduledAccessNetwork.queue (id=2), at t=123.022672977619s, event #530486

Calling finish() at end of Run #253...

Preparing for running configuration MonetecPaperPlot, run #254...
Scenario: $r=20, $rho=1.670, $repetition=2
Assigned runID=MonetecPaperPlot-254-20260929-20:26:51-62
Setting up network "dect2020scheduledaccess.DectScheduledAccessNetwork"...
Initializing...

Running simulation...
** Event #0   t=0   Elapsed: 4e-06s (0m 00s)
     Speed:     ev/sec=0   simsec/sec=0   ev/simsec=0
     Messages:  created: 2   present: 2   in FES: 2
** Event #531584   t=123.088043591379   Elapsed: 0.053549s (0m 00s)
     Speed:     ev/sec=9.92891e+06   simsec/sec=2299.03   ev/simsec=4318.73
     Messages:  created: 2   present: 2   in FES: 1

<!> Simulation stopped with endSimulation() -- in module (ScheduledAccessQueue) DectScheduledAccessNetwork.queue (id=2), at t=123.088043591379s, event #531584

Calling finish() at end of Run #254...

Preparing for running configuration MonetecPaperPlot, run #255...
Scenario: $r=20, $rho=1.753, $repetition=0
Assigned runID=MonetecPaperPlot-255-20260929-20:26:51-62
Setting up network "dect2020scheduledaccess.DectScheduledAccessNetwork"...
Initializing...

Running simulation...
** Event #0   t=0   Elapsed: 4e-06s (0m 00s)
     Speed:     ev/sec=0   simsec/sec=0   ev/simsec=0
     Messages:  created: 2   present: 2   in FES: 2
** Event #555463   t=122.985970410531   Elapsed: 0.055785s (0m 00s)
     Speed:     ev/sec=9.959e+06   simsec/sec=2205.03   ev/simsec=4516.48
     Messages:  created: 2   present: 2   in FES: 1

<!> Simulation stopped with endSimulation() -- in module (ScheduledAccessQueue) DectScheduledAccessNetwork.queue (id=2), at t=122.985970410531s, event #555463

Calling finish() at end of Run #255...

Preparing for running configuration MonetecPaperPlot, run #256...
Scenario: $r=20, $rho=1.753, $repetition=1
Assigned runID=MonetecPaperPlot-256-20260929-20:26:51-62
Setting up network "dect2020scheduledaccess.DectScheduledAccessNetwork"...
Initializing...

Running simulation...
** Event #0   t=0   Elapsed: 6e-06s (0m 00s)
     Speed:     ev/sec=0   simsec/sec=0   ev/simsec=0
     Messages:  created: 2   present: 2   in FES: 2
** Event #554670   t=122.999667891124   Elapsed: 0.055997s (0m 00s)
     Speed:     ev/sec=9.90712e+06   simsec/sec=2196.93   ev/simsec=4509.53
     Messages:  created: 2   present: 2   in FES: 1

<!> Simulation stopped with endSimulation() -- in module (ScheduledAccessQueue) DectScheduledAccessNetwork.queue (id=2), at t=122.999667891124s, event #554670

Calling finish() at end of Run #256...

Preparing for running configuration MonetecPaperPlot, run #257...
Scenario: $r=20, $rho=1.753, $repetition=2
Assigned runID=MonetecPaperPlot-257-20260929-20:26:51-62
Setting up network "dect2020scheduledaccess.DectScheduledAccessNetwork"...
Initializing...

Running simulation...
** Event #0   t=0   Elapsed: 4e-06s (0m 00s)
     Speed:     ev/sec=0   simsec/sec=0   ev/simsec=0
     Messages:  created: 2   present: 2   in FES: 2
** Event #555968   t=123.066934765487   Elapsed: 0.055944s (0m 00s)
     Speed:     ev/sec=9.93936e+06   simsec/sec=2200.13   ev/simsec=4517.62
     Messages:  created: 2   present: 2   in FES: 1

<!> Simulation stopped with endSimulation() -- in module (ScheduledAccessQueue) DectScheduledAccessNetwork.queue (id=2), at t=123.066934765487s, event #555968

Calling finish() at end of Run #257...

Preparing for running configuration MonetecPaperPlot, run #258...
Scenario: $r=20, $rho=1.836, $repetition=0
Assigned runID=MonetecPaperPlot-258-20260929-20:26:52-62
Setting up network "dect2020scheduledaccess.DectScheduledAccessNetwork"...
Initializing...

Running simulation...
** Event #0   t=0   Elapsed: 5e-06s (0m 00s)
     Speed:     ev/sec=0   simsec/sec=0   ev/simsec=0
     Messages:  created: 2   present: 2   in FES: 2
** Event #579894   t=123.000728665184   Elapsed: 0.058676s (0m 00s)
     Speed:     ev/sec=9.88467e+06   simsec/sec=2096.63   ev/simsec=4714.56
     Messages:  created: 2   present: 2   in FES: 1

<!> Simulation stopped with endSimulation() -- in module (ScheduledAccessQueue) DectScheduledAccessNetwork.queue (id=2), at t=123.000728665184s, event #579894

Calling finish() at end of Run #258...

Preparing for running configuration MonetecPaperPlot, run #259...
Scenario: $r=20, $rho=1.836, $repetition=1
Assigned runID=MonetecPaperPlot-259-20260929-20:26:52-62
Setting up network "dect2020scheduledaccess.DectScheduledAccessNetwork"...
Initializing...

Running simulation...
** Event #0   t=0   Elapsed: 4e-06s (0m 00s)
     Speed:     ev/sec=0   simsec/sec=0   ev/simsec=0
     Messages:  created: 2   present: 2   in FES: 2
** Event #579540   t=123.05158013154   Elapsed: 0.058289s (0m 00s)
     Speed:     ev/sec=9.94389e+06   simsec/sec=2111.35   ev/simsec=4709.74
     Messages:  created: 2   present: 2   in FES: 1

<!> Simulation stopped with endSimulation() -- in module (ScheduledAccessQueue) DectScheduledAccessNetwork.queue (id=2), at t=123.05158013154s, event #579540

Calling finish() at end of Run #259...

Preparing for running configuration MonetecPaperPlot, run #260...
Scenario: $r=20, $rho=1.836, $repetition=2
Assigned runID=MonetecPaperPlot-260-20260929-20:26:52-62
Setting up network "dect2020scheduledaccess.DectScheduledAccessNetwork"...
Initializing...

Running simulation...
** Event #0   t=0   Elapsed: 5e-06s (0m 00s)
     Speed:     ev/sec=0   simsec/sec=0   ev/simsec=0
     Messages:  created: 2   present: 2   in FES: 2
** Event #580252   t=123.025231244995   Elapsed: 0.058513s (0m 00s)
     Speed:     ev/sec=9.91816e+06   simsec/sec=2102.85   ev/simsec=4716.53
     Messages:  created: 2   present: 2   in FES: 1

<!> Simulation stopped with endSimulation() -- in module (ScheduledAccessQueue) DectScheduledAccessNetwork.queue (id=2), at t=123.025231244995s, event #580252

Calling finish() at end of Run #260...

Preparing for running configuration MonetecPaperPlot, run #261...
Scenario: $r=20, $rho=1.919, $repetition=0
Assigned runID=MonetecPaperPlot-261-20260929-20:26:52-62
Setting up network "dect2020scheduledaccess.DectScheduledAccessNetwork"...
Initializing...

Running simulation...
** Event #0   t=0   Elapsed: 5e-06s (0m 00s)
     Speed:     ev/sec=0   simsec/sec=0   ev/simsec=0
     Messages:  created: 2   present: 2   in FES: 2
** Event #605041   t=123.087996812726   Elapsed: 0.060892s (0m 00s)
     Speed:     ev/sec=9.93777e+06   simsec/sec=2021.71   ev/simsec=4915.52
     Messages:  created: 2   present: 2   in FES: 1

<!> Simulation stopped with endSimulation() -- in module (ScheduledAccessQueue) DectScheduledAccessNetwork.queue (id=2), at t=123.087996812726s, event #605041

Calling finish() at end of Run #261...

Preparing for running configuration MonetecPaperPlot, run #262...
Scenario: $r=20, $rho=1.919, $repetition=1
Assigned runID=MonetecPaperPlot-262-20260929-20:26:52-62
Setting up network "dect2020scheduledaccess.DectScheduledAccessNetwork"...
Initializing...

Running simulation...
** Event #0   t=0   Elapsed: 4e-06s (0m 00s)
     Speed:     ev/sec=0   simsec/sec=0   ev/simsec=0
     Messages:  created: 2   present: 2   in FES: 2
** Event #604023   t=123.053618107674   Elapsed: 0.06097s (0m 00s)
     Speed:     ev/sec=9.90851e+06   simsec/sec=2018.59   ev/simsec=4908.62
     Messages:  created: 2   present: 2   in FES: 1

<!> Simulation stopped with endSimulation() -- in module (ScheduledAccessQueue) DectScheduledAccessNetwork.queue (id=2), at t=123.053618107674s, event #604023

Calling finish() at end of Run #262...

Preparing for running configuration MonetecPaperPlot, run #263...
Scenario: $r=20, $rho=1.919, $repetition=2
Assigned runID=MonetecPaperPlot-263-20260929-20:26:52-62
Setting up network "dect2020scheduledaccess.DectScheduledAccessNetwork"...
Initializing...

Running simulation...
** Event #0   t=0   Elapsed: 5e-06s (0m 00s)
     Speed:     ev/sec=0   simsec/sec=0   ev/simsec=0
     Messages:  created: 2   present: 2   in FES: 2
** Event #605328   t=123.07426438716   Elapsed: 0.060854s (0m 00s)
     Speed:     ev/sec=9.94869e+06   simsec/sec=2022.75   ev/simsec=4918.4
     Messages:  created: 2   present: 2   in FES: 1

<!> Simulation stopped with endSimulation() -- in module (ScheduledAccessQueue) DectScheduledAccessNetwork.queue (id=2), at t=123.07426438716s, event #605328

Calling finish() at end of Run #263...

Preparing for running configuration MonetecPaperPlot, run #264...
Scenario: $r=20, $rho=2.002, $repetition=0
Assigned runID=MonetecPaperPlot-264-20260929-20:26:52-62
Setting up network "dect2020scheduledaccess.DectScheduledAccessNetwork"...
Initializing...

Running simulation...
** Event #0   t=0   Elapsed: 5e-06s (0m 00s)
     Speed:     ev/sec=0   simsec/sec=0   ev/simsec=0
     Messages:  created: 2   present: 2   in FES: 2
** Event #628568   t=122.947342894648   Elapsed: 0.063352s (0m 00s)
     Speed:     ev/sec=9.92309e+06   simsec/sec=1940.95   ev/simsec=5112.5
     Messages:  created: 2   present: 2   in FES: 1

<!> Simulation stopped with endSimulation() -- in module (ScheduledAccessQueue) DectScheduledAccessNetwork.queue (id=2), at t=122.947342894648s, event #628568

Calling finish() at end of Run #264...

Preparing for running configuration MonetecPaperPlot, run #265...
Scenario: $r=20, $rho=2.002, $repetition=1
Assigned runID=MonetecPaperPlot-265-20260929-20:26:52-62
Setting up network "dect2020scheduledaccess.DectScheduledAccessNetwork"...
Initializing...

Running simulation...
** Event #0   t=0   Elapsed: 3e-06s (0m 00s)
     Speed:     ev/sec=0   simsec/sec=0   ev/simsec=0
     Messages:  created: 2   present: 2   in FES: 2
** Event #628345   t=123.054394524536   Elapsed: 0.063315s (0m 00s)
     Speed:     ev/sec=9.92552e+06   simsec/sec=1943.8   ev/simsec=5106.24
     Messages:  created: 2   present: 2   in FES: 1

<!> Simulation stopped with endSimulation() -- in module (ScheduledAccessQueue) DectScheduledAccessNetwork.queue (id=2), at t=123.054394524536s, event #628345

Calling finish() at end of Run #265...

Preparing for running configuration MonetecPaperPlot, run #266...
Scenario: $r=20, $rho=2.002, $repetition=2
Assigned runID=MonetecPaperPlot-266-20260929-20:26:52-62
Setting up network "dect2020scheduledaccess.DectScheduledAccessNetwork"...
Initializing...

Running simulation...
** Event #0   t=0   Elapsed: 5e-06s (0m 00s)
     Speed:     ev/sec=0   simsec/sec=0   ev/simsec=0
     Messages:  created: 2   present: 2   in FES: 2
** Event #630103   t=123.121065631079   Elapsed: 0.06335s (0m 00s)
     Speed:     ev/sec=9.94779e+06   simsec/sec=1943.78   ev/simsec=5117.75
     Messages:  created: 2   present: 2   in FES: 1

<!> Simulation stopped with endSimulation() -- in module (ScheduledAccessQueue) DectScheduledAccessNetwork.queue (id=2), at t=123.121065631079s, event #630103

Calling finish() at end of Run #266...

Preparing for running configuration MonetecPaperPlot, run #267...
Scenario: $r=20, $rho=2.085, $repetition=0
Assigned runID=MonetecPaperPlot-267-20260929-20:26:52-62
Setting up network "dect2020scheduledaccess.DectScheduledAccessNetwork"...
Initializing...

Running simulation...
** Event #0   t=0   Elapsed: 5e-06s (0m 00s)
     Speed:     ev/sec=0   simsec/sec=0   ev/simsec=0
     Messages:  created: 2   present: 2   in FES: 2
** Event #653089   t=122.955372726812   Elapsed: 0.065656s (0m 00s)
     Speed:     ev/sec=9.94865e+06   simsec/sec=1873.01   ev/simsec=5311.59
     Messages:  created: 2   present: 2   in FES: 1

<!> Simulation stopped with endSimulation() -- in module (ScheduledAccessQueue) DectScheduledAccessNetwork.queue (id=2), at t=122.955372726812s, event #653089

Calling finish() at end of Run #267...

Preparing for running configuration MonetecPaperPlot, run #268...
Scenario: $r=20, $rho=2.085, $repetition=1
Assigned runID=MonetecPaperPlot-268-20260929-20:26:52-62
Setting up network "dect2020scheduledaccess.DectScheduledAccessNetwork"...
Initializing...

Running simulation...
** Event #0   t=0   Elapsed: 4e-06s (0m 00s)
     Speed:     ev/sec=0   simsec/sec=0   ev/simsec=0
     Messages:  created: 2   present: 2   in FES: 2
** Event #652522   t=123.013350301314   Elapsed: 0.066149s (0m 00s)
     Speed:     ev/sec=9.86577e+06   simsec/sec=1859.89   ev/simsec=5304.48
     Messages:  created: 2   present: 2   in FES: 1

<!> Simulation stopped with endSimulation() -- in module (ScheduledAccessQueue) DectScheduledAccessNetwork.queue (id=2), at t=123.013350301314s, event #652522

Calling finish() at end of Run #268...

Preparing for running configuration MonetecPaperPlot, run #269...
Scenario: $r=20, $rho=2.085, $repetition=2
Assigned runID=MonetecPaperPlot-269-20260929-20:26:52-62
Setting up network "dect2020scheduledaccess.DectScheduledAccessNetwork"...
Initializing...

Running simulation...
** Event #0   t=0   Elapsed: 4e-06s (0m 00s)
     Speed:     ev/sec=0   simsec/sec=0   ev/simsec=0
     Messages:  created: 2   present: 2   in FES: 2
** Event #654392   t=123.04577144002   Elapsed: 0.066074s (0m 00s)
     Speed:     ev/sec=9.90543e+06   simsec/sec=1862.52   ev/simsec=5318.29
     Messages:  created: 2   present: 2   in FES: 1

<!> Simulation stopped with endSimulation() -- in module (ScheduledAccessQueue) DectScheduledAccessNetwork.queue (id=2), at t=123.04577144002s, event #654392

Calling finish() at end of Run #269...

Preparing for running configuration MonetecPaperPlot, run #270...
Scenario: $r=20, $rho=2.168, $repetition=0
Assigned runID=MonetecPaperPlot-270-20260929-20:26:52-62
Setting up network "dect2020scheduledaccess.DectScheduledAccessNetwork"...
Initializing...

Running simulation...
** Event #0   t=0   Elapsed: 6e-06s (0m 00s)
     Speed:     ev/sec=0   simsec/sec=0   ev/simsec=0
     Messages:  created: 2   present: 2   in FES: 2
** Event #678683   t=123.06829466318   Elapsed: 0.068251s (0m 00s)
     Speed:     ev/sec=9.94553e+06   simsec/sec=1803.46   ev/simsec=5514.69
     Messages:  created: 2   present: 2   in FES: 1

<!> Simulation stopped with endSimulation() -- in module (ScheduledAccessQueue) DectScheduledAccessNetwork.queue (id=2), at t=123.06829466318s, event #678683

Calling finish() at end of Run #270...

Preparing for running configuration MonetecPaperPlot, run #271...
Scenario: $r=20, $rho=2.168, $repetition=1
Assigned runID=MonetecPaperPlot-271-20260929-20:26:52-62
Setting up network "dect2020scheduledaccess.DectScheduledAccessNetwork"...
Initializing...

Running simulation...
** Event #0   t=0   Elapsed: 6e-06s (0m 00s)
     Speed:     ev/sec=0   simsec/sec=0   ev/simsec=0
     Messages:  created: 2   present: 2   in FES: 2
** Event #677203   t=123.025510352412   Elapsed: 0.067917s (0m 00s)
     Speed:     ev/sec=9.97221e+06   simsec/sec=1811.62   ev/simsec=5504.58
     Messages:  created: 2   present: 2   in FES: 1

<!> Simulation stopped with endSimulation() -- in module (ScheduledAccessQueue) DectScheduledAccessNetwork.queue (id=2), at t=123.025510352412s, event #677203

Calling finish() at end of Run #271...

Preparing for running configuration MonetecPaperPlot, run #272...
Scenario: $r=20, $rho=2.168, $repetition=2
Assigned runID=MonetecPaperPlot-272-20260929-20:26:52-62
Setting up network "dect2020scheduledaccess.DectScheduledAccessNetwork"...
Initializing...

Running simulation...
** Event #0   t=0   Elapsed: 4e-06s (0m 00s)
     Speed:     ev/sec=0   simsec/sec=0   ev/simsec=0
     Messages:  created: 2   present: 2   in FES: 2
** Event #678986   t=123.067243572244   Elapsed: 0.068305s (0m 00s)
     Speed:     ev/sec=9.94152e+06   simsec/sec=1801.92   ev/simsec=5517.2
     Messages:  created: 2   present: 2   in FES: 1

<!> Simulation stopped with endSimulation() -- in module (ScheduledAccessQueue) DectScheduledAccessNetwork.queue (id=2), at t=123.067243572244s, event #678986

Calling finish() at end of Run #272...

Preparing for running configuration MonetecPaperPlot, run #273...
Scenario: $r=20, $rho=2.251, $repetition=0
Assigned runID=MonetecPaperPlot-273-20260929-20:26:52-62
Setting up network "dect2020scheduledaccess.DectScheduledAccessNetwork"...
Initializing...

Running simulation...
** Event #0   t=0   Elapsed: 4e-06s (0m 00s)
     Speed:     ev/sec=0   simsec/sec=0   ev/simsec=0
     Messages:  created: 2   present: 2   in FES: 2
** Event #701956   t=122.930687273539   Elapsed: 0.070734s (0m 00s)
     Speed:     ev/sec=9.92515e+06   simsec/sec=1738.15   ev/simsec=5710.18
     Messages:  created: 2   present: 2   in FES: 1

<!> Simulation stopped with endSimulation() -- in module (ScheduledAccessQueue) DectScheduledAccessNetwork.queue (id=2), at t=122.930687273539s, event #701956

Calling finish() at end of Run #273...

Preparing for running configuration MonetecPaperPlot, run #274...
Scenario: $r=20, $rho=2.251, $repetition=1
Assigned runID=MonetecPaperPlot-274-20260929-20:26:53-62
Setting up network "dect2020scheduledaccess.DectScheduledAccessNetwork"...
Initializing...

Running simulation...
** Event #0   t=0   Elapsed: 5e-06s (0m 00s)
     Speed:     ev/sec=0   simsec/sec=0   ev/simsec=0
     Messages:  created: 2   present: 2   in FES: 2
** Event #701611   t=122.993597312438   Elapsed: 0.070463s (0m 00s)
     Speed:     ev/sec=9.95857e+06   simsec/sec=1745.75   ev/simsec=5704.45
     Messages:  created: 2   present: 2   in FES: 1

<!> Simulation stopped with endSimulation() -- in module (ScheduledAccessQueue) DectScheduledAccessNetwork.queue (id=2), at t=122.993597312438s, event #701611

Calling finish() at end of Run #274...

Preparing for running configuration MonetecPaperPlot, run #275...
Scenario: $r=20, $rho=2.251, $repetition=2
Assigned runID=MonetecPaperPlot-275-20260929-20:26:53-62
Setting up network "dect2020scheduledaccess.DectScheduledAccessNetwork"...
Initializing...

Running simulation...
** Event #0   t=0   Elapsed: 6e-06s (0m 00s)
     Speed:     ev/sec=0   simsec/sec=0   ev/simsec=0
     Messages:  created: 2   present: 2   in FES: 2
** Event #703191   t=123.004045640948   Elapsed: 0.070519s (0m 00s)
     Speed:     ev/sec=9.97293e+06   simsec/sec=1744.49   ev/simsec=5716.82
     Messages:  created: 2   present: 2   in FES: 1

<!> Simulation stopped with endSimulation() -- in module (ScheduledAccessQueue) DectScheduledAccessNetwork.queue (id=2), at t=123.004045640948s, event #703191

Calling finish() at end of Run #275...

Preparing for running configuration MonetecPaperPlot, run #276...
Scenario: $r=20, $rho=2.334, $repetition=0
Assigned runID=MonetecPaperPlot-276-20260929-20:26:53-62
Setting up network "dect2020scheduledaccess.DectScheduledAccessNetwork"...
Initializing...

Running simulation...
** Event #0   t=0   Elapsed: 4e-06s (0m 00s)
     Speed:     ev/sec=0   simsec/sec=0   ev/simsec=0
     Messages:  created: 2   present: 2   in FES: 2
** Event #726551   t=122.93778465218   Elapsed: 0.072934s (0m 00s)
     Speed:     ev/sec=9.96313e+06   simsec/sec=1685.83   ev/simsec=5909.91
     Messages:  created: 2   present: 2   in FES: 1

<!> Simulation stopped with endSimulation() -- in module (ScheduledAccessQueue) DectScheduledAccessNetwork.queue (id=2), at t=122.93778465218s, event #726551

Calling finish() at end of Run #276...

Preparing for running configuration MonetecPaperPlot, run #277...
Scenario: $r=20, $rho=2.334, $repetition=1
Assigned runID=MonetecPaperPlot-277-20260929-20:26:53-62
Setting up network "dect2020scheduledaccess.DectScheduledAccessNetwork"...
Initializing...

Running simulation...
** Event #0   t=0   Elapsed: 4e-06s (0m 00s)
     Speed:     ev/sec=0   simsec/sec=0   ev/simsec=0
     Messages:  created: 2   present: 2   in FES: 2
** Event #725629   t=122.93261682588   Elapsed: 0.072848s (0m 00s)
     Speed:     ev/sec=9.96182e+06   simsec/sec=1687.68   ev/simsec=5902.68
     Messages:  created: 2   present: 2   in FES: 1

<!> Simulation stopped with endSimulation() -- in module (ScheduledAccessQueue) DectScheduledAccessNetwork.queue (id=2), at t=122.93261682588s, event #725629

Calling finish() at end of Run #277...

Preparing for running configuration MonetecPaperPlot, run #278...
Scenario: $r=20, $rho=2.334, $repetition=2
Assigned runID=MonetecPaperPlot-278-20260929-20:26:53-62
Setting up network "dect2020scheduledaccess.DectScheduledAccessNetwork"...
Initializing...

Running simulation...
** Event #0   t=0   Elapsed: 4e-06s (0m 00s)
     Speed:     ev/sec=0   simsec/sec=0   ev/simsec=0
     Messages:  created: 2   present: 2   in FES: 2
** Event #727180   t=122.932996989251   Elapsed: 0.073128s (0m 00s)
     Speed:     ev/sec=9.94543e+06   simsec/sec=1681.32   ev/simsec=5915.27
     Messages:  created: 2   present: 2   in FES: 1

<!> Simulation stopped with endSimulation() -- in module (ScheduledAccessQueue) DectScheduledAccessNetwork.queue (id=2), at t=122.932996989251s, event #727180

Calling finish() at end of Run #278...

Preparing for running configuration MonetecPaperPlot, run #279...
Scenario: $r=20, $rho=2.417, $repetition=0
Assigned runID=MonetecPaperPlot-279-20260929-20:26:53-62
Setting up network "dect2020scheduledaccess.DectScheduledAccessNetwork"...
Initializing...

Running simulation...
** Event #0   t=0   Elapsed: 4e-06s (0m 00s)
     Speed:     ev/sec=0   simsec/sec=0   ev/simsec=0
     Messages:  created: 2   present: 2   in FES: 2
** Event #751519   t=122.987557157966   Elapsed: 0.078235s (0m 00s)
     Speed:     ev/sec=9.60801e+06   simsec/sec=1572.37   ev/simsec=6110.53
     Messages:  created: 2   present: 2   in FES: 1

<!> Simulation stopped with endSimulation() -- in module (ScheduledAccessQueue) DectScheduledAccessNetwork.queue (id=2), at t=122.987557157966s, event #751519

Calling finish() at end of Run #279...

Preparing for running configuration MonetecPaperPlot, run #280...
Scenario: $r=20, $rho=2.417, $repetition=1
Assigned runID=MonetecPaperPlot-280-20260929-20:26:53-62
Setting up network "dect2020scheduledaccess.DectScheduledAccessNetwork"...
Initializing...

Running simulation...
** Event #0   t=0   Elapsed: 2.9e-05s (0m 00s)
     Speed:     ev/sec=0   simsec/sec=0   ev/simsec=0
     Messages:  created: 2   present: 2   in FES: 2
** Event #751527   t=123.093659441822   Elapsed: 0.075925s (0m 00s)
     Speed:     ev/sec=9.90272e+06   simsec/sec=1621.97   ev/simsec=6105.36
     Messages:  created: 2   present: 2   in FES: 1

<!> Simulation stopped with endSimulation() -- in module (ScheduledAccessQueue) DectScheduledAccessNetwork.queue (id=2), at t=123.093659441822s, event #751527

Calling finish() at end of Run #280...

Preparing for running configuration MonetecPaperPlot, run #281...
Scenario: $r=20, $rho=2.417, $repetition=2
Assigned runID=MonetecPaperPlot-281-20260929-20:26:53-62
Setting up network "dect2020scheduledaccess.DectScheduledAccessNetwork"...
Initializing...

Running simulation...
** Event #0   t=0   Elapsed: 5e-06s (0m 00s)
     Speed:     ev/sec=0   simsec/sec=0   ev/simsec=0
     Messages:  created: 2   present: 2   in FES: 2
** Event #752006   t=122.961782734374   Elapsed: 0.075712s (0m 00s)
     Speed:     ev/sec=9.93429e+06   simsec/sec=1624.37   ev/simsec=6115.77
     Messages:  created: 2   present: 2   in FES: 1

<!> Simulation stopped with endSimulation() -- in module (ScheduledAccessQueue) DectScheduledAccessNetwork.queue (id=2), at t=122.961782734374s, event #752006

Calling finish() at end of Run #281...

Preparing for running configuration MonetecPaperPlot, run #282...
Scenario: $r=20, $rho=2.500, $repetition=0
Assigned runID=MonetecPaperPlot-282-20260929-20:26:53-62
Setting up network "dect2020scheduledaccess.DectScheduledAccessNetwork"...
Initializing...

Running simulation...
** Event #0   t=0   Elapsed: 2e-05s (0m 00s)
     Speed:     ev/sec=0   simsec/sec=0   ev/simsec=0
     Messages:  created: 2   present: 2   in FES: 2
** Event #775684   t=122.965084251653   Elapsed: 0.077765s (0m 00s)
     Speed:     ev/sec=9.97767e+06   simsec/sec=1581.71   ev/simsec=6308.17
     Messages:  created: 2   present: 2   in FES: 1

<!> Simulation stopped with endSimulation() -- in module (ScheduledAccessQueue) DectScheduledAccessNetwork.queue (id=2), at t=122.965084251653s, event #775684

Calling finish() at end of Run #282...

Preparing for running configuration MonetecPaperPlot, run #283...
Scenario: $r=20, $rho=2.500, $repetition=1
Assigned runID=MonetecPaperPlot-283-20260929-20:26:53-62
Setting up network "dect2020scheduledaccess.DectScheduledAccessNetwork"...
Initializing...

Running simulation...
** Event #0   t=0   Elapsed: 4e-06s (0m 00s)
     Speed:     ev/sec=0   simsec/sec=0   ev/simsec=0
     Messages:  created: 2   present: 2   in FES: 2
** Event #775623   t=123.046721581413   Elapsed: 0.078239s (0m 00s)
     Speed:     ev/sec=9.91478e+06   simsec/sec=1572.9   ev/simsec=6303.48
     Messages:  created: 2   present: 2   in FES: 1

<!> Simulation stopped with endSimulation() -- in module (ScheduledAccessQueue) DectScheduledAccessNetwork.queue (id=2), at t=123.046721581413s, event #775623

Calling finish() at end of Run #283...

Preparing for running configuration MonetecPaperPlot, run #284...
Scenario: $r=20, $rho=2.500, $repetition=2
Assigned runID=MonetecPaperPlot-284-20260929-20:26:53-62
Setting up network "dect2020scheduledaccess.DectScheduledAccessNetwork"...
Initializing...

Running simulation...
** Event #0   t=0   Elapsed: 4.7e-05s (0m 00s)
     Speed:     ev/sec=0   simsec/sec=0   ev/simsec=0
     Messages:  created: 2   present: 2   in FES: 2
** Event #776134   t=122.93056673713   Elapsed: 0.078256s (0m 00s)
     Speed:     ev/sec=9.92435e+06   simsec/sec=1571.9   ev/simsec=6313.6
     Messages:  created: 2   present: 2   in FES: 1

<!> Simulation stopped with endSimulation() -- in module (ScheduledAccessQueue) DectScheduledAccessNetwork.queue (id=2), at t=122.93056673713s, event #776134

Calling finish() at end of Run #284...

Preparing for running configuration MonetecPaperPlot, run #285...
Scenario: $r=20, $rho=2.583, $repetition=0
Assigned runID=MonetecPaperPlot-285-20260929-20:26:53-62
Setting up network "dect2020scheduledaccess.DectScheduledAccessNetwork"...
Initializing...

Running simulation...
** Event #0   t=0   Elapsed: 4e-06s (0m 00s)
     Speed:     ev/sec=0   simsec/sec=0   ev/simsec=0
     Messages:  created: 2   present: 2   in FES: 2
** Event #800567   t=123.021037253504   Elapsed: 0.080471s (0m 00s)
     Speed:     ev/sec=9.9495e+06   simsec/sec=1528.91   ev/simsec=6507.57
     Messages:  created: 2   present: 2   in FES: 1

<!> Simulation stopped with endSimulation() -- in module (ScheduledAccessQueue) DectScheduledAccessNetwork.queue (id=2), at t=123.021037253504s, event #800567

Calling finish() at end of Run #285...

Preparing for running configuration MonetecPaperPlot, run #286...
Scenario: $r=20, $rho=2.583, $repetition=1
Assigned runID=MonetecPaperPlot-286-20260929-20:26:53-62
Setting up network "dect2020scheduledaccess.DectScheduledAccessNetwork"...
Initializing...

Running simulation...
** Event #0   t=0   Elapsed: 4e-06s (0m 00s)
     Speed:     ev/sec=0   simsec/sec=0   ev/simsec=0
     Messages:  created: 2   present: 2   in FES: 2
** Event #800098   t=123.017998870641   Elapsed: 0.080438s (0m 00s)
     Speed:     ev/sec=9.94813e+06   simsec/sec=1529.56   ev/simsec=6503.91
     Messages:  created: 2   present: 2   in FES: 1

<!> Simulation stopped with endSimulation() -- in module (ScheduledAccessQueue) DectScheduledAccessNetwork.queue (id=2), at t=123.017998870641s, event #800098

Calling finish() at end of Run #286...

Preparing for running configuration MonetecPaperPlot, run #287...
Scenario: $r=20, $rho=2.583, $repetition=2
Assigned runID=MonetecPaperPlot-287-20260929-20:26:54-62
Setting up network "dect2020scheduledaccess.DectScheduledAccessNetwork"...
Initializing...

Running simulation...
** Event #0   t=0   Elapsed: 2.5e-05s (0m 00s)
     Speed:     ev/sec=0   simsec/sec=0   ev/simsec=0
     Messages:  created: 2   present: 2   in FES: 2
** Event #801086   t=122.980909502334   Elapsed: 0.080485s (0m 00s)
     Speed:     ev/sec=9.95707e+06   simsec/sec=1528.59   ev/simsec=6513.91
     Messages:  created: 2   present: 2   in FES: 1

<!> Simulation stopped with endSimulation() -- in module (ScheduledAccessQueue) DectScheduledAccessNetwork.queue (id=2), at t=122.980909502334s, event #801086

Calling finish() at end of Run #287...

Preparing for running configuration MonetecPaperPlot, run #288...
Scenario: $r=30, $rho=0.010, $repetition=0
Assigned runID=MonetecPaperPlot-288-20260929-20:26:54-62
Setting up network "dect2020scheduledaccess.DectScheduledAccessNetwork"...
Initializing...

Running simulation...
** Event #0   t=0   Elapsed: 1.8e-05s (0m 00s)
     Speed:     ev/sec=0   simsec/sec=0   ev/simsec=0
     Messages:  created: 2   present: 2   in FES: 2
** Event #163812   t=1034.719980020577   Elapsed: 0.013427s (0m 00s)
     Speed:     ev/sec=1.22193e+07   simsec/sec=77183.3   ev/simsec=158.315
     Messages:  created: 2   present: 2   in FES: 1

<!> Simulation stopped with endSimulation() -- in module (ScheduledAccessQueue) DectScheduledAccessNetwork.queue (id=2), at t=1034.719980020577s, event #163812

Calling finish() at end of Run #288...

Preparing for running configuration MonetecPaperPlot, run #289...
Scenario: $r=30, $rho=0.010, $repetition=1
Assigned runID=MonetecPaperPlot-289-20260929-20:26:54-62
Setting up network "dect2020scheduledaccess.DectScheduledAccessNetwork"...
Initializing...

Running simulation...
** Event #0   t=0   Elapsed: 4e-06s (0m 00s)
     Speed:     ev/sec=0   simsec/sec=0   ev/simsec=0
     Messages:  created: 2   present: 2   in FES: 2
** Event #164694   t=1042.621223538347   Elapsed: 0.013411s (0m 00s)
     Speed:     ev/sec=1.22878e+07   simsec/sec=77790.1   ev/simsec=157.962
     Messages:  created: 2   present: 2   in FES: 1

<!> Simulation stopped with endSimulation() -- in module (ScheduledAccessQueue) DectScheduledAccessNetwork.queue (id=2), at t=1042.621223538347s, event #164694

Calling finish() at end of Run #289...

Preparing for running configuration MonetecPaperPlot, run #290...
Scenario: $r=30, $rho=0.010, $repetition=2
Assigned runID=MonetecPaperPlot-290-20260929-20:26:54-62
Setting up network "dect2020scheduledaccess.DectScheduledAccessNetwork"...
Initializing...

Running simulation...
** Event #0   t=0   Elapsed: 2.9e-05s (0m 00s)
     Speed:     ev/sec=0   simsec/sec=0   ev/simsec=0
     Messages:  created: 2   present: 2   in FES: 2
** Event #163410   t=1031.07738215099   Elapsed: 0.013498s (0m 00s)
     Speed:     ev/sec=1.21377e+07   simsec/sec=76585.9   ev/simsec=158.485
     Messages:  created: 2   present: 2   in FES: 1

<!> Simulation stopped with endSimulation() -- in module (ScheduledAccessQueue) DectScheduledAccessNetwork.queue (id=2), at t=1031.07738215099s, event #163410

Calling finish() at end of Run #290...

Preparing for running configuration MonetecPaperPlot, run #291...
Scenario: $r=30, $rho=0.093, $repetition=0
Assigned runID=MonetecPaperPlot-291-20260929-20:26:54-62
Setting up network "dect2020scheduledaccess.DectScheduledAccessNetwork"...
Initializing...

Running simulation...
** Event #0   t=0   Elapsed: 1.6e-05s (0m 00s)
     Speed:     ev/sec=0   simsec/sec=0   ev/simsec=0
     Messages:  created: 2   present: 2   in FES: 2
** Event #65104   t=123.104354635957   Elapsed: 0.006775s (0m 00s)
     Speed:     ev/sec=0   simsec/sec=0   ev/simsec=0
     Messages:  created: 2   present: 2   in FES: 1

<!> Simulation stopped with endSimulation() -- in module (ScheduledAccessQueue) DectScheduledAccessNetwork.queue (id=2), at t=123.104354635957s, event #65104

Calling finish() at end of Run #291...

Preparing for running configuration MonetecPaperPlot, run #292...
Scenario: $r=30, $rho=0.093, $repetition=1
Assigned runID=MonetecPaperPlot-292-20260929-20:26:54-62
Setting up network "dect2020scheduledaccess.DectScheduledAccessNetwork"...
Initializing...

Running simulation...
** Event #0   t=0   Elapsed: 3e-06s (0m 00s)
     Speed:     ev/sec=0   simsec/sec=0   ev/simsec=0
     Messages:  created: 2   present: 2   in FES: 2
** Event #65290   t=123.196364652752   Elapsed: 0.006651s (0m 00s)
     Speed:     ev/sec=0   simsec/sec=0   ev/simsec=0
     Messages:  created: 2   present: 2   in FES: 1

<!> Simulation stopped with endSimulation() -- in module (ScheduledAccessQueue) DectScheduledAccessNetwork.queue (id=2), at t=123.196364652752s, event #65290

Calling finish() at end of Run #292...

Preparing for running configuration MonetecPaperPlot, run #293...
Scenario: $r=30, $rho=0.093, $repetition=2
Assigned runID=MonetecPaperPlot-293-20260929-20:26:54-62
Setting up network "dect2020scheduledaccess.DectScheduledAccessNetwork"...
Initializing...

Running simulation...
** Event #0   t=0   Elapsed: 4e-06s (0m 00s)
     Speed:     ev/sec=0   simsec/sec=0   ev/simsec=0
     Messages:  created: 2   present: 2   in FES: 2
** Event #65253   t=123.022181296249   Elapsed: 0.006605s (0m 00s)
     Speed:     ev/sec=0   simsec/sec=0   ev/simsec=0
     Messages:  created: 2   present: 2   in FES: 1

<!> Simulation stopped with endSimulation() -- in module (ScheduledAccessQueue) DectScheduledAccessNetwork.queue (id=2), at t=123.022181296249s, event #65253

Calling finish() at end of Run #293...

Preparing for running configuration MonetecPaperPlot, run #294...
Scenario: $r=30, $rho=0.176, $repetition=0
Assigned runID=MonetecPaperPlot-294-20260929-20:26:54-62
Setting up network "dect2020scheduledaccess.DectScheduledAccessNetwork"...
Initializing...

Running simulation...
** Event #0   t=0   Elapsed: 4e-06s (0m 00s)
     Speed:     ev/sec=0   simsec/sec=0   ev/simsec=0
     Messages:  created: 2   present: 2   in FES: 2
** Event #89635   t=122.938330607647   Elapsed: 0.009253s (0m 00s)
     Speed:     ev/sec=0   simsec/sec=0   ev/simsec=0
     Messages:  created: 2   present: 2   in FES: 1

<!> Simulation stopped with endSimulation() -- in module (ScheduledAccessQueue) DectScheduledAccessNetwork.queue (id=2), at t=122.938330607647s, event #89635

Calling finish() at end of Run #294...

Preparing for running configuration MonetecPaperPlot, run #295...
Scenario: $r=30, $rho=0.176, $repetition=1
Assigned runID=MonetecPaperPlot-295-20260929-20:26:54-62
Setting up network "dect2020scheduledaccess.DectScheduledAccessNetwork"...
Initializing...

Running simulation...
** Event #0   t=0   Elapsed: 6e-06s (0m 00s)
     Speed:     ev/sec=0   simsec/sec=0   ev/simsec=0
     Messages:  created: 2   present: 2   in FES: 2
** Event #89707   t=123.041183803418   Elapsed: 0.009084s (0m 00s)
     Speed:     ev/sec=0   simsec/sec=0   ev/simsec=0
     Messages:  created: 2   present: 2   in FES: 1

<!> Simulation stopped with endSimulation() -- in module (ScheduledAccessQueue) DectScheduledAccessNetwork.queue (id=2), at t=123.041183803418s, event #89707

Calling finish() at end of Run #295...

Preparing for running configuration MonetecPaperPlot, run #296...
Scenario: $r=30, $rho=0.176, $repetition=2
Assigned runID=MonetecPaperPlot-296-20260929-20:26:54-62
Setting up network "dect2020scheduledaccess.DectScheduledAccessNetwork"...
Initializing...

Running simulation...
** Event #0   t=0   Elapsed: 5e-06s (0m 00s)
     Speed:     ev/sec=0   simsec/sec=0   ev/simsec=0
     Messages:  created: 2   present: 2   in FES: 2
** Event #89315   t=122.931172987911   Elapsed: 0.009265s (0m 00s)
     Speed:     ev/sec=0   simsec/sec=0   ev/simsec=0
     Messages:  created: 2   present: 2   in FES: 1

<!> Simulation stopped with endSimulation() -- in module (ScheduledAccessQueue) DectScheduledAccessNetwork.queue (id=2), at t=122.931172987911s, event #89315

Calling finish() at end of Run #296...

Preparing for running configuration MonetecPaperPlot, run #297...
Scenario: $r=30, $rho=0.259, $repetition=0
Assigned runID=MonetecPaperPlot-297-20260929-20:26:54-62
Setting up network "dect2020scheduledaccess.DectScheduledAccessNetwork"...
Initializing...

Running simulation...
** Event #0   t=0   Elapsed: 5e-06s (0m 00s)
     Speed:     ev/sec=0   simsec/sec=0   ev/simsec=0
     Messages:  created: 2   present: 2   in FES: 2
** Event #114514   t=123.037221358607   Elapsed: 0.011807s (0m 00s)
     Speed:     ev/sec=9.70622e+06   simsec/sec=10428.6   ev/simsec=930.727
     Messages:  created: 2   present: 2   in FES: 1

<!> Simulation stopped with endSimulation() -- in module (ScheduledAccessQueue) DectScheduledAccessNetwork.queue (id=2), at t=123.037221358607s, event #114514

Calling finish() at end of Run #297...

Preparing for running configuration MonetecPaperPlot, run #298...
Scenario: $r=30, $rho=0.259, $repetition=1
Assigned runID=MonetecPaperPlot-298-20260929-20:26:54-62
Setting up network "dect2020scheduledaccess.DectScheduledAccessNetwork"...
Initializing...

Running simulation...
** Event #0   t=0   Elapsed: 4e-06s (0m 00s)
     Speed:     ev/sec=0   simsec/sec=0   ev/simsec=0
     Messages:  created: 2   present: 2   in FES: 2
** Event #114164   t=123.026416189415   Elapsed: 0.011814s (0m 00s)
     Speed:     ev/sec=9.67164e+06   simsec/sec=10422.4   ev/simsec=927.966
     Messages:  created: 2   present: 2   in FES: 1

<!> Simulation stopped with endSimulation() -- in module (ScheduledAccessQueue) DectScheduledAccessNetwork.queue (id=2), at t=123.026416189415s, event #114164

Calling finish() at end of Run #298...

Preparing for running configuration MonetecPaperPlot, run #299...
Scenario: $r=30, $rho=0.259, $repetition=2
Assigned runID=MonetecPaperPlot-299-20260929-20:26:54-62
Setting up network "dect2020scheduledaccess.DectScheduledAccessNetwork"...
Initializing...

Running simulation...
** Event #0   t=0   Elapsed: 6e-06s (0m 00s)
     Speed:     ev/sec=0   simsec/sec=0   ev/simsec=0
     Messages:  created: 2   present: 2   in FES: 2
** Event #113934   t=123.041398203724   Elapsed: 0.011727s (0m 00s)
     Speed:     ev/sec=9.72382e+06   simsec/sec=10501.1   ev/simsec=925.983
     Messages:  created: 2   present: 2   in FES: 1

<!> Simulation stopped with endSimulation() -- in module (ScheduledAccessQueue) DectScheduledAccessNetwork.queue (id=2), at t=123.041398203724s, event #113934

Calling finish() at end of Run #299...

Preparing for running configuration MonetecPaperPlot, run #300...
Scenario: $r=30, $rho=0.342, $repetition=0
Assigned runID=MonetecPaperPlot-300-20260929-20:26:54-62
Setting up network "dect2020scheduledaccess.DectScheduledAccessNetwork"...
Initializing...

Running simulation...
** Event #0   t=0   Elapsed: 6e-06s (0m 00s)
     Speed:     ev/sec=0   simsec/sec=0   ev/simsec=0
     Messages:  created: 2   present: 2   in FES: 2
** Event #139109   t=123.017856412022   Elapsed: 0.014051s (0m 00s)
     Speed:     ev/sec=9.90664e+06   simsec/sec=8760.7   ev/simsec=1130.8
     Messages:  created: 2   present: 2   in FES: 1

<!> Simulation stopped with endSimulation() -- in module (ScheduledAccessQueue) DectScheduledAccessNetwork.queue (id=2), at t=123.017856412022s, event #139109

Calling finish() at end of Run #300...

Preparing for running configuration MonetecPaperPlot, run #301...
Scenario: $r=30, $rho=0.342, $repetition=1
Assigned runID=MonetecPaperPlot-301-20260929-20:26:54-62
Setting up network "dect2020scheduledaccess.DectScheduledAccessNetwork"...
Initializing...

Running simulation...
** Event #0   t=0   Elapsed: 4e-06s (0m 00s)
     Speed:     ev/sec=0   simsec/sec=0   ev/simsec=0
     Messages:  created: 2   present: 2   in FES: 2
** Event #139020   t=123.051193068486   Elapsed: 0.014302s (0m 00s)
     Speed:     ev/sec=9.72508e+06   simsec/sec=8607.98   ev/simsec=1129.77
     Messages:  created: 2   present: 2   in FES: 1

<!> Simulation stopped with endSimulation() -- in module (ScheduledAccessQueue) DectScheduledAccessNetwork.queue (id=2), at t=123.051193068486s, event #139020

Calling finish() at end of Run #301...

Preparing for running configuration MonetecPaperPlot, run #302...
Scenario: $r=30, $rho=0.342, $repetition=2
Assigned runID=MonetecPaperPlot-302-20260929-20:26:54-62
Setting up network "dect2020scheduledaccess.DectScheduledAccessNetwork"...
Initializing...

Running simulation...
** Event #0   t=0   Elapsed: 5e-06s (0m 00s)
     Speed:     ev/sec=0   simsec/sec=0   ev/simsec=0
     Messages:  created: 2   present: 2   in FES: 2
** Event #138579   t=123.034705519475   Elapsed: 0.014212s (0m 00s)
     Speed:     ev/sec=9.75634e+06   simsec/sec=8661.96   ev/simsec=1126.34
     Messages:  created: 2   present: 2   in FES: 1

<!> Simulation stopped with endSimulation() -- in module (ScheduledAccessQueue) DectScheduledAccessNetwork.queue (id=2), at t=123.034705519475s, event #138579

Calling finish() at end of Run #302...

Preparing for running configuration MonetecPaperPlot, run #303...
Scenario: $r=30, $rho=0.425, $repetition=0
Assigned runID=MonetecPaperPlot-303-20260929-20:26:54-62
Setting up network "dect2020scheduledaccess.DectScheduledAccessNetwork"...
Initializing...

Running simulation...
** Event #0   t=0   Elapsed: 5e-06s (0m 00s)
     Speed:     ev/sec=0   simsec/sec=0   ev/simsec=0
     Messages:  created: 2   present: 2   in FES: 2
** Event #163443   t=122.984520928612   Elapsed: 0.016721s (0m 00s)
     Speed:     ev/sec=9.77939e+06   simsec/sec=7358.61   ev/simsec=1328.97
     Messages:  created: 2   present: 2   in FES: 1

<!> Simulation stopped with endSimulation() -- in module (ScheduledAccessQueue) DectScheduledAccessNetwork.queue (id=2), at t=122.984520928612s, event #163443

Calling finish() at end of Run #303...

Preparing for running configuration MonetecPaperPlot, run #304...
Scenario: $r=30, $rho=0.425, $repetition=1
Assigned runID=MonetecPaperPlot-304-20260929-20:26:54-62
Setting up network "dect2020scheduledaccess.DectScheduledAccessNetwork"...
Initializing...

Running simulation...
** Event #0   t=0   Elapsed: 5e-06s (0m 00s)
     Speed:     ev/sec=0   simsec/sec=0   ev/simsec=0
     Messages:  created: 2   present: 2   in FES: 2
** Event #163165   t=122.971737575112   Elapsed: 0.016513s (0m 00s)
     Speed:     ev/sec=9.88639e+06   simsec/sec=7450.99   ev/simsec=1326.86
     Messages:  created: 2   present: 2   in FES: 1

<!> Simulation stopped with endSimulation() -- in module (ScheduledAccessQueue) DectScheduledAccessNetwork.queue (id=2), at t=122.971737575112s, event #163165

Calling finish() at end of Run #304...

Preparing for running configuration MonetecPaperPlot, run #305...
Scenario: $r=30, $rho=0.425, $repetition=2
Assigned runID=MonetecPaperPlot-305-20260929-20:26:54-62
Setting up network "dect2020scheduledaccess.DectScheduledAccessNetwork"...
Initializing...

Running simulation...
** Event #0   t=0   Elapsed: 5e-06s (0m 00s)
     Speed:     ev/sec=0   simsec/sec=0   ev/simsec=0
     Messages:  created: 2   present: 2   in FES: 2
** Event #162716   t=122.927747812985   Elapsed: 0.016592s (0m 00s)
     Speed:     ev/sec=9.81222e+06   simsec/sec=7412.85   ev/simsec=1323.68
     Messages:  created: 2   present: 2   in FES: 1

<!> Simulation stopped with endSimulation() -- in module (ScheduledAccessQueue) DectScheduledAccessNetwork.queue (id=2), at t=122.927747812985s, event #162716

Calling finish() at end of Run #305...

Preparing for running configuration MonetecPaperPlot, run #306...
Scenario: $r=30, $rho=0.508, $repetition=0
Assigned runID=MonetecPaperPlot-306-20260929-20:26:54-62
Setting up network "dect2020scheduledaccess.DectScheduledAccessNetwork"...
Initializing...

Running simulation...
** Event #0   t=0   Elapsed: 4e-06s (0m 00s)
     Speed:     ev/sec=0   simsec/sec=0   ev/simsec=0
     Messages:  created: 2   present: 2   in FES: 2
** Event #187881   t=123.002378795181   Elapsed: 0.01895s (0m 00s)
     Speed:     ev/sec=9.9177e+06   simsec/sec=6492.95   ev/simsec=1527.46
     Messages:  created: 2   present: 2   in FES: 1

<!> Simulation stopped with endSimulation() -- in module (ScheduledAccessQueue) DectScheduledAccessNetwork.queue (id=2), at t=123.002378795181s, event #187881

Calling finish() at end of Run #306...

Preparing for running configuration MonetecPaperPlot, run #307...
Scenario: $r=30, $rho=0.508, $repetition=1
Assigned runID=MonetecPaperPlot-307-20260929-20:26:54-62
Setting up network "dect2020scheduledaccess.DectScheduledAccessNetwork"...
Initializing...

Running simulation...
** Event #0   t=0   Elapsed: 4e-06s (0m 00s)
     Speed:     ev/sec=0   simsec/sec=0   ev/simsec=0
     Messages:  created: 2   present: 2   in FES: 2
** Event #188103   t=123.040172559229   Elapsed: 0.019243s (0m 00s)
     Speed:     ev/sec=9.77971e+06   simsec/sec=6397.01   ev/simsec=1528.79
     Messages:  created: 2   present: 2   in FES: 1

<!> Simulation stopped with endSimulation() -- in module (ScheduledAccessQueue) DectScheduledAccessNetwork.queue (id=2), at t=123.040172559229s, event #188103

Calling finish() at end of Run #307...

Preparing for running configuration MonetecPaperPlot, run #308...
Scenario: $r=30, $rho=0.508, $repetition=2
Assigned runID=MonetecPaperPlot-308-20260929-20:26:54-62
Setting up network "dect2020scheduledaccess.DectScheduledAccessNetwork"...
Initializing...

Running simulation...
** Event #0   t=0   Elapsed: 4e-06s (0m 00s)
     Speed:     ev/sec=0   simsec/sec=0   ev/simsec=0
     Messages:  created: 2   present: 2   in FES: 2
** Event #187842   t=123.113779825633   Elapsed: 0.019105s (0m 00s)
     Speed:     ev/sec=9.83672e+06   simsec/sec=6447.09   ev/simsec=1525.76
     Messages:  created: 2   present: 2   in FES: 1

<!> Simulation stopped with endSimulation() -- in module (ScheduledAccessQueue) DectScheduledAccessNetwork.queue (id=2), at t=123.113779825633s, event #187842

Calling finish() at end of Run #308...

Preparing for running configuration MonetecPaperPlot, run #309...
Scenario: $r=30, $rho=0.591, $repetition=0
Assigned runID=MonetecPaperPlot-309-20260929-20:26:54-62
Setting up network "dect2020scheduledaccess.DectScheduledAccessNetwork"...
Initializing...

Running simulation...
** Event #0   t=0   Elapsed: 4e-06s (0m 00s)
     Speed:     ev/sec=0   simsec/sec=0   ev/simsec=0
     Messages:  created: 2   present: 2   in FES: 2
** Event #212071   t=123.004615983653   Elapsed: 0.021536s (0m 00s)
     Speed:     ev/sec=9.8514e+06   simsec/sec=5713.94   ev/simsec=1724.1
     Messages:  created: 2   present: 2   in FES: 1

<!> Simulation stopped with endSimulation() -- in module (ScheduledAccessQueue) DectScheduledAccessNetwork.queue (id=2), at t=123.004615983653s, event #212071

Calling finish() at end of Run #309...

Preparing for running configuration MonetecPaperPlot, run #310...
Scenario: $r=30, $rho=0.591, $repetition=1
Assigned runID=MonetecPaperPlot-310-20260929-20:26:54-62
Setting up network "dect2020scheduledaccess.DectScheduledAccessNetwork"...
Initializing...

Running simulation...
** Event #0   t=0   Elapsed: 5e-06s (0m 00s)
     Speed:     ev/sec=0   simsec/sec=0   ev/simsec=0
     Messages:  created: 2   present: 2   in FES: 2
** Event #212397   t=123.021435188058   Elapsed: 0.021477s (0m 00s)
     Speed:     ev/sec=9.89412e+06   simsec/sec=5730.67   ev/simsec=1726.52
     Messages:  created: 2   present: 2   in FES: 1

<!> Simulation stopped with endSimulation() -- in module (ScheduledAccessQueue) DectScheduledAccessNetwork.queue (id=2), at t=123.021435188058s, event #212397

Calling finish() at end of Run #310...

Preparing for running configuration MonetecPaperPlot, run #311...
Scenario: $r=30, $rho=0.591, $repetition=2
Assigned runID=MonetecPaperPlot-311-20260929-20:26:54-62
Setting up network "dect2020scheduledaccess.DectScheduledAccessNetwork"...
Initializing...

Running simulation...
** Event #0   t=0   Elapsed: 4e-06s (0m 00s)
     Speed:     ev/sec=0   simsec/sec=0   ev/simsec=0
     Messages:  created: 2   present: 2   in FES: 2
** Event #211865   t=122.964137162845   Elapsed: 0.022065s (0m 00s)
     Speed:     ev/sec=9.60621e+06   simsec/sec=5575.34   ev/simsec=1722.98
     Messages:  created: 2   present: 2   in FES: 1

<!> Simulation stopped with endSimulation() -- in module (ScheduledAccessQueue) DectScheduledAccessNetwork.queue (id=2), at t=122.964137162845s, event #211865

Calling finish() at end of Run #311...

Preparing for running configuration MonetecPaperPlot, run #312...
Scenario: $r=30, $rho=0.674, $repetition=0
Assigned runID=MonetecPaperPlot-312-20260929-20:26:54-62
Setting up network "dect2020scheduledaccess.DectScheduledAccessNetwork"...
Initializing...

Running simulation...
** Event #0   t=0   Elapsed: 5e-06s (0m 00s)
     Speed:     ev/sec=0   simsec/sec=0   ev/simsec=0
     Messages:  created: 2   present: 2   in FES: 2
** Event #236780   t=123.059249175534   Elapsed: 0.024055s (0m 00s)
     Speed:     ev/sec=9.84614e+06   simsec/sec=5117.23   ev/simsec=1924.12
     Messages:  created: 2   present: 2   in FES: 1

<!> Simulation stopped with endSimulation() -- in module (ScheduledAccessQueue) DectScheduledAccessNetwork.queue (id=2), at t=123.059249175534s, event #236780

Calling finish() at end of Run #312...

Preparing for running configuration MonetecPaperPlot, run #313...
Scenario: $r=30, $rho=0.674, $repetition=1
Assigned runID=MonetecPaperPlot-313-20260929-20:26:54-62
Setting up network "dect2020scheduledaccess.DectScheduledAccessNetwork"...
Initializing...

Running simulation...
** Event #0   t=0   Elapsed: 4e-06s (0m 00s)
     Speed:     ev/sec=0   simsec/sec=0   ev/simsec=0
     Messages:  created: 2   present: 2   in FES: 2
** Event #236847   t=123.067526005273   Elapsed: 0.024232s (0m 00s)
     Speed:     ev/sec=9.77697e+06   simsec/sec=5080.16   ev/simsec=1924.54
     Messages:  created: 2   present: 2   in FES: 1

<!> Simulation stopped with endSimulation() -- in module (ScheduledAccessQueue) DectScheduledAccessNetwork.queue (id=2), at t=123.067526005273s, event #236847

Calling finish() at end of Run #313...

Preparing for running configuration MonetecPaperPlot, run #314...
Scenario: $r=30, $rho=0.674, $repetition=2
Assigned runID=MonetecPaperPlot-314-20260929-20:26:54-62
Setting up network "dect2020scheduledaccess.DectScheduledAccessNetwork"...
Initializing...

Running simulation...
** Event #0   t=0   Elapsed: 4e-06s (0m 00s)
     Speed:     ev/sec=0   simsec/sec=0   ev/simsec=0
     Messages:  created: 2   present: 2   in FES: 2
** Event #236859   t=123.082966825109   Elapsed: 0.024077s (0m 00s)
     Speed:     ev/sec=9.84124e+06   simsec/sec=5113.96   ev/simsec=1924.39
     Messages:  created: 2   present: 2   in FES: 1

<!> Simulation stopped with endSimulation() -- in module (ScheduledAccessQueue) DectScheduledAccessNetwork.queue (id=2), at t=123.082966825109s, event #236859

Calling finish() at end of Run #314...

Preparing for running configuration MonetecPaperPlot, run #315...
Scenario: $r=30, $rho=0.757, $repetition=0
Assigned runID=MonetecPaperPlot-315-20260929-20:26:54-62
Setting up network "dect2020scheduledaccess.DectScheduledAccessNetwork"...
Initializing...

Running simulation...
** Event #0   t=0   Elapsed: 4e-06s (0m 00s)
     Speed:     ev/sec=0   simsec/sec=0   ev/simsec=0
     Messages:  created: 2   present: 2   in FES: 2
** Event #261439   t=123.089224876463   Elapsed: 0.026616s (0m 00s)
     Speed:     ev/sec=9.82632e+06   simsec/sec=4626.36   ev/simsec=2123.98
     Messages:  created: 2   present: 2   in FES: 1

<!> Simulation stopped with endSimulation() -- in module (ScheduledAccessQueue) DectScheduledAccessNetwork.queue (id=2), at t=123.089224876463s, event #261439

Calling finish() at end of Run #315...

Preparing for running configuration MonetecPaperPlot, run #316...
Scenario: $r=30, $rho=0.757, $repetition=1
Assigned runID=MonetecPaperPlot-316-20260929-20:26:54-62
Setting up network "dect2020scheduledaccess.DectScheduledAccessNetwork"...
Initializing...

Running simulation...
** Event #0   t=0   Elapsed: 4e-06s (0m 00s)
     Speed:     ev/sec=0   simsec/sec=0   ev/simsec=0
     Messages:  created: 2   present: 2   in FES: 2
** Event #261456   t=123.142110115895   Elapsed: 0.027003s (0m 00s)
     Speed:     ev/sec=9.68571e+06   simsec/sec=4561.82   ev/simsec=2123.21
     Messages:  created: 2   present: 2   in FES: 1

<!> Simulation stopped with endSimulation() -- in module (ScheduledAccessQueue) DectScheduledAccessNetwork.queue (id=2), at t=123.142110115895s, event #261456

Calling finish() at end of Run #316...

Preparing for running configuration MonetecPaperPlot, run #317...
Scenario: $r=30, $rho=0.757, $repetition=2
Assigned runID=MonetecPaperPlot-317-20260929-20:26:54-62
Setting up network "dect2020scheduledaccess.DectScheduledAccessNetwork"...
Initializing...

Running simulation...
** Event #0   t=0   Elapsed: 3e-06s (0m 00s)
     Speed:     ev/sec=0   simsec/sec=0   ev/simsec=0
     Messages:  created: 2   present: 2   in FES: 2
** Event #261180   t=123.016591637496   Elapsed: 0.026515s (0m 00s)
     Speed:     ev/sec=9.85325e+06   simsec/sec=4640.91   ev/simsec=2123.13
     Messages:  created: 2   present: 2   in FES: 1

<!> Simulation stopped with endSimulation() -- in module (ScheduledAccessQueue) DectScheduledAccessNetwork.queue (id=2), at t=123.016591637496s, event #261180

Calling finish() at end of Run #317...

Preparing for running configuration MonetecPaperPlot, run #318...
Scenario: $r=30, $rho=0.840, $repetition=0
Assigned runID=MonetecPaperPlot-318-20260929-20:26:54-62
Setting up network "dect2020scheduledaccess.DectScheduledAccessNetwork"...
Initializing...

Running simulation...
** Event #0   t=0   Elapsed: 4e-06s (0m 00s)
     Speed:     ev/sec=0   simsec/sec=0   ev/simsec=0
     Messages:  created: 2   present: 2   in FES: 2
** Event #285661   t=123.084973605508   Elapsed: 0.029358s (0m 00s)
     Speed:     ev/sec=9.73324e+06   simsec/sec=4193.84   ev/simsec=2320.85
     Messages:  created: 2   present: 2   in FES: 1

<!> Simulation stopped with endSimulation() -- in module (ScheduledAccessQueue) DectScheduledAccessNetwork.queue (id=2), at t=123.084973605508s, event #285661

Calling finish() at end of Run #318...

Preparing for running configuration MonetecPaperPlot, run #319...
Scenario: $r=30, $rho=0.840, $repetition=1
Assigned runID=MonetecPaperPlot-319-20260929-20:26:54-62
Setting up network "dect2020scheduledaccess.DectScheduledAccessNetwork"...
Initializing...

Running simulation...
** Event #0   t=0   Elapsed: 4e-06s (0m 00s)
     Speed:     ev/sec=0   simsec/sec=0   ev/simsec=0
     Messages:  created: 2   present: 2   in FES: 2
** Event #285900   t=123.129895901075   Elapsed: 0.029022s (0m 00s)
     Speed:     ev/sec=9.8542e+06   simsec/sec=4243.95   ev/simsec=2321.94
     Messages:  created: 2   present: 2   in FES: 1

<!> Simulation stopped with endSimulation() -- in module (ScheduledAccessQueue) DectScheduledAccessNetwork.queue (id=2), at t=123.129895901075s, event #285900

Calling finish() at end of Run #319...

Preparing for running configuration MonetecPaperPlot, run #320...
Scenario: $r=30, $rho=0.840, $repetition=2
Assigned runID=MonetecPaperPlot-320-20260929-20:26:54-62
Setting up network "dect2020scheduledaccess.DectScheduledAccessNetwork"...
Initializing...

Running simulation...
** Event #0   t=0   Elapsed: 4e-06s (0m 00s)
     Speed:     ev/sec=0   simsec/sec=0   ev/simsec=0
     Messages:  created: 2   present: 2   in FES: 2
** Event #285741   t=123.026788019093   Elapsed: 0.029328s (0m 00s)
     Speed:     ev/sec=9.74593e+06   simsec/sec=4196.13   ev/simsec=2322.6
     Messages:  created: 2   present: 2   in FES: 1

<!> Simulation stopped with endSimulation() -- in module (ScheduledAccessQueue) DectScheduledAccessNetwork.queue (id=2), at t=123.026788019093s, event #285741

Calling finish() at end of Run #320...

Preparing for running configuration MonetecPaperPlot, run #321...
Scenario: $r=30, $rho=0.923, $repetition=0
Assigned runID=MonetecPaperPlot-321-20260929-20:26:54-62
Setting up network "dect2020scheduledaccess.DectScheduledAccessNetwork"...
Initializing...

Running simulation...
** Event #0   t=0   Elapsed: 4e-06s (0m 00s)
     Speed:     ev/sec=0   simsec/sec=0   ev/simsec=0
     Messages:  created: 2   present: 2   in FES: 2
** Event #310393   t=123.162694568879   Elapsed: 0.031539s (0m 00s)
     Speed:     ev/sec=9.84437e+06   simsec/sec=3906.2   ev/simsec=2520.19
     Messages:  created: 2   present: 2   in FES: 1

<!> Simulation stopped with endSimulation() -- in module (ScheduledAccessQueue) DectScheduledAccessNetwork.queue (id=2), at t=123.162694568879s, event #310393

Calling finish() at end of Run #321...

Preparing for running configuration MonetecPaperPlot, run #322...
Scenario: $r=30, $rho=0.923, $repetition=1
Assigned runID=MonetecPaperPlot-322-20260929-20:26:54-62
Setting up network "dect2020scheduledaccess.DectScheduledAccessNetwork"...
Initializing...

Running simulation...
** Event #0   t=0   Elapsed: 4e-06s (0m 00s)
     Speed:     ev/sec=0   simsec/sec=0   ev/simsec=0
     Messages:  created: 2   present: 2   in FES: 2
** Event #310605   t=123.176385682871   Elapsed: 0.031569s (0m 00s)
     Speed:     ev/sec=9.84204e+06   simsec/sec=3903.05   ev/simsec=2521.63
     Messages:  created: 2   present: 2   in FES: 1

<!> Simulation stopped with endSimulation() -- in module (ScheduledAccessQueue) DectScheduledAccessNetwork.queue (id=2), at t=123.176385682871s, event #310605

Calling finish() at end of Run #322...

Preparing for running configuration MonetecPaperPlot, run #323...
Scenario: $r=30, $rho=0.923, $repetition=2
Assigned runID=MonetecPaperPlot-323-20260929-20:26:54-62
Setting up network "dect2020scheduledaccess.DectScheduledAccessNetwork"...
Initializing...

Running simulation...
** Event #0   t=0   Elapsed: 1.8e-05s (0m 00s)
     Speed:     ev/sec=0   simsec/sec=0   ev/simsec=0
     Messages:  created: 2   present: 2   in FES: 2
** Event #310982   t=123.130114919773   Elapsed: 0.031634s (0m 00s)
     Speed:     ev/sec=9.83747e+06   simsec/sec=3895.04   ev/simsec=2525.64
     Messages:  created: 2   present: 2   in FES: 1

<!> Simulation stopped with endSimulation() -- in module (ScheduledAccessQueue) DectScheduledAccessNetwork.queue (id=2), at t=123.130114919773s, event #310982

Calling finish() at end of Run #323...

Preparing for running configuration MonetecPaperPlot, run #324...
Scenario: $r=30, $rho=1.006, $repetition=0
Assigned runID=MonetecPaperPlot-324-20260929-20:26:54-62
Setting up network "dect2020scheduledaccess.DectScheduledAccessNetwork"...
Initializing...

Running simulation...
** Event #0   t=0   Elapsed: 5e-06s (0m 00s)
     Speed:     ev/sec=0   simsec/sec=0   ev/simsec=0
     Messages:  created: 2   present: 2   in FES: 2
** Event #334469   t=123.015746997374   Elapsed: 0.034062s (0m 00s)
     Speed:     ev/sec=9.82172e+06   simsec/sec=3612.37   ev/simsec=2718.91
     Messages:  created: 2   present: 2   in FES: 1

<!> Simulation stopped with endSimulation() -- in module (ScheduledAccessQueue) DectScheduledAccessNetwork.queue (id=2), at t=123.015746997374s, event #334469

Calling finish() at end of Run #324...

Preparing for running configuration MonetecPaperPlot, run #325...
Scenario: $r=30, $rho=1.006, $repetition=1
Assigned runID=MonetecPaperPlot-325-20260929-20:26:54-62
Setting up network "dect2020scheduledaccess.DectScheduledAccessNetwork"...
Initializing...

Running simulation...
** Event #0   t=0   Elapsed: 2.1e-05s (0m 00s)
     Speed:     ev/sec=0   simsec/sec=0   ev/simsec=0
     Messages:  created: 2   present: 2   in FES: 2
** Event #334471   t=123.090555493785   Elapsed: 0.033935s (0m 00s)
     Speed:     ev/sec=9.86349e+06   simsec/sec=3629.9   ev/simsec=2717.29
     Messages:  created: 2   present: 2   in FES: 1

<!> Simulation stopped with endSimulation() -- in module (ScheduledAccessQueue) DectScheduledAccessNetwork.queue (id=2), at t=123.090555493785s, event #334471

Calling finish() at end of Run #325...

Preparing for running configuration MonetecPaperPlot, run #326...
Scenario: $r=30, $rho=1.006, $repetition=2
Assigned runID=MonetecPaperPlot-326-20260929-20:26:54-62
Setting up network "dect2020scheduledaccess.DectScheduledAccessNetwork"...
Initializing...

Running simulation...
** Event #0   t=0   Elapsed: 2.5e-05s (0m 00s)
     Speed:     ev/sec=0   simsec/sec=0   ev/simsec=0
     Messages:  created: 2   present: 2   in FES: 2
** Event #334704   t=122.961897230912   Elapsed: 0.034383s (0m 00s)
     Speed:     ev/sec=9.74308e+06   simsec/sec=3579.35   ev/simsec=2722.03
     Messages:  created: 2   present: 2   in FES: 1

<!> Simulation stopped with endSimulation() -- in module (ScheduledAccessQueue) DectScheduledAccessNetwork.queue (id=2), at t=122.961897230912s, event #334704

Calling finish() at end of Run #326...

Preparing for running configuration MonetecPaperPlot, run #327...
Scenario: $r=30, $rho=1.089, $repetition=0
Assigned runID=MonetecPaperPlot-327-20260929-20:26:55-62
Setting up network "dect2020scheduledaccess.DectScheduledAccessNetwork"...
Initializing...

Running simulation...
** Event #0   t=0   Elapsed: 4e-06s (0m 00s)
     Speed:     ev/sec=0   simsec/sec=0   ev/simsec=0
     Messages:  created: 2   present: 2   in FES: 2
** Event #359169   t=123.104838381811   Elapsed: 0.036763s (0m 00s)
     Speed:     ev/sec=9.77198e+06   simsec/sec=3349.34   ev/simsec=2917.59
     Messages:  created: 2   present: 2   in FES: 1

<!> Simulation stopped with endSimulation() -- in module (ScheduledAccessQueue) DectScheduledAccessNetwork.queue (id=2), at t=123.104838381811s, event #359169

Calling finish() at end of Run #327...

Preparing for running configuration MonetecPaperPlot, run #328...
Scenario: $r=30, $rho=1.089, $repetition=1
Assigned runID=MonetecPaperPlot-328-20260929-20:26:55-62
Setting up network "dect2020scheduledaccess.DectScheduledAccessNetwork"...
Initializing...

Running simulation...
** Event #0   t=0   Elapsed: 4e-06s (0m 00s)
     Speed:     ev/sec=0   simsec/sec=0   ev/simsec=0
     Messages:  created: 2   present: 2   in FES: 2
** Event #359029   t=123.13204894744   Elapsed: 0.036589s (0m 00s)
     Speed:     ev/sec=9.81463e+06   simsec/sec=3365.99   ev/simsec=2915.82
     Messages:  created: 2   present: 2   in FES: 1

<!> Simulation stopped with endSimulation() -- in module (ScheduledAccessQueue) DectScheduledAccessNetwork.queue (id=2), at t=123.13204894744s, event #359029

Calling finish() at end of Run #328...

Preparing for running configuration MonetecPaperPlot, run #329...
Scenario: $r=30, $rho=1.089, $repetition=2
Assigned runID=MonetecPaperPlot-329-20260929-20:26:55-62
Setting up network "dect2020scheduledaccess.DectScheduledAccessNetwork"...
Initializing...

Running simulation...
** Event #0   t=0   Elapsed: 4e-06s (0m 00s)
     Speed:     ev/sec=0   simsec/sec=0   ev/simsec=0
     Messages:  created: 2   present: 2   in FES: 2
** Event #359053   t=122.944422543786   Elapsed: 0.036381s (0m 00s)
     Speed:     ev/sec=9.87142e+06   simsec/sec=3380.09   ev/simsec=2920.46
     Messages:  created: 2   present: 2   in FES: 1

<!> Simulation stopped with endSimulation() -- in module (ScheduledAccessQueue) DectScheduledAccessNetwork.queue (id=2), at t=122.944422543786s, event #359053

Calling finish() at end of Run #329...

Preparing for running configuration MonetecPaperPlot, run #330...
Scenario: $r=30, $rho=1.172, $repetition=0
Assigned runID=MonetecPaperPlot-330-20260929-20:26:55-62
Setting up network "dect2020scheduledaccess.DectScheduledAccessNetwork"...
Initializing...

Running simulation...
** Event #0   t=0   Elapsed: 3e-06s (0m 00s)
     Speed:     ev/sec=0   simsec/sec=0   ev/simsec=0
     Messages:  created: 2   present: 2   in FES: 2
** Event #384191   t=123.207630666386   Elapsed: 0.03882s (0m 00s)
     Speed:     ev/sec=9.89902e+06   simsec/sec=3174.55   ev/simsec=3118.24
     Messages:  created: 2   present: 2   in FES: 1

<!> Simulation stopped with endSimulation() -- in module (ScheduledAccessQueue) DectScheduledAccessNetwork.queue (id=2), at t=123.207630666386s, event #384191

Calling finish() at end of Run #330...

Preparing for running configuration MonetecPaperPlot, run #331...
Scenario: $r=30, $rho=1.172, $repetition=1
Assigned runID=MonetecPaperPlot-331-20260929-20:26:55-62
Setting up network "dect2020scheduledaccess.DectScheduledAccessNetwork"...
Initializing...

Running simulation...
** Event #0   t=0   Elapsed: 3e-06s (0m 00s)
     Speed:     ev/sec=0   simsec/sec=0   ev/simsec=0
     Messages:  created: 2   present: 2   in FES: 2
** Event #383270   t=123.042144253576   Elapsed: 0.038604s (0m 00s)
     Speed:     ev/sec=9.93005e+06   simsec/sec=3187.87   ev/simsec=3114.95
     Messages:  created: 2   present: 2   in FES: 1

<!> Simulation stopped with endSimulation() -- in module (ScheduledAccessQueue) DectScheduledAccessNetwork.queue (id=2), at t=123.042144253576s, event #383270

Calling finish() at end of Run #331...

Preparing for running configuration MonetecPaperPlot, run #332...
Scenario: $r=30, $rho=1.172, $repetition=2
Assigned runID=MonetecPaperPlot-332-20260929-20:26:55-62
Setting up network "dect2020scheduledaccess.DectScheduledAccessNetwork"...
Initializing...

Running simulation...
** Event #0   t=0   Elapsed: 3e-06s (0m 00s)
     Speed:     ev/sec=0   simsec/sec=0   ev/simsec=0
     Messages:  created: 2   present: 2   in FES: 2
** Event #384663   t=123.104243420555   Elapsed: 0.038811s (0m 00s)
     Speed:     ev/sec=9.91323e+06   simsec/sec=3172.54   ev/simsec=3124.7
     Messages:  created: 2   present: 2   in FES: 1

<!> Simulation stopped with endSimulation() -- in module (ScheduledAccessQueue) DectScheduledAccessNetwork.queue (id=2), at t=123.104243420555s, event #384663

Calling finish() at end of Run #332...

Preparing for running configuration MonetecPaperPlot, run #333...
Scenario: $r=30, $rho=1.255, $repetition=0
Assigned runID=MonetecPaperPlot-333-20260929-20:26:55-62
Setting up network "dect2020scheduledaccess.DectScheduledAccessNetwork"...
Initializing...

Running simulation...
** Event #0   t=0   Elapsed: 3e-06s (0m 00s)
     Speed:     ev/sec=0   simsec/sec=0   ev/simsec=0
     Messages:  created: 2   present: 2   in FES: 2
** Event #407984   t=123.063893283968   Elapsed: 0.041296s (0m 00s)
     Speed:     ev/sec=9.88118e+06   simsec/sec=2980.55   ev/simsec=3315.22
     Messages:  created: 2   present: 2   in FES: 1

<!> Simulation stopped with endSimulation() -- in module (ScheduledAccessQueue) DectScheduledAccessNetwork.queue (id=2), at t=123.063893283968s, event #407984

Calling finish() at end of Run #333...

Preparing for running configuration MonetecPaperPlot, run #334...
Scenario: $r=30, $rho=1.255, $repetition=1
Assigned runID=MonetecPaperPlot-334-20260929-20:26:55-62
Setting up network "dect2020scheduledaccess.DectScheduledAccessNetwork"...
Initializing...

Running simulation...
** Event #0   t=0   Elapsed: 4e-06s (0m 00s)
     Speed:     ev/sec=0   simsec/sec=0   ev/simsec=0
     Messages:  created: 2   present: 2   in FES: 2
** Event #408357   t=123.106306105778   Elapsed: 0.041433s (0m 00s)
     Speed:     ev/sec=9.8575e+06   simsec/sec=2971.71   ev/simsec=3317.12
     Messages:  created: 2   present: 2   in FES: 1

<!> Simulation stopped with endSimulation() -- in module (ScheduledAccessQueue) DectScheduledAccessNetwork.queue (id=2), at t=123.106306105778s, event #408357

Calling finish() at end of Run #334...

Preparing for running configuration MonetecPaperPlot, run #335...
Scenario: $r=30, $rho=1.255, $repetition=2
Assigned runID=MonetecPaperPlot-335-20260929-20:26:55-62
Setting up network "dect2020scheduledaccess.DectScheduledAccessNetwork"...
Initializing...

Running simulation...
** Event #0   t=0   Elapsed: 4e-06s (0m 00s)
     Speed:     ev/sec=0   simsec/sec=0   ev/simsec=0
     Messages:  created: 2   present: 2   in FES: 2
** Event #408235   t=122.973330084788   Elapsed: 0.041656s (0m 00s)
     Speed:     ev/sec=9.80227e+06   simsec/sec=2952.75   ev/simsec=3319.71
     Messages:  created: 2   present: 2   in FES: 1

<!> Simulation stopped with endSimulation() -- in module (ScheduledAccessQueue) DectScheduledAccessNetwork.queue (id=2), at t=122.973330084788s, event #408235

Calling finish() at end of Run #335...

Preparing for running configuration MonetecPaperPlot, run #336...
Scenario: $r=30, $rho=1.338, $repetition=0
Assigned runID=MonetecPaperPlot-336-20260929-20:26:55-62
Setting up network "dect2020scheduledaccess.DectScheduledAccessNetwork"...
Initializing...

Running simulation...
** Event #0   t=0   Elapsed: 4e-06s (0m 00s)
     Speed:     ev/sec=0   simsec/sec=0   ev/simsec=0
     Messages:  created: 2   present: 2   in FES: 2
** Event #432199   t=123.046330679234   Elapsed: 0.043557s (0m 00s)
     Speed:     ev/sec=9.92443e+06   simsec/sec=2825.46   ev/simsec=3512.5
     Messages:  created: 2   present: 2   in FES: 1

<!> Simulation stopped with endSimulation() -- in module (ScheduledAccessQueue) DectScheduledAccessNetwork.queue (id=2), at t=123.046330679234s, event #432199

Calling finish() at end of Run #336...

Preparing for running configuration MonetecPaperPlot, run #337...
Scenario: $r=30, $rho=1.338, $repetition=1
Assigned runID=MonetecPaperPlot-337-20260929-20:26:55-62
Setting up network "dect2020scheduledaccess.DectScheduledAccessNetwork"...
Initializing...

Running simulation...
** Event #0   t=0   Elapsed: 3e-06s (0m 00s)
     Speed:     ev/sec=0   simsec/sec=0   ev/simsec=0
     Messages:  created: 2   present: 2   in FES: 2
** Event #433562   t=123.23380513877   Elapsed: 0.043754s (0m 00s)
     Speed:     ev/sec=9.91089e+06   simsec/sec=2817.03   ev/simsec=3518.21
     Messages:  created: 2   present: 2   in FES: 1

<!> Simulation stopped with endSimulation() -- in module (ScheduledAccessQueue) DectScheduledAccessNetwork.queue (id=2), at t=123.23380513877s, event #433562

Calling finish() at end of Run #337...

Preparing for running configuration MonetecPaperPlot, run #338...
Scenario: $r=30, $rho=1.338, $repetition=2
Assigned runID=MonetecPaperPlot-338-20260929-20:26:55-62
Setting up network "dect2020scheduledaccess.DectScheduledAccessNetwork"...
Initializing...

Running simulation...
** Event #0   t=0   Elapsed: 4e-06s (0m 00s)
     Speed:     ev/sec=0   simsec/sec=0   ev/simsec=0
     Messages:  created: 2   present: 2   in FES: 2
** Event #432704   t=123.011641295972   Elapsed: 0.043589s (0m 00s)
     Speed:     ev/sec=9.92873e+06   simsec/sec=2822.6   ev/simsec=3517.59
     Messages:  created: 2   present: 2   in FES: 1

<!> Simulation stopped with endSimulation() -- in module (ScheduledAccessQueue) DectScheduledAccessNetwork.queue (id=2), at t=123.011641295972s, event #432704

Calling finish() at end of Run #338...

Preparing for running configuration MonetecPaperPlot, run #339...
Scenario: $r=30, $rho=1.421, $repetition=0
Assigned runID=MonetecPaperPlot-339-20260929-20:26:55-62
Setting up network "dect2020scheduledaccess.DectScheduledAccessNetwork"...
Initializing...

Running simulation...
** Event #0   t=0   Elapsed: 4e-06s (0m 00s)
     Speed:     ev/sec=0   simsec/sec=0   ev/simsec=0
     Messages:  created: 2   present: 2   in FES: 2
** Event #457240   t=123.130288484215   Elapsed: 0.046556s (0m 00s)
     Speed:     ev/sec=9.8234e+06   simsec/sec=2645.34   ev/simsec=3713.48
     Messages:  created: 2   present: 2   in FES: 1

<!> Simulation stopped with endSimulation() -- in module (ScheduledAccessQueue) DectScheduledAccessNetwork.queue (id=2), at t=123.130288484215s, event #457240

Calling finish() at end of Run #339...

Preparing for running configuration MonetecPaperPlot, run #340...
Scenario: $r=30, $rho=1.421, $repetition=1
Assigned runID=MonetecPaperPlot-340-20260929-20:26:55-62
Setting up network "dect2020scheduledaccess.DectScheduledAccessNetwork"...
Initializing...

Running simulation...
** Event #0   t=0   Elapsed: 4e-06s (0m 00s)
     Speed:     ev/sec=0   simsec/sec=0   ev/simsec=0
     Messages:  created: 2   present: 2   in FES: 2
** Event #456554   t=122.949825648106   Elapsed: 0.045812s (0m 00s)
     Speed:     ev/sec=9.96756e+06   simsec/sec=2684.26   ev/simsec=3713.34
     Messages:  created: 2   present: 2   in FES: 1

<!> Simulation stopped with endSimulation() -- in module (ScheduledAccessQueue) DectScheduledAccessNetwork.queue (id=2), at t=122.949825648106s, event #456554

Calling finish() at end of Run #340...

Preparing for running configuration MonetecPaperPlot, run #341...
Scenario: $r=30, $rho=1.421, $repetition=2
Assigned runID=MonetecPaperPlot-341-20260929-20:26:55-62
Setting up network "dect2020scheduledaccess.DectScheduledAccessNetwork"...
Initializing...

Running simulation...
** Event #0   t=0   Elapsed: 5e-06s (0m 00s)
     Speed:     ev/sec=0   simsec/sec=0   ev/simsec=0
     Messages:  created: 2   present: 2   in FES: 2
** Event #457086   t=123.023895717542   Elapsed: 0.046163s (0m 00s)
     Speed:     ev/sec=9.90371e+06   simsec/sec=2665.57   ev/simsec=3715.43
     Messages:  created: 2   present: 2   in FES: 1

<!> Simulation stopped with endSimulation() -- in module (ScheduledAccessQueue) DectScheduledAccessNetwork.queue (id=2), at t=123.023895717542s, event #457086

Calling finish() at end of Run #341...

Preparing for running configuration MonetecPaperPlot, run #342...
Scenario: $r=30, $rho=1.504, $repetition=0
Assigned runID=MonetecPaperPlot-342-20260929-20:26:55-62
Setting up network "dect2020scheduledaccess.DectScheduledAccessNetwork"...
Initializing...

Running simulation...
** Event #0   t=0   Elapsed: 2.5e-05s (0m 00s)
     Speed:     ev/sec=0   simsec/sec=0   ev/simsec=0
     Messages:  created: 2   present: 2   in FES: 2
** Event #481202   t=123.011922088173   Elapsed: 0.04888s (0m 00s)
     Speed:     ev/sec=9.8504e+06   simsec/sec=2518.1   ev/simsec=3911.85
     Messages:  created: 2   present: 2   in FES: 1

<!> Simulation stopped with endSimulation() -- in module (ScheduledAccessQueue) DectScheduledAccessNetwork.queue (id=2), at t=123.011922088173s, event #481202

Calling finish() at end of Run #342...

Preparing for running configuration MonetecPaperPlot, run #343...
Scenario: $r=30, $rho=1.504, $repetition=1
Assigned runID=MonetecPaperPlot-343-20260929-20:26:55-62
Setting up network "dect2020scheduledaccess.DectScheduledAccessNetwork"...
Initializing...

Running simulation...
** Event #0   t=0   Elapsed: 3e-06s (0m 00s)
     Speed:     ev/sec=0   simsec/sec=0   ev/simsec=0
     Messages:  created: 2   present: 2   in FES: 2
** Event #481705   t=123.092403681657   Elapsed: 0.048625s (0m 00s)
     Speed:     ev/sec=9.90836e+06   simsec/sec=2531.93   ev/simsec=3913.36
     Messages:  created: 2   present: 2   in FES: 1

<!> Simulation stopped with endSimulation() -- in module (ScheduledAccessQueue) DectScheduledAccessNetwork.queue (id=2), at t=123.092403681657s, event #481705

Calling finish() at end of Run #343...

Preparing for running configuration MonetecPaperPlot, run #344...
Scenario: $r=30, $rho=1.504, $repetition=2
Assigned runID=MonetecPaperPlot-344-20260929-20:26:55-62
Setting up network "dect2020scheduledaccess.DectScheduledAccessNetwork"...
Initializing...

Running simulation...
** Event #0   t=0   Elapsed: 3e-06s (0m 00s)
     Speed:     ev/sec=0   simsec/sec=0   ev/simsec=0
     Messages:  created: 2   present: 2   in FES: 2
** Event #481617   t=123.027455436949   Elapsed: 0.048636s (0m 00s)
     Speed:     ev/sec=9.90431e+06   simsec/sec=2530.02   ev/simsec=3914.71
     Messages:  created: 2   present: 2   in FES: 1

<!> Simulation stopped with endSimulation() -- in module (ScheduledAccessQueue) DectScheduledAccessNetwork.queue (id=2), at t=123.027455436949s, event #481617

Calling finish() at end of Run #344...

Preparing for running configuration MonetecPaperPlot, run #345...
Scenario: $r=30, $rho=1.587, $repetition=0
Assigned runID=MonetecPaperPlot-345-20260929-20:26:55-62
Setting up network "dect2020scheduledaccess.DectScheduledAccessNetwork"...
Initializing...

Running simulation...
** Event #0   t=0   Elapsed: 2.1e-05s (0m 00s)
     Speed:     ev/sec=0   simsec/sec=0   ev/simsec=0
     Messages:  created: 2   present: 2   in FES: 2
** Event #505898   t=123.017008622828   Elapsed: 0.050994s (0m 00s)
     Speed:     ev/sec=9.9256e+06   simsec/sec=2413.56   ev/simsec=4112.44
     Messages:  created: 2   present: 2   in FES: 1

<!> Simulation stopped with endSimulation() -- in module (ScheduledAccessQueue) DectScheduledAccessNetwork.queue (id=2), at t=123.017008622828s, event #505898

Calling finish() at end of Run #345...

Preparing for running configuration MonetecPaperPlot, run #346...
Scenario: $r=30, $rho=1.587, $repetition=1
Assigned runID=MonetecPaperPlot-346-20260929-20:26:55-62
Setting up network "dect2020scheduledaccess.DectScheduledAccessNetwork"...
Initializing...

Running simulation...
** Event #0   t=0   Elapsed: 4e-06s (0m 00s)
     Speed:     ev/sec=0   simsec/sec=0   ev/simsec=0
     Messages:  created: 2   present: 2   in FES: 2
** Event #506227   t=123.085314825183   Elapsed: 0.051096s (0m 00s)
     Speed:     ev/sec=9.90931e+06   simsec/sec=2409.37   ev/simsec=4112.82
     Messages:  created: 2   present: 2   in FES: 1

<!> Simulation stopped with endSimulation() -- in module (ScheduledAccessQueue) DectScheduledAccessNetwork.queue (id=2), at t=123.085314825183s, event #506227

Calling finish() at end of Run #346...

Preparing for running configuration MonetecPaperPlot, run #347...
Scenario: $r=30, $rho=1.587, $repetition=2
Assigned runID=MonetecPaperPlot-347-20260929-20:26:55-62
Setting up network "dect2020scheduledaccess.DectScheduledAccessNetwork"...
Initializing...

Running simulation...
** Event #0   t=0   Elapsed: 4e-06s (0m 00s)
     Speed:     ev/sec=0   simsec/sec=0   ev/simsec=0
     Messages:  created: 2   present: 2   in FES: 2
** Event #506682   t=123.061952137766   Elapsed: 0.05102s (0m 00s)
     Speed:     ev/sec=9.9328e+06   simsec/sec=2412.45   ev/simsec=4117.3
     Messages:  created: 2   present: 2   in FES: 1

<!> Simulation stopped with endSimulation() -- in module (ScheduledAccessQueue) DectScheduledAccessNetwork.queue (id=2), at t=123.061952137766s, event #506682

Calling finish() at end of Run #347...

Preparing for running configuration MonetecPaperPlot, run #348...
Scenario: $r=30, $rho=1.670, $repetition=0
Assigned runID=MonetecPaperPlot-348-20260929-20:26:55-62
Setting up network "dect2020scheduledaccess.DectScheduledAccessNetwork"...
Initializing...

Running simulation...
** Event #0   t=0   Elapsed: 6e-06s (0m 00s)
     Speed:     ev/sec=0   simsec/sec=0   ev/simsec=0
     Messages:  created: 2   present: 2   in FES: 2
** Event #531414   t=123.128649827643   Elapsed: 0.053779s (0m 00s)
     Speed:     ev/sec=9.88365e+06   simsec/sec=2290.03   ev/simsec=4315.94
     Messages:  created: 2   present: 2   in FES: 1

<!> Simulation stopped with endSimulation() -- in module (ScheduledAccessQueue) DectScheduledAccessNetwork.queue (id=2), at t=123.128649827643s, event #531414

Calling finish() at end of Run #348...

Preparing for running configuration MonetecPaperPlot, run #349...
Scenario: $r=30, $rho=1.670, $repetition=1
Assigned runID=MonetecPaperPlot-349-20260929-20:26:56-62
Setting up network "dect2020scheduledaccess.DectScheduledAccessNetwork"...
Initializing...

Running simulation...
** Event #0   t=0   Elapsed: 5e-06s (0m 00s)
     Speed:     ev/sec=0   simsec/sec=0   ev/simsec=0
     Messages:  created: 2   present: 2   in FES: 2
** Event #530681   t=123.070904259383   Elapsed: 0.053484s (0m 00s)
     Speed:     ev/sec=9.92354e+06   simsec/sec=2301.38   ev/simsec=4312
     Messages:  created: 2   present: 2   in FES: 1

<!> Simulation stopped with endSimulation() -- in module (ScheduledAccessQueue) DectScheduledAccessNetwork.queue (id=2), at t=123.070904259383s, event #530681

Calling finish() at end of Run #349...

Preparing for running configuration MonetecPaperPlot, run #350...
Scenario: $r=30, $rho=1.670, $repetition=2
Assigned runID=MonetecPaperPlot-350-20260929-20:26:56-62
Setting up network "dect2020scheduledaccess.DectScheduledAccessNetwork"...
Initializing...

Running simulation...
** Event #0   t=0   Elapsed: 5e-06s (0m 00s)
     Speed:     ev/sec=0   simsec/sec=0   ev/simsec=0
     Messages:  created: 2   present: 2   in FES: 2
** Event #531803   t=123.137507171073   Elapsed: 0.053444s (0m 00s)
     Speed:     ev/sec=9.95233e+06   simsec/sec=2304.43   ev/simsec=4318.78
     Messages:  created: 2   present: 2   in FES: 1

<!> Simulation stopped with endSimulation() -- in module (ScheduledAccessQueue) DectScheduledAccessNetwork.queue (id=2), at t=123.137507171073s, event #531803

Calling finish() at end of Run #350...

Preparing for running configuration MonetecPaperPlot, run #351...
Scenario: $r=30, $rho=1.753, $repetition=0
Assigned runID=MonetecPaperPlot-351-20260929-20:26:56-62
Setting up network "dect2020scheduledaccess.DectScheduledAccessNetwork"...
Initializing...

Running simulation...
** Event #0   t=0   Elapsed: 4e-06s (0m 00s)
     Speed:     ev/sec=0   simsec/sec=0   ev/simsec=0
     Messages:  created: 2   present: 2   in FES: 2
** Event #555680   t=123.034775436948   Elapsed: 0.055833s (0m 00s)
     Speed:     ev/sec=9.95414e+06   simsec/sec=2203.97   ev/simsec=4516.45
     Messages:  created: 2   present: 2   in FES: 1

<!> Simulation stopped with endSimulation() -- in module (ScheduledAccessQueue) DectScheduledAccessNetwork.queue (id=2), at t=123.034775436948s, event #555680

Calling finish() at end of Run #351...

Preparing for running configuration MonetecPaperPlot, run #352...
Scenario: $r=30, $rho=1.753, $repetition=1
Assigned runID=MonetecPaperPlot-352-20260929-20:26:56-62
Setting up network "dect2020scheduledaccess.DectScheduledAccessNetwork"...
Initializing...

Running simulation...
** Event #0   t=0   Elapsed: 5e-06s (0m 00s)
     Speed:     ev/sec=0   simsec/sec=0   ev/simsec=0
     Messages:  created: 2   present: 2   in FES: 2
** Event #554911   t=123.04913723938   Elapsed: 0.055743s (0m 00s)
     Speed:     ev/sec=9.95642e+06   simsec/sec=2207.79   ev/simsec=4509.67
     Messages:  created: 2   present: 2   in FES: 1

<!> Simulation stopped with endSimulation() -- in module (ScheduledAccessQueue) DectScheduledAccessNetwork.queue (id=2), at t=123.04913723938s, event #554911

Calling finish() at end of Run #352...

Preparing for running configuration MonetecPaperPlot, run #353...
Scenario: $r=30, $rho=1.753, $repetition=2
Assigned runID=MonetecPaperPlot-353-20260929-20:26:56-62
Setting up network "dect2020scheduledaccess.DectScheduledAccessNetwork"...
Initializing...

Running simulation...
** Event #0   t=0   Elapsed: 2.6e-05s (0m 00s)
     Speed:     ev/sec=0   simsec/sec=0   ev/simsec=0
     Messages:  created: 2   present: 2   in FES: 2
** Event #556201   t=123.115443491042   Elapsed: 0.056619s (0m 00s)
     Speed:     ev/sec=9.82913e+06   simsec/sec=2175.68   ev/simsec=4517.73
     Messages:  created: 2   present: 2   in FES: 1

<!> Simulation stopped with endSimulation() -- in module (ScheduledAccessQueue) DectScheduledAccessNetwork.queue (id=2), at t=123.115443491042s, event #556201

Calling finish() at end of Run #353...

Preparing for running configuration MonetecPaperPlot, run #354...
Scenario: $r=30, $rho=1.836, $repetition=0
Assigned runID=MonetecPaperPlot-354-20260929-20:26:56-62
Setting up network "dect2020scheduledaccess.DectScheduledAccessNetwork"...
Initializing...

Running simulation...
** Event #0   t=0   Elapsed: 4e-06s (0m 00s)
     Speed:     ev/sec=0   simsec/sec=0   ev/simsec=0
     Messages:  created: 2   present: 2   in FES: 2
** Event #580102   t=123.048879853066   Elapsed: 0.058403s (0m 00s)
     Speed:     ev/sec=9.93427e+06   simsec/sec=2107.22   ev/simsec=4714.41
     Messages:  created: 2   present: 2   in FES: 1

<!> Simulation stopped with endSimulation() -- in module (ScheduledAccessQueue) DectScheduledAccessNetwork.queue (id=2), at t=123.048879853066s, event #580102

Calling finish() at end of Run #354...

Preparing for running configuration MonetecPaperPlot, run #355...
Scenario: $r=30, $rho=1.836, $repetition=1
Assigned runID=MonetecPaperPlot-355-20260929-20:26:56-62
Setting up network "dect2020scheduledaccess.DectScheduledAccessNetwork"...
Initializing...

Running simulation...
** Event #0   t=0   Elapsed: 2.9e-05s (0m 00s)
     Speed:     ev/sec=0   simsec/sec=0   ev/simsec=0
     Messages:  created: 2   present: 2   in FES: 2
** Event #579768   t=123.100732475214   Elapsed: 0.058251s (0m 00s)
     Speed:     ev/sec=9.95942e+06   simsec/sec=2114.66   ev/simsec=4709.71
     Messages:  created: 2   present: 2   in FES: 1

<!> Simulation stopped with endSimulation() -- in module (ScheduledAccessQueue) DectScheduledAccessNetwork.queue (id=2), at t=123.100732475214s, event #579768

Calling finish() at end of Run #355...

Preparing for running configuration MonetecPaperPlot, run #356...
Scenario: $r=30, $rho=1.836, $repetition=2
Assigned runID=MonetecPaperPlot-356-20260929-20:26:56-62
Setting up network "dect2020scheduledaccess.DectScheduledAccessNetwork"...
Initializing...

Running simulation...
** Event #0   t=0   Elapsed: 5e-06s (0m 00s)
     Speed:     ev/sec=0   simsec/sec=0   ev/simsec=0
     Messages:  created: 2   present: 2   in FES: 2
** Event #580472   t=123.075701765573   Elapsed: 0.058413s (0m 00s)
     Speed:     ev/sec=9.93908e+06   simsec/sec=2107.35   ev/simsec=4716.39
     Messages:  created: 2   present: 2   in FES: 1

<!> Simulation stopped with endSimulation() -- in module (ScheduledAccessQueue) DectScheduledAccessNetwork.queue (id=2), at t=123.075701765573s, event #580472

Calling finish() at end of Run #356...

Preparing for running configuration MonetecPaperPlot, run #357...
Scenario: $r=30, $rho=1.919, $repetition=0
Assigned runID=MonetecPaperPlot-357-20260929-20:26:56-62
Setting up network "dect2020scheduledaccess.DectScheduledAccessNetwork"...
Initializing...

Running simulation...
** Event #0   t=0   Elapsed: 5e-06s (0m 00s)
     Speed:     ev/sec=0   simsec/sec=0   ev/simsec=0
     Messages:  created: 2   present: 2   in FES: 2
** Event #605274   t=123.134802777896   Elapsed: 0.060995s (0m 00s)
     Speed:     ev/sec=9.92529e+06   simsec/sec=2019.16   ev/simsec=4915.54
     Messages:  created: 2   present: 2   in FES: 1

<!> Simulation stopped with endSimulation() -- in module (ScheduledAccessQueue) DectScheduledAccessNetwork.queue (id=2), at t=123.134802777896s, event #605274

Calling finish() at end of Run #357...

Preparing for running configuration MonetecPaperPlot, run #358...
Scenario: $r=30, $rho=1.919, $repetition=1
Assigned runID=MonetecPaperPlot-358-20260929-20:26:56-62
Setting up network "dect2020scheduledaccess.DectScheduledAccessNetwork"...
Initializing...

Running simulation...
** Event #0   t=0   Elapsed: 6e-06s (0m 00s)
     Speed:     ev/sec=0   simsec/sec=0   ev/simsec=0
     Messages:  created: 2   present: 2   in FES: 2
** Event #604284   t=123.103996703886   Elapsed: 0.06068s (0m 00s)
     Speed:     ev/sec=9.96034e+06   simsec/sec=2029.11   ev/simsec=4908.73
     Messages:  created: 2   present: 2   in FES: 1

<!> Simulation stopped with endSimulation() -- in module (ScheduledAccessQueue) DectScheduledAccessNetwork.queue (id=2), at t=123.103996703886s, event #604284

Calling finish() at end of Run #358...

Preparing for running configuration MonetecPaperPlot, run #359...
Scenario: $r=30, $rho=1.919, $repetition=2
Assigned runID=MonetecPaperPlot-359-20260929-20:26:56-62
Setting up network "dect2020scheduledaccess.DectScheduledAccessNetwork"...
Initializing...

Running simulation...
** Event #0   t=0   Elapsed: 5e-06s (0m 00s)
     Speed:     ev/sec=0   simsec/sec=0   ev/simsec=0
     Messages:  created: 2   present: 2   in FES: 2
** Event #605569   t=123.123951516058   Elapsed: 0.060881s (0m 00s)
     Speed:     ev/sec=9.94824e+06   simsec/sec=2022.67   ev/simsec=4918.37
     Messages:  created: 2   present: 2   in FES: 1

<!> Simulation stopped with endSimulation() -- in module (ScheduledAccessQueue) DectScheduledAccessNetwork.queue (id=2), at t=123.123951516058s, event #605569

Calling finish() at end of Run #359...

Preparing for running configuration MonetecPaperPlot, run #360...
Scenario: $r=30, $rho=2.002, $repetition=0
Assigned runID=MonetecPaperPlot-360-20260929-20:26:56-62
Setting up network "dect2020scheduledaccess.DectScheduledAccessNetwork"...
Initializing...

Running simulation...
** Event #0   t=0   Elapsed: 4e-06s (0m 00s)
     Speed:     ev/sec=0   simsec/sec=0   ev/simsec=0
     Messages:  created: 2   present: 2   in FES: 2
** Event #628814   t=122.995636846013   Elapsed: 0.063036s (0m 00s)
     Speed:     ev/sec=9.97674e+06   simsec/sec=1951.44   ev/simsec=5112.5
     Messages:  created: 2   present: 2   in FES: 1

<!> Simulation stopped with endSimulation() -- in module (ScheduledAccessQueue) DectScheduledAccessNetwork.queue (id=2), at t=122.995636846013s, event #628814

Calling finish() at end of Run #360...

Preparing for running configuration MonetecPaperPlot, run #361...
Scenario: $r=30, $rho=2.002, $repetition=1
Assigned runID=MonetecPaperPlot-361-20260929-20:26:56-62
Setting up network "dect2020scheduledaccess.DectScheduledAccessNetwork"...
Initializing...

Running simulation...
** Event #0   t=0   Elapsed: 4e-06s (0m 00s)
     Speed:     ev/sec=0   simsec/sec=0   ev/simsec=0
     Messages:  created: 2   present: 2   in FES: 2
** Event #628602   t=123.105984212493   Elapsed: 0.063245s (0m 00s)
     Speed:     ev/sec=9.94073e+06   simsec/sec=1946.8   ev/simsec=5106.19
     Messages:  created: 2   present: 2   in FES: 1

<!> Simulation stopped with endSimulation() -- in module (ScheduledAccessQueue) DectScheduledAccessNetwork.queue (id=2), at t=123.105984212493s, event #628602

Calling finish() at end of Run #361...

Preparing for running configuration MonetecPaperPlot, run #362...
Scenario: $r=30, $rho=2.002, $repetition=2
Assigned runID=MonetecPaperPlot-362-20260929-20:26:56-62
Setting up network "dect2020scheduledaccess.DectScheduledAccessNetwork"...
Initializing...

Running simulation...
** Event #0   t=0   Elapsed: 4e-06s (0m 00s)
     Speed:     ev/sec=0   simsec/sec=0   ev/simsec=0
     Messages:  created: 2   present: 2   in FES: 2
** Event #630340   t=123.170741629991   Elapsed: 0.063367s (0m 00s)
     Speed:     ev/sec=9.94902e+06   simsec/sec=1944.07   ev/simsec=5117.62
     Messages:  created: 2   present: 2   in FES: 1

<!> Simulation stopped with endSimulation() -- in module (ScheduledAccessQueue) DectScheduledAccessNetwork.queue (id=2), at t=123.170741629991s, event #630340

Calling finish() at end of Run #362...

Preparing for running configuration MonetecPaperPlot, run #363...
Scenario: $r=30, $rho=2.085, $repetition=0
Assigned runID=MonetecPaperPlot-363-20260929-20:26:56-62
Setting up network "dect2020scheduledaccess.DectScheduledAccessNetwork"...
Initializing...

Running simulation...
** Event #0   t=0   Elapsed: 5e-06s (0m 00s)
     Speed:     ev/sec=0   simsec/sec=0   ev/simsec=0
     Messages:  created: 2   present: 2   in FES: 2
** Event #653342   t=123.002676552499   Elapsed: 0.065571s (0m 00s)
     Speed:     ev/sec=9.96541e+06   simsec/sec=1876.16   ev/simsec=5311.61
     Messages:  created: 2   present: 2   in FES: 1

<!> Simulation stopped with endSimulation() -- in module (ScheduledAccessQueue) DectScheduledAccessNetwork.queue (id=2), at t=123.002676552499s, event #653342

Calling finish() at end of Run #363...

Preparing for running configuration MonetecPaperPlot, run #364...
Scenario: $r=30, $rho=2.085, $repetition=1
Assigned runID=MonetecPaperPlot-364-20260929-20:26:56-62
Setting up network "dect2020scheduledaccess.DectScheduledAccessNetwork"...
Initializing...

Running simulation...
** Event #0   t=0   Elapsed: 5e-06s (0m 00s)
     Speed:     ev/sec=0   simsec/sec=0   ev/simsec=0
     Messages:  created: 2   present: 2   in FES: 2
** Event #652799   t=123.064149791086   Elapsed: 0.065832s (0m 00s)
     Speed:     ev/sec=9.91749e+06   simsec/sec=1869.62   ev/simsec=5304.56
     Messages:  created: 2   present: 2   in FES: 1

<!> Simulation stopped with endSimulation() -- in module (ScheduledAccessQueue) DectScheduledAccessNetwork.queue (id=2), at t=123.064149791086s, event #652799

Calling finish() at end of Run #364...

Preparing for running configuration MonetecPaperPlot, run #365...
Scenario: $r=30, $rho=2.085, $repetition=2
Assigned runID=MonetecPaperPlot-365-20260929-20:26:57-62
Setting up network "dect2020scheduledaccess.DectScheduledAccessNetwork"...
Initializing...

Running simulation...
** Event #0   t=0   Elapsed: 5e-06s (0m 00s)
     Speed:     ev/sec=0   simsec/sec=0   ev/simsec=0
     Messages:  created: 2   present: 2   in FES: 2
** Event #654653   t=123.096163582228   Elapsed: 0.065805s (0m 00s)
     Speed:     ev/sec=9.94974e+06   simsec/sec=1870.88   ev/simsec=5318.22
     Messages:  created: 2   present: 2   in FES: 1

<!> Simulation stopped with endSimulation() -- in module (ScheduledAccessQueue) DectScheduledAccessNetwork.queue (id=2), at t=123.096163582228s, event #654653

Calling finish() at end of Run #365...

Preparing for running configuration MonetecPaperPlot, run #366...
Scenario: $r=30, $rho=2.168, $repetition=0
Assigned runID=MonetecPaperPlot-366-20260929-20:26:57-62
Setting up network "dect2020scheduledaccess.DectScheduledAccessNetwork"...
Initializing...

Running simulation...
** Event #0   t=0   Elapsed: 5e-06s (0m 00s)
     Speed:     ev/sec=0   simsec/sec=0   ev/simsec=0
     Messages:  created: 2   present: 2   in FES: 2
** Event #678963   t=123.116099285842   Elapsed: 0.068038s (0m 00s)
     Speed:     ev/sec=9.98049e+06   simsec/sec=1809.76   ev/simsec=5514.82
     Messages:  created: 2   present: 2   in FES: 1

<!> Simulation stopped with endSimulation() -- in module (ScheduledAccessQueue) DectScheduledAccessNetwork.queue (id=2), at t=123.116099285842s, event #678963

Calling finish() at end of Run #366...

Preparing for running configuration MonetecPaperPlot, run #367...
Scenario: $r=30, $rho=2.168, $repetition=1
Assigned runID=MonetecPaperPlot-367-20260929-20:26:57-62
Setting up network "dect2020scheduledaccess.DectScheduledAccessNetwork"...
Initializing...

Running simulation...
** Event #0   t=0   Elapsed: 4e-06s (0m 00s)
     Speed:     ev/sec=0   simsec/sec=0   ev/simsec=0
     Messages:  created: 2   present: 2   in FES: 2
** Event #677463   t=123.072735239706   Elapsed: 0.068099s (0m 00s)
     Speed:     ev/sec=9.94952e+06   simsec/sec=1807.5   ev/simsec=5504.58
     Messages:  created: 2   present: 2   in FES: 1

<!> Simulation stopped with endSimulation() -- in module (ScheduledAccessQueue) DectScheduledAccessNetwork.queue (id=2), at t=123.072735239706s, event #677463

Calling finish() at end of Run #367...

Preparing for running configuration MonetecPaperPlot, run #368...
Scenario: $r=30, $rho=2.168, $repetition=2
Assigned runID=MonetecPaperPlot-368-20260929-20:26:57-62
Setting up network "dect2020scheduledaccess.DectScheduledAccessNetwork"...
Initializing...

Running simulation...
** Event #0   t=0   Elapsed: 5e-06s (0m 00s)
     Speed:     ev/sec=0   simsec/sec=0   ev/simsec=0
     Messages:  created: 2   present: 2   in FES: 2
** Event #679237   t=123.117419503973   Elapsed: 0.068566s (0m 00s)
     Speed:     ev/sec=9.90777e+06   simsec/sec=1795.87   ev/simsec=5516.99
     Messages:  created: 2   present: 2   in FES: 1

<!> Simulation stopped with endSimulation() -- in module (ScheduledAccessQueue) DectScheduledAccessNetwork.queue (id=2), at t=123.117419503973s, event #679237

Calling finish() at end of Run #368...

Preparing for running configuration MonetecPaperPlot, run #369...
Scenario: $r=30, $rho=2.251, $repetition=0
Assigned runID=MonetecPaperPlot-369-20260929-20:26:57-62
Setting up network "dect2020scheduledaccess.DectScheduledAccessNetwork"...
Initializing...

Running simulation...
** Event #0   t=0   Elapsed: 4e-06s (0m 00s)
     Speed:     ev/sec=0   simsec/sec=0   ev/simsec=0
     Messages:  created: 2   present: 2   in FES: 2
** Event #702221   t=122.977536149909   Elapsed: 0.070518s (0m 00s)
     Speed:     ev/sec=9.95917e+06   simsec/sec=1744.11   ev/simsec=5710.17
     Messages:  created: 2   present: 2   in FES: 1

<!> Simulation stopped with endSimulation() -- in module (ScheduledAccessQueue) DectScheduledAccessNetwork.queue (id=2), at t=122.977536149909s, event #702221

Calling finish() at end of Run #369...

Preparing for running configuration MonetecPaperPlot, run #370...
Scenario: $r=30, $rho=2.251, $repetition=1
Assigned runID=MonetecPaperPlot-370-20260929-20:26:57-62
Setting up network "dect2020scheduledaccess.DectScheduledAccessNetwork"...
Initializing...

Running simulation...
** Event #0   t=0   Elapsed: 4e-06s (0m 00s)
     Speed:     ev/sec=0   simsec/sec=0   ev/simsec=0
     Messages:  created: 2   present: 2   in FES: 2
** Event #701906   t=123.044076806163   Elapsed: 0.070441s (0m 00s)
     Speed:     ev/sec=9.96558e+06   simsec/sec=1746.97   ev/simsec=5704.51
     Messages:  created: 2   present: 2   in FES: 1

<!> Simulation stopped with endSimulation() -- in module (ScheduledAccessQueue) DectScheduledAccessNetwork.queue (id=2), at t=123.044076806163s, event #701906

Calling finish() at end of Run #370...

Preparing for running configuration MonetecPaperPlot, run #371...
Scenario: $r=30, $rho=2.251, $repetition=2
Assigned runID=MonetecPaperPlot-371-20260929-20:26:57-62
Setting up network "dect2020scheduledaccess.DectScheduledAccessNetwork"...
Initializing...

Running simulation...
** Event #0   t=0   Elapsed: 4e-06s (0m 00s)
     Speed:     ev/sec=0   simsec/sec=0   ev/simsec=0
     Messages:  created: 2   present: 2   in FES: 2
** Event #703445   t=123.053636288797   Elapsed: 0.071333s (0m 00s)
     Speed:     ev/sec=9.86295e+06   simsec/sec=1725.32   ev/simsec=5716.57
     Messages:  created: 2   present: 2   in FES: 1

<!> Simulation stopped with endSimulation() -- in module (ScheduledAccessQueue) DectScheduledAccessNetwork.queue (id=2), at t=123.053636288797s, event #703445

Calling finish() at end of Run #371...

Preparing for running configuration MonetecPaperPlot, run #372...
Scenario: $r=30, $rho=2.334, $repetition=0
Assigned runID=MonetecPaperPlot-372-20260929-20:26:57-62
Setting up network "dect2020scheduledaccess.DectScheduledAccessNetwork"...
Initializing...

Running simulation...
** Event #0   t=0   Elapsed: 4e-06s (0m 00s)
     Speed:     ev/sec=0   simsec/sec=0   ev/simsec=0
     Messages:  created: 2   present: 2   in FES: 2
** Event #726882   t=122.987895620061   Elapsed: 0.07328s (0m 00s)
     Speed:     ev/sec=9.92046e+06   simsec/sec=1678.53   ev/simsec=5910.2
     Messages:  created: 2   present: 2   in FES: 1

<!> Simulation stopped with endSimulation() -- in module (ScheduledAccessQueue) DectScheduledAccessNetwork.queue (id=2), at t=122.987895620061s, event #726882

Calling finish() at end of Run #372...

Preparing for running configuration MonetecPaperPlot, run #373...
Scenario: $r=30, $rho=2.334, $repetition=1
Assigned runID=MonetecPaperPlot-373-20260929-20:26:57-62
Setting up network "dect2020scheduledaccess.DectScheduledAccessNetwork"...
Initializing...

Running simulation...
** Event #0   t=0   Elapsed: 1.7e-05s (0m 00s)
     Speed:     ev/sec=0   simsec/sec=0   ev/simsec=0
     Messages:  created: 2   present: 2   in FES: 2
** Event #725915   t=122.98019956871   Elapsed: 0.073339s (0m 00s)
     Speed:     ev/sec=9.90172e+06   simsec/sec=1677.49   ev/simsec=5902.7
     Messages:  created: 2   present: 2   in FES: 1

<!> Simulation stopped with endSimulation() -- in module (ScheduledAccessQueue) DectScheduledAccessNetwork.queue (id=2), at t=122.98019956871s, event #725915

Calling finish() at end of Run #373...

Preparing for running configuration MonetecPaperPlot, run #374...
Scenario: $r=30, $rho=2.334, $repetition=2
Assigned runID=MonetecPaperPlot-374-20260929-20:26:57-62
Setting up network "dect2020scheduledaccess.DectScheduledAccessNetwork"...
Initializing...

Running simulation...
** Event #0   t=0   Elapsed: 4e-06s (0m 00s)
     Speed:     ev/sec=0   simsec/sec=0   ev/simsec=0
     Messages:  created: 2   present: 2   in FES: 2
** Event #727496   t=122.98119313738   Elapsed: 0.073161s (0m 00s)
     Speed:     ev/sec=9.94499e+06   simsec/sec=1681.17   ev/simsec=5915.51
     Messages:  created: 2   present: 2   in FES: 1

<!> Simulation stopped with endSimulation() -- in module (ScheduledAccessQueue) DectScheduledAccessNetwork.queue (id=2), at t=122.98119313738s, event #727496

Calling finish() at end of Run #374...

Preparing for running configuration MonetecPaperPlot, run #375...
Scenario: $r=30, $rho=2.417, $repetition=0
Assigned runID=MonetecPaperPlot-375-20260929-20:26:57-62
Setting up network "dect2020scheduledaccess.DectScheduledAccessNetwork"...
Initializing...

Running simulation...
** Event #0   t=0   Elapsed: 4e-06s (0m 00s)
     Speed:     ev/sec=0   simsec/sec=0   ev/simsec=0
     Messages:  created: 2   present: 2   in FES: 2
** Event #751803   t=123.035709350139   Elapsed: 0.075893s (0m 00s)
     Speed:     ev/sec=9.90766e+06   simsec/sec=1621.43   ev/simsec=6110.45
     Messages:  created: 2   present: 2   in FES: 1

<!> Simulation stopped with endSimulation() -- in module (ScheduledAccessQueue) DectScheduledAccessNetwork.queue (id=2), at t=123.035709350139s, event #751803

Calling finish() at end of Run #375...

Preparing for running configuration MonetecPaperPlot, run #376...
Scenario: $r=30, $rho=2.417, $repetition=1
Assigned runID=MonetecPaperPlot-376-20260929-20:26:57-62
Setting up network "dect2020scheduledaccess.DectScheduledAccessNetwork"...
Initializing...

Running simulation...
** Event #0   t=0   Elapsed: 5e-06s (0m 00s)
     Speed:     ev/sec=0   simsec/sec=0   ev/simsec=0
     Messages:  created: 2   present: 2   in FES: 2
** Event #751865   t=123.143129770227   Elapsed: 0.075408s (0m 00s)
     Speed:     ev/sec=9.97182e+06   simsec/sec=1633.22   ev/simsec=6105.62
     Messages:  created: 2   present: 2   in FES: 1

<!> Simulation stopped with endSimulation() -- in module (ScheduledAccessQueue) DectScheduledAccessNetwork.queue (id=2), at t=123.143129770227s, event #751865

Calling finish() at end of Run #376...

Preparing for running configuration MonetecPaperPlot, run #377...
Scenario: $r=30, $rho=2.417, $repetition=2
Assigned runID=MonetecPaperPlot-377-20260929-20:26:57-62
Setting up network "dect2020scheduledaccess.DectScheduledAccessNetwork"...
Initializing...

Running simulation...
** Event #0   t=0   Elapsed: 5e-06s (0m 00s)
     Speed:     ev/sec=0   simsec/sec=0   ev/simsec=0
     Messages:  created: 2   present: 2   in FES: 2
** Event #752322   t=123.012082016795   Elapsed: 0.075295s (0m 00s)
     Speed:     ev/sec=9.99285e+06   simsec/sec=1633.93   ev/simsec=6115.84
     Messages:  created: 2   present: 2   in FES: 1

<!> Simulation stopped with endSimulation() -- in module (ScheduledAccessQueue) DectScheduledAccessNetwork.queue (id=2), at t=123.012082016795s, event #752322

Calling finish() at end of Run #377...

Preparing for running configuration MonetecPaperPlot, run #378...
Scenario: $r=30, $rho=2.500, $repetition=0
Assigned runID=MonetecPaperPlot-378-20260929-20:26:57-62
Setting up network "dect2020scheduledaccess.DectScheduledAccessNetwork"...
Initializing...

Running simulation...
** Event #0   t=0   Elapsed: 5e-06s (0m 00s)
     Speed:     ev/sec=0   simsec/sec=0   ev/simsec=0
     Messages:  created: 2   present: 2   in FES: 2
** Event #776001   t=123.014031675152   Elapsed: 0.078444s (0m 00s)
     Speed:     ev/sec=9.89368e+06   simsec/sec=1568.38   ev/simsec=6308.23
     Messages:  created: 2   present: 2   in FES: 1

<!> Simulation stopped with endSimulation() -- in module (ScheduledAccessQueue) DectScheduledAccessNetwork.queue (id=2), at t=123.014031675152s, event #776001

Calling finish() at end of Run #378...

Preparing for running configuration MonetecPaperPlot, run #379...
Scenario: $r=30, $rho=2.500, $repetition=1
Assigned runID=MonetecPaperPlot-379-20260929-20:26:58-62
Setting up network "dect2020scheduledaccess.DectScheduledAccessNetwork"...
Initializing...

Running simulation...
** Event #0   t=0   Elapsed: 3e-06s (0m 00s)
     Speed:     ev/sec=0   simsec/sec=0   ev/simsec=0
     Messages:  created: 2   present: 2   in FES: 2
** Event #775937   t=123.09725037915   Elapsed: 0.077712s (0m 00s)
     Speed:     ev/sec=9.98568e+06   simsec/sec=1584.16   ev/simsec=6303.46
     Messages:  created: 2   present: 2   in FES: 1

<!> Simulation stopped with endSimulation() -- in module (ScheduledAccessQueue) DectScheduledAccessNetwork.queue (id=2), at t=123.09725037915s, event #775937

Calling finish() at end of Run #379...

Preparing for running configuration MonetecPaperPlot, run #380...
Scenario: $r=30, $rho=2.500, $repetition=2
Assigned runID=MonetecPaperPlot-380-20260929-20:26:58-62
Setting up network "dect2020scheduledaccess.DectScheduledAccessNetwork"...
Initializing...

Running simulation...
** Event #0   t=0   Elapsed: 4e-06s (0m 00s)
     Speed:     ev/sec=0   simsec/sec=0   ev/simsec=0
     Messages:  created: 2   present: 2   in FES: 2
** Event #776439   t=122.979835578185   Elapsed: 0.077909s (0m 00s)
     Speed:     ev/sec=9.96725e+06   simsec/sec=1578.71   ev/simsec=6313.55
     Messages:  created: 2   present: 2   in FES: 1

<!> Simulation stopped with endSimulation() -- in module (ScheduledAccessQueue) DectScheduledAccessNetwork.queue (id=2), at t=122.979835578185s, event #776439

Calling finish() at end of Run #380...

Preparing for running configuration MonetecPaperPlot, run #381...
Scenario: $r=30, $rho=2.583, $repetition=0
Assigned runID=MonetecPaperPlot-381-20260929-20:26:58-62
Setting up network "dect2020scheduledaccess.DectScheduledAccessNetwork"...
Initializing...

Running simulation...
** Event #0   t=0   Elapsed: 4e-06s (0m 00s)
     Speed:     ev/sec=0   simsec/sec=0   ev/simsec=0
     Messages:  created: 2   present: 2   in FES: 2
** Event #800898   t=123.07095101565   Elapsed: 0.080408s (0m 00s)
     Speed:     ev/sec=9.96154e+06   simsec/sec=1530.75   ev/simsec=6507.61
     Messages:  created: 2   present: 2   in FES: 1

<!> Simulation stopped with endSimulation() -- in module (ScheduledAccessQueue) DectScheduledAccessNetwork.queue (id=2), at t=123.07095101565s, event #800898

Calling finish() at end of Run #381...

Preparing for running configuration MonetecPaperPlot, run #382...
Scenario: $r=30, $rho=2.583, $repetition=1
Assigned runID=MonetecPaperPlot-382-20260929-20:26:58-62
Setting up network "dect2020scheduledaccess.DectScheduledAccessNetwork"...
Initializing...

Running simulation...
** Event #0   t=0   Elapsed: 4e-06s (0m 00s)
     Speed:     ev/sec=0   simsec/sec=0   ev/simsec=0
     Messages:  created: 2   present: 2   in FES: 2
** Event #800442   t=123.067394349821   Elapsed: 0.080154s (0m 00s)
     Speed:     ev/sec=9.98755e+06   simsec/sec=1535.58   ev/simsec=6504.11
     Messages:  created: 2   present: 2   in FES: 1

<!> Simulation stopped with endSimulation() -- in module (ScheduledAccessQueue) DectScheduledAccessNetwork.queue (id=2), at t=123.067394349821s, event #800442

Calling finish() at end of Run #382...

Preparing for running configuration MonetecPaperPlot, run #383...
Scenario: $r=30, $rho=2.583, $repetition=2
Assigned runID=MonetecPaperPlot-383-20260929-20:26:58-62
Setting up network "dect2020scheduledaccess.DectScheduledAccessNetwork"...
Initializing...

Running simulation...
** Event #0   t=0   Elapsed: 4e-06s (0m 00s)
     Speed:     ev/sec=0   simsec/sec=0   ev/simsec=0
     Messages:  created: 2   present: 2   in FES: 2
** Event #801395   t=123.029384565741   Elapsed: 0.080328s (0m 00s)
     Speed:     ev/sec=9.97753e+06   simsec/sec=1531.74   ev/simsec=6513.85
     Messages:  created: 2   present: 2   in FES: 1

<!> Simulation stopped with endSimulation() -- in module (ScheduledAccessQueue) DectScheduledAccessNetwork.queue (id=2), at t=123.029384565741s, event #801395

Calling finish() at end of Run #383...

Preparing for running configuration MonetecPaperPlot, run #384...
Scenario: $r=40, $rho=0.010, $repetition=0
Assigned runID=MonetecPaperPlot-384-20260929-20:26:58-62
Setting up network "dect2020scheduledaccess.DectScheduledAccessNetwork"...
Initializing...

Running simulation...
** Event #0   t=0   Elapsed: 6e-06s (0m 00s)
     Speed:     ev/sec=0   simsec/sec=0   ev/simsec=0
     Messages:  created: 2   present: 2   in FES: 2
** Event #163812   t=1034.719980020577   Elapsed: 0.013389s (0m 00s)
     Speed:     ev/sec=1.2243e+07   simsec/sec=77333.3   ev/simsec=158.315
     Messages:  created: 2   present: 2   in FES: 1

<!> Simulation stopped with endSimulation() -- in module (ScheduledAccessQueue) DectScheduledAccessNetwork.queue (id=2), at t=1034.719980020577s, event #163812

Calling finish() at end of Run #384...

Preparing for running configuration MonetecPaperPlot, run #385...
Scenario: $r=40, $rho=0.010, $repetition=1
Assigned runID=MonetecPaperPlot-385-20260929-20:26:58-62
Setting up network "dect2020scheduledaccess.DectScheduledAccessNetwork"...
Initializing...

Running simulation...
** Event #0   t=0   Elapsed: 4e-06s (0m 00s)
     Speed:     ev/sec=0   simsec/sec=0   ev/simsec=0
     Messages:  created: 2   present: 2   in FES: 2
** Event #164694   t=1042.621223538347   Elapsed: 0.013544s (0m 00s)
     Speed:     ev/sec=1.2168e+07   simsec/sec=77031.4   ev/simsec=157.962
     Messages:  created: 2   present: 2   in FES: 1

<!> Simulation stopped with endSimulation() -- in module (ScheduledAccessQueue) DectScheduledAccessNetwork.queue (id=2), at t=1042.621223538347s, event #164694

Calling finish() at end of Run #385...

Preparing for running configuration MonetecPaperPlot, run #386...
Scenario: $r=40, $rho=0.010, $repetition=2
Assigned runID=MonetecPaperPlot-386-20260929-20:26:58-62
Setting up network "dect2020scheduledaccess.DectScheduledAccessNetwork"...
Initializing...

Running simulation...
** Event #0   t=0   Elapsed: 5e-06s (0m 00s)
     Speed:     ev/sec=0   simsec/sec=0   ev/simsec=0
     Messages:  created: 2   present: 2   in FES: 2
** Event #163410   t=1031.07738215099   Elapsed: 0.013495s (0m 00s)
     Speed:     ev/sec=1.21215e+07   simsec/sec=76483.7   ev/simsec=158.485
     Messages:  created: 2   present: 2   in FES: 1

<!> Simulation stopped with endSimulation() -- in module (ScheduledAccessQueue) DectScheduledAccessNetwork.queue (id=2), at t=1031.07738215099s, event #163410

Calling finish() at end of Run #386...

Preparing for running configuration MonetecPaperPlot, run #387...
Scenario: $r=40, $rho=0.093, $repetition=0
Assigned runID=MonetecPaperPlot-387-20260929-20:26:58-62
Setting up network "dect2020scheduledaccess.DectScheduledAccessNetwork"...
Initializing...

Running simulation...
** Event #0   t=0   Elapsed: 7e-06s (0m 00s)
     Speed:     ev/sec=0   simsec/sec=0   ev/simsec=0
     Messages:  created: 2   present: 2   in FES: 2
** Event #65113   t=123.070101795085   Elapsed: 0.006682s (0m 00s)
     Speed:     ev/sec=0   simsec/sec=0   ev/simsec=0
     Messages:  created: 2   present: 2   in FES: 1

<!> Simulation stopped with endSimulation() -- in module (ScheduledAccessQueue) DectScheduledAccessNetwork.queue (id=2), at t=123.070101795085s, event #65113

Calling finish() at end of Run #387...

Preparing for running configuration MonetecPaperPlot, run #388...
Scenario: $r=40, $rho=0.093, $repetition=1
Assigned runID=MonetecPaperPlot-388-20260929-20:26:58-62
Setting up network "dect2020scheduledaccess.DectScheduledAccessNetwork"...
Initializing...

Running simulation...
** Event #0   t=0   Elapsed: 6e-06s (0m 00s)
     Speed:     ev/sec=0   simsec/sec=0   ev/simsec=0
     Messages:  created: 2   present: 2   in FES: 2
** Event #65230   t=123.195997719555   Elapsed: 0.006632s (0m 00s)
     Speed:     ev/sec=0   simsec/sec=0   ev/simsec=0
     Messages:  created: 2   present: 2   in FES: 1

<!> Simulation stopped with endSimulation() -- in module (ScheduledAccessQueue) DectScheduledAccessNetwork.queue (id=2), at t=123.195997719555s, event #65230

Calling finish() at end of Run #388...

Preparing for running configuration MonetecPaperPlot, run #389...
Scenario: $r=40, $rho=0.093, $repetition=2
Assigned runID=MonetecPaperPlot-389-20260929-20:26:58-62
Setting up network "dect2020scheduledaccess.DectScheduledAccessNetwork"...
Initializing...

Running simulation...
** Event #0   t=0   Elapsed: 6e-06s (0m 00s)
     Speed:     ev/sec=0   simsec/sec=0   ev/simsec=0
     Messages:  created: 2   present: 2   in FES: 2
** Event #65263   t=123.044033593294   Elapsed: 0.006871s (0m 00s)
     Speed:     ev/sec=0   simsec/sec=0   ev/simsec=0
     Messages:  created: 2   present: 2   in FES: 1

<!> Simulation stopped with endSimulation() -- in module (ScheduledAccessQueue) DectScheduledAccessNetwork.queue (id=2), at t=123.044033593294s, event #65263

Calling finish() at end of Run #389...

Preparing for running configuration MonetecPaperPlot, run #390...
Scenario: $r=40, $rho=0.176, $repetition=0
Assigned runID=MonetecPaperPlot-390-20260929-20:26:58-62
Setting up network "dect2020scheduledaccess.DectScheduledAccessNetwork"...
Initializing...

Running simulation...
** Event #0   t=0   Elapsed: 4e-06s (0m 00s)
     Speed:     ev/sec=0   simsec/sec=0   ev/simsec=0
     Messages:  created: 2   present: 2   in FES: 2
** Event #89665   t=122.986661152733   Elapsed: 0.009263s (0m 00s)
     Speed:     ev/sec=0   simsec/sec=0   ev/simsec=0
     Messages:  created: 2   present: 2   in FES: 1

<!> Simulation stopped with endSimulation() -- in module (ScheduledAccessQueue) DectScheduledAccessNetwork.queue (id=2), at t=122.986661152733s, event #89665

Calling finish() at end of Run #390...

Preparing for running configuration MonetecPaperPlot, run #391...
Scenario: $r=40, $rho=0.176, $repetition=1
Assigned runID=MonetecPaperPlot-391-20260929-20:26:58-62
Setting up network "dect2020scheduledaccess.DectScheduledAccessNetwork"...
Initializing...

Running simulation...
** Event #0   t=0   Elapsed: 4e-06s (0m 00s)
     Speed:     ev/sec=0   simsec/sec=0   ev/simsec=0
     Messages:  created: 2   present: 2   in FES: 2
** Event #89737   t=123.090089093214   Elapsed: 0.009198s (0m 00s)
     Speed:     ev/sec=0   simsec/sec=0   ev/simsec=0
     Messages:  created: 2   present: 2   in FES: 1

<!> Simulation stopped with endSimulation() -- in module (ScheduledAccessQueue) DectScheduledAccessNetwork.queue (id=2), at t=123.090089093214s, event #89737

Calling finish() at end of Run #391...

Preparing for running configuration MonetecPaperPlot, run #392...
Scenario: $r=40, $rho=0.176, $repetition=2
Assigned runID=MonetecPaperPlot-392-20260929-20:26:58-62
Setting up network "dect2020scheduledaccess.DectScheduledAccessNetwork"...
Initializing...

Running simulation...
** Event #0   t=0   Elapsed: 5e-06s (0m 00s)
     Speed:     ev/sec=0   simsec/sec=0   ev/simsec=0
     Messages:  created: 2   present: 2   in FES: 2
** Event #89343   t=122.979101279041   Elapsed: 0.009135s (0m 00s)
     Speed:     ev/sec=0   simsec/sec=0   ev/simsec=0
     Messages:  created: 2   present: 2   in FES: 1

<!> Simulation stopped with endSimulation() -- in module (ScheduledAccessQueue) DectScheduledAccessNetwork.queue (id=2), at t=122.979101279041s, event #89343

Calling finish() at end of Run #392...

Preparing for running configuration MonetecPaperPlot, run #393...
Scenario: $r=40, $rho=0.259, $repetition=0
Assigned runID=MonetecPaperPlot-393-20260929-20:26:58-62
Setting up network "dect2020scheduledaccess.DectScheduledAccessNetwork"...
Initializing...

Running simulation...
** Event #0   t=0   Elapsed: 4e-06s (0m 00s)
     Speed:     ev/sec=0   simsec/sec=0   ev/simsec=0
     Messages:  created: 2   present: 2   in FES: 2
** Event #114553   t=123.088375945941   Elapsed: 0.011819s (0m 00s)
     Speed:     ev/sec=9.69884e+06   simsec/sec=10421.5   ev/simsec=930.658
     Messages:  created: 2   present: 2   in FES: 1

<!> Simulation stopped with endSimulation() -- in module (ScheduledAccessQueue) DectScheduledAccessNetwork.queue (id=2), at t=123.088375945941s, event #114553

Calling finish() at end of Run #393...

Preparing for running configuration MonetecPaperPlot, run #394...
Scenario: $r=40, $rho=0.259, $repetition=1
Assigned runID=MonetecPaperPlot-394-20260929-20:26:58-62
Setting up network "dect2020scheduledaccess.DectScheduledAccessNetwork"...
Initializing...

Running simulation...
** Event #0   t=0   Elapsed: 4e-06s (0m 00s)
     Speed:     ev/sec=0   simsec/sec=0   ev/simsec=0
     Messages:  created: 2   present: 2   in FES: 2
** Event #114205   t=123.075121981176   Elapsed: 0.011729s (0m 00s)
     Speed:     ev/sec=9.74362e+06   simsec/sec=10500.4   ev/simsec=927.933
     Messages:  created: 2   present: 2   in FES: 1

<!> Simulation stopped with endSimulation() -- in module (ScheduledAccessQueue) DectScheduledAccessNetwork.queue (id=2), at t=123.075121981176s, event #114205

Calling finish() at end of Run #394...

Preparing for running configuration MonetecPaperPlot, run #395...
Scenario: $r=40, $rho=0.259, $repetition=2
Assigned runID=MonetecPaperPlot-395-20260929-20:26:58-62
Setting up network "dect2020scheduledaccess.DectScheduledAccessNetwork"...
Initializing...

Running simulation...
** Event #0   t=0   Elapsed: 6e-06s (0m 00s)
     Speed:     ev/sec=0   simsec/sec=0   ev/simsec=0
     Messages:  created: 2   present: 2   in FES: 2
** Event #113983   t=123.089398016564   Elapsed: 0.011685s (0m 00s)
     Speed:     ev/sec=9.763e+06   simsec/sec=10542.9   ev/simsec=926.023
     Messages:  created: 2   present: 2   in FES: 1

<!> Simulation stopped with endSimulation() -- in module (ScheduledAccessQueue) DectScheduledAccessNetwork.queue (id=2), at t=123.089398016564s, event #113983

Calling finish() at end of Run #395...

Preparing for running configuration MonetecPaperPlot, run #396...
Scenario: $r=40, $rho=0.342, $repetition=0
Assigned runID=MonetecPaperPlot-396-20260929-20:26:58-62
Setting up network "dect2020scheduledaccess.DectScheduledAccessNetwork"...
Initializing...

Running simulation...
** Event #0   t=0   Elapsed: 5e-06s (0m 00s)
     Speed:     ev/sec=0   simsec/sec=0   ev/simsec=0
     Messages:  created: 2   present: 2   in FES: 2
** Event #139166   t=123.06698142049   Elapsed: 0.014429s (0m 00s)
     Speed:     ev/sec=9.6509e+06   simsec/sec=8534.46   ev/simsec=1130.82
     Messages:  created: 2   present: 2   in FES: 1

<!> Simulation stopped with endSimulation() -- in module (ScheduledAccessQueue) DectScheduledAccessNetwork.queue (id=2), at t=123.06698142049s, event #139166

Calling finish() at end of Run #396...

Preparing for running configuration MonetecPaperPlot, run #397...
Scenario: $r=40, $rho=0.342, $repetition=1
Assigned runID=MonetecPaperPlot-397-20260929-20:26:58-62
Setting up network "dect2020scheduledaccess.DectScheduledAccessNetwork"...
Initializing...

Running simulation...
** Event #0   t=0   Elapsed: 4e-06s (0m 00s)
     Speed:     ev/sec=0   simsec/sec=0   ev/simsec=0
     Messages:  created: 2   present: 2   in FES: 2
** Event #139086   t=123.101586084408   Elapsed: 0.014078s (0m 00s)
     Speed:     ev/sec=9.88388e+06   simsec/sec=8747.9   ev/simsec=1129.86
     Messages:  created: 2   present: 2   in FES: 1

<!> Simulation stopped with endSimulation() -- in module (ScheduledAccessQueue) DectScheduledAccessNetwork.queue (id=2), at t=123.101586084408s, event #139086

Calling finish() at end of Run #397...

Preparing for running configuration MonetecPaperPlot, run #398...
Scenario: $r=40, $rho=0.342, $repetition=2
Assigned runID=MonetecPaperPlot-398-20260929-20:26:58-62
Setting up network "dect2020scheduledaccess.DectScheduledAccessNetwork"...
Initializing...

Running simulation...
** Event #0   t=0   Elapsed: 4e-06s (0m 00s)
     Speed:     ev/sec=0   simsec/sec=0   ev/simsec=0
     Messages:  created: 2   present: 2   in FES: 2
** Event #138631   t=123.083171634101   Elapsed: 0.014353s (0m 00s)
     Speed:     ev/sec=9.66474e+06   simsec/sec=8580.81   ev/simsec=1126.32
     Messages:  created: 2   present: 2   in FES: 1

<!> Simulation stopped with endSimulation() -- in module (ScheduledAccessQueue) DectScheduledAccessNetwork.queue (id=2), at t=123.083171634101s, event #138631

Calling finish() at end of Run #398...

Preparing for running configuration MonetecPaperPlot, run #399...
Scenario: $r=40, $rho=0.425, $repetition=0
Assigned runID=MonetecPaperPlot-399-20260929-20:26:58-62
Setting up network "dect2020scheduledaccess.DectScheduledAccessNetwork"...
Initializing...

Running simulation...
** Event #0   t=0   Elapsed: 6e-06s (0m 00s)
     Speed:     ev/sec=0   simsec/sec=0   ev/simsec=0
     Messages:  created: 2   present: 2   in FES: 2
** Event #163511   t=123.035387797881   Elapsed: 0.016783s (0m 00s)
     Speed:     ev/sec=9.74963e+06   simsec/sec=7336.19   ev/simsec=1328.98
     Messages:  created: 2   present: 2   in FES: 1

<!> Simulation stopped with endSimulation() -- in module (ScheduledAccessQueue) DectScheduledAccessNetwork.queue (id=2), at t=123.035387797881s, event #163511

Calling finish() at end of Run #399...

Preparing for running configuration MonetecPaperPlot, run #400...
Scenario: $r=40, $rho=0.425, $repetition=1
Assigned runID=MonetecPaperPlot-400-20260929-20:26:58-62
Setting up network "dect2020scheduledaccess.DectScheduledAccessNetwork"...
Initializing...

Running simulation...
** Event #0   t=0   Elapsed: 5e-06s (0m 00s)
     Speed:     ev/sec=0   simsec/sec=0   ev/simsec=0
     Messages:  created: 2   present: 2   in FES: 2
** Event #163229   t=123.019005541891   Elapsed: 0.016594s (0m 00s)
     Speed:     ev/sec=9.84315e+06   simsec/sec=7418.37   ev/simsec=1326.86
     Messages:  created: 2   present: 2   in FES: 1

<!> Simulation stopped with endSimulation() -- in module (ScheduledAccessQueue) DectScheduledAccessNetwork.queue (id=2), at t=123.019005541891s, event #163229

Calling finish() at end of Run #400...

Preparing for running configuration MonetecPaperPlot, run #401...
Scenario: $r=40, $rho=0.425, $repetition=2
Assigned runID=MonetecPaperPlot-401-20260929-20:26:58-62
Setting up network "dect2020scheduledaccess.DectScheduledAccessNetwork"...
Initializing...

Running simulation...
** Event #0   t=0   Elapsed: 5e-06s (0m 00s)
     Speed:     ev/sec=0   simsec/sec=0   ev/simsec=0
     Messages:  created: 2   present: 2   in FES: 2
** Event #162780   t=122.980023360554   Elapsed: 0.016815s (0m 00s)
     Speed:     ev/sec=9.68583e+06   simsec/sec=7317.55   ev/simsec=1323.64
     Messages:  created: 2   present: 2   in FES: 1

<!> Simulation stopped with endSimulation() -- in module (ScheduledAccessQueue) DectScheduledAccessNetwork.queue (id=2), at t=122.980023360554s, event #162780

Calling finish() at end of Run #401...

Preparing for running configuration MonetecPaperPlot, run #402...
Scenario: $r=40, $rho=0.508, $repetition=0
Assigned runID=MonetecPaperPlot-402-20260929-20:26:58-62
Setting up network "dect2020scheduledaccess.DectScheduledAccessNetwork"...
Initializing...

Running simulation...
** Event #0   t=0   Elapsed: 7e-06s (0m 00s)
     Speed:     ev/sec=0   simsec/sec=0   ev/simsec=0
     Messages:  created: 2   present: 2   in FES: 2
** Event #187964   t=123.053232953069   Elapsed: 0.019192s (0m 00s)
     Speed:     ev/sec=9.79898e+06   simsec/sec=6415.01   ev/simsec=1527.51
     Messages:  created: 2   present: 2   in FES: 1

<!> Simulation stopped with endSimulation() -- in module (ScheduledAccessQueue) DectScheduledAccessNetwork.queue (id=2), at t=123.053232953069s, event #187964

Calling finish() at end of Run #402...

Preparing for running configuration MonetecPaperPlot, run #403...
Scenario: $r=40, $rho=0.508, $repetition=1
Assigned runID=MonetecPaperPlot-403-20260929-20:26:58-62
Setting up network "dect2020scheduledaccess.DectScheduledAccessNetwork"...
Initializing...

Running simulation...
** Event #0   t=0   Elapsed: 2.2e-05s (0m 00s)
     Speed:     ev/sec=0   simsec/sec=0   ev/simsec=0
     Messages:  created: 2   present: 2   in FES: 2
** Event #188170   t=123.088929482752   Elapsed: 0.019369s (0m 00s)
     Speed:     ev/sec=9.72958e+06   simsec/sec=6364.47   ev/simsec=1528.73
     Messages:  created: 2   present: 2   in FES: 1

<!> Simulation stopped with endSimulation() -- in module (ScheduledAccessQueue) DectScheduledAccessNetwork.queue (id=2), at t=123.088929482752s, event #188170

Calling finish() at end of Run #403...

Preparing for running configuration MonetecPaperPlot, run #404...
Scenario: $r=40, $rho=0.508, $repetition=2
Assigned runID=MonetecPaperPlot-404-20260929-20:26:58-62
Setting up network "dect2020scheduledaccess.DectScheduledAccessNetwork"...
Initializing...

Running simulation...
** Event #0   t=0   Elapsed: 4e-06s (0m 00s)
     Speed:     ev/sec=0   simsec/sec=0   ev/simsec=0
     Messages:  created: 2   present: 2   in FES: 2
** Event #187918   t=123.16580412094   Elapsed: 0.019825s (0m 00s)
     Speed:     ev/sec=9.48314e+06   simsec/sec=6215.45   ev/simsec=1525.74
     Messages:  created: 2   present: 2   in FES: 1

<!> Simulation stopped with endSimulation() -- in module (ScheduledAccessQueue) DectScheduledAccessNetwork.queue (id=2), at t=123.16580412094s, event #187918

Calling finish() at end of Run #404...

Preparing for running configuration MonetecPaperPlot, run #405...
Scenario: $r=40, $rho=0.591, $repetition=0
Assigned runID=MonetecPaperPlot-405-20260929-20:26:58-62
Setting up network "dect2020scheduledaccess.DectScheduledAccessNetwork"...
Initializing...

Running simulation...
** Event #0   t=0   Elapsed: 5e-06s (0m 00s)
     Speed:     ev/sec=0   simsec/sec=0   ev/simsec=0
     Messages:  created: 2   present: 2   in FES: 2
** Event #212179   t=123.054193056206   Elapsed: 0.021715s (0m 00s)
     Speed:     ev/sec=9.77558e+06   simsec/sec=5669.38   ev/simsec=1724.28
     Messages:  created: 2   present: 2   in FES: 1

<!> Simulation stopped with endSimulation() -- in module (ScheduledAccessQueue) DectScheduledAccessNetwork.queue (id=2), at t=123.054193056206s, event #212179

Calling finish() at end of Run #405...

Preparing for running configuration MonetecPaperPlot, run #406...
Scenario: $r=40, $rho=0.591, $repetition=1
Assigned runID=MonetecPaperPlot-406-20260929-20:26:58-62
Setting up network "dect2020scheduledaccess.DectScheduledAccessNetwork"...
Initializing...

Running simulation...
** Event #0   t=0   Elapsed: 4e-06s (0m 00s)
     Speed:     ev/sec=0   simsec/sec=0   ev/simsec=0
     Messages:  created: 2   present: 2   in FES: 2
** Event #212491   t=123.069540924575   Elapsed: 0.021588s (0m 00s)
     Speed:     ev/sec=9.84712e+06   simsec/sec=5703.21   ev/simsec=1726.59
     Messages:  created: 2   present: 2   in FES: 1

<!> Simulation stopped with endSimulation() -- in module (ScheduledAccessQueue) DectScheduledAccessNetwork.queue (id=2), at t=123.069540924575s, event #212491

Calling finish() at end of Run #406...

Preparing for running configuration MonetecPaperPlot, run #407...
Scenario: $r=40, $rho=0.591, $repetition=2
Assigned runID=MonetecPaperPlot-407-20260929-20:26:58-62
Setting up network "dect2020scheduledaccess.DectScheduledAccessNetwork"...
Initializing...

Running simulation...
** Event #0   t=0   Elapsed: 2.9e-05s (0m 00s)
     Speed:     ev/sec=0   simsec/sec=0   ev/simsec=0
     Messages:  created: 2   present: 2   in FES: 2
** Event #211953   t=123.013304375182   Elapsed: 0.02171s (0m 00s)
     Speed:     ev/sec=9.77823e+06   simsec/sec=5675.08   ev/simsec=1723.01
     Messages:  created: 2   present: 2   in FES: 1

<!> Simulation stopped with endSimulation() -- in module (ScheduledAccessQueue) DectScheduledAccessNetwork.queue (id=2), at t=123.013304375182s, event #211953

Calling finish() at end of Run #407...

Preparing for running configuration MonetecPaperPlot, run #408...
Scenario: $r=40, $rho=0.674, $repetition=0
Assigned runID=MonetecPaperPlot-408-20260929-20:26:58-62
Setting up network "dect2020scheduledaccess.DectScheduledAccessNetwork"...
Initializing...

Running simulation...
** Event #0   t=0   Elapsed: 2.4e-05s (0m 00s)
     Speed:     ev/sec=0   simsec/sec=0   ev/simsec=0
     Messages:  created: 2   present: 2   in FES: 2
** Event #236868   t=123.10754861559   Elapsed: 0.024279s (0m 00s)
     Speed:     ev/sec=9.76695e+06   simsec/sec=5076.17   ev/simsec=1924.08
     Messages:  created: 2   present: 2   in FES: 1

<!> Simulation stopped with endSimulation() -- in module (ScheduledAccessQueue) DectScheduledAccessNetwork.queue (id=2), at t=123.10754861559s, event #236868

Calling finish() at end of Run #408...

Preparing for running configuration MonetecPaperPlot, run #409...
Scenario: $r=40, $rho=0.674, $repetition=1
Assigned runID=MonetecPaperPlot-409-20260929-20:26:58-62
Setting up network "dect2020scheduledaccess.DectScheduledAccessNetwork"...
Initializing...

Running simulation...
** Event #0   t=0   Elapsed: 5e-06s (0m 00s)
     Speed:     ev/sec=0   simsec/sec=0   ev/simsec=0
     Messages:  created: 2   present: 2   in FES: 2
** Event #236944   t=123.116601835011   Elapsed: 0.024114s (0m 00s)
     Speed:     ev/sec=9.83007e+06   simsec/sec=5107.72   ev/simsec=1924.55
     Messages:  created: 2   present: 2   in FES: 1

<!> Simulation stopped with endSimulation() -- in module (ScheduledAccessQueue) DectScheduledAccessNetwork.queue (id=2), at t=123.116601835011s, event #236944

Calling finish() at end of Run #409...

Preparing for running configuration MonetecPaperPlot, run #410...
Scenario: $r=40, $rho=0.674, $repetition=2
Assigned runID=MonetecPaperPlot-410-20260929-20:26:58-62
Setting up network "dect2020scheduledaccess.DectScheduledAccessNetwork"...
Initializing...

Running simulation...
** Event #0   t=0   Elapsed: 2.8e-05s (0m 00s)
     Speed:     ev/sec=0   simsec/sec=0   ev/simsec=0
     Messages:  created: 2   present: 2   in FES: 2
** Event #236953   t=123.131796261023   Elapsed: 0.02406s (0m 00s)
     Speed:     ev/sec=9.86236e+06   simsec/sec=5124.93   ev/simsec=1924.39
     Messages:  created: 2   present: 2   in FES: 1

<!> Simulation stopped with endSimulation() -- in module (ScheduledAccessQueue) DectScheduledAccessNetwork.queue (id=2), at t=123.131796261023s, event #236953

Calling finish() at end of Run #410...

Preparing for running configuration MonetecPaperPlot, run #411...
Scenario: $r=40, $rho=0.757, $repetition=0
Assigned runID=MonetecPaperPlot-411-20260929-20:26:58-62
Setting up network "dect2020scheduledaccess.DectScheduledAccessNetwork"...
Initializing...

Running simulation...
** Event #0   t=0   Elapsed: 4e-06s (0m 00s)
     Speed:     ev/sec=0   simsec/sec=0   ev/simsec=0
     Messages:  created: 2   present: 2   in FES: 2
** Event #261552   t=123.138111276161   Elapsed: 0.026653s (0m 00s)
     Speed:     ev/sec=9.81691e+06   simsec/sec=4621.78   ev/simsec=2124.05
     Messages:  created: 2   present: 2   in FES: 1

<!> Simulation stopped with endSimulation() -- in module (ScheduledAccessQueue) DectScheduledAccessNetwork.queue (id=2), at t=123.138111276161s, event #261552

Calling finish() at end of Run #411...

Preparing for running configuration MonetecPaperPlot, run #412...
Scenario: $r=40, $rho=0.757, $repetition=1
Assigned runID=MonetecPaperPlot-412-20260929-20:26:58-62
Setting up network "dect2020scheduledaccess.DectScheduledAccessNetwork"...
Initializing...

Running simulation...
** Event #0   t=0   Elapsed: 5e-06s (0m 00s)
     Speed:     ev/sec=0   simsec/sec=0   ev/simsec=0
     Messages:  created: 2   present: 2   in FES: 2
** Event #261568   t=123.192416154524   Elapsed: 0.026492s (0m 00s)
     Speed:     ev/sec=9.87683e+06   simsec/sec=4651.75   ev/simsec=2123.25
     Messages:  created: 2   present: 2   in FES: 1

<!> Simulation stopped with endSimulation() -- in module (ScheduledAccessQueue) DectScheduledAccessNetwork.queue (id=2), at t=123.192416154524s, event #261568

Calling finish() at end of Run #412...

Preparing for running configuration MonetecPaperPlot, run #413...
Scenario: $r=40, $rho=0.757, $repetition=2
Assigned runID=MonetecPaperPlot-413-20260929-20:26:59-62
Setting up network "dect2020scheduledaccess.DectScheduledAccessNetwork"...
Initializing...

Running simulation...
** Event #0   t=0   Elapsed: 2.9e-05s (0m 00s)
     Speed:     ev/sec=0   simsec/sec=0   ev/simsec=0
     Messages:  created: 2   present: 2   in FES: 2
** Event #261292   t=123.068275514955   Elapsed: 0.026725s (0m 00s)
     Speed:     ev/sec=9.78952e+06   simsec/sec=4610.84   ev/simsec=2123.15
     Messages:  created: 2   present: 2   in FES: 1

<!> Simulation stopped with endSimulation() -- in module (ScheduledAccessQueue) DectScheduledAccessNetwork.queue (id=2), at t=123.068275514955s, event #261292

Calling finish() at end of Run #413...

Preparing for running configuration MonetecPaperPlot, run #414...
Scenario: $r=40, $rho=0.840, $repetition=0
Assigned runID=MonetecPaperPlot-414-20260929-20:26:59-62
Setting up network "dect2020scheduledaccess.DectScheduledAccessNetwork"...
Initializing...

Running simulation...
** Event #0   t=0   Elapsed: 5e-06s (0m 00s)
     Speed:     ev/sec=0   simsec/sec=0   ev/simsec=0
     Messages:  created: 2   present: 2   in FES: 2
** Event #285768   t=123.132334799162   Elapsed: 0.029176s (0m 00s)
     Speed:     ev/sec=9.79798e+06   simsec/sec=4221.77   ev/simsec=2320.82
     Messages:  created: 2   present: 2   in FES: 1

<!> Simulation stopped with endSimulation() -- in module (ScheduledAccessQueue) DectScheduledAccessNetwork.queue (id=2), at t=123.132334799162s, event #285768

Calling finish() at end of Run #414...

Preparing for running configuration MonetecPaperPlot, run #415...
Scenario: $r=40, $rho=0.840, $repetition=1
Assigned runID=MonetecPaperPlot-415-20260929-20:26:59-62
Setting up network "dect2020scheduledaccess.DectScheduledAccessNetwork"...
Initializing...

Running simulation...
** Event #0   t=0   Elapsed: 6e-06s (0m 00s)
     Speed:     ev/sec=0   simsec/sec=0   ev/simsec=0
     Messages:  created: 2   present: 2   in FES: 2
** Event #286014   t=123.177927836782   Elapsed: 0.029371s (0m 00s)
     Speed:     ev/sec=9.74129e+06   simsec/sec=4195.29   ev/simsec=2321.96
     Messages:  created: 2   present: 2   in FES: 1

<!> Simulation stopped with endSimulation() -- in module (ScheduledAccessQueue) DectScheduledAccessNetwork.queue (id=2), at t=123.177927836782s, event #286014

Calling finish() at end of Run #415...

Preparing for running configuration MonetecPaperPlot, run #416...
Scenario: $r=40, $rho=0.840, $repetition=2
Assigned runID=MonetecPaperPlot-416-20260929-20:26:59-62
Setting up network "dect2020scheduledaccess.DectScheduledAccessNetwork"...
Initializing...

Running simulation...
** Event #0   t=0   Elapsed: 6e-06s (0m 00s)
     Speed:     ev/sec=0   simsec/sec=0   ev/simsec=0
     Messages:  created: 2   present: 2   in FES: 2
** Event #285863   t=123.077698526076   Elapsed: 0.029248s (0m 00s)
     Speed:     ev/sec=9.77711e+06   simsec/sec=4209.51   ev/simsec=2322.63
     Messages:  created: 2   present: 2   in FES: 1

<!> Simulation stopped with endSimulation() -- in module (ScheduledAccessQueue) DectScheduledAccessNetwork.queue (id=2), at t=123.077698526076s, event #285863

Calling finish() at end of Run #416...

Preparing for running configuration MonetecPaperPlot, run #417...
Scenario: $r=40, $rho=0.923, $repetition=0
Assigned runID=MonetecPaperPlot-417-20260929-20:26:59-62
Setting up network "dect2020scheduledaccess.DectScheduledAccessNetwork"...
Initializing...

Running simulation...
** Event #0   t=0   Elapsed: 2e-05s (0m 00s)
     Speed:     ev/sec=0   simsec/sec=0   ev/simsec=0
     Messages:  created: 2   present: 2   in FES: 2
** Event #310516   t=123.211156572572   Elapsed: 0.031589s (0m 00s)
     Speed:     ev/sec=9.83735e+06   simsec/sec=3903.4   ev/simsec=2520.2
     Messages:  created: 2   present: 2   in FES: 1

<!> Simulation stopped with endSimulation() -- in module (ScheduledAccessQueue) DectScheduledAccessNetwork.queue (id=2), at t=123.211156572572s, event #310516

Calling finish() at end of Run #417...

Preparing for running configuration MonetecPaperPlot, run #418...
Scenario: $r=40, $rho=0.923, $repetition=1
Assigned runID=MonetecPaperPlot-418-20260929-20:26:59-62
Setting up network "dect2020scheduledaccess.DectScheduledAccessNetwork"...
Initializing...

Running simulation...
** Event #0   t=0   Elapsed: 4.3e-05s (0m 00s)
     Speed:     ev/sec=0   simsec/sec=0   ev/simsec=0
     Messages:  created: 2   present: 2   in FES: 2
** Event #310726   t=123.225586699782   Elapsed: 0.031541s (0m 00s)
     Speed:     ev/sec=9.86588e+06   simsec/sec=3912.54   ev/simsec=2521.61
     Messages:  created: 2   present: 2   in FES: 1

<!> Simulation stopped with endSimulation() -- in module (ScheduledAccessQueue) DectScheduledAccessNetwork.queue (id=2), at t=123.225586699782s, event #310726

Calling finish() at end of Run #418...

Preparing for running configuration MonetecPaperPlot, run #419...
Scenario: $r=40, $rho=0.923, $repetition=2
Assigned runID=MonetecPaperPlot-419-20260929-20:26:59-62
Setting up network "dect2020scheduledaccess.DectScheduledAccessNetwork"...
Initializing...

Running simulation...
** Event #0   t=0   Elapsed: 4e-06s (0m 00s)
     Speed:     ev/sec=0   simsec/sec=0   ev/simsec=0
     Messages:  created: 2   present: 2   in FES: 2
** Event #311099   t=123.178607570597   Elapsed: 0.034984s (0m 00s)
     Speed:     ev/sec=8.89541e+06   simsec/sec=3522.1   ev/simsec=2525.6
     Messages:  created: 2   present: 2   in FES: 1

<!> Simulation stopped with endSimulation() -- in module (ScheduledAccessQueue) DectScheduledAccessNetwork.queue (id=2), at t=123.178607570597s, event #311099

Calling finish() at end of Run #419...

Preparing for running configuration MonetecPaperPlot, run #420...
Scenario: $r=40, $rho=1.006, $repetition=0
Assigned runID=MonetecPaperPlot-420-20260929-20:26:59-62
Setting up network "dect2020scheduledaccess.DectScheduledAccessNetwork"...
Initializing...

Running simulation...
** Event #0   t=0   Elapsed: 2.4e-05s (0m 00s)
     Speed:     ev/sec=0   simsec/sec=0   ev/simsec=0
     Messages:  created: 2   present: 2   in FES: 2
** Event #334590   t=123.066733786768   Elapsed: 0.033802s (0m 00s)
     Speed:     ev/sec=9.90673e+06   simsec/sec=3643.83   ev/simsec=2718.77
     Messages:  created: 2   present: 2   in FES: 1

<!> Simulation stopped with endSimulation() -- in module (ScheduledAccessQueue) DectScheduledAccessNetwork.queue (id=2), at t=123.066733786768s, event #334590

Calling finish() at end of Run #420...

Preparing for running configuration MonetecPaperPlot, run #421...
Scenario: $r=40, $rho=1.006, $repetition=1
Assigned runID=MonetecPaperPlot-421-20260929-20:26:59-62
Setting up network "dect2020scheduledaccess.DectScheduledAccessNetwork"...
Initializing...

Running simulation...
** Event #0   t=0   Elapsed: 2.9e-05s (0m 00s)
     Speed:     ev/sec=0   simsec/sec=0   ev/simsec=0
     Messages:  created: 2   present: 2   in FES: 2
** Event #334603   t=123.14135614117   Elapsed: 0.034117s (0m 00s)
     Speed:     ev/sec=9.81701e+06   simsec/sec=3612.88   ev/simsec=2717.23
     Messages:  created: 2   present: 2   in FES: 1

<!> Simulation stopped with endSimulation() -- in module (ScheduledAccessQueue) DectScheduledAccessNetwork.queue (id=2), at t=123.14135614117s, event #334603

Calling finish() at end of Run #421...

Preparing for running configuration MonetecPaperPlot, run #422...
Scenario: $r=40, $rho=1.006, $repetition=2
Assigned runID=MonetecPaperPlot-422-20260929-20:26:59-62
Setting up network "dect2020scheduledaccess.DectScheduledAccessNetwork"...
Initializing...

Running simulation...
** Event #0   t=0   Elapsed: 4e-06s (0m 00s)
     Speed:     ev/sec=0   simsec/sec=0   ev/simsec=0
     Messages:  created: 2   present: 2   in FES: 2
** Event #334848   t=123.011695088852   Elapsed: 0.034029s (0m 00s)
     Speed:     ev/sec=9.84297e+06   simsec/sec=3615.96   ev/simsec=2722.09
     Messages:  created: 2   present: 2   in FES: 1

<!> Simulation stopped with endSimulation() -- in module (ScheduledAccessQueue) DectScheduledAccessNetwork.queue (id=2), at t=123.011695088852s, event #334848

Calling finish() at end of Run #422...

Preparing for running configuration MonetecPaperPlot, run #423...
Scenario: $r=40, $rho=1.089, $repetition=0
Assigned runID=MonetecPaperPlot-423-20260929-20:26:59-62
Setting up network "dect2020scheduledaccess.DectScheduledAccessNetwork"...
Initializing...

Running simulation...
** Event #0   t=0   Elapsed: 5e-06s (0m 00s)
     Speed:     ev/sec=0   simsec/sec=0   ev/simsec=0
     Messages:  created: 2   present: 2   in FES: 2
** Event #359339   t=123.155930291455   Elapsed: 0.036328s (0m 00s)
     Speed:     ev/sec=9.89369e+06   simsec/sec=3390.83   ev/simsec=2917.78
     Messages:  created: 2   present: 2   in FES: 1

<!> Simulation stopped with endSimulation() -- in module (ScheduledAccessQueue) DectScheduledAccessNetwork.queue (id=2), at t=123.155930291455s, event #359339

Calling finish() at end of Run #423...

Preparing for running configuration MonetecPaperPlot, run #424...
Scenario: $r=40, $rho=1.089, $repetition=1
Assigned runID=MonetecPaperPlot-424-20260929-20:26:59-62
Setting up network "dect2020scheduledaccess.DectScheduledAccessNetwork"...
Initializing...

Running simulation...
** Event #0   t=0   Elapsed: 2.7e-05s (0m 00s)
     Speed:     ev/sec=0   simsec/sec=0   ev/simsec=0
     Messages:  created: 2   present: 2   in FES: 2
** Event #359173   t=123.180443974858   Elapsed: 0.036372s (0m 00s)
     Speed:     ev/sec=9.88368e+06   simsec/sec=3389.66   ev/simsec=2915.83
     Messages:  created: 2   present: 2   in FES: 1

<!> Simulation stopped with endSimulation() -- in module (ScheduledAccessQueue) DectScheduledAccessNetwork.queue (id=2), at t=123.180443974858s, event #359173

Calling finish() at end of Run #424...

Preparing for running configuration MonetecPaperPlot, run #425...
Scenario: $r=40, $rho=1.089, $repetition=2
Assigned runID=MonetecPaperPlot-425-20260929-20:26:59-62
Setting up network "dect2020scheduledaccess.DectScheduledAccessNetwork"...
Initializing...

Running simulation...
** Event #0   t=0   Elapsed: 4e-06s (0m 00s)
     Speed:     ev/sec=0   simsec/sec=0   ev/simsec=0
     Messages:  created: 2   present: 2   in FES: 2
** Event #359214   t=122.996670461593   Elapsed: 0.036557s (0m 00s)
     Speed:     ev/sec=9.82882e+06   simsec/sec=3365.43   ev/simsec=2920.52
     Messages:  created: 2   present: 2   in FES: 1

<!> Simulation stopped with endSimulation() -- in module (ScheduledAccessQueue) DectScheduledAccessNetwork.queue (id=2), at t=122.996670461593s, event #359214

Calling finish() at end of Run #425...

Preparing for running configuration MonetecPaperPlot, run #426...
Scenario: $r=40, $rho=1.172, $repetition=0
Assigned runID=MonetecPaperPlot-426-20260929-20:26:59-62
Setting up network "dect2020scheduledaccess.DectScheduledAccessNetwork"...
Initializing...

Running simulation...
** Event #0   t=0   Elapsed: 2.3e-05s (0m 00s)
     Speed:     ev/sec=0   simsec/sec=0   ev/simsec=0
     Messages:  created: 2   present: 2   in FES: 2
** Event #384342   t=123.257178074224   Elapsed: 0.038836s (0m 00s)
     Speed:     ev/sec=9.90342e+06   simsec/sec=3175.99   ev/simsec=3118.22
     Messages:  created: 2   present: 2   in FES: 1

<!> Simulation stopped with endSimulation() -- in module (ScheduledAccessQueue) DectScheduledAccessNetwork.queue (id=2), at t=123.257178074224s, event #384342

Calling finish() at end of Run #426...

Preparing for running configuration MonetecPaperPlot, run #427...
Scenario: $r=40, $rho=1.172, $repetition=1
Assigned runID=MonetecPaperPlot-427-20260929-20:26:59-62
Setting up network "dect2020scheduledaccess.DectScheduledAccessNetwork"...
Initializing...

Running simulation...
** Event #0   t=0   Elapsed: 5e-06s (0m 00s)
     Speed:     ev/sec=0   simsec/sec=0   ev/simsec=0
     Messages:  created: 2   present: 2   in FES: 2
** Event #383404   t=123.090292264112   Elapsed: 0.039134s (0m 00s)
     Speed:     ev/sec=9.79971e+06   simsec/sec=3146.15   ev/simsec=3114.83
     Messages:  created: 2   present: 2   in FES: 1

<!> Simulation stopped with endSimulation() -- in module (ScheduledAccessQueue) DectScheduledAccessNetwork.queue (id=2), at t=123.090292264112s, event #383404

Calling finish() at end of Run #427...

Preparing for running configuration MonetecPaperPlot, run #428...
Scenario: $r=40, $rho=1.172, $repetition=2
Assigned runID=MonetecPaperPlot-428-20260929-20:26:59-62
Setting up network "dect2020scheduledaccess.DectScheduledAccessNetwork"...
Initializing...

Running simulation...
** Event #0   t=0   Elapsed: 6e-06s (0m 00s)
     Speed:     ev/sec=0   simsec/sec=0   ev/simsec=0
     Messages:  created: 2   present: 2   in FES: 2
** Event #384806   t=123.152533122561   Elapsed: 0.039007s (0m 00s)
     Speed:     ev/sec=9.86783e+06   simsec/sec=3158.08   ev/simsec=3124.63
     Messages:  created: 2   present: 2   in FES: 1

<!> Simulation stopped with endSimulation() -- in module (ScheduledAccessQueue) DectScheduledAccessNetwork.queue (id=2), at t=123.152533122561s, event #384806

Calling finish() at end of Run #428...

Preparing for running configuration MonetecPaperPlot, run #429...
Scenario: $r=40, $rho=1.255, $repetition=0
Assigned runID=MonetecPaperPlot-429-20260929-20:26:59-62
Setting up network "dect2020scheduledaccess.DectScheduledAccessNetwork"...
Initializing...

Running simulation...
** Event #0   t=0   Elapsed: 4e-06s (0m 00s)
     Speed:     ev/sec=0   simsec/sec=0   ev/simsec=0
     Messages:  created: 2   present: 2   in FES: 2
** Event #408146   t=123.112934461376   Elapsed: 0.041276s (0m 00s)
     Speed:     ev/sec=9.89013e+06   simsec/sec=2983.25   ev/simsec=3315.22
     Messages:  created: 2   present: 2   in FES: 1

<!> Simulation stopped with endSimulation() -- in module (ScheduledAccessQueue) DectScheduledAccessNetwork.queue (id=2), at t=123.112934461376s, event #408146

Calling finish() at end of Run #429...

Preparing for running configuration MonetecPaperPlot, run #430...
Scenario: $r=40, $rho=1.255, $repetition=1
Assigned runID=MonetecPaperPlot-430-20260929-20:26:59-62
Setting up network "dect2020scheduledaccess.DectScheduledAccessNetwork"...
Initializing...

Running simulation...
** Event #0   t=0   Elapsed: 4e-06s (0m 00s)
     Speed:     ev/sec=0   simsec/sec=0   ev/simsec=0
     Messages:  created: 2   present: 2   in FES: 2
** Event #408497   t=123.155647651998   Elapsed: 0.041326s (0m 00s)
     Speed:     ev/sec=9.88666e+06   simsec/sec=2980.67   ev/simsec=3316.92
     Messages:  created: 2   present: 2   in FES: 1

<!> Simulation stopped with endSimulation() -- in module (ScheduledAccessQueue) DectScheduledAccessNetwork.queue (id=2), at t=123.155647651998s, event #408497

Calling finish() at end of Run #430...

Preparing for running configuration MonetecPaperPlot, run #431...
Scenario: $r=40, $rho=1.255, $repetition=2
Assigned runID=MonetecPaperPlot-431-20260929-20:26:59-62
Setting up network "dect2020scheduledaccess.DectScheduledAccessNetwork"...
Initializing...

Running simulation...
** Event #0   t=0   Elapsed: 2.4e-05s (0m 00s)
     Speed:     ev/sec=0   simsec/sec=0   ev/simsec=0
     Messages:  created: 2   present: 2   in FES: 2
** Event #408387   t=123.021752000993   Elapsed: 0.041548s (0m 00s)
     Speed:     ev/sec=9.83591e+06   simsec/sec=2962.95   ev/simsec=3319.64
     Messages:  created: 2   present: 2   in FES: 1

<!> Simulation stopped with endSimulation() -- in module (ScheduledAccessQueue) DectScheduledAccessNetwork.queue (id=2), at t=123.021752000993s, event #408387

Calling finish() at end of Run #431...

Preparing for running configuration MonetecPaperPlot, run #432...
Scenario: $r=40, $rho=1.338, $repetition=0
Assigned runID=MonetecPaperPlot-432-20260929-20:26:59-62
Setting up network "dect2020scheduledaccess.DectScheduledAccessNetwork"...
Initializing...

Running simulation...
** Event #0   t=0   Elapsed: 6e-06s (0m 00s)
     Speed:     ev/sec=0   simsec/sec=0   ev/simsec=0
     Messages:  created: 2   present: 2   in FES: 2
** Event #432328   t=123.094212631624   Elapsed: 0.043744s (0m 00s)
     Speed:     ev/sec=9.88517e+06   simsec/sec=2814.53   ev/simsec=3512.19
     Messages:  created: 2   present: 2   in FES: 1

<!> Simulation stopped with endSimulation() -- in module (ScheduledAccessQueue) DectScheduledAccessNetwork.queue (id=2), at t=123.094212631624s, event #432328

Calling finish() at end of Run #432...

Preparing for running configuration MonetecPaperPlot, run #433...
Scenario: $r=40, $rho=1.338, $repetition=1
Assigned runID=MonetecPaperPlot-433-20260929-20:26:59-62
Setting up network "dect2020scheduledaccess.DectScheduledAccessNetwork"...
Initializing...

Running simulation...
** Event #0   t=0   Elapsed: 4e-06s (0m 00s)
     Speed:     ev/sec=0   simsec/sec=0   ev/simsec=0
     Messages:  created: 2   present: 2   in FES: 2
** Event #433737   t=123.282560986122   Elapsed: 0.044514s (0m 00s)
     Speed:     ev/sec=9.7458e+06   simsec/sec=2770.06   ev/simsec=3518.26
     Messages:  created: 2   present: 2   in FES: 1

<!> Simulation stopped with endSimulation() -- in module (ScheduledAccessQueue) DectScheduledAccessNetwork.queue (id=2), at t=123.282560986122s, event #433737

Calling finish() at end of Run #433...

Preparing for running configuration MonetecPaperPlot, run #434...
Scenario: $r=40, $rho=1.338, $repetition=2
Assigned runID=MonetecPaperPlot-434-20260929-20:26:59-62
Setting up network "dect2020scheduledaccess.DectScheduledAccessNetwork"...
Initializing...

Running simulation...
** Event #0   t=0   Elapsed: 5e-06s (0m 00s)
     Speed:     ev/sec=0   simsec/sec=0   ev/simsec=0
     Messages:  created: 2   present: 2   in FES: 2
** Event #432875   t=123.059642493356   Elapsed: 0.043738s (0m 00s)
     Speed:     ev/sec=9.89881e+06   simsec/sec=2814.08   ev/simsec=3517.61
     Messages:  created: 2   present: 2   in FES: 1

<!> Simulation stopped with endSimulation() -- in module (ScheduledAccessQueue) DectScheduledAccessNetwork.queue (id=2), at t=123.059642493356s, event #432875

Calling finish() at end of Run #434...

Preparing for running configuration MonetecPaperPlot, run #435...
Scenario: $r=40, $rho=1.421, $repetition=0
Assigned runID=MonetecPaperPlot-435-20260929-20:26:59-62
Setting up network "dect2020scheduledaccess.DectScheduledAccessNetwork"...
Initializing...

Running simulation...
** Event #0   t=0   Elapsed: 4e-06s (0m 00s)
     Speed:     ev/sec=0   simsec/sec=0   ev/simsec=0
     Messages:  created: 2   present: 2   in FES: 2
** Event #457398   t=123.178922256103   Elapsed: 0.046332s (0m 00s)
     Speed:     ev/sec=9.8741e+06   simsec/sec=2659.13   ev/simsec=3713.28
     Messages:  created: 2   present: 2   in FES: 1

<!> Simulation stopped with endSimulation() -- in module (ScheduledAccessQueue) DectScheduledAccessNetwork.queue (id=2), at t=123.178922256103s, event #457398

Calling finish() at end of Run #435...

Preparing for running configuration MonetecPaperPlot, run #436...
Scenario: $r=40, $rho=1.421, $repetition=1
Assigned runID=MonetecPaperPlot-436-20260929-20:26:59-62
Setting up network "dect2020scheduledaccess.DectScheduledAccessNetwork"...
Initializing...

Running simulation...
** Event #0   t=0   Elapsed: 2.9e-05s (0m 00s)
     Speed:     ev/sec=0   simsec/sec=0   ev/simsec=0
     Messages:  created: 2   present: 2   in FES: 2
** Event #456716   t=123.000054117076   Elapsed: 0.046106s (0m 00s)
     Speed:     ev/sec=9.91331e+06   simsec/sec=2669.79   ev/simsec=3713.14
     Messages:  created: 2   present: 2   in FES: 1

<!> Simulation stopped with endSimulation() -- in module (ScheduledAccessQueue) DectScheduledAccessNetwork.queue (id=2), at t=123.000054117076s, event #456716

Calling finish() at end of Run #436...

Preparing for running configuration MonetecPaperPlot, run #437...
Scenario: $r=40, $rho=1.421, $repetition=2
Assigned runID=MonetecPaperPlot-437-20260929-20:26:59-62
Setting up network "dect2020scheduledaccess.DectScheduledAccessNetwork"...
Initializing...

Running simulation...
** Event #0   t=0   Elapsed: 5e-06s (0m 00s)
     Speed:     ev/sec=0   simsec/sec=0   ev/simsec=0
     Messages:  created: 2   present: 2   in FES: 2
** Event #457257   t=123.07186319343   Elapsed: 0.04611s (0m 00s)
     Speed:     ev/sec=9.91859e+06   simsec/sec=2669.61   ev/simsec=3715.38
     Messages:  created: 2   present: 2   in FES: 1

<!> Simulation stopped with endSimulation() -- in module (ScheduledAccessQueue) DectScheduledAccessNetwork.queue (id=2), at t=123.07186319343s, event #457257

Calling finish() at end of Run #437...

Preparing for running configuration MonetecPaperPlot, run #438...
Scenario: $r=40, $rho=1.504, $repetition=0
Assigned runID=MonetecPaperPlot-438-20260929-20:26:59-62
Setting up network "dect2020scheduledaccess.DectScheduledAccessNetwork"...
Initializing...

Running simulation...
** Event #0   t=0   Elapsed: 5e-06s (0m 00s)
     Speed:     ev/sec=0   simsec/sec=0   ev/simsec=0
     Messages:  created: 2   present: 2   in FES: 2
** Event #481406   t=123.061727422004   Elapsed: 0.048518s (0m 00s)
     Speed:     ev/sec=9.92406e+06   simsec/sec=2536.88   ev/simsec=3911.91
     Messages:  created: 2   present: 2   in FES: 1

<!> Simulation stopped with endSimulation() -- in module (ScheduledAccessQueue) DectScheduledAccessNetwork.queue (id=2), at t=123.061727422004s, event #481406

Calling finish() at end of Run #438...

Preparing for running configuration MonetecPaperPlot, run #439...
Scenario: $r=40, $rho=1.504, $repetition=1
Assigned runID=MonetecPaperPlot-439-20260929-20:27:00-62
Setting up network "dect2020scheduledaccess.DectScheduledAccessNetwork"...
Initializing...

Running simulation...
** Event #0   t=0   Elapsed: 4e-06s (0m 00s)
     Speed:     ev/sec=0   simsec/sec=0   ev/simsec=0
     Messages:  created: 2   present: 2   in FES: 2
** Event #481903   t=123.142020164202   Elapsed: 0.048557s (0m 00s)
     Speed:     ev/sec=9.92632e+06   simsec/sec=2536.49   ev/simsec=3913.41
     Messages:  created: 2   present: 2   in FES: 1

<!> Simulation stopped with endSimulation() -- in module (ScheduledAccessQueue) DectScheduledAccessNetwork.queue (id=2), at t=123.142020164202s, event #481903

Calling finish() at end of Run #439...

Preparing for running configuration MonetecPaperPlot, run #440...
Scenario: $r=40, $rho=1.504, $repetition=2
Assigned runID=MonetecPaperPlot-440-20260929-20:27:00-62
Setting up network "dect2020scheduledaccess.DectScheduledAccessNetwork"...
Initializing...

Running simulation...
** Event #0   t=0   Elapsed: 5e-06s (0m 00s)
     Speed:     ev/sec=0   simsec/sec=0   ev/simsec=0
     Messages:  created: 2   present: 2   in FES: 2
** Event #481812   t=123.075023557509   Elapsed: 0.048677s (0m 00s)
     Speed:     ev/sec=9.90018e+06   simsec/sec=2528.92   ev/simsec=3914.79
     Messages:  created: 2   present: 2   in FES: 1

<!> Simulation stopped with endSimulation() -- in module (ScheduledAccessQueue) DectScheduledAccessNetwork.queue (id=2), at t=123.075023557509s, event #481812

Calling finish() at end of Run #440...

Preparing for running configuration MonetecPaperPlot, run #441...
Scenario: $r=40, $rho=1.587, $repetition=0
Assigned runID=MonetecPaperPlot-441-20260929-20:27:00-62
Setting up network "dect2020scheduledaccess.DectScheduledAccessNetwork"...
Initializing...

Running simulation...
** Event #0   t=0   Elapsed: 5e-06s (0m 00s)
     Speed:     ev/sec=0   simsec/sec=0   ev/simsec=0
     Messages:  created: 2   present: 2   in FES: 2
** Event #506104   t=123.06503748753   Elapsed: 0.051104s (0m 00s)
     Speed:     ev/sec=9.90516e+06   simsec/sec=2408.55   ev/simsec=4112.49
     Messages:  created: 2   present: 2   in FES: 1

<!> Simulation stopped with endSimulation() -- in module (ScheduledAccessQueue) DectScheduledAccessNetwork.queue (id=2), at t=123.06503748753s, event #506104

Calling finish() at end of Run #441...

Preparing for running configuration MonetecPaperPlot, run #442...
Scenario: $r=40, $rho=1.587, $repetition=1
Assigned runID=MonetecPaperPlot-442-20260929-20:27:00-62
Setting up network "dect2020scheduledaccess.DectScheduledAccessNetwork"...
Initializing...

Running simulation...
** Event #0   t=0   Elapsed: 5e-06s (0m 00s)
     Speed:     ev/sec=0   simsec/sec=0   ev/simsec=0
     Messages:  created: 2   present: 2   in FES: 2
** Event #506452   t=123.135686464642   Elapsed: 0.050896s (0m 00s)
     Speed:     ev/sec=9.95209e+06   simsec/sec=2419.69   ev/simsec=4112.96
     Messages:  created: 2   present: 2   in FES: 1

<!> Simulation stopped with endSimulation() -- in module (ScheduledAccessQueue) DectScheduledAccessNetwork.queue (id=2), at t=123.135686464642s, event #506452

Calling finish() at end of Run #442...

Preparing for running configuration MonetecPaperPlot, run #443...
Scenario: $r=40, $rho=1.587, $repetition=2
Assigned runID=MonetecPaperPlot-443-20260929-20:27:00-62
Setting up network "dect2020scheduledaccess.DectScheduledAccessNetwork"...
Initializing...

Running simulation...
** Event #0   t=0   Elapsed: 5e-06s (0m 00s)
     Speed:     ev/sec=0   simsec/sec=0   ev/simsec=0
     Messages:  created: 2   present: 2   in FES: 2
** Event #506876   t=123.111137001185   Elapsed: 0.05137s (0m 00s)
     Speed:     ev/sec=9.86908e+06   simsec/sec=2397.02   ev/simsec=4117.22
     Messages:  created: 2   present: 2   in FES: 1

<!> Simulation stopped with endSimulation() -- in module (ScheduledAccessQueue) DectScheduledAccessNetwork.queue (id=2), at t=123.111137001185s, event #506876

Calling finish() at end of Run #443...

Preparing for running configuration MonetecPaperPlot, run #444...
Scenario: $r=40, $rho=1.670, $repetition=0
Assigned runID=MonetecPaperPlot-444-20260929-20:27:00-62
Setting up network "dect2020scheduledaccess.DectScheduledAccessNetwork"...
Initializing...

Running simulation...
** Event #0   t=0   Elapsed: 4e-06s (0m 00s)
     Speed:     ev/sec=0   simsec/sec=0   ev/simsec=0
     Messages:  created: 2   present: 2   in FES: 2
** Event #531607   t=123.176428166414   Elapsed: 0.053551s (0m 00s)
     Speed:     ev/sec=9.92878e+06   simsec/sec=2300.55   ev/simsec=4315.83
     Messages:  created: 2   present: 2   in FES: 1

<!> Simulation stopped with endSimulation() -- in module (ScheduledAccessQueue) DectScheduledAccessNetwork.queue (id=2), at t=123.176428166414s, event #531607

Calling finish() at end of Run #444...

Preparing for running configuration MonetecPaperPlot, run #445...
Scenario: $r=40, $rho=1.670, $repetition=1
Assigned runID=MonetecPaperPlot-445-20260929-20:27:00-62
Setting up network "dect2020scheduledaccess.DectScheduledAccessNetwork"...
Initializing...

Running simulation...
** Event #0   t=0   Elapsed: 5e-06s (0m 00s)
     Speed:     ev/sec=0   simsec/sec=0   ev/simsec=0
     Messages:  created: 2   present: 2   in FES: 2
** Event #530864   t=123.119250648065   Elapsed: 0.05345s (0m 00s)
     Speed:     ev/sec=9.93365e+06   simsec/sec=2303.83   ev/simsec=4311.8
     Messages:  created: 2   present: 2   in FES: 1

<!> Simulation stopped with endSimulation() -- in module (ScheduledAccessQueue) DectScheduledAccessNetwork.queue (id=2), at t=123.119250648065s, event #530864

Calling finish() at end of Run #445...

Preparing for running configuration MonetecPaperPlot, run #446...
Scenario: $r=40, $rho=1.670, $repetition=2
Assigned runID=MonetecPaperPlot-446-20260929-20:27:00-62
Setting up network "dect2020scheduledaccess.DectScheduledAccessNetwork"...
Initializing...

Running simulation...
** Event #0   t=0   Elapsed: 4e-06s (0m 00s)
     Speed:     ev/sec=0   simsec/sec=0   ev/simsec=0
     Messages:  created: 2   present: 2   in FES: 2
** Event #532030   t=123.186980467105   Elapsed: 0.053381s (0m 00s)
     Speed:     ev/sec=9.96796e+06   simsec/sec=2307.99   ev/simsec=4318.89
     Messages:  created: 2   present: 2   in FES: 1

<!> Simulation stopped with endSimulation() -- in module (ScheduledAccessQueue) DectScheduledAccessNetwork.queue (id=2), at t=123.186980467105s, event #532030

Calling finish() at end of Run #446...

Preparing for running configuration MonetecPaperPlot, run #447...
Scenario: $r=40, $rho=1.753, $repetition=0
Assigned runID=MonetecPaperPlot-447-20260929-20:27:00-62
Setting up network "dect2020scheduledaccess.DectScheduledAccessNetwork"...
Initializing...

Running simulation...
** Event #0   t=0   Elapsed: 3e-06s (0m 00s)
     Speed:     ev/sec=0   simsec/sec=0   ev/simsec=0
     Messages:  created: 2   present: 2   in FES: 2
** Event #555900   t=123.08231946515   Elapsed: 0.056021s (0m 00s)
     Speed:     ev/sec=9.92466e+06   simsec/sec=2197.43   ev/simsec=4516.49
     Messages:  created: 2   present: 2   in FES: 1

<!> Simulation stopped with endSimulation() -- in module (ScheduledAccessQueue) DectScheduledAccessNetwork.queue (id=2), at t=123.08231946515s, event #555900

Calling finish() at end of Run #447...

Preparing for running configuration MonetecPaperPlot, run #448...
Scenario: $r=40, $rho=1.753, $repetition=1
Assigned runID=MonetecPaperPlot-448-20260929-20:27:00-62
Setting up network "dect2020scheduledaccess.DectScheduledAccessNetwork"...
Initializing...

Running simulation...
** Event #0   t=0   Elapsed: 5e-06s (0m 00s)
     Speed:     ev/sec=0   simsec/sec=0   ev/simsec=0
     Messages:  created: 2   present: 2   in FES: 2
** Event #555137   t=123.100542678233   Elapsed: 0.055855s (0m 00s)
     Speed:     ev/sec=9.94068e+06   simsec/sec=2204.32   ev/simsec=4509.64
     Messages:  created: 2   present: 2   in FES: 1

<!> Simulation stopped with endSimulation() -- in module (ScheduledAccessQueue) DectScheduledAccessNetwork.queue (id=2), at t=123.100542678233s, event #555137

Calling finish() at end of Run #448...

Preparing for running configuration MonetecPaperPlot, run #449...
Scenario: $r=40, $rho=1.753, $repetition=2
Assigned runID=MonetecPaperPlot-449-20260929-20:27:00-62
Setting up network "dect2020scheduledaccess.DectScheduledAccessNetwork"...
Initializing...

Running simulation...
** Event #0   t=0   Elapsed: 5e-06s (0m 00s)
     Speed:     ev/sec=0   simsec/sec=0   ev/simsec=0
     Messages:  created: 2   present: 2   in FES: 2
** Event #556452   t=123.168076024272   Elapsed: 0.056169s (0m 00s)
     Speed:     ev/sec=9.90833e+06   simsec/sec=2193.16   ev/simsec=4517.84
     Messages:  created: 2   present: 2   in FES: 1

<!> Simulation stopped with endSimulation() -- in module (ScheduledAccessQueue) DectScheduledAccessNetwork.queue (id=2), at t=123.168076024272s, event #556452

Calling finish() at end of Run #449...

Preparing for running configuration MonetecPaperPlot, run #450...
Scenario: $r=40, $rho=1.836, $repetition=0
Assigned runID=MonetecPaperPlot-450-20260929-20:27:00-62
Setting up network "dect2020scheduledaccess.DectScheduledAccessNetwork"...
Initializing...

Running simulation...
** Event #0   t=0   Elapsed: 4e-06s (0m 00s)
     Speed:     ev/sec=0   simsec/sec=0   ev/simsec=0
     Messages:  created: 2   present: 2   in FES: 2
** Event #580309   t=123.098472715118   Elapsed: 0.058747s (0m 00s)
     Speed:     ev/sec=9.87945e+06   simsec/sec=2095.68   ev/simsec=4714.19
     Messages:  created: 2   present: 2   in FES: 1

<!> Simulation stopped with endSimulation() -- in module (ScheduledAccessQueue) DectScheduledAccessNetwork.queue (id=2), at t=123.098472715118s, event #580309

Calling finish() at end of Run #450...

Preparing for running configuration MonetecPaperPlot, run #451...
Scenario: $r=40, $rho=1.836, $repetition=1
Assigned runID=MonetecPaperPlot-451-20260929-20:27:00-62
Setting up network "dect2020scheduledaccess.DectScheduledAccessNetwork"...
Initializing...

Running simulation...
** Event #0   t=0   Elapsed: 5e-06s (0m 00s)
     Speed:     ev/sec=0   simsec/sec=0   ev/simsec=0
     Messages:  created: 2   present: 2   in FES: 2
** Event #580021   t=123.151232231345   Elapsed: 0.058876s (0m 00s)
     Speed:     ev/sec=9.85341e+06   simsec/sec=2092.09   ev/simsec=4709.84
     Messages:  created: 2   present: 2   in FES: 1

<!> Simulation stopped with endSimulation() -- in module (ScheduledAccessQueue) DectScheduledAccessNetwork.queue (id=2), at t=123.151232231345s, event #580021

Calling finish() at end of Run #451...

Preparing for running configuration MonetecPaperPlot, run #452...
Scenario: $r=40, $rho=1.836, $repetition=2
Assigned runID=MonetecPaperPlot-452-20260929-20:27:00-62
Setting up network "dect2020scheduledaccess.DectScheduledAccessNetwork"...
Initializing...

Running simulation...
** Event #0   t=0   Elapsed: 5e-06s (0m 00s)
     Speed:     ev/sec=0   simsec/sec=0   ev/simsec=0
     Messages:  created: 2   present: 2   in FES: 2
** Event #580739   t=123.124664727315   Elapsed: 0.05871s (0m 00s)
     Speed:     ev/sec=9.89384e+06   simsec/sec=2097.63   ev/simsec=4716.68
     Messages:  created: 2   present: 2   in FES: 1

<!> Simulation stopped with endSimulation() -- in module (ScheduledAccessQueue) DectScheduledAccessNetwork.queue (id=2), at t=123.124664727315s, event #580739

Calling finish() at end of Run #452...

Preparing for running configuration MonetecPaperPlot, run #453...
Scenario: $r=40, $rho=1.919, $repetition=0
Assigned runID=MonetecPaperPlot-453-20260929-20:27:00-62
Setting up network "dect2020scheduledaccess.DectScheduledAccessNetwork"...
Initializing...

Running simulation...
** Event #0   t=0   Elapsed: 5e-06s (0m 00s)
     Speed:     ev/sec=0   simsec/sec=0   ev/simsec=0
     Messages:  created: 2   present: 2   in FES: 2
** Event #605539   t=123.183735039594   Elapsed: 0.060813s (0m 00s)
     Speed:     ev/sec=9.95887e+06   simsec/sec=2025.91   ev/simsec=4915.75
     Messages:  created: 2   present: 2   in FES: 1

<!> Simulation stopped with endSimulation() -- in module (ScheduledAccessQueue) DectScheduledAccessNetwork.queue (id=2), at t=123.183735039594s, event #605539

Calling finish() at end of Run #453...

Preparing for running configuration MonetecPaperPlot, run #454...
Scenario: $r=40, $rho=1.919, $repetition=1
Assigned runID=MonetecPaperPlot-454-20260929-20:27:00-62
Setting up network "dect2020scheduledaccess.DectScheduledAccessNetwork"...
Initializing...

Running simulation...
** Event #0   t=0   Elapsed: 5e-06s (0m 00s)
     Speed:     ev/sec=0   simsec/sec=0   ev/simsec=0
     Messages:  created: 2   present: 2   in FES: 2
** Event #604498   t=123.153161606482   Elapsed: 0.060785s (0m 00s)
     Speed:     ev/sec=9.94649e+06   simsec/sec=2026.38   ev/simsec=4908.51
     Messages:  created: 2   present: 2   in FES: 1

<!> Simulation stopped with endSimulation() -- in module (ScheduledAccessQueue) DectScheduledAccessNetwork.queue (id=2), at t=123.153161606482s, event #604498

Calling finish() at end of Run #454...

Preparing for running configuration MonetecPaperPlot, run #455...
Scenario: $r=40, $rho=1.919, $repetition=2
Assigned runID=MonetecPaperPlot-455-20260929-20:27:00-62
Setting up network "dect2020scheduledaccess.DectScheduledAccessNetwork"...
Initializing...

Running simulation...
** Event #0   t=0   Elapsed: 4e-06s (0m 00s)
     Speed:     ev/sec=0   simsec/sec=0   ev/simsec=0
     Messages:  created: 2   present: 2   in FES: 2
** Event #605817   t=123.171611422592   Elapsed: 0.061044s (0m 00s)
     Speed:     ev/sec=9.92573e+06   simsec/sec=2018.05   ev/simsec=4918.49
     Messages:  created: 2   present: 2   in FES: 1

<!> Simulation stopped with endSimulation() -- in module (ScheduledAccessQueue) DectScheduledAccessNetwork.queue (id=2), at t=123.171611422592s, event #605817

Calling finish() at end of Run #455...

Preparing for running configuration MonetecPaperPlot, run #456...
Scenario: $r=40, $rho=2.002, $repetition=0
Assigned runID=MonetecPaperPlot-456-20260929-20:27:01-62
Setting up network "dect2020scheduledaccess.DectScheduledAccessNetwork"...
Initializing...

Running simulation...
** Event #0   t=0   Elapsed: 2.7e-05s (0m 00s)
     Speed:     ev/sec=0   simsec/sec=0   ev/simsec=0
     Messages:  created: 2   present: 2   in FES: 2
** Event #629081   t=123.046534867519   Elapsed: 0.06355s (0m 00s)
     Speed:     ev/sec=9.90398e+06   simsec/sec=1937.19   ev/simsec=5112.56
     Messages:  created: 2   present: 2   in FES: 1

<!> Simulation stopped with endSimulation() -- in module (ScheduledAccessQueue) DectScheduledAccessNetwork.queue (id=2), at t=123.046534867519s, event #629081

Calling finish() at end of Run #456...

Preparing for running configuration MonetecPaperPlot, run #457...
Scenario: $r=40, $rho=2.002, $repetition=1
Assigned runID=MonetecPaperPlot-457-20260929-20:27:01-62
Setting up network "dect2020scheduledaccess.DectScheduledAccessNetwork"...
Initializing...

Running simulation...
** Event #0   t=0   Elapsed: 5e-06s (0m 00s)
     Speed:     ev/sec=0   simsec/sec=0   ev/simsec=0
     Messages:  created: 2   present: 2   in FES: 2
** Event #628866   t=123.156028451337   Elapsed: 0.063572s (0m 00s)
     Speed:     ev/sec=9.89359e+06   simsec/sec=1937.54   ev/simsec=5106.27
     Messages:  created: 2   present: 2   in FES: 1

<!> Simulation stopped with endSimulation() -- in module (ScheduledAccessQueue) DectScheduledAccessNetwork.queue (id=2), at t=123.156028451337s, event #628866

Calling finish() at end of Run #457...

Preparing for running configuration MonetecPaperPlot, run #458...
Scenario: $r=40, $rho=2.002, $repetition=2
Assigned runID=MonetecPaperPlot-458-20260929-20:27:01-62
Setting up network "dect2020scheduledaccess.DectScheduledAccessNetwork"...
Initializing...

Running simulation...
** Event #0   t=0   Elapsed: 2.4e-05s (0m 00s)
     Speed:     ev/sec=0   simsec/sec=0   ev/simsec=0
     Messages:  created: 2   present: 2   in FES: 2
** Event #630589   t=123.219033414154   Elapsed: 0.063387s (0m 00s)
     Speed:     ev/sec=9.95263e+06   simsec/sec=1944.77   ev/simsec=5117.63
     Messages:  created: 2   present: 2   in FES: 1

<!> Simulation stopped with endSimulation() -- in module (ScheduledAccessQueue) DectScheduledAccessNetwork.queue (id=2), at t=123.219033414154s, event #630589

Calling finish() at end of Run #458...

Preparing for running configuration MonetecPaperPlot, run #459...
Scenario: $r=40, $rho=2.085, $repetition=0
Assigned runID=MonetecPaperPlot-459-20260929-20:27:01-62
Setting up network "dect2020scheduledaccess.DectScheduledAccessNetwork"...
Initializing...

Running simulation...
** Event #0   t=0   Elapsed: 5e-06s (0m 00s)
     Speed:     ev/sec=0   simsec/sec=0   ev/simsec=0
     Messages:  created: 2   present: 2   in FES: 2
** Event #653615   t=123.054241280637   Elapsed: 0.066088s (0m 00s)
     Speed:     ev/sec=9.89142e+06   simsec/sec=1862.23   ev/simsec=5311.61
     Messages:  created: 2   present: 2   in FES: 1

<!> Simulation stopped with endSimulation() -- in module (ScheduledAccessQueue) DectScheduledAccessNetwork.queue (id=2), at t=123.054241280637s, event #653615

Calling finish() at end of Run #459...

Preparing for running configuration MonetecPaperPlot, run #460...
Scenario: $r=40, $rho=2.085, $repetition=1
Assigned runID=MonetecPaperPlot-460-20260929-20:27:01-62
Setting up network "dect2020scheduledaccess.DectScheduledAccessNetwork"...
Initializing...

Running simulation...
** Event #0   t=0   Elapsed: 4e-06s (0m 00s)
     Speed:     ev/sec=0   simsec/sec=0   ev/simsec=0
     Messages:  created: 2   present: 2   in FES: 2
** Event #653057   t=123.113818875359   Elapsed: 0.065904s (0m 00s)
     Speed:     ev/sec=9.91057e+06   simsec/sec=1868.33   ev/simsec=5304.5
     Messages:  created: 2   present: 2   in FES: 1

<!> Simulation stopped with endSimulation() -- in module (ScheduledAccessQueue) DectScheduledAccessNetwork.queue (id=2), at t=123.113818875359s, event #653057

Calling finish() at end of Run #460...

Preparing for running configuration MonetecPaperPlot, run #461...
Scenario: $r=40, $rho=2.085, $repetition=2
Assigned runID=MonetecPaperPlot-461-20260929-20:27:01-62
Setting up network "dect2020scheduledaccess.DectScheduledAccessNetwork"...
Initializing...

Running simulation...
** Event #0   t=0   Elapsed: 5e-06s (0m 00s)
     Speed:     ev/sec=0   simsec/sec=0   ev/simsec=0
     Messages:  created: 2   present: 2   in FES: 2
** Event #654921   t=123.144557941421   Elapsed: 0.065827s (0m 00s)
     Speed:     ev/sec=9.95048e+06   simsec/sec=1870.99   ev/simsec=5318.31
     Messages:  created: 2   present: 2   in FES: 1

<!> Simulation stopped with endSimulation() -- in module (ScheduledAccessQueue) DectScheduledAccessNetwork.queue (id=2), at t=123.144557941421s, event #654921

Calling finish() at end of Run #461...

Preparing for running configuration MonetecPaperPlot, run #462...
Scenario: $r=40, $rho=2.168, $repetition=0
Assigned runID=MonetecPaperPlot-462-20260929-20:27:01-62
Setting up network "dect2020scheduledaccess.DectScheduledAccessNetwork"...
Initializing...

Running simulation...
** Event #0   t=0   Elapsed: 4e-06s (0m 00s)
     Speed:     ev/sec=0   simsec/sec=0   ev/simsec=0
     Messages:  created: 2   present: 2   in FES: 2
** Event #679196   t=123.164104387413   Elapsed: 0.068362s (0m 00s)
     Speed:     ev/sec=9.93659e+06   simsec/sec=1801.88   ev/simsec=5514.57
     Messages:  created: 2   present: 2   in FES: 1

<!> Simulation stopped with endSimulation() -- in module (ScheduledAccessQueue) DectScheduledAccessNetwork.queue (id=2), at t=123.164104387413s, event #679196

Calling finish() at end of Run #462...

Preparing for running configuration MonetecPaperPlot, run #463...
Scenario: $r=40, $rho=2.168, $repetition=1
Assigned runID=MonetecPaperPlot-463-20260929-20:27:01-62
Setting up network "dect2020scheduledaccess.DectScheduledAccessNetwork"...
Initializing...

Running simulation...
** Event #0   t=0   Elapsed: 5e-06s (0m 00s)
     Speed:     ev/sec=0   simsec/sec=0   ev/simsec=0
     Messages:  created: 2   present: 2   in FES: 2
** Event #677721   t=123.121193659939   Elapsed: 0.068181s (0m 00s)
     Speed:     ev/sec=9.94134e+06   simsec/sec=1806.03   ev/simsec=5504.51
     Messages:  created: 2   present: 2   in FES: 1

<!> Simulation stopped with endSimulation() -- in module (ScheduledAccessQueue) DectScheduledAccessNetwork.queue (id=2), at t=123.121193659939s, event #677721

Calling finish() at end of Run #463...

Preparing for running configuration MonetecPaperPlot, run #464...
Scenario: $r=40, $rho=2.168, $repetition=2
Assigned runID=MonetecPaperPlot-464-20260929-20:27:01-62
Setting up network "dect2020scheduledaccess.DectScheduledAccessNetwork"...
Initializing...

Running simulation...
** Event #0   t=0   Elapsed: 5e-06s (0m 00s)
     Speed:     ev/sec=0   simsec/sec=0   ev/simsec=0
     Messages:  created: 2   present: 2   in FES: 2
** Event #679477   t=123.166386432043   Elapsed: 0.068254s (0m 00s)
     Speed:     ev/sec=9.95644e+06   simsec/sec=1804.77   ev/simsec=5516.74
     Messages:  created: 2   present: 2   in FES: 1

<!> Simulation stopped with endSimulation() -- in module (ScheduledAccessQueue) DectScheduledAccessNetwork.queue (id=2), at t=123.166386432043s, event #679477

Calling finish() at end of Run #464...

Preparing for running configuration MonetecPaperPlot, run #465...
Scenario: $r=40, $rho=2.251, $repetition=0
Assigned runID=MonetecPaperPlot-465-20260929-20:27:01-62
Setting up network "dect2020scheduledaccess.DectScheduledAccessNetwork"...
Initializing...

Running simulation...
** Event #0   t=0   Elapsed: 4e-06s (0m 00s)
     Speed:     ev/sec=0   simsec/sec=0   ev/simsec=0
     Messages:  created: 2   present: 2   in FES: 2
** Event #702489   t=123.027027580893   Elapsed: 0.071289s (0m 00s)
     Speed:     ev/sec=9.85535e+06   simsec/sec=1725.97   ev/simsec=5710.04
     Messages:  created: 2   present: 2   in FES: 1

<!> Simulation stopped with endSimulation() -- in module (ScheduledAccessQueue) DectScheduledAccessNetwork.queue (id=2), at t=123.027027580893s, event #702489

Calling finish() at end of Run #465...

Preparing for running configuration MonetecPaperPlot, run #466...
Scenario: $r=40, $rho=2.251, $repetition=1
Assigned runID=MonetecPaperPlot-466-20260929-20:27:01-62
Setting up network "dect2020scheduledaccess.DectScheduledAccessNetwork"...
Initializing...

Running simulation...
** Event #0   t=0   Elapsed: 5e-06s (0m 00s)
     Speed:     ev/sec=0   simsec/sec=0   ev/simsec=0
     Messages:  created: 2   present: 2   in FES: 2
** Event #702166   t=123.091589369842   Elapsed: 0.07033s (0m 00s)
     Speed:     ev/sec=9.98501e+06   simsec/sec=1750.4   ev/simsec=5704.42
     Messages:  created: 2   present: 2   in FES: 1

<!> Simulation stopped with endSimulation() -- in module (ScheduledAccessQueue) DectScheduledAccessNetwork.queue (id=2), at t=123.091589369842s, event #702166

Calling finish() at end of Run #466...

Preparing for running configuration MonetecPaperPlot, run #467...
Scenario: $r=40, $rho=2.251, $repetition=2
Assigned runID=MonetecPaperPlot-467-20260929-20:27:01-62
Setting up network "dect2020scheduledaccess.DectScheduledAccessNetwork"...
Initializing...

Running simulation...
** Event #0   t=0   Elapsed: 5e-06s (0m 00s)
     Speed:     ev/sec=0   simsec/sec=0   ev/simsec=0
     Messages:  created: 2   present: 2   in FES: 2
** Event #703718   t=123.102226154801   Elapsed: 0.07122s (0m 00s)
     Speed:     ev/sec=9.88229e+06   simsec/sec=1728.72   ev/simsec=5716.54
     Messages:  created: 2   present: 2   in FES: 1

<!> Simulation stopped with endSimulation() -- in module (ScheduledAccessQueue) DectScheduledAccessNetwork.queue (id=2), at t=123.102226154801s, event #703718

Calling finish() at end of Run #467...

Preparing for running configuration MonetecPaperPlot, run #468...
Scenario: $r=40, $rho=2.334, $repetition=0
Assigned runID=MonetecPaperPlot-468-20260929-20:27:01-62
Setting up network "dect2020scheduledaccess.DectScheduledAccessNetwork"...
Initializing...

Running simulation...
** Event #0   t=0   Elapsed: 4e-06s (0m 00s)
     Speed:     ev/sec=0   simsec/sec=0   ev/simsec=0
     Messages:  created: 2   present: 2   in FES: 2
** Event #727166   t=123.036869889241   Elapsed: 0.07329s (0m 00s)
     Speed:     ev/sec=9.92285e+06   simsec/sec=1678.95   ev/simsec=5910.16
     Messages:  created: 2   present: 2   in FES: 1

<!> Simulation stopped with endSimulation() -- in module (ScheduledAccessQueue) DectScheduledAccessNetwork.queue (id=2), at t=123.036869889241s, event #727166

Calling finish() at end of Run #468...

Preparing for running configuration MonetecPaperPlot, run #469...
Scenario: $r=40, $rho=2.334, $repetition=1
Assigned runID=MonetecPaperPlot-469-20260929-20:27:01-62
Setting up network "dect2020scheduledaccess.DectScheduledAccessNetwork"...
Initializing...

Running simulation...
** Event #0   t=0   Elapsed: 2.5e-05s (0m 00s)
     Speed:     ev/sec=0   simsec/sec=0   ev/simsec=0
     Messages:  created: 2   present: 2   in FES: 2
** Event #726202   t=123.030939960032   Elapsed: 0.073042s (0m 00s)
     Speed:     ev/sec=9.94661e+06   simsec/sec=1685.12   ev/simsec=5902.6
     Messages:  created: 2   present: 2   in FES: 1

<!> Simulation stopped with endSimulation() -- in module (ScheduledAccessQueue) DectScheduledAccessNetwork.queue (id=2), at t=123.030939960032s, event #726202

Calling finish() at end of Run #469...

Preparing for running configuration MonetecPaperPlot, run #470...
Scenario: $r=40, $rho=2.334, $repetition=2
Assigned runID=MonetecPaperPlot-470-20260929-20:27:02-62
Setting up network "dect2020scheduledaccess.DectScheduledAccessNetwork"...
Initializing...

Running simulation...
** Event #0   t=0   Elapsed: 5e-06s (0m 00s)
     Speed:     ev/sec=0   simsec/sec=0   ev/simsec=0
     Messages:  created: 2   present: 2   in FES: 2
** Event #727777   t=123.031341551982   Elapsed: 0.072951s (0m 00s)
     Speed:     ev/sec=9.97748e+06   simsec/sec=1686.7   ev/simsec=5915.38
     Messages:  created: 2   present: 2   in FES: 1

<!> Simulation stopped with endSimulation() -- in module (ScheduledAccessQueue) DectScheduledAccessNetwork.queue (id=2), at t=123.031341551982s, event #727777

Calling finish() at end of Run #470...

Preparing for running configuration MonetecPaperPlot, run #471...
Scenario: $r=40, $rho=2.417, $repetition=0
Assigned runID=MonetecPaperPlot-471-20260929-20:27:02-62
Setting up network "dect2020scheduledaccess.DectScheduledAccessNetwork"...
Initializing...

Running simulation...
** Event #0   t=0   Elapsed: 4e-06s (0m 00s)
     Speed:     ev/sec=0   simsec/sec=0   ev/simsec=0
     Messages:  created: 2   present: 2   in FES: 2
** Event #752090   t=123.083749357566   Elapsed: 0.075522s (0m 00s)
     Speed:     ev/sec=9.95961e+06   simsec/sec=1629.95   ev/simsec=6110.4
     Messages:  created: 2   present: 2   in FES: 1

<!> Simulation stopped with endSimulation() -- in module (ScheduledAccessQueue) DectScheduledAccessNetwork.queue (id=2), at t=123.083749357566s, event #752090

Calling finish() at end of Run #471...

Preparing for running configuration MonetecPaperPlot, run #472...
Scenario: $r=40, $rho=2.417, $repetition=1
Assigned runID=MonetecPaperPlot-472-20260929-20:27:02-62
Setting up network "dect2020scheduledaccess.DectScheduledAccessNetwork"...
Initializing...

Running simulation...
** Event #0   t=0   Elapsed: 4e-06s (0m 00s)
     Speed:     ev/sec=0   simsec/sec=0   ev/simsec=0
     Messages:  created: 2   present: 2   in FES: 2
** Event #752172   t=123.191874227414   Elapsed: 0.075443s (0m 00s)
     Speed:     ev/sec=9.97113e+06   simsec/sec=1633.09   ev/simsec=6105.7
     Messages:  created: 2   present: 2   in FES: 1

<!> Simulation stopped with endSimulation() -- in module (ScheduledAccessQueue) DectScheduledAccessNetwork.queue (id=2), at t=123.191874227414s, event #752172

Calling finish() at end of Run #472...

Preparing for running configuration MonetecPaperPlot, run #473...
Scenario: $r=40, $rho=2.417, $repetition=2
Assigned runID=MonetecPaperPlot-473-20260929-20:27:02-62
Setting up network "dect2020scheduledaccess.DectScheduledAccessNetwork"...
Initializing...

Running simulation...
** Event #0   t=0   Elapsed: 4e-06s (0m 00s)
     Speed:     ev/sec=0   simsec/sec=0   ev/simsec=0
     Messages:  created: 2   present: 2   in FES: 2
** Event #752631   t=123.059446072131   Elapsed: 0.076203s (0m 00s)
     Speed:     ev/sec=9.87783e+06   simsec/sec=1615.08   ev/simsec=6116.01
     Messages:  created: 2   present: 2   in FES: 1

<!> Simulation stopped with endSimulation() -- in module (ScheduledAccessQueue) DectScheduledAccessNetwork.queue (id=2), at t=123.059446072131s, event #752631

Calling finish() at end of Run #473...

Preparing for running configuration MonetecPaperPlot, run #474...
Scenario: $r=40, $rho=2.500, $repetition=0
Assigned runID=MonetecPaperPlot-474-20260929-20:27:02-62
Setting up network "dect2020scheduledaccess.DectScheduledAccessNetwork"...
Initializing...

Running simulation...
** Event #0   t=0   Elapsed: 4e-06s (0m 00s)
     Speed:     ev/sec=0   simsec/sec=0   ev/simsec=0
     Messages:  created: 2   present: 2   in FES: 2
** Event #776294   t=123.06308413717   Elapsed: 0.078131s (0m 00s)
     Speed:     ev/sec=9.93694e+06   simsec/sec=1575.27   ev/simsec=6308.1
     Messages:  created: 2   present: 2   in FES: 1

<!> Simulation stopped with endSimulation() -- in module (ScheduledAccessQueue) DectScheduledAccessNetwork.queue (id=2), at t=123.06308413717s, event #776294

Calling finish() at end of Run #474...

Preparing for running configuration MonetecPaperPlot, run #475...
Scenario: $r=40, $rho=2.500, $repetition=1
Assigned runID=MonetecPaperPlot-475-20260929-20:27:02-62
Setting up network "dect2020scheduledaccess.DectScheduledAccessNetwork"...
Initializing...

Running simulation...
** Event #0   t=0   Elapsed: 5e-06s (0m 00s)
     Speed:     ev/sec=0   simsec/sec=0   ev/simsec=0
     Messages:  created: 2   present: 2   in FES: 2
** Event #776244   t=123.145680036751   Elapsed: 0.078053s (0m 00s)
     Speed:     ev/sec=9.94624e+06   simsec/sec=1577.9   ev/simsec=6303.46
     Messages:  created: 2   present: 2   in FES: 1

<!> Simulation stopped with endSimulation() -- in module (ScheduledAccessQueue) DectScheduledAccessNetwork.queue (id=2), at t=123.145680036751s, event #776244

Calling finish() at end of Run #475...

Preparing for running configuration MonetecPaperPlot, run #476...
Scenario: $r=40, $rho=2.500, $repetition=2
Assigned runID=MonetecPaperPlot-476-20260929-20:27:02-62
Setting up network "dect2020scheduledaccess.DectScheduledAccessNetwork"...
Initializing...

Running simulation...
** Event #0   t=0   Elapsed: 4e-06s (0m 00s)
     Speed:     ev/sec=0   simsec/sec=0   ev/simsec=0
     Messages:  created: 2   present: 2   in FES: 2
** Event #776755   t=123.028901073474   Elapsed: 0.077858s (0m 00s)
     Speed:     ev/sec=9.97771e+06   simsec/sec=1580.35   ev/simsec=6313.6
     Messages:  created: 2   present: 2   in FES: 1

<!> Simulation stopped with endSimulation() -- in module (ScheduledAccessQueue) DectScheduledAccessNetwork.queue (id=2), at t=123.028901073474s, event #776755

Calling finish() at end of Run #476...

Preparing for running configuration MonetecPaperPlot, run #477...
Scenario: $r=40, $rho=2.583, $repetition=0
Assigned runID=MonetecPaperPlot-477-20260929-20:27:02-62
Setting up network "dect2020scheduledaccess.DectScheduledAccessNetwork"...
Initializing...

Running simulation...
** Event #0   t=0   Elapsed: 4e-06s (0m 00s)
     Speed:     ev/sec=0   simsec/sec=0   ev/simsec=0
     Messages:  created: 2   present: 2   in FES: 2
** Event #801225   t=123.119564226828   Elapsed: 0.080611s (0m 00s)
     Speed:     ev/sec=9.94063e+06   simsec/sec=1527.52   ev/simsec=6507.71
     Messages:  created: 2   present: 2   in FES: 1

<!> Simulation stopped with endSimulation() -- in module (ScheduledAccessQueue) DectScheduledAccessNetwork.queue (id=2), at t=123.119564226828s, event #801225

Calling finish() at end of Run #477...

Preparing for running configuration MonetecPaperPlot, run #478...
Scenario: $r=40, $rho=2.583, $repetition=1
Assigned runID=MonetecPaperPlot-478-20260929-20:27:02-62
Setting up network "dect2020scheduledaccess.DectScheduledAccessNetwork"...
Initializing...

Running simulation...
** Event #0   t=0   Elapsed: 4e-06s (0m 00s)
     Speed:     ev/sec=0   simsec/sec=0   ev/simsec=0
     Messages:  created: 2   present: 2   in FES: 2
** Event #800771   t=123.115603481031   Elapsed: 0.08291s (0m 00s)
     Speed:     ev/sec=9.65925e+06   simsec/sec=1485.07   ev/simsec=6504.22
     Messages:  created: 2   present: 2   in FES: 1

<!> Simulation stopped with endSimulation() -- in module (ScheduledAccessQueue) DectScheduledAccessNetwork.queue (id=2), at t=123.115603481031s, event #800771

Calling finish() at end of Run #478...

Preparing for running configuration MonetecPaperPlot, run #479...
Scenario: $r=40, $rho=2.583, $repetition=2
Assigned runID=MonetecPaperPlot-479-20260929-20:27:02-62
Setting up network "dect2020scheduledaccess.DectScheduledAccessNetwork"...
Initializing...

Running simulation...
** Event #0   t=0   Elapsed: 5e-06s (0m 00s)
     Speed:     ev/sec=0   simsec/sec=0   ev/simsec=0
     Messages:  created: 2   present: 2   in FES: 2
** Event #801708   t=123.078748290106   Elapsed: 0.081639s (0m 00s)
     Speed:     ev/sec=9.82136e+06   simsec/sec=1507.78   ev/simsec=6513.8
     Messages:  created: 2   present: 2   in FES: 1

<!> Simulation stopped with endSimulation() -- in module (ScheduledAccessQueue) DectScheduledAccessNetwork.queue (id=2), at t=123.078748290106s, event #801708

Calling finish() at end of Run #479...

Preparing for running configuration MonetecPaperPlot, run #480...
Scenario: $r=50, $rho=0.010, $repetition=0
Assigned runID=MonetecPaperPlot-480-20260929-20:27:02-62
Setting up network "dect2020scheduledaccess.DectScheduledAccessNetwork"...
Initializing...

Running simulation...
** Event #0   t=0   Elapsed: 2.6e-05s (0m 00s)
     Speed:     ev/sec=0   simsec/sec=0   ev/simsec=0
     Messages:  created: 2   present: 2   in FES: 2
** Event #163812   t=1034.719980020577   Elapsed: 0.0134s (0m 00s)
     Speed:     ev/sec=1.22531e+07   simsec/sec=77396.9   ev/simsec=158.315
     Messages:  created: 2   present: 2   in FES: 1

<!> Simulation stopped with endSimulation() -- in module (ScheduledAccessQueue) DectScheduledAccessNetwork.queue (id=2), at t=1034.719980020577s, event #163812

Calling finish() at end of Run #480...

Preparing for running configuration MonetecPaperPlot, run #481...
Scenario: $r=50, $rho=0.010, $repetition=1
Assigned runID=MonetecPaperPlot-481-20260929-20:27:02-62
Setting up network "dect2020scheduledaccess.DectScheduledAccessNetwork"...
Initializing...

Running simulation...
** Event #0   t=0   Elapsed: 4e-06s (0m 00s)
     Speed:     ev/sec=0   simsec/sec=0   ev/simsec=0
     Messages:  created: 2   present: 2   in FES: 2
** Event #164694   t=1042.621223538347   Elapsed: 0.013666s (0m 00s)
     Speed:     ev/sec=1.20584e+07   simsec/sec=76337.7   ev/simsec=157.962
     Messages:  created: 2   present: 2   in FES: 1

<!> Simulation stopped with endSimulation() -- in module (ScheduledAccessQueue) DectScheduledAccessNetwork.queue (id=2), at t=1042.621223538347s, event #164694

Calling finish() at end of Run #481...

Preparing for running configuration MonetecPaperPlot, run #482...
Scenario: $r=50, $rho=0.010, $repetition=2
Assigned runID=MonetecPaperPlot-482-20260929-20:27:02-62
Setting up network "dect2020scheduledaccess.DectScheduledAccessNetwork"...
Initializing...

Running simulation...
** Event #0   t=0   Elapsed: 2.2e-05s (0m 00s)
     Speed:     ev/sec=0   simsec/sec=0   ev/simsec=0
     Messages:  created: 2   present: 2   in FES: 2
** Event #163410   t=1031.07738215099   Elapsed: 0.013657s (0m 00s)
     Speed:     ev/sec=1.1989e+07   simsec/sec=75647.6   ev/simsec=158.485
     Messages:  created: 2   present: 2   in FES: 1

<!> Simulation stopped with endSimulation() -- in module (ScheduledAccessQueue) DectScheduledAccessNetwork.queue (id=2), at t=1031.07738215099s, event #163410

Calling finish() at end of Run #482...

Preparing for running configuration MonetecPaperPlot, run #483...
Scenario: $r=50, $rho=0.093, $repetition=0
Assigned runID=MonetecPaperPlot-483-20260929-20:27:02-62
Setting up network "dect2020scheduledaccess.DectScheduledAccessNetwork"...
Initializing...

Running simulation...
** Event #0   t=0   Elapsed: 4.3e-05s (0m 00s)
     Speed:     ev/sec=0   simsec/sec=0   ev/simsec=0
     Messages:  created: 2   present: 2   in FES: 2
** Event #65178   t=123.103207534451   Elapsed: 0.006821s (0m 00s)
     Speed:     ev/sec=0   simsec/sec=0   ev/simsec=0
     Messages:  created: 2   present: 2   in FES: 1

<!> Simulation stopped with endSimulation() -- in module (ScheduledAccessQueue) DectScheduledAccessNetwork.queue (id=2), at t=123.103207534451s, event #65178

Calling finish() at end of Run #483...

Preparing for running configuration MonetecPaperPlot, run #484...
Scenario: $r=50, $rho=0.093, $repetition=1
Assigned runID=MonetecPaperPlot-484-20260929-20:27:02-62
Setting up network "dect2020scheduledaccess.DectScheduledAccessNetwork"...
Initializing...

Running simulation...
** Event #0   t=0   Elapsed: 1.3e-05s (0m 00s)
     Speed:     ev/sec=0   simsec/sec=0   ev/simsec=0
     Messages:  created: 2   present: 2   in FES: 2
** Event #65258   t=123.246533114184   Elapsed: 0.006785s (0m 00s)
     Speed:     ev/sec=0   simsec/sec=0   ev/simsec=0
     Messages:  created: 2   present: 2   in FES: 1

<!> Simulation stopped with endSimulation() -- in module (ScheduledAccessQueue) DectScheduledAccessNetwork.queue (id=2), at t=123.246533114184s, event #65258

Calling finish() at end of Run #484...

Preparing for running configuration MonetecPaperPlot, run #485...
Scenario: $r=50, $rho=0.093, $repetition=2
Assigned runID=MonetecPaperPlot-485-20260929-20:27:02-62
Setting up network "dect2020scheduledaccess.DectScheduledAccessNetwork"...
Initializing...

Running simulation...
** Event #0   t=0   Elapsed: 2.7e-05s (0m 00s)
     Speed:     ev/sec=0   simsec/sec=0   ev/simsec=0
     Messages:  created: 2   present: 2   in FES: 2
** Event #65283   t=123.094477649225   Elapsed: 0.006794s (0m 00s)
     Speed:     ev/sec=0   simsec/sec=0   ev/simsec=0
     Messages:  created: 2   present: 2   in FES: 1

<!> Simulation stopped with endSimulation() -- in module (ScheduledAccessQueue) DectScheduledAccessNetwork.queue (id=2), at t=123.094477649225s, event #65283

Calling finish() at end of Run #485...

Preparing for running configuration MonetecPaperPlot, run #486...
Scenario: $r=50, $rho=0.176, $repetition=0
Assigned runID=MonetecPaperPlot-486-20260929-20:27:02-62
Setting up network "dect2020scheduledaccess.DectScheduledAccessNetwork"...
Initializing...

Running simulation...
** Event #0   t=0   Elapsed: 2.5e-05s (0m 00s)
     Speed:     ev/sec=0   simsec/sec=0   ev/simsec=0
     Messages:  created: 2   present: 2   in FES: 2
** Event #89699   t=123.035199376655   Elapsed: 0.009406s (0m 00s)
     Speed:     ev/sec=0   simsec/sec=0   ev/simsec=0
     Messages:  created: 2   present: 2   in FES: 1

<!> Simulation stopped with endSimulation() -- in module (ScheduledAccessQueue) DectScheduledAccessNetwork.queue (id=2), at t=123.035199376655s, event #89699

Calling finish() at end of Run #486...

Preparing for running configuration MonetecPaperPlot, run #487...
Scenario: $r=50, $rho=0.176, $repetition=1
Assigned runID=MonetecPaperPlot-487-20260929-20:27:02-62
Setting up network "dect2020scheduledaccess.DectScheduledAccessNetwork"...
Initializing...

Running simulation...
** Event #0   t=0   Elapsed: 4e-06s (0m 00s)
     Speed:     ev/sec=0   simsec/sec=0   ev/simsec=0
     Messages:  created: 2   present: 2   in FES: 2
** Event #89777   t=123.138637846643   Elapsed: 0.009118s (0m 00s)
     Speed:     ev/sec=0   simsec/sec=0   ev/simsec=0
     Messages:  created: 2   present: 2   in FES: 1

<!> Simulation stopped with endSimulation() -- in module (ScheduledAccessQueue) DectScheduledAccessNetwork.queue (id=2), at t=123.138637846643s, event #89777

Calling finish() at end of Run #487...

Preparing for running configuration MonetecPaperPlot, run #488...
Scenario: $r=50, $rho=0.176, $repetition=2
Assigned runID=MonetecPaperPlot-488-20260929-20:27:02-62
Setting up network "dect2020scheduledaccess.DectScheduledAccessNetwork"...
Initializing...

Running simulation...
** Event #0   t=0   Elapsed: 4e-06s (0m 00s)
     Speed:     ev/sec=0   simsec/sec=0   ev/simsec=0
     Messages:  created: 2   present: 2   in FES: 2
** Event #89370   t=123.028153284628   Elapsed: 0.009228s (0m 00s)
     Speed:     ev/sec=0   simsec/sec=0   ev/simsec=0
     Messages:  created: 2   present: 2   in FES: 1

<!> Simulation stopped with endSimulation() -- in module (ScheduledAccessQueue) DectScheduledAccessNetwork.queue (id=2), at t=123.028153284628s, event #89370

Calling finish() at end of Run #488...

Preparing for running configuration MonetecPaperPlot, run #489...
Scenario: $r=50, $rho=0.259, $repetition=0
Assigned runID=MonetecPaperPlot-489-20260929-20:27:02-62
Setting up network "dect2020scheduledaccess.DectScheduledAccessNetwork"...
Initializing...

Running simulation...
** Event #0   t=0   Elapsed: 4e-06s (0m 00s)
     Speed:     ev/sec=0   simsec/sec=0   ev/simsec=0
     Messages:  created: 2   present: 2   in FES: 2
** Event #114600   t=123.13724701108   Elapsed: 0.011831s (0m 00s)
     Speed:     ev/sec=9.69461e+06   simsec/sec=10416.8   ev/simsec=930.67
     Messages:  created: 2   present: 2   in FES: 1

<!> Simulation stopped with endSimulation() -- in module (ScheduledAccessQueue) DectScheduledAccessNetwork.queue (id=2), at t=123.13724701108s, event #114600

Calling finish() at end of Run #489...

Preparing for running configuration MonetecPaperPlot, run #490...
Scenario: $r=50, $rho=0.259, $repetition=1
Assigned runID=MonetecPaperPlot-490-20260929-20:27:02-62
Setting up network "dect2020scheduledaccess.DectScheduledAccessNetwork"...
Initializing...

Running simulation...
** Event #0   t=0   Elapsed: 3e-06s (0m 00s)
     Speed:     ev/sec=0   simsec/sec=0   ev/simsec=0
     Messages:  created: 2   present: 2   in FES: 2
** Event #114247   t=123.124574055234   Elapsed: 0.011787s (0m 00s)
     Speed:     ev/sec=9.70003e+06   simsec/sec=10453.8   ev/simsec=927.9
     Messages:  created: 2   present: 2   in FES: 1

<!> Simulation stopped with endSimulation() -- in module (ScheduledAccessQueue) DectScheduledAccessNetwork.queue (id=2), at t=123.124574055234s, event #114247

Calling finish() at end of Run #490...

Preparing for running configuration MonetecPaperPlot, run #491...
Scenario: $r=50, $rho=0.259, $repetition=2
Assigned runID=MonetecPaperPlot-491-20260929-20:27:02-62
Setting up network "dect2020scheduledaccess.DectScheduledAccessNetwork"...
Initializing...

Running simulation...
** Event #0   t=0   Elapsed: 5e-06s (0m 00s)
     Speed:     ev/sec=0   simsec/sec=0   ev/simsec=0
     Messages:  created: 2   present: 2   in FES: 2
** Event #114016   t=123.137093852309   Elapsed: 0.011634s (0m 00s)
     Speed:     ev/sec=9.80698e+06   simsec/sec=10591.5   ev/simsec=925.928
     Messages:  created: 2   present: 2   in FES: 1

<!> Simulation stopped with endSimulation() -- in module (ScheduledAccessQueue) DectScheduledAccessNetwork.queue (id=2), at t=123.137093852309s, event #114016

Calling finish() at end of Run #491...

Preparing for running configuration MonetecPaperPlot, run #492...
Scenario: $r=50, $rho=0.342, $repetition=0
Assigned runID=MonetecPaperPlot-492-20260929-20:27:02-62
Setting up network "dect2020scheduledaccess.DectScheduledAccessNetwork"...
Initializing...

Running simulation...
** Event #0   t=0   Elapsed: 2e-05s (0m 00s)
     Speed:     ev/sec=0   simsec/sec=0   ev/simsec=0
     Messages:  created: 2   present: 2   in FES: 2
** Event #139215   t=123.114885163412   Elapsed: 0.014322s (0m 00s)
     Speed:     ev/sec=9.736e+06   simsec/sec=8610.03   ev/simsec=1130.77
     Messages:  created: 2   present: 2   in FES: 1

<!> Simulation stopped with endSimulation() -- in module (ScheduledAccessQueue) DectScheduledAccessNetwork.queue (id=2), at t=123.114885163412s, event #139215

Calling finish() at end of Run #492...

Preparing for running configuration MonetecPaperPlot, run #493...
Scenario: $r=50, $rho=0.342, $repetition=1
Assigned runID=MonetecPaperPlot-493-20260929-20:27:02-62
Setting up network "dect2020scheduledaccess.DectScheduledAccessNetwork"...
Initializing...

Running simulation...
** Event #0   t=0   Elapsed: 5e-06s (0m 00s)
     Speed:     ev/sec=0   simsec/sec=0   ev/simsec=0
     Messages:  created: 2   present: 2   in FES: 2
** Event #139143   t=123.151528995882   Elapsed: 0.014165s (0m 00s)
     Speed:     ev/sec=9.82995e+06   simsec/sec=8700.2   ev/simsec=1129.85
     Messages:  created: 2   present: 2   in FES: 1

<!> Simulation stopped with endSimulation() -- in module (ScheduledAccessQueue) DectScheduledAccessNetwork.queue (id=2), at t=123.151528995882s, event #139143

Calling finish() at end of Run #493...

Preparing for running configuration MonetecPaperPlot, run #494...
Scenario: $r=50, $rho=0.342, $repetition=2
Assigned runID=MonetecPaperPlot-494-20260929-20:27:02-62
Setting up network "dect2020scheduledaccess.DectScheduledAccessNetwork"...
Initializing...

Running simulation...
** Event #0   t=0   Elapsed: 5e-06s (0m 00s)
     Speed:     ev/sec=0   simsec/sec=0   ev/simsec=0
     Messages:  created: 2   present: 2   in FES: 2
** Event #138689   t=123.132468449458   Elapsed: 0.0142s (0m 00s)
     Speed:     ev/sec=9.77303e+06   simsec/sec=8676.74   ev/simsec=1126.35
     Messages:  created: 2   present: 2   in FES: 1

<!> Simulation stopped with endSimulation() -- in module (ScheduledAccessQueue) DectScheduledAccessNetwork.queue (id=2), at t=123.132468449458s, event #138689

Calling finish() at end of Run #494...

Preparing for running configuration MonetecPaperPlot, run #495...
Scenario: $r=50, $rho=0.425, $repetition=0
Assigned runID=MonetecPaperPlot-495-20260929-20:27:03-62
Setting up network "dect2020scheduledaccess.DectScheduledAccessNetwork"...
Initializing...

Running simulation...
** Event #0   t=0   Elapsed: 2.5e-05s (0m 00s)
     Speed:     ev/sec=0   simsec/sec=0   ev/simsec=0
     Messages:  created: 2   present: 2   in FES: 2
** Event #163565   t=123.084822997608   Elapsed: 0.016682s (0m 00s)
     Speed:     ev/sec=9.82195e+06   simsec/sec=7391.13   ev/simsec=1328.88
     Messages:  created: 2   present: 2   in FES: 1

<!> Simulation stopped with endSimulation() -- in module (ScheduledAccessQueue) DectScheduledAccessNetwork.queue (id=2), at t=123.084822997608s, event #163565

Calling finish() at end of Run #495...

Preparing for running configuration MonetecPaperPlot, run #496...
Scenario: $r=50, $rho=0.425, $repetition=1
Assigned runID=MonetecPaperPlot-496-20260929-20:27:03-62
Setting up network "dect2020scheduledaccess.DectScheduledAccessNetwork"...
Initializing...

Running simulation...
** Event #0   t=0   Elapsed: 5e-06s (0m 00s)
     Speed:     ev/sec=0   simsec/sec=0   ev/simsec=0
     Messages:  created: 2   present: 2   in FES: 2
** Event #163293   t=123.066896919242   Elapsed: 0.016579s (0m 00s)
     Speed:     ev/sec=9.85533e+06   simsec/sec=7427.53   ev/simsec=1326.86
     Messages:  created: 2   present: 2   in FES: 1

<!> Simulation stopped with endSimulation() -- in module (ScheduledAccessQueue) DectScheduledAccessNetwork.queue (id=2), at t=123.066896919242s, event #163293

Calling finish() at end of Run #496...

Preparing for running configuration MonetecPaperPlot, run #497...
Scenario: $r=50, $rho=0.425, $repetition=2
Assigned runID=MonetecPaperPlot-497-20260929-20:27:03-62
Setting up network "dect2020scheduledaccess.DectScheduledAccessNetwork"...
Initializing...

Running simulation...
** Event #0   t=0   Elapsed: 4e-06s (0m 00s)
     Speed:     ev/sec=0   simsec/sec=0   ev/simsec=0
     Messages:  created: 2   present: 2   in FES: 2
** Event #162850   t=123.03013608718   Elapsed: 0.016653s (0m 00s)
     Speed:     ev/sec=9.78489e+06   simsec/sec=7392.3   ev/simsec=1323.66
     Messages:  created: 2   present: 2   in FES: 1

<!> Simulation stopped with endSimulation() -- in module (ScheduledAccessQueue) DectScheduledAccessNetwork.queue (id=2), at t=123.03013608718s, event #162850

Calling finish() at end of Run #497...

Preparing for running configuration MonetecPaperPlot, run #498...
Scenario: $r=50, $rho=0.508, $repetition=0
Assigned runID=MonetecPaperPlot-498-20260929-20:27:03-62
Setting up network "dect2020scheduledaccess.DectScheduledAccessNetwork"...
Initializing...

Running simulation...
** Event #0   t=0   Elapsed: 2e-05s (0m 00s)
     Speed:     ev/sec=0   simsec/sec=0   ev/simsec=0
     Messages:  created: 2   present: 2   in FES: 2
** Event #188053   t=123.104800089363   Elapsed: 0.019149s (0m 00s)
     Speed:     ev/sec=9.83284e+06   simsec/sec=6436.85   ev/simsec=1527.59
     Messages:  created: 2   present: 2   in FES: 1

<!> Simulation stopped with endSimulation() -- in module (ScheduledAccessQueue) DectScheduledAccessNetwork.queue (id=2), at t=123.104800089363s, event #188053

Calling finish() at end of Run #498...

Preparing for running configuration MonetecPaperPlot, run #499...
Scenario: $r=50, $rho=0.508, $repetition=1
Assigned runID=MonetecPaperPlot-499-20260929-20:27:03-62
Setting up network "dect2020scheduledaccess.DectScheduledAccessNetwork"...
Initializing...

Running simulation...
** Event #0   t=0   Elapsed: 2.7e-05s (0m 00s)
     Speed:     ev/sec=0   simsec/sec=0   ev/simsec=0
     Messages:  created: 2   present: 2   in FES: 2
** Event #188241   t=123.137583811521   Elapsed: 0.019216s (0m 00s)
     Speed:     ev/sec=9.81188e+06   simsec/sec=6418.42   ev/simsec=1528.71
     Messages:  created: 2   present: 2   in FES: 1

<!> Simulation stopped with endSimulation() -- in module (ScheduledAccessQueue) DectScheduledAccessNetwork.queue (id=2), at t=123.137583811521s, event #188241

Calling finish() at end of Run #499...

Preparing for running configuration MonetecPaperPlot, run #500...
Scenario: $r=50, $rho=0.508, $repetition=2
Assigned runID=MonetecPaperPlot-500-20260929-20:27:03-62
Setting up network "dect2020scheduledaccess.DectScheduledAccessNetwork"...
Initializing...

Running simulation...
** Event #0   t=0   Elapsed: 1.8e-05s (0m 00s)
     Speed:     ev/sec=0   simsec/sec=0   ev/simsec=0
     Messages:  created: 2   present: 2   in FES: 2
** Event #187989   t=123.215145112352   Elapsed: 0.019111s (0m 00s)
     Speed:     ev/sec=9.84854e+06   simsec/sec=6455.07   ev/simsec=1525.71
     Messages:  created: 2   present: 2   in FES: 1

<!> Simulation stopped with endSimulation() -- in module (ScheduledAccessQueue) DectScheduledAccessNetwork.queue (id=2), at t=123.215145112352s, event #187989

Calling finish() at end of Run #500...

Preparing for running configuration MonetecPaperPlot, run #501...
Scenario: $r=50, $rho=0.591, $repetition=0
Assigned runID=MonetecPaperPlot-501-20260929-20:27:03-62
Setting up network "dect2020scheduledaccess.DectScheduledAccessNetwork"...
Initializing...

Running simulation...
** Event #0   t=0   Elapsed: 2.9e-05s (0m 00s)
     Speed:     ev/sec=0   simsec/sec=0   ev/simsec=0
     Messages:  created: 2   present: 2   in FES: 2
** Event #212261   t=123.106606591885   Elapsed: 0.02171s (0m 00s)
     Speed:     ev/sec=9.7929e+06   simsec/sec=5679.64   ev/simsec=1724.21
     Messages:  created: 2   present: 2   in FES: 1

<!> Simulation stopped with endSimulation() -- in module (ScheduledAccessQueue) DectScheduledAccessNetwork.queue (id=2), at t=123.106606591885s, event #212261

Calling finish() at end of Run #501...

Preparing for running configuration MonetecPaperPlot, run #502...
Scenario: $r=50, $rho=0.591, $repetition=1
Assigned runID=MonetecPaperPlot-502-20260929-20:27:03-62
Setting up network "dect2020scheduledaccess.DectScheduledAccessNetwork"...
Initializing...

Running simulation...
** Event #0   t=0   Elapsed: 2.1e-05s (0m 00s)
     Speed:     ev/sec=0   simsec/sec=0   ev/simsec=0
     Messages:  created: 2   present: 2   in FES: 2
** Event #212570   t=123.118531257864   Elapsed: 0.021637s (0m 00s)
     Speed:     ev/sec=9.83483e+06   simsec/sec=5696.23   ev/simsec=1726.55
     Messages:  created: 2   present: 2   in FES: 1

<!> Simulation stopped with endSimulation() -- in module (ScheduledAccessQueue) DectScheduledAccessNetwork.queue (id=2), at t=123.118531257864s, event #212570

Calling finish() at end of Run #502...

Preparing for running configuration MonetecPaperPlot, run #503...
Scenario: $r=50, $rho=0.591, $repetition=2
Assigned runID=MonetecPaperPlot-503-20260929-20:27:03-62
Setting up network "dect2020scheduledaccess.DectScheduledAccessNetwork"...
Initializing...

Running simulation...
** Event #0   t=0   Elapsed: 5e-06s (0m 00s)
     Speed:     ev/sec=0   simsec/sec=0   ev/simsec=0
     Messages:  created: 2   present: 2   in FES: 2
** Event #212030   t=123.063228697338   Elapsed: 0.02166s (0m 00s)
     Speed:     ev/sec=9.79263e+06   simsec/sec=5683.65   ev/simsec=1722.95
     Messages:  created: 2   present: 2   in FES: 1

<!> Simulation stopped with endSimulation() -- in module (ScheduledAccessQueue) DectScheduledAccessNetwork.queue (id=2), at t=123.063228697338s, event #212030

Calling finish() at end of Run #503...

Preparing for running configuration MonetecPaperPlot, run #504...
Scenario: $r=50, $rho=0.674, $repetition=0
Assigned runID=MonetecPaperPlot-504-20260929-20:27:03-62
Setting up network "dect2020scheduledaccess.DectScheduledAccessNetwork"...
Initializing...

Running simulation...
** Event #0   t=0   Elapsed: 4e-06s (0m 00s)
     Speed:     ev/sec=0   simsec/sec=0   ev/simsec=0
     Messages:  created: 2   present: 2   in FES: 2
** Event #236966   t=123.156501637057   Elapsed: 0.024086s (0m 00s)
     Speed:     ev/sec=9.8416e+06   simsec/sec=5114.88   ev/simsec=1924.11
     Messages:  created: 2   present: 2   in FES: 1

<!> Simulation stopped with endSimulation() -- in module (ScheduledAccessQueue) DectScheduledAccessNetwork.queue (id=2), at t=123.156501637057s, event #236966

Calling finish() at end of Run #504...

Preparing for running configuration MonetecPaperPlot, run #505...
Scenario: $r=50, $rho=0.674, $repetition=1
Assigned runID=MonetecPaperPlot-505-20260929-20:27:03-62
Setting up network "dect2020scheduledaccess.DectScheduledAccessNetwork"...
Initializing...

Running simulation...
** Event #0   t=0   Elapsed: 4e-06s (0m 00s)
     Speed:     ev/sec=0   simsec/sec=0   ev/simsec=0
     Messages:  created: 2   present: 2   in FES: 2
** Event #237038   t=123.166133009881   Elapsed: 0.024065s (0m 00s)
     Speed:     ev/sec=9.85318e+06   simsec/sec=5119.76   ev/simsec=1924.54
     Messages:  created: 2   present: 2   in FES: 1

<!> Simulation stopped with endSimulation() -- in module (ScheduledAccessQueue) DectScheduledAccessNetwork.queue (id=2), at t=123.166133009881s, event #237038

Calling finish() at end of Run #505...

Preparing for running configuration MonetecPaperPlot, run #506...
Scenario: $r=50, $rho=0.674, $repetition=2
Assigned runID=MonetecPaperPlot-506-20260929-20:27:03-62
Setting up network "dect2020scheduledaccess.DectScheduledAccessNetwork"...
Initializing...

Running simulation...
** Event #0   t=0   Elapsed: 5e-06s (0m 00s)
     Speed:     ev/sec=0   simsec/sec=0   ev/simsec=0
     Messages:  created: 2   present: 2   in FES: 2
** Event #237053   t=123.180935467526   Elapsed: 0.024108s (0m 00s)
     Speed:     ev/sec=9.83704e+06   simsec/sec=5111.67   ev/simsec=1924.43
     Messages:  created: 2   present: 2   in FES: 1

<!> Simulation stopped with endSimulation() -- in module (ScheduledAccessQueue) DectScheduledAccessNetwork.queue (id=2), at t=123.180935467526s, event #237053

Calling finish() at end of Run #506...

Preparing for running configuration MonetecPaperPlot, run #507...
Scenario: $r=50, $rho=0.757, $repetition=0
Assigned runID=MonetecPaperPlot-507-20260929-20:27:03-62
Setting up network "dect2020scheduledaccess.DectScheduledAccessNetwork"...
Initializing...

Running simulation...
** Event #0   t=0   Elapsed: 5e-06s (0m 00s)
     Speed:     ev/sec=0   simsec/sec=0   ev/simsec=0
     Messages:  created: 2   present: 2   in FES: 2
** Event #261661   t=123.187936575004   Elapsed: 0.026994s (0m 00s)
     Speed:     ev/sec=9.69761e+06   simsec/sec=4565.55   ev/simsec=2124.08
     Messages:  created: 2   present: 2   in FES: 1

<!> Simulation stopped with endSimulation() -- in module (ScheduledAccessQueue) DectScheduledAccessNetwork.queue (id=2), at t=123.187936575004s, event #261661

Calling finish() at end of Run #507...

Preparing for running configuration MonetecPaperPlot, run #508...
Scenario: $r=50, $rho=0.757, $repetition=1
Assigned runID=MonetecPaperPlot-508-20260929-20:27:03-62
Setting up network "dect2020scheduledaccess.DectScheduledAccessNetwork"...
Initializing...

Running simulation...
** Event #0   t=0   Elapsed: 3.5e-05s (0m 00s)
     Speed:     ev/sec=0   simsec/sec=0   ev/simsec=0
     Messages:  created: 2   present: 2   in FES: 2
** Event #261674   t=123.241914353222   Elapsed: 0.026633s (0m 00s)
     Speed:     ev/sec=9.84033e+06   simsec/sec=4634.54   ev/simsec=2123.26
     Messages:  created: 2   present: 2   in FES: 1

<!> Simulation stopped with endSimulation() -- in module (ScheduledAccessQueue) DectScheduledAccessNetwork.queue (id=2), at t=123.241914353222s, event #261674

Calling finish() at end of Run #508...

Preparing for running configuration MonetecPaperPlot, run #509...
Scenario: $r=50, $rho=0.757, $repetition=2
Assigned runID=MonetecPaperPlot-509-20260929-20:27:03-62
Setting up network "dect2020scheduledaccess.DectScheduledAccessNetwork"...
Initializing...

Running simulation...
** Event #0   t=0   Elapsed: 1.9e-05s (0m 00s)
     Speed:     ev/sec=0   simsec/sec=0   ev/simsec=0
     Messages:  created: 2   present: 2   in FES: 2
** Event #261402   t=123.120134059   Elapsed: 0.026491s (0m 00s)
     Speed:     ev/sec=9.87653e+06   simsec/sec=4651.82   ev/simsec=2123.15
     Messages:  created: 2   present: 2   in FES: 1

<!> Simulation stopped with endSimulation() -- in module (ScheduledAccessQueue) DectScheduledAccessNetwork.queue (id=2), at t=123.120134059s, event #261402

Calling finish() at end of Run #509...

Preparing for running configuration MonetecPaperPlot, run #510...
Scenario: $r=50, $rho=0.840, $repetition=0
Assigned runID=MonetecPaperPlot-510-20260929-20:27:03-62
Setting up network "dect2020scheduledaccess.DectScheduledAccessNetwork"...
Initializing...

Running simulation...
** Event #0   t=0   Elapsed: 4e-06s (0m 00s)
     Speed:     ev/sec=0   simsec/sec=0   ev/simsec=0
     Messages:  created: 2   present: 2   in FES: 2
** Event #285880   t=123.180545043405   Elapsed: 0.028842s (0m 00s)
     Speed:     ev/sec=9.91503e+06   simsec/sec=4272.2   ev/simsec=2320.83
     Messages:  created: 2   present: 2   in FES: 1

<!> Simulation stopped with endSimulation() -- in module (ScheduledAccessQueue) DectScheduledAccessNetwork.queue (id=2), at t=123.180545043405s, event #285880

Calling finish() at end of Run #510...

Preparing for running configuration MonetecPaperPlot, run #511...
Scenario: $r=50, $rho=0.840, $repetition=1
Assigned runID=MonetecPaperPlot-511-20260929-20:27:03-62
Setting up network "dect2020scheduledaccess.DectScheduledAccessNetwork"...
Initializing...

Running simulation...
** Event #0   t=0   Elapsed: 3e-06s (0m 00s)
     Speed:     ev/sec=0   simsec/sec=0   ev/simsec=0
     Messages:  created: 2   present: 2   in FES: 2
** Event #286125   t=123.226040077137   Elapsed: 0.029179s (0m 00s)
     Speed:     ev/sec=9.80888e+06   simsec/sec=4224.4   ev/simsec=2321.96
     Messages:  created: 2   present: 2   in FES: 1

<!> Simulation stopped with endSimulation() -- in module (ScheduledAccessQueue) DectScheduledAccessNetwork.queue (id=2), at t=123.226040077137s, event #286125

Calling finish() at end of Run #511...

Preparing for running configuration MonetecPaperPlot, run #512...
Scenario: $r=50, $rho=0.840, $repetition=2
Assigned runID=MonetecPaperPlot-512-20260929-20:27:03-62
Setting up network "dect2020scheduledaccess.DectScheduledAccessNetwork"...
Initializing...

Running simulation...
** Event #0   t=0   Elapsed: 3.3e-05s (0m 00s)
     Speed:     ev/sec=0   simsec/sec=0   ev/simsec=0
     Messages:  created: 2   present: 2   in FES: 2
** Event #285984   t=123.126307306381   Elapsed: 0.029046s (0m 00s)
     Speed:     ev/sec=9.85846e+06   simsec/sec=4244.41   ev/simsec=2322.69
     Messages:  created: 2   present: 2   in FES: 1

<!> Simulation stopped with endSimulation() -- in module (ScheduledAccessQueue) DectScheduledAccessNetwork.queue (id=2), at t=123.126307306381s, event #285984

Calling finish() at end of Run #512...

Preparing for running configuration MonetecPaperPlot, run #513...
Scenario: $r=50, $rho=0.923, $repetition=0
Assigned runID=MonetecPaperPlot-513-20260929-20:27:03-62
Setting up network "dect2020scheduledaccess.DectScheduledAccessNetwork"...
Initializing...

Running simulation...
** Event #0   t=0   Elapsed: 5e-06s (0m 00s)
     Speed:     ev/sec=0   simsec/sec=0   ev/simsec=0
     Messages:  created: 2   present: 2   in FES: 2
** Event #310637   t=123.260122946533   Elapsed: 0.031476s (0m 00s)
     Speed:     ev/sec=9.87152e+06   simsec/sec=3916.98   ev/simsec=2520.18
     Messages:  created: 2   present: 2   in FES: 1

<!> Simulation stopped with endSimulation() -- in module (ScheduledAccessQueue) DectScheduledAccessNetwork.queue (id=2), at t=123.260122946533s, event #310637

Calling finish() at end of Run #513...

Preparing for running configuration MonetecPaperPlot, run #514...
Scenario: $r=50, $rho=0.923, $repetition=1
Assigned runID=MonetecPaperPlot-514-20260929-20:27:03-62
Setting up network "dect2020scheduledaccess.DectScheduledAccessNetwork"...
Initializing...

Running simulation...
** Event #0   t=0   Elapsed: 3e-06s (0m 00s)
     Speed:     ev/sec=0   simsec/sec=0   ev/simsec=0
     Messages:  created: 2   present: 2   in FES: 2
** Event #310846   t=123.272989716298   Elapsed: 0.031716s (0m 00s)
     Speed:     ev/sec=9.80278e+06   simsec/sec=3887.51   ev/simsec=2521.61
     Messages:  created: 2   present: 2   in FES: 1

<!> Simulation stopped with endSimulation() -- in module (ScheduledAccessQueue) DectScheduledAccessNetwork.queue (id=2), at t=123.272989716298s, event #310846

Calling finish() at end of Run #514...

Preparing for running configuration MonetecPaperPlot, run #515...
Scenario: $r=50, $rho=0.923, $repetition=2
Assigned runID=MonetecPaperPlot-515-20260929-20:27:03-62
Setting up network "dect2020scheduledaccess.DectScheduledAccessNetwork"...
Initializing...

Running simulation...
** Event #0   t=0   Elapsed: 2.9e-05s (0m 00s)
     Speed:     ev/sec=0   simsec/sec=0   ev/simsec=0
     Messages:  created: 2   present: 2   in FES: 2
** Event #311244   t=123.228473917703   Elapsed: 0.031513s (0m 00s)
     Speed:     ev/sec=9.88735e+06   simsec/sec=3914.61   ev/simsec=2525.76
     Messages:  created: 2   present: 2   in FES: 1

<!> Simulation stopped with endSimulation() -- in module (ScheduledAccessQueue) DectScheduledAccessNetwork.queue (id=2), at t=123.228473917703s, event #311244

Calling finish() at end of Run #515...

Preparing for running configuration MonetecPaperPlot, run #516...
Scenario: $r=50, $rho=1.006, $repetition=0
Assigned runID=MonetecPaperPlot-516-20260929-20:27:03-62
Setting up network "dect2020scheduledaccess.DectScheduledAccessNetwork"...
Initializing...

Running simulation...
** Event #0   t=0   Elapsed: 4e-06s (0m 00s)
     Speed:     ev/sec=0   simsec/sec=0   ev/simsec=0
     Messages:  created: 2   present: 2   in FES: 2
** Event #334726   t=123.116127849375   Elapsed: 0.034163s (0m 00s)
     Speed:     ev/sec=9.80049e+06   simsec/sec=3604.72   ev/simsec=2718.79
     Messages:  created: 2   present: 2   in FES: 1

<!> Simulation stopped with endSimulation() -- in module (ScheduledAccessQueue) DectScheduledAccessNetwork.queue (id=2), at t=123.116127849375s, event #334726

Calling finish() at end of Run #516...

Preparing for running configuration MonetecPaperPlot, run #517...
Scenario: $r=50, $rho=1.006, $repetition=1
Assigned runID=MonetecPaperPlot-517-20260929-20:27:03-62
Setting up network "dect2020scheduledaccess.DectScheduledAccessNetwork"...
Initializing...

Running simulation...
** Event #0   t=0   Elapsed: 2.1e-05s (0m 00s)
     Speed:     ev/sec=0   simsec/sec=0   ev/simsec=0
     Messages:  created: 2   present: 2   in FES: 2
** Event #334738   t=123.189856964122   Elapsed: 0.033807s (0m 00s)
     Speed:     ev/sec=9.90935e+06   simsec/sec=3646.83   ev/simsec=2717.25
     Messages:  created: 2   present: 2   in FES: 1

<!> Simulation stopped with endSimulation() -- in module (ScheduledAccessQueue) DectScheduledAccessNetwork.queue (id=2), at t=123.189856964122s, event #334738

Calling finish() at end of Run #517...

Preparing for running configuration MonetecPaperPlot, run #518...
Scenario: $r=50, $rho=1.006, $repetition=2
Assigned runID=MonetecPaperPlot-518-20260929-20:27:03-62
Setting up network "dect2020scheduledaccess.DectScheduledAccessNetwork"...
Initializing...

Running simulation...
** Event #0   t=0   Elapsed: 3.1e-05s (0m 00s)
     Speed:     ev/sec=0   simsec/sec=0   ev/simsec=0
     Messages:  created: 2   present: 2   in FES: 2
** Event #335004   t=123.065357650947   Elapsed: 0.034243s (0m 00s)
     Speed:     ev/sec=9.79315e+06   simsec/sec=3597.55   ev/simsec=2722.17
     Messages:  created: 2   present: 2   in FES: 1

<!> Simulation stopped with endSimulation() -- in module (ScheduledAccessQueue) DectScheduledAccessNetwork.queue (id=2), at t=123.065357650947s, event #335004

Calling finish() at end of Run #518...

Preparing for running configuration MonetecPaperPlot, run #519...
Scenario: $r=50, $rho=1.089, $repetition=0
Assigned runID=MonetecPaperPlot-519-20260929-20:27:03-62
Setting up network "dect2020scheduledaccess.DectScheduledAccessNetwork"...
Initializing...

Running simulation...
** Event #0   t=0   Elapsed: 3.3e-05s (0m 00s)
     Speed:     ev/sec=0   simsec/sec=0   ev/simsec=0
     Messages:  created: 2   present: 2   in FES: 2
** Event #359490   t=123.205924759395   Elapsed: 0.036326s (0m 00s)
     Speed:     ev/sec=9.90631e+06   simsec/sec=3395.13   ev/simsec=2917.8
     Messages:  created: 2   present: 2   in FES: 1

<!> Simulation stopped with endSimulation() -- in module (ScheduledAccessQueue) DectScheduledAccessNetwork.queue (id=2), at t=123.205924759395s, event #359490

Calling finish() at end of Run #519...

Preparing for running configuration MonetecPaperPlot, run #520...
Scenario: $r=50, $rho=1.089, $repetition=1
Assigned runID=MonetecPaperPlot-520-20260929-20:27:03-62
Setting up network "dect2020scheduledaccess.DectScheduledAccessNetwork"...
Initializing...

Running simulation...
** Event #0   t=0   Elapsed: 5e-06s (0m 00s)
     Speed:     ev/sec=0   simsec/sec=0   ev/simsec=0
     Messages:  created: 2   present: 2   in FES: 2
** Event #359310   t=123.228654313603   Elapsed: 0.036672s (0m 00s)
     Speed:     ev/sec=9.80061e+06   simsec/sec=3361.21   ev/simsec=2915.8
     Messages:  created: 2   present: 2   in FES: 1

<!> Simulation stopped with endSimulation() -- in module (ScheduledAccessQueue) DectScheduledAccessNetwork.queue (id=2), at t=123.228654313603s, event #359310

Calling finish() at end of Run #520...

Preparing for running configuration MonetecPaperPlot, run #521...
Scenario: $r=50, $rho=1.089, $repetition=2
Assigned runID=MonetecPaperPlot-521-20260929-20:27:03-62
Setting up network "dect2020scheduledaccess.DectScheduledAccessNetwork"...
Initializing...

Running simulation...
** Event #0   t=0   Elapsed: 5e-06s (0m 00s)
     Speed:     ev/sec=0   simsec/sec=0   ev/simsec=0
     Messages:  created: 2   present: 2   in FES: 2
** Event #359373   t=123.046201162265   Elapsed: 0.036434s (0m 00s)
     Speed:     ev/sec=9.86584e+06   simsec/sec=3377.98   ev/simsec=2920.64
     Messages:  created: 2   present: 2   in FES: 1

<!> Simulation stopped with endSimulation() -- in module (ScheduledAccessQueue) DectScheduledAccessNetwork.queue (id=2), at t=123.046201162265s, event #359373

Calling finish() at end of Run #521...

Preparing for running configuration MonetecPaperPlot, run #522...
Scenario: $r=50, $rho=1.172, $repetition=0
Assigned runID=MonetecPaperPlot-522-20260929-20:27:03-62
Setting up network "dect2020scheduledaccess.DectScheduledAccessNetwork"...
Initializing...

Running simulation...
** Event #0   t=0   Elapsed: 6e-06s (0m 00s)
     Speed:     ev/sec=0   simsec/sec=0   ev/simsec=0
     Messages:  created: 2   present: 2   in FES: 2
** Event #384508   t=123.308200425373   Elapsed: 0.039367s (0m 00s)
     Speed:     ev/sec=9.7695e+06   simsec/sec=3132.98   ev/simsec=3118.27
     Messages:  created: 2   present: 2   in FES: 1

<!> Simulation stopped with endSimulation() -- in module (ScheduledAccessQueue) DectScheduledAccessNetwork.queue (id=2), at t=123.308200425373s, event #384508

Calling finish() at end of Run #522...

Preparing for running configuration MonetecPaperPlot, run #523...
Scenario: $r=50, $rho=1.172, $repetition=1
Assigned runID=MonetecPaperPlot-523-20260929-20:27:03-62
Setting up network "dect2020scheduledaccess.DectScheduledAccessNetwork"...
Initializing...

Running simulation...
** Event #0   t=0   Elapsed: 2.3e-05s (0m 00s)
     Speed:     ev/sec=0   simsec/sec=0   ev/simsec=0
     Messages:  created: 2   present: 2   in FES: 2
** Event #383555   t=123.137624345295   Elapsed: 0.039148s (0m 00s)
     Speed:     ev/sec=9.80483e+06   simsec/sec=3147.77   ev/simsec=3114.85
     Messages:  created: 2   present: 2   in FES: 1

<!> Simulation stopped with endSimulation() -- in module (ScheduledAccessQueue) DectScheduledAccessNetwork.queue (id=2), at t=123.137624345295s, event #383555

Calling finish() at end of Run #523...

Preparing for running configuration MonetecPaperPlot, run #524...
Scenario: $r=50, $rho=1.172, $repetition=2
Assigned runID=MonetecPaperPlot-524-20260929-20:27:03-62
Setting up network "dect2020scheduledaccess.DectScheduledAccessNetwork"...
Initializing...

Running simulation...
** Event #0   t=0   Elapsed: 5e-06s (0m 00s)
     Speed:     ev/sec=0   simsec/sec=0   ev/simsec=0
     Messages:  created: 2   present: 2   in FES: 2
** Event #384948   t=123.200947461435   Elapsed: 0.039252s (0m 00s)
     Speed:     ev/sec=9.80959e+06   simsec/sec=3139.51   ev/simsec=3124.56
     Messages:  created: 2   present: 2   in FES: 1

<!> Simulation stopped with endSimulation() -- in module (ScheduledAccessQueue) DectScheduledAccessNetwork.queue (id=2), at t=123.200947461435s, event #384948

Calling finish() at end of Run #524...

Preparing for running configuration MonetecPaperPlot, run #525...
Scenario: $r=50, $rho=1.255, $repetition=0
Assigned runID=MonetecPaperPlot-525-20260929-20:27:03-62
Setting up network "dect2020scheduledaccess.DectScheduledAccessNetwork"...
Initializing...

Running simulation...
** Event #0   t=0   Elapsed: 4e-06s (0m 00s)
     Speed:     ev/sec=0   simsec/sec=0   ev/simsec=0
     Messages:  created: 2   present: 2   in FES: 2
** Event #408304   t=123.162372025303   Elapsed: 0.041193s (0m 00s)
     Speed:     ev/sec=9.91366e+06   simsec/sec=2990.39   ev/simsec=3315.17
     Messages:  created: 2   present: 2   in FES: 1

<!> Simulation stopped with endSimulation() -- in module (ScheduledAccessQueue) DectScheduledAccessNetwork.queue (id=2), at t=123.162372025303s, event #408304

Calling finish() at end of Run #525...

Preparing for running configuration MonetecPaperPlot, run #526...
Scenario: $r=50, $rho=1.255, $repetition=1
Assigned runID=MonetecPaperPlot-526-20260929-20:27:03-62
Setting up network "dect2020scheduledaccess.DectScheduledAccessNetwork"...
Initializing...

Running simulation...
** Event #0   t=0   Elapsed: 4e-06s (0m 00s)
     Speed:     ev/sec=0   simsec/sec=0   ev/simsec=0
     Messages:  created: 2   present: 2   in FES: 2
** Event #408667   t=123.203518254083   Elapsed: 0.041623s (0m 00s)
     Speed:     ev/sec=9.82066e+06   simsec/sec=2960.7   ev/simsec=3317.01
     Messages:  created: 2   present: 2   in FES: 1

<!> Simulation stopped with endSimulation() -- in module (ScheduledAccessQueue) DectScheduledAccessNetwork.queue (id=2), at t=123.203518254083s, event #408667

Calling finish() at end of Run #526...

Preparing for running configuration MonetecPaperPlot, run #527...
Scenario: $r=50, $rho=1.255, $repetition=2
Assigned runID=MonetecPaperPlot-527-20260929-20:27:03-62
Setting up network "dect2020scheduledaccess.DectScheduledAccessNetwork"...
Initializing...

Running simulation...
** Event #0   t=0   Elapsed: 4e-06s (0m 00s)
     Speed:     ev/sec=0   simsec/sec=0   ev/simsec=0
     Messages:  created: 2   present: 2   in FES: 2
** Event #408566   t=123.071106809018   Elapsed: 0.041762s (0m 00s)
     Speed:     ev/sec=9.78554e+06   simsec/sec=2947.67   ev/simsec=3319.76
     Messages:  created: 2   present: 2   in FES: 1

<!> Simulation stopped with endSimulation() -- in module (ScheduledAccessQueue) DectScheduledAccessNetwork.queue (id=2), at t=123.071106809018s, event #408566

Calling finish() at end of Run #527...

Preparing for running configuration MonetecPaperPlot, run #528...
Scenario: $r=50, $rho=1.338, $repetition=0
Assigned runID=MonetecPaperPlot-528-20260929-20:27:04-62
Setting up network "dect2020scheduledaccess.DectScheduledAccessNetwork"...
Initializing...

Running simulation...
** Event #0   t=0   Elapsed: 5e-06s (0m 00s)
     Speed:     ev/sec=0   simsec/sec=0   ev/simsec=0
     Messages:  created: 2   present: 2   in FES: 2
** Event #432516   t=123.142881933379   Elapsed: 0.043908s (0m 00s)
     Speed:     ev/sec=9.85275e+06   simsec/sec=2805.2   ev/simsec=3512.31
     Messages:  created: 2   present: 2   in FES: 1

<!> Simulation stopped with endSimulation() -- in module (ScheduledAccessQueue) DectScheduledAccessNetwork.queue (id=2), at t=123.142881933379s, event #432516

Calling finish() at end of Run #528...

Preparing for running configuration MonetecPaperPlot, run #529...
Scenario: $r=50, $rho=1.338, $repetition=1
Assigned runID=MonetecPaperPlot-529-20260929-20:27:04-62
Setting up network "dect2020scheduledaccess.DectScheduledAccessNetwork"...
Initializing...

Running simulation...
** Event #0   t=0   Elapsed: 1.7e-05s (0m 00s)
     Speed:     ev/sec=0   simsec/sec=0   ev/simsec=0
     Messages:  created: 2   present: 2   in FES: 2
** Event #433884   t=123.32952936805   Elapsed: 0.044503s (0m 00s)
     Speed:     ev/sec=9.75459e+06   simsec/sec=2772.69   ev/simsec=3518.09
     Messages:  created: 2   present: 2   in FES: 1

<!> Simulation stopped with endSimulation() -- in module (ScheduledAccessQueue) DectScheduledAccessNetwork.queue (id=2), at t=123.32952936805s, event #433884

Calling finish() at end of Run #529...

Preparing for running configuration MonetecPaperPlot, run #530...
Scenario: $r=50, $rho=1.338, $repetition=2
Assigned runID=MonetecPaperPlot-530-20260929-20:27:04-62
Setting up network "dect2020scheduledaccess.DectScheduledAccessNetwork"...
Initializing...

Running simulation...
** Event #0   t=0   Elapsed: 4e-06s (0m 00s)
     Speed:     ev/sec=0   simsec/sec=0   ev/simsec=0
     Messages:  created: 2   present: 2   in FES: 2
** Event #433028   t=123.11069454831   Elapsed: 0.044391s (0m 00s)
     Speed:     ev/sec=9.75662e+06   simsec/sec=2773.82   ev/simsec=3517.39
     Messages:  created: 2   present: 2   in FES: 1

<!> Simulation stopped with endSimulation() -- in module (ScheduledAccessQueue) DectScheduledAccessNetwork.queue (id=2), at t=123.11069454831s, event #433028

Calling finish() at end of Run #530...

Preparing for running configuration MonetecPaperPlot, run #531...
Scenario: $r=50, $rho=1.421, $repetition=0
Assigned runID=MonetecPaperPlot-531-20260929-20:27:04-62
Setting up network "dect2020scheduledaccess.DectScheduledAccessNetwork"...
Initializing...

Running simulation...
** Event #0   t=0   Elapsed: 4e-06s (0m 00s)
     Speed:     ev/sec=0   simsec/sec=0   ev/simsec=0
     Messages:  created: 2   present: 2   in FES: 2
** Event #457577   t=123.226158390416   Elapsed: 0.046681s (0m 00s)
     Speed:     ev/sec=9.80389e+06   simsec/sec=2640.2   ev/simsec=3713.31
     Messages:  created: 2   present: 2   in FES: 1

<!> Simulation stopped with endSimulation() -- in module (ScheduledAccessQueue) DectScheduledAccessNetwork.queue (id=2), at t=123.226158390416s, event #457577

Calling finish() at end of Run #531...

Preparing for running configuration MonetecPaperPlot, run #532...
Scenario: $r=50, $rho=1.421, $repetition=1
Assigned runID=MonetecPaperPlot-532-20260929-20:27:04-62
Setting up network "dect2020scheduledaccess.DectScheduledAccessNetwork"...
Initializing...

Running simulation...
** Event #0   t=0   Elapsed: 2.4e-05s (0m 00s)
     Speed:     ev/sec=0   simsec/sec=0   ev/simsec=0
     Messages:  created: 2   present: 2   in FES: 2
** Event #456885   t=123.050208019577   Elapsed: 0.046427s (0m 00s)
     Speed:     ev/sec=9.84708e+06   simsec/sec=2652.06   ev/simsec=3713
     Messages:  created: 2   present: 2   in FES: 1

<!> Simulation stopped with endSimulation() -- in module (ScheduledAccessQueue) DectScheduledAccessNetwork.queue (id=2), at t=123.050208019577s, event #456885

Calling finish() at end of Run #532...

Preparing for running configuration MonetecPaperPlot, run #533...
Scenario: $r=50, $rho=1.421, $repetition=2
Assigned runID=MonetecPaperPlot-533-20260929-20:27:04-62
Setting up network "dect2020scheduledaccess.DectScheduledAccessNetwork"...
Initializing...

Running simulation...
** Event #0   t=0   Elapsed: 2.3e-05s (0m 00s)
     Speed:     ev/sec=0   simsec/sec=0   ev/simsec=0
     Messages:  created: 2   present: 2   in FES: 2
** Event #457440   t=123.122233560814   Elapsed: 0.047411s (0m 00s)
     Speed:     ev/sec=9.65389e+06   simsec/sec=2598.39   ev/simsec=3715.34
     Messages:  created: 2   present: 2   in FES: 1

<!> Simulation stopped with endSimulation() -- in module (ScheduledAccessQueue) DectScheduledAccessNetwork.queue (id=2), at t=123.122233560814s, event #457440

Calling finish() at end of Run #533...

Preparing for running configuration MonetecPaperPlot, run #534...
Scenario: $r=50, $rho=1.504, $repetition=0
Assigned runID=MonetecPaperPlot-534-20260929-20:27:04-62
Setting up network "dect2020scheduledaccess.DectScheduledAccessNetwork"...
Initializing...

Running simulation...
** Event #0   t=0   Elapsed: 4e-06s (0m 00s)
     Speed:     ev/sec=0   simsec/sec=0   ev/simsec=0
     Messages:  created: 2   present: 2   in FES: 2
** Event #481609   t=123.110735300742   Elapsed: 0.048863s (0m 00s)
     Speed:     ev/sec=9.85833e+06   simsec/sec=2520.02   ev/simsec=3912.01
     Messages:  created: 2   present: 2   in FES: 1

<!> Simulation stopped with endSimulation() -- in module (ScheduledAccessQueue) DectScheduledAccessNetwork.queue (id=2), at t=123.110735300742s, event #481609

Calling finish() at end of Run #534...

Preparing for running configuration MonetecPaperPlot, run #535...
Scenario: $r=50, $rho=1.504, $repetition=1
Assigned runID=MonetecPaperPlot-535-20260929-20:27:04-62
Setting up network "dect2020scheduledaccess.DectScheduledAccessNetwork"...
Initializing...

Running simulation...
** Event #0   t=0   Elapsed: 3.1e-05s (0m 00s)
     Speed:     ev/sec=0   simsec/sec=0   ev/simsec=0
     Messages:  created: 2   present: 2   in FES: 2
** Event #482102   t=123.191049868633   Elapsed: 0.048542s (0m 00s)
     Speed:     ev/sec=9.93861e+06   simsec/sec=2539.6   ev/simsec=3913.45
     Messages:  created: 2   present: 2   in FES: 1

<!> Simulation stopped with endSimulation() -- in module (ScheduledAccessQueue) DectScheduledAccessNetwork.queue (id=2), at t=123.191049868633s, event #482102

Calling finish() at end of Run #535...

Preparing for running configuration MonetecPaperPlot, run #536...
Scenario: $r=50, $rho=1.504, $repetition=2
Assigned runID=MonetecPaperPlot-536-20260929-20:27:04-62
Setting up network "dect2020scheduledaccess.DectScheduledAccessNetwork"...
Initializing...

Running simulation...
** Event #0   t=0   Elapsed: 6e-06s (0m 00s)
     Speed:     ev/sec=0   simsec/sec=0   ev/simsec=0
     Messages:  created: 2   present: 2   in FES: 2
** Event #482017   t=123.124423572648   Elapsed: 0.04906s (0m 00s)
     Speed:     ev/sec=9.82725e+06   simsec/sec=2510.23   ev/simsec=3914.88
     Messages:  created: 2   present: 2   in FES: 1

<!> Simulation stopped with endSimulation() -- in module (ScheduledAccessQueue) DectScheduledAccessNetwork.queue (id=2), at t=123.124423572648s, event #482017

Calling finish() at end of Run #536...

Preparing for running configuration MonetecPaperPlot, run #537...
Scenario: $r=50, $rho=1.587, $repetition=0
Assigned runID=MonetecPaperPlot-537-20260929-20:27:04-62
Setting up network "dect2020scheduledaccess.DectScheduledAccessNetwork"...
Initializing...

Running simulation...
** Event #0   t=0   Elapsed: 5e-06s (0m 00s)
     Speed:     ev/sec=0   simsec/sec=0   ev/simsec=0
     Messages:  created: 2   present: 2   in FES: 2
** Event #506306   t=123.1184949956   Elapsed: 0.051234s (0m 00s)
     Speed:     ev/sec=9.88416e+06   simsec/sec=2403.53   ev/simsec=4112.35
     Messages:  created: 2   present: 2   in FES: 1

<!> Simulation stopped with endSimulation() -- in module (ScheduledAccessQueue) DectScheduledAccessNetwork.queue (id=2), at t=123.1184949956s, event #506306

Calling finish() at end of Run #537...

Preparing for running configuration MonetecPaperPlot, run #538...
Scenario: $r=50, $rho=1.587, $repetition=1
Assigned runID=MonetecPaperPlot-538-20260929-20:27:04-62
Setting up network "dect2020scheduledaccess.DectScheduledAccessNetwork"...
Initializing...

Running simulation...
** Event #0   t=0   Elapsed: 2.2e-05s (0m 00s)
     Speed:     ev/sec=0   simsec/sec=0   ev/simsec=0
     Messages:  created: 2   present: 2   in FES: 2
** Event #506642   t=123.183778038063   Elapsed: 0.051453s (0m 00s)
     Speed:     ev/sec=9.85148e+06   simsec/sec=2395.26   ev/simsec=4112.9
     Messages:  created: 2   present: 2   in FES: 1

<!> Simulation stopped with endSimulation() -- in module (ScheduledAccessQueue) DectScheduledAccessNetwork.queue (id=2), at t=123.183778038063s, event #506642

Calling finish() at end of Run #538...

Preparing for running configuration MonetecPaperPlot, run #539...
Scenario: $r=50, $rho=1.587, $repetition=2
Assigned runID=MonetecPaperPlot-539-20260929-20:27:04-62
Setting up network "dect2020scheduledaccess.DectScheduledAccessNetwork"...
Initializing...

Running simulation...
** Event #0   t=0   Elapsed: 3e-05s (0m 00s)
     Speed:     ev/sec=0   simsec/sec=0   ev/simsec=0
     Messages:  created: 2   present: 2   in FES: 2
** Event #507076   t=123.162146019997   Elapsed: 0.051479s (0m 00s)
     Speed:     ev/sec=9.85685e+06   simsec/sec=2394.1   ev/simsec=4117.15
     Messages:  created: 2   present: 2   in FES: 1

<!> Simulation stopped with endSimulation() -- in module (ScheduledAccessQueue) DectScheduledAccessNetwork.queue (id=2), at t=123.162146019997s, event #507076

Calling finish() at end of Run #539...

Preparing for running configuration MonetecPaperPlot, run #540...
Scenario: $r=50, $rho=1.670, $repetition=0
Assigned runID=MonetecPaperPlot-540-20260929-20:27:04-62
Setting up network "dect2020scheduledaccess.DectScheduledAccessNetwork"...
Initializing...

Running simulation...
** Event #0   t=0   Elapsed: 4e-06s (0m 00s)
     Speed:     ev/sec=0   simsec/sec=0   ev/simsec=0
     Messages:  created: 2   present: 2   in FES: 2
** Event #531827   t=123.223068259346   Elapsed: 0.05384s (0m 00s)
     Speed:     ev/sec=9.87975e+06   simsec/sec=2289.11   ev/simsec=4315.97
     Messages:  created: 2   present: 2   in FES: 1

<!> Simulation stopped with endSimulation() -- in module (ScheduledAccessQueue) DectScheduledAccessNetwork.queue (id=2), at t=123.223068259346s, event #531827

Calling finish() at end of Run #540...

Preparing for running configuration MonetecPaperPlot, run #541...
Scenario: $r=50, $rho=1.670, $repetition=1
Assigned runID=MonetecPaperPlot-541-20260929-20:27:04-62
Setting up network "dect2020scheduledaccess.DectScheduledAccessNetwork"...
Initializing...

Running simulation...
** Event #0   t=0   Elapsed: 6e-06s (0m 00s)
     Speed:     ev/sec=0   simsec/sec=0   ev/simsec=0
     Messages:  created: 2   present: 2   in FES: 2
** Event #531065   t=123.16679688357   Elapsed: 0.053644s (0m 00s)
     Speed:     ev/sec=9.90146e+06   simsec/sec=2296.39   ev/simsec=4311.76
     Messages:  created: 2   present: 2   in FES: 1

<!> Simulation stopped with endSimulation() -- in module (ScheduledAccessQueue) DectScheduledAccessNetwork.queue (id=2), at t=123.16679688357s, event #531065

Calling finish() at end of Run #541...

Preparing for running configuration MonetecPaperPlot, run #542...
Scenario: $r=50, $rho=1.670, $repetition=2
Assigned runID=MonetecPaperPlot-542-20260929-20:27:04-62
Setting up network "dect2020scheduledaccess.DectScheduledAccessNetwork"...
Initializing...

Running simulation...
** Event #0   t=0   Elapsed: 4e-06s (0m 00s)
     Speed:     ev/sec=0   simsec/sec=0   ev/simsec=0
     Messages:  created: 2   present: 2   in FES: 2
** Event #532243   t=123.235153250005   Elapsed: 0.054142s (0m 00s)
     Speed:     ev/sec=9.83214e+06   simsec/sec=2276.52   ev/simsec=4318.93
     Messages:  created: 2   present: 2   in FES: 1

<!> Simulation stopped with endSimulation() -- in module (ScheduledAccessQueue) DectScheduledAccessNetwork.queue (id=2), at t=123.235153250005s, event #532243

Calling finish() at end of Run #542...

Preparing for running configuration MonetecPaperPlot, run #543...
Scenario: $r=50, $rho=1.753, $repetition=0
Assigned runID=MonetecPaperPlot-543-20260929-20:27:04-62
Setting up network "dect2020scheduledaccess.DectScheduledAccessNetwork"...
Initializing...

Running simulation...
** Event #0   t=0   Elapsed: 4e-06s (0m 00s)
     Speed:     ev/sec=0   simsec/sec=0   ev/simsec=0
     Messages:  created: 2   present: 2   in FES: 2
** Event #556105   t=123.130652530164   Elapsed: 0.056056s (0m 00s)
     Speed:     ev/sec=9.92194e+06   simsec/sec=2196.88   ev/simsec=4516.39
     Messages:  created: 2   present: 2   in FES: 1

<!> Simulation stopped with endSimulation() -- in module (ScheduledAccessQueue) DectScheduledAccessNetwork.queue (id=2), at t=123.130652530164s, event #556105

Calling finish() at end of Run #543...

Preparing for running configuration MonetecPaperPlot, run #544...
Scenario: $r=50, $rho=1.753, $repetition=1
Assigned runID=MonetecPaperPlot-544-20260929-20:27:04-62
Setting up network "dect2020scheduledaccess.DectScheduledAccessNetwork"...
Initializing...

Running simulation...
** Event #0   t=0   Elapsed: 3.1e-05s (0m 00s)
     Speed:     ev/sec=0   simsec/sec=0   ev/simsec=0
     Messages:  created: 2   present: 2   in FES: 2
** Event #555351   t=123.149840059115   Elapsed: 0.055967s (0m 00s)
     Speed:     ev/sec=9.92904e+06   simsec/sec=2201.78   ev/simsec=4509.56
     Messages:  created: 2   present: 2   in FES: 1

<!> Simulation stopped with endSimulation() -- in module (ScheduledAccessQueue) DectScheduledAccessNetwork.queue (id=2), at t=123.149840059115s, event #555351

Calling finish() at end of Run #544...

Preparing for running configuration MonetecPaperPlot, run #545...
Scenario: $r=50, $rho=1.753, $repetition=2
Assigned runID=MonetecPaperPlot-545-20260929-20:27:04-62
Setting up network "dect2020scheduledaccess.DectScheduledAccessNetwork"...
Initializing...

Running simulation...
** Event #0   t=0   Elapsed: 2.1e-05s (0m 00s)
     Speed:     ev/sec=0   simsec/sec=0   ev/simsec=0
     Messages:  created: 2   present: 2   in FES: 2
** Event #556671   t=123.215736090802   Elapsed: 0.0563s (0m 00s)
     Speed:     ev/sec=9.89198e+06   simsec/sec=2189.52   ev/simsec=4517.87
     Messages:  created: 2   present: 2   in FES: 1

<!> Simulation stopped with endSimulation() -- in module (ScheduledAccessQueue) DectScheduledAccessNetwork.queue (id=2), at t=123.215736090802s, event #556671

Calling finish() at end of Run #545...

Preparing for running configuration MonetecPaperPlot, run #546...
Scenario: $r=50, $rho=1.836, $repetition=0
Assigned runID=MonetecPaperPlot-546-20260929-20:27:04-62
Setting up network "dect2020scheduledaccess.DectScheduledAccessNetwork"...
Initializing...

Running simulation...
** Event #0   t=0   Elapsed: 5e-06s (0m 00s)
     Speed:     ev/sec=0   simsec/sec=0   ev/simsec=0
     Messages:  created: 2   present: 2   in FES: 2
** Event #580556   t=123.146821714712   Elapsed: 0.058378s (0m 00s)
     Speed:     ev/sec=9.94614e+06   simsec/sec=2109.76   ev/simsec=4714.34
     Messages:  created: 2   present: 2   in FES: 1

<!> Simulation stopped with endSimulation() -- in module (ScheduledAccessQueue) DectScheduledAccessNetwork.queue (id=2), at t=123.146821714712s, event #580556

Calling finish() at end of Run #546...

Preparing for running configuration MonetecPaperPlot, run #547...
Scenario: $r=50, $rho=1.836, $repetition=1
Assigned runID=MonetecPaperPlot-547-20260929-20:27:05-62
Setting up network "dect2020scheduledaccess.DectScheduledAccessNetwork"...
Initializing...

Running simulation...
** Event #0   t=0   Elapsed: 4e-06s (0m 00s)
     Speed:     ev/sec=0   simsec/sec=0   ev/simsec=0
     Messages:  created: 2   present: 2   in FES: 2
** Event #580251   t=123.201470262937   Elapsed: 0.058179s (0m 00s)
     Speed:     ev/sec=9.97509e+06   simsec/sec=2117.95   ev/simsec=4709.78
     Messages:  created: 2   present: 2   in FES: 1

<!> Simulation stopped with endSimulation() -- in module (ScheduledAccessQueue) DectScheduledAccessNetwork.queue (id=2), at t=123.201470262937s, event #580251

Calling finish() at end of Run #547...

Preparing for running configuration MonetecPaperPlot, run #548...
Scenario: $r=50, $rho=1.836, $repetition=2
Assigned runID=MonetecPaperPlot-548-20260929-20:27:05-62
Setting up network "dect2020scheduledaccess.DectScheduledAccessNetwork"...
Initializing...

Running simulation...
** Event #0   t=0   Elapsed: 2.8e-05s (0m 00s)
     Speed:     ev/sec=0   simsec/sec=0   ev/simsec=0
     Messages:  created: 2   present: 2   in FES: 2
** Event #580982   t=123.173847705585   Elapsed: 0.058601s (0m 00s)
     Speed:     ev/sec=9.91979e+06   simsec/sec=2103.09   ev/simsec=4716.77
     Messages:  created: 2   present: 2   in FES: 1

<!> Simulation stopped with endSimulation() -- in module (ScheduledAccessQueue) DectScheduledAccessNetwork.queue (id=2), at t=123.173847705585s, event #580982

Calling finish() at end of Run #548...

Preparing for running configuration MonetecPaperPlot, run #549...
Scenario: $r=50, $rho=1.919, $repetition=0
Assigned runID=MonetecPaperPlot-549-20260929-20:27:05-62
Setting up network "dect2020scheduledaccess.DectScheduledAccessNetwork"...
Initializing...

Running simulation...
** Event #0   t=0   Elapsed: 1.7e-05s (0m 00s)
     Speed:     ev/sec=0   simsec/sec=0   ev/simsec=0
     Messages:  created: 2   present: 2   in FES: 2
** Event #605777   t=123.234694098686   Elapsed: 0.060894s (0m 00s)
     Speed:     ev/sec=9.95182e+06   simsec/sec=2024.52   ev/simsec=4915.64
     Messages:  created: 2   present: 2   in FES: 1

<!> Simulation stopped with endSimulation() -- in module (ScheduledAccessQueue) DectScheduledAccessNetwork.queue (id=2), at t=123.234694098686s, event #605777

Calling finish() at end of Run #549...

Preparing for running configuration MonetecPaperPlot, run #550...
Scenario: $r=50, $rho=1.919, $repetition=1
Assigned runID=MonetecPaperPlot-550-20260929-20:27:05-62
Setting up network "dect2020scheduledaccess.DectScheduledAccessNetwork"...
Initializing...

Running simulation...
** Event #0   t=0   Elapsed: 5e-06s (0m 00s)
     Speed:     ev/sec=0   simsec/sec=0   ev/simsec=0
     Messages:  created: 2   present: 2   in FES: 2
** Event #604779   t=123.203391154212   Elapsed: 0.060702s (0m 00s)
     Speed:     ev/sec=9.9644e+06   simsec/sec=2029.9   ev/simsec=4908.8
     Messages:  created: 2   present: 2   in FES: 1

<!> Simulation stopped with endSimulation() -- in module (ScheduledAccessQueue) DectScheduledAccessNetwork.queue (id=2), at t=123.203391154212s, event #604779

Calling finish() at end of Run #550...

Preparing for running configuration MonetecPaperPlot, run #551...
Scenario: $r=50, $rho=1.919, $repetition=2
Assigned runID=MonetecPaperPlot-551-20260929-20:27:05-62
Setting up network "dect2020scheduledaccess.DectScheduledAccessNetwork"...
Initializing...

Running simulation...
** Event #0   t=0   Elapsed: 4e-06s (0m 00s)
     Speed:     ev/sec=0   simsec/sec=0   ev/simsec=0
     Messages:  created: 2   present: 2   in FES: 2
** Event #606090   t=123.221035713437   Elapsed: 0.061196s (0m 00s)
     Speed:     ev/sec=9.9057e+06   simsec/sec=2013.88   ev/simsec=4918.72
     Messages:  created: 2   present: 2   in FES: 1

<!> Simulation stopped with endSimulation() -- in module (ScheduledAccessQueue) DectScheduledAccessNetwork.queue (id=2), at t=123.221035713437s, event #606090

Calling finish() at end of Run #551...

Preparing for running configuration MonetecPaperPlot, run #552...
Scenario: $r=50, $rho=2.002, $repetition=0
Assigned runID=MonetecPaperPlot-552-20260929-20:27:05-62
Setting up network "dect2020scheduledaccess.DectScheduledAccessNetwork"...
Initializing...

Running simulation...
** Event #0   t=0   Elapsed: 5e-06s (0m 00s)
     Speed:     ev/sec=0   simsec/sec=0   ev/simsec=0
     Messages:  created: 2   present: 2   in FES: 2
** Event #629335   t=123.095502724496   Elapsed: 0.06376s (0m 00s)
     Speed:     ev/sec=9.87192e+06   simsec/sec=1930.9   ev/simsec=5112.6
     Messages:  created: 2   present: 2   in FES: 1

<!> Simulation stopped with endSimulation() -- in module (ScheduledAccessQueue) DectScheduledAccessNetwork.queue (id=2), at t=123.095502724496s, event #629335

Calling finish() at end of Run #552...

Preparing for running configuration MonetecPaperPlot, run #553...
Scenario: $r=50, $rho=2.002, $repetition=1
Assigned runID=MonetecPaperPlot-553-20260929-20:27:05-62
Setting up network "dect2020scheduledaccess.DectScheduledAccessNetwork"...
Initializing...

Running simulation...
** Event #0   t=0   Elapsed: 1.9e-05s (0m 00s)
     Speed:     ev/sec=0   simsec/sec=0   ev/simsec=0
     Messages:  created: 2   present: 2   in FES: 2
** Event #629101   t=123.204505754489   Elapsed: 0.064418s (0m 00s)
     Speed:     ev/sec=9.76971e+06   simsec/sec=1913.32   ev/simsec=5106.16
     Messages:  created: 2   present: 2   in FES: 1

<!> Simulation stopped with endSimulation() -- in module (ScheduledAccessQueue) DectScheduledAccessNetwork.queue (id=2), at t=123.204505754489s, event #629101

Calling finish() at end of Run #553...

Preparing for running configuration MonetecPaperPlot, run #554...
Scenario: $r=50, $rho=2.002, $repetition=2
Assigned runID=MonetecPaperPlot-554-20260929-20:27:05-62
Setting up network "dect2020scheduledaccess.DectScheduledAccessNetwork"...
Initializing...

Running simulation...
** Event #0   t=0   Elapsed: 1.6e-05s (0m 00s)
     Speed:     ev/sec=0   simsec/sec=0   ev/simsec=0
     Messages:  created: 2   present: 2   in FES: 2
** Event #630854   t=123.267884325557   Elapsed: 0.064504s (0m 00s)
     Speed:     ev/sec=9.78326e+06   simsec/sec=1911.63   ev/simsec=5117.77
     Messages:  created: 2   present: 2   in FES: 1

<!> Simulation stopped with endSimulation() -- in module (ScheduledAccessQueue) DectScheduledAccessNetwork.queue (id=2), at t=123.267884325557s, event #630854

Calling finish() at end of Run #554...

Preparing for running configuration MonetecPaperPlot, run #555...
Scenario: $r=50, $rho=2.085, $repetition=0
Assigned runID=MonetecPaperPlot-555-20260929-20:27:05-62
Setting up network "dect2020scheduledaccess.DectScheduledAccessNetwork"...
Initializing...

Running simulation...
** Event #0   t=0   Elapsed: 2.4e-05s (0m 00s)
     Speed:     ev/sec=0   simsec/sec=0   ev/simsec=0
     Messages:  created: 2   present: 2   in FES: 2
** Event #653898   t=123.103306637903   Elapsed: 0.065612s (0m 00s)
     Speed:     ev/sec=9.9675e+06   simsec/sec=1876.49   ev/simsec=5311.79
     Messages:  created: 2   present: 2   in FES: 1

<!> Simulation stopped with endSimulation() -- in module (ScheduledAccessQueue) DectScheduledAccessNetwork.queue (id=2), at t=123.103306637903s, event #653898

Calling finish() at end of Run #555...

Preparing for running configuration MonetecPaperPlot, run #556...
Scenario: $r=50, $rho=2.085, $repetition=1
Assigned runID=MonetecPaperPlot-556-20260929-20:27:05-62
Setting up network "dect2020scheduledaccess.DectScheduledAccessNetwork"...
Initializing...

Running simulation...
** Event #0   t=0   Elapsed: 3e-06s (0m 00s)
     Speed:     ev/sec=0   simsec/sec=0   ev/simsec=0
     Messages:  created: 2   present: 2   in FES: 2
** Event #653331   t=123.163747921935   Elapsed: 0.066344s (0m 00s)
     Speed:     ev/sec=9.84896e+06   simsec/sec=1856.69   ev/simsec=5304.58
     Messages:  created: 2   present: 2   in FES: 1

<!> Simulation stopped with endSimulation() -- in module (ScheduledAccessQueue) DectScheduledAccessNetwork.queue (id=2), at t=123.163747921935s, event #653331

Calling finish() at end of Run #556...

Preparing for running configuration MonetecPaperPlot, run #557...
Scenario: $r=50, $rho=2.085, $repetition=2
Assigned runID=MonetecPaperPlot-557-20260929-20:27:05-62
Setting up network "dect2020scheduledaccess.DectScheduledAccessNetwork"...
Initializing...

Running simulation...
** Event #0   t=0   Elapsed: 4e-06s (0m 00s)
     Speed:     ev/sec=0   simsec/sec=0   ev/simsec=0
     Messages:  created: 2   present: 2   in FES: 2
** Event #655191   t=123.194617119905   Elapsed: 0.065948s (0m 00s)
     Speed:     ev/sec=9.93647e+06   simsec/sec=1868.34   ev/simsec=5318.35
     Messages:  created: 2   present: 2   in FES: 1

<!> Simulation stopped with endSimulation() -- in module (ScheduledAccessQueue) DectScheduledAccessNetwork.queue (id=2), at t=123.194617119905s, event #655191

Calling finish() at end of Run #557...

Preparing for running configuration MonetecPaperPlot, run #558...
Scenario: $r=50, $rho=2.168, $repetition=0
Assigned runID=MonetecPaperPlot-558-20260929-20:27:05-62
Setting up network "dect2020scheduledaccess.DectScheduledAccessNetwork"...
Initializing...

Running simulation...
** Event #0   t=0   Elapsed: 4e-06s (0m 00s)
     Speed:     ev/sec=0   simsec/sec=0   ev/simsec=0
     Messages:  created: 2   present: 2   in FES: 2
** Event #679455   t=123.213239254784   Elapsed: 0.068427s (0m 00s)
     Speed:     ev/sec=9.93123e+06   simsec/sec=1800.94   ev/simsec=5514.47
     Messages:  created: 2   present: 2   in FES: 1

<!> Simulation stopped with endSimulation() -- in module (ScheduledAccessQueue) DectScheduledAccessNetwork.queue (id=2), at t=123.213239254784s, event #679455

Calling finish() at end of Run #558...

Preparing for running configuration MonetecPaperPlot, run #559...
Scenario: $r=50, $rho=2.168, $repetition=1
Assigned runID=MonetecPaperPlot-559-20260929-20:27:05-62
Setting up network "dect2020scheduledaccess.DectScheduledAccessNetwork"...
Initializing...

Running simulation...
** Event #0   t=0   Elapsed: 1.9e-05s (0m 00s)
     Speed:     ev/sec=0   simsec/sec=0   ev/simsec=0
     Messages:  created: 2   present: 2   in FES: 2
** Event #677979   t=123.170807869061   Elapsed: 0.068159s (0m 00s)
     Speed:     ev/sec=9.95038e+06   simsec/sec=1807.72   ev/simsec=5504.38
     Messages:  created: 2   present: 2   in FES: 1

<!> Simulation stopped with endSimulation() -- in module (ScheduledAccessQueue) DectScheduledAccessNetwork.queue (id=2), at t=123.170807869061s, event #677979

Calling finish() at end of Run #559...

Preparing for running configuration MonetecPaperPlot, run #560...
Scenario: $r=50, $rho=2.168, $repetition=2
Assigned runID=MonetecPaperPlot-560-20260929-20:27:05-62
Setting up network "dect2020scheduledaccess.DectScheduledAccessNetwork"...
Initializing...

Running simulation...
** Event #0   t=0   Elapsed: 5e-06s (0m 00s)
     Speed:     ev/sec=0   simsec/sec=0   ev/simsec=0
     Messages:  created: 2   present: 2   in FES: 2
** Event #679744   t=123.215406597923   Elapsed: 0.068268s (0m 00s)
     Speed:     ev/sec=9.95831e+06   simsec/sec=1805.12   ev/simsec=5516.71
     Messages:  created: 2   present: 2   in FES: 1

<!> Simulation stopped with endSimulation() -- in module (ScheduledAccessQueue) DectScheduledAccessNetwork.queue (id=2), at t=123.215406597923s, event #679744

Calling finish() at end of Run #560...

Preparing for running configuration MonetecPaperPlot, run #561...
Scenario: $r=50, $rho=2.251, $repetition=0
Assigned runID=MonetecPaperPlot-561-20260929-20:27:05-62
Setting up network "dect2020scheduledaccess.DectScheduledAccessNetwork"...
Initializing...

Running simulation...
** Event #0   t=0   Elapsed: 3e-05s (0m 00s)
     Speed:     ev/sec=0   simsec/sec=0   ev/simsec=0
     Messages:  created: 2   present: 2   in FES: 2
** Event #702796   t=123.07771247236   Elapsed: 0.070422s (0m 00s)
     Speed:     ev/sec=9.9846e+06   simsec/sec=1748.56   ev/simsec=5710.18
     Messages:  created: 2   present: 2   in FES: 1

<!> Simulation stopped with endSimulation() -- in module (ScheduledAccessQueue) DectScheduledAccessNetwork.queue (id=2), at t=123.07771247236s, event #702796

Calling finish() at end of Run #561...

Preparing for running configuration MonetecPaperPlot, run #562...
Scenario: $r=50, $rho=2.251, $repetition=1
Assigned runID=MonetecPaperPlot-562-20260929-20:27:06-62
Setting up network "dect2020scheduledaccess.DectScheduledAccessNetwork"...
Initializing...

Running simulation...
** Event #0   t=0   Elapsed: 5e-06s (0m 00s)
     Speed:     ev/sec=0   simsec/sec=0   ev/simsec=0
     Messages:  created: 2   present: 2   in FES: 2
** Event #702433   t=123.142514262746   Elapsed: 0.070692s (0m 00s)
     Speed:     ev/sec=9.93779e+06   simsec/sec=1742.18   ev/simsec=5704.24
     Messages:  created: 2   present: 2   in FES: 1

<!> Simulation stopped with endSimulation() -- in module (ScheduledAccessQueue) DectScheduledAccessNetwork.queue (id=2), at t=123.142514262746s, event #702433

Calling finish() at end of Run #562...

Preparing for running configuration MonetecPaperPlot, run #563...
Scenario: $r=50, $rho=2.251, $repetition=2
Assigned runID=MonetecPaperPlot-563-20260929-20:27:06-62
Setting up network "dect2020scheduledaccess.DectScheduledAccessNetwork"...
Initializing...

Running simulation...
** Event #0   t=0   Elapsed: 4e-06s (0m 00s)
     Speed:     ev/sec=0   simsec/sec=0   ev/simsec=0
     Messages:  created: 2   present: 2   in FES: 2
** Event #704002   t=123.150327179675   Elapsed: 0.071018s (0m 00s)
     Speed:     ev/sec=9.91426e+06   simsec/sec=1734.29   ev/simsec=5716.61
     Messages:  created: 2   present: 2   in FES: 1

<!> Simulation stopped with endSimulation() -- in module (ScheduledAccessQueue) DectScheduledAccessNetwork.queue (id=2), at t=123.150327179675s, event #704002

Calling finish() at end of Run #563...

Preparing for running configuration MonetecPaperPlot, run #564...
Scenario: $r=50, $rho=2.334, $repetition=0
Assigned runID=MonetecPaperPlot-564-20260929-20:27:06-62
Setting up network "dect2020scheduledaccess.DectScheduledAccessNetwork"...
Initializing...

Running simulation...
** Event #0   t=0   Elapsed: 2.8e-05s (0m 00s)
     Speed:     ev/sec=0   simsec/sec=0   ev/simsec=0
     Messages:  created: 2   present: 2   in FES: 2
** Event #727458   t=123.087269626681   Elapsed: 0.073152s (0m 00s)
     Speed:     ev/sec=9.94896e+06   simsec/sec=1683.38   ev/simsec=5910.1
     Messages:  created: 2   present: 2   in FES: 1

<!> Simulation stopped with endSimulation() -- in module (ScheduledAccessQueue) DectScheduledAccessNetwork.queue (id=2), at t=123.087269626681s, event #727458

Calling finish() at end of Run #564...

Preparing for running configuration MonetecPaperPlot, run #565...
Scenario: $r=50, $rho=2.334, $repetition=1
Assigned runID=MonetecPaperPlot-565-20260929-20:27:06-62
Setting up network "dect2020scheduledaccess.DectScheduledAccessNetwork"...
Initializing...

Running simulation...
** Event #0   t=0   Elapsed: 2.3e-05s (0m 00s)
     Speed:     ev/sec=0   simsec/sec=0   ev/simsec=0
     Messages:  created: 2   present: 2   in FES: 2
** Event #726498   t=123.080552625831   Elapsed: 0.073137s (0m 00s)
     Speed:     ev/sec=9.93719e+06   simsec/sec=1683.52   ev/simsec=5902.62
     Messages:  created: 2   present: 2   in FES: 1

<!> Simulation stopped with endSimulation() -- in module (ScheduledAccessQueue) DectScheduledAccessNetwork.queue (id=2), at t=123.080552625831s, event #726498

Calling finish() at end of Run #565...

Preparing for running configuration MonetecPaperPlot, run #566...
Scenario: $r=50, $rho=2.334, $repetition=2
Assigned runID=MonetecPaperPlot-566-20260929-20:27:06-62
Setting up network "dect2020scheduledaccess.DectScheduledAccessNetwork"...
Initializing...

Running simulation...
** Event #0   t=0   Elapsed: 1.9e-05s (0m 00s)
     Speed:     ev/sec=0   simsec/sec=0   ev/simsec=0
     Messages:  created: 2   present: 2   in FES: 2
** Event #728053   t=123.079873470837   Elapsed: 0.072911s (0m 00s)
     Speed:     ev/sec=9.98852e+06   simsec/sec=1688.59   ev/simsec=5915.29
     Messages:  created: 2   present: 2   in FES: 1

<!> Simulation stopped with endSimulation() -- in module (ScheduledAccessQueue) DectScheduledAccessNetwork.queue (id=2), at t=123.079873470837s, event #728053

Calling finish() at end of Run #566...

Preparing for running configuration MonetecPaperPlot, run #567...
Scenario: $r=50, $rho=2.417, $repetition=0
Assigned runID=MonetecPaperPlot-567-20260929-20:27:06-62
Setting up network "dect2020scheduledaccess.DectScheduledAccessNetwork"...
Initializing...

Running simulation...
** Event #0   t=0   Elapsed: 2.4e-05s (0m 00s)
     Speed:     ev/sec=0   simsec/sec=0   ev/simsec=0
     Messages:  created: 2   present: 2   in FES: 2
** Event #752361   t=123.131669603808   Elapsed: 0.075634s (0m 00s)
     Speed:     ev/sec=9.95147e+06   simsec/sec=1628.66   ev/simsec=6110.22
     Messages:  created: 2   present: 2   in FES: 1

<!> Simulation stopped with endSimulation() -- in module (ScheduledAccessQueue) DectScheduledAccessNetwork.queue (id=2), at t=123.131669603808s, event #752361

Calling finish() at end of Run #567...

Preparing for running configuration MonetecPaperPlot, run #568...
Scenario: $r=50, $rho=2.417, $repetition=1
Assigned runID=MonetecPaperPlot-568-20260929-20:27:06-62
Setting up network "dect2020scheduledaccess.DectScheduledAccessNetwork"...
Initializing...

Running simulation...
** Event #0   t=0   Elapsed: 6e-06s (0m 00s)
     Speed:     ev/sec=0   simsec/sec=0   ev/simsec=0
     Messages:  created: 2   present: 2   in FES: 2
** Event #752450   t=123.239845519527   Elapsed: 0.075423s (0m 00s)
     Speed:     ev/sec=9.97799e+06   simsec/sec=1634.24   ev/simsec=6105.58
     Messages:  created: 2   present: 2   in FES: 1

<!> Simulation stopped with endSimulation() -- in module (ScheduledAccessQueue) DectScheduledAccessNetwork.queue (id=2), at t=123.239845519527s, event #752450

Calling finish() at end of Run #568...

Preparing for running configuration MonetecPaperPlot, run #569...
Scenario: $r=50, $rho=2.417, $repetition=2
Assigned runID=MonetecPaperPlot-569-20260929-20:27:06-62
Setting up network "dect2020scheduledaccess.DectScheduledAccessNetwork"...
Initializing...

Running simulation...
** Event #0   t=0   Elapsed: 5e-06s (0m 00s)
     Speed:     ev/sec=0   simsec/sec=0   ev/simsec=0
     Messages:  created: 2   present: 2   in FES: 2
** Event #752915   t=123.109609816145   Elapsed: 0.075519s (0m 00s)
     Speed:     ev/sec=9.97106e+06   simsec/sec=1630.37   ev/simsec=6115.81
     Messages:  created: 2   present: 2   in FES: 1

<!> Simulation stopped with endSimulation() -- in module (ScheduledAccessQueue) DectScheduledAccessNetwork.queue (id=2), at t=123.109609816145s, event #752915

Calling finish() at end of Run #569...

Preparing for running configuration MonetecPaperPlot, run #570...
Scenario: $r=50, $rho=2.500, $repetition=0
Assigned runID=MonetecPaperPlot-570-20260929-20:27:06-62
Setting up network "dect2020scheduledaccess.DectScheduledAccessNetwork"...
Initializing...

Running simulation...
** Event #0   t=0   Elapsed: 4e-06s (0m 00s)
     Speed:     ev/sec=0   simsec/sec=0   ev/simsec=0
     Messages:  created: 2   present: 2   in FES: 2
** Event #776596   t=123.111258818623   Elapsed: 0.078084s (0m 00s)
     Speed:     ev/sec=9.94679e+06   simsec/sec=1576.83   ev/simsec=6308.09
     Messages:  created: 2   present: 2   in FES: 1

<!> Simulation stopped with endSimulation() -- in module (ScheduledAccessQueue) DectScheduledAccessNetwork.queue (id=2), at t=123.111258818623s, event #776596

Calling finish() at end of Run #570...

Preparing for running configuration MonetecPaperPlot, run #571...
Scenario: $r=50, $rho=2.500, $repetition=1
Assigned runID=MonetecPaperPlot-571-20260929-20:27:06-62
Setting up network "dect2020scheduledaccess.DectScheduledAccessNetwork"...
Initializing...

Running simulation...
** Event #0   t=0   Elapsed: 4e-06s (0m 00s)
     Speed:     ev/sec=0   simsec/sec=0   ev/simsec=0
     Messages:  created: 2   present: 2   in FES: 2
** Event #776555   t=123.195337971522   Elapsed: 0.078021s (0m 00s)
     Speed:     ev/sec=9.95417e+06   simsec/sec=1579.16   ev/simsec=6303.45
     Messages:  created: 2   present: 2   in FES: 1

<!> Simulation stopped with endSimulation() -- in module (ScheduledAccessQueue) DectScheduledAccessNetwork.queue (id=2), at t=123.195337971522s, event #776555

Calling finish() at end of Run #571...

Preparing for running configuration MonetecPaperPlot, run #572...
Scenario: $r=50, $rho=2.500, $repetition=2
Assigned runID=MonetecPaperPlot-572-20260929-20:27:06-62
Setting up network "dect2020scheduledaccess.DectScheduledAccessNetwork"...
Initializing...

Running simulation...
** Event #0   t=0   Elapsed: 4e-06s (0m 00s)
     Speed:     ev/sec=0   simsec/sec=0   ev/simsec=0
     Messages:  created: 2   present: 2   in FES: 2
** Event #777052   t=123.077263789307   Elapsed: 0.077837s (0m 00s)
     Speed:     ev/sec=9.98435e+06   simsec/sec=1581.42   ev/simsec=6313.54
     Messages:  created: 2   present: 2   in FES: 1

<!> Simulation stopped with endSimulation() -- in module (ScheduledAccessQueue) DectScheduledAccessNetwork.queue (id=2), at t=123.077263789307s, event #777052

Calling finish() at end of Run #572...

Preparing for running configuration MonetecPaperPlot, run #573...
Scenario: $r=50, $rho=2.583, $repetition=0
Assigned runID=MonetecPaperPlot-573-20260929-20:27:06-62
Setting up network "dect2020scheduledaccess.DectScheduledAccessNetwork"...
Initializing...

Running simulation...
** Event #0   t=0   Elapsed: 5e-06s (0m 00s)
     Speed:     ev/sec=0   simsec/sec=0   ev/simsec=0
     Messages:  created: 2   present: 2   in FES: 2
** Event #801580   t=123.169447700169   Elapsed: 0.080881s (0m 00s)
     Speed:     ev/sec=9.91159e+06   simsec/sec=1523   ev/simsec=6507.95
     Messages:  created: 2   present: 2   in FES: 1

<!> Simulation stopped with endSimulation() -- in module (ScheduledAccessQueue) DectScheduledAccessNetwork.queue (id=2), at t=123.169447700169s, event #801580

Calling finish() at end of Run #573...

Preparing for running configuration MonetecPaperPlot, run #574...
Scenario: $r=50, $rho=2.583, $repetition=1
Assigned runID=MonetecPaperPlot-574-20260929-20:27:06-62
Setting up network "dect2020scheduledaccess.DectScheduledAccessNetwork"...
Initializing...

Running simulation...
** Event #0   t=0   Elapsed: 5e-06s (0m 00s)
     Speed:     ev/sec=0   simsec/sec=0   ev/simsec=0
     Messages:  created: 2   present: 2   in FES: 2
** Event #801056   t=123.164480524683   Elapsed: 0.080433s (0m 00s)
     Speed:     ev/sec=9.96053e+06   simsec/sec=1531.46   ev/simsec=6503.95
     Messages:  created: 2   present: 2   in FES: 1

<!> Simulation stopped with endSimulation() -- in module (ScheduledAccessQueue) DectScheduledAccessNetwork.queue (id=2), at t=123.164480524683s, event #801056

Calling finish() at end of Run #574...

Preparing for running configuration MonetecPaperPlot, run #575...
Scenario: $r=50, $rho=2.583, $repetition=2
Assigned runID=MonetecPaperPlot-575-20260929-20:27:07-62
Setting up network "dect2020scheduledaccess.DectScheduledAccessNetwork"...
Initializing...

Running simulation...
** Event #0   t=0   Elapsed: 4e-06s (0m 00s)
     Speed:     ev/sec=0   simsec/sec=0   ev/simsec=0
     Messages:  created: 2   present: 2   in FES: 2
** Event #802013   t=123.125993059134   Elapsed: 0.08115s (0m 00s)
     Speed:     ev/sec=9.88431e+06   simsec/sec=1517.45   ev/simsec=6513.78
     Messages:  created: 2   present: 2   in FES: 1

<!> Simulation stopped with endSimulation() -- in module (ScheduledAccessQueue) DectScheduledAccessNetwork.queue (id=2), at t=123.125993059134s, event #802013

Calling finish() at end of Run #575...

Run statistics: total 576, successful 576

End.
