k,seed,fold,feature_count,features,V_pos,V_sign,V_margin,V_eq,V_var,V_w,active_count,slack_sum,slack_max,train_min_live_enri,validation_min_enri,imputed_selected_cells,max_selected_missing,imputer_n_iter,solver_used
3,0,1,3,OFT_distance|Average_speed_NOR1|Learning_T1max,0.0,0.4,0.11544566472321396,0.045011977138216884,0.0045240586469754715,0.022238175024236587,3,0.5445086507929447,0.18217439902458077,0.9365876958692931,0.8997421221053399,1,1,1,OSQP
3,0,2,3,OFT_distance|Average_speed_NOR1|Learning_T1max,0.0,0.1,0.022679202527399536,0.09908185449082098,0.01832589823646811,0.09688680016097426,3,0.6124617275011546,0.21652086207861057,0.5044009846730364,0.6812840870903327,1,1,1,OSQP
3,1,1,3,OFT_distance|Average_speed_NOR1|Learning_T1max,0.0,0.4,0.16302930585837863,0.20010003929608167,2.7387884958610105e-06,0.00031997588311835336,2,0.24422458577596304,0.12780503392762904,0.9986130703377929,0.9993857715024849,1,1,1,OSQP
3,1,2,3,OFT_distance|Average_speed_NOR1|Learning_T1max,0.0,0.3,0.05554747993461231,0.12876655409205803,0.014684029107480519,0.09913574021544072,3,0.2513964364730202,0.09825929989160107,0.4761338517058793,0.6803789678807914,1,1,1,OSQP
3,1,3,3,OFT_distance|Average_speed_NOR1|Learning_T1max,0.06,0.3,0.051745011181408215,82.59674985183042,6697.482413538862,0.04887603334465711,3,0.6193752833305202,0.1649172218420371,0.8551235578219822,-659.654809580219,1,1,1,OSQP
3,2,3,3,OFT_distance|Average_speed_NOR1|Learning_T1max,0.0,0.1,0.0373504179390611,0.03226009080723866,3.387442683562424e-05,0.004143055899307103,3,0.7473924943925306,0.2867543717082489,0.9874147359331793,0.9810924380691459,1,1,1,OSQP
3,3,1,3,OFT_distance|Average_speed_NOR1|Learning_T1max,0.0,0.0,0.01799299460315701,0.013515579082608763,0.0012738790050043664,0.027299412598055538,3,1.0300264993711985,0.3276509529994538,0.923113283818412,0.8790790324357775,1,1,1,OSQP
3,3,2,3,OFT_distance|Average_speed_NOR1|Learning_T1max,0.0,0.5,0.10262587128114722,0.10099922561314417,0.0191035613149661,0.054650541348546265,3,0.12263603940159419,0.10057071923333372,0.6436567795973123,0.7653687501424238,1,1,1,OSQP
3,3,3,3,OFT_distance|Average_speed_NOR1|Learning_T1max,0.0,0.6,0.1561098265162198,0.09018061052054065,0.00191411256041042,0.008143342166247855,3,0.22952654906225448,0.09500635439387253,0.9846593668334904,0.9762562421694496,1,1,1,OSQP
3,5,1,3,OFT_distance|Average_speed_NOR1|Learning_T1max,0.0,0.3,0.05043161252362609,0.11863772944753091,0.031184592752069615,0.09833508677463346,3,0.8087117416234153,0.3096530410726226,0.6142534273221394,0.41775451207649694,1,1,1,OSQP
3,5,2,3,OFT_distance|Average_speed_NOR1|Learning_T1max,0.0,0.4,0.0699983495924651,0.01982769360308405,0.003966235180286442,0.013803230689174934,3,0.3580973927790304,0.13169787052795517,0.938137671660774,0.9647293588086119,1,1,1,OSQP
3,5,3,3,OFT_distance|Average_speed_NOR1|Learning_T1max,0.0,0.5,0.19499699105662738,0.2025060030933117,2.7257844868230508e-05,6.62006331571687e-06,2,0.14286558313409012,0.10000489015586017,0.9119137943092849,0.9686789427129647,1,1,1,OSQP
3,6,1,3,OFT_distance|Average_speed_NOR1|Learning_T1max,0.0,0.4,0.09860647497067315,0.06933191099420832,0.00271173289846709,0.02209236897031494,3,0.4440873765724037,0.1557059211361166,0.8872208980405801,0.929508089296271,1,1,1,OSQP
3,6,2,3,OFT_distance|Average_speed_NOR1|Learning_T1max,0.0,0.6,0.12074369887260969,0.1605031947024703,0.0010648258473445098,0.0085076020654548,2,0.28493203511649373,0.15146068062560064,0.956676506059474,0.97307478995953,1,1,1,OSQP
3,6,3,3,OFT_distance|Average_speed_NOR1|Learning_T1max,0.0,0.1,0.034820673257694536,0.11202916735882404,0.0018658791877107586,0.027782448782197336,3,0.8613266435827991,0.28092411106750614,0.9136844326468804,0.8647120109570366,1,1,1,OSQP
3,7,1,3,OFT_distance|Average_speed_NOR1|Learning_T1max,0.0,0.4,0.08601791949334853,0.19616902363263253,0.0021540952112316814,0.03824371367916795,2,0.46849622547840925,0.14748147503613349,0.8100777560091321,0.8610954794886996,1,1,1,OSQP
3,7,2,3,OFT_distance|Average_speed_NOR1|Learning_T1max,0.0,0.3,0.09316726520205473,0.026935034680108497,0.03726909446595684,0.01569842687715556,3,0.23382230463469106,0.08611396807177626,0.9433297977619981,0.910233432027098,1,1,1,OSQP
3,8,1,3,OFT_distance|Average_speed_NOR1|Learning_T1max,0.0,0.4,0.07800326076840618,0.09737432874337572,0.008635043140914839,0.042849531884011076,3,0.4353375856486396,0.24329529639426975,0.7238766147207503,0.8228664307121357,1,1,1,OSQP
3,8,2,3,OFT_distance|Average_speed_NOR1|Learning_T1max,0.0,0.0,0.007354210073064525,0.03828618201951224,0.003604614213371018,0.04988127434802411,3,0.9915335068152841,0.27495309903596055,0.7725637484900157,0.8536622785106818,1,1,1,OSQP
3,8,3,3,OFT_distance|Average_speed_NOR1|Learning_T1max,0.0,0.5,0.2008662712783717,0.09831634807243642,0.0032558275592865743,0.01426930591511291,3,0.2279982755067866,0.13383709467984456,0.9575095199214254,0.93568448542682,1,1,1,OSQP
3,9,1,3,OFT_distance|Average_speed_NOR1|Learning_T1max,0.0,0.3,0.1273913824035905,0.06113418479650006,0.0019204142166646008,0.02690340193972341,3,0.2854323486099294,0.13381929579232663,0.8782266399812076,0.9197007953417113,1,1,1,OSQP
3,9,3,3,OFT_distance|Average_speed_NOR1|Learning_T1max,0.0,0.5,0.22852468819659988,0.20461602861923842,0.0003890886237862265,0.007598221879283377,3,0.09675539046295896,0.09675539020581309,0.9069430910554093,0.9301910305811669,1,1,1,OSQP
4,0,1,4,OFT_distance|Average_speed_NOR1|Latency_to_first_investigation_Piramidka_NOR1|Learning_T1max,0.0,0.3,0.09779342409792072,0.07211078115651656,0.021988141338764974,0.07867835727251139,4,0.358176383013659,0.1819174122355052,0.7784500423353917,0.7689630688726284,1,1,1,OSQP
4,0,2,4,OFT_distance|Average_speed_NOR1|Latency_to_first_investigation_Piramidka_NOR1|Learning_T1max,0.0,0.1,0.017345125216940503,0.09197938168568014,0.005964723431319402,0.10175780542935334,4,0.56934271329781,0.21360911429721943,0.5605879409888254,0.6637743400854266,1,1,1,OSQP
4,1,1,4,OFT_distance|Average_speed_NOR1|Latency_to_first_investigation_Piramidka_NOR1|Learning_T1max,0.0,0.5,0.14835833881126856,0.22552249648382014,0.001143097462673279,0.036310880251092796,4,0.20631708890409134,0.11110857417478903,0.8862306331610347,0.8874403665773511,1,1,1,OSQP
4,1,2,4,OFT_distance|Average_speed_NOR1|Latency_to_first_investigation_Piramidka_NOR1|Learning_T1max,0.0,0.3,0.04600427239650333,0.12457891844586343,0.012812552816739481,0.10454641069518841,4,0.244856912620981,0.10418522860786708,0.46894591992988677,0.6902806549753355,1,1,1,OSQP
4,1,3,4,OFT_distance|Average_speed_NOR1|Latency_to_first_investigation_Piramidka_NOR1|Learning_T1max,0.06,0.1,0.04059697193721405,161.38188515500624,25507.948158171934,0.12257089521383888,4,0.4603456741437509,0.14697479365363492,0.7347247402984901,-1288.5476395215221,1,1,1,OSQP
4,2,3,4,OFT_distance|Average_speed_NOR1|Latency_to_first_investigation_Piramidka_NOR1|Learning_T1max,0.0,0.0,0.018618998229463245,0.04043635389393165,0.0031003911928485406,0.05361700527450313,4,0.6419652799326228,0.27007334211985107,0.7882715186297653,0.8086327570911327,1,1,1,OSQP
4,3,1,4,OFT_distance|Average_speed_NOR1|Latency_to_first_investigation_Piramidka_NOR1|Learning_T1max,0.0,0.1,0.0262174165015314,0.08977461224197916,0.013293583760825213,0.08465917953568323,4,0.6684912064605159,0.21571433100025364,0.6784492383743945,0.6979942069898409,1,1,1,OSQP
4,3,2,4,OFT_distance|Average_speed_NOR1|Latency_to_first_investigation_Piramidka_NOR1|Learning_T1max,0.0,0.4,0.08773159582294862,0.046103117270221934,0.025559931587386325,0.06190957266318017,4,0.1263288174914002,0.10624947863444205,0.6653266695297239,0.7891334112546012,1,1,1,OSQP
4,3,3,4,OFT_distance|Average_speed_NOR1|Latency_to_first_investigation_Piramidka_NOR1|Learning_T1max,0.0,0.7,0.1589961388251686,0.09125488017827618,0.0019344464859282638,0.010821983626534906,4,0.23006416674332855,0.09459549483920121,0.9851333288796906,0.9723220021959891,1,1,1,OSQP
4,5,1,4,OFT_distance|Average_speed_NOR1|Latency_to_first_investigation_Piramidka_NOR1|Learning_T1max,0.0,0.2,0.04607893686434122,0.11320556542403132,0.030679870210776602,0.10795534212535675,4,0.7737545983434584,0.3131504482583285,0.5778901075455611,0.3710911938759375,1,1,1,OSQP
4,5,2,4,OFT_distance|Average_speed_NOR1|Latency_to_first_investigation_Piramidka_NOR1|Learning_T1max,0.0,0.4,0.07622610939374144,0.026328169001717094,0.012720786288432482,0.05974753830320754,4,0.21010065263365638,0.11986851241444244,0.8061018427200607,0.806107424312188,1,1,1,OSQP
4,5,3,4,OFT_distance|Average_speed_NOR1|Latency_to_first_investigation_Piramidka_NOR1|Learning_T1max,0.0,0.5,0.1906172862912855,0.2188609138617608,0.0013829692105037257,0.022967145977259608,4,0.11888233094468581,0.09052785603485627,0.895294374850591,0.9065466088746416,1,1,1,OSQP
4,6,1,4,OFT_distance|Average_speed_NOR1|Latency_to_first_investigation_Piramidka_NOR1|Learning_T1max,0.0,0.4,0.09612334051012543,0.07084162026852378,0.023110317090191932,0.09481306362123408,4,0.2525644495378358,0.11637059447336973,0.7097552168740477,0.7123371750454683,1,1,1,OSQP
4,6,2,4,OFT_distance|Average_speed_NOR1|Latency_to_first_investigation_Piramidka_NOR1|Learning_T1max,0.0,0.4,0.1097736482118121,0.18988750717342917,0.004273471242923827,0.04917492342921178,4,0.23930013104636264,0.1380270094312925,0.8540529418005407,0.8600134736424215,1,1,1,OSQP
4,6,3,4,OFT_distance|Average_speed_NOR1|Latency_to_first_investigation_Piramidka_NOR1|Learning_T1max,0.0,0.0,0.022455073385422863,0.10642532542557395,0.0023007741098054367,0.045359905940781146,4,0.8203296405741143,0.28210447773199865,0.8752134795354285,0.8121263014391873,1,1,1,OSQP
4,7,1,4,OFT_distance|Average_speed_NOR1|Latency_to_first_investigation_Piramidka_NOR1|Learning_T1max,0.0,0.3,0.07866166370931517,0.2042728180415933,0.002708221541285915,0.05093492042613527,4,0.3727781454563296,0.16048346446516942,0.8397116051760964,0.8508013949661524,1,1,1,OSQP
4,7,2,4,OFT_distance|Average_speed_NOR1|Latency_to_first_investigation_Piramidka_NOR1|Learning_T1max,0.0,0.3,0.08509371995733382,0.0342598876740917,0.0335377289343103,0.027742006043309644,4,0.2220311046397742,0.08847015663804832,0.9161714644751873,0.8667823514318611,1,1,1,OSQP
4,8,1,4,OFT_distance|Average_speed_NOR1|Latency_to_first_investigation_Piramidka_NOR1|Learning_T1max,0.0,0.4,0.07959653562872732,0.09903681063443051,0.009408381963925115,0.04290524019976281,3,0.4328364929719156,0.24091051723648374,0.725904374649273,0.8196553631613712,1,1,1,OSQP
4,8,2,4,OFT_distance|Average_speed_NOR1|Latency_to_first_investigation_Piramidka_NOR1|Learning_T1max,0.0,0.0,0.001985173133032615,0.12593723863759956,0.016041628371696166,0.1299565968464664,4,0.5352316581022543,0.24370751620913705,0.602604815118509,0.596961600495652,1,1,1,OSQP
4,8,3,4,OFT_distance|Average_speed_NOR1|Latency_to_first_investigation_Piramidka_NOR1|Learning_T1max,0.0,0.6,0.19554489732712244,0.10147704445938097,0.004960409942639179,0.024515394034569548,4,0.2212214816196503,0.13118104272544412,0.9445311140304998,0.8915378773352864,1,1,1,OSQP
4,9,1,4,OFT_distance|Average_speed_NOR1|Latency_to_first_investigation_Piramidka_NOR1|Learning_T1max,0.0,0.3,0.10202114792987957,0.09098200691444261,0.008211394154271736,0.0579029568816328,4,0.2049727603110318,0.11512047856788561,0.8168404264001117,0.824749396153024,1,1,1,OSQP
4,9,3,4,OFT_distance|Average_speed_NOR1|Latency_to_first_investigation_Piramidka_NOR1|Learning_T1max,0.0,0.4,0.22115111320183178,0.20721354717040805,0.0007543606886028973,0.02133782273858177,4,0.0913671854021346,0.0913671850208527,0.9049799856579076,0.8895167630560596,1,1,1,OSQP
5,0,1,5,OFT_distance|Average_speed_NOR1|Time_investigating_Piramidka_NOR1|Latency_to_first_investigation_Piramidka_NOR1|Learning_T1max,0.0,0.4,0.09230869933170875,0.08334761823609567,0.024823144359609042,0.10338256096072337,5,0.31851944620803374,0.17599162241389205,0.7284828686684899,0.6719737364092832,1,1,1,OSQP
5,0,2,5,OFT_distance|Average_speed_NOR1|Time_investigating_Piramidka_NOR1|Latency_to_first_investigation_Piramidka_NOR1|Learning_T1max,0.0,0.1,0.016670850147510324,0.09693734486030396,0.007548223095533002,0.10053228701895613,5,0.5894028233124177,0.22037697140609971,0.5335192137028164,0.6642773109953463,1,1,1,OSQP
5,1,1,5,OFT_distance|Average_speed_NOR1|Time_investigating_Piramidka_NOR1|Latency_to_first_investigation_Piramidka_NOR1|Learning_T1max,0.0,0.5,0.16779072701319192,0.245833746502562,0.0041466785104744405,0.028026641141730813,4,0.18751597635705555,0.11598743001817499,0.9239943940140831,0.9251664691267337,1,1,1,OSQP
5,1,2,5,OFT_distance|Average_speed_NOR1|Time_investigating_Piramidka_NOR1|Latency_to_first_investigation_Piramidka_NOR1|Learning_T1max,0.0,0.3,0.056524043613699136,0.1164432348661996,0.008134646009346401,0.10611905365077937,4,0.22391823019180668,0.09492022503502953,0.4387540998434265,0.7527066411137397,1,1,1,OSQP
5,1,3,5,OFT_distance|Average_speed_NOR1|Time_investigating_Piramidka_NOR1|Latency_to_first_investigation_Piramidka_NOR1|Learning_T1max,0.06,0.1,0.041908839220655615,179.11015669024593,31418.055855223483,0.13052787099438473,5,0.44495537129314305,0.14251735007021987,0.7161813324744448,-1430.1402557681427,1,1,1,OSQP
5,2,3,5,OFT_distance|Average_speed_NOR1|Time_investigating_Piramidka_NOR1|Latency_to_first_investigation_Piramidka_NOR1|Learning_T1max,0.0,0.0,0.016564736755252378,0.045117924655630935,0.0036664466835051395,0.06196594160738359,4,0.6382705737159627,0.2748578501342984,0.7832688886065754,0.8043645294108408,1,1,1,OSQP
5,3,1,5,OFT_distance|Average_speed_NOR1|Time_investigating_Piramidka_NOR1|Latency_to_first_investigation_Piramidka_NOR1|Learning_T1max,0.0,0.1,0.03629385913113934,0.10165059781617948,0.02636810770387939,0.12927437958852053,5,0.5676249062245746,0.19035803387080003,0.5731480355876568,0.5487718117035526,1,1,1,OSQP
5,3,2,5,OFT_distance|Average_speed_NOR1|Time_investigating_Piramidka_NOR1|Latency_to_first_investigation_Piramidka_NOR1|Learning_T1max,0.0,0.4,0.0888519831235465,0.0474548670156346,0.022441393246150604,0.06275325333604383,5,0.13229635082433014,0.1046931255946995,0.6449591210249361,0.7876715082810309,1,1,1,OSQP
5,3,3,5,OFT_distance|Average_speed_NOR1|Time_investigating_Piramidka_NOR1|Latency_to_first_investigation_Piramidka_NOR1|Learning_T1max,0.0,0.6,0.16501478076574394,0.10652773988330064,0.002783077773045287,0.02005095033481846,5,0.22401891602335214,0.10117991536361254,0.9768370724275196,0.9703173581669339,1,1,1,OSQP
5,5,1,5,OFT_distance|Average_speed_NOR1|Time_investigating_Piramidka_NOR1|Latency_to_first_investigation_Piramidka_NOR1|Learning_T1max,0.0,0.3,0.05552037369916687,0.10801679983871515,0.03367655909587411,0.12524192780797777,5,0.7214914510313413,0.30480959762516024,0.49662058435027934,0.24134255255814607,1,1,1,OSQP
5,5,2,5,OFT_distance|Average_speed_NOR1|Time_investigating_Piramidka_NOR1|Latency_to_first_investigation_Piramidka_NOR1|Learning_T1max,0.0,0.4,0.0774505719980532,0.02367136016962966,0.013511172257990945,0.06319550496485998,5,0.2136417604046446,0.1239471737371083,0.8029454774109124,0.8026241448258745,1,1,1,OSQP
5,5,3,5,OFT_distance|Average_speed_NOR1|Time_investigating_Piramidka_NOR1|Latency_to_first_investigation_Piramidka_NOR1|Learning_T1max,0.0,0.5,0.19614117592367503,0.22128254823299662,0.0018915804532304104,0.02674106822976531,5,0.0874391449192372,0.0547556809662355,0.9142787119570587,0.9147709510544147,1,1,1,OSQP
5,6,1,5,OFT_distance|Average_speed_NOR1|Time_investigating_Piramidka_NOR1|Latency_to_first_investigation_Piramidka_NOR1|Learning_T1max,0.0,0.4,0.09309527934208991,0.09179023236335986,0.01956635645183517,0.10565165785942299,5,0.20672739799345982,0.07294000545369117,0.6325136197910559,0.6861590920609083,1,1,1,OSQP
5,6,2,5,OFT_distance|Average_speed_NOR1|Time_investigating_Piramidka_NOR1|Latency_to_first_investigation_Piramidka_NOR1|Learning_T1max,0.0,0.4,0.10699558444815041,0.20048860932867432,0.0038578823245763345,0.06018299776528153,5,0.2221100393097803,0.12782847442062517,0.8250957403035339,0.8558067738640138,1,1,1,OSQP
5,6,3,5,OFT_distance|Average_speed_NOR1|Time_investigating_Piramidka_NOR1|Latency_to_first_investigation_Piramidka_NOR1|Learning_T1max,0.0,0.0,0.019507756391929528,0.10804050059709963,0.0027053254657096923,0.04912239415993777,5,0.8206243517686457,0.28211854668565306,0.8693817798782381,0.7865954050084671,1,1,1,OSQP
5,7,1,5,OFT_distance|Average_speed_NOR1|Time_investigating_Piramidka_NOR1|Latency_to_first_investigation_Piramidka_NOR1|Learning_T1max,0.0,0.4,0.06973416439283743,0.20593295955255134,0.005899126766211516,0.08205420178778583,5,0.3175929271836715,0.13813205556480382,0.7566467346984402,0.7726236847498963,1,1,1,OSQP
5,7,2,5,OFT_distance|Average_speed_NOR1|Time_investigating_Piramidka_NOR1|Latency_to_first_investigation_Piramidka_NOR1|Learning_T1max,0.0,0.3,0.08613408439125418,0.06517474895246778,0.009317502942014435,0.04955418116318456,5,0.17591863129275004,0.08519091619641515,0.8297504129580432,0.7897620098515389,1,1,1,OSQP
5,8,1,5,OFT_distance|Average_speed_NOR1|Time_investigating_Piramidka_NOR1|Latency_to_first_investigation_Piramidka_NOR1|Learning_T1max,0.0,0.3,0.07367560105063346,0.10106457814941394,0.005874221218576422,0.03754778051201952,5,0.42554573267651,0.2339687560872684,0.7284565330168344,0.8187552691825891,1,1,1,OSQP
5,8,2,5,OFT_distance|Average_speed_NOR1|Time_investigating_Piramidka_NOR1|Latency_to_first_investigation_Piramidka_NOR1|Learning_T1max,0.0,0.0,0.001956426612202343,0.1256301205007147,0.01598215342300463,0.12992546495703516,5,0.535644326974844,0.24380274653957454,0.6027838457523639,0.5971583495194074,1,1,1,OSQP
5,8,3,5,OFT_distance|Average_speed_NOR1|Time_investigating_Piramidka_NOR1|Latency_to_first_investigation_Piramidka_NOR1|Learning_T1max,0.0,0.5,0.16963116974590955,0.0930370664573649,0.007408455062194595,0.061310163245414995,5,0.16003884701102378,0.11985971991407744,0.8358465289112115,0.7807322668816357,1,1,1,OSQP
5,9,1,5,OFT_distance|Average_speed_NOR1|Time_investigating_Piramidka_NOR1|Latency_to_first_investigation_Piramidka_NOR1|Learning_T1max,0.0,0.3,0.10633230553646347,0.09502179688886969,0.008932746218999662,0.0568462182700155,5,0.19584301610231616,0.1169385404089319,0.8301499251705582,0.8288702479930874,1,1,1,OSQP
5,9,3,5,OFT_distance|Average_speed_NOR1|Time_investigating_Piramidka_NOR1|Latency_to_first_investigation_Piramidka_NOR1|Learning_T1max,0.0,0.6,0.2182476116751697,0.1814054029612965,0.0020936828419506827,0.05449542868718702,5,0.04357203563132138,0.04357203523797633,0.806729302159468,0.8500483645089623,1,1,1,OSQP
6,0,1,6,OFT_distance|Absolute_turn_angle_OFT|Average_speed_NOR1|Time_investigating_Piramidka_NOR1|Latency_to_first_investigation_Piramidka_NOR1|Learning_T1max,0.0,0.4,0.08838936363364595,0.08141728517522853,0.021980718300494858,0.09727928087596957,6,0.32814439176303967,0.17472954059691814,0.7374717808662317,0.6649467668667675,2,2,1,OSQP
6,0,2,6,OFT_distance|Absolute_turn_angle_OFT|Average_speed_NOR1|Time_investigating_Piramidka_NOR1|Latency_to_first_investigation_Piramidka_NOR1|Learning_T1max,0.0,0.1,0.01836943365588305,0.09352677687704897,0.009248801014494346,0.10575450482429281,6,0.5703198058212875,0.22824383123744682,0.46339022929109164,0.6137752013164042,2,2,1,OSQP
6,1,1,6,OFT_distance|Absolute_turn_angle_OFT|Average_speed_NOR1|Time_investigating_Piramidka_NOR1|Latency_to_first_investigation_Piramidka_NOR1|Learning_T1max,0.0,0.5,0.16301652110111592,0.24508358811648323,0.0037942985642708637,0.028073059848265552,5,0.18810656349119492,0.11879669435000946,0.9138752877499581,0.9158259564363314,2,2,1,OSQP
6,1,2,6,OFT_distance|Absolute_turn_angle_OFT|Average_speed_NOR1|Time_investigating_Piramidka_NOR1|Latency_to_first_investigation_Piramidka_NOR1|Learning_T1max,0.0,0.3,0.056978298284831794,0.11546812071735983,0.009599950719625478,0.11094942922482086,5,0.21234113700797516,0.0868801083502671,0.4813643987125936,0.7759226863094765,2,2,1,OSQP
6,1,3,6,OFT_distance|Absolute_turn_angle_OFT|Average_speed_NOR1|Time_investigating_Piramidka_NOR1|Latency_to_first_investigation_Piramidka_NOR1|Learning_T1max,0.06,0.1,0.031681791879610954,245.55977349559612,59037.23486930876,0.19133885220238078,6,0.33621410415244746,0.16310300565586883,0.6093182282059674,-1960.8466473965625,2,2,1,OSQP
6,2,3,6,OFT_distance|Absolute_turn_angle_OFT|Average_speed_NOR1|Time_investigating_Piramidka_NOR1|Latency_to_first_investigation_Piramidka_NOR1|Learning_T1max,0.0,0.0,0.017909850395306466,0.043060300213521266,0.0035868875752597313,0.06180242613806774,5,0.6383066873214437,0.2729457387528913,0.7905477142222083,0.8081654240345011,2,2,1,OSQP
6,3,1,6,OFT_distance|Absolute_turn_angle_OFT|Average_speed_NOR1|Time_investigating_Piramidka_NOR1|Latency_to_first_investigation_Piramidka_NOR1|Learning_T1max,0.0,0.1,0.035077469938849054,0.1068298546317302,0.026693458931014366,0.13198870747743027,6,0.5563476153098147,0.1969035504952612,0.5522330737149708,0.5064557347026191,2,2,1,OSQP
6,3,2,6,OFT_distance|Absolute_turn_angle_OFT|Average_speed_NOR1|Time_investigating_Piramidka_NOR1|Latency_to_first_investigation_Piramidka_NOR1|Learning_T1max,0.0,0.4,0.09116191727745085,0.049177378209859006,0.022474325983178625,0.06596220995318519,6,0.12564176926754253,0.09811618864644958,0.6640118169107104,0.8148721089601483,2,2,1,OSQP
6,3,3,6,OFT_distance|Absolute_turn_angle_OFT|Average_speed_NOR1|Time_investigating_Piramidka_NOR1|Latency_to_first_investigation_Piramidka_NOR1|Learning_T1max,0.0,0.4,0.15028787722670103,0.08885054619218662,0.004412154307571934,0.03832840871494976,6,0.18825973329218937,0.0830911498149898,0.9087866286775795,0.8920633268888225,2,2,1,OSQP
6,5,1,6,OFT_distance|Absolute_turn_angle_OFT|Average_speed_NOR1|Time_investigating_Piramidka_NOR1|Latency_to_first_investigation_Piramidka_NOR1|Learning_T1max,0.0,0.1,0.036964183651493544,0.09893349869393271,0.03401845364381709,0.15646666778254095,6,0.5945308241686438,0.2747391420596696,0.38576549640983304,0.07098402400602366,2,2,1,OSQP
6,5,2,6,OFT_distance|Absolute_turn_angle_OFT|Average_speed_NOR1|Time_investigating_Piramidka_NOR1|Latency_to_first_investigation_Piramidka_NOR1|Learning_T1max,0.0,0.6,0.08491975621692663,0.033817331549414166,0.014688673570738955,0.08241612148970937,6,0.18620213437155417,0.10410574216377796,0.8313275176663902,0.830633045448431,2,2,1,OSQP
6,5,3,6,OFT_distance|Absolute_turn_angle_OFT|Average_speed_NOR1|Time_investigating_Piramidka_NOR1|Latency_to_first_investigation_Piramidka_NOR1|Learning_T1max,0.0,0.4,0.18409411580673385,0.22468337830940133,0.0028836312835419015,0.05339846089602274,6,0.05258390388688252,0.049689413194514545,0.8045534828978707,0.8210074114198707,2,2,1,OSQP
6,6,1,6,OFT_distance|Absolute_turn_angle_OFT|Average_speed_NOR1|Time_investigating_Piramidka_NOR1|Latency_to_first_investigation_Piramidka_NOR1|Learning_T1max,0.0,0.3,0.09111536597709131,0.08425305506305228,0.016488339074686643,0.09531497468472017,6,0.22547362548747754,0.07904809577921032,0.6420226277755117,0.6812557551236706,2,2,1,OSQP
6,6,2,6,OFT_distance|Absolute_turn_angle_OFT|Average_speed_NOR1|Time_investigating_Piramidka_NOR1|Latency_to_first_investigation_Piramidka_NOR1|Learning_T1max,0.0,0.4,0.10982491959047543,0.1977540683343115,0.003598060257945344,0.0581767899862376,6,0.2246483295700062,0.12768236347058734,0.8580919325453359,0.8702969586466167,2,2,1,OSQP
6,6,3,6,OFT_distance|Absolute_turn_angle_OFT|Average_speed_NOR1|Time_investigating_Piramidka_NOR1|Latency_to_first_investigation_Piramidka_NOR1|Learning_T1max,0.0,0.0,0.016421968054694237,0.10476969507227078,0.0027394921157459806,0.05108990921188043,6,0.8183818373815499,0.2857025571434102,0.8431643699187822,0.7635407477915817,2,2,1,OSQP
6,7,1,6,OFT_distance|Absolute_turn_angle_OFT|Average_speed_NOR1|Time_investigating_Piramidka_NOR1|Latency_to_first_investigation_Piramidka_NOR1|Learning_T1max,0.0,0.4,0.07081366175148704,0.20298514852598973,0.005189768761777126,0.07983913548446156,6,0.31818955598566756,0.13616084382954324,0.7306181424428451,0.763581521861545,2,2,1,OSQP
6,7,2,6,OFT_distance|Absolute_turn_angle_OFT|Average_speed_NOR1|Time_investigating_Piramidka_NOR1|Latency_to_first_investigation_Piramidka_NOR1|Learning_T1max,0.0,0.3,0.08756564702908624,0.06543002813337305,0.009155792604810873,0.05037378094147798,6,0.17558200985334668,0.08473743676166746,0.8339742716836485,0.7926355487187832,2,2,1,OSQP
6,8,1,6,OFT_distance|Absolute_turn_angle_OFT|Average_speed_NOR1|Time_investigating_Piramidka_NOR1|Latency_to_first_investigation_Piramidka_NOR1|Learning_T1max,0.0,0.3,0.06965354910125104,0.10015214107207002,0.00592774464673286,0.04101369620377612,6,0.422108834760962,0.23652962575359818,0.696278757630699,0.7728625351265419,2,2,1,OSQP
6,8,2,6,OFT_distance|Absolute_turn_angle_OFT|Average_speed_NOR1|Time_investigating_Piramidka_NOR1|Latency_to_first_investigation_Piramidka_NOR1|Learning_T1max,0.0,0.0,0.005484430779996577,0.13045494072360583,0.01499854396403192,0.12953504619799286,6,0.5261786864889095,0.2585134373056441,0.5524572568502919,0.5733015427682207,2,2,1,OSQP
6,8,3,6,OFT_distance|Absolute_turn_angle_OFT|Average_speed_NOR1|Time_investigating_Piramidka_NOR1|Latency_to_first_investigation_Piramidka_NOR1|Learning_T1max,0.0,0.4,0.1558827877978973,0.09500040921941233,0.005699477511576825,0.06586842062038185,6,0.12805272182480035,0.1280527110305676,0.7027816170070965,0.7284102882940794,2,2,1,OSQP
6,9,1,6,OFT_distance|Absolute_turn_angle_OFT|Average_speed_NOR1|Time_investigating_Piramidka_NOR1|Latency_to_first_investigation_Piramidka_NOR1|Learning_T1max,0.0,0.3,0.09643473830244766,0.10316981329406755,0.012108855556034236,0.06857640483420674,6,0.18304136527885612,0.1253796818452778,0.7792802841854864,0.780968665559415,2,2,1,OSQP
6,9,3,6,OFT_distance|Absolute_turn_angle_OFT|Average_speed_NOR1|Time_investigating_Piramidka_NOR1|Latency_to_first_investigation_Piramidka_NOR1|Learning_T1max,0.0,0.4,0.18954594645903206,0.1870762486388207,0.003183953827609065,0.06991631452057653,6,9.751431064621106e-09,9.748471636812641e-09,0.7544948111686873,0.8124336579078533,2,2,1,OSQP
7,0,1,7,OFT_distance|Absolute_turn_angle_OFT|Average_speed_NOR1|Time_investigating_Piramidka_NOR1|Latency_to_first_investigation_Piramidka_NOR1|Learning_T1max|rear_support,0.0,0.4,0.08857644378188964,0.09886558174470075,0.029909237734317126,0.1206590677284551,7,0.271355113352768,0.1640015241373832,0.6657733395554477,0.6149644006058971,2,2,1,OSQP
7,0,2,7,OFT_distance|Absolute_turn_angle_OFT|Average_speed_NOR1|Time_investigating_Piramidka_NOR1|Latency_to_first_investigation_Piramidka_NOR1|Learning_T1max|rear_support,0.0,0.1,0.02959554605987983,0.09794084450903108,0.01797164811182275,0.16437399086400334,7,0.37391879378124077,0.1964888694789717,0.5791480856555324,0.6373741688199331,2,2,1,OSQP
7,1,1,7,OFT_distance|Absolute_turn_angle_OFT|Average_speed_NOR1|Time_investigating_Piramidka_NOR1|Latency_to_first_investigation_Piramidka_NOR1|Learning_T1max|rear_support,0.0,0.5,0.15751594175049197,0.24860334044612087,0.004725579502183978,0.03398535187606323,6,0.17740846807113736,0.11716246939530493,0.8759501127875097,0.881655171921058,2,2,1,OSQP
7,1,2,7,OFT_distance|Absolute_turn_angle_OFT|Average_speed_NOR1|Time_investigating_Piramidka_NOR1|Latency_to_first_investigation_Piramidka_NOR1|Learning_T1max|rear_support,0.0,0.3,0.049856533004476025,0.11038850509892417,0.009491709377847577,0.1155263246448172,6,0.2240663128847988,0.08905740541845072,0.48947820282040855,0.7367558163149999,2,2,1,OSQP
7,1,3,7,OFT_distance|Absolute_turn_angle_OFT|Average_speed_NOR1|Time_investigating_Piramidka_NOR1|Latency_to_first_investigation_Piramidka_NOR1|Learning_T1max|rear_support,0.06,0.2,0.03541155899885316,325.34588637187215,103613.35222608534,0.25473594289161067,7,0.16191872752943084,0.12041325777190046,0.38609235989893154,-2597.957542189484,2,2,1,OSQP
7,2,3,7,OFT_distance|Absolute_turn_angle_OFT|Average_speed_NOR1|Time_investigating_Piramidka_NOR1|Latency_to_first_investigation_Piramidka_NOR1|Learning_T1max|rear_support,0.0,0.0,0.010835925827913812,0.0537590351312772,0.004426241345037458,0.09920001835824137,7,0.5919440032712353,0.2639133860267061,0.731284649961271,0.7881701629428842,2,2,1,OSQP
7,3,1,7,OFT_distance|Absolute_turn_angle_OFT|Average_speed_NOR1|Time_investigating_Piramidka_NOR1|Latency_to_first_investigation_Piramidka_NOR1|Learning_T1max|rear_support,0.0,0.1,0.033668006261729486,0.10011654607047055,0.027971210747281247,0.14465152640861845,7,0.5175249787926618,0.19694744230010452,0.4899025169187442,0.46247784771947853,2,2,1,OSQP
7,3,2,7,OFT_distance|Absolute_turn_angle_OFT|Average_speed_NOR1|Time_investigating_Piramidka_NOR1|Latency_to_first_investigation_Piramidka_NOR1|Learning_T1max|rear_support,0.0,0.4,0.08517478477526585,0.0532116430350944,0.02200145627081786,0.07891278108786384,7,0.12226254639612379,0.09425398109970612,0.6689231557687384,0.7984279809531829,2,2,1,OSQP
7,3,3,7,OFT_distance|Absolute_turn_angle_OFT|Average_speed_NOR1|Time_investigating_Piramidka_NOR1|Latency_to_first_investigation_Piramidka_NOR1|Learning_T1max|rear_support,0.0,0.4,0.15962524341326922,0.09197665781040414,0.00589727859053617,0.07192332313347179,7,0.14677997375459328,0.0762774482119132,0.8439275904504809,0.7985214163623809,2,2,1,OSQP
7,5,1,7,OFT_distance|Absolute_turn_angle_OFT|Average_speed_NOR1|Time_investigating_Piramidka_NOR1|Latency_to_first_investigation_Piramidka_NOR1|Learning_T1max|rear_support,0.0,0.1,0.03247553541470501,0.10071713300290383,0.0317592051100371,0.1586415100045852,7,0.5346605557262072,0.25770855355328454,0.3411140654460896,0.05500422914985981,2,2,1,OSQP
7,5,2,7,OFT_distance|Absolute_turn_angle_OFT|Average_speed_NOR1|Time_investigating_Piramidka_NOR1|Latency_to_first_investigation_Piramidka_NOR1|Learning_T1max|rear_support,0.0,0.6,0.08201954241050279,0.035210882263480944,0.014447307076346887,0.08885672368540236,7,0.1853013665875621,0.1045980067512722,0.8161236903717797,0.8378077363527792,2,2,1,OSQP
7,5,3,7,OFT_distance|Absolute_turn_angle_OFT|Average_speed_NOR1|Time_investigating_Piramidka_NOR1|Latency_to_first_investigation_Piramidka_NOR1|Learning_T1max|rear_support,0.0,0.4,0.18619377958341538,0.2214039895911879,0.002658432542582752,0.0494185990181613,7,0.050474742763481684,0.045253692517690285,0.8125934183945598,0.8273102942926848,2,2,1,OSQP
7,6,1,7,OFT_distance|Absolute_turn_angle_OFT|Average_speed_NOR1|Time_investigating_Piramidka_NOR1|Latency_to_first_investigation_Piramidka_NOR1|Learning_T1max|rear_support,0.0,0.3,0.09298709271607855,0.09926616038576101,0.018659687258420685,0.12631432832786946,7,0.14528051005147694,0.05965617954822242,0.6360448391282679,0.6832455842762242,2,2,1,OSQP
7,6,2,7,OFT_distance|Absolute_turn_angle_OFT|Average_speed_NOR1|Time_investigating_Piramidka_NOR1|Latency_to_first_investigation_Piramidka_NOR1|Learning_T1max|rear_support,0.0,0.4,0.10663459102224593,0.18787243403586343,0.0030063692348964925,0.061413468591080614,7,0.21968713393689362,0.12635329721358843,0.8405476014250828,0.8637895166225108,2,2,1,OSQP
7,6,3,7,OFT_distance|Absolute_turn_angle_OFT|Average_speed_NOR1|Time_investigating_Piramidka_NOR1|Latency_to_first_investigation_Piramidka_NOR1|Learning_T1max|rear_support,0.0,0.0,0.005406018770973608,0.10474330278459507,0.006864352896769381,0.11740741075392068,7,0.7174843869327218,0.2740140381132299,0.8036238860216502,0.7164581506985437,2,2,1,OSQP
7,7,1,7,OFT_distance|Absolute_turn_angle_OFT|Average_speed_NOR1|Time_investigating_Piramidka_NOR1|Latency_to_first_investigation_Piramidka_NOR1|Learning_T1max|rear_support,0.0,0.4,0.07167249856718598,0.20279208184648517,0.0051261628517461875,0.08107110983139201,7,0.3155539266511665,0.13391051570090015,0.7261502415550574,0.7639813739646438,2,2,1,OSQP
7,7,2,7,OFT_distance|Absolute_turn_angle_OFT|Average_speed_NOR1|Time_investigating_Piramidka_NOR1|Latency_to_first_investigation_Piramidka_NOR1|Learning_T1max|rear_support,0.0,0.4,0.10881237031654936,0.07717630197207836,0.030520721374321824,0.09258810380618972,7,0.07309778195442895,0.04471039940143977,0.7663644631657217,0.6000395265239103,2,2,1,OSQP
7,8,1,7,OFT_distance|Absolute_turn_angle_OFT|Average_speed_NOR1|Time_investigating_Piramidka_NOR1|Latency_to_first_investigation_Piramidka_NOR1|Learning_T1max|rear_support,0.0,0.3,0.06529747036641917,0.10198051320861806,0.004581425971898299,0.0450881202380433,6,0.42073378658303345,0.23208547588667586,0.7211228809122917,0.7991085377087029,2,2,1,OSQP
7,8,2,7,OFT_distance|Absolute_turn_angle_OFT|Average_speed_NOR1|Time_investigating_Piramidka_NOR1|Latency_to_first_investigation_Piramidka_NOR1|Learning_T1max|rear_support,0.0,0.0,0.002446814683579472,0.12831502229287903,0.010045140116002535,0.12272736642703833,7,0.5231286223124714,0.24344713810234236,0.5876818168789856,0.6070303917679061,2,2,1,OSQP
7,8,3,7,OFT_distance|Absolute_turn_angle_OFT|Average_speed_NOR1|Time_investigating_Piramidka_NOR1|Latency_to_first_investigation_Piramidka_NOR1|Learning_T1max|rear_support,0.0,0.5,0.1554963896527239,0.09413106643008931,0.006503151113648804,0.06370878454418542,7,0.11671148351236546,0.116711481584286,0.7418360151826602,0.7475722381520851,2,2,1,OSQP
7,9,1,7,OFT_distance|Absolute_turn_angle_OFT|Average_speed_NOR1|Time_investigating_Piramidka_NOR1|Latency_to_first_investigation_Piramidka_NOR1|Learning_T1max|rear_support,0.0,0.3,0.09799764554261609,0.08785548998929384,0.009446142366883077,0.06314546179068023,7,0.16699721138963367,0.12084653258406873,0.7889738971981233,0.7979754137054073,2,2,1,OSQP
7,9,3,7,OFT_distance|Absolute_turn_angle_OFT|Average_speed_NOR1|Time_investigating_Piramidka_NOR1|Latency_to_first_investigation_Piramidka_NOR1|Learning_T1max|rear_support,0.0,0.4,0.18814362165445486,0.18369227676119432,0.0034425277050775566,0.06947633605817151,7,3.1887780527076136e-11,7.980347398336055e-12,0.7512591935880499,0.8073543262678077,2,2,1,OSQP
8,0,1,8,OFT_distance|Absolute_turn_angle_OFT|Average_speed_NOR1|Time_investigating_Piramidka_NOR1|Latency_to_first_investigation_Piramidka_NOR1|Latency_to_first_investigation_Stakan_NOR1|Learning_T1max|rear_support,0.0,0.4,0.10101054817701316,0.12800090964703167,0.02120846226997408,0.16889083666326757,8,0.09039201945296119,0.083587447099046,0.5194836654401827,0.7242771907752481,2,2,1,OSQP
8,0,2,8,OFT_distance|Absolute_turn_angle_OFT|Average_speed_NOR1|Time_investigating_Piramidka_NOR1|Latency_to_first_investigation_Piramidka_NOR1|Latency_to_first_investigation_Stakan_NOR1|Learning_T1max|rear_support,0.0,0.1,0.02867993538580555,0.11421278627480631,0.011527309776341968,0.14618616204904522,8,0.38767733303087404,0.20628246633459474,0.6988245201967347,0.7155108737004818,2,2,1,OSQP
8,1,1,8,OFT_distance|Absolute_turn_angle_OFT|Average_speed_NOR1|Time_investigating_Piramidka_NOR1|Latency_to_first_investigation_Piramidka_NOR1|Latency_to_first_investigation_Stakan_NOR1|Learning_T1max|rear_support,0.0,0.5,0.15682428983958033,0.2510344677200251,0.005156196800835659,0.03705708266481284,7,0.17592221501661973,0.11732729479273397,0.8783593657741754,0.8587398018113224,2,2,1,OSQP
8,1,2,8,OFT_distance|Absolute_turn_angle_OFT|Average_speed_NOR1|Time_investigating_Piramidka_NOR1|Latency_to_first_investigation_Piramidka_NOR1|Latency_to_first_investigation_Stakan_NOR1|Learning_T1max|rear_support,0.0,0.2,0.05108357819171807,0.11233853310248246,0.010218390675245938,0.13633582861868215,8,0.1440919913972812,0.07325016687762348,0.5831086131565573,0.7292853005521092,2,2,1,OSQP
8,1,3,8,OFT_distance|Absolute_turn_angle_OFT|Average_speed_NOR1|Time_investigating_Piramidka_NOR1|Latency_to_first_investigation_Piramidka_NOR1|Latency_to_first_investigation_Stakan_NOR1|Learning_T1max|rear_support,0.06,0.2,0.037207667682178945,307.0859098417672,92330.23702577468,0.24636660192010545,8,0.16491062612354318,0.11828776957283271,0.3982099401101665,-2452.3141387370397,2,2,1,OSQP
8,2,3,8,OFT_distance|Absolute_turn_angle_OFT|Average_speed_NOR1|Time_investigating_Piramidka_NOR1|Latency_to_first_investigation_Piramidka_NOR1|Latency_to_first_investigation_Stakan_NOR1|Learning_T1max|rear_support,0.0,0.1,0.01818591145685102,0.06854616595445807,0.006319258992503518,0.09937793111362253,7,0.5589642540037748,0.28559262390633544,0.6416197757857536,0.730796495616838,2,2,1,OSQP
8,3,1,8,OFT_distance|Absolute_turn_angle_OFT|Average_speed_NOR1|Time_investigating_Piramidka_NOR1|Latency_to_first_investigation_Piramidka_NOR1|Latency_to_first_investigation_Stakan_NOR1|Learning_T1max|rear_support,0.0,0.1,0.034361950620876255,0.13826271321200337,0.03271045228856088,0.1571229152194082,8,0.49333821659429844,0.2031144009861574,0.5447098439359734,0.37594542718474944,2,2,1,OSQP
8,3,2,8,OFT_distance|Absolute_turn_angle_OFT|Average_speed_NOR1|Time_investigating_Piramidka_NOR1|Latency_to_first_investigation_Piramidka_NOR1|Latency_to_first_investigation_Stakan_NOR1|Learning_T1max|rear_support,0.0,0.4,0.08984626739584411,0.06838003812066021,0.021580851354947344,0.09257279705593109,8,0.0991577872591182,0.09470944456777677,0.678216905043211,0.7760955165646457,2,2,1,OSQP
8,3,3,8,OFT_distance|Absolute_turn_angle_OFT|Average_speed_NOR1|Time_investigating_Piramidka_NOR1|Latency_to_first_investigation_Piramidka_NOR1|Latency_to_first_investigation_Stakan_NOR1|Learning_T1max|rear_support,0.0,0.4,0.1491767055460828,0.10713108009582906,0.010811759075412713,0.0859603931341219,8,0.0869111032637818,0.0680063263629084,0.7939292647838809,0.7366947653703484,2,2,1,OSQP
8,5,1,8,OFT_distance|Absolute_turn_angle_OFT|Average_speed_NOR1|Time_investigating_Piramidka_NOR1|Latency_to_first_investigation_Piramidka_NOR1|Latency_to_first_investigation_Stakan_NOR1|Learning_T1max|rear_support,0.0,0.1,0.029267783470604176,0.06363897343037227,0.027654766959723992,0.16576514946382126,8,0.5043404454169298,0.23191231977539725,0.4654101923302395,0.23797782342038776,2,2,1,OSQP
8,5,2,8,OFT_distance|Absolute_turn_angle_OFT|Average_speed_NOR1|Time_investigating_Piramidka_NOR1|Latency_to_first_investigation_Piramidka_NOR1|Latency_to_first_investigation_Stakan_NOR1|Learning_T1max|rear_support,0.0,0.4,0.06934272295554021,0.05272942208398044,0.017217109321057574,0.1053303433888362,8,0.15505633007702405,0.10735208599770511,0.7495735978586608,0.8261944806953764,2,2,1,OSQP
8,5,3,8,OFT_distance|Absolute_turn_angle_OFT|Average_speed_NOR1|Time_investigating_Piramidka_NOR1|Latency_to_first_investigation_Piramidka_NOR1|Latency_to_first_investigation_Stakan_NOR1|Learning_T1max|rear_support,0.0,0.4,0.19284827110297795,0.20548396246243683,0.0023057244821744556,0.060729687404953055,8,0.03719925721016267,0.037199246458575884,0.7750968126471489,0.8548893891004846,2,2,1,OSQP
8,6,1,8,OFT_distance|Absolute_turn_angle_OFT|Average_speed_NOR1|Time_investigating_Piramidka_NOR1|Latency_to_first_investigation_Piramidka_NOR1|Latency_to_first_investigation_Stakan_NOR1|Learning_T1max|rear_support,0.0,0.3,0.08384814775604182,0.088817204256285,0.016752630106223982,0.14334254843328614,8,0.06684731683126643,0.026498144721523918,0.5525570961774635,0.7431844713349315,2,2,1,OSQP
8,6,2,8,OFT_distance|Absolute_turn_angle_OFT|Average_speed_NOR1|Time_investigating_Piramidka_NOR1|Latency_to_first_investigation_Piramidka_NOR1|Latency_to_first_investigation_Stakan_NOR1|Learning_T1max|rear_support,0.0,0.4,0.10720562211161433,0.18774596180089534,0.0030167670797486327,0.0604595346425734,8,0.2200783469294116,0.12698736353549173,0.8394380207093739,0.8605586991508002,2,2,1,OSQP
8,6,3,8,OFT_distance|Absolute_turn_angle_OFT|Average_speed_NOR1|Time_investigating_Piramidka_NOR1|Latency_to_first_investigation_Piramidka_NOR1|Latency_to_first_investigation_Stakan_NOR1|Learning_T1max|rear_support,0.0,0.1,0.03138078762395884,0.10439090651260569,0.006063465787731005,0.08407510778692144,8,0.6943396873990006,0.2986352803646477,0.7448866939213394,0.8379901949847908,2,2,1,OSQP
8,7,1,8,OFT_distance|Absolute_turn_angle_OFT|Average_speed_NOR1|Time_investigating_Piramidka_NOR1|Latency_to_first_investigation_Piramidka_NOR1|Latency_to_first_investigation_Stakan_NOR1|Learning_T1max|rear_support,0.0,0.4,0.06784443090984535,0.20126278494659927,0.004950746909433542,0.09253695823532145,8,0.2996062175293597,0.13212256407535217,0.7203930008043251,0.7761620819361428,2,2,1,OSQP
8,7,2,8,OFT_distance|Absolute_turn_angle_OFT|Average_speed_NOR1|Time_investigating_Piramidka_NOR1|Latency_to_first_investigation_Piramidka_NOR1|Latency_to_first_investigation_Stakan_NOR1|Learning_T1max|rear_support,0.0,0.3,0.09179225078314754,0.06534772335831626,0.01342462357340346,0.08702411621140213,8,0.03700387334471894,0.023952117274633224,0.7624822475250574,0.7749501664115424,2,2,1,OSQP
8,8,1,8,OFT_distance|Absolute_turn_angle_OFT|Average_speed_NOR1|Time_investigating_Piramidka_NOR1|Latency_to_first_investigation_Piramidka_NOR1|Latency_to_first_investigation_Stakan_NOR1|Learning_T1max|rear_support,0.0,0.3,0.07064493986094175,0.10558057756846106,0.005797420739459246,0.058123345239271824,7,0.3988127946126982,0.22627936988734135,0.7401387454994239,0.7750264914881659,2,2,1,OSQP
8,8,2,8,OFT_distance|Absolute_turn_angle_OFT|Average_speed_NOR1|Time_investigating_Piramidka_NOR1|Latency_to_first_investigation_Piramidka_NOR1|Latency_to_first_investigation_Stakan_NOR1|Learning_T1max|rear_support,0.0,0.0,0.00021139039183729476,0.12190153696463528,0.011198415579281149,0.1354809208902349,8,0.49900132162228233,0.23892537495706256,0.5014450868488016,0.6329746696944092,2,2,1,OSQP
8,8,3,8,OFT_distance|Absolute_turn_angle_OFT|Average_speed_NOR1|Time_investigating_Piramidka_NOR1|Latency_to_first_investigation_Piramidka_NOR1|Latency_to_first_investigation_Stakan_NOR1|Learning_T1max|rear_support,0.0,0.5,0.15640019488549095,0.09435213917355792,0.006452579654589053,0.06247965321264692,8,0.11764629528329193,0.11764628441519581,0.7423791424303942,0.7492936627703797,2,2,1,OSQP
8,9,1,8,OFT_distance|Absolute_turn_angle_OFT|Average_speed_NOR1|Time_investigating_Piramidka_NOR1|Latency_to_first_investigation_Piramidka_NOR1|Latency_to_first_investigation_Stakan_NOR1|Learning_T1max|rear_support,0.0,0.3,0.09436953542975943,0.09270388824530416,0.010504282701474252,0.06481549994314549,8,0.1667553739908704,0.12072473286231769,0.785636479008754,0.7741117024345587,2,2,1,OSQP
8,9,3,8,OFT_distance|Absolute_turn_angle_OFT|Average_speed_NOR1|Time_investigating_Piramidka_NOR1|Latency_to_first_investigation_Piramidka_NOR1|Latency_to_first_investigation_Stakan_NOR1|Learning_T1max|rear_support,0.0,0.4,0.1913872263767892,0.1917417044347057,0.003636455059285507,0.05898637647476336,8,2.1753995875777817e-09,2.1425786809096453e-09,0.7800216449211521,0.791041037075618,2,2,1,OSQP
9,0,1,9,OFT_distance|Absolute_turn_angle_OFT|Average_speed_NOR1|Time_investigating_Piramidka_NOR1|Latency_to_first_investigation_Piramidka_NOR1|Latency_to_first_investigation_Stakan_NOR1|Latency_to_first_investigation_Stakan_zone_NOR2|Learning_T1max|rear_support,0.0,0.3,0.10022942574138294,0.13469702350929433,0.028125041544948562,0.18220997445261364,9,0.04475306677229702,0.0447530329501772,0.6209585921141818,0.6684694457606047,4,2,1,OSQP
9,0,2,9,OFT_distance|Absolute_turn_angle_OFT|Average_speed_NOR1|Time_investigating_Piramidka_NOR1|Latency_to_first_investigation_Piramidka_NOR1|Latency_to_first_investigation_Stakan_NOR1|Latency_to_first_investigation_Stakan_zone_NOR2|Learning_T1max|rear_support,0.0,0.1,0.02476141483393475,0.11551069789628193,0.015514557449771637,0.15856478450638675,9,0.31367260423408067,0.18706717591739383,0.6569272705452112,0.6902021169580852,4,2,1,OSQP
9,1,1,9,OFT_distance|Absolute_turn_angle_OFT|Average_speed_NOR1|Time_investigating_Piramidka_NOR1|Latency_to_first_investigation_Piramidka_NOR1|Latency_to_first_investigation_Stakan_NOR1|Latency_to_first_investigation_Stakan_zone_NOR2|Learning_T1max|rear_support,0.0,0.4,0.15582395415121827,0.2355541402113303,0.005581466563083393,0.054744940176067146,9,0.14827918689450523,0.11622429169563564,0.8192863402137855,0.8649565998173983,4,2,1,OSQP
9,1,2,9,OFT_distance|Absolute_turn_angle_OFT|Average_speed_NOR1|Time_investigating_Piramidka_NOR1|Latency_to_first_investigation_Piramidka_NOR1|Latency_to_first_investigation_Stakan_NOR1|Latency_to_first_investigation_Stakan_zone_NOR2|Learning_T1max|rear_support,0.0,0.2,0.04877737604688659,0.11574172204491806,0.012299558404150238,0.12871034095389547,8,0.16322460761331822,0.0816123057812512,0.5803868932673735,0.7460456129170928,4,2,1,OSQP
9,1,3,9,OFT_distance|Absolute_turn_angle_OFT|Average_speed_NOR1|Time_investigating_Piramidka_NOR1|Latency_to_first_investigation_Piramidka_NOR1|Latency_to_first_investigation_Stakan_NOR1|Latency_to_first_investigation_Stakan_zone_NOR2|Learning_T1max|rear_support,0.06,0.0,0.0269254954776225,275.3433308225988,74241.62952938957,0.23930252994320245,9,0.15494803835080112,0.13934059937508414,0.4972726274722512,-2198.8894097000007,4,2,2,OSQP
9,2,3,9,OFT_distance|Absolute_turn_angle_OFT|Average_speed_NOR1|Time_investigating_Piramidka_NOR1|Latency_to_first_investigation_Piramidka_NOR1|Latency_to_first_investigation_Stakan_NOR1|Latency_to_first_investigation_Stakan_zone_NOR2|Learning_T1max|rear_support,0.0,0.1,0.017801279646701012,0.09680152269860427,0.007237879187381784,0.10943151499344354,9,0.47449768797681335,0.27484505805931686,0.6626339428585227,0.6975820593006796,4,2,1,OSQP
9,3,1,9,OFT_distance|Absolute_turn_angle_OFT|Average_speed_NOR1|Time_investigating_Piramidka_NOR1|Latency_to_first_investigation_Piramidka_NOR1|Latency_to_first_investigation_Stakan_NOR1|Latency_to_first_investigation_Stakan_zone_NOR2|Learning_T1max|rear_support,0.0,0.2,0.0327755481457732,0.15101022262993818,0.02459086070654033,0.14837054274498915,9,0.43088576316027555,0.19525004145337982,0.5107819346624625,0.5152453449139813,4,2,1,OSQP
9,3,2,9,OFT_distance|Absolute_turn_angle_OFT|Average_speed_NOR1|Time_investigating_Piramidka_NOR1|Latency_to_first_investigation_Piramidka_NOR1|Latency_to_first_investigation_Stakan_NOR1|Latency_to_first_investigation_Stakan_zone_NOR2|Learning_T1max|rear_support,0.0,0.4,0.08595821408457828,0.06396103588031414,0.019607001750780787,0.09413012297888194,9,0.09518958393897603,0.09491417404612398,0.658295794907739,0.7743853863955481,4,2,1,OSQP
9,3,3,9,OFT_distance|Absolute_turn_angle_OFT|Average_speed_NOR1|Time_investigating_Piramidka_NOR1|Latency_to_first_investigation_Piramidka_NOR1|Latency_to_first_investigation_Stakan_NOR1|Latency_to_first_investigation_Stakan_zone_NOR2|Learning_T1max|rear_support,0.0,0.4,0.1515095184767127,0.10616260516280969,0.009730056245505013,0.08686244445074325,9,0.08774450496053908,0.06526948502503449,0.7925176547723431,0.745967224424288,4,2,1,OSQP
9,5,1,9,OFT_distance|Absolute_turn_angle_OFT|Average_speed_NOR1|Time_investigating_Piramidka_NOR1|Latency_to_first_investigation_Piramidka_NOR1|Latency_to_first_investigation_Stakan_NOR1|Latency_to_first_investigation_Stakan_zone_NOR2|Learning_T1max|rear_support,0.0,0.2,0.03348675807575844,0.12715746388370455,0.03317552007726621,0.1710162032680207,9,0.419552218988681,0.14431847723492683,0.5580118270471919,0.335471795518577,4,2,1,OSQP
9,5,2,9,OFT_distance|Absolute_turn_angle_OFT|Average_speed_NOR1|Time_investigating_Piramidka_NOR1|Latency_to_first_investigation_Piramidka_NOR1|Latency_to_first_investigation_Stakan_NOR1|Latency_to_first_investigation_Stakan_zone_NOR2|Learning_T1max|rear_support,0.0,0.3,0.06771763384566874,0.024036143366433095,0.01313092421064397,0.09653347311279309,9,0.08105180916695912,0.07391687640441874,0.7651143594059908,0.8028561955887958,4,2,1,OSQP
9,5,3,9,OFT_distance|Absolute_turn_angle_OFT|Average_speed_NOR1|Time_investigating_Piramidka_NOR1|Latency_to_first_investigation_Piramidka_NOR1|Latency_to_first_investigation_Stakan_NOR1|Latency_to_first_investigation_Stakan_zone_NOR2|Learning_T1max|rear_support,0.0,0.4,0.19962654445738431,0.21859611933384332,0.0022266598287644978,0.05497072142915046,9,0.03324374788035678,0.03324374368155113,0.7574854191320806,0.8422913459857335,4,2,1,OSQP
9,6,1,9,OFT_distance|Absolute_turn_angle_OFT|Average_speed_NOR1|Time_investigating_Piramidka_NOR1|Latency_to_first_investigation_Piramidka_NOR1|Latency_to_first_investigation_Stakan_NOR1|Latency_to_first_investigation_Stakan_zone_NOR2|Learning_T1max|rear_support,0.0,0.2,0.08655769920813433,0.08706151640488802,0.018091102401381797,0.14714903588190065,9,0.018772041655284694,0.018771951867979295,0.6904952031521441,0.6475260599066461,4,2,1,OSQP
9,6,2,9,OFT_distance|Absolute_turn_angle_OFT|Average_speed_NOR1|Time_investigating_Piramidka_NOR1|Latency_to_first_investigation_Piramidka_NOR1|Latency_to_first_investigation_Stakan_NOR1|Latency_to_first_investigation_Stakan_zone_NOR2|Learning_T1max|rear_support,0.0,0.4,0.1057668129022397,0.18443795927879875,0.0027916159679686153,0.06027992269798747,9,0.21984767528869348,0.1285239968247863,0.8361708745016627,0.8684093766555032,4,2,1,OSQP
9,6,3,9,OFT_distance|Absolute_turn_angle_OFT|Average_speed_NOR1|Time_investigating_Piramidka_NOR1|Latency_to_first_investigation_Piramidka_NOR1|Latency_to_first_investigation_Stakan_NOR1|Latency_to_first_investigation_Stakan_zone_NOR2|Learning_T1max|rear_support,0.0,0.1,0.04059165865802758,0.15379114360501972,0.01217716623485837,0.12990868776387643,9,0.5744509720394402,0.2971750200239562,0.7073499069533811,0.7627650452148065,4,2,1,OSQP
9,7,1,9,OFT_distance|Absolute_turn_angle_OFT|Average_speed_NOR1|Time_investigating_Piramidka_NOR1|Latency_to_first_investigation_Piramidka_NOR1|Latency_to_first_investigation_Stakan_NOR1|Latency_to_first_investigation_Stakan_zone_NOR2|Learning_T1max|rear_support,0.0,0.3,0.05809501064484501,0.1993964148715286,0.008277298925806207,0.10833368170413693,9,0.24917080486176385,0.1328443561517973,0.691520454370854,0.7245071263413532,4,2,1,OSQP
9,7,2,9,OFT_distance|Absolute_turn_angle_OFT|Average_speed_NOR1|Time_investigating_Piramidka_NOR1|Latency_to_first_investigation_Piramidka_NOR1|Latency_to_first_investigation_Stakan_NOR1|Latency_to_first_investigation_Stakan_zone_NOR2|Learning_T1max|rear_support,0.0,0.3,0.09638289166285767,0.08401433407475759,0.030817925216112412,0.09080360896102518,9,0.02635680268032938,0.026356797943531914,0.7694870691961462,0.5182251964453772,4,2,1,OSQP
9,8,1,9,OFT_distance|Absolute_turn_angle_OFT|Average_speed_NOR1|Time_investigating_Piramidka_NOR1|Latency_to_first_investigation_Piramidka_NOR1|Latency_to_first_investigation_Stakan_NOR1|Latency_to_first_investigation_Stakan_zone_NOR2|Learning_T1max|rear_support,0.0,0.4,0.07726133526888357,0.11320690175612064,0.007405461974411414,0.05869662929849289,9,0.38983684122429596,0.21788222386937803,0.7373165193345887,0.767869109419048,4,2,1,OSQP
9,8,2,9,OFT_distance|Absolute_turn_angle_OFT|Average_speed_NOR1|Time_investigating_Piramidka_NOR1|Latency_to_first_investigation_Piramidka_NOR1|Latency_to_first_investigation_Stakan_NOR1|Latency_to_first_investigation_Stakan_zone_NOR2|Learning_T1max|rear_support,0.0,0.0,0.0107713399404108,0.14212710389269245,0.03576277321875166,0.20774732116698844,9,0.25295541595598175,0.188649795326785,0.387602897990837,0.5698502288078401,4,2,1,OSQP
9,8,3,9,OFT_distance|Absolute_turn_angle_OFT|Average_speed_NOR1|Time_investigating_Piramidka_NOR1|Latency_to_first_investigation_Piramidka_NOR1|Latency_to_first_investigation_Stakan_NOR1|Latency_to_first_investigation_Stakan_zone_NOR2|Learning_T1max|rear_support,0.0,0.5,0.15910552496122,0.10284776134344599,0.006727127033445482,0.07588767281738552,9,0.08874672856529957,0.08874671718086523,0.7002927704827573,0.6961396775463844,4,2,1,OSQP
9,9,1,9,OFT_distance|Absolute_turn_angle_OFT|Average_speed_NOR1|Time_investigating_Piramidka_NOR1|Latency_to_first_investigation_Piramidka_NOR1|Latency_to_first_investigation_Stakan_NOR1|Latency_to_first_investigation_Stakan_zone_NOR2|Learning_T1max|rear_support,0.0,0.3,0.09659223309407232,0.10113629019830316,0.010185023776553698,0.06328344223996024,9,0.16430027696766206,0.12374129364923749,0.7675226753909543,0.7929080850201942,4,2,1,OSQP
9,9,3,9,OFT_distance|Absolute_turn_angle_OFT|Average_speed_NOR1|Time_investigating_Piramidka_NOR1|Latency_to_first_investigation_Piramidka_NOR1|Latency_to_first_investigation_Stakan_NOR1|Latency_to_first_investigation_Stakan_zone_NOR2|Learning_T1max|rear_support,0.0,0.4,0.19386030570402366,0.19017882488307736,0.0036439955276240652,0.05768506020704666,9,1.0616119009348442e-08,1.0603501110879425e-08,0.7810301394621896,0.794145983402859,4,2,1,OSQP
10,0,1,10,OFT_distance|Absolute_turn_angle_OFT|Average_speed_NOR1|Time_investigating_Piramidka_NOR1|Latency_to_first_investigation_Piramidka_NOR1|Latency_to_first_investigation_Stakan_NOR1|Time_investigating_Stakan_zone_NOR2|Latency_to_first_investigation_Stakan_zone_NOR2|Learning_T1max|rear_support,0.0,0.3,0.0999327413004273,0.13233359200410866,0.02734831981135853,0.18089739431501728,10,0.04417062917591374,0.04417060482417548,0.6223521120252867,0.6676607192384396,6,2,1,OSQP
10,0,2,10,OFT_distance|Absolute_turn_angle_OFT|Average_speed_NOR1|Time_investigating_Piramidka_NOR1|Latency_to_first_investigation_Piramidka_NOR1|Latency_to_first_investigation_Stakan_NOR1|Time_investigating_Stakan_zone_NOR2|Latency_to_first_investigation_Stakan_zone_NOR2|Learning_T1max|rear_support,0.0,0.1,0.026606287886791074,0.09940800886765208,0.01697475161990152,0.1473842629942533,10,0.2984620658969561,0.19201949534385612,0.6187269615634452,0.7212752947210781,6,2,1,OSQP
10,1,1,10,OFT_distance|Absolute_turn_angle_OFT|Average_speed_NOR1|Time_investigating_Piramidka_NOR1|Latency_to_first_investigation_Piramidka_NOR1|Latency_to_first_investigation_Stakan_NOR1|Time_investigating_Stakan_zone_NOR2|Latency_to_first_investigation_Stakan_zone_NOR2|Learning_T1max|rear_support,0.0,0.5,0.1639622514251161,0.2542415046045055,0.006893052581406319,0.07059894941015936,10,0.12473553339641213,0.11786849300038167,0.7462925318401857,0.8616072732286846,6,2,1,OSQP
10,1,2,10,OFT_distance|Absolute_turn_angle_OFT|Average_speed_NOR1|Time_investigating_Piramidka_NOR1|Latency_to_first_investigation_Piramidka_NOR1|Latency_to_first_investigation_Stakan_NOR1|Time_investigating_Stakan_zone_NOR2|Latency_to_first_investigation_Stakan_zone_NOR2|Learning_T1max|rear_support,0.0,0.2,0.04901926705436101,0.11587992502242132,0.011866173748385172,0.12732328640033844,9,0.16623526307644707,0.08311763173798867,0.5803507216017143,0.7444169584422767,6,2,1,OSQP
10,1,3,10,OFT_distance|Absolute_turn_angle_OFT|Average_speed_NOR1|Time_investigating_Piramidka_NOR1|Latency_to_first_investigation_Piramidka_NOR1|Latency_to_first_investigation_Stakan_NOR1|Time_investigating_Stakan_zone_NOR2|Latency_to_first_investigation_Stakan_zone_NOR2|Learning_T1max|rear_support,0.06,0.0,0.02486147325296972,264.9552660981653,68749.92908314573,0.23441878008725386,10,0.15572851461085851,0.13820035583429935,0.5007813718598475,-2115.954427145106,6,2,3,OSQP
10,2,3,10,OFT_distance|Absolute_turn_angle_OFT|Average_speed_NOR1|Time_investigating_Piramidka_NOR1|Latency_to_first_investigation_Piramidka_NOR1|Latency_to_first_investigation_Stakan_NOR1|Time_investigating_Stakan_zone_NOR2|Latency_to_first_investigation_Stakan_zone_NOR2|Learning_T1max|rear_support,0.0,0.1,0.017972295120229968,0.09755434559257468,0.007465319900181112,0.11046069988152814,10,0.4696698502036776,0.2746080040081186,0.6640503096156809,0.6978646758307595,6,2,1,OSQP
10,3,1,10,OFT_distance|Absolute_turn_angle_OFT|Average_speed_NOR1|Time_investigating_Piramidka_NOR1|Latency_to_first_investigation_Piramidka_NOR1|Latency_to_first_investigation_Stakan_NOR1|Time_investigating_Stakan_zone_NOR2|Latency_to_first_investigation_Stakan_zone_NOR2|Learning_T1max|rear_support,0.0,0.2,0.03324033498847222,0.1542046805862931,0.022695632349693105,0.15234589177515473,10,0.4172676852809401,0.18850262754154212,0.49528722237902856,0.5001790425080869,6,2,1,OSQP
10,3,2,10,OFT_distance|Absolute_turn_angle_OFT|Average_speed_NOR1|Time_investigating_Piramidka_NOR1|Latency_to_first_investigation_Piramidka_NOR1|Latency_to_first_investigation_Stakan_NOR1|Time_investigating_Stakan_zone_NOR2|Latency_to_first_investigation_Stakan_zone_NOR2|Learning_T1max|rear_support,0.0,0.4,0.08401836212200489,0.1498348595691553,0.011899163277261177,0.10164610780818166,10,0.06605622798569998,0.06605622797542346,0.7177610672190582,0.8381087711109413,6,2,1,OSQP
10,3,3,10,OFT_distance|Absolute_turn_angle_OFT|Average_speed_NOR1|Time_investigating_Piramidka_NOR1|Latency_to_first_investigation_Piramidka_NOR1|Latency_to_first_investigation_Stakan_NOR1|Time_investigating_Stakan_zone_NOR2|Latency_to_first_investigation_Stakan_zone_NOR2|Learning_T1max|rear_support,0.0,0.5,0.15427979200945757,0.10253913038169142,0.009437891252822132,0.08590504631295937,10,0.08487582343873995,0.06583807163093325,0.7978960167505511,0.7590857206440761,6,2,1,OSQP
10,5,1,10,OFT_distance|Absolute_turn_angle_OFT|Average_speed_NOR1|Time_investigating_Piramidka_NOR1|Latency_to_first_investigation_Piramidka_NOR1|Latency_to_first_investigation_Stakan_NOR1|Time_investigating_Stakan_zone_NOR2|Latency_to_first_investigation_Stakan_zone_NOR2|Learning_T1max|rear_support,0.0,0.2,0.04478262645635222,0.10488632913587201,0.03809647260215527,0.19379651088935462,10,0.368520284185873,0.1424663183338808,0.55888079463646,0.3084337520116227,6,2,1,OSQP
10,5,2,10,OFT_distance|Absolute_turn_angle_OFT|Average_speed_NOR1|Time_investigating_Piramidka_NOR1|Latency_to_first_investigation_Piramidka_NOR1|Latency_to_first_investigation_Stakan_NOR1|Time_investigating_Stakan_zone_NOR2|Latency_to_first_investigation_Stakan_zone_NOR2|Learning_T1max|rear_support,0.0,0.4,0.07006593620656228,0.0230609673574908,0.01516784412635219,0.09698328172192265,10,0.07754633475891877,0.07103648397213796,0.7363840848926497,0.7750474034373146,6,2,1,OSQP
10,5,3,10,OFT_distance|Absolute_turn_angle_OFT|Average_speed_NOR1|Time_investigating_Piramidka_NOR1|Latency_to_first_investigation_Piramidka_NOR1|Latency_to_first_investigation_Stakan_NOR1|Time_investigating_Stakan_zone_NOR2|Latency_to_first_investigation_Stakan_zone_NOR2|Learning_T1max|rear_support,0.0,0.4,0.2106652048523089,0.23171782282466116,0.00405888361358214,0.0591014861666114,10,0.015764949467801114,0.01576494943296241,0.8122601743223323,0.8819546054487511,6,2,1,OSQP
10,6,1,10,OFT_distance|Absolute_turn_angle_OFT|Average_speed_NOR1|Time_investigating_Piramidka_NOR1|Latency_to_first_investigation_Piramidka_NOR1|Latency_to_first_investigation_Stakan_NOR1|Time_investigating_Stakan_zone_NOR2|Latency_to_first_investigation_Stakan_zone_NOR2|Learning_T1max|rear_support,0.0,0.2,0.08685979166771035,0.08935890619969407,0.016643143911888855,0.14401690003800835,10,0.020486197334977058,0.020486196501780223,0.7023618247956457,0.66299413590005,6,2,1,OSQP
10,6,2,10,OFT_distance|Absolute_turn_angle_OFT|Average_speed_NOR1|Time_investigating_Piramidka_NOR1|Latency_to_first_investigation_Piramidka_NOR1|Latency_to_first_investigation_Stakan_NOR1|Time_investigating_Stakan_zone_NOR2|Latency_to_first_investigation_Stakan_zone_NOR2|Learning_T1max|rear_support,0.0,0.4,0.10769742023195554,0.21876308338189895,0.00680979450017528,0.0892270528080815,10,0.15370110822315222,0.10409229527180597,0.7178250572977494,0.8070467924098226,6,2,1,OSQP
10,6,3,10,OFT_distance|Absolute_turn_angle_OFT|Average_speed_NOR1|Time_investigating_Piramidka_NOR1|Latency_to_first_investigation_Piramidka_NOR1|Latency_to_first_investigation_Stakan_NOR1|Time_investigating_Stakan_zone_NOR2|Latency_to_first_investigation_Stakan_zone_NOR2|Learning_T1max|rear_support,0.0,0.1,0.040650275948497364,0.15363785030217014,0.012043266804094954,0.12989269805875506,10,0.5744625142127007,0.29716603672689407,0.7064143794737329,0.7678980791521748,6,2,1,OSQP
10,7,1,10,OFT_distance|Absolute_turn_angle_OFT|Average_speed_NOR1|Time_investigating_Piramidka_NOR1|Latency_to_first_investigation_Piramidka_NOR1|Latency_to_first_investigation_Stakan_NOR1|Time_investigating_Stakan_zone_NOR2|Latency_to_first_investigation_Stakan_zone_NOR2|Learning_T1max|rear_support,0.0,0.3,0.05788512454565668,0.19958415827774248,0.008291145310001134,0.10837457276450368,10,0.24867070836956873,0.13290927236052444,0.6898670980820906,0.7238107488285801,6,2,1,OSQP
10,7,2,10,OFT_distance|Absolute_turn_angle_OFT|Average_speed_NOR1|Time_investigating_Piramidka_NOR1|Latency_to_first_investigation_Piramidka_NOR1|Latency_to_first_investigation_Stakan_NOR1|Time_investigating_Stakan_zone_NOR2|Latency_to_first_investigation_Stakan_zone_NOR2|Learning_T1max|rear_support,0.0,0.3,0.09623777605599194,0.08453886969401679,0.02947289779623205,0.08954317443823442,10,0.027555783793090108,0.02755576789857711,0.77315602399459,0.5350431239959712,6,2,1,OSQP
10,8,1,10,OFT_distance|Absolute_turn_angle_OFT|Average_speed_NOR1|Time_investigating_Piramidka_NOR1|Latency_to_first_investigation_Piramidka_NOR1|Latency_to_first_investigation_Stakan_NOR1|Time_investigating_Stakan_zone_NOR2|Latency_to_first_investigation_Stakan_zone_NOR2|Learning_T1max|rear_support,0.0,0.3,0.0688601994649881,0.135715811574663,0.01846567143166766,0.11451818069127048,10,0.27432125231816923,0.17806493523757327,0.6101149821738676,0.6447430264797029,6,2,1,OSQP
10,8,2,10,OFT_distance|Absolute_turn_angle_OFT|Average_speed_NOR1|Time_investigating_Piramidka_NOR1|Latency_to_first_investigation_Piramidka_NOR1|Latency_to_first_investigation_Stakan_NOR1|Time_investigating_Stakan_zone_NOR2|Latency_to_first_investigation_Stakan_zone_NOR2|Learning_T1max|rear_support,0.0,0.1,0.011935757639258545,0.16711736416370948,0.038532313109373745,0.20852668117087764,10,0.24644242266865501,0.17665299004694424,0.409925042672286,0.4867210020016288,6,2,1,OSQP
10,8,3,10,OFT_distance|Absolute_turn_angle_OFT|Average_speed_NOR1|Time_investigating_Piramidka_NOR1|Latency_to_first_investigation_Piramidka_NOR1|Latency_to_first_investigation_Stakan_NOR1|Time_investigating_Stakan_zone_NOR2|Latency_to_first_investigation_Stakan_zone_NOR2|Learning_T1max|rear_support,0.0,0.5,0.1712547212407322,0.1043157262212778,0.007015341088364671,0.07243068991856826,10,0.08350220855670171,0.08350220584176879,0.7392865032909929,0.7410735718188691,6,2,1,OSQP
10,9,1,10,OFT_distance|Absolute_turn_angle_OFT|Average_speed_NOR1|Time_investigating_Piramidka_NOR1|Latency_to_first_investigation_Piramidka_NOR1|Latency_to_first_investigation_Stakan_NOR1|Time_investigating_Stakan_zone_NOR2|Latency_to_first_investigation_Stakan_zone_NOR2|Learning_T1max|rear_support,0.0,0.5,0.11984455045836176,0.1092365241201933,0.006390867831654581,0.06777747310931848,10,0.13203425331216306,0.11449604863521863,0.7323109474570044,0.7997615762172543,6,2,1,OSQP
10,9,3,10,OFT_distance|Absolute_turn_angle_OFT|Average_speed_NOR1|Time_investigating_Piramidka_NOR1|Latency_to_first_investigation_Piramidka_NOR1|Latency_to_first_investigation_Stakan_NOR1|Time_investigating_Stakan_zone_NOR2|Latency_to_first_investigation_Stakan_zone_NOR2|Learning_T1max|rear_support,0.0,0.4,0.20274913406249592,0.19180255451763795,0.0036078295979230656,0.05166558876876253,10,8.113338382350972e-09,8.106962693701887e-09,0.8146165942669747,0.7963217694476686,6,2,1,OSQP
11,0,1,11,OFT_distance|Absolute_turn_angle_OFT|Average_speed_NOR1|Time_investigating_Piramidka_NOR1|Latency_to_first_investigation_Piramidka_NOR1|Latency_to_first_investigation_Stakan_NOR1|Time_investigating_Stakan_zone_NOR2|Latency_to_first_investigation_Stakan_zone_NOR2|Learning_T1max|rear_support|Weight,0.0,0.3,0.09695604253289838,0.12427845332838534,0.024561137818665892,0.18138392013484542,11,0.0381464867347172,0.038146473934515146,0.633315993949797,0.6323757636095619,6,2,2,OSQP
11,0,2,11,OFT_distance|Absolute_turn_angle_OFT|Average_speed_NOR1|Time_investigating_Piramidka_NOR1|Latency_to_first_investigation_Piramidka_NOR1|Latency_to_first_investigation_Stakan_NOR1|Time_investigating_Stakan_zone_NOR2|Latency_to_first_investigation_Stakan_zone_NOR2|Learning_T1max|rear_support|Weight,0.0,0.1,0.03311274618618763,0.09488371705173777,0.018377306535887896,0.15776896383862923,11,0.26065998313633637,0.1671955947292031,0.6716033687851153,0.7112956177710397,6,2,1,OSQP
11,1,1,11,OFT_distance|Absolute_turn_angle_OFT|Average_speed_NOR1|Time_investigating_Piramidka_NOR1|Latency_to_first_investigation_Piramidka_NOR1|Latency_to_first_investigation_Stakan_NOR1|Time_investigating_Stakan_zone_NOR2|Latency_to_first_investigation_Stakan_zone_NOR2|Learning_T1max|rear_support|Weight,0.0,0.5,0.17314419850795354,0.2452439676038364,0.007842074005429658,0.07856491745388718,11,0.10191817768760657,0.10191817583169879,0.8433071456321584,0.8418018351703175,6,2,1,OSQP
11,1,2,11,OFT_distance|Absolute_turn_angle_OFT|Average_speed_NOR1|Time_investigating_Piramidka_NOR1|Latency_to_first_investigation_Piramidka_NOR1|Latency_to_first_investigation_Stakan_NOR1|Time_investigating_Stakan_zone_NOR2|Latency_to_first_investigation_Stakan_zone_NOR2|Learning_T1max|rear_support|Weight,0.0,0.2,0.05286383243868296,0.12284806348797975,0.013054697768369613,0.1264547794544981,10,0.161443511486046,0.08072175656252192,0.5821246439500143,0.6321464699997074,6,2,1,OSQP
11,1,3,11,OFT_distance|Absolute_turn_angle_OFT|Average_speed_NOR1|Time_investigating_Piramidka_NOR1|Latency_to_first_investigation_Piramidka_NOR1|Latency_to_first_investigation_Stakan_NOR1|Time_investigating_Stakan_zone_NOR2|Latency_to_first_investigation_Stakan_zone_NOR2|Learning_T1max|rear_support|Weight,0.06,0.1,0.028812215161434417,259.5857664270128,66000.94947176332,0.23064124456049345,11,0.1493825251297378,0.13992399082101614,0.48118792375397734,-2073.1831694033795,6,2,3,OSQP
11,2,3,11,OFT_distance|Absolute_turn_angle_OFT|Average_speed_NOR1|Time_investigating_Piramidka_NOR1|Latency_to_first_investigation_Piramidka_NOR1|Latency_to_first_investigation_Stakan_NOR1|Time_investigating_Stakan_zone_NOR2|Latency_to_first_investigation_Stakan_zone_NOR2|Learning_T1max|rear_support|Weight,0.0,0.1,0.019728724003747283,0.0984715289509166,0.007303450600200409,0.11117099185010308,11,0.46498936767064164,0.2673633802560412,0.6813913235654763,0.7030826573332932,6,2,1,OSQP
11,3,1,11,OFT_distance|Absolute_turn_angle_OFT|Average_speed_NOR1|Time_investigating_Piramidka_NOR1|Latency_to_first_investigation_Piramidka_NOR1|Latency_to_first_investigation_Stakan_NOR1|Time_investigating_Stakan_zone_NOR2|Latency_to_first_investigation_Stakan_zone_NOR2|Learning_T1max|rear_support|Weight,0.0,0.2,0.0315814056304247,0.1533825289934173,0.024870586185384676,0.15719483518741775,11,0.40701723381633115,0.19904545281291455,0.44377500861431773,0.4830626648858759,6,2,1,OSQP
11,3,2,11,OFT_distance|Absolute_turn_angle_OFT|Average_speed_NOR1|Time_investigating_Piramidka_NOR1|Latency_to_first_investigation_Piramidka_NOR1|Latency_to_first_investigation_Stakan_NOR1|Time_investigating_Stakan_zone_NOR2|Latency_to_first_investigation_Stakan_zone_NOR2|Learning_T1max|rear_support|Weight,0.0,0.4,0.08394158920445263,0.14967187229005144,0.01189591543311837,0.10161659180776852,11,0.06610134474303178,0.06610134342320663,0.7175761125544122,0.8377307656044346,6,2,1,OSQP
11,3,3,11,OFT_distance|Absolute_turn_angle_OFT|Average_speed_NOR1|Time_investigating_Piramidka_NOR1|Latency_to_first_investigation_Piramidka_NOR1|Latency_to_first_investigation_Stakan_NOR1|Time_investigating_Stakan_zone_NOR2|Latency_to_first_investigation_Stakan_zone_NOR2|Learning_T1max|rear_support|Weight,0.0,0.4,0.14204604643608287,0.10178242888095865,0.013785049526276093,0.10396680312151835,11,0.05484821037471189,0.05175381298218895,0.737711532178918,0.6163371167276699,6,2,1,OSQP
11,5,1,11,OFT_distance|Absolute_turn_angle_OFT|Average_speed_NOR1|Time_investigating_Piramidka_NOR1|Latency_to_first_investigation_Piramidka_NOR1|Latency_to_first_investigation_Stakan_NOR1|Time_investigating_Stakan_zone_NOR2|Latency_to_first_investigation_Stakan_zone_NOR2|Learning_T1max|rear_support|Weight,0.0,0.2,0.06860670843795225,0.09663356162637493,0.06455104146247241,0.2264795314714274,11,0.08585610879747754,0.04433352245039909,0.4118756588855004,0.17109248324358095,6,2,1,OSQP
11,5,2,11,OFT_distance|Absolute_turn_angle_OFT|Average_speed_NOR1|Time_investigating_Piramidka_NOR1|Latency_to_first_investigation_Piramidka_NOR1|Latency_to_first_investigation_Stakan_NOR1|Time_investigating_Stakan_zone_NOR2|Latency_to_first_investigation_Stakan_zone_NOR2|Learning_T1max|rear_support|Weight,0.0,0.4,0.0825844745298576,0.03367732819155114,0.02081468851625007,0.10456555044134128,11,0.06249349910123633,0.06249349418740938,0.7587257516820795,0.7487646451510016,6,2,1,OSQP
11,5,3,11,OFT_distance|Absolute_turn_angle_OFT|Average_speed_NOR1|Time_investigating_Piramidka_NOR1|Latency_to_first_investigation_Piramidka_NOR1|Latency_to_first_investigation_Stakan_NOR1|Time_investigating_Stakan_zone_NOR2|Latency_to_first_investigation_Stakan_zone_NOR2|Learning_T1max|rear_support|Weight,0.0,0.4,0.21185479601434887,0.23562043027918492,0.0038616597667538635,0.05861399318111977,11,0.015904748679582085,0.015904748641138663,0.8024612029315177,0.882072071281675,6,2,1,OSQP
11,6,1,11,OFT_distance|Absolute_turn_angle_OFT|Average_speed_NOR1|Time_investigating_Piramidka_NOR1|Latency_to_first_investigation_Piramidka_NOR1|Latency_to_first_investigation_Stakan_NOR1|Time_investigating_Stakan_zone_NOR2|Latency_to_first_investigation_Stakan_zone_NOR2|Learning_T1max|rear_support|Weight,0.0,0.2,0.08687652079919975,0.09028868687879961,0.016387332563264672,0.14577914258166075,11,0.018313966595908792,0.01831395530754413,0.702457400139001,0.6530003996352933,6,2,1,OSQP
11,6,2,11,OFT_distance|Absolute_turn_angle_OFT|Average_speed_NOR1|Time_investigating_Piramidka_NOR1|Latency_to_first_investigation_Piramidka_NOR1|Latency_to_first_investigation_Stakan_NOR1|Time_investigating_Stakan_zone_NOR2|Latency_to_first_investigation_Stakan_zone_NOR2|Learning_T1max|rear_support|Weight,0.0,0.5,0.11981111417041419,0.22230367042858146,0.014152784632422416,0.10845362395771718,11,0.08348222322194572,0.08348222322162296,0.7049490320607343,0.6829645524113979,6,2,1,OSQP
11,6,3,11,OFT_distance|Absolute_turn_angle_OFT|Average_speed_NOR1|Time_investigating_Piramidka_NOR1|Latency_to_first_investigation_Piramidka_NOR1|Latency_to_first_investigation_Stakan_NOR1|Time_investigating_Stakan_zone_NOR2|Latency_to_first_investigation_Stakan_zone_NOR2|Learning_T1max|rear_support|Weight,0.0,0.3,0.047659607533561354,0.14611205269309085,0.01184854545534972,0.13173287273249012,11,0.5556959922332244,0.2748883954981743,0.7299172552055271,0.746053148569642,6,2,1,OSQP
11,7,1,11,OFT_distance|Absolute_turn_angle_OFT|Average_speed_NOR1|Time_investigating_Piramidka_NOR1|Latency_to_first_investigation_Piramidka_NOR1|Latency_to_first_investigation_Stakan_NOR1|Time_investigating_Stakan_zone_NOR2|Latency_to_first_investigation_Stakan_zone_NOR2|Learning_T1max|rear_support|Weight,0.0,0.3,0.06158527019213304,0.20318745235214825,0.008285686639152589,0.10688651936320624,11,0.24423054556802806,0.12534530857179843,0.7011022891151815,0.7135447290021257,6,2,1,OSQP
11,7,2,11,OFT_distance|Absolute_turn_angle_OFT|Average_speed_NOR1|Time_investigating_Piramidka_NOR1|Latency_to_first_investigation_Piramidka_NOR1|Latency_to_first_investigation_Stakan_NOR1|Time_investigating_Stakan_zone_NOR2|Latency_to_first_investigation_Stakan_zone_NOR2|Learning_T1max|rear_support|Weight,0.0,0.4,0.12072308294367103,0.020267281874145202,0.0099567589640967,0.0604695647968027,11,2.325548614450979e-08,8.115244420580118e-09,0.8031598148077985,0.7429755789486148,6,2,1,OSQP
11,8,1,11,OFT_distance|Absolute_turn_angle_OFT|Average_speed_NOR1|Time_investigating_Piramidka_NOR1|Latency_to_first_investigation_Piramidka_NOR1|Latency_to_first_investigation_Stakan_NOR1|Time_investigating_Stakan_zone_NOR2|Latency_to_first_investigation_Stakan_zone_NOR2|Learning_T1max|rear_support|Weight,0.0,0.3,0.07063208145713826,0.14086735316143656,0.01895427046486099,0.11667602138591494,11,0.2703007334868219,0.17492961299258658,0.6115128211326228,0.649248084588822,6,2,1,OSQP
11,8,2,11,OFT_distance|Absolute_turn_angle_OFT|Average_speed_NOR1|Time_investigating_Piramidka_NOR1|Latency_to_first_investigation_Piramidka_NOR1|Latency_to_first_investigation_Stakan_NOR1|Time_investigating_Stakan_zone_NOR2|Latency_to_first_investigation_Stakan_zone_NOR2|Learning_T1max|rear_support|Weight,0.0,0.1,0.017261138972525663,0.14292317443142233,0.03150540771461024,0.17702214140189507,11,0.26705961260619054,0.17674854733583287,0.4098814153156327,0.5436066506565289,6,2,1,OSQP
11,8,3,11,OFT_distance|Absolute_turn_angle_OFT|Average_speed_NOR1|Time_investigating_Piramidka_NOR1|Latency_to_first_investigation_Piramidka_NOR1|Latency_to_first_investigation_Stakan_NOR1|Time_investigating_Stakan_zone_NOR2|Latency_to_first_investigation_Stakan_zone_NOR2|Learning_T1max|rear_support|Weight,0.0,0.5,0.16193187188712957,0.06722829933975544,0.005084833013524387,0.08325893452644338,11,0.023582817594286713,0.023582817590669207,0.7644767926288709,0.7799700681098614,6,2,1,OSQP
11,9,1,11,OFT_distance|Absolute_turn_angle_OFT|Average_speed_NOR1|Time_investigating_Piramidka_NOR1|Latency_to_first_investigation_Piramidka_NOR1|Latency_to_first_investigation_Stakan_NOR1|Time_investigating_Stakan_zone_NOR2|Latency_to_first_investigation_Stakan_zone_NOR2|Learning_T1max|rear_support|Weight,0.0,0.4,0.12244242243219756,0.10805522640272508,0.008329135217725969,0.07790517807779541,11,0.11274681342856935,0.10777719444196786,0.7533042149893625,0.7592101235165205,6,2,1,OSQP
11,9,3,11,OFT_distance|Absolute_turn_angle_OFT|Average_speed_NOR1|Time_investigating_Piramidka_NOR1|Latency_to_first_investigation_Piramidka_NOR1|Latency_to_first_investigation_Stakan_NOR1|Time_investigating_Stakan_zone_NOR2|Latency_to_first_investigation_Stakan_zone_NOR2|Learning_T1max|rear_support|Weight,0.0,0.4,0.20069406886168012,0.18721816279330425,0.0024694844355943055,0.04917168997908535,11,4.5251004587229136e-11,1.502081815314128e-11,0.8244903612379413,0.7879440782125036,6,2,1,OSQP
12,0,1,12,OFT_distance|Absolute_turn_angle_OFT|Average_speed_NOR1|Time_investigating_Piramidka_NOR1|Latency_to_first_investigation_Piramidka_NOR1|Latency_to_first_investigation_Stakan_NOR1|Time_investigating_Stakan_zone_NOR2|Latency_to_first_investigation_Stakan_zone_NOR2|Learning_T1max|Learning_T2sum|rear_support|Weight,0.0,0.3,0.10651891749228506,0.12305713540586352,0.025367324772106136,0.17634130913490703,12,0.03632362343119377,0.03632361034890181,0.7333350412267069,0.6640918693305743,6,2,1,OSQP
12,0,2,12,OFT_distance|Absolute_turn_angle_OFT|Average_speed_NOR1|Time_investigating_Piramidka_NOR1|Latency_to_first_investigation_Piramidka_NOR1|Latency_to_first_investigation_Stakan_NOR1|Time_investigating_Stakan_zone_NOR2|Latency_to_first_investigation_Stakan_zone_NOR2|Learning_T1max|Learning_T2sum|rear_support|Weight,0.0,0.1,0.03488072819124182,0.09786936481536462,0.018585054248906486,0.15608076259085238,12,0.2640913907500587,0.16147103912778377,0.6841827582396862,0.7034448982944475,6,2,1,OSQP
12,1,1,12,OFT_distance|Absolute_turn_angle_OFT|Average_speed_NOR1|Time_investigating_Piramidka_NOR1|Latency_to_first_investigation_Piramidka_NOR1|Latency_to_first_investigation_Stakan_NOR1|Time_investigating_Stakan_zone_NOR2|Latency_to_first_investigation_Stakan_zone_NOR2|Learning_T1max|Learning_T2sum|rear_support|Weight,0.0,0.5,0.17255891776564908,0.24687505531487286,0.0075363288498156294,0.07924606591064264,12,0.10110836072383715,0.10110834941389282,0.840679761119637,0.8404622479902135,6,2,1,OSQP
12,1,2,12,OFT_distance|Absolute_turn_angle_OFT|Average_speed_NOR1|Time_investigating_Piramidka_NOR1|Latency_to_first_investigation_Piramidka_NOR1|Latency_to_first_investigation_Stakan_NOR1|Time_investigating_Stakan_zone_NOR2|Latency_to_first_investigation_Stakan_zone_NOR2|Learning_T1max|Learning_T2sum|rear_support|Weight,0.0,0.2,0.05276517033945853,0.12254649613459549,0.013007902395556813,0.12999056199818876,11,0.16151226588906267,0.08075613320509464,0.5964600208262003,0.6529057811025456,6,2,1,OSQP
12,1,3,12,OFT_distance|Absolute_turn_angle_OFT|Average_speed_NOR1|Time_investigating_Piramidka_NOR1|Latency_to_first_investigation_Piramidka_NOR1|Latency_to_first_investigation_Stakan_NOR1|Time_investigating_Stakan_zone_NOR2|Latency_to_first_investigation_Stakan_zone_NOR2|Learning_T1max|Learning_T2sum|rear_support|Weight,0.06,0.2,0.027560436923974425,258.7599420604745,65574.74728019907,0.23235089913300694,12,0.14461325067788497,0.137574695006335,0.4952279824354614,-2066.455170718089,6,2,3,OSQP
12,2,3,12,OFT_distance|Absolute_turn_angle_OFT|Average_speed_NOR1|Time_investigating_Piramidka_NOR1|Latency_to_first_investigation_Piramidka_NOR1|Latency_to_first_investigation_Stakan_NOR1|Time_investigating_Stakan_zone_NOR2|Latency_to_first_investigation_Stakan_zone_NOR2|Learning_T1max|Learning_T2sum|rear_support|Weight,0.0,0.1,0.029186191074689456,0.13444615166980267,0.009705175775131388,0.12161515815540676,12,0.4387941866447186,0.24722946112916536,0.7098605979213521,0.6125490054590432,6,2,1,OSQP
12,3,1,12,OFT_distance|Absolute_turn_angle_OFT|Average_speed_NOR1|Time_investigating_Piramidka_NOR1|Latency_to_first_investigation_Piramidka_NOR1|Latency_to_first_investigation_Stakan_NOR1|Time_investigating_Stakan_zone_NOR2|Latency_to_first_investigation_Stakan_zone_NOR2|Learning_T1max|Learning_T2sum|rear_support|Weight,0.0,0.2,0.03277716847911955,0.16076138355187644,0.027304519735064422,0.15645180828325048,12,0.40478224441670074,0.19677681065923086,0.4484276788690734,0.4409669906949053,6,2,1,OSQP
12,3,2,12,OFT_distance|Absolute_turn_angle_OFT|Average_speed_NOR1|Time_investigating_Piramidka_NOR1|Latency_to_first_investigation_Piramidka_NOR1|Latency_to_first_investigation_Stakan_NOR1|Time_investigating_Stakan_zone_NOR2|Latency_to_first_investigation_Stakan_zone_NOR2|Learning_T1max|Learning_T2sum|rear_support|Weight,0.0,0.4,0.08442816825935465,0.14895922432558895,0.011885034214434221,0.10112781675805957,12,0.06600347992085916,0.066003477948188,0.7173783159159293,0.8322298654285729,6,2,1,OSQP
12,3,3,12,OFT_distance|Absolute_turn_angle_OFT|Average_speed_NOR1|Time_investigating_Piramidka_NOR1|Latency_to_first_investigation_Piramidka_NOR1|Latency_to_first_investigation_Stakan_NOR1|Time_investigating_Stakan_zone_NOR2|Latency_to_first_investigation_Stakan_zone_NOR2|Learning_T1max|Learning_T2sum|rear_support|Weight,0.0,0.4,0.1433126847066858,0.10477941953990527,0.013497943826641358,0.11413473124159998,12,0.029722674150026357,0.02972267212052872,0.7662925597625921,0.562364698170304,6,2,1,OSQP
12,5,1,12,OFT_distance|Absolute_turn_angle_OFT|Average_speed_NOR1|Time_investigating_Piramidka_NOR1|Latency_to_first_investigation_Piramidka_NOR1|Latency_to_first_investigation_Stakan_NOR1|Time_investigating_Stakan_zone_NOR2|Latency_to_first_investigation_Stakan_zone_NOR2|Learning_T1max|Learning_T2sum|rear_support|Weight,0.0,0.2,0.06474423706292547,0.08982492714981886,0.06878868663652023,0.22594064774297445,12,0.07235317810093823,0.039272770268017794,0.3613443996797654,0.15422330917550908,6,2,1,OSQP
12,5,2,12,OFT_distance|Absolute_turn_angle_OFT|Average_speed_NOR1|Time_investigating_Piramidka_NOR1|Latency_to_first_investigation_Piramidka_NOR1|Latency_to_first_investigation_Stakan_NOR1|Time_investigating_Stakan_zone_NOR2|Latency_to_first_investigation_Stakan_zone_NOR2|Learning_T1max|Learning_T2sum|rear_support|Weight,0.0,0.4,0.08554151471081048,0.04179211194488054,0.02436996626215497,0.1013560742010574,12,0.07158896717058093,0.07158895516743563,0.7699482929320968,0.7943371008947366,6,2,1,OSQP
12,5,3,12,OFT_distance|Absolute_turn_angle_OFT|Average_speed_NOR1|Time_investigating_Piramidka_NOR1|Latency_to_first_investigation_Piramidka_NOR1|Latency_to_first_investigation_Stakan_NOR1|Time_investigating_Stakan_zone_NOR2|Latency_to_first_investigation_Stakan_zone_NOR2|Learning_T1max|Learning_T2sum|rear_support|Weight,0.0,0.4,0.2129865455820466,0.2338243429431537,0.004077699667713209,0.06051252542155052,12,0.0149634615985766,0.014963448912148295,0.8089309900802333,0.8674478874157676,6,2,1,OSQP
12,6,1,12,OFT_distance|Absolute_turn_angle_OFT|Average_speed_NOR1|Time_investigating_Piramidka_NOR1|Latency_to_first_investigation_Piramidka_NOR1|Latency_to_first_investigation_Stakan_NOR1|Time_investigating_Stakan_zone_NOR2|Latency_to_first_investigation_Stakan_zone_NOR2|Learning_T1max|Learning_T2sum|rear_support|Weight,0.0,0.2,0.09203956831166164,0.05912627671233581,0.01653374224810911,0.13153285174167623,12,0.022694115374660623,0.02269411484658343,0.7365776466239281,0.6989181929960253,6,2,1,OSQP
12,6,2,12,OFT_distance|Absolute_turn_angle_OFT|Average_speed_NOR1|Time_investigating_Piramidka_NOR1|Latency_to_first_investigation_Piramidka_NOR1|Latency_to_first_investigation_Stakan_NOR1|Time_investigating_Stakan_zone_NOR2|Latency_to_first_investigation_Stakan_zone_NOR2|Learning_T1max|Learning_T2sum|rear_support|Weight,0.0,0.4,0.12082224090699353,0.2286797121784276,0.011547389077407195,0.1207745680699738,12,0.06196160050368674,0.061961582771890886,0.6918649766934362,0.7098536896709631,6,2,1,OSQP
12,6,3,12,OFT_distance|Absolute_turn_angle_OFT|Average_speed_NOR1|Time_investigating_Piramidka_NOR1|Latency_to_first_investigation_Piramidka_NOR1|Latency_to_first_investigation_Stakan_NOR1|Time_investigating_Stakan_zone_NOR2|Latency_to_first_investigation_Stakan_zone_NOR2|Learning_T1max|Learning_T2sum|rear_support|Weight,0.0,0.3,0.05131601164826314,0.17296883766574253,0.014650717644594182,0.1451160083096688,12,0.5139184785095903,0.23933186962132189,0.6923539278496232,0.6614785287426191,6,2,1,OSQP
12,7,1,12,OFT_distance|Absolute_turn_angle_OFT|Average_speed_NOR1|Time_investigating_Piramidka_NOR1|Latency_to_first_investigation_Piramidka_NOR1|Latency_to_first_investigation_Stakan_NOR1|Time_investigating_Stakan_zone_NOR2|Latency_to_first_investigation_Stakan_zone_NOR2|Learning_T1max|Learning_T2sum|rear_support|Weight,0.0,0.3,0.06563240756999586,0.20898500560135364,0.010042186100727808,0.12381731005971051,12,0.228505844893316,0.12171378859561635,0.7027413153618052,0.6973159658279547,6,2,1,OSQP
12,7,2,12,OFT_distance|Absolute_turn_angle_OFT|Average_speed_NOR1|Time_investigating_Piramidka_NOR1|Latency_to_first_investigation_Piramidka_NOR1|Latency_to_first_investigation_Stakan_NOR1|Time_investigating_Stakan_zone_NOR2|Latency_to_first_investigation_Stakan_zone_NOR2|Learning_T1max|Learning_T2sum|rear_support|Weight,0.0,0.4,0.12158921648652563,0.023484368005573648,0.009149636743039187,0.06031554170280874,11,2.233163232051847e-08,7.967917904111878e-09,0.8067930245867395,0.7526313926919928,6,2,1,OSQP
12,8,1,12,OFT_distance|Absolute_turn_angle_OFT|Average_speed_NOR1|Time_investigating_Piramidka_NOR1|Latency_to_first_investigation_Piramidka_NOR1|Latency_to_first_investigation_Stakan_NOR1|Time_investigating_Stakan_zone_NOR2|Latency_to_first_investigation_Stakan_zone_NOR2|Learning_T1max|Learning_T2sum|rear_support|Weight,0.0,0.3,0.07465343936127553,0.14334509896676267,0.024089774554096277,0.12151291896601031,12,0.2618379598208375,0.1623441690530516,0.6225659967405444,0.6041730685528112,6,2,1,OSQP
12,8,2,12,OFT_distance|Absolute_turn_angle_OFT|Average_speed_NOR1|Time_investigating_Piramidka_NOR1|Latency_to_first_investigation_Piramidka_NOR1|Latency_to_first_investigation_Stakan_NOR1|Time_investigating_Stakan_zone_NOR2|Latency_to_first_investigation_Stakan_zone_NOR2|Learning_T1max|Learning_T2sum|rear_support|Weight,0.0,0.1,0.016932115449989883,0.14087696744800124,0.03169293433524455,0.17958858933044985,12,0.26880184059511325,0.17970418437168834,0.4158074699108494,0.5476764828032266,6,2,1,OSQP
12,8,3,12,OFT_distance|Absolute_turn_angle_OFT|Average_speed_NOR1|Time_investigating_Piramidka_NOR1|Latency_to_first_investigation_Piramidka_NOR1|Latency_to_first_investigation_Stakan_NOR1|Time_investigating_Stakan_zone_NOR2|Latency_to_first_investigation_Stakan_zone_NOR2|Learning_T1max|Learning_T2sum|rear_support|Weight,0.0,0.5,0.16490172777129447,0.06488629904627635,0.005737953580138246,0.08409984070095836,12,0.022972456313313863,0.02297245630994439,0.7678504942357351,0.7552348290661691,6,2,1,OSQP
12,9,1,12,OFT_distance|Absolute_turn_angle_OFT|Average_speed_NOR1|Time_investigating_Piramidka_NOR1|Latency_to_first_investigation_Piramidka_NOR1|Latency_to_first_investigation_Stakan_NOR1|Time_investigating_Stakan_zone_NOR2|Latency_to_first_investigation_Stakan_zone_NOR2|Learning_T1max|Learning_T2sum|rear_support|Weight,0.0,0.4,0.12644915474416216,0.12429289538835375,0.008529120905031927,0.08119075230805947,12,0.10384315851296744,0.0999891980425575,0.7413088737293824,0.7742377282789149,6,2,1,OSQP
12,9,3,12,OFT_distance|Absolute_turn_angle_OFT|Average_speed_NOR1|Time_investigating_Piramidka_NOR1|Latency_to_first_investigation_Piramidka_NOR1|Latency_to_first_investigation_Stakan_NOR1|Time_investigating_Stakan_zone_NOR2|Latency_to_first_investigation_Stakan_zone_NOR2|Learning_T1max|Learning_T2sum|rear_support|Weight,0.0,0.4,0.2016609343294867,0.1805068169794376,0.002419124265629836,0.04568778511191366,12,1.0133744782716225e-08,9.221538001487227e-09,0.8221257172068396,0.784803987672875,6,2,1,OSQP
13,0,1,13,OFT_distance|Absolute_turn_angle_OFT|Average_speed_NOR1|Time_investigating_Piramidka_NOR1|Latency_to_first_investigation_Piramidka_NOR1|Latency_to_first_investigation_Stakan_NOR1|Time_investigating_Stakan_zone_NOR2|Latency_to_first_investigation_Stakan_zone_NOR2|Learning_T1max|Learning_T2sum|Learning_T3sum|rear_support|Weight,0.0,0.3,0.10570131381369723,0.12569737120794933,0.025896386795724927,0.17558810592255747,13,0.038270513045467316,0.03827050252422279,0.7404089914936369,0.6597906001887647,6,2,1,OSQP
13,0,2,13,OFT_distance|Absolute_turn_angle_OFT|Average_speed_NOR1|Time_investigating_Piramidka_NOR1|Latency_to_first_investigation_Piramidka_NOR1|Latency_to_first_investigation_Stakan_NOR1|Time_investigating_Stakan_zone_NOR2|Latency_to_first_investigation_Stakan_zone_NOR2|Learning_T1max|Learning_T2sum|Learning_T3sum|rear_support|Weight,0.0,0.1,0.03739788807600944,0.10276651917956951,0.023538217306621593,0.19008706476289486,13,0.1774803437999601,0.15299910675588865,0.542293359745663,0.6735331233042103,6,2,1,OSQP
13,1,1,13,OFT_distance|Absolute_turn_angle_OFT|Average_speed_NOR1|Time_investigating_Piramidka_NOR1|Latency_to_first_investigation_Piramidka_NOR1|Latency_to_first_investigation_Stakan_NOR1|Time_investigating_Stakan_zone_NOR2|Latency_to_first_investigation_Stakan_zone_NOR2|Learning_T1max|Learning_T2sum|Learning_T3sum|rear_support|Weight,0.0,0.5,0.18366905244142653,0.251179957644908,0.006640675617799477,0.08955005123077953,13,0.07513221212493637,0.0751322091352614,0.8796126734420311,0.8643281607081142,6,2,1,OSQP
13,1,2,13,OFT_distance|Absolute_turn_angle_OFT|Average_speed_NOR1|Time_investigating_Piramidka_NOR1|Latency_to_first_investigation_Piramidka_NOR1|Latency_to_first_investigation_Stakan_NOR1|Time_investigating_Stakan_zone_NOR2|Latency_to_first_investigation_Stakan_zone_NOR2|Learning_T1max|Learning_T2sum|Learning_T3sum|rear_support|Weight,0.0,0.2,0.04972034523996128,0.12026882476534564,0.012868364422804812,0.13270082304197248,12,0.15553347004535364,0.0777667357483593,0.5563006132652853,0.6474580165443276,6,2,1,OSQP
13,1,3,13,OFT_distance|Absolute_turn_angle_OFT|Average_speed_NOR1|Time_investigating_Piramidka_NOR1|Latency_to_first_investigation_Piramidka_NOR1|Latency_to_first_investigation_Stakan_NOR1|Time_investigating_Stakan_zone_NOR2|Latency_to_first_investigation_Stakan_zone_NOR2|Learning_T1max|Learning_T2sum|Learning_T3sum|rear_support|Weight,0.06,0.2,0.026355086977129127,255.9483230164867,64158.62276276227,0.23238461608892555,13,0.1438755089155127,0.13788464198128225,0.4901941668132611,-2044.0112982853357,6,2,3,OSQP
13,2,3,13,OFT_distance|Absolute_turn_angle_OFT|Average_speed_NOR1|Time_investigating_Piramidka_NOR1|Latency_to_first_investigation_Piramidka_NOR1|Latency_to_first_investigation_Stakan_NOR1|Time_investigating_Stakan_zone_NOR2|Latency_to_first_investigation_Stakan_zone_NOR2|Learning_T1max|Learning_T2sum|Learning_T3sum|rear_support|Weight,0.0,0.1,0.03256129203982193,0.1311584079364351,0.010773973448223494,0.13266834061709407,13,0.413446062465036,0.24542785235123515,0.677050409066357,0.6341893214791154,6,2,1,OSQP
13,3,1,13,OFT_distance|Absolute_turn_angle_OFT|Average_speed_NOR1|Time_investigating_Piramidka_NOR1|Latency_to_first_investigation_Piramidka_NOR1|Latency_to_first_investigation_Stakan_NOR1|Time_investigating_Stakan_zone_NOR2|Latency_to_first_investigation_Stakan_zone_NOR2|Learning_T1max|Learning_T2sum|Learning_T3sum|rear_support|Weight,0.0,0.2,0.029268021961483603,0.14317302487512248,0.029005688137028505,0.16463771321704576,13,0.371452264632716,0.18549250125137767,0.4358137008529628,0.4267071991491965,6,2,1,OSQP
13,3,2,13,OFT_distance|Absolute_turn_angle_OFT|Average_speed_NOR1|Time_investigating_Piramidka_NOR1|Latency_to_first_investigation_Piramidka_NOR1|Latency_to_first_investigation_Stakan_NOR1|Time_investigating_Stakan_zone_NOR2|Latency_to_first_investigation_Stakan_zone_NOR2|Learning_T1max|Learning_T2sum|Learning_T3sum|rear_support|Weight,0.0,0.4,0.08160564818151124,0.143644156177724,0.01207653430948199,0.10204743904986414,13,0.06408616215590529,0.06408615827227282,0.695661421914316,0.8273501330865796,6,2,1,OSQP
13,3,3,13,OFT_distance|Absolute_turn_angle_OFT|Average_speed_NOR1|Time_investigating_Piramidka_NOR1|Latency_to_first_investigation_Piramidka_NOR1|Latency_to_first_investigation_Stakan_NOR1|Time_investigating_Stakan_zone_NOR2|Latency_to_first_investigation_Stakan_zone_NOR2|Learning_T1max|Learning_T2sum|Learning_T3sum|rear_support|Weight,0.0,0.4,0.142330043653672,0.09240561184688624,0.011592439227842763,0.14659511044272305,13,1.3583872027940848e-09,9.645468851793268e-10,0.7846148791599425,0.6162125150452269,6,2,1,OSQP
13,5,1,13,OFT_distance|Absolute_turn_angle_OFT|Average_speed_NOR1|Time_investigating_Piramidka_NOR1|Latency_to_first_investigation_Piramidka_NOR1|Latency_to_first_investigation_Stakan_NOR1|Time_investigating_Stakan_zone_NOR2|Latency_to_first_investigation_Stakan_zone_NOR2|Learning_T1max|Learning_T2sum|Learning_T3sum|rear_support|Weight,0.0,0.2,0.06373670771460367,0.08984500514760058,0.06891930268689994,0.22529943387267906,13,0.07288077102629945,0.03985133661887011,0.35809454808433516,0.14437027453572138,6,2,1,OSQP
13,5,2,13,OFT_distance|Absolute_turn_angle_OFT|Average_speed_NOR1|Time_investigating_Piramidka_NOR1|Latency_to_first_investigation_Piramidka_NOR1|Latency_to_first_investigation_Stakan_NOR1|Time_investigating_Stakan_zone_NOR2|Latency_to_first_investigation_Stakan_zone_NOR2|Learning_T1max|Learning_T2sum|Learning_T3sum|rear_support|Weight,0.0,0.4,0.08616171122677782,0.0415860790728706,0.02403789963897132,0.10181507859048505,13,0.07202293051523967,0.07202292412185969,0.7737210436385903,0.7917271408354473,6,2,1,OSQP
13,5,3,13,OFT_distance|Absolute_turn_angle_OFT|Average_speed_NOR1|Time_investigating_Piramidka_NOR1|Latency_to_first_investigation_Piramidka_NOR1|Latency_to_first_investigation_Stakan_NOR1|Time_investigating_Stakan_zone_NOR2|Latency_to_first_investigation_Stakan_zone_NOR2|Learning_T1max|Learning_T2sum|Learning_T3sum|rear_support|Weight,0.0,0.5,0.20588291013701068,0.2397554552697293,0.0027627818098131672,0.06979221471257735,13,1.1760338067881344e-08,6.883112586420014e-09,0.8697019597235007,0.8879137203666709,6,2,1,OSQP
13,6,1,13,OFT_distance|Absolute_turn_angle_OFT|Average_speed_NOR1|Time_investigating_Piramidka_NOR1|Latency_to_first_investigation_Piramidka_NOR1|Latency_to_first_investigation_Stakan_NOR1|Time_investigating_Stakan_zone_NOR2|Latency_to_first_investigation_Stakan_zone_NOR2|Learning_T1max|Learning_T2sum|Learning_T3sum|rear_support|Weight,0.0,0.3,0.08309504881852606,0.061738126248345106,0.015904483133684894,0.1447846072926152,13,0.0013460594474889642,0.001346058805537985,0.6907316206632887,0.7193266909539254,6,2,1,OSQP
13,6,2,13,OFT_distance|Absolute_turn_angle_OFT|Average_speed_NOR1|Time_investigating_Piramidka_NOR1|Latency_to_first_investigation_Piramidka_NOR1|Latency_to_first_investigation_Stakan_NOR1|Time_investigating_Stakan_zone_NOR2|Latency_to_first_investigation_Stakan_zone_NOR2|Learning_T1max|Learning_T2sum|Learning_T3sum|rear_support|Weight,0.0,0.4,0.1261842199896161,0.2454245227468269,0.013141202619186389,0.15497150875334018,13,0.01790014076207532,0.017900140644928897,0.6683871496206328,0.7296677388051782,6,2,1,OSQP
13,6,3,13,OFT_distance|Absolute_turn_angle_OFT|Average_speed_NOR1|Time_investigating_Piramidka_NOR1|Latency_to_first_investigation_Piramidka_NOR1|Latency_to_first_investigation_Stakan_NOR1|Time_investigating_Stakan_zone_NOR2|Latency_to_first_investigation_Stakan_zone_NOR2|Learning_T1max|Learning_T2sum|Learning_T3sum|rear_support|Weight,0.0,0.3,0.04925459127410954,0.17447574987868386,0.01491981400555304,0.14257929388555987,13,0.5089885409942835,0.23876384704892412,0.6861239579546596,0.6752016823819745,6,2,1,OSQP
13,7,1,13,OFT_distance|Absolute_turn_angle_OFT|Average_speed_NOR1|Time_investigating_Piramidka_NOR1|Latency_to_first_investigation_Piramidka_NOR1|Latency_to_first_investigation_Stakan_NOR1|Time_investigating_Stakan_zone_NOR2|Latency_to_first_investigation_Stakan_zone_NOR2|Learning_T1max|Learning_T2sum|Learning_T3sum|rear_support|Weight,0.0,0.3,0.0607795297382522,0.20839608809538035,0.010403928350976402,0.14444009655174567,13,0.20117840466729867,0.11508940721054291,0.6240645999449048,0.6716606263596341,6,2,1,OSQP
13,7,2,13,OFT_distance|Absolute_turn_angle_OFT|Average_speed_NOR1|Time_investigating_Piramidka_NOR1|Latency_to_first_investigation_Piramidka_NOR1|Latency_to_first_investigation_Stakan_NOR1|Time_investigating_Stakan_zone_NOR2|Latency_to_first_investigation_Stakan_zone_NOR2|Learning_T1max|Learning_T2sum|Learning_T3sum|rear_support|Weight,0.0,0.4,0.11797777773594251,0.024522247742506158,0.007671062049872741,0.061243889867295814,13,1.958562751788935e-08,1.1596508499644178e-08,0.8025909256051085,0.7773957810833558,6,2,1,OSQP
13,8,1,13,OFT_distance|Absolute_turn_angle_OFT|Average_speed_NOR1|Time_investigating_Piramidka_NOR1|Latency_to_first_investigation_Piramidka_NOR1|Latency_to_first_investigation_Stakan_NOR1|Time_investigating_Stakan_zone_NOR2|Latency_to_first_investigation_Stakan_zone_NOR2|Learning_T1max|Learning_T2sum|Learning_T3sum|rear_support|Weight,0.0,0.3,0.07290940023601297,0.14683839223202869,0.023952768716764355,0.12481305670427502,13,0.24937795203862861,0.1510840667022307,0.5763684338380649,0.6026349835641595,6,2,1,OSQP
13,8,2,13,OFT_distance|Absolute_turn_angle_OFT|Average_speed_NOR1|Time_investigating_Piramidka_NOR1|Latency_to_first_investigation_Piramidka_NOR1|Latency_to_first_investigation_Stakan_NOR1|Time_investigating_Stakan_zone_NOR2|Latency_to_first_investigation_Stakan_zone_NOR2|Learning_T1max|Learning_T2sum|Learning_T3sum|rear_support|Weight,0.0,0.1,0.018468241582129362,0.16800116761159564,0.03082723984363195,0.18328884850129834,13,0.2397879277751841,0.17582814122892187,0.39968016812714846,0.49409878768822535,6,2,1,OSQP
13,8,3,13,OFT_distance|Absolute_turn_angle_OFT|Average_speed_NOR1|Time_investigating_Piramidka_NOR1|Latency_to_first_investigation_Piramidka_NOR1|Latency_to_first_investigation_Stakan_NOR1|Time_investigating_Stakan_zone_NOR2|Latency_to_first_investigation_Stakan_zone_NOR2|Learning_T1max|Learning_T2sum|Learning_T3sum|rear_support|Weight,0.0,0.5,0.16465299048999424,0.06530641551410522,0.005732375860302413,0.0841229379649133,13,0.022903722807939605,0.022903722802575112,0.767478862851441,0.7567083768806364,6,2,1,OSQP
13,9,1,13,OFT_distance|Absolute_turn_angle_OFT|Average_speed_NOR1|Time_investigating_Piramidka_NOR1|Latency_to_first_investigation_Piramidka_NOR1|Latency_to_first_investigation_Stakan_NOR1|Time_investigating_Stakan_zone_NOR2|Latency_to_first_investigation_Stakan_zone_NOR2|Learning_T1max|Learning_T2sum|Learning_T3sum|rear_support|Weight,0.0,0.5,0.13149022282960507,0.13285664711694337,0.007351177949768163,0.09742849353711024,13,0.07740005618734268,0.07740005259627594,0.7847540341800706,0.8324389191507862,6,2,1,OSQP
13,9,3,13,OFT_distance|Absolute_turn_angle_OFT|Average_speed_NOR1|Time_investigating_Piramidka_NOR1|Latency_to_first_investigation_Piramidka_NOR1|Latency_to_first_investigation_Stakan_NOR1|Time_investigating_Stakan_zone_NOR2|Latency_to_first_investigation_Stakan_zone_NOR2|Learning_T1max|Learning_T2sum|Learning_T3sum|rear_support|Weight,0.0,0.4,0.20165445871469406,0.1804863420292294,0.002420814499918647,0.04568892337087129,13,1.873628677366011e-10,1.4304773059708924e-10,0.8220905947243937,0.7847268781054725,6,2,1,OSQP
14,0,1,14,OFT_distance|Absolute_turn_angle_OFT|Average_speed_NOR1|Time_investigating_Piramidka_NOR1|Latency_to_first_investigation_Piramidka_NOR1|Latency_to_first_investigation_Stakan_NOR1|Time_investigating_Stakan_zone_NOR2|Latency_to_first_investigation_Stakan_zone_NOR2|Learning_T1max|Learning_T2sum|Learning_T3sum|EnduranceT|rear_support|Weight,0.0,0.3,0.10404759855587901,0.10576551080557105,0.025405190484040243,0.1694600568965418,14,1.5228505795409467e-08,1.3541865599605683e-08,0.6332964163198962,0.46855045402818785,8,2,2,OSQP
14,0,2,14,OFT_distance|Absolute_turn_angle_OFT|Average_speed_NOR1|Time_investigating_Piramidka_NOR1|Latency_to_first_investigation_Piramidka_NOR1|Latency_to_first_investigation_Stakan_NOR1|Time_investigating_Stakan_zone_NOR2|Latency_to_first_investigation_Stakan_zone_NOR2|Learning_T1max|Learning_T2sum|Learning_T3sum|EnduranceT|rear_support|Weight,0.0,0.1,0.030258929977155347,0.10256559844720588,0.019496641715823968,0.17892791123009916,14,0.17933192127418823,0.16259331207585156,0.5689182257887244,0.7006970312737526,8,2,1,OSQP
14,1,1,14,OFT_distance|Absolute_turn_angle_OFT|Average_speed_NOR1|Time_investigating_Piramidka_NOR1|Latency_to_first_investigation_Piramidka_NOR1|Latency_to_first_investigation_Stakan_NOR1|Time_investigating_Stakan_zone_NOR2|Latency_to_first_investigation_Stakan_zone_NOR2|Learning_T1max|Learning_T2sum|Learning_T3sum|EnduranceT|rear_support|Weight,0.0,0.6,0.19284208885790438,0.2556885368862825,0.007237458632472542,0.0917327239975238,14,0.06948844275901914,0.069488437281605,0.8675035861638808,0.8533334677998982,8,2,1,OSQP
14,1,2,14,OFT_distance|Absolute_turn_angle_OFT|Average_speed_NOR1|Time_investigating_Piramidka_NOR1|Latency_to_first_investigation_Piramidka_NOR1|Latency_to_first_investigation_Stakan_NOR1|Time_investigating_Stakan_zone_NOR2|Latency_to_first_investigation_Stakan_zone_NOR2|Learning_T1max|Learning_T2sum|Learning_T3sum|EnduranceT|rear_support|Weight,0.0,0.2,0.0473495006912856,0.1159662642356003,0.015410292220887035,0.13969429412293907,13,0.14738584008019398,0.07440113350294639,0.5412119121730714,0.6127555420770099,8,2,1,OSQP
14,1,3,14,OFT_distance|Absolute_turn_angle_OFT|Average_speed_NOR1|Time_investigating_Piramidka_NOR1|Latency_to_first_investigation_Piramidka_NOR1|Latency_to_first_investigation_Stakan_NOR1|Time_investigating_Stakan_zone_NOR2|Latency_to_first_investigation_Stakan_zone_NOR2|Learning_T1max|Learning_T2sum|Learning_T3sum|EnduranceT|rear_support|Weight,0.06,0.2,0.04030144789171737,186.5736169624156,34094.89764596203,0.17017500680940276,14,0.10981471442476472,0.10981469988374185,0.46225430841025494,-1489.765985912736,8,2,3,OSQP
14,2,3,14,OFT_distance|Absolute_turn_angle_OFT|Average_speed_NOR1|Time_investigating_Piramidka_NOR1|Latency_to_first_investigation_Piramidka_NOR1|Latency_to_first_investigation_Stakan_NOR1|Time_investigating_Stakan_zone_NOR2|Latency_to_first_investigation_Stakan_zone_NOR2|Learning_T1max|Learning_T2sum|Learning_T3sum|EnduranceT|rear_support|Weight,0.0,0.0,0.023917214805989306,0.10831777053648498,0.007422445458511863,0.12850658379288185,14,0.3600084012596454,0.22394713476898276,0.6765306201215475,0.7557474665294168,8,2,1,OSQP
14,3,1,14,OFT_distance|Absolute_turn_angle_OFT|Average_speed_NOR1|Time_investigating_Piramidka_NOR1|Latency_to_first_investigation_Piramidka_NOR1|Latency_to_first_investigation_Stakan_NOR1|Time_investigating_Stakan_zone_NOR2|Latency_to_first_investigation_Stakan_zone_NOR2|Learning_T1max|Learning_T2sum|Learning_T3sum|EnduranceT|rear_support|Weight,0.0,0.1,0.03205938044147982,0.12067154254719865,0.022389886155179766,0.187607406061756,13,0.31226402905725364,0.16806714454005578,0.41130863496985726,0.40486062647737575,8,2,1,OSQP
14,3,2,14,OFT_distance|Absolute_turn_angle_OFT|Average_speed_NOR1|Time_investigating_Piramidka_NOR1|Latency_to_first_investigation_Piramidka_NOR1|Latency_to_first_investigation_Stakan_NOR1|Time_investigating_Stakan_zone_NOR2|Latency_to_first_investigation_Stakan_zone_NOR2|Learning_T1max|Learning_T2sum|Learning_T3sum|EnduranceT|rear_support|Weight,0.0,0.4,0.08174000409397612,0.13886580482213778,0.012073145409090295,0.10140197141065589,13,0.06699377461024714,0.06699376909159233,0.6964961717449653,0.8296943781852161,8,2,1,OSQP
14,3,3,14,OFT_distance|Absolute_turn_angle_OFT|Average_speed_NOR1|Time_investigating_Piramidka_NOR1|Latency_to_first_investigation_Piramidka_NOR1|Latency_to_first_investigation_Stakan_NOR1|Time_investigating_Stakan_zone_NOR2|Latency_to_first_investigation_Stakan_zone_NOR2|Learning_T1max|Learning_T2sum|Learning_T3sum|EnduranceT|rear_support|Weight,0.0,0.4,0.14095883673715542,0.10501337373720515,0.011486983905048482,0.14098908789730588,14,4.405360226974051e-09,3.1366719381193565e-09,0.7160588903376692,0.5964084123765017,8,2,1,OSQP
14,5,1,14,OFT_distance|Absolute_turn_angle_OFT|Average_speed_NOR1|Time_investigating_Piramidka_NOR1|Latency_to_first_investigation_Piramidka_NOR1|Latency_to_first_investigation_Stakan_NOR1|Time_investigating_Stakan_zone_NOR2|Latency_to_first_investigation_Stakan_zone_NOR2|Learning_T1max|Learning_T2sum|Learning_T3sum|EnduranceT|rear_support|Weight,0.0,0.2,0.07013072574830595,0.1074504063350999,0.05774831811905611,0.21945804072373626,14,0.05657070905254831,0.05657068097930757,0.23636004929183407,0.15949397926485676,8,2,1,OSQP
14,5,2,14,OFT_distance|Absolute_turn_angle_OFT|Average_speed_NOR1|Time_investigating_Piramidka_NOR1|Latency_to_first_investigation_Piramidka_NOR1|Latency_to_first_investigation_Stakan_NOR1|Time_investigating_Stakan_zone_NOR2|Latency_to_first_investigation_Stakan_zone_NOR2|Learning_T1max|Learning_T2sum|Learning_T3sum|EnduranceT|rear_support|Weight,0.0,0.4,0.07931825963992233,0.04036114146194743,0.025307398454635043,0.1042862450688119,14,0.07121498995566647,0.0712149792954572,0.7751113676847641,0.7836875800368264,8,2,1,OSQP
14,5,3,14,OFT_distance|Absolute_turn_angle_OFT|Average_speed_NOR1|Time_investigating_Piramidka_NOR1|Latency_to_first_investigation_Piramidka_NOR1|Latency_to_first_investigation_Stakan_NOR1|Time_investigating_Stakan_zone_NOR2|Latency_to_first_investigation_Stakan_zone_NOR2|Learning_T1max|Learning_T2sum|Learning_T3sum|EnduranceT|rear_support|Weight,0.0,0.5,0.20610966648213166,0.23952489749665626,0.002726544698457739,0.06984671512377975,14,9.224896015807572e-10,6.57404637727415e-10,0.8680892472199673,0.8850497480029645,8,2,1,OSQP
14,6,1,14,OFT_distance|Absolute_turn_angle_OFT|Average_speed_NOR1|Time_investigating_Piramidka_NOR1|Latency_to_first_investigation_Piramidka_NOR1|Latency_to_first_investigation_Stakan_NOR1|Time_investigating_Stakan_zone_NOR2|Latency_to_first_investigation_Stakan_zone_NOR2|Learning_T1max|Learning_T2sum|Learning_T3sum|EnduranceT|rear_support|Weight,0.0,0.3,0.08358898806003713,0.06277978936447724,0.015330410557500717,0.14618669158541578,14,1.9998622074295506e-09,1.3740576889337007e-09,0.6758475689706268,0.7050781804935444,8,2,1,OSQP
14,6,2,14,OFT_distance|Absolute_turn_angle_OFT|Average_speed_NOR1|Time_investigating_Piramidka_NOR1|Latency_to_first_investigation_Piramidka_NOR1|Latency_to_first_investigation_Stakan_NOR1|Time_investigating_Stakan_zone_NOR2|Latency_to_first_investigation_Stakan_zone_NOR2|Learning_T1max|Learning_T2sum|Learning_T3sum|EnduranceT|rear_support|Weight,0.0,0.4,0.12430234619115602,0.24315191099238972,0.012513768334871502,0.15398884660019305,14,0.01881077007954913,0.018810770070621784,0.6735700691689253,0.7309590819988749,8,2,1,OSQP
14,6,3,14,OFT_distance|Absolute_turn_angle_OFT|Average_speed_NOR1|Time_investigating_Piramidka_NOR1|Latency_to_first_investigation_Piramidka_NOR1|Latency_to_first_investigation_Stakan_NOR1|Time_investigating_Stakan_zone_NOR2|Latency_to_first_investigation_Stakan_zone_NOR2|Learning_T1max|Learning_T2sum|Learning_T3sum|EnduranceT|rear_support|Weight,0.0,0.3,0.044142886299574115,0.1811066972124584,0.012645701417497462,0.1720792886526454,14,0.3862493933339052,0.24153392806826016,0.44324638530033933,0.7644452161482113,8,2,1,OSQP
14,7,1,14,OFT_distance|Absolute_turn_angle_OFT|Average_speed_NOR1|Time_investigating_Piramidka_NOR1|Latency_to_first_investigation_Piramidka_NOR1|Latency_to_first_investigation_Stakan_NOR1|Time_investigating_Stakan_zone_NOR2|Latency_to_first_investigation_Stakan_zone_NOR2|Learning_T1max|Learning_T2sum|Learning_T3sum|EnduranceT|rear_support|Weight,0.0,0.3,0.06255788084324924,0.2238161507436719,0.011003283160536448,0.14643880322829553,14,0.15328749221295457,0.09664715675275973,0.6453893826994838,0.6922822376407323,8,2,1,OSQP
14,7,2,14,OFT_distance|Absolute_turn_angle_OFT|Average_speed_NOR1|Time_investigating_Piramidka_NOR1|Latency_to_first_investigation_Piramidka_NOR1|Latency_to_first_investigation_Stakan_NOR1|Time_investigating_Stakan_zone_NOR2|Latency_to_first_investigation_Stakan_zone_NOR2|Learning_T1max|Learning_T2sum|Learning_T3sum|EnduranceT|rear_support|Weight,0.0,0.4,0.1091636060533399,0.02753085232621912,0.004845830997099018,0.05647345201857259,14,2.688213781690686e-08,1.1768260559469795e-08,0.8049825848649235,0.8067103464678487,8,2,1,OSQP
14,8,1,14,OFT_distance|Absolute_turn_angle_OFT|Average_speed_NOR1|Time_investigating_Piramidka_NOR1|Latency_to_first_investigation_Piramidka_NOR1|Latency_to_first_investigation_Stakan_NOR1|Time_investigating_Stakan_zone_NOR2|Latency_to_first_investigation_Stakan_zone_NOR2|Learning_T1max|Learning_T2sum|Learning_T3sum|EnduranceT|rear_support|Weight,0.0,0.1,0.060684832343031715,0.13911843190897752,0.02610172936465774,0.1359216311058137,14,0.23686988026810107,0.15487878215730977,0.5568035890434586,0.5928920590497987,8,2,1,OSQP
14,8,2,14,OFT_distance|Absolute_turn_angle_OFT|Average_speed_NOR1|Time_investigating_Piramidka_NOR1|Latency_to_first_investigation_Piramidka_NOR1|Latency_to_first_investigation_Stakan_NOR1|Time_investigating_Stakan_zone_NOR2|Latency_to_first_investigation_Stakan_zone_NOR2|Learning_T1max|Learning_T2sum|Learning_T3sum|EnduranceT|rear_support|Weight,0.0,0.1,0.017214465153417725,0.15657855011552513,0.026970125608516613,0.17307531622157166,13,0.2392542410475236,0.17541407400339037,0.4410736445807524,0.501816831877208,8,2,1,OSQP
14,8,3,14,OFT_distance|Absolute_turn_angle_OFT|Average_speed_NOR1|Time_investigating_Piramidka_NOR1|Latency_to_first_investigation_Piramidka_NOR1|Latency_to_first_investigation_Stakan_NOR1|Time_investigating_Stakan_zone_NOR2|Latency_to_first_investigation_Stakan_zone_NOR2|Learning_T1max|Learning_T2sum|Learning_T3sum|EnduranceT|rear_support|Weight,0.0,0.5,0.15605216916043574,0.07718533770432315,0.0045134803558735505,0.08454926108195657,14,4.421240309358021e-09,2.4298872225192052e-09,0.6619387644776161,0.8352400129486006,8,2,1,OSQP
14,9,1,14,OFT_distance|Absolute_turn_angle_OFT|Average_speed_NOR1|Time_investigating_Piramidka_NOR1|Latency_to_first_investigation_Piramidka_NOR1|Latency_to_first_investigation_Stakan_NOR1|Time_investigating_Stakan_zone_NOR2|Latency_to_first_investigation_Stakan_zone_NOR2|Learning_T1max|Learning_T2sum|Learning_T3sum|EnduranceT|rear_support|Weight,0.0,0.5,0.12812250930363564,0.13104097342172497,0.0073176467775429325,0.09690093902385213,14,0.07638733046063728,0.07638731578806807,0.7865954993014916,0.8326587720312281,8,2,1,OSQP
14,9,3,14,OFT_distance|Absolute_turn_angle_OFT|Average_speed_NOR1|Time_investigating_Piramidka_NOR1|Latency_to_first_investigation_Piramidka_NOR1|Latency_to_first_investigation_Stakan_NOR1|Time_investigating_Stakan_zone_NOR2|Latency_to_first_investigation_Stakan_zone_NOR2|Learning_T1max|Learning_T2sum|Learning_T3sum|EnduranceT|rear_support|Weight,0.0,0.4,0.19746099668185718,0.1757771129961708,0.0024658759261710337,0.04423660318815735,14,5.930703338629142e-09,5.923149273126e-09,0.8399682765217841,0.7933288710878015,8,2,1,OSQP
15,0,1,15,OFT_distance|Absolute_turn_angle_OFT|Time_inCenter_OFT|Average_speed_NOR1|Time_investigating_Piramidka_NOR1|Latency_to_first_investigation_Piramidka_NOR1|Latency_to_first_investigation_Stakan_NOR1|Time_investigating_Stakan_zone_NOR2|Latency_to_first_investigation_Stakan_zone_NOR2|Learning_T1max|Learning_T2sum|Learning_T3sum|EnduranceT|rear_support|Weight,0.0,0.3,0.10071387003919938,0.10147421358256876,0.026445016068998902,0.16236667448539602,15,7.992438791489062e-09,2.7831843113576497e-09,0.6512839193392389,0.4016666551435911,9,3,2,OSQP
15,0,2,15,OFT_distance|Absolute_turn_angle_OFT|Time_inCenter_OFT|Average_speed_NOR1|Time_investigating_Piramidka_NOR1|Latency_to_first_investigation_Piramidka_NOR1|Latency_to_first_investigation_Stakan_NOR1|Time_investigating_Stakan_zone_NOR2|Latency_to_first_investigation_Stakan_zone_NOR2|Learning_T1max|Learning_T2sum|Learning_T3sum|EnduranceT|rear_support|Weight,0.0,0.1,0.024504752608064916,0.10643557294210566,0.013905271111530539,0.17516104064976648,15,0.14950647377897056,0.1495064737785238,0.5272952276005892,0.7745406560089005,9,3,1,OSQP
15,1,1,15,OFT_distance|Absolute_turn_angle_OFT|Time_inCenter_OFT|Average_speed_NOR1|Time_investigating_Piramidka_NOR1|Latency_to_first_investigation_Piramidka_NOR1|Latency_to_first_investigation_Stakan_NOR1|Time_investigating_Stakan_zone_NOR2|Latency_to_first_investigation_Stakan_zone_NOR2|Learning_T1max|Learning_T2sum|Learning_T3sum|EnduranceT|rear_support|Weight,0.0,0.5,0.186579265177042,0.24135218033911543,0.00541206885182641,0.09230489728788781,14,0.06247584335765944,0.06247583799632308,0.8338391266005604,0.804108876022575,9,3,1,OSQP
15,1,2,15,OFT_distance|Absolute_turn_angle_OFT|Time_inCenter_OFT|Average_speed_NOR1|Time_investigating_Piramidka_NOR1|Latency_to_first_investigation_Piramidka_NOR1|Latency_to_first_investigation_Stakan_NOR1|Time_investigating_Stakan_zone_NOR2|Latency_to_first_investigation_Stakan_zone_NOR2|Learning_T1max|Learning_T2sum|Learning_T3sum|EnduranceT|rear_support|Weight,0.0,0.2,0.0425400176945819,0.1271802485146485,0.01837278249689399,0.15811166566775708,15,0.0907623973061647,0.06609009845520546,0.5169730091978104,0.6026853015154416,9,3,1,OSQP
15,1,3,15,OFT_distance|Absolute_turn_angle_OFT|Time_inCenter_OFT|Average_speed_NOR1|Time_investigating_Piramidka_NOR1|Latency_to_first_investigation_Piramidka_NOR1|Latency_to_first_investigation_Stakan_NOR1|Time_investigating_Stakan_zone_NOR2|Latency_to_first_investigation_Stakan_zone_NOR2|Learning_T1max|Learning_T2sum|Learning_T3sum|EnduranceT|rear_support|Weight,0.06,0.2,0.03604851862645887,177.28932661153553,30789.324890771717,0.16681153018217984,15,0.11175371973197305,0.1117537042595884,0.437263130654704,-1415.648107756855,9,3,3,OSQP
15,2,3,15,OFT_distance|Absolute_turn_angle_OFT|Time_inCenter_OFT|Average_speed_NOR1|Time_investigating_Piramidka_NOR1|Latency_to_first_investigation_Piramidka_NOR1|Latency_to_first_investigation_Stakan_NOR1|Time_investigating_Stakan_zone_NOR2|Latency_to_first_investigation_Stakan_zone_NOR2|Learning_T1max|Learning_T2sum|Learning_T3sum|EnduranceT|rear_support|Weight,0.0,0.0,0.02210197310502743,0.08883821871441643,0.014164764574212679,0.1577247470428351,14,0.24821024570642578,0.1894496681061739,0.6392598813365948,0.6652308097095815,9,3,1,OSQP
15,3,1,15,OFT_distance|Absolute_turn_angle_OFT|Time_inCenter_OFT|Average_speed_NOR1|Time_investigating_Piramidka_NOR1|Latency_to_first_investigation_Piramidka_NOR1|Latency_to_first_investigation_Stakan_NOR1|Time_investigating_Stakan_zone_NOR2|Latency_to_first_investigation_Stakan_zone_NOR2|Learning_T1max|Learning_T2sum|Learning_T3sum|EnduranceT|rear_support|Weight,0.0,0.1,0.024064322677754324,0.038610562144234854,0.023022498561725998,0.2076789343121018,15,0.22218343573928998,0.14608542592365162,0.47765283987333884,0.422416636827295,9,3,1,OSQP
15,3,2,15,OFT_distance|Absolute_turn_angle_OFT|Time_inCenter_OFT|Average_speed_NOR1|Time_investigating_Piramidka_NOR1|Latency_to_first_investigation_Piramidka_NOR1|Latency_to_first_investigation_Stakan_NOR1|Time_investigating_Stakan_zone_NOR2|Latency_to_first_investigation_Stakan_zone_NOR2|Learning_T1max|Learning_T2sum|Learning_T3sum|EnduranceT|rear_support|Weight,0.0,0.3,0.07854919224484654,0.14312963523323613,0.008845475365147609,0.09618077385876736,15,0.06372540681894036,0.06372540681894036,0.7326985380372444,0.825575430767806,9,3,1,OSQP
15,3,3,15,OFT_distance|Absolute_turn_angle_OFT|Time_inCenter_OFT|Average_speed_NOR1|Time_investigating_Piramidka_NOR1|Latency_to_first_investigation_Piramidka_NOR1|Latency_to_first_investigation_Stakan_NOR1|Time_investigating_Stakan_zone_NOR2|Latency_to_first_investigation_Stakan_zone_NOR2|Learning_T1max|Learning_T2sum|Learning_T3sum|EnduranceT|rear_support|Weight,0.0,0.3,0.1263556010985089,0.10487789628307642,0.009741565127905404,0.14093814517956132,15,1.3177502151875787e-09,7.265730960640247e-10,0.6845674662539243,0.6488656546242466,9,3,1,OSQP
15,5,1,15,OFT_distance|Absolute_turn_angle_OFT|Time_inCenter_OFT|Average_speed_NOR1|Time_investigating_Piramidka_NOR1|Latency_to_first_investigation_Piramidka_NOR1|Latency_to_first_investigation_Stakan_NOR1|Time_investigating_Stakan_zone_NOR2|Latency_to_first_investigation_Stakan_zone_NOR2|Learning_T1max|Learning_T2sum|Learning_T3sum|EnduranceT|rear_support|Weight,0.0,0.3,0.06288662741616974,0.12457446842778794,0.0459650965198215,0.2085822457563811,15,0.0649401745693566,0.06494014852672483,0.2620643264794822,0.28620775499050344,9,3,1,OSQP
15,5,2,15,OFT_distance|Absolute_turn_angle_OFT|Time_inCenter_OFT|Average_speed_NOR1|Time_investigating_Piramidka_NOR1|Latency_to_first_investigation_Piramidka_NOR1|Latency_to_first_investigation_Stakan_NOR1|Time_investigating_Stakan_zone_NOR2|Latency_to_first_investigation_Stakan_zone_NOR2|Learning_T1max|Learning_T2sum|Learning_T3sum|EnduranceT|rear_support|Weight,0.0,0.4,0.07191154876453668,0.04335133404868492,0.02483990543741123,0.10003149301274321,15,0.07004728108843648,0.0700472805205853,0.7741951176467938,0.8015136138115418,9,3,1,OSQP
15,5,3,15,OFT_distance|Absolute_turn_angle_OFT|Time_inCenter_OFT|Average_speed_NOR1|Time_investigating_Piramidka_NOR1|Latency_to_first_investigation_Piramidka_NOR1|Latency_to_first_investigation_Stakan_NOR1|Time_investigating_Stakan_zone_NOR2|Latency_to_first_investigation_Stakan_zone_NOR2|Learning_T1max|Learning_T2sum|Learning_T3sum|EnduranceT|rear_support|Weight,0.0,0.5,0.20093490788204077,0.2402858931412488,0.002342296404727835,0.06997342799625589,15,1.5674770425336762e-09,1.5114117911344887e-09,0.8681970716789701,0.8872731932281348,9,3,1,OSQP
15,6,1,15,OFT_distance|Absolute_turn_angle_OFT|Time_inCenter_OFT|Average_speed_NOR1|Time_investigating_Piramidka_NOR1|Latency_to_first_investigation_Piramidka_NOR1|Latency_to_first_investigation_Stakan_NOR1|Time_investigating_Stakan_zone_NOR2|Latency_to_first_investigation_Stakan_zone_NOR2|Learning_T1max|Learning_T2sum|Learning_T3sum|EnduranceT|rear_support|Weight,0.0,0.2,0.08171506667193647,0.046794716361786316,0.016265439733715997,0.13599575286383664,15,2.4015696616401574e-10,1.8412123827334495e-10,0.6833678784493178,0.7267508063064725,9,3,1,OSQP
15,6,2,15,OFT_distance|Absolute_turn_angle_OFT|Time_inCenter_OFT|Average_speed_NOR1|Time_investigating_Piramidka_NOR1|Latency_to_first_investigation_Piramidka_NOR1|Latency_to_first_investigation_Stakan_NOR1|Time_investigating_Stakan_zone_NOR2|Latency_to_first_investigation_Stakan_zone_NOR2|Learning_T1max|Learning_T2sum|Learning_T3sum|EnduranceT|rear_support|Weight,0.0,0.4,0.11796518024233463,0.24210182137365446,0.012177277632532381,0.15177123315787938,15,0.021416417994076543,0.021416417944856853,0.6829734433865848,0.7690894745022778,9,3,1,OSQP
15,6,3,15,OFT_distance|Absolute_turn_angle_OFT|Time_inCenter_OFT|Average_speed_NOR1|Time_investigating_Piramidka_NOR1|Latency_to_first_investigation_Piramidka_NOR1|Latency_to_first_investigation_Stakan_NOR1|Time_investigating_Stakan_zone_NOR2|Latency_to_first_investigation_Stakan_zone_NOR2|Learning_T1max|Learning_T2sum|Learning_T3sum|EnduranceT|rear_support|Weight,0.0,0.2,0.042673677718706816,0.17272259031285517,0.016060743789269714,0.20302331327145168,15,0.25847516416593574,0.20163173960425174,0.39520140633468204,0.5414417610999507,9,3,1,OSQP
15,7,1,15,OFT_distance|Absolute_turn_angle_OFT|Time_inCenter_OFT|Average_speed_NOR1|Time_investigating_Piramidka_NOR1|Latency_to_first_investigation_Piramidka_NOR1|Latency_to_first_investigation_Stakan_NOR1|Time_investigating_Stakan_zone_NOR2|Latency_to_first_investigation_Stakan_zone_NOR2|Learning_T1max|Learning_T2sum|Learning_T3sum|EnduranceT|rear_support|Weight,0.0,0.2,0.04745489944666755,0.2158419245242792,0.016475442087908788,0.1913428420494811,15,0.08340616753382601,0.07208838118413571,0.5964858952934986,0.6001437064172548,9,3,1,OSQP
15,7,2,15,OFT_distance|Absolute_turn_angle_OFT|Time_inCenter_OFT|Average_speed_NOR1|Time_investigating_Piramidka_NOR1|Latency_to_first_investigation_Piramidka_NOR1|Latency_to_first_investigation_Stakan_NOR1|Time_investigating_Stakan_zone_NOR2|Latency_to_first_investigation_Stakan_zone_NOR2|Learning_T1max|Learning_T2sum|Learning_T3sum|EnduranceT|rear_support|Weight,0.0,0.4,0.1124590666179458,0.027140978979698818,0.0056623347045195735,0.05696932350269249,15,2.0917874592459487e-08,9.623708114526511e-09,0.8048671428315919,0.8170330260362582,9,3,1,OSQP
15,8,1,15,OFT_distance|Absolute_turn_angle_OFT|Time_inCenter_OFT|Average_speed_NOR1|Time_investigating_Piramidka_NOR1|Latency_to_first_investigation_Piramidka_NOR1|Latency_to_first_investigation_Stakan_NOR1|Time_investigating_Stakan_zone_NOR2|Latency_to_first_investigation_Stakan_zone_NOR2|Learning_T1max|Learning_T2sum|Learning_T3sum|EnduranceT|rear_support|Weight,0.0,0.1,0.0479564561472835,0.15773855465357517,0.026822847402369825,0.14730322407085378,15,0.18921557115262766,0.1419834282498672,0.5304781918679418,0.6086031310230743,9,3,1,OSQP
15,8,2,15,OFT_distance|Absolute_turn_angle_OFT|Time_inCenter_OFT|Average_speed_NOR1|Time_investigating_Piramidka_NOR1|Latency_to_first_investigation_Piramidka_NOR1|Latency_to_first_investigation_Stakan_NOR1|Time_investigating_Stakan_zone_NOR2|Latency_to_first_investigation_Stakan_zone_NOR2|Learning_T1max|Learning_T2sum|Learning_T3sum|EnduranceT|rear_support|Weight,0.0,0.1,0.013622832227415445,0.1693466261281588,0.025436337734157835,0.18919647663766753,15,0.21562900113960193,0.17740702643531023,0.3947408787958594,0.4899274145930923,9,3,1,OSQP
15,8,3,15,OFT_distance|Absolute_turn_angle_OFT|Time_inCenter_OFT|Average_speed_NOR1|Time_investigating_Piramidka_NOR1|Latency_to_first_investigation_Piramidka_NOR1|Latency_to_first_investigation_Stakan_NOR1|Time_investigating_Stakan_zone_NOR2|Latency_to_first_investigation_Stakan_zone_NOR2|Learning_T1max|Learning_T2sum|Learning_T3sum|EnduranceT|rear_support|Weight,0.0,0.5,0.15579786079086966,0.08317450334627131,0.004683565263825025,0.0853701089697303,15,1.694263480912687e-08,1.0731783531461942e-08,0.6450020673813562,0.8247499382463095,9,3,1,OSQP
15,9,1,15,OFT_distance|Absolute_turn_angle_OFT|Time_inCenter_OFT|Average_speed_NOR1|Time_investigating_Piramidka_NOR1|Latency_to_first_investigation_Piramidka_NOR1|Latency_to_first_investigation_Stakan_NOR1|Time_investigating_Stakan_zone_NOR2|Latency_to_first_investigation_Stakan_zone_NOR2|Learning_T1max|Learning_T2sum|Learning_T3sum|EnduranceT|rear_support|Weight,0.0,0.4,0.10848315894682355,0.11329612739601551,0.00889399016104212,0.10277815506321714,15,0.06730700216729761,0.06730700107349243,0.7628342626129441,0.7909898504625305,9,3,1,OSQP
15,9,3,15,OFT_distance|Absolute_turn_angle_OFT|Time_inCenter_OFT|Average_speed_NOR1|Time_investigating_Piramidka_NOR1|Latency_to_first_investigation_Piramidka_NOR1|Latency_to_first_investigation_Stakan_NOR1|Time_investigating_Stakan_zone_NOR2|Latency_to_first_investigation_Stakan_zone_NOR2|Learning_T1max|Learning_T2sum|Learning_T3sum|EnduranceT|rear_support|Weight,0.0,0.4,0.19674729064146804,0.17562455334223065,0.0024929312630239953,0.044757426240589995,15,4.913386108928815e-11,1.5454110370063684e-11,0.8398779699651582,0.7920354469324942,9,3,1,OSQP
