type,severity,check,mouse_id,group,week,feature,column,excel_cell,value,detail,seed,fold,beta,lambda,C,V_pos,V_sign,V_margin,V_eq,V_var,V_w,solver_status
qc,ok,required_columns,,,,,,,,All required columns are present.,,,,,,,,,,,,
qc,ok,unique_ids,,,,,,,,56 unique mouse IDs before exclusions.,,,,,,,,,,,,
qc,ok,included_mouse_count,,,,,,,54,54 mice after excluding 3.2 and 4.2.,,,,,,,,,,,,
qc,ok,group_count,,PBS,,,,,11,"PBS: expected 11, got 11.",,,,,,,,,,,,
qc,ok,group_count,,LPS,,,,,14,"LPS: expected 14, got 14.",,,,,,,,,,,,
qc,ok,group_count,,run,,,,,15,"run: expected 15, got 15.",,,,,,,,,,,,
qc,ok,group_count,,MCC,,,,,14,"MCC: expected 14, got 14.",,,,,,,,,,,,
qc,ok,group16_consistency,,,,,,,,Group_16 matches exposure interpretation for all 54 mice.,,,,,,,,,,,,
qc,ok,death_monotonicity,,,,,,,,All CFP_16=Dead mice are also CFP_24=Dead.,,,,,,,,,,,,
qc,ok,alive_death_count,,PBS,16.0,,,,9/2,"week 16, PBS: alive=9 (expected 9), death=2 (expected 2).",,,,,,,,,,,,
qc,ok,alive_death_count,,LPS,16.0,,,,12/2,"week 16, LPS: alive=12 (expected 12), death=2 (expected 2).",,,,,,,,,,,,
qc,ok,alive_death_count,,run,16.0,,,,12/3,"week 16, run: alive=12 (expected 12), death=3 (expected 3).",,,,,,,,,,,,
qc,ok,alive_death_count,,MCC,16.0,,,,11/3,"week 16, MCC: alive=11 (expected 11), death=3 (expected 3).",,,,,,,,,,,,
qc,ok,alive_death_count,,PBS,24.0,,,,8/3,"week 24, PBS: alive=8 (expected 8), death=3 (expected 3).",,,,,,,,,,,,
qc,ok,alive_death_count,,LPS,24.0,,,,11/3,"week 24, LPS: alive=11 (expected 11), death=3 (expected 3).",,,,,,,,,,,,
qc,ok,alive_death_count,,run,24.0,,,,12/3,"week 24, run: alive=12 (expected 12), death=3 (expected 3).",,,,,,,,,,,,
qc,ok,alive_death_count,,MCC,24.0,,,,11/3,"week 24, MCC: alive=11 (expected 11), death=3 (expected 3).",,,,,,,,,,,,
qc,info,empty_cfp_not_death,18.2,PBS,16.0,,CFP_16,HI43,,Empty CFP is treated as alive unless CFP explicitly equals Dead.,,,,,,,,,,,,
qc,accepted,accepted_scale_value,9.2,MCC,24.0,OFT_distance,OFT_distance_24,AG23,937.0,"|x-median| > 10*MAD; median=9.8615, MAD=4.586. Reviewed by user and accepted as correct source data; retained unchanged.",,,,,,,,,,,,
qc,accepted,accepted_scale_value,16.1,PBS,24.0,OFT_distance,OFT_distance_24,AG34,291.0,"|x-median| > 10*MAD; median=9.8615, MAD=4.586. Reviewed by user and accepted as correct source data; retained unchanged.",,,,,,,,,,,,
qc,accepted,accepted_scale_value,17.1,PBS,24.0,OFT_distance,OFT_distance_24,AG37,875.0,"|x-median| > 10*MAD; median=9.8615, MAD=4.586. Reviewed by user and accepted as correct source data; retained unchanged.",,,,,,,,,,,,
qc,accepted,accepted_scale_value,21.1,run,24.0,OFT_distance,OFT_distance_24,AG54,96.0,"|x-median| > 10*MAD; median=9.8615, MAD=4.586. Reviewed by user and accepted as correct source data; retained unchanged.",,,,,,,,,,,,
qc,accepted,accepted_scale_value,21.4,run,24.0,OFT_distance,OFT_distance_24,AG57,455.0,"|x-median| > 10*MAD; median=9.8615, MAD=4.586. Reviewed by user and accepted as correct source data; retained unchanged.",,,,,,,,,,,,
qc,accepted,accepted_scale_value,8.2,MCC,16.0,Average_speed_NOR1,Average speed _NOR1_16,BF19,48.0,"|x-median| > 10*MAD; median=0.019, MAD=0.0065. Reviewed by user and accepted as correct source data; retained unchanged.",,,,,,,,,,,,
qc,accepted,accepted_scale_value,8.3,MCC,16.0,Average_speed_NOR1,Average speed _NOR1_16,BF20,6.0,"|x-median| > 10*MAD; median=0.019, MAD=0.0065. Reviewed by user and accepted as correct source data; retained unchanged.",,,,,,,,,,,,
qc,accepted,accepted_scale_value,8.4,MCC,16.0,Average_speed_NOR1,Average speed _NOR1_16,BF21,135.0,"|x-median| > 10*MAD; median=0.019, MAD=0.0065. Reviewed by user and accepted as correct source data; retained unchanged.",,,,,,,,,,,,
qc,review,scale_outlier,12.5,LPS,16.0,Time_investigating_Piramidka_NOR1,Time investigating Piramidka _NOR1_16,BH33,40.2,"|x-median| > 10*MAD; median=6.65, MAD=3.",,,,,,,,,,,,
qc,review,scale_outlier,2.1,MCC,0.0,Latency_to_first_investigation_NOR1,Latency to firs investigation _NOR1_0,AT7,203.0,"|x-median| > 10*MAD; median=13.6, MAD=12.8.",,,,,,,,,,,,
qc,review,scale_outlier,2.4,MCC,0.0,Latency_to_first_investigation_NOR1,Latency to firs investigation _NOR1_0,AT8,194.6,"|x-median| > 10*MAD; median=13.6, MAD=12.8.",,,,,,,,,,,,
qc,review,scale_outlier,4.4,LPS,0.0,Latency_to_first_investigation_NOR1,Latency to firs investigation _NOR1_0,AT16,219.1,"|x-median| > 10*MAD; median=13.6, MAD=12.8.",,,,,,,,,,,,
qc,review,scale_outlier,8.3,MCC,0.0,Latency_to_first_investigation_NOR1,Latency to firs investigation _NOR1_0,AT20,239.0,"|x-median| > 10*MAD; median=13.6, MAD=12.8.",,,,,,,,,,,,
qc,review,scale_outlier,11.1,run,0.0,Latency_to_first_investigation_NOR1,Latency to firs investigation _NOR1_0,AT27,174.4,"|x-median| > 10*MAD; median=13.6, MAD=12.8.",,,,,,,,,,,,
qc,review,scale_outlier,12.2,LPS,0.0,Latency_to_first_investigation_NOR1,Latency to firs investigation _NOR1_0,AT30,206.4,"|x-median| > 10*MAD; median=13.6, MAD=12.8.",,,,,,,,,,,,
qc,review,scale_outlier,17.5,PBS,0.0,Latency_to_first_investigation_NOR1,Latency to firs investigation _NOR1_0,AT41,189.9,"|x-median| > 10*MAD; median=13.6, MAD=12.8.",,,,,,,,,,,,
qc,review,scale_outlier,18.3,PBS,0.0,Latency_to_first_investigation_NOR1,Latency to firs investigation _NOR1_0,AT44,148.3,"|x-median| > 10*MAD; median=13.6, MAD=12.8.",,,,,,,,,,,,
qc,review,scale_outlier,21.5,run,0.0,Latency_to_first_investigation_NOR1,Latency to firs investigation _NOR1_0,AT58,141.9,"|x-median| > 10*MAD; median=13.6, MAD=12.8.",,,,,,,,,,,,
qc,review,scale_outlier,9.3,MCC,0.0,Total_distance_travelled_NOR2,Total distance travelled _NOR2_0,AV24,37.876,"|x-median| > 10*MAD; median=10.3485, MAD=2.6635.",,,,,,,,,,,,
qc,review,scale_outlier,12.4,LPS,0.0,Time_investigating_Piramidka_zone_NOR2,Time investigating the Piramidka zone _NOR2_0,AX32,35.9,"|x-median| > 10*MAD; median=5.35, MAD=2.45.",,,,,,,,,,,,
qc,review,scale_outlier,12.5,LPS,0.0,Time_investigating_Piramidka_zone_NOR2,Time investigating the Piramidka zone _NOR2_0,AX33,37.2,"|x-median| > 10*MAD; median=5.35, MAD=2.45.",,,,,,,,,,,,
qc,review,scale_outlier,2.1,MCC,16.0,Time_investigating_Piramidka_zone_NOR2,Time investigating the Piramidka zone _NOR2_16,BQ7,45.6,"|x-median| > 10*MAD; median=5.2, MAD=2.9.",,,,,,,,,,,,
qc,review,scale_outlier,3.3,run,24.0,rear_nosupport,rear_nosupport_24,GE11,24.0,"|x-median| > 10*MAD; median=2, MAD=2.",,,,,,,,,,,,
qc,review,scale_outlier,12.1,LPS,24.0,rear_nosupport,rear_nosupport_24,GE29,39.0,"|x-median| > 10*MAD; median=2, MAD=2.",,,,,,,,,,,,
qc,review,scale_outlier,21.2,run,24.0,rear_nosupport,rear_nosupport_24,GE55,47.0,"|x-median| > 10*MAD; median=2, MAD=2.",,,,,,,,,,,,
qc,ok,living_visit_missingness,,,,,,,6,Maximum missing among living visits: 6/30 model features; fully missing model vectors: 0.,,,,,,,,,,,,
qc,info,structural_nor_latency,18.2,PBS,0.0,NOR1_Piramidka,Latency to first investigation of the Piramidka _NOR1_0,AQ43,,"Time=0 and object latency is missing; at stage 2 it will be encoded as the maximum observed value of the same latency feature computed from train only, with censored_latency=1.",,,,,,,,,,,,
qc,info,structural_nor_latency,6.3,LPS,16.0,NOR1_Piramidka,Latency to first investigation of Piramidka _NOR1_16,BI18,,"Time=0 and object latency is missing; at stage 2 it will be encoded as the maximum observed value of the same latency feature computed from train only, with censored_latency=1.",,,,,,,,,,,,
qc,info,structural_nor_latency,19.1,MCC,16.0,NOR1_Piramidka,Latency to first investigation of Piramidka _NOR1_16,BI45,,"Time=0 and object latency is missing; at stage 2 it will be encoded as the maximum observed value of the same latency feature computed from train only, with censored_latency=1.",,,,,,,,,,,,
qc,info,structural_nor_latency,1.5,LPS,24.0,NOR1_Piramidka,Latency to first investigation of Piramidka _NOR1_24,CB6,,"Time=0 and object latency is missing; at stage 2 it will be encoded as the maximum observed value of the same latency feature computed from train only, with censored_latency=1.",,,,,,,,,,,,
qc,info,structural_nor_latency,9.3,MCC,24.0,NOR1_Piramidka,Latency to first investigation of Piramidka _NOR1_24,CB24,,"Time=0 and object latency is missing; at stage 2 it will be encoded as the maximum observed value of the same latency feature computed from train only, with censored_latency=1.",,,,,,,,,,,,
qc,info,structural_nor_latency,12.3,LPS,24.0,NOR1_Piramidka,Latency to first investigation of Piramidka _NOR1_24,CB31,,"Time=0 and object latency is missing; at stage 2 it will be encoded as the maximum observed value of the same latency feature computed from train only, with censored_latency=1.",,,,,,,,,,,,
qc,info,structural_nor_latency,21.1,run,24.0,NOR1_Piramidka,Latency to first investigation of Piramidka _NOR1_24,CB54,,"Time=0 and object latency is missing; at stage 2 it will be encoded as the maximum observed value of the same latency feature computed from train only, with censored_latency=1.",,,,,,,,,,,,
qc,info,structural_nor_latency,21.4,run,24.0,NOR1_Piramidka,Latency to first investigation of Piramidka _NOR1_24,CB57,,"Time=0 and object latency is missing; at stage 2 it will be encoded as the maximum observed value of the same latency feature computed from train only, with censored_latency=1.",,,,,,,,,,,,
qc,info,structural_nor_latency,3.1,run,24.0,NOR1_Stakan,Latency to first investigation of Stakan _NOR1_24,CD9,,"Time=0 and object latency is missing; at stage 2 it will be encoded as the maximum observed value of the same latency feature computed from train only, with censored_latency=1.",,,,,,,,,,,,
qc,info,structural_nor_latency,21.1,run,24.0,NOR1_Stakan,Latency to first investigation of Stakan _NOR1_24,CD54,,"Time=0 and object latency is missing; at stage 2 it will be encoded as the maximum observed value of the same latency feature computed from train only, with censored_latency=1.",,,,,,,,,,,,
qc,info,structural_nor_latency,21.4,run,24.0,NOR1_Stakan,Latency to first investigation of Stakan _NOR1_24,CD57,,"Time=0 and object latency is missing; at stage 2 it will be encoded as the maximum observed value of the same latency feature computed from train only, with censored_latency=1.",,,,,,,,,,,,
qc,info,structural_nor_latency,3.4,run,16.0,NOR2_Piramidka,Latency to first investigation of the Piramidka zone _NOR2_16,BR12,,"Time=0 and object latency is missing; at stage 2 it will be encoded as the maximum observed value of the same latency feature computed from train only, with censored_latency=1.",,,,,,,,,,,,
qc,info,structural_nor_latency,4.3,LPS,16.0,NOR2_Piramidka,Latency to first investigation of the Piramidka zone _NOR2_16,BR15,,"Time=0 and object latency is missing; at stage 2 it will be encoded as the maximum observed value of the same latency feature computed from train only, with censored_latency=1.",,,,,,,,,,,,
qc,info,structural_nor_latency,8.3,MCC,16.0,NOR2_Piramidka,Latency to first investigation of the Piramidka zone _NOR2_16,BR20,,"Time=0 and object latency is missing; at stage 2 it will be encoded as the maximum observed value of the same latency feature computed from train only, with censored_latency=1.",,,,,,,,,,,,
qc,info,structural_nor_latency,21.1,run,16.0,NOR2_Piramidka,Latency to first investigation of the Piramidka zone _NOR2_16,BR54,,"Time=0 and object latency is missing; at stage 2 it will be encoded as the maximum observed value of the same latency feature computed from train only, with censored_latency=1.",,,,,,,,,,,,
qc,info,structural_nor_latency,1.5,LPS,24.0,NOR2_Piramidka,Latency to first investigation of the Piramidka zone _NOR2_24,CK6,,"Time=0 and object latency is missing; at stage 2 it will be encoded as the maximum observed value of the same latency feature computed from train only, with censored_latency=1.",,,,,,,,,,,,
qc,info,structural_nor_latency,6.3,LPS,24.0,NOR2_Piramidka,Latency to first investigation of the Piramidka zone _NOR2_24,CK18,,"Time=0 and object latency is missing; at stage 2 it will be encoded as the maximum observed value of the same latency feature computed from train only, with censored_latency=1.",,,,,,,,,,,,
qc,info,structural_nor_latency,8.3,MCC,24.0,NOR2_Piramidka,Latency to first investigation of the Piramidka zone _NOR2_24,CK20,,"Time=0 and object latency is missing; at stage 2 it will be encoded as the maximum observed value of the same latency feature computed from train only, with censored_latency=1.",,,,,,,,,,,,
qc,info,structural_nor_latency,21.1,run,24.0,NOR2_Piramidka,Latency to first investigation of the Piramidka zone _NOR2_24,CK54,,"Time=0 and object latency is missing; at stage 2 it will be encoded as the maximum observed value of the same latency feature computed from train only, with censored_latency=1.",,,,,,,,,,,,
qc,info,structural_nor_latency,21.4,run,24.0,NOR2_Piramidka,Latency to first investigation of the Piramidka zone _NOR2_24,CK57,,"Time=0 and object latency is missing; at stage 2 it will be encoded as the maximum observed value of the same latency feature computed from train only, with censored_latency=1.",,,,,,,,,,,,
qc,info,structural_nor_latency,3.4,run,16.0,NOR2_Stakan,Latency to first investigation of the Stakan zone _NOR2_16,BT12,,"Time=0 and object latency is missing; at stage 2 it will be encoded as the maximum observed value of the same latency feature computed from train only, with censored_latency=1.",,,,,,,,,,,,
qc,info,structural_nor_latency,4.3,LPS,16.0,NOR2_Stakan,Latency to first investigation of the Stakan zone _NOR2_16,BT15,,"Time=0 and object latency is missing; at stage 2 it will be encoded as the maximum observed value of the same latency feature computed from train only, with censored_latency=1.",,,,,,,,,,,,
qc,info,structural_nor_latency,8.3,MCC,16.0,NOR2_Stakan,Latency to first investigation of the Stakan zone _NOR2_16,BT20,,"Time=0 and object latency is missing; at stage 2 it will be encoded as the maximum observed value of the same latency feature computed from train only, with censored_latency=1.",,,,,,,,,,,,
qc,info,structural_nor_latency,21.1,run,16.0,NOR2_Stakan,Latency to first investigation of the Stakan zone _NOR2_16,BT54,,"Time=0 and object latency is missing; at stage 2 it will be encoded as the maximum observed value of the same latency feature computed from train only, with censored_latency=1.",,,,,,,,,,,,
qc,info,structural_nor_latency,1.5,LPS,24.0,NOR2_Stakan,Latency to first investigation of the Stakan zone _NOR2_24,CM6,,"Time=0 and object latency is missing; at stage 2 it will be encoded as the maximum observed value of the same latency feature computed from train only, with censored_latency=1.",,,,,,,,,,,,
qc,info,structural_nor_latency,8.3,MCC,24.0,NOR2_Stakan,Latency to first investigation of the Stakan zone _NOR2_24,CM20,,"Time=0 and object latency is missing; at stage 2 it will be encoded as the maximum observed value of the same latency feature computed from train only, with censored_latency=1.",,,,,,,,,,,,
qc,info,structural_nor_latency,9.3,MCC,24.0,NOR2_Stakan,Latency to first investigation of the Stakan zone _NOR2_24,CM24,,"Time=0 and object latency is missing; at stage 2 it will be encoded as the maximum observed value of the same latency feature computed from train only, with censored_latency=1.",,,,,,,,,,,,
qc,info,structural_nor_latency,21.1,run,24.0,NOR2_Stakan,Latency to first investigation of the Stakan zone _NOR2_24,CM54,,"Time=0 and object latency is missing; at stage 2 it will be encoded as the maximum observed value of the same latency feature computed from train only, with censored_latency=1.",,,,,,,,,,,,
qc,summary,stage1_status,,,,,,,READY,Stage 1 status=READY; blockers=0; review_flags=17; accepted_scale_values=8; structural_NOR_latency=28; max_missing_living=6.,,,,,,,,,,,,
stage2,ok,long_table,,,,,,,162,Long table contains one row per included mouse and week.,,,,,,,,,,,,
stage2,ok,death_rows,,,,,,,22,Death rows have all 35 processed functional features unavailable; the eNRI model uses 30 MODEL_FEATURES.,,,,,,,,,,,,
stage2,ok,censored_latency_max,,,,Latency_to_first_investigation_Piramidka_NOR1,,,579.2,Full-data stage-2 audit maximum. In future CV this same rule is fitted on train only.,,,,,,,,,,,,
stage2,ok,censored_latency_max,,,,Latency_to_first_investigation_Stakan_NOR1,,,552.0,Full-data stage-2 audit maximum. In future CV this same rule is fitted on train only.,,,,,,,,,,,,
stage2,ok,censored_latency_max,,,,Latency_to_first_investigation_Piramidka_zone_NOR2,,,595.0,Full-data stage-2 audit maximum. In future CV this same rule is fitted on train only.,,,,,,,,,,,,
stage2,ok,censored_latency_max,,,,Latency_to_first_investigation_Stakan_zone_NOR2,,,533.5,Full-data stage-2 audit maximum. In future CV this same rule is fitted on train only.,,,,,,,,,,,,
stage2,ok,censored_latency_encoding,,,,,,,28,Structural Time=0/Latency=NaN cells were encoded by the corresponding observed-feature maximum and flagged censored_latency=1. Full-data mode is used only for this stage-2 audit; CV will fit maxima on train only.,,,,,,,,,,,,
stage2,ok,nor_base_time_recovery,,,,,,,0,Missing object-investigation times recovered deterministically from TotalTime minus the known component where possible.,,,,,,,,,,,,
stage2,ok,nor_total_time,,,,,,,1,Recomputed 278 NOR TotalTime cells; 1 source values were filled or changed by the deterministic identity.,,,,,,,,,,,,
stage2,ok,nor_first_latency,,,,,,,19,Recomputed 278 first-latency cells; 19 source values were filled or changed.,,,,,,,,,,,,
stage2,ok,nor_di,,,,,,,33,Recomputed 138 DI cells; 33 source values were filled or changed; zero-exploration visits=7.,,,,,,,,,,,,
stage2,ok,status_count,,,,observed,,,135,Stage-2 status count. 'imputed' means eligible for statistical imputation at stage 3; no statistical imputation has yet been performed.,,,,,,,,,,,,
stage2,ok,status_count,,,,imputed,,,5,Stage-2 status count. 'imputed' means eligible for statistical imputation at stage 3; no statistical imputation has yet been performed.,,,,,,,,,,,,
stage2,ok,status_count,,,,death,,,22,Stage-2 status count. 'imputed' means eligible for statistical imputation at stage 3; no statistical imputation has yet been performed.,,,,,,,,,,,,
stage2,ok,status_count,,,,missing_visit,,,0,Stage-2 status count. 'imputed' means eligible for statistical imputation at stage 3; no statistical imputation has yet been performed.,,,,,,,,,,,,
stage2,ok,missingness_after_deterministic,,,,,,,6,Maximum living missing_count over 30 MODEL_FEATURES changed from 6/30 before deterministic preprocessing to 6/30 after it.,,,,,,,,,,,,
stage2,summary,stage2_status,,,,,,,READY,Stage 2 status=READY; validation_errors=0; censored_latency_cells=28; censored_visits=15; max_missing_after=6.,,,,,,,,,,,,
stage3,ok,baseline_scaling,,,0.0,OFT_distance,,,n=54; mean=15.2166666667; std=6.12124047115,Baseline mean and sample std (ddof=1) for a MODEL_FEATURE fitted on available week-0 values. Full-data audit uses all included mice; CV will fit train only.,,,,,,,,,,,,
stage3,ok,baseline_scaling,,,0.0,Average_speed_OFT,,,n=54; mean=0.0257407407407; std=0.0105690634083,Baseline mean and sample std (ddof=1) for a MODEL_FEATURE fitted on available week-0 values. Full-data audit uses all included mice; CV will fit train only.,,,,,,,,,,,,
stage3,ok,baseline_scaling,,,0.0,Total_time_mobile_OFT,,,n=54; mean=268.137037037; std=96.7835716145,Baseline mean and sample std (ddof=1) for a MODEL_FEATURE fitted on available week-0 values. Full-data audit uses all included mice; CV will fit train only.,,,,,,,,,,,,
stage3,ok,baseline_scaling,,,0.0,Absolute_turn_angle_OFT,,,n=54; mean=31891.7592593; std=11454.7817698,Baseline mean and sample std (ddof=1) for a MODEL_FEATURE fitted on available week-0 values. Full-data audit uses all included mice; CV will fit train only.,,,,,,,,,,,,
stage3,ok,baseline_scaling,,,0.0,Time_inCenter_OFT,,,n=54; mean=43.3666666667; std=41.4176427634,Baseline mean and sample std (ddof=1) for a MODEL_FEATURE fitted on available week-0 values. Full-data audit uses all included mice; CV will fit train only.,,,,,,,,,,,,
stage3,ok,baseline_scaling,,,0.0,Total_distance_travelled_NOR1,,,n=54; mean=11.9787962963; std=5.62829428358,Baseline mean and sample std (ddof=1) for a MODEL_FEATURE fitted on available week-0 values. Full-data audit uses all included mice; CV will fit train only.,,,,,,,,,,,,
stage3,ok,baseline_scaling,,,0.0,Average_speed_NOR1,,,n=54; mean=0.0199814814815; std=0.00937779541366,Baseline mean and sample std (ddof=1) for a MODEL_FEATURE fitted on available week-0 values. Full-data audit uses all included mice; CV will fit train only.,,,,,,,,,,,,
stage3,ok,baseline_scaling,,,0.0,Time_investigating_Piramidka_NOR1,,,n=54; mean=6.08148148148; std=4.60176643992,Baseline mean and sample std (ddof=1) for a MODEL_FEATURE fitted on available week-0 values. Full-data audit uses all included mice; CV will fit train only.,,,,,,,,,,,,
stage3,ok,baseline_scaling,,,0.0,Latency_to_first_investigation_Piramidka_NOR1,,,n=54; mean=119.755555556; std=125.737737939,Baseline mean and sample std (ddof=1) for a MODEL_FEATURE fitted on available week-0 values. Full-data audit uses all included mice; CV will fit train only.,,,,,,,,,,,,
stage3,ok,baseline_scaling,,,0.0,Time_investigating_Stakan_NOR1,,,n=54; mean=6.87777777778; std=6.07430923681,Baseline mean and sample std (ddof=1) for a MODEL_FEATURE fitted on available week-0 values. Full-data audit uses all included mice; CV will fit train only.,,,,,,,,,,,,
stage3,ok,baseline_scaling,,,0.0,Latency_to_first_investigation_Stakan_NOR1,,,n=54; mean=116.844444444; std=119.348294273,Baseline mean and sample std (ddof=1) for a MODEL_FEATURE fitted on available week-0 values. Full-data audit uses all included mice; CV will fit train only.,,,,,,,,,,,,
stage3,ok,baseline_scaling,,,0.0,Total_distance_travelled_NOR2,,,n=54; mean=11.7128888889; std=5.8571579001,Baseline mean and sample std (ddof=1) for a MODEL_FEATURE fitted on available week-0 values. Full-data audit uses all included mice; CV will fit train only.,,,,,,,,,,,,
stage3,ok,baseline_scaling,,,0.0,Average_speed_NOR2,,,n=54; mean=0.0195925925926; std=0.00972357283221,Baseline mean and sample std (ddof=1) for a MODEL_FEATURE fitted on available week-0 values. Full-data audit uses all included mice; CV will fit train only.,,,,,,,,,,,,
stage3,ok,baseline_scaling,,,0.0,Time_investigating_Piramidka_zone_NOR2,,,n=54; mean=8.46851851852; std=8.12052661351,Baseline mean and sample std (ddof=1) for a MODEL_FEATURE fitted on available week-0 values. Full-data audit uses all included mice; CV will fit train only.,,,,,,,,,,,,
stage3,ok,baseline_scaling,,,0.0,Latency_to_first_investigation_Piramidka_zone_NOR2,,,n=54; mean=137.953703704; std=139.296990598,Baseline mean and sample std (ddof=1) for a MODEL_FEATURE fitted on available week-0 values. Full-data audit uses all included mice; CV will fit train only.,,,,,,,,,,,,
stage3,ok,baseline_scaling,,,0.0,Time_investigating_Stakan_zone_NOR2,,,n=54; mean=6.54259259259; std=5.25840214815,Baseline mean and sample std (ddof=1) for a MODEL_FEATURE fitted on available week-0 values. Full-data audit uses all included mice; CV will fit train only.,,,,,,,,,,,,
stage3,ok,baseline_scaling,,,0.0,Latency_to_first_investigation_Stakan_zone_NOR2,,,n=54; mean=148.9; std=118.187771931,Baseline mean and sample std (ddof=1) for a MODEL_FEATURE fitted on available week-0 values. Full-data audit uses all included mice; CV will fit train only.,,,,,,,,,,,,
stage3,ok,baseline_scaling,,,0.0,Learning_T1mean,,,n=54; mean=35.1805555556; std=5.82901344987,Baseline mean and sample std (ddof=1) for a MODEL_FEATURE fitted on available week-0 values. Full-data audit uses all included mice; CV will fit train only.,,,,,,,,,,,,
stage3,ok,baseline_scaling,,,0.0,Learning_T1max,,,n=54; mean=41.962962963; std=7.23190771294,Baseline mean and sample std (ddof=1) for a MODEL_FEATURE fitted on available week-0 values. Full-data audit uses all included mice; CV will fit train only.,,,,,,,,,,,,
stage3,ok,baseline_scaling,,,0.0,Learning_T1sum,,,n=54; mean=140.722222222; std=23.3160537995,Baseline mean and sample std (ddof=1) for a MODEL_FEATURE fitted on available week-0 values. Full-data audit uses all included mice; CV will fit train only.,,,,,,,,,,,,
stage3,ok,baseline_scaling,,,0.0,Learning_T2mean,,,n=54; mean=39.7037037037; std=8.33200723201,Baseline mean and sample std (ddof=1) for a MODEL_FEATURE fitted on available week-0 values. Full-data audit uses all included mice; CV will fit train only.,,,,,,,,,,,,
stage3,ok,baseline_scaling,,,0.0,Learning_T2max,,,n=54; mean=46.6666666667; std=9.69341344166,Baseline mean and sample std (ddof=1) for a MODEL_FEATURE fitted on available week-0 values. Full-data audit uses all included mice; CV will fit train only.,,,,,,,,,,,,
stage3,ok,baseline_scaling,,,0.0,Learning_T2sum,,,n=54; mean=158.814814815; std=33.3280289281,Baseline mean and sample std (ddof=1) for a MODEL_FEATURE fitted on available week-0 values. Full-data audit uses all included mice; CV will fit train only.,,,,,,,,,,,,
stage3,ok,baseline_scaling,,,0.0,Learning_T3mean,,,n=54; mean=38.4074074074; std=12.1296354975,Baseline mean and sample std (ddof=1) for a MODEL_FEATURE fitted on available week-0 values. Full-data audit uses all included mice; CV will fit train only.,,,,,,,,,,,,
stage3,ok,baseline_scaling,,,0.0,Learning_T3max,,,n=54; mean=44.8518518519; std=13.4197930522,Baseline mean and sample std (ddof=1) for a MODEL_FEATURE fitted on available week-0 values. Full-data audit uses all included mice; CV will fit train only.,,,,,,,,,,,,
stage3,ok,baseline_scaling,,,0.0,Learning_T3sum,,,n=54; mean=153.62962963; std=48.5185419901,Baseline mean and sample std (ddof=1) for a MODEL_FEATURE fitted on available week-0 values. Full-data audit uses all included mice; CV will fit train only.,,,,,,,,,,,,
stage3,ok,baseline_scaling,,,0.0,EnduranceT,,,n=52; mean=172.769230769; std=59.0913601012,Baseline mean and sample std (ddof=1) for a MODEL_FEATURE fitted on available week-0 values. Full-data audit uses all included mice; CV will fit train only.,,,,,,,,,,,,
stage3,ok,baseline_scaling,,,0.0,rear_support,,,n=54; mean=21.0555555556; std=9.78720124326,Baseline mean and sample std (ddof=1) for a MODEL_FEATURE fitted on available week-0 values. Full-data audit uses all included mice; CV will fit train only.,,,,,,,,,,,,
stage3,ok,baseline_scaling,,,0.0,rear_nosupport,,,n=54; mean=11.3333333333; std=7.89554448037,Baseline mean and sample std (ddof=1) for a MODEL_FEATURE fitted on available week-0 values. Full-data audit uses all included mice; CV will fit train only.,,,,,,,,,,,,
stage3,ok,baseline_scaling,,,0.0,Weight,,,n=54; mean=28.8846296296; std=2.43696897493,Baseline mean and sample std (ddof=1) for a MODEL_FEATURE fitted on available week-0 values. Full-data audit uses all included mice; CV will fit train only.,,,,,,,,,,,,
stage3,ok,imputer_fit,,,,,,,1,"IterativeImputer(BayesianRidge, sample_posterior=False, max_iter=20, tol=1e-3) fitted on standardized 30 MODEL_FEATURES plus week_16/week_24 indicators; group and five deterministic derived QC features are not used.",,,,,,,,,,,,
stage3,ok,imputed_base_cells,,,,,,,15,Number of missing MODEL_FEATURE cells filled by IterativeImputer.,,,,,,,,,,,,
stage3,ok,imputed_feature_count,,,,Absolute_turn_angle_OFT,,,1,Missing MODEL_FEATURE cells filled by IterativeImputer.,,,,,,,,,,,,
stage3,ok,imputed_feature_count,,,,Average_speed_NOR2,,,1,Missing MODEL_FEATURE cells filled by IterativeImputer.,,,,,,,,,,,,
stage3,ok,imputed_feature_count,,,,Average_speed_OFT,,,1,Missing MODEL_FEATURE cells filled by IterativeImputer.,,,,,,,,,,,,
stage3,ok,imputed_feature_count,,,,EnduranceT,,,2,Missing MODEL_FEATURE cells filled by IterativeImputer.,,,,,,,,,,,,
stage3,ok,imputed_feature_count,,,,Latency_to_first_investigation_Piramidka_zone_NOR2,,,1,Missing MODEL_FEATURE cells filled by IterativeImputer.,,,,,,,,,,,,
stage3,ok,imputed_feature_count,,,,Latency_to_first_investigation_Stakan_zone_NOR2,,,2,Missing MODEL_FEATURE cells filled by IterativeImputer.,,,,,,,,,,,,
stage3,ok,imputed_feature_count,,,,OFT_distance,,,1,Missing MODEL_FEATURE cells filled by IterativeImputer.,,,,,,,,,,,,
stage3,ok,imputed_feature_count,,,,Time_inCenter_OFT,,,1,Missing MODEL_FEATURE cells filled by IterativeImputer.,,,,,,,,,,,,
stage3,ok,imputed_feature_count,,,,Time_investigating_Piramidka_zone_NOR2,,,1,Missing MODEL_FEATURE cells filled by IterativeImputer.,,,,,,,,,,,,
stage3,ok,imputed_feature_count,,,,Time_investigating_Stakan_zone_NOR2,,,2,Missing MODEL_FEATURE cells filled by IterativeImputer.,,,,,,,,,,,,
stage3,ok,imputed_feature_count,,,,Total_distance_travelled_NOR2,,,1,Missing MODEL_FEATURE cells filled by IterativeImputer.,,,,,,,,,,,,
stage3,ok,imputed_feature_count,,,,Total_time_mobile_OFT,,,1,Missing MODEL_FEATURE cells filled by IterativeImputer.,,,,,,,,,,,,
stage3,ok,status_count,,,,observed,,,135,Final stage-3 visit status.,,,,,,,,,,,,
stage3,ok,status_count,,,,imputed,,,5,Final stage-3 visit status.,,,,,,,,,,,,
stage3,ok,status_count,,,,death,,,22,Final stage-3 visit status.,,,,,,,,,,,,
stage3,ok,status_count,,,,missing_visit,,,0,Final stage-3 visit status.,,,,,,,,,,,,
stage3,ok,complete_35d_living,,,,,,,0,All living eligible visits must have a complete standardized 30-dimensional MODEL_FEATURES vector after imputation. Five deterministic derived features are QC-only.,,,,,,,,,,,,
stage3,ok,observed_values_preserved,,,,,,,3.637978807091713e-12,Maximum raw-scale absolute change among originally observed MODEL_FEATURES after standardize/impute/inverse-transform.,,,,,,,,,,,,
stage3,summary,stage3_status,,,,,,,READY,Stage 3 status=READY; validation_errors=0; imputed_base_cells=15; final living standardized missing=0.,,,,,,,,,,,,
state,ok,stage4_state_counts,,PBS,0.0,PBS^0,,,N=11;R=11;I=0;O=11;D=0;U=0,"PBS^0: N=11, R=11, I=0, O=11, D=0, U=0.",,,,,,,,,,,,
state,ok,stage4_state_a,,PBS,0.0,PBS^0,,,1,a_A = |O_A| / N_A; deaths therefore contribute zero to the group-mean eNRI representation.,,,,,,,,,,,,
state,ok,stage4_state_b,,PBS,0.0,PBS^0,,,2.15718074075e-16,b_A is the 30-vector (1/N_A) * sum_{i in O_A}(x_i - xbar_PBS0). Value reports its Euclidean norm.,,,,,,,,,,,,
state,ok,stage4_state_covariance,,PBS,0.0,PBS^0,,,-1.47384558788e-15,"S_A is 30x30 sample covariance over O_A. rank=10; trace=26.6549267888; min_eigenvalue=-1.47384558788e-15; symmetry_error=0. Because p=30 exceeds state sample size, S_A is singular; tiny negative eigenvalues from floating-point eigendecomposition are diagnostic only. The hard PSD tolerance is applied to symmetrized Q_var at stage 5.",,,,,,,,,,,,
state,ok,stage4_state_counts,,PBS,16.0,PBS^16,,,N=11;R=8;I=1;O=9;D=2;U=0,"PBS^16: N=11, R=8, I=1, O=9, D=2, U=0.",,,,,,,,,,,,
state,ok,stage4_state_a,,PBS,16.0,PBS^16,,,0.818181818182,a_A = |O_A| / N_A; deaths therefore contribute zero to the group-mean eNRI representation.,,,,,,,,,,,,
state,ok,stage4_state_b,,PBS,16.0,PBS^16,,,3.12110231809,b_A is the 30-vector (1/N_A) * sum_{i in O_A}(x_i - xbar_PBS0). Value reports its Euclidean norm.,,,,,,,,,,,,
state,ok,stage4_state_covariance,,PBS,16.0,PBS^16,,,-3.97258764595e-15,"S_A is 30x30 sample covariance over O_A. rank=8; trace=43.9216714776; min_eigenvalue=-3.97258764595e-15; symmetry_error=0. Because p=30 exceeds state sample size, S_A is singular; tiny negative eigenvalues from floating-point eigendecomposition are diagnostic only. The hard PSD tolerance is applied to symmetrized Q_var at stage 5.",,,,,,,,,,,,
state,ok,stage4_state_counts,,PBS,24.0,PBS^24,,,N=11;R=8;I=0;O=8;D=3;U=0,"PBS^24: N=11, R=8, I=0, O=8, D=3, U=0.",,,,,,,,,,,,
state,ok,stage4_state_a,,PBS,24.0,PBS^24,,,0.727272727273,a_A = |O_A| / N_A; deaths therefore contribute zero to the group-mean eNRI representation.,,,,,,,,,,,,
state,ok,stage4_state_b,,PBS,24.0,PBS^24,,,16.8572097077,b_A is the 30-vector (1/N_A) * sum_{i in O_A}(x_i - xbar_PBS0). Value reports its Euclidean norm.,,,,,,,,,,,,
state,ok,stage4_state_covariance,,PBS,24.0,PBS^24,,,-2.32030499696e-15,"S_A is 30x30 sample covariance over O_A. rank=7; trace=2581.1373905; min_eigenvalue=-2.32030499696e-15; symmetry_error=0. Because p=30 exceeds state sample size, S_A is singular; tiny negative eigenvalues from floating-point eigendecomposition are diagnostic only. The hard PSD tolerance is applied to symmetrized Q_var at stage 5.",,,,,,,,,,,,
state,ok,stage4_state_counts,,LPS,0.0,LPS^0,,,N=14;R=14;I=0;O=14;D=0;U=0,"LPS^0: N=14, R=14, I=0, O=14, D=0, U=0.",,,,,,,,,,,,
state,ok,stage4_state_a,,LPS,0.0,LPS^0,,,1,a_A = |O_A| / N_A; deaths therefore contribute zero to the group-mean eNRI representation.,,,,,,,,,,,,
state,ok,stage4_state_b,,LPS,0.0,LPS^0,,,2.32329846393,b_A is the 30-vector (1/N_A) * sum_{i in O_A}(x_i - xbar_PBS0). Value reports its Euclidean norm.,,,,,,,,,,,,
state,ok,stage4_state_covariance,,LPS,0.0,LPS^0,,,-1.84649565903e-15,"S_A is 30x30 sample covariance over O_A. rank=13; trace=29.5321594539; min_eigenvalue=-1.84649565903e-15; symmetry_error=0. Because p=30 exceeds state sample size, S_A is singular; tiny negative eigenvalues from floating-point eigendecomposition are diagnostic only. The hard PSD tolerance is applied to symmetrized Q_var at stage 5.",,,,,,,,,,,,
state,ok,stage4_state_counts,,LPS,16.0,LPS^16,,,N=14;R=12;I=0;O=12;D=2;U=0,"LPS^16: N=14, R=12, I=0, O=12, D=2, U=0.",,,,,,,,,,,,
state,ok,stage4_state_a,,LPS,16.0,LPS^16,,,0.857142857143,a_A = |O_A| / N_A; deaths therefore contribute zero to the group-mean eNRI representation.,,,,,,,,,,,,
state,ok,stage4_state_b,,LPS,16.0,LPS^16,,,3.16378570041,b_A is the 30-vector (1/N_A) * sum_{i in O_A}(x_i - xbar_PBS0). Value reports its Euclidean norm.,,,,,,,,,,,,
state,ok,stage4_state_covariance,,LPS,16.0,LPS^16,,,-1.90253927557e-15,"S_A is 30x30 sample covariance over O_A. rank=11; trace=36.4564793918; min_eigenvalue=-1.90253927557e-15; symmetry_error=0. Because p=30 exceeds state sample size, S_A is singular; tiny negative eigenvalues from floating-point eigendecomposition are diagnostic only. The hard PSD tolerance is applied to symmetrized Q_var at stage 5.",,,,,,,,,,,,
state,ok,stage4_state_counts,,LPS,24.0,LPS^24,,,N=14;R=10;I=1;O=11;D=3;U=0,"LPS^24: N=14, R=10, I=1, O=11, D=3, U=0.",,,,,,,,,,,,
state,ok,stage4_state_a,,LPS,24.0,LPS^24,,,0.785714285714,a_A = |O_A| / N_A; deaths therefore contribute zero to the group-mean eNRI representation.,,,,,,,,,,,,
state,ok,stage4_state_b,,LPS,24.0,LPS^24,,,3.27976867281,b_A is the 30-vector (1/N_A) * sum_{i in O_A}(x_i - xbar_PBS0). Value reports its Euclidean norm.,,,,,,,,,,,,
state,ok,stage4_state_covariance,,LPS,24.0,LPS^24,,,-1.27908290673e-15,"S_A is 30x30 sample covariance over O_A. rank=10; trace=50.8638107682; min_eigenvalue=-1.27908290673e-15; symmetry_error=0. Because p=30 exceeds state sample size, S_A is singular; tiny negative eigenvalues from floating-point eigendecomposition are diagnostic only. The hard PSD tolerance is applied to symmetrized Q_var at stage 5.",,,,,,,,,,,,
state,ok,stage4_state_counts,,run,0.0,run^0,,,N=15;R=14;I=1;O=15;D=0;U=0,"run^0: N=15, R=14, I=1, O=15, D=0, U=0.",,,,,,,,,,,,
state,ok,stage4_state_a,,run,0.0,run^0,,,1,a_A = |O_A| / N_A; deaths therefore contribute zero to the group-mean eNRI representation.,,,,,,,,,,,,
state,ok,stage4_state_b,,run,0.0,run^0,,,1.67024423023,b_A is the 30-vector (1/N_A) * sum_{i in O_A}(x_i - xbar_PBS0). Value reports its Euclidean norm.,,,,,,,,,,,,
state,ok,stage4_state_covariance,,run,0.0,run^0,,,-1.38373277779e-15,"S_A is 30x30 sample covariance over O_A. rank=14; trace=21.1418100581; min_eigenvalue=-1.38373277779e-15; symmetry_error=0. Because p=30 exceeds state sample size, S_A is singular; tiny negative eigenvalues from floating-point eigendecomposition are diagnostic only. The hard PSD tolerance is applied to symmetrized Q_var at stage 5.",,,,,,,,,,,,
state,ok,stage4_state_counts,,run,16.0,run^16,,,N=15;R=11;I=1;O=12;D=3;U=0,"run^16: N=15, R=11, I=1, O=12, D=3, U=0.",,,,,,,,,,,,
state,ok,stage4_state_a,,run,16.0,run^16,,,0.8,a_A = |O_A| / N_A; deaths therefore contribute zero to the group-mean eNRI representation.,,,,,,,,,,,,
state,ok,stage4_state_b,,run,16.0,run^16,,,1.89440000371,b_A is the 30-vector (1/N_A) * sum_{i in O_A}(x_i - xbar_PBS0). Value reports its Euclidean norm.,,,,,,,,,,,,
state,ok,stage4_state_covariance,,run,16.0,run^16,,,-3.78241384441e-15,"S_A is 30x30 sample covariance over O_A. rank=11; trace=24.1735984328; min_eigenvalue=-3.78241384441e-15; symmetry_error=0. Because p=30 exceeds state sample size, S_A is singular; tiny negative eigenvalues from floating-point eigendecomposition are diagnostic only. The hard PSD tolerance is applied to symmetrized Q_var at stage 5.",,,,,,,,,,,,
state,ok,stage4_state_counts,,run,24.0,run^24,,,N=15;R=12;I=0;O=12;D=3;U=0,"run^24: N=15, R=12, I=0, O=12, D=3, U=0.",,,,,,,,,,,,
state,ok,stage4_state_a,,run,24.0,run^24,,,0.8,a_A = |O_A| / N_A; deaths therefore contribute zero to the group-mean eNRI representation.,,,,,,,,,,,,
state,ok,stage4_state_b,,run,24.0,run^24,,,6.32743941869,b_A is the 30-vector (1/N_A) * sum_{i in O_A}(x_i - xbar_PBS0). Value reports its Euclidean norm.,,,,,,,,,,,,
state,ok,stage4_state_covariance,,run,24.0,run^24,,,-9.28098464291e-16,"S_A is 30x30 sample covariance over O_A. rank=11; trace=475.60335312; min_eigenvalue=-9.28098464291e-16; symmetry_error=0. Because p=30 exceeds state sample size, S_A is singular; tiny negative eigenvalues from floating-point eigendecomposition are diagnostic only. The hard PSD tolerance is applied to symmetrized Q_var at stage 5.",,,,,,,,,,,,
state,ok,stage4_state_counts,,MCC,0.0,MCC^0,,,N=14;R=13;I=1;O=14;D=0;U=0,"MCC^0: N=14, R=13, I=1, O=14, D=0, U=0.",,,,,,,,,,,,
state,ok,stage4_state_a,,MCC,0.0,MCC^0,,,1,a_A = |O_A| / N_A; deaths therefore contribute zero to the group-mean eNRI representation.,,,,,,,,,,,,
state,ok,stage4_state_b,,MCC,0.0,MCC^0,,,2.05306847534,b_A is the 30-vector (1/N_A) * sum_{i in O_A}(x_i - xbar_PBS0). Value reports its Euclidean norm.,,,,,,,,,,,,
state,ok,stage4_state_covariance,,MCC,0.0,MCC^0,,,-1.13665488392e-15,"S_A is 30x30 sample covariance over O_A. rank=13; trace=43.4904971511; min_eigenvalue=-1.13665488392e-15; symmetry_error=0. Because p=30 exceeds state sample size, S_A is singular; tiny negative eigenvalues from floating-point eigendecomposition are diagnostic only. The hard PSD tolerance is applied to symmetrized Q_var at stage 5.",,,,,,,,,,,,
state,ok,stage4_state_counts,,MCC,16.0,MCC^16,,,N=14;R=11;I=0;O=11;D=3;U=0,"MCC^16: N=14, R=11, I=0, O=11, D=3, U=0.",,,,,,,,,,,,
state,ok,stage4_state_a,,MCC,16.0,MCC^16,,,0.785714285714,a_A = |O_A| / N_A; deaths therefore contribute zero to the group-mean eNRI representation.,,,,,,,,,,,,
state,ok,stage4_state_b,,MCC,16.0,MCC^16,,,1439.00239839,b_A is the 30-vector (1/N_A) * sum_{i in O_A}(x_i - xbar_PBS0). Value reports its Euclidean norm.,,,,,,,,,,,,
state,ok,stage4_state_covariance,,MCC,16.0,MCC^16,,,-1.48507874165e-08,"S_A is 30x30 sample covariance over O_A. rank=10; trace=19687496.7241; min_eigenvalue=-1.48507874165e-08; symmetry_error=0. Because p=30 exceeds state sample size, S_A is singular; tiny negative eigenvalues from floating-point eigendecomposition are diagnostic only. The hard PSD tolerance is applied to symmetrized Q_var at stage 5.",,,,,,,,,,,,
state,ok,stage4_state_counts,,MCC,24.0,MCC^24,,,N=14;R=11;I=0;O=11;D=3;U=0,"MCC^24: N=14, R=11, I=0, O=11, D=3, U=0.",,,,,,,,,,,,
state,ok,stage4_state_a,,MCC,24.0,MCC^24,,,0.785714285714,a_A = |O_A| / N_A; deaths therefore contribute zero to the group-mean eNRI representation.,,,,,,,,,,,,
state,ok,stage4_state_b,,MCC,24.0,MCC^24,,,10.689775567,b_A is the 30-vector (1/N_A) * sum_{i in O_A}(x_i - xbar_PBS0). Value reports its Euclidean norm.,,,,,,,,,,,,
state,ok,stage4_state_covariance,,MCC,24.0,MCC^24,,,-1.17562514588e-15,"S_A is 30x30 sample covariance over O_A. rank=10; trace=2131.86637254; min_eigenvalue=-1.17562514588e-15; symmetry_error=0. Because p=30 exceeds state sample size, S_A is singular; tiny negative eigenvalues from floating-point eigendecomposition are diagnostic only. The hard PSD tolerance is applied to symmetrized Q_var at stage 5.",,,,,,,,,,,,
state,ok,stage4_xbar_pbs0,,PBS,0.0,xbar_PBS0,,,1.35411801611,Normalization reference xbar_PBS0 computed from living complete PBS week-0 standardized MODEL_FEATURES. Value reports Euclidean norm.,,,,,,,,,,,,
state,summary,stage4_status,,,,,,,READY,Stage 4 status=READY; states=12; model_features=30; validation_errors=0.,,,,,,,,,,,,
qp,ok,stage5_qvar,,,,Q_var,,,3.87043411084e-14,"Q_var is the equal-weight mean of 12 S_A matrices, symmetrized before QP. shape=30x30; rank=29; trace=1641080.13051; min_eigenvalue=3.87043411084e-14; max_eigenvalue=1640623.11521; symmetry_error=0.",,,,,,,,,,,,
qp,ok,stage5_solver,,,,,,,optimal,"OSQP smoke test with rho=0.1, beta=1.0, lambda=1.0, C=1.0; iterations=1675; solve_time=0.012563290999999999.",,,,,,,,,,,,
qp,ok,stage5_objective,,,,,,,0.0573293398572,objective=0.0573293398572; variance=0.0195674364074; equality=0.00283415348837; ridge=0.0349277499613; slack=6.69339391631e-22; recomputed_gap=0.,,,,,,,,,,,,
qp,ok,stage5_weight,,,,OFT_distance,,,0.00223258965642,Smoke-test standardized-feature weight; not the final CV-selected model weight.,,,,,,,,,,,,
qp,ok,stage5_weight,,,,Average_speed_OFT,,,-0.0824549846439,Smoke-test standardized-feature weight; not the final CV-selected model weight.,,,,,,,,,,,,
qp,ok,stage5_weight,,,,Total_time_mobile_OFT,,,-0.0382853495254,Smoke-test standardized-feature weight; not the final CV-selected model weight.,,,,,,,,,,,,
qp,ok,stage5_weight,,,,Absolute_turn_angle_OFT,,,0.0235883705652,Smoke-test standardized-feature weight; not the final CV-selected model weight.,,,,,,,,,,,,
qp,ok,stage5_weight,,,,Time_inCenter_OFT,,,-0.0535048130432,Smoke-test standardized-feature weight; not the final CV-selected model weight.,,,,,,,,,,,,
qp,ok,stage5_weight,,,,Total_distance_travelled_NOR1,,,-0.00130198374079,Smoke-test standardized-feature weight; not the final CV-selected model weight.,,,,,,,,,,,,
qp,ok,stage5_weight,,,,Average_speed_NOR1,,,-7.02188099397e-06,Smoke-test standardized-feature weight; not the final CV-selected model weight.,,,,,,,,,,,,
qp,ok,stage5_weight,,,,Time_investigating_Piramidka_NOR1,,,-0.00602014318881,Smoke-test standardized-feature weight; not the final CV-selected model weight.,,,,,,,,,,,,
qp,ok,stage5_weight,,,,Latency_to_first_investigation_Piramidka_NOR1,,,-0.058245836149,Smoke-test standardized-feature weight; not the final CV-selected model weight.,,,,,,,,,,,,
qp,ok,stage5_weight,,,,Time_investigating_Stakan_NOR1,,,0.0154929437132,Smoke-test standardized-feature weight; not the final CV-selected model weight.,,,,,,,,,,,,
qp,ok,stage5_weight,,,,Latency_to_first_investigation_Stakan_NOR1,,,0.0113224729239,Smoke-test standardized-feature weight; not the final CV-selected model weight.,,,,,,,,,,,,
qp,ok,stage5_weight,,,,Total_distance_travelled_NOR2,,,-0.00243044628082,Smoke-test standardized-feature weight; not the final CV-selected model weight.,,,,,,,,,,,,
qp,ok,stage5_weight,,,,Average_speed_NOR2,,,-0.00751536402077,Smoke-test standardized-feature weight; not the final CV-selected model weight.,,,,,,,,,,,,
qp,ok,stage5_weight,,,,Time_investigating_Piramidka_zone_NOR2,,,-0.0190913880546,Smoke-test standardized-feature weight; not the final CV-selected model weight.,,,,,,,,,,,,
qp,ok,stage5_weight,,,,Latency_to_first_investigation_Piramidka_zone_NOR2,,,-0.0211018287564,Smoke-test standardized-feature weight; not the final CV-selected model weight.,,,,,,,,,,,,
qp,ok,stage5_weight,,,,Time_investigating_Stakan_zone_NOR2,,,0.0459457689388,Smoke-test standardized-feature weight; not the final CV-selected model weight.,,,,,,,,,,,,
qp,ok,stage5_weight,,,,Latency_to_first_investigation_Stakan_zone_NOR2,,,0.0378898817415,Smoke-test standardized-feature weight; not the final CV-selected model weight.,,,,,,,,,,,,
qp,ok,stage5_weight,,,,Learning_T1mean,,,0.014027738142,Smoke-test standardized-feature weight; not the final CV-selected model weight.,,,,,,,,,,,,
qp,ok,stage5_weight,,,,Learning_T1max,,,-0.0252516559399,Smoke-test standardized-feature weight; not the final CV-selected model weight.,,,,,,,,,,,,
qp,ok,stage5_weight,,,,Learning_T1sum,,,0.014027738142,Smoke-test standardized-feature weight; not the final CV-selected model weight.,,,,,,,,,,,,
qp,ok,stage5_weight,,,,Learning_T2mean,,,0.0245447653883,Smoke-test standardized-feature weight; not the final CV-selected model weight.,,,,,,,,,,,,
qp,ok,stage5_weight,,,,Learning_T2max,,,-0.00207044744355,Smoke-test standardized-feature weight; not the final CV-selected model weight.,,,,,,,,,,,,
qp,ok,stage5_weight,,,,Learning_T2sum,,,0.0211453292713,Smoke-test standardized-feature weight; not the final CV-selected model weight.,,,,,,,,,,,,
qp,ok,stage5_weight,,,,Learning_T3mean,,,-0.0355225344798,Smoke-test standardized-feature weight; not the final CV-selected model weight.,,,,,,,,,,,,
qp,ok,stage5_weight,,,,Learning_T3max,,,-0.0201675001065,Smoke-test standardized-feature weight; not the final CV-selected model weight.,,,,,,,,,,,,
qp,ok,stage5_weight,,,,Learning_T3sum,,,-0.0407207730322,Smoke-test standardized-feature weight; not the final CV-selected model weight.,,,,,,,,,,,,
qp,ok,stage5_weight,,,,EnduranceT,,,0.0180576501547,Smoke-test standardized-feature weight; not the final CV-selected model weight.,,,,,,,,,,,,
qp,ok,stage5_weight,,,,rear_support,,,0.0760630513414,Smoke-test standardized-feature weight; not the final CV-selected model weight.,,,,,,,,,,,,
qp,ok,stage5_weight,,,,rear_nosupport,,,-0.0495015724179,Smoke-test standardized-feature weight; not the final CV-selected model weight.,,,,,,,,,,,,
qp,ok,stage5_weight,,,,Weight,,,0.0323658645704,Smoke-test standardized-feature weight; not the final CV-selected model weight.,,,,,,,,,,,,
qp,ok,stage5_equality_delta,,,,PBS^0>LPS^0,,,0.0209395603779,"Soft equality residual mu_A - mu_B; penalized in the objective, not a hard constraint.",,,,,,,,,,,,
qp,ok,stage5_equality_delta,,,,PBS^0>run^0,,,0.0299825127386,"Soft equality residual mu_A - mu_B; penalized in the objective, not a hard constraint.",,,,,,,,,,,,
qp,ok,stage5_equality_delta,,,,PBS^0>MCC^0,,,0.0193357070804,"Soft equality residual mu_A - mu_B; penalized in the objective, not a hard constraint.",,,,,,,,,,,,
qp,ok,stage5_equality_delta,,,,LPS^16>run^16,,,-0.0329786526338,"Soft equality residual mu_A - mu_B; penalized in the objective, not a hard constraint.",,,,,,,,,,,,
qp,ok,stage5_equality_delta,,,,LPS^16>MCC^16,,,-0.00593937131251,"Soft equality residual mu_A - mu_B; penalized in the objective, not a hard constraint.",,,,,,,,,,,,
qp,ok,stage5_order_constraint,,,,PBS^16>LPS^16,,,-2.77552747104e-17,delta=0.1; rho=0.1; slack=3.00905263564e-22; residual=delta-rho+slack=-2.77552747104e-17; violation=2.78e-17.,,,,,,,,,,,,
qp,ok,stage5_order_constraint,,,,PBS^24>LPS^24,,,0,delta=0.1; rho=0.1; slack=0; residual=delta-rho+slack=0; violation=0.,,,,,,,,,,,,
qp,ok,stage5_order_constraint,,,,run^24>LPS^24,,,1.38781562419e-17,delta=0.1; rho=0.1; slack=3.68434123067e-22; residual=delta-rho+slack=1.38781562419e-17; violation=0.,,,,,,,,,,,,
qp,ok,stage5_order_constraint,,,,MCC^24>LPS^24,,,0.037708469857,delta=0.137708469857; rho=0.1; slack=1.00013542012e-30; residual=delta-rho+slack=0.037708469857; violation=0.,,,,,,,,,,,,
qp,ok,stage5_order_constraint,,,,PBS^0>PBS^16,,,-1.38777878078e-17,delta=0.1; rho=0.1; slack=0; residual=delta-rho+slack=-1.38777878078e-17; violation=1.39e-17.,,,,,,,,,,,,
qp,ok,stage5_order_constraint,,,,LPS^0>LPS^16,,,0.0790604396221,delta=0.179060439622; rho=0.1; slack=1.00013542012e-30; residual=delta-rho+slack=0.0790604396221; violation=0.,,,,,,,,,,,,
qp,ok,stage5_order_constraint,,,,run^0>run^16,,,0.0370388346276,delta=0.137038834628; rho=0.1; slack=1.00013542012e-30; residual=delta-rho+slack=0.0370388346276; violation=0.,,,,,,,,,,,,
qp,ok,stage5_order_constraint,,,,MCC^0>MCC^16,,,0.0747249216071,delta=0.174724921607; rho=0.1; slack=1.00013542012e-30; residual=delta-rho+slack=0.0747249216071; violation=0.,,,,,,,,,,,,
qp,ok,stage5_order_constraint,,,,PBS^16>PBS^24,,,0,delta=0.1; rho=0.1; slack=0; residual=delta-rho+slack=0; violation=0.,,,,,,,,,,,,
qp,ok,stage5_order_constraint,,,,LPS^16>LPS^24,,,1.38777878078e-17,delta=0.1; rho=0.1; slack=1.00013542012e-30; residual=delta-rho+slack=1.38777878078e-17; violation=0.,,,,,,,,,,,,
qp,ok,stage5_group_mean,,,,LPS^0,,,0.979060439622,Smoke-test group mean eNRI including deaths as zero through a_A and b_A.,,,,,,,,,,,,
qp,ok,stage5_group_mean,,,,LPS^16,,,0.8,Smoke-test group mean eNRI including deaths as zero through a_A and b_A.,,,,,,,,,,,,
qp,ok,stage5_group_mean,,,,LPS^24,,,0.7,Smoke-test group mean eNRI including deaths as zero through a_A and b_A.,,,,,,,,,,,,
qp,ok,stage5_group_mean,,,,MCC^0,,,0.98066429292,Smoke-test group mean eNRI including deaths as zero through a_A and b_A.,,,,,,,,,,,,
qp,ok,stage5_group_mean,,,,MCC^16,,,0.805939371313,Smoke-test group mean eNRI including deaths as zero through a_A and b_A.,,,,,,,,,,,,
qp,ok,stage5_group_mean,,,,MCC^24,,,0.837708469857,Smoke-test group mean eNRI including deaths as zero through a_A and b_A.,,,,,,,,,,,,
qp,ok,stage5_group_mean,,,,PBS^0,,,1,Smoke-test group mean eNRI including deaths as zero through a_A and b_A.,,,,,,,,,,,,
qp,ok,stage5_group_mean,,,,PBS^16,,,0.9,Smoke-test group mean eNRI including deaths as zero through a_A and b_A.,,,,,,,,,,,,
qp,ok,stage5_group_mean,,,,PBS^24,,,0.8,Smoke-test group mean eNRI including deaths as zero through a_A and b_A.,,,,,,,,,,,,
qp,ok,stage5_group_mean,,,,run^0,,,0.970017487261,Smoke-test group mean eNRI including deaths as zero through a_A and b_A.,,,,,,,,,,,,
qp,ok,stage5_group_mean,,,,run^16,,,0.832978652634,Smoke-test group mean eNRI including deaths as zero through a_A and b_A.,,,,,,,,,,,,
qp,ok,stage5_group_mean,,,,run^24,,,0.8,Smoke-test group mean eNRI including deaths as zero through a_A and b_A.,,,,,,,,,,,,
qp,ok,stage5_positivity,12.2,LPS,16.0,observed,,,0.587274897037,Minimum living eNRI=0.587274897037; epsilon=0.001; min residual=0.586274897037; max violation=0. Constraint applies to all observed+imputed living visits.,,,,,,,,,,,,
qp,ok,stage5_slack,,,,,,,6.69339391631e-22,sum_eta=6.69339391631e-22; max_eta=3.68434123067e-22; nonnegativity_violation=0.,,,,,,,,,,,,
qp,ok,stage5_pbs0_normalization,,,,PBS^0,,,1,PBS^0 mean eNRI must equal 1 by centering on xbar_PBS0.,,,,,,,,,,,,
qp,summary,stage5_status,,,,,,,READY,Stage 5 status=READY; solver=optimal; validation_errors=0; rho=0.1; beta=1.0; lambda=1.0; C=1.0.,,,,,,,,,,,,
cv,ok,stage6_split,,,,,,,accepted,"Accepted stratified mouse-level split; train_n=36, val_n=18, min_train_O=6, min_val_O=2; preprocessing/scaling/imputer/censor maxima were fitted on train only.",0.0,1.0,,,,,,,,,,
cv,ok,stage6_split,,,,,,,accepted,"Accepted stratified mouse-level split; train_n=36, val_n=18, min_train_O=6, min_val_O=2; preprocessing/scaling/imputer/censor maxima were fitted on train only.",0.0,2.0,,,,,,,,,,
cv,ok,stage6_split,,,,,,,accepted,"Accepted stratified mouse-level split; train_n=36, val_n=18, min_train_O=6, min_val_O=2; preprocessing/scaling/imputer/censor maxima were fitted on train only.",1.0,1.0,,,,,,,,,,
cv,ok,stage6_split,,,,,,,accepted,"Accepted stratified mouse-level split; train_n=36, val_n=18, min_train_O=5, min_val_O=2; preprocessing/scaling/imputer/censor maxima were fitted on train only.",1.0,2.0,,,,,,,,,,
cv,ok,stage6_split,,,,,,,accepted,"Accepted stratified mouse-level split; train_n=36, val_n=18, min_train_O=5, min_val_O=3; preprocessing/scaling/imputer/censor maxima were fitted on train only.",1.0,3.0,,,,,,,,,,
cv,ok,stage6_split,,,,,,,accepted,"Accepted stratified mouse-level split; train_n=36, val_n=18, min_train_O=5, min_val_O=3; preprocessing/scaling/imputer/censor maxima were fitted on train only.",2.0,3.0,,,,,,,,,,
cv,ok,stage6_split,,,,,,,accepted,"Accepted stratified mouse-level split; train_n=36, val_n=18, min_train_O=5, min_val_O=3; preprocessing/scaling/imputer/censor maxima were fitted on train only.",3.0,1.0,,,,,,,,,,
cv,ok,stage6_split,,,,,,,accepted,"Accepted stratified mouse-level split; train_n=36, val_n=18, min_train_O=5, min_val_O=2; preprocessing/scaling/imputer/censor maxima were fitted on train only.",3.0,2.0,,,,,,,,,,
cv,ok,stage6_split,,,,,,,accepted,"Accepted stratified mouse-level split; train_n=36, val_n=18, min_train_O=6, min_val_O=2; preprocessing/scaling/imputer/censor maxima were fitted on train only.",3.0,3.0,,,,,,,,,,
cv,ok,stage6_split,,,,,,,accepted,"Accepted stratified mouse-level split; train_n=36, val_n=18, min_train_O=5, min_val_O=3; preprocessing/scaling/imputer/censor maxima were fitted on train only.",5.0,1.0,,,,,,,,,,
cv,ok,stage6_split,,,,,,,accepted,"Accepted stratified mouse-level split; train_n=36, val_n=18, min_train_O=5, min_val_O=3; preprocessing/scaling/imputer/censor maxima were fitted on train only.",5.0,2.0,,,,,,,,,,
cv,ok,stage6_split,,,,,,,accepted,"Accepted stratified mouse-level split; train_n=36, val_n=18, min_train_O=6, min_val_O=2; preprocessing/scaling/imputer/censor maxima were fitted on train only.",5.0,3.0,,,,,,,,,,
cv,ok,stage6_split,,,,,,,accepted,"Accepted stratified mouse-level split; train_n=36, val_n=18, min_train_O=6, min_val_O=2; preprocessing/scaling/imputer/censor maxima were fitted on train only.",6.0,1.0,,,,,,,,,,
cv,ok,stage6_split,,,,,,,accepted,"Accepted stratified mouse-level split; train_n=36, val_n=18, min_train_O=5, min_val_O=2; preprocessing/scaling/imputer/censor maxima were fitted on train only.",6.0,2.0,,,,,,,,,,
cv,ok,stage6_split,,,,,,,accepted,"Accepted stratified mouse-level split; train_n=36, val_n=18, min_train_O=5, min_val_O=3; preprocessing/scaling/imputer/censor maxima were fitted on train only.",6.0,3.0,,,,,,,,,,
cv,ok,stage6_split,,,,,,,accepted,"Accepted stratified mouse-level split; train_n=36, val_n=18, min_train_O=6, min_val_O=2; preprocessing/scaling/imputer/censor maxima were fitted on train only.",7.0,1.0,,,,,,,,,,
cv,ok,stage6_split,,,,,,,accepted,"Accepted stratified mouse-level split; train_n=36, val_n=18, min_train_O=6, min_val_O=2; preprocessing/scaling/imputer/censor maxima were fitted on train only.",7.0,2.0,,,,,,,,,,
cv,ok,stage6_split,,,,,,,accepted,"Accepted stratified mouse-level split; train_n=36, val_n=18, min_train_O=5, min_val_O=3; preprocessing/scaling/imputer/censor maxima were fitted on train only.",8.0,1.0,,,,,,,,,,
cv,ok,stage6_split,,,,,,,accepted,"Accepted stratified mouse-level split; train_n=36, val_n=18, min_train_O=5, min_val_O=3; preprocessing/scaling/imputer/censor maxima were fitted on train only.",8.0,2.0,,,,,,,,,,
cv,ok,stage6_split,,,,,,,accepted,"Accepted stratified mouse-level split; train_n=36, val_n=18, min_train_O=6, min_val_O=2; preprocessing/scaling/imputer/censor maxima were fitted on train only.",8.0,3.0,,,,,,,,,,
cv,ok,stage6_split,,,,,,,accepted,"Accepted stratified mouse-level split; train_n=36, val_n=18, min_train_O=6, min_val_O=2; preprocessing/scaling/imputer/censor maxima were fitted on train only.",9.0,1.0,,,,,,,,,,
cv,ok,stage6_split,,,,,,,accepted,"Accepted stratified mouse-level split; train_n=36, val_n=18, min_train_O=6, min_val_O=2; preprocessing/scaling/imputer/censor maxima were fitted on train only.",9.0,3.0,,,,,,,,,,
cv,review,stage6_split,,,,,,,rejected,"Rejected before hyperparameter comparison: train O_A below 5: {""PBS^24"": 4}",0.0,3.0,,,,,,,,,,
cv,review,stage6_split,,,,,,,rejected,"Rejected before hyperparameter comparison: validation O_A below 2: {""PBS^16"": 1, ""PBS^24"": 1}",2.0,1.0,,,,,,,,,,
cv,review,stage6_split,,,,,,,rejected,"Rejected before hyperparameter comparison: train O_A below 5: {""PBS^24"": 4}",2.0,2.0,,,,,,,,,,
cv,review,stage6_split,,,,,,,rejected,"Rejected before hyperparameter comparison: validation O_A below 2: {""PBS^16"": 1, ""PBS^24"": 0}",4.0,1.0,,,,,,,,,,
cv,review,stage6_split,,,,,,,rejected,"Rejected before hyperparameter comparison: train O_A below 5: {""PBS^24"": 4}",4.0,2.0,,,,,,,,,,
cv,review,stage6_split,,,,,,,rejected,"Rejected before hyperparameter comparison: train O_A below 5: {""PBS^24"": 4}",4.0,3.0,,,,,,,,,,
cv,review,stage6_split,,,,,,,rejected,"Rejected before hyperparameter comparison: train O_A below 5: {""PBS^24"": 4}",7.0,3.0,,,,,,,,,,
cv,review,stage6_split,,,,,,,rejected,"Rejected before hyperparameter comparison: train O_A below 5: {""PBS^24"": 4}",9.0,2.0,,,,,,,,,,
cv,ok,stage6_fold_metrics,,,,,,,fold,Validation metrics on fixed accepted split; validation_living=51; validation_min_enri=0.478687476346; train_slack_sum=1.23414135114e-21.,0.0,1.0,0.1,0.1,0.1,0.0,0.3,0.0935882908263869,0.09135604270229235,0.024961827060854206,0.1672183051194331,optimal
cv,ok,stage6_fold_metrics,,,,,,,fold,Validation metrics on fixed accepted split; validation_living=43; validation_min_enri=0.5487192413; train_slack_sum=0.0431986362809.,0.0,2.0,0.1,0.1,0.1,0.0,0.1,0.030031539832488012,0.06498012198625924,0.01510505348914798,0.23459211339519856,optimal
cv,ok,stage6_fold_metrics,,,,,,,fold,Validation metrics on fixed accepted split; validation_living=47; validation_min_enri=0.844903306756; train_slack_sum=0.0102093032149.,1.0,1.0,0.1,0.1,0.1,0.0,0.5,0.1895330339780499,0.2534691167379104,0.008283406788312011,0.13708399962186904,optimal
cv,ok,stage6_fold_metrics,,,,,,,fold,Validation metrics on fixed accepted split; validation_living=43; validation_min_enri=0.684120281737; train_slack_sum=8.33306709607e-18.,1.0,2.0,0.1,0.1,0.1,0.0,0.2,0.04171621766296263,0.10549390532284716,0.012950366561318623,0.17762161997630366,optimal
cv,ok,stage6_fold_metrics,,,,,,,fold,Validation metrics on fixed accepted split; validation_living=50; validation_min_enri=0.620810025797; train_slack_sum=2.09432626877e-21.,1.0,3.0,0.1,0.1,0.1,0.0,0.5,0.4344374208603143,1.667351714268296,2.488844496333146,0.21004339450572151,optimal
cv,ok,stage6_fold_metrics,,,,,,,fold,Validation metrics on fixed accepted split; validation_living=47; validation_min_enri=0.704330501833; train_slack_sum=0.084611973978.,2.0,3.0,0.1,0.1,0.1,0.0,0.2,0.05879471009552182,0.07042340579950483,0.010481663934334765,0.20995143928561324,optimal
cv,ok,stage6_fold_metrics,,,,,,,fold,Validation metrics on fixed accepted split; validation_living=47; validation_min_enri=0.463592365153; train_slack_sum=0.0353649949812.,3.0,1.0,0.1,0.1,0.1,0.0,0.1,0.036534152096684765,0.10302957751419958,0.021342636511959872,0.2764499528937334,optimal
cv,ok,stage6_fold_metrics,,,,,,,fold,Validation metrics on fixed accepted split; validation_living=44; validation_min_enri=0.562392173439; train_slack_sum=0.0032675234001.,3.0,2.0,0.1,0.1,0.1,0.0,0.4,0.0820106233996234,0.18768435800186875,0.01645101689802941,0.13574019197250495,optimal
cv,ok,stage6_fold_metrics,,,,,,,fold,Validation metrics on fixed accepted split; validation_living=49; validation_min_enri=0.726741634111; train_slack_sum=4.70518767999e-22.,3.0,3.0,0.1,0.1,0.1,0.0,0.4,0.13373989770169947,0.10834587568647816,0.006186051951644972,0.12597847283268576,optimal
cv,ok,stage6_fold_metrics,,,,,,,fold,Validation metrics on fixed accepted split; validation_living=49; validation_min_enri=0.438889663297; train_slack_sum=1.49194443877e-10.,5.0,1.0,0.1,0.1,0.1,0.0,0.3,0.05966046131075864,0.13843421800889816,0.028366725955162566,0.21738571057742503,optimal
cv,ok,stage6_fold_metrics,,,,,,,fold,Validation metrics on fixed accepted split; validation_living=46; validation_min_enri=0.692235922161; train_slack_sum=0.00997440022893.,5.0,2.0,0.1,0.1,0.1,0.0,0.5,0.08567785876929218,0.032412247830922676,0.021713536887764867,0.13725456952719522,optimal
cv,ok,stage6_fold_metrics,,,,,,,fold,Validation metrics on fixed accepted split; validation_living=45; validation_min_enri=0.915050874993; train_slack_sum=1.74537342884e-22.,5.0,3.0,0.1,0.1,0.1,0.0,0.5,0.2032727672335987,0.2375674623673635,0.001647276046392503,0.05783799197835775,optimal
cv,ok,stage6_fold_metrics,,,,,,,fold,Validation metrics on fixed accepted split; validation_living=49; validation_min_enri=0.767813612101; train_slack_sum=6.71679733058e-10.,6.0,1.0,0.1,0.1,0.1,0.0,0.3,0.08404145782783981,0.0626897025237966,0.011471180325582893,0.12091726649257886,optimal
cv,ok,stage6_fold_metrics,,,,,,,fold,Validation metrics on fixed accepted split; validation_living=42; validation_min_enri=0.678139074058; train_slack_sum=1.02777320343e-21.,6.0,2.0,0.1,0.1,0.1,0.0,0.4,0.11822814331720972,0.2186136212780597,0.013378818910630566,0.15047947705409562,optimal
cv,ok,stage6_fold_metrics,,,,,,,fold,Validation metrics on fixed accepted split; validation_living=49; validation_min_enri=0.369580333302; train_slack_sum=0.0394692554292.,6.0,3.0,0.1,0.1,0.1,0.0,0.3,0.0548071547633302,0.12723116721355038,0.019647733066021588,0.2657068686342713,optimal
cv,ok,stage6_fold_metrics,,,,,,,fold,Validation metrics on fixed accepted split; validation_living=46; validation_min_enri=0.632163282701; train_slack_sum=0.0118744497144.,7.0,1.0,0.1,0.1,0.1,0.0,0.3,0.060831784944608024,0.21032893665864272,0.014844510194415456,0.1982849580518043,optimal
cv,ok,stage6_fold_metrics,,,,,,,fold,Validation metrics on fixed accepted split; validation_living=44; validation_min_enri=0.857986114375; train_slack_sum=6.46932907711e-22.,7.0,2.0,0.1,0.1,0.1,0.0,0.3,0.10758815364840069,0.04350292804700215,0.005338165467191858,0.06471504296378709,optimal
cv,ok,stage6_fold_metrics,,,,,,,fold,Validation metrics on fixed accepted split; validation_living=46; validation_min_enri=0.555932096582; train_slack_sum=0.0616326278934.,8.0,1.0,0.1,0.1,0.1,0.0,0.2,0.06205953310746837,0.14023913314770736,0.020032647883743128,0.17976671716965806,optimal
cv,ok,stage6_fold_metrics,,,,,,,fold,Validation metrics on fixed accepted split; validation_living=46; validation_min_enri=0.417151465395; train_slack_sum=0.0738982271217.,8.0,2.0,0.1,0.1,0.1,0.0,0.1,0.01999062463047455,0.1449705880360661,0.035752893470249174,0.22841962134866997,optimal
cv,ok,stage6_fold_metrics,,,,,,,fold,Validation metrics on fixed accepted split; validation_living=48; validation_min_enri=0.865828580153; train_slack_sum=2.30686560893e-22.,8.0,3.0,0.1,0.1,0.1,0.0,0.6,0.1746333962593545,0.08194667582623749,0.0027814835529183395,0.09249674922512496,optimal
cv,ok,stage6_fold_metrics,,,,,,,fold,Validation metrics on fixed accepted split; validation_living=51; validation_min_enri=0.592768572945; train_slack_sum=2.9433244448e-21.,9.0,1.0,0.1,0.1,0.1,0.0,0.3,0.09986270062746772,0.0877347817128773,0.013986145008597529,0.14233029938811803,optimal
cv,ok,stage6_fold_metrics,,,,,,,fold,Validation metrics on fixed accepted split; validation_living=44; validation_min_enri=0.815893373531; train_slack_sum=2.20263170718e-23.,9.0,3.0,0.1,0.1,0.1,0.0,0.4,0.19918433969144614,0.1860577000086429,0.002741027367220541,0.0522009220126934,optimal
cv,ok,stage6_fold_metrics,,,,,,,fold,Validation metrics on fixed accepted split; validation_living=51; validation_min_enri=0.478687476346; train_slack_sum=2.91909585394e-23.,0.0,1.0,0.1,0.1,1.0,0.0,0.3,0.0935882908263869,0.09135604270229229,0.024961827060854175,0.16721830511943303,optimal
cv,ok,stage6_fold_metrics,,,,,,,fold,Validation metrics on fixed accepted split; validation_living=43; validation_min_enri=0.462842574636; train_slack_sum=3.69035701664e-21.,0.0,2.0,0.1,0.1,1.0,0.0,0.2,0.03891203547653966,0.05973088672093601,0.020313209386224638,0.2613716017413565,optimal
cv,ok,stage6_fold_metrics,,,,,,,fold,Validation metrics on fixed accepted split; validation_living=47; validation_min_enri=0.831859933845; train_slack_sum=1.51215339115e-10.,1.0,1.0,0.1,0.1,1.0,0.0,0.5,0.19098055637516873,0.25685751212401026,0.009348673734638454,0.14753558796591812,optimal
cv,ok,stage6_fold_metrics,,,,,,,fold,Validation metrics on fixed accepted split; validation_living=43; validation_min_enri=0.684120281737; train_slack_sum=1.26615963661e-18.,1.0,2.0,0.1,0.1,1.0,0.0,0.2,0.04171621766296259,0.10549390532284716,0.012950366561318621,0.1776216199763036,optimal
cv,ok,stage6_fold_metrics,,,,,,,fold,Validation metrics on fixed accepted split; validation_living=50; validation_min_enri=0.620810025797; train_slack_sum=1.66321411264e-22.,1.0,3.0,0.1,0.1,1.0,0.0,0.5,0.43443742086040943,1.667351714268722,2.488844496334473,0.2100433945057215,optimal
cv,ok,stage6_fold_metrics,,,,,,,fold,Validation metrics on fixed accepted split; validation_living=47; validation_min_enri=0.63676264801; train_slack_sum=1.94968831666e-22.,2.0,3.0,0.1,0.1,1.0,0.0,0.5,0.09227536513378208,0.09061486082087096,0.020084103278925777,0.2748149282102324,optimal
cv,ok,stage6_fold_metrics,,,,,,,fold,Validation metrics on fixed accepted split; validation_living=47; validation_min_enri=0.477471146509; train_slack_sum=1.16894268234e-09.,3.0,1.0,0.1,0.1,1.0,0.0,0.1,0.046945414199856435,0.10835124712669146,0.022225418447609006,0.28699966219754114,optimal
cv,ok,stage6_fold_metrics,,,,,,,fold,Validation metrics on fixed accepted split; validation_living=44; validation_min_enri=0.550455897082; train_slack_sum=1.61406362227e-09.,3.0,2.0,0.1,0.1,1.0,0.0,0.4,0.08208896278120706,0.18930923528169782,0.0172769496906109,0.13836908322506905,optimal
cv,ok,stage6_fold_metrics,,,,,,,fold,Validation metrics on fixed accepted split; validation_living=49; validation_min_enri=0.726741634111; train_slack_sum=4.34267116797e-23.,3.0,3.0,0.1,0.1,1.0,0.0,0.4,0.13373989770169953,0.10834587568647819,0.006186051951644977,0.12597847283268573,optimal
cv,ok,stage6_fold_metrics,,,,,,,fold,Validation metrics on fixed accepted split; validation_living=49; validation_min_enri=0.438889661967; train_slack_sum=1.12841942163e-09.,5.0,1.0,0.1,0.1,1.0,0.0,0.3,0.059660459906061766,0.1384342161557686,0.028366725527693457,0.21738571093397208,optimal
cv,ok,stage6_fold_metrics,,,,,,,fold,Validation metrics on fixed accepted split; validation_living=46; validation_min_enri=0.652506522007; train_slack_sum=5.17255279761e-22.,5.0,2.0,0.1,0.1,1.0,0.0,0.5,0.08766048747774052,0.03351928260328484,0.023976011258978556,0.14742859806816547,optimal
cv,ok,stage6_fold_metrics,,,,,,,fold,Validation metrics on fixed accepted split; validation_living=45; validation_min_enri=0.915050874993; train_slack_sum=2.90374241093e-22.,5.0,3.0,0.1,0.1,1.0,0.0,0.5,0.2032727672335987,0.2375674623673635,0.001647276046392503,0.05783799197835778,optimal
cv,ok,stage6_fold_metrics,,,,,,,fold,Validation metrics on fixed accepted split; validation_living=49; validation_min_enri=0.767813612081; train_slack_sum=1.37600811689e-21.,6.0,1.0,0.1,0.1,1.0,0.0,0.3,0.0840414576510148,0.06268970269462361,0.011471180419201761,0.12091726743266563,optimal
cv,ok,stage6_fold_metrics,,,,,,,fold,Validation metrics on fixed accepted split; validation_living=42; validation_min_enri=0.678139074058; train_slack_sum=7.89469804986e-22.,6.0,2.0,0.1,0.1,1.0,0.0,0.4,0.11822814331720972,0.2186136212780597,0.013378818910630573,0.15047947705409556,optimal
cv,ok,stage6_fold_metrics,,,,,,,fold,Validation metrics on fixed accepted split; validation_living=49; validation_min_enri=0.312827803189; train_slack_sum=4.17734233063e-10.,6.0,3.0,0.1,0.1,1.0,0.0,0.3,0.06423491332582147,0.12947916648644092,0.02418892304465986,0.28216458288122426,optimal
cv,ok,stage6_fold_metrics,,,,,,,fold,Validation metrics on fixed accepted split; validation_living=46; validation_min_enri=0.631891788217; train_slack_sum=1.45491241178e-18.,7.0,1.0,0.1,0.1,1.0,0.0,0.3,0.06234244680185223,0.21126573470245127,0.015354676472718586,0.20301528838113753,optimal
cv,ok,stage6_fold_metrics,,,,,,,fold,Validation metrics on fixed accepted split; validation_living=44; validation_min_enri=0.857986114375; train_slack_sum=7.65194214635e-23.,7.0,2.0,0.1,0.1,1.0,0.0,0.3,0.10758815364840064,0.0435029280470022,0.005338165467191868,0.06471504296378709,optimal
cv,ok,stage6_fold_metrics,,,,,,,fold,Validation metrics on fixed accepted split; validation_living=46; validation_min_enri=0.538631960279; train_slack_sum=1.27112804262e-22.,8.0,1.0,0.1,0.1,1.0,0.0,0.3,0.08018372668587806,0.15825617122039734,0.029330324176175298,0.2144634362000377,optimal
cv,ok,stage6_fold_metrics,,,,,,,fold,Validation metrics on fixed accepted split; validation_living=46; validation_min_enri=0.283219460926; train_slack_sum=2.31543015584e-09.,8.0,2.0,0.1,0.1,1.0,0.0,0.2,0.028617943246746564,0.15616209466031464,0.05109090157561339,0.2775787157883941,optimal
cv,ok,stage6_fold_metrics,,,,,,,fold,Validation metrics on fixed accepted split; validation_living=48; validation_min_enri=0.865828580153; train_slack_sum=2.72954549826e-22.,8.0,3.0,0.1,0.1,1.0,0.0,0.6,0.1746333962593545,0.08194667582623749,0.002781483552918343,0.0924967492251249,optimal
cv,ok,stage6_fold_metrics,,,,,,,fold,Validation metrics on fixed accepted split; validation_living=51; validation_min_enri=0.592768572945; train_slack_sum=1.77663070313e-22.,9.0,1.0,0.1,0.1,1.0,0.0,0.3,0.0998627006274677,0.0877347817128773,0.013986145008597536,0.14233029938811806,optimal
cv,ok,stage6_fold_metrics,,,,,,,fold,Validation metrics on fixed accepted split; validation_living=44; validation_min_enri=0.815893373531; train_slack_sum=9.00121878108e-30.,9.0,3.0,0.1,0.1,1.0,0.0,0.4,0.19918433969144614,0.18605770000864294,0.002741027367220541,0.05220092201269338,optimal
cv,ok,stage6_fold_metrics,,,,,,,fold,Validation metrics on fixed accepted split; validation_living=51; validation_min_enri=0.478687476346; train_slack_sum=2.45995004029e-21.,0.0,1.0,0.1,0.1,10.0,0.0,0.3,0.09358829082638669,0.09135604270229225,0.024961827060854248,0.16721830511943206,optimal
cv,ok,stage6_fold_metrics,,,,,,,fold,Validation metrics on fixed accepted split; validation_living=43; validation_min_enri=0.462842574636; train_slack_sum=3.31989369484e-19.,0.0,2.0,0.1,0.1,10.0,0.0,0.2,0.03891203547654063,0.05973088672093885,0.020313209386225366,0.261371601741347,optimal
cv,ok,stage6_fold_metrics,,,,,,,fold,Validation metrics on fixed accepted split; validation_living=47; validation_min_enri=0.831859934247; train_slack_sum=2.67102527623e-20.,1.0,1.0,0.1,0.1,10.0,0.0,0.5,0.19098055561459382,0.2568575121283044,0.00934867369957727,0.14753558840044873,optimal
cv,ok,stage6_fold_metrics,,,,,,,fold,Validation metrics on fixed accepted split; validation_living=43; validation_min_enri=0.684120281737; train_slack_sum=2.31168186813e-17.,1.0,2.0,0.1,0.1,10.0,0.0,0.2,0.041716217662962754,0.10549390532284676,0.012950366561318675,0.17762161997630266,optimal
cv,ok,stage6_fold_metrics,,,,,,,fold,Validation metrics on fixed accepted split; validation_living=50; validation_min_enri=0.620810025797; train_slack_sum=3.38540144847e-22.,1.0,3.0,0.1,0.1,10.0,0.0,0.5,0.434437420860354,1.6673517142684737,2.4888444963337,0.21004339450572154,optimal
cv,ok,stage6_fold_metrics,,,,,,,fold,Validation metrics on fixed accepted split; validation_living=47; validation_min_enri=0.63676264801; train_slack_sum=1.2772179793e-20.,2.0,3.0,0.1,0.1,10.0,0.0,0.5,0.09227536513378189,0.09061486082087077,0.020084103278925767,0.2748149282102315,optimal
cv,ok,stage6_fold_metrics,,,,,,,fold,Validation metrics on fixed accepted split; validation_living=47; validation_min_enri=0.47747114442; train_slack_sum=3.57102870334e-10.,3.0,1.0,0.1,0.1,10.0,0.0,0.1,0.046945413964188984,0.10835124780506973,0.022225418510045253,0.2869996624129877,optimal
cv,ok,stage6_fold_metrics,,,,,,,fold,Validation metrics on fixed accepted split; validation_living=44; validation_min_enri=0.550455953858; train_slack_sum=7.74469796793e-11.,3.0,2.0,0.1,0.1,10.0,0.0,0.4,0.08208898118701828,0.18930919878985486,0.01727696214482953,0.138369075055178,optimal
cv,ok,stage6_fold_metrics,,,,,,,fold,Validation metrics on fixed accepted split; validation_living=49; validation_min_enri=0.726741634111; train_slack_sum=7.00094794084e-30.,3.0,3.0,0.1,0.1,10.0,0.0,0.4,0.13373989770169972,0.10834587568647724,0.006186051951644896,0.1259784728326841,optimal
cv,ok,stage6_fold_metrics,,,,,,,fold,Validation metrics on fixed accepted split; validation_living=49; validation_min_enri=0.438889663601; train_slack_sum=6.91901391031e-18.,5.0,1.0,0.1,0.1,10.0,0.0,0.3,0.05966046111924406,0.1384342178309716,0.028366725864407808,0.21738571062733678,optimal
cv,ok,stage6_fold_metrics,,,,,,,fold,Validation metrics on fixed accepted split; validation_living=46; validation_min_enri=0.652506522007; train_slack_sum=2.50087852257e-20.,5.0,2.0,0.1,0.1,10.0,0.0,0.5,0.08766048747774077,0.033519282603284975,0.023976011258978455,0.147428598068165,optimal
cv,ok,stage6_fold_metrics,,,,,,,fold,Validation metrics on fixed accepted split; validation_living=45; validation_min_enri=0.915050874993; train_slack_sum=1.0462361406e-20.,5.0,3.0,0.1,0.1,10.0,0.0,0.5,0.20327276723359863,0.2375674623673636,0.001647276046392497,0.05783799197835733,optimal
cv,ok,stage6_fold_metrics,,,,,,,fold,Validation metrics on fixed accepted split; validation_living=49; validation_min_enri=0.767813612081; train_slack_sum=1.12878967803e-19.,6.0,1.0,0.1,0.1,10.0,0.0,0.3,0.08404145765101463,0.06268970269462408,0.011471180419202013,0.12091726743266372,optimal
cv,ok,stage6_fold_metrics,,,,,,,fold,Validation metrics on fixed accepted split; validation_living=42; validation_min_enri=0.678139074058; train_slack_sum=7.57949672962e-20.,6.0,2.0,0.1,0.1,10.0,0.0,0.4,0.11822814331720902,0.21861362127805933,0.013378818910631002,0.15047947705409084,optimal
cv,ok,stage6_fold_metrics,,,,,,,fold,Validation metrics on fixed accepted split; validation_living=49; validation_min_enri=0.312827756911; train_slack_sum=1.07812636258e-09.,6.0,3.0,0.1,0.1,10.0,0.0,0.3,0.06423491052748584,0.1294791683494818,0.024188922498906668,0.2821645900857123,optimal
cv,ok,stage6_fold_metrics,,,,,,,fold,Validation metrics on fixed accepted split; validation_living=46; validation_min_enri=0.631891788217; train_slack_sum=9.29394289261e-18.,7.0,1.0,0.1,0.1,10.0,0.0,0.3,0.06234244680185167,0.21126573470245086,0.015354676472718605,0.20301528838113544,optimal
cv,ok,stage6_fold_metrics,,,,,,,fold,Validation metrics on fixed accepted split; validation_living=44; validation_min_enri=0.857986114375; train_slack_sum=3.82233625337e-21.,7.0,2.0,0.1,0.1,10.0,0.0,0.3,0.10758815364840066,0.043502928047002176,0.005338165467191871,0.06471504296378702,optimal
cv,ok,stage6_fold_metrics,,,,,,,fold,Validation metrics on fixed accepted split; validation_living=46; validation_min_enri=0.538631960279; train_slack_sum=7.88121337157e-21.,8.0,1.0,0.1,0.1,10.0,0.0,0.3,0.08018372668587816,0.15825617122039712,0.029330324176175118,0.21446343620003716,optimal
cv,ok,stage6_fold_metrics,,,,,,,fold,Validation metrics on fixed accepted split; validation_living=46; validation_min_enri=0.283219461782; train_slack_sum=4.83420446671e-10.,8.0,2.0,0.1,0.1,10.0,0.0,0.2,0.028617943314647322,0.15616209460489522,0.051090902024746365,0.2775787166467355,optimal
cv,ok,stage6_fold_metrics,,,,,,,fold,Validation metrics on fixed accepted split; validation_living=48; validation_min_enri=0.865828580153; train_slack_sum=1.69020184581e-20.,8.0,3.0,0.1,0.1,10.0,0.0,0.6,0.17463339625935437,0.08194667582623717,0.0027814835529183335,0.09249674922512463,optimal
cv,ok,stage6_fold_metrics,,,,,,,fold,Validation metrics on fixed accepted split; validation_living=51; validation_min_enri=0.592768572945; train_slack_sum=6.00081252072e-30.,9.0,1.0,0.1,0.1,10.0,0.0,0.3,0.09986270062746772,0.08773478171287734,0.013986145008597545,0.14233029938811798,optimal
cv,ok,stage6_fold_metrics,,,,,,,fold,Validation metrics on fixed accepted split; validation_living=44; validation_min_enri=0.815893373531; train_slack_sum=9.00121878108e-30.,9.0,3.0,0.1,0.1,10.0,0.0,0.4,0.19918433969144572,0.1860577000086429,0.0027410273672205513,0.05220092201269274,optimal
cv,ok,stage6_fold_metrics,,,,,,,fold,Validation metrics on fixed accepted split; validation_living=51; validation_min_enri=0.636188763396; train_slack_sum=0.0355751162406.,0.0,1.0,0.1,1.0,0.1,0.0,0.4,0.11291303737581507,0.08391151579358425,0.019504989998654035,0.1235302831294179,optimal
cv,ok,stage6_fold_metrics,,,,,,,fold,Validation metrics on fixed accepted split; validation_living=43; validation_min_enri=0.748356579944; train_slack_sum=0.215833481119.,0.0,2.0,0.1,1.0,0.1,0.0,0.1,0.028098075553391683,0.07511023654197868,0.01069504534192104,0.12115210485243026,optimal
cv,ok,stage6_fold_metrics,,,,,,,fold,Validation metrics on fixed accepted split; validation_living=47; validation_min_enri=0.899155906563; train_slack_sum=0.0684247866568.,1.0,1.0,0.1,1.0,0.1,0.0,0.5,0.1921507497324309,0.24978443046811852,0.0057142396197032855,0.061684357769640465,optimal
cv,ok,stage6_fold_metrics,,,,,,,fold,Validation metrics on fixed accepted split; validation_living=43; validation_min_enri=0.71828885952; train_slack_sum=0.111450449695.,1.0,2.0,0.1,1.0,0.1,0.0,0.2,0.04152364064480396,0.10460952608690728,0.008155068472107898,0.09693449981135253,optimal
cv,ok,stage6_fold_metrics,,,,,,,fold,Validation metrics on fixed accepted split; validation_living=50; validation_min_enri=-248.254383567; train_slack_sum=0.0750869627797.,1.0,3.0,0.1,1.0,0.1,0.06,0.2,0.061317948282616275,31.119790409148806,952.5125285918213,0.12306587272493309,optimal
cv,ok,stage6_fold_metrics,,,,,,,fold,Validation metrics on fixed accepted split; validation_living=47; validation_min_enri=0.800582334806; train_slack_sum=0.270286877377.,2.0,3.0,0.1,1.0,0.1,0.0,0.2,0.029791939949621905,0.054127157354649603,0.004756813855213851,0.10925893531060737,optimal
cv,ok,stage6_fold_metrics,,,,,,,fold,Validation metrics on fixed accepted split; validation_living=47; validation_min_enri=0.586966261194; train_slack_sum=0.247475624702.,3.0,1.0,0.1,1.0,0.1,0.0,0.1,0.027900876005222158,0.057333262511355364,0.013548442731984042,0.14320675773583977,optimal
cv,ok,stage6_fold_metrics,,,,,,,fold,Validation metrics on fixed accepted split; validation_living=44; validation_min_enri=0.81873918549; train_slack_sum=0.0715169184226.,3.0,2.0,0.1,1.0,0.1,0.0,0.4,0.09686766652678494,0.11914296751978619,0.008456459205763272,0.06438563997142224,optimal
cv,ok,stage6_fold_metrics,,,,,,,fold,Validation metrics on fixed accepted split; validation_living=49; validation_min_enri=0.780690748231; train_slack_sum=0.0313448577962.,3.0,3.0,0.1,1.0,0.1,0.0,0.4,0.15449869984169348,0.10955691946486973,0.006310878838959367,0.07646055721666452,optimal
cv,ok,stage6_fold_metrics,,,,,,,fold,Validation metrics on fixed accepted split; validation_living=49; validation_min_enri=0.389063351909; train_slack_sum=0.12775862679.,5.0,1.0,0.1,1.0,0.1,0.0,0.3,0.06330789804468792,0.12040625273406566,0.03466665315708849,0.14443906796172679,optimal
cv,ok,stage6_fold_metrics,,,,,,,fold,Validation metrics on fixed accepted split; validation_living=46; validation_min_enri=0.836817974369; train_slack_sum=0.05499731953.,5.0,2.0,0.1,1.0,0.1,0.0,0.6,0.09093879047318362,0.02892878678696379,0.015898532475779437,0.07468847715657068,optimal
cv,ok,stage6_fold_metrics,,,,,,,fold,Validation metrics on fixed accepted split; validation_living=45; validation_min_enri=0.901445781955; train_slack_sum=7.00094794084e-30.,5.0,3.0,0.1,1.0,0.1,0.0,0.5,0.208217241193933,0.24269825081505536,0.002075079432888298,0.0451050778934416,optimal
cv,ok,stage6_fold_metrics,,,,,,,fold,Validation metrics on fixed accepted split; validation_living=49; validation_min_enri=0.825054345458; train_slack_sum=0.0206973257972.,6.0,1.0,0.1,1.0,0.1,0.0,0.3,0.09165237584299382,0.0518521536657759,0.011625376383104272,0.09310901311347343,optimal
cv,ok,stage6_fold_metrics,,,,,,,fold,Validation metrics on fixed accepted split; validation_living=42; validation_min_enri=0.809191692572; train_slack_sum=0.0850048757813.,6.0,2.0,0.1,1.0,0.1,0.0,0.4,0.11449649406609623,0.20136627730865683,0.007389247361782863,0.07944469098108502,optimal
cv,ok,stage6_fold_metrics,,,,,,,fold,Validation metrics on fixed accepted split; validation_living=49; validation_min_enri=0.739699397486; train_slack_sum=0.314606508933.,6.0,3.0,0.1,1.0,0.1,0.0,0.3,0.05068381362349441,0.13122261433330137,0.009280800515430482,0.12576577911437156,optimal
cv,ok,stage6_fold_metrics,,,,,,,fold,Validation metrics on fixed accepted split; validation_living=46; validation_min_enri=0.767212983902; train_slack_sum=0.193040914072.,7.0,1.0,0.1,1.0,0.1,0.0,0.3,0.06940055760161108,0.21757525481709883,0.006583042604694608,0.08826561777537467,optimal
cv,ok,stage6_fold_metrics,,,,,,,fold,Validation metrics on fixed accepted split; validation_living=44; validation_min_enri=0.833771165124; train_slack_sum=2.54249448166e-20.,7.0,2.0,0.1,1.0,0.1,0.0,0.3,0.10767251605011788,0.04515029916365799,0.005248097573701383,0.04984320392387644,optimal
cv,ok,stage6_fold_metrics,,,,,,,fold,Validation metrics on fixed accepted split; validation_living=46; validation_min_enri=0.765114672572; train_slack_sum=0.249355371635.,8.0,1.0,0.1,1.0,0.1,0.0,0.3,0.0732011205789327,0.12185915610217145,0.009246426813307205,0.07661878048753931,optimal
cv,ok,stage6_fold_metrics,,,,,,,fold,Validation metrics on fixed accepted split; validation_living=46; validation_min_enri=0.632649093255; train_slack_sum=0.281851390623.,8.0,2.0,0.1,1.0,0.1,0.0,0.0,0.014843590510507482,0.11386392467253943,0.01744817824549707,0.11747605988417203,optimal
cv,ok,stage6_fold_metrics,,,,,,,fold,Validation metrics on fixed accepted split; validation_living=48; validation_min_enri=0.829936250507; train_slack_sum=0.0316355695406.,8.0,3.0,0.1,1.0,0.1,0.0,0.6,0.18053458272888248,0.07391105579054714,0.0026601316868161504,0.05890117007981239,optimal
cv,ok,stage6_fold_metrics,,,,,,,fold,Validation metrics on fixed accepted split; validation_living=51; validation_min_enri=0.821279060915; train_slack_sum=0.0648397935683.,9.0,1.0,0.1,1.0,0.1,0.0,0.3,0.10934951880862073,0.08884422629000784,0.006467963647107398,0.0728052744256017,optimal
cv,ok,stage6_fold_metrics,,,,,,,fold,Validation metrics on fixed accepted split; validation_living=44; validation_min_enri=0.819240430853; train_slack_sum=9.00121878108e-30.,9.0,3.0,0.1,1.0,0.1,0.0,0.4,0.1995296228575702,0.18446487245926518,0.002423756645497333,0.036278584355113774,optimal
cv,ok,stage6_fold_metrics,,,,,,,fold,Validation metrics on fixed accepted split; validation_living=51; validation_min_enri=0.564759260802; train_slack_sum=9.58415616805e-18.,0.0,1.0,0.1,1.0,1.0,0.0,0.4,0.11347063124970405,0.08473810535908055,0.020752521020991625,0.1337571539452691,optimal
cv,ok,stage6_fold_metrics,,,,,,,fold,Validation metrics on fixed accepted split; validation_living=43; validation_min_enri=0.52011697154; train_slack_sum=1.09591344137e-22.,0.0,2.0,0.1,1.0,1.0,0.0,0.1,0.041170727367282625,0.08246231749581026,0.024565515132584568,0.21143567551806142,optimal
cv,ok,stage6_fold_metrics,,,,,,,fold,Validation metrics on fixed accepted split; validation_living=47; validation_min_enri=0.845485976818; train_slack_sum=1.18259767169e-09.,1.0,1.0,0.1,1.0,1.0,0.0,0.5,0.20260692577910278,0.26038529971926183,0.00990997671380141,0.10777408471475093,optimal
cv,ok,stage6_fold_metrics,,,,,,,fold,Validation metrics on fixed accepted split; validation_living=43; validation_min_enri=0.670275135743; train_slack_sum=3.64741462381e-17.,1.0,2.0,0.1,1.0,1.0,0.0,0.2,0.04348092742270282,0.0965180939533572,0.013788325389611516,0.12936629904939703,optimal
cv,ok,stage6_fold_metrics,,,,,,,fold,Validation metrics on fixed accepted split; validation_living=50; validation_min_enri=-321.387612167; train_slack_sum=1.28722465425e-22.,1.0,3.0,0.1,1.0,1.0,0.06,0.4,0.0836903371363486,40.28006544577609,1594.246729926187,0.14984238391132873,optimal
cv,ok,stage6_fold_metrics,,,,,,,fold,Validation metrics on fixed accepted split; validation_living=47; validation_min_enri=0.565134607072; train_slack_sum=2.11237934166e-23.,2.0,3.0,0.1,1.0,1.0,0.0,0.2,0.06733733719470222,0.08281488688972641,0.021465536832586826,0.20928512224109866,optimal
cv,ok,stage6_fold_metrics,,,,,,,fold,Validation metrics on fixed accepted split; validation_living=47; validation_min_enri=0.476085909203; train_slack_sum=3.26560483195e-18.,3.0,1.0,0.1,1.0,1.0,0.0,0.2,0.053331172127236814,0.10562720988118739,0.02895297295704986,0.21195718068501535,optimal
cv,ok,stage6_fold_metrics,,,,,,,fold,Validation metrics on fixed accepted split; validation_living=44; validation_min_enri=0.563863614534; train_slack_sum=8.01243582293e-23.,3.0,2.0,0.1,1.0,1.0,0.0,0.4,0.0977782410075991,0.19164758260401232,0.025559450043397616,0.10446037549435738,optimal
cv,ok,stage6_fold_metrics,,,,,,,fold,Validation metrics on fixed accepted split; validation_living=49; validation_min_enri=0.754019885166; train_slack_sum=9.10600051786e-23.,3.0,3.0,0.1,1.0,1.0,0.0,0.4,0.15213263112125627,0.11453432521189762,0.008580055945479037,0.08899668294903491,optimal
cv,ok,stage6_fold_metrics,,,,,,,fold,Validation metrics on fixed accepted split; validation_living=49; validation_min_enri=0.304575783137; train_slack_sum=3.00582455207e-17.,5.0,1.0,0.1,1.0,1.0,0.0,0.3,0.07533644012519655,0.1304125292705,0.04722601384935138,0.16557831453795874,optimal
cv,ok,stage6_fold_metrics,,,,,,,fold,Validation metrics on fixed accepted split; validation_living=46; validation_min_enri=0.68950352805; train_slack_sum=2.17496261296e-22.,5.0,2.0,0.1,1.0,1.0,0.0,0.6,0.10632258076851524,0.03031117828278538,0.023859298923008906,0.11463517259650118,optimal
cv,ok,stage6_fold_metrics,,,,,,,fold,Validation metrics on fixed accepted split; validation_living=45; validation_min_enri=0.901445781955; train_slack_sum=1.656868076e-22.,5.0,3.0,0.1,1.0,1.0,0.0,0.5,0.208217241193933,0.24269825081505542,0.0020750794328883017,0.04510507789344161,optimal
cv,ok,stage6_fold_metrics,,,,,,,fold,Validation metrics on fixed accepted split; validation_living=49; validation_min_enri=0.794290114169; train_slack_sum=7.54255869416e-18.,6.0,1.0,0.1,1.0,1.0,0.0,0.4,0.09247110747610184,0.05085550951342846,0.013498857717125848,0.10133331921098115,optimal
cv,ok,stage6_fold_metrics,,,,,,,fold,Validation metrics on fixed accepted split; validation_living=42; validation_min_enri=0.715007170118; train_slack_sum=1.3296576617e-22.,6.0,2.0,0.1,1.0,1.0,0.0,0.4,0.12391179374704446,0.22680403656455678,0.012831845104034734,0.1212056621355786,optimal
cv,ok,stage6_fold_metrics,,,,,,,fold,Validation metrics on fixed accepted split; validation_living=49; validation_min_enri=0.441146207058; train_slack_sum=1.28950911125e-22.,6.0,3.0,0.1,1.0,1.0,0.0,0.4,0.06900796726953602,0.1379990022184841,0.03039690360894079,0.219375916469459,optimal
cv,ok,stage6_fold_metrics,,,,,,,fold,Validation metrics on fixed accepted split; validation_living=46; validation_min_enri=0.623928805898; train_slack_sum=1.1135640068e-17.,7.0,1.0,0.1,1.0,1.0,0.0,0.3,0.07008049023730752,0.2414983277870272,0.018041773501645503,0.17270980797709265,optimal
cv,ok,stage6_fold_metrics,,,,,,,fold,Validation metrics on fixed accepted split; validation_living=44; validation_min_enri=0.833771165124; train_slack_sum=1.13524111537e-22.,7.0,2.0,0.1,1.0,1.0,0.0,0.3,0.10767251605011789,0.04515029916365799,0.005248097573701365,0.04984320392387644,optimal
cv,ok,stage6_fold_metrics,,,,,,,fold,Validation metrics on fixed accepted split; validation_living=46; validation_min_enri=0.517523093468; train_slack_sum=4.32923116348e-25.,8.0,1.0,0.1,1.0,1.0,0.0,0.4,0.11430815839042803,0.1718436017416186,0.03579017787158612,0.16044703057799603,optimal
cv,ok,stage6_fold_metrics,,,,,,,fold,Validation metrics on fixed accepted split; validation_living=46; validation_min_enri=0.309177687617; train_slack_sum=2.3207161364e-09.,8.0,2.0,0.1,1.0,1.0,0.0,0.3,0.05148763963679195,0.19549452075153692,0.056200336610401504,0.22214474779447593,optimal
cv,ok,stage6_fold_metrics,,,,,,,fold,Validation metrics on fixed accepted split; validation_living=48; validation_min_enri=0.784129806314; train_slack_sum=1.15785446069e-23.,8.0,3.0,0.1,1.0,1.0,0.0,0.6,0.18195377468300575,0.0772718569132672,0.0038941835728406996,0.07474239361476816,optimal
cv,ok,stage6_fold_metrics,,,,,,,fold,Validation metrics on fixed accepted split; validation_living=51; validation_min_enri=0.699186053243; train_slack_sum=9.56514220676e-23.,9.0,1.0,0.1,1.0,1.0,0.0,0.3,0.10177711283786198,0.09520052730094589,0.01081434299821647,0.115687938107168,optimal
cv,ok,stage6_fold_metrics,,,,,,,fold,Validation metrics on fixed accepted split; validation_living=44; validation_min_enri=0.819240430853; train_slack_sum=9.00121878108e-30.,9.0,3.0,0.1,1.0,1.0,0.0,0.4,0.19952962285757023,0.18446487245926518,0.0024237566454973322,0.03627858435511377,optimal
cv,ok,stage6_fold_metrics,,,,,,,fold,Validation metrics on fixed accepted split; validation_living=51; validation_min_enri=0.564759260802; train_slack_sum=7.59188254749e-18.,0.0,1.0,0.1,1.0,10.0,0.0,0.4,0.11347063124970405,0.08473810535908055,0.020752521020991618,0.1337571539452691,optimal
cv,ok,stage6_fold_metrics,,,,,,,fold,Validation metrics on fixed accepted split; validation_living=43; validation_min_enri=0.52011697154; train_slack_sum=1.82993632047e-22.,0.0,2.0,0.1,1.0,10.0,0.0,0.1,0.041170727367282625,0.08246231749581026,0.02456551513258455,0.2114356755180614,optimal
cv,ok,stage6_fold_metrics,,,,,,,fold,Validation metrics on fixed accepted split; validation_living=47; validation_min_enri=0.845485975309; train_slack_sum=2.28370537474e-12.,1.0,1.0,0.1,1.0,10.0,0.0,0.5,0.20260692849247128,0.26038529551073547,0.00990997606585883,0.10777408089103893,optimal
cv,ok,stage6_fold_metrics,,,,,,,fold,Validation metrics on fixed accepted split; validation_living=43; validation_min_enri=0.670275135743; train_slack_sum=6.02914024916e-18.,1.0,2.0,0.1,1.0,10.0,0.0,0.2,0.043480927422702834,0.0965180939533572,0.013788325389611528,0.1293662990493971,optimal
cv,ok,stage6_fold_metrics,,,,,,,fold,Validation metrics on fixed accepted split; validation_living=50; validation_min_enri=-321.387612167; train_slack_sum=8.98807946107e-23.,1.0,3.0,0.1,1.0,10.0,0.06,0.4,0.08369033713634857,40.28006544577602,1594.2467299261818,0.14984238391132873,optimal
cv,ok,stage6_fold_metrics,,,,,,,fold,Validation metrics on fixed accepted split; validation_living=47; validation_min_enri=0.565134607072; train_slack_sum=7.71169139415e-22.,2.0,3.0,0.1,1.0,10.0,0.0,0.2,0.06733733719470225,0.08281488688972635,0.02146553683258684,0.2092851222410987,optimal
cv,ok,stage6_fold_metrics,,,,,,,fold,Validation metrics on fixed accepted split; validation_living=47; validation_min_enri=0.476085909203; train_slack_sum=6.17922622784e-19.,3.0,1.0,0.1,1.0,10.0,0.0,0.2,0.053331172127236814,0.10562720988118736,0.028952972957049846,0.21195718068501535,optimal
cv,ok,stage6_fold_metrics,,,,,,,fold,Validation metrics on fixed accepted split; validation_living=44; validation_min_enri=0.563864123867; train_slack_sum=7.3156339893e-10.,3.0,2.0,0.1,1.0,10.0,0.0,0.4,0.09777824152800592,0.19164751208830472,0.025559430216510113,0.10446037159432271,optimal
cv,ok,stage6_fold_metrics,,,,,,,fold,Validation metrics on fixed accepted split; validation_living=49; validation_min_enri=0.754019885166; train_slack_sum=1.48184262315e-21.,3.0,3.0,0.1,1.0,10.0,0.0,0.4,0.1521326311212563,0.1145343252118976,0.008580055945479035,0.0889966829490349,optimal
cv,ok,stage6_fold_metrics,,,,,,,fold,Validation metrics on fixed accepted split; validation_living=49; validation_min_enri=0.304575783137; train_slack_sum=2.8606800761e-18.,5.0,1.0,0.1,1.0,10.0,0.0,0.3,0.07533644012519654,0.13041252927049998,0.04722601384935137,0.16557831453795868,optimal
cv,ok,stage6_fold_metrics,,,,,,,fold,Validation metrics on fixed accepted split; validation_living=46; validation_min_enri=0.68950352805; train_slack_sum=2.41861559225e-22.,5.0,2.0,0.1,1.0,10.0,0.0,0.6,0.10632258076851524,0.030311178282785393,0.023859298923008906,0.11463517259650118,optimal
cv,ok,stage6_fold_metrics,,,,,,,fold,Validation metrics on fixed accepted split; validation_living=45; validation_min_enri=0.901445781955; train_slack_sum=6.03777404799e-23.,5.0,3.0,0.1,1.0,10.0,0.0,0.5,0.208217241193933,0.2426982508150554,0.0020750794328883004,0.045105077893441606,optimal
cv,ok,stage6_fold_metrics,,,,,,,fold,Validation metrics on fixed accepted split; validation_living=49; validation_min_enri=0.794290114169; train_slack_sum=5.05601656921e-23.,6.0,1.0,0.1,1.0,10.0,0.0,0.4,0.09247110747610185,0.05085550951342846,0.013498857717125856,0.10133331921098117,optimal
cv,ok,stage6_fold_metrics,,,,,,,fold,Validation metrics on fixed accepted split; validation_living=42; validation_min_enri=0.715007170118; train_slack_sum=3.41371150523e-22.,6.0,2.0,0.1,1.0,10.0,0.0,0.4,0.12391179374704446,0.22680403656455678,0.012831845104034725,0.12120566213557858,optimal
cv,ok,stage6_fold_metrics,,,,,,,fold,Validation metrics on fixed accepted split; validation_living=49; validation_min_enri=0.441146165226; train_slack_sum=8.34164480739e-10.,6.0,3.0,0.1,1.0,10.0,0.0,0.4,0.06900796165777331,0.13799901365201128,0.030396902441732983,0.21937591238989157,optimal
cv,ok,stage6_fold_metrics,,,,,,,fold,Validation metrics on fixed accepted split; validation_living=46; validation_min_enri=0.623928805898; train_slack_sum=7.13864874515e-18.,7.0,1.0,0.1,1.0,10.0,0.0,0.3,0.07008049023730753,0.24149832778702718,0.01804177350164551,0.17270980797709268,optimal
cv,ok,stage6_fold_metrics,,,,,,,fold,Validation metrics on fixed accepted split; validation_living=44; validation_min_enri=0.833771165124; train_slack_sum=1.23461842687e-22.,7.0,2.0,0.1,1.0,10.0,0.0,0.3,0.10767251605011788,0.04515029916365797,0.005248097573701369,0.049843203923876436,optimal
cv,ok,stage6_fold_metrics,,,,,,,fold,Validation metrics on fixed accepted split; validation_living=46; validation_min_enri=0.517523093468; train_slack_sum=6.00081252072e-30.,8.0,1.0,0.1,1.0,10.0,0.0,0.4,0.114308158390428,0.17184360174161858,0.035790177871586115,0.160447030577996,optimal
cv,ok,stage6_fold_metrics,,,,,,,fold,Validation metrics on fixed accepted split; validation_living=46; validation_min_enri=0.309177712505; train_slack_sum=6.90762601773e-10.,8.0,2.0,0.1,1.0,10.0,0.0,0.3,0.05148763632459896,0.19549451393037673,0.05620033241569692,0.2221447388867875,optimal
cv,ok,stage6_fold_metrics,,,,,,,fold,Validation metrics on fixed accepted split; validation_living=48; validation_min_enri=0.784129806314; train_slack_sum=9.47623210104e-24.,8.0,3.0,0.1,1.0,10.0,0.0,0.6,0.18195377468300572,0.07727185691326723,0.0038941835728407022,0.07474239361476816,optimal
cv,ok,stage6_fold_metrics,,,,,,,fold,Validation metrics on fixed accepted split; validation_living=51; validation_min_enri=0.699186053243; train_slack_sum=7.1113916927e-23.,9.0,1.0,0.1,1.0,10.0,0.0,0.3,0.10177711283786199,0.09520052730094594,0.01081434299821647,0.11568793810716801,optimal
cv,ok,stage6_fold_metrics,,,,,,,fold,Validation metrics on fixed accepted split; validation_living=44; validation_min_enri=0.819240430853; train_slack_sum=9.00121878108e-30.,9.0,3.0,0.1,1.0,10.0,0.0,0.4,0.1995296228575702,0.18446487245926518,0.0024237566454973322,0.03627858435511377,optimal
cv,ok,stage6_fold_metrics,,,,,,,fold,Validation metrics on fixed accepted split; validation_living=51; validation_min_enri=0.942651809458; train_slack_sum=0.435801284733.,0.0,1.0,0.1,10.0,0.1,0.0,0.5,0.11144054924453098,0.024067898439376623,0.0034844585572536032,0.02245308362965255,optimal
cv,ok,stage6_fold_metrics,,,,,,,fold,Validation metrics on fixed accepted split; validation_living=43; validation_min_enri=0.745253190471; train_slack_sum=0.594521970383.,0.0,2.0,0.1,10.0,0.1,0.0,0.1,0.029171197980133033,0.10069387171279559,0.006708134158587231,0.03632471718493682,optimal
cv,ok,stage6_fold_metrics,,,,,,,fold,Validation metrics on fixed accepted split; validation_living=47; validation_min_enri=0.964297491933; train_slack_sum=0.190354114931.,1.0,1.0,0.1,10.0,0.1,0.0,0.6,0.17407431371286664,0.22634502870791864,0.0012624150601543676,0.014199985523943555,optimal
cv,ok,stage6_fold_metrics,,,,,,,fold,Validation metrics on fixed accepted split; validation_living=43; validation_min_enri=0.804350641644; train_slack_sum=0.420577758504.,1.0,2.0,0.1,10.0,0.1,0.0,0.3,0.04503364132843325,0.12285257279045461,0.005145403056262725,0.033439254584446576,optimal
cv,ok,stage6_fold_metrics,,,,,,,fold,Validation metrics on fixed accepted split; validation_living=50; validation_min_enri=-68.0260112298; train_slack_sum=0.516535652299.,1.0,3.0,0.1,10.0,0.1,0.06,0.2,0.052569910496198566,8.531757071214919,73.08915031890056,0.027453031085792876,optimal
cv,ok,stage6_fold_metrics,,,,,,,fold,Validation metrics on fixed accepted split; validation_living=47; validation_min_enri=0.943568772737; train_slack_sum=0.61882163906.,2.0,3.0,0.1,10.0,0.1,0.0,0.1,0.034309613468402854,0.044820976576677295,0.00048721913118661924,0.024831437265388907,optimal
cv,ok,stage6_fold_metrics,,,,,,,fold,Validation metrics on fixed accepted split; validation_living=47; validation_min_enri=0.883612110729; train_slack_sum=0.864507758373.,3.0,1.0,0.1,10.0,0.1,0.0,0.1,0.01965051151556248,0.015907711842363288,0.0011853628392447702,0.029177393402770348,optimal
cv,ok,stage6_fold_metrics,,,,,,,fold,Validation metrics on fixed accepted split; validation_living=44; validation_min_enri=0.855856227688; train_slack_sum=0.178436252539.,3.0,2.0,0.1,10.0,0.1,0.0,0.4,0.09873979593195896,0.10267356370865084,0.007519071353521335,0.02223474128366691,optimal
cv,ok,stage6_fold_metrics,,,,,,,fold,Validation metrics on fixed accepted split; validation_living=49; validation_min_enri=0.943306110166; train_slack_sum=0.189271442737.,3.0,3.0,0.1,10.0,0.1,0.0,0.5,0.160200050912842,0.09557016797772648,0.0017380741191954973,0.014871447115247897,optimal
cv,ok,stage6_fold_metrics,,,,,,,fold,Validation metrics on fixed accepted split; validation_living=49; validation_min_enri=0.668979681431; train_slack_sum=0.77659060318.,5.0,1.0,0.1,10.0,0.1,0.0,0.2,0.03533855005136055,0.10102185521857267,0.01106794636367201,0.040207015206442966,optimal
cv,ok,stage6_fold_metrics,,,,,,,fold,Validation metrics on fixed accepted split; validation_living=46; validation_min_enri=0.935132124068; train_slack_sum=0.225771822839.,5.0,2.0,0.1,10.0,0.1,0.0,0.5,0.07963047085699645,0.012611036875340091,0.004760599776485814,0.02546738255545501,optimal
cv,ok,stage6_fold_metrics,,,,,,,fold,Validation metrics on fixed accepted split; validation_living=45; validation_min_enri=0.890459704604; train_slack_sum=0.0723829356695.,5.0,3.0,0.1,10.0,0.1,0.0,0.5,0.20857286060002228,0.22930696358561029,0.0011404728358260828,0.015608499359462657,optimal
cv,ok,stage6_fold_metrics,,,,,,,fold,Validation metrics on fixed accepted split; validation_living=49; validation_min_enri=0.938665369076; train_slack_sum=0.339059723271.,6.0,1.0,0.1,10.0,0.1,0.0,0.3,0.09714453086975612,0.07617614298247073,0.0026702385364016667,0.02503508311815989,optimal
cv,ok,stage6_fold_metrics,,,,,,,fold,Validation metrics on fixed accepted split; validation_living=42; validation_min_enri=0.966362453735; train_slack_sum=0.254551291216.,6.0,2.0,0.1,10.0,0.1,0.0,0.5,0.11922434285702858,0.16925805898219684,0.001008952616001222,0.012089614013589631,optimal
cv,ok,stage6_fold_metrics,,,,,,,fold,Validation metrics on fixed accepted split; validation_living=49; validation_min_enri=0.898028143779; train_slack_sum=0.734716956794.,6.0,3.0,0.1,10.0,0.1,0.0,0.2,0.04312666665020383,0.12580390677225445,0.0021678605557038004,0.026132914471958323,optimal
cv,ok,stage6_fold_metrics,,,,,,,fold,Validation metrics on fixed accepted split; validation_living=46; validation_min_enri=0.92843556695; train_slack_sum=0.413436616662.,7.0,1.0,0.1,10.0,0.1,0.0,0.3,0.08722280858968019,0.2087099295422052,0.0011018283618401952,0.02215833533591617,optimal
cv,ok,stage6_fold_metrics,,,,,,,fold,Validation metrics on fixed accepted split; validation_living=44; validation_min_enri=0.886483141977; train_slack_sum=0.0955367697167.,7.0,2.0,0.1,10.0,0.1,0.0,0.5,0.1170399700874051,0.05328300720671636,0.0029340399873772887,0.024978352221792146,optimal
cv,ok,stage6_fold_metrics,,,,,,,fold,Validation metrics on fixed accepted split; validation_living=46; validation_min_enri=0.810130686908; train_slack_sum=0.395884807483.,8.0,1.0,0.1,10.0,0.1,0.0,0.4,0.07581781175649045,0.10198005152323668,0.0075211779667160306,0.023999403363689133,optimal
cv,ok,stage6_fold_metrics,,,,,,,fold,Validation metrics on fixed accepted split; validation_living=46; validation_min_enri=0.796936530455; train_slack_sum=0.675436983364.,8.0,2.0,0.1,10.0,0.1,0.0,0.0,0.0028740114389233643,0.06564111582867606,0.0038194132509756164,0.04259642583650561,optimal
cv,ok,stage6_fold_metrics,,,,,,,fold,Validation metrics on fixed accepted split; validation_living=48; validation_min_enri=0.872407263693; train_slack_sum=0.142782662842.,8.0,3.0,0.1,10.0,0.1,0.0,0.6,0.19231088492193998,0.08055960382774104,0.002154975096463053,0.019339621029680672,optimal
cv,ok,stage6_fold_metrics,,,,,,,fold,Validation metrics on fixed accepted split; validation_living=51; validation_min_enri=0.930343985165; train_slack_sum=0.230181276399.,9.0,1.0,0.1,10.0,0.1,0.0,0.3,0.12571440417672547,0.0895501118550448,0.0010012922500561784,0.018038697110074133,optimal
cv,ok,stage6_fold_metrics,,,,,,,fold,Validation metrics on fixed accepted split; validation_living=44; validation_min_enri=0.909542691481; train_slack_sum=0.056833742465.,9.0,3.0,0.1,10.0,0.1,0.0,0.5,0.21769101474809097,0.194070467981645,0.0006795647355862113,0.013516203647425338,optimal
cv,ok,stage6_fold_metrics,,,,,,,fold,Validation metrics on fixed accepted split; validation_living=51; validation_min_enri=0.766022752123; train_slack_sum=2.23890504346e-18.,0.0,1.0,0.1,10.0,1.0,0.0,0.4,0.1266353564295583,0.07337735624709238,0.016156657844433826,0.11394638196517824,optimal
cv,ok,stage6_fold_metrics,,,,,,,fold,Validation metrics on fixed accepted split; validation_living=43; validation_min_enri=0.567734639337; train_slack_sum=0.146560672733.,0.0,2.0,0.1,10.0,1.0,0.0,0.1,0.025630775421590524,0.08372388762441628,0.018985033897804263,0.12992074465806014,optimal
cv,ok,stage6_fold_metrics,,,,,,,fold,Validation metrics on fixed accepted split; validation_living=47; validation_min_enri=0.892493106777; train_slack_sum=0.0408953615086.,1.0,1.0,0.1,10.0,1.0,0.0,0.6,0.20464433486037287,0.2663411109963573,0.011415611166619237,0.06632193339429895,optimal
cv,ok,stage6_fold_metrics,,,,,,,fold,Validation metrics on fixed accepted split; validation_living=43; validation_min_enri=0.518249309756; train_slack_sum=8.20306861092e-18.,1.0,2.0,0.1,10.0,1.0,0.0,0.2,0.0530557063680062,0.12556965694614042,0.0254607018750428,0.08643651060961081,optimal
cv,ok,stage6_fold_metrics,,,,,,,fold,Validation metrics on fixed accepted split; validation_living=50; validation_min_enri=-328.088673408; train_slack_sum=0.0328962897464.,1.0,3.0,0.1,10.0,1.0,0.06,0.3,0.08280116016129097,41.13364233285254,1660.7100989591727,0.11272100094386468,optimal
cv,ok,stage6_fold_metrics,,,,,,,fold,Validation metrics on fixed accepted split; validation_living=47; validation_min_enri=0.623563891426; train_slack_sum=0.0961517466458.,2.0,3.0,0.1,10.0,1.0,0.0,0.0,0.025291376511822596,0.07642516892214729,0.014725762202920536,0.14395909979085209,optimal
cv,ok,stage6_fold_metrics,,,,,,,fold,Validation metrics on fixed accepted split; validation_living=47; validation_min_enri=0.441555009155; train_slack_sum=0.100910303286.,3.0,1.0,0.1,10.0,1.0,0.0,0.2,0.04666496687959969,0.09356748436849766,0.04043733892410846,0.15777842262029723,optimal
cv,ok,stage6_fold_metrics,,,,,,,fold,Validation metrics on fixed accepted split; validation_living=44; validation_min_enri=-0.00871350501105; train_slack_sum=0.00124213888048.,3.0,2.0,0.1,10.0,1.0,0.022727272727272728,0.5,0.1134580014552038,0.20861681328174567,0.07611811272214257,0.07011941120536073,optimal
cv,ok,stage6_fold_metrics,,,,,,,fold,Validation metrics on fixed accepted split; validation_living=49; validation_min_enri=0.75104291287; train_slack_sum=2.23014080533e-22.,3.0,3.0,0.1,10.0,1.0,0.0,0.6,0.15634344728975924,0.12271392554945787,0.01986602769182402,0.06433072877618227,optimal
cv,ok,stage6_fold_metrics,,,,,,,fold,Validation metrics on fixed accepted split; validation_living=49; validation_min_enri=0.0516154602032; train_slack_sum=5.02117911564e-17.,5.0,1.0,0.1,10.0,1.0,0.0,0.4,0.08876689624264504,0.13622580813737173,0.08472327493785275,0.14289868546010373,optimal
cv,ok,stage6_fold_metrics,,,,,,,fold,Validation metrics on fixed accepted split; validation_living=46; validation_min_enri=0.785088235911; train_slack_sum=0.0416884637612.,5.0,2.0,0.1,10.0,1.0,0.0,0.6,0.1019865900424149,0.029580510960727488,0.018762789441787404,0.07366096057724997,optimal
cv,ok,stage6_fold_metrics,,,,,,,fold,Validation metrics on fixed accepted split; validation_living=45; validation_min_enri=0.707450104448; train_slack_sum=6.00081252072e-30.,5.0,3.0,0.1,10.0,1.0,0.0,0.5,0.2184531335789334,0.25789516405018265,0.005974635054540313,0.033968840444946295,optimal
cv,ok,stage6_fold_metrics,,,,,,,fold,Validation metrics on fixed accepted split; validation_living=49; validation_min_enri=0.773741920371; train_slack_sum=7.47844295556e-18.,6.0,1.0,0.1,10.0,1.0,0.0,0.4,0.09341904475962175,0.04269916200802688,0.016884524788279016,0.09464546198020904,optimal
cv,ok,stage6_fold_metrics,,,,,,,fold,Validation metrics on fixed accepted split; validation_living=42; validation_min_enri=0.71945126955; train_slack_sum=0.0351102734603.,6.0,2.0,0.1,10.0,1.0,0.0,0.4,0.12823227622799618,0.2220444607459308,0.028411488166142595,0.08591617189506935,optimal
cv,ok,stage6_fold_metrics,,,,,,,fold,Validation metrics on fixed accepted split; validation_living=49; validation_min_enri=0.472597713029; train_slack_sum=0.132795311767.,6.0,3.0,0.1,10.0,1.0,0.0,0.2,0.05051979206185767,0.12569531375375548,0.03216180037918518,0.15823530673483638,optimal
cv,ok,stage6_fold_metrics,,,,,,,fold,Validation metrics on fixed accepted split; validation_living=46; validation_min_enri=0.745322439955; train_slack_sum=0.129560341561.,7.0,1.0,0.1,10.0,1.0,0.0,0.3,0.07772351607299102,0.24197740798387884,0.01181787366652111,0.10597612222900592,optimal
cv,ok,stage6_fold_metrics,,,,,,,fold,Validation metrics on fixed accepted split; validation_living=44; validation_min_enri=0.83857271251; train_slack_sum=4.39003308233e-22.,7.0,2.0,0.1,10.0,1.0,0.0,0.4,0.10441388588811018,0.06429966871972806,0.007202020980395509,0.04534693084811727,optimal
cv,ok,stage6_fold_metrics,,,,,,,fold,Validation metrics on fixed accepted split; validation_living=46; validation_min_enri=0.380104196455; train_slack_sum=0.0277133842815.,8.0,1.0,0.1,10.0,1.0,0.0,0.5,0.13422726186957049,0.1877862254650116,0.09459787811258995,0.12559345841370503,optimal
cv,ok,stage6_fold_metrics,,,,,,,fold,Validation metrics on fixed accepted split; validation_living=46; validation_min_enri=0.369777022201; train_slack_sum=0.146576340695.,8.0,2.0,0.1,10.0,1.0,0.0,0.2,0.03433947182537974,0.1859388442775812,0.044262282509330945,0.1466563357817418,optimal
cv,ok,stage6_fold_metrics,,,,,,,fold,Validation metrics on fixed accepted split; validation_living=48; validation_min_enri=0.668525324851; train_slack_sum=2.2242792425e-22.,8.0,3.0,0.1,10.0,1.0,0.0,0.6,0.20047783756053147,0.08769788956533191,0.008931689805748164,0.06420540203184694,optimal
cv,ok,stage6_fold_metrics,,,,,,,fold,Validation metrics on fixed accepted split; validation_living=51; validation_min_enri=0.740268156456; train_slack_sum=0.0486198170189.,9.0,1.0,0.1,10.0,1.0,0.0,0.3,0.1088926914527163,0.11739717664384555,0.008346519160534636,0.0734630234549157,optimal
cv,ok,stage6_fold_metrics,,,,,,,fold,Validation metrics on fixed accepted split; validation_living=44; validation_min_enri=0.800301439263; train_slack_sum=9.00121878108e-30.,9.0,3.0,0.1,10.0,1.0,0.0,0.5,0.20366725760822155,0.18151032759447994,0.003412361873204327,0.030852715803477173,optimal
cv,ok,stage6_fold_metrics,,,,,,,fold,Validation metrics on fixed accepted split; validation_living=51; validation_min_enri=0.766022752123; train_slack_sum=1.31785296033e-17.,0.0,1.0,0.1,10.0,10.0,0.0,0.4,0.12663535642955834,0.0733773562470924,0.016156657844433833,0.11394638196517826,optimal
cv,ok,stage6_fold_metrics,,,,,,,fold,Validation metrics on fixed accepted split; validation_living=43; validation_min_enri=0.187790622562; train_slack_sum=3.15592218804e-23.,0.0,2.0,0.1,10.0,10.0,0.0,0.1,0.03784953268220717,0.129750917124173,0.061218884075424716,0.18613275462859594,optimal
cv,ok,stage6_fold_metrics,,,,,,,fold,Validation metrics on fixed accepted split; validation_living=47; validation_min_enri=0.82810276281; train_slack_sum=4.71408864867e-22.,1.0,1.0,0.1,10.0,10.0,0.0,0.5,0.20167139248546082,0.2695668837339459,0.014618095967546901,0.09843545073582244,optimal
cv,ok,stage6_fold_metrics,,,,,,,fold,Validation metrics on fixed accepted split; validation_living=43; validation_min_enri=0.518249309756; train_slack_sum=9.71657689628e-18.,1.0,2.0,0.1,10.0,10.0,0.0,0.2,0.05305570636800622,0.12556965694614047,0.02546070187504279,0.0864365106096108,optimal
cv,ok,stage6_fold_metrics,,,,,,,fold,Validation metrics on fixed accepted split; validation_living=50; validation_min_enri=-384.663386207; train_slack_sum=1.25101798134e-09.,1.0,3.0,0.1,10.0,10.0,0.06,0.3,0.09102586128812827,48.21047529871464,2281.4951359784845,0.1263419050662454,optimal
cv,ok,stage6_fold_metrics,,,,,,,fold,Validation metrics on fixed accepted split; validation_living=47; validation_min_enri=0.357822284259; train_slack_sum=2.0655989257e-09.,2.0,3.0,0.1,10.0,10.0,0.0,0.2,0.036125775700597676,0.12264153512525255,0.03303215310916947,0.17993092098836097,optimal
cv,ok,stage6_fold_metrics,,,,,,,fold,Validation metrics on fixed accepted split; validation_living=47; validation_min_enri=0.40847087021; train_slack_sum=3.68073072046e-17.,3.0,1.0,0.1,10.0,10.0,0.0,0.2,0.055507002805849345,0.10358071775975754,0.05416057039420446,0.18605064717563544,optimal
cv,ok,stage6_fold_metrics,,,,,,,fold,Validation metrics on fixed accepted split; validation_living=44; validation_min_enri=-0.0249488074934; train_slack_sum=4.66632437606e-10.,3.0,2.0,0.1,10.0,10.0,0.022727272727272728,0.5,0.11373204755660246,0.2101973199792,0.07790186470344962,0.07070837807474714,optimal
cv,ok,stage6_fold_metrics,,,,,,,fold,Validation metrics on fixed accepted split; validation_living=49; validation_min_enri=0.75104291287; train_slack_sum=4.68047216058e-22.,3.0,3.0,0.1,10.0,10.0,0.0,0.6,0.15634344728975924,0.12271392554945787,0.01986602769182402,0.06433072877618226,optimal
cv,ok,stage6_fold_metrics,,,,,,,fold,Validation metrics on fixed accepted split; validation_living=49; validation_min_enri=0.0516154602032; train_slack_sum=5.04623391774e-17.,5.0,1.0,0.1,10.0,10.0,0.0,0.4,0.08876689624264505,0.13622580813737173,0.08472327493785277,0.14289868546010373,optimal
cv,ok,stage6_fold_metrics,,,,,,,fold,Validation metrics on fixed accepted split; validation_living=46; validation_min_enri=0.652856624914; train_slack_sum=6.15000100926e-10.,5.0,2.0,0.1,10.0,10.0,0.0,0.6,0.1135257563890247,0.04417976119578401,0.029372696778533578,0.10247159905585256,optimal
cv,ok,stage6_fold_metrics,,,,,,,fold,Validation metrics on fixed accepted split; validation_living=45; validation_min_enri=0.707450104448; train_slack_sum=2.47270550959e-22.,5.0,3.0,0.1,10.0,10.0,0.0,0.5,0.2184531335789334,0.25789516405018265,0.005974635054540316,0.0339688404449463,optimal
cv,ok,stage6_fold_metrics,,,,,,,fold,Validation metrics on fixed accepted split; validation_living=49; validation_min_enri=0.773741920371; train_slack_sum=9.57541231448e-18.,6.0,1.0,0.1,10.0,10.0,0.0,0.4,0.09341904475962173,0.04269916200802689,0.016884524788279006,0.09464546198020904,optimal
cv,ok,stage6_fold_metrics,,,,,,,fold,Validation metrics on fixed accepted split; validation_living=42; validation_min_enri=0.636026692463; train_slack_sum=1.45557074409e-09.,6.0,2.0,0.1,10.0,10.0,0.0,0.4,0.13347397664904995,0.2287083900899181,0.02946135520778989,0.10597541768560309,optimal
cv,ok,stage6_fold_metrics,,,,,,,fold,Validation metrics on fixed accepted split; validation_living=49; validation_min_enri=0.389056133793; train_slack_sum=1.07848900011e-09.,6.0,3.0,0.1,10.0,10.0,0.0,0.4,0.05855130061181605,0.13154710050409055,0.04897235077204181,0.2008237064106704,optimal
cv,ok,stage6_fold_metrics,,,,,,,fold,Validation metrics on fixed accepted split; validation_living=46; validation_min_enri=0.614506974929; train_slack_sum=4.35548939985e-18.,7.0,1.0,0.1,10.0,10.0,0.0,0.3,0.08156960666747626,0.2667369679162404,0.02306402794993541,0.16472837486638908,optimal
cv,ok,stage6_fold_metrics,,,,,,,fold,Validation metrics on fixed accepted split; validation_living=44; validation_min_enri=0.83857271251; train_slack_sum=1.15504822755e-22.,7.0,2.0,0.1,10.0,10.0,0.0,0.4,0.10441388588811021,0.06429966871972803,0.0072020209803955,0.04534693084811727,optimal
cv,ok,stage6_fold_metrics,,,,,,,fold,Validation metrics on fixed accepted split; validation_living=46; validation_min_enri=0.345572253667; train_slack_sum=6.53494766602e-10.,8.0,1.0,0.1,10.0,10.0,0.0,0.5,0.1465933725992429,0.1956137102567709,0.09891142715078594,0.13461727642007762,optimal
cv,ok,stage6_fold_metrics,,,,,,,fold,Validation metrics on fixed accepted split; validation_living=46; validation_min_enri=0.212719919177; train_slack_sum=1.25926222491e-09.,8.0,2.0,0.1,10.0,10.0,0.0,0.2,0.0505074744348067,0.23299445152433754,0.09202491294163369,0.20127878921894704,optimal
cv,ok,stage6_fold_metrics,,,,,,,fold,Validation metrics on fixed accepted split; validation_living=48; validation_min_enri=0.668525324851; train_slack_sum=7.04980665927e-23.,8.0,3.0,0.1,10.0,10.0,0.0,0.6,0.20047783756053147,0.08769788956533194,0.008931689805748171,0.06420540203184695,optimal
cv,ok,stage6_fold_metrics,,,,,,,fold,Validation metrics on fixed accepted split; validation_living=51; validation_min_enri=0.65015469389; train_slack_sum=1.14711455526e-22.,9.0,1.0,0.1,10.0,10.0,0.0,0.3,0.10132725904908517,0.132017369817933,0.014000384075513432,0.10463089270808273,optimal
cv,ok,stage6_fold_metrics,,,,,,,fold,Validation metrics on fixed accepted split; validation_living=44; validation_min_enri=0.800301439263; train_slack_sum=3.4967202601e-23.,9.0,3.0,0.1,10.0,10.0,0.0,0.5,0.20366725760822155,0.1815103275944799,0.003412361873204326,0.030852715803477173,optimal
cv,ok,stage6_fold_metrics,,,,,,,fold,Validation metrics on fixed accepted split; validation_living=51; validation_min_enri=0.44832093102; train_slack_sum=1.14237039863e-21.,0.0,1.0,1.0,0.1,0.1,0.0,0.3,0.08726424626375813,0.08893895132788411,0.02403031552606183,0.17180763635362056,optimal
cv,ok,stage6_fold_metrics,,,,,,,fold,Validation metrics on fixed accepted split; validation_living=43; validation_min_enri=0.511094367287; train_slack_sum=0.0400729698796.,0.0,2.0,1.0,0.1,0.1,0.0,0.1,0.024744411279027063,0.07837477536267923,0.014826848038454016,0.2553504410642052,optimal
cv,ok,stage6_fold_metrics,,,,,,,fold,Validation metrics on fixed accepted split; validation_living=47; validation_min_enri=0.867652219863; train_slack_sum=0.0458287251916.,1.0,1.0,1.0,0.1,0.1,0.0,0.6,0.20550075682036542,0.24938698446057206,0.008116851636706725,0.11214394998874133,optimal
cv,ok,stage6_fold_metrics,,,,,,,fold,Validation metrics on fixed accepted split; validation_living=43; validation_min_enri=0.683216301422; train_slack_sum=0.000936457387497.,1.0,2.0,1.0,0.1,0.1,0.0,0.2,0.03963439303707134,0.11164282028292509,0.01768137071691665,0.18859682266998157,optimal
cv,ok,stage6_fold_metrics,,,,,,,fold,Validation metrics on fixed accepted split; validation_living=50; validation_min_enri=-100.969591607; train_slack_sum=0.00384941564688.,1.0,3.0,1.0,0.1,0.1,0.06,0.3,0.06297227969472363,12.695798856270896,159.14380400903136,0.23107483122520395,optimal
cv,ok,stage6_fold_metrics,,,,,,,fold,Validation metrics on fixed accepted split; validation_living=47; validation_min_enri=0.72279036713; train_slack_sum=0.0856708981552.,2.0,3.0,1.0,0.1,0.1,0.0,0.2,0.047598019764517496,0.056918502903126875,0.011460819752217327,0.21922744044472894,optimal
cv,ok,stage6_fold_metrics,,,,,,,fold,Validation metrics on fixed accepted split; validation_living=47; validation_min_enri=0.479684320878; train_slack_sum=0.0732688230501.,3.0,1.0,1.0,0.1,0.1,0.0,0.1,0.02551003757973379,0.09554013028960821,0.021444395022784293,0.27639569399580227,optimal
cv,ok,stage6_fold_metrics,,,,,,,fold,Validation metrics on fixed accepted split; validation_living=44; validation_min_enri=0.518326866538; train_slack_sum=0.0274149951284.,3.0,2.0,1.0,0.1,0.1,0.0,0.3,0.07133369967224167,0.22309395512814925,0.02196387885069558,0.13328419639410954,optimal
cv,ok,stage6_fold_metrics,,,,,,,fold,Validation metrics on fixed accepted split; validation_living=49; validation_min_enri=0.725901478305; train_slack_sum=8.00108336096e-30.,3.0,3.0,1.0,0.1,0.1,0.0,0.4,0.1380959975892853,0.1203724773977884,0.007042757116652664,0.12749057496407354,optimal
cv,ok,stage6_fold_metrics,,,,,,,fold,Validation metrics on fixed accepted split; validation_living=49; validation_min_enri=0.529304971317; train_slack_sum=0.0579998533866.,5.0,1.0,1.0,0.1,0.1,0.0,0.3,0.054498795626958474,0.16525143478055346,0.024529487598848067,0.24791753254824653,optimal
cv,ok,stage6_fold_metrics,,,,,,,fold,Validation metrics on fixed accepted split; validation_living=46; validation_min_enri=0.694779038323; train_slack_sum=0.0125050768721.,5.0,2.0,1.0,0.1,0.1,0.0,0.4,0.08375529225161589,0.04862503270816907,0.02493735667037553,0.1375976012343651,optimal
cv,ok,stage6_fold_metrics,,,,,,,fold,Validation metrics on fixed accepted split; validation_living=45; validation_min_enri=0.871499017472; train_slack_sum=1.69240344801e-21.,5.0,3.0,1.0,0.1,0.1,0.0,0.5,0.21027051298550656,0.25542170573769746,0.0020404938891026526,0.06423790518348035,optimal
cv,ok,stage6_fold_metrics,,,,,,,fold,Validation metrics on fixed accepted split; validation_living=49; validation_min_enri=0.698478603447; train_slack_sum=1.67353704429e-18.,6.0,1.0,1.0,0.1,0.1,0.0,0.3,0.08235818057138804,0.07565652878255691,0.010405924275715689,0.12758071594841627,optimal
cv,ok,stage6_fold_metrics,,,,,,,fold,Validation metrics on fixed accepted split; validation_living=42; validation_min_enri=0.696351268588; train_slack_sum=0.00484112871821.,6.0,2.0,1.0,0.1,0.1,0.0,0.5,0.1251652691416314,0.21598981712790136,0.01926294673075306,0.1584631690667687,optimal
cv,ok,stage6_fold_metrics,,,,,,,fold,Validation metrics on fixed accepted split; validation_living=49; validation_min_enri=0.466194598648; train_slack_sum=0.0679719513681.,6.0,3.0,1.0,0.1,0.1,0.0,0.3,0.05531040462584556,0.12852046403155615,0.017699573642608112,0.2608931932658244,optimal
cv,ok,stage6_fold_metrics,,,,,,,fold,Validation metrics on fixed accepted split; validation_living=46; validation_min_enri=0.621131958381; train_slack_sum=0.0852846966615.,7.0,1.0,1.0,0.1,0.1,0.0,0.4,0.06307267235412704,0.2018638425093936,0.01565101417567846,0.19070454033865455,optimal
cv,ok,stage6_fold_metrics,,,,,,,fold,Validation metrics on fixed accepted split; validation_living=44; validation_min_enri=0.85438076934; train_slack_sum=3.74084373809e-21.,7.0,2.0,1.0,0.1,0.1,0.0,0.5,0.10752638703450965,0.09721783225395635,0.016535437137376405,0.0737823690407255,optimal
cv,ok,stage6_fold_metrics,,,,,,,fold,Validation metrics on fixed accepted split; validation_living=46; validation_min_enri=0.573877961013; train_slack_sum=0.115925321264.,8.0,1.0,1.0,0.1,0.1,0.0,0.2,0.04811053599254187,0.12200068913942272,0.015787469598412863,0.20124194053239117,optimal
cv,ok,stage6_fold_metrics,,,,,,,fold,Validation metrics on fixed accepted split; validation_living=46; validation_min_enri=0.463635232317; train_slack_sum=0.10264101525.,8.0,2.0,1.0,0.1,0.1,0.0,0.0,0.017756590196011265,0.14390611075695212,0.032220862311011546,0.22001543866790751,optimal
cv,ok,stage6_fold_metrics,,,,,,,fold,Validation metrics on fixed accepted split; validation_living=48; validation_min_enri=0.810619737825; train_slack_sum=2.48825217066e-22.,8.0,3.0,1.0,0.1,0.1,0.0,0.6,0.18331893245882855,0.11986936142278953,0.014121720416248191,0.10572140272981277,optimal
cv,ok,stage6_fold_metrics,,,,,,,fold,Validation metrics on fixed accepted split; validation_living=51; validation_min_enri=0.637003075608; train_slack_sum=0.00861023347205.,9.0,1.0,1.0,0.1,0.1,0.0,0.3,0.0875267130671606,0.11719176459693621,0.011124178286057829,0.14961565609417032,optimal
cv,ok,stage6_fold_metrics,,,,,,,fold,Validation metrics on fixed accepted split; validation_living=44; validation_min_enri=0.808594712586; train_slack_sum=4.72315095432e-23.,9.0,3.0,1.0,0.1,0.1,0.0,0.4,0.19963874997274358,0.19110574414508022,0.004201577225147899,0.06164799472005355,optimal
cv,ok,stage6_fold_metrics,,,,,,,fold,Validation metrics on fixed accepted split; validation_living=51; validation_min_enri=0.44832093102; train_slack_sum=6.00081252072e-30.,0.0,1.0,1.0,0.1,1.0,0.0,0.3,0.08726424626375813,0.08893895132788408,0.02403031552606184,0.17180763635362056,optimal
cv,ok,stage6_fold_metrics,,,,,,,fold,Validation metrics on fixed accepted split; validation_living=43; validation_min_enri=0.43067267102; train_slack_sum=4.80140467197e-21.,0.0,2.0,1.0,0.1,1.0,0.0,0.1,0.03281861613271888,0.068616599741476,0.019649909987611753,0.28567684119614895,optimal
cv,ok,stage6_fold_metrics,,,,,,,fold,Validation metrics on fixed accepted split; validation_living=47; validation_min_enri=0.791123138343; train_slack_sum=7.00094794084e-30.,1.0,1.0,1.0,0.1,1.0,0.0,0.5,0.19866801778985616,0.26152046508859234,0.012313148381431162,0.16564535619351786,optimal
cv,ok,stage6_fold_metrics,,,,,,,fold,Validation metrics on fixed accepted split; validation_living=43; validation_min_enri=0.682938804255; train_slack_sum=8.32836284741e-11.,1.0,2.0,1.0,0.1,1.0,0.0,0.2,0.03970197938600998,0.11186425321470564,0.017810663715242012,0.18906359525705463,optimal
cv,ok,stage6_fold_metrics,,,,,,,fold,Validation metrics on fixed accepted split; validation_living=50; validation_min_enri=-103.692308137; train_slack_sum=8.53788519316e-23.,1.0,3.0,1.0,0.1,1.0,0.06,0.3,0.06440643505097411,13.037711210264451,167.7685718430525,0.233123022962154,optimal
cv,ok,stage6_fold_metrics,,,,,,,fold,Validation metrics on fixed accepted split; validation_living=47; validation_min_enri=0.670435232863; train_slack_sum=2.00756536603e-22.,2.0,3.0,1.0,0.1,1.0,0.0,0.3,0.07810301847606634,0.07334080511464491,0.023930054429854034,0.28972828561487657,optimal
cv,ok,stage6_fold_metrics,,,,,,,fold,Validation metrics on fixed accepted split; validation_living=47; validation_min_enri=0.482589385294; train_slack_sum=8.42848215615e-23.,3.0,1.0,1.0,0.1,1.0,0.0,0.1,0.041765277556325676,0.12081037801948741,0.026819607520499028,0.3153857929102948,optimal
cv,ok,stage6_fold_metrics,,,,,,,fold,Validation metrics on fixed accepted split; validation_living=44; validation_min_enri=0.247634999565; train_slack_sum=2.26643911669e-09.,3.0,2.0,1.0,0.1,1.0,0.0,0.2,0.07095747098768526,0.2606266822888293,0.040396953619755836,0.15665136702102148,optimal
cv,ok,stage6_fold_metrics,,,,,,,fold,Validation metrics on fixed accepted split; validation_living=49; validation_min_enri=0.725901478305; train_slack_sum=8.00108336096e-30.,3.0,3.0,1.0,0.1,1.0,0.0,0.4,0.1380959975892853,0.12037247739778843,0.0070427571166526695,0.12749057496407357,optimal
cv,ok,stage6_fold_metrics,,,,,,,fold,Validation metrics on fixed accepted split; validation_living=49; validation_min_enri=0.452559214347; train_slack_sum=3.45137834661e-22.,5.0,1.0,1.0,0.1,1.0,0.0,0.3,0.07320466015596958,0.21109329883715508,0.03208622417799243,0.2703316538711531,optimal
cv,ok,stage6_fold_metrics,,,,,,,fold,Validation metrics on fixed accepted split; validation_living=46; validation_min_enri=0.639171076331; train_slack_sum=8.76620059999e-22.,5.0,2.0,1.0,0.1,1.0,0.0,0.4,0.08692206625292416,0.0502017018641062,0.027577903279363488,0.15128656943651456,optimal
cv,ok,stage6_fold_metrics,,,,,,,fold,Validation metrics on fixed accepted split; validation_living=45; validation_min_enri=0.871499017472; train_slack_sum=4.63146538388e-22.,5.0,3.0,1.0,0.1,1.0,0.0,0.5,0.21027051298550656,0.25542170573769746,0.0020404938891026535,0.06423790518348033,optimal
cv,ok,stage6_fold_metrics,,,,,,,fold,Validation metrics on fixed accepted split; validation_living=49; validation_min_enri=0.698478603447; train_slack_sum=1.18505922665e-21.,6.0,1.0,1.0,0.1,1.0,0.0,0.3,0.08235818057138802,0.07565652878255691,0.010405924275715689,0.1275807159484163,optimal
cv,ok,stage6_fold_metrics,,,,,,,fold,Validation metrics on fixed accepted split; validation_living=42; validation_min_enri=0.684903146722; train_slack_sum=8.58636972289e-22.,6.0,2.0,1.0,0.1,1.0,0.0,0.5,0.12575819441071676,0.2168244294993153,0.020245949071317253,0.16280781504032574,optimal
cv,ok,stage6_fold_metrics,,,,,,,fold,Validation metrics on fixed accepted split; validation_living=49; validation_min_enri=0.415463430804; train_slack_sum=1.25343502769e-22.,6.0,3.0,1.0,0.1,1.0,0.0,0.3,0.07188111659665018,0.12495769294053316,0.026547359432969413,0.2871685950985898,optimal
cv,ok,stage6_fold_metrics,,,,,,,fold,Validation metrics on fixed accepted split; validation_living=46; validation_min_enri=0.632752327304; train_slack_sum=1.79651736459e-09.,7.0,1.0,1.0,0.1,1.0,0.0,0.4,0.0669724052557145,0.2116201979873096,0.0241407767274238,0.22822114259080217,optimal
cv,ok,stage6_fold_metrics,,,,,,,fold,Validation metrics on fixed accepted split; validation_living=44; validation_min_enri=0.85438076934; train_slack_sum=1.08440363566e-22.,7.0,2.0,1.0,0.1,1.0,0.0,0.5,0.10752638703450965,0.09721783225395636,0.01653543713737639,0.0737823690407255,optimal
cv,ok,stage6_fold_metrics,,,,,,,fold,Validation metrics on fixed accepted split; validation_living=46; validation_min_enri=0.554041435061; train_slack_sum=8.00108336096e-30.,8.0,1.0,1.0,0.1,1.0,0.0,0.2,0.06319844635780615,0.15523029245754658,0.03476772286088869,0.26926612846403614,optimal
cv,ok,stage6_fold_metrics,,,,,,,fold,Validation metrics on fixed accepted split; validation_living=46; validation_min_enri=0.236705901829; train_slack_sum=4.08030436635e-22.,8.0,2.0,1.0,0.1,1.0,0.0,0.2,0.03679859571142933,0.17896702110657522,0.05716190600791746,0.30711572794310976,optimal
cv,ok,stage6_fold_metrics,,,,,,,fold,Validation metrics on fixed accepted split; validation_living=48; validation_min_enri=0.810619737825; train_slack_sum=1.05745726551e-22.,8.0,3.0,1.0,0.1,1.0,0.0,0.6,0.18331893245882844,0.11986936142278956,0.014121720416248195,0.10572140272981288,optimal
cv,ok,stage6_fold_metrics,,,,,,,fold,Validation metrics on fixed accepted split; validation_living=51; validation_min_enri=0.61994731003; train_slack_sum=3.60625627062e-22.,9.0,1.0,1.0,0.1,1.0,0.0,0.3,0.08849013726108315,0.11973937033681185,0.012509514277770617,0.15661271684723208,optimal
cv,ok,stage6_fold_metrics,,,,,,,fold,Validation metrics on fixed accepted split; validation_living=44; validation_min_enri=0.808594712586; train_slack_sum=9.00121878108e-30.,9.0,3.0,1.0,0.1,1.0,0.0,0.4,0.19963874997274364,0.19110574414508022,0.004201577225147894,0.06164799472005351,optimal
cv,ok,stage6_fold_metrics,,,,,,,fold,Validation metrics on fixed accepted split; validation_living=51; validation_min_enri=0.44832093102; train_slack_sum=2.20975624511e-21.,0.0,1.0,1.0,0.1,10.0,0.0,0.3,0.0872642462637579,0.08893895132788415,0.024030315526061916,0.17180763635361954,optimal
cv,ok,stage6_fold_metrics,,,,,,,fold,Validation metrics on fixed accepted split; validation_living=43; validation_min_enri=0.43067267102; train_slack_sum=4.41528740245e-19.,0.0,2.0,1.0,0.1,10.0,0.0,0.1,0.032818616132719906,0.06861659974147805,0.019649909987612475,0.2856768411961405,optimal
cv,ok,stage6_fold_metrics,,,,,,,fold,Validation metrics on fixed accepted split; validation_living=47; validation_min_enri=0.791123138343; train_slack_sum=7.00094794084e-30.,1.0,1.0,1.0,0.1,10.0,0.0,0.5,0.19866801778985538,0.2615204650885931,0.012313148381430916,0.1656453561935069,optimal
cv,ok,stage6_fold_metrics,,,,,,,fold,Validation metrics on fixed accepted split; validation_living=43; validation_min_enri=0.682938731707; train_slack_sum=1.07301898893e-09.,1.0,2.0,1.0,0.1,10.0,0.0,0.2,0.03970197586804871,0.1118642393452097,0.01781066277510592,0.18906359656611657,optimal
cv,ok,stage6_fold_metrics,,,,,,,fold,Validation metrics on fixed accepted split; validation_living=50; validation_min_enri=-103.692308137; train_slack_sum=7.00094794084e-30.,1.0,3.0,1.0,0.1,10.0,0.06,0.3,0.06440643505097415,13.037711210264519,167.76857184305425,0.233123022962154,optimal
cv,ok,stage6_fold_metrics,,,,,,,fold,Validation metrics on fixed accepted split; validation_living=47; validation_min_enri=0.670435232863; train_slack_sum=2.07335847704e-20.,2.0,3.0,1.0,0.1,10.0,0.0,0.3,0.07810301847606618,0.07334080511464477,0.023930054429854086,0.2897282856148756,optimal
cv,ok,stage6_fold_metrics,,,,,,,fold,Validation metrics on fixed accepted split; validation_living=47; validation_min_enri=0.482589385294; train_slack_sum=7.00094794084e-30.,3.0,1.0,1.0,0.1,10.0,0.0,0.1,0.04176527755632575,0.12081037801948775,0.026819607520499025,0.3153857929102941,optimal
cv,ok,stage6_fold_metrics,,,,,,,fold,Validation metrics on fixed accepted split; validation_living=44; validation_min_enri=0.24763500685; train_slack_sum=1.29202826879e-09.,3.0,2.0,1.0,0.1,10.0,0.0,0.2,0.07095747210970575,0.2606266892340492,0.04039695159565664,0.1566513555410843,optimal
cv,ok,stage6_fold_metrics,,,,,,,fold,Validation metrics on fixed accepted split; validation_living=49; validation_min_enri=0.725901478305; train_slack_sum=8.00108336096e-30.,3.0,3.0,1.0,0.1,10.0,0.0,0.4,0.1380959975892852,0.12037247739778736,0.007042757116652563,0.12749057496407176,optimal
cv,ok,stage6_fold_metrics,,,,,,,fold,Validation metrics on fixed accepted split; validation_living=49; validation_min_enri=0.452559214347; train_slack_sum=6.38300782795e-20.,5.0,1.0,1.0,0.1,10.0,0.0,0.3,0.07320466015596955,0.2110932988371552,0.03208622417799248,0.2703316538711528,optimal
cv,ok,stage6_fold_metrics,,,,,,,fold,Validation metrics on fixed accepted split; validation_living=46; validation_min_enri=0.639171076331; train_slack_sum=3.4020984427e-20.,5.0,2.0,1.0,0.1,10.0,0.0,0.4,0.08692206625292428,0.05020170186410634,0.027577903279363505,0.15128656943651422,optimal
cv,ok,stage6_fold_metrics,,,,,,,fold,Validation metrics on fixed accepted split; validation_living=45; validation_min_enri=0.871499017472; train_slack_sum=1.82477107876e-20.,5.0,3.0,1.0,0.1,10.0,0.0,0.5,0.21027051298550653,0.2554217057376976,0.0020404938891026513,0.06423790518347977,optimal
cv,ok,stage6_fold_metrics,,,,,,,fold,Validation metrics on fixed accepted split; validation_living=49; validation_min_enri=0.698478603447; train_slack_sum=8.40724894228e-18.,6.0,1.0,1.0,0.1,10.0,0.0,0.3,0.082358180571388,0.07565652878255714,0.010405924275715813,0.12758071594841552,optimal
cv,ok,stage6_fold_metrics,,,,,,,fold,Validation metrics on fixed accepted split; validation_living=42; validation_min_enri=0.684903146722; train_slack_sum=8.11966861007e-20.,6.0,2.0,1.0,0.1,10.0,0.0,0.5,0.12575819441071617,0.21682442949931502,0.020245949071317524,0.16280781504032268,optimal
cv,ok,stage6_fold_metrics,,,,,,,fold,Validation metrics on fixed accepted split; validation_living=49; validation_min_enri=0.415463430804; train_slack_sum=5.08320772576e-21.,6.0,3.0,1.0,0.1,10.0,0.0,0.3,0.07188111659665015,0.12495769294053317,0.026547359432969375,0.2871685950985896,optimal
cv,ok,stage6_fold_metrics,,,,,,,fold,Validation metrics on fixed accepted split; validation_living=46; validation_min_enri=0.632752291742; train_slack_sum=7.84627811745e-10.,7.0,1.0,1.0,0.1,10.0,0.0,0.4,0.06697241251239028,0.21162018657150478,0.0241407776257352,0.22822115063781973,optimal
cv,ok,stage6_fold_metrics,,,,,,,fold,Validation metrics on fixed accepted split; validation_living=44; validation_min_enri=0.85438076934; train_slack_sum=3.92315662908e-21.,7.0,2.0,1.0,0.1,10.0,0.0,0.5,0.10752638703450965,0.09721783225395632,0.016535437137376405,0.0737823690407254,optimal
cv,ok,stage6_fold_metrics,,,,,,,fold,Validation metrics on fixed accepted split; validation_living=46; validation_min_enri=0.554041435061; train_slack_sum=8.00108336096e-30.,8.0,1.0,1.0,0.1,10.0,0.0,0.2,0.06319844635780611,0.1552302924575467,0.034767722860888584,0.2692661284640355,optimal
cv,ok,stage6_fold_metrics,,,,,,,fold,Validation metrics on fixed accepted split; validation_living=46; validation_min_enri=0.236705901829; train_slack_sum=3.8996039242e-20.,8.0,2.0,1.0,0.1,10.0,0.0,0.2,0.036798595711428905,0.1789670211065751,0.05716190600791777,0.3071157279431086,optimal
cv,ok,stage6_fold_metrics,,,,,,,fold,Validation metrics on fixed accepted split; validation_living=48; validation_min_enri=0.810619737825; train_slack_sum=8.89537471292e-21.,8.0,3.0,1.0,0.1,10.0,0.0,0.6,0.18331893245882838,0.1198693614227894,0.014121720416248163,0.1057214027298128,optimal
cv,ok,stage6_fold_metrics,,,,,,,fold,Validation metrics on fixed accepted split; validation_living=51; validation_min_enri=0.61994731003; train_slack_sum=8.55414651972e-21.,9.0,1.0,1.0,0.1,10.0,0.0,0.3,0.08849013726108314,0.11973937033681192,0.012509514277770624,0.156612716847232,optimal
cv,ok,stage6_fold_metrics,,,,,,,fold,Validation metrics on fixed accepted split; validation_living=44; validation_min_enri=0.808594712586; train_slack_sum=9.00121878108e-30.,9.0,3.0,1.0,0.1,10.0,0.0,0.4,0.19963874997274317,0.19110574414508025,0.004201577225147926,0.061647994720052696,optimal
cv,ok,stage6_fold_metrics,,,,,,,fold,Validation metrics on fixed accepted split; validation_living=51; validation_min_enri=0.574426795251; train_slack_sum=0.0257614408422.,0.0,1.0,1.0,1.0,0.1,0.0,0.4,0.1124407474261222,0.11290431178292297,0.0336366067376417,0.1339696133563466,optimal
cv,ok,stage6_fold_metrics,,,,,,,fold,Validation metrics on fixed accepted split; validation_living=43; validation_min_enri=0.740113776824; train_slack_sum=0.207266556386.,0.0,2.0,1.0,1.0,0.1,0.0,0.1,0.026286978911018815,0.09696979834352237,0.011634882009511176,0.13588350813311334,optimal
cv,ok,stage6_fold_metrics,,,,,,,fold,Validation metrics on fixed accepted split; validation_living=47; validation_min_enri=0.895195043279; train_slack_sum=0.0816874112507.,1.0,1.0,1.0,1.0,0.1,0.0,0.6,0.19998321690829776,0.24915475979713625,0.006084097741862984,0.0673127689767222,optimal
cv,ok,stage6_fold_metrics,,,,,,,fold,Validation metrics on fixed accepted split; validation_living=43; validation_min_enri=0.752602427209; train_slack_sum=0.128154364507.,1.0,2.0,1.0,1.0,0.1,0.0,0.2,0.04350096981441849,0.11183787216938279,0.008102360714617899,0.10438476413521189,optimal
cv,ok,stage6_fold_metrics,,,,,,,fold,Validation metrics on fixed accepted split; validation_living=50; validation_min_enri=-288.762258078; train_slack_sum=0.0505382399164.,1.0,3.0,1.0,1.0,0.1,0.06,0.2,0.04719583223748277,36.197897013601654,1287.731628030299,0.15937875345857994,optimal
cv,ok,stage6_fold_metrics,,,,,,,fold,Validation metrics on fixed accepted split; validation_living=47; validation_min_enri=0.826664139023; train_slack_sum=0.29031556461.,2.0,3.0,1.0,1.0,0.1,0.0,0.1,0.022806710069295737,0.05304578893027566,0.004287779014814801,0.1113375989208507,optimal
cv,ok,stage6_fold_metrics,,,,,,,fold,Validation metrics on fixed accepted split; validation_living=47; validation_min_enri=0.611683813817; train_slack_sum=0.275502765478.,3.0,1.0,1.0,1.0,0.1,0.0,0.1,0.025784162101190944,0.04987959442274218,0.011412581770786518,0.14526946415076558,optimal
cv,ok,stage6_fold_metrics,,,,,,,fold,Validation metrics on fixed accepted split; validation_living=44; validation_min_enri=0.82907419289; train_slack_sum=0.0693112119992.,3.0,2.0,1.0,1.0,0.1,0.0,0.4,0.09108003341303321,0.15107391148575133,0.008077328842332764,0.07353020531780545,optimal
cv,ok,stage6_fold_metrics,,,,,,,fold,Validation metrics on fixed accepted split; validation_living=49; validation_min_enri=0.793441786679; train_slack_sum=0.0307632115799.,3.0,3.0,1.0,1.0,0.1,0.0,0.4,0.15570464611287402,0.11154838792488968,0.006722562344366811,0.07752770602418375,optimal
cv,ok,stage6_fold_metrics,,,,,,,fold,Validation metrics on fixed accepted split; validation_living=49; validation_min_enri=0.631207020565; train_slack_sum=0.309811140118.,5.0,1.0,1.0,1.0,0.1,0.0,0.3,0.04854822342507127,0.11799471602489656,0.014133306879635201,0.1391812650996818,optimal
cv,ok,stage6_fold_metrics,,,,,,,fold,Validation metrics on fixed accepted split; validation_living=46; validation_min_enri=0.826378194939; train_slack_sum=0.0468036143513.,5.0,2.0,1.0,1.0,0.1,0.0,0.6,0.09003394536450302,0.05712120260579854,0.028721584468204633,0.08327094262408231,optimal
cv,ok,stage6_fold_metrics,,,,,,,fold,Validation metrics on fixed accepted split; validation_living=45; validation_min_enri=0.886304657896; train_slack_sum=2.9940968428e-21.,5.0,3.0,1.0,1.0,0.1,0.0,0.5,0.21150706896385607,0.25723749756760694,0.0021650591864306045,0.045511117476126475,optimal
cv,ok,stage6_fold_metrics,,,,,,,fold,Validation metrics on fixed accepted split; validation_living=49; validation_min_enri=0.770626815661; train_slack_sum=0.00933890722101.,6.0,1.0,1.0,1.0,0.1,0.0,0.3,0.08981663202439669,0.05510457180192082,0.01056521358324583,0.10093831070141916,optimal
cv,ok,stage6_fold_metrics,,,,,,,fold,Validation metrics on fixed accepted split; validation_living=42; validation_min_enri=0.825122606651; train_slack_sum=0.105999690869.,6.0,2.0,1.0,1.0,0.1,0.0,0.4,0.11861073356374426,0.2005191282367889,0.00849437584438792,0.07302543411577743,optimal
cv,ok,stage6_fold_metrics,,,,,,,fold,Validation metrics on fixed accepted split; validation_living=49; validation_min_enri=0.767754407616; train_slack_sum=0.316138507505.,6.0,3.0,1.0,1.0,0.1,0.0,0.3,0.057492811620596454,0.1449899282742443,0.011408745932001592,0.138223233636288,optimal
cv,ok,stage6_fold_metrics,,,,,,,fold,Validation metrics on fixed accepted split; validation_living=46; validation_min_enri=0.799715904213; train_slack_sum=0.225726217163.,7.0,1.0,1.0,1.0,0.1,0.0,0.3,0.07924095814582366,0.21307217516616134,0.007696677228596711,0.08786228335637633,optimal
cv,ok,stage6_fold_metrics,,,,,,,fold,Validation metrics on fixed accepted split; validation_living=44; validation_min_enri=0.832113980859; train_slack_sum=3.32204871136e-20.,7.0,2.0,1.0,1.0,0.1,0.0,0.4,0.1075828461700147,0.1046297148593882,0.02222664034346081,0.055131731934142135,optimal
cv,ok,stage6_fold_metrics,,,,,,,fold,Validation metrics on fixed accepted split; validation_living=46; validation_min_enri=0.842266244857; train_slack_sum=0.301060821617.,8.0,1.0,1.0,1.0,0.1,0.0,0.3,0.07058416532558498,0.10981728678168606,0.004897154408010926,0.06724214864220934,optimal
cv,ok,stage6_fold_metrics,,,,,,,fold,Validation metrics on fixed accepted split; validation_living=46; validation_min_enri=0.645473260527; train_slack_sum=0.29263766568.,8.0,2.0,1.0,1.0,0.1,0.0,0.0,0.013408453402814153,0.11147941735723334,0.017156630623580593,0.11777627862884774,optimal
cv,ok,stage6_fold_metrics,,,,,,,fold,Validation metrics on fixed accepted split; validation_living=48; validation_min_enri=0.80514202228; train_slack_sum=0.0380397971157.,8.0,3.0,1.0,1.0,0.1,0.0,0.6,0.19257222151626302,0.1273726405091569,0.017452014175337236,0.06325226805343348,optimal
cv,ok,stage6_fold_metrics,,,,,,,fold,Validation metrics on fixed accepted split; validation_living=51; validation_min_enri=0.80700251431; train_slack_sum=0.0888990780632.,9.0,1.0,1.0,1.0,0.1,0.0,0.3,0.09774097479013957,0.10037361933405586,0.004277898547005,0.07512738671766367,optimal
cv,ok,stage6_fold_metrics,,,,,,,fold,Validation metrics on fixed accepted split; validation_living=44; validation_min_enri=0.808946011337; train_slack_sum=9.00121878108e-30.,9.0,3.0,1.0,1.0,0.1,0.0,0.4,0.19732666971535406,0.19134963884646386,0.003276429505329835,0.039336335181181147,optimal
cv,ok,stage6_fold_metrics,,,,,,,fold,Validation metrics on fixed accepted split; validation_living=51; validation_min_enri=0.519626931197; train_slack_sum=9.33115492852e-18.,0.0,1.0,1.0,1.0,1.0,0.0,0.4,0.11154445760890638,0.10826692276585247,0.03100826633846983,0.14093198664553186,optimal
cv,ok,stage6_fold_metrics,,,,,,,fold,Validation metrics on fixed accepted split; validation_living=43; validation_min_enri=0.519858105981; train_slack_sum=3.01415907603e-22.,0.0,2.0,1.0,1.0,1.0,0.0,0.1,0.037171135307489646,0.08480135578306511,0.020851758170890407,0.217410727984829,optimal
cv,ok,stage6_fold_metrics,,,,,,,fold,Validation metrics on fixed accepted split; validation_living=47; validation_min_enri=0.818582923144; train_slack_sum=1.45634779397e-09.,1.0,1.0,1.0,1.0,1.0,0.0,0.6,0.20903192295802459,0.2667320274514218,0.010952477774933758,0.11859379143331016,optimal
cv,ok,stage6_fold_metrics,,,,,,,fold,Validation metrics on fixed accepted split; validation_living=43; validation_min_enri=0.710527630968; train_slack_sum=4.44295185875e-18.,1.0,2.0,1.0,1.0,1.0,0.0,0.2,0.04208654333299685,0.10461864972542897,0.017899356812057187,0.14678829168710714,optimal
cv,ok,stage6_fold_metrics,,,,,,,fold,Validation metrics on fixed accepted split; validation_living=50; validation_min_enri=-361.505369612; train_slack_sum=1.1090402288e-22.,1.0,3.0,1.0,1.0,1.0,0.06,0.2,0.06403781007464207,45.305485821194644,2016.0872678383469,0.17377168964268963,optimal
cv,ok,stage6_fold_metrics,,,,,,,fold,Validation metrics on fixed accepted split; validation_living=47; validation_min_enri=0.654056711978; train_slack_sum=5.26578326454e-23.,2.0,3.0,1.0,1.0,1.0,0.0,0.2,0.05569334102415278,0.05740426081399288,0.022871944102607112,0.2226329150898427,optimal
cv,ok,stage6_fold_metrics,,,,,,,fold,Validation metrics on fixed accepted split; validation_living=47; validation_min_enri=0.474026713917; train_slack_sum=2.47088556511e-22.,3.0,1.0,1.0,1.0,1.0,0.0,0.2,0.054767005953487116,0.10560972429058262,0.027039201566467844,0.2183181235474646,optimal
cv,ok,stage6_fold_metrics,,,,,,,fold,Validation metrics on fixed accepted split; validation_living=44; validation_min_enri=0.163402156319; train_slack_sum=2.08978049176e-09.,3.0,2.0,1.0,1.0,1.0,0.0,0.4,0.09045051822471661,0.24537372490728357,0.04388728377468778,0.11112448837695318,optimal
cv,ok,stage6_fold_metrics,,,,,,,fold,Validation metrics on fixed accepted split; validation_living=49; validation_min_enri=0.771199380856; train_slack_sum=4.73946315648e-23.,3.0,3.0,1.0,1.0,1.0,0.0,0.4,0.1539010702718177,0.11844093001872891,0.009388451872353301,0.09190066262420252,optimal
cv,ok,stage6_fold_metrics,,,,,,,fold,Validation metrics on fixed accepted split; validation_living=49; validation_min_enri=0.496825298853; train_slack_sum=3.24439779387e-22.,5.0,1.0,1.0,1.0,1.0,0.0,0.4,0.09158172734377872,0.17990678820089137,0.0379669153654852,0.2103339290900618,optimal
cv,ok,stage6_fold_metrics,,,,,,,fold,Validation metrics on fixed accepted split; validation_living=46; validation_min_enri=0.680508933896; train_slack_sum=5.24017994048e-23.,5.0,2.0,1.0,1.0,1.0,0.0,0.6,0.10547265176951263,0.041637770578778495,0.02803255065660283,0.11810409167688235,optimal
cv,ok,stage6_fold_metrics,,,,,,,fold,Validation metrics on fixed accepted split; validation_living=45; validation_min_enri=0.886304657896; train_slack_sum=7.00094794084e-30.,5.0,3.0,1.0,1.0,1.0,0.0,0.5,0.21150706896385607,0.25723749756760694,0.0021650591864306036,0.04551111747612646,optimal
cv,ok,stage6_fold_metrics,,,,,,,fold,Validation metrics on fixed accepted split; validation_living=49; validation_min_enri=0.757262033811; train_slack_sum=3.85055523295e-18.,6.0,1.0,1.0,1.0,1.0,0.0,0.3,0.09047851845944879,0.05588520261047488,0.011267426563926248,0.10425774484119041,optimal
cv,ok,stage6_fold_metrics,,,,,,,fold,Validation metrics on fixed accepted split; validation_living=42; validation_min_enri=0.664143647379; train_slack_sum=2.04573924024e-22.,6.0,2.0,1.0,1.0,1.0,0.0,0.4,0.13115110169155347,0.23359511956841753,0.01881397589986265,0.1276365216970692,optimal
cv,ok,stage6_fold_metrics,,,,,,,fold,Validation metrics on fixed accepted split; validation_living=49; validation_min_enri=0.505733920701; train_slack_sum=2.55490050809e-08.,6.0,3.0,1.0,1.0,1.0,0.0,0.4,0.0747968135110432,0.13731798133984682,0.03214158687658814,0.23089775565367132,optimal
cv,ok,stage6_fold_metrics,,,,,,,fold,Validation metrics on fixed accepted split; validation_living=46; validation_min_enri=0.624241044744; train_slack_sum=2.08340645162e-19.,7.0,1.0,1.0,1.0,1.0,0.0,0.4,0.07361371834420631,0.24244465162046044,0.023774345117794946,0.17954240341395195,optimal
cv,ok,stage6_fold_metrics,,,,,,,fold,Validation metrics on fixed accepted split; validation_living=44; validation_min_enri=0.832113980859; train_slack_sum=5.64970875378e-23.,7.0,2.0,1.0,1.0,1.0,0.0,0.4,0.10758284617001472,0.10462971485938818,0.022226640343460793,0.05513173193414213,optimal
cv,ok,stage6_fold_metrics,,,,,,,fold,Validation metrics on fixed accepted split; validation_living=46; validation_min_enri=0.685355786263; train_slack_sum=8.00108336096e-30.,8.0,1.0,1.0,1.0,1.0,0.0,0.2,0.10099783952649073,0.18239776355308016,0.035944324655438314,0.18832879058903673,optimal
cv,ok,stage6_fold_metrics,,,,,,,fold,Validation metrics on fixed accepted split; validation_living=46; validation_min_enri=0.305932433777; train_slack_sum=2.52420865563e-22.,8.0,2.0,1.0,1.0,1.0,0.0,0.3,0.059104986803440576,0.22201772047728838,0.05668994144892878,0.23462348285472417,optimal
cv,ok,stage6_fold_metrics,,,,,,,fold,Validation metrics on fixed accepted split; validation_living=48; validation_min_enri=0.755888604164; train_slack_sum=1.49037493981e-22.,8.0,3.0,1.0,1.0,1.0,0.0,0.6,0.18998650206566234,0.1310005928310106,0.01622948230502579,0.08120548137959833,optimal
cv,ok,stage6_fold_metrics,,,,,,,fold,Validation metrics on fixed accepted split; validation_living=51; validation_min_enri=0.717269959011; train_slack_sum=6.00081252072e-30.,9.0,1.0,1.0,1.0,1.0,0.0,0.3,0.09736223760575022,0.13115952893300592,0.008870823178667433,0.12356252937426766,optimal
cv,ok,stage6_fold_metrics,,,,,,,fold,Validation metrics on fixed accepted split; validation_living=44; validation_min_enri=0.808946011337; train_slack_sum=9.00121878108e-30.,9.0,3.0,1.0,1.0,1.0,0.0,0.4,0.19732666971535406,0.19134963884646386,0.0032764295053298344,0.039336335181181147,optimal
cv,ok,stage6_fold_metrics,,,,,,,fold,Validation metrics on fixed accepted split; validation_living=51; validation_min_enri=0.519626931197; train_slack_sum=1.24533642024e-17.,0.0,1.0,1.0,1.0,10.0,0.0,0.4,0.11154445760890637,0.1082669227658525,0.031008266338469846,0.1409319866455319,optimal
cv,ok,stage6_fold_metrics,,,,,,,fold,Validation metrics on fixed accepted split; validation_living=43; validation_min_enri=0.519858105981; train_slack_sum=2.09650921896e-22.,0.0,2.0,1.0,1.0,10.0,0.0,0.1,0.03717113530748966,0.08480135578306512,0.020851758170890407,0.21741072798482897,optimal
cv,ok,stage6_fold_metrics,,,,,,,fold,Validation metrics on fixed accepted split; validation_living=47; validation_min_enri=0.818582949125; train_slack_sum=5.07410835641e-10.,1.0,1.0,1.0,1.0,10.0,0.0,0.6,0.2090319303308577,0.2667320206376488,0.010952475243682694,0.11859377040207159,optimal
cv,ok,stage6_fold_metrics,,,,,,,fold,Validation metrics on fixed accepted split; validation_living=43; validation_min_enri=0.710527630968; train_slack_sum=1.54081721475e-18.,1.0,2.0,1.0,1.0,10.0,0.0,0.2,0.04208654333299685,0.10461864972542897,0.01789935681205719,0.14678829168710716,optimal
cv,ok,stage6_fold_metrics,,,,,,,fold,Validation metrics on fixed accepted split; validation_living=50; validation_min_enri=-361.505369612; train_slack_sum=1.69822494859e-23.,1.0,3.0,1.0,1.0,10.0,0.06,0.2,0.06403781007464203,45.30548582119469,2016.0872678383505,0.1737716896426896,optimal
cv,ok,stage6_fold_metrics,,,,,,,fold,Validation metrics on fixed accepted split; validation_living=47; validation_min_enri=0.654056711978; train_slack_sum=5.87639406437e-22.,2.0,3.0,1.0,1.0,10.0,0.0,0.2,0.055693341024152763,0.05740426081399283,0.022871944102607112,0.22263291508984268,optimal
cv,ok,stage6_fold_metrics,,,,,,,fold,Validation metrics on fixed accepted split; validation_living=47; validation_min_enri=0.474026726395; train_slack_sum=6.85036232446e-10.,3.0,1.0,1.0,1.0,10.0,0.0,0.2,0.05476699863596189,0.105609733901016,0.027039203148269606,0.21831812444170973,optimal
cv,ok,stage6_fold_metrics,,,,,,,fold,Validation metrics on fixed accepted split; validation_living=44; validation_min_enri=0.16340225074; train_slack_sum=7.23225238189e-10.,3.0,2.0,1.0,1.0,10.0,0.0,0.4,0.09045051889387246,0.24537371462785576,0.043887274992969176,0.11112447634250527,optimal
cv,ok,stage6_fold_metrics,,,,,,,fold,Validation metrics on fixed accepted split; validation_living=49; validation_min_enri=0.771199380856; train_slack_sum=1.42121560752e-21.,3.0,3.0,1.0,1.0,10.0,0.0,0.4,0.1539010702718177,0.11844093001872893,0.009388451872353308,0.0919006626242025,optimal
cv,ok,stage6_fold_metrics,,,,,,,fold,Validation metrics on fixed accepted split; validation_living=49; validation_min_enri=0.496825264843; train_slack_sum=4.0635576761e-10.,5.0,1.0,1.0,1.0,10.0,0.0,0.4,0.09158171510940931,0.17990676235486094,0.0379669117211172,0.21033392760688127,optimal
cv,ok,stage6_fold_metrics,,,,,,,fold,Validation metrics on fixed accepted split; validation_living=46; validation_min_enri=0.680508933896; train_slack_sum=8.5938499303e-23.,5.0,2.0,1.0,1.0,10.0,0.0,0.6,0.10547265176951262,0.04163777057877846,0.028032550656602814,0.11810409167688232,optimal
cv,ok,stage6_fold_metrics,,,,,,,fold,Validation metrics on fixed accepted split; validation_living=45; validation_min_enri=0.886304657896; train_slack_sum=1.93911554981e-22.,5.0,3.0,1.0,1.0,10.0,0.0,0.5,0.21150706896385602,0.25723749756760694,0.0021650591864306058,0.04551111747612649,optimal
cv,ok,stage6_fold_metrics,,,,,,,fold,Validation metrics on fixed accepted split; validation_living=49; validation_min_enri=0.757262033811; train_slack_sum=3.70305634679e-18.,6.0,1.0,1.0,1.0,10.0,0.0,0.3,0.09047851845944879,0.05588520261047487,0.011267426563926248,0.1042577448411904,optimal
cv,ok,stage6_fold_metrics,,,,,,,fold,Validation metrics on fixed accepted split; validation_living=42; validation_min_enri=0.664143647379; train_slack_sum=4.68527598627e-22.,6.0,2.0,1.0,1.0,10.0,0.0,0.4,0.13115110169155347,0.23359511956841753,0.018813975899862643,0.1276365216970692,optimal
cv,ok,stage6_fold_metrics,,,,,,,fold,Validation metrics on fixed accepted split; validation_living=49; validation_min_enri=0.505733515013; train_slack_sum=1.9298851227e-09.,6.0,3.0,1.0,1.0,10.0,0.0,0.4,0.07479674432553908,0.13731797974639706,0.0321415741264936,0.23089774175142774,optimal
cv,ok,stage6_fold_metrics,,,,,,,fold,Validation metrics on fixed accepted split; validation_living=46; validation_min_enri=0.624241044744; train_slack_sum=1.39327004955e-18.,7.0,1.0,1.0,1.0,10.0,0.0,0.4,0.0736137183442063,0.24244465162046044,0.023774345117794957,0.17954240341395195,optimal
cv,ok,stage6_fold_metrics,,,,,,,fold,Validation metrics on fixed accepted split; validation_living=44; validation_min_enri=0.832113980859; train_slack_sum=3.94395917518e-23.,7.0,2.0,1.0,1.0,10.0,0.0,0.4,0.10758284617001472,0.10462971485938824,0.02222664034346083,0.05513173193414215,optimal
cv,ok,stage6_fold_metrics,,,,,,,fold,Validation metrics on fixed accepted split; validation_living=46; validation_min_enri=0.685355786263; train_slack_sum=8.00108336096e-30.,8.0,1.0,1.0,1.0,10.0,0.0,0.2,0.10099783952649073,0.18239776355308018,0.03594432465543833,0.18832879058903673,optimal
cv,ok,stage6_fold_metrics,,,,,,,fold,Validation metrics on fixed accepted split; validation_living=46; validation_min_enri=0.305932326995; train_slack_sum=2.92266460699e-10.,8.0,2.0,1.0,1.0,10.0,0.0,0.3,0.059104991233032686,0.22201773518837167,0.05668994340341434,0.23462348146307208,optimal
cv,ok,stage6_fold_metrics,,,,,,,fold,Validation metrics on fixed accepted split; validation_living=48; validation_min_enri=0.755888604164; train_slack_sum=7.00094794084e-30.,8.0,3.0,1.0,1.0,10.0,0.0,0.6,0.18998650206566228,0.13100059283101068,0.016229482305025817,0.08120548137959832,optimal
cv,ok,stage6_fold_metrics,,,,,,,fold,Validation metrics on fixed accepted split; validation_living=51; validation_min_enri=0.717269959011; train_slack_sum=3.61448910483e-23.,9.0,1.0,1.0,1.0,10.0,0.0,0.3,0.09736223760575022,0.13115952893300592,0.008870823178667438,0.12356252937426766,optimal
cv,ok,stage6_fold_metrics,,,,,,,fold,Validation metrics on fixed accepted split; validation_living=44; validation_min_enri=0.808946011337; train_slack_sum=9.00121878108e-30.,9.0,3.0,1.0,1.0,10.0,0.0,0.4,0.19732666971535406,0.19134963884646386,0.0032764295053298357,0.03933633518118115,optimal
cv,ok,stage6_fold_metrics,,,,,,,fold,Validation metrics on fixed accepted split; validation_living=51; validation_min_enri=0.922663251476; train_slack_sum=0.468755425562.,0.0,1.0,1.0,10.0,0.1,0.0,0.5,0.13064340979697803,0.11357962983757211,0.02713602712944574,0.024767397360728197,optimal
cv,ok,stage6_fold_metrics,,,,,,,fold,Validation metrics on fixed accepted split; validation_living=43; validation_min_enri=0.710564863361; train_slack_sum=0.573233541591.,0.0,2.0,1.0,10.0,0.1,0.0,0.2,0.031376509851926124,0.13946305125057337,0.012498631256156946,0.043096537665977146,optimal
cv,ok,stage6_fold_metrics,,,,,,,fold,Validation metrics on fixed accepted split; validation_living=47; validation_min_enri=0.928935233394; train_slack_sum=0.182294325294.,1.0,1.0,1.0,10.0,0.1,0.0,0.6,0.18197415539833972,0.2388981545744331,0.00250933567951557,0.019547250508386262,optimal
cv,ok,stage6_fold_metrics,,,,,,,fold,Validation metrics on fixed accepted split; validation_living=43; validation_min_enri=0.834672229031; train_slack_sum=0.447646783323.,1.0,2.0,1.0,10.0,0.1,0.0,0.3,0.04662217867588055,0.1254153679614815,0.004444471983242827,0.03254524214938334,optimal
cv,ok,stage6_fold_metrics,,,,,,,fold,Validation metrics on fixed accepted split; validation_living=50; validation_min_enri=-114.545123561; train_slack_sum=0.508781111521.,1.0,3.0,1.0,10.0,0.1,0.06,0.1,0.04562756267385636,14.335925995101448,204.99485656453865,0.049035098370434835,optimal
cv,ok,stage6_fold_metrics,,,,,,,fold,Validation metrics on fixed accepted split; validation_living=47; validation_min_enri=0.918487074851; train_slack_sum=0.597453222531.,2.0,3.0,1.0,10.0,0.1,0.0,0.2,0.03304022590665796,0.06246447091897454,0.0015788394453070138,0.030398996711136366,optimal
cv,ok,stage6_fold_metrics,,,,,,,fold,Validation metrics on fixed accepted split; validation_living=47; validation_min_enri=0.85784420317; train_slack_sum=0.868869654612.,3.0,1.0,1.0,10.0,0.1,0.0,0.1,0.019058479477312772,0.0122975280888605,0.001972610271776197,0.03258520258102964,optimal
cv,ok,stage6_fold_metrics,,,,,,,fold,Validation metrics on fixed accepted split; validation_living=44; validation_min_enri=0.828676283882; train_slack_sum=0.192411858368.,3.0,2.0,1.0,10.0,0.1,0.0,0.5,0.09904110847963454,0.13027583711977211,0.005302580893607725,0.022938721943349637,optimal
cv,ok,stage6_fold_metrics,,,,,,,fold,Validation metrics on fixed accepted split; validation_living=49; validation_min_enri=0.950115575981; train_slack_sum=0.18744514246.,3.0,3.0,1.0,10.0,0.1,0.0,0.5,0.15861627415294938,0.092953043232024,0.0019953225000809197,0.016777418803129183,optimal
cv,ok,stage6_fold_metrics,,,,,,,fold,Validation metrics on fixed accepted split; validation_living=49; validation_min_enri=0.767275132953; train_slack_sum=0.846793170135.,5.0,1.0,1.0,10.0,0.1,0.0,0.2,0.03284082383376211,0.10129419382261273,0.006915239009476843,0.036892150489807214,optimal
cv,ok,stage6_fold_metrics,,,,,,,fold,Validation metrics on fixed accepted split; validation_living=46; validation_min_enri=0.906637865968; train_slack_sum=0.215538712766.,5.0,2.0,1.0,10.0,0.1,0.0,0.5,0.08387802681225001,0.06671612460495398,0.022495940352276724,0.02956205196227675,optimal
cv,ok,stage6_fold_metrics,,,,,,,fold,Validation metrics on fixed accepted split; validation_living=45; validation_min_enri=0.873526079892; train_slack_sum=0.0732979583231.,5.0,3.0,1.0,10.0,0.1,0.0,0.5,0.20824787135836811,0.23850034694642697,0.001374522712153814,0.01569010866220746,optimal
cv,ok,stage6_fold_metrics,,,,,,,fold,Validation metrics on fixed accepted split; validation_living=49; validation_min_enri=0.899419502488; train_slack_sum=0.343172062514.,6.0,1.0,1.0,10.0,0.1,0.0,0.3,0.09795354017519543,0.082972511456558,0.0018542724303832433,0.02620690749929529,optimal
cv,ok,stage6_fold_metrics,,,,,,,fold,Validation metrics on fixed accepted split; validation_living=42; validation_min_enri=0.96349458839; train_slack_sum=0.255563498503.,6.0,2.0,1.0,10.0,0.1,0.0,0.5,0.11955058221952257,0.1701153938366904,0.0011045294163574838,0.011707236276196123,optimal
cv,ok,stage6_fold_metrics,,,,,,,fold,Validation metrics on fixed accepted split; validation_living=49; validation_min_enri=0.853448094686; train_slack_sum=0.708821675496.,6.0,3.0,1.0,10.0,0.1,0.0,0.2,0.04874879275883374,0.1532833153871749,0.005137201641785481,0.035136613735080875,optimal
cv,ok,stage6_fold_metrics,,,,,,,fold,Validation metrics on fixed accepted split; validation_living=46; validation_min_enri=0.911534576563; train_slack_sum=0.410329258749.,7.0,1.0,1.0,10.0,0.1,0.0,0.4,0.0905628443497809,0.2051545569930509,0.0016409795344021056,0.02492695332512508,optimal
cv,ok,stage6_fold_metrics,,,,,,,fold,Validation metrics on fixed accepted split; validation_living=44; validation_min_enri=0.866301727014; train_slack_sum=0.0793906498008.,7.0,2.0,1.0,10.0,0.1,0.0,0.5,0.12526719727505908,0.10677921739886169,0.01619138988193157,0.027756329942036754,optimal
cv,ok,stage6_fold_metrics,,,,,,,fold,Validation metrics on fixed accepted split; validation_living=46; validation_min_enri=0.814634692542; train_slack_sum=0.403874800938.,8.0,1.0,1.0,10.0,0.1,0.0,0.4,0.07507552970727958,0.10041272500281101,0.007093665790809902,0.023188065250788984,optimal
cv,ok,stage6_fold_metrics,,,,,,,fold,Validation metrics on fixed accepted split; validation_living=46; validation_min_enri=0.828221984541; train_slack_sum=0.687615067001.,8.0,2.0,1.0,10.0,0.1,0.0,0.0,0.0011062852950492017,0.04679193496075938,0.004214798916186251,0.04520008534015823,optimal
cv,ok,stage6_fold_metrics,,,,,,,fold,Validation metrics on fixed accepted split; validation_living=48; validation_min_enri=0.866717308378; train_slack_sum=0.147948995134.,8.0,3.0,1.0,10.0,0.1,0.0,0.6,0.21495374998485306,0.15579424606702827,0.03221262020341339,0.019787739435883252,optimal
cv,ok,stage6_fold_metrics,,,,,,,fold,Validation metrics on fixed accepted split; validation_living=51; validation_min_enri=0.885860542092; train_slack_sum=0.240555527205.,9.0,1.0,1.0,10.0,0.1,0.0,0.3,0.119888920762137,0.08459689698893218,0.0010291841770449254,0.01948544729798642,optimal
cv,ok,stage6_fold_metrics,,,,,,,fold,Validation metrics on fixed accepted split; validation_living=44; validation_min_enri=0.822589987172; train_slack_sum=0.0576899655536.,9.0,3.0,1.0,10.0,0.1,0.0,0.4,0.21476842513479663,0.2047498975984161,0.001167350618017828,0.014906905432698589,optimal
cv,ok,stage6_fold_metrics,,,,,,,fold,Validation metrics on fixed accepted split; validation_living=51; validation_min_enri=0.729260256294; train_slack_sum=4.38889823146e-18.,0.0,1.0,1.0,10.0,1.0,0.0,0.4,0.1423634705960111,0.13005536041906576,0.04713569894861253,0.11566182633613578,optimal
cv,ok,stage6_fold_metrics,,,,,,,fold,Validation metrics on fixed accepted split; validation_living=43; validation_min_enri=0.596724587161; train_slack_sum=0.138258255091.,0.0,2.0,1.0,10.0,1.0,0.0,0.1,0.024567857160089683,0.0870415935027712,0.019648143924469473,0.13437852944329848,optimal
cv,ok,stage6_fold_metrics,,,,,,,fold,Validation metrics on fixed accepted split; validation_living=47; validation_min_enri=0.867813927591; train_slack_sum=0.0458162623031.,1.0,1.0,1.0,10.0,1.0,0.0,0.6,0.20751811346664512,0.2719039895821593,0.011717715740053494,0.06414955543208792,optimal
cv,ok,stage6_fold_metrics,,,,,,,fold,Validation metrics on fixed accepted split; validation_living=43; validation_min_enri=0.580795301486; train_slack_sum=2.30856643242e-18.,1.0,2.0,1.0,10.0,1.0,0.0,0.2,0.04845680996163888,0.1291879272060115,0.026639576355631665,0.09219014484970725,optimal
cv,ok,stage6_fold_metrics,,,,,,,fold,Validation metrics on fixed accepted split; validation_living=50; validation_min_enri=-375.614230027; train_slack_sum=0.0200300606366.,1.0,3.0,1.0,10.0,1.0,0.06,0.3,0.07588067636734559,47.07950132737971,2175.8494213584495,0.12390101002219896,optimal
cv,ok,stage6_fold_metrics,,,,,,,fold,Validation metrics on fixed accepted split; validation_living=47; validation_min_enri=0.625738372867; train_slack_sum=0.0960757450375.,2.0,3.0,1.0,10.0,1.0,0.0,0.0,0.021680988658551947,0.07479025409201646,0.01347846647133946,0.14568246152657843,optimal
cv,ok,stage6_fold_metrics,,,,,,,fold,Validation metrics on fixed accepted split; validation_living=47; validation_min_enri=0.48291807393; train_slack_sum=0.109502405574.,3.0,1.0,1.0,10.0,1.0,0.0,0.2,0.043988085211447446,0.09224192494641646,0.03541282174579468,0.15649912099614258,optimal
cv,ok,stage6_fold_metrics,,,,,,,fold,Validation metrics on fixed accepted split; validation_living=44; validation_min_enri=-0.0474044790234; train_slack_sum=0.0140705872863.,3.0,2.0,1.0,10.0,1.0,0.022727272727272728,0.5,0.1080157127583528,0.22459543688621655,0.07299083572874879,0.06717362568954736,optimal
cv,ok,stage6_fold_metrics,,,,,,,fold,Validation metrics on fixed accepted split; validation_living=49; validation_min_enri=0.792328456817; train_slack_sum=6.60097405312e-22.,3.0,3.0,1.0,10.0,1.0,0.0,0.7,0.15737266900673091,0.12134565276587841,0.01984938464523523,0.06665357062894105,optimal
cv,ok,stage6_fold_metrics,,,,,,,fold,Validation metrics on fixed accepted split; validation_living=49; validation_min_enri=0.20033954512; train_slack_sum=0.00699181838256.,5.0,1.0,1.0,10.0,1.0,0.0,0.3,0.0806042701739658,0.13004672972097098,0.06430493160160802,0.15065211320174116,optimal
cv,ok,stage6_fold_metrics,,,,,,,fold,Validation metrics on fixed accepted split; validation_living=46; validation_min_enri=0.779812303076; train_slack_sum=0.0383262347309.,5.0,2.0,1.0,10.0,1.0,0.0,0.6,0.10443936763476731,0.060256224244354666,0.03844638050537969,0.07591557364372574,optimal
cv,ok,stage6_fold_metrics,,,,,,,fold,Validation metrics on fixed accepted split; validation_living=45; validation_min_enri=0.70651788203; train_slack_sum=6.00081252072e-30.,5.0,3.0,1.0,10.0,1.0,0.0,0.5,0.21910761444932292,0.26476987384751394,0.005770402387231693,0.03407017188337235,optimal
cv,ok,stage6_fold_metrics,,,,,,,fold,Validation metrics on fixed accepted split; validation_living=49; validation_min_enri=0.766246974703; train_slack_sum=5.7626940387e-18.,6.0,1.0,1.0,10.0,1.0,0.0,0.4,0.09298135864247606,0.0391693268538486,0.017362407129082467,0.09479183279570182,optimal
cv,ok,stage6_fold_metrics,,,,,,,fold,Validation metrics on fixed accepted split; validation_living=42; validation_min_enri=0.736989901444; train_slack_sum=0.0407470215099.,6.0,2.0,1.0,10.0,1.0,0.0,0.4,0.12758973920918373,0.22206619094141858,0.02868628026933986,0.08286794847439721,optimal
cv,ok,stage6_fold_metrics,,,,,,,fold,Validation metrics on fixed accepted split; validation_living=49; validation_min_enri=0.556963870092; train_slack_sum=0.168005513788.,6.0,3.0,1.0,10.0,1.0,0.0,0.2,0.05272573239748664,0.1362838203371306,0.025875354931929814,0.15262143346098755,optimal
cv,ok,stage6_fold_metrics,,,,,,,fold,Validation metrics on fixed accepted split; validation_living=46; validation_min_enri=0.762829495355; train_slack_sum=0.141829178053.,7.0,1.0,1.0,10.0,1.0,0.0,0.3,0.08088767345974653,0.23753574409098901,0.01312531561897898,0.10194790427875684,optimal
cv,ok,stage6_fold_metrics,,,,,,,fold,Validation metrics on fixed accepted split; validation_living=44; validation_min_enri=0.808898411809; train_slack_sum=5.23422105314e-22.,7.0,2.0,1.0,10.0,1.0,0.0,0.4,0.10716078122298944,0.10678573440492199,0.025394577145508326,0.04569960044931012,optimal
cv,ok,stage6_fold_metrics,,,,,,,fold,Validation metrics on fixed accepted split; validation_living=46; validation_min_enri=0.527323078171; train_slack_sum=0.066022810606.,8.0,1.0,1.0,10.0,1.0,0.0,0.4,0.1239888986066043,0.17438537469762883,0.09130119056917425,0.11802848767854572,optimal
cv,ok,stage6_fold_metrics,,,,,,,fold,Validation metrics on fixed accepted split; validation_living=46; validation_min_enri=0.422382318974; train_slack_sum=0.156604090714.,8.0,2.0,1.0,10.0,1.0,0.0,0.2,0.03528749753164161,0.18510098692125634,0.040874964016038115,0.14516881528047315,optimal
cv,ok,stage6_fold_metrics,,,,,,,fold,Validation metrics on fixed accepted split; validation_living=48; validation_min_enri=0.686177249274; train_slack_sum=2.7663915887e-22.,8.0,3.0,1.0,10.0,1.0,0.0,0.6,0.2065192540747597,0.14423075247862957,0.016608139009269652,0.0669684979264139,optimal
cv,ok,stage6_fold_metrics,,,,,,,fold,Validation metrics on fixed accepted split; validation_living=51; validation_min_enri=0.74667459692; train_slack_sum=0.0501254809471.,9.0,1.0,1.0,10.0,1.0,0.0,0.3,0.10520787650304479,0.11522180457753868,0.007822526324661924,0.07457265707698751,optimal
cv,ok,stage6_fold_metrics,,,,,,,fold,Validation metrics on fixed accepted split; validation_living=44; validation_min_enri=0.768433019434; train_slack_sum=9.00121878108e-30.,9.0,3.0,1.0,10.0,1.0,0.0,0.4,0.19936906203606583,0.1909547095758841,0.003492387937650733,0.03281728242035834,optimal
cv,ok,stage6_fold_metrics,,,,,,,fold,Validation metrics on fixed accepted split; validation_living=51; validation_min_enri=0.729260256294; train_slack_sum=1.40187729861e-17.,0.0,1.0,1.0,10.0,10.0,0.0,0.4,0.1423634705960111,0.1300553604190657,0.047135698948612526,0.1156618263361358,optimal
cv,ok,stage6_fold_metrics,,,,,,,fold,Validation metrics on fixed accepted split; validation_living=43; validation_min_enri=0.283062563337; train_slack_sum=1.51159127424e-22.,0.0,2.0,1.0,10.0,10.0,0.0,0.1,0.03518707409829397,0.12974796857251192,0.04979727043995832,0.18889393464300888,optimal
cv,ok,stage6_fold_metrics,,,,,,,fold,Validation metrics on fixed accepted split; validation_living=47; validation_min_enri=0.80996832064; train_slack_sum=1.23715823904e-09.,1.0,1.0,1.0,10.0,10.0,0.0,0.6,0.20682809585223358,0.26882746961165416,0.014200496163617621,0.1001724115965571,optimal
cv,ok,stage6_fold_metrics,,,,,,,fold,Validation metrics on fixed accepted split; validation_living=43; validation_min_enri=0.580795301486; train_slack_sum=6.72406231185e-18.,1.0,2.0,1.0,10.0,10.0,0.0,0.2,0.048456809961638876,0.1291879272060115,0.02663957635563168,0.09219014484970722,optimal
cv,ok,stage6_fold_metrics,,,,,,,fold,Validation metrics on fixed accepted split; validation_living=50; validation_min_enri=-408.094379997; train_slack_sum=2.70891704352e-09.,1.0,3.0,1.0,10.0,10.0,0.06,0.3,0.08099481467009964,51.14199409421163,2567.7800540145563,0.13104796268192112,optimal
cv,ok,stage6_fold_metrics,,,,,,,fold,Validation metrics on fixed accepted split; validation_living=47; validation_min_enri=0.419019084743; train_slack_sum=3.20960148638e-10.,2.0,3.0,1.0,10.0,10.0,0.0,0.2,0.035664253221174204,0.10459520369549805,0.030312025507504173,0.18291389186930082,optimal
cv,ok,stage6_fold_metrics,,,,,,,fold,Validation metrics on fixed accepted split; validation_living=47; validation_min_enri=0.467140730892; train_slack_sum=2.86013727644e-17.,3.0,1.0,1.0,10.0,10.0,0.0,0.2,0.05447364755066532,0.10352460921706462,0.0493993010403738,0.18785974219739035,optimal
cv,ok,stage6_fold_metrics,,,,,,,fold,Validation metrics on fixed accepted split; validation_living=44; validation_min_enri=-0.28341636336; train_slack_sum=1.03375550197e-09.,3.0,2.0,1.0,10.0,10.0,0.022727272727272728,0.5,0.11011263643213262,0.25065591467161313,0.09992760644069804,0.07421783158638215,optimal
cv,ok,stage6_fold_metrics,,,,,,,fold,Validation metrics on fixed accepted split; validation_living=49; validation_min_enri=0.792328456817; train_slack_sum=6.08264400657e-22.,3.0,3.0,1.0,10.0,10.0,0.0,0.7,0.1573726690067309,0.12134565276587841,0.019849384645235228,0.06665357062894105,optimal
cv,ok,stage6_fold_metrics,,,,,,,fold,Validation metrics on fixed accepted split; validation_living=49; validation_min_enri=0.205985515913; train_slack_sum=2.18797995208e-18.,5.0,1.0,1.0,10.0,10.0,0.0,0.3,0.08101609547656,0.13104350309951235,0.06416452298275811,0.1525548441351065,optimal
cv,ok,stage6_fold_metrics,,,,,,,fold,Validation metrics on fixed accepted split; validation_living=46; validation_min_enri=0.643973471135; train_slack_sum=8.44921364266e-10.,5.0,2.0,1.0,10.0,10.0,0.0,0.6,0.11221519279303846,0.04590261154692908,0.020986443569458228,0.1027000349167021,optimal
cv,ok,stage6_fold_metrics,,,,,,,fold,Validation metrics on fixed accepted split; validation_living=45; validation_min_enri=0.70651788203; train_slack_sum=2.06998304538e-22.,5.0,3.0,1.0,10.0,10.0,0.0,0.5,0.21910761444932292,0.26476987384751394,0.005770402387231698,0.03407017188337236,optimal
cv,ok,stage6_fold_metrics,,,,,,,fold,Validation metrics on fixed accepted split; validation_living=49; validation_min_enri=0.766246974703; train_slack_sum=2.52432804701e-19.,6.0,1.0,1.0,10.0,10.0,0.0,0.4,0.09298135864247606,0.03916932685384856,0.017362407129082484,0.09479183279570183,optimal
cv,ok,stage6_fold_metrics,,,,,,,fold,Validation metrics on fixed accepted split; validation_living=42; validation_min_enri=0.639021921804; train_slack_sum=5.95949237076e-10.,6.0,2.0,1.0,10.0,10.0,0.0,0.4,0.13405380762440947,0.23315673323921665,0.03037960786947481,0.10605403440652607,optimal
cv,ok,stage6_fold_metrics,,,,,,,fold,Validation metrics on fixed accepted split; validation_living=49; validation_min_enri=0.458826538606; train_slack_sum=1.84691104951e-09.,6.0,3.0,1.0,10.0,10.0,0.0,0.4,0.06708401268863592,0.13848246650067822,0.04491110796143232,0.2053293455467076,optimal
cv,ok,stage6_fold_metrics,,,,,,,fold,Validation metrics on fixed accepted split; validation_living=46; validation_min_enri=0.628283935806; train_slack_sum=6.38376222008e-18.,7.0,1.0,1.0,10.0,10.0,0.0,0.3,0.07882330284608646,0.2676327617314392,0.027251914046007446,0.16664789890831427,optimal
cv,ok,stage6_fold_metrics,,,,,,,fold,Validation metrics on fixed accepted split; validation_living=44; validation_min_enri=0.808898411809; train_slack_sum=9.61033754233e-23.,7.0,2.0,1.0,10.0,10.0,0.0,0.4,0.10716078122298948,0.10678573440492196,0.025394577145508274,0.045699600449310124,optimal
cv,ok,stage6_fold_metrics,,,,,,,fold,Validation metrics on fixed accepted split; validation_living=46; validation_min_enri=0.480136121513; train_slack_sum=8.5745195107e-10.,8.0,1.0,1.0,10.0,10.0,0.0,0.4,0.14549070753216725,0.19404444947625654,0.10024822465636239,0.1399047750193018,optimal
cv,ok,stage6_fold_metrics,,,,,,,fold,Validation metrics on fixed accepted split; validation_living=46; validation_min_enri=0.275226743357; train_slack_sum=1.36849852296e-09.,8.0,2.0,1.0,10.0,10.0,0.0,0.2,0.06033567008501326,0.2470254146376413,0.07957207910953985,0.20799487480529077,optimal
cv,ok,stage6_fold_metrics,,,,,,,fold,Validation metrics on fixed accepted split; validation_living=48; validation_min_enri=0.686177249274; train_slack_sum=6.78754647257e-23.,8.0,3.0,1.0,10.0,10.0,0.0,0.6,0.2065192540747597,0.14423075247862963,0.016608139009269652,0.06696849792641392,optimal
cv,ok,stage6_fold_metrics,,,,,,,fold,Validation metrics on fixed accepted split; validation_living=51; validation_min_enri=0.658668674066; train_slack_sum=1.85420954124e-22.,9.0,1.0,1.0,10.0,10.0,0.0,0.3,0.09974849538469902,0.14116478270176666,0.011051276402220514,0.10716637517790303,optimal
cv,ok,stage6_fold_metrics,,,,,,,fold,Validation metrics on fixed accepted split; validation_living=44; validation_min_enri=0.768433019434; train_slack_sum=9.00121878108e-30.,9.0,3.0,1.0,10.0,10.0,0.0,0.4,0.19936906203606583,0.1909547095758841,0.0034923879376507327,0.03281728242035833,optimal
cv,ok,stage6_fold_metrics,,,,,,,fold,Validation metrics on fixed accepted split; validation_living=51; validation_min_enri=0.428666228193; train_slack_sum=2.04457987879e-21.,0.0,1.0,10.0,0.1,0.1,0.0,0.3,0.08462299394949205,0.08760925466115885,0.023893488324075698,0.17454400430722497,optimal
cv,ok,stage6_fold_metrics,,,,,,,fold,Validation metrics on fixed accepted split; validation_living=43; validation_min_enri=0.493233884381; train_slack_sum=0.0451781328869.,0.0,2.0,10.0,0.1,0.1,0.0,0.1,0.023169419690325693,0.0882378285944883,0.01552203479458291,0.2685591843602042,optimal
cv,ok,stage6_fold_metrics,,,,,,,fold,Validation metrics on fixed accepted split; validation_living=47; validation_min_enri=0.849179513782; train_slack_sum=0.0679462932061.,1.0,1.0,10.0,0.1,0.1,0.0,0.6,0.2104169627502,0.2516758269524064,0.009287992003886766,0.11936442564367802,optimal
cv,ok,stage6_fold_metrics,,,,,,,fold,Validation metrics on fixed accepted split; validation_living=43; validation_min_enri=0.689484285379; train_slack_sum=0.0115347238698.,1.0,2.0,10.0,0.1,0.1,0.0,0.2,0.03867844466901803,0.11215988699220597,0.018374962354219877,0.18837647146278882,optimal
cv,ok,stage6_fold_metrics,,,,,,,fold,Validation metrics on fixed accepted split; validation_living=50; validation_min_enri=-148.243100732; train_slack_sum=0.00557913727196.,1.0,3.0,10.0,0.1,0.1,0.06,0.3,0.055118482421548,18.62614510914161,341.10549041722294,0.23848497470849112,optimal
cv,ok,stage6_fold_metrics,,,,,,,fold,Validation metrics on fixed accepted split; validation_living=47; validation_min_enri=0.705467545524; train_slack_sum=0.084307262928.,2.0,3.0,10.0,0.1,0.1,0.0,0.2,0.043395399081167296,0.05526167999163674,0.012213874561737191,0.22247416105476356,optimal
cv,ok,stage6_fold_metrics,,,,,,,fold,Validation metrics on fixed accepted split; validation_living=47; validation_min_enri=0.479097988986; train_slack_sum=0.0913455301991.,3.0,1.0,10.0,0.1,0.1,0.0,0.2,0.02362935498812656,0.09595224824137422,0.02144714670923202,0.27909697262131744,optimal
cv,ok,stage6_fold_metrics,,,,,,,fold,Validation metrics on fixed accepted split; validation_living=44; validation_min_enri=0.113161971774; train_slack_sum=0.0342263098738.,3.0,2.0,10.0,0.1,0.1,0.0,0.2,0.06441598766780934,0.26361942427281343,0.04813189230724432,0.14737643571099637,optimal
cv,ok,stage6_fold_metrics,,,,,,,fold,Validation metrics on fixed accepted split; validation_living=49; validation_min_enri=0.703622532552; train_slack_sum=1.01494960522e-21.,3.0,3.0,10.0,0.1,0.1,0.0,0.4,0.14452883663639596,0.1318364918985855,0.008428508547430135,0.12558991517566748,optimal
cv,ok,stage6_fold_metrics,,,,,,,fold,Validation metrics on fixed accepted split; validation_living=49; validation_min_enri=0.481299124445; train_slack_sum=0.0840694625597.,5.0,1.0,10.0,0.1,0.1,0.0,0.3,0.0462836834084034,0.16550914958288665,0.026916683616080416,0.26513576171272346,optimal
cv,ok,stage6_fold_metrics,,,,,,,fold,Validation metrics on fixed accepted split; validation_living=46; validation_min_enri=0.698768186189; train_slack_sum=0.0148870489479.,5.0,2.0,10.0,0.1,0.1,0.0,0.4,0.08228295008353691,0.058245371030026444,0.026923007591445614,0.13699102699179577,optimal
cv,ok,stage6_fold_metrics,,,,,,,fold,Validation metrics on fixed accepted split; validation_living=45; validation_min_enri=0.828923553512; train_slack_sum=8.00108336096e-30.,5.0,3.0,10.0,0.1,0.1,0.0,0.5,0.21168015964223227,0.26267910389406474,0.003557945066065299,0.07421245057532613,optimal
cv,ok,stage6_fold_metrics,,,,,,,fold,Validation metrics on fixed accepted split; validation_living=49; validation_min_enri=0.639645027978; train_slack_sum=5.11875463999e-18.,6.0,1.0,10.0,0.1,0.1,0.0,0.3,0.08079844832576774,0.08869115725114861,0.011829538060008,0.1395217171149199,optimal
cv,ok,stage6_fold_metrics,,,,,,,fold,Validation metrics on fixed accepted split; validation_living=42; validation_min_enri=0.66569686989; train_slack_sum=0.00807968798851.,6.0,2.0,10.0,0.1,0.1,0.0,0.5,0.1273287202279228,0.2118326402476791,0.021872384335803238,0.1621919666267862,optimal
cv,ok,stage6_fold_metrics,,,,,,,fold,Validation metrics on fixed accepted split; validation_living=49; validation_min_enri=0.5419363767; train_slack_sum=0.0895151494695.,6.0,3.0,10.0,0.1,0.1,0.0,0.3,0.05683702479613188,0.13294423389966667,0.018753686998193433,0.2693091786937444,optimal
cv,ok,stage6_fold_metrics,,,,,,,fold,Validation metrics on fixed accepted split; validation_living=46; validation_min_enri=0.626330147293; train_slack_sum=0.110234788412.,7.0,1.0,10.0,0.1,0.1,0.0,0.3,0.06617641485847842,0.19653960876364554,0.017746911237707524,0.20585864124200892,optimal
cv,ok,stage6_fold_metrics,,,,,,,fold,Validation metrics on fixed accepted split; validation_living=44; validation_min_enri=0.815885089206; train_slack_sum=6.29810693401e-21.,7.0,2.0,10.0,0.1,0.1,0.0,0.4,0.11162201845333178,0.1256455473780403,0.026302287466992924,0.08166255771326135,optimal
cv,ok,stage6_fold_metrics,,,,,,,fold,Validation metrics on fixed accepted split; validation_living=46; validation_min_enri=0.58856544581; train_slack_sum=0.135539579426.,8.0,1.0,10.0,0.1,0.1,0.0,0.2,0.04905108246981091,0.12155245882160128,0.015826732221135235,0.21425655594015397,optimal
cv,ok,stage6_fold_metrics,,,,,,,fold,Validation metrics on fixed accepted split; validation_living=46; validation_min_enri=0.476071226317; train_slack_sum=0.10839319217.,8.0,2.0,10.0,0.1,0.1,0.0,0.0,0.016694879749116414,0.14290072395874714,0.03186493178382351,0.220434193985868,optimal
cv,ok,stage6_fold_metrics,,,,,,,fold,Validation metrics on fixed accepted split; validation_living=48; validation_min_enri=0.745721018158; train_slack_sum=6.26357806098e-22.,8.0,3.0,10.0,0.1,0.1,0.0,0.6,0.19145625465673505,0.15109607949934942,0.03469472761263723,0.1295387045936112,optimal
cv,ok,stage6_fold_metrics,,,,,,,fold,Validation metrics on fixed accepted split; validation_living=51; validation_min_enri=0.384954854216; train_slack_sum=0.0139959363085.,9.0,1.0,10.0,0.1,0.1,0.0,0.3,0.07663565566203068,0.14681925208438862,0.01682745509403979,0.16151031341785216,optimal
cv,ok,stage6_fold_metrics,,,,,,,fold,Validation metrics on fixed accepted split; validation_living=44; validation_min_enri=0.795506983301; train_slack_sum=9.71887909089e-23.,9.0,3.0,10.0,0.1,0.1,0.0,0.4,0.2007264737374616,0.19071883274175405,0.005452312291519923,0.0718964481406987,optimal
cv,ok,stage6_fold_metrics,,,,,,,fold,Validation metrics on fixed accepted split; validation_living=51; validation_min_enri=0.428666228193; train_slack_sum=7.60603940194e-23.,0.0,1.0,10.0,0.1,1.0,0.0,0.3,0.0846229939494921,0.08760925466115889,0.0238934883240757,0.17454400430722491,optimal
cv,ok,stage6_fold_metrics,,,,,,,fold,Validation metrics on fixed accepted split; validation_living=43; validation_min_enri=0.407237926058; train_slack_sum=5.70836616026e-21.,0.0,2.0,10.0,0.1,1.0,0.0,0.1,0.02989545413254078,0.07829543541274485,0.02186876869744138,0.30943227226315206,optimal
cv,ok,stage6_fold_metrics,,,,,,,fold,Validation metrics on fixed accepted split; validation_living=47; validation_min_enri=0.75193803762; train_slack_sum=7.00094794084e-30.,1.0,1.0,10.0,0.1,1.0,0.0,0.5,0.19634147358025825,0.27120969920573285,0.018012032007988253,0.20581763364126282,optimal
cv,ok,stage6_fold_metrics,,,,,,,fold,Validation metrics on fixed accepted split; validation_living=43; validation_min_enri=0.664493834516; train_slack_sum=1.11646631886e-21.,1.0,2.0,10.0,0.1,1.0,0.0,0.2,0.03832511695279671,0.11107012403329183,0.019938671193952203,0.19710717467705433,optimal
cv,ok,stage6_fold_metrics,,,,,,,fold,Validation metrics on fixed accepted split; validation_living=50; validation_min_enri=-151.781640752; train_slack_sum=8.00108336096e-30.,1.0,3.0,10.0,0.1,1.0,0.06,0.3,0.05708422884060911,19.070696503311304,357.49257277779265,0.2409730359184616,optimal
cv,ok,stage6_fold_metrics,,,,,,,fold,Validation metrics on fixed accepted split; validation_living=47; validation_min_enri=0.656364392518; train_slack_sum=2.72233235512e-22.,2.0,3.0,10.0,0.1,1.0,0.0,0.2,0.07332419003032617,0.07189848091000578,0.02621869843177095,0.2958476528244196,optimal
cv,ok,stage6_fold_metrics,,,,,,,fold,Validation metrics on fixed accepted split; validation_living=47; validation_min_enri=0.438215158631; train_slack_sum=6.77514739461e-23.,3.0,1.0,10.0,0.1,1.0,0.0,0.2,0.04451874454398523,0.13086262378277996,0.029275650345582705,0.3335050896232108,optimal
cv,ok,stage6_fold_metrics,,,,,,,fold,Validation metrics on fixed accepted split; validation_living=44; validation_min_enri=-0.393225616309; train_slack_sum=5.72681323048e-22.,3.0,2.0,10.0,0.1,1.0,0.022727272727272728,0.2,0.06299228360325046,0.33417082651128793,0.09928142118214066,0.17779035125593945,optimal
cv,ok,stage6_fold_metrics,,,,,,,fold,Validation metrics on fixed accepted split; validation_living=49; validation_min_enri=0.703622532552; train_slack_sum=1.41158744505e-22.,3.0,3.0,10.0,0.1,1.0,0.0,0.4,0.14452883663639599,0.13183649189858554,0.008428508547430146,0.12558991517566742,optimal
cv,ok,stage6_fold_metrics,,,,,,,fold,Validation metrics on fixed accepted split; validation_living=49; validation_min_enri=0.258706623006; train_slack_sum=4.50507281215e-22.,5.0,1.0,10.0,0.1,1.0,0.0,0.3,0.06397736579750846,0.20728376497979037,0.04267374095831291,0.3241772377572255,optimal
cv,ok,stage6_fold_metrics,,,,,,,fold,Validation metrics on fixed accepted split; validation_living=46; validation_min_enri=0.628561387748; train_slack_sum=8.24318924994e-22.,5.0,2.0,10.0,0.1,1.0,0.0,0.4,0.08619805568085193,0.06341642888856916,0.031059621266455322,0.15501252419948053,optimal
cv,ok,stage6_fold_metrics,,,,,,,fold,Validation metrics on fixed accepted split; validation_living=45; validation_min_enri=0.828923553512; train_slack_sum=8.00108336096e-30.,5.0,3.0,10.0,0.1,1.0,0.0,0.5,0.21168015964223227,0.26267910389406474,0.003557945066065297,0.07421245057532616,optimal
cv,ok,stage6_fold_metrics,,,,,,,fold,Validation metrics on fixed accepted split; validation_living=49; validation_min_enri=0.639645027978; train_slack_sum=9.82801668089e-22.,6.0,1.0,10.0,0.1,1.0,0.0,0.3,0.08079844832576775,0.08869115725114855,0.011829538060008015,0.13952171711491987,optimal
cv,ok,stage6_fold_metrics,,,,,,,fold,Validation metrics on fixed accepted split; validation_living=42; validation_min_enri=0.645804143648; train_slack_sum=8.93714153586e-22.,6.0,2.0,10.0,0.1,1.0,0.0,0.5,0.1283672197950833,0.21321265260053338,0.02373669086928669,0.16969796318260352,optimal
cv,ok,stage6_fold_metrics,,,,,,,fold,Validation metrics on fixed accepted split; validation_living=49; validation_min_enri=0.432863675584; train_slack_sum=8.47215115183e-23.,6.0,3.0,10.0,0.1,1.0,0.0,0.3,0.07545456146384923,0.12818488861875485,0.03416781771731068,0.32701409093220846,optimal
cv,ok,stage6_fold_metrics,,,,,,,fold,Validation metrics on fixed accepted split; validation_living=46; validation_min_enri=0.554194733398; train_slack_sum=1.41837259248e-21.,7.0,1.0,10.0,0.1,1.0,0.0,0.3,0.0635663459675128,0.20226613786853379,0.028603367069642976,0.2772630741964222,optimal
cv,ok,stage6_fold_metrics,,,,,,,fold,Validation metrics on fixed accepted split; validation_living=44; validation_min_enri=0.815885089206; train_slack_sum=2.54873101665e-22.,7.0,2.0,10.0,0.1,1.0,0.0,0.4,0.11162201845333178,0.12564554737804018,0.02630228746699288,0.08166255771326136,optimal
cv,ok,stage6_fold_metrics,,,,,,,fold,Validation metrics on fixed accepted split; validation_living=46; validation_min_enri=0.55462017183; train_slack_sum=8.00108336096e-30.,8.0,1.0,10.0,0.1,1.0,0.0,0.2,0.062174008677799666,0.15299102801418907,0.03794955875859383,0.3025225397408291,optimal
cv,ok,stage6_fold_metrics,,,,,,,fold,Validation metrics on fixed accepted split; validation_living=46; validation_min_enri=0.215009117872; train_slack_sum=4.14161153921e-22.,8.0,2.0,10.0,0.1,1.0,0.0,0.2,0.04282025401520807,0.19389740808508382,0.06366816541986049,0.32761219326745983,optimal
cv,ok,stage6_fold_metrics,,,,,,,fold,Validation metrics on fixed accepted split; validation_living=48; validation_min_enri=0.745721018158; train_slack_sum=5.26615116691e-23.,8.0,3.0,10.0,0.1,1.0,0.0,0.6,0.19145625465673513,0.15109607949934953,0.03469472761263726,0.12953870459361122,optimal
cv,ok,stage6_fold_metrics,,,,,,,fold,Validation metrics on fixed accepted split; validation_living=51; validation_min_enri=0.333548834; train_slack_sum=4.56568537198e-22.,9.0,1.0,10.0,0.1,1.0,0.0,0.3,0.0785903847322308,0.15203886000882683,0.020005950064587077,0.17314629629004366,optimal
cv,ok,stage6_fold_metrics,,,,,,,fold,Validation metrics on fixed accepted split; validation_living=44; validation_min_enri=0.795506983301; train_slack_sum=9.00121878108e-30.,9.0,3.0,10.0,0.1,1.0,0.0,0.4,0.2007264737374616,0.19071883274175408,0.005452312291519917,0.0718964481406987,optimal
cv,ok,stage6_fold_metrics,,,,,,,fold,Validation metrics on fixed accepted split; validation_living=51; validation_min_enri=0.428666228193; train_slack_sum=1.18858564834e-21.,0.0,1.0,10.0,0.1,10.0,0.0,0.3,0.08462299394949185,0.08760925466115893,0.023893488324075795,0.1745440043072239,optimal
cv,ok,stage6_fold_metrics,,,,,,,fold,Validation metrics on fixed accepted split; validation_living=43; validation_min_enri=0.407237926058; train_slack_sum=5.23236139198e-19.,0.0,2.0,10.0,0.1,10.0,0.0,0.1,0.029895454132541764,0.07829543541274661,0.02186876869744207,0.30943227226314374,optimal
cv,ok,stage6_fold_metrics,,,,,,,fold,Validation metrics on fixed accepted split; validation_living=47; validation_min_enri=0.75193803762; train_slack_sum=7.00094794084e-30.,1.0,1.0,10.0,0.1,10.0,0.0,0.5,0.19634147358025772,0.27120969920573396,0.018012032007988066,0.20581763364124947,optimal
cv,ok,stage6_fold_metrics,,,,,,,fold,Validation metrics on fixed accepted split; validation_living=43; validation_min_enri=0.664493834516; train_slack_sum=4.09633006141e-20.,1.0,2.0,10.0,0.1,10.0,0.0,0.2,0.03832511695279678,0.11107012403329197,0.01993867119395231,0.19710717467705344,optimal
cv,ok,stage6_fold_metrics,,,,,,,fold,Validation metrics on fixed accepted split; validation_living=50; validation_min_enri=-151.781640752; train_slack_sum=8.00108336096e-30.,1.0,3.0,10.0,0.1,10.0,0.06,0.3,0.05708422884060923,19.070696503310817,357.49257277777446,0.24097303591846156,optimal
cv,ok,stage6_fold_metrics,,,,,,,fold,Validation metrics on fixed accepted split; validation_living=47; validation_min_enri=0.656364392518; train_slack_sum=2.36862370562e-20.,2.0,3.0,10.0,0.1,10.0,0.0,0.2,0.07332419003032589,0.07189848091000559,0.02621869843177101,0.2958476528244187,optimal
cv,ok,stage6_fold_metrics,,,,,,,fold,Validation metrics on fixed accepted split; validation_living=47; validation_min_enri=0.438215158631; train_slack_sum=7.00094794084e-30.,3.0,1.0,10.0,0.1,10.0,0.0,0.2,0.044518744543985286,0.13086262378278027,0.029275650345582712,0.33350508962321007,optimal
cv,ok,stage6_fold_metrics,,,,,,,fold,Validation metrics on fixed accepted split; validation_living=44; validation_min_enri=-0.393225616309; train_slack_sum=4.21318731085e-20.,3.0,2.0,10.0,0.1,10.0,0.022727272727272728,0.2,0.06299228360325018,0.33417082651128827,0.09928142118214107,0.17779035125593892,optimal
cv,ok,stage6_fold_metrics,,,,,,,fold,Validation metrics on fixed accepted split; validation_living=49; validation_min_enri=0.703622532552; train_slack_sum=7.00094794084e-30.,3.0,3.0,10.0,0.1,10.0,0.0,0.4,0.14452883663639585,0.13183649189858437,0.008428508547430002,0.12558991517566623,optimal
cv,ok,stage6_fold_metrics,,,,,,,fold,Validation metrics on fixed accepted split; validation_living=49; validation_min_enri=0.258706623006; train_slack_sum=5.0131841802e-20.,5.0,1.0,10.0,0.1,10.0,0.0,0.3,0.06397736579750843,0.20728376497979076,0.04267374095831289,0.324177237757225,optimal
cv,ok,stage6_fold_metrics,,,,,,,fold,Validation metrics on fixed accepted split; validation_living=46; validation_min_enri=0.628561387748; train_slack_sum=2.41738002462e-20.,5.0,2.0,10.0,0.1,10.0,0.0,0.4,0.08619805568085195,0.06341642888856919,0.031059621266455336,0.15501252419948028,optimal
cv,ok,stage6_fold_metrics,,,,,,,fold,Validation metrics on fixed accepted split; validation_living=45; validation_min_enri=0.828923553512; train_slack_sum=8.00108336096e-30.,5.0,3.0,10.0,0.1,10.0,0.0,0.5,0.21168015964223205,0.2626791038940649,0.0035579450660652915,0.07421245057532529,optimal
cv,ok,stage6_fold_metrics,,,,,,,fold,Validation metrics on fixed accepted split; validation_living=49; validation_min_enri=0.639645027978; train_slack_sum=7.70037098354e-19.,6.0,1.0,10.0,0.1,10.0,0.0,0.3,0.08079844832576777,0.08869115725114866,0.011829538060008055,0.1395217171149195,optimal
cv,ok,stage6_fold_metrics,,,,,,,fold,Validation metrics on fixed accepted split; validation_living=42; validation_min_enri=0.645804143648; train_slack_sum=7.68061402664e-20.,6.0,2.0,10.0,0.1,10.0,0.0,0.5,0.12836721979508278,0.21321265260053307,0.023736690869286894,0.16969796318260105,optimal
cv,ok,stage6_fold_metrics,,,,,,,fold,Validation metrics on fixed accepted split; validation_living=49; validation_min_enri=0.432863675584; train_slack_sum=4.25741483066e-21.,6.0,3.0,10.0,0.1,10.0,0.0,0.3,0.07545456146384924,0.12818488861875482,0.03416781771731067,0.32701409093220835,optimal
cv,ok,stage6_fold_metrics,,,,,,,fold,Validation metrics on fixed accepted split; validation_living=46; validation_min_enri=0.554194733398; train_slack_sum=1.18702086051e-19.,7.0,1.0,10.0,0.1,10.0,0.0,0.3,0.06356634596751257,0.20226613786853348,0.028603367069642806,0.2772630741964185,optimal
cv,ok,stage6_fold_metrics,,,,,,,fold,Validation metrics on fixed accepted split; validation_living=44; validation_min_enri=0.815885089206; train_slack_sum=6.24971237388e-21.,7.0,2.0,10.0,0.1,10.0,0.0,0.4,0.11162201845333179,0.12564554737804026,0.026302287466992924,0.08166255771326125,optimal
cv,ok,stage6_fold_metrics,,,,,,,fold,Validation metrics on fixed accepted split; validation_living=46; validation_min_enri=0.55462017183; train_slack_sum=8.00108336096e-30.,8.0,1.0,10.0,0.1,10.0,0.0,0.2,0.06217400867779974,0.1529910280141892,0.037949558758593835,0.3025225397408283,optimal
cv,ok,stage6_fold_metrics,,,,,,,fold,Validation metrics on fixed accepted split; validation_living=46; validation_min_enri=0.215009117872; train_slack_sum=3.7256374656e-20.,8.0,2.0,10.0,0.1,10.0,0.0,0.2,0.04282025401520753,0.1938974080850836,0.06366816541986102,0.32761219326745866,optimal
cv,ok,stage6_fold_metrics,,,,,,,fold,Validation metrics on fixed accepted split; validation_living=48; validation_min_enri=0.745721018158; train_slack_sum=5.17501837056e-21.,8.0,3.0,10.0,0.1,10.0,0.0,0.6,0.19145625465673508,0.15109607949934953,0.034694727612637206,0.12953870459361114,optimal
cv,ok,stage6_fold_metrics,,,,,,,fold,Validation metrics on fixed accepted split; validation_living=51; validation_min_enri=0.333548834; train_slack_sum=1.88341095328e-20.,9.0,1.0,10.0,0.1,10.0,0.0,0.3,0.07859038473223076,0.152038860008827,0.0200059500645871,0.17314629629004355,optimal
cv,ok,stage6_fold_metrics,,,,,,,fold,Validation metrics on fixed accepted split; validation_living=44; validation_min_enri=0.795506983301; train_slack_sum=9.00121878108e-30.,9.0,3.0,10.0,0.1,10.0,0.0,0.4,0.20072647373746114,0.1907188327417541,0.005452312291519964,0.07189644814069793,optimal
cv,ok,stage6_fold_metrics,,,,,,,fold,Validation metrics on fixed accepted split; validation_living=51; validation_min_enri=0.534200769281; train_slack_sum=0.0340048892263.,0.0,1.0,10.0,1.0,0.1,0.0,0.3,0.10936775717588723,0.12071902660981237,0.036006577875566464,0.14250321648228573,optimal
cv,ok,stage6_fold_metrics,,,,,,,fold,Validation metrics on fixed accepted split; validation_living=43; validation_min_enri=0.721201176142; train_slack_sum=0.219974871913.,0.0,2.0,10.0,1.0,0.1,0.0,0.1,0.02432266634535519,0.11978620224026681,0.010029105963613026,0.15884198781214967,optimal
cv,ok,stage6_fold_metrics,,,,,,,fold,Validation metrics on fixed accepted split; validation_living=47; validation_min_enri=0.901999107386; train_slack_sum=0.0927030568177.,1.0,1.0,10.0,1.0,0.1,0.0,0.6,0.21380993231145182,0.2563628518874443,0.007669583723937259,0.07831296419537748,optimal
cv,ok,stage6_fold_metrics,,,,,,,fold,Validation metrics on fixed accepted split; validation_living=43; validation_min_enri=0.758094496601; train_slack_sum=0.128265107871.,1.0,2.0,10.0,1.0,0.1,0.0,0.2,0.04522984556677517,0.11490633787361293,0.008146527720317485,0.1143383547207402,optimal
cv,ok,stage6_fold_metrics,,,,,,,fold,Validation metrics on fixed accepted split; validation_living=50; validation_min_enri=-312.353094442; train_slack_sum=0.037320449719.,1.0,3.0,10.0,1.0,0.1,0.06,0.2,0.04233574937109605,39.15340854273621,1506.2976582603615,0.18575069153526882,optimal
cv,ok,stage6_fold_metrics,,,,,,,fold,Validation metrics on fixed accepted split; validation_living=47; validation_min_enri=0.83190762695; train_slack_sum=0.291627289473.,2.0,3.0,10.0,1.0,0.1,0.0,0.0,0.01939781907615115,0.05766070548391675,0.004940952266115596,0.1160019741228485,optimal
cv,ok,stage6_fold_metrics,,,,,,,fold,Validation metrics on fixed accepted split; validation_living=47; validation_min_enri=0.650428338895; train_slack_sum=0.321910617285.,3.0,1.0,10.0,1.0,0.1,0.0,0.1,0.02522610863786755,0.05112846668877725,0.009260493392422195,0.14328111244102484,optimal
cv,ok,stage6_fold_metrics,,,,,,,fold,Validation metrics on fixed accepted split; validation_living=44; validation_min_enri=0.121111079628; train_slack_sum=0.0784469680976.,3.0,2.0,10.0,1.0,0.1,0.0,0.4,0.0836471276758641,0.22235246187242305,0.0405297974756889,0.08761899242571759,optimal
cv,ok,stage6_fold_metrics,,,,,,,fold,Validation metrics on fixed accepted split; validation_living=49; validation_min_enri=0.781238398742; train_slack_sum=0.0235490155133.,3.0,3.0,10.0,1.0,0.1,0.0,0.4,0.15755014822406938,0.11850437448287227,0.007521612917598587,0.08112868616329022,optimal
cv,ok,stage6_fold_metrics,,,,,,,fold,Validation metrics on fixed accepted split; validation_living=49; validation_min_enri=0.69458005115; train_slack_sum=0.362823688497.,5.0,1.0,10.0,1.0,0.1,0.0,0.2,0.03999029037667787,0.11835248973738725,0.011984776490816093,0.1474898884882668,optimal
cv,ok,stage6_fold_metrics,,,,,,,fold,Validation metrics on fixed accepted split; validation_living=46; validation_min_enri=0.820384706032; train_slack_sum=0.0408501641908.,5.0,2.0,10.0,1.0,0.1,0.0,0.6,0.08812113383741313,0.061241857916650495,0.02979644265902086,0.09067906710883468,optimal
cv,ok,stage6_fold_metrics,,,,,,,fold,Validation metrics on fixed accepted split; validation_living=45; validation_min_enri=0.84148149993; train_slack_sum=9.38989877174e-22.,5.0,3.0,10.0,1.0,0.1,0.0,0.5,0.2091335862585789,0.2666834298834705,0.0035285939914752647,0.04947072535277234,optimal
cv,ok,stage6_fold_metrics,,,,,,,fold,Validation metrics on fixed accepted split; validation_living=49; validation_min_enri=0.687840739646; train_slack_sum=4.37478132588e-18.,6.0,1.0,10.0,1.0,0.1,0.0,0.3,0.08808333995514658,0.0745691391351774,0.01074956811559598,0.11537303727838742,optimal
cv,ok,stage6_fold_metrics,,,,,,,fold,Validation metrics on fixed accepted split; validation_living=42; validation_min_enri=0.831702832142; train_slack_sum=0.123005460963.,6.0,2.0,10.0,1.0,0.1,0.0,0.5,0.12100385615822211,0.19645882330381112,0.008804299201745405,0.07151704771172564,optimal
cv,ok,stage6_fold_metrics,,,,,,,fold,Validation metrics on fixed accepted split; validation_living=49; validation_min_enri=0.811606590839; train_slack_sum=0.324624525787.,6.0,3.0,10.0,1.0,0.1,0.0,0.3,0.06066707540689337,0.1591792190853896,0.012527713555757575,0.14744126750485673,optimal
cv,ok,stage6_fold_metrics,,,,,,,fold,Validation metrics on fixed accepted split; validation_living=46; validation_min_enri=0.796441764891; train_slack_sum=0.249509903441.,7.0,1.0,10.0,1.0,0.1,0.0,0.4,0.08840450002637933,0.20888500740821955,0.009893369359361989,0.0986615339107157,optimal
cv,ok,stage6_fold_metrics,,,,,,,fold,Validation metrics on fixed accepted split; validation_living=44; validation_min_enri=0.77425363238; train_slack_sum=3.03609463206e-20.,7.0,2.0,10.0,1.0,0.1,0.0,0.4,0.10974297379009545,0.145036919177459,0.03633467142451876,0.061927713608683925,optimal
cv,ok,stage6_fold_metrics,,,,,,,fold,Validation metrics on fixed accepted split; validation_living=46; validation_min_enri=0.865864253017; train_slack_sum=0.319341006285.,8.0,1.0,10.0,1.0,0.1,0.0,0.2,0.06864129068188882,0.10394438229380984,0.004141026765734917,0.07223682475252785,optimal
cv,ok,stage6_fold_metrics,,,,,,,fold,Validation metrics on fixed accepted split; validation_living=46; validation_min_enri=0.640709726277; train_slack_sum=0.29372537379.,8.0,2.0,10.0,1.0,0.1,0.0,0.0,0.012193209347047953,0.11110166896550396,0.018112178002043382,0.12022591941215918,optimal
cv,ok,stage6_fold_metrics,,,,,,,fold,Validation metrics on fixed accepted split; validation_living=48; validation_min_enri=0.795324821615; train_slack_sum=0.0534664819714.,8.0,3.0,10.0,1.0,0.1,0.0,0.5,0.20510169212135354,0.1753621719896978,0.05256736485728031,0.07212523324169079,optimal
cv,ok,stage6_fold_metrics,,,,,,,fold,Validation metrics on fixed accepted split; validation_living=51; validation_min_enri=0.521755502199; train_slack_sum=0.114138067276.,9.0,1.0,10.0,1.0,0.1,0.0,0.3,0.09159023962040061,0.1417649961403604,0.007399416481216552,0.07765558580442412,optimal
cv,ok,stage6_fold_metrics,,,,,,,fold,Validation metrics on fixed accepted split; validation_living=44; validation_min_enri=0.770992830072; train_slack_sum=8.00108336096e-30.,9.0,3.0,10.0,1.0,0.1,0.0,0.4,0.1984110217980009,0.19335182371528334,0.0037749425018242327,0.04536760293454456,optimal
cv,ok,stage6_fold_metrics,,,,,,,fold,Validation metrics on fixed accepted split; validation_living=51; validation_min_enri=0.470564206896; train_slack_sum=2.65737486232e-10.,0.0,1.0,10.0,1.0,1.0,0.0,0.3,0.10427901794503895,0.12050224992144357,0.035630180427838554,0.15152756439752635,optimal
cv,ok,stage6_fold_metrics,,,,,,,fold,Validation metrics on fixed accepted split; validation_living=43; validation_min_enri=0.481089352466; train_slack_sum=3.09260333342e-22.,0.0,2.0,10.0,1.0,1.0,0.0,0.1,0.030741673085641734,0.09285597488087956,0.017153497415557873,0.24629437041945518,optimal
cv,ok,stage6_fold_metrics,,,,,,,fold,Validation metrics on fixed accepted split; validation_living=47; validation_min_enri=0.804935692032; train_slack_sum=1.7897647362e-22.,1.0,1.0,10.0,1.0,1.0,0.0,0.6,0.215033261583463,0.28198498785797965,0.015258027224647808,0.14844071724372182,optimal
cv,ok,stage6_fold_metrics,,,,,,,fold,Validation metrics on fixed accepted split; validation_living=43; validation_min_enri=0.711369809917; train_slack_sum=6.70836466389e-10.,1.0,2.0,10.0,1.0,1.0,0.0,0.2,0.04053548315240245,0.10840050864542804,0.022818713477117194,0.16078592055074925,optimal
cv,ok,stage6_fold_metrics,,,,,,,fold,Validation metrics on fixed accepted split; validation_living=50; validation_min_enri=-377.482057717; train_slack_sum=4.31261673561e-10.,1.0,3.0,10.0,1.0,1.0,0.06,0.2,0.05370757896714483,47.3092321807375,2197.822874576725,0.1906372573845882,optimal
cv,ok,stage6_fold_metrics,,,,,,,fold,Validation metrics on fixed accepted split; validation_living=47; validation_min_enri=0.6555960322; train_slack_sum=7.47972168709e-23.,2.0,3.0,10.0,1.0,1.0,0.0,0.2,0.05298217812521917,0.049806773497032324,0.02392241489432784,0.238316948982697,optimal
cv,ok,stage6_fold_metrics,,,,,,,fold,Validation metrics on fixed accepted split; validation_living=47; validation_min_enri=0.467274192116; train_slack_sum=1.39939381462e-21.,3.0,1.0,10.0,1.0,1.0,0.0,0.3,0.06213965304412612,0.11103202774816921,0.026599238039179674,0.2316276782602743,optimal
cv,ok,stage6_fold_metrics,,,,,,,fold,Validation metrics on fixed accepted split; validation_living=44; validation_min_enri=-0.912591248286; train_slack_sum=3.28139533197e-09.,3.0,2.0,10.0,1.0,1.0,0.022727272727272728,0.4,0.07910969734559654,0.3768089263156528,0.16024004194701155,0.1305418229073244,optimal
cv,ok,stage6_fold_metrics,,,,,,,fold,Validation metrics on fixed accepted split; validation_living=49; validation_min_enri=0.772771542654; train_slack_sum=1.49052681983e-22.,3.0,3.0,10.0,1.0,1.0,0.0,0.4,0.15502809178405247,0.12216356407346741,0.009616443522686337,0.09245893782354012,optimal
cv,ok,stage6_fold_metrics,,,,,,,fold,Validation metrics on fixed accepted split; validation_living=49; validation_min_enri=0.400183422369; train_slack_sum=3.28873398996e-22.,5.0,1.0,10.0,1.0,1.0,0.0,0.4,0.09274298020499268,0.2546679576876566,0.05375253836183935,0.26747071220648194,optimal
cv,ok,stage6_fold_metrics,,,,,,,fold,Validation metrics on fixed accepted split; validation_living=46; validation_min_enri=0.664059400604; train_slack_sum=1.12390515183e-22.,5.0,2.0,10.0,1.0,1.0,0.0,0.6,0.102508513358914,0.06119232736290542,0.03494969690741826,0.12408331602294144,optimal
cv,ok,stage6_fold_metrics,,,,,,,fold,Validation metrics on fixed accepted split; validation_living=45; validation_min_enri=0.84148149993; train_slack_sum=4.43017063263e-23.,5.0,3.0,10.0,1.0,1.0,0.0,0.5,0.20913358625857886,0.26668342988347055,0.003528593991475266,0.04947072535277234,optimal
cv,ok,stage6_fold_metrics,,,,,,,fold,Validation metrics on fixed accepted split; validation_living=49; validation_min_enri=0.687840739646; train_slack_sum=7.7855673123e-18.,6.0,1.0,10.0,1.0,1.0,0.0,0.3,0.08808333995514661,0.07456913913517733,0.01074956811559598,0.11537303727838744,optimal
cv,ok,stage6_fold_metrics,,,,,,,fold,Validation metrics on fixed accepted split; validation_living=42; validation_min_enri=0.595170636312; train_slack_sum=7.00094794084e-30.,6.0,2.0,10.0,1.0,1.0,0.0,0.4,0.13775347255723727,0.23298094351199428,0.025104436522975424,0.1382681019601382,optimal
cv,ok,stage6_fold_metrics,,,,,,,fold,Validation metrics on fixed accepted split; validation_living=49; validation_min_enri=0.497390733216; train_slack_sum=2.15692363113e-22.,6.0,3.0,10.0,1.0,1.0,0.0,0.4,0.07454395404630232,0.13360434742203361,0.0342948869275861,0.25066357890763874,optimal
cv,ok,stage6_fold_metrics,,,,,,,fold,Validation metrics on fixed accepted split; validation_living=46; validation_min_enri=0.619028207267; train_slack_sum=9.86318029614e-10.,7.0,1.0,10.0,1.0,1.0,0.0,0.3,0.06545088901335198,0.22843531089375438,0.029340273531585775,0.2024585592273471,optimal
cv,ok,stage6_fold_metrics,,,,,,,fold,Validation metrics on fixed accepted split; validation_living=44; validation_min_enri=0.77425363238; train_slack_sum=4.1990969055e-23.,7.0,2.0,10.0,1.0,1.0,0.0,0.4,0.10974297379009541,0.1450369191774589,0.03633467142451874,0.061927713608683925,optimal
cv,ok,stage6_fold_metrics,,,,,,,fold,Validation metrics on fixed accepted split; validation_living=46; validation_min_enri=0.697499015484; train_slack_sum=1.22146355133e-22.,8.0,1.0,10.0,1.0,1.0,0.0,0.3,0.09167833588512003,0.1792870961847392,0.038928199094316863,0.2324126133119316,optimal
cv,ok,stage6_fold_metrics,,,,,,,fold,Validation metrics on fixed accepted split; validation_living=46; validation_min_enri=0.343545676185; train_slack_sum=1.81105400259e-22.,8.0,2.0,10.0,1.0,1.0,0.0,0.3,0.06966283042881549,0.23933106141580165,0.06290115346578805,0.24878419738341526,optimal
cv,ok,stage6_fold_metrics,,,,,,,fold,Validation metrics on fixed accepted split; validation_living=48; validation_min_enri=0.734673243403; train_slack_sum=3.80538376989e-23.,8.0,3.0,10.0,1.0,1.0,0.0,0.5,0.19856748895261295,0.1844772314231482,0.05171758680849914,0.09684412165393916,optimal
cv,ok,stage6_fold_metrics,,,,,,,fold,Validation metrics on fixed accepted split; validation_living=51; validation_min_enri=0.153913730532; train_slack_sum=4.24424520567e-10.,9.0,1.0,10.0,1.0,1.0,0.0,0.3,0.09175796609893373,0.18510606976504698,0.020023538555147376,0.13279532745742895,optimal
cv,ok,stage6_fold_metrics,,,,,,,fold,Validation metrics on fixed accepted split; validation_living=44; validation_min_enri=0.770992830072; train_slack_sum=8.00108336096e-30.,9.0,3.0,10.0,1.0,1.0,0.0,0.4,0.1984110217980009,0.19335182371528337,0.0037749425018242314,0.04536760293454455,optimal
cv,ok,stage6_fold_metrics,,,,,,,fold,Validation metrics on fixed accepted split; validation_living=51; validation_min_enri=0.470564201752; train_slack_sum=1.65221302549e-22.,0.0,1.0,10.0,1.0,10.0,0.0,0.3,0.10427901682943111,0.12050224961609761,0.03563018025719509,0.15152756472806017,optimal
cv,ok,stage6_fold_metrics,,,,,,,fold,Validation metrics on fixed accepted split; validation_living=43; validation_min_enri=0.481089352466; train_slack_sum=2.2115323905e-22.,0.0,2.0,10.0,1.0,10.0,0.0,0.1,0.030741673085641703,0.09285597488087956,0.017153497415557866,0.24629437041945515,optimal
cv,ok,stage6_fold_metrics,,,,,,,fold,Validation metrics on fixed accepted split; validation_living=47; validation_min_enri=0.804935688605; train_slack_sum=1.07743112674e-11.,1.0,1.0,10.0,1.0,10.0,0.0,0.6,0.21503326095432626,0.28198498709885755,0.015258027251291372,0.14844071791077185,optimal
cv,ok,stage6_fold_metrics,,,,,,,fold,Validation metrics on fixed accepted split; validation_living=43; validation_min_enri=0.711369815343; train_slack_sum=6.2822146904e-10.,1.0,2.0,10.0,1.0,10.0,0.0,0.2,0.04053548345930884,0.10840051015940043,0.022818712974859063,0.16078591893426983,optimal
cv,ok,stage6_fold_metrics,,,,,,,fold,Validation metrics on fixed accepted split; validation_living=50; validation_min_enri=-377.482050536; train_slack_sum=6.35215275143e-10.,1.0,3.0,10.0,1.0,10.0,0.06,0.2,0.05370758214918481,47.30923128243058,2197.8227906274838,0.1906372602076181,optimal
cv,ok,stage6_fold_metrics,,,,,,,fold,Validation metrics on fixed accepted split; validation_living=47; validation_min_enri=0.6555960322; train_slack_sum=3.28863477973e-22.,2.0,3.0,10.0,1.0,10.0,0.0,0.2,0.052982178125219194,0.04980677349703234,0.02392241489432784,0.23831694898269706,optimal
cv,ok,stage6_fold_metrics,,,,,,,fold,Validation metrics on fixed accepted split; validation_living=47; validation_min_enri=0.467274204766; train_slack_sum=1.1055984684e-09.,3.0,1.0,10.0,1.0,10.0,0.0,0.3,0.06213964633597544,0.11103203973715356,0.02659923945298996,0.23162768209447188,optimal
cv,ok,stage6_fold_metrics,,,,,,,fold,Validation metrics on fixed accepted split; validation_living=44; validation_min_enri=-0.912590944762; train_slack_sum=4.30170309082e-10.,3.0,2.0,10.0,1.0,10.0,0.022727272727272728,0.4,0.07910969773276014,0.3768088847135943,0.1602399986226954,0.13054179792618448,optimal
cv,ok,stage6_fold_metrics,,,,,,,fold,Validation metrics on fixed accepted split; validation_living=49; validation_min_enri=0.772771542654; train_slack_sum=1.22983008607e-21.,3.0,3.0,10.0,1.0,10.0,0.0,0.4,0.15502809178405247,0.12216356407346741,0.00961644352268633,0.09245893782354013,optimal
cv,ok,stage6_fold_metrics,,,,,,,fold,Validation metrics on fixed accepted split; validation_living=49; validation_min_enri=0.400183422369; train_slack_sum=6.43206052619e-22.,5.0,1.0,10.0,1.0,10.0,0.0,0.4,0.09274298020499275,0.2546679576876565,0.05375253836183937,0.26747071220648194,optimal
cv,ok,stage6_fold_metrics,,,,,,,fold,Validation metrics on fixed accepted split; validation_living=46; validation_min_enri=0.664059400604; train_slack_sum=3.46077915919e-22.,5.0,2.0,10.0,1.0,10.0,0.0,0.6,0.10250851335891402,0.06119232736290538,0.03494969690741822,0.12408331602294143,optimal
cv,ok,stage6_fold_metrics,,,,,,,fold,Validation metrics on fixed accepted split; validation_living=45; validation_min_enri=0.84148149993; train_slack_sum=9.46213843795e-23.,5.0,3.0,10.0,1.0,10.0,0.0,0.5,0.20913358625857886,0.2666834298834705,0.0035285939914752643,0.04947072535277234,optimal
cv,ok,stage6_fold_metrics,,,,,,,fold,Validation metrics on fixed accepted split; validation_living=49; validation_min_enri=0.687840739646; train_slack_sum=3.52704105766e-18.,6.0,1.0,10.0,1.0,10.0,0.0,0.3,0.0880833399551466,0.07456913913517735,0.010749568115595978,0.11537303727838745,optimal
cv,ok,stage6_fold_metrics,,,,,,,fold,Validation metrics on fixed accepted split; validation_living=42; validation_min_enri=0.595170636312; train_slack_sum=5.08248269492e-22.,6.0,2.0,10.0,1.0,10.0,0.0,0.4,0.13775347255723727,0.23298094351199428,0.02510443652297545,0.13826810196013828,optimal
cv,ok,stage6_fold_metrics,,,,,,,fold,Validation metrics on fixed accepted split; validation_living=49; validation_min_enri=0.497390733216; train_slack_sum=1.65460761316e-22.,6.0,3.0,10.0,1.0,10.0,0.0,0.4,0.07454395404630235,0.13360434742203364,0.03429488692758611,0.25066357890763874,optimal
cv,ok,stage6_fold_metrics,,,,,,,fold,Validation metrics on fixed accepted split; validation_living=46; validation_min_enri=0.619028224495; train_slack_sum=5.2765506308e-10.,7.0,1.0,10.0,1.0,10.0,0.0,0.3,0.06545089719103767,0.22843531220450786,0.029340272383363106,0.20245854884187892,optimal
cv,ok,stage6_fold_metrics,,,,,,,fold,Validation metrics on fixed accepted split; validation_living=44; validation_min_enri=0.77425363238; train_slack_sum=3.63465742142e-23.,7.0,2.0,10.0,1.0,10.0,0.0,0.4,0.10974297379009541,0.14503691917745895,0.03633467142451876,0.06192771360868392,optimal
cv,ok,stage6_fold_metrics,,,,,,,fold,Validation metrics on fixed accepted split; validation_living=46; validation_min_enri=0.697499015484; train_slack_sum=8.00108336096e-30.,8.0,1.0,10.0,1.0,10.0,0.0,0.3,0.09167833588512005,0.1792870961847392,0.03892819909431689,0.23241261331193167,optimal
cv,ok,stage6_fold_metrics,,,,,,,fold,Validation metrics on fixed accepted split; validation_living=46; validation_min_enri=0.343545676185; train_slack_sum=1.46522065413e-22.,8.0,2.0,10.0,1.0,10.0,0.0,0.3,0.06966283042881552,0.23933106141580168,0.0629011534657881,0.2487841973834153,optimal
cv,ok,stage6_fold_metrics,,,,,,,fold,Validation metrics on fixed accepted split; validation_living=48; validation_min_enri=0.734673243403; train_slack_sum=1.19944499037e-23.,8.0,3.0,10.0,1.0,10.0,0.0,0.5,0.19856748895261295,0.1844772314231483,0.0517175868084992,0.09684412165393916,optimal
cv,ok,stage6_fold_metrics,,,,,,,fold,Validation metrics on fixed accepted split; validation_living=51; validation_min_enri=0.153913798913; train_slack_sum=7.05158182429e-10.,9.0,1.0,10.0,1.0,10.0,0.0,0.3,0.09175796738873623,0.18510607565375758,0.020023535394330067,0.13279532871194386,optimal
cv,ok,stage6_fold_metrics,,,,,,,fold,Validation metrics on fixed accepted split; validation_living=44; validation_min_enri=0.770992830072; train_slack_sum=8.00108336096e-30.,9.0,3.0,10.0,1.0,10.0,0.0,0.4,0.1984110217980009,0.19335182371528334,0.003774942501824232,0.045367602934544574,optimal
cv,ok,stage6_fold_metrics,,,,,,,fold,Validation metrics on fixed accepted split; validation_living=51; validation_min_enri=0.895078341556; train_slack_sum=0.526978264699.,0.0,1.0,10.0,10.0,0.1,0.0,0.6,0.13877337290271624,0.13360590485529822,0.029781077901047864,0.034503501585009255,optimal
cv,ok,stage6_fold_metrics,,,,,,,fold,Validation metrics on fixed accepted split; validation_living=43; validation_min_enri=0.689586695864; train_slack_sum=0.564234586143.,0.0,2.0,10.0,10.0,0.1,0.0,0.2,0.02848151822917645,0.16371805390517968,0.016031794196489636,0.07012899230371462,optimal
cv,ok,stage6_fold_metrics,,,,,,,fold,Validation metrics on fixed accepted split; validation_living=47; validation_min_enri=0.87556858518; train_slack_sum=0.162364148935.,1.0,1.0,10.0,10.0,0.1,0.0,0.6,0.20163573355707004,0.26692352573918016,0.007050803872627926,0.041220768058963415,optimal
cv,ok,stage6_fold_metrics,,,,,,,fold,Validation metrics on fixed accepted split; validation_living=43; validation_min_enri=0.868570731095; train_slack_sum=0.495113847739.,1.0,2.0,10.0,10.0,0.1,0.0,0.3,0.05086528489783222,0.12917374766268352,0.003502807128811248,0.03780550872087101,optimal
cv,ok,stage6_fold_metrics,,,,,,,fold,Validation metrics on fixed accepted split; validation_living=50; validation_min_enri=-196.708906261; train_slack_sum=0.583758196367.,1.0,3.0,10.0,10.0,0.1,0.06,0.3,0.04241710963924526,24.570655164489963,601.0178589961653,0.09576951565010318,optimal
cv,ok,stage6_fold_metrics,,,,,,,fold,Validation metrics on fixed accepted split; validation_living=47; validation_min_enri=0.821034498662; train_slack_sum=0.56530148272.,2.0,3.0,10.0,10.0,0.1,0.0,0.1,0.02248756076980752,0.07947733677122464,0.0034608533767709108,0.04441513862107145,optimal
cv,ok,stage6_fold_metrics,,,,,,,fold,Validation metrics on fixed accepted split; validation_living=47; validation_min_enri=0.859370809942; train_slack_sum=0.876046776153.,3.0,1.0,10.0,10.0,0.1,0.0,0.1,0.019936364622129197,0.018925573269942875,0.002846020760321913,0.0415204403937893,optimal
cv,ok,stage6_fold_metrics,,,,,,,fold,Validation metrics on fixed accepted split; validation_living=44; validation_min_enri=-0.154260432391; train_slack_sum=0.238299733521.,3.0,2.0,10.0,10.0,0.1,0.022727272727272728,0.5,0.09579383869827834,0.24207920838003064,0.057102813166816584,0.0338336962712797,optimal
cv,ok,stage6_fold_metrics,,,,,,,fold,Validation metrics on fixed accepted split; validation_living=49; validation_min_enri=0.949197615145; train_slack_sum=0.185998736741.,3.0,3.0,10.0,10.0,0.1,0.0,0.5,0.16036237837269976,0.09566603132044453,0.0020009646969718882,0.0171499075427262,optimal
cv,ok,stage6_fold_metrics,,,,,,,fold,Validation metrics on fixed accepted split; validation_living=49; validation_min_enri=0.854160787011; train_slack_sum=0.921177511715.,5.0,1.0,10.0,10.0,0.1,0.0,0.2,0.03193750726316381,0.10216310326826573,0.004337295021186923,0.04047706203051365,optimal
cv,ok,stage6_fold_metrics,,,,,,,fold,Validation metrics on fixed accepted split; validation_living=46; validation_min_enri=0.875499382281; train_slack_sum=0.215357374885.,5.0,2.0,10.0,10.0,0.1,0.0,0.5,0.07664509872275814,0.061065263923430146,0.015767936939052932,0.04155665211437795,optimal
cv,ok,stage6_fold_metrics,,,,,,,fold,Validation metrics on fixed accepted split; validation_living=45; validation_min_enri=0.797715791062; train_slack_sum=0.0847651955291.,5.0,3.0,10.0,10.0,0.1,0.0,0.5,0.20503559481350125,0.24211429536300239,0.001895912891060939,0.015647977172128798,optimal
cv,ok,stage6_fold_metrics,,,,,,,fold,Validation metrics on fixed accepted split; validation_living=49; validation_min_enri=0.281957201267; train_slack_sum=0.348831601296.,6.0,1.0,10.0,10.0,0.1,0.0,0.3,0.09796483191247854,0.12738375547084754,0.014252234994288166,0.032708349739624845,optimal
cv,ok,stage6_fold_metrics,,,,,,,fold,Validation metrics on fixed accepted split; validation_living=42; validation_min_enri=0.961762825934; train_slack_sum=0.25986000877.,6.0,2.0,10.0,10.0,0.1,0.0,0.5,0.12017184877748402,0.16984126643535125,0.00122185173624361,0.011199456276714948,optimal
cv,ok,stage6_fold_metrics,,,,,,,fold,Validation metrics on fixed accepted split; validation_living=49; validation_min_enri=0.842160051699; train_slack_sum=0.733459686534.,6.0,3.0,10.0,10.0,0.1,0.0,0.3,0.05569457867980156,0.1774046233637753,0.00879321414350406,0.0439146406056676,optimal
cv,ok,stage6_fold_metrics,,,,,,,fold,Validation metrics on fixed accepted split; validation_living=46; validation_min_enri=0.892755075365; train_slack_sum=0.419675028219.,7.0,1.0,10.0,10.0,0.1,0.0,0.5,0.09762410539111085,0.1981187102570112,0.0036946426601757697,0.0369816640811058,optimal
cv,ok,stage6_fold_metrics,,,,,,,fold,Validation metrics on fixed accepted split; validation_living=44; validation_min_enri=0.780739521471; train_slack_sum=0.0585054850333.,7.0,2.0,10.0,10.0,0.1,0.0,0.6,0.1265340837115149,0.15813498203850437,0.03416384182058798,0.0346132756737107,optimal
cv,ok,stage6_fold_metrics,,,,,,,fold,Validation metrics on fixed accepted split; validation_living=46; validation_min_enri=0.840103771783; train_slack_sum=0.421450531306.,8.0,1.0,10.0,10.0,0.1,0.0,0.4,0.0739224946063107,0.09602709750600091,0.00478684711604396,0.02853218701783563,optimal
cv,ok,stage6_fold_metrics,,,,,,,fold,Validation metrics on fixed accepted split; validation_living=46; validation_min_enri=0.828505436666; train_slack_sum=0.699514036654.,8.0,2.0,10.0,10.0,0.1,0.0,0.0,0.0005460645442385073,0.04233319654243792,0.0059889261240324764,0.052411180929669385,optimal
cv,ok,stage6_fold_metrics,,,,,,,fold,Validation metrics on fixed accepted split; validation_living=48; validation_min_enri=0.898896317838; train_slack_sum=0.178129183524.,8.0,3.0,10.0,10.0,0.1,0.0,0.5,0.23853952876772064,0.23219067784917494,0.09459485686049184,0.01799115772969977,optimal
cv,ok,stage6_fold_metrics,,,,,,,fold,Validation metrics on fixed accepted split; validation_living=51; validation_min_enri=0.54234586136; train_slack_sum=0.25201734162.,9.0,1.0,10.0,10.0,0.1,0.0,0.3,0.10917608147458091,0.11948695547676137,0.006221137498480294,0.030141129689438276,optimal
cv,ok,stage6_fold_metrics,,,,,,,fold,Validation metrics on fixed accepted split; validation_living=44; validation_min_enri=0.760529745832; train_slack_sum=0.0624592166843.,9.0,3.0,10.0,10.0,0.1,0.0,0.4,0.2168968295837103,0.210952671521429,0.00164597862297758,0.014872836245397794,optimal
cv,ok,stage6_fold_metrics,,,,,,,fold,Validation metrics on fixed accepted split; validation_living=51; validation_min_enri=0.636503663265; train_slack_sum=7.15077802765e-18.,0.0,1.0,10.0,10.0,1.0,0.0,0.4,0.1406141574746225,0.18115196309613965,0.07754175951705357,0.12533056906653778,optimal
cv,ok,stage6_fold_metrics,,,,,,,fold,Validation metrics on fixed accepted split; validation_living=43; validation_min_enri=0.641073900812; train_slack_sum=0.121853847964.,0.0,2.0,10.0,10.0,1.0,0.0,0.1,0.018819429940962903,0.093966357330907,0.013566467318570157,0.15335861282138152,optimal
cv,ok,stage6_fold_metrics,,,,,,,fold,Validation metrics on fixed accepted split; validation_living=47; validation_min_enri=0.8280661068; train_slack_sum=0.0636382612775.,1.0,1.0,10.0,10.0,1.0,0.0,0.6,0.21420566992281062,0.28712484366063096,0.013312796282359768,0.06305508979771143,optimal
cv,ok,stage6_fold_metrics,,,,,,,fold,Validation metrics on fixed accepted split; validation_living=43; validation_min_enri=0.715846216767; train_slack_sum=0.0164550973091.,1.0,2.0,10.0,10.0,1.0,0.0,0.2,0.0414650941545168,0.1343109828085934,0.030487224323666202,0.11783443005249437,optimal
cv,ok,stage6_fold_metrics,,,,,,,fold,Validation metrics on fixed accepted split; validation_living=50; validation_min_enri=-461.951543974; train_slack_sum=2.50277088786e-19.,1.0,3.0,10.0,10.0,1.0,0.06,0.2,0.05246751603094779,57.882997463243115,3288.8181158182447,0.1657886835439718,optimal
cv,ok,stage6_fold_metrics,,,,,,,fold,Validation metrics on fixed accepted split; validation_living=47; validation_min_enri=0.619597348662; train_slack_sum=0.0960344022021.,2.0,3.0,10.0,10.0,1.0,0.0,0.0,0.020204429881211274,0.07333181844650846,0.013551902588774563,0.15133825913238202,optimal
cv,ok,stage6_fold_metrics,,,,,,,fold,Validation metrics on fixed accepted split; validation_living=47; validation_min_enri=0.510069685771; train_slack_sum=0.125833074794.,3.0,1.0,10.0,10.0,1.0,0.0,0.2,0.039646671782843736,0.10016778919894456,0.02827610780108829,0.15809574058147485,optimal
cv,ok,stage6_fold_metrics,,,,,,,fold,Validation metrics on fixed accepted split; validation_living=44; validation_min_enri=-0.515381863528; train_slack_sum=0.0338451565341.,3.0,2.0,10.0,10.0,1.0,0.022727272727272728,0.4,0.10103675820528872,0.28719415420460837,0.11289737551424338,0.07433089067431456,optimal
cv,ok,stage6_fold_metrics,,,,,,,fold,Validation metrics on fixed accepted split; validation_living=49; validation_min_enri=0.849970687757; train_slack_sum=9.29918127092e-21.,3.0,3.0,10.0,10.0,1.0,0.0,0.5,0.15704331439179048,0.12039296436451193,0.020983245697596895,0.07068513198514295,optimal
cv,ok,stage6_fold_metrics,,,,,,,fold,Validation metrics on fixed accepted split; validation_living=49; validation_min_enri=0.480088122127; train_slack_sum=0.203317127337.,5.0,1.0,10.0,10.0,1.0,0.0,0.3,0.061781857461255876,0.11763464281817232,0.03113113995416183,0.1584705008812792,optimal
cv,ok,stage6_fold_metrics,,,,,,,fold,Validation metrics on fixed accepted split; validation_living=46; validation_min_enri=0.76760183231; train_slack_sum=0.0330914841994.,5.0,2.0,10.0,10.0,1.0,0.0,0.6,0.10162740568134505,0.06921941889904447,0.040454219011327744,0.08145781147141015,optimal
cv,ok,stage6_fold_metrics,,,,,,,fold,Validation metrics on fixed accepted split; validation_living=45; validation_min_enri=0.655554153338; train_slack_sum=2.16584511357e-22.,5.0,3.0,10.0,10.0,1.0,0.0,0.5,0.21832915999922914,0.2670272460549726,0.007135299956723144,0.03738891017399617,optimal
cv,ok,stage6_fold_metrics,,,,,,,fold,Validation metrics on fixed accepted split; validation_living=49; validation_min_enri=0.717335314818; train_slack_sum=8.24910698705e-18.,6.0,1.0,10.0,10.0,1.0,0.0,0.3,0.09058437551170805,0.0416084790128265,0.014390012898832101,0.09943533367283125,optimal
cv,ok,stage6_fold_metrics,,,,,,,fold,Validation metrics on fixed accepted split; validation_living=42; validation_min_enri=0.751422898326; train_slack_sum=0.0537244551103.,6.0,2.0,10.0,10.0,1.0,0.0,0.4,0.13114853142138155,0.22030710176279966,0.03616106742760033,0.07645880022571551,optimal
cv,ok,stage6_fold_metrics,,,,,,,fold,Validation metrics on fixed accepted split; validation_living=49; validation_min_enri=0.67156456373; train_slack_sum=0.224278037399.,6.0,3.0,10.0,10.0,1.0,0.0,0.2,0.05464649935297835,0.1555315367819593,0.019510381275091585,0.1485548997548121,optimal
cv,ok,stage6_fold_metrics,,,,,,,fold,Validation metrics on fixed accepted split; validation_living=46; validation_min_enri=0.758487689035; train_slack_sum=0.160993350398.,7.0,1.0,10.0,10.0,1.0,0.0,0.5,0.09150977030174544,0.23166816017638056,0.01974814798856185,0.1018870090766635,optimal
cv,ok,stage6_fold_metrics,,,,,,,fold,Validation metrics on fixed accepted split; validation_living=44; validation_min_enri=0.744227858663; train_slack_sum=1.89374168904e-21.,7.0,2.0,10.0,10.0,1.0,0.0,0.4,0.10408446389962892,0.1505568854355492,0.057187650341415375,0.0493951198109254,optimal
cv,ok,stage6_fold_metrics,,,,,,,fold,Validation metrics on fixed accepted split; validation_living=46; validation_min_enri=0.779652547888; train_slack_sum=0.188738818559.,8.0,1.0,10.0,10.0,1.0,0.0,0.4,0.10783951853458998,0.13612648350665213,0.05935428368260887,0.09582466474276638,optimal
cv,ok,stage6_fold_metrics,,,,,,,fold,Validation metrics on fixed accepted split; validation_living=46; validation_min_enri=0.449177208424; train_slack_sum=0.164256531097.,8.0,2.0,10.0,10.0,1.0,0.0,0.2,0.03626786538332037,0.1865874332580119,0.03980005320825761,0.14750052206853886,optimal
cv,ok,stage6_fold_metrics,,,,,,,fold,Validation metrics on fixed accepted split; validation_living=48; validation_min_enri=0.752402531582; train_slack_sum=0.00367742032995.,8.0,3.0,10.0,10.0,1.0,0.0,0.6,0.20859387050130232,0.22079710208072437,0.06639489823563204,0.07828024407047308,optimal
cv,ok,stage6_fold_metrics,,,,,,,fold,Validation metrics on fixed accepted split; validation_living=51; validation_min_enri=0.725100684316; train_slack_sum=0.0433850895274.,9.0,1.0,10.0,10.0,1.0,0.0,0.4,0.10103424259720808,0.14751053095045094,0.006643080563028973,0.09055086604321703,optimal
cv,ok,stage6_fold_metrics,,,,,,,fold,Validation metrics on fixed accepted split; validation_living=44; validation_min_enri=0.74994241879; train_slack_sum=2.13686375631e-24.,9.0,3.0,10.0,10.0,1.0,0.0,0.4,0.19846844481651418,0.19362699674095157,0.0034021513256865693,0.037567689193826026,optimal
cv,ok,stage6_fold_metrics,,,,,,,fold,Validation metrics on fixed accepted split; validation_living=51; validation_min_enri=0.636503663265; train_slack_sum=5.14498309203e-18.,0.0,1.0,10.0,10.0,10.0,0.0,0.4,0.14061415747462253,0.18115196309613965,0.07754175951705362,0.1253305690665378,optimal
cv,ok,stage6_fold_metrics,,,,,,,fold,Validation metrics on fixed accepted split; validation_living=43; validation_min_enri=0.490708048393; train_slack_sum=2.94108789368e-22.,0.0,2.0,10.0,10.0,10.0,0.0,0.2,0.031399714943214384,0.13533156280039232,0.0225950770685726,0.20605466902199263,optimal
cv,ok,stage6_fold_metrics,,,,,,,fold,Validation metrics on fixed accepted split; validation_living=47; validation_min_enri=0.696818119447; train_slack_sum=4.98296813974e-22.,1.0,1.0,10.0,10.0,10.0,0.0,0.6,0.217090494274985,0.2972710023484547,0.02025147231345763,0.11331593810408949,optimal
cv,ok,stage6_fold_metrics,,,,,,,fold,Validation metrics on fixed accepted split; validation_living=43; validation_min_enri=0.715967017769; train_slack_sum=2.2602382721e-18.,1.0,2.0,10.0,10.0,10.0,0.0,0.2,0.04199648099062685,0.13572059122121122,0.03395614644217153,0.12281150404203645,optimal
cv,ok,stage6_fold_metrics,,,,,,,fold,Validation metrics on fixed accepted split; validation_living=50; validation_min_enri=-461.951543974; train_slack_sum=2.05408849719e-17.,1.0,3.0,10.0,10.0,10.0,0.06,0.2,0.05246751603094775,57.88299746324312,3288.818115818247,0.16578868354397183,optimal
cv,ok,stage6_fold_metrics,,,,,,,fold,Validation metrics on fixed accepted split; validation_living=47; validation_min_enri=0.493097703463; train_slack_sum=1.23057401662e-22.,2.0,3.0,10.0,10.0,10.0,0.0,0.1,0.04164188406760291,0.07712835643436614,0.025853247214225824,0.19600757696359322,optimal
cv,ok,stage6_fold_metrics,,,,,,,fold,Validation metrics on fixed accepted split; validation_living=47; validation_min_enri=0.440927976488; train_slack_sum=3.3431872967e-09.,3.0,1.0,10.0,10.0,10.0,0.0,0.2,0.059658437621453245,0.11741248155680024,0.03827606122736416,0.20149092491214324,optimal
cv,ok,stage6_fold_metrics,,,,,,,fold,Validation metrics on fixed accepted split; validation_living=44; validation_min_enri=-1.07080187219; train_slack_sum=2.53488006851e-10.,3.0,2.0,10.0,10.0,10.0,0.022727272727272728,0.4,0.10054564290960569,0.3565405619115599,0.1954433470873784,0.09337450033084731,optimal
cv,ok,stage6_fold_metrics,,,,,,,fold,Validation metrics on fixed accepted split; validation_living=49; validation_min_enri=0.849970687757; train_slack_sum=6.4000940505e-22.,3.0,3.0,10.0,10.0,10.0,0.0,0.5,0.15704331439179048,0.1203929643645119,0.020983245697596884,0.07068513198514294,optimal
cv,ok,stage6_fold_metrics,,,,,,,fold,Validation metrics on fixed accepted split; validation_living=49; validation_min_enri=0.446078059936; train_slack_sum=1.82621041084e-09.,5.0,1.0,10.0,10.0,10.0,0.0,0.4,0.09898146068753652,0.18058421782419656,0.05305652005751562,0.2101492926821574,optimal
cv,ok,stage6_fold_metrics,,,,,,,fold,Validation metrics on fixed accepted split; validation_living=46; validation_min_enri=0.637840948028; train_slack_sum=7.48623398666e-23.,5.0,2.0,10.0,10.0,10.0,0.0,0.6,0.10819506265304865,0.041019602924586326,0.02642426600125174,0.10641000225740763,optimal
cv,ok,stage6_fold_metrics,,,,,,,fold,Validation metrics on fixed accepted split; validation_living=45; validation_min_enri=0.655554153338; train_slack_sum=2.04545356078e-23.,5.0,3.0,10.0,10.0,10.0,0.0,0.5,0.21832915999922914,0.2670272460549726,0.007135299956723144,0.03738891017399617,optimal
cv,ok,stage6_fold_metrics,,,,,,,fold,Validation metrics on fixed accepted split; validation_living=49; validation_min_enri=0.717335314818; train_slack_sum=7.46612540376e-18.,6.0,1.0,10.0,10.0,10.0,0.0,0.3,0.09058437551170806,0.041608479012826514,0.014390012898832094,0.09943533367283126,optimal
cv,ok,stage6_fold_metrics,,,,,,,fold,Validation metrics on fixed accepted split; validation_living=42; validation_min_enri=0.57613801279; train_slack_sum=3.80762083717e-22.,6.0,2.0,10.0,10.0,10.0,0.0,0.4,0.1437902937183895,0.2448773466547981,0.04460182398625114,0.11065689166476463,optimal
cv,ok,stage6_fold_metrics,,,,,,,fold,Validation metrics on fixed accepted split; validation_living=49; validation_min_enri=0.523371464144; train_slack_sum=3.57620917103e-22.,6.0,3.0,10.0,10.0,10.0,0.0,0.4,0.07074157321285955,0.147585660710398,0.04321655836992702,0.2213062683307865,optimal
cv,ok,stage6_fold_metrics,,,,,,,fold,Validation metrics on fixed accepted split; validation_living=46; validation_min_enri=0.578393545287; train_slack_sum=2.01005219117e-17.,7.0,1.0,10.0,10.0,10.0,0.0,0.3,0.07324373254125797,0.25354312341844165,0.034323352284923545,0.176784580879912,optimal
cv,ok,stage6_fold_metrics,,,,,,,fold,Validation metrics on fixed accepted split; validation_living=44; validation_min_enri=0.744227858663; train_slack_sum=1.61096057824e-22.,7.0,2.0,10.0,10.0,10.0,0.0,0.4,0.10408446389962892,0.15055688543554915,0.0571876503414154,0.0493951198109254,optimal
cv,ok,stage6_fold_metrics,,,,,,,fold,Validation metrics on fixed accepted split; validation_living=46; validation_min_enri=0.690554431399; train_slack_sum=1.44379233523e-10.,8.0,1.0,10.0,10.0,10.0,0.0,0.4,0.15316954604372202,0.1843722910601646,0.1493336953290262,0.16671347955365237,optimal
cv,ok,stage6_fold_metrics,,,,,,,fold,Validation metrics on fixed accepted split; validation_living=46; validation_min_enri=0.368715345167; train_slack_sum=5.23340517283e-09.,8.0,2.0,10.0,10.0,10.0,0.0,0.3,0.0843399203885163,0.2757684748485447,0.07103028981527365,0.2239522860788152,optimal
cv,ok,stage6_fold_metrics,,,,,,,fold,Validation metrics on fixed accepted split; validation_living=48; validation_min_enri=0.749960257905; train_slack_sum=1.26630224489e-22.,8.0,3.0,10.0,10.0,10.0,0.0,0.6,0.20832179981598958,0.22050271031423724,0.06550404782011392,0.08024594532367113,optimal
cv,ok,stage6_fold_metrics,,,,,,,fold,Validation metrics on fixed accepted split; validation_living=51; validation_min_enri=0.357797674418; train_slack_sum=2.21084890057e-22.,9.0,1.0,10.0,10.0,10.0,0.0,0.3,0.0985351919490192,0.18899896467977362,0.014482403283124952,0.11998264427257624,optimal
cv,ok,stage6_fold_metrics,,,,,,,fold,Validation metrics on fixed accepted split; validation_living=44; validation_min_enri=0.74994241879; train_slack_sum=8.00108336096e-30.,9.0,3.0,10.0,10.0,10.0,0.0,0.4,0.1984684448165142,0.19362699674095163,0.0034021513256865684,0.03756768919382602,optimal
cv,ok,stage6_aggregate,,,,,,,22,Arithmetic mean of validation metrics over all accepted seed/fold splits.,,,0.1,0.1,0.1,0.0,0.3272727272727272,0.1104647392084082,0.19835742184906469,0.1271049392574836,0.16283980381940197,
cv,ok,stage6_aggregate,,,,,,,22,Arithmetic mean of validation metrics over all accepted seed/fold splits.,,,0.1,0.1,1.0,0.0,0.35454545454545455,0.11473614076775479,0.20102912808263682,0.12935648887610415,0.17331666991281977,
cv,ok,stage6_aggregate,,,,,,,22,Arithmetic mean of validation metrics over all accepted seed/fold splits.,,,0.1,0.1,10.0,0.0,0.35454545454545455,0.11473614149013027,0.20102912661324623,0.12935648945432765,0.17331666992355862,
cv,ok,stage6_aggregate,,,,,,,22,Arithmetic mean of validation metrics over all accepted seed/fold splits.,,,0.1,1.0,0.1,0.002727272727272727,0.3227272727272727,0.09631321619513691,1.5270686159013254,43.30548562801946,0.09010999116702126,
cv,ok,stage6_aggregate,,,,,,,22,Arithmetic mean of validation metrics over all accepted seed/fold splits.,,,0.1,1.0,1.0,0.002727272727272727,0.36363636363636365,0.10713978980360661,1.9603998990760252,72.48466386125598,0.13390736944103293,
cv,ok,stage6_aggregate,,,,,,,22,Arithmetic mean of validation metrics over all accepted seed/fold splits.,,,0.1,1.0,10.0,0.002727272727272727,0.36363636363636365,0.10713978954496205,1.960399895889119,72.48466386008135,0.13390736849962373,
cv,ok,stage6_aggregate,,,,,,,22,Arithmetic mean of validation metrics over all accepted seed/fold splits.,,,0.1,10.0,0.1,0.002727272727272727,0.34545454545454546,0.09667717782707057,0.48966641432511787,3.325395855432231,0.024279665379363546,
cv,ok,stage6_aggregate,,,,,,,22,Arithmetic mean of validation metrics over all accepted seed/fold splits.,,,0.1,10.0,1.0,0.003760330578512397,0.3727272727272727,0.10816567184400881,2.0029420771224657,75.51357969747154,0.096679711346315,
cv,ok,stage6_aggregate,,,,,,,22,Arithmetic mean of validation metrics over all accepted seed/fold splits.,,,0.1,10.0,10.0,0.003760330578512397,0.38636363636363635,0.11212240566566978,2.3349999719345385,103.7391130271119,0.11539808049794097,
cv,ok,stage6_aggregate,,,,,,,22,Arithmetic mean of validation metrics over all accepted seed/fold splits.,,,1.0,0.1,0.1,0.002727272727272727,0.3272727272727272,0.09186194899907237,0.7092130809734817,7.249040422165873,0.16885413847596745,
cv,ok,stage6_aggregate,,,,,,,22,Arithmetic mean of validation metrics over all accepted seed/fold splits.,,,1.0,0.1,1.0,0.002727272727272727,0.3318181818181818,0.0976417929208159,0.7341684999922407,7.646495807369494,0.19092514588122797,
cv,ok,stage6_aggregate,,,,,,,22,Arithmetic mean of validation metrics over all accepted seed/fold splits.,,,1.0,0.1,10.0,0.002727272727272727,0.3318181818181818,0.09764179314175832,0.7341684991586038,7.6464958072756675,0.19092514578468747,
cv,ok,stage6_aggregate,,,,,,,22,Arithmetic mean of validation metrics over all accepted seed/fold splits.,,,1.0,1.0,0.1,0.002727272727272727,0.32727272727272727,0.0954204091373589,1.769335135264712,58.544275361827275,0.09520332357458221,
cv,ok,stage6_aggregate,,,,,,,22,Arithmetic mean of validation metrics over all accepted seed/fold splits.,,,1.0,1.0,1.0,0.002727272727272727,0.3590909090909091,0.10680211303301572,2.2048778812698955,91.6622075490847,0.14454293600881066,
cv,ok,stage6_aggregate,,,,,,,22,Arithmetic mean of validation metrics over all accepted seed/fold splits.,,,1.0,1.0,10.0,0.002727272727272727,0.3590909090909091,0.10680210956638762,2.204877880351208,91.66220754798616,0.14454293378387803,
cv,ok,stage6_aggregate,,,,,,,22,Arithmetic mean of validation metrics over all accepted seed/fold splits.,,,1.0,10.0,0.1,0.002727272727272727,0.35454545454545455,0.09903829518547376,0.7712924745067916,9.325214821744638,0.027369930033777076,
cv,ok,stage6_aggregate,,,,,,,22,Arithmetic mean of validation metrics over all accepted seed/fold splits.,,,1.0,10.0,1.0,0.003760330578512397,0.36363636363636365,0.10753243223313036,2.2826123063396513,98.93069812997523,0.09738237106797314,
cv,ok,stage6_aggregate,,,,,,,22,Arithmetic mean of validation metrics over all accepted seed/fold splits.,,,1.0,10.0,10.0,0.003760330578512397,0.38181818181818183,0.11251631028387292,2.478377150930235,116.7529322029229,0.11828685839910696,
cv,ok,stage6_aggregate,,,,,,,22,Arithmetic mean of validation metrics over all accepted seed/fold splits.,,,10.0,0.1,0.1,0.002727272727272727,0.3181818181818182,0.09116134763295651,0.9867123595408763,15.523698132736401,0.17710845735426736,
cv,ok,stage6_aggregate,,,,,,,22,Arithmetic mean of validation metrics over all accepted seed/fold splits.,,,10.0,0.1,1.0,0.003760330578512397,0.32272727272727275,0.09677567605523762,1.0190805149797968,16.277417806324745,0.20972204215411286,
cv,ok,stage6_aggregate,,,,,,,22,Arithmetic mean of validation metrics over all accepted seed/fold splits.,,,10.0,0.1,10.0,0.003760330578512397,0.32272727272727275,0.09677567605523753,1.0190805149797748,16.277417806323918,0.20972204215411108,
cv,ok,stage6_aggregate,,,,,,,22,Arithmetic mean of validation metrics over all accepted seed/fold splits.,,,10.0,1.0,0.1,0.002727272727272727,0.31363636363636366,0.09554415289830075,1.916852768119434,68.48324442159559,0.10354315577310422,
cv,ok,stage6_aggregate,,,,,,,22,Arithmetic mean of validation metrics over all accepted seed/fold splits.,,,10.0,1.0,1.0,0.003760330578512397,0.35454545454545455,0.10561790851730853,2.315977765966183,99.93361423726734,0.1616614011488876,
cv,ok,stage6_aggregate,,,,,,,22,Arithmetic mean of validation metrics over all accepted seed/fold splits.,,,10.0,1.0,10.0,0.003760330578512397,0.35454545454545455,0.1056179087396132,2.315977724135682,99.9336104192625,0.16166139987280756,
cv,ok,stage6_aggregate,,,,,,,22,Arithmetic mean of validation metrics over all accepted seed/fold splits.,,,10.0,10.0,0.1,0.003760330578512397,0.3727272727272727,0.10052008226987859,1.256247324791361,27.33350003671333,0.0371543199297006,
cv,ok,stage6_aggregate,,,,,,,22,Arithmetic mean of validation metrics over all accepted seed/fold splits.,,,10.0,10.0,1.0,0.003760330578512397,0.3545454545454546,0.1041554112385092,2.786310925174203,149.52409295832533,0.10375408085644847,
cv,ok,stage6_aggregate,,,,,,,22,Arithmetic mean of validation metrics over all accepted seed/fold splits.,,,10.0,10.0,10.0,0.003760330578512397,0.36818181818181817,0.11332921217919402,2.8042735884843637,149.5380501930129,0.13340217917571257,
cv,summary,stage6_selected_hyperparameters,,,,,,,selected,"Selected by tolerance-aware lexicographic order (V_pos,V_sign,V_margin,V_eq,V_var,V_w), tolerance=1e-6; remaining exact/tolerance tie resolved by ascending (beta,lambda,C). Trace=[{""metric"": ""V_pos"", ""best"": 0.0, ""survivors"": 3}, {""metric"": ""V_sign"", ""best"": 0.3272727272727272, ""survivors"": 1}, {""metric"": ""V_margin"", ""best"": 0.1104647392084082, ""survivors"": 1}, {""metric"": ""V_eq"", ""best"": 0.19835742184906469, ""survivors"": 1}, {""metric"": ""V_var"", ""best"": 0.1271049392574836, ""survivors"": 1}, {""metric"": ""V_w"", ""best"": 0.16283980381940197, ""survivors"": 1}]",,,0.1,0.1,0.1,0.0,0.3272727272727272,0.1104647392084082,0.19835742184906469,0.1271049392574836,0.16283980381940197,
cv,summary,stage6_status,,,,,,,READY,Stage 6 status=READY; accepted_splits=22; rejected_splits=8; grid_combinations=27; fold_metric_rows=594; solver_failures=0.,,,0.1,0.1,0.1,,,,,,,
