k,seed,fold,feature_count,features,V_pos,V_sign,V_margin,V_eq,V_var,V_w,active_count,slack_sum,slack_max,train_min_live_enri,validation_min_enri,imputed_selected_cells,max_selected_missing,imputer_n_iter,solver_used
3,0,1,3,OFT_distance|Time_inCenter_OFT|Latency_to_first_investigation_Stakan_zone_NOR2,0.0,0.6,0.11405486447732187,0.02642794843212996,0.0018381576179364045,0.03357786487038948,3,0.5458469329310314,0.17113284200111767,0.8789711361593551,0.8409395773275651,4,2,2,OSQP
3,0,2,3,OFT_distance|Time_inCenter_OFT|Latency_to_first_investigation_Stakan_zone_NOR2,0.0,0.2,0.030611490486697708,0.17028596440161697,0.008440004716747704,0.09738126756979638,3,0.6958586599962194,0.19684346766879104,0.597021091247407,0.7698233110067938,4,2,2,OSQP
3,1,1,3,OFT_distance|Time_inCenter_OFT|Latency_to_first_investigation_Stakan_zone_NOR2,0.0,0.5,0.1634863393701917,0.20073180737528304,4.2546293072134746e-05,0.007764853892121629,3,0.24355988895417205,0.12729388494212632,0.9712498345175672,0.9746079915914198,4,2,2,OSQP
3,1,2,3,OFT_distance|Time_inCenter_OFT|Latency_to_first_investigation_Stakan_zone_NOR2,0.0,0.3,0.043775935519885865,0.14784753402367223,0.0076305081185174635,0.05815501260766647,3,0.6501884064986114,0.2085160169973329,0.8132492333033925,0.7433429262346984,4,2,2,OSQP
3,1,3,3,OFT_distance|Time_inCenter_OFT|Latency_to_first_investigation_Stakan_zone_NOR2,0.0,0.3,0.05648320599613721,0.1772053613918098,0.005579348411012152,0.024170524404815683,3,0.6504959100653103,0.17385198609572183,0.9415922683600407,0.9766198185306607,4,2,2,OSQP
3,2,3,3,OFT_distance|Time_inCenter_OFT|Latency_to_first_investigation_Stakan_zone_NOR2,0.0,0.2,0.04115471982121242,0.07529483105484315,0.006482366902819177,0.08396502748996973,3,0.5712366529893231,0.26720066546502486,0.7377275625728448,0.6333096118782214,4,2,2,OSQP
3,3,1,3,OFT_distance|Time_inCenter_OFT|Latency_to_first_investigation_Stakan_zone_NOR2,0.0,0.1,0.031131352244440285,0.06957766617685264,0.016914206286204842,0.10184668010598018,3,0.8169588389591818,0.22710004069901327,0.6081275696669721,0.7312435406654838,4,2,1,OSQP
3,3,2,3,OFT_distance|Time_inCenter_OFT|Latency_to_first_investigation_Stakan_zone_NOR2,0.0,0.5,0.09561059861783461,0.13272448967160047,0.005006387964918003,0.05556573699260733,3,0.26636669956344977,0.1193147414718408,0.8151842867800332,0.7694265572219101,4,2,2,OSQP
3,3,3,3,OFT_distance|Time_inCenter_OFT|Latency_to_first_investigation_Stakan_zone_NOR2,0.0,0.4,0.1447431634688463,0.08501022136102872,0.0020335018210615144,0.02770488321897446,3,0.22646863400291667,0.10078413641302146,0.8918226598460707,0.9462199399804196,4,2,1,OSQP
3,5,1,3,OFT_distance|Time_inCenter_OFT|Latency_to_first_investigation_Stakan_zone_NOR2,0.0,0.2,0.06984862768294423,0.1691968983515683,0.02543921764924545,0.1754141161564607,3,0.6502772172797463,0.22658189024990688,0.2784967878471253,0.4705791999773786,4,2,1,OSQP
3,5,2,3,OFT_distance|Time_inCenter_OFT|Latency_to_first_investigation_Stakan_zone_NOR2,0.0,0.4,0.07001454037195545,0.04724635852868359,0.004001463993269962,0.04617871697345083,3,0.241914448285448,0.10641555635451155,0.9304892677881359,0.9301103566063141,4,2,2,OSQP
3,5,3,3,OFT_distance|Time_inCenter_OFT|Latency_to_first_investigation_Stakan_zone_NOR2,0.0,0.5,0.20283251942550287,0.22491226176489526,0.0011579817570936352,0.031544827659794085,3,0.10797657680961281,0.06711340313233297,0.8918633468018404,0.8906674785579412,4,2,2,OSQP
3,6,1,3,OFT_distance|Time_inCenter_OFT|Latency_to_first_investigation_Stakan_zone_NOR2,0.0,0.5,0.10554853547627589,0.0766110325347328,0.004296010076785483,0.05280982415212742,3,0.36888724289650615,0.12310378694831683,0.9037345159403578,0.8719267633801084,4,2,2,OSQP
3,6,2,3,OFT_distance|Time_inCenter_OFT|Latency_to_first_investigation_Stakan_zone_NOR2,0.0,0.5,0.11943568663877502,0.16164103881180952,0.0008152567886660013,0.001630914528846803,3,0.28652253139927386,0.15486757005360746,0.997382235282725,0.9981258950578443,4,2,1,OSQP
3,6,3,3,OFT_distance|Time_inCenter_OFT|Latency_to_first_investigation_Stakan_zone_NOR2,0.0,0.4,0.059012534840248744,0.14256229474684998,0.008994678454176303,0.11351700281204535,3,0.6371926390885945,0.23878951523660896,0.5077560160101041,0.6305468678009166,4,2,1,OSQP
3,7,1,3,OFT_distance|Time_inCenter_OFT|Latency_to_first_investigation_Stakan_zone_NOR2,0.0,0.4,0.09096673708423224,0.20172186117531254,0.0003370961637870396,0.00520342492052202,3,0.5241957757626811,0.12816713339921748,0.9943933331577466,0.9944791382242286,4,2,2,OSQP
3,7,2,3,OFT_distance|Time_inCenter_OFT|Latency_to_first_investigation_Stakan_zone_NOR2,0.0,0.4,0.12345573059782762,0.029207635892144816,0.0018485453595657073,0.06280565963719709,3,0.17713204209850603,0.12194478409526396,0.7953938741986535,0.9526417538019125,4,2,2,OSQP
3,8,1,3,OFT_distance|Time_inCenter_OFT|Latency_to_first_investigation_Stakan_zone_NOR2,0.0,0.2,0.0732835492706661,0.10066388930600281,0.0036903894091944935,0.04832750498617072,3,0.5206450176418815,0.21633615626334934,0.8284902796359591,0.7780758179328864,4,2,1,OSQP
3,8,2,3,OFT_distance|Time_inCenter_OFT|Latency_to_first_investigation_Stakan_zone_NOR2,0.0,0.1,0.0127872224700173,0.03358516574900261,0.004963842884750212,0.06383248153623529,3,0.9581060185298059,0.25529339240395965,0.840208599584151,0.9370921370275596,4,2,2,OSQP
3,8,3,3,OFT_distance|Time_inCenter_OFT|Latency_to_first_investigation_Stakan_zone_NOR2,0.0,0.6,0.206015747874459,0.07153423181923152,0.0012788533149788327,0.024883522399764255,3,0.21460820786457435,0.1138708560643849,0.9485086559108381,0.9364377125518463,4,2,2,OSQP
3,9,1,3,OFT_distance|Time_inCenter_OFT|Latency_to_first_investigation_Stakan_zone_NOR2,0.0,0.5,0.12928007832731062,0.07351665889029146,0.0015244544790644224,0.028796668050037586,3,0.2883005729732099,0.12164183198502067,0.913779876779252,0.8237557280307645,4,2,2,OSQP
3,9,3,3,OFT_distance|Time_inCenter_OFT|Latency_to_first_investigation_Stakan_zone_NOR2,0.0,0.5,0.22821701758645788,0.20042824484969904,0.00048755086569327684,0.008427196769005968,3,0.09661408995542478,0.09661408915518585,0.9720477059480975,0.973762194688511,4,2,2,OSQP
4,0,1,4,OFT_distance|Time_inCenter_OFT|Latency_to_first_investigation_Piramidka_NOR1|Latency_to_first_investigation_Stakan_zone_NOR2,0.0,0.4,0.09064453656782105,0.0674758804810356,0.019842317372742883,0.14104131051132507,4,0.21260541058321786,0.15177330032145842,0.6651748164223255,0.6283428032103093,4,2,3,OSQP
4,0,2,4,OFT_distance|Time_inCenter_OFT|Latency_to_first_investigation_Piramidka_NOR1|Latency_to_first_investigation_Stakan_zone_NOR2,0.0,0.1,0.016542575090923172,0.11602498401517411,0.007867002339563745,0.1496877973681686,4,0.5845545242824928,0.1749035764052543,0.5176959940826741,0.6728568038842,4,2,3,OSQP
4,1,1,4,OFT_distance|Time_inCenter_OFT|Latency_to_first_investigation_Piramidka_NOR1|Latency_to_first_investigation_Stakan_zone_NOR2,0.0,0.5,0.15587098466762414,0.2069043845076924,0.0016688022390036392,0.05316903969052645,4,0.18140180527448133,0.10159157171627006,0.8379159378853028,0.862938151473433,4,2,3,OSQP
4,1,2,4,OFT_distance|Time_inCenter_OFT|Latency_to_first_investigation_Piramidka_NOR1|Latency_to_first_investigation_Stakan_zone_NOR2,0.0,0.2,0.04080352270693765,0.15601472557869367,0.027384112264408067,0.17090648752562895,4,0.26133248856555524,0.10862440451380365,0.6049431817910649,0.5289881328867578,4,2,3,OSQP
4,1,3,4,OFT_distance|Time_inCenter_OFT|Latency_to_first_investigation_Piramidka_NOR1|Latency_to_first_investigation_Stakan_zone_NOR2,0.0,0.2,0.044467627397208206,0.175996323681642,0.006146404160944144,0.0669831437601952,4,0.5932652969867612,0.1683454463059455,0.8030551790626257,0.8451439639451055,4,2,2,OSQP
4,2,3,4,OFT_distance|Time_inCenter_OFT|Latency_to_first_investigation_Piramidka_NOR1|Latency_to_first_investigation_Stakan_zone_NOR2,0.0,0.2,0.03210033330568661,0.07665239789007074,0.010794038300248382,0.1278945732047526,4,0.42304228565205443,0.2356354299073613,0.6201758762488051,0.5509337220663112,4,2,2,OSQP
4,3,1,4,OFT_distance|Time_inCenter_OFT|Latency_to_first_investigation_Piramidka_NOR1|Latency_to_first_investigation_Stakan_zone_NOR2,0.0,0.2,0.04685457175409019,0.04709451380351786,0.024125875259427474,0.18296513022907765,4,0.2920050236708572,0.1397532787064959,0.43674757695274535,0.4587749956208049,4,2,2,OSQP
4,3,2,4,OFT_distance|Time_inCenter_OFT|Latency_to_first_investigation_Piramidka_NOR1|Latency_to_first_investigation_Stakan_zone_NOR2,0.0,0.3,0.07546474705150318,0.15303820783311636,0.005588127444668468,0.10358224936532352,4,0.14771497887677149,0.10362191892397055,0.7656671330413398,0.6700705525107586,4,2,3,OSQP
4,3,3,4,OFT_distance|Time_inCenter_OFT|Latency_to_first_investigation_Piramidka_NOR1|Latency_to_first_investigation_Stakan_zone_NOR2,0.0,0.4,0.14376442759657265,0.08438492637368279,0.0023690671828711838,0.030712078855303443,4,0.21653413203461472,0.09995803214128406,0.878754526092165,0.9398263183681738,4,2,3,OSQP
4,5,1,4,OFT_distance|Time_inCenter_OFT|Latency_to_first_investigation_Piramidka_NOR1|Latency_to_first_investigation_Stakan_zone_NOR2,0.0,0.2,0.0693511247345378,0.17778037174778602,0.027238822337903115,0.19457532871340438,4,0.5420771982306147,0.19979937802126943,0.30145971710607233,0.5138253988048401,4,2,2,OSQP
4,5,2,4,OFT_distance|Time_inCenter_OFT|Latency_to_first_investigation_Piramidka_NOR1|Latency_to_first_investigation_Stakan_zone_NOR2,0.0,0.4,0.07234821193177161,0.04652780790908631,0.005133175594825914,0.09379548790893441,4,0.09677873355834386,0.08774099228125021,0.734959370256496,0.8144214017201781,4,2,3,OSQP
4,5,3,4,OFT_distance|Time_inCenter_OFT|Latency_to_first_investigation_Piramidka_NOR1|Latency_to_first_investigation_Stakan_zone_NOR2,0.0,0.4,0.19189500657812833,0.23228918574056753,0.001484172984184789,0.0360795643822424,4,0.09083376001813027,0.06455072608113614,0.8337844797063769,0.8358627931880345,4,2,2,OSQP
4,6,1,4,OFT_distance|Time_inCenter_OFT|Latency_to_first_investigation_Piramidka_NOR1|Latency_to_first_investigation_Stakan_zone_NOR2,0.0,0.4,0.10824853405296797,0.10860434627393792,0.02076995321378482,0.1396475706059036,4,0.11183126890287212,0.06319821754667831,0.6278730177090728,0.6592933415617921,4,2,2,OSQP
4,6,2,4,OFT_distance|Time_inCenter_OFT|Latency_to_first_investigation_Piramidka_NOR1|Latency_to_first_investigation_Stakan_zone_NOR2,0.0,0.4,0.10190010846918537,0.1945514761923691,0.0037751810724425227,0.051288372253681096,4,0.23339489270609423,0.13106708614306625,0.8791116169876633,0.8660134992447662,4,2,3,OSQP
4,6,3,4,OFT_distance|Time_inCenter_OFT|Latency_to_first_investigation_Piramidka_NOR1|Latency_to_first_investigation_Stakan_zone_NOR2,0.0,0.3,0.05015543667447917,0.15086747770626482,0.0075124590931537,0.1326254266275054,4,0.5582358098495195,0.23433536595541837,0.47376884242670625,0.615134293483216,4,2,1,OSQP
4,7,1,4,OFT_distance|Time_inCenter_OFT|Latency_to_first_investigation_Piramidka_NOR1|Latency_to_first_investigation_Stakan_zone_NOR2,0.0,0.3,0.06903583131789573,0.21153083867744657,0.010835214658952888,0.08487466962227329,4,0.31150459411111464,0.1347267591368744,0.7521415547818917,0.759377053617867,4,2,3,OSQP
4,7,2,4,OFT_distance|Time_inCenter_OFT|Latency_to_first_investigation_Piramidka_NOR1|Latency_to_first_investigation_Stakan_zone_NOR2,0.0,0.3,0.1108252430098972,0.022439448733219406,0.005803561941482331,0.08768417471073536,4,0.14184370804496244,0.10105231045879857,0.7580850411423642,0.7810221372005011,4,2,2,OSQP
4,8,1,4,OFT_distance|Time_inCenter_OFT|Latency_to_first_investigation_Piramidka_NOR1|Latency_to_first_investigation_Stakan_zone_NOR2,0.0,0.3,0.05473064752645142,0.08439625017859631,0.004099829193514011,0.07657212411008216,4,0.46999839203843385,0.23590553520612292,0.7892924311160743,0.7505206505776403,4,2,1,OSQP
4,8,2,4,OFT_distance|Time_inCenter_OFT|Latency_to_first_investigation_Piramidka_NOR1|Latency_to_first_investigation_Stakan_zone_NOR2,0.0,0.0,0.014263337403674201,0.09734939000517814,0.01805305917113483,0.15651691309081808,4,0.4756900382485244,0.21050827965674196,0.599594721449965,0.6277044212810283,4,2,3,OSQP
4,8,3,4,OFT_distance|Time_inCenter_OFT|Latency_to_first_investigation_Piramidka_NOR1|Latency_to_first_investigation_Stakan_zone_NOR2,0.0,0.6,0.2019716060402906,0.0710453745907476,0.0010129720710893944,0.029996474606296026,4,0.21022282011180635,0.11510611944487917,0.9382863756453763,0.9316857159642815,4,2,3,OSQP
4,9,1,4,OFT_distance|Time_inCenter_OFT|Latency_to_first_investigation_Piramidka_NOR1|Latency_to_first_investigation_Stakan_zone_NOR2,0.0,0.5,0.10132027137563977,0.10280234443297037,0.005955917679193655,0.06691549468866209,4,0.19205808490059567,0.09744789005592283,0.7678872880604852,0.7852977703605754,4,2,2,OSQP
4,9,3,4,OFT_distance|Time_inCenter_OFT|Latency_to_first_investigation_Piramidka_NOR1|Latency_to_first_investigation_Stakan_zone_NOR2,0.0,0.4,0.22594113520444173,0.20147250345734433,0.0006470489179101563,0.017719843466495744,4,0.09238767299103748,0.09238767178601137,0.9388802101862357,0.943074152155656,4,2,2,OSQP
5,0,1,5,OFT_distance|Time_inCenter_OFT|Average_speed_NOR1|Latency_to_first_investigation_Piramidka_NOR1|Latency_to_first_investigation_Stakan_zone_NOR2,0.0,0.5,0.10307188085482606,0.07434383815636764,0.031281450210918514,0.14257855170708994,5,0.21120603053006065,0.15098105824795616,0.662997712116409,0.6255138292781248,4,2,1,OSQP
5,0,2,5,OFT_distance|Time_inCenter_OFT|Average_speed_NOR1|Latency_to_first_investigation_Piramidka_NOR1|Latency_to_first_investigation_Stakan_zone_NOR2,0.0,0.1,0.016627127904108308,0.12420667821473719,0.007980168347381838,0.14707710291011677,5,0.5836125008340493,0.17590386719068107,0.5265525406929499,0.6730390031182331,4,2,1,OSQP
5,1,1,5,OFT_distance|Time_inCenter_OFT|Average_speed_NOR1|Latency_to_first_investigation_Piramidka_NOR1|Latency_to_first_investigation_Stakan_zone_NOR2,0.0,0.5,0.15567521397824247,0.20706378628276328,0.0017632102104811495,0.05447046291202813,5,0.17981145060886244,0.10093338805529292,0.8300078002829478,0.8579748352194368,4,2,1,OSQP
5,1,2,5,OFT_distance|Time_inCenter_OFT|Average_speed_NOR1|Latency_to_first_investigation_Piramidka_NOR1|Latency_to_first_investigation_Stakan_zone_NOR2,0.0,0.2,0.04028871491446236,0.16263403842052163,0.026536516424270545,0.17858218156977118,5,0.23727962527007374,0.10486389596291154,0.5799922629627283,0.4578897302818755,4,2,1,OSQP
5,1,3,5,OFT_distance|Time_inCenter_OFT|Average_speed_NOR1|Latency_to_first_investigation_Piramidka_NOR1|Latency_to_first_investigation_Stakan_zone_NOR2,0.06,0.2,0.04382140135928496,184.86164359640497,33472.02199767932,0.1331593556804068,5,0.45664985374582096,0.14131594558423155,0.697202680265801,-1476.1738096264664,4,2,2,OSQP
5,2,3,5,OFT_distance|Time_inCenter_OFT|Average_speed_NOR1|Latency_to_first_investigation_Piramidka_NOR1|Latency_to_first_investigation_Stakan_zone_NOR2,0.0,0.2,0.03182510102198318,0.07664411475684205,0.010795475037390645,0.12766553198423797,4,0.42284248357432785,0.23569514010495318,0.6205800865062779,0.5526290309696456,4,2,1,OSQP
5,3,1,5,OFT_distance|Time_inCenter_OFT|Average_speed_NOR1|Latency_to_first_investigation_Piramidka_NOR1|Latency_to_first_investigation_Stakan_zone_NOR2,0.0,0.2,0.045985081768267676,0.04689302315861712,0.023001627236853926,0.17782671348594065,5,0.2953968343337756,0.14210491847855145,0.45433860978338547,0.47713899937866366,4,2,1,OSQP
5,3,2,5,OFT_distance|Time_inCenter_OFT|Average_speed_NOR1|Latency_to_first_investigation_Piramidka_NOR1|Latency_to_first_investigation_Stakan_zone_NOR2,0.0,0.3,0.07796391268332728,0.17850918183038694,0.007006873316901602,0.099789734697812,5,0.14911385142976036,0.10245156247007058,0.7606603983093413,0.6635481339387737,4,2,1,OSQP
5,3,3,5,OFT_distance|Time_inCenter_OFT|Average_speed_NOR1|Latency_to_first_investigation_Piramidka_NOR1|Latency_to_first_investigation_Stakan_zone_NOR2,0.0,0.4,0.14525323758163453,0.0839690916451941,0.0021492336480965113,0.02834654677604139,5,0.22143889541899042,0.10259960384633282,0.8890843135738249,0.9456190017647647,4,2,1,OSQP
5,5,1,5,OFT_distance|Time_inCenter_OFT|Average_speed_NOR1|Latency_to_first_investigation_Piramidka_NOR1|Latency_to_first_investigation_Stakan_zone_NOR2,0.0,0.3,0.0701181734461758,0.1777040727482451,0.02741705006115108,0.19315171218278243,5,0.5436425982510229,0.20116956493291416,0.30809295149648863,0.519891101881653,4,2,1,OSQP
5,5,2,5,OFT_distance|Time_inCenter_OFT|Average_speed_NOR1|Latency_to_first_investigation_Piramidka_NOR1|Latency_to_first_investigation_Stakan_zone_NOR2,0.0,0.4,0.07229975717823736,0.022204709099307513,0.01082356469296254,0.09409624516453789,5,0.09701274010176161,0.08813053083419298,0.7343637384640971,0.8145259575413308,4,2,1,OSQP
5,5,3,5,OFT_distance|Time_inCenter_OFT|Average_speed_NOR1|Latency_to_first_investigation_Piramidka_NOR1|Latency_to_first_investigation_Stakan_zone_NOR2,0.0,0.4,0.19071862601770478,0.23807081858734117,0.001479857398744645,0.038570675855686846,5,0.08850972207344067,0.06347806366753528,0.825699615059262,0.8281403818490132,4,2,1,OSQP
5,6,1,5,OFT_distance|Time_inCenter_OFT|Average_speed_NOR1|Latency_to_first_investigation_Piramidka_NOR1|Latency_to_first_investigation_Stakan_zone_NOR2,0.0,0.4,0.10837572794180186,0.09203402957880066,0.022959845840534773,0.13983712238274867,5,0.10988424553950774,0.06255261933147582,0.62773934836059,0.6597974743667786,4,2,1,OSQP
5,6,2,5,OFT_distance|Time_inCenter_OFT|Average_speed_NOR1|Latency_to_first_investigation_Piramidka_NOR1|Latency_to_first_investigation_Stakan_zone_NOR2,0.0,0.4,0.10171115238964372,0.19495963458588175,0.003784386363389378,0.05187426043204899,5,0.2334579530732059,0.1316030047896995,0.8776085710139004,0.8643985428317686,4,2,1,OSQP
5,6,3,5,OFT_distance|Time_inCenter_OFT|Average_speed_NOR1|Latency_to_first_investigation_Piramidka_NOR1|Latency_to_first_investigation_Stakan_zone_NOR2,0.0,0.3,0.050474400185018545,0.154745058034546,0.007261049448809447,0.1314231557304856,5,0.5590539335705783,0.23479322538583708,0.4804320470594632,0.6209867658621194,4,2,1,OSQP
5,7,1,5,OFT_distance|Time_inCenter_OFT|Average_speed_NOR1|Latency_to_first_investigation_Piramidka_NOR1|Latency_to_first_investigation_Stakan_zone_NOR2,0.0,0.3,0.06889217229040526,0.2125458905655592,0.010743933389507113,0.08455008527328668,5,0.31389398845270355,0.13561156696299748,0.7531739741232728,0.759869040651421,4,2,1,OSQP
5,7,2,5,OFT_distance|Time_inCenter_OFT|Average_speed_NOR1|Latency_to_first_investigation_Piramidka_NOR1|Latency_to_first_investigation_Stakan_zone_NOR2,0.0,0.3,0.11051623667418345,0.04392251823117473,0.00916621361283908,0.08862668059849294,5,0.14023540654646804,0.10108502116265908,0.7559841468471711,0.7818432653151319,4,2,1,OSQP
5,8,1,5,OFT_distance|Time_inCenter_OFT|Average_speed_NOR1|Latency_to_first_investigation_Piramidka_NOR1|Latency_to_first_investigation_Stakan_zone_NOR2,0.0,0.3,0.06036914781732792,0.10737257810923541,0.00805072041323965,0.10311689146674476,5,0.40150228981958,0.2076499207918692,0.6754882621152942,0.5644208087447075,4,2,1,OSQP
5,8,2,5,OFT_distance|Time_inCenter_OFT|Average_speed_NOR1|Latency_to_first_investigation_Piramidka_NOR1|Latency_to_first_investigation_Stakan_zone_NOR2,0.0,0.0,0.01422274675195242,0.09824097192168597,0.017838613535761032,0.15559795220882017,5,0.4809115661440932,0.21257663024832996,0.6012489614462344,0.6304271223468729,4,2,1,OSQP
5,8,3,5,OFT_distance|Time_inCenter_OFT|Average_speed_NOR1|Latency_to_first_investigation_Piramidka_NOR1|Latency_to_first_investigation_Stakan_zone_NOR2,0.0,0.6,0.20867318444852687,0.0845882834425331,0.002695681055781369,0.03167040845959609,5,0.20973707419501486,0.11574525390572549,0.9355493548780769,0.9341320545586898,4,2,1,OSQP
5,9,1,5,OFT_distance|Time_inCenter_OFT|Average_speed_NOR1|Latency_to_first_investigation_Piramidka_NOR1|Latency_to_first_investigation_Stakan_zone_NOR2,0.0,0.5,0.10119182771745625,0.09359548182661864,0.0068714073909716825,0.067392899937043,5,0.19091780262541982,0.09726166999254396,0.7663108072049842,0.7838700218315418,4,2,1,OSQP
5,9,3,5,OFT_distance|Time_inCenter_OFT|Average_speed_NOR1|Latency_to_first_investigation_Piramidka_NOR1|Latency_to_first_investigation_Stakan_zone_NOR2,0.0,0.4,0.2258962802610732,0.2042248023566941,0.0006583494868234065,0.0174033790382914,5,0.09234083568675015,0.09234083567432126,0.9125229083136253,0.9430862336591161,4,2,1,OSQP
6,0,1,6,OFT_distance|Time_inCenter_OFT|Average_speed_NOR1|Latency_to_first_investigation_Piramidka_NOR1|Latency_to_first_investigation_Stakan_zone_NOR2|rear_support,0.0,0.4,0.08940190146733495,0.10101188267148734,0.039747786779803625,0.1691290476199039,6,0.1404745645332558,0.12216223592296215,0.6935664237823578,0.6377621372444867,4,2,1,OSQP
6,0,2,6,OFT_distance|Time_inCenter_OFT|Average_speed_NOR1|Latency_to_first_investigation_Piramidka_NOR1|Latency_to_first_investigation_Stakan_zone_NOR2|rear_support,0.0,0.1,0.024336501426314227,0.13266564622265573,0.018394261349609396,0.19062026786392725,6,0.26118261347771127,0.15692085215860524,0.5709496084926277,0.7416633088568461,4,2,1,OSQP
6,1,1,6,OFT_distance|Time_inCenter_OFT|Average_speed_NOR1|Latency_to_first_investigation_Piramidka_NOR1|Latency_to_first_investigation_Stakan_zone_NOR2|rear_support,0.0,0.5,0.15207720407727393,0.20369642018145304,0.002192105740219718,0.056169764768997744,6,0.17225813729012043,0.10105922430891938,0.8027961142065223,0.8275061032547697,4,2,1,OSQP
6,1,2,6,OFT_distance|Time_inCenter_OFT|Average_speed_NOR1|Latency_to_first_investigation_Piramidka_NOR1|Latency_to_first_investigation_Stakan_zone_NOR2|rear_support,0.0,0.2,0.031423939615288374,0.16493429238490162,0.027377375596616765,0.18280665806651436,6,0.20845801812763926,0.10422901834634223,0.6259426409803257,0.5196019096683153,4,2,1,OSQP
6,1,3,6,OFT_distance|Time_inCenter_OFT|Average_speed_NOR1|Latency_to_first_investigation_Piramidka_NOR1|Latency_to_first_investigation_Stakan_zone_NOR2|rear_support,0.06,0.1,0.03257337126238469,255.26441281106673,63791.848438569396,0.22445808231475134,6,0.21560366336951978,0.11536163666172458,0.4624466831828097,-2038.3112422633694,4,2,2,OSQP
6,2,3,6,OFT_distance|Time_inCenter_OFT|Average_speed_NOR1|Latency_to_first_investigation_Piramidka_NOR1|Latency_to_first_investigation_Stakan_zone_NOR2|rear_support,0.0,0.0,0.02220756904640092,0.07809827270106022,0.009543369983221119,0.1342341498128579,6,0.385977269919161,0.24247992016730807,0.6460567576256566,0.6297753680003552,4,2,1,OSQP
6,3,1,6,OFT_distance|Time_inCenter_OFT|Average_speed_NOR1|Latency_to_first_investigation_Piramidka_NOR1|Latency_to_first_investigation_Stakan_zone_NOR2|rear_support,0.0,0.2,0.03336753968884714,0.03663531202141026,0.020208968558022285,0.17098598649482438,6,0.33749206929095577,0.15614889776646418,0.4970197595944602,0.5163287065705542,4,2,1,OSQP
6,3,2,6,OFT_distance|Time_inCenter_OFT|Average_speed_NOR1|Latency_to_first_investigation_Piramidka_NOR1|Latency_to_first_investigation_Stakan_zone_NOR2|rear_support,0.0,0.3,0.0703647155850835,0.155221188937424,0.005889139297529704,0.09490749909456876,6,0.14996406930256131,0.1047442982901069,0.7711292788369959,0.7111481242339439,4,2,1,OSQP
6,3,3,6,OFT_distance|Time_inCenter_OFT|Average_speed_NOR1|Latency_to_first_investigation_Piramidka_NOR1|Latency_to_first_investigation_Stakan_zone_NOR2|rear_support,0.0,0.4,0.15242867530648443,0.07855761930261744,0.0032187448017668156,0.065048247834765,6,0.18007290442287455,0.09393089460026534,0.8463734156965347,0.8915815950101612,4,2,1,OSQP
6,5,1,6,OFT_distance|Time_inCenter_OFT|Average_speed_NOR1|Latency_to_first_investigation_Piramidka_NOR1|Latency_to_first_investigation_Stakan_zone_NOR2|rear_support,0.0,0.2,0.041763121679309054,0.13901265562673934,0.026003559180188627,0.19920833842577879,6,0.4710945571009325,0.18256251281930191,0.43889814254527626,0.536968199348816,4,2,1,OSQP
6,5,2,6,OFT_distance|Time_inCenter_OFT|Average_speed_NOR1|Latency_to_first_investigation_Piramidka_NOR1|Latency_to_first_investigation_Stakan_zone_NOR2|rear_support,0.0,0.3,0.06641824466564412,0.027686542064829907,0.011442971357486953,0.09966383730672804,6,0.08761994191372337,0.08731148566453588,0.7290967526116146,0.8019452467085708,4,2,1,OSQP
6,5,3,6,OFT_distance|Time_inCenter_OFT|Average_speed_NOR1|Latency_to_first_investigation_Piramidka_NOR1|Latency_to_first_investigation_Stakan_zone_NOR2|rear_support,0.0,0.4,0.19596153079480041,0.23476670886171025,0.001888929442777431,0.04130556085613842,6,0.07776312901676752,0.05348806284693896,0.8148290604474028,0.8264641778913285,4,2,1,OSQP
6,6,1,6,OFT_distance|Time_inCenter_OFT|Average_speed_NOR1|Latency_to_first_investigation_Piramidka_NOR1|Latency_to_first_investigation_Stakan_zone_NOR2|rear_support,0.0,0.3,0.09239201761859782,0.10103058784104742,0.026014254366754058,0.15392861198399246,6,0.040147817662338124,0.040147812397804794,0.6603104224216532,0.5973389311249695,4,2,1,OSQP
6,6,2,6,OFT_distance|Time_inCenter_OFT|Average_speed_NOR1|Latency_to_first_investigation_Piramidka_NOR1|Latency_to_first_investigation_Stakan_zone_NOR2|rear_support,0.0,0.3,0.09256061896259142,0.1833326803651029,0.0033132437426209096,0.06293298786641426,6,0.21972448976028924,0.12965156547572604,0.8675338037483884,0.8729861705891838,4,2,1,OSQP
6,6,3,6,OFT_distance|Time_inCenter_OFT|Average_speed_NOR1|Latency_to_first_investigation_Piramidka_NOR1|Latency_to_first_investigation_Stakan_zone_NOR2|rear_support,0.0,0.1,0.03896565511431227,0.14699744291743108,0.010410043561238648,0.15775030774040288,6,0.493025621285732,0.24125579989777338,0.5270799029877189,0.590963207981771,4,2,1,OSQP
6,7,1,6,OFT_distance|Time_inCenter_OFT|Average_speed_NOR1|Latency_to_first_investigation_Piramidka_NOR1|Latency_to_first_investigation_Stakan_zone_NOR2|rear_support,0.0,0.2,0.05547211748293818,0.198428214835122,0.010840623156425542,0.10259808277210708,6,0.27669578364658687,0.12748190803082338,0.7166726498911133,0.7322114207733459,4,2,1,OSQP
6,7,2,6,OFT_distance|Time_inCenter_OFT|Average_speed_NOR1|Latency_to_first_investigation_Piramidka_NOR1|Latency_to_first_investigation_Stakan_zone_NOR2|rear_support,0.0,0.3,0.09468966935847423,0.07253719818856477,0.01832328037381534,0.09741769176026813,6,0.05627890115600566,0.05627889104337452,0.7608405297758452,0.7370617458560648,4,2,1,OSQP
6,8,1,6,OFT_distance|Time_inCenter_OFT|Average_speed_NOR1|Latency_to_first_investigation_Piramidka_NOR1|Latency_to_first_investigation_Stakan_zone_NOR2|rear_support,0.0,0.1,0.047579184695451325,0.11909890386944857,0.008724742624664486,0.11601897849100809,6,0.37219792033221266,0.20336882643886495,0.6309220061240882,0.5610700844089,4,2,1,OSQP
6,8,2,6,OFT_distance|Time_inCenter_OFT|Average_speed_NOR1|Latency_to_first_investigation_Piramidka_NOR1|Latency_to_first_investigation_Stakan_zone_NOR2|rear_support,0.0,0.0,0.006092223815813161,0.10612541371453994,0.021734458156329805,0.19659011718681574,6,0.34228172848985416,0.18993941021623506,0.5597126098041421,0.5978831540302714,4,2,1,OSQP
6,8,3,6,OFT_distance|Time_inCenter_OFT|Average_speed_NOR1|Latency_to_first_investigation_Piramidka_NOR1|Latency_to_first_investigation_Stakan_zone_NOR2|rear_support,0.0,0.6,0.19124746344283125,0.09592485661861834,0.004759328407559651,0.06737421034229535,6,0.16896126689610064,0.0981699295131224,0.8520979230607845,0.9134296191451552,4,2,1,OSQP
6,9,1,6,OFT_distance|Time_inCenter_OFT|Average_speed_NOR1|Latency_to_first_investigation_Piramidka_NOR1|Latency_to_first_investigation_Stakan_zone_NOR2|rear_support,0.0,0.3,0.09306115299566683,0.08171098572297059,0.009028305299266563,0.07902561670568674,6,0.1513121337877429,0.09865373063775784,0.7403304371780256,0.7387091559043572,4,2,1,OSQP
6,9,3,6,OFT_distance|Time_inCenter_OFT|Average_speed_NOR1|Latency_to_first_investigation_Piramidka_NOR1|Latency_to_first_investigation_Stakan_zone_NOR2|rear_support,0.0,0.4,0.21446149423757968,0.19769490460866773,0.001386560781087791,0.03395928282436301,6,0.08110942970836588,0.08110942963128298,0.9032502614405762,0.9199658882493044,4,2,1,OSQP
7,0,1,7,OFT_distance|Time_inCenter_OFT|Average_speed_NOR1|Latency_to_first_investigation_Piramidka_NOR1|Time_investigating_Stakan_zone_NOR2|Latency_to_first_investigation_Stakan_zone_NOR2|rear_support,0.0,0.3,0.08891048464802326,0.10167057354626693,0.039891084729987696,0.16990571645653998,7,0.13709069066103496,0.11934698324152161,0.6829193698549634,0.6395646525380917,6,2,1,OSQP
7,0,2,7,OFT_distance|Time_inCenter_OFT|Average_speed_NOR1|Latency_to_first_investigation_Piramidka_NOR1|Time_investigating_Stakan_zone_NOR2|Latency_to_first_investigation_Stakan_zone_NOR2|rear_support,0.0,0.1,0.025257190429117345,0.12372082856141184,0.019595142824090927,0.19006123328033678,7,0.2544318201154058,0.16143984693735194,0.5734332308416517,0.7656461043989109,6,2,1,OSQP
7,1,1,7,OFT_distance|Time_inCenter_OFT|Average_speed_NOR1|Latency_to_first_investigation_Piramidka_NOR1|Time_investigating_Stakan_zone_NOR2|Latency_to_first_investigation_Stakan_zone_NOR2|rear_support,0.0,0.5,0.15988332990096665,0.2272131217581122,0.0031099488568281414,0.049396072810164816,7,0.16268858408431278,0.1016163250160577,0.8008697394853623,0.8084023301490988,6,2,1,OSQP
7,1,2,7,OFT_distance|Time_inCenter_OFT|Average_speed_NOR1|Latency_to_first_investigation_Piramidka_NOR1|Time_investigating_Stakan_zone_NOR2|Latency_to_first_investigation_Stakan_zone_NOR2|rear_support,0.0,0.2,0.03380315993528234,0.16229728736041382,0.02915796318070944,0.17928706004766123,7,0.2009554985687663,0.1004777556055039,0.6185579556783891,0.5494884907347879,6,2,1,OSQP
7,1,3,7,OFT_distance|Time_inCenter_OFT|Average_speed_NOR1|Latency_to_first_investigation_Piramidka_NOR1|Time_investigating_Stakan_zone_NOR2|Latency_to_first_investigation_Stakan_zone_NOR2|rear_support,0.06,0.1,0.029684490258577778,262.15184483501884,67285.1559255867,0.22202423797069976,7,0.20384182132819928,0.10040343466721746,0.4928137285911268,-2093.360087886741,6,2,4,OSQP
7,2,3,7,OFT_distance|Time_inCenter_OFT|Average_speed_NOR1|Latency_to_first_investigation_Piramidka_NOR1|Time_investigating_Stakan_zone_NOR2|Latency_to_first_investigation_Stakan_zone_NOR2|rear_support,0.0,0.1,0.022947412647251208,0.07994007985628004,0.00974981575499808,0.13572245544428246,7,0.381728709514611,0.2467111589802741,0.6468624508558992,0.6185879984317701,6,2,1,OSQP
7,3,1,7,OFT_distance|Time_inCenter_OFT|Average_speed_NOR1|Latency_to_first_investigation_Piramidka_NOR1|Time_investigating_Stakan_zone_NOR2|Latency_to_first_investigation_Stakan_zone_NOR2|rear_support,0.0,0.2,0.04263131436180598,0.04095616514256734,0.02118153488012048,0.17559799566360224,7,0.3193599015342988,0.14905756011771976,0.5026532811593385,0.5078101437719856,6,2,1,OSQP
7,3,2,7,OFT_distance|Time_inCenter_OFT|Average_speed_NOR1|Latency_to_first_investigation_Piramidka_NOR1|Time_investigating_Stakan_zone_NOR2|Latency_to_first_investigation_Stakan_zone_NOR2|rear_support,0.0,0.2,0.06678858268730284,0.16847957905598573,0.00782175545524267,0.08734878283178088,7,0.1305739423526599,0.10107876998252785,0.8032231699753991,0.79040606756195,6,2,1,OSQP
7,3,3,7,OFT_distance|Time_inCenter_OFT|Average_speed_NOR1|Latency_to_first_investigation_Piramidka_NOR1|Time_investigating_Stakan_zone_NOR2|Latency_to_first_investigation_Stakan_zone_NOR2|rear_support,0.0,0.6,0.1600565063821529,0.08345409923492124,0.00398322476453489,0.06478395946469571,7,0.17090931890470798,0.08247426870152194,0.8502533961161973,0.9032391423665848,6,2,1,OSQP
7,5,1,7,OFT_distance|Time_inCenter_OFT|Average_speed_NOR1|Latency_to_first_investigation_Piramidka_NOR1|Time_investigating_Stakan_zone_NOR2|Latency_to_first_investigation_Stakan_zone_NOR2|rear_support,0.0,0.2,0.042998243545406385,0.1315233223520901,0.022693848095267036,0.18372847127799058,7,0.497108144006394,0.1852900033285321,0.4957594797346584,0.5578536403343746,6,2,1,OSQP
7,5,2,7,OFT_distance|Time_inCenter_OFT|Average_speed_NOR1|Latency_to_first_investigation_Piramidka_NOR1|Time_investigating_Stakan_zone_NOR2|Latency_to_first_investigation_Stakan_zone_NOR2|rear_support,0.0,0.3,0.0640375075939049,0.0271152760567648,0.010254781872913043,0.09772247999960801,7,0.08717361418752415,0.08717359913901349,0.7607492616476531,0.8259797278845606,6,2,1,OSQP
7,5,3,7,OFT_distance|Time_inCenter_OFT|Average_speed_NOR1|Latency_to_first_investigation_Piramidka_NOR1|Time_investigating_Stakan_zone_NOR2|Latency_to_first_investigation_Stakan_zone_NOR2|rear_support,0.0,0.5,0.2129747308038718,0.24409469539084813,0.005198888757258337,0.04445231334886219,7,0.031107798755018356,0.018254049322425865,0.8256296583597482,0.8488403757129329,6,2,1,OSQP
7,6,1,7,OFT_distance|Time_inCenter_OFT|Average_speed_NOR1|Latency_to_first_investigation_Piramidka_NOR1|Time_investigating_Stakan_zone_NOR2|Latency_to_first_investigation_Stakan_zone_NOR2|rear_support,0.0,0.3,0.09229109031185409,0.0999002173552748,0.024778424119632467,0.15033401701285598,7,0.04147221748994142,0.04147221406525326,0.65459362225578,0.607542873006477,6,2,1,OSQP
7,6,2,7,OFT_distance|Time_inCenter_OFT|Average_speed_NOR1|Latency_to_first_investigation_Piramidka_NOR1|Time_investigating_Stakan_zone_NOR2|Latency_to_first_investigation_Stakan_zone_NOR2|rear_support,0.0,0.3,0.09600270071443932,0.18603647527524805,0.0038670363075398785,0.05873191958961658,7,0.21594903933070173,0.1268437442242496,0.8535748472683896,0.8789107659543638,6,2,1,OSQP
7,6,3,7,OFT_distance|Time_inCenter_OFT|Average_speed_NOR1|Latency_to_first_investigation_Piramidka_NOR1|Time_investigating_Stakan_zone_NOR2|Latency_to_first_investigation_Stakan_zone_NOR2|rear_support,0.0,0.1,0.033390905967367004,0.14986022847784025,0.010952197791766828,0.16389697087750074,7,0.4779659387942281,0.24176753035665707,0.4965438487146411,0.5982924968799391,6,2,1,OSQP
7,7,1,7,OFT_distance|Time_inCenter_OFT|Average_speed_NOR1|Latency_to_first_investigation_Piramidka_NOR1|Time_investigating_Stakan_zone_NOR2|Latency_to_first_investigation_Stakan_zone_NOR2|rear_support,0.0,0.2,0.05310207995853655,0.2007934123363761,0.012143256626885736,0.11015063186665838,7,0.2707574409534818,0.12248991435567809,0.6909061527048348,0.6900540568338822,6,2,1,OSQP
7,7,2,7,OFT_distance|Time_inCenter_OFT|Average_speed_NOR1|Latency_to_first_investigation_Piramidka_NOR1|Time_investigating_Stakan_zone_NOR2|Latency_to_first_investigation_Stakan_zone_NOR2|rear_support,0.0,0.4,0.11919353801508117,0.07823022205491563,0.02302993899945298,0.09032965980773935,7,0.05238522923849553,0.03460683629183067,0.8081192608639222,0.601853074118154,6,2,1,OSQP
7,8,1,7,OFT_distance|Time_inCenter_OFT|Average_speed_NOR1|Latency_to_first_investigation_Piramidka_NOR1|Time_investigating_Stakan_zone_NOR2|Latency_to_first_investigation_Stakan_zone_NOR2|rear_support,0.0,0.1,0.04579505620559424,0.11877625270736589,0.008901274981595,0.11604862654927092,7,0.3578165689961697,0.20238586623389604,0.6400827485589247,0.6075697666956287,6,2,1,OSQP
7,8,2,7,OFT_distance|Time_inCenter_OFT|Average_speed_NOR1|Latency_to_first_investigation_Piramidka_NOR1|Time_investigating_Stakan_zone_NOR2|Latency_to_first_investigation_Stakan_zone_NOR2|rear_support,0.0,0.0,0.005591013246611515,0.10976584771977664,0.022131799698544757,0.19767989808385816,7,0.33890697136228926,0.18791467182601507,0.5417481412492055,0.5982149556298941,6,2,1,OSQP
7,8,3,7,OFT_distance|Time_inCenter_OFT|Average_speed_NOR1|Latency_to_first_investigation_Piramidka_NOR1|Time_investigating_Stakan_zone_NOR2|Latency_to_first_investigation_Stakan_zone_NOR2|rear_support,0.0,0.6,0.19603450034255904,0.10981969261945661,0.006872839672482349,0.08916868839640635,7,0.10108733425091351,0.07063037206236211,0.750008363270942,0.7962602145758526,6,2,1,OSQP
7,9,1,7,OFT_distance|Time_inCenter_OFT|Average_speed_NOR1|Latency_to_first_investigation_Piramidka_NOR1|Time_investigating_Stakan_zone_NOR2|Latency_to_first_investigation_Stakan_zone_NOR2|rear_support,0.0,0.6,0.12155955659172361,0.09428946155357311,0.007191067694424535,0.07050611686944575,7,0.11411504469163956,0.09426186927043922,0.7239872849429149,0.7469098796661838,6,2,1,OSQP
7,9,3,7,OFT_distance|Time_inCenter_OFT|Average_speed_NOR1|Latency_to_first_investigation_Piramidka_NOR1|Time_investigating_Stakan_zone_NOR2|Latency_to_first_investigation_Stakan_zone_NOR2|rear_support,0.0,0.5,0.22018541212544088,0.18900005975686524,0.005633267840853409,0.07465955620006762,7,0.015973531338374595,0.015973524638282992,0.8117214138680301,0.8240997358978037,6,2,1,OSQP
8,0,1,8,OFT_distance|Time_inCenter_OFT|Average_speed_NOR1|Latency_to_first_investigation_Piramidka_NOR1|Time_investigating_Stakan_zone_NOR2|Latency_to_first_investigation_Stakan_zone_NOR2|EnduranceT|rear_support,0.0,0.4,0.09632114918424707,0.1080885399049919,0.03977067934168827,0.17710611245142252,8,0.10509455585818812,0.0882590492045604,0.6490999786009904,0.641224858081215,8,2,1,OSQP
8,0,2,8,OFT_distance|Time_inCenter_OFT|Average_speed_NOR1|Latency_to_first_investigation_Piramidka_NOR1|Time_investigating_Stakan_zone_NOR2|Latency_to_first_investigation_Stakan_zone_NOR2|EnduranceT|rear_support,0.0,0.1,0.024436298519397954,0.12493303246784196,0.01943850604745986,0.18908416109349674,8,0.2566196986427377,0.16461652754405293,0.5606447171300104,0.7667657696183192,8,2,1,OSQP
8,1,1,8,OFT_distance|Time_inCenter_OFT|Average_speed_NOR1|Latency_to_first_investigation_Piramidka_NOR1|Time_investigating_Stakan_zone_NOR2|Latency_to_first_investigation_Stakan_zone_NOR2|EnduranceT|rear_support,0.0,0.6,0.17214327188264372,0.2425656408860596,0.004344507227386858,0.06590341609586295,8,0.13786884947313033,0.08854479101461074,0.7927637946214228,0.8113086789038108,8,2,1,OSQP
8,1,2,8,OFT_distance|Time_inCenter_OFT|Average_speed_NOR1|Latency_to_first_investigation_Piramidka_NOR1|Time_investigating_Stakan_zone_NOR2|Latency_to_first_investigation_Stakan_zone_NOR2|EnduranceT|rear_support,0.0,0.2,0.03340618894817406,0.16139782524519963,0.029895528767665703,0.17865225353315164,8,0.19616497582709408,0.09808249682174208,0.6175715357363993,0.5402838081039143,8,2,1,OSQP
8,1,3,8,OFT_distance|Time_inCenter_OFT|Average_speed_NOR1|Latency_to_first_investigation_Piramidka_NOR1|Time_investigating_Stakan_zone_NOR2|Latency_to_first_investigation_Stakan_zone_NOR2|EnduranceT|rear_support,0.06,0.3,0.06127492993098642,221.03533837089776,47840.03752256595,0.1908327685458379,8,0.06621550086945321,0.05897028680553221,0.41433926307220337,-1764.9187005096285,8,2,3,OSQP
8,2,3,8,OFT_distance|Time_inCenter_OFT|Average_speed_NOR1|Latency_to_first_investigation_Piramidka_NOR1|Time_investigating_Stakan_zone_NOR2|Latency_to_first_investigation_Stakan_zone_NOR2|EnduranceT|rear_support,0.0,0.1,0.021747602362769257,0.06928405532821137,0.006806563172373444,0.11935443168927776,8,0.3957731265136808,0.2524678933081869,0.6571496296202979,0.7061499813404897,8,2,1,OSQP
8,3,1,8,OFT_distance|Time_inCenter_OFT|Average_speed_NOR1|Latency_to_first_investigation_Piramidka_NOR1|Time_investigating_Stakan_zone_NOR2|Latency_to_first_investigation_Stakan_zone_NOR2|EnduranceT|rear_support,0.0,0.3,0.052104282783120015,0.030863916522097128,0.022840686900841897,0.18670494909113886,8,0.2832734713634008,0.14559209561735414,0.548578971681093,0.5607492212435304,8,2,1,OSQP
8,3,2,8,OFT_distance|Time_inCenter_OFT|Average_speed_NOR1|Latency_to_first_investigation_Piramidka_NOR1|Time_investigating_Stakan_zone_NOR2|Latency_to_first_investigation_Stakan_zone_NOR2|EnduranceT|rear_support,0.0,0.3,0.06807010080726537,0.16659742384622242,0.007393997688140619,0.08765481378085489,8,0.12873102794461752,0.09698510663981356,0.8034343896154605,0.7760469074763123,8,2,1,OSQP
8,3,3,8,OFT_distance|Time_inCenter_OFT|Average_speed_NOR1|Latency_to_first_investigation_Piramidka_NOR1|Time_investigating_Stakan_zone_NOR2|Latency_to_first_investigation_Stakan_zone_NOR2|EnduranceT|rear_support,0.0,0.5,0.15610317714306202,0.09089495901432221,0.0027031571750908995,0.07208761258563841,8,0.1395759396431236,0.10223754408528318,0.7322083724115973,0.8666752576543998,8,2,1,OSQP
8,5,1,8,OFT_distance|Time_inCenter_OFT|Average_speed_NOR1|Latency_to_first_investigation_Piramidka_NOR1|Time_investigating_Stakan_zone_NOR2|Latency_to_first_investigation_Stakan_zone_NOR2|EnduranceT|rear_support,0.0,0.3,0.06355717023540511,0.16233269586217802,0.020603591169192872,0.17960306192291883,8,0.4493637936613184,0.19890919956543368,0.4535392739404914,0.5734308337311769,8,2,1,OSQP
8,5,2,8,OFT_distance|Time_inCenter_OFT|Average_speed_NOR1|Latency_to_first_investigation_Piramidka_NOR1|Time_investigating_Stakan_zone_NOR2|Latency_to_first_investigation_Stakan_zone_NOR2|EnduranceT|rear_support,0.0,0.3,0.064532982138694,0.02696241580513394,0.010400734231013441,0.09817980489008746,8,0.08660287232574143,0.08660285677231616,0.7595407066614375,0.8243720351242221,8,2,1,OSQP
8,5,3,8,OFT_distance|Time_inCenter_OFT|Average_speed_NOR1|Latency_to_first_investigation_Piramidka_NOR1|Time_investigating_Stakan_zone_NOR2|Latency_to_first_investigation_Stakan_zone_NOR2|EnduranceT|rear_support,0.0,0.5,0.21214431535844605,0.24452096045691601,0.005175724246911025,0.04527259168658539,8,0.030460606336406838,0.017044783688611093,0.8272518185488764,0.8458867203186866,8,2,1,OSQP
8,6,1,8,OFT_distance|Time_inCenter_OFT|Average_speed_NOR1|Latency_to_first_investigation_Piramidka_NOR1|Time_investigating_Stakan_zone_NOR2|Latency_to_first_investigation_Stakan_zone_NOR2|EnduranceT|rear_support,0.0,0.3,0.0936005590917661,0.10140751535135371,0.021213746744729797,0.14119946384753623,8,0.05300182668971929,0.050703103828161025,0.6787519788365375,0.6155585293485624,8,2,1,OSQP
8,6,2,8,OFT_distance|Time_inCenter_OFT|Average_speed_NOR1|Latency_to_first_investigation_Piramidka_NOR1|Time_investigating_Stakan_zone_NOR2|Latency_to_first_investigation_Stakan_zone_NOR2|EnduranceT|rear_support,0.0,0.4,0.09248513535910827,0.18174434052812038,0.0035578540740550213,0.05925476905683682,8,0.21454138659095331,0.12817370966522848,0.8454001999214238,0.8580712492314648,8,2,1,OSQP
8,6,3,8,OFT_distance|Time_inCenter_OFT|Average_speed_NOR1|Latency_to_first_investigation_Piramidka_NOR1|Time_investigating_Stakan_zone_NOR2|Latency_to_first_investigation_Stakan_zone_NOR2|EnduranceT|rear_support,0.0,0.2,0.031608531114373464,0.15639644737914815,0.009941450653509204,0.15519263532039998,8,0.4641106042341956,0.25879686245370065,0.5794650530789462,0.6409024351130287,8,2,1,OSQP
8,7,1,8,OFT_distance|Time_inCenter_OFT|Average_speed_NOR1|Latency_to_first_investigation_Piramidka_NOR1|Time_investigating_Stakan_zone_NOR2|Latency_to_first_investigation_Stakan_zone_NOR2|EnduranceT|rear_support,0.0,0.2,0.05229482947491639,0.2083850439179147,0.010875096810162183,0.10309661168913963,8,0.24852368640063632,0.12201486192727709,0.6866305472327395,0.7055422913151226,8,2,1,OSQP
8,7,2,8,OFT_distance|Time_inCenter_OFT|Average_speed_NOR1|Latency_to_first_investigation_Piramidka_NOR1|Time_investigating_Stakan_zone_NOR2|Latency_to_first_investigation_Stakan_zone_NOR2|EnduranceT|rear_support,0.0,0.3,0.11474483832938225,0.05543696775587176,0.01570840016860248,0.08214341974266703,8,0.040489139407004326,0.03329966060970417,0.7861182405797794,0.7606908313138911,8,2,1,OSQP
8,8,1,8,OFT_distance|Time_inCenter_OFT|Average_speed_NOR1|Latency_to_first_investigation_Piramidka_NOR1|Time_investigating_Stakan_zone_NOR2|Latency_to_first_investigation_Stakan_zone_NOR2|EnduranceT|rear_support,0.0,0.1,0.045453057918629164,0.11800408354053385,0.008956468409721675,0.11639369553840358,8,0.3575451885344936,0.20328305880584274,0.6402098224759704,0.6109378240050453,8,2,1,OSQP
8,8,2,8,OFT_distance|Time_inCenter_OFT|Average_speed_NOR1|Latency_to_first_investigation_Piramidka_NOR1|Time_investigating_Stakan_zone_NOR2|Latency_to_first_investigation_Stakan_zone_NOR2|EnduranceT|rear_support,0.0,0.0,0.0031827422202281228,0.09164181927696202,0.013746559249238928,0.15052540177737805,8,0.38948664819050194,0.20450212921997887,0.6313179932475734,0.7172168524498899,8,2,1,OSQP
8,8,3,8,OFT_distance|Time_inCenter_OFT|Average_speed_NOR1|Latency_to_first_investigation_Piramidka_NOR1|Time_investigating_Stakan_zone_NOR2|Latency_to_first_investigation_Stakan_zone_NOR2|EnduranceT|rear_support,0.0,0.6,0.18885721400318117,0.11163171114245422,0.007945576150996066,0.10083756290336263,8,0.0181728522529492,0.013003154187710714,0.6662650999151971,0.7301407610295392,8,2,1,OSQP
8,9,1,8,OFT_distance|Time_inCenter_OFT|Average_speed_NOR1|Latency_to_first_investigation_Piramidka_NOR1|Time_investigating_Stakan_zone_NOR2|Latency_to_first_investigation_Stakan_zone_NOR2|EnduranceT|rear_support,0.0,0.6,0.12377783745488427,0.0940931959295891,0.006948226491858718,0.07053996217655087,8,0.11579910151162806,0.09564761577587244,0.7242631786802013,0.7527784064324914,8,2,1,OSQP
8,9,3,8,OFT_distance|Time_inCenter_OFT|Average_speed_NOR1|Latency_to_first_investigation_Piramidka_NOR1|Time_investigating_Stakan_zone_NOR2|Latency_to_first_investigation_Stakan_zone_NOR2|EnduranceT|rear_support,0.0,0.5,0.2181412574342762,0.18743780630459644,0.005564491674767219,0.07350474243035353,8,0.015874969815880987,0.01587495579761167,0.812076161643776,0.8285802843203521,8,2,1,OSQP
9,0,1,9,OFT_distance|Average_speed_OFT|Time_inCenter_OFT|Average_speed_NOR1|Latency_to_first_investigation_Piramidka_NOR1|Time_investigating_Stakan_zone_NOR2|Latency_to_first_investigation_Stakan_zone_NOR2|EnduranceT|rear_support,0.0,0.5,0.10118559752359299,0.09509383040392964,0.037697893634192695,0.17287582038122745,9,0.10444504178105742,0.09209475356606234,0.6661972807774381,0.6568912176394602,9,3,1,OSQP
9,0,2,9,OFT_distance|Average_speed_OFT|Time_inCenter_OFT|Average_speed_NOR1|Latency_to_first_investigation_Piramidka_NOR1|Time_investigating_Stakan_zone_NOR2|Latency_to_first_investigation_Stakan_zone_NOR2|EnduranceT|rear_support,0.0,0.2,0.02527594211965243,0.12605768065753098,0.016875293743324207,0.20758070766697437,9,0.24623063315248012,0.13901599972866865,0.5684265872657462,0.762698171068457,9,3,1,OSQP
9,1,1,9,OFT_distance|Average_speed_OFT|Time_inCenter_OFT|Average_speed_NOR1|Latency_to_first_investigation_Piramidka_NOR1|Time_investigating_Stakan_zone_NOR2|Latency_to_first_investigation_Stakan_zone_NOR2|EnduranceT|rear_support,0.0,0.6,0.19040251816780515,0.27453509429925715,0.0053253422749540286,0.08763027942530005,8,0.11510984940535353,0.09456526421476263,0.7514261707851856,0.8233010086018768,9,3,1,OSQP
9,1,2,9,OFT_distance|Average_speed_OFT|Time_inCenter_OFT|Average_speed_NOR1|Latency_to_first_investigation_Piramidka_NOR1|Time_investigating_Stakan_zone_NOR2|Latency_to_first_investigation_Stakan_zone_NOR2|EnduranceT|rear_support,0.0,0.2,0.02915915331556518,0.15502414831926375,0.03014559991221954,0.19027659641327488,9,0.16585741416487737,0.08292868091793174,0.6741202836473621,0.561298272587547,9,3,1,OSQP
9,1,3,9,OFT_distance|Average_speed_OFT|Time_inCenter_OFT|Average_speed_NOR1|Latency_to_first_investigation_Piramidka_NOR1|Time_investigating_Stakan_zone_NOR2|Latency_to_first_investigation_Stakan_zone_NOR2|EnduranceT|rear_support,0.06,0.4,0.06610398182335764,168.17698310124314,27700.542837006175,0.17874832017681733,9,0.06978537618016915,0.037767226408849164,0.45726992792706456,-1342.786194998683,9,3,3,OSQP
9,2,3,9,OFT_distance|Average_speed_OFT|Time_inCenter_OFT|Average_speed_NOR1|Latency_to_first_investigation_Piramidka_NOR1|Time_investigating_Stakan_zone_NOR2|Latency_to_first_investigation_Stakan_zone_NOR2|EnduranceT|rear_support,0.0,0.1,0.022972374858932738,0.05755375300912293,0.006669505704625764,0.14254264090171534,9,0.3145174171112525,0.18694042096690588,0.6865591176657249,0.7140078751572458,9,3,1,OSQP
9,3,1,9,OFT_distance|Average_speed_OFT|Time_inCenter_OFT|Average_speed_NOR1|Latency_to_first_investigation_Piramidka_NOR1|Time_investigating_Stakan_zone_NOR2|Latency_to_first_investigation_Stakan_zone_NOR2|EnduranceT|rear_support,0.0,0.2,0.05592049246849,0.05367905312972842,0.021952506537841695,0.18934058266918938,9,0.19335869146130738,0.09667934407960417,0.5425065114525113,0.48082654236048405,9,3,1,OSQP
9,3,2,9,OFT_distance|Average_speed_OFT|Time_inCenter_OFT|Average_speed_NOR1|Latency_to_first_investigation_Piramidka_NOR1|Time_investigating_Stakan_zone_NOR2|Latency_to_first_investigation_Stakan_zone_NOR2|EnduranceT|rear_support,0.0,0.2,0.060790290060090804,0.16116233845296796,0.007078907102769069,0.10362664616010121,9,0.11785368442892818,0.08702804480934777,0.8015991778009428,0.7523327421774939,9,3,1,OSQP
9,3,3,9,OFT_distance|Average_speed_OFT|Time_inCenter_OFT|Average_speed_NOR1|Latency_to_first_investigation_Piramidka_NOR1|Time_investigating_Stakan_zone_NOR2|Latency_to_first_investigation_Stakan_zone_NOR2|EnduranceT|rear_support,0.0,0.6,0.15823989469169344,0.08688756641463641,0.0018677758618888686,0.0823243809434775,9,0.13425756111865486,0.11717606929048008,0.73190641293646,0.880238998872656,9,3,1,OSQP
9,5,1,9,OFT_distance|Average_speed_OFT|Time_inCenter_OFT|Average_speed_NOR1|Latency_to_first_investigation_Piramidka_NOR1|Time_investigating_Stakan_zone_NOR2|Latency_to_first_investigation_Stakan_zone_NOR2|EnduranceT|rear_support,0.0,0.3,0.06583401673111128,0.24491772798652095,0.03417659365197854,0.2329022678783013,8,0.26656315834931416,0.13328157924127498,0.41958537669284146,0.6255379083770252,9,3,1,OSQP
9,5,2,9,OFT_distance|Average_speed_OFT|Time_inCenter_OFT|Average_speed_NOR1|Latency_to_first_investigation_Piramidka_NOR1|Time_investigating_Stakan_zone_NOR2|Latency_to_first_investigation_Stakan_zone_NOR2|EnduranceT|rear_support,0.0,0.4,0.07209170221238452,0.01994403230495396,0.008707402703132921,0.10920511430647595,9,0.06899408324806378,0.06899406527511565,0.7731074969187244,0.8105146080884404,9,3,1,OSQP
9,5,3,9,OFT_distance|Average_speed_OFT|Time_inCenter_OFT|Average_speed_NOR1|Latency_to_first_investigation_Piramidka_NOR1|Time_investigating_Stakan_zone_NOR2|Latency_to_first_investigation_Stakan_zone_NOR2|EnduranceT|rear_support,0.0,0.5,0.21874184724101386,0.2595080988983197,0.004266549810425811,0.050187116119027854,9,0.02895658584764775,0.021974870059306865,0.8198041260761784,0.8430983335752679,9,3,1,OSQP
9,6,1,9,OFT_distance|Average_speed_OFT|Time_inCenter_OFT|Average_speed_NOR1|Latency_to_first_investigation_Piramidka_NOR1|Time_investigating_Stakan_zone_NOR2|Latency_to_first_investigation_Stakan_zone_NOR2|EnduranceT|rear_support,0.0,0.3,0.09451543961175217,0.10116408381380682,0.021165896431680986,0.1346296591806112,9,0.04924382607449367,0.049243822218190694,0.6643316622440113,0.6371589917934151,9,3,1,OSQP
9,6,2,9,OFT_distance|Average_speed_OFT|Time_inCenter_OFT|Average_speed_NOR1|Latency_to_first_investigation_Piramidka_NOR1|Time_investigating_Stakan_zone_NOR2|Latency_to_first_investigation_Stakan_zone_NOR2|EnduranceT|rear_support,0.0,0.4,0.08947446515728487,0.1695705496834607,0.0036249977518541935,0.07493002447893107,9,0.20497157818778497,0.1190988441147783,0.8371639910590898,0.8589350397265414,9,3,1,OSQP
9,6,3,9,OFT_distance|Average_speed_OFT|Time_inCenter_OFT|Average_speed_NOR1|Latency_to_first_investigation_Piramidka_NOR1|Time_investigating_Stakan_zone_NOR2|Latency_to_first_investigation_Stakan_zone_NOR2|EnduranceT|rear_support,0.0,0.1,0.029996127551720597,0.15581526807060161,0.010139166785517949,0.18060353547206265,9,0.3688374376757212,0.176456224672545,0.5800301583543117,0.7072541060841422,9,3,1,OSQP
9,7,1,9,OFT_distance|Average_speed_OFT|Time_inCenter_OFT|Average_speed_NOR1|Latency_to_first_investigation_Piramidka_NOR1|Time_investigating_Stakan_zone_NOR2|Latency_to_first_investigation_Stakan_zone_NOR2|EnduranceT|rear_support,0.0,0.4,0.06451842246814878,0.22700558738280735,0.013406737522589753,0.11494842550476797,9,0.23565112361637053,0.11657533367328086,0.6615293677235123,0.7329784548826503,9,3,1,OSQP
9,7,2,9,OFT_distance|Average_speed_OFT|Time_inCenter_OFT|Average_speed_NOR1|Latency_to_first_investigation_Piramidka_NOR1|Time_investigating_Stakan_zone_NOR2|Latency_to_first_investigation_Stakan_zone_NOR2|EnduranceT|rear_support,0.0,0.5,0.12391099460505532,0.0700363375964328,0.0381754469371948,0.09426463071976704,9,1.3116330689879059e-08,1.1698624966527618e-08,0.7447727500978216,0.3824476153043963,9,3,1,OSQP
9,8,1,9,OFT_distance|Average_speed_OFT|Time_inCenter_OFT|Average_speed_NOR1|Latency_to_first_investigation_Piramidka_NOR1|Time_investigating_Stakan_zone_NOR2|Latency_to_first_investigation_Stakan_zone_NOR2|EnduranceT|rear_support,0.0,0.2,0.05708440804457129,0.11396702425976674,0.008112504944821108,0.13588203089528114,9,0.282949542860772,0.14502239973256315,0.6773033188396766,0.6415616967602777,9,3,1,OSQP
9,8,2,9,OFT_distance|Average_speed_OFT|Time_inCenter_OFT|Average_speed_NOR1|Latency_to_first_investigation_Piramidka_NOR1|Time_investigating_Stakan_zone_NOR2|Latency_to_first_investigation_Stakan_zone_NOR2|EnduranceT|rear_support,0.0,0.0,0.0018700042254078245,0.09903061321438729,0.02043419028265495,0.1749696979923802,9,0.3546381037411533,0.17731904380851704,0.6542272334233964,0.7026830988737871,9,3,1,OSQP
9,8,3,9,OFT_distance|Average_speed_OFT|Time_inCenter_OFT|Average_speed_NOR1|Latency_to_first_investigation_Piramidka_NOR1|Time_investigating_Stakan_zone_NOR2|Latency_to_first_investigation_Stakan_zone_NOR2|EnduranceT|rear_support,0.0,0.6,0.18617766544353534,0.10001747644173245,0.006422328094696162,0.10701055989451375,9,0.008897708711399546,0.008897705681621168,0.6292681455903659,0.7155772351728489,9,3,1,OSQP
9,9,1,9,OFT_distance|Average_speed_OFT|Time_inCenter_OFT|Average_speed_NOR1|Latency_to_first_investigation_Piramidka_NOR1|Time_investigating_Stakan_zone_NOR2|Latency_to_first_investigation_Stakan_zone_NOR2|EnduranceT|rear_support,0.0,0.6,0.12260384870601579,0.09272357979670587,0.007170227850966712,0.07265116155580556,9,0.11342086392241435,0.09371561134189155,0.7194798778049369,0.7446601084164639,9,3,1,OSQP
9,9,3,9,OFT_distance|Average_speed_OFT|Time_inCenter_OFT|Average_speed_NOR1|Latency_to_first_investigation_Piramidka_NOR1|Time_investigating_Stakan_zone_NOR2|Latency_to_first_investigation_Stakan_zone_NOR2|EnduranceT|rear_support,0.0,0.5,0.21804691397854659,0.1868095286020032,0.005466394352382314,0.07326882767880592,9,0.016343968664250145,0.016343968659659876,0.8129681650310103,0.8295084850269717,9,3,1,OSQP
10,0,1,10,OFT_distance|Average_speed_OFT|Time_inCenter_OFT|Average_speed_NOR1|Latency_to_first_investigation_Piramidka_NOR1|Time_investigating_Stakan_zone_NOR2|Latency_to_first_investigation_Stakan_zone_NOR2|Learning_T3sum|EnduranceT|rear_support,0.0,0.3,0.09260007328990881,0.09277096921379589,0.03774637755850543,0.17947485043229602,10,0.0837784290388931,0.08337986572767793,0.7032035632017287,0.5542933482552111,9,3,1,OSQP
10,0,2,10,OFT_distance|Average_speed_OFT|Time_inCenter_OFT|Average_speed_NOR1|Latency_to_first_investigation_Piramidka_NOR1|Time_investigating_Stakan_zone_NOR2|Latency_to_first_investigation_Stakan_zone_NOR2|Learning_T3sum|EnduranceT|rear_support,0.0,0.1,0.026892050451915794,0.09802768412151305,0.015562024165026602,0.1815020738236465,10,0.19731067230190133,0.13907855989042067,0.5478417332921484,0.7658291301638616,9,3,1,OSQP
10,1,1,10,OFT_distance|Average_speed_OFT|Time_inCenter_OFT|Average_speed_NOR1|Latency_to_first_investigation_Piramidka_NOR1|Time_investigating_Stakan_zone_NOR2|Latency_to_first_investigation_Stakan_zone_NOR2|Learning_T3sum|EnduranceT|rear_support,0.0,0.6,0.18766533523536688,0.2716945612055784,0.00669723395859484,0.0964319234136824,9,0.09517217953525024,0.09260752946690248,0.7069279886377251,0.7828254000313065,9,3,1,OSQP
10,1,2,10,OFT_distance|Average_speed_OFT|Time_inCenter_OFT|Average_speed_NOR1|Latency_to_first_investigation_Piramidka_NOR1|Time_investigating_Stakan_zone_NOR2|Latency_to_first_investigation_Stakan_zone_NOR2|Learning_T3sum|EnduranceT|rear_support,0.0,0.2,0.026055589351242515,0.11704848328109514,0.01540575060657238,0.16900191110778243,10,0.15030940007446017,0.07515471307215398,0.6657252801101072,0.6622620449880378,9,3,1,OSQP
10,1,3,10,OFT_distance|Average_speed_OFT|Time_inCenter_OFT|Average_speed_NOR1|Latency_to_first_investigation_Piramidka_NOR1|Time_investigating_Stakan_zone_NOR2|Latency_to_first_investigation_Stakan_zone_NOR2|Learning_T3sum|EnduranceT|rear_support,0.06,0.2,0.054511784800293325,139.05916821235104,18943.246782773054,0.17393962059732246,10,0.0725490552351073,0.047794467155813314,0.4496541609205218,-1110.2891161635512,9,3,3,OSQP
10,2,3,10,OFT_distance|Average_speed_OFT|Time_inCenter_OFT|Average_speed_NOR1|Latency_to_first_investigation_Piramidka_NOR1|Time_investigating_Stakan_zone_NOR2|Latency_to_first_investigation_Stakan_zone_NOR2|Learning_T3sum|EnduranceT|rear_support,0.0,0.1,0.016895539127090957,0.06906838346159021,0.007856270869609999,0.15207603246885262,10,0.27692216376575923,0.17809972389949233,0.677065713799142,0.7071724522225902,9,3,1,OSQP
10,3,1,10,OFT_distance|Average_speed_OFT|Time_inCenter_OFT|Average_speed_NOR1|Latency_to_first_investigation_Piramidka_NOR1|Time_investigating_Stakan_zone_NOR2|Latency_to_first_investigation_Stakan_zone_NOR2|Learning_T3sum|EnduranceT|rear_support,0.0,0.1,0.040499700744322256,0.048547920343230806,0.021171639438834062,0.1897233018977008,10,0.18298755586621812,0.09149379695937435,0.5469720582080267,0.5693387527087769,9,3,1,OSQP
10,3,2,10,OFT_distance|Average_speed_OFT|Time_inCenter_OFT|Average_speed_NOR1|Latency_to_first_investigation_Piramidka_NOR1|Time_investigating_Stakan_zone_NOR2|Latency_to_first_investigation_Stakan_zone_NOR2|Learning_T3sum|EnduranceT|rear_support,0.0,0.2,0.058408662374348164,0.16360303648019595,0.010609968781830988,0.11615520228229366,10,0.05320489124533789,0.0532048651734991,0.8003296936551,0.7873236658721754,9,3,1,OSQP
10,3,3,10,OFT_distance|Average_speed_OFT|Time_inCenter_OFT|Average_speed_NOR1|Latency_to_first_investigation_Piramidka_NOR1|Time_investigating_Stakan_zone_NOR2|Latency_to_first_investigation_Stakan_zone_NOR2|Learning_T3sum|EnduranceT|rear_support,0.0,0.5,0.14635982023185495,0.08066617167172965,0.0026453749733536948,0.08743930526150875,10,0.1259474804749243,0.11161417725743403,0.6959468765621735,0.8898880647667191,9,3,1,OSQP
10,5,1,10,OFT_distance|Average_speed_OFT|Time_inCenter_OFT|Average_speed_NOR1|Latency_to_first_investigation_Piramidka_NOR1|Time_investigating_Stakan_zone_NOR2|Latency_to_first_investigation_Stakan_zone_NOR2|Learning_T3sum|EnduranceT|rear_support,0.0,0.3,0.06575762538238866,0.18372755744272,0.02916458224108398,0.23259119646203893,10,0.21266510116351245,0.10633257202820671,0.33092424276960597,0.5695730822047473,9,3,1,OSQP
10,5,2,10,OFT_distance|Average_speed_OFT|Time_inCenter_OFT|Average_speed_NOR1|Latency_to_first_investigation_Piramidka_NOR1|Time_investigating_Stakan_zone_NOR2|Latency_to_first_investigation_Stakan_zone_NOR2|Learning_T3sum|EnduranceT|rear_support,0.0,0.4,0.06776704541795828,0.02588101414472864,0.009813320110357833,0.11190690878592435,10,0.07036497675059318,0.07036496383336041,0.7681156043538105,0.7885176117416697,9,3,1,OSQP
10,5,3,10,OFT_distance|Average_speed_OFT|Time_inCenter_OFT|Average_speed_NOR1|Latency_to_first_investigation_Piramidka_NOR1|Time_investigating_Stakan_zone_NOR2|Latency_to_first_investigation_Stakan_zone_NOR2|Learning_T3sum|EnduranceT|rear_support,0.0,0.5,0.21238635566174668,0.2566220255684967,0.005386801404848102,0.06061070034691059,10,0.014899798241396242,0.014899798234909452,0.8390684958592882,0.8526917887734943,9,3,1,OSQP
10,6,1,10,OFT_distance|Average_speed_OFT|Time_inCenter_OFT|Average_speed_NOR1|Latency_to_first_investigation_Piramidka_NOR1|Time_investigating_Stakan_zone_NOR2|Latency_to_first_investigation_Stakan_zone_NOR2|Learning_T3sum|EnduranceT|rear_support,0.0,0.3,0.07960327374818815,0.09174996733620663,0.016052521184986564,0.13768184716242488,10,0.03047445148819481,0.030474449336312166,0.6534798610980546,0.6460594467157585,9,3,1,OSQP
10,6,2,10,OFT_distance|Average_speed_OFT|Time_inCenter_OFT|Average_speed_NOR1|Latency_to_first_investigation_Piramidka_NOR1|Time_investigating_Stakan_zone_NOR2|Latency_to_first_investigation_Stakan_zone_NOR2|Learning_T3sum|EnduranceT|rear_support,0.0,0.3,0.07639461052641919,0.1757714548358551,0.008974308100756894,0.12149020659632391,10,0.12688931244084198,0.0904616365192618,0.7582841602539672,0.7464161718608244,9,3,1,OSQP
10,6,3,10,OFT_distance|Average_speed_OFT|Time_inCenter_OFT|Average_speed_NOR1|Latency_to_first_investigation_Piramidka_NOR1|Time_investigating_Stakan_zone_NOR2|Latency_to_first_investigation_Stakan_zone_NOR2|Learning_T3sum|EnduranceT|rear_support,0.0,0.0,0.018059293390849045,0.15585971107150157,0.012992334780569251,0.19485680576098008,10,0.3036529264020653,0.15959523745602577,0.47448882387271374,0.6498076495285524,9,3,1,OSQP
10,7,1,10,OFT_distance|Average_speed_OFT|Time_inCenter_OFT|Average_speed_NOR1|Latency_to_first_investigation_Piramidka_NOR1|Time_investigating_Stakan_zone_NOR2|Latency_to_first_investigation_Stakan_zone_NOR2|Learning_T3sum|EnduranceT|rear_support,0.0,0.3,0.05736136005355628,0.21797877068206095,0.012242853579268935,0.12873534607195197,10,0.22027005494827318,0.11013502722295722,0.7161775885551933,0.7156589022018798,9,3,1,OSQP
10,7,2,10,OFT_distance|Average_speed_OFT|Time_inCenter_OFT|Average_speed_NOR1|Latency_to_first_investigation_Piramidka_NOR1|Time_investigating_Stakan_zone_NOR2|Latency_to_first_investigation_Stakan_zone_NOR2|Learning_T3sum|EnduranceT|rear_support,0.0,0.4,0.10042241832529293,0.08510228354037812,0.014155633597362457,0.0902778894020308,10,1.3161381198298768e-08,1.1786402693290233e-08,0.7557224091871406,0.8075548833398885,9,3,1,OSQP
10,8,1,10,OFT_distance|Average_speed_OFT|Time_inCenter_OFT|Average_speed_NOR1|Latency_to_first_investigation_Piramidka_NOR1|Time_investigating_Stakan_zone_NOR2|Latency_to_first_investigation_Stakan_zone_NOR2|Learning_T3sum|EnduranceT|rear_support,0.0,0.2,0.051951332735044445,0.12226711124501333,0.013749428072038994,0.14207309606957527,10,0.24899021381204986,0.1251703263231748,0.6874555446053715,0.6748420870560887,9,3,1,OSQP
10,8,2,10,OFT_distance|Average_speed_OFT|Time_inCenter_OFT|Average_speed_NOR1|Latency_to_first_investigation_Piramidka_NOR1|Time_investigating_Stakan_zone_NOR2|Latency_to_first_investigation_Stakan_zone_NOR2|Learning_T3sum|EnduranceT|rear_support,0.0,0.0,0.0,0.09701886625430141,0.02297942316233083,0.19366943453547245,10,0.2780068005807784,0.15265404426168272,0.5621109325919544,0.5368071902814047,9,3,1,OSQP
10,8,3,10,OFT_distance|Average_speed_OFT|Time_inCenter_OFT|Average_speed_NOR1|Latency_to_first_investigation_Piramidka_NOR1|Time_investigating_Stakan_zone_NOR2|Latency_to_first_investigation_Stakan_zone_NOR2|Learning_T3sum|EnduranceT|rear_support,0.0,0.6,0.167417600434356,0.11527715865517393,0.00737816909038739,0.11591732531784545,10,1.0008342017474586e-09,9.458557341561662e-10,0.6326967769402254,0.7415030057409127,9,3,1,OSQP
10,9,1,10,OFT_distance|Average_speed_OFT|Time_inCenter_OFT|Average_speed_NOR1|Latency_to_first_investigation_Piramidka_NOR1|Time_investigating_Stakan_zone_NOR2|Latency_to_first_investigation_Stakan_zone_NOR2|Learning_T3sum|EnduranceT|rear_support,0.0,0.4,0.11084875189692575,0.09262890208761745,0.00921788719981889,0.08861384042260771,10,0.07381576907853529,0.06746630408582428,0.7075626845757248,0.7416266253349819,9,3,1,OSQP
10,9,3,10,OFT_distance|Average_speed_OFT|Time_inCenter_OFT|Average_speed_NOR1|Latency_to_first_investigation_Piramidka_NOR1|Time_investigating_Stakan_zone_NOR2|Latency_to_first_investigation_Stakan_zone_NOR2|Learning_T3sum|EnduranceT|rear_support,0.0,0.6,0.20926123184709028,0.16811986312264018,0.006581141092476251,0.08103420005437131,10,8.484318433390665e-09,7.0809215279109e-09,0.7869270998235347,0.7809071060890681,9,3,1,OSQP
11,0,1,11,OFT_distance|Average_speed_OFT|Absolute_turn_angle_OFT|Time_inCenter_OFT|Average_speed_NOR1|Latency_to_first_investigation_Piramidka_NOR1|Time_investigating_Stakan_zone_NOR2|Latency_to_first_investigation_Stakan_zone_NOR2|Learning_T3sum|EnduranceT|rear_support,0.0,0.2,0.06751836776804998,0.08397438509033935,0.035574666641750415,0.2271227559195752,11,6.20505180415179e-05,6.203782144171593e-05,0.5609478976482002,0.22297526121982258,10,4,1,OSQP
11,0,2,11,OFT_distance|Average_speed_OFT|Absolute_turn_angle_OFT|Time_inCenter_OFT|Average_speed_NOR1|Latency_to_first_investigation_Piramidka_NOR1|Time_investigating_Stakan_zone_NOR2|Latency_to_first_investigation_Stakan_zone_NOR2|Learning_T3sum|EnduranceT|rear_support,0.0,0.1,0.02139988634717785,0.094918886862118,0.0154153982322784,0.2266466696347671,11,0.13251206742058808,0.13251203804033318,0.4099401049115945,0.5824882954053632,10,4,1,OSQP
11,1,1,11,OFT_distance|Average_speed_OFT|Absolute_turn_angle_OFT|Time_inCenter_OFT|Average_speed_NOR1|Latency_to_first_investigation_Piramidka_NOR1|Time_investigating_Stakan_zone_NOR2|Latency_to_first_investigation_Stakan_zone_NOR2|Learning_T3sum|EnduranceT|rear_support,0.0,0.4,0.1581583298841794,0.2412590507306056,0.00522791631082961,0.09870675134652218,11,0.09572039009517727,0.09572038191106894,0.7198710721655432,0.8099352293758292,10,4,1,OSQP
11,1,2,11,OFT_distance|Average_speed_OFT|Absolute_turn_angle_OFT|Time_inCenter_OFT|Average_speed_NOR1|Latency_to_first_investigation_Piramidka_NOR1|Time_investigating_Stakan_zone_NOR2|Latency_to_first_investigation_Stakan_zone_NOR2|Learning_T3sum|EnduranceT|rear_support,0.0,0.2,0.0224493880617118,0.09994547877578201,0.01776853469553834,0.2159052507528204,11,0.08586624812516261,0.0429331284614691,0.4924292580028218,0.5079686046001973,10,4,1,OSQP
11,1,3,11,OFT_distance|Average_speed_OFT|Absolute_turn_angle_OFT|Time_inCenter_OFT|Average_speed_NOR1|Latency_to_first_investigation_Piramidka_NOR1|Time_investigating_Stakan_zone_NOR2|Latency_to_first_investigation_Stakan_zone_NOR2|Learning_T3sum|EnduranceT|rear_support,0.06,0.3,0.04318304732058761,122.65758273758621,14738.968993911194,0.18912299906222654,11,0.09118616758685308,0.06154398094572411,0.3926715688994332,-979.2935441424786,10,4,3,OSQP
11,2,3,11,OFT_distance|Average_speed_OFT|Absolute_turn_angle_OFT|Time_inCenter_OFT|Average_speed_NOR1|Latency_to_first_investigation_Piramidka_NOR1|Time_investigating_Stakan_zone_NOR2|Latency_to_first_investigation_Stakan_zone_NOR2|Learning_T3sum|EnduranceT|rear_support,0.0,0.0,0.0056664659398992945,0.0752221663533907,0.009423819721475433,0.2267028279759655,11,0.19229100860083773,0.16898939112200273,0.4656061860870646,0.6418287579211799,10,4,1,OSQP
11,3,1,11,OFT_distance|Average_speed_OFT|Absolute_turn_angle_OFT|Time_inCenter_OFT|Average_speed_NOR1|Latency_to_first_investigation_Piramidka_NOR1|Time_investigating_Stakan_zone_NOR2|Latency_to_first_investigation_Stakan_zone_NOR2|Learning_T3sum|EnduranceT|rear_support,0.0,0.1,0.02582359797024275,0.06437655151556612,0.017228061580264045,0.24784825073853498,11,0.12161406124239438,0.07417311925283712,0.47204717922730843,0.3997052452432256,10,4,1,OSQP
11,3,2,11,OFT_distance|Average_speed_OFT|Absolute_turn_angle_OFT|Time_inCenter_OFT|Average_speed_NOR1|Latency_to_first_investigation_Piramidka_NOR1|Time_investigating_Stakan_zone_NOR2|Latency_to_first_investigation_Stakan_zone_NOR2|Learning_T3sum|EnduranceT|rear_support,0.0,0.2,0.05725975945258229,0.15467369961969135,0.010016549164612268,0.11732741887975696,11,0.05240672030700174,0.05240671833601553,0.8079126743409774,0.7654762331274547,10,4,1,OSQP
11,3,3,11,OFT_distance|Average_speed_OFT|Absolute_turn_angle_OFT|Time_inCenter_OFT|Average_speed_NOR1|Latency_to_first_investigation_Piramidka_NOR1|Time_investigating_Stakan_zone_NOR2|Latency_to_first_investigation_Stakan_zone_NOR2|Learning_T3sum|EnduranceT|rear_support,0.0,0.3,0.09837303654214652,0.10188076029954367,0.006643819945594989,0.185758927612204,11,0.034542773513149085,0.025023572359016973,0.4891711812622599,0.7035200198360063,10,4,1,OSQP
11,5,1,11,OFT_distance|Average_speed_OFT|Absolute_turn_angle_OFT|Time_inCenter_OFT|Average_speed_NOR1|Latency_to_first_investigation_Piramidka_NOR1|Time_investigating_Stakan_zone_NOR2|Latency_to_first_investigation_Stakan_zone_NOR2|Learning_T3sum|EnduranceT|rear_support,0.0,0.2,0.027549262022211595,0.16935107732635266,0.01919942955369979,0.2530916907042413,10,0.16227689428602984,0.08113844908156649,0.3072230943605141,0.6926323215302055,10,4,1,OSQP
11,5,2,11,OFT_distance|Average_speed_OFT|Absolute_turn_angle_OFT|Time_inCenter_OFT|Average_speed_NOR1|Latency_to_first_investigation_Piramidka_NOR1|Time_investigating_Stakan_zone_NOR2|Latency_to_first_investigation_Stakan_zone_NOR2|Learning_T3sum|EnduranceT|rear_support,0.0,0.3,0.062266341752883946,0.027240135511889335,0.008989108436169837,0.12550308456415732,11,0.07347655208912199,0.07347653114781291,0.7532968703451756,0.7585238890559732,10,4,1,OSQP
11,5,3,11,OFT_distance|Average_speed_OFT|Absolute_turn_angle_OFT|Time_inCenter_OFT|Average_speed_NOR1|Latency_to_first_investigation_Piramidka_NOR1|Time_investigating_Stakan_zone_NOR2|Latency_to_first_investigation_Stakan_zone_NOR2|Learning_T3sum|EnduranceT|rear_support,0.0,0.4,0.18889209553101294,0.23321918299941535,0.0033155948559745792,0.06701246822770011,11,0.02020625486197285,0.020206254846232424,0.8249014147914153,0.8553344093191005,10,4,1,OSQP
11,6,1,11,OFT_distance|Average_speed_OFT|Absolute_turn_angle_OFT|Time_inCenter_OFT|Average_speed_NOR1|Latency_to_first_investigation_Piramidka_NOR1|Time_investigating_Stakan_zone_NOR2|Latency_to_first_investigation_Stakan_zone_NOR2|Learning_T3sum|EnduranceT|rear_support,0.0,0.2,0.07198827347850127,0.08323379719781215,0.013585485314599516,0.13268431762315636,11,0.03646875851514137,0.03646875842029716,0.6116910528008062,0.6623426740155625,10,4,1,OSQP
11,6,2,11,OFT_distance|Average_speed_OFT|Absolute_turn_angle_OFT|Time_inCenter_OFT|Average_speed_NOR1|Latency_to_first_investigation_Piramidka_NOR1|Time_investigating_Stakan_zone_NOR2|Latency_to_first_investigation_Stakan_zone_NOR2|Learning_T3sum|EnduranceT|rear_support,0.0,0.3,0.06995689838143695,0.1658546632073179,0.00930563484644677,0.13138950923099868,11,0.11851577244019379,0.08888021742735451,0.7306998313963717,0.6932080641730346,10,4,1,OSQP
11,6,3,11,OFT_distance|Average_speed_OFT|Absolute_turn_angle_OFT|Time_inCenter_OFT|Average_speed_NOR1|Latency_to_first_investigation_Piramidka_NOR1|Time_investigating_Stakan_zone_NOR2|Latency_to_first_investigation_Stakan_zone_NOR2|Learning_T3sum|EnduranceT|rear_support,0.0,0.0,0.004755740550405315,0.1343263159491993,0.015989843656229175,0.2860120484776589,11,0.18893786652884467,0.14822808372292945,0.3243493589132299,0.40384951457741547,10,4,1,OSQP
11,7,1,11,OFT_distance|Average_speed_OFT|Absolute_turn_angle_OFT|Time_inCenter_OFT|Average_speed_NOR1|Latency_to_first_investigation_Piramidka_NOR1|Time_investigating_Stakan_zone_NOR2|Latency_to_first_investigation_Stakan_zone_NOR2|Learning_T3sum|EnduranceT|rear_support,0.0,0.2,0.03635595056002411,0.19284768356071724,0.013979522760339478,0.16437121692819678,11,0.18637328301560468,0.10758446677726237,0.6602562099880072,0.5908617543811998,10,4,1,OSQP
11,7,2,11,OFT_distance|Average_speed_OFT|Absolute_turn_angle_OFT|Time_inCenter_OFT|Average_speed_NOR1|Latency_to_first_investigation_Piramidka_NOR1|Time_investigating_Stakan_zone_NOR2|Latency_to_first_investigation_Stakan_zone_NOR2|Learning_T3sum|EnduranceT|rear_support,0.0,0.3,0.09264755938434487,0.07711973714192842,0.011460260301014021,0.09518255619431075,11,1.0442424758118803e-08,9.682787872233471e-09,0.7371608086870505,0.834132340295932,10,4,1,OSQP
11,8,1,11,OFT_distance|Average_speed_OFT|Absolute_turn_angle_OFT|Time_inCenter_OFT|Average_speed_NOR1|Latency_to_first_investigation_Piramidka_NOR1|Time_investigating_Stakan_zone_NOR2|Latency_to_first_investigation_Stakan_zone_NOR2|Learning_T3sum|EnduranceT|rear_support,0.0,0.2,0.04890910645501838,0.11877477502406038,0.015585392763773095,0.15870972285632715,11,0.23032993224010245,0.11737464035107016,0.6349999233937735,0.6034162516714922,10,4,1,OSQP
11,8,2,11,OFT_distance|Average_speed_OFT|Absolute_turn_angle_OFT|Time_inCenter_OFT|Average_speed_NOR1|Latency_to_first_investigation_Piramidka_NOR1|Time_investigating_Stakan_zone_NOR2|Latency_to_first_investigation_Stakan_zone_NOR2|Learning_T3sum|EnduranceT|rear_support,0.0,0.0,0.0,0.10139839513407181,0.02340472398872012,0.24343115811629384,11,0.22023031488085976,0.15869666683477174,0.38704388851171545,0.47210640347617805,10,4,1,OSQP
11,8,3,11,OFT_distance|Average_speed_OFT|Absolute_turn_angle_OFT|Time_inCenter_OFT|Average_speed_NOR1|Latency_to_first_investigation_Piramidka_NOR1|Time_investigating_Stakan_zone_NOR2|Latency_to_first_investigation_Stakan_zone_NOR2|Learning_T3sum|EnduranceT|rear_support,0.0,0.6,0.16085286706225202,0.10248256253833445,0.005305731558198978,0.1204902141647724,11,1.3841169281997179e-08,7.945198936931816e-09,0.6033321658359219,0.7641239479814095,10,4,1,OSQP
11,9,1,11,OFT_distance|Average_speed_OFT|Absolute_turn_angle_OFT|Time_inCenter_OFT|Average_speed_NOR1|Latency_to_first_investigation_Piramidka_NOR1|Time_investigating_Stakan_zone_NOR2|Latency_to_first_investigation_Stakan_zone_NOR2|Learning_T3sum|EnduranceT|rear_support,0.0,0.3,0.08520088169686148,0.09967350140392296,0.009023657169931481,0.10408649311328673,11,0.073279606262005,0.07327960624422022,0.6721271527481567,0.7003293396148874,10,4,1,OSQP
11,9,3,11,OFT_distance|Average_speed_OFT|Absolute_turn_angle_OFT|Time_inCenter_OFT|Average_speed_NOR1|Latency_to_first_investigation_Piramidka_NOR1|Time_investigating_Stakan_zone_NOR2|Latency_to_first_investigation_Stakan_zone_NOR2|Learning_T3sum|EnduranceT|rear_support,0.0,0.4,0.1958103022925828,0.17484468830253314,0.0036581127901466107,0.07844855184775035,11,4.120781814564573e-09,4.109016478641228e-09,0.8204350513203198,0.8109284708261821,10,4,1,OSQP
12,0,1,12,OFT_distance|Average_speed_OFT|Absolute_turn_angle_OFT|Time_inCenter_OFT|Average_speed_NOR1|Latency_to_first_investigation_Piramidka_NOR1|Time_investigating_Stakan_zone_NOR2|Latency_to_first_investigation_Stakan_zone_NOR2|Learning_T1max|Learning_T3sum|EnduranceT|rear_support,0.0,0.3,0.08168246877547461,0.09741646854678883,0.042776967256556185,0.21626621220455758,12,1.176202715179705e-08,6.200483177150689e-09,0.5649739400386349,0.22920713077738575,10,4,1,OSQP
12,0,2,12,OFT_distance|Average_speed_OFT|Absolute_turn_angle_OFT|Time_inCenter_OFT|Average_speed_NOR1|Latency_to_first_investigation_Piramidka_NOR1|Time_investigating_Stakan_zone_NOR2|Latency_to_first_investigation_Stakan_zone_NOR2|Learning_T1max|Learning_T3sum|EnduranceT|rear_support,0.0,0.1,0.02138514132335733,0.09491245162586542,0.015373982122860093,0.22813152518916643,12,0.13112712710802468,0.13112712701683954,0.4102158818290744,0.5772822607879075,10,4,1,OSQP
12,1,1,12,OFT_distance|Average_speed_OFT|Absolute_turn_angle_OFT|Time_inCenter_OFT|Average_speed_NOR1|Latency_to_first_investigation_Piramidka_NOR1|Time_investigating_Stakan_zone_NOR2|Latency_to_first_investigation_Stakan_zone_NOR2|Learning_T1max|Learning_T3sum|EnduranceT|rear_support,0.0,0.4,0.1603096086710375,0.2366558059341097,0.0057017838062987,0.10766933989697425,12,0.08929254870358683,0.08929254490572408,0.743259051207112,0.8006710244177209,10,4,1,OSQP
12,1,2,12,OFT_distance|Average_speed_OFT|Absolute_turn_angle_OFT|Time_inCenter_OFT|Average_speed_NOR1|Latency_to_first_investigation_Piramidka_NOR1|Time_investigating_Stakan_zone_NOR2|Latency_to_first_investigation_Stakan_zone_NOR2|Learning_T1max|Learning_T3sum|EnduranceT|rear_support,0.0,0.2,0.030916978933577793,0.09606664763940174,0.0199339775558895,0.189579917098961,12,0.03974828042177813,0.02181926493256465,0.4964214244600651,0.4990264668003104,10,4,1,OSQP
12,1,3,12,OFT_distance|Average_speed_OFT|Absolute_turn_angle_OFT|Time_inCenter_OFT|Average_speed_NOR1|Latency_to_first_investigation_Piramidka_NOR1|Time_investigating_Stakan_zone_NOR2|Latency_to_first_investigation_Stakan_zone_NOR2|Learning_T1max|Learning_T3sum|EnduranceT|rear_support,0.06,0.2,0.041328747843682664,122.12065599844158,14609.404271115913,0.18845319422690518,12,0.09095723735251678,0.06376171760735355,0.3906356623734617,-974.9790086654809,10,4,3,OSQP
12,2,3,12,OFT_distance|Average_speed_OFT|Absolute_turn_angle_OFT|Time_inCenter_OFT|Average_speed_NOR1|Latency_to_first_investigation_Piramidka_NOR1|Time_investigating_Stakan_zone_NOR2|Latency_to_first_investigation_Stakan_zone_NOR2|Learning_T1max|Learning_T3sum|EnduranceT|rear_support,0.0,0.0,0.008528301820144368,0.0806412453348196,0.009603930448789223,0.2307540193853574,12,0.18976885082819542,0.16740985201978345,0.47141587671878427,0.6502793754536638,10,4,1,OSQP
12,3,1,12,OFT_distance|Average_speed_OFT|Absolute_turn_angle_OFT|Time_inCenter_OFT|Average_speed_NOR1|Latency_to_first_investigation_Piramidka_NOR1|Time_investigating_Stakan_zone_NOR2|Latency_to_first_investigation_Stakan_zone_NOR2|Learning_T1max|Learning_T3sum|EnduranceT|rear_support,0.0,0.1,0.024341871561845103,0.0594245774252733,0.017239774628663333,0.24142577274941548,12,0.12534137046239197,0.07951354783175266,0.4644548161273192,0.4095111794924149,10,4,1,OSQP
12,3,2,12,OFT_distance|Average_speed_OFT|Absolute_turn_angle_OFT|Time_inCenter_OFT|Average_speed_NOR1|Latency_to_first_investigation_Piramidka_NOR1|Time_investigating_Stakan_zone_NOR2|Latency_to_first_investigation_Stakan_zone_NOR2|Learning_T1max|Learning_T3sum|EnduranceT|rear_support,0.0,0.3,0.06598613490386884,0.13349540650508265,0.008458442326201963,0.0999715368822722,12,0.062122777980859537,0.06212277514866235,0.7902386617909386,0.7739597984512651,10,4,1,OSQP
12,3,3,12,OFT_distance|Average_speed_OFT|Absolute_turn_angle_OFT|Time_inCenter_OFT|Average_speed_NOR1|Latency_to_first_investigation_Piramidka_NOR1|Time_investigating_Stakan_zone_NOR2|Latency_to_first_investigation_Stakan_zone_NOR2|Learning_T1max|Learning_T3sum|EnduranceT|rear_support,0.0,0.3,0.10236988423223799,0.1011637130125955,0.006721992515351382,0.19379039345607363,12,0.0042260372102658665,0.004226036973866731,0.5231564785384135,0.762042288178646,10,4,1,OSQP
12,5,1,12,OFT_distance|Average_speed_OFT|Absolute_turn_angle_OFT|Time_inCenter_OFT|Average_speed_NOR1|Latency_to_first_investigation_Piramidka_NOR1|Time_investigating_Stakan_zone_NOR2|Latency_to_first_investigation_Stakan_zone_NOR2|Learning_T1max|Learning_T3sum|EnduranceT|rear_support,0.0,0.2,0.05104648107491986,0.1978059079380369,0.02965701503966343,0.24066579322235349,12,0.06285555103160355,0.03735484098761219,0.29925122591276443,0.5045878205782108,10,4,1,OSQP
12,5,2,12,OFT_distance|Average_speed_OFT|Absolute_turn_angle_OFT|Time_inCenter_OFT|Average_speed_NOR1|Latency_to_first_investigation_Piramidka_NOR1|Time_investigating_Stakan_zone_NOR2|Latency_to_first_investigation_Stakan_zone_NOR2|Learning_T1max|Learning_T3sum|EnduranceT|rear_support,0.0,0.2,0.06145048150339334,0.03008892589181102,0.009984864416751461,0.12432577857820595,12,0.07375854823707177,0.073758548213011,0.7494085712167564,0.7520360954490073,10,4,1,OSQP
12,5,3,12,OFT_distance|Average_speed_OFT|Absolute_turn_angle_OFT|Time_inCenter_OFT|Average_speed_NOR1|Latency_to_first_investigation_Piramidka_NOR1|Time_investigating_Stakan_zone_NOR2|Latency_to_first_investigation_Stakan_zone_NOR2|Learning_T1max|Learning_T3sum|EnduranceT|rear_support,0.0,0.4,0.1984384606057746,0.23602197735001615,0.003513009529931947,0.07360440383347322,12,1.2902441803481554e-08,1.1042237969288008e-08,0.8518363547708906,0.855399984632372,10,4,1,OSQP
12,6,1,12,OFT_distance|Average_speed_OFT|Absolute_turn_angle_OFT|Time_inCenter_OFT|Average_speed_NOR1|Latency_to_first_investigation_Piramidka_NOR1|Time_investigating_Stakan_zone_NOR2|Latency_to_first_investigation_Stakan_zone_NOR2|Learning_T1max|Learning_T3sum|EnduranceT|rear_support,0.0,0.2,0.07487149869736451,0.07659927954128165,0.014731123579067378,0.12627180978953775,12,0.04081870900655848,0.04081870879796516,0.6154249305044542,0.6631570654484655,10,4,1,OSQP
12,6,2,12,OFT_distance|Average_speed_OFT|Absolute_turn_angle_OFT|Time_inCenter_OFT|Average_speed_NOR1|Latency_to_first_investigation_Piramidka_NOR1|Time_investigating_Stakan_zone_NOR2|Latency_to_first_investigation_Stakan_zone_NOR2|Learning_T1max|Learning_T3sum|EnduranceT|rear_support,0.0,0.3,0.0692584041372322,0.16545717806709784,0.01101234655874791,0.1319098636058258,12,0.10972708519900982,0.09638006660123921,0.6935679278761244,0.6672739021704901,10,4,1,OSQP
12,6,3,12,OFT_distance|Average_speed_OFT|Absolute_turn_angle_OFT|Time_inCenter_OFT|Average_speed_NOR1|Latency_to_first_investigation_Piramidka_NOR1|Time_investigating_Stakan_zone_NOR2|Latency_to_first_investigation_Stakan_zone_NOR2|Learning_T1max|Learning_T3sum|EnduranceT|rear_support,0.0,0.0,0.008778486166960168,0.14145688359360997,0.015842059000124174,0.2852446907781926,12,0.19221494312827536,0.14536423182196329,0.3539441293454053,0.4243528023638501,10,4,1,OSQP
12,7,1,12,OFT_distance|Average_speed_OFT|Absolute_turn_angle_OFT|Time_inCenter_OFT|Average_speed_NOR1|Latency_to_first_investigation_Piramidka_NOR1|Time_investigating_Stakan_zone_NOR2|Latency_to_first_investigation_Stakan_zone_NOR2|Learning_T1max|Learning_T3sum|EnduranceT|rear_support,0.0,0.2,0.03445819641923269,0.19275350031593425,0.014495202438015215,0.16429480675564553,12,0.184920795593214,0.11940207848026016,0.6450887393292606,0.5847056777577198,10,4,1,OSQP
12,7,2,12,OFT_distance|Average_speed_OFT|Absolute_turn_angle_OFT|Time_inCenter_OFT|Average_speed_NOR1|Latency_to_first_investigation_Piramidka_NOR1|Time_investigating_Stakan_zone_NOR2|Latency_to_first_investigation_Stakan_zone_NOR2|Learning_T1max|Learning_T3sum|EnduranceT|rear_support,0.0,0.3,0.08738530169320669,0.0815782210952042,0.012561691079169464,0.09095904148136487,12,1.0498409721103636e-08,4.808694090411008e-09,0.7318547209935,0.8021618546961522,10,4,1,OSQP
12,8,1,12,OFT_distance|Average_speed_OFT|Absolute_turn_angle_OFT|Time_inCenter_OFT|Average_speed_NOR1|Latency_to_first_investigation_Piramidka_NOR1|Time_investigating_Stakan_zone_NOR2|Latency_to_first_investigation_Stakan_zone_NOR2|Learning_T1max|Learning_T3sum|EnduranceT|rear_support,0.0,0.2,0.04986519027586999,0.12320560332887354,0.01651573262040531,0.15452501373746022,12,0.22475276286797363,0.12419642141774302,0.6381640732615694,0.592339863237024,10,4,1,OSQP
12,8,2,12,OFT_distance|Average_speed_OFT|Absolute_turn_angle_OFT|Time_inCenter_OFT|Average_speed_NOR1|Latency_to_first_investigation_Piramidka_NOR1|Time_investigating_Stakan_zone_NOR2|Latency_to_first_investigation_Stakan_zone_NOR2|Learning_T1max|Learning_T3sum|EnduranceT|rear_support,0.0,0.0,0.0,0.09784551251714622,0.022285146684651883,0.22797091199094371,12,0.22858102345003745,0.16839463410917527,0.40223803178820294,0.5048806752483317,10,4,1,OSQP
12,8,3,12,OFT_distance|Average_speed_OFT|Absolute_turn_angle_OFT|Time_inCenter_OFT|Average_speed_NOR1|Latency_to_first_investigation_Piramidka_NOR1|Time_investigating_Stakan_zone_NOR2|Latency_to_first_investigation_Stakan_zone_NOR2|Learning_T1max|Learning_T3sum|EnduranceT|rear_support,0.0,0.5,0.1592512004212993,0.10598647916410056,0.005877655816976742,0.11705345293889437,12,6.165986290104718e-11,2.253215361517839e-11,0.6042147386361107,0.7716307149125383,10,4,1,OSQP
12,9,1,12,OFT_distance|Average_speed_OFT|Absolute_turn_angle_OFT|Time_inCenter_OFT|Average_speed_NOR1|Latency_to_first_investigation_Piramidka_NOR1|Time_investigating_Stakan_zone_NOR2|Latency_to_first_investigation_Stakan_zone_NOR2|Learning_T1max|Learning_T3sum|EnduranceT|rear_support,0.0,0.3,0.08750623078784375,0.11128612852894892,0.009168277309369468,0.1140562626416329,12,0.06627843900869837,0.0662784324931988,0.6999034107341037,0.706645511494071,10,4,1,OSQP
12,9,3,12,OFT_distance|Average_speed_OFT|Absolute_turn_angle_OFT|Time_inCenter_OFT|Average_speed_NOR1|Latency_to_first_investigation_Piramidka_NOR1|Time_investigating_Stakan_zone_NOR2|Latency_to_first_investigation_Stakan_zone_NOR2|Learning_T1max|Learning_T3sum|EnduranceT|rear_support,0.0,0.4,0.19530264529110264,0.17658937081718531,0.00364524458068307,0.07764777191622452,12,8.183880141266296e-12,4.804996371145668e-12,0.8179653003496328,0.7994238607791565,10,4,1,OSQP
13,0,1,13,OFT_distance|Average_speed_OFT|Absolute_turn_angle_OFT|Time_inCenter_OFT|Average_speed_NOR1|Latency_to_first_investigation_Piramidka_NOR1|Time_investigating_Piramidka_zone_NOR2|Time_investigating_Stakan_zone_NOR2|Latency_to_first_investigation_Stakan_zone_NOR2|Learning_T1max|Learning_T3sum|EnduranceT|rear_support,0.0,0.3,0.08853144586558441,0.08901683361298,0.036025407115738435,0.2070663675091605,13,1.1528419755594217e-08,8.707710880135572e-09,0.5872563542767835,0.25878270962262884,11,4,1,OSQP
13,0,2,13,OFT_distance|Average_speed_OFT|Absolute_turn_angle_OFT|Time_inCenter_OFT|Average_speed_NOR1|Latency_to_first_investigation_Piramidka_NOR1|Time_investigating_Piramidka_zone_NOR2|Time_investigating_Stakan_zone_NOR2|Latency_to_first_investigation_Stakan_zone_NOR2|Learning_T1max|Learning_T3sum|EnduranceT|rear_support,0.0,0.1,0.02172002360075676,0.09512581652294523,0.015506784724470169,0.22726746904858122,13,0.13239580977036697,0.1323958096835452,0.4156343933860296,0.5773349805198112,11,4,1,OSQP
13,1,1,13,OFT_distance|Average_speed_OFT|Absolute_turn_angle_OFT|Time_inCenter_OFT|Average_speed_NOR1|Latency_to_first_investigation_Piramidka_NOR1|Time_investigating_Piramidka_zone_NOR2|Time_investigating_Stakan_zone_NOR2|Latency_to_first_investigation_Stakan_zone_NOR2|Learning_T1max|Learning_T3sum|EnduranceT|rear_support,0.0,0.4,0.16016478208530063,0.2351504567536147,0.005151829104801874,0.1066972901386069,13,0.09092934833469447,0.09092934832874094,0.7447405331539525,0.8022445206928519,11,4,1,OSQP
13,1,2,13,OFT_distance|Average_speed_OFT|Absolute_turn_angle_OFT|Time_inCenter_OFT|Average_speed_NOR1|Latency_to_first_investigation_Piramidka_NOR1|Time_investigating_Piramidka_zone_NOR2|Time_investigating_Stakan_zone_NOR2|Latency_to_first_investigation_Stakan_zone_NOR2|Learning_T1max|Learning_T3sum|EnduranceT|rear_support,0.0,0.2,0.032367344325059076,0.10346051972935413,0.021639868390968858,0.1993025586880531,13,0.01440939486603422,0.014409370104313243,0.47165500465604937,0.5053400937796668,11,4,1,OSQP
13,1,3,13,OFT_distance|Average_speed_OFT|Absolute_turn_angle_OFT|Time_inCenter_OFT|Average_speed_NOR1|Latency_to_first_investigation_Piramidka_NOR1|Time_investigating_Piramidka_zone_NOR2|Time_investigating_Stakan_zone_NOR2|Latency_to_first_investigation_Stakan_zone_NOR2|Learning_T1max|Learning_T3sum|EnduranceT|rear_support,0.06,0.1,0.038759461273465814,113.19935096135482,12553.872957905209,0.1880523792405682,13,0.08604909756969446,0.0635665900011981,0.38881346654468707,-903.7248121010691,11,4,4,OSQP
13,2,3,13,OFT_distance|Average_speed_OFT|Absolute_turn_angle_OFT|Time_inCenter_OFT|Average_speed_NOR1|Latency_to_first_investigation_Piramidka_NOR1|Time_investigating_Piramidka_zone_NOR2|Time_investigating_Stakan_zone_NOR2|Latency_to_first_investigation_Stakan_zone_NOR2|Learning_T1max|Learning_T3sum|EnduranceT|rear_support,0.0,0.0,0.007377164428055303,0.07566372946076386,0.009531387149499746,0.23111678488044976,13,0.18815575310443663,0.16751390897140894,0.4685127697714492,0.6444257417705177,11,4,1,OSQP
13,3,1,13,OFT_distance|Average_speed_OFT|Absolute_turn_angle_OFT|Time_inCenter_OFT|Average_speed_NOR1|Latency_to_first_investigation_Piramidka_NOR1|Time_investigating_Piramidka_zone_NOR2|Time_investigating_Stakan_zone_NOR2|Latency_to_first_investigation_Stakan_zone_NOR2|Learning_T1max|Learning_T3sum|EnduranceT|rear_support,0.0,0.1,0.02464497979093452,0.059276119738302734,0.01586493595115206,0.23961399320817744,13,0.12568258457562984,0.07921250775599631,0.47301114416504764,0.4037959096586179,11,4,1,OSQP
13,3,2,13,OFT_distance|Average_speed_OFT|Absolute_turn_angle_OFT|Time_inCenter_OFT|Average_speed_NOR1|Latency_to_first_investigation_Piramidka_NOR1|Time_investigating_Piramidka_zone_NOR2|Time_investigating_Stakan_zone_NOR2|Latency_to_first_investigation_Stakan_zone_NOR2|Learning_T1max|Learning_T3sum|EnduranceT|rear_support,0.0,0.2,0.060853716521347835,0.1465179910262488,0.007777619250786902,0.10703190476836294,12,0.060890903524834616,0.06089088490509952,0.7834590503618725,0.7836964238458314,11,4,1,OSQP
13,3,3,13,OFT_distance|Average_speed_OFT|Absolute_turn_angle_OFT|Time_inCenter_OFT|Average_speed_NOR1|Latency_to_first_investigation_Piramidka_NOR1|Time_investigating_Piramidka_zone_NOR2|Time_investigating_Stakan_zone_NOR2|Latency_to_first_investigation_Stakan_zone_NOR2|Learning_T1max|Learning_T3sum|EnduranceT|rear_support,0.0,0.3,0.11651514076253695,0.08611168817293226,0.005361096349967161,0.16830222129331207,13,1.1691308170538536e-08,1.1689964156176232e-08,0.6036022002395309,0.8075321294478147,11,4,1,OSQP
13,5,1,13,OFT_distance|Average_speed_OFT|Absolute_turn_angle_OFT|Time_inCenter_OFT|Average_speed_NOR1|Latency_to_first_investigation_Piramidka_NOR1|Time_investigating_Piramidka_zone_NOR2|Time_investigating_Stakan_zone_NOR2|Latency_to_first_investigation_Stakan_zone_NOR2|Learning_T1max|Learning_T3sum|EnduranceT|rear_support,0.0,0.2,0.051885980766981296,0.19845097690670988,0.029568158433133263,0.24100212518001113,13,0.06175547429945309,0.036148706672607736,0.29996510340189886,0.5126290504942468,11,4,1,OSQP
13,5,2,13,OFT_distance|Average_speed_OFT|Absolute_turn_angle_OFT|Time_inCenter_OFT|Average_speed_NOR1|Latency_to_first_investigation_Piramidka_NOR1|Time_investigating_Piramidka_zone_NOR2|Time_investigating_Stakan_zone_NOR2|Latency_to_first_investigation_Stakan_zone_NOR2|Learning_T1max|Learning_T3sum|EnduranceT|rear_support,0.0,0.3,0.061924277605512876,0.027199083176612945,0.010438325417405138,0.11880626535948316,13,0.07509452425538109,0.07509450394543754,0.7511691422627136,0.7632908783748125,11,4,1,OSQP
13,5,3,13,OFT_distance|Average_speed_OFT|Absolute_turn_angle_OFT|Time_inCenter_OFT|Average_speed_NOR1|Latency_to_first_investigation_Piramidka_NOR1|Time_investigating_Piramidka_zone_NOR2|Time_investigating_Stakan_zone_NOR2|Latency_to_first_investigation_Stakan_zone_NOR2|Learning_T1max|Learning_T3sum|EnduranceT|rear_support,0.0,0.5,0.2048500525525676,0.24067448483783555,0.0023025736565248597,0.07368356848681938,13,6.305724430538055e-10,6.302892932242433e-10,0.8812802211247216,0.8866791924401063,11,4,1,OSQP
13,6,1,13,OFT_distance|Average_speed_OFT|Absolute_turn_angle_OFT|Time_inCenter_OFT|Average_speed_NOR1|Latency_to_first_investigation_Piramidka_NOR1|Time_investigating_Piramidka_zone_NOR2|Time_investigating_Stakan_zone_NOR2|Latency_to_first_investigation_Stakan_zone_NOR2|Learning_T1max|Learning_T3sum|EnduranceT|rear_support,0.0,0.2,0.08346396480685567,0.08490721085280789,0.018109003860382056,0.14111633725543565,13,0.005270385323487208,0.005270385322988672,0.5956163505535588,0.6412550237814593,11,4,1,OSQP
13,6,2,13,OFT_distance|Average_speed_OFT|Absolute_turn_angle_OFT|Time_inCenter_OFT|Average_speed_NOR1|Latency_to_first_investigation_Piramidka_NOR1|Time_investigating_Piramidka_zone_NOR2|Time_investigating_Stakan_zone_NOR2|Latency_to_first_investigation_Stakan_zone_NOR2|Learning_T1max|Learning_T3sum|EnduranceT|rear_support,0.0,0.3,0.06930977392731685,0.16816382656990048,0.010711035595997086,0.13289298711030587,13,0.10819234310273479,0.09529319549847019,0.6894470083196352,0.6646737104322912,11,4,1,OSQP
13,6,3,13,OFT_distance|Average_speed_OFT|Absolute_turn_angle_OFT|Time_inCenter_OFT|Average_speed_NOR1|Latency_to_first_investigation_Piramidka_NOR1|Time_investigating_Piramidka_zone_NOR2|Time_investigating_Stakan_zone_NOR2|Latency_to_first_investigation_Stakan_zone_NOR2|Learning_T1max|Learning_T3sum|EnduranceT|rear_support,0.0,0.0,0.0072305914631909645,0.1406708174093111,0.0160775731458651,0.2860995953991247,13,0.19075258292806374,0.1464160254340771,0.35089542878880753,0.42096280781377327,11,4,1,OSQP
13,7,1,13,OFT_distance|Average_speed_OFT|Absolute_turn_angle_OFT|Time_inCenter_OFT|Average_speed_NOR1|Latency_to_first_investigation_Piramidka_NOR1|Time_investigating_Piramidka_zone_NOR2|Time_investigating_Stakan_zone_NOR2|Latency_to_first_investigation_Stakan_zone_NOR2|Learning_T1max|Learning_T3sum|EnduranceT|rear_support,0.0,0.2,0.03120184114253487,0.1884653705441146,0.016582532612099007,0.1840231728781862,13,0.15400124410259564,0.12420997217250034,0.6300889040116795,0.5471892902097986,11,4,1,OSQP
13,7,2,13,OFT_distance|Average_speed_OFT|Absolute_turn_angle_OFT|Time_inCenter_OFT|Average_speed_NOR1|Latency_to_first_investigation_Piramidka_NOR1|Time_investigating_Piramidka_zone_NOR2|Time_investigating_Stakan_zone_NOR2|Latency_to_first_investigation_Stakan_zone_NOR2|Learning_T1max|Learning_T3sum|EnduranceT|rear_support,0.0,0.3,0.08475233220892384,0.08366640083529009,0.012094003895644995,0.08901874453683188,13,2.4965781925328234e-09,2.387918238416033e-09,0.7377765005542936,0.7899825367823321,11,4,1,OSQP
13,8,1,13,OFT_distance|Average_speed_OFT|Absolute_turn_angle_OFT|Time_inCenter_OFT|Average_speed_NOR1|Latency_to_first_investigation_Piramidka_NOR1|Time_investigating_Piramidka_zone_NOR2|Time_investigating_Stakan_zone_NOR2|Latency_to_first_investigation_Stakan_zone_NOR2|Learning_T1max|Learning_T3sum|EnduranceT|rear_support,0.0,0.1,0.04315284470348074,0.14725624710932295,0.017426610507727962,0.16401432881884723,13,0.21238068045833433,0.12030933745212717,0.627526264121983,0.5844268283652617,11,4,1,OSQP
13,8,2,13,OFT_distance|Average_speed_OFT|Absolute_turn_angle_OFT|Time_inCenter_OFT|Average_speed_NOR1|Latency_to_first_investigation_Piramidka_NOR1|Time_investigating_Piramidka_zone_NOR2|Time_investigating_Stakan_zone_NOR2|Latency_to_first_investigation_Stakan_zone_NOR2|Learning_T1max|Learning_T3sum|EnduranceT|rear_support,0.0,0.0,0.0,0.10204598568291519,0.025838708536336578,0.24770888406282235,13,0.1731383489195424,0.16413011557903595,0.33281123768480114,0.49649769305859637,11,4,1,OSQP
13,8,3,13,OFT_distance|Average_speed_OFT|Absolute_turn_angle_OFT|Time_inCenter_OFT|Average_speed_NOR1|Latency_to_first_investigation_Piramidka_NOR1|Time_investigating_Piramidka_zone_NOR2|Time_investigating_Stakan_zone_NOR2|Latency_to_first_investigation_Stakan_zone_NOR2|Learning_T1max|Learning_T3sum|EnduranceT|rear_support,0.0,0.6,0.16353615219646642,0.10819882464383822,0.005817051291327439,0.11860736223134924,13,2.7326426744117884e-11,1.0647471602391044e-11,0.6081149604966758,0.7807293963720555,11,4,1,OSQP
13,9,1,13,OFT_distance|Average_speed_OFT|Absolute_turn_angle_OFT|Time_inCenter_OFT|Average_speed_NOR1|Latency_to_first_investigation_Piramidka_NOR1|Time_investigating_Piramidka_zone_NOR2|Time_investigating_Stakan_zone_NOR2|Latency_to_first_investigation_Stakan_zone_NOR2|Learning_T1max|Learning_T3sum|EnduranceT|rear_support,0.0,0.4,0.08936890130335792,0.09852915598096887,0.009118423065885426,0.11625724134607837,13,0.0699369799881273,0.06993697559232676,0.7164241030511105,0.7193784480752294,11,4,1,OSQP
13,9,3,13,OFT_distance|Average_speed_OFT|Absolute_turn_angle_OFT|Time_inCenter_OFT|Average_speed_NOR1|Latency_to_first_investigation_Piramidka_NOR1|Time_investigating_Piramidka_zone_NOR2|Time_investigating_Stakan_zone_NOR2|Latency_to_first_investigation_Stakan_zone_NOR2|Learning_T1max|Learning_T3sum|EnduranceT|rear_support,0.0,0.4,0.1909804730516284,0.17891675393398576,0.003938599982884411,0.07702535324014415,13,7.858093762929295e-09,7.843872812415432e-09,0.819699390132353,0.8078999970251499,11,4,1,OSQP
14,0,1,14,OFT_distance|Average_speed_OFT|Absolute_turn_angle_OFT|Time_inCenter_OFT|Average_speed_NOR1|Latency_to_first_investigation_Piramidka_NOR1|Latency_to_first_investigation_Stakan_NOR1|Time_investigating_Piramidka_zone_NOR2|Time_investigating_Stakan_zone_NOR2|Latency_to_first_investigation_Stakan_zone_NOR2|Learning_T1max|Learning_T3sum|EnduranceT|rear_support,0.0,0.3,0.08939127291396924,0.10207892523831336,0.02820779885160431,0.17251814639772603,14,6.94122111195376e-09,4.03036753729404e-09,0.590453865853914,0.4264170572686181,11,4,1,OSQP
14,0,2,14,OFT_distance|Average_speed_OFT|Absolute_turn_angle_OFT|Time_inCenter_OFT|Average_speed_NOR1|Latency_to_first_investigation_Piramidka_NOR1|Latency_to_first_investigation_Stakan_NOR1|Time_investigating_Piramidka_zone_NOR2|Time_investigating_Stakan_zone_NOR2|Latency_to_first_investigation_Stakan_zone_NOR2|Learning_T1max|Learning_T3sum|EnduranceT|rear_support,0.0,0.1,0.022727989228715044,0.09579995019378595,0.015167013532099205,0.22518421430430996,14,0.13417635927300015,0.13417633372711865,0.4265567440433272,0.5949380278672702,11,4,1,OSQP
14,1,1,14,OFT_distance|Average_speed_OFT|Absolute_turn_angle_OFT|Time_inCenter_OFT|Average_speed_NOR1|Latency_to_first_investigation_Piramidka_NOR1|Latency_to_first_investigation_Stakan_NOR1|Time_investigating_Piramidka_zone_NOR2|Time_investigating_Stakan_zone_NOR2|Latency_to_first_investigation_Stakan_zone_NOR2|Learning_T1max|Learning_T3sum|EnduranceT|rear_support,0.0,0.4,0.1612879208557457,0.23268603518285655,0.005305704432390579,0.10665176196818203,14,0.08839916405754948,0.088399164053342,0.7436766637250787,0.7973363414418686,11,4,1,OSQP
14,1,2,14,OFT_distance|Average_speed_OFT|Absolute_turn_angle_OFT|Time_inCenter_OFT|Average_speed_NOR1|Latency_to_first_investigation_Piramidka_NOR1|Latency_to_first_investigation_Stakan_NOR1|Time_investigating_Piramidka_zone_NOR2|Time_investigating_Stakan_zone_NOR2|Latency_to_first_investigation_Stakan_zone_NOR2|Learning_T1max|Learning_T3sum|EnduranceT|rear_support,0.0,0.2,0.03508988933452164,0.10832973415591299,0.021002577432776698,0.1948239848858802,14,0.008975750371876881,0.008975733488786632,0.5092164174231171,0.5326325930573028,11,4,1,OSQP
14,1,3,14,OFT_distance|Average_speed_OFT|Absolute_turn_angle_OFT|Time_inCenter_OFT|Average_speed_NOR1|Latency_to_first_investigation_Piramidka_NOR1|Latency_to_first_investigation_Stakan_NOR1|Time_investigating_Piramidka_zone_NOR2|Time_investigating_Stakan_zone_NOR2|Latency_to_first_investigation_Stakan_zone_NOR2|Learning_T1max|Learning_T3sum|EnduranceT|rear_support,0.06,0.1,0.03591191602430689,96.7080009818648,9167.443006831814,0.19430450567054242,14,0.0733718651472611,0.07337186511301352,0.3775606820175096,-772.1302517196806,11,4,4,OSQP
14,2,3,14,OFT_distance|Average_speed_OFT|Absolute_turn_angle_OFT|Time_inCenter_OFT|Average_speed_NOR1|Latency_to_first_investigation_Piramidka_NOR1|Latency_to_first_investigation_Stakan_NOR1|Time_investigating_Piramidka_zone_NOR2|Time_investigating_Stakan_zone_NOR2|Latency_to_first_investigation_Stakan_zone_NOR2|Learning_T1max|Learning_T3sum|EnduranceT|rear_support,0.0,0.0,0.007022847543923777,0.06460960582766687,0.00972191086807541,0.22934629026675526,14,0.18601246782233322,0.16332473479503776,0.46101264914901774,0.6457831361875647,11,4,1,OSQP
14,3,1,14,OFT_distance|Average_speed_OFT|Absolute_turn_angle_OFT|Time_inCenter_OFT|Average_speed_NOR1|Latency_to_first_investigation_Piramidka_NOR1|Latency_to_first_investigation_Stakan_NOR1|Time_investigating_Piramidka_zone_NOR2|Time_investigating_Stakan_zone_NOR2|Latency_to_first_investigation_Stakan_zone_NOR2|Learning_T1max|Learning_T3sum|EnduranceT|rear_support,0.0,0.1,0.025050471157354003,0.06140978548281475,0.015637774137631535,0.238750070424693,14,0.12870739186878846,0.08048335541744275,0.4766261635864417,0.4056048350369583,11,4,1,OSQP
14,3,2,14,OFT_distance|Average_speed_OFT|Absolute_turn_angle_OFT|Time_inCenter_OFT|Average_speed_NOR1|Latency_to_first_investigation_Piramidka_NOR1|Latency_to_first_investigation_Stakan_NOR1|Time_investigating_Piramidka_zone_NOR2|Time_investigating_Stakan_zone_NOR2|Latency_to_first_investigation_Stakan_zone_NOR2|Learning_T1max|Learning_T3sum|EnduranceT|rear_support,0.0,0.3,0.06331297819026065,0.1503367929635218,0.007617314059544529,0.10666516076453088,14,0.06300854987411596,0.06300854592430254,0.7943489092743504,0.7829786308572586,11,4,1,OSQP
14,3,3,14,OFT_distance|Average_speed_OFT|Absolute_turn_angle_OFT|Time_inCenter_OFT|Average_speed_NOR1|Latency_to_first_investigation_Piramidka_NOR1|Latency_to_first_investigation_Stakan_NOR1|Time_investigating_Piramidka_zone_NOR2|Time_investigating_Stakan_zone_NOR2|Latency_to_first_investigation_Stakan_zone_NOR2|Learning_T1max|Learning_T3sum|EnduranceT|rear_support,0.0,0.3,0.11469593922863375,0.09171041410399673,0.006105110048196062,0.15072047540919897,14,1.913633841146906e-10,1.1487871260591856e-10,0.6265391557408068,0.8076054342824053,11,4,1,OSQP
14,5,1,14,OFT_distance|Average_speed_OFT|Absolute_turn_angle_OFT|Time_inCenter_OFT|Average_speed_NOR1|Latency_to_first_investigation_Piramidka_NOR1|Latency_to_first_investigation_Stakan_NOR1|Time_investigating_Piramidka_zone_NOR2|Time_investigating_Stakan_zone_NOR2|Latency_to_first_investigation_Stakan_zone_NOR2|Learning_T1max|Learning_T3sum|EnduranceT|rear_support,0.0,0.2,0.051161827346156916,0.20062187114804184,0.028888839670645945,0.23636562406123365,14,0.06471025532416112,0.03330354584545106,0.32177039683121933,0.5604044918604081,11,4,1,OSQP
14,5,2,14,OFT_distance|Average_speed_OFT|Absolute_turn_angle_OFT|Time_inCenter_OFT|Average_speed_NOR1|Latency_to_first_investigation_Piramidka_NOR1|Latency_to_first_investigation_Stakan_NOR1|Time_investigating_Piramidka_zone_NOR2|Time_investigating_Stakan_zone_NOR2|Latency_to_first_investigation_Stakan_zone_NOR2|Learning_T1max|Learning_T3sum|EnduranceT|rear_support,0.0,0.3,0.062070467104252035,0.027700028880827624,0.01047080699908408,0.1185481198872724,14,0.0745194349652918,0.07451943492468452,0.7506982675438025,0.7627049914539245,11,4,1,OSQP
14,5,3,14,OFT_distance|Average_speed_OFT|Absolute_turn_angle_OFT|Time_inCenter_OFT|Average_speed_NOR1|Latency_to_first_investigation_Piramidka_NOR1|Latency_to_first_investigation_Stakan_NOR1|Time_investigating_Piramidka_zone_NOR2|Time_investigating_Stakan_zone_NOR2|Latency_to_first_investigation_Stakan_zone_NOR2|Learning_T1max|Learning_T3sum|EnduranceT|rear_support,0.0,0.5,0.20462239567461196,0.23719157113574765,0.002329718491959105,0.07353056518603367,14,3.859890951856992e-09,3.854261967742782e-09,0.8815542957030686,0.8940124065014262,11,4,1,OSQP
14,6,1,14,OFT_distance|Average_speed_OFT|Absolute_turn_angle_OFT|Time_inCenter_OFT|Average_speed_NOR1|Latency_to_first_investigation_Piramidka_NOR1|Latency_to_first_investigation_Stakan_NOR1|Time_investigating_Piramidka_zone_NOR2|Time_investigating_Stakan_zone_NOR2|Latency_to_first_investigation_Stakan_zone_NOR2|Learning_T1max|Learning_T3sum|EnduranceT|rear_support,0.0,0.2,0.08422252930360585,0.08507166594910227,0.01625224821421903,0.13772806461503082,14,5.317440634350383e-10,5.24681974706696e-10,0.6274275929558204,0.7087009136057941,11,4,1,OSQP
14,6,2,14,OFT_distance|Average_speed_OFT|Absolute_turn_angle_OFT|Time_inCenter_OFT|Average_speed_NOR1|Latency_to_first_investigation_Piramidka_NOR1|Latency_to_first_investigation_Stakan_NOR1|Time_investigating_Piramidka_zone_NOR2|Time_investigating_Stakan_zone_NOR2|Latency_to_first_investigation_Stakan_zone_NOR2|Learning_T1max|Learning_T3sum|EnduranceT|rear_support,0.0,0.3,0.07002780644542353,0.16931157874239178,0.010976622254414174,0.13283173366697454,14,0.10603239497883084,0.09578006192742017,0.6861155961172453,0.6665199873877263,11,4,1,OSQP
14,6,3,14,OFT_distance|Average_speed_OFT|Absolute_turn_angle_OFT|Time_inCenter_OFT|Average_speed_NOR1|Latency_to_first_investigation_Piramidka_NOR1|Latency_to_first_investigation_Stakan_NOR1|Time_investigating_Piramidka_zone_NOR2|Time_investigating_Stakan_zone_NOR2|Latency_to_first_investigation_Stakan_zone_NOR2|Learning_T1max|Learning_T3sum|EnduranceT|rear_support,0.0,0.0,0.007646057088411752,0.14203164355599193,0.01474926384296641,0.2783064114035408,14,0.19727193086317907,0.15306924929849774,0.36285844175840787,0.4394391046866857,11,4,1,OSQP
14,7,1,14,OFT_distance|Average_speed_OFT|Absolute_turn_angle_OFT|Time_inCenter_OFT|Average_speed_NOR1|Latency_to_first_investigation_Piramidka_NOR1|Latency_to_first_investigation_Stakan_NOR1|Time_investigating_Piramidka_zone_NOR2|Time_investigating_Stakan_zone_NOR2|Latency_to_first_investigation_Stakan_zone_NOR2|Learning_T1max|Learning_T3sum|EnduranceT|rear_support,0.0,0.2,0.030397082186077302,0.18874765452361467,0.017396295133773183,0.18760784288377724,14,0.14746813897201566,0.1246328551085132,0.6148640067905852,0.5306569886357265,11,4,1,OSQP
14,7,2,14,OFT_distance|Average_speed_OFT|Absolute_turn_angle_OFT|Time_inCenter_OFT|Average_speed_NOR1|Latency_to_first_investigation_Piramidka_NOR1|Latency_to_first_investigation_Stakan_NOR1|Time_investigating_Piramidka_zone_NOR2|Time_investigating_Stakan_zone_NOR2|Latency_to_first_investigation_Stakan_zone_NOR2|Learning_T1max|Learning_T3sum|EnduranceT|rear_support,0.0,0.3,0.08614475591506451,0.06359972898822189,0.012431220499518348,0.08517515416994628,14,1.3832300761819305e-09,1.3518336950334114e-09,0.7702941500813977,0.7777181128008845,11,4,1,OSQP
14,8,1,14,OFT_distance|Average_speed_OFT|Absolute_turn_angle_OFT|Time_inCenter_OFT|Average_speed_NOR1|Latency_to_first_investigation_Piramidka_NOR1|Latency_to_first_investigation_Stakan_NOR1|Time_investigating_Piramidka_zone_NOR2|Time_investigating_Stakan_zone_NOR2|Latency_to_first_investigation_Stakan_zone_NOR2|Learning_T1max|Learning_T3sum|EnduranceT|rear_support,0.0,0.1,0.0425966997340222,0.13386518020549046,0.019913601090244662,0.1749962467955691,14,0.1961609959619204,0.1189002228092084,0.595125352628667,0.5277098421003406,11,4,1,OSQP
14,8,2,14,OFT_distance|Average_speed_OFT|Absolute_turn_angle_OFT|Time_inCenter_OFT|Average_speed_NOR1|Latency_to_first_investigation_Piramidka_NOR1|Latency_to_first_investigation_Stakan_NOR1|Time_investigating_Piramidka_zone_NOR2|Time_investigating_Stakan_zone_NOR2|Latency_to_first_investigation_Stakan_zone_NOR2|Learning_T1max|Learning_T3sum|EnduranceT|rear_support,0.0,0.0,0.0,0.10201126229029106,0.025675361213835332,0.25124137706797506,14,0.16121056000786294,0.16121054476802457,0.33028874765280325,0.47300224237562283,11,4,1,OSQP
14,8,3,14,OFT_distance|Average_speed_OFT|Absolute_turn_angle_OFT|Time_inCenter_OFT|Average_speed_NOR1|Latency_to_first_investigation_Piramidka_NOR1|Latency_to_first_investigation_Stakan_NOR1|Time_investigating_Piramidka_zone_NOR2|Time_investigating_Stakan_zone_NOR2|Latency_to_first_investigation_Stakan_zone_NOR2|Learning_T1max|Learning_T3sum|EnduranceT|rear_support,0.0,0.5,0.1621483033868098,0.10861929134347643,0.005675982325252178,0.11920456926246556,14,4.1405317821048826e-11,1.5555187713820382e-11,0.6090670193174775,0.7906134788970252,11,4,1,OSQP
14,9,1,14,OFT_distance|Average_speed_OFT|Absolute_turn_angle_OFT|Time_inCenter_OFT|Average_speed_NOR1|Latency_to_first_investigation_Piramidka_NOR1|Latency_to_first_investigation_Stakan_NOR1|Time_investigating_Piramidka_zone_NOR2|Time_investigating_Stakan_zone_NOR2|Latency_to_first_investigation_Stakan_zone_NOR2|Learning_T1max|Learning_T3sum|EnduranceT|rear_support,0.0,0.3,0.09165295532047313,0.09768740143595218,0.009079435984435757,0.114768430364455,14,0.06941933987685739,0.06941933100575533,0.7125518829051927,0.7152026771170633,11,4,1,OSQP
14,9,3,14,OFT_distance|Average_speed_OFT|Absolute_turn_angle_OFT|Time_inCenter_OFT|Average_speed_NOR1|Latency_to_first_investigation_Piramidka_NOR1|Latency_to_first_investigation_Stakan_NOR1|Time_investigating_Piramidka_zone_NOR2|Time_investigating_Stakan_zone_NOR2|Latency_to_first_investigation_Stakan_zone_NOR2|Learning_T1max|Learning_T3sum|EnduranceT|rear_support,0.0,0.4,0.19251212791801334,0.18643423010842142,0.003542833442998078,0.07020437066732615,14,2.062782659631357e-09,2.053941179362383e-09,0.8024602457783372,0.8076165187128548,11,4,1,OSQP
15,0,1,15,OFT_distance|Average_speed_OFT|Absolute_turn_angle_OFT|Time_inCenter_OFT|Average_speed_NOR1|Latency_to_first_investigation_Piramidka_NOR1|Latency_to_first_investigation_Stakan_NOR1|Time_investigating_Piramidka_zone_NOR2|Time_investigating_Stakan_zone_NOR2|Latency_to_first_investigation_Stakan_zone_NOR2|Learning_T1max|Learning_T3sum|EnduranceT|rear_support|rear_nosupport,0.0,0.3,0.09258805072691342,0.10726751632965524,0.023214045876224224,0.16779403970381906,15,7.228186334717267e-09,4.314151475058496e-09,0.645771785869008,0.4551210712778091,11,4,1,OSQP
15,0,2,15,OFT_distance|Average_speed_OFT|Absolute_turn_angle_OFT|Time_inCenter_OFT|Average_speed_NOR1|Latency_to_first_investigation_Piramidka_NOR1|Latency_to_first_investigation_Stakan_NOR1|Time_investigating_Piramidka_zone_NOR2|Time_investigating_Stakan_zone_NOR2|Latency_to_first_investigation_Stakan_zone_NOR2|Learning_T1max|Learning_T3sum|EnduranceT|rear_support|rear_nosupport,0.0,0.1,0.02558794112501602,0.09386941001594874,0.013036058921660558,0.22064649112519688,15,0.12551320215356573,0.12551320209889613,0.4770956406050334,0.561137887001502,11,4,1,OSQP
15,1,1,15,OFT_distance|Average_speed_OFT|Absolute_turn_angle_OFT|Time_inCenter_OFT|Average_speed_NOR1|Latency_to_first_investigation_Piramidka_NOR1|Latency_to_first_investigation_Stakan_NOR1|Time_investigating_Piramidka_zone_NOR2|Time_investigating_Stakan_zone_NOR2|Latency_to_first_investigation_Stakan_zone_NOR2|Learning_T1max|Learning_T3sum|EnduranceT|rear_support|rear_nosupport,0.0,0.4,0.16029019522639332,0.23177229086201612,0.00547548706179116,0.10962866202513935,15,0.0865657035188991,0.08656570351502425,0.7440760209167783,0.7875455589169881,11,4,1,OSQP
15,1,2,15,OFT_distance|Average_speed_OFT|Absolute_turn_angle_OFT|Time_inCenter_OFT|Average_speed_NOR1|Latency_to_first_investigation_Piramidka_NOR1|Latency_to_first_investigation_Stakan_NOR1|Time_investigating_Piramidka_zone_NOR2|Time_investigating_Stakan_zone_NOR2|Latency_to_first_investigation_Stakan_zone_NOR2|Learning_T1max|Learning_T3sum|EnduranceT|rear_support|rear_nosupport,0.0,0.2,0.035604001123583154,0.09656123894672544,0.020510157533954455,0.1914994806423791,15,9.66747162783376e-08,7.243608303182198e-08,0.4482636920262706,0.5368131113445643,11,4,1,OSQP
15,1,3,15,OFT_distance|Average_speed_OFT|Absolute_turn_angle_OFT|Time_inCenter_OFT|Average_speed_NOR1|Latency_to_first_investigation_Piramidka_NOR1|Latency_to_first_investigation_Stakan_NOR1|Time_investigating_Piramidka_zone_NOR2|Time_investigating_Stakan_zone_NOR2|Latency_to_first_investigation_Stakan_zone_NOR2|Learning_T1max|Learning_T3sum|EnduranceT|rear_support|rear_nosupport,0.06,0.1,0.034516929699769765,96.73503523494337,9172.489102185526,0.19468069268389032,15,0.0721676575413321,0.07216765747707773,0.37653389719470065,-772.3413674701561,11,4,4,OSQP
15,2,3,15,OFT_distance|Average_speed_OFT|Absolute_turn_angle_OFT|Time_inCenter_OFT|Average_speed_NOR1|Latency_to_first_investigation_Piramidka_NOR1|Latency_to_first_investigation_Stakan_NOR1|Time_investigating_Piramidka_zone_NOR2|Time_investigating_Stakan_zone_NOR2|Latency_to_first_investigation_Stakan_zone_NOR2|Learning_T1max|Learning_T3sum|EnduranceT|rear_support|rear_nosupport,0.0,0.0,0.010086264675135438,0.06268135878969408,0.010717975780602353,0.223117002919655,15,0.17458227841286045,0.1595214711274076,0.44056086435452135,0.6683928632409135,11,4,1,OSQP
15,3,1,15,OFT_distance|Average_speed_OFT|Absolute_turn_angle_OFT|Time_inCenter_OFT|Average_speed_NOR1|Latency_to_first_investigation_Piramidka_NOR1|Latency_to_first_investigation_Stakan_NOR1|Time_investigating_Piramidka_zone_NOR2|Time_investigating_Stakan_zone_NOR2|Latency_to_first_investigation_Stakan_zone_NOR2|Learning_T1max|Learning_T3sum|EnduranceT|rear_support|rear_nosupport,0.0,0.1,0.025188418329709306,0.06785344180708566,0.016647518809504293,0.23878869325739824,15,0.09222217875833243,0.060089723814142924,0.43094996684005915,0.3943006710179149,11,4,1,OSQP
15,3,2,15,OFT_distance|Average_speed_OFT|Absolute_turn_angle_OFT|Time_inCenter_OFT|Average_speed_NOR1|Latency_to_first_investigation_Piramidka_NOR1|Latency_to_first_investigation_Stakan_NOR1|Time_investigating_Piramidka_zone_NOR2|Time_investigating_Stakan_zone_NOR2|Latency_to_first_investigation_Stakan_zone_NOR2|Learning_T1max|Learning_T3sum|EnduranceT|rear_support|rear_nosupport,0.0,0.3,0.06261745293945031,0.16183926469621934,0.00796109694981528,0.10858622651681964,15,0.05891181944205326,0.05891181584406932,0.7947868767078876,0.7623914221047938,11,4,1,OSQP
15,3,3,15,OFT_distance|Average_speed_OFT|Absolute_turn_angle_OFT|Time_inCenter_OFT|Average_speed_NOR1|Latency_to_first_investigation_Piramidka_NOR1|Latency_to_first_investigation_Stakan_NOR1|Time_investigating_Piramidka_zone_NOR2|Time_investigating_Stakan_zone_NOR2|Latency_to_first_investigation_Stakan_zone_NOR2|Learning_T1max|Learning_T3sum|EnduranceT|rear_support|rear_nosupport,0.0,0.3,0.11214737787543201,0.08896167647116848,0.005815574286077802,0.15008757953725507,15,5.06498474024654e-09,5.047980633901038e-09,0.627658038863244,0.7868580580590772,11,4,1,OSQP
15,5,1,15,OFT_distance|Average_speed_OFT|Absolute_turn_angle_OFT|Time_inCenter_OFT|Average_speed_NOR1|Latency_to_first_investigation_Piramidka_NOR1|Latency_to_first_investigation_Stakan_NOR1|Time_investigating_Piramidka_zone_NOR2|Time_investigating_Stakan_zone_NOR2|Latency_to_first_investigation_Stakan_zone_NOR2|Learning_T1max|Learning_T3sum|EnduranceT|rear_support|rear_nosupport,0.0,0.2,0.04636693532997562,0.1748712830232406,0.02914856157552764,0.23466419331251456,15,0.04444760616131772,0.022223818895508965,0.26398155739798757,0.5415260115677754,11,4,1,OSQP
15,5,2,15,OFT_distance|Average_speed_OFT|Absolute_turn_angle_OFT|Time_inCenter_OFT|Average_speed_NOR1|Latency_to_first_investigation_Piramidka_NOR1|Latency_to_first_investigation_Stakan_NOR1|Time_investigating_Piramidka_zone_NOR2|Time_investigating_Stakan_zone_NOR2|Latency_to_first_investigation_Stakan_zone_NOR2|Learning_T1max|Learning_T3sum|EnduranceT|rear_support|rear_nosupport,0.0,0.5,0.07239690702759882,0.03866861268159577,0.012838018618159886,0.11296471054454685,15,0.06287555300996173,0.06287555300996173,0.7474291396197015,0.7564469609752142,11,4,1,OSQP
15,5,3,15,OFT_distance|Average_speed_OFT|Absolute_turn_angle_OFT|Time_inCenter_OFT|Average_speed_NOR1|Latency_to_first_investigation_Piramidka_NOR1|Latency_to_first_investigation_Stakan_NOR1|Time_investigating_Piramidka_zone_NOR2|Time_investigating_Stakan_zone_NOR2|Latency_to_first_investigation_Stakan_zone_NOR2|Learning_T1max|Learning_T3sum|EnduranceT|rear_support|rear_nosupport,0.0,0.5,0.20853178457867272,0.2436094010339726,0.0025436440419946103,0.0723194472304965,15,6.927344353336015e-10,6.914678922556858e-10,0.880094655487532,0.8909792040019167,11,4,1,OSQP
15,6,1,15,OFT_distance|Average_speed_OFT|Absolute_turn_angle_OFT|Time_inCenter_OFT|Average_speed_NOR1|Latency_to_first_investigation_Piramidka_NOR1|Latency_to_first_investigation_Stakan_NOR1|Time_investigating_Piramidka_zone_NOR2|Time_investigating_Stakan_zone_NOR2|Latency_to_first_investigation_Stakan_zone_NOR2|Learning_T1max|Learning_T3sum|EnduranceT|rear_support|rear_nosupport,0.0,0.3,0.08864243158559235,0.09389575688720832,0.015303822761391478,0.13006957512456535,15,1.0659321536262221e-11,3.288540398223406e-12,0.639157691834757,0.7032589730910812,11,4,1,OSQP
15,6,2,15,OFT_distance|Average_speed_OFT|Absolute_turn_angle_OFT|Time_inCenter_OFT|Average_speed_NOR1|Latency_to_first_investigation_Piramidka_NOR1|Latency_to_first_investigation_Stakan_NOR1|Time_investigating_Piramidka_zone_NOR2|Time_investigating_Stakan_zone_NOR2|Latency_to_first_investigation_Stakan_zone_NOR2|Learning_T1max|Learning_T3sum|EnduranceT|rear_support|rear_nosupport,0.0,0.2,0.06934086797634069,0.15497961353548406,0.011284568519895342,0.13463633143970666,15,0.09187640351906964,0.09187638959466113,0.6718864278995063,0.6619670162495999,11,4,1,OSQP
15,6,3,15,OFT_distance|Average_speed_OFT|Absolute_turn_angle_OFT|Time_inCenter_OFT|Average_speed_NOR1|Latency_to_first_investigation_Piramidka_NOR1|Latency_to_first_investigation_Stakan_NOR1|Time_investigating_Piramidka_zone_NOR2|Time_investigating_Stakan_zone_NOR2|Latency_to_first_investigation_Stakan_zone_NOR2|Learning_T1max|Learning_T3sum|EnduranceT|rear_support|rear_nosupport,0.0,0.0,0.008546876530253919,0.13398028196721692,0.014703449966423336,0.2667501765517512,15,0.18376725892545687,0.1410817124242988,0.4103144677304058,0.40721025748625717,11,4,1,OSQP
15,7,1,15,OFT_distance|Average_speed_OFT|Absolute_turn_angle_OFT|Time_inCenter_OFT|Average_speed_NOR1|Latency_to_first_investigation_Piramidka_NOR1|Latency_to_first_investigation_Stakan_NOR1|Time_investigating_Piramidka_zone_NOR2|Time_investigating_Stakan_zone_NOR2|Latency_to_first_investigation_Stakan_zone_NOR2|Learning_T1max|Learning_T3sum|EnduranceT|rear_support|rear_nosupport,0.0,0.2,0.028669162946691817,0.1822398755481564,0.017838861006978308,0.1887259342189461,15,0.14169041664207369,0.11863412975064776,0.6309519216643611,0.5340967922062025,11,4,1,OSQP
15,7,2,15,OFT_distance|Average_speed_OFT|Absolute_turn_angle_OFT|Time_inCenter_OFT|Average_speed_NOR1|Latency_to_first_investigation_Piramidka_NOR1|Latency_to_first_investigation_Stakan_NOR1|Time_investigating_Piramidka_zone_NOR2|Time_investigating_Stakan_zone_NOR2|Latency_to_first_investigation_Stakan_zone_NOR2|Learning_T1max|Learning_T3sum|EnduranceT|rear_support|rear_nosupport,0.0,0.3,0.08623589695975868,0.06690792594090045,0.013819184051849313,0.08304162548291624,15,1.3938877015525714e-09,1.3683356145269576e-09,0.7755899359173124,0.7740636309825726,11,4,1,OSQP
15,8,1,15,OFT_distance|Average_speed_OFT|Absolute_turn_angle_OFT|Time_inCenter_OFT|Average_speed_NOR1|Latency_to_first_investigation_Piramidka_NOR1|Latency_to_first_investigation_Stakan_NOR1|Time_investigating_Piramidka_zone_NOR2|Time_investigating_Stakan_zone_NOR2|Latency_to_first_investigation_Stakan_zone_NOR2|Learning_T1max|Learning_T3sum|EnduranceT|rear_support|rear_nosupport,0.0,0.1,0.04243544573808498,0.13371436004535459,0.019711069563573314,0.17470436554516247,15,0.1962818322703266,0.11883641173298351,0.5972412787865073,0.5286658471029286,11,4,1,OSQP
15,8,2,15,OFT_distance|Average_speed_OFT|Absolute_turn_angle_OFT|Time_inCenter_OFT|Average_speed_NOR1|Latency_to_first_investigation_Piramidka_NOR1|Latency_to_first_investigation_Stakan_NOR1|Time_investigating_Piramidka_zone_NOR2|Time_investigating_Stakan_zone_NOR2|Latency_to_first_investigation_Stakan_zone_NOR2|Learning_T1max|Learning_T3sum|EnduranceT|rear_support|rear_nosupport,0.0,0.0,0.0,0.1054069997513808,0.026172615022102132,0.23576624091107531,15,0.1641419352929187,0.1641419207519202,0.37385633289301534,0.45976561531714255,11,4,1,OSQP
15,8,3,15,OFT_distance|Average_speed_OFT|Absolute_turn_angle_OFT|Time_inCenter_OFT|Average_speed_NOR1|Latency_to_first_investigation_Piramidka_NOR1|Latency_to_first_investigation_Stakan_NOR1|Time_investigating_Piramidka_zone_NOR2|Time_investigating_Stakan_zone_NOR2|Latency_to_first_investigation_Stakan_zone_NOR2|Learning_T1max|Learning_T3sum|EnduranceT|rear_support|rear_nosupport,0.0,0.6,0.16569939167200332,0.10641193349610793,0.004867642485350091,0.11863783250682439,15,2.9718392569624574e-10,2.7301628151280113e-10,0.6180631637130072,0.7859886739976134,11,4,1,OSQP
15,9,1,15,OFT_distance|Average_speed_OFT|Absolute_turn_angle_OFT|Time_inCenter_OFT|Average_speed_NOR1|Latency_to_first_investigation_Piramidka_NOR1|Latency_to_first_investigation_Stakan_NOR1|Time_investigating_Piramidka_zone_NOR2|Time_investigating_Stakan_zone_NOR2|Latency_to_first_investigation_Stakan_zone_NOR2|Learning_T1max|Learning_T3sum|EnduranceT|rear_support|rear_nosupport,0.0,0.3,0.09163641393931346,0.09770689760787905,0.009050925675119328,0.11482222468369635,15,0.06940629368799854,0.06940628622022296,0.7125540229942171,0.7151344533766917,11,4,1,OSQP
15,9,3,15,OFT_distance|Average_speed_OFT|Absolute_turn_angle_OFT|Time_inCenter_OFT|Average_speed_NOR1|Latency_to_first_investigation_Piramidka_NOR1|Latency_to_first_investigation_Stakan_NOR1|Time_investigating_Piramidka_zone_NOR2|Time_investigating_Stakan_zone_NOR2|Latency_to_first_investigation_Stakan_zone_NOR2|Learning_T1max|Learning_T3sum|EnduranceT|rear_support|rear_nosupport,0.0,0.4,0.1955586819383554,0.18903513314152623,0.0038423919486108324,0.07045415134398453,15,5.73831427387439e-09,5.7317708838260476e-09,0.7923374711764206,0.789585477257436,11,4,1,OSQP
