D,r,L,mF_ms,rho,rho_sat,blocking_probability
2,30,12,5.0,0.0,0.5,0.0
2,30,12,5.0,0.003666666666666667,0.5,0.0
2,30,12,5.0,0.007333333333333334,0.5,0.0
2,30,12,5.0,0.011000000000000001,0.5,2.9309887850097087e-18
2,30,12,5.0,0.014666666666666668,0.5,1.9539925233398373e-18
2,30,12,5.0,0.018333333333333333,0.5,0.0
2,30,12,5.0,0.022000000000000002,0.5,0.0
2,30,12,5.0,0.02566666666666667,0.5,3.4194869158449422e-18
2,30,12,5.0,0.029333333333333336,0.5,1.0345502232667095e-15
2,30,12,5.0,0.033,0.5,0.0
2,30,12,5.0,0.03666666666666667,0.5,1.7112237552889172e-16
2,30,12,5.0,0.04033333333333334,0.5,0.0
2,30,12,5.0,0.044000000000000004,0.5,1.17239551400404e-17
2,30,12,5.0,0.04766666666666667,0.5,0.0
2,30,12,5.0,0.05133333333333334,0.5,6.8389738316901525e-18
2,30,12,5.0,0.05500000000000001,0.5,0.0
2,30,12,5.0,0.05866666666666667,0.5,3.352103779737592e-15
2,30,12,5.0,0.06233333333333334,0.5,0.0
2,30,12,5.0,0.066,0.5,0.0
2,30,12,5.0,0.06966666666666667,0.5,0.0
2,30,12,5.0,0.07333333333333333,0.5,2.930988785010193e-17
2,30,12,5.0,0.07700000000000001,0.5,0.0
2,30,12,5.0,0.08066666666666668,0.5,1.0746958878370464e-17
2,30,12,5.0,0.08433333333333334,0.5,1.1235457009205581e-17
2,30,12,5.0,0.08800000000000001,0.5,0.0
2,30,12,5.0,0.09166666666666667,0.5,9.681144774731453e-16
2,30,12,5.0,0.09533333333333334,0.5,1.6197117721124878e-15
2,30,12,5.0,0.099,0.5,4.933387032224444e-16
2,30,12,5.0,0.10266666666666668,0.5,1.367794766342877e-17
2,30,12,5.0,0.10633333333333335,0.5,1.7462179850252346e-15
2,30,12,5.0,0.11000000000000001,0.5,7.927516001916975e-28
2,30,12,5.0,0.11366666666666668,0.5,4.723332835980776e-16
2,30,12,5.0,0.11733333333333335,0.5,4.965982231278613e-27
2,30,12,5.0,0.12100000000000001,0.5,3.122835323845805e-16
2,30,12,5.0,0.12466666666666668,0.5,3.3217872962580647e-17
2,30,12,5.0,0.12833333333333335,0.5,2.0036322922272887e-25
2,30,12,5.0,0.132,0.5,1.0793144164434117e-15
2,30,12,5.0,0.13566666666666669,0.5,2.1483446580633307e-24
2,30,12,5.0,0.13933333333333334,0.5,5.433820216837783e-24
2,30,12,5.0,0.14300000000000002,0.5,2.3795897583069643e-23
2,30,12,5.0,0.14666666666666667,0.5,5.756521684456746e-23
2,30,12,5.0,0.15033333333333335,0.5,1.5093125776372115e-16
2,30,12,5.0,0.15400000000000003,0.5,2.0517470986830817e-17
2,30,12,5.0,0.15766666666666668,0.5,6.301749482870965e-17
2,30,12,5.0,0.16133333333333336,0.5,4.2990618813843305e-17
2,30,12,5.0,0.165,0.5,1.8238843217292994e-15
2,30,12,5.0,0.1686666666666667,0.5,2.162260323028954e-20
2,30,12,5.0,0.17233333333333334,0.5,6.892374674397954e-17
2,30,12,5.0,0.17600000000000002,0.5,1.2180152982209728e-15
2,30,12,5.0,0.1796666666666667,0.5,2.99017904819622e-19
2,30,12,5.0,0.18333333333333335,0.5,4.3580917281065675e-16
2,30,12,5.0,0.18700000000000003,0.5,1.4620685458747218e-16
2,30,12,5.0,0.19066666666666668,0.5,4.3481728405120403e-16
2,30,12,5.0,0.19433333333333336,0.5,3.267690722624061e-17
2,30,12,5.0,0.198,0.5,4.486194732322444e-17
2,30,12,5.0,0.2016666666666667,0.5,3.5247698565526814e-17
2,30,12,5.0,0.20533333333333337,0.5,9.037463870858494e-17
2,30,12,5.0,0.20900000000000002,0.5,1.7026823870393222e-16
2,30,12,5.0,0.2126666666666667,0.5,3.152577316220562e-16
2,30,12,5.0,0.21633333333333335,0.5,8.286343169175435e-16
2,30,12,5.0,0.22000000000000003,0.5,1.5818051311490424e-15
2,30,12,5.0,0.22366666666666668,0.5,3.7329211670713315e-15
2,30,12,5.0,0.22733333333333336,0.5,6.595697845489341e-15
2,30,12,5.0,0.231,0.5,1.4097341659698054e-14
2,30,12,5.0,0.2346666666666667,0.5,2.454427382578204e-14
2,30,12,5.0,0.23833333333333337,0.5,4.796313600954938e-14
2,30,12,5.0,0.24200000000000002,0.5,8.402654433580032e-14
2,30,12,5.0,0.2456666666666667,0.5,1.5657516823622644e-13
2,30,12,5.0,0.24933333333333335,0.5,2.6650292175203594e-13
2,30,12,5.0,0.253,0.5,4.562652190144071e-13
2,30,12,5.0,0.2566666666666667,0.5,8.011232555051097e-13
2,30,12,5.0,0.26033333333333336,0.5,1.3519471127925908e-12
2,30,12,5.0,0.264,0.5,2.3073312485532348e-12
2,30,12,5.0,0.2676666666666667,0.5,3.845909773829098e-12
2,30,12,5.0,0.27133333333333337,0.5,6.4161271371536016e-12
2,30,12,5.0,0.275,0.5,1.056744485420208e-11
2,30,12,5.0,0.2786666666666667,0.5,1.7304694238619308e-11
2,30,12,5.0,0.2823333333333334,0.5,2.8179821079782604e-11
2,30,12,5.0,0.28600000000000003,0.5,4.563648475621562e-11
2,30,12,5.0,0.2896666666666667,0.5,7.351243724151968e-11
2,30,12,5.0,0.29333333333333333,0.5,1.177844928116024e-10
2,30,12,5.0,0.29700000000000004,0.5,1.8774822491861122e-10
2,30,12,5.0,0.3006666666666667,0.5,2.9775213769857147e-10
2,30,12,5.0,0.30433333333333334,0.5,4.698636088215888e-10
2,30,12,5.0,0.30800000000000005,0.5,7.378466083612188e-10
2,30,12,5.0,0.3116666666666667,0.5,1.153120112386039e-09
2,30,12,5.0,0.31533333333333335,0.5,1.7936329902839525e-09
2,30,12,5.0,0.319,0.5,2.777017363887684e-09
2,30,12,5.0,0.3226666666666667,0.5,4.279984973908351e-09
2,30,12,5.0,0.32633333333333336,0.5,6.566822727432722e-09
2,30,12,5.0,0.33,0.5,1.0031070416337882e-08
2,30,12,5.0,0.3336666666666667,0.5,1.5256175416903192e-08
2,30,12,5.0,0.3373333333333334,0.5,2.310341972143658e-08
2,30,12,5.0,0.341,0.5,3.483879568779164e-08
2,30,12,5.0,0.3446666666666667,0.5,5.231528573390348e-08
2,30,12,5.0,0.3483333333333334,0.5,7.823358128011144e-08
2,30,12,5.0,0.35200000000000004,0.5,1.1651335693137837e-07
2,30,12,5.0,0.3556666666666667,0.5,1.728196080813818e-07
2,30,12,5.0,0.3593333333333334,0.5,2.5530548530176524e-07
2,30,12,5.0,0.36300000000000004,0.5,3.7565586239988636e-07
2,30,12,5.0,0.3666666666666667,0.5,5.505466610692801e-07
2,30,12,5.0,0.37033333333333335,0.5,8.036758951075553e-07
2,30,12,5.0,0.37400000000000005,0.5,1.1685768134013075e-06
2,30,12,5.0,0.3776666666666667,0.5,1.6924949624606845e-06
2,30,12,5.0,0.38133333333333336,0.5,2.4417041523120284e-06
2,30,12,5.0,0.38500000000000006,0.5,3.5087566115262074e-06
2,30,12,5.0,0.3886666666666667,0.5,5.02231611099128e-06
2,30,12,5.0,0.39233333333333337,0.5,7.160416517624857e-06
2,30,12,5.0,0.396,0.5,1.0168228667635457e-05
2,30,12,5.0,0.3996666666666667,0.5,1.438171202217098e-05
2,30,12,5.0,0.4033333333333334,0.5,2.0258877975495188e-05
2,30,12,5.0,0.40700000000000003,0.5,2.84207983786518e-05
2,30,12,5.0,0.41066666666666674,0.5,3.9704947568455875e-05
2,30,12,5.0,0.4143333333333334,0.5,5.523394737627273e-05
2,30,12,5.0,0.41800000000000004,0.5,7.650325178340644e-05
2,30,12,5.0,0.4216666666666667,0.5,0.00010549169197081334
2,30,12,5.0,0.4253333333333334,0.5,0.00014479899593840284
2,30,12,5.0,0.42900000000000005,0.5,0.00019781424155432815
2,30,12,5.0,0.4326666666666667,0.5,0.0002689184796063448
2,30,12,5.0,0.43633333333333335,0.5,0.0003637231906164537
2,30,12,5.0,0.44000000000000006,0.5,0.0004893434744200427
2,30,12,5.0,0.4436666666666667,0.5,0.0006547005472396257
2,30,12,5.0,0.44733333333333336,0.5,0.0008708419095241046
2,30,12,5.0,0.45100000000000007,0.5,0.0011512592811708101
2,30,12,5.0,0.4546666666666667,0.5,0.0015121742484558197
2,30,12,5.0,0.45833333333333337,0.5,0.0019727502691306124
2,30,12,5.0,0.462,0.5,0.0025551787941948284
2,30,12,5.0,0.46566666666666673,0.5,0.003284579328110467
2,30,12,5.0,0.4693333333333334,0.5,0.004188651739038965
2,30,12,5.0,0.47300000000000003,0.5,0.005297028002427327
2,30,12,5.0,0.47666666666666674,0.5,0.006640293255071189
2,30,12,5.0,0.4803333333333334,0.5,0.00824868396046232
2,30,12,5.0,0.48400000000000004,0.5,0.010150521818010048
2,30,12,5.0,0.4876666666666667,0.5,0.012370498553427539
2,30,12,5.0,0.4913333333333334,0.5,0.014927977009464658
2,30,12,5.0,0.49500000000000005,0.5,0.01783550381363545
2,30,12,5.0,0.4986666666666667,0.5,0.021097726137555457
2,30,12,5.0,0.5023333333333334,0.5,0.024710864419695697
2,30,12,5.0,0.506,0.5,0.028662819415031026
2,30,12,5.0,0.5096666666666667,0.5,0.03293390062213813
2,30,12,5.0,0.5133333333333334,0.5,0.037498074832207136
2,30,12,5.0,0.517,0.5,0.042324568032363195
2,30,12,5.0,0.5206666666666667,0.5,0.047379623628207516
2,30,12,5.0,0.5243333333333334,0.5,0.052628226879914725
2,30,12,5.0,0.528,0.5,0.05803564196541671
2,30,12,5.0,0.5316666666666667,0.5,0.06356866105018201
2,30,12,5.0,0.5353333333333334,0.5,0.06919652037157716
2,30,12,5.0,0.539,0.5,0.07489148600623813
2,30,12,5.0,0.5426666666666667,0.5,0.08062914589964802
2,30,12,5.0,0.5463333333333333,0.5,0.0863884637286735
2,30,12,5.0,0.55,0.5,0.09215165629407954
3,30,8,6.666666666666666,0.0,0.33333333333333337,0.0
3,30,8,6.666666666666666,0.003666666666666667,0.33333333333333337,0.0
3,30,8,6.666666666666666,0.007333333333333334,0.33333333333333337,6.876987868054142e-15
3,30,8,6.666666666666666,0.011000000000000001,0.33333333333333337,2.7699176285978024e-15
3,30,8,6.666666666666666,0.014666666666666668,0.33333333333333337,6.959410825402313e-15
3,30,8,6.666666666666666,0.018333333333333333,0.33333333333333337,0.0
3,30,8,6.666666666666666,0.022000000000000002,0.33333333333333337,9.120704191900605e-16
3,30,8,6.666666666666666,0.02566666666666667,0.33333333333333337,3.4194869158451537e-18
3,30,8,6.666666666666666,0.029333333333333336,0.33333333333333337,2.0691004465334146e-15
3,30,8,6.666666666666666,0.033,0.33333333333333337,0.0
3,30,8,6.666666666666666,0.03666666666666667,0.33333333333333337,0.0
3,30,8,6.666666666666666,0.04033333333333334,0.33333333333333337,3.8355985054750047e-16
3,30,8,6.666666666666666,0.044000000000000004,0.33333333333333337,1.2853718089900244e-15
3,30,8,6.666666666666666,0.04766666666666667,0.33333333333333337,3.8062886176248994e-16
3,30,8,6.666666666666666,0.05133333333333334,0.33333333333333337,6.83897383169046e-18
3,30,8,6.666666666666666,0.05500000000000001,0.33333333333333337,0.0
3,30,8,6.666666666666666,0.05866666666666667,0.33333333333333337,7.602807272633086e-16
3,30,8,6.666666666666666,0.06233333333333334,0.33333333333333337,0.0
3,30,8,6.666666666666666,0.066,0.33333333333333337,0.0
3,30,8,6.666666666666666,0.06966666666666667,0.33333333333333337,1.7352341785681412e-15
3,30,8,6.666666666666666,0.07333333333333333,0.33333333333333337,1.5276668818842027e-16
3,30,8,6.666666666666666,0.07700000000000001,0.33333333333333337,0.0
3,30,8,6.666666666666666,0.08066666666666668,0.33333333333333337,1.0746958878503173e-17
3,30,8,6.666666666666666,0.08433333333333334,0.33333333333333337,1.1091572105227116e-15
3,30,8,6.666666666666666,0.08800000000000001,0.33333333333333337,8.505196547155842e-16
3,30,8,6.666666666666666,0.09166666666666667,0.33333333333333337,4.059613057482457e-26
3,30,8,6.666666666666666,0.09533333333333334,0.33333333333333337,1.3322676313783833e-16
3,30,8,6.666666666666666,0.099,0.33333333333333337,9.734879581362354e-16
3,30,8,6.666666666666666,0.10266666666666668,0.33333333333333337,1.3677951981920651e-17
3,30,8,6.666666666666666,0.10633333333333335,0.33333333333333337,2.515734831787572e-23
3,30,8,6.666666666666666,0.11000000000000001,0.33333333333333337,1.6600055479737405e-15
3,30,8,6.666666666666666,0.11366666666666668,0.33333333333333337,5.904170308325713e-16
3,30,8,6.666666666666666,0.11733333333333335,0.33333333333333337,1.3127055901550915e-21
3,30,8,6.666666666666666,0.12100000000000001,0.33333333333333337,5.855355331962925e-16
3,30,8,6.666666666666666,0.12466666666666668,0.33333333333333337,1.316032391475593e-15
3,30,8,6.666666666666666,0.12833333333333335,0.33333333333333337,5.2538208528282005e-20
3,30,8,6.666666666666666,0.132,0.33333333333333337,1.5035606356609621e-15
3,30,8,6.666666666666666,0.13566666666666669,0.33333333333333337,3.464033054385433e-16
3,30,8,6.666666666666666,0.13933333333333334,0.33333333333333337,5.758818101525084e-16
3,30,8,6.666666666666666,0.14300000000000002,0.33333333333333337,9.853975872204097e-18
3,30,8,6.666666666666666,0.14666666666666667,0.33333333333333337,2.5741782261299398e-17
3,30,8,6.666666666666666,0.15033333333333335,0.33333333333333337,1.903106135386426e-15
3,30,8,6.666666666666666,0.15400000000000003,0.33333333333333337,3.272450597443907e-16
3,30,8,6.666666666666666,0.15766666666666668,0.33333333333333337,8.404996412716034e-16
3,30,8,6.666666666666666,0.16133333333333336,0.33333333333333337,2.513094548568354e-15
3,30,8,6.666666666666666,0.165,0.33333333333333337,7.877037755274574e-15
3,30,8,6.666666666666666,0.1686666666666667,0.33333333333333337,1.8395012376886503e-14
3,30,8,6.666666666666666,0.17233333333333334,0.33333333333333337,4.916765552107305e-14
3,30,8,6.666666666666666,0.17600000000000002,0.33333333333333337,1.163421563377549e-13
3,30,8,6.666666666666666,0.1796666666666667,0.33333333333333337,2.84757507762628e-13
3,30,8,6.666666666666666,0.18333333333333335,0.33333333333333337,6.715942109219075e-13
3,30,8,6.666666666666666,0.18700000000000003,0.33333333333333337,1.5119110975655705e-12
3,30,8,6.666666666666666,0.19066666666666668,0.33333333333333337,3.406326021496207e-12
3,30,8,6.666666666666666,0.19433333333333336,0.33333333333333337,7.483354228311645e-12
3,30,8,6.666666666666666,0.198,0.33333333333333337,1.630255243616624e-11
3,30,8,6.666666666666666,0.2016666666666667,0.33333333333333337,3.4960628488385026e-11
3,30,8,6.666666666666666,0.20533333333333337,0.33333333333333337,7.410186842886355e-11
3,30,8,6.666666666666666,0.20900000000000002,0.33333333333333337,1.5530273144869828e-10
3,30,8,6.666666666666666,0.2126666666666667,0.33333333333333337,3.2191994652527853e-10
3,30,8,6.666666666666666,0.21633333333333335,0.33333333333333337,6.601629387137612e-10
3,30,8,6.666666666666666,0.22000000000000003,0.33333333333333337,1.3396697782544422e-09
3,30,8,6.666666666666666,0.22366666666666668,0.33333333333333337,2.6908584093875663e-09
3,30,8,6.666666666666666,0.22733333333333336,0.33333333333333337,5.350820261264169e-09
3,30,8,6.666666666666666,0.231,0.33333333333333337,1.053582853973861e-08
3,30,8,6.666666666666666,0.2346666666666667,0.33333333333333337,2.0545131053598476e-08
3,30,8,6.666666666666666,0.23833333333333337,0.33333333333333337,3.968303866045118e-08
3,30,8,6.666666666666666,0.24200000000000002,0.33333333333333337,7.592953043973094e-08
3,30,8,6.666666666666666,0.2456666666666667,0.33333333333333337,1.4393622396827202e-07
3,30,8,6.666666666666666,0.24933333333333335,0.33333333333333337,2.703434743107659e-07
3,30,8,6.666666666666666,0.253,0.33333333333333337,5.031169599524884e-07
3,30,8,6.666666666666666,0.2566666666666667,0.33333333333333337,9.277628969559304e-07
3,30,8,6.666666666666666,0.26033333333333336,0.33333333333333337,1.6951688003705022e-06
3,30,8,6.666666666666666,0.264,0.33333333333333337,3.0688307912334695e-06
3,30,8,6.666666666666666,0.2676666666666667,0.33333333333333337,5.50394054911009e-06
3,30,8,6.666666666666666,0.27133333333333337,0.33333333333333337,9.777986698781265e-06
3,30,8,6.666666666666666,0.275,0.33333333333333337,1.7203129006704907e-05
3,30,8,6.666666666666666,0.2786666666666667,0.33333333333333337,2.996561999526638e-05
3,30,8,6.666666666666666,0.2823333333333334,0.33333333333333337,5.16576032009209e-05
3,30,8,6.666666666666666,0.28600000000000003,0.33333333333333337,8.809107214552472e-05
3,30,8,6.666666666666666,0.2896666666666667,0.33333333333333337,0.0001485089987548982
3,30,8,6.666666666666666,0.29333333333333333,0.33333333333333337,0.00024732509952776115
3,30,8,6.666666666666666,0.29700000000000004,0.33333333333333337,0.0004065118371691824
3,30,8,6.666666666666666,0.3006666666666667,0.33333333333333337,0.0006586822854236305
3,30,8,6.666666666666666,0.30433333333333334,0.33333333333333337,0.0010507272382081138
3,30,8,6.666666666666666,0.30800000000000005,0.33333333333333337,0.0016475245296695689
3,30,8,6.666666666666666,0.3116666666666667,0.33333333333333337,0.0025347204893707924
3,30,8,6.666666666666666,0.31533333333333335,0.33333333333333337,0.0038189930271718573
3,30,8,6.666666666666666,0.319,0.33333333333333337,0.005623838704784212
3,30,8,6.666666666666666,0.3226666666666667,0.33333333333333337,0.008079280062630013
3,30,8,6.666666666666666,0.32633333333333336,0.33333333333333337,0.011305432383276665
3,30,8,6.666666666666666,0.33,0.33333333333333337,0.015392523320418999
3,30,8,6.666666666666666,0.3336666666666667,0.33333333333333337,0.02038263226296288
3,30,8,6.666666666666666,0.3373333333333334,0.33333333333333337,0.026259283832685942
3,30,8,6.666666666666666,0.341,0.33333333333333337,0.03294886900782427
3,30,8,6.666666666666666,0.3446666666666667,0.33333333333333337,0.04033344142044241
3,30,8,6.666666666666666,0.3483333333333334,0.33333333333333337,0.04827026961118302
3,30,8,6.666666666666666,0.35200000000000004,0.33333333333333337,0.05661193207635641
3,30,8,6.666666666666666,0.3556666666666667,0.33333333333333337,0.06522207240771226
3,30,8,6.666666666666666,0.3593333333333334,0.33333333333333337,0.07398473172862348
3,30,8,6.666666666666666,0.36300000000000004,0.33333333333333337,0.08280768501027926
3,30,8,6.666666666666666,0.3666666666666667,0.33333333333333337,0.09162153048789243
3,30,8,6.666666666666666,0.37033333333333335,0.33333333333333337,0.10037647876847176
3,30,8,6.666666666666666,0.37400000000000005,0.33333333333333337,0.10903835950836466
3,30,8,6.666666666666666,0.3776666666666667,0.33333333333333337,0.11758477532307982
3,30,8,6.666666666666666,0.38133333333333336,0.33333333333333337,0.12600184160944325
3,30,8,6.666666666666666,0.38500000000000006,0.33333333333333337,0.13428163180559316
3,30,8,6.666666666666666,0.3886666666666667,0.33333333333333337,0.142420279212872
3,30,8,6.666666666666666,0.39233333333333337,0.33333333333333337,0.15041661933427827
3,30,8,6.666666666666666,0.396,0.33333333333333337,0.15827124585955027
3,30,8,6.666666666666666,0.3996666666666667,0.33333333333333337,0.1659858682972407
3,30,8,6.666666666666666,0.4033333333333334,0.33333333333333337,0.17356288226963362
3,30,8,6.666666666666666,0.40700000000000003,0.33333333333333337,0.18100508609710653
3,30,8,6.666666666666666,0.41066666666666674,0.33333333333333337,0.1883154961847596
3,30,8,6.666666666666666,0.4143333333333334,0.33333333333333337,0.19549722821059154
3,30,8,6.666666666666666,0.41800000000000004,0.33333333333333337,0.2025534216596618
3,30,8,6.666666666666666,0.4216666666666667,0.33333333333333337,0.20948719266096627
3,30,8,6.666666666666666,0.4253333333333334,0.33333333333333337,0.21630160516738475
3,30,8,6.666666666666666,0.42900000000000005,0.33333333333333337,0.22299965394417656
3,30,8,6.666666666666666,0.4326666666666667,0.33333333333333337,0.22958425510853436
3,30,8,6.666666666666666,0.43633333333333335,0.33333333333333337,0.23605824146185164
3,30,8,6.666666666666666,0.44000000000000006,0.33333333333333337,0.24242436083569635
3,30,8,6.666666666666666,0.4436666666666667,0.33333333333333337,0.24868527630851056
3,30,8,6.666666666666666,0.44733333333333336,0.33333333333333337,0.2548435675615653
3,30,8,6.666666666666666,0.45100000000000007,0.33333333333333337,0.2609017329075416
3,30,8,6.666666666666666,0.4546666666666667,0.33333333333333337,0.2668621916956844
3,30,8,6.666666666666666,0.45833333333333337,0.33333333333333337,0.2727272869065463
3,30,8,6.666666666666666,0.462,0.33333333333333337,0.2784992878192007
3,30,8,6.666666666666666,0.46566666666666673,0.33333333333333337,0.2841803926786353
3,30,8,6.666666666666666,0.4693333333333334,0.33333333333333337,0.28977273131929077
3,30,8,6.666666666666666,0.47300000000000003,0.33333333333333337,0.2952783677188727
3,30,8,6.666666666666666,0.47666666666666674,0.33333333333333337,0.3006993024680126
3,30,8,6.666666666666666,0.4803333333333334,0.33333333333333337,0.3060374751486927
3,30,8,6.666666666666666,0.48400000000000004,0.33333333333333337,0.31129476661850203
3,30,8,6.666666666666666,0.4876666666666667,0.33333333333333337,0.3164730012010904
3,30,8,6.666666666666666,0.4913333333333334,0.33333333333333337,0.32157394878437995
3,30,8,6.666666666666666,0.49500000000000005,0.33333333333333337,0.3265993268293619
3,30,8,6.666666666666666,0.4986666666666667,0.33333333333333337,0.3315508022927736
3,30,8,6.666666666666666,0.5023333333333334,0.33333333333333337,0.3364299934672175
3,30,8,6.666666666666666,0.506,0.33333333333333337,0.3412384717422632
3,30,8,6.666666666666666,0.5096666666666667,0.33333333333333337,0.34597776329029845
3,30,8,6.666666666666666,0.5133333333333334,0.33333333333333337,0.35064935068053266
3,30,8,6.666666666666666,0.517,0.33333333333333337,0.3552546744246237
3,30,8,6.666666666666666,0.5206666666666667,0.33333333333333337,0.35979513445720374
3,30,8,6.666666666666666,0.5243333333333334,0.33333333333333337,0.3642720915544035
3,30,8,6.666666666666666,0.528,0.33333333333333337,0.36868686869336165
3,30,8,6.666666666666666,0.5316666666666667,0.33333333333333337,0.37304075235549916
3,30,8,6.666666666666666,0.5353333333333334,0.33333333333333337,0.37733499377633856
3,30,8,6.666666666666666,0.539,0.33333333333333337,0.38157081014427724
3,30,8,6.666666666666666,0.5426666666666667,0.33333333333333337,0.3857493857507692
3,30,8,6.666666666666666,0.5463333333333333,0.33333333333333337,0.38987187309429644
3,30,8,6.666666666666666,0.55,0.33333333333333337,0.3939393939400449
4,30,6,7.5,0.0,0.25,0.0
4,30,6,7.5,0.003666666666666667,0.25,0.0
4,30,6,7.5,0.007333333333333334,0.25,0.0
4,30,6,7.5,0.011000000000000001,0.25,9.02125781484151e-15
4,30,6,7.5,0.014666666666666668,0.25,1.9539925233401397e-18
4,30,6,7.5,0.018333333333333333,0.25,0.0
4,30,6,7.5,0.022000000000000002,0.25,0.0
4,30,6,7.5,0.02566666666666667,0.25,3.4194869158452307e-18
4,30,6,7.5,0.029333333333333336,0.25,0.0
4,30,6,7.5,0.033,0.25,0.0
4,30,6,7.5,0.03666666666666667,0.25,0.0
4,30,6,7.5,0.04033333333333334,0.25,0.0
4,30,6,7.5,0.044000000000000004,0.25,1.1723955140041137e-17
4,30,6,7.5,0.04766666666666667,0.25,3.3833676601110144e-16
4,30,6,7.5,0.05133333333333334,0.25,6.838973831690736e-18
4,30,6,7.5,0.05500000000000001,0.25,5.5728375101555216e-28
4,30,6,7.5,0.05866666666666667,0.25,7.8159700933609e-18
4,30,6,7.5,0.06233333333333334,0.25,1.221462437368059e-15
4,30,6,7.5,0.066,0.25,4.424312768000471e-16
4,30,6,7.5,0.06966666666666667,0.25,1.5697117061790935e-27
4,30,6,7.5,0.07333333333333333,0.25,2.930988785945309e-17
4,30,6,7.5,0.07700000000000001,0.25,2.62332378056475e-15
4,30,6,7.5,0.08066666666666668,0.25,1.074695956481307e-17
4,30,6,7.5,0.08433333333333334,0.25,1.1235464053520395e-17
4,30,6,7.5,0.08800000000000001,0.25,6.480150091256636e-16
4,30,6,7.5,0.09166666666666667,0.25,8.605464858445629e-16
4,30,6,7.5,0.09533333333333334,0.25,1.2703137372465872e-17
4,30,6,7.5,0.099,0.25,1.3198536435714037e-17
4,30,6,7.5,0.10266666666666668,0.25,1.3740915048443428e-17
4,30,6,7.5,0.10633333333333335,0.25,1.2703819738974955e-15
4,30,6,7.5,0.11000000000000001,0.25,1.6887784780904713e-15
4,30,6,7.5,0.11366666666666668,0.25,8.90831497166138e-18
4,30,6,7.5,0.11733333333333335,0.25,1.720991568320916e-15
4,30,6,7.5,0.12100000000000001,0.25,2.445659432189574e-16
4,30,6,7.5,0.12466666666666668,0.25,1.5052593841133508e-15
4,30,6,7.5,0.12833333333333335,0.25,5.354738605176685e-15
4,30,6,7.5,0.132,0.25,2.2158582706108065e-14
4,30,6,7.5,0.13566666666666669,0.25,7.430846687746132e-14
4,30,6,7.5,0.13933333333333334,0.25,2.3539411432670133e-13
4,30,6,7.5,0.14300000000000002,0.25,7.596278687267105e-13
4,30,6,7.5,0.14666666666666667,0.25,2.3306964679938236e-12
4,30,6,7.5,0.15033333333333335,0.25,6.886778259606414e-12
4,30,6,7.5,0.15400000000000003,0.25,1.999323087774069e-11
4,30,6,7.5,0.15766666666666668,0.25,5.662681458911442e-11
4,30,6,7.5,0.16133333333333336,0.25,1.571833372047794e-10
4,30,6,7.5,0.165,0.25,4.2785571175524265e-10
4,30,6,7.5,0.1686666666666667,0.25,1.1427674327003457e-09
4,30,6,7.5,0.17233333333333334,0.25,2.996511266512462e-09
4,30,6,7.5,0.17600000000000002,0.25,7.717371309321202e-09
4,30,6,7.5,0.1796666666666667,0.25,1.9529304737212492e-08
4,30,6,7.5,0.18333333333333335,0.25,4.857413702978145e-08
4,30,6,7.5,0.18700000000000003,0.25,1.1877562635698557e-07
4,30,6,7.5,0.19066666666666668,0.25,2.855742836705002e-07
4,30,6,7.5,0.19433333333333336,0.25,6.751549888518899e-07
4,30,6,7.5,0.198,0.25,1.5694733114549482e-06
4,30,6,7.5,0.2016666666666667,0.25,3.5866112480487754e-06
4,30,6,7.5,0.20533333333333337,0.25,8.054433622311072e-06
4,30,6,7.5,0.20900000000000002,0.25,1.7764537034793044e-05
4,30,6,7.5,0.2126666666666667,0.25,3.844767531750916e-05
4,30,6,7.5,0.21633333333333335,0.25,8.155652473325482e-05
4,30,6,7.5,0.22000000000000003,0.25,0.00016927583903983922
4,30,6,7.5,0.22366666666666668,0.25,0.0003430029324892065
4,30,6,7.5,0.22733333333333336,0.25,0.0006765011051756227
4,30,6,7.5,0.231,0.25,0.0012937164618492358
4,30,6,7.5,0.2346666666666667,0.25,0.002387605044657994
4,30,6,7.5,0.23833333333333337,0.25,0.004229532920524589
4,30,6,7.5,0.24200000000000002,0.25,0.007151656730663993
4,30,6,7.5,0.2456666666666667,0.25,0.011486571362873158
4,30,6,7.5,0.24933333333333335,0.25,0.017470596937752964
4,30,6,7.5,0.253,0.25,0.02515291297206578
4,30,6,7.5,0.2566666666666667,0.25,0.034366919622404776
4,30,6,7.5,0.26033333333333336,0.25,0.04478456518187511
4,30,6,7.5,0.264,0.25,0.05601758022073241
4,30,6,7.5,0.2676666666666667,0.25,0.0677083279995666
4,30,6,7.5,0.27133333333333337,0.25,0.07957795828067454
4,30,6,7.5,0.275,0.25,0.09143413748496042
4,30,6,7.5,0.2786666666666667,0.25,0.10315649583261237
4,30,6,7.5,0.2823333333333334,0.25,0.11467600975231546
4,30,6,7.5,0.28600000000000003,0.25,0.12595685261976391
4,30,6,7.5,0.2896666666666667,0.25,0.1369832381856595
4,30,6,7.5,0.29333333333333333,0.25,0.14775086662022194
4,30,6,7.5,0.29700000000000004,0.25,0.15826173192718407
4,30,6,7.5,0.3006666666666667,0.25,0.1685211123953403
4,30,6,7.5,0.30433333333333334,0.25,0.17853588326033712
4,30,6,7.5,0.30800000000000005,0.25,0.18831359502415088
4,30,6,7.5,0.3116666666666667,0.25,0.19786198188167026
4,30,6,7.5,0.31533333333333335,0.25,0.20718870662484803
4,30,6,7.5,0.319,0.25,0.21630123348145347
4,30,6,7.5,0.3226666666666667,0.25,0.2252067692361339
4,30,6,7.5,0.32633333333333336,0.25,0.2339122403047492
4,30,6,7.5,0.33,0.25,0.24242428841917416
4,30,6,7.5,0.3336666666666667,0.25,0.2507492756938775
4,30,6,7.5,0.3373333333333334,0.25,0.2588932941993145
4,30,6,7.5,0.341,0.25,0.26686217748824265
4,30,6,7.5,0.3446666666666667,0.25,0.2746615127525809
4,30,6,7.5,0.3483333333333334,0.25,0.2822966529391771
4,30,6,7.5,0.35200000000000004,0.25,0.2897727284953457
4,30,6,7.5,0.3556666666666667,0.25,0.2970946585943185
4,30,6,7.5,0.3593333333333334,0.25,0.3042671617837181
4,30,6,7.5,0.36300000000000004,0.25,0.31129476604776196
4,30,6,7.5,0.3666666666666667,0.25,0.3181818182974282
4,30,6,7.5,0.37033333333333335,0.25,0.32493249331391927
4,30,6,7.5,0.37400000000000005,0.25,0.33155080217523447
4,30,6,7.5,0.3776666666666667,0.25,0.33804060019686777
4,30,6,7.5,0.38133333333333336,0.25,0.3444055944170629
4,30,6,7.5,0.38500000000000006,0.25,0.3506493506558338
4,30,6,7.5,0.3886666666666667,0.25,0.35677530017520237
4,30,6,7.5,0.39233333333333337,0.25,0.36278674596640637
4,30,6,7.5,0.396,0.25,0.36868686868806083
4,30,6,7.5,0.3996666666666667,0.25,0.37447873227757916
4,30,6,7.5,0.4033333333333334,0.25,0.38016528925658954
4,30,6,7.5,0.40700000000000003,0.25,0.38574938574961093
4,30,6,7.5,0.41066666666666674,0.25,0.39123376623389755
4,30,6,7.5,0.4143333333333334,0.25,0.39662107803708285
4,30,6,7.5,0.41800000000000004,0.25,0.4019138755981325
4,30,6,7.5,0.4216666666666667,0.25,0.40711462450595604
4,30,6,7.5,0.4253333333333334,0.25,0.412225705329172
4,30,6,7.5,0.42900000000000005,0.25,0.41724941724943004
4,30,6,7.5,0.4326666666666667,0.25,0.42218798151002607
4,30,6,7.5,0.43633333333333335,0.25,0.4270435446906338
4,30,6,7.5,0.44000000000000006,0.25,0.4318181818182028
4,30,6,7.5,0.4436666666666667,0.25,0.4365138993238504
4,30,6,7.5,0.44733333333333336,0.25,0.4411326378539742
4,30,6,7.5,0.45100000000000007,0.25,0.445676274944584
4,30,6,7.5,0.4546666666666667,0.25,0.45014662756601237
4,30,6,7.5,0.45833333333333337,0.25,0.45454545454547657
4,30,6,7.5,0.462,0.25,0.45887445887447487
4,30,6,7.5,0.46566666666666673,0.25,0.4631352899069738
4,30,6,7.5,0.4693333333333334,0.25,0.46732954545456806
4,30,6,7.5,0.47300000000000003,0.25,0.47145877378437023
4,30,6,7.5,0.47666666666666674,0.25,0.47552447552450783
4,30,6,7.5,0.4803333333333334,0.25,0.47952810548232927
4,30,6,7.5,0.48400000000000004,0.25,0.4834710743801839
4,30,6,7.5,0.4876666666666667,0.25,0.487354750512659
4,30,6,7.5,0.4913333333333334,0.25,0.4911804613297453
4,30,6,7.5,0.49500000000000005,0.25,0.49494949494951773
4,30,6,7.5,0.4986666666666667,0.25,0.4986631016042949
4,30,6,7.5,0.5023333333333334,0.25,0.5023224950232384
4,30,6,7.5,0.506,0.25,0.5059288537549708
4,30,6,7.5,0.5096666666666667,0.25,0.5094833224329866
4,30,6,7.5,0.5133333333333334,0.25,0.5129870129870318
4,30,6,7.5,0.517,0.25,0.5164410058027228
4,30,6,7.5,0.5206666666666667,0.25,0.5198463508322997
4,30,6,7.5,0.5243333333333334,0.25,0.5232040686586408
4,30,6,7.5,0.528,0.25,0.5265151515151736
4,30,6,7.5,0.5316666666666667,0.25,0.5297805642633406
4,30,6,7.5,0.5353333333333334,0.25,0.5330012453300272
4,30,6,7.5,0.539,0.25,0.5361781076067155
4,30,6,7.5,0.5426666666666667,0.25,0.5393120393120681
4,30,6,7.5,0.5463333333333333,0.25,0.5424039048200346
4,30,6,7.5,0.55,0.25,0.5454545454545634
5,30,4,8.0,0.0,0.17241379310344832,0.0
5,30,4,8.0,0.003666666666666667,0.17241379310344832,0.0
5,30,4,8.0,0.007333333333333334,0.17241379310344832,0.0
5,30,4,8.0,0.011000000000000001,0.17241379310344832,3.7361669313895626e-15
5,30,4,8.0,0.014666666666666668,0.17241379310344832,1.953992523340248e-18
5,30,4,8.0,0.018333333333333333,0.17241379310344832,7.629082550882538e-16
5,30,4,8.0,0.022000000000000002,0.17241379310344832,0.0
5,30,4,8.0,0.02566666666666667,0.17241379310344832,3.4194869158454522e-18
5,30,4,8.0,0.029333333333333336,0.17241379310344832,0.0
5,30,4,8.0,0.033,0.17241379310344832,0.0
5,30,4,8.0,0.03666666666666667,0.17241379310344832,1.4973207858777954e-15
5,30,4,8.0,0.04033333333333334,0.17241379310344832,0.0
5,30,4,8.0,0.044000000000000004,0.17241379310344832,9.669598455275267e-16
5,30,4,8.0,0.04766666666666667,0.17241379310344832,0.0
5,30,4,8.0,0.05133333333333334,0.17241379310344832,3.3771800171204914e-15
5,30,4,8.0,0.05500000000000001,0.17241379310344832,2.0847810117169423e-27
5,30,4,8.0,0.05866666666666667,0.17241379310344832,7.815972254490712e-18
5,30,4,8.0,0.06233333333333334,0.17241379310344832,5.205095636050284e-16
5,30,4,8.0,0.066,0.17241379310344832,8.295586885912522e-16
5,30,4,8.0,0.06966666666666667,0.17241379310344832,8.02426201989695e-22
5,30,4,8.0,0.07333333333333333,0.17241379310344832,1.1610101110428328e-15
5,30,4,8.0,0.07700000000000001,0.17241379310344832,1.8566306520653656e-19
5,30,4,8.0,0.08066666666666668,0.17241379310344832,1.3154034432165309e-17
5,30,4,8.0,0.08433333333333334,0.17241379310344832,7.509197774532098e-16
5,30,4,8.0,0.08800000000000001,0.17241379310344832,4.582104686532649e-16
5,30,4,8.0,0.09166666666666667,0.17241379310344832,6.004769351690408e-15
5,30,4,8.0,0.09533333333333334,0.17241379310344832,3.1998433779782814e-14
5,30,4,8.0,0.099,0.17241379310344832,1.9733381034229012e-13
5,30,4,8.0,0.10266666666666668,0.17241379310344832,1.0922962213783883e-12
5,30,4,8.0,0.10633333333333335,0.17241379310344832,5.620001881745618e-12
5,30,4,8.0,0.11000000000000001,0.17241379310344832,2.7471760245555345e-11
5,30,4,8.0,0.11366666666666668,0.17241379310344832,1.2852036264532576e-10
5,30,4,8.0,0.11733333333333335,0.17241379310344832,5.766830884871688e-10
5,30,4,8.0,0.12100000000000001,0.17241379310344832,2.4859759473805098e-09
5,30,4,8.0,0.12466666666666668,0.17241379310344832,1.0309954268684621e-08
5,30,4,8.0,0.12833333333333335,0.17241379310344832,4.1178990150626835e-08
5,30,4,8.0,0.132,0.17241379310344832,1.5850913494936458e-07
5,30,4,8.0,0.13566666666666669,0.17241379310344832,5.881738253812458e-07
5,30,4,8.0,0.13933333333333334,0.17241379310344832,2.1033390528204976e-06
5,30,4,8.0,0.14300000000000002,0.17241379310344832,7.241591149895467e-06
5,30,4,8.0,0.14666666666666667,0.17241379310344832,2.395593394847741e-05
5,30,4,8.0,0.15033333333333335,0.17241379310344832,7.5882541501163e-05
5,30,4,8.0,0.15400000000000003,0.17241379310344832,0.00022885607373326883
5,30,4,8.0,0.15766666666666668,0.17241379310344832,0.0006513586725694256
5,30,4,8.0,0.16133333333333336,0.17241379310344832,0.0017265823135281923
5,30,4,8.0,0.165,0.17241379310344832,0.004187455431367975
5,30,4,8.0,0.1686666666666667,0.17241379310344832,0.00910908266247738
5,30,4,8.0,0.17233333333333334,0.17241379310344832,0.01750116845030915
5,30,4,8.0,0.17600000000000002,0.17241379310344832,0.029612516093703675
5,30,4,8.0,0.1796666666666667,0.17241379310344832,0.044673127619698216
5,30,4,8.0,0.18333333333333335,0.17241379310344832,0.0614191351932894
5,30,4,8.0,0.18700000000000003,0.17241379310344832,0.07876078336360808
5,30,4,8.0,0.19066666666666668,0.17241379310344832,0.09603161635419556
5,30,4,8.0,0.19433333333333336,0.17241379310344832,0.1129092256756175
5,30,4,8.0,0.198,0.17241379310344832,0.12926736311231526
5,30,4,8.0,0.2016666666666667,0.17241379310344832,0.14507226530500705
5,30,4,8.0,0.20533333333333337,0.17241379310344832,0.16032874045923895
5,30,4,8.0,0.20900000000000002,0.17241379310344832,0.17505600297924792
5,30,4,8.0,0.2126666666666667,0.17241379310344832,0.18927773655112767
5,30,4,8.0,0.21633333333333335,0.17241379310344832,0.20301824809973185
5,30,4,8.0,0.22000000000000003,0.17241379310344832,0.21630107118669653
5,30,4,8.0,0.22366666666666668,0.17241379310344832,0.2291485161669766
5,30,4,8.0,0.22733333333333336,0.17241379310344832,0.2415815746169577
5,30,4,8.0,0.231,0.17241379310344832,0.25361995078692495
5,30,4,8.0,0.2346666666666667,0.17241379310344832,0.2652821345951669
5,30,4,8.0,0.23833333333333337,0.17241379310344832,0.27658548463508026
5,30,4,8.0,0.24200000000000002,0.17241379310344832,0.2875463099459841
5,30,4,8.0,0.2456666666666667,0.17241379310344832,0.2981799468432606
5,30,4,8.0,0.24933333333333335,0.17241379310344832,0.3085008298717666
5,30,4,8.0,0.253,0.17241379310344832,0.31852255693271087
5,30,4,8.0,0.2566666666666667,0.17241379310344832,0.32825794895951466
5,30,4,8.0,0.26033333333333336,0.17241379310344832,0.3377191046010942
5,30,4,8.0,0.264,0.17241379310344832,0.346917450367726
5,30,4,8.0,0.2676666666666667,0.17241379310344832,0.35586378666291213
5,30,4,8.0,0.27133333333333337,0.17241379310344832,0.3645683300859152
5,30,4,8.0,0.275,0.17241379310344832,0.37304075235124096
5,30,4,8.0,0.2786666666666667,0.17241379310344832,0.38129021613601244
5,30,4,8.0,0.2823333333333334,0.17241379310344832,0.38932540813421235
5,30,4,8.0,0.28600000000000003,0.17241379310344832,0.3971545695683741
5,30,4,8.0,0.2896666666666667,0.17241379310344832,0.4047855243839594
5,30,4,8.0,0.29333333333333333,0.17241379310344832,0.4122257053291704
5,30,4,8.0,0.29700000000000004,0.17241379310344832,0.41948217810288924
5,30,4,8.0,0.3006666666666667,0.17241379310344832,0.426561663735771
5,30,4,8.0,0.30433333333333334,0.17241379310344832,0.43347055935341955
5,30,4,8.0,0.30800000000000005,0.17241379310344832,0.44021495745636374
5,30,4,8.0,0.3116666666666667,0.17241379310344832,0.44680066383921896
5,30,4,8.0,0.31533333333333335,0.17241379310344832,0.4532332142597035
5,30,4,8.0,0.319,0.17241379310344832,0.45951788995785764
5,30,4,8.0,0.3226666666666667,0.17241379310344832,0.4656597321174399
5,30,4,8.0,0.32633333333333336,0.17241379310344832,0.471663555352065
5,30,4,8.0,0.33,0.17241379310344832,0.4775339602925913
5,30,4,8.0,0.3336666666666667,0.17241379310344832,0.4832753453443314
5,30,4,8.0,0.3373333333333334,0.17241379310344832,0.4888919176775389
5,30,4,8.0,0.341,0.17241379310344832,0.4943877035089774
5,30,4,8.0,0.3446666666666667,0.17241379310344832,0.4997665577269568
5,30,4,8.0,0.3483333333333334,0.17241379310344832,0.5050321729087728
5,30,4,8.0,0.35200000000000004,0.17241379310344832,0.5101880877743221
5,30,4,8.0,0.3556666666666667,0.17241379310344832,0.515237695116846
5,30,4,8.0,0.3593333333333334,0.17241379310344832,0.5201842492483014
5,30,4,8.0,0.36300000000000004,0.17241379310344832,0.5250308729932636
5,30,4,8.0,0.3666666666666667,0.17241379310344832,0.5297805642633442
5,30,4,8.0,0.37033333333333335,0.17241379310344832,0.5344362022409296
5,30,4,8.0,0.37400000000000005,0.17241379310344832,0.5390005531993467
5,30,4,8.0,0.3776666666666667,0.17241379310344832,0.5434762759838155
5,30,4,8.0,0.38133333333333336,0.17241379310344832,0.5478659271762915
5,30,4,8.0,0.38500000000000006,0.17241379310344832,0.5521719659650847
5,30,4,8.0,0.3886666666666667,0.17241379310344832,0.5563967587389943
5,30,4,8.0,0.39233333333333337,0.17241379310344832,0.5605425834236731
5,30,4,8.0,0.396,0.17241379310344832,0.5646116335771737
5,30,4,8.0,0.3996666666666667,0.17241379310344832,0.5686060222599466
5,30,4,8.0,0.4033333333333334,0.17241379310344832,0.572527785693943
5,30,4,8.0,0.40700000000000003,0.17241379310344832,0.5763788867237242
5,30,4,8.0,0.41066666666666674,0.17241379310344832,0.5801612180922592
5,30,4,8.0,0.4143333333333334,0.17241379310344832,0.5838766055427878
5,30,4,8.0,0.41800000000000004,0.17241379310344832,0.5875268107573185
5,30,4,8.0,0.4216666666666667,0.17241379310344832,0.5911135341420334
5,30,4,8.0,0.4253333333333334,0.17241379310344832,0.5946384174683933
5,30,4,8.0,0.42900000000000005,0.17241379310344832,0.5981030463789164
5,30,4,8.0,0.4326666666666667,0.17241379310344832,0.6015089527655337
5,30,4,8.0,0.43633333333333335,0.17241379310344832,0.6048576170280264
5,30,4,8.0,0.44000000000000006,0.17241379310344832,0.6081504702194541
5,30,4,8.0,0.4436666666666667,0.17241379310344832,0.611388896085405
5,30,4,8.0,0.44733333333333336,0.17241379310344832,0.6145742330027348
5,30,4,8.0,0.45100000000000007,0.17241379310344832,0.617707775823849
5,30,4,8.0,0.4546666666666667,0.17241379310344832,0.6207907776317189
5,30,4,8.0,0.45833333333333337,0.17241379310344832,0.6238244514106629
5,30,4,8.0,0.462,0.17241379310344832,0.6268099716375823
5,30,4,8.0,0.46566666666666673,0.17241379310344832,0.629748475797911
5,30,4,8.0,0.4693333333333334,0.17241379310344832,0.6326410658307362
5,30,4,8.0,0.47300000000000003,0.17241379310344832,0.6354888095064645
5,30,4,8.0,0.47666666666666674,0.17241379310344832,0.6382927417410275
5,30,4,8.0,0.4803333333333334,0.17241379310344832,0.6410538658498726
5,30,4,8.0,0.48400000000000004,0.17241379310344832,0.6437731547449475
5,30,4,8.0,0.4876666666666667,0.17241379310344832,0.6464515520776911
5,30,4,8.0,0.4913333333333334,0.17241379310344832,0.6490899733308412
5,30,4,8.0,0.49500000000000005,0.17241379310344832,0.6516893068617439
5,30,4,8.0,0.4986666666666667,0.17241379310344832,0.6542504148995214
5,30,4,8.0,0.5023333333333334,0.17241379310344832,0.656774134498792
5,30,4,8.0,0.506,0.17241379310344832,0.6592612784516958
5,30,4,8.0,0.5096666666666667,0.17241379310344832,0.6617126361606747
5,30,4,8.0,0.5133333333333334,0.17241379310344832,0.6641289744738106
5,30,4,8.0,0.517,0.17241379310344832,0.6665110384846337
5,30,4,8.0,0.5206666666666667,0.17241379310344832,0.6688595522981203
5,30,4,8.0,0.5243333333333334,0.17241379310344832,0.6711752197645655
5,30,4,8.0,0.528,0.17241379310344832,0.6734587251828669
5,30,4,8.0,0.5316666666666667,0.17241379310344832,0.6757107339747312
5,30,4,8.0,0.5353333333333334,0.17241379310344832,0.6779318933310648
5,30,4,8.0,0.539,0.17241379310344832,0.6801228328322098
5,30,4,8.0,0.5426666666666667,0.17241379310344832,0.6822841650428003
5,30,4,8.0,0.5463333333333333,0.17241379310344832,0.6844164860827784
5,30,4,8.0,0.55,0.17241379310344832,0.6865203761755589
6,30,4,8.333333333333334,0.0,0.16666666666666669,0.0
6,30,4,8.333333333333334,0.003666666666666667,0.16666666666666669,1.784002279237029e-14
6,30,4,8.333333333333334,0.007333333333333334,0.16666666666666669,6.559588427990095e-15
6,30,4,8.333333333333334,0.011000000000000001,0.16666666666666669,2.9309887850102103e-18
6,30,4,8.333333333333334,0.014666666666666668,0.16666666666666669,1.953992523340234e-18
6,30,4,8.333333333333334,0.018333333333333333,0.16666666666666669,0.0
6,30,4,8.333333333333334,0.022000000000000002,0.16666666666666669,3.5440450574242313e-15
6,30,4,8.333333333333334,0.02566666666666667,0.16666666666666669,4.1880277024120005e-16
6,30,4,8.333333333333334,0.029333333333333336,0.16666666666666669,0.0
6,30,4,8.333333333333334,0.033,0.16666666666666669,4.1225689528801093e-16
6,30,4,8.333333333333334,0.03666666666666667,0.16666666666666669,1.2320811038080159e-15
6,30,4,8.333333333333334,0.04033333333333334,0.16666666666666669,0.0
6,30,4,8.333333333333334,0.044000000000000004,0.16666666666666669,1.1723955140041322e-17
6,30,4,8.333333333333334,0.04766666666666667,0.16666666666666669,1.4034304401975346e-29
6,30,4,8.333333333333334,0.05133333333333334,0.16666666666666669,6.8389738328862606e-18
6,30,4,8.333333333333334,0.05500000000000001,0.16666666666666669,1.0071943279524854e-15
6,30,4,8.333333333333334,0.05866666666666667,0.16666666666666669,2.0847323902968373e-16
6,30,4,8.333333333333334,0.06233333333333334,0.16666666666666669,2.3985080671791466e-15
6,30,4,8.333333333333334,0.066,0.16666666666666669,1.7237207087709795e-22
6,30,4,8.333333333333334,0.06966666666666667,0.16666666666666669,1.784815455880862e-15
6,30,4,8.333333333333334,0.07333333333333333,0.16666666666666669,2.9361656246061946e-17
6,30,4,8.333333333333334,0.07700000000000001,0.16666666666666669,1.4300021176954546e-18
6,30,4,8.333333333333334,0.08066666666666668,0.16666666666666669,2.8691582954171964e-17
6,30,4,8.333333333333334,0.08433333333333334,0.16666666666666669,2.1263791531741726e-16
6,30,4,8.333333333333334,0.08800000000000001,0.16666666666666669,4.947621844486699e-15
6,30,4,8.333333333333334,0.09166666666666667,0.16666666666666669,2.4705105247372578e-14
6,30,4,8.333333333333334,0.09533333333333334,0.16666666666666669,1.6155159321890533e-13
6,30,4,8.333333333333334,0.099,0.16666666666666669,9.496438196096002e-13
6,30,4,8.333333333333334,0.10266666666666668,0.16666666666666669,5.154990290745912e-12
6,30,4,8.333333333333334,0.10633333333333335,0.16666666666666669,2.6815432656915045e-11
6,30,4,8.333333333333334,0.11000000000000001,0.16666666666666669,1.3241462637012073e-10
6,30,4,8.333333333333334,0.11366666666666668,0.16666666666666669,6.253007388672601e-10
6,30,4,8.333333333333334,0.11733333333333335,0.16666666666666669,2.8291862902998365e-09
6,30,4,8.333333333333334,0.12100000000000001,0.16666666666666669,1.2283150683044784e-08
6,30,4,8.333333333333334,0.12466666666666668,0.16666666666666669,5.122967161870667e-08
6,30,4,8.333333333333334,0.12833333333333335,0.16666666666666669,2.0539973284789722e-07
6,30,4,8.333333333333334,0.132,0.16666666666666669,7.918179588456045e-07
6,30,4,8.333333333333334,0.13566666666666669,0.16666666666666669,2.933564971977584e-06
6,30,4,8.333333333333334,0.13933333333333334,0.16666666666666669,1.0430949527762371e-05
6,30,4,8.333333333333334,0.14300000000000002,0.16666666666666669,3.550331300628627e-05
6,30,4,8.333333333333334,0.14666666666666667,0.16666666666666669,0.00011514912081457089
6,30,4,8.333333333333334,0.15033333333333335,0.16666666666666669,0.00035324335054363263
6,30,4,8.333333333333334,0.15400000000000003,0.16666666666666669,0.0010131259952856411
6,30,4,8.333333333333334,0.15766666666666668,0.16666666666666669,0.0026710982247809723
6,30,4,8.333333333333334,0.16133333333333336,0.16666666666666669,0.006336705490498822
6,30,4,8.333333333333334,0.165,0.16666666666666669,0.013249321693435604
6,30,4,8.333333333333334,0.1686666666666667,0.16666666666666669,0.02415988313927736
6,30,4,8.333333333333334,0.17233333333333334,0.16666666666666669,0.03867687456037077
6,30,4,8.333333333333334,0.17600000000000002,0.16666666666666669,0.05552116234404393
6,30,4,8.333333333333334,0.1796666666666667,0.16666666666666669,0.07335835832111834
6,30,4,8.333333333333334,0.18333333333333335,0.16666666666666669,0.09129503264172857
6,30,4,8.333333333333334,0.18700000000000003,0.16666666666666669,0.10887906308358586
6,30,4,8.333333333333334,0.19066666666666668,0.16666666666666669,0.12592750079566836
6,30,4,8.333333333333334,0.19433333333333336,0.16666666666666669,0.14238659856579627
6,30,4,8.333333333333334,0.198,0.16666666666666669,0.15825628185059415
6,30,4,8.333333333333334,0.2016666666666667,0.16666666666666669,0.17355631705754768
6,30,4,8.333333333333334,0.20533333333333337,0.16666666666666669,0.1883126379342802
6,30,4,8.333333333333334,0.20900000000000002,0.16666666666666669,0.2025521825292662
6,30,4,8.333333333333334,0.2126666666666667,0.16666666666666669,0.21630106887449363
6,30,4,8.333333333333334,0.21633333333333335,0.16666666666666669,0.22958402295704103
6,30,4,8.333333333333334,0.22000000000000003,0.16666666666666669,0.24242426018037258
6,30,4,8.333333333333334,0.22366666666666668,0.16666666666666669,0.2548435238032915
6,30,4,8.333333333333334,0.22733333333333336,0.16666666666666669,0.26686217260622774
6,30,4,8.333333333333334,0.231,0.16666666666666669,0.2784992794572871
6,30,4,8.333333333333334,0.2346666666666667,0.16666666666666669,0.28977272763969464
6,30,4,8.333333333333334,0.23833333333333337,0.16666666666666669,0.30069930084084323
6,30,4,8.333333333333334,0.24200000000000002,0.16666666666666669,0.31129476589519295
6,30,4,8.333333333333334,0.2456666666666667,0.16666666666666669,0.3215739484611178
6,30,4,8.333333333333334,0.24933333333333335,0.16666666666666669,0.3315508021475019
6,30,4,8.333333333333334,0.253,0.16666666666666669,0.3412384716766101
6,30,4,8.333333333333334,0.2566666666666667,0.16666666666666669,0.35064935065069003
6,30,4,8.333333333333334,0.26033333333333336,0.16666666666666669,0.35979513444355976
6,30,4,8.333333333333334,0.264,0.16666666666666669,0.3686868686870857
6,30,4,8.333333333333334,0.2676666666666667,0.16666666666666669,0.3773349937734393
6,30,4,8.333333333333334,0.27133333333333337,0.16666666666666669,0.3857493857494226
6,30,4,8.333333333333334,0.275,0.16666666666666669,0.3939393939394103
6,30,4,8.333333333333334,0.2786666666666667,0.16666666666666669,0.40191387559809416
6,30,4,8.333333333333334,0.2823333333333334,0.16666666666666669,0.4096812278630659
6,30,4,8.333333333333334,0.28600000000000003,0.16666666666666669,0.41724941724944226
6,30,4,8.333333333333334,0.2896666666666667,0.16666666666666669,0.4246260069045018
6,30,4,8.333333333333334,0.29333333333333333,0.16666666666666669,0.43181818181820075
6,30,4,8.333333333333334,0.29700000000000004,0.16666666666666669,0.4388327721661155
6,30,4,8.333333333333334,0.3006666666666667,0.16666666666666669,0.44567627494458384
6,30,4,8.333333333333334,0.30433333333333334,0.16666666666666669,0.4523548740416479
6,30,4,8.333333333333334,0.30800000000000005,0.16666666666666669,0.458874458874475
6,30,4,8.333333333333334,0.3116666666666667,0.16666666666666669,0.4652406417112584
6,30,4,8.333333333333334,0.31533333333333335,0.16666666666666669,0.4714587737843729
6,30,4,8.333333333333334,0.319,0.16666666666666669,0.4775339602925909
6,30,4,8.333333333333334,0.3226666666666667,0.16666666666666669,0.4834710743801842
6,30,4,8.333333333333334,0.32633333333333336,0.16666666666666669,0.4892747701736594
6,30,4,8.333333333333334,0.33,0.16666666666666669,0.4949494949495205
6,30,4,8.333333333333334,0.3336666666666667,0.16666666666666669,0.5004995004995167
6,30,4,8.333333333333334,0.3373333333333334,0.16666666666666669,0.5059288537549519
6,30,4,8.333333333333334,0.341,0.16666666666666669,0.5112414467253416
6,30,4,8.333333333333334,0.3446666666666667,0.16666666666666669,0.5164410058027233
6,30,4,8.333333333333334,0.3483333333333334,0.16666666666666669,0.5215311004784796
6,30,4,8.333333333333334,0.35200000000000004,0.16666666666666669,0.5265151515151789
6,30,4,8.333333333333334,0.3556666666666667,0.16666666666666669,0.531396438612952
6,30,4,8.333333333333334,0.3593333333333334,0.16666666666666669,0.5361781076066918
6,30,4,8.333333333333334,0.36300000000000004,0.16666666666666669,0.5408631772268213
6,30,4,8.333333333333334,0.3666666666666667,0.16666666666666669,0.545454545454569
6,30,4,8.333333333333334,0.37033333333333335,0.16666666666666669,0.5499549954995668
6,30,4,8.333333333333334,0.37400000000000005,0.16666666666666669,0.5543672014260376
6,30,4,8.333333333333334,0.3776666666666667,0.16666666666666669,0.5586937334510236
6,30,4,8.333333333333334,0.38133333333333336,0.16666666666666669,0.5629370629370896
6,30,4,8.333333333333334,0.38500000000000006,0.16666666666666669,0.5670995670995858
6,30,4,8.333333333333334,0.3886666666666667,0.16666666666666669,0.5711835334476987
6,30,4,8.333333333333334,0.39233333333333337,0.16666666666666669,0.575191163976221
6,30,4,8.333333333333334,0.396,0.16666666666666669,0.5791245791245861
6,30,4,8.333333333333334,0.3996666666666667,0.16666666666666669,0.5829858215179576
6,30,4,8.333333333333334,0.4033333333333334,0.16666666666666669,0.5867768595041513
6,30,4,8.333333333333334,0.40700000000000003,0.16666666666666669,0.5904995904996043
6,30,4,8.333333333333334,0.41066666666666674,0.16666666666666669,0.5941558441558558
6,30,4,8.333333333333334,0.4143333333333334,0.16666666666666669,0.5977473853580128
6,30,4,8.333333333333334,0.41800000000000004,0.16666666666666669,0.601275917065396
6,30,4,8.333333333333334,0.4216666666666667,0.16666666666666669,0.6047430830039765
6,30,4,8.333333333333334,0.4253333333333334,0.16666666666666669,0.6081504702194535
6,30,4,8.333333333333334,0.42900000000000005,0.16666666666666669,0.6114996114996255
6,30,4,8.333333333333334,0.4326666666666667,0.16666666666666669,0.614791987673354
6,30,4,8.333333333333334,0.43633333333333335,0.16666666666666669,0.6180290297937442
6,30,4,8.333333333333334,0.44000000000000006,0.16666666666666669,0.6212121212121277
6,30,4,8.333333333333334,0.4436666666666667,0.16666666666666669,0.6243425995492152
6,30,4,8.333333333333334,0.44733333333333336,0.16666666666666669,0.6274217585693219
6,30,4,8.333333333333334,0.45100000000000007,0.16666666666666669,0.6304508499630622
6,30,4,8.333333333333334,0.4546666666666667,0.16666666666666669,0.6334310850440019
6,30,4,8.333333333333334,0.45833333333333337,0.16666666666666669,0.6363636363636477
6,30,4,8.333333333333334,0.462,0.16666666666666669,0.6392496392496486
6,30,4,8.333333333333334,0.46566666666666673,0.16666666666666669,0.6420901932713029
6,30,4,8.333333333333334,0.4693333333333334,0.16666666666666669,0.6448863636363691
6,30,4,8.333333333333334,0.47300000000000003,0.16666666666666669,0.6476391825229069
6,30,4,8.333333333333334,0.47666666666666674,0.16666666666666669,0.6503496503496767
6,30,4,8.333333333333334,0.4803333333333334,0.16666666666666669,0.653018736988224
6,30,4,8.333333333333334,0.48400000000000004,0.16666666666666669,0.6556473829201264
6,30,4,8.333333333333334,0.4876666666666667,0.16666666666666669,0.6582365003417769
6,30,4,8.333333333333334,0.4913333333333334,0.16666666666666669,0.6607869742198212
6,30,4,8.333333333333334,0.49500000000000005,0.16666666666666669,0.663299663299672
6,30,4,8.333333333333334,0.4986666666666667,0.16666666666666669,0.6657754010695268
6,30,4,8.333333333333334,0.5023333333333334,0.16666666666666669,0.6682149966821563
6,30,4,8.333333333333334,0.506,0.16666666666666669,0.6706192358366316
6,30,4,8.333333333333334,0.5096666666666667,0.16666666666666669,0.672988881621979
6,30,4,8.333333333333334,0.5133333333333334,0.16666666666666669,0.6753246753247016
6,30,4,8.333333333333334,0.517,0.16666666666666669,0.6776273372018271
6,30,4,8.333333333333334,0.5206666666666667,0.16666666666666669,0.6798975672215279
6,30,4,8.333333333333334,0.5243333333333334,0.16666666666666669,0.6821360457724239
6,30,4,8.333333333333334,0.528,0.16666666666666669,0.6843434343434456
6,30,4,8.333333333333334,0.5316666666666667,0.16666666666666669,0.6865203761755584
6,30,4,8.333333333333334,0.5353333333333334,0.16666666666666669,0.6886674968866843
6,30,4,8.333333333333334,0.539,0.16666666666666669,0.6907854050711264
6,30,4,8.333333333333334,0.5426666666666667,0.16666666666666669,0.6928746928746982
6,30,4,8.333333333333334,0.5463333333333333,0.16666666666666669,0.6949359365466791
6,30,4,8.333333333333334,0.55,0.16666666666666669,0.6969696969697239
7,30,3,8.571428571428571,0.0,0.1272727272727273,0.0
7,30,3,8.571428571428571,0.003666666666666667,0.1272727272727273,0.0
7,30,3,8.571428571428571,0.007333333333333334,0.1272727272727273,4.731602763917586e-15
7,30,3,8.571428571428571,0.011000000000000001,0.1272727272727273,2.8723986152575293e-15
7,30,3,8.571428571428571,0.014666666666666668,0.1272727272727273,1.0229644292141736e-15
7,30,3,8.571428571428571,0.018333333333333333,0.1272727272727273,0.0
7,30,3,8.571428571428571,0.022000000000000002,0.1272727272727273,8.107292615022741e-16
7,30,3,8.571428571428571,0.02566666666666667,0.1272727272727273,3.4194869158454553e-18
7,30,3,8.571428571428571,0.029333333333333336,0.1272727272727273,0.0
7,30,3,8.571428571428571,0.033,0.1272727272727273,3.206442518906749e-15
7,30,3,8.571428571428571,0.03666666666666667,0.1272727272727273,3.7932126575570834e-15
7,30,3,8.571428571428571,0.04033333333333334,0.1272727272727273,3.3557372042053557e-29
7,30,3,8.571428571428571,0.044000000000000004,0.1272727272727273,1.1723955144713634e-17
7,30,3,8.571428571428571,0.04766666666666667,0.1272727272727273,5.920893409130008e-16
7,30,3,8.571428571428571,0.05133333333333334,0.1272727272727273,6.839027415639361e-18
7,30,3,8.571428571428571,0.05500000000000001,0.1272727272727273,2.235534721102265e-21
7,30,3,8.571428571428571,0.05866666666666667,0.1272727272727273,5.931452952297943e-16
7,30,3,8.571428571428571,0.06233333333333334,0.1272727272727273,1.1711600552621202e-15
7,30,3,8.571428571428571,0.066,0.1272727272727273,2.4036887146517355e-16
7,30,3,8.571428571428571,0.06966666666666667,0.1272727272727273,7.822400654025908e-15
7,30,3,8.571428571428571,0.07333333333333333,0.1272727272727273,1.0557827790014432e-13
7,30,3,8.571428571428571,0.07700000000000001,0.1272727272727273,1.132686472491236e-12
7,30,3,8.571428571428571,0.08066666666666668,0.1272727272727273,1.0638664056511026e-11
7,30,3,8.571428571428571,0.08433333333333334,0.1272727272727273,9.127891059000728e-11
7,30,3,8.571428571428571,0.08800000000000001,0.1272727272727273,7.244021829743529e-10
7,30,3,8.571428571428571,0.09166666666666667,0.1272727272727273,5.339794738462839e-09
7,30,3,8.571428571428571,0.09533333333333334,0.1272727272727273,3.667173316320575e-08
7,30,3,8.571428571428571,0.099,0.1272727272727273,2.350619731554071e-07
7,30,3,8.571428571428571,0.10266666666666668,0.1272727272727273,1.4066444660946404e-06
7,30,3,8.571428571428571,0.10633333333333335,0.1272727272727273,7.843265620838287e-06
7,30,3,8.571428571428571,0.11000000000000001,0.1272727272727273,4.05319252074195e-05
7,30,3,8.571428571428571,0.11366666666666668,0.1272727272727273,0.0001919747517117286
7,30,3,8.571428571428571,0.11733333333333335,0.1272727272727273,0.0008159188594961128
7,30,3,8.571428571428571,0.12100000000000001,0.1272727272727273,0.003000353086808792
7,30,3,8.571428571428571,0.12466666666666668,0.1272727272727273,0.009073589887038139
7,30,3,8.571428571428571,0.12833333333333335,0.1272727272727273,0.02162204435768886
7,30,3,8.571428571428571,0.132,0.1272727272727273,0.04066274580350129
7,30,3,8.571428571428571,0.13566666666666669,0.1272727272727273,0.06337618145833132
7,30,3,8.571428571428571,0.13933333333333334,0.1272727272727273,0.08698225903509589
7,30,3,8.571428571428571,0.14300000000000002,0.1272727272727273,0.1100935823909075
7,30,3,8.571428571428571,0.14666666666666667,0.1272727272727273,0.13226063679836708
7,30,3,8.571428571428571,0.15033333333333335,0.1272727272727273,0.15340399851812672
7,30,3,8.571428571428571,0.15400000000000003,0.1272727272727273,0.1735556435736321
7,30,3,8.571428571428571,0.15766666666666668,0.1272727272727273,0.19277389539743633
7,30,3,8.571428571428571,0.16133333333333336,0.1272727272727273,0.21111958751893867
7,30,3,8.571428571428571,0.165,0.1272727272727273,0.22865017136194987
7,30,3,8.571428571428571,0.1686666666666667,0.1272727272727273,0.24541862189952668
7,30,3,8.571428571428571,0.17233333333333334,0.1272727272727273,0.2614735385134344
7,30,3,8.571428571428571,0.17600000000000002,0.1272727272727273,0.27685950477588084
7,30,3,8.571428571428571,0.1796666666666667,0.1272727272727273,0.2916174736119298
7,30,3,8.571428571428571,0.18333333333333335,0.1272727272727273,0.3057851240157993
7,30,3,8.571428571428571,0.18700000000000003,0.1272727272727273,0.319397180373451
7,30,3,8.571428571428571,0.19066666666666668,0.1272727272727273,0.33248569612594936
7,30,3,8.571428571428571,0.19433333333333336,0.1272727272727273,0.34508030563030795
7,30,3,8.571428571428571,0.198,0.1272727272727273,0.3572084481178628
7,30,3,8.571428571428571,0.2016666666666667,0.1272727272727273,0.36889556724277
7,30,3,8.571428571428571,0.20533333333333337,0.1272727272727273,0.3801652892562274
7,30,3,8.571428571428571,0.20900000000000002,0.1272727272727273,0.3910395824271521
7,30,3,8.571428571428571,0.2126666666666667,0.1272727272727273,0.4015388999715192
7,30,3,8.571428571428571,0.21633333333333335,0.1272727272727273,0.411682308446578
7,30,3,8.571428571428571,0.22000000000000003,0.1272727272727273,0.4214876033058039
7,30,3,8.571428571428571,0.22366666666666668,0.1272727272727273,0.4309714130876791
7,30,3,8.571428571428571,0.22733333333333336,0.1272727272727273,0.4401492935217372
7,30,3,8.571428571428571,0.231,0.1272727272727273,0.4490358126721896
7,30,3,8.571428571428571,0.2346666666666667,0.1272727272727273,0.4576446280991929
7,30,3,8.571428571428571,0.23833333333333337,0.1272727272727273,0.46598855689765645
7,30,3,8.571428571428571,0.24200000000000002,0.1272727272727273,0.47407963936891084
7,30,3,8.571428571428571,0.2456666666666667,0.1272727272727273,0.48192919699026243
7,30,3,8.571428571428571,0.24933333333333335,0.1272727272727273,0.489547885269824
7,30,3,8.571428571428571,0.253,0.1272727272727273,0.4969457420050365
7,30,3,8.571428571428571,0.2566666666666667,0.1272727272727273,0.5041322314049738
7,30,3,8.571428571428571,0.26033333333333336,0.1272727272727273,0.5111162844837689
7,30,3,8.571428571428571,0.264,0.1272727272727273,0.5179063360881713
7,30,3,8.571428571428571,0.2676666666666667,0.1272727272727273,0.5245103588814761
7,30,3,8.571428571428571,0.27133333333333337,0.1272727272727273,0.5309358945722815
7,30,3,8.571428571428571,0.275,0.1272727272727273,0.5371900826446423
7,30,3,8.571428571428571,0.2786666666666667,0.1272727272727273,0.5432796868203642
7,30,3,8.571428571428571,0.2823333333333334,0.1272727272727273,0.5492111194590756
7,30,3,8.571428571428571,0.28600000000000003,0.1272727272727273,0.5549904640813871
7,30,3,8.571428571428571,0.2896666666666667,0.1272727272727273,0.5606234961816171
7,30,3,8.571428571428571,0.29333333333333333,0.1272727272727273,0.5661157024793432
7,30,3,8.571428571428571,0.29700000000000004,0.1272727272727273,0.5714722987450424
7,30,3,8.571428571428571,0.3006666666666667,0.1272727272727273,0.5766982463213168
7,30,3,8.571428571428571,0.30433333333333334,0.1272727272727273,0.5817982674499719
7,30,3,8.571428571428571,0.30800000000000005,0.1272727272727273,0.5867768595041358
7,30,3,8.571428571428571,0.3116666666666667,0.1272727272727273,0.591638308215864
7,30,3,8.571428571428571,0.31533333333333335,0.1272727272727273,0.5963866999807916
7,30,3,8.571428571428571,0.319,0.1272727272727273,0.6010259333143412
7,30,3,8.571428571428571,0.3226666666666667,0.1272727272727273,0.605559729526676
7,30,3,8.571428571428571,0.32633333333333336,0.1272727272727273,0.6099916426780784
7,30,3,8.571428571428571,0.33,0.1272727272727273,0.6143250688705378
7,30,3,8.571428571428571,0.3336666666666667,0.1272727272727273,0.6185632549269017
7,30,3,8.571428571428571,0.3373333333333334,0.1272727272727273,0.6227093065037794
7,30,3,8.571428571428571,0.341,0.1272727272727273,0.6267661956811557
7,30,3,8.571428571428571,0.3446666666666667,0.1272727272727273,0.630736768067525
7,30,3,8.571428571428571,0.3483333333333334,0.1272727272727273,0.6346237494563026
7,30,3,8.571428571428571,0.35200000000000004,0.1272727272727273,0.6384297520661283
7,30,3,8.571428571428571,0.3556666666666667,0.1272727272727273,0.64215728039534
7,30,3,8.571428571428571,0.3593333333333334,0.1272727272727273,0.6458087367178338
7,30,3,8.571428571428571,0.36300000000000004,0.1272727272727273,0.6493864262459345
7,30,3,8.571428571428571,0.3666666666666667,0.1272727272727273,0.6528925619834739
7,30,3,8.571428571428571,0.37033333333333335,0.1272727272727273,0.6563292692905874
7,30,3,8.571428571428571,0.37400000000000005,0.1272727272727273,0.6596985901798897
7,30,3,8.571428571428571,0.3776666666666667,0.1272727272727273,0.6630024873626053
7,30,3,8.571428571428571,0.38133333333333336,0.1272727272727273,0.6662428480610388
7,30,3,8.571428571428571,0.38500000000000006,0.1272727272727273,0.6694214876033121
7,30,3,8.571428571428571,0.3886666666666667,0.1272727272727273,0.6725401528145998
7,30,3,8.571428571428571,0.39233333333333337,0.1272727272727273,0.6756005252182007
7,30,3,8.571428571428571,0.396,0.1272727272727273,0.6786042240587716
7,30,3,8.571428571428571,0.3996666666666667,0.1272727272727273,0.6815528091591665
7,30,3,8.571428571428571,0.4033333333333334,0.1272727272727273,0.684447783621353
7,30,3,8.571428571428571,0.40700000000000003,0.1272727272727273,0.6872905963815179
7,30,3,8.571428571428571,0.41066666666666674,0.1272727272727273,0.6900826446281081
7,30,3,8.571428571428571,0.4143333333333334,0.1272727272727273,0.6928252760915734
7,30,3,8.571428571428571,0.41800000000000004,0.1272727272727273,0.6955197912135755
7,30,3,8.571428571428571,0.4216666666666667,0.1272727272727273,0.6981674452030218
7,30,3,8.571428571428571,0.4253333333333334,0.1272727272727273,0.700769449985753
7,30,3,8.571428571428571,0.42900000000000005,0.1272727272727273,0.7033269760542507
7,30,3,8.571428571428571,0.4326666666666667,0.1272727272727273,0.7058411542232816
7,30,3,8.571428571428571,0.43633333333333335,0.1272727272727273,0.708313077297059
7,30,3,8.571428571428571,0.44000000000000006,0.1272727272727273,0.7107438016529108
7,30,3,8.571428571428571,0.4436666666666667,0.1272727272727273,0.7131343487466854
7,30,3,8.571428571428571,0.44733333333333336,0.1272727272727273,0.7154857065438409
7,30,3,8.571428571428571,0.45100000000000007,0.1272727272727273,0.7177988308808815
7,30,3,8.571428571428571,0.4546666666666667,0.1272727272727273,0.7200746467608721
7,30,3,8.571428571428571,0.45833333333333337,0.1272727272727273,0.7223140495867829
7,30,3,8.571428571428571,0.462,0.1272727272727273,0.7245179063360931
7,30,3,8.571428571428571,0.46566666666666673,0.1272727272727273,0.7266870566799021
7,30,3,8.571428571428571,0.4693333333333334,0.1272727272727273,0.7288223140495897
7,30,3,8.571428571428571,0.47300000000000003,0.1272727272727273,0.730924466653856
7,30,3,8.571428571428571,0.47666666666666674,0.1272727272727273,0.7329942784488258
7,30,3,8.571428571428571,0.4803333333333334,0.1272727272727273,0.7350324900637197
7,30,3,8.571428571428571,0.48400000000000004,0.1272727272727273,0.7370398196844679
7,30,3,8.571428571428571,0.4876666666666667,0.1272727272727273,0.7390169638973637
7,30,3,8.571428571428571,0.4913333333333334,0.1272727272727273,0.7409645984951406
7,30,3,8.571428571428571,0.49500000000000005,0.1272727272727273,0.7428833792470267
7,30,3,8.571428571428571,0.4986666666666667,0.1272727272727273,0.744773942634914
7,30,3,8.571428571428571,0.5023333333333334,0.1272727272727273,0.7466369065572863
7,30,3,8.571428571428571,0.506,0.1272727272727273,0.7484728710025214
7,30,3,8.571428571428571,0.5096666666666667,0.1272727272727273,0.7502824186931493
7,30,3,8.571428571428571,0.5133333333333334,0.1272727272727273,0.7520661157024828
7,30,3,8.571428571428571,0.517,0.1272727272727273,0.7538245120450178
7,30,3,8.571428571428571,0.5206666666666667,0.1272727272727273,0.7555581422418831
7,30,3,8.571428571428571,0.5243333333333334,0.1272727272727273,0.7572675258625889
7,30,3,8.571428571428571,0.528,0.1272727272727273,0.7589531680440939
7,30,3,8.571428571428571,0.5316666666666667,0.1272727272727273,0.7606155599886152
7,30,3,8.571428571428571,0.5353333333333334,0.1272727272727273,0.7622551794407454
7,30,3,8.571428571428571,0.539,0.1272727272727273,0.7638724911452284
7,30,3,8.571428571428571,0.5426666666666667,0.1272727272727273,0.7654679472861382
7,30,3,8.571428571428571,0.5463333333333333,0.1272727272727273,0.767041987908377
7,30,3,8.571428571428571,0.55,0.1272727272727273,0.7685950413223197
8,30,3,8.75,0.0,0.125,0.0
8,30,3,8.75,0.003666666666666667,0.125,0.0
8,30,3,8.75,0.007333333333333334,0.125,5.6426567122495456e-15
8,30,3,8.75,0.011000000000000001,0.125,2.9309887850102345e-18
8,30,3,8.75,0.014666666666666668,0.125,1.953992523340218e-18
8,30,3,8.75,0.018333333333333333,0.125,1.1957419181791408e-15
8,30,3,8.75,0.022000000000000002,0.125,0.0
8,30,3,8.75,0.02566666666666667,0.125,3.4194869158454538e-18
8,30,3,8.75,0.029333333333333336,0.125,0.0
8,30,3,8.75,0.033,0.125,0.0
8,30,3,8.75,0.03666666666666667,0.125,1.7601158625828762e-15
8,30,3,8.75,0.04033333333333334,0.125,2.1430645617893023e-15
8,30,3,8.75,0.044000000000000004,0.125,1.1723955150511925e-17
8,30,3,8.75,0.04766666666666667,0.125,2.2092317801417565e-24
8,30,3,8.75,0.05133333333333334,0.125,1.9943000326926747e-16
8,30,3,8.75,0.05500000000000001,0.125,4.7419007428201186e-21
8,30,3,8.75,0.05866666666666667,0.125,8.207458243010826e-18
8,30,3,8.75,0.06233333333333334,0.125,2.292093279591622e-17
8,30,3,8.75,0.066,0.125,3.56046090649269e-15
8,30,3,8.75,0.06966666666666667,0.125,1.8062551925042906e-14
8,30,3,8.75,0.07333333333333333,0.125,2.603249217384901e-13
8,30,3,8.75,0.07700000000000001,0.125,2.661188941626935e-12
8,30,3,8.75,0.08066666666666668,0.125,2.519299175635172e-11
8,30,3,8.75,0.08433333333333334,0.125,2.1759306518260283e-10
8,30,3,8.75,0.08800000000000001,0.125,1.7367391005995985e-09
8,30,3,8.75,0.09166666666666667,0.125,1.2860105005269113e-08
8,30,3,8.75,0.09533333333333334,0.125,8.857873097712333e-08
8,30,3,8.75,0.099,0.125,5.682096463914835e-07
8,30,3,8.75,0.10266666666666668,0.125,3.392033459315908e-06
8,30,3,8.75,0.10633333333333335,0.125,1.8776181202610955e-05
8,30,3,8.75,0.11000000000000001,0.125,9.556462146747145e-05
8,30,3,8.75,0.11366666666666668,0.125,0.00043978811267319395
8,30,3,8.75,0.11733333333333335,0.125,0.0017745664750695993
8,30,3,8.75,0.12100000000000001,0.125,0.005982058840003973
8,30,3,8.75,0.12466666666666668,0.125,0.015975813834568954
8,30,3,8.75,0.12833333333333335,0.125,0.033130887853845895
8,30,3,8.75,0.132,0.125,0.055313392641752855
8,30,3,8.75,0.13566666666666669,0.125,0.07926849711732932
8,30,3,8.75,0.13933333333333334,0.125,0.1030406110561652
8,30,3,8.75,0.14300000000000002,0.125,0.1259173481728381
8,30,3,8.75,0.14666666666666667,0.125,0.14773811364471698
8,30,3,8.75,0.15033333333333335,0.125,0.16851712181307463
8,30,3,8.75,0.15400000000000003,0.125,0.1883123674469844
8,30,3,8.75,0.15766666666666668,0.125,0.2071883320765421
8,30,3,8.75,0.16133333333333336,0.125,0.22520665522896235
8,30,3,8.75,0.165,0.125,0.2424242536643906
8,30,3,8.75,0.1686666666666667,0.125,0.25889328355991553
8,30,3,8.75,0.17233333333333334,0.125,0.2746615094757944
8,30,3,8.75,0.17600000000000002,0.125,0.28977272747868943
8,30,3,8.75,0.1796666666666667,0.125,0.30426716146567284
8,30,3,8.75,0.18333333333333335,0.125,0.31818181819704383
8,30,3,8.75,0.18700000000000003,0.125,0.33155080214325505
8,30,3,8.75,0.19066666666666668,0.125,0.3444055944067761
8,30,3,8.75,0.19433333333333336,0.125,0.35677530017186243
8,30,3,8.75,0.198,0.125,0.3686868686869653
8,30,3,8.75,0.2016666666666667,0.125,0.38016528925622667
8,30,3,8.75,0.20533333333333337,0.125,0.3912337662337755
8,30,3,8.75,0.20900000000000002,0.125,0.4019138755981026
8,30,3,8.75,0.2126666666666667,0.125,0.41222570532916986
8,30,3,8.75,0.21633333333333335,0.125,0.4221879815100329
8,30,3,8.75,0.22000000000000003,0.125,0.4318181818182014
8,30,3,8.75,0.22366666666666668,0.125,0.44113263785395784
8,30,3,8.75,0.22733333333333336,0.125,0.4501466275659948
8,30,3,8.75,0.231,0.125,0.45887445887447603
8,30,3,8.75,0.2346666666666667,0.125,0.46732954545455263
8,30,3,8.75,0.23833333333333337,0.125,0.47552447552448857
8,30,3,8.75,0.24200000000000002,0.125,0.48347107438018655
8,30,3,8.75,0.2456666666666667,0.125,0.49118046132972654
8,30,3,8.75,0.24933333333333335,0.125,0.49866310160429944
8,30,3,8.75,0.253,0.125,0.5059288537549527
8,30,3,8.75,0.2566666666666667,0.125,0.5129870129870189
8,30,3,8.75,0.26033333333333336,0.125,0.5198463508322811
8,30,3,8.75,0.264,0.125,0.5265151515151588
8,30,3,8.75,0.2676666666666667,0.125,0.533001245330032
8,30,3,8.75,0.27133333333333337,0.125,0.5393120393120507
8,30,3,8.75,0.275,0.125,0.5454545454545514
8,30,3,8.75,0.2786666666666667,0.125,0.5514354066985824
8,30,3,8.75,0.2823333333333334,0.125,0.5572609208972962
8,30,3,8.75,0.28600000000000003,0.125,0.5629370629370691
8,30,3,8.75,0.2896666666666667,0.125,0.5684695051783868
8,30,3,8.75,0.29333333333333333,0.125,0.5738636363636503
8,30,3,8.75,0.29700000000000004,0.125,0.5791245791245875
8,30,3,8.75,0.3006666666666667,0.125,0.5842572062084305
8,30,3,8.75,0.30433333333333334,0.125,0.5892661555312352
8,30,3,8.75,0.30800000000000005,0.125,0.5941558441558584
8,30,3,8.75,0.3116666666666667,0.125,0.5989304812834308
8,30,3,8.75,0.31533333333333335,0.125,0.6035940803382719
8,30,3,8.75,0.319,0.125,0.6081504702194392
8,30,3,8.75,0.3226666666666667,0.125,0.6126033057851404
8,30,3,8.75,0.32633333333333336,0.125,0.6169560776302472
8,30,3,8.75,0.33,0.125,0.6212121212121289
8,30,3,8.75,0.3336666666666667,0.125,0.6253746253746306
8,30,3,8.75,0.3373333333333334,0.125,0.6294466403162083
8,30,3,8.75,0.341,0.125,0.6334310850440078
8,30,3,8.75,0.3446666666666667,0.125,0.6373307543520447
8,30,3,8.75,0.3483333333333334,0.125,0.641148325358862
8,30,3,8.75,0.35200000000000004,0.125,0.6448863636363703
8,30,3,8.75,0.3556666666666667,0.125,0.6485473289597046
8,30,3,8.75,0.3593333333333334,0.125,0.6521335807050124
8,30,3,8.75,0.36300000000000004,0.125,0.6556473829201331
8,30,3,8.75,0.3666666666666667,0.125,0.6590909090909263
8,30,3,8.75,0.37033333333333335,0.125,0.6624662466246751
8,30,3,8.75,0.37400000000000005,0.125,0.6657754010695283
8,30,3,8.75,0.3776666666666667,0.125,0.6690203000882678
8,30,3,8.75,0.38133333333333336,0.125,0.6722027972028017
8,30,3,8.75,0.38500000000000006,0.125,0.6753246753246787
8,30,3,8.75,0.3886666666666667,0.125,0.6783876500857654
8,30,3,8.75,0.39233333333333337,0.125,0.6813933729821773
8,30,3,8.75,0.396,0.125,0.6843434343434499
8,30,3,8.75,0.3996666666666667,0.125,0.687239366138461
8,30,3,8.75,0.4033333333333334,0.125,0.6900826446281081
8,30,3,8.75,0.40700000000000003,0.125,0.6928746928746992
8,30,3,8.75,0.41066666666666674,0.125,0.6956168831168873
8,30,3,8.75,0.4143333333333334,0.125,0.6983105390185068
8,30,3,8.75,0.41800000000000004,0.125,0.7009569377990453
8,30,3,8.75,0.4216666666666667,0.125,0.703557312252966
8,30,3,8.75,0.4253333333333334,0.125,0.7061128526645777
8,30,3,8.75,0.42900000000000005,0.125,0.708624708624732
8,30,3,8.75,0.4326666666666667,0.125,0.7110939907550251
8,30,3,8.75,0.43633333333333335,0.125,0.7135217723453159
8,30,3,8.75,0.44000000000000006,0.125,0.7159090909091028
8,30,3,8.75,0.4436666666666667,0.125,0.7182569496619182
8,30,3,8.75,0.44733333333333336,0.125,0.7205663189269823
8,30,3,8.75,0.45100000000000007,0.125,0.7228381374722893
8,30,3,8.75,0.4546666666666667,0.125,0.7250733137829957
8,30,3,8.75,0.45833333333333337,0.125,0.7272727272727306
8,30,3,8.75,0.462,0.125,0.7294372294372321
8,30,3,8.75,0.46566666666666673,0.125,0.7315676449534734
8,30,3,8.75,0.4693333333333334,0.125,0.7336647727272745
8,30,3,8.75,0.47300000000000003,0.125,0.7357293868922012
8,30,3,8.75,0.47666666666666674,0.125,0.7377622377622561
8,30,3,8.75,0.4803333333333334,0.125,0.7397640527411675
8,30,3,8.75,0.48400000000000004,0.125,0.7417355371900956
8,30,3,8.75,0.4876666666666667,0.125,0.7436773752563328
8,30,3,8.75,0.4913333333333334,0.125,0.7455902306648665
8,30,3,8.75,0.49500000000000005,0.125,0.7474747474747541
8,30,3,8.75,0.4986666666666667,0.125,0.7493315508021441
8,30,3,8.75,0.5023333333333334,0.125,0.7511612475116167
8,30,3,8.75,0.506,0.125,0.7529644268774737
8,30,3,8.75,0.5096666666666667,0.125,0.7547416612164837
8,30,3,8.75,0.5133333333333334,0.125,0.7564935064935085
8,30,3,8.75,0.517,0.125,0.758220502901373
8,30,3,8.75,0.5206666666666667,0.125,0.7599231754161493
8,30,3,8.75,0.5243333333333334,0.125,0.7616020343293192
8,30,3,8.75,0.528,0.125,0.7632575757575865
8,30,3,8.75,0.5316666666666667,0.125,0.7648902821316699
8,30,3,8.75,0.5353333333333334,0.125,0.766500622665014
8,30,3,8.75,0.539,0.125,0.7680890538033454
8,30,3,8.75,0.5426666666666667,0.125,0.7696560196560243
8,30,3,8.75,0.5463333333333333,0.125,0.7712019524100097
8,30,3,8.75,0.55,0.125,0.7727272727272757
9,30,2,8.88888888888889,0.0,0.0857142857142857,0.0
9,30,2,8.88888888888889,0.003666666666666667,0.0857142857142857,3.9821479447255097e-16
9,30,2,8.88888888888889,0.007333333333333334,0.0857142857142857,0.0
9,30,2,8.88888888888889,0.011000000000000001,0.0857142857142857,6.722755685473204e-15
9,30,2,8.88888888888889,0.014666666666666668,0.0857142857142857,1.9539925233402506e-18
9,30,2,8.88888888888889,0.018333333333333333,0.0857142857142857,2.9426461267689793e-15
9,30,2,8.88888888888889,0.022000000000000002,0.0857142857142857,2.149880273805138e-15
9,30,2,8.88888888888889,0.02566666666666667,0.0857142857142857,1.7558177134446858e-15
9,30,2,8.88888888888889,0.029333333333333336,0.0857142857142857,0.0
9,30,2,8.88888888888889,0.033,0.0857142857142857,3.285172134375923e-15
9,30,2,8.88888888888889,0.03666666666666667,0.0857142857142857,4.697945547765771e-23
9,30,2,8.88888888888889,0.04033333333333334,0.0857142857142857,2.7444407570425666e-20
9,30,2,8.88888888888889,0.044000000000000004,0.0857142857142857,9.922696525222008e-16
9,30,2,8.88888888888889,0.04766666666666667,0.0857142857142857,8.990444454235363e-15
9,30,2,8.88888888888889,0.05133333333333334,0.0857142857142857,3.586377645756744e-13
9,30,2,8.88888888888889,0.05500000000000001,0.0857142857142857,1.0867907662797543e-11
9,30,2,8.88888888888889,0.05866666666666667,0.0857142857142857,2.6920554240773766e-10
9,30,2,8.88888888888889,0.06233333333333334,0.0857142857142857,5.633878814530775e-09
9,30,2,8.88888888888889,0.066,0.0857142857142857,1.006574170720003e-07
9,30,2,8.88888888888889,0.06966666666666667,0.0857142857142857,1.5411914214800227e-06
9,30,2,8.88888888888889,0.07333333333333333,0.0857142857142857,2.0095283228795204e-05
9,30,2,8.88888888888889,0.07700000000000001,0.0857142857142857,0.0002173339051916725
9,30,2,8.88888888888889,0.08066666666666668,0.0857142857142857,0.0018160587591147582
9,30,2,8.88888888888889,0.08433333333333334,0.0857142857142857,0.01013088362552902
9,30,2,8.88888888888889,0.08800000000000001,0.0857142857142857,0.032803286963360996
9,30,2,8.88888888888889,0.09166666666666667,0.0857142857142857,0.06610884165609227
9,30,2,8.88888888888889,0.09533333333333334,0.0857142857142857,0.10106223577113431
9,30,2,8.88888888888889,0.099,0.0857142857142857,0.1342200312076395
9,30,2,8.88888888888889,0.10266666666666668,0.0857142857142857,0.16512321306534888
9,30,2,8.88888888888889,0.10633333333333335,0.0857142857142857,0.19390986853922568
9,30,2,8.88888888888889,0.11000000000000001,0.0857142857142857,0.2207792629985994
9,30,2,8.88888888888889,0.11366666666666668,0.0857142857142857,0.24591538047494158
9,30,2,8.88888888888889,0.11733333333333335,0.0857142857142857,0.2694805202226315
9,30,2,8.88888888888889,0.12100000000000001,0.0857142857142857,0.2916174735379569
9,30,2,8.88888888888889,0.12466666666666668,0.0857142857142857,0.31245225364320794
9,30,2,8.88888888888889,0.12833333333333335,0.0857142857142857,0.33209647495572375
9,30,2,8.88888888888889,0.132,0.0857142857142857,0.350649350649665
9,30,2,8.88888888888889,0.13566666666666669,0.0857142857142857,0.368199368199416
9,30,2,8.88888888888889,0.13933333333333334,0.0857142857142857,0.384825700615182
9,30,2,8.88888888888889,0.14300000000000002,0.0857142857142857,0.40059940059940746
9,30,2,8.88888888888889,0.14666666666666667,0.0857142857142857,0.4155844155844278
9,30,2,8.88888888888889,0.15033333333333335,0.0857142857142857,0.4298384542287073
9,30,2,8.88888888888889,0.15400000000000003,0.0857142857142857,0.4434137291280223
9,30,2,8.88888888888889,0.15766666666666668,0.0857142857142857,0.45635759589248637
9,30,2,8.88888888888889,0.16133333333333336,0.0857142857142857,0.4687131050767491
9,30,2,8.88888888888889,0.165,0.0857142857142857,0.48051948051948973
9,30,2,8.88888888888889,0.1686666666666667,0.0857142857142857,0.49181253529080926
9,30,2,8.88888888888889,0.17233333333333334,0.0857142857142857,0.5026250345399323
9,30,2,8.88888888888889,0.17600000000000002,0.0857142857142857,0.51298701298702
9,30,2,8.88888888888889,0.1796666666666667,0.0857142857142857,0.5229260535383115
9,30,2,8.88888888888889,0.18333333333333335,0.0857142857142857,0.5324675324675373
9,30,2,8.88888888888889,0.18700000000000003,0.0857142857142857,0.5416348357524942
9,30,2,8.88888888888889,0.19066666666666668,0.0857142857142857,0.5504495504495551
9,30,2,8.88888888888889,0.19433333333333336,0.0857142857142857,0.558931634403345
9,30,2,8.88888888888889,0.198,0.0857142857142857,0.5670995670995722
9,30,2,8.88888888888889,0.2016666666666667,0.0857142857142857,0.5749704840614092
9,30,2,8.88888888888889,0.20533333333333337,0.0857142857142857,0.5825602968460192
9,30,2,8.88888888888889,0.20900000000000002,0.0857142857142857,0.58988380041012
9,30,2,8.88888888888889,0.2126666666666667,0.0857142857142857,0.5969547693685772
9,30,2,8.88888888888889,0.21633333333333335,0.0857142857142857,0.603786044464018
9,30,2,8.88888888888889,0.22000000000000003,0.0857142857142857,0.6103896103896135
9,30,2,8.88888888888889,0.22366666666666668,0.0857142857142857,0.6167766659570103
9,30,2,8.88888888888889,0.22733333333333336,0.0857142857142857,0.6229576874738254
9,30,2,8.88888888888889,0.231,0.0857142857142857,0.6289424860853479
9,30,2,8.88888888888889,0.2346666666666667,0.0857142857142857,0.6347402597402623
9,30,2,8.88888888888889,0.23833333333333337,0.0857142857142857,0.6403596403596555
9,30,2,8.88888888888889,0.24200000000000002,0.0857142857142857,0.6458087367178365
9,30,2,8.88888888888889,0.2456666666666667,0.0857142857142857,0.6510951734832382
9,30,2,8.88888888888889,0.24933333333333335,0.0857142857142857,0.6562261268143647
9,30,2,8.88888888888889,0.253,0.0857142857142857,0.6612083568605325
9,30,2,8.88888888888889,0.2566666666666667,0.0857142857142857,0.6660482374768222
9,30,2,8.88888888888889,0.26033333333333336,0.0857142857142857,0.6707517834278475
9,30,2,8.88888888888889,0.264,0.0857142857142857,0.6753246753246801
9,30,2,8.88888888888889,0.2676666666666667,0.0857142857142857,0.6797722825120109
9,30,2,8.88888888888889,0.27133333333333337,0.0857142857142857,0.6840996840996858
9,30,2,8.88888888888889,0.275,0.0857142857142857,0.6883116883117064
9,30,2,8.88888888888889,0.2786666666666667,0.0857142857142857,0.6924128503076
9,30,2,8.88888888888889,0.2823333333333334,0.0857142857142857,0.6964074886152888
9,30,2,8.88888888888889,0.28600000000000003,0.0857142857142857,0.7002997002997051
9,30,2,8.88888888888889,0.2896666666666667,0.0857142857142857,0.704093374979454
9,30,2,8.88888888888889,0.29333333333333333,0.0857142857142857,0.70779220779221
9,30,2,8.88888888888889,0.29700000000000004,0.0857142857142857,0.7113997113997127
9,30,2,8.88888888888889,0.3006666666666667,0.0857142857142857,0.7149192271143655
9,30,2,8.88888888888889,0.30433333333333334,0.0857142857142857,0.7183539352214173
9,30,2,8.88888888888889,0.30800000000000005,0.0857142857142857,0.7217068645640152
9,30,2,8.88888888888889,0.3116666666666667,0.0857142857142857,0.7249809014514946
9,30,2,8.88888888888889,0.31533333333333335,0.0857142857142857,0.7281787979462432
9,30,2,8.88888888888889,0.319,0.0857142857142857,0.7313031795790437
9,30,2,8.88888888888889,0.3226666666666667,0.0857142857142857,0.7343565525383724
9,30,2,8.88888888888889,0.32633333333333336,0.0857142857142857,0.7373413103750193
9,30,2,8.88888888888889,0.33,0.0857142857142857,0.740259740259741
9,30,2,8.88888888888889,0.3336666666666667,0.0857142857142857,0.7431140288283152
9,30,2,8.88888888888889,0.3373333333333334,0.0857142857142857,0.7459062676454135
9,30,2,8.88888888888889,0.341,0.0857142857142857,0.7486384583158899
9,30,2,8.88888888888889,0.3446666666666667,0.0857142857142857,0.7513125172699727
9,30,2,8.88888888888889,0.3483333333333334,0.0857142857142857,0.753930280246076
9,30,2,8.88888888888889,0.35200000000000004,0.0857142857142857,0.7564935064935107
9,30,2,8.88888888888889,0.3556666666666667,0.0857142857142857,0.759003882715226
9,30,2,8.88888888888889,0.3593333333333334,0.0857142857142857,0.7614630267691512
9,30,2,8.88888888888889,0.36300000000000004,0.0857142857142857,0.7638724911452199
9,30,2,8.88888888888889,0.3666666666666667,0.0857142857142857,0.7662337662337675
9,30,2,8.88888888888889,0.37033333333333335,0.0857142857142857,0.7685482833997879
9,30,2,8.88888888888889,0.37400000000000005,0.0857142857142857,0.7708174178762563
9,30,2,8.88888888888889,0.3776666666666667,0.0857142857142857,0.7730424914891051
9,30,2,8.88888888888889,0.38133333333333336,0.0857142857142857,0.7752247752247835
9,30,2,8.88888888888889,0.38500000000000006,0.0857142857142857,0.7773654916512116
9,30,2,8.88888888888889,0.3886666666666667,0.0857142857142857,0.7794658172016704
9,30,2,8.88888888888889,0.39233333333333337,0.0857142857142857,0.7815268843306254
9,30,2,8.88888888888889,0.396,0.0857142857142857,0.7835497835497858
9,30,2,8.88888888888889,0.3996666666666667,0.0857142857142857,0.7855355653520806
9,30,2,8.88888888888889,0.4033333333333334,0.0857142857142857,0.7874852420306976
9,30,2,8.88888888888889,0.40700000000000003,0.0857142857142857,0.7893997893997904
9,30,2,8.88888888888889,0.41066666666666674,0.0857142857142857,0.791280148423006
9,30,2,8.88888888888889,0.4143333333333334,0.0857142857142857,0.7931272267555457
9,30,2,8.88888888888889,0.41800000000000004,0.0857142857142857,0.7949419002050583
9,30,2,8.88888888888889,0.4216666666666667,0.0857142857142857,0.7967250141163187
9,30,2,8.88888888888889,0.4253333333333334,0.0857142857142857,0.7984773846842815
9,30,2,8.88888888888889,0.42900000000000005,0.0857142857142857,0.8001998001998003
9,30,2,8.88888888888889,0.4326666666666667,0.0857142857142857,0.8018930222320053
9,30,2,8.88888888888889,0.43633333333333335,0.0857142857142857,0.803557786751064
9,30,2,8.88888888888889,0.44000000000000006,0.0857142857142857,0.805194805194805
9,30,2,8.88888888888889,0.4436666666666667,0.0857142857142857,0.806804765482465
9,30,2,8.88888888888889,0.44733333333333336,0.0857142857142857,0.8083883329785085
9,30,2,8.88888888888889,0.45100000000000007,0.0857142857142857,0.8099461514095748
9,30,2,8.88888888888889,0.4546666666666667,0.0857142857142857,0.811478843736916
9,30,2,8.88888888888889,0.45833333333333337,0.0857142857142857,0.812987012987019
9,30,2,8.88888888888889,0.462,0.0857142857142857,0.8144712430426764
9,30,2,8.88888888888889,0.46566666666666673,0.0857142857142857,0.8159320993966698
9,30,2,8.88888888888889,0.4693333333333334,0.0857142857142857,0.8173701298701326
9,30,2,8.88888888888889,0.47300000000000003,0.0857142857142857,0.8187858652974953
9,30,2,8.88888888888889,0.47666666666666674,0.0857142857142857,0.8201798201798218
9,30,2,8.88888888888889,0.4803333333333334,0.0857142857142857,0.8215524933082196
9,30,2,8.88888888888889,0.48400000000000004,0.0857142857142857,0.8229043683589148
9,30,2,8.88888888888889,0.4876666666666667,0.0857142857142857,0.824235914461479
9,30,2,8.88888888888889,0.4913333333333334,0.0857142857142857,0.8255475867416172
9,30,2,8.88888888888889,0.49500000000000005,0.0857142857142857,0.8268398268398375
9,30,2,8.88888888888889,0.4986666666666667,0.0857142857142857,0.8281130634071904
9,30,2,8.88888888888889,0.5023333333333334,0.0857142857142857,0.8293677125793989
9,30,2,8.88888888888889,0.506,0.0857142857142857,0.830604178430272
9,30,2,8.88888888888889,0.5096666666666667,0.0857142857142857,0.8318228534055926
9,30,2,8.88888888888889,0.5133333333333334,0.0857142857142857,0.8330241187384085
9,30,2,8.88888888888889,0.517,0.0857142857142857,0.8342083448466461
9,30,2,8.88888888888889,0.5206666666666667,0.0857142857142857,0.8353758917139226
9,30,2,8.88888888888889,0.5243333333333334,0.0857142857142857,0.8365271092543839
9,30,2,8.88888888888889,0.528,0.0857142857142857,0.8376623376623391
9,30,2,8.88888888888889,0.5316666666666667,0.0857142857142857,0.8387819077474261
9,30,2,8.88888888888889,0.5353333333333334,0.0857142857142857,0.8398861412560054
9,30,2,8.88888888888889,0.539,0.0857142857142857,0.8409753511794335
9,30,2,8.88888888888889,0.5426666666666667,0.0857142857142857,0.8420498420498427
9,30,2,8.88888888888889,0.5463333333333333,0.0857142857142857,0.8431099102240046
9,30,2,8.88888888888889,0.55,0.0857142857142857,0.8441558441558447
10,30,2,9.0,0.0,0.0847457627118644,0.0
10,30,2,9.0,0.003666666666666667,0.0847457627118644,9.832464061050646e-16
10,30,2,9.0,0.007333333333333334,0.0847457627118644,1.018813017489501e-14
10,30,2,9.0,0.011000000000000001,0.0847457627118644,2.930988785010389e-18
10,30,2,9.0,0.014666666666666668,0.0847457627118644,3.1136048472001645e-15
10,30,2,9.0,0.018333333333333333,0.0847457627118644,5.812634324481939e-16
10,30,2,9.0,0.022000000000000002,0.0847457627118644,0.0
10,30,2,9.0,0.02566666666666667,0.0847457627118644,2.3111043942789287e-15
10,30,2,9.0,0.029333333333333336,0.0847457627118644,1.9158337467906312e-16
10,30,2,9.0,0.033,0.0847457627118644,7.764660393199908e-26
10,30,2,9.0,0.03666666666666667,0.0847457627118644,1.9013598034172652e-15
10,30,2,9.0,0.04033333333333334,0.0847457627118644,4.5099232527705654e-20
10,30,2,9.0,0.044000000000000004,0.0847457627118644,5.415993996997461e-17
10,30,2,9.0,0.04766666666666667,0.0847457627118644,1.485920129786497e-14
10,30,2,9.0,0.05133333333333334,0.0847457627118644,6.240723984183923e-13
10,30,2,9.0,0.05500000000000001,0.0847457627118644,1.9036851935582426e-11
10,30,2,9.0,0.05866666666666667,0.0847457627118644,4.742677253348856e-10
10,30,2,9.0,0.06233333333333334,0.0847457627118644,9.967667570913718e-09
10,30,2,9.0,0.066,0.0847457627118644,1.7843521389872266e-07
10,30,2,9.0,0.06966666666666667,0.0847457627118644,2.726873588426003e-06
10,30,2,9.0,0.07333333333333333,0.0847457627118644,3.5230126256331114e-05
10,30,2,9.0,0.07700000000000001,0.0847457627118644,0.0003716802723544472
10,30,2,9.0,0.08066666666666668,0.0847457627118644,0.002926408789872946
10,30,2,9.0,0.08433333333333334,0.0847457627118644,0.014568400741218157
10,30,2,9.0,0.08800000000000001,0.0847457627118644,0.04132978199739978
10,30,2,9.0,0.09166666666666667,0.0847457627118644,0.07617786659794365
10,30,2,9.0,0.09533333333333334,0.0847457627118644,0.11114737377135708
10,30,2,9.0,0.099,0.0847457627118644,0.1439932001112699
10,30,2,9.0,0.10266666666666668,0.0847457627118644,0.17455560535932396
10,30,2,9.0,0.10633333333333335,0.0847457627118644,0.2030180717483515
10,30,2,9.0,0.11000000000000001,0.0847457627118644,0.22958399627464499
10,30,2,9.0,0.11366666666666668,0.0847457627118644,0.2544361078736778
10,30,2,9.0,0.11733333333333335,0.0847457627118644,0.27773497724501983
10,30,2,9.0,0.12100000000000001,0.0847457627118644,0.2996217958183648
10,30,2,9.0,0.12466666666666668,0.0847457627118644,0.3202211547244681
10,30,2,9.0,0.12833333333333335,0.0847457627118644,0.33964340744099525
10,30,2,9.0,0.132,0.0847457627118644,0.3579866461223835
10,30,2,9.0,0.13566666666666669,0.0847457627118644,0.3753383583892275
10,30,2,9.0,0.13933333333333334,0.0847457627118644,0.3917768226421249
10,30,2,9.0,0.14300000000000002,0.0847457627118644,0.4073722887282304
10,30,2,9.0,0.14666666666666667,0.0847457627118644,0.4221879815100215
10,30,2,9.0,0.15033333333333335,0.0847457627118644,0.4362809575707622
10,30,2,9.0,0.15400000000000003,0.0847457627118644,0.44970283953336204
10,30,2,9.0,0.15766666666666668,0.0847457627118644,0.46250044791630784
10,30,2,9.0,0.16133333333333336,0.0847457627118644,0.47471634682730324
10,30,2,9.0,0.165,0.0847457627118644,0.48638931689779696
10,30,2,9.0,0.1686666666666667,0.0847457627118644,0.49755476653045566
10,30,2,9.0,0.17233333333333334,0.0847457627118644,0.5082450906468329
10,30,2,9.0,0.17600000000000002,0.0847457627118644,0.5184899845916833
10,30,2,9.0,0.1796666666666667,0.0847457627118644,0.52831671960002
10,30,2,9.0,0.18333333333333335,0.0847457627118644,0.5377503852080285
10,30,2,9.0,0.18700000000000003,0.0847457627118644,0.5468141031451166
10,30,2,9.0,0.19066666666666668,0.0847457627118644,0.5555292165461821
10,30,2,9.0,0.19433333333333336,0.0847457627118644,0.5639154577434147
10,30,2,9.0,0.198,0.0847457627118644,0.5719910974148293
10,30,2,9.0,0.2016666666666667,0.0847457627118644,0.5797730774618395
10,30,2,9.0,0.20533333333333337,0.0847457627118644,0.587277129650016
10,30,2,9.0,0.20900000000000002,0.0847457627118644,0.5945178817614313
10,30,2,9.0,0.2126666666666667,0.0847457627118644,0.6015089527655372
10,30,2,9.0,0.21633333333333335,0.0847457627118644,0.6082630383118792
10,30,2,9.0,0.22000000000000003,0.0847457627118644,0.6147919876733456
10,30,2,9.0,0.22366666666666668,0.0847457627118644,0.6211068731213323
10,30,2,9.0,0.22733333333333336,0.0847457627118644,0.6272180525871123
10,30,2,9.0,0.231,0.0847457627118644,0.633135226355568
10,30,2,9.0,0.2346666666666667,0.0847457627118644,0.6388674884437765
10,30,2,9.0,0.23833333333333337,0.0847457627118644,0.644423373236943
10,30,2,9.0,0.24200000000000002,0.0847457627118644,0.649810897884864
10,30,2,9.0,0.2456666666666667,0.0847457627118644,0.655037600901505
10,30,2,9.0,0.24933333333333335,0.0847457627118644,0.6601105773588343
10,30,2,9.0,0.253,0.0847457627118644,0.6650365110203124
10,30,2,9.0,0.2566666666666667,0.0847457627118644,0.6698217037200175
10,30,2,9.0,0.26033333333333336,0.0847457627118644,0.6744721022591685
10,30,2,9.0,0.264,0.0847457627118644,0.6789933230611225
10,30,2,9.0,0.2676666666666667,0.0847457627118644,0.6833906748000103
10,30,2,9.0,0.27133333333333337,0.0847457627118644,0.6876691791946226
10,30,2,9.0,0.275,0.0847457627118644,0.6918335901386887
10,30,2,9.0,0.2786666666666667,0.0847457627118644,0.695888411321069
10,30,2,9.0,0.2823333333333334,0.0847457627118644,0.6998379124727405
10,30,2,9.0,0.28600000000000003,0.0847457627118644,0.7036861443641137
10,30,2,9.0,0.2896666666666667,0.0847457627118644,0.7074369526633009
10,30,2,9.0,0.29333333333333333,0.0847457627118644,0.7110939907550086
10,30,2,9.0,0.29700000000000004,0.0847457627118644,0.714660731609901
10,30,2,9.0,0.3006666666666667,0.0847457627118644,0.7181404787853857
10,30,2,9.0,0.30433333333333334,0.0847457627118644,0.7215363766313407
10,30,2,9.0,0.30800000000000005,0.0847457627118644,0.7248514197666792
10,30,2,9.0,0.3116666666666667,0.0847457627118644,0.7280884618870694
10,30,2,9.0,0.31533333333333335,0.0847457627118644,0.731250223958149
10,30,2,9.0,0.319,0.0847457627118644,0.7343393018436867
10,30,2,9.0,0.3226666666666667,0.0847457627118644,0.7373581734136442
10,30,2,9.0,0.32633333333333336,0.0847457627118644,0.7403092051730411
10,30,2,9.0,0.33,0.0847457627118644,0.7431946584488962
10,30,2,9.0,0.3336666666666667,0.0847457627118644,0.7460166951692527
10,30,2,9.0,0.3373333333333334,0.0847457627118644,0.7487773832652362
10,30,2,9.0,0.341,0.0847457627118644,0.7514787017247463
10,30,2,9.0,0.3446666666666667,0.0847457627118644,0.7541225453234167
10,30,2,9.0,0.3483333333333334,0.0847457627118644,0.7567107290568525
10,30,2,9.0,0.35200000000000004,0.0847457627118644,0.7592449922958425
10,30,2,9.0,0.3556666666666667,0.0847457627118644,0.7617270026845446
10,30,2,9.0,0.3593333333333334,0.0847457627118644,0.7641583598000076
10,30,2,9.0,0.36300000000000004,0.0847457627118644,0.7665405985899062
10,30,2,9.0,0.3666666666666667,0.0847457627118644,0.7688751926040244
10,30,2,9.0,0.37033333333333335,0.0847457627118644,0.7711635570336834
10,30,2,9.0,0.37400000000000005,0.0847457627118644,0.7734070515725658
10,30,2,9.0,0.3776666666666667,0.0847457627118644,0.7756069831106932
10,30,2,9.0,0.38133333333333336,0.0847457627118644,0.7777646082730882
10,30,2,9.0,0.38500000000000006,0.0847457627118644,0.7798811358133433
10,30,2,9.0,0.3886666666666667,0.0847457627118644,0.7819577288717067
10,30,2,9.0,0.39233333333333337,0.0847457627118644,0.7839955071065499
10,30,2,9.0,0.396,0.0847457627118644,0.7859955487074144
10,30,2,9.0,0.3996666666666667,0.0847457627118644,0.7879588922972544
10,30,2,9.0,0.4033333333333334,0.0847457627118644,0.7898865387309156
10,30,2,9.0,0.40700000000000003,0.0847457627118644,0.7917794527964025
10,30,2,9.0,0.41066666666666674,0.0847457627118644,0.7936385648250058
10,30,2,9.0,0.4143333333333334,0.0847457627118644,0.795464772215935
10,30,2,9.0,0.41800000000000004,0.0847457627118644,0.7972589408807076
10,30,2,9.0,0.4216666666666667,0.0847457627118644,0.7990219066121793
10,30,2,9.0,0.4253333333333334,0.0847457627118644,0.800754476382764
10,30,2,9.0,0.42900000000000005,0.0847457627118644,0.8024574295760738
10,30,2,9.0,0.4326666666666667,0.0847457627118644,0.8041315191559377
10,30,2,9.0,0.43633333333333335,0.0847457627118644,0.805777472776492
10,30,2,9.0,0.44000000000000006,0.0847457627118644,0.8073959938366844
10,30,2,9.0,0.4436666666666667,0.0847457627118644,0.8089877624826602
10,30,2,9.0,0.44733333333333336,0.0847457627118644,0.8105534365606699
10,30,2,9.0,0.45100000000000007,0.0847457627118644,0.8120936525235892
10,30,2,9.0,0.4546666666666667,0.0847457627118644,0.8136090262935587
10,30,2,9.0,0.45833333333333337,0.0847457627118644,0.8151001540832091
10,30,2,9.0,0.462,0.0847457627118644,0.816567613177786
10,30,2,9.0,0.46566666666666673,0.0847457627118644,0.8180119626803221
10,30,2,9.0,0.4693333333333334,0.0847457627118644,0.8194337442218816
10,30,2,9.0,0.47300000000000003,0.0847457627118644,0.8208334826387659
10,30,2,9.0,0.47666666666666674,0.0847457627118644,0.8222116866184674
10,30,2,9.0,0.4803333333333334,0.0847457627118644,0.823568849316036
10,30,2,9.0,0.48400000000000004,0.0847457627118644,0.8249054489424297
10,30,2,9.0,0.4876666666666667,0.0847457627118644,0.826221949326333
10,30,2,9.0,0.4913333333333334,0.0847457627118644,0.8275188004507603
10,30,2,9.0,0.49500000000000005,0.0847457627118644,0.8287964389659385
10,30,2,9.0,0.4986666666666667,0.0847457627118644,0.8300552886794236
10,30,2,9.0,0.5023333333333334,0.0847457627118644,0.8312957610248279
10,30,2,9.0,0.506,0.0847457627118644,0.8325182555101539
10,30,2,9.0,0.5096666666666667,0.0847457627118644,0.8337231601467705
10,30,2,9.0,0.5133333333333334,0.0847457627118644,0.8349108518600071
10,30,2,9.0,0.517,0.0847457627118644,0.836081696882276
10,30,2,9.0,0.5206666666666667,0.0847457627118644,0.8372360511295837
10,30,2,9.0,0.5243333333333334,0.0847457627118644,0.8383742605622434
10,30,2,9.0,0.528,0.0847457627118644,0.8394966615305608
10,30,2,9.0,0.5316666666666667,0.0847457627118644,0.8406035811062117
10,30,2,9.0,0.5353333333333334,0.0847457627118644,0.8416953374000049
10,30,2,9.0,0.539,0.0847457627118644,0.8427722398666712
10,30,2,9.0,0.5426666666666667,0.0847457627118644,0.8438345895973016
10,30,2,9.0,0.5463333333333333,0.0847457627118644,0.8448826796000045
10,30,2,9.0,0.55,0.0847457627118644,0.8459167950693376
11,30,2,9.090909090909092,0.0,0.08396946564885495,0.0
11,30,2,9.090909090909092,0.003666666666666667,0.08396946564885495,0.0
11,30,2,9.090909090909092,0.007333333333333334,0.08396946564885495,0.0
11,30,2,9.090909090909092,0.011000000000000001,0.08396946564885495,2.9309887850103932e-18
11,30,2,9.090909090909092,0.014666666666666668,0.08396946564885495,1.9539925233402367e-18
11,30,2,9.090909090909092,0.018333333333333333,0.08396946564885495,3.260887856034365e-15
11,30,2,9.090909090909092,0.022000000000000002,0.08396946564885495,1.7199042190441112e-15
11,30,2,9.090909090909092,0.02566666666666667,0.08396946564885495,3.4194869158453925e-18
11,30,2,9.090909090909092,0.029333333333333336,0.08396946564885495,2.691709410524122e-29
11,30,2,9.090909090909092,0.033,0.08396946564885495,2.2674129241986816e-15
11,30,2,9.090909090909092,0.03666666666666667,0.08396946564885495,3.7646933725005697e-16
11,30,2,9.090909090909092,0.04033333333333334,0.08396946564885495,1.9789673742567908e-19
11,30,2,9.090909090909092,0.044000000000000004,0.08396946564885495,2.0236826631381397e-15
11,30,2,9.090909090909092,0.04766666666666667,0.08396946564885495,2.481806632500215e-14
11,30,2,9.090909090909092,0.05133333333333334,0.08396946564885495,9.782484556084668e-13
11,30,2,9.090909090909092,0.05500000000000001,0.08396946564885495,3.0001746933521995e-11
11,30,2,9.090909090909092,0.05866666666666667,0.08396946564885495,7.507788372014328e-10
11,30,2,9.090909090909092,0.06233333333333334,0.08396946564885495,1.5829855684372165e-08
11,30,2,9.090909090909092,0.066,0.08396946564885495,2.837015074392682e-07
11,30,2,9.090909090909092,0.06966666666666667,0.08396946564885495,4.325136142916415e-06
11,30,2,9.090909090909092,0.07333333333333333,0.08396946564885495,5.535961680343307e-05
11,30,2,9.090909090909092,0.07700000000000001,0.08396946564885495,0.000569825587493361
11,30,2,9.090909090909092,0.08066666666666668,0.08396946564885495,0.004234181182653337
11,30,2,9.090909090909092,0.08433333333333334,0.08396946564885495,0.019041015736346565
11,30,2,9.090909090909092,0.08800000000000001,0.08396946564885495,0.04874856590650665
11,30,2,9.090909090909092,0.09166666666666667,0.08396946564885495,0.08439691538906427
11,30,2,9.090909090909092,0.09533333333333334,0.08396946564885495,0.11925535270666399
11,30,2,9.090909090909092,0.099,0.08396946564885495,0.1518300865867363
11,30,2,9.090909090909092,0.10266666666666668,0.08396946564885495,0.18211637556946147
11,30,2,9.090909090909092,0.10633333333333335,0.08396946564885495,0.2103185998962538
11,30,2,9.090909090909092,0.11000000000000001,0.08396946564885495,0.2366412331832065
11,30,2,9.090909090909092,0.11366666666666668,0.08396946564885495,0.26126569960926793
11,30,2,9.090909090909092,0.11733333333333335,0.08396946564885495,0.28435114523535027
11,30,2,9.090909090909092,0.12100000000000001,0.08396946564885495,0.30603747400296033
11,30,2,9.090909090909092,0.12466666666666668,0.08396946564885495,0.3264481365101878
11,30,2,9.090909090909092,0.12833333333333335,0.08396946564885495,0.345692475463991
11,30,2,9.090909090909092,0.132,0.08396946564885495,0.3638676844784481
11,30,2,9.090909090909092,0.13566666666666669,0.08396946564885495,0.381060449762751
11,30,2,9.090909090909092,0.13933333333333334,0.08396946564885495,0.39734833266372993
11,30,2,9.090909090909092,0.14300000000000002,0.08396946564885495,0.4128009395185124
11,30,2,9.090909090909092,0.14666666666666667,0.08396946564885495,0.42748091603054544
11,30,2,9.090909090909092,0.15033333333333335,0.08396946564885495,0.4414447961273593
11,30,2,9.090909090909092,0.15400000000000003,0.08396946564885495,0.4547437295528981
11,30,2,9.090909090909092,0.15766666666666668,0.08396946564885495,0.4674241079353897
11,30,2,9.090909090909092,0.16133333333333336,0.08396946564885495,0.4795281054823142
11,30,2,9.090909090909092,0.165,0.08396946564885495,0.49109414758271097
11,30,2,9.090909090909092,0.1686666666666667,0.08396946564885495,0.5021573182874255
11,30,2,9.090909090909092,0.17233333333333334,0.08396946564885495,0.5127497157706749
11,30,2,9.090909090909092,0.17600000000000002,0.08396946564885495,0.5229007633587918
11,30,2,9.090909090909092,0.1796666666666667,0.08396946564885495,0.5326374824739106
11,30,2,9.090909090909092,0.18333333333333335,0.08396946564885495,0.5419847328244385
11,30,2,9.090909090909092,0.18700000000000003,0.08396946564885495,0.5509654243376787
11,30,2,9.090909090909092,0.19066666666666668,0.08396946564885495,0.5596007046388842
11,30,2,9.090909090909092,0.19433333333333336,0.08396946564885495,0.5679101253060683
11,30,2,9.090909090909092,0.198,0.08396946564885495,0.5759117896522623
11,30,2,9.090909090909092,0.2016666666666667,0.08396946564885495,0.5836224843858502
11,30,2,9.090909090909092,0.20533333333333337,0.08396946564885495,0.5910577971646707
11,30,2,9.090909090909092,0.20900000000000002,0.08396946564885495,0.5982322217758259
11,30,2,9.090909090909092,0.2126666666666667,0.08396946564885495,0.6051592524348575
11,30,2,9.090909090909092,0.21633333333333335,0.08396946564885495,0.6118514684952806
11,30,2,9.090909090909092,0.22000000000000003,0.08396946564885495,0.6183206106870375
11,30,2,9.090909090909092,0.22366666666666668,0.08396946564885495,0.6245776498560954
11,30,2,9.090909090909092,0.22733333333333336,0.08396946564885495,0.6306328490519616
11,30,2,9.090909090909092,0.231,0.08396946564885495,0.6364958197019288
11,30,2,9.090909090909092,0.2346666666666667,0.08396946564885495,0.6421755725190973
11,30,2,9.090909090909092,0.23833333333333337,0.08396946564885495,0.647680563711105
11,30,2,9.090909090909092,0.24200000000000002,0.08396946564885495,0.6530187369882064
11,30,2,9.090909090909092,0.2456666666666667,0.08396946564885495,0.6581975618092765
11,30,2,9.090909090909092,0.24933333333333335,0.08396946564885495,0.6632240682532717
11,30,2,9.090909090909092,0.253,0.08396946564885495,0.6681048788582913
11,30,2,9.090909090909092,0.2566666666666667,0.08396946564885495,0.6728462377317402
11,30,2,9.090909090909092,0.26033333333333336,0.08396946564885495,0.6774540372003045
11,30,2,9.090909090909092,0.264,0.08396946564885495,0.6819338422391877
11,30,2,9.090909090909092,0.2676666666666667,0.08396946564885495,0.6862909128934447
11,30,2,9.090909090909092,0.27133333333333337,0.08396946564885495,0.6905302248813848
11,30,2,9.090909090909092,0.275,0.08396946564885495,0.694656488549628
11,30,2,9.090909090909092,0.2786666666666667,0.08396946564885495,0.6986741663318662
11,30,2,9.090909090909092,0.2823333333333334,0.08396946564885495,0.7025874888470349
11,30,2,9.090909090909092,0.28600000000000003,0.08396946564885495,0.7064004697592505
11,30,2,9.090909090909092,0.2896666666666667,0.08396946564885495,0.7101169195091329
11,30,2,9.090909090909092,0.29333333333333333,0.08396946564885495,0.7137404580152859
11,30,2,9.090909090909092,0.29700000000000004,0.08396946564885495,0.7172745264348455
11,30,2,9.090909090909092,0.3006666666666667,0.08396946564885495,0.7207223980636841
11,30,2,9.090909090909092,0.30433333333333334,0.08396946564885495,0.724087188448456
11,30,2,9.090909090909092,0.30800000000000005,0.08396946564885495,0.7273718647764486
11,30,2,9.090909090909092,0.3116666666666667,0.08396946564885495,0.7305792546026065
11,30,2,9.090909090909092,0.31533333333333335,0.08396946564885495,0.7337120539676919
11,30,2,9.090909090909092,0.319,0.08396946564885495,0.7367728349565685
11,30,2,9.090909090909092,0.3226666666666667,0.08396946564885495,0.7397640527411526
11,30,2,9.090909090909092,0.32633333333333336,0.08396946564885495,0.7426880521485553
11,30,2,9.090909090909092,0.33,0.08396946564885495,0.7455470737913646
11,30,2,9.090909090909092,0.3336666666666667,0.08396946564885495,0.7483432597936542
11,30,2,9.090909090909092,0.3373333333333334,0.08396946564885495,0.7510786591437196
11,30,2,9.090909090909092,0.341,0.08396946564885495,0.7537552327013113
11,30,2,9.090909090909092,0.3446666666666667,0.08396946564885495,0.7563748578853379
11,30,2,9.090909090909092,0.3483333333333334,0.08396946564885495,0.758939333065491
11,30,2,9.090909090909092,0.35200000000000004,0.08396946564885495,0.7614503816793913
11,30,2,9.090909090909092,0.3556666666666667,0.08396946564885495,0.7639096560950672
11,30,2,9.090909090909092,0.3593333333333334,0.08396946564885495,0.7663187412369536
11,30,2,9.090909090909092,0.36300000000000004,0.08396946564885495,0.7686791579921542
11,30,2,9.090909090909092,0.3666666666666667,0.08396946564885495,0.7709923664122281
11,30,2,9.090909090909092,0.37033333333333335,0.08396946564885495,0.7732597687249751
11,30,2,9.090909090909092,0.37400000000000005,0.08396946564885495,0.7754827121688448
11,30,2,9.090909090909092,0.3776666666666667,0.08396946564885495,0.7776624916623489
11,30,2,9.090909090909092,0.38133333333333336,0.08396946564885495,0.77980035231944
11,30,2,9.090909090909092,0.38500000000000006,0.08396946564885495,0.7818974918211589
11,30,2,9.090909090909092,0.3886666666666667,0.08396946564885495,0.7839550626530338
11,30,2,9.090909090909092,0.39233333333333337,0.08396946564885495,0.7859741742170236
11,30,2,9.090909090909092,0.396,0.08396946564885495,0.7879558948261253
11,30,2,9.090909090909092,0.3996666666666667,0.08396946564885495,0.7899012535891874
11,30,2,9.090909090909092,0.4033333333333334,0.08396946564885495,0.791811242192922
11,30,2,9.090909090909092,0.40700000000000003,0.08396946564885495,0.7936868165875803
11,30,2,9.090909090909092,0.41066666666666674,0.08396946564885495,0.795528898582334
11,30,2,9.090909090909092,0.4143333333333334,0.08396946564885495,0.7973383773559416
11,30,2,9.090909090909092,0.41800000000000004,0.08396946564885495,0.7991161108879071
11,30,2,9.090909090909092,0.4216666666666667,0.08396946564885495,0.8008629273149683
11,30,2,9.090909090909092,0.4253333333333334,0.08396946564885495,0.8025796262174256
11,30,2,9.090909090909092,0.42900000000000005,0.08396946564885495,0.8042669798394992
11,30,2,9.090909090909092,0.4326666666666667,0.08396946564885495,0.8059257342476547
11,30,2,9.090909090909092,0.43633333333333335,0.08396946564885495,0.8075566104304437
11,30,2,9.090909090909092,0.44000000000000006,0.08396946564885495,0.8091603053435215
11,30,2,9.090909090909092,0.4436666666666667,0.08396946564885495,0.8107374929026646
11,30,2,9.090909090909092,0.44733333333333336,0.08396946564885495,0.8122888249280508
11,30,2,9.090909090909092,0.45100000000000007,0.08396946564885495,0.8138149320424553
11,30,2,9.090909090909092,0.4546666666666667,0.08396946564885495,0.8153164245259829
11,30,2,9.090909090909092,0.45833333333333337,0.08396946564885495,0.8167938931297739
11,30,2,9.090909090909092,0.462,0.08396946564885495,0.8182479098509656
11,30,2,9.090909090909092,0.46566666666666673,0.08396946564885495,0.8196790286710365
11,30,2,9.090909090909092,0.4693333333333334,0.08396946564885495,0.8210877862595434
11,30,2,9.090909090909092,0.47300000000000003,0.08396946564885495,0.8224747026451279
11,30,2,9.090909090909092,0.47666666666666674,0.08396946564885495,0.8238402818555497
11,30,2,9.090909090909092,0.4803333333333334,0.08396946564885495,0.8251850125284081
11,30,2,9.090909090909092,0.48400000000000004,0.08396946564885495,0.8265093684941128
11,30,2,9.090909090909092,0.4876666666666667,0.08396946564885495,0.8278138093325016
11,30,2,9.090909090909092,0.4913333333333334,0.08396946564885495,0.8290987809046447
11,30,2,9.090909090909092,0.49500000000000005,0.08396946564885495,0.830364715860906
11,30,2,9.090909090909092,0.4986666666666667,0.08396946564885495,0.8316120341266332
11,30,2,9.090909090909092,0.5023333333333334,0.08396946564885495,0.8328411433665835
11,30,2,9.090909090909092,0.506,0.08396946564885495,0.8340524394291435
11,30,2,9.090909090909092,0.5096666666666667,0.08396946564885495,0.8352463067713793
11,30,2,9.090909090909092,0.5133333333333334,0.08396946564885495,0.836423118865869
11,30,2,9.090909090909092,0.517,0.08396946564885495,0.8375832385902241
11,30,2,9.090909090909092,0.5206666666666667,0.08396946564885495,0.8387270186001519
11,30,2,9.090909090909092,0.5243333333333334,0.08396946564885495,0.839854801686864
11,30,2,9.090909090909092,0.528,0.08396946564885495,0.8409669211195936
11,30,2,9.090909090909092,0.5316666666666667,0.08396946564885495,0.8420637009739412
11,30,2,9.090909090909092,0.5353333333333334,0.08396946564885495,0.8431454564467221
11,30,2,9.090909090909092,0.539,0.08396946564885495,0.8442124941579688
11,30,2,9.090909090909092,0.5426666666666667,0.08396946564885495,0.8452651124406853
11,30,2,9.090909090909092,0.5463333333333333,0.08396946564885495,0.8463036016189357
11,30,2,9.090909090909092,0.55,0.08396946564885495,0.8473282442748095
12,30,2,9.166666666666666,0.0,0.08333333333333334,0.0
12,30,2,9.166666666666666,0.003666666666666667,0.08333333333333334,0.0
12,30,2,9.166666666666666,0.007333333333333334,0.08333333333333334,0.0
12,30,2,9.166666666666666,0.011000000000000001,0.08333333333333334,2.302764040057976e-15
12,30,2,9.166666666666666,0.014666666666666668,0.08333333333333334,1.9539925233402294e-18
12,30,2,9.166666666666666,0.018333333333333333,0.08333333333333334,0.0
12,30,2,9.166666666666666,0.022000000000000002,0.08333333333333334,0.0
12,30,2,9.166666666666666,0.02566666666666667,0.08333333333333334,3.4194869158454695e-18
12,30,2,9.166666666666666,0.029333333333333336,0.08333333333333334,3.762000811879578e-16
12,30,2,9.166666666666666,0.033,0.08333333333333334,2.248673974454284e-15
12,30,2,9.166666666666666,0.03666666666666667,0.08333333333333334,3.3602213451853485e-15
12,30,2,9.166666666666666,0.04033333333333334,0.08333333333333334,2.7631659173294633e-19
12,30,2,9.166666666666666,0.044000000000000004,0.08333333333333334,2.1638539859838704e-16
12,30,2,9.166666666666666,0.04766666666666667,0.08333333333333334,3.344023669864028e-14
12,30,2,9.166666666666666,0.05133333333333334,0.08333333333333334,1.4441763533721344e-12
12,30,2,9.166666666666666,0.05500000000000001,0.08333333333333334,4.370929210067907e-11
12,30,2,9.166666666666666,0.05866666666666667,0.08333333333333334,1.0979218004492782e-09
12,30,2,9.166666666666666,0.06233333333333334,0.08333333333333334,2.3206715409870272e-08
12,30,2,9.166666666666666,0.066,0.08333333333333334,4.1616503811603827e-07
12,30,2,9.166666666666666,0.06966666666666667,0.08333333333333334,6.327712954164518e-06
12,30,2,9.166666666666666,0.07333333333333333,0.08333333333333334,8.024729851469202e-05
12,30,2,9.166666666666666,0.07700000000000001,0.08333333333333334,0.0008063765426830807
12,30,2,9.166666666666666,0.08066666666666668,0.08333333333333334,0.005670715066335232
12,30,2,9.166666666666666,0.08433333333333334,0.08333333333333334,0.02333004529753871
12,30,2,9.166666666666666,0.08800000000000001,0.08333333333333334,0.05513545854481522
12,30,2,9.166666666666666,0.09166666666666667,0.08333333333333334,0.09119887776558817
12,30,2,9.166666666666666,0.09533333333333334,0.08333333333333334,0.12590961974829779
12,30,2,9.166666666666666,0.099,0.08333333333333334,0.15825335711473035
12,30,2,9.166666666666666,0.10266666666666668,0.08333333333333334,0.1883121850798759
12,30,2,9.166666666666666,0.10633333333333335,0.08333333333333334,0.21630100013777406
12,30,2,9.166666666666666,0.11000000000000001,0.08333333333333334,0.24242424976503849
12,30,2,9.166666666666666,0.11366666666666668,0.08333333333333334,0.2668621710147545
12,30,2,9.166666666666666,0.11733333333333335,0.08333333333333334,0.28977272739303406
12,30,2,9.166666666666666,0.12100000000000001,0.08333333333333334,0.31129476585628346
12,30,2,9.166666666666666,0.12466666666666668,0.08333333333333334,0.33155080214124316
12,30,2,9.166666666666666,0.12833333333333335,0.08333333333333334,0.3506493506496625
12,30,2,9.166666666666666,0.132,0.08333333333333334,0.36868686868691397
12,30,2,9.166666666666666,0.13566666666666669,0.08333333333333334,0.3857493857493925
12,30,2,9.166666666666666,0.13933333333333334,0.08333333333333334,0.4019138755981021
12,30,2,9.166666666666666,0.14300000000000002,0.08333333333333334,0.41724941724942777
12,30,2,9.166666666666666,0.14666666666666667,0.08333333333333334,0.43181818181818865
12,30,2,9.166666666666666,0.15033333333333335,0.08333333333333334,0.4456762749445732
12,30,2,9.166666666666666,0.15400000000000003,0.08333333333333334,0.458874458874464
12,30,2,9.166666666666666,0.15766666666666668,0.08333333333333334,0.4714587737843608
12,30,2,9.166666666666666,0.16133333333333336,0.08333333333333334,0.4834710743801721
12,30,2,9.166666666666666,0.165,0.08333333333333334,0.49494949494950435
12,30,2,9.166666666666666,0.1686666666666667,0.08333333333333334,0.5059288537549551
12,30,2,9.166666666666666,0.17233333333333334,0.08333333333333334,0.5164410058027125
12,30,2,9.166666666666666,0.17600000000000002,0.08333333333333334,0.5265151515151602
12,30,2,9.166666666666666,0.1796666666666667,0.08333333333333334,0.5361781076066969
12,30,2,9.166666666666666,0.18333333333333335,0.08333333333333334,0.5454545454545532
12,30,2,9.166666666666666,0.18700000000000003,0.08333333333333334,0.5543672014260428
12,30,2,9.166666666666666,0.19066666666666668,0.08333333333333334,0.5629370629370709
12,30,2,9.166666666666666,0.19433333333333336,0.08333333333333334,0.571183533447688
12,30,2,9.166666666666666,0.198,0.08333333333333334,0.5791245791245903
12,30,2,9.166666666666666,0.2016666666666667,0.08333333333333334,0.5867768595041373
12,30,2,9.166666666666666,0.20533333333333337,0.08333333333333334,0.5941558441558618
12,30,2,9.166666666666666,0.20900000000000002,0.08333333333333334,0.6012759170653998
12,30,2,9.166666666666666,0.2126666666666667,0.08333333333333334,0.6081504702194402
12,30,2,9.166666666666666,0.21633333333333335,0.08333333333333334,0.6147919876733455
12,30,2,9.166666666666666,0.22000000000000003,0.08333333333333334,0.6212121212121321
12,30,2,9.166666666666666,0.22366666666666668,0.08333333333333334,0.627421758569305
12,30,2,9.166666666666666,0.22733333333333336,0.08333333333333334,0.6334310850439911
12,30,2,9.166666666666666,0.231,0.08333333333333334,0.6392496392496554
12,30,2,9.166666666666666,0.2346666666666667,0.08333333333333334,0.6448863636363734
12,30,2,9.166666666666666,0.23833333333333337,0.08333333333333334,0.6503496503496556
12,30,2,9.166666666666666,0.24200000000000002,0.08333333333333334,0.655647382920113
12,30,2,9.166666666666666,0.2456666666666667,0.08333333333333334,0.6607869742198115
12,30,2,9.166666666666666,0.24933333333333335,0.08333333333333334,0.6657754010695324
12,30,2,9.166666666666666,0.253,0.08333333333333334,0.6706192358366351
12,30,2,9.166666666666666,0.2566666666666667,0.08333333333333334,0.6753246753246797
12,30,2,9.166666666666666,0.26033333333333336,0.08333333333333334,0.6798975672215134
12,30,2,9.166666666666666,0.264,0.08333333333333334,0.6843434343434359
12,30,2,9.166666666666666,0.2676666666666667,0.08333333333333334,0.6886674968866926
12,30,2,9.166666666666666,0.27133333333333337,0.08333333333333334,0.692874692874705
12,30,2,9.166666666666666,0.275,0.08333333333333334,0.6969696969697043
12,30,2,9.166666666666666,0.2786666666666667,0.08333333333333334,0.7009569377990472
12,30,2,9.166666666666666,0.2823333333333334,0.08333333333333334,0.7048406139315258
12,30,2,9.166666666666666,0.28600000000000003,0.08333333333333334,0.7086247086247103
12,30,2,9.166666666666666,0.2896666666666667,0.08333333333333334,0.712313003452245
12,30,2,9.166666666666666,0.29333333333333333,0.08333333333333334,0.715909090909106
12,30,2,9.166666666666666,0.29700000000000004,0.08333333333333334,0.7194163860830631
12,30,2,9.166666666666666,0.3006666666666667,0.08333333333333334,0.7228381374722905
12,30,2,9.166666666666666,0.30433333333333334,0.08333333333333334,0.7261774370208148
12,30,2,9.166666666666666,0.30800000000000005,0.08333333333333334,0.729437229437232
12,30,2,9.166666666666666,0.3116666666666667,0.08333333333333334,0.7326203208556169
12,30,2,9.166666666666666,0.31533333333333335,0.08333333333333334,0.7357293868921787
12,30,2,9.166666666666666,0.319,0.08333333333333334,0.7387669801462913
12,30,2,9.166666666666666,0.3226666666666667,0.08333333333333334,0.7417355371900832
12,30,2,9.166666666666666,0.32633333333333336,0.08333333333333334,0.7446373850868413
12,30,2,9.166666666666666,0.33,0.08333333333333334,0.7474747474747605
12,30,2,9.166666666666666,0.3336666666666667,0.08333333333333334,0.7502497502497603
12,30,2,9.166666666666666,0.3373333333333334,0.08333333333333334,0.752964426877477
12,30,2,9.166666666666666,0.341,0.08333333333333334,0.7556207233626636
12,30,2,9.166666666666666,0.3446666666666667,0.08333333333333334,0.7582205029013569
12,30,2,9.166666666666666,0.3483333333333334,0.08333333333333334,0.7607655502392369
12,30,2,9.166666666666666,0.35200000000000004,0.08333333333333334,0.7632575757575775
12,30,2,9.166666666666666,0.3556666666666667,0.08333333333333334,0.7656982193064679
12,30,2,9.166666666666666,0.3593333333333334,0.08333333333333334,0.7680890538033405
12,30,2,9.166666666666666,0.36300000000000004,0.08333333333333334,0.7704315886134213
12,30,2,9.166666666666666,0.3666666666666667,0.08333333333333334,0.7727272727272845
12,30,2,9.166666666666666,0.37033333333333335,0.08333333333333334,0.7749774977497835
12,30,2,9.166666666666666,0.37400000000000005,0.08333333333333334,0.7771836007130185
12,30,2,9.166666666666666,0.3776666666666667,0.08333333333333334,0.7793468667255117
12,30,2,9.166666666666666,0.38133333333333336,0.08333333333333334,0.7814685314685343
12,30,2,9.166666666666666,0.38500000000000006,0.08333333333333334,0.7835497835497856
12,30,2,9.166666666666666,0.3886666666666667,0.08333333333333334,0.7855917667238437
12,30,2,9.166666666666666,0.39233333333333337,0.08333333333333334,0.7875955819881063
12,30,2,9.166666666666666,0.396,0.08333333333333334,0.7895622895622901
12,30,2,9.166666666666666,0.3996666666666667,0.08333333333333334,0.7914929107589663
12,30,2,9.166666666666666,0.4033333333333334,0.08333333333333334,0.7933884297520665
12,30,2,9.166666666666666,0.40700000000000003,0.08333333333333334,0.7952497952497953
12,30,2,9.166666666666666,0.41066666666666674,0.08333333333333334,0.7970779220779223
12,30,2,9.166666666666666,0.4143333333333334,0.08333333333333334,0.7988736926790024
12,30,2,9.166666666666666,0.41800000000000004,0.08333333333333334,0.8006379585326953
12,30,2,9.166666666666666,0.4216666666666667,0.08333333333333334,0.8023715415019762
12,30,2,9.166666666666666,0.4253333333333334,0.08333333333333334,0.8040752351097178
12,30,2,9.166666666666666,0.42900000000000005,0.08333333333333334,0.8057498057498218
12,30,2,9.166666666666666,0.4326666666666667,0.08333333333333334,0.8073959938366841
12,30,2,9.166666666666666,0.43633333333333335,0.08333333333333334,0.809014514896878
12,30,2,9.166666666666666,0.44000000000000006,0.08333333333333334,0.8106060606060697
12,30,2,9.166666666666666,0.4436666666666667,0.08333333333333334,0.8121712997746122
12,30,2,9.166666666666666,0.44733333333333336,0.08333333333333334,0.8137108792846549
12,30,2,9.166666666666666,0.45100000000000007,0.08333333333333334,0.8152254249815264
12,30,2,9.166666666666666,0.4546666666666667,0.08333333333333334,0.8167155425219971
12,30,2,9.166666666666666,0.45833333333333337,0.08333333333333334,0.8181818181818206
12,30,2,9.166666666666666,0.462,0.08333333333333334,0.8196248196248214
12,30,2,9.166666666666666,0.46566666666666673,0.08333333333333334,0.8210450966356492
12,30,2,9.166666666666666,0.4693333333333334,0.08333333333333334,0.822443181818183
12,30,2,9.166666666666666,0.47300000000000003,0.08333333333333334,0.8238195912614527
12,30,2,9.166666666666666,0.47666666666666674,0.08333333333333334,0.8251748251748259
12,30,2,9.166666666666666,0.4803333333333334,0.08333333333333334,0.8265093684941128
12,30,2,9.166666666666666,0.48400000000000004,0.08333333333333334,0.8278236914600651
12,30,2,9.166666666666666,0.4876666666666667,0.08333333333333334,0.8291182501708891
12,30,2,9.166666666666666,0.4913333333333334,0.08333333333333334,0.8303934871099118
12,30,2,9.166666666666666,0.49500000000000005,0.08333333333333334,0.8316498316498367
12,30,2,9.166666666666666,0.4986666666666667,0.08333333333333334,0.8328877005347635
12,30,2,9.166666666666666,0.5023333333333334,0.08333333333333334,0.8341074983410782
12,30,2,9.166666666666666,0.506,0.08333333333333334,0.8353096179183158
12,30,2,9.166666666666666,0.5096666666666667,0.08333333333333334,0.8364944408109896
12,30,2,9.166666666666666,0.5133333333333334,0.08333333333333334,0.8376623376623389
12,30,2,9.166666666666666,0.517,0.08333333333333334,0.8388136686009038
12,30,2,9.166666666666666,0.5206666666666667,0.08333333333333334,0.8399487836107564
12,30,2,9.166666666666666,0.5243333333333334,0.08333333333333334,0.8410680228862056
12,30,2,9.166666666666666,0.528,0.08333333333333334,0.8421717171717177
12,30,2,9.166666666666666,0.5316666666666667,0.08333333333333334,0.8432601880877746
12,30,2,9.166666666666666,0.5353333333333334,0.08333333333333334,0.8443337484433378
12,30,2,9.166666666666666,0.539,0.08333333333333334,0.84539270253556
12,30,2,9.166666666666666,0.5426666666666667,0.08333333333333334,0.8464373464373466
12,30,2,9.166666666666666,0.5463333333333333,0.08333333333333334,0.8474679682733375
12,30,2,9.166666666666666,0.55,0.08333333333333334,0.8484848484848486
13,30,1,9.23076923076923,0.0,0.04318936877076413,0.0
13,30,1,9.23076923076923,0.003666666666666667,0.04318936877076413,0.0
13,30,1,9.23076923076923,0.007333333333333334,0.04318936877076413,8.787262275846947e-15
13,30,1,9.23076923076923,0.011000000000000001,0.04318936877076413,7.642183182573112e-16
13,30,1,9.23076923076923,0.014666666666666668,0.04318936877076413,1.9539925233402444e-18
13,30,1,9.23076923076923,0.018333333333333333,0.04318936877076413,1.7001955399833695e-15
13,30,1,9.23076923076923,0.022000000000000002,0.04318936877076413,8.326057991415552e-19
13,30,1,9.23076923076923,0.02566666666666667,0.04318936877076413,1.314523694258946e-13
13,30,1,9.23076923076923,0.029333333333333336,0.04318936877076413,1.178557710819928e-10
13,30,1,9.23076923076923,0.033,0.04318936877076413,4.986671684558159e-08
13,30,1,9.23076923076923,0.03666666666666667,0.04318936877076413,1.1275001026910268e-05
13,30,1,9.23076923076923,0.04033333333333334,0.04318936877076413,0.001193190878440724
13,30,1,9.23076923076923,0.044000000000000004,0.04318936877076413,0.02720957035194522
13,30,1,9.23076923076923,0.04766666666666667,0.04318936877076413,0.09414503098723566
13,30,1,9.23076923076923,0.05133333333333334,0.04318936877076413,0.15865194003934716
13,30,1,9.23076923076923,0.05500000000000001,0.04318936877076413,0.2147387988790706
13,30,1,9.23076923076923,0.05866666666666667,0.04318936877076413,0.26381757857475663
13,30,1,9.23076923076923,0.06233333333333334,0.04318936877076413,0.3071224261520195
13,30,1,9.23076923076923,0.066,0.04318936877076413,0.34561562468568524
13,30,1,9.23076923076923,0.06966666666666667,0.04318936877076413,0.3800569075966936
13,30,1,9.23076923076923,0.07333333333333333,0.04318936877076413,0.4110540622168603
13,30,1,9.23076923076923,0.07700000000000001,0.04318936877076413,0.4390991068731975
13,30,1,9.23076923076923,0.08066666666666668,0.04318936877076413,0.4645946020153243
13,30,1,9.23076923076923,0.08433333333333334,0.04318936877076413,0.48787309757987796
13,30,1,9.23076923076923,0.08800000000000001,0.04318936877076413,0.5092117185140468
13,30,1,9.23076923076923,0.09166666666666667,0.04318936877076413,0.5288432497734926
13,30,1,9.23076923076923,0.09533333333333334,0.04318936877076413,0.5469646632437424
13,30,1,9.23076923076923,0.099,0.04318936877076413,0.5637437497902723
13,30,1,9.23076923076923,0.10266666666666668,0.04318936877076413,0.579324330154897
13,30,1,9.23076923076923,0.10633333333333335,0.04318936877076413,0.5938303877357642
13,30,1,9.23076923076923,0.11000000000000001,0.04318936877076413,0.6073693748112422
13,30,1,9.23076923076923,0.11366666666666668,0.04318936877076413,0.6200348788495843
13,30,1,9.23076923076923,0.11733333333333335,0.04318936877076413,0.6319087888855386
13,30,1,9.23076923076923,0.12100000000000001,0.04318936877076413,0.6430630680102153
13,30,1,9.23076923076923,0.12466666666666668,0.04318936877076413,0.653561213068743
13,30,1,9.23076923076923,0.12833333333333335,0.04318936877076413,0.6634594641239178
13,30,1,9.23076923076923,0.132,0.04318936877076413,0.6728078123427068
13,30,1,9.23076923076923,0.13566666666666669,0.04318936877076413,0.6816508444415458
13,30,1,9.23076923076923,0.13933333333333334,0.04318936877076413,0.6900284537983449
13,30,1,9.23076923076923,0.14300000000000002,0.04318936877076413,0.6979764421625001
13,30,1,9.23076923076923,0.14666666666666667,0.04318936877076413,0.7055270311084312
13,30,1,9.23076923076923,0.15033333333333335,0.04318936877076413,0.7127092986423692
13,30,1,9.23076923076923,0.15400000000000003,0.04318936877076413,0.7195495534365972
13,30,1,9.23076923076923,0.15766666666666668,0.04318936877076413,0.7260716568450576
13,30,1,9.23076923076923,0.16133333333333336,0.04318936877076413,0.7322973010076648
13,30,1,9.23076923076923,0.165,0.04318936877076413,0.7382462498741591
13,30,1,9.23076923076923,0.1686666666666667,0.04318936877076413,0.743936548789937
13,30,1,9.23076923076923,0.17233333333333334,0.04318936877076413,0.7493847073263207
13,30,1,9.23076923076923,0.17600000000000002,0.04318936877076413,0.7546058592570313
13,30,1,9.23076923076923,0.1796666666666667,0.04318936877076413,0.7596139029456588
13,30,1,9.23076923076923,0.18333333333333335,0.04318936877076413,0.7644216248867435
13,30,1,9.23076923076923,0.18700000000000003,0.04318936877076413,0.7690408087124925
13,30,1,9.23076923076923,0.19066666666666668,0.04318936877076413,0.773482331621867
13,30,1,9.23076923076923,0.19433333333333336,0.04318936877076413,0.7777562498931523
13,30,1,9.23076923076923,0.198,0.04318936877076413,0.7818718748951426
13,30,1,9.23076923076923,0.2016666666666667,0.04318936877076413,0.7858378408061348
13,30,1,9.23076923076923,0.20533333333333337,0.04318936877076413,0.7896621650774509
13,30,1,9.23076923076923,0.20900000000000002,0.04318936877076413,0.793352302532231
13,30,1,9.23076923076923,0.2126666666666667,0.04318936877076413,0.7969151938678813
13,30,1,9.23076923076923,0.21633333333333335,0.04318936877076413,0.8003573092260524
13,30,1,9.23076923076923,0.22000000000000003,0.04318936877076413,0.8036846874056179
13,30,1,9.23076923076923,0.22366666666666668,0.04318936877076413,0.8069029712186404
13,30,1,9.23076923076923,0.22733333333333336,0.04318936877076413,0.8100174394247914
13,30,1,9.23076923076923,0.231,0.04318936877076413,0.8130330356244074
13,30,1,9.23076923076923,0.2346666666666667,0.04318936877076413,0.8159543944427722
13,30,1,9.23076923076923,0.23833333333333337,0.04318936877076413,0.8187858652974968
13,30,1,9.23076923076923,0.24200000000000002,0.04318936877076413,0.8215315340051091
13,30,1,9.23076923076923,0.2456666666666667,0.04318936877076413,0.8241952424527931
13,30,1,9.23076923076923,0.24933333333333335,0.04318936877076413,0.8267806065343692
13,30,1,9.23076923076923,0.253,0.04318936877076413,0.8292910325266243
13,30,1,9.23076923076923,0.2566666666666667,0.04318936877076413,0.8317297320619582
13,30,1,9.23076923076923,0.26033333333333336,0.04318936877076413,0.8340997358357333
13,30,1,9.23076923076923,0.264,0.04318936877076413,0.8364039061713484
13,30,1,9.23076923076923,0.2676666666666667,0.04318936877076413,0.8386449485525624
13,30,1,9.23076923076923,0.27133333333333337,0.04318936877076413,0.8408254222207712
13,30,1,9.23076923076923,0.275,0.04318936877076413,0.8429477499245044
13,30,1,9.23076923076923,0.2786666666666667,0.04318936877076413,0.8450142268991784
13,30,1,9.23076923076923,0.2823333333333334,0.04318936877076413,0.8470270291472387
13,30,1,9.23076923076923,0.28600000000000003,0.04318936877076413,0.848988221081247
13,30,1,9.23076923076923,0.2896666666666667,0.04318936877076413,0.8508997625865466
13,30,1,9.23076923076923,0.29333333333333333,0.04318936877076413,0.8527635155542144
13,30,1,9.23076923076923,0.29700000000000004,0.04318936877076413,0.8545812499300879
13,30,1,9.23076923076923,0.3006666666666667,0.04318936877076413,0.8563546493211841
13,30,1,9.23076923076923,0.30433333333333334,0.04318936877076413,0.8580853161968324
13,30,1,9.23076923076923,0.30800000000000005,0.04318936877076413,0.8597747767182985
13,30,1,9.23076923076923,0.3116666666666667,0.04318936877076413,0.8614244852274949
13,30,1,9.23076923076923,0.31533333333333335,0.04318936877076413,0.863035828422524
13,30,1,9.23076923076923,0.319,0.04318936877076413,0.8646101292452536
13,30,1,9.23076923076923,0.3226666666666667,0.04318936877076413,0.8661486505038303
13,30,1,9.23076923076923,0.32633333333333336,0.04318936877076413,0.867652598250978
13,30,1,9.23076923076923,0.33,0.04318936877076413,0.8691231249370784
13,30,1,9.23076923076923,0.3336666666666667,0.04318936877076413,0.8705613323553525
13,30,1,9.23076923076923,0.3373333333333334,0.04318936877076413,0.871968274394968
13,30,1,9.23076923076923,0.341,0.04318936877076413,0.8733449596165361
13,30,1,9.23076923076923,0.3446666666666667,0.04318936877076413,0.8746923536631667
13,30,1,9.23076923076923,0.3483333333333334,0.04318936877076413,0.8760113815193423
13,30,1,9.23076923076923,0.35200000000000004,0.04318936877076413,0.8773029296285143
13,30,1,9.23076923076923,0.3556666666666667,0.04318936877076413,0.8785678478797657
13,30,1,9.23076923076923,0.3593333333333334,0.04318936877076413,0.8798069514728288
13,30,1,9.23076923076923,0.36300000000000004,0.04318936877076413,0.8810210226700724
13,30,1,9.23076923076923,0.3666666666666667,0.04318936877076413,0.8822108124433714
13,30,1,9.23076923076923,0.37033333333333335,0.04318936877076413,0.8833770420231396
13,30,1,9.23076923076923,0.37400000000000005,0.04318936877076413,0.8845204043562459
13,30,1,9.23076923076923,0.3776666666666667,0.04318936877076413,0.885641565479001
13,30,1,9.23076923076923,0.38133333333333336,0.04318936877076413,0.8867411658109333
13,30,1,9.23076923076923,0.38500000000000006,0.04318936877076413,0.8878198213746387
13,30,1,9.23076923076923,0.3886666666666667,0.04318936877076413,0.8888781249465761
13,30,1,9.23076923076923,0.39233333333333337,0.04318936877076413,0.889916647143337
13,30,1,9.23076923076923,0.396,0.04318936877076413,0.8909359374475655
13,30,1,9.23076923076923,0.3996666666666667,0.04318936877076413,0.8919365251774042
13,30,1,9.23076923076923,0.4033333333333334,0.04318936877076413,0.8929189204030641
13,30,1,9.23076923076923,0.40700000000000003,0.04318936877076413,0.8938836148138474
13,30,1,9.23076923076923,0.41066666666666674,0.04318936877076413,0.8948310825387238
13,30,1,9.23076923076923,0.4143333333333334,0.04318936877076413,0.8957617809233369
13,30,1,9.23076923076923,0.41800000000000004,0.04318936877076413,0.8966761512661146
13,30,1,9.23076923076923,0.4216666666666667,0.04318936877076413,0.8975746195159743
13,30,1,9.23076923076923,0.4253333333333334,0.04318936877076413,0.8984575969339402
13,30,1,9.23076923076923,0.42900000000000005,0.04318936877076413,0.8993254807208297
13,30,1,9.23076923076923,0.4326666666666667,0.04318936877076413,0.9001786546130259
13,30,1,9.23076923076923,0.43633333333333335,0.04318936877076413,0.9010174894482105
13,30,1,9.23076923076923,0.44000000000000006,0.04318936877076413,0.9018423437028089
13,30,1,9.23076923076923,0.4436666666666667,0.04318936877076413,0.9026535640027856
13,30,1,9.23076923076923,0.44733333333333336,0.04318936877076413,0.9034514856093201
13,30,1,9.23076923076923,0.45100000000000007,0.04318936877076413,0.9042364328807891
13,30,1,9.23076923076923,0.4546666666666667,0.04318936877076413,0.9050087197124002
13,30,1,9.23076923076923,0.45833333333333337,0.04318936877076413,0.9057686499547011
13,30,1,9.23076923076923,0.462,0.04318936877076413,0.9065165178122025
13,30,1,9.23076923076923,0.46566666666666673,0.04318936877076413,0.9072526082231288
13,30,1,9.23076923076923,0.4693333333333334,0.04318936877076413,0.9079771972213853
13,30,1,9.23076923076923,0.47300000000000003,0.04318936877076413,0.9086905522816843
13,30,1,9.23076923076923,0.47666666666666674,0.04318936877076413,0.9093929326487478
13,30,1,9.23076923076923,0.4803333333333334,0.04318936877076413,0.9100845896514288
13,30,1,9.23076923076923,0.48400000000000004,0.04318936877076413,0.9107657670025543
13,30,1,9.23076923076923,0.4876666666666667,0.04318936877076413,0.9114367010852416
13,30,1,9.23076923076923,0.4913333333333334,0.04318936877076413,0.9120976212263964
13,30,1,9.23076923076923,0.49500000000000005,0.04318936877076413,0.9127487499580527
13,30,1,9.23076923076923,0.4986666666666667,0.04318936877076413,0.9133903032671847
13,30,1,9.23076923076923,0.5023333333333334,0.04318936877076413,0.9140224908345775
13,30,1,9.23076923076923,0.506,0.04318936877076413,0.9146455162633123
13,30,1,9.23076923076923,0.5096666666666667,0.04318936877076413,0.9152595772973892
13,30,1,9.23076923076923,0.5133333333333334,0.04318936877076413,0.9158648660309792
13,30,1,9.23076923076923,0.517,0.04318936877076413,0.9164615691087736
13,30,1,9.23076923076923,0.5206666666666667,0.04318936877076413,0.9170498679178666
13,30,1,9.23076923076923,0.5243333333333334,0.04318936877076413,0.9176299387715882
13,30,1,9.23076923076923,0.528,0.04318936877076413,0.9182019530856741
13,30,1,9.23076923076923,0.5316666666666667,0.04318936877076413,0.9187660775471521
13,30,1,9.23076923076923,0.5353333333333334,0.04318936877076413,0.9193224742762811
13,30,1,9.23076923076923,0.539,0.04318936877076413,0.9198713009818847
13,30,1,9.23076923076923,0.5426666666666667,0.04318936877076413,0.9204127111103857
13,30,1,9.23076923076923,0.5463333333333333,0.04318936877076413,0.9209468539888396
13,30,1,9.23076923076923,0.55,0.04318936877076413,0.9214738749622471
14,30,1,9.285714285714286,0.0,0.04294478527607362,0.0
14,30,1,9.285714285714286,0.003666666666666667,0.04294478527607362,0.0
14,30,1,9.285714285714286,0.007333333333333334,0.04294478527607362,0.0
14,30,1,9.285714285714286,0.011000000000000001,0.04294478527607362,2.93098878501037e-18
14,30,1,9.285714285714286,0.014666666666666668,0.04294478527607362,1.3214136337853392e-15
14,30,1,9.285714285714286,0.018333333333333333,0.04294478527607362,9.123837564144989e-26
14,30,1,9.285714285714286,0.022000000000000002,0.04294478527607362,1.0907042106248682e-18
14,30,1,9.285714285714286,0.02566666666666667,0.04294478527607362,1.7587315757774683e-13
14,30,1,9.285714285714286,0.029333333333333336,0.04294478527607362,1.5740563563180967e-10
14,30,1,9.285714285714286,0.033,0.04294478527607362,6.683332027422437e-08
14,30,1,9.285714285714286,0.03666666666666667,0.04294478527607362,1.5050594715704964e-05
14,30,1,9.285714285714286,0.04033333333333334,0.04294478527607362,0.0015383779129047427
14,30,1,9.285714285714286,0.044000000000000004,0.04294478527607362,0.03107740311029339
14,30,1,9.285714285714286,0.04766666666666667,0.04294478527607362,0.09921961368181251
14,30,1,9.285714285714286,0.05133333333333334,0.04294478527607362,0.16341561596116547
14,30,1,9.285714285714286,0.05500000000000001,0.04294478527607362,0.21918575676846536
14,30,1,9.285714285714286,0.05866666666666667,0.04294478527607362,0.26798661516732414
14,30,1,9.285714285714286,0.06233333333333334,0.04294478527607362,0.3110462255274505
14,30,1,9.285714285714286,0.066,0.04294478527607362,0.3493214352112028
14,30,1,9.285714285714286,0.06966666666666667,0.04294478527607362,0.3835676754630622
14,30,1,9.285714285714286,0.07333333333333333,0.04294478527607362,0.41438929168991073
14,30,1,9.285714285714286,0.07700000000000001,0.04294478527607362,0.4422755158951588
14,30,1,9.285714285714286,0.08066666666666668,0.04294478527607362,0.4676266288090157
14,30,1,9.285714285714286,0.08433333333333334,0.04294478527607362,0.4907732971216607
14,30,1,9.285714285714286,0.08800000000000001,0.04294478527607362,0.5119910764082648
14,30,1,9.285714285714286,0.09166666666666667,0.04294478527607362,0.531511433351932
14,30,1,9.285714285714286,0.09533333333333334,0.04294478527607362,0.5495302243768573
14,30,1,9.285714285714286,0.099,0.04294478527607362,0.5662142901406789
14,30,1,9.285714285714286,0.10266666666666668,0.04294478527607362,0.5817066369213734
14,30,1,9.285714285714286,0.10633333333333335,0.04294478527607362,0.5961305459930409
14,30,1,9.285714285714286,0.11000000000000001,0.04294478527607362,0.6095928611266093
14,30,1,9.285714285714286,0.11366666666666668,0.04294478527607362,0.6221866397999405
14,30,1,9.285714285714286,0.11733333333333335,0.04294478527607362,0.6339933073061951
14,30,1,9.285714285714286,0.12100000000000001,0.04294478527607362,0.6450844192060043
14,30,1,9.285714285714286,0.12466666666666668,0.04294478527607362,0.6555231127587726
14,30,1,9.285714285714286,0.12833333333333335,0.04294478527607362,0.6653653095370903
14,30,1,9.285714285714286,0.132,0.04294478527607362,0.6746607176055115
14,30,1,9.285714285714286,0.13566666666666669,0.04294478527607362,0.6834536711837356
14,30,1,9.285714285714286,0.13933333333333334,0.04294478527607362,0.6917838377315301
14,30,1,9.285714285714286,0.14300000000000002,0.04294478527607362,0.6996868162512428
14,30,1,9.285714285714286,0.14666666666666667,0.04294478527607362,0.7071946458449562
14,30,1,9.285714285714286,0.15033333333333335,0.04294478527607362,0.7143362398487356
14,30,1,9.285714285714286,0.15400000000000003,0.04294478527607362,0.7211377579475745
14,30,1,9.285714285714286,0.15766666666666668,0.04294478527607362,0.7276229263674058
14,30,1,9.285714285714286,0.16133333333333336,0.04294478527607362,0.7338133144045061
14,30,1,9.285714285714286,0.165,0.04294478527607362,0.7397285740844035
14,30,1,9.285714285714286,0.1686666666666667,0.04294478527607362,0.7453866485608293
14,30,1,9.285714285714286,0.17233333333333334,0.04294478527607362,0.7508039539105981
14,30,1,9.285714285714286,0.17600000000000002,0.04294478527607362,0.7559955382041346
14,30,1,9.285714285714286,0.1796666666666667,0.04294478527607362,0.7609752210979243
14,30,1,9.285714285714286,0.18333333333333335,0.04294478527607362,0.7657557166759641
14,30,1,9.285714285714286,0.18700000000000003,0.04294478527607362,0.7703487418391792
14,30,1,9.285714285714286,0.19066666666666668,0.04294478527607362,0.7747651121884255
14,30,1,9.285714285714286,0.19433333333333336,0.04294478527607362,0.7790148270527943
14,30,1,9.285714285714286,0.198,0.04294478527607362,0.7831071450703453
14,30,1,9.285714285714286,0.2016666666666667,0.04294478527607362,0.7870506515236072
14,30,1,9.285714285714286,0.20533333333333337,0.04294478527607362,0.7908533184606834
14,30,1,9.285714285714286,0.20900000000000002,0.04294478527607362,0.7945225584876875
14,30,1,9.285714285714286,0.2126666666666667,0.04294478527607362,0.79806527299652
14,30,1,9.285714285714286,0.21633333333333335,0.04294478527607362,0.8014878954881038
14,30,1,9.285714285714286,0.22000000000000003,0.04294478527607362,0.8047964305633021
14,30,1,9.285714285714286,0.22366666666666668,0.04294478527607362,0.8079964890786575
14,30,1,9.285714285714286,0.22733333333333336,0.04294478527607362,0.8110933198999825
14,30,1,9.285714285714286,0.231,0.04294478527607362,0.814091838631724
14,30,1,9.285714285714286,0.2346666666666667,0.04294478527607362,0.8169966536531001
14,30,1,9.285714285714286,0.23833333333333337,0.04294478527607362,0.8198120897507429
14,30,1,9.285714285714286,0.24200000000000002,0.04294478527607362,0.8225422096030033
14,30,1,9.285714285714286,0.2456666666666667,0.04294478527607362,0.8251908333402712
14,30,1,9.285714285714286,0.24933333333333335,0.04294478527607362,0.8277615563793845
14,30,1,9.285714285714286,0.253,0.04294478527607362,0.8302577657072193
14,30,1,9.285714285714286,0.2566666666666667,0.04294478527607362,0.8326826547685445
14,30,1,9.285714285714286,0.26033333333333336,0.04294478527607362,0.835039237095748
14,30,1,9.285714285714286,0.264,0.04294478527607362,0.8373303588027518
14,30,1,9.285714285714286,0.2676666666666667,0.04294478527607362,0.8395587100520291
14,30,1,9.285714285714286,0.27133333333333337,0.04294478527607362,0.8417268355918783
14,30,1,9.285714285714286,0.275,0.04294478527607362,0.84383714445065
14,30,1,9.285714285714286,0.2786666666666667,0.04294478527607362,0.8458919188657698
14,30,1,9.285714285714286,0.2823333333333334,0.04294478527607362,0.847893322516862
14,30,1,9.285714285714286,0.28600000000000003,0.04294478527607362,0.8498434081256188
14,30,1,9.285714285714286,0.2896666666666667,0.04294478527607362,0.8517441244784585
14,30,1,9.285714285714286,0.29333333333333333,0.04294478527607362,0.8535973229224773
14,30,1,9.285714285714286,0.29700000000000004,0.04294478527607362,0.8554047633802242
14,30,1,9.285714285714286,0.3006666666666667,0.04294478527607362,0.8571681199243677
14,30,1,9.285714285714286,0.30433333333333334,0.04294478527607362,0.8588889859493752
14,30,1,9.285714285714286,0.30800000000000005,0.04294478527607362,0.8605688789737871
14,30,1,9.285714285714286,0.3116666666666667,0.04294478527607362,0.8622092451035074
14,30,1,9.285714285714286,0.31533333333333335,0.04294478527607362,0.8638114631836991
14,30,1,9.285714285714286,0.319,0.04294478527607362,0.8653768486643459
14,30,1,9.285714285714286,0.3226666666666667,0.04294478527607362,0.8669066572022512
14,30,1,9.285714285714286,0.32633333333333336,0.04294478527607362,0.8684020880202034
14,30,1,9.285714285714286,0.33,0.04294478527607362,0.8698642870422012
14,30,1,9.285714285714286,0.3336666666666667,0.04294478527607362,0.8712943498219573
14,30,1,9.285714285714286,0.3373333333333334,0.04294478527607362,0.8726933242804144
14,30,1,9.285714285714286,0.341,0.04294478527607362,0.8740622132666541
14,30,1,9.285714285714286,0.3446666666666667,0.04294478527607362,0.8754019769553044
14,30,1,9.285714285714286,0.3483333333333334,0.04294478527607362,0.8767135350926154
14,30,1,9.285714285714286,0.35200000000000004,0.04294478527607362,0.8779977691020663
14,30,1,9.285714285714286,0.3556666666666667,0.04294478527607362,0.8792555240597763
14,30,1,9.285714285714286,0.3593333333333334,0.04294478527607362,0.8804876105489617
14,30,1,9.285714285714286,0.36300000000000004,0.04294478527607362,0.8816948064020022
14,30,1,9.285714285714286,0.3666666666666667,0.04294478527607362,0.8828778583379815
14,30,1,9.285714285714286,0.37033333333333335,0.04294478527607362,0.8840374835029521
14,30,1,9.285714285714286,0.37400000000000005,0.04294478527607362,0.8851743709195895
14,30,1,9.285714285714286,0.3776666666666667,0.04294478527607362,0.8862891828524092
14,30,1,9.285714285714286,0.38133333333333336,0.04294478527607362,0.8873825560942127
14,30,1,9.285714285714286,0.38500000000000006,0.04294478527607362,0.8884551031790295
14,30,1,9.285714285714286,0.3886666666666667,0.04294478527607362,0.8895074135263974
14,30,1,9.285714285714286,0.39233333333333337,0.04294478527607362,0.8905400545214776
14,30,1,9.285714285714286,0.396,0.04294478527607362,0.8915535725351675
14,30,1,9.285714285714286,0.3996666666666667,0.04294478527607362,0.8925484938880561
14,30,1,9.285714285714286,0.4033333333333334,0.04294478527607362,0.8935253257618008
14,30,1,9.285714285714286,0.40700000000000003,0.04294478527607362,0.8944845570612441
14,30,1,9.285714285714286,0.41066666666666674,0.04294478527607362,0.8954266592303403
14,30,1,9.285714285714286,0.4143333333333334,0.04294478527607362,0.896352087024762
14,30,1,9.285714285714286,0.41800000000000004,0.04294478527607362,0.897261279243843
14,30,1,9.285714285714286,0.4216666666666667,0.04294478527607362,0.8981546594243314
14,30,1,9.285714285714286,0.4253333333333334,0.04294478527607362,0.8990326364982595
14,30,1,9.285714285714286,0.42900000000000005,0.04294478527607362,0.899895605417078
14,30,1,9.285714285714286,0.4326666666666667,0.04294478527607362,0.9007439477440519
14,30,1,9.285714285714286,0.43633333333333335,0.04294478527607362,0.901578032216791
14,30,1,9.285714285714286,0.44000000000000006,0.04294478527607362,0.9023982152816509
14,30,1,9.285714285714286,0.4436666666666667,0.04294478527607362,0.9032048416016372
14,30,1,9.285714285714286,0.44733333333333336,0.04294478527607362,0.9039982445393288
14,30,1,9.285714285714286,0.45100000000000007,0.04294478527607362,0.90477874661625
14,30,1,9.285714285714286,0.4546666666666667,0.04294478527607362,0.9055466599499887
14,30,1,9.285714285714286,0.45833333333333337,0.04294478527607362,0.9063022866703887
14,30,1,9.285714285714286,0.462,0.04294478527607362,0.9070459193158606
14,30,1,9.285714285714286,0.46566666666666673,0.04294478527607362,0.9077778412110108
14,30,1,9.285714285714286,0.4693333333333334,0.04294478527607362,0.9084983268265492
14,30,1,9.285714285714286,0.47300000000000003,0.04294478527607362,0.9092076421224672
14,30,1,9.285714285714286,0.47666666666666674,0.04294478527607362,0.9099060448753712
14,30,1,9.285714285714286,0.4803333333333334,0.04294478527607362,0.9105937849908261
14,30,1,9.285714285714286,0.48400000000000004,0.04294478527607362,0.9112711048015013
14,30,1,9.285714285714286,0.4876666666666667,0.04294478527607362,0.9119382393518658
14,30,1,9.285714285714286,0.4913333333333334,0.04294478527607362,0.9125954166701354
14,30,1,9.285714285714286,0.49500000000000005,0.04294478527607362,0.9132428580281345
14,30,1,9.285714285714286,0.4986666666666667,0.04294478527607362,0.9138807781896924
14,30,1,9.285714285714286,0.5023333333333334,0.04294478527607362,0.9145093856481613
14,30,1,9.285714285714286,0.506,0.04294478527607362,0.9151288828536096
14,30,1,9.285714285714286,0.5096666666666667,0.04294478527607362,0.9157394664302023
14,30,1,9.285714285714286,0.5133333333333334,0.04294478527607362,0.9163413273842723
14,30,1,9.285714285714286,0.517,0.04294478527607362,0.9169346513035326
14,30,1,9.285714285714286,0.5206666666666667,0.04294478527607362,0.917519618547874
14,30,1,9.285714285714286,0.5243333333333334,0.04294478527607362,0.9180964044321549
14,30,1,9.285714285714286,0.528,0.04294478527607362,0.9186651794013758
14,30,1,9.285714285714286,0.5316666666666667,0.04294478527607362,0.9192261091986077
14,30,1,9.285714285714286,0.5353333333333334,0.04294478527607362,0.9197793550260145
14,30,1,9.285714285714286,0.539,0.04294478527607362,0.9203250736993067
14,30,1,9.285714285714286,0.5426666666666667,0.04294478527607362,0.9208634177959333
14,30,1,9.285714285714286,0.5463333333333333,0.04294478527607362,0.9213945357973027
14,30,1,9.285714285714286,0.55,0.04294478527607362,0.9219185722253207
15,30,1,9.333333333333334,0.0,0.042735042735042736,0.0
15,30,1,9.333333333333334,0.003666666666666667,0.042735042735042736,2.2755131112717215e-15
15,30,1,9.333333333333334,0.007333333333333334,0.042735042735042736,0.0
15,30,1,9.333333333333334,0.011000000000000001,0.042735042735042736,3.202847511017483e-15
15,30,1,9.333333333333334,0.014666666666666668,0.042735042735042736,3.7526045762855824e-15
15,30,1,9.333333333333334,0.018333333333333333,0.042735042735042736,1.1271204115619652e-25
15,30,1,9.333333333333334,0.022000000000000002,0.042735042735042736,1.3635184082352962e-18
15,30,1,9.333333333333334,0.02566666666666667,0.042735042735042736,2.227454116591243e-13
15,30,1,9.333333333333334,0.029333333333333336,0.042735042735042736,2.0204572573207268e-10
15,30,1,9.333333333333334,0.033,0.042735042735042736,8.60310327857022e-08
15,30,1,9.333333333333334,0.03666666666666667,0.042735042735042736,1.9295035108979513e-05
15,30,1,9.333333333333334,0.04033333333333334,0.042735042735042736,0.0019078093007926635
15,30,1,9.333333333333334,0.044000000000000004,0.042735042735042736,0.03460558803563085
15,30,1,9.333333333333334,0.04766666666666667,0.042735042735042736,0.10358277115878842
15,30,1,9.333333333333334,0.05133333333333334,0.042735042735042736,0.167500917013993
15,30,1,9.333333333333334,0.05500000000000001,0.042735042735042736,0.22299924837264584
15,30,1,9.333333333333334,0.05866666666666667,0.042735042735042736,0.27156177196463316
15,30,1,9.333333333333334,0.06233333333333334,0.042735042735042736,0.3144110791240794
15,30,1,9.333333333333334,0.066,0.042735042735042736,0.352499352499492
15,30,1,9.333333333333334,0.06966666666666667,0.042735042735042736,0.38657833394675817
15,30,1,9.333333333333334,0.07333333333333333,0.042735042735042736,0.4172494172494212
15,30,1,9.333333333333334,0.07700000000000001,0.042735042735042736,0.4449994449994529
15,30,1,9.333333333333334,0.08066666666666668,0.042735042735042736,0.47022674295402384
15,30,1,9.333333333333334,0.08433333333333334,0.042735042735042736,0.4932603628255835
15,30,1,9.333333333333334,0.08800000000000001,0.042735042735042736,0.5143745143745224
15,30,1,9.333333333333334,0.09166666666666667,0.042735042735042736,0.5337995337995399
15,30,1,9.333333333333334,0.09533333333333334,0.042735042735042736,0.5517303209610956
15,30,1,9.333333333333334,0.099,0.042735042735042736,0.5683329016662417
15,30,1,9.333333333333334,0.10266666666666668,0.042735042735042736,0.5837495837495938
15,30,1,9.333333333333334,0.10633333333333335,0.042735042735042736,0.5981030463789104
15,30,1,9.333333333333334,0.11000000000000001,0.042735042735042736,0.6114996114996161
15,30,1,9.333333333333334,0.11366666666666668,0.042735042735042736,0.6240318820964105
15,30,1,9.333333333333334,0.11733333333333335,0.042735042735042736,0.6357808857808892
15,30,1,9.333333333333334,0.12100000000000001,0.042735042735042736,0.6468178286360228
15,30,1,9.333333333333334,0.12466666666666668,0.042735042735042736,0.6572055395584847
15,30,1,9.333333333333334,0.12833333333333335,0.042735042735042736,0.6669996669996681
15,30,1,9.333333333333334,0.132,0.042735042735042736,0.6762496762496835
15,30,1,9.333333333333334,0.13566666666666669,0.042735042735042736,0.6849996849996877
15,30,1,9.333333333333334,0.13933333333333334,0.042735042735042736,0.6932891669733785
15,30,1,9.333333333333334,0.14300000000000002,0.042735042735042736,0.7011535473074014
15,30,1,9.333333333333334,0.14666666666666667,0.042735042735042736,0.7086247086247115
15,30,1,9.333333333333334,0.15033333333333335,0.042735042735042736,0.7157314230484975
15,30,1,9.333333333333334,0.15400000000000003,0.042735042735042736,0.7224997224997228
15,30,1,9.333333333333334,0.15766666666666668,0.042735042735042736,0.7289532173253173
15,30,1,9.333333333333334,0.16133333333333336,0.042735042735042736,0.735113371477011
15,30,1,9.333333333333334,0.165,0.042735042735042736,0.7409997409997424
15,30,1,9.333333333333334,0.1686666666666667,0.042735042735042736,0.7466301814127908
15,30,1,9.333333333333334,0.17233333333333334,0.042735042735042736,0.7520210286167864
15,30,1,9.333333333333334,0.17600000000000002,0.042735042735042736,0.7571872571872634
15,30,1,9.333333333333334,0.1796666666666667,0.042735042735042736,0.7621426192854797
15,30,1,9.333333333333334,0.18333333333333335,0.042735042735042736,0.7668997668997686
15,30,1,9.333333333333334,0.18700000000000003,0.042735042735042736,0.7714703597056545
15,30,1,9.333333333333334,0.19066666666666668,0.042735042735042736,0.7758651604805453
15,30,1,9.333333333333334,0.19433333333333336,0.042735042735042736,0.7800941197167613
15,30,1,9.333333333333334,0.198,0.042735042735042736,0.784166450833126
15,30,1,9.333333333333334,0.2016666666666667,0.042735042735042736,0.788090697181611
15,30,1,9.333333333333334,0.20533333333333337,0.042735042735042736,0.7918747918747945
15,30,1,9.333333333333334,0.20900000000000002,0.042735042735042736,0.7955261113155863
15,30,1,9.333333333333334,0.2126666666666667,0.042735042735042736,0.799051523189455
15,30,1,9.333333333333334,0.21633333333333335,0.042735042735042736,0.8024574295760739
15,30,1,9.333333333333334,0.22000000000000003,0.042735042735042736,0.8057498057498059
15,30,1,9.333333333333334,0.22366666666666668,0.042735042735042736,0.8089342351637435
15,30,1,9.333333333333334,0.22733333333333336,0.042735042735042736,0.8120159410482108
15,30,1,9.333333333333334,0.231,0.042735042735042736,0.8149998149998219
15,30,1,9.333333333333334,0.2346666666666667,0.042735042735042736,0.817890442890447
15,30,1,9.333333333333334,0.23833333333333337,0.042735042735042736,0.8206921283844385
15,30,1,9.333333333333334,0.24200000000000002,0.042735042735042736,0.8234089143180066
15,30,1,9.333333333333334,0.2456666666666667,0.042735042735042736,0.826044602164006
15,30,1,9.333333333333334,0.24933333333333335,0.042735042735042736,0.8286027697792409
15,30,1,9.333333333333334,0.253,0.042735042735042736,0.8310867876085271
15,30,1,9.333333333333334,0.2566666666666667,0.042735042735042736,0.8334998334998336
15,30,1,9.333333333333334,0.26033333333333336,0.042735042735042736,0.8358449062674417
15,30,1,9.333333333333334,0.264,0.042735042735042736,0.838124838124838
15,30,1,9.333333333333334,0.2676666666666667,0.042735042735042736,0.8403423060957307
15,30,1,9.333333333333334,0.27133333333333337,0.042735042735042736,0.8424998424998527
15,30,1,9.333333333333334,0.275,0.042735042735042736,0.8445998445998518
15,30,1,9.333333333333334,0.2786666666666667,0.042735042735042736,0.8466445834866934
15,30,1,9.333333333333334,0.2823333333333334,0.042735042735042736,0.8486362122725789
15,30,1,9.333333333333334,0.28600000000000003,0.042735042735042736,0.8505767736536989
15,30,1,9.333333333333334,0.2896666666666667,0.042735042735042736,0.8524682068985879
15,30,1,9.333333333333334,0.29333333333333333,0.042735042735042736,0.8543123543123551
15,30,1,9.333333333333334,0.29700000000000004,0.042735042735042736,0.8561109672220788
15,30,1,9.333333333333334,0.3006666666666667,0.042735042735042736,0.8578657115242484
15,30,1,9.333333333333334,0.30433333333333334,0.042735042735042736,0.8595781728311852
15,30,1,9.333333333333334,0.30800000000000005,0.042735042735042736,0.8612498612498614
15,30,1,9.333333333333334,0.3116666666666667,0.042735042735042736,0.8628822158233925
15,30,1,9.333333333333334,0.31533333333333335,0.042735042735042736,0.8644766086626552
15,30,1,9.333333333333334,0.319,0.042735042735042736,0.8660343487929695
15,30,1,9.333333333333334,0.3226666666666667,0.042735042735042736,0.8675566857385041
15,30,1,9.333333333333334,0.32633333333333336,0.042735042735042736,0.8690448128650374
15,30,1,9.333333333333334,0.33,0.042735042735042736,0.8704998704998707
15,30,1,9.333333333333334,0.3336666666666667,0.042735042735042736,0.8719229488460257
15,30,1,9.333333333333334,0.3373333333333334,0.042735042735042736,0.8733150907064037
15,30,1,9.333333333333334,0.341,0.042735042735042736,0.8746772940321393
15,30,1,9.333333333333334,0.3446666666666667,0.042735042735042736,0.8760105143083914
15,30,1,9.333333333333334,0.3483333333333334,0.042735042735042736,0.8773156667893542
15,30,1,9.333333333333334,0.35200000000000004,0.042735042735042736,0.8785936285936311
15,30,1,9.333333333333334,0.3556666666666667,0.042735042735042736,0.8798452406699847
15,30,1,9.333333333333334,0.3593333333333334,0.042735042735042736,0.8810713096427395
15,30,1,9.333333333333334,0.36300000000000004,0.042735042735042736,0.8822726095453375
15,30,1,9.333333333333334,0.3666666666666667,0.042735042735042736,0.8834498834498843
15,30,1,9.333333333333334,0.37033333333333335,0.042735042735042736,0.8846038449998852
15,30,1,9.333333333333334,0.37400000000000005,0.042735042735042736,0.8857351798528271
15,30,1,9.333333333333334,0.3776666666666667,0.042735042735042736,0.8868445470387222
15,30,1,9.333333333333334,0.38133333333333336,0.042735042735042736,0.8879325802402728
15,30,1,9.333333333333334,0.38500000000000006,0.042735042735042736,0.888999888999889
15,30,1,9.333333333333334,0.3886666666666667,0.042735042735042736,0.8900470598583806
15,30,1,9.333333333333334,0.39233333333333337,0.042735042735042736,0.8910746574297977
15,30,1,9.333333333333334,0.396,0.042735042735042736,0.8920832254165587
15,30,1,9.333333333333334,0.3996666666666667,0.042735042735042736,0.8930732875687006
15,30,1,9.333333333333334,0.4033333333333334,0.042735042735042736,0.8940453485908034
15,30,1,9.333333333333334,0.40700000000000003,0.042735042735042736,0.8949998949998952
15,30,1,9.333333333333334,0.41066666666666674,0.042735042735042736,0.8959373959373957
15,30,1,9.333333333333334,0.4143333333333334,0.042735042735042736,0.89685830393795
15,30,1,9.333333333333334,0.41800000000000004,0.042735042735042736,0.8977630556577926
15,30,1,9.333333333333334,0.4216666666666667,0.042735042735042736,0.898652072565116
15,30,1,9.333333333333334,0.4253333333333334,0.042735042735042736,0.899525761594727
15,30,1,9.333333333333334,0.42900000000000005,0.042735042735042736,0.9003845157691311
15,30,1,9.333333333333334,0.4326666666666667,0.042735042735042736,0.9012287147880369
15,30,1,9.333333333333334,0.43633333333333335,0.042735042735042736,0.9020587255881376
15,30,1,9.333333333333334,0.44000000000000006,0.042735042735042736,0.9028749028749031
15,30,1,9.333333333333334,0.4436666666666667,0.042735042735042736,0.9036775896280026
15,30,1,9.333333333333334,0.44733333333333336,0.042735042735042736,0.9044671175818719
15,30,1,9.333333333333334,0.45100000000000007,0.042735042735042736,0.9052438076828366
15,30,1,9.333333333333334,0.4546666666666667,0.042735042735042736,0.9060079705241036
15,30,1,9.333333333333334,0.45833333333333337,0.042735042735042736,0.9067599067599099
15,30,1,9.333333333333334,0.462,0.042735042735042736,0.9074999074999099
15,30,1,9.333333333333334,0.46566666666666673,0.042735042735042736,0.9082282546849495
15,30,1,9.333333333333334,0.4693333333333334,0.042735042735042736,0.9089452214452228
15,30,1,9.333333333333334,0.47300000000000003,0.042735042735042736,0.9096510724417711
15,30,1,9.333333333333334,0.47666666666666674,0.042735042735042736,0.910346064192219
15,30,1,9.333333333333334,0.4803333333333334,0.042735042735042736,0.9110304453815912
15,30,1,9.333333333333334,0.48400000000000004,0.042735042735042736,0.9117044571590031
15,30,1,9.333333333333334,0.4876666666666667,0.042735042735042736,0.9123683334209653
15,30,1,9.333333333333334,0.4913333333333334,0.042735042735042736,0.9130223010820029
15,30,1,9.333333333333334,0.49500000000000005,0.042735042735042736,0.9136665803332471
15,30,1,9.333333333333334,0.4986666666666667,0.042735042735042736,0.9143013848896205
15,30,1,9.333333333333334,0.5023333333333334,0.042735042735042736,0.9149269222261924
15,30,1,9.333333333333334,0.506,0.042735042735042736,0.9155433938042633
15,30,1,9.333333333333334,0.5096666666666667,0.042735042735042736,0.9161509952876858
15,30,1,9.333333333333334,0.5133333333333334,0.042735042735042736,0.9167499167499169
15,30,1,9.333333333333334,0.517,0.042735042735042736,0.9173403428722576
15,30,1,9.333333333333334,0.5206666666666667,0.042735042735042736,0.9179224531337208
15,30,1,9.333333333333334,0.5243333333333334,0.042735042735042736,0.9184964219929256
15,30,1,9.333333333333334,0.528,0.042735042735042736,0.9190624190624189
15,30,1,9.333333333333334,0.5316666666666667,0.042735042735042736,0.9196206092757816
15,30,1,9.333333333333334,0.5353333333333334,0.042735042735042736,0.9201711530478656
15,30,1,9.333333333333334,0.539,0.042735042735042736,0.9207142064284921
15,30,1,9.333333333333334,0.5426666666666667,0.042735042735042736,0.9212499212499212
15,30,1,9.333333333333334,0.5463333333333333,0.042735042735042736,0.9217784452683782
15,30,1,9.333333333333334,0.55,0.042735042735042736,0.9222999222999224
16,30,1,9.375,0.0,0.04255319148936171,0.0
16,30,1,9.375,0.003666666666666667,0.04255319148936171,0.0
16,30,1,9.375,0.007333333333333334,0.04255319148936171,6.583099497624467e-15
16,30,1,9.375,0.011000000000000001,0.04255319148936171,2.930988785010363e-18
16,30,1,9.375,0.014666666666666668,0.04255319148936171,1.953992523340234e-18
16,30,1,9.375,0.018333333333333333,0.04255319148936171,2.4180558791199646e-15
16,30,1,9.375,0.022000000000000002,0.04255319148936171,3.722778802341423e-16
16,30,1,9.375,0.02566666666666667,0.04255319148936171,2.93167082894427e-13
16,30,1,9.375,0.029333333333333336,0.04255319148936171,2.5116167293469023e-10
16,30,1,9.375,0.033,0.04255319148936171,1.0719659275412743e-07
16,30,1,9.375,0.03666666666666667,0.04255319148936171,2.394487755407008e-05
16,30,1,9.375,0.04033333333333334,0.04255319148936171,0.002293929327300104
16,30,1,9.375,0.044000000000000004,0.04255319148936171,0.037810018396102554
16,30,1,9.375,0.04766666666666667,0.04255319148936171,0.10737247808760705
16,30,1,9.375,0.05133333333333334,0.04255319148936171,0.17104307976271343
16,30,1,9.375,0.05500000000000001,0.04255319148936171,0.22630562867660295
16,30,1,9.375,0.05866666666666667,0.04255319148936171,0.2746615090086298
16,30,1,9.375,0.06233333333333334,0.04255319148936171,0.3173284787856232
16,30,1,9.375,0.066,0.04255319148936171,0.35525467440371455
16,30,1,9.375,0.06966666666666667,0.04255319148936171,0.3891886389086929
16,30,1,9.375,0.07333333333333333,0.04255319148936171,0.41972920696325916
16,30,1,9.375,0.07700000000000001,0.04255319148936171,0.44736114948881534
16,30,1,9.375,0.08066666666666668,0.04255319148936171,0.4724810972393242
16,30,1,9.375,0.08433333333333334,0.04255319148936171,0.4954167017071854
16,30,1,9.375,0.08800000000000001,0.04255319148936171,0.5164410058027147
16,30,1,9.375,0.09166666666666667,0.04255319148936171,0.5357833655706046
16,30,1,9.375,0.09533333333333334,0.04255319148936171,0.5536378515101967
16,30,1,9.375,0.099,0.04255319148936171,0.5701697829357459
16,30,1,9.375,0.10266666666666668,0.04255319148936171,0.5855208621166154
16,30,1,9.375,0.10633333333333335,0.04255319148936171,0.5998132461815535
16,30,1,9.375,0.11000000000000001,0.04255319148936171,0.6131528046421703
16,30,1,9.375,0.11366666666666668,0.04255319148936171,0.6256317464279139
16,30,1,9.375,0.11733333333333335,0.04255319148936171,0.6373307543520339
16,30,1,9.375,0.12100000000000001,0.04255319148936171,0.6483207314928896
16,30,1,9.375,0.12466666666666668,0.04255319148936171,0.6586642393901501
16,30,1,9.375,0.12833333333333335,0.04255319148936171,0.6684166896932866
16,30,1,9.375,0.132,0.04255319148936171,0.6776273372018111
16,30,1,9.375,0.13566666666666669,0.04255319148936171,0.6863401118720289
16,30,1,9.375,0.13933333333333334,0.04255319148936171,0.6945943194543427
16,30,1,9.375,0.14300000000000002,0.04255319148936171,0.7024252343401349
16,30,1,9.375,0.14666666666666667,0.04255319148936171,0.7098646034816273
16,30,1,9.375,0.15033333333333335,0.04255319148936171,0.7169410765674397
16,30,1,9.375,0.15400000000000003,0.04255319148936171,0.7236805747444175
16,30,1,9.375,0.15766666666666668,0.04255319148936171,0.7301066078898893
16,30,1,9.375,0.16133333333333336,0.04255319148936171,0.7362405486196613
16,30,1,9.375,0.165,0.04255319148936171,0.7421018697614454
16,30,1,9.375,0.1686666666666667,0.04255319148936171,0.7477083508535873
16,30,1,9.375,0.17233333333333334,0.04255319148936171,0.753076258282245
16,30,1,9.375,0.17600000000000002,0.04255319148936171,0.7582205029013593
16,30,1,9.375,0.1796666666666667,0.04255319148936171,0.7631547783523492
16,30,1,9.375,0.18333333333333335,0.04255319148936171,0.7678916827853007
16,30,1,9.375,0.18700000000000003,0.04255319148936171,0.7724428262600985
16,30,1,9.375,0.19066666666666668,0.04255319148936171,0.7768189257550961
16,30,1,9.375,0.19433333333333336,0.04255319148936171,0.7810298894201073
16,30,1,9.375,0.198,0.04255319148936171,0.7850848914678775
16,30,1,9.375,0.2016666666666667,0.04255319148936171,0.7889924388957311
16,30,1,9.375,0.20533333333333337,0.04255319148936171,0.7927604310583056
16,30,1,9.375,0.20900000000000002,0.04255319148936171,0.7963962129695623
16,30,1,9.375,0.2126666666666667,0.04255319148936171,0.7999066230907762
16,30,1,9.375,0.21633333333333335,0.04255319148936171,0.8032980362587291
16,30,1,9.375,0.22000000000000003,0.04255319148936171,0.8065764023210833
16,30,1,9.375,0.22366666666666668,0.04255319148936171,0.8097472809715576
16,30,1,9.375,0.22733333333333336,0.04255319148936171,0.8128158732139616
16,30,1,9.375,0.231,0.04255319148936171,0.815787049829609
16,30,1,9.375,0.2346666666666667,0.04255319148936171,0.8186653771760188
16,30,1,9.375,0.23833333333333337,0.04255319148936171,0.8214551406040789
16,30,1,9.375,0.24200000000000002,0.04255319148936171,0.8241603657464406
16,30,1,9.375,0.2456666666666667,0.04255319148936171,0.8267848378994782
16,30,1,9.375,0.24933333333333335,0.04255319148936171,0.8293321196950739
16,30,1,9.375,0.253,0.04255319148936171,0.831805567235725
16,30,1,9.375,0.2566666666666667,0.04255319148936171,0.834208344846643
16,30,1,9.375,0.26033333333333336,0.04255319148936171,0.8365434385811972
16,30,1,9.375,0.264,0.04255319148936171,0.8388136686009026
16,30,1,9.375,0.2676666666666667,0.04255319148936171,0.8410217005378766
16,30,1,9.375,0.27133333333333337,0.04255319148936171,0.8431700559360231
16,30,1,9.375,0.275,0.04255319148936171,0.8452611218568727
16,30,1,9.375,0.2786666666666667,0.04255319148936171,0.8472971597271748
16,30,1,9.375,0.2823333333333334,0.04255319148936171,0.8492803134969505
16,30,1,9.375,0.28600000000000003,0.04255319148936171,0.8512126171700656
16,30,1,9.375,0.2896666666666667,0.04255319148936171,0.853096001762849
16,30,1,9.375,0.29333333333333333,0.04255319148936171,0.8549323017408131
16,30,1,9.375,0.29700000000000004,0.04255319148936171,0.8567232609785808
16,30,1,9.375,0.3006666666666667,0.04255319148936171,0.8584705382837199
16,30,1,9.375,0.30433333333333334,0.04255319148936171,0.8601757125212652
16,30,1,9.375,0.30800000000000005,0.04255319148936171,0.8618402873722024
16,30,1,9.375,0.3116666666666667,0.04255319148936171,0.8634656957560588
16,30,1,9.375,0.31533333333333335,0.04255319148936171,0.865053303944942
16,30,1,9.375,0.319,0.04255319148936171,0.8666044153938504
16,30,1,9.375,0.3226666666666667,0.04255319148936171,0.8681202743098295
16,30,1,9.375,0.32633333333333336,0.04255319148936171,0.8696020689805055
16,30,1,9.375,0.33,0.04255319148936171,0.871050934880722
16,30,1,9.375,0.3336666666666667,0.04255319148936171,0.8724679575743405
16,30,1,9.375,0.3373333333333334,0.04255319148936171,0.8738541754268008
16,30,1,9.375,0.341,0.04255319148936171,0.8752105821426401
16,30,1,9.375,0.3446666666666667,0.04255319148936171,0.8765381291411211
16,30,1,9.375,0.3483333333333334,0.04255319148936171,0.8778377277817397
16,30,1,9.375,0.35200000000000004,0.04255319148936171,0.8791102514506789
16,30,1,9.375,0.3556666666666667,0.04255319148936171,0.8803565375181973
16,30,1,9.375,0.3593333333333334,0.04255319148936171,0.8815773891761743
16,30,1,9.375,0.36300000000000004,0.04255319148936171,0.8827735771642934
16,30,1,9.375,0.3666666666666667,0.04255319148936171,0.8839458413926502
16,30,1,9.375,0.37033333333333335,0.04255319148936171,0.8850948924679705
16,30,1,9.375,0.37400000000000005,0.04255319148936171,0.8862214131300493
16,30,1,9.375,0.3776666666666667,0.04255319148936171,0.8873260596045145
16,30,1,9.375,0.38133333333333336,0.04255319148936171,0.8884094628775482
16,30,1,9.375,0.38500000000000006,0.04255319148936171,0.8894722298977621
16,30,1,9.375,0.3886666666666667,0.04255319148936171,0.8905149447100471
16,30,1,9.375,0.39233333333333337,0.04255319148936171,0.891538169525841
16,30,1,9.375,0.396,0.04255319148936171,0.8925424457339353
16,30,1,9.375,0.3996666666666667,0.04255319148936171,0.8935282948556423
16,30,1,9.375,0.4033333333333334,0.04255319148936171,0.8944962194478635
16,30,1,9.375,0.40700000000000003,0.04255319148936171,0.8954467039573423
16,30,1,9.375,0.41066666666666674,0.04255319148936171,0.8963802155291516
16,30,1,9.375,0.4143333333333334,0.04255319148936171,0.8972972047722565
16,30,1,9.375,0.41800000000000004,0.04255319148936171,0.8981981064847806
16,30,1,9.375,0.4216666666666667,0.04255319148936171,0.8990833403414348
16,30,1,9.375,0.4253333333333334,0.04255319148936171,0.8999533115453878
16,30,1,9.375,0.42900000000000005,0.04255319148936171,0.9008084114467094
16,30,1,9.375,0.4326666666666667,0.04255319148936171,0.9016490181293644
16,30,1,9.375,0.43633333333333335,0.04255319148936171,0.9024754969686132
16,30,1,9.375,0.44000000000000006,0.04255319148936171,0.9032882011605414
16,30,1,9.375,0.4436666666666667,0.04255319148936171,0.9040874722253305
16,30,1,9.375,0.44733333333333336,0.04255319148936171,0.9048736404857838
16,30,1,9.375,0.45100000000000007,0.04255319148936171,0.9056470255224843
16,30,1,9.375,0.4546666666666667,0.04255319148936171,0.9064079366069794
16,30,1,9.375,0.45833333333333337,0.04255319148936171,0.9071566731141226
16,30,1,9.375,0.462,0.04255319148936171,0.9078935249148036
16,30,1,9.375,0.46566666666666673,0.04255319148936171,0.9086187727501197
16,30,1,9.375,0.4693333333333334,0.04255319148936171,0.9093326885880092
16,30,1,9.375,0.47300000000000003,0.04255319148936171,0.9100355359632954
16,30,1,9.375,0.47666666666666674,0.04255319148936171,0.9107275703020393
16,30,1,9.375,0.4803333333333334,0.04255319148936171,0.9114090392310311
16,30,1,9.375,0.48400000000000004,0.04255319148936171,0.9120801828732198
16,30,1,9.375,0.4876666666666667,0.04255319148936171,0.9127412341298123
16,30,1,9.375,0.4913333333333334,0.04255319148936171,0.9133924189497391
16,30,1,9.375,0.49500000000000005,0.04255319148936171,0.9140339565871484
16,30,1,9.375,0.4986666666666667,0.04255319148936171,0.9146660598475368
16,30,1,9.375,0.5023333333333334,0.04255319148936171,0.9152889353231023
16,30,1,9.375,0.506,0.04255319148936171,0.9159027836178626
16,30,1,9.375,0.5096666666666667,0.04255319148936171,0.9165077995630577
16,30,1,9.375,0.5133333333333334,0.04255319148936171,0.9171041724233214
16,30,1,9.375,0.517,0.04255319148936171,0.9176920860940779
16,30,1,9.375,0.5206666666666667,0.04255319148936171,0.9182717192905986
16,30,1,9.375,0.5243333333333334,0.04255319148936171,0.9188432457291259
16,30,1,9.375,0.528,0.04255319148936171,0.9194068343004514
16,30,1,9.375,0.5316666666666667,0.04255319148936171,0.9199626492363103
16,30,1,9.375,0.5353333333333334,0.04255319148936171,0.9205108502689383
16,30,1,9.375,0.539,0.04255319148936171,0.9210515927841156
16,30,1,9.375,0.5426666666666667,0.04255319148936171,0.9215850279680067
16,30,1,9.375,0.5463333333333333,0.04255319148936171,0.9221113029480873
16,30,1,9.375,0.55,0.04255319148936171,0.9226305609284331
17,30,1,9.411764705882353,0.0,0.04239401496259352,0.0
17,30,1,9.411764705882353,0.003666666666666667,0.04239401496259352,0.0
17,30,1,9.411764705882353,0.007333333333333334,0.04239401496259352,0.0
17,30,1,9.411764705882353,0.011000000000000001,0.04239401496259352,2.9309887850103555e-18
17,30,1,9.411764705882353,0.014666666666666668,0.04239401496259352,1.3037422993041526e-15
17,30,1,9.411764705882353,0.018333333333333333,0.04239401496259352,7.411108765301303e-16
17,30,1,9.411764705882353,0.022000000000000002,0.04239401496259352,7.769548523477533e-18
17,30,1,9.411764705882353,0.02566666666666667,0.04239401496259352,3.535105040945879e-13
17,30,1,9.411764705882353,0.029333333333333336,0.04239401496259352,3.0412827220009204e-10
17,30,1,9.411764705882353,0.033,0.04239401496259352,1.3005775810707215e-07
17,30,1,9.411764705882353,0.03666666666666667,0.04239401496259352,2.893632185090675e-05
17,30,1,9.411764705882353,0.04033333333333334,0.04239401496259352,0.0026902545631164866
17,30,1,9.411764705882353,0.044000000000000004,0.04239401496259352,0.04071675083421256
17,30,1,9.411764705882353,0.04766666666666667,0.04239401496259352,0.11069383322941252
17,30,1,9.411764705882353,0.05133333333333334,0.04239401496259352,0.1741436480486345
17,30,1,9.411764705882353,0.05500000000000001,0.04239401496259352,0.22919974325504627
17,30,1,9.411764705882353,0.05866666666666667,0.04239401496259352,0.27737474519385114
17,30,1,9.411764705882353,0.06233333333333334,0.04239401496259352,0.3198821129036991
17,30,1,9.411764705882353,0.066,0.04239401496259352,0.35766643996078423
17,30,1,9.411764705882353,0.06966666666666667,0.04239401496259352,0.3914734694364639
17,30,1,9.411764705882353,0.07333333333333333,0.04239401496259352,0.4218997959646415
17,30,1,9.411764705882353,0.07700000000000001,0.04239401496259352,0.44942837710917993
17,30,1,9.411764705882353,0.08066666666666668,0.04239401496259352,0.47445435996785457
17,30,1,9.411764705882353,0.08433333333333334,0.04239401496259352,0.4973041704040392
17,30,1,9.411764705882353,0.08800000000000001,0.04239401496259352,0.5182498299705338
17,30,1,9.411764705882353,0.09166666666666667,0.04239401496259352,0.5375198367717114
17,30,1,9.411764705882353,0.09533333333333334,0.04239401496259352,0.5553075353574145
17,30,1,9.411764705882353,0.099,0.04239401496259352,0.571777626640474
17,30,1,9.411764705882353,0.10266666666666668,0.04239401496259352,0.5870712828318888
17,30,1,9.411764705882353,0.10633333333333335,0.04239401496259352,0.6013102041135422
17,30,1,9.411764705882353,0.11000000000000001,0.04239401496259352,0.614599863976426
17,30,1,9.411764705882353,0.11366666666666668,0.04239401496259352,0.6270321264288053
17,30,1,9.411764705882353,0.11733333333333335,0.04239401496259352,0.6386873724778989
17,30,1,9.411764705882353,0.12100000000000001,0.04239401496259352,0.6496362399785756
17,30,1,9.411764705882353,0.12466666666666668,0.04239401496259352,0.6599410564497877
17,30,1,9.411764705882353,0.12833333333333335,0.04239401496259352,0.669657026265506
17,30,1,9.411764705882353,0.132,0.04239401496259352,0.6788332199803573
17,30,1,9.411764705882353,0.13566666666666669,0.04239401496259352,0.6875134032241285
17,30,1,9.411764705882353,0.13933333333333334,0.04239401496259352,0.6957367347182292
17,30,1,9.411764705882353,0.14300000000000002,0.04239401496259352,0.7035383569049463
17,30,1,9.411764705882353,0.14666666666666667,0.04239401496259352,0.7109498979823194
17,30,1,9.411764705882353,0.15033333333333335,0.04239401496259352,0.7179999004705541
17,30,1,9.411764705882353,0.15400000000000003,0.04239401496259352,0.7247141885545991
17,30,1,9.411764705882353,0.15766666666666668,0.04239401496259352,0.7311161841696023
17,30,1,9.411764705882353,0.16133333333333336,0.04239401496259352,0.7372271799839267
17,30,1,9.411764705882353,0.165,0.04239401496259352,0.7430665759842826
17,30,1,9.411764705882353,0.1686666666666667,0.04239401496259352,0.7486520852020152
17,30,1,9.411764705882353,0.17233333333333334,0.04239401496259352,0.7539999131764499
17,30,1,9.411764705882353,0.17600000000000002,0.04239401496259352,0.759124914985269
17,30,1,9.411764705882353,0.1796666666666667,0.04239401496259352,0.7640407330467918
17,30,1,9.411764705882353,0.18333333333333335,0.04239401496259352,0.7687599183858548
17,30,1,9.411764705882353,0.18700000000000003,0.04239401496259352,0.7732940376331903
17,30,1,9.411764705882353,0.19066666666666668,0.04239401496259352,0.7776537676787056
17,30,1,9.411764705882353,0.19433333333333336,0.04239401496259352,0.7818489796093079
17,30,1,9.411764705882353,0.198,0.04239401496259352,0.7858888133202413
17,30,1,9.411764705882353,0.2016666666666667,0.04239401496259352,0.7897817439871431
17,30,1,9.411764705882353,0.20533333333333337,0.04239401496259352,0.7935356414159426
17,30,1,9.411764705882353,0.20900000000000002,0.04239401496259352,0.7971578231454866
17,30,1,9.411764705882353,0.2126666666666667,0.04239401496259352,0.8006551020567709
17,30,1,9.411764705882353,0.21633333333333335,0.04239401496259352,0.8040338291405542
17,30,1,9.411764705882353,0.22000000000000003,0.04239401496259352,0.8072999319882115
17,30,1,9.411764705882353,0.22366666666666668,0.04239401496259352,0.8104589494966158
17,30,1,9.411764705882353,0.22733333333333336,0.04239401496259352,0.8135160632144068
17,30,1,9.411764705882353,0.231,0.04239401496259352,0.8164761257030636
17,30,1,9.411764705882353,0.2346666666666667,0.04239401496259352,0.8193436862389513
17,30,1,9.411764705882353,0.23833333333333337,0.04239401496259352,0.8221230141429661
17,30,1,9.411764705882353,0.24200000000000002,0.04239401496259352,0.8248181199892841
17,30,1,9.411764705882353,0.2456666666666667,0.04239401496259352,0.8274327749148166
17,30,1,9.411764705882353,0.24933333333333335,0.04239401496259352,0.8299705282248925
17,30,1,9.411764705882353,0.253,0.04239401496259352,0.8324347234680102
17,30,1,9.411764705882353,0.2566666666666667,0.04239401496259352,0.8348285131327527
17,30,1,9.411764705882353,0.26033333333333336,0.04239401496259352,0.8371548721027138
17,30,1,9.411764705882353,0.264,0.04239401496259352,0.8394166099901761
17,30,1,9.411764705882353,0.2676666666666667,0.04239401496259352,0.8416163824560763
17,30,1,9.411764705882353,0.27133333333333337,0.04239401496259352,0.843756701612072
17,30,1,9.411764705882353,0.275,0.04239401496259352,0.8458399455905746
17,30,1,9.411764705882353,0.2786666666666667,0.04239401496259352,0.8478683673591176
17,30,1,9.411764705882353,0.2823333333333334,0.04239401496259352,0.8498441028479592
17,30,1,9.411764705882353,0.28600000000000003,0.04239401496259352,0.8517691784524716
17,30,1,9.411764705882353,0.2896666666666667,0.04239401496259352,0.853645517965731
17,30,1,9.411764705882353,0.29333333333333333,0.04239401496259352,0.8554749489911592
17,30,1,9.411764705882353,0.29700000000000004,0.04239401496259352,0.8572592088801567
17,30,1,9.411764705882353,0.3006666666666667,0.04239401496259352,0.8589999502352769
17,30,1,9.411764705882353,0.30433333333333334,0.04239401496259352,0.8606987460155747
17,30,1,9.411764705882353,0.30800000000000005,0.04239401496259352,0.8623570942772938
17,30,1,9.411764705882353,0.3116666666666667,0.04239401496259352,0.8639764225799139
17,30,1,9.411764705882353,0.31533333333333335,0.04239401496259352,0.8655580920847986
17,30,1,9.411764705882353,0.319,0.04239401496259352,0.8671034013711804
17,30,1,9.411764705882353,0.3226666666666667,0.04239401496259352,0.8686135899919623
17,30,1,9.411764705882353,0.32633333333333336,0.04239401496259352,0.8700898417898054
17,30,1,9.411764705882353,0.33,0.04239401496259352,0.8715332879921409
17,30,1,9.411764705882353,0.3336666666666667,0.04239401496259352,0.8729450101021269
17,30,1,9.411764705882353,0.3373333333333334,0.04239401496259352,0.8743260426010148
17,30,1,9.411764705882353,0.341,0.04239401496259352,0.8756773754762704
17,30,1,9.411764705882353,0.3446666666666667,0.04239401496259352,0.8769999565882234
17,30,1,9.411764705882353,0.3483333333333334,0.04239401496259352,0.8782946938872939
17,30,1,9.411764705882353,0.35200000000000004,0.04239401496259352,0.8795624574926338
17,30,1,9.411764705882353,0.3556666666666667,0.04239401496259352,0.8808040816421936
17,30,1,9.411764705882353,0.3593333333333334,0.04239401496259352,0.8820203665233954
17,30,1,9.411764705882353,0.36300000000000004,0.04239401496259352,0.8832120799928562
17,30,1,9.411764705882353,0.3666666666666667,0.04239401496259352,0.8843799591929273
17,30,1,9.411764705882353,0.37033333333333335,0.04239401496259352,0.8855247120722051
17,30,1,9.411764705882353,0.37400000000000005,0.04239401496259352,0.8866470188165951
17,30,1,9.411764705882353,0.3776666666666667,0.04239401496259352,0.8877475331970166
17,30,1,9.411764705882353,0.38133333333333336,0.04239401496259352,0.8888268838393528
17,30,1,9.411764705882353,0.38500000000000006,0.04239401496259352,0.889885675421835
17,30,1,9.411764705882353,0.3886666666666667,0.04239401496259352,0.890924489804648
17,30,1,9.411764705882353,0.39233333333333337,0.04239401496259352,0.8919438870961931
17,30,1,9.411764705882353,0.396,0.04239401496259352,0.8929444066601174
17,30,1,9.411764705882353,0.3996666666666667,0.04239401496259352,0.8939265680669054
17,30,1,9.411764705882353,0.4033333333333334,0.04239401496259352,0.8948908719935698
17,30,1,9.411764705882353,0.40700000000000003,0.04239401496259352,0.8958378010747088
17,30,1,9.411764705882353,0.41066666666666674,0.04239401496259352,0.8967678207079703
17,30,1,9.411764705882353,0.4143333333333334,0.04239401496259352,0.8976813798167493
17,30,1,9.411764705882353,0.41800000000000004,0.04239401496259352,0.8985789115727428
17,30,1,9.411764705882353,0.4216666666666667,0.04239401496259352,0.899460834080806
17,30,1,9.411764705882353,0.4253333333333334,0.04239401496259352,0.9003275510283854
17,30,1,9.411764705882353,0.42900000000000005,0.04239401496259352,0.9011794523016466
17,30,1,9.411764705882353,0.4326666666666667,0.04239401496259352,0.902016914570277
17,30,1,9.411764705882353,0.43633333333333335,0.04239401496259352,0.9028403018427956
17,30,1,9.411764705882353,0.44000000000000006,0.04239401496259352,0.9036499659941056
17,30,1,9.411764705882353,0.4436666666666667,0.04239401496259352,0.9044462472668815
17,30,1,9.411764705882353,0.44733333333333336,0.04239401496259352,0.9052294747483052
17,30,1,9.411764705882353,0.45100000000000007,0.04239401496259352,0.9059999668235218
17,30,1,9.411764705882353,0.4546666666666667,0.04239401496259352,0.9067580316072021
17,30,1,9.411764705882353,0.45833333333333337,0.04239401496259352,0.9075039673543437
17,30,1,9.411764705882353,0.462,0.04239401496259352,0.908238062851531
17,30,1,9.411764705882353,0.46566666666666673,0.04239401496259352,0.9089605977897077
17,30,1,9.411764705882353,0.4693333333333334,0.04239401496259352,0.9096718431194752
17,30,1,9.411764705882353,0.47300000000000003,0.04239401496259352,0.9103720613898665
17,30,1,9.411764705882353,0.47666666666666674,0.04239401496259352,0.9110615070714826
17,30,1,9.411764705882353,0.4803333333333334,0.04239401496259352,0.9117404268648301
17,30,1,9.411764705882353,0.48400000000000004,0.04239401496259352,0.9124090599946417
17,30,1,9.411764705882353,0.4876666666666667,0.04239401496259352,0.9130676384909228
17,30,1,9.411764705882353,0.4913333333333334,0.04239401496259352,0.9137163874574085
17,30,1,9.411764705882353,0.49500000000000005,0.04239401496259352,0.914355525328094
17,30,1,9.411764705882353,0.4986666666666667,0.04239401496259352,0.9149852641124462
17,30,1,9.411764705882353,0.5023333333333334,0.04239401496259352,0.9156058096298737
17,30,1,9.411764705882353,0.506,0.04239401496259352,0.916217361734005
17,30,1,9.411764705882353,0.5096666666666667,0.04239401496259352,0.9168201145272854
17,30,1,9.411764705882353,0.5133333333333334,0.04239401496259352,0.9174142565663763
17,30,1,9.411764705882353,0.517,0.04239401496259352,0.9179999710588133
17,30,1,9.411764705882353,0.5206666666666667,0.04239401496259352,0.918577436051357
17,30,1,9.411764705882353,0.5243333333333334,0.04239401496259352,0.9191468246104383
17,30,1,9.411764705882353,0.528,0.04239401496259352,0.919708304995088
17,30,1,9.411764705882353,0.5316666666666667,0.04239401496259352,0.9202620408227081
17,30,1,9.411764705882353,0.5353333333333334,0.04239401496259352,0.9208081912280324
17,30,1,9.411764705882353,0.539,0.04239401496259352,0.9213469110155965
17,30,1,9.411764705882353,0.5426666666666667,0.04239401496259352,0.9218783508060316
17,30,1,9.411764705882353,0.5463333333333333,0.04239401496259352,0.9224026571764609
17,30,1,9.411764705882353,0.55,0.04239401496259352,0.9229199727952845
18,30,1,9.444444444444445,0.0,0.04225352112676057,0.0
18,30,1,9.444444444444445,0.003666666666666667,0.04225352112676057,6.371436711560819e-15
18,30,1,9.444444444444445,0.007333333333333334,0.04225352112676057,1.8670555297884524e-16
18,30,1,9.444444444444445,0.011000000000000001,0.04225352112676057,4.281296885638394e-15
18,30,1,9.444444444444445,0.014666666666666668,0.04225352112676057,1.9539925233402248e-18
18,30,1,9.444444444444445,0.018333333333333333,0.04225352112676057,1.816472499799267e-25
18,30,1,9.444444444444445,0.022000000000000002,0.04225352112676057,9.039603915179542e-18
18,30,1,9.444444444444445,0.02566666666666667,0.04225352112676057,4.1850161930247906e-13
18,30,1,9.444444444444445,0.029333333333333336,0.04225352112676057,3.6032737248546185e-10
18,30,1,9.444444444444445,0.033,0.04225352112676057,1.5434818781335194e-07
18,30,1,9.444444444444445,0.03666666666666667,0.04225352112676057,3.420836084469269e-05
18,30,1,9.444444444444445,0.04033333333333334,0.04225352112676057,0.003091421612954077
18,30,1,9.444444444444445,0.044000000000000004,0.04225352112676057,0.04335497571281205
18,30,1,9.444444444444445,0.04766666666666667,0.04225352112676057,0.11362805106639219
18,30,1,9.444444444444445,0.05133333333333334,0.04225352112676057,0.17688034481590778
18,30,1,9.444444444444445,0.05500000000000001,0.04225352112676057,0.23175417373163013
18,30,1,9.444444444444445,0.05866666666666667,0.04225352112676057,0.27976952643969927
18,30,1,9.444444444444445,0.06233333333333334,0.04225352112676057,0.32213602470767067
18,30,1,9.444444444444445,0.066,0.04225352112676057,0.35979513444308553
18,30,1,9.444444444444445,0.06966666666666667,0.04225352112676057,0.393490127367079
18,30,1,9.444444444444445,0.07333333333333333,0.04225352112676057,0.42381562099872555
18,30,1,9.444444444444445,0.07700000000000001,0.04225352112676057,0.45125297237973694
18,30,1,9.444444444444445,0.08066666666666668,0.04225352112676057,0.4761960190897492
18,30,1,9.444444444444445,0.08433333333333334,0.04225352112676057,0.498970105216286
18,30,1,9.444444444444445,0.08800000000000001,0.04225352112676057,0.5198463508322708
18,30,1,9.444444444444445,0.09166666666666667,0.04225352112676057,0.539052496798979
18,30,1,9.444444444444445,0.09533333333333334,0.04225352112676057,0.5567812469220953
18,30,1,9.444444444444445,0.099,0.04225352112676057,0.573196756295352
18,30,1,9.444444444444445,0.10266666666666668,0.04225352112676057,0.5884397292848059
18,30,1,9.444444444444445,0.10633333333333335,0.04225352112676057,0.6026314627577496
18,30,1,9.444444444444445,0.11000000000000001,0.04225352112676057,0.615877080665816
18,30,1,9.444444444444445,0.11366666666666668,0.04225352112676057,0.6282681425798272
18,30,1,9.444444444444445,0.11733333333333335,0.04225352112676057,0.6398847631242018
18,30,1,9.444444444444445,0.12100000000000001,0.04225352112676057,0.6507973460598384
18,30,1,9.444444444444445,0.12466666666666668,0.04225352112676057,0.6610680123521906
18,30,1,9.444444444444445,0.12833333333333335,0.04225352112676057,0.6707517834278531
18,30,1,9.444444444444445,0.132,0.04225352112676057,0.6798975672215154
18,30,1,9.444444444444445,0.13566666666666669,0.04225352112676057,0.688548984323634
18,30,1,9.444444444444445,0.13933333333333334,0.04225352112676057,0.6967450636835495
18,30,1,9.444444444444445,0.14300000000000002,0.04225352112676057,0.7045208312813999
18,30,1,9.444444444444445,0.14666666666666667,0.04225352112676057,0.7119078104993618
18,30,1,9.444444444444445,0.15033333333333335,0.04225352112676057,0.7189344492676687
18,30,1,9.444444444444445,0.15400000000000003,0.04225352112676057,0.7256264861898769
18,30,1,9.444444444444445,0.15766666666666668,0.04225352112676057,0.7320072655808044
18,30,1,9.444444444444445,0.16133333333333336,0.04225352112676057,0.7380980095448745
18,30,1,9.444444444444445,0.165,0.04225352112676057,0.7439180537772095
18,30,1,9.444444444444445,0.1686666666666667,0.04225352112676057,0.7494850526081394
18,30,1,9.444444444444445,0.17233333333333334,0.04225352112676057,0.7548151578718044
18,30,1,9.444444444444445,0.17600000000000002,0.04225352112676057,0.7599231754161375
18,30,1,9.444444444444445,0.1796666666666667,0.04225352112676057,0.7648227024484592
18,30,1,9.444444444444445,0.18333333333333335,0.04225352112676057,0.7695262483994888
18,30,1,9.444444444444445,0.18700000000000003,0.04225352112676057,0.7740453415681258
18,30,1,9.444444444444445,0.19066666666666668,0.04225352112676057,0.7783906234610461
18,30,1,9.444444444444445,0.19433333333333336,0.04225352112676057,0.7825719324523576
18,30,1,9.444444444444445,0.198,0.04225352112676057,0.7865983781476796
18,30,1,9.444444444444445,0.2016666666666667,0.04225352112676057,0.7904784076359012
18,30,1,9.444444444444445,0.20533333333333337,0.04225352112676057,0.7942198646424017
18,30,1,9.444444444444445,0.20900000000000002,0.04225352112676057,0.797830042455692
18,30,1,9.444444444444445,0.2126666666666667,0.04225352112676057,0.8013157313788696
18,30,1,9.444444444444445,0.21633333333333335,0.04225352112676057,0.8046832613554983
18,30,1,9.444444444444445,0.22000000000000003,0.04225352112676057,0.8079385403329069
18,30,1,9.444444444444445,0.22366666666666668,0.04225352112676057,0.8110870888520522
18,30,1,9.444444444444445,0.22733333333333336,0.04225352112676057,0.8141340712899175
18,30,1,9.444444444444445,0.231,0.04225352112676057,0.8170843241265823
18,30,1,9.444444444444445,0.2346666666666667,0.04225352112676057,0.8199423815621024
18,30,1,9.444444444444445,0.23833333333333337,0.04225352112676057,0.8227124987688386
18,30,1,9.444444444444445,0.24200000000000002,0.04225352112676057,0.825398673029916
18,30,1,9.444444444444445,0.2456666666666667,0.04225352112676057,0.8280046629846931
18,30,1,9.444444444444445,0.24933333333333335,0.04225352112676057,0.8305340061760943
18,30,1,9.444444444444445,0.253,0.04225352112676057,0.8329900350720927
18,30,1,9.444444444444445,0.2566666666666667,0.04225352112676057,0.83537589171392
18,30,1,9.444444444444445,0.26033333333333336,0.04225352112676057,0.8376945411263998
18,30,1,9.444444444444445,0.264,0.04225352112676057,0.8399487836107555
18,30,1,9.444444444444445,0.2676666666666667,0.04225352112676057,0.8421412660270576
18,30,1,9.444444444444445,0.27133333333333337,0.04225352112676057,0.8442744921618235
18,30,1,9.444444444444445,0.275,0.04225352112676057,0.8463508322663302
18,30,1,9.444444444444445,0.2786666666666667,0.04225352112676057,0.8483725318417715
18,30,1,9.444444444444445,0.2823333333333334,0.04225352112676057,0.8503417197399292
18,30,1,9.444444444444445,0.28600000000000003,0.04225352112676057,0.8522604156406988
18,30,1,9.444444444444445,0.2896666666666667,0.04225352112676057,0.8541305369617019
18,30,1,9.444444444444445,0.29333333333333333,0.04225352112676057,0.8559539052496806
18,30,1,9.444444444444445,0.29700000000000004,0.04225352112676057,0.8577322520984495
18,30,1,9.444444444444445,0.3006666666666667,0.04225352112676057,0.8594672246338342
18,30,1,9.444444444444445,0.30433333333333334,0.04225352112676057,0.8611603906021014
18,30,1,9.444444444444445,0.30800000000000005,0.04225352112676057,0.8628132430949333
18,30,1,9.444444444444445,0.3116666666666667,0.04225352112676057,0.8644272049408753
18,30,1,9.444444444444445,0.31533333333333335,0.04225352112676057,0.8660036327903999
18,30,1,9.444444444444445,0.319,0.04225352112676057,0.8675438209192458
18,30,1,9.444444444444445,0.3226666666666667,0.04225352112676057,0.8690490047724363
18,30,1,9.444444444444445,0.32633333333333336,0.04225352112676057,0.8705203642693752
18,30,1,9.444444444444445,0.33,0.04225352112676057,0.8719590268886045
18,30,1,9.444444444444445,0.3336666666666667,0.04225352112676057,0.8733660705491777
18,30,1,9.444444444444445,0.3373333333333334,0.04225352112676057,0.8747425263040761
18,30,1,9.444444444444445,0.341,0.04225352112676057,0.8760893808599445
18,30,1,9.444444444444445,0.3446666666666667,0.04225352112676057,0.8774075789359012
18,30,1,9.444444444444445,0.3483333333333334,0.04225352112676057,0.8786980254734168
18,30,1,9.444444444444445,0.35200000000000004,0.04225352112676057,0.8799615877080683
18,30,1,9.444444444444445,0.3556666666666667,0.04225352112676057,0.881199097113139
18,30,1,9.444444444444445,0.3593333333333334,0.04225352112676057,0.8824113512242292
18,30,1,9.444444444444445,0.36300000000000004,0.04225352112676057,0.8835991153532774
18,30,1,9.444444444444445,0.3666666666666667,0.04225352112676057,0.884763124199744
18,30,1,9.444444444444445,0.37033333333333335,0.04225352112676057,0.8859040833660833
18,30,1,9.444444444444445,0.37400000000000005,0.04225352112676057,0.8870226707840628
18,30,1,9.444444444444445,0.3776666666666667,0.04225352112676057,0.8881195380580039
18,30,1,9.444444444444445,0.38133333333333336,0.04225352112676057,0.8891953117305231
18,30,1,9.444444444444445,0.38500000000000006,0.04225352112676057,0.8902505944759468
18,30,1,9.444444444444445,0.3886666666666667,0.04225352112676057,0.8912859662261737
18,30,1,9.444444444444445,0.39233333333333337,0.04225352112676057,0.8923019852334056
18,30,1,9.444444444444445,0.396,0.04225352112676057,0.8932991890738371
18,30,1,9.444444444444445,0.3996666666666667,0.04225352112676057,0.8942780955960954
18,30,1,9.444444444444445,0.4033333333333334,0.04225352112676057,0.8952392038179491
18,30,1,9.444444444444445,0.40700000000000003,0.04225352112676057,0.8961829947745439
18,30,1,9.444444444444445,0.41066666666666674,0.04225352112676057,0.8971099323212
18,30,1,9.444444444444445,0.4143333333333334,0.04225352112676057,0.8980204638935789
18,30,1,9.444444444444445,0.41800000000000004,0.04225352112676057,0.8989150212278457
18,30,1,9.444444444444445,0.4216666666666667,0.04225352112676057,0.8997940210432555
18,30,1,9.444444444444445,0.4253333333333334,0.04225352112676057,0.9006578656894347
18,30,1,9.444444444444445,0.42900000000000005,0.04225352112676057,0.901506943760465
18,30,1,9.444444444444445,0.4326666666666667,0.04225352112676057,0.9023416306777493
18,30,1,9.444444444444445,0.43633333333333335,0.04225352112676057,0.9031622892434823
18,30,1,9.444444444444445,0.44000000000000006,0.04225352112676057,0.9039692701664535
18,30,1,9.444444444444445,0.4436666666666667,0.04225352112676057,0.9047629125617771
18,30,1,9.444444444444445,0.44733333333333336,0.04225352112676057,0.9055435444260237
18,30,1,9.444444444444445,0.45100000000000007,0.04225352112676057,0.9063114830892265
18,30,1,9.444444444444445,0.4546666666666667,0.04225352112676057,0.9070670356449573
18,30,1,9.444444444444445,0.45833333333333337,0.04225352112676057,0.9078104993597973
18,30,1,9.444444444444445,0.462,0.04225352112676057,0.9085421620632906
18,30,1,9.444444444444445,0.46566666666666673,0.04225352112676057,0.9092623025194849
18,30,1,9.444444444444445,0.4693333333333334,0.04225352112676057,0.9099711907810512
18,30,1,9.444444444444445,0.47300000000000003,0.04225352112676057,0.9106690885269342
18,30,1,9.444444444444445,0.47666666666666674,0.04225352112676057,0.9113562493844191
18,30,1,9.444444444444445,0.4803333333333334,0.04225352112676057,0.912032919236446
18,30,1,9.444444444444445,0.48400000000000004,0.04225352112676057,0.9126993365149579
18,30,1,9.444444444444445,0.4876666666666667,0.04225352112676057,0.9133557324810109
18,30,1,9.444444444444445,0.4913333333333334,0.04225352112676057,0.9140023314923464
18,30,1,9.444444444444445,0.49500000000000005,0.04225352112676057,0.9146393512590697
18,30,1,9.444444444444445,0.4986666666666667,0.04225352112676057,0.9152670030880471
18,30,1,9.444444444444445,0.5023333333333334,0.04225352112676057,0.9158854921166014
18,30,1,9.444444444444445,0.506,0.04225352112676057,0.9164950175360462
18,30,1,9.444444444444445,0.5096666666666667,0.04225352112676057,0.9170957728055713
18,30,1,9.444444444444445,0.5133333333333334,0.04225352112676057,0.9176879458569598
18,30,1,9.444444444444445,0.517,0.04225352112676057,0.9182717192905986
18,30,1,9.444444444444445,0.5206666666666667,0.04225352112676057,0.9188472705631999
18,30,1,9.444444444444445,0.5243333333333334,0.04225352112676057,0.9194147721676532
18,30,1,9.444444444444445,0.528,0.04225352112676057,0.9199743918053779
18,30,1,9.444444444444445,0.5316666666666667,0.04225352112676057,0.9205262925515475
18,30,1,9.444444444444445,0.5353333333333334,0.04225352112676057,0.9210706330135231
18,30,1,9.444444444444445,0.539,0.04225352112676057,0.921607567482819
18,30,1,9.444444444444445,0.5426666666666667,0.04225352112676057,0.9221372460809081
18,30,1,9.444444444444445,0.5463333333333333,0.04225352112676057,0.9226598148991569
18,30,1,9.444444444444445,0.55,0.04225352112676057,0.9231754161331627
19,30,1,9.473684210526315,0.0,0.04212860310421287,0.0
19,30,1,9.473684210526315,0.003666666666666667,0.04212860310421287,1.0088108126637962e-14
19,30,1,9.473684210526315,0.007333333333333334,0.04212860310421287,0.0
19,30,1,9.473684210526315,0.011000000000000001,0.04212860310421287,2.9699995549334645e-15
19,30,1,9.473684210526315,0.014666666666666668,0.04212860310421287,4.805564999430687e-15
19,30,1,9.473684210526315,0.018333333333333333,0.04212860310421287,2.761001305382085e-15
19,30,1,9.473684210526315,0.022000000000000002,0.04212860310421287,1.0377041327792455e-17
19,30,1,9.473684210526315,0.02566666666666667,0.04212860310421287,4.837351885870961e-13
19,30,1,9.473684210526315,0.029333333333333336,0.04212860310421287,4.191904677738651e-10
19,30,1,9.473684210526315,0.033,0.04212860310421287,1.7981668359099613e-07
19,30,1,9.473684210526315,0.03666666666666667,0.04212860310421287,3.97045983024197e-05
19,30,1,9.473684210526315,0.04033333333333334,0.04212860310421287,0.0034931185609649263
19,30,1,9.473684210526315,0.044000000000000004,0.04212860310421287,0.045753478391419466
19,30,1,9.473684210526315,0.04766666666666667,0.04212860310421287,0.11623876418350716
19,30,1,9.473684210526315,0.05133333333333334,0.04212860310421287,0.17931366768735738
19,30,1,9.473684210526315,0.05500000000000001,0.04212860310421287,0.2340254083805118
19,30,1,9.473684210526315,0.05866666666666667,0.04212860310421287,0.28189881088099084
19,30,1,9.473684210526315,0.06233333333333334,0.04212860310421287,0.32414005715435695
19,30,1,9.473684210526315,0.066,0.04212860310421287,0.3616878317544018
19,30,1,9.473684210526315,0.06966666666666667,0.04212860310421287,0.395283209030442
19,30,1,9.473684210526315,0.07333333333333333,0.04212860310421287,0.42551904857892076
19,30,1,9.473684210526315,0.07700000000000001,0.04212860310421287,0.45287528436087515
19,30,1,9.473684210526315,0.08066666666666668,0.04212860310421287,0.47774458961719946
19,30,1,9.473684210526315,0.08433333333333334,0.04212860310421287,0.5004513465903684
19,30,1,9.473684210526315,0.08800000000000001,0.04212860310421287,0.521265873815767
19,30,1,9.473684210526315,0.09166666666666667,0.04212860310421287,0.5404152388631355
19,30,1,9.473684210526315,0.09533333333333334,0.04212860310421287,0.5580915758299376
19,30,1,9.473684210526315,0.099,0.04212860310421287,0.5744585545029037
19,30,1,9.473684210526315,0.10266666666666668,0.04212860310421287,0.5896564632706592
19,30,1,9.473684210526315,0.10633333333333335,0.04212860310421287,0.6038062403992631
19,30,1,9.473684210526315,0.11000000000000001,0.04212860310421287,0.6170126990526132
19,30,1,9.473684210526315,0.11366666666666668,0.04212860310421287,0.6293671281154366
19,30,1,9.473684210526315,0.11733333333333335,0.04212860310421287,0.6409494053618241
19,30,1,9.473684210526315,0.12100000000000001,0.04212860310421287,0.6518297264114714
19,30,1,9.473684210526315,0.12466666666666668,0.04212860310421287,0.6620700285758347
19,30,1,9.473684210526315,0.12833333333333335,0.04212860310421287,0.6717251706165356
19,30,1,9.473684210526315,0.132,0.04212860310421287,0.6808439158771796
19,30,1,9.473684210526315,0.13566666666666669,0.04212860310421287,0.6894697559886043
19,30,1,9.473684210526315,0.13933333333333334,0.04212860310421287,0.6976416045152305
19,30,1,9.473684210526315,0.14300000000000002,0.04212860310421287,0.7053943838866279
19,30,1,9.473684210526315,0.14666666666666667,0.04212860310421287,0.7127595242894594
19,30,1,9.473684210526315,0.15033333333333335,0.04212860310421287,0.7197653895506912
19,30,1,9.473684210526315,0.15400000000000003,0.04212860310421287,0.7264376421804452
19,30,1,9.473684210526315,0.15766666666666668,0.04212860310421287,0.7327995574785695
19,30,1,9.473684210526315,0.16133333333333336,0.04212860310421287,0.7388722948085998
19,30,1,9.473684210526315,0.165,0.04212860310421287,0.7446751327017409
19,30,1,9.473684210526315,0.1686666666666667,0.04212860310421287,0.7502256732951808
19,30,1,9.473684210526315,0.17233333333333334,0.04212860310421287,0.7555400206718867
19,30,1,9.473684210526315,0.17600000000000002,0.04212860310421287,0.7606329369078852
19,30,1,9.473684210526315,0.1796666666666667,0.04212860310421287,0.7655179790118041
19,30,1,9.473684210526315,0.18333333333333335,0.04212860310421287,0.7702076194315671
19,30,1,9.473684210526315,0.18700000000000003,0.04212860310421287,0.7747133523838892
19,30,1,9.473684210526315,0.19066666666666668,0.04212860310421287,0.7790457879149675
19,30,1,9.473684210526315,0.19433333333333336,0.04212860310421287,0.7832147353128079
19,30,1,9.473684210526315,0.198,0.04212860310421287,0.7872292772514553
19,30,1,9.473684210526315,0.2016666666666667,0.04212860310421287,0.7910978358468814
19,30,1,9.473684210526315,0.20533333333333337,0.04212860310421287,0.7948282316353283
19,30,1,9.473684210526315,0.20900000000000002,0.04212860310421287,0.7984277363434801
19,30,1,9.473684210526315,0.2126666666666667,0.04212860310421287,0.8019031201996265
19,30,1,9.473684210526315,0.21633333333333335,0.04212860310421287,0.805260694433531
19,30,1,9.473684210526315,0.22000000000000003,0.04212860310421287,0.8085063495263051
19,30,1,9.473684210526315,0.22366666666666668,0.04212860310421287,0.8116455896980175
19,30,1,9.473684210526315,0.22733333333333336,0.04212860310421287,0.8146835640577219
19,30,1,9.473684210526315,0.231,0.04212860310421287,0.8176250947869614
19,30,1,9.473684210526315,0.2346666666666667,0.04212860310421287,0.8204747026809137
19,30,1,9.473684210526315,0.23833333333333337,0.04212860310421287,0.8232366303319752
19,30,1,9.473684210526315,0.24200000000000002,0.04212860310421287,0.8259148632057328
19,30,1,9.473684210526315,0.2456666666666667,0.04212860310421287,0.8285131488295276
19,30,1,9.473684210526315,0.24933333333333335,0.04212860310421287,0.8310350142879167
19,30,1,9.473684210526315,0.253,0.04212860310421287,0.8334837821967873
19,30,1,9.473684210526315,0.2566666666666667,0.04212860310421287,0.8358625853082616
19,30,1,9.473684210526315,0.26033333333333336,0.04212860310421287,0.8381743798813849
19,30,1,9.473684210526315,0.264,0.04212860310421287,0.8404219579385874
19,30,1,9.473684210526315,0.2676666666666667,0.04212860310421287,0.8426079585147822
19,30,1,9.473684210526315,0.27133333333333337,0.04212860310421287,0.8447348779943082
19,30,1,9.473684210526315,0.275,0.04212860310421287,0.8468050796210488
19,30,1,9.473684210526315,0.2786666666666667,0.04212860310421287,0.8488208022576121
19,30,1,9.473684210526315,0.2823333333333334,0.04212860310421287,0.850784168462058
19,30,1,9.473684210526315,0.28600000000000003,0.04212860310421287,0.8526971919433126
19,30,1,9.473684210526315,0.2896666666666667,0.04212860310421287,0.8545617844503594
19,30,1,9.473684210526315,0.29333333333333333,0.04212860310421287,0.8563797621447293
19,30,1,9.473684210526315,0.29700000000000004,0.04212860310421287,0.858152851500967
19,30,1,9.473684210526315,0.3006666666666667,0.04212860310421287,0.8598826947753454
19,30,1,9.473684210526315,0.30433333333333334,0.04212860310421287,0.8615708550792569
19,30,1,9.473684210526315,0.30800000000000005,0.04212860310421287,0.8632188210902179
19,30,1,9.473684210526315,0.3116666666666667,0.04212860310421287,0.8648280114303332
19,30,1,9.473684210526315,0.31533333333333335,0.04212860310421287,0.8663997787392829
19,30,1,9.473684210526315,0.319,0.04212860310421287,0.8679354134664173
19,30,1,9.473684210526315,0.3226666666666667,0.04212860310421287,0.8694361474042992
19,30,1,9.473684210526315,0.32633333333333336,0.04212860310421287,0.870903156984026
19,30,1,9.473684210526315,0.33,0.04212860310421287,0.8723375663508701
19,30,1,9.473684210526315,0.3336666666666667,0.04212860310421287,0.8737404502371321
19,30,1,9.473684210526315,0.3373333333333334,0.04212860310421287,0.8751128366475963
19,30,1,9.473684210526315,0.341,0.04212860310421287,0.8764557093718138
19,30,1,9.473684210526315,0.3446666666666667,0.04212860310421287,0.8777700103359425
19,30,1,9.473684210526315,0.3483333333333334,0.04212860310421287,0.8790566418060897
19,30,1,9.473684210526315,0.35200000000000004,0.04212860310421287,0.8803164684539422
19,30,1,9.473684210526315,0.3556666666666667,0.04212860310421287,0.8815503192946228
19,30,1,9.473684210526315,0.3593333333333334,0.04212860310421287,0.8827589895059018
19,30,1,9.473684210526315,0.36300000000000004,0.04212860310421287,0.883943242137155
19,30,1,9.473684210526315,0.3666666666666667,0.04212860310421287,0.8851038097157834
19,30,1,9.473684210526315,0.37033333333333335,0.04212860310421287,0.8862413957582012
19,30,1,9.473684210526315,0.37400000000000005,0.04212860310421287,0.8873566761919444
19,30,1,9.473684210526315,0.3776666666666667,0.04212860310421287,0.8884503006949355
19,30,1,9.473684210526315,0.38133333333333336,0.04212860310421287,0.8895228939574835
19,30,1,9.473684210526315,0.38500000000000006,0.04212860310421287,0.8905750568721742
19,30,1,9.473684210526315,0.3886666666666667,0.04212860310421287,0.8916073676563994
19,30,1,9.473684210526315,0.39233333333333337,0.04212860310421287,0.8926203829119468
19,30,1,9.473684210526315,0.396,0.04212860310421287,0.8936146386257249
19,30,1,9.473684210526315,0.3996666666666667,0.04212860310421287,0.8945906511153974
19,30,1,9.473684210526315,0.4033333333333334,0.04212860310421287,0.8955489179234393
19,30,1,9.473684210526315,0.40700000000000003,0.04212860310421287,0.8964899186628676
19,30,1,9.473684210526315,0.41066666666666674,0.04212860310421287,0.8974141158176635
19,30,1,9.473684210526315,0.4143333333333334,0.04212860310421287,0.8983219555006932
19,30,1,9.473684210526315,0.41800000000000004,0.04212860310421287,0.8992138681717395
19,30,1,9.473684210526315,0.4216666666666667,0.04212860310421287,0.9000902693180723
19,30,1,9.473684210526315,0.4253333333333334,0.04212860310421287,0.9009515600998133
19,30,1,9.473684210526315,0.42900000000000005,0.04212860310421287,0.9017981279622078
19,30,1,9.473684210526315,0.4326666666666667,0.04212860310421287,0.9026303472167654
19,30,1,9.473684210526315,0.43633333333333335,0.04212860310421287,0.9034485795930953
19,30,1,9.473684210526315,0.44000000000000006,0.04212860310421287,0.9042531747631526
19,30,1,9.473684210526315,0.4436666666666667,0.04212860310421287,0.9050444708394951
19,30,1,9.473684210526315,0.44733333333333336,0.04212860310421287,0.9058227948490069
19,30,1,9.473684210526315,0.45100000000000007,0.04212860310421287,0.906588463183567
19,30,1,9.473684210526315,0.4546666666666667,0.04212860310421287,0.90734178202886
19,30,1,9.473684210526315,0.45833333333333337,0.04212860310421287,0.9080830477726285
19,30,1,9.473684210526315,0.462,0.04212860310421287,0.9088125473934804
19,30,1,9.473684210526315,0.46566666666666673,0.04212860310421287,0.9095305588313266
19,30,1,9.473684210526315,0.4693333333333334,0.04212860310421287,0.9102373513404566
19,30,1,9.473684210526315,0.47300000000000003,0.04212860310421287,0.9109331858261891
19,30,1,9.473684210526315,0.47666666666666674,0.04212860310421287,0.9116183151659875
19,30,1,9.473684210526315,0.4803333333333334,0.04212860310421287,0.9122929845158654
19,30,1,9.473684210526315,0.48400000000000004,0.04212860310421287,0.9129574316028664
19,30,1,9.473684210526315,0.4876666666666667,0.04212860310421287,0.9136118870043486
19,30,1,9.473684210526315,0.4913333333333334,0.04212860310421287,0.9142565744147636
19,30,1,9.473684210526315,0.49500000000000005,0.04212860310421287,0.9148917109005802
19,30,1,9.473684210526315,0.4986666666666667,0.04212860310421287,0.9155175071439581
19,30,1,9.473684210526315,0.5023333333333334,0.04212860310421287,0.9161341676757542
19,30,1,9.473684210526315,0.506,0.04212860310421287,0.9167418910983938
19,30,1,9.473684210526315,0.5096666666666667,0.04212860310421287,0.9173408702991246
19,30,1,9.473684210526315,0.5133333333333334,0.04212860310421287,0.9179312926541309
19,30,1,9.473684210526315,0.517,0.04212860310421287,0.9185133402239598
19,30,1,9.473684210526315,0.5206666666666667,0.04212860310421287,0.9190871899406923
19,30,1,9.473684210526315,0.5243333333333334,0.04212860310421287,0.9196530137872608
19,30,1,9.473684210526315,0.528,0.04212860310421287,0.9202109789692939
19,30,1,9.473684210526315,0.5316666666666667,0.04212860310421287,0.9207612480798504
19,30,1,9.473684210526315,0.5353333333333334,0.04212860310421287,0.9213039792573858
19,30,1,9.473684210526315,0.539,0.04212860310421287,0.9218393263372674
19,30,1,9.473684210526315,0.5426666666666667,0.04212860310421287,0.9223674389971507
19,30,1,9.473684210526315,0.5463333333333333,0.04212860310421287,0.9228884628964987
19,30,1,9.473684210526315,0.55,0.04212860310421287,0.923402539810522
20,30,1,9.5,0.0,0.04201680672268908,0.0
20,30,1,9.5,0.003666666666666667,0.04201680672268908,0.0
20,30,1,9.5,0.007333333333333334,0.04201680672268908,3.3410467375161775e-15
20,30,1,9.5,0.011000000000000001,0.04201680672268908,1.6672838548378144e-15
20,30,1,9.5,0.014666666666666668,0.04201680672268908,1.953992523340196e-18
20,30,1,9.5,0.018333333333333333,0.04201680672268908,4.5889218365446805e-15
20,30,1,9.5,0.022000000000000002,0.04201680672268908,1.291756104205504e-15
20,30,1,9.5,0.02566666666666667,0.04201680672268908,5.529031790000435e-13
20,30,1,9.5,0.029333333333333336,0.04201680672268908,4.80188845389415e-10
20,30,1,9.5,0.033,0.04201680672268908,2.062323203675757e-07
20,30,1,9.5,0.03666666666666667,0.04201680672268908,4.537414073810213e-05
20,30,1,9.5,0.04033333333333334,0.04201680672268908,0.003891962456961363
20,30,1,9.5,0.044000000000000004,0.04201680672268908,0.047939012356433934
20,30,1,9.5,0.04766666666666667,0.04201680672268908,0.11857647807333471
20,30,1,9.5,0.05133333333333334,0.04201680672268908,0.18149140916039058
20,30,1,9.5,0.05500000000000001,0.04201680672268908,0.23605806826514097
20,30,1,9.5,0.05866666666666667,0.04201680672268908,0.28380443099525376
20,30,1,9.5,0.06233333333333334,0.04201680672268908,0.32593358199118955
20,30,1,9.5,0.066,0.04201680672268908,0.3633817163229353
20,30,1,9.5,0.06966666666666667,0.04201680672268908,0.39688794177959336
20,30,1,9.5,0.07333333333333333,0.04201680672268908,0.42704354469060796
20,30,1,9.5,0.07700000000000001,0.04201680672268908,0.454327185419633
20,30,1,9.5,0.08066666666666668,0.04201680672268908,0.47913049517327927
20,30,1,9.5,0.08433333333333334,0.04201680672268908,0.5017769953831395
20,30,1,9.5,0.08800000000000001,0.04201680672268908,0.522536287242173
20,30,1,9.5,0.09166666666666667,0.04201680672268908,0.5416348357524854
20,30,1,9.5,0.09533333333333334,0.04201680672268908,0.5592642651466203
20,30,1,9.5,0.099,0.04201680672268908,0.5755878108819314
20,30,1,9.5,0.10266666666666668,0.04201680672268908,0.5907453890647217
20,30,1,9.5,0.10633333333333335,0.04201680672268908,0.6048576170280119
20,30,1,9.5,0.11000000000000001,0.04201680672268908,0.618029029793738
20,30,1,9.5,0.11366666666666668,0.04201680672268908,0.630350673993944
20,30,1,9.5,0.11733333333333335,0.04201680672268908,0.6419022154316286
20,30,1,9.5,0.12100000000000001,0.04201680672268908,0.6527536634488574
20,30,1,9.5,0.12466666666666668,0.04201680672268908,0.6629667909944746
20,30,1,9.5,0.12833333333333335,0.04201680672268908,0.6725963112517844
20,30,1,9.5,0.132,0.04201680672268908,0.6816908581614501
20,30,1,9.5,0.13566666666666669,0.04201680672268908,0.690293807940868
20,30,1,9.5,0.13933333333333334,0.04201680672268908,0.6984439708898019
20,30,1,9.5,0.14300000000000002,0.04201680672268908,0.7061761767644162
20,30,1,9.5,0.14666666666666667,0.04201680672268908,0.7135217723453036
20,30,1,9.5,0.15033333333333335,0.04201680672268908,0.7205090461905389
20,30,1,9.5,0.15400000000000003,0.04201680672268908,0.7271635927098199
20,30,1,9.5,0.15766666666666668,0.04201680672268908,0.7335086254374937
20,30,1,9.5,0.16133333333333336,0.04201680672268908,0.7395652475866396
20,30,1,9.5,0.165,0.04201680672268908,0.7453526865291579
20,30,1,9.5,0.1686666666666667,0.04201680672268908,0.7508884976915814
20,30,1,9.5,0.17233333333333334,0.04201680672268908,0.7561887424215407
20,30,1,9.5,0.17600000000000002,0.04201680672268908,0.7612681436210884
20,30,1,9.5,0.1796666666666667,0.04201680672268908,0.7661402223226967
20,30,1,9.5,0.18333333333333335,0.04201680672268908,0.7708174178762419
20,30,1,9.5,0.18700000000000003,0.04201680672268908,0.7753111939963154
20,30,1,9.5,0.19066666666666668,0.04201680672268908,0.7796321325733093
20,30,1,9.5,0.19433333333333336,0.04201680672268908,0.7837900168643875
20,30,1,9.5,0.198,0.04201680672268908,0.7877939054409688
20,30,1,9.5,0.2016666666666667,0.04201680672268908,0.7916521980693128
20,30,1,9.5,0.20533333333333337,0.04201680672268908,0.7953726945323595
20,30,1,9.5,0.20900000000000002,0.04201680672268908,0.7989626472598617
20,30,1,9.5,0.2126666666666667,0.04201680672268908,0.8024288085140017
20,30,1,9.5,0.21633333333333335,0.04201680672268908,0.805777472776476
20,30,1,9.5,0.22000000000000003,0.04201680672268908,0.8090145148968679
20,30,1,9.5,0.22366666666666668,0.04201680672268908,0.8121454244887337
20,30,1,9.5,0.22733333333333336,0.04201680672268908,0.8151753369969754
20,30,1,9.5,0.231,0.04201680672268908,0.8181090618065449
20,30,1,9.5,0.2346666666666667,0.04201680672268908,0.8209511077158158
20,30,1,9.5,0.23833333333333337,0.04201680672268908,0.8237057060586486
20,30,1,9.5,0.24200000000000002,0.04201680672268908,0.826376831724426
20,30,1,9.5,0.2456666666666667,0.04201680672268908,0.8289682222957031
20,30,1,9.5,0.24933333333333335,0.04201680672268908,0.8314833954972368
20,30,1,9.5,0.253,0.04201680672268908,0.8339256651277114
20,30,1,9.5,0.2566666666666667,0.04201680672268908,0.8362981556258868
20,30,1,9.5,0.26033333333333336,0.04201680672268908,0.8386038154058039
20,30,1,9.5,0.264,0.04201680672268908,0.8408454290807232
20,30,1,9.5,0.2676666666666667,0.04201680672268908,0.8430256286823671
20,30,1,9.5,0.27133333333333337,0.04201680672268908,0.8451469039704397
20,30,1,9.5,0.275,0.04201680672268908,0.8472116119174982
20,30,1,9.5,0.2786666666666667,0.04201680672268908,0.8492219854448984
20,30,1,9.5,0.2823333333333334,0.04201680672268908,0.8511801414780805
20,30,1,9.5,0.28600000000000003,0.04201680672268908,0.853088088382207
20,30,1,9.5,0.2896666666666667,0.04201680672268908,0.854947732833065
20,30,1,9.5,0.29333333333333333,0.04201680672268908,0.8567608861726511
20,30,1,9.5,0.29700000000000004,0.04201680672268908,0.8585292702939764
20,30,1,9.5,0.3006666666666667,0.04201680672268908,0.8602545230952693
20,30,1,9.5,0.30433333333333334,0.04201680672268908,0.8619382035399046
20,30,1,9.5,0.30800000000000005,0.04201680672268908,0.8635817963549056
20,30,1,9.5,0.3116666666666667,0.04201680672268908,0.8651867163977892
20,30,1,9.5,0.31533333333333335,0.04201680672268908,0.8667543127187451
20,30,1,9.5,0.319,0.04201680672268908,0.8682858723426676
20,30,1,9.5,0.3226666666666667,0.04201680672268908,0.869782623793319
20,30,1,9.5,0.32633333333333336,0.04201680672268908,0.8712457403799111
20,30,1,9.5,0.33,0.04201680672268908,0.8726763432645784
20,30,1,9.5,0.3336666666666667,0.04201680672268908,0.8740755043276129
20,30,1,9.5,0.3373333333333334,0.04201680672268908,0.8754442488457888
20,30,1,9.5,0.341,0.04201680672268908,0.8767835579979831
20,30,1,9.5,0.3446666666666667,0.04201680672268908,0.8780943712107693
20,30,1,9.5,0.3483333333333334,0.04201680672268908,0.8793775883559183
20,30,1,9.5,0.35200000000000004,0.04201680672268908,0.8806340718105438
20,30,1,9.5,0.3556666666666667,0.04201680672268908,0.8818646483898162
20,30,1,9.5,0.3593333333333334,0.04201680672268908,0.8830701111613481
20,30,1,9.5,0.36300000000000004,0.04201680672268908,0.8842512211496174
20,30,1,9.5,0.3666666666666667,0.04201680672268908,0.885408708938121
20,30,1,9.5,0.37033333333333335,0.04201680672268908,0.8865432761763573
20,30,1,9.5,0.37400000000000005,0.04201680672268908,0.8876555969981577
20,30,1,9.5,0.3776666666666667,0.04201680672268908,0.888746319357399
20,30,1,9.5,0.38133333333333336,0.04201680672268908,0.8898160662866547
20,30,1,9.5,0.38500000000000006,0.04201680672268908,0.8908654370839246
20,30,1,9.5,0.3886666666666667,0.04201680672268908,0.8918950084321894
20,30,1,9.5,0.39233333333333337,0.04201680672268908,0.8929053354561877
20,30,1,9.5,0.396,0.04201680672268908,0.8938969527204822
20,30,1,9.5,0.3996666666666667,0.04201680672268908,0.8948703751725878
20,30,1,9.5,0.4033333333333334,0.04201680672268908,0.8958260990346552
20,30,1,9.5,0.40700000000000003,0.04201680672268908,0.8967646026469558
20,30,1,9.5,0.41066666666666674,0.04201680672268908,0.8976863472661795
20,30,1,9.5,0.4143333333333334,0.04201680672268908,0.8985917778213458
20,30,1,9.5,0.41800000000000004,0.04201680672268908,0.8994813236299306
20,30,1,9.5,0.4216666666666667,0.04201680672268908,0.9003553990766267
20,30,1,9.5,0.4253333333333334,0.04201680672268908,0.9012144042570006
20,30,1,9.5,0.42900000000000005,0.04201680672268908,0.9020587255881375
20,30,1,9.5,0.4326666666666667,0.04201680672268908,0.9028887363882379
20,30,1,9.5,0.43633333333333335,0.04201680672268908,0.9037047974269922
20,30,1,9.5,0.44000000000000006,0.04201680672268908,0.9045072574484397
20,30,1,9.5,0.4436666666666667,0.04201680672268908,0.9052964536678727
20,30,1,9.5,0.44733333333333336,0.04201680672268908,0.9060727122443651
20,30,1,9.5,0.45100000000000007,0.04201680672268908,0.9068363487301825
20,30,1,9.5,0.4546666666666667,0.04201680672268908,0.9075876684984868
20,30,1,9.5,0.45833333333333337,0.04201680672268908,0.9083269671504983
20,30,1,9.5,0.462,0.04201680672268908,0.9090545309032717
20,30,1,9.5,0.46566666666666673,0.04201680672268908,0.9097706369591513
20,30,1,9.5,0.4693333333333334,0.04201680672268908,0.9104755538579077
20,30,1,9.5,0.47300000000000003,0.04201680672268908,0.9111695418124973
20,30,1,9.5,0.47666666666666674,0.04201680672268908,0.9118528530293242
20,30,1,9.5,0.4803333333333334,0.04201680672268908,0.9125257320138331
20,30,1,9.5,0.48400000000000004,0.04201680672268908,0.9131884158622129
20,30,1,9.5,0.4876666666666667,0.04201680672268908,0.9138411345399406
20,30,1,9.5,0.4913333333333334,0.04201680672268908,0.9144841111478516
20,30,1,9.5,0.49500000000000005,0.04201680672268908,0.9151175621763858
20,30,1,9.5,0.4986666666666667,0.04201680672268908,0.9157416977486182
20,30,1,9.5,0.5023333333333334,0.04201680672268908,0.9163567218526428
20,30,1,9.5,0.506,0.04201680672268908,0.9169628325638556
20,30,1,9.5,0.5096666666666667,0.04201680672268908,0.9175602222576408
20,30,1,9.5,0.5133333333333334,0.04201680672268908,0.9181490778129434
20,30,1,9.5,0.517,0.04201680672268908,0.9187295808071779
20,30,1,9.5,0.5206666666666667,0.04201680672268908,0.9193019077029019
20,30,1,9.5,0.5243333333333334,0.04201680672268908,0.9198662300266577
20,30,1,9.5,0.528,0.04201680672268908,0.9204227145403616
20,30,1,9.5,0.5316666666666667,0.04201680672268908,0.9209715234056004
20,30,1,9.5,0.5353333333333334,0.04201680672268908,0.9215128143411786
20,30,1,9.5,0.539,0.04201680672268908,0.9220467407742318
20,30,1,9.5,0.5426666666666667,0.04201680672268908,0.9225734519852167
20,30,1,9.5,0.5463333333333333,0.04201680672268908,0.9230930932470609
20,30,1,9.5,0.55,0.04201680672268908,0.9236058059587471
21,30,1,9.523809523809524,0.0,0.04191616766467066,0.0
21,30,1,9.523809523809524,0.003666666666666667,0.04191616766467066,1.9140857787647288e-14
21,30,1,9.523809523809524,0.007333333333333334,0.04191616766467066,0.0
21,30,1,9.523809523809524,0.011000000000000001,0.04191616766467066,1.478657196685163e-15
21,30,1,9.523809523809524,0.014666666666666668,0.04191616766467066,1.9539925233402652e-18
21,30,1,9.523809523809524,0.018333333333333333,0.04191616766467066,1.0985878889232277e-15
21,30,1,9.523809523809524,0.022000000000000002,0.04191616766467066,1.3163174358756481e-17
21,30,1,9.523809523809524,0.02566666666666667,0.04191616766467066,6.235136728817696e-13
21,30,1,9.523809523809524,0.029333333333333336,0.04191616766467066,5.428433241784093e-10
21,30,1,9.523809523809524,0.033,0.04191616766467066,2.3338679762240018e-07
21,30,1,9.523809523809524,0.03666666666666667,0.04191616766467066,5.117187716637196e-05
21,30,1,9.523809523809524,0.04033333333333334,0.04191616766467066,0.004285359954673466
21,30,1,9.523809523809524,0.044000000000000004,0.04191616766467066,0.04993568237808377
21,30,1,9.523809523809524,0.04766666666666667,0.04191616766467066,0.12068175937781346
21,30,1,9.523809523809524,0.05133333333333334,0.04191616766467066,0.1834518248648766
21,30,1,9.523809523809524,0.05500000000000001,0.04191616766467066,0.2378878680907428
21,30,1,9.523809523809524,0.05866666666666667,0.04191616766467066,0.2855198694648288
21,30,1,9.523809523809524,0.06233333333333334,0.04191616766467066,0.3275481123333918
21,30,1,9.523809523809524,0.066,0.04191616766467066,0.36490655053532844
21,30,1,9.523809523809524,0.06966666666666667,0.04191616766467066,0.3983325215597612
21,30,1,9.523809523809524,0.07333333333333333,0.04191616766467066,0.42841589548176723
21,30,1,9.523809523809524,0.07700000000000001,0.04191616766467066,0.4556341861731179
21,30,1,9.523809523809524,0.08066666666666668,0.04191616766467066,0.4803780868016151
21,30,1,9.523809523809524,0.08433333333333334,0.04191616766467066,0.5029703438971913
21,30,1,9.523809523809524,0.08800000000000001,0.04191616766467066,0.5236799129014731
21,30,1,9.523809523809524,0.09166666666666667,0.04191616766467066,0.5427327163854133
21,30,1,9.523809523809524,0.09533333333333334,0.04191616766467066,0.5603199196013587
21,30,1,9.523809523809524,0.099,0.04191616766467066,0.5766043670235315
21,30,1,9.523809523809524,0.10266666666666668,0.04191616766467066,0.5917256396298358
21,30,1,9.523809523809524,0.10633333333333335,0.04191616766467066,0.605804065849501
21,30,1,9.523809523809524,0.11000000000000001,0.04191616766467066,0.6189439303211779
21,30,1,9.523809523809524,0.11366666666666668,0.04191616766467066,0.6312360616011434
21,30,1,9.523809523809524,0.11733333333333335,0.04191616766467066,0.6427599346761041
21,30,1,9.523809523809524,0.12100000000000001,0.04191616766467066,0.6535853912010751
21,30,1,9.523809523809524,0.12466666666666668,0.04191616766467066,0.6637740561657453
21,30,1,9.523809523809524,0.12833333333333335,0.04191616766467066,0.6733805117038754
21,30,1,9.523809523809524,0.132,0.04191616766467066,0.6824532752676502
21,30,1,9.523809523809524,0.13566666666666669,0.04191616766467066,0.691035619179333
21,30,1,9.523809523809524,0.13933333333333334,0.04191616766467066,0.6991662607798856
21,30,1,9.523809523809524,0.14300000000000002,0.04191616766467066,0.7068799464009085
21,30,1,9.523809523809524,0.14666666666666667,0.04191616766467066,0.7142079477408835
21,30,1,9.523809523809524,0.15033333333333335,0.04191616766467066,0.7211784856008608
21,30,1,9.523809523809524,0.15400000000000003,0.04191616766467066,0.7278170930865621
21,30,1,9.523809523809524,0.15766666666666668,0.04191616766467066,0.7341469281310562
21,30,1,9.523809523809524,0.16133333333333336,0.04191616766467066,0.740189043400803
21,30,1,9.523809523809524,0.165,0.04191616766467066,0.7459626202141179
21,30,1,9.523809523809524,0.1686666666666667,0.04191616766467066,0.7514851719486063
21,30,1,9.523809523809524,0.17233333333333334,0.04191616766467066,0.7567727214816085
21,30,1,9.523809523809524,0.17600000000000002,0.04191616766467066,0.7618399564507382
21,30,1,9.523809523809524,0.1796666666666667,0.04191616766467066,0.7667003655027622
21,30,1,9.523809523809524,0.18333333333333335,0.04191616766467066,0.7713663581927062
21,30,1,9.523809523809524,0.18700000000000003,0.04191616766467066,0.7758493707771627
21,30,1,9.523809523809524,0.19066666666666668,0.04191616766467066,0.7801599598006931
21,30,1,9.523809523809524,0.19433333333333336,0.04191616766467066,0.7843078850874663
21,30,1,9.523809523809524,0.198,0.04191616766467066,0.7883021835117687
21,30,1,9.523809523809524,0.2016666666666667,0.04191616766467066,0.7921512347206439
21,30,1,9.523809523809524,0.20533333333333337,0.04191616766467066,0.7958628198149168
21,30,1,9.523809523809524,0.20900000000000002,0.04191616766467066,0.7994441738532513
21,30,1,9.523809523809524,0.2126666666666667,0.04191616766467066,0.8029020329247465
21,30,1,9.523809523809524,0.21633333333333335,0.04191616766467066,0.8062426764344963
21,30,1,9.523809523809524,0.22000000000000003,0.04191616766467066,0.8094719651605882
21,30,1,9.523809523809524,0.22366666666666668,0.04191616766467066,0.8125953755678019
21,30,1,9.523809523809524,0.22733333333333336,0.04191616766467066,0.815618030800575
21,30,1,9.523809523809524,0.231,0.04191616766467066,0.8185447287243729
21,30,1,9.523809523809524,0.2346666666666667,0.04191616766467066,0.8213799673380531
21,30,1,9.523809523809524,0.23833333333333337,0.04191616766467066,0.824127967840544
21,30,1,9.523809523809524,0.24200000000000002,0.04191616766467066,0.826792695600535
21,30,1,9.523809523809524,0.2456666666666667,0.04191616766467066,0.8293778792482881
21,30,1,9.523809523809524,0.24933333333333335,0.04191616766467066,0.831887028082872
21,30,1,9.523809523809524,0.253,0.04191616766467066,0.8343234479657287
21,30,1,9.523809523809524,0.2566666666666667,0.04191616766467066,0.8366902558519324
21,30,1,9.523809523809524,0.26033333333333336,0.04191616766467066,0.8389903930934546
21,30,1,9.523809523809524,0.264,0.04191616766467066,0.8412266376338233
21,30,1,9.523809523809524,0.2676666666666667,0.04191616766467066,0.8434016152004923
21,30,1,9.523809523809524,0.27133333333333337,0.04191616766467066,0.8455178095896718
21,30,1,9.523809523809524,0.275,0.04191616766467066,0.8475775721284743
21,30,1,9.523809523809524,0.2786666666666667,0.04191616766467066,0.8495831303899402
21,30,1,9.523809523809524,0.2823333333333334,0.04191616766467066,0.8515365962290313
21,30,1,9.523809523809524,0.28600000000000003,0.04191616766467066,0.8534399732004532
21,30,1,9.523809523809524,0.2896666666666667,0.04191616766467066,0.8552951634131055
21,30,1,9.523809523809524,0.29333333333333333,0.04191616766467066,0.8571039738704415
21,30,1,9.523809523809524,0.29700000000000004,0.04191616766467066,0.8588681223411767
21,30,1,9.523809523809524,0.3006666666666667,0.04191616766467066,0.8605892428004304
21,30,1,9.523809523809524,0.30433333333333334,0.04191616766467066,0.8622688904775335
21,30,1,9.523809523809524,0.30800000000000005,0.04191616766467066,0.8639085465432771
21,30,1,9.523809523809524,0.3116666666666667,0.04191616766467066,0.8655096224662977
21,30,1,9.523809523809524,0.31533333333333335,0.04191616766467066,0.8670734640655262
21,30,1,9.523809523809524,0.319,0.04191616766467066,0.868601355283164
21,30,1,9.523809523809524,0.3226666666666667,0.04191616766467066,0.8700945217004009
21,30,1,9.523809523809524,0.32633333333333336,0.04191616766467066,0.8715541338161266
21,30,1,9.523809523809524,0.33,0.04191616766467066,0.872981310107068
21,30,1,9.523809523809524,0.3336666666666667,0.04191616766467066,0.874377119886109
21,30,1,9.523809523809524,0.3373333333333334,0.04191616766467066,0.8757425859743017
21,30,1,9.523809523809524,0.341,0.04191616766467066,0.8770786872003827
21,30,1,9.523809523809524,0.3446666666666667,0.04191616766467066,0.8783863607408035
21,30,1,9.523809523809524,0.3483333333333334,0.04191616766467066,0.879666504311952
21,30,1,9.523809523809524,0.35200000000000004,0.04191616766467066,0.8809199782253687
21,30,1,9.523809523809524,0.3556666666666667,0.04191616766467066,0.8821476073158285
21,30,1,9.523809523809524,0.3593333333333334,0.04191616766467066,0.8833501827513809
21,30,1,9.523809523809524,0.36300000000000004,0.04191616766467066,0.8845284637336903
21,30,1,9.523809523809524,0.3666666666666667,0.04191616766467066,0.8856831790963531
21,30,1,9.523809523809524,0.37033333333333335,0.04191616766467066,0.8868150288082702
21,30,1,9.523809523809524,0.37400000000000005,0.04191616766467066,0.8879246853885813
21,30,1,9.523809523809524,0.3776666666666667,0.04191616766467066,0.8890127952391775
21,30,1,9.523809523809524,0.38133333333333336,0.04191616766467066,0.8900799799003394
21,30,1,9.523809523809524,0.38500000000000006,0.04191616766467066,0.8911268372346215
21,30,1,9.523809523809524,0.3886666666666667,0.04191616766467066,0.892153942543729
21,30,1,9.523809523809524,0.39233333333333337,0.04191616766467066,0.8931618496227596
21,30,1,9.523809523809524,0.396,0.04191616766467066,0.8941510917558824
21,30,1,9.523809523809524,0.3996666666666667,0.04191616766467066,0.8951221826572041
21,30,1,9.523809523809524,0.4033333333333334,0.04191616766467066,0.8960756173603207
21,30,1,9.523809523809524,0.40700000000000003,0.04191616766467066,0.8970118730597769
21,30,1,9.523809523809524,0.41066666666666674,0.04191616766467066,0.8979314099074579
21,30,1,9.523809523809524,0.4143333333333334,0.04191616766467066,0.8988346717666839
21,30,1,9.523809523809524,0.41800000000000004,0.04191616766467066,0.8997220869266253
21,30,1,9.523809523809524,0.4216666666666667,0.04191616766467066,0.9005940687794372
21,30,1,9.523809523809524,0.4253333333333334,0.04191616766467066,0.9014510164623729
21,30,1,9.523809523809524,0.42900000000000005,0.04191616766467066,0.902293315466968
21,30,1,9.523809523809524,0.4326666666666667,0.04191616766467066,0.9031213382172482
21,30,1,9.523809523809524,0.43633333333333335,0.04191616766467066,0.903935444618784
21,30,1,9.523809523809524,0.44000000000000006,0.04191616766467066,0.9047359825802993
21,30,1,9.523809523809524,0.4436666666666667,0.04191616766467066,0.9055232885093865
21,30,1,9.523809523809524,0.44733333333333336,0.04191616766467066,0.9062976877838995
21,30,1,9.523809523809524,0.45100000000000007,0.04191616766467066,0.9070594952002896
21,30,1,9.523809523809524,0.4546666666666667,0.04191616766467066,0.9078090154002867
21,30,1,9.523809523809524,0.45833333333333337,0.04191616766467066,0.908546543277084
21,30,1,9.523809523809524,0.462,0.04191616766467066,0.909272364362186
21,30,1,9.523809523809524,0.46566666666666673,0.04191616766467066,0.9099867551939795
21,30,1,9.523809523809524,0.4693333333333334,0.04191616766467066,0.9106899836690264
21,30,1,9.523809523809524,0.47300000000000003,0.04191616766467066,0.9113823093770183
21,30,1,9.523809523809524,0.47666666666666674,0.04191616766467066,0.9120639839202719
21,30,1,9.523809523809524,0.4803333333333334,0.04191616766467066,0.9127352512185902
21,30,1,9.523809523809524,0.48400000000000004,0.04191616766467066,0.9133963478002673
21,30,1,9.523809523809524,0.4876666666666667,0.04191616766467066,0.9140475030799649
21,30,1,9.523809523809524,0.4913333333333334,0.04191616766467066,0.914688939624144
21,30,1,9.523809523809524,0.49500000000000005,0.04191616766467066,0.9153208734047056
21,30,1,9.523809523809524,0.4986666666666667,0.04191616766467066,0.9159435140414359
21,30,1,9.523809523809524,0.5023333333333334,0.04191616766467066,0.9165570650338342
21,30,1,9.523809523809524,0.506,0.04191616766467066,0.9171617239828644
21,30,1,9.523809523809524,0.5096666666666667,0.04191616766467066,0.9177576828031315
21,30,1,9.523809523809524,0.5133333333333334,0.04191616766467066,0.9183451279259665
21,30,1,9.523809523809524,0.517,0.04191616766467066,0.9189242404938672
21,30,1,9.523809523809524,0.5206666666666667,0.04191616766467066,0.9194951965467272
21,30,1,9.523809523809524,0.5243333333333334,0.04191616766467066,0.9200581672002468
21,30,1,9.523809523809524,0.528,0.04191616766467066,0.9206133188169114
21,30,1,9.523809523809524,0.5316666666666667,0.04191616766467066,0.9211608131698985
21,30,1,9.523809523809524,0.5353333333333334,0.04191616766467066,0.9217008076002418
21,30,1,9.523809523809524,0.539,0.04191616766467066,0.9222334551675869
21,30,1,9.523809523809524,0.5426666666666667,0.04191616766467066,0.9227589047948329
21,30,1,9.523809523809524,0.5463333333333333,0.04191616766467066,0.9232773014069483
21,30,1,9.523809523809524,0.55,0.04191616766467066,0.9237887860642352
22,30,1,9.545454545454545,0.0,0.04182509505703423,0.0
22,30,1,9.545454545454545,0.003666666666666667,0.04182509505703423,1.668709614932596e-15
22,30,1,9.545454545454545,0.007333333333333334,0.04182509505703423,0.0
22,30,1,9.545454545454545,0.011000000000000001,0.04182509505703423,3.7102596127711194e-16
22,30,1,9.545454545454545,0.014666666666666668,0.04182509505703423,1.9539925233402702e-18
22,30,1,9.545454545454545,0.018333333333333333,0.04182509505703423,1.7353170334817406e-24
22,30,1,9.545454545454545,0.022000000000000002,0.04182509505703423,1.4640935169004168e-17
22,30,1,9.545454545454545,0.02566666666666667,0.04182509505703423,6.95213872393449e-13
22,30,1,9.545454545454545,0.029333333333333336,0.04182509505703423,6.067393482789148e-10
22,30,1,9.545454545454545,0.033,0.04182509505703423,2.610948884209903e-07
22,30,1,9.545454545454545,0.03666666666666667,0.04182509505703423,5.705837528921094e-05
22,30,1,9.545454545454545,0.04033333333333334,0.04182509505703423,0.004671371319984355
22,30,1,9.545454545454545,0.044000000000000004,0.04182509505703423,0.05176484041552254
22,30,1,9.545454545454545,0.04766666666666667,0.04182509505703423,0.12258754918104511
22,30,1,9.545454545454545,0.05133333333333334,0.04182509505703423,0.18522589901750502
22,30,1,9.545454545454545,0.05500000000000001,0.04182509505703423,0.23954373271915008
22,30,1,9.545454545454545,0.05866666666666667,0.04182509505703423,0.2870722434435118
22,30,1,9.545454545454545,0.06233333333333334,0.04182509505703423,0.32900917020964826
22,30,1,9.545454545454545,0.066,0.04182509505703423,0.3662864385298153
22,30,1,9.545454545454545,0.06966666666666667,0.04182509505703423,0.3996397838703309
22,30,1,9.545454545454545,0.07333333333333333,0.04182509505703423,0.4296577946768169
22,30,1,9.545454545454545,0.07700000000000001,0.04182509505703423,0.45681694731125205
22,30,1,9.545454545454545,0.08066666666666668,0.04182509505703423,0.48150708606983467
22,30,1,9.545454545454545,0.08433333333333334,0.04182509505703423,0.5040502562407059
22,30,1,9.545454545454545,0.08800000000000001,0.04182509505703423,0.524714828897341
22,30,1,9.545454545454545,0.09166666666666667,0.04182509505703423,0.5437262357414572
22,30,1,9.545454545454545,0.09533333333333334,0.04182509505703423,0.5612752266744683
22,30,1,9.545454545454545,0.099,0.04182509505703423,0.5775242923531924
22,30,1,9.545454545454545,0.10266666666666668,0.04182509505703423,0.5926127104834371
22,30,1,9.545454545454545,0.10633333333333335,0.04182509505703423,0.6066605480529779
22,30,1,9.545454545454545,0.11000000000000001,0.04182509505703423,0.6197718631178728
22,30,1,9.545454545454545,0.11366666666666668,0.04182509505703423,0.6320372868882673
22,30,1,9.545454545454545,0.11733333333333335,0.04182509505703423,0.643536121673005
22,30,1,9.545454545454545,0.12100000000000001,0.04182509505703423,0.6543380573798881
22,30,1,9.545454545454545,0.12466666666666668,0.04182509505703423,0.6645045851040053
22,30,1,9.545454545454545,0.12833333333333335,0.04182509505703423,0.6740901683867558
22,30,1,9.545454545454545,0.132,0.04182509505703423,0.6831432192648956
22,30,1,9.545454545454545,0.13566666666666669,0.04182509505703423,0.6917069160415181
22,30,1,9.545454545454545,0.13933333333333334,0.04182509505703423,0.69981989193517
22,30,1,9.545454545454545,0.14300000000000002,0.04182509505703423,0.707516817782981
22,30,1,9.545454545454545,0.14666666666666667,0.04182509505703423,0.7148288973384046
22,30,1,9.545454545454545,0.15033333333333335,0.04182509505703423,0.7217842900862473
22,30,1,9.545454545454545,0.15400000000000003,0.04182509505703423,0.728408473655629
22,30,1,9.545454545454545,0.15766666666666668,0.04182509505703423,0.7347245556636339
22,30,1,9.545454545454545,0.16133333333333336,0.04182509505703423,0.7407535430349135
22,30,1,9.545454545454545,0.165,0.04182509505703423,0.7465145754119145
22,30,1,9.545454545454545,0.1686666666666667,0.04182509505703423,0.7520251281203636
22,30,1,9.545454545454545,0.17233333333333334,0.04182509505703423,0.7573011892241791
22,30,1,9.545454545454545,0.17600000000000002,0.04182509505703423,0.7623574144486722
22,30,1,9.545454545454545,0.1796666666666667,0.04182509505703423,0.7672072631333916
22,30,1,9.545454545454545,0.18333333333333335,0.04182509505703423,0.7718631178707231
22,30,1,9.545454545454545,0.18700000000000003,0.04182509505703423,0.7763363900693362
22,30,1,9.545454545454545,0.19066666666666668,0.04182509505703423,0.7806376133372467
22,30,1,9.545454545454545,0.19433333333333336,0.04182509505703423,0.784776526293142
22,30,1,9.545454545454545,0.198,0.04182509505703423,0.7887621461765987
22,30,1,9.545454545454545,0.2016666666666667,0.04182509505703423,0.7926028344279317
22,30,1,9.545454545454545,0.20533333333333337,0.04182509505703423,0.7963063552417177
22,30,1,9.545454545454545,0.20900000000000002,0.04182509505703423,0.7998799279567749
22,30,1,9.545454545454545,0.2126666666666667,0.04182509505703423,0.803330274026485
22,30,1,9.545454545454545,0.21633333333333335,0.04182509505703423,0.806663659212477
22,30,1,9.545454545454545,0.22000000000000003,0.04182509505703423,0.8098859315589354
22,30,1,9.545454545454545,0.22366666666666668,0.04182509505703423,0.8130025556317495
22,30,1,9.545454545454545,0.22733333333333336,0.04182509505703423,0.8160186434441365
22,30,1,9.545454545454545,0.231,0.04182509505703423,0.8189389824370846
22,30,1,9.545454545454545,0.2346666666666667,0.04182509505703423,0.8217680608365038
22,30,1,9.545454545454545,0.23833333333333337,0.04182509505703423,0.8245100906697875
22,30,1,9.545454545454545,0.24200000000000002,0.04182509505703423,0.8271690286899418
22,30,1,9.545454545454545,0.2456666666666667,0.04182509505703423,0.8297485954259127
22,30,1,9.545454545454545,0.24933333333333335,0.04182509505703423,0.8322522925520021
22,30,1,9.545454545454545,0.253,0.04182509505703423,0.8346834187469004
22,30,1,9.545454545454545,0.2566666666666667,0.04182509505703423,0.8370450841933732
22,30,1,9.545454545454545,0.26033333333333336,0.04182509505703423,0.8393402238526217
22,30,1,9.545454545454545,0.264,0.04182509505703423,0.8415716096324585
22,30,1,9.545454545454545,0.2676666666666667,0.04182509505703423,0.8437418615552978
22,30,1,9.545454545454545,0.27133333333333337,0.04182509505703423,0.845853458020764
22,30,1,9.545454545454545,0.275,0.04182509505703423,0.847908745247152
22,30,1,9.545454545454545,0.2786666666666667,0.04182509505703423,0.8499099459675831
22,30,1,9.545454545454545,0.2823333333333334,0.04182509505703423,0.8518591674485224
22,30,1,9.545454545454545,0.28600000000000003,0.04182509505703423,0.8537584088914895
22,30,1,9.545454545454545,0.2896666666666667,0.04182509505703423,0.8556095682726099
22,30,1,9.545454545454545,0.29333333333333333,0.04182509505703423,0.8574144486692017
22,30,1,9.545454545454545,0.29700000000000004,0.04182509505703423,0.8591747641177302
22,30,1,9.545454545454545,0.3006666666666667,0.04182509505703423,0.8608921450431237
22,30,1,9.545454545454545,0.30433333333333334,0.04182509505703423,0.862568143295616
22,30,1,9.545454545454545,0.30800000000000005,0.04182509505703423,0.8642042368278111
22,30,1,9.545454545454545,0.3116666666666667,0.04182509505703423,0.8658018340416015
22,30,1,9.545454545454545,0.31533333333333335,0.04182509505703423,0.8673622778318155
22,30,1,9.545454545454545,0.319,0.04182509505703423,0.86888684935099
22,30,1,9.545454545454545,0.3226666666666667,0.04182509505703423,0.870376771517456
22,30,1,9.545454545454545,0.32633333333333336,0.04182509505703423,0.8718332122869228
22,30,1,9.545454545454545,0.33,0.04182509505703423,0.8732572877059654
22,30,1,9.545454545454545,0.3336666666666667,0.04182509505703423,0.8746500647641399
22,30,1,9.545454545454545,0.3373333333333334,0.04182509505703423,0.8760125640601798
22,30,1,9.545454545454545,0.341,0.04182509505703423,0.8773457622960904
22,30,1,9.545454545454545,0.3446666666666667,0.04182509505703423,0.8786505946120888
22,30,1,9.545454545454545,0.3483333333333334,0.04182509505703423,0.8799279567740661
22,30,1,9.545454545454545,0.35200000000000004,0.04182509505703423,0.8811787072243357
22,30,1,9.545454545454545,0.3556666666666667,0.04182509505703423,0.8824036690055279
22,30,1,9.545454545454545,0.3593333333333334,0.04182509505703423,0.8836036315666954
22,30,1,9.545454545454545,0.36300000000000004,0.04182509505703423,0.8847793524599613
22,30,1,9.545454545454545,0.3666666666666667,0.04182509505703423,0.8859315589353614
22,30,1,9.545454545454545,0.37033333333333335,0.04182509505703423,0.8870609494409517
22,30,1,9.545454545454545,0.37400000000000005,0.04182509505703423,0.888168195034668
22,30,1,9.545454545454545,0.3776666666666667,0.04182509505703423,0.8892539407139429
22,30,1,9.545454545454545,0.38133333333333336,0.04182509505703423,0.8903188066686165
22,30,1,9.545454545454545,0.38500000000000006,0.04182509505703423,0.8913633894622489
22,30,1,9.545454545454545,0.3886666666666667,0.04182509505703423,0.8923882631465674
22,30,1,9.545454545454545,0.39233333333333337,0.04182509505703423,0.8933939803134218
22,30,1,9.545454545454545,0.396,0.04182509505703423,0.8943810730882974
22,30,1,9.545454545454545,0.3996666666666667,0.04182509505703423,0.8953500540691388
22,30,1,9.545454545454545,0.4033333333333334,0.04182509505703423,0.896301417213965
22,30,1,9.545454545454545,0.40700000000000003,0.04182509505703423,0.8972356386805056
22,30,1,9.545454545454545,0.41066666666666674,0.04182509505703423,0.898153177620858
22,30,1,9.545454545454545,0.4143333333333334,0.04182509505703423,0.8990544769339479
22,30,1,9.545454545454545,0.41800000000000004,0.04182509505703423,0.8999399639783872
22,30,1,9.545454545454545,0.4216666666666667,0.04182509505703423,0.9008100512481404
22,30,1,9.545454545454545,0.4253333333333334,0.04182509505703423,0.9016651370132427
22,30,1,9.545454545454545,0.42900000000000005,0.04182509505703423,0.9025056059276592
22,30,1,9.545454545454545,0.4326666666666667,0.04182509505703423,0.9033318296062385
22,30,1,9.545454545454545,0.43633333333333335,0.04182509505703423,0.9041441671725724
22,30,1,9.545454545454545,0.44000000000000006,0.04182509505703423,0.9049429657794725
22,30,1,9.545454545454545,0.4436666666666667,0.04182509505703423,0.9057285611036088
22,30,1,9.545454545454545,0.44733333333333336,0.04182509505703423,0.9065012778158733
22,30,1,9.545454545454545,0.45100000000000007,0.04182509505703423,0.9072614300287514
22,30,1,9.545454545454545,0.4546666666666667,0.04182509505703423,0.9080093217220674
22,30,1,9.545454545454545,0.45833333333333337,0.04182509505703423,0.9087452471482904
22,30,1,9.545454545454545,0.462,0.04182509505703423,0.9094694912185418
22,30,1,9.545454545454545,0.46566666666666673,0.04182509505703423,0.910182329870364
22,30,1,9.545454545454545,0.4693333333333334,0.04182509505703423,0.9108840304182516
22,30,1,9.545454545454545,0.47300000000000003,0.04182509505703423,0.9115748518878773
22,30,1,9.545454545454545,0.47666666666666674,0.04182509505703423,0.9122550453348938
22,30,1,9.545454545454545,0.4803333333333334,0.04182509505703423,0.9129248541491309
22,30,1,9.545454545454545,0.48400000000000004,0.04182509505703423,0.9135845143449709
22,30,1,9.545454545454545,0.4876666666666667,0.04182509505703423,0.9142342548386175
22,30,1,9.545454545454545,0.4913333333333334,0.04182509505703423,0.9148742977129563
22,30,1,9.545454545454545,0.49500000000000005,0.04182509505703423,0.9155048584706382
22,30,1,9.545454545454545,0.4986666666666667,0.04182509505703423,0.9161261462760011
22,30,1,9.545454545454545,0.5023333333333334,0.04182509505703423,0.9167383641863952
22,30,1,9.545454545454545,0.506,0.04182509505703423,0.9173417093734503
22,30,1,9.545454545454545,0.5096666666666667,0.04182509505703423,0.9179363733347923
22,30,1,9.545454545454545,0.5133333333333334,0.04182509505703423,0.9185225420966866
22,30,1,9.545454545454545,0.517,0.04182509505703423,0.9191003964080575
22,30,1,9.545454545454545,0.5206666666666667,0.04182509505703423,0.9196701119263109
22,30,1,9.545454545454545,0.5243333333333334,0.04182509505703423,0.9202318593953573
22,30,1,9.545454545454545,0.528,0.04182509505703423,0.9207858048162232
22,30,1,9.545454545454545,0.5316666666666667,0.04182509505703423,0.9213321096105941
22,30,1,9.545454545454545,0.5353333333333334,0.04182509505703423,0.9218709307776447
22,30,1,9.545454545454545,0.539,0.04182509505703423,0.9224024210444633
22,30,1,9.545454545454545,0.5426666666666667,0.04182509505703423,0.9229267290103791
22,30,1,9.545454545454545,0.5463333333333333,0.04182509505703423,0.9234439992854773
22,30,1,9.545454545454545,0.55,0.04182509505703423,0.9239543726235742
23,30,1,9.565217391304348,0.0,0.041742286751361164,0.0
23,30,1,9.565217391304348,0.003666666666666667,0.041742286751361164,5.550872892647686e-16
23,30,1,9.565217391304348,0.007333333333333334,0.041742286751361164,0.0
23,30,1,9.565217391304348,0.011000000000000001,0.041742286751361164,2.930988785010347e-18
23,30,1,9.565217391304348,0.014666666666666668,0.041742286751361164,1.6488305670298526e-15
23,30,1,9.565217391304348,0.018333333333333333,0.041742286751361164,1.8881329688441175e-24
23,30,1,9.565217391304348,0.022000000000000002,0.041742286751361164,1.596637899964674e-17
23,30,1,9.565217391304348,0.02566666666666667,0.041742286751361164,7.691381425145701e-13
23,30,1,9.565217391304348,0.029333333333333336,0.041742286751361164,6.71499712482807e-10
23,30,1,9.565217391304348,0.033,0.041742286751361164,2.891937731885981e-07
23,30,1,9.565217391304348,0.03666666666666667,0.041742286751361164,6.299955312253781e-05
23,30,1,9.565217391304348,0.04033333333333334,0.041742286751361164,0.0050485875520012635
23,30,1,9.565217391304348,0.044000000000000004,0.041742286751361164,0.053445226132640175
23,30,1,9.565217391304348,0.04766666666666667,0.041742286751361164,0.12432086476685159
23,30,1,9.565217391304348,0.05133333333333334,0.041742286751361164,0.18683899350203345
23,30,1,9.565217391304348,0.05500000000000001,0.041742286751361164,0.24104933750593469
23,30,1,9.565217391304348,0.05866666666666667,0.041742286751361164,0.28848374864183185
23,30,1,9.565217391304348,0.06233333333333334,0.041742286751361164,0.33033764570152063
23,30,1,9.565217391304348,0.066,0.041742286751361164,0.3675411098278882
23,30,1,9.565217391304348,0.06966666666666667,0.041742286751361164,0.4008284198369287
23,30,1,9.565217391304348,0.07333333333333333,0.041742286751361164,0.43078699884508503
23,30,1,9.565217391304348,0.07700000000000001,0.041742286751361164,0.45789237985246
23,30,1,9.565217391304348,0.08066666666666668,0.041742286751361164,0.4825336353137142
23,30,1,9.565217391304348,0.08433333333333334,0.041742286751361164,0.5050321729087652
23,30,1,9.565217391304348,0.08800000000000001,0.041742286751361164,0.5256558323708982
23,30,1,9.565217391304348,0.09166666666666667,0.041742286751361164,0.5446295990760716
23,30,1,9.565217391304348,0.09533333333333334,0.041742286751361164,0.5621438452654544
23,30,1,9.565217391304348,0.099,0.041742286751361164,0.5783607398852431
23,30,1,9.565217391304348,0.10266666666666668,0.041742286751361164,0.5934192848893427
23,30,1,9.565217391304348,0.10633333333333335,0.041742286751361164,0.6074393095483352
23,30,1,9.565217391304348,0.11000000000000001,0.041742286751361164,0.6205246658967184
23,30,1,9.565217391304348,0.11366666666666668,0.041742286751361164,0.6327658057065048
23,30,1,9.565217391304348,0.11733333333333335,0.041742286751361164,0.6442418742781733
23,30,1,9.565217391304348,0.12100000000000001,0.041742286751361164,0.6550224235424748
23,30,1,9.565217391304348,0.12466666666666668,0.041742286751361164,0.6651688228500456
23,30,1,9.565217391304348,0.12833333333333335,0.041742286751361164,0.6747354279114803
23,30,1,9.565217391304348,0.132,0.041742286751361164,0.6837705549139337
23,30,1,9.565217391304348,0.13566666666666669,0.041742286751361164,0.6923172966730147
23,30,1,9.565217391304348,0.13933333333333334,0.041742286751361164,0.7004142099184689
23,30,1,9.565217391304348,0.14300000000000002,0.041742286751361164,0.7080958968436315
23,30,1,9.565217391304348,0.14666666666666667,0.041742286751361164,0.7153934994225389
23,30,1,9.565217391304348,0.15033333333333335,0.041742286751361164,0.7223351213878417
23,30,1,9.565217391304348,0.15400000000000003,0.041742286751361164,0.728946189926233
23,30,1,9.565217391304348,0.15766666666666668,0.041742286751361164,0.7352497669046889
23,30,1,9.565217391304348,0.16133333333333336,0.041742286751361164,0.7412668176568534
23,30,1,9.565217391304348,0.165,0.041742286751361164,0.7470164439311451
23,30,1,9.565217391304348,0.1686666666666667,0.041742286751361164,0.7525160864543927
23,30,1,9.565217391304348,0.17233333333333334,0.041742286751361164,0.7577817016362078
23,30,1,9.565217391304348,0.17600000000000002,0.041742286751361164,0.7628279161854509
23,30,1,9.565217391304348,0.1796666666666667,0.041742286751361164,0.7676681627939097
23,30,1,9.565217391304348,0.18333333333333335,0.041742286751361164,0.7723147995380306
23,30,1,9.565217391304348,0.18700000000000003,0.041742286751361164,0.776779215233363
23,30,1,9.565217391304348,0.19066666666666668,0.041742286751361164,0.781071922632734
23,30,1,9.565217391304348,0.19433333333333336,0.041742286751361164,0.7852026410736206
23,30,1,9.565217391304348,0.198,0.041742286751361164,0.7891803699426243
23,30,1,9.565217391304348,0.2016666666666667,0.041742286751361164,0.7930134541254841
23,30,1,9.565217391304348,0.20533333333333337,0.041742286751361164,0.7967096424446709
23,30,1,9.565217391304348,0.20900000000000002,0.041742286751361164,0.8002761399456407
23,30,1,9.565217391304348,0.2126666666666667,0.041742286751361164,0.8037196547741642
23,30,1,9.565217391304348,0.21633333333333335,0.041742286751361164,0.8070464402864664
23,30,1,9.565217391304348,0.22000000000000003,0.041742286751361164,0.8102623329483585
23,30,1,9.565217391304348,0.22366666666666668,0.041742286751361164,0.8133727865065913
23,30,1,9.565217391304348,0.22733333333333336,0.041742286751361164,0.8163829028532555
23,30,1,9.565217391304348,0.231,0.041742286751361164,0.8192974599508206
23,30,1,9.565217391304348,0.2346666666666667,0.041742286751361164,0.8221209371390877
23,30,1,9.565217391304348,0.23833333333333337,0.041742286751361164,0.8248575381061781
23,30,1,9.565217391304348,0.24200000000000002,0.041742286751361164,0.8275112117712357
23,30,1,9.565217391304348,0.2456666666666667,0.041742286751361164,0.8300856712970376
23,30,1,9.565217391304348,0.24933333333333335,0.041742286751361164,0.8325844114250223
23,30,1,9.565217391304348,0.253,0.041742286751361164,0.8350107243029207
23,30,1,9.565217391304348,0.2566666666666667,0.041742286751361164,0.8373677139557361
23,30,1,9.565217391304348,0.26033333333333336,0.041742286751361164,0.8396583095338239
23,30,1,9.565217391304348,0.264,0.041742286751361164,0.8418852774569769
23,30,1,9.565217391304348,0.2676666666666667,0.041742286751361164,0.8440512325603026
23,30,1,9.565217391304348,0.27133333333333337,0.041742286751361164,0.8461586483365118
23,30,1,9.565217391304348,0.275,0.041742286751361164,0.8482098663586901
23,30,1,9.565217391304348,0.2786666666666667,0.041742286751361164,0.8502071049592324
23,30,1,9.565217391304348,0.2823333333333334,0.041742286751361164,0.8521524672324884
23,30,1,9.565217391304348,0.28600000000000003,0.041742286751361164,0.8540479484218151
23,30,1,9.565217391304348,0.2896666666666667,0.041742286751361164,0.8558954427455892
23,30,1,9.565217391304348,0.29333333333333333,0.041742286751361164,0.8576967497112691
23,30,1,9.565217391304348,0.29700000000000004,0.041742286751361164,0.8594535799617474
23,30,1,9.565217391304348,0.3006666666666667,0.041742286751361164,0.861167560693921
23,30,1,9.565217391304348,0.30433333333333334,0.041742286751361164,0.8628402406855602
23,30,1,9.565217391304348,0.30800000000000005,0.041742286751361164,0.8644730949631131
23,30,1,9.565217391304348,0.3116666666666667,0.041742286751361164,0.8660675291400177
23,30,1,9.565217391304348,0.31533333333333335,0.041742286751361164,0.867624883452343
23,30,1,9.565217391304348,0.319,0.041742286751361164,0.8691464365161092
23,30,1,9.565217391304348,0.3226666666666667,0.041742286751361164,0.8706334088284263
23,30,1,9.565217391304348,0.32633333333333336,0.041742286751361164,0.8720869660326013
23,30,1,9.565217391304348,0.33,0.041742286751361164,0.8735082219655804
23,30,1,9.565217391304348,0.3336666666666667,0.041742286751361164,0.8748982415044184
23,30,1,9.565217391304348,0.3373333333333334,0.041742286751361164,0.8762580432271947
23,30,1,9.565217391304348,0.341,0.041742286751361164,0.8775886019021699
23,30,1,9.565217391304348,0.3446666666666667,0.041742286751361164,0.8788908508181034
23,30,1,9.565217391304348,0.3483333333333334,0.041742286751361164,0.8801656839673856
23,30,1,9.565217391304348,0.35200000000000004,0.041742286751361164,0.881413958092725
23,30,1,9.565217391304348,0.3556666666666667,0.041742286751361164,0.8826364946072324
23,30,1,9.565217391304348,0.3593333333333334,0.041742286751361164,0.8838340813969547
23,30,1,9.565217391304348,0.36300000000000004,0.041742286751361164,0.8850074745141568
23,30,1,9.565217391304348,0.3666666666666667,0.041742286751361164,0.8861573997690152
23,30,1,9.565217391304348,0.37033333333333335,0.041742286751361164,0.8872845542267478
23,30,1,9.565217391304348,0.37400000000000005,0.041742286751361164,0.8883896076166815
23,30,1,9.565217391304348,0.3776666666666667,0.041742286751361164,0.8894732036592383
23,30,1,9.565217391304348,0.38133333333333336,0.041742286751361164,0.8905359613163606
23,30,1,9.565217391304348,0.38500000000000006,0.041742286751361164,0.8915784759704908
23,30,1,9.565217391304348,0.3886666666666667,0.041742286751361164,0.8926013205368066
23,30,1,9.565217391304348,0.39233333333333337,0.041742286751361164,0.8936050465130981
23,30,1,9.565217391304348,0.396,0.041742286751361164,0.89459018497131
23,30,1,9.565217391304348,0.3996666666666667,0.041742286751361164,0.8955572474945092
23,30,1,9.565217391304348,0.4033333333333334,0.041742286751361164,0.8965067270627409
23,30,1,9.565217391304348,0.40700000000000003,0.041742286751361164,0.8974390988910045
23,30,1,9.565217391304348,0.41066666666666674,0.041742286751361164,0.898354821222335
23,30,1,9.565217391304348,0.4143333333333334,0.041742286751361164,0.8992543360787741
23,30,1,9.565217391304348,0.41800000000000004,0.041742286751361164,0.9001380699728202
23,30,1,9.565217391304348,0.4216666666666667,0.041742286751361164,0.9010064345817521
23,30,1,9.565217391304348,0.4253333333333334,0.041742286751361164,0.9018598273870817
23,30,1,9.565217391304348,0.42900000000000005,0.041742286751361164,0.9026986322812095
23,30,1,9.565217391304348,0.4326666666666667,0.041742286751361164,0.903523220143233
23,30,1,9.565217391304348,0.43633333333333335,0.041742286751361164,0.904333949385727
23,30,1,9.565217391304348,0.44000000000000006,0.041742286751361164,0.9051311664741838
23,30,1,9.565217391304348,0.4436666666666667,0.041742286751361164,0.9059152064206777
23,30,1,9.565217391304348,0.44733333333333336,0.041742286751361164,0.9066863932532943
23,30,1,9.565217391304348,0.45100000000000007,0.041742286751361164,0.9074450404626162
23,30,1,9.565217391304348,0.4546666666666667,0.041742286751361164,0.9081914514266267
23,30,1,9.565217391304348,0.45833333333333337,0.041742286751361164,0.9089259198152132
23,30,1,9.565217391304348,0.462,0.041742286751361164,0.9096487299754099
23,30,1,9.565217391304348,0.46566666666666673,0.041742286751361164,0.9103601572984381
23,30,1,9.565217391304348,0.4693333333333334,0.041742286751361164,0.9110604685695436
23,30,1,9.565217391304348,0.47300000000000003,0.041742286751361164,0.9117499223015625
23,30,1,9.565217391304348,0.47666666666666674,0.041742286751361164,0.912428769053089
23,30,1,9.565217391304348,0.4803333333333334,0.041742286751361164,0.9130972517320728
23,30,1,9.565217391304348,0.48400000000000004,0.041742286751361164,0.9137556058856178
23,30,1,9.565217391304348,0.4876666666666667,0.041742286751361164,0.914404059976703
23,30,1,9.565217391304348,0.4913333333333334,0.041742286751361164,0.9150428356485186
23,30,1,9.565217391304348,0.49500000000000005,0.041742286751361164,0.9156721479770484
23,30,1,9.565217391304348,0.4986666666666667,0.041742286751361164,0.916292205712511
23,30,1,9.565217391304348,0.5023333333333334,0.041742286751361164,0.9169032115102299
23,30,1,9.565217391304348,0.506,0.041742286751361164,0.9175053621514603
23,30,1,9.565217391304348,0.5096666666666667,0.041742286751361164,0.9180988487546871
23,30,1,9.565217391304348,0.5133333333333334,0.041742286751361164,0.9186838569778679
23,30,1,9.565217391304348,0.517,0.041742286751361164,0.9192605672120672
23,30,1,9.565217391304348,0.5206666666666667,0.041742286751361164,0.919829154766912
23,30,1,9.565217391304348,0.5243333333333334,0.041742286751361164,0.9203897900482623
23,30,1,9.565217391304348,0.528,0.041742286751361164,0.9209426387284825
23,30,1,9.565217391304348,0.5316666666666667,0.041742286751361164,0.9214878619096658
23,30,1,9.565217391304348,0.5353333333333334,0.041742286751361164,0.9220256162801475
23,30,1,9.565217391304348,0.539,0.041742286751361164,0.9225560542646359
23,30,1,9.565217391304348,0.5426666666666667,0.041742286751361164,0.9230793241682534
23,30,1,9.565217391304348,0.5463333333333333,0.041742286751361164,0.9235955703147752
23,30,1,9.565217391304348,0.55,0.041742286751361164,0.9241049331793434
24,30,1,9.583333333333334,0.0,0.04166666666666667,0.0
24,30,1,9.583333333333334,0.003666666666666667,0.04166666666666667,4.986341774264987e-15
24,30,1,9.583333333333334,0.007333333333333334,0.04166666666666667,1.8399967539944166e-16
24,30,1,9.583333333333334,0.011000000000000001,0.04166666666666667,2.9309887850103435e-18
24,30,1,9.583333333333334,0.014666666666666668,0.04166666666666667,7.325154975344206e-16
24,30,1,9.583333333333334,0.018333333333333333,0.04166666666666667,2.0512138297561276e-24
24,30,1,9.583333333333334,0.022000000000000002,0.04166666666666667,1.9866295543030483e-16
24,30,1,9.583333333333334,0.02566666666666667,0.04166666666666667,8.409120812786212e-13
24,30,1,9.583333333333334,0.029333333333333336,0.04166666666666667,7.368068967929124e-10
24,30,1,9.583333333333334,0.033,0.04166666666666667,3.175416478665203e-07
24,30,1,9.583333333333334,0.03666666666666667,0.04166666666666667,6.896623291288402e-05
24,30,1,9.583333333333334,0.04033333333333334,0.04166666666666667,0.005416024266268366
24,30,1,9.583333333333334,0.044000000000000004,0.04166666666666667,0.05499321035946511
24,30,1,9.583333333333334,0.04766666666666667,0.04166666666666667,0.12590406828143946
24,30,1,9.583333333333334,0.05133333333333334,0.04166666666666667,0.18831206769261047
24,30,1,9.583333333333334,0.05500000000000001,0.04166666666666667,0.24242424751129596
24,30,1,9.583333333333334,0.05866666666666667,0.04166666666666667,0.28977272734851467
24,30,1,9.583333333333334,0.06233333333333334,0.04166666666666667,0.33155080214030225
24,30,1,9.583333333333334,0.066,0.04166666666666667,0.3686868686868922
24,30,1,9.583333333333334,0.06966666666666667,0.04166666666666667,0.4019138755980928
24,30,1,9.583333333333334,0.07333333333333333,0.04166666666666667,0.4318181818181906
24,30,1,9.583333333333334,0.07700000000000001,0.04166666666666667,0.45887445887446565
24,30,1,9.583333333333334,0.08066666666666668,0.04166666666666667,0.48347107438017417
24,30,1,9.583333333333334,0.08433333333333334,0.04166666666666667,0.5059288537549446
24,30,1,9.583333333333334,0.08800000000000001,0.04166666666666667,0.5265151515151637
24,30,1,9.583333333333334,0.09166666666666667,0.04166666666666667,0.5454545454545565
24,30,1,9.583333333333334,0.09533333333333334,0.04166666666666667,0.5629370629370748
24,30,1,9.583333333333334,0.099,0.04166666666666667,0.5791245791245812
24,30,1,9.583333333333334,0.10266666666666668,0.04166666666666667,0.5941558441558477
24,30,1,9.583333333333334,0.10633333333333335,0.04166666666666667,0.6081504702194424
24,30,1,9.583333333333334,0.11000000000000001,0.04166666666666667,0.6212121212121227
24,30,1,9.583333333333334,0.11366666666666668,0.04166666666666667,0.6334310850439927
24,30,1,9.583333333333334,0.11733333333333335,0.04166666666666667,0.6448863636363649
24,30,1,9.583333333333334,0.12100000000000001,0.04166666666666667,0.6556473829201147
24,30,1,9.583333333333334,0.12466666666666668,0.04166666666666667,0.6657754010695206
24,30,1,9.583333333333334,0.12833333333333335,0.04166666666666667,0.6753246753246835
24,30,1,9.583333333333334,0.132,0.04166666666666667,0.684343434343437
24,30,1,9.583333333333334,0.13566666666666669,0.04166666666666667,0.6928746928746942
24,30,1,9.583333333333334,0.13933333333333334,0.04166666666666667,0.700956937799051
24,30,1,9.583333333333334,0.14300000000000002,0.04166666666666667,0.7086247086247113
24,30,1,9.583333333333334,0.14666666666666667,0.04166666666666667,0.715909090909092
24,30,1,9.583333333333334,0.15033333333333335,0.04166666666666667,0.7228381374722979
24,30,1,9.583333333333334,0.15400000000000003,0.04166666666666667,0.7294372294372355
24,30,1,9.583333333333334,0.15766666666666668,0.04166666666666667,0.7357293868921804
24,30,1,9.583333333333334,0.16133333333333336,0.04166666666666667,0.7417355371900841
24,30,1,9.583333333333334,0.165,0.04166666666666667,0.7474747474747477
24,30,1,9.583333333333334,0.1686666666666667,0.04166666666666667,0.7529644268774818
24,30,1,9.583333333333334,0.17233333333333334,0.04166666666666667,0.7582205029013596
24,30,1,9.583333333333334,0.17600000000000002,0.04166666666666667,0.7632575757575781
24,30,1,9.583333333333334,0.1796666666666667,0.04166666666666667,0.7680890538033408
24,30,1,9.583333333333334,0.18333333333333335,0.04166666666666667,0.7727272727272735
24,30,1,9.583333333333334,0.18700000000000003,0.04166666666666667,0.7771836007130126
24,30,1,9.583333333333334,0.19066666666666668,0.04166666666666667,0.7814685314685442
24,30,1,9.583333333333334,0.19433333333333336,0.04166666666666667,0.785591766723849
24,30,1,9.583333333333334,0.198,0.04166666666666667,0.7895622895622934
24,30,1,9.583333333333334,0.2016666666666667,0.04166666666666667,0.7933884297520679
24,30,1,9.583333333333334,0.20533333333333337,0.04166666666666667,0.797077922077923
24,30,1,9.583333333333334,0.20900000000000002,0.04166666666666667,0.8006379585326959
24,30,1,9.583333333333334,0.2126666666666667,0.04166666666666667,0.8040752351097179
24,30,1,9.583333333333334,0.21633333333333335,0.04166666666666667,0.8073959938366719
24,30,1,9.583333333333334,0.22000000000000003,0.04166666666666667,0.8106060606060748
24,30,1,9.583333333333334,0.22366666666666668,0.04166666666666667,0.8137108792846584
24,30,1,9.583333333333334,0.22733333333333336,0.04166666666666667,0.8167155425219993
24,30,1,9.583333333333334,0.231,0.04166666666666667,0.8196248196248228
24,30,1,9.583333333333334,0.2346666666666667,0.04166666666666667,0.8224431818181838
24,30,1,9.583333333333334,0.23833333333333337,0.04166666666666667,0.8251748251748262
24,30,1,9.583333333333334,0.24200000000000002,0.04166666666666667,0.8278236914600557
24,30,1,9.583333333333334,0.2456666666666667,0.04166666666666667,0.8303934871099053
24,30,1,9.583333333333334,0.24933333333333335,0.04166666666666667,0.8328877005347599
24,30,1,9.583333333333334,0.253,0.04166666666666667,0.8353096179183136
24,30,1,9.583333333333334,0.2566666666666667,0.04166666666666667,0.8376623376623379
24,30,1,9.583333333333334,0.26033333333333336,0.04166666666666667,0.8399487836107554
24,30,1,9.583333333333334,0.264,0.04166666666666667,0.8421717171717283
24,30,1,9.583333333333334,0.2676666666666667,0.04166666666666667,0.8443337484433452
24,30,1,9.583333333333334,0.27133333333333337,0.04166666666666667,0.8464373464373512
24,30,1,9.583333333333334,0.275,0.04166666666666667,0.8484848484848517
24,30,1,9.583333333333334,0.2786666666666667,0.04166666666666667,0.8504784688995235
24,30,1,9.583333333333334,0.2823333333333334,0.04166666666666667,0.8524203069657628
24,30,1,9.583333333333334,0.28600000000000003,0.04166666666666667,0.854312354312355
24,30,1,9.583333333333334,0.2896666666666667,0.04166666666666667,0.8561565017261228
24,30,1,9.583333333333334,0.29333333333333333,0.04166666666666667,0.8579545454545459
24,30,1,9.583333333333334,0.29700000000000004,0.04166666666666667,0.8597081930415266
24,30,1,9.583333333333334,0.3006666666666667,0.04166666666666667,0.8614190687361423
24,30,1,9.583333333333334,0.30433333333333334,0.04166666666666667,0.8630887185104056
24,30,1,9.583333333333334,0.30800000000000005,0.04166666666666667,0.8647186147186146
24,30,1,9.583333333333334,0.3116666666666667,0.04166666666666667,0.8663101604278074
24,30,1,9.583333333333334,0.31533333333333335,0.04166666666666667,0.8678646934460889
24,30,1,9.583333333333334,0.319,0.04166666666666667,0.8693834900731454
24,30,1,9.583333333333334,0.3226666666666667,0.04166666666666667,0.8708677685950411
24,30,1,9.583333333333334,0.32633333333333336,0.04166666666666667,0.8723186925434117
24,30,1,9.583333333333334,0.33,0.04166666666666667,0.8737373737373814
24,30,1,9.583333333333334,0.3336666666666667,0.04166666666666667,0.8751248751248811
24,30,1,9.583333333333334,0.3373333333333334,0.04166666666666667,0.8764822134387392
24,30,1,9.583333333333334,0.341,0.04166666666666667,0.8778103616813323
24,30,1,9.583333333333334,0.3446666666666667,0.04166666666666667,0.879110251450679
24,30,1,9.583333333333334,0.3483333333333334,0.04166666666666667,0.8803827751196186
24,30,1,9.583333333333334,0.35200000000000004,0.04166666666666667,0.8816287878787891
24,30,1,9.583333333333334,0.3556666666666667,0.04166666666666667,0.8828491096532339
24,30,1,9.583333333333334,0.3593333333333334,0.04166666666666667,0.8840445269016701
24,30,1,9.583333333333334,0.36300000000000004,0.04166666666666667,0.8852157943067038
24,30,1,9.583333333333334,0.3666666666666667,0.04166666666666667,0.8863636363636366
24,30,1,9.583333333333334,0.37033333333333335,0.04166666666666667,0.8874887488748877
24,30,1,9.583333333333334,0.37400000000000005,0.04166666666666667,0.8885918003565065
24,30,1,9.583333333333334,0.3776666666666667,0.04166666666666667,0.8896734333627542
24,30,1,9.583333333333334,0.38133333333333336,0.04166666666666667,0.8907342657342657
24,30,1,9.583333333333334,0.38500000000000006,0.04166666666666667,0.8917748917748918
24,30,1,9.583333333333334,0.3886666666666667,0.04166666666666667,0.892795883361921
24,30,1,9.583333333333334,0.39233333333333337,0.04166666666666667,0.8937977909940527
24,30,1,9.583333333333334,0.396,0.04166666666666667,0.894781144781145
24,30,1,9.583333333333334,0.3996666666666667,0.04166666666666667,0.8957464553794828
24,30,1,9.583333333333334,0.4033333333333334,0.04166666666666667,0.896694214876033
24,30,1,9.583333333333334,0.40700000000000003,0.04166666666666667,0.8976248976248977
24,30,1,9.583333333333334,0.41066666666666674,0.04166666666666667,0.8985389610389611
24,30,1,9.583333333333334,0.4143333333333334,0.04166666666666667,0.8994368463395012
24,30,1,9.583333333333334,0.41800000000000004,0.04166666666666667,0.9003189792663479
24,30,1,9.583333333333334,0.4216666666666667,0.04166666666666667,0.9011857707509883
24,30,1,9.583333333333334,0.4253333333333334,0.04166666666666667,0.902037617554859
24,30,1,9.583333333333334,0.42900000000000005,0.04166666666666667,0.9028749028749029
24,30,1,9.583333333333334,0.4326666666666667,0.04166666666666667,0.903697996918336
24,30,1,9.583333333333334,0.43633333333333335,0.04166666666666667,0.9045072574484396
24,30,1,9.583333333333334,0.44000000000000006,0.04166666666666667,0.9053030303030345
24,30,1,9.583333333333334,0.4436666666666667,0.04166666666666667,0.9060856498873067
24,30,1,9.583333333333334,0.44733333333333336,0.04166666666666667,0.906855439642328
24,30,1,9.583333333333334,0.45100000000000007,0.04166666666666667,0.9076127124907636
24,30,1,9.583333333333334,0.4546666666666667,0.04166666666666667,0.9083577712609989
24,30,1,9.583333333333334,0.45833333333333337,0.04166666666666667,0.9090909090909105
24,30,1,9.583333333333334,0.462,0.04166666666666667,0.9098124098124108
24,30,1,9.583333333333334,0.46566666666666673,0.04166666666666667,0.9105225483178249
24,30,1,9.583333333333334,0.4693333333333334,0.04166666666666667,0.9112215909090916
24,30,1,9.583333333333334,0.47300000000000003,0.04166666666666667,0.9119097956307264
24,30,1,9.583333333333334,0.47666666666666674,0.04166666666666667,0.9125874125874129
24,30,1,9.583333333333334,0.4803333333333334,0.04166666666666667,0.913254684247051
24,30,1,9.583333333333334,0.48400000000000004,0.04166666666666667,0.9139118457300277
24,30,1,9.583333333333334,0.4876666666666667,0.04166666666666667,0.9145591250854409
24,30,1,9.583333333333334,0.4913333333333334,0.04166666666666667,0.9151967435549526
24,30,1,9.583333333333334,0.49500000000000005,0.04166666666666667,0.9158249158249161
24,30,1,9.583333333333334,0.4986666666666667,0.04166666666666667,0.9164438502673797
24,30,1,9.583333333333334,0.5023333333333334,0.04166666666666667,0.9170537491705375
24,30,1,9.583333333333334,0.506,0.04166666666666667,0.917654808959157
24,30,1,9.583333333333334,0.5096666666666667,0.04166666666666667,0.9182472204054939
24,30,1,9.583333333333334,0.5133333333333334,0.04166666666666667,0.918831168831169
24,30,1,9.583333333333334,0.517,0.04166666666666667,0.9194068343004514
24,30,1,9.583333333333334,0.5206666666666667,0.04166666666666667,0.9199743918053779
24,30,1,9.583333333333334,0.5243333333333334,0.04166666666666667,0.9205340114431023
24,30,1,9.583333333333334,0.528,0.04166666666666667,0.9210858585858586
24,30,1,9.583333333333334,0.5316666666666667,0.04166666666666667,0.9216300940438871
24,30,1,9.583333333333334,0.5353333333333334,0.04166666666666667,0.9221668742216687
24,30,1,9.583333333333334,0.539,0.04166666666666667,0.9226963512677802
24,30,1,9.583333333333334,0.5426666666666667,0.04166666666666667,0.9232186732186731
24,30,1,9.583333333333334,0.5463333333333333,0.04166666666666667,0.9237339841366687
24,30,1,9.583333333333334,0.55,0.04166666666666667,0.9242424242424242
