resample_index,seed,feature,weight,active,gamma_raw_scale
1,20000,OFT_distance,0.0014196689903585758,True,0.00024283105853040353
1,20000,Average_speed_OFT,-0.0003100031857043473,True,-0.03239345544946496
1,20000,Total_time_mobile_OFT,-2.043383804592111e-21,False,-2.482701651962794e-23
1,20000,Absolute_turn_angle_OFT,3.5092094473325564e-22,False,3.336960871241342e-26
1,20000,Time_inCenter_OFT,-0.020021986409229326,True,-0.0005489685774924051
1,20000,Total_distance_travelled_NOR1,-6.734845038275586e-22,False,-1.2092567865641086e-22
1,20000,Average_speed_NOR1,6.315886248541882e-06,True,0.0006791078590133071
1,20000,Time_investigating_Piramidka_NOR1,0.02444773270056261,True,0.005376339625662055
1,20000,Latency_to_first_investigation_Piramidka_NOR1,-0.01155984719528142,True,-9.221082329982693e-05
1,20000,Time_investigating_Stakan_NOR1,0.003643337004611375,True,0.0005735503592598774
1,20000,Latency_to_first_investigation_Stakan_NOR1,0.0039209397885802124,True,3.215359729628043e-05
1,20000,Total_distance_travelled_NOR2,-1.0046689725925475e-21,False,-1.6573321213692066e-22
1,20000,Average_speed_NOR2,-1.1889848985976336e-21,False,-1.182559176886846e-19
1,20000,Time_investigating_Piramidka_zone_NOR2,-1.120216970448023e-21,False,-1.3686361446880912e-22
1,20000,Latency_to_first_investigation_Piramidka_zone_NOR2,-0.00671892377315553,True,-4.8031379518195606e-05
1,20000,Time_investigating_Stakan_zone_NOR2,7.990440060629743e-22,False,1.493228180161026e-22
1,20000,Latency_to_first_investigation_Stakan_zone_NOR2,0.020422839757251173,True,0.00017410491115584688
1,20000,Learning_T1mean,-1.1216178322994676e-21,False,-2.305802400550342e-22
1,20000,Learning_T1max,-0.03625604962549161,True,-0.0055414974359452255
1,20000,Learning_T1sum,-1.0295338662068703e-21,False,-5.291244468003994e-23
1,20000,Learning_T2mean,-7.274219536968925e-22,False,-8.712685385007701e-23
1,20000,Learning_T2max,-8.337243677495996e-22,False,-8.700874663031319e-23
1,20000,Learning_T2sum,-4.703905003991201e-22,False,-1.408523765761134e-23
1,20000,Learning_T3mean,-1.0172965908238899e-21,False,-8.480117311447325e-23
1,20000,Learning_T3max,-1.0285231303180638e-21,False,-7.537504466110567e-23
1,20000,Learning_T3sum,-1.0815269018914542e-21,False,-2.2538842374616392e-23
1,20000,EnduranceT,-7.275281203055116e-22,False,-1.261879377017165e-23
1,20000,rear_support,0.01034882332421026,True,0.0010522605329803503
1,20000,rear_nosupport,-0.008783095228286,True,-0.0011561169337231526
1,20000,Weight,1.1469365498314938e-21,False,4.949580063505843e-22
1,20000,Grip,0.04324910320346276,True,0.06355725036388753
2,20001,OFT_distance,0.00169105414945466,True,0.00027006388747408995
2,20001,Average_speed_OFT,-0.0012897156053015171,True,-0.12243454430031185
2,20001,Total_time_mobile_OFT,-2.9083644604743846e-22,False,-3.2488454065416655e-24
2,20001,Absolute_turn_angle_OFT,9.758808538722122e-23,False,8.589031014884281e-27
2,20001,Time_inCenter_OFT,-0.019760269946486077,True,-0.0004981272977638198
2,20001,Total_distance_travelled_NOR1,-2.306149031189769e-22,False,-3.7397974531881046e-23
2,20001,Average_speed_NOR1,-1.0738612595879853e-06,True,-0.00010442269851007149
2,20001,Time_investigating_Piramidka_NOR1,-0.004719064652192096,True,-0.0009799139159941891
2,20001,Latency_to_first_investigation_Piramidka_NOR1,-0.03251651059836568,True,-0.0002524762292897146
2,20001,Time_investigating_Stakan_NOR1,-2.1784825084668447e-22,False,-3.4800351232690906e-23
2,20001,Latency_to_first_investigation_Stakan_NOR1,4.092577802109832e-22,False,3.2945038504813736e-24
2,20001,Total_distance_travelled_NOR2,-3.9797411438317006e-22,False,-6.426038965300796e-23
2,20001,Average_speed_NOR2,-4.230262114161082e-22,False,-4.1193728436384854e-20
2,20001,Time_investigating_Piramidka_zone_NOR2,-3.7474155281280388e-22,False,-4.271832004279215e-23
2,20001,Latency_to_first_investigation_Piramidka_zone_NOR2,1.068878653854629e-22,False,7.759268265475262e-25
2,20001,Time_investigating_Stakan_zone_NOR2,0.037113802653101775,True,0.006634493510100225
2,20001,Latency_to_first_investigation_Stakan_zone_NOR2,0.01703666028353619,True,0.00013879243761690075
2,20001,Learning_T1mean,-3.215941474069089e-22,False,-5.845381084460268e-23
2,20001,Learning_T1max,-0.023527129179292682,True,-0.0037357196044727242
2,20001,Learning_T1sum,-2.389175805885047e-22,False,-1.0856574331170917e-23
2,20001,Learning_T2mean,0.01542663521967527,True,0.001936380255704462
2,20001,Learning_T2max,-1.0246076757054604e-22,False,-1.1010484610975233e-23
2,20001,Learning_T2sum,0.006282852569058256,True,0.00019715886664497398
2,20001,Learning_T3mean,-0.014496900909522206,True,-0.0011979195991199771
2,20001,Learning_T3max,-2.740920107982454e-23,False,-2.0173151720631866e-24
2,20001,Learning_T3sum,-0.017709380274987356,True,-0.0003658439457522524
2,20001,EnduranceT,0.013495130146754597,True,0.0002270210149394282
2,20001,rear_support,0.008938519176749543,True,0.0008296514190154599
2,20001,rear_nosupport,1.0268553576080658e-22,False,1.2699305594452123e-23
2,20001,Weight,1.4533713674883594e-22,False,5.923969069820433e-23
2,20001,Grip,0.036833283260641954,True,0.05479118590135126
3,20002,OFT_distance,0.0022467578512115507,True,0.0003651362355817111
3,20002,Average_speed_OFT,-0.08781677870264122,True,-8.000312102943992
3,20002,Total_time_mobile_OFT,-0.02901245128891262,True,-0.0002980726726034211
3,20002,Absolute_turn_angle_OFT,0.09050861804371149,True,7.70751169706836e-06
3,20002,Time_inCenter_OFT,-0.01442527604916024,True,-0.00032626231177386905
3,20002,Total_distance_travelled_NOR1,1.9402724691146935e-22,False,3.668081728099112e-23
3,20002,Average_speed_NOR1,8.175060364405972e-06,True,0.0009299109369749749
3,20002,Time_investigating_Piramidka_NOR1,0.0026777120159999965,True,0.0005854340384139782
3,20002,Latency_to_first_investigation_Piramidka_NOR1,-0.06768855486394658,True,-0.0005163603158490744
3,20002,Time_investigating_Stakan_NOR1,-0.041039496506111606,True,-0.007105098740356564
3,20002,Latency_to_first_investigation_Stakan_NOR1,-6.796003857923959e-23,False,-5.665812969824825e-25
3,20002,Total_distance_travelled_NOR2,-0.0068196187772099365,True,-0.0013941229149369472
3,20002,Average_speed_NOR2,-0.02963446404361142,True,-3.6466491558195555
3,20002,Time_investigating_Piramidka_zone_NOR2,2.7043754859303334e-22,False,3.246040944720401e-23
3,20002,Latency_to_first_investigation_Piramidka_zone_NOR2,-0.02146988956211885,True,-0.00014592122084211806
3,20002,Time_investigating_Stakan_zone_NOR2,8.437319779994664e-06,True,1.5454816734564207e-06
3,20002,Latency_to_first_investigation_Stakan_zone_NOR2,0.023834303032997637,True,0.00020531532323135474
3,20002,Learning_T1mean,8.201613034162093e-23,False,1.3089641620958337e-23
3,20002,Learning_T1max,-0.0189100640872694,True,-0.002786560797250098
3,20002,Learning_T1sum,8.201627930542799e-23,False,3.272416348835194e-24
3,20002,Learning_T2mean,3.87265335145226e-22,False,4.7339458147824834e-23
3,20002,Learning_T2max,3.713723190933126e-22,False,3.738249229869421e-23
3,20002,Learning_T2sum,3.872653351402353e-22,False,1.1834864536803692e-23
3,20002,Learning_T3mean,-0.01698728462269353,True,-0.0013227168994524555
3,20002,Learning_T3max,-0.010414971024076826,True,-0.0007453576274546314
3,20002,Learning_T3sum,-0.022557559941662766,True,-0.000439111759294789
3,20002,EnduranceT,0.03146060503341532,True,0.0005248412034585941
3,20002,rear_support,0.08190315213063823,True,0.008216608573740278
3,20002,rear_nosupport,-0.01549089553078106,True,-0.0019074696635145625
3,20002,Weight,0.011556089931311688,True,0.004420658390771299
3,20002,Grip,0.07754469813378918,True,0.12150790544157693
4,20003,OFT_distance,0.0009509333463005315,True,0.00016396522581548696
4,20003,Average_speed_OFT,5.034923555766619e-21,False,5.032137982355192e-19
4,20003,Total_time_mobile_OFT,-0.007098018524860002,True,-8.297771675356269e-05
4,20003,Absolute_turn_angle_OFT,0.02710562863138758,True,2.589088869714923e-06
4,20003,Time_inCenter_OFT,-0.060293868495701626,True,-0.0022314099734955955
4,20003,Total_distance_travelled_NOR1,5.869898065879057e-21,False,1.0105891208309842e-21
4,20003,Average_speed_NOR1,7.647076917452445e-06,True,0.0007908816795104232
4,20003,Time_investigating_Piramidka_NOR1,0.03921662788167925,True,0.008421676869142868
4,20003,Latency_to_first_investigation_Piramidka_NOR1,-0.021156508374017016,True,-0.00016279560501152984
4,20003,Time_investigating_Stakan_NOR1,1.1580581642656337e-20,False,1.9618685431161065e-21
4,20003,Latency_to_first_investigation_Stakan_NOR1,-2.7273170399253254e-20,False,-2.214435270459231e-22
4,20003,Total_distance_travelled_NOR2,1.556379168205213e-20,False,2.689941908064812e-21
4,20003,Average_speed_NOR2,1.466727915729308e-20,False,1.5289395256246044e-18
4,20003,Time_investigating_Piramidka_zone_NOR2,1.3416496096102389e-20,False,1.7948320681206585e-21
4,20003,Latency_to_first_investigation_Piramidka_zone_NOR2,7.13856804406308e-21,False,5.658977211435217e-23
4,20003,Time_investigating_Stakan_zone_NOR2,0.006927624975748046,True,0.0013121201651714928
4,20003,Latency_to_first_investigation_Stakan_zone_NOR2,0.019036823842125385,True,0.00017614744898128832
4,20003,Learning_T1mean,7.580968214310459e-21,False,1.238150902079111e-21
4,20003,Learning_T1max,-0.016378930807020752,True,-0.002413199341284709
4,20003,Learning_T1sum,7.619116831085027e-21,False,3.1109536772777894e-22
4,20003,Learning_T2mean,0.006358557440141319,True,0.0008561673155691498
4,20003,Learning_T2max,-6.55425563306154e-21,False,-7.490791180959932e-22
4,20003,Learning_T2sum,0.008111734792648803,True,0.0002730573037756755
4,20003,Learning_T3mean,-0.014113660689865916,True,-0.0013169405304929882
4,20003,Learning_T3max,4.888991206351665e-21,False,4.1901264067310877e-22
4,20003,Learning_T3sum,-0.00841007999674578,True,-0.0001961853741523539
4,20003,EnduranceT,-1.8275962471404514e-20,False,-3.112649657613386e-22
4,20003,rear_support,0.0348837563870846,True,0.003465842233500461
4,20003,rear_nosupport,-0.025550166352072592,True,-0.0032425874239246024
4,20003,Weight,-4.465455934983296e-21,False,-1.7553091372513705e-21
4,20003,Grip,0.05385159301850156,True,0.08228038890841269
5,20004,OFT_distance,0.0008596707008844506,True,0.0001333234886706398
5,20004,Average_speed_OFT,-0.04319220168943066,True,-3.934909695319502
5,20004,Total_time_mobile_OFT,-2.6293743177432574e-22,False,-2.604845756862162e-24
5,20004,Absolute_turn_angle_OFT,0.025055580226212324,True,2.1176720454613613e-06
5,20004,Time_inCenter_OFT,-0.029353642426637384,True,-0.000656659926421899
5,20004,Total_distance_travelled_NOR1,-3.166191132399167e-22,False,-5.89235863377184e-23
5,20004,Average_speed_NOR1,5.148289880355155e-05,True,0.005735082006666561
5,20004,Time_investigating_Piramidka_NOR1,0.0024843291799269192,True,0.00066994812731014
5,20004,Latency_to_first_investigation_Piramidka_NOR1,-0.027434692125828292,True,-0.0002095519170740504
5,20004,Time_investigating_Stakan_NOR1,-1.7537395004671822e-22,False,-3.129205620199698e-23
5,20004,Latency_to_first_investigation_Stakan_NOR1,2.507356663726698e-22,False,2.011334015564912e-24
5,20004,Total_distance_travelled_NOR2,-7.94545753086172e-22,False,-1.3281830216437984e-22
5,20004,Average_speed_NOR2,-9.053957267591195e-22,False,-9.121635713071871e-20
5,20004,Time_investigating_Piramidka_zone_NOR2,-8.189609057184084e-22,False,-1.0072309132587223e-22
5,20004,Latency_to_first_investigation_Piramidka_zone_NOR2,-0.0018623031838270372,True,-1.3121739861725042e-05
5,20004,Time_investigating_Stakan_zone_NOR2,0.013459319315242229,True,0.0027268965384365696
5,20004,Latency_to_first_investigation_Stakan_zone_NOR2,0.029820836370125385,True,0.00026308162326114877
5,20004,Learning_T1mean,-6.869260093634362e-23,False,-1.1507479685603417e-23
5,20004,Learning_T1max,-0.04113773037353723,True,-0.005425997693938788
5,20004,Learning_T1sum,9.626930584714646e-23,False,4.0317918752624366e-24
5,20004,Learning_T2mean,0.004144133270246498,True,0.00047385903966332376
5,20004,Learning_T2max,-2.1901823894884483e-22,False,-2.1259166037416988e-23
5,20004,Learning_T2sum,0.005905431729237386,True,0.00016881347832759853
5,20004,Learning_T3mean,-0.008265932719012064,True,-0.0007188051611155364
5,20004,Learning_T3max,1.0532608502317075e-23,False,8.2571559921184395e-25
5,20004,Learning_T3sum,-0.008265932719011977,True,-0.0001797012902788822
5,20004,EnduranceT,-3.933969315012252e-22,False,-6.394467086961869e-24
5,20004,rear_support,0.051071902799979974,True,0.00521647733574652
5,20004,rear_nosupport,-0.004795151672867494,True,-0.0005999756127718521
5,20004,Weight,0.03468707088768559,True,0.015277663528291865
5,20004,Grip,0.052018351349134295,True,0.0828215535910694
6,20005,OFT_distance,-0.0007519283753128184,True,-0.00013313282333286093
6,20005,Average_speed_OFT,-1.0887131438581829e-22,False,-1.0827344432842644e-20
6,20005,Total_time_mobile_OFT,-0.01188601334190516,True,-0.00012709945793035708
6,20005,Absolute_turn_angle_OFT,0.02376104176960581,True,2.0288905018552796e-06
6,20005,Time_inCenter_OFT,-0.03042417624924509,True,-0.0007043219202823233
6,20005,Total_distance_travelled_NOR1,-3.0201424352904736e-22,False,-6.247486375894468e-23
6,20005,Average_speed_NOR1,4.969512535151858e-06,True,0.0006171075213903126
6,20005,Time_investigating_Piramidka_NOR1,0.033372997017127114,True,0.007612817515844282
6,20005,Latency_to_first_investigation_Piramidka_NOR1,-0.02426583219707548,True,-0.00020927283056765422
6,20005,Time_investigating_Stakan_NOR1,-5.651680451558211e-22,False,-1.1180585496820865e-22
6,20005,Latency_to_first_investigation_Stakan_NOR1,1.1190447156130763e-21,False,8.971320198906505e-24
6,20005,Total_distance_travelled_NOR2,-5.689564441005879e-22,False,-1.234559314116969e-22
6,20005,Average_speed_NOR2,-9.350672436880523e-22,False,-1.2152116743745972e-19
6,20005,Time_investigating_Piramidka_zone_NOR2,-0.005439010663358747,True,-0.0007911899008842179
6,20005,Latency_to_first_investigation_Piramidka_zone_NOR2,1.650175421737623e-21,False,1.1889754837201602e-23
6,20005,Time_investigating_Stakan_zone_NOR2,0.010636245436613406,True,0.0021847630160618087
6,20005,Latency_to_first_investigation_Stakan_zone_NOR2,0.023810781742238284,True,0.00019658517667778472
6,20005,Learning_T1mean,6.270327004865167e-23,False,1.1971606520952251e-23
6,20005,Learning_T1max,1.0213735865864873e-21,False,1.678023275593348e-22
6,20005,Learning_T1sum,6.270322903268115e-23,False,2.9928996724970236e-24
6,20005,Learning_T2mean,-4.931486221848251e-23,False,-6.0842741395713095e-24
6,20005,Learning_T2max,2.3257347100546637e-22,False,2.5808350365840225e-23
6,20005,Learning_T2sum,-4.931486222309154e-23,False,-1.5210685350349885e-24
6,20005,Learning_T3mean,-0.023402672403615016,True,-0.0018485438882846759
6,20005,Learning_T3max,-1.6562667429237788e-22,False,-1.1876227688601086e-23
6,20005,Learning_T3sum,-0.02144898522441767,True,-0.0004235562274971314
6,20005,EnduranceT,0.01847959754143468,True,0.00031993420588082494
6,20005,rear_support,1.739443782271771e-22,False,1.8498935067892373e-23
6,20005,rear_nosupport,-0.019788244291043904,True,-0.0027020253559626966
6,20005,Weight,-1.1368186085401974e-21,False,-4.677368364491629e-22
6,20005,Grip,0.053847985541807544,True,0.08060256125264764
7,20006,OFT_distance,0.002585621370968112,True,0.0004196376006606479
7,20006,Average_speed_OFT,-0.005954603643369629,True,-0.5644346972378089
7,20006,Total_time_mobile_OFT,-0.04916493309139215,True,-0.000494414179033078
7,20006,Absolute_turn_angle_OFT,0.031200473865334106,True,2.7588168935513697e-06
7,20006,Time_inCenter_OFT,-0.05429718816829974,True,-0.0015123711711030677
7,20006,Total_distance_travelled_NOR1,3.2937998443487783e-22,False,6.950526637147718e-23
7,20006,Average_speed_NOR1,-5.042422343773541e-06,True,-0.0006370178796153015
7,20006,Time_investigating_Piramidka_NOR1,-0.023974157876750193,True,-0.0056476022083140195
7,20006,Latency_to_first_investigation_Piramidka_NOR1,-0.07308657903584909,True,-0.0006046419113102427
7,20006,Time_investigating_Stakan_NOR1,-0.0023714305275502967,True,-0.0004147435380380975
7,20006,Latency_to_first_investigation_Stakan_NOR1,1.0597425627584973e-22,False,8.493396714359386e-25
7,20006,Total_distance_travelled_NOR2,1.366371000265953e-22,False,3.047934071005752e-23
7,20006,Average_speed_NOR2,1.8703317935208458e-22,False,2.511759611525027e-20
7,20006,Time_investigating_Piramidka_zone_NOR2,2.2702768068996075e-22,False,2.9432845620869053e-23
7,20006,Latency_to_first_investigation_Piramidka_zone_NOR2,4.010873270109216e-22,False,2.6892053256616643e-24
7,20006,Time_investigating_Stakan_zone_NOR2,0.009303200041953275,True,0.0018435683531229216
7,20006,Latency_to_first_investigation_Stakan_zone_NOR2,0.02504920643880782,True,0.00021035967211975292
7,20006,Learning_T1mean,-0.0022826768384443105,True,-0.00039485013169902704
7,20006,Learning_T1max,-0.05404894984537962,True,-0.007236848333432287
7,20006,Learning_T1sum,-0.0022826768384440923,True,-9.871253292474733e-05
7,20006,Learning_T2mean,0.0002658318588316603,True,3.1272389111831184e-05
7,20006,Learning_T2max,0.027159563911460332,True,0.002744243593726209
7,20006,Learning_T2sum,0.00026583185883176076,True,7.81809727796075e-06
7,20006,Learning_T3mean,8.993185335924048e-24,False,7.93992552415311e-25
7,20006,Learning_T3max,9.696911928109039e-23,False,7.705946896527721e-24
7,20006,Learning_T3sum,8.993185335924048e-24,False,1.9849813810382774e-25
7,20006,EnduranceT,-1.2905803950512623e-22,False,-2.2671097884992596e-24
7,20006,rear_support,0.04413242433694617,True,0.00460478304004375
7,20006,rear_nosupport,-0.006789828770042344,True,-0.0008314634053425998
7,20006,Weight,0.012421166153046894,True,0.005282201033893488
7,20006,Grip,0.08434348649245824,True,0.14736602487768993
8,20007,OFT_distance,0.001541310136409348,True,0.00028192664980852686
8,20007,Average_speed_OFT,-0.007490522530136695,True,-0.7933376211440428
8,20007,Total_time_mobile_OFT,-0.009128674213866931,True,-9.86441602584415e-05
8,20007,Absolute_turn_angle_OFT,1.766512015027996e-22,False,1.6146371546596693e-26
8,20007,Time_inCenter_OFT,-0.022123284283737037,True,-0.0005007447561113851
8,20007,Total_distance_travelled_NOR1,-1.5051667215856262e-22,False,-3.2088964601135194e-23
8,20007,Average_speed_NOR1,-3.6057206318671055e-06,True,-0.00046218994191036877
8,20007,Time_investigating_Piramidka_NOR1,0.003994875904601771,True,0.0010416848741508003
8,20007,Latency_to_first_investigation_Piramidka_NOR1,-0.028586599409045153,True,-0.00022009650141168778
8,20007,Time_investigating_Stakan_NOR1,0.009309039452005173,True,0.001665991517794785
8,20007,Latency_to_first_investigation_Stakan_NOR1,-4.634241552332392e-24,False,-3.5942492998959577e-26
8,20007,Total_distance_travelled_NOR2,-4.198738088060768e-22,False,-9.487286411816628e-23
8,20007,Average_speed_NOR2,-2.8902257966276152e-22,False,-3.928389051991961e-20
8,20007,Time_investigating_Piramidka_zone_NOR2,-0.013049602712912174,True,-0.002071920561971208
8,20007,Latency_to_first_investigation_Piramidka_zone_NOR2,-8.253850705330123e-23,False,-5.727691955812932e-25
8,20007,Time_investigating_Stakan_zone_NOR2,0.015801377060883928,True,0.00329930804129395
8,20007,Latency_to_first_investigation_Stakan_zone_NOR2,0.022382791157309068,True,0.0001865102958707131
8,20007,Learning_T1mean,-1.082534609052073e-21,False,-2.0119312899076284e-22
8,20007,Learning_T1max,-9.871103818161315e-22,False,-1.5053098361644034e-22
8,20007,Learning_T1sum,-1.0825347362497713e-21,False,-5.0298288157733374e-23
8,20007,Learning_T2mean,0.013855330486460676,True,0.0016748256420850212
8,20007,Learning_T2max,-4.927453289947682e-24,False,-4.943712705740153e-25
8,20007,Learning_T2sum,0.013855330486460678,True,0.00041870641052125536
8,20007,Learning_T3mean,-1.9955097849439696e-22,False,-1.5805739272192453e-23
8,20007,Learning_T3max,-1.9719966850555835e-22,False,-1.4011275102776733e-23
8,20007,Learning_T3sum,-2.1509177287291974e-22,False,-4.259167891926002e-24
8,20007,EnduranceT,0.004165232004061353,True,7.178861108287462e-05
8,20007,rear_support,0.002484500581292962,True,0.00029128191020364347
8,20007,rear_nosupport,-2.428075251068836e-22,False,-3.1701421243469184e-23
8,20007,Weight,0.010941801391889019,True,0.004771674567436908
8,20007,Grip,0.007973196762166002,True,0.012498584154567127
9,20008,OFT_distance,0.00035123597587520636,True,5.340757907862014e-05
9,20008,Average_speed_OFT,-0.03537376846311312,True,-3.1116430829346218
9,20008,Total_time_mobile_OFT,-3.618537899153503e-21,False,-3.479940173245031e-23
9,20008,Absolute_turn_angle_OFT,-3.2123647989263316e-21,False,-2.6417397730928552e-25
9,20008,Time_inCenter_OFT,-0.028312209125912407,True,-0.000793049180441352
9,20008,Total_distance_travelled_NOR1,-3.9513285088682873e-22,False,-6.440075246581723e-23
9,20008,Average_speed_NOR1,2.826254135730572e-06,True,0.0002763568278362794
9,20008,Time_investigating_Piramidka_NOR1,-0.030045717950406503,True,-0.006240828699011627
9,20008,Latency_to_first_investigation_Piramidka_NOR1,-0.015697212514975693,True,-0.00012007804423204932
9,20008,Time_investigating_Stakan_NOR1,-0.017508961712996592,True,-0.0028182495739892525
9,20008,Latency_to_first_investigation_Stakan_NOR1,0.00460438909987223,True,4.3686635136777185e-05
9,20008,Total_distance_travelled_NOR2,1.5984432563917564e-20,False,2.564883235907187e-21
9,20008,Average_speed_NOR2,1.606399055611323e-20,False,1.5563509031915655e-18
9,20008,Time_investigating_Piramidka_zone_NOR2,8.134661092479381e-21,False,9.167319540303526e-22
9,20008,Latency_to_first_investigation_Piramidka_zone_NOR2,-9.088266503886879e-21,False,-5.996504628632888e-23
9,20008,Time_investigating_Stakan_zone_NOR2,0.06900621496715681,True,0.012456090943466653
9,20008,Latency_to_first_investigation_Stakan_zone_NOR2,0.014930122539895422,True,0.00012315145218000465
9,20008,Learning_T1mean,1.6220205218870754e-21,False,2.6214992924998985e-22
9,20008,Learning_T1max,-0.02125234232173625,True,-0.0028524573066332102
9,20008,Learning_T1sum,1.6220203697717437e-21,False,6.553747616630157e-23
9,20008,Learning_T2mean,-1.5651192500052058e-20,False,-1.7922091159145024e-21
9,20008,Learning_T2max,-2.02937793502888e-20,False,-2.0061300049464142e-21
9,20008,Learning_T2sum,-9.605644075992886e-21,False,-2.7498420451296805e-22
9,20008,Learning_T3mean,-0.0055154150401295395,True,-0.000429734706649213
9,20008,Learning_T3max,-2.593152055726346e-22,False,-1.830627374433435e-23
9,20008,Learning_T3sum,-0.005985727221702597,True,-0.00011659479445268364
9,20008,EnduranceT,-2.870117448815361e-20,False,-4.825891706503868e-22
9,20008,rear_support,0.027695121036992527,True,0.0027063945766910174
9,20008,rear_nosupport,-0.004933614995117433,True,-0.0006070467091421174
9,20008,Weight,0.026820132445091398,True,0.010645736730215858
9,20008,Grip,0.028270568396885996,True,0.043628460051096794
10,20009,OFT_distance,0.0013722599773379734,True,0.00022387523601078753
10,20009,Average_speed_OFT,-2.5596511266405866e-22,False,-2.3759867260765382e-20
10,20009,Total_time_mobile_OFT,-0.005197421822992126,True,-5.190820073091566e-05
10,20009,Absolute_turn_angle_OFT,0.03812482454431938,True,3.2512774378791566e-06
10,20009,Time_inCenter_OFT,-0.07720821021048335,True,-0.0017020988659497362
10,20009,Total_distance_travelled_NOR1,-4.259667860497127e-22,False,-8.210085490357217e-23
10,20009,Average_speed_NOR1,-7.979855182388923e-06,True,-0.0009241606627583978
10,20009,Time_investigating_Piramidka_NOR1,1.6481233920814082e-21,False,3.8025122229941337e-22
10,20009,Latency_to_first_investigation_Piramidka_NOR1,-0.0537195400092233,True,-0.0004449490053183673
10,20009,Time_investigating_Stakan_NOR1,0.006148356139227557,True,0.0010464340185119773
10,20009,Latency_to_first_investigation_Stakan_NOR1,4.975937906888814e-22,False,3.884827595833932e-24
10,20009,Total_distance_travelled_NOR2,-7.839094753071777e-22,False,-1.6865900392823382e-22
10,20009,Average_speed_NOR2,-1.1615756537721456e-21,False,-1.501403916319968e-19
10,20009,Time_investigating_Piramidka_zone_NOR2,-0.016122796456890107,True,-0.0019504680868912545
10,20009,Latency_to_first_investigation_Piramidka_zone_NOR2,1.214626853311008e-22,False,9.09609496405304e-25
10,20009,Time_investigating_Stakan_zone_NOR2,1.2420247050693033e-21,False,2.419159286229602e-22
10,20009,Latency_to_first_investigation_Stakan_zone_NOR2,0.043366751877438665,True,0.00039554029486770696
10,20009,Learning_T1mean,-5.644264545406619e-22,False,-9.437494200670599e-23
10,20009,Learning_T1max,-0.045156532152119115,True,-0.006640087663411497
10,20009,Learning_T1sum,-7.211340234825835e-22,False,-3.0144308925339565e-23
10,20009,Learning_T2mean,0.012210140276967568,True,0.001476362773562083
10,20009,Learning_T2max,0.002092886668410467,True,0.00021612209165655332
10,20009,Learning_T2sum,0.012210140276967558,True,0.0003690906933905205
10,20009,Learning_T3mean,-1.2835868235144057e-22,False,-1.1239176792125801e-23
10,20009,Learning_T3max,1.7473357135695693e-22,False,1.398938556104104e-23
10,20009,Learning_T3sum,-0.00853814574514843,True,-0.00018690151641616418
10,20009,EnduranceT,-6.603562639764573e-22,False,-1.1939322972012604e-23
10,20009,rear_support,0.02851687247803751,True,0.0027499511075666874
10,20009,rear_nosupport,2.3795858780523692e-22,False,2.8893679264128143e-23
10,20009,Weight,0.00010292071848727548,True,4.123059953556837e-05
10,20009,Grip,0.04265556123372783,True,0.06613401445049982
11,20010,OFT_distance,0.001239151374491977,True,0.00018951767821940479
11,20010,Average_speed_OFT,-0.04764091454053026,True,-4.291176549423303
11,20010,Total_time_mobile_OFT,7.432381947760156e-10,False,7.234443587678814e-12
11,20010,Absolute_turn_angle_OFT,6.275317375626646e-10,False,5.094798240609315e-14
11,20010,Time_inCenter_OFT,-0.057263204544377624,True,-0.0014899874093976312
11,20010,Total_distance_travelled_NOR1,-2.962819912456726e-10,False,-4.9806788340546265e-11
11,20010,Average_speed_NOR1,8.106902994554659e-07,False,8.182507793332383e-05
11,20010,Time_investigating_Piramidka_NOR1,-0.00470673584550971,True,-0.0010489688230316135
11,20010,Latency_to_first_investigation_Piramidka_NOR1,-0.021996938844470963,True,-0.0001984565740422683
11,20010,Time_investigating_Stakan_NOR1,-9.482523791761112e-12,False,-1.529304730565709e-12
11,20010,Latency_to_first_investigation_Stakan_NOR1,0.0005832838134526551,True,5.131606775724111e-06
11,20010,Total_distance_travelled_NOR2,0.01152078450097015,True,0.0019193047350287641
11,20010,Average_speed_NOR2,0.039164957126461876,True,3.9172115476042557
11,20010,Time_investigating_Piramidka_zone_NOR2,-0.02363219913400312,True,-0.002696618950948535
11,20010,Latency_to_first_investigation_Piramidka_zone_NOR2,-3.728159087895255e-10,False,-2.9535871664561215e-12
11,20010,Time_investigating_Stakan_zone_NOR2,0.04844214651016552,True,0.00966630667875152
11,20010,Latency_to_first_investigation_Stakan_zone_NOR2,0.022388345806990635,True,0.00018504434384467478
11,20010,Learning_T1mean,1.3297759561785615e-10,False,2.0812032523502254e-11
11,20010,Learning_T1max,-0.0010659100132116306,True,-0.00013645721388222902
11,20010,Learning_T1sum,1.3297763128670266e-10,False,5.203009526488844e-12
11,20010,Learning_T2mean,2.8974379720896316e-10,False,3.291781410019982e-11
11,20010,Learning_T2max,1.4146469970210349e-10,False,1.3619012104599792e-11
11,20010,Learning_T2sum,1.3111424562996738e-10,False,3.723974771082423e-12
11,20010,Learning_T3mean,-0.015823517971405295,True,-0.0013407337048698372
11,20010,Learning_T3max,4.636858494454702e-11,False,3.5911702287953947e-12
11,20010,Learning_T3sum,-0.012912346995419606,True,-0.00027351722380918096
11,20010,EnduranceT,3.800488156467452e-10,False,6.488419908165681e-12
11,20010,rear_support,0.0034347945288401406,True,0.000324328366942794
11,20010,rear_nosupport,-1.417606394216544e-10,False,-1.789985108818775e-11
11,20010,Weight,0.03999995329954252,True,0.0168046583595506
11,20010,Grip,0.0597382070130284,True,0.09849584710986152
12,20011,OFT_distance,0.0002233202531288319,True,3.7955179047491844e-05
12,20011,Average_speed_OFT,-0.017837779446477398,True,-1.7887370255110937
12,20011,Total_time_mobile_OFT,-0.02876816572138651,True,-0.0003319637507173412
12,20011,Absolute_turn_angle_OFT,0.037158072474355264,True,3.3309123188820545e-06
12,20011,Time_inCenter_OFT,-0.029639564877981604,True,-0.0007778969435960476
12,20011,Total_distance_travelled_NOR1,-3.026446040496071e-22,False,-5.01822382325296e-23
12,20011,Average_speed_NOR1,3.127335593762831e-05,True,0.003115301276451128
12,20011,Time_investigating_Piramidka_NOR1,0.030527992444181317,True,0.0064178341148414045
12,20011,Latency_to_first_investigation_Piramidka_NOR1,-1.5550812211352179e-21,False,-1.2414711258130544e-23
12,20011,Time_investigating_Stakan_NOR1,0.0011789674069179656,True,0.00019225683308779634
12,20011,Latency_to_first_investigation_Stakan_NOR1,0.038898305749284726,True,0.0003112482306883717
12,20011,Total_distance_travelled_NOR2,9.97612142750122e-22,False,1.5857280795340212e-22
12,20011,Average_speed_NOR2,9.001047456441122e-22,False,8.622578772861061e-20
12,20011,Time_investigating_Piramidka_zone_NOR2,-5.957495487242878e-22,False,-7.685598760622516e-23
12,20011,Latency_to_first_investigation_Piramidka_zone_NOR2,-1.7765544989067144e-21,False,-1.5663047203976915e-23
12,20011,Time_investigating_Stakan_zone_NOR2,0.02365217530012882,True,0.00425826944219847
12,20011,Latency_to_first_investigation_Stakan_zone_NOR2,0.032017468759448366,True,0.00027534066016327035
12,20011,Learning_T1mean,4.209804381913395e-22,False,7.596648760133873e-23
12,20011,Learning_T1max,-0.020598707854458755,True,-0.0028380617626771513
12,20011,Learning_T1sum,5.028137989294018e-22,False,2.2683356966809662e-23
12,20011,Learning_T2mean,0.018611007461075343,True,0.0022416040692108652
12,20011,Learning_T2max,-3.4285915134776166e-22,False,-3.5613532484202035e-23
12,20011,Learning_T2sum,9.067743360495224e-22,False,2.730412426350111e-23
12,20011,Learning_T3mean,-0.0011459525273385125,True,-9.237822293706963e-05
12,20011,Learning_T3max,1.2202220125291229e-22,False,8.87742175021358e-24
12,20011,Learning_T3sum,-0.0044202932975994065,True,-8.908284373726288e-05
12,20011,EnduranceT,0.01716661246700558,True,0.0002802033396288631
12,20011,rear_support,0.017027895154705038,True,0.001789828570335696
12,20011,rear_nosupport,-0.0010141134119480573,True,-0.00012123659123949354
12,20011,Weight,0.013290077964066017,True,0.0053836194611164975
12,20011,Grip,0.039203479648774076,True,0.06064382427337936
13,20012,OFT_distance,0.0011216589499047362,True,0.00017388306785213128
13,20012,Average_speed_OFT,1.021096650030575e-21,False,9.302427176447408e-20
13,20012,Total_time_mobile_OFT,-0.010483800941972607,True,-0.00010314053418259236
13,20012,Absolute_turn_angle_OFT,-1.8035873913187512e-21,False,-1.486159413895441e-25
13,20012,Time_inCenter_OFT,-0.015011755998119112,True,-0.00034248499717799783
13,20012,Total_distance_travelled_NOR1,-5.697654257838038e-21,False,-9.581807199060164e-22
13,20012,Average_speed_NOR1,1.9364888803207634e-05,True,0.0019585186904398444
13,20012,Time_investigating_Piramidka_NOR1,-2.073359036053427e-20,False,-4.5017572442189606e-21
13,20012,Latency_to_first_investigation_Piramidka_NOR1,3.266225463118908e-20,False,2.407412928529906e-22
13,20012,Time_investigating_Stakan_NOR1,-6.1189494533743156e-21,False,-1.0044855667503014e-21
13,20012,Latency_to_first_investigation_Stakan_NOR1,0.004138618479983922,True,3.8796084071943234e-05
13,20012,Total_distance_travelled_NOR2,-2.378213485205396e-20,False,-3.689459709869865e-21
13,20012,Average_speed_NOR2,-2.269756333183156e-20,False,-2.1199707048203327e-18
13,20012,Time_investigating_Piramidka_zone_NOR2,-0.008704306427792565,True,-0.0009806949450568655
13,20012,Latency_to_first_investigation_Piramidka_zone_NOR2,3.8111848594321516e-20,False,2.8039053397146093e-22
13,20012,Time_investigating_Stakan_zone_NOR2,0.016156145022867587,True,0.0028571875309527824
13,20012,Latency_to_first_investigation_Stakan_zone_NOR2,0.01653211029481396,True,0.0001348940166293526
13,20012,Learning_T1mean,-2.3656877087828106e-21,False,-4.0411640760339735e-22
13,20012,Learning_T1max,1.9719971514195433e-20,False,2.5999544684865308e-21
13,20012,Learning_T1sum,-2.3656877498843696e-21,False,-1.0102910365613326e-22
13,20012,Learning_T2mean,0.01873373140703147,True,0.002189418774199523
13,20012,Learning_T2max,0.004884961451669846,True,0.0004918795809135436
13,20012,Learning_T2sum,-8.385213573402314e-21,False,-2.4499582630384264e-22
13,20012,Learning_T3mean,-0.014097820713374218,True,-0.0012211216774920715
13,20012,Learning_T3max,-7.944420743416359e-21,False,-6.457693955990007e-22
13,20012,Learning_T3sum,-0.013323430942887087,True,-0.00028851144218860705
13,20012,EnduranceT,0.01807781819125403,True,0.0002942308034384268
13,20012,rear_support,-1.893248981569314e-21,False,-1.819393297915561e-22
13,20012,rear_nosupport,2.7456534937169783e-20,False,3.541454652530453e-21
13,20012,Weight,5.6392832592749975e-21,False,2.235333657687561e-21
13,20012,Grip,0.03314094551676405,True,0.05960490710366879
14,20013,OFT_distance,0.0009203939017047404,True,0.00016645802887122428
14,20013,Average_speed_OFT,-0.021575319615638706,True,-2.138667932044674
14,20013,Total_time_mobile_OFT,3.772220521681159e-21,False,3.866995527680661e-23
14,20013,Absolute_turn_angle_OFT,-9.185834713205789e-21,False,-8.412759109418343e-25
14,20013,Time_inCenter_OFT,-0.0019373478419573765,True,-5.2010239583565916e-05
14,20013,Total_distance_travelled_NOR1,4.244980284803749e-21,False,8.326541227646589e-22
14,20013,Average_speed_NOR1,-8.934806146293372e-06,True,-0.001053195711964728
14,20013,Time_investigating_Piramidka_NOR1,0.013545231576138073,True,0.003061345832711018
14,20013,Latency_to_first_investigation_Piramidka_NOR1,-0.009060823526320302,True,-6.966690983503363e-05
14,20013,Time_investigating_Stakan_NOR1,4.633255899834257e-21,False,9.3152540129658e-22
14,20013,Latency_to_first_investigation_Stakan_NOR1,-7.21803806625531e-21,False,-5.77053660061394e-23
14,20013,Total_distance_travelled_NOR2,2.837772671273879e-22,False,6.534984198682638e-23
14,20013,Average_speed_NOR2,-0.0011097880049633138,True,-0.15444191029944934
14,20013,Time_investigating_Piramidka_zone_NOR2,5.821098197339831e-21,False,1.0517868512743497e-21
14,20013,Latency_to_first_investigation_Piramidka_zone_NOR2,-0.0016327479261163882,True,-1.250167202666962e-05
14,20013,Time_investigating_Stakan_zone_NOR2,-8.327408505923794e-21,False,-1.6717341642397511e-21
14,20013,Latency_to_first_investigation_Stakan_zone_NOR2,6.739614696231887e-21,False,5.546427236932467e-23
14,20013,Learning_T1mean,1.1850131620007275e-20,False,1.943541436793887e-21
14,20013,Learning_T1max,1.0638254732286188e-20,False,1.4018317291519263e-21
14,20013,Learning_T1sum,1.1850131619793162e-20,False,4.858853591896926e-22
14,20013,Learning_T2mean,0.0016128792961084943,True,0.00019384456307406034
14,20013,Learning_T2max,2.3717686013163344e-22,False,2.4777853520819382e-23
14,20013,Learning_T2sum,0.0016128792961084954,True,4.846114076851512e-05
14,20013,Learning_T3mean,7.252950737734032e-21,False,6.354021491566142e-22
14,20013,Learning_T3max,7.989040665476894e-21,False,6.410565794516606e-22
14,20013,Learning_T3sum,7.206104233105845e-21,False,1.5782452833095247e-22
14,20013,EnduranceT,6.895591554510743e-21,False,1.275429675212092e-22
14,20013,rear_support,0.015800890804946965,True,0.0017614558943258242
14,20013,rear_nosupport,-0.0018812318895217472,True,-0.00024096769905080606
14,20013,Weight,0.0013219400991723257,True,0.0005264443732202075
14,20013,Grip,0.003954160852687453,True,0.005985771887319763
15,20014,OFT_distance,0.001033107262994663,True,0.00016735512491255174
15,20014,Average_speed_OFT,9.21308380999927e-22,False,8.825744441120726e-20
15,20014,Total_time_mobile_OFT,-0.002727295510306578,True,-2.823425141913244e-05
15,20014,Absolute_turn_angle_OFT,1.8662480643395867e-21,False,1.6201310007335167e-25
15,20014,Time_inCenter_OFT,-0.009189908369302927,True,-0.00021205187065200228
15,20014,Total_distance_travelled_NOR1,-1.2864434077706164e-21,False,-2.22244095912735e-22
15,20014,Average_speed_NOR1,8.462566549920121e-07,False,8.792039643349832e-05
15,20014,Time_investigating_Piramidka_NOR1,1.950713339520136e-21,False,3.9650485610802075e-22
15,20014,Latency_to_first_investigation_Piramidka_NOR1,-0.012452170219419812,True,-0.00010022269767535102
15,20014,Time_investigating_Stakan_NOR1,0.00920987874622057,True,0.0014211353779162435
15,20014,Latency_to_first_investigation_Stakan_NOR1,2.3434467461514892e-21,False,2.0705417974417526e-23
15,20014,Total_distance_travelled_NOR2,-1.3324897509611078e-21,False,-2.1710033019866854e-22
15,20014,Average_speed_NOR2,-1.5849561936051665e-21,False,-1.554127769758982e-19
15,20014,Time_investigating_Piramidka_zone_NOR2,-0.023120072103560613,True,-0.0026265900738435526
15,20014,Latency_to_first_investigation_Piramidka_zone_NOR2,-0.020353305530135285,True,-0.00014231030840536075
15,20014,Time_investigating_Stakan_zone_NOR2,3.678391956767084e-21,False,6.570062979756674e-22
15,20014,Latency_to_first_investigation_Stakan_zone_NOR2,0.012169884349383207,True,0.00010409420988630884
15,20014,Learning_T1mean,-8.230746656938613e-22,False,-1.5391886427834043e-22
15,20014,Learning_T1max,-0.005937163008940907,True,-0.000871358097741726
15,20014,Learning_T1sum,-9.094509057646633e-22,False,-4.251790765975006e-23
15,20014,Learning_T2mean,2.490811541762885e-22,False,2.973520579882153e-23
15,20014,Learning_T2max,2.2514793734061398e-23,False,2.300016784985584e-24
15,20014,Learning_T2sum,1.4419965111869087e-22,False,4.303623769040572e-24
15,20014,Learning_T3mean,-0.0022763703388493203,True,-0.00019043584720827104
15,20014,Learning_T3max,-7.83164883144352e-23,False,-6.07685618291814e-24
15,20014,Learning_T3sum,-0.0030398366126105883,True,-6.35764149200172e-05
15,20014,EnduranceT,-2.2698525412920157e-21,False,-3.851885403593783e-23
15,20014,rear_support,0.0008630188480650199,True,8.252983882149667e-05
15,20014,rear_nosupport,-0.008804831653987127,True,-0.001136992713269829
15,20014,Weight,0.00043278929462652223,True,0.00017596606296477077
15,20014,Grip,0.02939506983269127,True,0.04478767458041279
16,20015,OFT_distance,0.0017589406053740762,True,0.00028929786911737463
16,20015,Average_speed_OFT,1.6453032929367614e-21,False,1.594880500402113e-19
16,20015,Total_time_mobile_OFT,-0.014944467504720184,True,-0.00015272566520904907
16,20015,Absolute_turn_angle_OFT,0.028962810761167853,True,2.4643193716817746e-06
16,20015,Time_inCenter_OFT,-0.06896257010733105,True,-0.0015411810712482033
16,20015,Total_distance_travelled_NOR1,0.003173331692577251,True,0.0006612269992739606
16,20015,Average_speed_NOR1,-2.2449963604548724e-06,True,-0.00028041355733387293
16,20015,Time_investigating_Piramidka_NOR1,0.0038862754217941437,True,0.000994747778384795
16,20015,Latency_to_first_investigation_Piramidka_NOR1,-0.041725484698504865,True,-0.00033476118970628284
16,20015,Time_investigating_Stakan_NOR1,-1.4320773342530514e-21,False,-2.5076268080424534e-22
16,20015,Latency_to_first_investigation_Stakan_NOR1,0.012403639547758784,True,9.722905531309457e-05
16,20015,Total_distance_travelled_NOR2,-1.1911561075077637e-22,False,-2.6325445187832704e-23
16,20015,Average_speed_NOR2,0.011899995320308167,True,1.5786176805792058
16,20015,Time_investigating_Piramidka_zone_NOR2,-0.038983085979136724,True,-0.005024044584795319
16,20015,Latency_to_first_investigation_Piramidka_zone_NOR2,-0.010646877190472734,True,-7.283854161376307e-05
16,20015,Time_investigating_Stakan_zone_NOR2,-1.2560357542297135e-21,False,-2.7054119215170997e-22
16,20015,Latency_to_first_investigation_Stakan_zone_NOR2,0.021948792596351706,True,0.00017680189503641939
16,20015,Learning_T1mean,-0.0021956841746895907,True,-0.0003784174470505504
16,20015,Learning_T1max,-0.031514585241945184,True,-0.004616660369924721
16,20015,Learning_T1sum,-0.0021956841746895795,True,-9.460436176263712e-05
16,20015,Learning_T2mean,-1.6788513564799208e-21,False,-1.9695366613671774e-22
16,20015,Learning_T2max,-5.73086543713517e-22,False,-5.791077309748979e-23
16,20015,Learning_T2sum,-1.6788513564994758e-21,False,-4.9238416534752954e-23
16,20015,Learning_T3mean,-8.250043611709273e-22,False,-7.329711314456625e-23
16,20015,Learning_T3max,-1.041604944661344e-21,False,-8.256382690834889e-23
16,20015,Learning_T3sum,-1.029866206759071e-21,False,-2.2874491164339854e-23
16,20015,EnduranceT,0.009039261694766149,True,0.00015298418912011155
16,20015,rear_support,0.019541699242309564,True,0.002052326520877755
16,20015,rear_nosupport,0.0023849456457483167,True,0.0002989105994806078
16,20015,Weight,-0.018268761376593893,True,-0.007856385476925597
16,20015,Grip,0.02522710684930006,True,0.0409082673531837
17,20016,OFT_distance,0.0013301238035498568,True,0.00023082450208461672
17,20016,Average_speed_OFT,-0.042091916806670356,True,-4.1723892983475155
17,20016,Total_time_mobile_OFT,-0.03933271464341809,True,-0.00041566019367459805
17,20016,Absolute_turn_angle_OFT,0.06405792348742252,True,5.795767744016517e-06
17,20016,Time_inCenter_OFT,-0.04989196254313239,True,-0.0011465384341709085
17,20016,Total_distance_travelled_NOR1,-3.3002217096418393e-22,False,-6.373048565483624e-23
17,20016,Average_speed_NOR1,2.115577339742297e-05,True,0.002447252658567018
17,20016,Time_investigating_Piramidka_NOR1,0.008168932809470241,True,0.0018899463221663567
17,20016,Latency_to_first_investigation_Piramidka_NOR1,-0.04373671089536044,True,-0.00038941312614369073
17,20016,Time_investigating_Stakan_NOR1,1.177724959152664e-21,False,1.9928897806299086e-22
17,20016,Latency_to_first_investigation_Stakan_NOR1,-1.8976647445910913e-21,False,-1.4966186348521487e-23
17,20016,Total_distance_travelled_NOR2,1.4370856167957034e-21,False,2.4312348032820915e-22
17,20016,Average_speed_NOR2,1.4081207650910188e-21,False,1.4351224117046026e-19
17,20016,Time_investigating_Piramidka_zone_NOR2,1.819654467251186e-21,False,2.574651128682023e-22
17,20016,Latency_to_first_investigation_Piramidka_zone_NOR2,-5.5075212712669435e-22,False,-3.904728048797072e-24
17,20016,Time_investigating_Stakan_zone_NOR2,0.00846918339554813,True,0.0016111886549441622
17,20016,Latency_to_first_investigation_Stakan_zone_NOR2,0.02020697894071435,True,0.00016621266930968697
17,20016,Learning_T1mean,1.2443694003563279e-21,False,2.1200869016819074e-22
17,20016,Learning_T1max,-0.011383655692747376,True,-0.001502150884598513
17,20016,Learning_T1sum,1.2443694801589333e-21,False,5.300217594112794e-23
17,20016,Learning_T2mean,4.161395763192333e-22,False,5.039779609317706e-23
17,20016,Learning_T2max,-7.585069598567394e-22,False,-7.819763842650607e-23
17,20016,Learning_T2sum,6.615154924835141e-22,False,2.0028690372077496e-23
17,20016,Learning_T3mean,-6.35204564504067e-23,False,-6.578544395465773e-24
17,20016,Learning_T3max,1.8371409436362652e-22,False,1.7723571431769278e-23
17,20016,Learning_T3sum,-0.015806517236099143,True,-0.000409253495590661
17,20016,EnduranceT,0.039003464276065145,True,0.0006432933855371707
17,20016,rear_support,0.04780350921317405,True,0.005678948898169483
17,20016,rear_nosupport,-1.8663081619026637e-21,False,-2.3163902711870404e-22
17,20016,Weight,0.040959309019524735,True,0.017717174021824825
17,20016,Grip,0.08935921781152063,True,0.14077968600639326
18,20017,OFT_distance,0.0004270495720474277,True,7.149592663360691e-05
18,20017,Average_speed_OFT,-0.0074868949070300865,True,-0.7100333629448027
18,20017,Total_time_mobile_OFT,-0.006638791534595942,True,-6.57378422032395e-05
18,20017,Absolute_turn_angle_OFT,0.014876483751582781,True,1.2634762126779393e-06
18,20017,Time_inCenter_OFT,-0.03554624384471788,True,-0.0008445649525130484
18,20017,Total_distance_travelled_NOR1,-0.0043416982889467395,True,-0.0007279456564189365
18,20017,Average_speed_NOR1,6.135667813898577e-06,True,0.0006179622118816977
18,20017,Time_investigating_Piramidka_NOR1,-1.1103264383009069e-21,False,-2.5131992028518413e-22
18,20017,Latency_to_first_investigation_Piramidka_NOR1,-0.01165748823310085,True,-8.84673580365849e-05
18,20017,Time_investigating_Stakan_NOR1,0.015708216803176574,True,0.00286873888764542
18,20017,Latency_to_first_investigation_Stakan_NOR1,-2.932455609539335e-22,False,-2.267633501141349e-24
18,20017,Total_distance_travelled_NOR2,1.8622687742739448e-21,False,3.015231969316875e-22
18,20017,Average_speed_NOR2,1.862029773539579e-21,False,1.8175288299088165e-19
18,20017,Time_investigating_Piramidka_zone_NOR2,2.914752024803067e-21,False,4.502608485448343e-22
18,20017,Latency_to_first_investigation_Piramidka_zone_NOR2,-2.56776939593846e-22,False,-1.752162373797275e-24
18,20017,Time_investigating_Stakan_zone_NOR2,0.020656869154972734,True,0.0038676019162405323
18,20017,Latency_to_first_investigation_Stakan_zone_NOR2,0.0009145037873017855,True,7.578706913250118e-06
18,20017,Learning_T1mean,2.7035476362151736e-21,False,4.568402398248218e-22
18,20017,Learning_T1max,1.9618513808156152e-21,False,2.9324319487582984e-22
18,20017,Learning_T1sum,2.7035475976683184e-21,False,1.1421005832781225e-22
18,20017,Learning_T2mean,0.012798390811723617,True,0.0015879971959806714
18,20017,Learning_T2max,1.6081191373037688e-22,False,1.7432964400794787e-23
18,20017,Learning_T2sum,0.005463532645802899,True,0.0001694758866430376
18,20017,Learning_T3mean,7.202785629478905e-22,False,5.620797644127831e-23
18,20017,Learning_T3max,4.82618688546594e-22,False,3.47031333223698e-23
18,20017,Learning_T3sum,6.6524987088136435e-22,False,1.2978433273450193e-23
18,20017,EnduranceT,1.4288735392825497e-21,False,2.5129957874209647e-23
18,20017,rear_support,0.012820978248938476,True,0.001362321995943008
18,20017,rear_nosupport,-0.029818933578638355,True,-0.00362426080052454
18,20017,Weight,0.010097752895217645,True,0.003885913664884546
18,20017,Grip,0.028234801185288774,True,0.04524824773202333
19,20018,OFT_distance,0.001324613238487085,True,0.00021013819244186118
19,20018,Average_speed_OFT,-0.053527248577821374,True,-5.05625000212689
19,20018,Total_time_mobile_OFT,-2.855512415092843e-22,False,-3.108292386902819e-24
19,20018,Absolute_turn_angle_OFT,0.017365161858687125,True,1.5098427688297554e-06
19,20018,Time_inCenter_OFT,-0.035723023761009276,True,-0.0008185923710260902
19,20018,Total_distance_travelled_NOR1,3.9066141403858094e-23,False,6.479056911418782e-24
19,20018,Average_speed_NOR1,1.522845161848645e-07,False,1.5132481185763545e-05
19,20018,Time_investigating_Piramidka_NOR1,-0.01352005021546453,True,-0.002772128974486531
19,20018,Latency_to_first_investigation_Piramidka_NOR1,-0.02715146562026397,True,-0.0002035736153776991
19,20018,Time_investigating_Stakan_NOR1,-4.666224571039312e-23,False,-7.436061723132468e-24
19,20018,Latency_to_first_investigation_Stakan_NOR1,-4.24363369799965e-22,False,-3.7616141260734074e-24
19,20018,Total_distance_travelled_NOR2,0.00331379002483848,True,0.0005415325200966439
19,20018,Average_speed_NOR2,0.008120456355148478,True,0.8008257609024857
19,20018,Time_investigating_Piramidka_zone_NOR2,1.0334220702781134e-22,False,1.1936974219290361e-23
19,20018,Latency_to_first_investigation_Piramidka_zone_NOR2,1.0689417689472767e-22,False,7.33773389261764e-25
19,20018,Time_investigating_Stakan_zone_NOR2,0.04343219129257764,True,0.008598309224490806
19,20018,Latency_to_first_investigation_Stakan_zone_NOR2,0.011156743529077718,True,9.859942228767629e-05
19,20018,Learning_T1mean,3.189347303379168e-23,False,5.470075254205333e-24
19,20018,Learning_T1max,-0.040617873777508716,True,-0.005340888615369742
19,20018,Learning_T1sum,3.1893630749398906e-23,False,1.367525576034047e-24
19,20018,Learning_T2mean,0.03287546229196177,True,0.004276833382197441
19,20018,Learning_T2max,0.004190301828704415,True,0.000467185447921843
19,20018,Learning_T2sum,0.01137795261347134,True,0.0003700450439768635
19,20018,Learning_T3mean,-0.04036411880428252,True,-0.003887718358276075
19,20018,Learning_T3max,5.183742097689188e-22,False,4.471406046979871e-23
19,20018,Learning_T3sum,-0.04036411880428263,True,-0.0009719295895690214
19,20018,EnduranceT,0.009526358326060434,True,0.0001553172393885583
19,20018,rear_support,0.06347910235301542,True,0.006126714237026688
19,20018,rear_nosupport,-0.00040031868696628034,True,-4.9998758112372566e-05
19,20018,Weight,0.01692598088957529,True,0.007149950450461248
19,20018,Grip,0.07539182112493016,True,0.12235577489032157
20,20019,OFT_distance,0.0017029524567067156,True,0.000289929445456328
20,20019,Average_speed_OFT,-0.021642942250635958,True,-2.2100455754492
20,20019,Total_time_mobile_OFT,-6.258871493473951e-22,False,-7.195709711280824e-24
20,20019,Absolute_turn_angle_OFT,0.011167808487630613,True,1.0109866255727355e-06
20,20019,Time_inCenter_OFT,-0.032382260267314056,True,-0.0007472481559645429
20,20019,Total_distance_travelled_NOR1,7.800470214492534e-24,False,1.3958192098921893e-24
20,20019,Average_speed_NOR1,5.3989231625643424e-05,True,0.005784168371016713
20,20019,Time_investigating_Piramidka_NOR1,-0.007906232378681287,True,-0.0017232632877602662
20,20019,Latency_to_first_investigation_Piramidka_NOR1,-0.04678059222390478,True,-0.00038040618177813754
20,20019,Time_investigating_Stakan_NOR1,0.0001271651112655503,True,2.1681946156839296e-05
20,20019,Latency_to_first_investigation_Stakan_NOR1,0.005062240866298803,True,4.279682282640999e-05
20,20019,Total_distance_travelled_NOR2,-2.9571895160315575e-22,False,-4.816601022294967e-23
20,20019,Average_speed_NOR2,-2.5269136439455584e-22,False,-2.4816508505092068e-20
20,20019,Time_investigating_Piramidka_zone_NOR2,-2.189449130927671e-22,False,-2.5222686857809795e-23
20,20019,Latency_to_first_investigation_Piramidka_zone_NOR2,1.9740454752391489e-22,False,1.75280596814645e-24
20,20019,Time_investigating_Stakan_zone_NOR2,0.05221728755080645,True,0.009259425398074558
20,20019,Latency_to_first_investigation_Stakan_zone_NOR2,0.041265359653832184,True,0.00038045793084843724
20,20019,Learning_T1mean,-2.418038106129399e-22,False,-3.927292587505077e-23
20,20019,Learning_T1max,-0.06450968612971356,True,-0.008579676853194301
20,20019,Learning_T1sum,6.167602689315826e-23,False,2.5043009313032517e-24
20,20019,Learning_T2mean,0.03002454305656767,True,0.0037394479580697203
20,20019,Learning_T2max,-3.716585043660778e-23,False,-3.923518910787649e-24
20,20019,Learning_T2sum,0.011320267146723378,True,0.00035247455545671266
20,20019,Learning_T3mean,-0.022613211912075923,True,-0.001887714002617463
20,20019,Learning_T3max,1.742943315591535e-22,False,1.3037537031186643e-23
20,20019,Learning_T3sum,-0.020897133210461206,True,-0.0004361146387489087
20,20019,EnduranceT,0.021832777574835104,True,0.00038501996570727403
20,20019,rear_support,0.05552498702772832,True,0.005587569751183775
20,20019,rear_nosupport,-0.008798526012583128,True,-0.0011393493562446455
20,20019,Weight,4.055094928218975e-22,False,1.9201971681244584e-22
20,20019,Grip,0.05424679323993261,True,0.08593912812259885
21,20020,OFT_distance,0.0017342121646781487,True,0.00027006603931819617
21,20020,Average_speed_OFT,-0.009872507636037125,True,-0.8821451505773801
21,20020,Total_time_mobile_OFT,-0.010511097800485036,True,-0.00010057360824719206
21,20020,Absolute_turn_angle_OFT,-2.494664306771743e-21,False,-2.041656293131464e-25
21,20020,Time_inCenter_OFT,-0.01605992731391019,True,-0.0003782279590244221
21,20020,Total_distance_travelled_NOR1,2.021743659566432e-21,False,3.31878663733842e-22
21,20020,Average_speed_NOR1,-6.824391437386647e-06,True,-0.0006728035289196847
21,20020,Time_investigating_Piramidka_NOR1,-0.0402265951105329,True,-0.008546555711637096
21,20020,Latency_to_first_investigation_Piramidka_NOR1,-0.035212751840590265,True,-0.00026937140868282426
21,20020,Time_investigating_Stakan_NOR1,0.0313817603704819,True,0.005199253386082151
21,20020,Latency_to_first_investigation_Stakan_NOR1,-2.0648339386065316e-21,False,-1.6041423890307336e-23
21,20020,Total_distance_travelled_NOR2,5.1505109247649085e-21,False,8.307079100137683e-22
21,20020,Average_speed_NOR2,4.985379183485201e-21,False,4.840559762338505e-19
21,20020,Time_investigating_Piramidka_zone_NOR2,6.411271940667926e-21,False,8.270350741170732e-22
21,20020,Latency_to_first_investigation_Piramidka_zone_NOR2,-3.096594982918031e-21,False,-2.0673370649863866e-23
21,20020,Time_investigating_Stakan_zone_NOR2,0.009097047677849145,True,0.0017315288207441785
21,20020,Latency_to_first_investigation_Stakan_zone_NOR2,-2.1580937335579352e-21,False,-1.7584576478379803e-23
21,20020,Learning_T1mean,2.5762413414390522e-21,False,4.1703564584972406e-22
21,20020,Learning_T1max,-0.0006972704663165545,True,-9.257903306599041e-05
21,20020,Learning_T1sum,2.65686819283024e-21,False,1.0752183082696265e-22
21,20020,Learning_T2mean,0.023298238109013332,True,0.0028934224695710987
21,20020,Learning_T2max,1.0728889982781922e-21,False,1.1389904064686025e-22
21,20020,Learning_T2sum,0.0032319226480709657,True,0.00010034361360383874
21,20020,Learning_T3mean,2.5823221881338572e-21,False,2.025622854888647e-22
21,20020,Learning_T3max,2.3586533586366946e-21,False,1.6936561389426226e-22
21,20020,Learning_T3sum,2.6168851368412748e-21,False,5.1318367302907955e-23
21,20020,EnduranceT,6.62309626750487e-21,False,1.3052086953048438e-22
21,20020,rear_support,2.4957353761496892e-21,False,2.3882860118561716e-22
21,20020,rear_nosupport,-0.03041490389526722,True,-0.0037773020076139426
21,20020,Weight,0.013056890168133188,True,0.00507283080820124
21,20020,Grip,0.0163432300490921,True,0.02804191694628549
22,20021,OFT_distance,-0.001670122795753099,True,-0.0002561774735953955
22,20021,Average_speed_OFT,-0.03942724253437465,True,-3.4549090466674386
22,20021,Total_time_mobile_OFT,-0.011654553528358149,True,-0.00011313673226985999
22,20021,Absolute_turn_angle_OFT,0.021600752769895506,True,1.902549673267536e-06
22,20021,Time_inCenter_OFT,-0.010601887026616276,True,-0.00024536733220872176
22,20021,Total_distance_travelled_NOR1,4.1848686026562585e-21,False,7.164821052296911e-22
22,20021,Average_speed_NOR1,3.0392077307527945e-06,True,0.0003121383173486357
22,20021,Time_investigating_Piramidka_NOR1,-8.366750262628312e-21,False,-1.697198314246202e-21
22,20021,Latency_to_first_investigation_Piramidka_NOR1,-0.01432578658288099,True,-0.00011072115571240968
22,20021,Time_investigating_Stakan_NOR1,-3.158693977339152e-21,False,-4.962206033437883e-22
22,20021,Latency_to_first_investigation_Stakan_NOR1,0.0192773466099015,True,0.00015941212696278393
22,20021,Total_distance_travelled_NOR2,4.0928878636959896e-22,False,6.616507131836758e-23
22,20021,Average_speed_NOR2,-0.005358635936786582,True,-0.5234851431811545
22,20021,Time_investigating_Piramidka_zone_NOR2,-0.02424614181849552,True,-0.00275244113851941
22,20021,Latency_to_first_investigation_Piramidka_zone_NOR2,-5.672297166875056e-21,False,-3.76790536838686e-23
22,20021,Time_investigating_Stakan_zone_NOR2,0.04111304365151332,True,0.007277736597910475
22,20021,Latency_to_first_investigation_Stakan_zone_NOR2,0.013066932644284546,True,0.00010510036598811366
22,20021,Learning_T1mean,-8.516678411154485e-21,False,-1.3228393675026017e-21
22,20021,Learning_T1max,-9.115425697016047e-21,False,-1.1761453342076042e-21
22,20021,Learning_T1sum,-8.516678333956857e-21,False,-3.3070983887800107e-22
22,20021,Learning_T2mean,-5.231239885685536e-21,False,-6.011323079114184e-22
22,20021,Learning_T2max,0.004866243936245253,True,0.0004883145181668136
22,20021,Learning_T2sum,-3.474870063452378e-21,False,-9.982607883511768e-23
22,20021,Learning_T3mean,-0.014839331256033539,True,-0.0012651534794424167
22,20021,Learning_T3max,1.5000001150610444e-21,False,1.1613357802050195e-22
22,20021,Learning_T3sum,-0.06449783921452712,True,-0.0013747193908350628
22,20021,EnduranceT,0.012897219060335405,True,0.0002081813168289474
22,20021,rear_support,0.06951312085378585,True,0.006800446188168514
22,20021,rear_nosupport,1.9356490832082575e-21,False,2.4120811102605364e-22
22,20021,Weight,0.03749770926874508,True,0.015780491545157992
22,20021,Grip,0.058094139161628124,True,0.08318349395615147
23,20022,OFT_distance,9.349587122808673e-05,True,1.591283008697882e-05
23,20022,Average_speed_OFT,-0.06371608147752768,True,-6.173129647709194
23,20022,Total_time_mobile_OFT,8.126929744987869e-22,False,8.323378739494276e-24
23,20022,Absolute_turn_angle_OFT,0.061764186899328194,True,5.405702894343007e-06
23,20022,Time_inCenter_OFT,-0.025145022888262262,True,-0.0005688820482013779
23,20022,Total_distance_travelled_NOR1,6.924516849227924e-23,False,1.2041669300429293e-23
23,20022,Average_speed_NOR1,2.415120154225345e-06,True,0.0002516937223166506
23,20022,Time_investigating_Piramidka_NOR1,1.4359633750729124e-21,False,3.027834754839609e-22
23,20022,Latency_to_first_investigation_Piramidka_NOR1,-0.03218511440807652,True,-0.00024235097349992546
23,20022,Time_investigating_Stakan_NOR1,6.765097198160971e-23,False,1.140422312404936e-23
23,20022,Latency_to_first_investigation_Stakan_NOR1,8.77003148586122e-22,False,7.066484687900989e-24
23,20022,Total_distance_travelled_NOR2,-8.827262773212638e-23,False,-1.4333036804621536e-23
23,20022,Average_speed_NOR2,-3.4948484698398227e-22,False,-3.418274473628207e-20
23,20022,Time_investigating_Piramidka_zone_NOR2,-1.3916554005369728e-22,False,-1.8087382815795904e-23
23,20022,Latency_to_first_investigation_Piramidka_zone_NOR2,9.780900862920676e-22,False,6.521103704219505e-24
23,20022,Time_investigating_Stakan_zone_NOR2,7.480019822653552e-22,False,1.4545511835516229e-22
23,20022,Latency_to_first_investigation_Stakan_zone_NOR2,0.039876204144699744,True,0.00032819237736310863
23,20022,Learning_T1mean,-6.201029210205649e-22,False,-1.0176427150769905e-22
23,20022,Learning_T1max,-0.007567001172230635,True,-0.0010530272879082897
23,20022,Learning_T1sum,-5.241468060936396e-22,False,-2.15042600498561e-23
23,20022,Learning_T2mean,0.02610806228137265,True,0.003273299794722047
23,20022,Learning_T2max,-3.2776228308758793e-23,False,-3.659810504476762e-24
23,20022,Learning_T2sum,-3.1525281527597086e-22,False,-9.881209915228235e-24
23,20022,Learning_T3mean,-0.03344088632178286,True,-0.002632200995630861
23,20022,Learning_T3max,-3.3255546224259213e-22,False,-2.3353433633092908e-23
23,20022,Learning_T3sum,-0.02319227144201674,True,-0.0004563778557870698
23,20022,EnduranceT,0.04159127111498518,True,0.0007344160245611734
23,20022,rear_support,0.05726286965745313,True,0.006177399829873964
23,20022,rear_nosupport,-0.0239352479723216,True,-0.003239747836034836
23,20022,Weight,0.02580672824037564,True,0.0107294962893787
23,20022,Grip,0.08286848419789018,True,0.1329852113261124
24,20023,OFT_distance,0.0007038245915346602,True,0.00011359485299031926
24,20023,Average_speed_OFT,-3.0508138410012227e-22,False,-2.9005265095340905e-20
24,20023,Total_time_mobile_OFT,-1.0836973714637324e-21,False,-1.0570701679304117e-23
24,20023,Absolute_turn_angle_OFT,0.03781184892940397,True,3.078765514589152e-06
24,20023,Time_inCenter_OFT,-0.023130628350624245,True,-0.0005796874719522038
24,20023,Total_distance_travelled_NOR1,-6.463215049267567e-22,False,-1.0707030783445507e-22
24,20023,Average_speed_NOR1,3.9243918438323854e-06,True,0.00039034822990401596
24,20023,Time_investigating_Piramidka_NOR1,0.0017284924611020696,True,0.000349374857167784
24,20023,Latency_to_first_investigation_Piramidka_NOR1,-0.005827594112698041,True,-4.3524116291602825e-05
24,20023,Time_investigating_Stakan_NOR1,-3.929163141137686e-22,False,-6.150533057962162e-23
24,20023,Latency_to_first_investigation_Stakan_NOR1,0.010462111457628868,True,0.00011595192384868703
24,20023,Total_distance_travelled_NOR2,-6.890291803882474e-22,False,-1.121508834463338e-22
24,20023,Average_speed_NOR2,-7.492574347578662e-22,False,-7.358325935001868e-20
24,20023,Time_investigating_Piramidka_zone_NOR2,-8.957990812482206e-22,False,-1.1576674252713584e-22
24,20023,Latency_to_first_investigation_Piramidka_zone_NOR2,-4.42741698427984e-22,False,-3.709481438648354e-24
24,20023,Time_investigating_Stakan_zone_NOR2,9.700260946700557e-22,False,1.8263223825709777e-22
24,20023,Latency_to_first_investigation_Stakan_zone_NOR2,-1.1818489777626729e-21,False,-1.0313579973583214e-23
24,20023,Learning_T1mean,-0.003000476806138244,True,-0.0005164385501063487
24,20023,Learning_T1max,3.030018513556966e-22,False,3.9984314095575347e-23
24,20023,Learning_T1sum,-0.003000476806138266,True,-0.00012910963752658813
24,20023,Learning_T2mean,6.350856095016884e-22,False,7.199731154014757e-23
24,20023,Learning_T2max,5.370479579165725e-22,False,5.208603856835418e-23
24,20023,Learning_T2sum,7.699270801104419e-22,False,2.182094784567791e-23
24,20023,Learning_T3mean,-0.003750193871350961,True,-0.00028509983296342195
24,20023,Learning_T3max,-0.0022952634225460377,True,-0.00015746546597448792
24,20023,Learning_T3sum,-0.007912403283729025,True,-0.00015038054910730144
24,20023,EnduranceT,0.046080738783021394,True,0.0007478802349526292
24,20023,rear_support,-2.4521482576425423e-22,False,-2.5976401947500677e-23
24,20023,rear_nosupport,-1.1590803549343872e-22,False,-1.436121613961871e-23
24,20023,Weight,4.0115202162236056e-22,False,1.721901844461891e-22
24,20023,Grip,0.03579283350961905,True,0.05611599901881795
25,20024,OFT_distance,6.755118468499624e-16,False,1.1109931513908325e-16
25,20024,Average_speed_OFT,-0.01929193119293805,True,-1.8749540693543365
25,20024,Total_time_mobile_OFT,9.10589084567711e-18,False,9.540003895069862e-20
25,20024,Absolute_turn_angle_OFT,1.7843403329973807e-18,False,1.6167198860252246e-22
25,20024,Time_inCenter_OFT,-4.408592105245772e-19,False,-9.845743766015865e-21
25,20024,Total_distance_travelled_NOR1,-1.540296478665386e-19,False,-2.8205330613533126e-20
25,20024,Average_speed_NOR1,-8.915331034817375e-06,True,-0.0009781410885068864
25,20024,Time_investigating_Piramidka_NOR1,-0.026924489184904973,True,-0.006209968517551412
25,20024,Latency_to_first_investigation_Piramidka_NOR1,2.4753598923337336e-18,False,1.9764504429068762e-20
25,20024,Time_investigating_Stakan_NOR1,-1.6825004244022465e-19,False,-2.7279137174001566e-20
25,20024,Latency_to_first_investigation_Stakan_NOR1,0.013521165533399849,True,0.00010718700949610714
25,20024,Total_distance_travelled_NOR2,0.012129330097350715,True,0.0020444864016608945
25,20024,Average_speed_NOR2,2.3100021466318406e-18,False,2.356725503364684e-16
25,20024,Time_investigating_Piramidka_zone_NOR2,1.024355739907515e-18,False,1.2253804589062953e-19
25,20024,Latency_to_first_investigation_Piramidka_zone_NOR2,-0.03716762622263758,True,-0.000254133839844016
25,20024,Time_investigating_Stakan_zone_NOR2,0.015035859369878706,True,0.0029369582463640376
25,20024,Latency_to_first_investigation_Stakan_zone_NOR2,0.01260993826971714,True,0.00010399381001357334
25,20024,Learning_T1mean,0.0039077582165961185,True,0.0007406595328500015
25,20024,Learning_T1max,-0.03215162495394369,True,-0.00451829616183772
25,20024,Learning_T1sum,0.003907758216596014,True,0.0001851648832124954
25,20024,Learning_T2mean,0.01153878280453234,True,0.0014645352960973876
25,20024,Learning_T2max,2.368099737710231e-19,False,2.5989284099819883e-20
25,20024,Learning_T2sum,0.016395170410839655,True,0.0005202304731564653
25,20024,Learning_T3mean,-0.007037205431328489,True,-0.0006324744564773238
25,20024,Learning_T3max,1.6923452715914166e-18,False,1.3646681826739995e-19
25,20024,Learning_T3sum,-0.0027187576838723685,True,-6.10876293573011e-05
25,20024,EnduranceT,-3.0988094171949464e-19,False,-5.23981866912831e-21
25,20024,rear_support,0.039061880479825874,True,0.004139186430431675
25,20024,rear_nosupport,1.850722075844615e-18,False,2.359476669046992e-19
25,20024,Weight,9.66947562157638e-18,False,4.27383810664243e-18
25,20024,Grip,0.058565479755340814,True,0.09145217212138872
26,20025,OFT_distance,1.3189880159898296e-05,True,2.032621353854154e-06
26,20025,Average_speed_OFT,-0.046104893998416156,True,-4.074853372971264
26,20025,Total_time_mobile_OFT,2.940801209871978e-22,False,2.8947710765486176e-24
26,20025,Absolute_turn_angle_OFT,0.052498324996146414,True,4.30306088849785e-06
26,20025,Time_inCenter_OFT,-0.05669365591363123,True,-0.0013273042956282943
26,20025,Total_distance_travelled_NOR1,3.128582854996896e-22,False,5.0851475309579294e-23
26,20025,Average_speed_NOR1,-7.465327562600312e-06,True,-0.0007279925988452989
26,20025,Time_investigating_Piramidka_NOR1,0.027876169928725023,True,0.005869158176379215
26,20025,Latency_to_first_investigation_Piramidka_NOR1,-0.01713107142949361,True,-0.00014968738175258006
26,20025,Time_investigating_Stakan_NOR1,0.025886838239566442,True,0.004248555948626443
26,20025,Latency_to_first_investigation_Stakan_NOR1,0.009424719029598997,True,7.608803488438094e-05
26,20025,Total_distance_travelled_NOR2,-7.990027595854793e-23,False,-1.267133079194549e-23
26,20025,Average_speed_NOR2,8.615509931253673e-23,False,8.244417548352397e-21
26,20025,Time_investigating_Piramidka_zone_NOR2,-0.0333380976429111,True,-0.0038410627643431254
26,20025,Latency_to_first_investigation_Piramidka_zone_NOR2,2.7399613134661966e-22,False,2.1238725684608097e-24
26,20025,Time_investigating_Stakan_zone_NOR2,-2.700781136242138e-22,False,-5.0798760286184844e-23
26,20025,Latency_to_first_investigation_Stakan_zone_NOR2,0.01156683048515288,True,9.144581586479393e-05
26,20025,Learning_T1mean,-4.6756204842272716e-23,False,-9.12541959348382e-24
26,20025,Learning_T1max,-0.03504116582164311,True,-0.0059598289556999345
26,20025,Learning_T1sum,1.1550379369608308e-22,False,5.635725705666127e-24
26,20025,Learning_T2mean,4.412362971455129e-23,False,5.2999416402940944e-24
26,20025,Learning_T2max,1.9335775041631938e-22,False,2.1415353688481e-23
26,20025,Learning_T2sum,0.008078281911162171,True,0.00024258216606375097
26,20025,Learning_T3mean,-0.021638925935517136,True,-0.0016954088218815184
26,20025,Learning_T3max,4.6887148356823385e-23,False,3.346256668595113e-24
26,20025,Learning_T3sum,-0.017093090326201266,True,-0.0003348107043138079
26,20025,EnduranceT,-7.811034403623266e-24,False,-1.350144646974494e-25
26,20025,rear_support,0.04067495045318156,True,0.003963245431386439
26,20025,rear_nosupport,-0.011155337667869662,True,-0.0013681888334058847
26,20025,Weight,0.041942210012840556,True,0.017521753520160097
26,20025,Grip,0.07162768515617753,True,0.1096835377075104
27,20026,OFT_distance,0.0014333151934101099,True,0.0002325244622729283
27,20026,Average_speed_OFT,1.459304582290129e-20,False,1.4029511179658351e-18
27,20026,Total_time_mobile_OFT,-0.002671456141442394,True,-3.0241922248749696e-05
27,20026,Absolute_turn_angle_OFT,0.005894983529076568,True,5.580914915122486e-07
27,20026,Time_inCenter_OFT,-0.026513313149735814,True,-0.0006727094893372895
27,20026,Total_distance_travelled_NOR1,7.70411681126099e-21,False,1.297172956242069e-21
27,20026,Average_speed_NOR1,-1.9972480747719526e-06,True,-0.00020188488358097092
27,20026,Time_investigating_Piramidka_NOR1,-2.1336648538160024e-20,False,-4.236316852462044e-21
27,20026,Latency_to_first_investigation_Piramidka_NOR1,-0.03862576221066749,True,-0.00035502704019730306
27,20026,Time_investigating_Stakan_NOR1,-1.246858222385334e-20,False,-1.8889469506415557e-21
27,20026,Latency_to_first_investigation_Stakan_NOR1,0.010947458459465886,True,8.620061780346554e-05
27,20026,Total_distance_travelled_NOR2,-1.6439193020660042e-21,False,-2.582804176931314e-22
27,20026,Average_speed_NOR2,-2.1864738429089477e-21,False,-2.0676904956419781e-19
27,20026,Time_investigating_Piramidka_zone_NOR2,-0.016413132195357314,True,-0.0018482012849968118
27,20026,Latency_to_first_investigation_Piramidka_zone_NOR2,5.643306384771213e-21,False,3.993769763309247e-23
27,20026,Time_investigating_Stakan_zone_NOR2,0.01974316230934095,True,0.0035321059684076533
27,20026,Latency_to_first_investigation_Stakan_zone_NOR2,0.027886669411792964,True,0.00022094506978358704
27,20026,Learning_T1mean,-9.635993609050414e-21,False,-1.746086047044349e-21
27,20026,Learning_T1max,-0.036517073379679674,True,-0.005440030456323032
27,20026,Learning_T1sum,-9.960733427502815e-21,False,-4.512325962876194e-22
27,20026,Learning_T2mean,-1.5787768802664742e-20,False,-1.9425385572424512e-21
27,20026,Learning_T2max,-5.612900824661906e-21,False,-5.947554208165456e-22
27,20026,Learning_T2sum,-1.6174093554342082e-20,False,-4.975180589237706e-22
27,20026,Learning_T3mean,8.250839295081986e-22,False,7.910066675152091e-23
27,20026,Learning_T3max,-2.259151414044565e-21,False,-1.9494438701896403e-22
27,20026,Learning_T3sum,-0.0012810634630964813,True,-3.0703838257504555e-05
27,20026,EnduranceT,0.024051438407664875,True,0.00041898465160479514
27,20026,rear_support,0.03275167939993216,True,0.0030988206320718345
27,20026,rear_nosupport,1.6371564471984726e-20,False,2.0525634965904174e-21
27,20026,Weight,-0.008274636552969132,True,-0.0032763691887030947
27,20026,Grip,0.024138002796980865,True,0.03639011711782993
28,20027,OFT_distance,0.0021567915411205268,True,0.00033348589642940576
28,20027,Average_speed_OFT,-0.025726124195104713,True,-2.2806478014304155
28,20027,Total_time_mobile_OFT,-0.03530996507545421,True,-0.0003437690017926429
28,20027,Absolute_turn_angle_OFT,0.05237491400835586,True,4.399709829612675e-06
28,20027,Time_inCenter_OFT,-0.0290236702141227,True,-0.0006978067630445719
28,20027,Total_distance_travelled_NOR1,1.3738779327018456e-22,False,2.2812376394953367e-23
28,20027,Average_speed_NOR1,6.223728877413846e-06,True,0.000619494772233571
28,20027,Time_investigating_Piramidka_NOR1,-0.059955775479243835,True,-0.012276530337082807
28,20027,Latency_to_first_investigation_Piramidka_NOR1,-0.05954808236298865,True,-0.0004585301145485965
28,20027,Time_investigating_Stakan_NOR1,-0.037627226226553526,True,-0.005837287402659752
28,20027,Latency_to_first_investigation_Stakan_NOR1,0.0035078738963379673,True,2.9277612074590614e-05
28,20027,Total_distance_travelled_NOR2,0.0068933620651505795,True,0.0011026711454271171
28,20027,Average_speed_NOR2,-1.5759666694714785e-23,False,-1.5188437381616539e-21
28,20027,Time_investigating_Piramidka_zone_NOR2,-1.4009016043286441e-22,False,-1.5833328042793317e-23
28,20027,Latency_to_first_investigation_Piramidka_zone_NOR2,-0.025467598120789657,True,-0.00017829494812519165
28,20027,Time_investigating_Stakan_zone_NOR2,0.0209915058961489,True,0.003800443108188067
28,20027,Latency_to_first_investigation_Stakan_zone_NOR2,0.03476380709994671,True,0.00029267918816710056
28,20027,Learning_T1mean,5.115805029005522e-22,False,8.338107774703626e-23
28,20027,Learning_T1max,-0.04129840642839179,True,-0.005707944927954315
28,20027,Learning_T1sum,8.173634007931266e-22,False,3.330494461903001e-23
28,20027,Learning_T2mean,5.109022912293306e-22,False,6.319641916182428e-23
28,20027,Learning_T2max,1.8270914516677797e-22,False,1.9020148075419583e-23
28,20027,Learning_T2sum,2.695210369011281e-22,False,8.334648676143656e-24
28,20027,Learning_T3mean,3.2194240863058503e-22,False,2.817778402612933e-23
28,20027,Learning_T3max,4.308722704201323e-22,False,3.42721123659547e-23
28,20027,Learning_T3sum,4.333615738635244e-22,False,9.48241712352478e-24
28,20027,EnduranceT,0.01331133762486567,True,0.00021599492874502666
28,20027,rear_support,0.06645936019209603,True,0.006543407075371886
28,20027,rear_nosupport,-2.529569774523062e-22,False,-3.1395516442007716e-23
28,20027,Weight,0.013859521506543376,True,0.0053710233986045425
28,20027,Grip,0.08553983400669267,True,0.1393175318356847
29,20028,OFT_distance,0.0002055656235819959,True,3.250418448800005e-05
29,20028,Average_speed_OFT,-3.286791716419214e-22,False,-3.0194244682409707e-20
29,20028,Total_time_mobile_OFT,-0.016696315967284433,True,-0.00017067709582188175
29,20028,Absolute_turn_angle_OFT,-3.9535548166274766e-22,False,-3.462760112768983e-26
29,20028,Time_inCenter_OFT,-0.05655002688345186,True,-0.0013440370203643207
29,20028,Total_distance_travelled_NOR1,-2.554265365800141e-22,False,-4.4309799294319335e-23
29,20028,Average_speed_NOR1,2.1892913659826944e-05,True,0.0022864192890470073
29,20028,Time_investigating_Piramidka_NOR1,0.030731443767578564,True,0.0065542971631682555
29,20028,Latency_to_first_investigation_Piramidka_NOR1,-0.008003362674906011,True,-7.24909969237359e-05
29,20028,Time_investigating_Stakan_NOR1,0.007817417808595612,True,0.001259936984838411
29,20028,Latency_to_first_investigation_Stakan_NOR1,4.9760007244567335e-23,False,4.005978128365566e-25
29,20028,Total_distance_travelled_NOR2,5.2660119128531323e-23,False,8.577827013214688e-24
29,20028,Average_speed_NOR2,0.006760225824475595,True,0.6611930548253574
29,20028,Time_investigating_Piramidka_zone_NOR2,-0.022303321084807495,True,-0.002532580844913842
29,20028,Latency_to_first_investigation_Piramidka_zone_NOR2,-4.640282585212609e-22,False,-3.856871494489644e-24
29,20028,Time_investigating_Stakan_zone_NOR2,0.008684087779960105,True,0.001604306857762275
29,20028,Latency_to_first_investigation_Stakan_zone_NOR2,0.006230143665844884,True,4.949853696026204e-05
29,20028,Learning_T1mean,1.2716079416742865e-22,False,2.42853134279907e-23
29,20028,Learning_T1max,-2.2862807799251038e-22,False,-3.3815777544822554e-23
29,20028,Learning_T1sum,1.2716083792860085e-22,False,6.071330446387313e-24
29,20028,Learning_T2mean,3.3276024608208646e-22,False,3.939360896552214e-23
29,20028,Learning_T2max,1.8336109139049945e-22,False,1.9134112378652912e-23
29,20028,Learning_T2sum,1.8309261661889994e-22,False,5.418825587251756e-24
29,20028,Learning_T3mean,-0.009526331633958449,True,-0.0008009021319031379
29,20028,Learning_T3max,-0.011014111290747074,True,-0.0008490578217769651
29,20028,Learning_T3sum,-0.009028799956588722,True,-0.00018976835500828854
29,20028,EnduranceT,4.92576563004925e-22,False,8.492827646749464e-24
29,20028,rear_support,-2.311993946361914e-22,False,-2.2164260087902496e-23
29,20028,rear_nosupport,-7.496752159398563e-22,False,-9.45641325390877e-23
29,20028,Weight,0.04685845905168795,True,0.018958444775466526
29,20028,Grip,0.07356752111033836,True,0.11552040782418878
30,20029,OFT_distance,0.00167097818571034,True,0.00027063926627002787
30,20029,Average_speed_OFT,-0.04216205829432271,True,-4.016558892634742
30,20029,Total_time_mobile_OFT,5.246434890951982e-22,False,5.927059477432827e-24
30,20029,Absolute_turn_angle_OFT,1.5215748601726417e-23,False,1.3389124391725453e-27
30,20029,Time_inCenter_OFT,-0.012319732252694277,True,-0.00029168766340600586
30,20029,Total_distance_travelled_NOR1,1.3330677654530623e-22,False,2.49849495743752e-23
30,20029,Average_speed_NOR1,5.096440446876399e-06,True,0.0005749155104509679
30,20029,Time_investigating_Piramidka_NOR1,1.4154695860346127e-21,False,3.3803770379990617e-22
30,20029,Latency_to_first_investigation_Piramidka_NOR1,-0.021416587344584816,True,-0.00016348809609442776
30,20029,Time_investigating_Stakan_NOR1,5.190259657598502e-22,False,9.311446296741073e-23
30,20029,Latency_to_first_investigation_Stakan_NOR1,0.0008530910318827706,True,6.790417207254638e-06
30,20029,Total_distance_travelled_NOR2,0.005428769576395083,True,0.001180627199557411
30,20029,Average_speed_NOR2,-1.0729828252980328e-22,False,-1.406507399254578e-20
30,20029,Time_investigating_Piramidka_zone_NOR2,3.8191721998649947e-22,False,4.6154649688293004e-23
30,20029,Latency_to_first_investigation_Piramidka_zone_NOR2,5.832038397251065e-23,False,3.9469021880770728e-25
30,20029,Time_investigating_Stakan_zone_NOR2,0.04574353386057929,True,0.009051657587342743
30,20029,Latency_to_first_investigation_Stakan_zone_NOR2,0.021200252778612615,True,0.0001777560807677962
30,20029,Learning_T1mean,-1.8533872638372055e-22,False,-2.980039527185741e-23
30,20029,Learning_T1max,-0.040387196873633596,True,-0.005097366374094139
30,20029,Learning_T1sum,-3.064692791807641e-22,False,-1.2319208506051045e-23
30,20029,Learning_T2mean,0.009519386516973833,True,0.0011704281640660288
30,20029,Learning_T2max,-1.5046466577354478e-22,False,-1.5430066006204508e-23
30,20029,Learning_T2sum,0.009519386516973826,True,0.000292607041016507
30,20029,Learning_T3mean,-0.003716145026836205,True,-0.00030944629137166383
30,20029,Learning_T3max,6.142089012767841e-23,False,4.595648840291402e-24
30,20029,Learning_T3sum,-0.0022484610351848513,True,-4.68077755043918e-05
30,20029,EnduranceT,-1.509102946006538e-21,False,-2.4866036994249364e-23
30,20029,rear_support,0.03799989182884833,True,0.0036491959651599923
30,20029,rear_nosupport,-2.912848228783284e-22,False,-3.697538192228114e-23
30,20029,Weight,-2.4716227385092537e-23,False,-1.0169134718358493e-23
30,20029,Grip,0.04137928337800745,True,0.06838142765654528
31,20030,OFT_distance,0.0029955117245632165,True,0.00045690789949287476
31,20030,Average_speed_OFT,3.8141102680965835e-23,False,3.3550708191151475e-21
31,20030,Total_time_mobile_OFT,-0.006667016593393823,True,-6.491412808652509e-05
31,20030,Absolute_turn_angle_OFT,0.05644865817851607,True,4.642815405233917e-06
31,20030,Time_inCenter_OFT,-0.0438558404252385,True,-0.0010008511050652318
31,20030,Total_distance_travelled_NOR1,-7.910173337328117e-23,False,-1.2980624070141876e-23
31,20030,Average_speed_NOR1,1.132994813059531e-05,True,0.0011165410391489646
31,20030,Time_investigating_Piramidka_NOR1,0.010490128718674278,True,0.002148787997684862
31,20030,Latency_to_first_investigation_Piramidka_NOR1,-0.011190848489967929,True,-8.881751259033303e-05
31,20030,Time_investigating_Stakan_NOR1,0.023308083658758097,True,0.0035539785497747407
31,20030,Latency_to_first_investigation_Stakan_NOR1,0.016076459825357936,True,0.00014956801319554428
31,20030,Total_distance_travelled_NOR2,-7.5021946258451e-23,False,-1.1710133156839322e-23
31,20030,Average_speed_NOR2,-7.664163964154772e-23,False,-7.210616339974384e-21
31,20030,Time_investigating_Piramidka_zone_NOR2,-0.01504045765195018,True,-0.0017018865569566168
31,20030,Latency_to_first_investigation_Piramidka_zone_NOR2,-0.02448481608476152,True,-0.00015935918240688615
31,20030,Time_investigating_Stakan_zone_NOR2,3.2286861550324595e-06,True,5.868168035501466e-07
31,20030,Latency_to_first_investigation_Stakan_zone_NOR2,0.04470231265119773,True,0.0003685847695978458
31,20030,Learning_T1mean,6.811541297787056e-23,False,1.1923387594060088e-23
31,20030,Learning_T1max,-0.013759219670214437,True,-0.00183718225466272
31,20030,Learning_T1sum,-1.2242289056648043e-23,False,-5.357434943114772e-25
31,20030,Learning_T2mean,0.02615259886330011,True,0.0030412461774707317
31,20030,Learning_T2max,-1.1122079677512347e-23,False,-1.0977811741970526e-24
31,20030,Learning_T2sum,0.011157033023507412,True,0.0003243586250454093
31,20030,Learning_T3mean,-0.016579120510802077,True,-0.0014423410514561137
31,20030,Learning_T3max,1.3779218205774078e-23,False,1.12385357446979e-24
31,20030,Learning_T3sum,-0.012138852553932105,True,-0.0002640122759331781
31,20030,EnduranceT,0.02885257922813105,True,0.00047591472156171226
31,20030,rear_support,0.031422455429368876,True,0.003064062605231042
31,20030,rear_nosupport,-0.012384965560262947,True,-0.0016157245853565684
31,20030,Weight,-0.011276486117911898,True,-0.004703735194737776
31,20030,Grip,0.10289084641750697,True,0.16405808316426485
32,20031,OFT_distance,0.0008285693327016371,True,0.00012888705261678132
32,20031,Average_speed_OFT,2.0505977932299698e-22,False,1.8420835215157615e-20
32,20031,Total_time_mobile_OFT,-2.422904747399464e-21,False,-2.3777538073080536e-23
32,20031,Absolute_turn_angle_OFT,1.2186117286734687e-21,False,1.002553182869878e-25
32,20031,Time_inCenter_OFT,-0.028878334968435296,True,-0.0006644785216462049
32,20031,Total_distance_travelled_NOR1,-7.7714766039936e-24,False,-1.3259130629700008e-24
32,20031,Average_speed_NOR1,-4.0414994192627254e-07,False,-4.142533048359772e-05
32,20031,Time_investigating_Piramidka_NOR1,1.8490356057625352e-21,False,3.7857539866974474e-22
32,20031,Latency_to_first_investigation_Piramidka_NOR1,-0.026295668053546262,True,-0.0001979154354040559
32,20031,Time_investigating_Stakan_NOR1,-0.006240612387318072,True,-0.0009612140050859318
32,20031,Latency_to_first_investigation_Stakan_NOR1,5.222652141264605e-22,False,4.8859501569695484e-24
32,20031,Total_distance_travelled_NOR2,-1.3662951444601345e-21,False,-2.1784917240284156e-22
32,20031,Average_speed_NOR2,-1.4784648517252996e-21,False,-1.4209933762921782e-19
32,20031,Time_investigating_Piramidka_zone_NOR2,-9.89283298761084e-22,False,-1.1259123491880903e-22
32,20031,Latency_to_first_investigation_Piramidka_zone_NOR2,1.6007600988596668e-21,False,1.2978658343118679e-23
32,20031,Time_investigating_Stakan_zone_NOR2,0.020395408978006162,True,0.003609684025660914
32,20031,Latency_to_first_investigation_Stakan_zone_NOR2,0.014785157618168126,True,0.00013663224793655708
32,20031,Learning_T1mean,-1.4409012704045053e-21,False,-2.5571555838888064e-22
32,20031,Learning_T1max,-0.01301402853323358,True,-0.0017771549652855524
32,20031,Learning_T1sum,-1.4409013499936737e-21,False,-6.392889312837615e-23
32,20031,Learning_T2mean,-4.1620554143455515e-22,False,-4.9029771583186105e-23
32,20031,Learning_T2max,-8.64675088464876e-22,False,-8.542936461831222e-23
32,20031,Learning_T2sum,-4.520414754930592e-22,False,-1.3312827487327037e-23
32,20031,Learning_T3mean,-8.148980905791404e-22,False,-7.045331987045641e-23
32,20031,Learning_T3max,-9.241998123249158e-22,False,-7.497124342653799e-23
32,20031,Learning_T3sum,-7.884034843095132e-22,False,-1.704067156040479e-23
32,20031,EnduranceT,-1.824412244674985e-21,False,-2.9864991759308487e-23
32,20031,rear_support,-3.954105907850408e-22,False,-3.871696460881695e-23
32,20031,rear_nosupport,-0.010018426954770662,True,-0.0012725915560163894
32,20031,Weight,0.014185213088066431,True,0.005707598728351716
32,20031,Grip,0.021438817443854917,True,0.03211119040472156
33,20032,OFT_distance,-0.00024368027716986692,True,-4.303550969163767e-05
33,20032,Average_speed_OFT,-0.014397600209590583,True,-1.4701953307368434
33,20032,Total_time_mobile_OFT,-0.004070050770559983,True,-4.3038194754302756e-05
33,20032,Absolute_turn_angle_OFT,0.034244325518425246,True,3.0014311470278193e-06
33,20032,Time_inCenter_OFT,-0.06190892817031806,True,-0.0016079806798974818
33,20032,Total_distance_travelled_NOR1,-0.0224670917844354,True,-0.004774857926913735
33,20032,Average_speed_NOR1,1.13179655240034e-06,True,0.00014422990561151474
33,20032,Time_investigating_Piramidka_NOR1,0.027082631209603473,True,0.0070919783558872004
33,20032,Latency_to_first_investigation_Piramidka_NOR1,-9.248252790156928e-22,False,-7.062788998971382e-24
33,20032,Time_investigating_Stakan_NOR1,0.021986555074434304,True,0.003990650494102427
33,20032,Latency_to_first_investigation_Stakan_NOR1,-5.172023720691298e-22,False,-4.053051723141158e-24
33,20032,Total_distance_travelled_NOR2,6.278364894545964e-22,False,1.4137219969335297e-22
33,20032,Average_speed_NOR2,6.201004784263425e-22,False,8.431239749511585e-20
33,20032,Time_investigating_Piramidka_zone_NOR2,-2.113241301484955e-24,False,-3.328281284235953e-25
33,20032,Latency_to_first_investigation_Piramidka_zone_NOR2,-3.9924488942042857e-22,False,-3.1119175288486392e-24
33,20032,Time_investigating_Stakan_zone_NOR2,0.001963544756755609,True,0.0004163061926465698
33,20032,Latency_to_first_investigation_Stakan_zone_NOR2,0.01988716798209393,True,0.00017897404988058942
33,20032,Learning_T1mean,1.5425993710456783e-22,False,2.662064359443303e-23
33,20032,Learning_T1max,-1.147300993303676e-22,False,-1.6647859838710562e-23
33,20032,Learning_T1sum,1.5425995700843227e-22,False,6.655161757310931e-24
33,20032,Learning_T2mean,0.0021214362562832893,True,0.00025343712059838823
33,20032,Learning_T2max,-8.394234684587491e-23,False,-8.522421583251016e-24
33,20032,Learning_T2sum,0.0021214362562832906,True,6.33592801495971e-05
33,20032,Learning_T3mean,8.543954386900403e-23,False,7.544978559404464e-24
33,20032,Learning_T3max,1.2073603004214302e-22,False,9.78664135653244e-24
33,20032,Learning_T3sum,1.1415866475346595e-22,False,2.5202752698906206e-24
33,20032,EnduranceT,-0.0012423691149906382,True,-1.9927736658224283e-05
33,20032,rear_support,0.01129588236795545,True,0.001324083150092987
33,20032,rear_nosupport,-0.002779007524995635,True,-0.000352808296640972
33,20032,Weight,0.03005234015992567,True,0.012512117287641218
33,20032,Grip,0.02023762471625854,True,0.03229669670069232
34,20033,OFT_distance,0.001870245901716235,True,0.0002949683421748225
34,20033,Average_speed_OFT,-0.03703194317766935,True,-3.3783567412357582
34,20033,Total_time_mobile_OFT,-0.016172108991696913,True,-0.00015828238334992433
34,20033,Absolute_turn_angle_OFT,0.07305827737349996,True,6.060827880671793e-06
34,20033,Time_inCenter_OFT,-0.04912861177727061,True,-0.0010935272045173331
34,20033,Total_distance_travelled_NOR1,4.414585455362907e-22,False,8.150201948952779e-23
34,20033,Average_speed_NOR1,-2.3972450504053732e-08,False,-2.659445697920141e-06
34,20033,Time_investigating_Piramidka_NOR1,-0.03199641528930001,True,-0.00682475465314294
34,20033,Latency_to_first_investigation_Piramidka_NOR1,-0.046098350588153564,True,-0.0003886648299557339
34,20033,Time_investigating_Stakan_NOR1,0.022574639040420594,True,0.003781815026120018
34,20033,Latency_to_first_investigation_Stakan_NOR1,0.005686694205449593,True,4.40992133401672e-05
34,20033,Total_distance_travelled_NOR2,-2.062942028740914e-21,False,-4.163963777299652e-22
34,20033,Average_speed_NOR2,-1.8690983826091614e-21,False,-2.2658583816816664e-19
34,20033,Time_investigating_Piramidka_zone_NOR2,-0.0014563327735840465,True,-0.0001779206302900838
34,20033,Latency_to_first_investigation_Piramidka_zone_NOR2,-0.0027621746687067007,True,-2.0807913109225674e-05
34,20033,Time_investigating_Stakan_zone_NOR2,0.011825028667674155,True,0.0021808362477520786
34,20033,Latency_to_first_investigation_Stakan_zone_NOR2,0.035080298886665515,True,0.00028564468314694704
34,20033,Learning_T1mean,-9.869310301083609e-22,False,-1.784919414492396e-22
34,20033,Learning_T1max,-0.042608235542957375,True,-0.006246998798912937
34,20033,Learning_T1sum,-1.1535330070513081e-21,False,-5.2155707864348135e-23
34,20033,Learning_T2mean,0.012542908488272062,True,0.0014852011839202144
34,20033,Learning_T2max,4.37745496668311e-22,False,4.475990237934839e-23
34,20033,Learning_T2sum,0.012542908488272116,True,0.0003713002959800552
34,20033,Learning_T3mean,-0.006971339275331478,True,-0.0005337833392786713
34,20033,Learning_T3max,-1.681757395911613e-23,False,-1.1641134944112775e-24
34,20033,Learning_T3sum,-0.005851613843349807,True,-0.00011201197697138481
34,20033,EnduranceT,0.013708778849305053,True,0.0002699030574195741
34,20033,rear_support,0.02885210507910236,True,0.0027376467519680866
34,20033,rear_nosupport,-0.014659055203970187,True,-0.0017787001901835367
34,20033,Weight,0.00781805981098624,True,0.0032380913008074686
34,20033,Grip,0.07315299260089393,True,0.12117237136588509
35,20034,OFT_distance,0.0025621146993715332,True,0.00040571581211357367
35,20034,Average_speed_OFT,-5.888492875469185e-21,False,-5.381894524473891e-19
35,20034,Total_time_mobile_OFT,-0.027091900597850906,True,-0.00027055121373890543
35,20034,Absolute_turn_angle_OFT,0.008019131328096772,True,6.762222474704794e-07
35,20034,Time_inCenter_OFT,-0.031306438219677934,True,-0.0007178682562726362
35,20034,Total_distance_travelled_NOR1,0.00958031533000644,True,0.0018000442244783352
35,20034,Average_speed_NOR1,9.504844842323139e-06,True,0.001072102247305613
35,20034,Time_investigating_Piramidka_NOR1,6.661324439349399e-21,False,1.4400774177761185e-21
35,20034,Latency_to_first_investigation_Piramidka_NOR1,-0.01009212503733474,True,-7.531151936485705e-05
35,20034,Time_investigating_Stakan_NOR1,0.003959043862610203,True,0.0006740226528008302
35,20034,Latency_to_first_investigation_Stakan_NOR1,0.019623151351769542,True,0.00017060080414143326
35,20034,Total_distance_travelled_NOR2,8.708869367222396e-21,False,1.811428967702326e-21
35,20034,Average_speed_NOR2,9.334793836717845e-21,False,1.1752371091291013e-18
35,20034,Time_investigating_Piramidka_zone_NOR2,-0.0038692947030772393,True,-0.00046936990912200096
35,20034,Latency_to_first_investigation_Piramidka_zone_NOR2,-0.030197957669743765,True,-0.00019831084758171815
35,20034,Time_investigating_Stakan_zone_NOR2,0.015871381155062505,True,0.0030278805469307166
35,20034,Latency_to_first_investigation_Stakan_zone_NOR2,0.031186648041734124,True,0.0002726170719137921
35,20034,Learning_T1mean,-4.4878556292021474e-21,False,-7.923172947371376e-22
35,20034,Learning_T1max,-1.5166712282309714e-20,False,-2.1042531106145386e-21
35,20034,Learning_T1sum,-4.487855629185417e-21,False,-1.9807932368354595e-22
35,20034,Learning_T2mean,0.021565280301541947,True,0.002535316989330982
35,20034,Learning_T2max,-4.510994975619213e-21,False,-4.414495695737645e-22
35,20034,Learning_T2sum,0.02156528030154195,True,0.0006338292473327456
35,20034,Learning_T3mean,-0.011699360255353562,True,-0.0009145602083892189
35,20034,Learning_T3max,1.0354489188329975e-21,False,7.281841061777424e-23
35,20034,Learning_T3sum,-0.03643932381819874,True,-0.0007121320067369559
35,20034,EnduranceT,0.024570232931653977,True,0.0004277842378750345
35,20034,rear_support,0.04473076015363078,True,0.004527605283796226
35,20034,rear_nosupport,-1.2907837866219322e-20,False,-1.642880986063997e-21
35,20034,Weight,-3.33612802175627e-21,False,-1.3542405959563348e-21
35,20034,Grip,0.0855408664649185,True,0.15033526972700376
36,20035,OFT_distance,0.0014221665385106535,True,0.0002447785033766359
36,20035,Average_speed_OFT,-0.050410263124893405,True,-5.024361717091913
36,20035,Total_time_mobile_OFT,-0.003427613667165025,True,-3.8561411512603404e-05
36,20035,Absolute_turn_angle_OFT,0.024367939020653186,True,2.133151979430116e-06
36,20035,Time_inCenter_OFT,-0.021977107365679704,True,-0.000513012260701009
36,20035,Total_distance_travelled_NOR1,-0.009160024943517966,True,-0.0015580839847553324
36,20035,Average_speed_NOR1,5.869040088001859e-05,True,0.006005149813048844
36,20035,Time_investigating_Piramidka_NOR1,0.013990309484943243,True,0.0031047573262777146
36,20035,Latency_to_first_investigation_Piramidka_NOR1,-0.03152681437285924,True,-0.00023636215254060216
36,20035,Time_investigating_Stakan_NOR1,-0.023829867821399932,True,-0.004358352922011378
36,20035,Latency_to_first_investigation_Stakan_NOR1,0.014464021655423341,True,0.00011376641445025254
36,20035,Total_distance_travelled_NOR2,-2.815534904163548e-22,False,-4.537525129860618e-23
36,20035,Average_speed_NOR2,1.905545858558579e-22,False,1.8474551558168565e-20
36,20035,Time_investigating_Piramidka_zone_NOR2,0.009859912641545775,True,0.0015762744934432603
36,20035,Latency_to_first_investigation_Piramidka_zone_NOR2,-3.4707440485553827e-23,False,-2.3062060961368436e-25
36,20035,Time_investigating_Stakan_zone_NOR2,0.04520733044780851,True,0.008536015666738315
36,20035,Latency_to_first_investigation_Stakan_zone_NOR2,0.036196128866761046,True,0.0003016964232884332
36,20035,Learning_T1mean,-0.003177312203827995,True,-0.0005372619698424048
36,20035,Learning_T1max,-0.03785946785043907,True,-0.004918783701523088
36,20035,Learning_T1sum,-0.003177312203827927,True,-0.00013431549246059832
36,20035,Learning_T2mean,0.016299816631483454,True,0.002058949597063909
36,20035,Learning_T2max,-3.835682836803664e-23,False,-4.0346101050120795e-24
36,20035,Learning_T2sum,-1.4219326565775535e-22,False,-4.490369027614511e-24
36,20035,Learning_T3mean,6.042914988585711e-23,False,4.99361193701548e-24
36,20035,Learning_T3max,-1.3535050920801837e-22,False,-1.0173217195352922e-23
36,20035,Learning_T3sum,-9.344759071828287e-24,False,-1.9305294107958621e-25
36,20035,EnduranceT,0.04208433708628376,True,0.0006978661619176227
36,20035,rear_support,0.08037470262384577,True,0.00879374622487825
36,20035,rear_nosupport,-0.04174012504316551,True,-0.005117927279924229
36,20035,Weight,-4.6314259640824323e-23,False,-1.8091954481274708e-23
36,20035,Grip,0.03532305298101705,True,0.052566210648924555
37,20036,OFT_distance,0.00048789030776088345,True,7.545661557340147e-05
37,20036,Average_speed_OFT,2.1400382112930994e-23,False,1.9122034641446787e-21
37,20036,Total_time_mobile_OFT,-0.0211485617791852,True,-0.00021090934228953887
37,20036,Absolute_turn_angle_OFT,0.0445175113333048,True,3.627516685940449e-06
37,20036,Time_inCenter_OFT,-0.037779549898811673,True,-0.0008864330361856417
37,20036,Total_distance_travelled_NOR1,-7.228854700434686e-23,False,-1.229396914523066e-23
37,20036,Average_speed_NOR1,0.00014933174203072175,True,0.015245328427741402
37,20036,Time_investigating_Piramidka_NOR1,0.0158461183155947,True,0.0034232279839923525
37,20036,Latency_to_first_investigation_Piramidka_NOR1,-0.02354488805462814,True,-0.0002057686489511683
37,20036,Time_investigating_Stakan_NOR1,2.7702483827400533e-22,False,4.528757109162092e-23
37,20036,Latency_to_first_investigation_Stakan_NOR1,6.650373262053747e-24,False,5.330789853159295e-26
37,20036,Total_distance_travelled_NOR2,-1.1945376374634478e-22,False,-1.9051492827527576e-23
37,20036,Average_speed_NOR2,-1.08961178272935e-22,False,-1.044587840895137e-20
37,20036,Time_investigating_Piramidka_zone_NOR2,-1.0322594944519408e-23,False,-1.1871441733591496e-24
37,20036,Latency_to_first_investigation_Piramidka_zone_NOR2,3.5744538352156026e-23,False,2.821837702791167e-25
37,20036,Time_investigating_Stakan_zone_NOR2,0.0032608535416027286,True,0.000596606197426304
37,20036,Latency_to_first_investigation_Stakan_zone_NOR2,0.021548752528049074,True,0.0001900604711489268
37,20036,Learning_T1mean,-0.0015899831598857829,True,-0.00030451670271364423
37,20036,Learning_T1max,-2.373047110004687e-23,False,-3.70717855623962e-24
37,20036,Learning_T1sum,-0.0015899831598857829,True,-7.612917567841106e-05
37,20036,Learning_T2mean,0.01658985882152187,True,0.002032220592595972
37,20036,Learning_T2max,-2.6783931227657655e-23,False,-2.9627360220157884e-24
37,20036,Learning_T2sum,-6.703920057525011e-23,False,-2.0530380244022047e-24
37,20036,Learning_T3mean,-0.035330282836285906,True,-0.0027842595597931436
37,20036,Learning_T3max,-1.2503318179862735e-23,False,-9.005538526989118e-25
37,20036,Learning_T3sum,-0.03234749452596013,True,-0.0006372990366833476
37,20036,EnduranceT,0.019578154027089612,True,0.000321523879755505
37,20036,rear_support,-4.577643479655978e-23,False,-4.4653685661985445e-24
37,20036,rear_nosupport,-3.159378148396352e-23,False,-3.9225374144521925e-24
37,20036,Weight,0.0034068409909860957,True,0.0013481536603028462
37,20036,Grip,0.0628988302489382,True,0.09659299692070847
38,20037,OFT_distance,0.0006022485038886824,True,0.00010462220500628897
38,20037,Average_speed_OFT,-0.05052865483355954,True,-5.174638746656314
38,20037,Total_time_mobile_OFT,0.004258912994751493,True,4.8963763806983135e-05
38,20037,Absolute_turn_angle_OFT,-1.4450468964923634e-21,False,-1.328742010976116e-25
38,20037,Time_inCenter_OFT,-0.03094480010299959,True,-0.0010209361706134215
38,20037,Total_distance_travelled_NOR1,8.252810812637983e-22,False,1.35419786711965e-22
38,20037,Average_speed_NOR1,-7.431719641252124e-08,False,-7.327616602162918e-06
38,20037,Time_investigating_Piramidka_NOR1,-0.017822264315111556,True,-0.0037470856326799547
38,20037,Latency_to_first_investigation_Piramidka_NOR1,1.407228059992022e-21,False,1.1203855274165408e-23
38,20037,Time_investigating_Stakan_NOR1,1.786661594139919e-21,False,2.889403126342597e-22
38,20037,Latency_to_first_investigation_Stakan_NOR1,0.006047038073143815,True,4.77040502368007e-05
38,20037,Total_distance_travelled_NOR2,1.7556597100478245e-22,False,2.8495224536578107e-23
38,20037,Average_speed_NOR2,4.249344755594711e-22,False,4.169667903632412e-20
38,20037,Time_investigating_Piramidka_zone_NOR2,2.3770816487000907e-21,False,3.1293086408353447e-22
38,20037,Latency_to_first_investigation_Piramidka_zone_NOR2,-7.964972735804188e-23,False,-5.7163534256303685e-25
38,20037,Time_investigating_Stakan_zone_NOR2,0.05566152367475484,True,0.01027565573556754
38,20037,Latency_to_first_investigation_Stakan_zone_NOR2,0.0006065585343014612,True,4.851893716980319e-06
38,20037,Learning_T1mean,8.339718861040176e-22,False,1.516302112066693e-22
38,20037,Learning_T1max,-0.0357026381996729,True,-0.005692641296321277
38,20037,Learning_T1sum,6.848519470713192e-22,False,3.1129420280832706e-23
38,20037,Learning_T2mean,-1.2828419747569116e-21,False,-1.5926533940912655e-22
38,20037,Learning_T2max,-1.253386720584799e-21,False,-1.3386186466977916e-22
38,20037,Learning_T2sum,-1.5740179711993754e-21,False,-4.8853738681772634e-23
38,20037,Learning_T3mean,-8.773851944188502e-22,False,-8.357686652373562e-23
38,20037,Learning_T3max,-1.446486816754923e-21,False,-1.251494343413895e-22
38,20037,Learning_T3sum,-1.1288446504060016e-21,False,-2.6882519580099163e-23
38,20037,EnduranceT,-2.64827925067905e-21,False,-4.4828962554507606e-23
38,20037,rear_support,0.031828034824060325,True,0.0033908323081030915
38,20037,rear_nosupport,-1.7452024212039628e-21,False,-2.2611155810686005e-22
38,20037,Weight,2.1260690745534506e-21,False,8.470339853534926e-22
38,20037,Grip,0.02627682667397869,True,0.03929644593077258
39,20038,OFT_distance,0.000800411704968313,True,0.00012080220062917785
39,20038,Average_speed_OFT,-0.03251657830156904,True,-2.8826286560345804
39,20038,Total_time_mobile_OFT,-0.01545085156166228,True,-0.0001474073317943263
39,20038,Absolute_turn_angle_OFT,0.004957419623395068,True,4.0715162507663203e-07
39,20038,Time_inCenter_OFT,-0.030574368029365168,True,-0.0007757925889131685
39,20038,Total_distance_travelled_NOR1,-3.239096604414345e-24,False,-5.4240009553736795e-25
39,20038,Average_speed_NOR1,1.354144579796547e-06,True,0.00013607001708541635
39,20038,Time_investigating_Piramidka_NOR1,2.6317196118789183e-22,False,5.2217575037954587e-23
39,20038,Latency_to_first_investigation_Piramidka_NOR1,-0.014683362932607144,True,-0.00011840340957021365
39,20038,Time_investigating_Stakan_NOR1,0.005221280447233618,True,0.0008063360572367418
39,20038,Latency_to_first_investigation_Stakan_NOR1,0.0029003165295506264,True,2.6400695264971732e-05
39,20038,Total_distance_travelled_NOR2,-4.827844927423411e-22,False,-7.528596045306539e-23
39,20038,Average_speed_NOR2,-3.268466826846799e-22,False,-3.069230435526379e-20
39,20038,Time_investigating_Piramidka_zone_NOR2,-5.67711227117439e-22,False,-6.53384821308529e-23
39,20038,Latency_to_first_investigation_Piramidka_zone_NOR2,1.6779715255932884e-22,False,1.3142860962937926e-24
39,20038,Time_investigating_Stakan_zone_NOR2,0.010019948833105075,True,0.001887430773518578
39,20038,Latency_to_first_investigation_Stakan_zone_NOR2,0.02163701724448271,True,0.00017655167222932448
39,20038,Learning_T1mean,-1.4356431508510056e-22,False,-2.8116160800770834e-23
39,20038,Learning_T1max,-0.032018448112763886,True,-0.004953041610090978
39,20038,Learning_T1sum,-5.874639979271944e-23,False,-2.8762774754634867e-24
39,20038,Learning_T2mean,0.03431624052320328,True,0.004171771663317471
39,20038,Learning_T2max,-3.93680950976201e-23,False,-4.122184925171316e-24
39,20038,Learning_T2sum,0.009907351427573362,True,0.0003011053025762825
39,20038,Learning_T3mean,-0.011856610098196343,True,-0.0009450574140135125
39,20038,Learning_T3max,-7.95197680450307e-23,False,-5.736826865870405e-24
39,20038,Learning_T3sum,-0.015267463477893423,True,-0.00030423176256674377
39,20038,EnduranceT,-7.725027430228765e-23,False,-1.3816970451550913e-24
39,20038,rear_support,0.03622677209628976,True,0.00351902282163703
39,20038,rear_nosupport,-0.034180480480798296,True,-0.004181724101400894
39,20038,Weight,0.03875538068465431,True,0.015307025310719136
39,20038,Grip,0.04893892336803399,True,0.08060219277926785
40,20039,OFT_distance,0.0014504485451636159,True,0.00022780784644471438
40,20039,Average_speed_OFT,-0.018129781560441788,True,-1.624999721939997
40,20039,Total_time_mobile_OFT,-2.768816812722011e-22,False,-2.711671367174953e-24
40,20039,Absolute_turn_angle_OFT,0.045846264239404425,True,3.803979766357284e-06
40,20039,Time_inCenter_OFT,-0.042997243549130634,True,-0.0010014761022428815
40,20039,Total_distance_travelled_NOR1,-0.005465703034000126,True,-0.0009327691751888911
40,20039,Average_speed_NOR1,4.335435361657757e-05,True,0.004448737047944977
40,20039,Time_investigating_Piramidka_NOR1,0.013538965541068369,True,0.0030314560923346556
40,20039,Latency_to_first_investigation_Piramidka_NOR1,-0.04090404991541199,True,-0.0003364417060377693
40,20039,Time_investigating_Stakan_NOR1,-0.0220274421531737,True,-0.0040237327058072914
40,20039,Latency_to_first_investigation_Stakan_NOR1,1.6471472163471502e-22,False,1.3028023590527529e-24
40,20039,Total_distance_travelled_NOR2,-4.397084593253983e-22,False,-7.07547297651176e-23
40,20039,Average_speed_NOR2,-2.345554833452917e-22,False,-2.266841445744251e-20
40,20039,Time_investigating_Piramidka_zone_NOR2,-0.01613496078164866,True,-0.002098900022139817
40,20039,Latency_to_first_investigation_Piramidka_zone_NOR2,-0.007743720914181146,True,-5.108333308149528e-05
40,20039,Time_investigating_Stakan_zone_NOR2,0.021421050622232318,True,0.003988052411739366
40,20039,Latency_to_first_investigation_Stakan_zone_NOR2,0.028409583830381058,True,0.00023706778224412753
40,20039,Learning_T1mean,-0.0024842334561222474,True,-0.0004155826494730245
40,20039,Learning_T1max,-0.03957551982710266,True,-0.0052236193231756925
40,20039,Learning_T1sum,-0.002484233456122312,True,-0.00010389566236825883
40,20039,Learning_T2mean,0.0023676588446950274,True,0.00026838720075528385
40,20039,Learning_T2max,-7.623293738667283e-23,False,-7.466712350681829e-24
40,20039,Learning_T2sum,-8.127810691832678e-23,False,-2.3033305291612024e-24
40,20039,Learning_T3mean,8.015789436121131e-23,False,6.1764858638904634e-24
40,20039,Learning_T3max,2.3996670423461198e-23,False,1.697601199761206e-24
40,20039,Learning_T3sum,-1.4253467836774957e-23,False,-2.745716541921135e-25
40,20039,EnduranceT,-5.360281530713641e-22,False,-9.310331968638258e-24
40,20039,rear_support,0.03612779995909523,True,0.003502461851508217
40,20039,rear_nosupport,-0.01833986908908929,True,-0.002262136300098049
40,20039,Weight,7.1524444886739175e-22,False,2.7915613603492923e-22
40,20039,Grip,0.03221160192201552,True,0.0493647030641688
41,20040,OFT_distance,0.0005329531468645782,True,8.456361961195762e-05
41,20040,Average_speed_OFT,-0.011357519792574957,True,-1.0161851116058644
41,20040,Total_time_mobile_OFT,-1.5279147853359907e-09,False,-1.5504474962115913e-11
41,20040,Absolute_turn_angle_OFT,-1.8358158254406577e-10,False,-1.658064158451376e-14
41,20040,Time_inCenter_OFT,-1.1161759490694567e-10,False,-2.478189871848634e-12
41,20040,Total_distance_travelled_NOR1,-7.596907253836727e-10,False,-1.3014778661888623e-10
41,20040,Average_speed_NOR1,-8.202559968014962e-06,True,-0.0008427889265751918
41,20040,Time_investigating_Piramidka_NOR1,0.0007706218547335367,True,0.0001568789066590968
41,20040,Latency_to_first_investigation_Piramidka_NOR1,1.0150245468667605e-09,False,7.8614514337499e-12
41,20040,Time_investigating_Stakan_NOR1,-3.9737530732034807e-10,False,-6.04058390404904e-11
41,20040,Latency_to_first_investigation_Stakan_NOR1,9.256820283967008e-10,False,7.303919325773217e-12
41,20040,Total_distance_travelled_NOR2,-1.1319571567780795e-09,False,-1.8734927048564162e-10
41,20040,Average_speed_NOR2,-1.166024939708902e-09,False,-1.16630266388569e-07
41,20040,Time_investigating_Piramidka_zone_NOR2,-1.390515408187318e-09,False,-1.5724136372198253e-10
41,20040,Latency_to_first_investigation_Piramidka_zone_NOR2,-0.01730796376633686,True,-0.00012560085844744338
41,20040,Time_investigating_Stakan_zone_NOR2,3.1009992125647603e-10,False,5.635164096458542e-11
41,20040,Latency_to_first_investigation_Stakan_zone_NOR2,0.006462465576386814,True,6.0498827487389776e-05
41,20040,Learning_T1mean,-1.4797802300454193e-09,False,-2.43062127389329e-10
41,20040,Learning_T1max,-1.4074128593329298e-09,False,-1.8643087598305648e-10
41,20040,Learning_T1sum,-1.479780140463272e-09,False,-6.076552816874086e-11
41,20040,Learning_T2mean,0.014448047263666861,True,0.0016602951720508742
41,20040,Learning_T2max,-2.938272352918796e-10,False,-2.91849489237919e-11
41,20040,Learning_T2sum,0.012366011883665286,True,0.0003552595975998085
41,20040,Learning_T3mean,-9.419413060302165e-10,False,-8.113369231049136e-11
41,20040,Learning_T3max,-7.056843808701499e-10,False,-5.520075801960946e-11
41,20040,Learning_T3sum,-9.146894857360655e-10,False,-1.969659224525261e-11
41,20040,EnduranceT,0.0006286883800549117,True,1.071341026358066e-05
41,20040,rear_support,0.005713968939094878,True,0.0005605096872362756
41,20040,rear_nosupport,-5.164370455045976e-10,False,-6.273507051807825e-11
41,20040,Weight,2.904472227020801e-10,False,1.1558965736681766e-10
41,20040,Grip,0.02779714226363164,True,0.04146385527030084
42,20041,OFT_distance,0.001354669034777517,True,0.0002193868106020824
42,20041,Average_speed_OFT,-0.019438356014370363,True,-1.7857124161220492
42,20041,Total_time_mobile_OFT,-0.01566395099104034,True,-0.00015880214340196997
42,20041,Absolute_turn_angle_OFT,0.02945252212445362,True,2.5713857832062642e-06
42,20041,Time_inCenter_OFT,-0.02982991412643371,True,-0.000729522750404587
42,20041,Total_distance_travelled_NOR1,2.7307358428736067e-23,False,4.7899904857359976e-24
42,20041,Average_speed_NOR1,6.484022982936651e-06,True,0.0006832700837639048
42,20041,Time_investigating_Piramidka_NOR1,-1.0081474390729803e-21,False,-2.1009287968192195e-22
42,20041,Latency_to_first_investigation_Piramidka_NOR1,-0.0366934900319432,True,-0.0003226402896735726
42,20041,Time_investigating_Stakan_NOR1,3.444336858604204e-23,False,5.464517796132399e-24
42,20041,Latency_to_first_investigation_Stakan_NOR1,-8.429837037191594e-22,False,-7.395590188381944e-24
42,20041,Total_distance_travelled_NOR2,3.669630808799176e-22,False,6.143581366730282e-23
42,20041,Average_speed_NOR2,3.5140679586933733e-22,False,3.5380894002315844e-20
42,20041,Time_investigating_Piramidka_zone_NOR2,5.835718892417909e-22,False,6.820502724240106e-23
42,20041,Latency_to_first_investigation_Piramidka_zone_NOR2,-0.004148317325646855,True,-4.246136639455327e-05
42,20041,Time_investigating_Stakan_zone_NOR2,0.018743660674086716,True,0.0034782542490095565
42,20041,Latency_to_first_investigation_Stakan_zone_NOR2,0.03112464012079161,True,0.0002924889932190838
42,20041,Learning_T1mean,-8.058711406495824e-23,False,-1.2982294242736303e-23
42,20041,Learning_T1max,-5.2818454209464183e-23,False,-7.056558238277609e-24
42,20041,Learning_T1sum,-8.058711406495824e-23,False,-3.2455735606840757e-24
42,20041,Learning_T2mean,0.007804370676629675,True,0.0009448823750656274
42,20041,Learning_T2max,-2.771936213685365e-22,False,-2.769422485803359e-23
42,20041,Learning_T2sum,0.0019445378084336812,True,5.885674767921172e-05
42,20041,Learning_T3mean,-0.017404814889957616,True,-0.0017376370653307076
42,20041,Learning_T3max,1.902869091957305e-23,False,1.7964620865313873e-24
42,20041,Learning_T3sum,-0.014092803233698293,True,-0.00035174429329058846
42,20041,EnduranceT,-1.606881607303303e-21,False,-2.6166182931566618e-23
42,20041,rear_support,0.00972241515305772,True,0.0009689848463130313
42,20041,rear_nosupport,-0.01561001932630141,True,-0.001935920760288302
42,20041,Weight,0.02220304180462051,True,0.008655510956057058
42,20041,Grip,0.056354362327469536,True,0.09815999940621294
43,20042,OFT_distance,0.00047688602761875964,True,7.828234092959882e-05
43,20042,Average_speed_OFT,-0.032230920350548094,True,-3.013466870799041
43,20042,Total_time_mobile_OFT,1.3835164522201316e-22,False,1.4415943872016355e-24
43,20042,Absolute_turn_angle_OFT,3.022597458120824e-23,False,2.7296459167177258e-27
43,20042,Time_inCenter_OFT,-0.0017330314452257936,True,-3.870241962407086e-05
43,20042,Total_distance_travelled_NOR1,-3.562349216332811e-22,False,-6.92074860741366e-23
43,20042,Average_speed_NOR1,2.0408806910703454e-06,True,0.00023848744138683388
43,20042,Time_investigating_Piramidka_NOR1,-1.3940179192073713e-21,False,-3.3485816134533387e-22
43,20042,Latency_to_first_investigation_Piramidka_NOR1,1.596034043511489e-22,False,1.279233192326992e-24
43,20042,Time_investigating_Stakan_NOR1,-5.602701471673205e-22,False,-1.002629421791047e-22
43,20042,Latency_to_first_investigation_Stakan_NOR1,0.0204385181196597,True,0.0001599975033209821
43,20042,Total_distance_travelled_NOR2,0.015743747187215735,True,0.003447924501893198
43,20042,Average_speed_NOR2,0.0008743420382033813,True,0.11578244158689625
43,20042,Time_investigating_Piramidka_zone_NOR2,-2.7023547070910107e-22,False,-3.276203002082281e-23
43,20042,Latency_to_first_investigation_Piramidka_zone_NOR2,-0.02154421892517029,True,-0.00014820545576148427
43,20042,Time_investigating_Stakan_zone_NOR2,0.016384417719615883,True,0.003390964205814303
43,20042,Latency_to_first_investigation_Stakan_zone_NOR2,0.028843958152210154,True,0.00023671590607688518
43,20042,Learning_T1mean,4.586832776546283e-23,False,8.161189679621125e-24
43,20042,Learning_T1max,-0.03388220136378899,True,-0.004806969189672596
43,20042,Learning_T1sum,4.586834837633658e-23,False,2.040298336710288e-24
43,20042,Learning_T2mean,0.01822453520035335,True,0.0021639780296670978
43,20042,Learning_T2max,1.730811807900968e-22,False,1.7495111952636954e-23
43,20042,Learning_T2sum,0.018224535200353352,True,0.0005409945074167746
43,20042,Learning_T3mean,-0.0020587520794959095,True,-0.00018248089694407842
43,20042,Learning_T3max,-6.551427490528221e-24,False,-5.2550294301898145e-25
43,20042,Learning_T3sum,4.470468341704533e-23,False,9.906183955793436e-25
43,20042,EnduranceT,7.552907308693388e-23,False,1.3752560379585592e-24
43,20042,rear_support,0.04186926698752285,True,0.004162407066789569
43,20042,rear_nosupport,1.4766855723154579e-22,False,1.9984589586449143e-23
43,20042,Weight,0.0035427864105126708,True,0.0014479431527039377
43,20042,Grip,0.05270614380196062,True,0.07836121785803336
44,20043,OFT_distance,0.00037595963467413636,True,6.198886121503596e-05
44,20043,Average_speed_OFT,-0.051357996944591984,True,-5.00188241528901
44,20043,Total_time_mobile_OFT,-0.013781797535117477,True,-0.00014401604535797894
44,20043,Absolute_turn_angle_OFT,0.02431004877218417,True,2.2307112630188617e-06
44,20043,Time_inCenter_OFT,-0.010507606728869816,True,-0.0002474500681674131
44,20043,Total_distance_travelled_NOR1,6.235222903064235e-23,False,1.1103633596180215e-23
44,20043,Average_speed_NOR1,-2.5864447922464957e-06,True,-0.0002761628816293627
44,20043,Time_investigating_Piramidka_NOR1,0.03756889662083062,True,0.008231070679656121
44,20043,Latency_to_first_investigation_Piramidka_NOR1,-0.0168591270643976,True,-0.00012891085260993365
44,20043,Time_investigating_Stakan_NOR1,1.3627402762947865e-23,False,2.1296873681776842e-24
44,20043,Latency_to_first_investigation_Stakan_NOR1,-0.002787788020513886,True,-2.1999343290201483e-05
44,20043,Total_distance_travelled_NOR2,1.3706350059484097e-22,False,2.2105638098768294e-23
44,20043,Average_speed_NOR2,-0.007403689492254206,True,-0.7198284409602501
44,20043,Time_investigating_Piramidka_zone_NOR2,-0.03920310044508686,True,-0.004643027082796684
44,20043,Latency_to_first_investigation_Piramidka_zone_NOR2,-1.5514376384233697e-22,False,-1.0489163720238276e-24
44,20043,Time_investigating_Stakan_zone_NOR2,9.631566967691755e-23,False,1.7551213606320653e-23
44,20043,Latency_to_first_investigation_Stakan_zone_NOR2,0.0017930086527121907,True,1.4784486129755213e-05
44,20043,Learning_T1mean,1.4811198441227608e-22,False,2.445155947832181e-23
44,20043,Learning_T1max,-0.0003332733792885098,True,-4.2953719987275095e-05
44,20043,Learning_T1sum,1.6853061122654236e-22,False,6.955609096515115e-24
44,20043,Learning_T2mean,3.9246795767829585e-22,False,4.609942792868352e-23
44,20043,Learning_T2max,3.9472431635891807e-22,False,4.106766971725651e-23
44,20043,Learning_T2sum,4.485892889315075e-22,False,1.3172864937185827e-23
44,20043,Learning_T3mean,-0.011702896933326424,True,-0.0009293968473524181
44,20043,Learning_T3max,1.0251904123063879e-22,False,7.317168205787184e-24
44,20043,Learning_T3sum,-0.008629188066330179,True,-0.000171323823275328
44,20043,EnduranceT,2.399953763817406e-22,False,4.1430851461319525e-24
44,20043,rear_support,0.03560467350354106,True,0.0036130450063933343
44,20043,rear_nosupport,-2.0750105509785038e-23,False,-2.6039661849781095e-24
44,20043,Weight,0.021336528604011234,True,0.009093028910356722
44,20043,Grip,0.029311847577997388,True,0.0443614663575398
45,20044,OFT_distance,0.0004584740527189889,True,7.850049709493731e-05
45,20044,Average_speed_OFT,-0.016310029089806784,True,-1.568019029289284
45,20044,Total_time_mobile_OFT,-0.012905602366801376,True,-0.0001383815884172789
45,20044,Absolute_turn_angle_OFT,0.0082257770357257,True,7.834041071478273e-07
45,20044,Time_inCenter_OFT,-0.032937368180559166,True,-0.0008928598930278205
45,20044,Total_distance_travelled_NOR1,-7.160895333487229e-23,False,-1.4766750193975526e-23
45,20044,Average_speed_NOR1,7.868091922654547e-06,True,0.0009786130736973288
45,20044,Time_investigating_Piramidka_NOR1,-1.8871279976148263e-21,False,-4.176698107967721e-22
45,20044,Latency_to_first_investigation_Piramidka_NOR1,-0.007520363098199017,True,-6.759433003746103e-05
45,20044,Time_investigating_Stakan_NOR1,-0.025640584215796944,True,-0.004447745730447153
45,20044,Latency_to_first_investigation_Stakan_NOR1,-1.3177126345467612e-21,False,-1.1237104803661892e-23
45,20044,Total_distance_travelled_NOR2,0.004008054727268733,True,0.0009215612211608181
45,20044,Average_speed_NOR2,3.6644497919354647e-23,False,5.059529433697947e-21
45,20044,Time_investigating_Piramidka_zone_NOR2,2.3060409385512984e-22,False,2.8144873705428007e-23
45,20044,Latency_to_first_investigation_Piramidka_zone_NOR2,-0.004626329690675897,True,-3.6687862155198006e-05
45,20044,Time_investigating_Stakan_zone_NOR2,0.02675164890547484,True,0.005112630113956027
45,20044,Latency_to_first_investigation_Stakan_zone_NOR2,0.024586352727265948,True,0.00023145122981556927
45,20044,Learning_T1mean,1.6924093462313138e-22,False,2.967728176480579e-23
45,20044,Learning_T1max,-0.017908331566502723,True,-0.002627441281792216
45,20044,Learning_T1sum,2.498764886643135e-22,False,1.095428682340422e-23
45,20044,Learning_T2mean,-1.0526852309104177e-22,False,-1.2841111631819552e-23
45,20044,Learning_T2max,-0.008692515501862409,True,-0.0008905314130053813
45,20044,Learning_T2sum,-3.1326812672233766e-22,False,-9.55345165822617e-24
45,20044,Learning_T3mean,6.303098322388686e-23,False,5.460585320308114e-24
45,20044,Learning_T3max,-0.009569914096367083,True,-0.0007508883158428635
45,20044,Learning_T3sum,3.8440922535166924e-22,False,8.325664877740805e-24
45,20044,EnduranceT,-1.9522882922912863e-21,False,-3.393100292819645e-23
45,20044,rear_support,0.02350014677517967,True,0.0024097302640189813
45,20044,rear_nosupport,-0.014048500408807002,True,-0.0018575601469627819
45,20044,Weight,0.03981981775613059,True,0.014868400967032165
45,20044,Grip,0.06176908608176506,True,0.09780102020210656
46,20045,OFT_distance,-0.0010256674692521294,True,-0.00016991338288462662
46,20045,Average_speed_OFT,-0.013548190767849598,True,-1.3167284891554625
46,20045,Total_time_mobile_OFT,-1.2735530354880786e-20,False,-1.292120628684059e-22
46,20045,Absolute_turn_angle_OFT,-1.1067282340379244e-20,False,-9.398467463736935e-25
46,20045,Time_inCenter_OFT,-0.01788758653645238,True,-0.0004440054225422966
46,20045,Total_distance_travelled_NOR1,1.3868953056225602e-20,False,2.4675520872566374e-21
46,20045,Average_speed_NOR1,6.5987471690959726e-06,True,0.0007048806237655318
46,20045,Time_investigating_Piramidka_NOR1,5.116866092628215e-21,False,1.0842595433386328e-21
46,20045,Latency_to_first_investigation_Piramidka_NOR1,2.8719875839520205e-21,False,2.3217243608588176e-23
46,20045,Time_investigating_Stakan_NOR1,5.56027366269415e-21,False,9.485189356254833e-22
46,20045,Latency_to_first_investigation_Stakan_NOR1,0.0285451640751748,True,0.00025775009628182464
46,20045,Total_distance_travelled_NOR2,-6.339417886115957e-21,False,-1.0479171325696006e-21
46,20045,Average_speed_NOR2,-7.549122207989923e-21,False,-7.502819063589647e-19
46,20045,Time_investigating_Piramidka_zone_NOR2,5.101431631000157e-21,False,6.578313964095515e-22
46,20045,Latency_to_first_investigation_Piramidka_zone_NOR2,8.85095465307789e-21,False,6.42690940676304e-23
46,20045,Time_investigating_Stakan_zone_NOR2,0.009247387710411505,True,0.001841229850935112
46,20045,Latency_to_first_investigation_Stakan_zone_NOR2,0.022055623168760388,True,0.0001872045929754535
46,20045,Learning_T1mean,-4.31544932049897e-21,False,-7.478514986322254e-22
46,20045,Learning_T1max,-0.0003239335400191721,True,-4.7027813469205274e-05
46,20045,Learning_T1sum,-4.315449282151401e-21,False,-1.869628729966832e-22
46,20045,Learning_T2mean,-1.2303291801904608e-20,False,-1.43269304077145e-21
46,20045,Learning_T2max,-5.698534137575778e-21,False,-5.779159994564976e-22
46,20045,Learning_T2sum,-1.1463591197900883e-20,False,-3.337279078624097e-22
46,20045,Learning_T3mean,-0.005330926991698146,True,-0.00040300092340758904
46,20045,Learning_T3max,-4.307653887476967e-05,True,-2.9211864031833716e-06
46,20045,Learning_T3sum,-0.008709512236249271,True,-0.00016460277354689835
46,20045,EnduranceT,0.030574391649026034,True,0.0005087083324638892
46,20045,rear_support,0.016241166225355156,True,0.0017076880486836612
46,20045,rear_nosupport,-0.002242102688667357,True,-0.00028725702441285907
46,20045,Weight,-0.004788119441265592,True,-0.002013979714827468
46,20045,Grip,0.0009744404418841879,True,0.0014407458391691168
47,20046,OFT_distance,0.0013161479928794676,True,0.00021043140499640384
47,20046,Average_speed_OFT,-0.029902209525332228,True,-2.776986794810998
47,20046,Total_time_mobile_OFT,1.0059429909821052e-22,False,9.979972827075547e-25
47,20046,Absolute_turn_angle_OFT,-2.485574923335112e-22,False,-2.1540802384071649e-26
47,20046,Time_inCenter_OFT,-0.029486848503494322,True,-0.0008039661380223033
47,20046,Total_distance_travelled_NOR1,-3.107633962779101e-22,False,-5.444312628511087e-23
47,20046,Average_speed_NOR1,3.002159131217382e-05,True,0.0031687478254901484
47,20046,Time_investigating_Piramidka_NOR1,0.021917384157914874,True,0.005424543917391777
47,20046,Latency_to_first_investigation_Piramidka_NOR1,-0.025484396788512057,True,-0.0002205665098559109
47,20046,Time_investigating_Stakan_NOR1,-5.84160097485428e-23,False,-1.0834250350371215e-23
47,20046,Latency_to_first_investigation_Stakan_NOR1,5.905489562496896e-23,False,4.766226044088555e-25
47,20046,Total_distance_travelled_NOR2,-1.9121294174090293e-22,False,-3.2426526623369976e-23
47,20046,Average_speed_NOR2,-2.8361749751267483e-22,False,-2.8781390125236e-20
47,20046,Time_investigating_Piramidka_zone_NOR2,-0.0032995759495834482,True,-0.0004281159268621322
47,20046,Latency_to_first_investigation_Piramidka_zone_NOR2,-0.003737468333512853,True,-2.6614926629662866e-05
47,20046,Time_investigating_Stakan_zone_NOR2,0.016253732196888207,True,0.0032940387426819403
47,20046,Latency_to_first_investigation_Stakan_zone_NOR2,0.04050614883106011,True,0.00032704293568936783
47,20046,Learning_T1mean,-2.375046809494115e-22,False,-3.8312971425781784e-23
47,20046,Learning_T1max,-1.2357961992141808e-22,False,-1.5971609852827725e-23
47,20046,Learning_T1sum,-2.375046809536266e-22,False,-9.578242856615436e-24
47,20046,Learning_T2mean,0.004922266915344779,True,0.0005641400046064298
47,20046,Learning_T2max,-7.481482890292423e-23,False,-7.428082416394199e-24
47,20046,Learning_T2sum,8.67592688725467e-23,False,2.485865515989632e-24
47,20046,Learning_T3mean,-0.010753724336939425,True,-0.0009272999129964429
47,20046,Learning_T3max,2.0203634354016123e-23,False,1.5995364214129269e-24
47,20046,Learning_T3sum,-0.006552586013209793,True,-0.00014125832710531607
47,20046,EnduranceT,-1.2696259026481174e-21,False,-2.1410181836503144e-23
47,20046,rear_support,0.04207213273494475,True,0.0040250793884123925
47,20046,rear_nosupport,-0.01717188555614795,True,-0.0021201975585115147
47,20046,Weight,6.216911722614939e-22,False,2.393124844102864e-22
47,20046,Grip,0.030398917109769736,True,0.04965939143503516
48,20047,OFT_distance,0.0014458378052919889,True,0.00022383304800958564
48,20047,Average_speed_OFT,-0.024859381710126468,True,-2.233156475369263
48,20047,Total_time_mobile_OFT,-4.0859371893816765e-22,False,-3.9090608816537006e-24
48,20047,Absolute_turn_angle_OFT,0.014320153603329281,True,1.1700706683007428e-06
48,20047,Time_inCenter_OFT,-0.04952523920521212,True,-0.0012373849201090152
48,20047,Total_distance_travelled_NOR1,6.104189315273634e-23,False,1.0403174886647162e-23
48,20047,Average_speed_NOR1,9.698769445352827e-07,False,9.940015174492518e-05
48,20047,Time_investigating_Piramidka_NOR1,-0.04974248017030596,True,-0.011355365069691462
48,20047,Latency_to_first_investigation_Piramidka_NOR1,-0.02844670081614181,True,-0.00022896827766118966
48,20047,Time_investigating_Stakan_NOR1,-2.8947807870528915e-22,False,-5.290895981089484e-23
48,20047,Latency_to_first_investigation_Stakan_NOR1,0.007141991211467473,True,6.293146649644514e-05
48,20047,Total_distance_travelled_NOR2,-9.365670730506537e-22,False,-1.5803872033930221e-22
48,20047,Average_speed_NOR2,-1.036288462420852e-21,False,-1.05333456875666e-19
48,20047,Time_investigating_Piramidka_zone_NOR2,-6.059353025773705e-22,False,-8.008791563809267e-23
48,20047,Latency_to_first_investigation_Piramidka_zone_NOR2,-0.008956803879240529,True,-7.518965972924671e-05
48,20047,Time_investigating_Stakan_zone_NOR2,0.07799665392220165,True,0.015227326481499132
48,20047,Latency_to_first_investigation_Stakan_zone_NOR2,0.0329879717551902,True,0.00028503408937141823
48,20047,Learning_T1mean,-2.281319089614236e-22,False,-3.630393517653592e-23
48,20047,Learning_T1max,-0.02810496744716088,True,-0.003521233891889103
48,20047,Learning_T1sum,-3.0207038001279845e-22,False,-1.2017546717446024e-23
48,20047,Learning_T2mean,8.503883724415778e-22,False,9.860844952737584e-23
48,20047,Learning_T2max,9.362051173989728e-22,False,9.584892468677867e-23
48,20047,Learning_T2sum,4.573244327601475e-22,False,1.3257487610039883e-23
48,20047,Learning_T3mean,-0.009920867954271415,True,-0.0007550793610263487
48,20047,Learning_T3max,5.2865068870071894e-23,False,3.625083041174175e-24
48,20047,Learning_T3sum,-0.006380792574300938,True,-0.00012141086853621607
48,20047,EnduranceT,0.004420943992944872,True,7.206878496073601e-05
48,20047,rear_support,0.059164406431390294,True,0.00567242877894728
48,20047,rear_nosupport,-0.0008208585333281938,True,-9.638176114266842e-05
48,20047,Weight,0.013746906248240032,True,0.0061324015213794205
48,20047,Grip,0.04895696810456662,True,0.08055636964009279
49,20048,OFT_distance,0.00044997210380690413,True,7.533564862462865e-05
49,20048,Average_speed_OFT,-0.006434941022136612,True,-0.6237732581890475
49,20048,Total_time_mobile_OFT,-0.0036634285824421664,True,-3.7151153660517935e-05
49,20048,Absolute_turn_angle_OFT,1.363416002707377e-21,False,1.156706842668879e-25
49,20048,Time_inCenter_OFT,-0.0402748800903798,True,-0.0010109242582702898
49,20048,Total_distance_travelled_NOR1,-6.290179819461786e-22,False,-1.178848295598108e-22
49,20048,Average_speed_NOR1,4.467598861807975e-05,True,0.00503176965438564
49,20048,Time_investigating_Piramidka_NOR1,0.008690387651650963,True,0.0020011429964066
49,20048,Latency_to_first_investigation_Piramidka_NOR1,-0.004806323177744061,True,-4.215799467609935e-05
49,20048,Time_investigating_Stakan_NOR1,-0.035506613727473046,True,-0.006658103585029707
49,20048,Latency_to_first_investigation_Stakan_NOR1,-1.2293817825230736e-21,False,-1.010762149957981e-23
49,20048,Total_distance_travelled_NOR2,0.00041594860364961366,True,6.987903197110723e-05
49,20048,Average_speed_NOR2,-1.4838258462386956e-22,False,-1.4946906685394585e-20
49,20048,Time_investigating_Piramidka_zone_NOR2,2.0496249188968224e-21,False,2.690426498678389e-22
49,20048,Latency_to_first_investigation_Piramidka_zone_NOR2,-0.0027757549620102758,True,-2.316371659869749e-05
49,20048,Time_investigating_Stakan_zone_NOR2,0.04039153136933278,True,0.007667437531118154
49,20048,Latency_to_first_investigation_Stakan_zone_NOR2,0.03783904083238279,True,0.0003327752610816624
49,20048,Learning_T1mean,6.173214437294966e-22,False,1.0720797030287523e-22
49,20048,Learning_T1max,-0.019357030091411914,True,-0.0027910504508657772
49,20048,Learning_T1sum,6.173214437185102e-22,False,2.6801992575241816e-23
49,20048,Learning_T2mean,3.012166239802135e-22,False,3.3913980397019906e-23
49,20048,Learning_T2max,-1.1185706286749228e-21,False,-1.0866164580464155e-22
49,20048,Learning_T2sum,-5.42774746455878e-22,False,-1.5277752492597545e-23
49,20048,Learning_T3mean,-4.402908340530325e-22,False,-3.3400264432708093e-23
49,20048,Learning_T3max,-0.00133561572462905,True,-9.186252105590773e-05
49,20048,Learning_T3sum,-0.0013850653328832765,True,-2.626760813359684e-05
49,20048,EnduranceT,0.011132162195719586,True,0.00020034255673975906
49,20048,rear_support,0.03653858665957068,True,0.003739137734962969
49,20048,rear_nosupport,-0.03387960396899269,True,-0.0043361073018252224
49,20048,Weight,0.025815093402672937,True,0.010175756167846522
49,20048,Grip,0.035250472583590826,True,0.052307228402200694
50,20049,OFT_distance,7.367331234804647e-18,False,1.1813950446960248e-18
50,20049,Average_speed_OFT,-7.355409392849547e-20,False,-6.8374250689830986e-18
50,20049,Total_time_mobile_OFT,-0.0030997142692337078,True,-3.10079892473197e-05
50,20049,Absolute_turn_angle_OFT,0.052112568252438304,True,4.437496344986922e-06
50,20049,Time_inCenter_OFT,-0.04253630507463689,True,-0.0009812896379816334
50,20049,Total_distance_travelled_NOR1,-1.905224026523656e-20,False,-3.342658615991863e-21
50,20049,Average_speed_NOR1,5.7798072919419565e-05,True,0.006080604431235501
50,20049,Time_investigating_Piramidka_NOR1,0.00858997828882281,True,0.0018252645931355483
50,20049,Latency_to_first_investigation_Piramidka_NOR1,-0.013645141203610966,True,-0.00010831535763565982
50,20049,Time_investigating_Stakan_NOR1,0.01631835513065448,True,0.002638723335813736
50,20049,Latency_to_first_investigation_Stakan_NOR1,0.014067484643447136,True,0.00013104773365955026
50,20049,Total_distance_travelled_NOR2,9.869112246914685e-20,False,1.5376795732384202e-20
50,20049,Average_speed_NOR2,1.0166519262594537e-19,False,9.545492412706229e-18
50,20049,Time_investigating_Piramidka_zone_NOR2,1.0347595682450955e-19,False,1.1603494653436679e-20
50,20049,Latency_to_first_investigation_Piramidka_zone_NOR2,-0.007502399744902386,True,-4.876386757760615e-05
50,20049,Time_investigating_Stakan_zone_NOR2,3.1294851611334483e-20,False,5.657623349788898e-21
50,20049,Latency_to_first_investigation_Stakan_zone_NOR2,0.03829264000031408,True,0.00031315644364280173
50,20049,Learning_T1mean,3.520343869039748e-20,False,6.229247263900105e-21
50,20049,Learning_T1max,-0.027935575594102858,True,-0.0038859025451798723
50,20049,Learning_T1sum,3.520343872959385e-20,False,1.5573118177089753e-21
50,20049,Learning_T2mean,0.020138758453770937,True,0.002379858643113953
50,20049,Learning_T2max,-8.346305310321087e-20,False,-8.268923030563026e-21
50,20049,Learning_T2sum,0.019698826349856004,True,0.0005819676304217185
50,20049,Learning_T3mean,-0.012645765488131098,True,-0.0011187669073586925
50,20049,Learning_T3max,-1.4217625565421246e-20,False,-1.1849525007982793e-21
50,20049,Learning_T3sum,-0.010908007647825473,True,-0.0002412570040353922
50,20049,EnduranceT,0.03195844842616672,True,0.000519561925114294
50,20049,rear_support,0.03480510000203988,True,0.00365192276221703
50,20049,rear_nosupport,-0.017961173972989554,True,-0.002531807969458637
50,20049,Weight,-0.0026542441744704763,True,-0.001126345059617017
50,20049,Grip,0.10497220488122716,True,0.17293104685194927
51,20050,OFT_distance,0.001135483403994924,True,0.00018457950690579103
51,20050,Average_speed_OFT,-0.04992603575980425,True,-4.7466609824260715
51,20050,Total_time_mobile_OFT,-1.4786221422101747e-22,False,-1.5010833775469244e-24
51,20050,Absolute_turn_angle_OFT,0.006242072767355735,True,5.331563458649425e-07
51,20050,Time_inCenter_OFT,-0.038695047505597706,True,-0.0008658985508784077
51,20050,Total_distance_travelled_NOR1,-7.773646381003368e-23,False,-1.550353493856862e-23
51,20050,Average_speed_NOR1,2.6451954873639755e-06,True,0.0003158117896150652
51,20050,Time_investigating_Piramidka_NOR1,0.020037934461526522,True,0.005153189366666014
51,20050,Latency_to_first_investigation_Piramidka_NOR1,-0.02218423930703924,True,-0.00016810564431361282
51,20050,Time_investigating_Stakan_NOR1,0.004481095211225763,True,0.0008026998667918112
51,20050,Latency_to_first_investigation_Stakan_NOR1,0.010939244713454446,True,0.0001097728956470308
51,20050,Total_distance_travelled_NOR2,-1.0876940569983475e-22,False,-1.899112740873435e-23
51,20050,Average_speed_NOR2,0.0002610338165801206,True,0.02742978514847244
51,20050,Time_investigating_Piramidka_zone_NOR2,-0.019061730271716124,True,-0.002753141319536866
51,20050,Latency_to_first_investigation_Piramidka_zone_NOR2,3.4268720601943364e-24,False,2.740557147862252e-26
51,20050,Time_investigating_Stakan_zone_NOR2,0.01814709166384732,True,0.004146107270929865
51,20050,Latency_to_first_investigation_Stakan_zone_NOR2,0.02046521140300764,True,0.0001855388374412127
51,20050,Learning_T1mean,-4.272671063711261e-23,False,-7.148437972015425e-24
51,20050,Learning_T1max,-0.006100287973573156,True,-0.0007863545633326497
51,20050,Learning_T1sum,-2.356972151494214e-24,False,-9.858393599394768e-26
51,20050,Learning_T2mean,0.011192912018682622,True,0.0012861054367486525
51,20050,Learning_T2max,4.936547088853728e-24,False,4.857365984334408e-25
51,20050,Learning_T2sum,-4.798452201266182e-24,False,-1.3783981000043016e-25
51,20050,Learning_T3mean,-0.0056513569506571925,True,-0.000445822393467764
51,20050,Learning_T3max,5.195359887704211e-23,False,3.66427197213151e-24
51,20050,Learning_T3sum,-0.0012817272178378715,True,-2.5278119087965574e-05
51,20050,EnduranceT,0.0004217626539712701,True,6.874158404568751e-06
51,20050,rear_support,0.061434673276154206,True,0.006409058945258306
51,20050,rear_nosupport,-0.024549022257468935,True,-0.002994491495920579
51,20050,Weight,0.013181519777897277,True,0.005907728638067269
51,20050,Grip,0.03986302134648135,True,0.06147387662625905
52,20051,OFT_distance,-0.0007961936677493004,True,-0.00013541965895737604
52,20051,Average_speed_OFT,-0.0329644388022443,True,-3.195419402495473
52,20051,Total_time_mobile_OFT,-0.016379650061902517,True,-0.00017381683959002885
52,20051,Absolute_turn_angle_OFT,0.02787925417386427,True,2.439360780698433e-06
52,20051,Time_inCenter_OFT,-0.02106861974107011,True,-0.0005151119187415104
52,20051,Total_distance_travelled_NOR1,-4.0302527525350396e-22,False,-7.861591602057455e-23
52,20051,Average_speed_NOR1,1.1858697908592138e-05,True,0.0013862217853312642
52,20051,Time_investigating_Piramidka_NOR1,0.0003434026828059339,True,7.305057715953895e-05
52,20051,Latency_to_first_investigation_Piramidka_NOR1,9.132792468669516e-22,False,7.152119289207268e-24
52,20051,Time_investigating_Stakan_NOR1,6.255552026872997e-22,False,1.0727554301224195e-22
52,20051,Latency_to_first_investigation_Stakan_NOR1,0.02976393897545236,True,0.0002811067426870593
52,20051,Total_distance_travelled_NOR2,9.701791766750124e-22,False,1.9709777563367312e-22
52,20051,Average_speed_NOR2,1.073998009713728e-21,False,1.3166426921369587e-19
52,20051,Time_investigating_Piramidka_zone_NOR2,1.2150694453382514e-21,False,1.4528423217105054e-22
52,20051,Latency_to_first_investigation_Piramidka_zone_NOR2,-0.01740065535541041,True,-0.00011901060916902271
52,20051,Time_investigating_Stakan_zone_NOR2,0.013650067306409113,True,0.002630171246409052
52,20051,Latency_to_first_investigation_Stakan_zone_NOR2,0.03649857786608822,True,0.0003132739240003648
52,20051,Learning_T1mean,3.9433201037730907e-22,False,7.276143197000521e-23
52,20051,Learning_T1max,-0.0008631434031785252,True,-0.0001293287261689496
52,20051,Learning_T1sum,3.9433201037305914e-22,False,1.8190357992305254e-23
52,20051,Learning_T2mean,0.006638489414462457,True,0.0007666790495397196
52,20051,Learning_T2max,-2.2792588181839972e-22,False,-2.2012225391721198e-23
52,20051,Learning_T2sum,0.006638489414462446,True,0.00019166976238492957
52,20051,Learning_T3mean,-0.01665229936016145,True,-0.0013159158539663477
52,20051,Learning_T3max,-4.43122922239112e-22,False,-3.1899340027714057e-23
52,20051,Learning_T3sum,-0.023431646412735162,True,-0.00046291017132472673
52,20051,EnduranceT,0.00022214009840731968,True,3.706583279112432e-06
52,20051,rear_support,0.05198715252901008,True,0.005474204575432421
52,20051,rear_nosupport,-0.0054272080032136275,True,-0.0007041280885223068
52,20051,Weight,-0.020771918686980938,True,-0.008288793427209663
52,20051,Grip,0.07564696423826706,True,0.11309069831819708
53,20052,OFT_distance,0.0008761676885613445,True,0.0001541598130017923
53,20052,Average_speed_OFT,-0.06638758537874258,True,-6.7402917481325835
53,20052,Total_time_mobile_OFT,-0.0041823832719644,True,-4.401155672979836e-05
53,20052,Absolute_turn_angle_OFT,0.07154169561803074,True,6.304233265652145e-06
53,20052,Time_inCenter_OFT,-0.018302463757626144,True,-0.00041281252183283983
53,20052,Total_distance_travelled_NOR1,-6.35113550022084e-23,False,-1.2426293091813373e-23
53,20052,Average_speed_NOR1,8.577550402255324e-06,True,0.0010036142760061217
53,20052,Time_investigating_Piramidka_NOR1,-5.010354968527782e-23,False,-1.1947653228864703e-23
53,20052,Latency_to_first_investigation_Piramidka_NOR1,-0.03732369857630732,True,-0.0002798351158055259
53,20052,Time_investigating_Stakan_NOR1,0.007877706842118706,True,0.001404078258631581
53,20052,Latency_to_first_investigation_Stakan_NOR1,0.003542174638243781,True,2.947231627728542e-05
53,20052,Total_distance_travelled_NOR2,-2.506518445680232e-22,False,-4.230942381242032e-23
53,20052,Average_speed_NOR2,-2.373648739951372e-23,False,-2.4134252022175957e-21
53,20052,Time_investigating_Piramidka_zone_NOR2,-0.01542649679130185,True,-0.002262611230884453
53,20052,Latency_to_first_investigation_Piramidka_zone_NOR2,-0.017091015146669764,True,-0.00012744274751350332
53,20052,Time_investigating_Stakan_zone_NOR2,0.0022878755819119773,True,0.00045670189557784735
53,20052,Latency_to_first_investigation_Stakan_zone_NOR2,0.03650906488586381,True,0.0003137024377167675
53,20052,Learning_T1mean,-1.199593417211621e-22,False,-2.0185248134360214e-23
53,20052,Learning_T1max,-0.0030794475655717708,True,-0.0004286476357399147
53,20052,Learning_T1sum,-1.1995942256001136e-22,False,-5.0463154342260694e-24
53,20052,Learning_T2mean,0.007022133754469089,True,0.0008612733509191488
53,20052,Learning_T2max,3.8042299700768635e-23,False,3.855661582941262e-24
53,20052,Learning_T2sum,2.8708428458935932e-24,False,8.802810243650725e-26
53,20052,Learning_T3mean,-0.021076248871971938,True,-0.0016356353795404434
53,20052,Learning_T3max,1.2160608748833913e-22,False,8.528818531181267e-24
53,20052,Learning_T3sum,-0.011316419859913827,True,-0.00021955444734314067
53,20052,EnduranceT,0.0043008412654621745,True,7.297319449637671e-05
53,20052,rear_support,0.07031581454450658,True,0.008244427043455863
53,20052,rear_nosupport,-0.04098808603289925,True,-0.005443672409001459
53,20052,Weight,0.00923183386992978,True,0.004182030102247647
53,20052,Grip,0.06583080598859496,True,0.1113860683120305
54,20053,OFT_distance,0.0014537797515223833,True,0.00024151543930854964
54,20053,Average_speed_OFT,-0.04376516749745798,True,-4.117867651039532
54,20053,Total_time_mobile_OFT,-2.6128835715137806e-21,False,-2.683362522671399e-23
54,20053,Absolute_turn_angle_OFT,0.008813726557659728,True,7.656819406552715e-07
54,20053,Time_inCenter_OFT,-0.032828894353180336,True,-0.0007340373073495236
54,20053,Total_distance_travelled_NOR1,9.038760282200911e-22,False,1.5514751121662915e-22
54,20053,Average_speed_NOR1,5.7390143773638155e-06,True,0.0005923634799479427
54,20053,Time_investigating_Piramidka_NOR1,0.03413376189135157,True,0.007682126730929713
54,20053,Latency_to_first_investigation_Piramidka_NOR1,-0.031853102450917624,True,-0.00024080732773800115
54,20053,Time_investigating_Stakan_NOR1,0.0012014580058951234,True,0.00020353036775535636
54,20053,Latency_to_first_investigation_Stakan_NOR1,0.009682031238670176,True,7.827120013978355e-05
54,20053,Total_distance_travelled_NOR2,-2.4061205984252486e-22,False,-4.059064667348454e-23
54,20053,Average_speed_NOR2,-4.1508439224232154e-22,False,-4.212163725364544e-20
54,20053,Time_investigating_Piramidka_zone_NOR2,-0.034722763974060294,True,-0.004561772184601403
54,20053,Latency_to_first_investigation_Piramidka_zone_NOR2,-0.011659402784703518,True,-7.80158977714122e-05
54,20053,Time_investigating_Stakan_zone_NOR2,-9.076897278392932e-22,False,-1.9004707013349376e-22
54,20053,Latency_to_first_investigation_Stakan_zone_NOR2,0.027288594581522125,True,0.00022723910026393838
54,20053,Learning_T1mean,-8.733402754528843e-22,False,-1.364972593541215e-22
54,20053,Learning_T1max,-0.013337845746941232,True,-0.0017606647562810119
54,20053,Learning_T1sum,-7.945564369063917e-22,False,-3.104596773109356e-23
54,20053,Learning_T2mean,-2.070642363763606e-21,False,-2.430245792957216e-22
54,20053,Learning_T2max,-1.3582180132827712e-21,False,-1.3320834934893007e-22
54,20053,Learning_T2sum,-1.607069194264888e-21,False,-4.7154124931243627e-23
54,20053,Learning_T3mean,1.88264668569418e-22,False,1.8821387018554196e-23
54,20053,Learning_T3max,1.3582910867269446e-23,False,1.2592376306872092e-24
54,20053,Learning_T3sum,-0.006144182251701584,True,-0.0001535631100494662
54,20053,EnduranceT,-3.3244592108594393e-21,False,-6.048507080517288e-23
54,20053,rear_support,0.062132828758450435,True,0.006219277760323092
54,20053,rear_nosupport,-0.017423214101874415,True,-0.002336909635603946
54,20053,Weight,0.015771428739824456,True,0.006157352495210788
54,20053,Grip,0.04092482942479041,True,0.06452741627250719
55,20054,OFT_distance,0.0015523225170128417,True,0.0002812327450131366
55,20054,Average_speed_OFT,-0.028616196436032013,True,-2.9848103181129257
55,20054,Total_time_mobile_OFT,-1.5315264821339169e-22,False,-1.9298659129007992e-24
55,20054,Absolute_turn_angle_OFT,2.4728379939031304e-22,False,2.3616028943401941e-26
55,20054,Time_inCenter_OFT,-0.030897053906744923,True,-0.0006837657865828707
55,20054,Total_distance_travelled_NOR1,-3.4485007864020363e-22,False,-7.179357543288439e-23
55,20054,Average_speed_NOR1,-5.280348272909493e-07,False,-6.602549244752714e-05
55,20054,Time_investigating_Piramidka_NOR1,0.019315328502843083,True,0.0044008721369788685
55,20054,Latency_to_first_investigation_Piramidka_NOR1,-0.031000601176851668,True,-0.00024369049268753917
55,20054,Time_investigating_Stakan_NOR1,9.153674185144019e-23,False,1.550139267520563e-23
55,20054,Latency_to_first_investigation_Stakan_NOR1,0.011682891236932799,True,9.219132643883358e-05
55,20054,Total_distance_travelled_NOR2,8.750654690374521e-23,False,1.9193174900382993e-23
55,20054,Average_speed_NOR2,0.012754172412535847,True,1.6798929980397759
55,20054,Time_investigating_Piramidka_zone_NOR2,-0.02495549469628088,True,-0.003007765240573729
55,20054,Latency_to_first_investigation_Piramidka_zone_NOR2,3.166872914965471e-22,False,2.3151394879405134e-24
55,20054,Time_investigating_Stakan_zone_NOR2,0.01657078673637198,True,0.003366807863591212
55,20054,Latency_to_first_investigation_Stakan_zone_NOR2,0.022862683856433873,True,0.0002025922704536628
55,20054,Learning_T1mean,-9.289362699000412e-23,False,-1.4987892041514848e-23
55,20054,Learning_T1max,-0.02957688706780147,True,-0.003891109328433589
55,20054,Learning_T1sum,-1.2940301585805009e-23,False,-5.219621879269466e-25
55,20054,Learning_T2mean,0.006972595257124934,True,0.0008833364772284305
55,20054,Learning_T2max,-1.0780668963834848e-22,False,-1.151638721525049e-23
55,20054,Learning_T2sum,0.006972595257124956,True,0.00022083411930710832
55,20054,Learning_T3mean,-1.1467603000598262e-22,False,-1.0612345498729061e-23
55,20054,Learning_T3max,-1.0754740116816911e-22,False,-8.876213082651954e-24
55,20054,Learning_T3sum,-6.896564726206394e-23,False,-1.595554180438401e-24
55,20054,EnduranceT,-5.979581900345891e-22,False,-9.725336492096436e-24
55,20054,rear_support,0.02915394648114893,True,0.0029927544676148425
55,20054,rear_nosupport,4.979543131440501e-23,False,6.558086198583038e-24
55,20054,Weight,3.489281025346159e-22,False,1.4435561673754689e-22
55,20054,Grip,0.02839971840773783,True,0.043016035089743346
56,20055,OFT_distance,0.002142616071996017,True,0.0003467400105617994
56,20055,Average_speed_OFT,-0.027067257099339055,True,-2.4692965759208265
56,20055,Total_time_mobile_OFT,-0.02577723829974467,True,-0.000262110388429856
56,20055,Absolute_turn_angle_OFT,0.0167603882197862,True,1.4404294612911094e-06
56,20055,Time_inCenter_OFT,-0.01448478697682946,True,-0.0003520175139674997
56,20055,Total_distance_travelled_NOR1,1.0672253328694338e-22,False,2.0715885933361272e-23
56,20055,Average_speed_NOR1,4.0781119679698605e-07,False,4.756465999544119e-05
56,20055,Time_investigating_Piramidka_NOR1,1.5893792865173309e-21,False,3.3744928275870923e-22
56,20055,Latency_to_first_investigation_Piramidka_NOR1,-0.061314681205672524,True,-0.0004713181404513755
56,20055,Time_investigating_Stakan_NOR1,8.130022876225135e-22,False,1.3883764985522903e-22
56,20055,Latency_to_first_investigation_Stakan_NOR1,1.471410596875333e-22,False,1.1715146181769562e-24
56,20055,Total_distance_travelled_NOR2,-3.185802515926274e-22,False,-6.922091950581257e-23
56,20055,Average_speed_NOR2,-0.03256523905951484,True,-4.259385976586907
56,20055,Time_investigating_Piramidka_zone_NOR2,-0.015873076044779607,True,-0.001926247146944908
56,20055,Latency_to_first_investigation_Piramidka_zone_NOR2,-0.02243560401916205,True,-0.0001697238751435423
56,20055,Time_investigating_Stakan_zone_NOR2,8.771527901055888e-22,False,1.6258432882862651e-22
56,20055,Latency_to_first_investigation_Stakan_zone_NOR2,0.02850319274566248,True,0.0002623253536648692
56,20055,Learning_T1mean,-5.062972638634599e-23,False,-7.989869259069549e-24
56,20055,Learning_T1max,-0.0030905964994012193,True,-0.0004016608667102652
56,20055,Learning_T1sum,-8.950425032013489e-23,False,-3.531162961122429e-24
56,20055,Learning_T2mean,0.007719152162452925,True,0.0009041427672710972
56,20055,Learning_T2max,-1.5551131394001508e-22,False,-1.5456339054455422e-23
56,20055,Learning_T2sum,0.0077191521624529425,True,0.0002260356918177748
56,20055,Learning_T3mean,-0.015695327611386048,True,-0.0015426881340220942
56,20055,Learning_T3max,8.546343958573874e-23,False,7.855907081393612e-24
56,20055,Learning_T3sum,-0.027888341656705756,True,-0.0006852837802529102
56,20055,EnduranceT,0.022883802032707932,True,0.0003813389902622623
56,20055,rear_support,0.06845447779666325,True,0.006597631143552817
56,20055,rear_nosupport,-0.01422730763111187,True,-0.001706410891026957
56,20055,Weight,0.01737816805382028,True,0.006563035944443545
56,20055,Grip,0.04234091030030008,True,0.06517618634897233
57,20056,OFT_distance,-0.0008280841391430838,True,-0.0001306075240470013
57,20056,Average_speed_OFT,-0.01626623989210291,True,-1.5186271865445273
57,20056,Total_time_mobile_OFT,5.824914183153881e-22,False,5.9299608339188975e-24
57,20056,Absolute_turn_angle_OFT,0.009746238669240851,True,8.35044360198935e-07
57,20056,Time_inCenter_OFT,-0.037639390736102174,True,-0.0008933635561677567
57,20056,Total_distance_travelled_NOR1,8.47577805774446e-22,False,1.478835592977753e-22
57,20056,Average_speed_NOR1,2.290914372167177e-06,True,0.0002400216739269156
57,20056,Time_investigating_Piramidka_NOR1,-0.01187224172146228,True,-0.0025627333272183264
57,20056,Latency_to_first_investigation_Piramidka_NOR1,-6.500664601612885e-23,False,-5.189151745684814e-25
57,20056,Time_investigating_Stakan_NOR1,0.01452131342371538,True,0.002451091174458762
57,20056,Latency_to_first_investigation_Stakan_NOR1,0.010782300452068742,True,9.134969248320982e-05
57,20056,Total_distance_travelled_NOR2,9.934476631392974e-22,False,1.6884890403209426e-22
57,20056,Average_speed_NOR2,1.1162876759298956e-21,False,1.1471405476843768e-19
57,20056,Time_investigating_Piramidka_zone_NOR2,-0.019537885970251856,True,-0.00221947776725149
57,20056,Latency_to_first_investigation_Piramidka_zone_NOR2,-9.596161296138273e-22,False,-6.68425591677714e-24
57,20056,Time_investigating_Stakan_zone_NOR2,0.042852758410599705,True,0.008002135392473629
57,20056,Latency_to_first_investigation_Stakan_zone_NOR2,-1.1248450082732192e-21,False,-1.0120064407438199e-23
57,20056,Learning_T1mean,2.518322340492284e-21,False,4.353076377081765e-22
57,20056,Learning_T1max,1.9109620649437706e-21,False,2.6643937547766453e-22
57,20056,Learning_T1sum,2.5381837445287204e-21,False,1.0968520114904213e-22
57,20056,Learning_T2mean,1.635024704262883e-21,False,1.9883228554501798e-22
57,20056,Learning_T2max,1.5665596249218666e-21,False,1.6566379520974733e-22
57,20056,Learning_T2sum,1.660258860756826e-21,False,5.0475240988709116e-23
57,20056,Learning_T3mean,-0.01993725998422057,True,-0.0017438499744021655
57,20056,Learning_T3max,3.50622965035591e-22,False,2.823066744490693e-23
57,20056,Learning_T3sum,-0.014141584151867786,True,-0.00030923006948746474
57,20056,EnduranceT,-0.00038645578255486874,True,-6.420550352818463e-06
57,20056,rear_support,4.52882376162104e-22,False,4.3573935794374595e-23
57,20056,rear_nosupport,-1.083177464807735e-22,False,-1.328648090843656e-23
57,20056,Weight,0.05190581635549438,True,0.021329175742666306
57,20056,Grip,0.061393812181015694,True,0.09607044939162347
58,20057,OFT_distance,0.0012993741272732937,True,0.0002180795861432609
58,20057,Average_speed_OFT,1.4420248153786227e-21,False,1.4372577781501524e-19
58,20057,Total_time_mobile_OFT,0.002198806164595282,True,2.539324651754632e-05
58,20057,Absolute_turn_angle_OFT,0.020312701693560756,True,1.9853186725664904e-06
58,20057,Time_inCenter_OFT,-0.026988092853440775,True,-0.0007864625610728929
58,20057,Total_distance_travelled_NOR1,0.006396748737079492,True,0.0010855469913763668
58,20057,Average_speed_NOR1,1.9460074367812544e-05,True,0.0019846136721526223
58,20057,Time_investigating_Piramidka_NOR1,-0.007281561753603002,True,-0.0015696553242334696
58,20057,Latency_to_first_investigation_Piramidka_NOR1,-0.044079129844066124,True,-0.00035847432990750383
58,20057,Time_investigating_Stakan_NOR1,-0.0024165043752635675,True,-0.00041286274794591446
58,20057,Latency_to_first_investigation_Stakan_NOR1,0.020270274695476282,True,0.00018172070113845563
58,20057,Total_distance_travelled_NOR2,-3.236994089366973e-22,False,-5.393987130671057e-23
58,20057,Average_speed_NOR2,-4.229630264546447e-22,False,-4.2535084564127123e-20
58,20057,Time_investigating_Piramidka_zone_NOR2,-0.013977121465732703,True,-0.0015755502814576142
58,20057,Latency_to_first_investigation_Piramidka_zone_NOR2,6.210646914542998e-22,False,4.25177242614951e-24
58,20057,Time_investigating_Stakan_zone_NOR2,0.016553413607432056,True,0.002934642746691586
58,20057,Latency_to_first_investigation_Stakan_zone_NOR2,0.014851785058435147,True,0.00012085971568604872
58,20057,Learning_T1mean,-8.886512532183474e-22,False,-1.4248178223448177e-22
58,20057,Learning_T1max,-0.02503581553878418,True,-0.0032187410820905403
58,20057,Learning_T1sum,-9.647019707987568e-22,False,-3.866884101798225e-23
58,20057,Learning_T2mean,-1.1572803171832155e-21,False,-1.4674525227908744e-22
58,20057,Learning_T2max,0.00022669263944222336,True,2.4711400358716565e-05
58,20057,Learning_T2sum,-1.2006561565468845e-21,False,-3.8061346930567897e-23
58,20057,Learning_T3mean,3.492776657537506e-22,False,3.500790301269154e-23
58,20057,Learning_T3max,-4.958660386157756e-22,False,-4.473773021229162e-23
58,20057,Learning_T3sum,-0.029828186976745042,True,-0.0007474155801465716
58,20057,EnduranceT,0.030192876237338954,True,0.0005459991581605215
58,20057,rear_support,0.029836744168471842,True,0.0028384566184520804
58,20057,rear_nosupport,0.0026173558378901236,True,0.0003250614359141675
58,20057,Weight,-0.008766702790200535,True,-0.0035288384717030896
58,20057,Grip,0.019569894471233605,True,0.029091538505189887
59,20058,OFT_distance,0.0003966681703901852,True,6.607272095640066e-05
59,20058,Average_speed_OFT,-2.9097425074997657e-23,False,-2.8937635700747113e-21
59,20058,Total_time_mobile_OFT,-0.024477323899069446,True,-0.0002798405402208953
59,20058,Absolute_turn_angle_OFT,0.05606194900262665,True,5.151723775924756e-06
59,20058,Time_inCenter_OFT,-0.07676240266392421,True,-0.003043565101123099
59,20058,Total_distance_travelled_NOR1,2.13226837802802e-22,False,3.6582874485995503e-23
59,20058,Average_speed_NOR1,4.8504600074721265e-05,True,0.004988664955783125
59,20058,Time_investigating_Piramidka_NOR1,0.01760953283241763,True,0.0036591929137301128
59,20058,Latency_to_first_investigation_Piramidka_NOR1,-0.04256747263634912,True,-0.0003603584287257832
59,20058,Time_investigating_Stakan_NOR1,0.028316778757700143,True,0.004573007624473179
59,20058,Latency_to_first_investigation_Stakan_NOR1,0.01970251402512186,True,0.0001613273977757069
59,20058,Total_distance_travelled_NOR2,1.4458347260942605e-23,False,2.3298139908324306e-24
59,20058,Average_speed_NOR2,-7.621821906935523e-23,False,-7.390547220886813e-21
59,20058,Time_investigating_Piramidka_zone_NOR2,-0.020310195579447774,True,-0.002281385578943292
59,20058,Latency_to_first_investigation_Piramidka_zone_NOR2,-1.3756111134823736e-22,False,-9.514615561885387e-25
59,20058,Time_investigating_Stakan_zone_NOR2,0.0019078747039124617,True,0.0003472681673466683
59,20058,Latency_to_first_investigation_Stakan_zone_NOR2,0.02752527649258865,True,0.00021253913352453654
59,20058,Learning_T1mean,1.7884620256563444e-22,False,2.871472702361413e-23
59,20058,Learning_T1max,-0.03694746786301119,True,-0.004831234703825328
59,20058,Learning_T1sum,2.92203872341791e-22,False,1.1728728803255249e-23
59,20058,Learning_T2mean,0.008446696204823172,True,0.0010112394700483663
59,20058,Learning_T2max,0.01007910614526878,True,0.0010689685227933425
59,20058,Learning_T2sum,1.1475014452752292e-22,False,3.434475223393421e-24
59,20058,Learning_T3mean,-0.012247912098905463,True,-0.0009807505020077657
59,20058,Learning_T3max,-0.010241654348448289,True,-0.000733734772447054
59,20058,Learning_T3sum,-0.008286426518619171,True,-0.00016588372169801247
59,20058,EnduranceT,0.017427253439650323,True,0.0002841987784290942
59,20058,rear_support,0.01805392544026226,True,0.0018235467258940542
59,20058,rear_nosupport,-2.5125256598781526e-22,False,-3.2246081203964773e-23
59,20058,Weight,-1.9707219283143472e-22,False,-8.348325919005572e-23
59,20058,Grip,0.08831492710785048,True,0.14533151870350444
60,20059,OFT_distance,0.0009429660332307198,True,0.0001729689808443732
60,20059,Average_speed_OFT,-0.013535546893785791,True,-1.448042075831818
60,20059,Total_time_mobile_OFT,4.7324721626270295e-23,False,5.863304693722007e-25
60,20059,Absolute_turn_angle_OFT,-4.782796919091286e-22,False,-4.889186093934346e-26
60,20059,Time_inCenter_OFT,-0.001623740639024524,True,-4.4498832619906276e-05
60,20059,Total_distance_travelled_NOR1,-1.3433403451918575e-21,False,-2.484485538341738e-22
60,20059,Average_speed_NOR1,1.8835853577828602e-06,True,0.00020884942352792735
60,20059,Time_investigating_Piramidka_NOR1,-1.3687510441579079e-21,False,-2.7481163773811673e-22
60,20059,Latency_to_first_investigation_Piramidka_NOR1,-0.022928993855867344,True,-0.00017584563200263536
60,20059,Time_investigating_Stakan_NOR1,-0.02464721598911895,True,-0.003740878842626361
60,20059,Latency_to_first_investigation_Stakan_NOR1,-1.0336300880626853e-21,False,-8.440023247256536e-24
60,20059,Total_distance_travelled_NOR2,2.5126136950173436e-23,False,4.0402902300343094e-24
60,20059,Average_speed_NOR2,2.309905480948708e-23,False,2.2415888326260916e-21
60,20059,Time_investigating_Piramidka_zone_NOR2,1.1037439137747062e-21,False,1.2449865710598509e-22
60,20059,Latency_to_first_investigation_Piramidka_zone_NOR2,-3.2306031713340146e-23,False,-2.1607051133158997e-25
60,20059,Time_investigating_Stakan_zone_NOR2,0.02549399960826033,True,0.0044803225555936615
60,20059,Latency_to_first_investigation_Stakan_zone_NOR2,0.007039533247867171,True,5.7379781000170366e-05
60,20059,Learning_T1mean,7.319785825366622e-23,False,1.2756902932275956e-23
60,20059,Learning_T1max,-0.036557179358971195,True,-0.004965188839564088
60,20059,Learning_T1sum,2.253462998517789e-22,False,9.818323042302644e-24
60,20059,Learning_T2mean,-2.317765389164186e-21,False,-2.8262559160736534e-22
60,20059,Learning_T2max,-2.4018600881806288e-21,False,-2.5227657887524925e-22
60,20059,Learning_T2sum,-2.216652883259097e-21,False,-6.757401282374741e-23
60,20059,Learning_T3mean,-1.5570227103034748e-21,False,-1.4774460474366317e-22
60,20059,Learning_T3max,-1.7363813083346196e-21,False,-1.4900878145562517e-22
60,20059,Learning_T3sum,-1.2696375633492071e-21,False,-3.011871611175394e-23
60,20059,EnduranceT,-1.5572566811138435e-21,False,-2.521497746204157e-23
60,20059,rear_support,0.010861278543355906,True,0.0011526565583331633
60,20059,rear_nosupport,-1.6857817164422545e-21,False,-2.5573920877351795e-22
60,20059,Weight,-0.006687897470319585,True,-0.0028034369453570377
60,20059,Grip,0.015006228419244858,True,0.021721046551736053
61,20060,OFT_distance,0.001995403775968518,True,0.0003156760143182953
61,20060,Average_speed_OFT,-0.0006659148495864199,True,-0.06086249161793288
61,20060,Total_time_mobile_OFT,-0.0020394052322695064,True,-2.0304949033099246e-05
61,20060,Absolute_turn_angle_OFT,0.026617771056318608,True,2.296222698648021e-06
61,20060,Time_inCenter_OFT,-0.048237631610033214,True,-0.0011107479618444002
61,20060,Total_distance_travelled_NOR1,3.880213104067884e-22,False,6.683252081570532e-23
61,20060,Average_speed_NOR1,2.937209520952773e-05,True,0.003045055533652538
61,20060,Time_investigating_Piramidka_NOR1,4.683821357622597e-22,False,9.920955181352425e-23
61,20060,Latency_to_first_investigation_Piramidka_NOR1,-0.04420608974829498,True,-0.00035244647659765
61,20060,Time_investigating_Stakan_NOR1,1.1060518212907799e-21,False,1.8275194395283515e-22
61,20060,Latency_to_first_investigation_Stakan_NOR1,-0.003778617024312677,True,-3.520489846230187e-05
61,20060,Total_distance_travelled_NOR2,-6.117728991106252e-22,False,-9.70609887414652e-23
61,20060,Average_speed_NOR2,-7.028059551263011e-22,False,-6.710625916445996e-20
61,20060,Time_investigating_Piramidka_zone_NOR2,-0.011490228744104625,True,-0.0013024322111862242
61,20060,Latency_to_first_investigation_Piramidka_zone_NOR2,-0.0004037078857146083,True,-3.0092569096888356e-06
61,20060,Time_investigating_Stakan_zone_NOR2,0.02095215319538609,True,0.0037208673758060795
61,20060,Latency_to_first_investigation_Stakan_zone_NOR2,0.029890295346058745,True,0.0002472546355792218
61,20060,Learning_T1mean,-2.888279170096713e-23,False,-4.651397676712439e-24
61,20060,Learning_T1max,-0.03170158768422453,True,-0.004036646168622271
61,20060,Learning_T1sum,6.668894852870367e-23,False,2.6849622385915415e-24
61,20060,Learning_T2mean,0.021700135740529123,True,0.0025788290676385735
61,20060,Learning_T2max,-1.2270180599942803e-22,False,-1.2375679647956959e-23
61,20060,Learning_T2sum,0.014101520534091942,True,0.0004189537278250663
61,20060,Learning_T3mean,-0.009011915734734855,True,-0.0009324530667821659
61,20060,Learning_T3max,-2.442358672607772e-22,False,-2.4532636635928934e-23
61,20060,Learning_T3sum,-0.010951033340288798,True,-0.0002832728612637896
61,20060,EnduranceT,0.01484545006045691,True,0.00024272434343839663
61,20060,rear_support,0.0013919622675911578,True,0.00013579363776444872
61,20060,rear_nosupport,-0.005615577287049651,True,-0.0006940185382808076
61,20060,Weight,1.936814387503452e-21,False,7.677186620088575e-22
61,20060,Grip,0.024978252702455815,True,0.043770126622568906
62,20061,OFT_distance,0.0002834971414830688,True,4.65988433904983e-05
62,20061,Average_speed_OFT,-0.013835148493184155,True,-1.3300881311066204
62,20061,Total_time_mobile_OFT,5.055690129090685e-21,False,5.1213018412597024e-23
62,20061,Absolute_turn_angle_OFT,-1.740147278374262e-21,False,-1.4604204359219928e-25
62,20061,Time_inCenter_OFT,-0.0024898045614226284,True,-6.325858853127354e-05
62,20061,Total_distance_travelled_NOR1,1.939543964030841e-21,False,3.2410532601334433e-22
62,20061,Average_speed_NOR1,4.8014534762202e-06,True,0.000482221823513896
62,20061,Time_investigating_Piramidka_NOR1,6.0031068523176975e-21,False,1.2490372568969596e-21
62,20061,Latency_to_first_investigation_Piramidka_NOR1,-2.4468669655559465e-21,False,-1.9060417294754755e-23
62,20061,Time_investigating_Stakan_NOR1,2.98980020522085e-21,False,4.899293494041115e-22
62,20061,Latency_to_first_investigation_Stakan_NOR1,0.03123426489114311,True,0.00031758290282946045
62,20061,Total_distance_travelled_NOR2,1.2595400382304063e-21,False,2.04245604488837e-22
62,20061,Average_speed_NOR2,1.3311470402821882e-21,False,1.303819317888899e-19
62,20061,Time_investigating_Piramidka_zone_NOR2,2.0945183626959777e-21,False,2.7210036103337683e-22
62,20061,Latency_to_first_investigation_Piramidka_zone_NOR2,5.383813096650349e-22,False,4.4946343237873554e-24
62,20061,Time_investigating_Stakan_zone_NOR2,0.020786617389932694,True,0.003863054922348754
62,20061,Latency_to_first_investigation_Stakan_zone_NOR2,0.005124587457186131,True,4.5081819164578784e-05
62,20061,Learning_T1mean,-1.871376556356067e-21,False,-3.275663899589088e-22
62,20061,Learning_T1max,-2.373328828350778e-21,False,-3.252516887936614e-22
62,20061,Learning_T1sum,-1.8713765563470124e-21,False,-8.189159748933097e-23
62,20061,Learning_T2mean,-4.392275343507867e-21,False,-4.979619577941407e-22
62,20061,Learning_T2max,-3.352460652782063e-21,False,-3.2075573381664557e-22
62,20061,Learning_T2sum,-4.399834778839138e-21,False,-1.2470474691892246e-22
62,20061,Learning_T3mean,-0.0016410369511385835,True,-0.00014385384448366225
62,20061,Learning_T3max,-1.2509645691031857e-22,False,-1.0118283887367552e-23
62,20061,Learning_T3sum,-0.005504063126054371,True,-0.00012062200068291156
62,20061,EnduranceT,0.029555665971356268,True,0.00048560155524990286
62,20061,rear_support,0.012876173206085775,True,0.001367588507097076
62,20061,rear_nosupport,5.782035614415658e-22,False,7.17552331097441e-23
62,20061,Weight,-1.0452641878435514e-20,False,-4.3679580759980024e-21
62,20061,Grip,0.004902906399841401,True,0.007492957803128535
63,20062,OFT_distance,0.0025061406600855735,True,0.0004502227620003619
63,20062,Average_speed_OFT,-0.038357689824110926,True,-4.103531924706994
63,20062,Total_time_mobile_OFT,-1.0656451949275684e-21,False,-1.3715395931171686e-23
63,20062,Absolute_turn_angle_OFT,0.01070201105524803,True,1.0194980794890282e-06
63,20062,Time_inCenter_OFT,-0.02146446764981523,True,-0.00048751450627902167
63,20062,Total_distance_travelled_NOR1,8.14590108458339e-22,False,1.5572378876527684e-22
63,20062,Average_speed_NOR1,-4.569065205972338e-06,True,-0.0005225794102910784
63,20062,Time_investigating_Piramidka_NOR1,2.8444918806165685e-21,False,6.475086979196745e-22
63,20062,Latency_to_first_investigation_Piramidka_NOR1,-0.03436671830996606,True,-0.0003502309072216466
63,20062,Time_investigating_Stakan_NOR1,1.745419771372819e-21,False,2.862182631214185e-22
63,20062,Latency_to_first_investigation_Stakan_NOR1,-8.028732546491253e-22,False,-6.249635568697754e-24
63,20062,Total_distance_travelled_NOR2,-2.514106149653919e-22,False,-4.2372595760395074e-23
63,20062,Average_speed_NOR2,-2.838158241404906e-22,False,-2.874600284039631e-20
63,20062,Time_investigating_Piramidka_zone_NOR2,9.034698469947892e-22,False,1.0989442907957435e-22
63,20062,Latency_to_first_investigation_Piramidka_zone_NOR2,1.1249696134548097e-21,False,8.143601970143667e-24
63,20062,Time_investigating_Stakan_zone_NOR2,0.05237642434516371,True,0.00984204238802052
63,20062,Latency_to_first_investigation_Stakan_zone_NOR2,0.030416693700894497,True,0.00024429626648691724
63,20062,Learning_T1mean,5.475740347791169e-23,False,9.462339386109474e-24
63,20062,Learning_T1max,-0.03805649401479851,True,-0.005277767177250075
63,20062,Learning_T1sum,9.571169188292735e-23,False,4.134858732757143e-24
63,20062,Learning_T2mean,0.011192400135159344,True,0.0014200110393692762
63,20062,Learning_T2max,9.48908436731344e-24,False,1.0351802299780413e-24
63,20062,Learning_T2sum,0.004062161965747856,True,0.00012884445618030596
63,20062,Learning_T3mean,-0.019267185455317352,True,-0.0016103586947831031
63,20062,Learning_T3max,-0.002429250443132725,True,-0.0001777001691207489
63,20062,Learning_T3sum,-0.018862295440987515,True,-0.0003941294583140454
63,20062,EnduranceT,0.030184298998764708,True,0.0004797866398179477
63,20062,rear_support,0.03965894109381165,True,0.004367522378618668
63,20062,rear_nosupport,1.431111875081536e-22,False,1.8859237977446875e-23
63,20062,Weight,8.036673902039836e-22,False,3.8065358194309968e-22
63,20062,Grip,0.061393080322547464,True,0.09129985187209932
64,20063,OFT_distance,0.0021644188353556033,True,0.000330874407909646
64,20063,Average_speed_OFT,-0.044032527744124424,True,-3.8816326170196866
64,20063,Total_time_mobile_OFT,-0.020982720424437242,True,-0.00020342325839770495
64,20063,Absolute_turn_angle_OFT,0.07122809653925241,True,5.923575977409567e-06
64,20063,Time_inCenter_OFT,-0.04596426805910074,True,-0.0010388394866393336
64,20063,Total_distance_travelled_NOR1,4.37952539099127e-24,False,7.582995669234628e-25
64,20063,Average_speed_NOR1,4.14772204707904e-05,True,0.004316098281987517
64,20063,Time_investigating_Piramidka_NOR1,0.007351911645571283,True,0.0016879448284780523
64,20063,Latency_to_first_investigation_Piramidka_NOR1,-0.050481820931128574,True,-0.0004997486696032727
64,20063,Time_investigating_Stakan_NOR1,5.190288182094603e-24,False,8.636558206868912e-25
64,20063,Latency_to_first_investigation_Stakan_NOR1,6.36893659440514e-23,False,5.210787918287931e-25
64,20063,Total_distance_travelled_NOR2,-2.0444139928514592e-23,False,-3.334064282534647e-24
64,20063,Average_speed_NOR2,2.4789403635925482e-23,False,2.4219712125524368e-21
64,20063,Time_investigating_Piramidka_zone_NOR2,-0.002995335013144461,True,-0.00033945813960741184
64,20063,Latency_to_first_investigation_Piramidka_zone_NOR2,-0.00837183128456866,True,-6.001748591920003e-05
64,20063,Time_investigating_Stakan_zone_NOR2,0.003826047425652049,True,0.0007225800371922854
64,20063,Latency_to_first_investigation_Stakan_zone_NOR2,0.05110113126032768,True,0.00041800334843023563
64,20063,Learning_T1mean,-0.0004763029072710196,True,-7.96166737147254e-05
64,20063,Learning_T1max,-0.02743347811365327,True,-0.003718156323838299
64,20063,Learning_T1sum,-0.00047630290727106286,True,-1.9904168428683155e-05
64,20063,Learning_T2mean,2.7465101069448187e-22,False,3.219786730393894e-23
64,20063,Learning_T2max,5.428803013817517e-23,False,5.411154159890938e-24
64,20063,Learning_T2sum,3.9294870158422416e-23,False,1.151653339894131e-24
64,20063,Learning_T3mean,-0.003523674027739251,True,-0.00027062353858260836
64,20063,Learning_T3max,-0.006732927919910007,True,-0.0004699790428566314
64,20063,Learning_T3sum,-0.005551416884900472,True,-0.00010658932052966412
64,20063,EnduranceT,0.014811678902542327,True,0.0002434288979393244
64,20063,rear_support,0.051100878679435476,True,0.004851006772715189
64,20063,rear_nosupport,-0.0008013223299142857,True,-9.522654162179915e-05
64,20063,Weight,0.0077099695497034335,True,0.003048323376781491
64,20063,Grip,0.08369495345422667,True,0.13103559365392445
65,20064,OFT_distance,0.004648444842948808,True,0.0008488607407301528
65,20064,Average_speed_OFT,-0.047449217688510986,True,-4.820242694665652
65,20064,Total_time_mobile_OFT,-0.03202551303378574,True,-0.00033549359824200945
65,20064,Absolute_turn_angle_OFT,0.03143955614097113,True,2.9033064396544024e-06
65,20064,Time_inCenter_OFT,-0.009712469001527084,True,-0.00021461475862846865
65,20064,Total_distance_travelled_NOR1,5.3417427562340036e-21,False,9.723781158276968e-22
65,20064,Average_speed_NOR1,8.096291233944116e-07,False,8.828018790693577e-05
65,20064,Time_investigating_Piramidka_NOR1,0.005178799442365243,True,0.0010319803672742735
65,20064,Latency_to_first_investigation_Piramidka_NOR1,-0.011131265429346636,True,-8.581317873069486e-05
65,20064,Time_investigating_Stakan_NOR1,-8.240822962410256e-22,False,-1.2479193798584558e-22
65,20064,Latency_to_first_investigation_Stakan_NOR1,0.03447477472215313,True,0.000274417257700587
65,20064,Total_distance_travelled_NOR2,-1.1228939735856454e-21,False,-1.787900211480866e-22
65,20064,Average_speed_NOR2,-1.6719823120747506e-21,False,-1.6087255226855534e-19
65,20064,Time_investigating_Piramidka_zone_NOR2,-0.007515554387927264,True,-0.000951265782284349
65,20064,Latency_to_first_investigation_Piramidka_zone_NOR2,-0.02572913553939126,True,-0.00017194023011818236
65,20064,Time_investigating_Stakan_zone_NOR2,0.005268334890083888,True,0.00095450808304619
65,20064,Latency_to_first_investigation_Stakan_zone_NOR2,0.02006501627873525,True,0.00016140187080180573
65,20064,Learning_T1mean,-3.3546985687773886e-21,False,-5.496751468234692e-22
65,20064,Learning_T1max,-0.004599569228652879,True,-0.0006162295340088271
65,20064,Learning_T1sum,-3.3546985687773886e-21,False,-1.374187867058673e-22
65,20064,Learning_T2mean,-4.7573503833405376e-21,False,-5.748122257355775e-22
65,20064,Learning_T2max,0.03533135391945799,True,0.003632019084121289
65,20064,Learning_T2sum,-4.662812402584841e-21,False,-1.4084739189607599e-22
65,20064,Learning_T3mean,8.756351072135408e-22,False,7.485583763991588e-23
65,20064,Learning_T3max,-7.126952535330466e-22,False,-5.5450137790377e-23
65,20064,Learning_T3sum,-0.008878612362199006,True,-0.00018975254645952632
65,20064,EnduranceT,0.013446327820572722,True,0.0002249827603564025
65,20064,rear_support,0.07975076648779116,True,0.010229720694672224
65,20064,rear_nosupport,6.587164057034193e-21,False,9.109663984890226e-22
65,20064,Weight,-2.1763144654103145e-21,False,-8.988298290275108e-22
65,20064,Grip,0.049002765622349245,True,0.07170159626219205
66,20065,OFT_distance,0.000674600672769921,True,0.00010803843681717199
66,20065,Average_speed_OFT,-0.02746526348947561,True,-2.584208550262212
66,20065,Total_time_mobile_OFT,-0.00039427886683342597,True,-4.105136374677673e-06
66,20065,Absolute_turn_angle_OFT,-4.664005357046349e-22,False,-4.002970937045094e-26
66,20065,Time_inCenter_OFT,-0.042311288267326774,True,-0.0009909975052077432
66,20065,Total_distance_travelled_NOR1,1.2593779026276348e-23,False,2.371367574872494e-24
66,20065,Average_speed_NOR1,1.85834148699686e-05,True,0.002101578022106381
66,20065,Time_investigating_Piramidka_NOR1,0.012322438006214888,True,0.003179505600196122
66,20065,Latency_to_first_investigation_Piramidka_NOR1,-0.0037955367109632934,True,-3.406192317256803e-05
66,20065,Time_investigating_Stakan_NOR1,0.001353588346774118,True,0.00022906488104053484
66,20065,Latency_to_first_investigation_Stakan_NOR1,-6.066318365011324e-22,False,-4.827822591706903e-24
66,20065,Total_distance_travelled_NOR2,0.008694567440935238,True,0.0014520465788007586
66,20065,Average_speed_NOR2,0.02623275435084457,True,2.62710396310685
66,20065,Time_investigating_Piramidka_zone_NOR2,-0.017326104684285523,True,-0.0021039013601816888
66,20065,Latency_to_first_investigation_Piramidka_zone_NOR2,4.553008755214085e-22,False,3.792700862699248e-24
66,20065,Time_investigating_Stakan_zone_NOR2,0.01232858234677597,True,0.002567841930716466
66,20065,Latency_to_first_investigation_Stakan_zone_NOR2,0.019887439637331215,True,0.00015979977983832694
66,20065,Learning_T1mean,-5.325409064145859e-22,False,-1.022784021185371e-22
66,20065,Learning_T1max,-0.013417317586850714,True,-0.0019035549536923916
66,20065,Learning_T1sum,-5.325409064201867e-22,False,-2.5569600529903193e-23
66,20065,Learning_T2mean,-1.7450784142380493e-21,False,-2.0583306658829569e-22
66,20065,Learning_T2max,-1.3746918662508316e-21,False,-1.3800128047724208e-22
66,20065,Learning_T2sum,-1.6511296426548462e-21,False,-4.868793787568495e-23
66,20065,Learning_T3mean,-1.022752503644743e-21,False,-7.959833915319418e-23
66,20065,Learning_T3max,-1.1841389474247601e-21,False,-8.246519636195541e-23
66,20065,Learning_T3sum,-1.0283220481564283e-21,False,-2.0007950813165283e-23
66,20065,EnduranceT,-0.004382951334497394,True,-7.320195156126071e-05
66,20065,rear_support,-1.5670374267240051e-24,False,-1.655329952966036e-25
66,20065,rear_nosupport,-0.010988274097974008,True,-0.001383152992259165
66,20065,Weight,0.036363825661691974,True,0.01542566819088333
66,20065,Grip,0.04583590530870326,True,0.08112449095058184
67,20066,OFT_distance,0.0006733170185115216,True,0.00012092534782575364
67,20066,Average_speed_OFT,1.2002388692424212e-23,False,1.2185953292305e-21
67,20066,Total_time_mobile_OFT,-0.0022901341742385343,True,-2.5016819476116277e-05
67,20066,Absolute_turn_angle_OFT,1.6588279596148336e-23,False,1.4855096103937157e-27
67,20066,Time_inCenter_OFT,-0.017254506942915637,True,-0.0003882425519515956
67,20066,Total_distance_travelled_NOR1,-1.4502759288948066e-22,False,-2.927185110909745e-23
67,20066,Average_speed_NOR1,2.127222217918725e-06,True,0.0002577537869419973
67,20066,Time_investigating_Piramidka_NOR1,2.145059072853091e-22,False,4.5347076981547003e-23
67,20066,Latency_to_first_investigation_Piramidka_NOR1,-0.021494784419984727,True,-0.0001684085060743143
67,20066,Time_investigating_Stakan_NOR1,0.005506588064144253,True,0.0009306763793646348
67,20066,Latency_to_first_investigation_Stakan_NOR1,1.6960657659350532e-22,False,1.3689404084325189e-24
67,20066,Total_distance_travelled_NOR2,1.8122024715802748e-22,False,3.7252658565940587e-23
67,20066,Average_speed_NOR2,-0.009903853357189194,True,-1.2280243664361727
67,20066,Time_investigating_Piramidka_zone_NOR2,-0.004915311165714711,True,-0.0005945753686207164
67,20066,Latency_to_first_investigation_Piramidka_zone_NOR2,-0.008538610774695839,True,-5.777087112286243e-05
67,20066,Time_investigating_Stakan_zone_NOR2,1.9586538708551636e-22,False,3.609877529683235e-23
67,20066,Latency_to_first_investigation_Stakan_zone_NOR2,0.012834417460619188,True,0.00010727040136682733
67,20066,Learning_T1mean,3.2943337663543347e-22,False,6.534305440723322e-23
67,20066,Learning_T1max,-0.016422849304402465,True,-0.002954542770910711
67,20066,Learning_T1sum,2.447598502447104e-22,False,1.2137018700556084e-23
67,20066,Learning_T2mean,0.0007928288311063029,True,9.508007691967067e-05
67,20066,Learning_T2max,5.655224649376866e-23,False,5.718782090262763e-24
67,20066,Learning_T2sum,0.0007928288311062954,True,2.3770019229917444e-05
67,20066,Learning_T3mean,-0.0024874504359198362,True,-0.00021733121865494812
67,20066,Learning_T3max,2.768051975615519e-23,False,2.2429897499385013e-24
67,20066,Learning_T3sum,-0.014420083002226202,True,-0.0003149745384595396
67,20066,EnduranceT,-4.907758718626569e-23,False,-8.5037139938991e-25
67,20066,rear_support,0.002376523623484303,True,0.00025234467970612113
67,20066,rear_nosupport,-0.020881490038272915,True,-0.0029029840385313
67,20066,Weight,0.005308793102787478,True,0.00216481490740521
67,20066,Grip,0.024226116853073302,True,0.03669654071588697
68,20067,OFT_distance,0.000841388800258831,True,0.00014197549704168786
68,20067,Average_speed_OFT,-0.04218639977262289,True,-4.089353413948976
68,20067,Total_time_mobile_OFT,-0.007094864431547096,True,-7.44390413128682e-05
68,20067,Absolute_turn_angle_OFT,0.02280995924687744,True,1.9863567304608546e-06
68,20067,Time_inCenter_OFT,-0.022206803228772803,True,-0.000562041649577867
68,20067,Total_distance_travelled_NOR1,-0.006101661529457366,True,-0.0013467126435422355
68,20067,Average_speed_NOR1,6.9694621945466715e-06,True,0.0009246380493719697
68,20067,Time_investigating_Piramidka_NOR1,0.022507018218018312,True,0.005805833179761741
68,20067,Latency_to_first_investigation_Piramidka_NOR1,-0.0066612172574985005,True,-5.276577301012024e-05
68,20067,Time_investigating_Stakan_NOR1,-0.028242347521879194,True,-0.005922862957484281
68,20067,Latency_to_first_investigation_Stakan_NOR1,3.3429688906926393e-21,False,2.6864347765591276e-23
68,20067,Total_distance_travelled_NOR2,-3.407897729396748e-22,False,-7.762602873047477e-23
68,20067,Average_speed_NOR2,-0.01103783839365363,True,-1.511182949020809
68,20067,Time_investigating_Piramidka_zone_NOR2,-3.8878297887515254e-21,False,-6.232971902342935e-22
68,20067,Latency_to_first_investigation_Piramidka_zone_NOR2,-0.010036067512782356,True,-8.000081169285948e-05
68,20067,Time_investigating_Stakan_zone_NOR2,0.012836279780580192,True,0.002759123954695759
68,20067,Latency_to_first_investigation_Stakan_zone_NOR2,0.017843128468781735,True,0.00015156992337460125
68,20067,Learning_T1mean,4.205434923675859e-22,False,7.653042446776108e-23
68,20067,Learning_T1max,-0.029086830287226993,True,-0.004173648404118379
68,20067,Learning_T1sum,3.406173738845035e-22,False,1.5496371170624454e-23
68,20067,Learning_T2mean,3.948463871807045e-21,False,4.523796661918507e-22
68,20067,Learning_T2max,4.153441814516185e-21,False,4.0421686751959176e-22
68,20067,Learning_T2sum,3.94846387185978e-21,False,1.1309491654947317e-22
68,20067,Learning_T3mean,-0.00270720374471388,True,-0.00021168536517366616
68,20067,Learning_T3max,1.9781086801890936e-22,False,1.3960234913548505e-23
68,20067,Learning_T3sum,-0.0045873417992730306,True,-8.967492064936596e-05
68,20067,EnduranceT,5.495471430471518e-21,False,9.693108375304465e-23
68,20067,rear_support,0.054741154201714874,True,0.005843631904230166
68,20067,rear_nosupport,-0.024098096162507094,True,-0.0030248498813399715
68,20067,Weight,0.02195764182567506,True,0.00915883484593859
68,20067,Grip,0.051057108458784355,True,0.07897639120956591
69,20068,OFT_distance,0.001670184165044886,True,0.00026524182603463294
69,20068,Average_speed_OFT,-0.026990609218972055,True,-2.4476842450864673
69,20068,Total_time_mobile_OFT,-0.015222354868887015,True,-0.00015336723295580892
69,20068,Absolute_turn_angle_OFT,0.06369083861388221,True,5.588442098881282e-06
69,20068,Time_inCenter_OFT,-0.059327868174896894,True,-0.0013895351216964814
69,20068,Total_distance_travelled_NOR1,1.9061502216234606e-23,False,3.4557667882559126e-24
69,20068,Average_speed_NOR1,5.093670135292792e-05,True,0.005557759660148736
69,20068,Time_investigating_Piramidka_NOR1,-4.489859513352215e-22,False,-9.8523611773516e-23
69,20068,Latency_to_first_investigation_Piramidka_NOR1,-0.05299443654578435,True,-0.0005257830750377635
69,20068,Time_investigating_Stakan_NOR1,-0.01838262353342105,True,-0.003037760821348144
69,20068,Latency_to_first_investigation_Stakan_NOR1,-1.9869116713884282e-22,False,-1.6263382879373169e-24
69,20068,Total_distance_travelled_NOR2,1.3603959762779223e-22,False,2.2648172717701497e-23
69,20068,Average_speed_NOR2,-2.2950859627316974e-24,False,-2.295454586920516e-22
69,20068,Time_investigating_Piramidka_zone_NOR2,3.5992709518577296e-23,False,4.139417229880172e-24
69,20068,Latency_to_first_investigation_Piramidka_zone_NOR2,-0.0018817982438551983,True,-1.4488677621193353e-05
69,20068,Time_investigating_Stakan_zone_NOR2,0.02311300371454613,True,0.004132196532376755
69,20068,Latency_to_first_investigation_Stakan_zone_NOR2,0.044169025641637306,True,0.0004180111708309193
69,20068,Learning_T1mean,-0.010501036114285297,True,-0.0016885564803564182
69,20068,Learning_T1max,-0.017412232450673026,True,-0.0022784990732418278
69,20068,Learning_T1sum,-0.010501036114285208,True,-0.000422139120089101
69,20068,Learning_T2mean,7.515117958654918e-23,False,9.431708354516756e-24
69,20068,Learning_T2max,-1.557089926723469e-23,False,-1.5991445138547504e-24
69,20068,Learning_T2sum,-1.6175274547074923e-22,False,-5.075119010825035e-24
69,20068,Learning_T3mean,1.2112828639502813e-22,False,1.0673312889154533e-23
69,20068,Learning_T3max,-0.014656127703005502,True,-0.0012044874643733804
69,20068,Learning_T3sum,3.444565160748184e-24,False,7.58801325890286e-26
69,20068,EnduranceT,0.019671815387653998,True,0.0003254245651966367
69,20068,rear_support,0.028219651878803806,True,0.002772661450703789
69,20068,rear_nosupport,-0.018433233779557703,True,-0.0022971097742974585
69,20068,Weight,0.021381765401720904,True,0.00852341705127226
69,20068,Grip,0.07057248141637402,True,0.1129073002791002
70,20069,OFT_distance,0.0011954854419710386,True,0.00021520493182714096
70,20069,Average_speed_OFT,-0.016098266918139276,True,-1.595751434169468
70,20069,Total_time_mobile_OFT,5.087208579891514e-22,False,5.277529160027218e-24
70,20069,Absolute_turn_angle_OFT,-2.962653861148175e-21,False,-2.5236160289419297e-25
70,20069,Time_inCenter_OFT,-0.01911838050885352,True,-0.00046302160681325577
70,20069,Total_distance_travelled_NOR1,2.2736118610204297e-21,False,3.922258980662131e-22
70,20069,Average_speed_NOR1,-4.429319028181138e-06,True,-0.00045800011071662567
70,20069,Time_investigating_Piramidka_NOR1,1.3951594832815546e-22,False,3.0586759266526714e-23
70,20069,Latency_to_first_investigation_Piramidka_NOR1,1.1258454775145341e-21,False,8.650469513425212e-24
70,20069,Time_investigating_Stakan_NOR1,0.0010484449759757713,True,0.00018048401899908086
70,20069,Latency_to_first_investigation_Stakan_NOR1,-1.6134773351723683e-21,False,-1.2533786398246696e-23
70,20069,Total_distance_travelled_NOR2,2.673910507419652e-21,False,4.375083148139863e-22
70,20069,Average_speed_NOR2,2.7643275756235178e-21,False,2.7279703391056096e-19
70,20069,Time_investigating_Piramidka_zone_NOR2,4.690777288187106e-21,False,7.379793183825328e-22
70,20069,Latency_to_first_investigation_Piramidka_zone_NOR2,-0.0276230950081608,True,-0.00022594970908385712
70,20069,Time_investigating_Stakan_zone_NOR2,0.0007971500193932737,True,0.0001636003416132445
70,20069,Latency_to_first_investigation_Stakan_zone_NOR2,-2.8070595700268112e-21,False,-2.2570591565805626e-23
70,20069,Learning_T1mean,0.003468604186721156,True,0.0005993274873727642
70,20069,Learning_T1max,-6.959316786605137e-22,False,-1.0952820575699918e-22
70,20069,Learning_T1sum,0.003468604186721216,True,0.00014983187184319362
70,20069,Learning_T2mean,0.02371681185309008,True,0.00283543583988769
70,20069,Learning_T2max,8.648093461852295e-23,False,8.945049232920047e-24
70,20069,Learning_T2sum,0.015537008257539967,True,0.0004643772351333128
70,20069,Learning_T3mean,7.75196433981807e-22,False,5.854431791257759e-23
70,20069,Learning_T3max,-1.8186572002418475e-23,False,-1.2499733519159013e-24
70,20069,Learning_T3sum,8.948752387831158e-22,False,1.689567255950575e-23
70,20069,EnduranceT,0.006344901005920906,True,0.00010888832775337589
70,20069,rear_support,0.02748788010527979,True,0.0033039593208887474
70,20069,rear_nosupport,-0.02690276934001951,True,-0.003483531837756464
70,20069,Weight,4.010902479790618e-21,False,1.6403609486674012e-21
70,20069,Grip,0.04165180408615301,True,0.06858913937575348
71,20070,OFT_distance,-0.0006369630403866887,True,-0.00010044366611160792
71,20070,Average_speed_OFT,-0.00041859570827600914,True,-0.03818772420668892
71,20070,Total_time_mobile_OFT,-0.028392730884474828,True,-0.00028499826558831996
71,20070,Absolute_turn_angle_OFT,0.029559074996506486,True,2.525123005580246e-06
71,20070,Time_inCenter_OFT,-0.011322052503590665,True,-0.0002582080633416568
71,20070,Total_distance_travelled_NOR1,-9.148044894644515e-22,False,-1.691741400137121e-22
71,20070,Average_speed_NOR1,-1.424410987826431e-07,False,-1.5799487305528966e-05
71,20070,Time_investigating_Piramidka_NOR1,0.01679863258382622,True,0.00350116181861159
71,20070,Latency_to_first_investigation_Piramidka_NOR1,-5.569526828312362e-22,False,-4.393034043240783e-24
71,20070,Time_investigating_Stakan_NOR1,-2.640652303557016e-22,False,-4.5046406303583406e-23
71,20070,Latency_to_first_investigation_Stakan_NOR1,0.017104072388513643,True,0.00015186783344237905
71,20070,Total_distance_travelled_NOR2,2.4790790891376057e-22,False,5.072950701326344e-23
71,20070,Average_speed_NOR2,-0.014697845535609409,True,-1.8131542884246155
71,20070,Time_investigating_Piramidka_zone_NOR2,-0.018382921718822165,True,-0.0022131127998137176
71,20070,Latency_to_first_investigation_Piramidka_zone_NOR2,4.17437087649897e-21,False,2.793691652159745e-23
71,20070,Time_investigating_Stakan_zone_NOR2,0.0131686608597045,True,0.0025668360049917135
71,20070,Latency_to_first_investigation_Stakan_zone_NOR2,8.991865001786328e-21,False,7.726921764210584e-23
71,20070,Learning_T1mean,-4.440450408179565e-21,False,-8.461252273217245e-22
71,20070,Learning_T1max,-3.104391264614655e-21,False,-4.631801519288744e-22
71,20070,Learning_T1sum,-4.359353410276427e-21,False,-2.0766806045459597e-22
71,20070,Learning_T2mean,0.005130536386008427,True,0.0006004935433427984
71,20070,Learning_T2max,8.357754780910865e-22,False,8.812612635489532e-23
71,20070,Learning_T2sum,0.005130536386008418,True,0.00015012338583569933
71,20070,Learning_T3mean,-0.014436832328745946,True,-0.001164647762825557
71,20070,Learning_T3max,5.516439859149392e-22,False,3.986024545502656e-23
71,20070,Learning_T3sum,-0.014399289115574964,True,-0.00029040476942682463
71,20070,EnduranceT,8.097490834374358e-21,False,1.4360689697344626e-22
71,20070,rear_support,0.0020399456942069376,True,0.00019623652699403497
71,20070,rear_nosupport,2.6963899094301887e-21,False,3.3834507348597236e-22
71,20070,Weight,0.006019044735542042,True,0.00237073320032322
71,20070,Grip,0.017169277696521178,True,0.025603775086888735
72,20071,OFT_distance,0.0008244995631182983,True,0.00012977676295762968
72,20071,Average_speed_OFT,-0.019087457117499696,True,-1.7247032670556106
72,20071,Total_time_mobile_OFT,-3.244986523432719e-22,False,-3.224202116547511e-24
72,20071,Absolute_turn_angle_OFT,2.123287901143144e-22,False,1.866740538343593e-26
72,20071,Time_inCenter_OFT,-0.02412608631567256,True,-0.0005588821203450959
72,20071,Total_distance_travelled_NOR1,-1.3011821181760567e-23,False,-2.2951031746663228e-24
72,20071,Average_speed_NOR1,2.2809884038852585e-06,True,0.00024201174973271483
72,20071,Time_investigating_Piramidka_NOR1,0.014702650688343907,True,0.0032302743922018565
72,20071,Latency_to_first_investigation_Piramidka_NOR1,-0.002532849140508339,True,-2.23169381831413e-05
72,20071,Time_investigating_Stakan_NOR1,3.23565637182088e-23,False,5.055202623516896e-24
72,20071,Latency_to_first_investigation_Stakan_NOR1,3.46102789116229e-23,False,2.844354068307601e-25
72,20071,Total_distance_travelled_NOR2,0.005399733684210257,True,0.0008968176627578153
72,20071,Average_speed_NOR2,0.0038843284724105,True,0.38757537854131213
72,20071,Time_investigating_Piramidka_zone_NOR2,-2.0004844395576983e-22,False,-2.2978499869970143e-23
72,20071,Latency_to_first_investigation_Piramidka_zone_NOR2,-0.00643645714106516,True,-5.0895532544521e-05
72,20071,Time_investigating_Stakan_zone_NOR2,0.006399469658252647,True,0.0012777855561108586
72,20071,Latency_to_first_investigation_Stakan_zone_NOR2,0.031093814275780746,True,0.0002803024123228523
72,20071,Learning_T1mean,-1.7765623425341253e-22,False,-3.2728328241512755e-23
72,20071,Learning_T1max,-0.01991376408649193,True,-0.0027890904168190755
72,20071,Learning_T1sum,-1.5637061689649085e-22,False,-7.201758073144973e-24
72,20071,Learning_T2mean,-5.11773160668779e-23,False,-6.4395132013214354e-24
72,20071,Learning_T2max,-2.045791459121866e-22,False,-2.214303775345302e-23
72,20071,Learning_T2sum,0.0013478073884986579,True,4.239780501449984e-05
72,20071,Learning_T3mean,-2.5700362319291895e-22,False,-2.2585998667489884e-23
72,20071,Learning_T3max,-2.823547746957442e-22,False,-2.2888326458470965e-23
72,20071,Learning_T3sum,-1.7219875461244524e-22,False,-3.783293785804558e-24
72,20071,EnduranceT,-2.2904425562524417e-22,False,-3.734014977916626e-24
72,20071,rear_support,0.0048835220165323896,True,0.0004810532661392589
72,20071,rear_nosupport,4.258782108898456e-23,False,5.654588820063286e-24
72,20071,Weight,0.03777104982575624,True,0.014869046900293155
72,20071,Grip,0.042518094104709914,True,0.06520841181280725
73,20072,OFT_distance,9.049550237576849e-05,True,1.4656183506614674e-05
73,20072,Average_speed_OFT,-4.470663672795396e-21,False,-4.2377257123001118e-19
73,20072,Total_time_mobile_OFT,-0.0056962779775154735,True,-5.6349058363165075e-05
73,20072,Absolute_turn_angle_OFT,8.940195572949856e-22,False,7.859714029649388e-26
73,20072,Time_inCenter_OFT,-0.023784499199396122,True,-0.0006501297199152467
73,20072,Total_distance_travelled_NOR1,0.009856229990312387,True,0.0017155792531363878
73,20072,Average_speed_NOR1,4.621284834562751e-06,True,0.0004826279013483336
73,20072,Time_investigating_Piramidka_NOR1,1.1852204946555258e-20,False,2.4178840877070686e-21
73,20072,Latency_to_first_investigation_Piramidka_NOR1,-0.017164716626139838,True,-0.00015387396971464374
73,20072,Time_investigating_Stakan_NOR1,5.9208415831057925e-21,False,9.089474265121592e-22
73,20072,Latency_to_first_investigation_Stakan_NOR1,0.019111407039181905,True,0.00018195234724341432
73,20072,Total_distance_travelled_NOR2,-5.641469448294863e-22,False,-9.058198336292948e-23
73,20072,Average_speed_NOR2,-8.23309980746584e-22,False,-7.932396301948556e-20
73,20072,Time_investigating_Piramidka_zone_NOR2,-0.008057742422183822,True,-0.0009163579590044082
73,20072,Latency_to_first_investigation_Piramidka_zone_NOR2,3.10437380756944e-21,False,2.2040791842014003e-23
73,20072,Time_investigating_Stakan_zone_NOR2,0.006375054815635508,True,0.001165591072632666
73,20072,Latency_to_first_investigation_Stakan_zone_NOR2,0.01965666074863562,True,0.00015522878567304335
73,20072,Learning_T1mean,1.0297506995542074e-20,False,1.817834797117522e-21
73,20072,Learning_T1max,1.141714041864232e-20,False,1.5916329460602291e-21
73,20072,Learning_T1sum,1.0297506995542074e-20,False,4.544586992793805e-22
73,20072,Learning_T2mean,8.40760709426895e-21,False,1.0048217738375539e-21
73,20072,Learning_T2max,5.2008347000300775e-21,False,5.445928561390942e-22
73,20072,Learning_T2sum,5.501083290655501e-21,False,1.6436330242859725e-22
73,20072,Learning_T3mean,-0.006521051454790826,True,-0.0004975272162596894
73,20072,Learning_T3max,-1.3716298724516436e-21,False,-9.374958990122333e-23
73,20072,Learning_T3sum,-0.022420934479596363,True,-0.0004276543895915434
73,20072,EnduranceT,0.038740484376913846,True,0.0006287980022735795
73,20072,rear_support,-1.6069367812191176e-21,False,-1.6243805543819973e-22
73,20072,rear_nosupport,-1.0271755402566051e-20,False,-1.4803988488861455e-21
73,20072,Weight,0.0033520984183902447,True,0.0014254575584056331
73,20072,Grip,0.02433647125765504,True,0.036934999347530535
74,20073,OFT_distance,0.0004248303226297428,True,6.701487362776236e-05
74,20073,Average_speed_OFT,-0.03144490460807235,True,-2.8516287636562234
74,20073,Total_time_mobile_OFT,-6.554588578290229e-22,False,-6.528056544209255e-24
74,20073,Absolute_turn_angle_OFT,0.010217393744809176,True,8.721222350703702e-07
74,20073,Time_inCenter_OFT,-0.043388852830305864,True,-0.0011027121201065096
74,20073,Total_distance_travelled_NOR1,-2.5377629236577106e-24,False,-4.291541639215742e-25
74,20073,Average_speed_NOR1,8.733768832440772e-07,False,8.874589629619966e-05
74,20073,Time_investigating_Piramidka_NOR1,-0.01814415576758755,True,-0.004046897712157987
74,20073,Latency_to_first_investigation_Piramidka_NOR1,-0.02094273875277268,True,-0.00016404614555545063
74,20073,Time_investigating_Stakan_NOR1,-0.02229171957308531,True,-0.0036806360553843067
74,20073,Latency_to_first_investigation_Stakan_NOR1,-2.3227444315832364e-21,False,-1.9794065435726704e-23
74,20073,Total_distance_travelled_NOR2,0.011086654274822515,True,0.0018466793180273004
74,20073,Average_speed_NOR2,3.2214504981032753e-22,False,3.240054385908705e-20
74,20073,Time_investigating_Piramidka_zone_NOR2,2.0297011545581274e-21,False,2.322866945430656e-22
74,20073,Latency_to_first_investigation_Piramidka_zone_NOR2,5.932576308191889e-22,False,4.146121727409102e-24
74,20073,Time_investigating_Stakan_zone_NOR2,0.050918401281118124,True,0.010462275100758929
74,20073,Latency_to_first_investigation_Stakan_zone_NOR2,0.02865053617495599,True,0.00024307522472908567
74,20073,Learning_T1mean,-1.5189315836862382e-22,False,-2.489438487422178e-23
74,20073,Learning_T1max,-0.04052219685999452,True,-0.005434980321314659
74,20073,Learning_T1sum,-1.518932333323221e-22,False,-6.223599290081472e-24
74,20073,Learning_T2mean,-3.0789648534173282e-21,False,-3.7897529838221708e-22
74,20073,Learning_T2max,-3.645238599475307e-21,False,-3.754053539589129e-22
74,20073,Learning_T2sum,-2.484953715815207e-21,False,-7.646531551601172e-23
74,20073,Learning_T3mean,-0.00526918086147422,True,-0.0004732163906058872
74,20073,Learning_T3max,-5.952371654649768e-22,False,-4.809962242357566e-23
74,20073,Learning_T3sum,-0.0004635944457794048,True,-1.0408661996244707e-05
74,20073,EnduranceT,-3.04460648601441e-21,False,-5.0042137591407945e-23
74,20073,rear_support,0.04015446030227864,True,0.004140689599892693
74,20073,rear_nosupport,-0.0009074595890596452,True,-0.00011572075089694987
74,20073,Weight,0.03447488872099413,True,0.013784422069606185
74,20073,Grip,0.04072311642509656,True,0.06710248467630259
75,20074,OFT_distance,0.0012619283205182739,True,0.00022972914667908502
75,20074,Average_speed_OFT,-0.07250872282990525,True,-7.595112534785099
75,20074,Total_time_mobile_OFT,-0.01745300477700144,True,-0.00022110841933360844
75,20074,Absolute_turn_angle_OFT,0.052072177299427896,True,5.000213112285148e-06
75,20074,Time_inCenter_OFT,-0.035768593694580304,True,-0.0008786710628426447
75,20074,Total_distance_travelled_NOR1,-3.073870294317032e-22,False,-6.137948875014066e-23
75,20074,Average_speed_NOR1,5.751041051881716e-06,True,0.0006888865014254343
75,20074,Time_investigating_Piramidka_NOR1,0.014934801709397252,True,0.0033778279085512875
75,20074,Latency_to_first_investigation_Piramidka_NOR1,-0.04248452186451883,True,-0.00032790558039789064
75,20074,Time_investigating_Stakan_NOR1,1.0051019521311266e-22,False,1.7225897471608277e-23
75,20074,Latency_to_first_investigation_Stakan_NOR1,0.010460008963465743,True,8.508589277486904e-05
75,20074,Total_distance_travelled_NOR2,1.8037545007429254e-22,False,3.876603751815926e-23
75,20074,Average_speed_NOR2,0.01363284246830705,True,1.7583704310463968
75,20074,Time_investigating_Piramidka_zone_NOR2,-0.027523123749380117,True,-0.0033101964260208484
75,20074,Latency_to_first_investigation_Piramidka_zone_NOR2,-0.013097169533438768,True,-9.217938997375347e-05
75,20074,Time_investigating_Stakan_zone_NOR2,0.01799981769641097,True,0.00370694806481503
75,20074,Latency_to_first_investigation_Stakan_zone_NOR2,0.04252009367841446,True,0.000360140621812468
75,20074,Learning_T1mean,-2.7735683373306635e-22,False,-4.4758718365520406e-23
75,20074,Learning_T1max,-0.02107532019778569,True,-0.002825908423905573
75,20074,Learning_T1sum,-1.205983732726085e-22,False,-4.865418810848161e-24
75,20074,Learning_T2mean,0.00740775747169721,True,0.0009454420887804107
75,20074,Learning_T2max,-9.725619805810654e-23,False,-9.97525250704968e-24
75,20074,Learning_T2sum,0.00740775747169719,True,0.00023636052219510204
75,20074,Learning_T3mean,-0.00041550340848074577,True,-3.9530640556814374e-05
75,20074,Learning_T3max,-0.035088584935893605,True,-0.002982621586040878
75,20074,Learning_T3sum,-0.0004155034084809907,True,-9.88266013920942e-06
75,20074,EnduranceT,0.021230004840132342,True,0.000348110482533779
75,20074,rear_support,0.06373067253750186,True,0.006660234436607712
75,20074,rear_nosupport,2.2467623056410485e-22,False,3.108820798997663e-23
75,20074,Weight,-0.0035866633009445544,True,-0.001450916186415713
75,20074,Grip,0.06681239021224626,True,0.10947736501938836
76,20075,OFT_distance,0.001803205124531731,True,0.0002870313501849756
76,20075,Average_speed_OFT,-0.06097743040882682,True,-5.509794877094446
76,20075,Total_time_mobile_OFT,-0.028331558135758102,True,-0.0002841663269731311
76,20075,Absolute_turn_angle_OFT,0.03394060042177306,True,2.925425902805474e-06
76,20075,Time_inCenter_OFT,-0.013884231339575021,True,-0.0003166912360646522
76,20075,Total_distance_travelled_NOR1,-1.9199480950781416e-22,False,-3.2104168976332097e-23
76,20075,Average_speed_NOR1,7.577440583632502e-06,True,0.0007596392111148534
76,20075,Time_investigating_Piramidka_NOR1,-0.0015370963918190195,True,-0.00031022180353418804
76,20075,Latency_to_first_investigation_Piramidka_NOR1,-0.04781783908400325,True,-0.0003677968396150717
76,20075,Time_investigating_Stakan_NOR1,8.023805016764455e-23,False,1.2500446142286642e-23
76,20075,Latency_to_first_investigation_Stakan_NOR1,0.006606385587069397,True,6.300305056065516e-05
76,20075,Total_distance_travelled_NOR2,1.5327239613387873e-22,False,2.489996579893359e-23
76,20075,Average_speed_NOR2,1.4127687431524927e-23,False,1.383405329020701e-21
76,20075,Time_investigating_Piramidka_zone_NOR2,-0.021789467062101758,True,-0.002496295058536794
76,20075,Latency_to_first_investigation_Piramidka_zone_NOR2,-0.015696071884447903,True,-0.00010792979503373624
76,20075,Time_investigating_Stakan_zone_NOR2,-3.553939153998264e-23,False,-6.4364152203216076e-24
76,20075,Latency_to_first_investigation_Stakan_zone_NOR2,0.03087998405800454,True,0.00027810776096334083
76,20075,Learning_T1mean,8.571892588781895e-23,False,1.3676419114790564e-23
76,20075,Learning_T1max,-0.032745642302311494,True,-0.004243333628227957
76,20075,Learning_T1sum,8.571892588755262e-23,False,3.419104778687018e-24
76,20075,Learning_T2mean,0.02211871792643928,True,0.0026055402097930453
76,20075,Learning_T2max,0.014934409626195497,True,0.0014706853912633709
76,20075,Learning_T2sum,2.622890730199257e-23,False,7.724280500971791e-25
76,20075,Learning_T3mean,-0.02070286930332739,True,-0.0015914591960400045
76,20075,Learning_T3max,-2.7855350937687475e-22,False,-1.9318171016622502e-23
76,20075,Learning_T3sum,-0.03714786614954916,True,-0.0007139024104675853
76,20075,EnduranceT,0.022312910726620516,True,0.0003722263647054893
76,20075,rear_support,0.07710555421082727,True,0.007773961289620096
76,20075,rear_nosupport,-0.0048460302545988015,True,-0.0005981079319708699
76,20075,Weight,0.043241533388338804,True,0.018044469329064235
76,20075,Grip,0.07138918343902559,True,0.12451522015281802
77,20076,OFT_distance,0.001475461315644226,True,0.00023935105722176002
77,20076,Average_speed_OFT,-0.03575247868388516,True,-3.2616335253621145
77,20076,Total_time_mobile_OFT,-0.006934411820218682,True,-7.116361368712874e-05
77,20076,Absolute_turn_angle_OFT,0.03612099379320303,True,3.1128080639361626e-06
77,20076,Time_inCenter_OFT,-0.026541668938010087,True,-0.0006031809428001392
77,20076,Total_distance_travelled_NOR1,3.2776490045255084e-22,False,6.275389687725659e-23
77,20076,Average_speed_NOR1,7.9987590625875e-06,True,0.0009193711619542283
77,20076,Time_investigating_Piramidka_NOR1,0.013942276450828935,True,0.003038759505246701
77,20076,Latency_to_first_investigation_Piramidka_NOR1,-0.03695699531388977,True,-0.0003445016943268095
77,20076,Time_investigating_Stakan_NOR1,6.432847884554601e-22,False,1.099931807575798e-22
77,20076,Latency_to_first_investigation_Stakan_NOR1,-1.2648021298220538e-21,False,-1.027683896834507e-23
77,20076,Total_distance_travelled_NOR2,7.271200181511292e-22,False,1.5630611811141049e-22
77,20076,Average_speed_NOR2,4.890863018522404e-22,False,6.294127266188479e-20
77,20076,Time_investigating_Piramidka_zone_NOR2,1.889491890640724e-21,False,2.288845311489957e-22
77,20076,Latency_to_first_investigation_Piramidka_zone_NOR2,-0.015838710196593282,True,-0.00012226510013508827
77,20076,Time_investigating_Stakan_zone_NOR2,0.0038120674638275303,True,0.000714329257168694
77,20076,Latency_to_first_investigation_Stakan_zone_NOR2,0.03437968489085154,True,0.0003352484565266403
77,20076,Learning_T1mean,-4.1811557062667996e-22,False,-6.804098447341784e-23
77,20076,Learning_T1max,-0.009292303482410067,True,-0.001269570350488145
77,20076,Learning_T1sum,-4.1811557062242383e-22,False,-1.7010246118181308e-23
77,20076,Learning_T2mean,-2.4095287235197293e-21,False,-2.893551091528881e-22
77,20076,Learning_T2max,-2.471959044408392e-21,False,-2.452789203122291e-22
77,20076,Learning_T2sum,-2.409528723500895e-21,False,-7.233877728765659e-23
77,20076,Learning_T3mean,-0.020648353054790413,True,-0.0015922752355939484
77,20076,Learning_T3max,-3.5031591650007805e-22,False,-2.4676567833110272e-23
77,20076,Learning_T3sum,-0.014515705824049315,True,-0.000279840707506674
77,20076,EnduranceT,-4.6176149878479536e-21,False,-7.985141288299515e-23
77,20076,rear_support,0.014134023008232828,True,0.0013737149461988066
77,20076,rear_nosupport,-0.014587237527998191,True,-0.0018499394730476725
77,20076,Weight,0.014713214750554354,True,0.005681176887582294
77,20076,Grip,0.057523451570186915,True,0.09114281640786599
78,20077,OFT_distance,0.0009516270802057534,True,0.00015633099243803132
78,20077,Average_speed_OFT,-0.033098255424967256,True,-3.182011145219897
78,20077,Total_time_mobile_OFT,-0.02138622208641963,True,-0.00022562136153700873
78,20077,Absolute_turn_angle_OFT,0.06224140136627979,True,5.605639088287675e-06
78,20077,Time_inCenter_OFT,-0.013855540920195078,True,-0.0003115256952250738
78,20077,Total_distance_travelled_NOR1,-3.6869157791726595e-22,False,-6.629587765141875e-23
78,20077,Average_speed_NOR1,5.377036295918109e-05,True,0.005797834073284784
78,20077,Time_investigating_Piramidka_NOR1,-0.02096001977598286,True,-0.004528772402513778
78,20077,Latency_to_first_investigation_Piramidka_NOR1,-5.654789073049261e-23,False,-4.485440657806984e-25
78,20077,Time_investigating_Stakan_NOR1,9.490888787144969e-24,False,1.5328845003844569e-24
78,20077,Latency_to_first_investigation_Stakan_NOR1,0.017124584249816496,True,0.0001492709372097101
78,20077,Total_distance_travelled_NOR2,0.003226556113978579,True,0.0005351437192636417
78,20077,Average_speed_NOR2,-3.656103520344118e-22,False,-3.6653699884697876e-20
78,20077,Time_investigating_Piramidka_zone_NOR2,-5.03812200838933e-22,False,-5.68921181370883e-23
78,20077,Latency_to_first_investigation_Piramidka_zone_NOR2,-0.054835935572808164,True,-0.00038301443929233134
78,20077,Time_investigating_Stakan_zone_NOR2,2.3782756539725506e-21,False,4.394811718694128e-22
78,20077,Latency_to_first_investigation_Stakan_zone_NOR2,0.022512979941104138,True,0.00022310051225000774
78,20077,Learning_T1mean,-2.474256190915815e-22,False,-4.3712193101815526e-23
78,20077,Learning_T1max,-0.026760142633932775,True,-0.0037482684080189293
78,20077,Learning_T1sum,-3.263651311348032e-22,False,-1.441457000920288e-23
78,20077,Learning_T2mean,0.007508907221113871,True,0.0008814780584230672
78,20077,Learning_T2max,-1.8094959035104265e-22,False,-1.7929434052657285e-23
78,20077,Learning_T2sum,0.0251628567162389,True,0.0007384731702450655
78,20077,Learning_T3mean,-0.004020760026580316,True,-0.0003133244332673865
78,20077,Learning_T3max,-4.804846650441134e-24,False,-3.402450937163823e-25
78,20077,Learning_T3sum,-0.009395983417526671,True,-0.00018304942099405707
78,20077,EnduranceT,-1.9846205705941988e-21,False,-3.5545005816432036e-23
78,20077,rear_support,0.04828094677819898,True,0.004823716324469384
78,20077,rear_nosupport,-0.02284723970378972,True,-0.002874190405313421
78,20077,Weight,-1.4436438003846705e-21,False,-5.688584771781838e-22
78,20077,Grip,0.10710251421353184,True,0.1817853822524296
79,20078,OFT_distance,0.0007367035880724658,True,0.0001133130218148891
79,20078,Average_speed_OFT,-0.0016807548641000916,True,-0.1503812540370159
79,20078,Total_time_mobile_OFT,1.9472297959421216e-21,False,1.884725281215629e-23
79,20078,Absolute_turn_angle_OFT,-2.3186652911432085e-21,False,-1.8871057926452516e-25
79,20078,Time_inCenter_OFT,-0.00970842493198414,True,-0.00022992440071755696
79,20078,Total_distance_travelled_NOR1,1.5911453029899732e-21,False,3.0706215665076205e-22
79,20078,Average_speed_NOR1,7.758912577810824e-06,True,0.0008984861819151731
79,20078,Time_investigating_Piramidka_NOR1,0.0039775438294145215,True,0.0008955374094526313
79,20078,Latency_to_first_investigation_Piramidka_NOR1,-0.017900623233068447,True,-0.00013810942804454404
79,20078,Time_investigating_Stakan_NOR1,0.002648038771737212,True,0.0004883489148015412
79,20078,Latency_to_first_investigation_Stakan_NOR1,-8.301841749226662e-22,False,-7.524703453815853e-24
79,20078,Total_distance_travelled_NOR2,1.4937379301217182e-21,False,3.0727412251869635e-22
79,20078,Average_speed_NOR2,1.744786000495873e-21,False,2.161601066359232e-19
79,20078,Time_investigating_Piramidka_zone_NOR2,-0.0007707123642349961,True,-9.244493231139521e-05
79,20078,Latency_to_first_investigation_Piramidka_zone_NOR2,7.389431125196682e-23,False,5.210300653514794e-25
79,20078,Time_investigating_Stakan_zone_NOR2,-2.140629602292579e-21,False,-3.910616064165284e-22
79,20078,Latency_to_first_investigation_Stakan_zone_NOR2,0.00825763947397516,True,7.646081905668056e-05
79,20078,Learning_T1mean,7.399371279193129e-21,False,1.3010773574102769e-21
79,20078,Learning_T1max,6.564511481934633e-21,False,8.97597664402827e-22
79,20078,Learning_T1sum,7.399371299861806e-21,False,3.252693402611447e-22
79,20078,Learning_T2mean,5.279863467204363e-21,False,6.147830894528136e-22
79,20078,Learning_T2max,4.863017859757822e-21,False,4.803671050803183e-22
79,20078,Learning_T2sum,5.2620852691571544e-21,False,1.5317825256424192e-22
79,20078,Learning_T3mean,4.6507798494663755e-21,False,3.6473932810306477e-22
79,20078,Learning_T3max,4.806140842108116e-21,False,3.4750838039352297e-22
79,20078,Learning_T3sum,4.6446243566475356e-21,False,9.106414525991419e-23
79,20078,EnduranceT,3.814002845944885e-21,False,6.710913442084843e-23
79,20078,rear_support,-2.155358339625451e-22,False,-2.0375592356585358e-23
79,20078,rear_nosupport,-0.013304851549661822,True,-0.0016998433375965676
79,20078,Weight,0.01123743065205506,True,0.004413089473037278
79,20078,Grip,0.009032895028468386,True,0.01501758057638707
80,20079,OFT_distance,0.0011636022682761618,True,0.00019143259731801252
80,20079,Average_speed_OFT,-0.03271935789669636,True,-3.124863491480548
80,20079,Total_time_mobile_OFT,-0.005946741999524203,True,-6.305838993261681e-05
80,20079,Absolute_turn_angle_OFT,0.00546303650758413,True,4.789948329446963e-07
80,20079,Time_inCenter_OFT,-0.016820261164984033,True,-0.000381307993800101
80,20079,Total_distance_travelled_NOR1,2.9228804346150097e-23,False,5.807120180554913e-24
80,20079,Average_speed_NOR1,9.760214571402409e-06,True,0.0011688175916306789
80,20079,Time_investigating_Piramidka_NOR1,0.016704308828096738,True,0.003870675478009608
80,20079,Latency_to_first_investigation_Piramidka_NOR1,-0.0039158333457519285,True,-3.3799941276330676e-05
80,20079,Time_investigating_Stakan_NOR1,3.724435463623738e-25,False,6.428868959269588e-26
80,20079,Latency_to_first_investigation_Stakan_NOR1,-3.0313836679047685e-22,False,-2.539387235104215e-24
80,20079,Total_distance_travelled_NOR2,0.004342507441105818,True,0.000934888719034568
80,20079,Average_speed_NOR2,-2.4513228829247957e-23,False,-3.1508048058801593e-21
80,20079,Time_investigating_Piramidka_zone_NOR2,-0.004645242133035979,True,-0.0005711733016075247
80,20079,Latency_to_first_investigation_Piramidka_zone_NOR2,-0.011374081581490796,True,-0.00010145529225137044
80,20079,Time_investigating_Stakan_zone_NOR2,0.023320643040462916,True,0.004659742361415473
80,20079,Latency_to_first_investigation_Stakan_zone_NOR2,0.04514414249197587,True,0.00039751140462695257
80,20079,Learning_T1mean,-9.139282263896219e-23,False,-1.609387954372785e-23
80,20079,Learning_T1max,-0.013177652560486836,True,-0.0019066326544324612
80,20079,Learning_T1sum,-9.13929055284533e-23,False,-4.023473535051901e-24
80,20079,Learning_T2mean,-4.159347902127869e-22,False,-4.7238496113159064e-23
80,20079,Learning_T2max,-3.851115953295956e-22,False,-3.7155615181981034e-23
80,20079,Learning_T2sum,-4.159348244454587e-22,False,-1.180962500025699e-23
80,20079,Learning_T3mean,-0.0023142521315705116,True,-0.0001791133504696182
80,20079,Learning_T3max,-6.284731427035877e-23,False,-4.385965311923375e-24
80,20079,Learning_T3sum,-0.0009210511974591957,True,-1.7821369124008948e-05
80,20079,EnduranceT,-1.2026354641617957e-21,False,-2.147931717643705e-23
80,20079,rear_support,0.01358237232883584,True,0.0012877115666445353
80,20079,rear_nosupport,-9.259328309469655e-23,False,-1.1518784403283354e-23
80,20079,Weight,0.005956887683453309,True,0.0024872450285932804
80,20079,Grip,0.04578609631441435,True,0.07113285325528279
81,20080,OFT_distance,-0.0016706702586891436,True,-0.0002663551799874994
81,20080,Average_speed_OFT,-0.06863485135549642,True,-6.380143214328884
81,20080,Total_time_mobile_OFT,-2.6984062480164407e-22,False,-2.6900713476945304e-24
81,20080,Absolute_turn_angle_OFT,0.03540821498224199,True,3.0149637201716085e-06
81,20080,Time_inCenter_OFT,-0.02091950285872591,True,-0.0004861396222481991
81,20080,Total_distance_travelled_NOR1,6.439972828004511e-23,False,1.1121488573712246e-23
81,20080,Average_speed_NOR1,-1.5763216568958378e-06,True,-0.00016293296970926153
81,20080,Time_investigating_Piramidka_NOR1,0.012558899366103049,True,0.0025718677407281587
81,20080,Latency_to_first_investigation_Piramidka_NOR1,-0.005237073280944468,True,-4.106638676521334e-05
81,20080,Time_investigating_Stakan_NOR1,0.014691976973672765,True,0.002344991945004508
81,20080,Latency_to_first_investigation_Stakan_NOR1,0.0176873996845315,True,0.00015587949020861837
81,20080,Total_distance_travelled_NOR2,-2.1055870058914043e-22,False,-3.410114735975648e-23
81,20080,Average_speed_NOR2,-3.8018864784225097e-22,False,-3.7125330082872703e-20
81,20080,Time_investigating_Piramidka_zone_NOR2,-0.04523983341578436,True,-0.00516838678906601
81,20080,Latency_to_first_investigation_Piramidka_zone_NOR2,5.735027364901663e-22,False,3.95046597836049e-24
81,20080,Time_investigating_Stakan_zone_NOR2,0.024274199090461888,True,0.004464009423078317
81,20080,Latency_to_first_investigation_Stakan_zone_NOR2,0.005576981307965902,True,4.660531264628592e-05
81,20080,Learning_T1mean,6.266119096591626e-22,False,9.991117478798594e-23
81,20080,Learning_T1max,1.5218205290830018e-21,False,2.0119320068884739e-22
81,20080,Learning_T1sum,6.656747994462869e-22,False,2.653490550299778e-23
81,20080,Learning_T2mean,0.007473555076706869,True,0.0008644385123650886
81,20080,Learning_T2max,6.958609895238528e-23,False,7.118131388111259e-24
81,20080,Learning_T2sum,4.13942605845585e-23,False,1.1969803083305779e-24
81,20080,Learning_T3mean,-0.04098455938508194,True,-0.003104045441917965
81,20080,Learning_T3max,-2.455090055497105e-22,False,-1.6708584449455077e-23
81,20080,Learning_T3sum,-0.03191788822381896,True,-0.0006043408599681975
81,20080,EnduranceT,0.028707099110446874,True,0.00045756714618770336
81,20080,rear_support,0.04784162726235817,True,0.004790586312409574
81,20080,rear_nosupport,-4.436261861131968e-23,False,-5.87118348514253e-24
81,20080,Weight,0.04986063152250159,True,0.02291952265411278
81,20080,Grip,0.04363228348838641,True,0.06406905463006263
82,20081,OFT_distance,0.0011904841710698682,True,0.00020291433919050303
82,20081,Average_speed_OFT,-0.06161160880885111,True,-6.00050704880749
82,20081,Total_time_mobile_OFT,-0.03217112754516868,True,-0.00033580362677040123
82,20081,Absolute_turn_angle_OFT,0.06352012537909553,True,5.68332265037064e-06
82,20081,Time_inCenter_OFT,-2.472743518148529e-21,False,-5.4785708934591e-23
82,20081,Total_distance_travelled_NOR1,-1.159310422018061e-21,False,-2.0272243517063264e-22
82,20081,Average_speed_NOR1,-1.4081883028381303e-06,True,-0.00014767396545099912
82,20081,Time_investigating_Piramidka_NOR1,-3.984602306002716e-22,False,-8.13206649043483e-23
82,20081,Latency_to_first_investigation_Piramidka_NOR1,-0.012990044359437356,True,-0.00010297309875614492
82,20081,Time_investigating_Stakan_NOR1,-4.852091758893491e-21,False,-7.502335056622573e-22
82,20081,Latency_to_first_investigation_Stakan_NOR1,8.548218035679154e-21,False,7.373581821691951e-23
82,20081,Total_distance_travelled_NOR2,-5.136085656462377e-21,False,-8.404362818205186e-22
82,20081,Average_speed_NOR2,-5.531106590561001e-21,False,-5.460657152701519e-19
82,20081,Time_investigating_Piramidka_zone_NOR2,-7.530424348221744e-21,False,-9.722815505667762e-22
82,20081,Latency_to_first_investigation_Piramidka_zone_NOR2,-0.023280364423811865,True,-0.00018627674806969942
82,20081,Time_investigating_Stakan_zone_NOR2,0.006379864593076189,True,0.001186110613527919
82,20081,Latency_to_first_investigation_Stakan_zone_NOR2,0.018166311435609612,True,0.0001673804230215241
82,20081,Learning_T1mean,-7.07771149930507e-21,False,-1.2102552923428102e-21
82,20081,Learning_T1max,-5.693782725354751e-21,False,-7.721620302953505e-22
82,20081,Learning_T1sum,-7.153946049099423e-21,False,-3.058227602208573e-22
82,20081,Learning_T2mean,0.03617212360335733,True,0.0044061996598507725
82,20081,Learning_T2max,9.785633898892462e-22,False,9.892307616551122e-23
82,20081,Learning_T2sum,0.024261981205037707,True,0.0007388502711727764
82,20081,Learning_T3mean,-0.0005125263235399993,True,-3.930077499497703e-05
82,20081,Learning_T3max,6.069815604354179e-24,False,4.205313961614112e-25
82,20081,Learning_T3sum,-0.006871385631126219,True,-0.00013172532228558504
82,20081,EnduranceT,0.02250885959721573,True,0.00038320821502687305
82,20081,rear_support,0.04617598406921715,True,0.005041703671306093
82,20081,rear_nosupport,-0.020629187879652518,True,-0.0025146722437013793
82,20081,Weight,-4.14766101735186e-21,False,-1.6935152013143564e-21
82,20081,Grip,0.06622724684986504,True,0.10923630816821678
83,20082,OFT_distance,0.0017126132878946064,True,0.0002774699609709545
83,20082,Average_speed_OFT,-0.007002922600020322,True,-0.664797443544459
83,20082,Total_time_mobile_OFT,-0.005848855658913705,True,-6.005435167220145e-05
83,20082,Absolute_turn_angle_OFT,0.034417328871872876,True,2.975374616897147e-06
83,20082,Time_inCenter_OFT,-0.009172354763489304,True,-0.00020504787123889326
83,20082,Total_distance_travelled_NOR1,-1.3607140605874489e-21,False,-2.5872975001847335e-22
83,20082,Average_speed_NOR1,2.2771148757134577e-05,True,0.0025960401943084643
83,20082,Time_investigating_Piramidka_NOR1,6.919296282455992e-20,False,1.7833561348536144e-20
83,20082,Latency_to_first_investigation_Piramidka_NOR1,-0.00624718092823294,True,-5.046030706359002e-05
83,20082,Time_investigating_Stakan_NOR1,2.752736510664271e-20,False,5.215580575096409e-21
83,20082,Latency_to_first_investigation_Stakan_NOR1,3.94466300300412e-20,False,3.0303031645877036e-22
83,20082,Total_distance_travelled_NOR2,-1.3098580227301384e-20,False,-2.2463828685900427e-21
83,20082,Average_speed_NOR2,-1.84660189468078e-20,False,-1.905882228206084e-18
83,20082,Time_investigating_Piramidka_zone_NOR2,-0.019297571747403215,True,-0.002782767841795787
83,20082,Latency_to_first_investigation_Piramidka_zone_NOR2,-0.04832641948167182,True,-0.0003236567761962057
83,20082,Time_investigating_Stakan_zone_NOR2,6.886714727864397e-20,False,1.405564144294466e-20
83,20082,Latency_to_first_investigation_Stakan_zone_NOR2,0.03420118378150876,True,0.00028503700988989465
83,20082,Learning_T1mean,-9.139327219851623e-21,False,-1.6044601089458196e-21
83,20082,Learning_T1max,-0.009244092230423792,True,-0.0011958042764004689
83,20082,Learning_T1sum,-9.139327340750196e-21,False,-4.0111503254256036e-22
83,20082,Learning_T2mean,0.023733699450840775,True,0.0027855765520244393
83,20082,Learning_T2max,1.5184836015286627e-20,False,1.5736855630341067e-21
83,20082,Learning_T2sum,0.020006597881458275,True,0.000587033534951056
83,20082,Learning_T3mean,-0.002583545857252109,True,-0.00022609864893039403
83,20082,Learning_T3max,-4.645675519082248e-21,False,-3.6675035630099387e-22
83,20082,Learning_T3sum,-0.0036460254232831696,True,-7.977034932979606e-05
83,20082,EnduranceT,0.015008170523423585,True,0.0002498890166522115
83,20082,rear_support,0.06423412765398072,True,0.0066195539138445
83,20082,rear_nosupport,-0.0283562138079512,True,-0.0033550484337926878
83,20082,Weight,-0.01666022158960609,True,-0.007003775299016924
83,20082,Grip,0.08129556250853993,True,0.13783711402012583
84,20083,OFT_distance,0.0005589983578505476,True,9.056995691231835e-05
84,20083,Average_speed_OFT,-0.016080105566795202,True,-1.5459145647675923
84,20083,Total_time_mobile_OFT,-1.1920330459538155e-21,False,-1.34979549454065e-23
84,20083,Absolute_turn_angle_OFT,-1.7002040010192795e-21,False,-1.5261717429639454e-25
84,20083,Time_inCenter_OFT,-0.004760830046540452,True,-0.00010877662765330417
84,20083,Total_distance_travelled_NOR1,3.70369812821981e-21,False,6.411161409523802e-22
84,20083,Average_speed_NOR1,5.568864851683812e-06,True,0.0005783500217340403
84,20083,Time_investigating_Piramidka_NOR1,-0.003461533614458161,True,-0.0007153161106091545
84,20083,Latency_to_first_investigation_Piramidka_NOR1,-0.0042828466242057165,True,-3.294362784765907e-05
84,20083,Time_investigating_Stakan_NOR1,-2.587645031861079e-21,False,-4.2066438620167366e-22
84,20083,Latency_to_first_investigation_Stakan_NOR1,0.017920997853944846,True,0.0002025186220879564
84,20083,Total_distance_travelled_NOR2,2.50272163964078e-22,False,4.05464821526487e-23
84,20083,Average_speed_NOR2,2.1825305999385034e-22,False,2.1342241194477852e-20
84,20083,Time_investigating_Piramidka_zone_NOR2,-0.00410316857208112,True,-0.00046841041599248666
84,20083,Latency_to_first_investigation_Piramidka_zone_NOR2,-1.1365588135353222e-21,False,-7.810893672077859e-24
84,20083,Time_investigating_Stakan_zone_NOR2,0.014192683148149692,True,0.0026243621813992787
84,20083,Latency_to_first_investigation_Stakan_zone_NOR2,0.0007319956846604727,True,6.2741243129961725e-06
84,20083,Learning_T1mean,-9.47576717377931e-21,False,-1.5360816466719742e-21
84,20083,Learning_T1max,-8.460358839539653e-21,False,-1.0962309827609062e-21
84,20083,Learning_T1sum,-9.475767193734926e-21,False,-3.8402041247672636e-22
84,20083,Learning_T2mean,-1.0124766801448761e-20,False,-1.2587992960487418e-21
84,20083,Learning_T2max,-9.209944357229634e-21,False,-9.732955890821342e-22
84,20083,Learning_T2sum,-8.569870914744744e-21,False,-2.6637027020626397e-22
84,20083,Learning_T3mean,7.534003522363022e-22,False,6.375195865946873e-23
84,20083,Learning_T3max,-9.613903283120553e-23,False,-7.273805652499942e-24
84,20083,Learning_T3sum,-0.02640244016975692,True,-0.000558536795614447
84,20083,EnduranceT,0.025566817071095215,True,0.00040571748033434087
84,20083,rear_support,0.017211800149435214,True,0.0016367036089650969
84,20083,rear_nosupport,1.0014539633495863e-21,False,1.2589391717718803e-22
84,20083,Weight,-5.141461384566364e-21,False,-2.1350676954475628e-21
84,20083,Grip,0.011626548162589859,True,0.01761114191822997
85,20084,OFT_distance,9.98959127828425e-05,True,1.648921866855449e-05
85,20084,Average_speed_OFT,-0.030598438178309803,True,-2.904753434992199
85,20084,Total_time_mobile_OFT,-0.010343256416727073,True,-0.00010621185276736241
85,20084,Absolute_turn_angle_OFT,0.015523219319052008,True,1.3501252668437072e-06
85,20084,Time_inCenter_OFT,3.671858504210259e-22,False,8.148824139457677e-24
85,20084,Total_distance_travelled_NOR1,-1.0123660756382735e-22,False,-1.769795962962588e-23
85,20084,Average_speed_NOR1,6.83991506365592e-06,True,0.0007178877130116958
85,20084,Time_investigating_Piramidka_NOR1,-0.018792101143073437,True,-0.003894600230086813
85,20084,Latency_to_first_investigation_Piramidka_NOR1,-0.011820540174946314,True,-9.216490682580533e-05
85,20084,Time_investigating_Stakan_NOR1,-0.04210623196498527,True,-0.006487863194305631
85,20084,Latency_to_first_investigation_Stakan_NOR1,1.709399584229809e-21,False,1.3703313189050995e-23
85,20084,Total_distance_travelled_NOR2,-1.0734679156170093e-21,False,-1.6623343876286813e-22
85,20084,Average_speed_NOR2,-1.3545866995749216e-21,False,-1.2632680997285858e-19
85,20084,Time_investigating_Piramidka_zone_NOR2,-6.127553889197857e-22,False,-6.997951974060378e-23
85,20084,Latency_to_first_investigation_Piramidka_zone_NOR2,-0.008299278198295613,True,-5.632472655554456e-05
85,20084,Time_investigating_Stakan_zone_NOR2,0.026683623288440865,True,0.0046937181964413375
85,20084,Latency_to_first_investigation_Stakan_zone_NOR2,0.024348113554408184,True,0.0001919395546464798
85,20084,Learning_T1mean,-6.61387033925152e-22,False,-1.1661289394653492e-22
85,20084,Learning_T1max,-0.02095065953632411,True,-0.0034737112824347197
85,20084,Learning_T1sum,-6.613871893171378e-22,False,-2.915323033614401e-23
85,20084,Learning_T2mean,1.4013285181554995e-21,False,1.6331085727589697e-22
85,20084,Learning_T2max,9.689132100915759e-22,False,9.848172452378286e-23
85,20084,Learning_T2sum,9.892327552708505e-22,False,2.882130193163481e-23
85,20084,Learning_T3mean,-3.3683481796803247e-23,False,-2.880653423418643e-24
85,20084,Learning_T3max,-3.4107820629096327e-22,False,-2.6723115002885297e-23
85,20084,Learning_T3sum,4.032457740336615e-23,False,8.621520530869013e-25
85,20084,EnduranceT,0.01232527097887436,True,0.00020224925714056345
85,20084,rear_support,0.025869489210293434,True,0.0026734043481011272
85,20084,rear_nosupport,-1.1343154924026564e-21,False,-1.5162126651723826e-22
85,20084,Weight,0.011829785174865819,True,0.004836653895778727
85,20084,Grip,0.025853678635937245,True,0.040855283840040155
86,20085,OFT_distance,0.001744350720800879,True,0.00029221372161580643
86,20085,Average_speed_OFT,-0.05125443970695414,True,-4.872957474604482
86,20085,Total_time_mobile_OFT,-0.027501615868019323,True,-0.00027496608789504554
86,20085,Absolute_turn_angle_OFT,0.021737643172161383,True,1.9485430702221706e-06
86,20085,Time_inCenter_OFT,-0.05082253794637568,True,-0.0014292126394219442
86,20085,Total_distance_travelled_NOR1,2.4685362255429362e-11,False,3.987079731964267e-12
86,20085,Average_speed_NOR1,6.694618214047593e-06,True,0.000649168115211901
86,20085,Time_investigating_Piramidka_NOR1,0.019393532771692375,True,0.003912064498666268
86,20085,Latency_to_first_investigation_Piramidka_NOR1,-0.030309039955981134,True,-0.00023110872247360533
86,20085,Time_investigating_Stakan_NOR1,0.015746654065605676,True,0.002467971933352016
86,20085,Latency_to_first_investigation_Stakan_NOR1,0.021854124297169628,True,0.00022232929564513292
86,20085,Total_distance_travelled_NOR2,-0.0012447448576630828,True,-0.00020022325389524453
86,20085,Average_speed_NOR2,-0.01873432841259995,True,-1.8191922525114386
86,20085,Time_investigating_Piramidka_zone_NOR2,1.3998683375606226e-10,False,1.787544670566384e-11
86,20085,Latency_to_first_investigation_Piramidka_zone_NOR2,5.654192406525494e-11,False,3.771984579788777e-13
86,20085,Time_investigating_Stakan_zone_NOR2,0.0174141581123072,True,0.003150342971305064
86,20085,Latency_to_first_investigation_Stakan_zone_NOR2,0.024332394001626408,True,0.0002017452144378728
86,20085,Learning_T1mean,-3.502772761104269e-11,False,-5.558280734275909e-12
86,20085,Learning_T1max,3.69732695857696e-11,False,4.949774465247412e-12
86,20085,Learning_T1sum,-3.502811931876425e-11,False,-1.389585722840511e-12
86,20085,Learning_T2mean,-6.205721831029427e-11,False,-7.196894013838745e-12
86,20085,Learning_T2max,0.02513897715657035,True,0.0024612299797170585
86,20085,Learning_T2sum,-4.012281738358909e-11,False,-1.1632799217750185e-12
86,20085,Learning_T3mean,-0.018783047875706366,True,-0.001454895099985363
86,20085,Learning_T3max,-9.921749293572765e-11,False,-6.887751341874992e-12
86,20085,Learning_T3sum,-0.017822274185719106,True,-0.0003451189012957679
86,20085,EnduranceT,0.032402132747749425,True,0.0005595214018064974
86,20085,rear_support,0.05938228009747452,True,0.006566194352973109
86,20085,rear_nosupport,-0.01788408500775616,True,-0.002223196205697922
86,20085,Weight,0.019297752231608345,True,0.007362681306104923
86,20085,Grip,0.04801590966416781,True,0.08048258822955952
87,20086,OFT_distance,0.0011585338177333108,True,0.00019712760702087965
87,20086,Average_speed_OFT,-0.008296749460203149,True,-0.8224208181780001
87,20086,Total_time_mobile_OFT,-0.007165180628893155,True,-7.709743841533069e-05
87,20086,Absolute_turn_angle_OFT,-2.394172207476418e-22,False,-2.2488611653536472e-26
87,20086,Time_inCenter_OFT,-0.031708415763331034,True,-0.0007549894629800879
87,20086,Total_distance_travelled_NOR1,1.7106070932347707e-22,False,3.475272661523149e-23
87,20086,Average_speed_NOR1,7.172525133134589e-07,False,8.716437703433112e-05
87,20086,Time_investigating_Piramidka_NOR1,0.00292682951037996,True,0.0006539563887395941
87,20086,Latency_to_first_investigation_Piramidka_NOR1,1.5869693904313543e-21,False,1.4698310612398032e-23
87,20086,Time_investigating_Stakan_NOR1,-2.766495218904651e-22,False,-4.3131819622332984e-23
87,20086,Latency_to_first_investigation_Stakan_NOR1,7.386677892814244e-22,False,6.080226670226707e-24
87,20086,Total_distance_travelled_NOR2,1.64000085307911e-23,False,2.698838255802491e-24
87,20086,Average_speed_NOR2,0.022006961839866,True,2.178860160793631
87,20086,Time_investigating_Piramidka_zone_NOR2,-0.007373006958940693,True,-0.000892417017287318
87,20086,Latency_to_first_investigation_Piramidka_zone_NOR2,-0.020364637892671424,True,-0.00014492573965677893
87,20086,Time_investigating_Stakan_zone_NOR2,0.012124247509927204,True,0.0024120797813967426
87,20086,Latency_to_first_investigation_Stakan_zone_NOR2,0.011598885821901484,True,9.377526291724038e-05
87,20086,Learning_T1mean,-3.789135755817081e-22,False,-7.229821191608389e-23
87,20086,Learning_T1max,-0.007767128103157544,True,-0.0011460423719790197
87,20086,Learning_T1sum,-4.004158105649318e-22,False,-1.9100230891919682e-23
87,20086,Learning_T2mean,0.010530983881285007,True,0.0012303934225897967
87,20086,Learning_T2max,-6.0420609188912274e-24,False,-5.925422269291669e-25
87,20086,Learning_T2sum,0.012167986175672794,True,0.0003554133765060076
87,20086,Learning_T3mean,-0.004144730737248969,True,-0.0003209480492398355
87,20086,Learning_T3max,-1.0888823437548454e-22,False,-7.620743959196927e-24
87,20086,Learning_T3sum,-0.0043018243196437,True,-8.327815551164918e-05
87,20086,EnduranceT,-4.978035813298603e-22,False,-8.418494533392614e-24
87,20086,rear_support,-3.0861515857416686e-22,False,-3.501994038567511e-23
87,20086,rear_nosupport,-0.010677033138709643,True,-0.0014979324438131427
87,20086,Weight,0.004225997419205264,True,0.001848691445898812
87,20086,Grip,0.056937008901228575,True,0.09527739921424663
88,20087,OFT_distance,0.0008057501669016913,True,0.00013593177753829457
88,20087,Average_speed_OFT,-0.0005908837546892598,True,-0.058763889899590374
88,20087,Total_time_mobile_OFT,-6.483095265176884e-22,False,-6.95081897509537e-24
88,20087,Absolute_turn_angle_OFT,-9.438028823237961e-23,False,-8.180857919878986e-27
88,20087,Time_inCenter_OFT,-0.011330363819876623,True,-0.00025200231799434383
88,20087,Total_distance_travelled_NOR1,1.0288568147785962e-22,False,2.1620849348648905e-23
88,20087,Average_speed_NOR1,-1.4032225726431166e-06,True,-0.00017675680574289786
88,20087,Time_investigating_Piramidka_NOR1,0.00466738414532583,True,0.0011133218916097
88,20087,Latency_to_first_investigation_Piramidka_NOR1,-0.003169875117688048,True,-2.39817240607714e-05
88,20087,Time_investigating_Stakan_NOR1,3.3533525713099987e-22,False,5.808544658029594e-23
88,20087,Latency_to_first_investigation_Stakan_NOR1,-4.245501173321818e-23,False,-3.3395058338560934e-25
88,20087,Total_distance_travelled_NOR2,1.023110832268036e-21,False,2.225499136586465e-22
88,20087,Average_speed_NOR2,1.1177573577802667e-21,False,1.4665117538154853e-19
88,20087,Time_investigating_Piramidka_zone_NOR2,-0.0031262661712408257,True,-0.0004100523616910139
88,20087,Latency_to_first_investigation_Piramidka_zone_NOR2,-0.01081097092331211,True,-7.325456252940653e-05
88,20087,Time_investigating_Stakan_zone_NOR2,1.0487472145298196e-21,False,2.159554392002546e-22
88,20087,Latency_to_first_investigation_Stakan_zone_NOR2,0.004781339290116084,True,3.878379487135881e-05
88,20087,Learning_T1mean,0.0009745202282036755,True,0.0001873310115505309
88,20087,Learning_T1max,-7.654854255949782e-22,False,-1.2136022383104668e-22
88,20087,Learning_T1sum,0.0009745202282037008,True,4.6832752887633946e-05
88,20087,Learning_T2mean,0.007538400822729554,True,0.0008766345664847143
88,20087,Learning_T2max,-3.284167390359702e-22,False,-3.2870261257422984e-23
88,20087,Learning_T2sum,0.007538400822729559,True,0.00021915864162117872
88,20087,Learning_T3mean,-1.1072518342494609e-21,False,-8.625282201499464e-23
88,20087,Learning_T3max,-9.756193542597637e-22,False,-6.740950057950816e-23
88,20087,Learning_T3sum,-1.1400231281696764e-21,False,-2.2201410944974553e-23
88,20087,EnduranceT,0.009432943136176852,True,0.00016900302328690914
88,20087,rear_support,6.023894411980076e-22,False,6.441587445359601e-23
88,20087,rear_nosupport,-0.0021224884693159226,True,-0.0002758923999442269
88,20087,Weight,-2.7685827610591513e-22,False,-1.1971603723284296e-22
88,20087,Grip,0.027573205188126823,True,0.043435463706687924
89,20088,OFT_distance,0.0011075289021863215,True,0.00018209849467191097
89,20088,Average_speed_OFT,-1.5289637678828492e-21,False,-1.4536448869020174e-19
89,20088,Total_time_mobile_OFT,4.791520320223972e-22,False,4.874813199387334e-24
89,20088,Absolute_turn_angle_OFT,-1.8472763653770262e-21,False,-1.5587520702437135e-25
89,20088,Time_inCenter_OFT,-0.010369095967468421,True,-0.00023222156316174612
89,20088,Total_distance_travelled_NOR1,-7.3942799302351925e-22,False,-1.3014915993657007e-22
89,20088,Average_speed_NOR1,-1.048254713461374e-05,True,-0.0011073582077957263
89,20088,Time_investigating_Piramidka_NOR1,-1.726959244546512e-21,False,-3.7228188670593954e-22
89,20088,Latency_to_first_investigation_Piramidka_NOR1,-0.02886090172646732,True,-0.00021850000871261323
89,20088,Time_investigating_Stakan_NOR1,-1.4186164596524388e-21,False,-2.4043195638077153e-22
89,20088,Latency_to_first_investigation_Stakan_NOR1,-1.39165030552233e-22,False,-1.1942395323748476e-24
89,20088,Total_distance_travelled_NOR2,-9.259762626765277e-24,False,-1.5747098257233524e-24
89,20088,Average_speed_NOR2,7.042257882922854e-23,False,7.223351909783154e-21
89,20088,Time_investigating_Piramidka_zone_NOR2,-0.018712031230489347,True,-0.002440397738877528
89,20088,Latency_to_first_investigation_Piramidka_zone_NOR2,-5.425007840184011e-22,False,-3.893784777277148e-24
89,20088,Time_investigating_Stakan_zone_NOR2,0.006031378101842496,True,0.0011378489660382525
89,20088,Latency_to_first_investigation_Stakan_zone_NOR2,0.0016364066759076271,True,1.4801780375294778e-05
89,20088,Learning_T1mean,-5.653493336380199e-22,False,-1.0024132663758685e-22
89,20088,Learning_T1max,-1.154329332489628e-21,False,-1.7866655128338753e-22
89,20088,Learning_T1sum,-5.65349313662497e-22,False,-2.506033077393847e-23
89,20088,Learning_T2mean,-8.211578860529238e-22,False,-1.0191674679928289e-22
89,20088,Learning_T2max,-4.636906824653446e-22,False,-5.0393882465951013e-23
89,20088,Learning_T2sum,-8.334355020759988e-22,False,-2.586014105244138e-23
89,20088,Learning_T3mean,2.3581629742569114e-24,False,2.0375182843277471e-25
89,20088,Learning_T3max,-1.4113301546029831e-22,False,-1.121631086299237e-23
89,20088,Learning_T3sum,-0.0031495723887976423,True,-6.803294980079989e-05
89,20088,EnduranceT,0.00792158469371101,True,0.00013648326999976117
89,20088,rear_support,0.0054015023816874706,True,0.0005313211708435361
89,20088,rear_nosupport,-7.401121088122852e-22,False,-9.051938361176874e-23
89,20088,Weight,-1.3565748880621912e-21,False,-5.5341927008196395e-22
89,20088,Grip,0.02887523943627436,True,0.04430074231839229
90,20089,OFT_distance,0.0013327689826907966,True,0.00023080743063410967
90,20089,Average_speed_OFT,-0.009273841199900315,True,-0.9192756878894729
90,20089,Total_time_mobile_OFT,-0.0045655652377169995,True,-4.923181738608495e-05
90,20089,Absolute_turn_angle_OFT,-2.8185525520582176e-22,False,-2.485157242629475e-26
90,20089,Time_inCenter_OFT,-0.01031906572842478,True,-0.00022943467579067937
90,20089,Total_distance_travelled_NOR1,3.3692441143702453e-21,False,8.054681568946684e-22
90,20089,Average_speed_NOR1,2.608392487935005e-07,False,3.732564913914511e-05
90,20089,Time_investigating_Piramidka_NOR1,6.554968923554735e-21,False,1.7666043501666937e-21
90,20089,Latency_to_first_investigation_Piramidka_NOR1,-0.026073160551327225,True,-0.00023075790168445006
90,20089,Time_investigating_Stakan_NOR1,4.954802733183291e-21,False,1.0252738531632734e-21
90,20089,Latency_to_first_investigation_Stakan_NOR1,-3.6679861410740446e-21,False,-3.081062046159893e-23
90,20089,Total_distance_travelled_NOR2,3.0690529542613783e-21,False,7.790533547955233e-22
90,20089,Average_speed_NOR2,3.0908870291483762e-21,False,4.688808631369752e-19
90,20089,Time_investigating_Piramidka_zone_NOR2,5.673764574170127e-21,False,9.386746233781575e-22
90,20089,Latency_to_first_investigation_Piramidka_zone_NOR2,-0.016055952545746183,True,-0.00013994740905218662
90,20089,Time_investigating_Stakan_zone_NOR2,0.014779715142071582,True,0.003111721160813502
90,20089,Latency_to_first_investigation_Stakan_zone_NOR2,0.024553720786550045,True,0.00024490271485281406
90,20089,Learning_T1mean,0.0003218652202204188,True,5.512054743581454e-05
90,20089,Learning_T1max,-2.5143645894666017e-22,False,-3.6159739049734706e-23
90,20089,Learning_T1sum,0.0003218652202204205,True,1.3780136858953708e-05
90,20089,Learning_T2mean,-1.0452796861306592e-21,False,-1.2483259830379368e-22
90,20089,Learning_T2max,-1.5310838878352714e-21,False,-1.5993485316846817e-22
90,20089,Learning_T2sum,-1.082609000809632e-21,False,-3.232266356825747e-23
90,20089,Learning_T3mean,4.507332905639914e-22,False,3.895380728678829e-23
90,20089,Learning_T3max,2.249252889941473e-22,False,1.7589685860798501e-23
90,20089,Learning_T3sum,6.733844552906401e-22,False,1.454900761184538e-23
90,20089,EnduranceT,0.0028451141242902276,True,4.778541285223725e-05
90,20089,rear_support,0.018852526605245064,True,0.0019567575520200273
90,20089,rear_nosupport,-0.02082054292897514,True,-0.0024803432672852524
90,20089,Weight,0.012385373259246053,True,0.005196430919203943
90,20089,Grip,0.03979181519567664,True,0.06589015555007811
91,20090,OFT_distance,0.0008184654944122864,True,0.00013503180744647717
91,20090,Average_speed_OFT,-0.04427194591075043,True,-4.139256368010752
91,20090,Total_time_mobile_OFT,-0.002377523185716705,True,-2.3807788581152944e-05
91,20090,Absolute_turn_angle_OFT,0.06334596621286034,True,5.505891081937486e-06
91,20090,Time_inCenter_OFT,-0.07256191941891085,True,-0.0018613795509167068
91,20090,Total_distance_travelled_NOR1,-0.023439955520500256,True,-0.003924768537451683
91,20090,Average_speed_NOR1,-4.318516403499857e-06,True,-0.0004344210237668295
91,20090,Time_investigating_Piramidka_NOR1,0.030274635844506223,True,0.006367167908397543
91,20090,Latency_to_first_investigation_Piramidka_NOR1,-0.02295943558934213,True,-0.00018968931555209793
91,20090,Time_investigating_Stakan_NOR1,0.024842101712970115,True,0.0038443166017495243
91,20090,Latency_to_first_investigation_Stakan_NOR1,2.255254352846886e-22,False,1.7378686974981705e-24
91,20090,Total_distance_travelled_NOR2,-5.041791629260987e-23,False,-8.269365776886121e-24
91,20090,Average_speed_NOR2,-1.54610146507156e-22,False,-1.5285221398859207e-20
91,20090,Time_investigating_Piramidka_zone_NOR2,-0.013131664443204677,True,-0.0016901391178287726
91,20090,Latency_to_first_investigation_Piramidka_zone_NOR2,3.9886988744027064e-22,False,2.8324378968180465e-24
91,20090,Time_investigating_Stakan_zone_NOR2,1.434443084243135e-22,False,2.698153764625402e-23
91,20090,Latency_to_first_investigation_Stakan_zone_NOR2,0.03126130819256145,True,0.000252301710919344
91,20090,Learning_T1mean,2.5831031076195967e-23,False,4.143731552821787e-24
91,20090,Learning_T1max,-0.014729131965413736,True,-0.0019150909855671712
91,20090,Learning_T1sum,-1.1887932490198635e-23,False,-4.767560459757086e-25
91,20090,Learning_T2mean,0.010828657989913438,True,0.0012670658242133917
91,20090,Learning_T2max,3.5081229400172164e-22,False,3.574961754305428e-23
91,20090,Learning_T2sum,0.005329752604427261,True,0.0001559091482728619
91,20090,Learning_T3mean,2.1992080411296863e-22,False,1.88664902832497e-23
91,20090,Learning_T3max,2.8139477108346767e-22,False,2.1928051023796374e-23
91,20090,Learning_T3sum,6.34979852851275e-24,False,1.3618358290610055e-25
91,20090,EnduranceT,0.01116375005719996,True,0.00017901678755966125
91,20090,rear_support,0.0433444489060595,True,0.004612009924408337
91,20090,rear_nosupport,2.7283922883557264e-22,False,3.40187766326848e-23
91,20090,Weight,0.02888816000978427,True,0.011848997650564224
91,20090,Grip,0.046447104204639246,True,0.0671033345152063
92,20091,OFT_distance,0.0016472122468320512,True,0.0002673795049072086
92,20091,Average_speed_OFT,-0.03762446453181849,True,-3.50251773875062
92,20091,Total_time_mobile_OFT,-0.015473321286751338,True,-0.0001507575323018533
92,20091,Absolute_turn_angle_OFT,0.0415754926216703,True,3.547050207192289e-06
92,20091,Time_inCenter_OFT,-0.05205239019215758,True,-0.0012685075910235783
92,20091,Total_distance_travelled_NOR1,6.710247574504262e-23,False,1.1734088697754689e-23
92,20091,Average_speed_NOR1,3.6530068651583514e-05,True,0.0038264359305163705
92,20091,Time_investigating_Piramidka_NOR1,-0.03749307892349431,True,-0.007997416872366681
92,20091,Latency_to_first_investigation_Piramidka_NOR1,-0.057754989052956264,True,-0.0004552587366000467
92,20091,Time_investigating_Stakan_NOR1,0.0051245764242300864,True,0.0008508646132310733
92,20091,Latency_to_first_investigation_Stakan_NOR1,0.001681680206434764,True,1.3928908609798131e-05
92,20091,Total_distance_travelled_NOR2,1.3762640350239253e-22,False,2.258441179343654e-23
92,20091,Average_speed_NOR2,8.705305336623058e-23,False,8.618834904691186e-21
92,20091,Time_investigating_Piramidka_zone_NOR2,1.0533359350954084e-22,False,1.3677768996420427e-23
92,20091,Latency_to_first_investigation_Piramidka_zone_NOR2,-0.012664980716771544,True,-9.470654197475087e-05
92,20091,Time_investigating_Stakan_zone_NOR2,0.026314712427726306,True,0.004740031401634345
92,20091,Latency_to_first_investigation_Stakan_zone_NOR2,0.036715492227254315,True,0.0003446408826167333
92,20091,Learning_T1mean,-1.3400673468307022e-22,False,-2.2078636450883098e-23
92,20091,Learning_T1max,-0.014943397113414542,True,-0.0020111643586616834
92,20091,Learning_T1sum,-2.1176425056521874e-22,False,-8.722445764723674e-24
92,20091,Learning_T2mean,0.016597381204327466,True,0.002016977120019362
92,20091,Learning_T2max,9.79277405347039e-24,False,9.808591347798512e-25
92,20091,Learning_T2sum,0.004222641746260052,True,0.00012828788595312378
92,20091,Learning_T3mean,-6.159084044067262e-23,False,-4.712540265220991e-24
92,20091,Learning_T3max,-8.089696646685707e-23,False,-5.6220661937856486e-24
92,20091,Learning_T3sum,-7.043410848090949e-23,False,-1.3472927544354371e-24
92,20091,EnduranceT,0.022869294809379104,True,0.0003779557018768639
92,20091,rear_support,0.04817312138570084,True,0.005094342664212011
92,20091,rear_nosupport,-0.03100378151948255,True,-0.00376043447459557
92,20091,Weight,0.03067355158110232,True,0.011627253062921946
92,20091,Grip,0.05668298890479134,True,0.0948315284833221
93,20092,OFT_distance,0.0013921638369489321,True,0.0002203000933195565
93,20092,Average_speed_OFT,-0.054892166791750914,True,-5.04269104421211
93,20092,Total_time_mobile_OFT,-2.7622509497969085e-22,False,-2.7873908328931426e-24
93,20092,Absolute_turn_angle_OFT,0.03227589348040838,True,2.731946975688815e-06
93,20092,Time_inCenter_OFT,-0.022113276466782322,True,-0.0005070938567952937
93,20092,Total_distance_travelled_NOR1,-6.44432766378552e-23,False,-1.0888537626955786e-23
93,20092,Average_speed_NOR1,2.6085858359919517e-06,True,0.0002645674287950654
93,20092,Time_investigating_Piramidka_NOR1,-0.030362690259544096,True,-0.006913454033403109
93,20092,Latency_to_first_investigation_Piramidka_NOR1,-0.03629256755143981,True,-0.0002746897244939871
93,20092,Time_investigating_Stakan_NOR1,1.4098454439653733e-22,False,2.3038298984049668e-23
93,20092,Latency_to_first_investigation_Stakan_NOR1,3.4294637905500583e-23,False,2.9474806373137515e-25
93,20092,Total_distance_travelled_NOR2,-6.757855645882636e-23,False,-1.1239441437950947e-23
93,20092,Average_speed_NOR2,-2.4222286681267e-22,False,-2.4313193577589497e-20
93,20092,Time_investigating_Piramidka_zone_NOR2,9.900232928900834e-24,False,1.1356184677865148e-24
93,20092,Latency_to_first_investigation_Piramidka_zone_NOR2,-0.017234922573897898,True,-0.00012370368889262978
93,20092,Time_investigating_Stakan_zone_NOR2,0.03753753944194035,True,0.007495657018870013
93,20092,Latency_to_first_investigation_Stakan_zone_NOR2,0.037717937977075636,True,0.00034656455837209747
93,20092,Learning_T1mean,1.3473969281851396e-22,False,2.268143570881664e-23
93,20092,Learning_T1max,-0.021686152958221086,True,-0.003258828832530653
93,20092,Learning_T1sum,9.552888651714337e-23,False,4.0202190099837224e-24
93,20092,Learning_T2mean,0.024252348625531224,True,0.003258870323393367
93,20092,Learning_T2max,-2.222718194618915e-22,False,-2.482447042262913e-23
93,20092,Learning_T2sum,0.004523986546656434,True,0.00015197585322529317
93,20092,Learning_T3mean,-0.025468622802309496,True,-0.002072152695123828
93,20092,Learning_T3max,-9.796968981891224e-23,False,-7.281517378959125e-24
93,20092,Learning_T3sum,-0.016939757298943533,True,-0.00034455891092162184
93,20092,EnduranceT,0.0001650880848024503,True,2.7162709596148053e-06
93,20092,rear_support,0.061739173842466875,True,0.006142839624575737
93,20092,rear_nosupport,-0.003499997196695604,True,-0.00045001169171417926
93,20092,Weight,0.016668628120515533,True,0.006916471886425724
93,20092,Grip,0.07197969750591122,True,0.12008481229739909
94,20093,OFT_distance,0.0006947389992359894,True,0.00011520949014713546
94,20093,Average_speed_OFT,-0.012672007727686731,True,-1.2017730145648724
94,20093,Total_time_mobile_OFT,-0.011748951473030424,True,-0.00011903868077404894
94,20093,Absolute_turn_angle_OFT,7.004324625481185e-22,False,6.123326132291021e-26
94,20093,Time_inCenter_OFT,-0.0036632469700021136,True,-8.36356309763099e-05
94,20093,Total_distance_travelled_NOR1,-4.51276894161354e-22,False,-7.844562143735556e-23
94,20093,Average_speed_NOR1,5.524525968573209e-06,True,0.000576072203468992
94,20093,Time_investigating_Piramidka_NOR1,0.00833177702680416,True,0.0017936525945125375
94,20093,Latency_to_first_investigation_Piramidka_NOR1,-0.00024458479973120444,True,-2.1793794269107272e-06
94,20093,Time_investigating_Stakan_NOR1,-9.103831987520444e-22,False,-1.493648425155781e-22
94,20093,Latency_to_first_investigation_Stakan_NOR1,0.012945954495544256,True,0.00011150570940925321
94,20093,Total_distance_travelled_NOR2,-1.0527482602192684e-21,False,-1.744719147241355e-22
94,20093,Average_speed_NOR2,-1.1505179920143974e-21,False,-1.1466767728498345e-19
94,20093,Time_investigating_Piramidka_zone_NOR2,-1.446312009312447e-21,False,-1.8663149892924906e-22
94,20093,Latency_to_first_investigation_Piramidka_zone_NOR2,7.099423856499305e-22,False,5.847535541052201e-24
94,20093,Time_investigating_Stakan_zone_NOR2,0.024665994675023076,True,0.004465010882481918
94,20093,Latency_to_first_investigation_Stakan_zone_NOR2,0.0252186165570592,True,0.0002499071563527004
94,20093,Learning_T1mean,-1.6124500294982836e-21,False,-2.578453914821983e-22
94,20093,Learning_T1max,-1.0864534677124152e-21,False,-1.4173980996359461e-22
94,20093,Learning_T1sum,-1.6124500294937953e-21,False,-6.446134787037014e-23
94,20093,Learning_T2mean,-4.793519103133905e-22,False,-5.501951822923657e-23
94,20093,Learning_T2max,-3.489161928945377e-22,False,-3.445743600537424e-23
94,20093,Learning_T2sum,-4.697046415735862e-22,False,-1.3478053666522044e-23
94,20093,Learning_T3mean,-0.00012910226756483118,True,-9.834742787513727e-06
94,20093,Learning_T3max,-7.151110943695095e-23,False,-4.920510508124474e-24
94,20093,Learning_T3sum,-0.0038947119472516655,True,-7.417276813794542e-05
94,20093,EnduranceT,0.035849732385965,True,0.0005962056610635377
94,20093,rear_support,0.008889537010819194,True,0.0009436226320067193
94,20093,rear_nosupport,9.27360985075076e-22,False,1.0991444261126747e-22
94,20093,Weight,-5.91313876371663e-22,False,-2.3644159438726903e-22
94,20093,Grip,0.01814234057491139,True,0.028084813964806967
95,20094,OFT_distance,0.0015984594930207945,True,0.00029401828079453433
95,20094,Average_speed_OFT,-0.07558977722431677,True,-7.9178454962557465
95,20094,Total_time_mobile_OFT,-0.03647112927180578,True,-0.0003868223029060303
95,20094,Absolute_turn_angle_OFT,0.10980073776183767,True,9.920741415290512e-06
95,20094,Time_inCenter_OFT,-0.07410987101804649,True,-0.0016904205610884793
95,20094,Total_distance_travelled_NOR1,-3.878452050937425e-22,False,-7.683019813766171e-23
95,20094,Average_speed_NOR1,-5.839688098183879e-06,True,-0.0006914491525650495
95,20094,Time_investigating_Piramidka_NOR1,0.0019159104334371382,True,0.00042263724638067634
95,20094,Latency_to_first_investigation_Piramidka_NOR1,-0.04118864394803626,True,-0.0003367086372746896
95,20094,Time_investigating_Stakan_NOR1,0.028189757171066407,True,0.004473597995118256
95,20094,Latency_to_first_investigation_Stakan_NOR1,-1.348335288132023e-21,False,-1.0832446075330697e-23
95,20094,Total_distance_travelled_NOR2,6.429516006505468e-23,False,1.037163510316525e-23
95,20094,Average_speed_NOR2,1.12205145097196e-22,False,1.0924552039262855e-20
95,20094,Time_investigating_Piramidka_zone_NOR2,-0.005092930400806466,True,-0.0007305927988408568
95,20094,Latency_to_first_investigation_Piramidka_zone_NOR2,-7.125924207722756e-22,False,-5.446970118432457e-24
95,20094,Time_investigating_Stakan_zone_NOR2,9.318597121916015e-23,False,1.736341272515481e-23
95,20094,Latency_to_first_investigation_Stakan_zone_NOR2,0.024036849669321212,True,0.0001918107236336661
95,20094,Learning_T1mean,-0.00039224047174072875,True,-7.013869546443505e-05
95,20094,Learning_T1max,-0.02032375643300597,True,-0.00316579661333629
95,20094,Learning_T1sum,-0.0003922404717407103,True,-1.753467386610794e-05
95,20094,Learning_T2mean,0.010960836360797472,True,0.001313725055942617
95,20094,Learning_T2max,0.017585462326932654,True,0.001825484911475558
95,20094,Learning_T2sum,2.0357953040240552e-22,False,6.100071225477482e-24
95,20094,Learning_T3mean,-0.004730027304486521,True,-0.0003630119762421133
95,20094,Learning_T3max,4.972269900498222e-22,False,3.4353251298059493e-23
95,20094,Learning_T3sum,-0.0053619868117361896,True,-0.00010287812859273787
95,20094,EnduranceT,0.02700186956369584,True,0.000429378085733575
95,20094,rear_support,0.05301985571276332,True,0.007391594610628485
95,20094,rear_nosupport,-0.021882169906130258,True,-0.002868890854930673
95,20094,Weight,0.039518599298034765,True,0.01837889444678081
95,20094,Grip,0.08014902733052691,True,0.13041861012196265
96,20095,OFT_distance,0.000957317441774999,True,0.0001450903857801656
96,20095,Average_speed_OFT,-0.03581658600788839,True,-3.1452097602254225
96,20095,Total_time_mobile_OFT,-0.0008812811974718741,True,-8.467318496022027e-06
96,20095,Absolute_turn_angle_OFT,0.08359593510952139,True,6.946559377908946e-06
96,20095,Time_inCenter_OFT,-0.08395990040763707,True,-0.0021334709922342923
96,20095,Total_distance_travelled_NOR1,9.867444040865653e-21,False,1.6554139068549612e-21
96,20095,Average_speed_NOR1,3.432541973061865e-06,True,0.0003457675622453242
96,20095,Time_investigating_Piramidka_NOR1,1.0919551284448038e-19,False,2.2176310026177087e-20
96,20095,Latency_to_first_investigation_Piramidka_NOR1,-0.020740816153353644,True,-0.00017052642165747497
96,20095,Time_investigating_Stakan_NOR1,0.014023746973549814,True,0.0021234817228671394
96,20095,Latency_to_first_investigation_Stakan_NOR1,1.4891573517995153e-19,False,1.1980665218104817e-21
96,20095,Total_distance_travelled_NOR2,-1.6964270741467333e-19,False,-2.6891244404894532e-20
96,20095,Average_speed_NOR2,-1.721723579419792e-19,False,-1.6435443639829503e-17
96,20095,Time_investigating_Piramidka_zone_NOR2,-0.0072842361175561145,True,-0.0008278003323275671
96,20095,Latency_to_first_investigation_Piramidka_zone_NOR2,2.5147018993417273e-19,False,1.845128717372072e-21
96,20095,Time_investigating_Stakan_zone_NOR2,0.008738950016088414,True,0.0015452654961176091
96,20095,Latency_to_first_investigation_Stakan_zone_NOR2,0.035803356013123434,True,0.0003074592862345355
96,20095,Learning_T1mean,1.4975986638687611e-19,False,2.3778273454863397e-20
96,20095,Learning_T1max,3.431439659365686e-19,False,4.4291112796716324e-20
96,20095,Learning_T1sum,1.4975986638715853e-19,False,5.9445683637270594e-21
96,20095,Learning_T2mean,-5.913237201642232e-20,False,-6.619917235995549e-21
96,20095,Learning_T2max,0.01501948419427395,True,0.0014945109218393328
96,20095,Learning_T2sum,-1.1346673389587266e-19,False,-3.1756733317784046e-21
96,20095,Learning_T3mean,-0.03204453779743797,True,-0.002402129692935001
96,20095,Learning_T3max,-6.597327340644155e-20,False,-4.4667085247372604e-21
96,20095,Learning_T3sum,-0.0179798580246679,True,-0.00033695251831080824
96,20095,EnduranceT,0.014367279399436788,True,0.00022349914204373433
96,20095,rear_support,0.017846893588573425,True,0.0017021915720230915
96,20095,rear_nosupport,9.009380807929133e-20,False,1.0814821777368549e-20
96,20095,Weight,0.009051219747150995,True,0.0036332867357160045
96,20095,Grip,0.07842486216721424,True,0.12371589244836369
97,20096,OFT_distance,0.0022851871073393958,True,0.0003675315377488505
97,20096,Average_speed_OFT,-0.02458622917908571,True,-2.237806606982231
97,20096,Total_time_mobile_OFT,-0.01010361428105065,True,-0.0001027343362132216
97,20096,Absolute_turn_angle_OFT,0.04747244021524667,True,4.416799353770999e-06
97,20096,Time_inCenter_OFT,-0.023051040072471028,True,-0.0006545876586225278
97,20096,Total_distance_travelled_NOR1,-2.1003482723661785e-21,False,-4.05607223429133e-22
97,20096,Average_speed_NOR1,-8.253971789958561e-07,False,-9.576934446605732e-05
97,20096,Time_investigating_Piramidka_NOR1,-0.005514954291439908,True,-0.0011919380655009049
97,20096,Latency_to_first_investigation_Piramidka_NOR1,-0.02498306724817383,True,-0.00020766303497329745
97,20096,Time_investigating_Stakan_NOR1,1.307360036153353e-21,False,2.207391660470092e-22
97,20096,Latency_to_first_investigation_Stakan_NOR1,3.790724217294916e-21,False,3.000091449915252e-23
97,20096,Total_distance_travelled_NOR2,-2.980361918502485e-21,False,-6.298832133955977e-22
97,20096,Average_speed_NOR2,-3.5608028221107255e-21,False,-4.531745057766137e-19
97,20096,Time_investigating_Piramidka_zone_NOR2,-0.007012717605985552,True,-0.000844972838826407
97,20096,Latency_to_first_investigation_Piramidka_zone_NOR2,-0.02921888151191465,True,-0.00019568174843795865
97,20096,Time_investigating_Stakan_zone_NOR2,6.347222074801132e-21,False,1.2468810435025105e-21
97,20096,Latency_to_first_investigation_Stakan_zone_NOR2,0.03413755057784253,True,0.00027470134288081394
97,20096,Learning_T1mean,-1.65019207829285e-21,False,-2.7800335609474177e-22
97,20096,Learning_T1max,-0.022001549609729297,True,-0.0028826772239194083
97,20096,Learning_T1sum,-1.6884201639391538e-21,False,-7.111088434000765e-23
97,20096,Learning_T2mean,0.029413153486820925,True,0.0033883117839016525
97,20096,Learning_T2max,0.0006517191659427959,True,6.738662221332472e-05
97,20096,Learning_T2sum,0.0294131534868208,True,0.0008470779459754096
97,20096,Learning_T3mean,-0.01464783961452373,True,-0.0011444783469397863
97,20096,Learning_T3max,-8.457865138648092e-22,False,-5.909336512131337e-23
97,20096,Learning_T3sum,-0.008472047467341044,True,-0.0001654864323986037
97,20096,EnduranceT,0.003894720052929669,True,7.064102050928541e-05
97,20096,rear_support,0.049910070392343825,True,0.004929965113072926
97,20096,rear_nosupport,-0.023387050015219076,True,-0.0029242415685627014
97,20096,Weight,-0.006042445978672821,True,-0.002335422213992287
97,20096,Grip,0.10113026378955116,True,0.17446293382461117
98,20097,OFT_distance,0.0016888908860364618,True,0.0002774291637250121
98,20097,Average_speed_OFT,-0.04016022034758001,True,-3.897002268160298
98,20097,Total_time_mobile_OFT,-0.020664377874732964,True,-0.00020854876187686677
98,20097,Absolute_turn_angle_OFT,0.030712618855774823,True,2.6871270369327017e-06
98,20097,Time_inCenter_OFT,-0.06595242484166555,True,-0.0016150147425421485
98,20097,Total_distance_travelled_NOR1,-2.7350864401686177e-22,False,-5.517756533157711e-23
98,20097,Average_speed_NOR1,3.687142792614583e-05,True,0.004458484082767681
98,20097,Time_investigating_Piramidka_NOR1,1.04920149778442e-22,False,2.9732825275736873e-23
98,20097,Latency_to_first_investigation_Piramidka_NOR1,-0.04190765668858117,True,-0.00032233675021468454
98,20097,Time_investigating_Stakan_NOR1,0.005335070974573923,True,0.0010435738753394716
98,20097,Latency_to_first_investigation_Stakan_NOR1,0.009204371113185016,True,7.438574217536117e-05
98,20097,Total_distance_travelled_NOR2,0.004705975922710134,True,0.0008220755034291906
98,20097,Average_speed_NOR2,0.008807488102899226,True,0.924598662314723
98,20097,Time_investigating_Piramidka_zone_NOR2,-0.032482239984772385,True,-0.004644152608945215
98,20097,Latency_to_first_investigation_Piramidka_zone_NOR2,-0.02702696353179769,True,-0.0001889464334946125
98,20097,Time_investigating_Stakan_zone_NOR2,0.012462751099260077,True,0.002826243099461225
98,20097,Latency_to_first_investigation_Stakan_zone_NOR2,0.034619648091058844,True,0.00028565765156598105
98,20097,Learning_T1mean,-3.454255670374151e-22,False,-5.735290351008848e-23
98,20097,Learning_T1max,-0.01773777994271473,True,-0.0023209229527997033
98,20097,Learning_T1sum,-2.630772048339162e-22,False,-1.0920038196614643e-23
98,20097,Learning_T2mean,-1.836628798404158e-23,False,-2.1988294419571146e-24
98,20097,Learning_T2max,-3.25039548840454e-24,False,-3.2524131146003243e-25
98,20097,Learning_T2sum,1.3084060074164474e-22,False,3.916090248667325e-24
98,20097,Learning_T3mean,9.587917853267715e-23,False,8.451879945608551e-24
98,20097,Learning_T3max,2.1640077157891706e-22,False,1.7055825881206844e-23
98,20097,Learning_T3sum,3.659303630561355e-23,False,8.064314756173397e-25
98,20097,EnduranceT,1.158882530448429e-22,False,2.012054796517228e-24
98,20097,rear_support,0.06207226792346618,True,0.006516186544896573
98,20097,rear_nosupport,-0.012333792868037763,True,-0.0015961201637570584
98,20097,Weight,0.00942785451536878,True,0.003866061796561094
98,20097,Grip,0.06166588667294437,True,0.10870104931703282
99,20098,OFT_distance,0.0008357754293213947,True,0.00014955491821724937
99,20098,Average_speed_OFT,5.165405938508718e-21,False,5.522488078291853e-19
99,20098,Total_time_mobile_OFT,3.403892768812339e-21,False,4.009582696714415e-23
99,20098,Absolute_turn_angle_OFT,0.003083947435823169,True,3.02339801944287e-07
99,20098,Time_inCenter_OFT,-0.03668122944799297,True,-0.001013891615317295
99,20098,Total_distance_travelled_NOR1,6.3095471553041736e-21,False,1.1498112470412861e-21
99,20098,Average_speed_NOR1,3.42423989817212e-05,True,0.0037383211746250663
99,20098,Time_investigating_Piramidka_NOR1,-9.473690770667441e-21,False,-2.209832077805909e-21
99,20098,Latency_to_first_investigation_Piramidka_NOR1,-0.05068062212757176,True,-0.0004174303927622405
99,20098,Time_investigating_Stakan_NOR1,-3.0853819512503385e-21,False,-5.224947445995617e-22
99,20098,Latency_to_first_investigation_Stakan_NOR1,0.028662195151509466,True,0.00023088052992307454
99,20098,Total_distance_travelled_NOR2,-2.5991822874536706e-22,False,-4.31815240199057e-23
99,20098,Average_speed_NOR2,-3.0769358684737563e-22,False,-3.082933450098364e-20
99,20098,Time_investigating_Piramidka_zone_NOR2,-0.0026545883287518606,True,-0.00037427491431384476
99,20098,Latency_to_first_investigation_Piramidka_zone_NOR2,1.3947282052241498e-21,False,9.650762297146365e-24
99,20098,Time_investigating_Stakan_zone_NOR2,0.006958601996723355,True,0.0013085014758528887
99,20098,Latency_to_first_investigation_Stakan_zone_NOR2,0.020115706495324567,True,0.00015833666310425875
99,20098,Learning_T1mean,-0.007078014308670537,True,-0.0013097826015339878
99,20098,Learning_T1max,-0.03769018367433259,True,-0.005562607681993308
99,20098,Learning_T1sum,-0.007078014308670469,True,-0.00032744565038349385
99,20098,Learning_T2mean,-5.6630400154790405e-21,False,-7.263317392083911e-22
99,20098,Learning_T2max,0.019943804819349986,True,0.0022457272239461627
99,20098,Learning_T2sum,-5.135145651806592e-21,False,-1.6465622978869155e-22
99,20098,Learning_T3mean,1.0044908167996597e-21,False,8.464220042851568e-23
99,20098,Learning_T3max,4.606789274453109e-22,False,3.396691454681238e-23
99,20098,Learning_T3sum,-0.000496094673763843,True,-1.0450704004945892e-05
99,20098,EnduranceT,0.02452343102830707,True,0.00039778569147819106
99,20098,rear_support,0.04325213070806443,True,0.005270733066469128
99,20098,rear_nosupport,0.00551216783881068,True,0.0006942482414650243
99,20098,Weight,-0.013558228707840625,True,-0.006044189978475055
99,20098,Grip,0.027333441485998877,True,0.04379248465480166
100,20099,OFT_distance,0.0021174673581177313,True,0.0003313742198058067
100,20099,Average_speed_OFT,-0.048795078647648205,True,-4.365815190900542
100,20099,Total_time_mobile_OFT,1.2044980502663998e-21,False,1.1785996594459764e-23
100,20099,Absolute_turn_angle_OFT,-1.2942109824297988e-22,False,-1.0555133363238904e-26
100,20099,Time_inCenter_OFT,-0.028324627231547425,True,-0.0006907052877524178
100,20099,Total_distance_travelled_NOR1,8.119598398192076e-22,False,1.3600124309680595e-22
100,20099,Average_speed_NOR1,-5.695188162326851e-06,True,-0.0005730999801074987
100,20099,Time_investigating_Piramidka_NOR1,0.03889709639462712,True,0.008919975131549013
100,20099,Latency_to_first_investigation_Piramidka_NOR1,-0.028095923539096977,True,-0.00021937001566527803
100,20099,Time_investigating_Stakan_NOR1,-1.192457575239574e-22,False,-2.074228275001123e-23
100,20099,Latency_to_first_investigation_Stakan_NOR1,-1.0556591696140398e-21,False,-8.510377678808085e-24
100,20099,Total_distance_travelled_NOR2,1.945531335593219e-22,False,3.25655553349813e-23
100,20099,Average_speed_NOR2,2.7999897353326074e-22,False,2.814615107672542e-20
100,20099,Time_investigating_Piramidka_zone_NOR2,-0.049760342184398364,True,-0.006401238155788027
100,20099,Latency_to_first_investigation_Piramidka_zone_NOR2,-0.013738616133762796,True,-9.643831811719676e-05
100,20099,Time_investigating_Stakan_zone_NOR2,-1.2935729702106242e-21,False,-2.7194931930334493e-22
100,20099,Latency_to_first_investigation_Stakan_zone_NOR2,0.015076166292575143,True,0.00012371925119475402
100,20099,Learning_T1mean,2.983727174345544e-22,False,4.8072082427120224e-23
100,20099,Learning_T1max,-0.0033699087717745523,True,-0.00043778080778807154
100,20099,Learning_T1sum,2.983727174345544e-22,False,1.2018020606780056e-23
100,20099,Learning_T2mean,1.2288006169943527e-21,False,1.4043054773532274e-22
100,20099,Learning_T2max,1.1690431466968e-21,False,1.161612270954474e-22
100,20099,Learning_T2sum,1.1974314565812749e-21,False,3.421139951380464e-23
100,20099,Learning_T3mean,9.375903646905465e-22,False,7.126776707258193e-23
100,20099,Learning_T3max,8.0490791366599575e-22,False,5.543528120591038e-23
100,20099,Learning_T3sum,1.0668819601611038e-21,False,2.0273857831238603e-23
100,20099,EnduranceT,-2.899391254525179e-22,False,-4.8169217099701804e-24
100,20099,rear_support,0.04828745381424305,True,0.004543325342648633
100,20099,rear_nosupport,-0.005608727787831457,True,-0.0006708383194866888
100,20099,Weight,0.004819688805181419,True,0.0018702757214777565
100,20099,Grip,0.022736611781337273,True,0.033914647509142144
101,20100,OFT_distance,0.0019714747782129953,True,0.0003227823038102591
101,20100,Average_speed_OFT,-0.04583890054437054,True,-4.329999152450389
101,20100,Total_time_mobile_OFT,-4.117256517475502e-21,False,-4.7086835640906534e-23
101,20100,Absolute_turn_angle_OFT,0.04884251155629945,True,4.677026955359315e-06
101,20100,Time_inCenter_OFT,-0.01752211041623281,True,-0.00041129976542700016
101,20100,Total_distance_travelled_NOR1,-7.792438487897088e-22,False,-1.3264663456505198e-22
101,20100,Average_speed_NOR1,9.955735665458712e-06,True,0.0010177362174860532
101,20100,Time_investigating_Piramidka_NOR1,0.007103478411959382,True,0.0014523002078892211
101,20100,Latency_to_first_investigation_Piramidka_NOR1,4.346436090308081e-21,False,3.7462609927320264e-23
101,20100,Time_investigating_Stakan_NOR1,0.027692346422596464,True,0.004181451723215969
101,20100,Latency_to_first_investigation_Stakan_NOR1,0.019184741290934493,True,0.00015442791380124735
101,20100,Total_distance_travelled_NOR2,-2.1943491966973277e-21,False,-3.477203418821621e-22
101,20100,Average_speed_NOR2,-2.4063166637515548e-21,False,-2.301631948714104e-19
101,20100,Time_investigating_Piramidka_zone_NOR2,-2.973003366497543e-22,False,-3.3509973940771283e-23
101,20100,Latency_to_first_investigation_Piramidka_zone_NOR2,-0.02507306460277387,True,-0.00016895029362094634
101,20100,Time_investigating_Stakan_zone_NOR2,1.5488088502772059e-21,False,2.8117495802526413e-22
101,20100,Latency_to_first_investigation_Stakan_zone_NOR2,0.03249385572044433,True,0.0002705503721863711
101,20100,Learning_T1mean,-7.748911473560544e-22,False,-1.3950245173892377e-22
101,20100,Learning_T1max,-0.047943821502034877,True,-0.006725243764543657
101,20100,Learning_T1sum,-7.748913092519687e-22,False,-3.4875620221198544e-23
101,20100,Learning_T2mean,0.0014872071900266424,True,0.00018474806201724384
101,20100,Learning_T2max,-2.3427976973695554e-22,False,-2.4643005342128268e-23
101,20100,Learning_T2sum,0.026028065913915977,True,0.000808333023115447
101,20100,Learning_T3mean,-0.006448804976310166,True,-0.000538509370428778
101,20100,Learning_T3max,-0.008697350228580389,True,-0.0006617282426744069
101,20100,Learning_T3sum,-0.003053073955913941,True,-6.37369613405657e-05
101,20100,EnduranceT,0.00868520187787832,True,0.00014532304782224333
101,20100,rear_support,0.07309120564966508,True,0.007195201935189052
101,20100,rear_nosupport,-0.0063951681753806975,True,-0.0008191074043780292
101,20100,Weight,-0.03192971445314288,True,-0.012669240479281373
101,20100,Grip,0.11306892451941769,True,0.1736999314270438
102,20101,OFT_distance,0.0013917825987468937,True,0.00021495840481728948
102,20101,Average_speed_OFT,-0.005014964923932649,True,-0.4505020086267039
102,20101,Total_time_mobile_OFT,-0.00314722240416302,True,-3.062146403394213e-05
102,20101,Absolute_turn_angle_OFT,0.024050232275466345,True,2.0039702560968983e-06
102,20101,Time_inCenter_OFT,-0.027111405693920464,True,-0.0006782431580718243
102,20101,Total_distance_travelled_NOR1,5.636327973360956e-23,False,9.268751373336338e-24
102,20101,Average_speed_NOR1,4.238758932632795e-06,True,0.0004179630175235064
102,20101,Time_investigating_Piramidka_NOR1,-0.03259649862772771,True,-0.0066357467066983835
102,20101,Latency_to_first_investigation_Piramidka_NOR1,-0.0439206817849703,True,-0.00033445203582842514
102,20101,Time_investigating_Stakan_NOR1,1.813188838521678e-22,False,2.773268082741433e-23
102,20101,Latency_to_first_investigation_Stakan_NOR1,-3.269841292099992e-22,False,-2.6117004264604888e-24
102,20101,Total_distance_travelled_NOR2,4.295933466938581e-22,False,6.921157435926368e-23
102,20101,Average_speed_NOR2,4.412697591500903e-22,False,4.283977228149033e-20
102,20101,Time_investigating_Piramidka_zone_NOR2,4.97693400656315e-22,False,5.694318695807034e-23
102,20101,Latency_to_first_investigation_Piramidka_zone_NOR2,-0.006820260652322271,True,-5.0706846057365685e-05
102,20101,Time_investigating_Stakan_zone_NOR2,0.017078297001321577,True,0.0030566958182854757
102,20101,Latency_to_first_investigation_Stakan_zone_NOR2,0.02637944343538083,True,0.00025349703515304783
102,20101,Learning_T1mean,2.189145105907021e-22,False,3.6181614104952344e-23
102,20101,Learning_T1max,-0.008944946553750794,True,-0.0012524886590142294
102,20101,Learning_T1sum,1.7921579954252145e-22,False,7.4050789084986e-24
102,20101,Learning_T2mean,0.015766734229717933,True,0.0019800744513012764
102,20101,Learning_T2max,1.5056846970467757e-23,False,1.5423387286259445e-24
102,20101,Learning_T2sum,0.009013673956316411,True,0.0002829968662695775
102,20101,Learning_T3mean,-0.0077657272802912685,True,-0.0006095316252210667
102,20101,Learning_T3max,-7.327473574359556e-25,False,-5.251206029309656e-26
102,20101,Learning_T3sum,-0.0046251343996078775,True,-9.075665374618698e-05
102,20101,EnduranceT,-5.613246719644515e-22,False,-9.509684073595429e-24
102,20101,rear_support,0.010980913911362336,True,0.001052909975960148
102,20101,rear_nosupport,-0.02389297148380578,True,-0.002991205542147123
102,20101,Weight,0.005032517564994805,True,0.0019566378036516376
102,20101,Grip,0.03679597127042197,True,0.06109883656405125
103,20102,OFT_distance,0.0006748857373811264,True,0.00011299936129146125
103,20102,Average_speed_OFT,-0.012590693713052048,True,-1.2217552974764012
103,20102,Total_time_mobile_OFT,4.837610835040926e-22,False,4.9289307152543584e-24
103,20102,Absolute_turn_angle_OFT,-2.403747098924847e-21,False,-2.0995290679610606e-25
103,20102,Time_inCenter_OFT,-1.0475419546427563e-22,False,-2.3718396428031772e-24
103,20102,Total_distance_travelled_NOR1,1.2434290931970181e-21,False,2.8700698048582646e-22
103,20102,Average_speed_NOR1,8.375642093253962e-06,True,0.0011582656904711457
103,20102,Time_investigating_Piramidka_NOR1,5.30903876257522e-22,False,1.4553702285590027e-22
103,20102,Latency_to_first_investigation_Piramidka_NOR1,-0.016457307400902885,True,-0.00012655742219475053
103,20102,Time_investigating_Stakan_NOR1,3.545443380422945e-21,False,8.121976411288237e-22
103,20102,Latency_to_first_investigation_Stakan_NOR1,-1.5189794159974854e-21,False,-1.2024291306871171e-23
103,20102,Total_distance_travelled_NOR2,2.8109525322792763e-21,False,6.489826509476235e-22
103,20102,Average_speed_NOR2,2.430627343669855e-21,False,3.36877300297781e-19
103,20102,Time_investigating_Piramidka_zone_NOR2,2.4902450303464194e-21,False,4.0015187211680247e-22
103,20102,Latency_to_first_investigation_Piramidka_zone_NOR2,1.7550055972792593e-21,False,1.1853620247072141e-23
103,20102,Time_investigating_Stakan_zone_NOR2,0.0009807240752136397,True,0.00020135523925347897
103,20102,Latency_to_first_investigation_Stakan_zone_NOR2,3.518179866004865e-21,False,2.8471945048103364e-23
103,20102,Learning_T1mean,2.111685654708818e-21,False,3.5566643936696025e-22
103,20102,Learning_T1max,-0.008478004276910322,True,-0.0011280903989732778
103,20102,Learning_T1sum,2.1116856959661167e-21,False,8.891661157895845e-23
103,20102,Learning_T2mean,0.009314859347053488,True,0.0011125386453019047
103,20102,Learning_T2max,1.278417550612454e-23,False,1.3319048689862205e-24
103,20102,Learning_T2sum,0.009314859347053478,True,0.00027813466132547586
103,20102,Learning_T3mean,1.002836493804889e-21,False,7.897250017618279e-23
103,20102,Learning_T3max,1.207156231928797e-21,False,8.375185047372675e-23
103,20102,Learning_T3sum,1.04781993923352e-21,False,2.062872682808115e-23
103,20102,EnduranceT,1.1387596989205113e-21,False,2.143745823585432e-23
103,20102,rear_support,0.006439708475548563,True,0.0006975399542096026
103,20102,rear_nosupport,-0.013297619166639267,True,-0.0016528763636067612
103,20102,Weight,0.01169114472317236,True,0.00496362622215178
103,20102,Grip,0.007173434570508052,True,0.012352206509495074
104,20103,OFT_distance,0.0011063427454835876,True,0.00019591404489846114
104,20103,Average_speed_OFT,-0.02527787594786823,True,-2.4854842488066087
104,20103,Total_time_mobile_OFT,-0.005267061012930674,True,-5.725663716787301e-05
104,20103,Absolute_turn_angle_OFT,0.00371455657417125,True,3.386619181861461e-07
104,20103,Time_inCenter_OFT,-0.007686197714284336,True,-0.0001748283425063643
104,20103,Total_distance_travelled_NOR1,6.753950144733255e-22,False,1.1998617222101795e-22
104,20103,Average_speed_NOR1,-2.491319081998412e-06,True,-0.0002659137020572772
104,20103,Time_investigating_Piramidka_NOR1,8.512837535325374e-22,False,1.7379856666486154e-22
104,20103,Latency_to_first_investigation_Piramidka_NOR1,-0.009867228971840326,True,-8.713490931143361e-05
104,20103,Time_investigating_Stakan_NOR1,7.445311188847134e-22,False,1.1696146382059425e-22
104,20103,Latency_to_first_investigation_Stakan_NOR1,-5.780715712955436e-22,False,-4.908922101260395e-24
104,20103,Total_distance_travelled_NOR2,-1.734352345413039e-22,False,-2.9067786004175285e-23
104,20103,Average_speed_NOR2,-8.314940644915917e-23,False,-8.392722312345416e-21
104,20103,Time_investigating_Piramidka_zone_NOR2,1.8613727169998037e-22,False,2.4435917472238705e-23
104,20103,Latency_to_first_investigation_Piramidka_zone_NOR2,9.169138497780022e-23,False,8.292377550758682e-25
104,20103,Time_investigating_Stakan_zone_NOR2,0.0285583792231556,True,0.0052241753917768
104,20103,Latency_to_first_investigation_Stakan_zone_NOR2,0.016321528013576305,True,0.00014446013760462546
104,20103,Learning_T1mean,-3.5630412173733496e-23,False,-6.1638601464211434e-24
104,20103,Learning_T1max,-0.006314775398650304,True,-0.0008885877361213268
104,20103,Learning_T1sum,-3.563039237260506e-23,False,-1.5409641802344288e-24
104,20103,Learning_T2mean,0.01036478541695774,True,0.0012313569946013241
104,20103,Learning_T2max,7.655415311178646e-23,False,7.723107412239813e-24
104,20103,Learning_T2sum,0.00187635556645928,True,5.5728687526387024e-05
104,20103,Learning_T3mean,-1.55836175549323e-22,False,-1.3352041840075087e-23
104,20103,Learning_T3max,-1.3232104410790685e-22,False,-1.0475662414366475e-23
104,20103,Learning_T3sum,-5.527758152915888e-23,False,-1.1840456472859991e-24
104,20103,EnduranceT,0.0174849776320767,True,0.0003004699519328728
104,20103,rear_support,7.86870511402897e-23,False,8.570108987401654e-24
104,20103,rear_nosupport,-0.003054200106527544,True,-0.000386197446858578
104,20103,Weight,0.035690171476519705,True,0.014766549934886714
104,20103,Grip,0.03549742379831796,True,0.054498114565966434
105,20104,OFT_distance,0.0013645595579859214,True,0.00021441098235525563
105,20104,Average_speed_OFT,-5.540627944575625e-23,False,-5.063957081663727e-21
105,20104,Total_time_mobile_OFT,1.4889824744257354e-21,False,1.4448255885386798e-23
105,20104,Absolute_turn_angle_OFT,-8.1133936863013e-23,False,-6.703977200459782e-27
105,20104,Time_inCenter_OFT,-0.029902689029080404,True,-0.0006828188514412695
105,20104,Total_distance_travelled_NOR1,4.049147893347321e-22,False,7.123964754255734e-23
105,20104,Average_speed_NOR1,-6.956961391631804e-06,True,-0.0007363788998950032
105,20104,Time_investigating_Piramidka_NOR1,0.010681107839204751,True,0.0024627959014017187
105,20104,Latency_to_first_investigation_Piramidka_NOR1,-0.02899145413287635,True,-0.00022274388951069646
105,20104,Time_investigating_Stakan_NOR1,1.079593816203278e-22,False,1.834205760805305e-23
105,20104,Latency_to_first_investigation_Stakan_NOR1,-2.7698934725069154e-22,False,-2.190269980009996e-24
105,20104,Total_distance_travelled_NOR2,5.072465817239705e-22,False,8.457275437934402e-23
105,20104,Average_speed_NOR2,5.841620229505171e-22,False,5.858643461786521e-20
105,20104,Time_investigating_Piramidka_zone_NOR2,4.310274331064417e-22,False,5.643523644829653e-23
105,20104,Latency_to_first_investigation_Piramidka_zone_NOR2,-7.62821656098185e-22,False,-5.515045158698304e-24
105,20104,Time_investigating_Stakan_zone_NOR2,0.010673300552654374,True,0.0021331001870213075
105,20104,Latency_to_first_investigation_Stakan_zone_NOR2,0.020281370211078488,True,0.00018353775916119116
105,20104,Learning_T1mean,1.2802998016745552e-21,False,2.2927417165593275e-22
105,20104,Learning_T1max,-0.01328739963683237,True,-0.0018575049765547458
105,20104,Learning_T1sum,1.300729826382227e-21,False,5.823318747333468e-23
105,20104,Learning_T2mean,3.255075575485812e-21,False,3.9839226709304366e-22
105,20104,Learning_T2max,3.5166365098942474e-21,False,3.6456923522562537e-22
105,20104,Learning_T2sum,3.1837131670647536e-21,False,9.741453592913896e-23
105,20104,Learning_T3mean,2.5132614340487485e-21,False,2.2106030413101804e-22
105,20104,Learning_T3max,2.4547864355386042e-21,False,2.000260409261673e-22
105,20104,Learning_T3sum,2.60549606026384e-21,False,5.72932588399916e-23
105,20104,EnduranceT,1.9759528384473122e-21,False,3.3954975225299054e-23
105,20104,rear_support,0.006256066738548441,True,0.0006024568863617427
105,20104,rear_nosupport,-0.008789829636866997,True,-0.0011416628814336866
105,20104,Weight,0.009974989431390188,True,0.004006731741635486
105,20104,Grip,0.013693428319778874,True,0.019894184400426267
106,20105,OFT_distance,0.0012011861112093583,True,0.0001923105318241627
106,20105,Average_speed_OFT,-0.02161536376477231,True,-1.967402300401503
106,20105,Total_time_mobile_OFT,-0.0011274322123815443,True,-1.1319066137206193e-05
106,20105,Absolute_turn_angle_OFT,-4.411614080399642e-22,False,-3.6499050069153497e-26
106,20105,Time_inCenter_OFT,-0.015559999383949015,True,-0.0003489396509827914
106,20105,Total_distance_travelled_NOR1,-3.911468264531617e-23,False,-6.786792425113925e-24
106,20105,Average_speed_NOR1,3.941153154511961e-06,True,0.0004116176450675229
106,20105,Time_investigating_Piramidka_NOR1,0.014067252386808034,True,0.0030879570996341014
106,20105,Latency_to_first_investigation_Piramidka_NOR1,-0.03705246785879481,True,-0.0003261490954598026
106,20105,Time_investigating_Stakan_NOR1,-0.046027180163162915,True,-0.007910776591510465
106,20105,Latency_to_first_investigation_Stakan_NOR1,-5.935280230088087e-22,False,-4.7110893512346864e-24
106,20105,Total_distance_travelled_NOR2,9.656646970530159e-23,False,1.5830124449926384e-23
106,20105,Average_speed_NOR2,1.2337600485017571e-22,False,1.2127686284990128e-20
106,20105,Time_investigating_Piramidka_zone_NOR2,5.09770277956598e-22,False,6.694237366403542e-23
106,20105,Latency_to_first_investigation_Piramidka_zone_NOR2,-4.2089287525834225e-22,False,-3.236260090561538e-24
106,20105,Time_investigating_Stakan_zone_NOR2,0.036210633553517516,True,0.007081744969961287
106,20105,Latency_to_first_investigation_Stakan_zone_NOR2,0.03501349801863234,True,0.0003047356276918717
106,20105,Learning_T1mean,-1.7165517371142753e-21,False,-2.849218108475743e-22
106,20105,Learning_T1max,-1.8218969751649544e-21,False,-2.3966649783423104e-22
106,20105,Learning_T1sum,-1.7165517371054e-21,False,-7.123045271152528e-23
106,20105,Learning_T2mean,-2.1410181656759805e-21,False,-2.5395165597493185e-22
106,20105,Learning_T2max,-1.8547129578234292e-21,False,-1.9676328549817501e-22
106,20105,Learning_T2sum,-1.76781751960619e-21,False,-5.2421342537248543e-23
106,20105,Learning_T3mean,-0.00850570360563803,True,-0.0006637863236542392
106,20105,Learning_T3max,-0.0024338631754379954,True,-0.0001706831648412554
106,20105,Learning_T3sum,-0.008062681564687653,True,-0.0001573032050832134
106,20105,EnduranceT,0.027134369448670217,True,0.0004803400290580992
106,20105,rear_support,0.028627427572285043,True,0.0027997664244240306
106,20105,rear_nosupport,-0.02717873181792691,True,-0.003329530961225885
106,20105,Weight,0.017150790509690865,True,0.006592544366268511
106,20105,Grip,0.01990640378066818,True,0.029472212062418863
107,20106,OFT_distance,-0.0013002461636311268,True,-0.00024844326537968393
107,20106,Average_speed_OFT,-0.028861527970577828,True,-3.275700490270299
107,20106,Total_time_mobile_OFT,-0.010563092546122609,True,-0.00013363935924221794
107,20106,Absolute_turn_angle_OFT,0.008460662692940372,True,7.918002319189075e-07
107,20106,Time_inCenter_OFT,-0.00528473723866929,True,-0.00012387830357338272
107,20106,Total_distance_travelled_NOR1,-3.163962198168619e-21,False,-5.4620945663806985e-22
107,20106,Average_speed_NOR1,5.853363004764057e-06,True,0.0006052704986100531
107,20106,Time_investigating_Piramidka_NOR1,1.92007782070059e-21,False,3.942860150192331e-22
107,20106,Latency_to_first_investigation_Piramidka_NOR1,7.275731151423599e-22,False,5.764204698687424e-24
107,20106,Time_investigating_Stakan_NOR1,0.012899463763416929,True,0.00206250543702537
107,20106,Latency_to_first_investigation_Stakan_NOR1,0.03548431025029811,True,0.0002986269671642845
107,20106,Total_distance_travelled_NOR2,6.573388319967923e-22,False,1.0652150349877707e-22
107,20106,Average_speed_NOR2,8.178986634135456e-22,False,8.021950257915113e-20
107,20106,Time_investigating_Piramidka_zone_NOR2,1.5640872721291268e-21,False,2.0131398080685442e-22
107,20106,Latency_to_first_investigation_Piramidka_zone_NOR2,-1.6245853407344303e-21,False,-1.1332220756223486e-23
107,20106,Time_investigating_Stakan_zone_NOR2,0.0645755283547841,True,0.011767325646459312
107,20106,Latency_to_first_investigation_Stakan_zone_NOR2,0.02421794790579241,True,0.00020823266005630349
107,20106,Learning_T1mean,3.766010481534057e-22,False,6.613523647588831e-23
107,20106,Learning_T1max,-0.026554401225340238,True,-0.0038489487673597513
107,20106,Learning_T1sum,4.156077362680796e-22,False,1.824630869594773e-23
107,20106,Learning_T2mean,0.008626219671190158,True,0.0011042456155714332
107,20106,Learning_T2max,-1.0570615099802223e-21,False,-1.1598966486176577e-22
107,20106,Learning_T2sum,0.0032562147408739224,True,0.00010420731757440299
107,20106,Learning_T3mean,-0.007760471195625029,True,-0.000653822916068937
107,20106,Learning_T3max,2.892182556921637e-22,False,2.19788698863247e-23
107,20106,Learning_T3sum,-0.010029488088660722,True,-0.000211247132535703
107,20106,EnduranceT,0.00013358633441856358,True,2.379806779572469e-06
107,20106,rear_support,0.03222671657444805,True,0.003735700640635475
107,20106,rear_nosupport,-2.7029610985278466e-21,False,-3.6952784811198974e-22
107,20106,Weight,0.010818986676915885,True,0.00485588912441165
107,20106,Grip,0.03028639094489427,True,0.04411152383135317
108,20107,OFT_distance,0.0009405661825133096,True,0.00015266933656662532
108,20107,Average_speed_OFT,-0.03930924910208371,True,-3.726109317164328
108,20107,Total_time_mobile_OFT,-3.8488494607462127e-22,False,-3.8697894773148545e-24
108,20107,Absolute_turn_angle_OFT,0.018810329543598094,True,1.6596871761618337e-06
108,20107,Time_inCenter_OFT,-0.036792937934422475,True,-0.0008247394458734377
108,20107,Total_distance_travelled_NOR1,-7.445779478518551e-22,False,-1.3351880766211676e-22
108,20107,Average_speed_NOR1,2.913765585634216e-06,True,0.0003127469512270501
108,20107,Time_investigating_Piramidka_NOR1,-0.02117096793284072,True,-0.005062650944750616
108,20107,Latency_to_first_investigation_Piramidka_NOR1,-0.04327193473734377,True,-0.0003292097137964041
108,20107,Time_investigating_Stakan_NOR1,0.004033560838392481,True,0.0006689827276387236
108,20107,Latency_to_first_investigation_Stakan_NOR1,0.005504668573002846,True,4.615156768122108e-05
108,20107,Total_distance_travelled_NOR2,-1.1465512333845914e-21,False,-1.9255749644422154e-22
108,20107,Average_speed_NOR2,-1.313529753489965e-21,False,-1.3342587514256557e-19
108,20107,Time_investigating_Piramidka_zone_NOR2,-1.1205770846616833e-21,False,-1.3722448452171671e-22
108,20107,Latency_to_first_investigation_Piramidka_zone_NOR2,-0.011916169446092733,True,-8.838979512667613e-05
108,20107,Time_investigating_Stakan_zone_NOR2,0.035782411375255334,True,0.006766937453191523
108,20107,Latency_to_first_investigation_Stakan_zone_NOR2,0.030920881763213334,True,0.0002841468636789916
108,20107,Learning_T1mean,-2.4036269428196497e-22,False,-4.1208651689569784e-23
108,20107,Learning_T1max,-0.029675082254930533,True,-0.00448198585876719
108,20107,Learning_T1sum,-1.5687296303306911e-22,False,-6.723717372668791e-24
108,20107,Learning_T2mean,0.00481921856024734,True,0.0006073119394645645
108,20107,Learning_T2max,1.050729243502661e-23,False,1.1260987102759099e-24
108,20107,Learning_T2sum,0.00500550008549219,True,0.0001576967264976195
108,20107,Learning_T3mean,-0.022781600831681573,True,-0.0018032768531018922
108,20107,Learning_T3max,9.147478453325798e-23,False,6.4021010021802575e-24
108,20107,Learning_T3sum,-0.021450808436599803,True,-0.00042448450637685064
108,20107,EnduranceT,-1.0429497381464238e-21,False,-1.775749795906766e-23
108,20107,rear_support,0.050271850646063106,True,0.005300161911186808
108,20107,rear_nosupport,-0.005118899564724959,True,-0.0006336379919091566
108,20107,Weight,0.029752704901559096,True,0.0127002753709362
108,20107,Grip,0.07346469578231501,True,0.12496717127503894
109,20108,OFT_distance,0.0007103352852522808,True,0.000120431556458149
109,20108,Average_speed_OFT,-0.03812294917134843,True,-3.875026250637678
109,20108,Total_time_mobile_OFT,-8.641470048940764e-22,False,-9.981591479997385e-24
109,20108,Absolute_turn_angle_OFT,-1.3291485722462892e-21,False,-1.2215800804898017e-25
109,20108,Time_inCenter_OFT,-0.03884564359509399,True,-0.0012889500764944057
109,20108,Total_distance_travelled_NOR1,-5.29666380956353e-22,False,-9.122041964908397e-23
109,20108,Average_speed_NOR1,4.379067865289773e-06,True,0.0004534837909328935
109,20108,Time_investigating_Piramidka_NOR1,-5.912952354437325e-22,False,-1.2714205859908731e-22
109,20108,Latency_to_first_investigation_Piramidka_NOR1,-0.0011889173427335727,True,-9.413814468016803e-06
109,20108,Time_investigating_Stakan_NOR1,-1.0712929512576722e-22,False,-1.832921034481622e-23
109,20108,Latency_to_first_investigation_Stakan_NOR1,0.014217576581112286,True,0.0001225252662328717
109,20108,Total_distance_travelled_NOR2,4.056065079978391e-22,False,6.955200916878433e-23
109,20108,Average_speed_NOR2,0.0010905645380683189,True,0.1126145653678039
109,20108,Time_investigating_Piramidka_zone_NOR2,1.8323713587677317e-21,False,2.4052718603991745e-22
109,20108,Latency_to_first_investigation_Piramidka_zone_NOR2,6.5642207886341285e-22,False,5.721136772282472e-24
109,20108,Time_investigating_Stakan_zone_NOR2,0.027792054593991505,True,0.005582492928285762
109,20108,Latency_to_first_investigation_Stakan_zone_NOR2,0.0051955915273156975,True,4.559523118716228e-05
109,20108,Learning_T1mean,-7.358060650416432e-22,False,-1.2803611395423647e-22
109,20108,Learning_T1max,-0.02769674520339815,True,-0.003788209261204828
109,20108,Learning_T1sum,-5.856531067528634e-22,False,-2.547707591592713e-23
109,20108,Learning_T2mean,-4.274244338094897e-21,False,-5.041740093198328e-22
109,20108,Learning_T2max,-4.1642612884664e-21,False,-4.298577932596171e-22
109,20108,Learning_T2sum,-3.7862445591918665e-21,False,-1.1165284133733022e-22
109,20108,Learning_T3mean,-7.956634274025574e-22,False,-6.552689761483462e-23
109,20108,Learning_T3max,-7.017768540005415e-22,False,-5.1556634699751153e-23
109,20108,Learning_T3sum,-7.503429772981192e-22,False,-1.5448632473259385e-23
109,20108,EnduranceT,-4.8185049094876226e-21,False,-8.385774508117517e-23
109,20108,rear_support,0.02625051065440422,True,0.0025162225925720034
109,20108,rear_nosupport,-0.003322489386968091,True,-0.00040677155678969627
109,20108,Weight,8.64121148690476e-22,False,3.5659615463105787e-22
109,20108,Grip,0.027077524401710615,True,0.0408814469403118
110,20109,OFT_distance,0.002127681163729207,True,0.00038143717968843475
110,20109,Average_speed_OFT,-0.06360473313854746,True,-6.308294636515542
110,20109,Total_time_mobile_OFT,-0.03282994072060819,True,-0.00033984789212125214
110,20109,Absolute_turn_angle_OFT,0.04294949710381198,True,3.7311901416152954e-06
110,20109,Time_inCenter_OFT,-0.02810258100629855,True,-0.0006348703688324911
110,20109,Total_distance_travelled_NOR1,3.84101153286446e-22,False,6.912854829822995e-23
110,20109,Average_speed_NOR1,-3.6252149955772605e-06,True,-0.0003907685730780503
110,20109,Time_investigating_Piramidka_NOR1,-4.38659994987379e-22,False,-8.829592117061949e-23
110,20109,Latency_to_first_investigation_Piramidka_NOR1,-0.04675491712353697,True,-0.00043377815929116203
110,20109,Time_investigating_Stakan_NOR1,-4.81605874067161e-22,False,-7.374523247648089e-23
110,20109,Latency_to_first_investigation_Stakan_NOR1,4.438805256912652e-22,False,3.4996923318288986e-24
110,20109,Total_distance_travelled_NOR2,2.443583526535782e-22,False,3.851379419236716e-23
110,20109,Average_speed_NOR2,1.674676976189377e-22,False,1.587380682137412e-20
110,20109,Time_investigating_Piramidka_zone_NOR2,-2.423815283926852e-22,False,-3.135348172063803e-23
110,20109,Latency_to_first_investigation_Piramidka_zone_NOR2,-6.593266421594092e-22,False,-4.658289351418147e-24
110,20109,Time_investigating_Stakan_zone_NOR2,0.044234396384358846,True,0.007871521527680374
110,20109,Latency_to_first_investigation_Stakan_zone_NOR2,0.028958156664814876,True,0.00023125765341175614
110,20109,Learning_T1mean,-5.1068676244725325e-22,False,-8.454278161323713e-23
110,20109,Learning_T1max,-7.3938862967718595e-22,False,-1.043621327149518e-22
110,20109,Learning_T1sum,-5.106867624480799e-22,False,-2.1135695403343496e-23
110,20109,Learning_T2mean,0.005534431571332593,True,0.0006613652242465479
110,20109,Learning_T2max,4.369886421880371e-22,False,4.395245626911313e-23
110,20109,Learning_T2sum,3.756151207633171e-23,False,1.1221512786461762e-24
110,20109,Learning_T3mean,2.289740138806381e-22,False,1.740417877702891e-23
110,20109,Learning_T3max,3.0299433431288635e-22,False,2.1032069224844162e-23
110,20109,Learning_T3sum,-0.00599241344792039,True,-0.00011386994662180929
110,20109,EnduranceT,0.026917224248102736,True,0.0004979348178767637
110,20109,rear_support,0.022615916686425472,True,0.002722265074084642
110,20109,rear_nosupport,-0.026371974984606347,True,-0.0036137210570577403
110,20109,Weight,0.041917334197030386,True,0.01676189480452916
110,20109,Grip,0.056769401722324274,True,0.09123840546603305
111,20110,OFT_distance,0.0023517471379528965,True,0.0003593223992316456
111,20110,Average_speed_OFT,-1.3763074632697232e-22,False,-1.2396861748224483e-20
111,20110,Total_time_mobile_OFT,-0.009390748884424921,True,-9.158996473653566e-05
111,20110,Absolute_turn_angle_OFT,0.0321096308229019,True,2.648435480942869e-06
111,20110,Time_inCenter_OFT,-0.05890184440304792,True,-0.0014702743029769536
111,20110,Total_distance_travelled_NOR1,-3.0547551504687136e-23,False,-5.119449355805642e-24
111,20110,Average_speed_NOR1,6.395901913642854e-05,True,0.006443240619931999
111,20110,Time_investigating_Piramidka_NOR1,-0.013871512517959305,True,-0.0029088816364727884
111,20110,Latency_to_first_investigation_Piramidka_NOR1,-0.045550547178859556,True,-0.00034780069783543066
111,20110,Time_investigating_Stakan_NOR1,-0.00034929757061141845,True,-5.644459506625526e-05
111,20110,Latency_to_first_investigation_Stakan_NOR1,0.006838284654598393,True,5.569596438398628e-05
111,20110,Total_distance_travelled_NOR2,-1.6340407506665804e-22,False,-2.628129082443148e-23
111,20110,Average_speed_NOR2,0.000969342434938468,True,0.09383085300404692
111,20110,Time_investigating_Piramidka_zone_NOR2,-1.8479834570981809e-22,False,-2.1068553006445586e-23
111,20110,Latency_to_first_investigation_Piramidka_zone_NOR2,-0.010054740692295139,True,-6.815753460958409e-05
111,20110,Time_investigating_Stakan_zone_NOR2,0.00039689442438887025,True,7.295808451229467e-05
111,20110,Latency_to_first_investigation_Stakan_zone_NOR2,0.03294164372767348,True,0.00027567353994963084
111,20110,Learning_T1mean,-0.009639080902467638,True,-0.0016524514022174933
111,20110,Learning_T1max,-0.010705283539071084,True,-0.001494583810631595
111,20110,Learning_T1sum,-0.00963908090246769,True,-0.00041311285055437556
111,20110,Learning_T2mean,0.01087044798983578,True,0.0012666261672557627
111,20110,Learning_T2max,1.0948234365976544e-22,False,1.0490610887522377e-23
111,20110,Learning_T2sum,5.134834379079503e-23,False,1.4957791056881847e-24
111,20110,Learning_T3mean,-0.00955026260248841,True,-0.0007435437031451666
111,20110,Learning_T3max,3.837608221144061e-23,False,2.6798748130489862e-24
111,20110,Learning_T3sum,-0.013366270571316778,True,-0.00026016055085353347
111,20110,EnduranceT,0.04557534784379221,True,0.0007798327170085337
111,20110,rear_support,0.0016145712611731198,True,0.00015534387502209868
111,20110,rear_nosupport,-0.015576592123203736,True,-0.0019702567341708167
111,20110,Weight,0.015050911066894889,True,0.006120852336301335
111,20110,Grip,0.05943631011680991,True,0.09570722987465323
112,20111,OFT_distance,0.0014993050171940136,True,0.0002911225638803329
112,20111,Average_speed_OFT,-0.007223987085586889,True,-0.8199017758895708
112,20111,Total_time_mobile_OFT,-0.02487028112091063,True,-0.0003136034912348906
112,20111,Absolute_turn_angle_OFT,-7.483688315466286e-22,False,-7.464530541602217e-26
112,20111,Time_inCenter_OFT,4.1708644171011717e-22,False,9.247499479340669e-24
112,20111,Total_distance_travelled_NOR1,1.1858566250817809e-21,False,2.3834668037000114e-22
112,20111,Average_speed_NOR1,-8.599537875282527e-06,True,-0.001029038622579626
112,20111,Time_investigating_Piramidka_NOR1,3.173243236435552e-21,False,6.947834084322787e-22
112,20111,Latency_to_first_investigation_Piramidka_NOR1,-0.02244557423196367,True,-0.00017610823941032543
112,20111,Time_investigating_Stakan_NOR1,3.865484921465487e-21,False,6.0793219896783395e-22
112,20111,Latency_to_first_investigation_Stakan_NOR1,0.016064477719387217,True,0.00012723608341255348
112,20111,Total_distance_travelled_NOR2,1.0843636251370942e-21,False,1.7479047960776444e-22
112,20111,Average_speed_NOR2,1.1093196723700603e-21,False,1.0799232183705801e-19
112,20111,Time_investigating_Piramidka_zone_NOR2,2.227977451857076e-21,False,3.168438962357266e-22
112,20111,Latency_to_first_investigation_Piramidka_zone_NOR2,-0.0013080210417627395,True,-9.670279109869833e-06
112,20111,Time_investigating_Stakan_zone_NOR2,0.006184472208522635,True,0.0011532672042369606
112,20111,Latency_to_first_investigation_Stakan_zone_NOR2,0.0027277676490667854,True,2.3346562251007308e-05
112,20111,Learning_T1mean,1.7014414268882887e-21,False,3.1295178889767947e-22
112,20111,Learning_T1max,-0.015544919415860104,True,-0.0025048043272456236
112,20111,Learning_T1sum,1.5811495215105952e-21,False,7.270652451674718e-23
112,20111,Learning_T2mean,1.541638574145132e-21,False,2.0010793302014935e-22
112,20111,Learning_T2max,0.0021740405387698867,True,0.00024110066483659456
112,20111,Learning_T2sum,1.489533269379983e-21,False,4.833613868699053e-23
112,20111,Learning_T3mean,5.838537057273478e-22,False,5.616249199933036e-23
112,20111,Learning_T3max,6.416194740692026e-22,False,5.471033275082019e-23
112,20111,Learning_T3sum,8.512245828678703e-22,False,2.0470407807634646e-23
112,20111,EnduranceT,0.008613842898111486,True,0.00013858874630991248
112,20111,rear_support,0.024664381381123222,True,0.003453141884748196
112,20111,rear_nosupport,-3.186670510877755e-21,False,-4.583937268634302e-22
112,20111,Weight,2.4212633906683217e-21,False,1.0910359224154661e-21
112,20111,Grip,0.023026764439054027,True,0.03561338163118669
113,20112,OFT_distance,0.0019133310248915178,True,0.0002928919681587208
113,20112,Average_speed_OFT,-0.022815619440100902,True,-1.9750705620322415
113,20112,Total_time_mobile_OFT,-6.70432697303039e-23,False,-6.615164150438199e-25
113,20112,Absolute_turn_angle_OFT,0.021134850942798364,True,1.7358403850989178e-06
113,20112,Time_inCenter_OFT,-0.05135118910882344,True,-0.0013356071016606197
113,20112,Total_distance_travelled_NOR1,1.6204765136009089e-22,False,2.755671285598526e-23
113,20112,Average_speed_NOR1,4.2941999424368e-05,True,0.004384646609923927
113,20112,Time_investigating_Piramidka_NOR1,-0.03492386862934571,True,-0.007824936422216279
113,20112,Latency_to_first_investigation_Piramidka_NOR1,-0.03582790049995332,True,-0.0003196778987193059
113,20112,Time_investigating_Stakan_NOR1,1.42521821957685e-22,False,2.4444034493818282e-23
113,20112,Latency_to_first_investigation_Stakan_NOR1,-6.4604967947363065e-22,False,-5.204870708639946e-24
113,20112,Total_distance_travelled_NOR2,0.01010801390616968,True,0.0016570124627145303
113,20112,Average_speed_NOR2,0.010863182280248046,True,1.0705480657447246
113,20112,Time_investigating_Piramidka_zone_NOR2,3.352025065923704e-22,False,3.841725043710672e-23
113,20112,Latency_to_first_investigation_Piramidka_zone_NOR2,-0.023090672475953148,True,-0.000187850284697685
113,20112,Time_investigating_Stakan_zone_NOR2,0.04763185751831576,True,0.008509853421381438
113,20112,Latency_to_first_investigation_Stakan_zone_NOR2,0.04476581362624049,True,0.00039596512761335057
113,20112,Learning_T1mean,6.742611171884017e-23,False,1.0703566520308883e-23
113,20112,Learning_T1max,-0.010719981571867817,True,-0.0013889387833686073
113,20112,Learning_T1sum,8.728047710892454e-23,False,3.4638375580488705e-24
113,20112,Learning_T2mean,-2.4386296113356373e-22,False,-2.9253022256883063e-23
113,20112,Learning_T2max,-3.4008172774420305e-22,False,-3.4268162589871786e-23
113,20112,Learning_T2sum,-1.6957399736674242e-22,False,-5.085388834880353e-24
113,20112,Learning_T3mean,-0.02074545537568056,True,-0.001579171169266781
113,20112,Learning_T3max,1.9209290881668877e-22,False,1.3568564926144817e-23
113,20112,Learning_T3sum,-0.013458908595598569,True,-0.00025612742693613785
113,20112,EnduranceT,0.004497847708159712,True,7.121587988810017e-05
113,20112,rear_support,0.024528065109789273,True,0.002391752480238077
113,20112,rear_nosupport,-0.0019879277823105666,True,-0.0002510873039858221
113,20112,Weight,0.021796626292437286,True,0.008550930359560897
113,20112,Grip,0.09027196411863961,True,0.14240222615736248
114,20113,OFT_distance,0.0015249365116202947,True,0.000253955147016552
114,20113,Average_speed_OFT,-0.04521644255792494,True,-4.383071670905512
114,20113,Total_time_mobile_OFT,-0.010805156527682113,True,-0.00011040696198123057
114,20113,Absolute_turn_angle_OFT,0.032781102656773344,True,3.0920694116268015e-06
114,20113,Time_inCenter_OFT,-0.020118261348159007,True,-0.0005486777609363583
114,20113,Total_distance_travelled_NOR1,-2.1565797464325727e-22,False,-4.473810521464348e-23
114,20113,Average_speed_NOR1,0.00027257876143785503,True,0.033843848348728826
114,20113,Time_investigating_Piramidka_NOR1,-0.011858528566418303,True,-0.0030437713704166355
114,20113,Latency_to_first_investigation_Piramidka_NOR1,-0.042627787128174555,True,-0.00038551524570881333
114,20113,Time_investigating_Stakan_NOR1,-3.614974405895923e-22,False,-7.127103951293319e-23
114,20113,Latency_to_first_investigation_Stakan_NOR1,6.121137760689355e-22,False,5.0363758574841886e-24
114,20113,Total_distance_travelled_NOR2,-4.929638874692054e-22,False,-8.85471761884449e-23
114,20113,Average_speed_NOR2,-2.9772909953734344e-22,False,-3.211198482402394e-20
114,20113,Time_investigating_Piramidka_zone_NOR2,-7.189564079270913e-22,False,-1.0562316078421082e-22
114,20113,Latency_to_first_investigation_Piramidka_zone_NOR2,-0.028120010180971586,True,-0.00020315223797819738
114,20113,Time_investigating_Stakan_zone_NOR2,0.01815060738954736,True,0.0038624316656208197
114,20113,Latency_to_first_investigation_Stakan_zone_NOR2,0.04020270720951052,True,0.00034296953086444414
114,20113,Learning_T1mean,-8.15881421938039e-23,False,-1.465965384891516e-23
114,20113,Learning_T1max,-0.007520259286201959,True,-0.0010056431527814954
114,20113,Learning_T1sum,-1.962356336136639e-23,False,-8.814842403095322e-25
114,20113,Learning_T2mean,-1.5479249669636312e-23,False,-1.960867860875549e-24
114,20113,Learning_T2max,3.1086991671530734e-22,False,3.45576421550282e-23
114,20113,Learning_T2sum,1.876201414112291e-22,False,5.94179810388136e-24
114,20113,Learning_T3mean,-0.0010177104075615967,True,-8.232001441112506e-05
114,20113,Learning_T3max,8.4749427867928e-23,False,6.047860829976314e-24
114,20113,Learning_T3sum,-0.020698403637095554,True,-0.0004185603470872095
114,20113,EnduranceT,0.01635394960271153,True,0.00027909216888138456
114,20113,rear_support,0.04970155668137682,True,0.005318623503423544
114,20113,rear_nosupport,-0.020978937217387764,True,-0.002704528231426469
114,20113,Weight,0.025471551964672906,True,0.010522319347898582
114,20113,Grip,0.07517302505670614,True,0.12556890133891002
115,20114,OFT_distance,0.0017057376343161995,True,0.00028977350489462156
115,20114,Average_speed_OFT,-0.006371669933295529,True,-0.6389383812160678
115,20114,Total_time_mobile_OFT,-4.533976876347254e-22,False,-5.324242136992254e-24
115,20114,Absolute_turn_angle_OFT,0.00821667852748236,True,7.773987206112294e-07
115,20114,Time_inCenter_OFT,-0.023820997084532506,True,-0.0005566233900869067
115,20114,Total_distance_travelled_NOR1,-1.774721687951848e-22,False,-3.142457494188586e-23
115,20114,Average_speed_NOR1,5.541324821372575e-05,True,0.005885631831989721
115,20114,Time_investigating_Piramidka_NOR1,0.014039983218346729,True,0.0030086989011279086
115,20114,Latency_to_first_investigation_Piramidka_NOR1,7.477343648423995e-22,False,6.3838184633009496e-24
115,20114,Time_investigating_Stakan_NOR1,0.008663250288980016,True,0.001404040696024901
115,20114,Latency_to_first_investigation_Stakan_NOR1,0.020979072292209324,True,0.00017338743636652462
115,20114,Total_distance_travelled_NOR2,0.006129769053766046,True,0.0009691455728587735
115,20114,Average_speed_NOR2,0.006236938495480754,True,0.59446530596965
115,20114,Time_investigating_Piramidka_zone_NOR2,1.4812480005591751e-23,False,1.6740021740655226e-24
115,20114,Latency_to_first_investigation_Piramidka_zone_NOR2,-0.025764013654479518,True,-0.00018295421694083738
115,20114,Time_investigating_Stakan_zone_NOR2,8.284699036936621e-22,False,1.503447653475368e-22
115,20114,Latency_to_first_investigation_Stakan_zone_NOR2,0.03554096339153405,True,0.0003093537197286699
115,20114,Learning_T1mean,-2.8727046374571103e-22,False,-5.300313114679566e-23
115,20114,Learning_T1max,-0.057058601325997146,True,-0.008330904333448979
115,20114,Learning_T1sum,-1.661458141565767e-22,False,-7.663725903463728e-24
115,20114,Learning_T2mean,0.013772723567143152,True,0.0017210572767851966
115,20114,Learning_T2max,0.0003773767648325271,True,3.944766036228307e-05
115,20114,Learning_T2sum,0.02563218475998312,True,0.0008007577057291896
115,20114,Learning_T3mean,1.0634067179225406e-22,False,8.806788899475294e-24
115,20114,Learning_T3max,-3.339674297909024e-23,False,-2.5236224135596537e-24
115,20114,Learning_T3sum,4.0415437002129654e-23,False,8.367687921257911e-25
115,20114,EnduranceT,0.015587440500592034,True,0.0002567132137706884
115,20114,rear_support,0.05241554459958224,True,0.005451981587527871
115,20114,rear_nosupport,-0.009136266049827271,True,-0.001229843185444336
115,20114,Weight,-0.027862373540494603,True,-0.011610509921434586
115,20114,Grip,0.09470252999713831,True,0.15098638263974704
116,20115,OFT_distance,0.000798049244847703,True,0.00012423961659583047
116,20115,Average_speed_OFT,3.0714092241567574e-22,False,2.807169989925609e-20
116,20115,Total_time_mobile_OFT,-0.009137900780767235,True,-9.026513514472407e-05
116,20115,Absolute_turn_angle_OFT,-0.0042955671730178875,True,-3.510703303555559e-07
116,20115,Time_inCenter_OFT,-0.012149112480679599,True,-0.0002759152907183533
116,20115,Total_distance_travelled_NOR1,0.01784065494315463,True,0.002948771171941882
116,20115,Average_speed_NOR1,-1.4234864086175597e-06,True,-0.00014094998280190008
116,20115,Time_investigating_Piramidka_NOR1,-0.0008899422435364035,True,-0.00018038529878405018
116,20115,Latency_to_first_investigation_Piramidka_NOR1,-0.034891058721362896,True,-0.00026877696427910776
116,20115,Time_investigating_Stakan_NOR1,-1.4838238002417265e-22,False,-2.2861657990314575e-23
116,20115,Latency_to_first_investigation_Stakan_NOR1,0.007124985196246109,True,7.299797561872256e-05
116,20115,Total_distance_travelled_NOR2,9.345575310580534e-23,False,1.4849057813223217e-23
116,20115,Average_speed_NOR2,6.438203599791702e-23,False,6.162143356278361e-21
116,20115,Time_investigating_Piramidka_zone_NOR2,-0.013423324611405562,True,-0.0015141500709186689
116,20115,Latency_to_first_investigation_Piramidka_zone_NOR2,-1.91297598354033e-22,False,-1.3057276297544344e-24
116,20115,Time_investigating_Stakan_zone_NOR2,-1.2986576815873592e-22,False,-2.3835788542901725e-23
116,20115,Latency_to_first_investigation_Stakan_zone_NOR2,0.00887436615479933,True,7.923498809027946e-05
116,20115,Learning_T1mean,4.6847859239067847e-23,False,8.18517779057998e-24
116,20115,Learning_T1max,-0.012291873589190556,True,-0.001675670063566818
116,20115,Learning_T1sum,-3.5294123798353206e-23,False,-1.5416322268753104e-24
116,20115,Learning_T2mean,-8.409921360458405e-23,False,-9.637231326705478e-24
116,20115,Learning_T2max,6.868337936938589e-23,False,6.848571587074862e-24
116,20115,Learning_T2sum,-2.4317222231291255e-22,False,-6.966494864260095e-24
116,20115,Learning_T3mean,-0.0042557240531650034,True,-0.00037069946421511334
116,20115,Learning_T3max,2.4203687886756632e-23,False,1.9438231415073287e-24
116,20115,Learning_T3sum,-0.004255724053165009,True,-9.267486605377844e-05
116,20115,EnduranceT,6.921928607013011e-22,False,1.1914121356198519e-23
116,20115,rear_support,1.290552171680539e-22,False,1.2247179956445833e-23
116,20115,rear_nosupport,1.9725835300827601e-22,False,2.442779763679646e-23
116,20115,Weight,-3.89225030292578e-22,False,-1.6276123045690997e-22
116,20115,Grip,0.022567894722272264,True,0.03787694079001117
117,20116,OFT_distance,0.0006642271792047475,True,0.00011108597751504628
117,20116,Average_speed_OFT,-0.01587710724284675,True,-1.5738288340024373
117,20116,Total_time_mobile_OFT,-0.014160728010684069,True,-0.00014025425975007085
117,20116,Absolute_turn_angle_OFT,-3.816776997235603e-09,False,-3.256071432968462e-13
117,20116,Time_inCenter_OFT,-0.03054954335557437,True,-0.0006825105255931556
117,20116,Total_distance_travelled_NOR1,2.768278685240269e-10,False,4.9715643537399575e-11
117,20116,Average_speed_NOR1,-4.383580432801538e-06,True,-0.00047206490092603057
117,20116,Time_investigating_Piramidka_NOR1,-1.075761451450842e-09,False,-2.3557835502240516e-10
117,20116,Latency_to_first_investigation_Piramidka_NOR1,-0.020308890890690275,True,-0.00015310618217680882
117,20116,Time_investigating_Stakan_NOR1,1.1316211795754935e-09,False,1.820568524355344e-10
117,20116,Latency_to_first_investigation_Stakan_NOR1,0.029764429943317638,True,0.00028935891087558473
117,20116,Total_distance_travelled_NOR2,-4.0651254994728007e-10,False,-6.559691738689435e-11
117,20116,Average_speed_NOR2,-4.467474424150759e-10,False,-4.349476460402132e-08
117,20116,Time_investigating_Piramidka_zone_NOR2,-0.004744844127381509,True,-0.000671997134094093
117,20116,Latency_to_first_investigation_Piramidka_zone_NOR2,1.0882142862025126e-09,False,7.260881307921186e-12
117,20116,Time_investigating_Stakan_zone_NOR2,0.0025929513946617517,True,0.0005033508760868343
117,20116,Latency_to_first_investigation_Stakan_zone_NOR2,2.5812906416084195e-09,False,2.0814742611467587e-11
117,20116,Learning_T1mean,-5.25078007637447e-10,False,-9.29993412181643e-11
117,20116,Learning_T1max,1.6702230728238393e-10,False,2.212071115254839e-11
117,20116,Learning_T1sum,-5.250779677068555e-10,False,-2.3249833536461548e-11
117,20116,Learning_T2mean,-3.607825669772612e-09,False,-4.294935515269097e-10
117,20116,Learning_T2max,-2.442120403982986e-09,False,-2.485820566214245e-10
117,20116,Learning_T2sum,-3.4589879854522865e-09,False,-1.0294379291990886e-10
117,20116,Learning_T3mean,-7.740484746835337e-10,False,-6.191469087270398e-11
117,20116,Learning_T3max,-8.329268712581653e-10,False,-5.843689818103508e-11
117,20116,Learning_T3sum,-8.186749724693863e-10,False,-1.637107025706144e-11
117,20116,EnduranceT,0.00929272099672654,True,0.00015463249918089267
117,20116,rear_support,0.023475531721770478,True,0.002734628496845489
117,20116,rear_nosupport,0.006332110336507844,True,0.0007976026892102087
117,20116,Weight,0.0027306477845534063,True,0.0011502215251770716
117,20116,Grip,0.00497955213051867,True,0.007612731986279358
118,20117,OFT_distance,0.0012634312825481305,True,0.00021467370622132382
118,20117,Average_speed_OFT,-0.057080699663606856,True,-5.547588214240013
118,20117,Total_time_mobile_OFT,-0.03499749873511294,True,-0.000357900768599335
118,20117,Absolute_turn_angle_OFT,0.08552794191343503,True,7.527425445587499e-06
118,20117,Time_inCenter_OFT,-0.07925941518434955,True,-0.0017433406759493222
118,20117,Total_distance_travelled_NOR1,0.014289043620288435,True,0.0025225475787966118
118,20117,Average_speed_NOR1,4.833024020941275e-06,True,0.0005121338649803317
118,20117,Time_investigating_Piramidka_NOR1,-0.0027737418196088996,True,-0.0005881133233940828
118,20117,Latency_to_first_investigation_Piramidka_NOR1,-0.05790363667272635,True,-0.00044265440350822543
118,20117,Time_investigating_Stakan_NOR1,4.3986563727490625e-24,False,6.717958120160381e-25
118,20117,Latency_to_first_investigation_Stakan_NOR1,0.015542743698741186,True,0.00012953092029316713
118,20117,Total_distance_travelled_NOR2,1.616004634765876e-22,False,2.6674649394950014e-23
118,20117,Average_speed_NOR2,0.009563775675575873,True,0.9507455777158512
118,20117,Time_investigating_Piramidka_zone_NOR2,-0.02733919296371268,True,-0.00309757021584731
118,20117,Latency_to_first_investigation_Piramidka_zone_NOR2,-0.009755852824442685,True,-6.578825189037351e-05
118,20117,Time_investigating_Stakan_zone_NOR2,4.902648594978648e-22,False,9.620211175286488e-23
118,20117,Latency_to_first_investigation_Stakan_zone_NOR2,0.03190188243419574,True,0.0002697949119769568
118,20117,Learning_T1mean,-2.443366126340331e-23,False,-3.9204324113163184e-24
118,20117,Learning_T1max,-0.029352522136858683,True,-0.004031499945226624
118,20117,Learning_T1sum,-1.0321264664977504e-22,False,-4.1401716347519216e-24
118,20117,Learning_T2mean,0.0005050059453632518,True,6.330554193160905e-05
118,20117,Learning_T2max,0.025307019166187016,True,0.0025714768298031147
118,20117,Learning_T2sum,0.0038875138115403015,True,0.0001218308273723158
118,20117,Learning_T3mean,-0.011310091112696995,True,-0.0009734358724883903
118,20117,Learning_T3max,6.5872981668445706e-24,False,5.123753257026423e-25
118,20117,Learning_T3sum,-0.04348259637766933,True,-0.000935614017632429
118,20117,EnduranceT,0.002888544701788079,True,4.957221137456909e-05
118,20117,rear_support,0.07668924930027697,True,0.008341460742284854
118,20117,rear_nosupport,-2.5478126953198915e-23,False,-3.503278524403936e-24
118,20117,Weight,0.024941884647971015,True,0.01028083495677919
118,20117,Grip,0.09715175812095402,True,0.15769128424458473
119,20118,OFT_distance,0.0009298289296506086,True,0.00015889426906683828
119,20118,Average_speed_OFT,-0.05589582934482414,True,-5.423928749698867
119,20118,Total_time_mobile_OFT,-0.014241444651395829,True,-0.00015051492131130852
119,20118,Absolute_turn_angle_OFT,0.09186223566583561,True,8.61728600087922e-06
119,20118,Time_inCenter_OFT,-0.011560997423654705,True,-0.00031136921887667534
119,20118,Total_distance_travelled_NOR1,-1.8931120109728848e-22,False,-3.4214335074814335e-23
119,20118,Average_speed_NOR1,2.5714990504139133e-06,True,0.000278378356999902
119,20118,Time_investigating_Piramidka_NOR1,-0.010573315746841706,True,-0.002188575317187706
119,20118,Latency_to_first_investigation_Piramidka_NOR1,-0.019212092896443347,True,-0.00015848019000720521
119,20118,Time_investigating_Stakan_NOR1,1.6246363809287052e-22,False,2.5068386164827125e-23
119,20118,Latency_to_first_investigation_Stakan_NOR1,1.0863343061002727e-22,False,8.736919981715494e-25
119,20118,Total_distance_travelled_NOR2,-1.0082098364220885e-22,False,-1.6641931263578062e-23
119,20118,Average_speed_NOR2,-1.816409095742212e-22,False,-1.8102749781643538e-20
119,20118,Time_investigating_Piramidka_zone_NOR2,-0.016349253768366354,True,-0.0018552500934650564
119,20118,Latency_to_first_investigation_Piramidka_zone_NOR2,-0.03860680443520048,True,-0.00025781597915606525
119,20118,Time_investigating_Stakan_zone_NOR2,5.868154547062607e-22,False,1.109736102801671e-22
119,20118,Latency_to_first_investigation_Stakan_zone_NOR2,0.045864915858591766,True,0.00039276227598627084
119,20118,Learning_T1mean,-8.625248457985494e-23,False,-1.4598440168449678e-23
119,20118,Learning_T1max,-0.00719588066406782,True,-0.0009731080828353672
119,20118,Learning_T1sum,-1.0458879236228519e-22,False,-4.425476074772207e-24
119,20118,Learning_T2mean,0.014628894942337581,True,0.0017794688198905827
119,20118,Learning_T2max,-5.440975010575604e-23,False,-5.7745397234427614e-24
119,20118,Learning_T2sum,0.020677625890125256,True,0.0006288101508329065
119,20118,Learning_T3mean,-0.009823522789894661,True,-0.0007765526676678478
119,20118,Learning_T3max,-0.008379695864084494,True,-0.0005990355933626495
119,20118,Learning_T3sum,-0.002677372380969178,True,-5.291178911196191e-05
119,20118,EnduranceT,0.0135269922581625,True,0.00022671690507314812
119,20118,rear_support,0.06380502309073154,True,0.00690651379157984
119,20118,rear_nosupport,-0.023661730064141646,True,-0.003220019652141837
119,20118,Weight,-0.004975381495780671,True,-0.002005193863212791
119,20118,Grip,0.11591277162382893,True,0.19156258757907965
120,20119,OFT_distance,-0.00029132053907407745,True,-4.9761047528361584e-05
120,20119,Average_speed_OFT,2.991158095695013e-21,False,2.9650053917633995e-19
120,20119,Total_time_mobile_OFT,-0.012886341719829567,True,-0.00013229953586173316
120,20119,Absolute_turn_angle_OFT,0.027942839943293295,True,2.4472405027403676e-06
120,20119,Time_inCenter_OFT,-0.0573928212344167,True,-0.0019327695754201696
120,20119,Total_distance_travelled_NOR1,4.953490923740378e-21,False,9.160815459739768e-22
120,20119,Average_speed_NOR1,1.91803175451507e-07,False,2.132444161967322e-05
120,20119,Time_investigating_Piramidka_NOR1,0.021371617719356813,True,0.004829797981104153
120,20119,Latency_to_first_investigation_Piramidka_NOR1,-1.3822837436217014e-22,False,-1.13454320569004e-24
120,20119,Time_investigating_Stakan_NOR1,0.03512536846356311,True,0.006093836791222991
120,20119,Latency_to_first_investigation_Stakan_NOR1,0.017959172504604895,True,0.00014233768214760867
120,20119,Total_distance_travelled_NOR2,5.0801365280779353e-23,False,1.1085116490514126e-23
120,20119,Average_speed_NOR2,-1.0711119900466123e-22,False,-1.407662386777379e-20
120,20119,Time_investigating_Piramidka_zone_NOR2,-0.028315754231016753,True,-0.00390029009369259
120,20119,Latency_to_first_investigation_Piramidka_zone_NOR2,1.3305695210898457e-21,False,9.474080652715657e-24
120,20119,Time_investigating_Stakan_zone_NOR2,0.00781576376633277,True,0.0015759636711729572
120,20119,Latency_to_first_investigation_Stakan_zone_NOR2,0.027339909684431705,True,0.0002208264190688791
120,20119,Learning_T1mean,-0.003456947527936957,True,-0.0007016083010750083
120,20119,Learning_T1max,1.863532453660554e-21,False,2.8620168203941473e-22
120,20119,Learning_T1sum,-0.003456947527936972,True,-0.00017540207526875286
120,20119,Learning_T2mean,-6.467997960973017e-22,False,-7.514833366805015e-23
120,20119,Learning_T2max,9.532338502485082e-22,False,9.576772602920127e-23
120,20119,Learning_T2sum,-6.467998135491163e-22,False,-1.878708392392163e-23
120,20119,Learning_T3mean,-6.303565188144232e-22,False,-4.8214131129260475e-23
120,20119,Learning_T3max,-1.131503373903043e-21,False,-7.834913574808666e-23
120,20119,Learning_T3sum,-1.7068463131123256e-21,False,-3.2637923739041954e-23
120,20119,EnduranceT,3.6057657439233485e-22,False,6.343647302376356e-24
120,20119,rear_support,0.018925722425064944,True,0.001996223985410829
120,20119,rear_nosupport,4.989018024308182e-21,False,6.6500441245175455e-22
120,20119,Weight,0.02081294061134843,True,0.008169229290743834
120,20119,Grip,0.031398008863455534,True,0.04590620124628329
121,20120,OFT_distance,0.0007262520129529676,True,0.0001083548371225617
121,20120,Average_speed_OFT,-0.04468286316380828,True,-3.848926163880106
121,20120,Total_time_mobile_OFT,-0.00827097572497499,True,-7.747115540503613e-05
121,20120,Absolute_turn_angle_OFT,-2.0281765340369732e-22,False,-1.6683224287827432e-26
121,20120,Time_inCenter_OFT,-0.03388242960999003,True,-0.0008083481984974765
121,20120,Total_distance_travelled_NOR1,7.066731918189042e-22,False,1.140000780142387e-22
121,20120,Average_speed_NOR1,1.217280175991011e-05,True,0.001179263279723539
121,20120,Time_investigating_Piramidka_NOR1,1.3842891888732444e-21,False,2.8756175136123804e-22
121,20120,Latency_to_first_investigation_Piramidka_NOR1,-0.007014123522518011,True,-5.301396083235884e-05
121,20120,Time_investigating_Stakan_NOR1,0.0023855800164905277,True,0.0003799866309467882
121,20120,Latency_to_first_investigation_Stakan_NOR1,0.021488913008285086,True,0.00018299777153645512
121,20120,Total_distance_travelled_NOR2,-1.4282058862745447e-21,False,-2.2435142967456756e-22
121,20120,Average_speed_NOR2,-1.270722041802125e-21,False,-1.2041653462715453e-19
121,20120,Time_investigating_Piramidka_zone_NOR2,-0.0024942163696528162,True,-0.00028446670453355344
121,20120,Latency_to_first_investigation_Piramidka_zone_NOR2,1.1651370295651644e-21,False,7.670275703698769e-24
121,20120,Time_investigating_Stakan_zone_NOR2,0.053897155961963684,True,0.009636854929653762
121,20120,Latency_to_first_investigation_Stakan_zone_NOR2,0.03803493281653771,True,0.000310042259912092
121,20120,Learning_T1mean,-1.303946246390264e-21,False,-2.0653111566942905e-22
121,20120,Learning_T1max,-0.0005729748507760224,True,-7.45921717303738e-05
121,20120,Learning_T1sum,-1.3039462265345635e-21,False,-5.1632778131124704e-23
121,20120,Learning_T2mean,0.0020045132524488755,True,0.0002337309609692873
121,20120,Learning_T2max,0.02571976086972149,True,0.002559660946816559
121,20120,Learning_T2sum,-8.039890618368385e-22,False,-2.343675401027472e-23
121,20120,Learning_T3mean,-0.04294691310858362,True,-0.003261485098657255
121,20120,Learning_T3max,-9.230115819117595e-22,False,-6.379418061298932e-23
121,20120,Learning_T3sum,-0.03935166116413549,True,-0.0007471133965422626
121,20120,EnduranceT,0.016100208028186694,True,0.00027079441315299314
121,20120,rear_support,0.0671317210792105,True,0.006554427513999741
121,20120,rear_nosupport,-0.005852089068560512,True,-0.0007264132583272863
121,20120,Weight,0.029626279830778906,True,0.012175730643296153
121,20120,Grip,0.05856603933708344,True,0.09522791854643048
122,20121,OFT_distance,0.0010644798043079823,True,0.0001722367662557048
122,20121,Average_speed_OFT,7.733799339668683e-23,False,7.334489961023814e-21
122,20121,Total_time_mobile_OFT,1.4777506854431858e-22,False,1.4782959276721945e-24
122,20121,Absolute_turn_angle_OFT,0.012598763470093578,True,1.0824501268397086e-06
122,20121,Time_inCenter_OFT,-0.044229760071042415,True,-0.0010913600874374117
122,20121,Total_distance_travelled_NOR1,-8.258757292663952e-23,False,-1.4276605353596813e-23
122,20121,Average_speed_NOR1,4.31422145026195e-06,True,0.0004473399544382703
122,20121,Time_investigating_Piramidka_NOR1,0.0035713698079947306,True,0.0007650961734795686
122,20121,Latency_to_first_investigation_Piramidka_NOR1,-0.05016069499392074,True,-0.0003807168274913565
122,20121,Time_investigating_Stakan_NOR1,0.003779542340016388,True,0.0005821566393674851
122,20121,Latency_to_first_investigation_Stakan_NOR1,-6.243950431287351e-23,False,-5.040137040142708e-25
122,20121,Total_distance_travelled_NOR2,9.367908229161495e-23,False,1.5135201594715463e-23
122,20121,Average_speed_NOR2,-3.3071522941267474e-24,False,-3.215450437308033e-22
122,20121,Time_investigating_Piramidka_zone_NOR2,-0.021958106316625283,True,-0.0024864186327941858
122,20121,Latency_to_first_investigation_Piramidka_zone_NOR2,-9.233225859680789e-23,False,-6.934260572711649e-25
122,20121,Time_investigating_Stakan_zone_NOR2,0.010251023404322287,True,0.0018929364657136166
122,20121,Latency_to_first_investigation_Stakan_zone_NOR2,0.04728117692890885,True,0.0004148796521046395
122,20121,Learning_T1mean,6.272299566052258e-23,False,1.0640847146517444e-23
122,20121,Learning_T1max,-0.003047672457690472,True,-0.0004269124873467633
122,20121,Learning_T1sum,2.2213093945469797e-23,False,9.421031905278698e-25
122,20121,Learning_T2mean,0.013157159504964155,True,0.0014947090801068765
122,20121,Learning_T2max,1.1570691806328071e-23,False,1.1067711390828757e-24
122,20121,Learning_T2sum,1.3001095343983093e-23,False,3.6924488250398594e-25
122,20121,Learning_T3mean,-0.004585465175032605,True,-0.000352671259376765
122,20121,Learning_T3max,8.393339685092973e-23,False,5.814458196381288e-24
122,20121,Learning_T3sum,-0.0019629292250065112,True,-3.774255693947023e-05
122,20121,EnduranceT,0.014767670891573404,True,0.00024265423984601214
122,20121,rear_support,0.011509933552308307,True,0.001132701717838412
122,20121,rear_nosupport,1.6072954551119726e-22,False,2.0936013829540393e-23
122,20121,Weight,0.006853197702852099,True,0.002870438116712296
122,20121,Grip,0.009756698926922004,True,0.014388580051843016
123,20122,OFT_distance,0.0010652820185496153,True,0.0001858550672528692
123,20122,Average_speed_OFT,-0.013050074990075412,True,-1.332594254380961
123,20122,Total_time_mobile_OFT,-5.073556910829898e-11,False,-5.883945913371774e-13
123,20122,Absolute_turn_angle_OFT,2.3679705355031475e-10,False,2.1280340764249922e-14
123,20122,Time_inCenter_OFT,-0.005982877151565088,True,-0.00014909961839313211
123,20122,Total_distance_travelled_NOR1,-9.816147389099155e-11,False,-1.612610113337473e-11
123,20122,Average_speed_NOR1,-1.4421622583465932e-06,True,-0.00014212568534549005
123,20122,Time_investigating_Piramidka_NOR1,-1.9510778183394386e-10,False,-3.990426382756592e-11
123,20122,Latency_to_first_investigation_Piramidka_NOR1,-0.0021058477287345407,True,-1.62000713333574e-05
123,20122,Time_investigating_Stakan_NOR1,0.00013937428082861912,True,2.304245650311e-05
123,20122,Latency_to_first_investigation_Stakan_NOR1,-1.3728192951419086e-10,False,-1.3137893457569145e-12
123,20122,Total_distance_travelled_NOR2,-1.6719427960868906e-10,False,-2.710068647758381e-11
123,20122,Average_speed_NOR2,-1.6056841907662507e-10,False,-1.573841060063686e-08
123,20122,Time_investigating_Piramidka_zone_NOR2,-1.801827869265596e-10,False,-2.3512465064910077e-11
123,20122,Latency_to_first_investigation_Piramidka_zone_NOR2,-2.4009881782079874e-11,False,-1.663271247972159e-13
123,20122,Time_investigating_Stakan_zone_NOR2,0.021844817624951815,True,0.0041823988543844975
123,20122,Latency_to_first_investigation_Stakan_zone_NOR2,-1.296945628217043e-11,False,-1.0553073380747769e-13
123,20122,Learning_T1mean,-9.332670782565623e-11,False,-1.70529809353893e-11
123,20122,Learning_T1max,-2.3963318584395e-10,False,-3.3182419312036285e-11
123,20122,Learning_T1sum,-9.332691649744465e-11,False,-4.2632547661562235e-12
123,20122,Learning_T2mean,2.337230705578673e-10,False,3.1008249660042704e-11
123,20122,Learning_T2max,-1.3947218213321667e-11,False,-1.5797274265639807e-12
123,20122,Learning_T2sum,2.5486637517575427e-10,False,8.453337717727797e-12
123,20122,Learning_T3mean,-1.5186073610158622e-10,False,-1.495705776497323e-11
123,20122,Learning_T3max,-1.5119494512278455e-10,False,-1.3382467192853674e-11
123,20122,Learning_T3sum,-1.414257023641668e-10,False,-3.482322774824642e-12
123,20122,EnduranceT,0.0030523689505559033,True,4.9737690883087016e-05
123,20122,rear_support,1.7171453476177468e-10,False,1.8555682276051348e-11
123,20122,rear_nosupport,3.8311267908933725e-10,False,4.993563707461729e-11
123,20122,Weight,6.977515848276814e-10,False,2.8300956756406966e-10
123,20122,Grip,0.011051779105991135,True,0.016064114055302118
124,20123,OFT_distance,0.0008584889144535834,True,0.0001402415582704192
124,20123,Average_speed_OFT,-0.03427355545572599,True,-3.2044453830983355
124,20123,Total_time_mobile_OFT,-3.6316842835456176e-22,False,-3.764692235944631e-24
124,20123,Absolute_turn_angle_OFT,-5.742357563458106e-22,False,-5.025315621089937e-26
124,20123,Time_inCenter_OFT,3.7363161302739104e-22,False,8.504170293988894e-24
124,20123,Total_distance_travelled_NOR1,-4.201372894422902e-22,False,-8.403689234187493e-23
124,20123,Average_speed_NOR1,9.104252186611156e-06,True,0.0010913737948959699
124,20123,Time_investigating_Piramidka_NOR1,-1.4626318022825236e-21,False,-3.1959657791791497e-22
124,20123,Latency_to_first_investigation_Piramidka_NOR1,-0.0287443268188824,True,-0.0002215550583865865
124,20123,Time_investigating_Stakan_NOR1,0.004705661104653813,True,0.0008549208738677944
124,20123,Latency_to_first_investigation_Stakan_NOR1,0.02582026595065779,True,0.00027968929429748976
124,20123,Total_distance_travelled_NOR2,5.911709541661886e-24,False,1.278241090864811e-24
124,20123,Average_speed_NOR2,-0.008745472480124077,True,-1.1428078548348737
124,20123,Time_investigating_Piramidka_zone_NOR2,-0.014124174532683208,True,-0.0017389135312450604
124,20123,Latency_to_first_investigation_Piramidka_zone_NOR2,-0.006398188357663827,True,-4.3698329852384936e-05
124,20123,Time_investigating_Stakan_zone_NOR2,0.04522862987985195,True,0.008457118727885194
124,20123,Latency_to_first_investigation_Stakan_zone_NOR2,0.035123287027966764,True,0.00032523927396742026
124,20123,Learning_T1mean,2.3509798570843086e-21,False,3.993439099757335e-22
124,20123,Learning_T1max,2.9747919622607024e-21,False,4.06698870467228e-22
124,20123,Learning_T1sum,2.3509798169201455e-21,False,9.983597578833454e-23
124,20123,Learning_T2mean,0.0005461927400367429,True,6.308678105412044e-05
124,20123,Learning_T2max,4.1531326601072755e-22,False,3.996763610095357e-23
124,20123,Learning_T2sum,0.0005461927400367676,True,1.5771695263530825e-05
124,20123,Learning_T3mean,-0.030442704101982118,True,-0.0023862527849801856
124,20123,Learning_T3max,-2.3556290263991876e-23,False,-1.6659026556511917e-24
124,20123,Learning_T3sum,-0.034496035455006534,True,-0.000675993338170023
124,20123,EnduranceT,0.04791290436505852,True,0.0008249083572916349
124,20123,rear_support,0.059583608180425865,True,0.005856952836765144
124,20123,rear_nosupport,-0.012565148288479898,True,-0.0017060732348245103
124,20123,Weight,0.015868082617147047,True,0.006646043144930233
124,20123,Grip,0.03086894732753945,True,0.04688757711048354
125,20124,OFT_distance,0.0010112750701689794,True,0.00016237426164830555
125,20124,Average_speed_OFT,-0.002113479464289027,True,-0.19712569192590276
125,20124,Total_time_mobile_OFT,-0.02165853640786385,True,-0.0002246502279690969
125,20124,Absolute_turn_angle_OFT,0.029630877198811873,True,2.636864943705856e-06
125,20124,Time_inCenter_OFT,-0.034512881493507105,True,-0.0007931966571352708
125,20124,Total_distance_travelled_NOR1,4.129177857449759e-22,False,7.627247311358714e-23
125,20124,Average_speed_NOR1,9.195699403861531e-06,True,0.0010168693411624623
125,20124,Time_investigating_Piramidka_NOR1,1.3269586372094558e-21,False,3.0297025133608326e-22
125,20124,Latency_to_first_investigation_Piramidka_NOR1,-0.03147113642318112,True,-0.0002860526324363902
125,20124,Time_investigating_Stakan_NOR1,3.36577532359629e-22,False,5.2561761355664643e-23
125,20124,Latency_to_first_investigation_Stakan_NOR1,0.009640868164131408,True,7.790859506970141e-05
125,20124,Total_distance_travelled_NOR2,0.010448782144183445,True,0.0018178647949474457
125,20124,Average_speed_NOR2,0.006532681445343001,True,0.6842367831843827
125,20124,Time_investigating_Piramidka_zone_NOR2,2.7657734914747365e-22,False,3.3658760098840124e-23
125,20124,Latency_to_first_investigation_Piramidka_zone_NOR2,-0.04586182222487762,True,-0.0003598812532015111
125,20124,Time_investigating_Stakan_zone_NOR2,0.007553654392895058,True,0.001469556966461852
125,20124,Latency_to_first_investigation_Stakan_zone_NOR2,0.04355808209919534,True,0.00043292485803636944
125,20124,Learning_T1mean,-1.939273103406642e-22,False,-3.3542876133841585e-23
125,20124,Learning_T1max,-0.0032820843814080312,True,-0.0004401696880532947
125,20124,Learning_T1sum,-1.939273103406642e-22,False,-8.385719033460396e-24
125,20124,Learning_T2mean,0.016054053386030828,True,0.0019219598067050491
125,20124,Learning_T2max,-3.9882500314596946e-22,False,-4.00652741079668e-23
125,20124,Learning_T2sum,0.01634640338506029,True,0.000489239843901515
125,20124,Learning_T3mean,-0.009141094609507664,True,-0.0007190500037648674
125,20124,Learning_T3max,-1.9252409009837053e-24,False,-1.338639910906324e-25
125,20124,Learning_T3sum,-0.021631934968248424,True,-0.00042539880574538085
125,20124,EnduranceT,-1.931729368659268e-22,False,-3.2225813694840882e-24
125,20124,rear_support,0.02670323322642438,True,0.0028248485921652184
125,20124,rear_nosupport,-0.010938708012797886,True,-0.0012961959203489544
125,20124,Weight,-8.147978376065192e-23,False,-3.45904210924111e-23
125,20124,Grip,0.09117933096220607,True,0.15565337934665321
126,20125,OFT_distance,-0.00010522669249525676,True,-1.7984134708125862e-05
126,20125,Average_speed_OFT,-0.010866602647941564,True,-1.1167465117133701
126,20125,Total_time_mobile_OFT,-0.02039857768440287,True,-0.00021370067800409
126,20125,Absolute_turn_angle_OFT,0.05312663167587529,True,4.8485370457624515e-06
126,20125,Time_inCenter_OFT,-0.06376450988832623,True,-0.0017618212650742054
126,20125,Total_distance_travelled_NOR1,-1.4146061102978437e-22,False,-2.6590973360814124e-23
126,20125,Average_speed_NOR1,4.793681881126821e-06,True,0.0005385317352080143
126,20125,Time_investigating_Piramidka_NOR1,-4.50697642096503e-22,False,-9.8147067540144e-23
126,20125,Latency_to_first_investigation_Piramidka_NOR1,-0.05657682711770017,True,-0.0004313892627321808
126,20125,Time_investigating_Stakan_NOR1,-1.5912528515858831e-22,False,-2.4555895561376167e-23
126,20125,Latency_to_first_investigation_Stakan_NOR1,-1.1525452355280963e-22,False,-9.332618827127384e-25
126,20125,Total_distance_travelled_NOR2,1.7287764268485725e-22,False,2.878849883181597e-23
126,20125,Average_speed_NOR2,4.483991677937015e-23,False,4.503232612214578e-21
126,20125,Time_investigating_Piramidka_zone_NOR2,-0.0035456137950058667,True,-0.00042732635645579886
126,20125,Latency_to_first_investigation_Piramidka_zone_NOR2,-1.921458619517036e-23,False,-1.350717048825427e-25
126,20125,Time_investigating_Stakan_zone_NOR2,-7.874015807808763e-23,False,-1.4683370466680567e-23
126,20125,Latency_to_first_investigation_Stakan_zone_NOR2,0.03620215027814523,True,0.00032679921122915506
126,20125,Learning_T1mean,-1.4441978848074284e-22,False,-2.4277747432871495e-23
126,20125,Learning_T1max,-0.01768700414610672,True,-0.002379364268034257
126,20125,Learning_T1sum,-1.4441970900285072e-22,False,-6.069433518052008e-24
126,20125,Learning_T2mean,0.0036708755520824267,True,0.0004237872335513337
126,20125,Learning_T2max,0.011797716317411049,True,0.0011856090096904245
126,20125,Learning_T2sum,0.010672067917820594,True,0.0003080114045680115
126,20125,Learning_T3mean,-0.019316078224874956,True,-0.001478117430242081
126,20125,Learning_T3max,1.3496479582264974e-22,False,9.23504024310927e-24
126,20125,Learning_T3sum,-0.033311138400992285,True,-0.000637264119021652
126,20125,EnduranceT,1.1422263492317043e-22,False,1.8337918171419804e-24
126,20125,rear_support,0.033771583398654506,True,0.003747201794175306
126,20125,rear_nosupport,-0.003214887569481683,True,-0.00040731739744869394
126,20125,Weight,0.00868102822603493,True,0.0040078526923473575
126,20125,Grip,0.06954209513542797,True,0.10591549468095923
127,20126,OFT_distance,0.0011887451439391691,True,0.00019284015309292126
127,20126,Average_speed_OFT,-0.07546108552487898,True,-7.163628617555156
127,20126,Total_time_mobile_OFT,-1.3513683595950538e-22,False,-1.3396229723527388e-24
127,20126,Absolute_turn_angle_OFT,0.05150570303625034,True,4.288497107223426e-06
127,20126,Time_inCenter_OFT,-0.02504017203623642,True,-0.000595231774284892
127,20126,Total_distance_travelled_NOR1,3.255410389098918e-22,False,5.689573887796092e-23
127,20126,Average_speed_NOR1,9.172586430541486e-06,True,0.0009612909969437632
127,20126,Time_investigating_Piramidka_NOR1,1.5129048019038234e-22,False,3.3543990704102877e-23
127,20126,Latency_to_first_investigation_Piramidka_NOR1,-0.040336355879177346,True,-0.0003047035712919737
127,20126,Time_investigating_Stakan_NOR1,0.0058293546408919195,True,0.0009340951874819155
127,20126,Latency_to_first_investigation_Stakan_NOR1,0.01906674433794434,True,0.00016238970050606646
127,20126,Total_distance_travelled_NOR2,-4.020945650637996e-23,False,-6.509351894888833e-24
127,20126,Average_speed_NOR2,2.9423733460966294e-22,False,2.870145876058752e-20
127,20126,Time_investigating_Piramidka_zone_NOR2,-0.01350945048650762,True,-0.0015562366234402106
127,20126,Latency_to_first_investigation_Piramidka_zone_NOR2,-0.01716044605075879,True,-0.0001360716587167217
127,20126,Time_investigating_Stakan_zone_NOR2,0.04759967649388153,True,0.009014878109137335
127,20126,Latency_to_first_investigation_Stakan_zone_NOR2,0.052345391398296054,True,0.0004493792509406822
127,20126,Learning_T1mean,-4.4015984801747395e-23,False,-6.9344100866279e-24
127,20126,Learning_T1max,-0.03554794468951225,True,-0.004672806780249691
127,20126,Learning_T1sum,-1.9821799476364071e-22,False,-7.806964154222326e-24
127,20126,Learning_T2mean,0.03118489667109972,True,0.0035665895007151497
127,20126,Learning_T2max,-2.8549205257480236e-22,False,-2.739769957462677e-23
127,20126,Learning_T2sum,1.344925354456902e-23,False,3.8454485668514086e-25
127,20126,Learning_T3mean,-0.03331102763682028,True,-0.002528615861156317
127,20126,Learning_T3max,-1.681665540291085e-22,False,-1.1675834969929304e-23
127,20126,Learning_T3sum,-0.020012301829356705,True,-0.00037977981627940346
127,20126,EnduranceT,0.0015273658502927853,True,2.72002477736755e-05
127,20126,rear_support,0.07977825717951473,True,0.008253868779324049
127,20126,rear_nosupport,-0.014062459468484768,True,-0.0019238645961388687
127,20126,Weight,0.032553709540871854,True,0.015156409826594233
127,20126,Grip,0.08537962516189537,True,0.13845951536171278
128,20127,OFT_distance,0.0007538178823663178,True,0.00012097309064235183
128,20127,Average_speed_OFT,-0.020149815789437624,True,-1.8416288439118007
128,20127,Total_time_mobile_OFT,-0.03456759467635741,True,-0.0003489109519782163
128,20127,Absolute_turn_angle_OFT,0.04504500400698838,True,3.903724482888794e-06
128,20127,Time_inCenter_OFT,-0.045349531958543236,True,-0.001044725676058511
128,20127,Total_distance_travelled_NOR1,-1.3812659347272093e-22,False,-2.3843865776089126e-23
128,20127,Average_speed_NOR1,9.931708676199097e-06,True,0.0010274384329149598
128,20127,Time_investigating_Piramidka_NOR1,0.029358397691370944,True,0.006344508145302191
128,20127,Latency_to_first_investigation_Piramidka_NOR1,-0.032587980624109565,True,-0.00024594471032745837
128,20127,Time_investigating_Stakan_NOR1,4.770185174645177e-23,False,8.066136290041478e-24
128,20127,Latency_to_first_investigation_Stakan_NOR1,0.028926557007981517,True,0.00025704489319688375
128,20127,Total_distance_travelled_NOR2,-0.001488299073275095,True,-0.0002534474468845268
128,20127,Average_speed_NOR2,-0.01606313220294283,True,-1.6516178904165593
128,20127,Time_investigating_Piramidka_zone_NOR2,2.909056778321559e-22,False,3.799334663557806e-23
128,20127,Latency_to_first_investigation_Piramidka_zone_NOR2,2.813599074608047e-22,False,2.1202217257041513e-24
128,20127,Time_investigating_Stakan_zone_NOR2,0.011434851981567245,True,0.0021755444308318114
128,20127,Latency_to_first_investigation_Stakan_zone_NOR2,0.03396579221870771,True,0.00036378820411979917
128,20127,Learning_T1mean,5.144969531375831e-22,False,7.9387491398666e-23
128,20127,Learning_T1max,5.191009089312848e-22,False,6.734019614872505e-23
128,20127,Learning_T1sum,5.144969908840627e-22,False,1.9846874305748168e-23
128,20127,Learning_T2mean,0.022228987219763532,True,0.002611881752704141
128,20127,Learning_T2max,0.0155289093711576,True,0.0015904908638034072
128,20127,Learning_T2sum,-1.24425830107302e-22,False,-3.6549748309426666e-24
128,20127,Learning_T3mean,-0.03457308506943351,True,-0.0029975640601665743
128,20127,Learning_T3max,8.010463725669472e-24,False,6.33923679040468e-25
128,20127,Learning_T3sum,-0.03457308506943351,True,-0.0007493910150416436
128,20127,EnduranceT,0.03841577750736534,True,0.0006562307638115479
128,20127,rear_support,0.07019288892603616,True,0.006925998198609917
128,20127,rear_nosupport,-0.014896210632554986,True,-0.0017933218070042246
128,20127,Weight,0.020472354073959774,True,0.008426651826905404
128,20127,Grip,0.06720152378751736,True,0.1060490372745009
129,20128,OFT_distance,0.0015724196775225598,True,0.00025498419588618703
129,20128,Average_speed_OFT,-0.032792127608119996,True,-3.10835375900835
129,20128,Total_time_mobile_OFT,-0.010207861876140312,True,-0.00010284388092494237
129,20128,Absolute_turn_angle_OFT,1.2325272099130677e-22,False,1.0389039518531595e-26
129,20128,Time_inCenter_OFT,-0.04278030661839563,True,-0.0009937089128945766
129,20128,Total_distance_travelled_NOR1,-2.6436981055256246e-22,False,-5.501164683945496e-23
129,20128,Average_speed_NOR1,-5.032195217271888e-06,True,-0.000626627306077944
129,20128,Time_investigating_Piramidka_NOR1,0.0043129687824461456,True,0.001003704847260284
129,20128,Latency_to_first_investigation_Piramidka_NOR1,-0.04164885321159213,True,-0.0003224477684493519
129,20128,Time_investigating_Stakan_NOR1,0.01694853211942615,True,0.002976737709800252
129,20128,Latency_to_first_investigation_Stakan_NOR1,0.004287872808054942,True,3.896552338316034e-05
129,20128,Total_distance_travelled_NOR2,3.7789067148981357e-23,False,8.124011822083696e-24
129,20128,Average_speed_NOR2,1.8220701266855475e-23,False,2.359851483050643e-21
129,20128,Time_investigating_Piramidka_zone_NOR2,-0.03714093891459734,True,-0.004774879243016052
129,20128,Latency_to_first_investigation_Piramidka_zone_NOR2,-0.00632822711305413,True,-4.219286968195372e-05
129,20128,Time_investigating_Stakan_zone_NOR2,0.002763975301865221,True,0.0005586950479070322
129,20128,Latency_to_first_investigation_Stakan_zone_NOR2,-7.143860829035005e-23,False,-6.093534834064147e-25
129,20128,Learning_T1mean,4.867815277944058e-23,False,8.376065397977548e-24
129,20128,Learning_T1max,-0.01593177333797809,True,-0.0021227690106139356
129,20128,Learning_T1sum,9.024347540000225e-23,False,3.8820559559649525e-24
129,20128,Learning_T2mean,1.2550313010559017e-22,False,1.5170665557303568e-23
129,20128,Learning_T2max,-3.882089738545333e-24,False,-3.955075798714615e-25
129,20128,Learning_T2sum,1.346074394173154e-22,False,4.0677958454243654e-24
129,20128,Learning_T3mean,-6.824321138982726e-24,False,-5.397181396835984e-25
129,20128,Learning_T3max,-1.0285459245235093e-22,False,-7.342401937596729e-24
129,20128,Learning_T3sum,-0.004860101755632327,True,-9.609326058964902e-05
129,20128,EnduranceT,-5.968304061309253e-23,False,-1.0825853645771623e-24
129,20128,rear_support,0.022190213883309457,True,0.0023058555884264095
129,20128,rear_nosupport,-0.014596917147387712,True,-0.0018425724784519647
129,20128,Weight,0.02039252368865994,True,0.008468143102931959
129,20128,Grip,0.035311783086584156,True,0.05931515736980784
130,20129,OFT_distance,-0.0010974367192299176,True,-0.00017919256278253515
130,20129,Average_speed_OFT,-3.2310999886587773e-21,False,-3.0719315108995293e-19
130,20129,Total_time_mobile_OFT,-0.008026532858596292,True,-8.398724702686602e-05
130,20129,Absolute_turn_angle_OFT,3.470741971916943e-21,False,3.064128372909625e-25
130,20129,Time_inCenter_OFT,-0.04553549100718437,True,-0.0011658128486405589
130,20129,Total_distance_travelled_NOR1,-6.33649524015203e-21,False,-1.148211027930178e-21
130,20129,Average_speed_NOR1,-3.622611280439932e-06,True,-0.0003931553663212072
130,20129,Time_investigating_Piramidka_NOR1,5.298375103548208e-21,False,1.1909147679256023e-21
130,20129,Latency_to_first_investigation_Piramidka_NOR1,-0.005415241923745093,True,-4.252036792706401e-05
130,20129,Time_investigating_Stakan_NOR1,0.0021635769326179255,True,0.0003565874444904543
130,20129,Latency_to_first_investigation_Stakan_NOR1,0.004305274827233728,True,3.557910819040374e-05
130,20129,Total_distance_travelled_NOR2,2.977971882661587e-22,False,5.183389567399882e-23
130,20129,Average_speed_NOR2,2.0700311024130496e-22,False,2.1819506746613602e-20
130,20129,Time_investigating_Piramidka_zone_NOR2,-0.03059460858887822,True,-0.003708325406240513
130,20129,Latency_to_first_investigation_Piramidka_zone_NOR2,9.791079935765097e-22,False,6.801600634403683e-24
130,20129,Time_investigating_Stakan_zone_NOR2,0.04345572024058281,True,0.00868243329307563
130,20129,Latency_to_first_investigation_Stakan_zone_NOR2,3.968559924155376e-21,False,3.412995499903674e-23
130,20129,Learning_T1mean,-2.735108941568688e-22,False,-4.4984651557010874e-23
130,20129,Learning_T1max,-2.373046955973877e-21,False,-3.1791116768643044e-22
130,20129,Learning_T1sum,-2.7351085484508194e-22,False,-1.1246161272839009e-23
130,20129,Learning_T2mean,0.002810294824189015,True,0.0003437512637899393
130,20129,Learning_T2max,-2.888569340698604e-21,False,-2.9804029071478075e-22
130,20129,Learning_T2sum,0.0002494054835801322,True,7.626730960652151e-06
130,20129,Learning_T3mean,-0.016334935449142045,True,-0.001440831237436609
130,20129,Learning_T3max,-2.226689286287868e-22,False,-1.7570780023203256e-23
130,20129,Learning_T3sum,-0.02692074039011157,True,-0.000593639378156089
130,20129,EnduranceT,-3.712160216200969e-21,False,-5.943307033978213e-23
130,20129,rear_support,0.01866951693240606,True,0.002020732936535209
130,20129,rear_nosupport,-4.7181547375967314e-21,False,-5.970188641493774e-22
130,20129,Weight,0.03663492203493642,True,0.016273875361785595
130,20129,Grip,0.041208783022949044,True,0.06480640349967039
131,20130,OFT_distance,0.0007653637663457658,True,0.00012201131426513806
131,20130,Average_speed_OFT,-0.03070461047100711,True,-2.925067732018574
131,20130,Total_time_mobile_OFT,3.769469954767108e-22,False,3.846114505526738e-24
131,20130,Absolute_turn_angle_OFT,-1.2511516696273768e-23,False,-1.0949257473687598e-27
131,20130,Time_inCenter_OFT,-0.03918249682950868,True,-0.0011483871759212297
131,20130,Total_distance_travelled_NOR1,-4.11523306074905e-22,False,-7.457855958211366e-23
131,20130,Average_speed_NOR1,-1.0492422877337461e-06,True,-0.00011407115103574081
131,20130,Time_investigating_Piramidka_NOR1,-8.856907623178517e-22,False,-2.2132934077959324e-22
131,20130,Latency_to_first_investigation_Piramidka_NOR1,-0.005412593348107131,True,-4.7206181282109206e-05
131,20130,Time_investigating_Stakan_NOR1,-4.794353059861501e-22,False,-8.046446306640775e-23
131,20130,Latency_to_first_investigation_Stakan_NOR1,0.0010137930608751595,True,8.243366381367992e-06
131,20130,Total_distance_travelled_NOR2,0.016570491718402778,True,0.00286646446655888
131,20130,Average_speed_NOR2,0.007901903291397278,True,0.8227120741965733
131,20130,Time_investigating_Piramidka_zone_NOR2,-1.4840863044388182e-22,False,-1.8224032318468994e-23
131,20130,Latency_to_first_investigation_Piramidka_zone_NOR2,-3.7666612323809856e-23,False,-2.700132055324925e-25
131,20130,Time_investigating_Stakan_zone_NOR2,0.029649372269938,True,0.006498655882138406
131,20130,Latency_to_first_investigation_Stakan_zone_NOR2,0.03129963643546284,True,0.0002558452659924338
131,20130,Learning_T1mean,-2.9504690986683516e-24,False,-5.978107317717428e-25
131,20130,Learning_T1max,-0.02472887759422022,True,-0.0035910369797391584
131,20130,Learning_T1sum,4.253120777087507e-23,False,2.154370338272507e-24
131,20130,Learning_T2mean,2.1325917199876505e-22,False,2.589548386640936e-23
131,20130,Learning_T2max,6.112336298619942e-22,False,6.401085033954786e-23
131,20130,Learning_T2sum,1.6551231355979245e-22,False,5.024428029647081e-24
131,20130,Learning_T3mean,-0.0038874673925226584,True,-0.0003149825924990585
131,20130,Learning_T3max,-7.798936598142484e-24,False,-5.619976100722018e-25
131,20130,Learning_T3sum,-0.0015777590564997747,True,-3.1959537391301153e-05
131,20130,EnduranceT,-4.406645462442909e-23,False,-7.534440436559978e-25
131,20130,rear_support,0.014244247826334206,True,0.00149953941673916
131,20130,rear_nosupport,-0.0035539469051838815,True,-0.0004602718185252952
131,20130,Weight,0.03859726811046688,True,0.016677943431877652
131,20130,Grip,0.056921410429347244,True,0.09030619825854326
132,20131,OFT_distance,0.0005677010125851665,True,9.110004143584121e-05
132,20131,Average_speed_OFT,-0.01651767954826517,True,-1.5354467738332702
132,20131,Total_time_mobile_OFT,-3.7840682424324446e-22,False,-3.681034026899842e-24
132,20131,Absolute_turn_angle_OFT,4.041984585149093e-22,False,3.3422927455614715e-26
132,20131,Time_inCenter_OFT,-0.0184865884406788,True,-0.00045554804620349633
132,20131,Total_distance_travelled_NOR1,-3.022530311847559e-22,False,-5.0665758613146325e-23
132,20131,Average_speed_NOR1,-6.545927294340144e-07,False,-6.582734593164141e-05
132,20131,Time_investigating_Piramidka_NOR1,0.00447562686306389,True,0.001008623446856178
132,20131,Latency_to_first_investigation_Piramidka_NOR1,-0.00880637543087725,True,-6.714906046034683e-05
132,20131,Time_investigating_Stakan_NOR1,-1.1383939474434481e-22,False,-1.8848739091700365e-23
132,20131,Latency_to_first_investigation_Stakan_NOR1,3.363521488586149e-23,False,2.640883826298934e-25
132,20131,Total_distance_travelled_NOR2,-1.9098199066782498e-22,False,-3.1025683861270015e-23
132,20131,Average_speed_NOR2,-1.970239370720234e-22,False,-1.9296581794988676e-20
132,20131,Time_investigating_Piramidka_zone_NOR2,-2.8913694090329633e-22,False,-3.682251136666087e-23
132,20131,Latency_to_first_investigation_Piramidka_zone_NOR2,-3.4702874020450486e-22,False,-2.6037800636982164e-24
132,20131,Time_investigating_Stakan_zone_NOR2,0.014486204313848143,True,0.002762404656408501
132,20131,Latency_to_first_investigation_Stakan_zone_NOR2,0.008805654532427992,True,8.100614167495224e-05
132,20131,Learning_T1mean,-1.7700705831569435e-22,False,-2.9342796806798257e-23
132,20131,Learning_T1max,-0.0009229384105803937,True,-0.00012494304709336263
132,20131,Learning_T1sum,-1.0005570241977124e-22,False,-4.146606035659578e-24
132,20131,Learning_T2mean,0.0015879722707643567,True,0.00018397547649910654
132,20131,Learning_T2max,-1.0929415011923973e-22,False,-1.0684853005651734e-23
132,20131,Learning_T2sum,2.388379508603073e-05,True,6.917678385285175e-07
132,20131,Learning_T3mean,-2.135271146633668e-22,False,-1.6613988441626064e-23
132,20131,Learning_T3max,-1.3977344118068834e-22,False,-9.848554174688381e-24
132,20131,Learning_T3sum,-1.770303128567909e-22,False,-3.443566846600542e-24
132,20131,EnduranceT,-1.284636764672134e-22,False,-2.1342920890539684e-24
132,20131,rear_support,0.005055271925778828,True,0.0005339246481079654
132,20131,rear_nosupport,-0.004053122811423372,True,-0.0004905158094577151
132,20131,Weight,3.11146344008462e-22,False,1.206963893268547e-22
132,20131,Grip,0.011774939812865846,True,0.017974960266138883
133,20132,OFT_distance,0.00081407137951307,True,0.0001290394587637706
133,20132,Average_speed_OFT,-0.011199687621220752,True,-1.0410980656026798
133,20132,Total_time_mobile_OFT,-2.0473920660076378e-22,False,-2.041641709088246e-24
133,20132,Absolute_turn_angle_OFT,1.8043221912796226e-22,False,1.5757475116127497e-26
133,20132,Time_inCenter_OFT,-0.02510945105620984,True,-0.0005761696591132984
133,20132,Total_distance_travelled_NOR1,2.2142891832398647e-22,False,4.026870912138979e-23
133,20132,Average_speed_NOR1,-5.48263669488369e-06,True,-0.0005967157969843774
133,20132,Time_investigating_Piramidka_NOR1,-0.04998468884370261,True,-0.011963477452149408
133,20132,Latency_to_first_investigation_Piramidka_NOR1,-0.03168853663799865,True,-0.00024710169584111726
133,20132,Time_investigating_Stakan_NOR1,-0.010360232767730692,True,-0.0017100044301553256
133,20132,Latency_to_first_investigation_Stakan_NOR1,2.187677610129799e-22,False,1.7664259156250975e-24
133,20132,Total_distance_travelled_NOR2,0.0018034635071574382,True,0.00030379171849435893
133,20132,Average_speed_NOR2,1.828298471704715e-22,False,1.86193356538386e-20
133,20132,Time_investigating_Piramidka_zone_NOR2,8.691341211282592e-23,False,1.058659021114485e-23
133,20132,Latency_to_first_investigation_Piramidka_zone_NOR2,1.384634433489968e-22,False,1.0422886148050135e-24
133,20132,Time_investigating_Stakan_zone_NOR2,0.05740324926258743,True,0.01084618272601405
133,20132,Latency_to_first_investigation_Stakan_zone_NOR2,0.012020443853803008,True,0.0001151939382163117
133,20132,Learning_T1mean,8.984772445527135e-23,False,1.5975003801181647e-23
133,20132,Learning_T1max,-0.02763437068175905,True,-0.0043550531673995745
133,20132,Learning_T1sum,1.698992985362683e-22,False,7.552060879644635e-24
133,20132,Learning_T2mean,-1.6154824720834602e-22,False,-2.1182441446507395e-23
133,20132,Learning_T2max,-1.676166297382608e-22,False,-1.8275347450321926e-23
133,20132,Learning_T2sum,-1.4391547723536028e-22,False,-4.717601741993234e-24
133,20132,Learning_T3mean,6.963778495253049e-23,False,5.626469037925548e-24
133,20132,Learning_T3max,-8.778756744375181e-23,False,-6.3347364529998575e-24
133,20132,Learning_T3sum,-0.0020875556298785443,True,-4.2166645322167105e-05
133,20132,EnduranceT,-4.0423184385067976e-22,False,-6.623730409117719e-24
133,20132,rear_support,0.025628222740062167,True,0.002694234482372438
133,20132,rear_nosupport,-0.006918355559503415,True,-0.0008711256975490244
133,20132,Weight,0.024108804201138558,True,0.010243036140221424
133,20132,Grip,0.045340254384622525,True,0.07473137687454204
134,20133,OFT_distance,0.0012184926935958238,True,0.0002082442058880519
134,20133,Average_speed_OFT,4.9027400165073754e-21,False,4.994857617834803e-19
134,20133,Total_time_mobile_OFT,0.01616019905248002,True,0.00018727824078775205
134,20133,Absolute_turn_angle_OFT,4.801381154130851e-21,False,4.567374990686796e-25
134,20133,Time_inCenter_OFT,-0.025808222267869777,True,-0.0007754066552919583
134,20133,Total_distance_travelled_NOR1,2.1379081418854893e-22,False,3.7146728559153285e-23
134,20133,Average_speed_NOR1,2.8218285336156046e-05,True,0.002939007092253226
134,20133,Time_investigating_Piramidka_NOR1,9.683295371131611e-23,False,2.1040563323548726e-23
134,20133,Latency_to_first_investigation_Piramidka_NOR1,-0.015100390246489867,True,-0.00013293187990304523
134,20133,Time_investigating_Stakan_NOR1,-2.7811043595024577e-21,False,-4.705744992483804e-22
134,20133,Latency_to_first_investigation_Stakan_NOR1,0.009551714791109035,True,7.596955731325531e-05
134,20133,Total_distance_travelled_NOR2,6.56558533526259e-22,False,1.0640064012280086e-22
134,20133,Average_speed_NOR2,3.700840597202013e-22,False,3.615790650033525e-20
134,20133,Time_investigating_Piramidka_zone_NOR2,-2.2261734186408135e-21,False,-2.5152842446817906e-22
134,20133,Latency_to_first_investigation_Piramidka_zone_NOR2,1.1324889583996158e-21,False,7.893493113744994e-24
134,20133,Time_investigating_Stakan_zone_NOR2,0.024853270464903755,True,0.004448707867302993
134,20133,Latency_to_first_investigation_Stakan_zone_NOR2,0.006417220982344969,True,5.104103888128751e-05
134,20133,Learning_T1mean,-1.7997251621049876e-21,False,-3.3518720590123785e-22
134,20133,Learning_T1max,-0.03757842060576597,True,-0.0064980959107127255
134,20133,Learning_T1sum,-1.722243197606704e-21,False,-8.018917241411122e-23
134,20133,Learning_T2mean,0.0006280936875314075,True,8.162016635061364e-05
134,20133,Learning_T2max,4.0623347030451416e-22,False,4.551414988694087e-23
134,20133,Learning_T2sum,0.0035573202199945175,True,0.00011556757928085183
134,20133,Learning_T3mean,4.155620309318604e-22,False,3.427568872994161e-23
134,20133,Learning_T3max,3.303221936845611e-22,False,2.484214011939808e-23
134,20133,Learning_T3sum,4.534838412061341e-22,False,9.3508729312835e-24
134,20133,EnduranceT,0.02182168812600691,True,0.00037243747302645696
134,20133,rear_support,-9.6628876790491e-22,False,-1.0129396998499827e-22
134,20133,rear_nosupport,5.869358536132454e-21,False,8.562549926341281e-22
134,20133,Weight,-0.0013029056546506232,True,-0.000556532719211305
134,20133,Grip,0.013848747159573745,True,0.021286663813172308
135,20134,OFT_distance,0.0021716694608953147,True,0.00038009138961172937
135,20134,Average_speed_OFT,-0.03901306646817953,True,-3.9609732525234835
135,20134,Total_time_mobile_OFT,-0.029845962786826077,True,-0.0003067087583453772
135,20134,Absolute_turn_angle_OFT,0.04778672209800155,True,4.181707602721389e-06
135,20134,Time_inCenter_OFT,-0.07678473576811033,True,-0.0018967509155511746
135,20134,Total_distance_travelled_NOR1,8.340249926440115e-22,False,1.472906837168926e-22
135,20134,Average_speed_NOR1,-2.2782285878208525e-06,True,-0.0002411170136165043
135,20134,Time_investigating_Piramidka_NOR1,0.01112929647933332,True,0.002473434689981118
135,20134,Latency_to_first_investigation_Piramidka_NOR1,-0.06329797306434116,True,-0.0005219095088341211
135,20134,Time_investigating_Stakan_NOR1,0.021444176039335315,True,0.003461696274947102
135,20134,Latency_to_first_investigation_Stakan_NOR1,0.03404030406490015,True,0.00028174528650683656
135,20134,Total_distance_travelled_NOR2,-8.775897976796712e-23,False,-1.449694569851757e-23
135,20134,Average_speed_NOR2,-0.010805991835791359,True,-1.0773410672206385
135,20134,Time_investigating_Piramidka_zone_NOR2,-0.018630417402180664,True,-0.00260433377550996
135,20134,Latency_to_first_investigation_Piramidka_zone_NOR2,-0.008105436378762725,True,-5.876233092668253e-05
135,20134,Time_investigating_Stakan_zone_NOR2,-6.2747564260064695e-22,False,-1.1926410295246979e-22
135,20134,Latency_to_first_investigation_Stakan_zone_NOR2,0.036355116972050724,True,0.0002983049142945233
135,20134,Learning_T1mean,-0.017655566136865575,True,-0.003126483504412159
135,20134,Learning_T1max,-0.006390815957325242,True,-0.0009869704403739996
135,20134,Learning_T1sum,-0.017655566136865627,True,-0.000781620876103042
135,20134,Learning_T2mean,-8.478774735695931e-22,False,-1.0724753452222935e-22
135,20134,Learning_T2max,0.014832852947770356,True,0.0015880670956644853
135,20134,Learning_T2sum,-6.644189425804852e-22,False,-2.1010492583801073e-23
135,20134,Learning_T3mean,1.213694064946406e-22,False,9.538456807436996e-24
135,20134,Learning_T3max,-1.7433186610378117e-23,False,-1.2139524129650116e-24
135,20134,Learning_T3sum,-0.011522733526681398,True,-0.00022639374126936598
135,20134,EnduranceT,0.024439057937604664,True,0.0004094162065325826
135,20134,rear_support,0.05970238048549006,True,0.00752199126184629
135,20134,rear_nosupport,5.950799125602777e-22,False,7.380366358430605e-23
135,20134,Weight,2.0816516312983814e-22,False,8.697038015659724e-23
135,20134,Grip,0.06982555830363973,True,0.11273525588946468
136,20135,OFT_distance,0.0009114705123737635,True,0.0001490109713032615
136,20135,Average_speed_OFT,-0.050798510518322786,True,-4.627862061388074
136,20135,Total_time_mobile_OFT,-0.01014386905889332,True,-0.0001018877406741578
136,20135,Absolute_turn_angle_OFT,-6.077374137778966e-21,False,-5.223461913156837e-25
136,20135,Time_inCenter_OFT,-0.03120042336639049,True,-0.0006921396969152024
136,20135,Total_distance_travelled_NOR1,0.004336701235611238,True,0.0008894455093276151
136,20135,Average_speed_NOR1,1.562495328927053e-07,False,1.9273291945159884e-05
136,20135,Time_investigating_Piramidka_NOR1,0.01337537099051146,True,0.0029893899416419036
136,20135,Latency_to_first_investigation_Piramidka_NOR1,-0.0592053786512524,True,-0.00045730120488261133
136,20135,Time_investigating_Stakan_NOR1,-5.012564818128844e-21,False,-9.702850055660287e-22
136,20135,Latency_to_first_investigation_Stakan_NOR1,0.020188157065228404,True,0.0001865403743174197
136,20135,Total_distance_travelled_NOR2,-0.0014801203344123077,True,-0.0003283077974872914
136,20135,Average_speed_NOR2,-1.4570104902594134e-21,False,-1.9424273205056102e-19
136,20135,Time_investigating_Piramidka_zone_NOR2,-0.03318288120922452,True,-0.004706390970441245
136,20135,Latency_to_first_investigation_Piramidka_zone_NOR2,-0.00882741594583057,True,-5.807280473013613e-05
136,20135,Time_investigating_Stakan_zone_NOR2,0.00029610234292181206,True,6.065701488391754e-05
136,20135,Latency_to_first_investigation_Stakan_zone_NOR2,0.011395167043704092,True,9.584113155160367e-05
136,20135,Learning_T1mean,-3.216866974572558e-21,False,-5.045312980027275e-22
136,20135,Learning_T1max,-0.01331315642854259,True,-0.0016837199504930352
136,20135,Learning_T1sum,-3.2168669745637998e-21,False,-1.2613282450033847e-22
136,20135,Learning_T2mean,-7.79672429119325e-21,False,-9.07138931682746e-22
136,20135,Learning_T2max,-2.4771889503395075e-21,False,-2.488040967863749e-22
136,20135,Learning_T2sum,-7.796724291271644e-21,False,-2.267847329229668e-22
136,20135,Learning_T3mean,-0.0035413516132741353,True,-0.00030313969264445136
136,20135,Learning_T3max,-1.6051809781672372e-21,False,-1.2576764373053542e-22
136,20135,Learning_T3sum,-0.03327413518053652,True,-0.0007120664800573246
136,20135,EnduranceT,0.018530596010520702,True,0.0003117973614289354
136,20135,rear_support,0.07347343026728524,True,0.007198341751298369
136,20135,rear_nosupport,-0.015567955447470064,True,-0.001896295058148767
136,20135,Weight,0.0034121894168350772,True,0.0013292924958906158
136,20135,Grip,0.03428459461343452,True,0.05098345833926344
137,20136,OFT_distance,-0.0011870805671252733,True,-0.00017883984157894103
137,20136,Average_speed_OFT,-0.023727704479275934,True,-2.0809687163795956
137,20136,Total_time_mobile_OFT,-0.005362656916762874,True,-5.091500873402808e-05
137,20136,Absolute_turn_angle_OFT,0.031852671472641585,True,2.6057661126883595e-06
137,20136,Time_inCenter_OFT,-0.064889413126701,True,-0.001729070620989938
137,20136,Total_distance_travelled_NOR1,4.0417880088535424e-21,False,6.78267463662692e-22
137,20136,Average_speed_NOR1,4.4792184816018566e-06,True,0.000451237102380285
137,20136,Time_investigating_Piramidka_NOR1,3.726057456438725e-21,False,7.668480099534711e-22
137,20136,Latency_to_first_investigation_Piramidka_NOR1,4.00508823446782e-21,False,3.097838075613974e-23
137,20136,Time_investigating_Stakan_NOR1,0.0060051909711203244,True,0.000946202436730218
137,20136,Latency_to_first_investigation_Stakan_NOR1,0.007862645479651228,True,6.417042095167996e-05
137,20136,Total_distance_travelled_NOR2,-0.0008831808645934756,True,-0.00014072222386647137
137,20136,Average_speed_NOR2,-0.00068165551667057,True,-0.06556007282571574
137,20136,Time_investigating_Piramidka_zone_NOR2,8.496868596859072e-22,False,9.712178425938637e-23
137,20136,Latency_to_first_investigation_Piramidka_zone_NOR2,-1.7916359632678685e-21,False,-1.3202196352265833e-23
137,20136,Time_investigating_Stakan_zone_NOR2,0.02623563588409843,True,0.0046471805632296226
137,20136,Latency_to_first_investigation_Stakan_zone_NOR2,-8.624384423178851e-21,False,-7.244584157590169e-23
137,20136,Learning_T1mean,5.6044342238620385e-21,False,8.83734459332787e-22
137,20136,Learning_T1max,1.1433060730298183e-20,False,1.482597578444221e-21
137,20136,Learning_T1sum,5.6439804143427616e-21,False,2.2249257376942413e-22
137,20136,Learning_T2mean,0.011400045216781932,True,0.0012904282726751435
137,20136,Learning_T2max,0.030705926253317802,True,0.0030240008421058965
137,20136,Learning_T2sum,-9.62041618549176e-22,False,-2.722457850953276e-23
137,20136,Learning_T3mean,-0.053621925886245536,True,-0.004051766327687673
137,20136,Learning_T3max,-1.5110478570072313e-21,False,-1.0312301189831162e-22
137,20136,Learning_T3sum,-0.044508186729373476,True,-0.000840779071788098
137,20136,EnduranceT,0.016560991059057856,True,0.0002805197894697198
137,20136,rear_support,0.013648858944291858,True,0.0013182508364140203
137,20136,rear_nosupport,6.841726928719173e-21,False,8.562090710219445e-22
137,20136,Weight,0.05405600898116742,True,0.021824753914968322
137,20136,Grip,0.04645480760316657,True,0.07551814821088249
138,20137,OFT_distance,0.0021833925369131907,True,0.0003692412163167966
138,20137,Average_speed_OFT,-0.07437813075112047,True,-7.262968243400492
138,20137,Total_time_mobile_OFT,-0.0298754941053102,True,-0.00035204999149434176
138,20137,Absolute_turn_angle_OFT,0.09602850124725548,True,8.94690039184215e-06
138,20137,Time_inCenter_OFT,-0.014952343277112238,True,-0.0003396365173106222
138,20137,Total_distance_travelled_NOR1,-3.943337086743916e-23,False,-6.623244813330311e-24
138,20137,Average_speed_NOR1,0.00010206892653083319,True,0.01028920509929638
138,20137,Time_investigating_Piramidka_NOR1,0.010182279700760598,True,0.0021753937826449977
138,20137,Latency_to_first_investigation_Piramidka_NOR1,-0.04807373739939114,True,-0.0003643574557588712
138,20137,Time_investigating_Stakan_NOR1,1.1207599212711146e-22,False,1.8187901931359372e-23
138,20137,Latency_to_first_investigation_Stakan_NOR1,-7.153609122270472e-23,False,-5.739116437298787e-25
138,20137,Total_distance_travelled_NOR2,5.752405681817933e-23,False,9.278340966440124e-24
138,20137,Average_speed_NOR2,5.4638807780540596e-24,False,5.311903764259848e-22
138,20137,Time_investigating_Piramidka_zone_NOR2,-0.007468924670062073,True,-0.0008457097798352905
138,20137,Latency_to_first_investigation_Piramidka_zone_NOR2,-0.026658312231204528,True,-0.00018554731956608314
138,20137,Time_investigating_Stakan_zone_NOR2,-2.155115608272524e-24,False,-3.79524608511747e-25
138,20137,Latency_to_first_investigation_Stakan_zone_NOR2,0.032442505906961926,True,0.0002780275543942926
138,20137,Learning_T1mean,-8.309578089096585e-23,False,-1.354901857932822e-23
138,20137,Learning_T1max,-0.049376106367147704,True,-0.007380835786038803
138,20137,Learning_T1sum,-8.30957808904128e-23,False,-3.3872546448095114e-24
138,20137,Learning_T2mean,0.013436246829994678,True,0.0017441985673900453
138,20137,Learning_T2max,-2.3891876835266943e-22,False,-2.6088819575859572e-23
138,20137,Learning_T2sum,0.0038705535295738974,True,0.0001256119734682626
138,20137,Learning_T3mean,-0.027010380457865742,True,-0.0022826284781164163
138,20137,Learning_T3max,-2.2801539504083315e-23,False,-1.723329047770137e-24
138,20137,Learning_T3sum,-0.029944156355294516,True,-0.000632639959999723
138,20137,EnduranceT,0.01910296060244241,True,0.0003454146260838073
138,20137,rear_support,0.08662874224862539,True,0.008529229341386854
138,20137,rear_nosupport,-0.029841773100821676,True,-0.0035897341366485157
138,20137,Weight,1.1758557851268156e-23,False,4.515685300572684e-24
138,20137,Grip,0.08709348877977305,True,0.13749068706420467
139,20138,OFT_distance,0.001486104252692779,True,0.0002240562564575052
139,20138,Average_speed_OFT,3.764222954057229e-21,False,3.3111875908358037e-19
139,20138,Total_time_mobile_OFT,6.601438504455582e-21,False,6.301674398842778e-23
139,20138,Absolute_turn_angle_OFT,0.04937046536050274,True,4.036453636250933e-06
139,20138,Time_inCenter_OFT,-0.025063518404964128,True,-0.0005790535720548419
139,20138,Total_distance_travelled_NOR1,1.3284401194605847e-21,False,2.1606666968640623e-22
139,20138,Average_speed_NOR1,-1.9268589903399815e-06,True,-0.00018835333267990393
139,20138,Time_investigating_Piramidka_NOR1,-1.0496445782197333e-20,False,-2.1108734757437812e-21
139,20138,Latency_to_first_investigation_Piramidka_NOR1,-0.027624184983591333,True,-0.00022703934731069177
139,20138,Time_investigating_Stakan_NOR1,-0.011994490022621068,True,-0.001846015392249771
139,20138,Latency_to_first_investigation_Stakan_NOR1,0.009777533675650305,True,9.115760433953926e-05
139,20138,Total_distance_travelled_NOR2,5.5290998416488954e-21,False,8.638639030640101e-22
139,20138,Average_speed_NOR2,5.770481806334771e-21,False,5.424559805763358e-19
139,20138,Time_investigating_Piramidka_zone_NOR2,-0.004126589830839449,True,-0.00045910440291183085
139,20138,Latency_to_first_investigation_Piramidka_zone_NOR2,-0.013299925310345717,True,-8.814384416306729e-05
139,20138,Time_investigating_Stakan_zone_NOR2,-6.035485058479828e-21,False,-1.09342215523341e-21
139,20138,Latency_to_first_investigation_Stakan_zone_NOR2,0.00641057879969129,True,5.226894829823625e-05
139,20138,Learning_T1mean,2.9063637695126914e-21,False,4.795616364936242e-22
139,20138,Learning_T1max,-0.01167868296697011,True,-0.0015428529387756234
139,20138,Learning_T1sum,2.8667917009035776e-21,False,1.1825802175841986e-22
139,20138,Learning_T2mean,-1.747054004592284e-21,False,-2.139603248175574e-22
139,20138,Learning_T2max,-3.2630362112924187e-21,False,-3.429219835430992e-22
139,20138,Learning_T2sum,-8.314354197679618e-22,False,-2.545630988091451e-23
139,20138,Learning_T3mean,-0.0123377859249917,True,-0.0009659228059816219
139,20138,Learning_T3max,1.0526284079746408e-21,False,7.526241011732308e-23
139,20138,Learning_T3sum,-0.013997431006647658,True,-0.00027396402232689003
139,20138,EnduranceT,0.043209921037346125,True,0.000694894898432664
139,20138,rear_support,5.219734466136543e-22,False,4.994603064653883e-23
139,20138,rear_nosupport,2.9860342917889867e-21,False,3.688543035806881e-22
139,20138,Weight,-0.01624985221343159,True,-0.006518143766900548
139,20138,Grip,0.007993797132719799,True,0.01249011623699129
140,20139,OFT_distance,0.0014796886601463437,True,0.0002280803652847727
140,20139,Average_speed_OFT,-3.539886672039206e-21,False,-3.1672233010326336e-19
140,20139,Total_time_mobile_OFT,-0.02634783692117811,True,-0.00025359386548906327
140,20139,Absolute_turn_angle_OFT,-7.836426458885557e-21,False,-6.512640225550994e-25
140,20139,Time_inCenter_OFT,-0.032493013107279506,True,-0.0007956022439360469
140,20139,Total_distance_travelled_NOR1,-3.201558033807827e-21,False,-6.097860376722229e-22
140,20139,Average_speed_NOR1,3.0931348389225727e-06,True,0.0003541984082006384
140,20139,Time_investigating_Piramidka_NOR1,-7.889946238329962e-21,False,-1.7207848467031487e-21
140,20139,Latency_to_first_investigation_Piramidka_NOR1,-0.016485453365595756,True,-0.0001238214553632948
140,20139,Time_investigating_Stakan_NOR1,-0.0004014384922158837,True,-6.960420511940992e-05
140,20139,Latency_to_first_investigation_Stakan_NOR1,0.005879872053001993,True,5.6296116886733654e-05
140,20139,Total_distance_travelled_NOR2,3.34610100433943e-22,False,6.708026064975477e-23
140,20139,Average_speed_NOR2,7.248143861556604e-22,False,8.742171300032881e-20
140,20139,Time_investigating_Piramidka_zone_NOR2,3.634276415503645e-21,False,4.405438271455354e-22
140,20139,Latency_to_first_investigation_Piramidka_zone_NOR2,1.2767187298018115e-21,False,1.1217304119817323e-23
140,20139,Time_investigating_Stakan_zone_NOR2,0.009865724622564779,True,0.001831132283196236
140,20139,Latency_to_first_investigation_Stakan_zone_NOR2,0.009951025109595717,True,8.639868307104648e-05
140,20139,Learning_T1mean,8.612829345828394e-21,False,1.4872577328315633e-21
140,20139,Learning_T1max,8.063773289408913e-21,False,1.0829666285621868e-21
140,20139,Learning_T1sum,8.612829386336533e-21,False,3.7181443495662054e-22
140,20139,Learning_T2mean,-2.2627337284032916e-21,False,-2.590429941706537e-22
140,20139,Learning_T2max,-1.6338743733938406e-21,False,-1.6234711057060159e-22
140,20139,Learning_T2sum,-2.228630772677931e-21,False,-6.378470221756174e-23
140,20139,Learning_T3mean,-0.0033377486980698525,True,-0.00029132853480806853
140,20139,Learning_T3max,-4.8630741144407036e-23,False,-3.8391277153631365e-24
140,20139,Learning_T3sum,-0.0076845770468090095,True,-0.00016768312822361338
140,20139,EnduranceT,0.03765201124494011,True,0.000612557021332302
140,20139,rear_support,0.009202392234793792,True,0.0008795992250784043
140,20139,rear_nosupport,-2.485576963103077e-21,False,-3.186072326395095e-22
140,20139,Weight,0.0060295320149193485,True,0.002443560113664126
140,20139,Grip,0.0026133986446281,True,0.004193436482559371
141,20140,OFT_distance,0.0020009937148366716,True,0.00035161863111609064
141,20140,Average_speed_OFT,-0.004783100717043691,True,-0.47438621483585747
141,20140,Total_time_mobile_OFT,-0.041098773210023566,True,-0.00042675819494614973
141,20140,Absolute_turn_angle_OFT,0.024074955598382873,True,2.2226357590403864e-06
141,20140,Time_inCenter_OFT,-0.05884077455967317,True,-0.0018198795686345727
141,20140,Total_distance_travelled_NOR1,6.559944685325996e-22,False,1.1843739039732207e-22
141,20140,Average_speed_NOR1,1.1487102532417927e-05,True,0.0012444362033809167
141,20140,Time_investigating_Piramidka_NOR1,0.0015751158449202342,True,0.00035736009337121894
141,20140,Latency_to_first_investigation_Piramidka_NOR1,-0.048227234871986026,True,-0.00036690933996419623
141,20140,Time_investigating_Stakan_NOR1,-4.548063487077479e-22,False,-7.813889027404355e-23
141,20140,Latency_to_first_investigation_Stakan_NOR1,0.015844852104977603,True,0.00013222044613546394
141,20140,Total_distance_travelled_NOR2,-1.5441623525878624e-22,False,-2.671855133137698e-23
141,20140,Average_speed_NOR2,-1.2692916150636582e-22,False,-1.3226356137361568e-20
141,20140,Time_investigating_Piramidka_zone_NOR2,-0.0092059113275446,True,-0.0011926380682465711
141,20140,Latency_to_first_investigation_Piramidka_zone_NOR2,-0.029046600328888117,True,-0.00020493616221746493
141,20140,Time_investigating_Stakan_zone_NOR2,0.0161741997917746,True,0.003355351009270373
141,20140,Latency_to_first_investigation_Stakan_zone_NOR2,0.06821726346685812,True,0.0005798324535221601
141,20140,Learning_T1mean,-2.933664435633233e-22,False,-4.560106310635813e-23
141,20140,Learning_T1max,-0.024848088435756387,True,-0.0033460383080091503
141,20140,Learning_T1sum,-2.933665182611589e-22,False,-1.1400268679359081e-23
141,20140,Learning_T2mean,0.012487759359307524,True,0.0015195480387915755
141,20140,Learning_T2max,2.3913168145450783e-22,False,2.4276817867280577e-23
141,20140,Learning_T2sum,0.002126598509467793,True,6.469272231672123e-05
141,20140,Learning_T3mean,-0.010309843461129202,True,-0.001023272988171102
141,20140,Learning_T3max,5.1152803019787714e-23,False,4.7083123591791825e-24
141,20140,Learning_T3sum,-0.010309843461129191,True,-0.0002558182470427753
141,20140,EnduranceT,0.00977587130321379,True,0.00016393740199196387
141,20140,rear_support,0.0948468798400395,True,0.01053451024171706
141,20140,rear_nosupport,-0.010950778431220708,True,-0.001499248068406845
141,20140,Weight,-6.438195136319112e-22,False,-2.621022858512813e-22
141,20140,Grip,0.06950090372885644,True,0.10946957370859169
142,20141,OFT_distance,0.0003029574934565018,True,4.874989819136282e-05
142,20141,Average_speed_OFT,-0.028054853076073687,True,-2.605424741493371
142,20141,Total_time_mobile_OFT,-0.012221213876328565,True,-0.00011950813749134944
142,20141,Absolute_turn_angle_OFT,1.347884759739999e-21,False,1.1357015542575507e-25
142,20141,Time_inCenter_OFT,-0.035520687884299934,True,-0.0008190740568197144
142,20141,Total_distance_travelled_NOR1,1.5255674027363345e-22,False,2.7332865611352575e-23
142,20141,Average_speed_NOR1,1.248575657781018e-07,False,1.3414425371722282e-05
142,20141,Time_investigating_Piramidka_NOR1,2.84591144931421e-21,False,5.891174247295851e-22
142,20141,Latency_to_first_investigation_Piramidka_NOR1,-0.03587264675189829,True,-0.000313665633548478
142,20141,Time_investigating_Stakan_NOR1,-0.034950886073718504,True,-0.005465363552493307
142,20141,Latency_to_first_investigation_Stakan_NOR1,2.0774801093283695e-21,False,1.7506847277045264e-23
142,20141,Total_distance_travelled_NOR2,0.013298327166298692,True,0.0021243519915811037
142,20141,Average_speed_NOR2,-3.3566389948195156e-22,False,-3.22276438755491e-20
142,20141,Time_investigating_Piramidka_zone_NOR2,-1.3123556193900287e-22,False,-1.5160567320290474e-23
142,20141,Latency_to_first_investigation_Piramidka_zone_NOR2,1.0702475198606378e-21,False,8.238000534778202e-24
142,20141,Time_investigating_Stakan_zone_NOR2,0.02409758757969636,True,0.0044359087781668805
142,20141,Latency_to_first_investigation_Stakan_zone_NOR2,0.03606781158268096,True,0.00031133795988003604
142,20141,Learning_T1mean,-2.62974386920418e-22,False,-4.462981988149962e-23
142,20141,Learning_T1max,-0.02939676843505011,True,-0.003963979170472129
142,20141,Learning_T1sum,-1.079358853019782e-22,False,-4.5794945813822455e-24
142,20141,Learning_T2mean,0.006190523456585695,True,0.0007279026535370162
142,20141,Learning_T2max,2.242669581024613e-22,False,2.3277030067254395e-23
142,20141,Learning_T2sum,-3.594915887147098e-22,False,-1.0567558752697078e-23
142,20141,Learning_T3mean,-0.00932659580663556,True,-0.0007291239386465789
142,20141,Learning_T3max,-2.0432860790114534e-22,False,-1.4259340753853697e-23
142,20141,Learning_T3sum,-0.013262825506937182,True,-0.00025921150041476797
142,20141,EnduranceT,0.03212427392345774,True,0.0005487222198950194
142,20141,rear_support,0.03377737602924355,True,0.0035423186519913112
142,20141,rear_nosupport,-0.010010055767934256,True,-0.001326250836695275
142,20141,Weight,0.04275590279173542,True,0.01743442143097831
142,20141,Grip,0.04220767365621448,True,0.06830068101229722
143,20142,OFT_distance,1.8649151215957344e-18,False,3.1204817344204808e-19
143,20142,Average_speed_OFT,-0.06664647813139471,True,-6.317395238883229
143,20142,Total_time_mobile_OFT,-0.017496949593975453,True,-0.00018260778050938902
143,20142,Absolute_turn_angle_OFT,0.09671916987782227,True,8.316150886074774e-06
143,20142,Time_inCenter_OFT,-0.01747768874484209,True,-0.0003877445062665745
143,20142,Total_distance_travelled_NOR1,6.642556257431774e-20,False,1.1342424120877916e-20
143,20142,Average_speed_NOR1,4.119950192389449e-06,True,0.0004218970848012747
143,20142,Time_investigating_Piramidka_NOR1,0.01679488347263529,True,0.0034090384650970525
143,20142,Latency_to_first_investigation_Piramidka_NOR1,-0.03670327840301821,True,-0.00029761953718112564
143,20142,Time_investigating_Stakan_NOR1,-3.4624213578136805e-20,False,-5.242023232787877e-21
143,20142,Latency_to_first_investigation_Stakan_NOR1,0.0027658643584053157,True,2.1571663183934588e-05
143,20142,Total_distance_travelled_NOR2,1.8576252814452145e-20,False,2.928868882638563e-21
143,20142,Average_speed_NOR2,-0.008619493040574841,True,-0.8185835428878152
143,20142,Time_investigating_Piramidka_zone_NOR2,-0.0473482120865079,True,-0.005299984474889153
143,20142,Latency_to_first_investigation_Piramidka_zone_NOR2,-0.03487585406394673,True,-0.00022933079617614018
143,20142,Time_investigating_Stakan_zone_NOR2,1.3375642592956306e-22,False,2.4076640604662158e-23
143,20142,Latency_to_first_investigation_Stakan_zone_NOR2,0.05084280699079583,True,0.00040943842884446214
143,20142,Learning_T1mean,-8.272958538990805e-21,False,-1.320040142609679e-21
143,20142,Learning_T1max,-0.016311961604555666,True,-0.002137056059507815
143,20142,Learning_T1sum,-8.272958463415376e-21,False,-3.300100326377002e-22
143,20142,Learning_T2mean,0.003759117314131268,True,0.0004216341505922348
143,20142,Learning_T2max,2.6299201599279936e-20,False,2.5460788474658445e-21
143,20142,Learning_T2sum,0.009142223996490523,True,0.00025635498490521596
143,20142,Learning_T3mean,-0.010331995349084681,True,-0.0008774398393914889
143,20142,Learning_T3max,6.810109337104882e-21,False,5.337608036187327e-22
143,20142,Learning_T3sum,-0.014346233063496716,True,-0.00030458677171739634
143,20142,EnduranceT,0.029846427259373396,True,0.0005156212009894274
143,20142,rear_support,0.08609918591092558,True,0.008974246420659332
143,20142,rear_nosupport,-0.010945543045823142,True,-0.0014127506641125778
143,20142,Weight,-0.0048412405599933175,True,-0.0020288367743259428
143,20142,Grip,0.10086869102903685,True,0.1551676883219067
144,20143,OFT_distance,0.0004358159940099188,True,7.170538046679601e-05
144,20143,Average_speed_OFT,-0.006618400739215108,True,-0.6276681311191787
144,20143,Total_time_mobile_OFT,-0.0016530903084148673,True,-1.703383414398241e-05
144,20143,Absolute_turn_angle_OFT,-1.9049821554044737e-10,False,-1.7534901986471515e-14
144,20143,Time_inCenter_OFT,-0.02147219716011979,True,-0.0005879726680667733
144,20143,Total_distance_travelled_NOR1,2.166401758732101e-10,False,4.209768636316187e-11
144,20143,Average_speed_NOR1,1.314801143120253e-06,True,0.000153844997186684
144,20143,Time_investigating_Piramidka_NOR1,-1.272306598597465e-09,False,-2.728663321653271e-10
144,20143,Latency_to_first_investigation_Piramidka_NOR1,7.53702821808019e-10,False,5.966190521275455e-12
144,20143,Time_investigating_Stakan_NOR1,-0.004935765445748893,True,-0.000829210767035189
144,20143,Latency_to_first_investigation_Stakan_NOR1,-7.383336180156531e-10,False,-6.028587708681673e-12
144,20143,Total_distance_travelled_NOR2,8.424794183468946e-11,False,1.8236419231588713e-11
144,20143,Average_speed_NOR2,1.021505244270322e-10,False,1.3351597163708736e-08
144,20143,Time_investigating_Piramidka_zone_NOR2,-4.90706689238556e-10,False,-5.891541222569628e-11
144,20143,Latency_to_first_investigation_Piramidka_zone_NOR2,1.2459454016574832e-09,False,8.95487713948191e-12
144,20143,Time_investigating_Stakan_zone_NOR2,0.011434293484043285,True,0.0021226924070950016
144,20143,Latency_to_first_investigation_Stakan_zone_NOR2,0.009961103848265629,True,8.852686922789592e-05
144,20143,Learning_T1mean,1.9202249908186123e-10,False,3.5015843453521723e-11
144,20143,Learning_T1max,-0.009624671515808349,True,-0.0014119095526868056
144,20143,Learning_T1sum,1.9202340600147886e-10,False,8.754002208216983e-12
144,20143,Learning_T2mean,4.943421271098581e-10,False,5.5451157210153185e-11
144,20143,Learning_T2max,7.343356563200085e-10,False,7.118789879342207e-11
144,20143,Learning_T2sum,4.943420532491573e-10,False,1.386278723126968e-11
144,20143,Learning_T3mean,-7.953049211402035e-11,False,-6.812192136301934e-12
144,20143,Learning_T3max,-4.4952740558142777e-11,False,-3.483077493615798e-12
144,20143,Learning_T3sum,-7.834608293120758e-11,False,-1.6776853627690066e-12
144,20143,EnduranceT,2.016576005353211e-10,False,3.675611738996265e-12
144,20143,rear_support,-5.3786612727428154e-11,False,-5.301719370779699e-12
144,20143,rear_nosupport,-0.005956160673636739,True,-0.0007795411676808486
144,20143,Weight,0.012808525240190225,True,0.005080198335947243
144,20143,Grip,0.013064733812757275,True,0.019158259590018916
145,20144,OFT_distance,0.0018368773293304212,True,0.0003062396964872823
145,20144,Average_speed_OFT,-0.022217924440040025,True,-2.176469316400141
145,20144,Total_time_mobile_OFT,-1.7160295948760256e-22,False,-1.9907050967595202e-24
145,20144,Absolute_turn_angle_OFT,0.016177956290558116,True,1.4585302825820618e-06
145,20144,Time_inCenter_OFT,-0.03458162143701858,True,-0.000863111601748266
145,20144,Total_distance_travelled_NOR1,-2.47467213694685e-22,False,-4.5960273578086854e-23
145,20144,Average_speed_NOR1,1.3764983255934647e-05,True,0.0015349401290387823
145,20144,Time_investigating_Piramidka_NOR1,-1.5520794397115088e-22,False,-3.6780271765905604e-23
145,20144,Latency_to_first_investigation_Piramidka_NOR1,-0.03716455041831599,True,-0.0002833382721056221
145,20144,Time_investigating_Stakan_NOR1,-2.0802683742343391e-22,False,-3.785974586529696e-23
145,20144,Latency_to_first_investigation_Stakan_NOR1,0.013306799672634482,True,0.0001085367317449424
145,20144,Total_distance_travelled_NOR2,0.01333105782725394,True,0.002922760404646233
145,20144,Average_speed_NOR2,0.00764023251666493,True,1.009886093844275
145,20144,Time_investigating_Piramidka_zone_NOR2,-1.109550092939313e-22,False,-1.343120245418838e-23
145,20144,Latency_to_first_investigation_Piramidka_zone_NOR2,1.2417673664189363e-22,False,8.668964747548449e-25
145,20144,Time_investigating_Stakan_zone_NOR2,0.04312591990638035,True,0.008704604934749477
145,20144,Latency_to_first_investigation_Stakan_zone_NOR2,0.04952816014909172,True,0.0004209715370308548
145,20144,Learning_T1mean,-1.8900787415159518e-22,False,-3.231075961046059e-23
145,20144,Learning_T1max,-0.04318928358896144,True,-0.0058190741104163475
145,20144,Learning_T1sum,-2.715142707803759e-22,False,-1.160379213481592e-23
145,20144,Learning_T2mean,0.003047915522448127,True,0.0003801443100148953
145,20144,Learning_T2max,2.4363724577020923e-22,False,2.4574034477397393e-23
145,20144,Learning_T2sum,0.003047915522448166,True,9.503607750372504e-05
145,20144,Learning_T3mean,-0.017173886530190488,True,-0.0016488200216241927
145,20144,Learning_T3max,-3.3475335056299186e-23,False,-2.8763476468670116e-24
145,20144,Learning_T3sum,-0.020258452638665034,True,-0.0004862402907320518
145,20144,EnduranceT,0.017421482328544024,True,0.00028950690897091143
145,20144,rear_support,0.05582002589201049,True,0.0054408243054360405
145,20144,rear_nosupport,-1.014624321178852e-23,False,-1.358322272564993e-24
145,20144,Weight,1.5511761233718038e-22,False,6.5092472214683e-23
145,20144,Grip,0.06628335779512497,True,0.10422064265917333
146,20145,OFT_distance,5.9520601033613564e-05,True,9.388849701557105e-06
146,20145,Average_speed_OFT,-2.629382357291121e-10,False,-2.4031715433341343e-08
146,20145,Total_time_mobile_OFT,-0.0025870375255961178,True,-2.5541485821118572e-05
146,20145,Absolute_turn_angle_OFT,-2.1741317559671337e-10,False,-1.8570366585605084e-14
146,20145,Time_inCenter_OFT,-0.01871085712427046,True,-0.0005019284960490562
146,20145,Total_distance_travelled_NOR1,-2.776589783879389e-10,False,-4.575133218297441e-11
146,20145,Average_speed_NOR1,2.005829856133751e-06,True,0.00019831092350501082
146,20145,Time_investigating_Piramidka_NOR1,-0.0034812436916890526,True,-0.0007286788160621124
146,20145,Latency_to_first_investigation_Piramidka_NOR1,-4.5028704502895574e-10,False,-3.518957074741042e-12
146,20145,Time_investigating_Stakan_NOR1,1.4638954286170874e-10,False,2.2645134515560608e-11
146,20145,Latency_to_first_investigation_Stakan_NOR1,0.011689357343780432,True,0.00010972041341225004
146,20145,Total_distance_travelled_NOR2,-7.474621620581098e-11,False,-1.1954230695025909e-11
146,20145,Average_speed_NOR2,-5.966884408406456e-11,False,-5.755819355248656e-09
146,20145,Time_investigating_Piramidka_zone_NOR2,6.207686042519748e-11,False,7.061997944899027e-12
146,20145,Latency_to_first_investigation_Piramidka_zone_NOR2,-6.770024759540926e-10,False,-4.9688941908594295e-12
146,20145,Time_investigating_Stakan_zone_NOR2,0.0014242543459278116,True,0.00025679666807056865
146,20145,Latency_to_first_investigation_Stakan_zone_NOR2,0.010429530168370548,True,9.449802415712784e-05
146,20145,Learning_T1mean,2.3098417734224243e-10,False,4.379672973477712e-11
146,20145,Learning_T1max,-0.012461888684964027,True,-0.0020512405870107882
146,20145,Learning_T1sum,2.309840581743827e-10,False,1.0949176784863042e-11
146,20145,Learning_T2mean,1.3694367867060673e-10,False,1.6472100690139913e-11
146,20145,Learning_T2max,-2.6001367674299025e-11,False,-2.7523918798523085e-12
146,20145,Learning_T2sum,1.4038450087982903e-10,False,4.221493931438971e-12
146,20145,Learning_T3mean,-4.005028321658428e-11,False,-3.1097608629835072e-12
146,20145,Learning_T3max,1.7057988926058134e-11,False,1.2073122595764296e-12
146,20145,Learning_T3sum,-0.0027887298622622054,True,-5.4133718207424046e-05
146,20145,EnduranceT,-0.004335783651769425,True,-7.196784729092261e-05
146,20145,rear_support,-8.479752271767721e-11,False,-8.298969393441057e-12
146,20145,rear_nosupport,-0.0009597388234917869,True,-0.00011932386537113929
146,20145,Weight,9.422490657191475e-10,False,3.5567955049685205e-10
146,20145,Grip,0.020619730815999757,True,0.03295106189050287
147,20146,OFT_distance,0.0009124825477851662,True,0.0001493390193941123
147,20146,Average_speed_OFT,-0.009011816718132531,True,-0.8369179542505055
147,20146,Total_time_mobile_OFT,2.359069709435823e-21,False,2.3416584238701652e-23
147,20146,Absolute_turn_angle_OFT,-1.852083327855327e-21,False,-1.6089801624302874e-25
147,20146,Time_inCenter_OFT,-1.5165646762492516e-22,False,-3.526279152148014e-24
147,20146,Total_distance_travelled_NOR1,2.1704468980464098e-22,False,3.570785942704469e-23
147,20146,Average_speed_NOR1,4.510987681643372e-06,True,0.00044507219603963914
147,20146,Time_investigating_Piramidka_NOR1,-0.008437444698207909,True,-0.0017560972064725934
147,20146,Latency_to_first_investigation_Piramidka_NOR1,6.290852925345124e-22,False,4.769141030142894e-24
147,20146,Time_investigating_Stakan_NOR1,-2.1707952320549496e-21,False,-3.4648354130202533e-22
147,20146,Latency_to_first_investigation_Stakan_NOR1,0.01943505362883716,True,0.00016533539015008597
147,20146,Total_distance_travelled_NOR2,1.64458205669471e-22,False,2.673377080396087e-23
147,20146,Average_speed_NOR2,-0.008704497754142787,True,-0.8556077395023161
147,20146,Time_investigating_Piramidka_zone_NOR2,1.1475402416092408e-21,False,1.4719456356061472e-22
147,20146,Latency_to_first_investigation_Piramidka_zone_NOR2,2.1221218955366967e-22,False,1.4711450815270732e-24
147,20146,Time_investigating_Stakan_zone_NOR2,0.030486406313204907,True,0.005456533447505664
147,20146,Latency_to_first_investigation_Stakan_zone_NOR2,0.017277703101509497,True,0.0001514720120438647
147,20146,Learning_T1mean,2.211048464345856e-21,False,3.4987666212711547e-22
147,20146,Learning_T1max,2.6958533423565996e-21,False,3.406319942348295e-22
147,20146,Learning_T1sum,2.211048464363615e-21,False,8.746916553248141e-23
147,20146,Learning_T2mean,-6.270356824269439e-23,False,-7.517094482934257e-24
147,20146,Learning_T2max,0.0051777503387968205,True,0.000526940530500414
147,20146,Learning_T2sum,3.9440192299870725e-23,False,1.1820525539938744e-24
147,20146,Learning_T3mean,2.823051960146655e-21,False,2.1980440334642645e-22
147,20146,Learning_T3max,2.6320450417857232e-21,False,1.8788064885376669e-22
147,20146,Learning_T3sum,2.854498053763078e-21,False,5.556320344244871e-23
147,20146,EnduranceT,0.032786951128421594,True,0.000537611004582814
147,20146,rear_support,0.009212490128421676,True,0.000999143733579363
147,20146,rear_nosupport,2.5094342705453982e-21,False,3.243229356584229e-22
147,20146,Weight,-6.350208754271118e-21,False,-2.7271041063023708e-21
147,20146,Grip,0.001762379709490576,True,0.0027044607015668316
148,20147,OFT_distance,0.002260335452763137,True,0.0003849348143096737
148,20147,Average_speed_OFT,-0.0007490130838304206,True,-0.07256809846265318
148,20147,Total_time_mobile_OFT,-0.026200386343685055,True,-0.00026497407483164
148,20147,Absolute_turn_angle_OFT,0.042761103300116614,True,3.6406891310604762e-06
148,20147,Time_inCenter_OFT,-0.05128395577591508,True,-0.0012857479326931504
148,20147,Total_distance_travelled_NOR1,-2.776921642259796e-20,False,-5.331857009004087e-21
148,20147,Average_speed_NOR1,2.0406539283145847e-05,True,0.0023560832868087253
148,20147,Time_investigating_Piramidka_NOR1,3.765654827281617e-20,False,8.473601557750485e-21
148,20147,Latency_to_first_investigation_Piramidka_NOR1,-0.04078268435785919,True,-0.00040549308673632005
148,20147,Time_investigating_Stakan_NOR1,4.1782090221160627e-20,False,7.865416289090038e-21
148,20147,Latency_to_first_investigation_Stakan_NOR1,0.014345787108219902,True,0.00011312527989765593
148,20147,Total_distance_travelled_NOR2,-4.4366024794624843e-20,False,-9.276297914819419e-21
148,20147,Average_speed_NOR2,-4.0317661413630696e-20,False,-5.04805638180241e-18
148,20147,Time_investigating_Piramidka_zone_NOR2,1.3328879768694716e-20,False,1.8497986406093152e-21
148,20147,Latency_to_first_investigation_Piramidka_zone_NOR2,4.24829894514387e-20,False,3.202465622222853e-22
148,20147,Time_investigating_Stakan_zone_NOR2,0.01230191301266676,True,0.002296415074481956
148,20147,Latency_to_first_investigation_Stakan_zone_NOR2,0.03588586475364423,True,0.0002866827456602
148,20147,Learning_T1mean,-0.014756161129016105,True,-0.0023939703768808608
148,20147,Learning_T1max,3.9497867758268255e-20,False,5.168640032435814e-21
148,20147,Learning_T1sum,-0.014756161129016026,True,-0.0005984925942202119
148,20147,Learning_T2mean,1.3422152237671092e-20,False,1.59394149601531e-21
148,20147,Learning_T2max,-1.222940393461518e-20,False,-1.251504926485218e-21
148,20147,Learning_T2sum,1.3509785729394955e-20,False,4.0108709272274016e-22
148,20147,Learning_T3mean,-1.2575518739573018e-20,False,-1.0895346126833884e-21
148,20147,Learning_T3max,-6.858703438487463e-21,False,-5.413427141322094e-22
148,20147,Learning_T3sum,-0.005590884976896612,True,-0.00012109764265015225
148,20147,EnduranceT,0.056944016352981824,True,0.000997517897431844
148,20147,rear_support,0.02453465083703269,True,0.0026294035027875956
148,20147,rear_nosupport,-2.0365957650975827e-20,False,-2.5202319466850184e-21
148,20147,Weight,-0.02186527141455925,True,-0.008432492135666986
148,20147,Grip,0.022481098954997142,True,0.03619342847039239
149,20148,OFT_distance,0.0006302407267567449,True,0.00010188508400951598
149,20148,Average_speed_OFT,-0.027115604197839465,True,-2.519401124409211
149,20148,Total_time_mobile_OFT,-1.397713789494545e-22,False,-1.4465541460985322e-24
149,20148,Absolute_turn_angle_OFT,1.9848904708935344e-23,False,1.7132032902137515e-27
149,20148,Time_inCenter_OFT,-0.022553247310698837,True,-0.0005220485965605562
149,20148,Total_distance_travelled_NOR1,-8.795801348047859e-23,False,-1.5018852787719854e-23
149,20148,Average_speed_NOR1,2.3726161143761043e-07,False,2.4338130591461947e-05
149,20148,Time_investigating_Piramidka_NOR1,-0.009901919419552442,True,-0.002193319799921706
149,20148,Latency_to_first_investigation_Piramidka_NOR1,-0.00832276648057348,True,-6.684080311844965e-05
149,20148,Time_investigating_Stakan_NOR1,0.008993806459563871,True,0.0014380451305944974
149,20148,Latency_to_first_investigation_Stakan_NOR1,0.005614712792074868,True,4.798884165295035e-05
149,20148,Total_distance_travelled_NOR2,0.008148623947306888,True,0.0013583248531019066
149,20148,Average_speed_NOR2,-7.322651622711538e-24,False,-7.3675402623684515e-22
149,20148,Time_investigating_Piramidka_zone_NOR2,7.049845274509785e-23,False,8.068407438482188e-24
149,20148,Latency_to_first_investigation_Piramidka_zone_NOR2,1.43727075464026e-22,False,1.04223201974373e-24
149,20148,Time_investigating_Stakan_zone_NOR2,0.024921004123783175,True,0.004792385975554213
149,20148,Latency_to_first_investigation_Stakan_zone_NOR2,0.019614751445459166,True,0.0001718246611585055
149,20148,Learning_T1mean,-5.834918435294081e-24,False,-1.0389162960458318e-24
149,20148,Learning_T1max,-0.02964584154737999,True,-0.0046630188953036555
149,20148,Learning_T1sum,-1.6955307153450327e-22,False,-7.547296976608982e-24
149,20148,Learning_T2mean,0.008718220001191882,True,0.0010726770229268201
149,20148,Learning_T2max,-6.949022405232663e-23,False,-7.24189343685678e-24
149,20148,Learning_T2sum,0.012566402003235808,True,0.00038653792539904315
149,20148,Learning_T3mean,-0.002728222443705764,True,-0.00023660068903699766
149,20148,Learning_T3max,-2.1199340710103688e-24,False,-1.6923810833435787e-25
149,20148,Learning_T3sum,-0.003930731618777003,True,-8.522158920433443e-05
149,20148,EnduranceT,-0.007656898476752634,True,-0.000128005999234306
149,20148,rear_support,0.016854166529643208,True,0.0017060402409420413
149,20148,rear_nosupport,-0.006966968407842862,True,-0.0008778481044917972
149,20148,Weight,0.03843773552181843,True,0.01597880102089073
149,20148,Grip,0.041643621118631735,True,0.0668112888261798
150,20149,OFT_distance,0.0020245985482038697,True,0.0003241929244923142
150,20149,Average_speed_OFT,7.43444641863497e-23,False,6.920837487810341e-21
150,20149,Total_time_mobile_OFT,-0.003667234298530344,True,-3.738409532865932e-05
150,20149,Absolute_turn_angle_OFT,0.0031091162170481675,True,2.6568773072151465e-07
150,20149,Time_inCenter_OFT,-0.030426440933690735,True,-0.0006868813368360022
150,20149,Total_distance_travelled_NOR1,-2.607040057151807e-22,False,-4.9679592385148617e-23
150,20149,Average_speed_NOR1,9.665436647615378e-06,True,0.0011065752623673044
150,20149,Time_investigating_Piramidka_NOR1,0.012200718882137931,True,0.0028433183101960304
150,20149,Latency_to_first_investigation_Piramidka_NOR1,3.935031939148414e-22,False,3.0133112970909734e-24
150,20149,Time_investigating_Stakan_NOR1,0.0020777629157911716,True,0.0003514065611224713
150,20149,Latency_to_first_investigation_Stakan_NOR1,4.1828514887756556e-22,False,3.677659401579224e-24
150,20149,Total_distance_travelled_NOR2,0.019420917312311003,True,0.004062403612341379
150,20149,Average_speed_NOR2,-1.4433610654372706e-22,False,-1.8172027059199847e-20
150,20149,Time_investigating_Piramidka_zone_NOR2,-0.008572257752318206,True,-0.001020312409589758
150,20149,Latency_to_first_investigation_Piramidka_zone_NOR2,-0.021060996746921374,True,-0.00014611801035946726
150,20149,Time_investigating_Stakan_zone_NOR2,0.011477970891485653,True,0.0023634460888348136
150,20149,Latency_to_first_investigation_Stakan_zone_NOR2,0.03243956898356619,True,0.00028606324749580215
150,20149,Learning_T1mean,-2.4651295177668073e-22,False,-4.3711922281195463e-23
150,20149,Learning_T1max,-0.01433176150007622,True,-0.0019403040769076373
150,20149,Learning_T1sum,-2.4651307673288333e-22,False,-1.092798610963846e-23
150,20149,Learning_T2mean,0.01897171717544445,True,0.0021802555714016255
150,20149,Learning_T2max,-1.0615278038153983e-23,False,-1.0486695592107954e-24
150,20149,Learning_T2sum,0.018971717175444405,True,0.0005450638928504051
150,20149,Learning_T3mean,-0.007295328163864062,True,-0.0005580055983056284
150,20149,Learning_T3max,-3.950425393582837e-23,False,-2.707547140921228e-24
150,20149,Learning_T3sum,-0.0055712307853413015,True,-0.00010653317773530101
150,20149,EnduranceT,-5.291535822596135e-22,False,-8.864115527705108e-24
150,20149,rear_support,0.015025526802103489,True,0.0014884600673726683
150,20149,rear_nosupport,-0.004986415334745061,True,-0.0006339267852046616
150,20149,Weight,-0.00712489976520274,True,-0.00297824069353906
150,20149,Grip,0.06480522038840382,True,0.11386389292861715
151,20150,OFT_distance,-3.591371852372726e-05,True,-5.64274465835535e-06
151,20150,Average_speed_OFT,2.0277282310220587e-21,False,1.9249513684222086e-19
151,20150,Total_time_mobile_OFT,-0.013008839070478418,True,-0.00013011346705259452
151,20150,Absolute_turn_angle_OFT,0.006580555563790067,True,5.892802655038164e-07
151,20150,Time_inCenter_OFT,-0.03445530022443965,True,-0.0010315994761663496
151,20150,Total_distance_travelled_NOR1,0.0003931792315865702,True,7.17146921719332e-05
151,20150,Average_speed_NOR1,0.00016193356403325772,True,0.017693727889746425
151,20150,Time_investigating_Piramidka_NOR1,-0.004312816123152796,True,-0.0009937205658632428
151,20150,Latency_to_first_investigation_Piramidka_NOR1,-0.012470981603478235,True,-9.920929462608483e-05
151,20150,Time_investigating_Stakan_NOR1,0.005334121717082123,True,0.0008906255602375258
151,20150,Latency_to_first_investigation_Stakan_NOR1,0.008663361469029305,True,6.968634937234453e-05
151,20150,Total_distance_travelled_NOR2,-3.643151991579956e-21,False,-6.016960703008143e-22
151,20150,Average_speed_NOR2,-3.628923748612827e-21,False,-3.6152373760974543e-19
151,20150,Time_investigating_Piramidka_zone_NOR2,-0.015998984049342798,True,-0.001930356513797137
151,20150,Latency_to_first_investigation_Piramidka_zone_NOR2,2.8378489898730118e-21,False,1.8974139551030167e-23
151,20150,Time_investigating_Stakan_zone_NOR2,0.0027404145658892743,True,0.0005368112233555694
151,20150,Latency_to_first_investigation_Stakan_zone_NOR2,0.006510634965459863,True,5.208581060520732e-05
151,20150,Learning_T1mean,-3.098527163663406e-21,False,-6.137805951528657e-22
151,20150,Learning_T1max,-0.01636415473713988,True,-0.0023449017613360896
151,20150,Learning_T1sum,-3.1849569884612024e-21,False,-1.577253234083922e-22
151,20150,Learning_T2mean,-7.7381854344057275e-22,False,-9.462039621139527e-23
151,20150,Learning_T2max,0.003118118926496767,True,0.0003483872940856086
151,20150,Learning_T2sum,0.001970150176942304,True,6.0226131797443675e-05
151,20150,Learning_T3mean,9.985695669193086e-23,False,8.020684075489472e-24
151,20150,Learning_T3max,-3.1591622448586437e-22,False,-2.250228103067015e-23
151,20150,Learning_T3sum,-0.01201270664641802,True,-0.00024122036184144323
151,20150,EnduranceT,-4.6147722897666713e-23,False,-7.974189182974673e-25
151,20150,rear_support,0.018480461421940247,True,0.0019207883946738657
151,20150,rear_nosupport,3.0422392349727348e-21,False,3.795745060562625e-22
151,20150,Weight,0.03623490798417953,True,0.015600084945234061
151,20150,Grip,0.06634421036102794,True,0.11558506299219269
152,20151,OFT_distance,0.001581043196104317,True,0.0002393673491585216
152,20151,Average_speed_OFT,1.705129181193343e-20,False,1.4973478884763944e-18
152,20151,Total_time_mobile_OFT,-0.022595599318742967,True,-0.00021199052804289438
152,20151,Absolute_turn_angle_OFT,0.013633312475717465,True,1.1348549092630856e-06
152,20151,Time_inCenter_OFT,-0.04932745575809211,True,-0.0013908377263959282
152,20151,Total_distance_travelled_NOR1,0.008669451740126686,True,0.0014173680239616701
152,20151,Average_speed_NOR1,-9.840404846662361e-06,True,-0.0009645921921479966
152,20151,Time_investigating_Piramidka_NOR1,-2.4394666815923328e-20,False,-4.972493567916123e-21
152,20151,Latency_to_first_investigation_Piramidka_NOR1,-0.058454135909286935,True,-0.00047946815384132085
152,20151,Time_investigating_Stakan_NOR1,-3.709238511386693e-20,False,-5.697266004388541e-21
152,20151,Latency_to_first_investigation_Stakan_NOR1,0.01747596415127415,True,0.00014283485681297907
152,20151,Total_distance_travelled_NOR2,-5.336277765349178e-21,False,-8.468367316748171e-22
152,20151,Average_speed_NOR2,-5.17655012299341e-21,False,-4.947415537829786e-19
152,20151,Time_investigating_Piramidka_zone_NOR2,-0.013944233304918811,True,-0.0016014413150672792
152,20151,Latency_to_first_investigation_Piramidka_zone_NOR2,6.637727403270897e-22,False,4.825820912741013e-24
152,20151,Time_investigating_Stakan_zone_NOR2,-3.669760732854325e-20,False,-6.799179830390925e-21
152,20151,Latency_to_first_investigation_Stakan_zone_NOR2,0.012717001353507548,True,0.00010745010945443923
152,20151,Learning_T1mean,-1.8562494517745994e-20,False,-3.3148785148360893e-21
152,20151,Learning_T1max,-0.040129440302658075,True,-0.00613248844391347
152,20151,Learning_T1sum,-1.8562494517745994e-20,False,-8.287196287090223e-22
152,20151,Learning_T2mean,-2.5287886793745078e-20,False,-3.0895969893141656e-21
152,20151,Learning_T2max,0.0361567934795016,True,0.003975226286058971
152,20151,Learning_T2sum,-2.449036337174422e-20,False,-7.480395016564471e-22
152,20151,Learning_T3mean,2.9947751856501487e-21,False,2.604263418544352e-22
152,20151,Learning_T3max,-2.5063862628006342e-21,False,-1.9834226577494224e-22
152,20151,Learning_T3sum,-0.012957329279373306,True,-0.00028169308672981285
152,20151,EnduranceT,1.3636291129899528e-20,False,2.3528554256858185e-22
152,20151,rear_support,0.023157138082651886,True,0.002302404450068591
152,20151,rear_nosupport,2.756797186940206e-20,False,3.407707422747258e-21
152,20151,Weight,-5.177693259781581e-20,False,-2.048756893222969e-20
152,20151,Grip,0.03371808660563444,True,0.06002705398198184
153,20152,OFT_distance,0.0012656716383874552,True,0.00022148625664129368
153,20152,Average_speed_OFT,-0.024636305706859662,True,-2.509919735105128
153,20152,Total_time_mobile_OFT,-0.013220758802064955,True,-0.00014293935682321805
153,20152,Absolute_turn_angle_OFT,4.166939646839734e-23,False,3.7779106375615376e-27
153,20152,Time_inCenter_OFT,3.8853287011510833e-23,False,8.694323865726507e-25
153,20152,Total_distance_travelled_NOR1,-5.964471698949692e-22,False,-1.1681380497127885e-22
153,20152,Average_speed_NOR1,-2.6554946146869212e-06,True,-0.0003112202477860594
153,20152,Time_investigating_Piramidka_NOR1,-1.4472474439546844e-22,False,-3.24496521528701e-23
153,20152,Latency_to_first_investigation_Piramidka_NOR1,-0.024987298490006582,True,-0.000219312921109725
153,20152,Time_investigating_Stakan_NOR1,-0.06287222046229375,True,-0.01012332095970084
153,20152,Latency_to_first_investigation_Stakan_NOR1,-0.020365815009036947,True,-0.00016711488594827153
153,20152,Total_distance_travelled_NOR2,0.004302572932887099,True,0.0007015737295378236
153,20152,Average_speed_NOR2,-2.09341044904027e-22,False,-2.0502378454891262e-20
153,20152,Time_investigating_Piramidka_zone_NOR2,3.9740162260383035e-22,False,4.873266381412974e-23
153,20152,Latency_to_first_investigation_Piramidka_zone_NOR2,-0.0021254267453985135,True,-1.5521104172308765e-05
153,20152,Time_investigating_Stakan_zone_NOR2,0.02501640976850693,True,0.004859354058997195
153,20152,Latency_to_first_investigation_Stakan_zone_NOR2,0.009458836755318941,True,7.767861890215736e-05
153,20152,Learning_T1mean,2.7533143773319564e-23,False,5.296319485061633e-24
153,20152,Learning_T1max,-0.017615803980315987,True,-0.0027872716229383264
153,20152,Learning_T1sum,-2.171095661063956e-22,False,-1.0440885672460416e-23
153,20152,Learning_T2mean,-6.49229137485962e-22,False,-8.000671854252552e-23
153,20152,Learning_T2max,-6.600541120859468e-22,False,-7.14251512712123e-23
153,20152,Learning_T2sum,-5.286408878805938e-22,False,-1.6286554424572473e-23
153,20152,Learning_T3mean,-1.7440197979266364e-22,False,-1.406073785891722e-23
153,20152,Learning_T3max,-2.500925991962849e-22,False,-1.7819862573839792e-23
153,20152,Learning_T3sum,-0.005583114479704001,True,-0.00011253127577561083
153,20152,EnduranceT,0.0008084929687045841,True,1.2780600815979086e-05
153,20152,rear_support,0.018494956748821685,True,0.0021417416803292517
153,20152,rear_nosupport,-1.0350664294092214e-21,False,-1.356663142051674e-22
153,20152,Weight,0.005603747451472426,True,0.002442886310870482
153,20152,Grip,0.018702386888428183,True,0.028357543473987126
154,20153,OFT_distance,4.919562603958215e-05,True,8.144983227113505e-06
154,20153,Average_speed_OFT,-0.02873639504907165,True,-2.7252685484397343
154,20153,Total_time_mobile_OFT,-0.024592913395708915,True,-0.0002484490826860481
154,20153,Absolute_turn_angle_OFT,0.045940702814481614,True,3.924757769202834e-06
154,20153,Time_inCenter_OFT,-0.04625728747313151,True,-0.0010764122281843893
154,20153,Total_distance_travelled_NOR1,-4.8192467170661336e-23,False,-7.784638150138711e-24
154,20153,Average_speed_NOR1,2.729755401909331e-06,True,0.00026470070623722466
154,20153,Time_investigating_Piramidka_NOR1,0.002515678526042793,True,0.0005063961089603772
154,20153,Latency_to_first_investigation_Piramidka_NOR1,-0.0016709308006806055,True,-1.287921009973895e-05
154,20153,Time_investigating_Stakan_NOR1,0.004534586477454691,True,0.0006984903470863049
154,20153,Latency_to_first_investigation_Stakan_NOR1,0.002786494152824693,True,2.1674088877977162e-05
154,20153,Total_distance_travelled_NOR2,-0.00040148708445383706,True,-6.34558074536784e-05
154,20153,Average_speed_NOR2,-9.352077046137192e-23,False,-8.933509589049288e-21
154,20153,Time_investigating_Piramidka_zone_NOR2,-0.004746459526351424,True,-0.0006153717722751361
154,20153,Latency_to_first_investigation_Piramidka_zone_NOR2,9.388028095100651e-22,False,6.390570854270877e-24
154,20153,Time_investigating_Stakan_zone_NOR2,0.005778284965181728,True,0.0010748881254536223
154,20153,Latency_to_first_investigation_Stakan_zone_NOR2,0.005210673194280349,True,4.3860657385385755e-05
154,20153,Learning_T1mean,-0.010189920716692714,True,-0.001955574537633745
154,20153,Learning_T1max,-0.0011848962365207426,True,-0.00019979783852577216
154,20153,Learning_T1sum,-0.01018992071669271,True,-0.0004888936344084361
154,20153,Learning_T2mean,0.01960923652814266,True,0.002414261901834181
154,20153,Learning_T2max,0.019948952032669356,True,0.0021918471209147316
154,20153,Learning_T2sum,-1.945631818471088e-22,False,-5.988587020700314e-24
154,20153,Learning_T3mean,-0.007407689864984419,True,-0.0005987090086733468
154,20153,Learning_T3max,-3.746270347291099e-22,False,-2.745640247870799e-23
154,20153,Learning_T3sum,-0.036590838553319995,True,-0.0007393419904206118
154,20153,EnduranceT,0.0005967081215102814,True,1.0415976781138123e-05
154,20153,rear_support,0.012720018750080882,True,0.0013621608873645968
154,20153,rear_nosupport,-0.013160677028335638,True,-0.0015863464686665996
154,20153,Weight,0.0035066875208866295,True,0.0013628741656497893
154,20153,Grip,0.048667653854255505,True,0.07344333784599191
155,20154,OFT_distance,0.0009444112022044147,True,0.00015641113369377875
155,20154,Average_speed_OFT,-0.02998743004797798,True,-2.843912739184422
155,20154,Total_time_mobile_OFT,-4.0476400431569477e-22,False,-4.0440291995883654e-24
155,20154,Absolute_turn_angle_OFT,1.7853026068443368e-22,False,1.5073301735590169e-26
155,20154,Time_inCenter_OFT,-0.011703328588091042,True,-0.00027501389044615095
155,20154,Total_distance_travelled_NOR1,-0.006367576856057782,True,-0.0012803537962550132
155,20154,Average_speed_NOR1,-6.803286392195977e-07,False,-8.199872993768148e-05
155,20154,Time_investigating_Piramidka_NOR1,-0.0022966510948732076,True,-0.0005154057239539625
155,20154,Latency_to_first_investigation_Piramidka_NOR1,-0.024332518819943492,True,-0.00019032394844295314
155,20154,Time_investigating_Stakan_NOR1,-0.022990576807007456,True,-0.004137381333302165
155,20154,Latency_to_first_investigation_Stakan_NOR1,3.861179125417879e-23,False,3.118918425757146e-25
155,20154,Total_distance_travelled_NOR2,-3.26997218639642e-22,False,-6.794497700263303e-23
155,20154,Average_speed_NOR2,-5.091730135506006e-22,False,-6.393212228668266e-20
155,20154,Time_investigating_Piramidka_zone_NOR2,-2.8955053002654715e-22,False,-3.489792475247162e-23
155,20154,Latency_to_first_investigation_Piramidka_zone_NOR2,3.986992124052899e-22,False,2.8384234059586174e-24
155,20154,Time_investigating_Stakan_zone_NOR2,0.03585530733118518,True,0.0066427306002177855
155,20154,Latency_to_first_investigation_Stakan_zone_NOR2,0.008816694644014328,True,7.925415626276198e-05
155,20154,Learning_T1mean,-4.072140244511257e-22,False,-6.582920582133755e-23
155,20154,Learning_T1max,-0.032756909069263096,True,-0.004355503340399124
155,20154,Learning_T1sum,-4.825464904576042e-22,False,-1.950181620188174e-23
155,20154,Learning_T2mean,1.030503175983654e-22,False,1.2067719672100103e-23
155,20154,Learning_T2max,1.0185968272394563e-22,False,1.0142704135202932e-23
155,20154,Learning_T2sum,1.0305031759899075e-22,False,3.0169299180433337e-24
155,20154,Learning_T3mean,-0.0005840468598352506,True,-4.517440620718391e-05
155,20154,Learning_T3max,3.6594076333348956e-23,False,2.588796324122019e-24
155,20154,Learning_T3sum,1.7156555273970386e-22,False,3.317530023536836e-24
155,20154,EnduranceT,-3.8916075685868574e-05,True,-7.041520218602211e-07
155,20154,rear_support,0.023553267376156088,True,0.0024336960192515365
155,20154,rear_nosupport,-0.012825450296710323,True,-0.0017769245693841028
155,20154,Weight,0.03969173943508233,True,0.016535403233797957
155,20154,Grip,0.02033460302636096,True,0.03271729030512105
156,20155,OFT_distance,0.0017754438809634528,True,0.0002952737943587866
156,20155,Average_speed_OFT,-0.011209164138760554,True,-1.086564245477565
156,20155,Total_time_mobile_OFT,-0.0132917544740319,True,-0.0001351219142466147
156,20155,Absolute_turn_angle_OFT,-4.504918232119151e-21,False,-3.823574194020127e-25
156,20155,Time_inCenter_OFT,-0.0382394023915136,True,-0.0009148979865447435
156,20155,Total_distance_travelled_NOR1,4.5580241548298104e-21,False,8.430730875329051e-22
156,20155,Average_speed_NOR1,7.713479344498773e-06,True,0.0008560414910101458
156,20155,Time_investigating_Piramidka_NOR1,1.4316342093073302e-21,False,3.3142313436286087e-22
156,20155,Latency_to_first_investigation_Piramidka_NOR1,-0.03331528064821777,True,-0.000303215444048334
156,20155,Time_investigating_Stakan_NOR1,5.320769953172442e-21,False,8.944477883496563e-22
156,20155,Latency_to_first_investigation_Stakan_NOR1,-6.074335970644208e-21,False,-4.7887817777111185e-23
156,20155,Total_distance_travelled_NOR2,4.867326468407667e-21,False,8.059150002433086e-22
156,20155,Average_speed_NOR2,4.5038834726873386e-21,False,4.480524566527519e-19
156,20155,Time_investigating_Piramidka_zone_NOR2,7.48386700452657e-21,False,1.086705892994852e-21
156,20155,Latency_to_first_investigation_Piramidka_zone_NOR2,1.6077259369092654e-21,False,1.1345260220083578e-23
156,20155,Time_investigating_Stakan_zone_NOR2,0.02025427742593456,True,0.003907881348771289
156,20155,Latency_to_first_investigation_Stakan_zone_NOR2,0.0067419147998209064,True,5.5366898478920825e-05
156,20155,Learning_T1mean,9.726495145698221e-21,False,1.737198683396526e-21
156,20155,Learning_T1max,8.830959306336244e-21,False,1.1611924907827508e-21
156,20155,Learning_T1sum,9.72649510355543e-21,False,4.342996689674053e-22
156,20155,Learning_T2mean,0.021815058184824637,True,0.002680697709269517
156,20155,Learning_T2max,1.849558008861207e-21,False,1.8769133618081228e-22
156,20155,Learning_T2sum,1.9114849700510975e-05,True,5.87222062062114e-07
156,20155,Learning_T3mean,2.14702927777676e-21,False,1.6655289061622898e-22
156,20155,Learning_T3max,1.6405828563721961e-21,False,1.1535324818181328e-22
156,20155,Learning_T3sum,2.1274432989483922e-21,False,4.125838370365518e-23
156,20155,EnduranceT,3.710334275813597e-21,False,6.162449991145813e-23
156,20155,rear_support,2.1547722493671705e-21,False,2.5175628691611926e-22
156,20155,rear_nosupport,-0.02084839236029842,True,-0.0026233094954488125
156,20155,Weight,0.028614280450833102,True,0.011889379755528697
156,20155,Grip,0.03035510038597413,True,0.05308707620155264
157,20156,OFT_distance,0.0023965415942396318,True,0.000395281156885291
157,20156,Average_speed_OFT,-0.05220791576670148,True,-5.090007570296104
157,20156,Total_time_mobile_OFT,-0.027486849609043112,True,-0.0003154375468674031
157,20156,Absolute_turn_angle_OFT,0.09891794531661342,True,9.263333258841637e-06
157,20156,Time_inCenter_OFT,-0.04446832284362331,True,-0.0011222616917557014
157,20156,Total_distance_travelled_NOR1,1.8437532427456997e-22,False,3.3929589637480926e-23
157,20156,Average_speed_NOR1,7.140352410925012e-05,True,0.007872929178287493
157,20156,Time_investigating_Piramidka_NOR1,-8.97130341280523e-23,False,-1.9205700654580292e-23
157,20156,Latency_to_first_investigation_Piramidka_NOR1,-0.04957312946696499,True,-0.0004648714662518564
157,20156,Time_investigating_Stakan_NOR1,-1.822580524833662e-23,False,-2.9778523453071294e-24
157,20156,Latency_to_first_investigation_Stakan_NOR1,0.005235908425068072,True,4.645578148499016e-05
157,20156,Total_distance_travelled_NOR2,0.009672924903667708,True,0.0016609067551916065
157,20156,Average_speed_NOR2,0.014449673316568074,True,1.4885298151645499
157,20156,Time_investigating_Piramidka_zone_NOR2,-1.9507668136697415e-22,False,-2.255901772652418e-23
157,20156,Latency_to_first_investigation_Piramidka_zone_NOR2,-0.02959012732737552,True,-0.000271240312130039
157,20156,Time_investigating_Stakan_zone_NOR2,0.013079276499735717,True,0.0023788341807100774
157,20156,Latency_to_first_investigation_Stakan_zone_NOR2,0.046830646496368214,True,0.0004884048259263557
157,20156,Learning_T1mean,1.9486700715874133e-22,False,3.171316808029226e-23
157,20156,Learning_T1max,-0.028000465137312636,True,-0.003744682812649752
157,20156,Learning_T1sum,1.5566828802648118e-22,False,6.333466417603485e-24
157,20156,Learning_T2mean,7.117066776707039e-23,False,9.174461937496186e-24
157,20156,Learning_T2max,1.8494335322312562e-22,False,1.9622032054520348e-23
157,20156,Learning_T2sum,2.151430165484492e-22,False,6.933409079783557e-24
157,20156,Learning_T3mean,-0.01409879740833479,True,-0.0011529597019150346
157,20156,Learning_T3max,-0.023396074549024332,True,-0.001709468650950291
157,20156,Learning_T3sum,-0.018719668898910257,True,-0.0003827103696957244
157,20156,EnduranceT,0.021023797780269953,True,0.00033770226694281323
157,20156,rear_support,0.052810804791445336,True,0.005124809626739316
157,20156,rear_nosupport,-0.021463495953023895,True,-0.0026034036384558075
157,20156,Weight,0.0019768154894614764,True,0.0007854139022778892
157,20156,Grip,0.10574612668124403,True,0.16458960177331433
158,20157,OFT_distance,0.0006931326150769884,True,0.00010494312066498488
158,20157,Average_speed_OFT,1.3256188505730829e-22,False,1.1834436710719976e-20
158,20157,Total_time_mobile_OFT,1.2383175136954072e-23,False,1.1772289928373416e-25
158,20157,Absolute_turn_angle_OFT,0.027622436427260838,True,2.2595770024815405e-06
158,20157,Time_inCenter_OFT,-0.0019932014606765833,True,-4.4905011708748945e-05
158,20157,Total_distance_travelled_NOR1,2.164542684281548e-23,False,3.59540317318438e-24
158,20157,Average_speed_NOR1,3.281523618739216e-05,True,0.0032715574688678317
158,20157,Time_investigating_Piramidka_NOR1,0.000695630082611378,True,0.00014676616498474673
158,20157,Latency_to_first_investigation_Piramidka_NOR1,-8.648102412205735e-23,False,-6.4049904400313895e-25
158,20157,Time_investigating_Stakan_NOR1,1.2090167537446942e-22,False,1.9762005446622344e-23
158,20157,Latency_to_first_investigation_Stakan_NOR1,0.005010334573552928,True,4.965136677576071e-05
158,20157,Total_distance_travelled_NOR2,-1.4700307145475967e-22,False,-2.2893883849652185e-23
158,20157,Average_speed_NOR2,-1.0186410798510615e-22,False,-9.558524924161175e-21
158,20157,Time_investigating_Piramidka_zone_NOR2,-1.949721847707314e-22,False,-2.1920268587824473e-23
158,20157,Latency_to_first_investigation_Piramidka_zone_NOR2,2.1066898268478223e-23,False,1.4158970913195315e-25
158,20157,Time_investigating_Stakan_zone_NOR2,1.4656151392245004e-22,False,2.5792225929888295e-23
158,20157,Latency_to_first_investigation_Stakan_zone_NOR2,0.009134128109542622,True,7.438324137782503e-05
158,20157,Learning_T1mean,-0.01200457380393225,True,-0.0021181057325568376
158,20157,Learning_T1max,5.773556892994419e-23,False,8.691940792114279e-24
158,20157,Learning_T1sum,-0.012004573803932224,True,-0.0005295264331392083
158,20157,Learning_T2mean,1.9683490802370665e-23,False,2.2764331786952325e-24
158,20157,Learning_T2max,0.0012672120153738623,True,0.00012840301913218636
158,20157,Learning_T2sum,1.7675554122796971e-22,False,5.1105286990192045e-24
158,20157,Learning_T3mean,-0.007210838498139476,True,-0.0005558201417353218
158,20157,Learning_T3max,1.199781160018661e-22,False,8.331548424175835e-24
158,20157,Learning_T3sum,-0.014507128516033172,True,-0.0002795567474585159
158,20157,EnduranceT,0.04305096432670999,True,0.0006715923282380013
158,20157,rear_support,1.1973930345239296e-22,False,1.1630534548120113e-23
158,20157,rear_nosupport,9.808094738785673e-23,False,1.2141781603955129e-23
158,20157,Weight,-0.00593838087198366,True,-0.0023999466617152265
158,20157,Grip,0.02305495707963768,True,0.035950844274650756
159,20158,OFT_distance,0.0031638577741967453,True,0.0004921360430349521
159,20158,Average_speed_OFT,-0.05540172995890388,True,-4.873396793700379
159,20158,Total_time_mobile_OFT,-0.031310275046554384,True,-0.00030854542345640234
159,20158,Absolute_turn_angle_OFT,0.06331281183743398,True,5.215943616443591e-06
159,20158,Time_inCenter_OFT,-0.05569685993370081,True,-0.0012653539177789554
159,20158,Total_distance_travelled_NOR1,-2.328709848377192e-23,False,-4.293337344129509e-24
159,20158,Average_speed_NOR1,1.4851280680775892e-06,True,0.00016462643257466187
159,20158,Time_investigating_Piramidka_NOR1,-0.025559335416034678,True,-0.005436577288462257
159,20158,Latency_to_first_investigation_Piramidka_NOR1,-0.07737453672405817,True,-0.0006338063318887168
159,20158,Time_investigating_Stakan_NOR1,-2.0064326744329343e-22,False,-3.359267507341801e-23
159,20158,Latency_to_first_investigation_Stakan_NOR1,2.295575265647327e-22,False,1.81449989395419e-24
159,20158,Total_distance_travelled_NOR2,-3.253032406587072e-22,False,-6.464213271600108e-23
159,20158,Average_speed_NOR2,-1.56102248461191e-22,False,-1.8646286290653027e-20
159,20158,Time_investigating_Piramidka_zone_NOR2,-2.5418312134300905e-22,False,-3.0267363915468433e-23
159,20158,Latency_to_first_investigation_Piramidka_zone_NOR2,-6.0692863628593e-23,False,-4.015770651016549e-25
159,20158,Time_investigating_Stakan_zone_NOR2,0.00475724108455981,True,0.0008684902701791152
159,20158,Latency_to_first_investigation_Stakan_zone_NOR2,0.03763305565538249,True,0.0003087290550537563
159,20158,Learning_T1mean,2.775887094861508e-22,False,4.4030349958519793e-23
159,20158,Learning_T1max,-0.05289150635647674,True,-0.006942278243918035
159,20158,Learning_T1sum,1.2571398177746774e-22,False,4.9851006391679655e-24
159,20158,Learning_T2mean,0.01511507585585219,True,0.0017793678985467635
159,20158,Learning_T2max,0.010152135603023294,True,0.0010320901469103028
159,20158,Learning_T2sum,0.01511507585585226,True,0.0004448419746366929
159,20158,Learning_T3mean,-0.02124081246170918,True,-0.0016347387132491123
159,20158,Learning_T3max,-3.9541291046696386e-22,False,-2.742001829409897e-23
159,20158,Learning_T3sum,-0.018877533885800254,True,-0.0003632139249548559
159,20158,EnduranceT,0.0333331512844476,True,0.0005557647390458001
159,20158,rear_support,0.06113903933774842,True,0.006041871025228553
159,20158,rear_nosupport,-0.014459983074552027,True,-0.00171942644374343
159,20158,Weight,0.008949902928599216,True,0.0035869918923945423
159,20158,Grip,0.09350937787514604,True,0.15271647302888192
160,20159,OFT_distance,0.000968762447337622,True,0.00016127783114786628
160,20159,Average_speed_OFT,-0.0045587440895267645,True,-0.44236400854107044
160,20159,Total_time_mobile_OFT,1.5260056803630591e-21,False,1.5135426146187137e-23
160,20159,Absolute_turn_angle_OFT,-1.7804789409021674e-20,False,-1.4700760031731624e-24
160,20159,Time_inCenter_OFT,-0.006918470840366496,True,-0.00015928934486990855
160,20159,Total_distance_travelled_NOR1,9.60306225443403e-21,False,1.663657122095021e-21
160,20159,Average_speed_NOR1,-8.585516428814261e-07,False,-8.915567794740302e-05
160,20159,Time_investigating_Piramidka_NOR1,1.1295076156682852e-20,False,2.4386822906272532e-21
160,20159,Latency_to_first_investigation_Piramidka_NOR1,-0.007245161723303917,True,-5.47023187541173e-05
160,20159,Time_investigating_Stakan_NOR1,1.4673879062274297e-20,False,2.6656218741967386e-21
160,20159,Latency_to_first_investigation_Stakan_NOR1,-9.846910992027712e-21,False,-8.957562485199765e-23
160,20159,Total_distance_travelled_NOR2,1.8795258723020476e-20,False,3.0715505520303793e-21
160,20159,Average_speed_NOR2,1.9362622810824617e-20,False,1.90696424338804e-18
160,20159,Time_investigating_Piramidka_zone_NOR2,3.345485809974972e-20,False,4.417602679518193e-21
160,20159,Latency_to_first_investigation_Piramidka_zone_NOR2,1.4226374145486272e-21,False,9.425069501791869e-24
160,20159,Time_investigating_Stakan_zone_NOR2,0.018830615556768075,True,0.003714621069139369
160,20159,Latency_to_first_investigation_Stakan_zone_NOR2,0.0037508668494375726,True,3.145672817355566e-05
160,20159,Learning_T1mean,4.7853731658128514e-20,False,9.045003378467738e-21
160,20159,Learning_T1max,4.245243380199976e-20,False,6.105336094686709e-21
160,20159,Learning_T1sum,4.779159246937147e-20,False,2.2583145575565124e-21
160,20159,Learning_T2mean,0.0039640706178199975,True,0.0004982267473097939
160,20159,Learning_T2max,3.3609214995323882e-21,False,3.6271653332451225e-22
160,20159,Learning_T2sum,0.0010522117176244002,True,3.306197543483452e-05
160,20159,Learning_T3mean,1.9632856620982533e-20,False,1.5777446028626565e-21
160,20159,Learning_T3max,1.6800547991478617e-20,False,1.2365487612349308e-21
160,20159,Learning_T3sum,1.930572403727602e-20,False,3.8786385613918547e-22
160,20159,EnduranceT,9.10919706919322e-21,False,1.680546743675999e-22
160,20159,rear_support,3.811317362612209e-22,False,3.978172743122813e-23
160,20159,rear_nosupport,-0.008368533497063601,True,-0.0012408076087269445
160,20159,Weight,0.00814208434788628,True,0.0034486624047279737
160,20159,Grip,0.013786204324198867,True,0.020552361438136067
161,20160,OFT_distance,0.00011940913151392751,True,1.8167059831556004e-05
161,20160,Average_speed_OFT,-3.0166233452950906e-21,False,-2.6954647727563136e-19
161,20160,Total_time_mobile_OFT,-2.7820621219193554e-21,False,-2.6195304831212344e-23
161,20160,Absolute_turn_angle_OFT,-2.0182895957164703e-21,False,-1.6763428627314692e-25
161,20160,Time_inCenter_OFT,-0.01561375591735202,True,-0.0004479371860002998
161,20160,Total_distance_travelled_NOR1,-1.6371857591745351e-21,False,-2.8115723305775863e-22
161,20160,Average_speed_NOR1,4.72153397996253e-05,True,0.004876876220328105
161,20160,Time_investigating_Piramidka_NOR1,0.012881685344750067,True,0.0031219073923598735
161,20160,Latency_to_first_investigation_Piramidka_NOR1,-2.4017182090232474e-22,False,-1.806202392543283e-24
161,20160,Time_investigating_Stakan_NOR1,-1.286818831727722e-21,False,-2.3895904130254043e-22
161,20160,Latency_to_first_investigation_Stakan_NOR1,0.022094487056616926,True,0.00017606902853325106
161,20160,Total_distance_travelled_NOR2,-1.8630135469605182e-22,False,-3.144911195223336e-23
161,20160,Average_speed_NOR2,-9.838342448593052e-23,False,-9.973905932938213e-21
161,20160,Time_investigating_Piramidka_zone_NOR2,-0.0016139288313716574,True,-0.0002154586130452372
161,20160,Latency_to_first_investigation_Piramidka_zone_NOR2,3.1103947332618975e-22,False,2.1972927078545862e-24
161,20160,Time_investigating_Stakan_zone_NOR2,0.0011114869854013866,True,0.00024693236425601294
161,20160,Latency_to_first_investigation_Stakan_zone_NOR2,0.02369781499746249,True,0.0002048995068899747
161,20160,Learning_T1mean,9.394994946688908e-22,False,1.5868034123940477e-22
161,20160,Learning_T1max,1.3752524801376957e-22,False,1.7970495730859857e-23
161,20160,Learning_T1sum,9.394995736841341e-22,False,3.967008864624622e-23
161,20160,Learning_T2mean,0.00969304230834294,True,0.0011617477216673657
161,20160,Learning_T2max,-5.343489459754583e-22,False,-5.567556018322979e-23
161,20160,Learning_T2sum,2.663199160423576e-22,False,7.97986189100173e-24
161,20160,Learning_T3mean,-0.008312203247480322,True,-0.0006541655810980599
161,20160,Learning_T3max,-2.8018334693277334e-22,False,-2.0012587386860783e-23
161,20160,Learning_T3sum,-0.007012756335859676,True,-0.00013797496545026606
161,20160,EnduranceT,0.01642687954217911,True,0.0002857083631331097
161,20160,rear_support,0.023920347244989874,True,0.0023241144828694965
161,20160,rear_nosupport,-0.01737879418305054,True,-0.00222787860153705
161,20160,Weight,4.925560952605904e-21,False,1.9550577993745137e-21
161,20160,Grip,0.015995981503638144,True,0.024640221192318082
162,20161,OFT_distance,0.0023335927812971466,True,0.00037324495145004484
162,20161,Average_speed_OFT,-0.013403784301100743,True,-1.2711723834350688
162,20161,Total_time_mobile_OFT,-0.02561020647746036,True,-0.0002569545015182099
162,20161,Absolute_turn_angle_OFT,0.020196252027464518,True,1.7019907249689426e-06
162,20161,Time_inCenter_OFT,-0.030174155736127056,True,-0.0006935131858162171
162,20161,Total_distance_travelled_NOR1,1.0630206546289184e-20,False,1.8773277661643397e-21
162,20161,Average_speed_NOR1,-9.90817080682892e-06,True,-0.001049819962895864
162,20161,Time_investigating_Piramidka_NOR1,-0.05053234343357421,True,-0.011047958825112763
162,20161,Latency_to_first_investigation_Piramidka_NOR1,-0.08421835926892689,True,-0.0006683121780744561
162,20161,Time_investigating_Stakan_NOR1,0.030123395384757428,True,0.004681638598539767
162,20161,Latency_to_first_investigation_Stakan_NOR1,1.3061632038393725e-20,False,1.0395855969406423e-22
162,20161,Total_distance_travelled_NOR2,-7.726457951007647e-21,False,-1.247970280268349e-21
162,20161,Average_speed_NOR2,-6.817442242016413e-21,False,-6.631808583723258e-19
162,20161,Time_investigating_Piramidka_zone_NOR2,-0.014412704317978349,True,-0.0017310591122791717
162,20161,Latency_to_first_investigation_Piramidka_zone_NOR2,-0.0033283284581851185,True,-2.2021835970669043e-05
162,20161,Time_investigating_Stakan_zone_NOR2,0.016219564633228312,True,0.0029563849181908825
162,20161,Latency_to_first_investigation_Stakan_zone_NOR2,0.026777648050075726,True,0.00021574206923298146
162,20161,Learning_T1mean,-6.7038239261506806e-21,False,-1.1585340290237376e-21
162,20161,Learning_T1max,-0.029743398342420783,True,-0.0038770300849091848
162,20161,Learning_T1sum,-6.6192432553093406e-21,False,-2.8597926504854644e-22
162,20161,Learning_T2mean,0.02946039622260921,True,0.003536159311974443
162,20161,Learning_T2max,3.7040822193072356e-21,False,3.807817132462942e-22
162,20161,Learning_T2sum,0.009650119037136673,True,0.0002895782361257259
162,20161,Learning_T3mean,1.6067772911522744e-21,False,1.259970738651652e-22
162,20161,Learning_T3max,-2.0559637584179663e-22,False,-1.4402993968099716e-23
162,20161,Learning_T3sum,-0.011296898853267475,True,-0.00022146445047180292
162,20161,EnduranceT,0.0035711178745917753,True,6.11707965555111e-05
162,20161,rear_support,0.030173610983204115,True,0.0031402270628403035
162,20161,rear_nosupport,-0.015937281996230537,True,-0.0019082234252259464
162,20161,Weight,0.00041048976347538273,True,0.00017516199664240867
162,20161,Grip,0.046573292973222824,True,0.08298142716982668
163,20162,OFT_distance,-0.002645236419987112,True,-0.0004645413717524436
163,20162,Average_speed_OFT,-0.009707526774525665,True,-0.9861624131583647
163,20162,Total_time_mobile_OFT,4.371846184715598e-21,False,4.6024487016463003e-23
163,20162,Absolute_turn_angle_OFT,0.032749771741497714,True,2.854840956108743e-06
163,20162,Time_inCenter_OFT,-0.009851853351539472,True,-0.0002550276561744322
163,20162,Total_distance_travelled_NOR1,-5.287053273746222e-22,False,-9.086368366012518e-23
163,20162,Average_speed_NOR1,6.0260380178754e-06,True,0.0006208475526306448
163,20162,Time_investigating_Piramidka_NOR1,0.0030539455324704577,True,0.0006293999418894886
163,20162,Latency_to_first_investigation_Piramidka_NOR1,-1.5979748287248082e-21,False,-1.2861683248429802e-23
163,20162,Time_investigating_Stakan_NOR1,-5.497773346327194e-21,False,-8.901502646049483e-22
163,20162,Latency_to_first_investigation_Stakan_NOR1,0.034360514889422406,True,0.00029576575746431254
163,20162,Total_distance_travelled_NOR2,-1.1906903274494946e-22,False,-1.9337430568328106e-23
163,20162,Average_speed_NOR2,-0.008003390403528087,True,-0.7858604590830722
163,20162,Time_investigating_Piramidka_zone_NOR2,1.8310292992287977e-22,False,2.372229095859573e-23
163,20162,Latency_to_first_investigation_Piramidka_zone_NOR2,0.013888904874529854,True,0.00011651818829047522
163,20162,Time_investigating_Stakan_zone_NOR2,0.04069669404053052,True,0.007519279217536517
163,20162,Latency_to_first_investigation_Stakan_zone_NOR2,0.007717661789276688,True,6.542304594398283e-05
163,20162,Learning_T1mean,-8.159989698468348e-21,False,-1.3977517507489614e-21
163,20162,Learning_T1max,-6.0512924217827985e-21,False,-8.805166833657716e-22
163,20162,Learning_T1sum,-8.141268311859292e-21,False,-3.486362255565814e-22
163,20162,Learning_T2mean,-6.927489010668252e-21,False,-7.978274056396774e-22
163,20162,Learning_T2max,-5.387596975446885e-21,False,-5.380124803692065e-22
163,20162,Learning_T2sum,-7.052245515190029e-21,False,-2.0304885127401163e-22
163,20162,Learning_T3mean,-0.008328859564386443,True,-0.0006299729619603434
163,20162,Learning_T3max,-1.0370366155403613e-21,False,-7.117657800045895e-23
163,20162,Learning_T3sum,-0.005378912117899132,True,-0.00010171168011784468
163,20162,EnduranceT,0.022952792953170528,True,0.00038063202199654813
163,20162,rear_support,-3.5722568983246774e-21,False,-4.240216530427654e-22
163,20162,rear_nosupport,8.939961754472629e-22,False,1.1953738457638946e-22
163,20162,Weight,-1.4327285820023962e-20,False,-6.52760905827034e-21
163,20162,Grip,0.019943317172582645,True,0.030177068313736972
164,20163,OFT_distance,0.0016258065561946605,True,0.0002871858308081313
164,20163,Average_speed_OFT,-0.07394808374785218,True,-7.559863052854151
164,20163,Total_time_mobile_OFT,-6.2093019216884735e-22,False,-7.560011321816554e-24
164,20163,Absolute_turn_angle_OFT,0.057822875825171725,True,5.522774178995021e-06
164,20163,Time_inCenter_OFT,-0.01770668529477239,True,-0.0004095039696881032
164,20163,Total_distance_travelled_NOR1,3.064979277179745e-22,False,5.369008579546744e-23
164,20163,Average_speed_NOR1,1.5291590508550755e-06,True,0.00016058303502650004
164,20163,Time_investigating_Piramidka_NOR1,-0.015463766280863057,True,-0.003198438288012046
164,20163,Latency_to_first_investigation_Piramidka_NOR1,-0.04857227908534618,True,-0.00042448563256413725
164,20163,Time_investigating_Stakan_NOR1,1.6395142696094575e-22,False,2.6525187737190185e-23
164,20163,Latency_to_first_investigation_Stakan_NOR1,2.319454329660157e-23,False,2.074920452751946e-25
164,20163,Total_distance_travelled_NOR2,0.017132917737833712,True,0.0029522132680711434
164,20163,Average_speed_NOR2,0.01415948275174047,True,1.4704339846429142
164,20163,Time_investigating_Piramidka_zone_NOR2,-4.098276451557598e-23,False,-4.766415227674993e-24
164,20163,Latency_to_first_investigation_Piramidka_zone_NOR2,-0.022332828847551896,True,-0.00016911332032420987
164,20163,Time_investigating_Stakan_zone_NOR2,0.04566078166135992,True,0.00875940719339953
164,20163,Latency_to_first_investigation_Stakan_zone_NOR2,0.041046608703621715,True,0.00038534819196318714
164,20163,Learning_T1mean,-2.766063038948437e-22,False,-4.7576629768121877e-23
164,20163,Learning_T1max,-0.03188325494743884,True,-0.004354956749595882
164,20163,Learning_T1sum,-4.354621137561766e-22,False,-1.8725006871225898e-23
164,20163,Learning_T2mean,0.002730487390846448,True,0.0003914165629001988
164,20163,Learning_T2max,-2.627172310587675e-22,False,-3.037501786591146e-23
164,20163,Learning_T2sum,0.002277619592756993,True,8.16244414440172e-05
164,20163,Learning_T3mean,-0.038135069833656485,True,-0.003863365513488291
164,20163,Learning_T3max,-0.014342504703962328,True,-0.001307627338571112
164,20163,Learning_T3sum,-0.02370033211975339,True,-0.0006002548714940612
164,20163,EnduranceT,0.020253920012790187,True,0.0003603238473388808
164,20163,rear_support,0.07011865700627896,True,0.007162117134997497
164,20163,rear_nosupport,-0.00507580028453477,True,-0.000655440284851018
164,20163,Weight,7.764605476317288e-23,False,3.205884203912208e-23
164,20163,Grip,0.08496999289981447,True,0.12890121716933994
165,20164,OFT_distance,0.0020908922440687427,True,0.00033026278299691264
165,20164,Average_speed_OFT,-0.04202727989654178,True,-3.8287826196476655
165,20164,Total_time_mobile_OFT,-0.027576686567227202,True,-0.00027469417897475507
165,20164,Absolute_turn_angle_OFT,0.06779108806964097,True,5.712512080657209e-06
165,20164,Time_inCenter_OFT,-0.05259047013206236,True,-0.001160386964318084
165,20164,Total_distance_travelled_NOR1,2.831405754058807e-22,False,5.408904137524475e-23
165,20164,Average_speed_NOR1,-1.1884978186913454e-06,True,-0.000136307210541466
165,20164,Time_investigating_Piramidka_NOR1,9.068270518162315e-23,False,2.05657205327721e-23
165,20164,Latency_to_first_investigation_Piramidka_NOR1,-0.06399345359472709,True,-0.0005306604586561962
165,20164,Time_investigating_Stakan_NOR1,0.010252780530608702,True,0.0017597387340456843
165,20164,Latency_to_first_investigation_Stakan_NOR1,-9.244569074694493e-23,False,-7.91819229276717e-25
165,20164,Total_distance_travelled_NOR2,8.712972869350695e-23,False,1.871461366532559e-23
165,20164,Average_speed_NOR2,-6.231242359394473e-23,False,-8.013352418761014e-21
165,20164,Time_investigating_Piramidka_zone_NOR2,-0.03202061233949699,True,-0.0038535338631561504
165,20164,Latency_to_first_investigation_Piramidka_zone_NOR2,-0.0037755514790073098,True,-2.635634170273184e-05
165,20164,Time_investigating_Stakan_zone_NOR2,-1.1913765503696362e-22,False,-2.348680385594582e-23
165,20164,Latency_to_first_investigation_Stakan_zone_NOR2,0.050768031887427435,True,0.0004471724722935736
165,20164,Learning_T1mean,1.0504837205148294e-22,False,1.715736765693397e-23
165,20164,Learning_T1max,-0.0348270937544029,True,-0.004697124816799584
165,20164,Learning_T1sum,1.8344187311762906e-22,False,7.49031041436154e-24
165,20164,Learning_T2mean,0.009213504991751992,True,0.001078181335423807
165,20164,Learning_T2max,-6.69266226124838e-23,False,-6.586514100808073e-24
165,20164,Learning_T2sum,0.009213504991752119,True,0.00026954533385595546
165,20164,Learning_T3mean,-0.00023007439969969766,True,-1.7810121988629868e-05
165,20164,Learning_T3max,-1.9480286571206945e-22,False,-1.3619313618439955e-23
165,20164,Learning_T3sum,-0.018620189039601796,True,-0.0003603484771442529
165,20164,EnduranceT,0.01362484103006171,True,0.00023749354619774477
165,20164,rear_support,0.07710272650013365,True,0.007265900319463434
165,20164,rear_nosupport,1.0038333215678128e-23,False,1.1831017053502497e-24
165,20164,Weight,2.1345730689046147e-22,False,9.075280189809789e-23
165,20164,Grip,0.06157665861261703,True,0.09405015748563371
166,20165,OFT_distance,0.0007414418418428644,True,0.00012271834049975246
166,20165,Average_speed_OFT,-0.021538896486148363,True,-2.0089477777730385
166,20165,Total_time_mobile_OFT,-2.9837444068742234e-21,False,-3.0311573870241215e-23
166,20165,Absolute_turn_angle_OFT,-1.264951562290891e-21,False,-1.1074279803341004e-25
166,20165,Time_inCenter_OFT,-0.012042850722312882,True,-0.00029282965789870837
166,20165,Total_distance_travelled_NOR1,-6.595287997111305e-22,False,-1.3096035502745812e-22
166,20165,Average_speed_NOR1,2.499146939171335e-07,False,2.9893701607291467e-05
166,20165,Time_investigating_Piramidka_NOR1,0.01085108112981169,True,0.002700320651752466
166,20165,Latency_to_first_investigation_Piramidka_NOR1,5.091726382065895e-21,False,4.0575864124683317e-23
166,20165,Time_investigating_Stakan_NOR1,1.034845994643324e-21,False,2.1105468045103898e-22
166,20165,Latency_to_first_investigation_Stakan_NOR1,5.667026688171197e-21,False,5.305738925575402e-23
166,20165,Total_distance_travelled_NOR2,7.657627729898064e-22,False,1.7119966984915185e-22
166,20165,Average_speed_NOR2,8.693891073918308e-22,False,1.1663807609970236e-19
166,20165,Time_investigating_Piramidka_zone_NOR2,2.651473610590809e-21,False,3.8087472769831484e-22
166,20165,Latency_to_first_investigation_Piramidka_zone_NOR2,-0.0005642578035283811,True,-4.797742451882794e-06
166,20165,Time_investigating_Stakan_zone_NOR2,0.0014366982803854635,True,0.00030782864699616715
166,20165,Latency_to_first_investigation_Stakan_zone_NOR2,0.0072029743812405305,True,5.8691531584458836e-05
166,20165,Learning_T1mean,1.8202338770100362e-21,False,3.189029222655819e-22
166,20165,Learning_T1max,-0.011457443464113714,True,-0.0017977723451010868
166,20165,Learning_T1sum,1.861066098242304e-21,False,8.151417034301285e-23
166,20165,Learning_T2mean,0.0033200245706898604,True,0.0003939163252326934
166,20165,Learning_T2max,-1.1229274113832307e-21,False,-1.1502302767548515e-22
166,20165,Learning_T2sum,0.0033200245706898517,True,9.847908130817309e-05
166,20165,Learning_T3mean,-7.810259466407041e-22,False,-6.825382769554559e-23
166,20165,Learning_T3max,-4.9374685454439995e-22,False,-3.941126617662905e-23
166,20165,Learning_T3sum,-7.076970226742948e-22,False,-1.5461403956558567e-23
166,20165,EnduranceT,-1.8902257742592713e-21,False,-3.227572693941114e-23
166,20165,rear_support,0.013009034811146665,True,0.001280462947287495
166,20165,rear_nosupport,-4.9879507740034976e-21,False,-6.1776940109204365e-22
166,20165,Weight,0.005403384157692745,True,0.002157259681328393
166,20165,Grip,0.01254844143665109,True,0.019056048902361615
167,20166,OFT_distance,0.0035344397954563873,True,0.0005523686255897464
167,20166,Average_speed_OFT,-0.014208271904634612,True,-1.2460948075775264
167,20166,Total_time_mobile_OFT,-0.028454408258344388,True,-0.00028582568456470605
167,20166,Absolute_turn_angle_OFT,0.0820816541808945,True,6.972997083306255e-06
167,20166,Time_inCenter_OFT,-0.06656102138766694,True,-0.0016394146341195178
167,20166,Total_distance_travelled_NOR1,-2.462913079839119e-22,False,-4.5017274156907974e-23
167,20166,Average_speed_NOR1,-2.248178388032968e-06,True,-0.00024688495539678046
167,20166,Time_investigating_Piramidka_NOR1,0.011104992525355514,True,0.0024124627860402175
167,20166,Latency_to_first_investigation_Piramidka_NOR1,-0.030112837762898987,True,-0.0002498810924270008
167,20166,Time_investigating_Stakan_NOR1,0.02049887814890031,True,0.0034423484415795733
167,20166,Latency_to_first_investigation_Stakan_NOR1,0.025130031221400142,True,0.0002007337051868485
167,20166,Total_distance_travelled_NOR2,-3.405923228477929e-21,False,-6.942364451596377e-22
167,20166,Average_speed_NOR2,-3.5186421810996035e-21,False,-4.3259261495353147e-19
167,20166,Time_investigating_Piramidka_zone_NOR2,-0.031234604810190122,True,-0.0037313926522313683
167,20166,Latency_to_first_investigation_Piramidka_zone_NOR2,2.258749547780734e-21,False,1.5340385178107946e-23
167,20166,Time_investigating_Stakan_zone_NOR2,3.88933462528417e-22,False,7.452970676010276e-23
167,20166,Latency_to_first_investigation_Stakan_zone_NOR2,0.0033583986278377313,True,2.711205914021095e-05
167,20166,Learning_T1mean,-1.52509005286466e-21,False,-2.4870762198554277e-22
167,20166,Learning_T1max,-0.01431662092572008,True,-0.002037784300463891
167,20166,Learning_T1sum,-1.5250900909001817e-21,False,-6.217690704706857e-23
167,20166,Learning_T2mean,0.023109553712299065,True,0.002712138233311863
167,20166,Learning_T2max,0.021398281685037213,True,0.0021998196271431182
167,20166,Learning_T2sum,0.02310955371229915,True,0.0006780345583279683
167,20166,Learning_T3mean,-0.03128501544865432,True,-0.0024168403226279616
167,20166,Learning_T3max,-5.468103158351541e-22,False,-3.878761825046199e-23
167,20166,Learning_T3sum,-0.023732695719841327,True,-0.0004583515075652594
167,20166,EnduranceT,0.006390746982343655,True,0.00010882242175484945
167,20166,rear_support,0.017643271302517916,True,0.0017292182907129427
167,20166,rear_nosupport,-0.00041106216651139947,True,-5.029911204810154e-05
167,20166,Weight,-0.002405226375273076,True,-0.0009624971487405282
167,20166,Grip,0.11065710843878958,True,0.18683127056645668
168,20167,OFT_distance,-0.00031840992410613723,True,-5.185361053061532e-05
168,20167,Average_speed_OFT,-0.05513955331869255,True,-5.234476543314048
168,20167,Total_time_mobile_OFT,-0.023364397170302427,True,-0.00023807922080887808
168,20167,Absolute_turn_angle_OFT,0.0656431525357912,True,5.483999354896357e-06
168,20167,Time_inCenter_OFT,-0.06868226574912088,True,-0.0016088619007756572
168,20167,Total_distance_travelled_NOR1,-2.4019756748926046e-22,False,-4.149781999484078e-23
168,20167,Average_speed_NOR1,3.303326720097522e-06,True,0.00034228234435596146
168,20167,Time_investigating_Piramidka_NOR1,0.02030493091566906,True,0.00404961925286362
168,20167,Latency_to_first_investigation_Piramidka_NOR1,-0.0221798488397779,True,-0.00019265678593539799
168,20167,Time_investigating_Stakan_NOR1,0.001147686223090572,True,0.0001753802510802367
168,20167,Latency_to_first_investigation_Stakan_NOR1,0.007267226046895891,True,5.91072286116685e-05
168,20167,Total_distance_travelled_NOR2,0.0032511269518832003,True,0.0005215058558970866
168,20167,Average_speed_NOR2,0.0140135097250278,True,1.3502933447248884
168,20167,Time_investigating_Piramidka_zone_NOR2,-0.008559724837705063,True,-0.0009758820036593792
168,20167,Latency_to_first_investigation_Piramidka_zone_NOR2,5.439166814284884e-22,False,3.8419875289668835e-24
168,20167,Time_investigating_Stakan_zone_NOR2,-1.6651387527471488e-22,False,-3.177626063435463e-23
168,20167,Latency_to_first_investigation_Stakan_zone_NOR2,0.02897718372385606,True,0.0002323161240707631
168,20167,Learning_T1mean,5.9260024946733275e-22,False,1.087991312445925e-22
168,20167,Learning_T1max,-0.002802423802153014,True,-0.0004215011279153418
168,20167,Learning_T1sum,4.504782469409481e-22,False,2.0676519270712838e-23
168,20167,Learning_T2mean,4.474159206186362e-22,False,5.280433782728931e-23
168,20167,Learning_T2max,-6.114863596330304e-23,False,-6.370701492041596e-24
168,20167,Learning_T2sum,4.462099574337389e-22,False,1.3165502303568514e-23
168,20167,Learning_T3mean,-0.022474375416039027,True,-0.0017255588080488883
168,20167,Learning_T3max,-0.02894832789251608,True,-0.0020103976098462934
168,20167,Learning_T3sum,-0.02867209348267753,True,-0.0005503532638656424
168,20167,EnduranceT,0.029287002416522826,True,0.0005118251154326074
168,20167,rear_support,0.029833560475651534,True,0.0030777132727117518
168,20167,rear_nosupport,-0.0031007311815236254,True,-0.0004109614507507341
168,20167,Weight,0.03895756022931772,True,0.015757741216602575
168,20167,Grip,0.11346784215015251,True,0.16646650436064264
169,20168,OFT_distance,0.0008060266905442949,True,0.00013223810762447237
169,20168,Average_speed_OFT,-0.03509232430647553,True,-3.314864289937995
169,20168,Total_time_mobile_OFT,-0.001948140707030189,True,-2.2224958641332846e-05
169,20168,Absolute_turn_angle_OFT,0.028281692794658458,True,2.661881889791251e-06
169,20168,Time_inCenter_OFT,2.2397199163441125e-23,False,5.004694273448778e-25
169,20168,Total_distance_travelled_NOR1,-8.877968778953941e-24,False,-1.539497361119406e-24
169,20168,Average_speed_NOR1,8.001561753452118e-06,True,0.0008302820933119763
169,20168,Time_investigating_Piramidka_NOR1,0.002630530419615645,True,0.0005385105311508795
169,20168,Latency_to_first_investigation_Piramidka_NOR1,-0.013220655506933073,True,-0.00010407435238029811
169,20168,Time_investigating_Stakan_NOR1,2.4824467567559535e-22,False,3.7652978820193925e-23
169,20168,Latency_to_first_investigation_Stakan_NOR1,0.016806627074361986,True,0.00013500716556473464
169,20168,Total_distance_travelled_NOR2,2.767996655358787e-22,False,4.553074358056358e-23
169,20168,Average_speed_NOR2,3.3381279606170345e-22,False,3.3179799534837784e-20
169,20168,Time_investigating_Piramidka_zone_NOR2,4.0342864597946543e-22,False,4.5843967640727433e-23
169,20168,Latency_to_first_investigation_Piramidka_zone_NOR2,-0.03899801817659215,True,-0.0002813772084052494
169,20168,Time_investigating_Stakan_zone_NOR2,3.033796074792709e-22,False,5.536783880451233e-23
169,20168,Latency_to_first_investigation_Stakan_zone_NOR2,0.024987428232488968,True,0.00024931473632357757
169,20168,Learning_T1mean,1.273796462841074e-22,False,2.1471557626314676e-23
169,20168,Learning_T1max,-0.035476599111601705,True,-0.004726806163685982
169,20168,Learning_T1sum,4.806636633597341e-23,False,2.025558605274543e-24
169,20168,Learning_T2mean,0.016976886202654497,True,0.0021398565867076632
169,20168,Learning_T2max,-7.336303719214693e-23,False,-7.727013001448568e-24
169,20168,Learning_T2sum,0.02439912548482904,True,0.0007688487269599327
169,20168,Learning_T3mean,-0.0029220953570614537,True,-0.00024630769366858
169,20168,Learning_T3max,-1.311310855068977e-22,False,-9.851948085753224e-24
169,20168,Learning_T3sum,-0.0154604741127629,True,-0.00032579649672751334
169,20168,EnduranceT,0.014489883452842982,True,0.00023741612576554062
169,20168,rear_support,0.06784011649056866,True,0.0066614273321993715
169,20168,rear_nosupport,-0.0015257361719742755,True,-0.00019157418096843714
169,20168,Weight,-0.014141913461936747,True,-0.005723531804492349
169,20168,Grip,0.07733071178500225,True,0.11930545592095021
170,20169,OFT_distance,0.0018225723695351234,True,0.0003085050975244775
170,20169,Average_speed_OFT,-0.05184811770616293,True,-5.147888510880723
170,20169,Total_time_mobile_OFT,-0.03219680560137783,True,-0.0003386965494633004
170,20169,Absolute_turn_angle_OFT,0.06765882423751284,True,6.340398799509229e-06
170,20169,Time_inCenter_OFT,-0.02755628058950464,True,-0.0007313912135861926
170,20169,Total_distance_travelled_NOR1,3.5936227170958943e-22,False,6.782669236635685e-23
170,20169,Average_speed_NOR1,3.9053464758030995e-08,False,4.42548553902876e-06
170,20169,Time_investigating_Piramidka_NOR1,-0.03852504367161765,True,-0.008680447859530399
170,20169,Latency_to_first_investigation_Piramidka_NOR1,-0.06761445364560259,True,-0.000510931843337855
170,20169,Time_investigating_Stakan_NOR1,-0.025191677009478053,True,-0.004008903202398033
170,20169,Latency_to_first_investigation_Stakan_NOR1,-3.6405103026006183e-22,False,-3.0787743236839477e-24
170,20169,Total_distance_travelled_NOR2,0.0016598960082361471,True,0.00028534147386050584
170,20169,Average_speed_NOR2,3.0317762346436414e-23,False,3.1496053172477144e-21
170,20169,Time_investigating_Piramidka_zone_NOR2,-5.427987490259336e-23,False,-6.545272268541774e-24
170,20169,Latency_to_first_investigation_Piramidka_zone_NOR2,-0.023379655461712057,True,-0.00015775489773291575
170,20169,Time_investigating_Stakan_zone_NOR2,0.017676778056733563,True,0.0033745309972974084
170,20169,Latency_to_first_investigation_Stakan_zone_NOR2,0.03339681635527721,True,0.00029416481369690426
170,20169,Learning_T1mean,-2.7272475598743527e-22,False,-4.6082497140079383e-23
170,20169,Learning_T1max,-0.018378150749139083,True,-0.00245425835176664
170,20169,Learning_T1sum,-3.910334718122186e-23,False,-1.6518301374236144e-24
170,20169,Learning_T2mean,2.8071066720617246e-22,False,3.550608567485189e-23
170,20169,Learning_T2max,1.1030144025552304e-22,False,1.1577253378946645e-23
170,20169,Learning_T2sum,2.0596859793020333e-22,False,6.513057338739883e-24
170,20169,Learning_T3mean,1.196296487024413e-22,False,1.0706619160727412e-23
170,20169,Learning_T3max,-0.014937567562626066,True,-0.001198116319925522
170,20169,Learning_T3sum,2.426413816139031e-22,False,5.428982057856222e-24
170,20169,EnduranceT,0.001502212257182186,True,2.4584401840029232e-05
170,20169,rear_support,0.05850289395262733,True,0.0063852939163634905
170,20169,rear_nosupport,-0.006293417769310096,True,-0.0007768067193610317
170,20169,Weight,3.5840373520945165e-06,True,1.4709865876894157e-06
170,20169,Grip,0.0800677785776206,True,0.13502497784370154
171,20170,OFT_distance,0.001575261287019487,True,0.00024054624037393463
171,20170,Average_speed_OFT,6.669932509002514e-22,False,5.95983192357073e-20
171,20170,Total_time_mobile_OFT,5.486196598326186e-22,False,5.273115563967312e-24
171,20170,Absolute_turn_angle_OFT,1.618565181421924e-21,False,1.2976779409159264e-25
171,20170,Time_inCenter_OFT,-0.020448984516367067,True,-0.0004764599124174015
171,20170,Total_distance_travelled_NOR1,0.0025911329070166704,True,0.0004407473833649838
171,20170,Average_speed_NOR1,0.00026645992818823914,True,0.027223573720792562
171,20170,Time_investigating_Piramidka_NOR1,0.012708303622269329,True,0.0027485286380330492
171,20170,Latency_to_first_investigation_Piramidka_NOR1,-0.038259806614754865,True,-0.00034246868740512134
171,20170,Time_investigating_Stakan_NOR1,0.008924545676884997,True,0.0014555819045408407
171,20170,Latency_to_first_investigation_Stakan_NOR1,2.728476006983722e-22,False,2.178128536691206e-24
171,20170,Total_distance_travelled_NOR2,-1.8500387364713097e-22,False,-2.94815013953612e-23
171,20170,Average_speed_NOR2,-2.29107552553438e-22,False,-2.1896966851677718e-20
171,20170,Time_investigating_Piramidka_zone_NOR2,-0.0063491242876821796,True,-0.0007391450517527616
171,20170,Latency_to_first_investigation_Piramidka_zone_NOR2,-0.012726062688038364,True,-0.00010101174572571077
171,20170,Time_investigating_Stakan_zone_NOR2,0.004470623866244582,True,0.0008193967266076319
171,20170,Latency_to_first_investigation_Stakan_zone_NOR2,0.03888685274024973,True,0.0003265309197550847
171,20170,Learning_T1mean,-7.328700033541373e-22,False,-1.3753002433911335e-22
171,20170,Learning_T1max,-0.009685796283395515,True,-0.0014860721880769554
171,20170,Learning_T1sum,-6.904078200082683e-22,False,-3.239039797477177e-23
171,20170,Learning_T2mean,8.798928314863352e-22,False,1.0377370580081033e-22
171,20170,Learning_T2max,1.808438890078091e-22,False,1.901169061284627e-23
171,20170,Learning_T2sum,3.6870471130682763e-22,False,1.0871168871183617e-23
171,20170,Learning_T3mean,-0.010750736213284214,True,-0.0008204087160114793
171,20170,Learning_T3max,-5.671023918767794e-23,False,-3.903151654358023e-24
171,20170,Learning_T3sum,-0.0053111420415522465,True,-0.00010132578682100701
171,20170,EnduranceT,0.0009151063413124945,True,1.6916136918350303e-05
171,20170,rear_support,9.70781704218944e-22,False,9.336613545949765e-23
171,20170,rear_nosupport,-0.030904571523712728,True,-0.003845115995768542
171,20170,Weight,0.03212855810595925,True,0.01300274131545346
171,20170,Grip,0.05092532105520775,True,0.08384611735367552
172,20171,OFT_distance,0.0005587621970515743,True,8.769148330372424e-05
172,20171,Average_speed_OFT,-0.015535293590130735,True,-1.4441263589003477
172,20171,Total_time_mobile_OFT,4.934465015140777e-22,False,4.840023752277628e-24
172,20171,Absolute_turn_angle_OFT,-7.956803131425538e-22,False,-6.492309281474272e-26
172,20171,Time_inCenter_OFT,-0.007139638097550312,True,-0.00016194245864558908
172,20171,Total_distance_travelled_NOR1,-1.0973126832451595e-22,False,-2.1234824952987802e-23
172,20171,Average_speed_NOR1,5.304174631027295e-06,True,0.0006162842817213804
172,20171,Time_investigating_Piramidka_NOR1,-0.0017532182312282587,True,-0.0003932744927401918
172,20171,Latency_to_first_investigation_Piramidka_NOR1,-0.004745553116457664,True,-3.572293236507066e-05
172,20171,Time_investigating_Stakan_NOR1,-0.0060207978900140725,True,-0.0011143028140402128
172,20171,Latency_to_first_investigation_Stakan_NOR1,0.010516186281239988,True,0.00010831852489936285
172,20171,Total_distance_travelled_NOR2,3.776766314216115e-22,False,8.049816472521539e-23
172,20171,Average_speed_NOR2,4.6649321365993335e-22,False,6.005135777997887e-20
172,20171,Time_investigating_Piramidka_zone_NOR2,1.3837764576683215e-22,False,1.7011615033479788e-23
172,20171,Latency_to_first_investigation_Piramidka_zone_NOR2,-1.4751309701160925e-23,False,-1.3037875691805746e-25
172,20171,Time_investigating_Stakan_zone_NOR2,0.03185083968370578,True,0.0062352291481518165
172,20171,Latency_to_first_investigation_Stakan_zone_NOR2,0.016065434382957246,True,0.0001541006241192149
172,20171,Learning_T1mean,8.408586392365597e-22,False,1.5246725098314036e-22
172,20171,Learning_T1max,3.6815303108246375e-22,False,4.999940740065325e-23
172,20171,Learning_T1sum,8.408586392387141e-22,False,3.811681274588275e-23
172,20171,Learning_T2mean,-1.3411235240663253e-22,False,-1.5929716142475575e-23
172,20171,Learning_T2max,-1.6825319487974319e-22,False,-1.760764730088785e-23
172,20171,Learning_T2sum,-1.341123697250544e-22,False,-3.982429549884618e-24
172,20171,Learning_T3mean,-0.013178703556816511,True,-0.001058687868356096
172,20171,Learning_T3max,1.0406030414088549e-22,False,7.450495844455595e-24
172,20171,Learning_T3sum,-0.016353453117070597,True,-0.0003284314414185642
172,20171,EnduranceT,0.0304198075217789,True,0.0005445601984274478
172,20171,rear_support,0.012255330206190403,True,0.001178387965708136
172,20171,rear_nosupport,-0.006483034681696631,True,-0.0008261250145602478
172,20171,Weight,0.010392557469963358,True,0.004456905969416359
172,20171,Grip,0.004818256348228089,True,0.007290501588344594
173,20172,OFT_distance,0.0011853436192224974,True,0.00019439240311499504
173,20172,Average_speed_OFT,-0.002830084641469659,True,-0.28099303996353
173,20172,Total_time_mobile_OFT,3.3492120519810688e-21,False,3.8232860161507583e-23
173,20172,Absolute_turn_angle_OFT,-0.001970778767452267,True,-1.783554324326067e-07
173,20172,Time_inCenter_OFT,-0.007400456590240624,True,-0.00018446351651394793
173,20172,Total_distance_travelled_NOR1,1.2813928166324451e-21,False,2.2984002024325395e-22
173,20172,Average_speed_NOR1,1.2430140908443352e-06,True,0.0001335015157812406
173,20172,Time_investigating_Piramidka_NOR1,0.005601801350791216,True,0.0012327172795694881
173,20172,Latency_to_first_investigation_Piramidka_NOR1,-0.00902099556305208,True,-6.784747065366981e-05
173,20172,Time_investigating_Stakan_NOR1,1.3326722436292883e-21,False,2.0945145367494852e-22
173,20172,Latency_to_first_investigation_Stakan_NOR1,-1.2443362971083514e-21,False,-1.0312711537399204e-23
173,20172,Total_distance_travelled_NOR2,1.782318004952647e-21,False,2.9076094449806854e-22
173,20172,Average_speed_NOR2,1.8407998525014774e-21,False,1.8102066754627471e-19
173,20172,Time_investigating_Piramidka_zone_NOR2,2.2856254901399457e-21,False,2.7917880492665115e-22
173,20172,Latency_to_first_investigation_Piramidka_zone_NOR2,-1.0785514779915342e-21,False,-9.541427283508065e-24
173,20172,Time_investigating_Stakan_zone_NOR2,0.012568965584918445,True,0.0023503056264505607
173,20172,Latency_to_first_investigation_Stakan_zone_NOR2,0.011147034031171132,True,9.600685227101785e-05
173,20172,Learning_T1mean,1.3907396713290045e-21,False,2.658235703614774e-22
173,20172,Learning_T1max,-0.007605870746091339,True,-0.0010316063206295232
173,20172,Learning_T1sum,1.3683951401326231e-21,False,6.538816884898081e-23
173,20172,Learning_T2mean,0.002454612182956321,True,0.00029950924965636426
173,20172,Learning_T2max,3.8098373440586206e-23,False,3.98732208358758e-24
173,20172,Learning_T2sum,-2.1260030414227007e-22,False,-6.4853175190464715e-24
173,20172,Learning_T3mean,1.0873417708245871e-21,False,9.060475952979301e-23
173,20172,Learning_T3max,1.140413036888629e-21,False,8.286573357452268e-23
173,20172,Learning_T3sum,1.0380037188520062e-21,False,2.162339382637149e-23
173,20172,EnduranceT,0.0010997807705146454,True,1.7486591295354576e-05
173,20172,rear_support,7.549189617683056e-22,False,7.863950857585851e-23
173,20172,rear_nosupport,3.424006844676007e-22,False,4.379065340773666e-23
173,20172,Weight,-9.828725100461357e-22,False,-4.598773348877577e-22
173,20172,Grip,0.011504488136518724,True,0.01804456382004594
174,20173,OFT_distance,0.0012756653077370798,True,0.00020928260785116866
174,20173,Average_speed_OFT,-0.015444234672765574,True,-1.4639533449549846
174,20173,Total_time_mobile_OFT,-5.1272142673765776e-21,False,-5.1177140692081595e-23
174,20173,Absolute_turn_angle_OFT,-2.8811162148942282e-21,False,-2.4305579727088838e-25
174,20173,Time_inCenter_OFT,-0.001249353871069435,True,-2.855892970946869e-05
174,20173,Total_distance_travelled_NOR1,-3.6320938150216855e-21,False,-6.605505633736557e-22
174,20173,Average_speed_NOR1,-2.0174147777998287e-06,True,-0.00022037090229668334
174,20173,Time_investigating_Piramidka_NOR1,0.0072688855133081366,True,0.0018584573838272588
174,20173,Latency_to_first_investigation_Piramidka_NOR1,-0.00025239006680715173,True,-1.9510666172325946e-06
174,20173,Time_investigating_Stakan_NOR1,-1.7797281021362794e-22,False,-3.6058824184838793e-23
174,20173,Latency_to_first_investigation_Stakan_NOR1,-3.308567381992814e-21,False,-2.9307233508020417e-23
174,20173,Total_distance_travelled_NOR2,-3.8298326516733065e-21,False,-6.414485642216112e-22
174,20173,Average_speed_NOR2,-4.176966495162252e-21,False,-4.2048585666261506e-19
174,20173,Time_investigating_Piramidka_zone_NOR2,3.8808599728617147e-22,False,5.0604437748622063e-23
174,20173,Latency_to_first_investigation_Piramidka_zone_NOR2,5.4434985732301775e-21,False,4.1787414854684466e-23
174,20173,Time_investigating_Stakan_zone_NOR2,0.01687800257919909,True,0.0034104611465722566
174,20173,Latency_to_first_investigation_Stakan_zone_NOR2,0.0018896968232773542,True,1.5677907489044867e-05
174,20173,Learning_T1mean,-8.051013282680915e-22,False,-1.328405558490541e-22
174,20173,Learning_T1max,-0.001820081736208108,True,-0.0002456102406340297
174,20173,Learning_T1sum,-8.445685226916836e-22,False,-3.483814647540194e-23
174,20173,Learning_T2mean,0.0035250675709727914,True,0.0004245752999522939
174,20173,Learning_T2max,-3.3725228036576117e-22,False,-3.483502077133866e-23
174,20173,Learning_T2sum,0.0012974295150643888,True,3.906708980995544e-05
174,20173,Learning_T3mean,2.758903551457574e-22,False,2.153552518761898e-23
174,20173,Learning_T3max,6.922323246438273e-22,False,4.9411954488366166e-23
174,20173,Learning_T3sum,3.774556964615602e-22,False,7.365885130402317e-24
174,20173,EnduranceT,-1.6439035228404413e-21,False,-2.765916493852943e-23
174,20173,rear_support,0.005512115924889085,True,0.0005632410944560502
174,20173,rear_nosupport,-7.551894653035983e-22,False,-1.0213350461850038e-22
174,20173,Weight,0.006202603795001183,True,0.002618411834678295
174,20173,Grip,0.01844629862173538,True,0.028837461918096826
175,20174,OFT_distance,0.0009194608336011694,True,0.00016204317297342913
175,20174,Average_speed_OFT,-3.481643934149872e-22,False,-3.451202747127304e-20
175,20174,Total_time_mobile_OFT,4.1062637578746975e-22,False,4.417547654757707e-24
175,20174,Absolute_turn_angle_OFT,-9.793368318199801e-23,False,-8.866979867802195e-27
175,20174,Time_inCenter_OFT,-0.010731052464290538,True,-0.00024083637601028183
175,20174,Total_distance_travelled_NOR1,-8.543719145382094e-22,False,-1.9403275546082932e-22
175,20174,Average_speed_NOR1,8.429461014136456e-06,True,0.001149866668335178
175,20174,Time_investigating_Piramidka_NOR1,0.01905721076994809,True,0.004423928080497475
175,20174,Latency_to_first_investigation_Piramidka_NOR1,1.068000160221061e-21,False,9.541298102596004e-24
175,20174,Time_investigating_Stakan_NOR1,-2.9025566838509284e-22,False,-5.586077191284274e-23
175,20174,Latency_to_first_investigation_Stakan_NOR1,0.005589739264867157,True,4.4965358991105466e-05
175,20174,Total_distance_travelled_NOR2,1.8308711369921608e-22,False,3.957764407291197e-23
175,20174,Average_speed_NOR2,2.875147508793375e-22,False,3.722015028317056e-20
175,20174,Time_investigating_Piramidka_zone_NOR2,9.990110520672184e-22,False,1.4493344539083885e-22
175,20174,Latency_to_first_investigation_Piramidka_zone_NOR2,-0.025945077819269465,True,-0.00018257839481083688
175,20174,Time_investigating_Stakan_zone_NOR2,0.017571196461733763,True,0.0036097648785132588
175,20174,Latency_to_first_investigation_Stakan_zone_NOR2,0.038259479425695554,True,0.0003110950246252667
175,20174,Learning_T1mean,0.0013748189362414937,True,0.0002720174496454525
175,20174,Learning_T1max,1.7235816989289284e-23,False,2.6141697817986607e-24
175,20174,Learning_T1sum,0.0013748189362415076,True,6.800436241136381e-05
175,20174,Learning_T2mean,0.000665626686894148,True,7.639816872762151e-05
175,20174,Learning_T2max,-1.2540394254689483e-22,False,-1.2418998086774261e-23
175,20174,Learning_T2sum,0.0006656266868941504,True,1.9099542181905445e-05
175,20174,Learning_T3mean,-0.0010425488468297878,True,-8.839804458684835e-05
175,20174,Learning_T3max,5.508103887499257e-23,False,4.311702858564979e-24
175,20174,Learning_T3sum,-0.0010425488468297822,True,-2.209951114671197e-05
175,20174,EnduranceT,0.012794453587479264,True,0.00022846610298263046
175,20174,rear_support,0.009514854393972389,True,0.0009935121096065066
175,20174,rear_nosupport,-0.021075330456369425,True,-0.0030710429800948924
175,20174,Weight,9.271444318061123e-23,False,3.846864873440984e-23
175,20174,Grip,0.058276333946186,True,0.09080332907813711
176,20175,OFT_distance,0.0013085637695230282,True,0.0002033792074331385
176,20175,Average_speed_OFT,-5.027635684415772e-20,False,-4.6735783734562214e-18
176,20175,Total_time_mobile_OFT,-0.03021185082734664,True,-0.0002963449880843927
176,20175,Absolute_turn_angle_OFT,-4.1872997810779093e-20,False,-3.635201304823505e-24
176,20175,Time_inCenter_OFT,-9.020995080728499e-21,False,-2.069468268733624e-22
176,20175,Total_distance_travelled_NOR1,-2.0554992673561763e-20,False,-4.006095382605549e-21
176,20175,Average_speed_NOR1,1.127245723770683e-05,True,0.0013155648401030064
176,20175,Time_investigating_Piramidka_NOR1,-0.006710033660444288,True,-0.001540312282321279
176,20175,Latency_to_first_investigation_Piramidka_NOR1,-0.028057589167525075,True,-0.00021157652041589259
176,20175,Time_investigating_Stakan_NOR1,-0.02399693439470414,True,-0.004009649405774226
176,20175,Latency_to_first_investigation_Stakan_NOR1,-9.201889937409769e-21,False,-8.332616260323166e-23
176,20175,Total_distance_travelled_NOR2,1.2732994195503451e-20,False,2.0313503517447098e-21
176,20175,Average_speed_NOR2,1.50904194757608e-20,False,1.4511391652759808e-18
176,20175,Time_investigating_Piramidka_zone_NOR2,5.00504213049938e-20,False,6.081194147518527e-21
176,20175,Latency_to_first_investigation_Piramidka_zone_NOR2,-1.1192355015977145e-20,False,-7.318511834401983e-23
176,20175,Time_investigating_Stakan_zone_NOR2,0.008930079293101897,True,0.001652575601097252
176,20175,Latency_to_first_investigation_Stakan_zone_NOR2,0.0022275535403183493,True,1.842428831298232e-05
176,20175,Learning_T1mean,1.3294411519076335e-20,False,2.289105804632479e-21
176,20175,Learning_T1max,-0.019214783336942754,True,-0.0025190597327370188
176,20175,Learning_T1sum,1.3374252405166225e-20,False,5.757133132473728e-22
176,20175,Learning_T2mean,-1.3130307485623678e-20,False,-1.4983360828825535e-21
176,20175,Learning_T2max,-1.7621320174731798e-20,False,-1.7253516105177006e-21
176,20175,Learning_T2sum,-1.2856120192171161e-20,False,-3.6676195113663164e-22
176,20175,Learning_T3mean,2.537290109244506e-21,False,2.3389526647078283e-22
176,20175,Learning_T3max,2.0274275319946714e-21,False,1.6739415227975825e-22
176,20175,Learning_T3sum,5.2778017446864085e-21,False,1.216310307752861e-22
176,20175,EnduranceT,-1.1265739304405654e-20,False,-1.85239117142529e-22
176,20175,rear_support,0.02083226516970741,True,0.0021366853634659957
176,20175,rear_nosupport,-9.117682316417774e-20,False,-1.1386960187341521e-20
176,20175,Weight,3.631213672506286e-20,False,1.5453522899479445e-20
176,20175,Grip,0.015269344985911381,True,0.02647801121076521
177,20176,OFT_distance,0.0023201636417658268,True,0.0003867352725451465
177,20176,Average_speed_OFT,-0.04065771192225206,True,-3.8558484237157757
177,20176,Total_time_mobile_OFT,-0.013175599003057007,True,-0.00013114136896259
177,20176,Absolute_turn_angle_OFT,0.0476857257703379,True,4.274403622881714e-06
177,20176,Time_inCenter_OFT,-0.04456544713904554,True,-0.001228848510910216
177,20176,Total_distance_travelled_NOR1,9.86229647889332e-22,False,1.6410928236448506e-22
177,20176,Average_speed_NOR1,-8.389830757747034e-06,True,-0.0008390852961568083
177,20176,Time_investigating_Piramidka_NOR1,-0.002652619427803176,True,-0.0005506454907861255
177,20176,Latency_to_first_investigation_Piramidka_NOR1,-0.05193496701504884,True,-0.0005338509363579562
177,20176,Time_investigating_Stakan_NOR1,1.3664709863280943e-21,False,2.1242241815990305e-22
177,20176,Latency_to_first_investigation_Stakan_NOR1,-1.1943619635352994e-22,False,-9.455257886981317e-25
177,20176,Total_distance_travelled_NOR2,-4.791002707689619e-22,False,-7.827342693911271e-23
177,20176,Average_speed_NOR2,-5.078526414643317e-22,False,-4.9840993175336375e-20
177,20176,Time_investigating_Piramidka_zone_NOR2,-0.0009658416615226621,True,-0.00012339053224920009
177,20176,Latency_to_first_investigation_Piramidka_zone_NOR2,-0.0061552738014455,True,-4.497921127665631e-05
177,20176,Time_investigating_Stakan_zone_NOR2,0.016642414687448374,True,0.002992934008407098
177,20176,Latency_to_first_investigation_Stakan_zone_NOR2,0.040858667276012,True,0.00032546674454920555
177,20176,Learning_T1mean,-5.133751546934079e-22,False,-8.682020302527196e-23
177,20176,Learning_T1max,-0.001253375033259858,True,-0.00017030970740544162
177,20176,Learning_T1sum,-5.33474564853264e-22,False,-2.255483616899981e-23
177,20176,Learning_T2mean,-2.9159578709799115e-22,False,-3.623415929592218e-23
177,20176,Learning_T2max,3.4863184599535745e-22,False,3.783242805767157e-23
177,20176,Learning_T2sum,-3.3913573623855475e-22,False,-1.0535387369706873e-23
177,20176,Learning_T3mean,-4.795132992092776e-22,False,-3.705255045698662e-23
177,20176,Learning_T3max,-7.136714937029281e-22,False,-4.971636620534201e-23
177,20176,Learning_T3sum,-6.609748869589849e-22,False,-1.2768574610044399e-23
177,20176,EnduranceT,0.02218301288042163,True,0.00038289920456770535
177,20176,rear_support,0.02915999700090965,True,0.003030017304385025
177,20176,rear_nosupport,-0.010616204152790722,True,-0.0012953709513892815
177,20176,Weight,1.3016449737960952e-21,False,5.003797479234365e-22
177,20176,Grip,0.05785717840781453,True,0.09138287355561907
178,20177,OFT_distance,0.0009277437539143597,True,0.000146500633019462
178,20177,Average_speed_OFT,-0.016419947590489568,True,-1.5611078142921118
178,20177,Total_time_mobile_OFT,-0.0034867253771361456,True,-3.477953453184966e-05
178,20177,Absolute_turn_angle_OFT,-5.884770793946329e-22,False,-5.116018755940126e-26
178,20177,Time_inCenter_OFT,-0.03964816966103655,True,-0.0014486113602532452
178,20177,Total_distance_travelled_NOR1,-2.4539127287359325e-22,False,-4.3028344945716494e-23
178,20177,Average_speed_NOR1,-6.103889104747872e-06,True,-0.0006418209876981402
178,20177,Time_investigating_Piramidka_NOR1,-1.1931835578368375e-21,False,-2.619155959026669e-22
178,20177,Latency_to_first_investigation_Piramidka_NOR1,-0.008429357299757747,True,-6.835311862451238e-05
178,20177,Time_investigating_Stakan_NOR1,0.015946139114593416,True,0.002517654816096777
178,20177,Latency_to_first_investigation_Stakan_NOR1,-4.587271507856279e-22,False,-3.728096883467509e-24
178,20177,Total_distance_travelled_NOR2,-2.9643770511359596e-22,False,-4.9313762124871354e-23
178,20177,Average_speed_NOR2,-2.788621071520453e-22,False,-2.795144496871978e-20
178,20177,Time_investigating_Piramidka_zone_NOR2,-0.024016715532957263,True,-0.002901541141348658
178,20177,Latency_to_first_investigation_Piramidka_zone_NOR2,-0.021402889311256872,True,-0.00014864223253966644
178,20177,Time_investigating_Stakan_zone_NOR2,4.515172811230794e-22,False,9.326424288445811e-23
178,20177,Latency_to_first_investigation_Stakan_zone_NOR2,-1.2238920934676953e-21,False,-9.86654913968536e-24
178,20177,Learning_T1mean,-8.378475763558652e-22,False,-1.6283830409797315e-22
178,20177,Learning_T1max,-0.01900169864395043,True,-0.00268060465822019
178,20177,Learning_T1sum,-8.050562300526183e-22,False,-3.9116300776167543e-23
178,20177,Learning_T2mean,-2.4097800943152073e-21,False,-2.937516014254904e-22
178,20177,Learning_T2max,-2.1904708937652036e-21,False,-2.3503617846874192e-22
178,20177,Learning_T2sum,-2.455166675833368e-21,False,-7.482105364032163e-23
178,20177,Learning_T3mean,-1.4875519328438007e-21,False,-1.1671534830074264e-22
178,20177,Learning_T3max,-1.548129899053323e-21,False,-1.091068318085778e-22
178,20177,Learning_T3sum,-1.5218437307296151e-21,False,-2.985148235326513e-23
178,20177,EnduranceT,-0.0014891288111530381,True,-2.53963103951435e-05
178,20177,rear_support,3.4329498389547997e-22,False,3.554157652666556e-23
178,20177,rear_nosupport,-0.010485857349100701,True,-0.0013481807450875841
178,20177,Weight,0.019053810531557892,True,0.007860646103572821
178,20177,Grip,0.0361183143297104,True,0.062682627121087
179,20178,OFT_distance,0.00028416399789268275,True,4.3882264547244555e-05
179,20178,Average_speed_OFT,-0.024072674293118813,True,-2.19106350910847
179,20178,Total_time_mobile_OFT,1.0326690454157923e-19,False,9.945517452787816e-22
179,20178,Absolute_turn_angle_OFT,2.1396164590256595e-19,False,1.7953234784147676e-23
179,20178,Time_inCenter_OFT,-0.019303354271649118,True,-0.0004810129969207908
179,20178,Total_distance_travelled_NOR1,-1.7784985166249117e-19,False,-2.8674869024469814e-20
179,20178,Average_speed_NOR1,6.506240349521098e-06,True,0.0006303830113951335
179,20178,Time_investigating_Piramidka_NOR1,-0.0027515600228690132,True,-0.0005669462377675338
179,20178,Latency_to_first_investigation_Piramidka_NOR1,2.274208928357635e-19,False,1.7229770844237917e-21
179,20178,Time_investigating_Stakan_NOR1,3.044162350883145e-20,False,4.875527395309093e-21
179,20178,Latency_to_first_investigation_Stakan_NOR1,0.001764084419687737,True,1.4717854626688528e-05
179,20178,Total_distance_travelled_NOR2,-9.032944746392111e-20,False,-1.4405499651906656e-20
179,20178,Average_speed_NOR2,-7.38002602312028e-20,False,-7.095360905835083e-18
179,20178,Time_investigating_Piramidka_zone_NOR2,-0.0041257975486257755,True,-0.00046467088802388753
179,20178,Latency_to_first_investigation_Piramidka_zone_NOR2,3.722255184980841e-20,False,2.6081527133760183e-22
179,20178,Time_investigating_Stakan_zone_NOR2,0.026069300691198578,True,0.0046640091929438165
179,20178,Latency_to_first_investigation_Stakan_zone_NOR2,0.01638594177933053,True,0.00013136552037274027
179,20178,Learning_T1mean,6.785441468588832e-20,False,1.0906757960767584e-20
179,20178,Learning_T1max,1.0719723776881009e-19,False,1.420966814928115e-20
179,20178,Learning_T1sum,6.785441468581982e-20,False,2.7266894901891437e-21
179,20178,Learning_T2mean,5.9841989696585334e-21,False,7.102148745083175e-22
179,20178,Learning_T2max,0.0029885494147193796,True,0.0003053258889286371
179,20178,Learning_T2sum,-9.768539715255458e-20,False,-2.898367117794693e-21
179,20178,Learning_T3mean,-0.019335082764567465,True,-0.0014956578338075255
179,20178,Learning_T3max,-3.752568695109661e-20,False,-2.5873090331864054e-21
179,20178,Learning_T3sum,-0.02528564233862363,True,-0.000488990265869489
179,20178,EnduranceT,0.02066261294853422,True,0.00035127192521561496
179,20178,rear_support,0.026204864774882,True,0.0025066749729762477
179,20178,rear_nosupport,-1.0242327897796381e-19,False,-1.2388709615630125e-20
179,20178,Weight,-1.0274240699492543e-19,False,-4.064987682425521e-20
179,20178,Grip,0.010440867259770335,True,0.01600602813831733
180,20179,OFT_distance,0.002351493103339536,True,0.00037191159449651007
180,20179,Average_speed_OFT,-4.026967323174227e-10,False,-3.6636131180841915e-08
180,20179,Total_time_mobile_OFT,-0.010830867919852633,True,-0.00010701207488935944
180,20179,Absolute_turn_angle_OFT,0.03665459715457804,True,3.2417979925744064e-06
180,20179,Time_inCenter_OFT,-0.06434334425542461,True,-0.0017977862989117372
180,20179,Total_distance_travelled_NOR1,0.0010852028035254156,True,0.00020576166466890452
180,20179,Average_speed_NOR1,-1.3256453299690484e-08,False,-1.5104524010721587e-06
180,20179,Time_investigating_Piramidka_NOR1,4.397175386170462e-09,False,9.573188474439987e-10
180,20179,Latency_to_first_investigation_Piramidka_NOR1,-0.07306121828964432,True,-0.0007309185242141361
180,20179,Time_investigating_Stakan_NOR1,0.014689871302052898,True,0.002473266300510066
180,20179,Latency_to_first_investigation_Stakan_NOR1,1.4266926240535843e-08,False,1.1489698668625145e-10
180,20179,Total_distance_travelled_NOR2,-3.0056172794431364e-10,False,-6.570545333289684e-11
180,20179,Average_speed_NOR2,-3.681721450134259e-10,False,-4.81561636608223e-08
180,20179,Time_investigating_Piramidka_zone_NOR2,-0.01111140942002347,True,-0.0013413560540855287
180,20179,Latency_to_first_investigation_Piramidka_zone_NOR2,-2.866549980198893e-10,False,-2.225605465617448e-12
180,20179,Time_investigating_Stakan_zone_NOR2,0.018881742892558184,True,0.0034409458412075675
180,20179,Latency_to_first_investigation_Stakan_zone_NOR2,0.059607713832927685,True,0.0005275434940844871
180,20179,Learning_T1mean,-3.104651580776332e-09,False,-5.250301027135939e-10
180,20179,Learning_T1max,-0.00945964897016785,True,-0.0012554637555197818
180,20179,Learning_T1sum,-3.104651580776332e-09,False,-1.3125752567839849e-10
180,20179,Learning_T2mean,8.609819439061951e-08,False,9.909688127182103e-09
180,20179,Learning_T2max,2.7172576083617215e-10,False,2.7241900349668476e-11
180,20179,Learning_T2sum,8.60981943906175e-08,False,2.477422031795468e-09
180,20179,Learning_T3mean,-0.018266955907883194,True,-0.0013897756926931756
180,20179,Learning_T3max,-1.3587268552084967e-09,False,-9.317184785281413e-11
180,20179,Learning_T3sum,-0.018138915579860655,True,-0.0003450085511213283
180,20179,EnduranceT,0.0431069670776541,True,0.0007539052360472768
180,20179,rear_support,6.543648423330556e-10,False,6.087404670192854e-11
180,20179,rear_nosupport,-0.006276086635951348,True,-0.0007767935937882041
180,20179,Weight,0.014390392139084959,True,0.0058555768769347925
180,20179,Grip,0.04492481509481363,True,0.06791173941524167
181,20180,OFT_distance,1.0121027541920777e-05,True,1.6815648527820953e-06
181,20180,Average_speed_OFT,3.5948488952324784e-22,False,3.501112298846745e-20
181,20180,Total_time_mobile_OFT,-0.009108206905549735,True,-9.249983921384471e-05
181,20180,Absolute_turn_angle_OFT,0.0585970758944368,True,5.048965012883723e-06
181,20180,Time_inCenter_OFT,-0.07143371242845353,True,-0.0017129433093776192
181,20180,Total_distance_travelled_NOR1,1.1128555873157163e-21,False,1.9542229266032215e-22
181,20180,Average_speed_NOR1,6.51209741973025e-05,True,0.006865493939319889
181,20180,Time_investigating_Piramidka_NOR1,0.014716627732440226,True,0.003310849337078575
181,20180,Latency_to_first_investigation_Piramidka_NOR1,-0.031540105122749726,True,-0.00023663392014706963
181,20180,Time_investigating_Stakan_NOR1,0.01350393104923128,True,0.0021583892677080963
181,20180,Latency_to_first_investigation_Stakan_NOR1,-1.0607838520571803e-21,False,-8.385719821530928e-24
181,20180,Total_distance_travelled_NOR2,2.098898276067183e-21,False,3.292076860405428e-22
181,20180,Average_speed_NOR2,2.1886527624082626e-21,False,2.0651950612245605e-19
181,20180,Time_investigating_Piramidka_zone_NOR2,2.6519012403854723e-22,False,2.9662192721070053e-23
181,20180,Latency_to_first_investigation_Piramidka_zone_NOR2,-2.8933317910971748e-21,False,-1.9755539878475467e-23
181,20180,Time_investigating_Stakan_zone_NOR2,2.25506348300728e-22,False,4.120157280824463e-23
181,20180,Latency_to_first_investigation_Stakan_zone_NOR2,0.044730846122681495,True,0.00035991679558965807
181,20180,Learning_T1mean,1.43897382731427e-21,False,2.483596088108129e-22
181,20180,Learning_T1max,-0.020952850000435726,True,-0.003303438565892267
181,20180,Learning_T1sum,1.4389738273401935e-21,False,6.208990220382179e-23
181,20180,Learning_T2mean,1.5226892071188394e-21,False,1.789763277305604e-22
181,20180,Learning_T2max,8.030487181844436e-22,False,8.105516495795802e-23
181,20180,Learning_T2sum,1.9606584365954857e-21,False,5.761376735239687e-23
181,20180,Learning_T3mean,-0.012918702434662081,True,-0.000989275614281212
181,20180,Learning_T3max,3.3764109213502126e-22,False,2.368039020880089e-23
181,20180,Learning_T3sum,-0.006224387311197248,True,-0.00011916124339793083
181,20180,EnduranceT,0.001945660903054378,True,3.3722527587360525e-05
181,20180,rear_support,0.00824090626063484,True,0.0008525900652789392
181,20180,rear_nosupport,-0.010914269620922007,True,-0.0015219057994736297
181,20180,Weight,2.673377454937991e-21,False,1.130897745354125e-21
181,20180,Grip,0.08045547585689443,True,0.1228070331094558
182,20181,OFT_distance,0.0008359698396742708,True,0.000140347297046391
182,20181,Average_speed_OFT,-0.004878546090176448,True,-0.4647535835380506
182,20181,Total_time_mobile_OFT,-0.005344237214993381,True,-5.3514570910331925e-05
182,20181,Absolute_turn_angle_OFT,-0.002181362887321155,True,-1.7967068591868774e-07
182,20181,Time_inCenter_OFT,-0.023134313669628603,True,-0.0005203137676129072
182,20181,Total_distance_travelled_NOR1,5.696287129246417e-22,False,9.634456309583965e-23
182,20181,Average_speed_NOR1,-3.3285148407931507e-06,True,-0.00033741867620295564
182,20181,Time_investigating_Piramidka_NOR1,0.006325490949961013,True,0.0013428486754555491
182,20181,Latency_to_first_investigation_Piramidka_NOR1,-0.026680466317782734,True,-0.0002096439718177079
182,20181,Time_investigating_Stakan_NOR1,1.2528126301088781e-21,False,2.2039245929242567e-22
182,20181,Latency_to_first_investigation_Stakan_NOR1,0.022511818976023112,True,0.00023593034949748523
182,20181,Total_distance_travelled_NOR2,2.7573755200905674e-22,False,4.625794935576336e-23
182,20181,Average_speed_NOR2,2.079504085633968e-22,False,2.1022442449268817e-20
182,20181,Time_investigating_Piramidka_zone_NOR2,-0.00888271677194718,True,-0.001376787547915806
182,20181,Latency_to_first_investigation_Piramidka_zone_NOR2,-3.3195368689285604e-23,False,-2.311549748544631e-25
182,20181,Time_investigating_Stakan_zone_NOR2,0.010041008746397214,True,0.0019977816104895523
182,20181,Latency_to_first_investigation_Stakan_zone_NOR2,0.011273864440993056,True,0.00010094672316150909
182,20181,Learning_T1mean,5.9655766053523085e-21,False,9.839241063685766e-22
182,20181,Learning_T1max,5.56713138716401e-21,False,7.35756783349313e-22
182,20181,Learning_T1sum,5.965576585989662e-21,False,2.4598102579375634e-22
182,20181,Learning_T2mean,5.0401497694532114e-21,False,5.975760908017562e-22
182,20181,Learning_T2max,4.699203144971204e-21,False,4.844119432758833e-22
182,20181,Learning_T2sum,4.993906629557283e-21,False,1.4802333948518584e-22
182,20181,Learning_T3mean,2.4131276375812216e-21,False,1.8689910793191743e-22
182,20181,Learning_T3max,2.57874405761081e-21,False,1.8126994334018113e-22
182,20181,Learning_T3sum,2.2941418228954692e-21,False,4.442088490170408e-23
182,20181,EnduranceT,0.009358669811035817,True,0.00015954092160115922
182,20181,rear_support,0.028168095710375603,True,0.002965003585692081
182,20181,rear_nosupport,-1.2036831885009927e-22,False,-1.4374377507901955e-23
182,20181,Weight,3.5747357772760445e-21,False,1.403835871942758e-21
182,20181,Grip,0.009342994998702997,True,0.013801192392577943
183,20182,OFT_distance,0.0017198691243959325,True,0.0002597361329989102
183,20182,Average_speed_OFT,-0.003711945964039365,True,-0.3221335280265655
183,20182,Total_time_mobile_OFT,-0.015094987412143436,True,-0.0001444153886850787
183,20182,Absolute_turn_angle_OFT,7.408398499785949e-23,False,6.14625546460987e-27
183,20182,Time_inCenter_OFT,-0.0645274754958853,True,-0.0015084317486487799
183,20182,Total_distance_travelled_NOR1,6.264686982177934e-23,False,1.0666791964225935e-23
183,20182,Average_speed_NOR1,4.0126492960279634e-05,True,0.004104422586998278
183,20182,Time_investigating_Piramidka_NOR1,-0.00925295837166984,True,-0.0020353505741977636
183,20182,Latency_to_first_investigation_Piramidka_NOR1,-0.03596257115433782,True,-0.00031809185470155037
183,20182,Time_investigating_Stakan_NOR1,1.6982800189371718e-23,False,2.7398240327662918e-24
183,20182,Latency_to_first_investigation_Stakan_NOR1,0.0013464550375720025,True,1.0904006189033418e-05
183,20182,Total_distance_travelled_NOR2,-1.0275904725342655e-22,False,-1.6409741465216848e-23
183,20182,Average_speed_NOR2,0.02805743764224157,True,2.691410349610637
183,20182,Time_investigating_Piramidka_zone_NOR2,-6.507889088634453e-23,False,-7.51176536616695e-24
183,20182,Latency_to_first_investigation_Piramidka_zone_NOR2,-0.00025275043591218985,True,-1.988197418717673e-06
183,20182,Time_investigating_Stakan_zone_NOR2,0.014799043071971925,True,0.002699961522163659
183,20182,Latency_to_first_investigation_Stakan_zone_NOR2,0.01780974486421572,True,0.00015073667312664066
183,20182,Learning_T1mean,-2.2937720083963145e-22,False,-3.772935842102025e-23
183,20182,Learning_T1max,-0.011946834855408707,True,-0.0017390841011029438
183,20182,Learning_T1sum,-2.088408550430878e-22,False,-8.587853810263689e-24
183,20182,Learning_T2mean,0.012554829409601946,True,0.0015031499176747962
183,20182,Learning_T2max,1.9879233405277808e-22,False,2.061098251550387e-23
183,20182,Learning_T2sum,-1.0346106084221168e-22,False,-3.0967661927882836e-24
183,20182,Learning_T3mean,-0.005946858920556678,True,-0.0005070955933417187
183,20182,Learning_T3max,-2.747198829063029e-23,False,-2.1508444778745517e-24
183,20182,Learning_T3sum,-0.007111077420117708,True,-0.00015159246552783257
183,20182,EnduranceT,2.6716010415097015e-22,False,4.460707394970671e-24
183,20182,rear_support,1.4850342431560783e-22,False,1.425871340745633e-23
183,20182,rear_nosupport,-0.01783420823113423,True,-0.0021544334508163
183,20182,Weight,0.030895688698053102,True,0.011859401972902925
183,20182,Grip,0.05961475976459837,True,0.11695184578962471
184,20183,OFT_distance,0.001732431266791668,True,0.0003052919888259242
184,20183,Average_speed_OFT,-0.056380105740376274,True,-5.727508398633286
184,20183,Total_time_mobile_OFT,-0.03826682411409083,True,-0.00040043760389266554
184,20183,Absolute_turn_angle_OFT,0.042919657577184384,True,4.175495060433995e-06
184,20183,Time_inCenter_OFT,-0.05172930170761642,True,-0.0014349311187132697
184,20183,Total_distance_travelled_NOR1,-1.1282319095083243e-21,False,-2.2313836109972854e-22
184,20183,Average_speed_NOR1,4.2987158324268945e-05,True,0.0050881238592581455
184,20183,Time_investigating_Piramidka_NOR1,-1.3606188326417572e-20,False,-3.1953298138319844e-21
184,20183,Latency_to_first_investigation_Piramidka_NOR1,-0.05402501673883607,True,-0.0004891171757658096
184,20183,Time_investigating_Stakan_NOR1,-4.4027689619339944e-21,False,-7.498849728777948e-22
184,20183,Latency_to_first_investigation_Stakan_NOR1,0.00757215475249119,True,6.267983505341548e-05
184,20183,Total_distance_travelled_NOR2,-2.450351744141313e-21,False,-4.248924723003821e-22
184,20183,Average_speed_NOR2,-2.7493456499928633e-21,False,-2.872170459723284e-19
184,20183,Time_investigating_Piramidka_zone_NOR2,-0.004619716410446949,True,-0.000653504543201774
184,20183,Latency_to_first_investigation_Piramidka_zone_NOR2,-0.01783725703396354,True,-0.00012850352206674975
184,20183,Time_investigating_Stakan_zone_NOR2,0.01975171412079271,True,0.003759965708480177
184,20183,Latency_to_first_investigation_Stakan_zone_NOR2,0.04213000825658247,True,0.00036453434842292383
184,20183,Learning_T1mean,-4.025372164735812e-21,False,-6.826791586854611e-22
184,20183,Learning_T1max,-0.012803654715866699,True,-0.001727714655566384
184,20183,Learning_T1sum,-3.867540251085838e-21,False,-1.6397795140059558e-22
184,20183,Learning_T2mean,-4.418154478069896e-21,False,-5.325852089035175e-22
184,20183,Learning_T2max,2.0109677354061404e-21,False,2.0184023534022545e-22
184,20183,Learning_T2sum,-4.6897529634484846e-21,False,-1.413312432907075e-22
184,20183,Learning_T3mean,8.712282262918888e-22,False,6.866287542618745e-23
184,20183,Learning_T3max,3.8190432501685394e-22,False,2.686134507479497e-23
184,20183,Learning_T3sum,-0.029858941987027852,True,-0.0005883076191008789
184,20183,EnduranceT,0.025276690210559876,True,0.00043272250808111214
184,20183,rear_support,0.07045494426218056,True,0.008766610275345508
184,20183,rear_nosupport,-0.00857113696925087,True,-0.0010863257293151178
184,20183,Weight,0.010292417911163244,True,0.004192999721126258
184,20183,Grip,0.08297708045654242,True,0.1317332049519541
185,20184,OFT_distance,0.0008168437354810361,True,0.00012580271801209574
185,20184,Average_speed_OFT,-0.09467559072348168,True,-8.470856972539801
185,20184,Total_time_mobile_OFT,-1.9178540851208098e-22,False,-1.84433569145504e-24
185,20184,Absolute_turn_angle_OFT,0.060094950400218713,True,5.352413008826807e-06
185,20184,Time_inCenter_OFT,-0.030894166131674217,True,-0.0008545153238506393
185,20184,Total_distance_travelled_NOR1,-7.050197600430604e-23,False,-1.1963830261076638e-23
185,20184,Average_speed_NOR1,1.4183338784010427e-05,True,0.0014453152537637515
185,20184,Time_investigating_Piramidka_NOR1,-8.603563556694357e-22,False,-1.9066959895404905e-22
185,20184,Latency_to_first_investigation_Piramidka_NOR1,-0.02097990312446354,True,-0.0001588600991574468
185,20184,Time_investigating_Stakan_NOR1,-4.9764326668988765e-22,False,-7.92192664234383e-23
185,20184,Latency_to_first_investigation_Stakan_NOR1,0.020836497482757288,True,0.0001719053080421303
185,20184,Total_distance_travelled_NOR2,-6.374614385333292e-22,False,-1.0517711547174509e-22
185,20184,Average_speed_NOR2,-2.5885040081526944e-22,False,-2.5763358051507442e-20
185,20184,Time_investigating_Piramidka_zone_NOR2,-5.474630180499047e-22,False,-6.287664812476456e-23
185,20184,Latency_to_first_investigation_Piramidka_zone_NOR2,2.5552396538053536e-22,False,1.93084848965599e-24
185,20184,Time_investigating_Stakan_zone_NOR2,0.04740812814686571,True,0.009032841548168897
185,20184,Latency_to_first_investigation_Stakan_zone_NOR2,0.05965500052223095,True,0.0004981987005957425
185,20184,Learning_T1mean,4.938550307926464e-22,False,7.793216332645556e-23
185,20184,Learning_T1max,-0.008619721014483566,True,-0.0011470485582541932
185,20184,Learning_T1sum,3.7659995724878887e-22,False,1.4857218994986603e-23
185,20184,Learning_T2mean,0.01877744480559033,True,0.002173831833851582
185,20184,Learning_T2max,7.715022574461622e-23,False,7.49306181195671e-24
185,20184,Learning_T2sum,8.130380893615688e-23,False,2.3530998214702e-24
185,20184,Learning_T3mean,-0.044065949066457694,True,-0.0034012825115583467
185,20184,Learning_T3max,2.1032339511895443e-22,False,1.4513807936272825e-23
185,20184,Learning_T3sum,-0.03361759062045325,True,-0.0006487033950274746
185,20184,EnduranceT,0.019653873401830495,True,0.0003412238163529763
185,20184,rear_support,0.09092741156285991,True,0.008955204858732902
185,20184,rear_nosupport,-0.003833912204334443,True,-0.0004927328323174398
185,20184,Weight,0.015540593723215547,True,0.006574291580853922
185,20184,Grip,0.07493730859859474,True,0.11742134113270146
186,20185,OFT_distance,0.0013145316071559862,True,0.00021828578056631653
186,20185,Average_speed_OFT,-0.016217745883071726,True,-1.612868564974417
186,20185,Total_time_mobile_OFT,-3.77803392642707e-22,False,-4.428760158770783e-24
186,20185,Absolute_turn_angle_OFT,3.5224119480368335e-23,False,3.356702180868661e-27
186,20185,Time_inCenter_OFT,-0.037726381308390754,True,-0.0008851758116011478
186,20185,Total_distance_travelled_NOR1,1.3556180317927159e-22,False,2.5337408657891784e-23
186,20185,Average_speed_NOR1,5.455096757949713e-05,True,0.006107401437804525
186,20185,Time_investigating_Piramidka_NOR1,-0.014097095233600206,True,-0.0035436590013875877
186,20185,Latency_to_first_investigation_Piramidka_NOR1,-0.033420938630690025,True,-0.000258793394360027
186,20185,Time_investigating_Stakan_NOR1,-0.038832617857966954,True,-0.006880482963682
186,20185,Latency_to_first_investigation_Stakan_NOR1,1.2165646532479488e-23,False,9.990552408851164e-26
186,20185,Total_distance_travelled_NOR2,0.007932001956388908,True,0.0013328377759101136
186,20185,Average_speed_NOR2,0.0034689809197011733,True,0.35228198099569985
186,20185,Time_investigating_Piramidka_zone_NOR2,-5.412893376198648e-23,False,-6.616103912089622e-24
186,20185,Latency_to_first_investigation_Piramidka_zone_NOR2,3.418646147149258e-23,False,2.55234158821506e-25
186,20185,Time_investigating_Stakan_zone_NOR2,0.06871548465003291,True,0.012977496193534636
186,20185,Latency_to_first_investigation_Stakan_zone_NOR2,0.018182074484089646,True,0.00017276259675504848
186,20185,Learning_T1mean,5.700273333311682e-22,False,1.0009936188318186e-22
186,20185,Learning_T1max,-0.05929037133547415,True,-0.008982782157945212
186,20185,Learning_T1sum,4.926653846002074e-22,False,2.1628563990177277e-23
186,20185,Learning_T2mean,7.676232470749513e-22,False,1.051054133220935e-22
186,20185,Learning_T2max,9.33682998391904e-22,False,1.039652425021132e-22
186,20185,Learning_T2sum,8.37270062691416e-22,False,2.8660419136838586e-23
186,20185,Learning_T3mean,-0.005055383316629354,True,-0.00044672671975402856
186,20185,Learning_T3max,1.376744327813863e-22,False,1.0705086866942606e-23
186,20185,Learning_T3sum,-0.003817376494142088,True,-8.433208584226818e-05
186,20185,EnduranceT,-8.623477697387558e-24,False,-1.4002768990876636e-25
186,20185,rear_support,0.044323974290824686,True,0.004670634401388759
186,20185,rear_nosupport,-0.004282449437022117,True,-0.0005377355339740908
186,20185,Weight,1.969497785781752e-22,False,8.541585893270281e-23
186,20185,Grip,0.04232682727241113,True,0.06913367060046266
187,20186,OFT_distance,-0.0016966128619685646,True,-0.0003125728938437199
187,20186,Average_speed_OFT,7.777052259313778e-22,False,8.201265618209107e-20
187,20186,Total_time_mobile_OFT,-0.006788638146434605,True,-7.318357673940677e-05
187,20186,Absolute_turn_angle_OFT,0.016295908409134103,True,1.4294648449313451e-06
187,20186,Time_inCenter_OFT,-0.0011072187829810373,True,-2.5910356624310944e-05
187,20186,Total_distance_travelled_NOR1,6.251093875081948e-22,False,1.2308784415869876e-22
187,20186,Average_speed_NOR1,4.202476329150391e-06,True,0.0004972090172056228
187,20186,Time_investigating_Piramidka_NOR1,0.034638672333978375,True,0.007351977016907795
187,20186,Latency_to_first_investigation_Piramidka_NOR1,-0.0009014237421974411,True,-6.831323662607035e-06
187,20186,Time_investigating_Stakan_NOR1,-2.3593667309881535e-21,False,-4.019907462222476e-22
187,20186,Latency_to_first_investigation_Stakan_NOR1,0.004485324928845397,True,3.5529299676716254e-05
187,20186,Total_distance_travelled_NOR2,8.631196141074042e-23,False,1.744892684431868e-23
187,20186,Average_speed_NOR2,-0.02402779403912318,True,-2.9317333828741465
187,20186,Time_investigating_Piramidka_zone_NOR2,-0.00653449224125207,True,-0.0009032626557772713
187,20186,Latency_to_first_investigation_Piramidka_zone_NOR2,0.009880353158927224,True,7.30924538345413e-05
187,20186,Time_investigating_Stakan_zone_NOR2,0.00402192494731888,True,0.0007316832287039303
187,20186,Latency_to_first_investigation_Stakan_zone_NOR2,0.0015348082122746082,True,1.247907929171747e-05
187,20186,Learning_T1mean,-4.460489609308551e-21,False,-7.532932801955504e-22
187,20186,Learning_T1max,-3.606038412840526e-21,False,-4.900067159543761e-22
187,20186,Learning_T1sum,-4.4604896092821036e-21,False,-1.8832332004777095e-22
187,20186,Learning_T2mean,-3.0930523981827482e-21,False,-3.598153961181839e-22
187,20186,Learning_T2max,-2.3810037498429322e-21,False,-2.38580396554608e-22
187,20186,Learning_T2sum,-3.0930523633809173e-21,False,-8.995384801742002e-23
187,20186,Learning_T3mean,-0.0008984817281159019,True,-6.776654170232598e-05
187,20186,Learning_T3max,-0.006000890952967606,True,-0.00041597952308237616
187,20186,Learning_T3sum,-0.00267241380719034,True,-5.039063011626276e-05
187,20186,EnduranceT,0.03854094919617329,True,0.00064419019198398
187,20186,rear_support,-1.24521871664001e-21,False,-1.4885447691963979e-22
187,20186,rear_nosupport,-1.3693744002248142e-21,False,-1.9543287519041147e-22
187,20186,Weight,-5.199832007160725e-21,False,-2.253999293652578e-21
187,20186,Grip,0.020030840672463163,True,0.031105315627564835
188,20187,OFT_distance,0.0012693144444474436,True,0.00019120444368112135
188,20187,Average_speed_OFT,-3.7922266908915256e-22,False,-3.3301187328553466e-20
188,20187,Total_time_mobile_OFT,-0.0055157916097133336,True,-5.2912245624517895e-05
188,20187,Absolute_turn_angle_OFT,0.02754065275739437,True,2.279117455942257e-06
188,20187,Time_inCenter_OFT,-0.01028068966901187,True,-0.0002510952476828337
188,20187,Total_distance_travelled_NOR1,-9.274100718870991e-22,False,-1.5447900643266374e-22
188,20187,Average_speed_NOR1,3.50614507280462e-05,True,0.0035021139504009834
188,20187,Time_investigating_Piramidka_NOR1,-0.006287363599613122,True,-0.0013331168228950176
188,20187,Latency_to_first_investigation_Piramidka_NOR1,-0.004729931476267809,True,-3.6811899500343415e-05
188,20187,Time_investigating_Stakan_NOR1,-1.3178720892431563e-21,False,-2.140360134641251e-22
188,20187,Latency_to_first_investigation_Stakan_NOR1,2.1344610356375056e-21,False,1.7370408099921287e-23
188,20187,Total_distance_travelled_NOR2,-1.832936134628486e-21,False,-2.8911900145089107e-22
188,20187,Average_speed_NOR2,-1.8352418999279913e-21,False,-1.742099646031129e-19
188,20187,Time_investigating_Piramidka_zone_NOR2,-1.9301544770131445e-21,False,-2.177794630487499e-22
188,20187,Latency_to_first_investigation_Piramidka_zone_NOR2,-0.016412183425848215,True,-0.00013029054873619657
188,20187,Time_investigating_Stakan_zone_NOR2,3.1190860795855923e-23,False,5.7021591234763495e-24
188,20187,Latency_to_first_investigation_Stakan_zone_NOR2,0.01781866772859408,True,0.00014245821765448605
188,20187,Learning_T1mean,-1.034689281552417e-21,False,-1.930770192023216e-22
188,20187,Learning_T1max,-0.00934147249712117,True,-0.001338586420370197
188,20187,Learning_T1sum,-1.0346894069067477e-21,False,-4.8269260648481054e-23
188,20187,Learning_T2mean,0.027688977438536745,True,0.003260023007975357
188,20187,Learning_T2max,6.919216721323797e-23,False,6.96745372790228e-24
188,20187,Learning_T2sum,0.028709366573127608,True,0.0008450401949706368
188,20187,Learning_T3mean,-0.018927908074875384,True,-0.001436256790807453
188,20187,Learning_T3max,9.1787040386959e-23,False,6.2981393020937265e-24
188,20187,Learning_T3sum,-0.02345664882922751,True,-0.0004449748360634078
188,20187,EnduranceT,0.021436395116400615,True,0.00035841997835495793
188,20187,rear_support,0.020812232324886906,True,0.001996190121916815
188,20187,rear_nosupport,-0.0006969822106197757,True,-8.561248823951585e-05
188,20187,Weight,-1.010611050059249e-21,False,-4.202372518992587e-22
188,20187,Grip,0.07026576759203491,True,0.11222250073364055
189,20188,OFT_distance,0.0001199392638176999,True,2.041528809016719e-05
189,20188,Average_speed_OFT,-0.04240086040115491,True,-4.12952472158269
189,20188,Total_time_mobile_OFT,-0.014600416586526908,True,-0.00015524668453236777
189,20188,Absolute_turn_angle_OFT,0.01645054125916404,True,1.4976133740153382e-06
189,20188,Time_inCenter_OFT,-0.012429081637978815,True,-0.00028137311981502955
189,20188,Total_distance_travelled_NOR1,6.334278019940894e-22,False,1.1726203530593818e-22
189,20188,Average_speed_NOR1,9.226373129387352e-06,True,0.0010231890156718478
189,20188,Time_investigating_Piramidka_NOR1,0.005947501639223258,True,0.001255435561734278
189,20188,Latency_to_first_investigation_Piramidka_NOR1,-0.03439149726502541,True,-0.00030297048209140207
189,20188,Time_investigating_Stakan_NOR1,1.801210776992734e-21,False,2.8390625621705974e-22
189,20188,Latency_to_first_investigation_Stakan_NOR1,0.009188872462027882,True,9.667343260465793e-05
189,20188,Total_distance_travelled_NOR2,-1.2588305512079584e-21,False,-2.1163527016518895e-22
189,20188,Average_speed_NOR2,-1.712104195563593e-21,False,-1.7299360865233155e-19
189,20188,Time_investigating_Piramidka_zone_NOR2,3.086465771775817e-21,False,3.599331577213375e-22
189,20188,Latency_to_first_investigation_Piramidka_zone_NOR2,9.2358508682293e-21,False,9.637819905278638e-23
189,20188,Time_investigating_Stakan_zone_NOR2,0.019738302742094732,True,0.0035799637607495257
189,20188,Latency_to_first_investigation_Stakan_zone_NOR2,0.03960739321438163,True,0.0004184160639625281
189,20188,Learning_T1mean,4.45885449522883e-21,False,7.039332997433895e-22
189,20188,Learning_T1max,6.969411081610228e-21,False,9.417864062741207e-22
189,20188,Learning_T1sum,4.458854495282936e-21,False,1.7598332493798286e-22
189,20188,Learning_T2mean,0.011075719816780452,True,0.001291753448325247
189,20188,Learning_T2max,2.4081162264814426e-21,False,2.3562144700981536e-22
189,20188,Learning_T2sum,-1.0344143728864943e-21,False,-3.0160756033862524e-23
189,20188,Learning_T3mean,-0.014051725405533249,True,-0.0012228232400897825
189,20188,Learning_T3max,-0.019493851218019772,True,-0.0015493930198212478
189,20188,Learning_T3sum,-0.01347274635423489,True,-0.0002931096871439346
189,20188,EnduranceT,0.044443966646973025,True,0.000752435107565119
189,20188,rear_support,0.036219091879307344,True,0.00370228012738388
189,20188,rear_nosupport,-0.008593315389117328,True,-0.0011045205122083212
189,20188,Weight,0.010059782612205127,True,0.004224011101759641
189,20188,Grip,0.05493236183707879,True,0.08962099885433847
190,20189,OFT_distance,0.001042707257054709,True,0.0001694233357832601
190,20189,Average_speed_OFT,-0.015462868981088604,True,-1.4132568666026812
190,20189,Total_time_mobile_OFT,1.7246995018734476e-21,False,1.7727711660215244e-23
190,20189,Absolute_turn_angle_OFT,0.017699307345278636,True,1.5366547107749645e-06
190,20189,Time_inCenter_OFT,-0.007198136384970497,True,-0.00016583043278578884
190,20189,Total_distance_travelled_NOR1,1.6018699027457478e-21,False,2.848892424673618e-22
190,20189,Average_speed_NOR1,4.714196741852897e-05,True,0.00503499085124483
190,20189,Time_investigating_Piramidka_NOR1,-0.006610944909861422,True,-0.001571880786095516
190,20189,Latency_to_first_investigation_Piramidka_NOR1,-1.6605235953350527e-21,False,-1.2752628654844031e-23
190,20189,Time_investigating_Stakan_NOR1,1.689466836781232e-21,False,3.2869637566396717e-22
190,20189,Latency_to_first_investigation_Stakan_NOR1,-2.318237224935799e-21,False,-1.9773798889593174e-23
190,20189,Total_distance_travelled_NOR2,2.6181734741028544e-21,False,4.490131928979629e-22
190,20189,Average_speed_NOR2,2.672242422364321e-21,False,2.767347411115668e-19
190,20189,Time_investigating_Piramidka_zone_NOR2,2.1928284824904016e-21,False,2.9000981874204908e-22
190,20189,Latency_to_first_investigation_Piramidka_zone_NOR2,-0.02487168704053222,True,-0.0001764680344627737
190,20189,Time_investigating_Stakan_zone_NOR2,0.017362649997372696,True,0.003434011293580744
190,20189,Latency_to_first_investigation_Stakan_zone_NOR2,0.022197921645012737,True,0.0002002883151909379
190,20189,Learning_T1mean,1.140510258533721e-21,False,1.8626259489674924e-22
190,20189,Learning_T1max,-0.01848528772096286,True,-0.002666338100459504
190,20189,Learning_T1sum,1.0300213213313722e-21,False,4.20545196052893e-23
190,20189,Learning_T2mean,0.037434683201404514,True,0.004586839397642663
190,20189,Learning_T2max,3.5923681681102717e-22,False,3.68986659164219e-23
190,20189,Learning_T2sum,0.033270907375858264,True,0.0010191638855727035
190,20189,Learning_T3mean,-0.025544996302091987,True,-0.002195961225578407
190,20189,Learning_T3max,-1.6442073537309862e-22,False,-1.3252974763298286e-23
190,20189,Learning_T3sum,-0.016899391779551017,True,-0.000363186675042828
190,20189,EnduranceT,0.004246409756249444,True,7.230731725834962e-05
190,20189,rear_support,0.07303755916525108,True,0.007431212483359929
190,20189,rear_nosupport,-0.03257655564983319,True,-0.004039798594712769
190,20189,Weight,1.7341880280943128e-22,False,7.178949138988294e-23
190,20189,Grip,0.08119678782691182,True,0.1283016964682156
191,20190,OFT_distance,0.0017713389455216956,True,0.0002929325731197407
191,20190,Average_speed_OFT,-0.04946064630041047,True,-4.690690795342659
191,20190,Total_time_mobile_OFT,2.464183740587609e-22,False,2.3905713465820648e-24
191,20190,Absolute_turn_angle_OFT,-1.5754986724226807e-22,False,-1.2772705388212891e-26
191,20190,Time_inCenter_OFT,-0.05580536921621588,True,-0.0013714198196964867
191,20190,Total_distance_travelled_NOR1,-9.983205625670662e-23,False,-1.6405330140338217e-23
191,20190,Average_speed_NOR1,-7.70453113438295e-06,True,-0.0007608164714368036
191,20190,Time_investigating_Piramidka_NOR1,0.037591037039896406,True,0.008539159268199202
191,20190,Latency_to_first_investigation_Piramidka_NOR1,-0.03520401613382103,True,-0.00027154396056711214
191,20190,Time_investigating_Stakan_NOR1,-1.6923676369122858e-22,False,-2.92724380696586e-23
191,20190,Latency_to_first_investigation_Stakan_NOR1,0.00641848715834793,True,4.9840879640279023e-05
191,20190,Total_distance_travelled_NOR2,-1.0567989049343862e-22,False,-1.7575646815014334e-23
191,20190,Average_speed_NOR2,-8.869623882337087e-23,False,-8.870606285162532e-21
191,20190,Time_investigating_Piramidka_zone_NOR2,-0.028519559457382625,True,-0.004399659642654224
191,20190,Latency_to_first_investigation_Piramidka_zone_NOR2,-0.008047888195298902,True,-5.598181388594605e-05
191,20190,Time_investigating_Stakan_zone_NOR2,-2.33010885979052e-23,False,-4.9756506208863574e-24
191,20190,Latency_to_first_investigation_Stakan_zone_NOR2,0.013540470684074378,True,0.00010870351007251788
191,20190,Learning_T1mean,-4.0907999443775985e-22,False,-6.698733065073537e-23
191,20190,Learning_T1max,-2.844732961712285e-22,False,-3.750277001651598e-23
191,20190,Learning_T1sum,-4.0907999443559266e-22,False,-1.6746832662595122e-23
191,20190,Learning_T2mean,0.00334363770507998,True,0.00038959693731147835
191,20190,Learning_T2max,-6.202632456415786e-23,False,-6.139322066813269e-24
191,20190,Learning_T2sum,-3.4308266888698215e-23,False,-9.993902512220519e-25
191,20190,Learning_T3mean,1.40842619762764e-22,False,1.0849916154803054e-23
191,20190,Learning_T3max,-4.281240564854738e-24,False,-2.9800074406235453e-25
191,20190,Learning_T3sum,1.1677670752971466e-22,False,2.2489951686242646e-24
191,20190,EnduranceT,0.0017470779277977948,True,3.266073486231016e-05
191,20190,rear_support,0.05489473473627303,True,0.005700572329101451
191,20190,rear_nosupport,-0.009506899482375755,True,-0.0011603312145996635
191,20190,Weight,0.007936301423031965,True,0.0031372260229120775
191,20190,Grip,0.014827134206744936,True,0.02180206532880396
192,20191,OFT_distance,0.0018354824641654724,True,0.0002892252807108821
192,20191,Average_speed_OFT,-0.06652152429053004,True,-6.131114617636713
192,20191,Total_time_mobile_OFT,-0.017640663489333682,True,-0.00017608180812393533
192,20191,Absolute_turn_angle_OFT,0.06566241295731443,True,5.695990060826679e-06
192,20191,Time_inCenter_OFT,-0.03260005866832344,True,-0.0007479692306916566
192,20191,Total_distance_travelled_NOR1,4.094581138426388e-23,False,7.207314604046475e-24
192,20191,Average_speed_NOR1,6.855363966290375e-07,False,7.256970730944459e-05
192,20191,Time_investigating_Piramidka_NOR1,0.015882436833825866,True,0.003243329282956054
192,20191,Latency_to_first_investigation_Piramidka_NOR1,-0.036776423160874434,True,-0.00031814801437657543
192,20191,Time_investigating_Stakan_NOR1,0.006297157434100188,True,0.0009801745637052742
192,20191,Latency_to_first_investigation_Stakan_NOR1,0.0010387290635486145,True,9.03281885742117e-06
192,20191,Total_distance_travelled_NOR2,-5.330246225075092e-23,False,-8.56335976285821e-24
192,20191,Average_speed_NOR2,-0.0031551941814146364,True,-0.304916856084539
192,20191,Time_investigating_Piramidka_zone_NOR2,-0.036978872775447855,True,-0.004279717344830464
192,20191,Latency_to_first_investigation_Piramidka_zone_NOR2,-0.00605661025885891,True,-4.802695443642587e-05
192,20191,Time_investigating_Stakan_zone_NOR2,0.0018858295816995998,True,0.0003370388453874045
192,20191,Latency_to_first_investigation_Stakan_zone_NOR2,0.034421785725302,True,0.00029534041492878773
192,20191,Learning_T1mean,-1.2899022970561877e-22,False,-2.2650007241517123e-23
192,20191,Learning_T1max,-0.02918731142826758,True,-0.004031485731777795
192,20191,Learning_T1sum,-2.0995490501343764e-22,False,-9.21674480656277e-24
192,20191,Learning_T2mean,0.014377811894303616,True,0.0015947184549455521
192,20191,Learning_T2max,1.4786819702011441e-22,False,1.4256939589802285e-23
192,20191,Learning_T2sum,-3.3512153930886535e-23,False,-9.292521478830584e-25
192,20191,Learning_T3mean,-0.012361889178919987,True,-0.0009289923296818931
192,20191,Learning_T3max,-5.637251437628043e-23,False,-3.8365096551660546e-24
192,20191,Learning_T3sum,-0.015808435965825072,True,-0.00029699982632027435
192,20191,EnduranceT,0.0263785280307407,True,0.0004509579978402012
192,20191,rear_support,0.058522279854658125,True,0.005542399438246013
192,20191,rear_nosupport,-0.01588231111187344,True,-0.0019319372014445888
192,20191,Weight,0.015314831566490208,True,0.0065739456705926225
192,20191,Grip,0.05220925927454292,True,0.08314032118790092
193,20192,OFT_distance,0.0003326870818637335,True,5.173207756756644e-05
193,20192,Average_speed_OFT,-0.006957472447265246,True,-0.6266828186844265
193,20192,Total_time_mobile_OFT,9.935831985418943e-22,False,9.948932264864929e-24
193,20192,Absolute_turn_angle_OFT,0.02121632459564679,True,1.7440186109934391e-06
193,20192,Time_inCenter_OFT,-0.02526791483800089,True,-0.0005933155906241929
193,20192,Total_distance_travelled_NOR1,7.106901060783863e-22,False,1.1841957103585565e-22
193,20192,Average_speed_NOR1,9.527706589922135e-06,True,0.0009518750738669843
193,20192,Time_investigating_Piramidka_NOR1,-0.00203193617473529,True,-0.00041309816146422977
193,20192,Latency_to_first_investigation_Piramidka_NOR1,-0.0008410154010425379,True,-6.3634371753216495e-06
193,20192,Time_investigating_Stakan_NOR1,2.095584528666207e-22,False,3.167768591479923e-23
193,20192,Latency_to_first_investigation_Stakan_NOR1,3.1383523454182695e-23,False,2.6456538414442937e-25
193,20192,Total_distance_travelled_NOR2,2.124099854872422e-22,False,3.4053670970856593e-23
193,20192,Average_speed_NOR2,3.77588362204537e-22,False,3.647737034750173e-20
193,20192,Time_investigating_Piramidka_zone_NOR2,-3.879184009219405e-05,True,-4.439252157245441e-06
193,20192,Latency_to_first_investigation_Piramidka_zone_NOR2,-2.245502433060888e-22,False,-1.658925635941699e-24
193,20192,Time_investigating_Stakan_zone_NOR2,0.013139191410608297,True,0.0023213150894067836
193,20192,Latency_to_first_investigation_Stakan_zone_NOR2,0.030942527970295397,True,0.00029685280367893927
193,20192,Learning_T1mean,0.0036003290518779956,True,0.0005804203708306373
193,20192,Learning_T1max,-1.8590064583329376e-22,False,-2.4261474909541485e-23
193,20192,Learning_T1sum,0.003600329051877982,True,0.00014510509270765877
193,20192,Learning_T2mean,0.0012832102681027907,True,0.00014737823954428793
193,20192,Learning_T2max,0.027118149534210212,True,0.0027630689860813906
193,20192,Learning_T2sum,-2.0352849579149447e-22,False,-5.8438730098372085e-24
193,20192,Learning_T3mean,-0.016719823883754113,True,-0.0012683532599419133
193,20192,Learning_T3max,1.4406303915526433e-23,False,9.900938314940391e-25
193,20192,Learning_T3sum,-0.006806055405544299,True,-0.00012907556055891204
193,20192,EnduranceT,1.0238661490424442e-21,False,1.6743238396750964e-23
193,20192,rear_support,5.351632740007349e-22,False,5.2188072625677296e-23
193,20192,rear_nosupport,-0.014309031363284217,True,-0.001717375913515854
193,20192,Weight,0.021061267146562434,True,0.008584196400838302
193,20192,Grip,0.061106062008871885,True,0.10111328044471718
194,20193,OFT_distance,0.0001222238499064236,True,1.9514213357684022e-05
194,20193,Average_speed_OFT,-2.4410960009276472e-20,False,-2.2670202192580937e-18
194,20193,Total_time_mobile_OFT,-0.03288641355309205,True,-0.0003353772992571604
194,20193,Absolute_turn_angle_OFT,0.028815298994578624,True,2.5315248233271785e-06
194,20193,Time_inCenter_OFT,-0.013944523720026615,True,-0.0003179331170378534
194,20193,Total_distance_travelled_NOR1,-4.9455100404754104e-20,False,-9.458075024186472e-21
194,20193,Average_speed_NOR1,3.7372118333413895e-06,True,0.00042965595952404895
194,20193,Time_investigating_Piramidka_NOR1,0.02018009980599218,True,0.004267020407009687
194,20193,Latency_to_first_investigation_Piramidka_NOR1,2.698935329473791e-20,False,2.1576086639357865e-22
194,20193,Time_investigating_Stakan_NOR1,-8.584037192088652e-21,False,-1.4611523134343396e-21
194,20193,Latency_to_first_investigation_Stakan_NOR1,0.02387287464700526,True,0.0002182830562810531
194,20193,Total_distance_travelled_NOR2,-2.792909119164945e-21,False,-5.797159387350331e-22
194,20193,Average_speed_NOR2,-0.010444164746615144,True,-1.3045841174138009
194,20193,Time_investigating_Piramidka_zone_NOR2,-0.034368388589009785,True,-0.004118767974265571
194,20193,Latency_to_first_investigation_Piramidka_zone_NOR2,2.1389817935902995e-20,False,1.489479864865758e-22
194,20193,Time_investigating_Stakan_zone_NOR2,0.016482958860941706,True,0.003083516103697268
194,20193,Latency_to_first_investigation_Stakan_zone_NOR2,-1.0140035268391708e-20,False,-8.665802417948848e-23
194,20193,Learning_T1mean,1.9659933306762925e-20,False,3.3625079207591e-21
194,20193,Learning_T1max,3.221842460402354e-20,False,4.444947965690953e-21
194,20193,Learning_T1sum,1.9659933265795683e-20,False,8.406269784380819e-22
194,20193,Learning_T2mean,0.0016752784735106965,True,0.00019057604860992826
194,20193,Learning_T2max,-8.424914617589225e-21,False,-8.46484891316355e-22
194,20193,Learning_T2sum,0.0016752784735106813,True,4.764401215248163e-05
194,20193,Learning_T3mean,-0.014410556915012607,True,-0.0010902422505434748
194,20193,Learning_T3max,-6.424644099434681e-21,False,-4.363560029282374e-22
194,20193,Learning_T3sum,-0.027719569928325388,True,-0.0005242865782527646
194,20193,EnduranceT,0.04417623345238903,True,0.0007416347772971832
194,20193,rear_support,0.040752292504003314,True,0.003945926173127361
194,20193,rear_nosupport,-2.003230589675053e-20,False,-2.454037550901234e-21
194,20193,Weight,0.005799822335224544,True,0.0024523909271272955
194,20193,Grip,0.002797401040592402,True,0.004306593600191447
195,20194,OFT_distance,-0.0004665380600279344,True,-7.451696369620488e-05
195,20194,Average_speed_OFT,2.489745294918224e-22,False,2.3122003076640218e-20
195,20194,Total_time_mobile_OFT,-2.197824263124115e-22,False,-2.1834259670354345e-24
195,20194,Absolute_turn_angle_OFT,6.015855448968546e-22,False,5.0985334903788556e-26
195,20194,Time_inCenter_OFT,-0.003677010795019134,True,-8.280391947135324e-05
195,20194,Total_distance_travelled_NOR1,8.942746810435422e-23,False,1.5954480558666485e-23
195,20194,Average_speed_NOR1,2.0781629921911375e-05,True,0.0022230216964871253
195,20194,Time_investigating_Piramidka_NOR1,0.004015969594664934,True,0.0008469928559493626
195,20194,Latency_to_first_investigation_Piramidka_NOR1,-0.009765362225378051,True,-7.346993976518415e-05
195,20194,Time_investigating_Stakan_NOR1,-0.00381422029370787,True,-0.0006167322429668133
195,20194,Latency_to_first_investigation_Stakan_NOR1,0.012895282192979612,True,0.00011821793773008963
195,20194,Total_distance_travelled_NOR2,-2.8605554595503654e-22,False,-4.481050361453249e-23
195,20194,Average_speed_NOR2,-4.0264893830336544e-22,False,-3.795846302070982e-20
195,20194,Time_investigating_Piramidka_zone_NOR2,-4.73881962731082e-22,False,-5.40531983481087e-23
195,20194,Latency_to_first_investigation_Piramidka_zone_NOR2,3.4761153490615694e-22,False,2.4142624546733222e-24
195,20194,Time_investigating_Stakan_zone_NOR2,0.01508496299184201,True,0.0026314339146279743
195,20194,Latency_to_first_investigation_Stakan_zone_NOR2,0.04033465020792989,True,0.00035339558238256166
195,20194,Learning_T1mean,-1.7049383687330225e-22,False,-2.955827625219301e-23
195,20194,Learning_T1max,-0.009710284174519794,True,-0.0013355553784232782
195,20194,Learning_T1sum,-9.184177340839284e-23,False,-3.980619709898857e-24
195,20194,Learning_T2mean,8.059045412551102e-22,False,8.949246744272244e-23
195,20194,Learning_T2max,7.456553521750365e-22,False,7.093850449112261e-23
195,20194,Learning_T2sum,7.473834112054708e-22,False,2.0748482658495108e-23
195,20194,Learning_T3mean,2.307509392723072e-22,False,1.78208366921682e-23
195,20194,Learning_T3max,2.07383587648929e-22,False,1.4419247950922758e-23
195,20194,Learning_T3sum,2.6640922006176646e-22,False,5.1436791752405354e-24
195,20194,EnduranceT,0.03132740688638803,True,0.0005107882372629333
195,20194,rear_support,1.3175725734009459e-23,False,1.3495845211236856e-24
195,20194,rear_nosupport,-0.0024478726282427623,True,-0.0003352166071642202
195,20194,Weight,0.007518930251767553,True,0.003261409392484071
195,20194,Grip,0.005930468164788354,True,0.008804019043526496
196,20195,OFT_distance,-1.07941695941711e-05,True,-1.6542484632593432e-06
196,20195,Average_speed_OFT,-2.6847727228842304e-22,False,-2.406402368177596e-20
196,20195,Total_time_mobile_OFT,-0.016224347780464634,True,-0.00015721785678157637
196,20195,Absolute_turn_angle_OFT,0.04534945485218675,True,3.957687470531639e-06
196,20195,Time_inCenter_OFT,-0.08808878177154643,True,-0.003174317555529855
196,20195,Total_distance_travelled_NOR1,-4.913642766121413e-22,False,-8.033849662144416e-23
196,20195,Average_speed_NOR1,-8.604284373128131e-07,False,-8.447410517874904e-05
196,20195,Time_investigating_Piramidka_NOR1,0.024004069073326768,True,0.005193191958696751
196,20195,Latency_to_first_investigation_Piramidka_NOR1,-0.018335646390096997,True,-0.00016630620240324934
196,20195,Time_investigating_Stakan_NOR1,0.026637700271582954,True,0.004076315162184822
196,20195,Latency_to_first_investigation_Stakan_NOR1,0.009783991241958008,True,7.691147315665384e-05
196,20195,Total_distance_travelled_NOR2,2.4165458816349192e-22,False,3.948232600326062e-23
196,20195,Average_speed_NOR2,8.027691365487408e-23,False,7.894021520914875e-21
196,20195,Time_investigating_Piramidka_zone_NOR2,-0.027942925896836352,True,-0.003162094502167145
196,20195,Latency_to_first_investigation_Piramidka_zone_NOR2,-5.116252078029145e-22,False,-4.075147594972141e-24
196,20195,Time_investigating_Stakan_zone_NOR2,3.5905843593188936e-24,False,6.78116555311299e-25
196,20195,Latency_to_first_investigation_Stakan_zone_NOR2,0.038796232031903174,True,0.0003332279000622291
196,20195,Learning_T1mean,-0.0007980610453714665,True,-0.00014612381224866455
196,20195,Learning_T1max,-0.02401215938736533,True,-0.004041505587162561
196,20195,Learning_T1sum,-0.0007980610453716092,True,-3.653095306217266e-05
196,20195,Learning_T2mean,1.8534861508917112e-22,False,2.161246082153061e-23
196,20195,Learning_T2max,5.90066228648869e-23,False,6.095122858131027e-24
196,20195,Learning_T2sum,1.3707046092704418e-22,False,3.995754116033806e-24
196,20195,Learning_T3mean,-9.505705104708367e-23,False,-7.360639468075367e-24
196,20195,Learning_T3max,-1.6032329951821984e-23,False,-1.1222622266571576e-24
196,20195,Learning_T3sum,-0.008915824587675486,True,-0.00017259679746948757
196,20195,EnduranceT,-0.0005836940203630321,True,-1.014313544416618e-05
196,20195,rear_support,0.029448832867498758,True,0.0027585914987933256
196,20195,rear_nosupport,-9.75251911059054e-23,False,-1.1858574949448003e-23
196,20195,Weight,0.026962286029277978,True,0.010822865534667738
196,20195,Grip,0.06195675377516926,True,0.09105910410130505
197,20196,OFT_distance,0.0011895806096306498,True,0.00018764170501533927
197,20196,Average_speed_OFT,-6.19809095127568e-23,False,-5.8751476992614486e-21
197,20196,Total_time_mobile_OFT,-0.0004471423269977296,True,-4.45969282955472e-06
197,20196,Absolute_turn_angle_OFT,0.00038247320071079844,True,3.2178431758376285e-08
197,20196,Time_inCenter_OFT,-0.04500393463115668,True,-0.001034154954517351
197,20196,Total_distance_travelled_NOR1,-1.3370757620510756e-22,False,-2.47147547025914e-23
197,20196,Average_speed_NOR1,3.7771861149757936e-05,True,0.004187950869529268
197,20196,Time_investigating_Piramidka_NOR1,0.005073891828047008,True,0.001275534071099408
197,20196,Latency_to_first_investigation_Piramidka_NOR1,-0.026643136385898488,True,-0.0001959674479118095
197,20196,Time_investigating_Stakan_NOR1,0.008739282587648474,True,0.0014773633389485615
197,20196,Latency_to_first_investigation_Stakan_NOR1,-3.010255092154502e-22,False,-2.8330563448992768e-24
197,20196,Total_distance_travelled_NOR2,-3.570738252506196e-22,False,-5.802575631389923e-23
197,20196,Average_speed_NOR2,-3.524778952529781e-22,False,-3.447713533799451e-20
197,20196,Time_investigating_Piramidka_zone_NOR2,-0.0025800310541005717,True,-0.00030795472130338723
197,20196,Latency_to_first_investigation_Piramidka_zone_NOR2,-0.0006340770606546978,True,-4.171783641692265e-06
197,20196,Time_investigating_Stakan_zone_NOR2,0.016153640906253368,True,0.003193695832307764
197,20196,Latency_to_first_investigation_Stakan_zone_NOR2,0.03624226788732923,True,0.0003090306427650886
197,20196,Learning_T1mean,-1.0118221347915102e-22,False,-1.906514813012368e-23
197,20196,Learning_T1max,-0.02282549291845769,True,-0.0031348313576956303
197,20196,Learning_T1sum,-1.0118221347768751e-22,False,-4.76628703246198e-24
197,20196,Learning_T2mean,0.0034949203165407453,True,0.00041877136438478674
197,20196,Learning_T2max,-1.7055025248421408e-22,False,-1.682372860072194e-23
197,20196,Learning_T2sum,1.9998923566059405e-22,False,5.9908207837734566e-24
197,20196,Learning_T3mean,-0.001005246577751579,True,-8.083428843447828e-05
197,20196,Learning_T3max,2.040039026904791e-23,False,1.487216376377203e-24
197,20196,Learning_T3sum,-5.7006560557016626e-05,True,-1.146008566632048e-06
197,20196,EnduranceT,-1.4430973822670797e-21,False,-2.2882716990674465e-23
197,20196,rear_support,0.013386567991439887,True,0.0013975231289331815
197,20196,rear_nosupport,-0.004980923373752535,True,-0.0006491925156775398
197,20196,Weight,5.3957237453348735e-22,False,2.3185038473931024e-22
197,20196,Grip,0.026235009093686274,True,0.041830422997897576
198,20197,OFT_distance,0.0019404823358657073,True,0.00031505900795393663
198,20197,Average_speed_OFT,-0.0618278895048175,True,-5.627494099312431
198,20197,Total_time_mobile_OFT,-2.1995438754696166e-22,False,-2.2074311434718454e-24
198,20197,Absolute_turn_angle_OFT,3.514500463511289e-24,False,3.1089615446460873e-28
198,20197,Time_inCenter_OFT,9.974232379785112e-23,False,2.2100164447443343e-24
198,20197,Total_distance_travelled_NOR1,-0.005842915322445879,True,-0.0012591138708083081
198,20197,Average_speed_NOR1,1.2994634958084647e-05,True,0.00168475174516472
198,20197,Time_investigating_Piramidka_NOR1,0.032422871289054134,True,0.008559640404497505
198,20197,Latency_to_first_investigation_Piramidka_NOR1,-0.025850370588210037,True,-0.0002044846294038159
198,20197,Time_investigating_Stakan_NOR1,-1.2100505547882971e-22,False,-2.672164145379195e-23
198,20197,Latency_to_first_investigation_Stakan_NOR1,3.70838205628989e-23,False,2.9136687918188757e-25
198,20197,Total_distance_travelled_NOR2,-1.2731197896619284e-22,False,-2.816076789567245e-23
198,20197,Average_speed_NOR2,-0.0013534290166127758,True,-0.17881844622657844
198,20197,Time_investigating_Piramidka_zone_NOR2,-0.033311231188188475,True,-0.00470623331239885
198,20197,Latency_to_first_investigation_Piramidka_zone_NOR2,-0.01596628612946315,True,-0.00010788773253495116
198,20197,Time_investigating_Stakan_zone_NOR2,-2.4942577591302433e-22,False,-5.180478614884928e-23
198,20197,Latency_to_first_investigation_Stakan_zone_NOR2,0.024256865063583946,True,0.00019596818550245279
198,20197,Learning_T1mean,-2.9160338714524286e-22,False,-4.7392488821579065e-23
198,20197,Learning_T1max,-0.015057458080853339,True,-0.0019998169617303167
198,20197,Learning_T1sum,-2.9160338714507744e-22,False,-1.1848122205388045e-23
198,20197,Learning_T2mean,0.0041317265521448555,True,0.0004713569199254569
198,20197,Learning_T2max,-1.4599184712748237e-22,False,-1.4416503785151823e-23
198,20197,Learning_T2sum,0.004131726552144853,True,0.00011783922998136416
198,20197,Learning_T3mean,-8.687331403628368e-23,False,-6.759832348023736e-24
198,20197,Learning_T3max,-1.3489078150673156e-22,False,-9.457086979415063e-24
198,20197,Learning_T3sum,4.5797872545653217e-23,False,8.909120819756933e-25
198,20197,EnduranceT,4.1139235771882924e-22,False,7.335134668631339e-24
198,20197,rear_support,0.05920716515210414,True,0.005683127234970283
198,20197,rear_nosupport,-0.0010825620536882071,True,-0.00013779845901452413
198,20197,Weight,0.011765962272829543,True,0.004573775426003953
198,20197,Grip,0.017010764778899328,True,0.026035257810904086
199,20198,OFT_distance,0.0011073415836920912,True,0.0001797253309851601
199,20198,Average_speed_OFT,6.833401416205483e-23,False,6.47735616081699e-21
199,20198,Total_time_mobile_OFT,-5.292165647270395e-22,False,-5.424800011268641e-24
199,20198,Absolute_turn_angle_OFT,0.011100080556695209,True,9.61442581595107e-07
199,20198,Time_inCenter_OFT,-0.02183676987264499,True,-0.0005277701937024867
199,20198,Total_distance_travelled_NOR1,-2.0871839340601024e-22,False,-4.04241844124936e-23
199,20198,Average_speed_NOR1,9.191049197981916e-06,True,0.0010662777828752653
199,20198,Time_investigating_Piramidka_NOR1,0.01789165546039721,True,0.004689740364503153
199,20198,Latency_to_first_investigation_Piramidka_NOR1,3.77084906762729e-22,False,2.8731403804177378e-24
199,20198,Time_investigating_Stakan_NOR1,1.075828585107694e-23,False,1.897950461162862e-24
199,20198,Latency_to_first_investigation_Stakan_NOR1,0.0004176390049858757,True,3.3244648529385304e-06
199,20198,Total_distance_travelled_NOR2,2.188899224768227e-22,False,3.704520066892064e-23
199,20198,Average_speed_NOR2,2.43500593705099e-22,False,2.4800589640188178e-20
199,20198,Time_investigating_Piramidka_zone_NOR2,8.497280940094893e-22,False,1.2005180614270736e-22
199,20198,Latency_to_first_investigation_Piramidka_zone_NOR2,-0.025915145750276345,True,-0.00017825851417842953
199,20198,Time_investigating_Stakan_zone_NOR2,3.7570313524466115e-22,False,8.551987096974249e-23
199,20198,Latency_to_first_investigation_Stakan_zone_NOR2,0.03370097032853109,True,0.00027343367797898123
199,20198,Learning_T1mean,-4.5237523639795635e-23,False,-8.250101295705562e-24
199,20198,Learning_T1max,-0.001299580802788046,True,-0.00017870916772698
199,20198,Learning_T1sum,-4.5237523639668394e-23,False,-2.062525323920589e-24
199,20198,Learning_T2mean,0.010779988472138432,True,0.0012140491819135405
199,20198,Learning_T2max,-2.067903435684985e-22,False,-1.980722451885385e-23
199,20198,Learning_T2sum,0.012788362146480872,True,0.0003600583767338053
199,20198,Learning_T3mean,3.775889917369209e-22,False,3.2540456890586366e-23
199,20198,Learning_T3max,3.758272767624364e-22,False,2.923124820471199e-23
199,20198,Learning_T3sum,3.987886180511883e-22,False,8.59185789186921e-24
199,20198,EnduranceT,-1.1480661332110647e-21,False,-1.8752550868949958e-23
199,20198,rear_support,0.040909754589408896,True,0.004322196836939177
199,20198,rear_nosupport,-0.018692504272002555,True,-0.002430479394882172
199,20198,Weight,-0.003635751659842261,True,-0.0015736363093144913
199,20198,Grip,0.07117789356331614,True,0.10988826271190617
200,20199,OFT_distance,0.001625298416259903,True,0.0002520074472748141
200,20199,Average_speed_OFT,-0.05345617159221664,True,-4.897061879929839
200,20199,Total_time_mobile_OFT,4.3177662383912895e-21,False,4.1574177016247117e-23
200,20199,Absolute_turn_angle_OFT,0.05325162640477581,True,4.498614675390929e-06
200,20199,Time_inCenter_OFT,-0.04817785507692588,True,-0.001076457822781864
200,20199,Total_distance_travelled_NOR1,-4.8121101454957224e-21,False,-8.030959213550826e-22
200,20199,Average_speed_NOR1,-5.071436227969689e-07,False,-5.0782737242623005e-05
200,20199,Time_investigating_Piramidka_NOR1,-0.0008697108571889467,True,-0.00018653136543548272
200,20199,Latency_to_first_investigation_Piramidka_NOR1,-0.03186019043805776,True,-0.0002561016441450063
200,20199,Time_investigating_Stakan_NOR1,0.014903788644623165,True,0.0022973245889162863
200,20199,Latency_to_first_investigation_Stakan_NOR1,-4.6635175533323146e-21,False,-4.00619213119299e-23
200,20199,Total_distance_travelled_NOR2,-2.2185431873334602e-21,False,-3.5371373342327954e-22
200,20199,Average_speed_NOR2,-2.1249034380602502e-21,False,-2.0366959396350685e-19
200,20199,Time_investigating_Piramidka_zone_NOR2,-0.014075378119075227,True,-0.0015908749534232502
200,20199,Latency_to_first_investigation_Piramidka_zone_NOR2,-0.011974875981588484,True,-8.408832997857834e-05
200,20199,Time_investigating_Stakan_zone_NOR2,0.001376138496898118,True,0.00027045684449082983
200,20199,Latency_to_first_investigation_Stakan_zone_NOR2,0.05838386452152482,True,0.0004906724979823096
200,20199,Learning_T1mean,1.3269639086762378e-21,False,2.2476815340190927e-22
200,20199,Learning_T1max,-0.04359575338023662,True,-0.005716059799213644
200,20199,Learning_T1sum,1.4871470025905723e-21,False,6.297520290942277e-23
200,20199,Learning_T2mean,0.015388406197932846,True,0.0018734369409908937
200,20199,Learning_T2max,-2.1122145806935508e-21,False,-2.3020368213862404e-22
200,20199,Learning_T2sum,-9.338621801350911e-22,False,-2.842288999192116e-23
200,20199,Learning_T3mean,-0.004929377945268432,True,-0.000439633194737573
200,20199,Learning_T3max,-1.0944098086923618e-22,False,-8.73646742526874e-24
200,20199,Learning_T3sum,-0.007388934663025192,True,-0.00016474801626496422
200,20199,EnduranceT,0.009895750924487398,True,0.00016704392868935127
200,20199,rear_support,0.06626703090012379,True,0.0064240523369095874
200,20199,rear_nosupport,-7.39763748272488e-21,False,-9.430109200645669e-22
200,20199,Weight,2.4093538071571002e-21,False,1.0081499656079101e-21
200,20199,Grip,0.054458976645711483,True,0.09045855806111797
