run,type,module,name,attrname,attrvalue,value
Phase5_Tail-1-20261001-21:25:07-68,runattr,,,configname,Phase5_Tail,
Phase5_Tail-1-20261001-21:25:07-68,runattr,,,datetime,20261001-21:25:07,
Phase5_Tail-1-20261001-21:25:07-68,runattr,,,datetimef,20261001-212507,
Phase5_Tail-1-20261001-21:25:07-68,runattr,,,experiment,Phase5_Tail,
Phase5_Tail-1-20261001-21:25:07-68,runattr,,,inifile,omnetpp.ini,
Phase5_Tail-1-20261001-21:25:07-68,runattr,,,iterationvars,$rho=0.042372881356,
Phase5_Tail-1-20261001-21:25:07-68,runattr,,,iterationvarsd,rho=0.042372881356,
Phase5_Tail-1-20261001-21:25:07-68,runattr,,,iterationvarsf,rho=0.042372881356-,
Phase5_Tail-1-20261001-21:25:07-68,runattr,,,measurement,$rho=0.042372881356,
Phase5_Tail-1-20261001-21:25:07-68,runattr,,,network,dect2020scheduledaccess.DectScheduledAccessNetwork,
Phase5_Tail-1-20261001-21:25:07-68,runattr,,,processid,68,
Phase5_Tail-1-20261001-21:25:07-68,runattr,,,repetition,1,
Phase5_Tail-1-20261001-21:25:07-68,runattr,,,replication,#1,
Phase5_Tail-1-20261001-21:25:07-68,runattr,,,resultdir,results_phase5,
Phase5_Tail-1-20261001-21:25:07-68,runattr,,,runnumber,1,
Phase5_Tail-1-20261001-21:25:07-68,runattr,,,seedset,1,
Phase5_Tail-1-20261001-21:25:07-68,itervar,,,rho,0.042372881356,
Phase5_Tail-1-20261001-21:25:07-68,config,,,result-dir,results_phase5,
Phase5_Tail-1-20261001-21:25:07-68,config,,,repeat,10,
Phase5_Tail-1-20261001-21:25:07-68,config,,,seed-set,1,
Phase5_Tail-1-20261001-21:25:07-68,config,,,*.queue.D,10,
Phase5_Tail-1-20261001-21:25:07-68,config,,,*.queue.r,30,
Phase5_Tail-1-20261001-21:25:07-68,config,,,*.queue.rho,0.042372881356,
Phase5_Tail-1-20261001-21:25:07-68,config,,,*.queue.warmupCompletedPackets,200000,
Phase5_Tail-1-20261001-21:25:07-68,config,,,*.queue.targetCompletedPackets,1000000,
Phase5_Tail-1-20261001-21:25:07-68,config,,,*.queue.recordVectors,false,
Phase5_Tail-1-20261001-21:25:07-68,config,,,*.queue.recordTailStatistics,true,
Phase5_Tail-1-20261001-21:25:07-68,config,,,network,dect2020scheduledaccess.DectScheduledAccessNetwork,
Phase5_Tail-1-20261001-21:25:07-68,config,,,cmdenv-express-mode,true,
Phase5_Tail-1-20261001-21:25:07-68,config,,,cmdenv-status-frequency,10s,
Phase5_Tail-1-20261001-21:25:07-68,config,,,result-dir,results,
Phase5_Tail-1-20261001-21:25:07-68,config,,,*.queue.frameDuration,10ms,
Phase5_Tail-1-20261001-21:25:07-68,config,,,*.queue.meanType1ServiceTime,0.4166666667ms,
Phase5_Tail-1-20261001-21:25:07-68,config,,,*.queue.deriveDectParametersFromD,true,
Phase5_Tail-1-20261001-21:25:07-68,config,,,*.queue.deriveLambdaFromRho,true,
Phase5_Tail-1-20261001-21:25:07-68,config,,,*.queue.warmupCompletedPackets,200000,
Phase5_Tail-1-20261001-21:25:07-68,config,,,*.queue.targetCompletedPackets,1000000,
Phase5_Tail-1-20261001-21:25:07-68,config,,,*.queue.recordVectors,false,
Phase5_Tail-1-20261001-21:25:07-68,config,,,*.queue.rngIndex,0,
Phase5_Tail-0-20261001-21:25:07-68,runattr,,,configname,Phase5_Tail,
Phase5_Tail-0-20261001-21:25:07-68,runattr,,,datetime,20261001-21:25:07,
Phase5_Tail-0-20261001-21:25:07-68,runattr,,,datetimef,20261001-212507,
Phase5_Tail-0-20261001-21:25:07-68,runattr,,,experiment,Phase5_Tail,
Phase5_Tail-0-20261001-21:25:07-68,runattr,,,inifile,omnetpp.ini,
Phase5_Tail-0-20261001-21:25:07-68,runattr,,,iterationvars,$rho=0.042372881356,
Phase5_Tail-0-20261001-21:25:07-68,runattr,,,iterationvarsd,rho=0.042372881356,
Phase5_Tail-0-20261001-21:25:07-68,runattr,,,iterationvarsf,rho=0.042372881356-,
Phase5_Tail-0-20261001-21:25:07-68,runattr,,,measurement,$rho=0.042372881356,
Phase5_Tail-0-20261001-21:25:07-68,runattr,,,network,dect2020scheduledaccess.DectScheduledAccessNetwork,
Phase5_Tail-0-20261001-21:25:07-68,runattr,,,processid,68,
Phase5_Tail-0-20261001-21:25:07-68,runattr,,,repetition,0,
Phase5_Tail-0-20261001-21:25:07-68,runattr,,,replication,#0,
Phase5_Tail-0-20261001-21:25:07-68,runattr,,,resultdir,results_phase5,
Phase5_Tail-0-20261001-21:25:07-68,runattr,,,runnumber,0,
Phase5_Tail-0-20261001-21:25:07-68,runattr,,,seedset,0,
Phase5_Tail-0-20261001-21:25:07-68,itervar,,,rho,0.042372881356,
Phase5_Tail-0-20261001-21:25:07-68,config,,,result-dir,results_phase5,
Phase5_Tail-0-20261001-21:25:07-68,config,,,repeat,10,
Phase5_Tail-0-20261001-21:25:07-68,config,,,seed-set,0,
Phase5_Tail-0-20261001-21:25:07-68,config,,,*.queue.D,10,
Phase5_Tail-0-20261001-21:25:07-68,config,,,*.queue.r,30,
Phase5_Tail-0-20261001-21:25:07-68,config,,,*.queue.rho,0.042372881356,
Phase5_Tail-0-20261001-21:25:07-68,config,,,*.queue.warmupCompletedPackets,200000,
Phase5_Tail-0-20261001-21:25:07-68,config,,,*.queue.targetCompletedPackets,1000000,
Phase5_Tail-0-20261001-21:25:07-68,config,,,*.queue.recordVectors,false,
Phase5_Tail-0-20261001-21:25:07-68,config,,,*.queue.recordTailStatistics,true,
Phase5_Tail-0-20261001-21:25:07-68,config,,,network,dect2020scheduledaccess.DectScheduledAccessNetwork,
Phase5_Tail-0-20261001-21:25:07-68,config,,,cmdenv-express-mode,true,
Phase5_Tail-0-20261001-21:25:07-68,config,,,cmdenv-status-frequency,10s,
Phase5_Tail-0-20261001-21:25:07-68,config,,,result-dir,results,
Phase5_Tail-0-20261001-21:25:07-68,config,,,*.queue.frameDuration,10ms,
Phase5_Tail-0-20261001-21:25:07-68,config,,,*.queue.meanType1ServiceTime,0.4166666667ms,
Phase5_Tail-0-20261001-21:25:07-68,config,,,*.queue.deriveDectParametersFromD,true,
Phase5_Tail-0-20261001-21:25:07-68,config,,,*.queue.deriveLambdaFromRho,true,
Phase5_Tail-0-20261001-21:25:07-68,config,,,*.queue.warmupCompletedPackets,200000,
Phase5_Tail-0-20261001-21:25:07-68,config,,,*.queue.targetCompletedPackets,1000000,
Phase5_Tail-0-20261001-21:25:07-68,config,,,*.queue.recordVectors,false,
Phase5_Tail-0-20261001-21:25:07-68,config,,,*.queue.rngIndex,0,
Phase5_Tail-2-20261001-21:25:08-68,runattr,,,configname,Phase5_Tail,
Phase5_Tail-2-20261001-21:25:08-68,runattr,,,datetime,20261001-21:25:08,
Phase5_Tail-2-20261001-21:25:08-68,runattr,,,datetimef,20261001-212508,
Phase5_Tail-2-20261001-21:25:08-68,runattr,,,experiment,Phase5_Tail,
Phase5_Tail-2-20261001-21:25:08-68,runattr,,,inifile,omnetpp.ini,
Phase5_Tail-2-20261001-21:25:08-68,runattr,,,iterationvars,$rho=0.042372881356,
Phase5_Tail-2-20261001-21:25:08-68,runattr,,,iterationvarsd,rho=0.042372881356,
Phase5_Tail-2-20261001-21:25:08-68,runattr,,,iterationvarsf,rho=0.042372881356-,
Phase5_Tail-2-20261001-21:25:08-68,runattr,,,measurement,$rho=0.042372881356,
Phase5_Tail-2-20261001-21:25:08-68,runattr,,,network,dect2020scheduledaccess.DectScheduledAccessNetwork,
Phase5_Tail-2-20261001-21:25:08-68,runattr,,,processid,68,
Phase5_Tail-2-20261001-21:25:08-68,runattr,,,repetition,2,
Phase5_Tail-2-20261001-21:25:08-68,runattr,,,replication,#2,
Phase5_Tail-2-20261001-21:25:08-68,runattr,,,resultdir,results_phase5,
Phase5_Tail-2-20261001-21:25:08-68,runattr,,,runnumber,2,
Phase5_Tail-2-20261001-21:25:08-68,runattr,,,seedset,2,
Phase5_Tail-2-20261001-21:25:08-68,itervar,,,rho,0.042372881356,
Phase5_Tail-2-20261001-21:25:08-68,config,,,result-dir,results_phase5,
Phase5_Tail-2-20261001-21:25:08-68,config,,,repeat,10,
Phase5_Tail-2-20261001-21:25:08-68,config,,,seed-set,2,
Phase5_Tail-2-20261001-21:25:08-68,config,,,*.queue.D,10,
Phase5_Tail-2-20261001-21:25:08-68,config,,,*.queue.r,30,
Phase5_Tail-2-20261001-21:25:08-68,config,,,*.queue.rho,0.042372881356,
Phase5_Tail-2-20261001-21:25:08-68,config,,,*.queue.warmupCompletedPackets,200000,
Phase5_Tail-2-20261001-21:25:08-68,config,,,*.queue.targetCompletedPackets,1000000,
Phase5_Tail-2-20261001-21:25:08-68,config,,,*.queue.recordVectors,false,
Phase5_Tail-2-20261001-21:25:08-68,config,,,*.queue.recordTailStatistics,true,
Phase5_Tail-2-20261001-21:25:08-68,config,,,network,dect2020scheduledaccess.DectScheduledAccessNetwork,
Phase5_Tail-2-20261001-21:25:08-68,config,,,cmdenv-express-mode,true,
Phase5_Tail-2-20261001-21:25:08-68,config,,,cmdenv-status-frequency,10s,
Phase5_Tail-2-20261001-21:25:08-68,config,,,result-dir,results,
Phase5_Tail-2-20261001-21:25:08-68,config,,,*.queue.frameDuration,10ms,
Phase5_Tail-2-20261001-21:25:08-68,config,,,*.queue.meanType1ServiceTime,0.4166666667ms,
Phase5_Tail-2-20261001-21:25:08-68,config,,,*.queue.deriveDectParametersFromD,true,
Phase5_Tail-2-20261001-21:25:08-68,config,,,*.queue.deriveLambdaFromRho,true,
Phase5_Tail-2-20261001-21:25:08-68,config,,,*.queue.warmupCompletedPackets,200000,
Phase5_Tail-2-20261001-21:25:08-68,config,,,*.queue.targetCompletedPackets,1000000,
Phase5_Tail-2-20261001-21:25:08-68,config,,,*.queue.recordVectors,false,
Phase5_Tail-2-20261001-21:25:08-68,config,,,*.queue.rngIndex,0,
Phase5_Tail-3-20261001-21:25:08-68,runattr,,,configname,Phase5_Tail,
Phase5_Tail-3-20261001-21:25:08-68,runattr,,,datetime,20261001-21:25:08,
Phase5_Tail-3-20261001-21:25:08-68,runattr,,,datetimef,20261001-212508,
Phase5_Tail-3-20261001-21:25:08-68,runattr,,,experiment,Phase5_Tail,
Phase5_Tail-3-20261001-21:25:08-68,runattr,,,inifile,omnetpp.ini,
Phase5_Tail-3-20261001-21:25:08-68,runattr,,,iterationvars,$rho=0.042372881356,
Phase5_Tail-3-20261001-21:25:08-68,runattr,,,iterationvarsd,rho=0.042372881356,
Phase5_Tail-3-20261001-21:25:08-68,runattr,,,iterationvarsf,rho=0.042372881356-,
Phase5_Tail-3-20261001-21:25:08-68,runattr,,,measurement,$rho=0.042372881356,
Phase5_Tail-3-20261001-21:25:08-68,runattr,,,network,dect2020scheduledaccess.DectScheduledAccessNetwork,
Phase5_Tail-3-20261001-21:25:08-68,runattr,,,processid,68,
Phase5_Tail-3-20261001-21:25:08-68,runattr,,,repetition,3,
Phase5_Tail-3-20261001-21:25:08-68,runattr,,,replication,#3,
Phase5_Tail-3-20261001-21:25:08-68,runattr,,,resultdir,results_phase5,
Phase5_Tail-3-20261001-21:25:08-68,runattr,,,runnumber,3,
Phase5_Tail-3-20261001-21:25:08-68,runattr,,,seedset,3,
Phase5_Tail-3-20261001-21:25:08-68,itervar,,,rho,0.042372881356,
Phase5_Tail-3-20261001-21:25:08-68,config,,,result-dir,results_phase5,
Phase5_Tail-3-20261001-21:25:08-68,config,,,repeat,10,
Phase5_Tail-3-20261001-21:25:08-68,config,,,seed-set,3,
Phase5_Tail-3-20261001-21:25:08-68,config,,,*.queue.D,10,
Phase5_Tail-3-20261001-21:25:08-68,config,,,*.queue.r,30,
Phase5_Tail-3-20261001-21:25:08-68,config,,,*.queue.rho,0.042372881356,
Phase5_Tail-3-20261001-21:25:08-68,config,,,*.queue.warmupCompletedPackets,200000,
Phase5_Tail-3-20261001-21:25:08-68,config,,,*.queue.targetCompletedPackets,1000000,
Phase5_Tail-3-20261001-21:25:08-68,config,,,*.queue.recordVectors,false,
Phase5_Tail-3-20261001-21:25:08-68,config,,,*.queue.recordTailStatistics,true,
Phase5_Tail-3-20261001-21:25:08-68,config,,,network,dect2020scheduledaccess.DectScheduledAccessNetwork,
Phase5_Tail-3-20261001-21:25:08-68,config,,,cmdenv-express-mode,true,
Phase5_Tail-3-20261001-21:25:08-68,config,,,cmdenv-status-frequency,10s,
Phase5_Tail-3-20261001-21:25:08-68,config,,,result-dir,results,
Phase5_Tail-3-20261001-21:25:08-68,config,,,*.queue.frameDuration,10ms,
Phase5_Tail-3-20261001-21:25:08-68,config,,,*.queue.meanType1ServiceTime,0.4166666667ms,
Phase5_Tail-3-20261001-21:25:08-68,config,,,*.queue.deriveDectParametersFromD,true,
Phase5_Tail-3-20261001-21:25:08-68,config,,,*.queue.deriveLambdaFromRho,true,
Phase5_Tail-3-20261001-21:25:08-68,config,,,*.queue.warmupCompletedPackets,200000,
Phase5_Tail-3-20261001-21:25:08-68,config,,,*.queue.targetCompletedPackets,1000000,
Phase5_Tail-3-20261001-21:25:08-68,config,,,*.queue.recordVectors,false,
Phase5_Tail-3-20261001-21:25:08-68,config,,,*.queue.rngIndex,0,
Phase5_Tail-4-20261001-21:25:08-68,runattr,,,configname,Phase5_Tail,
Phase5_Tail-4-20261001-21:25:08-68,runattr,,,datetime,20261001-21:25:08,
Phase5_Tail-4-20261001-21:25:08-68,runattr,,,datetimef,20261001-212508,
Phase5_Tail-4-20261001-21:25:08-68,runattr,,,experiment,Phase5_Tail,
Phase5_Tail-4-20261001-21:25:08-68,runattr,,,inifile,omnetpp.ini,
Phase5_Tail-4-20261001-21:25:08-68,runattr,,,iterationvars,$rho=0.042372881356,
Phase5_Tail-4-20261001-21:25:08-68,runattr,,,iterationvarsd,rho=0.042372881356,
Phase5_Tail-4-20261001-21:25:08-68,runattr,,,iterationvarsf,rho=0.042372881356-,
Phase5_Tail-4-20261001-21:25:08-68,runattr,,,measurement,$rho=0.042372881356,
Phase5_Tail-4-20261001-21:25:08-68,runattr,,,network,dect2020scheduledaccess.DectScheduledAccessNetwork,
Phase5_Tail-4-20261001-21:25:08-68,runattr,,,processid,68,
Phase5_Tail-4-20261001-21:25:08-68,runattr,,,repetition,4,
Phase5_Tail-4-20261001-21:25:08-68,runattr,,,replication,#4,
Phase5_Tail-4-20261001-21:25:08-68,runattr,,,resultdir,results_phase5,
Phase5_Tail-4-20261001-21:25:08-68,runattr,,,runnumber,4,
Phase5_Tail-4-20261001-21:25:08-68,runattr,,,seedset,4,
Phase5_Tail-4-20261001-21:25:08-68,itervar,,,rho,0.042372881356,
Phase5_Tail-4-20261001-21:25:08-68,config,,,result-dir,results_phase5,
Phase5_Tail-4-20261001-21:25:08-68,config,,,repeat,10,
Phase5_Tail-4-20261001-21:25:08-68,config,,,seed-set,4,
Phase5_Tail-4-20261001-21:25:08-68,config,,,*.queue.D,10,
Phase5_Tail-4-20261001-21:25:08-68,config,,,*.queue.r,30,
Phase5_Tail-4-20261001-21:25:08-68,config,,,*.queue.rho,0.042372881356,
Phase5_Tail-4-20261001-21:25:08-68,config,,,*.queue.warmupCompletedPackets,200000,
Phase5_Tail-4-20261001-21:25:08-68,config,,,*.queue.targetCompletedPackets,1000000,
Phase5_Tail-4-20261001-21:25:08-68,config,,,*.queue.recordVectors,false,
Phase5_Tail-4-20261001-21:25:08-68,config,,,*.queue.recordTailStatistics,true,
Phase5_Tail-4-20261001-21:25:08-68,config,,,network,dect2020scheduledaccess.DectScheduledAccessNetwork,
Phase5_Tail-4-20261001-21:25:08-68,config,,,cmdenv-express-mode,true,
Phase5_Tail-4-20261001-21:25:08-68,config,,,cmdenv-status-frequency,10s,
Phase5_Tail-4-20261001-21:25:08-68,config,,,result-dir,results,
Phase5_Tail-4-20261001-21:25:08-68,config,,,*.queue.frameDuration,10ms,
Phase5_Tail-4-20261001-21:25:08-68,config,,,*.queue.meanType1ServiceTime,0.4166666667ms,
Phase5_Tail-4-20261001-21:25:08-68,config,,,*.queue.deriveDectParametersFromD,true,
Phase5_Tail-4-20261001-21:25:08-68,config,,,*.queue.deriveLambdaFromRho,true,
Phase5_Tail-4-20261001-21:25:08-68,config,,,*.queue.warmupCompletedPackets,200000,
Phase5_Tail-4-20261001-21:25:08-68,config,,,*.queue.targetCompletedPackets,1000000,
Phase5_Tail-4-20261001-21:25:08-68,config,,,*.queue.recordVectors,false,
Phase5_Tail-4-20261001-21:25:08-68,config,,,*.queue.rngIndex,0,
Phase5_Tail-5-20261001-21:25:09-68,runattr,,,configname,Phase5_Tail,
Phase5_Tail-5-20261001-21:25:09-68,runattr,,,datetime,20261001-21:25:09,
Phase5_Tail-5-20261001-21:25:09-68,runattr,,,datetimef,20261001-212509,
Phase5_Tail-5-20261001-21:25:09-68,runattr,,,experiment,Phase5_Tail,
Phase5_Tail-5-20261001-21:25:09-68,runattr,,,inifile,omnetpp.ini,
Phase5_Tail-5-20261001-21:25:09-68,runattr,,,iterationvars,$rho=0.042372881356,
Phase5_Tail-5-20261001-21:25:09-68,runattr,,,iterationvarsd,rho=0.042372881356,
Phase5_Tail-5-20261001-21:25:09-68,runattr,,,iterationvarsf,rho=0.042372881356-,
Phase5_Tail-5-20261001-21:25:09-68,runattr,,,measurement,$rho=0.042372881356,
Phase5_Tail-5-20261001-21:25:09-68,runattr,,,network,dect2020scheduledaccess.DectScheduledAccessNetwork,
Phase5_Tail-5-20261001-21:25:09-68,runattr,,,processid,68,
Phase5_Tail-5-20261001-21:25:09-68,runattr,,,repetition,5,
Phase5_Tail-5-20261001-21:25:09-68,runattr,,,replication,#5,
Phase5_Tail-5-20261001-21:25:09-68,runattr,,,resultdir,results_phase5,
Phase5_Tail-5-20261001-21:25:09-68,runattr,,,runnumber,5,
Phase5_Tail-5-20261001-21:25:09-68,runattr,,,seedset,5,
Phase5_Tail-5-20261001-21:25:09-68,itervar,,,rho,0.042372881356,
Phase5_Tail-5-20261001-21:25:09-68,config,,,result-dir,results_phase5,
Phase5_Tail-5-20261001-21:25:09-68,config,,,repeat,10,
Phase5_Tail-5-20261001-21:25:09-68,config,,,seed-set,5,
Phase5_Tail-5-20261001-21:25:09-68,config,,,*.queue.D,10,
Phase5_Tail-5-20261001-21:25:09-68,config,,,*.queue.r,30,
Phase5_Tail-5-20261001-21:25:09-68,config,,,*.queue.rho,0.042372881356,
Phase5_Tail-5-20261001-21:25:09-68,config,,,*.queue.warmupCompletedPackets,200000,
Phase5_Tail-5-20261001-21:25:09-68,config,,,*.queue.targetCompletedPackets,1000000,
Phase5_Tail-5-20261001-21:25:09-68,config,,,*.queue.recordVectors,false,
Phase5_Tail-5-20261001-21:25:09-68,config,,,*.queue.recordTailStatistics,true,
Phase5_Tail-5-20261001-21:25:09-68,config,,,network,dect2020scheduledaccess.DectScheduledAccessNetwork,
Phase5_Tail-5-20261001-21:25:09-68,config,,,cmdenv-express-mode,true,
Phase5_Tail-5-20261001-21:25:09-68,config,,,cmdenv-status-frequency,10s,
Phase5_Tail-5-20261001-21:25:09-68,config,,,result-dir,results,
Phase5_Tail-5-20261001-21:25:09-68,config,,,*.queue.frameDuration,10ms,
Phase5_Tail-5-20261001-21:25:09-68,config,,,*.queue.meanType1ServiceTime,0.4166666667ms,
Phase5_Tail-5-20261001-21:25:09-68,config,,,*.queue.deriveDectParametersFromD,true,
Phase5_Tail-5-20261001-21:25:09-68,config,,,*.queue.deriveLambdaFromRho,true,
Phase5_Tail-5-20261001-21:25:09-68,config,,,*.queue.warmupCompletedPackets,200000,
Phase5_Tail-5-20261001-21:25:09-68,config,,,*.queue.targetCompletedPackets,1000000,
Phase5_Tail-5-20261001-21:25:09-68,config,,,*.queue.recordVectors,false,
Phase5_Tail-5-20261001-21:25:09-68,config,,,*.queue.rngIndex,0,
Phase5_Tail-6-20261001-21:25:09-68,runattr,,,configname,Phase5_Tail,
Phase5_Tail-6-20261001-21:25:09-68,runattr,,,datetime,20261001-21:25:09,
Phase5_Tail-6-20261001-21:25:09-68,runattr,,,datetimef,20261001-212509,
Phase5_Tail-6-20261001-21:25:09-68,runattr,,,experiment,Phase5_Tail,
Phase5_Tail-6-20261001-21:25:09-68,runattr,,,inifile,omnetpp.ini,
Phase5_Tail-6-20261001-21:25:09-68,runattr,,,iterationvars,$rho=0.042372881356,
Phase5_Tail-6-20261001-21:25:09-68,runattr,,,iterationvarsd,rho=0.042372881356,
Phase5_Tail-6-20261001-21:25:09-68,runattr,,,iterationvarsf,rho=0.042372881356-,
Phase5_Tail-6-20261001-21:25:09-68,runattr,,,measurement,$rho=0.042372881356,
Phase5_Tail-6-20261001-21:25:09-68,runattr,,,network,dect2020scheduledaccess.DectScheduledAccessNetwork,
Phase5_Tail-6-20261001-21:25:09-68,runattr,,,processid,68,
Phase5_Tail-6-20261001-21:25:09-68,runattr,,,repetition,6,
Phase5_Tail-6-20261001-21:25:09-68,runattr,,,replication,#6,
Phase5_Tail-6-20261001-21:25:09-68,runattr,,,resultdir,results_phase5,
Phase5_Tail-6-20261001-21:25:09-68,runattr,,,runnumber,6,
Phase5_Tail-6-20261001-21:25:09-68,runattr,,,seedset,6,
Phase5_Tail-6-20261001-21:25:09-68,itervar,,,rho,0.042372881356,
Phase5_Tail-6-20261001-21:25:09-68,config,,,result-dir,results_phase5,
Phase5_Tail-6-20261001-21:25:09-68,config,,,repeat,10,
Phase5_Tail-6-20261001-21:25:09-68,config,,,seed-set,6,
Phase5_Tail-6-20261001-21:25:09-68,config,,,*.queue.D,10,
Phase5_Tail-6-20261001-21:25:09-68,config,,,*.queue.r,30,
Phase5_Tail-6-20261001-21:25:09-68,config,,,*.queue.rho,0.042372881356,
Phase5_Tail-6-20261001-21:25:09-68,config,,,*.queue.warmupCompletedPackets,200000,
Phase5_Tail-6-20261001-21:25:09-68,config,,,*.queue.targetCompletedPackets,1000000,
Phase5_Tail-6-20261001-21:25:09-68,config,,,*.queue.recordVectors,false,
Phase5_Tail-6-20261001-21:25:09-68,config,,,*.queue.recordTailStatistics,true,
Phase5_Tail-6-20261001-21:25:09-68,config,,,network,dect2020scheduledaccess.DectScheduledAccessNetwork,
Phase5_Tail-6-20261001-21:25:09-68,config,,,cmdenv-express-mode,true,
Phase5_Tail-6-20261001-21:25:09-68,config,,,cmdenv-status-frequency,10s,
Phase5_Tail-6-20261001-21:25:09-68,config,,,result-dir,results,
Phase5_Tail-6-20261001-21:25:09-68,config,,,*.queue.frameDuration,10ms,
Phase5_Tail-6-20261001-21:25:09-68,config,,,*.queue.meanType1ServiceTime,0.4166666667ms,
Phase5_Tail-6-20261001-21:25:09-68,config,,,*.queue.deriveDectParametersFromD,true,
Phase5_Tail-6-20261001-21:25:09-68,config,,,*.queue.deriveLambdaFromRho,true,
Phase5_Tail-6-20261001-21:25:09-68,config,,,*.queue.warmupCompletedPackets,200000,
Phase5_Tail-6-20261001-21:25:09-68,config,,,*.queue.targetCompletedPackets,1000000,
Phase5_Tail-6-20261001-21:25:09-68,config,,,*.queue.recordVectors,false,
Phase5_Tail-6-20261001-21:25:09-68,config,,,*.queue.rngIndex,0,
Phase5_Tail-7-20261001-21:25:09-68,runattr,,,configname,Phase5_Tail,
Phase5_Tail-7-20261001-21:25:09-68,runattr,,,datetime,20261001-21:25:09,
Phase5_Tail-7-20261001-21:25:09-68,runattr,,,datetimef,20261001-212509,
Phase5_Tail-7-20261001-21:25:09-68,runattr,,,experiment,Phase5_Tail,
Phase5_Tail-7-20261001-21:25:09-68,runattr,,,inifile,omnetpp.ini,
Phase5_Tail-7-20261001-21:25:09-68,runattr,,,iterationvars,$rho=0.042372881356,
Phase5_Tail-7-20261001-21:25:09-68,runattr,,,iterationvarsd,rho=0.042372881356,
Phase5_Tail-7-20261001-21:25:09-68,runattr,,,iterationvarsf,rho=0.042372881356-,
Phase5_Tail-7-20261001-21:25:09-68,runattr,,,measurement,$rho=0.042372881356,
Phase5_Tail-7-20261001-21:25:09-68,runattr,,,network,dect2020scheduledaccess.DectScheduledAccessNetwork,
Phase5_Tail-7-20261001-21:25:09-68,runattr,,,processid,68,
Phase5_Tail-7-20261001-21:25:09-68,runattr,,,repetition,7,
Phase5_Tail-7-20261001-21:25:09-68,runattr,,,replication,#7,
Phase5_Tail-7-20261001-21:25:09-68,runattr,,,resultdir,results_phase5,
Phase5_Tail-7-20261001-21:25:09-68,runattr,,,runnumber,7,
Phase5_Tail-7-20261001-21:25:09-68,runattr,,,seedset,7,
Phase5_Tail-7-20261001-21:25:09-68,itervar,,,rho,0.042372881356,
Phase5_Tail-7-20261001-21:25:09-68,config,,,result-dir,results_phase5,
Phase5_Tail-7-20261001-21:25:09-68,config,,,repeat,10,
Phase5_Tail-7-20261001-21:25:09-68,config,,,seed-set,7,
Phase5_Tail-7-20261001-21:25:09-68,config,,,*.queue.D,10,
Phase5_Tail-7-20261001-21:25:09-68,config,,,*.queue.r,30,
Phase5_Tail-7-20261001-21:25:09-68,config,,,*.queue.rho,0.042372881356,
Phase5_Tail-7-20261001-21:25:09-68,config,,,*.queue.warmupCompletedPackets,200000,
Phase5_Tail-7-20261001-21:25:09-68,config,,,*.queue.targetCompletedPackets,1000000,
Phase5_Tail-7-20261001-21:25:09-68,config,,,*.queue.recordVectors,false,
Phase5_Tail-7-20261001-21:25:09-68,config,,,*.queue.recordTailStatistics,true,
Phase5_Tail-7-20261001-21:25:09-68,config,,,network,dect2020scheduledaccess.DectScheduledAccessNetwork,
Phase5_Tail-7-20261001-21:25:09-68,config,,,cmdenv-express-mode,true,
Phase5_Tail-7-20261001-21:25:09-68,config,,,cmdenv-status-frequency,10s,
Phase5_Tail-7-20261001-21:25:09-68,config,,,result-dir,results,
Phase5_Tail-7-20261001-21:25:09-68,config,,,*.queue.frameDuration,10ms,
Phase5_Tail-7-20261001-21:25:09-68,config,,,*.queue.meanType1ServiceTime,0.4166666667ms,
Phase5_Tail-7-20261001-21:25:09-68,config,,,*.queue.deriveDectParametersFromD,true,
Phase5_Tail-7-20261001-21:25:09-68,config,,,*.queue.deriveLambdaFromRho,true,
Phase5_Tail-7-20261001-21:25:09-68,config,,,*.queue.warmupCompletedPackets,200000,
Phase5_Tail-7-20261001-21:25:09-68,config,,,*.queue.targetCompletedPackets,1000000,
Phase5_Tail-7-20261001-21:25:09-68,config,,,*.queue.recordVectors,false,
Phase5_Tail-7-20261001-21:25:09-68,config,,,*.queue.rngIndex,0,
Phase5_Tail-8-20261001-21:25:10-68,runattr,,,configname,Phase5_Tail,
Phase5_Tail-8-20261001-21:25:10-68,runattr,,,datetime,20261001-21:25:10,
Phase5_Tail-8-20261001-21:25:10-68,runattr,,,datetimef,20261001-212510,
Phase5_Tail-8-20261001-21:25:10-68,runattr,,,experiment,Phase5_Tail,
Phase5_Tail-8-20261001-21:25:10-68,runattr,,,inifile,omnetpp.ini,
Phase5_Tail-8-20261001-21:25:10-68,runattr,,,iterationvars,$rho=0.042372881356,
Phase5_Tail-8-20261001-21:25:10-68,runattr,,,iterationvarsd,rho=0.042372881356,
Phase5_Tail-8-20261001-21:25:10-68,runattr,,,iterationvarsf,rho=0.042372881356-,
Phase5_Tail-8-20261001-21:25:10-68,runattr,,,measurement,$rho=0.042372881356,
Phase5_Tail-8-20261001-21:25:10-68,runattr,,,network,dect2020scheduledaccess.DectScheduledAccessNetwork,
Phase5_Tail-8-20261001-21:25:10-68,runattr,,,processid,68,
Phase5_Tail-8-20261001-21:25:10-68,runattr,,,repetition,8,
Phase5_Tail-8-20261001-21:25:10-68,runattr,,,replication,#8,
Phase5_Tail-8-20261001-21:25:10-68,runattr,,,resultdir,results_phase5,
Phase5_Tail-8-20261001-21:25:10-68,runattr,,,runnumber,8,
Phase5_Tail-8-20261001-21:25:10-68,runattr,,,seedset,8,
Phase5_Tail-8-20261001-21:25:10-68,itervar,,,rho,0.042372881356,
Phase5_Tail-8-20261001-21:25:10-68,config,,,result-dir,results_phase5,
Phase5_Tail-8-20261001-21:25:10-68,config,,,repeat,10,
Phase5_Tail-8-20261001-21:25:10-68,config,,,seed-set,8,
Phase5_Tail-8-20261001-21:25:10-68,config,,,*.queue.D,10,
Phase5_Tail-8-20261001-21:25:10-68,config,,,*.queue.r,30,
Phase5_Tail-8-20261001-21:25:10-68,config,,,*.queue.rho,0.042372881356,
Phase5_Tail-8-20261001-21:25:10-68,config,,,*.queue.warmupCompletedPackets,200000,
Phase5_Tail-8-20261001-21:25:10-68,config,,,*.queue.targetCompletedPackets,1000000,
Phase5_Tail-8-20261001-21:25:10-68,config,,,*.queue.recordVectors,false,
Phase5_Tail-8-20261001-21:25:10-68,config,,,*.queue.recordTailStatistics,true,
Phase5_Tail-8-20261001-21:25:10-68,config,,,network,dect2020scheduledaccess.DectScheduledAccessNetwork,
Phase5_Tail-8-20261001-21:25:10-68,config,,,cmdenv-express-mode,true,
Phase5_Tail-8-20261001-21:25:10-68,config,,,cmdenv-status-frequency,10s,
Phase5_Tail-8-20261001-21:25:10-68,config,,,result-dir,results,
Phase5_Tail-8-20261001-21:25:10-68,config,,,*.queue.frameDuration,10ms,
Phase5_Tail-8-20261001-21:25:10-68,config,,,*.queue.meanType1ServiceTime,0.4166666667ms,
Phase5_Tail-8-20261001-21:25:10-68,config,,,*.queue.deriveDectParametersFromD,true,
Phase5_Tail-8-20261001-21:25:10-68,config,,,*.queue.deriveLambdaFromRho,true,
Phase5_Tail-8-20261001-21:25:10-68,config,,,*.queue.warmupCompletedPackets,200000,
Phase5_Tail-8-20261001-21:25:10-68,config,,,*.queue.targetCompletedPackets,1000000,
Phase5_Tail-8-20261001-21:25:10-68,config,,,*.queue.recordVectors,false,
Phase5_Tail-8-20261001-21:25:10-68,config,,,*.queue.rngIndex,0,
Phase5_Tail-9-20261001-21:25:10-68,runattr,,,configname,Phase5_Tail,
Phase5_Tail-9-20261001-21:25:10-68,runattr,,,datetime,20261001-21:25:10,
Phase5_Tail-9-20261001-21:25:10-68,runattr,,,datetimef,20261001-212510,
Phase5_Tail-9-20261001-21:25:10-68,runattr,,,experiment,Phase5_Tail,
Phase5_Tail-9-20261001-21:25:10-68,runattr,,,inifile,omnetpp.ini,
Phase5_Tail-9-20261001-21:25:10-68,runattr,,,iterationvars,$rho=0.042372881356,
Phase5_Tail-9-20261001-21:25:10-68,runattr,,,iterationvarsd,rho=0.042372881356,
Phase5_Tail-9-20261001-21:25:10-68,runattr,,,iterationvarsf,rho=0.042372881356-,
Phase5_Tail-9-20261001-21:25:10-68,runattr,,,measurement,$rho=0.042372881356,
Phase5_Tail-9-20261001-21:25:10-68,runattr,,,network,dect2020scheduledaccess.DectScheduledAccessNetwork,
Phase5_Tail-9-20261001-21:25:10-68,runattr,,,processid,68,
Phase5_Tail-9-20261001-21:25:10-68,runattr,,,repetition,9,
Phase5_Tail-9-20261001-21:25:10-68,runattr,,,replication,#9,
Phase5_Tail-9-20261001-21:25:10-68,runattr,,,resultdir,results_phase5,
Phase5_Tail-9-20261001-21:25:10-68,runattr,,,runnumber,9,
Phase5_Tail-9-20261001-21:25:10-68,runattr,,,seedset,9,
Phase5_Tail-9-20261001-21:25:10-68,itervar,,,rho,0.042372881356,
Phase5_Tail-9-20261001-21:25:10-68,config,,,result-dir,results_phase5,
Phase5_Tail-9-20261001-21:25:10-68,config,,,repeat,10,
Phase5_Tail-9-20261001-21:25:10-68,config,,,seed-set,9,
Phase5_Tail-9-20261001-21:25:10-68,config,,,*.queue.D,10,
Phase5_Tail-9-20261001-21:25:10-68,config,,,*.queue.r,30,
Phase5_Tail-9-20261001-21:25:10-68,config,,,*.queue.rho,0.042372881356,
Phase5_Tail-9-20261001-21:25:10-68,config,,,*.queue.warmupCompletedPackets,200000,
Phase5_Tail-9-20261001-21:25:10-68,config,,,*.queue.targetCompletedPackets,1000000,
Phase5_Tail-9-20261001-21:25:10-68,config,,,*.queue.recordVectors,false,
Phase5_Tail-9-20261001-21:25:10-68,config,,,*.queue.recordTailStatistics,true,
Phase5_Tail-9-20261001-21:25:10-68,config,,,network,dect2020scheduledaccess.DectScheduledAccessNetwork,
Phase5_Tail-9-20261001-21:25:10-68,config,,,cmdenv-express-mode,true,
Phase5_Tail-9-20261001-21:25:10-68,config,,,cmdenv-status-frequency,10s,
Phase5_Tail-9-20261001-21:25:10-68,config,,,result-dir,results,
Phase5_Tail-9-20261001-21:25:10-68,config,,,*.queue.frameDuration,10ms,
Phase5_Tail-9-20261001-21:25:10-68,config,,,*.queue.meanType1ServiceTime,0.4166666667ms,
Phase5_Tail-9-20261001-21:25:10-68,config,,,*.queue.deriveDectParametersFromD,true,
Phase5_Tail-9-20261001-21:25:10-68,config,,,*.queue.deriveLambdaFromRho,true,
Phase5_Tail-9-20261001-21:25:10-68,config,,,*.queue.warmupCompletedPackets,200000,
Phase5_Tail-9-20261001-21:25:10-68,config,,,*.queue.targetCompletedPackets,1000000,
Phase5_Tail-9-20261001-21:25:10-68,config,,,*.queue.recordVectors,false,
Phase5_Tail-9-20261001-21:25:10-68,config,,,*.queue.rngIndex,0,
Phase5_Tail-10-20261001-21:25:10-68,runattr,,,configname,Phase5_Tail,
Phase5_Tail-10-20261001-21:25:10-68,runattr,,,datetime,20261001-21:25:10,
Phase5_Tail-10-20261001-21:25:10-68,runattr,,,datetimef,20261001-212510,
Phase5_Tail-10-20261001-21:25:10-68,runattr,,,experiment,Phase5_Tail,
Phase5_Tail-10-20261001-21:25:10-68,runattr,,,inifile,omnetpp.ini,
Phase5_Tail-10-20261001-21:25:10-68,runattr,,,iterationvars,$rho=0.059322033898,
Phase5_Tail-10-20261001-21:25:10-68,runattr,,,iterationvarsd,rho=0.059322033898,
Phase5_Tail-10-20261001-21:25:10-68,runattr,,,iterationvarsf,rho=0.059322033898-,
Phase5_Tail-10-20261001-21:25:10-68,runattr,,,measurement,$rho=0.059322033898,
Phase5_Tail-10-20261001-21:25:10-68,runattr,,,network,dect2020scheduledaccess.DectScheduledAccessNetwork,
Phase5_Tail-10-20261001-21:25:10-68,runattr,,,processid,68,
Phase5_Tail-10-20261001-21:25:10-68,runattr,,,repetition,0,
Phase5_Tail-10-20261001-21:25:10-68,runattr,,,replication,#0,
Phase5_Tail-10-20261001-21:25:10-68,runattr,,,resultdir,results_phase5,
Phase5_Tail-10-20261001-21:25:10-68,runattr,,,runnumber,10,
Phase5_Tail-10-20261001-21:25:10-68,runattr,,,seedset,0,
Phase5_Tail-10-20261001-21:25:10-68,itervar,,,rho,0.059322033898,
Phase5_Tail-10-20261001-21:25:10-68,config,,,result-dir,results_phase5,
Phase5_Tail-10-20261001-21:25:10-68,config,,,repeat,10,
Phase5_Tail-10-20261001-21:25:10-68,config,,,seed-set,0,
Phase5_Tail-10-20261001-21:25:10-68,config,,,*.queue.D,10,
Phase5_Tail-10-20261001-21:25:10-68,config,,,*.queue.r,30,
Phase5_Tail-10-20261001-21:25:10-68,config,,,*.queue.rho,0.059322033898,
Phase5_Tail-10-20261001-21:25:10-68,config,,,*.queue.warmupCompletedPackets,200000,
Phase5_Tail-10-20261001-21:25:10-68,config,,,*.queue.targetCompletedPackets,1000000,
Phase5_Tail-10-20261001-21:25:10-68,config,,,*.queue.recordVectors,false,
Phase5_Tail-10-20261001-21:25:10-68,config,,,*.queue.recordTailStatistics,true,
Phase5_Tail-10-20261001-21:25:10-68,config,,,network,dect2020scheduledaccess.DectScheduledAccessNetwork,
Phase5_Tail-10-20261001-21:25:10-68,config,,,cmdenv-express-mode,true,
Phase5_Tail-10-20261001-21:25:10-68,config,,,cmdenv-status-frequency,10s,
Phase5_Tail-10-20261001-21:25:10-68,config,,,result-dir,results,
Phase5_Tail-10-20261001-21:25:10-68,config,,,*.queue.frameDuration,10ms,
Phase5_Tail-10-20261001-21:25:10-68,config,,,*.queue.meanType1ServiceTime,0.4166666667ms,
Phase5_Tail-10-20261001-21:25:10-68,config,,,*.queue.deriveDectParametersFromD,true,
Phase5_Tail-10-20261001-21:25:10-68,config,,,*.queue.deriveLambdaFromRho,true,
Phase5_Tail-10-20261001-21:25:10-68,config,,,*.queue.warmupCompletedPackets,200000,
Phase5_Tail-10-20261001-21:25:10-68,config,,,*.queue.targetCompletedPackets,1000000,
Phase5_Tail-10-20261001-21:25:10-68,config,,,*.queue.recordVectors,false,
Phase5_Tail-10-20261001-21:25:10-68,config,,,*.queue.rngIndex,0,
Phase5_Tail-11-20261001-21:25:11-68,runattr,,,configname,Phase5_Tail,
Phase5_Tail-11-20261001-21:25:11-68,runattr,,,datetime,20261001-21:25:11,
Phase5_Tail-11-20261001-21:25:11-68,runattr,,,datetimef,20261001-212511,
Phase5_Tail-11-20261001-21:25:11-68,runattr,,,experiment,Phase5_Tail,
Phase5_Tail-11-20261001-21:25:11-68,runattr,,,inifile,omnetpp.ini,
Phase5_Tail-11-20261001-21:25:11-68,runattr,,,iterationvars,$rho=0.059322033898,
Phase5_Tail-11-20261001-21:25:11-68,runattr,,,iterationvarsd,rho=0.059322033898,
Phase5_Tail-11-20261001-21:25:11-68,runattr,,,iterationvarsf,rho=0.059322033898-,
Phase5_Tail-11-20261001-21:25:11-68,runattr,,,measurement,$rho=0.059322033898,
Phase5_Tail-11-20261001-21:25:11-68,runattr,,,network,dect2020scheduledaccess.DectScheduledAccessNetwork,
Phase5_Tail-11-20261001-21:25:11-68,runattr,,,processid,68,
Phase5_Tail-11-20261001-21:25:11-68,runattr,,,repetition,1,
Phase5_Tail-11-20261001-21:25:11-68,runattr,,,replication,#1,
Phase5_Tail-11-20261001-21:25:11-68,runattr,,,resultdir,results_phase5,
Phase5_Tail-11-20261001-21:25:11-68,runattr,,,runnumber,11,
Phase5_Tail-11-20261001-21:25:11-68,runattr,,,seedset,1,
Phase5_Tail-11-20261001-21:25:11-68,itervar,,,rho,0.059322033898,
Phase5_Tail-11-20261001-21:25:11-68,config,,,result-dir,results_phase5,
Phase5_Tail-11-20261001-21:25:11-68,config,,,repeat,10,
Phase5_Tail-11-20261001-21:25:11-68,config,,,seed-set,1,
Phase5_Tail-11-20261001-21:25:11-68,config,,,*.queue.D,10,
Phase5_Tail-11-20261001-21:25:11-68,config,,,*.queue.r,30,
Phase5_Tail-11-20261001-21:25:11-68,config,,,*.queue.rho,0.059322033898,
Phase5_Tail-11-20261001-21:25:11-68,config,,,*.queue.warmupCompletedPackets,200000,
Phase5_Tail-11-20261001-21:25:11-68,config,,,*.queue.targetCompletedPackets,1000000,
Phase5_Tail-11-20261001-21:25:11-68,config,,,*.queue.recordVectors,false,
Phase5_Tail-11-20261001-21:25:11-68,config,,,*.queue.recordTailStatistics,true,
Phase5_Tail-11-20261001-21:25:11-68,config,,,network,dect2020scheduledaccess.DectScheduledAccessNetwork,
Phase5_Tail-11-20261001-21:25:11-68,config,,,cmdenv-express-mode,true,
Phase5_Tail-11-20261001-21:25:11-68,config,,,cmdenv-status-frequency,10s,
Phase5_Tail-11-20261001-21:25:11-68,config,,,result-dir,results,
Phase5_Tail-11-20261001-21:25:11-68,config,,,*.queue.frameDuration,10ms,
Phase5_Tail-11-20261001-21:25:11-68,config,,,*.queue.meanType1ServiceTime,0.4166666667ms,
Phase5_Tail-11-20261001-21:25:11-68,config,,,*.queue.deriveDectParametersFromD,true,
Phase5_Tail-11-20261001-21:25:11-68,config,,,*.queue.deriveLambdaFromRho,true,
Phase5_Tail-11-20261001-21:25:11-68,config,,,*.queue.warmupCompletedPackets,200000,
Phase5_Tail-11-20261001-21:25:11-68,config,,,*.queue.targetCompletedPackets,1000000,
Phase5_Tail-11-20261001-21:25:11-68,config,,,*.queue.recordVectors,false,
Phase5_Tail-11-20261001-21:25:11-68,config,,,*.queue.rngIndex,0,
Phase5_Tail-12-20261001-21:25:11-68,runattr,,,configname,Phase5_Tail,
Phase5_Tail-12-20261001-21:25:11-68,runattr,,,datetime,20261001-21:25:11,
Phase5_Tail-12-20261001-21:25:11-68,runattr,,,datetimef,20261001-212511,
Phase5_Tail-12-20261001-21:25:11-68,runattr,,,experiment,Phase5_Tail,
Phase5_Tail-12-20261001-21:25:11-68,runattr,,,inifile,omnetpp.ini,
Phase5_Tail-12-20261001-21:25:11-68,runattr,,,iterationvars,$rho=0.059322033898,
Phase5_Tail-12-20261001-21:25:11-68,runattr,,,iterationvarsd,rho=0.059322033898,
Phase5_Tail-12-20261001-21:25:11-68,runattr,,,iterationvarsf,rho=0.059322033898-,
Phase5_Tail-12-20261001-21:25:11-68,runattr,,,measurement,$rho=0.059322033898,
Phase5_Tail-12-20261001-21:25:11-68,runattr,,,network,dect2020scheduledaccess.DectScheduledAccessNetwork,
Phase5_Tail-12-20261001-21:25:11-68,runattr,,,processid,68,
Phase5_Tail-12-20261001-21:25:11-68,runattr,,,repetition,2,
Phase5_Tail-12-20261001-21:25:11-68,runattr,,,replication,#2,
Phase5_Tail-12-20261001-21:25:11-68,runattr,,,resultdir,results_phase5,
Phase5_Tail-12-20261001-21:25:11-68,runattr,,,runnumber,12,
Phase5_Tail-12-20261001-21:25:11-68,runattr,,,seedset,2,
Phase5_Tail-12-20261001-21:25:11-68,itervar,,,rho,0.059322033898,
Phase5_Tail-12-20261001-21:25:11-68,config,,,result-dir,results_phase5,
Phase5_Tail-12-20261001-21:25:11-68,config,,,repeat,10,
Phase5_Tail-12-20261001-21:25:11-68,config,,,seed-set,2,
Phase5_Tail-12-20261001-21:25:11-68,config,,,*.queue.D,10,
Phase5_Tail-12-20261001-21:25:11-68,config,,,*.queue.r,30,
Phase5_Tail-12-20261001-21:25:11-68,config,,,*.queue.rho,0.059322033898,
Phase5_Tail-12-20261001-21:25:11-68,config,,,*.queue.warmupCompletedPackets,200000,
Phase5_Tail-12-20261001-21:25:11-68,config,,,*.queue.targetCompletedPackets,1000000,
Phase5_Tail-12-20261001-21:25:11-68,config,,,*.queue.recordVectors,false,
Phase5_Tail-12-20261001-21:25:11-68,config,,,*.queue.recordTailStatistics,true,
Phase5_Tail-12-20261001-21:25:11-68,config,,,network,dect2020scheduledaccess.DectScheduledAccessNetwork,
Phase5_Tail-12-20261001-21:25:11-68,config,,,cmdenv-express-mode,true,
Phase5_Tail-12-20261001-21:25:11-68,config,,,cmdenv-status-frequency,10s,
Phase5_Tail-12-20261001-21:25:11-68,config,,,result-dir,results,
Phase5_Tail-12-20261001-21:25:11-68,config,,,*.queue.frameDuration,10ms,
Phase5_Tail-12-20261001-21:25:11-68,config,,,*.queue.meanType1ServiceTime,0.4166666667ms,
Phase5_Tail-12-20261001-21:25:11-68,config,,,*.queue.deriveDectParametersFromD,true,
Phase5_Tail-12-20261001-21:25:11-68,config,,,*.queue.deriveLambdaFromRho,true,
Phase5_Tail-12-20261001-21:25:11-68,config,,,*.queue.warmupCompletedPackets,200000,
Phase5_Tail-12-20261001-21:25:11-68,config,,,*.queue.targetCompletedPackets,1000000,
Phase5_Tail-12-20261001-21:25:11-68,config,,,*.queue.recordVectors,false,
Phase5_Tail-12-20261001-21:25:11-68,config,,,*.queue.rngIndex,0,
Phase5_Tail-13-20261001-21:25:12-68,runattr,,,configname,Phase5_Tail,
Phase5_Tail-13-20261001-21:25:12-68,runattr,,,datetime,20261001-21:25:12,
Phase5_Tail-13-20261001-21:25:12-68,runattr,,,datetimef,20261001-212512,
Phase5_Tail-13-20261001-21:25:12-68,runattr,,,experiment,Phase5_Tail,
Phase5_Tail-13-20261001-21:25:12-68,runattr,,,inifile,omnetpp.ini,
Phase5_Tail-13-20261001-21:25:12-68,runattr,,,iterationvars,$rho=0.059322033898,
Phase5_Tail-13-20261001-21:25:12-68,runattr,,,iterationvarsd,rho=0.059322033898,
Phase5_Tail-13-20261001-21:25:12-68,runattr,,,iterationvarsf,rho=0.059322033898-,
Phase5_Tail-13-20261001-21:25:12-68,runattr,,,measurement,$rho=0.059322033898,
Phase5_Tail-13-20261001-21:25:12-68,runattr,,,network,dect2020scheduledaccess.DectScheduledAccessNetwork,
Phase5_Tail-13-20261001-21:25:12-68,runattr,,,processid,68,
Phase5_Tail-13-20261001-21:25:12-68,runattr,,,repetition,3,
Phase5_Tail-13-20261001-21:25:12-68,runattr,,,replication,#3,
Phase5_Tail-13-20261001-21:25:12-68,runattr,,,resultdir,results_phase5,
Phase5_Tail-13-20261001-21:25:12-68,runattr,,,runnumber,13,
Phase5_Tail-13-20261001-21:25:12-68,runattr,,,seedset,3,
Phase5_Tail-13-20261001-21:25:12-68,itervar,,,rho,0.059322033898,
Phase5_Tail-13-20261001-21:25:12-68,config,,,result-dir,results_phase5,
Phase5_Tail-13-20261001-21:25:12-68,config,,,repeat,10,
Phase5_Tail-13-20261001-21:25:12-68,config,,,seed-set,3,
Phase5_Tail-13-20261001-21:25:12-68,config,,,*.queue.D,10,
Phase5_Tail-13-20261001-21:25:12-68,config,,,*.queue.r,30,
Phase5_Tail-13-20261001-21:25:12-68,config,,,*.queue.rho,0.059322033898,
Phase5_Tail-13-20261001-21:25:12-68,config,,,*.queue.warmupCompletedPackets,200000,
Phase5_Tail-13-20261001-21:25:12-68,config,,,*.queue.targetCompletedPackets,1000000,
Phase5_Tail-13-20261001-21:25:12-68,config,,,*.queue.recordVectors,false,
Phase5_Tail-13-20261001-21:25:12-68,config,,,*.queue.recordTailStatistics,true,
Phase5_Tail-13-20261001-21:25:12-68,config,,,network,dect2020scheduledaccess.DectScheduledAccessNetwork,
Phase5_Tail-13-20261001-21:25:12-68,config,,,cmdenv-express-mode,true,
Phase5_Tail-13-20261001-21:25:12-68,config,,,cmdenv-status-frequency,10s,
Phase5_Tail-13-20261001-21:25:12-68,config,,,result-dir,results,
Phase5_Tail-13-20261001-21:25:12-68,config,,,*.queue.frameDuration,10ms,
Phase5_Tail-13-20261001-21:25:12-68,config,,,*.queue.meanType1ServiceTime,0.4166666667ms,
Phase5_Tail-13-20261001-21:25:12-68,config,,,*.queue.deriveDectParametersFromD,true,
Phase5_Tail-13-20261001-21:25:12-68,config,,,*.queue.deriveLambdaFromRho,true,
Phase5_Tail-13-20261001-21:25:12-68,config,,,*.queue.warmupCompletedPackets,200000,
Phase5_Tail-13-20261001-21:25:12-68,config,,,*.queue.targetCompletedPackets,1000000,
Phase5_Tail-13-20261001-21:25:12-68,config,,,*.queue.recordVectors,false,
Phase5_Tail-13-20261001-21:25:12-68,config,,,*.queue.rngIndex,0,
Phase5_Tail-14-20261001-21:25:12-68,runattr,,,configname,Phase5_Tail,
Phase5_Tail-14-20261001-21:25:12-68,runattr,,,datetime,20261001-21:25:12,
Phase5_Tail-14-20261001-21:25:12-68,runattr,,,datetimef,20261001-212512,
Phase5_Tail-14-20261001-21:25:12-68,runattr,,,experiment,Phase5_Tail,
Phase5_Tail-14-20261001-21:25:12-68,runattr,,,inifile,omnetpp.ini,
Phase5_Tail-14-20261001-21:25:12-68,runattr,,,iterationvars,$rho=0.059322033898,
Phase5_Tail-14-20261001-21:25:12-68,runattr,,,iterationvarsd,rho=0.059322033898,
Phase5_Tail-14-20261001-21:25:12-68,runattr,,,iterationvarsf,rho=0.059322033898-,
Phase5_Tail-14-20261001-21:25:12-68,runattr,,,measurement,$rho=0.059322033898,
Phase5_Tail-14-20261001-21:25:12-68,runattr,,,network,dect2020scheduledaccess.DectScheduledAccessNetwork,
Phase5_Tail-14-20261001-21:25:12-68,runattr,,,processid,68,
Phase5_Tail-14-20261001-21:25:12-68,runattr,,,repetition,4,
Phase5_Tail-14-20261001-21:25:12-68,runattr,,,replication,#4,
Phase5_Tail-14-20261001-21:25:12-68,runattr,,,resultdir,results_phase5,
Phase5_Tail-14-20261001-21:25:12-68,runattr,,,runnumber,14,
Phase5_Tail-14-20261001-21:25:12-68,runattr,,,seedset,4,
Phase5_Tail-14-20261001-21:25:12-68,itervar,,,rho,0.059322033898,
Phase5_Tail-14-20261001-21:25:12-68,config,,,result-dir,results_phase5,
Phase5_Tail-14-20261001-21:25:12-68,config,,,repeat,10,
Phase5_Tail-14-20261001-21:25:12-68,config,,,seed-set,4,
Phase5_Tail-14-20261001-21:25:12-68,config,,,*.queue.D,10,
Phase5_Tail-14-20261001-21:25:12-68,config,,,*.queue.r,30,
Phase5_Tail-14-20261001-21:25:12-68,config,,,*.queue.rho,0.059322033898,
Phase5_Tail-14-20261001-21:25:12-68,config,,,*.queue.warmupCompletedPackets,200000,
Phase5_Tail-14-20261001-21:25:12-68,config,,,*.queue.targetCompletedPackets,1000000,
Phase5_Tail-14-20261001-21:25:12-68,config,,,*.queue.recordVectors,false,
Phase5_Tail-14-20261001-21:25:12-68,config,,,*.queue.recordTailStatistics,true,
Phase5_Tail-14-20261001-21:25:12-68,config,,,network,dect2020scheduledaccess.DectScheduledAccessNetwork,
Phase5_Tail-14-20261001-21:25:12-68,config,,,cmdenv-express-mode,true,
Phase5_Tail-14-20261001-21:25:12-68,config,,,cmdenv-status-frequency,10s,
Phase5_Tail-14-20261001-21:25:12-68,config,,,result-dir,results,
Phase5_Tail-14-20261001-21:25:12-68,config,,,*.queue.frameDuration,10ms,
Phase5_Tail-14-20261001-21:25:12-68,config,,,*.queue.meanType1ServiceTime,0.4166666667ms,
Phase5_Tail-14-20261001-21:25:12-68,config,,,*.queue.deriveDectParametersFromD,true,
Phase5_Tail-14-20261001-21:25:12-68,config,,,*.queue.deriveLambdaFromRho,true,
Phase5_Tail-14-20261001-21:25:12-68,config,,,*.queue.warmupCompletedPackets,200000,
Phase5_Tail-14-20261001-21:25:12-68,config,,,*.queue.targetCompletedPackets,1000000,
Phase5_Tail-14-20261001-21:25:12-68,config,,,*.queue.recordVectors,false,
Phase5_Tail-14-20261001-21:25:12-68,config,,,*.queue.rngIndex,0,
Phase5_Tail-15-20261001-21:25:12-68,runattr,,,configname,Phase5_Tail,
Phase5_Tail-15-20261001-21:25:12-68,runattr,,,datetime,20261001-21:25:12,
Phase5_Tail-15-20261001-21:25:12-68,runattr,,,datetimef,20261001-212512,
Phase5_Tail-15-20261001-21:25:12-68,runattr,,,experiment,Phase5_Tail,
Phase5_Tail-15-20261001-21:25:12-68,runattr,,,inifile,omnetpp.ini,
Phase5_Tail-15-20261001-21:25:12-68,runattr,,,iterationvars,$rho=0.059322033898,
Phase5_Tail-15-20261001-21:25:12-68,runattr,,,iterationvarsd,rho=0.059322033898,
Phase5_Tail-15-20261001-21:25:12-68,runattr,,,iterationvarsf,rho=0.059322033898-,
Phase5_Tail-15-20261001-21:25:12-68,runattr,,,measurement,$rho=0.059322033898,
Phase5_Tail-15-20261001-21:25:12-68,runattr,,,network,dect2020scheduledaccess.DectScheduledAccessNetwork,
Phase5_Tail-15-20261001-21:25:12-68,runattr,,,processid,68,
Phase5_Tail-15-20261001-21:25:12-68,runattr,,,repetition,5,
Phase5_Tail-15-20261001-21:25:12-68,runattr,,,replication,#5,
Phase5_Tail-15-20261001-21:25:12-68,runattr,,,resultdir,results_phase5,
Phase5_Tail-15-20261001-21:25:12-68,runattr,,,runnumber,15,
Phase5_Tail-15-20261001-21:25:12-68,runattr,,,seedset,5,
Phase5_Tail-15-20261001-21:25:12-68,itervar,,,rho,0.059322033898,
Phase5_Tail-15-20261001-21:25:12-68,config,,,result-dir,results_phase5,
Phase5_Tail-15-20261001-21:25:12-68,config,,,repeat,10,
Phase5_Tail-15-20261001-21:25:12-68,config,,,seed-set,5,
Phase5_Tail-15-20261001-21:25:12-68,config,,,*.queue.D,10,
Phase5_Tail-15-20261001-21:25:12-68,config,,,*.queue.r,30,
Phase5_Tail-15-20261001-21:25:12-68,config,,,*.queue.rho,0.059322033898,
Phase5_Tail-15-20261001-21:25:12-68,config,,,*.queue.warmupCompletedPackets,200000,
Phase5_Tail-15-20261001-21:25:12-68,config,,,*.queue.targetCompletedPackets,1000000,
Phase5_Tail-15-20261001-21:25:12-68,config,,,*.queue.recordVectors,false,
Phase5_Tail-15-20261001-21:25:12-68,config,,,*.queue.recordTailStatistics,true,
Phase5_Tail-15-20261001-21:25:12-68,config,,,network,dect2020scheduledaccess.DectScheduledAccessNetwork,
Phase5_Tail-15-20261001-21:25:12-68,config,,,cmdenv-express-mode,true,
Phase5_Tail-15-20261001-21:25:12-68,config,,,cmdenv-status-frequency,10s,
Phase5_Tail-15-20261001-21:25:12-68,config,,,result-dir,results,
Phase5_Tail-15-20261001-21:25:12-68,config,,,*.queue.frameDuration,10ms,
Phase5_Tail-15-20261001-21:25:12-68,config,,,*.queue.meanType1ServiceTime,0.4166666667ms,
Phase5_Tail-15-20261001-21:25:12-68,config,,,*.queue.deriveDectParametersFromD,true,
Phase5_Tail-15-20261001-21:25:12-68,config,,,*.queue.deriveLambdaFromRho,true,
Phase5_Tail-15-20261001-21:25:12-68,config,,,*.queue.warmupCompletedPackets,200000,
Phase5_Tail-15-20261001-21:25:12-68,config,,,*.queue.targetCompletedPackets,1000000,
Phase5_Tail-15-20261001-21:25:12-68,config,,,*.queue.recordVectors,false,
Phase5_Tail-15-20261001-21:25:12-68,config,,,*.queue.rngIndex,0,
Phase5_Tail-16-20261001-21:25:13-68,runattr,,,configname,Phase5_Tail,
Phase5_Tail-16-20261001-21:25:13-68,runattr,,,datetime,20261001-21:25:13,
Phase5_Tail-16-20261001-21:25:13-68,runattr,,,datetimef,20261001-212513,
Phase5_Tail-16-20261001-21:25:13-68,runattr,,,experiment,Phase5_Tail,
Phase5_Tail-16-20261001-21:25:13-68,runattr,,,inifile,omnetpp.ini,
Phase5_Tail-16-20261001-21:25:13-68,runattr,,,iterationvars,$rho=0.059322033898,
Phase5_Tail-16-20261001-21:25:13-68,runattr,,,iterationvarsd,rho=0.059322033898,
Phase5_Tail-16-20261001-21:25:13-68,runattr,,,iterationvarsf,rho=0.059322033898-,
Phase5_Tail-16-20261001-21:25:13-68,runattr,,,measurement,$rho=0.059322033898,
Phase5_Tail-16-20261001-21:25:13-68,runattr,,,network,dect2020scheduledaccess.DectScheduledAccessNetwork,
Phase5_Tail-16-20261001-21:25:13-68,runattr,,,processid,68,
Phase5_Tail-16-20261001-21:25:13-68,runattr,,,repetition,6,
Phase5_Tail-16-20261001-21:25:13-68,runattr,,,replication,#6,
Phase5_Tail-16-20261001-21:25:13-68,runattr,,,resultdir,results_phase5,
Phase5_Tail-16-20261001-21:25:13-68,runattr,,,runnumber,16,
Phase5_Tail-16-20261001-21:25:13-68,runattr,,,seedset,6,
Phase5_Tail-16-20261001-21:25:13-68,itervar,,,rho,0.059322033898,
Phase5_Tail-16-20261001-21:25:13-68,config,,,result-dir,results_phase5,
Phase5_Tail-16-20261001-21:25:13-68,config,,,repeat,10,
Phase5_Tail-16-20261001-21:25:13-68,config,,,seed-set,6,
Phase5_Tail-16-20261001-21:25:13-68,config,,,*.queue.D,10,
Phase5_Tail-16-20261001-21:25:13-68,config,,,*.queue.r,30,
Phase5_Tail-16-20261001-21:25:13-68,config,,,*.queue.rho,0.059322033898,
Phase5_Tail-16-20261001-21:25:13-68,config,,,*.queue.warmupCompletedPackets,200000,
Phase5_Tail-16-20261001-21:25:13-68,config,,,*.queue.targetCompletedPackets,1000000,
Phase5_Tail-16-20261001-21:25:13-68,config,,,*.queue.recordVectors,false,
Phase5_Tail-16-20261001-21:25:13-68,config,,,*.queue.recordTailStatistics,true,
Phase5_Tail-16-20261001-21:25:13-68,config,,,network,dect2020scheduledaccess.DectScheduledAccessNetwork,
Phase5_Tail-16-20261001-21:25:13-68,config,,,cmdenv-express-mode,true,
Phase5_Tail-16-20261001-21:25:13-68,config,,,cmdenv-status-frequency,10s,
Phase5_Tail-16-20261001-21:25:13-68,config,,,result-dir,results,
Phase5_Tail-16-20261001-21:25:13-68,config,,,*.queue.frameDuration,10ms,
Phase5_Tail-16-20261001-21:25:13-68,config,,,*.queue.meanType1ServiceTime,0.4166666667ms,
Phase5_Tail-16-20261001-21:25:13-68,config,,,*.queue.deriveDectParametersFromD,true,
Phase5_Tail-16-20261001-21:25:13-68,config,,,*.queue.deriveLambdaFromRho,true,
Phase5_Tail-16-20261001-21:25:13-68,config,,,*.queue.warmupCompletedPackets,200000,
Phase5_Tail-16-20261001-21:25:13-68,config,,,*.queue.targetCompletedPackets,1000000,
Phase5_Tail-16-20261001-21:25:13-68,config,,,*.queue.recordVectors,false,
Phase5_Tail-16-20261001-21:25:13-68,config,,,*.queue.rngIndex,0,
Phase5_Tail-17-20261001-21:25:13-68,runattr,,,configname,Phase5_Tail,
Phase5_Tail-17-20261001-21:25:13-68,runattr,,,datetime,20261001-21:25:13,
Phase5_Tail-17-20261001-21:25:13-68,runattr,,,datetimef,20261001-212513,
Phase5_Tail-17-20261001-21:25:13-68,runattr,,,experiment,Phase5_Tail,
Phase5_Tail-17-20261001-21:25:13-68,runattr,,,inifile,omnetpp.ini,
Phase5_Tail-17-20261001-21:25:13-68,runattr,,,iterationvars,$rho=0.059322033898,
Phase5_Tail-17-20261001-21:25:13-68,runattr,,,iterationvarsd,rho=0.059322033898,
Phase5_Tail-17-20261001-21:25:13-68,runattr,,,iterationvarsf,rho=0.059322033898-,
Phase5_Tail-17-20261001-21:25:13-68,runattr,,,measurement,$rho=0.059322033898,
Phase5_Tail-17-20261001-21:25:13-68,runattr,,,network,dect2020scheduledaccess.DectScheduledAccessNetwork,
Phase5_Tail-17-20261001-21:25:13-68,runattr,,,processid,68,
Phase5_Tail-17-20261001-21:25:13-68,runattr,,,repetition,7,
Phase5_Tail-17-20261001-21:25:13-68,runattr,,,replication,#7,
Phase5_Tail-17-20261001-21:25:13-68,runattr,,,resultdir,results_phase5,
Phase5_Tail-17-20261001-21:25:13-68,runattr,,,runnumber,17,
Phase5_Tail-17-20261001-21:25:13-68,runattr,,,seedset,7,
Phase5_Tail-17-20261001-21:25:13-68,itervar,,,rho,0.059322033898,
Phase5_Tail-17-20261001-21:25:13-68,config,,,result-dir,results_phase5,
Phase5_Tail-17-20261001-21:25:13-68,config,,,repeat,10,
Phase5_Tail-17-20261001-21:25:13-68,config,,,seed-set,7,
Phase5_Tail-17-20261001-21:25:13-68,config,,,*.queue.D,10,
Phase5_Tail-17-20261001-21:25:13-68,config,,,*.queue.r,30,
Phase5_Tail-17-20261001-21:25:13-68,config,,,*.queue.rho,0.059322033898,
Phase5_Tail-17-20261001-21:25:13-68,config,,,*.queue.warmupCompletedPackets,200000,
Phase5_Tail-17-20261001-21:25:13-68,config,,,*.queue.targetCompletedPackets,1000000,
Phase5_Tail-17-20261001-21:25:13-68,config,,,*.queue.recordVectors,false,
Phase5_Tail-17-20261001-21:25:13-68,config,,,*.queue.recordTailStatistics,true,
Phase5_Tail-17-20261001-21:25:13-68,config,,,network,dect2020scheduledaccess.DectScheduledAccessNetwork,
Phase5_Tail-17-20261001-21:25:13-68,config,,,cmdenv-express-mode,true,
Phase5_Tail-17-20261001-21:25:13-68,config,,,cmdenv-status-frequency,10s,
Phase5_Tail-17-20261001-21:25:13-68,config,,,result-dir,results,
Phase5_Tail-17-20261001-21:25:13-68,config,,,*.queue.frameDuration,10ms,
Phase5_Tail-17-20261001-21:25:13-68,config,,,*.queue.meanType1ServiceTime,0.4166666667ms,
Phase5_Tail-17-20261001-21:25:13-68,config,,,*.queue.deriveDectParametersFromD,true,
Phase5_Tail-17-20261001-21:25:13-68,config,,,*.queue.deriveLambdaFromRho,true,
Phase5_Tail-17-20261001-21:25:13-68,config,,,*.queue.warmupCompletedPackets,200000,
Phase5_Tail-17-20261001-21:25:13-68,config,,,*.queue.targetCompletedPackets,1000000,
Phase5_Tail-17-20261001-21:25:13-68,config,,,*.queue.recordVectors,false,
Phase5_Tail-17-20261001-21:25:13-68,config,,,*.queue.rngIndex,0,
Phase5_Tail-18-20261001-21:25:13-68,runattr,,,configname,Phase5_Tail,
Phase5_Tail-18-20261001-21:25:13-68,runattr,,,datetime,20261001-21:25:13,
Phase5_Tail-18-20261001-21:25:13-68,runattr,,,datetimef,20261001-212513,
Phase5_Tail-18-20261001-21:25:13-68,runattr,,,experiment,Phase5_Tail,
Phase5_Tail-18-20261001-21:25:13-68,runattr,,,inifile,omnetpp.ini,
Phase5_Tail-18-20261001-21:25:13-68,runattr,,,iterationvars,$rho=0.059322033898,
Phase5_Tail-18-20261001-21:25:13-68,runattr,,,iterationvarsd,rho=0.059322033898,
Phase5_Tail-18-20261001-21:25:13-68,runattr,,,iterationvarsf,rho=0.059322033898-,
Phase5_Tail-18-20261001-21:25:13-68,runattr,,,measurement,$rho=0.059322033898,
Phase5_Tail-18-20261001-21:25:13-68,runattr,,,network,dect2020scheduledaccess.DectScheduledAccessNetwork,
Phase5_Tail-18-20261001-21:25:13-68,runattr,,,processid,68,
Phase5_Tail-18-20261001-21:25:13-68,runattr,,,repetition,8,
Phase5_Tail-18-20261001-21:25:13-68,runattr,,,replication,#8,
Phase5_Tail-18-20261001-21:25:13-68,runattr,,,resultdir,results_phase5,
Phase5_Tail-18-20261001-21:25:13-68,runattr,,,runnumber,18,
Phase5_Tail-18-20261001-21:25:13-68,runattr,,,seedset,8,
Phase5_Tail-18-20261001-21:25:13-68,itervar,,,rho,0.059322033898,
Phase5_Tail-18-20261001-21:25:13-68,config,,,result-dir,results_phase5,
Phase5_Tail-18-20261001-21:25:13-68,config,,,repeat,10,
Phase5_Tail-18-20261001-21:25:13-68,config,,,seed-set,8,
Phase5_Tail-18-20261001-21:25:13-68,config,,,*.queue.D,10,
Phase5_Tail-18-20261001-21:25:13-68,config,,,*.queue.r,30,
Phase5_Tail-18-20261001-21:25:13-68,config,,,*.queue.rho,0.059322033898,
Phase5_Tail-18-20261001-21:25:13-68,config,,,*.queue.warmupCompletedPackets,200000,
Phase5_Tail-18-20261001-21:25:13-68,config,,,*.queue.targetCompletedPackets,1000000,
Phase5_Tail-18-20261001-21:25:13-68,config,,,*.queue.recordVectors,false,
Phase5_Tail-18-20261001-21:25:13-68,config,,,*.queue.recordTailStatistics,true,
Phase5_Tail-18-20261001-21:25:13-68,config,,,network,dect2020scheduledaccess.DectScheduledAccessNetwork,
Phase5_Tail-18-20261001-21:25:13-68,config,,,cmdenv-express-mode,true,
Phase5_Tail-18-20261001-21:25:13-68,config,,,cmdenv-status-frequency,10s,
Phase5_Tail-18-20261001-21:25:13-68,config,,,result-dir,results,
Phase5_Tail-18-20261001-21:25:13-68,config,,,*.queue.frameDuration,10ms,
Phase5_Tail-18-20261001-21:25:13-68,config,,,*.queue.meanType1ServiceTime,0.4166666667ms,
Phase5_Tail-18-20261001-21:25:13-68,config,,,*.queue.deriveDectParametersFromD,true,
Phase5_Tail-18-20261001-21:25:13-68,config,,,*.queue.deriveLambdaFromRho,true,
Phase5_Tail-18-20261001-21:25:13-68,config,,,*.queue.warmupCompletedPackets,200000,
Phase5_Tail-18-20261001-21:25:13-68,config,,,*.queue.targetCompletedPackets,1000000,
Phase5_Tail-18-20261001-21:25:13-68,config,,,*.queue.recordVectors,false,
Phase5_Tail-18-20261001-21:25:13-68,config,,,*.queue.rngIndex,0,
Phase5_Tail-19-20261001-21:25:14-68,runattr,,,configname,Phase5_Tail,
Phase5_Tail-19-20261001-21:25:14-68,runattr,,,datetime,20261001-21:25:14,
Phase5_Tail-19-20261001-21:25:14-68,runattr,,,datetimef,20261001-212514,
Phase5_Tail-19-20261001-21:25:14-68,runattr,,,experiment,Phase5_Tail,
Phase5_Tail-19-20261001-21:25:14-68,runattr,,,inifile,omnetpp.ini,
Phase5_Tail-19-20261001-21:25:14-68,runattr,,,iterationvars,$rho=0.059322033898,
Phase5_Tail-19-20261001-21:25:14-68,runattr,,,iterationvarsd,rho=0.059322033898,
Phase5_Tail-19-20261001-21:25:14-68,runattr,,,iterationvarsf,rho=0.059322033898-,
Phase5_Tail-19-20261001-21:25:14-68,runattr,,,measurement,$rho=0.059322033898,
Phase5_Tail-19-20261001-21:25:14-68,runattr,,,network,dect2020scheduledaccess.DectScheduledAccessNetwork,
Phase5_Tail-19-20261001-21:25:14-68,runattr,,,processid,68,
Phase5_Tail-19-20261001-21:25:14-68,runattr,,,repetition,9,
Phase5_Tail-19-20261001-21:25:14-68,runattr,,,replication,#9,
Phase5_Tail-19-20261001-21:25:14-68,runattr,,,resultdir,results_phase5,
Phase5_Tail-19-20261001-21:25:14-68,runattr,,,runnumber,19,
Phase5_Tail-19-20261001-21:25:14-68,runattr,,,seedset,9,
Phase5_Tail-19-20261001-21:25:14-68,itervar,,,rho,0.059322033898,
Phase5_Tail-19-20261001-21:25:14-68,config,,,result-dir,results_phase5,
Phase5_Tail-19-20261001-21:25:14-68,config,,,repeat,10,
Phase5_Tail-19-20261001-21:25:14-68,config,,,seed-set,9,
Phase5_Tail-19-20261001-21:25:14-68,config,,,*.queue.D,10,
Phase5_Tail-19-20261001-21:25:14-68,config,,,*.queue.r,30,
Phase5_Tail-19-20261001-21:25:14-68,config,,,*.queue.rho,0.059322033898,
Phase5_Tail-19-20261001-21:25:14-68,config,,,*.queue.warmupCompletedPackets,200000,
Phase5_Tail-19-20261001-21:25:14-68,config,,,*.queue.targetCompletedPackets,1000000,
Phase5_Tail-19-20261001-21:25:14-68,config,,,*.queue.recordVectors,false,
Phase5_Tail-19-20261001-21:25:14-68,config,,,*.queue.recordTailStatistics,true,
Phase5_Tail-19-20261001-21:25:14-68,config,,,network,dect2020scheduledaccess.DectScheduledAccessNetwork,
Phase5_Tail-19-20261001-21:25:14-68,config,,,cmdenv-express-mode,true,
Phase5_Tail-19-20261001-21:25:14-68,config,,,cmdenv-status-frequency,10s,
Phase5_Tail-19-20261001-21:25:14-68,config,,,result-dir,results,
Phase5_Tail-19-20261001-21:25:14-68,config,,,*.queue.frameDuration,10ms,
Phase5_Tail-19-20261001-21:25:14-68,config,,,*.queue.meanType1ServiceTime,0.4166666667ms,
Phase5_Tail-19-20261001-21:25:14-68,config,,,*.queue.deriveDectParametersFromD,true,
Phase5_Tail-19-20261001-21:25:14-68,config,,,*.queue.deriveLambdaFromRho,true,
Phase5_Tail-19-20261001-21:25:14-68,config,,,*.queue.warmupCompletedPackets,200000,
Phase5_Tail-19-20261001-21:25:14-68,config,,,*.queue.targetCompletedPackets,1000000,
Phase5_Tail-19-20261001-21:25:14-68,config,,,*.queue.recordVectors,false,
Phase5_Tail-19-20261001-21:25:14-68,config,,,*.queue.rngIndex,0,
Phase5_Tail-20-20261001-21:25:14-68,runattr,,,configname,Phase5_Tail,
Phase5_Tail-20-20261001-21:25:14-68,runattr,,,datetime,20261001-21:25:14,
Phase5_Tail-20-20261001-21:25:14-68,runattr,,,datetimef,20261001-212514,
Phase5_Tail-20-20261001-21:25:14-68,runattr,,,experiment,Phase5_Tail,
Phase5_Tail-20-20261001-21:25:14-68,runattr,,,inifile,omnetpp.ini,
Phase5_Tail-20-20261001-21:25:14-68,runattr,,,iterationvars,$rho=0.067796610169,
Phase5_Tail-20-20261001-21:25:14-68,runattr,,,iterationvarsd,rho=0.067796610169,
Phase5_Tail-20-20261001-21:25:14-68,runattr,,,iterationvarsf,rho=0.067796610169-,
Phase5_Tail-20-20261001-21:25:14-68,runattr,,,measurement,$rho=0.067796610169,
Phase5_Tail-20-20261001-21:25:14-68,runattr,,,network,dect2020scheduledaccess.DectScheduledAccessNetwork,
Phase5_Tail-20-20261001-21:25:14-68,runattr,,,processid,68,
Phase5_Tail-20-20261001-21:25:14-68,runattr,,,repetition,0,
Phase5_Tail-20-20261001-21:25:14-68,runattr,,,replication,#0,
Phase5_Tail-20-20261001-21:25:14-68,runattr,,,resultdir,results_phase5,
Phase5_Tail-20-20261001-21:25:14-68,runattr,,,runnumber,20,
Phase5_Tail-20-20261001-21:25:14-68,runattr,,,seedset,0,
Phase5_Tail-20-20261001-21:25:14-68,itervar,,,rho,0.067796610169,
Phase5_Tail-20-20261001-21:25:14-68,config,,,result-dir,results_phase5,
Phase5_Tail-20-20261001-21:25:14-68,config,,,repeat,10,
Phase5_Tail-20-20261001-21:25:14-68,config,,,seed-set,0,
Phase5_Tail-20-20261001-21:25:14-68,config,,,*.queue.D,10,
Phase5_Tail-20-20261001-21:25:14-68,config,,,*.queue.r,30,
Phase5_Tail-20-20261001-21:25:14-68,config,,,*.queue.rho,0.067796610169,
Phase5_Tail-20-20261001-21:25:14-68,config,,,*.queue.warmupCompletedPackets,200000,
Phase5_Tail-20-20261001-21:25:14-68,config,,,*.queue.targetCompletedPackets,1000000,
Phase5_Tail-20-20261001-21:25:14-68,config,,,*.queue.recordVectors,false,
Phase5_Tail-20-20261001-21:25:14-68,config,,,*.queue.recordTailStatistics,true,
Phase5_Tail-20-20261001-21:25:14-68,config,,,network,dect2020scheduledaccess.DectScheduledAccessNetwork,
Phase5_Tail-20-20261001-21:25:14-68,config,,,cmdenv-express-mode,true,
Phase5_Tail-20-20261001-21:25:14-68,config,,,cmdenv-status-frequency,10s,
Phase5_Tail-20-20261001-21:25:14-68,config,,,result-dir,results,
Phase5_Tail-20-20261001-21:25:14-68,config,,,*.queue.frameDuration,10ms,
Phase5_Tail-20-20261001-21:25:14-68,config,,,*.queue.meanType1ServiceTime,0.4166666667ms,
Phase5_Tail-20-20261001-21:25:14-68,config,,,*.queue.deriveDectParametersFromD,true,
Phase5_Tail-20-20261001-21:25:14-68,config,,,*.queue.deriveLambdaFromRho,true,
Phase5_Tail-20-20261001-21:25:14-68,config,,,*.queue.warmupCompletedPackets,200000,
Phase5_Tail-20-20261001-21:25:14-68,config,,,*.queue.targetCompletedPackets,1000000,
Phase5_Tail-20-20261001-21:25:14-68,config,,,*.queue.recordVectors,false,
Phase5_Tail-20-20261001-21:25:14-68,config,,,*.queue.rngIndex,0,
Phase5_Tail-21-20261001-21:25:14-68,runattr,,,configname,Phase5_Tail,
Phase5_Tail-21-20261001-21:25:14-68,runattr,,,datetime,20261001-21:25:14,
Phase5_Tail-21-20261001-21:25:14-68,runattr,,,datetimef,20261001-212514,
Phase5_Tail-21-20261001-21:25:14-68,runattr,,,experiment,Phase5_Tail,
Phase5_Tail-21-20261001-21:25:14-68,runattr,,,inifile,omnetpp.ini,
Phase5_Tail-21-20261001-21:25:14-68,runattr,,,iterationvars,$rho=0.067796610169,
Phase5_Tail-21-20261001-21:25:14-68,runattr,,,iterationvarsd,rho=0.067796610169,
Phase5_Tail-21-20261001-21:25:14-68,runattr,,,iterationvarsf,rho=0.067796610169-,
Phase5_Tail-21-20261001-21:25:14-68,runattr,,,measurement,$rho=0.067796610169,
Phase5_Tail-21-20261001-21:25:14-68,runattr,,,network,dect2020scheduledaccess.DectScheduledAccessNetwork,
Phase5_Tail-21-20261001-21:25:14-68,runattr,,,processid,68,
Phase5_Tail-21-20261001-21:25:14-68,runattr,,,repetition,1,
Phase5_Tail-21-20261001-21:25:14-68,runattr,,,replication,#1,
Phase5_Tail-21-20261001-21:25:14-68,runattr,,,resultdir,results_phase5,
Phase5_Tail-21-20261001-21:25:14-68,runattr,,,runnumber,21,
Phase5_Tail-21-20261001-21:25:14-68,runattr,,,seedset,1,
Phase5_Tail-21-20261001-21:25:14-68,itervar,,,rho,0.067796610169,
Phase5_Tail-21-20261001-21:25:14-68,config,,,result-dir,results_phase5,
Phase5_Tail-21-20261001-21:25:14-68,config,,,repeat,10,
Phase5_Tail-21-20261001-21:25:14-68,config,,,seed-set,1,
Phase5_Tail-21-20261001-21:25:14-68,config,,,*.queue.D,10,
Phase5_Tail-21-20261001-21:25:14-68,config,,,*.queue.r,30,
Phase5_Tail-21-20261001-21:25:14-68,config,,,*.queue.rho,0.067796610169,
Phase5_Tail-21-20261001-21:25:14-68,config,,,*.queue.warmupCompletedPackets,200000,
Phase5_Tail-21-20261001-21:25:14-68,config,,,*.queue.targetCompletedPackets,1000000,
Phase5_Tail-21-20261001-21:25:14-68,config,,,*.queue.recordVectors,false,
Phase5_Tail-21-20261001-21:25:14-68,config,,,*.queue.recordTailStatistics,true,
Phase5_Tail-21-20261001-21:25:14-68,config,,,network,dect2020scheduledaccess.DectScheduledAccessNetwork,
Phase5_Tail-21-20261001-21:25:14-68,config,,,cmdenv-express-mode,true,
Phase5_Tail-21-20261001-21:25:14-68,config,,,cmdenv-status-frequency,10s,
Phase5_Tail-21-20261001-21:25:14-68,config,,,result-dir,results,
Phase5_Tail-21-20261001-21:25:14-68,config,,,*.queue.frameDuration,10ms,
Phase5_Tail-21-20261001-21:25:14-68,config,,,*.queue.meanType1ServiceTime,0.4166666667ms,
Phase5_Tail-21-20261001-21:25:14-68,config,,,*.queue.deriveDectParametersFromD,true,
Phase5_Tail-21-20261001-21:25:14-68,config,,,*.queue.deriveLambdaFromRho,true,
Phase5_Tail-21-20261001-21:25:14-68,config,,,*.queue.warmupCompletedPackets,200000,
Phase5_Tail-21-20261001-21:25:14-68,config,,,*.queue.targetCompletedPackets,1000000,
Phase5_Tail-21-20261001-21:25:14-68,config,,,*.queue.recordVectors,false,
Phase5_Tail-21-20261001-21:25:14-68,config,,,*.queue.rngIndex,0,
Phase5_Tail-22-20261001-21:25:15-68,runattr,,,configname,Phase5_Tail,
Phase5_Tail-22-20261001-21:25:15-68,runattr,,,datetime,20261001-21:25:15,
Phase5_Tail-22-20261001-21:25:15-68,runattr,,,datetimef,20261001-212515,
Phase5_Tail-22-20261001-21:25:15-68,runattr,,,experiment,Phase5_Tail,
Phase5_Tail-22-20261001-21:25:15-68,runattr,,,inifile,omnetpp.ini,
Phase5_Tail-22-20261001-21:25:15-68,runattr,,,iterationvars,$rho=0.067796610169,
Phase5_Tail-22-20261001-21:25:15-68,runattr,,,iterationvarsd,rho=0.067796610169,
Phase5_Tail-22-20261001-21:25:15-68,runattr,,,iterationvarsf,rho=0.067796610169-,
Phase5_Tail-22-20261001-21:25:15-68,runattr,,,measurement,$rho=0.067796610169,
Phase5_Tail-22-20261001-21:25:15-68,runattr,,,network,dect2020scheduledaccess.DectScheduledAccessNetwork,
Phase5_Tail-22-20261001-21:25:15-68,runattr,,,processid,68,
Phase5_Tail-22-20261001-21:25:15-68,runattr,,,repetition,2,
Phase5_Tail-22-20261001-21:25:15-68,runattr,,,replication,#2,
Phase5_Tail-22-20261001-21:25:15-68,runattr,,,resultdir,results_phase5,
Phase5_Tail-22-20261001-21:25:15-68,runattr,,,runnumber,22,
Phase5_Tail-22-20261001-21:25:15-68,runattr,,,seedset,2,
Phase5_Tail-22-20261001-21:25:15-68,itervar,,,rho,0.067796610169,
Phase5_Tail-22-20261001-21:25:15-68,config,,,result-dir,results_phase5,
Phase5_Tail-22-20261001-21:25:15-68,config,,,repeat,10,
Phase5_Tail-22-20261001-21:25:15-68,config,,,seed-set,2,
Phase5_Tail-22-20261001-21:25:15-68,config,,,*.queue.D,10,
Phase5_Tail-22-20261001-21:25:15-68,config,,,*.queue.r,30,
Phase5_Tail-22-20261001-21:25:15-68,config,,,*.queue.rho,0.067796610169,
Phase5_Tail-22-20261001-21:25:15-68,config,,,*.queue.warmupCompletedPackets,200000,
Phase5_Tail-22-20261001-21:25:15-68,config,,,*.queue.targetCompletedPackets,1000000,
Phase5_Tail-22-20261001-21:25:15-68,config,,,*.queue.recordVectors,false,
Phase5_Tail-22-20261001-21:25:15-68,config,,,*.queue.recordTailStatistics,true,
Phase5_Tail-22-20261001-21:25:15-68,config,,,network,dect2020scheduledaccess.DectScheduledAccessNetwork,
Phase5_Tail-22-20261001-21:25:15-68,config,,,cmdenv-express-mode,true,
Phase5_Tail-22-20261001-21:25:15-68,config,,,cmdenv-status-frequency,10s,
Phase5_Tail-22-20261001-21:25:15-68,config,,,result-dir,results,
Phase5_Tail-22-20261001-21:25:15-68,config,,,*.queue.frameDuration,10ms,
Phase5_Tail-22-20261001-21:25:15-68,config,,,*.queue.meanType1ServiceTime,0.4166666667ms,
Phase5_Tail-22-20261001-21:25:15-68,config,,,*.queue.deriveDectParametersFromD,true,
Phase5_Tail-22-20261001-21:25:15-68,config,,,*.queue.deriveLambdaFromRho,true,
Phase5_Tail-22-20261001-21:25:15-68,config,,,*.queue.warmupCompletedPackets,200000,
Phase5_Tail-22-20261001-21:25:15-68,config,,,*.queue.targetCompletedPackets,1000000,
Phase5_Tail-22-20261001-21:25:15-68,config,,,*.queue.recordVectors,false,
Phase5_Tail-22-20261001-21:25:15-68,config,,,*.queue.rngIndex,0,
Phase5_Tail-23-20261001-21:25:15-68,runattr,,,configname,Phase5_Tail,
Phase5_Tail-23-20261001-21:25:15-68,runattr,,,datetime,20261001-21:25:15,
Phase5_Tail-23-20261001-21:25:15-68,runattr,,,datetimef,20261001-212515,
Phase5_Tail-23-20261001-21:25:15-68,runattr,,,experiment,Phase5_Tail,
Phase5_Tail-23-20261001-21:25:15-68,runattr,,,inifile,omnetpp.ini,
Phase5_Tail-23-20261001-21:25:15-68,runattr,,,iterationvars,$rho=0.067796610169,
Phase5_Tail-23-20261001-21:25:15-68,runattr,,,iterationvarsd,rho=0.067796610169,
Phase5_Tail-23-20261001-21:25:15-68,runattr,,,iterationvarsf,rho=0.067796610169-,
Phase5_Tail-23-20261001-21:25:15-68,runattr,,,measurement,$rho=0.067796610169,
Phase5_Tail-23-20261001-21:25:15-68,runattr,,,network,dect2020scheduledaccess.DectScheduledAccessNetwork,
Phase5_Tail-23-20261001-21:25:15-68,runattr,,,processid,68,
Phase5_Tail-23-20261001-21:25:15-68,runattr,,,repetition,3,
Phase5_Tail-23-20261001-21:25:15-68,runattr,,,replication,#3,
Phase5_Tail-23-20261001-21:25:15-68,runattr,,,resultdir,results_phase5,
Phase5_Tail-23-20261001-21:25:15-68,runattr,,,runnumber,23,
Phase5_Tail-23-20261001-21:25:15-68,runattr,,,seedset,3,
Phase5_Tail-23-20261001-21:25:15-68,itervar,,,rho,0.067796610169,
Phase5_Tail-23-20261001-21:25:15-68,config,,,result-dir,results_phase5,
Phase5_Tail-23-20261001-21:25:15-68,config,,,repeat,10,
Phase5_Tail-23-20261001-21:25:15-68,config,,,seed-set,3,
Phase5_Tail-23-20261001-21:25:15-68,config,,,*.queue.D,10,
Phase5_Tail-23-20261001-21:25:15-68,config,,,*.queue.r,30,
Phase5_Tail-23-20261001-21:25:15-68,config,,,*.queue.rho,0.067796610169,
Phase5_Tail-23-20261001-21:25:15-68,config,,,*.queue.warmupCompletedPackets,200000,
Phase5_Tail-23-20261001-21:25:15-68,config,,,*.queue.targetCompletedPackets,1000000,
Phase5_Tail-23-20261001-21:25:15-68,config,,,*.queue.recordVectors,false,
Phase5_Tail-23-20261001-21:25:15-68,config,,,*.queue.recordTailStatistics,true,
Phase5_Tail-23-20261001-21:25:15-68,config,,,network,dect2020scheduledaccess.DectScheduledAccessNetwork,
Phase5_Tail-23-20261001-21:25:15-68,config,,,cmdenv-express-mode,true,
Phase5_Tail-23-20261001-21:25:15-68,config,,,cmdenv-status-frequency,10s,
Phase5_Tail-23-20261001-21:25:15-68,config,,,result-dir,results,
Phase5_Tail-23-20261001-21:25:15-68,config,,,*.queue.frameDuration,10ms,
Phase5_Tail-23-20261001-21:25:15-68,config,,,*.queue.meanType1ServiceTime,0.4166666667ms,
Phase5_Tail-23-20261001-21:25:15-68,config,,,*.queue.deriveDectParametersFromD,true,
Phase5_Tail-23-20261001-21:25:15-68,config,,,*.queue.deriveLambdaFromRho,true,
Phase5_Tail-23-20261001-21:25:15-68,config,,,*.queue.warmupCompletedPackets,200000,
Phase5_Tail-23-20261001-21:25:15-68,config,,,*.queue.targetCompletedPackets,1000000,
Phase5_Tail-23-20261001-21:25:15-68,config,,,*.queue.recordVectors,false,
Phase5_Tail-23-20261001-21:25:15-68,config,,,*.queue.rngIndex,0,
Phase5_Tail-24-20261001-21:25:15-68,runattr,,,configname,Phase5_Tail,
Phase5_Tail-24-20261001-21:25:15-68,runattr,,,datetime,20261001-21:25:15,
Phase5_Tail-24-20261001-21:25:15-68,runattr,,,datetimef,20261001-212515,
Phase5_Tail-24-20261001-21:25:15-68,runattr,,,experiment,Phase5_Tail,
Phase5_Tail-24-20261001-21:25:15-68,runattr,,,inifile,omnetpp.ini,
Phase5_Tail-24-20261001-21:25:15-68,runattr,,,iterationvars,$rho=0.067796610169,
Phase5_Tail-24-20261001-21:25:15-68,runattr,,,iterationvarsd,rho=0.067796610169,
Phase5_Tail-24-20261001-21:25:15-68,runattr,,,iterationvarsf,rho=0.067796610169-,
Phase5_Tail-24-20261001-21:25:15-68,runattr,,,measurement,$rho=0.067796610169,
Phase5_Tail-24-20261001-21:25:15-68,runattr,,,network,dect2020scheduledaccess.DectScheduledAccessNetwork,
Phase5_Tail-24-20261001-21:25:15-68,runattr,,,processid,68,
Phase5_Tail-24-20261001-21:25:15-68,runattr,,,repetition,4,
Phase5_Tail-24-20261001-21:25:15-68,runattr,,,replication,#4,
Phase5_Tail-24-20261001-21:25:15-68,runattr,,,resultdir,results_phase5,
Phase5_Tail-24-20261001-21:25:15-68,runattr,,,runnumber,24,
Phase5_Tail-24-20261001-21:25:15-68,runattr,,,seedset,4,
Phase5_Tail-24-20261001-21:25:15-68,itervar,,,rho,0.067796610169,
Phase5_Tail-24-20261001-21:25:15-68,config,,,result-dir,results_phase5,
Phase5_Tail-24-20261001-21:25:15-68,config,,,repeat,10,
Phase5_Tail-24-20261001-21:25:15-68,config,,,seed-set,4,
Phase5_Tail-24-20261001-21:25:15-68,config,,,*.queue.D,10,
Phase5_Tail-24-20261001-21:25:15-68,config,,,*.queue.r,30,
Phase5_Tail-24-20261001-21:25:15-68,config,,,*.queue.rho,0.067796610169,
Phase5_Tail-24-20261001-21:25:15-68,config,,,*.queue.warmupCompletedPackets,200000,
Phase5_Tail-24-20261001-21:25:15-68,config,,,*.queue.targetCompletedPackets,1000000,
Phase5_Tail-24-20261001-21:25:15-68,config,,,*.queue.recordVectors,false,
Phase5_Tail-24-20261001-21:25:15-68,config,,,*.queue.recordTailStatistics,true,
Phase5_Tail-24-20261001-21:25:15-68,config,,,network,dect2020scheduledaccess.DectScheduledAccessNetwork,
Phase5_Tail-24-20261001-21:25:15-68,config,,,cmdenv-express-mode,true,
Phase5_Tail-24-20261001-21:25:15-68,config,,,cmdenv-status-frequency,10s,
Phase5_Tail-24-20261001-21:25:15-68,config,,,result-dir,results,
Phase5_Tail-24-20261001-21:25:15-68,config,,,*.queue.frameDuration,10ms,
Phase5_Tail-24-20261001-21:25:15-68,config,,,*.queue.meanType1ServiceTime,0.4166666667ms,
Phase5_Tail-24-20261001-21:25:15-68,config,,,*.queue.deriveDectParametersFromD,true,
Phase5_Tail-24-20261001-21:25:15-68,config,,,*.queue.deriveLambdaFromRho,true,
Phase5_Tail-24-20261001-21:25:15-68,config,,,*.queue.warmupCompletedPackets,200000,
Phase5_Tail-24-20261001-21:25:15-68,config,,,*.queue.targetCompletedPackets,1000000,
Phase5_Tail-24-20261001-21:25:15-68,config,,,*.queue.recordVectors,false,
Phase5_Tail-24-20261001-21:25:15-68,config,,,*.queue.rngIndex,0,
Phase5_Tail-25-20261001-21:25:16-68,runattr,,,configname,Phase5_Tail,
Phase5_Tail-25-20261001-21:25:16-68,runattr,,,datetime,20261001-21:25:16,
Phase5_Tail-25-20261001-21:25:16-68,runattr,,,datetimef,20261001-212516,
Phase5_Tail-25-20261001-21:25:16-68,runattr,,,experiment,Phase5_Tail,
Phase5_Tail-25-20261001-21:25:16-68,runattr,,,inifile,omnetpp.ini,
Phase5_Tail-25-20261001-21:25:16-68,runattr,,,iterationvars,$rho=0.067796610169,
Phase5_Tail-25-20261001-21:25:16-68,runattr,,,iterationvarsd,rho=0.067796610169,
Phase5_Tail-25-20261001-21:25:16-68,runattr,,,iterationvarsf,rho=0.067796610169-,
Phase5_Tail-25-20261001-21:25:16-68,runattr,,,measurement,$rho=0.067796610169,
Phase5_Tail-25-20261001-21:25:16-68,runattr,,,network,dect2020scheduledaccess.DectScheduledAccessNetwork,
Phase5_Tail-25-20261001-21:25:16-68,runattr,,,processid,68,
Phase5_Tail-25-20261001-21:25:16-68,runattr,,,repetition,5,
Phase5_Tail-25-20261001-21:25:16-68,runattr,,,replication,#5,
Phase5_Tail-25-20261001-21:25:16-68,runattr,,,resultdir,results_phase5,
Phase5_Tail-25-20261001-21:25:16-68,runattr,,,runnumber,25,
Phase5_Tail-25-20261001-21:25:16-68,runattr,,,seedset,5,
Phase5_Tail-25-20261001-21:25:16-68,itervar,,,rho,0.067796610169,
Phase5_Tail-25-20261001-21:25:16-68,config,,,result-dir,results_phase5,
Phase5_Tail-25-20261001-21:25:16-68,config,,,repeat,10,
Phase5_Tail-25-20261001-21:25:16-68,config,,,seed-set,5,
Phase5_Tail-25-20261001-21:25:16-68,config,,,*.queue.D,10,
Phase5_Tail-25-20261001-21:25:16-68,config,,,*.queue.r,30,
Phase5_Tail-25-20261001-21:25:16-68,config,,,*.queue.rho,0.067796610169,
Phase5_Tail-25-20261001-21:25:16-68,config,,,*.queue.warmupCompletedPackets,200000,
Phase5_Tail-25-20261001-21:25:16-68,config,,,*.queue.targetCompletedPackets,1000000,
Phase5_Tail-25-20261001-21:25:16-68,config,,,*.queue.recordVectors,false,
Phase5_Tail-25-20261001-21:25:16-68,config,,,*.queue.recordTailStatistics,true,
Phase5_Tail-25-20261001-21:25:16-68,config,,,network,dect2020scheduledaccess.DectScheduledAccessNetwork,
Phase5_Tail-25-20261001-21:25:16-68,config,,,cmdenv-express-mode,true,
Phase5_Tail-25-20261001-21:25:16-68,config,,,cmdenv-status-frequency,10s,
Phase5_Tail-25-20261001-21:25:16-68,config,,,result-dir,results,
Phase5_Tail-25-20261001-21:25:16-68,config,,,*.queue.frameDuration,10ms,
Phase5_Tail-25-20261001-21:25:16-68,config,,,*.queue.meanType1ServiceTime,0.4166666667ms,
Phase5_Tail-25-20261001-21:25:16-68,config,,,*.queue.deriveDectParametersFromD,true,
Phase5_Tail-25-20261001-21:25:16-68,config,,,*.queue.deriveLambdaFromRho,true,
Phase5_Tail-25-20261001-21:25:16-68,config,,,*.queue.warmupCompletedPackets,200000,
Phase5_Tail-25-20261001-21:25:16-68,config,,,*.queue.targetCompletedPackets,1000000,
Phase5_Tail-25-20261001-21:25:16-68,config,,,*.queue.recordVectors,false,
Phase5_Tail-25-20261001-21:25:16-68,config,,,*.queue.rngIndex,0,
Phase5_Tail-26-20261001-21:25:16-68,runattr,,,configname,Phase5_Tail,
Phase5_Tail-26-20261001-21:25:16-68,runattr,,,datetime,20261001-21:25:16,
Phase5_Tail-26-20261001-21:25:16-68,runattr,,,datetimef,20261001-212516,
Phase5_Tail-26-20261001-21:25:16-68,runattr,,,experiment,Phase5_Tail,
Phase5_Tail-26-20261001-21:25:16-68,runattr,,,inifile,omnetpp.ini,
Phase5_Tail-26-20261001-21:25:16-68,runattr,,,iterationvars,$rho=0.067796610169,
Phase5_Tail-26-20261001-21:25:16-68,runattr,,,iterationvarsd,rho=0.067796610169,
Phase5_Tail-26-20261001-21:25:16-68,runattr,,,iterationvarsf,rho=0.067796610169-,
Phase5_Tail-26-20261001-21:25:16-68,runattr,,,measurement,$rho=0.067796610169,
Phase5_Tail-26-20261001-21:25:16-68,runattr,,,network,dect2020scheduledaccess.DectScheduledAccessNetwork,
Phase5_Tail-26-20261001-21:25:16-68,runattr,,,processid,68,
Phase5_Tail-26-20261001-21:25:16-68,runattr,,,repetition,6,
Phase5_Tail-26-20261001-21:25:16-68,runattr,,,replication,#6,
Phase5_Tail-26-20261001-21:25:16-68,runattr,,,resultdir,results_phase5,
Phase5_Tail-26-20261001-21:25:16-68,runattr,,,runnumber,26,
Phase5_Tail-26-20261001-21:25:16-68,runattr,,,seedset,6,
Phase5_Tail-26-20261001-21:25:16-68,itervar,,,rho,0.067796610169,
Phase5_Tail-26-20261001-21:25:16-68,config,,,result-dir,results_phase5,
Phase5_Tail-26-20261001-21:25:16-68,config,,,repeat,10,
Phase5_Tail-26-20261001-21:25:16-68,config,,,seed-set,6,
Phase5_Tail-26-20261001-21:25:16-68,config,,,*.queue.D,10,
Phase5_Tail-26-20261001-21:25:16-68,config,,,*.queue.r,30,
Phase5_Tail-26-20261001-21:25:16-68,config,,,*.queue.rho,0.067796610169,
Phase5_Tail-26-20261001-21:25:16-68,config,,,*.queue.warmupCompletedPackets,200000,
Phase5_Tail-26-20261001-21:25:16-68,config,,,*.queue.targetCompletedPackets,1000000,
Phase5_Tail-26-20261001-21:25:16-68,config,,,*.queue.recordVectors,false,
Phase5_Tail-26-20261001-21:25:16-68,config,,,*.queue.recordTailStatistics,true,
Phase5_Tail-26-20261001-21:25:16-68,config,,,network,dect2020scheduledaccess.DectScheduledAccessNetwork,
Phase5_Tail-26-20261001-21:25:16-68,config,,,cmdenv-express-mode,true,
Phase5_Tail-26-20261001-21:25:16-68,config,,,cmdenv-status-frequency,10s,
Phase5_Tail-26-20261001-21:25:16-68,config,,,result-dir,results,
Phase5_Tail-26-20261001-21:25:16-68,config,,,*.queue.frameDuration,10ms,
Phase5_Tail-26-20261001-21:25:16-68,config,,,*.queue.meanType1ServiceTime,0.4166666667ms,
Phase5_Tail-26-20261001-21:25:16-68,config,,,*.queue.deriveDectParametersFromD,true,
Phase5_Tail-26-20261001-21:25:16-68,config,,,*.queue.deriveLambdaFromRho,true,
Phase5_Tail-26-20261001-21:25:16-68,config,,,*.queue.warmupCompletedPackets,200000,
Phase5_Tail-26-20261001-21:25:16-68,config,,,*.queue.targetCompletedPackets,1000000,
Phase5_Tail-26-20261001-21:25:16-68,config,,,*.queue.recordVectors,false,
Phase5_Tail-26-20261001-21:25:16-68,config,,,*.queue.rngIndex,0,
Phase5_Tail-27-20261001-21:25:16-68,runattr,,,configname,Phase5_Tail,
Phase5_Tail-27-20261001-21:25:16-68,runattr,,,datetime,20261001-21:25:16,
Phase5_Tail-27-20261001-21:25:16-68,runattr,,,datetimef,20261001-212516,
Phase5_Tail-27-20261001-21:25:16-68,runattr,,,experiment,Phase5_Tail,
Phase5_Tail-27-20261001-21:25:16-68,runattr,,,inifile,omnetpp.ini,
Phase5_Tail-27-20261001-21:25:16-68,runattr,,,iterationvars,$rho=0.067796610169,
Phase5_Tail-27-20261001-21:25:16-68,runattr,,,iterationvarsd,rho=0.067796610169,
Phase5_Tail-27-20261001-21:25:16-68,runattr,,,iterationvarsf,rho=0.067796610169-,
Phase5_Tail-27-20261001-21:25:16-68,runattr,,,measurement,$rho=0.067796610169,
Phase5_Tail-27-20261001-21:25:16-68,runattr,,,network,dect2020scheduledaccess.DectScheduledAccessNetwork,
Phase5_Tail-27-20261001-21:25:16-68,runattr,,,processid,68,
Phase5_Tail-27-20261001-21:25:16-68,runattr,,,repetition,7,
Phase5_Tail-27-20261001-21:25:16-68,runattr,,,replication,#7,
Phase5_Tail-27-20261001-21:25:16-68,runattr,,,resultdir,results_phase5,
Phase5_Tail-27-20261001-21:25:16-68,runattr,,,runnumber,27,
Phase5_Tail-27-20261001-21:25:16-68,runattr,,,seedset,7,
Phase5_Tail-27-20261001-21:25:16-68,itervar,,,rho,0.067796610169,
Phase5_Tail-27-20261001-21:25:16-68,config,,,result-dir,results_phase5,
Phase5_Tail-27-20261001-21:25:16-68,config,,,repeat,10,
Phase5_Tail-27-20261001-21:25:16-68,config,,,seed-set,7,
Phase5_Tail-27-20261001-21:25:16-68,config,,,*.queue.D,10,
Phase5_Tail-27-20261001-21:25:16-68,config,,,*.queue.r,30,
Phase5_Tail-27-20261001-21:25:16-68,config,,,*.queue.rho,0.067796610169,
Phase5_Tail-27-20261001-21:25:16-68,config,,,*.queue.warmupCompletedPackets,200000,
Phase5_Tail-27-20261001-21:25:16-68,config,,,*.queue.targetCompletedPackets,1000000,
Phase5_Tail-27-20261001-21:25:16-68,config,,,*.queue.recordVectors,false,
Phase5_Tail-27-20261001-21:25:16-68,config,,,*.queue.recordTailStatistics,true,
Phase5_Tail-27-20261001-21:25:16-68,config,,,network,dect2020scheduledaccess.DectScheduledAccessNetwork,
Phase5_Tail-27-20261001-21:25:16-68,config,,,cmdenv-express-mode,true,
Phase5_Tail-27-20261001-21:25:16-68,config,,,cmdenv-status-frequency,10s,
Phase5_Tail-27-20261001-21:25:16-68,config,,,result-dir,results,
Phase5_Tail-27-20261001-21:25:16-68,config,,,*.queue.frameDuration,10ms,
Phase5_Tail-27-20261001-21:25:16-68,config,,,*.queue.meanType1ServiceTime,0.4166666667ms,
Phase5_Tail-27-20261001-21:25:16-68,config,,,*.queue.deriveDectParametersFromD,true,
Phase5_Tail-27-20261001-21:25:16-68,config,,,*.queue.deriveLambdaFromRho,true,
Phase5_Tail-27-20261001-21:25:16-68,config,,,*.queue.warmupCompletedPackets,200000,
Phase5_Tail-27-20261001-21:25:16-68,config,,,*.queue.targetCompletedPackets,1000000,
Phase5_Tail-27-20261001-21:25:16-68,config,,,*.queue.recordVectors,false,
Phase5_Tail-27-20261001-21:25:16-68,config,,,*.queue.rngIndex,0,
Phase5_Tail-28-20261001-21:25:17-68,runattr,,,configname,Phase5_Tail,
Phase5_Tail-28-20261001-21:25:17-68,runattr,,,datetime,20261001-21:25:17,
Phase5_Tail-28-20261001-21:25:17-68,runattr,,,datetimef,20261001-212517,
Phase5_Tail-28-20261001-21:25:17-68,runattr,,,experiment,Phase5_Tail,
Phase5_Tail-28-20261001-21:25:17-68,runattr,,,inifile,omnetpp.ini,
Phase5_Tail-28-20261001-21:25:17-68,runattr,,,iterationvars,$rho=0.067796610169,
Phase5_Tail-28-20261001-21:25:17-68,runattr,,,iterationvarsd,rho=0.067796610169,
Phase5_Tail-28-20261001-21:25:17-68,runattr,,,iterationvarsf,rho=0.067796610169-,
Phase5_Tail-28-20261001-21:25:17-68,runattr,,,measurement,$rho=0.067796610169,
Phase5_Tail-28-20261001-21:25:17-68,runattr,,,network,dect2020scheduledaccess.DectScheduledAccessNetwork,
Phase5_Tail-28-20261001-21:25:17-68,runattr,,,processid,68,
Phase5_Tail-28-20261001-21:25:17-68,runattr,,,repetition,8,
Phase5_Tail-28-20261001-21:25:17-68,runattr,,,replication,#8,
Phase5_Tail-28-20261001-21:25:17-68,runattr,,,resultdir,results_phase5,
Phase5_Tail-28-20261001-21:25:17-68,runattr,,,runnumber,28,
Phase5_Tail-28-20261001-21:25:17-68,runattr,,,seedset,8,
Phase5_Tail-28-20261001-21:25:17-68,itervar,,,rho,0.067796610169,
Phase5_Tail-28-20261001-21:25:17-68,config,,,result-dir,results_phase5,
Phase5_Tail-28-20261001-21:25:17-68,config,,,repeat,10,
Phase5_Tail-28-20261001-21:25:17-68,config,,,seed-set,8,
Phase5_Tail-28-20261001-21:25:17-68,config,,,*.queue.D,10,
Phase5_Tail-28-20261001-21:25:17-68,config,,,*.queue.r,30,
Phase5_Tail-28-20261001-21:25:17-68,config,,,*.queue.rho,0.067796610169,
Phase5_Tail-28-20261001-21:25:17-68,config,,,*.queue.warmupCompletedPackets,200000,
Phase5_Tail-28-20261001-21:25:17-68,config,,,*.queue.targetCompletedPackets,1000000,
Phase5_Tail-28-20261001-21:25:17-68,config,,,*.queue.recordVectors,false,
Phase5_Tail-28-20261001-21:25:17-68,config,,,*.queue.recordTailStatistics,true,
Phase5_Tail-28-20261001-21:25:17-68,config,,,network,dect2020scheduledaccess.DectScheduledAccessNetwork,
Phase5_Tail-28-20261001-21:25:17-68,config,,,cmdenv-express-mode,true,
Phase5_Tail-28-20261001-21:25:17-68,config,,,cmdenv-status-frequency,10s,
Phase5_Tail-28-20261001-21:25:17-68,config,,,result-dir,results,
Phase5_Tail-28-20261001-21:25:17-68,config,,,*.queue.frameDuration,10ms,
Phase5_Tail-28-20261001-21:25:17-68,config,,,*.queue.meanType1ServiceTime,0.4166666667ms,
Phase5_Tail-28-20261001-21:25:17-68,config,,,*.queue.deriveDectParametersFromD,true,
Phase5_Tail-28-20261001-21:25:17-68,config,,,*.queue.deriveLambdaFromRho,true,
Phase5_Tail-28-20261001-21:25:17-68,config,,,*.queue.warmupCompletedPackets,200000,
Phase5_Tail-28-20261001-21:25:17-68,config,,,*.queue.targetCompletedPackets,1000000,
Phase5_Tail-28-20261001-21:25:17-68,config,,,*.queue.recordVectors,false,
Phase5_Tail-28-20261001-21:25:17-68,config,,,*.queue.rngIndex,0,
Phase5_Tail-29-20261001-21:25:17-68,runattr,,,configname,Phase5_Tail,
Phase5_Tail-29-20261001-21:25:17-68,runattr,,,datetime,20261001-21:25:17,
Phase5_Tail-29-20261001-21:25:17-68,runattr,,,datetimef,20261001-212517,
Phase5_Tail-29-20261001-21:25:17-68,runattr,,,experiment,Phase5_Tail,
Phase5_Tail-29-20261001-21:25:17-68,runattr,,,inifile,omnetpp.ini,
Phase5_Tail-29-20261001-21:25:17-68,runattr,,,iterationvars,$rho=0.067796610169,
Phase5_Tail-29-20261001-21:25:17-68,runattr,,,iterationvarsd,rho=0.067796610169,
Phase5_Tail-29-20261001-21:25:17-68,runattr,,,iterationvarsf,rho=0.067796610169-,
Phase5_Tail-29-20261001-21:25:17-68,runattr,,,measurement,$rho=0.067796610169,
Phase5_Tail-29-20261001-21:25:17-68,runattr,,,network,dect2020scheduledaccess.DectScheduledAccessNetwork,
Phase5_Tail-29-20261001-21:25:17-68,runattr,,,processid,68,
Phase5_Tail-29-20261001-21:25:17-68,runattr,,,repetition,9,
Phase5_Tail-29-20261001-21:25:17-68,runattr,,,replication,#9,
Phase5_Tail-29-20261001-21:25:17-68,runattr,,,resultdir,results_phase5,
Phase5_Tail-29-20261001-21:25:17-68,runattr,,,runnumber,29,
Phase5_Tail-29-20261001-21:25:17-68,runattr,,,seedset,9,
Phase5_Tail-29-20261001-21:25:17-68,itervar,,,rho,0.067796610169,
Phase5_Tail-29-20261001-21:25:17-68,config,,,result-dir,results_phase5,
Phase5_Tail-29-20261001-21:25:17-68,config,,,repeat,10,
Phase5_Tail-29-20261001-21:25:17-68,config,,,seed-set,9,
Phase5_Tail-29-20261001-21:25:17-68,config,,,*.queue.D,10,
Phase5_Tail-29-20261001-21:25:17-68,config,,,*.queue.r,30,
Phase5_Tail-29-20261001-21:25:17-68,config,,,*.queue.rho,0.067796610169,
Phase5_Tail-29-20261001-21:25:17-68,config,,,*.queue.warmupCompletedPackets,200000,
Phase5_Tail-29-20261001-21:25:17-68,config,,,*.queue.targetCompletedPackets,1000000,
Phase5_Tail-29-20261001-21:25:17-68,config,,,*.queue.recordVectors,false,
Phase5_Tail-29-20261001-21:25:17-68,config,,,*.queue.recordTailStatistics,true,
Phase5_Tail-29-20261001-21:25:17-68,config,,,network,dect2020scheduledaccess.DectScheduledAccessNetwork,
Phase5_Tail-29-20261001-21:25:17-68,config,,,cmdenv-express-mode,true,
Phase5_Tail-29-20261001-21:25:17-68,config,,,cmdenv-status-frequency,10s,
Phase5_Tail-29-20261001-21:25:17-68,config,,,result-dir,results,
Phase5_Tail-29-20261001-21:25:17-68,config,,,*.queue.frameDuration,10ms,
Phase5_Tail-29-20261001-21:25:17-68,config,,,*.queue.meanType1ServiceTime,0.4166666667ms,
Phase5_Tail-29-20261001-21:25:17-68,config,,,*.queue.deriveDectParametersFromD,true,
Phase5_Tail-29-20261001-21:25:17-68,config,,,*.queue.deriveLambdaFromRho,true,
Phase5_Tail-29-20261001-21:25:17-68,config,,,*.queue.warmupCompletedPackets,200000,
Phase5_Tail-29-20261001-21:25:17-68,config,,,*.queue.targetCompletedPackets,1000000,
Phase5_Tail-29-20261001-21:25:17-68,config,,,*.queue.recordVectors,false,
Phase5_Tail-29-20261001-21:25:17-68,config,,,*.queue.rngIndex,0,
Phase5_Tail-30-20261001-21:25:17-68,runattr,,,configname,Phase5_Tail,
Phase5_Tail-30-20261001-21:25:17-68,runattr,,,datetime,20261001-21:25:17,
Phase5_Tail-30-20261001-21:25:17-68,runattr,,,datetimef,20261001-212517,
Phase5_Tail-30-20261001-21:25:17-68,runattr,,,experiment,Phase5_Tail,
Phase5_Tail-30-20261001-21:25:17-68,runattr,,,inifile,omnetpp.ini,
Phase5_Tail-30-20261001-21:25:17-68,runattr,,,iterationvars,$rho=0.076271186441,
Phase5_Tail-30-20261001-21:25:17-68,runattr,,,iterationvarsd,rho=0.076271186441,
Phase5_Tail-30-20261001-21:25:17-68,runattr,,,iterationvarsf,rho=0.076271186441-,
Phase5_Tail-30-20261001-21:25:17-68,runattr,,,measurement,$rho=0.076271186441,
Phase5_Tail-30-20261001-21:25:17-68,runattr,,,network,dect2020scheduledaccess.DectScheduledAccessNetwork,
Phase5_Tail-30-20261001-21:25:17-68,runattr,,,processid,68,
Phase5_Tail-30-20261001-21:25:17-68,runattr,,,repetition,0,
Phase5_Tail-30-20261001-21:25:17-68,runattr,,,replication,#0,
Phase5_Tail-30-20261001-21:25:17-68,runattr,,,resultdir,results_phase5,
Phase5_Tail-30-20261001-21:25:17-68,runattr,,,runnumber,30,
Phase5_Tail-30-20261001-21:25:17-68,runattr,,,seedset,0,
Phase5_Tail-30-20261001-21:25:17-68,itervar,,,rho,0.076271186441,
Phase5_Tail-30-20261001-21:25:17-68,config,,,result-dir,results_phase5,
Phase5_Tail-30-20261001-21:25:17-68,config,,,repeat,10,
Phase5_Tail-30-20261001-21:25:17-68,config,,,seed-set,0,
Phase5_Tail-30-20261001-21:25:17-68,config,,,*.queue.D,10,
Phase5_Tail-30-20261001-21:25:17-68,config,,,*.queue.r,30,
Phase5_Tail-30-20261001-21:25:17-68,config,,,*.queue.rho,0.076271186441,
Phase5_Tail-30-20261001-21:25:17-68,config,,,*.queue.warmupCompletedPackets,200000,
Phase5_Tail-30-20261001-21:25:17-68,config,,,*.queue.targetCompletedPackets,1000000,
Phase5_Tail-30-20261001-21:25:17-68,config,,,*.queue.recordVectors,false,
Phase5_Tail-30-20261001-21:25:17-68,config,,,*.queue.recordTailStatistics,true,
Phase5_Tail-30-20261001-21:25:17-68,config,,,network,dect2020scheduledaccess.DectScheduledAccessNetwork,
Phase5_Tail-30-20261001-21:25:17-68,config,,,cmdenv-express-mode,true,
Phase5_Tail-30-20261001-21:25:17-68,config,,,cmdenv-status-frequency,10s,
Phase5_Tail-30-20261001-21:25:17-68,config,,,result-dir,results,
Phase5_Tail-30-20261001-21:25:17-68,config,,,*.queue.frameDuration,10ms,
Phase5_Tail-30-20261001-21:25:17-68,config,,,*.queue.meanType1ServiceTime,0.4166666667ms,
Phase5_Tail-30-20261001-21:25:17-68,config,,,*.queue.deriveDectParametersFromD,true,
Phase5_Tail-30-20261001-21:25:17-68,config,,,*.queue.deriveLambdaFromRho,true,
Phase5_Tail-30-20261001-21:25:17-68,config,,,*.queue.warmupCompletedPackets,200000,
Phase5_Tail-30-20261001-21:25:17-68,config,,,*.queue.targetCompletedPackets,1000000,
Phase5_Tail-30-20261001-21:25:17-68,config,,,*.queue.recordVectors,false,
Phase5_Tail-30-20261001-21:25:17-68,config,,,*.queue.rngIndex,0,
Phase5_Tail-31-20261001-21:25:18-68,runattr,,,configname,Phase5_Tail,
Phase5_Tail-31-20261001-21:25:18-68,runattr,,,datetime,20261001-21:25:18,
Phase5_Tail-31-20261001-21:25:18-68,runattr,,,datetimef,20261001-212518,
Phase5_Tail-31-20261001-21:25:18-68,runattr,,,experiment,Phase5_Tail,
Phase5_Tail-31-20261001-21:25:18-68,runattr,,,inifile,omnetpp.ini,
Phase5_Tail-31-20261001-21:25:18-68,runattr,,,iterationvars,$rho=0.076271186441,
Phase5_Tail-31-20261001-21:25:18-68,runattr,,,iterationvarsd,rho=0.076271186441,
Phase5_Tail-31-20261001-21:25:18-68,runattr,,,iterationvarsf,rho=0.076271186441-,
Phase5_Tail-31-20261001-21:25:18-68,runattr,,,measurement,$rho=0.076271186441,
Phase5_Tail-31-20261001-21:25:18-68,runattr,,,network,dect2020scheduledaccess.DectScheduledAccessNetwork,
Phase5_Tail-31-20261001-21:25:18-68,runattr,,,processid,68,
Phase5_Tail-31-20261001-21:25:18-68,runattr,,,repetition,1,
Phase5_Tail-31-20261001-21:25:18-68,runattr,,,replication,#1,
Phase5_Tail-31-20261001-21:25:18-68,runattr,,,resultdir,results_phase5,
Phase5_Tail-31-20261001-21:25:18-68,runattr,,,runnumber,31,
Phase5_Tail-31-20261001-21:25:18-68,runattr,,,seedset,1,
Phase5_Tail-31-20261001-21:25:18-68,itervar,,,rho,0.076271186441,
Phase5_Tail-31-20261001-21:25:18-68,config,,,result-dir,results_phase5,
Phase5_Tail-31-20261001-21:25:18-68,config,,,repeat,10,
Phase5_Tail-31-20261001-21:25:18-68,config,,,seed-set,1,
Phase5_Tail-31-20261001-21:25:18-68,config,,,*.queue.D,10,
Phase5_Tail-31-20261001-21:25:18-68,config,,,*.queue.r,30,
Phase5_Tail-31-20261001-21:25:18-68,config,,,*.queue.rho,0.076271186441,
Phase5_Tail-31-20261001-21:25:18-68,config,,,*.queue.warmupCompletedPackets,200000,
Phase5_Tail-31-20261001-21:25:18-68,config,,,*.queue.targetCompletedPackets,1000000,
Phase5_Tail-31-20261001-21:25:18-68,config,,,*.queue.recordVectors,false,
Phase5_Tail-31-20261001-21:25:18-68,config,,,*.queue.recordTailStatistics,true,
Phase5_Tail-31-20261001-21:25:18-68,config,,,network,dect2020scheduledaccess.DectScheduledAccessNetwork,
Phase5_Tail-31-20261001-21:25:18-68,config,,,cmdenv-express-mode,true,
Phase5_Tail-31-20261001-21:25:18-68,config,,,cmdenv-status-frequency,10s,
Phase5_Tail-31-20261001-21:25:18-68,config,,,result-dir,results,
Phase5_Tail-31-20261001-21:25:18-68,config,,,*.queue.frameDuration,10ms,
Phase5_Tail-31-20261001-21:25:18-68,config,,,*.queue.meanType1ServiceTime,0.4166666667ms,
Phase5_Tail-31-20261001-21:25:18-68,config,,,*.queue.deriveDectParametersFromD,true,
Phase5_Tail-31-20261001-21:25:18-68,config,,,*.queue.deriveLambdaFromRho,true,
Phase5_Tail-31-20261001-21:25:18-68,config,,,*.queue.warmupCompletedPackets,200000,
Phase5_Tail-31-20261001-21:25:18-68,config,,,*.queue.targetCompletedPackets,1000000,
Phase5_Tail-31-20261001-21:25:18-68,config,,,*.queue.recordVectors,false,
Phase5_Tail-31-20261001-21:25:18-68,config,,,*.queue.rngIndex,0,
Phase5_Tail-33-20261001-21:25:18-68,runattr,,,configname,Phase5_Tail,
Phase5_Tail-33-20261001-21:25:18-68,runattr,,,datetime,20261001-21:25:18,
Phase5_Tail-33-20261001-21:25:18-68,runattr,,,datetimef,20261001-212518,
Phase5_Tail-33-20261001-21:25:18-68,runattr,,,experiment,Phase5_Tail,
Phase5_Tail-33-20261001-21:25:18-68,runattr,,,inifile,omnetpp.ini,
Phase5_Tail-33-20261001-21:25:18-68,runattr,,,iterationvars,$rho=0.076271186441,
Phase5_Tail-33-20261001-21:25:18-68,runattr,,,iterationvarsd,rho=0.076271186441,
Phase5_Tail-33-20261001-21:25:18-68,runattr,,,iterationvarsf,rho=0.076271186441-,
Phase5_Tail-33-20261001-21:25:18-68,runattr,,,measurement,$rho=0.076271186441,
Phase5_Tail-33-20261001-21:25:18-68,runattr,,,network,dect2020scheduledaccess.DectScheduledAccessNetwork,
Phase5_Tail-33-20261001-21:25:18-68,runattr,,,processid,68,
Phase5_Tail-33-20261001-21:25:18-68,runattr,,,repetition,3,
Phase5_Tail-33-20261001-21:25:18-68,runattr,,,replication,#3,
Phase5_Tail-33-20261001-21:25:18-68,runattr,,,resultdir,results_phase5,
Phase5_Tail-33-20261001-21:25:18-68,runattr,,,runnumber,33,
Phase5_Tail-33-20261001-21:25:18-68,runattr,,,seedset,3,
Phase5_Tail-33-20261001-21:25:18-68,itervar,,,rho,0.076271186441,
Phase5_Tail-33-20261001-21:25:18-68,config,,,result-dir,results_phase5,
Phase5_Tail-33-20261001-21:25:18-68,config,,,repeat,10,
Phase5_Tail-33-20261001-21:25:18-68,config,,,seed-set,3,
Phase5_Tail-33-20261001-21:25:18-68,config,,,*.queue.D,10,
Phase5_Tail-33-20261001-21:25:18-68,config,,,*.queue.r,30,
Phase5_Tail-33-20261001-21:25:18-68,config,,,*.queue.rho,0.076271186441,
Phase5_Tail-33-20261001-21:25:18-68,config,,,*.queue.warmupCompletedPackets,200000,
Phase5_Tail-33-20261001-21:25:18-68,config,,,*.queue.targetCompletedPackets,1000000,
Phase5_Tail-33-20261001-21:25:18-68,config,,,*.queue.recordVectors,false,
Phase5_Tail-33-20261001-21:25:18-68,config,,,*.queue.recordTailStatistics,true,
Phase5_Tail-33-20261001-21:25:18-68,config,,,network,dect2020scheduledaccess.DectScheduledAccessNetwork,
Phase5_Tail-33-20261001-21:25:18-68,config,,,cmdenv-express-mode,true,
Phase5_Tail-33-20261001-21:25:18-68,config,,,cmdenv-status-frequency,10s,
Phase5_Tail-33-20261001-21:25:18-68,config,,,result-dir,results,
Phase5_Tail-33-20261001-21:25:18-68,config,,,*.queue.frameDuration,10ms,
Phase5_Tail-33-20261001-21:25:18-68,config,,,*.queue.meanType1ServiceTime,0.4166666667ms,
Phase5_Tail-33-20261001-21:25:18-68,config,,,*.queue.deriveDectParametersFromD,true,
Phase5_Tail-33-20261001-21:25:18-68,config,,,*.queue.deriveLambdaFromRho,true,
Phase5_Tail-33-20261001-21:25:18-68,config,,,*.queue.warmupCompletedPackets,200000,
Phase5_Tail-33-20261001-21:25:18-68,config,,,*.queue.targetCompletedPackets,1000000,
Phase5_Tail-33-20261001-21:25:18-68,config,,,*.queue.recordVectors,false,
Phase5_Tail-33-20261001-21:25:18-68,config,,,*.queue.rngIndex,0,
Phase5_Tail-32-20261001-21:25:18-68,runattr,,,configname,Phase5_Tail,
Phase5_Tail-32-20261001-21:25:18-68,runattr,,,datetime,20261001-21:25:18,
Phase5_Tail-32-20261001-21:25:18-68,runattr,,,datetimef,20261001-212518,
Phase5_Tail-32-20261001-21:25:18-68,runattr,,,experiment,Phase5_Tail,
Phase5_Tail-32-20261001-21:25:18-68,runattr,,,inifile,omnetpp.ini,
Phase5_Tail-32-20261001-21:25:18-68,runattr,,,iterationvars,$rho=0.076271186441,
Phase5_Tail-32-20261001-21:25:18-68,runattr,,,iterationvarsd,rho=0.076271186441,
Phase5_Tail-32-20261001-21:25:18-68,runattr,,,iterationvarsf,rho=0.076271186441-,
Phase5_Tail-32-20261001-21:25:18-68,runattr,,,measurement,$rho=0.076271186441,
Phase5_Tail-32-20261001-21:25:18-68,runattr,,,network,dect2020scheduledaccess.DectScheduledAccessNetwork,
Phase5_Tail-32-20261001-21:25:18-68,runattr,,,processid,68,
Phase5_Tail-32-20261001-21:25:18-68,runattr,,,repetition,2,
Phase5_Tail-32-20261001-21:25:18-68,runattr,,,replication,#2,
Phase5_Tail-32-20261001-21:25:18-68,runattr,,,resultdir,results_phase5,
Phase5_Tail-32-20261001-21:25:18-68,runattr,,,runnumber,32,
Phase5_Tail-32-20261001-21:25:18-68,runattr,,,seedset,2,
Phase5_Tail-32-20261001-21:25:18-68,itervar,,,rho,0.076271186441,
Phase5_Tail-32-20261001-21:25:18-68,config,,,result-dir,results_phase5,
Phase5_Tail-32-20261001-21:25:18-68,config,,,repeat,10,
Phase5_Tail-32-20261001-21:25:18-68,config,,,seed-set,2,
Phase5_Tail-32-20261001-21:25:18-68,config,,,*.queue.D,10,
Phase5_Tail-32-20261001-21:25:18-68,config,,,*.queue.r,30,
Phase5_Tail-32-20261001-21:25:18-68,config,,,*.queue.rho,0.076271186441,
Phase5_Tail-32-20261001-21:25:18-68,config,,,*.queue.warmupCompletedPackets,200000,
Phase5_Tail-32-20261001-21:25:18-68,config,,,*.queue.targetCompletedPackets,1000000,
Phase5_Tail-32-20261001-21:25:18-68,config,,,*.queue.recordVectors,false,
Phase5_Tail-32-20261001-21:25:18-68,config,,,*.queue.recordTailStatistics,true,
Phase5_Tail-32-20261001-21:25:18-68,config,,,network,dect2020scheduledaccess.DectScheduledAccessNetwork,
Phase5_Tail-32-20261001-21:25:18-68,config,,,cmdenv-express-mode,true,
Phase5_Tail-32-20261001-21:25:18-68,config,,,cmdenv-status-frequency,10s,
Phase5_Tail-32-20261001-21:25:18-68,config,,,result-dir,results,
Phase5_Tail-32-20261001-21:25:18-68,config,,,*.queue.frameDuration,10ms,
Phase5_Tail-32-20261001-21:25:18-68,config,,,*.queue.meanType1ServiceTime,0.4166666667ms,
Phase5_Tail-32-20261001-21:25:18-68,config,,,*.queue.deriveDectParametersFromD,true,
Phase5_Tail-32-20261001-21:25:18-68,config,,,*.queue.deriveLambdaFromRho,true,
Phase5_Tail-32-20261001-21:25:18-68,config,,,*.queue.warmupCompletedPackets,200000,
Phase5_Tail-32-20261001-21:25:18-68,config,,,*.queue.targetCompletedPackets,1000000,
Phase5_Tail-32-20261001-21:25:18-68,config,,,*.queue.recordVectors,false,
Phase5_Tail-32-20261001-21:25:18-68,config,,,*.queue.rngIndex,0,
Phase5_Tail-34-20261001-21:25:19-68,runattr,,,configname,Phase5_Tail,
Phase5_Tail-34-20261001-21:25:19-68,runattr,,,datetime,20261001-21:25:19,
Phase5_Tail-34-20261001-21:25:19-68,runattr,,,datetimef,20261001-212519,
Phase5_Tail-34-20261001-21:25:19-68,runattr,,,experiment,Phase5_Tail,
Phase5_Tail-34-20261001-21:25:19-68,runattr,,,inifile,omnetpp.ini,
Phase5_Tail-34-20261001-21:25:19-68,runattr,,,iterationvars,$rho=0.076271186441,
Phase5_Tail-34-20261001-21:25:19-68,runattr,,,iterationvarsd,rho=0.076271186441,
Phase5_Tail-34-20261001-21:25:19-68,runattr,,,iterationvarsf,rho=0.076271186441-,
Phase5_Tail-34-20261001-21:25:19-68,runattr,,,measurement,$rho=0.076271186441,
Phase5_Tail-34-20261001-21:25:19-68,runattr,,,network,dect2020scheduledaccess.DectScheduledAccessNetwork,
Phase5_Tail-34-20261001-21:25:19-68,runattr,,,processid,68,
Phase5_Tail-34-20261001-21:25:19-68,runattr,,,repetition,4,
Phase5_Tail-34-20261001-21:25:19-68,runattr,,,replication,#4,
Phase5_Tail-34-20261001-21:25:19-68,runattr,,,resultdir,results_phase5,
Phase5_Tail-34-20261001-21:25:19-68,runattr,,,runnumber,34,
Phase5_Tail-34-20261001-21:25:19-68,runattr,,,seedset,4,
Phase5_Tail-34-20261001-21:25:19-68,itervar,,,rho,0.076271186441,
Phase5_Tail-34-20261001-21:25:19-68,config,,,result-dir,results_phase5,
Phase5_Tail-34-20261001-21:25:19-68,config,,,repeat,10,
Phase5_Tail-34-20261001-21:25:19-68,config,,,seed-set,4,
Phase5_Tail-34-20261001-21:25:19-68,config,,,*.queue.D,10,
Phase5_Tail-34-20261001-21:25:19-68,config,,,*.queue.r,30,
Phase5_Tail-34-20261001-21:25:19-68,config,,,*.queue.rho,0.076271186441,
Phase5_Tail-34-20261001-21:25:19-68,config,,,*.queue.warmupCompletedPackets,200000,
Phase5_Tail-34-20261001-21:25:19-68,config,,,*.queue.targetCompletedPackets,1000000,
Phase5_Tail-34-20261001-21:25:19-68,config,,,*.queue.recordVectors,false,
Phase5_Tail-34-20261001-21:25:19-68,config,,,*.queue.recordTailStatistics,true,
Phase5_Tail-34-20261001-21:25:19-68,config,,,network,dect2020scheduledaccess.DectScheduledAccessNetwork,
Phase5_Tail-34-20261001-21:25:19-68,config,,,cmdenv-express-mode,true,
Phase5_Tail-34-20261001-21:25:19-68,config,,,cmdenv-status-frequency,10s,
Phase5_Tail-34-20261001-21:25:19-68,config,,,result-dir,results,
Phase5_Tail-34-20261001-21:25:19-68,config,,,*.queue.frameDuration,10ms,
Phase5_Tail-34-20261001-21:25:19-68,config,,,*.queue.meanType1ServiceTime,0.4166666667ms,
Phase5_Tail-34-20261001-21:25:19-68,config,,,*.queue.deriveDectParametersFromD,true,
Phase5_Tail-34-20261001-21:25:19-68,config,,,*.queue.deriveLambdaFromRho,true,
Phase5_Tail-34-20261001-21:25:19-68,config,,,*.queue.warmupCompletedPackets,200000,
Phase5_Tail-34-20261001-21:25:19-68,config,,,*.queue.targetCompletedPackets,1000000,
Phase5_Tail-34-20261001-21:25:19-68,config,,,*.queue.recordVectors,false,
Phase5_Tail-34-20261001-21:25:19-68,config,,,*.queue.rngIndex,0,
Phase5_Tail-35-20261001-21:25:19-68,runattr,,,configname,Phase5_Tail,
Phase5_Tail-35-20261001-21:25:19-68,runattr,,,datetime,20261001-21:25:19,
Phase5_Tail-35-20261001-21:25:19-68,runattr,,,datetimef,20261001-212519,
Phase5_Tail-35-20261001-21:25:19-68,runattr,,,experiment,Phase5_Tail,
Phase5_Tail-35-20261001-21:25:19-68,runattr,,,inifile,omnetpp.ini,
Phase5_Tail-35-20261001-21:25:19-68,runattr,,,iterationvars,$rho=0.076271186441,
Phase5_Tail-35-20261001-21:25:19-68,runattr,,,iterationvarsd,rho=0.076271186441,
Phase5_Tail-35-20261001-21:25:19-68,runattr,,,iterationvarsf,rho=0.076271186441-,
Phase5_Tail-35-20261001-21:25:19-68,runattr,,,measurement,$rho=0.076271186441,
Phase5_Tail-35-20261001-21:25:19-68,runattr,,,network,dect2020scheduledaccess.DectScheduledAccessNetwork,
Phase5_Tail-35-20261001-21:25:19-68,runattr,,,processid,68,
Phase5_Tail-35-20261001-21:25:19-68,runattr,,,repetition,5,
Phase5_Tail-35-20261001-21:25:19-68,runattr,,,replication,#5,
Phase5_Tail-35-20261001-21:25:19-68,runattr,,,resultdir,results_phase5,
Phase5_Tail-35-20261001-21:25:19-68,runattr,,,runnumber,35,
Phase5_Tail-35-20261001-21:25:19-68,runattr,,,seedset,5,
Phase5_Tail-35-20261001-21:25:19-68,itervar,,,rho,0.076271186441,
Phase5_Tail-35-20261001-21:25:19-68,config,,,result-dir,results_phase5,
Phase5_Tail-35-20261001-21:25:19-68,config,,,repeat,10,
Phase5_Tail-35-20261001-21:25:19-68,config,,,seed-set,5,
Phase5_Tail-35-20261001-21:25:19-68,config,,,*.queue.D,10,
Phase5_Tail-35-20261001-21:25:19-68,config,,,*.queue.r,30,
Phase5_Tail-35-20261001-21:25:19-68,config,,,*.queue.rho,0.076271186441,
Phase5_Tail-35-20261001-21:25:19-68,config,,,*.queue.warmupCompletedPackets,200000,
Phase5_Tail-35-20261001-21:25:19-68,config,,,*.queue.targetCompletedPackets,1000000,
Phase5_Tail-35-20261001-21:25:19-68,config,,,*.queue.recordVectors,false,
Phase5_Tail-35-20261001-21:25:19-68,config,,,*.queue.recordTailStatistics,true,
Phase5_Tail-35-20261001-21:25:19-68,config,,,network,dect2020scheduledaccess.DectScheduledAccessNetwork,
Phase5_Tail-35-20261001-21:25:19-68,config,,,cmdenv-express-mode,true,
Phase5_Tail-35-20261001-21:25:19-68,config,,,cmdenv-status-frequency,10s,
Phase5_Tail-35-20261001-21:25:19-68,config,,,result-dir,results,
Phase5_Tail-35-20261001-21:25:19-68,config,,,*.queue.frameDuration,10ms,
Phase5_Tail-35-20261001-21:25:19-68,config,,,*.queue.meanType1ServiceTime,0.4166666667ms,
Phase5_Tail-35-20261001-21:25:19-68,config,,,*.queue.deriveDectParametersFromD,true,
Phase5_Tail-35-20261001-21:25:19-68,config,,,*.queue.deriveLambdaFromRho,true,
Phase5_Tail-35-20261001-21:25:19-68,config,,,*.queue.warmupCompletedPackets,200000,
Phase5_Tail-35-20261001-21:25:19-68,config,,,*.queue.targetCompletedPackets,1000000,
Phase5_Tail-35-20261001-21:25:19-68,config,,,*.queue.recordVectors,false,
Phase5_Tail-35-20261001-21:25:19-68,config,,,*.queue.rngIndex,0,
Phase5_Tail-36-20261001-21:25:19-68,runattr,,,configname,Phase5_Tail,
Phase5_Tail-36-20261001-21:25:19-68,runattr,,,datetime,20261001-21:25:19,
Phase5_Tail-36-20261001-21:25:19-68,runattr,,,datetimef,20261001-212519,
Phase5_Tail-36-20261001-21:25:19-68,runattr,,,experiment,Phase5_Tail,
Phase5_Tail-36-20261001-21:25:19-68,runattr,,,inifile,omnetpp.ini,
Phase5_Tail-36-20261001-21:25:19-68,runattr,,,iterationvars,$rho=0.076271186441,
Phase5_Tail-36-20261001-21:25:19-68,runattr,,,iterationvarsd,rho=0.076271186441,
Phase5_Tail-36-20261001-21:25:19-68,runattr,,,iterationvarsf,rho=0.076271186441-,
Phase5_Tail-36-20261001-21:25:19-68,runattr,,,measurement,$rho=0.076271186441,
Phase5_Tail-36-20261001-21:25:19-68,runattr,,,network,dect2020scheduledaccess.DectScheduledAccessNetwork,
Phase5_Tail-36-20261001-21:25:19-68,runattr,,,processid,68,
Phase5_Tail-36-20261001-21:25:19-68,runattr,,,repetition,6,
Phase5_Tail-36-20261001-21:25:19-68,runattr,,,replication,#6,
Phase5_Tail-36-20261001-21:25:19-68,runattr,,,resultdir,results_phase5,
Phase5_Tail-36-20261001-21:25:19-68,runattr,,,runnumber,36,
Phase5_Tail-36-20261001-21:25:19-68,runattr,,,seedset,6,
Phase5_Tail-36-20261001-21:25:19-68,itervar,,,rho,0.076271186441,
Phase5_Tail-36-20261001-21:25:19-68,config,,,result-dir,results_phase5,
Phase5_Tail-36-20261001-21:25:19-68,config,,,repeat,10,
Phase5_Tail-36-20261001-21:25:19-68,config,,,seed-set,6,
Phase5_Tail-36-20261001-21:25:19-68,config,,,*.queue.D,10,
Phase5_Tail-36-20261001-21:25:19-68,config,,,*.queue.r,30,
Phase5_Tail-36-20261001-21:25:19-68,config,,,*.queue.rho,0.076271186441,
Phase5_Tail-36-20261001-21:25:19-68,config,,,*.queue.warmupCompletedPackets,200000,
Phase5_Tail-36-20261001-21:25:19-68,config,,,*.queue.targetCompletedPackets,1000000,
Phase5_Tail-36-20261001-21:25:19-68,config,,,*.queue.recordVectors,false,
Phase5_Tail-36-20261001-21:25:19-68,config,,,*.queue.recordTailStatistics,true,
Phase5_Tail-36-20261001-21:25:19-68,config,,,network,dect2020scheduledaccess.DectScheduledAccessNetwork,
Phase5_Tail-36-20261001-21:25:19-68,config,,,cmdenv-express-mode,true,
Phase5_Tail-36-20261001-21:25:19-68,config,,,cmdenv-status-frequency,10s,
Phase5_Tail-36-20261001-21:25:19-68,config,,,result-dir,results,
Phase5_Tail-36-20261001-21:25:19-68,config,,,*.queue.frameDuration,10ms,
Phase5_Tail-36-20261001-21:25:19-68,config,,,*.queue.meanType1ServiceTime,0.4166666667ms,
Phase5_Tail-36-20261001-21:25:19-68,config,,,*.queue.deriveDectParametersFromD,true,
Phase5_Tail-36-20261001-21:25:19-68,config,,,*.queue.deriveLambdaFromRho,true,
Phase5_Tail-36-20261001-21:25:19-68,config,,,*.queue.warmupCompletedPackets,200000,
Phase5_Tail-36-20261001-21:25:19-68,config,,,*.queue.targetCompletedPackets,1000000,
Phase5_Tail-36-20261001-21:25:19-68,config,,,*.queue.recordVectors,false,
Phase5_Tail-36-20261001-21:25:19-68,config,,,*.queue.rngIndex,0,
Phase5_Tail-37-20261001-21:25:20-68,runattr,,,configname,Phase5_Tail,
Phase5_Tail-37-20261001-21:25:20-68,runattr,,,datetime,20261001-21:25:20,
Phase5_Tail-37-20261001-21:25:20-68,runattr,,,datetimef,20261001-212520,
Phase5_Tail-37-20261001-21:25:20-68,runattr,,,experiment,Phase5_Tail,
Phase5_Tail-37-20261001-21:25:20-68,runattr,,,inifile,omnetpp.ini,
Phase5_Tail-37-20261001-21:25:20-68,runattr,,,iterationvars,$rho=0.076271186441,
Phase5_Tail-37-20261001-21:25:20-68,runattr,,,iterationvarsd,rho=0.076271186441,
Phase5_Tail-37-20261001-21:25:20-68,runattr,,,iterationvarsf,rho=0.076271186441-,
Phase5_Tail-37-20261001-21:25:20-68,runattr,,,measurement,$rho=0.076271186441,
Phase5_Tail-37-20261001-21:25:20-68,runattr,,,network,dect2020scheduledaccess.DectScheduledAccessNetwork,
Phase5_Tail-37-20261001-21:25:20-68,runattr,,,processid,68,
Phase5_Tail-37-20261001-21:25:20-68,runattr,,,repetition,7,
Phase5_Tail-37-20261001-21:25:20-68,runattr,,,replication,#7,
Phase5_Tail-37-20261001-21:25:20-68,runattr,,,resultdir,results_phase5,
Phase5_Tail-37-20261001-21:25:20-68,runattr,,,runnumber,37,
Phase5_Tail-37-20261001-21:25:20-68,runattr,,,seedset,7,
Phase5_Tail-37-20261001-21:25:20-68,itervar,,,rho,0.076271186441,
Phase5_Tail-37-20261001-21:25:20-68,config,,,result-dir,results_phase5,
Phase5_Tail-37-20261001-21:25:20-68,config,,,repeat,10,
Phase5_Tail-37-20261001-21:25:20-68,config,,,seed-set,7,
Phase5_Tail-37-20261001-21:25:20-68,config,,,*.queue.D,10,
Phase5_Tail-37-20261001-21:25:20-68,config,,,*.queue.r,30,
Phase5_Tail-37-20261001-21:25:20-68,config,,,*.queue.rho,0.076271186441,
Phase5_Tail-37-20261001-21:25:20-68,config,,,*.queue.warmupCompletedPackets,200000,
Phase5_Tail-37-20261001-21:25:20-68,config,,,*.queue.targetCompletedPackets,1000000,
Phase5_Tail-37-20261001-21:25:20-68,config,,,*.queue.recordVectors,false,
Phase5_Tail-37-20261001-21:25:20-68,config,,,*.queue.recordTailStatistics,true,
Phase5_Tail-37-20261001-21:25:20-68,config,,,network,dect2020scheduledaccess.DectScheduledAccessNetwork,
Phase5_Tail-37-20261001-21:25:20-68,config,,,cmdenv-express-mode,true,
Phase5_Tail-37-20261001-21:25:20-68,config,,,cmdenv-status-frequency,10s,
Phase5_Tail-37-20261001-21:25:20-68,config,,,result-dir,results,
Phase5_Tail-37-20261001-21:25:20-68,config,,,*.queue.frameDuration,10ms,
Phase5_Tail-37-20261001-21:25:20-68,config,,,*.queue.meanType1ServiceTime,0.4166666667ms,
Phase5_Tail-37-20261001-21:25:20-68,config,,,*.queue.deriveDectParametersFromD,true,
Phase5_Tail-37-20261001-21:25:20-68,config,,,*.queue.deriveLambdaFromRho,true,
Phase5_Tail-37-20261001-21:25:20-68,config,,,*.queue.warmupCompletedPackets,200000,
Phase5_Tail-37-20261001-21:25:20-68,config,,,*.queue.targetCompletedPackets,1000000,
Phase5_Tail-37-20261001-21:25:20-68,config,,,*.queue.recordVectors,false,
Phase5_Tail-37-20261001-21:25:20-68,config,,,*.queue.rngIndex,0,
Phase5_Tail-38-20261001-21:25:20-68,runattr,,,configname,Phase5_Tail,
Phase5_Tail-38-20261001-21:25:20-68,runattr,,,datetime,20261001-21:25:20,
Phase5_Tail-38-20261001-21:25:20-68,runattr,,,datetimef,20261001-212520,
Phase5_Tail-38-20261001-21:25:20-68,runattr,,,experiment,Phase5_Tail,
Phase5_Tail-38-20261001-21:25:20-68,runattr,,,inifile,omnetpp.ini,
Phase5_Tail-38-20261001-21:25:20-68,runattr,,,iterationvars,$rho=0.076271186441,
Phase5_Tail-38-20261001-21:25:20-68,runattr,,,iterationvarsd,rho=0.076271186441,
Phase5_Tail-38-20261001-21:25:20-68,runattr,,,iterationvarsf,rho=0.076271186441-,
Phase5_Tail-38-20261001-21:25:20-68,runattr,,,measurement,$rho=0.076271186441,
Phase5_Tail-38-20261001-21:25:20-68,runattr,,,network,dect2020scheduledaccess.DectScheduledAccessNetwork,
Phase5_Tail-38-20261001-21:25:20-68,runattr,,,processid,68,
Phase5_Tail-38-20261001-21:25:20-68,runattr,,,repetition,8,
Phase5_Tail-38-20261001-21:25:20-68,runattr,,,replication,#8,
Phase5_Tail-38-20261001-21:25:20-68,runattr,,,resultdir,results_phase5,
Phase5_Tail-38-20261001-21:25:20-68,runattr,,,runnumber,38,
Phase5_Tail-38-20261001-21:25:20-68,runattr,,,seedset,8,
Phase5_Tail-38-20261001-21:25:20-68,itervar,,,rho,0.076271186441,
Phase5_Tail-38-20261001-21:25:20-68,config,,,result-dir,results_phase5,
Phase5_Tail-38-20261001-21:25:20-68,config,,,repeat,10,
Phase5_Tail-38-20261001-21:25:20-68,config,,,seed-set,8,
Phase5_Tail-38-20261001-21:25:20-68,config,,,*.queue.D,10,
Phase5_Tail-38-20261001-21:25:20-68,config,,,*.queue.r,30,
Phase5_Tail-38-20261001-21:25:20-68,config,,,*.queue.rho,0.076271186441,
Phase5_Tail-38-20261001-21:25:20-68,config,,,*.queue.warmupCompletedPackets,200000,
Phase5_Tail-38-20261001-21:25:20-68,config,,,*.queue.targetCompletedPackets,1000000,
Phase5_Tail-38-20261001-21:25:20-68,config,,,*.queue.recordVectors,false,
Phase5_Tail-38-20261001-21:25:20-68,config,,,*.queue.recordTailStatistics,true,
Phase5_Tail-38-20261001-21:25:20-68,config,,,network,dect2020scheduledaccess.DectScheduledAccessNetwork,
Phase5_Tail-38-20261001-21:25:20-68,config,,,cmdenv-express-mode,true,
Phase5_Tail-38-20261001-21:25:20-68,config,,,cmdenv-status-frequency,10s,
Phase5_Tail-38-20261001-21:25:20-68,config,,,result-dir,results,
Phase5_Tail-38-20261001-21:25:20-68,config,,,*.queue.frameDuration,10ms,
Phase5_Tail-38-20261001-21:25:20-68,config,,,*.queue.meanType1ServiceTime,0.4166666667ms,
Phase5_Tail-38-20261001-21:25:20-68,config,,,*.queue.deriveDectParametersFromD,true,
Phase5_Tail-38-20261001-21:25:20-68,config,,,*.queue.deriveLambdaFromRho,true,
Phase5_Tail-38-20261001-21:25:20-68,config,,,*.queue.warmupCompletedPackets,200000,
Phase5_Tail-38-20261001-21:25:20-68,config,,,*.queue.targetCompletedPackets,1000000,
Phase5_Tail-38-20261001-21:25:20-68,config,,,*.queue.recordVectors,false,
Phase5_Tail-38-20261001-21:25:20-68,config,,,*.queue.rngIndex,0,
Phase5_Tail-39-20261001-21:25:20-68,runattr,,,configname,Phase5_Tail,
Phase5_Tail-39-20261001-21:25:20-68,runattr,,,datetime,20261001-21:25:20,
Phase5_Tail-39-20261001-21:25:20-68,runattr,,,datetimef,20261001-212520,
Phase5_Tail-39-20261001-21:25:20-68,runattr,,,experiment,Phase5_Tail,
Phase5_Tail-39-20261001-21:25:20-68,runattr,,,inifile,omnetpp.ini,
Phase5_Tail-39-20261001-21:25:20-68,runattr,,,iterationvars,$rho=0.076271186441,
Phase5_Tail-39-20261001-21:25:20-68,runattr,,,iterationvarsd,rho=0.076271186441,
Phase5_Tail-39-20261001-21:25:20-68,runattr,,,iterationvarsf,rho=0.076271186441-,
Phase5_Tail-39-20261001-21:25:20-68,runattr,,,measurement,$rho=0.076271186441,
Phase5_Tail-39-20261001-21:25:20-68,runattr,,,network,dect2020scheduledaccess.DectScheduledAccessNetwork,
Phase5_Tail-39-20261001-21:25:20-68,runattr,,,processid,68,
Phase5_Tail-39-20261001-21:25:20-68,runattr,,,repetition,9,
Phase5_Tail-39-20261001-21:25:20-68,runattr,,,replication,#9,
Phase5_Tail-39-20261001-21:25:20-68,runattr,,,resultdir,results_phase5,
Phase5_Tail-39-20261001-21:25:20-68,runattr,,,runnumber,39,
Phase5_Tail-39-20261001-21:25:20-68,runattr,,,seedset,9,
Phase5_Tail-39-20261001-21:25:20-68,itervar,,,rho,0.076271186441,
Phase5_Tail-39-20261001-21:25:20-68,config,,,result-dir,results_phase5,
Phase5_Tail-39-20261001-21:25:20-68,config,,,repeat,10,
Phase5_Tail-39-20261001-21:25:20-68,config,,,seed-set,9,
Phase5_Tail-39-20261001-21:25:20-68,config,,,*.queue.D,10,
Phase5_Tail-39-20261001-21:25:20-68,config,,,*.queue.r,30,
Phase5_Tail-39-20261001-21:25:20-68,config,,,*.queue.rho,0.076271186441,
Phase5_Tail-39-20261001-21:25:20-68,config,,,*.queue.warmupCompletedPackets,200000,
Phase5_Tail-39-20261001-21:25:20-68,config,,,*.queue.targetCompletedPackets,1000000,
Phase5_Tail-39-20261001-21:25:20-68,config,,,*.queue.recordVectors,false,
Phase5_Tail-39-20261001-21:25:20-68,config,,,*.queue.recordTailStatistics,true,
Phase5_Tail-39-20261001-21:25:20-68,config,,,network,dect2020scheduledaccess.DectScheduledAccessNetwork,
Phase5_Tail-39-20261001-21:25:20-68,config,,,cmdenv-express-mode,true,
Phase5_Tail-39-20261001-21:25:20-68,config,,,cmdenv-status-frequency,10s,
Phase5_Tail-39-20261001-21:25:20-68,config,,,result-dir,results,
Phase5_Tail-39-20261001-21:25:20-68,config,,,*.queue.frameDuration,10ms,
Phase5_Tail-39-20261001-21:25:20-68,config,,,*.queue.meanType1ServiceTime,0.4166666667ms,
Phase5_Tail-39-20261001-21:25:20-68,config,,,*.queue.deriveDectParametersFromD,true,
Phase5_Tail-39-20261001-21:25:20-68,config,,,*.queue.deriveLambdaFromRho,true,
Phase5_Tail-39-20261001-21:25:20-68,config,,,*.queue.warmupCompletedPackets,200000,
Phase5_Tail-39-20261001-21:25:20-68,config,,,*.queue.targetCompletedPackets,1000000,
Phase5_Tail-39-20261001-21:25:20-68,config,,,*.queue.recordVectors,false,
Phase5_Tail-39-20261001-21:25:20-68,config,,,*.queue.rngIndex,0,
Phase5_Tail-40-20261001-21:25:21-68,runattr,,,configname,Phase5_Tail,
Phase5_Tail-40-20261001-21:25:21-68,runattr,,,datetime,20261001-21:25:21,
Phase5_Tail-40-20261001-21:25:21-68,runattr,,,datetimef,20261001-212521,
Phase5_Tail-40-20261001-21:25:21-68,runattr,,,experiment,Phase5_Tail,
Phase5_Tail-40-20261001-21:25:21-68,runattr,,,inifile,omnetpp.ini,
Phase5_Tail-40-20261001-21:25:21-68,runattr,,,iterationvars,$rho=0.084745762712,
Phase5_Tail-40-20261001-21:25:21-68,runattr,,,iterationvarsd,rho=0.084745762712,
Phase5_Tail-40-20261001-21:25:21-68,runattr,,,iterationvarsf,rho=0.084745762712-,
Phase5_Tail-40-20261001-21:25:21-68,runattr,,,measurement,$rho=0.084745762712,
Phase5_Tail-40-20261001-21:25:21-68,runattr,,,network,dect2020scheduledaccess.DectScheduledAccessNetwork,
Phase5_Tail-40-20261001-21:25:21-68,runattr,,,processid,68,
Phase5_Tail-40-20261001-21:25:21-68,runattr,,,repetition,0,
Phase5_Tail-40-20261001-21:25:21-68,runattr,,,replication,#0,
Phase5_Tail-40-20261001-21:25:21-68,runattr,,,resultdir,results_phase5,
Phase5_Tail-40-20261001-21:25:21-68,runattr,,,runnumber,40,
Phase5_Tail-40-20261001-21:25:21-68,runattr,,,seedset,0,
Phase5_Tail-40-20261001-21:25:21-68,itervar,,,rho,0.084745762712,
Phase5_Tail-40-20261001-21:25:21-68,config,,,result-dir,results_phase5,
Phase5_Tail-40-20261001-21:25:21-68,config,,,repeat,10,
Phase5_Tail-40-20261001-21:25:21-68,config,,,seed-set,0,
Phase5_Tail-40-20261001-21:25:21-68,config,,,*.queue.D,10,
Phase5_Tail-40-20261001-21:25:21-68,config,,,*.queue.r,30,
Phase5_Tail-40-20261001-21:25:21-68,config,,,*.queue.rho,0.084745762712,
Phase5_Tail-40-20261001-21:25:21-68,config,,,*.queue.warmupCompletedPackets,200000,
Phase5_Tail-40-20261001-21:25:21-68,config,,,*.queue.targetCompletedPackets,1000000,
Phase5_Tail-40-20261001-21:25:21-68,config,,,*.queue.recordVectors,false,
Phase5_Tail-40-20261001-21:25:21-68,config,,,*.queue.recordTailStatistics,true,
Phase5_Tail-40-20261001-21:25:21-68,config,,,network,dect2020scheduledaccess.DectScheduledAccessNetwork,
Phase5_Tail-40-20261001-21:25:21-68,config,,,cmdenv-express-mode,true,
Phase5_Tail-40-20261001-21:25:21-68,config,,,cmdenv-status-frequency,10s,
Phase5_Tail-40-20261001-21:25:21-68,config,,,result-dir,results,
Phase5_Tail-40-20261001-21:25:21-68,config,,,*.queue.frameDuration,10ms,
Phase5_Tail-40-20261001-21:25:21-68,config,,,*.queue.meanType1ServiceTime,0.4166666667ms,
Phase5_Tail-40-20261001-21:25:21-68,config,,,*.queue.deriveDectParametersFromD,true,
Phase5_Tail-40-20261001-21:25:21-68,config,,,*.queue.deriveLambdaFromRho,true,
Phase5_Tail-40-20261001-21:25:21-68,config,,,*.queue.warmupCompletedPackets,200000,
Phase5_Tail-40-20261001-21:25:21-68,config,,,*.queue.targetCompletedPackets,1000000,
Phase5_Tail-40-20261001-21:25:21-68,config,,,*.queue.recordVectors,false,
Phase5_Tail-40-20261001-21:25:21-68,config,,,*.queue.rngIndex,0,
Phase5_Tail-41-20261001-21:25:21-68,runattr,,,configname,Phase5_Tail,
Phase5_Tail-41-20261001-21:25:21-68,runattr,,,datetime,20261001-21:25:21,
Phase5_Tail-41-20261001-21:25:21-68,runattr,,,datetimef,20261001-212521,
Phase5_Tail-41-20261001-21:25:21-68,runattr,,,experiment,Phase5_Tail,
Phase5_Tail-41-20261001-21:25:21-68,runattr,,,inifile,omnetpp.ini,
Phase5_Tail-41-20261001-21:25:21-68,runattr,,,iterationvars,$rho=0.084745762712,
Phase5_Tail-41-20261001-21:25:21-68,runattr,,,iterationvarsd,rho=0.084745762712,
Phase5_Tail-41-20261001-21:25:21-68,runattr,,,iterationvarsf,rho=0.084745762712-,
Phase5_Tail-41-20261001-21:25:21-68,runattr,,,measurement,$rho=0.084745762712,
Phase5_Tail-41-20261001-21:25:21-68,runattr,,,network,dect2020scheduledaccess.DectScheduledAccessNetwork,
Phase5_Tail-41-20261001-21:25:21-68,runattr,,,processid,68,
Phase5_Tail-41-20261001-21:25:21-68,runattr,,,repetition,1,
Phase5_Tail-41-20261001-21:25:21-68,runattr,,,replication,#1,
Phase5_Tail-41-20261001-21:25:21-68,runattr,,,resultdir,results_phase5,
Phase5_Tail-41-20261001-21:25:21-68,runattr,,,runnumber,41,
Phase5_Tail-41-20261001-21:25:21-68,runattr,,,seedset,1,
Phase5_Tail-41-20261001-21:25:21-68,itervar,,,rho,0.084745762712,
Phase5_Tail-41-20261001-21:25:21-68,config,,,result-dir,results_phase5,
Phase5_Tail-41-20261001-21:25:21-68,config,,,repeat,10,
Phase5_Tail-41-20261001-21:25:21-68,config,,,seed-set,1,
Phase5_Tail-41-20261001-21:25:21-68,config,,,*.queue.D,10,
Phase5_Tail-41-20261001-21:25:21-68,config,,,*.queue.r,30,
Phase5_Tail-41-20261001-21:25:21-68,config,,,*.queue.rho,0.084745762712,
Phase5_Tail-41-20261001-21:25:21-68,config,,,*.queue.warmupCompletedPackets,200000,
Phase5_Tail-41-20261001-21:25:21-68,config,,,*.queue.targetCompletedPackets,1000000,
Phase5_Tail-41-20261001-21:25:21-68,config,,,*.queue.recordVectors,false,
Phase5_Tail-41-20261001-21:25:21-68,config,,,*.queue.recordTailStatistics,true,
Phase5_Tail-41-20261001-21:25:21-68,config,,,network,dect2020scheduledaccess.DectScheduledAccessNetwork,
Phase5_Tail-41-20261001-21:25:21-68,config,,,cmdenv-express-mode,true,
Phase5_Tail-41-20261001-21:25:21-68,config,,,cmdenv-status-frequency,10s,
Phase5_Tail-41-20261001-21:25:21-68,config,,,result-dir,results,
Phase5_Tail-41-20261001-21:25:21-68,config,,,*.queue.frameDuration,10ms,
Phase5_Tail-41-20261001-21:25:21-68,config,,,*.queue.meanType1ServiceTime,0.4166666667ms,
Phase5_Tail-41-20261001-21:25:21-68,config,,,*.queue.deriveDectParametersFromD,true,
Phase5_Tail-41-20261001-21:25:21-68,config,,,*.queue.deriveLambdaFromRho,true,
Phase5_Tail-41-20261001-21:25:21-68,config,,,*.queue.warmupCompletedPackets,200000,
Phase5_Tail-41-20261001-21:25:21-68,config,,,*.queue.targetCompletedPackets,1000000,
Phase5_Tail-41-20261001-21:25:21-68,config,,,*.queue.recordVectors,false,
Phase5_Tail-41-20261001-21:25:21-68,config,,,*.queue.rngIndex,0,
Phase5_Tail-42-20261001-21:25:21-68,runattr,,,configname,Phase5_Tail,
Phase5_Tail-42-20261001-21:25:21-68,runattr,,,datetime,20261001-21:25:21,
Phase5_Tail-42-20261001-21:25:21-68,runattr,,,datetimef,20261001-212521,
Phase5_Tail-42-20261001-21:25:21-68,runattr,,,experiment,Phase5_Tail,
Phase5_Tail-42-20261001-21:25:21-68,runattr,,,inifile,omnetpp.ini,
Phase5_Tail-42-20261001-21:25:21-68,runattr,,,iterationvars,$rho=0.084745762712,
Phase5_Tail-42-20261001-21:25:21-68,runattr,,,iterationvarsd,rho=0.084745762712,
Phase5_Tail-42-20261001-21:25:21-68,runattr,,,iterationvarsf,rho=0.084745762712-,
Phase5_Tail-42-20261001-21:25:21-68,runattr,,,measurement,$rho=0.084745762712,
Phase5_Tail-42-20261001-21:25:21-68,runattr,,,network,dect2020scheduledaccess.DectScheduledAccessNetwork,
Phase5_Tail-42-20261001-21:25:21-68,runattr,,,processid,68,
Phase5_Tail-42-20261001-21:25:21-68,runattr,,,repetition,2,
Phase5_Tail-42-20261001-21:25:21-68,runattr,,,replication,#2,
Phase5_Tail-42-20261001-21:25:21-68,runattr,,,resultdir,results_phase5,
Phase5_Tail-42-20261001-21:25:21-68,runattr,,,runnumber,42,
Phase5_Tail-42-20261001-21:25:21-68,runattr,,,seedset,2,
Phase5_Tail-42-20261001-21:25:21-68,itervar,,,rho,0.084745762712,
Phase5_Tail-42-20261001-21:25:21-68,config,,,result-dir,results_phase5,
Phase5_Tail-42-20261001-21:25:21-68,config,,,repeat,10,
Phase5_Tail-42-20261001-21:25:21-68,config,,,seed-set,2,
Phase5_Tail-42-20261001-21:25:21-68,config,,,*.queue.D,10,
Phase5_Tail-42-20261001-21:25:21-68,config,,,*.queue.r,30,
Phase5_Tail-42-20261001-21:25:21-68,config,,,*.queue.rho,0.084745762712,
Phase5_Tail-42-20261001-21:25:21-68,config,,,*.queue.warmupCompletedPackets,200000,
Phase5_Tail-42-20261001-21:25:21-68,config,,,*.queue.targetCompletedPackets,1000000,
Phase5_Tail-42-20261001-21:25:21-68,config,,,*.queue.recordVectors,false,
Phase5_Tail-42-20261001-21:25:21-68,config,,,*.queue.recordTailStatistics,true,
Phase5_Tail-42-20261001-21:25:21-68,config,,,network,dect2020scheduledaccess.DectScheduledAccessNetwork,
Phase5_Tail-42-20261001-21:25:21-68,config,,,cmdenv-express-mode,true,
Phase5_Tail-42-20261001-21:25:21-68,config,,,cmdenv-status-frequency,10s,
Phase5_Tail-42-20261001-21:25:21-68,config,,,result-dir,results,
Phase5_Tail-42-20261001-21:25:21-68,config,,,*.queue.frameDuration,10ms,
Phase5_Tail-42-20261001-21:25:21-68,config,,,*.queue.meanType1ServiceTime,0.4166666667ms,
Phase5_Tail-42-20261001-21:25:21-68,config,,,*.queue.deriveDectParametersFromD,true,
Phase5_Tail-42-20261001-21:25:21-68,config,,,*.queue.deriveLambdaFromRho,true,
Phase5_Tail-42-20261001-21:25:21-68,config,,,*.queue.warmupCompletedPackets,200000,
Phase5_Tail-42-20261001-21:25:21-68,config,,,*.queue.targetCompletedPackets,1000000,
Phase5_Tail-42-20261001-21:25:21-68,config,,,*.queue.recordVectors,false,
Phase5_Tail-42-20261001-21:25:21-68,config,,,*.queue.rngIndex,0,
Phase5_Tail-43-20261001-21:25:22-68,runattr,,,configname,Phase5_Tail,
Phase5_Tail-43-20261001-21:25:22-68,runattr,,,datetime,20261001-21:25:22,
Phase5_Tail-43-20261001-21:25:22-68,runattr,,,datetimef,20261001-212522,
Phase5_Tail-43-20261001-21:25:22-68,runattr,,,experiment,Phase5_Tail,
Phase5_Tail-43-20261001-21:25:22-68,runattr,,,inifile,omnetpp.ini,
Phase5_Tail-43-20261001-21:25:22-68,runattr,,,iterationvars,$rho=0.084745762712,
Phase5_Tail-43-20261001-21:25:22-68,runattr,,,iterationvarsd,rho=0.084745762712,
Phase5_Tail-43-20261001-21:25:22-68,runattr,,,iterationvarsf,rho=0.084745762712-,
Phase5_Tail-43-20261001-21:25:22-68,runattr,,,measurement,$rho=0.084745762712,
Phase5_Tail-43-20261001-21:25:22-68,runattr,,,network,dect2020scheduledaccess.DectScheduledAccessNetwork,
Phase5_Tail-43-20261001-21:25:22-68,runattr,,,processid,68,
Phase5_Tail-43-20261001-21:25:22-68,runattr,,,repetition,3,
Phase5_Tail-43-20261001-21:25:22-68,runattr,,,replication,#3,
Phase5_Tail-43-20261001-21:25:22-68,runattr,,,resultdir,results_phase5,
Phase5_Tail-43-20261001-21:25:22-68,runattr,,,runnumber,43,
Phase5_Tail-43-20261001-21:25:22-68,runattr,,,seedset,3,
Phase5_Tail-43-20261001-21:25:22-68,itervar,,,rho,0.084745762712,
Phase5_Tail-43-20261001-21:25:22-68,config,,,result-dir,results_phase5,
Phase5_Tail-43-20261001-21:25:22-68,config,,,repeat,10,
Phase5_Tail-43-20261001-21:25:22-68,config,,,seed-set,3,
Phase5_Tail-43-20261001-21:25:22-68,config,,,*.queue.D,10,
Phase5_Tail-43-20261001-21:25:22-68,config,,,*.queue.r,30,
Phase5_Tail-43-20261001-21:25:22-68,config,,,*.queue.rho,0.084745762712,
Phase5_Tail-43-20261001-21:25:22-68,config,,,*.queue.warmupCompletedPackets,200000,
Phase5_Tail-43-20261001-21:25:22-68,config,,,*.queue.targetCompletedPackets,1000000,
Phase5_Tail-43-20261001-21:25:22-68,config,,,*.queue.recordVectors,false,
Phase5_Tail-43-20261001-21:25:22-68,config,,,*.queue.recordTailStatistics,true,
Phase5_Tail-43-20261001-21:25:22-68,config,,,network,dect2020scheduledaccess.DectScheduledAccessNetwork,
Phase5_Tail-43-20261001-21:25:22-68,config,,,cmdenv-express-mode,true,
Phase5_Tail-43-20261001-21:25:22-68,config,,,cmdenv-status-frequency,10s,
Phase5_Tail-43-20261001-21:25:22-68,config,,,result-dir,results,
Phase5_Tail-43-20261001-21:25:22-68,config,,,*.queue.frameDuration,10ms,
Phase5_Tail-43-20261001-21:25:22-68,config,,,*.queue.meanType1ServiceTime,0.4166666667ms,
Phase5_Tail-43-20261001-21:25:22-68,config,,,*.queue.deriveDectParametersFromD,true,
Phase5_Tail-43-20261001-21:25:22-68,config,,,*.queue.deriveLambdaFromRho,true,
Phase5_Tail-43-20261001-21:25:22-68,config,,,*.queue.warmupCompletedPackets,200000,
Phase5_Tail-43-20261001-21:25:22-68,config,,,*.queue.targetCompletedPackets,1000000,
Phase5_Tail-43-20261001-21:25:22-68,config,,,*.queue.recordVectors,false,
Phase5_Tail-43-20261001-21:25:22-68,config,,,*.queue.rngIndex,0,
Phase5_Tail-44-20261001-21:25:22-68,runattr,,,configname,Phase5_Tail,
Phase5_Tail-44-20261001-21:25:22-68,runattr,,,datetime,20261001-21:25:22,
Phase5_Tail-44-20261001-21:25:22-68,runattr,,,datetimef,20261001-212522,
Phase5_Tail-44-20261001-21:25:22-68,runattr,,,experiment,Phase5_Tail,
Phase5_Tail-44-20261001-21:25:22-68,runattr,,,inifile,omnetpp.ini,
Phase5_Tail-44-20261001-21:25:22-68,runattr,,,iterationvars,$rho=0.084745762712,
Phase5_Tail-44-20261001-21:25:22-68,runattr,,,iterationvarsd,rho=0.084745762712,
Phase5_Tail-44-20261001-21:25:22-68,runattr,,,iterationvarsf,rho=0.084745762712-,
Phase5_Tail-44-20261001-21:25:22-68,runattr,,,measurement,$rho=0.084745762712,
Phase5_Tail-44-20261001-21:25:22-68,runattr,,,network,dect2020scheduledaccess.DectScheduledAccessNetwork,
Phase5_Tail-44-20261001-21:25:22-68,runattr,,,processid,68,
Phase5_Tail-44-20261001-21:25:22-68,runattr,,,repetition,4,
Phase5_Tail-44-20261001-21:25:22-68,runattr,,,replication,#4,
Phase5_Tail-44-20261001-21:25:22-68,runattr,,,resultdir,results_phase5,
Phase5_Tail-44-20261001-21:25:22-68,runattr,,,runnumber,44,
Phase5_Tail-44-20261001-21:25:22-68,runattr,,,seedset,4,
Phase5_Tail-44-20261001-21:25:22-68,itervar,,,rho,0.084745762712,
Phase5_Tail-44-20261001-21:25:22-68,config,,,result-dir,results_phase5,
Phase5_Tail-44-20261001-21:25:22-68,config,,,repeat,10,
Phase5_Tail-44-20261001-21:25:22-68,config,,,seed-set,4,
Phase5_Tail-44-20261001-21:25:22-68,config,,,*.queue.D,10,
Phase5_Tail-44-20261001-21:25:22-68,config,,,*.queue.r,30,
Phase5_Tail-44-20261001-21:25:22-68,config,,,*.queue.rho,0.084745762712,
Phase5_Tail-44-20261001-21:25:22-68,config,,,*.queue.warmupCompletedPackets,200000,
Phase5_Tail-44-20261001-21:25:22-68,config,,,*.queue.targetCompletedPackets,1000000,
Phase5_Tail-44-20261001-21:25:22-68,config,,,*.queue.recordVectors,false,
Phase5_Tail-44-20261001-21:25:22-68,config,,,*.queue.recordTailStatistics,true,
Phase5_Tail-44-20261001-21:25:22-68,config,,,network,dect2020scheduledaccess.DectScheduledAccessNetwork,
Phase5_Tail-44-20261001-21:25:22-68,config,,,cmdenv-express-mode,true,
Phase5_Tail-44-20261001-21:25:22-68,config,,,cmdenv-status-frequency,10s,
Phase5_Tail-44-20261001-21:25:22-68,config,,,result-dir,results,
Phase5_Tail-44-20261001-21:25:22-68,config,,,*.queue.frameDuration,10ms,
Phase5_Tail-44-20261001-21:25:22-68,config,,,*.queue.meanType1ServiceTime,0.4166666667ms,
Phase5_Tail-44-20261001-21:25:22-68,config,,,*.queue.deriveDectParametersFromD,true,
Phase5_Tail-44-20261001-21:25:22-68,config,,,*.queue.deriveLambdaFromRho,true,
Phase5_Tail-44-20261001-21:25:22-68,config,,,*.queue.warmupCompletedPackets,200000,
Phase5_Tail-44-20261001-21:25:22-68,config,,,*.queue.targetCompletedPackets,1000000,
Phase5_Tail-44-20261001-21:25:22-68,config,,,*.queue.recordVectors,false,
Phase5_Tail-44-20261001-21:25:22-68,config,,,*.queue.rngIndex,0,
Phase5_Tail-45-20261001-21:25:22-68,runattr,,,configname,Phase5_Tail,
Phase5_Tail-45-20261001-21:25:22-68,runattr,,,datetime,20261001-21:25:22,
Phase5_Tail-45-20261001-21:25:22-68,runattr,,,datetimef,20261001-212522,
Phase5_Tail-45-20261001-21:25:22-68,runattr,,,experiment,Phase5_Tail,
Phase5_Tail-45-20261001-21:25:22-68,runattr,,,inifile,omnetpp.ini,
Phase5_Tail-45-20261001-21:25:22-68,runattr,,,iterationvars,$rho=0.084745762712,
Phase5_Tail-45-20261001-21:25:22-68,runattr,,,iterationvarsd,rho=0.084745762712,
Phase5_Tail-45-20261001-21:25:22-68,runattr,,,iterationvarsf,rho=0.084745762712-,
Phase5_Tail-45-20261001-21:25:22-68,runattr,,,measurement,$rho=0.084745762712,
Phase5_Tail-45-20261001-21:25:22-68,runattr,,,network,dect2020scheduledaccess.DectScheduledAccessNetwork,
Phase5_Tail-45-20261001-21:25:22-68,runattr,,,processid,68,
Phase5_Tail-45-20261001-21:25:22-68,runattr,,,repetition,5,
Phase5_Tail-45-20261001-21:25:22-68,runattr,,,replication,#5,
Phase5_Tail-45-20261001-21:25:22-68,runattr,,,resultdir,results_phase5,
Phase5_Tail-45-20261001-21:25:22-68,runattr,,,runnumber,45,
Phase5_Tail-45-20261001-21:25:22-68,runattr,,,seedset,5,
Phase5_Tail-45-20261001-21:25:22-68,itervar,,,rho,0.084745762712,
Phase5_Tail-45-20261001-21:25:22-68,config,,,result-dir,results_phase5,
Phase5_Tail-45-20261001-21:25:22-68,config,,,repeat,10,
Phase5_Tail-45-20261001-21:25:22-68,config,,,seed-set,5,
Phase5_Tail-45-20261001-21:25:22-68,config,,,*.queue.D,10,
Phase5_Tail-45-20261001-21:25:22-68,config,,,*.queue.r,30,
Phase5_Tail-45-20261001-21:25:22-68,config,,,*.queue.rho,0.084745762712,
Phase5_Tail-45-20261001-21:25:22-68,config,,,*.queue.warmupCompletedPackets,200000,
Phase5_Tail-45-20261001-21:25:22-68,config,,,*.queue.targetCompletedPackets,1000000,
Phase5_Tail-45-20261001-21:25:22-68,config,,,*.queue.recordVectors,false,
Phase5_Tail-45-20261001-21:25:22-68,config,,,*.queue.recordTailStatistics,true,
Phase5_Tail-45-20261001-21:25:22-68,config,,,network,dect2020scheduledaccess.DectScheduledAccessNetwork,
Phase5_Tail-45-20261001-21:25:22-68,config,,,cmdenv-express-mode,true,
Phase5_Tail-45-20261001-21:25:22-68,config,,,cmdenv-status-frequency,10s,
Phase5_Tail-45-20261001-21:25:22-68,config,,,result-dir,results,
Phase5_Tail-45-20261001-21:25:22-68,config,,,*.queue.frameDuration,10ms,
Phase5_Tail-45-20261001-21:25:22-68,config,,,*.queue.meanType1ServiceTime,0.4166666667ms,
Phase5_Tail-45-20261001-21:25:22-68,config,,,*.queue.deriveDectParametersFromD,true,
Phase5_Tail-45-20261001-21:25:22-68,config,,,*.queue.deriveLambdaFromRho,true,
Phase5_Tail-45-20261001-21:25:22-68,config,,,*.queue.warmupCompletedPackets,200000,
Phase5_Tail-45-20261001-21:25:22-68,config,,,*.queue.targetCompletedPackets,1000000,
Phase5_Tail-45-20261001-21:25:22-68,config,,,*.queue.recordVectors,false,
Phase5_Tail-45-20261001-21:25:22-68,config,,,*.queue.rngIndex,0,
Phase5_Tail-46-20261001-21:25:22-68,runattr,,,configname,Phase5_Tail,
Phase5_Tail-46-20261001-21:25:22-68,runattr,,,datetime,20261001-21:25:22,
Phase5_Tail-46-20261001-21:25:22-68,runattr,,,datetimef,20261001-212522,
Phase5_Tail-46-20261001-21:25:22-68,runattr,,,experiment,Phase5_Tail,
Phase5_Tail-46-20261001-21:25:22-68,runattr,,,inifile,omnetpp.ini,
Phase5_Tail-46-20261001-21:25:22-68,runattr,,,iterationvars,$rho=0.084745762712,
Phase5_Tail-46-20261001-21:25:22-68,runattr,,,iterationvarsd,rho=0.084745762712,
Phase5_Tail-46-20261001-21:25:22-68,runattr,,,iterationvarsf,rho=0.084745762712-,
Phase5_Tail-46-20261001-21:25:22-68,runattr,,,measurement,$rho=0.084745762712,
Phase5_Tail-46-20261001-21:25:22-68,runattr,,,network,dect2020scheduledaccess.DectScheduledAccessNetwork,
Phase5_Tail-46-20261001-21:25:22-68,runattr,,,processid,68,
Phase5_Tail-46-20261001-21:25:22-68,runattr,,,repetition,6,
Phase5_Tail-46-20261001-21:25:22-68,runattr,,,replication,#6,
Phase5_Tail-46-20261001-21:25:22-68,runattr,,,resultdir,results_phase5,
Phase5_Tail-46-20261001-21:25:22-68,runattr,,,runnumber,46,
Phase5_Tail-46-20261001-21:25:22-68,runattr,,,seedset,6,
Phase5_Tail-46-20261001-21:25:22-68,itervar,,,rho,0.084745762712,
Phase5_Tail-46-20261001-21:25:22-68,config,,,result-dir,results_phase5,
Phase5_Tail-46-20261001-21:25:22-68,config,,,repeat,10,
Phase5_Tail-46-20261001-21:25:22-68,config,,,seed-set,6,
Phase5_Tail-46-20261001-21:25:22-68,config,,,*.queue.D,10,
Phase5_Tail-46-20261001-21:25:22-68,config,,,*.queue.r,30,
Phase5_Tail-46-20261001-21:25:22-68,config,,,*.queue.rho,0.084745762712,
Phase5_Tail-46-20261001-21:25:22-68,config,,,*.queue.warmupCompletedPackets,200000,
Phase5_Tail-46-20261001-21:25:22-68,config,,,*.queue.targetCompletedPackets,1000000,
Phase5_Tail-46-20261001-21:25:22-68,config,,,*.queue.recordVectors,false,
Phase5_Tail-46-20261001-21:25:22-68,config,,,*.queue.recordTailStatistics,true,
Phase5_Tail-46-20261001-21:25:22-68,config,,,network,dect2020scheduledaccess.DectScheduledAccessNetwork,
Phase5_Tail-46-20261001-21:25:22-68,config,,,cmdenv-express-mode,true,
Phase5_Tail-46-20261001-21:25:22-68,config,,,cmdenv-status-frequency,10s,
Phase5_Tail-46-20261001-21:25:22-68,config,,,result-dir,results,
Phase5_Tail-46-20261001-21:25:22-68,config,,,*.queue.frameDuration,10ms,
Phase5_Tail-46-20261001-21:25:22-68,config,,,*.queue.meanType1ServiceTime,0.4166666667ms,
Phase5_Tail-46-20261001-21:25:22-68,config,,,*.queue.deriveDectParametersFromD,true,
Phase5_Tail-46-20261001-21:25:22-68,config,,,*.queue.deriveLambdaFromRho,true,
Phase5_Tail-46-20261001-21:25:22-68,config,,,*.queue.warmupCompletedPackets,200000,
Phase5_Tail-46-20261001-21:25:22-68,config,,,*.queue.targetCompletedPackets,1000000,
Phase5_Tail-46-20261001-21:25:22-68,config,,,*.queue.recordVectors,false,
Phase5_Tail-46-20261001-21:25:22-68,config,,,*.queue.rngIndex,0,
Phase5_Tail-47-20261001-21:25:23-68,runattr,,,configname,Phase5_Tail,
Phase5_Tail-47-20261001-21:25:23-68,runattr,,,datetime,20261001-21:25:23,
Phase5_Tail-47-20261001-21:25:23-68,runattr,,,datetimef,20261001-212523,
Phase5_Tail-47-20261001-21:25:23-68,runattr,,,experiment,Phase5_Tail,
Phase5_Tail-47-20261001-21:25:23-68,runattr,,,inifile,omnetpp.ini,
Phase5_Tail-47-20261001-21:25:23-68,runattr,,,iterationvars,$rho=0.084745762712,
Phase5_Tail-47-20261001-21:25:23-68,runattr,,,iterationvarsd,rho=0.084745762712,
Phase5_Tail-47-20261001-21:25:23-68,runattr,,,iterationvarsf,rho=0.084745762712-,
Phase5_Tail-47-20261001-21:25:23-68,runattr,,,measurement,$rho=0.084745762712,
Phase5_Tail-47-20261001-21:25:23-68,runattr,,,network,dect2020scheduledaccess.DectScheduledAccessNetwork,
Phase5_Tail-47-20261001-21:25:23-68,runattr,,,processid,68,
Phase5_Tail-47-20261001-21:25:23-68,runattr,,,repetition,7,
Phase5_Tail-47-20261001-21:25:23-68,runattr,,,replication,#7,
Phase5_Tail-47-20261001-21:25:23-68,runattr,,,resultdir,results_phase5,
Phase5_Tail-47-20261001-21:25:23-68,runattr,,,runnumber,47,
Phase5_Tail-47-20261001-21:25:23-68,runattr,,,seedset,7,
Phase5_Tail-47-20261001-21:25:23-68,itervar,,,rho,0.084745762712,
Phase5_Tail-47-20261001-21:25:23-68,config,,,result-dir,results_phase5,
Phase5_Tail-47-20261001-21:25:23-68,config,,,repeat,10,
Phase5_Tail-47-20261001-21:25:23-68,config,,,seed-set,7,
Phase5_Tail-47-20261001-21:25:23-68,config,,,*.queue.D,10,
Phase5_Tail-47-20261001-21:25:23-68,config,,,*.queue.r,30,
Phase5_Tail-47-20261001-21:25:23-68,config,,,*.queue.rho,0.084745762712,
Phase5_Tail-47-20261001-21:25:23-68,config,,,*.queue.warmupCompletedPackets,200000,
Phase5_Tail-47-20261001-21:25:23-68,config,,,*.queue.targetCompletedPackets,1000000,
Phase5_Tail-47-20261001-21:25:23-68,config,,,*.queue.recordVectors,false,
Phase5_Tail-47-20261001-21:25:23-68,config,,,*.queue.recordTailStatistics,true,
Phase5_Tail-47-20261001-21:25:23-68,config,,,network,dect2020scheduledaccess.DectScheduledAccessNetwork,
Phase5_Tail-47-20261001-21:25:23-68,config,,,cmdenv-express-mode,true,
Phase5_Tail-47-20261001-21:25:23-68,config,,,cmdenv-status-frequency,10s,
Phase5_Tail-47-20261001-21:25:23-68,config,,,result-dir,results,
Phase5_Tail-47-20261001-21:25:23-68,config,,,*.queue.frameDuration,10ms,
Phase5_Tail-47-20261001-21:25:23-68,config,,,*.queue.meanType1ServiceTime,0.4166666667ms,
Phase5_Tail-47-20261001-21:25:23-68,config,,,*.queue.deriveDectParametersFromD,true,
Phase5_Tail-47-20261001-21:25:23-68,config,,,*.queue.deriveLambdaFromRho,true,
Phase5_Tail-47-20261001-21:25:23-68,config,,,*.queue.warmupCompletedPackets,200000,
Phase5_Tail-47-20261001-21:25:23-68,config,,,*.queue.targetCompletedPackets,1000000,
Phase5_Tail-47-20261001-21:25:23-68,config,,,*.queue.recordVectors,false,
Phase5_Tail-47-20261001-21:25:23-68,config,,,*.queue.rngIndex,0,
Phase5_Tail-48-20261001-21:25:23-68,runattr,,,configname,Phase5_Tail,
Phase5_Tail-48-20261001-21:25:23-68,runattr,,,datetime,20261001-21:25:23,
Phase5_Tail-48-20261001-21:25:23-68,runattr,,,datetimef,20261001-212523,
Phase5_Tail-48-20261001-21:25:23-68,runattr,,,experiment,Phase5_Tail,
Phase5_Tail-48-20261001-21:25:23-68,runattr,,,inifile,omnetpp.ini,
Phase5_Tail-48-20261001-21:25:23-68,runattr,,,iterationvars,$rho=0.084745762712,
Phase5_Tail-48-20261001-21:25:23-68,runattr,,,iterationvarsd,rho=0.084745762712,
Phase5_Tail-48-20261001-21:25:23-68,runattr,,,iterationvarsf,rho=0.084745762712-,
Phase5_Tail-48-20261001-21:25:23-68,runattr,,,measurement,$rho=0.084745762712,
Phase5_Tail-48-20261001-21:25:23-68,runattr,,,network,dect2020scheduledaccess.DectScheduledAccessNetwork,
Phase5_Tail-48-20261001-21:25:23-68,runattr,,,processid,68,
Phase5_Tail-48-20261001-21:25:23-68,runattr,,,repetition,8,
Phase5_Tail-48-20261001-21:25:23-68,runattr,,,replication,#8,
Phase5_Tail-48-20261001-21:25:23-68,runattr,,,resultdir,results_phase5,
Phase5_Tail-48-20261001-21:25:23-68,runattr,,,runnumber,48,
Phase5_Tail-48-20261001-21:25:23-68,runattr,,,seedset,8,
Phase5_Tail-48-20261001-21:25:23-68,itervar,,,rho,0.084745762712,
Phase5_Tail-48-20261001-21:25:23-68,config,,,result-dir,results_phase5,
Phase5_Tail-48-20261001-21:25:23-68,config,,,repeat,10,
Phase5_Tail-48-20261001-21:25:23-68,config,,,seed-set,8,
Phase5_Tail-48-20261001-21:25:23-68,config,,,*.queue.D,10,
Phase5_Tail-48-20261001-21:25:23-68,config,,,*.queue.r,30,
Phase5_Tail-48-20261001-21:25:23-68,config,,,*.queue.rho,0.084745762712,
Phase5_Tail-48-20261001-21:25:23-68,config,,,*.queue.warmupCompletedPackets,200000,
Phase5_Tail-48-20261001-21:25:23-68,config,,,*.queue.targetCompletedPackets,1000000,
Phase5_Tail-48-20261001-21:25:23-68,config,,,*.queue.recordVectors,false,
Phase5_Tail-48-20261001-21:25:23-68,config,,,*.queue.recordTailStatistics,true,
Phase5_Tail-48-20261001-21:25:23-68,config,,,network,dect2020scheduledaccess.DectScheduledAccessNetwork,
Phase5_Tail-48-20261001-21:25:23-68,config,,,cmdenv-express-mode,true,
Phase5_Tail-48-20261001-21:25:23-68,config,,,cmdenv-status-frequency,10s,
Phase5_Tail-48-20261001-21:25:23-68,config,,,result-dir,results,
Phase5_Tail-48-20261001-21:25:23-68,config,,,*.queue.frameDuration,10ms,
Phase5_Tail-48-20261001-21:25:23-68,config,,,*.queue.meanType1ServiceTime,0.4166666667ms,
Phase5_Tail-48-20261001-21:25:23-68,config,,,*.queue.deriveDectParametersFromD,true,
Phase5_Tail-48-20261001-21:25:23-68,config,,,*.queue.deriveLambdaFromRho,true,
Phase5_Tail-48-20261001-21:25:23-68,config,,,*.queue.warmupCompletedPackets,200000,
Phase5_Tail-48-20261001-21:25:23-68,config,,,*.queue.targetCompletedPackets,1000000,
Phase5_Tail-48-20261001-21:25:23-68,config,,,*.queue.recordVectors,false,
Phase5_Tail-48-20261001-21:25:23-68,config,,,*.queue.rngIndex,0,
Phase5_Tail-49-20261001-21:25:23-68,runattr,,,configname,Phase5_Tail,
Phase5_Tail-49-20261001-21:25:23-68,runattr,,,datetime,20261001-21:25:23,
Phase5_Tail-49-20261001-21:25:23-68,runattr,,,datetimef,20261001-212523,
Phase5_Tail-49-20261001-21:25:23-68,runattr,,,experiment,Phase5_Tail,
Phase5_Tail-49-20261001-21:25:23-68,runattr,,,inifile,omnetpp.ini,
Phase5_Tail-49-20261001-21:25:23-68,runattr,,,iterationvars,$rho=0.084745762712,
Phase5_Tail-49-20261001-21:25:23-68,runattr,,,iterationvarsd,rho=0.084745762712,
Phase5_Tail-49-20261001-21:25:23-68,runattr,,,iterationvarsf,rho=0.084745762712-,
Phase5_Tail-49-20261001-21:25:23-68,runattr,,,measurement,$rho=0.084745762712,
Phase5_Tail-49-20261001-21:25:23-68,runattr,,,network,dect2020scheduledaccess.DectScheduledAccessNetwork,
Phase5_Tail-49-20261001-21:25:23-68,runattr,,,processid,68,
Phase5_Tail-49-20261001-21:25:23-68,runattr,,,repetition,9,
Phase5_Tail-49-20261001-21:25:23-68,runattr,,,replication,#9,
Phase5_Tail-49-20261001-21:25:23-68,runattr,,,resultdir,results_phase5,
Phase5_Tail-49-20261001-21:25:23-68,runattr,,,runnumber,49,
Phase5_Tail-49-20261001-21:25:23-68,runattr,,,seedset,9,
Phase5_Tail-49-20261001-21:25:23-68,itervar,,,rho,0.084745762712,
Phase5_Tail-49-20261001-21:25:23-68,config,,,result-dir,results_phase5,
Phase5_Tail-49-20261001-21:25:23-68,config,,,repeat,10,
Phase5_Tail-49-20261001-21:25:23-68,config,,,seed-set,9,
Phase5_Tail-49-20261001-21:25:23-68,config,,,*.queue.D,10,
Phase5_Tail-49-20261001-21:25:23-68,config,,,*.queue.r,30,
Phase5_Tail-49-20261001-21:25:23-68,config,,,*.queue.rho,0.084745762712,
Phase5_Tail-49-20261001-21:25:23-68,config,,,*.queue.warmupCompletedPackets,200000,
Phase5_Tail-49-20261001-21:25:23-68,config,,,*.queue.targetCompletedPackets,1000000,
Phase5_Tail-49-20261001-21:25:23-68,config,,,*.queue.recordVectors,false,
Phase5_Tail-49-20261001-21:25:23-68,config,,,*.queue.recordTailStatistics,true,
Phase5_Tail-49-20261001-21:25:23-68,config,,,network,dect2020scheduledaccess.DectScheduledAccessNetwork,
Phase5_Tail-49-20261001-21:25:23-68,config,,,cmdenv-express-mode,true,
Phase5_Tail-49-20261001-21:25:23-68,config,,,cmdenv-status-frequency,10s,
Phase5_Tail-49-20261001-21:25:23-68,config,,,result-dir,results,
Phase5_Tail-49-20261001-21:25:23-68,config,,,*.queue.frameDuration,10ms,
Phase5_Tail-49-20261001-21:25:23-68,config,,,*.queue.meanType1ServiceTime,0.4166666667ms,
Phase5_Tail-49-20261001-21:25:23-68,config,,,*.queue.deriveDectParametersFromD,true,
Phase5_Tail-49-20261001-21:25:23-68,config,,,*.queue.deriveLambdaFromRho,true,
Phase5_Tail-49-20261001-21:25:23-68,config,,,*.queue.warmupCompletedPackets,200000,
Phase5_Tail-49-20261001-21:25:23-68,config,,,*.queue.targetCompletedPackets,1000000,
Phase5_Tail-49-20261001-21:25:23-68,config,,,*.queue.recordVectors,false,
Phase5_Tail-49-20261001-21:25:23-68,config,,,*.queue.rngIndex,0,
Phase5_Tail-50-20261001-21:25:24-68,runattr,,,configname,Phase5_Tail,
Phase5_Tail-50-20261001-21:25:24-68,runattr,,,datetime,20261001-21:25:24,
Phase5_Tail-50-20261001-21:25:24-68,runattr,,,datetimef,20261001-212524,
Phase5_Tail-50-20261001-21:25:24-68,runattr,,,experiment,Phase5_Tail,
Phase5_Tail-50-20261001-21:25:24-68,runattr,,,inifile,omnetpp.ini,
Phase5_Tail-50-20261001-21:25:24-68,runattr,,,iterationvars,$rho=0.093220338983,
Phase5_Tail-50-20261001-21:25:24-68,runattr,,,iterationvarsd,rho=0.093220338983,
Phase5_Tail-50-20261001-21:25:24-68,runattr,,,iterationvarsf,rho=0.093220338983-,
Phase5_Tail-50-20261001-21:25:24-68,runattr,,,measurement,$rho=0.093220338983,
Phase5_Tail-50-20261001-21:25:24-68,runattr,,,network,dect2020scheduledaccess.DectScheduledAccessNetwork,
Phase5_Tail-50-20261001-21:25:24-68,runattr,,,processid,68,
Phase5_Tail-50-20261001-21:25:24-68,runattr,,,repetition,0,
Phase5_Tail-50-20261001-21:25:24-68,runattr,,,replication,#0,
Phase5_Tail-50-20261001-21:25:24-68,runattr,,,resultdir,results_phase5,
Phase5_Tail-50-20261001-21:25:24-68,runattr,,,runnumber,50,
Phase5_Tail-50-20261001-21:25:24-68,runattr,,,seedset,0,
Phase5_Tail-50-20261001-21:25:24-68,itervar,,,rho,0.093220338983,
Phase5_Tail-50-20261001-21:25:24-68,config,,,result-dir,results_phase5,
Phase5_Tail-50-20261001-21:25:24-68,config,,,repeat,10,
Phase5_Tail-50-20261001-21:25:24-68,config,,,seed-set,0,
Phase5_Tail-50-20261001-21:25:24-68,config,,,*.queue.D,10,
Phase5_Tail-50-20261001-21:25:24-68,config,,,*.queue.r,30,
Phase5_Tail-50-20261001-21:25:24-68,config,,,*.queue.rho,0.093220338983,
Phase5_Tail-50-20261001-21:25:24-68,config,,,*.queue.warmupCompletedPackets,200000,
Phase5_Tail-50-20261001-21:25:24-68,config,,,*.queue.targetCompletedPackets,1000000,
Phase5_Tail-50-20261001-21:25:24-68,config,,,*.queue.recordVectors,false,
Phase5_Tail-50-20261001-21:25:24-68,config,,,*.queue.recordTailStatistics,true,
Phase5_Tail-50-20261001-21:25:24-68,config,,,network,dect2020scheduledaccess.DectScheduledAccessNetwork,
Phase5_Tail-50-20261001-21:25:24-68,config,,,cmdenv-express-mode,true,
Phase5_Tail-50-20261001-21:25:24-68,config,,,cmdenv-status-frequency,10s,
Phase5_Tail-50-20261001-21:25:24-68,config,,,result-dir,results,
Phase5_Tail-50-20261001-21:25:24-68,config,,,*.queue.frameDuration,10ms,
Phase5_Tail-50-20261001-21:25:24-68,config,,,*.queue.meanType1ServiceTime,0.4166666667ms,
Phase5_Tail-50-20261001-21:25:24-68,config,,,*.queue.deriveDectParametersFromD,true,
Phase5_Tail-50-20261001-21:25:24-68,config,,,*.queue.deriveLambdaFromRho,true,
Phase5_Tail-50-20261001-21:25:24-68,config,,,*.queue.warmupCompletedPackets,200000,
Phase5_Tail-50-20261001-21:25:24-68,config,,,*.queue.targetCompletedPackets,1000000,
Phase5_Tail-50-20261001-21:25:24-68,config,,,*.queue.recordVectors,false,
Phase5_Tail-50-20261001-21:25:24-68,config,,,*.queue.rngIndex,0,
Phase5_Tail-51-20261001-21:25:24-68,runattr,,,configname,Phase5_Tail,
Phase5_Tail-51-20261001-21:25:24-68,runattr,,,datetime,20261001-21:25:24,
Phase5_Tail-51-20261001-21:25:24-68,runattr,,,datetimef,20261001-212524,
Phase5_Tail-51-20261001-21:25:24-68,runattr,,,experiment,Phase5_Tail,
Phase5_Tail-51-20261001-21:25:24-68,runattr,,,inifile,omnetpp.ini,
Phase5_Tail-51-20261001-21:25:24-68,runattr,,,iterationvars,$rho=0.093220338983,
Phase5_Tail-51-20261001-21:25:24-68,runattr,,,iterationvarsd,rho=0.093220338983,
Phase5_Tail-51-20261001-21:25:24-68,runattr,,,iterationvarsf,rho=0.093220338983-,
Phase5_Tail-51-20261001-21:25:24-68,runattr,,,measurement,$rho=0.093220338983,
Phase5_Tail-51-20261001-21:25:24-68,runattr,,,network,dect2020scheduledaccess.DectScheduledAccessNetwork,
Phase5_Tail-51-20261001-21:25:24-68,runattr,,,processid,68,
Phase5_Tail-51-20261001-21:25:24-68,runattr,,,repetition,1,
Phase5_Tail-51-20261001-21:25:24-68,runattr,,,replication,#1,
Phase5_Tail-51-20261001-21:25:24-68,runattr,,,resultdir,results_phase5,
Phase5_Tail-51-20261001-21:25:24-68,runattr,,,runnumber,51,
Phase5_Tail-51-20261001-21:25:24-68,runattr,,,seedset,1,
Phase5_Tail-51-20261001-21:25:24-68,itervar,,,rho,0.093220338983,
Phase5_Tail-51-20261001-21:25:24-68,config,,,result-dir,results_phase5,
Phase5_Tail-51-20261001-21:25:24-68,config,,,repeat,10,
Phase5_Tail-51-20261001-21:25:24-68,config,,,seed-set,1,
Phase5_Tail-51-20261001-21:25:24-68,config,,,*.queue.D,10,
Phase5_Tail-51-20261001-21:25:24-68,config,,,*.queue.r,30,
Phase5_Tail-51-20261001-21:25:24-68,config,,,*.queue.rho,0.093220338983,
Phase5_Tail-51-20261001-21:25:24-68,config,,,*.queue.warmupCompletedPackets,200000,
Phase5_Tail-51-20261001-21:25:24-68,config,,,*.queue.targetCompletedPackets,1000000,
Phase5_Tail-51-20261001-21:25:24-68,config,,,*.queue.recordVectors,false,
Phase5_Tail-51-20261001-21:25:24-68,config,,,*.queue.recordTailStatistics,true,
Phase5_Tail-51-20261001-21:25:24-68,config,,,network,dect2020scheduledaccess.DectScheduledAccessNetwork,
Phase5_Tail-51-20261001-21:25:24-68,config,,,cmdenv-express-mode,true,
Phase5_Tail-51-20261001-21:25:24-68,config,,,cmdenv-status-frequency,10s,
Phase5_Tail-51-20261001-21:25:24-68,config,,,result-dir,results,
Phase5_Tail-51-20261001-21:25:24-68,config,,,*.queue.frameDuration,10ms,
Phase5_Tail-51-20261001-21:25:24-68,config,,,*.queue.meanType1ServiceTime,0.4166666667ms,
Phase5_Tail-51-20261001-21:25:24-68,config,,,*.queue.deriveDectParametersFromD,true,
Phase5_Tail-51-20261001-21:25:24-68,config,,,*.queue.deriveLambdaFromRho,true,
Phase5_Tail-51-20261001-21:25:24-68,config,,,*.queue.warmupCompletedPackets,200000,
Phase5_Tail-51-20261001-21:25:24-68,config,,,*.queue.targetCompletedPackets,1000000,
Phase5_Tail-51-20261001-21:25:24-68,config,,,*.queue.recordVectors,false,
Phase5_Tail-51-20261001-21:25:24-68,config,,,*.queue.rngIndex,0,
Phase5_Tail-52-20261001-21:25:24-68,runattr,,,configname,Phase5_Tail,
Phase5_Tail-52-20261001-21:25:24-68,runattr,,,datetime,20261001-21:25:24,
Phase5_Tail-52-20261001-21:25:24-68,runattr,,,datetimef,20261001-212524,
Phase5_Tail-52-20261001-21:25:24-68,runattr,,,experiment,Phase5_Tail,
Phase5_Tail-52-20261001-21:25:24-68,runattr,,,inifile,omnetpp.ini,
Phase5_Tail-52-20261001-21:25:24-68,runattr,,,iterationvars,$rho=0.093220338983,
Phase5_Tail-52-20261001-21:25:24-68,runattr,,,iterationvarsd,rho=0.093220338983,
Phase5_Tail-52-20261001-21:25:24-68,runattr,,,iterationvarsf,rho=0.093220338983-,
Phase5_Tail-52-20261001-21:25:24-68,runattr,,,measurement,$rho=0.093220338983,
Phase5_Tail-52-20261001-21:25:24-68,runattr,,,network,dect2020scheduledaccess.DectScheduledAccessNetwork,
Phase5_Tail-52-20261001-21:25:24-68,runattr,,,processid,68,
Phase5_Tail-52-20261001-21:25:24-68,runattr,,,repetition,2,
Phase5_Tail-52-20261001-21:25:24-68,runattr,,,replication,#2,
Phase5_Tail-52-20261001-21:25:24-68,runattr,,,resultdir,results_phase5,
Phase5_Tail-52-20261001-21:25:24-68,runattr,,,runnumber,52,
Phase5_Tail-52-20261001-21:25:24-68,runattr,,,seedset,2,
Phase5_Tail-52-20261001-21:25:24-68,itervar,,,rho,0.093220338983,
Phase5_Tail-52-20261001-21:25:24-68,config,,,result-dir,results_phase5,
Phase5_Tail-52-20261001-21:25:24-68,config,,,repeat,10,
Phase5_Tail-52-20261001-21:25:24-68,config,,,seed-set,2,
Phase5_Tail-52-20261001-21:25:24-68,config,,,*.queue.D,10,
Phase5_Tail-52-20261001-21:25:24-68,config,,,*.queue.r,30,
Phase5_Tail-52-20261001-21:25:24-68,config,,,*.queue.rho,0.093220338983,
Phase5_Tail-52-20261001-21:25:24-68,config,,,*.queue.warmupCompletedPackets,200000,
Phase5_Tail-52-20261001-21:25:24-68,config,,,*.queue.targetCompletedPackets,1000000,
Phase5_Tail-52-20261001-21:25:24-68,config,,,*.queue.recordVectors,false,
Phase5_Tail-52-20261001-21:25:24-68,config,,,*.queue.recordTailStatistics,true,
Phase5_Tail-52-20261001-21:25:24-68,config,,,network,dect2020scheduledaccess.DectScheduledAccessNetwork,
Phase5_Tail-52-20261001-21:25:24-68,config,,,cmdenv-express-mode,true,
Phase5_Tail-52-20261001-21:25:24-68,config,,,cmdenv-status-frequency,10s,
Phase5_Tail-52-20261001-21:25:24-68,config,,,result-dir,results,
Phase5_Tail-52-20261001-21:25:24-68,config,,,*.queue.frameDuration,10ms,
Phase5_Tail-52-20261001-21:25:24-68,config,,,*.queue.meanType1ServiceTime,0.4166666667ms,
Phase5_Tail-52-20261001-21:25:24-68,config,,,*.queue.deriveDectParametersFromD,true,
Phase5_Tail-52-20261001-21:25:24-68,config,,,*.queue.deriveLambdaFromRho,true,
Phase5_Tail-52-20261001-21:25:24-68,config,,,*.queue.warmupCompletedPackets,200000,
Phase5_Tail-52-20261001-21:25:24-68,config,,,*.queue.targetCompletedPackets,1000000,
Phase5_Tail-52-20261001-21:25:24-68,config,,,*.queue.recordVectors,false,
Phase5_Tail-52-20261001-21:25:24-68,config,,,*.queue.rngIndex,0,
Phase5_Tail-53-20261001-21:25:25-68,runattr,,,configname,Phase5_Tail,
Phase5_Tail-53-20261001-21:25:25-68,runattr,,,datetime,20261001-21:25:25,
Phase5_Tail-53-20261001-21:25:25-68,runattr,,,datetimef,20261001-212525,
Phase5_Tail-53-20261001-21:25:25-68,runattr,,,experiment,Phase5_Tail,
Phase5_Tail-53-20261001-21:25:25-68,runattr,,,inifile,omnetpp.ini,
Phase5_Tail-53-20261001-21:25:25-68,runattr,,,iterationvars,$rho=0.093220338983,
Phase5_Tail-53-20261001-21:25:25-68,runattr,,,iterationvarsd,rho=0.093220338983,
Phase5_Tail-53-20261001-21:25:25-68,runattr,,,iterationvarsf,rho=0.093220338983-,
Phase5_Tail-53-20261001-21:25:25-68,runattr,,,measurement,$rho=0.093220338983,
Phase5_Tail-53-20261001-21:25:25-68,runattr,,,network,dect2020scheduledaccess.DectScheduledAccessNetwork,
Phase5_Tail-53-20261001-21:25:25-68,runattr,,,processid,68,
Phase5_Tail-53-20261001-21:25:25-68,runattr,,,repetition,3,
Phase5_Tail-53-20261001-21:25:25-68,runattr,,,replication,#3,
Phase5_Tail-53-20261001-21:25:25-68,runattr,,,resultdir,results_phase5,
Phase5_Tail-53-20261001-21:25:25-68,runattr,,,runnumber,53,
Phase5_Tail-53-20261001-21:25:25-68,runattr,,,seedset,3,
Phase5_Tail-53-20261001-21:25:25-68,itervar,,,rho,0.093220338983,
Phase5_Tail-53-20261001-21:25:25-68,config,,,result-dir,results_phase5,
Phase5_Tail-53-20261001-21:25:25-68,config,,,repeat,10,
Phase5_Tail-53-20261001-21:25:25-68,config,,,seed-set,3,
Phase5_Tail-53-20261001-21:25:25-68,config,,,*.queue.D,10,
Phase5_Tail-53-20261001-21:25:25-68,config,,,*.queue.r,30,
Phase5_Tail-53-20261001-21:25:25-68,config,,,*.queue.rho,0.093220338983,
Phase5_Tail-53-20261001-21:25:25-68,config,,,*.queue.warmupCompletedPackets,200000,
Phase5_Tail-53-20261001-21:25:25-68,config,,,*.queue.targetCompletedPackets,1000000,
Phase5_Tail-53-20261001-21:25:25-68,config,,,*.queue.recordVectors,false,
Phase5_Tail-53-20261001-21:25:25-68,config,,,*.queue.recordTailStatistics,true,
Phase5_Tail-53-20261001-21:25:25-68,config,,,network,dect2020scheduledaccess.DectScheduledAccessNetwork,
Phase5_Tail-53-20261001-21:25:25-68,config,,,cmdenv-express-mode,true,
Phase5_Tail-53-20261001-21:25:25-68,config,,,cmdenv-status-frequency,10s,
Phase5_Tail-53-20261001-21:25:25-68,config,,,result-dir,results,
Phase5_Tail-53-20261001-21:25:25-68,config,,,*.queue.frameDuration,10ms,
Phase5_Tail-53-20261001-21:25:25-68,config,,,*.queue.meanType1ServiceTime,0.4166666667ms,
Phase5_Tail-53-20261001-21:25:25-68,config,,,*.queue.deriveDectParametersFromD,true,
Phase5_Tail-53-20261001-21:25:25-68,config,,,*.queue.deriveLambdaFromRho,true,
Phase5_Tail-53-20261001-21:25:25-68,config,,,*.queue.warmupCompletedPackets,200000,
Phase5_Tail-53-20261001-21:25:25-68,config,,,*.queue.targetCompletedPackets,1000000,
Phase5_Tail-53-20261001-21:25:25-68,config,,,*.queue.recordVectors,false,
Phase5_Tail-53-20261001-21:25:25-68,config,,,*.queue.rngIndex,0,
Phase5_Tail-54-20261001-21:25:25-68,runattr,,,configname,Phase5_Tail,
Phase5_Tail-54-20261001-21:25:25-68,runattr,,,datetime,20261001-21:25:25,
Phase5_Tail-54-20261001-21:25:25-68,runattr,,,datetimef,20261001-212525,
Phase5_Tail-54-20261001-21:25:25-68,runattr,,,experiment,Phase5_Tail,
Phase5_Tail-54-20261001-21:25:25-68,runattr,,,inifile,omnetpp.ini,
Phase5_Tail-54-20261001-21:25:25-68,runattr,,,iterationvars,$rho=0.093220338983,
Phase5_Tail-54-20261001-21:25:25-68,runattr,,,iterationvarsd,rho=0.093220338983,
Phase5_Tail-54-20261001-21:25:25-68,runattr,,,iterationvarsf,rho=0.093220338983-,
Phase5_Tail-54-20261001-21:25:25-68,runattr,,,measurement,$rho=0.093220338983,
Phase5_Tail-54-20261001-21:25:25-68,runattr,,,network,dect2020scheduledaccess.DectScheduledAccessNetwork,
Phase5_Tail-54-20261001-21:25:25-68,runattr,,,processid,68,
Phase5_Tail-54-20261001-21:25:25-68,runattr,,,repetition,4,
Phase5_Tail-54-20261001-21:25:25-68,runattr,,,replication,#4,
Phase5_Tail-54-20261001-21:25:25-68,runattr,,,resultdir,results_phase5,
Phase5_Tail-54-20261001-21:25:25-68,runattr,,,runnumber,54,
Phase5_Tail-54-20261001-21:25:25-68,runattr,,,seedset,4,
Phase5_Tail-54-20261001-21:25:25-68,itervar,,,rho,0.093220338983,
Phase5_Tail-54-20261001-21:25:25-68,config,,,result-dir,results_phase5,
Phase5_Tail-54-20261001-21:25:25-68,config,,,repeat,10,
Phase5_Tail-54-20261001-21:25:25-68,config,,,seed-set,4,
Phase5_Tail-54-20261001-21:25:25-68,config,,,*.queue.D,10,
Phase5_Tail-54-20261001-21:25:25-68,config,,,*.queue.r,30,
Phase5_Tail-54-20261001-21:25:25-68,config,,,*.queue.rho,0.093220338983,
Phase5_Tail-54-20261001-21:25:25-68,config,,,*.queue.warmupCompletedPackets,200000,
Phase5_Tail-54-20261001-21:25:25-68,config,,,*.queue.targetCompletedPackets,1000000,
Phase5_Tail-54-20261001-21:25:25-68,config,,,*.queue.recordVectors,false,
Phase5_Tail-54-20261001-21:25:25-68,config,,,*.queue.recordTailStatistics,true,
Phase5_Tail-54-20261001-21:25:25-68,config,,,network,dect2020scheduledaccess.DectScheduledAccessNetwork,
Phase5_Tail-54-20261001-21:25:25-68,config,,,cmdenv-express-mode,true,
Phase5_Tail-54-20261001-21:25:25-68,config,,,cmdenv-status-frequency,10s,
Phase5_Tail-54-20261001-21:25:25-68,config,,,result-dir,results,
Phase5_Tail-54-20261001-21:25:25-68,config,,,*.queue.frameDuration,10ms,
Phase5_Tail-54-20261001-21:25:25-68,config,,,*.queue.meanType1ServiceTime,0.4166666667ms,
Phase5_Tail-54-20261001-21:25:25-68,config,,,*.queue.deriveDectParametersFromD,true,
Phase5_Tail-54-20261001-21:25:25-68,config,,,*.queue.deriveLambdaFromRho,true,
Phase5_Tail-54-20261001-21:25:25-68,config,,,*.queue.warmupCompletedPackets,200000,
Phase5_Tail-54-20261001-21:25:25-68,config,,,*.queue.targetCompletedPackets,1000000,
Phase5_Tail-54-20261001-21:25:25-68,config,,,*.queue.recordVectors,false,
Phase5_Tail-54-20261001-21:25:25-68,config,,,*.queue.rngIndex,0,
Phase5_Tail-55-20261001-21:25:25-68,runattr,,,configname,Phase5_Tail,
Phase5_Tail-55-20261001-21:25:25-68,runattr,,,datetime,20261001-21:25:25,
Phase5_Tail-55-20261001-21:25:25-68,runattr,,,datetimef,20261001-212525,
Phase5_Tail-55-20261001-21:25:25-68,runattr,,,experiment,Phase5_Tail,
Phase5_Tail-55-20261001-21:25:25-68,runattr,,,inifile,omnetpp.ini,
Phase5_Tail-55-20261001-21:25:25-68,runattr,,,iterationvars,$rho=0.093220338983,
Phase5_Tail-55-20261001-21:25:25-68,runattr,,,iterationvarsd,rho=0.093220338983,
Phase5_Tail-55-20261001-21:25:25-68,runattr,,,iterationvarsf,rho=0.093220338983-,
Phase5_Tail-55-20261001-21:25:25-68,runattr,,,measurement,$rho=0.093220338983,
Phase5_Tail-55-20261001-21:25:25-68,runattr,,,network,dect2020scheduledaccess.DectScheduledAccessNetwork,
Phase5_Tail-55-20261001-21:25:25-68,runattr,,,processid,68,
Phase5_Tail-55-20261001-21:25:25-68,runattr,,,repetition,5,
Phase5_Tail-55-20261001-21:25:25-68,runattr,,,replication,#5,
Phase5_Tail-55-20261001-21:25:25-68,runattr,,,resultdir,results_phase5,
Phase5_Tail-55-20261001-21:25:25-68,runattr,,,runnumber,55,
Phase5_Tail-55-20261001-21:25:25-68,runattr,,,seedset,5,
Phase5_Tail-55-20261001-21:25:25-68,itervar,,,rho,0.093220338983,
Phase5_Tail-55-20261001-21:25:25-68,config,,,result-dir,results_phase5,
Phase5_Tail-55-20261001-21:25:25-68,config,,,repeat,10,
Phase5_Tail-55-20261001-21:25:25-68,config,,,seed-set,5,
Phase5_Tail-55-20261001-21:25:25-68,config,,,*.queue.D,10,
Phase5_Tail-55-20261001-21:25:25-68,config,,,*.queue.r,30,
Phase5_Tail-55-20261001-21:25:25-68,config,,,*.queue.rho,0.093220338983,
Phase5_Tail-55-20261001-21:25:25-68,config,,,*.queue.warmupCompletedPackets,200000,
Phase5_Tail-55-20261001-21:25:25-68,config,,,*.queue.targetCompletedPackets,1000000,
Phase5_Tail-55-20261001-21:25:25-68,config,,,*.queue.recordVectors,false,
Phase5_Tail-55-20261001-21:25:25-68,config,,,*.queue.recordTailStatistics,true,
Phase5_Tail-55-20261001-21:25:25-68,config,,,network,dect2020scheduledaccess.DectScheduledAccessNetwork,
Phase5_Tail-55-20261001-21:25:25-68,config,,,cmdenv-express-mode,true,
Phase5_Tail-55-20261001-21:25:25-68,config,,,cmdenv-status-frequency,10s,
Phase5_Tail-55-20261001-21:25:25-68,config,,,result-dir,results,
Phase5_Tail-55-20261001-21:25:25-68,config,,,*.queue.frameDuration,10ms,
Phase5_Tail-55-20261001-21:25:25-68,config,,,*.queue.meanType1ServiceTime,0.4166666667ms,
Phase5_Tail-55-20261001-21:25:25-68,config,,,*.queue.deriveDectParametersFromD,true,
Phase5_Tail-55-20261001-21:25:25-68,config,,,*.queue.deriveLambdaFromRho,true,
Phase5_Tail-55-20261001-21:25:25-68,config,,,*.queue.warmupCompletedPackets,200000,
Phase5_Tail-55-20261001-21:25:25-68,config,,,*.queue.targetCompletedPackets,1000000,
Phase5_Tail-55-20261001-21:25:25-68,config,,,*.queue.recordVectors,false,
Phase5_Tail-55-20261001-21:25:25-68,config,,,*.queue.rngIndex,0,
Phase5_Tail-56-20261001-21:25:26-68,runattr,,,configname,Phase5_Tail,
Phase5_Tail-56-20261001-21:25:26-68,runattr,,,datetime,20261001-21:25:26,
Phase5_Tail-56-20261001-21:25:26-68,runattr,,,datetimef,20261001-212526,
Phase5_Tail-56-20261001-21:25:26-68,runattr,,,experiment,Phase5_Tail,
Phase5_Tail-56-20261001-21:25:26-68,runattr,,,inifile,omnetpp.ini,
Phase5_Tail-56-20261001-21:25:26-68,runattr,,,iterationvars,$rho=0.093220338983,
Phase5_Tail-56-20261001-21:25:26-68,runattr,,,iterationvarsd,rho=0.093220338983,
Phase5_Tail-56-20261001-21:25:26-68,runattr,,,iterationvarsf,rho=0.093220338983-,
Phase5_Tail-56-20261001-21:25:26-68,runattr,,,measurement,$rho=0.093220338983,
Phase5_Tail-56-20261001-21:25:26-68,runattr,,,network,dect2020scheduledaccess.DectScheduledAccessNetwork,
Phase5_Tail-56-20261001-21:25:26-68,runattr,,,processid,68,
Phase5_Tail-56-20261001-21:25:26-68,runattr,,,repetition,6,
Phase5_Tail-56-20261001-21:25:26-68,runattr,,,replication,#6,
Phase5_Tail-56-20261001-21:25:26-68,runattr,,,resultdir,results_phase5,
Phase5_Tail-56-20261001-21:25:26-68,runattr,,,runnumber,56,
Phase5_Tail-56-20261001-21:25:26-68,runattr,,,seedset,6,
Phase5_Tail-56-20261001-21:25:26-68,itervar,,,rho,0.093220338983,
Phase5_Tail-56-20261001-21:25:26-68,config,,,result-dir,results_phase5,
Phase5_Tail-56-20261001-21:25:26-68,config,,,repeat,10,
Phase5_Tail-56-20261001-21:25:26-68,config,,,seed-set,6,
Phase5_Tail-56-20261001-21:25:26-68,config,,,*.queue.D,10,
Phase5_Tail-56-20261001-21:25:26-68,config,,,*.queue.r,30,
Phase5_Tail-56-20261001-21:25:26-68,config,,,*.queue.rho,0.093220338983,
Phase5_Tail-56-20261001-21:25:26-68,config,,,*.queue.warmupCompletedPackets,200000,
Phase5_Tail-56-20261001-21:25:26-68,config,,,*.queue.targetCompletedPackets,1000000,
Phase5_Tail-56-20261001-21:25:26-68,config,,,*.queue.recordVectors,false,
Phase5_Tail-56-20261001-21:25:26-68,config,,,*.queue.recordTailStatistics,true,
Phase5_Tail-56-20261001-21:25:26-68,config,,,network,dect2020scheduledaccess.DectScheduledAccessNetwork,
Phase5_Tail-56-20261001-21:25:26-68,config,,,cmdenv-express-mode,true,
Phase5_Tail-56-20261001-21:25:26-68,config,,,cmdenv-status-frequency,10s,
Phase5_Tail-56-20261001-21:25:26-68,config,,,result-dir,results,
Phase5_Tail-56-20261001-21:25:26-68,config,,,*.queue.frameDuration,10ms,
Phase5_Tail-56-20261001-21:25:26-68,config,,,*.queue.meanType1ServiceTime,0.4166666667ms,
Phase5_Tail-56-20261001-21:25:26-68,config,,,*.queue.deriveDectParametersFromD,true,
Phase5_Tail-56-20261001-21:25:26-68,config,,,*.queue.deriveLambdaFromRho,true,
Phase5_Tail-56-20261001-21:25:26-68,config,,,*.queue.warmupCompletedPackets,200000,
Phase5_Tail-56-20261001-21:25:26-68,config,,,*.queue.targetCompletedPackets,1000000,
Phase5_Tail-56-20261001-21:25:26-68,config,,,*.queue.recordVectors,false,
Phase5_Tail-56-20261001-21:25:26-68,config,,,*.queue.rngIndex,0,
Phase5_Tail-57-20261001-21:25:26-68,runattr,,,configname,Phase5_Tail,
Phase5_Tail-57-20261001-21:25:26-68,runattr,,,datetime,20261001-21:25:26,
Phase5_Tail-57-20261001-21:25:26-68,runattr,,,datetimef,20261001-212526,
Phase5_Tail-57-20261001-21:25:26-68,runattr,,,experiment,Phase5_Tail,
Phase5_Tail-57-20261001-21:25:26-68,runattr,,,inifile,omnetpp.ini,
Phase5_Tail-57-20261001-21:25:26-68,runattr,,,iterationvars,$rho=0.093220338983,
Phase5_Tail-57-20261001-21:25:26-68,runattr,,,iterationvarsd,rho=0.093220338983,
Phase5_Tail-57-20261001-21:25:26-68,runattr,,,iterationvarsf,rho=0.093220338983-,
Phase5_Tail-57-20261001-21:25:26-68,runattr,,,measurement,$rho=0.093220338983,
Phase5_Tail-57-20261001-21:25:26-68,runattr,,,network,dect2020scheduledaccess.DectScheduledAccessNetwork,
Phase5_Tail-57-20261001-21:25:26-68,runattr,,,processid,68,
Phase5_Tail-57-20261001-21:25:26-68,runattr,,,repetition,7,
Phase5_Tail-57-20261001-21:25:26-68,runattr,,,replication,#7,
Phase5_Tail-57-20261001-21:25:26-68,runattr,,,resultdir,results_phase5,
Phase5_Tail-57-20261001-21:25:26-68,runattr,,,runnumber,57,
Phase5_Tail-57-20261001-21:25:26-68,runattr,,,seedset,7,
Phase5_Tail-57-20261001-21:25:26-68,itervar,,,rho,0.093220338983,
Phase5_Tail-57-20261001-21:25:26-68,config,,,result-dir,results_phase5,
Phase5_Tail-57-20261001-21:25:26-68,config,,,repeat,10,
Phase5_Tail-57-20261001-21:25:26-68,config,,,seed-set,7,
Phase5_Tail-57-20261001-21:25:26-68,config,,,*.queue.D,10,
Phase5_Tail-57-20261001-21:25:26-68,config,,,*.queue.r,30,
Phase5_Tail-57-20261001-21:25:26-68,config,,,*.queue.rho,0.093220338983,
Phase5_Tail-57-20261001-21:25:26-68,config,,,*.queue.warmupCompletedPackets,200000,
Phase5_Tail-57-20261001-21:25:26-68,config,,,*.queue.targetCompletedPackets,1000000,
Phase5_Tail-57-20261001-21:25:26-68,config,,,*.queue.recordVectors,false,
Phase5_Tail-57-20261001-21:25:26-68,config,,,*.queue.recordTailStatistics,true,
Phase5_Tail-57-20261001-21:25:26-68,config,,,network,dect2020scheduledaccess.DectScheduledAccessNetwork,
Phase5_Tail-57-20261001-21:25:26-68,config,,,cmdenv-express-mode,true,
Phase5_Tail-57-20261001-21:25:26-68,config,,,cmdenv-status-frequency,10s,
Phase5_Tail-57-20261001-21:25:26-68,config,,,result-dir,results,
Phase5_Tail-57-20261001-21:25:26-68,config,,,*.queue.frameDuration,10ms,
Phase5_Tail-57-20261001-21:25:26-68,config,,,*.queue.meanType1ServiceTime,0.4166666667ms,
Phase5_Tail-57-20261001-21:25:26-68,config,,,*.queue.deriveDectParametersFromD,true,
Phase5_Tail-57-20261001-21:25:26-68,config,,,*.queue.deriveLambdaFromRho,true,
Phase5_Tail-57-20261001-21:25:26-68,config,,,*.queue.warmupCompletedPackets,200000,
Phase5_Tail-57-20261001-21:25:26-68,config,,,*.queue.targetCompletedPackets,1000000,
Phase5_Tail-57-20261001-21:25:26-68,config,,,*.queue.recordVectors,false,
Phase5_Tail-57-20261001-21:25:26-68,config,,,*.queue.rngIndex,0,
Phase5_Tail-59-20261001-21:25:27-68,runattr,,,configname,Phase5_Tail,
Phase5_Tail-59-20261001-21:25:27-68,runattr,,,datetime,20261001-21:25:27,
Phase5_Tail-59-20261001-21:25:27-68,runattr,,,datetimef,20261001-212527,
Phase5_Tail-59-20261001-21:25:27-68,runattr,,,experiment,Phase5_Tail,
Phase5_Tail-59-20261001-21:25:27-68,runattr,,,inifile,omnetpp.ini,
Phase5_Tail-59-20261001-21:25:27-68,runattr,,,iterationvars,$rho=0.093220338983,
Phase5_Tail-59-20261001-21:25:27-68,runattr,,,iterationvarsd,rho=0.093220338983,
Phase5_Tail-59-20261001-21:25:27-68,runattr,,,iterationvarsf,rho=0.093220338983-,
Phase5_Tail-59-20261001-21:25:27-68,runattr,,,measurement,$rho=0.093220338983,
Phase5_Tail-59-20261001-21:25:27-68,runattr,,,network,dect2020scheduledaccess.DectScheduledAccessNetwork,
Phase5_Tail-59-20261001-21:25:27-68,runattr,,,processid,68,
Phase5_Tail-59-20261001-21:25:27-68,runattr,,,repetition,9,
Phase5_Tail-59-20261001-21:25:27-68,runattr,,,replication,#9,
Phase5_Tail-59-20261001-21:25:27-68,runattr,,,resultdir,results_phase5,
Phase5_Tail-59-20261001-21:25:27-68,runattr,,,runnumber,59,
Phase5_Tail-59-20261001-21:25:27-68,runattr,,,seedset,9,
Phase5_Tail-59-20261001-21:25:27-68,itervar,,,rho,0.093220338983,
Phase5_Tail-59-20261001-21:25:27-68,config,,,result-dir,results_phase5,
Phase5_Tail-59-20261001-21:25:27-68,config,,,repeat,10,
Phase5_Tail-59-20261001-21:25:27-68,config,,,seed-set,9,
Phase5_Tail-59-20261001-21:25:27-68,config,,,*.queue.D,10,
Phase5_Tail-59-20261001-21:25:27-68,config,,,*.queue.r,30,
Phase5_Tail-59-20261001-21:25:27-68,config,,,*.queue.rho,0.093220338983,
Phase5_Tail-59-20261001-21:25:27-68,config,,,*.queue.warmupCompletedPackets,200000,
Phase5_Tail-59-20261001-21:25:27-68,config,,,*.queue.targetCompletedPackets,1000000,
Phase5_Tail-59-20261001-21:25:27-68,config,,,*.queue.recordVectors,false,
Phase5_Tail-59-20261001-21:25:27-68,config,,,*.queue.recordTailStatistics,true,
Phase5_Tail-59-20261001-21:25:27-68,config,,,network,dect2020scheduledaccess.DectScheduledAccessNetwork,
Phase5_Tail-59-20261001-21:25:27-68,config,,,cmdenv-express-mode,true,
Phase5_Tail-59-20261001-21:25:27-68,config,,,cmdenv-status-frequency,10s,
Phase5_Tail-59-20261001-21:25:27-68,config,,,result-dir,results,
Phase5_Tail-59-20261001-21:25:27-68,config,,,*.queue.frameDuration,10ms,
Phase5_Tail-59-20261001-21:25:27-68,config,,,*.queue.meanType1ServiceTime,0.4166666667ms,
Phase5_Tail-59-20261001-21:25:27-68,config,,,*.queue.deriveDectParametersFromD,true,
Phase5_Tail-59-20261001-21:25:27-68,config,,,*.queue.deriveLambdaFromRho,true,
Phase5_Tail-59-20261001-21:25:27-68,config,,,*.queue.warmupCompletedPackets,200000,
Phase5_Tail-59-20261001-21:25:27-68,config,,,*.queue.targetCompletedPackets,1000000,
Phase5_Tail-59-20261001-21:25:27-68,config,,,*.queue.recordVectors,false,
Phase5_Tail-59-20261001-21:25:27-68,config,,,*.queue.rngIndex,0,
Phase5_Tail-58-20261001-21:25:26-68,runattr,,,configname,Phase5_Tail,
Phase5_Tail-58-20261001-21:25:26-68,runattr,,,datetime,20261001-21:25:26,
Phase5_Tail-58-20261001-21:25:26-68,runattr,,,datetimef,20261001-212526,
Phase5_Tail-58-20261001-21:25:26-68,runattr,,,experiment,Phase5_Tail,
Phase5_Tail-58-20261001-21:25:26-68,runattr,,,inifile,omnetpp.ini,
Phase5_Tail-58-20261001-21:25:26-68,runattr,,,iterationvars,$rho=0.093220338983,
Phase5_Tail-58-20261001-21:25:26-68,runattr,,,iterationvarsd,rho=0.093220338983,
Phase5_Tail-58-20261001-21:25:26-68,runattr,,,iterationvarsf,rho=0.093220338983-,
Phase5_Tail-58-20261001-21:25:26-68,runattr,,,measurement,$rho=0.093220338983,
Phase5_Tail-58-20261001-21:25:26-68,runattr,,,network,dect2020scheduledaccess.DectScheduledAccessNetwork,
Phase5_Tail-58-20261001-21:25:26-68,runattr,,,processid,68,
Phase5_Tail-58-20261001-21:25:26-68,runattr,,,repetition,8,
Phase5_Tail-58-20261001-21:25:26-68,runattr,,,replication,#8,
Phase5_Tail-58-20261001-21:25:26-68,runattr,,,resultdir,results_phase5,
Phase5_Tail-58-20261001-21:25:26-68,runattr,,,runnumber,58,
Phase5_Tail-58-20261001-21:25:26-68,runattr,,,seedset,8,
Phase5_Tail-58-20261001-21:25:26-68,itervar,,,rho,0.093220338983,
Phase5_Tail-58-20261001-21:25:26-68,config,,,result-dir,results_phase5,
Phase5_Tail-58-20261001-21:25:26-68,config,,,repeat,10,
Phase5_Tail-58-20261001-21:25:26-68,config,,,seed-set,8,
Phase5_Tail-58-20261001-21:25:26-68,config,,,*.queue.D,10,
Phase5_Tail-58-20261001-21:25:26-68,config,,,*.queue.r,30,
Phase5_Tail-58-20261001-21:25:26-68,config,,,*.queue.rho,0.093220338983,
Phase5_Tail-58-20261001-21:25:26-68,config,,,*.queue.warmupCompletedPackets,200000,
Phase5_Tail-58-20261001-21:25:26-68,config,,,*.queue.targetCompletedPackets,1000000,
Phase5_Tail-58-20261001-21:25:26-68,config,,,*.queue.recordVectors,false,
Phase5_Tail-58-20261001-21:25:26-68,config,,,*.queue.recordTailStatistics,true,
Phase5_Tail-58-20261001-21:25:26-68,config,,,network,dect2020scheduledaccess.DectScheduledAccessNetwork,
Phase5_Tail-58-20261001-21:25:26-68,config,,,cmdenv-express-mode,true,
Phase5_Tail-58-20261001-21:25:26-68,config,,,cmdenv-status-frequency,10s,
Phase5_Tail-58-20261001-21:25:26-68,config,,,result-dir,results,
Phase5_Tail-58-20261001-21:25:26-68,config,,,*.queue.frameDuration,10ms,
Phase5_Tail-58-20261001-21:25:26-68,config,,,*.queue.meanType1ServiceTime,0.4166666667ms,
Phase5_Tail-58-20261001-21:25:26-68,config,,,*.queue.deriveDectParametersFromD,true,
Phase5_Tail-58-20261001-21:25:26-68,config,,,*.queue.deriveLambdaFromRho,true,
Phase5_Tail-58-20261001-21:25:26-68,config,,,*.queue.warmupCompletedPackets,200000,
Phase5_Tail-58-20261001-21:25:26-68,config,,,*.queue.targetCompletedPackets,1000000,
Phase5_Tail-58-20261001-21:25:26-68,config,,,*.queue.recordVectors,false,
Phase5_Tail-58-20261001-21:25:26-68,config,,,*.queue.rngIndex,0,
Phase5_Tail-60-20261001-21:25:27-68,runattr,,,configname,Phase5_Tail,
Phase5_Tail-60-20261001-21:25:27-68,runattr,,,datetime,20261001-21:25:27,
Phase5_Tail-60-20261001-21:25:27-68,runattr,,,datetimef,20261001-212527,
Phase5_Tail-60-20261001-21:25:27-68,runattr,,,experiment,Phase5_Tail,
Phase5_Tail-60-20261001-21:25:27-68,runattr,,,inifile,omnetpp.ini,
Phase5_Tail-60-20261001-21:25:27-68,runattr,,,iterationvars,$rho=0.101694915254,
Phase5_Tail-60-20261001-21:25:27-68,runattr,,,iterationvarsd,rho=0.101694915254,
Phase5_Tail-60-20261001-21:25:27-68,runattr,,,iterationvarsf,rho=0.101694915254-,
Phase5_Tail-60-20261001-21:25:27-68,runattr,,,measurement,$rho=0.101694915254,
Phase5_Tail-60-20261001-21:25:27-68,runattr,,,network,dect2020scheduledaccess.DectScheduledAccessNetwork,
Phase5_Tail-60-20261001-21:25:27-68,runattr,,,processid,68,
Phase5_Tail-60-20261001-21:25:27-68,runattr,,,repetition,0,
Phase5_Tail-60-20261001-21:25:27-68,runattr,,,replication,#0,
Phase5_Tail-60-20261001-21:25:27-68,runattr,,,resultdir,results_phase5,
Phase5_Tail-60-20261001-21:25:27-68,runattr,,,runnumber,60,
Phase5_Tail-60-20261001-21:25:27-68,runattr,,,seedset,0,
Phase5_Tail-60-20261001-21:25:27-68,itervar,,,rho,0.101694915254,
Phase5_Tail-60-20261001-21:25:27-68,config,,,result-dir,results_phase5,
Phase5_Tail-60-20261001-21:25:27-68,config,,,repeat,10,
Phase5_Tail-60-20261001-21:25:27-68,config,,,seed-set,0,
Phase5_Tail-60-20261001-21:25:27-68,config,,,*.queue.D,10,
Phase5_Tail-60-20261001-21:25:27-68,config,,,*.queue.r,30,
Phase5_Tail-60-20261001-21:25:27-68,config,,,*.queue.rho,0.101694915254,
Phase5_Tail-60-20261001-21:25:27-68,config,,,*.queue.warmupCompletedPackets,200000,
Phase5_Tail-60-20261001-21:25:27-68,config,,,*.queue.targetCompletedPackets,1000000,
Phase5_Tail-60-20261001-21:25:27-68,config,,,*.queue.recordVectors,false,
Phase5_Tail-60-20261001-21:25:27-68,config,,,*.queue.recordTailStatistics,true,
Phase5_Tail-60-20261001-21:25:27-68,config,,,network,dect2020scheduledaccess.DectScheduledAccessNetwork,
Phase5_Tail-60-20261001-21:25:27-68,config,,,cmdenv-express-mode,true,
Phase5_Tail-60-20261001-21:25:27-68,config,,,cmdenv-status-frequency,10s,
Phase5_Tail-60-20261001-21:25:27-68,config,,,result-dir,results,
Phase5_Tail-60-20261001-21:25:27-68,config,,,*.queue.frameDuration,10ms,
Phase5_Tail-60-20261001-21:25:27-68,config,,,*.queue.meanType1ServiceTime,0.4166666667ms,
Phase5_Tail-60-20261001-21:25:27-68,config,,,*.queue.deriveDectParametersFromD,true,
Phase5_Tail-60-20261001-21:25:27-68,config,,,*.queue.deriveLambdaFromRho,true,
Phase5_Tail-60-20261001-21:25:27-68,config,,,*.queue.warmupCompletedPackets,200000,
Phase5_Tail-60-20261001-21:25:27-68,config,,,*.queue.targetCompletedPackets,1000000,
Phase5_Tail-60-20261001-21:25:27-68,config,,,*.queue.recordVectors,false,
Phase5_Tail-60-20261001-21:25:27-68,config,,,*.queue.rngIndex,0,
Phase5_Tail-61-20261001-21:25:27-68,runattr,,,configname,Phase5_Tail,
Phase5_Tail-61-20261001-21:25:27-68,runattr,,,datetime,20261001-21:25:27,
Phase5_Tail-61-20261001-21:25:27-68,runattr,,,datetimef,20261001-212527,
Phase5_Tail-61-20261001-21:25:27-68,runattr,,,experiment,Phase5_Tail,
Phase5_Tail-61-20261001-21:25:27-68,runattr,,,inifile,omnetpp.ini,
Phase5_Tail-61-20261001-21:25:27-68,runattr,,,iterationvars,$rho=0.101694915254,
Phase5_Tail-61-20261001-21:25:27-68,runattr,,,iterationvarsd,rho=0.101694915254,
Phase5_Tail-61-20261001-21:25:27-68,runattr,,,iterationvarsf,rho=0.101694915254-,
Phase5_Tail-61-20261001-21:25:27-68,runattr,,,measurement,$rho=0.101694915254,
Phase5_Tail-61-20261001-21:25:27-68,runattr,,,network,dect2020scheduledaccess.DectScheduledAccessNetwork,
Phase5_Tail-61-20261001-21:25:27-68,runattr,,,processid,68,
Phase5_Tail-61-20261001-21:25:27-68,runattr,,,repetition,1,
Phase5_Tail-61-20261001-21:25:27-68,runattr,,,replication,#1,
Phase5_Tail-61-20261001-21:25:27-68,runattr,,,resultdir,results_phase5,
Phase5_Tail-61-20261001-21:25:27-68,runattr,,,runnumber,61,
Phase5_Tail-61-20261001-21:25:27-68,runattr,,,seedset,1,
Phase5_Tail-61-20261001-21:25:27-68,itervar,,,rho,0.101694915254,
Phase5_Tail-61-20261001-21:25:27-68,config,,,result-dir,results_phase5,
Phase5_Tail-61-20261001-21:25:27-68,config,,,repeat,10,
Phase5_Tail-61-20261001-21:25:27-68,config,,,seed-set,1,
Phase5_Tail-61-20261001-21:25:27-68,config,,,*.queue.D,10,
Phase5_Tail-61-20261001-21:25:27-68,config,,,*.queue.r,30,
Phase5_Tail-61-20261001-21:25:27-68,config,,,*.queue.rho,0.101694915254,
Phase5_Tail-61-20261001-21:25:27-68,config,,,*.queue.warmupCompletedPackets,200000,
Phase5_Tail-61-20261001-21:25:27-68,config,,,*.queue.targetCompletedPackets,1000000,
Phase5_Tail-61-20261001-21:25:27-68,config,,,*.queue.recordVectors,false,
Phase5_Tail-61-20261001-21:25:27-68,config,,,*.queue.recordTailStatistics,true,
Phase5_Tail-61-20261001-21:25:27-68,config,,,network,dect2020scheduledaccess.DectScheduledAccessNetwork,
Phase5_Tail-61-20261001-21:25:27-68,config,,,cmdenv-express-mode,true,
Phase5_Tail-61-20261001-21:25:27-68,config,,,cmdenv-status-frequency,10s,
Phase5_Tail-61-20261001-21:25:27-68,config,,,result-dir,results,
Phase5_Tail-61-20261001-21:25:27-68,config,,,*.queue.frameDuration,10ms,
Phase5_Tail-61-20261001-21:25:27-68,config,,,*.queue.meanType1ServiceTime,0.4166666667ms,
Phase5_Tail-61-20261001-21:25:27-68,config,,,*.queue.deriveDectParametersFromD,true,
Phase5_Tail-61-20261001-21:25:27-68,config,,,*.queue.deriveLambdaFromRho,true,
Phase5_Tail-61-20261001-21:25:27-68,config,,,*.queue.warmupCompletedPackets,200000,
Phase5_Tail-61-20261001-21:25:27-68,config,,,*.queue.targetCompletedPackets,1000000,
Phase5_Tail-61-20261001-21:25:27-68,config,,,*.queue.recordVectors,false,
Phase5_Tail-61-20261001-21:25:27-68,config,,,*.queue.rngIndex,0,
Phase5_Tail-62-20261001-21:25:28-68,runattr,,,configname,Phase5_Tail,
Phase5_Tail-62-20261001-21:25:28-68,runattr,,,datetime,20261001-21:25:28,
Phase5_Tail-62-20261001-21:25:28-68,runattr,,,datetimef,20261001-212528,
Phase5_Tail-62-20261001-21:25:28-68,runattr,,,experiment,Phase5_Tail,
Phase5_Tail-62-20261001-21:25:28-68,runattr,,,inifile,omnetpp.ini,
Phase5_Tail-62-20261001-21:25:28-68,runattr,,,iterationvars,$rho=0.101694915254,
Phase5_Tail-62-20261001-21:25:28-68,runattr,,,iterationvarsd,rho=0.101694915254,
Phase5_Tail-62-20261001-21:25:28-68,runattr,,,iterationvarsf,rho=0.101694915254-,
Phase5_Tail-62-20261001-21:25:28-68,runattr,,,measurement,$rho=0.101694915254,
Phase5_Tail-62-20261001-21:25:28-68,runattr,,,network,dect2020scheduledaccess.DectScheduledAccessNetwork,
Phase5_Tail-62-20261001-21:25:28-68,runattr,,,processid,68,
Phase5_Tail-62-20261001-21:25:28-68,runattr,,,repetition,2,
Phase5_Tail-62-20261001-21:25:28-68,runattr,,,replication,#2,
Phase5_Tail-62-20261001-21:25:28-68,runattr,,,resultdir,results_phase5,
Phase5_Tail-62-20261001-21:25:28-68,runattr,,,runnumber,62,
Phase5_Tail-62-20261001-21:25:28-68,runattr,,,seedset,2,
Phase5_Tail-62-20261001-21:25:28-68,itervar,,,rho,0.101694915254,
Phase5_Tail-62-20261001-21:25:28-68,config,,,result-dir,results_phase5,
Phase5_Tail-62-20261001-21:25:28-68,config,,,repeat,10,
Phase5_Tail-62-20261001-21:25:28-68,config,,,seed-set,2,
Phase5_Tail-62-20261001-21:25:28-68,config,,,*.queue.D,10,
Phase5_Tail-62-20261001-21:25:28-68,config,,,*.queue.r,30,
Phase5_Tail-62-20261001-21:25:28-68,config,,,*.queue.rho,0.101694915254,
Phase5_Tail-62-20261001-21:25:28-68,config,,,*.queue.warmupCompletedPackets,200000,
Phase5_Tail-62-20261001-21:25:28-68,config,,,*.queue.targetCompletedPackets,1000000,
Phase5_Tail-62-20261001-21:25:28-68,config,,,*.queue.recordVectors,false,
Phase5_Tail-62-20261001-21:25:28-68,config,,,*.queue.recordTailStatistics,true,
Phase5_Tail-62-20261001-21:25:28-68,config,,,network,dect2020scheduledaccess.DectScheduledAccessNetwork,
Phase5_Tail-62-20261001-21:25:28-68,config,,,cmdenv-express-mode,true,
Phase5_Tail-62-20261001-21:25:28-68,config,,,cmdenv-status-frequency,10s,
Phase5_Tail-62-20261001-21:25:28-68,config,,,result-dir,results,
Phase5_Tail-62-20261001-21:25:28-68,config,,,*.queue.frameDuration,10ms,
Phase5_Tail-62-20261001-21:25:28-68,config,,,*.queue.meanType1ServiceTime,0.4166666667ms,
Phase5_Tail-62-20261001-21:25:28-68,config,,,*.queue.deriveDectParametersFromD,true,
Phase5_Tail-62-20261001-21:25:28-68,config,,,*.queue.deriveLambdaFromRho,true,
Phase5_Tail-62-20261001-21:25:28-68,config,,,*.queue.warmupCompletedPackets,200000,
Phase5_Tail-62-20261001-21:25:28-68,config,,,*.queue.targetCompletedPackets,1000000,
Phase5_Tail-62-20261001-21:25:28-68,config,,,*.queue.recordVectors,false,
Phase5_Tail-62-20261001-21:25:28-68,config,,,*.queue.rngIndex,0,
Phase5_Tail-63-20261001-21:25:28-68,runattr,,,configname,Phase5_Tail,
Phase5_Tail-63-20261001-21:25:28-68,runattr,,,datetime,20261001-21:25:28,
Phase5_Tail-63-20261001-21:25:28-68,runattr,,,datetimef,20261001-212528,
Phase5_Tail-63-20261001-21:25:28-68,runattr,,,experiment,Phase5_Tail,
Phase5_Tail-63-20261001-21:25:28-68,runattr,,,inifile,omnetpp.ini,
Phase5_Tail-63-20261001-21:25:28-68,runattr,,,iterationvars,$rho=0.101694915254,
Phase5_Tail-63-20261001-21:25:28-68,runattr,,,iterationvarsd,rho=0.101694915254,
Phase5_Tail-63-20261001-21:25:28-68,runattr,,,iterationvarsf,rho=0.101694915254-,
Phase5_Tail-63-20261001-21:25:28-68,runattr,,,measurement,$rho=0.101694915254,
Phase5_Tail-63-20261001-21:25:28-68,runattr,,,network,dect2020scheduledaccess.DectScheduledAccessNetwork,
Phase5_Tail-63-20261001-21:25:28-68,runattr,,,processid,68,
Phase5_Tail-63-20261001-21:25:28-68,runattr,,,repetition,3,
Phase5_Tail-63-20261001-21:25:28-68,runattr,,,replication,#3,
Phase5_Tail-63-20261001-21:25:28-68,runattr,,,resultdir,results_phase5,
Phase5_Tail-63-20261001-21:25:28-68,runattr,,,runnumber,63,
Phase5_Tail-63-20261001-21:25:28-68,runattr,,,seedset,3,
Phase5_Tail-63-20261001-21:25:28-68,itervar,,,rho,0.101694915254,
Phase5_Tail-63-20261001-21:25:28-68,config,,,result-dir,results_phase5,
Phase5_Tail-63-20261001-21:25:28-68,config,,,repeat,10,
Phase5_Tail-63-20261001-21:25:28-68,config,,,seed-set,3,
Phase5_Tail-63-20261001-21:25:28-68,config,,,*.queue.D,10,
Phase5_Tail-63-20261001-21:25:28-68,config,,,*.queue.r,30,
Phase5_Tail-63-20261001-21:25:28-68,config,,,*.queue.rho,0.101694915254,
Phase5_Tail-63-20261001-21:25:28-68,config,,,*.queue.warmupCompletedPackets,200000,
Phase5_Tail-63-20261001-21:25:28-68,config,,,*.queue.targetCompletedPackets,1000000,
Phase5_Tail-63-20261001-21:25:28-68,config,,,*.queue.recordVectors,false,
Phase5_Tail-63-20261001-21:25:28-68,config,,,*.queue.recordTailStatistics,true,
Phase5_Tail-63-20261001-21:25:28-68,config,,,network,dect2020scheduledaccess.DectScheduledAccessNetwork,
Phase5_Tail-63-20261001-21:25:28-68,config,,,cmdenv-express-mode,true,
Phase5_Tail-63-20261001-21:25:28-68,config,,,cmdenv-status-frequency,10s,
Phase5_Tail-63-20261001-21:25:28-68,config,,,result-dir,results,
Phase5_Tail-63-20261001-21:25:28-68,config,,,*.queue.frameDuration,10ms,
Phase5_Tail-63-20261001-21:25:28-68,config,,,*.queue.meanType1ServiceTime,0.4166666667ms,
Phase5_Tail-63-20261001-21:25:28-68,config,,,*.queue.deriveDectParametersFromD,true,
Phase5_Tail-63-20261001-21:25:28-68,config,,,*.queue.deriveLambdaFromRho,true,
Phase5_Tail-63-20261001-21:25:28-68,config,,,*.queue.warmupCompletedPackets,200000,
Phase5_Tail-63-20261001-21:25:28-68,config,,,*.queue.targetCompletedPackets,1000000,
Phase5_Tail-63-20261001-21:25:28-68,config,,,*.queue.recordVectors,false,
Phase5_Tail-63-20261001-21:25:28-68,config,,,*.queue.rngIndex,0,
Phase5_Tail-65-20261001-21:25:29-68,runattr,,,configname,Phase5_Tail,
Phase5_Tail-65-20261001-21:25:29-68,runattr,,,datetime,20261001-21:25:29,
Phase5_Tail-65-20261001-21:25:29-68,runattr,,,datetimef,20261001-212529,
Phase5_Tail-65-20261001-21:25:29-68,runattr,,,experiment,Phase5_Tail,
Phase5_Tail-65-20261001-21:25:29-68,runattr,,,inifile,omnetpp.ini,
Phase5_Tail-65-20261001-21:25:29-68,runattr,,,iterationvars,$rho=0.101694915254,
Phase5_Tail-65-20261001-21:25:29-68,runattr,,,iterationvarsd,rho=0.101694915254,
Phase5_Tail-65-20261001-21:25:29-68,runattr,,,iterationvarsf,rho=0.101694915254-,
Phase5_Tail-65-20261001-21:25:29-68,runattr,,,measurement,$rho=0.101694915254,
Phase5_Tail-65-20261001-21:25:29-68,runattr,,,network,dect2020scheduledaccess.DectScheduledAccessNetwork,
Phase5_Tail-65-20261001-21:25:29-68,runattr,,,processid,68,
Phase5_Tail-65-20261001-21:25:29-68,runattr,,,repetition,5,
Phase5_Tail-65-20261001-21:25:29-68,runattr,,,replication,#5,
Phase5_Tail-65-20261001-21:25:29-68,runattr,,,resultdir,results_phase5,
Phase5_Tail-65-20261001-21:25:29-68,runattr,,,runnumber,65,
Phase5_Tail-65-20261001-21:25:29-68,runattr,,,seedset,5,
Phase5_Tail-65-20261001-21:25:29-68,itervar,,,rho,0.101694915254,
Phase5_Tail-65-20261001-21:25:29-68,config,,,result-dir,results_phase5,
Phase5_Tail-65-20261001-21:25:29-68,config,,,repeat,10,
Phase5_Tail-65-20261001-21:25:29-68,config,,,seed-set,5,
Phase5_Tail-65-20261001-21:25:29-68,config,,,*.queue.D,10,
Phase5_Tail-65-20261001-21:25:29-68,config,,,*.queue.r,30,
Phase5_Tail-65-20261001-21:25:29-68,config,,,*.queue.rho,0.101694915254,
Phase5_Tail-65-20261001-21:25:29-68,config,,,*.queue.warmupCompletedPackets,200000,
Phase5_Tail-65-20261001-21:25:29-68,config,,,*.queue.targetCompletedPackets,1000000,
Phase5_Tail-65-20261001-21:25:29-68,config,,,*.queue.recordVectors,false,
Phase5_Tail-65-20261001-21:25:29-68,config,,,*.queue.recordTailStatistics,true,
Phase5_Tail-65-20261001-21:25:29-68,config,,,network,dect2020scheduledaccess.DectScheduledAccessNetwork,
Phase5_Tail-65-20261001-21:25:29-68,config,,,cmdenv-express-mode,true,
Phase5_Tail-65-20261001-21:25:29-68,config,,,cmdenv-status-frequency,10s,
Phase5_Tail-65-20261001-21:25:29-68,config,,,result-dir,results,
Phase5_Tail-65-20261001-21:25:29-68,config,,,*.queue.frameDuration,10ms,
Phase5_Tail-65-20261001-21:25:29-68,config,,,*.queue.meanType1ServiceTime,0.4166666667ms,
Phase5_Tail-65-20261001-21:25:29-68,config,,,*.queue.deriveDectParametersFromD,true,
Phase5_Tail-65-20261001-21:25:29-68,config,,,*.queue.deriveLambdaFromRho,true,
Phase5_Tail-65-20261001-21:25:29-68,config,,,*.queue.warmupCompletedPackets,200000,
Phase5_Tail-65-20261001-21:25:29-68,config,,,*.queue.targetCompletedPackets,1000000,
Phase5_Tail-65-20261001-21:25:29-68,config,,,*.queue.recordVectors,false,
Phase5_Tail-65-20261001-21:25:29-68,config,,,*.queue.rngIndex,0,
Phase5_Tail-64-20261001-21:25:28-68,runattr,,,configname,Phase5_Tail,
Phase5_Tail-64-20261001-21:25:28-68,runattr,,,datetime,20261001-21:25:28,
Phase5_Tail-64-20261001-21:25:28-68,runattr,,,datetimef,20261001-212528,
Phase5_Tail-64-20261001-21:25:28-68,runattr,,,experiment,Phase5_Tail,
Phase5_Tail-64-20261001-21:25:28-68,runattr,,,inifile,omnetpp.ini,
Phase5_Tail-64-20261001-21:25:28-68,runattr,,,iterationvars,$rho=0.101694915254,
Phase5_Tail-64-20261001-21:25:28-68,runattr,,,iterationvarsd,rho=0.101694915254,
Phase5_Tail-64-20261001-21:25:28-68,runattr,,,iterationvarsf,rho=0.101694915254-,
Phase5_Tail-64-20261001-21:25:28-68,runattr,,,measurement,$rho=0.101694915254,
Phase5_Tail-64-20261001-21:25:28-68,runattr,,,network,dect2020scheduledaccess.DectScheduledAccessNetwork,
Phase5_Tail-64-20261001-21:25:28-68,runattr,,,processid,68,
Phase5_Tail-64-20261001-21:25:28-68,runattr,,,repetition,4,
Phase5_Tail-64-20261001-21:25:28-68,runattr,,,replication,#4,
Phase5_Tail-64-20261001-21:25:28-68,runattr,,,resultdir,results_phase5,
Phase5_Tail-64-20261001-21:25:28-68,runattr,,,runnumber,64,
Phase5_Tail-64-20261001-21:25:28-68,runattr,,,seedset,4,
Phase5_Tail-64-20261001-21:25:28-68,itervar,,,rho,0.101694915254,
Phase5_Tail-64-20261001-21:25:28-68,config,,,result-dir,results_phase5,
Phase5_Tail-64-20261001-21:25:28-68,config,,,repeat,10,
Phase5_Tail-64-20261001-21:25:28-68,config,,,seed-set,4,
Phase5_Tail-64-20261001-21:25:28-68,config,,,*.queue.D,10,
Phase5_Tail-64-20261001-21:25:28-68,config,,,*.queue.r,30,
Phase5_Tail-64-20261001-21:25:28-68,config,,,*.queue.rho,0.101694915254,
Phase5_Tail-64-20261001-21:25:28-68,config,,,*.queue.warmupCompletedPackets,200000,
Phase5_Tail-64-20261001-21:25:28-68,config,,,*.queue.targetCompletedPackets,1000000,
Phase5_Tail-64-20261001-21:25:28-68,config,,,*.queue.recordVectors,false,
Phase5_Tail-64-20261001-21:25:28-68,config,,,*.queue.recordTailStatistics,true,
Phase5_Tail-64-20261001-21:25:28-68,config,,,network,dect2020scheduledaccess.DectScheduledAccessNetwork,
Phase5_Tail-64-20261001-21:25:28-68,config,,,cmdenv-express-mode,true,
Phase5_Tail-64-20261001-21:25:28-68,config,,,cmdenv-status-frequency,10s,
Phase5_Tail-64-20261001-21:25:28-68,config,,,result-dir,results,
Phase5_Tail-64-20261001-21:25:28-68,config,,,*.queue.frameDuration,10ms,
Phase5_Tail-64-20261001-21:25:28-68,config,,,*.queue.meanType1ServiceTime,0.4166666667ms,
Phase5_Tail-64-20261001-21:25:28-68,config,,,*.queue.deriveDectParametersFromD,true,
Phase5_Tail-64-20261001-21:25:28-68,config,,,*.queue.deriveLambdaFromRho,true,
Phase5_Tail-64-20261001-21:25:28-68,config,,,*.queue.warmupCompletedPackets,200000,
Phase5_Tail-64-20261001-21:25:28-68,config,,,*.queue.targetCompletedPackets,1000000,
Phase5_Tail-64-20261001-21:25:28-68,config,,,*.queue.recordVectors,false,
Phase5_Tail-64-20261001-21:25:28-68,config,,,*.queue.rngIndex,0,
Phase5_Tail-66-20261001-21:25:29-68,runattr,,,configname,Phase5_Tail,
Phase5_Tail-66-20261001-21:25:29-68,runattr,,,datetime,20261001-21:25:29,
Phase5_Tail-66-20261001-21:25:29-68,runattr,,,datetimef,20261001-212529,
Phase5_Tail-66-20261001-21:25:29-68,runattr,,,experiment,Phase5_Tail,
Phase5_Tail-66-20261001-21:25:29-68,runattr,,,inifile,omnetpp.ini,
Phase5_Tail-66-20261001-21:25:29-68,runattr,,,iterationvars,$rho=0.101694915254,
Phase5_Tail-66-20261001-21:25:29-68,runattr,,,iterationvarsd,rho=0.101694915254,
Phase5_Tail-66-20261001-21:25:29-68,runattr,,,iterationvarsf,rho=0.101694915254-,
Phase5_Tail-66-20261001-21:25:29-68,runattr,,,measurement,$rho=0.101694915254,
Phase5_Tail-66-20261001-21:25:29-68,runattr,,,network,dect2020scheduledaccess.DectScheduledAccessNetwork,
Phase5_Tail-66-20261001-21:25:29-68,runattr,,,processid,68,
Phase5_Tail-66-20261001-21:25:29-68,runattr,,,repetition,6,
Phase5_Tail-66-20261001-21:25:29-68,runattr,,,replication,#6,
Phase5_Tail-66-20261001-21:25:29-68,runattr,,,resultdir,results_phase5,
Phase5_Tail-66-20261001-21:25:29-68,runattr,,,runnumber,66,
Phase5_Tail-66-20261001-21:25:29-68,runattr,,,seedset,6,
Phase5_Tail-66-20261001-21:25:29-68,itervar,,,rho,0.101694915254,
Phase5_Tail-66-20261001-21:25:29-68,config,,,result-dir,results_phase5,
Phase5_Tail-66-20261001-21:25:29-68,config,,,repeat,10,
Phase5_Tail-66-20261001-21:25:29-68,config,,,seed-set,6,
Phase5_Tail-66-20261001-21:25:29-68,config,,,*.queue.D,10,
Phase5_Tail-66-20261001-21:25:29-68,config,,,*.queue.r,30,
Phase5_Tail-66-20261001-21:25:29-68,config,,,*.queue.rho,0.101694915254,
Phase5_Tail-66-20261001-21:25:29-68,config,,,*.queue.warmupCompletedPackets,200000,
Phase5_Tail-66-20261001-21:25:29-68,config,,,*.queue.targetCompletedPackets,1000000,
Phase5_Tail-66-20261001-21:25:29-68,config,,,*.queue.recordVectors,false,
Phase5_Tail-66-20261001-21:25:29-68,config,,,*.queue.recordTailStatistics,true,
Phase5_Tail-66-20261001-21:25:29-68,config,,,network,dect2020scheduledaccess.DectScheduledAccessNetwork,
Phase5_Tail-66-20261001-21:25:29-68,config,,,cmdenv-express-mode,true,
Phase5_Tail-66-20261001-21:25:29-68,config,,,cmdenv-status-frequency,10s,
Phase5_Tail-66-20261001-21:25:29-68,config,,,result-dir,results,
Phase5_Tail-66-20261001-21:25:29-68,config,,,*.queue.frameDuration,10ms,
Phase5_Tail-66-20261001-21:25:29-68,config,,,*.queue.meanType1ServiceTime,0.4166666667ms,
Phase5_Tail-66-20261001-21:25:29-68,config,,,*.queue.deriveDectParametersFromD,true,
Phase5_Tail-66-20261001-21:25:29-68,config,,,*.queue.deriveLambdaFromRho,true,
Phase5_Tail-66-20261001-21:25:29-68,config,,,*.queue.warmupCompletedPackets,200000,
Phase5_Tail-66-20261001-21:25:29-68,config,,,*.queue.targetCompletedPackets,1000000,
Phase5_Tail-66-20261001-21:25:29-68,config,,,*.queue.recordVectors,false,
Phase5_Tail-66-20261001-21:25:29-68,config,,,*.queue.rngIndex,0,
Phase5_Tail-67-20261001-21:25:29-68,runattr,,,configname,Phase5_Tail,
Phase5_Tail-67-20261001-21:25:29-68,runattr,,,datetime,20261001-21:25:29,
Phase5_Tail-67-20261001-21:25:29-68,runattr,,,datetimef,20261001-212529,
Phase5_Tail-67-20261001-21:25:29-68,runattr,,,experiment,Phase5_Tail,
Phase5_Tail-67-20261001-21:25:29-68,runattr,,,inifile,omnetpp.ini,
Phase5_Tail-67-20261001-21:25:29-68,runattr,,,iterationvars,$rho=0.101694915254,
Phase5_Tail-67-20261001-21:25:29-68,runattr,,,iterationvarsd,rho=0.101694915254,
Phase5_Tail-67-20261001-21:25:29-68,runattr,,,iterationvarsf,rho=0.101694915254-,
Phase5_Tail-67-20261001-21:25:29-68,runattr,,,measurement,$rho=0.101694915254,
Phase5_Tail-67-20261001-21:25:29-68,runattr,,,network,dect2020scheduledaccess.DectScheduledAccessNetwork,
Phase5_Tail-67-20261001-21:25:29-68,runattr,,,processid,68,
Phase5_Tail-67-20261001-21:25:29-68,runattr,,,repetition,7,
Phase5_Tail-67-20261001-21:25:29-68,runattr,,,replication,#7,
Phase5_Tail-67-20261001-21:25:29-68,runattr,,,resultdir,results_phase5,
Phase5_Tail-67-20261001-21:25:29-68,runattr,,,runnumber,67,
Phase5_Tail-67-20261001-21:25:29-68,runattr,,,seedset,7,
Phase5_Tail-67-20261001-21:25:29-68,itervar,,,rho,0.101694915254,
Phase5_Tail-67-20261001-21:25:29-68,config,,,result-dir,results_phase5,
Phase5_Tail-67-20261001-21:25:29-68,config,,,repeat,10,
Phase5_Tail-67-20261001-21:25:29-68,config,,,seed-set,7,
Phase5_Tail-67-20261001-21:25:29-68,config,,,*.queue.D,10,
Phase5_Tail-67-20261001-21:25:29-68,config,,,*.queue.r,30,
Phase5_Tail-67-20261001-21:25:29-68,config,,,*.queue.rho,0.101694915254,
Phase5_Tail-67-20261001-21:25:29-68,config,,,*.queue.warmupCompletedPackets,200000,
Phase5_Tail-67-20261001-21:25:29-68,config,,,*.queue.targetCompletedPackets,1000000,
Phase5_Tail-67-20261001-21:25:29-68,config,,,*.queue.recordVectors,false,
Phase5_Tail-67-20261001-21:25:29-68,config,,,*.queue.recordTailStatistics,true,
Phase5_Tail-67-20261001-21:25:29-68,config,,,network,dect2020scheduledaccess.DectScheduledAccessNetwork,
Phase5_Tail-67-20261001-21:25:29-68,config,,,cmdenv-express-mode,true,
Phase5_Tail-67-20261001-21:25:29-68,config,,,cmdenv-status-frequency,10s,
Phase5_Tail-67-20261001-21:25:29-68,config,,,result-dir,results,
Phase5_Tail-67-20261001-21:25:29-68,config,,,*.queue.frameDuration,10ms,
Phase5_Tail-67-20261001-21:25:29-68,config,,,*.queue.meanType1ServiceTime,0.4166666667ms,
Phase5_Tail-67-20261001-21:25:29-68,config,,,*.queue.deriveDectParametersFromD,true,
Phase5_Tail-67-20261001-21:25:29-68,config,,,*.queue.deriveLambdaFromRho,true,
Phase5_Tail-67-20261001-21:25:29-68,config,,,*.queue.warmupCompletedPackets,200000,
Phase5_Tail-67-20261001-21:25:29-68,config,,,*.queue.targetCompletedPackets,1000000,
Phase5_Tail-67-20261001-21:25:29-68,config,,,*.queue.recordVectors,false,
Phase5_Tail-67-20261001-21:25:29-68,config,,,*.queue.rngIndex,0,
Phase5_Tail-68-20261001-21:25:30-68,runattr,,,configname,Phase5_Tail,
Phase5_Tail-68-20261001-21:25:30-68,runattr,,,datetime,20261001-21:25:30,
Phase5_Tail-68-20261001-21:25:30-68,runattr,,,datetimef,20261001-212530,
Phase5_Tail-68-20261001-21:25:30-68,runattr,,,experiment,Phase5_Tail,
Phase5_Tail-68-20261001-21:25:30-68,runattr,,,inifile,omnetpp.ini,
Phase5_Tail-68-20261001-21:25:30-68,runattr,,,iterationvars,$rho=0.101694915254,
Phase5_Tail-68-20261001-21:25:30-68,runattr,,,iterationvarsd,rho=0.101694915254,
Phase5_Tail-68-20261001-21:25:30-68,runattr,,,iterationvarsf,rho=0.101694915254-,
Phase5_Tail-68-20261001-21:25:30-68,runattr,,,measurement,$rho=0.101694915254,
Phase5_Tail-68-20261001-21:25:30-68,runattr,,,network,dect2020scheduledaccess.DectScheduledAccessNetwork,
Phase5_Tail-68-20261001-21:25:30-68,runattr,,,processid,68,
Phase5_Tail-68-20261001-21:25:30-68,runattr,,,repetition,8,
Phase5_Tail-68-20261001-21:25:30-68,runattr,,,replication,#8,
Phase5_Tail-68-20261001-21:25:30-68,runattr,,,resultdir,results_phase5,
Phase5_Tail-68-20261001-21:25:30-68,runattr,,,runnumber,68,
Phase5_Tail-68-20261001-21:25:30-68,runattr,,,seedset,8,
Phase5_Tail-68-20261001-21:25:30-68,itervar,,,rho,0.101694915254,
Phase5_Tail-68-20261001-21:25:30-68,config,,,result-dir,results_phase5,
Phase5_Tail-68-20261001-21:25:30-68,config,,,repeat,10,
Phase5_Tail-68-20261001-21:25:30-68,config,,,seed-set,8,
Phase5_Tail-68-20261001-21:25:30-68,config,,,*.queue.D,10,
Phase5_Tail-68-20261001-21:25:30-68,config,,,*.queue.r,30,
Phase5_Tail-68-20261001-21:25:30-68,config,,,*.queue.rho,0.101694915254,
Phase5_Tail-68-20261001-21:25:30-68,config,,,*.queue.warmupCompletedPackets,200000,
Phase5_Tail-68-20261001-21:25:30-68,config,,,*.queue.targetCompletedPackets,1000000,
Phase5_Tail-68-20261001-21:25:30-68,config,,,*.queue.recordVectors,false,
Phase5_Tail-68-20261001-21:25:30-68,config,,,*.queue.recordTailStatistics,true,
Phase5_Tail-68-20261001-21:25:30-68,config,,,network,dect2020scheduledaccess.DectScheduledAccessNetwork,
Phase5_Tail-68-20261001-21:25:30-68,config,,,cmdenv-express-mode,true,
Phase5_Tail-68-20261001-21:25:30-68,config,,,cmdenv-status-frequency,10s,
Phase5_Tail-68-20261001-21:25:30-68,config,,,result-dir,results,
Phase5_Tail-68-20261001-21:25:30-68,config,,,*.queue.frameDuration,10ms,
Phase5_Tail-68-20261001-21:25:30-68,config,,,*.queue.meanType1ServiceTime,0.4166666667ms,
Phase5_Tail-68-20261001-21:25:30-68,config,,,*.queue.deriveDectParametersFromD,true,
Phase5_Tail-68-20261001-21:25:30-68,config,,,*.queue.deriveLambdaFromRho,true,
Phase5_Tail-68-20261001-21:25:30-68,config,,,*.queue.warmupCompletedPackets,200000,
Phase5_Tail-68-20261001-21:25:30-68,config,,,*.queue.targetCompletedPackets,1000000,
Phase5_Tail-68-20261001-21:25:30-68,config,,,*.queue.recordVectors,false,
Phase5_Tail-68-20261001-21:25:30-68,config,,,*.queue.rngIndex,0,
Phase5_Tail-69-20261001-21:25:30-68,runattr,,,configname,Phase5_Tail,
Phase5_Tail-69-20261001-21:25:30-68,runattr,,,datetime,20261001-21:25:30,
Phase5_Tail-69-20261001-21:25:30-68,runattr,,,datetimef,20261001-212530,
Phase5_Tail-69-20261001-21:25:30-68,runattr,,,experiment,Phase5_Tail,
Phase5_Tail-69-20261001-21:25:30-68,runattr,,,inifile,omnetpp.ini,
Phase5_Tail-69-20261001-21:25:30-68,runattr,,,iterationvars,$rho=0.101694915254,
Phase5_Tail-69-20261001-21:25:30-68,runattr,,,iterationvarsd,rho=0.101694915254,
Phase5_Tail-69-20261001-21:25:30-68,runattr,,,iterationvarsf,rho=0.101694915254-,
Phase5_Tail-69-20261001-21:25:30-68,runattr,,,measurement,$rho=0.101694915254,
Phase5_Tail-69-20261001-21:25:30-68,runattr,,,network,dect2020scheduledaccess.DectScheduledAccessNetwork,
Phase5_Tail-69-20261001-21:25:30-68,runattr,,,processid,68,
Phase5_Tail-69-20261001-21:25:30-68,runattr,,,repetition,9,
Phase5_Tail-69-20261001-21:25:30-68,runattr,,,replication,#9,
Phase5_Tail-69-20261001-21:25:30-68,runattr,,,resultdir,results_phase5,
Phase5_Tail-69-20261001-21:25:30-68,runattr,,,runnumber,69,
Phase5_Tail-69-20261001-21:25:30-68,runattr,,,seedset,9,
Phase5_Tail-69-20261001-21:25:30-68,itervar,,,rho,0.101694915254,
Phase5_Tail-69-20261001-21:25:30-68,config,,,result-dir,results_phase5,
Phase5_Tail-69-20261001-21:25:30-68,config,,,repeat,10,
Phase5_Tail-69-20261001-21:25:30-68,config,,,seed-set,9,
Phase5_Tail-69-20261001-21:25:30-68,config,,,*.queue.D,10,
Phase5_Tail-69-20261001-21:25:30-68,config,,,*.queue.r,30,
Phase5_Tail-69-20261001-21:25:30-68,config,,,*.queue.rho,0.101694915254,
Phase5_Tail-69-20261001-21:25:30-68,config,,,*.queue.warmupCompletedPackets,200000,
Phase5_Tail-69-20261001-21:25:30-68,config,,,*.queue.targetCompletedPackets,1000000,
Phase5_Tail-69-20261001-21:25:30-68,config,,,*.queue.recordVectors,false,
Phase5_Tail-69-20261001-21:25:30-68,config,,,*.queue.recordTailStatistics,true,
Phase5_Tail-69-20261001-21:25:30-68,config,,,network,dect2020scheduledaccess.DectScheduledAccessNetwork,
Phase5_Tail-69-20261001-21:25:30-68,config,,,cmdenv-express-mode,true,
Phase5_Tail-69-20261001-21:25:30-68,config,,,cmdenv-status-frequency,10s,
Phase5_Tail-69-20261001-21:25:30-68,config,,,result-dir,results,
Phase5_Tail-69-20261001-21:25:30-68,config,,,*.queue.frameDuration,10ms,
Phase5_Tail-69-20261001-21:25:30-68,config,,,*.queue.meanType1ServiceTime,0.4166666667ms,
Phase5_Tail-69-20261001-21:25:30-68,config,,,*.queue.deriveDectParametersFromD,true,
Phase5_Tail-69-20261001-21:25:30-68,config,,,*.queue.deriveLambdaFromRho,true,
Phase5_Tail-69-20261001-21:25:30-68,config,,,*.queue.warmupCompletedPackets,200000,
Phase5_Tail-69-20261001-21:25:30-68,config,,,*.queue.targetCompletedPackets,1000000,
Phase5_Tail-69-20261001-21:25:30-68,config,,,*.queue.recordVectors,false,
Phase5_Tail-69-20261001-21:25:30-68,config,,,*.queue.rngIndex,0,
Phase5_Tail-70-20261001-21:25:30-68,runattr,,,configname,Phase5_Tail,
Phase5_Tail-70-20261001-21:25:30-68,runattr,,,datetime,20261001-21:25:30,
Phase5_Tail-70-20261001-21:25:30-68,runattr,,,datetimef,20261001-212530,
Phase5_Tail-70-20261001-21:25:30-68,runattr,,,experiment,Phase5_Tail,
Phase5_Tail-70-20261001-21:25:30-68,runattr,,,inifile,omnetpp.ini,
Phase5_Tail-70-20261001-21:25:30-68,runattr,,,iterationvars,$rho=0.127118644068,
Phase5_Tail-70-20261001-21:25:30-68,runattr,,,iterationvarsd,rho=0.127118644068,
Phase5_Tail-70-20261001-21:25:30-68,runattr,,,iterationvarsf,rho=0.127118644068-,
Phase5_Tail-70-20261001-21:25:30-68,runattr,,,measurement,$rho=0.127118644068,
Phase5_Tail-70-20261001-21:25:30-68,runattr,,,network,dect2020scheduledaccess.DectScheduledAccessNetwork,
Phase5_Tail-70-20261001-21:25:30-68,runattr,,,processid,68,
Phase5_Tail-70-20261001-21:25:30-68,runattr,,,repetition,0,
Phase5_Tail-70-20261001-21:25:30-68,runattr,,,replication,#0,
Phase5_Tail-70-20261001-21:25:30-68,runattr,,,resultdir,results_phase5,
Phase5_Tail-70-20261001-21:25:30-68,runattr,,,runnumber,70,
Phase5_Tail-70-20261001-21:25:30-68,runattr,,,seedset,0,
Phase5_Tail-70-20261001-21:25:30-68,itervar,,,rho,0.127118644068,
Phase5_Tail-70-20261001-21:25:30-68,config,,,result-dir,results_phase5,
Phase5_Tail-70-20261001-21:25:30-68,config,,,repeat,10,
Phase5_Tail-70-20261001-21:25:30-68,config,,,seed-set,0,
Phase5_Tail-70-20261001-21:25:30-68,config,,,*.queue.D,10,
Phase5_Tail-70-20261001-21:25:30-68,config,,,*.queue.r,30,
Phase5_Tail-70-20261001-21:25:30-68,config,,,*.queue.rho,0.127118644068,
Phase5_Tail-70-20261001-21:25:30-68,config,,,*.queue.warmupCompletedPackets,200000,
Phase5_Tail-70-20261001-21:25:30-68,config,,,*.queue.targetCompletedPackets,1000000,
Phase5_Tail-70-20261001-21:25:30-68,config,,,*.queue.recordVectors,false,
Phase5_Tail-70-20261001-21:25:30-68,config,,,*.queue.recordTailStatistics,true,
Phase5_Tail-70-20261001-21:25:30-68,config,,,network,dect2020scheduledaccess.DectScheduledAccessNetwork,
Phase5_Tail-70-20261001-21:25:30-68,config,,,cmdenv-express-mode,true,
Phase5_Tail-70-20261001-21:25:30-68,config,,,cmdenv-status-frequency,10s,
Phase5_Tail-70-20261001-21:25:30-68,config,,,result-dir,results,
Phase5_Tail-70-20261001-21:25:30-68,config,,,*.queue.frameDuration,10ms,
Phase5_Tail-70-20261001-21:25:30-68,config,,,*.queue.meanType1ServiceTime,0.4166666667ms,
Phase5_Tail-70-20261001-21:25:30-68,config,,,*.queue.deriveDectParametersFromD,true,
Phase5_Tail-70-20261001-21:25:30-68,config,,,*.queue.deriveLambdaFromRho,true,
Phase5_Tail-70-20261001-21:25:30-68,config,,,*.queue.warmupCompletedPackets,200000,
Phase5_Tail-70-20261001-21:25:30-68,config,,,*.queue.targetCompletedPackets,1000000,
Phase5_Tail-70-20261001-21:25:30-68,config,,,*.queue.recordVectors,false,
Phase5_Tail-70-20261001-21:25:30-68,config,,,*.queue.rngIndex,0,
Phase5_Tail-71-20261001-21:25:31-68,runattr,,,configname,Phase5_Tail,
Phase5_Tail-71-20261001-21:25:31-68,runattr,,,datetime,20261001-21:25:31,
Phase5_Tail-71-20261001-21:25:31-68,runattr,,,datetimef,20261001-212531,
Phase5_Tail-71-20261001-21:25:31-68,runattr,,,experiment,Phase5_Tail,
Phase5_Tail-71-20261001-21:25:31-68,runattr,,,inifile,omnetpp.ini,
Phase5_Tail-71-20261001-21:25:31-68,runattr,,,iterationvars,$rho=0.127118644068,
Phase5_Tail-71-20261001-21:25:31-68,runattr,,,iterationvarsd,rho=0.127118644068,
Phase5_Tail-71-20261001-21:25:31-68,runattr,,,iterationvarsf,rho=0.127118644068-,
Phase5_Tail-71-20261001-21:25:31-68,runattr,,,measurement,$rho=0.127118644068,
Phase5_Tail-71-20261001-21:25:31-68,runattr,,,network,dect2020scheduledaccess.DectScheduledAccessNetwork,
Phase5_Tail-71-20261001-21:25:31-68,runattr,,,processid,68,
Phase5_Tail-71-20261001-21:25:31-68,runattr,,,repetition,1,
Phase5_Tail-71-20261001-21:25:31-68,runattr,,,replication,#1,
Phase5_Tail-71-20261001-21:25:31-68,runattr,,,resultdir,results_phase5,
Phase5_Tail-71-20261001-21:25:31-68,runattr,,,runnumber,71,
Phase5_Tail-71-20261001-21:25:31-68,runattr,,,seedset,1,
Phase5_Tail-71-20261001-21:25:31-68,itervar,,,rho,0.127118644068,
Phase5_Tail-71-20261001-21:25:31-68,config,,,result-dir,results_phase5,
Phase5_Tail-71-20261001-21:25:31-68,config,,,repeat,10,
Phase5_Tail-71-20261001-21:25:31-68,config,,,seed-set,1,
Phase5_Tail-71-20261001-21:25:31-68,config,,,*.queue.D,10,
Phase5_Tail-71-20261001-21:25:31-68,config,,,*.queue.r,30,
Phase5_Tail-71-20261001-21:25:31-68,config,,,*.queue.rho,0.127118644068,
Phase5_Tail-71-20261001-21:25:31-68,config,,,*.queue.warmupCompletedPackets,200000,
Phase5_Tail-71-20261001-21:25:31-68,config,,,*.queue.targetCompletedPackets,1000000,
Phase5_Tail-71-20261001-21:25:31-68,config,,,*.queue.recordVectors,false,
Phase5_Tail-71-20261001-21:25:31-68,config,,,*.queue.recordTailStatistics,true,
Phase5_Tail-71-20261001-21:25:31-68,config,,,network,dect2020scheduledaccess.DectScheduledAccessNetwork,
Phase5_Tail-71-20261001-21:25:31-68,config,,,cmdenv-express-mode,true,
Phase5_Tail-71-20261001-21:25:31-68,config,,,cmdenv-status-frequency,10s,
Phase5_Tail-71-20261001-21:25:31-68,config,,,result-dir,results,
Phase5_Tail-71-20261001-21:25:31-68,config,,,*.queue.frameDuration,10ms,
Phase5_Tail-71-20261001-21:25:31-68,config,,,*.queue.meanType1ServiceTime,0.4166666667ms,
Phase5_Tail-71-20261001-21:25:31-68,config,,,*.queue.deriveDectParametersFromD,true,
Phase5_Tail-71-20261001-21:25:31-68,config,,,*.queue.deriveLambdaFromRho,true,
Phase5_Tail-71-20261001-21:25:31-68,config,,,*.queue.warmupCompletedPackets,200000,
Phase5_Tail-71-20261001-21:25:31-68,config,,,*.queue.targetCompletedPackets,1000000,
Phase5_Tail-71-20261001-21:25:31-68,config,,,*.queue.recordVectors,false,
Phase5_Tail-71-20261001-21:25:31-68,config,,,*.queue.rngIndex,0,
Phase5_Tail-72-20261001-21:25:31-68,runattr,,,configname,Phase5_Tail,
Phase5_Tail-72-20261001-21:25:31-68,runattr,,,datetime,20261001-21:25:31,
Phase5_Tail-72-20261001-21:25:31-68,runattr,,,datetimef,20261001-212531,
Phase5_Tail-72-20261001-21:25:31-68,runattr,,,experiment,Phase5_Tail,
Phase5_Tail-72-20261001-21:25:31-68,runattr,,,inifile,omnetpp.ini,
Phase5_Tail-72-20261001-21:25:31-68,runattr,,,iterationvars,$rho=0.127118644068,
Phase5_Tail-72-20261001-21:25:31-68,runattr,,,iterationvarsd,rho=0.127118644068,
Phase5_Tail-72-20261001-21:25:31-68,runattr,,,iterationvarsf,rho=0.127118644068-,
Phase5_Tail-72-20261001-21:25:31-68,runattr,,,measurement,$rho=0.127118644068,
Phase5_Tail-72-20261001-21:25:31-68,runattr,,,network,dect2020scheduledaccess.DectScheduledAccessNetwork,
Phase5_Tail-72-20261001-21:25:31-68,runattr,,,processid,68,
Phase5_Tail-72-20261001-21:25:31-68,runattr,,,repetition,2,
Phase5_Tail-72-20261001-21:25:31-68,runattr,,,replication,#2,
Phase5_Tail-72-20261001-21:25:31-68,runattr,,,resultdir,results_phase5,
Phase5_Tail-72-20261001-21:25:31-68,runattr,,,runnumber,72,
Phase5_Tail-72-20261001-21:25:31-68,runattr,,,seedset,2,
Phase5_Tail-72-20261001-21:25:31-68,itervar,,,rho,0.127118644068,
Phase5_Tail-72-20261001-21:25:31-68,config,,,result-dir,results_phase5,
Phase5_Tail-72-20261001-21:25:31-68,config,,,repeat,10,
Phase5_Tail-72-20261001-21:25:31-68,config,,,seed-set,2,
Phase5_Tail-72-20261001-21:25:31-68,config,,,*.queue.D,10,
Phase5_Tail-72-20261001-21:25:31-68,config,,,*.queue.r,30,
Phase5_Tail-72-20261001-21:25:31-68,config,,,*.queue.rho,0.127118644068,
Phase5_Tail-72-20261001-21:25:31-68,config,,,*.queue.warmupCompletedPackets,200000,
Phase5_Tail-72-20261001-21:25:31-68,config,,,*.queue.targetCompletedPackets,1000000,
Phase5_Tail-72-20261001-21:25:31-68,config,,,*.queue.recordVectors,false,
Phase5_Tail-72-20261001-21:25:31-68,config,,,*.queue.recordTailStatistics,true,
Phase5_Tail-72-20261001-21:25:31-68,config,,,network,dect2020scheduledaccess.DectScheduledAccessNetwork,
Phase5_Tail-72-20261001-21:25:31-68,config,,,cmdenv-express-mode,true,
Phase5_Tail-72-20261001-21:25:31-68,config,,,cmdenv-status-frequency,10s,
Phase5_Tail-72-20261001-21:25:31-68,config,,,result-dir,results,
Phase5_Tail-72-20261001-21:25:31-68,config,,,*.queue.frameDuration,10ms,
Phase5_Tail-72-20261001-21:25:31-68,config,,,*.queue.meanType1ServiceTime,0.4166666667ms,
Phase5_Tail-72-20261001-21:25:31-68,config,,,*.queue.deriveDectParametersFromD,true,
Phase5_Tail-72-20261001-21:25:31-68,config,,,*.queue.deriveLambdaFromRho,true,
Phase5_Tail-72-20261001-21:25:31-68,config,,,*.queue.warmupCompletedPackets,200000,
Phase5_Tail-72-20261001-21:25:31-68,config,,,*.queue.targetCompletedPackets,1000000,
Phase5_Tail-72-20261001-21:25:31-68,config,,,*.queue.recordVectors,false,
Phase5_Tail-72-20261001-21:25:31-68,config,,,*.queue.rngIndex,0,
Phase5_Tail-73-20261001-21:25:32-68,runattr,,,configname,Phase5_Tail,
Phase5_Tail-73-20261001-21:25:32-68,runattr,,,datetime,20261001-21:25:32,
Phase5_Tail-73-20261001-21:25:32-68,runattr,,,datetimef,20261001-212532,
Phase5_Tail-73-20261001-21:25:32-68,runattr,,,experiment,Phase5_Tail,
Phase5_Tail-73-20261001-21:25:32-68,runattr,,,inifile,omnetpp.ini,
Phase5_Tail-73-20261001-21:25:32-68,runattr,,,iterationvars,$rho=0.127118644068,
Phase5_Tail-73-20261001-21:25:32-68,runattr,,,iterationvarsd,rho=0.127118644068,
Phase5_Tail-73-20261001-21:25:32-68,runattr,,,iterationvarsf,rho=0.127118644068-,
Phase5_Tail-73-20261001-21:25:32-68,runattr,,,measurement,$rho=0.127118644068,
Phase5_Tail-73-20261001-21:25:32-68,runattr,,,network,dect2020scheduledaccess.DectScheduledAccessNetwork,
Phase5_Tail-73-20261001-21:25:32-68,runattr,,,processid,68,
Phase5_Tail-73-20261001-21:25:32-68,runattr,,,repetition,3,
Phase5_Tail-73-20261001-21:25:32-68,runattr,,,replication,#3,
Phase5_Tail-73-20261001-21:25:32-68,runattr,,,resultdir,results_phase5,
Phase5_Tail-73-20261001-21:25:32-68,runattr,,,runnumber,73,
Phase5_Tail-73-20261001-21:25:32-68,runattr,,,seedset,3,
Phase5_Tail-73-20261001-21:25:32-68,itervar,,,rho,0.127118644068,
Phase5_Tail-73-20261001-21:25:32-68,config,,,result-dir,results_phase5,
Phase5_Tail-73-20261001-21:25:32-68,config,,,repeat,10,
Phase5_Tail-73-20261001-21:25:32-68,config,,,seed-set,3,
Phase5_Tail-73-20261001-21:25:32-68,config,,,*.queue.D,10,
Phase5_Tail-73-20261001-21:25:32-68,config,,,*.queue.r,30,
Phase5_Tail-73-20261001-21:25:32-68,config,,,*.queue.rho,0.127118644068,
Phase5_Tail-73-20261001-21:25:32-68,config,,,*.queue.warmupCompletedPackets,200000,
Phase5_Tail-73-20261001-21:25:32-68,config,,,*.queue.targetCompletedPackets,1000000,
Phase5_Tail-73-20261001-21:25:32-68,config,,,*.queue.recordVectors,false,
Phase5_Tail-73-20261001-21:25:32-68,config,,,*.queue.recordTailStatistics,true,
Phase5_Tail-73-20261001-21:25:32-68,config,,,network,dect2020scheduledaccess.DectScheduledAccessNetwork,
Phase5_Tail-73-20261001-21:25:32-68,config,,,cmdenv-express-mode,true,
Phase5_Tail-73-20261001-21:25:32-68,config,,,cmdenv-status-frequency,10s,
Phase5_Tail-73-20261001-21:25:32-68,config,,,result-dir,results,
Phase5_Tail-73-20261001-21:25:32-68,config,,,*.queue.frameDuration,10ms,
Phase5_Tail-73-20261001-21:25:32-68,config,,,*.queue.meanType1ServiceTime,0.4166666667ms,
Phase5_Tail-73-20261001-21:25:32-68,config,,,*.queue.deriveDectParametersFromD,true,
Phase5_Tail-73-20261001-21:25:32-68,config,,,*.queue.deriveLambdaFromRho,true,
Phase5_Tail-73-20261001-21:25:32-68,config,,,*.queue.warmupCompletedPackets,200000,
Phase5_Tail-73-20261001-21:25:32-68,config,,,*.queue.targetCompletedPackets,1000000,
Phase5_Tail-73-20261001-21:25:32-68,config,,,*.queue.recordVectors,false,
Phase5_Tail-73-20261001-21:25:32-68,config,,,*.queue.rngIndex,0,
Phase5_Tail-74-20261001-21:25:32-68,runattr,,,configname,Phase5_Tail,
Phase5_Tail-74-20261001-21:25:32-68,runattr,,,datetime,20261001-21:25:32,
Phase5_Tail-74-20261001-21:25:32-68,runattr,,,datetimef,20261001-212532,
Phase5_Tail-74-20261001-21:25:32-68,runattr,,,experiment,Phase5_Tail,
Phase5_Tail-74-20261001-21:25:32-68,runattr,,,inifile,omnetpp.ini,
Phase5_Tail-74-20261001-21:25:32-68,runattr,,,iterationvars,$rho=0.127118644068,
Phase5_Tail-74-20261001-21:25:32-68,runattr,,,iterationvarsd,rho=0.127118644068,
Phase5_Tail-74-20261001-21:25:32-68,runattr,,,iterationvarsf,rho=0.127118644068-,
Phase5_Tail-74-20261001-21:25:32-68,runattr,,,measurement,$rho=0.127118644068,
Phase5_Tail-74-20261001-21:25:32-68,runattr,,,network,dect2020scheduledaccess.DectScheduledAccessNetwork,
Phase5_Tail-74-20261001-21:25:32-68,runattr,,,processid,68,
Phase5_Tail-74-20261001-21:25:32-68,runattr,,,repetition,4,
Phase5_Tail-74-20261001-21:25:32-68,runattr,,,replication,#4,
Phase5_Tail-74-20261001-21:25:32-68,runattr,,,resultdir,results_phase5,
Phase5_Tail-74-20261001-21:25:32-68,runattr,,,runnumber,74,
Phase5_Tail-74-20261001-21:25:32-68,runattr,,,seedset,4,
Phase5_Tail-74-20261001-21:25:32-68,itervar,,,rho,0.127118644068,
Phase5_Tail-74-20261001-21:25:32-68,config,,,result-dir,results_phase5,
Phase5_Tail-74-20261001-21:25:32-68,config,,,repeat,10,
Phase5_Tail-74-20261001-21:25:32-68,config,,,seed-set,4,
Phase5_Tail-74-20261001-21:25:32-68,config,,,*.queue.D,10,
Phase5_Tail-74-20261001-21:25:32-68,config,,,*.queue.r,30,
Phase5_Tail-74-20261001-21:25:32-68,config,,,*.queue.rho,0.127118644068,
Phase5_Tail-74-20261001-21:25:32-68,config,,,*.queue.warmupCompletedPackets,200000,
Phase5_Tail-74-20261001-21:25:32-68,config,,,*.queue.targetCompletedPackets,1000000,
Phase5_Tail-74-20261001-21:25:32-68,config,,,*.queue.recordVectors,false,
Phase5_Tail-74-20261001-21:25:32-68,config,,,*.queue.recordTailStatistics,true,
Phase5_Tail-74-20261001-21:25:32-68,config,,,network,dect2020scheduledaccess.DectScheduledAccessNetwork,
Phase5_Tail-74-20261001-21:25:32-68,config,,,cmdenv-express-mode,true,
Phase5_Tail-74-20261001-21:25:32-68,config,,,cmdenv-status-frequency,10s,
Phase5_Tail-74-20261001-21:25:32-68,config,,,result-dir,results,
Phase5_Tail-74-20261001-21:25:32-68,config,,,*.queue.frameDuration,10ms,
Phase5_Tail-74-20261001-21:25:32-68,config,,,*.queue.meanType1ServiceTime,0.4166666667ms,
Phase5_Tail-74-20261001-21:25:32-68,config,,,*.queue.deriveDectParametersFromD,true,
Phase5_Tail-74-20261001-21:25:32-68,config,,,*.queue.deriveLambdaFromRho,true,
Phase5_Tail-74-20261001-21:25:32-68,config,,,*.queue.warmupCompletedPackets,200000,
Phase5_Tail-74-20261001-21:25:32-68,config,,,*.queue.targetCompletedPackets,1000000,
Phase5_Tail-74-20261001-21:25:32-68,config,,,*.queue.recordVectors,false,
Phase5_Tail-74-20261001-21:25:32-68,config,,,*.queue.rngIndex,0,
Phase5_Tail-75-20261001-21:25:32-68,runattr,,,configname,Phase5_Tail,
Phase5_Tail-75-20261001-21:25:32-68,runattr,,,datetime,20261001-21:25:32,
Phase5_Tail-75-20261001-21:25:32-68,runattr,,,datetimef,20261001-212532,
Phase5_Tail-75-20261001-21:25:32-68,runattr,,,experiment,Phase5_Tail,
Phase5_Tail-75-20261001-21:25:32-68,runattr,,,inifile,omnetpp.ini,
Phase5_Tail-75-20261001-21:25:32-68,runattr,,,iterationvars,$rho=0.127118644068,
Phase5_Tail-75-20261001-21:25:32-68,runattr,,,iterationvarsd,rho=0.127118644068,
Phase5_Tail-75-20261001-21:25:32-68,runattr,,,iterationvarsf,rho=0.127118644068-,
Phase5_Tail-75-20261001-21:25:32-68,runattr,,,measurement,$rho=0.127118644068,
Phase5_Tail-75-20261001-21:25:32-68,runattr,,,network,dect2020scheduledaccess.DectScheduledAccessNetwork,
Phase5_Tail-75-20261001-21:25:32-68,runattr,,,processid,68,
Phase5_Tail-75-20261001-21:25:32-68,runattr,,,repetition,5,
Phase5_Tail-75-20261001-21:25:32-68,runattr,,,replication,#5,
Phase5_Tail-75-20261001-21:25:32-68,runattr,,,resultdir,results_phase5,
Phase5_Tail-75-20261001-21:25:32-68,runattr,,,runnumber,75,
Phase5_Tail-75-20261001-21:25:32-68,runattr,,,seedset,5,
Phase5_Tail-75-20261001-21:25:32-68,itervar,,,rho,0.127118644068,
Phase5_Tail-75-20261001-21:25:32-68,config,,,result-dir,results_phase5,
Phase5_Tail-75-20261001-21:25:32-68,config,,,repeat,10,
Phase5_Tail-75-20261001-21:25:32-68,config,,,seed-set,5,
Phase5_Tail-75-20261001-21:25:32-68,config,,,*.queue.D,10,
Phase5_Tail-75-20261001-21:25:32-68,config,,,*.queue.r,30,
Phase5_Tail-75-20261001-21:25:32-68,config,,,*.queue.rho,0.127118644068,
Phase5_Tail-75-20261001-21:25:32-68,config,,,*.queue.warmupCompletedPackets,200000,
Phase5_Tail-75-20261001-21:25:32-68,config,,,*.queue.targetCompletedPackets,1000000,
Phase5_Tail-75-20261001-21:25:32-68,config,,,*.queue.recordVectors,false,
Phase5_Tail-75-20261001-21:25:32-68,config,,,*.queue.recordTailStatistics,true,
Phase5_Tail-75-20261001-21:25:32-68,config,,,network,dect2020scheduledaccess.DectScheduledAccessNetwork,
Phase5_Tail-75-20261001-21:25:32-68,config,,,cmdenv-express-mode,true,
Phase5_Tail-75-20261001-21:25:32-68,config,,,cmdenv-status-frequency,10s,
Phase5_Tail-75-20261001-21:25:32-68,config,,,result-dir,results,
Phase5_Tail-75-20261001-21:25:32-68,config,,,*.queue.frameDuration,10ms,
Phase5_Tail-75-20261001-21:25:32-68,config,,,*.queue.meanType1ServiceTime,0.4166666667ms,
Phase5_Tail-75-20261001-21:25:32-68,config,,,*.queue.deriveDectParametersFromD,true,
Phase5_Tail-75-20261001-21:25:32-68,config,,,*.queue.deriveLambdaFromRho,true,
Phase5_Tail-75-20261001-21:25:32-68,config,,,*.queue.warmupCompletedPackets,200000,
Phase5_Tail-75-20261001-21:25:32-68,config,,,*.queue.targetCompletedPackets,1000000,
Phase5_Tail-75-20261001-21:25:32-68,config,,,*.queue.recordVectors,false,
Phase5_Tail-75-20261001-21:25:32-68,config,,,*.queue.rngIndex,0,
Phase5_Tail-76-20261001-21:25:33-68,runattr,,,configname,Phase5_Tail,
Phase5_Tail-76-20261001-21:25:33-68,runattr,,,datetime,20261001-21:25:33,
Phase5_Tail-76-20261001-21:25:33-68,runattr,,,datetimef,20261001-212533,
Phase5_Tail-76-20261001-21:25:33-68,runattr,,,experiment,Phase5_Tail,
Phase5_Tail-76-20261001-21:25:33-68,runattr,,,inifile,omnetpp.ini,
Phase5_Tail-76-20261001-21:25:33-68,runattr,,,iterationvars,$rho=0.127118644068,
Phase5_Tail-76-20261001-21:25:33-68,runattr,,,iterationvarsd,rho=0.127118644068,
Phase5_Tail-76-20261001-21:25:33-68,runattr,,,iterationvarsf,rho=0.127118644068-,
Phase5_Tail-76-20261001-21:25:33-68,runattr,,,measurement,$rho=0.127118644068,
Phase5_Tail-76-20261001-21:25:33-68,runattr,,,network,dect2020scheduledaccess.DectScheduledAccessNetwork,
Phase5_Tail-76-20261001-21:25:33-68,runattr,,,processid,68,
Phase5_Tail-76-20261001-21:25:33-68,runattr,,,repetition,6,
Phase5_Tail-76-20261001-21:25:33-68,runattr,,,replication,#6,
Phase5_Tail-76-20261001-21:25:33-68,runattr,,,resultdir,results_phase5,
Phase5_Tail-76-20261001-21:25:33-68,runattr,,,runnumber,76,
Phase5_Tail-76-20261001-21:25:33-68,runattr,,,seedset,6,
Phase5_Tail-76-20261001-21:25:33-68,itervar,,,rho,0.127118644068,
Phase5_Tail-76-20261001-21:25:33-68,config,,,result-dir,results_phase5,
Phase5_Tail-76-20261001-21:25:33-68,config,,,repeat,10,
Phase5_Tail-76-20261001-21:25:33-68,config,,,seed-set,6,
Phase5_Tail-76-20261001-21:25:33-68,config,,,*.queue.D,10,
Phase5_Tail-76-20261001-21:25:33-68,config,,,*.queue.r,30,
Phase5_Tail-76-20261001-21:25:33-68,config,,,*.queue.rho,0.127118644068,
Phase5_Tail-76-20261001-21:25:33-68,config,,,*.queue.warmupCompletedPackets,200000,
Phase5_Tail-76-20261001-21:25:33-68,config,,,*.queue.targetCompletedPackets,1000000,
Phase5_Tail-76-20261001-21:25:33-68,config,,,*.queue.recordVectors,false,
Phase5_Tail-76-20261001-21:25:33-68,config,,,*.queue.recordTailStatistics,true,
Phase5_Tail-76-20261001-21:25:33-68,config,,,network,dect2020scheduledaccess.DectScheduledAccessNetwork,
Phase5_Tail-76-20261001-21:25:33-68,config,,,cmdenv-express-mode,true,
Phase5_Tail-76-20261001-21:25:33-68,config,,,cmdenv-status-frequency,10s,
Phase5_Tail-76-20261001-21:25:33-68,config,,,result-dir,results,
Phase5_Tail-76-20261001-21:25:33-68,config,,,*.queue.frameDuration,10ms,
Phase5_Tail-76-20261001-21:25:33-68,config,,,*.queue.meanType1ServiceTime,0.4166666667ms,
Phase5_Tail-76-20261001-21:25:33-68,config,,,*.queue.deriveDectParametersFromD,true,
Phase5_Tail-76-20261001-21:25:33-68,config,,,*.queue.deriveLambdaFromRho,true,
Phase5_Tail-76-20261001-21:25:33-68,config,,,*.queue.warmupCompletedPackets,200000,
Phase5_Tail-76-20261001-21:25:33-68,config,,,*.queue.targetCompletedPackets,1000000,
Phase5_Tail-76-20261001-21:25:33-68,config,,,*.queue.recordVectors,false,
Phase5_Tail-76-20261001-21:25:33-68,config,,,*.queue.rngIndex,0,
Phase5_Tail-77-20261001-21:25:33-68,runattr,,,configname,Phase5_Tail,
Phase5_Tail-77-20261001-21:25:33-68,runattr,,,datetime,20261001-21:25:33,
Phase5_Tail-77-20261001-21:25:33-68,runattr,,,datetimef,20261001-212533,
Phase5_Tail-77-20261001-21:25:33-68,runattr,,,experiment,Phase5_Tail,
Phase5_Tail-77-20261001-21:25:33-68,runattr,,,inifile,omnetpp.ini,
Phase5_Tail-77-20261001-21:25:33-68,runattr,,,iterationvars,$rho=0.127118644068,
Phase5_Tail-77-20261001-21:25:33-68,runattr,,,iterationvarsd,rho=0.127118644068,
Phase5_Tail-77-20261001-21:25:33-68,runattr,,,iterationvarsf,rho=0.127118644068-,
Phase5_Tail-77-20261001-21:25:33-68,runattr,,,measurement,$rho=0.127118644068,
Phase5_Tail-77-20261001-21:25:33-68,runattr,,,network,dect2020scheduledaccess.DectScheduledAccessNetwork,
Phase5_Tail-77-20261001-21:25:33-68,runattr,,,processid,68,
Phase5_Tail-77-20261001-21:25:33-68,runattr,,,repetition,7,
Phase5_Tail-77-20261001-21:25:33-68,runattr,,,replication,#7,
Phase5_Tail-77-20261001-21:25:33-68,runattr,,,resultdir,results_phase5,
Phase5_Tail-77-20261001-21:25:33-68,runattr,,,runnumber,77,
Phase5_Tail-77-20261001-21:25:33-68,runattr,,,seedset,7,
Phase5_Tail-77-20261001-21:25:33-68,itervar,,,rho,0.127118644068,
Phase5_Tail-77-20261001-21:25:33-68,config,,,result-dir,results_phase5,
Phase5_Tail-77-20261001-21:25:33-68,config,,,repeat,10,
Phase5_Tail-77-20261001-21:25:33-68,config,,,seed-set,7,
Phase5_Tail-77-20261001-21:25:33-68,config,,,*.queue.D,10,
Phase5_Tail-77-20261001-21:25:33-68,config,,,*.queue.r,30,
Phase5_Tail-77-20261001-21:25:33-68,config,,,*.queue.rho,0.127118644068,
Phase5_Tail-77-20261001-21:25:33-68,config,,,*.queue.warmupCompletedPackets,200000,
Phase5_Tail-77-20261001-21:25:33-68,config,,,*.queue.targetCompletedPackets,1000000,
Phase5_Tail-77-20261001-21:25:33-68,config,,,*.queue.recordVectors,false,
Phase5_Tail-77-20261001-21:25:33-68,config,,,*.queue.recordTailStatistics,true,
Phase5_Tail-77-20261001-21:25:33-68,config,,,network,dect2020scheduledaccess.DectScheduledAccessNetwork,
Phase5_Tail-77-20261001-21:25:33-68,config,,,cmdenv-express-mode,true,
Phase5_Tail-77-20261001-21:25:33-68,config,,,cmdenv-status-frequency,10s,
Phase5_Tail-77-20261001-21:25:33-68,config,,,result-dir,results,
Phase5_Tail-77-20261001-21:25:33-68,config,,,*.queue.frameDuration,10ms,
Phase5_Tail-77-20261001-21:25:33-68,config,,,*.queue.meanType1ServiceTime,0.4166666667ms,
Phase5_Tail-77-20261001-21:25:33-68,config,,,*.queue.deriveDectParametersFromD,true,
Phase5_Tail-77-20261001-21:25:33-68,config,,,*.queue.deriveLambdaFromRho,true,
Phase5_Tail-77-20261001-21:25:33-68,config,,,*.queue.warmupCompletedPackets,200000,
Phase5_Tail-77-20261001-21:25:33-68,config,,,*.queue.targetCompletedPackets,1000000,
Phase5_Tail-77-20261001-21:25:33-68,config,,,*.queue.recordVectors,false,
Phase5_Tail-77-20261001-21:25:33-68,config,,,*.queue.rngIndex,0,
Phase5_Tail-78-20261001-21:25:33-68,runattr,,,configname,Phase5_Tail,
Phase5_Tail-78-20261001-21:25:33-68,runattr,,,datetime,20261001-21:25:33,
Phase5_Tail-78-20261001-21:25:33-68,runattr,,,datetimef,20261001-212533,
Phase5_Tail-78-20261001-21:25:33-68,runattr,,,experiment,Phase5_Tail,
Phase5_Tail-78-20261001-21:25:33-68,runattr,,,inifile,omnetpp.ini,
Phase5_Tail-78-20261001-21:25:33-68,runattr,,,iterationvars,$rho=0.127118644068,
Phase5_Tail-78-20261001-21:25:33-68,runattr,,,iterationvarsd,rho=0.127118644068,
Phase5_Tail-78-20261001-21:25:33-68,runattr,,,iterationvarsf,rho=0.127118644068-,
Phase5_Tail-78-20261001-21:25:33-68,runattr,,,measurement,$rho=0.127118644068,
Phase5_Tail-78-20261001-21:25:33-68,runattr,,,network,dect2020scheduledaccess.DectScheduledAccessNetwork,
Phase5_Tail-78-20261001-21:25:33-68,runattr,,,processid,68,
Phase5_Tail-78-20261001-21:25:33-68,runattr,,,repetition,8,
Phase5_Tail-78-20261001-21:25:33-68,runattr,,,replication,#8,
Phase5_Tail-78-20261001-21:25:33-68,runattr,,,resultdir,results_phase5,
Phase5_Tail-78-20261001-21:25:33-68,runattr,,,runnumber,78,
Phase5_Tail-78-20261001-21:25:33-68,runattr,,,seedset,8,
Phase5_Tail-78-20261001-21:25:33-68,itervar,,,rho,0.127118644068,
Phase5_Tail-78-20261001-21:25:33-68,config,,,result-dir,results_phase5,
Phase5_Tail-78-20261001-21:25:33-68,config,,,repeat,10,
Phase5_Tail-78-20261001-21:25:33-68,config,,,seed-set,8,
Phase5_Tail-78-20261001-21:25:33-68,config,,,*.queue.D,10,
Phase5_Tail-78-20261001-21:25:33-68,config,,,*.queue.r,30,
Phase5_Tail-78-20261001-21:25:33-68,config,,,*.queue.rho,0.127118644068,
Phase5_Tail-78-20261001-21:25:33-68,config,,,*.queue.warmupCompletedPackets,200000,
Phase5_Tail-78-20261001-21:25:33-68,config,,,*.queue.targetCompletedPackets,1000000,
Phase5_Tail-78-20261001-21:25:33-68,config,,,*.queue.recordVectors,false,
Phase5_Tail-78-20261001-21:25:33-68,config,,,*.queue.recordTailStatistics,true,
Phase5_Tail-78-20261001-21:25:33-68,config,,,network,dect2020scheduledaccess.DectScheduledAccessNetwork,
Phase5_Tail-78-20261001-21:25:33-68,config,,,cmdenv-express-mode,true,
Phase5_Tail-78-20261001-21:25:33-68,config,,,cmdenv-status-frequency,10s,
Phase5_Tail-78-20261001-21:25:33-68,config,,,result-dir,results,
Phase5_Tail-78-20261001-21:25:33-68,config,,,*.queue.frameDuration,10ms,
Phase5_Tail-78-20261001-21:25:33-68,config,,,*.queue.meanType1ServiceTime,0.4166666667ms,
Phase5_Tail-78-20261001-21:25:33-68,config,,,*.queue.deriveDectParametersFromD,true,
Phase5_Tail-78-20261001-21:25:33-68,config,,,*.queue.deriveLambdaFromRho,true,
Phase5_Tail-78-20261001-21:25:33-68,config,,,*.queue.warmupCompletedPackets,200000,
Phase5_Tail-78-20261001-21:25:33-68,config,,,*.queue.targetCompletedPackets,1000000,
Phase5_Tail-78-20261001-21:25:33-68,config,,,*.queue.recordVectors,false,
Phase5_Tail-78-20261001-21:25:33-68,config,,,*.queue.rngIndex,0,
Phase5_Tail-79-20261001-21:25:34-68,runattr,,,configname,Phase5_Tail,
Phase5_Tail-79-20261001-21:25:34-68,runattr,,,datetime,20261001-21:25:34,
Phase5_Tail-79-20261001-21:25:34-68,runattr,,,datetimef,20261001-212534,
Phase5_Tail-79-20261001-21:25:34-68,runattr,,,experiment,Phase5_Tail,
Phase5_Tail-79-20261001-21:25:34-68,runattr,,,inifile,omnetpp.ini,
Phase5_Tail-79-20261001-21:25:34-68,runattr,,,iterationvars,$rho=0.127118644068,
Phase5_Tail-79-20261001-21:25:34-68,runattr,,,iterationvarsd,rho=0.127118644068,
Phase5_Tail-79-20261001-21:25:34-68,runattr,,,iterationvarsf,rho=0.127118644068-,
Phase5_Tail-79-20261001-21:25:34-68,runattr,,,measurement,$rho=0.127118644068,
Phase5_Tail-79-20261001-21:25:34-68,runattr,,,network,dect2020scheduledaccess.DectScheduledAccessNetwork,
Phase5_Tail-79-20261001-21:25:34-68,runattr,,,processid,68,
Phase5_Tail-79-20261001-21:25:34-68,runattr,,,repetition,9,
Phase5_Tail-79-20261001-21:25:34-68,runattr,,,replication,#9,
Phase5_Tail-79-20261001-21:25:34-68,runattr,,,resultdir,results_phase5,
Phase5_Tail-79-20261001-21:25:34-68,runattr,,,runnumber,79,
Phase5_Tail-79-20261001-21:25:34-68,runattr,,,seedset,9,
Phase5_Tail-79-20261001-21:25:34-68,itervar,,,rho,0.127118644068,
Phase5_Tail-79-20261001-21:25:34-68,config,,,result-dir,results_phase5,
Phase5_Tail-79-20261001-21:25:34-68,config,,,repeat,10,
Phase5_Tail-79-20261001-21:25:34-68,config,,,seed-set,9,
Phase5_Tail-79-20261001-21:25:34-68,config,,,*.queue.D,10,
Phase5_Tail-79-20261001-21:25:34-68,config,,,*.queue.r,30,
Phase5_Tail-79-20261001-21:25:34-68,config,,,*.queue.rho,0.127118644068,
Phase5_Tail-79-20261001-21:25:34-68,config,,,*.queue.warmupCompletedPackets,200000,
Phase5_Tail-79-20261001-21:25:34-68,config,,,*.queue.targetCompletedPackets,1000000,
Phase5_Tail-79-20261001-21:25:34-68,config,,,*.queue.recordVectors,false,
Phase5_Tail-79-20261001-21:25:34-68,config,,,*.queue.recordTailStatistics,true,
Phase5_Tail-79-20261001-21:25:34-68,config,,,network,dect2020scheduledaccess.DectScheduledAccessNetwork,
Phase5_Tail-79-20261001-21:25:34-68,config,,,cmdenv-express-mode,true,
Phase5_Tail-79-20261001-21:25:34-68,config,,,cmdenv-status-frequency,10s,
Phase5_Tail-79-20261001-21:25:34-68,config,,,result-dir,results,
Phase5_Tail-79-20261001-21:25:34-68,config,,,*.queue.frameDuration,10ms,
Phase5_Tail-79-20261001-21:25:34-68,config,,,*.queue.meanType1ServiceTime,0.4166666667ms,
Phase5_Tail-79-20261001-21:25:34-68,config,,,*.queue.deriveDectParametersFromD,true,
Phase5_Tail-79-20261001-21:25:34-68,config,,,*.queue.deriveLambdaFromRho,true,
Phase5_Tail-79-20261001-21:25:34-68,config,,,*.queue.warmupCompletedPackets,200000,
Phase5_Tail-79-20261001-21:25:34-68,config,,,*.queue.targetCompletedPackets,1000000,
Phase5_Tail-79-20261001-21:25:34-68,config,,,*.queue.recordVectors,false,
Phase5_Tail-79-20261001-21:25:34-68,config,,,*.queue.rngIndex,0,
Phase5_Tail-80-20261001-21:25:34-68,runattr,,,configname,Phase5_Tail,
Phase5_Tail-80-20261001-21:25:34-68,runattr,,,datetime,20261001-21:25:34,
Phase5_Tail-80-20261001-21:25:34-68,runattr,,,datetimef,20261001-212534,
Phase5_Tail-80-20261001-21:25:34-68,runattr,,,experiment,Phase5_Tail,
Phase5_Tail-80-20261001-21:25:34-68,runattr,,,inifile,omnetpp.ini,
Phase5_Tail-80-20261001-21:25:34-68,runattr,,,iterationvars,$rho=0.169491525424,
Phase5_Tail-80-20261001-21:25:34-68,runattr,,,iterationvarsd,rho=0.169491525424,
Phase5_Tail-80-20261001-21:25:34-68,runattr,,,iterationvarsf,rho=0.169491525424-,
Phase5_Tail-80-20261001-21:25:34-68,runattr,,,measurement,$rho=0.169491525424,
Phase5_Tail-80-20261001-21:25:34-68,runattr,,,network,dect2020scheduledaccess.DectScheduledAccessNetwork,
Phase5_Tail-80-20261001-21:25:34-68,runattr,,,processid,68,
Phase5_Tail-80-20261001-21:25:34-68,runattr,,,repetition,0,
Phase5_Tail-80-20261001-21:25:34-68,runattr,,,replication,#0,
Phase5_Tail-80-20261001-21:25:34-68,runattr,,,resultdir,results_phase5,
Phase5_Tail-80-20261001-21:25:34-68,runattr,,,runnumber,80,
Phase5_Tail-80-20261001-21:25:34-68,runattr,,,seedset,0,
Phase5_Tail-80-20261001-21:25:34-68,itervar,,,rho,0.169491525424,
Phase5_Tail-80-20261001-21:25:34-68,config,,,result-dir,results_phase5,
Phase5_Tail-80-20261001-21:25:34-68,config,,,repeat,10,
Phase5_Tail-80-20261001-21:25:34-68,config,,,seed-set,0,
Phase5_Tail-80-20261001-21:25:34-68,config,,,*.queue.D,10,
Phase5_Tail-80-20261001-21:25:34-68,config,,,*.queue.r,30,
Phase5_Tail-80-20261001-21:25:34-68,config,,,*.queue.rho,0.169491525424,
Phase5_Tail-80-20261001-21:25:34-68,config,,,*.queue.warmupCompletedPackets,200000,
Phase5_Tail-80-20261001-21:25:34-68,config,,,*.queue.targetCompletedPackets,1000000,
Phase5_Tail-80-20261001-21:25:34-68,config,,,*.queue.recordVectors,false,
Phase5_Tail-80-20261001-21:25:34-68,config,,,*.queue.recordTailStatistics,true,
Phase5_Tail-80-20261001-21:25:34-68,config,,,network,dect2020scheduledaccess.DectScheduledAccessNetwork,
Phase5_Tail-80-20261001-21:25:34-68,config,,,cmdenv-express-mode,true,
Phase5_Tail-80-20261001-21:25:34-68,config,,,cmdenv-status-frequency,10s,
Phase5_Tail-80-20261001-21:25:34-68,config,,,result-dir,results,
Phase5_Tail-80-20261001-21:25:34-68,config,,,*.queue.frameDuration,10ms,
Phase5_Tail-80-20261001-21:25:34-68,config,,,*.queue.meanType1ServiceTime,0.4166666667ms,
Phase5_Tail-80-20261001-21:25:34-68,config,,,*.queue.deriveDectParametersFromD,true,
Phase5_Tail-80-20261001-21:25:34-68,config,,,*.queue.deriveLambdaFromRho,true,
Phase5_Tail-80-20261001-21:25:34-68,config,,,*.queue.warmupCompletedPackets,200000,
Phase5_Tail-80-20261001-21:25:34-68,config,,,*.queue.targetCompletedPackets,1000000,
Phase5_Tail-80-20261001-21:25:34-68,config,,,*.queue.recordVectors,false,
Phase5_Tail-80-20261001-21:25:34-68,config,,,*.queue.rngIndex,0,
Phase5_Tail-81-20261001-21:25:35-68,runattr,,,configname,Phase5_Tail,
Phase5_Tail-81-20261001-21:25:35-68,runattr,,,datetime,20261001-21:25:35,
Phase5_Tail-81-20261001-21:25:35-68,runattr,,,datetimef,20261001-212535,
Phase5_Tail-81-20261001-21:25:35-68,runattr,,,experiment,Phase5_Tail,
Phase5_Tail-81-20261001-21:25:35-68,runattr,,,inifile,omnetpp.ini,
Phase5_Tail-81-20261001-21:25:35-68,runattr,,,iterationvars,$rho=0.169491525424,
Phase5_Tail-81-20261001-21:25:35-68,runattr,,,iterationvarsd,rho=0.169491525424,
Phase5_Tail-81-20261001-21:25:35-68,runattr,,,iterationvarsf,rho=0.169491525424-,
Phase5_Tail-81-20261001-21:25:35-68,runattr,,,measurement,$rho=0.169491525424,
Phase5_Tail-81-20261001-21:25:35-68,runattr,,,network,dect2020scheduledaccess.DectScheduledAccessNetwork,
Phase5_Tail-81-20261001-21:25:35-68,runattr,,,processid,68,
Phase5_Tail-81-20261001-21:25:35-68,runattr,,,repetition,1,
Phase5_Tail-81-20261001-21:25:35-68,runattr,,,replication,#1,
Phase5_Tail-81-20261001-21:25:35-68,runattr,,,resultdir,results_phase5,
Phase5_Tail-81-20261001-21:25:35-68,runattr,,,runnumber,81,
Phase5_Tail-81-20261001-21:25:35-68,runattr,,,seedset,1,
Phase5_Tail-81-20261001-21:25:35-68,itervar,,,rho,0.169491525424,
Phase5_Tail-81-20261001-21:25:35-68,config,,,result-dir,results_phase5,
Phase5_Tail-81-20261001-21:25:35-68,config,,,repeat,10,
Phase5_Tail-81-20261001-21:25:35-68,config,,,seed-set,1,
Phase5_Tail-81-20261001-21:25:35-68,config,,,*.queue.D,10,
Phase5_Tail-81-20261001-21:25:35-68,config,,,*.queue.r,30,
Phase5_Tail-81-20261001-21:25:35-68,config,,,*.queue.rho,0.169491525424,
Phase5_Tail-81-20261001-21:25:35-68,config,,,*.queue.warmupCompletedPackets,200000,
Phase5_Tail-81-20261001-21:25:35-68,config,,,*.queue.targetCompletedPackets,1000000,
Phase5_Tail-81-20261001-21:25:35-68,config,,,*.queue.recordVectors,false,
Phase5_Tail-81-20261001-21:25:35-68,config,,,*.queue.recordTailStatistics,true,
Phase5_Tail-81-20261001-21:25:35-68,config,,,network,dect2020scheduledaccess.DectScheduledAccessNetwork,
Phase5_Tail-81-20261001-21:25:35-68,config,,,cmdenv-express-mode,true,
Phase5_Tail-81-20261001-21:25:35-68,config,,,cmdenv-status-frequency,10s,
Phase5_Tail-81-20261001-21:25:35-68,config,,,result-dir,results,
Phase5_Tail-81-20261001-21:25:35-68,config,,,*.queue.frameDuration,10ms,
Phase5_Tail-81-20261001-21:25:35-68,config,,,*.queue.meanType1ServiceTime,0.4166666667ms,
Phase5_Tail-81-20261001-21:25:35-68,config,,,*.queue.deriveDectParametersFromD,true,
Phase5_Tail-81-20261001-21:25:35-68,config,,,*.queue.deriveLambdaFromRho,true,
Phase5_Tail-81-20261001-21:25:35-68,config,,,*.queue.warmupCompletedPackets,200000,
Phase5_Tail-81-20261001-21:25:35-68,config,,,*.queue.targetCompletedPackets,1000000,
Phase5_Tail-81-20261001-21:25:35-68,config,,,*.queue.recordVectors,false,
Phase5_Tail-81-20261001-21:25:35-68,config,,,*.queue.rngIndex,0,
Phase5_Tail-82-20261001-21:25:35-68,runattr,,,configname,Phase5_Tail,
Phase5_Tail-82-20261001-21:25:35-68,runattr,,,datetime,20261001-21:25:35,
Phase5_Tail-82-20261001-21:25:35-68,runattr,,,datetimef,20261001-212535,
Phase5_Tail-82-20261001-21:25:35-68,runattr,,,experiment,Phase5_Tail,
Phase5_Tail-82-20261001-21:25:35-68,runattr,,,inifile,omnetpp.ini,
Phase5_Tail-82-20261001-21:25:35-68,runattr,,,iterationvars,$rho=0.169491525424,
Phase5_Tail-82-20261001-21:25:35-68,runattr,,,iterationvarsd,rho=0.169491525424,
Phase5_Tail-82-20261001-21:25:35-68,runattr,,,iterationvarsf,rho=0.169491525424-,
Phase5_Tail-82-20261001-21:25:35-68,runattr,,,measurement,$rho=0.169491525424,
Phase5_Tail-82-20261001-21:25:35-68,runattr,,,network,dect2020scheduledaccess.DectScheduledAccessNetwork,
Phase5_Tail-82-20261001-21:25:35-68,runattr,,,processid,68,
Phase5_Tail-82-20261001-21:25:35-68,runattr,,,repetition,2,
Phase5_Tail-82-20261001-21:25:35-68,runattr,,,replication,#2,
Phase5_Tail-82-20261001-21:25:35-68,runattr,,,resultdir,results_phase5,
Phase5_Tail-82-20261001-21:25:35-68,runattr,,,runnumber,82,
Phase5_Tail-82-20261001-21:25:35-68,runattr,,,seedset,2,
Phase5_Tail-82-20261001-21:25:35-68,itervar,,,rho,0.169491525424,
Phase5_Tail-82-20261001-21:25:35-68,config,,,result-dir,results_phase5,
Phase5_Tail-82-20261001-21:25:35-68,config,,,repeat,10,
Phase5_Tail-82-20261001-21:25:35-68,config,,,seed-set,2,
Phase5_Tail-82-20261001-21:25:35-68,config,,,*.queue.D,10,
Phase5_Tail-82-20261001-21:25:35-68,config,,,*.queue.r,30,
Phase5_Tail-82-20261001-21:25:35-68,config,,,*.queue.rho,0.169491525424,
Phase5_Tail-82-20261001-21:25:35-68,config,,,*.queue.warmupCompletedPackets,200000,
Phase5_Tail-82-20261001-21:25:35-68,config,,,*.queue.targetCompletedPackets,1000000,
Phase5_Tail-82-20261001-21:25:35-68,config,,,*.queue.recordVectors,false,
Phase5_Tail-82-20261001-21:25:35-68,config,,,*.queue.recordTailStatistics,true,
Phase5_Tail-82-20261001-21:25:35-68,config,,,network,dect2020scheduledaccess.DectScheduledAccessNetwork,
Phase5_Tail-82-20261001-21:25:35-68,config,,,cmdenv-express-mode,true,
Phase5_Tail-82-20261001-21:25:35-68,config,,,cmdenv-status-frequency,10s,
Phase5_Tail-82-20261001-21:25:35-68,config,,,result-dir,results,
Phase5_Tail-82-20261001-21:25:35-68,config,,,*.queue.frameDuration,10ms,
Phase5_Tail-82-20261001-21:25:35-68,config,,,*.queue.meanType1ServiceTime,0.4166666667ms,
Phase5_Tail-82-20261001-21:25:35-68,config,,,*.queue.deriveDectParametersFromD,true,
Phase5_Tail-82-20261001-21:25:35-68,config,,,*.queue.deriveLambdaFromRho,true,
Phase5_Tail-82-20261001-21:25:35-68,config,,,*.queue.warmupCompletedPackets,200000,
Phase5_Tail-82-20261001-21:25:35-68,config,,,*.queue.targetCompletedPackets,1000000,
Phase5_Tail-82-20261001-21:25:35-68,config,,,*.queue.recordVectors,false,
Phase5_Tail-82-20261001-21:25:35-68,config,,,*.queue.rngIndex,0,
Phase5_Tail-83-20261001-21:25:35-68,runattr,,,configname,Phase5_Tail,
Phase5_Tail-83-20261001-21:25:35-68,runattr,,,datetime,20261001-21:25:35,
Phase5_Tail-83-20261001-21:25:35-68,runattr,,,datetimef,20261001-212535,
Phase5_Tail-83-20261001-21:25:35-68,runattr,,,experiment,Phase5_Tail,
Phase5_Tail-83-20261001-21:25:35-68,runattr,,,inifile,omnetpp.ini,
Phase5_Tail-83-20261001-21:25:35-68,runattr,,,iterationvars,$rho=0.169491525424,
Phase5_Tail-83-20261001-21:25:35-68,runattr,,,iterationvarsd,rho=0.169491525424,
Phase5_Tail-83-20261001-21:25:35-68,runattr,,,iterationvarsf,rho=0.169491525424-,
Phase5_Tail-83-20261001-21:25:35-68,runattr,,,measurement,$rho=0.169491525424,
Phase5_Tail-83-20261001-21:25:35-68,runattr,,,network,dect2020scheduledaccess.DectScheduledAccessNetwork,
Phase5_Tail-83-20261001-21:25:35-68,runattr,,,processid,68,
Phase5_Tail-83-20261001-21:25:35-68,runattr,,,repetition,3,
Phase5_Tail-83-20261001-21:25:35-68,runattr,,,replication,#3,
Phase5_Tail-83-20261001-21:25:35-68,runattr,,,resultdir,results_phase5,
Phase5_Tail-83-20261001-21:25:35-68,runattr,,,runnumber,83,
Phase5_Tail-83-20261001-21:25:35-68,runattr,,,seedset,3,
Phase5_Tail-83-20261001-21:25:35-68,itervar,,,rho,0.169491525424,
Phase5_Tail-83-20261001-21:25:35-68,config,,,result-dir,results_phase5,
Phase5_Tail-83-20261001-21:25:35-68,config,,,repeat,10,
Phase5_Tail-83-20261001-21:25:35-68,config,,,seed-set,3,
Phase5_Tail-83-20261001-21:25:35-68,config,,,*.queue.D,10,
Phase5_Tail-83-20261001-21:25:35-68,config,,,*.queue.r,30,
Phase5_Tail-83-20261001-21:25:35-68,config,,,*.queue.rho,0.169491525424,
Phase5_Tail-83-20261001-21:25:35-68,config,,,*.queue.warmupCompletedPackets,200000,
Phase5_Tail-83-20261001-21:25:35-68,config,,,*.queue.targetCompletedPackets,1000000,
Phase5_Tail-83-20261001-21:25:35-68,config,,,*.queue.recordVectors,false,
Phase5_Tail-83-20261001-21:25:35-68,config,,,*.queue.recordTailStatistics,true,
Phase5_Tail-83-20261001-21:25:35-68,config,,,network,dect2020scheduledaccess.DectScheduledAccessNetwork,
Phase5_Tail-83-20261001-21:25:35-68,config,,,cmdenv-express-mode,true,
Phase5_Tail-83-20261001-21:25:35-68,config,,,cmdenv-status-frequency,10s,
Phase5_Tail-83-20261001-21:25:35-68,config,,,result-dir,results,
Phase5_Tail-83-20261001-21:25:35-68,config,,,*.queue.frameDuration,10ms,
Phase5_Tail-83-20261001-21:25:35-68,config,,,*.queue.meanType1ServiceTime,0.4166666667ms,
Phase5_Tail-83-20261001-21:25:35-68,config,,,*.queue.deriveDectParametersFromD,true,
Phase5_Tail-83-20261001-21:25:35-68,config,,,*.queue.deriveLambdaFromRho,true,
Phase5_Tail-83-20261001-21:25:35-68,config,,,*.queue.warmupCompletedPackets,200000,
Phase5_Tail-83-20261001-21:25:35-68,config,,,*.queue.targetCompletedPackets,1000000,
Phase5_Tail-83-20261001-21:25:35-68,config,,,*.queue.recordVectors,false,
Phase5_Tail-83-20261001-21:25:35-68,config,,,*.queue.rngIndex,0,
Phase5_Tail-84-20261001-21:25:36-68,runattr,,,configname,Phase5_Tail,
Phase5_Tail-84-20261001-21:25:36-68,runattr,,,datetime,20261001-21:25:36,
Phase5_Tail-84-20261001-21:25:36-68,runattr,,,datetimef,20261001-212536,
Phase5_Tail-84-20261001-21:25:36-68,runattr,,,experiment,Phase5_Tail,
Phase5_Tail-84-20261001-21:25:36-68,runattr,,,inifile,omnetpp.ini,
Phase5_Tail-84-20261001-21:25:36-68,runattr,,,iterationvars,$rho=0.169491525424,
Phase5_Tail-84-20261001-21:25:36-68,runattr,,,iterationvarsd,rho=0.169491525424,
Phase5_Tail-84-20261001-21:25:36-68,runattr,,,iterationvarsf,rho=0.169491525424-,
Phase5_Tail-84-20261001-21:25:36-68,runattr,,,measurement,$rho=0.169491525424,
Phase5_Tail-84-20261001-21:25:36-68,runattr,,,network,dect2020scheduledaccess.DectScheduledAccessNetwork,
Phase5_Tail-84-20261001-21:25:36-68,runattr,,,processid,68,
Phase5_Tail-84-20261001-21:25:36-68,runattr,,,repetition,4,
Phase5_Tail-84-20261001-21:25:36-68,runattr,,,replication,#4,
Phase5_Tail-84-20261001-21:25:36-68,runattr,,,resultdir,results_phase5,
Phase5_Tail-84-20261001-21:25:36-68,runattr,,,runnumber,84,
Phase5_Tail-84-20261001-21:25:36-68,runattr,,,seedset,4,
Phase5_Tail-84-20261001-21:25:36-68,itervar,,,rho,0.169491525424,
Phase5_Tail-84-20261001-21:25:36-68,config,,,result-dir,results_phase5,
Phase5_Tail-84-20261001-21:25:36-68,config,,,repeat,10,
Phase5_Tail-84-20261001-21:25:36-68,config,,,seed-set,4,
Phase5_Tail-84-20261001-21:25:36-68,config,,,*.queue.D,10,
Phase5_Tail-84-20261001-21:25:36-68,config,,,*.queue.r,30,
Phase5_Tail-84-20261001-21:25:36-68,config,,,*.queue.rho,0.169491525424,
Phase5_Tail-84-20261001-21:25:36-68,config,,,*.queue.warmupCompletedPackets,200000,
Phase5_Tail-84-20261001-21:25:36-68,config,,,*.queue.targetCompletedPackets,1000000,
Phase5_Tail-84-20261001-21:25:36-68,config,,,*.queue.recordVectors,false,
Phase5_Tail-84-20261001-21:25:36-68,config,,,*.queue.recordTailStatistics,true,
Phase5_Tail-84-20261001-21:25:36-68,config,,,network,dect2020scheduledaccess.DectScheduledAccessNetwork,
Phase5_Tail-84-20261001-21:25:36-68,config,,,cmdenv-express-mode,true,
Phase5_Tail-84-20261001-21:25:36-68,config,,,cmdenv-status-frequency,10s,
Phase5_Tail-84-20261001-21:25:36-68,config,,,result-dir,results,
Phase5_Tail-84-20261001-21:25:36-68,config,,,*.queue.frameDuration,10ms,
Phase5_Tail-84-20261001-21:25:36-68,config,,,*.queue.meanType1ServiceTime,0.4166666667ms,
Phase5_Tail-84-20261001-21:25:36-68,config,,,*.queue.deriveDectParametersFromD,true,
Phase5_Tail-84-20261001-21:25:36-68,config,,,*.queue.deriveLambdaFromRho,true,
Phase5_Tail-84-20261001-21:25:36-68,config,,,*.queue.warmupCompletedPackets,200000,
Phase5_Tail-84-20261001-21:25:36-68,config,,,*.queue.targetCompletedPackets,1000000,
Phase5_Tail-84-20261001-21:25:36-68,config,,,*.queue.recordVectors,false,
Phase5_Tail-84-20261001-21:25:36-68,config,,,*.queue.rngIndex,0,
Phase5_Tail-85-20261001-21:25:36-68,runattr,,,configname,Phase5_Tail,
Phase5_Tail-85-20261001-21:25:36-68,runattr,,,datetime,20261001-21:25:36,
Phase5_Tail-85-20261001-21:25:36-68,runattr,,,datetimef,20261001-212536,
Phase5_Tail-85-20261001-21:25:36-68,runattr,,,experiment,Phase5_Tail,
Phase5_Tail-85-20261001-21:25:36-68,runattr,,,inifile,omnetpp.ini,
Phase5_Tail-85-20261001-21:25:36-68,runattr,,,iterationvars,$rho=0.169491525424,
Phase5_Tail-85-20261001-21:25:36-68,runattr,,,iterationvarsd,rho=0.169491525424,
Phase5_Tail-85-20261001-21:25:36-68,runattr,,,iterationvarsf,rho=0.169491525424-,
Phase5_Tail-85-20261001-21:25:36-68,runattr,,,measurement,$rho=0.169491525424,
Phase5_Tail-85-20261001-21:25:36-68,runattr,,,network,dect2020scheduledaccess.DectScheduledAccessNetwork,
Phase5_Tail-85-20261001-21:25:36-68,runattr,,,processid,68,
Phase5_Tail-85-20261001-21:25:36-68,runattr,,,repetition,5,
Phase5_Tail-85-20261001-21:25:36-68,runattr,,,replication,#5,
Phase5_Tail-85-20261001-21:25:36-68,runattr,,,resultdir,results_phase5,
Phase5_Tail-85-20261001-21:25:36-68,runattr,,,runnumber,85,
Phase5_Tail-85-20261001-21:25:36-68,runattr,,,seedset,5,
Phase5_Tail-85-20261001-21:25:36-68,itervar,,,rho,0.169491525424,
Phase5_Tail-85-20261001-21:25:36-68,config,,,result-dir,results_phase5,
Phase5_Tail-85-20261001-21:25:36-68,config,,,repeat,10,
Phase5_Tail-85-20261001-21:25:36-68,config,,,seed-set,5,
Phase5_Tail-85-20261001-21:25:36-68,config,,,*.queue.D,10,
Phase5_Tail-85-20261001-21:25:36-68,config,,,*.queue.r,30,
Phase5_Tail-85-20261001-21:25:36-68,config,,,*.queue.rho,0.169491525424,
Phase5_Tail-85-20261001-21:25:36-68,config,,,*.queue.warmupCompletedPackets,200000,
Phase5_Tail-85-20261001-21:25:36-68,config,,,*.queue.targetCompletedPackets,1000000,
Phase5_Tail-85-20261001-21:25:36-68,config,,,*.queue.recordVectors,false,
Phase5_Tail-85-20261001-21:25:36-68,config,,,*.queue.recordTailStatistics,true,
Phase5_Tail-85-20261001-21:25:36-68,config,,,network,dect2020scheduledaccess.DectScheduledAccessNetwork,
Phase5_Tail-85-20261001-21:25:36-68,config,,,cmdenv-express-mode,true,
Phase5_Tail-85-20261001-21:25:36-68,config,,,cmdenv-status-frequency,10s,
Phase5_Tail-85-20261001-21:25:36-68,config,,,result-dir,results,
Phase5_Tail-85-20261001-21:25:36-68,config,,,*.queue.frameDuration,10ms,
Phase5_Tail-85-20261001-21:25:36-68,config,,,*.queue.meanType1ServiceTime,0.4166666667ms,
Phase5_Tail-85-20261001-21:25:36-68,config,,,*.queue.deriveDectParametersFromD,true,
Phase5_Tail-85-20261001-21:25:36-68,config,,,*.queue.deriveLambdaFromRho,true,
Phase5_Tail-85-20261001-21:25:36-68,config,,,*.queue.warmupCompletedPackets,200000,
Phase5_Tail-85-20261001-21:25:36-68,config,,,*.queue.targetCompletedPackets,1000000,
Phase5_Tail-85-20261001-21:25:36-68,config,,,*.queue.recordVectors,false,
Phase5_Tail-85-20261001-21:25:36-68,config,,,*.queue.rngIndex,0,
Phase5_Tail-86-20261001-21:25:37-68,runattr,,,configname,Phase5_Tail,
Phase5_Tail-86-20261001-21:25:37-68,runattr,,,datetime,20261001-21:25:37,
Phase5_Tail-86-20261001-21:25:37-68,runattr,,,datetimef,20261001-212537,
Phase5_Tail-86-20261001-21:25:37-68,runattr,,,experiment,Phase5_Tail,
Phase5_Tail-86-20261001-21:25:37-68,runattr,,,inifile,omnetpp.ini,
Phase5_Tail-86-20261001-21:25:37-68,runattr,,,iterationvars,$rho=0.169491525424,
Phase5_Tail-86-20261001-21:25:37-68,runattr,,,iterationvarsd,rho=0.169491525424,
Phase5_Tail-86-20261001-21:25:37-68,runattr,,,iterationvarsf,rho=0.169491525424-,
Phase5_Tail-86-20261001-21:25:37-68,runattr,,,measurement,$rho=0.169491525424,
Phase5_Tail-86-20261001-21:25:37-68,runattr,,,network,dect2020scheduledaccess.DectScheduledAccessNetwork,
Phase5_Tail-86-20261001-21:25:37-68,runattr,,,processid,68,
Phase5_Tail-86-20261001-21:25:37-68,runattr,,,repetition,6,
Phase5_Tail-86-20261001-21:25:37-68,runattr,,,replication,#6,
Phase5_Tail-86-20261001-21:25:37-68,runattr,,,resultdir,results_phase5,
Phase5_Tail-86-20261001-21:25:37-68,runattr,,,runnumber,86,
Phase5_Tail-86-20261001-21:25:37-68,runattr,,,seedset,6,
Phase5_Tail-86-20261001-21:25:37-68,itervar,,,rho,0.169491525424,
Phase5_Tail-86-20261001-21:25:37-68,config,,,result-dir,results_phase5,
Phase5_Tail-86-20261001-21:25:37-68,config,,,repeat,10,
Phase5_Tail-86-20261001-21:25:37-68,config,,,seed-set,6,
Phase5_Tail-86-20261001-21:25:37-68,config,,,*.queue.D,10,
Phase5_Tail-86-20261001-21:25:37-68,config,,,*.queue.r,30,
Phase5_Tail-86-20261001-21:25:37-68,config,,,*.queue.rho,0.169491525424,
Phase5_Tail-86-20261001-21:25:37-68,config,,,*.queue.warmupCompletedPackets,200000,
Phase5_Tail-86-20261001-21:25:37-68,config,,,*.queue.targetCompletedPackets,1000000,
Phase5_Tail-86-20261001-21:25:37-68,config,,,*.queue.recordVectors,false,
Phase5_Tail-86-20261001-21:25:37-68,config,,,*.queue.recordTailStatistics,true,
Phase5_Tail-86-20261001-21:25:37-68,config,,,network,dect2020scheduledaccess.DectScheduledAccessNetwork,
Phase5_Tail-86-20261001-21:25:37-68,config,,,cmdenv-express-mode,true,
Phase5_Tail-86-20261001-21:25:37-68,config,,,cmdenv-status-frequency,10s,
Phase5_Tail-86-20261001-21:25:37-68,config,,,result-dir,results,
Phase5_Tail-86-20261001-21:25:37-68,config,,,*.queue.frameDuration,10ms,
Phase5_Tail-86-20261001-21:25:37-68,config,,,*.queue.meanType1ServiceTime,0.4166666667ms,
Phase5_Tail-86-20261001-21:25:37-68,config,,,*.queue.deriveDectParametersFromD,true,
Phase5_Tail-86-20261001-21:25:37-68,config,,,*.queue.deriveLambdaFromRho,true,
Phase5_Tail-86-20261001-21:25:37-68,config,,,*.queue.warmupCompletedPackets,200000,
Phase5_Tail-86-20261001-21:25:37-68,config,,,*.queue.targetCompletedPackets,1000000,
Phase5_Tail-86-20261001-21:25:37-68,config,,,*.queue.recordVectors,false,
Phase5_Tail-86-20261001-21:25:37-68,config,,,*.queue.rngIndex,0,
Phase5_Tail-87-20261001-21:25:37-68,runattr,,,configname,Phase5_Tail,
Phase5_Tail-87-20261001-21:25:37-68,runattr,,,datetime,20261001-21:25:37,
Phase5_Tail-87-20261001-21:25:37-68,runattr,,,datetimef,20261001-212537,
Phase5_Tail-87-20261001-21:25:37-68,runattr,,,experiment,Phase5_Tail,
Phase5_Tail-87-20261001-21:25:37-68,runattr,,,inifile,omnetpp.ini,
Phase5_Tail-87-20261001-21:25:37-68,runattr,,,iterationvars,$rho=0.169491525424,
Phase5_Tail-87-20261001-21:25:37-68,runattr,,,iterationvarsd,rho=0.169491525424,
Phase5_Tail-87-20261001-21:25:37-68,runattr,,,iterationvarsf,rho=0.169491525424-,
Phase5_Tail-87-20261001-21:25:37-68,runattr,,,measurement,$rho=0.169491525424,
Phase5_Tail-87-20261001-21:25:37-68,runattr,,,network,dect2020scheduledaccess.DectScheduledAccessNetwork,
Phase5_Tail-87-20261001-21:25:37-68,runattr,,,processid,68,
Phase5_Tail-87-20261001-21:25:37-68,runattr,,,repetition,7,
Phase5_Tail-87-20261001-21:25:37-68,runattr,,,replication,#7,
Phase5_Tail-87-20261001-21:25:37-68,runattr,,,resultdir,results_phase5,
Phase5_Tail-87-20261001-21:25:37-68,runattr,,,runnumber,87,
Phase5_Tail-87-20261001-21:25:37-68,runattr,,,seedset,7,
Phase5_Tail-87-20261001-21:25:37-68,itervar,,,rho,0.169491525424,
Phase5_Tail-87-20261001-21:25:37-68,config,,,result-dir,results_phase5,
Phase5_Tail-87-20261001-21:25:37-68,config,,,repeat,10,
Phase5_Tail-87-20261001-21:25:37-68,config,,,seed-set,7,
Phase5_Tail-87-20261001-21:25:37-68,config,,,*.queue.D,10,
Phase5_Tail-87-20261001-21:25:37-68,config,,,*.queue.r,30,
Phase5_Tail-87-20261001-21:25:37-68,config,,,*.queue.rho,0.169491525424,
Phase5_Tail-87-20261001-21:25:37-68,config,,,*.queue.warmupCompletedPackets,200000,
Phase5_Tail-87-20261001-21:25:37-68,config,,,*.queue.targetCompletedPackets,1000000,
Phase5_Tail-87-20261001-21:25:37-68,config,,,*.queue.recordVectors,false,
Phase5_Tail-87-20261001-21:25:37-68,config,,,*.queue.recordTailStatistics,true,
Phase5_Tail-87-20261001-21:25:37-68,config,,,network,dect2020scheduledaccess.DectScheduledAccessNetwork,
Phase5_Tail-87-20261001-21:25:37-68,config,,,cmdenv-express-mode,true,
Phase5_Tail-87-20261001-21:25:37-68,config,,,cmdenv-status-frequency,10s,
Phase5_Tail-87-20261001-21:25:37-68,config,,,result-dir,results,
Phase5_Tail-87-20261001-21:25:37-68,config,,,*.queue.frameDuration,10ms,
Phase5_Tail-87-20261001-21:25:37-68,config,,,*.queue.meanType1ServiceTime,0.4166666667ms,
Phase5_Tail-87-20261001-21:25:37-68,config,,,*.queue.deriveDectParametersFromD,true,
Phase5_Tail-87-20261001-21:25:37-68,config,,,*.queue.deriveLambdaFromRho,true,
Phase5_Tail-87-20261001-21:25:37-68,config,,,*.queue.warmupCompletedPackets,200000,
Phase5_Tail-87-20261001-21:25:37-68,config,,,*.queue.targetCompletedPackets,1000000,
Phase5_Tail-87-20261001-21:25:37-68,config,,,*.queue.recordVectors,false,
Phase5_Tail-87-20261001-21:25:37-68,config,,,*.queue.rngIndex,0,
Phase5_Tail-88-20261001-21:25:38-68,runattr,,,configname,Phase5_Tail,
Phase5_Tail-88-20261001-21:25:38-68,runattr,,,datetime,20261001-21:25:38,
Phase5_Tail-88-20261001-21:25:38-68,runattr,,,datetimef,20261001-212538,
Phase5_Tail-88-20261001-21:25:38-68,runattr,,,experiment,Phase5_Tail,
Phase5_Tail-88-20261001-21:25:38-68,runattr,,,inifile,omnetpp.ini,
Phase5_Tail-88-20261001-21:25:38-68,runattr,,,iterationvars,$rho=0.169491525424,
Phase5_Tail-88-20261001-21:25:38-68,runattr,,,iterationvarsd,rho=0.169491525424,
Phase5_Tail-88-20261001-21:25:38-68,runattr,,,iterationvarsf,rho=0.169491525424-,
Phase5_Tail-88-20261001-21:25:38-68,runattr,,,measurement,$rho=0.169491525424,
Phase5_Tail-88-20261001-21:25:38-68,runattr,,,network,dect2020scheduledaccess.DectScheduledAccessNetwork,
Phase5_Tail-88-20261001-21:25:38-68,runattr,,,processid,68,
Phase5_Tail-88-20261001-21:25:38-68,runattr,,,repetition,8,
Phase5_Tail-88-20261001-21:25:38-68,runattr,,,replication,#8,
Phase5_Tail-88-20261001-21:25:38-68,runattr,,,resultdir,results_phase5,
Phase5_Tail-88-20261001-21:25:38-68,runattr,,,runnumber,88,
Phase5_Tail-88-20261001-21:25:38-68,runattr,,,seedset,8,
Phase5_Tail-88-20261001-21:25:38-68,itervar,,,rho,0.169491525424,
Phase5_Tail-88-20261001-21:25:38-68,config,,,result-dir,results_phase5,
Phase5_Tail-88-20261001-21:25:38-68,config,,,repeat,10,
Phase5_Tail-88-20261001-21:25:38-68,config,,,seed-set,8,
Phase5_Tail-88-20261001-21:25:38-68,config,,,*.queue.D,10,
Phase5_Tail-88-20261001-21:25:38-68,config,,,*.queue.r,30,
Phase5_Tail-88-20261001-21:25:38-68,config,,,*.queue.rho,0.169491525424,
Phase5_Tail-88-20261001-21:25:38-68,config,,,*.queue.warmupCompletedPackets,200000,
Phase5_Tail-88-20261001-21:25:38-68,config,,,*.queue.targetCompletedPackets,1000000,
Phase5_Tail-88-20261001-21:25:38-68,config,,,*.queue.recordVectors,false,
Phase5_Tail-88-20261001-21:25:38-68,config,,,*.queue.recordTailStatistics,true,
Phase5_Tail-88-20261001-21:25:38-68,config,,,network,dect2020scheduledaccess.DectScheduledAccessNetwork,
Phase5_Tail-88-20261001-21:25:38-68,config,,,cmdenv-express-mode,true,
Phase5_Tail-88-20261001-21:25:38-68,config,,,cmdenv-status-frequency,10s,
Phase5_Tail-88-20261001-21:25:38-68,config,,,result-dir,results,
Phase5_Tail-88-20261001-21:25:38-68,config,,,*.queue.frameDuration,10ms,
Phase5_Tail-88-20261001-21:25:38-68,config,,,*.queue.meanType1ServiceTime,0.4166666667ms,
Phase5_Tail-88-20261001-21:25:38-68,config,,,*.queue.deriveDectParametersFromD,true,
Phase5_Tail-88-20261001-21:25:38-68,config,,,*.queue.deriveLambdaFromRho,true,
Phase5_Tail-88-20261001-21:25:38-68,config,,,*.queue.warmupCompletedPackets,200000,
Phase5_Tail-88-20261001-21:25:38-68,config,,,*.queue.targetCompletedPackets,1000000,
Phase5_Tail-88-20261001-21:25:38-68,config,,,*.queue.recordVectors,false,
Phase5_Tail-88-20261001-21:25:38-68,config,,,*.queue.rngIndex,0,
Phase5_Tail-89-20261001-21:25:38-68,runattr,,,configname,Phase5_Tail,
Phase5_Tail-89-20261001-21:25:38-68,runattr,,,datetime,20261001-21:25:38,
Phase5_Tail-89-20261001-21:25:38-68,runattr,,,datetimef,20261001-212538,
Phase5_Tail-89-20261001-21:25:38-68,runattr,,,experiment,Phase5_Tail,
Phase5_Tail-89-20261001-21:25:38-68,runattr,,,inifile,omnetpp.ini,
Phase5_Tail-89-20261001-21:25:38-68,runattr,,,iterationvars,$rho=0.169491525424,
Phase5_Tail-89-20261001-21:25:38-68,runattr,,,iterationvarsd,rho=0.169491525424,
Phase5_Tail-89-20261001-21:25:38-68,runattr,,,iterationvarsf,rho=0.169491525424-,
Phase5_Tail-89-20261001-21:25:38-68,runattr,,,measurement,$rho=0.169491525424,
Phase5_Tail-89-20261001-21:25:38-68,runattr,,,network,dect2020scheduledaccess.DectScheduledAccessNetwork,
Phase5_Tail-89-20261001-21:25:38-68,runattr,,,processid,68,
Phase5_Tail-89-20261001-21:25:38-68,runattr,,,repetition,9,
Phase5_Tail-89-20261001-21:25:38-68,runattr,,,replication,#9,
Phase5_Tail-89-20261001-21:25:38-68,runattr,,,resultdir,results_phase5,
Phase5_Tail-89-20261001-21:25:38-68,runattr,,,runnumber,89,
Phase5_Tail-89-20261001-21:25:38-68,runattr,,,seedset,9,
Phase5_Tail-89-20261001-21:25:38-68,itervar,,,rho,0.169491525424,
Phase5_Tail-89-20261001-21:25:38-68,config,,,result-dir,results_phase5,
Phase5_Tail-89-20261001-21:25:38-68,config,,,repeat,10,
Phase5_Tail-89-20261001-21:25:38-68,config,,,seed-set,9,
Phase5_Tail-89-20261001-21:25:38-68,config,,,*.queue.D,10,
Phase5_Tail-89-20261001-21:25:38-68,config,,,*.queue.r,30,
Phase5_Tail-89-20261001-21:25:38-68,config,,,*.queue.rho,0.169491525424,
Phase5_Tail-89-20261001-21:25:38-68,config,,,*.queue.warmupCompletedPackets,200000,
Phase5_Tail-89-20261001-21:25:38-68,config,,,*.queue.targetCompletedPackets,1000000,
Phase5_Tail-89-20261001-21:25:38-68,config,,,*.queue.recordVectors,false,
Phase5_Tail-89-20261001-21:25:38-68,config,,,*.queue.recordTailStatistics,true,
Phase5_Tail-89-20261001-21:25:38-68,config,,,network,dect2020scheduledaccess.DectScheduledAccessNetwork,
Phase5_Tail-89-20261001-21:25:38-68,config,,,cmdenv-express-mode,true,
Phase5_Tail-89-20261001-21:25:38-68,config,,,cmdenv-status-frequency,10s,
Phase5_Tail-89-20261001-21:25:38-68,config,,,result-dir,results,
Phase5_Tail-89-20261001-21:25:38-68,config,,,*.queue.frameDuration,10ms,
Phase5_Tail-89-20261001-21:25:38-68,config,,,*.queue.meanType1ServiceTime,0.4166666667ms,
Phase5_Tail-89-20261001-21:25:38-68,config,,,*.queue.deriveDectParametersFromD,true,
Phase5_Tail-89-20261001-21:25:38-68,config,,,*.queue.deriveLambdaFromRho,true,
Phase5_Tail-89-20261001-21:25:38-68,config,,,*.queue.warmupCompletedPackets,200000,
Phase5_Tail-89-20261001-21:25:38-68,config,,,*.queue.targetCompletedPackets,1000000,
Phase5_Tail-89-20261001-21:25:38-68,config,,,*.queue.recordVectors,false,
Phase5_Tail-89-20261001-21:25:38-68,config,,,*.queue.rngIndex,0,
Phase5_Tail-90-20261001-21:25:38-68,runattr,,,configname,Phase5_Tail,
Phase5_Tail-90-20261001-21:25:38-68,runattr,,,datetime,20261001-21:25:38,
Phase5_Tail-90-20261001-21:25:38-68,runattr,,,datetimef,20261001-212538,
Phase5_Tail-90-20261001-21:25:38-68,runattr,,,experiment,Phase5_Tail,
Phase5_Tail-90-20261001-21:25:38-68,runattr,,,inifile,omnetpp.ini,
Phase5_Tail-90-20261001-21:25:38-68,runattr,,,iterationvars,$rho=0.423728813559,
Phase5_Tail-90-20261001-21:25:38-68,runattr,,,iterationvarsd,rho=0.423728813559,
Phase5_Tail-90-20261001-21:25:38-68,runattr,,,iterationvarsf,rho=0.423728813559-,
Phase5_Tail-90-20261001-21:25:38-68,runattr,,,measurement,$rho=0.423728813559,
Phase5_Tail-90-20261001-21:25:38-68,runattr,,,network,dect2020scheduledaccess.DectScheduledAccessNetwork,
Phase5_Tail-90-20261001-21:25:38-68,runattr,,,processid,68,
Phase5_Tail-90-20261001-21:25:38-68,runattr,,,repetition,0,
Phase5_Tail-90-20261001-21:25:38-68,runattr,,,replication,#0,
Phase5_Tail-90-20261001-21:25:38-68,runattr,,,resultdir,results_phase5,
Phase5_Tail-90-20261001-21:25:38-68,runattr,,,runnumber,90,
Phase5_Tail-90-20261001-21:25:38-68,runattr,,,seedset,0,
Phase5_Tail-90-20261001-21:25:38-68,itervar,,,rho,0.423728813559,
Phase5_Tail-90-20261001-21:25:38-68,config,,,result-dir,results_phase5,
Phase5_Tail-90-20261001-21:25:38-68,config,,,repeat,10,
Phase5_Tail-90-20261001-21:25:38-68,config,,,seed-set,0,
Phase5_Tail-90-20261001-21:25:38-68,config,,,*.queue.D,10,
Phase5_Tail-90-20261001-21:25:38-68,config,,,*.queue.r,30,
Phase5_Tail-90-20261001-21:25:38-68,config,,,*.queue.rho,0.423728813559,
Phase5_Tail-90-20261001-21:25:38-68,config,,,*.queue.warmupCompletedPackets,200000,
Phase5_Tail-90-20261001-21:25:38-68,config,,,*.queue.targetCompletedPackets,1000000,
Phase5_Tail-90-20261001-21:25:38-68,config,,,*.queue.recordVectors,false,
Phase5_Tail-90-20261001-21:25:38-68,config,,,*.queue.recordTailStatistics,true,
Phase5_Tail-90-20261001-21:25:38-68,config,,,network,dect2020scheduledaccess.DectScheduledAccessNetwork,
Phase5_Tail-90-20261001-21:25:38-68,config,,,cmdenv-express-mode,true,
Phase5_Tail-90-20261001-21:25:38-68,config,,,cmdenv-status-frequency,10s,
Phase5_Tail-90-20261001-21:25:38-68,config,,,result-dir,results,
Phase5_Tail-90-20261001-21:25:38-68,config,,,*.queue.frameDuration,10ms,
Phase5_Tail-90-20261001-21:25:38-68,config,,,*.queue.meanType1ServiceTime,0.4166666667ms,
Phase5_Tail-90-20261001-21:25:38-68,config,,,*.queue.deriveDectParametersFromD,true,
Phase5_Tail-90-20261001-21:25:38-68,config,,,*.queue.deriveLambdaFromRho,true,
Phase5_Tail-90-20261001-21:25:38-68,config,,,*.queue.warmupCompletedPackets,200000,
Phase5_Tail-90-20261001-21:25:38-68,config,,,*.queue.targetCompletedPackets,1000000,
Phase5_Tail-90-20261001-21:25:38-68,config,,,*.queue.recordVectors,false,
Phase5_Tail-90-20261001-21:25:38-68,config,,,*.queue.rngIndex,0,
Phase5_Tail-91-20261001-21:25:39-68,runattr,,,configname,Phase5_Tail,
Phase5_Tail-91-20261001-21:25:39-68,runattr,,,datetime,20261001-21:25:39,
Phase5_Tail-91-20261001-21:25:39-68,runattr,,,datetimef,20261001-212539,
Phase5_Tail-91-20261001-21:25:39-68,runattr,,,experiment,Phase5_Tail,
Phase5_Tail-91-20261001-21:25:39-68,runattr,,,inifile,omnetpp.ini,
Phase5_Tail-91-20261001-21:25:39-68,runattr,,,iterationvars,$rho=0.423728813559,
Phase5_Tail-91-20261001-21:25:39-68,runattr,,,iterationvarsd,rho=0.423728813559,
Phase5_Tail-91-20261001-21:25:39-68,runattr,,,iterationvarsf,rho=0.423728813559-,
Phase5_Tail-91-20261001-21:25:39-68,runattr,,,measurement,$rho=0.423728813559,
Phase5_Tail-91-20261001-21:25:39-68,runattr,,,network,dect2020scheduledaccess.DectScheduledAccessNetwork,
Phase5_Tail-91-20261001-21:25:39-68,runattr,,,processid,68,
Phase5_Tail-91-20261001-21:25:39-68,runattr,,,repetition,1,
Phase5_Tail-91-20261001-21:25:39-68,runattr,,,replication,#1,
Phase5_Tail-91-20261001-21:25:39-68,runattr,,,resultdir,results_phase5,
Phase5_Tail-91-20261001-21:25:39-68,runattr,,,runnumber,91,
Phase5_Tail-91-20261001-21:25:39-68,runattr,,,seedset,1,
Phase5_Tail-91-20261001-21:25:39-68,itervar,,,rho,0.423728813559,
Phase5_Tail-91-20261001-21:25:39-68,config,,,result-dir,results_phase5,
Phase5_Tail-91-20261001-21:25:39-68,config,,,repeat,10,
Phase5_Tail-91-20261001-21:25:39-68,config,,,seed-set,1,
Phase5_Tail-91-20261001-21:25:39-68,config,,,*.queue.D,10,
Phase5_Tail-91-20261001-21:25:39-68,config,,,*.queue.r,30,
Phase5_Tail-91-20261001-21:25:39-68,config,,,*.queue.rho,0.423728813559,
Phase5_Tail-91-20261001-21:25:39-68,config,,,*.queue.warmupCompletedPackets,200000,
Phase5_Tail-91-20261001-21:25:39-68,config,,,*.queue.targetCompletedPackets,1000000,
Phase5_Tail-91-20261001-21:25:39-68,config,,,*.queue.recordVectors,false,
Phase5_Tail-91-20261001-21:25:39-68,config,,,*.queue.recordTailStatistics,true,
Phase5_Tail-91-20261001-21:25:39-68,config,,,network,dect2020scheduledaccess.DectScheduledAccessNetwork,
Phase5_Tail-91-20261001-21:25:39-68,config,,,cmdenv-express-mode,true,
Phase5_Tail-91-20261001-21:25:39-68,config,,,cmdenv-status-frequency,10s,
Phase5_Tail-91-20261001-21:25:39-68,config,,,result-dir,results,
Phase5_Tail-91-20261001-21:25:39-68,config,,,*.queue.frameDuration,10ms,
Phase5_Tail-91-20261001-21:25:39-68,config,,,*.queue.meanType1ServiceTime,0.4166666667ms,
Phase5_Tail-91-20261001-21:25:39-68,config,,,*.queue.deriveDectParametersFromD,true,
Phase5_Tail-91-20261001-21:25:39-68,config,,,*.queue.deriveLambdaFromRho,true,
Phase5_Tail-91-20261001-21:25:39-68,config,,,*.queue.warmupCompletedPackets,200000,
Phase5_Tail-91-20261001-21:25:39-68,config,,,*.queue.targetCompletedPackets,1000000,
Phase5_Tail-91-20261001-21:25:39-68,config,,,*.queue.recordVectors,false,
Phase5_Tail-91-20261001-21:25:39-68,config,,,*.queue.rngIndex,0,
Phase5_Tail-92-20261001-21:25:40-68,runattr,,,configname,Phase5_Tail,
Phase5_Tail-92-20261001-21:25:40-68,runattr,,,datetime,20261001-21:25:40,
Phase5_Tail-92-20261001-21:25:40-68,runattr,,,datetimef,20261001-212540,
Phase5_Tail-92-20261001-21:25:40-68,runattr,,,experiment,Phase5_Tail,
Phase5_Tail-92-20261001-21:25:40-68,runattr,,,inifile,omnetpp.ini,
Phase5_Tail-92-20261001-21:25:40-68,runattr,,,iterationvars,$rho=0.423728813559,
Phase5_Tail-92-20261001-21:25:40-68,runattr,,,iterationvarsd,rho=0.423728813559,
Phase5_Tail-92-20261001-21:25:40-68,runattr,,,iterationvarsf,rho=0.423728813559-,
Phase5_Tail-92-20261001-21:25:40-68,runattr,,,measurement,$rho=0.423728813559,
Phase5_Tail-92-20261001-21:25:40-68,runattr,,,network,dect2020scheduledaccess.DectScheduledAccessNetwork,
Phase5_Tail-92-20261001-21:25:40-68,runattr,,,processid,68,
Phase5_Tail-92-20261001-21:25:40-68,runattr,,,repetition,2,
Phase5_Tail-92-20261001-21:25:40-68,runattr,,,replication,#2,
Phase5_Tail-92-20261001-21:25:40-68,runattr,,,resultdir,results_phase5,
Phase5_Tail-92-20261001-21:25:40-68,runattr,,,runnumber,92,
Phase5_Tail-92-20261001-21:25:40-68,runattr,,,seedset,2,
Phase5_Tail-92-20261001-21:25:40-68,itervar,,,rho,0.423728813559,
Phase5_Tail-92-20261001-21:25:40-68,config,,,result-dir,results_phase5,
Phase5_Tail-92-20261001-21:25:40-68,config,,,repeat,10,
Phase5_Tail-92-20261001-21:25:40-68,config,,,seed-set,2,
Phase5_Tail-92-20261001-21:25:40-68,config,,,*.queue.D,10,
Phase5_Tail-92-20261001-21:25:40-68,config,,,*.queue.r,30,
Phase5_Tail-92-20261001-21:25:40-68,config,,,*.queue.rho,0.423728813559,
Phase5_Tail-92-20261001-21:25:40-68,config,,,*.queue.warmupCompletedPackets,200000,
Phase5_Tail-92-20261001-21:25:40-68,config,,,*.queue.targetCompletedPackets,1000000,
Phase5_Tail-92-20261001-21:25:40-68,config,,,*.queue.recordVectors,false,
Phase5_Tail-92-20261001-21:25:40-68,config,,,*.queue.recordTailStatistics,true,
Phase5_Tail-92-20261001-21:25:40-68,config,,,network,dect2020scheduledaccess.DectScheduledAccessNetwork,
Phase5_Tail-92-20261001-21:25:40-68,config,,,cmdenv-express-mode,true,
Phase5_Tail-92-20261001-21:25:40-68,config,,,cmdenv-status-frequency,10s,
Phase5_Tail-92-20261001-21:25:40-68,config,,,result-dir,results,
Phase5_Tail-92-20261001-21:25:40-68,config,,,*.queue.frameDuration,10ms,
Phase5_Tail-92-20261001-21:25:40-68,config,,,*.queue.meanType1ServiceTime,0.4166666667ms,
Phase5_Tail-92-20261001-21:25:40-68,config,,,*.queue.deriveDectParametersFromD,true,
Phase5_Tail-92-20261001-21:25:40-68,config,,,*.queue.deriveLambdaFromRho,true,
Phase5_Tail-92-20261001-21:25:40-68,config,,,*.queue.warmupCompletedPackets,200000,
Phase5_Tail-92-20261001-21:25:40-68,config,,,*.queue.targetCompletedPackets,1000000,
Phase5_Tail-92-20261001-21:25:40-68,config,,,*.queue.recordVectors,false,
Phase5_Tail-92-20261001-21:25:40-68,config,,,*.queue.rngIndex,0,
Phase5_Tail-93-20261001-21:25:41-68,runattr,,,configname,Phase5_Tail,
Phase5_Tail-93-20261001-21:25:41-68,runattr,,,datetime,20261001-21:25:41,
Phase5_Tail-93-20261001-21:25:41-68,runattr,,,datetimef,20261001-212541,
Phase5_Tail-93-20261001-21:25:41-68,runattr,,,experiment,Phase5_Tail,
Phase5_Tail-93-20261001-21:25:41-68,runattr,,,inifile,omnetpp.ini,
Phase5_Tail-93-20261001-21:25:41-68,runattr,,,iterationvars,$rho=0.423728813559,
Phase5_Tail-93-20261001-21:25:41-68,runattr,,,iterationvarsd,rho=0.423728813559,
Phase5_Tail-93-20261001-21:25:41-68,runattr,,,iterationvarsf,rho=0.423728813559-,
Phase5_Tail-93-20261001-21:25:41-68,runattr,,,measurement,$rho=0.423728813559,
Phase5_Tail-93-20261001-21:25:41-68,runattr,,,network,dect2020scheduledaccess.DectScheduledAccessNetwork,
Phase5_Tail-93-20261001-21:25:41-68,runattr,,,processid,68,
Phase5_Tail-93-20261001-21:25:41-68,runattr,,,repetition,3,
Phase5_Tail-93-20261001-21:25:41-68,runattr,,,replication,#3,
Phase5_Tail-93-20261001-21:25:41-68,runattr,,,resultdir,results_phase5,
Phase5_Tail-93-20261001-21:25:41-68,runattr,,,runnumber,93,
Phase5_Tail-93-20261001-21:25:41-68,runattr,,,seedset,3,
Phase5_Tail-93-20261001-21:25:41-68,itervar,,,rho,0.423728813559,
Phase5_Tail-93-20261001-21:25:41-68,config,,,result-dir,results_phase5,
Phase5_Tail-93-20261001-21:25:41-68,config,,,repeat,10,
Phase5_Tail-93-20261001-21:25:41-68,config,,,seed-set,3,
Phase5_Tail-93-20261001-21:25:41-68,config,,,*.queue.D,10,
Phase5_Tail-93-20261001-21:25:41-68,config,,,*.queue.r,30,
Phase5_Tail-93-20261001-21:25:41-68,config,,,*.queue.rho,0.423728813559,
Phase5_Tail-93-20261001-21:25:41-68,config,,,*.queue.warmupCompletedPackets,200000,
Phase5_Tail-93-20261001-21:25:41-68,config,,,*.queue.targetCompletedPackets,1000000,
Phase5_Tail-93-20261001-21:25:41-68,config,,,*.queue.recordVectors,false,
Phase5_Tail-93-20261001-21:25:41-68,config,,,*.queue.recordTailStatistics,true,
Phase5_Tail-93-20261001-21:25:41-68,config,,,network,dect2020scheduledaccess.DectScheduledAccessNetwork,
Phase5_Tail-93-20261001-21:25:41-68,config,,,cmdenv-express-mode,true,
Phase5_Tail-93-20261001-21:25:41-68,config,,,cmdenv-status-frequency,10s,
Phase5_Tail-93-20261001-21:25:41-68,config,,,result-dir,results,
Phase5_Tail-93-20261001-21:25:41-68,config,,,*.queue.frameDuration,10ms,
Phase5_Tail-93-20261001-21:25:41-68,config,,,*.queue.meanType1ServiceTime,0.4166666667ms,
Phase5_Tail-93-20261001-21:25:41-68,config,,,*.queue.deriveDectParametersFromD,true,
Phase5_Tail-93-20261001-21:25:41-68,config,,,*.queue.deriveLambdaFromRho,true,
Phase5_Tail-93-20261001-21:25:41-68,config,,,*.queue.warmupCompletedPackets,200000,
Phase5_Tail-93-20261001-21:25:41-68,config,,,*.queue.targetCompletedPackets,1000000,
Phase5_Tail-93-20261001-21:25:41-68,config,,,*.queue.recordVectors,false,
Phase5_Tail-93-20261001-21:25:41-68,config,,,*.queue.rngIndex,0,
Phase5_Tail-94-20261001-21:25:41-68,runattr,,,configname,Phase5_Tail,
Phase5_Tail-94-20261001-21:25:41-68,runattr,,,datetime,20261001-21:25:41,
Phase5_Tail-94-20261001-21:25:41-68,runattr,,,datetimef,20261001-212541,
Phase5_Tail-94-20261001-21:25:41-68,runattr,,,experiment,Phase5_Tail,
Phase5_Tail-94-20261001-21:25:41-68,runattr,,,inifile,omnetpp.ini,
Phase5_Tail-94-20261001-21:25:41-68,runattr,,,iterationvars,$rho=0.423728813559,
Phase5_Tail-94-20261001-21:25:41-68,runattr,,,iterationvarsd,rho=0.423728813559,
Phase5_Tail-94-20261001-21:25:41-68,runattr,,,iterationvarsf,rho=0.423728813559-,
Phase5_Tail-94-20261001-21:25:41-68,runattr,,,measurement,$rho=0.423728813559,
Phase5_Tail-94-20261001-21:25:41-68,runattr,,,network,dect2020scheduledaccess.DectScheduledAccessNetwork,
Phase5_Tail-94-20261001-21:25:41-68,runattr,,,processid,68,
Phase5_Tail-94-20261001-21:25:41-68,runattr,,,repetition,4,
Phase5_Tail-94-20261001-21:25:41-68,runattr,,,replication,#4,
Phase5_Tail-94-20261001-21:25:41-68,runattr,,,resultdir,results_phase5,
Phase5_Tail-94-20261001-21:25:41-68,runattr,,,runnumber,94,
Phase5_Tail-94-20261001-21:25:41-68,runattr,,,seedset,4,
Phase5_Tail-94-20261001-21:25:41-68,itervar,,,rho,0.423728813559,
Phase5_Tail-94-20261001-21:25:41-68,config,,,result-dir,results_phase5,
Phase5_Tail-94-20261001-21:25:41-68,config,,,repeat,10,
Phase5_Tail-94-20261001-21:25:41-68,config,,,seed-set,4,
Phase5_Tail-94-20261001-21:25:41-68,config,,,*.queue.D,10,
Phase5_Tail-94-20261001-21:25:41-68,config,,,*.queue.r,30,
Phase5_Tail-94-20261001-21:25:41-68,config,,,*.queue.rho,0.423728813559,
Phase5_Tail-94-20261001-21:25:41-68,config,,,*.queue.warmupCompletedPackets,200000,
Phase5_Tail-94-20261001-21:25:41-68,config,,,*.queue.targetCompletedPackets,1000000,
Phase5_Tail-94-20261001-21:25:41-68,config,,,*.queue.recordVectors,false,
Phase5_Tail-94-20261001-21:25:41-68,config,,,*.queue.recordTailStatistics,true,
Phase5_Tail-94-20261001-21:25:41-68,config,,,network,dect2020scheduledaccess.DectScheduledAccessNetwork,
Phase5_Tail-94-20261001-21:25:41-68,config,,,cmdenv-express-mode,true,
Phase5_Tail-94-20261001-21:25:41-68,config,,,cmdenv-status-frequency,10s,
Phase5_Tail-94-20261001-21:25:41-68,config,,,result-dir,results,
Phase5_Tail-94-20261001-21:25:41-68,config,,,*.queue.frameDuration,10ms,
Phase5_Tail-94-20261001-21:25:41-68,config,,,*.queue.meanType1ServiceTime,0.4166666667ms,
Phase5_Tail-94-20261001-21:25:41-68,config,,,*.queue.deriveDectParametersFromD,true,
Phase5_Tail-94-20261001-21:25:41-68,config,,,*.queue.deriveLambdaFromRho,true,
Phase5_Tail-94-20261001-21:25:41-68,config,,,*.queue.warmupCompletedPackets,200000,
Phase5_Tail-94-20261001-21:25:41-68,config,,,*.queue.targetCompletedPackets,1000000,
Phase5_Tail-94-20261001-21:25:41-68,config,,,*.queue.recordVectors,false,
Phase5_Tail-94-20261001-21:25:41-68,config,,,*.queue.rngIndex,0,
Phase5_Tail-95-20261001-21:25:42-68,runattr,,,configname,Phase5_Tail,
Phase5_Tail-95-20261001-21:25:42-68,runattr,,,datetime,20261001-21:25:42,
Phase5_Tail-95-20261001-21:25:42-68,runattr,,,datetimef,20261001-212542,
Phase5_Tail-95-20261001-21:25:42-68,runattr,,,experiment,Phase5_Tail,
Phase5_Tail-95-20261001-21:25:42-68,runattr,,,inifile,omnetpp.ini,
Phase5_Tail-95-20261001-21:25:42-68,runattr,,,iterationvars,$rho=0.423728813559,
Phase5_Tail-95-20261001-21:25:42-68,runattr,,,iterationvarsd,rho=0.423728813559,
Phase5_Tail-95-20261001-21:25:42-68,runattr,,,iterationvarsf,rho=0.423728813559-,
Phase5_Tail-95-20261001-21:25:42-68,runattr,,,measurement,$rho=0.423728813559,
Phase5_Tail-95-20261001-21:25:42-68,runattr,,,network,dect2020scheduledaccess.DectScheduledAccessNetwork,
Phase5_Tail-95-20261001-21:25:42-68,runattr,,,processid,68,
Phase5_Tail-95-20261001-21:25:42-68,runattr,,,repetition,5,
Phase5_Tail-95-20261001-21:25:42-68,runattr,,,replication,#5,
Phase5_Tail-95-20261001-21:25:42-68,runattr,,,resultdir,results_phase5,
Phase5_Tail-95-20261001-21:25:42-68,runattr,,,runnumber,95,
Phase5_Tail-95-20261001-21:25:42-68,runattr,,,seedset,5,
Phase5_Tail-95-20261001-21:25:42-68,itervar,,,rho,0.423728813559,
Phase5_Tail-95-20261001-21:25:42-68,config,,,result-dir,results_phase5,
Phase5_Tail-95-20261001-21:25:42-68,config,,,repeat,10,
Phase5_Tail-95-20261001-21:25:42-68,config,,,seed-set,5,
Phase5_Tail-95-20261001-21:25:42-68,config,,,*.queue.D,10,
Phase5_Tail-95-20261001-21:25:42-68,config,,,*.queue.r,30,
Phase5_Tail-95-20261001-21:25:42-68,config,,,*.queue.rho,0.423728813559,
Phase5_Tail-95-20261001-21:25:42-68,config,,,*.queue.warmupCompletedPackets,200000,
Phase5_Tail-95-20261001-21:25:42-68,config,,,*.queue.targetCompletedPackets,1000000,
Phase5_Tail-95-20261001-21:25:42-68,config,,,*.queue.recordVectors,false,
Phase5_Tail-95-20261001-21:25:42-68,config,,,*.queue.recordTailStatistics,true,
Phase5_Tail-95-20261001-21:25:42-68,config,,,network,dect2020scheduledaccess.DectScheduledAccessNetwork,
Phase5_Tail-95-20261001-21:25:42-68,config,,,cmdenv-express-mode,true,
Phase5_Tail-95-20261001-21:25:42-68,config,,,cmdenv-status-frequency,10s,
Phase5_Tail-95-20261001-21:25:42-68,config,,,result-dir,results,
Phase5_Tail-95-20261001-21:25:42-68,config,,,*.queue.frameDuration,10ms,
Phase5_Tail-95-20261001-21:25:42-68,config,,,*.queue.meanType1ServiceTime,0.4166666667ms,
Phase5_Tail-95-20261001-21:25:42-68,config,,,*.queue.deriveDectParametersFromD,true,
Phase5_Tail-95-20261001-21:25:42-68,config,,,*.queue.deriveLambdaFromRho,true,
Phase5_Tail-95-20261001-21:25:42-68,config,,,*.queue.warmupCompletedPackets,200000,
Phase5_Tail-95-20261001-21:25:42-68,config,,,*.queue.targetCompletedPackets,1000000,
Phase5_Tail-95-20261001-21:25:42-68,config,,,*.queue.recordVectors,false,
Phase5_Tail-95-20261001-21:25:42-68,config,,,*.queue.rngIndex,0,
Phase5_Tail-96-20261001-21:25:43-68,runattr,,,configname,Phase5_Tail,
Phase5_Tail-96-20261001-21:25:43-68,runattr,,,datetime,20261001-21:25:43,
Phase5_Tail-96-20261001-21:25:43-68,runattr,,,datetimef,20261001-212543,
Phase5_Tail-96-20261001-21:25:43-68,runattr,,,experiment,Phase5_Tail,
Phase5_Tail-96-20261001-21:25:43-68,runattr,,,inifile,omnetpp.ini,
Phase5_Tail-96-20261001-21:25:43-68,runattr,,,iterationvars,$rho=0.423728813559,
Phase5_Tail-96-20261001-21:25:43-68,runattr,,,iterationvarsd,rho=0.423728813559,
Phase5_Tail-96-20261001-21:25:43-68,runattr,,,iterationvarsf,rho=0.423728813559-,
Phase5_Tail-96-20261001-21:25:43-68,runattr,,,measurement,$rho=0.423728813559,
Phase5_Tail-96-20261001-21:25:43-68,runattr,,,network,dect2020scheduledaccess.DectScheduledAccessNetwork,
Phase5_Tail-96-20261001-21:25:43-68,runattr,,,processid,68,
Phase5_Tail-96-20261001-21:25:43-68,runattr,,,repetition,6,
Phase5_Tail-96-20261001-21:25:43-68,runattr,,,replication,#6,
Phase5_Tail-96-20261001-21:25:43-68,runattr,,,resultdir,results_phase5,
Phase5_Tail-96-20261001-21:25:43-68,runattr,,,runnumber,96,
Phase5_Tail-96-20261001-21:25:43-68,runattr,,,seedset,6,
Phase5_Tail-96-20261001-21:25:43-68,itervar,,,rho,0.423728813559,
Phase5_Tail-96-20261001-21:25:43-68,config,,,result-dir,results_phase5,
Phase5_Tail-96-20261001-21:25:43-68,config,,,repeat,10,
Phase5_Tail-96-20261001-21:25:43-68,config,,,seed-set,6,
Phase5_Tail-96-20261001-21:25:43-68,config,,,*.queue.D,10,
Phase5_Tail-96-20261001-21:25:43-68,config,,,*.queue.r,30,
Phase5_Tail-96-20261001-21:25:43-68,config,,,*.queue.rho,0.423728813559,
Phase5_Tail-96-20261001-21:25:43-68,config,,,*.queue.warmupCompletedPackets,200000,
Phase5_Tail-96-20261001-21:25:43-68,config,,,*.queue.targetCompletedPackets,1000000,
Phase5_Tail-96-20261001-21:25:43-68,config,,,*.queue.recordVectors,false,
Phase5_Tail-96-20261001-21:25:43-68,config,,,*.queue.recordTailStatistics,true,
Phase5_Tail-96-20261001-21:25:43-68,config,,,network,dect2020scheduledaccess.DectScheduledAccessNetwork,
Phase5_Tail-96-20261001-21:25:43-68,config,,,cmdenv-express-mode,true,
Phase5_Tail-96-20261001-21:25:43-68,config,,,cmdenv-status-frequency,10s,
Phase5_Tail-96-20261001-21:25:43-68,config,,,result-dir,results,
Phase5_Tail-96-20261001-21:25:43-68,config,,,*.queue.frameDuration,10ms,
Phase5_Tail-96-20261001-21:25:43-68,config,,,*.queue.meanType1ServiceTime,0.4166666667ms,
Phase5_Tail-96-20261001-21:25:43-68,config,,,*.queue.deriveDectParametersFromD,true,
Phase5_Tail-96-20261001-21:25:43-68,config,,,*.queue.deriveLambdaFromRho,true,
Phase5_Tail-96-20261001-21:25:43-68,config,,,*.queue.warmupCompletedPackets,200000,
Phase5_Tail-96-20261001-21:25:43-68,config,,,*.queue.targetCompletedPackets,1000000,
Phase5_Tail-96-20261001-21:25:43-68,config,,,*.queue.recordVectors,false,
Phase5_Tail-96-20261001-21:25:43-68,config,,,*.queue.rngIndex,0,
Phase5_Tail-97-20261001-21:25:43-68,runattr,,,configname,Phase5_Tail,
Phase5_Tail-97-20261001-21:25:43-68,runattr,,,datetime,20261001-21:25:43,
Phase5_Tail-97-20261001-21:25:43-68,runattr,,,datetimef,20261001-212543,
Phase5_Tail-97-20261001-21:25:43-68,runattr,,,experiment,Phase5_Tail,
Phase5_Tail-97-20261001-21:25:43-68,runattr,,,inifile,omnetpp.ini,
Phase5_Tail-97-20261001-21:25:43-68,runattr,,,iterationvars,$rho=0.423728813559,
Phase5_Tail-97-20261001-21:25:43-68,runattr,,,iterationvarsd,rho=0.423728813559,
Phase5_Tail-97-20261001-21:25:43-68,runattr,,,iterationvarsf,rho=0.423728813559-,
Phase5_Tail-97-20261001-21:25:43-68,runattr,,,measurement,$rho=0.423728813559,
Phase5_Tail-97-20261001-21:25:43-68,runattr,,,network,dect2020scheduledaccess.DectScheduledAccessNetwork,
Phase5_Tail-97-20261001-21:25:43-68,runattr,,,processid,68,
Phase5_Tail-97-20261001-21:25:43-68,runattr,,,repetition,7,
Phase5_Tail-97-20261001-21:25:43-68,runattr,,,replication,#7,
Phase5_Tail-97-20261001-21:25:43-68,runattr,,,resultdir,results_phase5,
Phase5_Tail-97-20261001-21:25:43-68,runattr,,,runnumber,97,
Phase5_Tail-97-20261001-21:25:43-68,runattr,,,seedset,7,
Phase5_Tail-97-20261001-21:25:43-68,itervar,,,rho,0.423728813559,
Phase5_Tail-97-20261001-21:25:43-68,config,,,result-dir,results_phase5,
Phase5_Tail-97-20261001-21:25:43-68,config,,,repeat,10,
Phase5_Tail-97-20261001-21:25:43-68,config,,,seed-set,7,
Phase5_Tail-97-20261001-21:25:43-68,config,,,*.queue.D,10,
Phase5_Tail-97-20261001-21:25:43-68,config,,,*.queue.r,30,
Phase5_Tail-97-20261001-21:25:43-68,config,,,*.queue.rho,0.423728813559,
Phase5_Tail-97-20261001-21:25:43-68,config,,,*.queue.warmupCompletedPackets,200000,
Phase5_Tail-97-20261001-21:25:43-68,config,,,*.queue.targetCompletedPackets,1000000,
Phase5_Tail-97-20261001-21:25:43-68,config,,,*.queue.recordVectors,false,
Phase5_Tail-97-20261001-21:25:43-68,config,,,*.queue.recordTailStatistics,true,
Phase5_Tail-97-20261001-21:25:43-68,config,,,network,dect2020scheduledaccess.DectScheduledAccessNetwork,
Phase5_Tail-97-20261001-21:25:43-68,config,,,cmdenv-express-mode,true,
Phase5_Tail-97-20261001-21:25:43-68,config,,,cmdenv-status-frequency,10s,
Phase5_Tail-97-20261001-21:25:43-68,config,,,result-dir,results,
Phase5_Tail-97-20261001-21:25:43-68,config,,,*.queue.frameDuration,10ms,
Phase5_Tail-97-20261001-21:25:43-68,config,,,*.queue.meanType1ServiceTime,0.4166666667ms,
Phase5_Tail-97-20261001-21:25:43-68,config,,,*.queue.deriveDectParametersFromD,true,
Phase5_Tail-97-20261001-21:25:43-68,config,,,*.queue.deriveLambdaFromRho,true,
Phase5_Tail-97-20261001-21:25:43-68,config,,,*.queue.warmupCompletedPackets,200000,
Phase5_Tail-97-20261001-21:25:43-68,config,,,*.queue.targetCompletedPackets,1000000,
Phase5_Tail-97-20261001-21:25:43-68,config,,,*.queue.recordVectors,false,
Phase5_Tail-97-20261001-21:25:43-68,config,,,*.queue.rngIndex,0,
Phase5_Tail-98-20261001-21:25:44-68,runattr,,,configname,Phase5_Tail,
Phase5_Tail-98-20261001-21:25:44-68,runattr,,,datetime,20261001-21:25:44,
Phase5_Tail-98-20261001-21:25:44-68,runattr,,,datetimef,20261001-212544,
Phase5_Tail-98-20261001-21:25:44-68,runattr,,,experiment,Phase5_Tail,
Phase5_Tail-98-20261001-21:25:44-68,runattr,,,inifile,omnetpp.ini,
Phase5_Tail-98-20261001-21:25:44-68,runattr,,,iterationvars,$rho=0.423728813559,
Phase5_Tail-98-20261001-21:25:44-68,runattr,,,iterationvarsd,rho=0.423728813559,
Phase5_Tail-98-20261001-21:25:44-68,runattr,,,iterationvarsf,rho=0.423728813559-,
Phase5_Tail-98-20261001-21:25:44-68,runattr,,,measurement,$rho=0.423728813559,
Phase5_Tail-98-20261001-21:25:44-68,runattr,,,network,dect2020scheduledaccess.DectScheduledAccessNetwork,
Phase5_Tail-98-20261001-21:25:44-68,runattr,,,processid,68,
Phase5_Tail-98-20261001-21:25:44-68,runattr,,,repetition,8,
Phase5_Tail-98-20261001-21:25:44-68,runattr,,,replication,#8,
Phase5_Tail-98-20261001-21:25:44-68,runattr,,,resultdir,results_phase5,
Phase5_Tail-98-20261001-21:25:44-68,runattr,,,runnumber,98,
Phase5_Tail-98-20261001-21:25:44-68,runattr,,,seedset,8,
Phase5_Tail-98-20261001-21:25:44-68,itervar,,,rho,0.423728813559,
Phase5_Tail-98-20261001-21:25:44-68,config,,,result-dir,results_phase5,
Phase5_Tail-98-20261001-21:25:44-68,config,,,repeat,10,
Phase5_Tail-98-20261001-21:25:44-68,config,,,seed-set,8,
Phase5_Tail-98-20261001-21:25:44-68,config,,,*.queue.D,10,
Phase5_Tail-98-20261001-21:25:44-68,config,,,*.queue.r,30,
Phase5_Tail-98-20261001-21:25:44-68,config,,,*.queue.rho,0.423728813559,
Phase5_Tail-98-20261001-21:25:44-68,config,,,*.queue.warmupCompletedPackets,200000,
Phase5_Tail-98-20261001-21:25:44-68,config,,,*.queue.targetCompletedPackets,1000000,
Phase5_Tail-98-20261001-21:25:44-68,config,,,*.queue.recordVectors,false,
Phase5_Tail-98-20261001-21:25:44-68,config,,,*.queue.recordTailStatistics,true,
Phase5_Tail-98-20261001-21:25:44-68,config,,,network,dect2020scheduledaccess.DectScheduledAccessNetwork,
Phase5_Tail-98-20261001-21:25:44-68,config,,,cmdenv-express-mode,true,
Phase5_Tail-98-20261001-21:25:44-68,config,,,cmdenv-status-frequency,10s,
Phase5_Tail-98-20261001-21:25:44-68,config,,,result-dir,results,
Phase5_Tail-98-20261001-21:25:44-68,config,,,*.queue.frameDuration,10ms,
Phase5_Tail-98-20261001-21:25:44-68,config,,,*.queue.meanType1ServiceTime,0.4166666667ms,
Phase5_Tail-98-20261001-21:25:44-68,config,,,*.queue.deriveDectParametersFromD,true,
Phase5_Tail-98-20261001-21:25:44-68,config,,,*.queue.deriveLambdaFromRho,true,
Phase5_Tail-98-20261001-21:25:44-68,config,,,*.queue.warmupCompletedPackets,200000,
Phase5_Tail-98-20261001-21:25:44-68,config,,,*.queue.targetCompletedPackets,1000000,
Phase5_Tail-98-20261001-21:25:44-68,config,,,*.queue.recordVectors,false,
Phase5_Tail-98-20261001-21:25:44-68,config,,,*.queue.rngIndex,0,
Phase5_Tail-99-20261001-21:25:45-68,runattr,,,configname,Phase5_Tail,
Phase5_Tail-99-20261001-21:25:45-68,runattr,,,datetime,20261001-21:25:45,
Phase5_Tail-99-20261001-21:25:45-68,runattr,,,datetimef,20261001-212545,
Phase5_Tail-99-20261001-21:25:45-68,runattr,,,experiment,Phase5_Tail,
Phase5_Tail-99-20261001-21:25:45-68,runattr,,,inifile,omnetpp.ini,
Phase5_Tail-99-20261001-21:25:45-68,runattr,,,iterationvars,$rho=0.423728813559,
Phase5_Tail-99-20261001-21:25:45-68,runattr,,,iterationvarsd,rho=0.423728813559,
Phase5_Tail-99-20261001-21:25:45-68,runattr,,,iterationvarsf,rho=0.423728813559-,
Phase5_Tail-99-20261001-21:25:45-68,runattr,,,measurement,$rho=0.423728813559,
Phase5_Tail-99-20261001-21:25:45-68,runattr,,,network,dect2020scheduledaccess.DectScheduledAccessNetwork,
Phase5_Tail-99-20261001-21:25:45-68,runattr,,,processid,68,
Phase5_Tail-99-20261001-21:25:45-68,runattr,,,repetition,9,
Phase5_Tail-99-20261001-21:25:45-68,runattr,,,replication,#9,
Phase5_Tail-99-20261001-21:25:45-68,runattr,,,resultdir,results_phase5,
Phase5_Tail-99-20261001-21:25:45-68,runattr,,,runnumber,99,
Phase5_Tail-99-20261001-21:25:45-68,runattr,,,seedset,9,
Phase5_Tail-99-20261001-21:25:45-68,itervar,,,rho,0.423728813559,
Phase5_Tail-99-20261001-21:25:45-68,config,,,result-dir,results_phase5,
Phase5_Tail-99-20261001-21:25:45-68,config,,,repeat,10,
Phase5_Tail-99-20261001-21:25:45-68,config,,,seed-set,9,
Phase5_Tail-99-20261001-21:25:45-68,config,,,*.queue.D,10,
Phase5_Tail-99-20261001-21:25:45-68,config,,,*.queue.r,30,
Phase5_Tail-99-20261001-21:25:45-68,config,,,*.queue.rho,0.423728813559,
Phase5_Tail-99-20261001-21:25:45-68,config,,,*.queue.warmupCompletedPackets,200000,
Phase5_Tail-99-20261001-21:25:45-68,config,,,*.queue.targetCompletedPackets,1000000,
Phase5_Tail-99-20261001-21:25:45-68,config,,,*.queue.recordVectors,false,
Phase5_Tail-99-20261001-21:25:45-68,config,,,*.queue.recordTailStatistics,true,
Phase5_Tail-99-20261001-21:25:45-68,config,,,network,dect2020scheduledaccess.DectScheduledAccessNetwork,
Phase5_Tail-99-20261001-21:25:45-68,config,,,cmdenv-express-mode,true,
Phase5_Tail-99-20261001-21:25:45-68,config,,,cmdenv-status-frequency,10s,
Phase5_Tail-99-20261001-21:25:45-68,config,,,result-dir,results,
Phase5_Tail-99-20261001-21:25:45-68,config,,,*.queue.frameDuration,10ms,
Phase5_Tail-99-20261001-21:25:45-68,config,,,*.queue.meanType1ServiceTime,0.4166666667ms,
Phase5_Tail-99-20261001-21:25:45-68,config,,,*.queue.deriveDectParametersFromD,true,
Phase5_Tail-99-20261001-21:25:45-68,config,,,*.queue.deriveLambdaFromRho,true,
Phase5_Tail-99-20261001-21:25:45-68,config,,,*.queue.warmupCompletedPackets,200000,
Phase5_Tail-99-20261001-21:25:45-68,config,,,*.queue.targetCompletedPackets,1000000,
Phase5_Tail-99-20261001-21:25:45-68,config,,,*.queue.recordVectors,false,
Phase5_Tail-99-20261001-21:25:45-68,config,,,*.queue.rngIndex,0,
Phase5_Tail-0-20261001-21:25:07-68,scalar,DectScheduledAccessNetwork.queue,D,,,10
Phase5_Tail-0-20261001-21:25:07-68,scalar,DectScheduledAccessNetwork.queue,r,,,30
Phase5_Tail-0-20261001-21:25:07-68,scalar,DectScheduledAccessNetwork.queue,L_effective,,,2
Phase5_Tail-0-20261001-21:25:07-68,scalar,DectScheduledAccessNetwork.queue,rho,,,0.042372881356
Phase5_Tail-0-20261001-21:25:07-68,scalar,DectScheduledAccessNetwork.queue,lambda_per_ms,,,0.10169491517304
Phase5_Tail-0-20261001-21:25:07-68,scalar,DectScheduledAccessNetwork.queue,lambda_sat_per_ms,,,0.20338983049469
Phase5_Tail-0-20261001-21:25:07-68,scalar,DectScheduledAccessNetwork.queue,rho_sat,,,0.084745762773916
Phase5_Tail-0-20261001-21:25:07-68,scalar,DectScheduledAccessNetwork.queue,load_factor_rho_over_rho_sat,,,0.4999999996347
Phase5_Tail-0-20261001-21:25:07-68,scalar,DectScheduledAccessNetwork.queue,mean_type1_service_ms,,,0.416666667
Phase5_Tail-0-20261001-21:25:07-68,scalar,DectScheduledAccessNetwork.queue,type2_service_ms,,,9
Phase5_Tail-0-20261001-21:25:07-68,scalar,DectScheduledAccessNetwork.queue,warmup_type1_completions,,,200000
Phase5_Tail-0-20261001-21:25:07-68,scalar,DectScheduledAccessNetwork.queue,measured_arrivals,,,1000000
Phase5_Tail-0-20261001-21:25:07-68,scalar,DectScheduledAccessNetwork.queue,measured_accepted_arrivals,,,1000000
Phase5_Tail-0-20261001-21:25:07-68,scalar,DectScheduledAccessNetwork.queue,measured_blocked_arrivals,,,0
Phase5_Tail-0-20261001-21:25:07-68,scalar,DectScheduledAccessNetwork.queue,measured_completed_packets,,,1000000
Phase5_Tail-0-20261001-21:25:07-68,scalar,DectScheduledAccessNetwork.queue,observation_time_s,,,9830.0044754189
Phase5_Tail-0-20261001-21:25:07-68,scalar,DectScheduledAccessNetwork.queue,blocking_probability,,,0
Phase5_Tail-0-20261001-21:25:07-68,scalar,DectScheduledAccessNetwork.queue,mean_type1_number,,,0.67878063446583
Phase5_Tail-0-20261001-21:25:07-68,scalar,DectScheduledAccessNetwork.queue,mean_delay_direct_ms,,,6.6724166746258
Phase5_Tail-0-20261001-21:25:07-68,scalar,DectScheduledAccessNetwork.queue,delay_p50_ms,,,6.201275018
Phase5_Tail-0-20261001-21:25:07-68,scalar,DectScheduledAccessNetwork.queue,delay_p95_ms,,,14.9840159549
Phase5_Tail-0-20261001-21:25:07-68,scalar,DectScheduledAccessNetwork.queue,delay_p99_ms,,,21.25978151457
Phase5_Tail-0-20261001-21:25:07-68,scalar,DectScheduledAccessNetwork.queue,delay_p999_ms,,,30.48800435017
Phase5_Tail-0-20261001-21:25:07-68,scalar,DectScheduledAccessNetwork.queue,tail_sample_count,,,1000000
Phase5_Tail-0-20261001-21:25:07-68,scalar,DectScheduledAccessNetwork.queue,effective_throughput_departures_per_ms,,,0.10172935348103
Phase5_Tail-0-20261001-21:25:07-68,scalar,DectScheduledAccessNetwork.queue,effective_throughput_accepted_per_ms,,,0.10172935348103
Phase5_Tail-0-20261001-21:25:07-68,scalar,DectScheduledAccessNetwork.queue,mean_delay_little_ms,,,6.6724166746268
Phase5_Tail-0-20261001-21:25:07-68,scalar,DectScheduledAccessNetwork.queue,little_vs_direct_relative_error,,,1.5387691121305e-13
Phase5_Tail-0-20261001-21:25:07-68,scalar,DectScheduledAccessNetwork.queue,type1_service_fraction,,,0.042453538700056
Phase5_Tail-0-20261001-21:25:07-68,scalar,DectScheduledAccessNetwork.queue,type2_service_fraction,,,0.95754646130047
Phase5_Tail-0-20261001-21:25:07-68,scalar,DectScheduledAccessNetwork.queue,full_type1_fraction,,,0
Phase5_Tail-0-20261001-21:25:07-68,scalar,DectScheduledAccessNetwork.queue,full_type2_fraction,,,0
Phase5_Tail-0-20261001-21:25:07-68,scalar,DectScheduledAccessNetwork.queue,nonfull_state_fraction,,,1.0000000000005
Phase5_Tail-0-20261001-21:25:07-68,scalar,DectScheduledAccessNetwork.queue,saturated_full_state_fraction,,,0
Phase5_Tail-0-20261001-21:25:07-68,scalar,DectScheduledAccessNetwork.queue,full_type1_phase_0_fraction,,,0
Phase5_Tail-0-20261001-21:25:07-68,scalar,DectScheduledAccessNetwork.queue,full_type1_phase_1_fraction,,,0
Phase5_Tail-1-20261001-21:25:07-68,scalar,DectScheduledAccessNetwork.queue,D,,,10
Phase5_Tail-1-20261001-21:25:07-68,scalar,DectScheduledAccessNetwork.queue,r,,,30
Phase5_Tail-1-20261001-21:25:07-68,scalar,DectScheduledAccessNetwork.queue,L_effective,,,2
Phase5_Tail-1-20261001-21:25:07-68,scalar,DectScheduledAccessNetwork.queue,rho,,,0.042372881356
Phase5_Tail-1-20261001-21:25:07-68,scalar,DectScheduledAccessNetwork.queue,lambda_per_ms,,,0.10169491517304
Phase5_Tail-1-20261001-21:25:07-68,scalar,DectScheduledAccessNetwork.queue,lambda_sat_per_ms,,,0.20338983049469
Phase5_Tail-1-20261001-21:25:07-68,scalar,DectScheduledAccessNetwork.queue,rho_sat,,,0.084745762773916
Phase5_Tail-1-20261001-21:25:07-68,scalar,DectScheduledAccessNetwork.queue,load_factor_rho_over_rho_sat,,,0.4999999996347
Phase5_Tail-1-20261001-21:25:07-68,scalar,DectScheduledAccessNetwork.queue,mean_type1_service_ms,,,0.416666667
Phase5_Tail-1-20261001-21:25:07-68,scalar,DectScheduledAccessNetwork.queue,type2_service_ms,,,9
Phase5_Tail-1-20261001-21:25:07-68,scalar,DectScheduledAccessNetwork.queue,warmup_type1_completions,,,200000
Phase5_Tail-1-20261001-21:25:07-68,scalar,DectScheduledAccessNetwork.queue,measured_arrivals,,,1000000
Phase5_Tail-1-20261001-21:25:07-68,scalar,DectScheduledAccessNetwork.queue,measured_accepted_arrivals,,,1000000
Phase5_Tail-1-20261001-21:25:07-68,scalar,DectScheduledAccessNetwork.queue,measured_blocked_arrivals,,,0
Phase5_Tail-1-20261001-21:25:07-68,scalar,DectScheduledAccessNetwork.queue,measured_completed_packets,,,1000000
Phase5_Tail-1-20261001-21:25:07-68,scalar,DectScheduledAccessNetwork.queue,observation_time_s,,,9841.0554446448
Phase5_Tail-1-20261001-21:25:07-68,scalar,DectScheduledAccessNetwork.queue,blocking_probability,,,0
Phase5_Tail-1-20261001-21:25:07-68,scalar,DectScheduledAccessNetwork.queue,mean_type1_number,,,0.67826899576657
Phase5_Tail-1-20261001-21:25:07-68,scalar,DectScheduledAccessNetwork.queue,mean_delay_direct_ms,,,6.6748816949919
Phase5_Tail-1-20261001-21:25:07-68,scalar,DectScheduledAccessNetwork.queue,delay_p50_ms,,,6.1980920805
Phase5_Tail-1-20261001-21:25:07-68,scalar,DectScheduledAccessNetwork.queue,delay_p95_ms,,,15.012734132
Phase5_Tail-1-20261001-21:25:07-68,scalar,DectScheduledAccessNetwork.queue,delay_p99_ms,,,21.22540914155
Phase5_Tail-1-20261001-21:25:07-68,scalar,DectScheduledAccessNetwork.queue,delay_p999_ms,,,30.444205026919
Phase5_Tail-1-20261001-21:25:07-68,scalar,DectScheduledAccessNetwork.queue,tail_sample_count,,,1000000
Phase5_Tail-1-20261001-21:25:07-68,scalar,DectScheduledAccessNetwork.queue,effective_throughput_departures_per_ms,,,0.10161511695823
Phase5_Tail-1-20261001-21:25:07-68,scalar,DectScheduledAccessNetwork.queue,effective_throughput_accepted_per_ms,,,0.10161511695823
Phase5_Tail-1-20261001-21:25:07-68,scalar,DectScheduledAccessNetwork.queue,mean_delay_little_ms,,,6.6748827937224
Phase5_Tail-1-20261001-21:25:07-68,scalar,DectScheduledAccessNetwork.queue,little_vs_direct_relative_error,,,1.6460674001628e-07
Phase5_Tail-1-20261001-21:25:07-68,scalar,DectScheduledAccessNetwork.queue,type1_service_fraction,,,0.04235180331919
Phase5_Tail-1-20261001-21:25:07-68,scalar,DectScheduledAccessNetwork.queue,type2_service_fraction,,,0.9576481966814
Phase5_Tail-1-20261001-21:25:07-68,scalar,DectScheduledAccessNetwork.queue,full_type1_fraction,,,0
Phase5_Tail-1-20261001-21:25:07-68,scalar,DectScheduledAccessNetwork.queue,full_type2_fraction,,,0
Phase5_Tail-1-20261001-21:25:07-68,scalar,DectScheduledAccessNetwork.queue,nonfull_state_fraction,,,1.0000000000006
Phase5_Tail-1-20261001-21:25:07-68,scalar,DectScheduledAccessNetwork.queue,saturated_full_state_fraction,,,0
Phase5_Tail-1-20261001-21:25:07-68,scalar,DectScheduledAccessNetwork.queue,full_type1_phase_0_fraction,,,0
Phase5_Tail-1-20261001-21:25:07-68,scalar,DectScheduledAccessNetwork.queue,full_type1_phase_1_fraction,,,0
Phase5_Tail-2-20261001-21:25:08-68,scalar,DectScheduledAccessNetwork.queue,D,,,10
Phase5_Tail-2-20261001-21:25:08-68,scalar,DectScheduledAccessNetwork.queue,r,,,30
Phase5_Tail-2-20261001-21:25:08-68,scalar,DectScheduledAccessNetwork.queue,L_effective,,,2
Phase5_Tail-2-20261001-21:25:08-68,scalar,DectScheduledAccessNetwork.queue,rho,,,0.042372881356
Phase5_Tail-2-20261001-21:25:08-68,scalar,DectScheduledAccessNetwork.queue,lambda_per_ms,,,0.10169491517304
Phase5_Tail-2-20261001-21:25:08-68,scalar,DectScheduledAccessNetwork.queue,lambda_sat_per_ms,,,0.20338983049469
Phase5_Tail-2-20261001-21:25:08-68,scalar,DectScheduledAccessNetwork.queue,rho_sat,,,0.084745762773916
Phase5_Tail-2-20261001-21:25:08-68,scalar,DectScheduledAccessNetwork.queue,load_factor_rho_over_rho_sat,,,0.4999999996347
Phase5_Tail-2-20261001-21:25:08-68,scalar,DectScheduledAccessNetwork.queue,mean_type1_service_ms,,,0.416666667
Phase5_Tail-2-20261001-21:25:08-68,scalar,DectScheduledAccessNetwork.queue,type2_service_ms,,,9
Phase5_Tail-2-20261001-21:25:08-68,scalar,DectScheduledAccessNetwork.queue,warmup_type1_completions,,,200000
Phase5_Tail-2-20261001-21:25:08-68,scalar,DectScheduledAccessNetwork.queue,measured_arrivals,,,1000000
Phase5_Tail-2-20261001-21:25:08-68,scalar,DectScheduledAccessNetwork.queue,measured_accepted_arrivals,,,1000000
Phase5_Tail-2-20261001-21:25:08-68,scalar,DectScheduledAccessNetwork.queue,measured_blocked_arrivals,,,0
Phase5_Tail-2-20261001-21:25:08-68,scalar,DectScheduledAccessNetwork.queue,measured_completed_packets,,,1000000
Phase5_Tail-2-20261001-21:25:08-68,scalar,DectScheduledAccessNetwork.queue,observation_time_s,,,9822.0558414776
Phase5_Tail-2-20261001-21:25:08-68,scalar,DectScheduledAccessNetwork.queue,blocking_probability,,,0
Phase5_Tail-2-20261001-21:25:08-68,scalar,DectScheduledAccessNetwork.queue,mean_type1_number,,,0.68113680504405
Phase5_Tail-2-20261001-21:25:08-68,scalar,DectScheduledAccessNetwork.queue,mean_delay_direct_ms,,,6.6901632792285
Phase5_Tail-2-20261001-21:25:08-68,scalar,DectScheduledAccessNetwork.queue,delay_p50_ms,,,6.2025000385
Phase5_Tail-2-20261001-21:25:08-68,scalar,DectScheduledAccessNetwork.queue,delay_p95_ms,,,15.07039554255
Phase5_Tail-2-20261001-21:25:08-68,scalar,DectScheduledAccessNetwork.queue,delay_p99_ms,,,21.49766468889
Phase5_Tail-2-20261001-21:25:08-68,scalar,DectScheduledAccessNetwork.queue,delay_p999_ms,,,30.699039744316
Phase5_Tail-2-20261001-21:25:08-68,scalar,DectScheduledAccessNetwork.queue,tail_sample_count,,,1000000
Phase5_Tail-2-20261001-21:25:08-68,scalar,DectScheduledAccessNetwork.queue,effective_throughput_departures_per_ms,,,0.10181167936117
Phase5_Tail-2-20261001-21:25:08-68,scalar,DectScheduledAccessNetwork.queue,effective_throughput_accepted_per_ms,,,0.10181167936117
Phase5_Tail-2-20261001-21:25:08-68,scalar,DectScheduledAccessNetwork.queue,mean_delay_little_ms,,,6.6901637348283
Phase5_Tail-2-20261001-21:25:08-68,scalar,DectScheduledAccessNetwork.queue,little_vs_direct_relative_error,,,6.8099942351907e-08
Phase5_Tail-2-20261001-21:25:08-68,scalar,DectScheduledAccessNetwork.queue,type1_service_fraction,,,0.042428168624108
Phase5_Tail-2-20261001-21:25:08-68,scalar,DectScheduledAccessNetwork.queue,type2_service_fraction,,,0.95757183137649
Phase5_Tail-2-20261001-21:25:08-68,scalar,DectScheduledAccessNetwork.queue,full_type1_fraction,,,0
Phase5_Tail-2-20261001-21:25:08-68,scalar,DectScheduledAccessNetwork.queue,full_type2_fraction,,,0
Phase5_Tail-2-20261001-21:25:08-68,scalar,DectScheduledAccessNetwork.queue,nonfull_state_fraction,,,1.0000000000006
Phase5_Tail-2-20261001-21:25:08-68,scalar,DectScheduledAccessNetwork.queue,saturated_full_state_fraction,,,0
Phase5_Tail-2-20261001-21:25:08-68,scalar,DectScheduledAccessNetwork.queue,full_type1_phase_0_fraction,,,0
Phase5_Tail-2-20261001-21:25:08-68,scalar,DectScheduledAccessNetwork.queue,full_type1_phase_1_fraction,,,0
Phase5_Tail-3-20261001-21:25:08-68,scalar,DectScheduledAccessNetwork.queue,D,,,10
Phase5_Tail-3-20261001-21:25:08-68,scalar,DectScheduledAccessNetwork.queue,r,,,30
Phase5_Tail-3-20261001-21:25:08-68,scalar,DectScheduledAccessNetwork.queue,L_effective,,,2
Phase5_Tail-3-20261001-21:25:08-68,scalar,DectScheduledAccessNetwork.queue,rho,,,0.042372881356
Phase5_Tail-3-20261001-21:25:08-68,scalar,DectScheduledAccessNetwork.queue,lambda_per_ms,,,0.10169491517304
Phase5_Tail-3-20261001-21:25:08-68,scalar,DectScheduledAccessNetwork.queue,lambda_sat_per_ms,,,0.20338983049469
Phase5_Tail-3-20261001-21:25:08-68,scalar,DectScheduledAccessNetwork.queue,rho_sat,,,0.084745762773916
Phase5_Tail-3-20261001-21:25:08-68,scalar,DectScheduledAccessNetwork.queue,load_factor_rho_over_rho_sat,,,0.4999999996347
Phase5_Tail-3-20261001-21:25:08-68,scalar,DectScheduledAccessNetwork.queue,mean_type1_service_ms,,,0.416666667
Phase5_Tail-3-20261001-21:25:08-68,scalar,DectScheduledAccessNetwork.queue,type2_service_ms,,,9
Phase5_Tail-3-20261001-21:25:08-68,scalar,DectScheduledAccessNetwork.queue,warmup_type1_completions,,,200000
Phase5_Tail-3-20261001-21:25:08-68,scalar,DectScheduledAccessNetwork.queue,measured_arrivals,,,1000001
Phase5_Tail-3-20261001-21:25:08-68,scalar,DectScheduledAccessNetwork.queue,measured_accepted_arrivals,,,1000001
Phase5_Tail-3-20261001-21:25:08-68,scalar,DectScheduledAccessNetwork.queue,measured_blocked_arrivals,,,0
Phase5_Tail-3-20261001-21:25:08-68,scalar,DectScheduledAccessNetwork.queue,measured_completed_packets,,,1000000
Phase5_Tail-3-20261001-21:25:08-68,scalar,DectScheduledAccessNetwork.queue,observation_time_s,,,9837.3847882795
Phase5_Tail-3-20261001-21:25:08-68,scalar,DectScheduledAccessNetwork.queue,blocking_probability,,,0
Phase5_Tail-3-20261001-21:25:08-68,scalar,DectScheduledAccessNetwork.queue,mean_type1_number,,,0.67833581015753
Phase5_Tail-3-20261001-21:25:08-68,scalar,DectScheduledAccessNetwork.queue,mean_delay_direct_ms,,,6.6730503333594
Phase5_Tail-3-20261001-21:25:08-68,scalar,DectScheduledAccessNetwork.queue,delay_p50_ms,,,6.20274492
Phase5_Tail-3-20261001-21:25:08-68,scalar,DectScheduledAccessNetwork.queue,delay_p95_ms,,,14.97164855075
Phase5_Tail-3-20261001-21:25:08-68,scalar,DectScheduledAccessNetwork.queue,delay_p99_ms,,,21.27130483001
Phase5_Tail-3-20261001-21:25:08-68,scalar,DectScheduledAccessNetwork.queue,delay_p999_ms,,,30.357707703243
Phase5_Tail-3-20261001-21:25:08-68,scalar,DectScheduledAccessNetwork.queue,tail_sample_count,,,1000000
Phase5_Tail-3-20261001-21:25:08-68,scalar,DectScheduledAccessNetwork.queue,effective_throughput_departures_per_ms,,,0.10165303294748
Phase5_Tail-3-20261001-21:25:08-68,scalar,DectScheduledAccessNetwork.queue,effective_throughput_accepted_per_ms,,,0.10165313460051
Phase5_Tail-3-20261001-21:25:08-68,scalar,DectScheduledAccessNetwork.queue,mean_delay_little_ms,,,6.673050380189
Phase5_Tail-3-20261001-21:25:08-68,scalar,DectScheduledAccessNetwork.queue,little_vs_direct_relative_error,,,7.0177155198081e-09
Phase5_Tail-3-20261001-21:25:08-68,scalar,DectScheduledAccessNetwork.queue,type1_service_fraction,,,0.04240342298865
Phase5_Tail-3-20261001-21:25:08-68,scalar,DectScheduledAccessNetwork.queue,type2_service_fraction,,,0.95759657701194
Phase5_Tail-3-20261001-21:25:08-68,scalar,DectScheduledAccessNetwork.queue,full_type1_fraction,,,0
Phase5_Tail-3-20261001-21:25:08-68,scalar,DectScheduledAccessNetwork.queue,full_type2_fraction,,,0
Phase5_Tail-3-20261001-21:25:08-68,scalar,DectScheduledAccessNetwork.queue,nonfull_state_fraction,,,1.0000000000005
Phase5_Tail-3-20261001-21:25:08-68,scalar,DectScheduledAccessNetwork.queue,saturated_full_state_fraction,,,0
Phase5_Tail-3-20261001-21:25:08-68,scalar,DectScheduledAccessNetwork.queue,full_type1_phase_0_fraction,,,0
Phase5_Tail-3-20261001-21:25:08-68,scalar,DectScheduledAccessNetwork.queue,full_type1_phase_1_fraction,,,0
Phase5_Tail-4-20261001-21:25:08-68,scalar,DectScheduledAccessNetwork.queue,D,,,10
Phase5_Tail-4-20261001-21:25:08-68,scalar,DectScheduledAccessNetwork.queue,r,,,30
Phase5_Tail-4-20261001-21:25:08-68,scalar,DectScheduledAccessNetwork.queue,L_effective,,,2
Phase5_Tail-4-20261001-21:25:08-68,scalar,DectScheduledAccessNetwork.queue,rho,,,0.042372881356
Phase5_Tail-4-20261001-21:25:08-68,scalar,DectScheduledAccessNetwork.queue,lambda_per_ms,,,0.10169491517304
Phase5_Tail-4-20261001-21:25:08-68,scalar,DectScheduledAccessNetwork.queue,lambda_sat_per_ms,,,0.20338983049469
Phase5_Tail-4-20261001-21:25:08-68,scalar,DectScheduledAccessNetwork.queue,rho_sat,,,0.084745762773916
Phase5_Tail-4-20261001-21:25:08-68,scalar,DectScheduledAccessNetwork.queue,load_factor_rho_over_rho_sat,,,0.4999999996347
Phase5_Tail-4-20261001-21:25:08-68,scalar,DectScheduledAccessNetwork.queue,mean_type1_service_ms,,,0.416666667
Phase5_Tail-4-20261001-21:25:08-68,scalar,DectScheduledAccessNetwork.queue,type2_service_ms,,,9
Phase5_Tail-4-20261001-21:25:08-68,scalar,DectScheduledAccessNetwork.queue,warmup_type1_completions,,,200000
Phase5_Tail-4-20261001-21:25:08-68,scalar,DectScheduledAccessNetwork.queue,measured_arrivals,,,1000000
Phase5_Tail-4-20261001-21:25:08-68,scalar,DectScheduledAccessNetwork.queue,measured_accepted_arrivals,,,1000000
Phase5_Tail-4-20261001-21:25:08-68,scalar,DectScheduledAccessNetwork.queue,measured_blocked_arrivals,,,0
Phase5_Tail-4-20261001-21:25:08-68,scalar,DectScheduledAccessNetwork.queue,measured_completed_packets,,,1000000
Phase5_Tail-4-20261001-21:25:08-68,scalar,DectScheduledAccessNetwork.queue,observation_time_s,,,9849.1693178529
Phase5_Tail-4-20261001-21:25:08-68,scalar,DectScheduledAccessNetwork.queue,blocking_probability,,,0
Phase5_Tail-4-20261001-21:25:08-68,scalar,DectScheduledAccessNetwork.queue,mean_type1_number,,,0.67823236107195
Phase5_Tail-4-20261001-21:25:08-68,scalar,DectScheduledAccessNetwork.queue,mean_delay_direct_ms,,,6.6800245559241
Phase5_Tail-4-20261001-21:25:08-68,scalar,DectScheduledAccessNetwork.queue,delay_p50_ms,,,6.2103250555
Phase5_Tail-4-20261001-21:25:08-68,scalar,DectScheduledAccessNetwork.queue,delay_p95_ms,,,14.9932091697
Phase5_Tail-4-20261001-21:25:08-68,scalar,DectScheduledAccessNetwork.queue,delay_p99_ms,,,21.23057600814
Phase5_Tail-4-20261001-21:25:08-68,scalar,DectScheduledAccessNetwork.queue,delay_p999_ms,,,29.909307966082
Phase5_Tail-4-20261001-21:25:08-68,scalar,DectScheduledAccessNetwork.queue,tail_sample_count,,,1000000
Phase5_Tail-4-20261001-21:25:08-68,scalar,DectScheduledAccessNetwork.queue,effective_throughput_departures_per_ms,,,0.1015314051092
Phase5_Tail-4-20261001-21:25:08-68,scalar,DectScheduledAccessNetwork.queue,effective_throughput_accepted_per_ms,,,0.1015314051092
Phase5_Tail-4-20261001-21:25:08-68,scalar,DectScheduledAccessNetwork.queue,mean_delay_little_ms,,,6.6800253610448
Phase5_Tail-4-20261001-21:25:08-68,scalar,DectScheduledAccessNetwork.queue,little_vs_direct_relative_error,,,1.2052659847939e-07
Phase5_Tail-4-20261001-21:25:08-68,scalar,DectScheduledAccessNetwork.queue,type1_service_fraction,,,0.042298218703351
Phase5_Tail-4-20261001-21:25:08-68,scalar,DectScheduledAccessNetwork.queue,type2_service_fraction,,,0.95770178129728
Phase5_Tail-4-20261001-21:25:08-68,scalar,DectScheduledAccessNetwork.queue,full_type1_fraction,,,0
Phase5_Tail-4-20261001-21:25:08-68,scalar,DectScheduledAccessNetwork.queue,full_type2_fraction,,,0
Phase5_Tail-4-20261001-21:25:08-68,scalar,DectScheduledAccessNetwork.queue,nonfull_state_fraction,,,1.0000000000007
Phase5_Tail-4-20261001-21:25:08-68,scalar,DectScheduledAccessNetwork.queue,saturated_full_state_fraction,,,0
Phase5_Tail-4-20261001-21:25:08-68,scalar,DectScheduledAccessNetwork.queue,full_type1_phase_0_fraction,,,0
Phase5_Tail-4-20261001-21:25:08-68,scalar,DectScheduledAccessNetwork.queue,full_type1_phase_1_fraction,,,0
Phase5_Tail-5-20261001-21:25:09-68,scalar,DectScheduledAccessNetwork.queue,D,,,10
Phase5_Tail-5-20261001-21:25:09-68,scalar,DectScheduledAccessNetwork.queue,r,,,30
Phase5_Tail-5-20261001-21:25:09-68,scalar,DectScheduledAccessNetwork.queue,L_effective,,,2
Phase5_Tail-5-20261001-21:25:09-68,scalar,DectScheduledAccessNetwork.queue,rho,,,0.042372881356
Phase5_Tail-5-20261001-21:25:09-68,scalar,DectScheduledAccessNetwork.queue,lambda_per_ms,,,0.10169491517304
Phase5_Tail-5-20261001-21:25:09-68,scalar,DectScheduledAccessNetwork.queue,lambda_sat_per_ms,,,0.20338983049469
Phase5_Tail-5-20261001-21:25:09-68,scalar,DectScheduledAccessNetwork.queue,rho_sat,,,0.084745762773916
Phase5_Tail-5-20261001-21:25:09-68,scalar,DectScheduledAccessNetwork.queue,load_factor_rho_over_rho_sat,,,0.4999999996347
Phase5_Tail-5-20261001-21:25:09-68,scalar,DectScheduledAccessNetwork.queue,mean_type1_service_ms,,,0.416666667
Phase5_Tail-5-20261001-21:25:09-68,scalar,DectScheduledAccessNetwork.queue,type2_service_ms,,,9
Phase5_Tail-5-20261001-21:25:09-68,scalar,DectScheduledAccessNetwork.queue,warmup_type1_completions,,,200000
Phase5_Tail-5-20261001-21:25:09-68,scalar,DectScheduledAccessNetwork.queue,measured_arrivals,,,1000000
Phase5_Tail-5-20261001-21:25:09-68,scalar,DectScheduledAccessNetwork.queue,measured_accepted_arrivals,,,1000000
Phase5_Tail-5-20261001-21:25:09-68,scalar,DectScheduledAccessNetwork.queue,measured_blocked_arrivals,,,0
Phase5_Tail-5-20261001-21:25:09-68,scalar,DectScheduledAccessNetwork.queue,measured_completed_packets,,,1000000
Phase5_Tail-5-20261001-21:25:09-68,scalar,DectScheduledAccessNetwork.queue,observation_time_s,,,9854.1038886198
Phase5_Tail-5-20261001-21:25:09-68,scalar,DectScheduledAccessNetwork.queue,blocking_probability,,,0
Phase5_Tail-5-20261001-21:25:09-68,scalar,DectScheduledAccessNetwork.queue,mean_type1_number,,,0.67628505649768
Phase5_Tail-5-20261001-21:25:09-68,scalar,DectScheduledAccessNetwork.queue,mean_delay_direct_ms,,,6.6641832050482
Phase5_Tail-5-20261001-21:25:09-68,scalar,DectScheduledAccessNetwork.queue,delay_p50_ms,,,6.1968543075
Phase5_Tail-5-20261001-21:25:09-68,scalar,DectScheduledAccessNetwork.queue,delay_p95_ms,,,14.96939823515
Phase5_Tail-5-20261001-21:25:09-68,scalar,DectScheduledAccessNetwork.queue,delay_p99_ms,,,21.31709928551
Phase5_Tail-5-20261001-21:25:09-68,scalar,DectScheduledAccessNetwork.queue,delay_p999_ms,,,30.590735010975
Phase5_Tail-5-20261001-21:25:09-68,scalar,DectScheduledAccessNetwork.queue,tail_sample_count,,,1000000
Phase5_Tail-5-20261001-21:25:09-68,scalar,DectScheduledAccessNetwork.queue,effective_throughput_departures_per_ms,,,0.10148056193672
Phase5_Tail-5-20261001-21:25:09-68,scalar,DectScheduledAccessNetwork.queue,effective_throughput_accepted_per_ms,,,0.10148056193672
Phase5_Tail-5-20261001-21:25:09-68,scalar,DectScheduledAccessNetwork.queue,mean_delay_little_ms,,,6.6641832050492
Phase5_Tail-5-20261001-21:25:09-68,scalar,DectScheduledAccessNetwork.queue,little_vs_direct_relative_error,,,1.5210055437365e-13
Phase5_Tail-5-20261001-21:25:09-68,scalar,DectScheduledAccessNetwork.queue,type1_service_fraction,,,0.042242591850541
Phase5_Tail-5-20261001-21:25:09-68,scalar,DectScheduledAccessNetwork.queue,type2_service_fraction,,,0.95775740815006
Phase5_Tail-5-20261001-21:25:09-68,scalar,DectScheduledAccessNetwork.queue,full_type1_fraction,,,0
Phase5_Tail-5-20261001-21:25:09-68,scalar,DectScheduledAccessNetwork.queue,full_type2_fraction,,,0
Phase5_Tail-5-20261001-21:25:09-68,scalar,DectScheduledAccessNetwork.queue,nonfull_state_fraction,,,1.0000000000006
Phase5_Tail-5-20261001-21:25:09-68,scalar,DectScheduledAccessNetwork.queue,saturated_full_state_fraction,,,0
Phase5_Tail-5-20261001-21:25:09-68,scalar,DectScheduledAccessNetwork.queue,full_type1_phase_0_fraction,,,0
Phase5_Tail-5-20261001-21:25:09-68,scalar,DectScheduledAccessNetwork.queue,full_type1_phase_1_fraction,,,0
Phase5_Tail-6-20261001-21:25:09-68,scalar,DectScheduledAccessNetwork.queue,D,,,10
Phase5_Tail-6-20261001-21:25:09-68,scalar,DectScheduledAccessNetwork.queue,r,,,30
Phase5_Tail-6-20261001-21:25:09-68,scalar,DectScheduledAccessNetwork.queue,L_effective,,,2
Phase5_Tail-6-20261001-21:25:09-68,scalar,DectScheduledAccessNetwork.queue,rho,,,0.042372881356
Phase5_Tail-6-20261001-21:25:09-68,scalar,DectScheduledAccessNetwork.queue,lambda_per_ms,,,0.10169491517304
Phase5_Tail-6-20261001-21:25:09-68,scalar,DectScheduledAccessNetwork.queue,lambda_sat_per_ms,,,0.20338983049469
Phase5_Tail-6-20261001-21:25:09-68,scalar,DectScheduledAccessNetwork.queue,rho_sat,,,0.084745762773916
Phase5_Tail-6-20261001-21:25:09-68,scalar,DectScheduledAccessNetwork.queue,load_factor_rho_over_rho_sat,,,0.4999999996347
Phase5_Tail-6-20261001-21:25:09-68,scalar,DectScheduledAccessNetwork.queue,mean_type1_service_ms,,,0.416666667
Phase5_Tail-6-20261001-21:25:09-68,scalar,DectScheduledAccessNetwork.queue,type2_service_ms,,,9
Phase5_Tail-6-20261001-21:25:09-68,scalar,DectScheduledAccessNetwork.queue,warmup_type1_completions,,,200000
Phase5_Tail-6-20261001-21:25:09-68,scalar,DectScheduledAccessNetwork.queue,measured_arrivals,,,1000000
Phase5_Tail-6-20261001-21:25:09-68,scalar,DectScheduledAccessNetwork.queue,measured_accepted_arrivals,,,1000000
Phase5_Tail-6-20261001-21:25:09-68,scalar,DectScheduledAccessNetwork.queue,measured_blocked_arrivals,,,0
Phase5_Tail-6-20261001-21:25:09-68,scalar,DectScheduledAccessNetwork.queue,measured_completed_packets,,,1000000
Phase5_Tail-6-20261001-21:25:09-68,scalar,DectScheduledAccessNetwork.queue,observation_time_s,,,9848.8586957982
Phase5_Tail-6-20261001-21:25:09-68,scalar,DectScheduledAccessNetwork.queue,blocking_probability,,,0
Phase5_Tail-6-20261001-21:25:09-68,scalar,DectScheduledAccessNetwork.queue,mean_type1_number,,,0.67671770797164
Phase5_Tail-6-20261001-21:25:09-68,scalar,DectScheduledAccessNetwork.queue,mean_delay_direct_ms,,,6.664887840148
Phase5_Tail-6-20261001-21:25:09-68,scalar,DectScheduledAccessNetwork.queue,delay_p50_ms,,,6.1898455105
Phase5_Tail-6-20261001-21:25:09-68,scalar,DectScheduledAccessNetwork.queue,delay_p95_ms,,,14.9726077697
Phase5_Tail-6-20261001-21:25:09-68,scalar,DectScheduledAccessNetwork.queue,delay_p99_ms,,,21.30760770006
Phase5_Tail-6-20261001-21:25:09-68,scalar,DectScheduledAccessNetwork.queue,delay_p999_ms,,,30.628414259442
Phase5_Tail-6-20261001-21:25:09-68,scalar,DectScheduledAccessNetwork.queue,tail_sample_count,,,1000000
Phase5_Tail-6-20261001-21:25:09-68,scalar,DectScheduledAccessNetwork.queue,effective_throughput_departures_per_ms,,,0.10153460729685
Phase5_Tail-6-20261001-21:25:09-68,scalar,DectScheduledAccessNetwork.queue,effective_throughput_accepted_per_ms,,,0.10153460729685
Phase5_Tail-6-20261001-21:25:09-68,scalar,DectScheduledAccessNetwork.queue,mean_delay_little_ms,,,6.6648970827571
Phase5_Tail-6-20261001-21:25:09-68,scalar,DectScheduledAccessNetwork.queue,little_vs_direct_relative_error,,,1.3867613901652e-06
Phase5_Tail-6-20261001-21:25:09-68,scalar,DectScheduledAccessNetwork.queue,type1_service_fraction,,,0.042266186230877
Phase5_Tail-6-20261001-21:25:09-68,scalar,DectScheduledAccessNetwork.queue,type2_service_fraction,,,0.95773381376976
Phase5_Tail-6-20261001-21:25:09-68,scalar,DectScheduledAccessNetwork.queue,full_type1_fraction,,,0
Phase5_Tail-6-20261001-21:25:09-68,scalar,DectScheduledAccessNetwork.queue,full_type2_fraction,,,0
Phase5_Tail-6-20261001-21:25:09-68,scalar,DectScheduledAccessNetwork.queue,nonfull_state_fraction,,,1.0000000000006
Phase5_Tail-6-20261001-21:25:09-68,scalar,DectScheduledAccessNetwork.queue,saturated_full_state_fraction,,,0
Phase5_Tail-6-20261001-21:25:09-68,scalar,DectScheduledAccessNetwork.queue,full_type1_phase_0_fraction,,,0
Phase5_Tail-6-20261001-21:25:09-68,scalar,DectScheduledAccessNetwork.queue,full_type1_phase_1_fraction,,,0
Phase5_Tail-7-20261001-21:25:09-68,scalar,DectScheduledAccessNetwork.queue,D,,,10
Phase5_Tail-7-20261001-21:25:09-68,scalar,DectScheduledAccessNetwork.queue,r,,,30
Phase5_Tail-7-20261001-21:25:09-68,scalar,DectScheduledAccessNetwork.queue,L_effective,,,2
Phase5_Tail-7-20261001-21:25:09-68,scalar,DectScheduledAccessNetwork.queue,rho,,,0.042372881356
Phase5_Tail-7-20261001-21:25:09-68,scalar,DectScheduledAccessNetwork.queue,lambda_per_ms,,,0.10169491517304
Phase5_Tail-7-20261001-21:25:09-68,scalar,DectScheduledAccessNetwork.queue,lambda_sat_per_ms,,,0.20338983049469
Phase5_Tail-7-20261001-21:25:09-68,scalar,DectScheduledAccessNetwork.queue,rho_sat,,,0.084745762773916
Phase5_Tail-7-20261001-21:25:09-68,scalar,DectScheduledAccessNetwork.queue,load_factor_rho_over_rho_sat,,,0.4999999996347
Phase5_Tail-7-20261001-21:25:09-68,scalar,DectScheduledAccessNetwork.queue,mean_type1_service_ms,,,0.416666667
Phase5_Tail-7-20261001-21:25:09-68,scalar,DectScheduledAccessNetwork.queue,type2_service_ms,,,9
Phase5_Tail-7-20261001-21:25:09-68,scalar,DectScheduledAccessNetwork.queue,warmup_type1_completions,,,200000
Phase5_Tail-7-20261001-21:25:09-68,scalar,DectScheduledAccessNetwork.queue,measured_arrivals,,,1000000
Phase5_Tail-7-20261001-21:25:09-68,scalar,DectScheduledAccessNetwork.queue,measured_accepted_arrivals,,,1000000
Phase5_Tail-7-20261001-21:25:09-68,scalar,DectScheduledAccessNetwork.queue,measured_blocked_arrivals,,,0
Phase5_Tail-7-20261001-21:25:09-68,scalar,DectScheduledAccessNetwork.queue,measured_completed_packets,,,1000000
Phase5_Tail-7-20261001-21:25:09-68,scalar,DectScheduledAccessNetwork.queue,observation_time_s,,,9839.1354132719
Phase5_Tail-7-20261001-21:25:09-68,scalar,DectScheduledAccessNetwork.queue,blocking_probability,,,0
Phase5_Tail-7-20261001-21:25:09-68,scalar,DectScheduledAccessNetwork.queue,mean_type1_number,,,0.67748206215433
Phase5_Tail-7-20261001-21:25:09-68,scalar,DectScheduledAccessNetwork.queue,mean_delay_direct_ms,,,6.665827539463
Phase5_Tail-7-20261001-21:25:09-68,scalar,DectScheduledAccessNetwork.queue,delay_p50_ms,,,6.193920797
Phase5_Tail-7-20261001-21:25:09-68,scalar,DectScheduledAccessNetwork.queue,delay_p95_ms,,,14.9707662849
Phase5_Tail-7-20261001-21:25:09-68,scalar,DectScheduledAccessNetwork.queue,delay_p99_ms,,,21.22451742084
Phase5_Tail-7-20261001-21:25:09-68,scalar,DectScheduledAccessNetwork.queue,delay_p999_ms,,,30.433013130453
Phase5_Tail-7-20261001-21:25:09-68,scalar,DectScheduledAccessNetwork.queue,tail_sample_count,,,1000000
Phase5_Tail-7-20261001-21:25:09-68,scalar,DectScheduledAccessNetwork.queue,effective_throughput_departures_per_ms,,,0.1016349463644
Phase5_Tail-7-20261001-21:25:09-68,scalar,DectScheduledAccessNetwork.queue,effective_throughput_accepted_per_ms,,,0.1016349463644
Phase5_Tail-7-20261001-21:25:09-68,scalar,DectScheduledAccessNetwork.queue,mean_delay_little_ms,,,6.6658377495991
Phase5_Tail-7-20261001-21:25:09-68,scalar,DectScheduledAccessNetwork.queue,little_vs_direct_relative_error,,,1.5317132127102e-06
Phase5_Tail-7-20261001-21:25:09-68,scalar,DectScheduledAccessNetwork.queue,type1_service_fraction,,,0.042290241550145
Phase5_Tail-7-20261001-21:25:09-68,scalar,DectScheduledAccessNetwork.queue,type2_service_fraction,,,0.95770975845043
Phase5_Tail-7-20261001-21:25:09-68,scalar,DectScheduledAccessNetwork.queue,full_type1_fraction,,,0
Phase5_Tail-7-20261001-21:25:09-68,scalar,DectScheduledAccessNetwork.queue,full_type2_fraction,,,0
Phase5_Tail-7-20261001-21:25:09-68,scalar,DectScheduledAccessNetwork.queue,nonfull_state_fraction,,,1.0000000000006
Phase5_Tail-7-20261001-21:25:09-68,scalar,DectScheduledAccessNetwork.queue,saturated_full_state_fraction,,,0
Phase5_Tail-7-20261001-21:25:09-68,scalar,DectScheduledAccessNetwork.queue,full_type1_phase_0_fraction,,,0
Phase5_Tail-7-20261001-21:25:09-68,scalar,DectScheduledAccessNetwork.queue,full_type1_phase_1_fraction,,,0
Phase5_Tail-8-20261001-21:25:10-68,scalar,DectScheduledAccessNetwork.queue,D,,,10
Phase5_Tail-8-20261001-21:25:10-68,scalar,DectScheduledAccessNetwork.queue,r,,,30
Phase5_Tail-8-20261001-21:25:10-68,scalar,DectScheduledAccessNetwork.queue,L_effective,,,2
Phase5_Tail-8-20261001-21:25:10-68,scalar,DectScheduledAccessNetwork.queue,rho,,,0.042372881356
Phase5_Tail-8-20261001-21:25:10-68,scalar,DectScheduledAccessNetwork.queue,lambda_per_ms,,,0.10169491517304
Phase5_Tail-8-20261001-21:25:10-68,scalar,DectScheduledAccessNetwork.queue,lambda_sat_per_ms,,,0.20338983049469
Phase5_Tail-8-20261001-21:25:10-68,scalar,DectScheduledAccessNetwork.queue,rho_sat,,,0.084745762773916
Phase5_Tail-8-20261001-21:25:10-68,scalar,DectScheduledAccessNetwork.queue,load_factor_rho_over_rho_sat,,,0.4999999996347
Phase5_Tail-8-20261001-21:25:10-68,scalar,DectScheduledAccessNetwork.queue,mean_type1_service_ms,,,0.416666667
Phase5_Tail-8-20261001-21:25:10-68,scalar,DectScheduledAccessNetwork.queue,type2_service_ms,,,9
Phase5_Tail-8-20261001-21:25:10-68,scalar,DectScheduledAccessNetwork.queue,warmup_type1_completions,,,200000
Phase5_Tail-8-20261001-21:25:10-68,scalar,DectScheduledAccessNetwork.queue,measured_arrivals,,,1000000
Phase5_Tail-8-20261001-21:25:10-68,scalar,DectScheduledAccessNetwork.queue,measured_accepted_arrivals,,,1000000
Phase5_Tail-8-20261001-21:25:10-68,scalar,DectScheduledAccessNetwork.queue,measured_blocked_arrivals,,,0
Phase5_Tail-8-20261001-21:25:10-68,scalar,DectScheduledAccessNetwork.queue,measured_completed_packets,,,1000000
Phase5_Tail-8-20261001-21:25:10-68,scalar,DectScheduledAccessNetwork.queue,observation_time_s,,,9837.0702031007
Phase5_Tail-8-20261001-21:25:10-68,scalar,DectScheduledAccessNetwork.queue,blocking_probability,,,0
Phase5_Tail-8-20261001-21:25:10-68,scalar,DectScheduledAccessNetwork.queue,mean_type1_number,,,0.67726455666598
Phase5_Tail-8-20261001-21:25:10-68,scalar,DectScheduledAccessNetwork.queue,mean_delay_direct_ms,,,6.662298473731
Phase5_Tail-8-20261001-21:25:10-68,scalar,DectScheduledAccessNetwork.queue,delay_p50_ms,,,6.195617471
Phase5_Tail-8-20261001-21:25:10-68,scalar,DectScheduledAccessNetwork.queue,delay_p95_ms,,,14.95832119135
Phase5_Tail-8-20261001-21:25:10-68,scalar,DectScheduledAccessNetwork.queue,delay_p99_ms,,,21.20387831034
Phase5_Tail-8-20261001-21:25:10-68,scalar,DectScheduledAccessNetwork.queue,delay_p999_ms,,,30.352946583565
Phase5_Tail-8-20261001-21:25:10-68,scalar,DectScheduledAccessNetwork.queue,tail_sample_count,,,1000000
Phase5_Tail-8-20261001-21:25:10-68,scalar,DectScheduledAccessNetwork.queue,effective_throughput_departures_per_ms,,,0.10165628376677
Phase5_Tail-8-20261001-21:25:10-68,scalar,DectScheduledAccessNetwork.queue,effective_throughput_accepted_per_ms,,,0.10165628376677
Phase5_Tail-8-20261001-21:25:10-68,scalar,DectScheduledAccessNetwork.queue,mean_delay_little_ms,,,6.6622989899951
Phase5_Tail-8-20261001-21:25:10-68,scalar,DectScheduledAccessNetwork.queue,little_vs_direct_relative_error,,,7.7490396321878e-08
Phase5_Tail-8-20261001-21:25:10-68,scalar,DectScheduledAccessNetwork.queue,type1_service_fraction,,,0.042326139237011
Phase5_Tail-8-20261001-21:25:10-68,scalar,DectScheduledAccessNetwork.queue,type2_service_fraction,,,0.95767386076359
Phase5_Tail-8-20261001-21:25:10-68,scalar,DectScheduledAccessNetwork.queue,full_type1_fraction,,,0
Phase5_Tail-8-20261001-21:25:10-68,scalar,DectScheduledAccessNetwork.queue,full_type2_fraction,,,0
Phase5_Tail-8-20261001-21:25:10-68,scalar,DectScheduledAccessNetwork.queue,nonfull_state_fraction,,,1.0000000000006
Phase5_Tail-8-20261001-21:25:10-68,scalar,DectScheduledAccessNetwork.queue,saturated_full_state_fraction,,,0
Phase5_Tail-8-20261001-21:25:10-68,scalar,DectScheduledAccessNetwork.queue,full_type1_phase_0_fraction,,,0
Phase5_Tail-8-20261001-21:25:10-68,scalar,DectScheduledAccessNetwork.queue,full_type1_phase_1_fraction,,,0
Phase5_Tail-9-20261001-21:25:10-68,scalar,DectScheduledAccessNetwork.queue,D,,,10
Phase5_Tail-9-20261001-21:25:10-68,scalar,DectScheduledAccessNetwork.queue,r,,,30
Phase5_Tail-9-20261001-21:25:10-68,scalar,DectScheduledAccessNetwork.queue,L_effective,,,2
Phase5_Tail-9-20261001-21:25:10-68,scalar,DectScheduledAccessNetwork.queue,rho,,,0.042372881356
Phase5_Tail-9-20261001-21:25:10-68,scalar,DectScheduledAccessNetwork.queue,lambda_per_ms,,,0.10169491517304
Phase5_Tail-9-20261001-21:25:10-68,scalar,DectScheduledAccessNetwork.queue,lambda_sat_per_ms,,,0.20338983049469
Phase5_Tail-9-20261001-21:25:10-68,scalar,DectScheduledAccessNetwork.queue,rho_sat,,,0.084745762773916
Phase5_Tail-9-20261001-21:25:10-68,scalar,DectScheduledAccessNetwork.queue,load_factor_rho_over_rho_sat,,,0.4999999996347
Phase5_Tail-9-20261001-21:25:10-68,scalar,DectScheduledAccessNetwork.queue,mean_type1_service_ms,,,0.416666667
Phase5_Tail-9-20261001-21:25:10-68,scalar,DectScheduledAccessNetwork.queue,type2_service_ms,,,9
Phase5_Tail-9-20261001-21:25:10-68,scalar,DectScheduledAccessNetwork.queue,warmup_type1_completions,,,200000
Phase5_Tail-9-20261001-21:25:10-68,scalar,DectScheduledAccessNetwork.queue,measured_arrivals,,,1000001
Phase5_Tail-9-20261001-21:25:10-68,scalar,DectScheduledAccessNetwork.queue,measured_accepted_arrivals,,,1000001
Phase5_Tail-9-20261001-21:25:10-68,scalar,DectScheduledAccessNetwork.queue,measured_blocked_arrivals,,,0
Phase5_Tail-9-20261001-21:25:10-68,scalar,DectScheduledAccessNetwork.queue,measured_completed_packets,,,1000000
Phase5_Tail-9-20261001-21:25:10-68,scalar,DectScheduledAccessNetwork.queue,observation_time_s,,,9838.5986320619
Phase5_Tail-9-20261001-21:25:10-68,scalar,DectScheduledAccessNetwork.queue,blocking_probability,,,0
Phase5_Tail-9-20261001-21:25:10-68,scalar,DectScheduledAccessNetwork.queue,mean_type1_number,,,0.67823930469447
Phase5_Tail-9-20261001-21:25:10-68,scalar,DectScheduledAccessNetwork.queue,mean_delay_direct_ms,,,6.6729218045484
Phase5_Tail-9-20261001-21:25:10-68,scalar,DectScheduledAccessNetwork.queue,delay_p50_ms,,,6.1997839765
Phase5_Tail-9-20261001-21:25:10-68,scalar,DectScheduledAccessNetwork.queue,delay_p95_ms,,,14.97823207165
Phase5_Tail-9-20261001-21:25:10-68,scalar,DectScheduledAccessNetwork.queue,delay_p99_ms,,,21.32612794703
Phase5_Tail-9-20261001-21:25:10-68,scalar,DectScheduledAccessNetwork.queue,delay_p999_ms,,,30.551411013687
Phase5_Tail-9-20261001-21:25:10-68,scalar,DectScheduledAccessNetwork.queue,tail_sample_count,,,1000000
Phase5_Tail-9-20261001-21:25:10-68,scalar,DectScheduledAccessNetwork.queue,effective_throughput_departures_per_ms,,,0.10164049143556
Phase5_Tail-9-20261001-21:25:10-68,scalar,DectScheduledAccessNetwork.queue,effective_throughput_accepted_per_ms,,,0.10164059307605
Phase5_Tail-9-20261001-21:25:10-68,scalar,DectScheduledAccessNetwork.queue,mean_delay_little_ms,,,6.6729242953776
Phase5_Tail-9-20261001-21:25:10-68,scalar,DectScheduledAccessNetwork.queue,little_vs_direct_relative_error,,,3.7327414648125e-07
Phase5_Tail-9-20261001-21:25:10-68,scalar,DectScheduledAccessNetwork.queue,type1_service_fraction,,,0.042362398106543
Phase5_Tail-9-20261001-21:25:10-68,scalar,DectScheduledAccessNetwork.queue,type2_service_fraction,,,0.95763760189405
Phase5_Tail-9-20261001-21:25:10-68,scalar,DectScheduledAccessNetwork.queue,full_type1_fraction,,,0
Phase5_Tail-9-20261001-21:25:10-68,scalar,DectScheduledAccessNetwork.queue,full_type2_fraction,,,0
Phase5_Tail-9-20261001-21:25:10-68,scalar,DectScheduledAccessNetwork.queue,nonfull_state_fraction,,,1.0000000000006
Phase5_Tail-9-20261001-21:25:10-68,scalar,DectScheduledAccessNetwork.queue,saturated_full_state_fraction,,,0
Phase5_Tail-9-20261001-21:25:10-68,scalar,DectScheduledAccessNetwork.queue,full_type1_phase_0_fraction,,,0
Phase5_Tail-9-20261001-21:25:10-68,scalar,DectScheduledAccessNetwork.queue,full_type1_phase_1_fraction,,,0
Phase5_Tail-10-20261001-21:25:10-68,scalar,DectScheduledAccessNetwork.queue,D,,,10
Phase5_Tail-10-20261001-21:25:10-68,scalar,DectScheduledAccessNetwork.queue,r,,,30
Phase5_Tail-10-20261001-21:25:10-68,scalar,DectScheduledAccessNetwork.queue,L_effective,,,2
Phase5_Tail-10-20261001-21:25:10-68,scalar,DectScheduledAccessNetwork.queue,rho,,,0.059322033898
Phase5_Tail-10-20261001-21:25:10-68,scalar,DectScheduledAccessNetwork.queue,lambda_per_ms,,,0.1423728812413
Phase5_Tail-10-20261001-21:25:10-68,scalar,DectScheduledAccessNetwork.queue,lambda_sat_per_ms,,,0.20338983049469
Phase5_Tail-10-20261001-21:25:10-68,scalar,DectScheduledAccessNetwork.queue,rho_sat,,,0.084745762773916
Phase5_Tail-10-20261001-21:25:10-68,scalar,DectScheduledAccessNetwork.queue,load_factor_rho_over_rho_sat,,,0.69999999948386
Phase5_Tail-10-20261001-21:25:10-68,scalar,DectScheduledAccessNetwork.queue,mean_type1_service_ms,,,0.416666667
Phase5_Tail-10-20261001-21:25:10-68,scalar,DectScheduledAccessNetwork.queue,type2_service_ms,,,9
Phase5_Tail-10-20261001-21:25:10-68,scalar,DectScheduledAccessNetwork.queue,warmup_type1_completions,,,200000
Phase5_Tail-10-20261001-21:25:10-68,scalar,DectScheduledAccessNetwork.queue,measured_arrivals,,,1000002
Phase5_Tail-10-20261001-21:25:10-68,scalar,DectScheduledAccessNetwork.queue,measured_accepted_arrivals,,,1000002
Phase5_Tail-10-20261001-21:25:10-68,scalar,DectScheduledAccessNetwork.queue,measured_blocked_arrivals,,,0
Phase5_Tail-10-20261001-21:25:10-68,scalar,DectScheduledAccessNetwork.queue,measured_completed_packets,,,1000000
Phase5_Tail-10-20261001-21:25:10-68,scalar,DectScheduledAccessNetwork.queue,observation_time_s,,,7020.1735850913
Phase5_Tail-10-20261001-21:25:10-68,scalar,DectScheduledAccessNetwork.queue,blocking_probability,,,0
Phase5_Tail-10-20261001-21:25:10-68,scalar,DectScheduledAccessNetwork.queue,mean_type1_number,,,1.3966706578638
Phase5_Tail-10-20261001-21:25:10-68,scalar,DectScheduledAccessNetwork.queue,mean_delay_direct_ms,,,9.8048322375412
Phase5_Tail-10-20261001-21:25:10-68,scalar,DectScheduledAccessNetwork.queue,delay_p50_ms,,,7.998814929
Phase5_Tail-10-20261001-21:25:10-68,scalar,DectScheduledAccessNetwork.queue,delay_p95_ms,,,24.64104607575
Phase5_Tail-10-20261001-21:25:10-68,scalar,DectScheduledAccessNetwork.queue,delay_p99_ms,,,36.5082176417
Phase5_Tail-10-20261001-21:25:10-68,scalar,DectScheduledAccessNetwork.queue,delay_p999_ms,,,54.118884925549
Phase5_Tail-10-20261001-21:25:10-68,scalar,DectScheduledAccessNetwork.queue,tail_sample_count,,,1000000
Phase5_Tail-10-20261001-21:25:10-68,scalar,DectScheduledAccessNetwork.queue,effective_throughput_departures_per_ms,,,0.14244662014109
Phase5_Tail-10-20261001-21:25:10-68,scalar,DectScheduledAccessNetwork.queue,effective_throughput_accepted_per_ms,,,0.14244690503433
Phase5_Tail-10-20261001-21:25:10-68,scalar,DectScheduledAccessNetwork.queue,mean_delay_little_ms,,,9.8048704594075
Phase5_Tail-10-20261001-21:25:10-68,scalar,DectScheduledAccessNetwork.queue,little_vs_direct_relative_error,,,3.8982682617483e-06
Phase5_Tail-10-20261001-21:25:10-68,scalar,DectScheduledAccessNetwork.queue,type1_service_fraction,,,0.059456590358065
Phase5_Tail-10-20261001-21:25:10-68,scalar,DectScheduledAccessNetwork.queue,type2_service_fraction,,,0.94054340964232
Phase5_Tail-10-20261001-21:25:10-68,scalar,DectScheduledAccessNetwork.queue,full_type1_fraction,,,0
Phase5_Tail-10-20261001-21:25:10-68,scalar,DectScheduledAccessNetwork.queue,full_type2_fraction,,,0
Phase5_Tail-10-20261001-21:25:10-68,scalar,DectScheduledAccessNetwork.queue,nonfull_state_fraction,,,1.0000000000004
Phase5_Tail-10-20261001-21:25:10-68,scalar,DectScheduledAccessNetwork.queue,saturated_full_state_fraction,,,0
Phase5_Tail-10-20261001-21:25:10-68,scalar,DectScheduledAccessNetwork.queue,full_type1_phase_0_fraction,,,0
Phase5_Tail-10-20261001-21:25:10-68,scalar,DectScheduledAccessNetwork.queue,full_type1_phase_1_fraction,,,0
Phase5_Tail-11-20261001-21:25:11-68,scalar,DectScheduledAccessNetwork.queue,D,,,10
Phase5_Tail-11-20261001-21:25:11-68,scalar,DectScheduledAccessNetwork.queue,r,,,30
Phase5_Tail-11-20261001-21:25:11-68,scalar,DectScheduledAccessNetwork.queue,L_effective,,,2
Phase5_Tail-11-20261001-21:25:11-68,scalar,DectScheduledAccessNetwork.queue,rho,,,0.059322033898
Phase5_Tail-11-20261001-21:25:11-68,scalar,DectScheduledAccessNetwork.queue,lambda_per_ms,,,0.1423728812413
Phase5_Tail-11-20261001-21:25:11-68,scalar,DectScheduledAccessNetwork.queue,lambda_sat_per_ms,,,0.20338983049469
Phase5_Tail-11-20261001-21:25:11-68,scalar,DectScheduledAccessNetwork.queue,rho_sat,,,0.084745762773916
Phase5_Tail-11-20261001-21:25:11-68,scalar,DectScheduledAccessNetwork.queue,load_factor_rho_over_rho_sat,,,0.69999999948386
Phase5_Tail-11-20261001-21:25:11-68,scalar,DectScheduledAccessNetwork.queue,mean_type1_service_ms,,,0.416666667
Phase5_Tail-11-20261001-21:25:11-68,scalar,DectScheduledAccessNetwork.queue,type2_service_ms,,,9
Phase5_Tail-11-20261001-21:25:11-68,scalar,DectScheduledAccessNetwork.queue,warmup_type1_completions,,,200000
Phase5_Tail-11-20261001-21:25:11-68,scalar,DectScheduledAccessNetwork.queue,measured_arrivals,,,1000001
Phase5_Tail-11-20261001-21:25:11-68,scalar,DectScheduledAccessNetwork.queue,measured_accepted_arrivals,,,1000001
Phase5_Tail-11-20261001-21:25:11-68,scalar,DectScheduledAccessNetwork.queue,measured_blocked_arrivals,,,0
Phase5_Tail-11-20261001-21:25:11-68,scalar,DectScheduledAccessNetwork.queue,measured_completed_packets,,,1000000
Phase5_Tail-11-20261001-21:25:11-68,scalar,DectScheduledAccessNetwork.queue,observation_time_s,,,7024.308257159
Phase5_Tail-11-20261001-21:25:11-68,scalar,DectScheduledAccessNetwork.queue,blocking_probability,,,0
Phase5_Tail-11-20261001-21:25:11-68,scalar,DectScheduledAccessNetwork.queue,mean_type1_number,,,1.3971835096077
Phase5_Tail-11-20261001-21:25:11-68,scalar,DectScheduledAccessNetwork.queue,mean_delay_direct_ms,,,9.8142408056008
Phase5_Tail-11-20261001-21:25:11-68,scalar,DectScheduledAccessNetwork.queue,delay_p50_ms,,,8.01741862
Phase5_Tail-11-20261001-21:25:11-68,scalar,DectScheduledAccessNetwork.queue,delay_p95_ms,,,24.61023381475
Phase5_Tail-11-20261001-21:25:11-68,scalar,DectScheduledAccessNetwork.queue,delay_p99_ms,,,36.36095161331
Phase5_Tail-11-20261001-21:25:11-68,scalar,DectScheduledAccessNetwork.queue,delay_p999_ms,,,53.070895756279
Phase5_Tail-11-20261001-21:25:11-68,scalar,DectScheduledAccessNetwork.queue,tail_sample_count,,,1000000
Phase5_Tail-11-20261001-21:25:11-68,scalar,DectScheduledAccessNetwork.queue,effective_throughput_departures_per_ms,,,0.14236277273009
Phase5_Tail-11-20261001-21:25:11-68,scalar,DectScheduledAccessNetwork.queue,effective_throughput_accepted_per_ms,,,0.14236291509286
Phase5_Tail-11-20261001-21:25:11-68,scalar,DectScheduledAccessNetwork.queue,mean_delay_little_ms,,,9.8142476633037
Phase5_Tail-11-20261001-21:25:11-68,scalar,DectScheduledAccessNetwork.queue,little_vs_direct_relative_error,,,6.9875022035149e-07
Phase5_Tail-11-20261001-21:25:11-68,scalar,DectScheduledAccessNetwork.queue,type1_service_fraction,,,0.059377271311229
Phase5_Tail-11-20261001-21:25:11-68,scalar,DectScheduledAccessNetwork.queue,type2_service_fraction,,,0.94062272868916
Phase5_Tail-11-20261001-21:25:11-68,scalar,DectScheduledAccessNetwork.queue,full_type1_fraction,,,0
Phase5_Tail-11-20261001-21:25:11-68,scalar,DectScheduledAccessNetwork.queue,full_type2_fraction,,,0
Phase5_Tail-11-20261001-21:25:11-68,scalar,DectScheduledAccessNetwork.queue,nonfull_state_fraction,,,1.0000000000004
Phase5_Tail-11-20261001-21:25:11-68,scalar,DectScheduledAccessNetwork.queue,saturated_full_state_fraction,,,0
Phase5_Tail-11-20261001-21:25:11-68,scalar,DectScheduledAccessNetwork.queue,full_type1_phase_0_fraction,,,0
Phase5_Tail-11-20261001-21:25:11-68,scalar,DectScheduledAccessNetwork.queue,full_type1_phase_1_fraction,,,0
Phase5_Tail-12-20261001-21:25:11-68,scalar,DectScheduledAccessNetwork.queue,D,,,10
Phase5_Tail-12-20261001-21:25:11-68,scalar,DectScheduledAccessNetwork.queue,r,,,30
Phase5_Tail-12-20261001-21:25:11-68,scalar,DectScheduledAccessNetwork.queue,L_effective,,,2
Phase5_Tail-12-20261001-21:25:11-68,scalar,DectScheduledAccessNetwork.queue,rho,,,0.059322033898
Phase5_Tail-12-20261001-21:25:11-68,scalar,DectScheduledAccessNetwork.queue,lambda_per_ms,,,0.1423728812413
Phase5_Tail-12-20261001-21:25:11-68,scalar,DectScheduledAccessNetwork.queue,lambda_sat_per_ms,,,0.20338983049469
Phase5_Tail-12-20261001-21:25:11-68,scalar,DectScheduledAccessNetwork.queue,rho_sat,,,0.084745762773916
Phase5_Tail-12-20261001-21:25:11-68,scalar,DectScheduledAccessNetwork.queue,load_factor_rho_over_rho_sat,,,0.69999999948386
Phase5_Tail-12-20261001-21:25:11-68,scalar,DectScheduledAccessNetwork.queue,mean_type1_service_ms,,,0.416666667
Phase5_Tail-12-20261001-21:25:11-68,scalar,DectScheduledAccessNetwork.queue,type2_service_ms,,,9
Phase5_Tail-12-20261001-21:25:11-68,scalar,DectScheduledAccessNetwork.queue,warmup_type1_completions,,,200000
Phase5_Tail-12-20261001-21:25:11-68,scalar,DectScheduledAccessNetwork.queue,measured_arrivals,,,1000000
Phase5_Tail-12-20261001-21:25:11-68,scalar,DectScheduledAccessNetwork.queue,measured_accepted_arrivals,,,1000000
Phase5_Tail-12-20261001-21:25:11-68,scalar,DectScheduledAccessNetwork.queue,measured_blocked_arrivals,,,0
Phase5_Tail-12-20261001-21:25:11-68,scalar,DectScheduledAccessNetwork.queue,measured_completed_packets,,,1000000
Phase5_Tail-12-20261001-21:25:11-68,scalar,DectScheduledAccessNetwork.queue,observation_time_s,,,7025.3662379714
Phase5_Tail-12-20261001-21:25:11-68,scalar,DectScheduledAccessNetwork.queue,blocking_probability,,,0
Phase5_Tail-12-20261001-21:25:11-68,scalar,DectScheduledAccessNetwork.queue,mean_type1_number,,,1.3976330380318
Phase5_Tail-12-20261001-21:25:11-68,scalar,DectScheduledAccessNetwork.queue,mean_delay_direct_ms,,,9.8188445650915
Phase5_Tail-12-20261001-21:25:11-68,scalar,DectScheduledAccessNetwork.queue,delay_p50_ms,,,8.01279536
Phase5_Tail-12-20261001-21:25:11-68,scalar,DectScheduledAccessNetwork.queue,delay_p95_ms,,,24.7255536531
Phase5_Tail-12-20261001-21:25:11-68,scalar,DectScheduledAccessNetwork.queue,delay_p99_ms,,,36.79139385861
Phase5_Tail-12-20261001-21:25:11-68,scalar,DectScheduledAccessNetwork.queue,delay_p999_ms,,,53.453270956806
Phase5_Tail-12-20261001-21:25:11-68,scalar,DectScheduledAccessNetwork.queue,tail_sample_count,,,1000000
Phase5_Tail-12-20261001-21:25:11-68,scalar,DectScheduledAccessNetwork.queue,effective_throughput_departures_per_ms,,,0.14234133369377
Phase5_Tail-12-20261001-21:25:11-68,scalar,DectScheduledAccessNetwork.queue,effective_throughput_accepted_per_ms,,,0.14234133369377
Phase5_Tail-12-20261001-21:25:11-68,scalar,DectScheduledAccessNetwork.queue,mean_delay_little_ms,,,9.8188839584617
Phase5_Tail-12-20261001-21:25:11-68,scalar,DectScheduledAccessNetwork.queue,little_vs_direct_relative_error,,,4.0120168791624e-06
Phase5_Tail-12-20261001-21:25:11-68,scalar,DectScheduledAccessNetwork.queue,type1_service_fraction,,,0.059237087985828
Phase5_Tail-12-20261001-21:25:11-68,scalar,DectScheduledAccessNetwork.queue,type2_service_fraction,,,0.94076291201456
Phase5_Tail-12-20261001-21:25:11-68,scalar,DectScheduledAccessNetwork.queue,full_type1_fraction,,,0
Phase5_Tail-12-20261001-21:25:11-68,scalar,DectScheduledAccessNetwork.queue,full_type2_fraction,,,0
Phase5_Tail-12-20261001-21:25:11-68,scalar,DectScheduledAccessNetwork.queue,nonfull_state_fraction,,,1.0000000000004
Phase5_Tail-12-20261001-21:25:11-68,scalar,DectScheduledAccessNetwork.queue,saturated_full_state_fraction,,,0
Phase5_Tail-12-20261001-21:25:11-68,scalar,DectScheduledAccessNetwork.queue,full_type1_phase_0_fraction,,,0
Phase5_Tail-12-20261001-21:25:11-68,scalar,DectScheduledAccessNetwork.queue,full_type1_phase_1_fraction,,,0
Phase5_Tail-13-20261001-21:25:12-68,scalar,DectScheduledAccessNetwork.queue,D,,,10
Phase5_Tail-13-20261001-21:25:12-68,scalar,DectScheduledAccessNetwork.queue,r,,,30
Phase5_Tail-13-20261001-21:25:12-68,scalar,DectScheduledAccessNetwork.queue,L_effective,,,2
Phase5_Tail-13-20261001-21:25:12-68,scalar,DectScheduledAccessNetwork.queue,rho,,,0.059322033898
Phase5_Tail-13-20261001-21:25:12-68,scalar,DectScheduledAccessNetwork.queue,lambda_per_ms,,,0.1423728812413
Phase5_Tail-13-20261001-21:25:12-68,scalar,DectScheduledAccessNetwork.queue,lambda_sat_per_ms,,,0.20338983049469
Phase5_Tail-13-20261001-21:25:12-68,scalar,DectScheduledAccessNetwork.queue,rho_sat,,,0.084745762773916
Phase5_Tail-13-20261001-21:25:12-68,scalar,DectScheduledAccessNetwork.queue,load_factor_rho_over_rho_sat,,,0.69999999948386
Phase5_Tail-13-20261001-21:25:12-68,scalar,DectScheduledAccessNetwork.queue,mean_type1_service_ms,,,0.416666667
Phase5_Tail-13-20261001-21:25:12-68,scalar,DectScheduledAccessNetwork.queue,type2_service_ms,,,9
Phase5_Tail-13-20261001-21:25:12-68,scalar,DectScheduledAccessNetwork.queue,warmup_type1_completions,,,200000
Phase5_Tail-13-20261001-21:25:12-68,scalar,DectScheduledAccessNetwork.queue,measured_arrivals,,,1000001
Phase5_Tail-13-20261001-21:25:12-68,scalar,DectScheduledAccessNetwork.queue,measured_accepted_arrivals,,,1000001
Phase5_Tail-13-20261001-21:25:12-68,scalar,DectScheduledAccessNetwork.queue,measured_blocked_arrivals,,,0
Phase5_Tail-13-20261001-21:25:12-68,scalar,DectScheduledAccessNetwork.queue,measured_completed_packets,,,1000000
Phase5_Tail-13-20261001-21:25:12-68,scalar,DectScheduledAccessNetwork.queue,observation_time_s,,,7038.6658246378
Phase5_Tail-13-20261001-21:25:12-68,scalar,DectScheduledAccessNetwork.queue,blocking_probability,,,0
Phase5_Tail-13-20261001-21:25:12-68,scalar,DectScheduledAccessNetwork.queue,mean_type1_number,,,1.3875184795818
Phase5_Tail-13-20261001-21:25:12-68,scalar,DectScheduledAccessNetwork.queue,mean_delay_direct_ms,,,9.766277600687
Phase5_Tail-13-20261001-21:25:12-68,scalar,DectScheduledAccessNetwork.queue,delay_p50_ms,,,7.996652188
Phase5_Tail-13-20261001-21:25:12-68,scalar,DectScheduledAccessNetwork.queue,delay_p95_ms,,,24.476004943
Phase5_Tail-13-20261001-21:25:12-68,scalar,DectScheduledAccessNetwork.queue,delay_p99_ms,,,36.18217403241
Phase5_Tail-13-20261001-21:25:12-68,scalar,DectScheduledAccessNetwork.queue,delay_p999_ms,,,52.993294991363
Phase5_Tail-13-20261001-21:25:12-68,scalar,DectScheduledAccessNetwork.queue,tail_sample_count,,,1000000
Phase5_Tail-13-20261001-21:25:12-68,scalar,DectScheduledAccessNetwork.queue,effective_throughput_departures_per_ms,,,0.14207237918579
Phase5_Tail-13-20261001-21:25:12-68,scalar,DectScheduledAccessNetwork.queue,effective_throughput_accepted_per_ms,,,0.14207252125817
Phase5_Tail-13-20261001-21:25:12-68,scalar,DectScheduledAccessNetwork.queue,mean_delay_little_ms,,,9.7662789032859
Phase5_Tail-13-20261001-21:25:12-68,scalar,DectScheduledAccessNetwork.queue,little_vs_direct_relative_error,,,1.3337720794482e-07
Phase5_Tail-13-20261001-21:25:12-68,scalar,DectScheduledAccessNetwork.queue,type1_service_fraction,,,0.059163175950216
Phase5_Tail-13-20261001-21:25:12-68,scalar,DectScheduledAccessNetwork.queue,type2_service_fraction,,,0.94083682405017
Phase5_Tail-13-20261001-21:25:12-68,scalar,DectScheduledAccessNetwork.queue,full_type1_fraction,,,0
Phase5_Tail-13-20261001-21:25:12-68,scalar,DectScheduledAccessNetwork.queue,full_type2_fraction,,,0
Phase5_Tail-13-20261001-21:25:12-68,scalar,DectScheduledAccessNetwork.queue,nonfull_state_fraction,,,1.0000000000004
Phase5_Tail-13-20261001-21:25:12-68,scalar,DectScheduledAccessNetwork.queue,saturated_full_state_fraction,,,0
Phase5_Tail-13-20261001-21:25:12-68,scalar,DectScheduledAccessNetwork.queue,full_type1_phase_0_fraction,,,0
Phase5_Tail-13-20261001-21:25:12-68,scalar,DectScheduledAccessNetwork.queue,full_type1_phase_1_fraction,,,0
Phase5_Tail-14-20261001-21:25:12-68,scalar,DectScheduledAccessNetwork.queue,D,,,10
Phase5_Tail-14-20261001-21:25:12-68,scalar,DectScheduledAccessNetwork.queue,r,,,30
Phase5_Tail-14-20261001-21:25:12-68,scalar,DectScheduledAccessNetwork.queue,L_effective,,,2
Phase5_Tail-14-20261001-21:25:12-68,scalar,DectScheduledAccessNetwork.queue,rho,,,0.059322033898
Phase5_Tail-14-20261001-21:25:12-68,scalar,DectScheduledAccessNetwork.queue,lambda_per_ms,,,0.1423728812413
Phase5_Tail-14-20261001-21:25:12-68,scalar,DectScheduledAccessNetwork.queue,lambda_sat_per_ms,,,0.20338983049469
Phase5_Tail-14-20261001-21:25:12-68,scalar,DectScheduledAccessNetwork.queue,rho_sat,,,0.084745762773916
Phase5_Tail-14-20261001-21:25:12-68,scalar,DectScheduledAccessNetwork.queue,load_factor_rho_over_rho_sat,,,0.69999999948386
Phase5_Tail-14-20261001-21:25:12-68,scalar,DectScheduledAccessNetwork.queue,mean_type1_service_ms,,,0.416666667
Phase5_Tail-14-20261001-21:25:12-68,scalar,DectScheduledAccessNetwork.queue,type2_service_ms,,,9
Phase5_Tail-14-20261001-21:25:12-68,scalar,DectScheduledAccessNetwork.queue,warmup_type1_completions,,,200000
Phase5_Tail-14-20261001-21:25:12-68,scalar,DectScheduledAccessNetwork.queue,measured_arrivals,,,1000001
Phase5_Tail-14-20261001-21:25:12-68,scalar,DectScheduledAccessNetwork.queue,measured_accepted_arrivals,,,1000001
Phase5_Tail-14-20261001-21:25:12-68,scalar,DectScheduledAccessNetwork.queue,measured_blocked_arrivals,,,0
Phase5_Tail-14-20261001-21:25:12-68,scalar,DectScheduledAccessNetwork.queue,measured_completed_packets,,,1000000
Phase5_Tail-14-20261001-21:25:12-68,scalar,DectScheduledAccessNetwork.queue,observation_time_s,,,7024.2227808299
Phase5_Tail-14-20261001-21:25:12-68,scalar,DectScheduledAccessNetwork.queue,blocking_probability,,,0
Phase5_Tail-14-20261001-21:25:12-68,scalar,DectScheduledAccessNetwork.queue,mean_type1_number,,,1.4058667173174
Phase5_Tail-14-20261001-21:25:12-68,scalar,DectScheduledAccessNetwork.queue,mean_delay_direct_ms,,,9.8750534992594
Phase5_Tail-14-20261001-21:25:12-68,scalar,DectScheduledAccessNetwork.queue,delay_p50_ms,,,8.028227419
Phase5_Tail-14-20261001-21:25:12-68,scalar,DectScheduledAccessNetwork.queue,delay_p95_ms,,,24.91695216675
Phase5_Tail-14-20261001-21:25:12-68,scalar,DectScheduledAccessNetwork.queue,delay_p99_ms,,,36.97479527645
Phase5_Tail-14-20261001-21:25:12-68,scalar,DectScheduledAccessNetwork.queue,delay_p999_ms,,,55.00993910477
Phase5_Tail-14-20261001-21:25:12-68,scalar,DectScheduledAccessNetwork.queue,tail_sample_count,,,1000000
Phase5_Tail-14-20261001-21:25:12-68,scalar,DectScheduledAccessNetwork.queue,effective_throughput_departures_per_ms,,,0.14236450511353
Phase5_Tail-14-20261001-21:25:12-68,scalar,DectScheduledAccessNetwork.queue,effective_throughput_accepted_per_ms,,,0.14236464747803
Phase5_Tail-14-20261001-21:25:12-68,scalar,DectScheduledAccessNetwork.queue,mean_delay_little_ms,,,9.8751210225917
Phase5_Tail-14-20261001-21:25:12-68,scalar,DectScheduledAccessNetwork.queue,little_vs_direct_relative_error,,,6.8377687514332e-06
Phase5_Tail-14-20261001-21:25:12-68,scalar,DectScheduledAccessNetwork.queue,type1_service_fraction,,,0.059401700921081
Phase5_Tail-14-20261001-21:25:12-68,scalar,DectScheduledAccessNetwork.queue,type2_service_fraction,,,0.94059829907933
Phase5_Tail-14-20261001-21:25:12-68,scalar,DectScheduledAccessNetwork.queue,full_type1_fraction,,,0
Phase5_Tail-14-20261001-21:25:12-68,scalar,DectScheduledAccessNetwork.queue,full_type2_fraction,,,0
Phase5_Tail-14-20261001-21:25:12-68,scalar,DectScheduledAccessNetwork.queue,nonfull_state_fraction,,,1.0000000000004
Phase5_Tail-14-20261001-21:25:12-68,scalar,DectScheduledAccessNetwork.queue,saturated_full_state_fraction,,,0
Phase5_Tail-14-20261001-21:25:12-68,scalar,DectScheduledAccessNetwork.queue,full_type1_phase_0_fraction,,,0
Phase5_Tail-14-20261001-21:25:12-68,scalar,DectScheduledAccessNetwork.queue,full_type1_phase_1_fraction,,,0
Phase5_Tail-15-20261001-21:25:12-68,scalar,DectScheduledAccessNetwork.queue,D,,,10
Phase5_Tail-15-20261001-21:25:12-68,scalar,DectScheduledAccessNetwork.queue,r,,,30
Phase5_Tail-15-20261001-21:25:12-68,scalar,DectScheduledAccessNetwork.queue,L_effective,,,2
Phase5_Tail-15-20261001-21:25:12-68,scalar,DectScheduledAccessNetwork.queue,rho,,,0.059322033898
Phase5_Tail-15-20261001-21:25:12-68,scalar,DectScheduledAccessNetwork.queue,lambda_per_ms,,,0.1423728812413
Phase5_Tail-15-20261001-21:25:12-68,scalar,DectScheduledAccessNetwork.queue,lambda_sat_per_ms,,,0.20338983049469
Phase5_Tail-15-20261001-21:25:12-68,scalar,DectScheduledAccessNetwork.queue,rho_sat,,,0.084745762773916
Phase5_Tail-15-20261001-21:25:12-68,scalar,DectScheduledAccessNetwork.queue,load_factor_rho_over_rho_sat,,,0.69999999948386
Phase5_Tail-15-20261001-21:25:12-68,scalar,DectScheduledAccessNetwork.queue,mean_type1_service_ms,,,0.416666667
Phase5_Tail-15-20261001-21:25:12-68,scalar,DectScheduledAccessNetwork.queue,type2_service_ms,,,9
Phase5_Tail-15-20261001-21:25:12-68,scalar,DectScheduledAccessNetwork.queue,warmup_type1_completions,,,200000
Phase5_Tail-15-20261001-21:25:12-68,scalar,DectScheduledAccessNetwork.queue,measured_arrivals,,,1000003
Phase5_Tail-15-20261001-21:25:12-68,scalar,DectScheduledAccessNetwork.queue,measured_accepted_arrivals,,,1000003
Phase5_Tail-15-20261001-21:25:12-68,scalar,DectScheduledAccessNetwork.queue,measured_blocked_arrivals,,,0
Phase5_Tail-15-20261001-21:25:12-68,scalar,DectScheduledAccessNetwork.queue,measured_completed_packets,,,1000000
Phase5_Tail-15-20261001-21:25:12-68,scalar,DectScheduledAccessNetwork.queue,observation_time_s,,,7030.7340341334
Phase5_Tail-15-20261001-21:25:12-68,scalar,DectScheduledAccessNetwork.queue,blocking_probability,,,0
Phase5_Tail-15-20261001-21:25:12-68,scalar,DectScheduledAccessNetwork.queue,mean_type1_number,,,1.391910743043
Phase5_Tail-15-20261001-21:25:12-68,scalar,DectScheduledAccessNetwork.queue,mean_delay_direct_ms,,,9.7861478362719
Phase5_Tail-15-20261001-21:25:12-68,scalar,DectScheduledAccessNetwork.queue,delay_p50_ms,,,8.002423359
Phase5_Tail-15-20261001-21:25:12-68,scalar,DectScheduledAccessNetwork.queue,delay_p95_ms,,,24.5335900111
Phase5_Tail-15-20261001-21:25:12-68,scalar,DectScheduledAccessNetwork.queue,delay_p99_ms,,,36.43137475333
Phase5_Tail-15-20261001-21:25:12-68,scalar,DectScheduledAccessNetwork.queue,delay_p999_ms,,,53.854143211254
Phase5_Tail-15-20261001-21:25:12-68,scalar,DectScheduledAccessNetwork.queue,tail_sample_count,,,1000000
Phase5_Tail-15-20261001-21:25:12-68,scalar,DectScheduledAccessNetwork.queue,effective_throughput_departures_per_ms,,,0.14223265951252
Phase5_Tail-15-20261001-21:25:12-68,scalar,DectScheduledAccessNetwork.queue,effective_throughput_accepted_per_ms,,,0.1422330862105
Phase5_Tail-15-20261001-21:25:12-68,scalar,DectScheduledAccessNetwork.queue,mean_delay_little_ms,,,9.7861542335884
Phase5_Tail-15-20261001-21:25:12-68,scalar,DectScheduledAccessNetwork.queue,little_vs_direct_relative_error,,,6.5371140811621e-07
Phase5_Tail-15-20261001-21:25:12-68,scalar,DectScheduledAccessNetwork.queue,type1_service_fraction,,,0.059273047751517
Phase5_Tail-15-20261001-21:25:12-68,scalar,DectScheduledAccessNetwork.queue,type2_service_fraction,,,0.94072695224884
Phase5_Tail-15-20261001-21:25:12-68,scalar,DectScheduledAccessNetwork.queue,full_type1_fraction,,,0
Phase5_Tail-15-20261001-21:25:12-68,scalar,DectScheduledAccessNetwork.queue,full_type2_fraction,,,0
Phase5_Tail-15-20261001-21:25:12-68,scalar,DectScheduledAccessNetwork.queue,nonfull_state_fraction,,,1.0000000000004
Phase5_Tail-15-20261001-21:25:12-68,scalar,DectScheduledAccessNetwork.queue,saturated_full_state_fraction,,,0
Phase5_Tail-15-20261001-21:25:12-68,scalar,DectScheduledAccessNetwork.queue,full_type1_phase_0_fraction,,,0
Phase5_Tail-15-20261001-21:25:12-68,scalar,DectScheduledAccessNetwork.queue,full_type1_phase_1_fraction,,,0
Phase5_Tail-16-20261001-21:25:13-68,scalar,DectScheduledAccessNetwork.queue,D,,,10
Phase5_Tail-16-20261001-21:25:13-68,scalar,DectScheduledAccessNetwork.queue,r,,,30
Phase5_Tail-16-20261001-21:25:13-68,scalar,DectScheduledAccessNetwork.queue,L_effective,,,2
Phase5_Tail-16-20261001-21:25:13-68,scalar,DectScheduledAccessNetwork.queue,rho,,,0.059322033898
Phase5_Tail-16-20261001-21:25:13-68,scalar,DectScheduledAccessNetwork.queue,lambda_per_ms,,,0.1423728812413
Phase5_Tail-16-20261001-21:25:13-68,scalar,DectScheduledAccessNetwork.queue,lambda_sat_per_ms,,,0.20338983049469
Phase5_Tail-16-20261001-21:25:13-68,scalar,DectScheduledAccessNetwork.queue,rho_sat,,,0.084745762773916
Phase5_Tail-16-20261001-21:25:13-68,scalar,DectScheduledAccessNetwork.queue,load_factor_rho_over_rho_sat,,,0.69999999948386
Phase5_Tail-16-20261001-21:25:13-68,scalar,DectScheduledAccessNetwork.queue,mean_type1_service_ms,,,0.416666667
Phase5_Tail-16-20261001-21:25:13-68,scalar,DectScheduledAccessNetwork.queue,type2_service_ms,,,9
Phase5_Tail-16-20261001-21:25:13-68,scalar,DectScheduledAccessNetwork.queue,warmup_type1_completions,,,200000
Phase5_Tail-16-20261001-21:25:13-68,scalar,DectScheduledAccessNetwork.queue,measured_arrivals,,,1000000
Phase5_Tail-16-20261001-21:25:13-68,scalar,DectScheduledAccessNetwork.queue,measured_accepted_arrivals,,,1000000
Phase5_Tail-16-20261001-21:25:13-68,scalar,DectScheduledAccessNetwork.queue,measured_blocked_arrivals,,,0
Phase5_Tail-16-20261001-21:25:13-68,scalar,DectScheduledAccessNetwork.queue,measured_completed_packets,,,1000000
Phase5_Tail-16-20261001-21:25:13-68,scalar,DectScheduledAccessNetwork.queue,observation_time_s,,,7027.0406905718
Phase5_Tail-16-20261001-21:25:13-68,scalar,DectScheduledAccessNetwork.queue,blocking_probability,,,0
Phase5_Tail-16-20261001-21:25:13-68,scalar,DectScheduledAccessNetwork.queue,mean_type1_number,,,1.3965694697668
Phase5_Tail-16-20261001-21:25:13-68,scalar,DectScheduledAccessNetwork.queue,mean_delay_direct_ms,,,9.8137504912597
Phase5_Tail-16-20261001-21:25:13-68,scalar,DectScheduledAccessNetwork.queue,delay_p50_ms,,,8.015098102
Phase5_Tail-16-20261001-21:25:13-68,scalar,DectScheduledAccessNetwork.queue,delay_p95_ms,,,24.6227316546
Phase5_Tail-16-20261001-21:25:13-68,scalar,DectScheduledAccessNetwork.queue,delay_p99_ms,,,36.42594352865
Phase5_Tail-16-20261001-21:25:13-68,scalar,DectScheduledAccessNetwork.queue,delay_p999_ms,,,53.45255494961
Phase5_Tail-16-20261001-21:25:13-68,scalar,DectScheduledAccessNetwork.queue,tail_sample_count,,,1000000
Phase5_Tail-16-20261001-21:25:13-68,scalar,DectScheduledAccessNetwork.queue,effective_throughput_departures_per_ms,,,0.14230741560124
Phase5_Tail-16-20261001-21:25:13-68,scalar,DectScheduledAccessNetwork.queue,effective_throughput_accepted_per_ms,,,0.14230741560124
Phase5_Tail-16-20261001-21:25:13-68,scalar,DectScheduledAccessNetwork.queue,mean_delay_little_ms,,,9.8137504912615
Phase5_Tail-16-20261001-21:25:13-68,scalar,DectScheduledAccessNetwork.queue,little_vs_direct_relative_error,,,1.791899961745e-13
Phase5_Tail-16-20261001-21:25:13-68,scalar,DectScheduledAccessNetwork.queue,type1_service_fraction,,,0.059305006036315
Phase5_Tail-16-20261001-21:25:13-68,scalar,DectScheduledAccessNetwork.queue,type2_service_fraction,,,0.94069499396406
Phase5_Tail-16-20261001-21:25:13-68,scalar,DectScheduledAccessNetwork.queue,full_type1_fraction,,,0
Phase5_Tail-16-20261001-21:25:13-68,scalar,DectScheduledAccessNetwork.queue,full_type2_fraction,,,0
Phase5_Tail-16-20261001-21:25:13-68,scalar,DectScheduledAccessNetwork.queue,nonfull_state_fraction,,,1.0000000000004
Phase5_Tail-16-20261001-21:25:13-68,scalar,DectScheduledAccessNetwork.queue,saturated_full_state_fraction,,,0
Phase5_Tail-16-20261001-21:25:13-68,scalar,DectScheduledAccessNetwork.queue,full_type1_phase_0_fraction,,,0
Phase5_Tail-16-20261001-21:25:13-68,scalar,DectScheduledAccessNetwork.queue,full_type1_phase_1_fraction,,,0
Phase5_Tail-17-20261001-21:25:13-68,scalar,DectScheduledAccessNetwork.queue,D,,,10
Phase5_Tail-17-20261001-21:25:13-68,scalar,DectScheduledAccessNetwork.queue,r,,,30
Phase5_Tail-17-20261001-21:25:13-68,scalar,DectScheduledAccessNetwork.queue,L_effective,,,2
Phase5_Tail-17-20261001-21:25:13-68,scalar,DectScheduledAccessNetwork.queue,rho,,,0.059322033898
Phase5_Tail-17-20261001-21:25:13-68,scalar,DectScheduledAccessNetwork.queue,lambda_per_ms,,,0.1423728812413
Phase5_Tail-17-20261001-21:25:13-68,scalar,DectScheduledAccessNetwork.queue,lambda_sat_per_ms,,,0.20338983049469
Phase5_Tail-17-20261001-21:25:13-68,scalar,DectScheduledAccessNetwork.queue,rho_sat,,,0.084745762773916
Phase5_Tail-17-20261001-21:25:13-68,scalar,DectScheduledAccessNetwork.queue,load_factor_rho_over_rho_sat,,,0.69999999948386
Phase5_Tail-17-20261001-21:25:13-68,scalar,DectScheduledAccessNetwork.queue,mean_type1_service_ms,,,0.416666667
Phase5_Tail-17-20261001-21:25:13-68,scalar,DectScheduledAccessNetwork.queue,type2_service_ms,,,9
Phase5_Tail-17-20261001-21:25:13-68,scalar,DectScheduledAccessNetwork.queue,warmup_type1_completions,,,200000
Phase5_Tail-17-20261001-21:25:13-68,scalar,DectScheduledAccessNetwork.queue,measured_arrivals,,,1000000
Phase5_Tail-17-20261001-21:25:13-68,scalar,DectScheduledAccessNetwork.queue,measured_accepted_arrivals,,,1000000
Phase5_Tail-17-20261001-21:25:13-68,scalar,DectScheduledAccessNetwork.queue,measured_blocked_arrivals,,,0
Phase5_Tail-17-20261001-21:25:13-68,scalar,DectScheduledAccessNetwork.queue,measured_completed_packets,,,1000000
Phase5_Tail-17-20261001-21:25:13-68,scalar,DectScheduledAccessNetwork.queue,observation_time_s,,,7019.5283679571
Phase5_Tail-17-20261001-21:25:13-68,scalar,DectScheduledAccessNetwork.queue,blocking_probability,,,0
Phase5_Tail-17-20261001-21:25:13-68,scalar,DectScheduledAccessNetwork.queue,mean_type1_number,,,1.4029752651957
Phase5_Tail-17-20261001-21:25:13-68,scalar,DectScheduledAccessNetwork.queue,mean_delay_direct_ms,,,9.8482246735811
Phase5_Tail-17-20261001-21:25:13-68,scalar,DectScheduledAccessNetwork.queue,delay_p50_ms,,,8.019070545
Phase5_Tail-17-20261001-21:25:13-68,scalar,DectScheduledAccessNetwork.queue,delay_p95_ms,,,24.75549985795
Phase5_Tail-17-20261001-21:25:13-68,scalar,DectScheduledAccessNetwork.queue,delay_p99_ms,,,36.7391738578
Phase5_Tail-17-20261001-21:25:13-68,scalar,DectScheduledAccessNetwork.queue,delay_p999_ms,,,54.205592805451
Phase5_Tail-17-20261001-21:25:13-68,scalar,DectScheduledAccessNetwork.queue,tail_sample_count,,,1000000
Phase5_Tail-17-20261001-21:25:13-68,scalar,DectScheduledAccessNetwork.queue,effective_throughput_departures_per_ms,,,0.1424597134709
Phase5_Tail-17-20261001-21:25:13-68,scalar,DectScheduledAccessNetwork.queue,effective_throughput_accepted_per_ms,,,0.1424597134709
Phase5_Tail-17-20261001-21:25:13-68,scalar,DectScheduledAccessNetwork.queue,mean_delay_little_ms,,,9.8482246735832
Phase5_Tail-17-20261001-21:25:13-68,scalar,DectScheduledAccessNetwork.queue,little_vs_direct_relative_error,,,2.1160850849355e-13
Phase5_Tail-17-20261001-21:25:13-68,scalar,DectScheduledAccessNetwork.queue,type1_service_fraction,,,0.059348341671894
Phase5_Tail-17-20261001-21:25:13-68,scalar,DectScheduledAccessNetwork.queue,type2_service_fraction,,,0.94065165832851
Phase5_Tail-17-20261001-21:25:13-68,scalar,DectScheduledAccessNetwork.queue,full_type1_fraction,,,0
Phase5_Tail-17-20261001-21:25:13-68,scalar,DectScheduledAccessNetwork.queue,full_type2_fraction,,,0
Phase5_Tail-17-20261001-21:25:13-68,scalar,DectScheduledAccessNetwork.queue,nonfull_state_fraction,,,1.0000000000004
Phase5_Tail-17-20261001-21:25:13-68,scalar,DectScheduledAccessNetwork.queue,saturated_full_state_fraction,,,0
Phase5_Tail-17-20261001-21:25:13-68,scalar,DectScheduledAccessNetwork.queue,full_type1_phase_0_fraction,,,0
Phase5_Tail-17-20261001-21:25:13-68,scalar,DectScheduledAccessNetwork.queue,full_type1_phase_1_fraction,,,0
Phase5_Tail-18-20261001-21:25:13-68,scalar,DectScheduledAccessNetwork.queue,D,,,10
Phase5_Tail-18-20261001-21:25:13-68,scalar,DectScheduledAccessNetwork.queue,r,,,30
Phase5_Tail-18-20261001-21:25:13-68,scalar,DectScheduledAccessNetwork.queue,L_effective,,,2
Phase5_Tail-18-20261001-21:25:13-68,scalar,DectScheduledAccessNetwork.queue,rho,,,0.059322033898
Phase5_Tail-18-20261001-21:25:13-68,scalar,DectScheduledAccessNetwork.queue,lambda_per_ms,,,0.1423728812413
Phase5_Tail-18-20261001-21:25:13-68,scalar,DectScheduledAccessNetwork.queue,lambda_sat_per_ms,,,0.20338983049469
Phase5_Tail-18-20261001-21:25:13-68,scalar,DectScheduledAccessNetwork.queue,rho_sat,,,0.084745762773916
Phase5_Tail-18-20261001-21:25:13-68,scalar,DectScheduledAccessNetwork.queue,load_factor_rho_over_rho_sat,,,0.69999999948386
Phase5_Tail-18-20261001-21:25:13-68,scalar,DectScheduledAccessNetwork.queue,mean_type1_service_ms,,,0.416666667
Phase5_Tail-18-20261001-21:25:13-68,scalar,DectScheduledAccessNetwork.queue,type2_service_ms,,,9
Phase5_Tail-18-20261001-21:25:13-68,scalar,DectScheduledAccessNetwork.queue,warmup_type1_completions,,,200000
Phase5_Tail-18-20261001-21:25:13-68,scalar,DectScheduledAccessNetwork.queue,measured_arrivals,,,1000000
Phase5_Tail-18-20261001-21:25:13-68,scalar,DectScheduledAccessNetwork.queue,measured_accepted_arrivals,,,1000000
Phase5_Tail-18-20261001-21:25:13-68,scalar,DectScheduledAccessNetwork.queue,measured_blocked_arrivals,,,0
Phase5_Tail-18-20261001-21:25:13-68,scalar,DectScheduledAccessNetwork.queue,measured_completed_packets,,,1000000
Phase5_Tail-18-20261001-21:25:13-68,scalar,DectScheduledAccessNetwork.queue,observation_time_s,,,7034.8540581129
Phase5_Tail-18-20261001-21:25:13-68,scalar,DectScheduledAccessNetwork.queue,blocking_probability,,,0
Phase5_Tail-18-20261001-21:25:13-68,scalar,DectScheduledAccessNetwork.queue,mean_type1_number,,,1.3891966250087
Phase5_Tail-18-20261001-21:25:13-68,scalar,DectScheduledAccessNetwork.queue,mean_delay_direct_ms,,,9.7727864396759
Phase5_Tail-18-20261001-21:25:13-68,scalar,DectScheduledAccessNetwork.queue,delay_p50_ms,,,7.9887104225
Phase5_Tail-18-20261001-21:25:13-68,scalar,DectScheduledAccessNetwork.queue,delay_p95_ms,,,24.5108216389
Phase5_Tail-18-20261001-21:25:13-68,scalar,DectScheduledAccessNetwork.queue,delay_p99_ms,,,36.24819939691
Phase5_Tail-18-20261001-21:25:13-68,scalar,DectScheduledAccessNetwork.queue,delay_p999_ms,,,53.432223494462
Phase5_Tail-18-20261001-21:25:13-68,scalar,DectScheduledAccessNetwork.queue,tail_sample_count,,,1000000
Phase5_Tail-18-20261001-21:25:13-68,scalar,DectScheduledAccessNetwork.queue,effective_throughput_departures_per_ms,,,0.142149359708
Phase5_Tail-18-20261001-21:25:13-68,scalar,DectScheduledAccessNetwork.queue,effective_throughput_accepted_per_ms,,,0.142149359708
Phase5_Tail-18-20261001-21:25:13-68,scalar,DectScheduledAccessNetwork.queue,mean_delay_little_ms,,,9.7727955149589
Phase5_Tail-18-20261001-21:25:13-68,scalar,DectScheduledAccessNetwork.queue,little_vs_direct_relative_error,,,9.2862799228044e-07
Phase5_Tail-18-20261001-21:25:13-68,scalar,DectScheduledAccessNetwork.queue,type1_service_fraction,,,0.059115236034402
Phase5_Tail-18-20261001-21:25:13-68,scalar,DectScheduledAccessNetwork.queue,type2_service_fraction,,,0.94088476396604
Phase5_Tail-18-20261001-21:25:13-68,scalar,DectScheduledAccessNetwork.queue,full_type1_fraction,,,0
Phase5_Tail-18-20261001-21:25:13-68,scalar,DectScheduledAccessNetwork.queue,full_type2_fraction,,,0
Phase5_Tail-18-20261001-21:25:13-68,scalar,DectScheduledAccessNetwork.queue,nonfull_state_fraction,,,1.0000000000004
Phase5_Tail-18-20261001-21:25:13-68,scalar,DectScheduledAccessNetwork.queue,saturated_full_state_fraction,,,0
Phase5_Tail-18-20261001-21:25:13-68,scalar,DectScheduledAccessNetwork.queue,full_type1_phase_0_fraction,,,0
Phase5_Tail-18-20261001-21:25:13-68,scalar,DectScheduledAccessNetwork.queue,full_type1_phase_1_fraction,,,0
Phase5_Tail-19-20261001-21:25:14-68,scalar,DectScheduledAccessNetwork.queue,D,,,10
Phase5_Tail-19-20261001-21:25:14-68,scalar,DectScheduledAccessNetwork.queue,r,,,30
Phase5_Tail-19-20261001-21:25:14-68,scalar,DectScheduledAccessNetwork.queue,L_effective,,,2
Phase5_Tail-19-20261001-21:25:14-68,scalar,DectScheduledAccessNetwork.queue,rho,,,0.059322033898
Phase5_Tail-19-20261001-21:25:14-68,scalar,DectScheduledAccessNetwork.queue,lambda_per_ms,,,0.1423728812413
Phase5_Tail-19-20261001-21:25:14-68,scalar,DectScheduledAccessNetwork.queue,lambda_sat_per_ms,,,0.20338983049469
Phase5_Tail-19-20261001-21:25:14-68,scalar,DectScheduledAccessNetwork.queue,rho_sat,,,0.084745762773916
Phase5_Tail-19-20261001-21:25:14-68,scalar,DectScheduledAccessNetwork.queue,load_factor_rho_over_rho_sat,,,0.69999999948386
Phase5_Tail-19-20261001-21:25:14-68,scalar,DectScheduledAccessNetwork.queue,mean_type1_service_ms,,,0.416666667
Phase5_Tail-19-20261001-21:25:14-68,scalar,DectScheduledAccessNetwork.queue,type2_service_ms,,,9
Phase5_Tail-19-20261001-21:25:14-68,scalar,DectScheduledAccessNetwork.queue,warmup_type1_completions,,,200000
Phase5_Tail-19-20261001-21:25:14-68,scalar,DectScheduledAccessNetwork.queue,measured_arrivals,,,1000004
Phase5_Tail-19-20261001-21:25:14-68,scalar,DectScheduledAccessNetwork.queue,measured_accepted_arrivals,,,1000004
Phase5_Tail-19-20261001-21:25:14-68,scalar,DectScheduledAccessNetwork.queue,measured_blocked_arrivals,,,0
Phase5_Tail-19-20261001-21:25:14-68,scalar,DectScheduledAccessNetwork.queue,measured_completed_packets,,,1000000
Phase5_Tail-19-20261001-21:25:14-68,scalar,DectScheduledAccessNetwork.queue,observation_time_s,,,7032.3599323298
Phase5_Tail-19-20261001-21:25:14-68,scalar,DectScheduledAccessNetwork.queue,blocking_probability,,,0
Phase5_Tail-19-20261001-21:25:14-68,scalar,DectScheduledAccessNetwork.queue,mean_type1_number,,,1.3888526905388
Phase5_Tail-19-20261001-21:25:14-68,scalar,DectScheduledAccessNetwork.queue,mean_delay_direct_ms,,,9.7668199707701
Phase5_Tail-19-20261001-21:25:14-68,scalar,DectScheduledAccessNetwork.queue,delay_p50_ms,,,7.9987202375
Phase5_Tail-19-20261001-21:25:14-68,scalar,DectScheduledAccessNetwork.queue,delay_p95_ms,,,24.46613833175
Phase5_Tail-19-20261001-21:25:14-68,scalar,DectScheduledAccessNetwork.queue,delay_p99_ms,,,36.07912012865
Phase5_Tail-19-20261001-21:25:14-68,scalar,DectScheduledAccessNetwork.queue,delay_p999_ms,,,52.589937610321
Phase5_Tail-19-20261001-21:25:14-68,scalar,DectScheduledAccessNetwork.queue,tail_sample_count,,,1000000
Phase5_Tail-19-20261001-21:25:14-68,scalar,DectScheduledAccessNetwork.queue,effective_throughput_departures_per_ms,,,0.1421997749863
Phase5_Tail-19-20261001-21:25:14-68,scalar,DectScheduledAccessNetwork.queue,effective_throughput_accepted_per_ms,,,0.1422003437854
Phase5_Tail-19-20261001-21:25:14-68,scalar,DectScheduledAccessNetwork.queue,mean_delay_little_ms,,,9.7669120128532
Phase5_Tail-19-20261001-21:25:14-68,scalar,DectScheduledAccessNetwork.queue,little_vs_direct_relative_error,,,9.4239561545528e-06
Phase5_Tail-19-20261001-21:25:14-68,scalar,DectScheduledAccessNetwork.queue,type1_service_fraction,,,0.059226907657982
Phase5_Tail-19-20261001-21:25:14-68,scalar,DectScheduledAccessNetwork.queue,type2_service_fraction,,,0.94077309234242
Phase5_Tail-19-20261001-21:25:14-68,scalar,DectScheduledAccessNetwork.queue,full_type1_fraction,,,0
Phase5_Tail-19-20261001-21:25:14-68,scalar,DectScheduledAccessNetwork.queue,full_type2_fraction,,,0
Phase5_Tail-19-20261001-21:25:14-68,scalar,DectScheduledAccessNetwork.queue,nonfull_state_fraction,,,1.0000000000004
Phase5_Tail-19-20261001-21:25:14-68,scalar,DectScheduledAccessNetwork.queue,saturated_full_state_fraction,,,0
Phase5_Tail-19-20261001-21:25:14-68,scalar,DectScheduledAccessNetwork.queue,full_type1_phase_0_fraction,,,0
Phase5_Tail-19-20261001-21:25:14-68,scalar,DectScheduledAccessNetwork.queue,full_type1_phase_1_fraction,,,0
Phase5_Tail-20-20261001-21:25:14-68,scalar,DectScheduledAccessNetwork.queue,D,,,10
Phase5_Tail-20-20261001-21:25:14-68,scalar,DectScheduledAccessNetwork.queue,r,,,30
Phase5_Tail-20-20261001-21:25:14-68,scalar,DectScheduledAccessNetwork.queue,L_effective,,,2
Phase5_Tail-20-20261001-21:25:14-68,scalar,DectScheduledAccessNetwork.queue,rho,,,0.067796610169
Phase5_Tail-20-20261001-21:25:14-68,scalar,DectScheduledAccessNetwork.queue,lambda_per_ms,,,0.16271186427543
Phase5_Tail-20-20261001-21:25:14-68,scalar,DectScheduledAccessNetwork.queue,lambda_sat_per_ms,,,0.20338983049469
Phase5_Tail-20-20261001-21:25:14-68,scalar,DectScheduledAccessNetwork.queue,rho_sat,,,0.084745762773916
Phase5_Tail-20-20261001-21:25:14-68,scalar,DectScheduledAccessNetwork.queue,load_factor_rho_over_rho_sat,,,0.79999999940844
Phase5_Tail-20-20261001-21:25:14-68,scalar,DectScheduledAccessNetwork.queue,mean_type1_service_ms,,,0.416666667
Phase5_Tail-20-20261001-21:25:14-68,scalar,DectScheduledAccessNetwork.queue,type2_service_ms,,,9
Phase5_Tail-20-20261001-21:25:14-68,scalar,DectScheduledAccessNetwork.queue,warmup_type1_completions,,,200000
Phase5_Tail-20-20261001-21:25:14-68,scalar,DectScheduledAccessNetwork.queue,measured_arrivals,,,1000005
Phase5_Tail-20-20261001-21:25:14-68,scalar,DectScheduledAccessNetwork.queue,measured_accepted_arrivals,,,1000005
Phase5_Tail-20-20261001-21:25:14-68,scalar,DectScheduledAccessNetwork.queue,measured_blocked_arrivals,,,0
Phase5_Tail-20-20261001-21:25:14-68,scalar,DectScheduledAccessNetwork.queue,measured_completed_packets,,,1000000
Phase5_Tail-20-20261001-21:25:14-68,scalar,DectScheduledAccessNetwork.queue,observation_time_s,,,6146.2198942822
Phase5_Tail-20-20261001-21:25:14-68,scalar,DectScheduledAccessNetwork.queue,blocking_probability,,,0
Phase5_Tail-20-20261001-21:25:14-68,scalar,DectScheduledAccessNetwork.queue,mean_type1_number,,,2.2588104379414
Phase5_Tail-20-20261001-21:25:14-68,scalar,DectScheduledAccessNetwork.queue,mean_delay_direct_ms,,,13.883099296677
Phase5_Tail-20-20261001-21:25:14-68,scalar,DectScheduledAccessNetwork.queue,delay_p50_ms,,,10.3124222925
Phase5_Tail-20-20261001-21:25:14-68,scalar,DectScheduledAccessNetwork.queue,delay_p95_ms,,,37.1445104521
Phase5_Tail-20-20261001-21:25:14-68,scalar,DectScheduledAccessNetwork.queue,delay_p99_ms,,,56.17721172833
Phase5_Tail-20-20261001-21:25:14-68,scalar,DectScheduledAccessNetwork.queue,delay_p999_ms,,,81.53184376371
Phase5_Tail-20-20261001-21:25:14-68,scalar,DectScheduledAccessNetwork.queue,tail_sample_count,,,1000000
Phase5_Tail-20-20261001-21:25:14-68,scalar,DectScheduledAccessNetwork.queue,effective_throughput_departures_per_ms,,,0.16270163079103
Phase5_Tail-20-20261001-21:25:14-68,scalar,DectScheduledAccessNetwork.queue,effective_throughput_accepted_per_ms,,,0.16270244429919
Phase5_Tail-20-20261001-21:25:14-68,scalar,DectScheduledAccessNetwork.queue,mean_delay_little_ms,,,13.883145651088
Phase5_Tail-20-20261001-21:25:14-68,scalar,DectScheduledAccessNetwork.queue,little_vs_direct_relative_error,,,3.3389093692104e-06
Phase5_Tail-20-20261001-21:25:14-68,scalar,DectScheduledAccessNetwork.queue,type1_service_fraction,,,0.067871456188911
Phase5_Tail-20-20261001-21:25:14-68,scalar,DectScheduledAccessNetwork.queue,type2_service_fraction,,,0.93212854381141
Phase5_Tail-20-20261001-21:25:14-68,scalar,DectScheduledAccessNetwork.queue,full_type1_fraction,,,0
Phase5_Tail-20-20261001-21:25:14-68,scalar,DectScheduledAccessNetwork.queue,full_type2_fraction,,,0
Phase5_Tail-20-20261001-21:25:14-68,scalar,DectScheduledAccessNetwork.queue,nonfull_state_fraction,,,1.0000000000003
Phase5_Tail-20-20261001-21:25:14-68,scalar,DectScheduledAccessNetwork.queue,saturated_full_state_fraction,,,0
Phase5_Tail-20-20261001-21:25:14-68,scalar,DectScheduledAccessNetwork.queue,full_type1_phase_0_fraction,,,0
Phase5_Tail-20-20261001-21:25:14-68,scalar,DectScheduledAccessNetwork.queue,full_type1_phase_1_fraction,,,0
Phase5_Tail-21-20261001-21:25:14-68,scalar,DectScheduledAccessNetwork.queue,D,,,10
Phase5_Tail-21-20261001-21:25:14-68,scalar,DectScheduledAccessNetwork.queue,r,,,30
Phase5_Tail-21-20261001-21:25:14-68,scalar,DectScheduledAccessNetwork.queue,L_effective,,,2
Phase5_Tail-21-20261001-21:25:14-68,scalar,DectScheduledAccessNetwork.queue,rho,,,0.067796610169
Phase5_Tail-21-20261001-21:25:14-68,scalar,DectScheduledAccessNetwork.queue,lambda_per_ms,,,0.16271186427543
Phase5_Tail-21-20261001-21:25:14-68,scalar,DectScheduledAccessNetwork.queue,lambda_sat_per_ms,,,0.20338983049469
Phase5_Tail-21-20261001-21:25:14-68,scalar,DectScheduledAccessNetwork.queue,rho_sat,,,0.084745762773916
Phase5_Tail-21-20261001-21:25:14-68,scalar,DectScheduledAccessNetwork.queue,load_factor_rho_over_rho_sat,,,0.79999999940844
Phase5_Tail-21-20261001-21:25:14-68,scalar,DectScheduledAccessNetwork.queue,mean_type1_service_ms,,,0.416666667
Phase5_Tail-21-20261001-21:25:14-68,scalar,DectScheduledAccessNetwork.queue,type2_service_ms,,,9
Phase5_Tail-21-20261001-21:25:14-68,scalar,DectScheduledAccessNetwork.queue,warmup_type1_completions,,,200000
Phase5_Tail-21-20261001-21:25:14-68,scalar,DectScheduledAccessNetwork.queue,measured_arrivals,,,1000008
Phase5_Tail-21-20261001-21:25:14-68,scalar,DectScheduledAccessNetwork.queue,measured_accepted_arrivals,,,1000003
Phase5_Tail-21-20261001-21:25:14-68,scalar,DectScheduledAccessNetwork.queue,measured_blocked_arrivals,,,5
Phase5_Tail-21-20261001-21:25:14-68,scalar,DectScheduledAccessNetwork.queue,measured_completed_packets,,,1000000
Phase5_Tail-21-20261001-21:25:14-68,scalar,DectScheduledAccessNetwork.queue,observation_time_s,,,6144.9047350085
Phase5_Tail-21-20261001-21:25:14-68,scalar,DectScheduledAccessNetwork.queue,blocking_probability,,,4.99996000032e-06
Phase5_Tail-21-20261001-21:25:14-68,scalar,DectScheduledAccessNetwork.queue,mean_type1_number,,,2.2593872663
Phase5_Tail-21-20261001-21:25:14-68,scalar,DectScheduledAccessNetwork.queue,mean_delay_direct_ms,,,13.88369552424
Phase5_Tail-21-20261001-21:25:14-68,scalar,DectScheduledAccessNetwork.queue,delay_p50_ms,,,10.3163885565
Phase5_Tail-21-20261001-21:25:14-68,scalar,DectScheduledAccessNetwork.queue,delay_p95_ms,,,37.05384348585
Phase5_Tail-21-20261001-21:25:14-68,scalar,DectScheduledAccessNetwork.queue,delay_p99_ms,,,55.84618521408
Phase5_Tail-21-20261001-21:25:14-68,scalar,DectScheduledAccessNetwork.queue,delay_p999_ms,,,85.343993617848
Phase5_Tail-21-20261001-21:25:14-68,scalar,DectScheduledAccessNetwork.queue,tail_sample_count,,,1000000
Phase5_Tail-21-20261001-21:25:14-68,scalar,DectScheduledAccessNetwork.queue,effective_throughput_departures_per_ms,,,0.16273645290265
Phase5_Tail-21-20261001-21:25:14-68,scalar,DectScheduledAccessNetwork.queue,effective_throughput_accepted_per_ms,,,0.16273694111201
Phase5_Tail-21-20261001-21:25:14-68,scalar,DectScheduledAccessNetwork.queue,mean_delay_little_ms,,,13.883719510905
Phase5_Tail-21-20261001-21:25:14-68,scalar,DectScheduledAccessNetwork.queue,little_vs_direct_relative_error,,,1.7276858712556e-06
Phase5_Tail-21-20261001-21:25:14-68,scalar,DectScheduledAccessNetwork.queue,type1_service_fraction,,,0.067890187561703
Phase5_Tail-21-20261001-21:25:14-68,scalar,DectScheduledAccessNetwork.queue,type2_service_fraction,,,0.93210981243859
Phase5_Tail-21-20261001-21:25:14-68,scalar,DectScheduledAccessNetwork.queue,full_type1_fraction,,,1.0428795443305e-07
Phase5_Tail-21-20261001-21:25:14-68,scalar,DectScheduledAccessNetwork.queue,full_type2_fraction,,,5.1192904045821e-06
Phase5_Tail-21-20261001-21:25:14-68,scalar,DectScheduledAccessNetwork.queue,nonfull_state_fraction,,,0.99999477642196
Phase5_Tail-21-20261001-21:25:14-68,scalar,DectScheduledAccessNetwork.queue,saturated_full_state_fraction,,,5.2235783590151e-06
Phase5_Tail-21-20261001-21:25:14-68,scalar,DectScheduledAccessNetwork.queue,full_type1_phase_0_fraction,,,1.0428795443305e-07
Phase5_Tail-21-20261001-21:25:14-68,scalar,DectScheduledAccessNetwork.queue,full_type1_phase_1_fraction,,,0
Phase5_Tail-22-20261001-21:25:15-68,scalar,DectScheduledAccessNetwork.queue,D,,,10
Phase5_Tail-22-20261001-21:25:15-68,scalar,DectScheduledAccessNetwork.queue,r,,,30
Phase5_Tail-22-20261001-21:25:15-68,scalar,DectScheduledAccessNetwork.queue,L_effective,,,2
Phase5_Tail-22-20261001-21:25:15-68,scalar,DectScheduledAccessNetwork.queue,rho,,,0.067796610169
Phase5_Tail-22-20261001-21:25:15-68,scalar,DectScheduledAccessNetwork.queue,lambda_per_ms,,,0.16271186427543
Phase5_Tail-22-20261001-21:25:15-68,scalar,DectScheduledAccessNetwork.queue,lambda_sat_per_ms,,,0.20338983049469
Phase5_Tail-22-20261001-21:25:15-68,scalar,DectScheduledAccessNetwork.queue,rho_sat,,,0.084745762773916
Phase5_Tail-22-20261001-21:25:15-68,scalar,DectScheduledAccessNetwork.queue,load_factor_rho_over_rho_sat,,,0.79999999940844
Phase5_Tail-22-20261001-21:25:15-68,scalar,DectScheduledAccessNetwork.queue,mean_type1_service_ms,,,0.416666667
Phase5_Tail-22-20261001-21:25:15-68,scalar,DectScheduledAccessNetwork.queue,type2_service_ms,,,9
Phase5_Tail-22-20261001-21:25:15-68,scalar,DectScheduledAccessNetwork.queue,warmup_type1_completions,,,200000
Phase5_Tail-22-20261001-21:25:15-68,scalar,DectScheduledAccessNetwork.queue,measured_arrivals,,,1000001
Phase5_Tail-22-20261001-21:25:15-68,scalar,DectScheduledAccessNetwork.queue,measured_accepted_arrivals,,,1000001
Phase5_Tail-22-20261001-21:25:15-68,scalar,DectScheduledAccessNetwork.queue,measured_blocked_arrivals,,,0
Phase5_Tail-22-20261001-21:25:15-68,scalar,DectScheduledAccessNetwork.queue,measured_completed_packets,,,1000000
Phase5_Tail-22-20261001-21:25:15-68,scalar,DectScheduledAccessNetwork.queue,observation_time_s,,,6139.6986486559
Phase5_Tail-22-20261001-21:25:15-68,scalar,DectScheduledAccessNetwork.queue,blocking_probability,,,0
Phase5_Tail-22-20261001-21:25:15-68,scalar,DectScheduledAccessNetwork.queue,mean_type1_number,,,2.2495796217292
Phase5_Tail-22-20261001-21:25:15-68,scalar,DectScheduledAccessNetwork.queue,mean_delay_direct_ms,,,13.811738265204
Phase5_Tail-22-20261001-21:25:15-68,scalar,DectScheduledAccessNetwork.queue,delay_p50_ms,,,10.330317612
Phase5_Tail-22-20261001-21:25:15-68,scalar,DectScheduledAccessNetwork.queue,delay_p95_ms,,,36.70872689725
Phase5_Tail-22-20261001-21:25:15-68,scalar,DectScheduledAccessNetwork.queue,delay_p99_ms,,,54.75743685562
Phase5_Tail-22-20261001-21:25:15-68,scalar,DectScheduledAccessNetwork.queue,delay_p999_ms,,,79.330438282013
Phase5_Tail-22-20261001-21:25:15-68,scalar,DectScheduledAccessNetwork.queue,tail_sample_count,,,1000000
Phase5_Tail-22-20261001-21:25:15-68,scalar,DectScheduledAccessNetwork.queue,effective_throughput_departures_per_ms,,,0.1628744433929
Phase5_Tail-22-20261001-21:25:15-68,scalar,DectScheduledAccessNetwork.queue,effective_throughput_accepted_per_ms,,,0.16287460626735
Phase5_Tail-22-20261001-21:25:15-68,scalar,DectScheduledAccessNetwork.queue,mean_delay_little_ms,,,13.811740963575
Phase5_Tail-22-20261001-21:25:15-68,scalar,DectScheduledAccessNetwork.queue,little_vs_direct_relative_error,,,1.9536789830354e-07
Phase5_Tail-22-20261001-21:25:15-68,scalar,DectScheduledAccessNetwork.queue,type1_service_fraction,,,0.067864999977997
Phase5_Tail-22-20261001-21:25:15-68,scalar,DectScheduledAccessNetwork.queue,type2_service_fraction,,,0.93213500002233
Phase5_Tail-22-20261001-21:25:15-68,scalar,DectScheduledAccessNetwork.queue,full_type1_fraction,,,0
Phase5_Tail-22-20261001-21:25:15-68,scalar,DectScheduledAccessNetwork.queue,full_type2_fraction,,,0
Phase5_Tail-22-20261001-21:25:15-68,scalar,DectScheduledAccessNetwork.queue,nonfull_state_fraction,,,1.0000000000003
Phase5_Tail-22-20261001-21:25:15-68,scalar,DectScheduledAccessNetwork.queue,saturated_full_state_fraction,,,0
Phase5_Tail-22-20261001-21:25:15-68,scalar,DectScheduledAccessNetwork.queue,full_type1_phase_0_fraction,,,0
Phase5_Tail-22-20261001-21:25:15-68,scalar,DectScheduledAccessNetwork.queue,full_type1_phase_1_fraction,,,0
Phase5_Tail-23-20261001-21:25:15-68,scalar,DectScheduledAccessNetwork.queue,D,,,10
Phase5_Tail-23-20261001-21:25:15-68,scalar,DectScheduledAccessNetwork.queue,r,,,30
Phase5_Tail-23-20261001-21:25:15-68,scalar,DectScheduledAccessNetwork.queue,L_effective,,,2
Phase5_Tail-23-20261001-21:25:15-68,scalar,DectScheduledAccessNetwork.queue,rho,,,0.067796610169
Phase5_Tail-23-20261001-21:25:15-68,scalar,DectScheduledAccessNetwork.queue,lambda_per_ms,,,0.16271186427543
Phase5_Tail-23-20261001-21:25:15-68,scalar,DectScheduledAccessNetwork.queue,lambda_sat_per_ms,,,0.20338983049469
Phase5_Tail-23-20261001-21:25:15-68,scalar,DectScheduledAccessNetwork.queue,rho_sat,,,0.084745762773916
Phase5_Tail-23-20261001-21:25:15-68,scalar,DectScheduledAccessNetwork.queue,load_factor_rho_over_rho_sat,,,0.79999999940844
Phase5_Tail-23-20261001-21:25:15-68,scalar,DectScheduledAccessNetwork.queue,mean_type1_service_ms,,,0.416666667
Phase5_Tail-23-20261001-21:25:15-68,scalar,DectScheduledAccessNetwork.queue,type2_service_ms,,,9
Phase5_Tail-23-20261001-21:25:15-68,scalar,DectScheduledAccessNetwork.queue,warmup_type1_completions,,,200000
Phase5_Tail-23-20261001-21:25:15-68,scalar,DectScheduledAccessNetwork.queue,measured_arrivals,,,1000003
Phase5_Tail-23-20261001-21:25:15-68,scalar,DectScheduledAccessNetwork.queue,measured_accepted_arrivals,,,1000003
Phase5_Tail-23-20261001-21:25:15-68,scalar,DectScheduledAccessNetwork.queue,measured_blocked_arrivals,,,0
Phase5_Tail-23-20261001-21:25:15-68,scalar,DectScheduledAccessNetwork.queue,measured_completed_packets,,,1000000
Phase5_Tail-23-20261001-21:25:15-68,scalar,DectScheduledAccessNetwork.queue,observation_time_s,,,6153.735633451
Phase5_Tail-23-20261001-21:25:15-68,scalar,DectScheduledAccessNetwork.queue,blocking_probability,,,0
Phase5_Tail-23-20261001-21:25:15-68,scalar,DectScheduledAccessNetwork.queue,mean_type1_number,,,2.2381827987304
Phase5_Tail-23-20261001-21:25:15-68,scalar,DectScheduledAccessNetwork.queue,mean_delay_direct_ms,,,13.773176822535
Phase5_Tail-23-20261001-21:25:15-68,scalar,DectScheduledAccessNetwork.queue,delay_p50_ms,,,10.255549268
Phase5_Tail-23-20261001-21:25:15-68,scalar,DectScheduledAccessNetwork.queue,delay_p95_ms,,,36.64037639075
Phase5_Tail-23-20261001-21:25:15-68,scalar,DectScheduledAccessNetwork.queue,delay_p99_ms,,,55.65743993418
Phase5_Tail-23-20261001-21:25:15-68,scalar,DectScheduledAccessNetwork.queue,delay_p999_ms,,,79.110116319907
Phase5_Tail-23-20261001-21:25:15-68,scalar,DectScheduledAccessNetwork.queue,tail_sample_count,,,1000000
Phase5_Tail-23-20261001-21:25:15-68,scalar,DectScheduledAccessNetwork.queue,effective_throughput_departures_per_ms,,,0.1625029184816
Phase5_Tail-23-20261001-21:25:15-68,scalar,DectScheduledAccessNetwork.queue,effective_throughput_accepted_per_ms,,,0.16250340599036
Phase5_Tail-23-20261001-21:25:15-68,scalar,DectScheduledAccessNetwork.queue,mean_delay_little_ms,,,13.773185242724
Phase5_Tail-23-20261001-21:25:15-68,scalar,DectScheduledAccessNetwork.queue,little_vs_direct_relative_error,,,6.1134695572562e-07
Phase5_Tail-23-20261001-21:25:15-68,scalar,DectScheduledAccessNetwork.queue,type1_service_fraction,,,0.067727256787798
Phase5_Tail-23-20261001-21:25:15-68,scalar,DectScheduledAccessNetwork.queue,type2_service_fraction,,,0.93227274321252
Phase5_Tail-23-20261001-21:25:15-68,scalar,DectScheduledAccessNetwork.queue,full_type1_fraction,,,0
Phase5_Tail-23-20261001-21:25:15-68,scalar,DectScheduledAccessNetwork.queue,full_type2_fraction,,,0
Phase5_Tail-23-20261001-21:25:15-68,scalar,DectScheduledAccessNetwork.queue,nonfull_state_fraction,,,1.0000000000003
Phase5_Tail-23-20261001-21:25:15-68,scalar,DectScheduledAccessNetwork.queue,saturated_full_state_fraction,,,0
Phase5_Tail-23-20261001-21:25:15-68,scalar,DectScheduledAccessNetwork.queue,full_type1_phase_0_fraction,,,0
Phase5_Tail-23-20261001-21:25:15-68,scalar,DectScheduledAccessNetwork.queue,full_type1_phase_1_fraction,,,0
Phase5_Tail-24-20261001-21:25:15-68,scalar,DectScheduledAccessNetwork.queue,D,,,10
Phase5_Tail-24-20261001-21:25:15-68,scalar,DectScheduledAccessNetwork.queue,r,,,30
Phase5_Tail-24-20261001-21:25:15-68,scalar,DectScheduledAccessNetwork.queue,L_effective,,,2
Phase5_Tail-24-20261001-21:25:15-68,scalar,DectScheduledAccessNetwork.queue,rho,,,0.067796610169
Phase5_Tail-24-20261001-21:25:15-68,scalar,DectScheduledAccessNetwork.queue,lambda_per_ms,,,0.16271186427543
Phase5_Tail-24-20261001-21:25:15-68,scalar,DectScheduledAccessNetwork.queue,lambda_sat_per_ms,,,0.20338983049469
Phase5_Tail-24-20261001-21:25:15-68,scalar,DectScheduledAccessNetwork.queue,rho_sat,,,0.084745762773916
Phase5_Tail-24-20261001-21:25:15-68,scalar,DectScheduledAccessNetwork.queue,load_factor_rho_over_rho_sat,,,0.79999999940844
Phase5_Tail-24-20261001-21:25:15-68,scalar,DectScheduledAccessNetwork.queue,mean_type1_service_ms,,,0.416666667
Phase5_Tail-24-20261001-21:25:15-68,scalar,DectScheduledAccessNetwork.queue,type2_service_ms,,,9
Phase5_Tail-24-20261001-21:25:15-68,scalar,DectScheduledAccessNetwork.queue,warmup_type1_completions,,,200000
Phase5_Tail-24-20261001-21:25:15-68,scalar,DectScheduledAccessNetwork.queue,measured_arrivals,,,1000000
Phase5_Tail-24-20261001-21:25:15-68,scalar,DectScheduledAccessNetwork.queue,measured_accepted_arrivals,,,1000000
Phase5_Tail-24-20261001-21:25:15-68,scalar,DectScheduledAccessNetwork.queue,measured_blocked_arrivals,,,0
Phase5_Tail-24-20261001-21:25:15-68,scalar,DectScheduledAccessNetwork.queue,measured_completed_packets,,,1000000
Phase5_Tail-24-20261001-21:25:15-68,scalar,DectScheduledAccessNetwork.queue,observation_time_s,,,6152.9511916909
Phase5_Tail-24-20261001-21:25:15-68,scalar,DectScheduledAccessNetwork.queue,blocking_probability,,,0
Phase5_Tail-24-20261001-21:25:15-68,scalar,DectScheduledAccessNetwork.queue,mean_type1_number,,,2.247425701438
Phase5_Tail-24-20261001-21:25:15-68,scalar,DectScheduledAccessNetwork.queue,mean_delay_direct_ms,,,13.828241395272
Phase5_Tail-24-20261001-21:25:15-68,scalar,DectScheduledAccessNetwork.queue,delay_p50_ms,,,10.2931385525
Phase5_Tail-24-20261001-21:25:15-68,scalar,DectScheduledAccessNetwork.queue,delay_p95_ms,,,36.87615436595
Phase5_Tail-24-20261001-21:25:15-68,scalar,DectScheduledAccessNetwork.queue,delay_p99_ms,,,55.08917768079
Phase5_Tail-24-20261001-21:25:15-68,scalar,DectScheduledAccessNetwork.queue,delay_p999_ms,,,80.302042058524
Phase5_Tail-24-20261001-21:25:15-68,scalar,DectScheduledAccessNetwork.queue,tail_sample_count,,,1000000
Phase5_Tail-24-20261001-21:25:15-68,scalar,DectScheduledAccessNetwork.queue,effective_throughput_departures_per_ms,,,0.16252363603183
Phase5_Tail-24-20261001-21:25:15-68,scalar,DectScheduledAccessNetwork.queue,effective_throughput_accepted_per_ms,,,0.16252363603183
Phase5_Tail-24-20261001-21:25:15-68,scalar,DectScheduledAccessNetwork.queue,mean_delay_little_ms,,,13.828300647899
Phase5_Tail-24-20261001-21:25:15-68,scalar,DectScheduledAccessNetwork.queue,little_vs_direct_relative_error,,,4.2848997234834e-06
Phase5_Tail-24-20261001-21:25:15-68,scalar,DectScheduledAccessNetwork.queue,type1_service_fraction,,,0.067738582463277
Phase5_Tail-24-20261001-21:25:15-68,scalar,DectScheduledAccessNetwork.queue,type2_service_fraction,,,0.93226141753702
Phase5_Tail-24-20261001-21:25:15-68,scalar,DectScheduledAccessNetwork.queue,full_type1_fraction,,,0
Phase5_Tail-24-20261001-21:25:15-68,scalar,DectScheduledAccessNetwork.queue,full_type2_fraction,,,0
Phase5_Tail-24-20261001-21:25:15-68,scalar,DectScheduledAccessNetwork.queue,nonfull_state_fraction,,,1.0000000000003
Phase5_Tail-24-20261001-21:25:15-68,scalar,DectScheduledAccessNetwork.queue,saturated_full_state_fraction,,,0
Phase5_Tail-24-20261001-21:25:15-68,scalar,DectScheduledAccessNetwork.queue,full_type1_phase_0_fraction,,,0
Phase5_Tail-24-20261001-21:25:15-68,scalar,DectScheduledAccessNetwork.queue,full_type1_phase_1_fraction,,,0
Phase5_Tail-25-20261001-21:25:16-68,scalar,DectScheduledAccessNetwork.queue,D,,,10
Phase5_Tail-25-20261001-21:25:16-68,scalar,DectScheduledAccessNetwork.queue,r,,,30
Phase5_Tail-25-20261001-21:25:16-68,scalar,DectScheduledAccessNetwork.queue,L_effective,,,2
Phase5_Tail-25-20261001-21:25:16-68,scalar,DectScheduledAccessNetwork.queue,rho,,,0.067796610169
Phase5_Tail-25-20261001-21:25:16-68,scalar,DectScheduledAccessNetwork.queue,lambda_per_ms,,,0.16271186427543
Phase5_Tail-25-20261001-21:25:16-68,scalar,DectScheduledAccessNetwork.queue,lambda_sat_per_ms,,,0.20338983049469
Phase5_Tail-25-20261001-21:25:16-68,scalar,DectScheduledAccessNetwork.queue,rho_sat,,,0.084745762773916
Phase5_Tail-25-20261001-21:25:16-68,scalar,DectScheduledAccessNetwork.queue,load_factor_rho_over_rho_sat,,,0.79999999940844
Phase5_Tail-25-20261001-21:25:16-68,scalar,DectScheduledAccessNetwork.queue,mean_type1_service_ms,,,0.416666667
Phase5_Tail-25-20261001-21:25:16-68,scalar,DectScheduledAccessNetwork.queue,type2_service_ms,,,9
Phase5_Tail-25-20261001-21:25:16-68,scalar,DectScheduledAccessNetwork.queue,warmup_type1_completions,,,200000
Phase5_Tail-25-20261001-21:25:16-68,scalar,DectScheduledAccessNetwork.queue,measured_arrivals,,,1000002
Phase5_Tail-25-20261001-21:25:16-68,scalar,DectScheduledAccessNetwork.queue,measured_accepted_arrivals,,,1000002
Phase5_Tail-25-20261001-21:25:16-68,scalar,DectScheduledAccessNetwork.queue,measured_blocked_arrivals,,,0
Phase5_Tail-25-20261001-21:25:16-68,scalar,DectScheduledAccessNetwork.queue,measured_completed_packets,,,1000000
Phase5_Tail-25-20261001-21:25:16-68,scalar,DectScheduledAccessNetwork.queue,observation_time_s,,,6149.3843253923
Phase5_Tail-25-20261001-21:25:16-68,scalar,DectScheduledAccessNetwork.queue,blocking_probability,,,0
Phase5_Tail-25-20261001-21:25:16-68,scalar,DectScheduledAccessNetwork.queue,mean_type1_number,,,2.2427034732923
Phase5_Tail-25-20261001-21:25:16-68,scalar,DectScheduledAccessNetwork.queue,mean_delay_direct_ms,,,13.791154004088
Phase5_Tail-25-20261001-21:25:16-68,scalar,DectScheduledAccessNetwork.queue,delay_p50_ms,,,10.316928408
Phase5_Tail-25-20261001-21:25:16-68,scalar,DectScheduledAccessNetwork.queue,delay_p95_ms,,,36.4825784547
Phase5_Tail-25-20261001-21:25:16-68,scalar,DectScheduledAccessNetwork.queue,delay_p99_ms,,,54.83071161011
Phase5_Tail-25-20261001-21:25:16-68,scalar,DectScheduledAccessNetwork.queue,delay_p999_ms,,,82.8836355096
Phase5_Tail-25-20261001-21:25:16-68,scalar,DectScheduledAccessNetwork.queue,tail_sample_count,,,1000000
Phase5_Tail-25-20261001-21:25:16-68,scalar,DectScheduledAccessNetwork.queue,effective_throughput_departures_per_ms,,,0.16261790564476
Phase5_Tail-25-20261001-21:25:16-68,scalar,DectScheduledAccessNetwork.queue,effective_throughput_accepted_per_ms,,,0.16261823088057
Phase5_Tail-25-20261001-21:25:16-68,scalar,DectScheduledAccessNetwork.queue,mean_delay_little_ms,,,13.791245585166
Phase5_Tail-25-20261001-21:25:16-68,scalar,DectScheduledAccessNetwork.queue,little_vs_direct_relative_error,,,6.6405667373814e-06
Phase5_Tail-25-20261001-21:25:16-68,scalar,DectScheduledAccessNetwork.queue,type1_service_fraction,,,0.067796433485341
Phase5_Tail-25-20261001-21:25:16-68,scalar,DectScheduledAccessNetwork.queue,type2_service_fraction,,,0.93220356651496
Phase5_Tail-25-20261001-21:25:16-68,scalar,DectScheduledAccessNetwork.queue,full_type1_fraction,,,0
Phase5_Tail-25-20261001-21:25:16-68,scalar,DectScheduledAccessNetwork.queue,full_type2_fraction,,,0
Phase5_Tail-25-20261001-21:25:16-68,scalar,DectScheduledAccessNetwork.queue,nonfull_state_fraction,,,1.0000000000003
Phase5_Tail-25-20261001-21:25:16-68,scalar,DectScheduledAccessNetwork.queue,saturated_full_state_fraction,,,0
Phase5_Tail-25-20261001-21:25:16-68,scalar,DectScheduledAccessNetwork.queue,full_type1_phase_0_fraction,,,0
Phase5_Tail-25-20261001-21:25:16-68,scalar,DectScheduledAccessNetwork.queue,full_type1_phase_1_fraction,,,0
Phase5_Tail-26-20261001-21:25:16-68,scalar,DectScheduledAccessNetwork.queue,D,,,10
Phase5_Tail-26-20261001-21:25:16-68,scalar,DectScheduledAccessNetwork.queue,r,,,30
Phase5_Tail-26-20261001-21:25:16-68,scalar,DectScheduledAccessNetwork.queue,L_effective,,,2
Phase5_Tail-26-20261001-21:25:16-68,scalar,DectScheduledAccessNetwork.queue,rho,,,0.067796610169
Phase5_Tail-26-20261001-21:25:16-68,scalar,DectScheduledAccessNetwork.queue,lambda_per_ms,,,0.16271186427543
Phase5_Tail-26-20261001-21:25:16-68,scalar,DectScheduledAccessNetwork.queue,lambda_sat_per_ms,,,0.20338983049469
Phase5_Tail-26-20261001-21:25:16-68,scalar,DectScheduledAccessNetwork.queue,rho_sat,,,0.084745762773916
Phase5_Tail-26-20261001-21:25:16-68,scalar,DectScheduledAccessNetwork.queue,load_factor_rho_over_rho_sat,,,0.79999999940844
Phase5_Tail-26-20261001-21:25:16-68,scalar,DectScheduledAccessNetwork.queue,mean_type1_service_ms,,,0.416666667
Phase5_Tail-26-20261001-21:25:16-68,scalar,DectScheduledAccessNetwork.queue,type2_service_ms,,,9
Phase5_Tail-26-20261001-21:25:16-68,scalar,DectScheduledAccessNetwork.queue,warmup_type1_completions,,,200000
Phase5_Tail-26-20261001-21:25:16-68,scalar,DectScheduledAccessNetwork.queue,measured_arrivals,,,1000003
Phase5_Tail-26-20261001-21:25:16-68,scalar,DectScheduledAccessNetwork.queue,measured_accepted_arrivals,,,1000003
Phase5_Tail-26-20261001-21:25:16-68,scalar,DectScheduledAccessNetwork.queue,measured_blocked_arrivals,,,0
Phase5_Tail-26-20261001-21:25:16-68,scalar,DectScheduledAccessNetwork.queue,measured_completed_packets,,,1000000
Phase5_Tail-26-20261001-21:25:16-68,scalar,DectScheduledAccessNetwork.queue,observation_time_s,,,6145.4824755297
Phase5_Tail-26-20261001-21:25:16-68,scalar,DectScheduledAccessNetwork.queue,blocking_probability,,,0
Phase5_Tail-26-20261001-21:25:16-68,scalar,DectScheduledAccessNetwork.queue,mean_type1_number,,,2.2476826878547
Phase5_Tail-26-20261001-21:25:16-68,scalar,DectScheduledAccessNetwork.queue,mean_delay_direct_ms,,,13.813066527112
Phase5_Tail-26-20261001-21:25:16-68,scalar,DectScheduledAccessNetwork.queue,delay_p50_ms,,,10.2985094365
Phase5_Tail-26-20261001-21:25:16-68,scalar,DectScheduledAccessNetwork.queue,delay_p95_ms,,,36.8025401235
Phase5_Tail-26-20261001-21:25:16-68,scalar,DectScheduledAccessNetwork.queue,delay_p99_ms,,,54.43266227664
Phase5_Tail-26-20261001-21:25:16-68,scalar,DectScheduledAccessNetwork.queue,delay_p999_ms,,,78.53858802447
Phase5_Tail-26-20261001-21:25:16-68,scalar,DectScheduledAccessNetwork.queue,tail_sample_count,,,1000000
Phase5_Tail-26-20261001-21:25:16-68,scalar,DectScheduledAccessNetwork.queue,effective_throughput_departures_per_ms,,,0.16272115395037
Phase5_Tail-26-20261001-21:25:16-68,scalar,DectScheduledAccessNetwork.queue,effective_throughput_accepted_per_ms,,,0.16272164211384
Phase5_Tail-26-20261001-21:25:16-68,scalar,DectScheduledAccessNetwork.queue,mean_delay_little_ms,,,13.813094568763
Phase5_Tail-26-20261001-21:25:16-68,scalar,DectScheduledAccessNetwork.queue,little_vs_direct_relative_error,,,2.030081489357e-06
Phase5_Tail-26-20261001-21:25:16-68,scalar,DectScheduledAccessNetwork.queue,type1_service_fraction,,,0.067847476124122
Phase5_Tail-26-20261001-21:25:16-68,scalar,DectScheduledAccessNetwork.queue,type2_service_fraction,,,0.93215252387618
Phase5_Tail-26-20261001-21:25:16-68,scalar,DectScheduledAccessNetwork.queue,full_type1_fraction,,,0
Phase5_Tail-26-20261001-21:25:16-68,scalar,DectScheduledAccessNetwork.queue,full_type2_fraction,,,0
Phase5_Tail-26-20261001-21:25:16-68,scalar,DectScheduledAccessNetwork.queue,nonfull_state_fraction,,,1.0000000000003
Phase5_Tail-26-20261001-21:25:16-68,scalar,DectScheduledAccessNetwork.queue,saturated_full_state_fraction,,,0
Phase5_Tail-26-20261001-21:25:16-68,scalar,DectScheduledAccessNetwork.queue,full_type1_phase_0_fraction,,,0
Phase5_Tail-26-20261001-21:25:16-68,scalar,DectScheduledAccessNetwork.queue,full_type1_phase_1_fraction,,,0
Phase5_Tail-27-20261001-21:25:16-68,scalar,DectScheduledAccessNetwork.queue,D,,,10
Phase5_Tail-27-20261001-21:25:16-68,scalar,DectScheduledAccessNetwork.queue,r,,,30
Phase5_Tail-27-20261001-21:25:16-68,scalar,DectScheduledAccessNetwork.queue,L_effective,,,2
Phase5_Tail-27-20261001-21:25:16-68,scalar,DectScheduledAccessNetwork.queue,rho,,,0.067796610169
Phase5_Tail-27-20261001-21:25:16-68,scalar,DectScheduledAccessNetwork.queue,lambda_per_ms,,,0.16271186427543
Phase5_Tail-27-20261001-21:25:16-68,scalar,DectScheduledAccessNetwork.queue,lambda_sat_per_ms,,,0.20338983049469
Phase5_Tail-27-20261001-21:25:16-68,scalar,DectScheduledAccessNetwork.queue,rho_sat,,,0.084745762773916
Phase5_Tail-27-20261001-21:25:16-68,scalar,DectScheduledAccessNetwork.queue,load_factor_rho_over_rho_sat,,,0.79999999940844
Phase5_Tail-27-20261001-21:25:16-68,scalar,DectScheduledAccessNetwork.queue,mean_type1_service_ms,,,0.416666667
Phase5_Tail-27-20261001-21:25:16-68,scalar,DectScheduledAccessNetwork.queue,type2_service_ms,,,9
Phase5_Tail-27-20261001-21:25:16-68,scalar,DectScheduledAccessNetwork.queue,warmup_type1_completions,,,200000
Phase5_Tail-27-20261001-21:25:16-68,scalar,DectScheduledAccessNetwork.queue,measured_arrivals,,,1000001
Phase5_Tail-27-20261001-21:25:16-68,scalar,DectScheduledAccessNetwork.queue,measured_accepted_arrivals,,,1000001
Phase5_Tail-27-20261001-21:25:16-68,scalar,DectScheduledAccessNetwork.queue,measured_blocked_arrivals,,,0
Phase5_Tail-27-20261001-21:25:16-68,scalar,DectScheduledAccessNetwork.queue,measured_completed_packets,,,1000000
Phase5_Tail-27-20261001-21:25:16-68,scalar,DectScheduledAccessNetwork.queue,observation_time_s,,,6144.9507160508
Phase5_Tail-27-20261001-21:25:16-68,scalar,DectScheduledAccessNetwork.queue,blocking_probability,,,0
Phase5_Tail-27-20261001-21:25:16-68,scalar,DectScheduledAccessNetwork.queue,mean_type1_number,,,2.2524757803248
Phase5_Tail-27-20261001-21:25:16-68,scalar,DectScheduledAccessNetwork.queue,mean_delay_direct_ms,,,13.841311289418
Phase5_Tail-27-20261001-21:25:16-68,scalar,DectScheduledAccessNetwork.queue,delay_p50_ms,,,10.3391106365
Phase5_Tail-27-20261001-21:25:16-68,scalar,DectScheduledAccessNetwork.queue,delay_p95_ms,,,36.7286807223
Phase5_Tail-27-20261001-21:25:16-68,scalar,DectScheduledAccessNetwork.queue,delay_p99_ms,,,55.18048413706
Phase5_Tail-27-20261001-21:25:16-68,scalar,DectScheduledAccessNetwork.queue,delay_p999_ms,,,83.497083766774
Phase5_Tail-27-20261001-21:25:16-68,scalar,DectScheduledAccessNetwork.queue,tail_sample_count,,,1000000
Phase5_Tail-27-20261001-21:25:16-68,scalar,DectScheduledAccessNetwork.queue,effective_throughput_departures_per_ms,,,0.16273523518878
Phase5_Tail-27-20261001-21:25:16-68,scalar,DectScheduledAccessNetwork.queue,effective_throughput_accepted_per_ms,,,0.16273539792402
Phase5_Tail-27-20261001-21:25:16-68,scalar,DectScheduledAccessNetwork.queue,mean_delay_little_ms,,,13.841352659194
Phase5_Tail-27-20261001-21:25:16-68,scalar,DectScheduledAccessNetwork.queue,little_vs_direct_relative_error,,,2.9888625063812e-06
Phase5_Tail-27-20261001-21:25:16-68,scalar,DectScheduledAccessNetwork.queue,type1_service_fraction,,,0.067763882135487
Phase5_Tail-27-20261001-21:25:16-68,scalar,DectScheduledAccessNetwork.queue,type2_service_fraction,,,0.93223611786485
Phase5_Tail-27-20261001-21:25:16-68,scalar,DectScheduledAccessNetwork.queue,full_type1_fraction,,,0
Phase5_Tail-27-20261001-21:25:16-68,scalar,DectScheduledAccessNetwork.queue,full_type2_fraction,,,0
Phase5_Tail-27-20261001-21:25:16-68,scalar,DectScheduledAccessNetwork.queue,nonfull_state_fraction,,,1.0000000000004
Phase5_Tail-27-20261001-21:25:16-68,scalar,DectScheduledAccessNetwork.queue,saturated_full_state_fraction,,,0
Phase5_Tail-27-20261001-21:25:16-68,scalar,DectScheduledAccessNetwork.queue,full_type1_phase_0_fraction,,,0
Phase5_Tail-27-20261001-21:25:16-68,scalar,DectScheduledAccessNetwork.queue,full_type1_phase_1_fraction,,,0
Phase5_Tail-28-20261001-21:25:17-68,scalar,DectScheduledAccessNetwork.queue,D,,,10
Phase5_Tail-28-20261001-21:25:17-68,scalar,DectScheduledAccessNetwork.queue,r,,,30
Phase5_Tail-28-20261001-21:25:17-68,scalar,DectScheduledAccessNetwork.queue,L_effective,,,2
Phase5_Tail-28-20261001-21:25:17-68,scalar,DectScheduledAccessNetwork.queue,rho,,,0.067796610169
Phase5_Tail-28-20261001-21:25:17-68,scalar,DectScheduledAccessNetwork.queue,lambda_per_ms,,,0.16271186427543
Phase5_Tail-28-20261001-21:25:17-68,scalar,DectScheduledAccessNetwork.queue,lambda_sat_per_ms,,,0.20338983049469
Phase5_Tail-28-20261001-21:25:17-68,scalar,DectScheduledAccessNetwork.queue,rho_sat,,,0.084745762773916
Phase5_Tail-28-20261001-21:25:17-68,scalar,DectScheduledAccessNetwork.queue,load_factor_rho_over_rho_sat,,,0.79999999940844
Phase5_Tail-28-20261001-21:25:17-68,scalar,DectScheduledAccessNetwork.queue,mean_type1_service_ms,,,0.416666667
Phase5_Tail-28-20261001-21:25:17-68,scalar,DectScheduledAccessNetwork.queue,type2_service_ms,,,9
Phase5_Tail-28-20261001-21:25:17-68,scalar,DectScheduledAccessNetwork.queue,warmup_type1_completions,,,200000
Phase5_Tail-28-20261001-21:25:17-68,scalar,DectScheduledAccessNetwork.queue,measured_arrivals,,,1000001
Phase5_Tail-28-20261001-21:25:17-68,scalar,DectScheduledAccessNetwork.queue,measured_accepted_arrivals,,,1000000
Phase5_Tail-28-20261001-21:25:17-68,scalar,DectScheduledAccessNetwork.queue,measured_blocked_arrivals,,,1
Phase5_Tail-28-20261001-21:25:17-68,scalar,DectScheduledAccessNetwork.queue,measured_completed_packets,,,1000000
Phase5_Tail-28-20261001-21:25:17-68,scalar,DectScheduledAccessNetwork.queue,observation_time_s,,,6147.4869644981
Phase5_Tail-28-20261001-21:25:17-68,scalar,DectScheduledAccessNetwork.queue,blocking_probability,,,9.99999000001e-07
Phase5_Tail-28-20261001-21:25:17-68,scalar,DectScheduledAccessNetwork.queue,mean_type1_number,,,2.2569251899034
Phase5_Tail-28-20261001-21:25:17-68,scalar,DectScheduledAccessNetwork.queue,mean_delay_direct_ms,,,13.874397718426
Phase5_Tail-28-20261001-21:25:17-68,scalar,DectScheduledAccessNetwork.queue,delay_p50_ms,,,10.30179247
Phase5_Tail-28-20261001-21:25:17-68,scalar,DectScheduledAccessNetwork.queue,delay_p95_ms,,,37.104982142
Phase5_Tail-28-20261001-21:25:17-68,scalar,DectScheduledAccessNetwork.queue,delay_p99_ms,,,55.33419496297
Phase5_Tail-28-20261001-21:25:17-68,scalar,DectScheduledAccessNetwork.queue,delay_p999_ms,,,82.000427272495
Phase5_Tail-28-20261001-21:25:17-68,scalar,DectScheduledAccessNetwork.queue,tail_sample_count,,,1000000
Phase5_Tail-28-20261001-21:25:17-68,scalar,DectScheduledAccessNetwork.queue,effective_throughput_departures_per_ms,,,0.16266809604884
Phase5_Tail-28-20261001-21:25:17-68,scalar,DectScheduledAccessNetwork.queue,effective_throughput_accepted_per_ms,,,0.16266809604884
Phase5_Tail-28-20261001-21:25:17-68,scalar,DectScheduledAccessNetwork.queue,mean_delay_little_ms,,,13.874418184779
Phase5_Tail-28-20261001-21:25:17-68,scalar,DectScheduledAccessNetwork.queue,little_vs_direct_relative_error,,,1.4751164645332e-06
Phase5_Tail-28-20261001-21:25:17-68,scalar,DectScheduledAccessNetwork.queue,type1_service_fraction,,,0.067737104104967
Phase5_Tail-28-20261001-21:25:17-68,scalar,DectScheduledAccessNetwork.queue,type2_service_fraction,,,0.93226289589537
Phase5_Tail-28-20261001-21:25:17-68,scalar,DectScheduledAccessNetwork.queue,full_type1_fraction,,,0
Phase5_Tail-28-20261001-21:25:17-68,scalar,DectScheduledAccessNetwork.queue,full_type2_fraction,,,8.133095461404e-07
Phase5_Tail-28-20261001-21:25:17-68,scalar,DectScheduledAccessNetwork.queue,nonfull_state_fraction,,,0.9999991866908
Phase5_Tail-28-20261001-21:25:17-68,scalar,DectScheduledAccessNetwork.queue,saturated_full_state_fraction,,,8.133095461404e-07
Phase5_Tail-28-20261001-21:25:17-68,scalar,DectScheduledAccessNetwork.queue,full_type1_phase_0_fraction,,,0
Phase5_Tail-28-20261001-21:25:17-68,scalar,DectScheduledAccessNetwork.queue,full_type1_phase_1_fraction,,,0
Phase5_Tail-29-20261001-21:25:17-68,scalar,DectScheduledAccessNetwork.queue,D,,,10
Phase5_Tail-29-20261001-21:25:17-68,scalar,DectScheduledAccessNetwork.queue,r,,,30
Phase5_Tail-29-20261001-21:25:17-68,scalar,DectScheduledAccessNetwork.queue,L_effective,,,2
Phase5_Tail-29-20261001-21:25:17-68,scalar,DectScheduledAccessNetwork.queue,rho,,,0.067796610169
Phase5_Tail-29-20261001-21:25:17-68,scalar,DectScheduledAccessNetwork.queue,lambda_per_ms,,,0.16271186427543
Phase5_Tail-29-20261001-21:25:17-68,scalar,DectScheduledAccessNetwork.queue,lambda_sat_per_ms,,,0.20338983049469
Phase5_Tail-29-20261001-21:25:17-68,scalar,DectScheduledAccessNetwork.queue,rho_sat,,,0.084745762773916
Phase5_Tail-29-20261001-21:25:17-68,scalar,DectScheduledAccessNetwork.queue,load_factor_rho_over_rho_sat,,,0.79999999940844
Phase5_Tail-29-20261001-21:25:17-68,scalar,DectScheduledAccessNetwork.queue,mean_type1_service_ms,,,0.416666667
Phase5_Tail-29-20261001-21:25:17-68,scalar,DectScheduledAccessNetwork.queue,type2_service_ms,,,9
Phase5_Tail-29-20261001-21:25:17-68,scalar,DectScheduledAccessNetwork.queue,warmup_type1_completions,,,200000
Phase5_Tail-29-20261001-21:25:17-68,scalar,DectScheduledAccessNetwork.queue,measured_arrivals,,,1000003
Phase5_Tail-29-20261001-21:25:17-68,scalar,DectScheduledAccessNetwork.queue,measured_accepted_arrivals,,,1000003
Phase5_Tail-29-20261001-21:25:17-68,scalar,DectScheduledAccessNetwork.queue,measured_blocked_arrivals,,,0
Phase5_Tail-29-20261001-21:25:17-68,scalar,DectScheduledAccessNetwork.queue,measured_completed_packets,,,1000000
Phase5_Tail-29-20261001-21:25:17-68,scalar,DectScheduledAccessNetwork.queue,observation_time_s,,,6148.8354982575
Phase5_Tail-29-20261001-21:25:17-68,scalar,DectScheduledAccessNetwork.queue,blocking_probability,,,0
Phase5_Tail-29-20261001-21:25:17-68,scalar,DectScheduledAccessNetwork.queue,mean_type1_number,,,2.2503982903207
Phase5_Tail-29-20261001-21:25:17-68,scalar,DectScheduledAccessNetwork.queue,mean_delay_direct_ms,,,13.837288684825
Phase5_Tail-29-20261001-21:25:17-68,scalar,DectScheduledAccessNetwork.queue,delay_p50_ms,,,10.329738768
Phase5_Tail-29-20261001-21:25:17-68,scalar,DectScheduledAccessNetwork.queue,delay_p95_ms,,,36.847181584
Phase5_Tail-29-20261001-21:25:17-68,scalar,DectScheduledAccessNetwork.queue,delay_p99_ms,,,55.07031645107
Phase5_Tail-29-20261001-21:25:17-68,scalar,DectScheduledAccessNetwork.queue,delay_p999_ms,,,78.749351545233
Phase5_Tail-29-20261001-21:25:17-68,scalar,DectScheduledAccessNetwork.queue,tail_sample_count,,,1000000
Phase5_Tail-29-20261001-21:25:17-68,scalar,DectScheduledAccessNetwork.queue,effective_throughput_departures_per_ms,,,0.16263242044504
Phase5_Tail-29-20261001-21:25:17-68,scalar,DectScheduledAccessNetwork.queue,effective_throughput_accepted_per_ms,,,0.1626329083423
Phase5_Tail-29-20261001-21:25:17-68,scalar,DectScheduledAccessNetwork.queue,mean_delay_little_ms,,,13.837328892742
Phase5_Tail-29-20261001-21:25:17-68,scalar,DectScheduledAccessNetwork.queue,little_vs_direct_relative_error,,,2.9057655539511e-06
Phase5_Tail-29-20261001-21:25:17-68,scalar,DectScheduledAccessNetwork.queue,type1_service_fraction,,,0.067786412301256
Phase5_Tail-29-20261001-21:25:17-68,scalar,DectScheduledAccessNetwork.queue,type2_service_fraction,,,0.93221358769912
Phase5_Tail-29-20261001-21:25:17-68,scalar,DectScheduledAccessNetwork.queue,full_type1_fraction,,,0
Phase5_Tail-29-20261001-21:25:17-68,scalar,DectScheduledAccessNetwork.queue,full_type2_fraction,,,0
Phase5_Tail-29-20261001-21:25:17-68,scalar,DectScheduledAccessNetwork.queue,nonfull_state_fraction,,,1.0000000000004
Phase5_Tail-29-20261001-21:25:17-68,scalar,DectScheduledAccessNetwork.queue,saturated_full_state_fraction,,,0
Phase5_Tail-29-20261001-21:25:17-68,scalar,DectScheduledAccessNetwork.queue,full_type1_phase_0_fraction,,,0
Phase5_Tail-29-20261001-21:25:17-68,scalar,DectScheduledAccessNetwork.queue,full_type1_phase_1_fraction,,,0
Phase5_Tail-30-20261001-21:25:17-68,scalar,DectScheduledAccessNetwork.queue,D,,,10
Phase5_Tail-30-20261001-21:25:17-68,scalar,DectScheduledAccessNetwork.queue,r,,,30
Phase5_Tail-30-20261001-21:25:17-68,scalar,DectScheduledAccessNetwork.queue,L_effective,,,2
Phase5_Tail-30-20261001-21:25:17-68,scalar,DectScheduledAccessNetwork.queue,rho,,,0.076271186441
Phase5_Tail-30-20261001-21:25:17-68,scalar,DectScheduledAccessNetwork.queue,lambda_per_ms,,,0.18305084731196
Phase5_Tail-30-20261001-21:25:17-68,scalar,DectScheduledAccessNetwork.queue,lambda_sat_per_ms,,,0.20338983049469
Phase5_Tail-30-20261001-21:25:17-68,scalar,DectScheduledAccessNetwork.queue,rho_sat,,,0.084745762773916
Phase5_Tail-30-20261001-21:25:17-68,scalar,DectScheduledAccessNetwork.queue,load_factor_rho_over_rho_sat,,,0.89999999934482
Phase5_Tail-30-20261001-21:25:17-68,scalar,DectScheduledAccessNetwork.queue,mean_type1_service_ms,,,0.416666667
Phase5_Tail-30-20261001-21:25:17-68,scalar,DectScheduledAccessNetwork.queue,type2_service_ms,,,9
Phase5_Tail-30-20261001-21:25:17-68,scalar,DectScheduledAccessNetwork.queue,warmup_type1_completions,,,200000
Phase5_Tail-30-20261001-21:25:17-68,scalar,DectScheduledAccessNetwork.queue,measured_arrivals,,,1000229
Phase5_Tail-30-20261001-21:25:17-68,scalar,DectScheduledAccessNetwork.queue,measured_accepted_arrivals,,,1000005
Phase5_Tail-30-20261001-21:25:17-68,scalar,DectScheduledAccessNetwork.queue,measured_blocked_arrivals,,,224
Phase5_Tail-30-20261001-21:25:17-68,scalar,DectScheduledAccessNetwork.queue,measured_completed_packets,,,1000000
Phase5_Tail-30-20261001-21:25:17-68,scalar,DectScheduledAccessNetwork.queue,observation_time_s,,,5470.2582729333
Phase5_Tail-30-20261001-21:25:17-68,scalar,DectScheduledAccessNetwork.queue,blocking_probability,,,0.00022394871574409
Phase5_Tail-30-20261001-21:25:17-68,scalar,DectScheduledAccessNetwork.queue,mean_type1_number,,,4.679185355691
Phase5_Tail-30-20261001-21:25:17-68,scalar,DectScheduledAccessNetwork.queue,mean_delay_direct_ms,,,25.596222945911
Phase5_Tail-30-20261001-21:25:17-68,scalar,DectScheduledAccessNetwork.queue,delay_p50_ms,,,18.67280502
Phase5_Tail-30-20261001-21:25:17-68,scalar,DectScheduledAccessNetwork.queue,delay_p95_ms,,,72.07173026085
Phase5_Tail-30-20261001-21:25:17-68,scalar,DectScheduledAccessNetwork.queue,delay_p99_ms,,,104.23693929526
Phase5_Tail-30-20261001-21:25:17-68,scalar,DectScheduledAccessNetwork.queue,delay_p999_ms,,,137.81834905314
Phase5_Tail-30-20261001-21:25:17-68,scalar,DectScheduledAccessNetwork.queue,tail_sample_count,,,1000000
Phase5_Tail-30-20261001-21:25:17-68,scalar,DectScheduledAccessNetwork.queue,effective_throughput_departures_per_ms,,,0.18280672504038
Phase5_Tail-30-20261001-21:25:17-68,scalar,DectScheduledAccessNetwork.queue,effective_throughput_accepted_per_ms,,,0.18280763907401
Phase5_Tail-30-20261001-21:25:17-68,scalar,DectScheduledAccessNetwork.queue,mean_delay_little_ms,,,25.596352402557
Phase5_Tail-30-20261001-21:25:17-68,scalar,DectScheduledAccessNetwork.queue,little_vs_direct_relative_error,,,5.0576464216689e-06
Phase5_Tail-30-20261001-21:25:17-68,scalar,DectScheduledAccessNetwork.queue,type1_service_fraction,,,0.076177988705793
Phase5_Tail-30-20261001-21:25:17-68,scalar,DectScheduledAccessNetwork.queue,type2_service_fraction,,,0.92382201129445
Phase5_Tail-30-20261001-21:25:17-68,scalar,DectScheduledAccessNetwork.queue,full_type1_fraction,,,3.7005937677866e-06
Phase5_Tail-30-20261001-21:25:17-68,scalar,DectScheduledAccessNetwork.queue,full_type2_fraction,,,0.00019763187692019
Phase5_Tail-30-20261001-21:25:17-68,scalar,DectScheduledAccessNetwork.queue,nonfull_state_fraction,,,0.99979866752956
Phase5_Tail-30-20261001-21:25:17-68,scalar,DectScheduledAccessNetwork.queue,saturated_full_state_fraction,,,0.00020133247068798
Phase5_Tail-30-20261001-21:25:17-68,scalar,DectScheduledAccessNetwork.queue,full_type1_phase_0_fraction,,,3.4126892811205e-06
Phase5_Tail-30-20261001-21:25:17-68,scalar,DectScheduledAccessNetwork.queue,full_type1_phase_1_fraction,,,2.8790448666613e-07
Phase5_Tail-31-20261001-21:25:18-68,scalar,DectScheduledAccessNetwork.queue,D,,,10
Phase5_Tail-31-20261001-21:25:18-68,scalar,DectScheduledAccessNetwork.queue,r,,,30
Phase5_Tail-31-20261001-21:25:18-68,scalar,DectScheduledAccessNetwork.queue,L_effective,,,2
Phase5_Tail-31-20261001-21:25:18-68,scalar,DectScheduledAccessNetwork.queue,rho,,,0.076271186441
Phase5_Tail-31-20261001-21:25:18-68,scalar,DectScheduledAccessNetwork.queue,lambda_per_ms,,,0.18305084731196
Phase5_Tail-31-20261001-21:25:18-68,scalar,DectScheduledAccessNetwork.queue,lambda_sat_per_ms,,,0.20338983049469
Phase5_Tail-31-20261001-21:25:18-68,scalar,DectScheduledAccessNetwork.queue,rho_sat,,,0.084745762773916
Phase5_Tail-31-20261001-21:25:18-68,scalar,DectScheduledAccessNetwork.queue,load_factor_rho_over_rho_sat,,,0.89999999934482
Phase5_Tail-31-20261001-21:25:18-68,scalar,DectScheduledAccessNetwork.queue,mean_type1_service_ms,,,0.416666667
Phase5_Tail-31-20261001-21:25:18-68,scalar,DectScheduledAccessNetwork.queue,type2_service_ms,,,9
Phase5_Tail-31-20261001-21:25:18-68,scalar,DectScheduledAccessNetwork.queue,warmup_type1_completions,,,200000
Phase5_Tail-31-20261001-21:25:18-68,scalar,DectScheduledAccessNetwork.queue,measured_arrivals,,,1000250
Phase5_Tail-31-20261001-21:25:18-68,scalar,DectScheduledAccessNetwork.queue,measured_accepted_arrivals,,,1000000
Phase5_Tail-31-20261001-21:25:18-68,scalar,DectScheduledAccessNetwork.queue,measured_blocked_arrivals,,,250
Phase5_Tail-31-20261001-21:25:18-68,scalar,DectScheduledAccessNetwork.queue,measured_completed_packets,,,1000000
Phase5_Tail-31-20261001-21:25:18-68,scalar,DectScheduledAccessNetwork.queue,observation_time_s,,,5467.4899228763
Phase5_Tail-31-20261001-21:25:18-68,scalar,DectScheduledAccessNetwork.queue,blocking_probability,,,0.00024993751562109
Phase5_Tail-31-20261001-21:25:18-68,scalar,DectScheduledAccessNetwork.queue,mean_type1_number,,,4.6733883359701
Phase5_Tail-31-20261001-21:25:18-68,scalar,DectScheduledAccessNetwork.queue,mean_delay_direct_ms,,,25.55170363263
Phase5_Tail-31-20261001-21:25:18-68,scalar,DectScheduledAccessNetwork.queue,delay_p50_ms,,,18.7240872505
Phase5_Tail-31-20261001-21:25:18-68,scalar,DectScheduledAccessNetwork.queue,delay_p95_ms,,,71.5495253536
Phase5_Tail-31-20261001-21:25:18-68,scalar,DectScheduledAccessNetwork.queue,delay_p99_ms,,,105.45127830065
Phase5_Tail-31-20261001-21:25:18-68,scalar,DectScheduledAccessNetwork.queue,delay_p999_ms,,,138.05259810044
Phase5_Tail-31-20261001-21:25:18-68,scalar,DectScheduledAccessNetwork.queue,tail_sample_count,,,1000000
Phase5_Tail-31-20261001-21:25:18-68,scalar,DectScheduledAccessNetwork.queue,effective_throughput_departures_per_ms,,,0.18289928543186
Phase5_Tail-31-20261001-21:25:18-68,scalar,DectScheduledAccessNetwork.queue,effective_throughput_accepted_per_ms,,,0.18289928543186
Phase5_Tail-31-20261001-21:25:18-68,scalar,DectScheduledAccessNetwork.queue,mean_delay_little_ms,,,25.551703632604
Phase5_Tail-31-20261001-21:25:18-68,scalar,DectScheduledAccessNetwork.queue,little_vs_direct_relative_error,,,9.8876462573116e-13
Phase5_Tail-31-20261001-21:25:18-68,scalar,DectScheduledAccessNetwork.queue,type1_service_fraction,,,0.076246857105688
Phase5_Tail-31-20261001-21:25:18-68,scalar,DectScheduledAccessNetwork.queue,type2_service_fraction,,,0.92375314289455
Phase5_Tail-31-20261001-21:25:18-68,scalar,DectScheduledAccessNetwork.queue,full_type1_fraction,,,2.3556311458594e-06
Phase5_Tail-31-20261001-21:25:18-68,scalar,DectScheduledAccessNetwork.queue,full_type2_fraction,,,0.00023018019745959
Phase5_Tail-31-20261001-21:25:18-68,scalar,DectScheduledAccessNetwork.queue,nonfull_state_fraction,,,0.99976746417162
Phase5_Tail-31-20261001-21:25:18-68,scalar,DectScheduledAccessNetwork.queue,saturated_full_state_fraction,,,0.00023253582860545
Phase5_Tail-31-20261001-21:25:18-68,scalar,DectScheduledAccessNetwork.queue,full_type1_phase_0_fraction,,,2.0141125293939e-06
Phase5_Tail-31-20261001-21:25:18-68,scalar,DectScheduledAccessNetwork.queue,full_type1_phase_1_fraction,,,3.4151861646554e-07
Phase5_Tail-32-20261001-21:25:18-68,scalar,DectScheduledAccessNetwork.queue,D,,,10
Phase5_Tail-32-20261001-21:25:18-68,scalar,DectScheduledAccessNetwork.queue,r,,,30
Phase5_Tail-32-20261001-21:25:18-68,scalar,DectScheduledAccessNetwork.queue,L_effective,,,2
Phase5_Tail-32-20261001-21:25:18-68,scalar,DectScheduledAccessNetwork.queue,rho,,,0.076271186441
Phase5_Tail-32-20261001-21:25:18-68,scalar,DectScheduledAccessNetwork.queue,lambda_per_ms,,,0.18305084731196
Phase5_Tail-32-20261001-21:25:18-68,scalar,DectScheduledAccessNetwork.queue,lambda_sat_per_ms,,,0.20338983049469
Phase5_Tail-32-20261001-21:25:18-68,scalar,DectScheduledAccessNetwork.queue,rho_sat,,,0.084745762773916
Phase5_Tail-32-20261001-21:25:18-68,scalar,DectScheduledAccessNetwork.queue,load_factor_rho_over_rho_sat,,,0.89999999934482
Phase5_Tail-32-20261001-21:25:18-68,scalar,DectScheduledAccessNetwork.queue,mean_type1_service_ms,,,0.416666667
Phase5_Tail-32-20261001-21:25:18-68,scalar,DectScheduledAccessNetwork.queue,type2_service_ms,,,9
Phase5_Tail-32-20261001-21:25:18-68,scalar,DectScheduledAccessNetwork.queue,warmup_type1_completions,,,200000
Phase5_Tail-32-20261001-21:25:18-68,scalar,DectScheduledAccessNetwork.queue,measured_arrivals,,,1000279
Phase5_Tail-32-20261001-21:25:18-68,scalar,DectScheduledAccessNetwork.queue,measured_accepted_arrivals,,,1000002
Phase5_Tail-32-20261001-21:25:18-68,scalar,DectScheduledAccessNetwork.queue,measured_blocked_arrivals,,,277
Phase5_Tail-32-20261001-21:25:18-68,scalar,DectScheduledAccessNetwork.queue,measured_completed_packets,,,1000000
Phase5_Tail-32-20261001-21:25:18-68,scalar,DectScheduledAccessNetwork.queue,observation_time_s,,,5463.247435702
Phase5_Tail-32-20261001-21:25:18-68,scalar,DectScheduledAccessNetwork.queue,blocking_probability,,,0.00027692273855594
Phase5_Tail-32-20261001-21:25:18-68,scalar,DectScheduledAccessNetwork.queue,mean_type1_number,,,4.7058778576335
Phase5_Tail-32-20261001-21:25:18-68,scalar,DectScheduledAccessNetwork.queue,mean_delay_direct_ms,,,25.709285121545
Phase5_Tail-32-20261001-21:25:18-68,scalar,DectScheduledAccessNetwork.queue,delay_p50_ms,,,18.879546974
Phase5_Tail-32-20261001-21:25:18-68,scalar,DectScheduledAccessNetwork.queue,delay_p95_ms,,,71.7361621584
Phase5_Tail-32-20261001-21:25:18-68,scalar,DectScheduledAccessNetwork.queue,delay_p99_ms,,,108.25653432591
Phase5_Tail-32-20261001-21:25:18-68,scalar,DectScheduledAccessNetwork.queue,delay_p999_ms,,,139.27505547376
Phase5_Tail-32-20261001-21:25:18-68,scalar,DectScheduledAccessNetwork.queue,tail_sample_count,,,1000000
Phase5_Tail-32-20261001-21:25:18-68,scalar,DectScheduledAccessNetwork.queue,effective_throughput_departures_per_ms,,,0.18304131595158
Phase5_Tail-32-20261001-21:25:18-68,scalar,DectScheduledAccessNetwork.queue,effective_throughput_accepted_per_ms,,,0.18304168203422
Phase5_Tail-32-20261001-21:25:18-68,scalar,DectScheduledAccessNetwork.queue,mean_delay_little_ms,,,25.709375138443
Phase5_Tail-32-20261001-21:25:18-68,scalar,DectScheduledAccessNetwork.queue,little_vs_direct_relative_error,,,3.5013380210724e-06
Phase5_Tail-32-20261001-21:25:18-68,scalar,DectScheduledAccessNetwork.queue,type1_service_fraction,,,0.076211528143692
Phase5_Tail-32-20261001-21:25:18-68,scalar,DectScheduledAccessNetwork.queue,type2_service_fraction,,,0.92378847185658
Phase5_Tail-32-20261001-21:25:18-68,scalar,DectScheduledAccessNetwork.queue,full_type1_fraction,,,1.9090993131377e-06
Phase5_Tail-32-20261001-21:25:18-68,scalar,DectScheduledAccessNetwork.queue,full_type2_fraction,,,0.00026800270318488
Phase5_Tail-32-20261001-21:25:18-68,scalar,DectScheduledAccessNetwork.queue,nonfull_state_fraction,,,0.9997300881978
Phase5_Tail-32-20261001-21:25:18-68,scalar,DectScheduledAccessNetwork.queue,saturated_full_state_fraction,,,0.00026991180249802
Phase5_Tail-32-20261001-21:25:18-68,scalar,DectScheduledAccessNetwork.queue,full_type1_phase_0_fraction,,,1.6939130198504e-06
Phase5_Tail-32-20261001-21:25:18-68,scalar,DectScheduledAccessNetwork.queue,full_type1_phase_1_fraction,,,2.1518629328729e-07
Phase5_Tail-33-20261001-21:25:18-68,scalar,DectScheduledAccessNetwork.queue,D,,,10
Phase5_Tail-33-20261001-21:25:18-68,scalar,DectScheduledAccessNetwork.queue,r,,,30
Phase5_Tail-33-20261001-21:25:18-68,scalar,DectScheduledAccessNetwork.queue,L_effective,,,2
Phase5_Tail-33-20261001-21:25:18-68,scalar,DectScheduledAccessNetwork.queue,rho,,,0.076271186441
Phase5_Tail-33-20261001-21:25:18-68,scalar,DectScheduledAccessNetwork.queue,lambda_per_ms,,,0.18305084731196
Phase5_Tail-33-20261001-21:25:18-68,scalar,DectScheduledAccessNetwork.queue,lambda_sat_per_ms,,,0.20338983049469
Phase5_Tail-33-20261001-21:25:18-68,scalar,DectScheduledAccessNetwork.queue,rho_sat,,,0.084745762773916
Phase5_Tail-33-20261001-21:25:18-68,scalar,DectScheduledAccessNetwork.queue,load_factor_rho_over_rho_sat,,,0.89999999934482
Phase5_Tail-33-20261001-21:25:18-68,scalar,DectScheduledAccessNetwork.queue,mean_type1_service_ms,,,0.416666667
Phase5_Tail-33-20261001-21:25:18-68,scalar,DectScheduledAccessNetwork.queue,type2_service_ms,,,9
Phase5_Tail-33-20261001-21:25:18-68,scalar,DectScheduledAccessNetwork.queue,warmup_type1_completions,,,200000
Phase5_Tail-33-20261001-21:25:18-68,scalar,DectScheduledAccessNetwork.queue,measured_arrivals,,,1000195
Phase5_Tail-33-20261001-21:25:18-68,scalar,DectScheduledAccessNetwork.queue,measured_accepted_arrivals,,,1000001
Phase5_Tail-33-20261001-21:25:18-68,scalar,DectScheduledAccessNetwork.queue,measured_blocked_arrivals,,,194
Phase5_Tail-33-20261001-21:25:18-68,scalar,DectScheduledAccessNetwork.queue,measured_completed_packets,,,1000000
Phase5_Tail-33-20261001-21:25:18-68,scalar,DectScheduledAccessNetwork.queue,observation_time_s,,,5470.4168212161
Phase5_Tail-33-20261001-21:25:18-68,scalar,DectScheduledAccessNetwork.queue,blocking_probability,,,0.00019396217737541
Phase5_Tail-33-20261001-21:25:18-68,scalar,DectScheduledAccessNetwork.queue,mean_type1_number,,,4.6477419898949
Phase5_Tail-33-20261001-21:25:18-68,scalar,DectScheduledAccessNetwork.queue,mean_delay_direct_ms,,,25.425075952042
Phase5_Tail-33-20261001-21:25:18-68,scalar,DectScheduledAccessNetwork.queue,delay_p50_ms,,,18.5525727595
Phase5_Tail-33-20261001-21:25:18-68,scalar,DectScheduledAccessNetwork.queue,delay_p95_ms,,,71.4489340479
Phase5_Tail-33-20261001-21:25:18-68,scalar,DectScheduledAccessNetwork.queue,delay_p99_ms,,,105.32880163231
Phase5_Tail-33-20261001-21:25:18-68,scalar,DectScheduledAccessNetwork.queue,delay_p999_ms,,,136.82899784234
Phase5_Tail-33-20261001-21:25:18-68,scalar,DectScheduledAccessNetwork.queue,tail_sample_count,,,1000000
Phase5_Tail-33-20261001-21:25:18-68,scalar,DectScheduledAccessNetwork.queue,effective_throughput_departures_per_ms,,,0.18280142678007
Phase5_Tail-33-20261001-21:25:18-68,scalar,DectScheduledAccessNetwork.queue,effective_throughput_accepted_per_ms,,,0.1828016095815
Phase5_Tail-33-20261001-21:25:18-68,scalar,DectScheduledAccessNetwork.queue,mean_delay_little_ms,,,25.425085962194
Phase5_Tail-33-20261001-21:25:18-68,scalar,DectScheduledAccessNetwork.queue,little_vs_direct_relative_error,,,3.9371176097092e-07
Phase5_Tail-33-20261001-21:25:18-68,scalar,DectScheduledAccessNetwork.queue,type1_service_fraction,,,0.07619653763851
Phase5_Tail-33-20261001-21:25:18-68,scalar,DectScheduledAccessNetwork.queue,type2_service_fraction,,,0.92380346236177
Phase5_Tail-33-20261001-21:25:18-68,scalar,DectScheduledAccessNetwork.queue,full_type1_fraction,,,2.3546393878148e-06
Phase5_Tail-33-20261001-21:25:18-68,scalar,DectScheduledAccessNetwork.queue,full_type2_fraction,,,0.00017273631022708
Phase5_Tail-33-20261001-21:25:18-68,scalar,DectScheduledAccessNetwork.queue,nonfull_state_fraction,,,0.99982490905065
Phase5_Tail-33-20261001-21:25:18-68,scalar,DectScheduledAccessNetwork.queue,saturated_full_state_fraction,,,0.00017509094961489
Phase5_Tail-33-20261001-21:25:18-68,scalar,DectScheduledAccessNetwork.queue,full_type1_phase_0_fraction,,,1.99240344186e-06
Phase5_Tail-33-20261001-21:25:18-68,scalar,DectScheduledAccessNetwork.queue,full_type1_phase_1_fraction,,,3.6223594595475e-07
Phase5_Tail-34-20261001-21:25:19-68,scalar,DectScheduledAccessNetwork.queue,D,,,10
Phase5_Tail-34-20261001-21:25:19-68,scalar,DectScheduledAccessNetwork.queue,r,,,30
Phase5_Tail-34-20261001-21:25:19-68,scalar,DectScheduledAccessNetwork.queue,L_effective,,,2
Phase5_Tail-34-20261001-21:25:19-68,scalar,DectScheduledAccessNetwork.queue,rho,,,0.076271186441
Phase5_Tail-34-20261001-21:25:19-68,scalar,DectScheduledAccessNetwork.queue,lambda_per_ms,,,0.18305084731196
Phase5_Tail-34-20261001-21:25:19-68,scalar,DectScheduledAccessNetwork.queue,lambda_sat_per_ms,,,0.20338983049469
Phase5_Tail-34-20261001-21:25:19-68,scalar,DectScheduledAccessNetwork.queue,rho_sat,,,0.084745762773916
Phase5_Tail-34-20261001-21:25:19-68,scalar,DectScheduledAccessNetwork.queue,load_factor_rho_over_rho_sat,,,0.89999999934482
Phase5_Tail-34-20261001-21:25:19-68,scalar,DectScheduledAccessNetwork.queue,mean_type1_service_ms,,,0.416666667
Phase5_Tail-34-20261001-21:25:19-68,scalar,DectScheduledAccessNetwork.queue,type2_service_ms,,,9
Phase5_Tail-34-20261001-21:25:19-68,scalar,DectScheduledAccessNetwork.queue,warmup_type1_completions,,,200000
Phase5_Tail-34-20261001-21:25:19-68,scalar,DectScheduledAccessNetwork.queue,measured_arrivals,,,1000221
Phase5_Tail-34-20261001-21:25:19-68,scalar,DectScheduledAccessNetwork.queue,measured_accepted_arrivals,,,1000003
Phase5_Tail-34-20261001-21:25:19-68,scalar,DectScheduledAccessNetwork.queue,measured_blocked_arrivals,,,218
Phase5_Tail-34-20261001-21:25:19-68,scalar,DectScheduledAccessNetwork.queue,measured_completed_packets,,,1000000
Phase5_Tail-34-20261001-21:25:19-68,scalar,DectScheduledAccessNetwork.queue,observation_time_s,,,5467.9614691065
Phase5_Tail-34-20261001-21:25:19-68,scalar,DectScheduledAccessNetwork.queue,blocking_probability,,,0.00021795183264499
Phase5_Tail-34-20261001-21:25:19-68,scalar,DectScheduledAccessNetwork.queue,mean_type1_number,,,4.6609339538816
Phase5_Tail-34-20261001-21:25:19-68,scalar,DectScheduledAccessNetwork.queue,mean_delay_direct_ms,,,25.485631001921
Phase5_Tail-34-20261001-21:25:19-68,scalar,DectScheduledAccessNetwork.queue,delay_p50_ms,,,18.683341503
Phase5_Tail-34-20261001-21:25:19-68,scalar,DectScheduledAccessNetwork.queue,delay_p95_ms,,,71.26124061925
Phase5_Tail-34-20261001-21:25:19-68,scalar,DectScheduledAccessNetwork.queue,delay_p99_ms,,,105.27849689617
Phase5_Tail-34-20261001-21:25:19-68,scalar,DectScheduledAccessNetwork.queue,delay_p999_ms,,,137.34601263053
Phase5_Tail-34-20261001-21:25:19-68,scalar,DectScheduledAccessNetwork.queue,tail_sample_count,,,1000000
Phase5_Tail-34-20261001-21:25:19-68,scalar,DectScheduledAccessNetwork.queue,effective_throughput_departures_per_ms,,,0.18288351255764
Phase5_Tail-34-20261001-21:25:19-68,scalar,DectScheduledAccessNetwork.queue,effective_throughput_accepted_per_ms,,,0.18288406120817
Phase5_Tail-34-20261001-21:25:19-68,scalar,DectScheduledAccessNetwork.queue,mean_delay_little_ms,,,25.485807269875
Phase5_Tail-34-20261001-21:25:19-68,scalar,DectScheduledAccessNetwork.queue,little_vs_direct_relative_error,,,6.9163660809668e-06
Phase5_Tail-34-20261001-21:25:19-68,scalar,DectScheduledAccessNetwork.queue,type1_service_fraction,,,0.076259035741632
Phase5_Tail-34-20261001-21:25:19-68,scalar,DectScheduledAccessNetwork.queue,type2_service_fraction,,,0.92374096425862
Phase5_Tail-34-20261001-21:25:19-68,scalar,DectScheduledAccessNetwork.queue,full_type1_fraction,,,1.7719629274533e-06
Phase5_Tail-34-20261001-21:25:19-68,scalar,DectScheduledAccessNetwork.queue,full_type2_fraction,,,0.00022270421036196
Phase5_Tail-34-20261001-21:25:19-68,scalar,DectScheduledAccessNetwork.queue,nonfull_state_fraction,,,0.99977552382693
Phase5_Tail-34-20261001-21:25:19-68,scalar,DectScheduledAccessNetwork.queue,saturated_full_state_fraction,,,0.00022447617328942
Phase5_Tail-34-20261001-21:25:19-68,scalar,DectScheduledAccessNetwork.queue,full_type1_phase_0_fraction,,,1.6087072960734e-06
Phase5_Tail-34-20261001-21:25:19-68,scalar,DectScheduledAccessNetwork.queue,full_type1_phase_1_fraction,,,1.6325563137991e-07
Phase5_Tail-35-20261001-21:25:19-68,scalar,DectScheduledAccessNetwork.queue,D,,,10
Phase5_Tail-35-20261001-21:25:19-68,scalar,DectScheduledAccessNetwork.queue,r,,,30
Phase5_Tail-35-20261001-21:25:19-68,scalar,DectScheduledAccessNetwork.queue,L_effective,,,2
Phase5_Tail-35-20261001-21:25:19-68,scalar,DectScheduledAccessNetwork.queue,rho,,,0.076271186441
Phase5_Tail-35-20261001-21:25:19-68,scalar,DectScheduledAccessNetwork.queue,lambda_per_ms,,,0.18305084731196
Phase5_Tail-35-20261001-21:25:19-68,scalar,DectScheduledAccessNetwork.queue,lambda_sat_per_ms,,,0.20338983049469
Phase5_Tail-35-20261001-21:25:19-68,scalar,DectScheduledAccessNetwork.queue,rho_sat,,,0.084745762773916
Phase5_Tail-35-20261001-21:25:19-68,scalar,DectScheduledAccessNetwork.queue,load_factor_rho_over_rho_sat,,,0.89999999934482
Phase5_Tail-35-20261001-21:25:19-68,scalar,DectScheduledAccessNetwork.queue,mean_type1_service_ms,,,0.416666667
Phase5_Tail-35-20261001-21:25:19-68,scalar,DectScheduledAccessNetwork.queue,type2_service_ms,,,9
Phase5_Tail-35-20261001-21:25:19-68,scalar,DectScheduledAccessNetwork.queue,warmup_type1_completions,,,200000
Phase5_Tail-35-20261001-21:25:19-68,scalar,DectScheduledAccessNetwork.queue,measured_arrivals,,,1000124
Phase5_Tail-35-20261001-21:25:19-68,scalar,DectScheduledAccessNetwork.queue,measured_accepted_arrivals,,,1000003
Phase5_Tail-35-20261001-21:25:19-68,scalar,DectScheduledAccessNetwork.queue,measured_blocked_arrivals,,,121
Phase5_Tail-35-20261001-21:25:19-68,scalar,DectScheduledAccessNetwork.queue,measured_completed_packets,,,1000000
Phase5_Tail-35-20261001-21:25:19-68,scalar,DectScheduledAccessNetwork.queue,observation_time_s,,,5469.1577541223
Phase5_Tail-35-20261001-21:25:19-68,scalar,DectScheduledAccessNetwork.queue,blocking_probability,,,0.00012098499786027
Phase5_Tail-35-20261001-21:25:19-68,scalar,DectScheduledAccessNetwork.queue,mean_type1_number,,,4.6662525545316
Phase5_Tail-35-20261001-21:25:19-68,scalar,DectScheduledAccessNetwork.queue,mean_delay_direct_ms,,,25.519538387572
Phase5_Tail-35-20261001-21:25:19-68,scalar,DectScheduledAccessNetwork.queue,delay_p50_ms,,,18.788611242
Phase5_Tail-35-20261001-21:25:19-68,scalar,DectScheduledAccessNetwork.queue,delay_p95_ms,,,71.1262390647
Phase5_Tail-35-20261001-21:25:19-68,scalar,DectScheduledAccessNetwork.queue,delay_p99_ms,,,104.76757119381
Phase5_Tail-35-20261001-21:25:19-68,scalar,DectScheduledAccessNetwork.queue,delay_p999_ms,,,134.34562250462
Phase5_Tail-35-20261001-21:25:19-68,scalar,DectScheduledAccessNetwork.queue,tail_sample_count,,,1000000
Phase5_Tail-35-20261001-21:25:19-68,scalar,DectScheduledAccessNetwork.queue,effective_throughput_departures_per_ms,,,0.18284350990722
Phase5_Tail-35-20261001-21:25:19-68,scalar,DectScheduledAccessNetwork.queue,effective_throughput_accepted_per_ms,,,0.18284405843775
Phase5_Tail-35-20261001-21:25:19-68,scalar,DectScheduledAccessNetwork.queue,mean_delay_little_ms,,,25.52047134131
Phase5_Tail-35-20261001-21:25:19-68,scalar,DectScheduledAccessNetwork.queue,little_vs_direct_relative_error,,,3.6558409623799e-05
Phase5_Tail-35-20261001-21:25:19-68,scalar,DectScheduledAccessNetwork.queue,type1_service_fraction,,,0.076197793674572
Phase5_Tail-35-20261001-21:25:19-68,scalar,DectScheduledAccessNetwork.queue,type2_service_fraction,,,0.9238022063257
Phase5_Tail-35-20261001-21:25:19-68,scalar,DectScheduledAccessNetwork.queue,full_type1_fraction,,,1.3671622537061e-06
Phase5_Tail-35-20261001-21:25:19-68,scalar,DectScheduledAccessNetwork.queue,full_type2_fraction,,,0.00011971505268878
Phase5_Tail-35-20261001-21:25:19-68,scalar,DectScheduledAccessNetwork.queue,nonfull_state_fraction,,,0.99987891778531
Phase5_Tail-35-20261001-21:25:19-68,scalar,DectScheduledAccessNetwork.queue,saturated_full_state_fraction,,,0.00012108221494249
Phase5_Tail-35-20261001-21:25:19-68,scalar,DectScheduledAccessNetwork.queue,full_type1_phase_0_fraction,,,1.3410891646838e-06
Phase5_Tail-35-20261001-21:25:19-68,scalar,DectScheduledAccessNetwork.queue,full_type1_phase_1_fraction,,,2.6073089022257e-08
Phase5_Tail-36-20261001-21:25:19-68,scalar,DectScheduledAccessNetwork.queue,D,,,10
Phase5_Tail-36-20261001-21:25:19-68,scalar,DectScheduledAccessNetwork.queue,r,,,30
Phase5_Tail-36-20261001-21:25:19-68,scalar,DectScheduledAccessNetwork.queue,L_effective,,,2
Phase5_Tail-36-20261001-21:25:19-68,scalar,DectScheduledAccessNetwork.queue,rho,,,0.076271186441
Phase5_Tail-36-20261001-21:25:19-68,scalar,DectScheduledAccessNetwork.queue,lambda_per_ms,,,0.18305084731196
Phase5_Tail-36-20261001-21:25:19-68,scalar,DectScheduledAccessNetwork.queue,lambda_sat_per_ms,,,0.20338983049469
Phase5_Tail-36-20261001-21:25:19-68,scalar,DectScheduledAccessNetwork.queue,rho_sat,,,0.084745762773916
Phase5_Tail-36-20261001-21:25:19-68,scalar,DectScheduledAccessNetwork.queue,load_factor_rho_over_rho_sat,,,0.89999999934482
Phase5_Tail-36-20261001-21:25:19-68,scalar,DectScheduledAccessNetwork.queue,mean_type1_service_ms,,,0.416666667
Phase5_Tail-36-20261001-21:25:19-68,scalar,DectScheduledAccessNetwork.queue,type2_service_ms,,,9
Phase5_Tail-36-20261001-21:25:19-68,scalar,DectScheduledAccessNetwork.queue,warmup_type1_completions,,,200000
Phase5_Tail-36-20261001-21:25:19-68,scalar,DectScheduledAccessNetwork.queue,measured_arrivals,,,1000250
Phase5_Tail-36-20261001-21:25:19-68,scalar,DectScheduledAccessNetwork.queue,measured_accepted_arrivals,,,1000008
Phase5_Tail-36-20261001-21:25:19-68,scalar,DectScheduledAccessNetwork.queue,measured_blocked_arrivals,,,242
Phase5_Tail-36-20261001-21:25:19-68,scalar,DectScheduledAccessNetwork.queue,measured_completed_packets,,,1000000
Phase5_Tail-36-20261001-21:25:19-68,scalar,DectScheduledAccessNetwork.queue,observation_time_s,,,5466.373181322
Phase5_Tail-36-20261001-21:25:19-68,scalar,DectScheduledAccessNetwork.queue,blocking_probability,,,0.00024193951512122
Phase5_Tail-36-20261001-21:25:19-68,scalar,DectScheduledAccessNetwork.queue,mean_type1_number,,,4.7020475636983
Phase5_Tail-36-20261001-21:25:19-68,scalar,DectScheduledAccessNetwork.queue,mean_delay_direct_ms,,,25.702979380055
Phase5_Tail-36-20261001-21:25:19-68,scalar,DectScheduledAccessNetwork.queue,delay_p50_ms,,,18.6918321225
Phase5_Tail-36-20261001-21:25:19-68,scalar,DectScheduledAccessNetwork.queue,delay_p95_ms,,,72.7454394244
Phase5_Tail-36-20261001-21:25:19-68,scalar,DectScheduledAccessNetwork.queue,delay_p99_ms,,,107.78281024235
Phase5_Tail-36-20261001-21:25:19-68,scalar,DectScheduledAccessNetwork.queue,delay_p999_ms,,,138.28519194674
Phase5_Tail-36-20261001-21:25:19-68,scalar,DectScheduledAccessNetwork.queue,tail_sample_count,,,1000000
Phase5_Tail-36-20261001-21:25:19-68,scalar,DectScheduledAccessNetwork.queue,effective_throughput_departures_per_ms,,,0.18293665046816
Phase5_Tail-36-20261001-21:25:19-68,scalar,DectScheduledAccessNetwork.queue,effective_throughput_accepted_per_ms,,,0.18293811396136
Phase5_Tail-36-20261001-21:25:19-68,scalar,DectScheduledAccessNetwork.queue,mean_delay_little_ms,,,25.703146699501
Phase5_Tail-36-20261001-21:25:19-68,scalar,DectScheduledAccessNetwork.queue,little_vs_direct_relative_error,,,6.5097295978145e-06
Phase5_Tail-36-20261001-21:25:19-68,scalar,DectScheduledAccessNetwork.queue,type1_service_fraction,,,0.076242540986045
Phase5_Tail-36-20261001-21:25:19-68,scalar,DectScheduledAccessNetwork.queue,type2_service_fraction,,,0.92375745901423
Phase5_Tail-36-20261001-21:25:19-68,scalar,DectScheduledAccessNetwork.queue,full_type1_fraction,,,2.3879865254357e-06
Phase5_Tail-36-20261001-21:25:19-68,scalar,DectScheduledAccessNetwork.queue,full_type2_fraction,,,0.00023084105904728
Phase5_Tail-36-20261001-21:25:19-68,scalar,DectScheduledAccessNetwork.queue,nonfull_state_fraction,,,0.99976677095471
Phase5_Tail-36-20261001-21:25:19-68,scalar,DectScheduledAccessNetwork.queue,saturated_full_state_fraction,,,0.00023322904557271
Phase5_Tail-36-20261001-21:25:19-68,scalar,DectScheduledAccessNetwork.queue,full_type1_phase_0_fraction,,,2.0805131325208e-06
Phase5_Tail-36-20261001-21:25:19-68,scalar,DectScheduledAccessNetwork.queue,full_type1_phase_1_fraction,,,3.0747339291489e-07
Phase5_Tail-37-20261001-21:25:20-68,scalar,DectScheduledAccessNetwork.queue,D,,,10
Phase5_Tail-37-20261001-21:25:20-68,scalar,DectScheduledAccessNetwork.queue,r,,,30
Phase5_Tail-37-20261001-21:25:20-68,scalar,DectScheduledAccessNetwork.queue,L_effective,,,2
Phase5_Tail-37-20261001-21:25:20-68,scalar,DectScheduledAccessNetwork.queue,rho,,,0.076271186441
Phase5_Tail-37-20261001-21:25:20-68,scalar,DectScheduledAccessNetwork.queue,lambda_per_ms,,,0.18305084731196
Phase5_Tail-37-20261001-21:25:20-68,scalar,DectScheduledAccessNetwork.queue,lambda_sat_per_ms,,,0.20338983049469
Phase5_Tail-37-20261001-21:25:20-68,scalar,DectScheduledAccessNetwork.queue,rho_sat,,,0.084745762773916
Phase5_Tail-37-20261001-21:25:20-68,scalar,DectScheduledAccessNetwork.queue,load_factor_rho_over_rho_sat,,,0.89999999934482
Phase5_Tail-37-20261001-21:25:20-68,scalar,DectScheduledAccessNetwork.queue,mean_type1_service_ms,,,0.416666667
Phase5_Tail-37-20261001-21:25:20-68,scalar,DectScheduledAccessNetwork.queue,type2_service_ms,,,9
Phase5_Tail-37-20261001-21:25:20-68,scalar,DectScheduledAccessNetwork.queue,warmup_type1_completions,,,200000
Phase5_Tail-37-20261001-21:25:20-68,scalar,DectScheduledAccessNetwork.queue,measured_arrivals,,,1000283
Phase5_Tail-37-20261001-21:25:20-68,scalar,DectScheduledAccessNetwork.queue,measured_accepted_arrivals,,,1000006
Phase5_Tail-37-20261001-21:25:20-68,scalar,DectScheduledAccessNetwork.queue,measured_blocked_arrivals,,,277
Phase5_Tail-37-20261001-21:25:20-68,scalar,DectScheduledAccessNetwork.queue,measured_completed_packets,,,1000000
Phase5_Tail-37-20261001-21:25:20-68,scalar,DectScheduledAccessNetwork.queue,observation_time_s,,,5462.6629851827
Phase5_Tail-37-20261001-21:25:20-68,scalar,DectScheduledAccessNetwork.queue,blocking_probability,,,0.00027692163117838
Phase5_Tail-37-20261001-21:25:20-68,scalar,DectScheduledAccessNetwork.queue,mean_type1_number,,,4.7373539164119
Phase5_Tail-37-20261001-21:25:20-68,scalar,DectScheduledAccessNetwork.queue,mean_delay_direct_ms,,,25.878347004197
Phase5_Tail-37-20261001-21:25:20-68,scalar,DectScheduledAccessNetwork.queue,delay_p50_ms,,,18.8711045395
Phase5_Tail-37-20261001-21:25:20-68,scalar,DectScheduledAccessNetwork.queue,delay_p95_ms,,,72.8535212325
Phase5_Tail-37-20261001-21:25:20-68,scalar,DectScheduledAccessNetwork.queue,delay_p99_ms,,,107.22316677702
Phase5_Tail-37-20261001-21:25:20-68,scalar,DectScheduledAccessNetwork.queue,delay_p999_ms,,,139.11913572038
Phase5_Tail-37-20261001-21:25:20-68,scalar,DectScheduledAccessNetwork.queue,tail_sample_count,,,1000000
Phase5_Tail-37-20261001-21:25:20-68,scalar,DectScheduledAccessNetwork.queue,effective_throughput_departures_per_ms,,,0.1830608995489
Phase5_Tail-37-20261001-21:25:20-68,scalar,DectScheduledAccessNetwork.queue,effective_throughput_accepted_per_ms,,,0.18306199791429
Phase5_Tail-37-20261001-21:25:20-68,scalar,DectScheduledAccessNetwork.queue,mean_delay_little_ms,,,25.878567886894
Phase5_Tail-37-20261001-21:25:20-68,scalar,DectScheduledAccessNetwork.queue,little_vs_direct_relative_error,,,8.5354252763459e-06
Phase5_Tail-37-20261001-21:25:20-68,scalar,DectScheduledAccessNetwork.queue,type1_service_fraction,,,0.076241200731656
Phase5_Tail-37-20261001-21:25:20-68,scalar,DectScheduledAccessNetwork.queue,type2_service_fraction,,,0.92375879926862
Phase5_Tail-37-20261001-21:25:20-68,scalar,DectScheduledAccessNetwork.queue,full_type1_fraction,,,2.1572972224289e-06
Phase5_Tail-37-20261001-21:25:20-68,scalar,DectScheduledAccessNetwork.queue,full_type2_fraction,,,0.00025199838392446
Phase5_Tail-37-20261001-21:25:20-68,scalar,DectScheduledAccessNetwork.queue,nonfull_state_fraction,,,0.9997458443191
Phase5_Tail-37-20261001-21:25:20-68,scalar,DectScheduledAccessNetwork.queue,saturated_full_state_fraction,,,0.00025415568114689
Phase5_Tail-37-20261001-21:25:20-68,scalar,DectScheduledAccessNetwork.queue,full_type1_phase_0_fraction,,,1.7839840908059e-06
Phase5_Tail-37-20261001-21:25:20-68,scalar,DectScheduledAccessNetwork.queue,full_type1_phase_1_fraction,,,3.7331313162307e-07
Phase5_Tail-38-20261001-21:25:20-68,scalar,DectScheduledAccessNetwork.queue,D,,,10
Phase5_Tail-38-20261001-21:25:20-68,scalar,DectScheduledAccessNetwork.queue,r,,,30
Phase5_Tail-38-20261001-21:25:20-68,scalar,DectScheduledAccessNetwork.queue,L_effective,,,2
Phase5_Tail-38-20261001-21:25:20-68,scalar,DectScheduledAccessNetwork.queue,rho,,,0.076271186441
Phase5_Tail-38-20261001-21:25:20-68,scalar,DectScheduledAccessNetwork.queue,lambda_per_ms,,,0.18305084731196
Phase5_Tail-38-20261001-21:25:20-68,scalar,DectScheduledAccessNetwork.queue,lambda_sat_per_ms,,,0.20338983049469
Phase5_Tail-38-20261001-21:25:20-68,scalar,DectScheduledAccessNetwork.queue,rho_sat,,,0.084745762773916
Phase5_Tail-38-20261001-21:25:20-68,scalar,DectScheduledAccessNetwork.queue,load_factor_rho_over_rho_sat,,,0.89999999934482
Phase5_Tail-38-20261001-21:25:20-68,scalar,DectScheduledAccessNetwork.queue,mean_type1_service_ms,,,0.416666667
Phase5_Tail-38-20261001-21:25:20-68,scalar,DectScheduledAccessNetwork.queue,type2_service_ms,,,9
Phase5_Tail-38-20261001-21:25:20-68,scalar,DectScheduledAccessNetwork.queue,warmup_type1_completions,,,200000
Phase5_Tail-38-20261001-21:25:20-68,scalar,DectScheduledAccessNetwork.queue,measured_arrivals,,,1000321
Phase5_Tail-38-20261001-21:25:20-68,scalar,DectScheduledAccessNetwork.queue,measured_accepted_arrivals,,,1000006
Phase5_Tail-38-20261001-21:25:20-68,scalar,DectScheduledAccessNetwork.queue,measured_blocked_arrivals,,,315
Phase5_Tail-38-20261001-21:25:20-68,scalar,DectScheduledAccessNetwork.queue,measured_completed_packets,,,1000000
Phase5_Tail-38-20261001-21:25:20-68,scalar,DectScheduledAccessNetwork.queue,observation_time_s,,,5463.6485342053
Phase5_Tail-38-20261001-21:25:20-68,scalar,DectScheduledAccessNetwork.queue,blocking_probability,,,0.0003148989174475
Phase5_Tail-38-20261001-21:25:20-68,scalar,DectScheduledAccessNetwork.queue,mean_type1_number,,,4.792179326961
Phase5_Tail-38-20261001-21:25:20-68,scalar,DectScheduledAccessNetwork.queue,mean_delay_direct_ms,,,26.182684867948
Phase5_Tail-38-20261001-21:25:20-68,scalar,DectScheduledAccessNetwork.queue,delay_p50_ms,,,18.9784608475
Phase5_Tail-38-20261001-21:25:20-68,scalar,DectScheduledAccessNetwork.queue,delay_p95_ms,,,74.657924798
Phase5_Tail-38-20261001-21:25:20-68,scalar,DectScheduledAccessNetwork.queue,delay_p99_ms,,,110.41046332436
Phase5_Tail-38-20261001-21:25:20-68,scalar,DectScheduledAccessNetwork.queue,delay_p999_ms,,,140.42620727344
Phase5_Tail-38-20261001-21:25:20-68,scalar,DectScheduledAccessNetwork.queue,tail_sample_count,,,1000000
Phase5_Tail-38-20261001-21:25:20-68,scalar,DectScheduledAccessNetwork.queue,effective_throughput_departures_per_ms,,,0.1830278784844
Phase5_Tail-38-20261001-21:25:20-68,scalar,DectScheduledAccessNetwork.queue,effective_throughput_accepted_per_ms,,,0.18302897665167
Phase5_Tail-38-20261001-21:25:20-68,scalar,DectScheduledAccessNetwork.queue,mean_delay_little_ms,,,26.182783555399
Phase5_Tail-38-20261001-21:25:20-68,scalar,DectScheduledAccessNetwork.queue,little_vs_direct_relative_error,,,3.7691875958146e-06
Phase5_Tail-38-20261001-21:25:20-68,scalar,DectScheduledAccessNetwork.queue,type1_service_fraction,,,0.076252989480761
Phase5_Tail-38-20261001-21:25:20-68,scalar,DectScheduledAccessNetwork.queue,type2_service_fraction,,,0.92374701051953
Phase5_Tail-38-20261001-21:25:20-68,scalar,DectScheduledAccessNetwork.queue,full_type1_fraction,,,2.7719959353503e-06
Phase5_Tail-38-20261001-21:25:20-68,scalar,DectScheduledAccessNetwork.queue,full_type2_fraction,,,0.00030798400825901
Phase5_Tail-38-20261001-21:25:20-68,scalar,DectScheduledAccessNetwork.queue,nonfull_state_fraction,,,0.99968924399608
Phase5_Tail-38-20261001-21:25:20-68,scalar,DectScheduledAccessNetwork.queue,saturated_full_state_fraction,,,0.00031075600419436
Phase5_Tail-38-20261001-21:25:20-68,scalar,DectScheduledAccessNetwork.queue,full_type1_phase_0_fraction,,,2.190634779318e-06
Phase5_Tail-38-20261001-21:25:20-68,scalar,DectScheduledAccessNetwork.queue,full_type1_phase_1_fraction,,,5.8136115603234e-07
Phase5_Tail-39-20261001-21:25:20-68,scalar,DectScheduledAccessNetwork.queue,D,,,10
Phase5_Tail-39-20261001-21:25:20-68,scalar,DectScheduledAccessNetwork.queue,r,,,30
Phase5_Tail-39-20261001-21:25:20-68,scalar,DectScheduledAccessNetwork.queue,L_effective,,,2
Phase5_Tail-39-20261001-21:25:20-68,scalar,DectScheduledAccessNetwork.queue,rho,,,0.076271186441
Phase5_Tail-39-20261001-21:25:20-68,scalar,DectScheduledAccessNetwork.queue,lambda_per_ms,,,0.18305084731196
Phase5_Tail-39-20261001-21:25:20-68,scalar,DectScheduledAccessNetwork.queue,lambda_sat_per_ms,,,0.20338983049469
Phase5_Tail-39-20261001-21:25:20-68,scalar,DectScheduledAccessNetwork.queue,rho_sat,,,0.084745762773916
Phase5_Tail-39-20261001-21:25:20-68,scalar,DectScheduledAccessNetwork.queue,load_factor_rho_over_rho_sat,,,0.89999999934482
Phase5_Tail-39-20261001-21:25:20-68,scalar,DectScheduledAccessNetwork.queue,mean_type1_service_ms,,,0.416666667
Phase5_Tail-39-20261001-21:25:20-68,scalar,DectScheduledAccessNetwork.queue,type2_service_ms,,,9
Phase5_Tail-39-20261001-21:25:20-68,scalar,DectScheduledAccessNetwork.queue,warmup_type1_completions,,,200000
Phase5_Tail-39-20261001-21:25:20-68,scalar,DectScheduledAccessNetwork.queue,measured_arrivals,,,1000218
Phase5_Tail-39-20261001-21:25:20-68,scalar,DectScheduledAccessNetwork.queue,measured_accepted_arrivals,,,1000004
Phase5_Tail-39-20261001-21:25:20-68,scalar,DectScheduledAccessNetwork.queue,measured_blocked_arrivals,,,214
Phase5_Tail-39-20261001-21:25:20-68,scalar,DectScheduledAccessNetwork.queue,measured_completed_packets,,,1000000
Phase5_Tail-39-20261001-21:25:20-68,scalar,DectScheduledAccessNetwork.queue,observation_time_s,,,5468.8640394939
Phase5_Tail-39-20261001-21:25:20-68,scalar,DectScheduledAccessNetwork.queue,blocking_probability,,,0.00021395335816792
Phase5_Tail-39-20261001-21:25:20-68,scalar,DectScheduledAccessNetwork.queue,mean_type1_number,,,4.7405730129048
Phase5_Tail-39-20261001-21:25:20-68,scalar,DectScheduledAccessNetwork.queue,mean_delay_direct_ms,,,25.925490739374
Phase5_Tail-39-20261001-21:25:20-68,scalar,DectScheduledAccessNetwork.queue,delay_p50_ms,,,18.892368872
Phase5_Tail-39-20261001-21:25:20-68,scalar,DectScheduledAccessNetwork.queue,delay_p95_ms,,,72.9308343734
Phase5_Tail-39-20261001-21:25:20-68,scalar,DectScheduledAccessNetwork.queue,delay_p99_ms,,,107.43082924896
Phase5_Tail-39-20261001-21:25:20-68,scalar,DectScheduledAccessNetwork.queue,delay_p999_ms,,,138.31719210419
Phase5_Tail-39-20261001-21:25:20-68,scalar,DectScheduledAccessNetwork.queue,tail_sample_count,,,1000000
Phase5_Tail-39-20261001-21:25:20-68,scalar,DectScheduledAccessNetwork.queue,effective_throughput_departures_per_ms,,,0.18285332982835
Phase5_Tail-39-20261001-21:25:20-68,scalar,DectScheduledAccessNetwork.queue,effective_throughput_accepted_per_ms,,,0.18285406124167
Phase5_Tail-39-20261001-21:25:20-68,scalar,DectScheduledAccessNetwork.queue,mean_delay_little_ms,,,25.92554927687
Phase5_Tail-39-20261001-21:25:20-68,scalar,DectScheduledAccessNetwork.queue,little_vs_direct_relative_error,,,2.2579127558764e-06
Phase5_Tail-39-20261001-21:25:20-68,scalar,DectScheduledAccessNetwork.queue,type1_service_fraction,,,0.076186029947899
Phase5_Tail-39-20261001-21:25:20-68,scalar,DectScheduledAccessNetwork.queue,type2_service_fraction,,,0.92381397005237
Phase5_Tail-39-20261001-21:25:20-68,scalar,DectScheduledAccessNetwork.queue,full_type1_fraction,,,1.8435028735754e-06
Phase5_Tail-39-20261001-21:25:20-68,scalar,DectScheduledAccessNetwork.queue,full_type2_fraction,,,0.00021572242128498
Phase5_Tail-39-20261001-21:25:20-68,scalar,DectScheduledAccessNetwork.queue,nonfull_state_fraction,,,0.99978243407613
Phase5_Tail-39-20261001-21:25:20-68,scalar,DectScheduledAccessNetwork.queue,saturated_full_state_fraction,,,0.00021756592415856
Phase5_Tail-39-20261001-21:25:20-68,scalar,DectScheduledAccessNetwork.queue,full_type1_phase_0_fraction,,,1.5744520967826e-06
Phase5_Tail-39-20261001-21:25:20-68,scalar,DectScheduledAccessNetwork.queue,full_type1_phase_1_fraction,,,2.6905077679279e-07
Phase5_Tail-40-20261001-21:25:21-68,scalar,DectScheduledAccessNetwork.queue,D,,,10
Phase5_Tail-40-20261001-21:25:21-68,scalar,DectScheduledAccessNetwork.queue,r,,,30
Phase5_Tail-40-20261001-21:25:21-68,scalar,DectScheduledAccessNetwork.queue,L_effective,,,2
Phase5_Tail-40-20261001-21:25:21-68,scalar,DectScheduledAccessNetwork.queue,rho,,,0.084745762712
Phase5_Tail-40-20261001-21:25:21-68,scalar,DectScheduledAccessNetwork.queue,lambda_per_ms,,,0.20338983034609
Phase5_Tail-40-20261001-21:25:21-68,scalar,DectScheduledAccessNetwork.queue,lambda_sat_per_ms,,,0.20338983049469
Phase5_Tail-40-20261001-21:25:21-68,scalar,DectScheduledAccessNetwork.queue,rho_sat,,,0.084745762773916
Phase5_Tail-40-20261001-21:25:21-68,scalar,DectScheduledAccessNetwork.queue,load_factor_rho_over_rho_sat,,,0.9999999992694
Phase5_Tail-40-20261001-21:25:21-68,scalar,DectScheduledAccessNetwork.queue,mean_type1_service_ms,,,0.416666667
Phase5_Tail-40-20261001-21:25:21-68,scalar,DectScheduledAccessNetwork.queue,type2_service_ms,,,9
Phase5_Tail-40-20261001-21:25:21-68,scalar,DectScheduledAccessNetwork.queue,warmup_type1_completions,,,200000
Phase5_Tail-40-20261001-21:25:21-68,scalar,DectScheduledAccessNetwork.queue,measured_arrivals,,,1017045
Phase5_Tail-40-20261001-21:25:21-68,scalar,DectScheduledAccessNetwork.queue,measured_accepted_arrivals,,,1000013
Phase5_Tail-40-20261001-21:25:21-68,scalar,DectScheduledAccessNetwork.queue,measured_blocked_arrivals,,,17032
Phase5_Tail-40-20261001-21:25:21-68,scalar,DectScheduledAccessNetwork.queue,measured_completed_packets,,,1000000
Phase5_Tail-40-20261001-21:25:21-68,scalar,DectScheduledAccessNetwork.queue,observation_time_s,,,5004.9775829791
Phase5_Tail-40-20261001-21:25:21-68,scalar,DectScheduledAccessNetwork.queue,blocking_probability,,,0.016746554970527
Phase5_Tail-40-20261001-21:25:21-68,scalar,DectScheduledAccessNetwork.queue,mean_type1_number,,,14.778855673699
Phase5_Tail-40-20261001-21:25:21-68,scalar,DectScheduledAccessNetwork.queue,mean_delay_direct_ms,,,73.967421301838
Phase5_Tail-40-20261001-21:25:21-68,scalar,DectScheduledAccessNetwork.queue,delay_p50_ms,,,73.4212629235
Phase5_Tail-40-20261001-21:25:21-68,scalar,DectScheduledAccessNetwork.queue,delay_p95_ms,,,139.6341137126
Phase5_Tail-40-20261001-21:25:21-68,scalar,DectScheduledAccessNetwork.queue,delay_p99_ms,,,146.37778591012
Phase5_Tail-40-20261001-21:25:21-68,scalar,DectScheduledAccessNetwork.queue,delay_p999_ms,,,150.46634032415
Phase5_Tail-40-20261001-21:25:21-68,scalar,DectScheduledAccessNetwork.queue,tail_sample_count,,,1000000
Phase5_Tail-40-20261001-21:25:21-68,scalar,DectScheduledAccessNetwork.queue,effective_throughput_departures_per_ms,,,0.19980109469437
Phase5_Tail-40-20261001-21:25:21-68,scalar,DectScheduledAccessNetwork.queue,effective_throughput_accepted_per_ms,,,0.1998036921086
Phase5_Tail-40-20261001-21:25:21-68,scalar,DectScheduledAccessNetwork.queue,mean_delay_little_ms,,,73.967841348949
Phase5_Tail-40-20261001-21:25:21-68,scalar,DectScheduledAccessNetwork.queue,little_vs_direct_relative_error,,,5.6788124236373e-06
Phase5_Tail-40-20261001-21:25:21-68,scalar,DectScheduledAccessNetwork.queue,type1_service_fraction,,,0.083265424483884
Phase5_Tail-40-20261001-21:25:21-68,scalar,DectScheduledAccessNetwork.queue,type2_service_fraction,,,0.91673457551632
Phase5_Tail-40-20261001-21:25:21-68,scalar,DectScheduledAccessNetwork.queue,full_type1_fraction,,,0.00016469826065002
Phase5_Tail-40-20261001-21:25:21-68,scalar,DectScheduledAccessNetwork.queue,full_type2_fraction,,,0.016492693008431
Phase5_Tail-40-20261001-21:25:21-68,scalar,DectScheduledAccessNetwork.queue,nonfull_state_fraction,,,0.98334260873112
Phase5_Tail-40-20261001-21:25:21-68,scalar,DectScheduledAccessNetwork.queue,saturated_full_state_fraction,,,0.016657391269081
Phase5_Tail-40-20261001-21:25:21-68,scalar,DectScheduledAccessNetwork.queue,full_type1_phase_0_fraction,,,0.0001423110536749
Phase5_Tail-40-20261001-21:25:21-68,scalar,DectScheduledAccessNetwork.queue,full_type1_phase_1_fraction,,,2.2387206975122e-05
Phase5_Tail-41-20261001-21:25:21-68,scalar,DectScheduledAccessNetwork.queue,D,,,10
Phase5_Tail-41-20261001-21:25:21-68,scalar,DectScheduledAccessNetwork.queue,r,,,30
Phase5_Tail-41-20261001-21:25:21-68,scalar,DectScheduledAccessNetwork.queue,L_effective,,,2
Phase5_Tail-41-20261001-21:25:21-68,scalar,DectScheduledAccessNetwork.queue,rho,,,0.084745762712
Phase5_Tail-41-20261001-21:25:21-68,scalar,DectScheduledAccessNetwork.queue,lambda_per_ms,,,0.20338983034609
Phase5_Tail-41-20261001-21:25:21-68,scalar,DectScheduledAccessNetwork.queue,lambda_sat_per_ms,,,0.20338983049469
Phase5_Tail-41-20261001-21:25:21-68,scalar,DectScheduledAccessNetwork.queue,rho_sat,,,0.084745762773916
Phase5_Tail-41-20261001-21:25:21-68,scalar,DectScheduledAccessNetwork.queue,load_factor_rho_over_rho_sat,,,0.9999999992694
Phase5_Tail-41-20261001-21:25:21-68,scalar,DectScheduledAccessNetwork.queue,mean_type1_service_ms,,,0.416666667
Phase5_Tail-41-20261001-21:25:21-68,scalar,DectScheduledAccessNetwork.queue,type2_service_ms,,,9
Phase5_Tail-41-20261001-21:25:21-68,scalar,DectScheduledAccessNetwork.queue,warmup_type1_completions,,,200000
Phase5_Tail-41-20261001-21:25:21-68,scalar,DectScheduledAccessNetwork.queue,measured_arrivals,,,1017443
Phase5_Tail-41-20261001-21:25:21-68,scalar,DectScheduledAccessNetwork.queue,measured_accepted_arrivals,,,1000001
Phase5_Tail-41-20261001-21:25:21-68,scalar,DectScheduledAccessNetwork.queue,measured_blocked_arrivals,,,17442
Phase5_Tail-41-20261001-21:25:21-68,scalar,DectScheduledAccessNetwork.queue,measured_completed_packets,,,1000000
Phase5_Tail-41-20261001-21:25:21-68,scalar,DectScheduledAccessNetwork.queue,observation_time_s,,,5004.4095345832
Phase5_Tail-41-20261001-21:25:21-68,scalar,DectScheduledAccessNetwork.queue,blocking_probability,,,0.017142975085582
Phase5_Tail-41-20261001-21:25:21-68,scalar,DectScheduledAccessNetwork.queue,mean_type1_number,,,14.903312737887
Phase5_Tail-41-20261001-21:25:21-68,scalar,DectScheduledAccessNetwork.queue,mean_delay_direct_ms,,,74.582253859244
Phase5_Tail-41-20261001-21:25:21-68,scalar,DectScheduledAccessNetwork.queue,delay_p50_ms,,,74.6523264705
Phase5_Tail-41-20261001-21:25:21-68,scalar,DectScheduledAccessNetwork.queue,delay_p95_ms,,,139.8830524973
Phase5_Tail-41-20261001-21:25:21-68,scalar,DectScheduledAccessNetwork.queue,delay_p99_ms,,,146.64194134016
Phase5_Tail-41-20261001-21:25:21-68,scalar,DectScheduledAccessNetwork.queue,delay_p999_ms,,,150.67812580293
Phase5_Tail-41-20261001-21:25:21-68,scalar,DectScheduledAccessNetwork.queue,tail_sample_count,,,1000000
Phase5_Tail-41-20261001-21:25:21-68,scalar,DectScheduledAccessNetwork.queue,effective_throughput_departures_per_ms,,,0.19982377403157
Phase5_Tail-41-20261001-21:25:21-68,scalar,DectScheduledAccessNetwork.queue,effective_throughput_accepted_per_ms,,,0.19982397385535
Phase5_Tail-41-20261001-21:25:21-68,scalar,DectScheduledAccessNetwork.queue,mean_delay_little_ms,,,74.582280362358
Phase5_Tail-41-20261001-21:25:21-68,scalar,DectScheduledAccessNetwork.queue,little_vs_direct_relative_error,,,3.5535416031962e-07
Phase5_Tail-41-20261001-21:25:21-68,scalar,DectScheduledAccessNetwork.queue,type1_service_fraction,,,0.08331243310564
Phase5_Tail-41-20261001-21:25:21-68,scalar,DectScheduledAccessNetwork.queue,type2_service_fraction,,,0.91668756689454
Phase5_Tail-41-20261001-21:25:21-68,scalar,DectScheduledAccessNetwork.queue,full_type1_fraction,,,0.0001841725698394
Phase5_Tail-41-20261001-21:25:21-68,scalar,DectScheduledAccessNetwork.queue,full_type2_fraction,,,0.017067553113117
Phase5_Tail-41-20261001-21:25:21-68,scalar,DectScheduledAccessNetwork.queue,nonfull_state_fraction,,,0.98274827431725
Phase5_Tail-41-20261001-21:25:21-68,scalar,DectScheduledAccessNetwork.queue,saturated_full_state_fraction,,,0.017251725682957
Phase5_Tail-41-20261001-21:25:21-68,scalar,DectScheduledAccessNetwork.queue,full_type1_phase_0_fraction,,,0.00016068561237544
Phase5_Tail-41-20261001-21:25:21-68,scalar,DectScheduledAccessNetwork.queue,full_type1_phase_1_fraction,,,2.3486957463962e-05
Phase5_Tail-42-20261001-21:25:21-68,scalar,DectScheduledAccessNetwork.queue,D,,,10
Phase5_Tail-42-20261001-21:25:21-68,scalar,DectScheduledAccessNetwork.queue,r,,,30
Phase5_Tail-42-20261001-21:25:21-68,scalar,DectScheduledAccessNetwork.queue,L_effective,,,2
Phase5_Tail-42-20261001-21:25:21-68,scalar,DectScheduledAccessNetwork.queue,rho,,,0.084745762712
Phase5_Tail-42-20261001-21:25:21-68,scalar,DectScheduledAccessNetwork.queue,lambda_per_ms,,,0.20338983034609
Phase5_Tail-42-20261001-21:25:21-68,scalar,DectScheduledAccessNetwork.queue,lambda_sat_per_ms,,,0.20338983049469
Phase5_Tail-42-20261001-21:25:21-68,scalar,DectScheduledAccessNetwork.queue,rho_sat,,,0.084745762773916
Phase5_Tail-42-20261001-21:25:21-68,scalar,DectScheduledAccessNetwork.queue,load_factor_rho_over_rho_sat,,,0.9999999992694
Phase5_Tail-42-20261001-21:25:21-68,scalar,DectScheduledAccessNetwork.queue,mean_type1_service_ms,,,0.416666667
Phase5_Tail-42-20261001-21:25:21-68,scalar,DectScheduledAccessNetwork.queue,type2_service_ms,,,9
Phase5_Tail-42-20261001-21:25:21-68,scalar,DectScheduledAccessNetwork.queue,warmup_type1_completions,,,200000
Phase5_Tail-42-20261001-21:25:21-68,scalar,DectScheduledAccessNetwork.queue,measured_arrivals,,,1017659
Phase5_Tail-42-20261001-21:25:21-68,scalar,DectScheduledAccessNetwork.queue,measured_accepted_arrivals,,,1000024
Phase5_Tail-42-20261001-21:25:21-68,scalar,DectScheduledAccessNetwork.queue,measured_blocked_arrivals,,,17635
Phase5_Tail-42-20261001-21:25:21-68,scalar,DectScheduledAccessNetwork.queue,measured_completed_packets,,,1000000
Phase5_Tail-42-20261001-21:25:21-68,scalar,DectScheduledAccessNetwork.queue,observation_time_s,,,4998.8933094461
Phase5_Tail-42-20261001-21:25:21-68,scalar,DectScheduledAccessNetwork.queue,blocking_probability,,,0.017328987411304
Phase5_Tail-42-20261001-21:25:21-68,scalar,DectScheduledAccessNetwork.queue,mean_type1_number,,,15.091281673263
Phase5_Tail-42-20261001-21:25:21-68,scalar,DectScheduledAccessNetwork.queue,mean_delay_direct_ms,,,75.438394776356
Phase5_Tail-42-20261001-21:25:21-68,scalar,DectScheduledAccessNetwork.queue,delay_p50_ms,,,76.2434393335
Phase5_Tail-42-20261001-21:25:21-68,scalar,DectScheduledAccessNetwork.queue,delay_p95_ms,,,139.91597889855
Phase5_Tail-42-20261001-21:25:21-68,scalar,DectScheduledAccessNetwork.queue,delay_p99_ms,,,146.54188169659
Phase5_Tail-42-20261001-21:25:21-68,scalar,DectScheduledAccessNetwork.queue,delay_p999_ms,,,150.61749456926
Phase5_Tail-42-20261001-21:25:21-68,scalar,DectScheduledAccessNetwork.queue,tail_sample_count,,,1000000
Phase5_Tail-42-20261001-21:25:21-68,scalar,DectScheduledAccessNetwork.queue,effective_throughput_departures_per_ms,,,0.20004427742244
Phase5_Tail-42-20261001-21:25:21-68,scalar,DectScheduledAccessNetwork.queue,effective_throughput_accepted_per_ms,,,0.2000490784851
Phase5_Tail-42-20261001-21:25:21-68,scalar,DectScheduledAccessNetwork.queue,mean_delay_little_ms,,,75.439706987442
Phase5_Tail-42-20261001-21:25:21-68,scalar,DectScheduledAccessNetwork.queue,little_vs_direct_relative_error,,,1.7394472528576e-05
Phase5_Tail-42-20261001-21:25:21-68,scalar,DectScheduledAccessNetwork.queue,type1_service_fraction,,,0.083355911729247
Phase5_Tail-42-20261001-21:25:21-68,scalar,DectScheduledAccessNetwork.queue,type2_service_fraction,,,0.91664408827094
Phase5_Tail-42-20261001-21:25:21-68,scalar,DectScheduledAccessNetwork.queue,full_type1_fraction,,,0.00018207282577048
Phase5_Tail-42-20261001-21:25:21-68,scalar,DectScheduledAccessNetwork.queue,full_type2_fraction,,,0.017171902381258
Phase5_Tail-42-20261001-21:25:21-68,scalar,DectScheduledAccessNetwork.queue,nonfull_state_fraction,,,0.98264602479316
Phase5_Tail-42-20261001-21:25:21-68,scalar,DectScheduledAccessNetwork.queue,saturated_full_state_fraction,,,0.017353975207029
Phase5_Tail-42-20261001-21:25:21-68,scalar,DectScheduledAccessNetwork.queue,full_type1_phase_0_fraction,,,0.00015819571024844
Phase5_Tail-42-20261001-21:25:21-68,scalar,DectScheduledAccessNetwork.queue,full_type1_phase_1_fraction,,,2.3877115522041e-05
Phase5_Tail-43-20261001-21:25:22-68,scalar,DectScheduledAccessNetwork.queue,D,,,10
Phase5_Tail-43-20261001-21:25:22-68,scalar,DectScheduledAccessNetwork.queue,r,,,30
Phase5_Tail-43-20261001-21:25:22-68,scalar,DectScheduledAccessNetwork.queue,L_effective,,,2
Phase5_Tail-43-20261001-21:25:22-68,scalar,DectScheduledAccessNetwork.queue,rho,,,0.084745762712
Phase5_Tail-43-20261001-21:25:22-68,scalar,DectScheduledAccessNetwork.queue,lambda_per_ms,,,0.20338983034609
Phase5_Tail-43-20261001-21:25:22-68,scalar,DectScheduledAccessNetwork.queue,lambda_sat_per_ms,,,0.20338983049469
Phase5_Tail-43-20261001-21:25:22-68,scalar,DectScheduledAccessNetwork.queue,rho_sat,,,0.084745762773916
Phase5_Tail-43-20261001-21:25:22-68,scalar,DectScheduledAccessNetwork.queue,load_factor_rho_over_rho_sat,,,0.9999999992694
Phase5_Tail-43-20261001-21:25:22-68,scalar,DectScheduledAccessNetwork.queue,mean_type1_service_ms,,,0.416666667
Phase5_Tail-43-20261001-21:25:22-68,scalar,DectScheduledAccessNetwork.queue,type2_service_ms,,,9
Phase5_Tail-43-20261001-21:25:22-68,scalar,DectScheduledAccessNetwork.queue,warmup_type1_completions,,,200000
Phase5_Tail-43-20261001-21:25:22-68,scalar,DectScheduledAccessNetwork.queue,measured_arrivals,,,1016838
Phase5_Tail-43-20261001-21:25:22-68,scalar,DectScheduledAccessNetwork.queue,measured_accepted_arrivals,,,1000009
Phase5_Tail-43-20261001-21:25:22-68,scalar,DectScheduledAccessNetwork.queue,measured_blocked_arrivals,,,16829
Phase5_Tail-43-20261001-21:25:22-68,scalar,DectScheduledAccessNetwork.queue,measured_completed_packets,,,1000000
Phase5_Tail-43-20261001-21:25:22-68,scalar,DectScheduledAccessNetwork.queue,observation_time_s,,,5004.7179495564
Phase5_Tail-43-20261001-21:25:22-68,scalar,DectScheduledAccessNetwork.queue,blocking_probability,,,0.016550325617257
Phase5_Tail-43-20261001-21:25:22-68,scalar,DectScheduledAccessNetwork.queue,mean_type1_number,,,14.622074447829
Phase5_Tail-43-20261001-21:25:22-68,scalar,DectScheduledAccessNetwork.queue,mean_delay_direct_ms,,,73.178203490057
Phase5_Tail-43-20261001-21:25:22-68,scalar,DectScheduledAccessNetwork.queue,delay_p50_ms,,,72.069052152
Phase5_Tail-43-20261001-21:25:22-68,scalar,DectScheduledAccessNetwork.queue,delay_p95_ms,,,139.51372341465
Phase5_Tail-43-20261001-21:25:22-68,scalar,DectScheduledAccessNetwork.queue,delay_p99_ms,,,146.37127848219
Phase5_Tail-43-20261001-21:25:22-68,scalar,DectScheduledAccessNetwork.queue,delay_p999_ms,,,150.44254690244
Phase5_Tail-43-20261001-21:25:22-68,scalar,DectScheduledAccessNetwork.queue,tail_sample_count,,,1000000
Phase5_Tail-43-20261001-21:25:22-68,scalar,DectScheduledAccessNetwork.queue,effective_throughput_departures_per_ms,,,0.19981145992226
Phase5_Tail-43-20261001-21:25:22-68,scalar,DectScheduledAccessNetwork.queue,effective_throughput_accepted_per_ms,,,0.1998132582254
Phase5_Tail-43-20261001-21:25:22-68,scalar,DectScheduledAccessNetwork.queue,mean_delay_little_ms,,,73.179358448798
Phase5_Tail-43-20261001-21:25:22-68,scalar,DectScheduledAccessNetwork.queue,little_vs_direct_relative_error,,,1.5782824479338e-05
Phase5_Tail-43-20261001-21:25:22-68,scalar,DectScheduledAccessNetwork.queue,type1_service_fraction,,,0.083295193407119
Phase5_Tail-43-20261001-21:25:22-68,scalar,DectScheduledAccessNetwork.queue,type2_service_fraction,,,0.9167048065931
Phase5_Tail-43-20261001-21:25:22-68,scalar,DectScheduledAccessNetwork.queue,full_type1_fraction,,,0.00017558699005823
Phase5_Tail-43-20261001-21:25:22-68,scalar,DectScheduledAccessNetwork.queue,full_type2_fraction,,,0.016393343447732
Phase5_Tail-43-20261001-21:25:22-68,scalar,DectScheduledAccessNetwork.queue,nonfull_state_fraction,,,0.98343106956237
Phase5_Tail-43-20261001-21:25:22-68,scalar,DectScheduledAccessNetwork.queue,saturated_full_state_fraction,,,0.016568930437791
Phase5_Tail-43-20261001-21:25:22-68,scalar,DectScheduledAccessNetwork.queue,full_type1_phase_0_fraction,,,0.00014969804788248
Phase5_Tail-43-20261001-21:25:22-68,scalar,DectScheduledAccessNetwork.queue,full_type1_phase_1_fraction,,,2.5888942175749e-05
Phase5_Tail-44-20261001-21:25:22-68,scalar,DectScheduledAccessNetwork.queue,D,,,10
Phase5_Tail-44-20261001-21:25:22-68,scalar,DectScheduledAccessNetwork.queue,r,,,30
Phase5_Tail-44-20261001-21:25:22-68,scalar,DectScheduledAccessNetwork.queue,L_effective,,,2
Phase5_Tail-44-20261001-21:25:22-68,scalar,DectScheduledAccessNetwork.queue,rho,,,0.084745762712
Phase5_Tail-44-20261001-21:25:22-68,scalar,DectScheduledAccessNetwork.queue,lambda_per_ms,,,0.20338983034609
Phase5_Tail-44-20261001-21:25:22-68,scalar,DectScheduledAccessNetwork.queue,lambda_sat_per_ms,,,0.20338983049469
Phase5_Tail-44-20261001-21:25:22-68,scalar,DectScheduledAccessNetwork.queue,rho_sat,,,0.084745762773916
Phase5_Tail-44-20261001-21:25:22-68,scalar,DectScheduledAccessNetwork.queue,load_factor_rho_over_rho_sat,,,0.9999999992694
Phase5_Tail-44-20261001-21:25:22-68,scalar,DectScheduledAccessNetwork.queue,mean_type1_service_ms,,,0.416666667
Phase5_Tail-44-20261001-21:25:22-68,scalar,DectScheduledAccessNetwork.queue,type2_service_ms,,,9
Phase5_Tail-44-20261001-21:25:22-68,scalar,DectScheduledAccessNetwork.queue,warmup_type1_completions,,,200000
Phase5_Tail-44-20261001-21:25:22-68,scalar,DectScheduledAccessNetwork.queue,measured_arrivals,,,1015982
Phase5_Tail-44-20261001-21:25:22-68,scalar,DectScheduledAccessNetwork.queue,measured_accepted_arrivals,,,1000015
Phase5_Tail-44-20261001-21:25:22-68,scalar,DectScheduledAccessNetwork.queue,measured_blocked_arrivals,,,15967
Phase5_Tail-44-20261001-21:25:22-68,scalar,DectScheduledAccessNetwork.queue,measured_completed_packets,,,1000000
Phase5_Tail-44-20261001-21:25:22-68,scalar,DectScheduledAccessNetwork.queue,observation_time_s,,,5008.087583894
Phase5_Tail-44-20261001-21:25:22-68,scalar,DectScheduledAccessNetwork.queue,blocking_probability,,,0.015715829611155
Phase5_Tail-44-20261001-21:25:22-68,scalar,DectScheduledAccessNetwork.queue,mean_type1_number,,,14.372892745425
Phase5_Tail-44-20261001-21:25:22-68,scalar,DectScheduledAccessNetwork.queue,mean_delay_direct_ms,,,71.979621242422
Phase5_Tail-44-20261001-21:25:22-68,scalar,DectScheduledAccessNetwork.queue,delay_p50_ms,,,70.5758498025
Phase5_Tail-44-20261001-21:25:22-68,scalar,DectScheduledAccessNetwork.queue,delay_p95_ms,,,139.11863996185
Phase5_Tail-44-20261001-21:25:22-68,scalar,DectScheduledAccessNetwork.queue,delay_p99_ms,,,146.2782959252
Phase5_Tail-44-20261001-21:25:22-68,scalar,DectScheduledAccessNetwork.queue,delay_p999_ms,,,150.38765171242
Phase5_Tail-44-20261001-21:25:22-68,scalar,DectScheduledAccessNetwork.queue,tail_sample_count,,,1000000
Phase5_Tail-44-20261001-21:25:22-68,scalar,DectScheduledAccessNetwork.queue,effective_throughput_departures_per_ms,,,0.19967701907131
Phase5_Tail-44-20261001-21:25:22-68,scalar,DectScheduledAccessNetwork.queue,effective_throughput_accepted_per_ms,,,0.1996800142266
Phase5_Tail-44-20261001-21:25:22-68,scalar,DectScheduledAccessNetwork.queue,mean_delay_little_ms,,,71.980705703001
Phase5_Tail-44-20261001-21:25:22-68,scalar,DectScheduledAccessNetwork.queue,little_vs_direct_relative_error,,,1.5066216809245e-05
Phase5_Tail-44-20261001-21:25:22-68,scalar,DectScheduledAccessNetwork.queue,type1_service_fraction,,,0.083101498710288
Phase5_Tail-44-20261001-21:25:22-68,scalar,DectScheduledAccessNetwork.queue,type2_service_fraction,,,0.91689850128996
Phase5_Tail-44-20261001-21:25:22-68,scalar,DectScheduledAccessNetwork.queue,full_type1_fraction,,,0.00015014857047954
Phase5_Tail-44-20261001-21:25:22-68,scalar,DectScheduledAccessNetwork.queue,full_type2_fraction,,,0.015486658083865
Phase5_Tail-44-20261001-21:25:22-68,scalar,DectScheduledAccessNetwork.queue,nonfull_state_fraction,,,0.98436319334589
Phase5_Tail-44-20261001-21:25:22-68,scalar,DectScheduledAccessNetwork.queue,saturated_full_state_fraction,,,0.015636806654345
Phase5_Tail-44-20261001-21:25:22-68,scalar,DectScheduledAccessNetwork.queue,full_type1_phase_0_fraction,,,0.00013210615984247
Phase5_Tail-44-20261001-21:25:22-68,scalar,DectScheduledAccessNetwork.queue,full_type1_phase_1_fraction,,,1.8042410637065e-05
Phase5_Tail-45-20261001-21:25:22-68,scalar,DectScheduledAccessNetwork.queue,D,,,10
Phase5_Tail-45-20261001-21:25:22-68,scalar,DectScheduledAccessNetwork.queue,r,,,30
Phase5_Tail-45-20261001-21:25:22-68,scalar,DectScheduledAccessNetwork.queue,L_effective,,,2
Phase5_Tail-45-20261001-21:25:22-68,scalar,DectScheduledAccessNetwork.queue,rho,,,0.084745762712
Phase5_Tail-45-20261001-21:25:22-68,scalar,DectScheduledAccessNetwork.queue,lambda_per_ms,,,0.20338983034609
Phase5_Tail-45-20261001-21:25:22-68,scalar,DectScheduledAccessNetwork.queue,lambda_sat_per_ms,,,0.20338983049469
Phase5_Tail-45-20261001-21:25:22-68,scalar,DectScheduledAccessNetwork.queue,rho_sat,,,0.084745762773916
Phase5_Tail-45-20261001-21:25:22-68,scalar,DectScheduledAccessNetwork.queue,load_factor_rho_over_rho_sat,,,0.9999999992694
Phase5_Tail-45-20261001-21:25:22-68,scalar,DectScheduledAccessNetwork.queue,mean_type1_service_ms,,,0.416666667
Phase5_Tail-45-20261001-21:25:22-68,scalar,DectScheduledAccessNetwork.queue,type2_service_ms,,,9
Phase5_Tail-45-20261001-21:25:22-68,scalar,DectScheduledAccessNetwork.queue,warmup_type1_completions,,,200000
Phase5_Tail-45-20261001-21:25:22-68,scalar,DectScheduledAccessNetwork.queue,measured_arrivals,,,1017026
Phase5_Tail-45-20261001-21:25:22-68,scalar,DectScheduledAccessNetwork.queue,measured_accepted_arrivals,,,1000028
Phase5_Tail-45-20261001-21:25:22-68,scalar,DectScheduledAccessNetwork.queue,measured_blocked_arrivals,,,16998
Phase5_Tail-45-20261001-21:25:22-68,scalar,DectScheduledAccessNetwork.queue,measured_completed_packets,,,1000000
Phase5_Tail-45-20261001-21:25:22-68,scalar,DectScheduledAccessNetwork.queue,observation_time_s,,,4999.2960191146
Phase5_Tail-45-20261001-21:25:22-68,scalar,DectScheduledAccessNetwork.queue,blocking_probability,,,0.016713437021276
Phase5_Tail-45-20261001-21:25:22-68,scalar,DectScheduledAccessNetwork.queue,mean_type1_number,,,14.971881189355
Phase5_Tail-45-20261001-21:25:22-68,scalar,DectScheduledAccessNetwork.queue,mean_delay_direct_ms,,,74.846064703601
Phase5_Tail-45-20261001-21:25:22-68,scalar,DectScheduledAccessNetwork.queue,delay_p50_ms,,,75.070453048
Phase5_Tail-45-20261001-21:25:22-68,scalar,DectScheduledAccessNetwork.queue,delay_p95_ms,,,139.6142296394
Phase5_Tail-45-20261001-21:25:22-68,scalar,DectScheduledAccessNetwork.queue,delay_p99_ms,,,146.45356920243
Phase5_Tail-45-20261001-21:25:22-68,scalar,DectScheduledAccessNetwork.queue,delay_p999_ms,,,150.52729532875
Phase5_Tail-45-20261001-21:25:22-68,scalar,DectScheduledAccessNetwork.queue,tail_sample_count,,,1000000
Phase5_Tail-45-20261001-21:25:22-68,scalar,DectScheduledAccessNetwork.queue,effective_throughput_departures_per_ms,,,0.20002816320069
Phase5_Tail-45-20261001-21:25:22-68,scalar,DectScheduledAccessNetwork.queue,effective_throughput_accepted_per_ms,,,0.20003376398926
Phase5_Tail-45-20261001-21:25:22-68,scalar,DectScheduledAccessNetwork.queue,mean_delay_little_ms,,,74.848866028601
Phase5_Tail-45-20261001-21:25:22-68,scalar,DectScheduledAccessNetwork.queue,little_vs_direct_relative_error,,,3.7427819500335e-05
Phase5_Tail-45-20261001-21:25:22-68,scalar,DectScheduledAccessNetwork.queue,type1_service_fraction,,,0.083456754214861
Phase5_Tail-45-20261001-21:25:22-68,scalar,DectScheduledAccessNetwork.queue,type2_service_fraction,,,0.91654324578541
Phase5_Tail-45-20261001-21:25:22-68,scalar,DectScheduledAccessNetwork.queue,full_type1_fraction,,,0.00017205885040437
Phase5_Tail-45-20261001-21:25:22-68,scalar,DectScheduledAccessNetwork.queue,full_type2_fraction,,,0.016532213114788
Phase5_Tail-45-20261001-21:25:22-68,scalar,DectScheduledAccessNetwork.queue,nonfull_state_fraction,,,0.98329572803506
Phase5_Tail-45-20261001-21:25:22-68,scalar,DectScheduledAccessNetwork.queue,saturated_full_state_fraction,,,0.016704271965192
Phase5_Tail-45-20261001-21:25:22-68,scalar,DectScheduledAccessNetwork.queue,full_type1_phase_0_fraction,,,0.00014853772892699
Phase5_Tail-45-20261001-21:25:22-68,scalar,DectScheduledAccessNetwork.queue,full_type1_phase_1_fraction,,,2.3521121477385e-05
Phase5_Tail-46-20261001-21:25:22-68,scalar,DectScheduledAccessNetwork.queue,D,,,10
Phase5_Tail-46-20261001-21:25:22-68,scalar,DectScheduledAccessNetwork.queue,r,,,30
Phase5_Tail-46-20261001-21:25:22-68,scalar,DectScheduledAccessNetwork.queue,L_effective,,,2
Phase5_Tail-46-20261001-21:25:22-68,scalar,DectScheduledAccessNetwork.queue,rho,,,0.084745762712
Phase5_Tail-46-20261001-21:25:22-68,scalar,DectScheduledAccessNetwork.queue,lambda_per_ms,,,0.20338983034609
Phase5_Tail-46-20261001-21:25:22-68,scalar,DectScheduledAccessNetwork.queue,lambda_sat_per_ms,,,0.20338983049469
Phase5_Tail-46-20261001-21:25:22-68,scalar,DectScheduledAccessNetwork.queue,rho_sat,,,0.084745762773916
Phase5_Tail-46-20261001-21:25:22-68,scalar,DectScheduledAccessNetwork.queue,load_factor_rho_over_rho_sat,,,0.9999999992694
Phase5_Tail-46-20261001-21:25:22-68,scalar,DectScheduledAccessNetwork.queue,mean_type1_service_ms,,,0.416666667
Phase5_Tail-46-20261001-21:25:22-68,scalar,DectScheduledAccessNetwork.queue,type2_service_ms,,,9
Phase5_Tail-46-20261001-21:25:22-68,scalar,DectScheduledAccessNetwork.queue,warmup_type1_completions,,,200000
Phase5_Tail-46-20261001-21:25:22-68,scalar,DectScheduledAccessNetwork.queue,measured_arrivals,,,1016669
Phase5_Tail-46-20261001-21:25:22-68,scalar,DectScheduledAccessNetwork.queue,measured_accepted_arrivals,,,1000004
Phase5_Tail-46-20261001-21:25:22-68,scalar,DectScheduledAccessNetwork.queue,measured_blocked_arrivals,,,16665
Phase5_Tail-46-20261001-21:25:22-68,scalar,DectScheduledAccessNetwork.queue,measured_completed_packets,,,1000000
Phase5_Tail-46-20261001-21:25:22-68,scalar,DectScheduledAccessNetwork.queue,observation_time_s,,,5003.3452456928
Phase5_Tail-46-20261001-21:25:22-68,scalar,DectScheduledAccessNetwork.queue,blocking_probability,,,0.016391765658243
Phase5_Tail-46-20261001-21:25:22-68,scalar,DectScheduledAccessNetwork.queue,mean_type1_number,,,14.864389292295
Phase5_Tail-46-20261001-21:25:22-68,scalar,DectScheduledAccessNetwork.queue,mean_delay_direct_ms,,,74.37158836209
Phase5_Tail-46-20261001-21:25:22-68,scalar,DectScheduledAccessNetwork.queue,delay_p50_ms,,,74.520958335
Phase5_Tail-46-20261001-21:25:22-68,scalar,DectScheduledAccessNetwork.queue,delay_p95_ms,,,139.45952007275
Phase5_Tail-46-20261001-21:25:22-68,scalar,DectScheduledAccessNetwork.queue,delay_p99_ms,,,146.40306339027
Phase5_Tail-46-20261001-21:25:22-68,scalar,DectScheduledAccessNetwork.queue,delay_p999_ms,,,150.46115686858
Phase5_Tail-46-20261001-21:25:22-68,scalar,DectScheduledAccessNetwork.queue,tail_sample_count,,,1000000
Phase5_Tail-46-20261001-21:25:22-68,scalar,DectScheduledAccessNetwork.queue,effective_throughput_departures_per_ms,,,0.19986627963778
Phase5_Tail-46-20261001-21:25:22-68,scalar,DectScheduledAccessNetwork.queue,effective_throughput_accepted_per_ms,,,0.1998670791029
Phase5_Tail-46-20261001-21:25:22-68,scalar,DectScheduledAccessNetwork.queue,mean_delay_little_ms,,,74.371671495733
Phase5_Tail-46-20261001-21:25:22-68,scalar,DectScheduledAccessNetwork.queue,little_vs_direct_relative_error,,,1.1178145391533e-06
Phase5_Tail-46-20261001-21:25:22-68,scalar,DectScheduledAccessNetwork.queue,type1_service_fraction,,,0.08326314200513
Phase5_Tail-46-20261001-21:25:22-68,scalar,DectScheduledAccessNetwork.queue,type2_service_fraction,,,0.91673685799508
Phase5_Tail-46-20261001-21:25:22-68,scalar,DectScheduledAccessNetwork.queue,full_type1_fraction,,,0.00017421838928553
Phase5_Tail-46-20261001-21:25:22-68,scalar,DectScheduledAccessNetwork.queue,full_type2_fraction,,,0.016271019901593
Phase5_Tail-46-20261001-21:25:22-68,scalar,DectScheduledAccessNetwork.queue,nonfull_state_fraction,,,0.98355476170936
Phase5_Tail-46-20261001-21:25:22-68,scalar,DectScheduledAccessNetwork.queue,saturated_full_state_fraction,,,0.016445238290879
Phase5_Tail-46-20261001-21:25:22-68,scalar,DectScheduledAccessNetwork.queue,full_type1_phase_0_fraction,,,0.0001508415718447
Phase5_Tail-46-20261001-21:25:22-68,scalar,DectScheduledAccessNetwork.queue,full_type1_phase_1_fraction,,,2.3376817440829e-05
Phase5_Tail-47-20261001-21:25:23-68,scalar,DectScheduledAccessNetwork.queue,D,,,10
Phase5_Tail-47-20261001-21:25:23-68,scalar,DectScheduledAccessNetwork.queue,r,,,30
Phase5_Tail-47-20261001-21:25:23-68,scalar,DectScheduledAccessNetwork.queue,L_effective,,,2
Phase5_Tail-47-20261001-21:25:23-68,scalar,DectScheduledAccessNetwork.queue,rho,,,0.084745762712
Phase5_Tail-47-20261001-21:25:23-68,scalar,DectScheduledAccessNetwork.queue,lambda_per_ms,,,0.20338983034609
Phase5_Tail-47-20261001-21:25:23-68,scalar,DectScheduledAccessNetwork.queue,lambda_sat_per_ms,,,0.20338983049469
Phase5_Tail-47-20261001-21:25:23-68,scalar,DectScheduledAccessNetwork.queue,rho_sat,,,0.084745762773916
Phase5_Tail-47-20261001-21:25:23-68,scalar,DectScheduledAccessNetwork.queue,load_factor_rho_over_rho_sat,,,0.9999999992694
Phase5_Tail-47-20261001-21:25:23-68,scalar,DectScheduledAccessNetwork.queue,mean_type1_service_ms,,,0.416666667
Phase5_Tail-47-20261001-21:25:23-68,scalar,DectScheduledAccessNetwork.queue,type2_service_ms,,,9
Phase5_Tail-47-20261001-21:25:23-68,scalar,DectScheduledAccessNetwork.queue,warmup_type1_completions,,,200000
Phase5_Tail-47-20261001-21:25:23-68,scalar,DectScheduledAccessNetwork.queue,measured_arrivals,,,1017165
Phase5_Tail-47-20261001-21:25:23-68,scalar,DectScheduledAccessNetwork.queue,measured_accepted_arrivals,,,1000006
Phase5_Tail-47-20261001-21:25:23-68,scalar,DectScheduledAccessNetwork.queue,measured_blocked_arrivals,,,17159
Phase5_Tail-47-20261001-21:25:23-68,scalar,DectScheduledAccessNetwork.queue,measured_completed_packets,,,1000000
Phase5_Tail-47-20261001-21:25:23-68,scalar,DectScheduledAccessNetwork.queue,observation_time_s,,,5003.5200401648
Phase5_Tail-47-20261001-21:25:23-68,scalar,DectScheduledAccessNetwork.queue,blocking_probability,,,0.016869436128848
Phase5_Tail-47-20261001-21:25:23-68,scalar,DectScheduledAccessNetwork.queue,mean_type1_number,,,14.885704957281
Phase5_Tail-47-20261001-21:25:23-68,scalar,DectScheduledAccessNetwork.queue,mean_delay_direct_ms,,,74.480085394457
Phase5_Tail-47-20261001-21:25:23-68,scalar,DectScheduledAccessNetwork.queue,delay_p50_ms,,,74.570300333
Phase5_Tail-47-20261001-21:25:23-68,scalar,DectScheduledAccessNetwork.queue,delay_p95_ms,,,139.69306349225
Phase5_Tail-47-20261001-21:25:23-68,scalar,DectScheduledAccessNetwork.queue,delay_p99_ms,,,146.42877838326
Phase5_Tail-47-20261001-21:25:23-68,scalar,DectScheduledAccessNetwork.queue,delay_p999_ms,,,150.48637004468
Phase5_Tail-47-20261001-21:25:23-68,scalar,DectScheduledAccessNetwork.queue,tail_sample_count,,,1000000
Phase5_Tail-47-20261001-21:25:23-68,scalar,DectScheduledAccessNetwork.queue,effective_throughput_departures_per_ms,,,0.19985929744914
Phase5_Tail-47-20261001-21:25:23-68,scalar,DectScheduledAccessNetwork.queue,effective_throughput_accepted_per_ms,,,0.19986049660492
Phase5_Tail-47-20261001-21:25:23-68,scalar,DectScheduledAccessNetwork.queue,mean_delay_little_ms,,,74.480923065734
Phase5_Tail-47-20261001-21:25:23-68,scalar,DectScheduledAccessNetwork.queue,little_vs_direct_relative_error,,,1.1246916175933e-05
Phase5_Tail-47-20261001-21:25:23-68,scalar,DectScheduledAccessNetwork.queue,type1_service_fraction,,,0.083172853675842
Phase5_Tail-47-20261001-21:25:23-68,scalar,DectScheduledAccessNetwork.queue,type2_service_fraction,,,0.91682714632434
Phase5_Tail-47-20261001-21:25:23-68,scalar,DectScheduledAccessNetwork.queue,full_type1_fraction,,,0.00017238022516616
Phase5_Tail-47-20261001-21:25:23-68,scalar,DectScheduledAccessNetwork.queue,full_type2_fraction,,,0.016608200451196
Phase5_Tail-47-20261001-21:25:23-68,scalar,DectScheduledAccessNetwork.queue,nonfull_state_fraction,,,0.98321941932384
Phase5_Tail-47-20261001-21:25:23-68,scalar,DectScheduledAccessNetwork.queue,saturated_full_state_fraction,,,0.016780580676362
Phase5_Tail-47-20261001-21:25:23-68,scalar,DectScheduledAccessNetwork.queue,full_type1_phase_0_fraction,,,0.00015125771557479
Phase5_Tail-47-20261001-21:25:23-68,scalar,DectScheduledAccessNetwork.queue,full_type1_phase_1_fraction,,,2.1122509591372e-05
Phase5_Tail-48-20261001-21:25:23-68,scalar,DectScheduledAccessNetwork.queue,D,,,10
Phase5_Tail-48-20261001-21:25:23-68,scalar,DectScheduledAccessNetwork.queue,r,,,30
Phase5_Tail-48-20261001-21:25:23-68,scalar,DectScheduledAccessNetwork.queue,L_effective,,,2
Phase5_Tail-48-20261001-21:25:23-68,scalar,DectScheduledAccessNetwork.queue,rho,,,0.084745762712
Phase5_Tail-48-20261001-21:25:23-68,scalar,DectScheduledAccessNetwork.queue,lambda_per_ms,,,0.20338983034609
Phase5_Tail-48-20261001-21:25:23-68,scalar,DectScheduledAccessNetwork.queue,lambda_sat_per_ms,,,0.20338983049469
Phase5_Tail-48-20261001-21:25:23-68,scalar,DectScheduledAccessNetwork.queue,rho_sat,,,0.084745762773916
Phase5_Tail-48-20261001-21:25:23-68,scalar,DectScheduledAccessNetwork.queue,load_factor_rho_over_rho_sat,,,0.9999999992694
Phase5_Tail-48-20261001-21:25:23-68,scalar,DectScheduledAccessNetwork.queue,mean_type1_service_ms,,,0.416666667
Phase5_Tail-48-20261001-21:25:23-68,scalar,DectScheduledAccessNetwork.queue,type2_service_ms,,,9
Phase5_Tail-48-20261001-21:25:23-68,scalar,DectScheduledAccessNetwork.queue,warmup_type1_completions,,,200000
Phase5_Tail-48-20261001-21:25:23-68,scalar,DectScheduledAccessNetwork.queue,measured_arrivals,,,1017211
Phase5_Tail-48-20261001-21:25:23-68,scalar,DectScheduledAccessNetwork.queue,measured_accepted_arrivals,,,1000007
Phase5_Tail-48-20261001-21:25:23-68,scalar,DectScheduledAccessNetwork.queue,measured_blocked_arrivals,,,17204
Phase5_Tail-48-20261001-21:25:23-68,scalar,DectScheduledAccessNetwork.queue,measured_completed_packets,,,1000000
Phase5_Tail-48-20261001-21:25:23-68,scalar,DectScheduledAccessNetwork.queue,observation_time_s,,,5002.2572521093
Phase5_Tail-48-20261001-21:25:23-68,scalar,DectScheduledAccessNetwork.queue,blocking_probability,,,0.016912911873741
Phase5_Tail-48-20261001-21:25:23-68,scalar,DectScheduledAccessNetwork.queue,mean_type1_number,,,14.869542105106
Phase5_Tail-48-20261001-21:25:23-68,scalar,DectScheduledAccessNetwork.queue,mean_delay_direct_ms,,,74.380877867303
Phase5_Tail-48-20261001-21:25:23-68,scalar,DectScheduledAccessNetwork.queue,delay_p50_ms,,,74.2683108585
Phase5_Tail-48-20261001-21:25:23-68,scalar,DectScheduledAccessNetwork.queue,delay_p95_ms,,,139.84012860195
Phase5_Tail-48-20261001-21:25:23-68,scalar,DectScheduledAccessNetwork.queue,delay_p99_ms,,,146.54674891928
Phase5_Tail-48-20261001-21:25:23-68,scalar,DectScheduledAccessNetwork.queue,delay_p999_ms,,,150.60755851409
Phase5_Tail-48-20261001-21:25:23-68,scalar,DectScheduledAccessNetwork.queue,tail_sample_count,,,1000000
Phase5_Tail-48-20261001-21:25:23-68,scalar,DectScheduledAccessNetwork.queue,effective_throughput_departures_per_ms,,,0.19990975065873
Phase5_Tail-48-20261001-21:25:23-68,scalar,DectScheduledAccessNetwork.queue,effective_throughput_accepted_per_ms,,,0.19991115002699
Phase5_Tail-48-20261001-21:25:23-68,scalar,DectScheduledAccessNetwork.queue,mean_delay_little_ms,,,74.381274830811
Phase5_Tail-48-20261001-21:25:23-68,scalar,DectScheduledAccessNetwork.queue,little_vs_direct_relative_error,,,5.3369027002148e-06
Phase5_Tail-48-20261001-21:25:23-68,scalar,DectScheduledAccessNetwork.queue,type1_service_fraction,,,0.083252665970685
Phase5_Tail-48-20261001-21:25:23-68,scalar,DectScheduledAccessNetwork.queue,type2_service_fraction,,,0.91674733402951
Phase5_Tail-48-20261001-21:25:23-68,scalar,DectScheduledAccessNetwork.queue,full_type1_fraction,,,0.00017438287120103
Phase5_Tail-48-20261001-21:25:23-68,scalar,DectScheduledAccessNetwork.queue,full_type2_fraction,,,0.01693072868347
Phase5_Tail-48-20261001-21:25:23-68,scalar,DectScheduledAccessNetwork.queue,nonfull_state_fraction,,,0.98289488844553
Phase5_Tail-48-20261001-21:25:23-68,scalar,DectScheduledAccessNetwork.queue,saturated_full_state_fraction,,,0.017105111554671
Phase5_Tail-48-20261001-21:25:23-68,scalar,DectScheduledAccessNetwork.queue,full_type1_phase_0_fraction,,,0.00015230697383061
Phase5_Tail-48-20261001-21:25:23-68,scalar,DectScheduledAccessNetwork.queue,full_type1_phase_1_fraction,,,2.2075897370419e-05
Phase5_Tail-49-20261001-21:25:23-68,scalar,DectScheduledAccessNetwork.queue,D,,,10
Phase5_Tail-49-20261001-21:25:23-68,scalar,DectScheduledAccessNetwork.queue,r,,,30
Phase5_Tail-49-20261001-21:25:23-68,scalar,DectScheduledAccessNetwork.queue,L_effective,,,2
Phase5_Tail-49-20261001-21:25:23-68,scalar,DectScheduledAccessNetwork.queue,rho,,,0.084745762712
Phase5_Tail-49-20261001-21:25:23-68,scalar,DectScheduledAccessNetwork.queue,lambda_per_ms,,,0.20338983034609
Phase5_Tail-49-20261001-21:25:23-68,scalar,DectScheduledAccessNetwork.queue,lambda_sat_per_ms,,,0.20338983049469
Phase5_Tail-49-20261001-21:25:23-68,scalar,DectScheduledAccessNetwork.queue,rho_sat,,,0.084745762773916
Phase5_Tail-49-20261001-21:25:23-68,scalar,DectScheduledAccessNetwork.queue,load_factor_rho_over_rho_sat,,,0.9999999992694
Phase5_Tail-49-20261001-21:25:23-68,scalar,DectScheduledAccessNetwork.queue,mean_type1_service_ms,,,0.416666667
Phase5_Tail-49-20261001-21:25:23-68,scalar,DectScheduledAccessNetwork.queue,type2_service_ms,,,9
Phase5_Tail-49-20261001-21:25:23-68,scalar,DectScheduledAccessNetwork.queue,warmup_type1_completions,,,200000
Phase5_Tail-49-20261001-21:25:23-68,scalar,DectScheduledAccessNetwork.queue,measured_arrivals,,,1016590
Phase5_Tail-49-20261001-21:25:23-68,scalar,DectScheduledAccessNetwork.queue,measured_accepted_arrivals,,,1000007
Phase5_Tail-49-20261001-21:25:23-68,scalar,DectScheduledAccessNetwork.queue,measured_blocked_arrivals,,,16583
Phase5_Tail-49-20261001-21:25:23-68,scalar,DectScheduledAccessNetwork.queue,measured_completed_packets,,,1000000
Phase5_Tail-49-20261001-21:25:23-68,scalar,DectScheduledAccessNetwork.queue,observation_time_s,,,5001.7831240132
Phase5_Tail-49-20261001-21:25:23-68,scalar,DectScheduledAccessNetwork.queue,blocking_probability,,,0.016312377654708
Phase5_Tail-49-20261001-21:25:23-68,scalar,DectScheduledAccessNetwork.queue,mean_type1_number,,,14.693538330118
Phase5_Tail-49-20261001-21:25:23-68,scalar,DectScheduledAccessNetwork.queue,mean_delay_direct_ms,,,73.493005965609
Phase5_Tail-49-20261001-21:25:23-68,scalar,DectScheduledAccessNetwork.queue,delay_p50_ms,,,72.6254901295
Phase5_Tail-49-20261001-21:25:23-68,scalar,DectScheduledAccessNetwork.queue,delay_p95_ms,,,139.39257003795
Phase5_Tail-49-20261001-21:25:23-68,scalar,DectScheduledAccessNetwork.queue,delay_p99_ms,,,146.33879869749
Phase5_Tail-49-20261001-21:25:23-68,scalar,DectScheduledAccessNetwork.queue,delay_p999_ms,,,150.44292564888
Phase5_Tail-49-20261001-21:25:23-68,scalar,DectScheduledAccessNetwork.queue,tail_sample_count,,,1000000
Phase5_Tail-49-20261001-21:25:23-68,scalar,DectScheduledAccessNetwork.queue,effective_throughput_departures_per_ms,,,0.19992870046665
Phase5_Tail-49-20261001-21:25:23-68,scalar,DectScheduledAccessNetwork.queue,effective_throughput_accepted_per_ms,,,0.19993009996756
Phase5_Tail-49-20261001-21:25:23-68,scalar,DectScheduledAccessNetwork.queue,mean_delay_little_ms,,,73.493892051625
Phase5_Tail-49-20261001-21:25:23-68,scalar,DectScheduledAccessNetwork.queue,little_vs_direct_relative_error,,,1.2056739336241e-05
Phase5_Tail-49-20261001-21:25:23-68,scalar,DectScheduledAccessNetwork.queue,type1_service_fraction,,,0.083291720909106
Phase5_Tail-49-20261001-21:25:23-68,scalar,DectScheduledAccessNetwork.queue,type2_service_fraction,,,0.91670827909111
Phase5_Tail-49-20261001-21:25:23-68,scalar,DectScheduledAccessNetwork.queue,full_type1_fraction,,,0.00017582949426571
Phase5_Tail-49-20261001-21:25:23-68,scalar,DectScheduledAccessNetwork.queue,full_type2_fraction,,,0.016163696163448
Phase5_Tail-49-20261001-21:25:23-68,scalar,DectScheduledAccessNetwork.queue,nonfull_state_fraction,,,0.98366047434253
Phase5_Tail-49-20261001-21:25:23-68,scalar,DectScheduledAccessNetwork.queue,saturated_full_state_fraction,,,0.016339525657714
Phase5_Tail-49-20261001-21:25:23-68,scalar,DectScheduledAccessNetwork.queue,full_type1_phase_0_fraction,,,0.00015124905182754
Phase5_Tail-49-20261001-21:25:23-68,scalar,DectScheduledAccessNetwork.queue,full_type1_phase_1_fraction,,,2.4580442438167e-05
Phase5_Tail-50-20261001-21:25:24-68,scalar,DectScheduledAccessNetwork.queue,D,,,10
Phase5_Tail-50-20261001-21:25:24-68,scalar,DectScheduledAccessNetwork.queue,r,,,30
Phase5_Tail-50-20261001-21:25:24-68,scalar,DectScheduledAccessNetwork.queue,L_effective,,,2
Phase5_Tail-50-20261001-21:25:24-68,scalar,DectScheduledAccessNetwork.queue,rho,,,0.093220338983
Phase5_Tail-50-20261001-21:25:24-68,scalar,DectScheduledAccessNetwork.queue,lambda_per_ms,,,0.22372881338022
Phase5_Tail-50-20261001-21:25:24-68,scalar,DectScheduledAccessNetwork.queue,lambda_sat_per_ms,,,0.20338983049469
Phase5_Tail-50-20261001-21:25:24-68,scalar,DectScheduledAccessNetwork.queue,rho_sat,,,0.084745762773916
Phase5_Tail-50-20261001-21:25:24-68,scalar,DectScheduledAccessNetwork.queue,load_factor_rho_over_rho_sat,,,1.099999999194
Phase5_Tail-50-20261001-21:25:24-68,scalar,DectScheduledAccessNetwork.queue,mean_type1_service_ms,,,0.416666667
Phase5_Tail-50-20261001-21:25:24-68,scalar,DectScheduledAccessNetwork.queue,type2_service_ms,,,9
Phase5_Tail-50-20261001-21:25:24-68,scalar,DectScheduledAccessNetwork.queue,warmup_type1_completions,,,200000
Phase5_Tail-50-20261001-21:25:24-68,scalar,DectScheduledAccessNetwork.queue,measured_arrivals,,,1098937
Phase5_Tail-50-20261001-21:25:24-68,scalar,DectScheduledAccessNetwork.queue,measured_accepted_arrivals,,,1000029
Phase5_Tail-50-20261001-21:25:24-68,scalar,DectScheduledAccessNetwork.queue,measured_blocked_arrivals,,,98908
Phase5_Tail-50-20261001-21:25:24-68,scalar,DectScheduledAccessNetwork.queue,measured_completed_packets,,,1000000
Phase5_Tail-50-20261001-21:25:24-68,scalar,DectScheduledAccessNetwork.queue,observation_time_s,,,4918.7464739463
Phase5_Tail-50-20261001-21:25:24-68,scalar,DectScheduledAccessNetwork.queue,blocking_probability,,,0.090003339590896
Phase5_Tail-50-20261001-21:25:24-68,scalar,DectScheduledAccessNetwork.queue,mean_type1_number,,,24.681986874337
Phase5_Tail-50-20261001-21:25:24-68,scalar,DectScheduledAccessNetwork.queue,mean_delay_direct_ms,,,121.40198421495
Phase5_Tail-50-20261001-21:25:24-68,scalar,DectScheduledAccessNetwork.queue,delay_p50_ms,,,128.644659423
Phase5_Tail-50-20261001-21:25:24-68,scalar,DectScheduledAccessNetwork.queue,delay_p95_ms,,,146.5380079521
Phase5_Tail-50-20261001-21:25:24-68,scalar,DectScheduledAccessNetwork.queue,delay_p99_ms,,,149.55304970391
Phase5_Tail-50-20261001-21:25:24-68,scalar,DectScheduledAccessNetwork.queue,delay_p999_ms,,,152.66866865747
Phase5_Tail-50-20261001-21:25:24-68,scalar,DectScheduledAccessNetwork.queue,tail_sample_count,,,1000000
Phase5_Tail-50-20261001-21:25:24-68,scalar,DectScheduledAccessNetwork.queue,effective_throughput_departures_per_ms,,,0.20330383061961
Phase5_Tail-50-20261001-21:25:24-68,scalar,DectScheduledAccessNetwork.queue,effective_throughput_accepted_per_ms,,,0.2033097264307
Phase5_Tail-50-20261001-21:25:24-68,scalar,DectScheduledAccessNetwork.queue,mean_delay_little_ms,,,121.40443590813
Phase5_Tail-50-20261001-21:25:24-68,scalar,DectScheduledAccessNetwork.queue,little_vs_direct_relative_error,,,2.0194836179321e-05
Phase5_Tail-50-20261001-21:25:24-68,scalar,DectScheduledAccessNetwork.queue,type1_service_fraction,,,0.084719242220261
Phase5_Tail-50-20261001-21:25:24-68,scalar,DectScheduledAccessNetwork.queue,type2_service_fraction,,,0.91528075777993
Phase5_Tail-50-20261001-21:25:24-68,scalar,DectScheduledAccessNetwork.queue,full_type1_fraction,,,0.00094056129037939
Phase5_Tail-50-20261001-21:25:24-68,scalar,DectScheduledAccessNetwork.queue,full_type2_fraction,,,0.089146036524532
Phase5_Tail-50-20261001-21:25:24-68,scalar,DectScheduledAccessNetwork.queue,nonfull_state_fraction,,,0.90991340218529
Phase5_Tail-50-20261001-21:25:24-68,scalar,DectScheduledAccessNetwork.queue,saturated_full_state_fraction,,,0.090086597814912
Phase5_Tail-50-20261001-21:25:24-68,scalar,DectScheduledAccessNetwork.queue,full_type1_phase_0_fraction,,,0.0008080492910065
Phase5_Tail-50-20261001-21:25:24-68,scalar,DectScheduledAccessNetwork.queue,full_type1_phase_1_fraction,,,0.0001325119993729
Phase5_Tail-51-20261001-21:25:24-68,scalar,DectScheduledAccessNetwork.queue,D,,,10
Phase5_Tail-51-20261001-21:25:24-68,scalar,DectScheduledAccessNetwork.queue,r,,,30
Phase5_Tail-51-20261001-21:25:24-68,scalar,DectScheduledAccessNetwork.queue,L_effective,,,2
Phase5_Tail-51-20261001-21:25:24-68,scalar,DectScheduledAccessNetwork.queue,rho,,,0.093220338983
Phase5_Tail-51-20261001-21:25:24-68,scalar,DectScheduledAccessNetwork.queue,lambda_per_ms,,,0.22372881338022
Phase5_Tail-51-20261001-21:25:24-68,scalar,DectScheduledAccessNetwork.queue,lambda_sat_per_ms,,,0.20338983049469
Phase5_Tail-51-20261001-21:25:24-68,scalar,DectScheduledAccessNetwork.queue,rho_sat,,,0.084745762773916
Phase5_Tail-51-20261001-21:25:24-68,scalar,DectScheduledAccessNetwork.queue,load_factor_rho_over_rho_sat,,,1.099999999194
Phase5_Tail-51-20261001-21:25:24-68,scalar,DectScheduledAccessNetwork.queue,mean_type1_service_ms,,,0.416666667
Phase5_Tail-51-20261001-21:25:24-68,scalar,DectScheduledAccessNetwork.queue,type2_service_ms,,,9
Phase5_Tail-51-20261001-21:25:24-68,scalar,DectScheduledAccessNetwork.queue,warmup_type1_completions,,,200000
Phase5_Tail-51-20261001-21:25:24-68,scalar,DectScheduledAccessNetwork.queue,measured_arrivals,,,1101021
Phase5_Tail-51-20261001-21:25:24-68,scalar,DectScheduledAccessNetwork.queue,measured_accepted_arrivals,,,1000028
Phase5_Tail-51-20261001-21:25:24-68,scalar,DectScheduledAccessNetwork.queue,measured_blocked_arrivals,,,100993
Phase5_Tail-51-20261001-21:25:24-68,scalar,DectScheduledAccessNetwork.queue,measured_completed_packets,,,1000000
Phase5_Tail-51-20261001-21:25:24-68,scalar,DectScheduledAccessNetwork.queue,observation_time_s,,,4919.1186616314
Phase5_Tail-51-20261001-21:25:24-68,scalar,DectScheduledAccessNetwork.queue,blocking_probability,,,0.091726679145993
Phase5_Tail-51-20261001-21:25:24-68,scalar,DectScheduledAccessNetwork.queue,mean_type1_number,,,24.746409080741
Phase5_Tail-51-20261001-21:25:24-68,scalar,DectScheduledAccessNetwork.queue,mean_delay_direct_ms,,,121.72797943652
Phase5_Tail-51-20261001-21:25:24-68,scalar,DectScheduledAccessNetwork.queue,delay_p50_ms,,,128.9659933325
Phase5_Tail-51-20261001-21:25:24-68,scalar,DectScheduledAccessNetwork.queue,delay_p95_ms,,,146.63119566865
Phase5_Tail-51-20261001-21:25:24-68,scalar,DectScheduledAccessNetwork.queue,delay_p99_ms,,,149.63718020462
Phase5_Tail-51-20261001-21:25:24-68,scalar,DectScheduledAccessNetwork.queue,delay_p999_ms,,,152.69898342179
Phase5_Tail-51-20261001-21:25:24-68,scalar,DectScheduledAccessNetwork.queue,tail_sample_count,,,1000000
Phase5_Tail-51-20261001-21:25:24-68,scalar,DectScheduledAccessNetwork.queue,effective_throughput_departures_per_ms,,,0.20328844835557
Phase5_Tail-51-20261001-21:25:24-68,scalar,DectScheduledAccessNetwork.queue,effective_throughput_accepted_per_ms,,,0.20329414043213
Phase5_Tail-51-20261001-21:25:24-68,scalar,DectScheduledAccessNetwork.queue,mean_delay_little_ms,,,121.73052271744
Phase5_Tail-51-20261001-21:25:24-68,scalar,DectScheduledAccessNetwork.queue,little_vs_direct_relative_error,,,2.089314987197e-05
Phase5_Tail-51-20261001-21:25:24-68,scalar,DectScheduledAccessNetwork.queue,type1_service_fraction,,,0.084865336729437
Phase5_Tail-51-20261001-21:25:24-68,scalar,DectScheduledAccessNetwork.queue,type2_service_fraction,,,0.91513466327076
Phase5_Tail-51-20261001-21:25:24-68,scalar,DectScheduledAccessNetwork.queue,full_type1_fraction,,,0.00099269771069468
Phase5_Tail-51-20261001-21:25:24-68,scalar,DectScheduledAccessNetwork.queue,full_type2_fraction,,,0.090677537597765
Phase5_Tail-51-20261001-21:25:24-68,scalar,DectScheduledAccessNetwork.queue,nonfull_state_fraction,,,0.90832976469169
Phase5_Tail-51-20261001-21:25:24-68,scalar,DectScheduledAccessNetwork.queue,saturated_full_state_fraction,,,0.091670235308459
Phase5_Tail-51-20261001-21:25:24-68,scalar,DectScheduledAccessNetwork.queue,full_type1_phase_0_fraction,,,0.00085167236923526
Phase5_Tail-51-20261001-21:25:24-68,scalar,DectScheduledAccessNetwork.queue,full_type1_phase_1_fraction,,,0.00014102534145943
Phase5_Tail-52-20261001-21:25:24-68,scalar,DectScheduledAccessNetwork.queue,D,,,10
Phase5_Tail-52-20261001-21:25:24-68,scalar,DectScheduledAccessNetwork.queue,r,,,30
Phase5_Tail-52-20261001-21:25:24-68,scalar,DectScheduledAccessNetwork.queue,L_effective,,,2
Phase5_Tail-52-20261001-21:25:24-68,scalar,DectScheduledAccessNetwork.queue,rho,,,0.093220338983
Phase5_Tail-52-20261001-21:25:24-68,scalar,DectScheduledAccessNetwork.queue,lambda_per_ms,,,0.22372881338022
Phase5_Tail-52-20261001-21:25:24-68,scalar,DectScheduledAccessNetwork.queue,lambda_sat_per_ms,,,0.20338983049469
Phase5_Tail-52-20261001-21:25:24-68,scalar,DectScheduledAccessNetwork.queue,rho_sat,,,0.084745762773916
Phase5_Tail-52-20261001-21:25:24-68,scalar,DectScheduledAccessNetwork.queue,load_factor_rho_over_rho_sat,,,1.099999999194
Phase5_Tail-52-20261001-21:25:24-68,scalar,DectScheduledAccessNetwork.queue,mean_type1_service_ms,,,0.416666667
Phase5_Tail-52-20261001-21:25:24-68,scalar,DectScheduledAccessNetwork.queue,type2_service_ms,,,9
Phase5_Tail-52-20261001-21:25:24-68,scalar,DectScheduledAccessNetwork.queue,warmup_type1_completions,,,200000
Phase5_Tail-52-20261001-21:25:24-68,scalar,DectScheduledAccessNetwork.queue,measured_arrivals,,,1100719
Phase5_Tail-52-20261001-21:25:24-68,scalar,DectScheduledAccessNetwork.queue,measured_accepted_arrivals,,,1000017
Phase5_Tail-52-20261001-21:25:24-68,scalar,DectScheduledAccessNetwork.queue,measured_blocked_arrivals,,,100702
Phase5_Tail-52-20261001-21:25:24-68,scalar,DectScheduledAccessNetwork.queue,measured_completed_packets,,,1000000
Phase5_Tail-52-20261001-21:25:24-68,scalar,DectScheduledAccessNetwork.queue,observation_time_s,,,4917.5078288254
Phase5_Tail-52-20261001-21:25:24-68,scalar,DectScheduledAccessNetwork.queue,blocking_probability,,,0.09148747318798
Phase5_Tail-52-20261001-21:25:24-68,scalar,DectScheduledAccessNetwork.queue,mean_type1_number,,,24.806243463445
Phase5_Tail-52-20261001-21:25:24-68,scalar,DectScheduledAccessNetwork.queue,mean_delay_direct_ms,,,121.98218036595
Phase5_Tail-52-20261001-21:25:24-68,scalar,DectScheduledAccessNetwork.queue,delay_p50_ms,,,128.9835395655
Phase5_Tail-52-20261001-21:25:24-68,scalar,DectScheduledAccessNetwork.queue,delay_p95_ms,,,146.5533626497
Phase5_Tail-52-20261001-21:25:24-68,scalar,DectScheduledAccessNetwork.queue,delay_p99_ms,,,149.54454763493
Phase5_Tail-52-20261001-21:25:24-68,scalar,DectScheduledAccessNetwork.queue,delay_p999_ms,,,152.55199049042
Phase5_Tail-52-20261001-21:25:24-68,scalar,DectScheduledAccessNetwork.queue,tail_sample_count,,,1000000
Phase5_Tail-52-20261001-21:25:24-68,scalar,DectScheduledAccessNetwork.queue,effective_throughput_departures_per_ms,,,0.20335503974965
Phase5_Tail-52-20261001-21:25:24-68,scalar,DectScheduledAccessNetwork.queue,effective_throughput_accepted_per_ms,,,0.20335849678532
Phase5_Tail-52-20261001-21:25:24-68,scalar,DectScheduledAccessNetwork.queue,mean_delay_little_ms,,,121.98489643524
Phase5_Tail-52-20261001-21:25:24-68,scalar,DectScheduledAccessNetwork.queue,little_vs_direct_relative_error,,,2.2266115281777e-05
Phase5_Tail-52-20261001-21:25:24-68,scalar,DectScheduledAccessNetwork.queue,type1_service_fraction,,,0.084649754167219
Phase5_Tail-52-20261001-21:25:24-68,scalar,DectScheduledAccessNetwork.queue,type2_service_fraction,,,0.91535024583297
Phase5_Tail-52-20261001-21:25:24-68,scalar,DectScheduledAccessNetwork.queue,full_type1_fraction,,,0.00098011127371204
Phase5_Tail-52-20261001-21:25:24-68,scalar,DectScheduledAccessNetwork.queue,full_type2_fraction,,,0.090640588641029
Phase5_Tail-52-20261001-21:25:24-68,scalar,DectScheduledAccessNetwork.queue,nonfull_state_fraction,,,0.90837930008546
Phase5_Tail-52-20261001-21:25:24-68,scalar,DectScheduledAccessNetwork.queue,saturated_full_state_fraction,,,0.091620699914741
Phase5_Tail-52-20261001-21:25:24-68,scalar,DectScheduledAccessNetwork.queue,full_type1_phase_0_fraction,,,0.00083956814073525
Phase5_Tail-52-20261001-21:25:24-68,scalar,DectScheduledAccessNetwork.queue,full_type1_phase_1_fraction,,,0.00014054313297679
Phase5_Tail-53-20261001-21:25:25-68,scalar,DectScheduledAccessNetwork.queue,D,,,10
Phase5_Tail-53-20261001-21:25:25-68,scalar,DectScheduledAccessNetwork.queue,r,,,30
Phase5_Tail-53-20261001-21:25:25-68,scalar,DectScheduledAccessNetwork.queue,L_effective,,,2
Phase5_Tail-53-20261001-21:25:25-68,scalar,DectScheduledAccessNetwork.queue,rho,,,0.093220338983
Phase5_Tail-53-20261001-21:25:25-68,scalar,DectScheduledAccessNetwork.queue,lambda_per_ms,,,0.22372881338022
Phase5_Tail-53-20261001-21:25:25-68,scalar,DectScheduledAccessNetwork.queue,lambda_sat_per_ms,,,0.20338983049469
Phase5_Tail-53-20261001-21:25:25-68,scalar,DectScheduledAccessNetwork.queue,rho_sat,,,0.084745762773916
Phase5_Tail-53-20261001-21:25:25-68,scalar,DectScheduledAccessNetwork.queue,load_factor_rho_over_rho_sat,,,1.099999999194
Phase5_Tail-53-20261001-21:25:25-68,scalar,DectScheduledAccessNetwork.queue,mean_type1_service_ms,,,0.416666667
Phase5_Tail-53-20261001-21:25:25-68,scalar,DectScheduledAccessNetwork.queue,type2_service_ms,,,9
Phase5_Tail-53-20261001-21:25:25-68,scalar,DectScheduledAccessNetwork.queue,warmup_type1_completions,,,200000
Phase5_Tail-53-20261001-21:25:25-68,scalar,DectScheduledAccessNetwork.queue,measured_arrivals,,,1098363
Phase5_Tail-53-20261001-21:25:25-68,scalar,DectScheduledAccessNetwork.queue,measured_accepted_arrivals,,,1000021
Phase5_Tail-53-20261001-21:25:25-68,scalar,DectScheduledAccessNetwork.queue,measured_blocked_arrivals,,,98342
Phase5_Tail-53-20261001-21:25:25-68,scalar,DectScheduledAccessNetwork.queue,measured_completed_packets,,,1000000
Phase5_Tail-53-20261001-21:25:25-68,scalar,DectScheduledAccessNetwork.queue,observation_time_s,,,4918.1262150185
Phase5_Tail-53-20261001-21:25:25-68,scalar,DectScheduledAccessNetwork.queue,blocking_probability,,,0.08953506263412
Phase5_Tail-53-20261001-21:25:25-68,scalar,DectScheduledAccessNetwork.queue,mean_type1_number,,,24.610192760785
Phase5_Tail-53-20261001-21:25:25-68,scalar,DectScheduledAccessNetwork.queue,mean_delay_direct_ms,,,121.03236489624
Phase5_Tail-53-20261001-21:25:25-68,scalar,DectScheduledAccessNetwork.queue,delay_p50_ms,,,128.3437897555
Phase5_Tail-53-20261001-21:25:25-68,scalar,DectScheduledAccessNetwork.queue,delay_p95_ms,,,146.51827518515
Phase5_Tail-53-20261001-21:25:25-68,scalar,DectScheduledAccessNetwork.queue,delay_p99_ms,,,149.556811855
Phase5_Tail-53-20261001-21:25:25-68,scalar,DectScheduledAccessNetwork.queue,delay_p999_ms,,,152.51264536393
Phase5_Tail-53-20261001-21:25:25-68,scalar,DectScheduledAccessNetwork.queue,tail_sample_count,,,1000000
Phase5_Tail-53-20261001-21:25:25-68,scalar,DectScheduledAccessNetwork.queue,effective_throughput_departures_per_ms,,,0.20332947067245
Phase5_Tail-53-20261001-21:25:25-68,scalar,DectScheduledAccessNetwork.queue,effective_throughput_accepted_per_ms,,,0.20333374059133
Phase5_Tail-53-20261001-21:25:25-68,scalar,DectScheduledAccessNetwork.queue,mean_delay_little_ms,,,121.03603417347
Phase5_Tail-53-20261001-21:25:25-68,scalar,DectScheduledAccessNetwork.queue,little_vs_direct_relative_error,,,3.0316496192118e-05
Phase5_Tail-53-20261001-21:25:25-68,scalar,DectScheduledAccessNetwork.queue,type1_service_fraction,,,0.084678838405316
Phase5_Tail-53-20261001-21:25:25-68,scalar,DectScheduledAccessNetwork.queue,type2_service_fraction,,,0.91532116159482
Phase5_Tail-53-20261001-21:25:25-68,scalar,DectScheduledAccessNetwork.queue,full_type1_fraction,,,0.00096371575094605
Phase5_Tail-53-20261001-21:25:25-68,scalar,DectScheduledAccessNetwork.queue,full_type2_fraction,,,0.088334138445564
Phase5_Tail-53-20261001-21:25:25-68,scalar,DectScheduledAccessNetwork.queue,nonfull_state_fraction,,,0.91070214580361
Phase5_Tail-53-20261001-21:25:25-68,scalar,DectScheduledAccessNetwork.queue,saturated_full_state_fraction,,,0.08929785419651
Phase5_Tail-53-20261001-21:25:25-68,scalar,DectScheduledAccessNetwork.queue,full_type1_phase_0_fraction,,,0.00082407808330388
Phase5_Tail-53-20261001-21:25:25-68,scalar,DectScheduledAccessNetwork.queue,full_type1_phase_1_fraction,,,0.00013963766764217
Phase5_Tail-54-20261001-21:25:25-68,scalar,DectScheduledAccessNetwork.queue,D,,,10
Phase5_Tail-54-20261001-21:25:25-68,scalar,DectScheduledAccessNetwork.queue,r,,,30
Phase5_Tail-54-20261001-21:25:25-68,scalar,DectScheduledAccessNetwork.queue,L_effective,,,2
Phase5_Tail-54-20261001-21:25:25-68,scalar,DectScheduledAccessNetwork.queue,rho,,,0.093220338983
Phase5_Tail-54-20261001-21:25:25-68,scalar,DectScheduledAccessNetwork.queue,lambda_per_ms,,,0.22372881338022
Phase5_Tail-54-20261001-21:25:25-68,scalar,DectScheduledAccessNetwork.queue,lambda_sat_per_ms,,,0.20338983049469
Phase5_Tail-54-20261001-21:25:25-68,scalar,DectScheduledAccessNetwork.queue,rho_sat,,,0.084745762773916
Phase5_Tail-54-20261001-21:25:25-68,scalar,DectScheduledAccessNetwork.queue,load_factor_rho_over_rho_sat,,,1.099999999194
Phase5_Tail-54-20261001-21:25:25-68,scalar,DectScheduledAccessNetwork.queue,mean_type1_service_ms,,,0.416666667
Phase5_Tail-54-20261001-21:25:25-68,scalar,DectScheduledAccessNetwork.queue,type2_service_ms,,,9
Phase5_Tail-54-20261001-21:25:25-68,scalar,DectScheduledAccessNetwork.queue,warmup_type1_completions,,,200000
Phase5_Tail-54-20261001-21:25:25-68,scalar,DectScheduledAccessNetwork.queue,measured_arrivals,,,1098097
Phase5_Tail-54-20261001-21:25:25-68,scalar,DectScheduledAccessNetwork.queue,measured_accepted_arrivals,,,1000019
Phase5_Tail-54-20261001-21:25:25-68,scalar,DectScheduledAccessNetwork.queue,measured_blocked_arrivals,,,98078
Phase5_Tail-54-20261001-21:25:25-68,scalar,DectScheduledAccessNetwork.queue,measured_completed_packets,,,1000000
Phase5_Tail-54-20261001-21:25:25-68,scalar,DectScheduledAccessNetwork.queue,observation_time_s,,,4918.0456520048
Phase5_Tail-54-20261001-21:25:25-68,scalar,DectScheduledAccessNetwork.queue,blocking_probability,,,0.089316335442133
Phase5_Tail-54-20261001-21:25:25-68,scalar,DectScheduledAccessNetwork.queue,mean_type1_number,,,24.663635744882
Phase5_Tail-54-20261001-21:25:25-68,scalar,DectScheduledAccessNetwork.queue,mean_delay_direct_ms,,,121.29589909459
Phase5_Tail-54-20261001-21:25:25-68,scalar,DectScheduledAccessNetwork.queue,delay_p50_ms,,,128.4992856255
Phase5_Tail-54-20261001-21:25:25-68,scalar,DectScheduledAccessNetwork.queue,delay_p95_ms,,,146.5394834723
Phase5_Tail-54-20261001-21:25:25-68,scalar,DectScheduledAccessNetwork.queue,delay_p99_ms,,,149.5160187274
Phase5_Tail-54-20261001-21:25:25-68,scalar,DectScheduledAccessNetwork.queue,delay_p999_ms,,,152.54278497481
Phase5_Tail-54-20261001-21:25:25-68,scalar,DectScheduledAccessNetwork.queue,tail_sample_count,,,1000000
Phase5_Tail-54-20261001-21:25:25-68,scalar,DectScheduledAccessNetwork.queue,effective_throughput_departures_per_ms,,,0.2033328014335
Phase5_Tail-54-20261001-21:25:25-68,scalar,DectScheduledAccessNetwork.queue,effective_throughput_accepted_per_ms,,,0.20333666475673
Phase5_Tail-54-20261001-21:25:25-68,scalar,DectScheduledAccessNetwork.queue,mean_delay_little_ms,,,121.29688653775
Phase5_Tail-54-20261001-21:25:25-68,scalar,DectScheduledAccessNetwork.queue,little_vs_direct_relative_error,,,8.1407793939281e-06
Phase5_Tail-54-20261001-21:25:25-68,scalar,DectScheduledAccessNetwork.queue,type1_service_fraction,,,0.084683974382198
Phase5_Tail-54-20261001-21:25:25-68,scalar,DectScheduledAccessNetwork.queue,type2_service_fraction,,,0.915316025618
Phase5_Tail-54-20261001-21:25:25-68,scalar,DectScheduledAccessNetwork.queue,full_type1_fraction,,,0.00095776025900855
Phase5_Tail-54-20261001-21:25:25-68,scalar,DectScheduledAccessNetwork.queue,full_type2_fraction,,,0.088867703519345
Phase5_Tail-54-20261001-21:25:25-68,scalar,DectScheduledAccessNetwork.queue,nonfull_state_fraction,,,0.9101745362218
Phase5_Tail-54-20261001-21:25:25-68,scalar,DectScheduledAccessNetwork.queue,saturated_full_state_fraction,,,0.089825463778354
Phase5_Tail-54-20261001-21:25:25-68,scalar,DectScheduledAccessNetwork.queue,full_type1_phase_0_fraction,,,0.00082104372034244
Phase5_Tail-54-20261001-21:25:25-68,scalar,DectScheduledAccessNetwork.queue,full_type1_phase_1_fraction,,,0.00013671653866611
Phase5_Tail-55-20261001-21:25:25-68,scalar,DectScheduledAccessNetwork.queue,D,,,10
Phase5_Tail-55-20261001-21:25:25-68,scalar,DectScheduledAccessNetwork.queue,r,,,30
Phase5_Tail-55-20261001-21:25:25-68,scalar,DectScheduledAccessNetwork.queue,L_effective,,,2
Phase5_Tail-55-20261001-21:25:25-68,scalar,DectScheduledAccessNetwork.queue,rho,,,0.093220338983
Phase5_Tail-55-20261001-21:25:25-68,scalar,DectScheduledAccessNetwork.queue,lambda_per_ms,,,0.22372881338022
Phase5_Tail-55-20261001-21:25:25-68,scalar,DectScheduledAccessNetwork.queue,lambda_sat_per_ms,,,0.20338983049469
Phase5_Tail-55-20261001-21:25:25-68,scalar,DectScheduledAccessNetwork.queue,rho_sat,,,0.084745762773916
Phase5_Tail-55-20261001-21:25:25-68,scalar,DectScheduledAccessNetwork.queue,load_factor_rho_over_rho_sat,,,1.099999999194
Phase5_Tail-55-20261001-21:25:25-68,scalar,DectScheduledAccessNetwork.queue,mean_type1_service_ms,,,0.416666667
Phase5_Tail-55-20261001-21:25:25-68,scalar,DectScheduledAccessNetwork.queue,type2_service_ms,,,9
Phase5_Tail-55-20261001-21:25:25-68,scalar,DectScheduledAccessNetwork.queue,warmup_type1_completions,,,200000
Phase5_Tail-55-20261001-21:25:25-68,scalar,DectScheduledAccessNetwork.queue,measured_arrivals,,,1100845
Phase5_Tail-55-20261001-21:25:25-68,scalar,DectScheduledAccessNetwork.queue,measured_accepted_arrivals,,,1000019
Phase5_Tail-55-20261001-21:25:25-68,scalar,DectScheduledAccessNetwork.queue,measured_blocked_arrivals,,,100826
Phase5_Tail-55-20261001-21:25:25-68,scalar,DectScheduledAccessNetwork.queue,measured_completed_packets,,,1000000
Phase5_Tail-55-20261001-21:25:25-68,scalar,DectScheduledAccessNetwork.queue,observation_time_s,,,4918.8129175411
Phase5_Tail-55-20261001-21:25:25-68,scalar,DectScheduledAccessNetwork.queue,blocking_probability,,,0.091589642501896
Phase5_Tail-55-20261001-21:25:25-68,scalar,DectScheduledAccessNetwork.queue,mean_type1_number,,,24.822553555938
Phase5_Tail-55-20261001-21:25:25-68,scalar,DectScheduledAccessNetwork.queue,mean_delay_direct_ms,,,122.0944162593
Phase5_Tail-55-20261001-21:25:25-68,scalar,DectScheduledAccessNetwork.queue,delay_p50_ms,,,129.152069783
Phase5_Tail-55-20261001-21:25:25-68,scalar,DectScheduledAccessNetwork.queue,delay_p95_ms,,,146.6030738936
Phase5_Tail-55-20261001-21:25:25-68,scalar,DectScheduledAccessNetwork.queue,delay_p99_ms,,,149.61872333146
Phase5_Tail-55-20261001-21:25:25-68,scalar,DectScheduledAccessNetwork.queue,delay_p999_ms,,,152.60678782884
Phase5_Tail-55-20261001-21:25:25-68,scalar,DectScheduledAccessNetwork.queue,tail_sample_count,,,1000000
Phase5_Tail-55-20261001-21:25:25-68,scalar,DectScheduledAccessNetwork.queue,effective_throughput_departures_per_ms,,,0.20330108438032
Phase5_Tail-55-20261001-21:25:25-68,scalar,DectScheduledAccessNetwork.queue,effective_throughput_accepted_per_ms,,,0.20330494710092
Phase5_Tail-55-20261001-21:25:25-68,scalar,DectScheduledAccessNetwork.queue,mean_delay_little_ms,,,122.0974970773
Phase5_Tail-55-20261001-21:25:25-68,scalar,DectScheduledAccessNetwork.queue,little_vs_direct_relative_error,,,2.5233078559506e-05
Phase5_Tail-55-20261001-21:25:25-68,scalar,DectScheduledAccessNetwork.queue,type1_service_fraction,,,0.084834069629482
Phase5_Tail-55-20261001-21:25:25-68,scalar,DectScheduledAccessNetwork.queue,type2_service_fraction,,,0.91516593037075
Phase5_Tail-55-20261001-21:25:25-68,scalar,DectScheduledAccessNetwork.queue,full_type1_fraction,,,0.00097086478263526
Phase5_Tail-55-20261001-21:25:25-68,scalar,DectScheduledAccessNetwork.queue,full_type2_fraction,,,0.090969891823218
Phase5_Tail-55-20261001-21:25:25-68,scalar,DectScheduledAccessNetwork.queue,nonfull_state_fraction,,,0.90805924339434
Phase5_Tail-55-20261001-21:25:25-68,scalar,DectScheduledAccessNetwork.queue,saturated_full_state_fraction,,,0.091940756605853
Phase5_Tail-55-20261001-21:25:25-68,scalar,DectScheduledAccessNetwork.queue,full_type1_phase_0_fraction,,,0.00082619582422248
Phase5_Tail-55-20261001-21:25:25-68,scalar,DectScheduledAccessNetwork.queue,full_type1_phase_1_fraction,,,0.00014466895841278
Phase5_Tail-56-20261001-21:25:26-68,scalar,DectScheduledAccessNetwork.queue,D,,,10
Phase5_Tail-56-20261001-21:25:26-68,scalar,DectScheduledAccessNetwork.queue,r,,,30
Phase5_Tail-56-20261001-21:25:26-68,scalar,DectScheduledAccessNetwork.queue,L_effective,,,2
Phase5_Tail-56-20261001-21:25:26-68,scalar,DectScheduledAccessNetwork.queue,rho,,,0.093220338983
Phase5_Tail-56-20261001-21:25:26-68,scalar,DectScheduledAccessNetwork.queue,lambda_per_ms,,,0.22372881338022
Phase5_Tail-56-20261001-21:25:26-68,scalar,DectScheduledAccessNetwork.queue,lambda_sat_per_ms,,,0.20338983049469
Phase5_Tail-56-20261001-21:25:26-68,scalar,DectScheduledAccessNetwork.queue,rho_sat,,,0.084745762773916
Phase5_Tail-56-20261001-21:25:26-68,scalar,DectScheduledAccessNetwork.queue,load_factor_rho_over_rho_sat,,,1.099999999194
Phase5_Tail-56-20261001-21:25:26-68,scalar,DectScheduledAccessNetwork.queue,mean_type1_service_ms,,,0.416666667
Phase5_Tail-56-20261001-21:25:26-68,scalar,DectScheduledAccessNetwork.queue,type2_service_ms,,,9
Phase5_Tail-56-20261001-21:25:26-68,scalar,DectScheduledAccessNetwork.queue,warmup_type1_completions,,,200000
Phase5_Tail-56-20261001-21:25:26-68,scalar,DectScheduledAccessNetwork.queue,measured_arrivals,,,1100536
Phase5_Tail-56-20261001-21:25:26-68,scalar,DectScheduledAccessNetwork.queue,measured_accepted_arrivals,,,1000028
Phase5_Tail-56-20261001-21:25:26-68,scalar,DectScheduledAccessNetwork.queue,measured_blocked_arrivals,,,100508
Phase5_Tail-56-20261001-21:25:26-68,scalar,DectScheduledAccessNetwork.queue,measured_completed_packets,,,1000000
Phase5_Tail-56-20261001-21:25:26-68,scalar,DectScheduledAccessNetwork.queue,observation_time_s,,,4918.497525359
Phase5_Tail-56-20261001-21:25:26-68,scalar,DectScheduledAccessNetwork.queue,blocking_probability,,,0.091326408222902
Phase5_Tail-56-20261001-21:25:26-68,scalar,DectScheduledAccessNetwork.queue,mean_type1_number,,,24.752621561249
Phase5_Tail-56-20261001-21:25:26-68,scalar,DectScheduledAccessNetwork.queue,mean_delay_direct_ms,,,121.74261295926
Phase5_Tail-56-20261001-21:25:26-68,scalar,DectScheduledAccessNetwork.queue,delay_p50_ms,,,128.921374658
Phase5_Tail-56-20261001-21:25:26-68,scalar,DectScheduledAccessNetwork.queue,delay_p95_ms,,,146.5900287045
Phase5_Tail-56-20261001-21:25:26-68,scalar,DectScheduledAccessNetwork.queue,delay_p99_ms,,,149.58852511438
Phase5_Tail-56-20261001-21:25:26-68,scalar,DectScheduledAccessNetwork.queue,delay_p999_ms,,,152.65563601451
Phase5_Tail-56-20261001-21:25:26-68,scalar,DectScheduledAccessNetwork.queue,tail_sample_count,,,1000000
Phase5_Tail-56-20261001-21:25:26-68,scalar,DectScheduledAccessNetwork.queue,effective_throughput_departures_per_ms,,,0.20331412079485
Phase5_Tail-56-20261001-21:25:26-68,scalar,DectScheduledAccessNetwork.queue,effective_throughput_accepted_per_ms,,,0.20331981359023
Phase5_Tail-56-20261001-21:25:26-68,scalar,DectScheduledAccessNetwork.queue,mean_delay_little_ms,,,121.74570789515
Phase5_Tail-56-20261001-21:25:26-68,scalar,DectScheduledAccessNetwork.queue,little_vs_direct_relative_error,,,2.5421960465177e-05
Phase5_Tail-56-20261001-21:25:26-68,scalar,DectScheduledAccessNetwork.queue,type1_service_fraction,,,0.084788194607985
Phase5_Tail-56-20261001-21:25:26-68,scalar,DectScheduledAccessNetwork.queue,type2_service_fraction,,,0.91521180539225
Phase5_Tail-56-20261001-21:25:26-68,scalar,DectScheduledAccessNetwork.queue,full_type1_fraction,,,0.0009572915948525
Phase5_Tail-56-20261001-21:25:26-68,scalar,DectScheduledAccessNetwork.queue,full_type2_fraction,,,0.090144337336246
Phase5_Tail-56-20261001-21:25:26-68,scalar,DectScheduledAccessNetwork.queue,nonfull_state_fraction,,,0.90889837106912
Phase5_Tail-56-20261001-21:25:26-68,scalar,DectScheduledAccessNetwork.queue,saturated_full_state_fraction,,,0.091101628931098
Phase5_Tail-56-20261001-21:25:26-68,scalar,DectScheduledAccessNetwork.queue,full_type1_phase_0_fraction,,,0.0008315089746846
Phase5_Tail-56-20261001-21:25:26-68,scalar,DectScheduledAccessNetwork.queue,full_type1_phase_1_fraction,,,0.0001257826201679
Phase5_Tail-57-20261001-21:25:26-68,scalar,DectScheduledAccessNetwork.queue,D,,,10
Phase5_Tail-57-20261001-21:25:26-68,scalar,DectScheduledAccessNetwork.queue,r,,,30
Phase5_Tail-57-20261001-21:25:26-68,scalar,DectScheduledAccessNetwork.queue,L_effective,,,2
Phase5_Tail-57-20261001-21:25:26-68,scalar,DectScheduledAccessNetwork.queue,rho,,,0.093220338983
Phase5_Tail-57-20261001-21:25:26-68,scalar,DectScheduledAccessNetwork.queue,lambda_per_ms,,,0.22372881338022
Phase5_Tail-57-20261001-21:25:26-68,scalar,DectScheduledAccessNetwork.queue,lambda_sat_per_ms,,,0.20338983049469
Phase5_Tail-57-20261001-21:25:26-68,scalar,DectScheduledAccessNetwork.queue,rho_sat,,,0.084745762773916
Phase5_Tail-57-20261001-21:25:26-68,scalar,DectScheduledAccessNetwork.queue,load_factor_rho_over_rho_sat,,,1.099999999194
Phase5_Tail-57-20261001-21:25:26-68,scalar,DectScheduledAccessNetwork.queue,mean_type1_service_ms,,,0.416666667
Phase5_Tail-57-20261001-21:25:26-68,scalar,DectScheduledAccessNetwork.queue,type2_service_ms,,,9
Phase5_Tail-57-20261001-21:25:26-68,scalar,DectScheduledAccessNetwork.queue,warmup_type1_completions,,,200000
Phase5_Tail-57-20261001-21:25:26-68,scalar,DectScheduledAccessNetwork.queue,measured_arrivals,,,1099526
Phase5_Tail-57-20261001-21:25:26-68,scalar,DectScheduledAccessNetwork.queue,measured_accepted_arrivals,,,1000025
Phase5_Tail-57-20261001-21:25:26-68,scalar,DectScheduledAccessNetwork.queue,measured_blocked_arrivals,,,99501
Phase5_Tail-57-20261001-21:25:26-68,scalar,DectScheduledAccessNetwork.queue,measured_completed_packets,,,1000000
Phase5_Tail-57-20261001-21:25:26-68,scalar,DectScheduledAccessNetwork.queue,observation_time_s,,,4918.2993640144
Phase5_Tail-57-20261001-21:25:26-68,scalar,DectScheduledAccessNetwork.queue,blocking_probability,,,0.090494449426389
Phase5_Tail-57-20261001-21:25:26-68,scalar,DectScheduledAccessNetwork.queue,mean_type1_number,,,24.700286903802
Phase5_Tail-57-20261001-21:25:26-68,scalar,DectScheduledAccessNetwork.queue,mean_delay_direct_ms,,,121.48025071134
Phase5_Tail-57-20261001-21:25:26-68,scalar,DectScheduledAccessNetwork.queue,delay_p50_ms,,,128.7023642485
Phase5_Tail-57-20261001-21:25:26-68,scalar,DectScheduledAccessNetwork.queue,delay_p95_ms,,,146.52959547235
Phase5_Tail-57-20261001-21:25:26-68,scalar,DectScheduledAccessNetwork.queue,delay_p99_ms,,,149.59415543899
Phase5_Tail-57-20261001-21:25:26-68,scalar,DectScheduledAccessNetwork.queue,delay_p999_ms,,,152.59704526597
Phase5_Tail-57-20261001-21:25:26-68,scalar,DectScheduledAccessNetwork.queue,tail_sample_count,,,1000000
Phase5_Tail-57-20261001-21:25:26-68,scalar,DectScheduledAccessNetwork.queue,effective_throughput_departures_per_ms,,,0.2033223124474
Phase5_Tail-57-20261001-21:25:26-68,scalar,DectScheduledAccessNetwork.queue,effective_throughput_accepted_per_ms,,,0.20332739550521
Phase5_Tail-57-20261001-21:25:26-68,scalar,DectScheduledAccessNetwork.queue,mean_delay_little_ms,,,121.48340536994
Phase5_Tail-57-20261001-21:25:26-68,scalar,DectScheduledAccessNetwork.queue,little_vs_direct_relative_error,,,2.5968489373307e-05
Phase5_Tail-57-20261001-21:25:26-68,scalar,DectScheduledAccessNetwork.queue,type1_service_fraction,,,0.084645185907225
Phase5_Tail-57-20261001-21:25:26-68,scalar,DectScheduledAccessNetwork.queue,type2_service_fraction,,,0.91535481409298
Phase5_Tail-57-20261001-21:25:26-68,scalar,DectScheduledAccessNetwork.queue,full_type1_fraction,,,0.00098003072696348
Phase5_Tail-57-20261001-21:25:26-68,scalar,DectScheduledAccessNetwork.queue,full_type2_fraction,,,0.089324083455643
Phase5_Tail-57-20261001-21:25:26-68,scalar,DectScheduledAccessNetwork.queue,nonfull_state_fraction,,,0.90969588581758
Phase5_Tail-57-20261001-21:25:26-68,scalar,DectScheduledAccessNetwork.queue,saturated_full_state_fraction,,,0.090304114182606
Phase5_Tail-57-20261001-21:25:26-68,scalar,DectScheduledAccessNetwork.queue,full_type1_phase_0_fraction,,,0.00083675525979308
Phase5_Tail-57-20261001-21:25:26-68,scalar,DectScheduledAccessNetwork.queue,full_type1_phase_1_fraction,,,0.00014327546717039
Phase5_Tail-58-20261001-21:25:26-68,scalar,DectScheduledAccessNetwork.queue,D,,,10
Phase5_Tail-58-20261001-21:25:26-68,scalar,DectScheduledAccessNetwork.queue,r,,,30
Phase5_Tail-58-20261001-21:25:26-68,scalar,DectScheduledAccessNetwork.queue,L_effective,,,2
Phase5_Tail-58-20261001-21:25:26-68,scalar,DectScheduledAccessNetwork.queue,rho,,,0.093220338983
Phase5_Tail-58-20261001-21:25:26-68,scalar,DectScheduledAccessNetwork.queue,lambda_per_ms,,,0.22372881338022
Phase5_Tail-58-20261001-21:25:26-68,scalar,DectScheduledAccessNetwork.queue,lambda_sat_per_ms,,,0.20338983049469
Phase5_Tail-58-20261001-21:25:26-68,scalar,DectScheduledAccessNetwork.queue,rho_sat,,,0.084745762773916
Phase5_Tail-58-20261001-21:25:26-68,scalar,DectScheduledAccessNetwork.queue,load_factor_rho_over_rho_sat,,,1.099999999194
Phase5_Tail-58-20261001-21:25:26-68,scalar,DectScheduledAccessNetwork.queue,mean_type1_service_ms,,,0.416666667
Phase5_Tail-58-20261001-21:25:26-68,scalar,DectScheduledAccessNetwork.queue,type2_service_ms,,,9
Phase5_Tail-58-20261001-21:25:26-68,scalar,DectScheduledAccessNetwork.queue,warmup_type1_completions,,,200000
Phase5_Tail-58-20261001-21:25:26-68,scalar,DectScheduledAccessNetwork.queue,measured_arrivals,,,1101159
Phase5_Tail-58-20261001-21:25:26-68,scalar,DectScheduledAccessNetwork.queue,measured_accepted_arrivals,,,1000029
Phase5_Tail-58-20261001-21:25:26-68,scalar,DectScheduledAccessNetwork.queue,measured_blocked_arrivals,,,101130
Phase5_Tail-58-20261001-21:25:26-68,scalar,DectScheduledAccessNetwork.queue,measured_completed_packets,,,1000000
Phase5_Tail-58-20261001-21:25:26-68,scalar,DectScheduledAccessNetwork.queue,observation_time_s,,,4918.6417925246
Phase5_Tail-58-20261001-21:25:26-68,scalar,DectScheduledAccessNetwork.queue,blocking_probability,,,0.091839598096188
Phase5_Tail-58-20261001-21:25:26-68,scalar,DectScheduledAccessNetwork.queue,mean_type1_number,,,24.81491090046
Phase5_Tail-58-20261001-21:25:26-68,scalar,DectScheduledAccessNetwork.queue,mean_delay_direct_ms,,,122.05262967964
Phase5_Tail-58-20261001-21:25:26-68,scalar,DectScheduledAccessNetwork.queue,delay_p50_ms,,,129.0917362575
Phase5_Tail-58-20261001-21:25:26-68,scalar,DectScheduledAccessNetwork.queue,delay_p95_ms,,,146.610465086
Phase5_Tail-58-20261001-21:25:26-68,scalar,DectScheduledAccessNetwork.queue,delay_p99_ms,,,149.65831177181
Phase5_Tail-58-20261001-21:25:26-68,scalar,DectScheduledAccessNetwork.queue,delay_p999_ms,,,152.63522253003
Phase5_Tail-58-20261001-21:25:26-68,scalar,DectScheduledAccessNetwork.queue,tail_sample_count,,,1000000
Phase5_Tail-58-20261001-21:25:26-68,scalar,DectScheduledAccessNetwork.queue,effective_throughput_departures_per_ms,,,0.20330815745107
Phase5_Tail-58-20261001-21:25:26-68,scalar,DectScheduledAccessNetwork.queue,effective_throughput_accepted_per_ms,,,0.20331405338764
Phase5_Tail-58-20261001-21:25:26-68,scalar,DectScheduledAccessNetwork.queue,mean_delay_little_ms,,,122.05565783278
Phase5_Tail-58-20261001-21:25:26-68,scalar,DectScheduledAccessNetwork.queue,little_vs_direct_relative_error,,,2.4810224436456e-05
Phase5_Tail-58-20261001-21:25:26-68,scalar,DectScheduledAccessNetwork.queue,type1_service_fraction,,,0.08479674066903
Phase5_Tail-58-20261001-21:25:26-68,scalar,DectScheduledAccessNetwork.queue,type2_service_fraction,,,0.91520325933117
Phase5_Tail-58-20261001-21:25:26-68,scalar,DectScheduledAccessNetwork.queue,full_type1_fraction,,,0.00098808918235444
Phase5_Tail-58-20261001-21:25:26-68,scalar,DectScheduledAccessNetwork.queue,full_type2_fraction,,,0.090653880430245
Phase5_Tail-58-20261001-21:25:26-68,scalar,DectScheduledAccessNetwork.queue,nonfull_state_fraction,,,0.90835803038759
Phase5_Tail-58-20261001-21:25:26-68,scalar,DectScheduledAccessNetwork.queue,saturated_full_state_fraction,,,0.0916419696126
Phase5_Tail-58-20261001-21:25:26-68,scalar,DectScheduledAccessNetwork.queue,full_type1_phase_0_fraction,,,0.00084586220480076
Phase5_Tail-58-20261001-21:25:26-68,scalar,DectScheduledAccessNetwork.queue,full_type1_phase_1_fraction,,,0.00014222697755368
Phase5_Tail-59-20261001-21:25:27-68,scalar,DectScheduledAccessNetwork.queue,D,,,10
Phase5_Tail-59-20261001-21:25:27-68,scalar,DectScheduledAccessNetwork.queue,r,,,30
Phase5_Tail-59-20261001-21:25:27-68,scalar,DectScheduledAccessNetwork.queue,L_effective,,,2
Phase5_Tail-59-20261001-21:25:27-68,scalar,DectScheduledAccessNetwork.queue,rho,,,0.093220338983
Phase5_Tail-59-20261001-21:25:27-68,scalar,DectScheduledAccessNetwork.queue,lambda_per_ms,,,0.22372881338022
Phase5_Tail-59-20261001-21:25:27-68,scalar,DectScheduledAccessNetwork.queue,lambda_sat_per_ms,,,0.20338983049469
Phase5_Tail-59-20261001-21:25:27-68,scalar,DectScheduledAccessNetwork.queue,rho_sat,,,0.084745762773916
Phase5_Tail-59-20261001-21:25:27-68,scalar,DectScheduledAccessNetwork.queue,load_factor_rho_over_rho_sat,,,1.099999999194
Phase5_Tail-59-20261001-21:25:27-68,scalar,DectScheduledAccessNetwork.queue,mean_type1_service_ms,,,0.416666667
Phase5_Tail-59-20261001-21:25:27-68,scalar,DectScheduledAccessNetwork.queue,type2_service_ms,,,9
Phase5_Tail-59-20261001-21:25:27-68,scalar,DectScheduledAccessNetwork.queue,warmup_type1_completions,,,200000
Phase5_Tail-59-20261001-21:25:27-68,scalar,DectScheduledAccessNetwork.queue,measured_arrivals,,,1100623
Phase5_Tail-59-20261001-21:25:27-68,scalar,DectScheduledAccessNetwork.queue,measured_accepted_arrivals,,,1000021
Phase5_Tail-59-20261001-21:25:27-68,scalar,DectScheduledAccessNetwork.queue,measured_blocked_arrivals,,,100602
Phase5_Tail-59-20261001-21:25:27-68,scalar,DectScheduledAccessNetwork.queue,measured_completed_packets,,,1000000
Phase5_Tail-59-20261001-21:25:27-68,scalar,DectScheduledAccessNetwork.queue,observation_time_s,,,4919.0280171197
Phase5_Tail-59-20261001-21:25:27-68,scalar,DectScheduledAccessNetwork.queue,blocking_probability,,,0.091404595397334
Phase5_Tail-59-20261001-21:25:27-68,scalar,DectScheduledAccessNetwork.queue,mean_type1_number,,,24.709894164084
Phase5_Tail-59-20261001-21:25:27-68,scalar,DectScheduledAccessNetwork.queue,mean_delay_direct_ms,,,121.54586275547
Phase5_Tail-59-20261001-21:25:27-68,scalar,DectScheduledAccessNetwork.queue,delay_p50_ms,,,128.9063431365
Phase5_Tail-59-20261001-21:25:27-68,scalar,DectScheduledAccessNetwork.queue,delay_p95_ms,,,146.59773990465
Phase5_Tail-59-20261001-21:25:27-68,scalar,DectScheduledAccessNetwork.queue,delay_p99_ms,,,149.64163529297
Phase5_Tail-59-20261001-21:25:27-68,scalar,DectScheduledAccessNetwork.queue,delay_p999_ms,,,152.68218639264
Phase5_Tail-59-20261001-21:25:27-68,scalar,DectScheduledAccessNetwork.queue,tail_sample_count,,,1000000
Phase5_Tail-59-20261001-21:25:27-68,scalar,DectScheduledAccessNetwork.queue,effective_throughput_departures_per_ms,,,0.20329219441721
Phase5_Tail-59-20261001-21:25:27-68,scalar,DectScheduledAccessNetwork.queue,effective_throughput_accepted_per_ms,,,0.20329646355329
Phase5_Tail-59-20261001-21:25:27-68,scalar,DectScheduledAccessNetwork.queue,mean_delay_little_ms,,,121.54866169319
Phase5_Tail-59-20261001-21:25:27-68,scalar,DectScheduledAccessNetwork.queue,little_vs_direct_relative_error,,,2.3027832122935e-05
Phase5_Tail-59-20261001-21:25:27-68,scalar,DectScheduledAccessNetwork.queue,type1_service_fraction,,,0.084718569536366
Phase5_Tail-59-20261001-21:25:27-68,scalar,DectScheduledAccessNetwork.queue,type2_service_fraction,,,0.91528143046379
Phase5_Tail-59-20261001-21:25:27-68,scalar,DectScheduledAccessNetwork.queue,full_type1_fraction,,,0.0010063891301413
Phase5_Tail-59-20261001-21:25:27-68,scalar,DectScheduledAccessNetwork.queue,full_type2_fraction,,,0.090543037224259
Phase5_Tail-59-20261001-21:25:27-68,scalar,DectScheduledAccessNetwork.queue,nonfull_state_fraction,,,0.90845057364577
Phase5_Tail-59-20261001-21:25:27-68,scalar,DectScheduledAccessNetwork.queue,saturated_full_state_fraction,,,0.0915494263544
Phase5_Tail-59-20261001-21:25:27-68,scalar,DectScheduledAccessNetwork.queue,full_type1_phase_0_fraction,,,0.00085853341204262
Phase5_Tail-59-20261001-21:25:27-68,scalar,DectScheduledAccessNetwork.queue,full_type1_phase_1_fraction,,,0.00014785571809873
Phase5_Tail-60-20261001-21:25:27-68,scalar,DectScheduledAccessNetwork.queue,D,,,10
Phase5_Tail-60-20261001-21:25:27-68,scalar,DectScheduledAccessNetwork.queue,r,,,30
Phase5_Tail-60-20261001-21:25:27-68,scalar,DectScheduledAccessNetwork.queue,L_effective,,,2
Phase5_Tail-60-20261001-21:25:27-68,scalar,DectScheduledAccessNetwork.queue,rho,,,0.101694915254
Phase5_Tail-60-20261001-21:25:27-68,scalar,DectScheduledAccessNetwork.queue,lambda_per_ms,,,0.24406779641435
Phase5_Tail-60-20261001-21:25:27-68,scalar,DectScheduledAccessNetwork.queue,lambda_sat_per_ms,,,0.20338983049469
Phase5_Tail-60-20261001-21:25:27-68,scalar,DectScheduledAccessNetwork.queue,rho_sat,,,0.084745762773916
Phase5_Tail-60-20261001-21:25:27-68,scalar,DectScheduledAccessNetwork.queue,load_factor_rho_over_rho_sat,,,1.1999999991186
Phase5_Tail-60-20261001-21:25:27-68,scalar,DectScheduledAccessNetwork.queue,mean_type1_service_ms,,,0.416666667
Phase5_Tail-60-20261001-21:25:27-68,scalar,DectScheduledAccessNetwork.queue,type2_service_ms,,,9
Phase5_Tail-60-20261001-21:25:27-68,scalar,DectScheduledAccessNetwork.queue,warmup_type1_completions,,,200000
Phase5_Tail-60-20261001-21:25:27-68,scalar,DectScheduledAccessNetwork.queue,measured_arrivals,,,1199897
Phase5_Tail-60-20261001-21:25:27-68,scalar,DectScheduledAccessNetwork.queue,measured_accepted_arrivals,,,1000029
Phase5_Tail-60-20261001-21:25:27-68,scalar,DectScheduledAccessNetwork.queue,measured_blocked_arrivals,,,199868
Phase5_Tail-60-20261001-21:25:27-68,scalar,DectScheduledAccessNetwork.queue,measured_completed_packets,,,1000000
Phase5_Tail-60-20261001-21:25:27-68,scalar,DectScheduledAccessNetwork.queue,observation_time_s,,,4917.4424092895
Phase5_Tail-60-20261001-21:25:27-68,scalar,DectScheduledAccessNetwork.queue,blocking_probability,,,0.16657096400774
Phase5_Tail-60-20261001-21:25:27-68,scalar,DectScheduledAccessNetwork.queue,mean_type1_number,,,27.194069889103
Phase5_Tail-60-20261001-21:25:27-68,scalar,DectScheduledAccessNetwork.queue,mean_delay_direct_ms,,,133.72128403843
Phase5_Tail-60-20261001-21:25:27-68,scalar,DectScheduledAccessNetwork.queue,delay_p50_ms,,,137.430459635
Phase5_Tail-60-20261001-21:25:27-68,scalar,DectScheduledAccessNetwork.queue,delay_p95_ms,,,147.9083900618
Phase5_Tail-60-20261001-21:25:27-68,scalar,DectScheduledAccessNetwork.queue,delay_p99_ms,,,150.52899558185
Phase5_Tail-60-20261001-21:25:27-68,scalar,DectScheduledAccessNetwork.queue,delay_p999_ms,,,153.41344409918
Phase5_Tail-60-20261001-21:25:27-68,scalar,DectScheduledAccessNetwork.queue,tail_sample_count,,,1000000
Phase5_Tail-60-20261001-21:25:27-68,scalar,DectScheduledAccessNetwork.queue,effective_throughput_departures_per_ms,,,0.20335774509751
Phase5_Tail-60-20261001-21:25:27-68,scalar,DectScheduledAccessNetwork.queue,effective_throughput_accepted_per_ms,,,0.20336364247212
Phase5_Tail-60-20261001-21:25:27-68,scalar,DectScheduledAccessNetwork.queue,mean_delay_little_ms,,,133.72527255386
Phase5_Tail-60-20261001-21:25:27-68,scalar,DectScheduledAccessNetwork.queue,little_vs_direct_relative_error,,,2.9827079925271e-05
Phase5_Tail-60-20261001-21:25:27-68,scalar,DectScheduledAccessNetwork.queue,type1_service_fraction,,,0.084853542667071
Phase5_Tail-60-20261001-21:25:27-68,scalar,DectScheduledAccessNetwork.queue,type2_service_fraction,,,0.91514645733307
Phase5_Tail-60-20261001-21:25:27-68,scalar,DectScheduledAccessNetwork.queue,full_type1_fraction,,,0.0018482681558677
Phase5_Tail-60-20261001-21:25:27-68,scalar,DectScheduledAccessNetwork.queue,full_type2_fraction,,,0.16517513263296
Phase5_Tail-60-20261001-21:25:27-68,scalar,DectScheduledAccessNetwork.queue,nonfull_state_fraction,,,0.83297659921131
Phase5_Tail-60-20261001-21:25:27-68,scalar,DectScheduledAccessNetwork.queue,saturated_full_state_fraction,,,0.16702340078882
Phase5_Tail-60-20261001-21:25:27-68,scalar,DectScheduledAccessNetwork.queue,full_type1_phase_0_fraction,,,0.001571399115969
Phase5_Tail-60-20261001-21:25:27-68,scalar,DectScheduledAccessNetwork.queue,full_type1_phase_1_fraction,,,0.00027686903989867
Phase5_Tail-61-20261001-21:25:27-68,scalar,DectScheduledAccessNetwork.queue,D,,,10
Phase5_Tail-61-20261001-21:25:27-68,scalar,DectScheduledAccessNetwork.queue,r,,,30
Phase5_Tail-61-20261001-21:25:27-68,scalar,DectScheduledAccessNetwork.queue,L_effective,,,2
Phase5_Tail-61-20261001-21:25:27-68,scalar,DectScheduledAccessNetwork.queue,rho,,,0.101694915254
Phase5_Tail-61-20261001-21:25:27-68,scalar,DectScheduledAccessNetwork.queue,lambda_per_ms,,,0.24406779641435
Phase5_Tail-61-20261001-21:25:27-68,scalar,DectScheduledAccessNetwork.queue,lambda_sat_per_ms,,,0.20338983049469
Phase5_Tail-61-20261001-21:25:27-68,scalar,DectScheduledAccessNetwork.queue,rho_sat,,,0.084745762773916
Phase5_Tail-61-20261001-21:25:27-68,scalar,DectScheduledAccessNetwork.queue,load_factor_rho_over_rho_sat,,,1.1999999991186
Phase5_Tail-61-20261001-21:25:27-68,scalar,DectScheduledAccessNetwork.queue,mean_type1_service_ms,,,0.416666667
Phase5_Tail-61-20261001-21:25:27-68,scalar,DectScheduledAccessNetwork.queue,type2_service_ms,,,9
Phase5_Tail-61-20261001-21:25:27-68,scalar,DectScheduledAccessNetwork.queue,warmup_type1_completions,,,200000
Phase5_Tail-61-20261001-21:25:27-68,scalar,DectScheduledAccessNetwork.queue,measured_arrivals,,,1199404
Phase5_Tail-61-20261001-21:25:27-68,scalar,DectScheduledAccessNetwork.queue,measured_accepted_arrivals,,,1000029
Phase5_Tail-61-20261001-21:25:27-68,scalar,DectScheduledAccessNetwork.queue,measured_blocked_arrivals,,,199375
Phase5_Tail-61-20261001-21:25:27-68,scalar,DectScheduledAccessNetwork.queue,measured_completed_packets,,,1000000
Phase5_Tail-61-20261001-21:25:27-68,scalar,DectScheduledAccessNetwork.queue,observation_time_s,,,4917.3487188997
Phase5_Tail-61-20261001-21:25:27-68,scalar,DectScheduledAccessNetwork.queue,blocking_probability,,,0.16622839343541
Phase5_Tail-61-20261001-21:25:27-68,scalar,DectScheduledAccessNetwork.queue,mean_type1_number,,,27.175833243581
Phase5_Tail-61-20261001-21:25:27-68,scalar,DectScheduledAccessNetwork.queue,mean_delay_direct_ms,,,133.62944867911
Phase5_Tail-61-20261001-21:25:27-68,scalar,DectScheduledAccessNetwork.queue,delay_p50_ms,,,137.3537867555
Phase5_Tail-61-20261001-21:25:27-68,scalar,DectScheduledAccessNetwork.queue,delay_p95_ms,,,147.90515916305
Phase5_Tail-61-20261001-21:25:27-68,scalar,DectScheduledAccessNetwork.queue,delay_p99_ms,,,150.52613313582
Phase5_Tail-61-20261001-21:25:27-68,scalar,DectScheduledAccessNetwork.queue,delay_p999_ms,,,153.45256581182
Phase5_Tail-61-20261001-21:25:27-68,scalar,DectScheduledAccessNetwork.queue,tail_sample_count,,,1000000
Phase5_Tail-61-20261001-21:25:27-68,scalar,DectScheduledAccessNetwork.queue,effective_throughput_departures_per_ms,,,0.20336161967862
Phase5_Tail-61-20261001-21:25:27-68,scalar,DectScheduledAccessNetwork.queue,effective_throughput_accepted_per_ms,,,0.20336751716559
Phase5_Tail-61-20261001-21:25:27-68,scalar,DectScheduledAccessNetwork.queue,mean_delay_little_ms,,,133.63304878535
Phase5_Tail-61-20261001-21:25:27-68,scalar,DectScheduledAccessNetwork.queue,little_vs_direct_relative_error,,,2.6940964577893e-05
Phase5_Tail-61-20261001-21:25:27-68,scalar,DectScheduledAccessNetwork.queue,type1_service_fraction,,,0.084848918136732
Phase5_Tail-61-20261001-21:25:27-68,scalar,DectScheduledAccessNetwork.queue,type2_service_fraction,,,0.91515108186344
Phase5_Tail-61-20261001-21:25:27-68,scalar,DectScheduledAccessNetwork.queue,full_type1_fraction,,,0.0018870816884328
Phase5_Tail-61-20261001-21:25:27-68,scalar,DectScheduledAccessNetwork.queue,full_type2_fraction,,,0.16439609185466
Phase5_Tail-61-20261001-21:25:27-68,scalar,DectScheduledAccessNetwork.queue,nonfull_state_fraction,,,0.83371682645705
Phase5_Tail-61-20261001-21:25:27-68,scalar,DectScheduledAccessNetwork.queue,saturated_full_state_fraction,,,0.16628317354309
Phase5_Tail-61-20261001-21:25:27-68,scalar,DectScheduledAccessNetwork.queue,full_type1_phase_0_fraction,,,0.001590551103695
Phase5_Tail-61-20261001-21:25:27-68,scalar,DectScheduledAccessNetwork.queue,full_type1_phase_1_fraction,,,0.0002965305847378
Phase5_Tail-62-20261001-21:25:28-68,scalar,DectScheduledAccessNetwork.queue,D,,,10
Phase5_Tail-62-20261001-21:25:28-68,scalar,DectScheduledAccessNetwork.queue,r,,,30
Phase5_Tail-62-20261001-21:25:28-68,scalar,DectScheduledAccessNetwork.queue,L_effective,,,2
Phase5_Tail-62-20261001-21:25:28-68,scalar,DectScheduledAccessNetwork.queue,rho,,,0.101694915254
Phase5_Tail-62-20261001-21:25:28-68,scalar,DectScheduledAccessNetwork.queue,lambda_per_ms,,,0.24406779641435
Phase5_Tail-62-20261001-21:25:28-68,scalar,DectScheduledAccessNetwork.queue,lambda_sat_per_ms,,,0.20338983049469
Phase5_Tail-62-20261001-21:25:28-68,scalar,DectScheduledAccessNetwork.queue,rho_sat,,,0.084745762773916
Phase5_Tail-62-20261001-21:25:28-68,scalar,DectScheduledAccessNetwork.queue,load_factor_rho_over_rho_sat,,,1.1999999991186
Phase5_Tail-62-20261001-21:25:28-68,scalar,DectScheduledAccessNetwork.queue,mean_type1_service_ms,,,0.416666667
Phase5_Tail-62-20261001-21:25:28-68,scalar,DectScheduledAccessNetwork.queue,type2_service_ms,,,9
Phase5_Tail-62-20261001-21:25:28-68,scalar,DectScheduledAccessNetwork.queue,warmup_type1_completions,,,200000
Phase5_Tail-62-20261001-21:25:28-68,scalar,DectScheduledAccessNetwork.queue,measured_arrivals,,,1202278
Phase5_Tail-62-20261001-21:25:28-68,scalar,DectScheduledAccessNetwork.queue,measured_accepted_arrivals,,,1000028
Phase5_Tail-62-20261001-21:25:28-68,scalar,DectScheduledAccessNetwork.queue,measured_blocked_arrivals,,,202250
Phase5_Tail-62-20261001-21:25:28-68,scalar,DectScheduledAccessNetwork.queue,measured_completed_packets,,,1000000
Phase5_Tail-62-20261001-21:25:28-68,scalar,DectScheduledAccessNetwork.queue,observation_time_s,,,4917.0638597712
Phase5_Tail-62-20261001-21:25:28-68,scalar,DectScheduledAccessNetwork.queue,blocking_probability,,,0.16822232462043
Phase5_Tail-62-20261001-21:25:28-68,scalar,DectScheduledAccessNetwork.queue,mean_type1_number,,,27.226584779254
Phase5_Tail-62-20261001-21:25:28-68,scalar,DectScheduledAccessNetwork.queue,mean_delay_direct_ms,,,133.87086684561
Phase5_Tail-62-20261001-21:25:28-68,scalar,DectScheduledAccessNetwork.queue,delay_p50_ms,,,137.504055067
Phase5_Tail-62-20261001-21:25:28-68,scalar,DectScheduledAccessNetwork.queue,delay_p95_ms,,,147.9160401581
Phase5_Tail-62-20261001-21:25:28-68,scalar,DectScheduledAccessNetwork.queue,delay_p99_ms,,,150.49546813139
Phase5_Tail-62-20261001-21:25:28-68,scalar,DectScheduledAccessNetwork.queue,delay_p999_ms,,,153.30958113825
Phase5_Tail-62-20261001-21:25:28-68,scalar,DectScheduledAccessNetwork.queue,tail_sample_count,,,1000000
Phase5_Tail-62-20261001-21:25:28-68,scalar,DectScheduledAccessNetwork.queue,effective_throughput_departures_per_ms,,,0.20337340098051
Phase5_Tail-62-20261001-21:25:28-68,scalar,DectScheduledAccessNetwork.queue,effective_throughput_accepted_per_ms,,,0.20337909543573
Phase5_Tail-62-20261001-21:25:28-68,scalar,DectScheduledAccessNetwork.queue,mean_delay_little_ms,,,133.87485604307
Phase5_Tail-62-20261001-21:25:28-68,scalar,DectScheduledAccessNetwork.queue,little_vs_direct_relative_error,,,2.9798846845619e-05
Phase5_Tail-62-20261001-21:25:28-68,scalar,DectScheduledAccessNetwork.queue,type1_service_fraction,,,0.084794070539198
Phase5_Tail-62-20261001-21:25:28-68,scalar,DectScheduledAccessNetwork.queue,type2_service_fraction,,,0.91520592946101
Phase5_Tail-62-20261001-21:25:28-68,scalar,DectScheduledAccessNetwork.queue,full_type1_fraction,,,0.0018820824377613
Phase5_Tail-62-20261001-21:25:28-68,scalar,DectScheduledAccessNetwork.queue,full_type2_fraction,,,0.16648753898725
Phase5_Tail-62-20261001-21:25:28-68,scalar,DectScheduledAccessNetwork.queue,nonfull_state_fraction,,,0.83163037857513
Phase5_Tail-62-20261001-21:25:28-68,scalar,DectScheduledAccessNetwork.queue,saturated_full_state_fraction,,,0.16836962142502
Phase5_Tail-62-20261001-21:25:28-68,scalar,DectScheduledAccessNetwork.queue,full_type1_phase_0_fraction,,,0.0015890442440704
Phase5_Tail-62-20261001-21:25:28-68,scalar,DectScheduledAccessNetwork.queue,full_type1_phase_1_fraction,,,0.00029303819369087
Phase5_Tail-63-20261001-21:25:28-68,scalar,DectScheduledAccessNetwork.queue,D,,,10
Phase5_Tail-63-20261001-21:25:28-68,scalar,DectScheduledAccessNetwork.queue,r,,,30
Phase5_Tail-63-20261001-21:25:28-68,scalar,DectScheduledAccessNetwork.queue,L_effective,,,2
Phase5_Tail-63-20261001-21:25:28-68,scalar,DectScheduledAccessNetwork.queue,rho,,,0.101694915254
Phase5_Tail-63-20261001-21:25:28-68,scalar,DectScheduledAccessNetwork.queue,lambda_per_ms,,,0.24406779641435
Phase5_Tail-63-20261001-21:25:28-68,scalar,DectScheduledAccessNetwork.queue,lambda_sat_per_ms,,,0.20338983049469
Phase5_Tail-63-20261001-21:25:28-68,scalar,DectScheduledAccessNetwork.queue,rho_sat,,,0.084745762773916
Phase5_Tail-63-20261001-21:25:28-68,scalar,DectScheduledAccessNetwork.queue,load_factor_rho_over_rho_sat,,,1.1999999991186
Phase5_Tail-63-20261001-21:25:28-68,scalar,DectScheduledAccessNetwork.queue,mean_type1_service_ms,,,0.416666667
Phase5_Tail-63-20261001-21:25:28-68,scalar,DectScheduledAccessNetwork.queue,type2_service_ms,,,9
Phase5_Tail-63-20261001-21:25:28-68,scalar,DectScheduledAccessNetwork.queue,warmup_type1_completions,,,200000
Phase5_Tail-63-20261001-21:25:28-68,scalar,DectScheduledAccessNetwork.queue,measured_arrivals,,,1199284
Phase5_Tail-63-20261001-21:25:28-68,scalar,DectScheduledAccessNetwork.queue,measured_accepted_arrivals,,,1000024
Phase5_Tail-63-20261001-21:25:28-68,scalar,DectScheduledAccessNetwork.queue,measured_blocked_arrivals,,,199260
Phase5_Tail-63-20261001-21:25:28-68,scalar,DectScheduledAccessNetwork.queue,measured_completed_packets,,,1000000
Phase5_Tail-63-20261001-21:25:28-68,scalar,DectScheduledAccessNetwork.queue,observation_time_s,,,4917.029904308
Phase5_Tail-63-20261001-21:25:28-68,scalar,DectScheduledAccessNetwork.queue,blocking_probability,,,0.16614913565094
Phase5_Tail-63-20261001-21:25:28-68,scalar,DectScheduledAccessNetwork.queue,mean_type1_number,,,27.17154340427
Phase5_Tail-63-20261001-21:25:28-68,scalar,DectScheduledAccessNetwork.queue,mean_delay_direct_ms,,,133.5993227213
Phase5_Tail-63-20261001-21:25:28-68,scalar,DectScheduledAccessNetwork.queue,delay_p50_ms,,,137.3127735025
Phase5_Tail-63-20261001-21:25:28-68,scalar,DectScheduledAccessNetwork.queue,delay_p95_ms,,,147.8722051058
Phase5_Tail-63-20261001-21:25:28-68,scalar,DectScheduledAccessNetwork.queue,delay_p99_ms,,,150.46709663358
Phase5_Tail-63-20261001-21:25:28-68,scalar,DectScheduledAccessNetwork.queue,delay_p999_ms,,,153.24000340867
Phase5_Tail-63-20261001-21:25:28-68,scalar,DectScheduledAccessNetwork.queue,tail_sample_count,,,1000000
Phase5_Tail-63-20261001-21:25:28-68,scalar,DectScheduledAccessNetwork.queue,effective_throughput_departures_per_ms,,,0.2033748054133
Phase5_Tail-63-20261001-21:25:28-68,scalar,DectScheduledAccessNetwork.queue,effective_throughput_accepted_per_ms,,,0.20337968640863
Phase5_Tail-63-20261001-21:25:28-68,scalar,DectScheduledAccessNetwork.queue,mean_delay_little_ms,,,133.603291465
Phase5_Tail-63-20261001-21:25:28-68,scalar,DectScheduledAccessNetwork.queue,little_vs_direct_relative_error,,,2.9706315970657e-05
Phase5_Tail-63-20261001-21:25:28-68,scalar,DectScheduledAccessNetwork.queue,type1_service_fraction,,,0.084787750414678
Phase5_Tail-63-20261001-21:25:28-68,scalar,DectScheduledAccessNetwork.queue,type2_service_fraction,,,0.91521224958546
Phase5_Tail-63-20261001-21:25:28-68,scalar,DectScheduledAccessNetwork.queue,full_type1_fraction,,,0.0018592129178207
Phase5_Tail-63-20261001-21:25:28-68,scalar,DectScheduledAccessNetwork.queue,full_type2_fraction,,,0.16441935976396
Phase5_Tail-63-20261001-21:25:28-68,scalar,DectScheduledAccessNetwork.queue,nonfull_state_fraction,,,0.83372142731838
Phase5_Tail-63-20261001-21:25:28-68,scalar,DectScheduledAccessNetwork.queue,saturated_full_state_fraction,,,0.16627857268178
Phase5_Tail-63-20261001-21:25:28-68,scalar,DectScheduledAccessNetwork.queue,full_type1_phase_0_fraction,,,0.0015634281299621
Phase5_Tail-63-20261001-21:25:28-68,scalar,DectScheduledAccessNetwork.queue,full_type1_phase_1_fraction,,,0.00029578478785857
Phase5_Tail-64-20261001-21:25:28-68,scalar,DectScheduledAccessNetwork.queue,D,,,10
Phase5_Tail-64-20261001-21:25:28-68,scalar,DectScheduledAccessNetwork.queue,r,,,30
Phase5_Tail-64-20261001-21:25:28-68,scalar,DectScheduledAccessNetwork.queue,L_effective,,,2
Phase5_Tail-64-20261001-21:25:28-68,scalar,DectScheduledAccessNetwork.queue,rho,,,0.101694915254
Phase5_Tail-64-20261001-21:25:28-68,scalar,DectScheduledAccessNetwork.queue,lambda_per_ms,,,0.24406779641435
Phase5_Tail-64-20261001-21:25:28-68,scalar,DectScheduledAccessNetwork.queue,lambda_sat_per_ms,,,0.20338983049469
Phase5_Tail-64-20261001-21:25:28-68,scalar,DectScheduledAccessNetwork.queue,rho_sat,,,0.084745762773916
Phase5_Tail-64-20261001-21:25:28-68,scalar,DectScheduledAccessNetwork.queue,load_factor_rho_over_rho_sat,,,1.1999999991186
Phase5_Tail-64-20261001-21:25:28-68,scalar,DectScheduledAccessNetwork.queue,mean_type1_service_ms,,,0.416666667
Phase5_Tail-64-20261001-21:25:28-68,scalar,DectScheduledAccessNetwork.queue,type2_service_ms,,,9
Phase5_Tail-64-20261001-21:25:28-68,scalar,DectScheduledAccessNetwork.queue,warmup_type1_completions,,,200000
Phase5_Tail-64-20261001-21:25:28-68,scalar,DectScheduledAccessNetwork.queue,measured_arrivals,,,1199111
Phase5_Tail-64-20261001-21:25:28-68,scalar,DectScheduledAccessNetwork.queue,measured_accepted_arrivals,,,1000028
Phase5_Tail-64-20261001-21:25:28-68,scalar,DectScheduledAccessNetwork.queue,measured_blocked_arrivals,,,199083
Phase5_Tail-64-20261001-21:25:28-68,scalar,DectScheduledAccessNetwork.queue,measured_completed_packets,,,1000000
Phase5_Tail-64-20261001-21:25:28-68,scalar,DectScheduledAccessNetwork.queue,observation_time_s,,,4917.0470647508
Phase5_Tail-64-20261001-21:25:28-68,scalar,DectScheduledAccessNetwork.queue,blocking_probability,,,0.16602549722253
Phase5_Tail-64-20261001-21:25:28-68,scalar,DectScheduledAccessNetwork.queue,mean_type1_number,,,27.174414614762
Phase5_Tail-64-20261001-21:25:28-68,scalar,DectScheduledAccessNetwork.queue,mean_delay_direct_ms,,,133.61414363255
Phase5_Tail-64-20261001-21:25:28-68,scalar,DectScheduledAccessNetwork.queue,delay_p50_ms,,,137.321490133
Phase5_Tail-64-20261001-21:25:28-68,scalar,DectScheduledAccessNetwork.queue,delay_p95_ms,,,147.8882642982
Phase5_Tail-64-20261001-21:25:28-68,scalar,DectScheduledAccessNetwork.queue,delay_p99_ms,,,150.50168231294
Phase5_Tail-64-20261001-21:25:28-68,scalar,DectScheduledAccessNetwork.queue,delay_p999_ms,,,153.42293085436
Phase5_Tail-64-20261001-21:25:28-68,scalar,DectScheduledAccessNetwork.queue,tail_sample_count,,,1000000
Phase5_Tail-64-20261001-21:25:28-68,scalar,DectScheduledAccessNetwork.queue,effective_throughput_departures_per_ms,,,0.20337409563736
Phase5_Tail-64-20261001-21:25:28-68,scalar,DectScheduledAccessNetwork.queue,effective_throughput_accepted_per_ms,,,0.20337979011203
Phase5_Tail-64-20261001-21:25:28-68,scalar,DectScheduledAccessNetwork.queue,mean_delay_little_ms,,,133.61787561784
Phase5_Tail-64-20261001-21:25:28-68,scalar,DectScheduledAccessNetwork.queue,little_vs_direct_relative_error,,,2.7931064671138e-05
Phase5_Tail-64-20261001-21:25:28-68,scalar,DectScheduledAccessNetwork.queue,type1_service_fraction,,,0.084790944495848
Phase5_Tail-64-20261001-21:25:28-68,scalar,DectScheduledAccessNetwork.queue,type2_service_fraction,,,0.91520905550427
Phase5_Tail-64-20261001-21:25:28-68,scalar,DectScheduledAccessNetwork.queue,full_type1_fraction,,,0.0018609145928897
Phase5_Tail-64-20261001-21:25:28-68,scalar,DectScheduledAccessNetwork.queue,full_type2_fraction,,,0.16416883860094
Phase5_Tail-64-20261001-21:25:28-68,scalar,DectScheduledAccessNetwork.queue,nonfull_state_fraction,,,0.83397024680624
Phase5_Tail-64-20261001-21:25:28-68,scalar,DectScheduledAccessNetwork.queue,saturated_full_state_fraction,,,0.16602975319383
Phase5_Tail-64-20261001-21:25:28-68,scalar,DectScheduledAccessNetwork.queue,full_type1_phase_0_fraction,,,0.0015750414414599
Phase5_Tail-64-20261001-21:25:28-68,scalar,DectScheduledAccessNetwork.queue,full_type1_phase_1_fraction,,,0.00028587315142981
Phase5_Tail-65-20261001-21:25:29-68,scalar,DectScheduledAccessNetwork.queue,D,,,10
Phase5_Tail-65-20261001-21:25:29-68,scalar,DectScheduledAccessNetwork.queue,r,,,30
Phase5_Tail-65-20261001-21:25:29-68,scalar,DectScheduledAccessNetwork.queue,L_effective,,,2
Phase5_Tail-65-20261001-21:25:29-68,scalar,DectScheduledAccessNetwork.queue,rho,,,0.101694915254
Phase5_Tail-65-20261001-21:25:29-68,scalar,DectScheduledAccessNetwork.queue,lambda_per_ms,,,0.24406779641435
Phase5_Tail-65-20261001-21:25:29-68,scalar,DectScheduledAccessNetwork.queue,lambda_sat_per_ms,,,0.20338983049469
Phase5_Tail-65-20261001-21:25:29-68,scalar,DectScheduledAccessNetwork.queue,rho_sat,,,0.084745762773916
Phase5_Tail-65-20261001-21:25:29-68,scalar,DectScheduledAccessNetwork.queue,load_factor_rho_over_rho_sat,,,1.1999999991186
Phase5_Tail-65-20261001-21:25:29-68,scalar,DectScheduledAccessNetwork.queue,mean_type1_service_ms,,,0.416666667
Phase5_Tail-65-20261001-21:25:29-68,scalar,DectScheduledAccessNetwork.queue,type2_service_ms,,,9
Phase5_Tail-65-20261001-21:25:29-68,scalar,DectScheduledAccessNetwork.queue,warmup_type1_completions,,,200000
Phase5_Tail-65-20261001-21:25:29-68,scalar,DectScheduledAccessNetwork.queue,measured_arrivals,,,1199810
Phase5_Tail-65-20261001-21:25:29-68,scalar,DectScheduledAccessNetwork.queue,measured_accepted_arrivals,,,1000022
Phase5_Tail-65-20261001-21:25:29-68,scalar,DectScheduledAccessNetwork.queue,measured_blocked_arrivals,,,199788
Phase5_Tail-65-20261001-21:25:29-68,scalar,DectScheduledAccessNetwork.queue,measured_completed_packets,,,1000000
Phase5_Tail-65-20261001-21:25:29-68,scalar,DectScheduledAccessNetwork.queue,observation_time_s,,,4917.1805664312
Phase5_Tail-65-20261001-21:25:29-68,scalar,DectScheduledAccessNetwork.queue,blocking_probability,,,0.16651636509114
Phase5_Tail-65-20261001-21:25:29-68,scalar,DectScheduledAccessNetwork.queue,mean_type1_number,,,27.197073434884
Phase5_Tail-65-20261001-21:25:29-68,scalar,DectScheduledAccessNetwork.queue,mean_delay_direct_ms,,,133.72952758826
Phase5_Tail-65-20261001-21:25:29-68,scalar,DectScheduledAccessNetwork.queue,delay_p50_ms,,,137.412599488
Phase5_Tail-65-20261001-21:25:29-68,scalar,DectScheduledAccessNetwork.queue,delay_p95_ms,,,147.901566239
Phase5_Tail-65-20261001-21:25:29-68,scalar,DectScheduledAccessNetwork.queue,delay_p99_ms,,,150.48179385728
Phase5_Tail-65-20261001-21:25:29-68,scalar,DectScheduledAccessNetwork.queue,delay_p999_ms,,,153.32317873607
Phase5_Tail-65-20261001-21:25:29-68,scalar,DectScheduledAccessNetwork.queue,tail_sample_count,,,1000000
Phase5_Tail-65-20261001-21:25:29-68,scalar,DectScheduledAccessNetwork.queue,effective_throughput_departures_per_ms,,,0.20336857402123
Phase5_Tail-65-20261001-21:25:29-68,scalar,DectScheduledAccessNetwork.queue,effective_throughput_accepted_per_ms,,,0.20337304812986
Phase5_Tail-65-20261001-21:25:29-68,scalar,DectScheduledAccessNetwork.queue,mean_delay_little_ms,,,133.73292095781
Phase5_Tail-65-20261001-21:25:29-68,scalar,DectScheduledAccessNetwork.queue,little_vs_direct_relative_error,,,2.5374871349237e-05
Phase5_Tail-65-20261001-21:25:29-68,scalar,DectScheduledAccessNetwork.queue,type1_service_fraction,,,0.084817622781312
Phase5_Tail-65-20261001-21:25:29-68,scalar,DectScheduledAccessNetwork.queue,type2_service_fraction,,,0.91518237721882
Phase5_Tail-65-20261001-21:25:29-68,scalar,DectScheduledAccessNetwork.queue,full_type1_fraction,,,0.0018760196903465
Phase5_Tail-65-20261001-21:25:29-68,scalar,DectScheduledAccessNetwork.queue,full_type2_fraction,,,0.1648185398616
Phase5_Tail-65-20261001-21:25:29-68,scalar,DectScheduledAccessNetwork.queue,nonfull_state_fraction,,,0.83330544044825
Phase5_Tail-65-20261001-21:25:29-68,scalar,DectScheduledAccessNetwork.queue,saturated_full_state_fraction,,,0.16669455955194
Phase5_Tail-65-20261001-21:25:29-68,scalar,DectScheduledAccessNetwork.queue,full_type1_phase_0_fraction,,,0.001593016036983
Phase5_Tail-65-20261001-21:25:29-68,scalar,DectScheduledAccessNetwork.queue,full_type1_phase_1_fraction,,,0.0002830036533635
Phase5_Tail-66-20261001-21:25:29-68,scalar,DectScheduledAccessNetwork.queue,D,,,10
Phase5_Tail-66-20261001-21:25:29-68,scalar,DectScheduledAccessNetwork.queue,r,,,30
Phase5_Tail-66-20261001-21:25:29-68,scalar,DectScheduledAccessNetwork.queue,L_effective,,,2
Phase5_Tail-66-20261001-21:25:29-68,scalar,DectScheduledAccessNetwork.queue,rho,,,0.101694915254
Phase5_Tail-66-20261001-21:25:29-68,scalar,DectScheduledAccessNetwork.queue,lambda_per_ms,,,0.24406779641435
Phase5_Tail-66-20261001-21:25:29-68,scalar,DectScheduledAccessNetwork.queue,lambda_sat_per_ms,,,0.20338983049469
Phase5_Tail-66-20261001-21:25:29-68,scalar,DectScheduledAccessNetwork.queue,rho_sat,,,0.084745762773916
Phase5_Tail-66-20261001-21:25:29-68,scalar,DectScheduledAccessNetwork.queue,load_factor_rho_over_rho_sat,,,1.1999999991186
Phase5_Tail-66-20261001-21:25:29-68,scalar,DectScheduledAccessNetwork.queue,mean_type1_service_ms,,,0.416666667
Phase5_Tail-66-20261001-21:25:29-68,scalar,DectScheduledAccessNetwork.queue,type2_service_ms,,,9
Phase5_Tail-66-20261001-21:25:29-68,scalar,DectScheduledAccessNetwork.queue,warmup_type1_completions,,,200000
Phase5_Tail-66-20261001-21:25:29-68,scalar,DectScheduledAccessNetwork.queue,measured_arrivals,,,1199095
Phase5_Tail-66-20261001-21:25:29-68,scalar,DectScheduledAccessNetwork.queue,measured_accepted_arrivals,,,1000028
Phase5_Tail-66-20261001-21:25:29-68,scalar,DectScheduledAccessNetwork.queue,measured_blocked_arrivals,,,199067
Phase5_Tail-66-20261001-21:25:29-68,scalar,DectScheduledAccessNetwork.queue,measured_completed_packets,,,1000000
Phase5_Tail-66-20261001-21:25:29-68,scalar,DectScheduledAccessNetwork.queue,observation_time_s,,,4916.9004800531
Phase5_Tail-66-20261001-21:25:29-68,scalar,DectScheduledAccessNetwork.queue,blocking_probability,,,0.16601436917008
Phase5_Tail-66-20261001-21:25:29-68,scalar,DectScheduledAccessNetwork.queue,mean_type1_number,,,27.183044845641
Phase5_Tail-66-20261001-21:25:29-68,scalar,DectScheduledAccessNetwork.queue,mean_delay_direct_ms,,,133.65231567374
Phase5_Tail-66-20261001-21:25:29-68,scalar,DectScheduledAccessNetwork.queue,delay_p50_ms,,,137.354038514
Phase5_Tail-66-20261001-21:25:29-68,scalar,DectScheduledAccessNetwork.queue,delay_p95_ms,,,147.85619577535
Phase5_Tail-66-20261001-21:25:29-68,scalar,DectScheduledAccessNetwork.queue,delay_p99_ms,,,150.46895865109
Phase5_Tail-66-20261001-21:25:29-68,scalar,DectScheduledAccessNetwork.queue,delay_p999_ms,,,153.31344418318
Phase5_Tail-66-20261001-21:25:29-68,scalar,DectScheduledAccessNetwork.queue,tail_sample_count,,,1000000
Phase5_Tail-66-20261001-21:25:29-68,scalar,DectScheduledAccessNetwork.queue,effective_throughput_departures_per_ms,,,0.20338015871113
Phase5_Tail-66-20261001-21:25:29-68,scalar,DectScheduledAccessNetwork.queue,effective_throughput_accepted_per_ms,,,0.20338585335557
Phase5_Tail-66-20261001-21:25:29-68,scalar,DectScheduledAccessNetwork.queue,mean_delay_little_ms,,,133.65632625083
Phase5_Tail-66-20261001-21:25:29-68,scalar,DectScheduledAccessNetwork.queue,little_vs_direct_relative_error,,,3.0007539123966e-05
Phase5_Tail-66-20261001-21:25:29-68,scalar,DectScheduledAccessNetwork.queue,type1_service_fraction,,,0.084759999057084
Phase5_Tail-66-20261001-21:25:29-68,scalar,DectScheduledAccessNetwork.queue,type2_service_fraction,,,0.91524000094306
Phase5_Tail-66-20261001-21:25:29-68,scalar,DectScheduledAccessNetwork.queue,full_type1_fraction,,,0.0018202505000972
Phase5_Tail-66-20261001-21:25:29-68,scalar,DectScheduledAccessNetwork.queue,full_type2_fraction,,,0.16432222448054
Phase5_Tail-66-20261001-21:25:29-68,scalar,DectScheduledAccessNetwork.queue,nonfull_state_fraction,,,0.83385752501949
Phase5_Tail-66-20261001-21:25:29-68,scalar,DectScheduledAccessNetwork.queue,saturated_full_state_fraction,,,0.16614247498064
Phase5_Tail-66-20261001-21:25:29-68,scalar,DectScheduledAccessNetwork.queue,full_type1_phase_0_fraction,,,0.0015366469539801
Phase5_Tail-66-20261001-21:25:29-68,scalar,DectScheduledAccessNetwork.queue,full_type1_phase_1_fraction,,,0.00028360354611712
Phase5_Tail-67-20261001-21:25:29-68,scalar,DectScheduledAccessNetwork.queue,D,,,10
Phase5_Tail-67-20261001-21:25:29-68,scalar,DectScheduledAccessNetwork.queue,r,,,30
Phase5_Tail-67-20261001-21:25:29-68,scalar,DectScheduledAccessNetwork.queue,L_effective,,,2
Phase5_Tail-67-20261001-21:25:29-68,scalar,DectScheduledAccessNetwork.queue,rho,,,0.101694915254
Phase5_Tail-67-20261001-21:25:29-68,scalar,DectScheduledAccessNetwork.queue,lambda_per_ms,,,0.24406779641435
Phase5_Tail-67-20261001-21:25:29-68,scalar,DectScheduledAccessNetwork.queue,lambda_sat_per_ms,,,0.20338983049469
Phase5_Tail-67-20261001-21:25:29-68,scalar,DectScheduledAccessNetwork.queue,rho_sat,,,0.084745762773916
Phase5_Tail-67-20261001-21:25:29-68,scalar,DectScheduledAccessNetwork.queue,load_factor_rho_over_rho_sat,,,1.1999999991186
Phase5_Tail-67-20261001-21:25:29-68,scalar,DectScheduledAccessNetwork.queue,mean_type1_service_ms,,,0.416666667
Phase5_Tail-67-20261001-21:25:29-68,scalar,DectScheduledAccessNetwork.queue,type2_service_ms,,,9
Phase5_Tail-67-20261001-21:25:29-68,scalar,DectScheduledAccessNetwork.queue,warmup_type1_completions,,,200000
Phase5_Tail-67-20261001-21:25:29-68,scalar,DectScheduledAccessNetwork.queue,measured_arrivals,,,1198725
Phase5_Tail-67-20261001-21:25:29-68,scalar,DectScheduledAccessNetwork.queue,measured_accepted_arrivals,,,1000019
Phase5_Tail-67-20261001-21:25:29-68,scalar,DectScheduledAccessNetwork.queue,measured_blocked_arrivals,,,198706
Phase5_Tail-67-20261001-21:25:29-68,scalar,DectScheduledAccessNetwork.queue,measured_completed_packets,,,1000000
Phase5_Tail-67-20261001-21:25:29-68,scalar,DectScheduledAccessNetwork.queue,observation_time_s,,,4916.4744923725
Phase5_Tail-67-20261001-21:25:29-68,scalar,DectScheduledAccessNetwork.queue,blocking_probability,,,0.16576445807003
Phase5_Tail-67-20261001-21:25:29-68,scalar,DectScheduledAccessNetwork.queue,mean_type1_number,,,27.159449602307
Phase5_Tail-67-20261001-21:25:29-68,scalar,DectScheduledAccessNetwork.queue,mean_delay_direct_ms,,,133.52599082679
Phase5_Tail-67-20261001-21:25:29-68,scalar,DectScheduledAccessNetwork.queue,delay_p50_ms,,,137.2932588805
Phase5_Tail-67-20261001-21:25:29-68,scalar,DectScheduledAccessNetwork.queue,delay_p95_ms,,,147.86036435775
Phase5_Tail-67-20261001-21:25:29-68,scalar,DectScheduledAccessNetwork.queue,delay_p99_ms,,,150.46116476153
Phase5_Tail-67-20261001-21:25:29-68,scalar,DectScheduledAccessNetwork.queue,delay_p999_ms,,,153.27966967797
Phase5_Tail-67-20261001-21:25:29-68,scalar,DectScheduledAccessNetwork.queue,tail_sample_count,,,1000000
Phase5_Tail-67-20261001-21:25:29-68,scalar,DectScheduledAccessNetwork.queue,effective_throughput_departures_per_ms,,,0.20339778057456
Phase5_Tail-67-20261001-21:25:29-68,scalar,DectScheduledAccessNetwork.queue,effective_throughput_accepted_per_ms,,,0.20340164513239
Phase5_Tail-67-20261001-21:25:29-68,scalar,DectScheduledAccessNetwork.queue,mean_delay_little_ms,,,133.52874119662
Phase5_Tail-67-20261001-21:25:29-68,scalar,DectScheduledAccessNetwork.queue,little_vs_direct_relative_error,,,2.0598011021722e-05
Phase5_Tail-67-20261001-21:25:29-68,scalar,DectScheduledAccessNetwork.queue,type1_service_fraction,,,0.084680698134078
Phase5_Tail-67-20261001-21:25:29-68,scalar,DectScheduledAccessNetwork.queue,type2_service_fraction,,,0.9153193018661
Phase5_Tail-67-20261001-21:25:29-68,scalar,DectScheduledAccessNetwork.queue,full_type1_fraction,,,0.0018370043921767
Phase5_Tail-67-20261001-21:25:29-68,scalar,DectScheduledAccessNetwork.queue,full_type2_fraction,,,0.16406718732162
Phase5_Tail-67-20261001-21:25:29-68,scalar,DectScheduledAccessNetwork.queue,nonfull_state_fraction,,,0.83409580828637
Phase5_Tail-67-20261001-21:25:29-68,scalar,DectScheduledAccessNetwork.queue,saturated_full_state_fraction,,,0.1659041917138
Phase5_Tail-67-20261001-21:25:29-68,scalar,DectScheduledAccessNetwork.queue,full_type1_phase_0_fraction,,,0.0015494367081115
Phase5_Tail-67-20261001-21:25:29-68,scalar,DectScheduledAccessNetwork.queue,full_type1_phase_1_fraction,,,0.00028756768406516
Phase5_Tail-68-20261001-21:25:30-68,scalar,DectScheduledAccessNetwork.queue,D,,,10
Phase5_Tail-68-20261001-21:25:30-68,scalar,DectScheduledAccessNetwork.queue,r,,,30
Phase5_Tail-68-20261001-21:25:30-68,scalar,DectScheduledAccessNetwork.queue,L_effective,,,2
Phase5_Tail-68-20261001-21:25:30-68,scalar,DectScheduledAccessNetwork.queue,rho,,,0.101694915254
Phase5_Tail-68-20261001-21:25:30-68,scalar,DectScheduledAccessNetwork.queue,lambda_per_ms,,,0.24406779641435
Phase5_Tail-68-20261001-21:25:30-68,scalar,DectScheduledAccessNetwork.queue,lambda_sat_per_ms,,,0.20338983049469
Phase5_Tail-68-20261001-21:25:30-68,scalar,DectScheduledAccessNetwork.queue,rho_sat,,,0.084745762773916
Phase5_Tail-68-20261001-21:25:30-68,scalar,DectScheduledAccessNetwork.queue,load_factor_rho_over_rho_sat,,,1.1999999991186
Phase5_Tail-68-20261001-21:25:30-68,scalar,DectScheduledAccessNetwork.queue,mean_type1_service_ms,,,0.416666667
Phase5_Tail-68-20261001-21:25:30-68,scalar,DectScheduledAccessNetwork.queue,type2_service_ms,,,9
Phase5_Tail-68-20261001-21:25:30-68,scalar,DectScheduledAccessNetwork.queue,warmup_type1_completions,,,200000
Phase5_Tail-68-20261001-21:25:30-68,scalar,DectScheduledAccessNetwork.queue,measured_arrivals,,,1200861
Phase5_Tail-68-20261001-21:25:30-68,scalar,DectScheduledAccessNetwork.queue,measured_accepted_arrivals,,,1000028
Phase5_Tail-68-20261001-21:25:30-68,scalar,DectScheduledAccessNetwork.queue,measured_blocked_arrivals,,,200833
Phase5_Tail-68-20261001-21:25:30-68,scalar,DectScheduledAccessNetwork.queue,measured_completed_packets,,,1000000
Phase5_Tail-68-20261001-21:25:30-68,scalar,DectScheduledAccessNetwork.queue,observation_time_s,,,4916.8828779515
Phase5_Tail-68-20261001-21:25:30-68,scalar,DectScheduledAccessNetwork.queue,blocking_probability,,,0.16724083803205
Phase5_Tail-68-20261001-21:25:30-68,scalar,DectScheduledAccessNetwork.queue,mean_type1_number,,,27.21950223904
Phase5_Tail-68-20261001-21:25:30-68,scalar,DectScheduledAccessNetwork.queue,mean_delay_direct_ms,,,133.83125889848
Phase5_Tail-68-20261001-21:25:30-68,scalar,DectScheduledAccessNetwork.queue,delay_p50_ms,,,137.419752015
Phase5_Tail-68-20261001-21:25:30-68,scalar,DectScheduledAccessNetwork.queue,delay_p95_ms,,,147.8957415974
Phase5_Tail-68-20261001-21:25:30-68,scalar,DectScheduledAccessNetwork.queue,delay_p99_ms,,,150.51313078042
Phase5_Tail-68-20261001-21:25:30-68,scalar,DectScheduledAccessNetwork.queue,delay_p999_ms,,,153.36357195491
Phase5_Tail-68-20261001-21:25:30-68,scalar,DectScheduledAccessNetwork.queue,tail_sample_count,,,1000000
Phase5_Tail-68-20261001-21:25:30-68,scalar,DectScheduledAccessNetwork.queue,effective_throughput_departures_per_ms,,,0.20338088679807
Phase5_Tail-68-20261001-21:25:30-68,scalar,DectScheduledAccessNetwork.queue,effective_throughput_accepted_per_ms,,,0.2033865814629
Phase5_Tail-68-20261001-21:25:30-68,scalar,DectScheduledAccessNetwork.queue,mean_delay_little_ms,,,133.83510450549
Phase5_Tail-68-20261001-21:25:30-68,scalar,DectScheduledAccessNetwork.queue,little_vs_direct_relative_error,,,2.8734744416115e-05
Phase5_Tail-68-20261001-21:25:30-68,scalar,DectScheduledAccessNetwork.queue,type1_service_fraction,,,0.084758552988978
Phase5_Tail-68-20261001-21:25:30-68,scalar,DectScheduledAccessNetwork.queue,type2_service_fraction,,,0.91524144701117
Phase5_Tail-68-20261001-21:25:30-68,scalar,DectScheduledAccessNetwork.queue,full_type1_fraction,,,0.0018494983411028
Phase5_Tail-68-20261001-21:25:30-68,scalar,DectScheduledAccessNetwork.queue,full_type2_fraction,,,0.16538579427015
Phase5_Tail-68-20261001-21:25:30-68,scalar,DectScheduledAccessNetwork.queue,nonfull_state_fraction,,,0.83276470738891
Phase5_Tail-68-20261001-21:25:30-68,scalar,DectScheduledAccessNetwork.queue,saturated_full_state_fraction,,,0.16723529261125
Phase5_Tail-68-20261001-21:25:30-68,scalar,DectScheduledAccessNetwork.queue,full_type1_phase_0_fraction,,,0.001564096568671
Phase5_Tail-68-20261001-21:25:30-68,scalar,DectScheduledAccessNetwork.queue,full_type1_phase_1_fraction,,,0.00028540177243182
Phase5_Tail-69-20261001-21:25:30-68,scalar,DectScheduledAccessNetwork.queue,D,,,10
Phase5_Tail-69-20261001-21:25:30-68,scalar,DectScheduledAccessNetwork.queue,r,,,30
Phase5_Tail-69-20261001-21:25:30-68,scalar,DectScheduledAccessNetwork.queue,L_effective,,,2
Phase5_Tail-69-20261001-21:25:30-68,scalar,DectScheduledAccessNetwork.queue,rho,,,0.101694915254
Phase5_Tail-69-20261001-21:25:30-68,scalar,DectScheduledAccessNetwork.queue,lambda_per_ms,,,0.24406779641435
Phase5_Tail-69-20261001-21:25:30-68,scalar,DectScheduledAccessNetwork.queue,lambda_sat_per_ms,,,0.20338983049469
Phase5_Tail-69-20261001-21:25:30-68,scalar,DectScheduledAccessNetwork.queue,rho_sat,,,0.084745762773916
Phase5_Tail-69-20261001-21:25:30-68,scalar,DectScheduledAccessNetwork.queue,load_factor_rho_over_rho_sat,,,1.1999999991186
Phase5_Tail-69-20261001-21:25:30-68,scalar,DectScheduledAccessNetwork.queue,mean_type1_service_ms,,,0.416666667
Phase5_Tail-69-20261001-21:25:30-68,scalar,DectScheduledAccessNetwork.queue,type2_service_ms,,,9
Phase5_Tail-69-20261001-21:25:30-68,scalar,DectScheduledAccessNetwork.queue,warmup_type1_completions,,,200000
Phase5_Tail-69-20261001-21:25:30-68,scalar,DectScheduledAccessNetwork.queue,measured_arrivals,,,1200184
Phase5_Tail-69-20261001-21:25:30-68,scalar,DectScheduledAccessNetwork.queue,measured_accepted_arrivals,,,1000027
Phase5_Tail-69-20261001-21:25:30-68,scalar,DectScheduledAccessNetwork.queue,measured_blocked_arrivals,,,200157
Phase5_Tail-69-20261001-21:25:30-68,scalar,DectScheduledAccessNetwork.queue,measured_completed_packets,,,1000000
Phase5_Tail-69-20261001-21:25:30-68,scalar,DectScheduledAccessNetwork.queue,observation_time_s,,,4916.6226060409
Phase5_Tail-69-20261001-21:25:30-68,scalar,DectScheduledAccessNetwork.queue,blocking_probability,,,0.16677192830433
Phase5_Tail-69-20261001-21:25:30-68,scalar,DectScheduledAccessNetwork.queue,mean_type1_number,,,27.168251920418
Phase5_Tail-69-20261001-21:25:30-68,scalar,DectScheduledAccessNetwork.queue,mean_delay_direct_ms,,,133.57255647902
Phase5_Tail-69-20261001-21:25:30-68,scalar,DectScheduledAccessNetwork.queue,delay_p50_ms,,,137.3665170155
Phase5_Tail-69-20261001-21:25:30-68,scalar,DectScheduledAccessNetwork.queue,delay_p95_ms,,,147.8781766078
Phase5_Tail-69-20261001-21:25:30-68,scalar,DectScheduledAccessNetwork.queue,delay_p99_ms,,,150.46214017075
Phase5_Tail-69-20261001-21:25:30-68,scalar,DectScheduledAccessNetwork.queue,delay_p999_ms,,,153.1846173664
Phase5_Tail-69-20261001-21:25:30-68,scalar,DectScheduledAccessNetwork.queue,tail_sample_count,,,1000000
Phase5_Tail-69-20261001-21:25:30-68,scalar,DectScheduledAccessNetwork.queue,effective_throughput_departures_per_ms,,,0.20339165319936
Phase5_Tail-69-20261001-21:25:30-68,scalar,DectScheduledAccessNetwork.queue,effective_throughput_accepted_per_ms,,,0.203397144774
Phase5_Tail-69-20261001-21:25:30-68,scalar,DectScheduledAccessNetwork.queue,mean_delay_little_ms,,,133.57604155854
Phase5_Tail-69-20261001-21:25:30-68,scalar,DectScheduledAccessNetwork.queue,little_vs_direct_relative_error,,,2.6091284129448e-05
Phase5_Tail-69-20261001-21:25:30-68,scalar,DectScheduledAccessNetwork.queue,type1_service_fraction,,,0.084710102729698
Phase5_Tail-69-20261001-21:25:30-68,scalar,DectScheduledAccessNetwork.queue,type2_service_fraction,,,0.91528989727044
Phase5_Tail-69-20261001-21:25:30-68,scalar,DectScheduledAccessNetwork.queue,full_type1_fraction,,,0.0018346392278226
Phase5_Tail-69-20261001-21:25:30-68,scalar,DectScheduledAccessNetwork.queue,full_type2_fraction,,,0.16450907430725
Phase5_Tail-69-20261001-21:25:30-68,scalar,DectScheduledAccessNetwork.queue,nonfull_state_fraction,,,0.8336562864651
Phase5_Tail-69-20261001-21:25:30-68,scalar,DectScheduledAccessNetwork.queue,saturated_full_state_fraction,,,0.16634371353507
Phase5_Tail-69-20261001-21:25:30-68,scalar,DectScheduledAccessNetwork.queue,full_type1_phase_0_fraction,,,0.0015551065656904
Phase5_Tail-69-20261001-21:25:30-68,scalar,DectScheduledAccessNetwork.queue,full_type1_phase_1_fraction,,,0.00027953266213221
Phase5_Tail-70-20261001-21:25:30-68,scalar,DectScheduledAccessNetwork.queue,D,,,10
Phase5_Tail-70-20261001-21:25:30-68,scalar,DectScheduledAccessNetwork.queue,r,,,30
Phase5_Tail-70-20261001-21:25:30-68,scalar,DectScheduledAccessNetwork.queue,L_effective,,,2
Phase5_Tail-70-20261001-21:25:30-68,scalar,DectScheduledAccessNetwork.queue,rho,,,0.127118644068
Phase5_Tail-70-20261001-21:25:30-68,scalar,DectScheduledAccessNetwork.queue,lambda_per_ms,,,0.30508474551913
Phase5_Tail-70-20261001-21:25:30-68,scalar,DectScheduledAccessNetwork.queue,lambda_sat_per_ms,,,0.20338983049469
Phase5_Tail-70-20261001-21:25:30-68,scalar,DectScheduledAccessNetwork.queue,rho_sat,,,0.084745762773916
Phase5_Tail-70-20261001-21:25:30-68,scalar,DectScheduledAccessNetwork.queue,load_factor_rho_over_rho_sat,,,1.4999999989041
Phase5_Tail-70-20261001-21:25:30-68,scalar,DectScheduledAccessNetwork.queue,mean_type1_service_ms,,,0.416666667
Phase5_Tail-70-20261001-21:25:30-68,scalar,DectScheduledAccessNetwork.queue,type2_service_ms,,,9
Phase5_Tail-70-20261001-21:25:30-68,scalar,DectScheduledAccessNetwork.queue,warmup_type1_completions,,,200000
Phase5_Tail-70-20261001-21:25:30-68,scalar,DectScheduledAccessNetwork.queue,measured_arrivals,,,1497182
Phase5_Tail-70-20261001-21:25:30-68,scalar,DectScheduledAccessNetwork.queue,measured_accepted_arrivals,,,1000028
Phase5_Tail-70-20261001-21:25:30-68,scalar,DectScheduledAccessNetwork.queue,measured_blocked_arrivals,,,497154
Phase5_Tail-70-20261001-21:25:30-68,scalar,DectScheduledAccessNetwork.queue,measured_completed_packets,,,1000000
Phase5_Tail-70-20261001-21:25:30-68,scalar,DectScheduledAccessNetwork.queue,observation_time_s,,,4916.9565991712
Phase5_Tail-70-20261001-21:25:30-68,scalar,DectScheduledAccessNetwork.queue,blocking_probability,,,0.33205982973346
Phase5_Tail-70-20261001-21:25:30-68,scalar,DectScheduledAccessNetwork.queue,mean_type1_number,,,28.734203803137
Phase5_Tail-70-20261001-21:25:30-68,scalar,DectScheduledAccessNetwork.queue,mean_delay_direct_ms,,,141.28084896696
Phase5_Tail-70-20261001-21:25:30-68,scalar,DectScheduledAccessNetwork.queue,delay_p50_ms,,,142.632304778
Phase5_Tail-70-20261001-21:25:30-68,scalar,DectScheduledAccessNetwork.queue,delay_p95_ms,,,149.14940558985
Phase5_Tail-70-20261001-21:25:30-68,scalar,DectScheduledAccessNetwork.queue,delay_p99_ms,,,151.44599081922
Phase5_Tail-70-20261001-21:25:30-68,scalar,DectScheduledAccessNetwork.queue,delay_p999_ms,,,154.16219638067
Phase5_Tail-70-20261001-21:25:30-68,scalar,DectScheduledAccessNetwork.queue,tail_sample_count,,,1000000
Phase5_Tail-70-20261001-21:25:30-68,scalar,DectScheduledAccessNetwork.queue,effective_throughput_departures_per_ms,,,0.20337783745509
Phase5_Tail-70-20261001-21:25:30-68,scalar,DectScheduledAccessNetwork.queue,effective_throughput_accepted_per_ms,,,0.20338353203454
Phase5_Tail-70-20261001-21:25:30-68,scalar,DectScheduledAccessNetwork.queue,mean_delay_little_ms,,,141.28483301176
Phase5_Tail-70-20261001-21:25:30-68,scalar,DectScheduledAccessNetwork.queue,little_vs_direct_relative_error,,,2.8199468201429e-05
Phase5_Tail-70-20261001-21:25:30-68,scalar,DectScheduledAccessNetwork.queue,type1_service_fraction,,,0.084774105844549
Phase5_Tail-70-20261001-21:25:30-68,scalar,DectScheduledAccessNetwork.queue,type2_service_fraction,,,0.91522589415556
Phase5_Tail-70-20261001-21:25:30-68,scalar,DectScheduledAccessNetwork.queue,full_type1_fraction,,,0.0040442757280143
Phase5_Tail-70-20261001-21:25:30-68,scalar,DectScheduledAccessNetwork.queue,full_type2_fraction,,,0.328010493481
Phase5_Tail-70-20261001-21:25:30-68,scalar,DectScheduledAccessNetwork.queue,nonfull_state_fraction,,,0.66794523079108
Phase5_Tail-70-20261001-21:25:30-68,scalar,DectScheduledAccessNetwork.queue,saturated_full_state_fraction,,,0.33205476920901
Phase5_Tail-70-20261001-21:25:30-68,scalar,DectScheduledAccessNetwork.queue,full_type1_phase_0_fraction,,,0.0033202175487833
Phase5_Tail-70-20261001-21:25:30-68,scalar,DectScheduledAccessNetwork.queue,full_type1_phase_1_fraction,,,0.00072405817923105
Phase5_Tail-71-20261001-21:25:31-68,scalar,DectScheduledAccessNetwork.queue,D,,,10
Phase5_Tail-71-20261001-21:25:31-68,scalar,DectScheduledAccessNetwork.queue,r,,,30
Phase5_Tail-71-20261001-21:25:31-68,scalar,DectScheduledAccessNetwork.queue,L_effective,,,2
Phase5_Tail-71-20261001-21:25:31-68,scalar,DectScheduledAccessNetwork.queue,rho,,,0.127118644068
Phase5_Tail-71-20261001-21:25:31-68,scalar,DectScheduledAccessNetwork.queue,lambda_per_ms,,,0.30508474551913
Phase5_Tail-71-20261001-21:25:31-68,scalar,DectScheduledAccessNetwork.queue,lambda_sat_per_ms,,,0.20338983049469
Phase5_Tail-71-20261001-21:25:31-68,scalar,DectScheduledAccessNetwork.queue,rho_sat,,,0.084745762773916
Phase5_Tail-71-20261001-21:25:31-68,scalar,DectScheduledAccessNetwork.queue,load_factor_rho_over_rho_sat,,,1.4999999989041
Phase5_Tail-71-20261001-21:25:31-68,scalar,DectScheduledAccessNetwork.queue,mean_type1_service_ms,,,0.416666667
Phase5_Tail-71-20261001-21:25:31-68,scalar,DectScheduledAccessNetwork.queue,type2_service_ms,,,9
Phase5_Tail-71-20261001-21:25:31-68,scalar,DectScheduledAccessNetwork.queue,warmup_type1_completions,,,200000
Phase5_Tail-71-20261001-21:25:31-68,scalar,DectScheduledAccessNetwork.queue,measured_arrivals,,,1501031
Phase5_Tail-71-20261001-21:25:31-68,scalar,DectScheduledAccessNetwork.queue,measured_accepted_arrivals,,,1000027
Phase5_Tail-71-20261001-21:25:31-68,scalar,DectScheduledAccessNetwork.queue,measured_blocked_arrivals,,,501004
Phase5_Tail-71-20261001-21:25:31-68,scalar,DectScheduledAccessNetwork.queue,measured_completed_packets,,,1000000
Phase5_Tail-71-20261001-21:25:31-68,scalar,DectScheduledAccessNetwork.queue,observation_time_s,,,4917.8612197786
Phase5_Tail-71-20261001-21:25:31-68,scalar,DectScheduledAccessNetwork.queue,blocking_probability,,,0.33377325318398
Phase5_Tail-71-20261001-21:25:31-68,scalar,DectScheduledAccessNetwork.queue,mean_type1_number,,,28.738584802913
Phase5_Tail-71-20261001-21:25:31-68,scalar,DectScheduledAccessNetwork.queue,mean_delay_direct_ms,,,141.32863872681
Phase5_Tail-71-20261001-21:25:31-68,scalar,DectScheduledAccessNetwork.queue,delay_p50_ms,,,142.675549868
Phase5_Tail-71-20261001-21:25:31-68,scalar,DectScheduledAccessNetwork.queue,delay_p95_ms,,,149.20152253715
Phase5_Tail-71-20261001-21:25:31-68,scalar,DectScheduledAccessNetwork.queue,delay_p99_ms,,,151.4979240666
Phase5_Tail-71-20261001-21:25:31-68,scalar,DectScheduledAccessNetwork.queue,delay_p999_ms,,,154.09925527089
Phase5_Tail-71-20261001-21:25:31-68,scalar,DectScheduledAccessNetwork.queue,tail_sample_count,,,1000000
Phase5_Tail-71-20261001-21:25:31-68,scalar,DectScheduledAccessNetwork.queue,effective_throughput_departures_per_ms,,,0.2033404269275
Phase5_Tail-71-20261001-21:25:31-68,scalar,DectScheduledAccessNetwork.queue,effective_throughput_accepted_per_ms,,,0.20334591711903
Phase5_Tail-71-20261001-21:25:31-68,scalar,DectScheduledAccessNetwork.queue,mean_delay_little_ms,,,141.33237171357
Phase5_Tail-71-20261001-21:25:31-68,scalar,DectScheduledAccessNetwork.queue,little_vs_direct_relative_error,,,2.6413519508495e-05
Phase5_Tail-71-20261001-21:25:31-68,scalar,DectScheduledAccessNetwork.queue,type1_service_fraction,,,0.084942457932447
Phase5_Tail-71-20261001-21:25:31-68,scalar,DectScheduledAccessNetwork.queue,type2_service_fraction,,,0.91505754206767
Phase5_Tail-71-20261001-21:25:31-68,scalar,DectScheduledAccessNetwork.queue,full_type1_fraction,,,0.0041087477618521
Phase5_Tail-71-20261001-21:25:31-68,scalar,DectScheduledAccessNetwork.queue,full_type2_fraction,,,0.32944371118078
Phase5_Tail-71-20261001-21:25:31-68,scalar,DectScheduledAccessNetwork.queue,nonfull_state_fraction,,,0.66644754105744
Phase5_Tail-71-20261001-21:25:31-68,scalar,DectScheduledAccessNetwork.queue,saturated_full_state_fraction,,,0.33355245894263
Phase5_Tail-71-20261001-21:25:31-68,scalar,DectScheduledAccessNetwork.queue,full_type1_phase_0_fraction,,,0.0033754831922834
Phase5_Tail-71-20261001-21:25:31-68,scalar,DectScheduledAccessNetwork.queue,full_type1_phase_1_fraction,,,0.00073326456956879
Phase5_Tail-72-20261001-21:25:31-68,scalar,DectScheduledAccessNetwork.queue,D,,,10
Phase5_Tail-72-20261001-21:25:31-68,scalar,DectScheduledAccessNetwork.queue,r,,,30
Phase5_Tail-72-20261001-21:25:31-68,scalar,DectScheduledAccessNetwork.queue,L_effective,,,2
Phase5_Tail-72-20261001-21:25:31-68,scalar,DectScheduledAccessNetwork.queue,rho,,,0.127118644068
Phase5_Tail-72-20261001-21:25:31-68,scalar,DectScheduledAccessNetwork.queue,lambda_per_ms,,,0.30508474551913
Phase5_Tail-72-20261001-21:25:31-68,scalar,DectScheduledAccessNetwork.queue,lambda_sat_per_ms,,,0.20338983049469
Phase5_Tail-72-20261001-21:25:31-68,scalar,DectScheduledAccessNetwork.queue,rho_sat,,,0.084745762773916
Phase5_Tail-72-20261001-21:25:31-68,scalar,DectScheduledAccessNetwork.queue,load_factor_rho_over_rho_sat,,,1.4999999989041
Phase5_Tail-72-20261001-21:25:31-68,scalar,DectScheduledAccessNetwork.queue,mean_type1_service_ms,,,0.416666667
Phase5_Tail-72-20261001-21:25:31-68,scalar,DectScheduledAccessNetwork.queue,type2_service_ms,,,9
Phase5_Tail-72-20261001-21:25:31-68,scalar,DectScheduledAccessNetwork.queue,warmup_type1_completions,,,200000
Phase5_Tail-72-20261001-21:25:31-68,scalar,DectScheduledAccessNetwork.queue,measured_arrivals,,,1500962
Phase5_Tail-72-20261001-21:25:31-68,scalar,DectScheduledAccessNetwork.queue,measured_accepted_arrivals,,,1000029
Phase5_Tail-72-20261001-21:25:31-68,scalar,DectScheduledAccessNetwork.queue,measured_blocked_arrivals,,,500933
Phase5_Tail-72-20261001-21:25:31-68,scalar,DectScheduledAccessNetwork.queue,measured_completed_packets,,,1000000
Phase5_Tail-72-20261001-21:25:31-68,scalar,DectScheduledAccessNetwork.queue,observation_time_s,,,4916.6824869453
Phase5_Tail-72-20261001-21:25:31-68,scalar,DectScheduledAccessNetwork.queue,blocking_probability,,,0.33374129391683
Phase5_Tail-72-20261001-21:25:31-68,scalar,DectScheduledAccessNetwork.queue,mean_type1_number,,,28.740989109763
Phase5_Tail-72-20261001-21:25:31-68,scalar,DectScheduledAccessNetwork.queue,mean_delay_direct_ms,,,141.30696992999
Phase5_Tail-72-20261001-21:25:31-68,scalar,DectScheduledAccessNetwork.queue,delay_p50_ms,,,142.641801315
Phase5_Tail-72-20261001-21:25:31-68,scalar,DectScheduledAccessNetwork.queue,delay_p95_ms,,,149.1411898011
Phase5_Tail-72-20261001-21:25:31-68,scalar,DectScheduledAccessNetwork.queue,delay_p99_ms,,,151.43664497915
Phase5_Tail-72-20261001-21:25:31-68,scalar,DectScheduledAccessNetwork.queue,delay_p999_ms,,,154.08912731013
Phase5_Tail-72-20261001-21:25:31-68,scalar,DectScheduledAccessNetwork.queue,tail_sample_count,,,1000000
Phase5_Tail-72-20261001-21:25:31-68,scalar,DectScheduledAccessNetwork.queue,effective_throughput_departures_per_ms,,,0.20338917606642
Phase5_Tail-72-20261001-21:25:31-68,scalar,DectScheduledAccessNetwork.queue,effective_throughput_accepted_per_ms,,,0.20339507435252
Phase5_Tail-72-20261001-21:25:31-68,scalar,DectScheduledAccessNetwork.queue,mean_delay_little_ms,,,141.31031781346
Phase5_Tail-72-20261001-21:25:31-68,scalar,DectScheduledAccessNetwork.queue,little_vs_direct_relative_error,,,2.3692274117471e-05
Phase5_Tail-72-20261001-21:25:31-68,scalar,DectScheduledAccessNetwork.queue,type1_service_fraction,,,0.084726741670102
Phase5_Tail-72-20261001-21:25:31-68,scalar,DectScheduledAccessNetwork.queue,type2_service_fraction,,,0.91527325832998
Phase5_Tail-72-20261001-21:25:31-68,scalar,DectScheduledAccessNetwork.queue,full_type1_fraction,,,0.0040521326397369
Phase5_Tail-72-20261001-21:25:31-68,scalar,DectScheduledAccessNetwork.queue,full_type2_fraction,,,0.32948021782396
Phase5_Tail-72-20261001-21:25:31-68,scalar,DectScheduledAccessNetwork.queue,nonfull_state_fraction,,,0.66646764953635
Phase5_Tail-72-20261001-21:25:31-68,scalar,DectScheduledAccessNetwork.queue,saturated_full_state_fraction,,,0.33353235046369
Phase5_Tail-72-20261001-21:25:31-68,scalar,DectScheduledAccessNetwork.queue,full_type1_phase_0_fraction,,,0.0033376916283942
Phase5_Tail-72-20261001-21:25:31-68,scalar,DectScheduledAccessNetwork.queue,full_type1_phase_1_fraction,,,0.00071444101134267
Phase5_Tail-73-20261001-21:25:32-68,scalar,DectScheduledAccessNetwork.queue,D,,,10
Phase5_Tail-73-20261001-21:25:32-68,scalar,DectScheduledAccessNetwork.queue,r,,,30
Phase5_Tail-73-20261001-21:25:32-68,scalar,DectScheduledAccessNetwork.queue,L_effective,,,2
Phase5_Tail-73-20261001-21:25:32-68,scalar,DectScheduledAccessNetwork.queue,rho,,,0.127118644068
Phase5_Tail-73-20261001-21:25:32-68,scalar,DectScheduledAccessNetwork.queue,lambda_per_ms,,,0.30508474551913
Phase5_Tail-73-20261001-21:25:32-68,scalar,DectScheduledAccessNetwork.queue,lambda_sat_per_ms,,,0.20338983049469
Phase5_Tail-73-20261001-21:25:32-68,scalar,DectScheduledAccessNetwork.queue,rho_sat,,,0.084745762773916
Phase5_Tail-73-20261001-21:25:32-68,scalar,DectScheduledAccessNetwork.queue,load_factor_rho_over_rho_sat,,,1.4999999989041
Phase5_Tail-73-20261001-21:25:32-68,scalar,DectScheduledAccessNetwork.queue,mean_type1_service_ms,,,0.416666667
Phase5_Tail-73-20261001-21:25:32-68,scalar,DectScheduledAccessNetwork.queue,type2_service_ms,,,9
Phase5_Tail-73-20261001-21:25:32-68,scalar,DectScheduledAccessNetwork.queue,warmup_type1_completions,,,200000
Phase5_Tail-73-20261001-21:25:32-68,scalar,DectScheduledAccessNetwork.queue,measured_arrivals,,,1497729
Phase5_Tail-73-20261001-21:25:32-68,scalar,DectScheduledAccessNetwork.queue,measured_accepted_arrivals,,,1000027
Phase5_Tail-73-20261001-21:25:32-68,scalar,DectScheduledAccessNetwork.queue,measured_blocked_arrivals,,,497702
Phase5_Tail-73-20261001-21:25:32-68,scalar,DectScheduledAccessNetwork.queue,measured_completed_packets,,,1000000
Phase5_Tail-73-20261001-21:25:32-68,scalar,DectScheduledAccessNetwork.queue,observation_time_s,,,4916.8418855115
Phase5_Tail-73-20261001-21:25:32-68,scalar,DectScheduledAccessNetwork.queue,blocking_probability,,,0.33230444225891
Phase5_Tail-73-20261001-21:25:32-68,scalar,DectScheduledAccessNetwork.queue,mean_type1_number,,,28.735411163569
Phase5_Tail-73-20261001-21:25:32-68,scalar,DectScheduledAccessNetwork.queue,mean_delay_direct_ms,,,141.28367874415
Phase5_Tail-73-20261001-21:25:32-68,scalar,DectScheduledAccessNetwork.queue,delay_p50_ms,,,142.64385669
Phase5_Tail-73-20261001-21:25:32-68,scalar,DectScheduledAccessNetwork.queue,delay_p95_ms,,,149.13549765705
Phase5_Tail-73-20261001-21:25:32-68,scalar,DectScheduledAccessNetwork.queue,delay_p99_ms,,,151.41079885241
Phase5_Tail-73-20261001-21:25:32-68,scalar,DectScheduledAccessNetwork.queue,delay_p999_ms,,,153.95567484946
Phase5_Tail-73-20261001-21:25:32-68,scalar,DectScheduledAccessNetwork.queue,tail_sample_count,,,1000000
Phase5_Tail-73-20261001-21:25:32-68,scalar,DectScheduledAccessNetwork.queue,effective_throughput_departures_per_ms,,,0.20338258241468
Phase5_Tail-73-20261001-21:25:32-68,scalar,DectScheduledAccessNetwork.queue,effective_throughput_accepted_per_ms,,,0.20338807374441
Phase5_Tail-73-20261001-21:25:32-68,scalar,DectScheduledAccessNetwork.queue,mean_delay_little_ms,,,141.28747320643
Phase5_Tail-73-20261001-21:25:32-68,scalar,DectScheduledAccessNetwork.queue,little_vs_direct_relative_error,,,2.6857046166784e-05
Phase5_Tail-73-20261001-21:25:32-68,scalar,DectScheduledAccessNetwork.queue,type1_service_fraction,,,0.084752752928549
Phase5_Tail-73-20261001-21:25:32-68,scalar,DectScheduledAccessNetwork.queue,type2_service_fraction,,,0.91524724707151
Phase5_Tail-73-20261001-21:25:32-68,scalar,DectScheduledAccessNetwork.queue,full_type1_fraction,,,0.0040294453866655
Phase5_Tail-73-20261001-21:25:32-68,scalar,DectScheduledAccessNetwork.queue,full_type2_fraction,,,0.32888908952291
Phase5_Tail-73-20261001-21:25:32-68,scalar,DectScheduledAccessNetwork.queue,nonfull_state_fraction,,,0.6670814650905
Phase5_Tail-73-20261001-21:25:32-68,scalar,DectScheduledAccessNetwork.queue,saturated_full_state_fraction,,,0.33291853490958
Phase5_Tail-73-20261001-21:25:32-68,scalar,DectScheduledAccessNetwork.queue,full_type1_phase_0_fraction,,,0.003310809513174
Phase5_Tail-73-20261001-21:25:32-68,scalar,DectScheduledAccessNetwork.queue,full_type1_phase_1_fraction,,,0.00071863587349147
Phase5_Tail-74-20261001-21:25:32-68,scalar,DectScheduledAccessNetwork.queue,D,,,10
Phase5_Tail-74-20261001-21:25:32-68,scalar,DectScheduledAccessNetwork.queue,r,,,30
Phase5_Tail-74-20261001-21:25:32-68,scalar,DectScheduledAccessNetwork.queue,L_effective,,,2
Phase5_Tail-74-20261001-21:25:32-68,scalar,DectScheduledAccessNetwork.queue,rho,,,0.127118644068
Phase5_Tail-74-20261001-21:25:32-68,scalar,DectScheduledAccessNetwork.queue,lambda_per_ms,,,0.30508474551913
Phase5_Tail-74-20261001-21:25:32-68,scalar,DectScheduledAccessNetwork.queue,lambda_sat_per_ms,,,0.20338983049469
Phase5_Tail-74-20261001-21:25:32-68,scalar,DectScheduledAccessNetwork.queue,rho_sat,,,0.084745762773916
Phase5_Tail-74-20261001-21:25:32-68,scalar,DectScheduledAccessNetwork.queue,load_factor_rho_over_rho_sat,,,1.4999999989041
Phase5_Tail-74-20261001-21:25:32-68,scalar,DectScheduledAccessNetwork.queue,mean_type1_service_ms,,,0.416666667
Phase5_Tail-74-20261001-21:25:32-68,scalar,DectScheduledAccessNetwork.queue,type2_service_ms,,,9
Phase5_Tail-74-20261001-21:25:32-68,scalar,DectScheduledAccessNetwork.queue,warmup_type1_completions,,,200000
Phase5_Tail-74-20261001-21:25:32-68,scalar,DectScheduledAccessNetwork.queue,measured_arrivals,,,1498418
Phase5_Tail-74-20261001-21:25:32-68,scalar,DectScheduledAccessNetwork.queue,measured_accepted_arrivals,,,1000028
Phase5_Tail-74-20261001-21:25:32-68,scalar,DectScheduledAccessNetwork.queue,measured_blocked_arrivals,,,498390
Phase5_Tail-74-20261001-21:25:32-68,scalar,DectScheduledAccessNetwork.queue,measured_completed_packets,,,1000000
Phase5_Tail-74-20261001-21:25:32-68,scalar,DectScheduledAccessNetwork.queue,observation_time_s,,,4916.8149871045
Phase5_Tail-74-20261001-21:25:32-68,scalar,DectScheduledAccessNetwork.queue,blocking_probability,,,0.3326107935169
Phase5_Tail-74-20261001-21:25:32-68,scalar,DectScheduledAccessNetwork.queue,mean_type1_number,,,28.735844096031
Phase5_Tail-74-20261001-21:25:32-68,scalar,DectScheduledAccessNetwork.queue,mean_delay_direct_ms,,,141.28490654645
Phase5_Tail-74-20261001-21:25:32-68,scalar,DectScheduledAccessNetwork.queue,delay_p50_ms,,,142.6258404935
Phase5_Tail-74-20261001-21:25:32-68,scalar,DectScheduledAccessNetwork.queue,delay_p95_ms,,,149.1491086418
Phase5_Tail-74-20261001-21:25:32-68,scalar,DectScheduledAccessNetwork.queue,delay_p99_ms,,,151.42054459017
Phase5_Tail-74-20261001-21:25:32-68,scalar,DectScheduledAccessNetwork.queue,delay_p999_ms,,,154.02750532979
Phase5_Tail-74-20261001-21:25:32-68,scalar,DectScheduledAccessNetwork.queue,tail_sample_count,,,1000000
Phase5_Tail-74-20261001-21:25:32-68,scalar,DectScheduledAccessNetwork.queue,effective_throughput_departures_per_ms,,,0.20338369505925
Phase5_Tail-74-20261001-21:25:32-68,scalar,DectScheduledAccessNetwork.queue,effective_throughput_accepted_per_ms,,,0.20338938980271
Phase5_Tail-74-20261001-21:25:32-68,scalar,DectScheduledAccessNetwork.queue,mean_delay_little_ms,,,141.28882891846
Phase5_Tail-74-20261001-21:25:32-68,scalar,DectScheduledAccessNetwork.queue,little_vs_direct_relative_error,,,2.7762144683363e-05
Phase5_Tail-74-20261001-21:25:32-68,scalar,DectScheduledAccessNetwork.queue,type1_service_fraction,,,0.084747745887809
Phase5_Tail-74-20261001-21:25:32-68,scalar,DectScheduledAccessNetwork.queue,type2_service_fraction,,,0.9152522541123
Phase5_Tail-74-20261001-21:25:32-68,scalar,DectScheduledAccessNetwork.queue,full_type1_fraction,,,0.0040425369263055
Phase5_Tail-74-20261001-21:25:32-68,scalar,DectScheduledAccessNetwork.queue,full_type2_fraction,,,0.32839876341313
Phase5_Tail-74-20261001-21:25:32-68,scalar,DectScheduledAccessNetwork.queue,nonfull_state_fraction,,,0.66755869966068
Phase5_Tail-74-20261001-21:25:32-68,scalar,DectScheduledAccessNetwork.queue,saturated_full_state_fraction,,,0.33244130033943
Phase5_Tail-74-20261001-21:25:32-68,scalar,DectScheduledAccessNetwork.queue,full_type1_phase_0_fraction,,,0.003319346142805
Phase5_Tail-74-20261001-21:25:32-68,scalar,DectScheduledAccessNetwork.queue,full_type1_phase_1_fraction,,,0.00072319078350048
Phase5_Tail-75-20261001-21:25:32-68,scalar,DectScheduledAccessNetwork.queue,D,,,10
Phase5_Tail-75-20261001-21:25:32-68,scalar,DectScheduledAccessNetwork.queue,r,,,30
Phase5_Tail-75-20261001-21:25:32-68,scalar,DectScheduledAccessNetwork.queue,L_effective,,,2
Phase5_Tail-75-20261001-21:25:32-68,scalar,DectScheduledAccessNetwork.queue,rho,,,0.127118644068
Phase5_Tail-75-20261001-21:25:32-68,scalar,DectScheduledAccessNetwork.queue,lambda_per_ms,,,0.30508474551913
Phase5_Tail-75-20261001-21:25:32-68,scalar,DectScheduledAccessNetwork.queue,lambda_sat_per_ms,,,0.20338983049469
Phase5_Tail-75-20261001-21:25:32-68,scalar,DectScheduledAccessNetwork.queue,rho_sat,,,0.084745762773916
Phase5_Tail-75-20261001-21:25:32-68,scalar,DectScheduledAccessNetwork.queue,load_factor_rho_over_rho_sat,,,1.4999999989041
Phase5_Tail-75-20261001-21:25:32-68,scalar,DectScheduledAccessNetwork.queue,mean_type1_service_ms,,,0.416666667
Phase5_Tail-75-20261001-21:25:32-68,scalar,DectScheduledAccessNetwork.queue,type2_service_ms,,,9
Phase5_Tail-75-20261001-21:25:32-68,scalar,DectScheduledAccessNetwork.queue,warmup_type1_completions,,,200000
Phase5_Tail-75-20261001-21:25:32-68,scalar,DectScheduledAccessNetwork.queue,measured_arrivals,,,1498715
Phase5_Tail-75-20261001-21:25:32-68,scalar,DectScheduledAccessNetwork.queue,measured_accepted_arrivals,,,1000029
Phase5_Tail-75-20261001-21:25:32-68,scalar,DectScheduledAccessNetwork.queue,measured_blocked_arrivals,,,498686
Phase5_Tail-75-20261001-21:25:32-68,scalar,DectScheduledAccessNetwork.queue,measured_completed_packets,,,1000000
Phase5_Tail-75-20261001-21:25:32-68,scalar,DectScheduledAccessNetwork.queue,observation_time_s,,,4917.0735644465
Phase5_Tail-75-20261001-21:25:32-68,scalar,DectScheduledAccessNetwork.queue,blocking_probability,,,0.33274238264113
Phase5_Tail-75-20261001-21:25:32-68,scalar,DectScheduledAccessNetwork.queue,mean_type1_number,,,28.732713489643
Phase5_Tail-75-20261001-21:25:32-68,scalar,DectScheduledAccessNetwork.queue,mean_delay_direct_ms,,,141.27693995905
Phase5_Tail-75-20261001-21:25:32-68,scalar,DectScheduledAccessNetwork.queue,delay_p50_ms,,,142.6324164495
Phase5_Tail-75-20261001-21:25:32-68,scalar,DectScheduledAccessNetwork.queue,delay_p95_ms,,,149.1613363508
Phase5_Tail-75-20261001-21:25:32-68,scalar,DectScheduledAccessNetwork.queue,delay_p99_ms,,,151.46003075396
Phase5_Tail-75-20261001-21:25:32-68,scalar,DectScheduledAccessNetwork.queue,delay_p999_ms,,,154.04827900317
Phase5_Tail-75-20261001-21:25:32-68,scalar,DectScheduledAccessNetwork.queue,tail_sample_count,,,1000000
Phase5_Tail-75-20261001-21:25:32-68,scalar,DectScheduledAccessNetwork.queue,effective_throughput_departures_per_ms,,,0.20337299958874
Phase5_Tail-75-20261001-21:25:32-68,scalar,DectScheduledAccessNetwork.queue,effective_throughput_accepted_per_ms,,,0.20337889740573
Phase5_Tail-75-20261001-21:25:32-68,scalar,DectScheduledAccessNetwork.queue,mean_delay_little_ms,,,141.28086593474
Phase5_Tail-75-20261001-21:25:32-68,scalar,DectScheduledAccessNetwork.queue,little_vs_direct_relative_error,,,2.7789217997398e-05
Phase5_Tail-75-20261001-21:25:32-68,scalar,DectScheduledAccessNetwork.queue,type1_service_fraction,,,0.0847958768527
Phase5_Tail-75-20261001-21:25:32-68,scalar,DectScheduledAccessNetwork.queue,type2_service_fraction,,,0.91520412314739
Phase5_Tail-75-20261001-21:25:32-68,scalar,DectScheduledAccessNetwork.queue,full_type1_fraction,,,0.004066775813596
Phase5_Tail-75-20261001-21:25:32-68,scalar,DectScheduledAccessNetwork.queue,full_type2_fraction,,,0.3277634796927
Phase5_Tail-75-20261001-21:25:32-68,scalar,DectScheduledAccessNetwork.queue,nonfull_state_fraction,,,0.66816974449384
Phase5_Tail-75-20261001-21:25:32-68,scalar,DectScheduledAccessNetwork.queue,saturated_full_state_fraction,,,0.33183025550629
Phase5_Tail-75-20261001-21:25:32-68,scalar,DectScheduledAccessNetwork.queue,full_type1_phase_0_fraction,,,0.0033446093090835
Phase5_Tail-75-20261001-21:25:32-68,scalar,DectScheduledAccessNetwork.queue,full_type1_phase_1_fraction,,,0.00072216650451248
Phase5_Tail-76-20261001-21:25:33-68,scalar,DectScheduledAccessNetwork.queue,D,,,10
Phase5_Tail-76-20261001-21:25:33-68,scalar,DectScheduledAccessNetwork.queue,r,,,30
Phase5_Tail-76-20261001-21:25:33-68,scalar,DectScheduledAccessNetwork.queue,L_effective,,,2
Phase5_Tail-76-20261001-21:25:33-68,scalar,DectScheduledAccessNetwork.queue,rho,,,0.127118644068
Phase5_Tail-76-20261001-21:25:33-68,scalar,DectScheduledAccessNetwork.queue,lambda_per_ms,,,0.30508474551913
Phase5_Tail-76-20261001-21:25:33-68,scalar,DectScheduledAccessNetwork.queue,lambda_sat_per_ms,,,0.20338983049469
Phase5_Tail-76-20261001-21:25:33-68,scalar,DectScheduledAccessNetwork.queue,rho_sat,,,0.084745762773916
Phase5_Tail-76-20261001-21:25:33-68,scalar,DectScheduledAccessNetwork.queue,load_factor_rho_over_rho_sat,,,1.4999999989041
Phase5_Tail-76-20261001-21:25:33-68,scalar,DectScheduledAccessNetwork.queue,mean_type1_service_ms,,,0.416666667
Phase5_Tail-76-20261001-21:25:33-68,scalar,DectScheduledAccessNetwork.queue,type2_service_ms,,,9
Phase5_Tail-76-20261001-21:25:33-68,scalar,DectScheduledAccessNetwork.queue,warmup_type1_completions,,,200000
Phase5_Tail-76-20261001-21:25:33-68,scalar,DectScheduledAccessNetwork.queue,measured_arrivals,,,1499053
Phase5_Tail-76-20261001-21:25:33-68,scalar,DectScheduledAccessNetwork.queue,measured_accepted_arrivals,,,1000028
Phase5_Tail-76-20261001-21:25:33-68,scalar,DectScheduledAccessNetwork.queue,measured_blocked_arrivals,,,499025
Phase5_Tail-76-20261001-21:25:33-68,scalar,DectScheduledAccessNetwork.queue,measured_completed_packets,,,1000000
Phase5_Tail-76-20261001-21:25:33-68,scalar,DectScheduledAccessNetwork.queue,observation_time_s,,,4917.0037462329
Phase5_Tail-76-20261001-21:25:33-68,scalar,DectScheduledAccessNetwork.queue,blocking_probability,,,0.33289350009639
Phase5_Tail-76-20261001-21:25:33-68,scalar,DectScheduledAccessNetwork.queue,mean_type1_number,,,28.732586979902
Phase5_Tail-76-20261001-21:25:33-68,scalar,DectScheduledAccessNetwork.queue,mean_delay_direct_ms,,,141.27484318451
Phase5_Tail-76-20261001-21:25:33-68,scalar,DectScheduledAccessNetwork.queue,delay_p50_ms,,,142.6325042645
Phase5_Tail-76-20261001-21:25:33-68,scalar,DectScheduledAccessNetwork.queue,delay_p95_ms,,,149.16974538005
Phase5_Tail-76-20261001-21:25:33-68,scalar,DectScheduledAccessNetwork.queue,delay_p99_ms,,,151.51068739365
Phase5_Tail-76-20261001-21:25:33-68,scalar,DectScheduledAccessNetwork.queue,delay_p999_ms,,,154.21430655923
Phase5_Tail-76-20261001-21:25:33-68,scalar,DectScheduledAccessNetwork.queue,tail_sample_count,,,1000000
Phase5_Tail-76-20261001-21:25:33-68,scalar,DectScheduledAccessNetwork.queue,effective_throughput_departures_per_ms,,,0.20337588735135
Phase5_Tail-76-20261001-21:25:33-68,scalar,DectScheduledAccessNetwork.queue,effective_throughput_accepted_per_ms,,,0.20338158187619
Phase5_Tail-76-20261001-21:25:33-68,scalar,DectScheduledAccessNetwork.queue,mean_delay_little_ms,,,141.27823781914
Phase5_Tail-76-20261001-21:25:33-68,scalar,DectScheduledAccessNetwork.queue,little_vs_direct_relative_error,,,2.4028585380087e-05
Phase5_Tail-76-20261001-21:25:33-68,scalar,DectScheduledAccessNetwork.queue,type1_service_fraction,,,0.08478288155714
Phase5_Tail-76-20261001-21:25:33-68,scalar,DectScheduledAccessNetwork.queue,type2_service_fraction,,,0.915217118443
Phase5_Tail-76-20261001-21:25:33-68,scalar,DectScheduledAccessNetwork.queue,full_type1_fraction,,,0.0040493211207904
Phase5_Tail-76-20261001-21:25:33-68,scalar,DectScheduledAccessNetwork.queue,full_type2_fraction,,,0.32837205925268
Phase5_Tail-76-20261001-21:25:33-68,scalar,DectScheduledAccessNetwork.queue,nonfull_state_fraction,,,0.66757861962662
Phase5_Tail-76-20261001-21:25:33-68,scalar,DectScheduledAccessNetwork.queue,saturated_full_state_fraction,,,0.33242138037347
Phase5_Tail-76-20261001-21:25:33-68,scalar,DectScheduledAccessNetwork.queue,full_type1_phase_0_fraction,,,0.003346433157568
Phase5_Tail-76-20261001-21:25:33-68,scalar,DectScheduledAccessNetwork.queue,full_type1_phase_1_fraction,,,0.00070288796322229
Phase5_Tail-77-20261001-21:25:33-68,scalar,DectScheduledAccessNetwork.queue,D,,,10
Phase5_Tail-77-20261001-21:25:33-68,scalar,DectScheduledAccessNetwork.queue,r,,,30
Phase5_Tail-77-20261001-21:25:33-68,scalar,DectScheduledAccessNetwork.queue,L_effective,,,2
Phase5_Tail-77-20261001-21:25:33-68,scalar,DectScheduledAccessNetwork.queue,rho,,,0.127118644068
Phase5_Tail-77-20261001-21:25:33-68,scalar,DectScheduledAccessNetwork.queue,lambda_per_ms,,,0.30508474551913
Phase5_Tail-77-20261001-21:25:33-68,scalar,DectScheduledAccessNetwork.queue,lambda_sat_per_ms,,,0.20338983049469
Phase5_Tail-77-20261001-21:25:33-68,scalar,DectScheduledAccessNetwork.queue,rho_sat,,,0.084745762773916
Phase5_Tail-77-20261001-21:25:33-68,scalar,DectScheduledAccessNetwork.queue,load_factor_rho_over_rho_sat,,,1.4999999989041
Phase5_Tail-77-20261001-21:25:33-68,scalar,DectScheduledAccessNetwork.queue,mean_type1_service_ms,,,0.416666667
Phase5_Tail-77-20261001-21:25:33-68,scalar,DectScheduledAccessNetwork.queue,type2_service_ms,,,9
Phase5_Tail-77-20261001-21:25:33-68,scalar,DectScheduledAccessNetwork.queue,warmup_type1_completions,,,200000
Phase5_Tail-77-20261001-21:25:33-68,scalar,DectScheduledAccessNetwork.queue,measured_arrivals,,,1499482
Phase5_Tail-77-20261001-21:25:33-68,scalar,DectScheduledAccessNetwork.queue,measured_accepted_arrivals,,,1000029
Phase5_Tail-77-20261001-21:25:33-68,scalar,DectScheduledAccessNetwork.queue,measured_blocked_arrivals,,,499453
Phase5_Tail-77-20261001-21:25:33-68,scalar,DectScheduledAccessNetwork.queue,measured_completed_packets,,,1000000
Phase5_Tail-77-20261001-21:25:33-68,scalar,DectScheduledAccessNetwork.queue,observation_time_s,,,4916.8689251603
Phase5_Tail-77-20261001-21:25:33-68,scalar,DectScheduledAccessNetwork.queue,blocking_probability,,,0.33308369156815
Phase5_Tail-77-20261001-21:25:33-68,scalar,DectScheduledAccessNetwork.queue,mean_type1_number,,,28.741319570617
Phase5_Tail-77-20261001-21:25:33-68,scalar,DectScheduledAccessNetwork.queue,mean_delay_direct_ms,,,141.31336086833
Phase5_Tail-77-20261001-21:25:33-68,scalar,DectScheduledAccessNetwork.queue,delay_p50_ms,,,142.649572039
Phase5_Tail-77-20261001-21:25:33-68,scalar,DectScheduledAccessNetwork.queue,delay_p95_ms,,,149.1630383183
Phase5_Tail-77-20261001-21:25:33-68,scalar,DectScheduledAccessNetwork.queue,delay_p99_ms,,,151.46120677613
Phase5_Tail-77-20261001-21:25:33-68,scalar,DectScheduledAccessNetwork.queue,delay_p999_ms,,,154.06882635929
Phase5_Tail-77-20261001-21:25:33-68,scalar,DectScheduledAccessNetwork.queue,tail_sample_count,,,1000000
Phase5_Tail-77-20261001-21:25:33-68,scalar,DectScheduledAccessNetwork.queue,effective_throughput_departures_per_ms,,,0.20338146393996
Phase5_Tail-77-20261001-21:25:33-68,scalar,DectScheduledAccessNetwork.queue,effective_throughput_accepted_per_ms,,,0.20338736200241
Phase5_Tail-77-20261001-21:25:33-68,scalar,DectScheduledAccessNetwork.queue,mean_delay_little_ms,,,141.31730106487
Phase5_Tail-77-20261001-21:25:33-68,scalar,DectScheduledAccessNetwork.queue,little_vs_direct_relative_error,,,2.788268934828e-05
Phase5_Tail-77-20261001-21:25:33-68,scalar,DectScheduledAccessNetwork.queue,type1_service_fraction,,,0.084757786205729
Phase5_Tail-77-20261001-21:25:33-68,scalar,DectScheduledAccessNetwork.queue,type2_service_fraction,,,0.91524221379436
Phase5_Tail-77-20261001-21:25:33-68,scalar,DectScheduledAccessNetwork.queue,full_type1_fraction,,,0.0041194527599101
Phase5_Tail-77-20261001-21:25:33-68,scalar,DectScheduledAccessNetwork.queue,full_type2_fraction,,,0.32919600822688
Phase5_Tail-77-20261001-21:25:33-68,scalar,DectScheduledAccessNetwork.queue,nonfull_state_fraction,,,0.66668453901328
Phase5_Tail-77-20261001-21:25:33-68,scalar,DectScheduledAccessNetwork.queue,saturated_full_state_fraction,,,0.33331546098679
Phase5_Tail-77-20261001-21:25:33-68,scalar,DectScheduledAccessNetwork.queue,full_type1_phase_0_fraction,,,0.0033917579679433
Phase5_Tail-77-20261001-21:25:33-68,scalar,DectScheduledAccessNetwork.queue,full_type1_phase_1_fraction,,,0.00072769479196689
Phase5_Tail-78-20261001-21:25:33-68,scalar,DectScheduledAccessNetwork.queue,D,,,10
Phase5_Tail-78-20261001-21:25:33-68,scalar,DectScheduledAccessNetwork.queue,r,,,30
Phase5_Tail-78-20261001-21:25:33-68,scalar,DectScheduledAccessNetwork.queue,L_effective,,,2
Phase5_Tail-78-20261001-21:25:33-68,scalar,DectScheduledAccessNetwork.queue,rho,,,0.127118644068
Phase5_Tail-78-20261001-21:25:33-68,scalar,DectScheduledAccessNetwork.queue,lambda_per_ms,,,0.30508474551913
Phase5_Tail-78-20261001-21:25:33-68,scalar,DectScheduledAccessNetwork.queue,lambda_sat_per_ms,,,0.20338983049469
Phase5_Tail-78-20261001-21:25:33-68,scalar,DectScheduledAccessNetwork.queue,rho_sat,,,0.084745762773916
Phase5_Tail-78-20261001-21:25:33-68,scalar,DectScheduledAccessNetwork.queue,load_factor_rho_over_rho_sat,,,1.4999999989041
Phase5_Tail-78-20261001-21:25:33-68,scalar,DectScheduledAccessNetwork.queue,mean_type1_service_ms,,,0.416666667
Phase5_Tail-78-20261001-21:25:33-68,scalar,DectScheduledAccessNetwork.queue,type2_service_ms,,,9
Phase5_Tail-78-20261001-21:25:33-68,scalar,DectScheduledAccessNetwork.queue,warmup_type1_completions,,,200000
Phase5_Tail-78-20261001-21:25:33-68,scalar,DectScheduledAccessNetwork.queue,measured_arrivals,,,1500850
Phase5_Tail-78-20261001-21:25:33-68,scalar,DectScheduledAccessNetwork.queue,measured_accepted_arrivals,,,1000026
Phase5_Tail-78-20261001-21:25:33-68,scalar,DectScheduledAccessNetwork.queue,measured_blocked_arrivals,,,500824
Phase5_Tail-78-20261001-21:25:33-68,scalar,DectScheduledAccessNetwork.queue,measured_completed_packets,,,1000000
Phase5_Tail-78-20261001-21:25:33-68,scalar,DectScheduledAccessNetwork.queue,observation_time_s,,,4916.7422740001
Phase5_Tail-78-20261001-21:25:33-68,scalar,DectScheduledAccessNetwork.queue,blocking_probability,,,0.3336935736416
Phase5_Tail-78-20261001-21:25:33-68,scalar,DectScheduledAccessNetwork.queue,mean_type1_number,,,28.74050326967
Phase5_Tail-78-20261001-21:25:33-68,scalar,DectScheduledAccessNetwork.queue,mean_delay_direct_ms,,,141.30546952093
Phase5_Tail-78-20261001-21:25:33-68,scalar,DectScheduledAccessNetwork.queue,delay_p50_ms,,,142.652157189
Phase5_Tail-78-20261001-21:25:33-68,scalar,DectScheduledAccessNetwork.queue,delay_p95_ms,,,149.1422724468
Phase5_Tail-78-20261001-21:25:33-68,scalar,DectScheduledAccessNetwork.queue,delay_p99_ms,,,151.47213955834
Phase5_Tail-78-20261001-21:25:33-68,scalar,DectScheduledAccessNetwork.queue,delay_p999_ms,,,154.06144117373
Phase5_Tail-78-20261001-21:25:33-68,scalar,DectScheduledAccessNetwork.queue,tail_sample_count,,,1000000
Phase5_Tail-78-20261001-21:25:33-68,scalar,DectScheduledAccessNetwork.queue,effective_throughput_departures_per_ms,,,0.20338670287601
Phase5_Tail-78-20261001-21:25:33-68,scalar,DectScheduledAccessNetwork.queue,effective_throughput_accepted_per_ms,,,0.20339199093029
Phase5_Tail-78-20261001-21:25:33-68,scalar,DectScheduledAccessNetwork.queue,mean_delay_little_ms,,,141.30964740202
Phase5_Tail-78-20261001-21:25:33-68,scalar,DectScheduledAccessNetwork.queue,little_vs_direct_relative_error,,,2.9566308393347e-05
Phase5_Tail-78-20261001-21:25:33-68,scalar,DectScheduledAccessNetwork.queue,type1_service_fraction,,,0.084732379853041
Phase5_Tail-78-20261001-21:25:33-68,scalar,DectScheduledAccessNetwork.queue,type2_service_fraction,,,0.915267620147
Phase5_Tail-78-20261001-21:25:33-68,scalar,DectScheduledAccessNetwork.queue,full_type1_fraction,,,0.0040941800793537
Phase5_Tail-78-20261001-21:25:33-68,scalar,DectScheduledAccessNetwork.queue,full_type2_fraction,,,0.32970429968551
Phase5_Tail-78-20261001-21:25:33-68,scalar,DectScheduledAccessNetwork.queue,nonfull_state_fraction,,,0.66620152023519
Phase5_Tail-78-20261001-21:25:33-68,scalar,DectScheduledAccessNetwork.queue,saturated_full_state_fraction,,,0.33379847976486
Phase5_Tail-78-20261001-21:25:33-68,scalar,DectScheduledAccessNetwork.queue,full_type1_phase_0_fraction,,,0.0033749829885604
Phase5_Tail-78-20261001-21:25:33-68,scalar,DectScheduledAccessNetwork.queue,full_type1_phase_1_fraction,,,0.00071919709079324
Phase5_Tail-79-20261001-21:25:34-68,scalar,DectScheduledAccessNetwork.queue,D,,,10
Phase5_Tail-79-20261001-21:25:34-68,scalar,DectScheduledAccessNetwork.queue,r,,,30
Phase5_Tail-79-20261001-21:25:34-68,scalar,DectScheduledAccessNetwork.queue,L_effective,,,2
Phase5_Tail-79-20261001-21:25:34-68,scalar,DectScheduledAccessNetwork.queue,rho,,,0.127118644068
Phase5_Tail-79-20261001-21:25:34-68,scalar,DectScheduledAccessNetwork.queue,lambda_per_ms,,,0.30508474551913
Phase5_Tail-79-20261001-21:25:34-68,scalar,DectScheduledAccessNetwork.queue,lambda_sat_per_ms,,,0.20338983049469
Phase5_Tail-79-20261001-21:25:34-68,scalar,DectScheduledAccessNetwork.queue,rho_sat,,,0.084745762773916
Phase5_Tail-79-20261001-21:25:34-68,scalar,DectScheduledAccessNetwork.queue,load_factor_rho_over_rho_sat,,,1.4999999989041
Phase5_Tail-79-20261001-21:25:34-68,scalar,DectScheduledAccessNetwork.queue,mean_type1_service_ms,,,0.416666667
Phase5_Tail-79-20261001-21:25:34-68,scalar,DectScheduledAccessNetwork.queue,type2_service_ms,,,9
Phase5_Tail-79-20261001-21:25:34-68,scalar,DectScheduledAccessNetwork.queue,warmup_type1_completions,,,200000
Phase5_Tail-79-20261001-21:25:34-68,scalar,DectScheduledAccessNetwork.queue,measured_arrivals,,,1500924
Phase5_Tail-79-20261001-21:25:34-68,scalar,DectScheduledAccessNetwork.queue,measured_accepted_arrivals,,,1000026
Phase5_Tail-79-20261001-21:25:34-68,scalar,DectScheduledAccessNetwork.queue,measured_blocked_arrivals,,,500898
Phase5_Tail-79-20261001-21:25:34-68,scalar,DectScheduledAccessNetwork.queue,measured_completed_packets,,,1000000
Phase5_Tail-79-20261001-21:25:34-68,scalar,DectScheduledAccessNetwork.queue,observation_time_s,,,4917.1614576353
Phase5_Tail-79-20261001-21:25:34-68,scalar,DectScheduledAccessNetwork.queue,blocking_probability,,,0.33372642452249
Phase5_Tail-79-20261001-21:25:34-68,scalar,DectScheduledAccessNetwork.queue,mean_type1_number,,,28.737293558754
Phase5_Tail-79-20261001-21:25:34-68,scalar,DectScheduledAccessNetwork.queue,mean_delay_direct_ms,,,141.30182724327
Phase5_Tail-79-20261001-21:25:34-68,scalar,DectScheduledAccessNetwork.queue,delay_p50_ms,,,142.6513817105
Phase5_Tail-79-20261001-21:25:34-68,scalar,DectScheduledAccessNetwork.queue,delay_p95_ms,,,149.16789224965
Phase5_Tail-79-20261001-21:25:34-68,scalar,DectScheduledAccessNetwork.queue,delay_p99_ms,,,151.45684730131
Phase5_Tail-79-20261001-21:25:34-68,scalar,DectScheduledAccessNetwork.queue,delay_p999_ms,,,154.05439712684
Phase5_Tail-79-20261001-21:25:34-68,scalar,DectScheduledAccessNetwork.queue,tail_sample_count,,,1000000
Phase5_Tail-79-20261001-21:25:34-68,scalar,DectScheduledAccessNetwork.queue,effective_throughput_departures_per_ms,,,0.20336936434073
Phase5_Tail-79-20261001-21:25:34-68,scalar,DectScheduledAccessNetwork.queue,effective_throughput_accepted_per_ms,,,0.2033746519442
Phase5_Tail-79-20261001-21:25:34-68,scalar,DectScheduledAccessNetwork.queue,mean_delay_little_ms,,,141.30591228386
Phase5_Tail-79-20261001-21:25:34-68,scalar,DectScheduledAccessNetwork.queue,little_vs_direct_relative_error,,,2.8910033657237e-05
Phase5_Tail-79-20261001-21:25:34-68,scalar,DectScheduledAccessNetwork.queue,type1_service_fraction,,,0.084812235926828
Phase5_Tail-79-20261001-21:25:34-68,scalar,DectScheduledAccessNetwork.queue,type2_service_fraction,,,0.91518776407325
Phase5_Tail-79-20261001-21:25:34-68,scalar,DectScheduledAccessNetwork.queue,full_type1_fraction,,,0.0040788124474801
Phase5_Tail-79-20261001-21:25:34-68,scalar,DectScheduledAccessNetwork.queue,full_type2_fraction,,,0.32960734779878
Phase5_Tail-79-20261001-21:25:34-68,scalar,DectScheduledAccessNetwork.queue,nonfull_state_fraction,,,0.66631383975384
Phase5_Tail-79-20261001-21:25:34-68,scalar,DectScheduledAccessNetwork.queue,saturated_full_state_fraction,,,0.33368616024626
Phase5_Tail-79-20261001-21:25:34-68,scalar,DectScheduledAccessNetwork.queue,full_type1_phase_0_fraction,,,0.0033568617929709
Phase5_Tail-79-20261001-21:25:34-68,scalar,DectScheduledAccessNetwork.queue,full_type1_phase_1_fraction,,,0.00072195065450916
Phase5_Tail-80-20261001-21:25:34-68,scalar,DectScheduledAccessNetwork.queue,D,,,10
Phase5_Tail-80-20261001-21:25:34-68,scalar,DectScheduledAccessNetwork.queue,r,,,30
Phase5_Tail-80-20261001-21:25:34-68,scalar,DectScheduledAccessNetwork.queue,L_effective,,,2
Phase5_Tail-80-20261001-21:25:34-68,scalar,DectScheduledAccessNetwork.queue,rho,,,0.169491525424
Phase5_Tail-80-20261001-21:25:34-68,scalar,DectScheduledAccessNetwork.queue,lambda_per_ms,,,0.40677966069218
Phase5_Tail-80-20261001-21:25:34-68,scalar,DectScheduledAccessNetwork.queue,lambda_sat_per_ms,,,0.20338983049469
Phase5_Tail-80-20261001-21:25:34-68,scalar,DectScheduledAccessNetwork.queue,rho_sat,,,0.084745762773916
Phase5_Tail-80-20261001-21:25:34-68,scalar,DectScheduledAccessNetwork.queue,load_factor_rho_over_rho_sat,,,1.9999999985388
Phase5_Tail-80-20261001-21:25:34-68,scalar,DectScheduledAccessNetwork.queue,mean_type1_service_ms,,,0.416666667
Phase5_Tail-80-20261001-21:25:34-68,scalar,DectScheduledAccessNetwork.queue,type2_service_ms,,,9
Phase5_Tail-80-20261001-21:25:34-68,scalar,DectScheduledAccessNetwork.queue,warmup_type1_completions,,,200000
Phase5_Tail-80-20261001-21:25:34-68,scalar,DectScheduledAccessNetwork.queue,measured_arrivals,,,1997131
Phase5_Tail-80-20261001-21:25:34-68,scalar,DectScheduledAccessNetwork.queue,measured_accepted_arrivals,,,1000028
Phase5_Tail-80-20261001-21:25:34-68,scalar,DectScheduledAccessNetwork.queue,measured_blocked_arrivals,,,997103
Phase5_Tail-80-20261001-21:25:34-68,scalar,DectScheduledAccessNetwork.queue,measured_completed_packets,,,1000000
Phase5_Tail-80-20261001-21:25:34-68,scalar,DectScheduledAccessNetwork.queue,observation_time_s,,,4917.306889835
Phase5_Tail-80-20261001-21:25:34-68,scalar,DectScheduledAccessNetwork.queue,blocking_probability,,,0.49926769951495
Phase5_Tail-80-20261001-21:25:34-68,scalar,DectScheduledAccessNetwork.queue,mean_type1_number,,,29.288846563721
Phase5_Tail-80-20261001-21:25:34-68,scalar,DectScheduledAccessNetwork.queue,mean_delay_direct_ms,,,144.01825490531
Phase5_Tail-80-20261001-21:25:34-68,scalar,DectScheduledAccessNetwork.queue,delay_p50_ms,,,144.5544950155
Phase5_Tail-80-20261001-21:25:34-68,scalar,DectScheduledAccessNetwork.queue,delay_p95_ms,,,149.91452809605
Phase5_Tail-80-20261001-21:25:34-68,scalar,DectScheduledAccessNetwork.queue,delay_p99_ms,,,152.13837843923
Phase5_Tail-80-20261001-21:25:34-68,scalar,DectScheduledAccessNetwork.queue,delay_p999_ms,,,154.77298537862
Phase5_Tail-80-20261001-21:25:34-68,scalar,DectScheduledAccessNetwork.queue,tail_sample_count,,,1000000
Phase5_Tail-80-20261001-21:25:34-68,scalar,DectScheduledAccessNetwork.queue,effective_throughput_departures_per_ms,,,0.20336334957397
Phase5_Tail-80-20261001-21:25:34-68,scalar,DectScheduledAccessNetwork.queue,effective_throughput_accepted_per_ms,,,0.20336904374775
Phase5_Tail-80-20261001-21:25:34-68,scalar,DectScheduledAccessNetwork.queue,mean_delay_little_ms,,,144.02224700311
Phase5_Tail-80-20261001-21:25:34-68,scalar,DectScheduledAccessNetwork.queue,little_vs_direct_relative_error,,,2.7719387373226e-05
Phase5_Tail-80-20261001-21:25:34-68,scalar,DectScheduledAccessNetwork.queue,type1_service_fraction,,,0.084839303135102
Phase5_Tail-80-20261001-21:25:34-68,scalar,DectScheduledAccessNetwork.queue,type2_service_fraction,,,0.91516069686499
Phase5_Tail-80-20261001-21:25:34-68,scalar,DectScheduledAccessNetwork.queue,full_type1_fraction,,,0.0069626291490163
Phase5_Tail-80-20261001-21:25:34-68,scalar,DectScheduledAccessNetwork.queue,full_type2_fraction,,,0.49215401083054
Phase5_Tail-80-20261001-21:25:34-68,scalar,DectScheduledAccessNetwork.queue,nonfull_state_fraction,,,0.50088336002047
Phase5_Tail-80-20261001-21:25:34-68,scalar,DectScheduledAccessNetwork.queue,saturated_full_state_fraction,,,0.49911663997956
Phase5_Tail-80-20261001-21:25:34-68,scalar,DectScheduledAccessNetwork.queue,full_type1_phase_0_fraction,,,0.0054738902103114
Phase5_Tail-80-20261001-21:25:34-68,scalar,DectScheduledAccessNetwork.queue,full_type1_phase_1_fraction,,,0.0014887389387048
Phase5_Tail-81-20261001-21:25:35-68,scalar,DectScheduledAccessNetwork.queue,D,,,10
Phase5_Tail-81-20261001-21:25:35-68,scalar,DectScheduledAccessNetwork.queue,r,,,30
Phase5_Tail-81-20261001-21:25:35-68,scalar,DectScheduledAccessNetwork.queue,L_effective,,,2
Phase5_Tail-81-20261001-21:25:35-68,scalar,DectScheduledAccessNetwork.queue,rho,,,0.169491525424
Phase5_Tail-81-20261001-21:25:35-68,scalar,DectScheduledAccessNetwork.queue,lambda_per_ms,,,0.40677966069218
Phase5_Tail-81-20261001-21:25:35-68,scalar,DectScheduledAccessNetwork.queue,lambda_sat_per_ms,,,0.20338983049469
Phase5_Tail-81-20261001-21:25:35-68,scalar,DectScheduledAccessNetwork.queue,rho_sat,,,0.084745762773916
Phase5_Tail-81-20261001-21:25:35-68,scalar,DectScheduledAccessNetwork.queue,load_factor_rho_over_rho_sat,,,1.9999999985388
Phase5_Tail-81-20261001-21:25:35-68,scalar,DectScheduledAccessNetwork.queue,mean_type1_service_ms,,,0.416666667
Phase5_Tail-81-20261001-21:25:35-68,scalar,DectScheduledAccessNetwork.queue,type2_service_ms,,,9
Phase5_Tail-81-20261001-21:25:35-68,scalar,DectScheduledAccessNetwork.queue,warmup_type1_completions,,,200000
Phase5_Tail-81-20261001-21:25:35-68,scalar,DectScheduledAccessNetwork.queue,measured_arrivals,,,1999362
Phase5_Tail-81-20261001-21:25:35-68,scalar,DectScheduledAccessNetwork.queue,measured_accepted_arrivals,,,1000029
Phase5_Tail-81-20261001-21:25:35-68,scalar,DectScheduledAccessNetwork.queue,measured_blocked_arrivals,,,999333
Phase5_Tail-81-20261001-21:25:35-68,scalar,DectScheduledAccessNetwork.queue,measured_completed_packets,,,1000000
Phase5_Tail-81-20261001-21:25:35-68,scalar,DectScheduledAccessNetwork.queue,observation_time_s,,,4917.2727888323
Phase5_Tail-81-20261001-21:25:35-68,scalar,DectScheduledAccessNetwork.queue,blocking_probability,,,0.49982594447629
Phase5_Tail-81-20261001-21:25:35-68,scalar,DectScheduledAccessNetwork.queue,mean_type1_number,,,29.289616132785
Phase5_Tail-81-20261001-21:25:35-68,scalar,DectScheduledAccessNetwork.queue,mean_delay_direct_ms,,,144.0209482649
Phase5_Tail-81-20261001-21:25:35-68,scalar,DectScheduledAccessNetwork.queue,delay_p50_ms,,,144.5606359625
Phase5_Tail-81-20261001-21:25:35-68,scalar,DectScheduledAccessNetwork.queue,delay_p95_ms,,,149.89789370755
Phase5_Tail-81-20261001-21:25:35-68,scalar,DectScheduledAccessNetwork.queue,delay_p99_ms,,,152.05643851564
Phase5_Tail-81-20261001-21:25:35-68,scalar,DectScheduledAccessNetwork.queue,delay_p999_ms,,,154.43399871581
Phase5_Tail-81-20261001-21:25:35-68,scalar,DectScheduledAccessNetwork.queue,tail_sample_count,,,1000000
Phase5_Tail-81-20261001-21:25:35-68,scalar,DectScheduledAccessNetwork.queue,effective_throughput_departures_per_ms,,,0.20336475988705
Phase5_Tail-81-20261001-21:25:35-68,scalar,DectScheduledAccessNetwork.queue,effective_throughput_accepted_per_ms,,,0.20337065746509
Phase5_Tail-81-20261001-21:25:35-68,scalar,DectScheduledAccessNetwork.queue,mean_delay_little_ms,,,144.02503240509
Phase5_Tail-81-20261001-21:25:35-68,scalar,DectScheduledAccessNetwork.queue,little_vs_direct_relative_error,,,2.835795932099e-05
Phase5_Tail-81-20261001-21:25:35-68,scalar,DectScheduledAccessNetwork.queue,type1_service_fraction,,,0.084832956548528
Phase5_Tail-81-20261001-21:25:35-68,scalar,DectScheduledAccessNetwork.queue,type2_service_fraction,,,0.91516704345151
Phase5_Tail-81-20261001-21:25:35-68,scalar,DectScheduledAccessNetwork.queue,full_type1_fraction,,,0.0069283095027011
Phase5_Tail-81-20261001-21:25:35-68,scalar,DectScheduledAccessNetwork.queue,full_type2_fraction,,,0.49195078947381
Phase5_Tail-81-20261001-21:25:35-68,scalar,DectScheduledAccessNetwork.queue,nonfull_state_fraction,,,0.50112090102347
Phase5_Tail-81-20261001-21:25:35-68,scalar,DectScheduledAccessNetwork.queue,saturated_full_state_fraction,,,0.49887909897651
Phase5_Tail-81-20261001-21:25:35-68,scalar,DectScheduledAccessNetwork.queue,full_type1_phase_0_fraction,,,0.0054914276169357
Phase5_Tail-81-20261001-21:25:35-68,scalar,DectScheduledAccessNetwork.queue,full_type1_phase_1_fraction,,,0.0014368818857654
Phase5_Tail-82-20261001-21:25:35-68,scalar,DectScheduledAccessNetwork.queue,D,,,10
Phase5_Tail-82-20261001-21:25:35-68,scalar,DectScheduledAccessNetwork.queue,r,,,30
Phase5_Tail-82-20261001-21:25:35-68,scalar,DectScheduledAccessNetwork.queue,L_effective,,,2
Phase5_Tail-82-20261001-21:25:35-68,scalar,DectScheduledAccessNetwork.queue,rho,,,0.169491525424
Phase5_Tail-82-20261001-21:25:35-68,scalar,DectScheduledAccessNetwork.queue,lambda_per_ms,,,0.40677966069218
Phase5_Tail-82-20261001-21:25:35-68,scalar,DectScheduledAccessNetwork.queue,lambda_sat_per_ms,,,0.20338983049469
Phase5_Tail-82-20261001-21:25:35-68,scalar,DectScheduledAccessNetwork.queue,rho_sat,,,0.084745762773916
Phase5_Tail-82-20261001-21:25:35-68,scalar,DectScheduledAccessNetwork.queue,load_factor_rho_over_rho_sat,,,1.9999999985388
Phase5_Tail-82-20261001-21:25:35-68,scalar,DectScheduledAccessNetwork.queue,mean_type1_service_ms,,,0.416666667
Phase5_Tail-82-20261001-21:25:35-68,scalar,DectScheduledAccessNetwork.queue,type2_service_ms,,,9
Phase5_Tail-82-20261001-21:25:35-68,scalar,DectScheduledAccessNetwork.queue,warmup_type1_completions,,,200000
Phase5_Tail-82-20261001-21:25:35-68,scalar,DectScheduledAccessNetwork.queue,measured_arrivals,,,2000676
Phase5_Tail-82-20261001-21:25:35-68,scalar,DectScheduledAccessNetwork.queue,measured_accepted_arrivals,,,1000025
Phase5_Tail-82-20261001-21:25:35-68,scalar,DectScheduledAccessNetwork.queue,measured_blocked_arrivals,,,1000651
Phase5_Tail-82-20261001-21:25:35-68,scalar,DectScheduledAccessNetwork.queue,measured_completed_packets,,,1000000
Phase5_Tail-82-20261001-21:25:35-68,scalar,DectScheduledAccessNetwork.queue,observation_time_s,,,4917.1352072551
Phase5_Tail-82-20261001-21:25:35-68,scalar,DectScheduledAccessNetwork.queue,blocking_probability,,,0.50015644712087
Phase5_Tail-82-20261001-21:25:35-68,scalar,DectScheduledAccessNetwork.queue,mean_type1_number,,,29.29327775181
Phase5_Tail-82-20261001-21:25:35-68,scalar,DectScheduledAccessNetwork.queue,mean_delay_direct_ms,,,144.03501874074
Phase5_Tail-82-20261001-21:25:35-68,scalar,DectScheduledAccessNetwork.queue,delay_p50_ms,,,144.5624168205
Phase5_Tail-82-20261001-21:25:35-68,scalar,DectScheduledAccessNetwork.queue,delay_p95_ms,,,149.92409566445
Phase5_Tail-82-20261001-21:25:35-68,scalar,DectScheduledAccessNetwork.queue,delay_p99_ms,,,152.12547175606
Phase5_Tail-82-20261001-21:25:35-68,scalar,DectScheduledAccessNetwork.queue,delay_p999_ms,,,154.64059191724
Phase5_Tail-82-20261001-21:25:35-68,scalar,DectScheduledAccessNetwork.queue,tail_sample_count,,,1000000
Phase5_Tail-82-20261001-21:25:35-68,scalar,DectScheduledAccessNetwork.queue,effective_throughput_departures_per_ms,,,0.20337045003858
Phase5_Tail-82-20261001-21:25:35-68,scalar,DectScheduledAccessNetwork.queue,effective_throughput_accepted_per_ms,,,0.20337553429983
Phase5_Tail-82-20261001-21:25:35-68,scalar,DectScheduledAccessNetwork.queue,mean_delay_little_ms,,,144.03900736932
Phase5_Tail-82-20261001-21:25:35-68,scalar,DectScheduledAccessNetwork.queue,little_vs_direct_relative_error,,,2.7692075307062e-05
Phase5_Tail-82-20261001-21:25:35-68,scalar,DectScheduledAccessNetwork.queue,type1_service_fraction,,,0.084807350149694
Phase5_Tail-82-20261001-21:25:35-68,scalar,DectScheduledAccessNetwork.queue,type2_service_fraction,,,0.91519264985032
Phase5_Tail-82-20261001-21:25:35-68,scalar,DectScheduledAccessNetwork.queue,full_type1_fraction,,,0.0069794098768738
Phase5_Tail-82-20261001-21:25:35-68,scalar,DectScheduledAccessNetwork.queue,full_type2_fraction,,,0.49318208701895
Phase5_Tail-82-20261001-21:25:35-68,scalar,DectScheduledAccessNetwork.queue,nonfull_state_fraction,,,0.49983850310425
Phase5_Tail-82-20261001-21:25:35-68,scalar,DectScheduledAccessNetwork.queue,saturated_full_state_fraction,,,0.50016149689582
Phase5_Tail-82-20261001-21:25:35-68,scalar,DectScheduledAccessNetwork.queue,full_type1_phase_0_fraction,,,0.0055093834907954
Phase5_Tail-82-20261001-21:25:35-68,scalar,DectScheduledAccessNetwork.queue,full_type1_phase_1_fraction,,,0.0014700263860784
Phase5_Tail-83-20261001-21:25:35-68,scalar,DectScheduledAccessNetwork.queue,D,,,10
Phase5_Tail-83-20261001-21:25:35-68,scalar,DectScheduledAccessNetwork.queue,r,,,30
Phase5_Tail-83-20261001-21:25:35-68,scalar,DectScheduledAccessNetwork.queue,L_effective,,,2
Phase5_Tail-83-20261001-21:25:35-68,scalar,DectScheduledAccessNetwork.queue,rho,,,0.169491525424
Phase5_Tail-83-20261001-21:25:35-68,scalar,DectScheduledAccessNetwork.queue,lambda_per_ms,,,0.40677966069218
Phase5_Tail-83-20261001-21:25:35-68,scalar,DectScheduledAccessNetwork.queue,lambda_sat_per_ms,,,0.20338983049469
Phase5_Tail-83-20261001-21:25:35-68,scalar,DectScheduledAccessNetwork.queue,rho_sat,,,0.084745762773916
Phase5_Tail-83-20261001-21:25:35-68,scalar,DectScheduledAccessNetwork.queue,load_factor_rho_over_rho_sat,,,1.9999999985388
Phase5_Tail-83-20261001-21:25:35-68,scalar,DectScheduledAccessNetwork.queue,mean_type1_service_ms,,,0.416666667
Phase5_Tail-83-20261001-21:25:35-68,scalar,DectScheduledAccessNetwork.queue,type2_service_ms,,,9
Phase5_Tail-83-20261001-21:25:35-68,scalar,DectScheduledAccessNetwork.queue,warmup_type1_completions,,,200000
Phase5_Tail-83-20261001-21:25:35-68,scalar,DectScheduledAccessNetwork.queue,measured_arrivals,,,1997549
Phase5_Tail-83-20261001-21:25:35-68,scalar,DectScheduledAccessNetwork.queue,measured_accepted_arrivals,,,1000028
Phase5_Tail-83-20261001-21:25:35-68,scalar,DectScheduledAccessNetwork.queue,measured_blocked_arrivals,,,997521
Phase5_Tail-83-20261001-21:25:35-68,scalar,DectScheduledAccessNetwork.queue,measured_completed_packets,,,1000000
Phase5_Tail-83-20261001-21:25:35-68,scalar,DectScheduledAccessNetwork.queue,observation_time_s,,,4917.2904381706
Phase5_Tail-83-20261001-21:25:35-68,scalar,DectScheduledAccessNetwork.queue,blocking_probability,,,0.49937248097544
Phase5_Tail-83-20261001-21:25:35-68,scalar,DectScheduledAccessNetwork.queue,mean_type1_number,,,29.289938223901
Phase5_Tail-83-20261001-21:25:35-68,scalar,DectScheduledAccessNetwork.queue,mean_delay_direct_ms,,,144.02312020079
Phase5_Tail-83-20261001-21:25:35-68,scalar,DectScheduledAccessNetwork.queue,delay_p50_ms,,,144.5584429025
Phase5_Tail-83-20261001-21:25:35-68,scalar,DectScheduledAccessNetwork.queue,delay_p95_ms,,,149.8983210627
Phase5_Tail-83-20261001-21:25:35-68,scalar,DectScheduledAccessNetwork.queue,delay_p99_ms,,,152.08557260791
Phase5_Tail-83-20261001-21:25:35-68,scalar,DectScheduledAccessNetwork.queue,delay_p999_ms,,,154.69392188426
Phase5_Tail-83-20261001-21:25:35-68,scalar,DectScheduledAccessNetwork.queue,tail_sample_count,,,1000000
Phase5_Tail-83-20261001-21:25:35-68,scalar,DectScheduledAccessNetwork.queue,effective_throughput_departures_per_ms,,,0.203364029962
Phase5_Tail-83-20261001-21:25:35-68,scalar,DectScheduledAccessNetwork.queue,effective_throughput_accepted_per_ms,,,0.20336972415484
Phase5_Tail-83-20261001-21:25:35-68,scalar,DectScheduledAccessNetwork.queue,mean_delay_little_ms,,,144.027133163
Phase5_Tail-83-20261001-21:25:35-68,scalar,DectScheduledAccessNetwork.queue,little_vs_direct_relative_error,,,2.7863319450816e-05
Phase5_Tail-83-20261001-21:25:35-68,scalar,DectScheduledAccessNetwork.queue,type1_service_fraction,,,0.084836241303218
Phase5_Tail-83-20261001-21:25:35-68,scalar,DectScheduledAccessNetwork.queue,type2_service_fraction,,,0.91516375869672
Phase5_Tail-83-20261001-21:25:35-68,scalar,DectScheduledAccessNetwork.queue,full_type1_fraction,,,0.0070738520704955
Phase5_Tail-83-20261001-21:25:35-68,scalar,DectScheduledAccessNetwork.queue,full_type2_fraction,,,0.4922070108151
Phase5_Tail-83-20261001-21:25:35-68,scalar,DectScheduledAccessNetwork.queue,nonfull_state_fraction,,,0.50071913711447
Phase5_Tail-83-20261001-21:25:35-68,scalar,DectScheduledAccessNetwork.queue,saturated_full_state_fraction,,,0.4992808628856
Phase5_Tail-83-20261001-21:25:35-68,scalar,DectScheduledAccessNetwork.queue,full_type1_phase_0_fraction,,,0.0055798813598785
Phase5_Tail-83-20261001-21:25:35-68,scalar,DectScheduledAccessNetwork.queue,full_type1_phase_1_fraction,,,0.001493970710617
Phase5_Tail-84-20261001-21:25:36-68,scalar,DectScheduledAccessNetwork.queue,D,,,10
Phase5_Tail-84-20261001-21:25:36-68,scalar,DectScheduledAccessNetwork.queue,r,,,30
Phase5_Tail-84-20261001-21:25:36-68,scalar,DectScheduledAccessNetwork.queue,L_effective,,,2
Phase5_Tail-84-20261001-21:25:36-68,scalar,DectScheduledAccessNetwork.queue,rho,,,0.169491525424
Phase5_Tail-84-20261001-21:25:36-68,scalar,DectScheduledAccessNetwork.queue,lambda_per_ms,,,0.40677966069218
Phase5_Tail-84-20261001-21:25:36-68,scalar,DectScheduledAccessNetwork.queue,lambda_sat_per_ms,,,0.20338983049469
Phase5_Tail-84-20261001-21:25:36-68,scalar,DectScheduledAccessNetwork.queue,rho_sat,,,0.084745762773916
Phase5_Tail-84-20261001-21:25:36-68,scalar,DectScheduledAccessNetwork.queue,load_factor_rho_over_rho_sat,,,1.9999999985388
Phase5_Tail-84-20261001-21:25:36-68,scalar,DectScheduledAccessNetwork.queue,mean_type1_service_ms,,,0.416666667
Phase5_Tail-84-20261001-21:25:36-68,scalar,DectScheduledAccessNetwork.queue,type2_service_ms,,,9
Phase5_Tail-84-20261001-21:25:36-68,scalar,DectScheduledAccessNetwork.queue,warmup_type1_completions,,,200000
Phase5_Tail-84-20261001-21:25:36-68,scalar,DectScheduledAccessNetwork.queue,measured_arrivals,,,1999830
Phase5_Tail-84-20261001-21:25:36-68,scalar,DectScheduledAccessNetwork.queue,measured_accepted_arrivals,,,1000028
Phase5_Tail-84-20261001-21:25:36-68,scalar,DectScheduledAccessNetwork.queue,measured_blocked_arrivals,,,999802
Phase5_Tail-84-20261001-21:25:36-68,scalar,DectScheduledAccessNetwork.queue,measured_completed_packets,,,1000000
Phase5_Tail-84-20261001-21:25:36-68,scalar,DectScheduledAccessNetwork.queue,observation_time_s,,,4916.9845361977
Phase5_Tail-84-20261001-21:25:36-68,scalar,DectScheduledAccessNetwork.queue,blocking_probability,,,0.49994349519709
Phase5_Tail-84-20261001-21:25:36-68,scalar,DectScheduledAccessNetwork.queue,mean_type1_number,,,29.292152200503
Phase5_Tail-84-20261001-21:25:36-68,scalar,DectScheduledAccessNetwork.queue,mean_delay_direct_ms,,,144.02501924377
Phase5_Tail-84-20261001-21:25:36-68,scalar,DectScheduledAccessNetwork.queue,delay_p50_ms,,,144.5497437565
Phase5_Tail-84-20261001-21:25:36-68,scalar,DectScheduledAccessNetwork.queue,delay_p95_ms,,,149.9512327693
Phase5_Tail-84-20261001-21:25:36-68,scalar,DectScheduledAccessNetwork.queue,delay_p99_ms,,,152.14380642529
Phase5_Tail-84-20261001-21:25:36-68,scalar,DectScheduledAccessNetwork.queue,delay_p999_ms,,,154.65855914159
Phase5_Tail-84-20261001-21:25:36-68,scalar,DectScheduledAccessNetwork.queue,tail_sample_count,,,1000000
Phase5_Tail-84-20261001-21:25:36-68,scalar,DectScheduledAccessNetwork.queue,effective_throughput_departures_per_ms,,,0.20337668191515
Phase5_Tail-84-20261001-21:25:36-68,scalar,DectScheduledAccessNetwork.queue,effective_throughput_accepted_per_ms,,,0.20338237646225
Phase5_Tail-84-20261001-21:25:36-68,scalar,DectScheduledAccessNetwork.queue,mean_delay_little_ms,,,144.02905940182
Phase5_Tail-84-20261001-21:25:36-68,scalar,DectScheduledAccessNetwork.queue,little_vs_direct_relative_error,,,2.805177926013e-05
Phase5_Tail-84-20261001-21:25:36-68,scalar,DectScheduledAccessNetwork.queue,type1_service_fraction,,,0.084779305919895
Phase5_Tail-84-20261001-21:25:36-68,scalar,DectScheduledAccessNetwork.queue,type2_service_fraction,,,0.91522069408015
Phase5_Tail-84-20261001-21:25:36-68,scalar,DectScheduledAccessNetwork.queue,full_type1_fraction,,,0.0069976473834968
Phase5_Tail-84-20261001-21:25:36-68,scalar,DectScheduledAccessNetwork.queue,full_type2_fraction,,,0.49348042030123
Phase5_Tail-84-20261001-21:25:36-68,scalar,DectScheduledAccessNetwork.queue,nonfull_state_fraction,,,0.49952193231529
Phase5_Tail-84-20261001-21:25:36-68,scalar,DectScheduledAccessNetwork.queue,saturated_full_state_fraction,,,0.50047806768473
Phase5_Tail-84-20261001-21:25:36-68,scalar,DectScheduledAccessNetwork.queue,full_type1_phase_0_fraction,,,0.0054935591414587
Phase5_Tail-84-20261001-21:25:36-68,scalar,DectScheduledAccessNetwork.queue,full_type1_phase_1_fraction,,,0.0015040882420381
Phase5_Tail-85-20261001-21:25:36-68,scalar,DectScheduledAccessNetwork.queue,D,,,10
Phase5_Tail-85-20261001-21:25:36-68,scalar,DectScheduledAccessNetwork.queue,r,,,30
Phase5_Tail-85-20261001-21:25:36-68,scalar,DectScheduledAccessNetwork.queue,L_effective,,,2
Phase5_Tail-85-20261001-21:25:36-68,scalar,DectScheduledAccessNetwork.queue,rho,,,0.169491525424
Phase5_Tail-85-20261001-21:25:36-68,scalar,DectScheduledAccessNetwork.queue,lambda_per_ms,,,0.40677966069218
Phase5_Tail-85-20261001-21:25:36-68,scalar,DectScheduledAccessNetwork.queue,lambda_sat_per_ms,,,0.20338983049469
Phase5_Tail-85-20261001-21:25:36-68,scalar,DectScheduledAccessNetwork.queue,rho_sat,,,0.084745762773916
Phase5_Tail-85-20261001-21:25:36-68,scalar,DectScheduledAccessNetwork.queue,load_factor_rho_over_rho_sat,,,1.9999999985388
Phase5_Tail-85-20261001-21:25:36-68,scalar,DectScheduledAccessNetwork.queue,mean_type1_service_ms,,,0.416666667
Phase5_Tail-85-20261001-21:25:36-68,scalar,DectScheduledAccessNetwork.queue,type2_service_ms,,,9
Phase5_Tail-85-20261001-21:25:36-68,scalar,DectScheduledAccessNetwork.queue,warmup_type1_completions,,,200000
Phase5_Tail-85-20261001-21:25:36-68,scalar,DectScheduledAccessNetwork.queue,measured_arrivals,,,1998899
Phase5_Tail-85-20261001-21:25:36-68,scalar,DectScheduledAccessNetwork.queue,measured_accepted_arrivals,,,1000027
Phase5_Tail-85-20261001-21:25:36-68,scalar,DectScheduledAccessNetwork.queue,measured_blocked_arrivals,,,998872
Phase5_Tail-85-20261001-21:25:36-68,scalar,DectScheduledAccessNetwork.queue,measured_completed_packets,,,1000000
Phase5_Tail-85-20261001-21:25:36-68,scalar,DectScheduledAccessNetwork.queue,observation_time_s,,,4917.1110864414
Phase5_Tail-85-20261001-21:25:36-68,scalar,DectScheduledAccessNetwork.queue,blocking_probability,,,0.49971109095557
Phase5_Tail-85-20261001-21:25:36-68,scalar,DectScheduledAccessNetwork.queue,mean_type1_number,,,29.28944393018
Phase5_Tail-85-20261001-21:25:36-68,scalar,DectScheduledAccessNetwork.queue,mean_delay_direct_ms,,,144.01550609786
Phase5_Tail-85-20261001-21:25:36-68,scalar,DectScheduledAccessNetwork.queue,delay_p50_ms,,,144.5606511195
Phase5_Tail-85-20261001-21:25:36-68,scalar,DectScheduledAccessNetwork.queue,delay_p95_ms,,,149.8927438855
Phase5_Tail-85-20261001-21:25:36-68,scalar,DectScheduledAccessNetwork.queue,delay_p99_ms,,,152.05968323814
Phase5_Tail-85-20261001-21:25:36-68,scalar,DectScheduledAccessNetwork.queue,delay_p999_ms,,,154.54790154569
Phase5_Tail-85-20261001-21:25:36-68,scalar,DectScheduledAccessNetwork.queue,tail_sample_count,,,1000000
Phase5_Tail-85-20261001-21:25:36-68,scalar,DectScheduledAccessNetwork.queue,effective_throughput_departures_per_ms,,,0.20337144766923
Phase5_Tail-85-20261001-21:25:36-68,scalar,DectScheduledAccessNetwork.queue,effective_throughput_accepted_per_ms,,,0.20337693869832
Phase5_Tail-85-20261001-21:25:36-68,scalar,DectScheduledAccessNetwork.queue,mean_delay_little_ms,,,144.01944946479
Phase5_Tail-85-20261001-21:25:36-68,scalar,DectScheduledAccessNetwork.queue,little_vs_direct_relative_error,,,2.7381544114746e-05
Phase5_Tail-85-20261001-21:25:36-68,scalar,DectScheduledAccessNetwork.queue,type1_service_fraction,,,0.084802860686068
Phase5_Tail-85-20261001-21:25:36-68,scalar,DectScheduledAccessNetwork.queue,type2_service_fraction,,,0.91519713931394
Phase5_Tail-85-20261001-21:25:36-68,scalar,DectScheduledAccessNetwork.queue,full_type1_fraction,,,0.0069608275575339
Phase5_Tail-85-20261001-21:25:36-68,scalar,DectScheduledAccessNetwork.queue,full_type2_fraction,,,0.49213438296991
Phase5_Tail-85-20261001-21:25:36-68,scalar,DectScheduledAccessNetwork.queue,nonfull_state_fraction,,,0.50090478947258
Phase5_Tail-85-20261001-21:25:36-68,scalar,DectScheduledAccessNetwork.queue,saturated_full_state_fraction,,,0.49909521052745
Phase5_Tail-85-20261001-21:25:36-68,scalar,DectScheduledAccessNetwork.queue,full_type1_phase_0_fraction,,,0.0054697495557699
Phase5_Tail-85-20261001-21:25:36-68,scalar,DectScheduledAccessNetwork.queue,full_type1_phase_1_fraction,,,0.0014910780017641
Phase5_Tail-86-20261001-21:25:37-68,scalar,DectScheduledAccessNetwork.queue,D,,,10
Phase5_Tail-86-20261001-21:25:37-68,scalar,DectScheduledAccessNetwork.queue,r,,,30
Phase5_Tail-86-20261001-21:25:37-68,scalar,DectScheduledAccessNetwork.queue,L_effective,,,2
Phase5_Tail-86-20261001-21:25:37-68,scalar,DectScheduledAccessNetwork.queue,rho,,,0.169491525424
Phase5_Tail-86-20261001-21:25:37-68,scalar,DectScheduledAccessNetwork.queue,lambda_per_ms,,,0.40677966069218
Phase5_Tail-86-20261001-21:25:37-68,scalar,DectScheduledAccessNetwork.queue,lambda_sat_per_ms,,,0.20338983049469
Phase5_Tail-86-20261001-21:25:37-68,scalar,DectScheduledAccessNetwork.queue,rho_sat,,,0.084745762773916
Phase5_Tail-86-20261001-21:25:37-68,scalar,DectScheduledAccessNetwork.queue,load_factor_rho_over_rho_sat,,,1.9999999985388
Phase5_Tail-86-20261001-21:25:37-68,scalar,DectScheduledAccessNetwork.queue,mean_type1_service_ms,,,0.416666667
Phase5_Tail-86-20261001-21:25:37-68,scalar,DectScheduledAccessNetwork.queue,type2_service_ms,,,9
Phase5_Tail-86-20261001-21:25:37-68,scalar,DectScheduledAccessNetwork.queue,warmup_type1_completions,,,200000
Phase5_Tail-86-20261001-21:25:37-68,scalar,DectScheduledAccessNetwork.queue,measured_arrivals,,,2000283
Phase5_Tail-86-20261001-21:25:37-68,scalar,DectScheduledAccessNetwork.queue,measured_accepted_arrivals,,,1000029
Phase5_Tail-86-20261001-21:25:37-68,scalar,DectScheduledAccessNetwork.queue,measured_blocked_arrivals,,,1000254
Phase5_Tail-86-20261001-21:25:37-68,scalar,DectScheduledAccessNetwork.queue,measured_completed_packets,,,1000000
Phase5_Tail-86-20261001-21:25:37-68,scalar,DectScheduledAccessNetwork.queue,observation_time_s,,,4917.0319841178
Phase5_Tail-86-20261001-21:25:37-68,scalar,DectScheduledAccessNetwork.queue,blocking_probability,,,0.50005624204175
Phase5_Tail-86-20261001-21:25:37-68,scalar,DectScheduledAccessNetwork.queue,mean_type1_number,,,29.292656334349
Phase5_Tail-86-20261001-21:25:37-68,scalar,DectScheduledAccessNetwork.queue,mean_delay_direct_ms,,,144.02893650702
Phase5_Tail-86-20261001-21:25:37-68,scalar,DectScheduledAccessNetwork.queue,delay_p50_ms,,,144.5689755215
Phase5_Tail-86-20261001-21:25:37-68,scalar,DectScheduledAccessNetwork.queue,delay_p95_ms,,,149.90706084725
Phase5_Tail-86-20261001-21:25:37-68,scalar,DectScheduledAccessNetwork.queue,delay_p99_ms,,,152.05970643194
Phase5_Tail-86-20261001-21:25:37-68,scalar,DectScheduledAccessNetwork.queue,delay_p999_ms,,,154.46364168832
Phase5_Tail-86-20261001-21:25:37-68,scalar,DectScheduledAccessNetwork.queue,tail_sample_count,,,1000000
Phase5_Tail-86-20261001-21:25:37-68,scalar,DectScheduledAccessNetwork.queue,effective_throughput_departures_per_ms,,,0.20337471938967
Phase5_Tail-86-20261001-21:25:37-68,scalar,DectScheduledAccessNetwork.queue,effective_throughput_accepted_per_ms,,,0.20338061725653
Phase5_Tail-86-20261001-21:25:37-68,scalar,DectScheduledAccessNetwork.queue,mean_delay_little_ms,,,144.03292809577
Phase5_Tail-86-20261001-21:25:37-68,scalar,DectScheduledAccessNetwork.queue,little_vs_direct_relative_error,,,2.771379723443e-05
Phase5_Tail-86-20261001-21:25:37-68,scalar,DectScheduledAccessNetwork.queue,type1_service_fraction,,,0.084788137531838
Phase5_Tail-86-20261001-21:25:37-68,scalar,DectScheduledAccessNetwork.queue,type2_service_fraction,,,0.91521186246817
Phase5_Tail-86-20261001-21:25:37-68,scalar,DectScheduledAccessNetwork.queue,full_type1_fraction,,,0.0069544186837195
Phase5_Tail-86-20261001-21:25:37-68,scalar,DectScheduledAccessNetwork.queue,full_type2_fraction,,,0.49367142708121
Phase5_Tail-86-20261001-21:25:37-68,scalar,DectScheduledAccessNetwork.queue,nonfull_state_fraction,,,0.4993741542351
Phase5_Tail-86-20261001-21:25:37-68,scalar,DectScheduledAccessNetwork.queue,saturated_full_state_fraction,,,0.50062584576493
Phase5_Tail-86-20261001-21:25:37-68,scalar,DectScheduledAccessNetwork.queue,full_type1_phase_0_fraction,,,0.0054584237296554
Phase5_Tail-86-20261001-21:25:37-68,scalar,DectScheduledAccessNetwork.queue,full_type1_phase_1_fraction,,,0.0014959949540641
Phase5_Tail-87-20261001-21:25:37-68,scalar,DectScheduledAccessNetwork.queue,D,,,10
Phase5_Tail-87-20261001-21:25:37-68,scalar,DectScheduledAccessNetwork.queue,r,,,30
Phase5_Tail-87-20261001-21:25:37-68,scalar,DectScheduledAccessNetwork.queue,L_effective,,,2
Phase5_Tail-87-20261001-21:25:37-68,scalar,DectScheduledAccessNetwork.queue,rho,,,0.169491525424
Phase5_Tail-87-20261001-21:25:37-68,scalar,DectScheduledAccessNetwork.queue,lambda_per_ms,,,0.40677966069218
Phase5_Tail-87-20261001-21:25:37-68,scalar,DectScheduledAccessNetwork.queue,lambda_sat_per_ms,,,0.20338983049469
Phase5_Tail-87-20261001-21:25:37-68,scalar,DectScheduledAccessNetwork.queue,rho_sat,,,0.084745762773916
Phase5_Tail-87-20261001-21:25:37-68,scalar,DectScheduledAccessNetwork.queue,load_factor_rho_over_rho_sat,,,1.9999999985388
Phase5_Tail-87-20261001-21:25:37-68,scalar,DectScheduledAccessNetwork.queue,mean_type1_service_ms,,,0.416666667
Phase5_Tail-87-20261001-21:25:37-68,scalar,DectScheduledAccessNetwork.queue,type2_service_ms,,,9
Phase5_Tail-87-20261001-21:25:37-68,scalar,DectScheduledAccessNetwork.queue,warmup_type1_completions,,,200000
Phase5_Tail-87-20261001-21:25:37-68,scalar,DectScheduledAccessNetwork.queue,measured_arrivals,,,1999398
Phase5_Tail-87-20261001-21:25:37-68,scalar,DectScheduledAccessNetwork.queue,measured_accepted_arrivals,,,1000029
Phase5_Tail-87-20261001-21:25:37-68,scalar,DectScheduledAccessNetwork.queue,measured_blocked_arrivals,,,999369
Phase5_Tail-87-20261001-21:25:37-68,scalar,DectScheduledAccessNetwork.queue,measured_completed_packets,,,1000000
Phase5_Tail-87-20261001-21:25:37-68,scalar,DectScheduledAccessNetwork.queue,observation_time_s,,,4917.3723727928
Phase5_Tail-87-20261001-21:25:37-68,scalar,DectScheduledAccessNetwork.queue,blocking_probability,,,0.49983495032005
Phase5_Tail-87-20261001-21:25:37-68,scalar,DectScheduledAccessNetwork.queue,mean_type1_number,,,29.292491490378
Phase5_Tail-87-20261001-21:25:37-68,scalar,DectScheduledAccessNetwork.queue,mean_delay_direct_ms,,,144.03769719707
Phase5_Tail-87-20261001-21:25:37-68,scalar,DectScheduledAccessNetwork.queue,delay_p50_ms,,,144.5639650165
Phase5_Tail-87-20261001-21:25:37-68,scalar,DectScheduledAccessNetwork.queue,delay_p95_ms,,,149.9002091262
Phase5_Tail-87-20261001-21:25:37-68,scalar,DectScheduledAccessNetwork.queue,delay_p99_ms,,,152.0664525424
Phase5_Tail-87-20261001-21:25:37-68,scalar,DectScheduledAccessNetwork.queue,delay_p999_ms,,,154.47709351355
Phase5_Tail-87-20261001-21:25:37-68,scalar,DectScheduledAccessNetwork.queue,tail_sample_count,,,1000000
Phase5_Tail-87-20261001-21:25:37-68,scalar,DectScheduledAccessNetwork.queue,effective_throughput_departures_per_ms,,,0.20336064145414
Phase5_Tail-87-20261001-21:25:37-68,scalar,DectScheduledAccessNetwork.queue,effective_throughput_accepted_per_ms,,,0.20336653891274
Phase5_Tail-87-20261001-21:25:37-68,scalar,DectScheduledAccessNetwork.queue,mean_delay_little_ms,,,144.04208838506
Phase5_Tail-87-20261001-21:25:37-68,scalar,DectScheduledAccessNetwork.queue,little_vs_direct_relative_error,,,3.0486380081962e-05
Phase5_Tail-87-20261001-21:25:37-68,scalar,DectScheduledAccessNetwork.queue,type1_service_fraction,,,0.084849659769789
Phase5_Tail-87-20261001-21:25:37-68,scalar,DectScheduledAccessNetwork.queue,type2_service_fraction,,,0.91515034023028
Phase5_Tail-87-20261001-21:25:37-68,scalar,DectScheduledAccessNetwork.queue,full_type1_fraction,,,0.0069387203886178
Phase5_Tail-87-20261001-21:25:37-68,scalar,DectScheduledAccessNetwork.queue,full_type2_fraction,,,0.49326573366165
Phase5_Tail-87-20261001-21:25:37-68,scalar,DectScheduledAccessNetwork.queue,nonfull_state_fraction,,,0.49979554594977
Phase5_Tail-87-20261001-21:25:37-68,scalar,DectScheduledAccessNetwork.queue,saturated_full_state_fraction,,,0.50020445405027
Phase5_Tail-87-20261001-21:25:37-68,scalar,DectScheduledAccessNetwork.queue,full_type1_phase_0_fraction,,,0.0054664654506423
Phase5_Tail-87-20261001-21:25:37-68,scalar,DectScheduledAccessNetwork.queue,full_type1_phase_1_fraction,,,0.0014722549379754
Phase5_Tail-88-20261001-21:25:38-68,scalar,DectScheduledAccessNetwork.queue,D,,,10
Phase5_Tail-88-20261001-21:25:38-68,scalar,DectScheduledAccessNetwork.queue,r,,,30
Phase5_Tail-88-20261001-21:25:38-68,scalar,DectScheduledAccessNetwork.queue,L_effective,,,2
Phase5_Tail-88-20261001-21:25:38-68,scalar,DectScheduledAccessNetwork.queue,rho,,,0.169491525424
Phase5_Tail-88-20261001-21:25:38-68,scalar,DectScheduledAccessNetwork.queue,lambda_per_ms,,,0.40677966069218
Phase5_Tail-88-20261001-21:25:38-68,scalar,DectScheduledAccessNetwork.queue,lambda_sat_per_ms,,,0.20338983049469
Phase5_Tail-88-20261001-21:25:38-68,scalar,DectScheduledAccessNetwork.queue,rho_sat,,,0.084745762773916
Phase5_Tail-88-20261001-21:25:38-68,scalar,DectScheduledAccessNetwork.queue,load_factor_rho_over_rho_sat,,,1.9999999985388
Phase5_Tail-88-20261001-21:25:38-68,scalar,DectScheduledAccessNetwork.queue,mean_type1_service_ms,,,0.416666667
Phase5_Tail-88-20261001-21:25:38-68,scalar,DectScheduledAccessNetwork.queue,type2_service_ms,,,9
Phase5_Tail-88-20261001-21:25:38-68,scalar,DectScheduledAccessNetwork.queue,warmup_type1_completions,,,200000
Phase5_Tail-88-20261001-21:25:38-68,scalar,DectScheduledAccessNetwork.queue,measured_arrivals,,,2002524
Phase5_Tail-88-20261001-21:25:38-68,scalar,DectScheduledAccessNetwork.queue,measured_accepted_arrivals,,,1000027
Phase5_Tail-88-20261001-21:25:38-68,scalar,DectScheduledAccessNetwork.queue,measured_blocked_arrivals,,,1002497
Phase5_Tail-88-20261001-21:25:38-68,scalar,DectScheduledAccessNetwork.queue,measured_completed_packets,,,1000000
Phase5_Tail-88-20261001-21:25:38-68,scalar,DectScheduledAccessNetwork.queue,observation_time_s,,,4916.6306008738
Phase5_Tail-88-20261001-21:25:38-68,scalar,DectScheduledAccessNetwork.queue,blocking_probability,,,0.50061672169722
Phase5_Tail-88-20261001-21:25:38-68,scalar,DectScheduledAccessNetwork.queue,mean_type1_number,,,29.292933107736
Phase5_Tail-88-20261001-21:25:38-68,scalar,DectScheduledAccessNetwork.queue,mean_delay_direct_ms,,,144.01818346059
Phase5_Tail-88-20261001-21:25:38-68,scalar,DectScheduledAccessNetwork.queue,delay_p50_ms,,,144.5508800875
Phase5_Tail-88-20261001-21:25:38-68,scalar,DectScheduledAccessNetwork.queue,delay_p95_ms,,,149.88171474045
Phase5_Tail-88-20261001-21:25:38-68,scalar,DectScheduledAccessNetwork.queue,delay_p99_ms,,,152.06857767496
Phase5_Tail-88-20261001-21:25:38-68,scalar,DectScheduledAccessNetwork.queue,delay_p999_ms,,,154.59851442139
Phase5_Tail-88-20261001-21:25:38-68,scalar,DectScheduledAccessNetwork.queue,tail_sample_count,,,1000000
Phase5_Tail-88-20261001-21:25:38-68,scalar,DectScheduledAccessNetwork.queue,effective_throughput_departures_per_ms,,,0.20339132246834
Phase5_Tail-88-20261001-21:25:38-68,scalar,DectScheduledAccessNetwork.queue,effective_throughput_accepted_per_ms,,,0.20339681403404
Phase5_Tail-88-20261001-21:25:38-68,scalar,DectScheduledAccessNetwork.queue,mean_delay_little_ms,,,144.02253130684
Phase5_Tail-88-20261001-21:25:38-68,scalar,DectScheduledAccessNetwork.queue,little_vs_direct_relative_error,,,3.018956459977e-05
Phase5_Tail-88-20261001-21:25:38-68,scalar,DectScheduledAccessNetwork.queue,type1_service_fraction,,,0.084711591063956
Phase5_Tail-88-20261001-21:25:38-68,scalar,DectScheduledAccessNetwork.queue,type2_service_fraction,,,0.91528840893605
Phase5_Tail-88-20261001-21:25:38-68,scalar,DectScheduledAccessNetwork.queue,full_type1_fraction,,,0.0069678449367296
Phase5_Tail-88-20261001-21:25:38-68,scalar,DectScheduledAccessNetwork.queue,full_type2_fraction,,,0.49342233493734
Phase5_Tail-88-20261001-21:25:38-68,scalar,DectScheduledAccessNetwork.queue,nonfull_state_fraction,,,0.49960982012593
Phase5_Tail-88-20261001-21:25:38-68,scalar,DectScheduledAccessNetwork.queue,saturated_full_state_fraction,,,0.50039017987407
Phase5_Tail-88-20261001-21:25:38-68,scalar,DectScheduledAccessNetwork.queue,full_type1_phase_0_fraction,,,0.0054815610785928
Phase5_Tail-88-20261001-21:25:38-68,scalar,DectScheduledAccessNetwork.queue,full_type1_phase_1_fraction,,,0.0014862838581368
Phase5_Tail-89-20261001-21:25:38-68,scalar,DectScheduledAccessNetwork.queue,D,,,10
Phase5_Tail-89-20261001-21:25:38-68,scalar,DectScheduledAccessNetwork.queue,r,,,30
Phase5_Tail-89-20261001-21:25:38-68,scalar,DectScheduledAccessNetwork.queue,L_effective,,,2
Phase5_Tail-89-20261001-21:25:38-68,scalar,DectScheduledAccessNetwork.queue,rho,,,0.169491525424
Phase5_Tail-89-20261001-21:25:38-68,scalar,DectScheduledAccessNetwork.queue,lambda_per_ms,,,0.40677966069218
Phase5_Tail-89-20261001-21:25:38-68,scalar,DectScheduledAccessNetwork.queue,lambda_sat_per_ms,,,0.20338983049469
Phase5_Tail-89-20261001-21:25:38-68,scalar,DectScheduledAccessNetwork.queue,rho_sat,,,0.084745762773916
Phase5_Tail-89-20261001-21:25:38-68,scalar,DectScheduledAccessNetwork.queue,load_factor_rho_over_rho_sat,,,1.9999999985388
Phase5_Tail-89-20261001-21:25:38-68,scalar,DectScheduledAccessNetwork.queue,mean_type1_service_ms,,,0.416666667
Phase5_Tail-89-20261001-21:25:38-68,scalar,DectScheduledAccessNetwork.queue,type2_service_ms,,,9
Phase5_Tail-89-20261001-21:25:38-68,scalar,DectScheduledAccessNetwork.queue,warmup_type1_completions,,,200000
Phase5_Tail-89-20261001-21:25:38-68,scalar,DectScheduledAccessNetwork.queue,measured_arrivals,,,1999450
Phase5_Tail-89-20261001-21:25:38-68,scalar,DectScheduledAccessNetwork.queue,measured_accepted_arrivals,,,1000028
Phase5_Tail-89-20261001-21:25:38-68,scalar,DectScheduledAccessNetwork.queue,measured_blocked_arrivals,,,999422
Phase5_Tail-89-20261001-21:25:38-68,scalar,DectScheduledAccessNetwork.queue,measured_completed_packets,,,1000000
Phase5_Tail-89-20261001-21:25:38-68,scalar,DectScheduledAccessNetwork.queue,observation_time_s,,,4916.9416370679
Phase5_Tail-89-20261001-21:25:38-68,scalar,DectScheduledAccessNetwork.queue,blocking_probability,,,0.49984845832604
Phase5_Tail-89-20261001-21:25:38-68,scalar,DectScheduledAccessNetwork.queue,mean_type1_number,,,29.29013122902
Phase5_Tail-89-20261001-21:25:38-68,scalar,DectScheduledAccessNetwork.queue,mean_delay_direct_ms,,,144.01381092311
Phase5_Tail-89-20261001-21:25:38-68,scalar,DectScheduledAccessNetwork.queue,delay_p50_ms,,,144.55150734
Phase5_Tail-89-20261001-21:25:38-68,scalar,DectScheduledAccessNetwork.queue,delay_p95_ms,,,149.88269384285
Phase5_Tail-89-20261001-21:25:38-68,scalar,DectScheduledAccessNetwork.queue,delay_p99_ms,,,152.03773327646
Phase5_Tail-89-20261001-21:25:38-68,scalar,DectScheduledAccessNetwork.queue,delay_p999_ms,,,154.495330355
Phase5_Tail-89-20261001-21:25:38-68,scalar,DectScheduledAccessNetwork.queue,tail_sample_count,,,1000000
Phase5_Tail-89-20261001-21:25:38-68,scalar,DectScheduledAccessNetwork.queue,effective_throughput_departures_per_ms,,,0.20337845632764
Phase5_Tail-89-20261001-21:25:38-68,scalar,DectScheduledAccessNetwork.queue,effective_throughput_accepted_per_ms,,,0.20338415092442
Phase5_Tail-89-20261001-21:25:38-68,scalar,DectScheduledAccessNetwork.queue,mean_delay_little_ms,,,144.01786579515
Phase5_Tail-89-20261001-21:25:38-68,scalar,DectScheduledAccessNetwork.queue,little_vs_direct_relative_error,,,2.8156133183854e-05
Phase5_Tail-89-20261001-21:25:38-68,scalar,DectScheduledAccessNetwork.queue,type1_service_fraction,,,0.084771320840101
Phase5_Tail-89-20261001-21:25:38-68,scalar,DectScheduledAccessNetwork.queue,type2_service_fraction,,,0.91522867915994
Phase5_Tail-89-20261001-21:25:38-68,scalar,DectScheduledAccessNetwork.queue,full_type1_fraction,,,0.0069827517478776
Phase5_Tail-89-20261001-21:25:38-68,scalar,DectScheduledAccessNetwork.queue,full_type2_fraction,,,0.49290016440699
Phase5_Tail-89-20261001-21:25:38-68,scalar,DectScheduledAccessNetwork.queue,nonfull_state_fraction,,,0.50011708384515
Phase5_Tail-89-20261001-21:25:38-68,scalar,DectScheduledAccessNetwork.queue,saturated_full_state_fraction,,,0.49988291615487
Phase5_Tail-89-20261001-21:25:38-68,scalar,DectScheduledAccessNetwork.queue,full_type1_phase_0_fraction,,,0.0054933641961461
Phase5_Tail-89-20261001-21:25:38-68,scalar,DectScheduledAccessNetwork.queue,full_type1_phase_1_fraction,,,0.0014893875517314
Phase5_Tail-90-20261001-21:25:38-68,scalar,DectScheduledAccessNetwork.queue,D,,,10
Phase5_Tail-90-20261001-21:25:38-68,scalar,DectScheduledAccessNetwork.queue,r,,,30
Phase5_Tail-90-20261001-21:25:38-68,scalar,DectScheduledAccessNetwork.queue,L_effective,,,2
Phase5_Tail-90-20261001-21:25:38-68,scalar,DectScheduledAccessNetwork.queue,rho,,,0.423728813559
Phase5_Tail-90-20261001-21:25:38-68,scalar,DectScheduledAccessNetwork.queue,lambda_per_ms,,,1.016949151728
Phase5_Tail-90-20261001-21:25:38-68,scalar,DectScheduledAccessNetwork.queue,lambda_sat_per_ms,,,0.20338983049469
Phase5_Tail-90-20261001-21:25:38-68,scalar,DectScheduledAccessNetwork.queue,rho_sat,,,0.084745762773916
Phase5_Tail-90-20261001-21:25:38-68,scalar,DectScheduledAccessNetwork.queue,load_factor_rho_over_rho_sat,,,4.9999999963352
Phase5_Tail-90-20261001-21:25:38-68,scalar,DectScheduledAccessNetwork.queue,mean_type1_service_ms,,,0.416666667
Phase5_Tail-90-20261001-21:25:38-68,scalar,DectScheduledAccessNetwork.queue,type2_service_ms,,,9
Phase5_Tail-90-20261001-21:25:38-68,scalar,DectScheduledAccessNetwork.queue,warmup_type1_completions,,,200000
Phase5_Tail-90-20261001-21:25:38-68,scalar,DectScheduledAccessNetwork.queue,measured_arrivals,,,4998384
Phase5_Tail-90-20261001-21:25:38-68,scalar,DectScheduledAccessNetwork.queue,measured_accepted_arrivals,,,1000029
Phase5_Tail-90-20261001-21:25:38-68,scalar,DectScheduledAccessNetwork.queue,measured_blocked_arrivals,,,3998355
Phase5_Tail-90-20261001-21:25:38-68,scalar,DectScheduledAccessNetwork.queue,measured_completed_packets,,,1000000
Phase5_Tail-90-20261001-21:25:38-68,scalar,DectScheduledAccessNetwork.queue,observation_time_s,,,4916.9892445698
Phase5_Tail-90-20261001-21:25:38-68,scalar,DectScheduledAccessNetwork.queue,blocking_probability,,,0.79992953722643
Phase5_Tail-90-20261001-21:25:38-68,scalar,DectScheduledAccessNetwork.queue,mean_type1_number,,,29.814023254755
Phase5_Tail-90-20261001-21:25:38-68,scalar,DectScheduledAccessNetwork.queue,mean_delay_direct_ms,,,146.59075011688
Phase5_Tail-90-20261001-21:25:38-68,scalar,DectScheduledAccessNetwork.queue,delay_p50_ms,,,146.5449151315
Phase5_Tail-90-20261001-21:25:38-68,scalar,DectScheduledAccessNetwork.queue,delay_p95_ms,,,150.97020847935
Phase5_Tail-90-20261001-21:25:38-68,scalar,DectScheduledAccessNetwork.queue,delay_p99_ms,,,153.01816497771
Phase5_Tail-90-20261001-21:25:38-68,scalar,DectScheduledAccessNetwork.queue,delay_p999_ms,,,155.51615250433
Phase5_Tail-90-20261001-21:25:38-68,scalar,DectScheduledAccessNetwork.queue,tail_sample_count,,,1000000
Phase5_Tail-90-20261001-21:25:38-68,scalar,DectScheduledAccessNetwork.queue,effective_throughput_departures_per_ms,,,0.2033764871673
Phase5_Tail-90-20261001-21:25:38-68,scalar,DectScheduledAccessNetwork.queue,effective_throughput_accepted_per_ms,,,0.20338238508543
Phase5_Tail-90-20261001-21:25:38-68,scalar,DectScheduledAccessNetwork.queue,mean_delay_little_ms,,,146.59523168099
Phase5_Tail-90-20261001-21:25:38-68,scalar,DectScheduledAccessNetwork.queue,little_vs_direct_relative_error,,,3.0571943301361e-05
Phase5_Tail-90-20261001-21:25:38-68,scalar,DectScheduledAccessNetwork.queue,type1_service_fraction,,,0.084778351921385
Phase5_Tail-90-20261001-21:25:38-68,scalar,DectScheduledAccessNetwork.queue,type2_service_fraction,,,0.91522164807863
Phase5_Tail-90-20261001-21:25:38-68,scalar,DectScheduledAccessNetwork.queue,full_type1_fraction,,,0.018979344275905
Phase5_Tail-90-20261001-21:25:38-68,scalar,DectScheduledAccessNetwork.queue,full_type2_fraction,,,0.7808321132089
Phase5_Tail-90-20261001-21:25:38-68,scalar,DectScheduledAccessNetwork.queue,nonfull_state_fraction,,,0.20018854251522
Phase5_Tail-90-20261001-21:25:38-68,scalar,DectScheduledAccessNetwork.queue,saturated_full_state_fraction,,,0.79981145748481
Phase5_Tail-90-20261001-21:25:38-68,scalar,DectScheduledAccessNetwork.queue,full_type1_phase_0_fraction,,,0.012614323673681
Phase5_Tail-90-20261001-21:25:38-68,scalar,DectScheduledAccessNetwork.queue,full_type1_phase_1_fraction,,,0.0063650206022239
Phase5_Tail-91-20261001-21:25:39-68,scalar,DectScheduledAccessNetwork.queue,D,,,10
Phase5_Tail-91-20261001-21:25:39-68,scalar,DectScheduledAccessNetwork.queue,r,,,30
Phase5_Tail-91-20261001-21:25:39-68,scalar,DectScheduledAccessNetwork.queue,L_effective,,,2
Phase5_Tail-91-20261001-21:25:39-68,scalar,DectScheduledAccessNetwork.queue,rho,,,0.423728813559
Phase5_Tail-91-20261001-21:25:39-68,scalar,DectScheduledAccessNetwork.queue,lambda_per_ms,,,1.016949151728
Phase5_Tail-91-20261001-21:25:39-68,scalar,DectScheduledAccessNetwork.queue,lambda_sat_per_ms,,,0.20338983049469
Phase5_Tail-91-20261001-21:25:39-68,scalar,DectScheduledAccessNetwork.queue,rho_sat,,,0.084745762773916
Phase5_Tail-91-20261001-21:25:39-68,scalar,DectScheduledAccessNetwork.queue,load_factor_rho_over_rho_sat,,,4.9999999963352
Phase5_Tail-91-20261001-21:25:39-68,scalar,DectScheduledAccessNetwork.queue,mean_type1_service_ms,,,0.416666667
Phase5_Tail-91-20261001-21:25:39-68,scalar,DectScheduledAccessNetwork.queue,type2_service_ms,,,9
Phase5_Tail-91-20261001-21:25:39-68,scalar,DectScheduledAccessNetwork.queue,warmup_type1_completions,,,200000
Phase5_Tail-91-20261001-21:25:39-68,scalar,DectScheduledAccessNetwork.queue,measured_arrivals,,,4999588
Phase5_Tail-91-20261001-21:25:39-68,scalar,DectScheduledAccessNetwork.queue,measured_accepted_arrivals,,,1000028
Phase5_Tail-91-20261001-21:25:39-68,scalar,DectScheduledAccessNetwork.queue,measured_blocked_arrivals,,,3999560
Phase5_Tail-91-20261001-21:25:39-68,scalar,DectScheduledAccessNetwork.queue,measured_completed_packets,,,1000000
Phase5_Tail-91-20261001-21:25:39-68,scalar,DectScheduledAccessNetwork.queue,observation_time_s,,,4916.5956392124
Phase5_Tail-91-20261001-21:25:39-68,scalar,DectScheduledAccessNetwork.queue,blocking_probability,,,0.79997791818046
Phase5_Tail-91-20261001-21:25:39-68,scalar,DectScheduledAccessNetwork.queue,mean_type1_number,,,29.814178920367
Phase5_Tail-91-20261001-21:25:39-68,scalar,DectScheduledAccessNetwork.queue,mean_delay_direct_ms,,,146.58013653493
Phase5_Tail-91-20261001-21:25:39-68,scalar,DectScheduledAccessNetwork.queue,delay_p50_ms,,,146.5313316915
Phase5_Tail-91-20261001-21:25:39-68,scalar,DectScheduledAccessNetwork.queue,delay_p95_ms,,,150.95706762265
Phase5_Tail-91-20261001-21:25:39-68,scalar,DectScheduledAccessNetwork.queue,delay_p99_ms,,,152.99865171852
Phase5_Tail-91-20261001-21:25:39-68,scalar,DectScheduledAccessNetwork.queue,delay_p999_ms,,,155.40781483042
Phase5_Tail-91-20261001-21:25:39-68,scalar,DectScheduledAccessNetwork.queue,tail_sample_count,,,1000000
Phase5_Tail-91-20261001-21:25:39-68,scalar,DectScheduledAccessNetwork.queue,effective_throughput_departures_per_ms,,,0.20339276877368
Phase5_Tail-91-20261001-21:25:39-68,scalar,DectScheduledAccessNetwork.queue,effective_throughput_accepted_per_ms,,,0.2033984637712
Phase5_Tail-91-20261001-21:25:39-68,scalar,DectScheduledAccessNetwork.queue,mean_delay_little_ms,,,146.58426206658
Phase5_Tail-91-20261001-21:25:39-68,scalar,DectScheduledAccessNetwork.queue,little_vs_direct_relative_error,,,2.8145229899801e-05
Phase5_Tail-91-20261001-21:25:39-68,scalar,DectScheduledAccessNetwork.queue,type1_service_fraction,,,0.084706913029583
Phase5_Tail-91-20261001-21:25:39-68,scalar,DectScheduledAccessNetwork.queue,type2_service_fraction,,,0.91529308697041
Phase5_Tail-91-20261001-21:25:39-68,scalar,DectScheduledAccessNetwork.queue,full_type1_fraction,,,0.018900518744918
Phase5_Tail-91-20261001-21:25:39-68,scalar,DectScheduledAccessNetwork.queue,full_type2_fraction,,,0.7809239325814
Phase5_Tail-91-20261001-21:25:39-68,scalar,DectScheduledAccessNetwork.queue,nonfull_state_fraction,,,0.20017554867372
Phase5_Tail-91-20261001-21:25:39-68,scalar,DectScheduledAccessNetwork.queue,saturated_full_state_fraction,,,0.79982445132631
Phase5_Tail-91-20261001-21:25:39-68,scalar,DectScheduledAccessNetwork.queue,full_type1_phase_0_fraction,,,0.01252377978384
Phase5_Tail-91-20261001-21:25:39-68,scalar,DectScheduledAccessNetwork.queue,full_type1_phase_1_fraction,,,0.0063767389610783
Phase5_Tail-92-20261001-21:25:40-68,scalar,DectScheduledAccessNetwork.queue,D,,,10
Phase5_Tail-92-20261001-21:25:40-68,scalar,DectScheduledAccessNetwork.queue,r,,,30
Phase5_Tail-92-20261001-21:25:40-68,scalar,DectScheduledAccessNetwork.queue,L_effective,,,2
Phase5_Tail-92-20261001-21:25:40-68,scalar,DectScheduledAccessNetwork.queue,rho,,,0.423728813559
Phase5_Tail-92-20261001-21:25:40-68,scalar,DectScheduledAccessNetwork.queue,lambda_per_ms,,,1.016949151728
Phase5_Tail-92-20261001-21:25:40-68,scalar,DectScheduledAccessNetwork.queue,lambda_sat_per_ms,,,0.20338983049469
Phase5_Tail-92-20261001-21:25:40-68,scalar,DectScheduledAccessNetwork.queue,rho_sat,,,0.084745762773916
Phase5_Tail-92-20261001-21:25:40-68,scalar,DectScheduledAccessNetwork.queue,load_factor_rho_over_rho_sat,,,4.9999999963352
Phase5_Tail-92-20261001-21:25:40-68,scalar,DectScheduledAccessNetwork.queue,mean_type1_service_ms,,,0.416666667
Phase5_Tail-92-20261001-21:25:40-68,scalar,DectScheduledAccessNetwork.queue,type2_service_ms,,,9
Phase5_Tail-92-20261001-21:25:40-68,scalar,DectScheduledAccessNetwork.queue,warmup_type1_completions,,,200000
Phase5_Tail-92-20261001-21:25:40-68,scalar,DectScheduledAccessNetwork.queue,measured_arrivals,,,4996591
Phase5_Tail-92-20261001-21:25:40-68,scalar,DectScheduledAccessNetwork.queue,measured_accepted_arrivals,,,1000028
Phase5_Tail-92-20261001-21:25:40-68,scalar,DectScheduledAccessNetwork.queue,measured_blocked_arrivals,,,3996563
Phase5_Tail-92-20261001-21:25:40-68,scalar,DectScheduledAccessNetwork.queue,measured_completed_packets,,,1000000
Phase5_Tail-92-20261001-21:25:40-68,scalar,DectScheduledAccessNetwork.queue,observation_time_s,,,4917.5729497967
Phase5_Tail-92-20261001-21:25:40-68,scalar,DectScheduledAccessNetwork.queue,blocking_probability,,,0.79985794314564
Phase5_Tail-92-20261001-21:25:40-68,scalar,DectScheduledAccessNetwork.queue,mean_type1_number,,,29.814828507704
Phase5_Tail-92-20261001-21:25:40-68,scalar,DectScheduledAccessNetwork.queue,mean_delay_direct_ms,,,146.61262887439
Phase5_Tail-92-20261001-21:25:40-68,scalar,DectScheduledAccessNetwork.queue,delay_p50_ms,,,146.574528412
Phase5_Tail-92-20261001-21:25:40-68,scalar,DectScheduledAccessNetwork.queue,delay_p95_ms,,,150.97295321035
Phase5_Tail-92-20261001-21:25:40-68,scalar,DectScheduledAccessNetwork.queue,delay_p99_ms,,,152.95282132693
Phase5_Tail-92-20261001-21:25:40-68,scalar,DectScheduledAccessNetwork.queue,delay_p999_ms,,,155.46114443059
Phase5_Tail-92-20261001-21:25:40-68,scalar,DectScheduledAccessNetwork.queue,tail_sample_count,,,1000000
Phase5_Tail-92-20261001-21:25:40-68,scalar,DectScheduledAccessNetwork.queue,effective_throughput_departures_per_ms,,,0.20335234682006
Phase5_Tail-92-20261001-21:25:40-68,scalar,DectScheduledAccessNetwork.queue,effective_throughput_accepted_per_ms,,,0.20335804068577
Phase5_Tail-92-20261001-21:25:40-68,scalar,DectScheduledAccessNetwork.queue,mean_delay_little_ms,,,146.61659417231
Phase5_Tail-92-20261001-21:25:40-68,scalar,DectScheduledAccessNetwork.queue,little_vs_direct_relative_error,,,2.7046087021976e-05
Phase5_Tail-92-20261001-21:25:40-68,scalar,DectScheduledAccessNetwork.queue,type1_service_fraction,,,0.084888816914026
Phase5_Tail-92-20261001-21:25:40-68,scalar,DectScheduledAccessNetwork.queue,type2_service_fraction,,,0.91511118308596
Phase5_Tail-92-20261001-21:25:40-68,scalar,DectScheduledAccessNetwork.queue,full_type1_fraction,,,0.019043025580977
Phase5_Tail-92-20261001-21:25:40-68,scalar,DectScheduledAccessNetwork.queue,full_type2_fraction,,,0.78103896275517
Phase5_Tail-92-20261001-21:25:40-68,scalar,DectScheduledAccessNetwork.queue,nonfull_state_fraction,,,0.19991801166385
Phase5_Tail-92-20261001-21:25:40-68,scalar,DectScheduledAccessNetwork.queue,saturated_full_state_fraction,,,0.80008198833614
Phase5_Tail-92-20261001-21:25:40-68,scalar,DectScheduledAccessNetwork.queue,full_type1_phase_0_fraction,,,0.012636766749161
Phase5_Tail-92-20261001-21:25:40-68,scalar,DectScheduledAccessNetwork.queue,full_type1_phase_1_fraction,,,0.0064062588318164
Phase5_Tail-93-20261001-21:25:41-68,scalar,DectScheduledAccessNetwork.queue,D,,,10
Phase5_Tail-93-20261001-21:25:41-68,scalar,DectScheduledAccessNetwork.queue,r,,,30
Phase5_Tail-93-20261001-21:25:41-68,scalar,DectScheduledAccessNetwork.queue,L_effective,,,2
Phase5_Tail-93-20261001-21:25:41-68,scalar,DectScheduledAccessNetwork.queue,rho,,,0.423728813559
Phase5_Tail-93-20261001-21:25:41-68,scalar,DectScheduledAccessNetwork.queue,lambda_per_ms,,,1.016949151728
Phase5_Tail-93-20261001-21:25:41-68,scalar,DectScheduledAccessNetwork.queue,lambda_sat_per_ms,,,0.20338983049469
Phase5_Tail-93-20261001-21:25:41-68,scalar,DectScheduledAccessNetwork.queue,rho_sat,,,0.084745762773916
Phase5_Tail-93-20261001-21:25:41-68,scalar,DectScheduledAccessNetwork.queue,load_factor_rho_over_rho_sat,,,4.9999999963352
Phase5_Tail-93-20261001-21:25:41-68,scalar,DectScheduledAccessNetwork.queue,mean_type1_service_ms,,,0.416666667
Phase5_Tail-93-20261001-21:25:41-68,scalar,DectScheduledAccessNetwork.queue,type2_service_ms,,,9
Phase5_Tail-93-20261001-21:25:41-68,scalar,DectScheduledAccessNetwork.queue,warmup_type1_completions,,,200000
Phase5_Tail-93-20261001-21:25:41-68,scalar,DectScheduledAccessNetwork.queue,measured_arrivals,,,4996955
Phase5_Tail-93-20261001-21:25:41-68,scalar,DectScheduledAccessNetwork.queue,measured_accepted_arrivals,,,1000029
Phase5_Tail-93-20261001-21:25:41-68,scalar,DectScheduledAccessNetwork.queue,measured_blocked_arrivals,,,3996926
Phase5_Tail-93-20261001-21:25:41-68,scalar,DectScheduledAccessNetwork.queue,measured_completed_packets,,,1000000
Phase5_Tail-93-20261001-21:25:41-68,scalar,DectScheduledAccessNetwork.queue,observation_time_s,,,4916.8069999274
Phase5_Tail-93-20261001-21:25:41-68,scalar,DectScheduledAccessNetwork.queue,blocking_probability,,,0.79987232224425
Phase5_Tail-93-20261001-21:25:41-68,scalar,DectScheduledAccessNetwork.queue,mean_type1_number,,,29.81382547199
Phase5_Tail-93-20261001-21:25:41-68,scalar,DectScheduledAccessNetwork.queue,mean_delay_direct_ms,,,146.5844939913
Phase5_Tail-93-20261001-21:25:41-68,scalar,DectScheduledAccessNetwork.queue,delay_p50_ms,,,146.5360596805
Phase5_Tail-93-20261001-21:25:41-68,scalar,DectScheduledAccessNetwork.queue,delay_p95_ms,,,150.9606646615
Phase5_Tail-93-20261001-21:25:41-68,scalar,DectScheduledAccessNetwork.queue,delay_p99_ms,,,152.96163449503
Phase5_Tail-93-20261001-21:25:41-68,scalar,DectScheduledAccessNetwork.queue,delay_p999_ms,,,155.40762516856
Phase5_Tail-93-20261001-21:25:41-68,scalar,DectScheduledAccessNetwork.queue,tail_sample_count,,,1000000
Phase5_Tail-93-20261001-21:25:41-68,scalar,DectScheduledAccessNetwork.queue,effective_throughput_departures_per_ms,,,0.20338402544878
Phase5_Tail-93-20261001-21:25:41-68,scalar,DectScheduledAccessNetwork.queue,effective_throughput_accepted_per_ms,,,0.20338992358552
Phase5_Tail-93-20261001-21:25:41-68,scalar,DectScheduledAccessNetwork.queue,mean_delay_little_ms,,,146.58882577529
Phase5_Tail-93-20261001-21:25:41-68,scalar,DectScheduledAccessNetwork.queue,little_vs_direct_relative_error,,,2.9551447612963e-05
Phase5_Tail-93-20261001-21:25:41-68,scalar,DectScheduledAccessNetwork.queue,type1_service_fraction,,,0.084744428637028
Phase5_Tail-93-20261001-21:25:41-68,scalar,DectScheduledAccessNetwork.queue,type2_service_fraction,,,0.91525557136299
Phase5_Tail-93-20261001-21:25:41-68,scalar,DectScheduledAccessNetwork.queue,full_type1_fraction,,,0.019030615304009
Phase5_Tail-93-20261001-21:25:41-68,scalar,DectScheduledAccessNetwork.queue,full_type2_fraction,,,0.7806440437284
Phase5_Tail-93-20261001-21:25:41-68,scalar,DectScheduledAccessNetwork.queue,nonfull_state_fraction,,,0.20032534096761
Phase5_Tail-93-20261001-21:25:41-68,scalar,DectScheduledAccessNetwork.queue,saturated_full_state_fraction,,,0.79967465903241
Phase5_Tail-93-20261001-21:25:41-68,scalar,DectScheduledAccessNetwork.queue,full_type1_phase_0_fraction,,,0.01267877897035
Phase5_Tail-93-20261001-21:25:41-68,scalar,DectScheduledAccessNetwork.queue,full_type1_phase_1_fraction,,,0.006351836333658
Phase5_Tail-94-20261001-21:25:41-68,scalar,DectScheduledAccessNetwork.queue,D,,,10
Phase5_Tail-94-20261001-21:25:41-68,scalar,DectScheduledAccessNetwork.queue,r,,,30
Phase5_Tail-94-20261001-21:25:41-68,scalar,DectScheduledAccessNetwork.queue,L_effective,,,2
Phase5_Tail-94-20261001-21:25:41-68,scalar,DectScheduledAccessNetwork.queue,rho,,,0.423728813559
Phase5_Tail-94-20261001-21:25:41-68,scalar,DectScheduledAccessNetwork.queue,lambda_per_ms,,,1.016949151728
Phase5_Tail-94-20261001-21:25:41-68,scalar,DectScheduledAccessNetwork.queue,lambda_sat_per_ms,,,0.20338983049469
Phase5_Tail-94-20261001-21:25:41-68,scalar,DectScheduledAccessNetwork.queue,rho_sat,,,0.084745762773916
Phase5_Tail-94-20261001-21:25:41-68,scalar,DectScheduledAccessNetwork.queue,load_factor_rho_over_rho_sat,,,4.9999999963352
Phase5_Tail-94-20261001-21:25:41-68,scalar,DectScheduledAccessNetwork.queue,mean_type1_service_ms,,,0.416666667
Phase5_Tail-94-20261001-21:25:41-68,scalar,DectScheduledAccessNetwork.queue,type2_service_ms,,,9
Phase5_Tail-94-20261001-21:25:41-68,scalar,DectScheduledAccessNetwork.queue,warmup_type1_completions,,,200000
Phase5_Tail-94-20261001-21:25:41-68,scalar,DectScheduledAccessNetwork.queue,measured_arrivals,,,5000944
Phase5_Tail-94-20261001-21:25:41-68,scalar,DectScheduledAccessNetwork.queue,measured_accepted_arrivals,,,1000028
Phase5_Tail-94-20261001-21:25:41-68,scalar,DectScheduledAccessNetwork.queue,measured_blocked_arrivals,,,4000916
Phase5_Tail-94-20261001-21:25:41-68,scalar,DectScheduledAccessNetwork.queue,measured_completed_packets,,,1000000
Phase5_Tail-94-20261001-21:25:41-68,scalar,DectScheduledAccessNetwork.queue,observation_time_s,,,4916.3858718117
Phase5_Tail-94-20261001-21:25:41-68,scalar,DectScheduledAccessNetwork.queue,blocking_probability,,,0.80003215392934
Phase5_Tail-94-20261001-21:25:41-68,scalar,DectScheduledAccessNetwork.queue,mean_type1_number,,,29.814091294623
Phase5_Tail-94-20261001-21:25:41-68,scalar,DectScheduledAccessNetwork.queue,mean_delay_direct_ms,,,146.5734943537
Phase5_Tail-94-20261001-21:25:41-68,scalar,DectScheduledAccessNetwork.queue,delay_p50_ms,,,146.5232846265
Phase5_Tail-94-20261001-21:25:41-68,scalar,DectScheduledAccessNetwork.queue,delay_p95_ms,,,150.9651040389
Phase5_Tail-94-20261001-21:25:41-68,scalar,DectScheduledAccessNetwork.queue,delay_p99_ms,,,152.97916664392
Phase5_Tail-94-20261001-21:25:41-68,scalar,DectScheduledAccessNetwork.queue,delay_p999_ms,,,155.41493267306
Phase5_Tail-94-20261001-21:25:41-68,scalar,DectScheduledAccessNetwork.queue,tail_sample_count,,,1000000
Phase5_Tail-94-20261001-21:25:41-68,scalar,DectScheduledAccessNetwork.queue,effective_throughput_departures_per_ms,,,0.20340144693148
Phase5_Tail-94-20261001-21:25:41-68,scalar,DectScheduledAccessNetwork.queue,effective_throughput_accepted_per_ms,,,0.203407142172
Phase5_Tail-94-20261001-21:25:41-68,scalar,DectScheduledAccessNetwork.queue,mean_delay_little_ms,,,146.57757722179
Phase5_Tail-94-20261001-21:25:41-68,scalar,DectScheduledAccessNetwork.queue,little_vs_direct_relative_error,,,2.7855432592983e-05
Phase5_Tail-94-20261001-21:25:41-68,scalar,DectScheduledAccessNetwork.queue,type1_service_fraction,,,0.084667860226013
Phase5_Tail-94-20261001-21:25:41-68,scalar,DectScheduledAccessNetwork.queue,type2_service_fraction,,,0.91533213977397
Phase5_Tail-94-20261001-21:25:41-68,scalar,DectScheduledAccessNetwork.queue,full_type1_fraction,,,0.018869346981098
Phase5_Tail-94-20261001-21:25:41-68,scalar,DectScheduledAccessNetwork.queue,full_type2_fraction,,,0.78097990238969
Phase5_Tail-94-20261001-21:25:41-68,scalar,DectScheduledAccessNetwork.queue,nonfull_state_fraction,,,0.2001507506292
Phase5_Tail-94-20261001-21:25:41-68,scalar,DectScheduledAccessNetwork.queue,saturated_full_state_fraction,,,0.79984924937079
Phase5_Tail-94-20261001-21:25:41-68,scalar,DectScheduledAccessNetwork.queue,full_type1_phase_0_fraction,,,0.012542291862923
Phase5_Tail-94-20261001-21:25:41-68,scalar,DectScheduledAccessNetwork.queue,full_type1_phase_1_fraction,,,0.0063270551181745
Phase5_Tail-95-20261001-21:25:42-68,scalar,DectScheduledAccessNetwork.queue,D,,,10
Phase5_Tail-95-20261001-21:25:42-68,scalar,DectScheduledAccessNetwork.queue,r,,,30
Phase5_Tail-95-20261001-21:25:42-68,scalar,DectScheduledAccessNetwork.queue,L_effective,,,2
Phase5_Tail-95-20261001-21:25:42-68,scalar,DectScheduledAccessNetwork.queue,rho,,,0.423728813559
Phase5_Tail-95-20261001-21:25:42-68,scalar,DectScheduledAccessNetwork.queue,lambda_per_ms,,,1.016949151728
Phase5_Tail-95-20261001-21:25:42-68,scalar,DectScheduledAccessNetwork.queue,lambda_sat_per_ms,,,0.20338983049469
Phase5_Tail-95-20261001-21:25:42-68,scalar,DectScheduledAccessNetwork.queue,rho_sat,,,0.084745762773916
Phase5_Tail-95-20261001-21:25:42-68,scalar,DectScheduledAccessNetwork.queue,load_factor_rho_over_rho_sat,,,4.9999999963352
Phase5_Tail-95-20261001-21:25:42-68,scalar,DectScheduledAccessNetwork.queue,mean_type1_service_ms,,,0.416666667
Phase5_Tail-95-20261001-21:25:42-68,scalar,DectScheduledAccessNetwork.queue,type2_service_ms,,,9
Phase5_Tail-95-20261001-21:25:42-68,scalar,DectScheduledAccessNetwork.queue,warmup_type1_completions,,,200000
Phase5_Tail-95-20261001-21:25:42-68,scalar,DectScheduledAccessNetwork.queue,measured_arrivals,,,5000132
Phase5_Tail-95-20261001-21:25:42-68,scalar,DectScheduledAccessNetwork.queue,measured_accepted_arrivals,,,1000030
Phase5_Tail-95-20261001-21:25:42-68,scalar,DectScheduledAccessNetwork.queue,measured_blocked_arrivals,,,4000102
Phase5_Tail-95-20261001-21:25:42-68,scalar,DectScheduledAccessNetwork.queue,measured_completed_packets,,,1000000
Phase5_Tail-95-20261001-21:25:42-68,scalar,DectScheduledAccessNetwork.queue,observation_time_s,,,4917.2208237085
Phase5_Tail-95-20261001-21:25:42-68,scalar,DectScheduledAccessNetwork.queue,blocking_probability,,,0.79999928001901
Phase5_Tail-95-20261001-21:25:42-68,scalar,DectScheduledAccessNetwork.queue,mean_type1_number,,,29.814914108769
Phase5_Tail-95-20261001-21:25:42-68,scalar,DectScheduledAccessNetwork.queue,mean_delay_direct_ms,,,146.60216122355
Phase5_Tail-95-20261001-21:25:42-68,scalar,DectScheduledAccessNetwork.queue,delay_p50_ms,,,146.5512810085
Phase5_Tail-95-20261001-21:25:42-68,scalar,DectScheduledAccessNetwork.queue,delay_p95_ms,,,150.99215045595
Phase5_Tail-95-20261001-21:25:42-68,scalar,DectScheduledAccessNetwork.queue,delay_p99_ms,,,153.02480472029
Phase5_Tail-95-20261001-21:25:42-68,scalar,DectScheduledAccessNetwork.queue,delay_p999_ms,,,155.42435973036
Phase5_Tail-95-20261001-21:25:42-68,scalar,DectScheduledAccessNetwork.queue,tail_sample_count,,,1000000
Phase5_Tail-95-20261001-21:25:42-68,scalar,DectScheduledAccessNetwork.queue,effective_throughput_departures_per_ms,,,0.20336690904311
Phase5_Tail-95-20261001-21:25:42-68,scalar,DectScheduledAccessNetwork.queue,effective_throughput_accepted_per_ms,,,0.20337301005038
Phase5_Tail-95-20261001-21:25:42-68,scalar,DectScheduledAccessNetwork.queue,mean_delay_little_ms,,,146.60651651272
Phase5_Tail-95-20261001-21:25:42-68,scalar,DectScheduledAccessNetwork.queue,little_vs_direct_relative_error,,,2.970821937609e-05
Phase5_Tail-95-20261001-21:25:42-68,scalar,DectScheduledAccessNetwork.queue,type1_service_fraction,,,0.0848214547733
Phase5_Tail-95-20261001-21:25:42-68,scalar,DectScheduledAccessNetwork.queue,type2_service_fraction,,,0.91517854522666
Phase5_Tail-95-20261001-21:25:42-68,scalar,DectScheduledAccessNetwork.queue,full_type1_fraction,,,0.018957456646029
Phase5_Tail-95-20261001-21:25:42-68,scalar,DectScheduledAccessNetwork.queue,full_type2_fraction,,,0.78126820650211
Phase5_Tail-95-20261001-21:25:42-68,scalar,DectScheduledAccessNetwork.queue,nonfull_state_fraction,,,0.19977433685184
Phase5_Tail-95-20261001-21:25:42-68,scalar,DectScheduledAccessNetwork.queue,saturated_full_state_fraction,,,0.80022566314814
Phase5_Tail-95-20261001-21:25:42-68,scalar,DectScheduledAccessNetwork.queue,full_type1_phase_0_fraction,,,0.012543694441308
Phase5_Tail-95-20261001-21:25:42-68,scalar,DectScheduledAccessNetwork.queue,full_type1_phase_1_fraction,,,0.0064137622047205
Phase5_Tail-96-20261001-21:25:43-68,scalar,DectScheduledAccessNetwork.queue,D,,,10
Phase5_Tail-96-20261001-21:25:43-68,scalar,DectScheduledAccessNetwork.queue,r,,,30
Phase5_Tail-96-20261001-21:25:43-68,scalar,DectScheduledAccessNetwork.queue,L_effective,,,2
Phase5_Tail-96-20261001-21:25:43-68,scalar,DectScheduledAccessNetwork.queue,rho,,,0.423728813559
Phase5_Tail-96-20261001-21:25:43-68,scalar,DectScheduledAccessNetwork.queue,lambda_per_ms,,,1.016949151728
Phase5_Tail-96-20261001-21:25:43-68,scalar,DectScheduledAccessNetwork.queue,lambda_sat_per_ms,,,0.20338983049469
Phase5_Tail-96-20261001-21:25:43-68,scalar,DectScheduledAccessNetwork.queue,rho_sat,,,0.084745762773916
Phase5_Tail-96-20261001-21:25:43-68,scalar,DectScheduledAccessNetwork.queue,load_factor_rho_over_rho_sat,,,4.9999999963352
Phase5_Tail-96-20261001-21:25:43-68,scalar,DectScheduledAccessNetwork.queue,mean_type1_service_ms,,,0.416666667
Phase5_Tail-96-20261001-21:25:43-68,scalar,DectScheduledAccessNetwork.queue,type2_service_ms,,,9
Phase5_Tail-96-20261001-21:25:43-68,scalar,DectScheduledAccessNetwork.queue,warmup_type1_completions,,,200000
Phase5_Tail-96-20261001-21:25:43-68,scalar,DectScheduledAccessNetwork.queue,measured_arrivals,,,4996610
Phase5_Tail-96-20261001-21:25:43-68,scalar,DectScheduledAccessNetwork.queue,measured_accepted_arrivals,,,1000030
Phase5_Tail-96-20261001-21:25:43-68,scalar,DectScheduledAccessNetwork.queue,measured_blocked_arrivals,,,3996580
Phase5_Tail-96-20261001-21:25:43-68,scalar,DectScheduledAccessNetwork.queue,measured_completed_packets,,,1000000
Phase5_Tail-96-20261001-21:25:43-68,scalar,DectScheduledAccessNetwork.queue,observation_time_s,,,4916.9450666413
Phase5_Tail-96-20261001-21:25:43-68,scalar,DectScheduledAccessNetwork.queue,blocking_probability,,,0.79985830393006
Phase5_Tail-96-20261001-21:25:43-68,scalar,DectScheduledAccessNetwork.queue,mean_type1_number,,,29.814231353857
Phase5_Tail-96-20261001-21:25:43-68,scalar,DectScheduledAccessNetwork.queue,mean_delay_direct_ms,,,146.59052795418
Phase5_Tail-96-20261001-21:25:43-68,scalar,DectScheduledAccessNetwork.queue,delay_p50_ms,,,146.5404961025
Phase5_Tail-96-20261001-21:25:43-68,scalar,DectScheduledAccessNetwork.queue,delay_p95_ms,,,150.99942400965
Phase5_Tail-96-20261001-21:25:43-68,scalar,DectScheduledAccessNetwork.queue,delay_p99_ms,,,153.04789501991
Phase5_Tail-96-20261001-21:25:43-68,scalar,DectScheduledAccessNetwork.queue,delay_p999_ms,,,155.35647518347
Phase5_Tail-96-20261001-21:25:43-68,scalar,DectScheduledAccessNetwork.queue,tail_sample_count,,,1000000
Phase5_Tail-96-20261001-21:25:43-68,scalar,DectScheduledAccessNetwork.queue,effective_throughput_departures_per_ms,,,0.203378314471
Phase5_Tail-96-20261001-21:25:43-68,scalar,DectScheduledAccessNetwork.queue,effective_throughput_accepted_per_ms,,,0.20338441582043
Phase5_Tail-96-20261001-21:25:43-68,scalar,DectScheduledAccessNetwork.queue,mean_delay_little_ms,,,146.59493777105
Phase5_Tail-96-20261001-21:25:43-68,scalar,DectScheduledAccessNetwork.queue,little_vs_direct_relative_error,,,3.0082549873578e-05
Phase5_Tail-96-20261001-21:25:43-68,scalar,DectScheduledAccessNetwork.queue,type1_service_fraction,,,0.084770128808056
Phase5_Tail-96-20261001-21:25:43-68,scalar,DectScheduledAccessNetwork.queue,type2_service_fraction,,,0.91522987119189
Phase5_Tail-96-20261001-21:25:43-68,scalar,DectScheduledAccessNetwork.queue,full_type1_fraction,,,0.019015274100271
Phase5_Tail-96-20261001-21:25:43-68,scalar,DectScheduledAccessNetwork.queue,full_type2_fraction,,,0.7807592252308
Phase5_Tail-96-20261001-21:25:43-68,scalar,DectScheduledAccessNetwork.queue,nonfull_state_fraction,,,0.20022550066895
Phase5_Tail-96-20261001-21:25:43-68,scalar,DectScheduledAccessNetwork.queue,saturated_full_state_fraction,,,0.79977449933107
Phase5_Tail-96-20261001-21:25:43-68,scalar,DectScheduledAccessNetwork.queue,full_type1_phase_0_fraction,,,0.012631428713085
Phase5_Tail-96-20261001-21:25:43-68,scalar,DectScheduledAccessNetwork.queue,full_type1_phase_1_fraction,,,0.0063838453871849
Phase5_Tail-97-20261001-21:25:43-68,scalar,DectScheduledAccessNetwork.queue,D,,,10
Phase5_Tail-97-20261001-21:25:43-68,scalar,DectScheduledAccessNetwork.queue,r,,,30
Phase5_Tail-97-20261001-21:25:43-68,scalar,DectScheduledAccessNetwork.queue,L_effective,,,2
Phase5_Tail-97-20261001-21:25:43-68,scalar,DectScheduledAccessNetwork.queue,rho,,,0.423728813559
Phase5_Tail-97-20261001-21:25:43-68,scalar,DectScheduledAccessNetwork.queue,lambda_per_ms,,,1.016949151728
Phase5_Tail-97-20261001-21:25:43-68,scalar,DectScheduledAccessNetwork.queue,lambda_sat_per_ms,,,0.20338983049469
Phase5_Tail-97-20261001-21:25:43-68,scalar,DectScheduledAccessNetwork.queue,rho_sat,,,0.084745762773916
Phase5_Tail-97-20261001-21:25:43-68,scalar,DectScheduledAccessNetwork.queue,load_factor_rho_over_rho_sat,,,4.9999999963352
Phase5_Tail-97-20261001-21:25:43-68,scalar,DectScheduledAccessNetwork.queue,mean_type1_service_ms,,,0.416666667
Phase5_Tail-97-20261001-21:25:43-68,scalar,DectScheduledAccessNetwork.queue,type2_service_ms,,,9
Phase5_Tail-97-20261001-21:25:43-68,scalar,DectScheduledAccessNetwork.queue,warmup_type1_completions,,,200000
Phase5_Tail-97-20261001-21:25:43-68,scalar,DectScheduledAccessNetwork.queue,measured_arrivals,,,4998829
Phase5_Tail-97-20261001-21:25:43-68,scalar,DectScheduledAccessNetwork.queue,measured_accepted_arrivals,,,1000029
Phase5_Tail-97-20261001-21:25:43-68,scalar,DectScheduledAccessNetwork.queue,measured_blocked_arrivals,,,3998800
Phase5_Tail-97-20261001-21:25:43-68,scalar,DectScheduledAccessNetwork.queue,measured_completed_packets,,,1000000
Phase5_Tail-97-20261001-21:25:43-68,scalar,DectScheduledAccessNetwork.queue,observation_time_s,,,4917.247355647
Phase5_Tail-97-20261001-21:25:43-68,scalar,DectScheduledAccessNetwork.queue,blocking_probability,,,0.79994734766882
Phase5_Tail-97-20261001-21:25:43-68,scalar,DectScheduledAccessNetwork.queue,mean_type1_number,,,29.814281888064
Phase5_Tail-97-20261001-21:25:43-68,scalar,DectScheduledAccessNetwork.queue,mean_delay_direct_ms,,,146.60014485111
Phase5_Tail-97-20261001-21:25:43-68,scalar,DectScheduledAccessNetwork.queue,delay_p50_ms,,,146.5506192115
Phase5_Tail-97-20261001-21:25:43-68,scalar,DectScheduledAccessNetwork.queue,delay_p95_ms,,,151.00184418345
Phase5_Tail-97-20261001-21:25:43-68,scalar,DectScheduledAccessNetwork.queue,delay_p99_ms,,,153.02618501949
Phase5_Tail-97-20261001-21:25:43-68,scalar,DectScheduledAccessNetwork.queue,delay_p999_ms,,,155.51138354229
Phase5_Tail-97-20261001-21:25:43-68,scalar,DectScheduledAccessNetwork.queue,tail_sample_count,,,1000000
Phase5_Tail-97-20261001-21:25:43-68,scalar,DectScheduledAccessNetwork.queue,effective_throughput_departures_per_ms,,,0.20336581173847
Phase5_Tail-97-20261001-21:25:43-68,scalar,DectScheduledAccessNetwork.queue,effective_throughput_accepted_per_ms,,,0.20337170934701
Phase5_Tail-97-20261001-21:25:43-68,scalar,DectScheduledAccessNetwork.queue,mean_delay_little_ms,,,146.6041987746
Phase5_Tail-97-20261001-21:25:43-68,scalar,DectScheduledAccessNetwork.queue,little_vs_direct_relative_error,,,2.7652929569966e-05
Phase5_Tail-97-20261001-21:25:43-68,scalar,DectScheduledAccessNetwork.queue,type1_service_fraction,,,0.084828223084605
Phase5_Tail-97-20261001-21:25:43-68,scalar,DectScheduledAccessNetwork.queue,type2_service_fraction,,,0.91517177691533
Phase5_Tail-97-20261001-21:25:43-68,scalar,DectScheduledAccessNetwork.queue,full_type1_fraction,,,0.019062612149288
Phase5_Tail-97-20261001-21:25:43-68,scalar,DectScheduledAccessNetwork.queue,full_type2_fraction,,,0.78075769137357
Phase5_Tail-97-20261001-21:25:43-68,scalar,DectScheduledAccessNetwork.queue,nonfull_state_fraction,,,0.20017969647705
Phase5_Tail-97-20261001-21:25:43-68,scalar,DectScheduledAccessNetwork.queue,saturated_full_state_fraction,,,0.79982030352286
Phase5_Tail-97-20261001-21:25:43-68,scalar,DectScheduledAccessNetwork.queue,full_type1_phase_0_fraction,,,0.012648562258906
Phase5_Tail-97-20261001-21:25:43-68,scalar,DectScheduledAccessNetwork.queue,full_type1_phase_1_fraction,,,0.0064140498903814
Phase5_Tail-98-20261001-21:25:44-68,scalar,DectScheduledAccessNetwork.queue,D,,,10
Phase5_Tail-98-20261001-21:25:44-68,scalar,DectScheduledAccessNetwork.queue,r,,,30
Phase5_Tail-98-20261001-21:25:44-68,scalar,DectScheduledAccessNetwork.queue,L_effective,,,2
Phase5_Tail-98-20261001-21:25:44-68,scalar,DectScheduledAccessNetwork.queue,rho,,,0.423728813559
Phase5_Tail-98-20261001-21:25:44-68,scalar,DectScheduledAccessNetwork.queue,lambda_per_ms,,,1.016949151728
Phase5_Tail-98-20261001-21:25:44-68,scalar,DectScheduledAccessNetwork.queue,lambda_sat_per_ms,,,0.20338983049469
Phase5_Tail-98-20261001-21:25:44-68,scalar,DectScheduledAccessNetwork.queue,rho_sat,,,0.084745762773916
Phase5_Tail-98-20261001-21:25:44-68,scalar,DectScheduledAccessNetwork.queue,load_factor_rho_over_rho_sat,,,4.9999999963352
Phase5_Tail-98-20261001-21:25:44-68,scalar,DectScheduledAccessNetwork.queue,mean_type1_service_ms,,,0.416666667
Phase5_Tail-98-20261001-21:25:44-68,scalar,DectScheduledAccessNetwork.queue,type2_service_ms,,,9
Phase5_Tail-98-20261001-21:25:44-68,scalar,DectScheduledAccessNetwork.queue,warmup_type1_completions,,,200000
Phase5_Tail-98-20261001-21:25:44-68,scalar,DectScheduledAccessNetwork.queue,measured_arrivals,,,5004862
Phase5_Tail-98-20261001-21:25:44-68,scalar,DectScheduledAccessNetwork.queue,measured_accepted_arrivals,,,1000029
Phase5_Tail-98-20261001-21:25:44-68,scalar,DectScheduledAccessNetwork.queue,measured_blocked_arrivals,,,4004833
Phase5_Tail-98-20261001-21:25:44-68,scalar,DectScheduledAccessNetwork.queue,measured_completed_packets,,,1000000
Phase5_Tail-98-20261001-21:25:44-68,scalar,DectScheduledAccessNetwork.queue,observation_time_s,,,4917.214710559
Phase5_Tail-98-20261001-21:25:44-68,scalar,DectScheduledAccessNetwork.queue,blocking_probability,,,0.8001884967058
Phase5_Tail-98-20261001-21:25:44-68,scalar,DectScheduledAccessNetwork.queue,mean_type1_number,,,29.814945536955
Phase5_Tail-98-20261001-21:25:44-68,scalar,DectScheduledAccessNetwork.queue,mean_delay_direct_ms,,,146.60208408867
Phase5_Tail-98-20261001-21:25:44-68,scalar,DectScheduledAccessNetwork.queue,delay_p50_ms,,,146.552968335
Phase5_Tail-98-20261001-21:25:44-68,scalar,DectScheduledAccessNetwork.queue,delay_p95_ms,,,150.98836044115
Phase5_Tail-98-20261001-21:25:44-68,scalar,DectScheduledAccessNetwork.queue,delay_p99_ms,,,153.0090996954
Phase5_Tail-98-20261001-21:25:44-68,scalar,DectScheduledAccessNetwork.queue,delay_p999_ms,,,155.42844538475
Phase5_Tail-98-20261001-21:25:44-68,scalar,DectScheduledAccessNetwork.queue,tail_sample_count,,,1000000
Phase5_Tail-98-20261001-21:25:44-68,scalar,DectScheduledAccessNetwork.queue,effective_throughput_departures_per_ms,,,0.20336716187167
Phase5_Tail-98-20261001-21:25:44-68,scalar,DectScheduledAccessNetwork.queue,effective_throughput_accepted_per_ms,,,0.20337305951936
Phase5_Tail-98-20261001-21:25:44-68,scalar,DectScheduledAccessNetwork.queue,mean_delay_little_ms,,,146.60648878883
Phase5_Tail-98-20261001-21:25:44-68,scalar,DectScheduledAccessNetwork.queue,little_vs_direct_relative_error,,,3.004527657513e-05
Phase5_Tail-98-20261001-21:25:44-68,scalar,DectScheduledAccessNetwork.queue,type1_service_fraction,,,0.084820317010638
Phase5_Tail-98-20261001-21:25:44-68,scalar,DectScheduledAccessNetwork.queue,type2_service_fraction,,,0.9151796829893
Phase5_Tail-98-20261001-21:25:44-68,scalar,DectScheduledAccessNetwork.queue,full_type1_fraction,,,0.019022441371915
Phase5_Tail-98-20261001-21:25:44-68,scalar,DectScheduledAccessNetwork.queue,full_type2_fraction,,,0.78127989559421
Phase5_Tail-98-20261001-21:25:44-68,scalar,DectScheduledAccessNetwork.queue,nonfull_state_fraction,,,0.19969766303388
Phase5_Tail-98-20261001-21:25:44-68,scalar,DectScheduledAccessNetwork.queue,saturated_full_state_fraction,,,0.80030233696612
Phase5_Tail-98-20261001-21:25:44-68,scalar,DectScheduledAccessNetwork.queue,full_type1_phase_0_fraction,,,0.012623477725929
Phase5_Tail-98-20261001-21:25:44-68,scalar,DectScheduledAccessNetwork.queue,full_type1_phase_1_fraction,,,0.0063989636459858
Phase5_Tail-99-20261001-21:25:45-68,scalar,DectScheduledAccessNetwork.queue,D,,,10
Phase5_Tail-99-20261001-21:25:45-68,scalar,DectScheduledAccessNetwork.queue,r,,,30
Phase5_Tail-99-20261001-21:25:45-68,scalar,DectScheduledAccessNetwork.queue,L_effective,,,2
Phase5_Tail-99-20261001-21:25:45-68,scalar,DectScheduledAccessNetwork.queue,rho,,,0.423728813559
Phase5_Tail-99-20261001-21:25:45-68,scalar,DectScheduledAccessNetwork.queue,lambda_per_ms,,,1.016949151728
Phase5_Tail-99-20261001-21:25:45-68,scalar,DectScheduledAccessNetwork.queue,lambda_sat_per_ms,,,0.20338983049469
Phase5_Tail-99-20261001-21:25:45-68,scalar,DectScheduledAccessNetwork.queue,rho_sat,,,0.084745762773916
Phase5_Tail-99-20261001-21:25:45-68,scalar,DectScheduledAccessNetwork.queue,load_factor_rho_over_rho_sat,,,4.9999999963352
Phase5_Tail-99-20261001-21:25:45-68,scalar,DectScheduledAccessNetwork.queue,mean_type1_service_ms,,,0.416666667
Phase5_Tail-99-20261001-21:25:45-68,scalar,DectScheduledAccessNetwork.queue,type2_service_ms,,,9
Phase5_Tail-99-20261001-21:25:45-68,scalar,DectScheduledAccessNetwork.queue,warmup_type1_completions,,,200000
Phase5_Tail-99-20261001-21:25:45-68,scalar,DectScheduledAccessNetwork.queue,measured_arrivals,,,5000171
Phase5_Tail-99-20261001-21:25:45-68,scalar,DectScheduledAccessNetwork.queue,measured_accepted_arrivals,,,1000028
Phase5_Tail-99-20261001-21:25:45-68,scalar,DectScheduledAccessNetwork.queue,measured_blocked_arrivals,,,4000143
Phase5_Tail-99-20261001-21:25:45-68,scalar,DectScheduledAccessNetwork.queue,measured_completed_packets,,,1000000
Phase5_Tail-99-20261001-21:25:45-68,scalar,DectScheduledAccessNetwork.queue,observation_time_s,,,4917.0655396849
Phase5_Tail-99-20261001-21:25:45-68,scalar,DectScheduledAccessNetwork.queue,blocking_probability,,,0.80000123995759
Phase5_Tail-99-20261001-21:25:45-68,scalar,DectScheduledAccessNetwork.queue,mean_type1_number,,,29.814101098932
Phase5_Tail-99-20261001-21:25:45-68,scalar,DectScheduledAccessNetwork.queue,mean_delay_direct_ms,,,146.59377860891
Phase5_Tail-99-20261001-21:25:45-68,scalar,DectScheduledAccessNetwork.queue,delay_p50_ms,,,146.5470884525
Phase5_Tail-99-20261001-21:25:45-68,scalar,DectScheduledAccessNetwork.queue,delay_p95_ms,,,150.9921192397
Phase5_Tail-99-20261001-21:25:45-68,scalar,DectScheduledAccessNetwork.queue,delay_p99_ms,,,153.05154750951
Phase5_Tail-99-20261001-21:25:45-68,scalar,DectScheduledAccessNetwork.queue,delay_p999_ms,,,155.65660842725
Phase5_Tail-99-20261001-21:25:45-68,scalar,DectScheduledAccessNetwork.queue,tail_sample_count,,,1000000
Phase5_Tail-99-20261001-21:25:45-68,scalar,DectScheduledAccessNetwork.queue,effective_throughput_departures_per_ms,,,0.20337333149805
Phase5_Tail-99-20261001-21:25:45-68,scalar,DectScheduledAccessNetwork.queue,effective_throughput_accepted_per_ms,,,0.20337902595134
Phase5_Tail-99-20261001-21:25:45-68,scalar,DectScheduledAccessNetwork.queue,mean_delay_little_ms,,,146.59788911024
Phase5_Tail-99-20261001-21:25:45-68,scalar,DectScheduledAccessNetwork.queue,little_vs_direct_relative_error,,,2.8040080333636e-05
Phase5_Tail-99-20261001-21:25:45-68,scalar,DectScheduledAccessNetwork.queue,type1_service_fraction,,,0.084794383218994
Phase5_Tail-99-20261001-21:25:45-68,scalar,DectScheduledAccessNetwork.queue,type2_service_fraction,,,0.91520561678114
Phase5_Tail-99-20261001-21:25:45-68,scalar,DectScheduledAccessNetwork.queue,full_type1_fraction,,,0.019036220051172
Phase5_Tail-99-20261001-21:25:45-68,scalar,DectScheduledAccessNetwork.queue,full_type2_fraction,,,0.78075247314585
Phase5_Tail-99-20261001-21:25:45-68,scalar,DectScheduledAccessNetwork.queue,nonfull_state_fraction,,,0.20021130680303
Phase5_Tail-99-20261001-21:25:45-68,scalar,DectScheduledAccessNetwork.queue,saturated_full_state_fraction,,,0.79978869319702
Phase5_Tail-99-20261001-21:25:45-68,scalar,DectScheduledAccessNetwork.queue,full_type1_phase_0_fraction,,,0.012605897077653
Phase5_Tail-99-20261001-21:25:45-68,scalar,DectScheduledAccessNetwork.queue,full_type1_phase_1_fraction,,,0.0064303229735195
Phase5_Tail-0-20261001-21:25:07-68,param,DectScheduledAccessNetwork.queue,typename,,,"""dect2020scheduledaccess.ScheduledAccessQueue"""
Phase5_Tail-0-20261001-21:25:07-68,param,DectScheduledAccessNetwork.queue,D,,,10
Phase5_Tail-0-20261001-21:25:07-68,param,DectScheduledAccessNetwork.queue,frameDuration,,,0.01s
Phase5_Tail-0-20261001-21:25:07-68,attr,DectScheduledAccessNetwork.queue,frameDuration,unit,s,
Phase5_Tail-0-20261001-21:25:07-68,param,DectScheduledAccessNetwork.queue,meanType1ServiceTime,,,0.000416667s
Phase5_Tail-0-20261001-21:25:07-68,attr,DectScheduledAccessNetwork.queue,meanType1ServiceTime,unit,s,
Phase5_Tail-0-20261001-21:25:07-68,param,DectScheduledAccessNetwork.queue,deriveDectParametersFromD,,,true
Phase5_Tail-0-20261001-21:25:07-68,param,DectScheduledAccessNetwork.queue,L,,,2
Phase5_Tail-0-20261001-21:25:07-68,param,DectScheduledAccessNetwork.queue,type2ServiceTime,,,0.009s
Phase5_Tail-0-20261001-21:25:07-68,attr,DectScheduledAccessNetwork.queue,type2ServiceTime,unit,s,
Phase5_Tail-0-20261001-21:25:07-68,param,DectScheduledAccessNetwork.queue,deriveLambdaFromRho,,,true
Phase5_Tail-0-20261001-21:25:07-68,param,DectScheduledAccessNetwork.queue,rho,,,0.0423729
Phase5_Tail-0-20261001-21:25:07-68,param,DectScheduledAccessNetwork.queue,lambdaPerMs,,,0.12
Phase5_Tail-0-20261001-21:25:07-68,param,DectScheduledAccessNetwork.queue,r,,,30
Phase5_Tail-0-20261001-21:25:07-68,param,DectScheduledAccessNetwork.queue,warmupCompletedPackets,,,200000
Phase5_Tail-0-20261001-21:25:07-68,param,DectScheduledAccessNetwork.queue,targetCompletedPackets,,,1000000
Phase5_Tail-0-20261001-21:25:07-68,param,DectScheduledAccessNetwork.queue,rngIndex,,,0
Phase5_Tail-0-20261001-21:25:07-68,param,DectScheduledAccessNetwork.queue,recordVectors,,,false
Phase5_Tail-0-20261001-21:25:07-68,param,DectScheduledAccessNetwork.queue,recordTailStatistics,,,true
Phase5_Tail-0-20261001-21:25:07-68,param,DectScheduledAccessNetwork,typename,,,"""dect2020scheduledaccess.DectScheduledAccessNetwork"""
Phase5_Tail-1-20261001-21:25:07-68,param,DectScheduledAccessNetwork.queue,typename,,,"""dect2020scheduledaccess.ScheduledAccessQueue"""
Phase5_Tail-1-20261001-21:25:07-68,param,DectScheduledAccessNetwork.queue,D,,,10
Phase5_Tail-1-20261001-21:25:07-68,param,DectScheduledAccessNetwork.queue,frameDuration,,,0.01s
Phase5_Tail-1-20261001-21:25:07-68,attr,DectScheduledAccessNetwork.queue,frameDuration,unit,s,
Phase5_Tail-1-20261001-21:25:07-68,param,DectScheduledAccessNetwork.queue,meanType1ServiceTime,,,0.000416667s
Phase5_Tail-1-20261001-21:25:07-68,attr,DectScheduledAccessNetwork.queue,meanType1ServiceTime,unit,s,
Phase5_Tail-1-20261001-21:25:07-68,param,DectScheduledAccessNetwork.queue,deriveDectParametersFromD,,,true
Phase5_Tail-1-20261001-21:25:07-68,param,DectScheduledAccessNetwork.queue,L,,,2
Phase5_Tail-1-20261001-21:25:07-68,param,DectScheduledAccessNetwork.queue,type2ServiceTime,,,0.009s
Phase5_Tail-1-20261001-21:25:07-68,attr,DectScheduledAccessNetwork.queue,type2ServiceTime,unit,s,
Phase5_Tail-1-20261001-21:25:07-68,param,DectScheduledAccessNetwork.queue,deriveLambdaFromRho,,,true
Phase5_Tail-1-20261001-21:25:07-68,param,DectScheduledAccessNetwork.queue,rho,,,0.0423729
Phase5_Tail-1-20261001-21:25:07-68,param,DectScheduledAccessNetwork.queue,lambdaPerMs,,,0.12
Phase5_Tail-1-20261001-21:25:07-68,param,DectScheduledAccessNetwork.queue,r,,,30
Phase5_Tail-1-20261001-21:25:07-68,param,DectScheduledAccessNetwork.queue,warmupCompletedPackets,,,200000
Phase5_Tail-1-20261001-21:25:07-68,param,DectScheduledAccessNetwork.queue,targetCompletedPackets,,,1000000
Phase5_Tail-1-20261001-21:25:07-68,param,DectScheduledAccessNetwork.queue,rngIndex,,,0
Phase5_Tail-1-20261001-21:25:07-68,param,DectScheduledAccessNetwork.queue,recordVectors,,,false
Phase5_Tail-1-20261001-21:25:07-68,param,DectScheduledAccessNetwork.queue,recordTailStatistics,,,true
Phase5_Tail-1-20261001-21:25:07-68,param,DectScheduledAccessNetwork,typename,,,"""dect2020scheduledaccess.DectScheduledAccessNetwork"""
Phase5_Tail-2-20261001-21:25:08-68,param,DectScheduledAccessNetwork.queue,typename,,,"""dect2020scheduledaccess.ScheduledAccessQueue"""
Phase5_Tail-2-20261001-21:25:08-68,param,DectScheduledAccessNetwork.queue,D,,,10
Phase5_Tail-2-20261001-21:25:08-68,param,DectScheduledAccessNetwork.queue,frameDuration,,,0.01s
Phase5_Tail-2-20261001-21:25:08-68,attr,DectScheduledAccessNetwork.queue,frameDuration,unit,s,
Phase5_Tail-2-20261001-21:25:08-68,param,DectScheduledAccessNetwork.queue,meanType1ServiceTime,,,0.000416667s
Phase5_Tail-2-20261001-21:25:08-68,attr,DectScheduledAccessNetwork.queue,meanType1ServiceTime,unit,s,
Phase5_Tail-2-20261001-21:25:08-68,param,DectScheduledAccessNetwork.queue,deriveDectParametersFromD,,,true
Phase5_Tail-2-20261001-21:25:08-68,param,DectScheduledAccessNetwork.queue,L,,,2
Phase5_Tail-2-20261001-21:25:08-68,param,DectScheduledAccessNetwork.queue,type2ServiceTime,,,0.009s
Phase5_Tail-2-20261001-21:25:08-68,attr,DectScheduledAccessNetwork.queue,type2ServiceTime,unit,s,
Phase5_Tail-2-20261001-21:25:08-68,param,DectScheduledAccessNetwork.queue,deriveLambdaFromRho,,,true
Phase5_Tail-2-20261001-21:25:08-68,param,DectScheduledAccessNetwork.queue,rho,,,0.0423729
Phase5_Tail-2-20261001-21:25:08-68,param,DectScheduledAccessNetwork.queue,lambdaPerMs,,,0.12
Phase5_Tail-2-20261001-21:25:08-68,param,DectScheduledAccessNetwork.queue,r,,,30
Phase5_Tail-2-20261001-21:25:08-68,param,DectScheduledAccessNetwork.queue,warmupCompletedPackets,,,200000
Phase5_Tail-2-20261001-21:25:08-68,param,DectScheduledAccessNetwork.queue,targetCompletedPackets,,,1000000
Phase5_Tail-2-20261001-21:25:08-68,param,DectScheduledAccessNetwork.queue,rngIndex,,,0
Phase5_Tail-2-20261001-21:25:08-68,param,DectScheduledAccessNetwork.queue,recordVectors,,,false
Phase5_Tail-2-20261001-21:25:08-68,param,DectScheduledAccessNetwork.queue,recordTailStatistics,,,true
Phase5_Tail-2-20261001-21:25:08-68,param,DectScheduledAccessNetwork,typename,,,"""dect2020scheduledaccess.DectScheduledAccessNetwork"""
Phase5_Tail-3-20261001-21:25:08-68,param,DectScheduledAccessNetwork.queue,typename,,,"""dect2020scheduledaccess.ScheduledAccessQueue"""
Phase5_Tail-3-20261001-21:25:08-68,param,DectScheduledAccessNetwork.queue,D,,,10
Phase5_Tail-3-20261001-21:25:08-68,param,DectScheduledAccessNetwork.queue,frameDuration,,,0.01s
Phase5_Tail-3-20261001-21:25:08-68,attr,DectScheduledAccessNetwork.queue,frameDuration,unit,s,
Phase5_Tail-3-20261001-21:25:08-68,param,DectScheduledAccessNetwork.queue,meanType1ServiceTime,,,0.000416667s
Phase5_Tail-3-20261001-21:25:08-68,attr,DectScheduledAccessNetwork.queue,meanType1ServiceTime,unit,s,
Phase5_Tail-3-20261001-21:25:08-68,param,DectScheduledAccessNetwork.queue,deriveDectParametersFromD,,,true
Phase5_Tail-3-20261001-21:25:08-68,param,DectScheduledAccessNetwork.queue,L,,,2
Phase5_Tail-3-20261001-21:25:08-68,param,DectScheduledAccessNetwork.queue,type2ServiceTime,,,0.009s
Phase5_Tail-3-20261001-21:25:08-68,attr,DectScheduledAccessNetwork.queue,type2ServiceTime,unit,s,
Phase5_Tail-3-20261001-21:25:08-68,param,DectScheduledAccessNetwork.queue,deriveLambdaFromRho,,,true
Phase5_Tail-3-20261001-21:25:08-68,param,DectScheduledAccessNetwork.queue,rho,,,0.0423729
Phase5_Tail-3-20261001-21:25:08-68,param,DectScheduledAccessNetwork.queue,lambdaPerMs,,,0.12
Phase5_Tail-3-20261001-21:25:08-68,param,DectScheduledAccessNetwork.queue,r,,,30
Phase5_Tail-3-20261001-21:25:08-68,param,DectScheduledAccessNetwork.queue,warmupCompletedPackets,,,200000
Phase5_Tail-3-20261001-21:25:08-68,param,DectScheduledAccessNetwork.queue,targetCompletedPackets,,,1000000
Phase5_Tail-3-20261001-21:25:08-68,param,DectScheduledAccessNetwork.queue,rngIndex,,,0
Phase5_Tail-3-20261001-21:25:08-68,param,DectScheduledAccessNetwork.queue,recordVectors,,,false
Phase5_Tail-3-20261001-21:25:08-68,param,DectScheduledAccessNetwork.queue,recordTailStatistics,,,true
Phase5_Tail-3-20261001-21:25:08-68,param,DectScheduledAccessNetwork,typename,,,"""dect2020scheduledaccess.DectScheduledAccessNetwork"""
Phase5_Tail-4-20261001-21:25:08-68,param,DectScheduledAccessNetwork.queue,typename,,,"""dect2020scheduledaccess.ScheduledAccessQueue"""
Phase5_Tail-4-20261001-21:25:08-68,param,DectScheduledAccessNetwork.queue,D,,,10
Phase5_Tail-4-20261001-21:25:08-68,param,DectScheduledAccessNetwork.queue,frameDuration,,,0.01s
Phase5_Tail-4-20261001-21:25:08-68,attr,DectScheduledAccessNetwork.queue,frameDuration,unit,s,
Phase5_Tail-4-20261001-21:25:08-68,param,DectScheduledAccessNetwork.queue,meanType1ServiceTime,,,0.000416667s
Phase5_Tail-4-20261001-21:25:08-68,attr,DectScheduledAccessNetwork.queue,meanType1ServiceTime,unit,s,
Phase5_Tail-4-20261001-21:25:08-68,param,DectScheduledAccessNetwork.queue,deriveDectParametersFromD,,,true
Phase5_Tail-4-20261001-21:25:08-68,param,DectScheduledAccessNetwork.queue,L,,,2
Phase5_Tail-4-20261001-21:25:08-68,param,DectScheduledAccessNetwork.queue,type2ServiceTime,,,0.009s
Phase5_Tail-4-20261001-21:25:08-68,attr,DectScheduledAccessNetwork.queue,type2ServiceTime,unit,s,
Phase5_Tail-4-20261001-21:25:08-68,param,DectScheduledAccessNetwork.queue,deriveLambdaFromRho,,,true
Phase5_Tail-4-20261001-21:25:08-68,param,DectScheduledAccessNetwork.queue,rho,,,0.0423729
Phase5_Tail-4-20261001-21:25:08-68,param,DectScheduledAccessNetwork.queue,lambdaPerMs,,,0.12
Phase5_Tail-4-20261001-21:25:08-68,param,DectScheduledAccessNetwork.queue,r,,,30
Phase5_Tail-4-20261001-21:25:08-68,param,DectScheduledAccessNetwork.queue,warmupCompletedPackets,,,200000
Phase5_Tail-4-20261001-21:25:08-68,param,DectScheduledAccessNetwork.queue,targetCompletedPackets,,,1000000
Phase5_Tail-4-20261001-21:25:08-68,param,DectScheduledAccessNetwork.queue,rngIndex,,,0
Phase5_Tail-4-20261001-21:25:08-68,param,DectScheduledAccessNetwork.queue,recordVectors,,,false
Phase5_Tail-4-20261001-21:25:08-68,param,DectScheduledAccessNetwork.queue,recordTailStatistics,,,true
Phase5_Tail-4-20261001-21:25:08-68,param,DectScheduledAccessNetwork,typename,,,"""dect2020scheduledaccess.DectScheduledAccessNetwork"""
Phase5_Tail-5-20261001-21:25:09-68,param,DectScheduledAccessNetwork.queue,typename,,,"""dect2020scheduledaccess.ScheduledAccessQueue"""
Phase5_Tail-5-20261001-21:25:09-68,param,DectScheduledAccessNetwork.queue,D,,,10
Phase5_Tail-5-20261001-21:25:09-68,param,DectScheduledAccessNetwork.queue,frameDuration,,,0.01s
Phase5_Tail-5-20261001-21:25:09-68,attr,DectScheduledAccessNetwork.queue,frameDuration,unit,s,
Phase5_Tail-5-20261001-21:25:09-68,param,DectScheduledAccessNetwork.queue,meanType1ServiceTime,,,0.000416667s
Phase5_Tail-5-20261001-21:25:09-68,attr,DectScheduledAccessNetwork.queue,meanType1ServiceTime,unit,s,
Phase5_Tail-5-20261001-21:25:09-68,param,DectScheduledAccessNetwork.queue,deriveDectParametersFromD,,,true
Phase5_Tail-5-20261001-21:25:09-68,param,DectScheduledAccessNetwork.queue,L,,,2
Phase5_Tail-5-20261001-21:25:09-68,param,DectScheduledAccessNetwork.queue,type2ServiceTime,,,0.009s
Phase5_Tail-5-20261001-21:25:09-68,attr,DectScheduledAccessNetwork.queue,type2ServiceTime,unit,s,
Phase5_Tail-5-20261001-21:25:09-68,param,DectScheduledAccessNetwork.queue,deriveLambdaFromRho,,,true
Phase5_Tail-5-20261001-21:25:09-68,param,DectScheduledAccessNetwork.queue,rho,,,0.0423729
Phase5_Tail-5-20261001-21:25:09-68,param,DectScheduledAccessNetwork.queue,lambdaPerMs,,,0.12
Phase5_Tail-5-20261001-21:25:09-68,param,DectScheduledAccessNetwork.queue,r,,,30
Phase5_Tail-5-20261001-21:25:09-68,param,DectScheduledAccessNetwork.queue,warmupCompletedPackets,,,200000
Phase5_Tail-5-20261001-21:25:09-68,param,DectScheduledAccessNetwork.queue,targetCompletedPackets,,,1000000
Phase5_Tail-5-20261001-21:25:09-68,param,DectScheduledAccessNetwork.queue,rngIndex,,,0
Phase5_Tail-5-20261001-21:25:09-68,param,DectScheduledAccessNetwork.queue,recordVectors,,,false
Phase5_Tail-5-20261001-21:25:09-68,param,DectScheduledAccessNetwork.queue,recordTailStatistics,,,true
Phase5_Tail-5-20261001-21:25:09-68,param,DectScheduledAccessNetwork,typename,,,"""dect2020scheduledaccess.DectScheduledAccessNetwork"""
Phase5_Tail-6-20261001-21:25:09-68,param,DectScheduledAccessNetwork.queue,typename,,,"""dect2020scheduledaccess.ScheduledAccessQueue"""
Phase5_Tail-6-20261001-21:25:09-68,param,DectScheduledAccessNetwork.queue,D,,,10
Phase5_Tail-6-20261001-21:25:09-68,param,DectScheduledAccessNetwork.queue,frameDuration,,,0.01s
Phase5_Tail-6-20261001-21:25:09-68,attr,DectScheduledAccessNetwork.queue,frameDuration,unit,s,
Phase5_Tail-6-20261001-21:25:09-68,param,DectScheduledAccessNetwork.queue,meanType1ServiceTime,,,0.000416667s
Phase5_Tail-6-20261001-21:25:09-68,attr,DectScheduledAccessNetwork.queue,meanType1ServiceTime,unit,s,
Phase5_Tail-6-20261001-21:25:09-68,param,DectScheduledAccessNetwork.queue,deriveDectParametersFromD,,,true
Phase5_Tail-6-20261001-21:25:09-68,param,DectScheduledAccessNetwork.queue,L,,,2
Phase5_Tail-6-20261001-21:25:09-68,param,DectScheduledAccessNetwork.queue,type2ServiceTime,,,0.009s
Phase5_Tail-6-20261001-21:25:09-68,attr,DectScheduledAccessNetwork.queue,type2ServiceTime,unit,s,
Phase5_Tail-6-20261001-21:25:09-68,param,DectScheduledAccessNetwork.queue,deriveLambdaFromRho,,,true
Phase5_Tail-6-20261001-21:25:09-68,param,DectScheduledAccessNetwork.queue,rho,,,0.0423729
Phase5_Tail-6-20261001-21:25:09-68,param,DectScheduledAccessNetwork.queue,lambdaPerMs,,,0.12
Phase5_Tail-6-20261001-21:25:09-68,param,DectScheduledAccessNetwork.queue,r,,,30
Phase5_Tail-6-20261001-21:25:09-68,param,DectScheduledAccessNetwork.queue,warmupCompletedPackets,,,200000
Phase5_Tail-6-20261001-21:25:09-68,param,DectScheduledAccessNetwork.queue,targetCompletedPackets,,,1000000
Phase5_Tail-6-20261001-21:25:09-68,param,DectScheduledAccessNetwork.queue,rngIndex,,,0
Phase5_Tail-6-20261001-21:25:09-68,param,DectScheduledAccessNetwork.queue,recordVectors,,,false
Phase5_Tail-6-20261001-21:25:09-68,param,DectScheduledAccessNetwork.queue,recordTailStatistics,,,true
Phase5_Tail-6-20261001-21:25:09-68,param,DectScheduledAccessNetwork,typename,,,"""dect2020scheduledaccess.DectScheduledAccessNetwork"""
Phase5_Tail-7-20261001-21:25:09-68,param,DectScheduledAccessNetwork.queue,typename,,,"""dect2020scheduledaccess.ScheduledAccessQueue"""
Phase5_Tail-7-20261001-21:25:09-68,param,DectScheduledAccessNetwork.queue,D,,,10
Phase5_Tail-7-20261001-21:25:09-68,param,DectScheduledAccessNetwork.queue,frameDuration,,,0.01s
Phase5_Tail-7-20261001-21:25:09-68,attr,DectScheduledAccessNetwork.queue,frameDuration,unit,s,
Phase5_Tail-7-20261001-21:25:09-68,param,DectScheduledAccessNetwork.queue,meanType1ServiceTime,,,0.000416667s
Phase5_Tail-7-20261001-21:25:09-68,attr,DectScheduledAccessNetwork.queue,meanType1ServiceTime,unit,s,
Phase5_Tail-7-20261001-21:25:09-68,param,DectScheduledAccessNetwork.queue,deriveDectParametersFromD,,,true
Phase5_Tail-7-20261001-21:25:09-68,param,DectScheduledAccessNetwork.queue,L,,,2
Phase5_Tail-7-20261001-21:25:09-68,param,DectScheduledAccessNetwork.queue,type2ServiceTime,,,0.009s
Phase5_Tail-7-20261001-21:25:09-68,attr,DectScheduledAccessNetwork.queue,type2ServiceTime,unit,s,
Phase5_Tail-7-20261001-21:25:09-68,param,DectScheduledAccessNetwork.queue,deriveLambdaFromRho,,,true
Phase5_Tail-7-20261001-21:25:09-68,param,DectScheduledAccessNetwork.queue,rho,,,0.0423729
Phase5_Tail-7-20261001-21:25:09-68,param,DectScheduledAccessNetwork.queue,lambdaPerMs,,,0.12
Phase5_Tail-7-20261001-21:25:09-68,param,DectScheduledAccessNetwork.queue,r,,,30
Phase5_Tail-7-20261001-21:25:09-68,param,DectScheduledAccessNetwork.queue,warmupCompletedPackets,,,200000
Phase5_Tail-7-20261001-21:25:09-68,param,DectScheduledAccessNetwork.queue,targetCompletedPackets,,,1000000
Phase5_Tail-7-20261001-21:25:09-68,param,DectScheduledAccessNetwork.queue,rngIndex,,,0
Phase5_Tail-7-20261001-21:25:09-68,param,DectScheduledAccessNetwork.queue,recordVectors,,,false
Phase5_Tail-7-20261001-21:25:09-68,param,DectScheduledAccessNetwork.queue,recordTailStatistics,,,true
Phase5_Tail-7-20261001-21:25:09-68,param,DectScheduledAccessNetwork,typename,,,"""dect2020scheduledaccess.DectScheduledAccessNetwork"""
Phase5_Tail-8-20261001-21:25:10-68,param,DectScheduledAccessNetwork.queue,typename,,,"""dect2020scheduledaccess.ScheduledAccessQueue"""
Phase5_Tail-8-20261001-21:25:10-68,param,DectScheduledAccessNetwork.queue,D,,,10
Phase5_Tail-8-20261001-21:25:10-68,param,DectScheduledAccessNetwork.queue,frameDuration,,,0.01s
Phase5_Tail-8-20261001-21:25:10-68,attr,DectScheduledAccessNetwork.queue,frameDuration,unit,s,
Phase5_Tail-8-20261001-21:25:10-68,param,DectScheduledAccessNetwork.queue,meanType1ServiceTime,,,0.000416667s
Phase5_Tail-8-20261001-21:25:10-68,attr,DectScheduledAccessNetwork.queue,meanType1ServiceTime,unit,s,
Phase5_Tail-8-20261001-21:25:10-68,param,DectScheduledAccessNetwork.queue,deriveDectParametersFromD,,,true
Phase5_Tail-8-20261001-21:25:10-68,param,DectScheduledAccessNetwork.queue,L,,,2
Phase5_Tail-8-20261001-21:25:10-68,param,DectScheduledAccessNetwork.queue,type2ServiceTime,,,0.009s
Phase5_Tail-8-20261001-21:25:10-68,attr,DectScheduledAccessNetwork.queue,type2ServiceTime,unit,s,
Phase5_Tail-8-20261001-21:25:10-68,param,DectScheduledAccessNetwork.queue,deriveLambdaFromRho,,,true
Phase5_Tail-8-20261001-21:25:10-68,param,DectScheduledAccessNetwork.queue,rho,,,0.0423729
Phase5_Tail-8-20261001-21:25:10-68,param,DectScheduledAccessNetwork.queue,lambdaPerMs,,,0.12
Phase5_Tail-8-20261001-21:25:10-68,param,DectScheduledAccessNetwork.queue,r,,,30
Phase5_Tail-8-20261001-21:25:10-68,param,DectScheduledAccessNetwork.queue,warmupCompletedPackets,,,200000
Phase5_Tail-8-20261001-21:25:10-68,param,DectScheduledAccessNetwork.queue,targetCompletedPackets,,,1000000
Phase5_Tail-8-20261001-21:25:10-68,param,DectScheduledAccessNetwork.queue,rngIndex,,,0
Phase5_Tail-8-20261001-21:25:10-68,param,DectScheduledAccessNetwork.queue,recordVectors,,,false
Phase5_Tail-8-20261001-21:25:10-68,param,DectScheduledAccessNetwork.queue,recordTailStatistics,,,true
Phase5_Tail-8-20261001-21:25:10-68,param,DectScheduledAccessNetwork,typename,,,"""dect2020scheduledaccess.DectScheduledAccessNetwork"""
Phase5_Tail-9-20261001-21:25:10-68,param,DectScheduledAccessNetwork.queue,typename,,,"""dect2020scheduledaccess.ScheduledAccessQueue"""
Phase5_Tail-9-20261001-21:25:10-68,param,DectScheduledAccessNetwork.queue,D,,,10
Phase5_Tail-9-20261001-21:25:10-68,param,DectScheduledAccessNetwork.queue,frameDuration,,,0.01s
Phase5_Tail-9-20261001-21:25:10-68,attr,DectScheduledAccessNetwork.queue,frameDuration,unit,s,
Phase5_Tail-9-20261001-21:25:10-68,param,DectScheduledAccessNetwork.queue,meanType1ServiceTime,,,0.000416667s
Phase5_Tail-9-20261001-21:25:10-68,attr,DectScheduledAccessNetwork.queue,meanType1ServiceTime,unit,s,
Phase5_Tail-9-20261001-21:25:10-68,param,DectScheduledAccessNetwork.queue,deriveDectParametersFromD,,,true
Phase5_Tail-9-20261001-21:25:10-68,param,DectScheduledAccessNetwork.queue,L,,,2
Phase5_Tail-9-20261001-21:25:10-68,param,DectScheduledAccessNetwork.queue,type2ServiceTime,,,0.009s
Phase5_Tail-9-20261001-21:25:10-68,attr,DectScheduledAccessNetwork.queue,type2ServiceTime,unit,s,
Phase5_Tail-9-20261001-21:25:10-68,param,DectScheduledAccessNetwork.queue,deriveLambdaFromRho,,,true
Phase5_Tail-9-20261001-21:25:10-68,param,DectScheduledAccessNetwork.queue,rho,,,0.0423729
Phase5_Tail-9-20261001-21:25:10-68,param,DectScheduledAccessNetwork.queue,lambdaPerMs,,,0.12
Phase5_Tail-9-20261001-21:25:10-68,param,DectScheduledAccessNetwork.queue,r,,,30
Phase5_Tail-9-20261001-21:25:10-68,param,DectScheduledAccessNetwork.queue,warmupCompletedPackets,,,200000
Phase5_Tail-9-20261001-21:25:10-68,param,DectScheduledAccessNetwork.queue,targetCompletedPackets,,,1000000
Phase5_Tail-9-20261001-21:25:10-68,param,DectScheduledAccessNetwork.queue,rngIndex,,,0
Phase5_Tail-9-20261001-21:25:10-68,param,DectScheduledAccessNetwork.queue,recordVectors,,,false
Phase5_Tail-9-20261001-21:25:10-68,param,DectScheduledAccessNetwork.queue,recordTailStatistics,,,true
Phase5_Tail-9-20261001-21:25:10-68,param,DectScheduledAccessNetwork,typename,,,"""dect2020scheduledaccess.DectScheduledAccessNetwork"""
Phase5_Tail-10-20261001-21:25:10-68,param,DectScheduledAccessNetwork.queue,typename,,,"""dect2020scheduledaccess.ScheduledAccessQueue"""
Phase5_Tail-10-20261001-21:25:10-68,param,DectScheduledAccessNetwork.queue,D,,,10
Phase5_Tail-10-20261001-21:25:10-68,param,DectScheduledAccessNetwork.queue,frameDuration,,,0.01s
Phase5_Tail-10-20261001-21:25:10-68,attr,DectScheduledAccessNetwork.queue,frameDuration,unit,s,
Phase5_Tail-10-20261001-21:25:10-68,param,DectScheduledAccessNetwork.queue,meanType1ServiceTime,,,0.000416667s
Phase5_Tail-10-20261001-21:25:10-68,attr,DectScheduledAccessNetwork.queue,meanType1ServiceTime,unit,s,
Phase5_Tail-10-20261001-21:25:10-68,param,DectScheduledAccessNetwork.queue,deriveDectParametersFromD,,,true
Phase5_Tail-10-20261001-21:25:10-68,param,DectScheduledAccessNetwork.queue,L,,,2
Phase5_Tail-10-20261001-21:25:10-68,param,DectScheduledAccessNetwork.queue,type2ServiceTime,,,0.009s
Phase5_Tail-10-20261001-21:25:10-68,attr,DectScheduledAccessNetwork.queue,type2ServiceTime,unit,s,
Phase5_Tail-10-20261001-21:25:10-68,param,DectScheduledAccessNetwork.queue,deriveLambdaFromRho,,,true
Phase5_Tail-10-20261001-21:25:10-68,param,DectScheduledAccessNetwork.queue,rho,,,0.059322
Phase5_Tail-10-20261001-21:25:10-68,param,DectScheduledAccessNetwork.queue,lambdaPerMs,,,0.12
Phase5_Tail-10-20261001-21:25:10-68,param,DectScheduledAccessNetwork.queue,r,,,30
Phase5_Tail-10-20261001-21:25:10-68,param,DectScheduledAccessNetwork.queue,warmupCompletedPackets,,,200000
Phase5_Tail-10-20261001-21:25:10-68,param,DectScheduledAccessNetwork.queue,targetCompletedPackets,,,1000000
Phase5_Tail-10-20261001-21:25:10-68,param,DectScheduledAccessNetwork.queue,rngIndex,,,0
Phase5_Tail-10-20261001-21:25:10-68,param,DectScheduledAccessNetwork.queue,recordVectors,,,false
Phase5_Tail-10-20261001-21:25:10-68,param,DectScheduledAccessNetwork.queue,recordTailStatistics,,,true
Phase5_Tail-10-20261001-21:25:10-68,param,DectScheduledAccessNetwork,typename,,,"""dect2020scheduledaccess.DectScheduledAccessNetwork"""
Phase5_Tail-11-20261001-21:25:11-68,param,DectScheduledAccessNetwork.queue,typename,,,"""dect2020scheduledaccess.ScheduledAccessQueue"""
Phase5_Tail-11-20261001-21:25:11-68,param,DectScheduledAccessNetwork.queue,D,,,10
Phase5_Tail-11-20261001-21:25:11-68,param,DectScheduledAccessNetwork.queue,frameDuration,,,0.01s
Phase5_Tail-11-20261001-21:25:11-68,attr,DectScheduledAccessNetwork.queue,frameDuration,unit,s,
Phase5_Tail-11-20261001-21:25:11-68,param,DectScheduledAccessNetwork.queue,meanType1ServiceTime,,,0.000416667s
Phase5_Tail-11-20261001-21:25:11-68,attr,DectScheduledAccessNetwork.queue,meanType1ServiceTime,unit,s,
Phase5_Tail-11-20261001-21:25:11-68,param,DectScheduledAccessNetwork.queue,deriveDectParametersFromD,,,true
Phase5_Tail-11-20261001-21:25:11-68,param,DectScheduledAccessNetwork.queue,L,,,2
Phase5_Tail-11-20261001-21:25:11-68,param,DectScheduledAccessNetwork.queue,type2ServiceTime,,,0.009s
Phase5_Tail-11-20261001-21:25:11-68,attr,DectScheduledAccessNetwork.queue,type2ServiceTime,unit,s,
Phase5_Tail-11-20261001-21:25:11-68,param,DectScheduledAccessNetwork.queue,deriveLambdaFromRho,,,true
Phase5_Tail-11-20261001-21:25:11-68,param,DectScheduledAccessNetwork.queue,rho,,,0.059322
Phase5_Tail-11-20261001-21:25:11-68,param,DectScheduledAccessNetwork.queue,lambdaPerMs,,,0.12
Phase5_Tail-11-20261001-21:25:11-68,param,DectScheduledAccessNetwork.queue,r,,,30
Phase5_Tail-11-20261001-21:25:11-68,param,DectScheduledAccessNetwork.queue,warmupCompletedPackets,,,200000
Phase5_Tail-11-20261001-21:25:11-68,param,DectScheduledAccessNetwork.queue,targetCompletedPackets,,,1000000
Phase5_Tail-11-20261001-21:25:11-68,param,DectScheduledAccessNetwork.queue,rngIndex,,,0
Phase5_Tail-11-20261001-21:25:11-68,param,DectScheduledAccessNetwork.queue,recordVectors,,,false
Phase5_Tail-11-20261001-21:25:11-68,param,DectScheduledAccessNetwork.queue,recordTailStatistics,,,true
Phase5_Tail-11-20261001-21:25:11-68,param,DectScheduledAccessNetwork,typename,,,"""dect2020scheduledaccess.DectScheduledAccessNetwork"""
Phase5_Tail-12-20261001-21:25:11-68,param,DectScheduledAccessNetwork.queue,typename,,,"""dect2020scheduledaccess.ScheduledAccessQueue"""
Phase5_Tail-12-20261001-21:25:11-68,param,DectScheduledAccessNetwork.queue,D,,,10
Phase5_Tail-12-20261001-21:25:11-68,param,DectScheduledAccessNetwork.queue,frameDuration,,,0.01s
Phase5_Tail-12-20261001-21:25:11-68,attr,DectScheduledAccessNetwork.queue,frameDuration,unit,s,
Phase5_Tail-12-20261001-21:25:11-68,param,DectScheduledAccessNetwork.queue,meanType1ServiceTime,,,0.000416667s
Phase5_Tail-12-20261001-21:25:11-68,attr,DectScheduledAccessNetwork.queue,meanType1ServiceTime,unit,s,
Phase5_Tail-12-20261001-21:25:11-68,param,DectScheduledAccessNetwork.queue,deriveDectParametersFromD,,,true
Phase5_Tail-12-20261001-21:25:11-68,param,DectScheduledAccessNetwork.queue,L,,,2
Phase5_Tail-12-20261001-21:25:11-68,param,DectScheduledAccessNetwork.queue,type2ServiceTime,,,0.009s
Phase5_Tail-12-20261001-21:25:11-68,attr,DectScheduledAccessNetwork.queue,type2ServiceTime,unit,s,
Phase5_Tail-12-20261001-21:25:11-68,param,DectScheduledAccessNetwork.queue,deriveLambdaFromRho,,,true
Phase5_Tail-12-20261001-21:25:11-68,param,DectScheduledAccessNetwork.queue,rho,,,0.059322
Phase5_Tail-12-20261001-21:25:11-68,param,DectScheduledAccessNetwork.queue,lambdaPerMs,,,0.12
Phase5_Tail-12-20261001-21:25:11-68,param,DectScheduledAccessNetwork.queue,r,,,30
Phase5_Tail-12-20261001-21:25:11-68,param,DectScheduledAccessNetwork.queue,warmupCompletedPackets,,,200000
Phase5_Tail-12-20261001-21:25:11-68,param,DectScheduledAccessNetwork.queue,targetCompletedPackets,,,1000000
Phase5_Tail-12-20261001-21:25:11-68,param,DectScheduledAccessNetwork.queue,rngIndex,,,0
Phase5_Tail-12-20261001-21:25:11-68,param,DectScheduledAccessNetwork.queue,recordVectors,,,false
Phase5_Tail-12-20261001-21:25:11-68,param,DectScheduledAccessNetwork.queue,recordTailStatistics,,,true
Phase5_Tail-12-20261001-21:25:11-68,param,DectScheduledAccessNetwork,typename,,,"""dect2020scheduledaccess.DectScheduledAccessNetwork"""
Phase5_Tail-13-20261001-21:25:12-68,param,DectScheduledAccessNetwork.queue,typename,,,"""dect2020scheduledaccess.ScheduledAccessQueue"""
Phase5_Tail-13-20261001-21:25:12-68,param,DectScheduledAccessNetwork.queue,D,,,10
Phase5_Tail-13-20261001-21:25:12-68,param,DectScheduledAccessNetwork.queue,frameDuration,,,0.01s
Phase5_Tail-13-20261001-21:25:12-68,attr,DectScheduledAccessNetwork.queue,frameDuration,unit,s,
Phase5_Tail-13-20261001-21:25:12-68,param,DectScheduledAccessNetwork.queue,meanType1ServiceTime,,,0.000416667s
Phase5_Tail-13-20261001-21:25:12-68,attr,DectScheduledAccessNetwork.queue,meanType1ServiceTime,unit,s,
Phase5_Tail-13-20261001-21:25:12-68,param,DectScheduledAccessNetwork.queue,deriveDectParametersFromD,,,true
Phase5_Tail-13-20261001-21:25:12-68,param,DectScheduledAccessNetwork.queue,L,,,2
Phase5_Tail-13-20261001-21:25:12-68,param,DectScheduledAccessNetwork.queue,type2ServiceTime,,,0.009s
Phase5_Tail-13-20261001-21:25:12-68,attr,DectScheduledAccessNetwork.queue,type2ServiceTime,unit,s,
Phase5_Tail-13-20261001-21:25:12-68,param,DectScheduledAccessNetwork.queue,deriveLambdaFromRho,,,true
Phase5_Tail-13-20261001-21:25:12-68,param,DectScheduledAccessNetwork.queue,rho,,,0.059322
Phase5_Tail-13-20261001-21:25:12-68,param,DectScheduledAccessNetwork.queue,lambdaPerMs,,,0.12
Phase5_Tail-13-20261001-21:25:12-68,param,DectScheduledAccessNetwork.queue,r,,,30
Phase5_Tail-13-20261001-21:25:12-68,param,DectScheduledAccessNetwork.queue,warmupCompletedPackets,,,200000
Phase5_Tail-13-20261001-21:25:12-68,param,DectScheduledAccessNetwork.queue,targetCompletedPackets,,,1000000
Phase5_Tail-13-20261001-21:25:12-68,param,DectScheduledAccessNetwork.queue,rngIndex,,,0
Phase5_Tail-13-20261001-21:25:12-68,param,DectScheduledAccessNetwork.queue,recordVectors,,,false
Phase5_Tail-13-20261001-21:25:12-68,param,DectScheduledAccessNetwork.queue,recordTailStatistics,,,true
Phase5_Tail-13-20261001-21:25:12-68,param,DectScheduledAccessNetwork,typename,,,"""dect2020scheduledaccess.DectScheduledAccessNetwork"""
Phase5_Tail-14-20261001-21:25:12-68,param,DectScheduledAccessNetwork.queue,typename,,,"""dect2020scheduledaccess.ScheduledAccessQueue"""
Phase5_Tail-14-20261001-21:25:12-68,param,DectScheduledAccessNetwork.queue,D,,,10
Phase5_Tail-14-20261001-21:25:12-68,param,DectScheduledAccessNetwork.queue,frameDuration,,,0.01s
Phase5_Tail-14-20261001-21:25:12-68,attr,DectScheduledAccessNetwork.queue,frameDuration,unit,s,
Phase5_Tail-14-20261001-21:25:12-68,param,DectScheduledAccessNetwork.queue,meanType1ServiceTime,,,0.000416667s
Phase5_Tail-14-20261001-21:25:12-68,attr,DectScheduledAccessNetwork.queue,meanType1ServiceTime,unit,s,
Phase5_Tail-14-20261001-21:25:12-68,param,DectScheduledAccessNetwork.queue,deriveDectParametersFromD,,,true
Phase5_Tail-14-20261001-21:25:12-68,param,DectScheduledAccessNetwork.queue,L,,,2
Phase5_Tail-14-20261001-21:25:12-68,param,DectScheduledAccessNetwork.queue,type2ServiceTime,,,0.009s
Phase5_Tail-14-20261001-21:25:12-68,attr,DectScheduledAccessNetwork.queue,type2ServiceTime,unit,s,
Phase5_Tail-14-20261001-21:25:12-68,param,DectScheduledAccessNetwork.queue,deriveLambdaFromRho,,,true
Phase5_Tail-14-20261001-21:25:12-68,param,DectScheduledAccessNetwork.queue,rho,,,0.059322
Phase5_Tail-14-20261001-21:25:12-68,param,DectScheduledAccessNetwork.queue,lambdaPerMs,,,0.12
Phase5_Tail-14-20261001-21:25:12-68,param,DectScheduledAccessNetwork.queue,r,,,30
Phase5_Tail-14-20261001-21:25:12-68,param,DectScheduledAccessNetwork.queue,warmupCompletedPackets,,,200000
Phase5_Tail-14-20261001-21:25:12-68,param,DectScheduledAccessNetwork.queue,targetCompletedPackets,,,1000000
Phase5_Tail-14-20261001-21:25:12-68,param,DectScheduledAccessNetwork.queue,rngIndex,,,0
Phase5_Tail-14-20261001-21:25:12-68,param,DectScheduledAccessNetwork.queue,recordVectors,,,false
Phase5_Tail-14-20261001-21:25:12-68,param,DectScheduledAccessNetwork.queue,recordTailStatistics,,,true
Phase5_Tail-14-20261001-21:25:12-68,param,DectScheduledAccessNetwork,typename,,,"""dect2020scheduledaccess.DectScheduledAccessNetwork"""
Phase5_Tail-15-20261001-21:25:12-68,param,DectScheduledAccessNetwork.queue,typename,,,"""dect2020scheduledaccess.ScheduledAccessQueue"""
Phase5_Tail-15-20261001-21:25:12-68,param,DectScheduledAccessNetwork.queue,D,,,10
Phase5_Tail-15-20261001-21:25:12-68,param,DectScheduledAccessNetwork.queue,frameDuration,,,0.01s
Phase5_Tail-15-20261001-21:25:12-68,attr,DectScheduledAccessNetwork.queue,frameDuration,unit,s,
Phase5_Tail-15-20261001-21:25:12-68,param,DectScheduledAccessNetwork.queue,meanType1ServiceTime,,,0.000416667s
Phase5_Tail-15-20261001-21:25:12-68,attr,DectScheduledAccessNetwork.queue,meanType1ServiceTime,unit,s,
Phase5_Tail-15-20261001-21:25:12-68,param,DectScheduledAccessNetwork.queue,deriveDectParametersFromD,,,true
Phase5_Tail-15-20261001-21:25:12-68,param,DectScheduledAccessNetwork.queue,L,,,2
Phase5_Tail-15-20261001-21:25:12-68,param,DectScheduledAccessNetwork.queue,type2ServiceTime,,,0.009s
Phase5_Tail-15-20261001-21:25:12-68,attr,DectScheduledAccessNetwork.queue,type2ServiceTime,unit,s,
Phase5_Tail-15-20261001-21:25:12-68,param,DectScheduledAccessNetwork.queue,deriveLambdaFromRho,,,true
Phase5_Tail-15-20261001-21:25:12-68,param,DectScheduledAccessNetwork.queue,rho,,,0.059322
Phase5_Tail-15-20261001-21:25:12-68,param,DectScheduledAccessNetwork.queue,lambdaPerMs,,,0.12
Phase5_Tail-15-20261001-21:25:12-68,param,DectScheduledAccessNetwork.queue,r,,,30
Phase5_Tail-15-20261001-21:25:12-68,param,DectScheduledAccessNetwork.queue,warmupCompletedPackets,,,200000
Phase5_Tail-15-20261001-21:25:12-68,param,DectScheduledAccessNetwork.queue,targetCompletedPackets,,,1000000
Phase5_Tail-15-20261001-21:25:12-68,param,DectScheduledAccessNetwork.queue,rngIndex,,,0
Phase5_Tail-15-20261001-21:25:12-68,param,DectScheduledAccessNetwork.queue,recordVectors,,,false
Phase5_Tail-15-20261001-21:25:12-68,param,DectScheduledAccessNetwork.queue,recordTailStatistics,,,true
Phase5_Tail-15-20261001-21:25:12-68,param,DectScheduledAccessNetwork,typename,,,"""dect2020scheduledaccess.DectScheduledAccessNetwork"""
Phase5_Tail-16-20261001-21:25:13-68,param,DectScheduledAccessNetwork.queue,typename,,,"""dect2020scheduledaccess.ScheduledAccessQueue"""
Phase5_Tail-16-20261001-21:25:13-68,param,DectScheduledAccessNetwork.queue,D,,,10
Phase5_Tail-16-20261001-21:25:13-68,param,DectScheduledAccessNetwork.queue,frameDuration,,,0.01s
Phase5_Tail-16-20261001-21:25:13-68,attr,DectScheduledAccessNetwork.queue,frameDuration,unit,s,
Phase5_Tail-16-20261001-21:25:13-68,param,DectScheduledAccessNetwork.queue,meanType1ServiceTime,,,0.000416667s
Phase5_Tail-16-20261001-21:25:13-68,attr,DectScheduledAccessNetwork.queue,meanType1ServiceTime,unit,s,
Phase5_Tail-16-20261001-21:25:13-68,param,DectScheduledAccessNetwork.queue,deriveDectParametersFromD,,,true
Phase5_Tail-16-20261001-21:25:13-68,param,DectScheduledAccessNetwork.queue,L,,,2
Phase5_Tail-16-20261001-21:25:13-68,param,DectScheduledAccessNetwork.queue,type2ServiceTime,,,0.009s
Phase5_Tail-16-20261001-21:25:13-68,attr,DectScheduledAccessNetwork.queue,type2ServiceTime,unit,s,
Phase5_Tail-16-20261001-21:25:13-68,param,DectScheduledAccessNetwork.queue,deriveLambdaFromRho,,,true
Phase5_Tail-16-20261001-21:25:13-68,param,DectScheduledAccessNetwork.queue,rho,,,0.059322
Phase5_Tail-16-20261001-21:25:13-68,param,DectScheduledAccessNetwork.queue,lambdaPerMs,,,0.12
Phase5_Tail-16-20261001-21:25:13-68,param,DectScheduledAccessNetwork.queue,r,,,30
Phase5_Tail-16-20261001-21:25:13-68,param,DectScheduledAccessNetwork.queue,warmupCompletedPackets,,,200000
Phase5_Tail-16-20261001-21:25:13-68,param,DectScheduledAccessNetwork.queue,targetCompletedPackets,,,1000000
Phase5_Tail-16-20261001-21:25:13-68,param,DectScheduledAccessNetwork.queue,rngIndex,,,0
Phase5_Tail-16-20261001-21:25:13-68,param,DectScheduledAccessNetwork.queue,recordVectors,,,false
Phase5_Tail-16-20261001-21:25:13-68,param,DectScheduledAccessNetwork.queue,recordTailStatistics,,,true
Phase5_Tail-16-20261001-21:25:13-68,param,DectScheduledAccessNetwork,typename,,,"""dect2020scheduledaccess.DectScheduledAccessNetwork"""
Phase5_Tail-17-20261001-21:25:13-68,param,DectScheduledAccessNetwork.queue,typename,,,"""dect2020scheduledaccess.ScheduledAccessQueue"""
Phase5_Tail-17-20261001-21:25:13-68,param,DectScheduledAccessNetwork.queue,D,,,10
Phase5_Tail-17-20261001-21:25:13-68,param,DectScheduledAccessNetwork.queue,frameDuration,,,0.01s
Phase5_Tail-17-20261001-21:25:13-68,attr,DectScheduledAccessNetwork.queue,frameDuration,unit,s,
Phase5_Tail-17-20261001-21:25:13-68,param,DectScheduledAccessNetwork.queue,meanType1ServiceTime,,,0.000416667s
Phase5_Tail-17-20261001-21:25:13-68,attr,DectScheduledAccessNetwork.queue,meanType1ServiceTime,unit,s,
Phase5_Tail-17-20261001-21:25:13-68,param,DectScheduledAccessNetwork.queue,deriveDectParametersFromD,,,true
Phase5_Tail-17-20261001-21:25:13-68,param,DectScheduledAccessNetwork.queue,L,,,2
Phase5_Tail-17-20261001-21:25:13-68,param,DectScheduledAccessNetwork.queue,type2ServiceTime,,,0.009s
Phase5_Tail-17-20261001-21:25:13-68,attr,DectScheduledAccessNetwork.queue,type2ServiceTime,unit,s,
Phase5_Tail-17-20261001-21:25:13-68,param,DectScheduledAccessNetwork.queue,deriveLambdaFromRho,,,true
Phase5_Tail-17-20261001-21:25:13-68,param,DectScheduledAccessNetwork.queue,rho,,,0.059322
Phase5_Tail-17-20261001-21:25:13-68,param,DectScheduledAccessNetwork.queue,lambdaPerMs,,,0.12
Phase5_Tail-17-20261001-21:25:13-68,param,DectScheduledAccessNetwork.queue,r,,,30
Phase5_Tail-17-20261001-21:25:13-68,param,DectScheduledAccessNetwork.queue,warmupCompletedPackets,,,200000
Phase5_Tail-17-20261001-21:25:13-68,param,DectScheduledAccessNetwork.queue,targetCompletedPackets,,,1000000
Phase5_Tail-17-20261001-21:25:13-68,param,DectScheduledAccessNetwork.queue,rngIndex,,,0
Phase5_Tail-17-20261001-21:25:13-68,param,DectScheduledAccessNetwork.queue,recordVectors,,,false
Phase5_Tail-17-20261001-21:25:13-68,param,DectScheduledAccessNetwork.queue,recordTailStatistics,,,true
Phase5_Tail-17-20261001-21:25:13-68,param,DectScheduledAccessNetwork,typename,,,"""dect2020scheduledaccess.DectScheduledAccessNetwork"""
Phase5_Tail-18-20261001-21:25:13-68,param,DectScheduledAccessNetwork.queue,typename,,,"""dect2020scheduledaccess.ScheduledAccessQueue"""
Phase5_Tail-18-20261001-21:25:13-68,param,DectScheduledAccessNetwork.queue,D,,,10
Phase5_Tail-18-20261001-21:25:13-68,param,DectScheduledAccessNetwork.queue,frameDuration,,,0.01s
Phase5_Tail-18-20261001-21:25:13-68,attr,DectScheduledAccessNetwork.queue,frameDuration,unit,s,
Phase5_Tail-18-20261001-21:25:13-68,param,DectScheduledAccessNetwork.queue,meanType1ServiceTime,,,0.000416667s
Phase5_Tail-18-20261001-21:25:13-68,attr,DectScheduledAccessNetwork.queue,meanType1ServiceTime,unit,s,
Phase5_Tail-18-20261001-21:25:13-68,param,DectScheduledAccessNetwork.queue,deriveDectParametersFromD,,,true
Phase5_Tail-18-20261001-21:25:13-68,param,DectScheduledAccessNetwork.queue,L,,,2
Phase5_Tail-18-20261001-21:25:13-68,param,DectScheduledAccessNetwork.queue,type2ServiceTime,,,0.009s
Phase5_Tail-18-20261001-21:25:13-68,attr,DectScheduledAccessNetwork.queue,type2ServiceTime,unit,s,
Phase5_Tail-18-20261001-21:25:13-68,param,DectScheduledAccessNetwork.queue,deriveLambdaFromRho,,,true
Phase5_Tail-18-20261001-21:25:13-68,param,DectScheduledAccessNetwork.queue,rho,,,0.059322
Phase5_Tail-18-20261001-21:25:13-68,param,DectScheduledAccessNetwork.queue,lambdaPerMs,,,0.12
Phase5_Tail-18-20261001-21:25:13-68,param,DectScheduledAccessNetwork.queue,r,,,30
Phase5_Tail-18-20261001-21:25:13-68,param,DectScheduledAccessNetwork.queue,warmupCompletedPackets,,,200000
Phase5_Tail-18-20261001-21:25:13-68,param,DectScheduledAccessNetwork.queue,targetCompletedPackets,,,1000000
Phase5_Tail-18-20261001-21:25:13-68,param,DectScheduledAccessNetwork.queue,rngIndex,,,0
Phase5_Tail-18-20261001-21:25:13-68,param,DectScheduledAccessNetwork.queue,recordVectors,,,false
Phase5_Tail-18-20261001-21:25:13-68,param,DectScheduledAccessNetwork.queue,recordTailStatistics,,,true
Phase5_Tail-18-20261001-21:25:13-68,param,DectScheduledAccessNetwork,typename,,,"""dect2020scheduledaccess.DectScheduledAccessNetwork"""
Phase5_Tail-19-20261001-21:25:14-68,param,DectScheduledAccessNetwork.queue,typename,,,"""dect2020scheduledaccess.ScheduledAccessQueue"""
Phase5_Tail-19-20261001-21:25:14-68,param,DectScheduledAccessNetwork.queue,D,,,10
Phase5_Tail-19-20261001-21:25:14-68,param,DectScheduledAccessNetwork.queue,frameDuration,,,0.01s
Phase5_Tail-19-20261001-21:25:14-68,attr,DectScheduledAccessNetwork.queue,frameDuration,unit,s,
Phase5_Tail-19-20261001-21:25:14-68,param,DectScheduledAccessNetwork.queue,meanType1ServiceTime,,,0.000416667s
Phase5_Tail-19-20261001-21:25:14-68,attr,DectScheduledAccessNetwork.queue,meanType1ServiceTime,unit,s,
Phase5_Tail-19-20261001-21:25:14-68,param,DectScheduledAccessNetwork.queue,deriveDectParametersFromD,,,true
Phase5_Tail-19-20261001-21:25:14-68,param,DectScheduledAccessNetwork.queue,L,,,2
Phase5_Tail-19-20261001-21:25:14-68,param,DectScheduledAccessNetwork.queue,type2ServiceTime,,,0.009s
Phase5_Tail-19-20261001-21:25:14-68,attr,DectScheduledAccessNetwork.queue,type2ServiceTime,unit,s,
Phase5_Tail-19-20261001-21:25:14-68,param,DectScheduledAccessNetwork.queue,deriveLambdaFromRho,,,true
Phase5_Tail-19-20261001-21:25:14-68,param,DectScheduledAccessNetwork.queue,rho,,,0.059322
Phase5_Tail-19-20261001-21:25:14-68,param,DectScheduledAccessNetwork.queue,lambdaPerMs,,,0.12
Phase5_Tail-19-20261001-21:25:14-68,param,DectScheduledAccessNetwork.queue,r,,,30
Phase5_Tail-19-20261001-21:25:14-68,param,DectScheduledAccessNetwork.queue,warmupCompletedPackets,,,200000
Phase5_Tail-19-20261001-21:25:14-68,param,DectScheduledAccessNetwork.queue,targetCompletedPackets,,,1000000
Phase5_Tail-19-20261001-21:25:14-68,param,DectScheduledAccessNetwork.queue,rngIndex,,,0
Phase5_Tail-19-20261001-21:25:14-68,param,DectScheduledAccessNetwork.queue,recordVectors,,,false
Phase5_Tail-19-20261001-21:25:14-68,param,DectScheduledAccessNetwork.queue,recordTailStatistics,,,true
Phase5_Tail-19-20261001-21:25:14-68,param,DectScheduledAccessNetwork,typename,,,"""dect2020scheduledaccess.DectScheduledAccessNetwork"""
Phase5_Tail-20-20261001-21:25:14-68,param,DectScheduledAccessNetwork.queue,typename,,,"""dect2020scheduledaccess.ScheduledAccessQueue"""
Phase5_Tail-20-20261001-21:25:14-68,param,DectScheduledAccessNetwork.queue,D,,,10
Phase5_Tail-20-20261001-21:25:14-68,param,DectScheduledAccessNetwork.queue,frameDuration,,,0.01s
Phase5_Tail-20-20261001-21:25:14-68,attr,DectScheduledAccessNetwork.queue,frameDuration,unit,s,
Phase5_Tail-20-20261001-21:25:14-68,param,DectScheduledAccessNetwork.queue,meanType1ServiceTime,,,0.000416667s
Phase5_Tail-20-20261001-21:25:14-68,attr,DectScheduledAccessNetwork.queue,meanType1ServiceTime,unit,s,
Phase5_Tail-20-20261001-21:25:14-68,param,DectScheduledAccessNetwork.queue,deriveDectParametersFromD,,,true
Phase5_Tail-20-20261001-21:25:14-68,param,DectScheduledAccessNetwork.queue,L,,,2
Phase5_Tail-20-20261001-21:25:14-68,param,DectScheduledAccessNetwork.queue,type2ServiceTime,,,0.009s
Phase5_Tail-20-20261001-21:25:14-68,attr,DectScheduledAccessNetwork.queue,type2ServiceTime,unit,s,
Phase5_Tail-20-20261001-21:25:14-68,param,DectScheduledAccessNetwork.queue,deriveLambdaFromRho,,,true
Phase5_Tail-20-20261001-21:25:14-68,param,DectScheduledAccessNetwork.queue,rho,,,0.0677966
Phase5_Tail-20-20261001-21:25:14-68,param,DectScheduledAccessNetwork.queue,lambdaPerMs,,,0.12
Phase5_Tail-20-20261001-21:25:14-68,param,DectScheduledAccessNetwork.queue,r,,,30
Phase5_Tail-20-20261001-21:25:14-68,param,DectScheduledAccessNetwork.queue,warmupCompletedPackets,,,200000
Phase5_Tail-20-20261001-21:25:14-68,param,DectScheduledAccessNetwork.queue,targetCompletedPackets,,,1000000
Phase5_Tail-20-20261001-21:25:14-68,param,DectScheduledAccessNetwork.queue,rngIndex,,,0
Phase5_Tail-20-20261001-21:25:14-68,param,DectScheduledAccessNetwork.queue,recordVectors,,,false
Phase5_Tail-20-20261001-21:25:14-68,param,DectScheduledAccessNetwork.queue,recordTailStatistics,,,true
Phase5_Tail-20-20261001-21:25:14-68,param,DectScheduledAccessNetwork,typename,,,"""dect2020scheduledaccess.DectScheduledAccessNetwork"""
Phase5_Tail-21-20261001-21:25:14-68,param,DectScheduledAccessNetwork.queue,typename,,,"""dect2020scheduledaccess.ScheduledAccessQueue"""
Phase5_Tail-21-20261001-21:25:14-68,param,DectScheduledAccessNetwork.queue,D,,,10
Phase5_Tail-21-20261001-21:25:14-68,param,DectScheduledAccessNetwork.queue,frameDuration,,,0.01s
Phase5_Tail-21-20261001-21:25:14-68,attr,DectScheduledAccessNetwork.queue,frameDuration,unit,s,
Phase5_Tail-21-20261001-21:25:14-68,param,DectScheduledAccessNetwork.queue,meanType1ServiceTime,,,0.000416667s
Phase5_Tail-21-20261001-21:25:14-68,attr,DectScheduledAccessNetwork.queue,meanType1ServiceTime,unit,s,
Phase5_Tail-21-20261001-21:25:14-68,param,DectScheduledAccessNetwork.queue,deriveDectParametersFromD,,,true
Phase5_Tail-21-20261001-21:25:14-68,param,DectScheduledAccessNetwork.queue,L,,,2
Phase5_Tail-21-20261001-21:25:14-68,param,DectScheduledAccessNetwork.queue,type2ServiceTime,,,0.009s
Phase5_Tail-21-20261001-21:25:14-68,attr,DectScheduledAccessNetwork.queue,type2ServiceTime,unit,s,
Phase5_Tail-21-20261001-21:25:14-68,param,DectScheduledAccessNetwork.queue,deriveLambdaFromRho,,,true
Phase5_Tail-21-20261001-21:25:14-68,param,DectScheduledAccessNetwork.queue,rho,,,0.0677966
Phase5_Tail-21-20261001-21:25:14-68,param,DectScheduledAccessNetwork.queue,lambdaPerMs,,,0.12
Phase5_Tail-21-20261001-21:25:14-68,param,DectScheduledAccessNetwork.queue,r,,,30
Phase5_Tail-21-20261001-21:25:14-68,param,DectScheduledAccessNetwork.queue,warmupCompletedPackets,,,200000
Phase5_Tail-21-20261001-21:25:14-68,param,DectScheduledAccessNetwork.queue,targetCompletedPackets,,,1000000
Phase5_Tail-21-20261001-21:25:14-68,param,DectScheduledAccessNetwork.queue,rngIndex,,,0
Phase5_Tail-21-20261001-21:25:14-68,param,DectScheduledAccessNetwork.queue,recordVectors,,,false
Phase5_Tail-21-20261001-21:25:14-68,param,DectScheduledAccessNetwork.queue,recordTailStatistics,,,true
Phase5_Tail-21-20261001-21:25:14-68,param,DectScheduledAccessNetwork,typename,,,"""dect2020scheduledaccess.DectScheduledAccessNetwork"""
Phase5_Tail-22-20261001-21:25:15-68,param,DectScheduledAccessNetwork.queue,typename,,,"""dect2020scheduledaccess.ScheduledAccessQueue"""
Phase5_Tail-22-20261001-21:25:15-68,param,DectScheduledAccessNetwork.queue,D,,,10
Phase5_Tail-22-20261001-21:25:15-68,param,DectScheduledAccessNetwork.queue,frameDuration,,,0.01s
Phase5_Tail-22-20261001-21:25:15-68,attr,DectScheduledAccessNetwork.queue,frameDuration,unit,s,
Phase5_Tail-22-20261001-21:25:15-68,param,DectScheduledAccessNetwork.queue,meanType1ServiceTime,,,0.000416667s
Phase5_Tail-22-20261001-21:25:15-68,attr,DectScheduledAccessNetwork.queue,meanType1ServiceTime,unit,s,
Phase5_Tail-22-20261001-21:25:15-68,param,DectScheduledAccessNetwork.queue,deriveDectParametersFromD,,,true
Phase5_Tail-22-20261001-21:25:15-68,param,DectScheduledAccessNetwork.queue,L,,,2
Phase5_Tail-22-20261001-21:25:15-68,param,DectScheduledAccessNetwork.queue,type2ServiceTime,,,0.009s
Phase5_Tail-22-20261001-21:25:15-68,attr,DectScheduledAccessNetwork.queue,type2ServiceTime,unit,s,
Phase5_Tail-22-20261001-21:25:15-68,param,DectScheduledAccessNetwork.queue,deriveLambdaFromRho,,,true
Phase5_Tail-22-20261001-21:25:15-68,param,DectScheduledAccessNetwork.queue,rho,,,0.0677966
Phase5_Tail-22-20261001-21:25:15-68,param,DectScheduledAccessNetwork.queue,lambdaPerMs,,,0.12
Phase5_Tail-22-20261001-21:25:15-68,param,DectScheduledAccessNetwork.queue,r,,,30
Phase5_Tail-22-20261001-21:25:15-68,param,DectScheduledAccessNetwork.queue,warmupCompletedPackets,,,200000
Phase5_Tail-22-20261001-21:25:15-68,param,DectScheduledAccessNetwork.queue,targetCompletedPackets,,,1000000
Phase5_Tail-22-20261001-21:25:15-68,param,DectScheduledAccessNetwork.queue,rngIndex,,,0
Phase5_Tail-22-20261001-21:25:15-68,param,DectScheduledAccessNetwork.queue,recordVectors,,,false
Phase5_Tail-22-20261001-21:25:15-68,param,DectScheduledAccessNetwork.queue,recordTailStatistics,,,true
Phase5_Tail-22-20261001-21:25:15-68,param,DectScheduledAccessNetwork,typename,,,"""dect2020scheduledaccess.DectScheduledAccessNetwork"""
Phase5_Tail-23-20261001-21:25:15-68,param,DectScheduledAccessNetwork.queue,typename,,,"""dect2020scheduledaccess.ScheduledAccessQueue"""
Phase5_Tail-23-20261001-21:25:15-68,param,DectScheduledAccessNetwork.queue,D,,,10
Phase5_Tail-23-20261001-21:25:15-68,param,DectScheduledAccessNetwork.queue,frameDuration,,,0.01s
Phase5_Tail-23-20261001-21:25:15-68,attr,DectScheduledAccessNetwork.queue,frameDuration,unit,s,
Phase5_Tail-23-20261001-21:25:15-68,param,DectScheduledAccessNetwork.queue,meanType1ServiceTime,,,0.000416667s
Phase5_Tail-23-20261001-21:25:15-68,attr,DectScheduledAccessNetwork.queue,meanType1ServiceTime,unit,s,
Phase5_Tail-23-20261001-21:25:15-68,param,DectScheduledAccessNetwork.queue,deriveDectParametersFromD,,,true
Phase5_Tail-23-20261001-21:25:15-68,param,DectScheduledAccessNetwork.queue,L,,,2
Phase5_Tail-23-20261001-21:25:15-68,param,DectScheduledAccessNetwork.queue,type2ServiceTime,,,0.009s
Phase5_Tail-23-20261001-21:25:15-68,attr,DectScheduledAccessNetwork.queue,type2ServiceTime,unit,s,
Phase5_Tail-23-20261001-21:25:15-68,param,DectScheduledAccessNetwork.queue,deriveLambdaFromRho,,,true
Phase5_Tail-23-20261001-21:25:15-68,param,DectScheduledAccessNetwork.queue,rho,,,0.0677966
Phase5_Tail-23-20261001-21:25:15-68,param,DectScheduledAccessNetwork.queue,lambdaPerMs,,,0.12
Phase5_Tail-23-20261001-21:25:15-68,param,DectScheduledAccessNetwork.queue,r,,,30
Phase5_Tail-23-20261001-21:25:15-68,param,DectScheduledAccessNetwork.queue,warmupCompletedPackets,,,200000
Phase5_Tail-23-20261001-21:25:15-68,param,DectScheduledAccessNetwork.queue,targetCompletedPackets,,,1000000
Phase5_Tail-23-20261001-21:25:15-68,param,DectScheduledAccessNetwork.queue,rngIndex,,,0
Phase5_Tail-23-20261001-21:25:15-68,param,DectScheduledAccessNetwork.queue,recordVectors,,,false
Phase5_Tail-23-20261001-21:25:15-68,param,DectScheduledAccessNetwork.queue,recordTailStatistics,,,true
Phase5_Tail-23-20261001-21:25:15-68,param,DectScheduledAccessNetwork,typename,,,"""dect2020scheduledaccess.DectScheduledAccessNetwork"""
Phase5_Tail-24-20261001-21:25:15-68,param,DectScheduledAccessNetwork.queue,typename,,,"""dect2020scheduledaccess.ScheduledAccessQueue"""
Phase5_Tail-24-20261001-21:25:15-68,param,DectScheduledAccessNetwork.queue,D,,,10
Phase5_Tail-24-20261001-21:25:15-68,param,DectScheduledAccessNetwork.queue,frameDuration,,,0.01s
Phase5_Tail-24-20261001-21:25:15-68,attr,DectScheduledAccessNetwork.queue,frameDuration,unit,s,
Phase5_Tail-24-20261001-21:25:15-68,param,DectScheduledAccessNetwork.queue,meanType1ServiceTime,,,0.000416667s
Phase5_Tail-24-20261001-21:25:15-68,attr,DectScheduledAccessNetwork.queue,meanType1ServiceTime,unit,s,
Phase5_Tail-24-20261001-21:25:15-68,param,DectScheduledAccessNetwork.queue,deriveDectParametersFromD,,,true
Phase5_Tail-24-20261001-21:25:15-68,param,DectScheduledAccessNetwork.queue,L,,,2
Phase5_Tail-24-20261001-21:25:15-68,param,DectScheduledAccessNetwork.queue,type2ServiceTime,,,0.009s
Phase5_Tail-24-20261001-21:25:15-68,attr,DectScheduledAccessNetwork.queue,type2ServiceTime,unit,s,
Phase5_Tail-24-20261001-21:25:15-68,param,DectScheduledAccessNetwork.queue,deriveLambdaFromRho,,,true
Phase5_Tail-24-20261001-21:25:15-68,param,DectScheduledAccessNetwork.queue,rho,,,0.0677966
Phase5_Tail-24-20261001-21:25:15-68,param,DectScheduledAccessNetwork.queue,lambdaPerMs,,,0.12
Phase5_Tail-24-20261001-21:25:15-68,param,DectScheduledAccessNetwork.queue,r,,,30
Phase5_Tail-24-20261001-21:25:15-68,param,DectScheduledAccessNetwork.queue,warmupCompletedPackets,,,200000
Phase5_Tail-24-20261001-21:25:15-68,param,DectScheduledAccessNetwork.queue,targetCompletedPackets,,,1000000
Phase5_Tail-24-20261001-21:25:15-68,param,DectScheduledAccessNetwork.queue,rngIndex,,,0
Phase5_Tail-24-20261001-21:25:15-68,param,DectScheduledAccessNetwork.queue,recordVectors,,,false
Phase5_Tail-24-20261001-21:25:15-68,param,DectScheduledAccessNetwork.queue,recordTailStatistics,,,true
Phase5_Tail-24-20261001-21:25:15-68,param,DectScheduledAccessNetwork,typename,,,"""dect2020scheduledaccess.DectScheduledAccessNetwork"""
Phase5_Tail-25-20261001-21:25:16-68,param,DectScheduledAccessNetwork.queue,typename,,,"""dect2020scheduledaccess.ScheduledAccessQueue"""
Phase5_Tail-25-20261001-21:25:16-68,param,DectScheduledAccessNetwork.queue,D,,,10
Phase5_Tail-25-20261001-21:25:16-68,param,DectScheduledAccessNetwork.queue,frameDuration,,,0.01s
Phase5_Tail-25-20261001-21:25:16-68,attr,DectScheduledAccessNetwork.queue,frameDuration,unit,s,
Phase5_Tail-25-20261001-21:25:16-68,param,DectScheduledAccessNetwork.queue,meanType1ServiceTime,,,0.000416667s
Phase5_Tail-25-20261001-21:25:16-68,attr,DectScheduledAccessNetwork.queue,meanType1ServiceTime,unit,s,
Phase5_Tail-25-20261001-21:25:16-68,param,DectScheduledAccessNetwork.queue,deriveDectParametersFromD,,,true
Phase5_Tail-25-20261001-21:25:16-68,param,DectScheduledAccessNetwork.queue,L,,,2
Phase5_Tail-25-20261001-21:25:16-68,param,DectScheduledAccessNetwork.queue,type2ServiceTime,,,0.009s
Phase5_Tail-25-20261001-21:25:16-68,attr,DectScheduledAccessNetwork.queue,type2ServiceTime,unit,s,
Phase5_Tail-25-20261001-21:25:16-68,param,DectScheduledAccessNetwork.queue,deriveLambdaFromRho,,,true
Phase5_Tail-25-20261001-21:25:16-68,param,DectScheduledAccessNetwork.queue,rho,,,0.0677966
Phase5_Tail-25-20261001-21:25:16-68,param,DectScheduledAccessNetwork.queue,lambdaPerMs,,,0.12
Phase5_Tail-25-20261001-21:25:16-68,param,DectScheduledAccessNetwork.queue,r,,,30
Phase5_Tail-25-20261001-21:25:16-68,param,DectScheduledAccessNetwork.queue,warmupCompletedPackets,,,200000
Phase5_Tail-25-20261001-21:25:16-68,param,DectScheduledAccessNetwork.queue,targetCompletedPackets,,,1000000
Phase5_Tail-25-20261001-21:25:16-68,param,DectScheduledAccessNetwork.queue,rngIndex,,,0
Phase5_Tail-25-20261001-21:25:16-68,param,DectScheduledAccessNetwork.queue,recordVectors,,,false
Phase5_Tail-25-20261001-21:25:16-68,param,DectScheduledAccessNetwork.queue,recordTailStatistics,,,true
Phase5_Tail-25-20261001-21:25:16-68,param,DectScheduledAccessNetwork,typename,,,"""dect2020scheduledaccess.DectScheduledAccessNetwork"""
Phase5_Tail-26-20261001-21:25:16-68,param,DectScheduledAccessNetwork.queue,typename,,,"""dect2020scheduledaccess.ScheduledAccessQueue"""
Phase5_Tail-26-20261001-21:25:16-68,param,DectScheduledAccessNetwork.queue,D,,,10
Phase5_Tail-26-20261001-21:25:16-68,param,DectScheduledAccessNetwork.queue,frameDuration,,,0.01s
Phase5_Tail-26-20261001-21:25:16-68,attr,DectScheduledAccessNetwork.queue,frameDuration,unit,s,
Phase5_Tail-26-20261001-21:25:16-68,param,DectScheduledAccessNetwork.queue,meanType1ServiceTime,,,0.000416667s
Phase5_Tail-26-20261001-21:25:16-68,attr,DectScheduledAccessNetwork.queue,meanType1ServiceTime,unit,s,
Phase5_Tail-26-20261001-21:25:16-68,param,DectScheduledAccessNetwork.queue,deriveDectParametersFromD,,,true
Phase5_Tail-26-20261001-21:25:16-68,param,DectScheduledAccessNetwork.queue,L,,,2
Phase5_Tail-26-20261001-21:25:16-68,param,DectScheduledAccessNetwork.queue,type2ServiceTime,,,0.009s
Phase5_Tail-26-20261001-21:25:16-68,attr,DectScheduledAccessNetwork.queue,type2ServiceTime,unit,s,
Phase5_Tail-26-20261001-21:25:16-68,param,DectScheduledAccessNetwork.queue,deriveLambdaFromRho,,,true
Phase5_Tail-26-20261001-21:25:16-68,param,DectScheduledAccessNetwork.queue,rho,,,0.0677966
Phase5_Tail-26-20261001-21:25:16-68,param,DectScheduledAccessNetwork.queue,lambdaPerMs,,,0.12
Phase5_Tail-26-20261001-21:25:16-68,param,DectScheduledAccessNetwork.queue,r,,,30
Phase5_Tail-26-20261001-21:25:16-68,param,DectScheduledAccessNetwork.queue,warmupCompletedPackets,,,200000
Phase5_Tail-26-20261001-21:25:16-68,param,DectScheduledAccessNetwork.queue,targetCompletedPackets,,,1000000
Phase5_Tail-26-20261001-21:25:16-68,param,DectScheduledAccessNetwork.queue,rngIndex,,,0
Phase5_Tail-26-20261001-21:25:16-68,param,DectScheduledAccessNetwork.queue,recordVectors,,,false
Phase5_Tail-26-20261001-21:25:16-68,param,DectScheduledAccessNetwork.queue,recordTailStatistics,,,true
Phase5_Tail-26-20261001-21:25:16-68,param,DectScheduledAccessNetwork,typename,,,"""dect2020scheduledaccess.DectScheduledAccessNetwork"""
Phase5_Tail-27-20261001-21:25:16-68,param,DectScheduledAccessNetwork.queue,typename,,,"""dect2020scheduledaccess.ScheduledAccessQueue"""
Phase5_Tail-27-20261001-21:25:16-68,param,DectScheduledAccessNetwork.queue,D,,,10
Phase5_Tail-27-20261001-21:25:16-68,param,DectScheduledAccessNetwork.queue,frameDuration,,,0.01s
Phase5_Tail-27-20261001-21:25:16-68,attr,DectScheduledAccessNetwork.queue,frameDuration,unit,s,
Phase5_Tail-27-20261001-21:25:16-68,param,DectScheduledAccessNetwork.queue,meanType1ServiceTime,,,0.000416667s
Phase5_Tail-27-20261001-21:25:16-68,attr,DectScheduledAccessNetwork.queue,meanType1ServiceTime,unit,s,
Phase5_Tail-27-20261001-21:25:16-68,param,DectScheduledAccessNetwork.queue,deriveDectParametersFromD,,,true
Phase5_Tail-27-20261001-21:25:16-68,param,DectScheduledAccessNetwork.queue,L,,,2
Phase5_Tail-27-20261001-21:25:16-68,param,DectScheduledAccessNetwork.queue,type2ServiceTime,,,0.009s
Phase5_Tail-27-20261001-21:25:16-68,attr,DectScheduledAccessNetwork.queue,type2ServiceTime,unit,s,
Phase5_Tail-27-20261001-21:25:16-68,param,DectScheduledAccessNetwork.queue,deriveLambdaFromRho,,,true
Phase5_Tail-27-20261001-21:25:16-68,param,DectScheduledAccessNetwork.queue,rho,,,0.0677966
Phase5_Tail-27-20261001-21:25:16-68,param,DectScheduledAccessNetwork.queue,lambdaPerMs,,,0.12
Phase5_Tail-27-20261001-21:25:16-68,param,DectScheduledAccessNetwork.queue,r,,,30
Phase5_Tail-27-20261001-21:25:16-68,param,DectScheduledAccessNetwork.queue,warmupCompletedPackets,,,200000
Phase5_Tail-27-20261001-21:25:16-68,param,DectScheduledAccessNetwork.queue,targetCompletedPackets,,,1000000
Phase5_Tail-27-20261001-21:25:16-68,param,DectScheduledAccessNetwork.queue,rngIndex,,,0
Phase5_Tail-27-20261001-21:25:16-68,param,DectScheduledAccessNetwork.queue,recordVectors,,,false
Phase5_Tail-27-20261001-21:25:16-68,param,DectScheduledAccessNetwork.queue,recordTailStatistics,,,true
Phase5_Tail-27-20261001-21:25:16-68,param,DectScheduledAccessNetwork,typename,,,"""dect2020scheduledaccess.DectScheduledAccessNetwork"""
Phase5_Tail-28-20261001-21:25:17-68,param,DectScheduledAccessNetwork.queue,typename,,,"""dect2020scheduledaccess.ScheduledAccessQueue"""
Phase5_Tail-28-20261001-21:25:17-68,param,DectScheduledAccessNetwork.queue,D,,,10
Phase5_Tail-28-20261001-21:25:17-68,param,DectScheduledAccessNetwork.queue,frameDuration,,,0.01s
Phase5_Tail-28-20261001-21:25:17-68,attr,DectScheduledAccessNetwork.queue,frameDuration,unit,s,
Phase5_Tail-28-20261001-21:25:17-68,param,DectScheduledAccessNetwork.queue,meanType1ServiceTime,,,0.000416667s
Phase5_Tail-28-20261001-21:25:17-68,attr,DectScheduledAccessNetwork.queue,meanType1ServiceTime,unit,s,
Phase5_Tail-28-20261001-21:25:17-68,param,DectScheduledAccessNetwork.queue,deriveDectParametersFromD,,,true
Phase5_Tail-28-20261001-21:25:17-68,param,DectScheduledAccessNetwork.queue,L,,,2
Phase5_Tail-28-20261001-21:25:17-68,param,DectScheduledAccessNetwork.queue,type2ServiceTime,,,0.009s
Phase5_Tail-28-20261001-21:25:17-68,attr,DectScheduledAccessNetwork.queue,type2ServiceTime,unit,s,
Phase5_Tail-28-20261001-21:25:17-68,param,DectScheduledAccessNetwork.queue,deriveLambdaFromRho,,,true
Phase5_Tail-28-20261001-21:25:17-68,param,DectScheduledAccessNetwork.queue,rho,,,0.0677966
Phase5_Tail-28-20261001-21:25:17-68,param,DectScheduledAccessNetwork.queue,lambdaPerMs,,,0.12
Phase5_Tail-28-20261001-21:25:17-68,param,DectScheduledAccessNetwork.queue,r,,,30
Phase5_Tail-28-20261001-21:25:17-68,param,DectScheduledAccessNetwork.queue,warmupCompletedPackets,,,200000
Phase5_Tail-28-20261001-21:25:17-68,param,DectScheduledAccessNetwork.queue,targetCompletedPackets,,,1000000
Phase5_Tail-28-20261001-21:25:17-68,param,DectScheduledAccessNetwork.queue,rngIndex,,,0
Phase5_Tail-28-20261001-21:25:17-68,param,DectScheduledAccessNetwork.queue,recordVectors,,,false
Phase5_Tail-28-20261001-21:25:17-68,param,DectScheduledAccessNetwork.queue,recordTailStatistics,,,true
Phase5_Tail-28-20261001-21:25:17-68,param,DectScheduledAccessNetwork,typename,,,"""dect2020scheduledaccess.DectScheduledAccessNetwork"""
Phase5_Tail-29-20261001-21:25:17-68,param,DectScheduledAccessNetwork.queue,typename,,,"""dect2020scheduledaccess.ScheduledAccessQueue"""
Phase5_Tail-29-20261001-21:25:17-68,param,DectScheduledAccessNetwork.queue,D,,,10
Phase5_Tail-29-20261001-21:25:17-68,param,DectScheduledAccessNetwork.queue,frameDuration,,,0.01s
Phase5_Tail-29-20261001-21:25:17-68,attr,DectScheduledAccessNetwork.queue,frameDuration,unit,s,
Phase5_Tail-29-20261001-21:25:17-68,param,DectScheduledAccessNetwork.queue,meanType1ServiceTime,,,0.000416667s
Phase5_Tail-29-20261001-21:25:17-68,attr,DectScheduledAccessNetwork.queue,meanType1ServiceTime,unit,s,
Phase5_Tail-29-20261001-21:25:17-68,param,DectScheduledAccessNetwork.queue,deriveDectParametersFromD,,,true
Phase5_Tail-29-20261001-21:25:17-68,param,DectScheduledAccessNetwork.queue,L,,,2
Phase5_Tail-29-20261001-21:25:17-68,param,DectScheduledAccessNetwork.queue,type2ServiceTime,,,0.009s
Phase5_Tail-29-20261001-21:25:17-68,attr,DectScheduledAccessNetwork.queue,type2ServiceTime,unit,s,
Phase5_Tail-29-20261001-21:25:17-68,param,DectScheduledAccessNetwork.queue,deriveLambdaFromRho,,,true
Phase5_Tail-29-20261001-21:25:17-68,param,DectScheduledAccessNetwork.queue,rho,,,0.0677966
Phase5_Tail-29-20261001-21:25:17-68,param,DectScheduledAccessNetwork.queue,lambdaPerMs,,,0.12
Phase5_Tail-29-20261001-21:25:17-68,param,DectScheduledAccessNetwork.queue,r,,,30
Phase5_Tail-29-20261001-21:25:17-68,param,DectScheduledAccessNetwork.queue,warmupCompletedPackets,,,200000
Phase5_Tail-29-20261001-21:25:17-68,param,DectScheduledAccessNetwork.queue,targetCompletedPackets,,,1000000
Phase5_Tail-29-20261001-21:25:17-68,param,DectScheduledAccessNetwork.queue,rngIndex,,,0
Phase5_Tail-29-20261001-21:25:17-68,param,DectScheduledAccessNetwork.queue,recordVectors,,,false
Phase5_Tail-29-20261001-21:25:17-68,param,DectScheduledAccessNetwork.queue,recordTailStatistics,,,true
Phase5_Tail-29-20261001-21:25:17-68,param,DectScheduledAccessNetwork,typename,,,"""dect2020scheduledaccess.DectScheduledAccessNetwork"""
Phase5_Tail-30-20261001-21:25:17-68,param,DectScheduledAccessNetwork.queue,typename,,,"""dect2020scheduledaccess.ScheduledAccessQueue"""
Phase5_Tail-30-20261001-21:25:17-68,param,DectScheduledAccessNetwork.queue,D,,,10
Phase5_Tail-30-20261001-21:25:17-68,param,DectScheduledAccessNetwork.queue,frameDuration,,,0.01s
Phase5_Tail-30-20261001-21:25:17-68,attr,DectScheduledAccessNetwork.queue,frameDuration,unit,s,
Phase5_Tail-30-20261001-21:25:17-68,param,DectScheduledAccessNetwork.queue,meanType1ServiceTime,,,0.000416667s
Phase5_Tail-30-20261001-21:25:17-68,attr,DectScheduledAccessNetwork.queue,meanType1ServiceTime,unit,s,
Phase5_Tail-30-20261001-21:25:17-68,param,DectScheduledAccessNetwork.queue,deriveDectParametersFromD,,,true
Phase5_Tail-30-20261001-21:25:17-68,param,DectScheduledAccessNetwork.queue,L,,,2
Phase5_Tail-30-20261001-21:25:17-68,param,DectScheduledAccessNetwork.queue,type2ServiceTime,,,0.009s
Phase5_Tail-30-20261001-21:25:17-68,attr,DectScheduledAccessNetwork.queue,type2ServiceTime,unit,s,
Phase5_Tail-30-20261001-21:25:17-68,param,DectScheduledAccessNetwork.queue,deriveLambdaFromRho,,,true
Phase5_Tail-30-20261001-21:25:17-68,param,DectScheduledAccessNetwork.queue,rho,,,0.0762712
Phase5_Tail-30-20261001-21:25:17-68,param,DectScheduledAccessNetwork.queue,lambdaPerMs,,,0.12
Phase5_Tail-30-20261001-21:25:17-68,param,DectScheduledAccessNetwork.queue,r,,,30
Phase5_Tail-30-20261001-21:25:17-68,param,DectScheduledAccessNetwork.queue,warmupCompletedPackets,,,200000
Phase5_Tail-30-20261001-21:25:17-68,param,DectScheduledAccessNetwork.queue,targetCompletedPackets,,,1000000
Phase5_Tail-30-20261001-21:25:17-68,param,DectScheduledAccessNetwork.queue,rngIndex,,,0
Phase5_Tail-30-20261001-21:25:17-68,param,DectScheduledAccessNetwork.queue,recordVectors,,,false
Phase5_Tail-30-20261001-21:25:17-68,param,DectScheduledAccessNetwork.queue,recordTailStatistics,,,true
Phase5_Tail-30-20261001-21:25:17-68,param,DectScheduledAccessNetwork,typename,,,"""dect2020scheduledaccess.DectScheduledAccessNetwork"""
Phase5_Tail-31-20261001-21:25:18-68,param,DectScheduledAccessNetwork.queue,typename,,,"""dect2020scheduledaccess.ScheduledAccessQueue"""
Phase5_Tail-31-20261001-21:25:18-68,param,DectScheduledAccessNetwork.queue,D,,,10
Phase5_Tail-31-20261001-21:25:18-68,param,DectScheduledAccessNetwork.queue,frameDuration,,,0.01s
Phase5_Tail-31-20261001-21:25:18-68,attr,DectScheduledAccessNetwork.queue,frameDuration,unit,s,
Phase5_Tail-31-20261001-21:25:18-68,param,DectScheduledAccessNetwork.queue,meanType1ServiceTime,,,0.000416667s
Phase5_Tail-31-20261001-21:25:18-68,attr,DectScheduledAccessNetwork.queue,meanType1ServiceTime,unit,s,
Phase5_Tail-31-20261001-21:25:18-68,param,DectScheduledAccessNetwork.queue,deriveDectParametersFromD,,,true
Phase5_Tail-31-20261001-21:25:18-68,param,DectScheduledAccessNetwork.queue,L,,,2
Phase5_Tail-31-20261001-21:25:18-68,param,DectScheduledAccessNetwork.queue,type2ServiceTime,,,0.009s
Phase5_Tail-31-20261001-21:25:18-68,attr,DectScheduledAccessNetwork.queue,type2ServiceTime,unit,s,
Phase5_Tail-31-20261001-21:25:18-68,param,DectScheduledAccessNetwork.queue,deriveLambdaFromRho,,,true
Phase5_Tail-31-20261001-21:25:18-68,param,DectScheduledAccessNetwork.queue,rho,,,0.0762712
Phase5_Tail-31-20261001-21:25:18-68,param,DectScheduledAccessNetwork.queue,lambdaPerMs,,,0.12
Phase5_Tail-31-20261001-21:25:18-68,param,DectScheduledAccessNetwork.queue,r,,,30
Phase5_Tail-31-20261001-21:25:18-68,param,DectScheduledAccessNetwork.queue,warmupCompletedPackets,,,200000
Phase5_Tail-31-20261001-21:25:18-68,param,DectScheduledAccessNetwork.queue,targetCompletedPackets,,,1000000
Phase5_Tail-31-20261001-21:25:18-68,param,DectScheduledAccessNetwork.queue,rngIndex,,,0
Phase5_Tail-31-20261001-21:25:18-68,param,DectScheduledAccessNetwork.queue,recordVectors,,,false
Phase5_Tail-31-20261001-21:25:18-68,param,DectScheduledAccessNetwork.queue,recordTailStatistics,,,true
Phase5_Tail-31-20261001-21:25:18-68,param,DectScheduledAccessNetwork,typename,,,"""dect2020scheduledaccess.DectScheduledAccessNetwork"""
Phase5_Tail-32-20261001-21:25:18-68,param,DectScheduledAccessNetwork.queue,typename,,,"""dect2020scheduledaccess.ScheduledAccessQueue"""
Phase5_Tail-32-20261001-21:25:18-68,param,DectScheduledAccessNetwork.queue,D,,,10
Phase5_Tail-32-20261001-21:25:18-68,param,DectScheduledAccessNetwork.queue,frameDuration,,,0.01s
Phase5_Tail-32-20261001-21:25:18-68,attr,DectScheduledAccessNetwork.queue,frameDuration,unit,s,
Phase5_Tail-32-20261001-21:25:18-68,param,DectScheduledAccessNetwork.queue,meanType1ServiceTime,,,0.000416667s
Phase5_Tail-32-20261001-21:25:18-68,attr,DectScheduledAccessNetwork.queue,meanType1ServiceTime,unit,s,
Phase5_Tail-32-20261001-21:25:18-68,param,DectScheduledAccessNetwork.queue,deriveDectParametersFromD,,,true
Phase5_Tail-32-20261001-21:25:18-68,param,DectScheduledAccessNetwork.queue,L,,,2
Phase5_Tail-32-20261001-21:25:18-68,param,DectScheduledAccessNetwork.queue,type2ServiceTime,,,0.009s
Phase5_Tail-32-20261001-21:25:18-68,attr,DectScheduledAccessNetwork.queue,type2ServiceTime,unit,s,
Phase5_Tail-32-20261001-21:25:18-68,param,DectScheduledAccessNetwork.queue,deriveLambdaFromRho,,,true
Phase5_Tail-32-20261001-21:25:18-68,param,DectScheduledAccessNetwork.queue,rho,,,0.0762712
Phase5_Tail-32-20261001-21:25:18-68,param,DectScheduledAccessNetwork.queue,lambdaPerMs,,,0.12
Phase5_Tail-32-20261001-21:25:18-68,param,DectScheduledAccessNetwork.queue,r,,,30
Phase5_Tail-32-20261001-21:25:18-68,param,DectScheduledAccessNetwork.queue,warmupCompletedPackets,,,200000
Phase5_Tail-32-20261001-21:25:18-68,param,DectScheduledAccessNetwork.queue,targetCompletedPackets,,,1000000
Phase5_Tail-32-20261001-21:25:18-68,param,DectScheduledAccessNetwork.queue,rngIndex,,,0
Phase5_Tail-32-20261001-21:25:18-68,param,DectScheduledAccessNetwork.queue,recordVectors,,,false
Phase5_Tail-32-20261001-21:25:18-68,param,DectScheduledAccessNetwork.queue,recordTailStatistics,,,true
Phase5_Tail-32-20261001-21:25:18-68,param,DectScheduledAccessNetwork,typename,,,"""dect2020scheduledaccess.DectScheduledAccessNetwork"""
Phase5_Tail-33-20261001-21:25:18-68,param,DectScheduledAccessNetwork.queue,typename,,,"""dect2020scheduledaccess.ScheduledAccessQueue"""
Phase5_Tail-33-20261001-21:25:18-68,param,DectScheduledAccessNetwork.queue,D,,,10
Phase5_Tail-33-20261001-21:25:18-68,param,DectScheduledAccessNetwork.queue,frameDuration,,,0.01s
Phase5_Tail-33-20261001-21:25:18-68,attr,DectScheduledAccessNetwork.queue,frameDuration,unit,s,
Phase5_Tail-33-20261001-21:25:18-68,param,DectScheduledAccessNetwork.queue,meanType1ServiceTime,,,0.000416667s
Phase5_Tail-33-20261001-21:25:18-68,attr,DectScheduledAccessNetwork.queue,meanType1ServiceTime,unit,s,
Phase5_Tail-33-20261001-21:25:18-68,param,DectScheduledAccessNetwork.queue,deriveDectParametersFromD,,,true
Phase5_Tail-33-20261001-21:25:18-68,param,DectScheduledAccessNetwork.queue,L,,,2
Phase5_Tail-33-20261001-21:25:18-68,param,DectScheduledAccessNetwork.queue,type2ServiceTime,,,0.009s
Phase5_Tail-33-20261001-21:25:18-68,attr,DectScheduledAccessNetwork.queue,type2ServiceTime,unit,s,
Phase5_Tail-33-20261001-21:25:18-68,param,DectScheduledAccessNetwork.queue,deriveLambdaFromRho,,,true
Phase5_Tail-33-20261001-21:25:18-68,param,DectScheduledAccessNetwork.queue,rho,,,0.0762712
Phase5_Tail-33-20261001-21:25:18-68,param,DectScheduledAccessNetwork.queue,lambdaPerMs,,,0.12
Phase5_Tail-33-20261001-21:25:18-68,param,DectScheduledAccessNetwork.queue,r,,,30
Phase5_Tail-33-20261001-21:25:18-68,param,DectScheduledAccessNetwork.queue,warmupCompletedPackets,,,200000
Phase5_Tail-33-20261001-21:25:18-68,param,DectScheduledAccessNetwork.queue,targetCompletedPackets,,,1000000
Phase5_Tail-33-20261001-21:25:18-68,param,DectScheduledAccessNetwork.queue,rngIndex,,,0
Phase5_Tail-33-20261001-21:25:18-68,param,DectScheduledAccessNetwork.queue,recordVectors,,,false
Phase5_Tail-33-20261001-21:25:18-68,param,DectScheduledAccessNetwork.queue,recordTailStatistics,,,true
Phase5_Tail-33-20261001-21:25:18-68,param,DectScheduledAccessNetwork,typename,,,"""dect2020scheduledaccess.DectScheduledAccessNetwork"""
Phase5_Tail-34-20261001-21:25:19-68,param,DectScheduledAccessNetwork.queue,typename,,,"""dect2020scheduledaccess.ScheduledAccessQueue"""
Phase5_Tail-34-20261001-21:25:19-68,param,DectScheduledAccessNetwork.queue,D,,,10
Phase5_Tail-34-20261001-21:25:19-68,param,DectScheduledAccessNetwork.queue,frameDuration,,,0.01s
Phase5_Tail-34-20261001-21:25:19-68,attr,DectScheduledAccessNetwork.queue,frameDuration,unit,s,
Phase5_Tail-34-20261001-21:25:19-68,param,DectScheduledAccessNetwork.queue,meanType1ServiceTime,,,0.000416667s
Phase5_Tail-34-20261001-21:25:19-68,attr,DectScheduledAccessNetwork.queue,meanType1ServiceTime,unit,s,
Phase5_Tail-34-20261001-21:25:19-68,param,DectScheduledAccessNetwork.queue,deriveDectParametersFromD,,,true
Phase5_Tail-34-20261001-21:25:19-68,param,DectScheduledAccessNetwork.queue,L,,,2
Phase5_Tail-34-20261001-21:25:19-68,param,DectScheduledAccessNetwork.queue,type2ServiceTime,,,0.009s
Phase5_Tail-34-20261001-21:25:19-68,attr,DectScheduledAccessNetwork.queue,type2ServiceTime,unit,s,
Phase5_Tail-34-20261001-21:25:19-68,param,DectScheduledAccessNetwork.queue,deriveLambdaFromRho,,,true
Phase5_Tail-34-20261001-21:25:19-68,param,DectScheduledAccessNetwork.queue,rho,,,0.0762712
Phase5_Tail-34-20261001-21:25:19-68,param,DectScheduledAccessNetwork.queue,lambdaPerMs,,,0.12
Phase5_Tail-34-20261001-21:25:19-68,param,DectScheduledAccessNetwork.queue,r,,,30
Phase5_Tail-34-20261001-21:25:19-68,param,DectScheduledAccessNetwork.queue,warmupCompletedPackets,,,200000
Phase5_Tail-34-20261001-21:25:19-68,param,DectScheduledAccessNetwork.queue,targetCompletedPackets,,,1000000
Phase5_Tail-34-20261001-21:25:19-68,param,DectScheduledAccessNetwork.queue,rngIndex,,,0
Phase5_Tail-34-20261001-21:25:19-68,param,DectScheduledAccessNetwork.queue,recordVectors,,,false
Phase5_Tail-34-20261001-21:25:19-68,param,DectScheduledAccessNetwork.queue,recordTailStatistics,,,true
Phase5_Tail-34-20261001-21:25:19-68,param,DectScheduledAccessNetwork,typename,,,"""dect2020scheduledaccess.DectScheduledAccessNetwork"""
Phase5_Tail-35-20261001-21:25:19-68,param,DectScheduledAccessNetwork.queue,typename,,,"""dect2020scheduledaccess.ScheduledAccessQueue"""
Phase5_Tail-35-20261001-21:25:19-68,param,DectScheduledAccessNetwork.queue,D,,,10
Phase5_Tail-35-20261001-21:25:19-68,param,DectScheduledAccessNetwork.queue,frameDuration,,,0.01s
Phase5_Tail-35-20261001-21:25:19-68,attr,DectScheduledAccessNetwork.queue,frameDuration,unit,s,
Phase5_Tail-35-20261001-21:25:19-68,param,DectScheduledAccessNetwork.queue,meanType1ServiceTime,,,0.000416667s
Phase5_Tail-35-20261001-21:25:19-68,attr,DectScheduledAccessNetwork.queue,meanType1ServiceTime,unit,s,
Phase5_Tail-35-20261001-21:25:19-68,param,DectScheduledAccessNetwork.queue,deriveDectParametersFromD,,,true
Phase5_Tail-35-20261001-21:25:19-68,param,DectScheduledAccessNetwork.queue,L,,,2
Phase5_Tail-35-20261001-21:25:19-68,param,DectScheduledAccessNetwork.queue,type2ServiceTime,,,0.009s
Phase5_Tail-35-20261001-21:25:19-68,attr,DectScheduledAccessNetwork.queue,type2ServiceTime,unit,s,
Phase5_Tail-35-20261001-21:25:19-68,param,DectScheduledAccessNetwork.queue,deriveLambdaFromRho,,,true
Phase5_Tail-35-20261001-21:25:19-68,param,DectScheduledAccessNetwork.queue,rho,,,0.0762712
Phase5_Tail-35-20261001-21:25:19-68,param,DectScheduledAccessNetwork.queue,lambdaPerMs,,,0.12
Phase5_Tail-35-20261001-21:25:19-68,param,DectScheduledAccessNetwork.queue,r,,,30
Phase5_Tail-35-20261001-21:25:19-68,param,DectScheduledAccessNetwork.queue,warmupCompletedPackets,,,200000
Phase5_Tail-35-20261001-21:25:19-68,param,DectScheduledAccessNetwork.queue,targetCompletedPackets,,,1000000
Phase5_Tail-35-20261001-21:25:19-68,param,DectScheduledAccessNetwork.queue,rngIndex,,,0
Phase5_Tail-35-20261001-21:25:19-68,param,DectScheduledAccessNetwork.queue,recordVectors,,,false
Phase5_Tail-35-20261001-21:25:19-68,param,DectScheduledAccessNetwork.queue,recordTailStatistics,,,true
Phase5_Tail-35-20261001-21:25:19-68,param,DectScheduledAccessNetwork,typename,,,"""dect2020scheduledaccess.DectScheduledAccessNetwork"""
Phase5_Tail-36-20261001-21:25:19-68,param,DectScheduledAccessNetwork.queue,typename,,,"""dect2020scheduledaccess.ScheduledAccessQueue"""
Phase5_Tail-36-20261001-21:25:19-68,param,DectScheduledAccessNetwork.queue,D,,,10
Phase5_Tail-36-20261001-21:25:19-68,param,DectScheduledAccessNetwork.queue,frameDuration,,,0.01s
Phase5_Tail-36-20261001-21:25:19-68,attr,DectScheduledAccessNetwork.queue,frameDuration,unit,s,
Phase5_Tail-36-20261001-21:25:19-68,param,DectScheduledAccessNetwork.queue,meanType1ServiceTime,,,0.000416667s
Phase5_Tail-36-20261001-21:25:19-68,attr,DectScheduledAccessNetwork.queue,meanType1ServiceTime,unit,s,
Phase5_Tail-36-20261001-21:25:19-68,param,DectScheduledAccessNetwork.queue,deriveDectParametersFromD,,,true
Phase5_Tail-36-20261001-21:25:19-68,param,DectScheduledAccessNetwork.queue,L,,,2
Phase5_Tail-36-20261001-21:25:19-68,param,DectScheduledAccessNetwork.queue,type2ServiceTime,,,0.009s
Phase5_Tail-36-20261001-21:25:19-68,attr,DectScheduledAccessNetwork.queue,type2ServiceTime,unit,s,
Phase5_Tail-36-20261001-21:25:19-68,param,DectScheduledAccessNetwork.queue,deriveLambdaFromRho,,,true
Phase5_Tail-36-20261001-21:25:19-68,param,DectScheduledAccessNetwork.queue,rho,,,0.0762712
Phase5_Tail-36-20261001-21:25:19-68,param,DectScheduledAccessNetwork.queue,lambdaPerMs,,,0.12
Phase5_Tail-36-20261001-21:25:19-68,param,DectScheduledAccessNetwork.queue,r,,,30
Phase5_Tail-36-20261001-21:25:19-68,param,DectScheduledAccessNetwork.queue,warmupCompletedPackets,,,200000
Phase5_Tail-36-20261001-21:25:19-68,param,DectScheduledAccessNetwork.queue,targetCompletedPackets,,,1000000
Phase5_Tail-36-20261001-21:25:19-68,param,DectScheduledAccessNetwork.queue,rngIndex,,,0
Phase5_Tail-36-20261001-21:25:19-68,param,DectScheduledAccessNetwork.queue,recordVectors,,,false
Phase5_Tail-36-20261001-21:25:19-68,param,DectScheduledAccessNetwork.queue,recordTailStatistics,,,true
Phase5_Tail-36-20261001-21:25:19-68,param,DectScheduledAccessNetwork,typename,,,"""dect2020scheduledaccess.DectScheduledAccessNetwork"""
Phase5_Tail-37-20261001-21:25:20-68,param,DectScheduledAccessNetwork.queue,typename,,,"""dect2020scheduledaccess.ScheduledAccessQueue"""
Phase5_Tail-37-20261001-21:25:20-68,param,DectScheduledAccessNetwork.queue,D,,,10
Phase5_Tail-37-20261001-21:25:20-68,param,DectScheduledAccessNetwork.queue,frameDuration,,,0.01s
Phase5_Tail-37-20261001-21:25:20-68,attr,DectScheduledAccessNetwork.queue,frameDuration,unit,s,
Phase5_Tail-37-20261001-21:25:20-68,param,DectScheduledAccessNetwork.queue,meanType1ServiceTime,,,0.000416667s
Phase5_Tail-37-20261001-21:25:20-68,attr,DectScheduledAccessNetwork.queue,meanType1ServiceTime,unit,s,
Phase5_Tail-37-20261001-21:25:20-68,param,DectScheduledAccessNetwork.queue,deriveDectParametersFromD,,,true
Phase5_Tail-37-20261001-21:25:20-68,param,DectScheduledAccessNetwork.queue,L,,,2
Phase5_Tail-37-20261001-21:25:20-68,param,DectScheduledAccessNetwork.queue,type2ServiceTime,,,0.009s
Phase5_Tail-37-20261001-21:25:20-68,attr,DectScheduledAccessNetwork.queue,type2ServiceTime,unit,s,
Phase5_Tail-37-20261001-21:25:20-68,param,DectScheduledAccessNetwork.queue,deriveLambdaFromRho,,,true
Phase5_Tail-37-20261001-21:25:20-68,param,DectScheduledAccessNetwork.queue,rho,,,0.0762712
Phase5_Tail-37-20261001-21:25:20-68,param,DectScheduledAccessNetwork.queue,lambdaPerMs,,,0.12
Phase5_Tail-37-20261001-21:25:20-68,param,DectScheduledAccessNetwork.queue,r,,,30
Phase5_Tail-37-20261001-21:25:20-68,param,DectScheduledAccessNetwork.queue,warmupCompletedPackets,,,200000
Phase5_Tail-37-20261001-21:25:20-68,param,DectScheduledAccessNetwork.queue,targetCompletedPackets,,,1000000
Phase5_Tail-37-20261001-21:25:20-68,param,DectScheduledAccessNetwork.queue,rngIndex,,,0
Phase5_Tail-37-20261001-21:25:20-68,param,DectScheduledAccessNetwork.queue,recordVectors,,,false
Phase5_Tail-37-20261001-21:25:20-68,param,DectScheduledAccessNetwork.queue,recordTailStatistics,,,true
Phase5_Tail-37-20261001-21:25:20-68,param,DectScheduledAccessNetwork,typename,,,"""dect2020scheduledaccess.DectScheduledAccessNetwork"""
Phase5_Tail-38-20261001-21:25:20-68,param,DectScheduledAccessNetwork.queue,typename,,,"""dect2020scheduledaccess.ScheduledAccessQueue"""
Phase5_Tail-38-20261001-21:25:20-68,param,DectScheduledAccessNetwork.queue,D,,,10
Phase5_Tail-38-20261001-21:25:20-68,param,DectScheduledAccessNetwork.queue,frameDuration,,,0.01s
Phase5_Tail-38-20261001-21:25:20-68,attr,DectScheduledAccessNetwork.queue,frameDuration,unit,s,
Phase5_Tail-38-20261001-21:25:20-68,param,DectScheduledAccessNetwork.queue,meanType1ServiceTime,,,0.000416667s
Phase5_Tail-38-20261001-21:25:20-68,attr,DectScheduledAccessNetwork.queue,meanType1ServiceTime,unit,s,
Phase5_Tail-38-20261001-21:25:20-68,param,DectScheduledAccessNetwork.queue,deriveDectParametersFromD,,,true
Phase5_Tail-38-20261001-21:25:20-68,param,DectScheduledAccessNetwork.queue,L,,,2
Phase5_Tail-38-20261001-21:25:20-68,param,DectScheduledAccessNetwork.queue,type2ServiceTime,,,0.009s
Phase5_Tail-38-20261001-21:25:20-68,attr,DectScheduledAccessNetwork.queue,type2ServiceTime,unit,s,
Phase5_Tail-38-20261001-21:25:20-68,param,DectScheduledAccessNetwork.queue,deriveLambdaFromRho,,,true
Phase5_Tail-38-20261001-21:25:20-68,param,DectScheduledAccessNetwork.queue,rho,,,0.0762712
Phase5_Tail-38-20261001-21:25:20-68,param,DectScheduledAccessNetwork.queue,lambdaPerMs,,,0.12
Phase5_Tail-38-20261001-21:25:20-68,param,DectScheduledAccessNetwork.queue,r,,,30
Phase5_Tail-38-20261001-21:25:20-68,param,DectScheduledAccessNetwork.queue,warmupCompletedPackets,,,200000
Phase5_Tail-38-20261001-21:25:20-68,param,DectScheduledAccessNetwork.queue,targetCompletedPackets,,,1000000
Phase5_Tail-38-20261001-21:25:20-68,param,DectScheduledAccessNetwork.queue,rngIndex,,,0
Phase5_Tail-38-20261001-21:25:20-68,param,DectScheduledAccessNetwork.queue,recordVectors,,,false
Phase5_Tail-38-20261001-21:25:20-68,param,DectScheduledAccessNetwork.queue,recordTailStatistics,,,true
Phase5_Tail-38-20261001-21:25:20-68,param,DectScheduledAccessNetwork,typename,,,"""dect2020scheduledaccess.DectScheduledAccessNetwork"""
Phase5_Tail-39-20261001-21:25:20-68,param,DectScheduledAccessNetwork.queue,typename,,,"""dect2020scheduledaccess.ScheduledAccessQueue"""
Phase5_Tail-39-20261001-21:25:20-68,param,DectScheduledAccessNetwork.queue,D,,,10
Phase5_Tail-39-20261001-21:25:20-68,param,DectScheduledAccessNetwork.queue,frameDuration,,,0.01s
Phase5_Tail-39-20261001-21:25:20-68,attr,DectScheduledAccessNetwork.queue,frameDuration,unit,s,
Phase5_Tail-39-20261001-21:25:20-68,param,DectScheduledAccessNetwork.queue,meanType1ServiceTime,,,0.000416667s
Phase5_Tail-39-20261001-21:25:20-68,attr,DectScheduledAccessNetwork.queue,meanType1ServiceTime,unit,s,
Phase5_Tail-39-20261001-21:25:20-68,param,DectScheduledAccessNetwork.queue,deriveDectParametersFromD,,,true
Phase5_Tail-39-20261001-21:25:20-68,param,DectScheduledAccessNetwork.queue,L,,,2
Phase5_Tail-39-20261001-21:25:20-68,param,DectScheduledAccessNetwork.queue,type2ServiceTime,,,0.009s
Phase5_Tail-39-20261001-21:25:20-68,attr,DectScheduledAccessNetwork.queue,type2ServiceTime,unit,s,
Phase5_Tail-39-20261001-21:25:20-68,param,DectScheduledAccessNetwork.queue,deriveLambdaFromRho,,,true
Phase5_Tail-39-20261001-21:25:20-68,param,DectScheduledAccessNetwork.queue,rho,,,0.0762712
Phase5_Tail-39-20261001-21:25:20-68,param,DectScheduledAccessNetwork.queue,lambdaPerMs,,,0.12
Phase5_Tail-39-20261001-21:25:20-68,param,DectScheduledAccessNetwork.queue,r,,,30
Phase5_Tail-39-20261001-21:25:20-68,param,DectScheduledAccessNetwork.queue,warmupCompletedPackets,,,200000
Phase5_Tail-39-20261001-21:25:20-68,param,DectScheduledAccessNetwork.queue,targetCompletedPackets,,,1000000
Phase5_Tail-39-20261001-21:25:20-68,param,DectScheduledAccessNetwork.queue,rngIndex,,,0
Phase5_Tail-39-20261001-21:25:20-68,param,DectScheduledAccessNetwork.queue,recordVectors,,,false
Phase5_Tail-39-20261001-21:25:20-68,param,DectScheduledAccessNetwork.queue,recordTailStatistics,,,true
Phase5_Tail-39-20261001-21:25:20-68,param,DectScheduledAccessNetwork,typename,,,"""dect2020scheduledaccess.DectScheduledAccessNetwork"""
Phase5_Tail-40-20261001-21:25:21-68,param,DectScheduledAccessNetwork.queue,typename,,,"""dect2020scheduledaccess.ScheduledAccessQueue"""
Phase5_Tail-40-20261001-21:25:21-68,param,DectScheduledAccessNetwork.queue,D,,,10
Phase5_Tail-40-20261001-21:25:21-68,param,DectScheduledAccessNetwork.queue,frameDuration,,,0.01s
Phase5_Tail-40-20261001-21:25:21-68,attr,DectScheduledAccessNetwork.queue,frameDuration,unit,s,
Phase5_Tail-40-20261001-21:25:21-68,param,DectScheduledAccessNetwork.queue,meanType1ServiceTime,,,0.000416667s
Phase5_Tail-40-20261001-21:25:21-68,attr,DectScheduledAccessNetwork.queue,meanType1ServiceTime,unit,s,
Phase5_Tail-40-20261001-21:25:21-68,param,DectScheduledAccessNetwork.queue,deriveDectParametersFromD,,,true
Phase5_Tail-40-20261001-21:25:21-68,param,DectScheduledAccessNetwork.queue,L,,,2
Phase5_Tail-40-20261001-21:25:21-68,param,DectScheduledAccessNetwork.queue,type2ServiceTime,,,0.009s
Phase5_Tail-40-20261001-21:25:21-68,attr,DectScheduledAccessNetwork.queue,type2ServiceTime,unit,s,
Phase5_Tail-40-20261001-21:25:21-68,param,DectScheduledAccessNetwork.queue,deriveLambdaFromRho,,,true
Phase5_Tail-40-20261001-21:25:21-68,param,DectScheduledAccessNetwork.queue,rho,,,0.0847458
Phase5_Tail-40-20261001-21:25:21-68,param,DectScheduledAccessNetwork.queue,lambdaPerMs,,,0.12
Phase5_Tail-40-20261001-21:25:21-68,param,DectScheduledAccessNetwork.queue,r,,,30
Phase5_Tail-40-20261001-21:25:21-68,param,DectScheduledAccessNetwork.queue,warmupCompletedPackets,,,200000
Phase5_Tail-40-20261001-21:25:21-68,param,DectScheduledAccessNetwork.queue,targetCompletedPackets,,,1000000
Phase5_Tail-40-20261001-21:25:21-68,param,DectScheduledAccessNetwork.queue,rngIndex,,,0
Phase5_Tail-40-20261001-21:25:21-68,param,DectScheduledAccessNetwork.queue,recordVectors,,,false
Phase5_Tail-40-20261001-21:25:21-68,param,DectScheduledAccessNetwork.queue,recordTailStatistics,,,true
Phase5_Tail-40-20261001-21:25:21-68,param,DectScheduledAccessNetwork,typename,,,"""dect2020scheduledaccess.DectScheduledAccessNetwork"""
Phase5_Tail-41-20261001-21:25:21-68,param,DectScheduledAccessNetwork.queue,typename,,,"""dect2020scheduledaccess.ScheduledAccessQueue"""
Phase5_Tail-41-20261001-21:25:21-68,param,DectScheduledAccessNetwork.queue,D,,,10
Phase5_Tail-41-20261001-21:25:21-68,param,DectScheduledAccessNetwork.queue,frameDuration,,,0.01s
Phase5_Tail-41-20261001-21:25:21-68,attr,DectScheduledAccessNetwork.queue,frameDuration,unit,s,
Phase5_Tail-41-20261001-21:25:21-68,param,DectScheduledAccessNetwork.queue,meanType1ServiceTime,,,0.000416667s
Phase5_Tail-41-20261001-21:25:21-68,attr,DectScheduledAccessNetwork.queue,meanType1ServiceTime,unit,s,
Phase5_Tail-41-20261001-21:25:21-68,param,DectScheduledAccessNetwork.queue,deriveDectParametersFromD,,,true
Phase5_Tail-41-20261001-21:25:21-68,param,DectScheduledAccessNetwork.queue,L,,,2
Phase5_Tail-41-20261001-21:25:21-68,param,DectScheduledAccessNetwork.queue,type2ServiceTime,,,0.009s
Phase5_Tail-41-20261001-21:25:21-68,attr,DectScheduledAccessNetwork.queue,type2ServiceTime,unit,s,
Phase5_Tail-41-20261001-21:25:21-68,param,DectScheduledAccessNetwork.queue,deriveLambdaFromRho,,,true
Phase5_Tail-41-20261001-21:25:21-68,param,DectScheduledAccessNetwork.queue,rho,,,0.0847458
Phase5_Tail-41-20261001-21:25:21-68,param,DectScheduledAccessNetwork.queue,lambdaPerMs,,,0.12
Phase5_Tail-41-20261001-21:25:21-68,param,DectScheduledAccessNetwork.queue,r,,,30
Phase5_Tail-41-20261001-21:25:21-68,param,DectScheduledAccessNetwork.queue,warmupCompletedPackets,,,200000
Phase5_Tail-41-20261001-21:25:21-68,param,DectScheduledAccessNetwork.queue,targetCompletedPackets,,,1000000
Phase5_Tail-41-20261001-21:25:21-68,param,DectScheduledAccessNetwork.queue,rngIndex,,,0
Phase5_Tail-41-20261001-21:25:21-68,param,DectScheduledAccessNetwork.queue,recordVectors,,,false
Phase5_Tail-41-20261001-21:25:21-68,param,DectScheduledAccessNetwork.queue,recordTailStatistics,,,true
Phase5_Tail-41-20261001-21:25:21-68,param,DectScheduledAccessNetwork,typename,,,"""dect2020scheduledaccess.DectScheduledAccessNetwork"""
Phase5_Tail-42-20261001-21:25:21-68,param,DectScheduledAccessNetwork.queue,typename,,,"""dect2020scheduledaccess.ScheduledAccessQueue"""
Phase5_Tail-42-20261001-21:25:21-68,param,DectScheduledAccessNetwork.queue,D,,,10
Phase5_Tail-42-20261001-21:25:21-68,param,DectScheduledAccessNetwork.queue,frameDuration,,,0.01s
Phase5_Tail-42-20261001-21:25:21-68,attr,DectScheduledAccessNetwork.queue,frameDuration,unit,s,
Phase5_Tail-42-20261001-21:25:21-68,param,DectScheduledAccessNetwork.queue,meanType1ServiceTime,,,0.000416667s
Phase5_Tail-42-20261001-21:25:21-68,attr,DectScheduledAccessNetwork.queue,meanType1ServiceTime,unit,s,
Phase5_Tail-42-20261001-21:25:21-68,param,DectScheduledAccessNetwork.queue,deriveDectParametersFromD,,,true
Phase5_Tail-42-20261001-21:25:21-68,param,DectScheduledAccessNetwork.queue,L,,,2
Phase5_Tail-42-20261001-21:25:21-68,param,DectScheduledAccessNetwork.queue,type2ServiceTime,,,0.009s
Phase5_Tail-42-20261001-21:25:21-68,attr,DectScheduledAccessNetwork.queue,type2ServiceTime,unit,s,
Phase5_Tail-42-20261001-21:25:21-68,param,DectScheduledAccessNetwork.queue,deriveLambdaFromRho,,,true
Phase5_Tail-42-20261001-21:25:21-68,param,DectScheduledAccessNetwork.queue,rho,,,0.0847458
Phase5_Tail-42-20261001-21:25:21-68,param,DectScheduledAccessNetwork.queue,lambdaPerMs,,,0.12
Phase5_Tail-42-20261001-21:25:21-68,param,DectScheduledAccessNetwork.queue,r,,,30
Phase5_Tail-42-20261001-21:25:21-68,param,DectScheduledAccessNetwork.queue,warmupCompletedPackets,,,200000
Phase5_Tail-42-20261001-21:25:21-68,param,DectScheduledAccessNetwork.queue,targetCompletedPackets,,,1000000
Phase5_Tail-42-20261001-21:25:21-68,param,DectScheduledAccessNetwork.queue,rngIndex,,,0
Phase5_Tail-42-20261001-21:25:21-68,param,DectScheduledAccessNetwork.queue,recordVectors,,,false
Phase5_Tail-42-20261001-21:25:21-68,param,DectScheduledAccessNetwork.queue,recordTailStatistics,,,true
Phase5_Tail-42-20261001-21:25:21-68,param,DectScheduledAccessNetwork,typename,,,"""dect2020scheduledaccess.DectScheduledAccessNetwork"""
Phase5_Tail-43-20261001-21:25:22-68,param,DectScheduledAccessNetwork.queue,typename,,,"""dect2020scheduledaccess.ScheduledAccessQueue"""
Phase5_Tail-43-20261001-21:25:22-68,param,DectScheduledAccessNetwork.queue,D,,,10
Phase5_Tail-43-20261001-21:25:22-68,param,DectScheduledAccessNetwork.queue,frameDuration,,,0.01s
Phase5_Tail-43-20261001-21:25:22-68,attr,DectScheduledAccessNetwork.queue,frameDuration,unit,s,
Phase5_Tail-43-20261001-21:25:22-68,param,DectScheduledAccessNetwork.queue,meanType1ServiceTime,,,0.000416667s
Phase5_Tail-43-20261001-21:25:22-68,attr,DectScheduledAccessNetwork.queue,meanType1ServiceTime,unit,s,
Phase5_Tail-43-20261001-21:25:22-68,param,DectScheduledAccessNetwork.queue,deriveDectParametersFromD,,,true
Phase5_Tail-43-20261001-21:25:22-68,param,DectScheduledAccessNetwork.queue,L,,,2
Phase5_Tail-43-20261001-21:25:22-68,param,DectScheduledAccessNetwork.queue,type2ServiceTime,,,0.009s
Phase5_Tail-43-20261001-21:25:22-68,attr,DectScheduledAccessNetwork.queue,type2ServiceTime,unit,s,
Phase5_Tail-43-20261001-21:25:22-68,param,DectScheduledAccessNetwork.queue,deriveLambdaFromRho,,,true
Phase5_Tail-43-20261001-21:25:22-68,param,DectScheduledAccessNetwork.queue,rho,,,0.0847458
Phase5_Tail-43-20261001-21:25:22-68,param,DectScheduledAccessNetwork.queue,lambdaPerMs,,,0.12
Phase5_Tail-43-20261001-21:25:22-68,param,DectScheduledAccessNetwork.queue,r,,,30
Phase5_Tail-43-20261001-21:25:22-68,param,DectScheduledAccessNetwork.queue,warmupCompletedPackets,,,200000
Phase5_Tail-43-20261001-21:25:22-68,param,DectScheduledAccessNetwork.queue,targetCompletedPackets,,,1000000
Phase5_Tail-43-20261001-21:25:22-68,param,DectScheduledAccessNetwork.queue,rngIndex,,,0
Phase5_Tail-43-20261001-21:25:22-68,param,DectScheduledAccessNetwork.queue,recordVectors,,,false
Phase5_Tail-43-20261001-21:25:22-68,param,DectScheduledAccessNetwork.queue,recordTailStatistics,,,true
Phase5_Tail-43-20261001-21:25:22-68,param,DectScheduledAccessNetwork,typename,,,"""dect2020scheduledaccess.DectScheduledAccessNetwork"""
Phase5_Tail-44-20261001-21:25:22-68,param,DectScheduledAccessNetwork.queue,typename,,,"""dect2020scheduledaccess.ScheduledAccessQueue"""
Phase5_Tail-44-20261001-21:25:22-68,param,DectScheduledAccessNetwork.queue,D,,,10
Phase5_Tail-44-20261001-21:25:22-68,param,DectScheduledAccessNetwork.queue,frameDuration,,,0.01s
Phase5_Tail-44-20261001-21:25:22-68,attr,DectScheduledAccessNetwork.queue,frameDuration,unit,s,
Phase5_Tail-44-20261001-21:25:22-68,param,DectScheduledAccessNetwork.queue,meanType1ServiceTime,,,0.000416667s
Phase5_Tail-44-20261001-21:25:22-68,attr,DectScheduledAccessNetwork.queue,meanType1ServiceTime,unit,s,
Phase5_Tail-44-20261001-21:25:22-68,param,DectScheduledAccessNetwork.queue,deriveDectParametersFromD,,,true
Phase5_Tail-44-20261001-21:25:22-68,param,DectScheduledAccessNetwork.queue,L,,,2
Phase5_Tail-44-20261001-21:25:22-68,param,DectScheduledAccessNetwork.queue,type2ServiceTime,,,0.009s
Phase5_Tail-44-20261001-21:25:22-68,attr,DectScheduledAccessNetwork.queue,type2ServiceTime,unit,s,
Phase5_Tail-44-20261001-21:25:22-68,param,DectScheduledAccessNetwork.queue,deriveLambdaFromRho,,,true
Phase5_Tail-44-20261001-21:25:22-68,param,DectScheduledAccessNetwork.queue,rho,,,0.0847458
Phase5_Tail-44-20261001-21:25:22-68,param,DectScheduledAccessNetwork.queue,lambdaPerMs,,,0.12
Phase5_Tail-44-20261001-21:25:22-68,param,DectScheduledAccessNetwork.queue,r,,,30
Phase5_Tail-44-20261001-21:25:22-68,param,DectScheduledAccessNetwork.queue,warmupCompletedPackets,,,200000
Phase5_Tail-44-20261001-21:25:22-68,param,DectScheduledAccessNetwork.queue,targetCompletedPackets,,,1000000
Phase5_Tail-44-20261001-21:25:22-68,param,DectScheduledAccessNetwork.queue,rngIndex,,,0
Phase5_Tail-44-20261001-21:25:22-68,param,DectScheduledAccessNetwork.queue,recordVectors,,,false
Phase5_Tail-44-20261001-21:25:22-68,param,DectScheduledAccessNetwork.queue,recordTailStatistics,,,true
Phase5_Tail-44-20261001-21:25:22-68,param,DectScheduledAccessNetwork,typename,,,"""dect2020scheduledaccess.DectScheduledAccessNetwork"""
Phase5_Tail-45-20261001-21:25:22-68,param,DectScheduledAccessNetwork.queue,typename,,,"""dect2020scheduledaccess.ScheduledAccessQueue"""
Phase5_Tail-45-20261001-21:25:22-68,param,DectScheduledAccessNetwork.queue,D,,,10
Phase5_Tail-45-20261001-21:25:22-68,param,DectScheduledAccessNetwork.queue,frameDuration,,,0.01s
Phase5_Tail-45-20261001-21:25:22-68,attr,DectScheduledAccessNetwork.queue,frameDuration,unit,s,
Phase5_Tail-45-20261001-21:25:22-68,param,DectScheduledAccessNetwork.queue,meanType1ServiceTime,,,0.000416667s
Phase5_Tail-45-20261001-21:25:22-68,attr,DectScheduledAccessNetwork.queue,meanType1ServiceTime,unit,s,
Phase5_Tail-45-20261001-21:25:22-68,param,DectScheduledAccessNetwork.queue,deriveDectParametersFromD,,,true
Phase5_Tail-45-20261001-21:25:22-68,param,DectScheduledAccessNetwork.queue,L,,,2
Phase5_Tail-45-20261001-21:25:22-68,param,DectScheduledAccessNetwork.queue,type2ServiceTime,,,0.009s
Phase5_Tail-45-20261001-21:25:22-68,attr,DectScheduledAccessNetwork.queue,type2ServiceTime,unit,s,
Phase5_Tail-45-20261001-21:25:22-68,param,DectScheduledAccessNetwork.queue,deriveLambdaFromRho,,,true
Phase5_Tail-45-20261001-21:25:22-68,param,DectScheduledAccessNetwork.queue,rho,,,0.0847458
Phase5_Tail-45-20261001-21:25:22-68,param,DectScheduledAccessNetwork.queue,lambdaPerMs,,,0.12
Phase5_Tail-45-20261001-21:25:22-68,param,DectScheduledAccessNetwork.queue,r,,,30
Phase5_Tail-45-20261001-21:25:22-68,param,DectScheduledAccessNetwork.queue,warmupCompletedPackets,,,200000
Phase5_Tail-45-20261001-21:25:22-68,param,DectScheduledAccessNetwork.queue,targetCompletedPackets,,,1000000
Phase5_Tail-45-20261001-21:25:22-68,param,DectScheduledAccessNetwork.queue,rngIndex,,,0
Phase5_Tail-45-20261001-21:25:22-68,param,DectScheduledAccessNetwork.queue,recordVectors,,,false
Phase5_Tail-45-20261001-21:25:22-68,param,DectScheduledAccessNetwork.queue,recordTailStatistics,,,true
Phase5_Tail-45-20261001-21:25:22-68,param,DectScheduledAccessNetwork,typename,,,"""dect2020scheduledaccess.DectScheduledAccessNetwork"""
Phase5_Tail-46-20261001-21:25:22-68,param,DectScheduledAccessNetwork.queue,typename,,,"""dect2020scheduledaccess.ScheduledAccessQueue"""
Phase5_Tail-46-20261001-21:25:22-68,param,DectScheduledAccessNetwork.queue,D,,,10
Phase5_Tail-46-20261001-21:25:22-68,param,DectScheduledAccessNetwork.queue,frameDuration,,,0.01s
Phase5_Tail-46-20261001-21:25:22-68,attr,DectScheduledAccessNetwork.queue,frameDuration,unit,s,
Phase5_Tail-46-20261001-21:25:22-68,param,DectScheduledAccessNetwork.queue,meanType1ServiceTime,,,0.000416667s
Phase5_Tail-46-20261001-21:25:22-68,attr,DectScheduledAccessNetwork.queue,meanType1ServiceTime,unit,s,
Phase5_Tail-46-20261001-21:25:22-68,param,DectScheduledAccessNetwork.queue,deriveDectParametersFromD,,,true
Phase5_Tail-46-20261001-21:25:22-68,param,DectScheduledAccessNetwork.queue,L,,,2
Phase5_Tail-46-20261001-21:25:22-68,param,DectScheduledAccessNetwork.queue,type2ServiceTime,,,0.009s
Phase5_Tail-46-20261001-21:25:22-68,attr,DectScheduledAccessNetwork.queue,type2ServiceTime,unit,s,
Phase5_Tail-46-20261001-21:25:22-68,param,DectScheduledAccessNetwork.queue,deriveLambdaFromRho,,,true
Phase5_Tail-46-20261001-21:25:22-68,param,DectScheduledAccessNetwork.queue,rho,,,0.0847458
Phase5_Tail-46-20261001-21:25:22-68,param,DectScheduledAccessNetwork.queue,lambdaPerMs,,,0.12
Phase5_Tail-46-20261001-21:25:22-68,param,DectScheduledAccessNetwork.queue,r,,,30
Phase5_Tail-46-20261001-21:25:22-68,param,DectScheduledAccessNetwork.queue,warmupCompletedPackets,,,200000
Phase5_Tail-46-20261001-21:25:22-68,param,DectScheduledAccessNetwork.queue,targetCompletedPackets,,,1000000
Phase5_Tail-46-20261001-21:25:22-68,param,DectScheduledAccessNetwork.queue,rngIndex,,,0
Phase5_Tail-46-20261001-21:25:22-68,param,DectScheduledAccessNetwork.queue,recordVectors,,,false
Phase5_Tail-46-20261001-21:25:22-68,param,DectScheduledAccessNetwork.queue,recordTailStatistics,,,true
Phase5_Tail-46-20261001-21:25:22-68,param,DectScheduledAccessNetwork,typename,,,"""dect2020scheduledaccess.DectScheduledAccessNetwork"""
Phase5_Tail-47-20261001-21:25:23-68,param,DectScheduledAccessNetwork.queue,typename,,,"""dect2020scheduledaccess.ScheduledAccessQueue"""
Phase5_Tail-47-20261001-21:25:23-68,param,DectScheduledAccessNetwork.queue,D,,,10
Phase5_Tail-47-20261001-21:25:23-68,param,DectScheduledAccessNetwork.queue,frameDuration,,,0.01s
Phase5_Tail-47-20261001-21:25:23-68,attr,DectScheduledAccessNetwork.queue,frameDuration,unit,s,
Phase5_Tail-47-20261001-21:25:23-68,param,DectScheduledAccessNetwork.queue,meanType1ServiceTime,,,0.000416667s
Phase5_Tail-47-20261001-21:25:23-68,attr,DectScheduledAccessNetwork.queue,meanType1ServiceTime,unit,s,
Phase5_Tail-47-20261001-21:25:23-68,param,DectScheduledAccessNetwork.queue,deriveDectParametersFromD,,,true
Phase5_Tail-47-20261001-21:25:23-68,param,DectScheduledAccessNetwork.queue,L,,,2
Phase5_Tail-47-20261001-21:25:23-68,param,DectScheduledAccessNetwork.queue,type2ServiceTime,,,0.009s
Phase5_Tail-47-20261001-21:25:23-68,attr,DectScheduledAccessNetwork.queue,type2ServiceTime,unit,s,
Phase5_Tail-47-20261001-21:25:23-68,param,DectScheduledAccessNetwork.queue,deriveLambdaFromRho,,,true
Phase5_Tail-47-20261001-21:25:23-68,param,DectScheduledAccessNetwork.queue,rho,,,0.0847458
Phase5_Tail-47-20261001-21:25:23-68,param,DectScheduledAccessNetwork.queue,lambdaPerMs,,,0.12
Phase5_Tail-47-20261001-21:25:23-68,param,DectScheduledAccessNetwork.queue,r,,,30
Phase5_Tail-47-20261001-21:25:23-68,param,DectScheduledAccessNetwork.queue,warmupCompletedPackets,,,200000
Phase5_Tail-47-20261001-21:25:23-68,param,DectScheduledAccessNetwork.queue,targetCompletedPackets,,,1000000
Phase5_Tail-47-20261001-21:25:23-68,param,DectScheduledAccessNetwork.queue,rngIndex,,,0
Phase5_Tail-47-20261001-21:25:23-68,param,DectScheduledAccessNetwork.queue,recordVectors,,,false
Phase5_Tail-47-20261001-21:25:23-68,param,DectScheduledAccessNetwork.queue,recordTailStatistics,,,true
Phase5_Tail-47-20261001-21:25:23-68,param,DectScheduledAccessNetwork,typename,,,"""dect2020scheduledaccess.DectScheduledAccessNetwork"""
Phase5_Tail-48-20261001-21:25:23-68,param,DectScheduledAccessNetwork.queue,typename,,,"""dect2020scheduledaccess.ScheduledAccessQueue"""
Phase5_Tail-48-20261001-21:25:23-68,param,DectScheduledAccessNetwork.queue,D,,,10
Phase5_Tail-48-20261001-21:25:23-68,param,DectScheduledAccessNetwork.queue,frameDuration,,,0.01s
Phase5_Tail-48-20261001-21:25:23-68,attr,DectScheduledAccessNetwork.queue,frameDuration,unit,s,
Phase5_Tail-48-20261001-21:25:23-68,param,DectScheduledAccessNetwork.queue,meanType1ServiceTime,,,0.000416667s
Phase5_Tail-48-20261001-21:25:23-68,attr,DectScheduledAccessNetwork.queue,meanType1ServiceTime,unit,s,
Phase5_Tail-48-20261001-21:25:23-68,param,DectScheduledAccessNetwork.queue,deriveDectParametersFromD,,,true
Phase5_Tail-48-20261001-21:25:23-68,param,DectScheduledAccessNetwork.queue,L,,,2
Phase5_Tail-48-20261001-21:25:23-68,param,DectScheduledAccessNetwork.queue,type2ServiceTime,,,0.009s
Phase5_Tail-48-20261001-21:25:23-68,attr,DectScheduledAccessNetwork.queue,type2ServiceTime,unit,s,
Phase5_Tail-48-20261001-21:25:23-68,param,DectScheduledAccessNetwork.queue,deriveLambdaFromRho,,,true
Phase5_Tail-48-20261001-21:25:23-68,param,DectScheduledAccessNetwork.queue,rho,,,0.0847458
Phase5_Tail-48-20261001-21:25:23-68,param,DectScheduledAccessNetwork.queue,lambdaPerMs,,,0.12
Phase5_Tail-48-20261001-21:25:23-68,param,DectScheduledAccessNetwork.queue,r,,,30
Phase5_Tail-48-20261001-21:25:23-68,param,DectScheduledAccessNetwork.queue,warmupCompletedPackets,,,200000
Phase5_Tail-48-20261001-21:25:23-68,param,DectScheduledAccessNetwork.queue,targetCompletedPackets,,,1000000
Phase5_Tail-48-20261001-21:25:23-68,param,DectScheduledAccessNetwork.queue,rngIndex,,,0
Phase5_Tail-48-20261001-21:25:23-68,param,DectScheduledAccessNetwork.queue,recordVectors,,,false
Phase5_Tail-48-20261001-21:25:23-68,param,DectScheduledAccessNetwork.queue,recordTailStatistics,,,true
Phase5_Tail-48-20261001-21:25:23-68,param,DectScheduledAccessNetwork,typename,,,"""dect2020scheduledaccess.DectScheduledAccessNetwork"""
Phase5_Tail-49-20261001-21:25:23-68,param,DectScheduledAccessNetwork.queue,typename,,,"""dect2020scheduledaccess.ScheduledAccessQueue"""
Phase5_Tail-49-20261001-21:25:23-68,param,DectScheduledAccessNetwork.queue,D,,,10
Phase5_Tail-49-20261001-21:25:23-68,param,DectScheduledAccessNetwork.queue,frameDuration,,,0.01s
Phase5_Tail-49-20261001-21:25:23-68,attr,DectScheduledAccessNetwork.queue,frameDuration,unit,s,
Phase5_Tail-49-20261001-21:25:23-68,param,DectScheduledAccessNetwork.queue,meanType1ServiceTime,,,0.000416667s
Phase5_Tail-49-20261001-21:25:23-68,attr,DectScheduledAccessNetwork.queue,meanType1ServiceTime,unit,s,
Phase5_Tail-49-20261001-21:25:23-68,param,DectScheduledAccessNetwork.queue,deriveDectParametersFromD,,,true
Phase5_Tail-49-20261001-21:25:23-68,param,DectScheduledAccessNetwork.queue,L,,,2
Phase5_Tail-49-20261001-21:25:23-68,param,DectScheduledAccessNetwork.queue,type2ServiceTime,,,0.009s
Phase5_Tail-49-20261001-21:25:23-68,attr,DectScheduledAccessNetwork.queue,type2ServiceTime,unit,s,
Phase5_Tail-49-20261001-21:25:23-68,param,DectScheduledAccessNetwork.queue,deriveLambdaFromRho,,,true
Phase5_Tail-49-20261001-21:25:23-68,param,DectScheduledAccessNetwork.queue,rho,,,0.0847458
Phase5_Tail-49-20261001-21:25:23-68,param,DectScheduledAccessNetwork.queue,lambdaPerMs,,,0.12
Phase5_Tail-49-20261001-21:25:23-68,param,DectScheduledAccessNetwork.queue,r,,,30
Phase5_Tail-49-20261001-21:25:23-68,param,DectScheduledAccessNetwork.queue,warmupCompletedPackets,,,200000
Phase5_Tail-49-20261001-21:25:23-68,param,DectScheduledAccessNetwork.queue,targetCompletedPackets,,,1000000
Phase5_Tail-49-20261001-21:25:23-68,param,DectScheduledAccessNetwork.queue,rngIndex,,,0
Phase5_Tail-49-20261001-21:25:23-68,param,DectScheduledAccessNetwork.queue,recordVectors,,,false
Phase5_Tail-49-20261001-21:25:23-68,param,DectScheduledAccessNetwork.queue,recordTailStatistics,,,true
Phase5_Tail-49-20261001-21:25:23-68,param,DectScheduledAccessNetwork,typename,,,"""dect2020scheduledaccess.DectScheduledAccessNetwork"""
Phase5_Tail-50-20261001-21:25:24-68,param,DectScheduledAccessNetwork.queue,typename,,,"""dect2020scheduledaccess.ScheduledAccessQueue"""
Phase5_Tail-50-20261001-21:25:24-68,param,DectScheduledAccessNetwork.queue,D,,,10
Phase5_Tail-50-20261001-21:25:24-68,param,DectScheduledAccessNetwork.queue,frameDuration,,,0.01s
Phase5_Tail-50-20261001-21:25:24-68,attr,DectScheduledAccessNetwork.queue,frameDuration,unit,s,
Phase5_Tail-50-20261001-21:25:24-68,param,DectScheduledAccessNetwork.queue,meanType1ServiceTime,,,0.000416667s
Phase5_Tail-50-20261001-21:25:24-68,attr,DectScheduledAccessNetwork.queue,meanType1ServiceTime,unit,s,
Phase5_Tail-50-20261001-21:25:24-68,param,DectScheduledAccessNetwork.queue,deriveDectParametersFromD,,,true
Phase5_Tail-50-20261001-21:25:24-68,param,DectScheduledAccessNetwork.queue,L,,,2
Phase5_Tail-50-20261001-21:25:24-68,param,DectScheduledAccessNetwork.queue,type2ServiceTime,,,0.009s
Phase5_Tail-50-20261001-21:25:24-68,attr,DectScheduledAccessNetwork.queue,type2ServiceTime,unit,s,
Phase5_Tail-50-20261001-21:25:24-68,param,DectScheduledAccessNetwork.queue,deriveLambdaFromRho,,,true
Phase5_Tail-50-20261001-21:25:24-68,param,DectScheduledAccessNetwork.queue,rho,,,0.0932203
Phase5_Tail-50-20261001-21:25:24-68,param,DectScheduledAccessNetwork.queue,lambdaPerMs,,,0.12
Phase5_Tail-50-20261001-21:25:24-68,param,DectScheduledAccessNetwork.queue,r,,,30
Phase5_Tail-50-20261001-21:25:24-68,param,DectScheduledAccessNetwork.queue,warmupCompletedPackets,,,200000
Phase5_Tail-50-20261001-21:25:24-68,param,DectScheduledAccessNetwork.queue,targetCompletedPackets,,,1000000
Phase5_Tail-50-20261001-21:25:24-68,param,DectScheduledAccessNetwork.queue,rngIndex,,,0
Phase5_Tail-50-20261001-21:25:24-68,param,DectScheduledAccessNetwork.queue,recordVectors,,,false
Phase5_Tail-50-20261001-21:25:24-68,param,DectScheduledAccessNetwork.queue,recordTailStatistics,,,true
Phase5_Tail-50-20261001-21:25:24-68,param,DectScheduledAccessNetwork,typename,,,"""dect2020scheduledaccess.DectScheduledAccessNetwork"""
Phase5_Tail-51-20261001-21:25:24-68,param,DectScheduledAccessNetwork.queue,typename,,,"""dect2020scheduledaccess.ScheduledAccessQueue"""
Phase5_Tail-51-20261001-21:25:24-68,param,DectScheduledAccessNetwork.queue,D,,,10
Phase5_Tail-51-20261001-21:25:24-68,param,DectScheduledAccessNetwork.queue,frameDuration,,,0.01s
Phase5_Tail-51-20261001-21:25:24-68,attr,DectScheduledAccessNetwork.queue,frameDuration,unit,s,
Phase5_Tail-51-20261001-21:25:24-68,param,DectScheduledAccessNetwork.queue,meanType1ServiceTime,,,0.000416667s
Phase5_Tail-51-20261001-21:25:24-68,attr,DectScheduledAccessNetwork.queue,meanType1ServiceTime,unit,s,
Phase5_Tail-51-20261001-21:25:24-68,param,DectScheduledAccessNetwork.queue,deriveDectParametersFromD,,,true
Phase5_Tail-51-20261001-21:25:24-68,param,DectScheduledAccessNetwork.queue,L,,,2
Phase5_Tail-51-20261001-21:25:24-68,param,DectScheduledAccessNetwork.queue,type2ServiceTime,,,0.009s
Phase5_Tail-51-20261001-21:25:24-68,attr,DectScheduledAccessNetwork.queue,type2ServiceTime,unit,s,
Phase5_Tail-51-20261001-21:25:24-68,param,DectScheduledAccessNetwork.queue,deriveLambdaFromRho,,,true
Phase5_Tail-51-20261001-21:25:24-68,param,DectScheduledAccessNetwork.queue,rho,,,0.0932203
Phase5_Tail-51-20261001-21:25:24-68,param,DectScheduledAccessNetwork.queue,lambdaPerMs,,,0.12
Phase5_Tail-51-20261001-21:25:24-68,param,DectScheduledAccessNetwork.queue,r,,,30
Phase5_Tail-51-20261001-21:25:24-68,param,DectScheduledAccessNetwork.queue,warmupCompletedPackets,,,200000
Phase5_Tail-51-20261001-21:25:24-68,param,DectScheduledAccessNetwork.queue,targetCompletedPackets,,,1000000
Phase5_Tail-51-20261001-21:25:24-68,param,DectScheduledAccessNetwork.queue,rngIndex,,,0
Phase5_Tail-51-20261001-21:25:24-68,param,DectScheduledAccessNetwork.queue,recordVectors,,,false
Phase5_Tail-51-20261001-21:25:24-68,param,DectScheduledAccessNetwork.queue,recordTailStatistics,,,true
Phase5_Tail-51-20261001-21:25:24-68,param,DectScheduledAccessNetwork,typename,,,"""dect2020scheduledaccess.DectScheduledAccessNetwork"""
Phase5_Tail-52-20261001-21:25:24-68,param,DectScheduledAccessNetwork.queue,typename,,,"""dect2020scheduledaccess.ScheduledAccessQueue"""
Phase5_Tail-52-20261001-21:25:24-68,param,DectScheduledAccessNetwork.queue,D,,,10
Phase5_Tail-52-20261001-21:25:24-68,param,DectScheduledAccessNetwork.queue,frameDuration,,,0.01s
Phase5_Tail-52-20261001-21:25:24-68,attr,DectScheduledAccessNetwork.queue,frameDuration,unit,s,
Phase5_Tail-52-20261001-21:25:24-68,param,DectScheduledAccessNetwork.queue,meanType1ServiceTime,,,0.000416667s
Phase5_Tail-52-20261001-21:25:24-68,attr,DectScheduledAccessNetwork.queue,meanType1ServiceTime,unit,s,
Phase5_Tail-52-20261001-21:25:24-68,param,DectScheduledAccessNetwork.queue,deriveDectParametersFromD,,,true
Phase5_Tail-52-20261001-21:25:24-68,param,DectScheduledAccessNetwork.queue,L,,,2
Phase5_Tail-52-20261001-21:25:24-68,param,DectScheduledAccessNetwork.queue,type2ServiceTime,,,0.009s
Phase5_Tail-52-20261001-21:25:24-68,attr,DectScheduledAccessNetwork.queue,type2ServiceTime,unit,s,
Phase5_Tail-52-20261001-21:25:24-68,param,DectScheduledAccessNetwork.queue,deriveLambdaFromRho,,,true
Phase5_Tail-52-20261001-21:25:24-68,param,DectScheduledAccessNetwork.queue,rho,,,0.0932203
Phase5_Tail-52-20261001-21:25:24-68,param,DectScheduledAccessNetwork.queue,lambdaPerMs,,,0.12
Phase5_Tail-52-20261001-21:25:24-68,param,DectScheduledAccessNetwork.queue,r,,,30
Phase5_Tail-52-20261001-21:25:24-68,param,DectScheduledAccessNetwork.queue,warmupCompletedPackets,,,200000
Phase5_Tail-52-20261001-21:25:24-68,param,DectScheduledAccessNetwork.queue,targetCompletedPackets,,,1000000
Phase5_Tail-52-20261001-21:25:24-68,param,DectScheduledAccessNetwork.queue,rngIndex,,,0
Phase5_Tail-52-20261001-21:25:24-68,param,DectScheduledAccessNetwork.queue,recordVectors,,,false
Phase5_Tail-52-20261001-21:25:24-68,param,DectScheduledAccessNetwork.queue,recordTailStatistics,,,true
Phase5_Tail-52-20261001-21:25:24-68,param,DectScheduledAccessNetwork,typename,,,"""dect2020scheduledaccess.DectScheduledAccessNetwork"""
Phase5_Tail-53-20261001-21:25:25-68,param,DectScheduledAccessNetwork.queue,typename,,,"""dect2020scheduledaccess.ScheduledAccessQueue"""
Phase5_Tail-53-20261001-21:25:25-68,param,DectScheduledAccessNetwork.queue,D,,,10
Phase5_Tail-53-20261001-21:25:25-68,param,DectScheduledAccessNetwork.queue,frameDuration,,,0.01s
Phase5_Tail-53-20261001-21:25:25-68,attr,DectScheduledAccessNetwork.queue,frameDuration,unit,s,
Phase5_Tail-53-20261001-21:25:25-68,param,DectScheduledAccessNetwork.queue,meanType1ServiceTime,,,0.000416667s
Phase5_Tail-53-20261001-21:25:25-68,attr,DectScheduledAccessNetwork.queue,meanType1ServiceTime,unit,s,
Phase5_Tail-53-20261001-21:25:25-68,param,DectScheduledAccessNetwork.queue,deriveDectParametersFromD,,,true
Phase5_Tail-53-20261001-21:25:25-68,param,DectScheduledAccessNetwork.queue,L,,,2
Phase5_Tail-53-20261001-21:25:25-68,param,DectScheduledAccessNetwork.queue,type2ServiceTime,,,0.009s
Phase5_Tail-53-20261001-21:25:25-68,attr,DectScheduledAccessNetwork.queue,type2ServiceTime,unit,s,
Phase5_Tail-53-20261001-21:25:25-68,param,DectScheduledAccessNetwork.queue,deriveLambdaFromRho,,,true
Phase5_Tail-53-20261001-21:25:25-68,param,DectScheduledAccessNetwork.queue,rho,,,0.0932203
Phase5_Tail-53-20261001-21:25:25-68,param,DectScheduledAccessNetwork.queue,lambdaPerMs,,,0.12
Phase5_Tail-53-20261001-21:25:25-68,param,DectScheduledAccessNetwork.queue,r,,,30
Phase5_Tail-53-20261001-21:25:25-68,param,DectScheduledAccessNetwork.queue,warmupCompletedPackets,,,200000
Phase5_Tail-53-20261001-21:25:25-68,param,DectScheduledAccessNetwork.queue,targetCompletedPackets,,,1000000
Phase5_Tail-53-20261001-21:25:25-68,param,DectScheduledAccessNetwork.queue,rngIndex,,,0
Phase5_Tail-53-20261001-21:25:25-68,param,DectScheduledAccessNetwork.queue,recordVectors,,,false
Phase5_Tail-53-20261001-21:25:25-68,param,DectScheduledAccessNetwork.queue,recordTailStatistics,,,true
Phase5_Tail-53-20261001-21:25:25-68,param,DectScheduledAccessNetwork,typename,,,"""dect2020scheduledaccess.DectScheduledAccessNetwork"""
Phase5_Tail-54-20261001-21:25:25-68,param,DectScheduledAccessNetwork.queue,typename,,,"""dect2020scheduledaccess.ScheduledAccessQueue"""
Phase5_Tail-54-20261001-21:25:25-68,param,DectScheduledAccessNetwork.queue,D,,,10
Phase5_Tail-54-20261001-21:25:25-68,param,DectScheduledAccessNetwork.queue,frameDuration,,,0.01s
Phase5_Tail-54-20261001-21:25:25-68,attr,DectScheduledAccessNetwork.queue,frameDuration,unit,s,
Phase5_Tail-54-20261001-21:25:25-68,param,DectScheduledAccessNetwork.queue,meanType1ServiceTime,,,0.000416667s
Phase5_Tail-54-20261001-21:25:25-68,attr,DectScheduledAccessNetwork.queue,meanType1ServiceTime,unit,s,
Phase5_Tail-54-20261001-21:25:25-68,param,DectScheduledAccessNetwork.queue,deriveDectParametersFromD,,,true
Phase5_Tail-54-20261001-21:25:25-68,param,DectScheduledAccessNetwork.queue,L,,,2
Phase5_Tail-54-20261001-21:25:25-68,param,DectScheduledAccessNetwork.queue,type2ServiceTime,,,0.009s
Phase5_Tail-54-20261001-21:25:25-68,attr,DectScheduledAccessNetwork.queue,type2ServiceTime,unit,s,
Phase5_Tail-54-20261001-21:25:25-68,param,DectScheduledAccessNetwork.queue,deriveLambdaFromRho,,,true
Phase5_Tail-54-20261001-21:25:25-68,param,DectScheduledAccessNetwork.queue,rho,,,0.0932203
Phase5_Tail-54-20261001-21:25:25-68,param,DectScheduledAccessNetwork.queue,lambdaPerMs,,,0.12
Phase5_Tail-54-20261001-21:25:25-68,param,DectScheduledAccessNetwork.queue,r,,,30
Phase5_Tail-54-20261001-21:25:25-68,param,DectScheduledAccessNetwork.queue,warmupCompletedPackets,,,200000
Phase5_Tail-54-20261001-21:25:25-68,param,DectScheduledAccessNetwork.queue,targetCompletedPackets,,,1000000
Phase5_Tail-54-20261001-21:25:25-68,param,DectScheduledAccessNetwork.queue,rngIndex,,,0
Phase5_Tail-54-20261001-21:25:25-68,param,DectScheduledAccessNetwork.queue,recordVectors,,,false
Phase5_Tail-54-20261001-21:25:25-68,param,DectScheduledAccessNetwork.queue,recordTailStatistics,,,true
Phase5_Tail-54-20261001-21:25:25-68,param,DectScheduledAccessNetwork,typename,,,"""dect2020scheduledaccess.DectScheduledAccessNetwork"""
Phase5_Tail-55-20261001-21:25:25-68,param,DectScheduledAccessNetwork.queue,typename,,,"""dect2020scheduledaccess.ScheduledAccessQueue"""
Phase5_Tail-55-20261001-21:25:25-68,param,DectScheduledAccessNetwork.queue,D,,,10
Phase5_Tail-55-20261001-21:25:25-68,param,DectScheduledAccessNetwork.queue,frameDuration,,,0.01s
Phase5_Tail-55-20261001-21:25:25-68,attr,DectScheduledAccessNetwork.queue,frameDuration,unit,s,
Phase5_Tail-55-20261001-21:25:25-68,param,DectScheduledAccessNetwork.queue,meanType1ServiceTime,,,0.000416667s
Phase5_Tail-55-20261001-21:25:25-68,attr,DectScheduledAccessNetwork.queue,meanType1ServiceTime,unit,s,
Phase5_Tail-55-20261001-21:25:25-68,param,DectScheduledAccessNetwork.queue,deriveDectParametersFromD,,,true
Phase5_Tail-55-20261001-21:25:25-68,param,DectScheduledAccessNetwork.queue,L,,,2
Phase5_Tail-55-20261001-21:25:25-68,param,DectScheduledAccessNetwork.queue,type2ServiceTime,,,0.009s
Phase5_Tail-55-20261001-21:25:25-68,attr,DectScheduledAccessNetwork.queue,type2ServiceTime,unit,s,
Phase5_Tail-55-20261001-21:25:25-68,param,DectScheduledAccessNetwork.queue,deriveLambdaFromRho,,,true
Phase5_Tail-55-20261001-21:25:25-68,param,DectScheduledAccessNetwork.queue,rho,,,0.0932203
Phase5_Tail-55-20261001-21:25:25-68,param,DectScheduledAccessNetwork.queue,lambdaPerMs,,,0.12
Phase5_Tail-55-20261001-21:25:25-68,param,DectScheduledAccessNetwork.queue,r,,,30
Phase5_Tail-55-20261001-21:25:25-68,param,DectScheduledAccessNetwork.queue,warmupCompletedPackets,,,200000
Phase5_Tail-55-20261001-21:25:25-68,param,DectScheduledAccessNetwork.queue,targetCompletedPackets,,,1000000
Phase5_Tail-55-20261001-21:25:25-68,param,DectScheduledAccessNetwork.queue,rngIndex,,,0
Phase5_Tail-55-20261001-21:25:25-68,param,DectScheduledAccessNetwork.queue,recordVectors,,,false
Phase5_Tail-55-20261001-21:25:25-68,param,DectScheduledAccessNetwork.queue,recordTailStatistics,,,true
Phase5_Tail-55-20261001-21:25:25-68,param,DectScheduledAccessNetwork,typename,,,"""dect2020scheduledaccess.DectScheduledAccessNetwork"""
Phase5_Tail-56-20261001-21:25:26-68,param,DectScheduledAccessNetwork.queue,typename,,,"""dect2020scheduledaccess.ScheduledAccessQueue"""
Phase5_Tail-56-20261001-21:25:26-68,param,DectScheduledAccessNetwork.queue,D,,,10
Phase5_Tail-56-20261001-21:25:26-68,param,DectScheduledAccessNetwork.queue,frameDuration,,,0.01s
Phase5_Tail-56-20261001-21:25:26-68,attr,DectScheduledAccessNetwork.queue,frameDuration,unit,s,
Phase5_Tail-56-20261001-21:25:26-68,param,DectScheduledAccessNetwork.queue,meanType1ServiceTime,,,0.000416667s
Phase5_Tail-56-20261001-21:25:26-68,attr,DectScheduledAccessNetwork.queue,meanType1ServiceTime,unit,s,
Phase5_Tail-56-20261001-21:25:26-68,param,DectScheduledAccessNetwork.queue,deriveDectParametersFromD,,,true
Phase5_Tail-56-20261001-21:25:26-68,param,DectScheduledAccessNetwork.queue,L,,,2
Phase5_Tail-56-20261001-21:25:26-68,param,DectScheduledAccessNetwork.queue,type2ServiceTime,,,0.009s
Phase5_Tail-56-20261001-21:25:26-68,attr,DectScheduledAccessNetwork.queue,type2ServiceTime,unit,s,
Phase5_Tail-56-20261001-21:25:26-68,param,DectScheduledAccessNetwork.queue,deriveLambdaFromRho,,,true
Phase5_Tail-56-20261001-21:25:26-68,param,DectScheduledAccessNetwork.queue,rho,,,0.0932203
Phase5_Tail-56-20261001-21:25:26-68,param,DectScheduledAccessNetwork.queue,lambdaPerMs,,,0.12
Phase5_Tail-56-20261001-21:25:26-68,param,DectScheduledAccessNetwork.queue,r,,,30
Phase5_Tail-56-20261001-21:25:26-68,param,DectScheduledAccessNetwork.queue,warmupCompletedPackets,,,200000
Phase5_Tail-56-20261001-21:25:26-68,param,DectScheduledAccessNetwork.queue,targetCompletedPackets,,,1000000
Phase5_Tail-56-20261001-21:25:26-68,param,DectScheduledAccessNetwork.queue,rngIndex,,,0
Phase5_Tail-56-20261001-21:25:26-68,param,DectScheduledAccessNetwork.queue,recordVectors,,,false
Phase5_Tail-56-20261001-21:25:26-68,param,DectScheduledAccessNetwork.queue,recordTailStatistics,,,true
Phase5_Tail-56-20261001-21:25:26-68,param,DectScheduledAccessNetwork,typename,,,"""dect2020scheduledaccess.DectScheduledAccessNetwork"""
Phase5_Tail-57-20261001-21:25:26-68,param,DectScheduledAccessNetwork.queue,typename,,,"""dect2020scheduledaccess.ScheduledAccessQueue"""
Phase5_Tail-57-20261001-21:25:26-68,param,DectScheduledAccessNetwork.queue,D,,,10
Phase5_Tail-57-20261001-21:25:26-68,param,DectScheduledAccessNetwork.queue,frameDuration,,,0.01s
Phase5_Tail-57-20261001-21:25:26-68,attr,DectScheduledAccessNetwork.queue,frameDuration,unit,s,
Phase5_Tail-57-20261001-21:25:26-68,param,DectScheduledAccessNetwork.queue,meanType1ServiceTime,,,0.000416667s
Phase5_Tail-57-20261001-21:25:26-68,attr,DectScheduledAccessNetwork.queue,meanType1ServiceTime,unit,s,
Phase5_Tail-57-20261001-21:25:26-68,param,DectScheduledAccessNetwork.queue,deriveDectParametersFromD,,,true
Phase5_Tail-57-20261001-21:25:26-68,param,DectScheduledAccessNetwork.queue,L,,,2
Phase5_Tail-57-20261001-21:25:26-68,param,DectScheduledAccessNetwork.queue,type2ServiceTime,,,0.009s
Phase5_Tail-57-20261001-21:25:26-68,attr,DectScheduledAccessNetwork.queue,type2ServiceTime,unit,s,
Phase5_Tail-57-20261001-21:25:26-68,param,DectScheduledAccessNetwork.queue,deriveLambdaFromRho,,,true
Phase5_Tail-57-20261001-21:25:26-68,param,DectScheduledAccessNetwork.queue,rho,,,0.0932203
Phase5_Tail-57-20261001-21:25:26-68,param,DectScheduledAccessNetwork.queue,lambdaPerMs,,,0.12
Phase5_Tail-57-20261001-21:25:26-68,param,DectScheduledAccessNetwork.queue,r,,,30
Phase5_Tail-57-20261001-21:25:26-68,param,DectScheduledAccessNetwork.queue,warmupCompletedPackets,,,200000
Phase5_Tail-57-20261001-21:25:26-68,param,DectScheduledAccessNetwork.queue,targetCompletedPackets,,,1000000
Phase5_Tail-57-20261001-21:25:26-68,param,DectScheduledAccessNetwork.queue,rngIndex,,,0
Phase5_Tail-57-20261001-21:25:26-68,param,DectScheduledAccessNetwork.queue,recordVectors,,,false
Phase5_Tail-57-20261001-21:25:26-68,param,DectScheduledAccessNetwork.queue,recordTailStatistics,,,true
Phase5_Tail-57-20261001-21:25:26-68,param,DectScheduledAccessNetwork,typename,,,"""dect2020scheduledaccess.DectScheduledAccessNetwork"""
Phase5_Tail-58-20261001-21:25:26-68,param,DectScheduledAccessNetwork.queue,typename,,,"""dect2020scheduledaccess.ScheduledAccessQueue"""
Phase5_Tail-58-20261001-21:25:26-68,param,DectScheduledAccessNetwork.queue,D,,,10
Phase5_Tail-58-20261001-21:25:26-68,param,DectScheduledAccessNetwork.queue,frameDuration,,,0.01s
Phase5_Tail-58-20261001-21:25:26-68,attr,DectScheduledAccessNetwork.queue,frameDuration,unit,s,
Phase5_Tail-58-20261001-21:25:26-68,param,DectScheduledAccessNetwork.queue,meanType1ServiceTime,,,0.000416667s
Phase5_Tail-58-20261001-21:25:26-68,attr,DectScheduledAccessNetwork.queue,meanType1ServiceTime,unit,s,
Phase5_Tail-58-20261001-21:25:26-68,param,DectScheduledAccessNetwork.queue,deriveDectParametersFromD,,,true
Phase5_Tail-58-20261001-21:25:26-68,param,DectScheduledAccessNetwork.queue,L,,,2
Phase5_Tail-58-20261001-21:25:26-68,param,DectScheduledAccessNetwork.queue,type2ServiceTime,,,0.009s
Phase5_Tail-58-20261001-21:25:26-68,attr,DectScheduledAccessNetwork.queue,type2ServiceTime,unit,s,
Phase5_Tail-58-20261001-21:25:26-68,param,DectScheduledAccessNetwork.queue,deriveLambdaFromRho,,,true
Phase5_Tail-58-20261001-21:25:26-68,param,DectScheduledAccessNetwork.queue,rho,,,0.0932203
Phase5_Tail-58-20261001-21:25:26-68,param,DectScheduledAccessNetwork.queue,lambdaPerMs,,,0.12
Phase5_Tail-58-20261001-21:25:26-68,param,DectScheduledAccessNetwork.queue,r,,,30
Phase5_Tail-58-20261001-21:25:26-68,param,DectScheduledAccessNetwork.queue,warmupCompletedPackets,,,200000
Phase5_Tail-58-20261001-21:25:26-68,param,DectScheduledAccessNetwork.queue,targetCompletedPackets,,,1000000
Phase5_Tail-58-20261001-21:25:26-68,param,DectScheduledAccessNetwork.queue,rngIndex,,,0
Phase5_Tail-58-20261001-21:25:26-68,param,DectScheduledAccessNetwork.queue,recordVectors,,,false
Phase5_Tail-58-20261001-21:25:26-68,param,DectScheduledAccessNetwork.queue,recordTailStatistics,,,true
Phase5_Tail-58-20261001-21:25:26-68,param,DectScheduledAccessNetwork,typename,,,"""dect2020scheduledaccess.DectScheduledAccessNetwork"""
Phase5_Tail-59-20261001-21:25:27-68,param,DectScheduledAccessNetwork.queue,typename,,,"""dect2020scheduledaccess.ScheduledAccessQueue"""
Phase5_Tail-59-20261001-21:25:27-68,param,DectScheduledAccessNetwork.queue,D,,,10
Phase5_Tail-59-20261001-21:25:27-68,param,DectScheduledAccessNetwork.queue,frameDuration,,,0.01s
Phase5_Tail-59-20261001-21:25:27-68,attr,DectScheduledAccessNetwork.queue,frameDuration,unit,s,
Phase5_Tail-59-20261001-21:25:27-68,param,DectScheduledAccessNetwork.queue,meanType1ServiceTime,,,0.000416667s
Phase5_Tail-59-20261001-21:25:27-68,attr,DectScheduledAccessNetwork.queue,meanType1ServiceTime,unit,s,
Phase5_Tail-59-20261001-21:25:27-68,param,DectScheduledAccessNetwork.queue,deriveDectParametersFromD,,,true
Phase5_Tail-59-20261001-21:25:27-68,param,DectScheduledAccessNetwork.queue,L,,,2
Phase5_Tail-59-20261001-21:25:27-68,param,DectScheduledAccessNetwork.queue,type2ServiceTime,,,0.009s
Phase5_Tail-59-20261001-21:25:27-68,attr,DectScheduledAccessNetwork.queue,type2ServiceTime,unit,s,
Phase5_Tail-59-20261001-21:25:27-68,param,DectScheduledAccessNetwork.queue,deriveLambdaFromRho,,,true
Phase5_Tail-59-20261001-21:25:27-68,param,DectScheduledAccessNetwork.queue,rho,,,0.0932203
Phase5_Tail-59-20261001-21:25:27-68,param,DectScheduledAccessNetwork.queue,lambdaPerMs,,,0.12
Phase5_Tail-59-20261001-21:25:27-68,param,DectScheduledAccessNetwork.queue,r,,,30
Phase5_Tail-59-20261001-21:25:27-68,param,DectScheduledAccessNetwork.queue,warmupCompletedPackets,,,200000
Phase5_Tail-59-20261001-21:25:27-68,param,DectScheduledAccessNetwork.queue,targetCompletedPackets,,,1000000
Phase5_Tail-59-20261001-21:25:27-68,param,DectScheduledAccessNetwork.queue,rngIndex,,,0
Phase5_Tail-59-20261001-21:25:27-68,param,DectScheduledAccessNetwork.queue,recordVectors,,,false
Phase5_Tail-59-20261001-21:25:27-68,param,DectScheduledAccessNetwork.queue,recordTailStatistics,,,true
Phase5_Tail-59-20261001-21:25:27-68,param,DectScheduledAccessNetwork,typename,,,"""dect2020scheduledaccess.DectScheduledAccessNetwork"""
Phase5_Tail-60-20261001-21:25:27-68,param,DectScheduledAccessNetwork.queue,typename,,,"""dect2020scheduledaccess.ScheduledAccessQueue"""
Phase5_Tail-60-20261001-21:25:27-68,param,DectScheduledAccessNetwork.queue,D,,,10
Phase5_Tail-60-20261001-21:25:27-68,param,DectScheduledAccessNetwork.queue,frameDuration,,,0.01s
Phase5_Tail-60-20261001-21:25:27-68,attr,DectScheduledAccessNetwork.queue,frameDuration,unit,s,
Phase5_Tail-60-20261001-21:25:27-68,param,DectScheduledAccessNetwork.queue,meanType1ServiceTime,,,0.000416667s
Phase5_Tail-60-20261001-21:25:27-68,attr,DectScheduledAccessNetwork.queue,meanType1ServiceTime,unit,s,
Phase5_Tail-60-20261001-21:25:27-68,param,DectScheduledAccessNetwork.queue,deriveDectParametersFromD,,,true
Phase5_Tail-60-20261001-21:25:27-68,param,DectScheduledAccessNetwork.queue,L,,,2
Phase5_Tail-60-20261001-21:25:27-68,param,DectScheduledAccessNetwork.queue,type2ServiceTime,,,0.009s
Phase5_Tail-60-20261001-21:25:27-68,attr,DectScheduledAccessNetwork.queue,type2ServiceTime,unit,s,
Phase5_Tail-60-20261001-21:25:27-68,param,DectScheduledAccessNetwork.queue,deriveLambdaFromRho,,,true
Phase5_Tail-60-20261001-21:25:27-68,param,DectScheduledAccessNetwork.queue,rho,,,0.101695
Phase5_Tail-60-20261001-21:25:27-68,param,DectScheduledAccessNetwork.queue,lambdaPerMs,,,0.12
Phase5_Tail-60-20261001-21:25:27-68,param,DectScheduledAccessNetwork.queue,r,,,30
Phase5_Tail-60-20261001-21:25:27-68,param,DectScheduledAccessNetwork.queue,warmupCompletedPackets,,,200000
Phase5_Tail-60-20261001-21:25:27-68,param,DectScheduledAccessNetwork.queue,targetCompletedPackets,,,1000000
Phase5_Tail-60-20261001-21:25:27-68,param,DectScheduledAccessNetwork.queue,rngIndex,,,0
Phase5_Tail-60-20261001-21:25:27-68,param,DectScheduledAccessNetwork.queue,recordVectors,,,false
Phase5_Tail-60-20261001-21:25:27-68,param,DectScheduledAccessNetwork.queue,recordTailStatistics,,,true
Phase5_Tail-60-20261001-21:25:27-68,param,DectScheduledAccessNetwork,typename,,,"""dect2020scheduledaccess.DectScheduledAccessNetwork"""
Phase5_Tail-61-20261001-21:25:27-68,param,DectScheduledAccessNetwork.queue,typename,,,"""dect2020scheduledaccess.ScheduledAccessQueue"""
Phase5_Tail-61-20261001-21:25:27-68,param,DectScheduledAccessNetwork.queue,D,,,10
Phase5_Tail-61-20261001-21:25:27-68,param,DectScheduledAccessNetwork.queue,frameDuration,,,0.01s
Phase5_Tail-61-20261001-21:25:27-68,attr,DectScheduledAccessNetwork.queue,frameDuration,unit,s,
Phase5_Tail-61-20261001-21:25:27-68,param,DectScheduledAccessNetwork.queue,meanType1ServiceTime,,,0.000416667s
Phase5_Tail-61-20261001-21:25:27-68,attr,DectScheduledAccessNetwork.queue,meanType1ServiceTime,unit,s,
Phase5_Tail-61-20261001-21:25:27-68,param,DectScheduledAccessNetwork.queue,deriveDectParametersFromD,,,true
Phase5_Tail-61-20261001-21:25:27-68,param,DectScheduledAccessNetwork.queue,L,,,2
Phase5_Tail-61-20261001-21:25:27-68,param,DectScheduledAccessNetwork.queue,type2ServiceTime,,,0.009s
Phase5_Tail-61-20261001-21:25:27-68,attr,DectScheduledAccessNetwork.queue,type2ServiceTime,unit,s,
Phase5_Tail-61-20261001-21:25:27-68,param,DectScheduledAccessNetwork.queue,deriveLambdaFromRho,,,true
Phase5_Tail-61-20261001-21:25:27-68,param,DectScheduledAccessNetwork.queue,rho,,,0.101695
Phase5_Tail-61-20261001-21:25:27-68,param,DectScheduledAccessNetwork.queue,lambdaPerMs,,,0.12
Phase5_Tail-61-20261001-21:25:27-68,param,DectScheduledAccessNetwork.queue,r,,,30
Phase5_Tail-61-20261001-21:25:27-68,param,DectScheduledAccessNetwork.queue,warmupCompletedPackets,,,200000
Phase5_Tail-61-20261001-21:25:27-68,param,DectScheduledAccessNetwork.queue,targetCompletedPackets,,,1000000
Phase5_Tail-61-20261001-21:25:27-68,param,DectScheduledAccessNetwork.queue,rngIndex,,,0
Phase5_Tail-61-20261001-21:25:27-68,param,DectScheduledAccessNetwork.queue,recordVectors,,,false
Phase5_Tail-61-20261001-21:25:27-68,param,DectScheduledAccessNetwork.queue,recordTailStatistics,,,true
Phase5_Tail-61-20261001-21:25:27-68,param,DectScheduledAccessNetwork,typename,,,"""dect2020scheduledaccess.DectScheduledAccessNetwork"""
Phase5_Tail-62-20261001-21:25:28-68,param,DectScheduledAccessNetwork.queue,typename,,,"""dect2020scheduledaccess.ScheduledAccessQueue"""
Phase5_Tail-62-20261001-21:25:28-68,param,DectScheduledAccessNetwork.queue,D,,,10
Phase5_Tail-62-20261001-21:25:28-68,param,DectScheduledAccessNetwork.queue,frameDuration,,,0.01s
Phase5_Tail-62-20261001-21:25:28-68,attr,DectScheduledAccessNetwork.queue,frameDuration,unit,s,
Phase5_Tail-62-20261001-21:25:28-68,param,DectScheduledAccessNetwork.queue,meanType1ServiceTime,,,0.000416667s
Phase5_Tail-62-20261001-21:25:28-68,attr,DectScheduledAccessNetwork.queue,meanType1ServiceTime,unit,s,
Phase5_Tail-62-20261001-21:25:28-68,param,DectScheduledAccessNetwork.queue,deriveDectParametersFromD,,,true
Phase5_Tail-62-20261001-21:25:28-68,param,DectScheduledAccessNetwork.queue,L,,,2
Phase5_Tail-62-20261001-21:25:28-68,param,DectScheduledAccessNetwork.queue,type2ServiceTime,,,0.009s
Phase5_Tail-62-20261001-21:25:28-68,attr,DectScheduledAccessNetwork.queue,type2ServiceTime,unit,s,
Phase5_Tail-62-20261001-21:25:28-68,param,DectScheduledAccessNetwork.queue,deriveLambdaFromRho,,,true
Phase5_Tail-62-20261001-21:25:28-68,param,DectScheduledAccessNetwork.queue,rho,,,0.101695
Phase5_Tail-62-20261001-21:25:28-68,param,DectScheduledAccessNetwork.queue,lambdaPerMs,,,0.12
Phase5_Tail-62-20261001-21:25:28-68,param,DectScheduledAccessNetwork.queue,r,,,30
Phase5_Tail-62-20261001-21:25:28-68,param,DectScheduledAccessNetwork.queue,warmupCompletedPackets,,,200000
Phase5_Tail-62-20261001-21:25:28-68,param,DectScheduledAccessNetwork.queue,targetCompletedPackets,,,1000000
Phase5_Tail-62-20261001-21:25:28-68,param,DectScheduledAccessNetwork.queue,rngIndex,,,0
Phase5_Tail-62-20261001-21:25:28-68,param,DectScheduledAccessNetwork.queue,recordVectors,,,false
Phase5_Tail-62-20261001-21:25:28-68,param,DectScheduledAccessNetwork.queue,recordTailStatistics,,,true
Phase5_Tail-62-20261001-21:25:28-68,param,DectScheduledAccessNetwork,typename,,,"""dect2020scheduledaccess.DectScheduledAccessNetwork"""
Phase5_Tail-63-20261001-21:25:28-68,param,DectScheduledAccessNetwork.queue,typename,,,"""dect2020scheduledaccess.ScheduledAccessQueue"""
Phase5_Tail-63-20261001-21:25:28-68,param,DectScheduledAccessNetwork.queue,D,,,10
Phase5_Tail-63-20261001-21:25:28-68,param,DectScheduledAccessNetwork.queue,frameDuration,,,0.01s
Phase5_Tail-63-20261001-21:25:28-68,attr,DectScheduledAccessNetwork.queue,frameDuration,unit,s,
Phase5_Tail-63-20261001-21:25:28-68,param,DectScheduledAccessNetwork.queue,meanType1ServiceTime,,,0.000416667s
Phase5_Tail-63-20261001-21:25:28-68,attr,DectScheduledAccessNetwork.queue,meanType1ServiceTime,unit,s,
Phase5_Tail-63-20261001-21:25:28-68,param,DectScheduledAccessNetwork.queue,deriveDectParametersFromD,,,true
Phase5_Tail-63-20261001-21:25:28-68,param,DectScheduledAccessNetwork.queue,L,,,2
Phase5_Tail-63-20261001-21:25:28-68,param,DectScheduledAccessNetwork.queue,type2ServiceTime,,,0.009s
Phase5_Tail-63-20261001-21:25:28-68,attr,DectScheduledAccessNetwork.queue,type2ServiceTime,unit,s,
Phase5_Tail-63-20261001-21:25:28-68,param,DectScheduledAccessNetwork.queue,deriveLambdaFromRho,,,true
Phase5_Tail-63-20261001-21:25:28-68,param,DectScheduledAccessNetwork.queue,rho,,,0.101695
Phase5_Tail-63-20261001-21:25:28-68,param,DectScheduledAccessNetwork.queue,lambdaPerMs,,,0.12
Phase5_Tail-63-20261001-21:25:28-68,param,DectScheduledAccessNetwork.queue,r,,,30
Phase5_Tail-63-20261001-21:25:28-68,param,DectScheduledAccessNetwork.queue,warmupCompletedPackets,,,200000
Phase5_Tail-63-20261001-21:25:28-68,param,DectScheduledAccessNetwork.queue,targetCompletedPackets,,,1000000
Phase5_Tail-63-20261001-21:25:28-68,param,DectScheduledAccessNetwork.queue,rngIndex,,,0
Phase5_Tail-63-20261001-21:25:28-68,param,DectScheduledAccessNetwork.queue,recordVectors,,,false
Phase5_Tail-63-20261001-21:25:28-68,param,DectScheduledAccessNetwork.queue,recordTailStatistics,,,true
Phase5_Tail-63-20261001-21:25:28-68,param,DectScheduledAccessNetwork,typename,,,"""dect2020scheduledaccess.DectScheduledAccessNetwork"""
Phase5_Tail-64-20261001-21:25:28-68,param,DectScheduledAccessNetwork.queue,typename,,,"""dect2020scheduledaccess.ScheduledAccessQueue"""
Phase5_Tail-64-20261001-21:25:28-68,param,DectScheduledAccessNetwork.queue,D,,,10
Phase5_Tail-64-20261001-21:25:28-68,param,DectScheduledAccessNetwork.queue,frameDuration,,,0.01s
Phase5_Tail-64-20261001-21:25:28-68,attr,DectScheduledAccessNetwork.queue,frameDuration,unit,s,
Phase5_Tail-64-20261001-21:25:28-68,param,DectScheduledAccessNetwork.queue,meanType1ServiceTime,,,0.000416667s
Phase5_Tail-64-20261001-21:25:28-68,attr,DectScheduledAccessNetwork.queue,meanType1ServiceTime,unit,s,
Phase5_Tail-64-20261001-21:25:28-68,param,DectScheduledAccessNetwork.queue,deriveDectParametersFromD,,,true
Phase5_Tail-64-20261001-21:25:28-68,param,DectScheduledAccessNetwork.queue,L,,,2
Phase5_Tail-64-20261001-21:25:28-68,param,DectScheduledAccessNetwork.queue,type2ServiceTime,,,0.009s
Phase5_Tail-64-20261001-21:25:28-68,attr,DectScheduledAccessNetwork.queue,type2ServiceTime,unit,s,
Phase5_Tail-64-20261001-21:25:28-68,param,DectScheduledAccessNetwork.queue,deriveLambdaFromRho,,,true
Phase5_Tail-64-20261001-21:25:28-68,param,DectScheduledAccessNetwork.queue,rho,,,0.101695
Phase5_Tail-64-20261001-21:25:28-68,param,DectScheduledAccessNetwork.queue,lambdaPerMs,,,0.12
Phase5_Tail-64-20261001-21:25:28-68,param,DectScheduledAccessNetwork.queue,r,,,30
Phase5_Tail-64-20261001-21:25:28-68,param,DectScheduledAccessNetwork.queue,warmupCompletedPackets,,,200000
Phase5_Tail-64-20261001-21:25:28-68,param,DectScheduledAccessNetwork.queue,targetCompletedPackets,,,1000000
Phase5_Tail-64-20261001-21:25:28-68,param,DectScheduledAccessNetwork.queue,rngIndex,,,0
Phase5_Tail-64-20261001-21:25:28-68,param,DectScheduledAccessNetwork.queue,recordVectors,,,false
Phase5_Tail-64-20261001-21:25:28-68,param,DectScheduledAccessNetwork.queue,recordTailStatistics,,,true
Phase5_Tail-64-20261001-21:25:28-68,param,DectScheduledAccessNetwork,typename,,,"""dect2020scheduledaccess.DectScheduledAccessNetwork"""
Phase5_Tail-65-20261001-21:25:29-68,param,DectScheduledAccessNetwork.queue,typename,,,"""dect2020scheduledaccess.ScheduledAccessQueue"""
Phase5_Tail-65-20261001-21:25:29-68,param,DectScheduledAccessNetwork.queue,D,,,10
Phase5_Tail-65-20261001-21:25:29-68,param,DectScheduledAccessNetwork.queue,frameDuration,,,0.01s
Phase5_Tail-65-20261001-21:25:29-68,attr,DectScheduledAccessNetwork.queue,frameDuration,unit,s,
Phase5_Tail-65-20261001-21:25:29-68,param,DectScheduledAccessNetwork.queue,meanType1ServiceTime,,,0.000416667s
Phase5_Tail-65-20261001-21:25:29-68,attr,DectScheduledAccessNetwork.queue,meanType1ServiceTime,unit,s,
Phase5_Tail-65-20261001-21:25:29-68,param,DectScheduledAccessNetwork.queue,deriveDectParametersFromD,,,true
Phase5_Tail-65-20261001-21:25:29-68,param,DectScheduledAccessNetwork.queue,L,,,2
Phase5_Tail-65-20261001-21:25:29-68,param,DectScheduledAccessNetwork.queue,type2ServiceTime,,,0.009s
Phase5_Tail-65-20261001-21:25:29-68,attr,DectScheduledAccessNetwork.queue,type2ServiceTime,unit,s,
Phase5_Tail-65-20261001-21:25:29-68,param,DectScheduledAccessNetwork.queue,deriveLambdaFromRho,,,true
Phase5_Tail-65-20261001-21:25:29-68,param,DectScheduledAccessNetwork.queue,rho,,,0.101695
Phase5_Tail-65-20261001-21:25:29-68,param,DectScheduledAccessNetwork.queue,lambdaPerMs,,,0.12
Phase5_Tail-65-20261001-21:25:29-68,param,DectScheduledAccessNetwork.queue,r,,,30
Phase5_Tail-65-20261001-21:25:29-68,param,DectScheduledAccessNetwork.queue,warmupCompletedPackets,,,200000
Phase5_Tail-65-20261001-21:25:29-68,param,DectScheduledAccessNetwork.queue,targetCompletedPackets,,,1000000
Phase5_Tail-65-20261001-21:25:29-68,param,DectScheduledAccessNetwork.queue,rngIndex,,,0
Phase5_Tail-65-20261001-21:25:29-68,param,DectScheduledAccessNetwork.queue,recordVectors,,,false
Phase5_Tail-65-20261001-21:25:29-68,param,DectScheduledAccessNetwork.queue,recordTailStatistics,,,true
Phase5_Tail-65-20261001-21:25:29-68,param,DectScheduledAccessNetwork,typename,,,"""dect2020scheduledaccess.DectScheduledAccessNetwork"""
Phase5_Tail-66-20261001-21:25:29-68,param,DectScheduledAccessNetwork.queue,typename,,,"""dect2020scheduledaccess.ScheduledAccessQueue"""
Phase5_Tail-66-20261001-21:25:29-68,param,DectScheduledAccessNetwork.queue,D,,,10
Phase5_Tail-66-20261001-21:25:29-68,param,DectScheduledAccessNetwork.queue,frameDuration,,,0.01s
Phase5_Tail-66-20261001-21:25:29-68,attr,DectScheduledAccessNetwork.queue,frameDuration,unit,s,
Phase5_Tail-66-20261001-21:25:29-68,param,DectScheduledAccessNetwork.queue,meanType1ServiceTime,,,0.000416667s
Phase5_Tail-66-20261001-21:25:29-68,attr,DectScheduledAccessNetwork.queue,meanType1ServiceTime,unit,s,
Phase5_Tail-66-20261001-21:25:29-68,param,DectScheduledAccessNetwork.queue,deriveDectParametersFromD,,,true
Phase5_Tail-66-20261001-21:25:29-68,param,DectScheduledAccessNetwork.queue,L,,,2
Phase5_Tail-66-20261001-21:25:29-68,param,DectScheduledAccessNetwork.queue,type2ServiceTime,,,0.009s
Phase5_Tail-66-20261001-21:25:29-68,attr,DectScheduledAccessNetwork.queue,type2ServiceTime,unit,s,
Phase5_Tail-66-20261001-21:25:29-68,param,DectScheduledAccessNetwork.queue,deriveLambdaFromRho,,,true
Phase5_Tail-66-20261001-21:25:29-68,param,DectScheduledAccessNetwork.queue,rho,,,0.101695
Phase5_Tail-66-20261001-21:25:29-68,param,DectScheduledAccessNetwork.queue,lambdaPerMs,,,0.12
Phase5_Tail-66-20261001-21:25:29-68,param,DectScheduledAccessNetwork.queue,r,,,30
Phase5_Tail-66-20261001-21:25:29-68,param,DectScheduledAccessNetwork.queue,warmupCompletedPackets,,,200000
Phase5_Tail-66-20261001-21:25:29-68,param,DectScheduledAccessNetwork.queue,targetCompletedPackets,,,1000000
Phase5_Tail-66-20261001-21:25:29-68,param,DectScheduledAccessNetwork.queue,rngIndex,,,0
Phase5_Tail-66-20261001-21:25:29-68,param,DectScheduledAccessNetwork.queue,recordVectors,,,false
Phase5_Tail-66-20261001-21:25:29-68,param,DectScheduledAccessNetwork.queue,recordTailStatistics,,,true
Phase5_Tail-66-20261001-21:25:29-68,param,DectScheduledAccessNetwork,typename,,,"""dect2020scheduledaccess.DectScheduledAccessNetwork"""
Phase5_Tail-67-20261001-21:25:29-68,param,DectScheduledAccessNetwork.queue,typename,,,"""dect2020scheduledaccess.ScheduledAccessQueue"""
Phase5_Tail-67-20261001-21:25:29-68,param,DectScheduledAccessNetwork.queue,D,,,10
Phase5_Tail-67-20261001-21:25:29-68,param,DectScheduledAccessNetwork.queue,frameDuration,,,0.01s
Phase5_Tail-67-20261001-21:25:29-68,attr,DectScheduledAccessNetwork.queue,frameDuration,unit,s,
Phase5_Tail-67-20261001-21:25:29-68,param,DectScheduledAccessNetwork.queue,meanType1ServiceTime,,,0.000416667s
Phase5_Tail-67-20261001-21:25:29-68,attr,DectScheduledAccessNetwork.queue,meanType1ServiceTime,unit,s,
Phase5_Tail-67-20261001-21:25:29-68,param,DectScheduledAccessNetwork.queue,deriveDectParametersFromD,,,true
Phase5_Tail-67-20261001-21:25:29-68,param,DectScheduledAccessNetwork.queue,L,,,2
Phase5_Tail-67-20261001-21:25:29-68,param,DectScheduledAccessNetwork.queue,type2ServiceTime,,,0.009s
Phase5_Tail-67-20261001-21:25:29-68,attr,DectScheduledAccessNetwork.queue,type2ServiceTime,unit,s,
Phase5_Tail-67-20261001-21:25:29-68,param,DectScheduledAccessNetwork.queue,deriveLambdaFromRho,,,true
Phase5_Tail-67-20261001-21:25:29-68,param,DectScheduledAccessNetwork.queue,rho,,,0.101695
Phase5_Tail-67-20261001-21:25:29-68,param,DectScheduledAccessNetwork.queue,lambdaPerMs,,,0.12
Phase5_Tail-67-20261001-21:25:29-68,param,DectScheduledAccessNetwork.queue,r,,,30
Phase5_Tail-67-20261001-21:25:29-68,param,DectScheduledAccessNetwork.queue,warmupCompletedPackets,,,200000
Phase5_Tail-67-20261001-21:25:29-68,param,DectScheduledAccessNetwork.queue,targetCompletedPackets,,,1000000
Phase5_Tail-67-20261001-21:25:29-68,param,DectScheduledAccessNetwork.queue,rngIndex,,,0
Phase5_Tail-67-20261001-21:25:29-68,param,DectScheduledAccessNetwork.queue,recordVectors,,,false
Phase5_Tail-67-20261001-21:25:29-68,param,DectScheduledAccessNetwork.queue,recordTailStatistics,,,true
Phase5_Tail-67-20261001-21:25:29-68,param,DectScheduledAccessNetwork,typename,,,"""dect2020scheduledaccess.DectScheduledAccessNetwork"""
Phase5_Tail-68-20261001-21:25:30-68,param,DectScheduledAccessNetwork.queue,typename,,,"""dect2020scheduledaccess.ScheduledAccessQueue"""
Phase5_Tail-68-20261001-21:25:30-68,param,DectScheduledAccessNetwork.queue,D,,,10
Phase5_Tail-68-20261001-21:25:30-68,param,DectScheduledAccessNetwork.queue,frameDuration,,,0.01s
Phase5_Tail-68-20261001-21:25:30-68,attr,DectScheduledAccessNetwork.queue,frameDuration,unit,s,
Phase5_Tail-68-20261001-21:25:30-68,param,DectScheduledAccessNetwork.queue,meanType1ServiceTime,,,0.000416667s
Phase5_Tail-68-20261001-21:25:30-68,attr,DectScheduledAccessNetwork.queue,meanType1ServiceTime,unit,s,
Phase5_Tail-68-20261001-21:25:30-68,param,DectScheduledAccessNetwork.queue,deriveDectParametersFromD,,,true
Phase5_Tail-68-20261001-21:25:30-68,param,DectScheduledAccessNetwork.queue,L,,,2
Phase5_Tail-68-20261001-21:25:30-68,param,DectScheduledAccessNetwork.queue,type2ServiceTime,,,0.009s
Phase5_Tail-68-20261001-21:25:30-68,attr,DectScheduledAccessNetwork.queue,type2ServiceTime,unit,s,
Phase5_Tail-68-20261001-21:25:30-68,param,DectScheduledAccessNetwork.queue,deriveLambdaFromRho,,,true
Phase5_Tail-68-20261001-21:25:30-68,param,DectScheduledAccessNetwork.queue,rho,,,0.101695
Phase5_Tail-68-20261001-21:25:30-68,param,DectScheduledAccessNetwork.queue,lambdaPerMs,,,0.12
Phase5_Tail-68-20261001-21:25:30-68,param,DectScheduledAccessNetwork.queue,r,,,30
Phase5_Tail-68-20261001-21:25:30-68,param,DectScheduledAccessNetwork.queue,warmupCompletedPackets,,,200000
Phase5_Tail-68-20261001-21:25:30-68,param,DectScheduledAccessNetwork.queue,targetCompletedPackets,,,1000000
Phase5_Tail-68-20261001-21:25:30-68,param,DectScheduledAccessNetwork.queue,rngIndex,,,0
Phase5_Tail-68-20261001-21:25:30-68,param,DectScheduledAccessNetwork.queue,recordVectors,,,false
Phase5_Tail-68-20261001-21:25:30-68,param,DectScheduledAccessNetwork.queue,recordTailStatistics,,,true
Phase5_Tail-68-20261001-21:25:30-68,param,DectScheduledAccessNetwork,typename,,,"""dect2020scheduledaccess.DectScheduledAccessNetwork"""
Phase5_Tail-69-20261001-21:25:30-68,param,DectScheduledAccessNetwork.queue,typename,,,"""dect2020scheduledaccess.ScheduledAccessQueue"""
Phase5_Tail-69-20261001-21:25:30-68,param,DectScheduledAccessNetwork.queue,D,,,10
Phase5_Tail-69-20261001-21:25:30-68,param,DectScheduledAccessNetwork.queue,frameDuration,,,0.01s
Phase5_Tail-69-20261001-21:25:30-68,attr,DectScheduledAccessNetwork.queue,frameDuration,unit,s,
Phase5_Tail-69-20261001-21:25:30-68,param,DectScheduledAccessNetwork.queue,meanType1ServiceTime,,,0.000416667s
Phase5_Tail-69-20261001-21:25:30-68,attr,DectScheduledAccessNetwork.queue,meanType1ServiceTime,unit,s,
Phase5_Tail-69-20261001-21:25:30-68,param,DectScheduledAccessNetwork.queue,deriveDectParametersFromD,,,true
Phase5_Tail-69-20261001-21:25:30-68,param,DectScheduledAccessNetwork.queue,L,,,2
Phase5_Tail-69-20261001-21:25:30-68,param,DectScheduledAccessNetwork.queue,type2ServiceTime,,,0.009s
Phase5_Tail-69-20261001-21:25:30-68,attr,DectScheduledAccessNetwork.queue,type2ServiceTime,unit,s,
Phase5_Tail-69-20261001-21:25:30-68,param,DectScheduledAccessNetwork.queue,deriveLambdaFromRho,,,true
Phase5_Tail-69-20261001-21:25:30-68,param,DectScheduledAccessNetwork.queue,rho,,,0.101695
Phase5_Tail-69-20261001-21:25:30-68,param,DectScheduledAccessNetwork.queue,lambdaPerMs,,,0.12
Phase5_Tail-69-20261001-21:25:30-68,param,DectScheduledAccessNetwork.queue,r,,,30
Phase5_Tail-69-20261001-21:25:30-68,param,DectScheduledAccessNetwork.queue,warmupCompletedPackets,,,200000
Phase5_Tail-69-20261001-21:25:30-68,param,DectScheduledAccessNetwork.queue,targetCompletedPackets,,,1000000
Phase5_Tail-69-20261001-21:25:30-68,param,DectScheduledAccessNetwork.queue,rngIndex,,,0
Phase5_Tail-69-20261001-21:25:30-68,param,DectScheduledAccessNetwork.queue,recordVectors,,,false
Phase5_Tail-69-20261001-21:25:30-68,param,DectScheduledAccessNetwork.queue,recordTailStatistics,,,true
Phase5_Tail-69-20261001-21:25:30-68,param,DectScheduledAccessNetwork,typename,,,"""dect2020scheduledaccess.DectScheduledAccessNetwork"""
Phase5_Tail-70-20261001-21:25:30-68,param,DectScheduledAccessNetwork.queue,typename,,,"""dect2020scheduledaccess.ScheduledAccessQueue"""
Phase5_Tail-70-20261001-21:25:30-68,param,DectScheduledAccessNetwork.queue,D,,,10
Phase5_Tail-70-20261001-21:25:30-68,param,DectScheduledAccessNetwork.queue,frameDuration,,,0.01s
Phase5_Tail-70-20261001-21:25:30-68,attr,DectScheduledAccessNetwork.queue,frameDuration,unit,s,
Phase5_Tail-70-20261001-21:25:30-68,param,DectScheduledAccessNetwork.queue,meanType1ServiceTime,,,0.000416667s
Phase5_Tail-70-20261001-21:25:30-68,attr,DectScheduledAccessNetwork.queue,meanType1ServiceTime,unit,s,
Phase5_Tail-70-20261001-21:25:30-68,param,DectScheduledAccessNetwork.queue,deriveDectParametersFromD,,,true
Phase5_Tail-70-20261001-21:25:30-68,param,DectScheduledAccessNetwork.queue,L,,,2
Phase5_Tail-70-20261001-21:25:30-68,param,DectScheduledAccessNetwork.queue,type2ServiceTime,,,0.009s
Phase5_Tail-70-20261001-21:25:30-68,attr,DectScheduledAccessNetwork.queue,type2ServiceTime,unit,s,
Phase5_Tail-70-20261001-21:25:30-68,param,DectScheduledAccessNetwork.queue,deriveLambdaFromRho,,,true
Phase5_Tail-70-20261001-21:25:30-68,param,DectScheduledAccessNetwork.queue,rho,,,0.127119
Phase5_Tail-70-20261001-21:25:30-68,param,DectScheduledAccessNetwork.queue,lambdaPerMs,,,0.12
Phase5_Tail-70-20261001-21:25:30-68,param,DectScheduledAccessNetwork.queue,r,,,30
Phase5_Tail-70-20261001-21:25:30-68,param,DectScheduledAccessNetwork.queue,warmupCompletedPackets,,,200000
Phase5_Tail-70-20261001-21:25:30-68,param,DectScheduledAccessNetwork.queue,targetCompletedPackets,,,1000000
Phase5_Tail-70-20261001-21:25:30-68,param,DectScheduledAccessNetwork.queue,rngIndex,,,0
Phase5_Tail-70-20261001-21:25:30-68,param,DectScheduledAccessNetwork.queue,recordVectors,,,false
Phase5_Tail-70-20261001-21:25:30-68,param,DectScheduledAccessNetwork.queue,recordTailStatistics,,,true
Phase5_Tail-70-20261001-21:25:30-68,param,DectScheduledAccessNetwork,typename,,,"""dect2020scheduledaccess.DectScheduledAccessNetwork"""
Phase5_Tail-71-20261001-21:25:31-68,param,DectScheduledAccessNetwork.queue,typename,,,"""dect2020scheduledaccess.ScheduledAccessQueue"""
Phase5_Tail-71-20261001-21:25:31-68,param,DectScheduledAccessNetwork.queue,D,,,10
Phase5_Tail-71-20261001-21:25:31-68,param,DectScheduledAccessNetwork.queue,frameDuration,,,0.01s
Phase5_Tail-71-20261001-21:25:31-68,attr,DectScheduledAccessNetwork.queue,frameDuration,unit,s,
Phase5_Tail-71-20261001-21:25:31-68,param,DectScheduledAccessNetwork.queue,meanType1ServiceTime,,,0.000416667s
Phase5_Tail-71-20261001-21:25:31-68,attr,DectScheduledAccessNetwork.queue,meanType1ServiceTime,unit,s,
Phase5_Tail-71-20261001-21:25:31-68,param,DectScheduledAccessNetwork.queue,deriveDectParametersFromD,,,true
Phase5_Tail-71-20261001-21:25:31-68,param,DectScheduledAccessNetwork.queue,L,,,2
Phase5_Tail-71-20261001-21:25:31-68,param,DectScheduledAccessNetwork.queue,type2ServiceTime,,,0.009s
Phase5_Tail-71-20261001-21:25:31-68,attr,DectScheduledAccessNetwork.queue,type2ServiceTime,unit,s,
Phase5_Tail-71-20261001-21:25:31-68,param,DectScheduledAccessNetwork.queue,deriveLambdaFromRho,,,true
Phase5_Tail-71-20261001-21:25:31-68,param,DectScheduledAccessNetwork.queue,rho,,,0.127119
Phase5_Tail-71-20261001-21:25:31-68,param,DectScheduledAccessNetwork.queue,lambdaPerMs,,,0.12
Phase5_Tail-71-20261001-21:25:31-68,param,DectScheduledAccessNetwork.queue,r,,,30
Phase5_Tail-71-20261001-21:25:31-68,param,DectScheduledAccessNetwork.queue,warmupCompletedPackets,,,200000
Phase5_Tail-71-20261001-21:25:31-68,param,DectScheduledAccessNetwork.queue,targetCompletedPackets,,,1000000
Phase5_Tail-71-20261001-21:25:31-68,param,DectScheduledAccessNetwork.queue,rngIndex,,,0
Phase5_Tail-71-20261001-21:25:31-68,param,DectScheduledAccessNetwork.queue,recordVectors,,,false
Phase5_Tail-71-20261001-21:25:31-68,param,DectScheduledAccessNetwork.queue,recordTailStatistics,,,true
Phase5_Tail-71-20261001-21:25:31-68,param,DectScheduledAccessNetwork,typename,,,"""dect2020scheduledaccess.DectScheduledAccessNetwork"""
Phase5_Tail-72-20261001-21:25:31-68,param,DectScheduledAccessNetwork.queue,typename,,,"""dect2020scheduledaccess.ScheduledAccessQueue"""
Phase5_Tail-72-20261001-21:25:31-68,param,DectScheduledAccessNetwork.queue,D,,,10
Phase5_Tail-72-20261001-21:25:31-68,param,DectScheduledAccessNetwork.queue,frameDuration,,,0.01s
Phase5_Tail-72-20261001-21:25:31-68,attr,DectScheduledAccessNetwork.queue,frameDuration,unit,s,
Phase5_Tail-72-20261001-21:25:31-68,param,DectScheduledAccessNetwork.queue,meanType1ServiceTime,,,0.000416667s
Phase5_Tail-72-20261001-21:25:31-68,attr,DectScheduledAccessNetwork.queue,meanType1ServiceTime,unit,s,
Phase5_Tail-72-20261001-21:25:31-68,param,DectScheduledAccessNetwork.queue,deriveDectParametersFromD,,,true
Phase5_Tail-72-20261001-21:25:31-68,param,DectScheduledAccessNetwork.queue,L,,,2
Phase5_Tail-72-20261001-21:25:31-68,param,DectScheduledAccessNetwork.queue,type2ServiceTime,,,0.009s
Phase5_Tail-72-20261001-21:25:31-68,attr,DectScheduledAccessNetwork.queue,type2ServiceTime,unit,s,
Phase5_Tail-72-20261001-21:25:31-68,param,DectScheduledAccessNetwork.queue,deriveLambdaFromRho,,,true
Phase5_Tail-72-20261001-21:25:31-68,param,DectScheduledAccessNetwork.queue,rho,,,0.127119
Phase5_Tail-72-20261001-21:25:31-68,param,DectScheduledAccessNetwork.queue,lambdaPerMs,,,0.12
Phase5_Tail-72-20261001-21:25:31-68,param,DectScheduledAccessNetwork.queue,r,,,30
Phase5_Tail-72-20261001-21:25:31-68,param,DectScheduledAccessNetwork.queue,warmupCompletedPackets,,,200000
Phase5_Tail-72-20261001-21:25:31-68,param,DectScheduledAccessNetwork.queue,targetCompletedPackets,,,1000000
Phase5_Tail-72-20261001-21:25:31-68,param,DectScheduledAccessNetwork.queue,rngIndex,,,0
Phase5_Tail-72-20261001-21:25:31-68,param,DectScheduledAccessNetwork.queue,recordVectors,,,false
Phase5_Tail-72-20261001-21:25:31-68,param,DectScheduledAccessNetwork.queue,recordTailStatistics,,,true
Phase5_Tail-72-20261001-21:25:31-68,param,DectScheduledAccessNetwork,typename,,,"""dect2020scheduledaccess.DectScheduledAccessNetwork"""
Phase5_Tail-73-20261001-21:25:32-68,param,DectScheduledAccessNetwork.queue,typename,,,"""dect2020scheduledaccess.ScheduledAccessQueue"""
Phase5_Tail-73-20261001-21:25:32-68,param,DectScheduledAccessNetwork.queue,D,,,10
Phase5_Tail-73-20261001-21:25:32-68,param,DectScheduledAccessNetwork.queue,frameDuration,,,0.01s
Phase5_Tail-73-20261001-21:25:32-68,attr,DectScheduledAccessNetwork.queue,frameDuration,unit,s,
Phase5_Tail-73-20261001-21:25:32-68,param,DectScheduledAccessNetwork.queue,meanType1ServiceTime,,,0.000416667s
Phase5_Tail-73-20261001-21:25:32-68,attr,DectScheduledAccessNetwork.queue,meanType1ServiceTime,unit,s,
Phase5_Tail-73-20261001-21:25:32-68,param,DectScheduledAccessNetwork.queue,deriveDectParametersFromD,,,true
Phase5_Tail-73-20261001-21:25:32-68,param,DectScheduledAccessNetwork.queue,L,,,2
Phase5_Tail-73-20261001-21:25:32-68,param,DectScheduledAccessNetwork.queue,type2ServiceTime,,,0.009s
Phase5_Tail-73-20261001-21:25:32-68,attr,DectScheduledAccessNetwork.queue,type2ServiceTime,unit,s,
Phase5_Tail-73-20261001-21:25:32-68,param,DectScheduledAccessNetwork.queue,deriveLambdaFromRho,,,true
Phase5_Tail-73-20261001-21:25:32-68,param,DectScheduledAccessNetwork.queue,rho,,,0.127119
Phase5_Tail-73-20261001-21:25:32-68,param,DectScheduledAccessNetwork.queue,lambdaPerMs,,,0.12
Phase5_Tail-73-20261001-21:25:32-68,param,DectScheduledAccessNetwork.queue,r,,,30
Phase5_Tail-73-20261001-21:25:32-68,param,DectScheduledAccessNetwork.queue,warmupCompletedPackets,,,200000
Phase5_Tail-73-20261001-21:25:32-68,param,DectScheduledAccessNetwork.queue,targetCompletedPackets,,,1000000
Phase5_Tail-73-20261001-21:25:32-68,param,DectScheduledAccessNetwork.queue,rngIndex,,,0
Phase5_Tail-73-20261001-21:25:32-68,param,DectScheduledAccessNetwork.queue,recordVectors,,,false
Phase5_Tail-73-20261001-21:25:32-68,param,DectScheduledAccessNetwork.queue,recordTailStatistics,,,true
Phase5_Tail-73-20261001-21:25:32-68,param,DectScheduledAccessNetwork,typename,,,"""dect2020scheduledaccess.DectScheduledAccessNetwork"""
Phase5_Tail-74-20261001-21:25:32-68,param,DectScheduledAccessNetwork.queue,typename,,,"""dect2020scheduledaccess.ScheduledAccessQueue"""
Phase5_Tail-74-20261001-21:25:32-68,param,DectScheduledAccessNetwork.queue,D,,,10
Phase5_Tail-74-20261001-21:25:32-68,param,DectScheduledAccessNetwork.queue,frameDuration,,,0.01s
Phase5_Tail-74-20261001-21:25:32-68,attr,DectScheduledAccessNetwork.queue,frameDuration,unit,s,
Phase5_Tail-74-20261001-21:25:32-68,param,DectScheduledAccessNetwork.queue,meanType1ServiceTime,,,0.000416667s
Phase5_Tail-74-20261001-21:25:32-68,attr,DectScheduledAccessNetwork.queue,meanType1ServiceTime,unit,s,
Phase5_Tail-74-20261001-21:25:32-68,param,DectScheduledAccessNetwork.queue,deriveDectParametersFromD,,,true
Phase5_Tail-74-20261001-21:25:32-68,param,DectScheduledAccessNetwork.queue,L,,,2
Phase5_Tail-74-20261001-21:25:32-68,param,DectScheduledAccessNetwork.queue,type2ServiceTime,,,0.009s
Phase5_Tail-74-20261001-21:25:32-68,attr,DectScheduledAccessNetwork.queue,type2ServiceTime,unit,s,
Phase5_Tail-74-20261001-21:25:32-68,param,DectScheduledAccessNetwork.queue,deriveLambdaFromRho,,,true
Phase5_Tail-74-20261001-21:25:32-68,param,DectScheduledAccessNetwork.queue,rho,,,0.127119
Phase5_Tail-74-20261001-21:25:32-68,param,DectScheduledAccessNetwork.queue,lambdaPerMs,,,0.12
Phase5_Tail-74-20261001-21:25:32-68,param,DectScheduledAccessNetwork.queue,r,,,30
Phase5_Tail-74-20261001-21:25:32-68,param,DectScheduledAccessNetwork.queue,warmupCompletedPackets,,,200000
Phase5_Tail-74-20261001-21:25:32-68,param,DectScheduledAccessNetwork.queue,targetCompletedPackets,,,1000000
Phase5_Tail-74-20261001-21:25:32-68,param,DectScheduledAccessNetwork.queue,rngIndex,,,0
Phase5_Tail-74-20261001-21:25:32-68,param,DectScheduledAccessNetwork.queue,recordVectors,,,false
Phase5_Tail-74-20261001-21:25:32-68,param,DectScheduledAccessNetwork.queue,recordTailStatistics,,,true
Phase5_Tail-74-20261001-21:25:32-68,param,DectScheduledAccessNetwork,typename,,,"""dect2020scheduledaccess.DectScheduledAccessNetwork"""
Phase5_Tail-75-20261001-21:25:32-68,param,DectScheduledAccessNetwork.queue,typename,,,"""dect2020scheduledaccess.ScheduledAccessQueue"""
Phase5_Tail-75-20261001-21:25:32-68,param,DectScheduledAccessNetwork.queue,D,,,10
Phase5_Tail-75-20261001-21:25:32-68,param,DectScheduledAccessNetwork.queue,frameDuration,,,0.01s
Phase5_Tail-75-20261001-21:25:32-68,attr,DectScheduledAccessNetwork.queue,frameDuration,unit,s,
Phase5_Tail-75-20261001-21:25:32-68,param,DectScheduledAccessNetwork.queue,meanType1ServiceTime,,,0.000416667s
Phase5_Tail-75-20261001-21:25:32-68,attr,DectScheduledAccessNetwork.queue,meanType1ServiceTime,unit,s,
Phase5_Tail-75-20261001-21:25:32-68,param,DectScheduledAccessNetwork.queue,deriveDectParametersFromD,,,true
Phase5_Tail-75-20261001-21:25:32-68,param,DectScheduledAccessNetwork.queue,L,,,2
Phase5_Tail-75-20261001-21:25:32-68,param,DectScheduledAccessNetwork.queue,type2ServiceTime,,,0.009s
Phase5_Tail-75-20261001-21:25:32-68,attr,DectScheduledAccessNetwork.queue,type2ServiceTime,unit,s,
Phase5_Tail-75-20261001-21:25:32-68,param,DectScheduledAccessNetwork.queue,deriveLambdaFromRho,,,true
Phase5_Tail-75-20261001-21:25:32-68,param,DectScheduledAccessNetwork.queue,rho,,,0.127119
Phase5_Tail-75-20261001-21:25:32-68,param,DectScheduledAccessNetwork.queue,lambdaPerMs,,,0.12
Phase5_Tail-75-20261001-21:25:32-68,param,DectScheduledAccessNetwork.queue,r,,,30
Phase5_Tail-75-20261001-21:25:32-68,param,DectScheduledAccessNetwork.queue,warmupCompletedPackets,,,200000
Phase5_Tail-75-20261001-21:25:32-68,param,DectScheduledAccessNetwork.queue,targetCompletedPackets,,,1000000
Phase5_Tail-75-20261001-21:25:32-68,param,DectScheduledAccessNetwork.queue,rngIndex,,,0
Phase5_Tail-75-20261001-21:25:32-68,param,DectScheduledAccessNetwork.queue,recordVectors,,,false
Phase5_Tail-75-20261001-21:25:32-68,param,DectScheduledAccessNetwork.queue,recordTailStatistics,,,true
Phase5_Tail-75-20261001-21:25:32-68,param,DectScheduledAccessNetwork,typename,,,"""dect2020scheduledaccess.DectScheduledAccessNetwork"""
Phase5_Tail-76-20261001-21:25:33-68,param,DectScheduledAccessNetwork.queue,typename,,,"""dect2020scheduledaccess.ScheduledAccessQueue"""
Phase5_Tail-76-20261001-21:25:33-68,param,DectScheduledAccessNetwork.queue,D,,,10
Phase5_Tail-76-20261001-21:25:33-68,param,DectScheduledAccessNetwork.queue,frameDuration,,,0.01s
Phase5_Tail-76-20261001-21:25:33-68,attr,DectScheduledAccessNetwork.queue,frameDuration,unit,s,
Phase5_Tail-76-20261001-21:25:33-68,param,DectScheduledAccessNetwork.queue,meanType1ServiceTime,,,0.000416667s
Phase5_Tail-76-20261001-21:25:33-68,attr,DectScheduledAccessNetwork.queue,meanType1ServiceTime,unit,s,
Phase5_Tail-76-20261001-21:25:33-68,param,DectScheduledAccessNetwork.queue,deriveDectParametersFromD,,,true
Phase5_Tail-76-20261001-21:25:33-68,param,DectScheduledAccessNetwork.queue,L,,,2
Phase5_Tail-76-20261001-21:25:33-68,param,DectScheduledAccessNetwork.queue,type2ServiceTime,,,0.009s
Phase5_Tail-76-20261001-21:25:33-68,attr,DectScheduledAccessNetwork.queue,type2ServiceTime,unit,s,
Phase5_Tail-76-20261001-21:25:33-68,param,DectScheduledAccessNetwork.queue,deriveLambdaFromRho,,,true
Phase5_Tail-76-20261001-21:25:33-68,param,DectScheduledAccessNetwork.queue,rho,,,0.127119
Phase5_Tail-76-20261001-21:25:33-68,param,DectScheduledAccessNetwork.queue,lambdaPerMs,,,0.12
Phase5_Tail-76-20261001-21:25:33-68,param,DectScheduledAccessNetwork.queue,r,,,30
Phase5_Tail-76-20261001-21:25:33-68,param,DectScheduledAccessNetwork.queue,warmupCompletedPackets,,,200000
Phase5_Tail-76-20261001-21:25:33-68,param,DectScheduledAccessNetwork.queue,targetCompletedPackets,,,1000000
Phase5_Tail-76-20261001-21:25:33-68,param,DectScheduledAccessNetwork.queue,rngIndex,,,0
Phase5_Tail-76-20261001-21:25:33-68,param,DectScheduledAccessNetwork.queue,recordVectors,,,false
Phase5_Tail-76-20261001-21:25:33-68,param,DectScheduledAccessNetwork.queue,recordTailStatistics,,,true
Phase5_Tail-76-20261001-21:25:33-68,param,DectScheduledAccessNetwork,typename,,,"""dect2020scheduledaccess.DectScheduledAccessNetwork"""
Phase5_Tail-77-20261001-21:25:33-68,param,DectScheduledAccessNetwork.queue,typename,,,"""dect2020scheduledaccess.ScheduledAccessQueue"""
Phase5_Tail-77-20261001-21:25:33-68,param,DectScheduledAccessNetwork.queue,D,,,10
Phase5_Tail-77-20261001-21:25:33-68,param,DectScheduledAccessNetwork.queue,frameDuration,,,0.01s
Phase5_Tail-77-20261001-21:25:33-68,attr,DectScheduledAccessNetwork.queue,frameDuration,unit,s,
Phase5_Tail-77-20261001-21:25:33-68,param,DectScheduledAccessNetwork.queue,meanType1ServiceTime,,,0.000416667s
Phase5_Tail-77-20261001-21:25:33-68,attr,DectScheduledAccessNetwork.queue,meanType1ServiceTime,unit,s,
Phase5_Tail-77-20261001-21:25:33-68,param,DectScheduledAccessNetwork.queue,deriveDectParametersFromD,,,true
Phase5_Tail-77-20261001-21:25:33-68,param,DectScheduledAccessNetwork.queue,L,,,2
Phase5_Tail-77-20261001-21:25:33-68,param,DectScheduledAccessNetwork.queue,type2ServiceTime,,,0.009s
Phase5_Tail-77-20261001-21:25:33-68,attr,DectScheduledAccessNetwork.queue,type2ServiceTime,unit,s,
Phase5_Tail-77-20261001-21:25:33-68,param,DectScheduledAccessNetwork.queue,deriveLambdaFromRho,,,true
Phase5_Tail-77-20261001-21:25:33-68,param,DectScheduledAccessNetwork.queue,rho,,,0.127119
Phase5_Tail-77-20261001-21:25:33-68,param,DectScheduledAccessNetwork.queue,lambdaPerMs,,,0.12
Phase5_Tail-77-20261001-21:25:33-68,param,DectScheduledAccessNetwork.queue,r,,,30
Phase5_Tail-77-20261001-21:25:33-68,param,DectScheduledAccessNetwork.queue,warmupCompletedPackets,,,200000
Phase5_Tail-77-20261001-21:25:33-68,param,DectScheduledAccessNetwork.queue,targetCompletedPackets,,,1000000
Phase5_Tail-77-20261001-21:25:33-68,param,DectScheduledAccessNetwork.queue,rngIndex,,,0
Phase5_Tail-77-20261001-21:25:33-68,param,DectScheduledAccessNetwork.queue,recordVectors,,,false
Phase5_Tail-77-20261001-21:25:33-68,param,DectScheduledAccessNetwork.queue,recordTailStatistics,,,true
Phase5_Tail-77-20261001-21:25:33-68,param,DectScheduledAccessNetwork,typename,,,"""dect2020scheduledaccess.DectScheduledAccessNetwork"""
Phase5_Tail-78-20261001-21:25:33-68,param,DectScheduledAccessNetwork.queue,typename,,,"""dect2020scheduledaccess.ScheduledAccessQueue"""
Phase5_Tail-78-20261001-21:25:33-68,param,DectScheduledAccessNetwork.queue,D,,,10
Phase5_Tail-78-20261001-21:25:33-68,param,DectScheduledAccessNetwork.queue,frameDuration,,,0.01s
Phase5_Tail-78-20261001-21:25:33-68,attr,DectScheduledAccessNetwork.queue,frameDuration,unit,s,
Phase5_Tail-78-20261001-21:25:33-68,param,DectScheduledAccessNetwork.queue,meanType1ServiceTime,,,0.000416667s
Phase5_Tail-78-20261001-21:25:33-68,attr,DectScheduledAccessNetwork.queue,meanType1ServiceTime,unit,s,
Phase5_Tail-78-20261001-21:25:33-68,param,DectScheduledAccessNetwork.queue,deriveDectParametersFromD,,,true
Phase5_Tail-78-20261001-21:25:33-68,param,DectScheduledAccessNetwork.queue,L,,,2
Phase5_Tail-78-20261001-21:25:33-68,param,DectScheduledAccessNetwork.queue,type2ServiceTime,,,0.009s
Phase5_Tail-78-20261001-21:25:33-68,attr,DectScheduledAccessNetwork.queue,type2ServiceTime,unit,s,
Phase5_Tail-78-20261001-21:25:33-68,param,DectScheduledAccessNetwork.queue,deriveLambdaFromRho,,,true
Phase5_Tail-78-20261001-21:25:33-68,param,DectScheduledAccessNetwork.queue,rho,,,0.127119
Phase5_Tail-78-20261001-21:25:33-68,param,DectScheduledAccessNetwork.queue,lambdaPerMs,,,0.12
Phase5_Tail-78-20261001-21:25:33-68,param,DectScheduledAccessNetwork.queue,r,,,30
Phase5_Tail-78-20261001-21:25:33-68,param,DectScheduledAccessNetwork.queue,warmupCompletedPackets,,,200000
Phase5_Tail-78-20261001-21:25:33-68,param,DectScheduledAccessNetwork.queue,targetCompletedPackets,,,1000000
Phase5_Tail-78-20261001-21:25:33-68,param,DectScheduledAccessNetwork.queue,rngIndex,,,0
Phase5_Tail-78-20261001-21:25:33-68,param,DectScheduledAccessNetwork.queue,recordVectors,,,false
Phase5_Tail-78-20261001-21:25:33-68,param,DectScheduledAccessNetwork.queue,recordTailStatistics,,,true
Phase5_Tail-78-20261001-21:25:33-68,param,DectScheduledAccessNetwork,typename,,,"""dect2020scheduledaccess.DectScheduledAccessNetwork"""
Phase5_Tail-79-20261001-21:25:34-68,param,DectScheduledAccessNetwork.queue,typename,,,"""dect2020scheduledaccess.ScheduledAccessQueue"""
Phase5_Tail-79-20261001-21:25:34-68,param,DectScheduledAccessNetwork.queue,D,,,10
Phase5_Tail-79-20261001-21:25:34-68,param,DectScheduledAccessNetwork.queue,frameDuration,,,0.01s
Phase5_Tail-79-20261001-21:25:34-68,attr,DectScheduledAccessNetwork.queue,frameDuration,unit,s,
Phase5_Tail-79-20261001-21:25:34-68,param,DectScheduledAccessNetwork.queue,meanType1ServiceTime,,,0.000416667s
Phase5_Tail-79-20261001-21:25:34-68,attr,DectScheduledAccessNetwork.queue,meanType1ServiceTime,unit,s,
Phase5_Tail-79-20261001-21:25:34-68,param,DectScheduledAccessNetwork.queue,deriveDectParametersFromD,,,true
Phase5_Tail-79-20261001-21:25:34-68,param,DectScheduledAccessNetwork.queue,L,,,2
Phase5_Tail-79-20261001-21:25:34-68,param,DectScheduledAccessNetwork.queue,type2ServiceTime,,,0.009s
Phase5_Tail-79-20261001-21:25:34-68,attr,DectScheduledAccessNetwork.queue,type2ServiceTime,unit,s,
Phase5_Tail-79-20261001-21:25:34-68,param,DectScheduledAccessNetwork.queue,deriveLambdaFromRho,,,true
Phase5_Tail-79-20261001-21:25:34-68,param,DectScheduledAccessNetwork.queue,rho,,,0.127119
Phase5_Tail-79-20261001-21:25:34-68,param,DectScheduledAccessNetwork.queue,lambdaPerMs,,,0.12
Phase5_Tail-79-20261001-21:25:34-68,param,DectScheduledAccessNetwork.queue,r,,,30
Phase5_Tail-79-20261001-21:25:34-68,param,DectScheduledAccessNetwork.queue,warmupCompletedPackets,,,200000
Phase5_Tail-79-20261001-21:25:34-68,param,DectScheduledAccessNetwork.queue,targetCompletedPackets,,,1000000
Phase5_Tail-79-20261001-21:25:34-68,param,DectScheduledAccessNetwork.queue,rngIndex,,,0
Phase5_Tail-79-20261001-21:25:34-68,param,DectScheduledAccessNetwork.queue,recordVectors,,,false
Phase5_Tail-79-20261001-21:25:34-68,param,DectScheduledAccessNetwork.queue,recordTailStatistics,,,true
Phase5_Tail-79-20261001-21:25:34-68,param,DectScheduledAccessNetwork,typename,,,"""dect2020scheduledaccess.DectScheduledAccessNetwork"""
Phase5_Tail-80-20261001-21:25:34-68,param,DectScheduledAccessNetwork.queue,typename,,,"""dect2020scheduledaccess.ScheduledAccessQueue"""
Phase5_Tail-80-20261001-21:25:34-68,param,DectScheduledAccessNetwork.queue,D,,,10
Phase5_Tail-80-20261001-21:25:34-68,param,DectScheduledAccessNetwork.queue,frameDuration,,,0.01s
Phase5_Tail-80-20261001-21:25:34-68,attr,DectScheduledAccessNetwork.queue,frameDuration,unit,s,
Phase5_Tail-80-20261001-21:25:34-68,param,DectScheduledAccessNetwork.queue,meanType1ServiceTime,,,0.000416667s
Phase5_Tail-80-20261001-21:25:34-68,attr,DectScheduledAccessNetwork.queue,meanType1ServiceTime,unit,s,
Phase5_Tail-80-20261001-21:25:34-68,param,DectScheduledAccessNetwork.queue,deriveDectParametersFromD,,,true
Phase5_Tail-80-20261001-21:25:34-68,param,DectScheduledAccessNetwork.queue,L,,,2
Phase5_Tail-80-20261001-21:25:34-68,param,DectScheduledAccessNetwork.queue,type2ServiceTime,,,0.009s
Phase5_Tail-80-20261001-21:25:34-68,attr,DectScheduledAccessNetwork.queue,type2ServiceTime,unit,s,
Phase5_Tail-80-20261001-21:25:34-68,param,DectScheduledAccessNetwork.queue,deriveLambdaFromRho,,,true
Phase5_Tail-80-20261001-21:25:34-68,param,DectScheduledAccessNetwork.queue,rho,,,0.169492
Phase5_Tail-80-20261001-21:25:34-68,param,DectScheduledAccessNetwork.queue,lambdaPerMs,,,0.12
Phase5_Tail-80-20261001-21:25:34-68,param,DectScheduledAccessNetwork.queue,r,,,30
Phase5_Tail-80-20261001-21:25:34-68,param,DectScheduledAccessNetwork.queue,warmupCompletedPackets,,,200000
Phase5_Tail-80-20261001-21:25:34-68,param,DectScheduledAccessNetwork.queue,targetCompletedPackets,,,1000000
Phase5_Tail-80-20261001-21:25:34-68,param,DectScheduledAccessNetwork.queue,rngIndex,,,0
Phase5_Tail-80-20261001-21:25:34-68,param,DectScheduledAccessNetwork.queue,recordVectors,,,false
Phase5_Tail-80-20261001-21:25:34-68,param,DectScheduledAccessNetwork.queue,recordTailStatistics,,,true
Phase5_Tail-80-20261001-21:25:34-68,param,DectScheduledAccessNetwork,typename,,,"""dect2020scheduledaccess.DectScheduledAccessNetwork"""
Phase5_Tail-81-20261001-21:25:35-68,param,DectScheduledAccessNetwork.queue,typename,,,"""dect2020scheduledaccess.ScheduledAccessQueue"""
Phase5_Tail-81-20261001-21:25:35-68,param,DectScheduledAccessNetwork.queue,D,,,10
Phase5_Tail-81-20261001-21:25:35-68,param,DectScheduledAccessNetwork.queue,frameDuration,,,0.01s
Phase5_Tail-81-20261001-21:25:35-68,attr,DectScheduledAccessNetwork.queue,frameDuration,unit,s,
Phase5_Tail-81-20261001-21:25:35-68,param,DectScheduledAccessNetwork.queue,meanType1ServiceTime,,,0.000416667s
Phase5_Tail-81-20261001-21:25:35-68,attr,DectScheduledAccessNetwork.queue,meanType1ServiceTime,unit,s,
Phase5_Tail-81-20261001-21:25:35-68,param,DectScheduledAccessNetwork.queue,deriveDectParametersFromD,,,true
Phase5_Tail-81-20261001-21:25:35-68,param,DectScheduledAccessNetwork.queue,L,,,2
Phase5_Tail-81-20261001-21:25:35-68,param,DectScheduledAccessNetwork.queue,type2ServiceTime,,,0.009s
Phase5_Tail-81-20261001-21:25:35-68,attr,DectScheduledAccessNetwork.queue,type2ServiceTime,unit,s,
Phase5_Tail-81-20261001-21:25:35-68,param,DectScheduledAccessNetwork.queue,deriveLambdaFromRho,,,true
Phase5_Tail-81-20261001-21:25:35-68,param,DectScheduledAccessNetwork.queue,rho,,,0.169492
Phase5_Tail-81-20261001-21:25:35-68,param,DectScheduledAccessNetwork.queue,lambdaPerMs,,,0.12
Phase5_Tail-81-20261001-21:25:35-68,param,DectScheduledAccessNetwork.queue,r,,,30
Phase5_Tail-81-20261001-21:25:35-68,param,DectScheduledAccessNetwork.queue,warmupCompletedPackets,,,200000
Phase5_Tail-81-20261001-21:25:35-68,param,DectScheduledAccessNetwork.queue,targetCompletedPackets,,,1000000
Phase5_Tail-81-20261001-21:25:35-68,param,DectScheduledAccessNetwork.queue,rngIndex,,,0
Phase5_Tail-81-20261001-21:25:35-68,param,DectScheduledAccessNetwork.queue,recordVectors,,,false
Phase5_Tail-81-20261001-21:25:35-68,param,DectScheduledAccessNetwork.queue,recordTailStatistics,,,true
Phase5_Tail-81-20261001-21:25:35-68,param,DectScheduledAccessNetwork,typename,,,"""dect2020scheduledaccess.DectScheduledAccessNetwork"""
Phase5_Tail-82-20261001-21:25:35-68,param,DectScheduledAccessNetwork.queue,typename,,,"""dect2020scheduledaccess.ScheduledAccessQueue"""
Phase5_Tail-82-20261001-21:25:35-68,param,DectScheduledAccessNetwork.queue,D,,,10
Phase5_Tail-82-20261001-21:25:35-68,param,DectScheduledAccessNetwork.queue,frameDuration,,,0.01s
Phase5_Tail-82-20261001-21:25:35-68,attr,DectScheduledAccessNetwork.queue,frameDuration,unit,s,
Phase5_Tail-82-20261001-21:25:35-68,param,DectScheduledAccessNetwork.queue,meanType1ServiceTime,,,0.000416667s
Phase5_Tail-82-20261001-21:25:35-68,attr,DectScheduledAccessNetwork.queue,meanType1ServiceTime,unit,s,
Phase5_Tail-82-20261001-21:25:35-68,param,DectScheduledAccessNetwork.queue,deriveDectParametersFromD,,,true
Phase5_Tail-82-20261001-21:25:35-68,param,DectScheduledAccessNetwork.queue,L,,,2
Phase5_Tail-82-20261001-21:25:35-68,param,DectScheduledAccessNetwork.queue,type2ServiceTime,,,0.009s
Phase5_Tail-82-20261001-21:25:35-68,attr,DectScheduledAccessNetwork.queue,type2ServiceTime,unit,s,
Phase5_Tail-82-20261001-21:25:35-68,param,DectScheduledAccessNetwork.queue,deriveLambdaFromRho,,,true
Phase5_Tail-82-20261001-21:25:35-68,param,DectScheduledAccessNetwork.queue,rho,,,0.169492
Phase5_Tail-82-20261001-21:25:35-68,param,DectScheduledAccessNetwork.queue,lambdaPerMs,,,0.12
Phase5_Tail-82-20261001-21:25:35-68,param,DectScheduledAccessNetwork.queue,r,,,30
Phase5_Tail-82-20261001-21:25:35-68,param,DectScheduledAccessNetwork.queue,warmupCompletedPackets,,,200000
Phase5_Tail-82-20261001-21:25:35-68,param,DectScheduledAccessNetwork.queue,targetCompletedPackets,,,1000000
Phase5_Tail-82-20261001-21:25:35-68,param,DectScheduledAccessNetwork.queue,rngIndex,,,0
Phase5_Tail-82-20261001-21:25:35-68,param,DectScheduledAccessNetwork.queue,recordVectors,,,false
Phase5_Tail-82-20261001-21:25:35-68,param,DectScheduledAccessNetwork.queue,recordTailStatistics,,,true
Phase5_Tail-82-20261001-21:25:35-68,param,DectScheduledAccessNetwork,typename,,,"""dect2020scheduledaccess.DectScheduledAccessNetwork"""
Phase5_Tail-83-20261001-21:25:35-68,param,DectScheduledAccessNetwork.queue,typename,,,"""dect2020scheduledaccess.ScheduledAccessQueue"""
Phase5_Tail-83-20261001-21:25:35-68,param,DectScheduledAccessNetwork.queue,D,,,10
Phase5_Tail-83-20261001-21:25:35-68,param,DectScheduledAccessNetwork.queue,frameDuration,,,0.01s
Phase5_Tail-83-20261001-21:25:35-68,attr,DectScheduledAccessNetwork.queue,frameDuration,unit,s,
Phase5_Tail-83-20261001-21:25:35-68,param,DectScheduledAccessNetwork.queue,meanType1ServiceTime,,,0.000416667s
Phase5_Tail-83-20261001-21:25:35-68,attr,DectScheduledAccessNetwork.queue,meanType1ServiceTime,unit,s,
Phase5_Tail-83-20261001-21:25:35-68,param,DectScheduledAccessNetwork.queue,deriveDectParametersFromD,,,true
Phase5_Tail-83-20261001-21:25:35-68,param,DectScheduledAccessNetwork.queue,L,,,2
Phase5_Tail-83-20261001-21:25:35-68,param,DectScheduledAccessNetwork.queue,type2ServiceTime,,,0.009s
Phase5_Tail-83-20261001-21:25:35-68,attr,DectScheduledAccessNetwork.queue,type2ServiceTime,unit,s,
Phase5_Tail-83-20261001-21:25:35-68,param,DectScheduledAccessNetwork.queue,deriveLambdaFromRho,,,true
Phase5_Tail-83-20261001-21:25:35-68,param,DectScheduledAccessNetwork.queue,rho,,,0.169492
Phase5_Tail-83-20261001-21:25:35-68,param,DectScheduledAccessNetwork.queue,lambdaPerMs,,,0.12
Phase5_Tail-83-20261001-21:25:35-68,param,DectScheduledAccessNetwork.queue,r,,,30
Phase5_Tail-83-20261001-21:25:35-68,param,DectScheduledAccessNetwork.queue,warmupCompletedPackets,,,200000
Phase5_Tail-83-20261001-21:25:35-68,param,DectScheduledAccessNetwork.queue,targetCompletedPackets,,,1000000
Phase5_Tail-83-20261001-21:25:35-68,param,DectScheduledAccessNetwork.queue,rngIndex,,,0
Phase5_Tail-83-20261001-21:25:35-68,param,DectScheduledAccessNetwork.queue,recordVectors,,,false
Phase5_Tail-83-20261001-21:25:35-68,param,DectScheduledAccessNetwork.queue,recordTailStatistics,,,true
Phase5_Tail-83-20261001-21:25:35-68,param,DectScheduledAccessNetwork,typename,,,"""dect2020scheduledaccess.DectScheduledAccessNetwork"""
Phase5_Tail-84-20261001-21:25:36-68,param,DectScheduledAccessNetwork.queue,typename,,,"""dect2020scheduledaccess.ScheduledAccessQueue"""
Phase5_Tail-84-20261001-21:25:36-68,param,DectScheduledAccessNetwork.queue,D,,,10
Phase5_Tail-84-20261001-21:25:36-68,param,DectScheduledAccessNetwork.queue,frameDuration,,,0.01s
Phase5_Tail-84-20261001-21:25:36-68,attr,DectScheduledAccessNetwork.queue,frameDuration,unit,s,
Phase5_Tail-84-20261001-21:25:36-68,param,DectScheduledAccessNetwork.queue,meanType1ServiceTime,,,0.000416667s
Phase5_Tail-84-20261001-21:25:36-68,attr,DectScheduledAccessNetwork.queue,meanType1ServiceTime,unit,s,
Phase5_Tail-84-20261001-21:25:36-68,param,DectScheduledAccessNetwork.queue,deriveDectParametersFromD,,,true
Phase5_Tail-84-20261001-21:25:36-68,param,DectScheduledAccessNetwork.queue,L,,,2
Phase5_Tail-84-20261001-21:25:36-68,param,DectScheduledAccessNetwork.queue,type2ServiceTime,,,0.009s
Phase5_Tail-84-20261001-21:25:36-68,attr,DectScheduledAccessNetwork.queue,type2ServiceTime,unit,s,
Phase5_Tail-84-20261001-21:25:36-68,param,DectScheduledAccessNetwork.queue,deriveLambdaFromRho,,,true
Phase5_Tail-84-20261001-21:25:36-68,param,DectScheduledAccessNetwork.queue,rho,,,0.169492
Phase5_Tail-84-20261001-21:25:36-68,param,DectScheduledAccessNetwork.queue,lambdaPerMs,,,0.12
Phase5_Tail-84-20261001-21:25:36-68,param,DectScheduledAccessNetwork.queue,r,,,30
Phase5_Tail-84-20261001-21:25:36-68,param,DectScheduledAccessNetwork.queue,warmupCompletedPackets,,,200000
Phase5_Tail-84-20261001-21:25:36-68,param,DectScheduledAccessNetwork.queue,targetCompletedPackets,,,1000000
Phase5_Tail-84-20261001-21:25:36-68,param,DectScheduledAccessNetwork.queue,rngIndex,,,0
Phase5_Tail-84-20261001-21:25:36-68,param,DectScheduledAccessNetwork.queue,recordVectors,,,false
Phase5_Tail-84-20261001-21:25:36-68,param,DectScheduledAccessNetwork.queue,recordTailStatistics,,,true
Phase5_Tail-84-20261001-21:25:36-68,param,DectScheduledAccessNetwork,typename,,,"""dect2020scheduledaccess.DectScheduledAccessNetwork"""
Phase5_Tail-85-20261001-21:25:36-68,param,DectScheduledAccessNetwork.queue,typename,,,"""dect2020scheduledaccess.ScheduledAccessQueue"""
Phase5_Tail-85-20261001-21:25:36-68,param,DectScheduledAccessNetwork.queue,D,,,10
Phase5_Tail-85-20261001-21:25:36-68,param,DectScheduledAccessNetwork.queue,frameDuration,,,0.01s
Phase5_Tail-85-20261001-21:25:36-68,attr,DectScheduledAccessNetwork.queue,frameDuration,unit,s,
Phase5_Tail-85-20261001-21:25:36-68,param,DectScheduledAccessNetwork.queue,meanType1ServiceTime,,,0.000416667s
Phase5_Tail-85-20261001-21:25:36-68,attr,DectScheduledAccessNetwork.queue,meanType1ServiceTime,unit,s,
Phase5_Tail-85-20261001-21:25:36-68,param,DectScheduledAccessNetwork.queue,deriveDectParametersFromD,,,true
Phase5_Tail-85-20261001-21:25:36-68,param,DectScheduledAccessNetwork.queue,L,,,2
Phase5_Tail-85-20261001-21:25:36-68,param,DectScheduledAccessNetwork.queue,type2ServiceTime,,,0.009s
Phase5_Tail-85-20261001-21:25:36-68,attr,DectScheduledAccessNetwork.queue,type2ServiceTime,unit,s,
Phase5_Tail-85-20261001-21:25:36-68,param,DectScheduledAccessNetwork.queue,deriveLambdaFromRho,,,true
Phase5_Tail-85-20261001-21:25:36-68,param,DectScheduledAccessNetwork.queue,rho,,,0.169492
Phase5_Tail-85-20261001-21:25:36-68,param,DectScheduledAccessNetwork.queue,lambdaPerMs,,,0.12
Phase5_Tail-85-20261001-21:25:36-68,param,DectScheduledAccessNetwork.queue,r,,,30
Phase5_Tail-85-20261001-21:25:36-68,param,DectScheduledAccessNetwork.queue,warmupCompletedPackets,,,200000
Phase5_Tail-85-20261001-21:25:36-68,param,DectScheduledAccessNetwork.queue,targetCompletedPackets,,,1000000
Phase5_Tail-85-20261001-21:25:36-68,param,DectScheduledAccessNetwork.queue,rngIndex,,,0
Phase5_Tail-85-20261001-21:25:36-68,param,DectScheduledAccessNetwork.queue,recordVectors,,,false
Phase5_Tail-85-20261001-21:25:36-68,param,DectScheduledAccessNetwork.queue,recordTailStatistics,,,true
Phase5_Tail-85-20261001-21:25:36-68,param,DectScheduledAccessNetwork,typename,,,"""dect2020scheduledaccess.DectScheduledAccessNetwork"""
Phase5_Tail-86-20261001-21:25:37-68,param,DectScheduledAccessNetwork.queue,typename,,,"""dect2020scheduledaccess.ScheduledAccessQueue"""
Phase5_Tail-86-20261001-21:25:37-68,param,DectScheduledAccessNetwork.queue,D,,,10
Phase5_Tail-86-20261001-21:25:37-68,param,DectScheduledAccessNetwork.queue,frameDuration,,,0.01s
Phase5_Tail-86-20261001-21:25:37-68,attr,DectScheduledAccessNetwork.queue,frameDuration,unit,s,
Phase5_Tail-86-20261001-21:25:37-68,param,DectScheduledAccessNetwork.queue,meanType1ServiceTime,,,0.000416667s
Phase5_Tail-86-20261001-21:25:37-68,attr,DectScheduledAccessNetwork.queue,meanType1ServiceTime,unit,s,
Phase5_Tail-86-20261001-21:25:37-68,param,DectScheduledAccessNetwork.queue,deriveDectParametersFromD,,,true
Phase5_Tail-86-20261001-21:25:37-68,param,DectScheduledAccessNetwork.queue,L,,,2
Phase5_Tail-86-20261001-21:25:37-68,param,DectScheduledAccessNetwork.queue,type2ServiceTime,,,0.009s
Phase5_Tail-86-20261001-21:25:37-68,attr,DectScheduledAccessNetwork.queue,type2ServiceTime,unit,s,
Phase5_Tail-86-20261001-21:25:37-68,param,DectScheduledAccessNetwork.queue,deriveLambdaFromRho,,,true
Phase5_Tail-86-20261001-21:25:37-68,param,DectScheduledAccessNetwork.queue,rho,,,0.169492
Phase5_Tail-86-20261001-21:25:37-68,param,DectScheduledAccessNetwork.queue,lambdaPerMs,,,0.12
Phase5_Tail-86-20261001-21:25:37-68,param,DectScheduledAccessNetwork.queue,r,,,30
Phase5_Tail-86-20261001-21:25:37-68,param,DectScheduledAccessNetwork.queue,warmupCompletedPackets,,,200000
Phase5_Tail-86-20261001-21:25:37-68,param,DectScheduledAccessNetwork.queue,targetCompletedPackets,,,1000000
Phase5_Tail-86-20261001-21:25:37-68,param,DectScheduledAccessNetwork.queue,rngIndex,,,0
Phase5_Tail-86-20261001-21:25:37-68,param,DectScheduledAccessNetwork.queue,recordVectors,,,false
Phase5_Tail-86-20261001-21:25:37-68,param,DectScheduledAccessNetwork.queue,recordTailStatistics,,,true
Phase5_Tail-86-20261001-21:25:37-68,param,DectScheduledAccessNetwork,typename,,,"""dect2020scheduledaccess.DectScheduledAccessNetwork"""
Phase5_Tail-87-20261001-21:25:37-68,param,DectScheduledAccessNetwork.queue,typename,,,"""dect2020scheduledaccess.ScheduledAccessQueue"""
Phase5_Tail-87-20261001-21:25:37-68,param,DectScheduledAccessNetwork.queue,D,,,10
Phase5_Tail-87-20261001-21:25:37-68,param,DectScheduledAccessNetwork.queue,frameDuration,,,0.01s
Phase5_Tail-87-20261001-21:25:37-68,attr,DectScheduledAccessNetwork.queue,frameDuration,unit,s,
Phase5_Tail-87-20261001-21:25:37-68,param,DectScheduledAccessNetwork.queue,meanType1ServiceTime,,,0.000416667s
Phase5_Tail-87-20261001-21:25:37-68,attr,DectScheduledAccessNetwork.queue,meanType1ServiceTime,unit,s,
Phase5_Tail-87-20261001-21:25:37-68,param,DectScheduledAccessNetwork.queue,deriveDectParametersFromD,,,true
Phase5_Tail-87-20261001-21:25:37-68,param,DectScheduledAccessNetwork.queue,L,,,2
Phase5_Tail-87-20261001-21:25:37-68,param,DectScheduledAccessNetwork.queue,type2ServiceTime,,,0.009s
Phase5_Tail-87-20261001-21:25:37-68,attr,DectScheduledAccessNetwork.queue,type2ServiceTime,unit,s,
Phase5_Tail-87-20261001-21:25:37-68,param,DectScheduledAccessNetwork.queue,deriveLambdaFromRho,,,true
Phase5_Tail-87-20261001-21:25:37-68,param,DectScheduledAccessNetwork.queue,rho,,,0.169492
Phase5_Tail-87-20261001-21:25:37-68,param,DectScheduledAccessNetwork.queue,lambdaPerMs,,,0.12
Phase5_Tail-87-20261001-21:25:37-68,param,DectScheduledAccessNetwork.queue,r,,,30
Phase5_Tail-87-20261001-21:25:37-68,param,DectScheduledAccessNetwork.queue,warmupCompletedPackets,,,200000
Phase5_Tail-87-20261001-21:25:37-68,param,DectScheduledAccessNetwork.queue,targetCompletedPackets,,,1000000
Phase5_Tail-87-20261001-21:25:37-68,param,DectScheduledAccessNetwork.queue,rngIndex,,,0
Phase5_Tail-87-20261001-21:25:37-68,param,DectScheduledAccessNetwork.queue,recordVectors,,,false
Phase5_Tail-87-20261001-21:25:37-68,param,DectScheduledAccessNetwork.queue,recordTailStatistics,,,true
Phase5_Tail-87-20261001-21:25:37-68,param,DectScheduledAccessNetwork,typename,,,"""dect2020scheduledaccess.DectScheduledAccessNetwork"""
Phase5_Tail-88-20261001-21:25:38-68,param,DectScheduledAccessNetwork.queue,typename,,,"""dect2020scheduledaccess.ScheduledAccessQueue"""
Phase5_Tail-88-20261001-21:25:38-68,param,DectScheduledAccessNetwork.queue,D,,,10
Phase5_Tail-88-20261001-21:25:38-68,param,DectScheduledAccessNetwork.queue,frameDuration,,,0.01s
Phase5_Tail-88-20261001-21:25:38-68,attr,DectScheduledAccessNetwork.queue,frameDuration,unit,s,
Phase5_Tail-88-20261001-21:25:38-68,param,DectScheduledAccessNetwork.queue,meanType1ServiceTime,,,0.000416667s
Phase5_Tail-88-20261001-21:25:38-68,attr,DectScheduledAccessNetwork.queue,meanType1ServiceTime,unit,s,
Phase5_Tail-88-20261001-21:25:38-68,param,DectScheduledAccessNetwork.queue,deriveDectParametersFromD,,,true
Phase5_Tail-88-20261001-21:25:38-68,param,DectScheduledAccessNetwork.queue,L,,,2
Phase5_Tail-88-20261001-21:25:38-68,param,DectScheduledAccessNetwork.queue,type2ServiceTime,,,0.009s
Phase5_Tail-88-20261001-21:25:38-68,attr,DectScheduledAccessNetwork.queue,type2ServiceTime,unit,s,
Phase5_Tail-88-20261001-21:25:38-68,param,DectScheduledAccessNetwork.queue,deriveLambdaFromRho,,,true
Phase5_Tail-88-20261001-21:25:38-68,param,DectScheduledAccessNetwork.queue,rho,,,0.169492
Phase5_Tail-88-20261001-21:25:38-68,param,DectScheduledAccessNetwork.queue,lambdaPerMs,,,0.12
Phase5_Tail-88-20261001-21:25:38-68,param,DectScheduledAccessNetwork.queue,r,,,30
Phase5_Tail-88-20261001-21:25:38-68,param,DectScheduledAccessNetwork.queue,warmupCompletedPackets,,,200000
Phase5_Tail-88-20261001-21:25:38-68,param,DectScheduledAccessNetwork.queue,targetCompletedPackets,,,1000000
Phase5_Tail-88-20261001-21:25:38-68,param,DectScheduledAccessNetwork.queue,rngIndex,,,0
Phase5_Tail-88-20261001-21:25:38-68,param,DectScheduledAccessNetwork.queue,recordVectors,,,false
Phase5_Tail-88-20261001-21:25:38-68,param,DectScheduledAccessNetwork.queue,recordTailStatistics,,,true
Phase5_Tail-88-20261001-21:25:38-68,param,DectScheduledAccessNetwork,typename,,,"""dect2020scheduledaccess.DectScheduledAccessNetwork"""
Phase5_Tail-89-20261001-21:25:38-68,param,DectScheduledAccessNetwork.queue,typename,,,"""dect2020scheduledaccess.ScheduledAccessQueue"""
Phase5_Tail-89-20261001-21:25:38-68,param,DectScheduledAccessNetwork.queue,D,,,10
Phase5_Tail-89-20261001-21:25:38-68,param,DectScheduledAccessNetwork.queue,frameDuration,,,0.01s
Phase5_Tail-89-20261001-21:25:38-68,attr,DectScheduledAccessNetwork.queue,frameDuration,unit,s,
Phase5_Tail-89-20261001-21:25:38-68,param,DectScheduledAccessNetwork.queue,meanType1ServiceTime,,,0.000416667s
Phase5_Tail-89-20261001-21:25:38-68,attr,DectScheduledAccessNetwork.queue,meanType1ServiceTime,unit,s,
Phase5_Tail-89-20261001-21:25:38-68,param,DectScheduledAccessNetwork.queue,deriveDectParametersFromD,,,true
Phase5_Tail-89-20261001-21:25:38-68,param,DectScheduledAccessNetwork.queue,L,,,2
Phase5_Tail-89-20261001-21:25:38-68,param,DectScheduledAccessNetwork.queue,type2ServiceTime,,,0.009s
Phase5_Tail-89-20261001-21:25:38-68,attr,DectScheduledAccessNetwork.queue,type2ServiceTime,unit,s,
Phase5_Tail-89-20261001-21:25:38-68,param,DectScheduledAccessNetwork.queue,deriveLambdaFromRho,,,true
Phase5_Tail-89-20261001-21:25:38-68,param,DectScheduledAccessNetwork.queue,rho,,,0.169492
Phase5_Tail-89-20261001-21:25:38-68,param,DectScheduledAccessNetwork.queue,lambdaPerMs,,,0.12
Phase5_Tail-89-20261001-21:25:38-68,param,DectScheduledAccessNetwork.queue,r,,,30
Phase5_Tail-89-20261001-21:25:38-68,param,DectScheduledAccessNetwork.queue,warmupCompletedPackets,,,200000
Phase5_Tail-89-20261001-21:25:38-68,param,DectScheduledAccessNetwork.queue,targetCompletedPackets,,,1000000
Phase5_Tail-89-20261001-21:25:38-68,param,DectScheduledAccessNetwork.queue,rngIndex,,,0
Phase5_Tail-89-20261001-21:25:38-68,param,DectScheduledAccessNetwork.queue,recordVectors,,,false
Phase5_Tail-89-20261001-21:25:38-68,param,DectScheduledAccessNetwork.queue,recordTailStatistics,,,true
Phase5_Tail-89-20261001-21:25:38-68,param,DectScheduledAccessNetwork,typename,,,"""dect2020scheduledaccess.DectScheduledAccessNetwork"""
Phase5_Tail-90-20261001-21:25:38-68,param,DectScheduledAccessNetwork.queue,typename,,,"""dect2020scheduledaccess.ScheduledAccessQueue"""
Phase5_Tail-90-20261001-21:25:38-68,param,DectScheduledAccessNetwork.queue,D,,,10
Phase5_Tail-90-20261001-21:25:38-68,param,DectScheduledAccessNetwork.queue,frameDuration,,,0.01s
Phase5_Tail-90-20261001-21:25:38-68,attr,DectScheduledAccessNetwork.queue,frameDuration,unit,s,
Phase5_Tail-90-20261001-21:25:38-68,param,DectScheduledAccessNetwork.queue,meanType1ServiceTime,,,0.000416667s
Phase5_Tail-90-20261001-21:25:38-68,attr,DectScheduledAccessNetwork.queue,meanType1ServiceTime,unit,s,
Phase5_Tail-90-20261001-21:25:38-68,param,DectScheduledAccessNetwork.queue,deriveDectParametersFromD,,,true
Phase5_Tail-90-20261001-21:25:38-68,param,DectScheduledAccessNetwork.queue,L,,,2
Phase5_Tail-90-20261001-21:25:38-68,param,DectScheduledAccessNetwork.queue,type2ServiceTime,,,0.009s
Phase5_Tail-90-20261001-21:25:38-68,attr,DectScheduledAccessNetwork.queue,type2ServiceTime,unit,s,
Phase5_Tail-90-20261001-21:25:38-68,param,DectScheduledAccessNetwork.queue,deriveLambdaFromRho,,,true
Phase5_Tail-90-20261001-21:25:38-68,param,DectScheduledAccessNetwork.queue,rho,,,0.423729
Phase5_Tail-90-20261001-21:25:38-68,param,DectScheduledAccessNetwork.queue,lambdaPerMs,,,0.12
Phase5_Tail-90-20261001-21:25:38-68,param,DectScheduledAccessNetwork.queue,r,,,30
Phase5_Tail-90-20261001-21:25:38-68,param,DectScheduledAccessNetwork.queue,warmupCompletedPackets,,,200000
Phase5_Tail-90-20261001-21:25:38-68,param,DectScheduledAccessNetwork.queue,targetCompletedPackets,,,1000000
Phase5_Tail-90-20261001-21:25:38-68,param,DectScheduledAccessNetwork.queue,rngIndex,,,0
Phase5_Tail-90-20261001-21:25:38-68,param,DectScheduledAccessNetwork.queue,recordVectors,,,false
Phase5_Tail-90-20261001-21:25:38-68,param,DectScheduledAccessNetwork.queue,recordTailStatistics,,,true
Phase5_Tail-90-20261001-21:25:38-68,param,DectScheduledAccessNetwork,typename,,,"""dect2020scheduledaccess.DectScheduledAccessNetwork"""
Phase5_Tail-91-20261001-21:25:39-68,param,DectScheduledAccessNetwork.queue,typename,,,"""dect2020scheduledaccess.ScheduledAccessQueue"""
Phase5_Tail-91-20261001-21:25:39-68,param,DectScheduledAccessNetwork.queue,D,,,10
Phase5_Tail-91-20261001-21:25:39-68,param,DectScheduledAccessNetwork.queue,frameDuration,,,0.01s
Phase5_Tail-91-20261001-21:25:39-68,attr,DectScheduledAccessNetwork.queue,frameDuration,unit,s,
Phase5_Tail-91-20261001-21:25:39-68,param,DectScheduledAccessNetwork.queue,meanType1ServiceTime,,,0.000416667s
Phase5_Tail-91-20261001-21:25:39-68,attr,DectScheduledAccessNetwork.queue,meanType1ServiceTime,unit,s,
Phase5_Tail-91-20261001-21:25:39-68,param,DectScheduledAccessNetwork.queue,deriveDectParametersFromD,,,true
Phase5_Tail-91-20261001-21:25:39-68,param,DectScheduledAccessNetwork.queue,L,,,2
Phase5_Tail-91-20261001-21:25:39-68,param,DectScheduledAccessNetwork.queue,type2ServiceTime,,,0.009s
Phase5_Tail-91-20261001-21:25:39-68,attr,DectScheduledAccessNetwork.queue,type2ServiceTime,unit,s,
Phase5_Tail-91-20261001-21:25:39-68,param,DectScheduledAccessNetwork.queue,deriveLambdaFromRho,,,true
Phase5_Tail-91-20261001-21:25:39-68,param,DectScheduledAccessNetwork.queue,rho,,,0.423729
Phase5_Tail-91-20261001-21:25:39-68,param,DectScheduledAccessNetwork.queue,lambdaPerMs,,,0.12
Phase5_Tail-91-20261001-21:25:39-68,param,DectScheduledAccessNetwork.queue,r,,,30
Phase5_Tail-91-20261001-21:25:39-68,param,DectScheduledAccessNetwork.queue,warmupCompletedPackets,,,200000
Phase5_Tail-91-20261001-21:25:39-68,param,DectScheduledAccessNetwork.queue,targetCompletedPackets,,,1000000
Phase5_Tail-91-20261001-21:25:39-68,param,DectScheduledAccessNetwork.queue,rngIndex,,,0
Phase5_Tail-91-20261001-21:25:39-68,param,DectScheduledAccessNetwork.queue,recordVectors,,,false
Phase5_Tail-91-20261001-21:25:39-68,param,DectScheduledAccessNetwork.queue,recordTailStatistics,,,true
Phase5_Tail-91-20261001-21:25:39-68,param,DectScheduledAccessNetwork,typename,,,"""dect2020scheduledaccess.DectScheduledAccessNetwork"""
Phase5_Tail-92-20261001-21:25:40-68,param,DectScheduledAccessNetwork.queue,typename,,,"""dect2020scheduledaccess.ScheduledAccessQueue"""
Phase5_Tail-92-20261001-21:25:40-68,param,DectScheduledAccessNetwork.queue,D,,,10
Phase5_Tail-92-20261001-21:25:40-68,param,DectScheduledAccessNetwork.queue,frameDuration,,,0.01s
Phase5_Tail-92-20261001-21:25:40-68,attr,DectScheduledAccessNetwork.queue,frameDuration,unit,s,
Phase5_Tail-92-20261001-21:25:40-68,param,DectScheduledAccessNetwork.queue,meanType1ServiceTime,,,0.000416667s
Phase5_Tail-92-20261001-21:25:40-68,attr,DectScheduledAccessNetwork.queue,meanType1ServiceTime,unit,s,
Phase5_Tail-92-20261001-21:25:40-68,param,DectScheduledAccessNetwork.queue,deriveDectParametersFromD,,,true
Phase5_Tail-92-20261001-21:25:40-68,param,DectScheduledAccessNetwork.queue,L,,,2
Phase5_Tail-92-20261001-21:25:40-68,param,DectScheduledAccessNetwork.queue,type2ServiceTime,,,0.009s
Phase5_Tail-92-20261001-21:25:40-68,attr,DectScheduledAccessNetwork.queue,type2ServiceTime,unit,s,
Phase5_Tail-92-20261001-21:25:40-68,param,DectScheduledAccessNetwork.queue,deriveLambdaFromRho,,,true
Phase5_Tail-92-20261001-21:25:40-68,param,DectScheduledAccessNetwork.queue,rho,,,0.423729
Phase5_Tail-92-20261001-21:25:40-68,param,DectScheduledAccessNetwork.queue,lambdaPerMs,,,0.12
Phase5_Tail-92-20261001-21:25:40-68,param,DectScheduledAccessNetwork.queue,r,,,30
Phase5_Tail-92-20261001-21:25:40-68,param,DectScheduledAccessNetwork.queue,warmupCompletedPackets,,,200000
Phase5_Tail-92-20261001-21:25:40-68,param,DectScheduledAccessNetwork.queue,targetCompletedPackets,,,1000000
Phase5_Tail-92-20261001-21:25:40-68,param,DectScheduledAccessNetwork.queue,rngIndex,,,0
Phase5_Tail-92-20261001-21:25:40-68,param,DectScheduledAccessNetwork.queue,recordVectors,,,false
Phase5_Tail-92-20261001-21:25:40-68,param,DectScheduledAccessNetwork.queue,recordTailStatistics,,,true
Phase5_Tail-92-20261001-21:25:40-68,param,DectScheduledAccessNetwork,typename,,,"""dect2020scheduledaccess.DectScheduledAccessNetwork"""
Phase5_Tail-93-20261001-21:25:41-68,param,DectScheduledAccessNetwork.queue,typename,,,"""dect2020scheduledaccess.ScheduledAccessQueue"""
Phase5_Tail-93-20261001-21:25:41-68,param,DectScheduledAccessNetwork.queue,D,,,10
Phase5_Tail-93-20261001-21:25:41-68,param,DectScheduledAccessNetwork.queue,frameDuration,,,0.01s
Phase5_Tail-93-20261001-21:25:41-68,attr,DectScheduledAccessNetwork.queue,frameDuration,unit,s,
Phase5_Tail-93-20261001-21:25:41-68,param,DectScheduledAccessNetwork.queue,meanType1ServiceTime,,,0.000416667s
Phase5_Tail-93-20261001-21:25:41-68,attr,DectScheduledAccessNetwork.queue,meanType1ServiceTime,unit,s,
Phase5_Tail-93-20261001-21:25:41-68,param,DectScheduledAccessNetwork.queue,deriveDectParametersFromD,,,true
Phase5_Tail-93-20261001-21:25:41-68,param,DectScheduledAccessNetwork.queue,L,,,2
Phase5_Tail-93-20261001-21:25:41-68,param,DectScheduledAccessNetwork.queue,type2ServiceTime,,,0.009s
Phase5_Tail-93-20261001-21:25:41-68,attr,DectScheduledAccessNetwork.queue,type2ServiceTime,unit,s,
Phase5_Tail-93-20261001-21:25:41-68,param,DectScheduledAccessNetwork.queue,deriveLambdaFromRho,,,true
Phase5_Tail-93-20261001-21:25:41-68,param,DectScheduledAccessNetwork.queue,rho,,,0.423729
Phase5_Tail-93-20261001-21:25:41-68,param,DectScheduledAccessNetwork.queue,lambdaPerMs,,,0.12
Phase5_Tail-93-20261001-21:25:41-68,param,DectScheduledAccessNetwork.queue,r,,,30
Phase5_Tail-93-20261001-21:25:41-68,param,DectScheduledAccessNetwork.queue,warmupCompletedPackets,,,200000
Phase5_Tail-93-20261001-21:25:41-68,param,DectScheduledAccessNetwork.queue,targetCompletedPackets,,,1000000
Phase5_Tail-93-20261001-21:25:41-68,param,DectScheduledAccessNetwork.queue,rngIndex,,,0
Phase5_Tail-93-20261001-21:25:41-68,param,DectScheduledAccessNetwork.queue,recordVectors,,,false
Phase5_Tail-93-20261001-21:25:41-68,param,DectScheduledAccessNetwork.queue,recordTailStatistics,,,true
Phase5_Tail-93-20261001-21:25:41-68,param,DectScheduledAccessNetwork,typename,,,"""dect2020scheduledaccess.DectScheduledAccessNetwork"""
Phase5_Tail-94-20261001-21:25:41-68,param,DectScheduledAccessNetwork.queue,typename,,,"""dect2020scheduledaccess.ScheduledAccessQueue"""
Phase5_Tail-94-20261001-21:25:41-68,param,DectScheduledAccessNetwork.queue,D,,,10
Phase5_Tail-94-20261001-21:25:41-68,param,DectScheduledAccessNetwork.queue,frameDuration,,,0.01s
Phase5_Tail-94-20261001-21:25:41-68,attr,DectScheduledAccessNetwork.queue,frameDuration,unit,s,
Phase5_Tail-94-20261001-21:25:41-68,param,DectScheduledAccessNetwork.queue,meanType1ServiceTime,,,0.000416667s
Phase5_Tail-94-20261001-21:25:41-68,attr,DectScheduledAccessNetwork.queue,meanType1ServiceTime,unit,s,
Phase5_Tail-94-20261001-21:25:41-68,param,DectScheduledAccessNetwork.queue,deriveDectParametersFromD,,,true
Phase5_Tail-94-20261001-21:25:41-68,param,DectScheduledAccessNetwork.queue,L,,,2
Phase5_Tail-94-20261001-21:25:41-68,param,DectScheduledAccessNetwork.queue,type2ServiceTime,,,0.009s
Phase5_Tail-94-20261001-21:25:41-68,attr,DectScheduledAccessNetwork.queue,type2ServiceTime,unit,s,
Phase5_Tail-94-20261001-21:25:41-68,param,DectScheduledAccessNetwork.queue,deriveLambdaFromRho,,,true
Phase5_Tail-94-20261001-21:25:41-68,param,DectScheduledAccessNetwork.queue,rho,,,0.423729
Phase5_Tail-94-20261001-21:25:41-68,param,DectScheduledAccessNetwork.queue,lambdaPerMs,,,0.12
Phase5_Tail-94-20261001-21:25:41-68,param,DectScheduledAccessNetwork.queue,r,,,30
Phase5_Tail-94-20261001-21:25:41-68,param,DectScheduledAccessNetwork.queue,warmupCompletedPackets,,,200000
Phase5_Tail-94-20261001-21:25:41-68,param,DectScheduledAccessNetwork.queue,targetCompletedPackets,,,1000000
Phase5_Tail-94-20261001-21:25:41-68,param,DectScheduledAccessNetwork.queue,rngIndex,,,0
Phase5_Tail-94-20261001-21:25:41-68,param,DectScheduledAccessNetwork.queue,recordVectors,,,false
Phase5_Tail-94-20261001-21:25:41-68,param,DectScheduledAccessNetwork.queue,recordTailStatistics,,,true
Phase5_Tail-94-20261001-21:25:41-68,param,DectScheduledAccessNetwork,typename,,,"""dect2020scheduledaccess.DectScheduledAccessNetwork"""
Phase5_Tail-95-20261001-21:25:42-68,param,DectScheduledAccessNetwork.queue,typename,,,"""dect2020scheduledaccess.ScheduledAccessQueue"""
Phase5_Tail-95-20261001-21:25:42-68,param,DectScheduledAccessNetwork.queue,D,,,10
Phase5_Tail-95-20261001-21:25:42-68,param,DectScheduledAccessNetwork.queue,frameDuration,,,0.01s
Phase5_Tail-95-20261001-21:25:42-68,attr,DectScheduledAccessNetwork.queue,frameDuration,unit,s,
Phase5_Tail-95-20261001-21:25:42-68,param,DectScheduledAccessNetwork.queue,meanType1ServiceTime,,,0.000416667s
Phase5_Tail-95-20261001-21:25:42-68,attr,DectScheduledAccessNetwork.queue,meanType1ServiceTime,unit,s,
Phase5_Tail-95-20261001-21:25:42-68,param,DectScheduledAccessNetwork.queue,deriveDectParametersFromD,,,true
Phase5_Tail-95-20261001-21:25:42-68,param,DectScheduledAccessNetwork.queue,L,,,2
Phase5_Tail-95-20261001-21:25:42-68,param,DectScheduledAccessNetwork.queue,type2ServiceTime,,,0.009s
Phase5_Tail-95-20261001-21:25:42-68,attr,DectScheduledAccessNetwork.queue,type2ServiceTime,unit,s,
Phase5_Tail-95-20261001-21:25:42-68,param,DectScheduledAccessNetwork.queue,deriveLambdaFromRho,,,true
Phase5_Tail-95-20261001-21:25:42-68,param,DectScheduledAccessNetwork.queue,rho,,,0.423729
Phase5_Tail-95-20261001-21:25:42-68,param,DectScheduledAccessNetwork.queue,lambdaPerMs,,,0.12
Phase5_Tail-95-20261001-21:25:42-68,param,DectScheduledAccessNetwork.queue,r,,,30
Phase5_Tail-95-20261001-21:25:42-68,param,DectScheduledAccessNetwork.queue,warmupCompletedPackets,,,200000
Phase5_Tail-95-20261001-21:25:42-68,param,DectScheduledAccessNetwork.queue,targetCompletedPackets,,,1000000
Phase5_Tail-95-20261001-21:25:42-68,param,DectScheduledAccessNetwork.queue,rngIndex,,,0
Phase5_Tail-95-20261001-21:25:42-68,param,DectScheduledAccessNetwork.queue,recordVectors,,,false
Phase5_Tail-95-20261001-21:25:42-68,param,DectScheduledAccessNetwork.queue,recordTailStatistics,,,true
Phase5_Tail-95-20261001-21:25:42-68,param,DectScheduledAccessNetwork,typename,,,"""dect2020scheduledaccess.DectScheduledAccessNetwork"""
Phase5_Tail-96-20261001-21:25:43-68,param,DectScheduledAccessNetwork.queue,typename,,,"""dect2020scheduledaccess.ScheduledAccessQueue"""
Phase5_Tail-96-20261001-21:25:43-68,param,DectScheduledAccessNetwork.queue,D,,,10
Phase5_Tail-96-20261001-21:25:43-68,param,DectScheduledAccessNetwork.queue,frameDuration,,,0.01s
Phase5_Tail-96-20261001-21:25:43-68,attr,DectScheduledAccessNetwork.queue,frameDuration,unit,s,
Phase5_Tail-96-20261001-21:25:43-68,param,DectScheduledAccessNetwork.queue,meanType1ServiceTime,,,0.000416667s
Phase5_Tail-96-20261001-21:25:43-68,attr,DectScheduledAccessNetwork.queue,meanType1ServiceTime,unit,s,
Phase5_Tail-96-20261001-21:25:43-68,param,DectScheduledAccessNetwork.queue,deriveDectParametersFromD,,,true
Phase5_Tail-96-20261001-21:25:43-68,param,DectScheduledAccessNetwork.queue,L,,,2
Phase5_Tail-96-20261001-21:25:43-68,param,DectScheduledAccessNetwork.queue,type2ServiceTime,,,0.009s
Phase5_Tail-96-20261001-21:25:43-68,attr,DectScheduledAccessNetwork.queue,type2ServiceTime,unit,s,
Phase5_Tail-96-20261001-21:25:43-68,param,DectScheduledAccessNetwork.queue,deriveLambdaFromRho,,,true
Phase5_Tail-96-20261001-21:25:43-68,param,DectScheduledAccessNetwork.queue,rho,,,0.423729
Phase5_Tail-96-20261001-21:25:43-68,param,DectScheduledAccessNetwork.queue,lambdaPerMs,,,0.12
Phase5_Tail-96-20261001-21:25:43-68,param,DectScheduledAccessNetwork.queue,r,,,30
Phase5_Tail-96-20261001-21:25:43-68,param,DectScheduledAccessNetwork.queue,warmupCompletedPackets,,,200000
Phase5_Tail-96-20261001-21:25:43-68,param,DectScheduledAccessNetwork.queue,targetCompletedPackets,,,1000000
Phase5_Tail-96-20261001-21:25:43-68,param,DectScheduledAccessNetwork.queue,rngIndex,,,0
Phase5_Tail-96-20261001-21:25:43-68,param,DectScheduledAccessNetwork.queue,recordVectors,,,false
Phase5_Tail-96-20261001-21:25:43-68,param,DectScheduledAccessNetwork.queue,recordTailStatistics,,,true
Phase5_Tail-96-20261001-21:25:43-68,param,DectScheduledAccessNetwork,typename,,,"""dect2020scheduledaccess.DectScheduledAccessNetwork"""
Phase5_Tail-97-20261001-21:25:43-68,param,DectScheduledAccessNetwork.queue,typename,,,"""dect2020scheduledaccess.ScheduledAccessQueue"""
Phase5_Tail-97-20261001-21:25:43-68,param,DectScheduledAccessNetwork.queue,D,,,10
Phase5_Tail-97-20261001-21:25:43-68,param,DectScheduledAccessNetwork.queue,frameDuration,,,0.01s
Phase5_Tail-97-20261001-21:25:43-68,attr,DectScheduledAccessNetwork.queue,frameDuration,unit,s,
Phase5_Tail-97-20261001-21:25:43-68,param,DectScheduledAccessNetwork.queue,meanType1ServiceTime,,,0.000416667s
Phase5_Tail-97-20261001-21:25:43-68,attr,DectScheduledAccessNetwork.queue,meanType1ServiceTime,unit,s,
Phase5_Tail-97-20261001-21:25:43-68,param,DectScheduledAccessNetwork.queue,deriveDectParametersFromD,,,true
Phase5_Tail-97-20261001-21:25:43-68,param,DectScheduledAccessNetwork.queue,L,,,2
Phase5_Tail-97-20261001-21:25:43-68,param,DectScheduledAccessNetwork.queue,type2ServiceTime,,,0.009s
Phase5_Tail-97-20261001-21:25:43-68,attr,DectScheduledAccessNetwork.queue,type2ServiceTime,unit,s,
Phase5_Tail-97-20261001-21:25:43-68,param,DectScheduledAccessNetwork.queue,deriveLambdaFromRho,,,true
Phase5_Tail-97-20261001-21:25:43-68,param,DectScheduledAccessNetwork.queue,rho,,,0.423729
Phase5_Tail-97-20261001-21:25:43-68,param,DectScheduledAccessNetwork.queue,lambdaPerMs,,,0.12
Phase5_Tail-97-20261001-21:25:43-68,param,DectScheduledAccessNetwork.queue,r,,,30
Phase5_Tail-97-20261001-21:25:43-68,param,DectScheduledAccessNetwork.queue,warmupCompletedPackets,,,200000
Phase5_Tail-97-20261001-21:25:43-68,param,DectScheduledAccessNetwork.queue,targetCompletedPackets,,,1000000
Phase5_Tail-97-20261001-21:25:43-68,param,DectScheduledAccessNetwork.queue,rngIndex,,,0
Phase5_Tail-97-20261001-21:25:43-68,param,DectScheduledAccessNetwork.queue,recordVectors,,,false
Phase5_Tail-97-20261001-21:25:43-68,param,DectScheduledAccessNetwork.queue,recordTailStatistics,,,true
Phase5_Tail-97-20261001-21:25:43-68,param,DectScheduledAccessNetwork,typename,,,"""dect2020scheduledaccess.DectScheduledAccessNetwork"""
Phase5_Tail-98-20261001-21:25:44-68,param,DectScheduledAccessNetwork.queue,typename,,,"""dect2020scheduledaccess.ScheduledAccessQueue"""
Phase5_Tail-98-20261001-21:25:44-68,param,DectScheduledAccessNetwork.queue,D,,,10
Phase5_Tail-98-20261001-21:25:44-68,param,DectScheduledAccessNetwork.queue,frameDuration,,,0.01s
Phase5_Tail-98-20261001-21:25:44-68,attr,DectScheduledAccessNetwork.queue,frameDuration,unit,s,
Phase5_Tail-98-20261001-21:25:44-68,param,DectScheduledAccessNetwork.queue,meanType1ServiceTime,,,0.000416667s
Phase5_Tail-98-20261001-21:25:44-68,attr,DectScheduledAccessNetwork.queue,meanType1ServiceTime,unit,s,
Phase5_Tail-98-20261001-21:25:44-68,param,DectScheduledAccessNetwork.queue,deriveDectParametersFromD,,,true
Phase5_Tail-98-20261001-21:25:44-68,param,DectScheduledAccessNetwork.queue,L,,,2
Phase5_Tail-98-20261001-21:25:44-68,param,DectScheduledAccessNetwork.queue,type2ServiceTime,,,0.009s
Phase5_Tail-98-20261001-21:25:44-68,attr,DectScheduledAccessNetwork.queue,type2ServiceTime,unit,s,
Phase5_Tail-98-20261001-21:25:44-68,param,DectScheduledAccessNetwork.queue,deriveLambdaFromRho,,,true
Phase5_Tail-98-20261001-21:25:44-68,param,DectScheduledAccessNetwork.queue,rho,,,0.423729
Phase5_Tail-98-20261001-21:25:44-68,param,DectScheduledAccessNetwork.queue,lambdaPerMs,,,0.12
Phase5_Tail-98-20261001-21:25:44-68,param,DectScheduledAccessNetwork.queue,r,,,30
Phase5_Tail-98-20261001-21:25:44-68,param,DectScheduledAccessNetwork.queue,warmupCompletedPackets,,,200000
Phase5_Tail-98-20261001-21:25:44-68,param,DectScheduledAccessNetwork.queue,targetCompletedPackets,,,1000000
Phase5_Tail-98-20261001-21:25:44-68,param,DectScheduledAccessNetwork.queue,rngIndex,,,0
Phase5_Tail-98-20261001-21:25:44-68,param,DectScheduledAccessNetwork.queue,recordVectors,,,false
Phase5_Tail-98-20261001-21:25:44-68,param,DectScheduledAccessNetwork.queue,recordTailStatistics,,,true
Phase5_Tail-98-20261001-21:25:44-68,param,DectScheduledAccessNetwork,typename,,,"""dect2020scheduledaccess.DectScheduledAccessNetwork"""
Phase5_Tail-99-20261001-21:25:45-68,param,DectScheduledAccessNetwork.queue,typename,,,"""dect2020scheduledaccess.ScheduledAccessQueue"""
Phase5_Tail-99-20261001-21:25:45-68,param,DectScheduledAccessNetwork.queue,D,,,10
Phase5_Tail-99-20261001-21:25:45-68,param,DectScheduledAccessNetwork.queue,frameDuration,,,0.01s
Phase5_Tail-99-20261001-21:25:45-68,attr,DectScheduledAccessNetwork.queue,frameDuration,unit,s,
Phase5_Tail-99-20261001-21:25:45-68,param,DectScheduledAccessNetwork.queue,meanType1ServiceTime,,,0.000416667s
Phase5_Tail-99-20261001-21:25:45-68,attr,DectScheduledAccessNetwork.queue,meanType1ServiceTime,unit,s,
Phase5_Tail-99-20261001-21:25:45-68,param,DectScheduledAccessNetwork.queue,deriveDectParametersFromD,,,true
Phase5_Tail-99-20261001-21:25:45-68,param,DectScheduledAccessNetwork.queue,L,,,2
Phase5_Tail-99-20261001-21:25:45-68,param,DectScheduledAccessNetwork.queue,type2ServiceTime,,,0.009s
Phase5_Tail-99-20261001-21:25:45-68,attr,DectScheduledAccessNetwork.queue,type2ServiceTime,unit,s,
Phase5_Tail-99-20261001-21:25:45-68,param,DectScheduledAccessNetwork.queue,deriveLambdaFromRho,,,true
Phase5_Tail-99-20261001-21:25:45-68,param,DectScheduledAccessNetwork.queue,rho,,,0.423729
Phase5_Tail-99-20261001-21:25:45-68,param,DectScheduledAccessNetwork.queue,lambdaPerMs,,,0.12
Phase5_Tail-99-20261001-21:25:45-68,param,DectScheduledAccessNetwork.queue,r,,,30
Phase5_Tail-99-20261001-21:25:45-68,param,DectScheduledAccessNetwork.queue,warmupCompletedPackets,,,200000
Phase5_Tail-99-20261001-21:25:45-68,param,DectScheduledAccessNetwork.queue,targetCompletedPackets,,,1000000
Phase5_Tail-99-20261001-21:25:45-68,param,DectScheduledAccessNetwork.queue,rngIndex,,,0
Phase5_Tail-99-20261001-21:25:45-68,param,DectScheduledAccessNetwork.queue,recordVectors,,,false
Phase5_Tail-99-20261001-21:25:45-68,param,DectScheduledAccessNetwork.queue,recordTailStatistics,,,true
Phase5_Tail-99-20261001-21:25:45-68,param,DectScheduledAccessNetwork,typename,,,"""dect2020scheduledaccess.DectScheduledAccessNetwork"""
