OMNeT++ Discrete Event Simulation  (C) 1992-2025 Andras Varga, OpenSim Ltd.
Version: 6.3.0, build: 251110-bb3d6a4731, edition: Academic Public License -- NOT FOR COMMERCIAL USE
See the license for distribution terms and warranty disclaimer

Setting up Cmdenv...

Loading NED files from /workspace/src:  2

Preparing for running configuration Phase2_D6, run #0...
Scenario: $r=5, $rho=0.083333333333, $repetition=0
Assigned runID=Phase2_D6-0-20260929-11:09:59-78
Setting up network "dect2020scheduledaccess.DectScheduledAccessNetwork"...
Initializing...

Running simulation...
** Event #0   t=0   Elapsed: 1e-05s (0m 00s)
     Speed:     ev/sec=0   simsec/sec=0   ev/simsec=0
     Messages:  created: 2   present: 2   in FES: 2
** Event #3074070   t=6044.157107716614   Elapsed: 0.302994s (0m 00s)
     Speed:     ev/sec=1.0146e+07   simsec/sec=19948.8   ev/simsec=508.602
     Messages:  created: 2   present: 2   in FES: 1

<!> Simulation stopped with endSimulation() -- in module (ScheduledAccessQueue) DectScheduledAccessNetwork.queue (id=2), at t=6044.157107716614s, event #3074070

Calling finish() at end of Run #0...

Preparing for running configuration Phase2_D6, run #1...
Scenario: $r=5, $rho=0.083333333333, $repetition=1
Assigned runID=Phase2_D6-1-20260929-11:09:59-78
Setting up network "dect2020scheduledaccess.DectScheduledAccessNetwork"...
Initializing...

Running simulation...
** Event #0   t=0   Elapsed: 3e-06s (0m 00s)
     Speed:     ev/sec=0   simsec/sec=0   ev/simsec=0
     Messages:  created: 2   present: 2   in FES: 2
** Event #3074484   t=6045.934722335672   Elapsed: 0.3015s (0m 00s)
     Speed:     ev/sec=1.01975e+07   simsec/sec=20053.3   ev/simsec=508.521
     Messages:  created: 2   present: 2   in FES: 1

<!> Simulation stopped with endSimulation() -- in module (ScheduledAccessQueue) DectScheduledAccessNetwork.queue (id=2), at t=6045.934722335672s, event #3074484

Calling finish() at end of Run #1...

Preparing for running configuration Phase2_D6, run #2...
Scenario: $r=5, $rho=0.083333333333, $repetition=2
Assigned runID=Phase2_D6-2-20260929-11:10:00-78
Setting up network "dect2020scheduledaccess.DectScheduledAccessNetwork"...
Initializing...

Running simulation...
** Event #0   t=0   Elapsed: 3e-06s (0m 00s)
     Speed:     ev/sec=0   simsec/sec=0   ev/simsec=0
     Messages:  created: 2   present: 2   in FES: 2
** Event #3074570   t=6046.031393954897   Elapsed: 0.314042s (0m 00s)
     Speed:     ev/sec=9.7906e+06   simsec/sec=19252.9   ev/simsec=508.527
     Messages:  created: 2   present: 2   in FES: 1

<!> Simulation stopped with endSimulation() -- in module (ScheduledAccessQueue) DectScheduledAccessNetwork.queue (id=2), at t=6046.031393954897s, event #3074570

Calling finish() at end of Run #2...

Preparing for running configuration Phase2_D6, run #3...
Scenario: $r=5, $rho=0.083333333333, $repetition=3
Assigned runID=Phase2_D6-3-20260929-11:10:00-78
Setting up network "dect2020scheduledaccess.DectScheduledAccessNetwork"...
Initializing...

Running simulation...
** Event #0   t=0   Elapsed: 2.4e-05s (0m 00s)
     Speed:     ev/sec=0   simsec/sec=0   ev/simsec=0
     Messages:  created: 2   present: 2   in FES: 2
** Event #3075472   t=6055.15220399477   Elapsed: 0.303511s (0m 00s)
     Speed:     ev/sec=1.0134e+07   simsec/sec=19952.3   ev/simsec=507.91
     Messages:  created: 2   present: 2   in FES: 1

<!> Simulation stopped with endSimulation() -- in module (ScheduledAccessQueue) DectScheduledAccessNetwork.queue (id=2), at t=6055.15220399477s, event #3075472

Calling finish() at end of Run #3...

Preparing for running configuration Phase2_D6, run #4...
Scenario: $r=5, $rho=0.083333333333, $repetition=4
Assigned runID=Phase2_D6-4-20260929-11:10:00-78
Setting up network "dect2020scheduledaccess.DectScheduledAccessNetwork"...
Initializing...

Running simulation...
** Event #0   t=0   Elapsed: 2.4e-05s (0m 00s)
     Speed:     ev/sec=0   simsec/sec=0   ev/simsec=0
     Messages:  created: 2   present: 2   in FES: 2
** Event #3075241   t=6052.632843746561   Elapsed: 0.303429s (0m 00s)
     Speed:     ev/sec=1.01359e+07   simsec/sec=19949.3   ev/simsec=508.083
     Messages:  created: 2   present: 2   in FES: 1

<!> Simulation stopped with endSimulation() -- in module (ScheduledAccessQueue) DectScheduledAccessNetwork.queue (id=2), at t=6052.632843746561s, event #3075241

Calling finish() at end of Run #4...

Preparing for running configuration Phase2_D6, run #5...
Scenario: $r=5, $rho=0.083333333333, $repetition=5
Assigned runID=Phase2_D6-5-20260929-11:10:00-78
Setting up network "dect2020scheduledaccess.DectScheduledAccessNetwork"...
Initializing...

Running simulation...
** Event #0   t=0   Elapsed: 2.4e-05s (0m 00s)
     Speed:     ev/sec=0   simsec/sec=0   ev/simsec=0
     Messages:  created: 2   present: 2   in FES: 2
** Event #3074142   t=6045.076008873937   Elapsed: 0.304818s (0m 00s)
     Speed:     ev/sec=1.00861e+07   simsec/sec=19833.6   ev/simsec=508.537
     Messages:  created: 2   present: 2   in FES: 1

<!> Simulation stopped with endSimulation() -- in module (ScheduledAccessQueue) DectScheduledAccessNetwork.queue (id=2), at t=6045.076008873937s, event #3074142

Calling finish() at end of Run #5...

Preparing for running configuration Phase2_D6, run #6...
Scenario: $r=5, $rho=0.083333333333, $repetition=6
Assigned runID=Phase2_D6-6-20260929-11:10:01-78
Setting up network "dect2020scheduledaccess.DectScheduledAccessNetwork"...
Initializing...

Running simulation...
** Event #0   t=0   Elapsed: 3e-06s (0m 00s)
     Speed:     ev/sec=0   simsec/sec=0   ev/simsec=0
     Messages:  created: 2   present: 2   in FES: 2
** Event #3073916   t=6043.865146282436   Elapsed: 0.300976s (0m 00s)
     Speed:     ev/sec=1.02134e+07   simsec/sec=20081.4   ev/simsec=508.601
     Messages:  created: 2   present: 2   in FES: 1

<!> Simulation stopped with endSimulation() -- in module (ScheduledAccessQueue) DectScheduledAccessNetwork.queue (id=2), at t=6043.865146282436s, event #3073916

Calling finish() at end of Run #6...

Preparing for running configuration Phase2_D6, run #7...
Scenario: $r=5, $rho=0.083333333333, $repetition=7
Assigned runID=Phase2_D6-7-20260929-11:10:01-78
Setting up network "dect2020scheduledaccess.DectScheduledAccessNetwork"...
Initializing...

Running simulation...
** Event #0   t=0   Elapsed: 2e-06s (0m 00s)
     Speed:     ev/sec=0   simsec/sec=0   ev/simsec=0
     Messages:  created: 2   present: 2   in FES: 2
** Event #3073621   t=6040.341382826719   Elapsed: 0.301202s (0m 00s)
     Speed:     ev/sec=1.02048e+07   simsec/sec=20054.6   ev/simsec=508.849
     Messages:  created: 2   present: 2   in FES: 1

<!> Simulation stopped with endSimulation() -- in module (ScheduledAccessQueue) DectScheduledAccessNetwork.queue (id=2), at t=6040.341382826719s, event #3073621

Calling finish() at end of Run #7...

Preparing for running configuration Phase2_D6, run #8...
Scenario: $r=5, $rho=0.083333333333, $repetition=8
Assigned runID=Phase2_D6-8-20260929-11:10:01-78
Setting up network "dect2020scheduledaccess.DectScheduledAccessNetwork"...
Initializing...

Running simulation...
** Event #0   t=0   Elapsed: 3e-06s (0m 00s)
     Speed:     ev/sec=0   simsec/sec=0   ev/simsec=0
     Messages:  created: 2   present: 2   in FES: 2
** Event #3074383   t=6045.338913231928   Elapsed: 0.300748s (0m 00s)
     Speed:     ev/sec=1.02228e+07   simsec/sec=20101.6   ev/simsec=508.554
     Messages:  created: 2   present: 2   in FES: 1

<!> Simulation stopped with endSimulation() -- in module (ScheduledAccessQueue) DectScheduledAccessNetwork.queue (id=2), at t=6045.338913231928s, event #3074383

Calling finish() at end of Run #8...

Preparing for running configuration Phase2_D6, run #9...
Scenario: $r=5, $rho=0.083333333333, $repetition=9
Assigned runID=Phase2_D6-9-20260929-11:10:02-78
Setting up network "dect2020scheduledaccess.DectScheduledAccessNetwork"...
Initializing...

Running simulation...
** Event #0   t=0   Elapsed: 3e-06s (0m 00s)
     Speed:     ev/sec=0   simsec/sec=0   ev/simsec=0
     Messages:  created: 2   present: 2   in FES: 2
** Event #3074930   t=6049.790276180085   Elapsed: 0.301527s (0m 00s)
     Speed:     ev/sec=1.01981e+07   simsec/sec=20064.3   ev/simsec=508.271
     Messages:  created: 2   present: 2   in FES: 1

<!> Simulation stopped with endSimulation() -- in module (ScheduledAccessQueue) DectScheduledAccessNetwork.queue (id=2), at t=6049.790276180085s, event #3074930

Calling finish() at end of Run #9...

Preparing for running configuration Phase2_D6, run #10...
Scenario: $r=5, $rho=0.166666666667, $repetition=0
Assigned runID=Phase2_D6-10-20260929-11:10:02-78
Setting up network "dect2020scheduledaccess.DectScheduledAccessNetwork"...
Initializing...

Running simulation...
** Event #0   t=0   Elapsed: 3e-06s (0m 00s)
     Speed:     ev/sec=0   simsec/sec=0   ev/simsec=0
     Messages:  created: 2   present: 2   in FES: 2
** Event #2928066   t=3442.474350025635   Elapsed: 0.296757s (0m 00s)
     Speed:     ev/sec=9.86711e+06   simsec/sec=11600.6   ev/simsec=850.57
     Messages:  created: 2   present: 2   in FES: 1

<!> Simulation stopped with endSimulation() -- in module (ScheduledAccessQueue) DectScheduledAccessNetwork.queue (id=2), at t=3442.474350025635s, event #2928066

Calling finish() at end of Run #10...

Preparing for running configuration Phase2_D6, run #11...
Scenario: $r=5, $rho=0.166666666667, $repetition=1
Assigned runID=Phase2_D6-11-20260929-11:10:02-78
Setting up network "dect2020scheduledaccess.DectScheduledAccessNetwork"...
Initializing...

Running simulation...
** Event #0   t=0   Elapsed: 2e-06s (0m 00s)
     Speed:     ev/sec=0   simsec/sec=0   ev/simsec=0
     Messages:  created: 2   present: 2   in FES: 2
** Event #2928573   t=3442.176791184286   Elapsed: 0.296677s (0m 00s)
     Speed:     ev/sec=9.87152e+06   simsec/sec=11602.8   ev/simsec=850.791
     Messages:  created: 2   present: 2   in FES: 1

<!> Simulation stopped with endSimulation() -- in module (ScheduledAccessQueue) DectScheduledAccessNetwork.queue (id=2), at t=3442.176791184286s, event #2928573

Calling finish() at end of Run #11...

Preparing for running configuration Phase2_D6, run #12...
Scenario: $r=5, $rho=0.166666666667, $repetition=2
Assigned runID=Phase2_D6-12-20260929-11:10:03-78
Setting up network "dect2020scheduledaccess.DectScheduledAccessNetwork"...
Initializing...

Running simulation...
** Event #0   t=0   Elapsed: 3e-06s (0m 00s)
     Speed:     ev/sec=0   simsec/sec=0   ev/simsec=0
     Messages:  created: 2   present: 2   in FES: 2
** Event #2929062   t=3436.506137573565   Elapsed: 0.298478s (0m 00s)
     Speed:     ev/sec=9.81356e+06   simsec/sec=11513.7   ev/simsec=852.337
     Messages:  created: 2   present: 2   in FES: 1

<!> Simulation stopped with endSimulation() -- in module (ScheduledAccessQueue) DectScheduledAccessNetwork.queue (id=2), at t=3436.506137573565s, event #2929062

Calling finish() at end of Run #12...

Preparing for running configuration Phase2_D6, run #13...
Scenario: $r=5, $rho=0.166666666667, $repetition=3
Assigned runID=Phase2_D6-13-20260929-11:10:03-78
Setting up network "dect2020scheduledaccess.DectScheduledAccessNetwork"...
Initializing...

Running simulation...
** Event #0   t=0   Elapsed: 2.6e-05s (0m 00s)
     Speed:     ev/sec=0   simsec/sec=0   ev/simsec=0
     Messages:  created: 2   present: 2   in FES: 2
** Event #2927752   t=3443.538364688766   Elapsed: 0.296464s (0m 00s)
     Speed:     ev/sec=9.87661e+06   simsec/sec=11616.6   ev/simsec=850.216
     Messages:  created: 2   present: 2   in FES: 1

<!> Simulation stopped with endSimulation() -- in module (ScheduledAccessQueue) DectScheduledAccessNetwork.queue (id=2), at t=3443.538364688766s, event #2927752

Calling finish() at end of Run #13...

Preparing for running configuration Phase2_D6, run #14...
Scenario: $r=5, $rho=0.166666666667, $repetition=4
Assigned runID=Phase2_D6-14-20260929-11:10:03-78
Setting up network "dect2020scheduledaccess.DectScheduledAccessNetwork"...
Initializing...

Running simulation...
** Event #0   t=0   Elapsed: 3e-06s (0m 00s)
     Speed:     ev/sec=0   simsec/sec=0   ev/simsec=0
     Messages:  created: 2   present: 2   in FES: 2
** Event #2929965   t=3440.608551216481   Elapsed: 0.296018s (0m 00s)
     Speed:     ev/sec=9.8982e+06   simsec/sec=11623.3   ev/simsec=851.584
     Messages:  created: 2   present: 2   in FES: 1

<!> Simulation stopped with endSimulation() -- in module (ScheduledAccessQueue) DectScheduledAccessNetwork.queue (id=2), at t=3440.608551216481s, event #2929965

Calling finish() at end of Run #14...

Preparing for running configuration Phase2_D6, run #15...
Scenario: $r=5, $rho=0.166666666667, $repetition=5
Assigned runID=Phase2_D6-15-20260929-11:10:03-78
Setting up network "dect2020scheduledaccess.DectScheduledAccessNetwork"...
Initializing...

Running simulation...
** Event #0   t=0   Elapsed: 2.5e-05s (0m 00s)
     Speed:     ev/sec=0   simsec/sec=0   ev/simsec=0
     Messages:  created: 2   present: 2   in FES: 2
** Event #2928145   t=3441.276011796058   Elapsed: 0.301793s (0m 00s)
     Speed:     ev/sec=9.70349e+06   simsec/sec=11403.9   ev/simsec=850.889
     Messages:  created: 2   present: 2   in FES: 1

<!> Simulation stopped with endSimulation() -- in module (ScheduledAccessQueue) DectScheduledAccessNetwork.queue (id=2), at t=3441.276011796058s, event #2928145

Calling finish() at end of Run #15...

Preparing for running configuration Phase2_D6, run #16...
Scenario: $r=5, $rho=0.166666666667, $repetition=6
Assigned runID=Phase2_D6-16-20260929-11:10:04-78
Setting up network "dect2020scheduledaccess.DectScheduledAccessNetwork"...
Initializing...

Running simulation...
** Event #0   t=0   Elapsed: 3e-06s (0m 00s)
     Speed:     ev/sec=0   simsec/sec=0   ev/simsec=0
     Messages:  created: 2   present: 2   in FES: 2
** Event #2928278   t=3439.094722848228   Elapsed: 0.301652s (0m 00s)
     Speed:     ev/sec=9.7077e+06   simsec/sec=11401.1   ev/simsec=851.468
     Messages:  created: 2   present: 2   in FES: 1

<!> Simulation stopped with endSimulation() -- in module (ScheduledAccessQueue) DectScheduledAccessNetwork.queue (id=2), at t=3439.094722848228s, event #2928278

Calling finish() at end of Run #16...

Preparing for running configuration Phase2_D6, run #17...
Scenario: $r=5, $rho=0.166666666667, $repetition=7
Assigned runID=Phase2_D6-17-20260929-11:10:04-78
Setting up network "dect2020scheduledaccess.DectScheduledAccessNetwork"...
Initializing...

Running simulation...
** Event #0   t=0   Elapsed: 4e-06s (0m 00s)
     Speed:     ev/sec=0   simsec/sec=0   ev/simsec=0
     Messages:  created: 2   present: 2   in FES: 2
** Event #2928932   t=3438.959152945466   Elapsed: 0.297059s (0m 00s)
     Speed:     ev/sec=9.86006e+06   simsec/sec=11577   ev/simsec=851.691
     Messages:  created: 2   present: 2   in FES: 1

<!> Simulation stopped with endSimulation() -- in module (ScheduledAccessQueue) DectScheduledAccessNetwork.queue (id=2), at t=3438.959152945466s, event #2928932

Calling finish() at end of Run #17...

Preparing for running configuration Phase2_D6, run #18...
Scenario: $r=5, $rho=0.166666666667, $repetition=8
Assigned runID=Phase2_D6-18-20260929-11:10:04-78
Setting up network "dect2020scheduledaccess.DectScheduledAccessNetwork"...
Initializing...

Running simulation...
** Event #0   t=0   Elapsed: 2.1e-05s (0m 00s)
     Speed:     ev/sec=0   simsec/sec=0   ev/simsec=0
     Messages:  created: 2   present: 2   in FES: 2
** Event #2928733   t=3439.018864464681   Elapsed: 0.301983s (0m 00s)
     Speed:     ev/sec=9.69914e+06   simsec/sec=11389.1   ev/simsec=851.619
     Messages:  created: 2   present: 2   in FES: 1

<!> Simulation stopped with endSimulation() -- in module (ScheduledAccessQueue) DectScheduledAccessNetwork.queue (id=2), at t=3439.018864464681s, event #2928733

Calling finish() at end of Run #18...

Preparing for running configuration Phase2_D6, run #19...
Scenario: $r=5, $rho=0.166666666667, $repetition=9
Assigned runID=Phase2_D6-19-20260929-11:10:05-78
Setting up network "dect2020scheduledaccess.DectScheduledAccessNetwork"...
Initializing...

Running simulation...
** Event #0   t=0   Elapsed: 4e-06s (0m 00s)
     Speed:     ev/sec=0   simsec/sec=0   ev/simsec=0
     Messages:  created: 2   present: 2   in FES: 2
** Event #2929026   t=3442.778194981446   Elapsed: 0.29695s (0m 00s)
     Speed:     ev/sec=9.86393e+06   simsec/sec=11594.1   ev/simsec=850.774
     Messages:  created: 2   present: 2   in FES: 1

<!> Simulation stopped with endSimulation() -- in module (ScheduledAccessQueue) DectScheduledAccessNetwork.queue (id=2), at t=3442.778194981446s, event #2929026

Calling finish() at end of Run #19...

Preparing for running configuration Phase2_D6, run #20...
Scenario: $r=5, $rho=0.250000000000, $repetition=0
Assigned runID=Phase2_D6-20-20260929-11:10:05-78
Setting up network "dect2020scheduledaccess.DectScheduledAccessNetwork"...
Initializing...

Running simulation...
** Event #0   t=0   Elapsed: 4e-06s (0m 00s)
     Speed:     ev/sec=0   simsec/sec=0   ev/simsec=0
     Messages:  created: 2   present: 2   in FES: 2
** Event #3338358   t=3056.789044660419   Elapsed: 0.341296s (0m 00s)
     Speed:     ev/sec=9.78167e+06   simsec/sec=8956.65   ev/simsec=1092.11
     Messages:  created: 2   present: 2   in FES: 1

<!> Simulation stopped with endSimulation() -- in module (ScheduledAccessQueue) DectScheduledAccessNetwork.queue (id=2), at t=3056.789044660419s, event #3338358

Calling finish() at end of Run #20...

Preparing for running configuration Phase2_D6, run #21...
Scenario: $r=5, $rho=0.250000000000, $repetition=1
Assigned runID=Phase2_D6-21-20260929-11:10:05-78
Setting up network "dect2020scheduledaccess.DectScheduledAccessNetwork"...
Initializing...

Running simulation...
** Event #0   t=0   Elapsed: 2.3e-05s (0m 00s)
     Speed:     ev/sec=0   simsec/sec=0   ev/simsec=0
     Messages:  created: 2   present: 2   in FES: 2
** Event #3339418   t=3056.280083196345   Elapsed: 0.339856s (0m 00s)
     Speed:     ev/sec=9.82676e+06   simsec/sec=8993.58   ev/simsec=1092.64
     Messages:  created: 2   present: 2   in FES: 1

<!> Simulation stopped with endSimulation() -- in module (ScheduledAccessQueue) DectScheduledAccessNetwork.queue (id=2), at t=3056.280083196345s, event #3339418

Calling finish() at end of Run #21...

Preparing for running configuration Phase2_D6, run #22...
Scenario: $r=5, $rho=0.250000000000, $repetition=2
Assigned runID=Phase2_D6-22-20260929-11:10:06-78
Setting up network "dect2020scheduledaccess.DectScheduledAccessNetwork"...
Initializing...

Running simulation...
** Event #0   t=0   Elapsed: 1.7e-05s (0m 00s)
     Speed:     ev/sec=0   simsec/sec=0   ev/simsec=0
     Messages:  created: 2   present: 2   in FES: 2
** Event #3340560   t=3054.898974336868   Elapsed: 0.341478s (0m 00s)
     Speed:     ev/sec=9.78328e+06   simsec/sec=8946.68   ev/simsec=1093.51
     Messages:  created: 2   present: 2   in FES: 1

<!> Simulation stopped with endSimulation() -- in module (ScheduledAccessQueue) DectScheduledAccessNetwork.queue (id=2), at t=3054.898974336868s, event #3340560

Calling finish() at end of Run #22...

Preparing for running configuration Phase2_D6, run #23...
Scenario: $r=5, $rho=0.250000000000, $repetition=3
Assigned runID=Phase2_D6-23-20260929-11:10:06-78
Setting up network "dect2020scheduledaccess.DectScheduledAccessNetwork"...
Initializing...

Running simulation...
** Event #0   t=0   Elapsed: 2.2e-05s (0m 00s)
     Speed:     ev/sec=0   simsec/sec=0   ev/simsec=0
     Messages:  created: 2   present: 2   in FES: 2
** Event #3337594   t=3056.687273405292   Elapsed: 0.340818s (0m 00s)
     Speed:     ev/sec=9.79367e+06   simsec/sec=8969.39   ev/simsec=1091.9
     Messages:  created: 2   present: 2   in FES: 1

<!> Simulation stopped with endSimulation() -- in module (ScheduledAccessQueue) DectScheduledAccessNetwork.queue (id=2), at t=3056.687273405292s, event #3337594

Calling finish() at end of Run #23...

Preparing for running configuration Phase2_D6, run #24...
Scenario: $r=5, $rho=0.250000000000, $repetition=4
Assigned runID=Phase2_D6-24-20260929-11:10:06-78
Setting up network "dect2020scheduledaccess.DectScheduledAccessNetwork"...
Initializing...

Running simulation...
** Event #0   t=0   Elapsed: 3e-06s (0m 00s)
     Speed:     ev/sec=0   simsec/sec=0   ev/simsec=0
     Messages:  created: 2   present: 2   in FES: 2
** Event #3338402   t=3055.937110593687   Elapsed: 0.340599s (0m 00s)
     Speed:     ev/sec=9.80176e+06   simsec/sec=8972.43   ev/simsec=1092.43
     Messages:  created: 2   present: 2   in FES: 1

<!> Simulation stopped with endSimulation() -- in module (ScheduledAccessQueue) DectScheduledAccessNetwork.queue (id=2), at t=3055.937110593687s, event #3338402

Calling finish() at end of Run #24...

Preparing for running configuration Phase2_D6, run #25...
Scenario: $r=5, $rho=0.250000000000, $repetition=5
Assigned runID=Phase2_D6-25-20260929-11:10:07-78
Setting up network "dect2020scheduledaccess.DectScheduledAccessNetwork"...
Initializing...

Running simulation...
** Event #0   t=0   Elapsed: 3e-05s (0m 00s)
     Speed:     ev/sec=0   simsec/sec=0   ev/simsec=0
     Messages:  created: 2   present: 2   in FES: 2
** Event #3337347   t=3055.859035510809   Elapsed: 0.340929s (0m 00s)
     Speed:     ev/sec=9.78996e+06   simsec/sec=8964.22   ev/simsec=1092.11
     Messages:  created: 2   present: 2   in FES: 1

<!> Simulation stopped with endSimulation() -- in module (ScheduledAccessQueue) DectScheduledAccessNetwork.queue (id=2), at t=3055.859035510809s, event #3337347

Calling finish() at end of Run #25...

Preparing for running configuration Phase2_D6, run #26...
Scenario: $r=5, $rho=0.250000000000, $repetition=6
Assigned runID=Phase2_D6-26-20260929-11:10:07-78
Setting up network "dect2020scheduledaccess.DectScheduledAccessNetwork"...
Initializing...

Running simulation...
** Event #0   t=0   Elapsed: 3e-06s (0m 00s)
     Speed:     ev/sec=0   simsec/sec=0   ev/simsec=0
     Messages:  created: 2   present: 2   in FES: 2
** Event #3339888   t=3055.252486352913   Elapsed: 0.341462s (0m 00s)
     Speed:     ev/sec=9.78134e+06   simsec/sec=8947.74   ev/simsec=1093.16
     Messages:  created: 2   present: 2   in FES: 1

<!> Simulation stopped with endSimulation() -- in module (ScheduledAccessQueue) DectScheduledAccessNetwork.queue (id=2), at t=3055.252486352913s, event #3339888

Calling finish() at end of Run #26...

Preparing for running configuration Phase2_D6, run #27...
Scenario: $r=5, $rho=0.250000000000, $repetition=7
Assigned runID=Phase2_D6-27-20260929-11:10:07-78
Setting up network "dect2020scheduledaccess.DectScheduledAccessNetwork"...
Initializing...

Running simulation...
** Event #0   t=0   Elapsed: 2e-06s (0m 00s)
     Speed:     ev/sec=0   simsec/sec=0   ev/simsec=0
     Messages:  created: 2   present: 2   in FES: 2
** Event #3340804   t=3056.286639662746   Elapsed: 0.340601s (0m 00s)
     Speed:     ev/sec=9.80876e+06   simsec/sec=8973.4   ev/simsec=1093.09
     Messages:  created: 2   present: 2   in FES: 1

<!> Simulation stopped with endSimulation() -- in module (ScheduledAccessQueue) DectScheduledAccessNetwork.queue (id=2), at t=3056.286639662746s, event #3340804

Calling finish() at end of Run #27...

Preparing for running configuration Phase2_D6, run #28...
Scenario: $r=5, $rho=0.250000000000, $repetition=8
Assigned runID=Phase2_D6-28-20260929-11:10:08-78
Setting up network "dect2020scheduledaccess.DectScheduledAccessNetwork"...
Initializing...

Running simulation...
** Event #0   t=0   Elapsed: 3e-06s (0m 00s)
     Speed:     ev/sec=0   simsec/sec=0   ev/simsec=0
     Messages:  created: 2   present: 2   in FES: 2
** Event #3340501   t=3054.497521874699   Elapsed: 0.340829s (0m 00s)
     Speed:     ev/sec=9.80134e+06   simsec/sec=8962.17   ev/simsec=1093.63
     Messages:  created: 2   present: 2   in FES: 1

<!> Simulation stopped with endSimulation() -- in module (ScheduledAccessQueue) DectScheduledAccessNetwork.queue (id=2), at t=3054.497521874699s, event #3340501

Calling finish() at end of Run #28...

Preparing for running configuration Phase2_D6, run #29...
Scenario: $r=5, $rho=0.250000000000, $repetition=9
Assigned runID=Phase2_D6-29-20260929-11:10:08-78
Setting up network "dect2020scheduledaccess.DectScheduledAccessNetwork"...
Initializing...

Running simulation...
** Event #0   t=0   Elapsed: 3e-06s (0m 00s)
     Speed:     ev/sec=0   simsec/sec=0   ev/simsec=0
     Messages:  created: 2   present: 2   in FES: 2
** Event #3340452   t=3056.586812037737   Elapsed: 0.339183s (0m 00s)
     Speed:     ev/sec=9.84873e+06   simsec/sec=9011.8   ev/simsec=1092.87
     Messages:  created: 2   present: 2   in FES: 1

<!> Simulation stopped with endSimulation() -- in module (ScheduledAccessQueue) DectScheduledAccessNetwork.queue (id=2), at t=3056.586812037737s, event #3340452

Calling finish() at end of Run #29...

Preparing for running configuration Phase2_D6, run #30...
Scenario: $r=20, $rho=0.083333333333, $repetition=0
Assigned runID=Phase2_D6-30-20260929-11:10:08-78
Setting up network "dect2020scheduledaccess.DectScheduledAccessNetwork"...
Initializing...

Running simulation...
** Event #0   t=0   Elapsed: 3e-06s (0m 00s)
     Speed:     ev/sec=0   simsec/sec=0   ev/simsec=0
     Messages:  created: 2   present: 2   in FES: 2
** Event #3060422   t=6003.816536056909   Elapsed: 0.299747s (0m 00s)
     Speed:     ev/sec=1.02103e+07   simsec/sec=20030.1   ev/simsec=509.746
     Messages:  created: 2   present: 2   in FES: 1

<!> Simulation stopped with endSimulation() -- in module (ScheduledAccessQueue) DectScheduledAccessNetwork.queue (id=2), at t=6003.816536056909s, event #3060422

Calling finish() at end of Run #30...

Preparing for running configuration Phase2_D6, run #31...
Scenario: $r=20, $rho=0.083333333333, $repetition=1
Assigned runID=Phase2_D6-31-20260929-11:10:09-78
Setting up network "dect2020scheduledaccess.DectScheduledAccessNetwork"...
Initializing...

Running simulation...
** Event #0   t=0   Elapsed: 2.6e-05s (0m 00s)
     Speed:     ev/sec=0   simsec/sec=0   ev/simsec=0
     Messages:  created: 2   present: 2   in FES: 2
** Event #3060132   t=6001.463195593055   Elapsed: 0.300824s (0m 00s)
     Speed:     ev/sec=1.01735e+07   simsec/sec=19952.1   ev/simsec=509.898
     Messages:  created: 2   present: 2   in FES: 1

<!> Simulation stopped with endSimulation() -- in module (ScheduledAccessQueue) DectScheduledAccessNetwork.queue (id=2), at t=6001.463195593055s, event #3060132

Calling finish() at end of Run #31...

Preparing for running configuration Phase2_D6, run #32...
Scenario: $r=20, $rho=0.083333333333, $repetition=2
Assigned runID=Phase2_D6-32-20260929-11:10:09-78
Setting up network "dect2020scheduledaccess.DectScheduledAccessNetwork"...
Initializing...

Running simulation...
** Event #0   t=0   Elapsed: 3.5e-05s (0m 00s)
     Speed:     ev/sec=0   simsec/sec=0   ev/simsec=0
     Messages:  created: 2   present: 2   in FES: 2
** Event #3059219   t=5993.396243744041   Elapsed: 0.300578s (0m 00s)
     Speed:     ev/sec=1.01792e+07   simsec/sec=19942.3   ev/simsec=510.432
     Messages:  created: 2   present: 2   in FES: 1

<!> Simulation stopped with endSimulation() -- in module (ScheduledAccessQueue) DectScheduledAccessNetwork.queue (id=2), at t=5993.396243744041s, event #3059219

Calling finish() at end of Run #32...

Preparing for running configuration Phase2_D6, run #33...
Scenario: $r=20, $rho=0.083333333333, $repetition=3
Assigned runID=Phase2_D6-33-20260929-11:10:09-78
Setting up network "dect2020scheduledaccess.DectScheduledAccessNetwork"...
Initializing...

Running simulation...
** Event #0   t=0   Elapsed: 1.6e-05s (0m 00s)
     Speed:     ev/sec=0   simsec/sec=0   ev/simsec=0
     Messages:  created: 2   present: 2   in FES: 2
** Event #3060384   t=6003.797969687868   Elapsed: 0.304352s (0m 00s)
     Speed:     ev/sec=1.00561e+07   simsec/sec=19727.9   ev/simsec=509.741
     Messages:  created: 2   present: 2   in FES: 1

<!> Simulation stopped with endSimulation() -- in module (ScheduledAccessQueue) DectScheduledAccessNetwork.queue (id=2), at t=6003.797969687868s, event #3060384

Calling finish() at end of Run #33...

Preparing for running configuration Phase2_D6, run #34...
Scenario: $r=20, $rho=0.083333333333, $repetition=4
Assigned runID=Phase2_D6-34-20260929-11:10:10-78
Setting up network "dect2020scheduledaccess.DectScheduledAccessNetwork"...
Initializing...

Running simulation...
** Event #0   t=0   Elapsed: 2.6e-05s (0m 00s)
     Speed:     ev/sec=0   simsec/sec=0   ev/simsec=0
     Messages:  created: 2   present: 2   in FES: 2
** Event #3060154   t=6001.41216035086   Elapsed: 0.300144s (0m 00s)
     Speed:     ev/sec=1.01967e+07   simsec/sec=19997.2   ev/simsec=509.906
     Messages:  created: 2   present: 2   in FES: 1

<!> Simulation stopped with endSimulation() -- in module (ScheduledAccessQueue) DectScheduledAccessNetwork.queue (id=2), at t=6001.41216035086s, event #3060154

Calling finish() at end of Run #34...

Preparing for running configuration Phase2_D6, run #35...
Scenario: $r=20, $rho=0.083333333333, $repetition=5
Assigned runID=Phase2_D6-35-20260929-11:10:10-78
Setting up network "dect2020scheduledaccess.DectScheduledAccessNetwork"...
Initializing...

Running simulation...
** Event #0   t=0   Elapsed: 2e-06s (0m 00s)
     Speed:     ev/sec=0   simsec/sec=0   ev/simsec=0
     Messages:  created: 2   present: 2   in FES: 2
** Event #3060453   t=6003.98259143166   Elapsed: 0.30154s (0m 00s)
     Speed:     ev/sec=1.01496e+07   simsec/sec=19911.5   ev/simsec=509.737
     Messages:  created: 2   present: 2   in FES: 1

<!> Simulation stopped with endSimulation() -- in module (ScheduledAccessQueue) DectScheduledAccessNetwork.queue (id=2), at t=6003.98259143166s, event #3060453

Calling finish() at end of Run #35...

Preparing for running configuration Phase2_D6, run #36...
Scenario: $r=20, $rho=0.083333333333, $repetition=6
Assigned runID=Phase2_D6-36-20260929-11:10:10-78
Setting up network "dect2020scheduledaccess.DectScheduledAccessNetwork"...
Initializing...

Running simulation...
** Event #0   t=0   Elapsed: 2.6e-05s (0m 00s)
     Speed:     ev/sec=0   simsec/sec=0   ev/simsec=0
     Messages:  created: 2   present: 2   in FES: 2
** Event #3060089   t=6000.553419258372   Elapsed: 0.29964s (0m 00s)
     Speed:     ev/sec=1.02136e+07   simsec/sec=20027.9   ev/simsec=509.968
     Messages:  created: 2   present: 2   in FES: 1

<!> Simulation stopped with endSimulation() -- in module (ScheduledAccessQueue) DectScheduledAccessNetwork.queue (id=2), at t=6000.553419258372s, event #3060089

Calling finish() at end of Run #36...

Preparing for running configuration Phase2_D6, run #37...
Scenario: $r=20, $rho=0.083333333333, $repetition=7
Assigned runID=Phase2_D6-37-20260929-11:10:11-78
Setting up network "dect2020scheduledaccess.DectScheduledAccessNetwork"...
Initializing...

Running simulation...
** Event #0   t=0   Elapsed: 2e-05s (0m 00s)
     Speed:     ev/sec=0   simsec/sec=0   ev/simsec=0
     Messages:  created: 2   present: 2   in FES: 2
** Event #3060124   t=6000.81799564204   Elapsed: 0.300172s (0m 00s)
     Speed:     ev/sec=1.01954e+07   simsec/sec=19992.9   ev/simsec=509.951
     Messages:  created: 2   present: 2   in FES: 1

<!> Simulation stopped with endSimulation() -- in module (ScheduledAccessQueue) DectScheduledAccessNetwork.queue (id=2), at t=6000.81799564204s, event #3060124

Calling finish() at end of Run #37...

Preparing for running configuration Phase2_D6, run #38...
Scenario: $r=20, $rho=0.083333333333, $repetition=8
Assigned runID=Phase2_D6-38-20260929-11:10:11-78
Setting up network "dect2020scheduledaccess.DectScheduledAccessNetwork"...
Initializing...

Running simulation...
** Event #0   t=0   Elapsed: 2.6e-05s (0m 00s)
     Speed:     ev/sec=0   simsec/sec=0   ev/simsec=0
     Messages:  created: 2   present: 2   in FES: 2
** Event #3059911   t=5998.732269288799   Elapsed: 0.299431s (0m 00s)
     Speed:     ev/sec=1.02201e+07   simsec/sec=20035.7   ev/simsec=510.093
     Messages:  created: 2   present: 2   in FES: 1

<!> Simulation stopped with endSimulation() -- in module (ScheduledAccessQueue) DectScheduledAccessNetwork.queue (id=2), at t=5998.732269288799s, event #3059911

Calling finish() at end of Run #38...

Preparing for running configuration Phase2_D6, run #39...
Scenario: $r=20, $rho=0.083333333333, $repetition=9
Assigned runID=Phase2_D6-39-20260929-11:10:11-78
Setting up network "dect2020scheduledaccess.DectScheduledAccessNetwork"...
Initializing...

Running simulation...
** Event #0   t=0   Elapsed: 3e-06s (0m 00s)
     Speed:     ev/sec=0   simsec/sec=0   ev/simsec=0
     Messages:  created: 2   present: 2   in FES: 2
** Event #3060001   t=6000.084859106467   Elapsed: 0.299723s (0m 00s)
     Speed:     ev/sec=1.02096e+07   simsec/sec=20019.2   ev/simsec=509.993
     Messages:  created: 2   present: 2   in FES: 1

<!> Simulation stopped with endSimulation() -- in module (ScheduledAccessQueue) DectScheduledAccessNetwork.queue (id=2), at t=6000.084859106467s, event #3060001

Calling finish() at end of Run #39...

Preparing for running configuration Phase2_D6, run #40...
Scenario: $r=20, $rho=0.166666666667, $repetition=0
Assigned runID=Phase2_D6-40-20260929-11:10:11-78
Setting up network "dect2020scheduledaccess.DectScheduledAccessNetwork"...
Initializing...

Running simulation...
** Event #0   t=0   Elapsed: 3e-06s (0m 00s)
     Speed:     ev/sec=0   simsec/sec=0   ev/simsec=0
     Messages:  created: 2   present: 2   in FES: 2
** Event #2743961   t=3085.072340614933   Elapsed: 0.277062s (0m 00s)
     Speed:     ev/sec=9.90403e+06   simsec/sec=11135.2   ev/simsec=889.432
     Messages:  created: 2   present: 2   in FES: 1

<!> Simulation stopped with endSimulation() -- in module (ScheduledAccessQueue) DectScheduledAccessNetwork.queue (id=2), at t=3085.072340614933s, event #2743961

Calling finish() at end of Run #40...

Preparing for running configuration Phase2_D6, run #41...
Scenario: $r=20, $rho=0.166666666667, $repetition=1
Assigned runID=Phase2_D6-41-20260929-11:10:12-78
Setting up network "dect2020scheduledaccess.DectScheduledAccessNetwork"...
Initializing...

Running simulation...
** Event #0   t=0   Elapsed: 3e-06s (0m 00s)
     Speed:     ev/sec=0   simsec/sec=0   ev/simsec=0
     Messages:  created: 2   present: 2   in FES: 2
** Event #2743360   t=3083.696279005668   Elapsed: 0.276457s (0m 00s)
     Speed:     ev/sec=9.92353e+06   simsec/sec=11154.6   ev/simsec=889.634
     Messages:  created: 2   present: 2   in FES: 1

<!> Simulation stopped with endSimulation() -- in module (ScheduledAccessQueue) DectScheduledAccessNetwork.queue (id=2), at t=3083.696279005668s, event #2743360

Calling finish() at end of Run #41...

Preparing for running configuration Phase2_D6, run #42...
Scenario: $r=20, $rho=0.166666666667, $repetition=2
Assigned runID=Phase2_D6-42-20260929-11:10:12-78
Setting up network "dect2020scheduledaccess.DectScheduledAccessNetwork"...
Initializing...

Running simulation...
** Event #0   t=0   Elapsed: 3e-06s (0m 00s)
     Speed:     ev/sec=0   simsec/sec=0   ev/simsec=0
     Messages:  created: 2   present: 2   in FES: 2
** Event #2742767   t=3081.623027910461   Elapsed: 0.276673s (0m 00s)
     Speed:     ev/sec=9.91364e+06   simsec/sec=11138.4   ev/simsec=890.04
     Messages:  created: 2   present: 2   in FES: 1

<!> Simulation stopped with endSimulation() -- in module (ScheduledAccessQueue) DectScheduledAccessNetwork.queue (id=2), at t=3081.623027910461s, event #2742767

Calling finish() at end of Run #42...

Preparing for running configuration Phase2_D6, run #43...
Scenario: $r=20, $rho=0.166666666667, $repetition=3
Assigned runID=Phase2_D6-43-20260929-11:10:12-78
Setting up network "dect2020scheduledaccess.DectScheduledAccessNetwork"...
Initializing...

Running simulation...
** Event #0   t=0   Elapsed: 2.4e-05s (0m 00s)
     Speed:     ev/sec=0   simsec/sec=0   ev/simsec=0
     Messages:  created: 2   present: 2   in FES: 2
** Event #2742698   t=3086.571876183331   Elapsed: 0.276774s (0m 00s)
     Speed:     ev/sec=9.91049e+06   simsec/sec=11153   ev/simsec=888.59
     Messages:  created: 2   present: 2   in FES: 1

<!> Simulation stopped with endSimulation() -- in module (ScheduledAccessQueue) DectScheduledAccessNetwork.queue (id=2), at t=3086.571876183331s, event #2742698

Calling finish() at end of Run #43...

Preparing for running configuration Phase2_D6, run #44...
Scenario: $r=20, $rho=0.166666666667, $repetition=4
Assigned runID=Phase2_D6-44-20260929-11:10:13-78
Setting up network "dect2020scheduledaccess.DectScheduledAccessNetwork"...
Initializing...

Running simulation...
** Event #0   t=0   Elapsed: 3e-06s (0m 00s)
     Speed:     ev/sec=0   simsec/sec=0   ev/simsec=0
     Messages:  created: 2   present: 2   in FES: 2
** Event #2744303   t=3083.757629874833   Elapsed: 0.278083s (0m 00s)
     Speed:     ev/sec=9.86893e+06   simsec/sec=11089.7   ev/simsec=889.922
     Messages:  created: 2   present: 2   in FES: 1

<!> Simulation stopped with endSimulation() -- in module (ScheduledAccessQueue) DectScheduledAccessNetwork.queue (id=2), at t=3083.757629874833s, event #2744303

Calling finish() at end of Run #44...

Preparing for running configuration Phase2_D6, run #45...
Scenario: $r=20, $rho=0.166666666667, $repetition=5
Assigned runID=Phase2_D6-45-20260929-11:10:13-78
Setting up network "dect2020scheduledaccess.DectScheduledAccessNetwork"...
Initializing...

Running simulation...
** Event #0   t=0   Elapsed: 2.4e-05s (0m 00s)
     Speed:     ev/sec=0   simsec/sec=0   ev/simsec=0
     Messages:  created: 2   present: 2   in FES: 2
** Event #2742948   t=3085.681913245956   Elapsed: 0.278259s (0m 00s)
     Speed:     ev/sec=9.85856e+06   simsec/sec=11090.4   ev/simsec=888.928
     Messages:  created: 2   present: 2   in FES: 1

<!> Simulation stopped with endSimulation() -- in module (ScheduledAccessQueue) DectScheduledAccessNetwork.queue (id=2), at t=3085.681913245956s, event #2742948

Calling finish() at end of Run #45...

Preparing for running configuration Phase2_D6, run #46...
Scenario: $r=20, $rho=0.166666666667, $repetition=6
Assigned runID=Phase2_D6-46-20260929-11:10:13-78
Setting up network "dect2020scheduledaccess.DectScheduledAccessNetwork"...
Initializing...

Running simulation...
** Event #0   t=0   Elapsed: 4e-06s (0m 00s)
     Speed:     ev/sec=0   simsec/sec=0   ev/simsec=0
     Messages:  created: 2   present: 2   in FES: 2
** Event #2743635   t=3084.269895960629   Elapsed: 0.276323s (0m 00s)
     Speed:     ev/sec=9.92937e+06   simsec/sec=11162.2   ev/simsec=889.557
     Messages:  created: 2   present: 2   in FES: 1

<!> Simulation stopped with endSimulation() -- in module (ScheduledAccessQueue) DectScheduledAccessNetwork.queue (id=2), at t=3084.269895960629s, event #2743635

Calling finish() at end of Run #46...

Preparing for running configuration Phase2_D6, run #47...
Scenario: $r=20, $rho=0.166666666667, $repetition=7
Assigned runID=Phase2_D6-47-20260929-11:10:13-78
Setting up network "dect2020scheduledaccess.DectScheduledAccessNetwork"...
Initializing...

Running simulation...
** Event #0   t=0   Elapsed: 1.9e-05s (0m 00s)
     Speed:     ev/sec=0   simsec/sec=0   ev/simsec=0
     Messages:  created: 2   present: 2   in FES: 2
** Event #2743467   t=3083.929360906619   Elapsed: 0.276328s (0m 00s)
     Speed:     ev/sec=9.92916e+06   simsec/sec=11161.4   ev/simsec=889.601
     Messages:  created: 2   present: 2   in FES: 1

<!> Simulation stopped with endSimulation() -- in module (ScheduledAccessQueue) DectScheduledAccessNetwork.queue (id=2), at t=3083.929360906619s, event #2743467

Calling finish() at end of Run #47...

Preparing for running configuration Phase2_D6, run #48...
Scenario: $r=20, $rho=0.166666666667, $repetition=8
Assigned runID=Phase2_D6-48-20260929-11:10:14-78
Setting up network "dect2020scheduledaccess.DectScheduledAccessNetwork"...
Initializing...

Running simulation...
** Event #0   t=0   Elapsed: 2.4e-05s (0m 00s)
     Speed:     ev/sec=0   simsec/sec=0   ev/simsec=0
     Messages:  created: 2   present: 2   in FES: 2
** Event #2742649   t=3080.837305204482   Elapsed: 0.278124s (0m 00s)
     Speed:     ev/sec=9.86227e+06   simsec/sec=11078.4   ev/simsec=890.229
     Messages:  created: 2   present: 2   in FES: 1

<!> Simulation stopped with endSimulation() -- in module (ScheduledAccessQueue) DectScheduledAccessNetwork.queue (id=2), at t=3080.837305204482s, event #2742649

Calling finish() at end of Run #48...

Preparing for running configuration Phase2_D6, run #49...
Scenario: $r=20, $rho=0.166666666667, $repetition=9
Assigned runID=Phase2_D6-49-20260929-11:10:14-78
Setting up network "dect2020scheduledaccess.DectScheduledAccessNetwork"...
Initializing...

Running simulation...
** Event #0   t=0   Elapsed: 2.6e-05s (0m 00s)
     Speed:     ev/sec=0   simsec/sec=0   ev/simsec=0
     Messages:  created: 2   present: 2   in FES: 2
** Event #2742992   t=3085.131507237912   Elapsed: 0.277754s (0m 00s)
     Speed:     ev/sec=9.87672e+06   simsec/sec=11108.7   ev/simsec=889.101
     Messages:  created: 2   present: 2   in FES: 1

<!> Simulation stopped with endSimulation() -- in module (ScheduledAccessQueue) DectScheduledAccessNetwork.queue (id=2), at t=3085.131507237912s, event #2742992

Calling finish() at end of Run #49...

Preparing for running configuration Phase2_D6, run #50...
Scenario: $r=20, $rho=0.250000000000, $repetition=0
Assigned runID=Phase2_D6-50-20260929-11:10:14-78
Setting up network "dect2020scheduledaccess.DectScheduledAccessNetwork"...
Initializing...

Running simulation...
** Event #0   t=0   Elapsed: 3e-06s (0m 00s)
     Speed:     ev/sec=0   simsec/sec=0   ev/simsec=0
     Messages:  created: 2   present: 2   in FES: 2
** Event #3297835   t=3000.41207836219   Elapsed: 0.33533s (0m 00s)
     Speed:     ev/sec=9.8348e+06   simsec/sec=8947.82   ev/simsec=1099.13
     Messages:  created: 2   present: 2   in FES: 1

<!> Simulation stopped with endSimulation() -- in module (ScheduledAccessQueue) DectScheduledAccessNetwork.queue (id=2), at t=3000.41207836219s, event #3297835

Calling finish() at end of Run #50...

Preparing for running configuration Phase2_D6, run #51...
Scenario: $r=20, $rho=0.250000000000, $repetition=1
Assigned runID=Phase2_D6-51-20260929-11:10:15-78
Setting up network "dect2020scheduledaccess.DectScheduledAccessNetwork"...
Initializing...

Running simulation...
** Event #0   t=0   Elapsed: 3e-06s (0m 00s)
     Speed:     ev/sec=0   simsec/sec=0   ev/simsec=0
     Messages:  created: 2   present: 2   in FES: 2
** Event #3299492   t=3000.557924138981   Elapsed: 0.335199s (0m 00s)
     Speed:     ev/sec=9.84359e+06   simsec/sec=8951.76   ev/simsec=1099.63
     Messages:  created: 2   present: 2   in FES: 1

<!> Simulation stopped with endSimulation() -- in module (ScheduledAccessQueue) DectScheduledAccessNetwork.queue (id=2), at t=3000.557924138981s, event #3299492

Calling finish() at end of Run #51...

Preparing for running configuration Phase2_D6, run #52...
Scenario: $r=20, $rho=0.250000000000, $repetition=2
Assigned runID=Phase2_D6-52-20260929-11:10:15-78
Setting up network "dect2020scheduledaccess.DectScheduledAccessNetwork"...
Initializing...

Running simulation...
** Event #0   t=0   Elapsed: 3e-06s (0m 00s)
     Speed:     ev/sec=0   simsec/sec=0   ev/simsec=0
     Messages:  created: 2   present: 2   in FES: 2
** Event #3300569   t=2999.648769510292   Elapsed: 0.335972s (0m 00s)
     Speed:     ev/sec=9.82417e+06   simsec/sec=8928.48   ev/simsec=1100.32
     Messages:  created: 2   present: 2   in FES: 1

<!> Simulation stopped with endSimulation() -- in module (ScheduledAccessQueue) DectScheduledAccessNetwork.queue (id=2), at t=2999.648769510292s, event #3300569

Calling finish() at end of Run #52...

Preparing for running configuration Phase2_D6, run #53...
Scenario: $r=20, $rho=0.250000000000, $repetition=3
Assigned runID=Phase2_D6-53-20260929-11:10:15-78
Setting up network "dect2020scheduledaccess.DectScheduledAccessNetwork"...
Initializing...

Running simulation...
** Event #0   t=0   Elapsed: 2e-06s (0m 00s)
     Speed:     ev/sec=0   simsec/sec=0   ev/simsec=0
     Messages:  created: 2   present: 2   in FES: 2
** Event #3300011   t=3001.015270500228   Elapsed: 0.334878s (0m 00s)
     Speed:     ev/sec=9.85457e+06   simsec/sec=8961.71   ev/simsec=1099.63
     Messages:  created: 2   present: 2   in FES: 1

<!> Simulation stopped with endSimulation() -- in module (ScheduledAccessQueue) DectScheduledAccessNetwork.queue (id=2), at t=3001.015270500228s, event #3300011

Calling finish() at end of Run #53...

Preparing for running configuration Phase2_D6, run #54...
Scenario: $r=20, $rho=0.250000000000, $repetition=4
Assigned runID=Phase2_D6-54-20260929-11:10:16-78
Setting up network "dect2020scheduledaccess.DectScheduledAccessNetwork"...
Initializing...

Running simulation...
** Event #0   t=0   Elapsed: 2.9e-05s (0m 00s)
     Speed:     ev/sec=0   simsec/sec=0   ev/simsec=0
     Messages:  created: 2   present: 2   in FES: 2
** Event #3298948   t=2999.972614041053   Elapsed: 0.335217s (0m 00s)
     Speed:     ev/sec=9.84223e+06   simsec/sec=8950.25   ev/simsec=1099.66
     Messages:  created: 2   present: 2   in FES: 1

<!> Simulation stopped with endSimulation() -- in module (ScheduledAccessQueue) DectScheduledAccessNetwork.queue (id=2), at t=2999.972614041053s, event #3298948

Calling finish() at end of Run #54...

Preparing for running configuration Phase2_D6, run #55...
Scenario: $r=20, $rho=0.250000000000, $repetition=5
Assigned runID=Phase2_D6-55-20260929-11:10:16-78
Setting up network "dect2020scheduledaccess.DectScheduledAccessNetwork"...
Initializing...

Running simulation...
** Event #0   t=0   Elapsed: 3e-06s (0m 00s)
     Speed:     ev/sec=0   simsec/sec=0   ev/simsec=0
     Messages:  created: 2   present: 2   in FES: 2
** Event #3299509   t=3000.55572397352   Elapsed: 0.335888s (0m 00s)
     Speed:     ev/sec=9.8235e+06   simsec/sec=8933.44   ev/simsec=1099.63
     Messages:  created: 2   present: 2   in FES: 1

<!> Simulation stopped with endSimulation() -- in module (ScheduledAccessQueue) DectScheduledAccessNetwork.queue (id=2), at t=3000.55572397352s, event #3299509

Calling finish() at end of Run #55...

Preparing for running configuration Phase2_D6, run #56...
Scenario: $r=20, $rho=0.250000000000, $repetition=6
Assigned runID=Phase2_D6-56-20260929-11:10:16-78
Setting up network "dect2020scheduledaccess.DectScheduledAccessNetwork"...
Initializing...

Running simulation...
** Event #0   t=0   Elapsed: 4e-06s (0m 00s)
     Speed:     ev/sec=0   simsec/sec=0   ev/simsec=0
     Messages:  created: 2   present: 2   in FES: 2
** Event #3299395   t=2999.906339381853   Elapsed: 0.335712s (0m 00s)
     Speed:     ev/sec=9.82829e+06   simsec/sec=8936.16   ev/simsec=1099.83
     Messages:  created: 2   present: 2   in FES: 1

<!> Simulation stopped with endSimulation() -- in module (ScheduledAccessQueue) DectScheduledAccessNetwork.queue (id=2), at t=2999.906339381853s, event #3299395

Calling finish() at end of Run #56...

Preparing for running configuration Phase2_D6, run #57...
Scenario: $r=20, $rho=0.250000000000, $repetition=7
Assigned runID=Phase2_D6-57-20260929-11:10:17-78
Setting up network "dect2020scheduledaccess.DectScheduledAccessNetwork"...
Initializing...

Running simulation...
** Event #0   t=0   Elapsed: 2.2e-05s (0m 00s)
     Speed:     ev/sec=0   simsec/sec=0   ev/simsec=0
     Messages:  created: 2   present: 2   in FES: 2
** Event #3301073   t=3000.794387704537   Elapsed: 0.335759s (0m 00s)
     Speed:     ev/sec=9.83244e+06   simsec/sec=8938.03   ev/simsec=1100.07
     Messages:  created: 2   present: 2   in FES: 1

<!> Simulation stopped with endSimulation() -- in module (ScheduledAccessQueue) DectScheduledAccessNetwork.queue (id=2), at t=3000.794387704537s, event #3301073

Calling finish() at end of Run #57...

Preparing for running configuration Phase2_D6, run #58...
Scenario: $r=20, $rho=0.250000000000, $repetition=8
Assigned runID=Phase2_D6-58-20260929-11:10:17-78
Setting up network "dect2020scheduledaccess.DectScheduledAccessNetwork"...
Initializing...

Running simulation...
** Event #0   t=0   Elapsed: 3e-06s (0m 00s)
     Speed:     ev/sec=0   simsec/sec=0   ev/simsec=0
     Messages:  created: 2   present: 2   in FES: 2
** Event #3300718   t=2999.556102855304   Elapsed: 0.335009s (0m 00s)
     Speed:     ev/sec=9.85283e+06   simsec/sec=8953.84   ev/simsec=1100.4
     Messages:  created: 2   present: 2   in FES: 1

<!> Simulation stopped with endSimulation() -- in module (ScheduledAccessQueue) DectScheduledAccessNetwork.queue (id=2), at t=2999.556102855304s, event #3300718

Calling finish() at end of Run #58...

Preparing for running configuration Phase2_D6, run #59...
Scenario: $r=20, $rho=0.250000000000, $repetition=9
Assigned runID=Phase2_D6-59-20260929-11:10:17-78
Setting up network "dect2020scheduledaccess.DectScheduledAccessNetwork"...
Initializing...

Running simulation...
** Event #0   t=0   Elapsed: 4.6e-05s (0m 00s)
     Speed:     ev/sec=0   simsec/sec=0   ev/simsec=0
     Messages:  created: 2   present: 2   in FES: 2
** Event #3298800   t=2999.588144497626   Elapsed: 0.335327s (0m 00s)
     Speed:     ev/sec=9.83906e+06   simsec/sec=8946.62   ev/simsec=1099.75
     Messages:  created: 2   present: 2   in FES: 1

<!> Simulation stopped with endSimulation() -- in module (ScheduledAccessQueue) DectScheduledAccessNetwork.queue (id=2), at t=2999.588144497626s, event #3298800

Calling finish() at end of Run #59...

Preparing for running configuration Phase2_D6, run #60...
Scenario: $r=50, $rho=0.083333333333, $repetition=0
Assigned runID=Phase2_D6-60-20260929-11:10:18-78
Setting up network "dect2020scheduledaccess.DectScheduledAccessNetwork"...
Initializing...

Running simulation...
** Event #0   t=0   Elapsed: 3e-06s (0m 00s)
     Speed:     ev/sec=0   simsec/sec=0   ev/simsec=0
     Messages:  created: 2   present: 2   in FES: 2
** Event #3060422   t=6003.816536056909   Elapsed: 0.300911s (0m 00s)
     Speed:     ev/sec=1.01708e+07   simsec/sec=19952.7   ev/simsec=509.746
     Messages:  created: 2   present: 2   in FES: 1

<!> Simulation stopped with endSimulation() -- in module (ScheduledAccessQueue) DectScheduledAccessNetwork.queue (id=2), at t=6003.816536056909s, event #3060422

Calling finish() at end of Run #60...

Preparing for running configuration Phase2_D6, run #61...
Scenario: $r=50, $rho=0.083333333333, $repetition=1
Assigned runID=Phase2_D6-61-20260929-11:10:18-78
Setting up network "dect2020scheduledaccess.DectScheduledAccessNetwork"...
Initializing...

Running simulation...
** Event #0   t=0   Elapsed: 3e-06s (0m 00s)
     Speed:     ev/sec=0   simsec/sec=0   ev/simsec=0
     Messages:  created: 2   present: 2   in FES: 2
** Event #3060132   t=6001.463195593055   Elapsed: 0.299716s (0m 00s)
     Speed:     ev/sec=1.02103e+07   simsec/sec=20024.3   ev/simsec=509.898
     Messages:  created: 2   present: 2   in FES: 1

<!> Simulation stopped with endSimulation() -- in module (ScheduledAccessQueue) DectScheduledAccessNetwork.queue (id=2), at t=6001.463195593055s, event #3060132

Calling finish() at end of Run #61...

Preparing for running configuration Phase2_D6, run #62...
Scenario: $r=50, $rho=0.083333333333, $repetition=2
Assigned runID=Phase2_D6-62-20260929-11:10:18-78
Setting up network "dect2020scheduledaccess.DectScheduledAccessNetwork"...
Initializing...

Running simulation...
** Event #0   t=0   Elapsed: 3.6e-05s (0m 00s)
     Speed:     ev/sec=0   simsec/sec=0   ev/simsec=0
     Messages:  created: 2   present: 2   in FES: 2
** Event #3059219   t=5993.396243744041   Elapsed: 0.299327s (0m 00s)
     Speed:     ev/sec=1.02217e+07   simsec/sec=20025.6   ev/simsec=510.432
     Messages:  created: 2   present: 2   in FES: 1

<!> Simulation stopped with endSimulation() -- in module (ScheduledAccessQueue) DectScheduledAccessNetwork.queue (id=2), at t=5993.396243744041s, event #3059219

Calling finish() at end of Run #62...

Preparing for running configuration Phase2_D6, run #63...
Scenario: $r=50, $rho=0.083333333333, $repetition=3
Assigned runID=Phase2_D6-63-20260929-11:10:18-78
Setting up network "dect2020scheduledaccess.DectScheduledAccessNetwork"...
Initializing...

Running simulation...
** Event #0   t=0   Elapsed: 3e-06s (0m 00s)
     Speed:     ev/sec=0   simsec/sec=0   ev/simsec=0
     Messages:  created: 2   present: 2   in FES: 2
** Event #3060384   t=6003.797969687868   Elapsed: 0.300148s (0m 00s)
     Speed:     ev/sec=1.01965e+07   simsec/sec=20003.3   ev/simsec=509.741
     Messages:  created: 2   present: 2   in FES: 1

<!> Simulation stopped with endSimulation() -- in module (ScheduledAccessQueue) DectScheduledAccessNetwork.queue (id=2), at t=6003.797969687868s, event #3060384

Calling finish() at end of Run #63...

Preparing for running configuration Phase2_D6, run #64...
Scenario: $r=50, $rho=0.083333333333, $repetition=4
Assigned runID=Phase2_D6-64-20260929-11:10:19-78
Setting up network "dect2020scheduledaccess.DectScheduledAccessNetwork"...
Initializing...

Running simulation...
** Event #0   t=0   Elapsed: 3e-06s (0m 00s)
     Speed:     ev/sec=0   simsec/sec=0   ev/simsec=0
     Messages:  created: 2   present: 2   in FES: 2
** Event #3060154   t=6001.41216035086   Elapsed: 0.299631s (0m 00s)
     Speed:     ev/sec=1.02133e+07   simsec/sec=20029.8   ev/simsec=509.906
     Messages:  created: 2   present: 2   in FES: 1

<!> Simulation stopped with endSimulation() -- in module (ScheduledAccessQueue) DectScheduledAccessNetwork.queue (id=2), at t=6001.41216035086s, event #3060154

Calling finish() at end of Run #64...

Preparing for running configuration Phase2_D6, run #65...
Scenario: $r=50, $rho=0.083333333333, $repetition=5
Assigned runID=Phase2_D6-65-20260929-11:10:19-78
Setting up network "dect2020scheduledaccess.DectScheduledAccessNetwork"...
Initializing...

Running simulation...
** Event #0   t=0   Elapsed: 3e-06s (0m 00s)
     Speed:     ev/sec=0   simsec/sec=0   ev/simsec=0
     Messages:  created: 2   present: 2   in FES: 2
** Event #3060453   t=6003.98259143166   Elapsed: 0.299189s (0m 00s)
     Speed:     ev/sec=1.02294e+07   simsec/sec=20068   ev/simsec=509.737
     Messages:  created: 2   present: 2   in FES: 1

<!> Simulation stopped with endSimulation() -- in module (ScheduledAccessQueue) DectScheduledAccessNetwork.queue (id=2), at t=6003.98259143166s, event #3060453

Calling finish() at end of Run #65...

Preparing for running configuration Phase2_D6, run #66...
Scenario: $r=50, $rho=0.083333333333, $repetition=6
Assigned runID=Phase2_D6-66-20260929-11:10:19-78
Setting up network "dect2020scheduledaccess.DectScheduledAccessNetwork"...
Initializing...

Running simulation...
** Event #0   t=0   Elapsed: 2.6e-05s (0m 00s)
     Speed:     ev/sec=0   simsec/sec=0   ev/simsec=0
     Messages:  created: 2   present: 2   in FES: 2
** Event #3060089   t=6000.553419258372   Elapsed: 0.299458s (0m 00s)
     Speed:     ev/sec=1.02198e+07   simsec/sec=20040.1   ev/simsec=509.968
     Messages:  created: 2   present: 2   in FES: 1

<!> Simulation stopped with endSimulation() -- in module (ScheduledAccessQueue) DectScheduledAccessNetwork.queue (id=2), at t=6000.553419258372s, event #3060089

Calling finish() at end of Run #66...

Preparing for running configuration Phase2_D6, run #67...
Scenario: $r=50, $rho=0.083333333333, $repetition=7
Assigned runID=Phase2_D6-67-20260929-11:10:20-78
Setting up network "dect2020scheduledaccess.DectScheduledAccessNetwork"...
Initializing...

Running simulation...
** Event #0   t=0   Elapsed: 4e-06s (0m 00s)
     Speed:     ev/sec=0   simsec/sec=0   ev/simsec=0
     Messages:  created: 2   present: 2   in FES: 2
** Event #3060124   t=6000.81799564204   Elapsed: 0.299857s (0m 00s)
     Speed:     ev/sec=1.02056e+07   simsec/sec=20012.8   ev/simsec=509.951
     Messages:  created: 2   present: 2   in FES: 1

<!> Simulation stopped with endSimulation() -- in module (ScheduledAccessQueue) DectScheduledAccessNetwork.queue (id=2), at t=6000.81799564204s, event #3060124

Calling finish() at end of Run #67...

Preparing for running configuration Phase2_D6, run #68...
Scenario: $r=50, $rho=0.083333333333, $repetition=8
Assigned runID=Phase2_D6-68-20260929-11:10:20-78
Setting up network "dect2020scheduledaccess.DectScheduledAccessNetwork"...
Initializing...

Running simulation...
** Event #0   t=0   Elapsed: 2.9e-05s (0m 00s)
     Speed:     ev/sec=0   simsec/sec=0   ev/simsec=0
     Messages:  created: 2   present: 2   in FES: 2
** Event #3059911   t=5998.732269288799   Elapsed: 0.299277s (0m 00s)
     Speed:     ev/sec=1.02254e+07   simsec/sec=20046.2   ev/simsec=510.093
     Messages:  created: 2   present: 2   in FES: 1

<!> Simulation stopped with endSimulation() -- in module (ScheduledAccessQueue) DectScheduledAccessNetwork.queue (id=2), at t=5998.732269288799s, event #3059911

Calling finish() at end of Run #68...

Preparing for running configuration Phase2_D6, run #69...
Scenario: $r=50, $rho=0.083333333333, $repetition=9
Assigned runID=Phase2_D6-69-20260929-11:10:20-78
Setting up network "dect2020scheduledaccess.DectScheduledAccessNetwork"...
Initializing...

Running simulation...
** Event #0   t=0   Elapsed: 3e-06s (0m 00s)
     Speed:     ev/sec=0   simsec/sec=0   ev/simsec=0
     Messages:  created: 2   present: 2   in FES: 2
** Event #3060001   t=6000.084859106467   Elapsed: 0.302627s (0m 00s)
     Speed:     ev/sec=1.01117e+07   simsec/sec=19827.1   ev/simsec=509.993
     Messages:  created: 2   present: 2   in FES: 1

<!> Simulation stopped with endSimulation() -- in module (ScheduledAccessQueue) DectScheduledAccessNetwork.queue (id=2), at t=6000.084859106467s, event #3060001

Calling finish() at end of Run #69...

Preparing for running configuration Phase2_D6, run #70...
Scenario: $r=50, $rho=0.166666666667, $repetition=0
Assigned runID=Phase2_D6-70-20260929-11:10:21-78
Setting up network "dect2020scheduledaccess.DectScheduledAccessNetwork"...
Initializing...

Running simulation...
** Event #0   t=0   Elapsed: 3.3e-05s (0m 00s)
     Speed:     ev/sec=0   simsec/sec=0   ev/simsec=0
     Messages:  created: 2   present: 2   in FES: 2
** Event #2716830   t=3035.814782610602   Elapsed: 0.275679s (0m 00s)
     Speed:     ev/sec=9.85641e+06   simsec/sec=11013.6   ev/simsec=894.927
     Messages:  created: 2   present: 2   in FES: 1

<!> Simulation stopped with endSimulation() -- in module (ScheduledAccessQueue) DectScheduledAccessNetwork.queue (id=2), at t=3035.814782610602s, event #2716830

Calling finish() at end of Run #70...

Preparing for running configuration Phase2_D6, run #71...
Scenario: $r=50, $rho=0.166666666667, $repetition=1
Assigned runID=Phase2_D6-71-20260929-11:10:21-78
Setting up network "dect2020scheduledaccess.DectScheduledAccessNetwork"...
Initializing...

Running simulation...
** Event #0   t=0   Elapsed: 3.4e-05s (0m 00s)
     Speed:     ev/sec=0   simsec/sec=0   ev/simsec=0
     Messages:  created: 2   present: 2   in FES: 2
** Event #2716530   t=3033.171669028345   Elapsed: 0.274549s (0m 00s)
     Speed:     ev/sec=9.89589e+06   simsec/sec=11049.4   ev/simsec=895.607
     Messages:  created: 2   present: 2   in FES: 1

<!> Simulation stopped with endSimulation() -- in module (ScheduledAccessQueue) DectScheduledAccessNetwork.queue (id=2), at t=3033.171669028345s, event #2716530

Calling finish() at end of Run #71...

Preparing for running configuration Phase2_D6, run #72...
Scenario: $r=50, $rho=0.166666666667, $repetition=2
Assigned runID=Phase2_D6-72-20260929-11:10:21-78
Setting up network "dect2020scheduledaccess.DectScheduledAccessNetwork"...
Initializing...

Running simulation...
** Event #0   t=0   Elapsed: 3e-06s (0m 00s)
     Speed:     ev/sec=0   simsec/sec=0   ev/simsec=0
     Messages:  created: 2   present: 2   in FES: 2
** Event #2716604   t=3031.092086301939   Elapsed: 0.2762s (0m 00s)
     Speed:     ev/sec=9.83593e+06   simsec/sec=10974.6   ev/simsec=896.246
     Messages:  created: 2   present: 2   in FES: 1

<!> Simulation stopped with endSimulation() -- in module (ScheduledAccessQueue) DectScheduledAccessNetwork.queue (id=2), at t=3031.092086301939s, event #2716604

Calling finish() at end of Run #72...

Preparing for running configuration Phase2_D6, run #73...
Scenario: $r=50, $rho=0.166666666667, $repetition=3
Assigned runID=Phase2_D6-73-20260929-11:10:21-78
Setting up network "dect2020scheduledaccess.DectScheduledAccessNetwork"...
Initializing...

Running simulation...
** Event #0   t=0   Elapsed: 4e-06s (0m 00s)
     Speed:     ev/sec=0   simsec/sec=0   ev/simsec=0
     Messages:  created: 2   present: 2   in FES: 2
** Event #2716262   t=3034.562367733093   Elapsed: 0.273946s (0m 00s)
     Speed:     ev/sec=9.91561e+06   simsec/sec=11077.6   ev/simsec=895.108
     Messages:  created: 2   present: 2   in FES: 1

<!> Simulation stopped with endSimulation() -- in module (ScheduledAccessQueue) DectScheduledAccessNetwork.queue (id=2), at t=3034.562367733093s, event #2716262

Calling finish() at end of Run #73...

Preparing for running configuration Phase2_D6, run #74...
Scenario: $r=50, $rho=0.166666666667, $repetition=4
Assigned runID=Phase2_D6-74-20260929-11:10:22-78
Setting up network "dect2020scheduledaccess.DectScheduledAccessNetwork"...
Initializing...

Running simulation...
** Event #0   t=0   Elapsed: 3.2e-05s (0m 00s)
     Speed:     ev/sec=0   simsec/sec=0   ev/simsec=0
     Messages:  created: 2   present: 2   in FES: 2
** Event #2716490   t=3033.050722365105   Elapsed: 0.273745s (0m 00s)
     Speed:     ev/sec=9.92481e+06   simsec/sec=11081.4   ev/simsec=895.63
     Messages:  created: 2   present: 2   in FES: 1

<!> Simulation stopped with endSimulation() -- in module (ScheduledAccessQueue) DectScheduledAccessNetwork.queue (id=2), at t=3033.050722365105s, event #2716490

Calling finish() at end of Run #74...

Preparing for running configuration Phase2_D6, run #75...
Scenario: $r=50, $rho=0.166666666667, $repetition=5
Assigned runID=Phase2_D6-75-20260929-11:10:22-78
Setting up network "dect2020scheduledaccess.DectScheduledAccessNetwork"...
Initializing...

Running simulation...
** Event #0   t=0   Elapsed: 3e-06s (0m 00s)
     Speed:     ev/sec=0   simsec/sec=0   ev/simsec=0
     Messages:  created: 2   present: 2   in FES: 2
** Event #2716532   t=3033.032651823926   Elapsed: 0.274768s (0m 00s)
     Speed:     ev/sec=9.88689e+06   simsec/sec=11038.8   ev/simsec=895.649
     Messages:  created: 2   present: 2   in FES: 1

<!> Simulation stopped with endSimulation() -- in module (ScheduledAccessQueue) DectScheduledAccessNetwork.queue (id=2), at t=3033.032651823926s, event #2716532

Calling finish() at end of Run #75...

Preparing for running configuration Phase2_D6, run #76...
Scenario: $r=50, $rho=0.166666666667, $repetition=6
Assigned runID=Phase2_D6-76-20260929-11:10:22-78
Setting up network "dect2020scheduledaccess.DectScheduledAccessNetwork"...
Initializing...

Running simulation...
** Event #0   t=0   Elapsed: 1.9e-05s (0m 00s)
     Speed:     ev/sec=0   simsec/sec=0   ev/simsec=0
     Messages:  created: 2   present: 2   in FES: 2
** Event #2716953   t=3032.656865505374   Elapsed: 0.275655s (0m 00s)
     Speed:     ev/sec=9.85718e+06   simsec/sec=11002.6   ev/simsec=895.899
     Messages:  created: 2   present: 2   in FES: 1

<!> Simulation stopped with endSimulation() -- in module (ScheduledAccessQueue) DectScheduledAccessNetwork.queue (id=2), at t=3032.656865505374s, event #2716953

Calling finish() at end of Run #76...

Preparing for running configuration Phase2_D6, run #77...
Scenario: $r=50, $rho=0.166666666667, $repetition=7
Assigned runID=Phase2_D6-77-20260929-11:10:23-78
Setting up network "dect2020scheduledaccess.DectScheduledAccessNetwork"...
Initializing...

Running simulation...
** Event #0   t=0   Elapsed: 5.1e-05s (0m 00s)
     Speed:     ev/sec=0   simsec/sec=0   ev/simsec=0
     Messages:  created: 2   present: 2   in FES: 2
** Event #2716177   t=3032.033554437536   Elapsed: 0.273551s (0m 00s)
     Speed:     ev/sec=9.93132e+06   simsec/sec=11086.2   ev/simsec=895.827
     Messages:  created: 2   present: 2   in FES: 1

<!> Simulation stopped with endSimulation() -- in module (ScheduledAccessQueue) DectScheduledAccessNetwork.queue (id=2), at t=3032.033554437536s, event #2716177

Calling finish() at end of Run #77...

Preparing for running configuration Phase2_D6, run #78...
Scenario: $r=50, $rho=0.166666666667, $repetition=8
Assigned runID=Phase2_D6-78-20260929-11:10:23-78
Setting up network "dect2020scheduledaccess.DectScheduledAccessNetwork"...
Initializing...

Running simulation...
** Event #0   t=0   Elapsed: 2.6e-05s (0m 00s)
     Speed:     ev/sec=0   simsec/sec=0   ev/simsec=0
     Messages:  created: 2   present: 2   in FES: 2
** Event #2716201   t=3029.90636148125   Elapsed: 0.274343s (0m 00s)
     Speed:     ev/sec=9.90183e+06   simsec/sec=11045.4   ev/simsec=896.464
     Messages:  created: 2   present: 2   in FES: 1

<!> Simulation stopped with endSimulation() -- in module (ScheduledAccessQueue) DectScheduledAccessNetwork.queue (id=2), at t=3029.90636148125s, event #2716201

Calling finish() at end of Run #78...

Preparing for running configuration Phase2_D6, run #79...
Scenario: $r=50, $rho=0.166666666667, $repetition=9
Assigned runID=Phase2_D6-79-20260929-11:10:23-78
Setting up network "dect2020scheduledaccess.DectScheduledAccessNetwork"...
Initializing...

Running simulation...
** Event #0   t=0   Elapsed: 4e-06s (0m 00s)
     Speed:     ev/sec=0   simsec/sec=0   ev/simsec=0
     Messages:  created: 2   present: 2   in FES: 2
** Event #2716728   t=3033.988594509772   Elapsed: 0.275021s (0m 00s)
     Speed:     ev/sec=9.87854e+06   simsec/sec=11032.2   ev/simsec=895.432
     Messages:  created: 2   present: 2   in FES: 1

<!> Simulation stopped with endSimulation() -- in module (ScheduledAccessQueue) DectScheduledAccessNetwork.queue (id=2), at t=3033.988594509772s, event #2716728

Calling finish() at end of Run #79...

Preparing for running configuration Phase2_D6, run #80...
Scenario: $r=50, $rho=0.250000000000, $repetition=0
Assigned runID=Phase2_D6-80-20260929-11:10:23-78
Setting up network "dect2020scheduledaccess.DectScheduledAccessNetwork"...
Initializing...

Running simulation...
** Event #0   t=0   Elapsed: 2.2e-05s (0m 00s)
     Speed:     ev/sec=0   simsec/sec=0   ev/simsec=0
     Messages:  created: 2   present: 2   in FES: 2
** Event #3297912   t=3000.491501412804   Elapsed: 0.336488s (0m 00s)
     Speed:     ev/sec=9.80177e+06   simsec/sec=8917.8   ev/simsec=1099.12
     Messages:  created: 2   present: 2   in FES: 1

<!> Simulation stopped with endSimulation() -- in module (ScheduledAccessQueue) DectScheduledAccessNetwork.queue (id=2), at t=3000.491501412804s, event #3297912

Calling finish() at end of Run #80...

Preparing for running configuration Phase2_D6, run #81...
Scenario: $r=50, $rho=0.250000000000, $repetition=1
Assigned runID=Phase2_D6-81-20260929-11:10:24-78
Setting up network "dect2020scheduledaccess.DectScheduledAccessNetwork"...
Initializing...

Running simulation...
** Event #0   t=0   Elapsed: 2.3e-05s (0m 00s)
     Speed:     ev/sec=0   simsec/sec=0   ev/simsec=0
     Messages:  created: 2   present: 2   in FES: 2
** Event #3299586   t=3000.637994455822   Elapsed: 0.336708s (0m 00s)
     Speed:     ev/sec=9.80036e+06   simsec/sec=8912.43   ev/simsec=1099.63
     Messages:  created: 2   present: 2   in FES: 1

<!> Simulation stopped with endSimulation() -- in module (ScheduledAccessQueue) DectScheduledAccessNetwork.queue (id=2), at t=3000.637994455822s, event #3299586

Calling finish() at end of Run #81...

Preparing for running configuration Phase2_D6, run #82...
Scenario: $r=50, $rho=0.250000000000, $repetition=2
Assigned runID=Phase2_D6-82-20260929-11:10:24-78
Setting up network "dect2020scheduledaccess.DectScheduledAccessNetwork"...
Initializing...

Running simulation...
** Event #0   t=0   Elapsed: 2.5e-05s (0m 00s)
     Speed:     ev/sec=0   simsec/sec=0   ev/simsec=0
     Messages:  created: 2   present: 2   in FES: 2
** Event #3300668   t=2999.728360678162   Elapsed: 0.335993s (0m 00s)
     Speed:     ev/sec=9.82447e+06   simsec/sec=8928.72   ev/simsec=1100.32
     Messages:  created: 2   present: 2   in FES: 1

<!> Simulation stopped with endSimulation() -- in module (ScheduledAccessQueue) DectScheduledAccessNetwork.queue (id=2), at t=2999.728360678162s, event #3300668

Calling finish() at end of Run #82...

Preparing for running configuration Phase2_D6, run #83...
Scenario: $r=50, $rho=0.250000000000, $repetition=3
Assigned runID=Phase2_D6-83-20260929-11:10:24-78
Setting up network "dect2020scheduledaccess.DectScheduledAccessNetwork"...
Initializing...

Running simulation...
** Event #0   t=0   Elapsed: 3e-06s (0m 00s)
     Speed:     ev/sec=0   simsec/sec=0   ev/simsec=0
     Messages:  created: 2   present: 2   in FES: 2
** Event #3300093   t=3001.084858961644   Elapsed: 0.335612s (0m 00s)
     Speed:     ev/sec=9.83329e+06   simsec/sec=8942.34   ev/simsec=1099.63
     Messages:  created: 2   present: 2   in FES: 1

<!> Simulation stopped with endSimulation() -- in module (ScheduledAccessQueue) DectScheduledAccessNetwork.queue (id=2), at t=3001.084858961644s, event #3300093

Calling finish() at end of Run #83...

Preparing for running configuration Phase2_D6, run #84...
Scenario: $r=50, $rho=0.250000000000, $repetition=4
Assigned runID=Phase2_D6-84-20260929-11:10:25-78
Setting up network "dect2020scheduledaccess.DectScheduledAccessNetwork"...
Initializing...

Running simulation...
** Event #0   t=0   Elapsed: 3e-06s (0m 00s)
     Speed:     ev/sec=0   simsec/sec=0   ev/simsec=0
     Messages:  created: 2   present: 2   in FES: 2
** Event #3299030   t=3000.042767204336   Elapsed: 0.335472s (0m 00s)
     Speed:     ev/sec=9.83423e+06   simsec/sec=8942.96   ev/simsec=1099.66
     Messages:  created: 2   present: 2   in FES: 1

<!> Simulation stopped with endSimulation() -- in module (ScheduledAccessQueue) DectScheduledAccessNetwork.queue (id=2), at t=3000.042767204336s, event #3299030

Calling finish() at end of Run #84...

Preparing for running configuration Phase2_D6, run #85...
Scenario: $r=50, $rho=0.250000000000, $repetition=5
Assigned runID=Phase2_D6-85-20260929-11:10:25-78
Setting up network "dect2020scheduledaccess.DectScheduledAccessNetwork"...
Initializing...

Running simulation...
** Event #0   t=0   Elapsed: 3e-06s (0m 00s)
     Speed:     ev/sec=0   simsec/sec=0   ev/simsec=0
     Messages:  created: 2   present: 2   in FES: 2
** Event #3299587   t=3000.632102927785   Elapsed: 0.336138s (0m 00s)
     Speed:     ev/sec=9.8164e+06   simsec/sec=8927   ev/simsec=1099.63
     Messages:  created: 2   present: 2   in FES: 1

<!> Simulation stopped with endSimulation() -- in module (ScheduledAccessQueue) DectScheduledAccessNetwork.queue (id=2), at t=3000.632102927785s, event #3299587

Calling finish() at end of Run #85...

Preparing for running configuration Phase2_D6, run #86...
Scenario: $r=50, $rho=0.250000000000, $repetition=6
Assigned runID=Phase2_D6-86-20260929-11:10:25-78
Setting up network "dect2020scheduledaccess.DectScheduledAccessNetwork"...
Initializing...

Running simulation...
** Event #0   t=0   Elapsed: 1.9e-05s (0m 00s)
     Speed:     ev/sec=0   simsec/sec=0   ev/simsec=0
     Messages:  created: 2   present: 2   in FES: 2
** Event #3300087   t=3000.180069104192   Elapsed: 0.335167s (0m 00s)
     Speed:     ev/sec=9.84683e+06   simsec/sec=8951.97   ev/simsec=1099.96
     Messages:  created: 2   present: 2   in FES: 1

<!> Simulation stopped with endSimulation() -- in module (ScheduledAccessQueue) DectScheduledAccessNetwork.queue (id=2), at t=3000.180069104192s, event #3300087

Calling finish() at end of Run #86...

Preparing for running configuration Phase2_D6, run #87...
Scenario: $r=50, $rho=0.250000000000, $repetition=7
Assigned runID=Phase2_D6-87-20260929-11:10:26-78
Setting up network "dect2020scheduledaccess.DectScheduledAccessNetwork"...
Initializing...

Running simulation...
** Event #0   t=0   Elapsed: 3e-06s (0m 00s)
     Speed:     ev/sec=0   simsec/sec=0   ev/simsec=0
     Messages:  created: 2   present: 2   in FES: 2
** Event #3301151   t=3000.865115961876   Elapsed: 0.33531s (0m 00s)
     Speed:     ev/sec=9.84528e+06   simsec/sec=8949.71   ev/simsec=1100.07
     Messages:  created: 2   present: 2   in FES: 1

<!> Simulation stopped with endSimulation() -- in module (ScheduledAccessQueue) DectScheduledAccessNetwork.queue (id=2), at t=3000.865115961876s, event #3301151

Calling finish() at end of Run #87...

Preparing for running configuration Phase2_D6, run #88...
Scenario: $r=50, $rho=0.250000000000, $repetition=8
Assigned runID=Phase2_D6-88-20260929-11:10:26-78
Setting up network "dect2020scheduledaccess.DectScheduledAccessNetwork"...
Initializing...

Running simulation...
** Event #0   t=0   Elapsed: 3e-06s (0m 00s)
     Speed:     ev/sec=0   simsec/sec=0   ev/simsec=0
     Messages:  created: 2   present: 2   in FES: 2
** Event #3300802   t=2999.633112863779   Elapsed: 0.33549s (0m 00s)
     Speed:     ev/sec=9.83895e+06   simsec/sec=8941.24   ev/simsec=1100.4
     Messages:  created: 2   present: 2   in FES: 1

<!> Simulation stopped with endSimulation() -- in module (ScheduledAccessQueue) DectScheduledAccessNetwork.queue (id=2), at t=2999.633112863779s, event #3300802

Calling finish() at end of Run #88...

Preparing for running configuration Phase2_D6, run #89...
Scenario: $r=50, $rho=0.250000000000, $repetition=9
Assigned runID=Phase2_D6-89-20260929-11:10:26-78
Setting up network "dect2020scheduledaccess.DectScheduledAccessNetwork"...
Initializing...

Running simulation...
** Event #0   t=0   Elapsed: 4.1e-05s (0m 00s)
     Speed:     ev/sec=0   simsec/sec=0   ev/simsec=0
     Messages:  created: 2   present: 2   in FES: 2
** Event #3298877   t=2999.661501656291   Elapsed: 0.335474s (0m 00s)
     Speed:     ev/sec=9.83483e+06   simsec/sec=8942.79   ev/simsec=1099.75
     Messages:  created: 2   present: 2   in FES: 1

<!> Simulation stopped with endSimulation() -- in module (ScheduledAccessQueue) DectScheduledAccessNetwork.queue (id=2), at t=2999.661501656291s, event #3298877

Calling finish() at end of Run #89...

Run statistics: total 90, successful 90

End.
OMNeT++ Discrete Event Simulation  (C) 1992-2025 Andras Varga, OpenSim Ltd.
Version: 6.3.0, build: 251110-bb3d6a4731, edition: Academic Public License -- NOT FOR COMMERCIAL USE
See the license for distribution terms and warranty disclaimer

Setting up Cmdenv...

Loading NED files from /workspace/src:  2

Preparing for running configuration Phase2_D10, run #0...
Scenario: $r=5, $rho=0.042372881356, $repetition=0
Assigned runID=Phase2_D10-0-20260929-11:10:27-79
Setting up network "dect2020scheduledaccess.DectScheduledAccessNetwork"...
Initializing...

Running simulation...
** Event #0   t=0   Elapsed: 8e-06s (0m 00s)
     Speed:     ev/sec=0   simsec/sec=0   ev/simsec=0
     Messages:  created: 2   present: 2   in FES: 2
** Event #3662155   t=11835.600431749867   Elapsed: 0.344389s (0m 00s)
     Speed:     ev/sec=1.06341e+07   simsec/sec=34368   ev/simsec=309.419
     Messages:  created: 2   present: 2   in FES: 1

<!> Simulation stopped with endSimulation() -- in module (ScheduledAccessQueue) DectScheduledAccessNetwork.queue (id=2), at t=11835.600431749867s, event #3662155

Calling finish() at end of Run #0...

Preparing for running configuration Phase2_D10, run #1...
Scenario: $r=5, $rho=0.042372881356, $repetition=1
Assigned runID=Phase2_D10-1-20260929-11:10:27-79
Setting up network "dect2020scheduledaccess.DectScheduledAccessNetwork"...
Initializing...

Running simulation...
** Event #0   t=0   Elapsed: 2.7e-05s (0m 00s)
     Speed:     ev/sec=0   simsec/sec=0   ev/simsec=0
     Messages:  created: 2   present: 2   in FES: 2
** Event #3661039   t=11825.979320356923   Elapsed: 0.343277s (0m 00s)
     Speed:     ev/sec=1.06659e+07   simsec/sec=34453.4   ev/simsec=309.576
     Messages:  created: 2   present: 2   in FES: 1

<!> Simulation stopped with endSimulation() -- in module (ScheduledAccessQueue) DectScheduledAccessNetwork.queue (id=2), at t=11825.979320356923s, event #3661039

Calling finish() at end of Run #1...

Preparing for running configuration Phase2_D10, run #2...
Scenario: $r=5, $rho=0.042372881356, $repetition=2
Assigned runID=Phase2_D10-2-20260929-11:10:27-79
Setting up network "dect2020scheduledaccess.DectScheduledAccessNetwork"...
Initializing...

Running simulation...
** Event #0   t=0   Elapsed: 4e-06s (0m 00s)
     Speed:     ev/sec=0   simsec/sec=0   ev/simsec=0
     Messages:  created: 2   present: 2   in FES: 2
** Event #3659455   t=11810.013619019527   Elapsed: 0.342073s (0m 00s)
     Speed:     ev/sec=1.06982e+07   simsec/sec=34525.7   ev/simsec=309.86
     Messages:  created: 2   present: 2   in FES: 1

<!> Simulation stopped with endSimulation() -- in module (ScheduledAccessQueue) DectScheduledAccessNetwork.queue (id=2), at t=11810.013619019527s, event #3659455

Calling finish() at end of Run #2...

Preparing for running configuration Phase2_D10, run #3...
Scenario: $r=5, $rho=0.042372881356, $repetition=3
Assigned runID=Phase2_D10-3-20260929-11:10:28-79
Setting up network "dect2020scheduledaccess.DectScheduledAccessNetwork"...
Initializing...

Running simulation...
** Event #0   t=0   Elapsed: 3e-06s (0m 00s)
     Speed:     ev/sec=0   simsec/sec=0   ev/simsec=0
     Messages:  created: 2   present: 2   in FES: 2
** Event #3660973   t=11826.14323064393   Elapsed: 0.341483s (0m 00s)
     Speed:     ev/sec=1.07211e+07   simsec/sec=34632.5   ev/simsec=309.566
     Messages:  created: 2   present: 2   in FES: 1

<!> Simulation stopped with endSimulation() -- in module (ScheduledAccessQueue) DectScheduledAccessNetwork.queue (id=2), at t=11826.14323064393s, event #3660973

Calling finish() at end of Run #3...

Preparing for running configuration Phase2_D10, run #4...
Scenario: $r=5, $rho=0.042372881356, $repetition=4
Assigned runID=Phase2_D10-4-20260929-11:10:28-79
Setting up network "dect2020scheduledaccess.DectScheduledAccessNetwork"...
Initializing...

Running simulation...
** Event #0   t=0   Elapsed: 2.7e-05s (0m 00s)
     Speed:     ev/sec=0   simsec/sec=0   ev/simsec=0
     Messages:  created: 2   present: 2   in FES: 2
** Event #3662377   t=11836.846724798879   Elapsed: 0.342056s (0m 00s)
     Speed:     ev/sec=1.07079e+07   simsec/sec=34608.1   ev/simsec=309.405
     Messages:  created: 2   present: 2   in FES: 1

<!> Simulation stopped with endSimulation() -- in module (ScheduledAccessQueue) DectScheduledAccessNetwork.queue (id=2), at t=11836.846724798879s, event #3662377

Calling finish() at end of Run #4...

Preparing for running configuration Phase2_D10, run #5...
Scenario: $r=5, $rho=0.042372881356, $repetition=5
Assigned runID=Phase2_D10-5-20260929-11:10:28-79
Setting up network "dect2020scheduledaccess.DectScheduledAccessNetwork"...
Initializing...

Running simulation...
** Event #0   t=0   Elapsed: 3e-06s (0m 00s)
     Speed:     ev/sec=0   simsec/sec=0   ev/simsec=0
     Messages:  created: 2   present: 2   in FES: 2
** Event #3663464   t=11847.842999332062   Elapsed: 0.341712s (0m 00s)
     Speed:     ev/sec=1.07212e+07   simsec/sec=34672.8   ev/simsec=309.209
     Messages:  created: 2   present: 2   in FES: 1

<!> Simulation stopped with endSimulation() -- in module (ScheduledAccessQueue) DectScheduledAccessNetwork.queue (id=2), at t=11847.842999332062s, event #3663464

Calling finish() at end of Run #5...

Preparing for running configuration Phase2_D10, run #6...
Scenario: $r=5, $rho=0.042372881356, $repetition=6
Assigned runID=Phase2_D10-6-20260929-11:10:29-79
Setting up network "dect2020scheduledaccess.DectScheduledAccessNetwork"...
Initializing...

Running simulation...
** Event #0   t=0   Elapsed: 1.5e-05s (0m 00s)
     Speed:     ev/sec=0   simsec/sec=0   ev/simsec=0
     Messages:  created: 2   present: 2   in FES: 2
** Event #3661100   t=11824.996357445227   Elapsed: 0.341113s (0m 00s)
     Speed:     ev/sec=1.07334e+07   simsec/sec=34667.7   ev/simsec=309.607
     Messages:  created: 2   present: 2   in FES: 1

<!> Simulation stopped with endSimulation() -- in module (ScheduledAccessQueue) DectScheduledAccessNetwork.queue (id=2), at t=11824.996357445227s, event #3661100

Calling finish() at end of Run #6...

Preparing for running configuration Phase2_D10, run #7...
Scenario: $r=5, $rho=0.042372881356, $repetition=7
Assigned runID=Phase2_D10-7-20260929-11:10:29-79
Setting up network "dect2020scheduledaccess.DectScheduledAccessNetwork"...
Initializing...

Running simulation...
** Event #0   t=0   Elapsed: 2.5e-05s (0m 00s)
     Speed:     ev/sec=0   simsec/sec=0   ev/simsec=0
     Messages:  created: 2   present: 2   in FES: 2
** Event #3661888   t=11832.048178257916   Elapsed: 0.341424s (0m 00s)
     Speed:     ev/sec=1.07262e+07   simsec/sec=34657.9   ev/simsec=309.489
     Messages:  created: 2   present: 2   in FES: 1

<!> Simulation stopped with endSimulation() -- in module (ScheduledAccessQueue) DectScheduledAccessNetwork.queue (id=2), at t=11832.048178257916s, event #3661888

Calling finish() at end of Run #7...

Preparing for running configuration Phase2_D10, run #8...
Scenario: $r=5, $rho=0.042372881356, $repetition=8
Assigned runID=Phase2_D10-8-20260929-11:10:29-79
Setting up network "dect2020scheduledaccess.DectScheduledAccessNetwork"...
Initializing...

Running simulation...
** Event #0   t=0   Elapsed: 3e-06s (0m 00s)
     Speed:     ev/sec=0   simsec/sec=0   ev/simsec=0
     Messages:  created: 2   present: 2   in FES: 2
** Event #3660016   t=11815.190391917582   Elapsed: 0.341244s (0m 00s)
     Speed:     ev/sec=1.07257e+07   simsec/sec=34624.6   ev/simsec=309.772
     Messages:  created: 2   present: 2   in FES: 1

<!> Simulation stopped with endSimulation() -- in module (ScheduledAccessQueue) DectScheduledAccessNetwork.queue (id=2), at t=11815.190391917582s, event #3660016

Calling finish() at end of Run #8...

Preparing for running configuration Phase2_D10, run #9...
Scenario: $r=5, $rho=0.042372881356, $repetition=9
Assigned runID=Phase2_D10-9-20260929-11:10:30-79
Setting up network "dect2020scheduledaccess.DectScheduledAccessNetwork"...
Initializing...

Running simulation...
** Event #0   t=0   Elapsed: 2.3e-05s (0m 00s)
     Speed:     ev/sec=0   simsec/sec=0   ev/simsec=0
     Messages:  created: 2   present: 2   in FES: 2
** Event #3661973   t=11833.188679572292   Elapsed: 0.341548s (0m 00s)
     Speed:     ev/sec=1.07226e+07   simsec/sec=34648.6   ev/simsec=309.466
     Messages:  created: 2   present: 2   in FES: 1

<!> Simulation stopped with endSimulation() -- in module (ScheduledAccessQueue) DectScheduledAccessNetwork.queue (id=2), at t=11833.188679572292s, event #3661973

Calling finish() at end of Run #9...

Preparing for running configuration Phase2_D10, run #10...
Scenario: $r=5, $rho=0.084745762712, $repetition=0
Assigned runID=Phase2_D10-10-20260929-11:10:30-79
Setting up network "dect2020scheduledaccess.DectScheduledAccessNetwork"...
Initializing...

Running simulation...
** Event #0   t=0   Elapsed: 3e-06s (0m 00s)
     Speed:     ev/sec=0   simsec/sec=0   ev/simsec=0
     Messages:  created: 2   present: 2   in FES: 2
** Event #3212007   t=6579.988707352678   Elapsed: 0.312216s (0m 00s)
     Speed:     ev/sec=1.0288e+07   simsec/sec=21075.5   ev/simsec=488.148
     Messages:  created: 2   present: 2   in FES: 1

<!> Simulation stopped with endSimulation() -- in module (ScheduledAccessQueue) DectScheduledAccessNetwork.queue (id=2), at t=6579.988707352678s, event #3212007

Calling finish() at end of Run #10...

Preparing for running configuration Phase2_D10, run #11...
Scenario: $r=5, $rho=0.084745762712, $repetition=1
Assigned runID=Phase2_D10-11-20260929-11:10:30-79
Setting up network "dect2020scheduledaccess.DectScheduledAccessNetwork"...
Initializing...

Running simulation...
** Event #0   t=0   Elapsed: 3e-06s (0m 00s)
     Speed:     ev/sec=0   simsec/sec=0   ev/simsec=0
     Messages:  created: 2   present: 2   in FES: 2
** Event #3211946   t=6575.352218190483   Elapsed: 0.326358s (0m 00s)
     Speed:     ev/sec=9.84203e+06   simsec/sec=20148.2   ev/simsec=488.483
     Messages:  created: 2   present: 2   in FES: 1

<!> Simulation stopped with endSimulation() -- in module (ScheduledAccessQueue) DectScheduledAccessNetwork.queue (id=2), at t=6575.352218190483s, event #3211946

Calling finish() at end of Run #11...

Preparing for running configuration Phase2_D10, run #12...
Scenario: $r=5, $rho=0.084745762712, $repetition=2
Assigned runID=Phase2_D10-12-20260929-11:10:31-79
Setting up network "dect2020scheduledaccess.DectScheduledAccessNetwork"...
Initializing...

Running simulation...
** Event #0   t=0   Elapsed: 3e-06s (0m 00s)
     Speed:     ev/sec=0   simsec/sec=0   ev/simsec=0
     Messages:  created: 2   present: 2   in FES: 2
** Event #3213082   t=6576.211755700155   Elapsed: 0.313285s (0m 00s)
     Speed:     ev/sec=1.02563e+07   simsec/sec=20991.6   ev/simsec=488.592
     Messages:  created: 2   present: 2   in FES: 1

<!> Simulation stopped with endSimulation() -- in module (ScheduledAccessQueue) DectScheduledAccessNetwork.queue (id=2), at t=6576.211755700155s, event #3213082

Calling finish() at end of Run #12...

Preparing for running configuration Phase2_D10, run #13...
Scenario: $r=5, $rho=0.084745762712, $repetition=3
Assigned runID=Phase2_D10-13-20260929-11:10:31-79
Setting up network "dect2020scheduledaccess.DectScheduledAccessNetwork"...
Initializing...

Running simulation...
** Event #0   t=0   Elapsed: 2.1e-05s (0m 00s)
     Speed:     ev/sec=0   simsec/sec=0   ev/simsec=0
     Messages:  created: 2   present: 2   in FES: 2
** Event #3213172   t=6580.648352830924   Elapsed: 0.3128s (0m 00s)
     Speed:     ev/sec=1.02731e+07   simsec/sec=21039.6   ev/simsec=488.276
     Messages:  created: 2   present: 2   in FES: 1

<!> Simulation stopped with endSimulation() -- in module (ScheduledAccessQueue) DectScheduledAccessNetwork.queue (id=2), at t=6580.648352830924s, event #3213172

Calling finish() at end of Run #13...

Preparing for running configuration Phase2_D10, run #14...
Scenario: $r=5, $rho=0.084745762712, $repetition=4
Assigned runID=Phase2_D10-14-20260929-11:10:31-79
Setting up network "dect2020scheduledaccess.DectScheduledAccessNetwork"...
Initializing...

Running simulation...
** Event #0   t=0   Elapsed: 3.3e-05s (0m 00s)
     Speed:     ev/sec=0   simsec/sec=0   ev/simsec=0
     Messages:  created: 2   present: 2   in FES: 2
** Event #3212640   t=6579.330090981713   Elapsed: 0.312874s (0m 00s)
     Speed:     ev/sec=1.02693e+07   simsec/sec=21031.1   ev/simsec=488.293
     Messages:  created: 2   present: 2   in FES: 1

<!> Simulation stopped with endSimulation() -- in module (ScheduledAccessQueue) DectScheduledAccessNetwork.queue (id=2), at t=6579.330090981713s, event #3212640

Calling finish() at end of Run #14...

Preparing for running configuration Phase2_D10, run #15...
Scenario: $r=5, $rho=0.084745762712, $repetition=5
Assigned runID=Phase2_D10-15-20260929-11:10:32-79
Setting up network "dect2020scheduledaccess.DectScheduledAccessNetwork"...
Initializing...

Running simulation...
** Event #0   t=0   Elapsed: 2.3e-05s (0m 00s)
     Speed:     ev/sec=0   simsec/sec=0   ev/simsec=0
     Messages:  created: 2   present: 2   in FES: 2
** Event #3212141   t=6576.048867662686   Elapsed: 0.314647s (0m 00s)
     Speed:     ev/sec=1.02096e+07   simsec/sec=20901.6   ev/simsec=488.461
     Messages:  created: 2   present: 2   in FES: 1

<!> Simulation stopped with endSimulation() -- in module (ScheduledAccessQueue) DectScheduledAccessNetwork.queue (id=2), at t=6576.048867662686s, event #3212141

Calling finish() at end of Run #15...

Preparing for running configuration Phase2_D10, run #16...
Scenario: $r=5, $rho=0.084745762712, $repetition=6
Assigned runID=Phase2_D10-16-20260929-11:10:32-79
Setting up network "dect2020scheduledaccess.DectScheduledAccessNetwork"...
Initializing...

Running simulation...
** Event #0   t=0   Elapsed: 3e-06s (0m 00s)
     Speed:     ev/sec=0   simsec/sec=0   ev/simsec=0
     Messages:  created: 2   present: 2   in FES: 2
** Event #3213181   t=6573.300078323129   Elapsed: 0.32097s (0m 00s)
     Speed:     ev/sec=1.00111e+07   simsec/sec=20480   ev/simsec=488.823
     Messages:  created: 2   present: 2   in FES: 1

<!> Simulation stopped with endSimulation() -- in module (ScheduledAccessQueue) DectScheduledAccessNetwork.queue (id=2), at t=6573.300078323129s, event #3213181

Calling finish() at end of Run #16...

Preparing for running configuration Phase2_D10, run #17...
Scenario: $r=5, $rho=0.084745762712, $repetition=7
Assigned runID=Phase2_D10-17-20260929-11:10:32-79
Setting up network "dect2020scheduledaccess.DectScheduledAccessNetwork"...
Initializing...

Running simulation...
** Event #0   t=0   Elapsed: 3e-06s (0m 00s)
     Speed:     ev/sec=0   simsec/sec=0   ev/simsec=0
     Messages:  created: 2   present: 2   in FES: 2
** Event #3211939   t=6574.715030560455   Elapsed: 0.312694s (0m 00s)
     Speed:     ev/sec=1.02721e+07   simsec/sec=21026.5   ev/simsec=488.529
     Messages:  created: 2   present: 2   in FES: 1

<!> Simulation stopped with endSimulation() -- in module (ScheduledAccessQueue) DectScheduledAccessNetwork.queue (id=2), at t=6574.715030560455s, event #3211939

Calling finish() at end of Run #17...

Preparing for running configuration Phase2_D10, run #18...
Scenario: $r=5, $rho=0.084745762712, $repetition=8
Assigned runID=Phase2_D10-18-20260929-11:10:33-79
Setting up network "dect2020scheduledaccess.DectScheduledAccessNetwork"...
Initializing...

Running simulation...
** Event #0   t=0   Elapsed: 3.5e-05s (0m 00s)
     Speed:     ev/sec=0   simsec/sec=0   ev/simsec=0
     Messages:  created: 2   present: 2   in FES: 2
** Event #3212850   t=6576.565292715326   Elapsed: 0.313048s (0m 00s)
     Speed:     ev/sec=1.02644e+07   simsec/sec=21010.7   ev/simsec=488.53
     Messages:  created: 2   present: 2   in FES: 1

<!> Simulation stopped with endSimulation() -- in module (ScheduledAccessQueue) DectScheduledAccessNetwork.queue (id=2), at t=6576.565292715326s, event #3212850

Calling finish() at end of Run #18...

Preparing for running configuration Phase2_D10, run #19...
Scenario: $r=5, $rho=0.084745762712, $repetition=9
Assigned runID=Phase2_D10-19-20260929-11:10:33-79
Setting up network "dect2020scheduledaccess.DectScheduledAccessNetwork"...
Initializing...

Running simulation...
** Event #0   t=0   Elapsed: 4.3e-05s (0m 00s)
     Speed:     ev/sec=0   simsec/sec=0   ev/simsec=0
     Messages:  created: 2   present: 2   in FES: 2
** Event #3211001   t=6574.976982917477   Elapsed: 0.313298s (0m 00s)
     Speed:     ev/sec=1.02505e+07   simsec/sec=20989.4   ev/simsec=488.367
     Messages:  created: 2   present: 2   in FES: 1

<!> Simulation stopped with endSimulation() -- in module (ScheduledAccessQueue) DectScheduledAccessNetwork.queue (id=2), at t=6574.976982917477s, event #3211001

Calling finish() at end of Run #19...

Preparing for running configuration Phase2_D10, run #20...
Scenario: $r=5, $rho=0.127118644068, $repetition=0
Assigned runID=Phase2_D10-20-20260929-11:10:33-79
Setting up network "dect2020scheduledaccess.DectScheduledAccessNetwork"...
Initializing...

Running simulation...
** Event #0   t=0   Elapsed: 3e-06s (0m 00s)
     Speed:     ev/sec=0   simsec/sec=0   ev/simsec=0
     Messages:  created: 2   present: 2   in FES: 2
** Event #3616477   t=5944.541214209964   Elapsed: 0.355001s (0m 00s)
     Speed:     ev/sec=1.01874e+07   simsec/sec=16745.4   ev/simsec=608.369
     Messages:  created: 2   present: 2   in FES: 1

<!> Simulation stopped with endSimulation() -- in module (ScheduledAccessQueue) DectScheduledAccessNetwork.queue (id=2), at t=5944.541214209964s, event #3616477

Calling finish() at end of Run #20...

Preparing for running configuration Phase2_D10, run #21...
Scenario: $r=5, $rho=0.127118644068, $repetition=1
Assigned runID=Phase2_D10-21-20260929-11:10:34-79
Setting up network "dect2020scheduledaccess.DectScheduledAccessNetwork"...
Initializing...

Running simulation...
** Event #0   t=0   Elapsed: 3e-06s (0m 00s)
     Speed:     ev/sec=0   simsec/sec=0   ev/simsec=0
     Messages:  created: 2   present: 2   in FES: 2
** Event #3618065   t=5945.241793276786   Elapsed: 0.355825s (0m 00s)
     Speed:     ev/sec=1.01683e+07   simsec/sec=16708.7   ev/simsec=608.565
     Messages:  created: 2   present: 2   in FES: 1

<!> Simulation stopped with endSimulation() -- in module (ScheduledAccessQueue) DectScheduledAccessNetwork.queue (id=2), at t=5945.241793276786s, event #3618065

Calling finish() at end of Run #21...

Preparing for running configuration Phase2_D10, run #22...
Scenario: $r=5, $rho=0.127118644068, $repetition=2
Assigned runID=Phase2_D10-22-20260929-11:10:34-79
Setting up network "dect2020scheduledaccess.DectScheduledAccessNetwork"...
Initializing...

Running simulation...
** Event #0   t=0   Elapsed: 3e-06s (0m 00s)
     Speed:     ev/sec=0   simsec/sec=0   ev/simsec=0
     Messages:  created: 2   present: 2   in FES: 2
** Event #3618797   t=5942.123797804953   Elapsed: 0.356068s (0m 00s)
     Speed:     ev/sec=1.01634e+07   simsec/sec=16688.5   ev/simsec=609.007
     Messages:  created: 2   present: 2   in FES: 1

<!> Simulation stopped with endSimulation() -- in module (ScheduledAccessQueue) DectScheduledAccessNetwork.queue (id=2), at t=5942.123797804953s, event #3618797

Calling finish() at end of Run #22...

Preparing for running configuration Phase2_D10, run #23...
Scenario: $r=5, $rho=0.127118644068, $repetition=3
Assigned runID=Phase2_D10-23-20260929-11:10:34-79
Setting up network "dect2020scheduledaccess.DectScheduledAccessNetwork"...
Initializing...

Running simulation...
** Event #0   t=0   Elapsed: 2.3e-05s (0m 00s)
     Speed:     ev/sec=0   simsec/sec=0   ev/simsec=0
     Messages:  created: 2   present: 2   in FES: 2
** Event #3617474   t=5945.652356622245   Elapsed: 0.35571s (0m 00s)
     Speed:     ev/sec=1.01705e+07   simsec/sec=16716.2   ev/simsec=608.423
     Messages:  created: 2   present: 2   in FES: 1

<!> Simulation stopped with endSimulation() -- in module (ScheduledAccessQueue) DectScheduledAccessNetwork.queue (id=2), at t=5945.652356622245s, event #3617474

Calling finish() at end of Run #23...

Preparing for running configuration Phase2_D10, run #24...
Scenario: $r=5, $rho=0.127118644068, $repetition=4
Assigned runID=Phase2_D10-24-20260929-11:10:35-79
Setting up network "dect2020scheduledaccess.DectScheduledAccessNetwork"...
Initializing...

Running simulation...
** Event #0   t=0   Elapsed: 3e-06s (0m 00s)
     Speed:     ev/sec=0   simsec/sec=0   ev/simsec=0
     Messages:  created: 2   present: 2   in FES: 2
** Event #3617381   t=5944.675554137043   Elapsed: 0.355059s (0m 00s)
     Speed:     ev/sec=1.01883e+07   simsec/sec=16743.2   ev/simsec=608.508
     Messages:  created: 2   present: 2   in FES: 1

<!> Simulation stopped with endSimulation() -- in module (ScheduledAccessQueue) DectScheduledAccessNetwork.queue (id=2), at t=5944.675554137043s, event #3617381

Calling finish() at end of Run #24...

Preparing for running configuration Phase2_D10, run #25...
Scenario: $r=5, $rho=0.127118644068, $repetition=5
Assigned runID=Phase2_D10-25-20260929-11:10:35-79
Setting up network "dect2020scheduledaccess.DectScheduledAccessNetwork"...
Initializing...

Running simulation...
** Event #0   t=0   Elapsed: 2.5e-05s (0m 00s)
     Speed:     ev/sec=0   simsec/sec=0   ev/simsec=0
     Messages:  created: 2   present: 2   in FES: 2
** Event #3616260   t=5943.719368987568   Elapsed: 0.355413s (0m 00s)
     Speed:     ev/sec=1.01756e+07   simsec/sec=16724.7   ev/simsec=608.417
     Messages:  created: 2   present: 2   in FES: 1

<!> Simulation stopped with endSimulation() -- in module (ScheduledAccessQueue) DectScheduledAccessNetwork.queue (id=2), at t=5943.719368987568s, event #3616260

Calling finish() at end of Run #25...

Preparing for running configuration Phase2_D10, run #26...
Scenario: $r=5, $rho=0.127118644068, $repetition=6
Assigned runID=Phase2_D10-26-20260929-11:10:35-79
Setting up network "dect2020scheduledaccess.DectScheduledAccessNetwork"...
Initializing...

Running simulation...
** Event #0   t=0   Elapsed: 2.5e-05s (0m 00s)
     Speed:     ev/sec=0   simsec/sec=0   ev/simsec=0
     Messages:  created: 2   present: 2   in FES: 2
** Event #3617754   t=5944.075641242818   Elapsed: 0.355642s (0m 00s)
     Speed:     ev/sec=1.01733e+07   simsec/sec=16715   ev/simsec=608.632
     Messages:  created: 2   present: 2   in FES: 1

<!> Simulation stopped with endSimulation() -- in module (ScheduledAccessQueue) DectScheduledAccessNetwork.queue (id=2), at t=5944.075641242818s, event #3617754

Calling finish() at end of Run #26...

Preparing for running configuration Phase2_D10, run #27...
Scenario: $r=5, $rho=0.127118644068, $repetition=7
Assigned runID=Phase2_D10-27-20260929-11:10:36-79
Setting up network "dect2020scheduledaccess.DectScheduledAccessNetwork"...
Initializing...

Running simulation...
** Event #0   t=0   Elapsed: 2e-06s (0m 00s)
     Speed:     ev/sec=0   simsec/sec=0   ev/simsec=0
     Messages:  created: 2   present: 2   in FES: 2
** Event #3617296   t=5943.325801037425   Elapsed: 0.355221s (0m 00s)
     Speed:     ev/sec=1.01834e+07   simsec/sec=16731.6   ev/simsec=608.632
     Messages:  created: 2   present: 2   in FES: 1

<!> Simulation stopped with endSimulation() -- in module (ScheduledAccessQueue) DectScheduledAccessNetwork.queue (id=2), at t=5943.325801037425s, event #3617296

Calling finish() at end of Run #27...

Preparing for running configuration Phase2_D10, run #28...
Scenario: $r=5, $rho=0.127118644068, $repetition=8
Assigned runID=Phase2_D10-28-20260929-11:10:36-79
Setting up network "dect2020scheduledaccess.DectScheduledAccessNetwork"...
Initializing...

Running simulation...
** Event #0   t=0   Elapsed: 3e-06s (0m 00s)
     Speed:     ev/sec=0   simsec/sec=0   ev/simsec=0
     Messages:  created: 2   present: 2   in FES: 2
** Event #3620032   t=5943.238537668414   Elapsed: 0.355589s (0m 00s)
     Speed:     ev/sec=1.01806e+07   simsec/sec=16714.1   ev/simsec=609.101
     Messages:  created: 2   present: 2   in FES: 1

<!> Simulation stopped with endSimulation() -- in module (ScheduledAccessQueue) DectScheduledAccessNetwork.queue (id=2), at t=5943.238537668414s, event #3620032

Calling finish() at end of Run #28...

Preparing for running configuration Phase2_D10, run #29...
Scenario: $r=5, $rho=0.127118644068, $repetition=9
Assigned runID=Phase2_D10-29-20260929-11:10:37-79
Setting up network "dect2020scheduledaccess.DectScheduledAccessNetwork"...
Initializing...

Running simulation...
** Event #0   t=0   Elapsed: 2.2e-05s (0m 00s)
     Speed:     ev/sec=0   simsec/sec=0   ev/simsec=0
     Messages:  created: 2   present: 2   in FES: 2
** Event #3618174   t=5944.76457358216   Elapsed: 0.355513s (0m 00s)
     Speed:     ev/sec=1.0178e+07   simsec/sec=16722.8   ev/simsec=608.632
     Messages:  created: 2   present: 2   in FES: 1

<!> Simulation stopped with endSimulation() -- in module (ScheduledAccessQueue) DectScheduledAccessNetwork.queue (id=2), at t=5944.76457358216s, event #3618174

Calling finish() at end of Run #29...

Preparing for running configuration Phase2_D10, run #30...
Scenario: $r=20, $rho=0.042372881356, $repetition=0
Assigned runID=Phase2_D10-30-20260929-11:10:37-79
Setting up network "dect2020scheduledaccess.DectScheduledAccessNetwork"...
Initializing...

Running simulation...
** Event #0   t=0   Elapsed: 2.7e-05s (0m 00s)
     Speed:     ev/sec=0   simsec/sec=0   ev/simsec=0
     Messages:  created: 2   present: 2   in FES: 2
** Event #3654115   t=11788.170524157443   Elapsed: 0.340351s (0m 00s)
     Speed:     ev/sec=1.07373e+07   simsec/sec=34638.5   ev/simsec=309.982
     Messages:  created: 2   present: 2   in FES: 1

<!> Simulation stopped with endSimulation() -- in module (ScheduledAccessQueue) DectScheduledAccessNetwork.queue (id=2), at t=11788.170524157443s, event #3654115

Calling finish() at end of Run #30...

Preparing for running configuration Phase2_D10, run #31...
Scenario: $r=20, $rho=0.042372881356, $repetition=1
Assigned runID=Phase2_D10-31-20260929-11:10:37-79
Setting up network "dect2020scheduledaccess.DectScheduledAccessNetwork"...
Initializing...

Running simulation...
** Event #0   t=0   Elapsed: 2.5e-05s (0m 00s)
     Speed:     ev/sec=0   simsec/sec=0   ev/simsec=0
     Messages:  created: 2   present: 2   in FES: 2
** Event #3656583   t=11809.350721635843   Elapsed: 0.340694s (0m 00s)
     Speed:     ev/sec=1.07337e+07   simsec/sec=34665.6   ev/simsec=309.635
     Messages:  created: 2   present: 2   in FES: 1

<!> Simulation stopped with endSimulation() -- in module (ScheduledAccessQueue) DectScheduledAccessNetwork.queue (id=2), at t=11809.350721635843s, event #3656583

Calling finish() at end of Run #31...

Preparing for running configuration Phase2_D10, run #32...
Scenario: $r=20, $rho=0.042372881356, $repetition=2
Assigned runID=Phase2_D10-32-20260929-11:10:38-79
Setting up network "dect2020scheduledaccess.DectScheduledAccessNetwork"...
Initializing...

Running simulation...
** Event #0   t=0   Elapsed: 3e-06s (0m 00s)
     Speed:     ev/sec=0   simsec/sec=0   ev/simsec=0
     Messages:  created: 2   present: 2   in FES: 2
** Event #3653645   t=11782.898302122625   Elapsed: 0.340658s (0m 00s)
     Speed:     ev/sec=1.07255e+07   simsec/sec=34589.4   ev/simsec=310.08
     Messages:  created: 2   present: 2   in FES: 1

<!> Simulation stopped with endSimulation() -- in module (ScheduledAccessQueue) DectScheduledAccessNetwork.queue (id=2), at t=11782.898302122625s, event #3653645

Calling finish() at end of Run #32...

Preparing for running configuration Phase2_D10, run #33...
Scenario: $r=20, $rho=0.042372881356, $repetition=3
Assigned runID=Phase2_D10-33-20260929-11:10:38-79
Setting up network "dect2020scheduledaccess.DectScheduledAccessNetwork"...
Initializing...

Running simulation...
** Event #0   t=0   Elapsed: 2.7e-05s (0m 00s)
     Speed:     ev/sec=0   simsec/sec=0   ev/simsec=0
     Messages:  created: 2   present: 2   in FES: 2
** Event #3655593   t=11801.207243390101   Elapsed: 0.340889s (0m 00s)
     Speed:     ev/sec=1.07247e+07   simsec/sec=34622.2   ev/simsec=309.764
     Messages:  created: 2   present: 2   in FES: 1

<!> Simulation stopped with endSimulation() -- in module (ScheduledAccessQueue) DectScheduledAccessNetwork.queue (id=2), at t=11801.207243390101s, event #3655593

Calling finish() at end of Run #33...

Preparing for running configuration Phase2_D10, run #34...
Scenario: $r=20, $rho=0.042372881356, $repetition=4
Assigned runID=Phase2_D10-34-20260929-11:10:38-79
Setting up network "dect2020scheduledaccess.DectScheduledAccessNetwork"...
Initializing...

Running simulation...
** Event #0   t=0   Elapsed: 3e-06s (0m 00s)
     Speed:     ev/sec=0   simsec/sec=0   ev/simsec=0
     Messages:  created: 2   present: 2   in FES: 2
** Event #3656771   t=11810.759531731203   Elapsed: 0.341069s (0m 00s)
     Speed:     ev/sec=1.07218e+07   simsec/sec=34629.5   ev/simsec=309.614
     Messages:  created: 2   present: 2   in FES: 1

<!> Simulation stopped with endSimulation() -- in module (ScheduledAccessQueue) DectScheduledAccessNetwork.queue (id=2), at t=11810.759531731203s, event #3656771

Calling finish() at end of Run #34...

Preparing for running configuration Phase2_D10, run #35...
Scenario: $r=20, $rho=0.042372881356, $repetition=5
Assigned runID=Phase2_D10-35-20260929-11:10:39-79
Setting up network "dect2020scheduledaccess.DectScheduledAccessNetwork"...
Initializing...

Running simulation...
** Event #0   t=0   Elapsed: 4e-06s (0m 00s)
     Speed:     ev/sec=0   simsec/sec=0   ev/simsec=0
     Messages:  created: 2   present: 2   in FES: 2
** Event #3657952   t=11821.246916943406   Elapsed: 0.34092s (0m 00s)
     Speed:     ev/sec=1.07299e+07   simsec/sec=34675.5   ev/simsec=309.439
     Messages:  created: 2   present: 2   in FES: 1

<!> Simulation stopped with endSimulation() -- in module (ScheduledAccessQueue) DectScheduledAccessNetwork.queue (id=2), at t=11821.246916943406s, event #3657952

Calling finish() at end of Run #35...

Preparing for running configuration Phase2_D10, run #36...
Scenario: $r=20, $rho=0.042372881356, $repetition=6
Assigned runID=Phase2_D10-36-20260929-11:10:39-79
Setting up network "dect2020scheduledaccess.DectScheduledAccessNetwork"...
Initializing...

Running simulation...
** Event #0   t=0   Elapsed: 4e-06s (0m 00s)
     Speed:     ev/sec=0   simsec/sec=0   ev/simsec=0
     Messages:  created: 2   present: 2   in FES: 2
** Event #3656972   t=11812.077358449827   Elapsed: 0.340715s (0m 00s)
     Speed:     ev/sec=1.07335e+07   simsec/sec=34669.3   ev/simsec=309.596
     Messages:  created: 2   present: 2   in FES: 1

<!> Simulation stopped with endSimulation() -- in module (ScheduledAccessQueue) DectScheduledAccessNetwork.queue (id=2), at t=11812.077358449827s, event #3656972

Calling finish() at end of Run #36...

Preparing for running configuration Phase2_D10, run #37...
Scenario: $r=20, $rho=0.042372881356, $repetition=7
Assigned runID=Phase2_D10-37-20260929-11:10:39-79
Setting up network "dect2020scheduledaccess.DectScheduledAccessNetwork"...
Initializing...

Running simulation...
** Event #0   t=0   Elapsed: 3e-06s (0m 00s)
     Speed:     ev/sec=0   simsec/sec=0   ev/simsec=0
     Messages:  created: 2   present: 2   in FES: 2
** Event #3656637   t=11809.202069726818   Elapsed: 0.340553s (0m 00s)
     Speed:     ev/sec=1.07376e+07   simsec/sec=34677.3   ev/simsec=309.643
     Messages:  created: 2   present: 2   in FES: 1

<!> Simulation stopped with endSimulation() -- in module (ScheduledAccessQueue) DectScheduledAccessNetwork.queue (id=2), at t=11809.202069726818s, event #3656637

Calling finish() at end of Run #37...

Preparing for running configuration Phase2_D10, run #38...
Scenario: $r=20, $rho=0.042372881356, $repetition=8
Assigned runID=Phase2_D10-38-20260929-11:10:40-79
Setting up network "dect2020scheduledaccess.DectScheduledAccessNetwork"...
Initializing...

Running simulation...
** Event #0   t=0   Elapsed: 2.4e-05s (0m 00s)
     Speed:     ev/sec=0   simsec/sec=0   ev/simsec=0
     Messages:  created: 2   present: 2   in FES: 2
** Event #3655470   t=11798.661350618048   Elapsed: 0.340834s (0m 00s)
     Speed:     ev/sec=1.0726e+07   simsec/sec=34619.9   ev/simsec=309.821
     Messages:  created: 2   present: 2   in FES: 1

<!> Simulation stopped with endSimulation() -- in module (ScheduledAccessQueue) DectScheduledAccessNetwork.queue (id=2), at t=11798.661350618048s, event #3655470

Calling finish() at end of Run #38...

Preparing for running configuration Phase2_D10, run #39...
Scenario: $r=20, $rho=0.042372881356, $repetition=9
Assigned runID=Phase2_D10-39-20260929-11:10:40-79
Setting up network "dect2020scheduledaccess.DectScheduledAccessNetwork"...
Initializing...

Running simulation...
** Event #0   t=0   Elapsed: 3e-06s (0m 00s)
     Speed:     ev/sec=0   simsec/sec=0   ev/simsec=0
     Messages:  created: 2   present: 2   in FES: 2
** Event #3656264   t=11806.21658951618   Elapsed: 0.34052s (0m 00s)
     Speed:     ev/sec=1.07375e+07   simsec/sec=34671.9   ev/simsec=309.69
     Messages:  created: 2   present: 2   in FES: 1

<!> Simulation stopped with endSimulation() -- in module (ScheduledAccessQueue) DectScheduledAccessNetwork.queue (id=2), at t=11806.21658951618s, event #3656264

Calling finish() at end of Run #39...

Preparing for running configuration Phase2_D10, run #40...
Scenario: $r=20, $rho=0.084745762712, $repetition=0
Assigned runID=Phase2_D10-40-20260929-11:10:40-79
Setting up network "dect2020scheduledaccess.DectScheduledAccessNetwork"...
Initializing...

Running simulation...
** Event #0   t=0   Elapsed: 7e-05s (0m 00s)
     Speed:     ev/sec=0   simsec/sec=0   ev/simsec=0
     Messages:  created: 2   present: 2   in FES: 2
** Event #3048568   t=6057.33253543473   Elapsed: 0.296383s (0m 00s)
     Speed:     ev/sec=1.02884e+07   simsec/sec=20442.6   ev/simsec=503.286
     Messages:  created: 2   present: 2   in FES: 1

<!> Simulation stopped with endSimulation() -- in module (ScheduledAccessQueue) DectScheduledAccessNetwork.queue (id=2), at t=6057.33253543473s, event #3048568

Calling finish() at end of Run #40...

Preparing for running configuration Phase2_D10, run #41...
Scenario: $r=20, $rho=0.084745762712, $repetition=1
Assigned runID=Phase2_D10-41-20260929-11:10:41-79
Setting up network "dect2020scheduledaccess.DectScheduledAccessNetwork"...
Initializing...

Running simulation...
** Event #0   t=0   Elapsed: 3e-06s (0m 00s)
     Speed:     ev/sec=0   simsec/sec=0   ev/simsec=0
     Messages:  created: 2   present: 2   in FES: 2
** Event #3048612   t=6054.170080267328   Elapsed: 0.295845s (0m 00s)
     Speed:     ev/sec=1.0305e+07   simsec/sec=20464.4   ev/simsec=503.556
     Messages:  created: 2   present: 2   in FES: 1

<!> Simulation stopped with endSimulation() -- in module (ScheduledAccessQueue) DectScheduledAccessNetwork.queue (id=2), at t=6054.170080267328s, event #3048612

Calling finish() at end of Run #41...

Preparing for running configuration Phase2_D10, run #42...
Scenario: $r=20, $rho=0.084745762712, $repetition=2
Assigned runID=Phase2_D10-42-20260929-11:10:41-79
Setting up network "dect2020scheduledaccess.DectScheduledAccessNetwork"...
Initializing...

Running simulation...
** Event #0   t=0   Elapsed: 3e-06s (0m 00s)
     Speed:     ev/sec=0   simsec/sec=0   ev/simsec=0
     Messages:  created: 2   present: 2   in FES: 2
** Event #3048834   t=6051.838611177289   Elapsed: 0.295911s (0m 00s)
     Speed:     ev/sec=1.03035e+07   simsec/sec=20452   ev/simsec=503.786
     Messages:  created: 2   present: 2   in FES: 1

<!> Simulation stopped with endSimulation() -- in module (ScheduledAccessQueue) DectScheduledAccessNetwork.queue (id=2), at t=6051.838611177289s, event #3048834

Calling finish() at end of Run #42...

Preparing for running configuration Phase2_D10, run #43...
Scenario: $r=20, $rho=0.084745762712, $repetition=3
Assigned runID=Phase2_D10-43-20260929-11:10:41-79
Setting up network "dect2020scheduledaccess.DectScheduledAccessNetwork"...
Initializing...

Running simulation...
** Event #0   t=0   Elapsed: 3e-06s (0m 00s)
     Speed:     ev/sec=0   simsec/sec=0   ev/simsec=0
     Messages:  created: 2   present: 2   in FES: 2
** Event #3047997   t=6058.023296047796   Elapsed: 0.295462s (0m 00s)
     Speed:     ev/sec=1.03162e+07   simsec/sec=20504   ev/simsec=503.134
     Messages:  created: 2   present: 2   in FES: 1

<!> Simulation stopped with endSimulation() -- in module (ScheduledAccessQueue) DectScheduledAccessNetwork.queue (id=2), at t=6058.023296047796s, event #3047997

Calling finish() at end of Run #43...

Preparing for running configuration Phase2_D10, run #44...
Scenario: $r=20, $rho=0.084745762712, $repetition=4
Assigned runID=Phase2_D10-44-20260929-11:10:41-79
Setting up network "dect2020scheduledaccess.DectScheduledAccessNetwork"...
Initializing...

Running simulation...
** Event #0   t=0   Elapsed: 2.1e-05s (0m 00s)
     Speed:     ev/sec=0   simsec/sec=0   ev/simsec=0
     Messages:  created: 2   present: 2   in FES: 2
** Event #3047921   t=6055.918144219787   Elapsed: 0.295902s (0m 00s)
     Speed:     ev/sec=1.03013e+07   simsec/sec=20467.7   ev/simsec=503.296
     Messages:  created: 2   present: 2   in FES: 1

<!> Simulation stopped with endSimulation() -- in module (ScheduledAccessQueue) DectScheduledAccessNetwork.queue (id=2), at t=6055.918144219787s, event #3047921

Calling finish() at end of Run #44...

Preparing for running configuration Phase2_D10, run #45...
Scenario: $r=20, $rho=0.084745762712, $repetition=5
Assigned runID=Phase2_D10-45-20260929-11:10:42-79
Setting up network "dect2020scheduledaccess.DectScheduledAccessNetwork"...
Initializing...

Running simulation...
** Event #0   t=0   Elapsed: 3e-06s (0m 00s)
     Speed:     ev/sec=0   simsec/sec=0   ev/simsec=0
     Messages:  created: 2   present: 2   in FES: 2
** Event #3047931   t=6054.581386645227   Elapsed: 0.296371s (0m 00s)
     Speed:     ev/sec=1.02844e+07   simsec/sec=20429.5   ev/simsec=503.409
     Messages:  created: 2   present: 2   in FES: 1

<!> Simulation stopped with endSimulation() -- in module (ScheduledAccessQueue) DectScheduledAccessNetwork.queue (id=2), at t=6054.581386645227s, event #3047931

Calling finish() at end of Run #45...

Preparing for running configuration Phase2_D10, run #46...
Scenario: $r=20, $rho=0.084745762712, $repetition=6
Assigned runID=Phase2_D10-46-20260929-11:10:42-79
Setting up network "dect2020scheduledaccess.DectScheduledAccessNetwork"...
Initializing...

Running simulation...
** Event #0   t=0   Elapsed: 1.4e-05s (0m 00s)
     Speed:     ev/sec=0   simsec/sec=0   ev/simsec=0
     Messages:  created: 2   present: 2   in FES: 2
** Event #3047436   t=6052.398648398252   Elapsed: 0.29613s (0m 00s)
     Speed:     ev/sec=1.02915e+07   simsec/sec=20439.6   ev/simsec=503.509
     Messages:  created: 2   present: 2   in FES: 1

<!> Simulation stopped with endSimulation() -- in module (ScheduledAccessQueue) DectScheduledAccessNetwork.queue (id=2), at t=6052.398648398252s, event #3047436

Calling finish() at end of Run #46...

Preparing for running configuration Phase2_D10, run #47...
Scenario: $r=20, $rho=0.084745762712, $repetition=7
Assigned runID=Phase2_D10-47-20260929-11:10:42-79
Setting up network "dect2020scheduledaccess.DectScheduledAccessNetwork"...
Initializing...

Running simulation...
** Event #0   t=0   Elapsed: 3e-06s (0m 00s)
     Speed:     ev/sec=0   simsec/sec=0   ev/simsec=0
     Messages:  created: 2   present: 2   in FES: 2
** Event #3048269   t=6056.985041099105   Elapsed: 0.295854s (0m 00s)
     Speed:     ev/sec=1.03035e+07   simsec/sec=20473.4   ev/simsec=503.265
     Messages:  created: 2   present: 2   in FES: 1

<!> Simulation stopped with endSimulation() -- in module (ScheduledAccessQueue) DectScheduledAccessNetwork.queue (id=2), at t=6056.985041099105s, event #3048269

Calling finish() at end of Run #47...

Preparing for running configuration Phase2_D10, run #48...
Scenario: $r=20, $rho=0.084745762712, $repetition=8
Assigned runID=Phase2_D10-48-20260929-11:10:43-79
Setting up network "dect2020scheduledaccess.DectScheduledAccessNetwork"...
Initializing...

Running simulation...
** Event #0   t=0   Elapsed: 1.9e-05s (0m 00s)
     Speed:     ev/sec=0   simsec/sec=0   ev/simsec=0
     Messages:  created: 2   present: 2   in FES: 2
** Event #3048264   t=6053.234131692993   Elapsed: 0.298226s (0m 00s)
     Speed:     ev/sec=1.02221e+07   simsec/sec=20299   ev/simsec=503.576
     Messages:  created: 2   present: 2   in FES: 1

<!> Simulation stopped with endSimulation() -- in module (ScheduledAccessQueue) DectScheduledAccessNetwork.queue (id=2), at t=6053.234131692993s, event #3048264

Calling finish() at end of Run #48...

Preparing for running configuration Phase2_D10, run #49...
Scenario: $r=20, $rho=0.084745762712, $repetition=9
Assigned runID=Phase2_D10-49-20260929-11:10:43-79
Setting up network "dect2020scheduledaccess.DectScheduledAccessNetwork"...
Initializing...

Running simulation...
** Event #0   t=0   Elapsed: 3.2e-05s (0m 00s)
     Speed:     ev/sec=0   simsec/sec=0   ev/simsec=0
     Messages:  created: 2   present: 2   in FES: 2
** Event #3047957   t=6059.146587558022   Elapsed: 0.29558s (0m 00s)
     Speed:     ev/sec=1.0313e+07   simsec/sec=20501.7   ev/simsec=503.034
     Messages:  created: 2   present: 2   in FES: 1

<!> Simulation stopped with endSimulation() -- in module (ScheduledAccessQueue) DectScheduledAccessNetwork.queue (id=2), at t=6059.146587558022s, event #3047957

Calling finish() at end of Run #49...

Preparing for running configuration Phase2_D10, run #50...
Scenario: $r=20, $rho=0.127118644068, $repetition=0
Assigned runID=Phase2_D10-50-20260929-11:10:43-79
Setting up network "dect2020scheduledaccess.DectScheduledAccessNetwork"...
Initializing...

Running simulation...
** Event #0   t=0   Elapsed: 2e-06s (0m 00s)
     Speed:     ev/sec=0   simsec/sec=0   ev/simsec=0
     Messages:  created: 2   present: 2   in FES: 2
** Event #3597245   t=5900.268063452022   Elapsed: 0.355659s (0m 00s)
     Speed:     ev/sec=1.01145e+07   simsec/sec=16590   ev/simsec=609.675
     Messages:  created: 2   present: 2   in FES: 1

<!> Simulation stopped with endSimulation() -- in module (ScheduledAccessQueue) DectScheduledAccessNetwork.queue (id=2), at t=5900.268063452022s, event #3597245

Calling finish() at end of Run #50...

Preparing for running configuration Phase2_D10, run #51...
Scenario: $r=20, $rho=0.127118644068, $repetition=1
Assigned runID=Phase2_D10-51-20260929-11:10:44-79
Setting up network "dect2020scheduledaccess.DectScheduledAccessNetwork"...
Initializing...

Running simulation...
** Event #0   t=0   Elapsed: 3e-06s (0m 00s)
     Speed:     ev/sec=0   simsec/sec=0   ev/simsec=0
     Messages:  created: 2   present: 2   in FES: 2
** Event #3600791   t=5901.129513007867   Elapsed: 0.353685s (0m 00s)
     Speed:     ev/sec=1.0181e+07   simsec/sec=16685   ev/simsec=610.187
     Messages:  created: 2   present: 2   in FES: 1

<!> Simulation stopped with endSimulation() -- in module (ScheduledAccessQueue) DectScheduledAccessNetwork.queue (id=2), at t=5901.129513007867s, event #3600791

Calling finish() at end of Run #51...

Preparing for running configuration Phase2_D10, run #52...
Scenario: $r=20, $rho=0.127118644068, $repetition=2
Assigned runID=Phase2_D10-52-20260929-11:10:44-79
Setting up network "dect2020scheduledaccess.DectScheduledAccessNetwork"...
Initializing...

Running simulation...
** Event #0   t=0   Elapsed: 3e-06s (0m 00s)
     Speed:     ev/sec=0   simsec/sec=0   ev/simsec=0
     Messages:  created: 2   present: 2   in FES: 2
** Event #3601472   t=5899.987881696893   Elapsed: 0.356131s (0m 00s)
     Speed:     ev/sec=1.0113e+07   simsec/sec=16567.2   ev/simsec=610.42
     Messages:  created: 2   present: 2   in FES: 1

<!> Simulation stopped with endSimulation() -- in module (ScheduledAccessQueue) DectScheduledAccessNetwork.queue (id=2), at t=5899.987881696893s, event #3601472

Calling finish() at end of Run #52...

Preparing for running configuration Phase2_D10, run #53...
Scenario: $r=20, $rho=0.127118644068, $repetition=3
Assigned runID=Phase2_D10-53-20260929-11:10:44-79
Setting up network "dect2020scheduledaccess.DectScheduledAccessNetwork"...
Initializing...

Running simulation...
** Event #0   t=0   Elapsed: 2.2e-05s (0m 00s)
     Speed:     ev/sec=0   simsec/sec=0   ev/simsec=0
     Messages:  created: 2   present: 2   in FES: 2
** Event #3597606   t=5900.273528904863   Elapsed: 0.353068s (0m 00s)
     Speed:     ev/sec=1.01903e+07   simsec/sec=16712.7   ev/simsec=609.735
     Messages:  created: 2   present: 2   in FES: 1

<!> Simulation stopped with endSimulation() -- in module (ScheduledAccessQueue) DectScheduledAccessNetwork.queue (id=2), at t=5900.273528904863s, event #3597606

Calling finish() at end of Run #53...

Preparing for running configuration Phase2_D10, run #54...
Scenario: $r=20, $rho=0.127118644068, $repetition=4
Assigned runID=Phase2_D10-54-20260929-11:10:45-79
Setting up network "dect2020scheduledaccess.DectScheduledAccessNetwork"...
Initializing...

Running simulation...
** Event #0   t=0   Elapsed: 2e-06s (0m 00s)
     Speed:     ev/sec=0   simsec/sec=0   ev/simsec=0
     Messages:  created: 2   present: 2   in FES: 2
** Event #3599425   t=5900.17092528332   Elapsed: 0.353482s (0m 00s)
     Speed:     ev/sec=1.0183e+07   simsec/sec=16691.9   ev/simsec=610.054
     Messages:  created: 2   present: 2   in FES: 1

<!> Simulation stopped with endSimulation() -- in module (ScheduledAccessQueue) DectScheduledAccessNetwork.queue (id=2), at t=5900.17092528332s, event #3599425

Calling finish() at end of Run #54...

Preparing for running configuration Phase2_D10, run #55...
Scenario: $r=20, $rho=0.127118644068, $repetition=5
Assigned runID=Phase2_D10-55-20260929-11:10:45-79
Setting up network "dect2020scheduledaccess.DectScheduledAccessNetwork"...
Initializing...

Running simulation...
** Event #0   t=0   Elapsed: 3e-06s (0m 00s)
     Speed:     ev/sec=0   simsec/sec=0   ev/simsec=0
     Messages:  created: 2   present: 2   in FES: 2
** Event #3598544   t=5900.3004712002   Elapsed: 0.35329s (0m 00s)
     Speed:     ev/sec=1.0186e+07   simsec/sec=16701.3   ev/simsec=609.892
     Messages:  created: 2   present: 2   in FES: 1

<!> Simulation stopped with endSimulation() -- in module (ScheduledAccessQueue) DectScheduledAccessNetwork.queue (id=2), at t=5900.3004712002s, event #3598544

Calling finish() at end of Run #55...

Preparing for running configuration Phase2_D10, run #56...
Scenario: $r=20, $rho=0.127118644068, $repetition=6
Assigned runID=Phase2_D10-56-20260929-11:10:45-79
Setting up network "dect2020scheduledaccess.DectScheduledAccessNetwork"...
Initializing...

Running simulation...
** Event #0   t=0   Elapsed: 3.3e-05s (0m 00s)
     Speed:     ev/sec=0   simsec/sec=0   ev/simsec=0
     Messages:  created: 2   present: 2   in FES: 2
** Event #3599689   t=5900.047485790534   Elapsed: 0.35371s (0m 00s)
     Speed:     ev/sec=1.0178e+07   simsec/sec=16682.2   ev/simsec=610.112
     Messages:  created: 2   present: 2   in FES: 1

<!> Simulation stopped with endSimulation() -- in module (ScheduledAccessQueue) DectScheduledAccessNetwork.queue (id=2), at t=5900.047485790534s, event #3599689

Calling finish() at end of Run #56...

Preparing for running configuration Phase2_D10, run #57...
Scenario: $r=20, $rho=0.127118644068, $repetition=7
Assigned runID=Phase2_D10-57-20260929-11:10:46-79
Setting up network "dect2020scheduledaccess.DectScheduledAccessNetwork"...
Initializing...

Running simulation...
** Event #0   t=0   Elapsed: 2.5e-05s (0m 00s)
     Speed:     ev/sec=0   simsec/sec=0   ev/simsec=0
     Messages:  created: 2   present: 2   in FES: 2
** Event #3599085   t=5900.173496215051   Elapsed: 0.356568s (0m 00s)
     Speed:     ev/sec=1.00945e+07   simsec/sec=16548.5   ev/simsec=609.996
     Messages:  created: 2   present: 2   in FES: 1

<!> Simulation stopped with endSimulation() -- in module (ScheduledAccessQueue) DectScheduledAccessNetwork.queue (id=2), at t=5900.173496215051s, event #3599085

Calling finish() at end of Run #57...

Preparing for running configuration Phase2_D10, run #58...
Scenario: $r=20, $rho=0.127118644068, $repetition=8
Assigned runID=Phase2_D10-58-20260929-11:10:46-79
Setting up network "dect2020scheduledaccess.DectScheduledAccessNetwork"...
Initializing...

Running simulation...
** Event #0   t=0   Elapsed: 3e-06s (0m 00s)
     Speed:     ev/sec=0   simsec/sec=0   ev/simsec=0
     Messages:  created: 2   present: 2   in FES: 2
** Event #3602303   t=5900.113885547338   Elapsed: 0.355543s (0m 00s)
     Speed:     ev/sec=1.01321e+07   simsec/sec=16595   ev/simsec=610.548
     Messages:  created: 2   present: 2   in FES: 1

<!> Simulation stopped with endSimulation() -- in module (ScheduledAccessQueue) DectScheduledAccessNetwork.queue (id=2), at t=5900.113885547338s, event #3602303

Calling finish() at end of Run #58...

Preparing for running configuration Phase2_D10, run #59...
Scenario: $r=20, $rho=0.127118644068, $repetition=9
Assigned runID=Phase2_D10-59-20260929-11:10:46-79
Setting up network "dect2020scheduledaccess.DectScheduledAccessNetwork"...
Initializing...

Running simulation...
** Event #0   t=0   Elapsed: 4e-06s (0m 00s)
     Speed:     ev/sec=0   simsec/sec=0   ev/simsec=0
     Messages:  created: 2   present: 2   in FES: 2
** Event #3600782   t=5900.297338264642   Elapsed: 0.353917s (0m 00s)
     Speed:     ev/sec=1.01743e+07   simsec/sec=16671.8   ev/simsec=610.271
     Messages:  created: 2   present: 2   in FES: 1

<!> Simulation stopped with endSimulation() -- in module (ScheduledAccessQueue) DectScheduledAccessNetwork.queue (id=2), at t=5900.297338264642s, event #3600782

Calling finish() at end of Run #59...

Preparing for running configuration Phase2_D10, run #60...
Scenario: $r=50, $rho=0.042372881356, $repetition=0
Assigned runID=Phase2_D10-60-20260929-11:10:47-79
Setting up network "dect2020scheduledaccess.DectScheduledAccessNetwork"...
Initializing...

Running simulation...
** Event #0   t=0   Elapsed: 3e-06s (0m 00s)
     Speed:     ev/sec=0   simsec/sec=0   ev/simsec=0
     Messages:  created: 2   present: 2   in FES: 2
** Event #3654115   t=11788.170524157443   Elapsed: 0.343981s (0m 00s)
     Speed:     ev/sec=1.06232e+07   simsec/sec=34270.5   ev/simsec=309.982
     Messages:  created: 2   present: 2   in FES: 1

<!> Simulation stopped with endSimulation() -- in module (ScheduledAccessQueue) DectScheduledAccessNetwork.queue (id=2), at t=11788.170524157443s, event #3654115

Calling finish() at end of Run #60...

Preparing for running configuration Phase2_D10, run #61...
Scenario: $r=50, $rho=0.042372881356, $repetition=1
Assigned runID=Phase2_D10-61-20260929-11:10:47-79
Setting up network "dect2020scheduledaccess.DectScheduledAccessNetwork"...
Initializing...

Running simulation...
** Event #0   t=0   Elapsed: 1.6e-05s (0m 00s)
     Speed:     ev/sec=0   simsec/sec=0   ev/simsec=0
     Messages:  created: 2   present: 2   in FES: 2
** Event #3656583   t=11809.350721635843   Elapsed: 0.341136s (0m 00s)
     Speed:     ev/sec=1.07195e+07   simsec/sec=34619.9   ev/simsec=309.635
     Messages:  created: 2   present: 2   in FES: 1

<!> Simulation stopped with endSimulation() -- in module (ScheduledAccessQueue) DectScheduledAccessNetwork.queue (id=2), at t=11809.350721635843s, event #3656583

Calling finish() at end of Run #61...

Preparing for running configuration Phase2_D10, run #62...
Scenario: $r=50, $rho=0.042372881356, $repetition=2
Assigned runID=Phase2_D10-62-20260929-11:10:48-79
Setting up network "dect2020scheduledaccess.DectScheduledAccessNetwork"...
Initializing...

Running simulation...
** Event #0   t=0   Elapsed: 1.6e-05s (0m 00s)
     Speed:     ev/sec=0   simsec/sec=0   ev/simsec=0
     Messages:  created: 2   present: 2   in FES: 2
** Event #3653645   t=11782.898302122625   Elapsed: 0.340587s (0m 00s)
     Speed:     ev/sec=1.07281e+07   simsec/sec=34597.8   ev/simsec=310.08
     Messages:  created: 2   present: 2   in FES: 1

<!> Simulation stopped with endSimulation() -- in module (ScheduledAccessQueue) DectScheduledAccessNetwork.queue (id=2), at t=11782.898302122625s, event #3653645

Calling finish() at end of Run #62...

Preparing for running configuration Phase2_D10, run #63...
Scenario: $r=50, $rho=0.042372881356, $repetition=3
Assigned runID=Phase2_D10-63-20260929-11:10:48-79
Setting up network "dect2020scheduledaccess.DectScheduledAccessNetwork"...
Initializing...

Running simulation...
** Event #0   t=0   Elapsed: 3e-06s (0m 00s)
     Speed:     ev/sec=0   simsec/sec=0   ev/simsec=0
     Messages:  created: 2   present: 2   in FES: 2
** Event #3655593   t=11801.207243390101   Elapsed: 0.340777s (0m 00s)
     Speed:     ev/sec=1.07274e+07   simsec/sec=34631   ev/simsec=309.764
     Messages:  created: 2   present: 2   in FES: 1

<!> Simulation stopped with endSimulation() -- in module (ScheduledAccessQueue) DectScheduledAccessNetwork.queue (id=2), at t=11801.207243390101s, event #3655593

Calling finish() at end of Run #63...

Preparing for running configuration Phase2_D10, run #64...
Scenario: $r=50, $rho=0.042372881356, $repetition=4
Assigned runID=Phase2_D10-64-20260929-11:10:48-79
Setting up network "dect2020scheduledaccess.DectScheduledAccessNetwork"...
Initializing...

Running simulation...
** Event #0   t=0   Elapsed: 2e-06s (0m 00s)
     Speed:     ev/sec=0   simsec/sec=0   ev/simsec=0
     Messages:  created: 2   present: 2   in FES: 2
** Event #3656771   t=11810.759531731203   Elapsed: 0.340563s (0m 00s)
     Speed:     ev/sec=1.07376e+07   simsec/sec=34680.7   ev/simsec=309.614
     Messages:  created: 2   present: 2   in FES: 1

<!> Simulation stopped with endSimulation() -- in module (ScheduledAccessQueue) DectScheduledAccessNetwork.queue (id=2), at t=11810.759531731203s, event #3656771

Calling finish() at end of Run #64...

Preparing for running configuration Phase2_D10, run #65...
Scenario: $r=50, $rho=0.042372881356, $repetition=5
Assigned runID=Phase2_D10-65-20260929-11:10:49-79
Setting up network "dect2020scheduledaccess.DectScheduledAccessNetwork"...
Initializing...

Running simulation...
** Event #0   t=0   Elapsed: 2.7e-05s (0m 00s)
     Speed:     ev/sec=0   simsec/sec=0   ev/simsec=0
     Messages:  created: 2   present: 2   in FES: 2
** Event #3657952   t=11821.246916943406   Elapsed: 0.341312s (0m 00s)
     Speed:     ev/sec=1.07183e+07   simsec/sec=34637.9   ev/simsec=309.439
     Messages:  created: 2   present: 2   in FES: 1

<!> Simulation stopped with endSimulation() -- in module (ScheduledAccessQueue) DectScheduledAccessNetwork.queue (id=2), at t=11821.246916943406s, event #3657952

Calling finish() at end of Run #65...

Preparing for running configuration Phase2_D10, run #66...
Scenario: $r=50, $rho=0.042372881356, $repetition=6
Assigned runID=Phase2_D10-66-20260929-11:10:49-79
Setting up network "dect2020scheduledaccess.DectScheduledAccessNetwork"...
Initializing...

Running simulation...
** Event #0   t=0   Elapsed: 4e-06s (0m 00s)
     Speed:     ev/sec=0   simsec/sec=0   ev/simsec=0
     Messages:  created: 2   present: 2   in FES: 2
** Event #3656972   t=11812.077358449827   Elapsed: 0.340834s (0m 00s)
     Speed:     ev/sec=1.07297e+07   simsec/sec=34657.2   ev/simsec=309.596
     Messages:  created: 2   present: 2   in FES: 1

<!> Simulation stopped with endSimulation() -- in module (ScheduledAccessQueue) DectScheduledAccessNetwork.queue (id=2), at t=11812.077358449827s, event #3656972

Calling finish() at end of Run #66...

Preparing for running configuration Phase2_D10, run #67...
Scenario: $r=50, $rho=0.042372881356, $repetition=7
Assigned runID=Phase2_D10-67-20260929-11:10:49-79
Setting up network "dect2020scheduledaccess.DectScheduledAccessNetwork"...
Initializing...

Running simulation...
** Event #0   t=0   Elapsed: 2.7e-05s (0m 00s)
     Speed:     ev/sec=0   simsec/sec=0   ev/simsec=0
     Messages:  created: 2   present: 2   in FES: 2
** Event #3656637   t=11809.202069726818   Elapsed: 0.340711s (0m 00s)
     Speed:     ev/sec=1.07333e+07   simsec/sec=34663.6   ev/simsec=309.643
     Messages:  created: 2   present: 2   in FES: 1

<!> Simulation stopped with endSimulation() -- in module (ScheduledAccessQueue) DectScheduledAccessNetwork.queue (id=2), at t=11809.202069726818s, event #3656637

Calling finish() at end of Run #67...

Preparing for running configuration Phase2_D10, run #68...
Scenario: $r=50, $rho=0.042372881356, $repetition=8
Assigned runID=Phase2_D10-68-20260929-11:10:50-79
Setting up network "dect2020scheduledaccess.DectScheduledAccessNetwork"...
Initializing...

Running simulation...
** Event #0   t=0   Elapsed: 2.7e-05s (0m 00s)
     Speed:     ev/sec=0   simsec/sec=0   ev/simsec=0
     Messages:  created: 2   present: 2   in FES: 2
** Event #3655470   t=11798.661350618048   Elapsed: 0.34117s (0m 00s)
     Speed:     ev/sec=1.07155e+07   simsec/sec=34586.2   ev/simsec=309.821
     Messages:  created: 2   present: 2   in FES: 1

<!> Simulation stopped with endSimulation() -- in module (ScheduledAccessQueue) DectScheduledAccessNetwork.queue (id=2), at t=11798.661350618048s, event #3655470

Calling finish() at end of Run #68...

Preparing for running configuration Phase2_D10, run #69...
Scenario: $r=50, $rho=0.042372881356, $repetition=9
Assigned runID=Phase2_D10-69-20260929-11:10:50-79
Setting up network "dect2020scheduledaccess.DectScheduledAccessNetwork"...
Initializing...

Running simulation...
** Event #0   t=0   Elapsed: 1.7e-05s (0m 00s)
     Speed:     ev/sec=0   simsec/sec=0   ev/simsec=0
     Messages:  created: 2   present: 2   in FES: 2
** Event #3656264   t=11806.21658951618   Elapsed: 0.340737s (0m 00s)
     Speed:     ev/sec=1.07311e+07   simsec/sec=34651.2   ev/simsec=309.69
     Messages:  created: 2   present: 2   in FES: 1

<!> Simulation stopped with endSimulation() -- in module (ScheduledAccessQueue) DectScheduledAccessNetwork.queue (id=2), at t=11806.21658951618s, event #3656264

Calling finish() at end of Run #69...

Preparing for running configuration Phase2_D10, run #70...
Scenario: $r=50, $rho=0.084745762712, $repetition=0
Assigned runID=Phase2_D10-70-20260929-11:10:50-79
Setting up network "dect2020scheduledaccess.DectScheduledAccessNetwork"...
Initializing...

Running simulation...
** Event #0   t=0   Elapsed: 2e-06s (0m 00s)
     Speed:     ev/sec=0   simsec/sec=0   ev/simsec=0
     Messages:  created: 2   present: 2   in FES: 2
** Event #3019535   t=5962.867155236345   Elapsed: 0.293045s (0m 00s)
     Speed:     ev/sec=1.03042e+07   simsec/sec=20348.4   ev/simsec=506.39
     Messages:  created: 2   present: 2   in FES: 1

<!> Simulation stopped with endSimulation() -- in module (ScheduledAccessQueue) DectScheduledAccessNetwork.queue (id=2), at t=5962.867155236345s, event #3019535

Calling finish() at end of Run #70...

Preparing for running configuration Phase2_D10, run #71...
Scenario: $r=50, $rho=0.084745762712, $repetition=1
Assigned runID=Phase2_D10-71-20260929-11:10:51-79
Setting up network "dect2020scheduledaccess.DectScheduledAccessNetwork"...
Initializing...

Running simulation...
** Event #0   t=0   Elapsed: 3e-06s (0m 00s)
     Speed:     ev/sec=0   simsec/sec=0   ev/simsec=0
     Messages:  created: 2   present: 2   in FES: 2
** Event #3018939   t=5959.414439661815   Elapsed: 0.292963s (0m 00s)
     Speed:     ev/sec=1.03051e+07   simsec/sec=20342.3   ev/simsec=506.583
     Messages:  created: 2   present: 2   in FES: 1

<!> Simulation stopped with endSimulation() -- in module (ScheduledAccessQueue) DectScheduledAccessNetwork.queue (id=2), at t=5959.414439661815s, event #3018939

Calling finish() at end of Run #71...

Preparing for running configuration Phase2_D10, run #72...
Scenario: $r=50, $rho=0.084745762712, $repetition=2
Assigned runID=Phase2_D10-72-20260929-11:10:51-79
Setting up network "dect2020scheduledaccess.DectScheduledAccessNetwork"...
Initializing...

Running simulation...
** Event #0   t=0   Elapsed: 2.2e-05s (0m 00s)
     Speed:     ev/sec=0   simsec/sec=0   ev/simsec=0
     Messages:  created: 2   present: 2   in FES: 2
** Event #3019208   t=5961.148883812285   Elapsed: 0.293102s (0m 00s)
     Speed:     ev/sec=1.03018e+07   simsec/sec=20339.9   ev/simsec=506.481
     Messages:  created: 2   present: 2   in FES: 1

<!> Simulation stopped with endSimulation() -- in module (ScheduledAccessQueue) DectScheduledAccessNetwork.queue (id=2), at t=5961.148883812285s, event #3019208

Calling finish() at end of Run #72...

Preparing for running configuration Phase2_D10, run #73...
Scenario: $r=50, $rho=0.084745762712, $repetition=3
Assigned runID=Phase2_D10-73-20260929-11:10:51-79
Setting up network "dect2020scheduledaccess.DectScheduledAccessNetwork"...
Initializing...

Running simulation...
** Event #0   t=0   Elapsed: 3e-05s (0m 00s)
     Speed:     ev/sec=0   simsec/sec=0   ev/simsec=0
     Messages:  created: 2   present: 2   in FES: 2
** Event #3019249   t=5968.357855312418   Elapsed: 0.293448s (0m 00s)
     Speed:     ev/sec=1.02901e+07   simsec/sec=20341.1   ev/simsec=505.876
     Messages:  created: 2   present: 2   in FES: 1

<!> Simulation stopped with endSimulation() -- in module (ScheduledAccessQueue) DectScheduledAccessNetwork.queue (id=2), at t=5968.357855312418s, event #3019249

Calling finish() at end of Run #73...

Preparing for running configuration Phase2_D10, run #74...
Scenario: $r=50, $rho=0.084745762712, $repetition=4
Assigned runID=Phase2_D10-74-20260929-11:10:51-79
Setting up network "dect2020scheduledaccess.DectScheduledAccessNetwork"...
Initializing...

Running simulation...
** Event #0   t=0   Elapsed: 3e-06s (0m 00s)
     Speed:     ev/sec=0   simsec/sec=0   ev/simsec=0
     Messages:  created: 2   present: 2   in FES: 2
** Event #3018596   t=5965.097416218013   Elapsed: 0.293151s (0m 00s)
     Speed:     ev/sec=1.02973e+07   simsec/sec=20348.7   ev/simsec=506.043
     Messages:  created: 2   present: 2   in FES: 1

<!> Simulation stopped with endSimulation() -- in module (ScheduledAccessQueue) DectScheduledAccessNetwork.queue (id=2), at t=5965.097416218013s, event #3018596

Calling finish() at end of Run #74...

Preparing for running configuration Phase2_D10, run #75...
Scenario: $r=50, $rho=0.084745762712, $repetition=5
Assigned runID=Phase2_D10-75-20260929-11:10:52-79
Setting up network "dect2020scheduledaccess.DectScheduledAccessNetwork"...
Initializing...

Running simulation...
** Event #0   t=0   Elapsed: 3e-06s (0m 00s)
     Speed:     ev/sec=0   simsec/sec=0   ev/simsec=0
     Messages:  created: 2   present: 2   in FES: 2
** Event #3019222   t=5961.25341985527   Elapsed: 0.292797s (0m 00s)
     Speed:     ev/sec=1.03119e+07   simsec/sec=20360.2   ev/simsec=506.474
     Messages:  created: 2   present: 2   in FES: 1

<!> Simulation stopped with endSimulation() -- in module (ScheduledAccessQueue) DectScheduledAccessNetwork.queue (id=2), at t=5961.25341985527s, event #3019222

Calling finish() at end of Run #75...

Preparing for running configuration Phase2_D10, run #76...
Scenario: $r=50, $rho=0.084745762712, $repetition=6
Assigned runID=Phase2_D10-76-20260929-11:10:52-79
Setting up network "dect2020scheduledaccess.DectScheduledAccessNetwork"...
Initializing...

Running simulation...
** Event #0   t=0   Elapsed: 2.5e-05s (0m 00s)
     Speed:     ev/sec=0   simsec/sec=0   ev/simsec=0
     Messages:  created: 2   present: 2   in FES: 2
** Event #3019739   t=5963.125912459721   Elapsed: 0.295784s (0m 00s)
     Speed:     ev/sec=1.02103e+07   simsec/sec=20162.4   ev/simsec=506.402
     Messages:  created: 2   present: 2   in FES: 1

<!> Simulation stopped with endSimulation() -- in module (ScheduledAccessQueue) DectScheduledAccessNetwork.queue (id=2), at t=5963.125912459721s, event #3019739

Calling finish() at end of Run #76...

Preparing for running configuration Phase2_D10, run #77...
Scenario: $r=50, $rho=0.084745762712, $repetition=7
Assigned runID=Phase2_D10-77-20260929-11:10:52-79
Setting up network "dect2020scheduledaccess.DectScheduledAccessNetwork"...
Initializing...

Running simulation...
** Event #0   t=0   Elapsed: 3e-06s (0m 00s)
     Speed:     ev/sec=0   simsec/sec=0   ev/simsec=0
     Messages:  created: 2   present: 2   in FES: 2
** Event #3018538   t=5964.297453358677   Elapsed: 0.293524s (0m 00s)
     Speed:     ev/sec=1.0284e+07   simsec/sec=20320.1   ev/simsec=506.101
     Messages:  created: 2   present: 2   in FES: 1

<!> Simulation stopped with endSimulation() -- in module (ScheduledAccessQueue) DectScheduledAccessNetwork.queue (id=2), at t=5964.297453358677s, event #3018538

Calling finish() at end of Run #77...

Preparing for running configuration Phase2_D10, run #78...
Scenario: $r=50, $rho=0.084745762712, $repetition=8
Assigned runID=Phase2_D10-78-20260929-11:10:53-79
Setting up network "dect2020scheduledaccess.DectScheduledAccessNetwork"...
Initializing...

Running simulation...
** Event #0   t=0   Elapsed: 4.1e-05s (0m 00s)
     Speed:     ev/sec=0   simsec/sec=0   ev/simsec=0
     Messages:  created: 2   present: 2   in FES: 2
** Event #3018490   t=5955.739282764045   Elapsed: 0.293316s (0m 00s)
     Speed:     ev/sec=1.02925e+07   simsec/sec=20308   ev/simsec=506.82
     Messages:  created: 2   present: 2   in FES: 1

<!> Simulation stopped with endSimulation() -- in module (ScheduledAccessQueue) DectScheduledAccessNetwork.queue (id=2), at t=5955.739282764045s, event #3018490

Calling finish() at end of Run #78...

Preparing for running configuration Phase2_D10, run #79...
Scenario: $r=50, $rho=0.084745762712, $repetition=9
Assigned runID=Phase2_D10-79-20260929-11:10:53-79
Setting up network "dect2020scheduledaccess.DectScheduledAccessNetwork"...
Initializing...

Running simulation...
** Event #0   t=0   Elapsed: 3e-06s (0m 00s)
     Speed:     ev/sec=0   simsec/sec=0   ev/simsec=0
     Messages:  created: 2   present: 2   in FES: 2
** Event #3018634   t=5964.345114097297   Elapsed: 0.292835s (0m 00s)
     Speed:     ev/sec=1.03086e+07   simsec/sec=20368.1   ev/simsec=506.113
     Messages:  created: 2   present: 2   in FES: 1

<!> Simulation stopped with endSimulation() -- in module (ScheduledAccessQueue) DectScheduledAccessNetwork.queue (id=2), at t=5964.345114097297s, event #3018634

Calling finish() at end of Run #79...

Preparing for running configuration Phase2_D10, run #80...
Scenario: $r=50, $rho=0.127118644068, $repetition=0
Assigned runID=Phase2_D10-80-20260929-11:10:53-79
Setting up network "dect2020scheduledaccess.DectScheduledAccessNetwork"...
Initializing...

Running simulation...
** Event #0   t=0   Elapsed: 3e-06s (0m 00s)
     Speed:     ev/sec=0   simsec/sec=0   ev/simsec=0
     Messages:  created: 2   present: 2   in FES: 2
** Event #3597333   t=5900.416385684919   Elapsed: 0.353922s (0m 00s)
     Speed:     ev/sec=1.01644e+07   simsec/sec=16671.8   ev/simsec=609.674
     Messages:  created: 2   present: 2   in FES: 1

<!> Simulation stopped with endSimulation() -- in module (ScheduledAccessQueue) DectScheduledAccessNetwork.queue (id=2), at t=5900.416385684919s, event #3597333

Calling finish() at end of Run #80...

Preparing for running configuration Phase2_D10, run #81...
Scenario: $r=50, $rho=0.127118644068, $repetition=1
Assigned runID=Phase2_D10-81-20260929-11:10:54-79
Setting up network "dect2020scheduledaccess.DectScheduledAccessNetwork"...
Initializing...

Running simulation...
** Event #0   t=0   Elapsed: 3e-06s (0m 00s)
     Speed:     ev/sec=0   simsec/sec=0   ev/simsec=0
     Messages:  created: 2   present: 2   in FES: 2
** Event #3600879   t=5901.275865245056   Elapsed: 0.353758s (0m 00s)
     Speed:     ev/sec=1.01791e+07   simsec/sec=16682   ev/simsec=610.187
     Messages:  created: 2   present: 2   in FES: 1

<!> Simulation stopped with endSimulation() -- in module (ScheduledAccessQueue) DectScheduledAccessNetwork.queue (id=2), at t=5901.275865245056s, event #3600879

Calling finish() at end of Run #81...

Preparing for running configuration Phase2_D10, run #82...
Scenario: $r=50, $rho=0.127118644068, $repetition=2
Assigned runID=Phase2_D10-82-20260929-11:10:54-79
Setting up network "dect2020scheduledaccess.DectScheduledAccessNetwork"...
Initializing...

Running simulation...
** Event #0   t=0   Elapsed: 2.7e-05s (0m 00s)
     Speed:     ev/sec=0   simsec/sec=0   ev/simsec=0
     Messages:  created: 2   present: 2   in FES: 2
** Event #3601567   t=5900.136862499565   Elapsed: 0.354023s (0m 00s)
     Speed:     ev/sec=1.01741e+07   simsec/sec=16667.4   ev/simsec=610.421
     Messages:  created: 2   present: 2   in FES: 1

<!> Simulation stopped with endSimulation() -- in module (ScheduledAccessQueue) DectScheduledAccessNetwork.queue (id=2), at t=5900.136862499565s, event #3601567

Calling finish() at end of Run #82...

Preparing for running configuration Phase2_D10, run #83...
Scenario: $r=50, $rho=0.127118644068, $repetition=3
Assigned runID=Phase2_D10-83-20260929-11:10:54-79
Setting up network "dect2020scheduledaccess.DectScheduledAccessNetwork"...
Initializing...

Running simulation...
** Event #0   t=0   Elapsed: 3e-06s (0m 00s)
     Speed:     ev/sec=0   simsec/sec=0   ev/simsec=0
     Messages:  created: 2   present: 2   in FES: 2
** Event #3597694   t=5900.421816038903   Elapsed: 0.353228s (0m 00s)
     Speed:     ev/sec=1.01854e+07   simsec/sec=16704.7   ev/simsec=609.735
     Messages:  created: 2   present: 2   in FES: 1

<!> Simulation stopped with endSimulation() -- in module (ScheduledAccessQueue) DectScheduledAccessNetwork.queue (id=2), at t=5900.421816038903s, event #3597694

Calling finish() at end of Run #83...

Preparing for running configuration Phase2_D10, run #84...
Scenario: $r=50, $rho=0.127118644068, $repetition=4
Assigned runID=Phase2_D10-84-20260929-11:10:55-79
Setting up network "dect2020scheduledaccess.DectScheduledAccessNetwork"...
Initializing...

Running simulation...
** Event #0   t=0   Elapsed: 2.5e-05s (0m 00s)
     Speed:     ev/sec=0   simsec/sec=0   ev/simsec=0
     Messages:  created: 2   present: 2   in FES: 2
** Event #3599516   t=5900.317253151005   Elapsed: 0.354466s (0m 00s)
     Speed:     ev/sec=1.01556e+07   simsec/sec=16647   ev/simsec=610.055
     Messages:  created: 2   present: 2   in FES: 1

<!> Simulation stopped with endSimulation() -- in module (ScheduledAccessQueue) DectScheduledAccessNetwork.queue (id=2), at t=5900.317253151005s, event #3599516

Calling finish() at end of Run #84...

Preparing for running configuration Phase2_D10, run #85...
Scenario: $r=50, $rho=0.127118644068, $repetition=5
Assigned runID=Phase2_D10-85-20260929-11:10:55-79
Setting up network "dect2020scheduledaccess.DectScheduledAccessNetwork"...
Initializing...

Running simulation...
** Event #0   t=0   Elapsed: 2.2e-05s (0m 00s)
     Speed:     ev/sec=0   simsec/sec=0   ev/simsec=0
     Messages:  created: 2   present: 2   in FES: 2
** Event #3598641   t=5900.449439998258   Elapsed: 0.353747s (0m 00s)
     Speed:     ev/sec=1.01737e+07   simsec/sec=16681.1   ev/simsec=609.893
     Messages:  created: 2   present: 2   in FES: 1

<!> Simulation stopped with endSimulation() -- in module (ScheduledAccessQueue) DectScheduledAccessNetwork.queue (id=2), at t=5900.449439998258s, event #3598641

Calling finish() at end of Run #85...

Preparing for running configuration Phase2_D10, run #86...
Scenario: $r=50, $rho=0.127118644068, $repetition=6
Assigned runID=Phase2_D10-86-20260929-11:10:55-79
Setting up network "dect2020scheduledaccess.DectScheduledAccessNetwork"...
Initializing...

Running simulation...
** Event #0   t=0   Elapsed: 3e-06s (0m 00s)
     Speed:     ev/sec=0   simsec/sec=0   ev/simsec=0
     Messages:  created: 2   present: 2   in FES: 2
** Event #3599781   t=5900.195228663325   Elapsed: 0.353676s (0m 00s)
     Speed:     ev/sec=1.01784e+07   simsec/sec=16682.9   ev/simsec=610.112
     Messages:  created: 2   present: 2   in FES: 1

<!> Simulation stopped with endSimulation() -- in module (ScheduledAccessQueue) DectScheduledAccessNetwork.queue (id=2), at t=5900.195228663325s, event #3599781

Calling finish() at end of Run #86...

Preparing for running configuration Phase2_D10, run #87...
Scenario: $r=50, $rho=0.127118644068, $repetition=7
Assigned runID=Phase2_D10-87-20260929-11:10:56-79
Setting up network "dect2020scheduledaccess.DectScheduledAccessNetwork"...
Initializing...

Running simulation...
** Event #0   t=0   Elapsed: 2.3e-05s (0m 00s)
     Speed:     ev/sec=0   simsec/sec=0   ev/simsec=0
     Messages:  created: 2   present: 2   in FES: 2
** Event #3599180   t=5900.322315243446   Elapsed: 0.353908s (0m 00s)
     Speed:     ev/sec=1.01706e+07   simsec/sec=16673.2   ev/simsec=609.997
     Messages:  created: 2   present: 2   in FES: 1

<!> Simulation stopped with endSimulation() -- in module (ScheduledAccessQueue) DectScheduledAccessNetwork.queue (id=2), at t=5900.322315243446s, event #3599180

Calling finish() at end of Run #87...

Preparing for running configuration Phase2_D10, run #88...
Scenario: $r=50, $rho=0.127118644068, $repetition=8
Assigned runID=Phase2_D10-88-20260929-11:10:56-79
Setting up network "dect2020scheduledaccess.DectScheduledAccessNetwork"...
Initializing...

Running simulation...
** Event #0   t=0   Elapsed: 3e-06s (0m 00s)
     Speed:     ev/sec=0   simsec/sec=0   ev/simsec=0
     Messages:  created: 2   present: 2   in FES: 2
** Event #3602388   t=5900.261044062511   Elapsed: 0.354281s (0m 00s)
     Speed:     ev/sec=1.01684e+07   simsec/sec=16654.5   ev/simsec=610.547
     Messages:  created: 2   present: 2   in FES: 1

<!> Simulation stopped with endSimulation() -- in module (ScheduledAccessQueue) DectScheduledAccessNetwork.queue (id=2), at t=5900.261044062511s, event #3602388

Calling finish() at end of Run #88...

Preparing for running configuration Phase2_D10, run #89...
Scenario: $r=50, $rho=0.127118644068, $repetition=9
Assigned runID=Phase2_D10-89-20260929-11:10:56-79
Setting up network "dect2020scheduledaccess.DectScheduledAccessNetwork"...
Initializing...

Running simulation...
** Event #0   t=0   Elapsed: 2.5e-05s (0m 00s)
     Speed:     ev/sec=0   simsec/sec=0   ev/simsec=0
     Messages:  created: 2   present: 2   in FES: 2
** Event #3600868   t=5900.444021895003   Elapsed: 0.353471s (0m 00s)
     Speed:     ev/sec=1.0188e+07   simsec/sec=16694.3   ev/simsec=610.271
     Messages:  created: 2   present: 2   in FES: 1

<!> Simulation stopped with endSimulation() -- in module (ScheduledAccessQueue) DectScheduledAccessNetwork.queue (id=2), at t=5900.444021895003s, event #3600868

Calling finish() at end of Run #89...

Run statistics: total 90, successful 90

End.
OMNeT++ Discrete Event Simulation  (C) 1992-2025 Andras Varga, OpenSim Ltd.
Version: 6.3.0, build: 251110-bb3d6a4731, edition: Academic Public License -- NOT FOR COMMERCIAL USE
See the license for distribution terms and warranty disclaimer

Setting up Cmdenv...

Loading NED files from /workspace/src:  2

Preparing for running configuration Phase2_D20, run #0...
Scenario: $r=5, $rho=0.021008403361, $repetition=0
Assigned runID=Phase2_D20-0-20260929-11:10:57-80
Setting up network "dect2020scheduledaccess.DectScheduledAccessNetwork"...
Initializing...

Running simulation...
** Event #0   t=0   Elapsed: 8e-06s (0m 00s)
     Speed:     ev/sec=0   simsec/sec=0   ev/simsec=0
     Messages:  created: 2   present: 2   in FES: 2
** Event #4859357   t=23850.718165114978   Elapsed: 0.428569s (0m 00s)
     Speed:     ev/sec=1.13388e+07   simsec/sec=55653.2   ev/simsec=203.74
     Messages:  created: 2   present: 2   in FES: 1

<!> Simulation stopped with endSimulation() -- in module (ScheduledAccessQueue) DectScheduledAccessNetwork.queue (id=2), at t=23850.718165114978s, event #4859357

Calling finish() at end of Run #0...

Preparing for running configuration Phase2_D20, run #1...
Scenario: $r=5, $rho=0.021008403361, $repetition=1
Assigned runID=Phase2_D20-1-20260929-11:10:57-80
Setting up network "dect2020scheduledaccess.DectScheduledAccessNetwork"...
Initializing...

Running simulation...
** Event #0   t=0   Elapsed: 3e-06s (0m 00s)
     Speed:     ev/sec=0   simsec/sec=0   ev/simsec=0
     Messages:  created: 2   present: 2   in FES: 2
** Event #4856825   t=23826.706904250295   Elapsed: 0.423156s (0m 00s)
     Speed:     ev/sec=1.14778e+07   simsec/sec=56308.1   ev/simsec=203.84
     Messages:  created: 2   present: 2   in FES: 1

<!> Simulation stopped with endSimulation() -- in module (ScheduledAccessQueue) DectScheduledAccessNetwork.queue (id=2), at t=23826.706904250295s, event #4856825

Calling finish() at end of Run #1...

Preparing for running configuration Phase2_D20, run #2...
Scenario: $r=5, $rho=0.021008403361, $repetition=2
Assigned runID=Phase2_D20-2-20260929-11:10:58-80
Setting up network "dect2020scheduledaccess.DectScheduledAccessNetwork"...
Initializing...

Running simulation...
** Event #0   t=0   Elapsed: 2.2e-05s (0m 00s)
     Speed:     ev/sec=0   simsec/sec=0   ev/simsec=0
     Messages:  created: 2   present: 2   in FES: 2
** Event #4853771   t=23796.15722695963   Elapsed: 0.426848s (0m 00s)
     Speed:     ev/sec=1.13719e+07   simsec/sec=55751.9   ev/simsec=203.973
     Messages:  created: 2   present: 2   in FES: 1

<!> Simulation stopped with endSimulation() -- in module (ScheduledAccessQueue) DectScheduledAccessNetwork.queue (id=2), at t=23796.15722695963s, event #4853771

Calling finish() at end of Run #2...

Preparing for running configuration Phase2_D20, run #3...
Scenario: $r=5, $rho=0.021008403361, $repetition=3
Assigned runID=Phase2_D20-3-20260929-11:10:58-80
Setting up network "dect2020scheduledaccess.DectScheduledAccessNetwork"...
Initializing...

Running simulation...
** Event #0   t=0   Elapsed: 2.7e-05s (0m 00s)
     Speed:     ev/sec=0   simsec/sec=0   ev/simsec=0
     Messages:  created: 2   present: 2   in FES: 2
** Event #4856318   t=23823.145940640106   Elapsed: 0.424871s (0m 00s)
     Speed:     ev/sec=1.14309e+07   simsec/sec=56075.6   ev/simsec=203.849
     Messages:  created: 2   present: 2   in FES: 1

<!> Simulation stopped with endSimulation() -- in module (ScheduledAccessQueue) DectScheduledAccessNetwork.queue (id=2), at t=23823.145940640106s, event #4856318

Calling finish() at end of Run #3...

Preparing for running configuration Phase2_D20, run #4...
Scenario: $r=5, $rho=0.021008403361, $repetition=4
Assigned runID=Phase2_D20-4-20260929-11:10:58-80
Setting up network "dect2020scheduledaccess.DectScheduledAccessNetwork"...
Initializing...

Running simulation...
** Event #0   t=0   Elapsed: 2.5e-05s (0m 00s)
     Speed:     ev/sec=0   simsec/sec=0   ev/simsec=0
     Messages:  created: 2   present: 2   in FES: 2
** Event #4858880   t=23845.703371219641   Elapsed: 0.423974s (0m 00s)
     Speed:     ev/sec=1.14611e+07   simsec/sec=56247   ev/simsec=203.763
     Messages:  created: 2   present: 2   in FES: 1

<!> Simulation stopped with endSimulation() -- in module (ScheduledAccessQueue) DectScheduledAccessNetwork.queue (id=2), at t=23845.703371219641s, event #4858880

Calling finish() at end of Run #4...

Preparing for running configuration Phase2_D20, run #5...
Scenario: $r=5, $rho=0.021008403361, $repetition=5
Assigned runID=Phase2_D20-5-20260929-11:10:59-80
Setting up network "dect2020scheduledaccess.DectScheduledAccessNetwork"...
Initializing...

Running simulation...
** Event #0   t=0   Elapsed: 3e-06s (0m 00s)
     Speed:     ev/sec=0   simsec/sec=0   ev/simsec=0
     Messages:  created: 2   present: 2   in FES: 2
** Event #4860775   t=23863.108401512718   Elapsed: 0.423904s (0m 00s)
     Speed:     ev/sec=1.14669e+07   simsec/sec=56294.5   ev/simsec=203.694
     Messages:  created: 2   present: 2   in FES: 1

<!> Simulation stopped with endSimulation() -- in module (ScheduledAccessQueue) DectScheduledAccessNetwork.queue (id=2), at t=23863.108401512718s, event #4860775

Calling finish() at end of Run #5...

Preparing for running configuration Phase2_D20, run #6...
Scenario: $r=5, $rho=0.021008403361, $repetition=6
Assigned runID=Phase2_D20-6-20260929-11:10:59-80
Setting up network "dect2020scheduledaccess.DectScheduledAccessNetwork"...
Initializing...

Running simulation...
** Event #0   t=0   Elapsed: 2.3e-05s (0m 00s)
     Speed:     ev/sec=0   simsec/sec=0   ev/simsec=0
     Messages:  created: 2   present: 2   in FES: 2
** Event #4856697   t=23825.512746801682   Elapsed: 0.423385s (0m 00s)
     Speed:     ev/sec=1.14718e+07   simsec/sec=56277.5   ev/simsec=203.844
     Messages:  created: 2   present: 2   in FES: 1

<!> Simulation stopped with endSimulation() -- in module (ScheduledAccessQueue) DectScheduledAccessNetwork.queue (id=2), at t=23825.512746801682s, event #4856697

Calling finish() at end of Run #6...

Preparing for running configuration Phase2_D20, run #7...
Scenario: $r=5, $rho=0.021008403361, $repetition=7
Assigned runID=Phase2_D20-7-20260929-11:11:00-80
Setting up network "dect2020scheduledaccess.DectScheduledAccessNetwork"...
Initializing...

Running simulation...
** Event #0   t=0   Elapsed: 3e-06s (0m 00s)
     Speed:     ev/sec=0   simsec/sec=0   ev/simsec=0
     Messages:  created: 2   present: 2   in FES: 2
** Event #4856633   t=23824.283812410039   Elapsed: 0.42328s (0m 00s)
     Speed:     ev/sec=1.1474e+07   simsec/sec=56285.7   ev/simsec=203.852
     Messages:  created: 2   present: 2   in FES: 1

<!> Simulation stopped with endSimulation() -- in module (ScheduledAccessQueue) DectScheduledAccessNetwork.queue (id=2), at t=23824.283812410039s, event #4856633

Calling finish() at end of Run #7...

Preparing for running configuration Phase2_D20, run #8...
Scenario: $r=5, $rho=0.021008403361, $repetition=8
Assigned runID=Phase2_D20-8-20260929-11:11:00-80
Setting up network "dect2020scheduledaccess.DectScheduledAccessNetwork"...
Initializing...

Running simulation...
** Event #0   t=0   Elapsed: 4e-06s (0m 00s)
     Speed:     ev/sec=0   simsec/sec=0   ev/simsec=0
     Messages:  created: 2   present: 2   in FES: 2
** Event #4855928   t=23817.097344178951   Elapsed: 0.422994s (0m 00s)
     Speed:     ev/sec=1.14801e+07   simsec/sec=56307.1   ev/simsec=203.884
     Messages:  created: 2   present: 2   in FES: 1

<!> Simulation stopped with endSimulation() -- in module (ScheduledAccessQueue) DectScheduledAccessNetwork.queue (id=2), at t=23817.097344178951s, event #4855928

Calling finish() at end of Run #8...

Preparing for running configuration Phase2_D20, run #9...
Scenario: $r=5, $rho=0.021008403361, $repetition=9
Assigned runID=Phase2_D20-9-20260929-11:11:01-80
Setting up network "dect2020scheduledaccess.DectScheduledAccessNetwork"...
Initializing...

Running simulation...
** Event #0   t=0   Elapsed: 3e-06s (0m 00s)
     Speed:     ev/sec=0   simsec/sec=0   ev/simsec=0
     Messages:  created: 2   present: 2   in FES: 2
** Event #4860901   t=23863.985321455546   Elapsed: 0.441882s (0m 00s)
     Speed:     ev/sec=1.10006e+07   simsec/sec=54006.1   ev/simsec=203.692
     Messages:  created: 2   present: 2   in FES: 1

<!> Simulation stopped with endSimulation() -- in module (ScheduledAccessQueue) DectScheduledAccessNetwork.queue (id=2), at t=23863.985321455546s, event #4860901

Calling finish() at end of Run #9...

Preparing for running configuration Phase2_D20, run #10...
Scenario: $r=5, $rho=0.042016806723, $repetition=0
Assigned runID=Phase2_D20-10-20260929-11:11:01-80
Setting up network "dect2020scheduledaccess.DectScheduledAccessNetwork"...
Initializing...

Running simulation...
** Event #0   t=0   Elapsed: 4e-06s (0m 00s)
     Speed:     ev/sec=0   simsec/sec=0   ev/simsec=0
     Messages:  created: 2   present: 2   in FES: 2
** Event #3852420   t=13129.539608852971   Elapsed: 0.360678s (0m 00s)
     Speed:     ev/sec=1.06813e+07   simsec/sec=36403.2   ev/simsec=293.416
     Messages:  created: 2   present: 2   in FES: 1

<!> Simulation stopped with endSimulation() -- in module (ScheduledAccessQueue) DectScheduledAccessNetwork.queue (id=2), at t=13129.539608852971s, event #3852420

Calling finish() at end of Run #10...

Preparing for running configuration Phase2_D20, run #11...
Scenario: $r=5, $rho=0.042016806723, $repetition=1
Assigned runID=Phase2_D20-11-20260929-11:11:01-80
Setting up network "dect2020scheduledaccess.DectScheduledAccessNetwork"...
Initializing...

Running simulation...
** Event #0   t=0   Elapsed: 4e-06s (0m 00s)
     Speed:     ev/sec=0   simsec/sec=0   ev/simsec=0
     Messages:  created: 2   present: 2   in FES: 2
** Event #3853540   t=13131.025815457607   Elapsed: 0.358735s (0m 00s)
     Speed:     ev/sec=1.07422e+07   simsec/sec=36604.4   ev/simsec=293.468
     Messages:  created: 2   present: 2   in FES: 1

<!> Simulation stopped with endSimulation() -- in module (ScheduledAccessQueue) DectScheduledAccessNetwork.queue (id=2), at t=13131.025815457607s, event #3853540

Calling finish() at end of Run #11...

Preparing for running configuration Phase2_D20, run #12...
Scenario: $r=5, $rho=0.042016806723, $repetition=2
Assigned runID=Phase2_D20-12-20260929-11:11:02-80
Setting up network "dect2020scheduledaccess.DectScheduledAccessNetwork"...
Initializing...

Running simulation...
** Event #0   t=0   Elapsed: 4e-06s (0m 00s)
     Speed:     ev/sec=0   simsec/sec=0   ev/simsec=0
     Messages:  created: 2   present: 2   in FES: 2
** Event #3852745   t=13122.763544665448   Elapsed: 0.359013s (0m 00s)
     Speed:     ev/sec=1.07317e+07   simsec/sec=36553.1   ev/simsec=293.593
     Messages:  created: 2   present: 2   in FES: 1

<!> Simulation stopped with endSimulation() -- in module (ScheduledAccessQueue) DectScheduledAccessNetwork.queue (id=2), at t=13122.763544665448s, event #3852745

Calling finish() at end of Run #12...

Preparing for running configuration Phase2_D20, run #13...
Scenario: $r=5, $rho=0.042016806723, $repetition=3
Assigned runID=Phase2_D20-13-20260929-11:11:02-80
Setting up network "dect2020scheduledaccess.DectScheduledAccessNetwork"...
Initializing...

Running simulation...
** Event #0   t=0   Elapsed: 3e-06s (0m 00s)
     Speed:     ev/sec=0   simsec/sec=0   ev/simsec=0
     Messages:  created: 2   present: 2   in FES: 2
** Event #3853231   t=13142.332726656635   Elapsed: 0.359164s (0m 00s)
     Speed:     ev/sec=1.07286e+07   simsec/sec=36592.3   ev/simsec=293.192
     Messages:  created: 2   present: 2   in FES: 1

<!> Simulation stopped with endSimulation() -- in module (ScheduledAccessQueue) DectScheduledAccessNetwork.queue (id=2), at t=13142.332726656635s, event #3853231

Calling finish() at end of Run #13...

Preparing for running configuration Phase2_D20, run #14...
Scenario: $r=5, $rho=0.042016806723, $repetition=4
Assigned runID=Phase2_D20-14-20260929-11:11:02-80
Setting up network "dect2020scheduledaccess.DectScheduledAccessNetwork"...
Initializing...

Running simulation...
** Event #0   t=0   Elapsed: 4.7e-05s (0m 00s)
     Speed:     ev/sec=0   simsec/sec=0   ev/simsec=0
     Messages:  created: 2   present: 2   in FES: 2
** Event #3854278   t=13142.090530474279   Elapsed: 0.359114s (0m 00s)
     Speed:     ev/sec=1.07343e+07   simsec/sec=36601.1   ev/simsec=293.277
     Messages:  created: 2   present: 2   in FES: 1

<!> Simulation stopped with endSimulation() -- in module (ScheduledAccessQueue) DectScheduledAccessNetwork.queue (id=2), at t=13142.090530474279s, event #3854278

Calling finish() at end of Run #14...

Preparing for running configuration Phase2_D20, run #15...
Scenario: $r=5, $rho=0.042016806723, $repetition=5
Assigned runID=Phase2_D20-15-20260929-11:11:03-80
Setting up network "dect2020scheduledaccess.DectScheduledAccessNetwork"...
Initializing...

Running simulation...
** Event #0   t=0   Elapsed: 3e-06s (0m 00s)
     Speed:     ev/sec=0   simsec/sec=0   ev/simsec=0
     Messages:  created: 2   present: 2   in FES: 2
** Event #3852014   t=13131.284995416454   Elapsed: 0.358668s (0m 00s)
     Speed:     ev/sec=1.074e+07   simsec/sec=36612   ev/simsec=293.346
     Messages:  created: 2   present: 2   in FES: 1

<!> Simulation stopped with endSimulation() -- in module (ScheduledAccessQueue) DectScheduledAccessNetwork.queue (id=2), at t=13131.284995416454s, event #3852014

Calling finish() at end of Run #15...

Preparing for running configuration Phase2_D20, run #16...
Scenario: $r=5, $rho=0.042016806723, $repetition=6
Assigned runID=Phase2_D20-16-20260929-11:11:03-80
Setting up network "dect2020scheduledaccess.DectScheduledAccessNetwork"...
Initializing...

Running simulation...
** Event #0   t=0   Elapsed: 3e-06s (0m 00s)
     Speed:     ev/sec=0   simsec/sec=0   ev/simsec=0
     Messages:  created: 2   present: 2   in FES: 2
** Event #3852805   t=13129.04059920982   Elapsed: 0.359312s (0m 00s)
     Speed:     ev/sec=1.07229e+07   simsec/sec=36540.1   ev/simsec=293.457
     Messages:  created: 2   present: 2   in FES: 1

<!> Simulation stopped with endSimulation() -- in module (ScheduledAccessQueue) DectScheduledAccessNetwork.queue (id=2), at t=13129.04059920982s, event #3852805

Calling finish() at end of Run #16...

Preparing for running configuration Phase2_D20, run #17...
Scenario: $r=5, $rho=0.042016806723, $repetition=7
Assigned runID=Phase2_D20-17-20260929-11:11:04-80
Setting up network "dect2020scheduledaccess.DectScheduledAccessNetwork"...
Initializing...

Running simulation...
** Event #0   t=0   Elapsed: 2.2e-05s (0m 00s)
     Speed:     ev/sec=0   simsec/sec=0   ev/simsec=0
     Messages:  created: 2   present: 2   in FES: 2
** Event #3853238   t=13136.599294388882   Elapsed: 0.359123s (0m 00s)
     Speed:     ev/sec=1.07304e+07   simsec/sec=36582.3   ev/simsec=293.321
     Messages:  created: 2   present: 2   in FES: 1

<!> Simulation stopped with endSimulation() -- in module (ScheduledAccessQueue) DectScheduledAccessNetwork.queue (id=2), at t=13136.599294388882s, event #3853238

Calling finish() at end of Run #17...

Preparing for running configuration Phase2_D20, run #18...
Scenario: $r=5, $rho=0.042016806723, $repetition=8
Assigned runID=Phase2_D20-18-20260929-11:11:04-80
Setting up network "dect2020scheduledaccess.DectScheduledAccessNetwork"...
Initializing...

Running simulation...
** Event #0   t=0   Elapsed: 4e-06s (0m 00s)
     Speed:     ev/sec=0   simsec/sec=0   ev/simsec=0
     Messages:  created: 2   present: 2   in FES: 2
** Event #3853761   t=13127.453631407167   Elapsed: 0.360808s (0m 00s)
     Speed:     ev/sec=1.06811e+07   simsec/sec=36384.2   ev/simsec=293.565
     Messages:  created: 2   present: 2   in FES: 1

<!> Simulation stopped with endSimulation() -- in module (ScheduledAccessQueue) DectScheduledAccessNetwork.queue (id=2), at t=13127.453631407167s, event #3853761

Calling finish() at end of Run #18...

Preparing for running configuration Phase2_D20, run #19...
Scenario: $r=5, $rho=0.042016806723, $repetition=9
Assigned runID=Phase2_D20-19-20260929-11:11:04-80
Setting up network "dect2020scheduledaccess.DectScheduledAccessNetwork"...
Initializing...

Running simulation...
** Event #0   t=0   Elapsed: 4e-06s (0m 00s)
     Speed:     ev/sec=0   simsec/sec=0   ev/simsec=0
     Messages:  created: 2   present: 2   in FES: 2
** Event #3852909   t=13131.640451367946   Elapsed: 0.358532s (0m 00s)
     Speed:     ev/sec=1.07466e+07   simsec/sec=36626.9   ev/simsec=293.407
     Messages:  created: 2   present: 2   in FES: 1

<!> Simulation stopped with endSimulation() -- in module (ScheduledAccessQueue) DectScheduledAccessNetwork.queue (id=2), at t=13131.640451367946s, event #3852909

Calling finish() at end of Run #19...

Preparing for running configuration Phase2_D20, run #20...
Scenario: $r=5, $rho=0.063025210084, $repetition=0
Assigned runID=Phase2_D20-20-20260929-11:11:05-80
Setting up network "dect2020scheduledaccess.DectScheduledAccessNetwork"...
Initializing...

Running simulation...
** Event #0   t=0   Elapsed: 3e-06s (0m 00s)
     Speed:     ev/sec=0   simsec/sec=0   ev/simsec=0
     Messages:  created: 2   present: 2   in FES: 2
** Event #4214238   t=11959.293100160797   Elapsed: 0.399994s (0m 00s)
     Speed:     ev/sec=1.05359e+07   simsec/sec=29899.2   ev/simsec=352.382
     Messages:  created: 2   present: 2   in FES: 1

<!> Simulation stopped with endSimulation() -- in module (ScheduledAccessQueue) DectScheduledAccessNetwork.queue (id=2), at t=11959.293100160797s, event #4214238

Calling finish() at end of Run #20...

Preparing for running configuration Phase2_D20, run #21...
Scenario: $r=5, $rho=0.063025210084, $repetition=1
Assigned runID=Phase2_D20-21-20260929-11:11:05-80
Setting up network "dect2020scheduledaccess.DectScheduledAccessNetwork"...
Initializing...

Running simulation...
** Event #0   t=0   Elapsed: 3e-06s (0m 00s)
     Speed:     ev/sec=0   simsec/sec=0   ev/simsec=0
     Messages:  created: 2   present: 2   in FES: 2
** Event #4213350   t=11957.19953325686   Elapsed: 0.40131s (0m 00s)
     Speed:     ev/sec=1.04992e+07   simsec/sec=29795.9   ev/simsec=352.369
     Messages:  created: 2   present: 2   in FES: 1

<!> Simulation stopped with endSimulation() -- in module (ScheduledAccessQueue) DectScheduledAccessNetwork.queue (id=2), at t=11957.19953325686s, event #4213350

Calling finish() at end of Run #21...

Preparing for running configuration Phase2_D20, run #22...
Scenario: $r=5, $rho=0.063025210084, $repetition=2
Assigned runID=Phase2_D20-22-20260929-11:11:05-80
Setting up network "dect2020scheduledaccess.DectScheduledAccessNetwork"...
Initializing...

Running simulation...
** Event #0   t=0   Elapsed: 2.8e-05s (0m 00s)
     Speed:     ev/sec=0   simsec/sec=0   ev/simsec=0
     Messages:  created: 2   present: 2   in FES: 2
** Event #4215414   t=11956.034392767415   Elapsed: 0.400167s (0m 00s)
     Speed:     ev/sec=1.0535e+07   simsec/sec=29879.9   ev/simsec=352.576
     Messages:  created: 2   present: 2   in FES: 1

<!> Simulation stopped with endSimulation() -- in module (ScheduledAccessQueue) DectScheduledAccessNetwork.queue (id=2), at t=11956.034392767415s, event #4215414

Calling finish() at end of Run #22...

Preparing for running configuration Phase2_D20, run #23...
Scenario: $r=5, $rho=0.063025210084, $repetition=3
Assigned runID=Phase2_D20-23-20260929-11:11:06-80
Setting up network "dect2020scheduledaccess.DectScheduledAccessNetwork"...
Initializing...

Running simulation...
** Event #0   t=0   Elapsed: 4e-06s (0m 00s)
     Speed:     ev/sec=0   simsec/sec=0   ev/simsec=0
     Messages:  created: 2   present: 2   in FES: 2
** Event #4213742   t=11958.678524112849   Elapsed: 0.399421s (0m 00s)
     Speed:     ev/sec=1.05498e+07   simsec/sec=29940.6   ev/simsec=352.359
     Messages:  created: 2   present: 2   in FES: 1

<!> Simulation stopped with endSimulation() -- in module (ScheduledAccessQueue) DectScheduledAccessNetwork.queue (id=2), at t=11958.678524112849s, event #4213742

Calling finish() at end of Run #23...

Preparing for running configuration Phase2_D20, run #24...
Scenario: $r=5, $rho=0.063025210084, $repetition=4
Assigned runID=Phase2_D20-24-20260929-11:11:06-80
Setting up network "dect2020scheduledaccess.DectScheduledAccessNetwork"...
Initializing...

Running simulation...
** Event #0   t=0   Elapsed: 3e-06s (0m 00s)
     Speed:     ev/sec=0   simsec/sec=0   ev/simsec=0
     Messages:  created: 2   present: 2   in FES: 2
** Event #4214048   t=11957.717127282167   Elapsed: 0.40023s (0m 00s)
     Speed:     ev/sec=1.05292e+07   simsec/sec=29877.6   ev/simsec=352.412
     Messages:  created: 2   present: 2   in FES: 1

<!> Simulation stopped with endSimulation() -- in module (ScheduledAccessQueue) DectScheduledAccessNetwork.queue (id=2), at t=11957.717127282167s, event #4214048

Calling finish() at end of Run #24...

Preparing for running configuration Phase2_D20, run #25...
Scenario: $r=5, $rho=0.063025210084, $repetition=5
Assigned runID=Phase2_D20-25-20260929-11:11:07-80
Setting up network "dect2020scheduledaccess.DectScheduledAccessNetwork"...
Initializing...

Running simulation...
** Event #0   t=0   Elapsed: 3e-06s (0m 00s)
     Speed:     ev/sec=0   simsec/sec=0   ev/simsec=0
     Messages:  created: 2   present: 2   in FES: 2
** Event #4213894   t=11956.379387200152   Elapsed: 0.399473s (0m 00s)
     Speed:     ev/sec=1.05488e+07   simsec/sec=29930.8   ev/simsec=352.439
     Messages:  created: 2   present: 2   in FES: 1

<!> Simulation stopped with endSimulation() -- in module (ScheduledAccessQueue) DectScheduledAccessNetwork.queue (id=2), at t=11956.379387200152s, event #4213894

Calling finish() at end of Run #25...

Preparing for running configuration Phase2_D20, run #26...
Scenario: $r=5, $rho=0.063025210084, $repetition=6
Assigned runID=Phase2_D20-26-20260929-11:11:07-80
Setting up network "dect2020scheduledaccess.DectScheduledAccessNetwork"...
Initializing...

Running simulation...
** Event #0   t=0   Elapsed: 3e-06s (0m 00s)
     Speed:     ev/sec=0   simsec/sec=0   ev/simsec=0
     Messages:  created: 2   present: 2   in FES: 2
** Event #4214958   t=11957.154791638566   Elapsed: 0.400593s (0m 00s)
     Speed:     ev/sec=1.0522e+07   simsec/sec=29849.2   ev/simsec=352.505
     Messages:  created: 2   present: 2   in FES: 1

<!> Simulation stopped with endSimulation() -- in module (ScheduledAccessQueue) DectScheduledAccessNetwork.queue (id=2), at t=11957.154791638566s, event #4214958

Calling finish() at end of Run #26...

Preparing for running configuration Phase2_D20, run #27...
Scenario: $r=5, $rho=0.063025210084, $repetition=7
Assigned runID=Phase2_D20-27-20260929-11:11:07-80
Setting up network "dect2020scheduledaccess.DectScheduledAccessNetwork"...
Initializing...

Running simulation...
** Event #0   t=0   Elapsed: 4e-06s (0m 00s)
     Speed:     ev/sec=0   simsec/sec=0   ev/simsec=0
     Messages:  created: 2   present: 2   in FES: 2
** Event #4215543   t=11957.224028472078   Elapsed: 0.39988s (0m 00s)
     Speed:     ev/sec=1.05422e+07   simsec/sec=29902.6   ev/simsec=352.552
     Messages:  created: 2   present: 2   in FES: 1

<!> Simulation stopped with endSimulation() -- in module (ScheduledAccessQueue) DectScheduledAccessNetwork.queue (id=2), at t=11957.224028472078s, event #4215543

Calling finish() at end of Run #27...

Preparing for running configuration Phase2_D20, run #28...
Scenario: $r=5, $rho=0.063025210084, $repetition=8
Assigned runID=Phase2_D20-28-20260929-11:11:08-80
Setting up network "dect2020scheduledaccess.DectScheduledAccessNetwork"...
Initializing...

Running simulation...
** Event #0   t=0   Elapsed: 3.1e-05s (0m 00s)
     Speed:     ev/sec=0   simsec/sec=0   ev/simsec=0
     Messages:  created: 2   present: 2   in FES: 2
** Event #4217349   t=11957.865721025166   Elapsed: 0.399926s (0m 00s)
     Speed:     ev/sec=1.05462e+07   simsec/sec=29902.7   ev/simsec=352.684
     Messages:  created: 2   present: 2   in FES: 1

<!> Simulation stopped with endSimulation() -- in module (ScheduledAccessQueue) DectScheduledAccessNetwork.queue (id=2), at t=11957.865721025166s, event #4217349

Calling finish() at end of Run #28...

Preparing for running configuration Phase2_D20, run #29...
Scenario: $r=5, $rho=0.063025210084, $repetition=9
Assigned runID=Phase2_D20-29-20260929-11:11:08-80
Setting up network "dect2020scheduledaccess.DectScheduledAccessNetwork"...
Initializing...

Running simulation...
** Event #0   t=0   Elapsed: 3e-06s (0m 00s)
     Speed:     ev/sec=0   simsec/sec=0   ev/simsec=0
     Messages:  created: 2   present: 2   in FES: 2
** Event #4213737   t=11956.842391992424   Elapsed: 0.399658s (0m 00s)
     Speed:     ev/sec=1.05435e+07   simsec/sec=29918.2   ev/simsec=352.412
     Messages:  created: 2   present: 2   in FES: 1

<!> Simulation stopped with endSimulation() -- in module (ScheduledAccessQueue) DectScheduledAccessNetwork.queue (id=2), at t=11956.842391992424s, event #4213737

Calling finish() at end of Run #29...

Preparing for running configuration Phase2_D20, run #30...
Scenario: $r=20, $rho=0.021008403361, $repetition=0
Assigned runID=Phase2_D20-30-20260929-11:11:09-80
Setting up network "dect2020scheduledaccess.DectScheduledAccessNetwork"...
Initializing...

Running simulation...
** Event #0   t=0   Elapsed: 3e-06s (0m 00s)
     Speed:     ev/sec=0   simsec/sec=0   ev/simsec=0
     Messages:  created: 2   present: 2   in FES: 2
** Event #4852472   t=23799.100866821402   Elapsed: 0.423592s (0m 00s)
     Speed:     ev/sec=1.14557e+07   simsec/sec=56185.1   ev/simsec=203.893
     Messages:  created: 2   present: 2   in FES: 1

<!> Simulation stopped with endSimulation() -- in module (ScheduledAccessQueue) DectScheduledAccessNetwork.queue (id=2), at t=23799.100866821402s, event #4852472

Calling finish() at end of Run #30...

Preparing for running configuration Phase2_D20, run #31...
Scenario: $r=20, $rho=0.021008403361, $repetition=1
Assigned runID=Phase2_D20-31-20260929-11:11:09-80
Setting up network "dect2020scheduledaccess.DectScheduledAccessNetwork"...
Initializing...

Running simulation...
** Event #0   t=0   Elapsed: 2.2e-05s (0m 00s)
     Speed:     ev/sec=0   simsec/sec=0   ev/simsec=0
     Messages:  created: 2   present: 2   in FES: 2
** Event #4855478   t=23826.991219406187   Elapsed: 0.42314s (0m 00s)
     Speed:     ev/sec=1.14756e+07   simsec/sec=56313.5   ev/simsec=203.781
     Messages:  created: 2   present: 2   in FES: 1

<!> Simulation stopped with endSimulation() -- in module (ScheduledAccessQueue) DectScheduledAccessNetwork.queue (id=2), at t=23826.991219406187s, event #4855478

Calling finish() at end of Run #31...

Preparing for running configuration Phase2_D20, run #32...
Scenario: $r=20, $rho=0.021008403361, $repetition=2
Assigned runID=Phase2_D20-32-20260929-11:11:10-80
Setting up network "dect2020scheduledaccess.DectScheduledAccessNetwork"...
Initializing...

Running simulation...
** Event #0   t=0   Elapsed: 4e-06s (0m 00s)
     Speed:     ev/sec=0   simsec/sec=0   ev/simsec=0
     Messages:  created: 2   present: 2   in FES: 2
** Event #4847818   t=23754.610520602771   Elapsed: 0.424503s (0m 00s)
     Speed:     ev/sec=1.14201e+07   simsec/sec=55959.4   ev/simsec=204.079
     Messages:  created: 2   present: 2   in FES: 1

<!> Simulation stopped with endSimulation() -- in module (ScheduledAccessQueue) DectScheduledAccessNetwork.queue (id=2), at t=23754.610520602771s, event #4847818

Calling finish() at end of Run #32...

Preparing for running configuration Phase2_D20, run #33...
Scenario: $r=20, $rho=0.021008403361, $repetition=3
Assigned runID=Phase2_D20-33-20260929-11:11:10-80
Setting up network "dect2020scheduledaccess.DectScheduledAccessNetwork"...
Initializing...

Running simulation...
** Event #0   t=0   Elapsed: 1.8e-05s (0m 00s)
     Speed:     ev/sec=0   simsec/sec=0   ev/simsec=0
     Messages:  created: 2   present: 2   in FES: 2
** Event #4853619   t=23810.090030043452   Elapsed: 0.424579s (0m 00s)
     Speed:     ev/sec=1.14322e+07   simsec/sec=56082.3   ev/simsec=203.847
     Messages:  created: 2   present: 2   in FES: 1

<!> Simulation stopped with endSimulation() -- in module (ScheduledAccessQueue) DectScheduledAccessNetwork.queue (id=2), at t=23810.090030043452s, event #4853619

Calling finish() at end of Run #33...

Preparing for running configuration Phase2_D20, run #34...
Scenario: $r=20, $rho=0.021008403361, $repetition=4
Assigned runID=Phase2_D20-34-20260929-11:11:10-80
Setting up network "dect2020scheduledaccess.DectScheduledAccessNetwork"...
Initializing...

Running simulation...
** Event #0   t=0   Elapsed: 4e-06s (0m 00s)
     Speed:     ev/sec=0   simsec/sec=0   ev/simsec=0
     Messages:  created: 2   present: 2   in FES: 2
** Event #4853890   t=23811.960862073102   Elapsed: 0.424049s (0m 00s)
     Speed:     ev/sec=1.14468e+07   simsec/sec=56155   ev/simsec=203.843
     Messages:  created: 2   present: 2   in FES: 1

<!> Simulation stopped with endSimulation() -- in module (ScheduledAccessQueue) DectScheduledAccessNetwork.queue (id=2), at t=23811.960862073102s, event #4853890

Calling finish() at end of Run #34...

Preparing for running configuration Phase2_D20, run #35...
Scenario: $r=20, $rho=0.021008403361, $repetition=5
Assigned runID=Phase2_D20-35-20260929-11:11:11-80
Setting up network "dect2020scheduledaccess.DectScheduledAccessNetwork"...
Initializing...

Running simulation...
** Event #0   t=0   Elapsed: 4e-06s (0m 00s)
     Speed:     ev/sec=0   simsec/sec=0   ev/simsec=0
     Messages:  created: 2   present: 2   in FES: 2
** Event #4855134   t=23823.851140393029   Elapsed: 0.423343s (0m 00s)
     Speed:     ev/sec=1.14687e+07   simsec/sec=56276.5   ev/simsec=203.793
     Messages:  created: 2   present: 2   in FES: 1

<!> Simulation stopped with endSimulation() -- in module (ScheduledAccessQueue) DectScheduledAccessNetwork.queue (id=2), at t=23823.851140393029s, event #4855134

Calling finish() at end of Run #35...

Preparing for running configuration Phase2_D20, run #36...
Scenario: $r=20, $rho=0.021008403361, $repetition=6
Assigned runID=Phase2_D20-36-20260929-11:11:11-80
Setting up network "dect2020scheduledaccess.DectScheduledAccessNetwork"...
Initializing...

Running simulation...
** Event #0   t=0   Elapsed: 4e-06s (0m 00s)
     Speed:     ev/sec=0   simsec/sec=0   ev/simsec=0
     Messages:  created: 2   present: 2   in FES: 2
** Event #4852878   t=23802.136347406918   Elapsed: 0.423268s (0m 00s)
     Speed:     ev/sec=1.14655e+07   simsec/sec=56235.4   ev/simsec=203.884
     Messages:  created: 2   present: 2   in FES: 1

<!> Simulation stopped with endSimulation() -- in module (ScheduledAccessQueue) DectScheduledAccessNetwork.queue (id=2), at t=23802.136347406918s, event #4852878

Calling finish() at end of Run #36...

Preparing for running configuration Phase2_D20, run #37...
Scenario: $r=20, $rho=0.021008403361, $repetition=7
Assigned runID=Phase2_D20-37-20260929-11:11:12-80
Setting up network "dect2020scheduledaccess.DectScheduledAccessNetwork"...
Initializing...

Running simulation...
** Event #0   t=0   Elapsed: 4e-06s (0m 00s)
     Speed:     ev/sec=0   simsec/sec=0   ev/simsec=0
     Messages:  created: 2   present: 2   in FES: 2
** Event #4853998   t=23812.581939469665   Elapsed: 0.423502s (0m 00s)
     Speed:     ev/sec=1.14618e+07   simsec/sec=56228.9   ev/simsec=203.842
     Messages:  created: 2   present: 2   in FES: 1

<!> Simulation stopped with endSimulation() -- in module (ScheduledAccessQueue) DectScheduledAccessNetwork.queue (id=2), at t=23812.581939469665s, event #4853998

Calling finish() at end of Run #37...

Preparing for running configuration Phase2_D20, run #38...
Scenario: $r=20, $rho=0.021008403361, $repetition=8
Assigned runID=Phase2_D20-38-20260929-11:11:12-80
Setting up network "dect2020scheduledaccess.DectScheduledAccessNetwork"...
Initializing...

Running simulation...
** Event #0   t=0   Elapsed: 3e-06s (0m 00s)
     Speed:     ev/sec=0   simsec/sec=0   ev/simsec=0
     Messages:  created: 2   present: 2   in FES: 2
** Event #4849252   t=23767.941074565323   Elapsed: 0.423089s (0m 00s)
     Speed:     ev/sec=1.14617e+07   simsec/sec=56178.1   ev/simsec=204.025
     Messages:  created: 2   present: 2   in FES: 1

<!> Simulation stopped with endSimulation() -- in module (ScheduledAccessQueue) DectScheduledAccessNetwork.queue (id=2), at t=23767.941074565323s, event #4849252

Calling finish() at end of Run #38...

Preparing for running configuration Phase2_D20, run #39...
Scenario: $r=20, $rho=0.021008403361, $repetition=9
Assigned runID=Phase2_D20-39-20260929-11:11:12-80
Setting up network "dect2020scheduledaccess.DectScheduledAccessNetwork"...
Initializing...

Running simulation...
** Event #0   t=0   Elapsed: 3e-06s (0m 00s)
     Speed:     ev/sec=0   simsec/sec=0   ev/simsec=0
     Messages:  created: 2   present: 2   in FES: 2
** Event #4853924   t=23812.143343442472   Elapsed: 0.423421s (0m 00s)
     Speed:     ev/sec=1.14638e+07   simsec/sec=56238.4   ev/simsec=203.842
     Messages:  created: 2   present: 2   in FES: 1

<!> Simulation stopped with endSimulation() -- in module (ScheduledAccessQueue) DectScheduledAccessNetwork.queue (id=2), at t=23812.143343442472s, event #4853924

Calling finish() at end of Run #39...

Preparing for running configuration Phase2_D20, run #40...
Scenario: $r=20, $rho=0.042016806723, $repetition=0
Assigned runID=Phase2_D20-40-20260929-11:11:13-80
Setting up network "dect2020scheduledaccess.DectScheduledAccessNetwork"...
Initializing...

Running simulation...
** Event #0   t=0   Elapsed: 3e-06s (0m 00s)
     Speed:     ev/sec=0   simsec/sec=0   ev/simsec=0
     Messages:  created: 2   present: 2   in FES: 2
** Event #3662472   t=12206.370170149942   Elapsed: 0.341521s (0m 00s)
     Speed:     ev/sec=1.07242e+07   simsec/sec=35741.9   ev/simsec=300.046
     Messages:  created: 2   present: 2   in FES: 1

<!> Simulation stopped with endSimulation() -- in module (ScheduledAccessQueue) DectScheduledAccessNetwork.queue (id=2), at t=12206.370170149942s, event #3662472

Calling finish() at end of Run #40...

Preparing for running configuration Phase2_D20, run #41...
Scenario: $r=20, $rho=0.042016806723, $repetition=1
Assigned runID=Phase2_D20-41-20260929-11:11:13-80
Setting up network "dect2020scheduledaccess.DectScheduledAccessNetwork"...
Initializing...

Running simulation...
** Event #0   t=0   Elapsed: 3e-06s (0m 00s)
     Speed:     ev/sec=0   simsec/sec=0   ev/simsec=0
     Messages:  created: 2   present: 2   in FES: 2
** Event #3662626   t=12207.140307716804   Elapsed: 0.340842s (0m 00s)
     Speed:     ev/sec=1.0746e+07   simsec/sec=35815.2   ev/simsec=300.04
     Messages:  created: 2   present: 2   in FES: 1

<!> Simulation stopped with endSimulation() -- in module (ScheduledAccessQueue) DectScheduledAccessNetwork.queue (id=2), at t=12207.140307716804s, event #3662626

Calling finish() at end of Run #41...

Preparing for running configuration Phase2_D20, run #42...
Scenario: $r=20, $rho=0.042016806723, $repetition=2
Assigned runID=Phase2_D20-42-20260929-11:11:14-80
Setting up network "dect2020scheduledaccess.DectScheduledAccessNetwork"...
Initializing...

Running simulation...
** Event #0   t=0   Elapsed: 2.1e-05s (0m 00s)
     Speed:     ev/sec=0   simsec/sec=0   ev/simsec=0
     Messages:  created: 2   present: 2   in FES: 2
** Event #3662550   t=12203.304297197143   Elapsed: 0.34266s (0m 00s)
     Speed:     ev/sec=1.06894e+07   simsec/sec=35616   ev/simsec=300.128
     Messages:  created: 2   present: 2   in FES: 1

<!> Simulation stopped with endSimulation() -- in module (ScheduledAccessQueue) DectScheduledAccessNetwork.queue (id=2), at t=12203.304297197143s, event #3662550

Calling finish() at end of Run #42...

Preparing for running configuration Phase2_D20, run #43...
Scenario: $r=20, $rho=0.042016806723, $repetition=3
Assigned runID=Phase2_D20-43-20260929-11:11:14-80
Setting up network "dect2020scheduledaccess.DectScheduledAccessNetwork"...
Initializing...

Running simulation...
** Event #0   t=0   Elapsed: 4e-06s (0m 00s)
     Speed:     ev/sec=0   simsec/sec=0   ev/simsec=0
     Messages:  created: 2   present: 2   in FES: 2
** Event #3662339   t=12213.575098630772   Elapsed: 0.340455s (0m 00s)
     Speed:     ev/sec=1.07574e+07   simsec/sec=35874.9   ev/simsec=299.858
     Messages:  created: 2   present: 2   in FES: 1

<!> Simulation stopped with endSimulation() -- in module (ScheduledAccessQueue) DectScheduledAccessNetwork.queue (id=2), at t=12213.575098630772s, event #3662339

Calling finish() at end of Run #43...

Preparing for running configuration Phase2_D20, run #44...
Scenario: $r=20, $rho=0.042016806723, $repetition=4
Assigned runID=Phase2_D20-44-20260929-11:11:14-80
Setting up network "dect2020scheduledaccess.DectScheduledAccessNetwork"...
Initializing...

Running simulation...
** Event #0   t=0   Elapsed: 2.8e-05s (0m 00s)
     Speed:     ev/sec=0   simsec/sec=0   ev/simsec=0
     Messages:  created: 2   present: 2   in FES: 2
** Event #3662118   t=12206.693130848591   Elapsed: 0.340406s (0m 00s)
     Speed:     ev/sec=1.07591e+07   simsec/sec=35862.6   ev/simsec=300.009
     Messages:  created: 2   present: 2   in FES: 1

<!> Simulation stopped with endSimulation() -- in module (ScheduledAccessQueue) DectScheduledAccessNetwork.queue (id=2), at t=12206.693130848591s, event #3662118

Calling finish() at end of Run #44...

Preparing for running configuration Phase2_D20, run #45...
Scenario: $r=20, $rho=0.042016806723, $repetition=5
Assigned runID=Phase2_D20-45-20260929-11:11:15-80
Setting up network "dect2020scheduledaccess.DectScheduledAccessNetwork"...
Initializing...

Running simulation...
** Event #0   t=0   Elapsed: 5e-06s (0m 00s)
     Speed:     ev/sec=0   simsec/sec=0   ev/simsec=0
     Messages:  created: 2   present: 2   in FES: 2
** Event #3661417   t=12207.534874299337   Elapsed: 0.341037s (0m 00s)
     Speed:     ev/sec=1.07364e+07   simsec/sec=35796.3   ev/simsec=299.931
     Messages:  created: 2   present: 2   in FES: 1

<!> Simulation stopped with endSimulation() -- in module (ScheduledAccessQueue) DectScheduledAccessNetwork.queue (id=2), at t=12207.534874299337s, event #3661417

Calling finish() at end of Run #45...

Preparing for running configuration Phase2_D20, run #46...
Scenario: $r=20, $rho=0.042016806723, $repetition=6
Assigned runID=Phase2_D20-46-20260929-11:11:15-80
Setting up network "dect2020scheduledaccess.DectScheduledAccessNetwork"...
Initializing...

Running simulation...
** Event #0   t=0   Elapsed: 4e-06s (0m 00s)
     Speed:     ev/sec=0   simsec/sec=0   ev/simsec=0
     Messages:  created: 2   present: 2   in FES: 2
** Event #3661688   t=12201.193510812698   Elapsed: 0.341119s (0m 00s)
     Speed:     ev/sec=1.07346e+07   simsec/sec=35768.9   ev/simsec=300.109
     Messages:  created: 2   present: 2   in FES: 1

<!> Simulation stopped with endSimulation() -- in module (ScheduledAccessQueue) DectScheduledAccessNetwork.queue (id=2), at t=12201.193510812698s, event #3661688

Calling finish() at end of Run #46...

Preparing for running configuration Phase2_D20, run #47...
Scenario: $r=20, $rho=0.042016806723, $repetition=7
Assigned runID=Phase2_D20-47-20260929-11:11:15-80
Setting up network "dect2020scheduledaccess.DectScheduledAccessNetwork"...
Initializing...

Running simulation...
** Event #0   t=0   Elapsed: 3.4e-05s (0m 00s)
     Speed:     ev/sec=0   simsec/sec=0   ev/simsec=0
     Messages:  created: 2   present: 2   in FES: 2
** Event #3661753   t=12202.196780602881   Elapsed: 0.340247s (0m 00s)
     Speed:     ev/sec=1.07633e+07   simsec/sec=35866.9   ev/simsec=300.09
     Messages:  created: 2   present: 2   in FES: 1

<!> Simulation stopped with endSimulation() -- in module (ScheduledAccessQueue) DectScheduledAccessNetwork.queue (id=2), at t=12202.196780602881s, event #3661753

Calling finish() at end of Run #47...

Preparing for running configuration Phase2_D20, run #48...
Scenario: $r=20, $rho=0.042016806723, $repetition=8
Assigned runID=Phase2_D20-48-20260929-11:11:16-80
Setting up network "dect2020scheduledaccess.DectScheduledAccessNetwork"...
Initializing...

Running simulation...
** Event #0   t=0   Elapsed: 4e-06s (0m 00s)
     Speed:     ev/sec=0   simsec/sec=0   ev/simsec=0
     Messages:  created: 2   present: 2   in FES: 2
** Event #3662002   t=12200.097007645758   Elapsed: 0.342929s (0m 00s)
     Speed:     ev/sec=1.06788e+07   simsec/sec=35576.9   ev/simsec=300.162
     Messages:  created: 2   present: 2   in FES: 1

<!> Simulation stopped with endSimulation() -- in module (ScheduledAccessQueue) DectScheduledAccessNetwork.queue (id=2), at t=12200.097007645758s, event #3662002

Calling finish() at end of Run #48...

Preparing for running configuration Phase2_D20, run #49...
Scenario: $r=20, $rho=0.042016806723, $repetition=9
Assigned runID=Phase2_D20-49-20260929-11:11:16-80
Setting up network "dect2020scheduledaccess.DectScheduledAccessNetwork"...
Initializing...

Running simulation...
** Event #0   t=0   Elapsed: 3e-06s (0m 00s)
     Speed:     ev/sec=0   simsec/sec=0   ev/simsec=0
     Messages:  created: 2   present: 2   in FES: 2
** Event #3661848   t=12201.783279660891   Elapsed: 0.341159s (0m 00s)
     Speed:     ev/sec=1.07338e+07   simsec/sec=35766.4   ev/simsec=300.108
     Messages:  created: 2   present: 2   in FES: 1

<!> Simulation stopped with endSimulation() -- in module (ScheduledAccessQueue) DectScheduledAccessNetwork.queue (id=2), at t=12201.783279660891s, event #3661848

Calling finish() at end of Run #49...

Preparing for running configuration Phase2_D20, run #50...
Scenario: $r=20, $rho=0.063025210084, $repetition=0
Assigned runID=Phase2_D20-50-20260929-11:11:16-80
Setting up network "dect2020scheduledaccess.DectScheduledAccessNetwork"...
Initializing...

Running simulation...
** Event #0   t=0   Elapsed: 3e-06s (0m 00s)
     Speed:     ev/sec=0   simsec/sec=0   ev/simsec=0
     Messages:  created: 2   present: 2   in FES: 2
** Event #4199103   t=11901.100333930458   Elapsed: 0.40079s (0m 00s)
     Speed:     ev/sec=1.04773e+07   simsec/sec=29694.7   ev/simsec=352.833
     Messages:  created: 2   present: 2   in FES: 1

<!> Simulation stopped with endSimulation() -- in module (ScheduledAccessQueue) DectScheduledAccessNetwork.queue (id=2), at t=11901.100333930458s, event #4199103

Calling finish() at end of Run #50...

Preparing for running configuration Phase2_D20, run #51...
Scenario: $r=20, $rho=0.063025210084, $repetition=1
Assigned runID=Phase2_D20-51-20260929-11:11:17-80
Setting up network "dect2020scheduledaccess.DectScheduledAccessNetwork"...
Initializing...

Running simulation...
** Event #0   t=0   Elapsed: 2.8e-05s (0m 00s)
     Speed:     ev/sec=0   simsec/sec=0   ev/simsec=0
     Messages:  created: 2   present: 2   in FES: 2
** Event #4199378   t=11900.769562061291   Elapsed: 0.398688s (0m 00s)
     Speed:     ev/sec=1.05338e+07   simsec/sec=29852.2   ev/simsec=352.866
     Messages:  created: 2   present: 2   in FES: 1

<!> Simulation stopped with endSimulation() -- in module (ScheduledAccessQueue) DectScheduledAccessNetwork.queue (id=2), at t=11900.769562061291s, event #4199378

Calling finish() at end of Run #51...

Preparing for running configuration Phase2_D20, run #52...
Scenario: $r=20, $rho=0.063025210084, $repetition=2
Assigned runID=Phase2_D20-52-20260929-11:11:17-80
Setting up network "dect2020scheduledaccess.DectScheduledAccessNetwork"...
Initializing...

Running simulation...
** Event #0   t=0   Elapsed: 3.9e-05s (0m 00s)
     Speed:     ev/sec=0   simsec/sec=0   ev/simsec=0
     Messages:  created: 2   present: 2   in FES: 2
** Event #4201036   t=11899.913056193707   Elapsed: 0.400836s (0m 00s)
     Speed:     ev/sec=1.04818e+07   simsec/sec=29690.9   ev/simsec=353.031
     Messages:  created: 2   present: 2   in FES: 1

<!> Simulation stopped with endSimulation() -- in module (ScheduledAccessQueue) DectScheduledAccessNetwork.queue (id=2), at t=11899.913056193707s, event #4201036

Calling finish() at end of Run #52...

Preparing for running configuration Phase2_D20, run #53...
Scenario: $r=20, $rho=0.063025210084, $repetition=3
Assigned runID=Phase2_D20-53-20260929-11:11:18-80
Setting up network "dect2020scheduledaccess.DectScheduledAccessNetwork"...
Initializing...

Running simulation...
** Event #0   t=0   Elapsed: 3.3e-05s (0m 00s)
     Speed:     ev/sec=0   simsec/sec=0   ev/simsec=0
     Messages:  created: 2   present: 2   in FES: 2
** Event #4199135   t=11900.97526790929   Elapsed: 0.398093s (0m 00s)
     Speed:     ev/sec=1.05491e+07   simsec/sec=29897.8   ev/simsec=352.84
     Messages:  created: 2   present: 2   in FES: 1

<!> Simulation stopped with endSimulation() -- in module (ScheduledAccessQueue) DectScheduledAccessNetwork.queue (id=2), at t=11900.97526790929s, event #4199135

Calling finish() at end of Run #53...

Preparing for running configuration Phase2_D20, run #54...
Scenario: $r=20, $rho=0.063025210084, $repetition=4
Assigned runID=Phase2_D20-54-20260929-11:11:18-80
Setting up network "dect2020scheduledaccess.DectScheduledAccessNetwork"...
Initializing...

Running simulation...
** Event #0   t=0   Elapsed: 4e-06s (0m 00s)
     Speed:     ev/sec=0   simsec/sec=0   ev/simsec=0
     Messages:  created: 2   present: 2   in FES: 2
** Event #4199353   t=11900.235650498675   Elapsed: 0.399134s (0m 00s)
     Speed:     ev/sec=1.05213e+07   simsec/sec=29815.7   ev/simsec=352.88
     Messages:  created: 2   present: 2   in FES: 1

<!> Simulation stopped with endSimulation() -- in module (ScheduledAccessQueue) DectScheduledAccessNetwork.queue (id=2), at t=11900.235650498675s, event #4199353

Calling finish() at end of Run #54...

Preparing for running configuration Phase2_D20, run #55...
Scenario: $r=20, $rho=0.063025210084, $repetition=5
Assigned runID=Phase2_D20-55-20260929-11:11:18-80
Setting up network "dect2020scheduledaccess.DectScheduledAccessNetwork"...
Initializing...

Running simulation...
** Event #0   t=0   Elapsed: 2.6e-05s (0m 00s)
     Speed:     ev/sec=0   simsec/sec=0   ev/simsec=0
     Messages:  created: 2   present: 2   in FES: 2
** Event #4199269   t=11900.67561819213   Elapsed: 0.398337s (0m 00s)
     Speed:     ev/sec=1.05428e+07   simsec/sec=29878.1   ev/simsec=352.86
     Messages:  created: 2   present: 2   in FES: 1

<!> Simulation stopped with endSimulation() -- in module (ScheduledAccessQueue) DectScheduledAccessNetwork.queue (id=2), at t=11900.67561819213s, event #4199269

Calling finish() at end of Run #55...

Preparing for running configuration Phase2_D20, run #56...
Scenario: $r=20, $rho=0.063025210084, $repetition=6
Assigned runID=Phase2_D20-56-20260929-11:11:19-80
Setting up network "dect2020scheduledaccess.DectScheduledAccessNetwork"...
Initializing...

Running simulation...
** Event #0   t=0   Elapsed: 4e-06s (0m 00s)
     Speed:     ev/sec=0   simsec/sec=0   ev/simsec=0
     Messages:  created: 2   present: 2   in FES: 2
** Event #4200502   t=11900.443965100173   Elapsed: 0.399278s (0m 00s)
     Speed:     ev/sec=1.05205e+07   simsec/sec=29805.6   ev/simsec=352.97
     Messages:  created: 2   present: 2   in FES: 1

<!> Simulation stopped with endSimulation() -- in module (ScheduledAccessQueue) DectScheduledAccessNetwork.queue (id=2), at t=11900.443965100173s, event #4200502

Calling finish() at end of Run #56...

Preparing for running configuration Phase2_D20, run #57...
Scenario: $r=20, $rho=0.063025210084, $repetition=7
Assigned runID=Phase2_D20-57-20260929-11:11:19-80
Setting up network "dect2020scheduledaccess.DectScheduledAccessNetwork"...
Initializing...

Running simulation...
** Event #0   t=0   Elapsed: 4.3e-05s (0m 00s)
     Speed:     ev/sec=0   simsec/sec=0   ev/simsec=0
     Messages:  created: 2   present: 2   in FES: 2
** Event #4200463   t=11900.796734606138   Elapsed: 0.399057s (0m 00s)
     Speed:     ev/sec=1.05272e+07   simsec/sec=29825.7   ev/simsec=352.956
     Messages:  created: 2   present: 2   in FES: 1

<!> Simulation stopped with endSimulation() -- in module (ScheduledAccessQueue) DectScheduledAccessNetwork.queue (id=2), at t=11900.796734606138s, event #4200463

Calling finish() at end of Run #57...

Preparing for running configuration Phase2_D20, run #58...
Scenario: $r=20, $rho=0.063025210084, $repetition=8
Assigned runID=Phase2_D20-58-20260929-11:11:20-80
Setting up network "dect2020scheduledaccess.DectScheduledAccessNetwork"...
Initializing...

Running simulation...
** Event #0   t=0   Elapsed: 2.1e-05s (0m 00s)
     Speed:     ev/sec=0   simsec/sec=0   ev/simsec=0
     Messages:  created: 2   present: 2   in FES: 2
** Event #4201902   t=11900.051149713345   Elapsed: 0.399798s (0m 00s)
     Speed:     ev/sec=1.05107e+07   simsec/sec=29767   ev/simsec=353.099
     Messages:  created: 2   present: 2   in FES: 1

<!> Simulation stopped with endSimulation() -- in module (ScheduledAccessQueue) DectScheduledAccessNetwork.queue (id=2), at t=11900.051149713345s, event #4201902

Calling finish() at end of Run #58...

Preparing for running configuration Phase2_D20, run #59...
Scenario: $r=20, $rho=0.063025210084, $repetition=9
Assigned runID=Phase2_D20-59-20260929-11:11:20-80
Setting up network "dect2020scheduledaccess.DectScheduledAccessNetwork"...
Initializing...

Running simulation...
** Event #0   t=0   Elapsed: 4e-06s (0m 00s)
     Speed:     ev/sec=0   simsec/sec=0   ev/simsec=0
     Messages:  created: 2   present: 2   in FES: 2
** Event #4198976   t=11899.708476070068   Elapsed: 0.398222s (0m 00s)
     Speed:     ev/sec=1.05445e+07   simsec/sec=29882.7   ev/simsec=352.864
     Messages:  created: 2   present: 2   in FES: 1

<!> Simulation stopped with endSimulation() -- in module (ScheduledAccessQueue) DectScheduledAccessNetwork.queue (id=2), at t=11899.708476070068s, event #4198976

Calling finish() at end of Run #59...

Preparing for running configuration Phase2_D20, run #60...
Scenario: $r=50, $rho=0.021008403361, $repetition=0
Assigned runID=Phase2_D20-60-20260929-11:11:20-80
Setting up network "dect2020scheduledaccess.DectScheduledAccessNetwork"...
Initializing...

Running simulation...
** Event #0   t=0   Elapsed: 2.8e-05s (0m 00s)
     Speed:     ev/sec=0   simsec/sec=0   ev/simsec=0
     Messages:  created: 2   present: 2   in FES: 2
** Event #4852472   t=23799.100866821402   Elapsed: 0.424982s (0m 00s)
     Speed:     ev/sec=1.14189e+07   simsec/sec=56004.3   ev/simsec=203.893
     Messages:  created: 2   present: 2   in FES: 1

<!> Simulation stopped with endSimulation() -- in module (ScheduledAccessQueue) DectScheduledAccessNetwork.queue (id=2), at t=23799.100866821402s, event #4852472

Calling finish() at end of Run #60...

Preparing for running configuration Phase2_D20, run #61...
Scenario: $r=50, $rho=0.021008403361, $repetition=1
Assigned runID=Phase2_D20-61-20260929-11:11:21-80
Setting up network "dect2020scheduledaccess.DectScheduledAccessNetwork"...
Initializing...

Running simulation...
** Event #0   t=0   Elapsed: 4e-06s (0m 00s)
     Speed:     ev/sec=0   simsec/sec=0   ev/simsec=0
     Messages:  created: 2   present: 2   in FES: 2
** Event #4855478   t=23826.991219406187   Elapsed: 0.422988s (0m 00s)
     Speed:     ev/sec=1.14792e+07   simsec/sec=56331.2   ev/simsec=203.781
     Messages:  created: 2   present: 2   in FES: 1

<!> Simulation stopped with endSimulation() -- in module (ScheduledAccessQueue) DectScheduledAccessNetwork.queue (id=2), at t=23826.991219406187s, event #4855478

Calling finish() at end of Run #61...

Preparing for running configuration Phase2_D20, run #62...
Scenario: $r=50, $rho=0.021008403361, $repetition=2
Assigned runID=Phase2_D20-62-20260929-11:11:21-80
Setting up network "dect2020scheduledaccess.DectScheduledAccessNetwork"...
Initializing...

Running simulation...
** Event #0   t=0   Elapsed: 2.7e-05s (0m 00s)
     Speed:     ev/sec=0   simsec/sec=0   ev/simsec=0
     Messages:  created: 2   present: 2   in FES: 2
** Event #4847818   t=23754.610520602771   Elapsed: 0.42311s (0m 00s)
     Speed:     ev/sec=1.14584e+07   simsec/sec=56146.9   ev/simsec=204.079
     Messages:  created: 2   present: 2   in FES: 1

<!> Simulation stopped with endSimulation() -- in module (ScheduledAccessQueue) DectScheduledAccessNetwork.queue (id=2), at t=23754.610520602771s, event #4847818

Calling finish() at end of Run #62...

Preparing for running configuration Phase2_D20, run #63...
Scenario: $r=50, $rho=0.021008403361, $repetition=3
Assigned runID=Phase2_D20-63-20260929-11:11:22-80
Setting up network "dect2020scheduledaccess.DectScheduledAccessNetwork"...
Initializing...

Running simulation...
** Event #0   t=0   Elapsed: 3e-06s (0m 00s)
     Speed:     ev/sec=0   simsec/sec=0   ev/simsec=0
     Messages:  created: 2   present: 2   in FES: 2
** Event #4853619   t=23810.090030043452   Elapsed: 0.424111s (0m 00s)
     Speed:     ev/sec=1.14444e+07   simsec/sec=56142.1   ev/simsec=203.847
     Messages:  created: 2   present: 2   in FES: 1

<!> Simulation stopped with endSimulation() -- in module (ScheduledAccessQueue) DectScheduledAccessNetwork.queue (id=2), at t=23810.090030043452s, event #4853619

Calling finish() at end of Run #63...

Preparing for running configuration Phase2_D20, run #64...
Scenario: $r=50, $rho=0.021008403361, $repetition=4
Assigned runID=Phase2_D20-64-20260929-11:11:22-80
Setting up network "dect2020scheduledaccess.DectScheduledAccessNetwork"...
Initializing...

Running simulation...
** Event #0   t=0   Elapsed: 3e-06s (0m 00s)
     Speed:     ev/sec=0   simsec/sec=0   ev/simsec=0
     Messages:  created: 2   present: 2   in FES: 2
** Event #4853890   t=23811.960862073102   Elapsed: 0.424219s (0m 00s)
     Speed:     ev/sec=1.14421e+07   simsec/sec=56132.2   ev/simsec=203.843
     Messages:  created: 2   present: 2   in FES: 1

<!> Simulation stopped with endSimulation() -- in module (ScheduledAccessQueue) DectScheduledAccessNetwork.queue (id=2), at t=23811.960862073102s, event #4853890

Calling finish() at end of Run #64...

Preparing for running configuration Phase2_D20, run #65...
Scenario: $r=50, $rho=0.021008403361, $repetition=5
Assigned runID=Phase2_D20-65-20260929-11:11:22-80
Setting up network "dect2020scheduledaccess.DectScheduledAccessNetwork"...
Initializing...

Running simulation...
** Event #0   t=0   Elapsed: 1.9e-05s (0m 00s)
     Speed:     ev/sec=0   simsec/sec=0   ev/simsec=0
     Messages:  created: 2   present: 2   in FES: 2
** Event #4855134   t=23823.851140393029   Elapsed: 0.423628s (0m 00s)
     Speed:     ev/sec=1.14615e+07   simsec/sec=56240.7   ev/simsec=203.793
     Messages:  created: 2   present: 2   in FES: 1

<!> Simulation stopped with endSimulation() -- in module (ScheduledAccessQueue) DectScheduledAccessNetwork.queue (id=2), at t=23823.851140393029s, event #4855134

Calling finish() at end of Run #65...

Preparing for running configuration Phase2_D20, run #66...
Scenario: $r=50, $rho=0.021008403361, $repetition=6
Assigned runID=Phase2_D20-66-20260929-11:11:23-80
Setting up network "dect2020scheduledaccess.DectScheduledAccessNetwork"...
Initializing...

Running simulation...
** Event #0   t=0   Elapsed: 4e-06s (0m 00s)
     Speed:     ev/sec=0   simsec/sec=0   ev/simsec=0
     Messages:  created: 2   present: 2   in FES: 2
** Event #4852878   t=23802.136347406918   Elapsed: 0.425539s (0m 00s)
     Speed:     ev/sec=1.14043e+07   simsec/sec=55935   ev/simsec=203.884
     Messages:  created: 2   present: 2   in FES: 1

<!> Simulation stopped with endSimulation() -- in module (ScheduledAccessQueue) DectScheduledAccessNetwork.queue (id=2), at t=23802.136347406918s, event #4852878

Calling finish() at end of Run #66...

Preparing for running configuration Phase2_D20, run #67...
Scenario: $r=50, $rho=0.021008403361, $repetition=7
Assigned runID=Phase2_D20-67-20260929-11:11:23-80
Setting up network "dect2020scheduledaccess.DectScheduledAccessNetwork"...
Initializing...

Running simulation...
** Event #0   t=0   Elapsed: 3e-06s (0m 00s)
     Speed:     ev/sec=0   simsec/sec=0   ev/simsec=0
     Messages:  created: 2   present: 2   in FES: 2
** Event #4853998   t=23812.581939469665   Elapsed: 0.424665s (0m 00s)
     Speed:     ev/sec=1.14304e+07   simsec/sec=56074.9   ev/simsec=203.842
     Messages:  created: 2   present: 2   in FES: 1

<!> Simulation stopped with endSimulation() -- in module (ScheduledAccessQueue) DectScheduledAccessNetwork.queue (id=2), at t=23812.581939469665s, event #4853998

Calling finish() at end of Run #67...

Preparing for running configuration Phase2_D20, run #68...
Scenario: $r=50, $rho=0.021008403361, $repetition=8
Assigned runID=Phase2_D20-68-20260929-11:11:24-80
Setting up network "dect2020scheduledaccess.DectScheduledAccessNetwork"...
Initializing...

Running simulation...
** Event #0   t=0   Elapsed: 2.2e-05s (0m 00s)
     Speed:     ev/sec=0   simsec/sec=0   ev/simsec=0
     Messages:  created: 2   present: 2   in FES: 2
** Event #4849252   t=23767.941074565323   Elapsed: 0.425679s (0m 00s)
     Speed:     ev/sec=1.13925e+07   simsec/sec=55838.6   ev/simsec=204.025
     Messages:  created: 2   present: 2   in FES: 1

<!> Simulation stopped with endSimulation() -- in module (ScheduledAccessQueue) DectScheduledAccessNetwork.queue (id=2), at t=23767.941074565323s, event #4849252

Calling finish() at end of Run #68...

Preparing for running configuration Phase2_D20, run #69...
Scenario: $r=50, $rho=0.021008403361, $repetition=9
Assigned runID=Phase2_D20-69-20260929-11:11:24-80
Setting up network "dect2020scheduledaccess.DectScheduledAccessNetwork"...
Initializing...

Running simulation...
** Event #0   t=0   Elapsed: 3e-06s (0m 00s)
     Speed:     ev/sec=0   simsec/sec=0   ev/simsec=0
     Messages:  created: 2   present: 2   in FES: 2
** Event #4853924   t=23812.143343442472   Elapsed: 0.424223s (0m 00s)
     Speed:     ev/sec=1.14421e+07   simsec/sec=56132.1   ev/simsec=203.842
     Messages:  created: 2   present: 2   in FES: 1

<!> Simulation stopped with endSimulation() -- in module (ScheduledAccessQueue) DectScheduledAccessNetwork.queue (id=2), at t=23812.143343442472s, event #4853924

Calling finish() at end of Run #69...

Preparing for running configuration Phase2_D20, run #70...
Scenario: $r=50, $rho=0.042016806723, $repetition=0
Assigned runID=Phase2_D20-70-20260929-11:11:25-80
Setting up network "dect2020scheduledaccess.DectScheduledAccessNetwork"...
Initializing...

Running simulation...
** Event #0   t=0   Elapsed: 3e-06s (0m 00s)
     Speed:     ev/sec=0   simsec/sec=0   ev/simsec=0
     Messages:  created: 2   present: 2   in FES: 2
** Event #3624227   t=12021.710078223035   Elapsed: 0.338932s (0m 00s)
     Speed:     ev/sec=1.06933e+07   simsec/sec=35470.1   ev/simsec=301.474
     Messages:  created: 2   present: 2   in FES: 1

<!> Simulation stopped with endSimulation() -- in module (ScheduledAccessQueue) DectScheduledAccessNetwork.queue (id=2), at t=12021.710078223035s, event #3624227

Calling finish() at end of Run #70...

Preparing for running configuration Phase2_D20, run #71...
Scenario: $r=50, $rho=0.042016806723, $repetition=1
Assigned runID=Phase2_D20-71-20260929-11:11:25-80
Setting up network "dect2020scheduledaccess.DectScheduledAccessNetwork"...
Initializing...

Running simulation...
** Event #0   t=0   Elapsed: 4e-06s (0m 00s)
     Speed:     ev/sec=0   simsec/sec=0   ev/simsec=0
     Messages:  created: 2   present: 2   in FES: 2
** Event #3624469   t=12019.741574464075   Elapsed: 0.338224s (0m 00s)
     Speed:     ev/sec=1.07164e+07   simsec/sec=35538.7   ev/simsec=301.543
     Messages:  created: 2   present: 2   in FES: 1

<!> Simulation stopped with endSimulation() -- in module (ScheduledAccessQueue) DectScheduledAccessNetwork.queue (id=2), at t=12019.741574464075s, event #3624469

Calling finish() at end of Run #71...

Preparing for running configuration Phase2_D20, run #72...
Scenario: $r=50, $rho=0.042016806723, $repetition=2
Assigned runID=Phase2_D20-72-20260929-11:11:25-80
Setting up network "dect2020scheduledaccess.DectScheduledAccessNetwork"...
Initializing...

Running simulation...
** Event #0   t=0   Elapsed: 3e-06s (0m 00s)
     Speed:     ev/sec=0   simsec/sec=0   ev/simsec=0
     Messages:  created: 2   present: 2   in FES: 2
** Event #3625292   t=12017.709081180736   Elapsed: 0.33882s (0m 00s)
     Speed:     ev/sec=1.07e+07   simsec/sec=35470   ev/simsec=301.662
     Messages:  created: 2   present: 2   in FES: 1

<!> Simulation stopped with endSimulation() -- in module (ScheduledAccessQueue) DectScheduledAccessNetwork.queue (id=2), at t=12017.709081180736s, event #3625292

Calling finish() at end of Run #72...

Preparing for running configuration Phase2_D20, run #73...
Scenario: $r=50, $rho=0.042016806723, $repetition=3
Assigned runID=Phase2_D20-73-20260929-11:11:26-80
Setting up network "dect2020scheduledaccess.DectScheduledAccessNetwork"...
Initializing...

Running simulation...
** Event #0   t=0   Elapsed: 4e-06s (0m 00s)
     Speed:     ev/sec=0   simsec/sec=0   ev/simsec=0
     Messages:  created: 2   present: 2   in FES: 2
** Event #3625635   t=12037.325187049315   Elapsed: 0.339192s (0m 00s)
     Speed:     ev/sec=1.06895e+07   simsec/sec=35489.9   ev/simsec=301.199
     Messages:  created: 2   present: 2   in FES: 1

<!> Simulation stopped with endSimulation() -- in module (ScheduledAccessQueue) DectScheduledAccessNetwork.queue (id=2), at t=12037.325187049315s, event #3625635

Calling finish() at end of Run #73...

Preparing for running configuration Phase2_D20, run #74...
Scenario: $r=50, $rho=0.042016806723, $repetition=4
Assigned runID=Phase2_D20-74-20260929-11:11:26-80
Setting up network "dect2020scheduledaccess.DectScheduledAccessNetwork"...
Initializing...

Running simulation...
** Event #0   t=0   Elapsed: 3e-06s (0m 00s)
     Speed:     ev/sec=0   simsec/sec=0   ev/simsec=0
     Messages:  created: 2   present: 2   in FES: 2
** Event #3625012   t=12026.643072457173   Elapsed: 0.3397s (0m 00s)
     Speed:     ev/sec=1.06715e+07   simsec/sec=35404.5   ev/simsec=301.415
     Messages:  created: 2   present: 2   in FES: 1

<!> Simulation stopped with endSimulation() -- in module (ScheduledAccessQueue) DectScheduledAccessNetwork.queue (id=2), at t=12026.643072457173s, event #3625012

Calling finish() at end of Run #74...

Preparing for running configuration Phase2_D20, run #75...
Scenario: $r=50, $rho=0.042016806723, $repetition=5
Assigned runID=Phase2_D20-75-20260929-11:11:26-80
Setting up network "dect2020scheduledaccess.DectScheduledAccessNetwork"...
Initializing...

Running simulation...
** Event #0   t=0   Elapsed: 4e-06s (0m 00s)
     Speed:     ev/sec=0   simsec/sec=0   ev/simsec=0
     Messages:  created: 2   present: 2   in FES: 2
** Event #3624136   t=12023.309692079711   Elapsed: 0.337804s (0m 00s)
     Speed:     ev/sec=1.07287e+07   simsec/sec=35593.3   ev/simsec=301.426
     Messages:  created: 2   present: 2   in FES: 1

<!> Simulation stopped with endSimulation() -- in module (ScheduledAccessQueue) DectScheduledAccessNetwork.queue (id=2), at t=12023.309692079711s, event #3624136

Calling finish() at end of Run #75...

Preparing for running configuration Phase2_D20, run #76...
Scenario: $r=50, $rho=0.042016806723, $repetition=6
Assigned runID=Phase2_D20-76-20260929-11:11:27-80
Setting up network "dect2020scheduledaccess.DectScheduledAccessNetwork"...
Initializing...

Running simulation...
** Event #0   t=0   Elapsed: 2.8e-05s (0m 00s)
     Speed:     ev/sec=0   simsec/sec=0   ev/simsec=0
     Messages:  created: 2   present: 2   in FES: 2
** Event #3624476   t=12021.133596870294   Elapsed: 0.338874s (0m 00s)
     Speed:     ev/sec=1.06967e+07   simsec/sec=35477.1   ev/simsec=301.509
     Messages:  created: 2   present: 2   in FES: 1

<!> Simulation stopped with endSimulation() -- in module (ScheduledAccessQueue) DectScheduledAccessNetwork.queue (id=2), at t=12021.133596870294s, event #3624476

Calling finish() at end of Run #76...

Preparing for running configuration Phase2_D20, run #77...
Scenario: $r=50, $rho=0.042016806723, $repetition=7
Assigned runID=Phase2_D20-77-20260929-11:11:27-80
Setting up network "dect2020scheduledaccess.DectScheduledAccessNetwork"...
Initializing...

Running simulation...
** Event #0   t=0   Elapsed: 4e-06s (0m 00s)
     Speed:     ev/sec=0   simsec/sec=0   ev/simsec=0
     Messages:  created: 2   present: 2   in FES: 2
** Event #3624696   t=12023.510966221916   Elapsed: 0.33782s (0m 00s)
     Speed:     ev/sec=1.07299e+07   simsec/sec=35592.1   ev/simsec=301.467
     Messages:  created: 2   present: 2   in FES: 1

<!> Simulation stopped with endSimulation() -- in module (ScheduledAccessQueue) DectScheduledAccessNetwork.queue (id=2), at t=12023.510966221916s, event #3624696

Calling finish() at end of Run #77...

Preparing for running configuration Phase2_D20, run #78...
Scenario: $r=50, $rho=0.042016806723, $repetition=8
Assigned runID=Phase2_D20-78-20260929-11:11:27-80
Setting up network "dect2020scheduledaccess.DectScheduledAccessNetwork"...
Initializing...

Running simulation...
** Event #0   t=0   Elapsed: 3e-05s (0m 00s)
     Speed:     ev/sec=0   simsec/sec=0   ev/simsec=0
     Messages:  created: 2   present: 2   in FES: 2
** Event #3625080   t=12018.037583889616   Elapsed: 0.339374s (0m 00s)
     Speed:     ev/sec=1.06827e+07   simsec/sec=35415.9   ev/simsec=301.637
     Messages:  created: 2   present: 2   in FES: 1

<!> Simulation stopped with endSimulation() -- in module (ScheduledAccessQueue) DectScheduledAccessNetwork.queue (id=2), at t=12018.037583889616s, event #3625080

Calling finish() at end of Run #78...

Preparing for running configuration Phase2_D20, run #79...
Scenario: $r=50, $rho=0.042016806723, $repetition=9
Assigned runID=Phase2_D20-79-20260929-11:11:28-80
Setting up network "dect2020scheduledaccess.DectScheduledAccessNetwork"...
Initializing...

Running simulation...
** Event #0   t=0   Elapsed: 4e-06s (0m 00s)
     Speed:     ev/sec=0   simsec/sec=0   ev/simsec=0
     Messages:  created: 2   present: 2   in FES: 2
** Event #3625315   t=12024.034509658074   Elapsed: 0.339009s (0m 00s)
     Speed:     ev/sec=1.06941e+07   simsec/sec=35469   ev/simsec=301.506
     Messages:  created: 2   present: 2   in FES: 1

<!> Simulation stopped with endSimulation() -- in module (ScheduledAccessQueue) DectScheduledAccessNetwork.queue (id=2), at t=12024.034509658074s, event #3625315

Calling finish() at end of Run #79...

Preparing for running configuration Phase2_D20, run #80...
Scenario: $r=50, $rho=0.063025210084, $repetition=0
Assigned runID=Phase2_D20-80-20260929-11:11:28-80
Setting up network "dect2020scheduledaccess.DectScheduledAccessNetwork"...
Initializing...

Running simulation...
** Event #0   t=0   Elapsed: 3e-06s (0m 00s)
     Speed:     ev/sec=0   simsec/sec=0   ev/simsec=0
     Messages:  created: 2   present: 2   in FES: 2
** Event #4199209   t=11901.399964601862   Elapsed: 0.400889s (0m 00s)
     Speed:     ev/sec=1.04749e+07   simsec/sec=29688   ev/simsec=352.833
     Messages:  created: 2   present: 2   in FES: 1

<!> Simulation stopped with endSimulation() -- in module (ScheduledAccessQueue) DectScheduledAccessNetwork.queue (id=2), at t=11901.399964601862s, event #4199209

Calling finish() at end of Run #80...

Preparing for running configuration Phase2_D20, run #81...
Scenario: $r=50, $rho=0.063025210084, $repetition=1
Assigned runID=Phase2_D20-81-20260929-11:11:28-80
Setting up network "dect2020scheduledaccess.DectScheduledAccessNetwork"...
Initializing...

Running simulation...
** Event #0   t=0   Elapsed: 3.1e-05s (0m 00s)
     Speed:     ev/sec=0   simsec/sec=0   ev/simsec=0
     Messages:  created: 2   present: 2   in FES: 2
** Event #4199493   t=11901.071270409141   Elapsed: 0.400442s (0m 00s)
     Speed:     ev/sec=1.0488e+07   simsec/sec=29722.4   ev/simsec=352.867
     Messages:  created: 2   present: 2   in FES: 1

<!> Simulation stopped with endSimulation() -- in module (ScheduledAccessQueue) DectScheduledAccessNetwork.queue (id=2), at t=11901.071270409141s, event #4199493

Calling finish() at end of Run #81...

Preparing for running configuration Phase2_D20, run #82...
Scenario: $r=50, $rho=0.063025210084, $repetition=2
Assigned runID=Phase2_D20-82-20260929-11:11:29-80
Setting up network "dect2020scheduledaccess.DectScheduledAccessNetwork"...
Initializing...

Running simulation...
** Event #0   t=0   Elapsed: 2.3e-05s (0m 00s)
     Speed:     ev/sec=0   simsec/sec=0   ev/simsec=0
     Messages:  created: 2   present: 2   in FES: 2
** Event #4201128   t=11900.210934213342   Elapsed: 0.40097s (0m 00s)
     Speed:     ev/sec=1.04781e+07   simsec/sec=29680.6   ev/simsec=353.03
     Messages:  created: 2   present: 2   in FES: 1

<!> Simulation stopped with endSimulation() -- in module (ScheduledAccessQueue) DectScheduledAccessNetwork.queue (id=2), at t=11900.210934213342s, event #4201128

Calling finish() at end of Run #82...

Preparing for running configuration Phase2_D20, run #83...
Scenario: $r=50, $rho=0.063025210084, $repetition=3
Assigned runID=Phase2_D20-83-20260929-11:11:29-80
Setting up network "dect2020scheduledaccess.DectScheduledAccessNetwork"...
Initializing...

Running simulation...
** Event #0   t=0   Elapsed: 3e-06s (0m 00s)
     Speed:     ev/sec=0   simsec/sec=0   ev/simsec=0
     Messages:  created: 2   present: 2   in FES: 2
** Event #4199243   t=11901.272109801961   Elapsed: 0.398943s (0m 00s)
     Speed:     ev/sec=1.05261e+07   simsec/sec=29832.5   ev/simsec=352.84
     Messages:  created: 2   present: 2   in FES: 1

<!> Simulation stopped with endSimulation() -- in module (ScheduledAccessQueue) DectScheduledAccessNetwork.queue (id=2), at t=11901.272109801961s, event #4199243

Calling finish() at end of Run #83...

Preparing for running configuration Phase2_D20, run #84...
Scenario: $r=50, $rho=0.063025210084, $repetition=4
Assigned runID=Phase2_D20-84-20260929-11:11:30-80
Setting up network "dect2020scheduledaccess.DectScheduledAccessNetwork"...
Initializing...

Running simulation...
** Event #0   t=0   Elapsed: 3e-06s (0m 00s)
     Speed:     ev/sec=0   simsec/sec=0   ev/simsec=0
     Messages:  created: 2   present: 2   in FES: 2
** Event #4199456   t=11900.530962718139   Elapsed: 0.403699s (0m 00s)
     Speed:     ev/sec=1.04026e+07   simsec/sec=29479.2   ev/simsec=352.88
     Messages:  created: 2   present: 2   in FES: 1

<!> Simulation stopped with endSimulation() -- in module (ScheduledAccessQueue) DectScheduledAccessNetwork.queue (id=2), at t=11900.530962718139s, event #4199456

Calling finish() at end of Run #84...

Preparing for running configuration Phase2_D20, run #85...
Scenario: $r=50, $rho=0.063025210084, $repetition=5
Assigned runID=Phase2_D20-85-20260929-11:11:30-80
Setting up network "dect2020scheduledaccess.DectScheduledAccessNetwork"...
Initializing...

Running simulation...
** Event #0   t=0   Elapsed: 2.2e-05s (0m 00s)
     Speed:     ev/sec=0   simsec/sec=0   ev/simsec=0
     Messages:  created: 2   present: 2   in FES: 2
** Event #4199371   t=11900.973161052202   Elapsed: 0.399666s (0m 00s)
     Speed:     ev/sec=1.05078e+07   simsec/sec=29779.1   ev/simsec=352.859
     Messages:  created: 2   present: 2   in FES: 1

<!> Simulation stopped with endSimulation() -- in module (ScheduledAccessQueue) DectScheduledAccessNetwork.queue (id=2), at t=11900.973161052202s, event #4199371

Calling finish() at end of Run #85...

Preparing for running configuration Phase2_D20, run #86...
Scenario: $r=50, $rho=0.063025210084, $repetition=6
Assigned runID=Phase2_D20-86-20260929-11:11:30-80
Setting up network "dect2020scheduledaccess.DectScheduledAccessNetwork"...
Initializing...

Running simulation...
** Event #0   t=0   Elapsed: 3e-06s (0m 00s)
     Speed:     ev/sec=0   simsec/sec=0   ev/simsec=0
     Messages:  created: 2   present: 2   in FES: 2
** Event #4200604   t=11900.74358653853   Elapsed: 0.400486s (0m 00s)
     Speed:     ev/sec=1.04889e+07   simsec/sec=29716.3   ev/simsec=352.97
     Messages:  created: 2   present: 2   in FES: 1

<!> Simulation stopped with endSimulation() -- in module (ScheduledAccessQueue) DectScheduledAccessNetwork.queue (id=2), at t=11900.74358653853s, event #4200604

Calling finish() at end of Run #86...

Preparing for running configuration Phase2_D20, run #87...
Scenario: $r=50, $rho=0.063025210084, $repetition=7
Assigned runID=Phase2_D20-87-20260929-11:11:31-80
Setting up network "dect2020scheduledaccess.DectScheduledAccessNetwork"...
Initializing...

Running simulation...
** Event #0   t=0   Elapsed: 3e-06s (0m 00s)
     Speed:     ev/sec=0   simsec/sec=0   ev/simsec=0
     Messages:  created: 2   present: 2   in FES: 2
** Event #4200575   t=11901.101353361963   Elapsed: 0.39998s (0m 00s)
     Speed:     ev/sec=1.05021e+07   simsec/sec=29754.8   ev/simsec=352.957
     Messages:  created: 2   present: 2   in FES: 1

<!> Simulation stopped with endSimulation() -- in module (ScheduledAccessQueue) DectScheduledAccessNetwork.queue (id=2), at t=11901.101353361963s, event #4200575

Calling finish() at end of Run #87...

Preparing for running configuration Phase2_D20, run #88...
Scenario: $r=50, $rho=0.063025210084, $repetition=8
Assigned runID=Phase2_D20-88-20260929-11:11:31-80
Setting up network "dect2020scheduledaccess.DectScheduledAccessNetwork"...
Initializing...

Running simulation...
** Event #0   t=0   Elapsed: 2.2e-05s (0m 00s)
     Speed:     ev/sec=0   simsec/sec=0   ev/simsec=0
     Messages:  created: 2   present: 2   in FES: 2
** Event #4202001   t=11900.348242188263   Elapsed: 0.400712s (0m 00s)
     Speed:     ev/sec=1.0487e+07   simsec/sec=29699.9   ev/simsec=353.099
     Messages:  created: 2   present: 2   in FES: 1

<!> Simulation stopped with endSimulation() -- in module (ScheduledAccessQueue) DectScheduledAccessNetwork.queue (id=2), at t=11900.348242188263s, event #4202001

Calling finish() at end of Run #88...

Preparing for running configuration Phase2_D20, run #89...
Scenario: $r=50, $rho=0.063025210084, $repetition=9
Assigned runID=Phase2_D20-89-20260929-11:11:32-80
Setting up network "dect2020scheduledaccess.DectScheduledAccessNetwork"...
Initializing...

Running simulation...
** Event #0   t=0   Elapsed: 3.5e-05s (0m 00s)
     Speed:     ev/sec=0   simsec/sec=0   ev/simsec=0
     Messages:  created: 2   present: 2   in FES: 2
** Event #4199082   t=11900.004791709803   Elapsed: 0.399827s (0m 00s)
     Speed:     ev/sec=1.05033e+07   simsec/sec=29765.8   ev/simsec=352.864
     Messages:  created: 2   present: 2   in FES: 1

<!> Simulation stopped with endSimulation() -- in module (ScheduledAccessQueue) DectScheduledAccessNetwork.queue (id=2), at t=11900.004791709803s, event #4199082

Calling finish() at end of Run #89...

Run statistics: total 90, successful 90

End.
Phase-2 OMNeT++ runs completed. Results are under simulations/results/.
