run,type,module,name,attrname,attrvalue,value
Phase6_Deterministic-0-20261001-21:45:46-70,runattr,,,configname,Phase6_Deterministic,
Phase6_Deterministic-0-20261001-21:45:46-70,runattr,,,datetime,20261001-21:45:46,
Phase6_Deterministic-0-20261001-21:45:46-70,runattr,,,datetimef,20261001-214546,
Phase6_Deterministic-0-20261001-21:45:46-70,runattr,,,experiment,Phase6_Deterministic,
Phase6_Deterministic-0-20261001-21:45:46-70,runattr,,,inifile,omnetpp.ini,
Phase6_Deterministic-0-20261001-21:45:46-70,runattr,,,iterationvars,$rho=0.067796610169,
Phase6_Deterministic-0-20261001-21:45:46-70,runattr,,,iterationvarsd,rho=0.067796610169,
Phase6_Deterministic-0-20261001-21:45:46-70,runattr,,,iterationvarsf,rho=0.067796610169-,
Phase6_Deterministic-0-20261001-21:45:46-70,runattr,,,measurement,$rho=0.067796610169,
Phase6_Deterministic-0-20261001-21:45:46-70,runattr,,,network,dect2020scheduledaccess.DectScheduledAccessNetwork,
Phase6_Deterministic-0-20261001-21:45:46-70,runattr,,,processid,70,
Phase6_Deterministic-0-20261001-21:45:46-70,runattr,,,repetition,0,
Phase6_Deterministic-0-20261001-21:45:46-70,runattr,,,replication,#0,
Phase6_Deterministic-0-20261001-21:45:46-70,runattr,,,resultdir,results_phase6,
Phase6_Deterministic-0-20261001-21:45:46-70,runattr,,,runnumber,0,
Phase6_Deterministic-0-20261001-21:45:46-70,runattr,,,seedset,0,
Phase6_Deterministic-0-20261001-21:45:46-70,itervar,,,rho,0.067796610169,
Phase6_Deterministic-0-20261001-21:45:46-70,config,,,result-dir,results_phase6,
Phase6_Deterministic-0-20261001-21:45:46-70,config,,,repeat,10,
Phase6_Deterministic-0-20261001-21:45:46-70,config,,,seed-set,0,
Phase6_Deterministic-0-20261001-21:45:46-70,config,,,*.queue.D,10,
Phase6_Deterministic-0-20261001-21:45:46-70,config,,,*.queue.r,30,
Phase6_Deterministic-0-20261001-21:45:46-70,config,,,*.queue.rho,0.067796610169,
Phase6_Deterministic-0-20261001-21:45:46-70,config,,,*.queue.type1ServiceDistribution,"""deterministic""",
Phase6_Deterministic-0-20261001-21:45:46-70,config,,,*.queue.type1ServiceSCV,0,
Phase6_Deterministic-0-20261001-21:45:46-70,config,,,*.queue.recordVectors,false,
Phase6_Deterministic-0-20261001-21:45:46-70,config,,,*.queue.recordTailStatistics,true,
Phase6_Deterministic-0-20261001-21:45:46-70,config,,,*.queue.warmupCompletedPackets,200000,
Phase6_Deterministic-0-20261001-21:45:46-70,config,,,*.queue.targetCompletedPackets,1000000,
Phase6_Deterministic-0-20261001-21:45:46-70,config,,,network,dect2020scheduledaccess.DectScheduledAccessNetwork,
Phase6_Deterministic-0-20261001-21:45:46-70,config,,,cmdenv-express-mode,true,
Phase6_Deterministic-0-20261001-21:45:46-70,config,,,cmdenv-status-frequency,10s,
Phase6_Deterministic-0-20261001-21:45:46-70,config,,,result-dir,results,
Phase6_Deterministic-0-20261001-21:45:46-70,config,,,*.queue.frameDuration,10ms,
Phase6_Deterministic-0-20261001-21:45:46-70,config,,,*.queue.meanType1ServiceTime,0.4166666667ms,
Phase6_Deterministic-0-20261001-21:45:46-70,config,,,*.queue.deriveDectParametersFromD,true,
Phase6_Deterministic-0-20261001-21:45:46-70,config,,,*.queue.deriveLambdaFromRho,true,
Phase6_Deterministic-0-20261001-21:45:46-70,config,,,*.queue.warmupCompletedPackets,200000,
Phase6_Deterministic-0-20261001-21:45:46-70,config,,,*.queue.targetCompletedPackets,1000000,
Phase6_Deterministic-0-20261001-21:45:46-70,config,,,*.queue.recordVectors,false,
Phase6_Deterministic-0-20261001-21:45:46-70,config,,,*.queue.rngIndex,0,
Phase6_Deterministic-1-20261001-21:45:47-70,runattr,,,configname,Phase6_Deterministic,
Phase6_Deterministic-1-20261001-21:45:47-70,runattr,,,datetime,20261001-21:45:47,
Phase6_Deterministic-1-20261001-21:45:47-70,runattr,,,datetimef,20261001-214547,
Phase6_Deterministic-1-20261001-21:45:47-70,runattr,,,experiment,Phase6_Deterministic,
Phase6_Deterministic-1-20261001-21:45:47-70,runattr,,,inifile,omnetpp.ini,
Phase6_Deterministic-1-20261001-21:45:47-70,runattr,,,iterationvars,$rho=0.067796610169,
Phase6_Deterministic-1-20261001-21:45:47-70,runattr,,,iterationvarsd,rho=0.067796610169,
Phase6_Deterministic-1-20261001-21:45:47-70,runattr,,,iterationvarsf,rho=0.067796610169-,
Phase6_Deterministic-1-20261001-21:45:47-70,runattr,,,measurement,$rho=0.067796610169,
Phase6_Deterministic-1-20261001-21:45:47-70,runattr,,,network,dect2020scheduledaccess.DectScheduledAccessNetwork,
Phase6_Deterministic-1-20261001-21:45:47-70,runattr,,,processid,70,
Phase6_Deterministic-1-20261001-21:45:47-70,runattr,,,repetition,1,
Phase6_Deterministic-1-20261001-21:45:47-70,runattr,,,replication,#1,
Phase6_Deterministic-1-20261001-21:45:47-70,runattr,,,resultdir,results_phase6,
Phase6_Deterministic-1-20261001-21:45:47-70,runattr,,,runnumber,1,
Phase6_Deterministic-1-20261001-21:45:47-70,runattr,,,seedset,1,
Phase6_Deterministic-1-20261001-21:45:47-70,itervar,,,rho,0.067796610169,
Phase6_Deterministic-1-20261001-21:45:47-70,config,,,result-dir,results_phase6,
Phase6_Deterministic-1-20261001-21:45:47-70,config,,,repeat,10,
Phase6_Deterministic-1-20261001-21:45:47-70,config,,,seed-set,1,
Phase6_Deterministic-1-20261001-21:45:47-70,config,,,*.queue.D,10,
Phase6_Deterministic-1-20261001-21:45:47-70,config,,,*.queue.r,30,
Phase6_Deterministic-1-20261001-21:45:47-70,config,,,*.queue.rho,0.067796610169,
Phase6_Deterministic-1-20261001-21:45:47-70,config,,,*.queue.type1ServiceDistribution,"""deterministic""",
Phase6_Deterministic-1-20261001-21:45:47-70,config,,,*.queue.type1ServiceSCV,0,
Phase6_Deterministic-1-20261001-21:45:47-70,config,,,*.queue.recordVectors,false,
Phase6_Deterministic-1-20261001-21:45:47-70,config,,,*.queue.recordTailStatistics,true,
Phase6_Deterministic-1-20261001-21:45:47-70,config,,,*.queue.warmupCompletedPackets,200000,
Phase6_Deterministic-1-20261001-21:45:47-70,config,,,*.queue.targetCompletedPackets,1000000,
Phase6_Deterministic-1-20261001-21:45:47-70,config,,,network,dect2020scheduledaccess.DectScheduledAccessNetwork,
Phase6_Deterministic-1-20261001-21:45:47-70,config,,,cmdenv-express-mode,true,
Phase6_Deterministic-1-20261001-21:45:47-70,config,,,cmdenv-status-frequency,10s,
Phase6_Deterministic-1-20261001-21:45:47-70,config,,,result-dir,results,
Phase6_Deterministic-1-20261001-21:45:47-70,config,,,*.queue.frameDuration,10ms,
Phase6_Deterministic-1-20261001-21:45:47-70,config,,,*.queue.meanType1ServiceTime,0.4166666667ms,
Phase6_Deterministic-1-20261001-21:45:47-70,config,,,*.queue.deriveDectParametersFromD,true,
Phase6_Deterministic-1-20261001-21:45:47-70,config,,,*.queue.deriveLambdaFromRho,true,
Phase6_Deterministic-1-20261001-21:45:47-70,config,,,*.queue.warmupCompletedPackets,200000,
Phase6_Deterministic-1-20261001-21:45:47-70,config,,,*.queue.targetCompletedPackets,1000000,
Phase6_Deterministic-1-20261001-21:45:47-70,config,,,*.queue.recordVectors,false,
Phase6_Deterministic-1-20261001-21:45:47-70,config,,,*.queue.rngIndex,0,
Phase6_Deterministic-2-20261001-21:45:47-70,runattr,,,configname,Phase6_Deterministic,
Phase6_Deterministic-2-20261001-21:45:47-70,runattr,,,datetime,20261001-21:45:47,
Phase6_Deterministic-2-20261001-21:45:47-70,runattr,,,datetimef,20261001-214547,
Phase6_Deterministic-2-20261001-21:45:47-70,runattr,,,experiment,Phase6_Deterministic,
Phase6_Deterministic-2-20261001-21:45:47-70,runattr,,,inifile,omnetpp.ini,
Phase6_Deterministic-2-20261001-21:45:47-70,runattr,,,iterationvars,$rho=0.067796610169,
Phase6_Deterministic-2-20261001-21:45:47-70,runattr,,,iterationvarsd,rho=0.067796610169,
Phase6_Deterministic-2-20261001-21:45:47-70,runattr,,,iterationvarsf,rho=0.067796610169-,
Phase6_Deterministic-2-20261001-21:45:47-70,runattr,,,measurement,$rho=0.067796610169,
Phase6_Deterministic-2-20261001-21:45:47-70,runattr,,,network,dect2020scheduledaccess.DectScheduledAccessNetwork,
Phase6_Deterministic-2-20261001-21:45:47-70,runattr,,,processid,70,
Phase6_Deterministic-2-20261001-21:45:47-70,runattr,,,repetition,2,
Phase6_Deterministic-2-20261001-21:45:47-70,runattr,,,replication,#2,
Phase6_Deterministic-2-20261001-21:45:47-70,runattr,,,resultdir,results_phase6,
Phase6_Deterministic-2-20261001-21:45:47-70,runattr,,,runnumber,2,
Phase6_Deterministic-2-20261001-21:45:47-70,runattr,,,seedset,2,
Phase6_Deterministic-2-20261001-21:45:47-70,itervar,,,rho,0.067796610169,
Phase6_Deterministic-2-20261001-21:45:47-70,config,,,result-dir,results_phase6,
Phase6_Deterministic-2-20261001-21:45:47-70,config,,,repeat,10,
Phase6_Deterministic-2-20261001-21:45:47-70,config,,,seed-set,2,
Phase6_Deterministic-2-20261001-21:45:47-70,config,,,*.queue.D,10,
Phase6_Deterministic-2-20261001-21:45:47-70,config,,,*.queue.r,30,
Phase6_Deterministic-2-20261001-21:45:47-70,config,,,*.queue.rho,0.067796610169,
Phase6_Deterministic-2-20261001-21:45:47-70,config,,,*.queue.type1ServiceDistribution,"""deterministic""",
Phase6_Deterministic-2-20261001-21:45:47-70,config,,,*.queue.type1ServiceSCV,0,
Phase6_Deterministic-2-20261001-21:45:47-70,config,,,*.queue.recordVectors,false,
Phase6_Deterministic-2-20261001-21:45:47-70,config,,,*.queue.recordTailStatistics,true,
Phase6_Deterministic-2-20261001-21:45:47-70,config,,,*.queue.warmupCompletedPackets,200000,
Phase6_Deterministic-2-20261001-21:45:47-70,config,,,*.queue.targetCompletedPackets,1000000,
Phase6_Deterministic-2-20261001-21:45:47-70,config,,,network,dect2020scheduledaccess.DectScheduledAccessNetwork,
Phase6_Deterministic-2-20261001-21:45:47-70,config,,,cmdenv-express-mode,true,
Phase6_Deterministic-2-20261001-21:45:47-70,config,,,cmdenv-status-frequency,10s,
Phase6_Deterministic-2-20261001-21:45:47-70,config,,,result-dir,results,
Phase6_Deterministic-2-20261001-21:45:47-70,config,,,*.queue.frameDuration,10ms,
Phase6_Deterministic-2-20261001-21:45:47-70,config,,,*.queue.meanType1ServiceTime,0.4166666667ms,
Phase6_Deterministic-2-20261001-21:45:47-70,config,,,*.queue.deriveDectParametersFromD,true,
Phase6_Deterministic-2-20261001-21:45:47-70,config,,,*.queue.deriveLambdaFromRho,true,
Phase6_Deterministic-2-20261001-21:45:47-70,config,,,*.queue.warmupCompletedPackets,200000,
Phase6_Deterministic-2-20261001-21:45:47-70,config,,,*.queue.targetCompletedPackets,1000000,
Phase6_Deterministic-2-20261001-21:45:47-70,config,,,*.queue.recordVectors,false,
Phase6_Deterministic-2-20261001-21:45:47-70,config,,,*.queue.rngIndex,0,
Phase6_Deterministic-3-20261001-21:45:47-70,runattr,,,configname,Phase6_Deterministic,
Phase6_Deterministic-3-20261001-21:45:47-70,runattr,,,datetime,20261001-21:45:47,
Phase6_Deterministic-3-20261001-21:45:47-70,runattr,,,datetimef,20261001-214547,
Phase6_Deterministic-3-20261001-21:45:47-70,runattr,,,experiment,Phase6_Deterministic,
Phase6_Deterministic-3-20261001-21:45:47-70,runattr,,,inifile,omnetpp.ini,
Phase6_Deterministic-3-20261001-21:45:47-70,runattr,,,iterationvars,$rho=0.067796610169,
Phase6_Deterministic-3-20261001-21:45:47-70,runattr,,,iterationvarsd,rho=0.067796610169,
Phase6_Deterministic-3-20261001-21:45:47-70,runattr,,,iterationvarsf,rho=0.067796610169-,
Phase6_Deterministic-3-20261001-21:45:47-70,runattr,,,measurement,$rho=0.067796610169,
Phase6_Deterministic-3-20261001-21:45:47-70,runattr,,,network,dect2020scheduledaccess.DectScheduledAccessNetwork,
Phase6_Deterministic-3-20261001-21:45:47-70,runattr,,,processid,70,
Phase6_Deterministic-3-20261001-21:45:47-70,runattr,,,repetition,3,
Phase6_Deterministic-3-20261001-21:45:47-70,runattr,,,replication,#3,
Phase6_Deterministic-3-20261001-21:45:47-70,runattr,,,resultdir,results_phase6,
Phase6_Deterministic-3-20261001-21:45:47-70,runattr,,,runnumber,3,
Phase6_Deterministic-3-20261001-21:45:47-70,runattr,,,seedset,3,
Phase6_Deterministic-3-20261001-21:45:47-70,itervar,,,rho,0.067796610169,
Phase6_Deterministic-3-20261001-21:45:47-70,config,,,result-dir,results_phase6,
Phase6_Deterministic-3-20261001-21:45:47-70,config,,,repeat,10,
Phase6_Deterministic-3-20261001-21:45:47-70,config,,,seed-set,3,
Phase6_Deterministic-3-20261001-21:45:47-70,config,,,*.queue.D,10,
Phase6_Deterministic-3-20261001-21:45:47-70,config,,,*.queue.r,30,
Phase6_Deterministic-3-20261001-21:45:47-70,config,,,*.queue.rho,0.067796610169,
Phase6_Deterministic-3-20261001-21:45:47-70,config,,,*.queue.type1ServiceDistribution,"""deterministic""",
Phase6_Deterministic-3-20261001-21:45:47-70,config,,,*.queue.type1ServiceSCV,0,
Phase6_Deterministic-3-20261001-21:45:47-70,config,,,*.queue.recordVectors,false,
Phase6_Deterministic-3-20261001-21:45:47-70,config,,,*.queue.recordTailStatistics,true,
Phase6_Deterministic-3-20261001-21:45:47-70,config,,,*.queue.warmupCompletedPackets,200000,
Phase6_Deterministic-3-20261001-21:45:47-70,config,,,*.queue.targetCompletedPackets,1000000,
Phase6_Deterministic-3-20261001-21:45:47-70,config,,,network,dect2020scheduledaccess.DectScheduledAccessNetwork,
Phase6_Deterministic-3-20261001-21:45:47-70,config,,,cmdenv-express-mode,true,
Phase6_Deterministic-3-20261001-21:45:47-70,config,,,cmdenv-status-frequency,10s,
Phase6_Deterministic-3-20261001-21:45:47-70,config,,,result-dir,results,
Phase6_Deterministic-3-20261001-21:45:47-70,config,,,*.queue.frameDuration,10ms,
Phase6_Deterministic-3-20261001-21:45:47-70,config,,,*.queue.meanType1ServiceTime,0.4166666667ms,
Phase6_Deterministic-3-20261001-21:45:47-70,config,,,*.queue.deriveDectParametersFromD,true,
Phase6_Deterministic-3-20261001-21:45:47-70,config,,,*.queue.deriveLambdaFromRho,true,
Phase6_Deterministic-3-20261001-21:45:47-70,config,,,*.queue.warmupCompletedPackets,200000,
Phase6_Deterministic-3-20261001-21:45:47-70,config,,,*.queue.targetCompletedPackets,1000000,
Phase6_Deterministic-3-20261001-21:45:47-70,config,,,*.queue.recordVectors,false,
Phase6_Deterministic-3-20261001-21:45:47-70,config,,,*.queue.rngIndex,0,
Phase6_Deterministic-4-20261001-21:45:47-70,runattr,,,configname,Phase6_Deterministic,
Phase6_Deterministic-4-20261001-21:45:47-70,runattr,,,datetime,20261001-21:45:47,
Phase6_Deterministic-4-20261001-21:45:47-70,runattr,,,datetimef,20261001-214547,
Phase6_Deterministic-4-20261001-21:45:47-70,runattr,,,experiment,Phase6_Deterministic,
Phase6_Deterministic-4-20261001-21:45:47-70,runattr,,,inifile,omnetpp.ini,
Phase6_Deterministic-4-20261001-21:45:47-70,runattr,,,iterationvars,$rho=0.067796610169,
Phase6_Deterministic-4-20261001-21:45:47-70,runattr,,,iterationvarsd,rho=0.067796610169,
Phase6_Deterministic-4-20261001-21:45:47-70,runattr,,,iterationvarsf,rho=0.067796610169-,
Phase6_Deterministic-4-20261001-21:45:47-70,runattr,,,measurement,$rho=0.067796610169,
Phase6_Deterministic-4-20261001-21:45:47-70,runattr,,,network,dect2020scheduledaccess.DectScheduledAccessNetwork,
Phase6_Deterministic-4-20261001-21:45:47-70,runattr,,,processid,70,
Phase6_Deterministic-4-20261001-21:45:47-70,runattr,,,repetition,4,
Phase6_Deterministic-4-20261001-21:45:47-70,runattr,,,replication,#4,
Phase6_Deterministic-4-20261001-21:45:47-70,runattr,,,resultdir,results_phase6,
Phase6_Deterministic-4-20261001-21:45:47-70,runattr,,,runnumber,4,
Phase6_Deterministic-4-20261001-21:45:47-70,runattr,,,seedset,4,
Phase6_Deterministic-4-20261001-21:45:47-70,itervar,,,rho,0.067796610169,
Phase6_Deterministic-4-20261001-21:45:47-70,config,,,result-dir,results_phase6,
Phase6_Deterministic-4-20261001-21:45:47-70,config,,,repeat,10,
Phase6_Deterministic-4-20261001-21:45:47-70,config,,,seed-set,4,
Phase6_Deterministic-4-20261001-21:45:47-70,config,,,*.queue.D,10,
Phase6_Deterministic-4-20261001-21:45:47-70,config,,,*.queue.r,30,
Phase6_Deterministic-4-20261001-21:45:47-70,config,,,*.queue.rho,0.067796610169,
Phase6_Deterministic-4-20261001-21:45:47-70,config,,,*.queue.type1ServiceDistribution,"""deterministic""",
Phase6_Deterministic-4-20261001-21:45:47-70,config,,,*.queue.type1ServiceSCV,0,
Phase6_Deterministic-4-20261001-21:45:47-70,config,,,*.queue.recordVectors,false,
Phase6_Deterministic-4-20261001-21:45:47-70,config,,,*.queue.recordTailStatistics,true,
Phase6_Deterministic-4-20261001-21:45:47-70,config,,,*.queue.warmupCompletedPackets,200000,
Phase6_Deterministic-4-20261001-21:45:47-70,config,,,*.queue.targetCompletedPackets,1000000,
Phase6_Deterministic-4-20261001-21:45:47-70,config,,,network,dect2020scheduledaccess.DectScheduledAccessNetwork,
Phase6_Deterministic-4-20261001-21:45:47-70,config,,,cmdenv-express-mode,true,
Phase6_Deterministic-4-20261001-21:45:47-70,config,,,cmdenv-status-frequency,10s,
Phase6_Deterministic-4-20261001-21:45:47-70,config,,,result-dir,results,
Phase6_Deterministic-4-20261001-21:45:47-70,config,,,*.queue.frameDuration,10ms,
Phase6_Deterministic-4-20261001-21:45:47-70,config,,,*.queue.meanType1ServiceTime,0.4166666667ms,
Phase6_Deterministic-4-20261001-21:45:47-70,config,,,*.queue.deriveDectParametersFromD,true,
Phase6_Deterministic-4-20261001-21:45:47-70,config,,,*.queue.deriveLambdaFromRho,true,
Phase6_Deterministic-4-20261001-21:45:47-70,config,,,*.queue.warmupCompletedPackets,200000,
Phase6_Deterministic-4-20261001-21:45:47-70,config,,,*.queue.targetCompletedPackets,1000000,
Phase6_Deterministic-4-20261001-21:45:47-70,config,,,*.queue.recordVectors,false,
Phase6_Deterministic-4-20261001-21:45:47-70,config,,,*.queue.rngIndex,0,
Phase6_Deterministic-5-20261001-21:45:48-70,runattr,,,configname,Phase6_Deterministic,
Phase6_Deterministic-5-20261001-21:45:48-70,runattr,,,datetime,20261001-21:45:48,
Phase6_Deterministic-5-20261001-21:45:48-70,runattr,,,datetimef,20261001-214548,
Phase6_Deterministic-5-20261001-21:45:48-70,runattr,,,experiment,Phase6_Deterministic,
Phase6_Deterministic-5-20261001-21:45:48-70,runattr,,,inifile,omnetpp.ini,
Phase6_Deterministic-5-20261001-21:45:48-70,runattr,,,iterationvars,$rho=0.067796610169,
Phase6_Deterministic-5-20261001-21:45:48-70,runattr,,,iterationvarsd,rho=0.067796610169,
Phase6_Deterministic-5-20261001-21:45:48-70,runattr,,,iterationvarsf,rho=0.067796610169-,
Phase6_Deterministic-5-20261001-21:45:48-70,runattr,,,measurement,$rho=0.067796610169,
Phase6_Deterministic-5-20261001-21:45:48-70,runattr,,,network,dect2020scheduledaccess.DectScheduledAccessNetwork,
Phase6_Deterministic-5-20261001-21:45:48-70,runattr,,,processid,70,
Phase6_Deterministic-5-20261001-21:45:48-70,runattr,,,repetition,5,
Phase6_Deterministic-5-20261001-21:45:48-70,runattr,,,replication,#5,
Phase6_Deterministic-5-20261001-21:45:48-70,runattr,,,resultdir,results_phase6,
Phase6_Deterministic-5-20261001-21:45:48-70,runattr,,,runnumber,5,
Phase6_Deterministic-5-20261001-21:45:48-70,runattr,,,seedset,5,
Phase6_Deterministic-5-20261001-21:45:48-70,itervar,,,rho,0.067796610169,
Phase6_Deterministic-5-20261001-21:45:48-70,config,,,result-dir,results_phase6,
Phase6_Deterministic-5-20261001-21:45:48-70,config,,,repeat,10,
Phase6_Deterministic-5-20261001-21:45:48-70,config,,,seed-set,5,
Phase6_Deterministic-5-20261001-21:45:48-70,config,,,*.queue.D,10,
Phase6_Deterministic-5-20261001-21:45:48-70,config,,,*.queue.r,30,
Phase6_Deterministic-5-20261001-21:45:48-70,config,,,*.queue.rho,0.067796610169,
Phase6_Deterministic-5-20261001-21:45:48-70,config,,,*.queue.type1ServiceDistribution,"""deterministic""",
Phase6_Deterministic-5-20261001-21:45:48-70,config,,,*.queue.type1ServiceSCV,0,
Phase6_Deterministic-5-20261001-21:45:48-70,config,,,*.queue.recordVectors,false,
Phase6_Deterministic-5-20261001-21:45:48-70,config,,,*.queue.recordTailStatistics,true,
Phase6_Deterministic-5-20261001-21:45:48-70,config,,,*.queue.warmupCompletedPackets,200000,
Phase6_Deterministic-5-20261001-21:45:48-70,config,,,*.queue.targetCompletedPackets,1000000,
Phase6_Deterministic-5-20261001-21:45:48-70,config,,,network,dect2020scheduledaccess.DectScheduledAccessNetwork,
Phase6_Deterministic-5-20261001-21:45:48-70,config,,,cmdenv-express-mode,true,
Phase6_Deterministic-5-20261001-21:45:48-70,config,,,cmdenv-status-frequency,10s,
Phase6_Deterministic-5-20261001-21:45:48-70,config,,,result-dir,results,
Phase6_Deterministic-5-20261001-21:45:48-70,config,,,*.queue.frameDuration,10ms,
Phase6_Deterministic-5-20261001-21:45:48-70,config,,,*.queue.meanType1ServiceTime,0.4166666667ms,
Phase6_Deterministic-5-20261001-21:45:48-70,config,,,*.queue.deriveDectParametersFromD,true,
Phase6_Deterministic-5-20261001-21:45:48-70,config,,,*.queue.deriveLambdaFromRho,true,
Phase6_Deterministic-5-20261001-21:45:48-70,config,,,*.queue.warmupCompletedPackets,200000,
Phase6_Deterministic-5-20261001-21:45:48-70,config,,,*.queue.targetCompletedPackets,1000000,
Phase6_Deterministic-5-20261001-21:45:48-70,config,,,*.queue.recordVectors,false,
Phase6_Deterministic-5-20261001-21:45:48-70,config,,,*.queue.rngIndex,0,
Phase6_Deterministic-6-20261001-21:45:48-70,runattr,,,configname,Phase6_Deterministic,
Phase6_Deterministic-6-20261001-21:45:48-70,runattr,,,datetime,20261001-21:45:48,
Phase6_Deterministic-6-20261001-21:45:48-70,runattr,,,datetimef,20261001-214548,
Phase6_Deterministic-6-20261001-21:45:48-70,runattr,,,experiment,Phase6_Deterministic,
Phase6_Deterministic-6-20261001-21:45:48-70,runattr,,,inifile,omnetpp.ini,
Phase6_Deterministic-6-20261001-21:45:48-70,runattr,,,iterationvars,$rho=0.067796610169,
Phase6_Deterministic-6-20261001-21:45:48-70,runattr,,,iterationvarsd,rho=0.067796610169,
Phase6_Deterministic-6-20261001-21:45:48-70,runattr,,,iterationvarsf,rho=0.067796610169-,
Phase6_Deterministic-6-20261001-21:45:48-70,runattr,,,measurement,$rho=0.067796610169,
Phase6_Deterministic-6-20261001-21:45:48-70,runattr,,,network,dect2020scheduledaccess.DectScheduledAccessNetwork,
Phase6_Deterministic-6-20261001-21:45:48-70,runattr,,,processid,70,
Phase6_Deterministic-6-20261001-21:45:48-70,runattr,,,repetition,6,
Phase6_Deterministic-6-20261001-21:45:48-70,runattr,,,replication,#6,
Phase6_Deterministic-6-20261001-21:45:48-70,runattr,,,resultdir,results_phase6,
Phase6_Deterministic-6-20261001-21:45:48-70,runattr,,,runnumber,6,
Phase6_Deterministic-6-20261001-21:45:48-70,runattr,,,seedset,6,
Phase6_Deterministic-6-20261001-21:45:48-70,itervar,,,rho,0.067796610169,
Phase6_Deterministic-6-20261001-21:45:48-70,config,,,result-dir,results_phase6,
Phase6_Deterministic-6-20261001-21:45:48-70,config,,,repeat,10,
Phase6_Deterministic-6-20261001-21:45:48-70,config,,,seed-set,6,
Phase6_Deterministic-6-20261001-21:45:48-70,config,,,*.queue.D,10,
Phase6_Deterministic-6-20261001-21:45:48-70,config,,,*.queue.r,30,
Phase6_Deterministic-6-20261001-21:45:48-70,config,,,*.queue.rho,0.067796610169,
Phase6_Deterministic-6-20261001-21:45:48-70,config,,,*.queue.type1ServiceDistribution,"""deterministic""",
Phase6_Deterministic-6-20261001-21:45:48-70,config,,,*.queue.type1ServiceSCV,0,
Phase6_Deterministic-6-20261001-21:45:48-70,config,,,*.queue.recordVectors,false,
Phase6_Deterministic-6-20261001-21:45:48-70,config,,,*.queue.recordTailStatistics,true,
Phase6_Deterministic-6-20261001-21:45:48-70,config,,,*.queue.warmupCompletedPackets,200000,
Phase6_Deterministic-6-20261001-21:45:48-70,config,,,*.queue.targetCompletedPackets,1000000,
Phase6_Deterministic-6-20261001-21:45:48-70,config,,,network,dect2020scheduledaccess.DectScheduledAccessNetwork,
Phase6_Deterministic-6-20261001-21:45:48-70,config,,,cmdenv-express-mode,true,
Phase6_Deterministic-6-20261001-21:45:48-70,config,,,cmdenv-status-frequency,10s,
Phase6_Deterministic-6-20261001-21:45:48-70,config,,,result-dir,results,
Phase6_Deterministic-6-20261001-21:45:48-70,config,,,*.queue.frameDuration,10ms,
Phase6_Deterministic-6-20261001-21:45:48-70,config,,,*.queue.meanType1ServiceTime,0.4166666667ms,
Phase6_Deterministic-6-20261001-21:45:48-70,config,,,*.queue.deriveDectParametersFromD,true,
Phase6_Deterministic-6-20261001-21:45:48-70,config,,,*.queue.deriveLambdaFromRho,true,
Phase6_Deterministic-6-20261001-21:45:48-70,config,,,*.queue.warmupCompletedPackets,200000,
Phase6_Deterministic-6-20261001-21:45:48-70,config,,,*.queue.targetCompletedPackets,1000000,
Phase6_Deterministic-6-20261001-21:45:48-70,config,,,*.queue.recordVectors,false,
Phase6_Deterministic-6-20261001-21:45:48-70,config,,,*.queue.rngIndex,0,
Phase6_Deterministic-7-20261001-21:45:48-70,runattr,,,configname,Phase6_Deterministic,
Phase6_Deterministic-7-20261001-21:45:48-70,runattr,,,datetime,20261001-21:45:48,
Phase6_Deterministic-7-20261001-21:45:48-70,runattr,,,datetimef,20261001-214548,
Phase6_Deterministic-7-20261001-21:45:48-70,runattr,,,experiment,Phase6_Deterministic,
Phase6_Deterministic-7-20261001-21:45:48-70,runattr,,,inifile,omnetpp.ini,
Phase6_Deterministic-7-20261001-21:45:48-70,runattr,,,iterationvars,$rho=0.067796610169,
Phase6_Deterministic-7-20261001-21:45:48-70,runattr,,,iterationvarsd,rho=0.067796610169,
Phase6_Deterministic-7-20261001-21:45:48-70,runattr,,,iterationvarsf,rho=0.067796610169-,
Phase6_Deterministic-7-20261001-21:45:48-70,runattr,,,measurement,$rho=0.067796610169,
Phase6_Deterministic-7-20261001-21:45:48-70,runattr,,,network,dect2020scheduledaccess.DectScheduledAccessNetwork,
Phase6_Deterministic-7-20261001-21:45:48-70,runattr,,,processid,70,
Phase6_Deterministic-7-20261001-21:45:48-70,runattr,,,repetition,7,
Phase6_Deterministic-7-20261001-21:45:48-70,runattr,,,replication,#7,
Phase6_Deterministic-7-20261001-21:45:48-70,runattr,,,resultdir,results_phase6,
Phase6_Deterministic-7-20261001-21:45:48-70,runattr,,,runnumber,7,
Phase6_Deterministic-7-20261001-21:45:48-70,runattr,,,seedset,7,
Phase6_Deterministic-7-20261001-21:45:48-70,itervar,,,rho,0.067796610169,
Phase6_Deterministic-7-20261001-21:45:48-70,config,,,result-dir,results_phase6,
Phase6_Deterministic-7-20261001-21:45:48-70,config,,,repeat,10,
Phase6_Deterministic-7-20261001-21:45:48-70,config,,,seed-set,7,
Phase6_Deterministic-7-20261001-21:45:48-70,config,,,*.queue.D,10,
Phase6_Deterministic-7-20261001-21:45:48-70,config,,,*.queue.r,30,
Phase6_Deterministic-7-20261001-21:45:48-70,config,,,*.queue.rho,0.067796610169,
Phase6_Deterministic-7-20261001-21:45:48-70,config,,,*.queue.type1ServiceDistribution,"""deterministic""",
Phase6_Deterministic-7-20261001-21:45:48-70,config,,,*.queue.type1ServiceSCV,0,
Phase6_Deterministic-7-20261001-21:45:48-70,config,,,*.queue.recordVectors,false,
Phase6_Deterministic-7-20261001-21:45:48-70,config,,,*.queue.recordTailStatistics,true,
Phase6_Deterministic-7-20261001-21:45:48-70,config,,,*.queue.warmupCompletedPackets,200000,
Phase6_Deterministic-7-20261001-21:45:48-70,config,,,*.queue.targetCompletedPackets,1000000,
Phase6_Deterministic-7-20261001-21:45:48-70,config,,,network,dect2020scheduledaccess.DectScheduledAccessNetwork,
Phase6_Deterministic-7-20261001-21:45:48-70,config,,,cmdenv-express-mode,true,
Phase6_Deterministic-7-20261001-21:45:48-70,config,,,cmdenv-status-frequency,10s,
Phase6_Deterministic-7-20261001-21:45:48-70,config,,,result-dir,results,
Phase6_Deterministic-7-20261001-21:45:48-70,config,,,*.queue.frameDuration,10ms,
Phase6_Deterministic-7-20261001-21:45:48-70,config,,,*.queue.meanType1ServiceTime,0.4166666667ms,
Phase6_Deterministic-7-20261001-21:45:48-70,config,,,*.queue.deriveDectParametersFromD,true,
Phase6_Deterministic-7-20261001-21:45:48-70,config,,,*.queue.deriveLambdaFromRho,true,
Phase6_Deterministic-7-20261001-21:45:48-70,config,,,*.queue.warmupCompletedPackets,200000,
Phase6_Deterministic-7-20261001-21:45:48-70,config,,,*.queue.targetCompletedPackets,1000000,
Phase6_Deterministic-7-20261001-21:45:48-70,config,,,*.queue.recordVectors,false,
Phase6_Deterministic-7-20261001-21:45:48-70,config,,,*.queue.rngIndex,0,
Phase6_Deterministic-8-20261001-21:45:48-70,runattr,,,configname,Phase6_Deterministic,
Phase6_Deterministic-8-20261001-21:45:48-70,runattr,,,datetime,20261001-21:45:48,
Phase6_Deterministic-8-20261001-21:45:48-70,runattr,,,datetimef,20261001-214548,
Phase6_Deterministic-8-20261001-21:45:48-70,runattr,,,experiment,Phase6_Deterministic,
Phase6_Deterministic-8-20261001-21:45:48-70,runattr,,,inifile,omnetpp.ini,
Phase6_Deterministic-8-20261001-21:45:48-70,runattr,,,iterationvars,$rho=0.067796610169,
Phase6_Deterministic-8-20261001-21:45:48-70,runattr,,,iterationvarsd,rho=0.067796610169,
Phase6_Deterministic-8-20261001-21:45:48-70,runattr,,,iterationvarsf,rho=0.067796610169-,
Phase6_Deterministic-8-20261001-21:45:48-70,runattr,,,measurement,$rho=0.067796610169,
Phase6_Deterministic-8-20261001-21:45:48-70,runattr,,,network,dect2020scheduledaccess.DectScheduledAccessNetwork,
Phase6_Deterministic-8-20261001-21:45:48-70,runattr,,,processid,70,
Phase6_Deterministic-8-20261001-21:45:48-70,runattr,,,repetition,8,
Phase6_Deterministic-8-20261001-21:45:48-70,runattr,,,replication,#8,
Phase6_Deterministic-8-20261001-21:45:48-70,runattr,,,resultdir,results_phase6,
Phase6_Deterministic-8-20261001-21:45:48-70,runattr,,,runnumber,8,
Phase6_Deterministic-8-20261001-21:45:48-70,runattr,,,seedset,8,
Phase6_Deterministic-8-20261001-21:45:48-70,itervar,,,rho,0.067796610169,
Phase6_Deterministic-8-20261001-21:45:48-70,config,,,result-dir,results_phase6,
Phase6_Deterministic-8-20261001-21:45:48-70,config,,,repeat,10,
Phase6_Deterministic-8-20261001-21:45:48-70,config,,,seed-set,8,
Phase6_Deterministic-8-20261001-21:45:48-70,config,,,*.queue.D,10,
Phase6_Deterministic-8-20261001-21:45:48-70,config,,,*.queue.r,30,
Phase6_Deterministic-8-20261001-21:45:48-70,config,,,*.queue.rho,0.067796610169,
Phase6_Deterministic-8-20261001-21:45:48-70,config,,,*.queue.type1ServiceDistribution,"""deterministic""",
Phase6_Deterministic-8-20261001-21:45:48-70,config,,,*.queue.type1ServiceSCV,0,
Phase6_Deterministic-8-20261001-21:45:48-70,config,,,*.queue.recordVectors,false,
Phase6_Deterministic-8-20261001-21:45:48-70,config,,,*.queue.recordTailStatistics,true,
Phase6_Deterministic-8-20261001-21:45:48-70,config,,,*.queue.warmupCompletedPackets,200000,
Phase6_Deterministic-8-20261001-21:45:48-70,config,,,*.queue.targetCompletedPackets,1000000,
Phase6_Deterministic-8-20261001-21:45:48-70,config,,,network,dect2020scheduledaccess.DectScheduledAccessNetwork,
Phase6_Deterministic-8-20261001-21:45:48-70,config,,,cmdenv-express-mode,true,
Phase6_Deterministic-8-20261001-21:45:48-70,config,,,cmdenv-status-frequency,10s,
Phase6_Deterministic-8-20261001-21:45:48-70,config,,,result-dir,results,
Phase6_Deterministic-8-20261001-21:45:48-70,config,,,*.queue.frameDuration,10ms,
Phase6_Deterministic-8-20261001-21:45:48-70,config,,,*.queue.meanType1ServiceTime,0.4166666667ms,
Phase6_Deterministic-8-20261001-21:45:48-70,config,,,*.queue.deriveDectParametersFromD,true,
Phase6_Deterministic-8-20261001-21:45:48-70,config,,,*.queue.deriveLambdaFromRho,true,
Phase6_Deterministic-8-20261001-21:45:48-70,config,,,*.queue.warmupCompletedPackets,200000,
Phase6_Deterministic-8-20261001-21:45:48-70,config,,,*.queue.targetCompletedPackets,1000000,
Phase6_Deterministic-8-20261001-21:45:48-70,config,,,*.queue.recordVectors,false,
Phase6_Deterministic-8-20261001-21:45:48-70,config,,,*.queue.rngIndex,0,
Phase6_Deterministic-9-20261001-21:45:49-70,runattr,,,configname,Phase6_Deterministic,
Phase6_Deterministic-9-20261001-21:45:49-70,runattr,,,datetime,20261001-21:45:49,
Phase6_Deterministic-9-20261001-21:45:49-70,runattr,,,datetimef,20261001-214549,
Phase6_Deterministic-9-20261001-21:45:49-70,runattr,,,experiment,Phase6_Deterministic,
Phase6_Deterministic-9-20261001-21:45:49-70,runattr,,,inifile,omnetpp.ini,
Phase6_Deterministic-9-20261001-21:45:49-70,runattr,,,iterationvars,$rho=0.067796610169,
Phase6_Deterministic-9-20261001-21:45:49-70,runattr,,,iterationvarsd,rho=0.067796610169,
Phase6_Deterministic-9-20261001-21:45:49-70,runattr,,,iterationvarsf,rho=0.067796610169-,
Phase6_Deterministic-9-20261001-21:45:49-70,runattr,,,measurement,$rho=0.067796610169,
Phase6_Deterministic-9-20261001-21:45:49-70,runattr,,,network,dect2020scheduledaccess.DectScheduledAccessNetwork,
Phase6_Deterministic-9-20261001-21:45:49-70,runattr,,,processid,70,
Phase6_Deterministic-9-20261001-21:45:49-70,runattr,,,repetition,9,
Phase6_Deterministic-9-20261001-21:45:49-70,runattr,,,replication,#9,
Phase6_Deterministic-9-20261001-21:45:49-70,runattr,,,resultdir,results_phase6,
Phase6_Deterministic-9-20261001-21:45:49-70,runattr,,,runnumber,9,
Phase6_Deterministic-9-20261001-21:45:49-70,runattr,,,seedset,9,
Phase6_Deterministic-9-20261001-21:45:49-70,itervar,,,rho,0.067796610169,
Phase6_Deterministic-9-20261001-21:45:49-70,config,,,result-dir,results_phase6,
Phase6_Deterministic-9-20261001-21:45:49-70,config,,,repeat,10,
Phase6_Deterministic-9-20261001-21:45:49-70,config,,,seed-set,9,
Phase6_Deterministic-9-20261001-21:45:49-70,config,,,*.queue.D,10,
Phase6_Deterministic-9-20261001-21:45:49-70,config,,,*.queue.r,30,
Phase6_Deterministic-9-20261001-21:45:49-70,config,,,*.queue.rho,0.067796610169,
Phase6_Deterministic-9-20261001-21:45:49-70,config,,,*.queue.type1ServiceDistribution,"""deterministic""",
Phase6_Deterministic-9-20261001-21:45:49-70,config,,,*.queue.type1ServiceSCV,0,
Phase6_Deterministic-9-20261001-21:45:49-70,config,,,*.queue.recordVectors,false,
Phase6_Deterministic-9-20261001-21:45:49-70,config,,,*.queue.recordTailStatistics,true,
Phase6_Deterministic-9-20261001-21:45:49-70,config,,,*.queue.warmupCompletedPackets,200000,
Phase6_Deterministic-9-20261001-21:45:49-70,config,,,*.queue.targetCompletedPackets,1000000,
Phase6_Deterministic-9-20261001-21:45:49-70,config,,,network,dect2020scheduledaccess.DectScheduledAccessNetwork,
Phase6_Deterministic-9-20261001-21:45:49-70,config,,,cmdenv-express-mode,true,
Phase6_Deterministic-9-20261001-21:45:49-70,config,,,cmdenv-status-frequency,10s,
Phase6_Deterministic-9-20261001-21:45:49-70,config,,,result-dir,results,
Phase6_Deterministic-9-20261001-21:45:49-70,config,,,*.queue.frameDuration,10ms,
Phase6_Deterministic-9-20261001-21:45:49-70,config,,,*.queue.meanType1ServiceTime,0.4166666667ms,
Phase6_Deterministic-9-20261001-21:45:49-70,config,,,*.queue.deriveDectParametersFromD,true,
Phase6_Deterministic-9-20261001-21:45:49-70,config,,,*.queue.deriveLambdaFromRho,true,
Phase6_Deterministic-9-20261001-21:45:49-70,config,,,*.queue.warmupCompletedPackets,200000,
Phase6_Deterministic-9-20261001-21:45:49-70,config,,,*.queue.targetCompletedPackets,1000000,
Phase6_Deterministic-9-20261001-21:45:49-70,config,,,*.queue.recordVectors,false,
Phase6_Deterministic-9-20261001-21:45:49-70,config,,,*.queue.rngIndex,0,
Phase6_Deterministic-10-20261001-21:45:49-70,runattr,,,configname,Phase6_Deterministic,
Phase6_Deterministic-10-20261001-21:45:49-70,runattr,,,datetime,20261001-21:45:49,
Phase6_Deterministic-10-20261001-21:45:49-70,runattr,,,datetimef,20261001-214549,
Phase6_Deterministic-10-20261001-21:45:49-70,runattr,,,experiment,Phase6_Deterministic,
Phase6_Deterministic-10-20261001-21:45:49-70,runattr,,,inifile,omnetpp.ini,
Phase6_Deterministic-10-20261001-21:45:49-70,runattr,,,iterationvars,$rho=0.084745762712,
Phase6_Deterministic-10-20261001-21:45:49-70,runattr,,,iterationvarsd,rho=0.084745762712,
Phase6_Deterministic-10-20261001-21:45:49-70,runattr,,,iterationvarsf,rho=0.084745762712-,
Phase6_Deterministic-10-20261001-21:45:49-70,runattr,,,measurement,$rho=0.084745762712,
Phase6_Deterministic-10-20261001-21:45:49-70,runattr,,,network,dect2020scheduledaccess.DectScheduledAccessNetwork,
Phase6_Deterministic-10-20261001-21:45:49-70,runattr,,,processid,70,
Phase6_Deterministic-10-20261001-21:45:49-70,runattr,,,repetition,0,
Phase6_Deterministic-10-20261001-21:45:49-70,runattr,,,replication,#0,
Phase6_Deterministic-10-20261001-21:45:49-70,runattr,,,resultdir,results_phase6,
Phase6_Deterministic-10-20261001-21:45:49-70,runattr,,,runnumber,10,
Phase6_Deterministic-10-20261001-21:45:49-70,runattr,,,seedset,0,
Phase6_Deterministic-10-20261001-21:45:49-70,itervar,,,rho,0.084745762712,
Phase6_Deterministic-10-20261001-21:45:49-70,config,,,result-dir,results_phase6,
Phase6_Deterministic-10-20261001-21:45:49-70,config,,,repeat,10,
Phase6_Deterministic-10-20261001-21:45:49-70,config,,,seed-set,0,
Phase6_Deterministic-10-20261001-21:45:49-70,config,,,*.queue.D,10,
Phase6_Deterministic-10-20261001-21:45:49-70,config,,,*.queue.r,30,
Phase6_Deterministic-10-20261001-21:45:49-70,config,,,*.queue.rho,0.084745762712,
Phase6_Deterministic-10-20261001-21:45:49-70,config,,,*.queue.type1ServiceDistribution,"""deterministic""",
Phase6_Deterministic-10-20261001-21:45:49-70,config,,,*.queue.type1ServiceSCV,0,
Phase6_Deterministic-10-20261001-21:45:49-70,config,,,*.queue.recordVectors,false,
Phase6_Deterministic-10-20261001-21:45:49-70,config,,,*.queue.recordTailStatistics,true,
Phase6_Deterministic-10-20261001-21:45:49-70,config,,,*.queue.warmupCompletedPackets,200000,
Phase6_Deterministic-10-20261001-21:45:49-70,config,,,*.queue.targetCompletedPackets,1000000,
Phase6_Deterministic-10-20261001-21:45:49-70,config,,,network,dect2020scheduledaccess.DectScheduledAccessNetwork,
Phase6_Deterministic-10-20261001-21:45:49-70,config,,,cmdenv-express-mode,true,
Phase6_Deterministic-10-20261001-21:45:49-70,config,,,cmdenv-status-frequency,10s,
Phase6_Deterministic-10-20261001-21:45:49-70,config,,,result-dir,results,
Phase6_Deterministic-10-20261001-21:45:49-70,config,,,*.queue.frameDuration,10ms,
Phase6_Deterministic-10-20261001-21:45:49-70,config,,,*.queue.meanType1ServiceTime,0.4166666667ms,
Phase6_Deterministic-10-20261001-21:45:49-70,config,,,*.queue.deriveDectParametersFromD,true,
Phase6_Deterministic-10-20261001-21:45:49-70,config,,,*.queue.deriveLambdaFromRho,true,
Phase6_Deterministic-10-20261001-21:45:49-70,config,,,*.queue.warmupCompletedPackets,200000,
Phase6_Deterministic-10-20261001-21:45:49-70,config,,,*.queue.targetCompletedPackets,1000000,
Phase6_Deterministic-10-20261001-21:45:49-70,config,,,*.queue.recordVectors,false,
Phase6_Deterministic-10-20261001-21:45:49-70,config,,,*.queue.rngIndex,0,
Phase6_Deterministic-11-20261001-21:45:49-70,runattr,,,configname,Phase6_Deterministic,
Phase6_Deterministic-11-20261001-21:45:49-70,runattr,,,datetime,20261001-21:45:49,
Phase6_Deterministic-11-20261001-21:45:49-70,runattr,,,datetimef,20261001-214549,
Phase6_Deterministic-11-20261001-21:45:49-70,runattr,,,experiment,Phase6_Deterministic,
Phase6_Deterministic-11-20261001-21:45:49-70,runattr,,,inifile,omnetpp.ini,
Phase6_Deterministic-11-20261001-21:45:49-70,runattr,,,iterationvars,$rho=0.084745762712,
Phase6_Deterministic-11-20261001-21:45:49-70,runattr,,,iterationvarsd,rho=0.084745762712,
Phase6_Deterministic-11-20261001-21:45:49-70,runattr,,,iterationvarsf,rho=0.084745762712-,
Phase6_Deterministic-11-20261001-21:45:49-70,runattr,,,measurement,$rho=0.084745762712,
Phase6_Deterministic-11-20261001-21:45:49-70,runattr,,,network,dect2020scheduledaccess.DectScheduledAccessNetwork,
Phase6_Deterministic-11-20261001-21:45:49-70,runattr,,,processid,70,
Phase6_Deterministic-11-20261001-21:45:49-70,runattr,,,repetition,1,
Phase6_Deterministic-11-20261001-21:45:49-70,runattr,,,replication,#1,
Phase6_Deterministic-11-20261001-21:45:49-70,runattr,,,resultdir,results_phase6,
Phase6_Deterministic-11-20261001-21:45:49-70,runattr,,,runnumber,11,
Phase6_Deterministic-11-20261001-21:45:49-70,runattr,,,seedset,1,
Phase6_Deterministic-11-20261001-21:45:49-70,itervar,,,rho,0.084745762712,
Phase6_Deterministic-11-20261001-21:45:49-70,config,,,result-dir,results_phase6,
Phase6_Deterministic-11-20261001-21:45:49-70,config,,,repeat,10,
Phase6_Deterministic-11-20261001-21:45:49-70,config,,,seed-set,1,
Phase6_Deterministic-11-20261001-21:45:49-70,config,,,*.queue.D,10,
Phase6_Deterministic-11-20261001-21:45:49-70,config,,,*.queue.r,30,
Phase6_Deterministic-11-20261001-21:45:49-70,config,,,*.queue.rho,0.084745762712,
Phase6_Deterministic-11-20261001-21:45:49-70,config,,,*.queue.type1ServiceDistribution,"""deterministic""",
Phase6_Deterministic-11-20261001-21:45:49-70,config,,,*.queue.type1ServiceSCV,0,
Phase6_Deterministic-11-20261001-21:45:49-70,config,,,*.queue.recordVectors,false,
Phase6_Deterministic-11-20261001-21:45:49-70,config,,,*.queue.recordTailStatistics,true,
Phase6_Deterministic-11-20261001-21:45:49-70,config,,,*.queue.warmupCompletedPackets,200000,
Phase6_Deterministic-11-20261001-21:45:49-70,config,,,*.queue.targetCompletedPackets,1000000,
Phase6_Deterministic-11-20261001-21:45:49-70,config,,,network,dect2020scheduledaccess.DectScheduledAccessNetwork,
Phase6_Deterministic-11-20261001-21:45:49-70,config,,,cmdenv-express-mode,true,
Phase6_Deterministic-11-20261001-21:45:49-70,config,,,cmdenv-status-frequency,10s,
Phase6_Deterministic-11-20261001-21:45:49-70,config,,,result-dir,results,
Phase6_Deterministic-11-20261001-21:45:49-70,config,,,*.queue.frameDuration,10ms,
Phase6_Deterministic-11-20261001-21:45:49-70,config,,,*.queue.meanType1ServiceTime,0.4166666667ms,
Phase6_Deterministic-11-20261001-21:45:49-70,config,,,*.queue.deriveDectParametersFromD,true,
Phase6_Deterministic-11-20261001-21:45:49-70,config,,,*.queue.deriveLambdaFromRho,true,
Phase6_Deterministic-11-20261001-21:45:49-70,config,,,*.queue.warmupCompletedPackets,200000,
Phase6_Deterministic-11-20261001-21:45:49-70,config,,,*.queue.targetCompletedPackets,1000000,
Phase6_Deterministic-11-20261001-21:45:49-70,config,,,*.queue.recordVectors,false,
Phase6_Deterministic-11-20261001-21:45:49-70,config,,,*.queue.rngIndex,0,
Phase6_Deterministic-12-20261001-21:45:49-70,runattr,,,configname,Phase6_Deterministic,
Phase6_Deterministic-12-20261001-21:45:49-70,runattr,,,datetime,20261001-21:45:49,
Phase6_Deterministic-12-20261001-21:45:49-70,runattr,,,datetimef,20261001-214549,
Phase6_Deterministic-12-20261001-21:45:49-70,runattr,,,experiment,Phase6_Deterministic,
Phase6_Deterministic-12-20261001-21:45:49-70,runattr,,,inifile,omnetpp.ini,
Phase6_Deterministic-12-20261001-21:45:49-70,runattr,,,iterationvars,$rho=0.084745762712,
Phase6_Deterministic-12-20261001-21:45:49-70,runattr,,,iterationvarsd,rho=0.084745762712,
Phase6_Deterministic-12-20261001-21:45:49-70,runattr,,,iterationvarsf,rho=0.084745762712-,
Phase6_Deterministic-12-20261001-21:45:49-70,runattr,,,measurement,$rho=0.084745762712,
Phase6_Deterministic-12-20261001-21:45:49-70,runattr,,,network,dect2020scheduledaccess.DectScheduledAccessNetwork,
Phase6_Deterministic-12-20261001-21:45:49-70,runattr,,,processid,70,
Phase6_Deterministic-12-20261001-21:45:49-70,runattr,,,repetition,2,
Phase6_Deterministic-12-20261001-21:45:49-70,runattr,,,replication,#2,
Phase6_Deterministic-12-20261001-21:45:49-70,runattr,,,resultdir,results_phase6,
Phase6_Deterministic-12-20261001-21:45:49-70,runattr,,,runnumber,12,
Phase6_Deterministic-12-20261001-21:45:49-70,runattr,,,seedset,2,
Phase6_Deterministic-12-20261001-21:45:49-70,itervar,,,rho,0.084745762712,
Phase6_Deterministic-12-20261001-21:45:49-70,config,,,result-dir,results_phase6,
Phase6_Deterministic-12-20261001-21:45:49-70,config,,,repeat,10,
Phase6_Deterministic-12-20261001-21:45:49-70,config,,,seed-set,2,
Phase6_Deterministic-12-20261001-21:45:49-70,config,,,*.queue.D,10,
Phase6_Deterministic-12-20261001-21:45:49-70,config,,,*.queue.r,30,
Phase6_Deterministic-12-20261001-21:45:49-70,config,,,*.queue.rho,0.084745762712,
Phase6_Deterministic-12-20261001-21:45:49-70,config,,,*.queue.type1ServiceDistribution,"""deterministic""",
Phase6_Deterministic-12-20261001-21:45:49-70,config,,,*.queue.type1ServiceSCV,0,
Phase6_Deterministic-12-20261001-21:45:49-70,config,,,*.queue.recordVectors,false,
Phase6_Deterministic-12-20261001-21:45:49-70,config,,,*.queue.recordTailStatistics,true,
Phase6_Deterministic-12-20261001-21:45:49-70,config,,,*.queue.warmupCompletedPackets,200000,
Phase6_Deterministic-12-20261001-21:45:49-70,config,,,*.queue.targetCompletedPackets,1000000,
Phase6_Deterministic-12-20261001-21:45:49-70,config,,,network,dect2020scheduledaccess.DectScheduledAccessNetwork,
Phase6_Deterministic-12-20261001-21:45:49-70,config,,,cmdenv-express-mode,true,
Phase6_Deterministic-12-20261001-21:45:49-70,config,,,cmdenv-status-frequency,10s,
Phase6_Deterministic-12-20261001-21:45:49-70,config,,,result-dir,results,
Phase6_Deterministic-12-20261001-21:45:49-70,config,,,*.queue.frameDuration,10ms,
Phase6_Deterministic-12-20261001-21:45:49-70,config,,,*.queue.meanType1ServiceTime,0.4166666667ms,
Phase6_Deterministic-12-20261001-21:45:49-70,config,,,*.queue.deriveDectParametersFromD,true,
Phase6_Deterministic-12-20261001-21:45:49-70,config,,,*.queue.deriveLambdaFromRho,true,
Phase6_Deterministic-12-20261001-21:45:49-70,config,,,*.queue.warmupCompletedPackets,200000,
Phase6_Deterministic-12-20261001-21:45:49-70,config,,,*.queue.targetCompletedPackets,1000000,
Phase6_Deterministic-12-20261001-21:45:49-70,config,,,*.queue.recordVectors,false,
Phase6_Deterministic-12-20261001-21:45:49-70,config,,,*.queue.rngIndex,0,
Phase6_Deterministic-13-20261001-21:45:50-70,runattr,,,configname,Phase6_Deterministic,
Phase6_Deterministic-13-20261001-21:45:50-70,runattr,,,datetime,20261001-21:45:50,
Phase6_Deterministic-13-20261001-21:45:50-70,runattr,,,datetimef,20261001-214550,
Phase6_Deterministic-13-20261001-21:45:50-70,runattr,,,experiment,Phase6_Deterministic,
Phase6_Deterministic-13-20261001-21:45:50-70,runattr,,,inifile,omnetpp.ini,
Phase6_Deterministic-13-20261001-21:45:50-70,runattr,,,iterationvars,$rho=0.084745762712,
Phase6_Deterministic-13-20261001-21:45:50-70,runattr,,,iterationvarsd,rho=0.084745762712,
Phase6_Deterministic-13-20261001-21:45:50-70,runattr,,,iterationvarsf,rho=0.084745762712-,
Phase6_Deterministic-13-20261001-21:45:50-70,runattr,,,measurement,$rho=0.084745762712,
Phase6_Deterministic-13-20261001-21:45:50-70,runattr,,,network,dect2020scheduledaccess.DectScheduledAccessNetwork,
Phase6_Deterministic-13-20261001-21:45:50-70,runattr,,,processid,70,
Phase6_Deterministic-13-20261001-21:45:50-70,runattr,,,repetition,3,
Phase6_Deterministic-13-20261001-21:45:50-70,runattr,,,replication,#3,
Phase6_Deterministic-13-20261001-21:45:50-70,runattr,,,resultdir,results_phase6,
Phase6_Deterministic-13-20261001-21:45:50-70,runattr,,,runnumber,13,
Phase6_Deterministic-13-20261001-21:45:50-70,runattr,,,seedset,3,
Phase6_Deterministic-13-20261001-21:45:50-70,itervar,,,rho,0.084745762712,
Phase6_Deterministic-13-20261001-21:45:50-70,config,,,result-dir,results_phase6,
Phase6_Deterministic-13-20261001-21:45:50-70,config,,,repeat,10,
Phase6_Deterministic-13-20261001-21:45:50-70,config,,,seed-set,3,
Phase6_Deterministic-13-20261001-21:45:50-70,config,,,*.queue.D,10,
Phase6_Deterministic-13-20261001-21:45:50-70,config,,,*.queue.r,30,
Phase6_Deterministic-13-20261001-21:45:50-70,config,,,*.queue.rho,0.084745762712,
Phase6_Deterministic-13-20261001-21:45:50-70,config,,,*.queue.type1ServiceDistribution,"""deterministic""",
Phase6_Deterministic-13-20261001-21:45:50-70,config,,,*.queue.type1ServiceSCV,0,
Phase6_Deterministic-13-20261001-21:45:50-70,config,,,*.queue.recordVectors,false,
Phase6_Deterministic-13-20261001-21:45:50-70,config,,,*.queue.recordTailStatistics,true,
Phase6_Deterministic-13-20261001-21:45:50-70,config,,,*.queue.warmupCompletedPackets,200000,
Phase6_Deterministic-13-20261001-21:45:50-70,config,,,*.queue.targetCompletedPackets,1000000,
Phase6_Deterministic-13-20261001-21:45:50-70,config,,,network,dect2020scheduledaccess.DectScheduledAccessNetwork,
Phase6_Deterministic-13-20261001-21:45:50-70,config,,,cmdenv-express-mode,true,
Phase6_Deterministic-13-20261001-21:45:50-70,config,,,cmdenv-status-frequency,10s,
Phase6_Deterministic-13-20261001-21:45:50-70,config,,,result-dir,results,
Phase6_Deterministic-13-20261001-21:45:50-70,config,,,*.queue.frameDuration,10ms,
Phase6_Deterministic-13-20261001-21:45:50-70,config,,,*.queue.meanType1ServiceTime,0.4166666667ms,
Phase6_Deterministic-13-20261001-21:45:50-70,config,,,*.queue.deriveDectParametersFromD,true,
Phase6_Deterministic-13-20261001-21:45:50-70,config,,,*.queue.deriveLambdaFromRho,true,
Phase6_Deterministic-13-20261001-21:45:50-70,config,,,*.queue.warmupCompletedPackets,200000,
Phase6_Deterministic-13-20261001-21:45:50-70,config,,,*.queue.targetCompletedPackets,1000000,
Phase6_Deterministic-13-20261001-21:45:50-70,config,,,*.queue.recordVectors,false,
Phase6_Deterministic-13-20261001-21:45:50-70,config,,,*.queue.rngIndex,0,
Phase6_Deterministic-14-20261001-21:45:50-70,runattr,,,configname,Phase6_Deterministic,
Phase6_Deterministic-14-20261001-21:45:50-70,runattr,,,datetime,20261001-21:45:50,
Phase6_Deterministic-14-20261001-21:45:50-70,runattr,,,datetimef,20261001-214550,
Phase6_Deterministic-14-20261001-21:45:50-70,runattr,,,experiment,Phase6_Deterministic,
Phase6_Deterministic-14-20261001-21:45:50-70,runattr,,,inifile,omnetpp.ini,
Phase6_Deterministic-14-20261001-21:45:50-70,runattr,,,iterationvars,$rho=0.084745762712,
Phase6_Deterministic-14-20261001-21:45:50-70,runattr,,,iterationvarsd,rho=0.084745762712,
Phase6_Deterministic-14-20261001-21:45:50-70,runattr,,,iterationvarsf,rho=0.084745762712-,
Phase6_Deterministic-14-20261001-21:45:50-70,runattr,,,measurement,$rho=0.084745762712,
Phase6_Deterministic-14-20261001-21:45:50-70,runattr,,,network,dect2020scheduledaccess.DectScheduledAccessNetwork,
Phase6_Deterministic-14-20261001-21:45:50-70,runattr,,,processid,70,
Phase6_Deterministic-14-20261001-21:45:50-70,runattr,,,repetition,4,
Phase6_Deterministic-14-20261001-21:45:50-70,runattr,,,replication,#4,
Phase6_Deterministic-14-20261001-21:45:50-70,runattr,,,resultdir,results_phase6,
Phase6_Deterministic-14-20261001-21:45:50-70,runattr,,,runnumber,14,
Phase6_Deterministic-14-20261001-21:45:50-70,runattr,,,seedset,4,
Phase6_Deterministic-14-20261001-21:45:50-70,itervar,,,rho,0.084745762712,
Phase6_Deterministic-14-20261001-21:45:50-70,config,,,result-dir,results_phase6,
Phase6_Deterministic-14-20261001-21:45:50-70,config,,,repeat,10,
Phase6_Deterministic-14-20261001-21:45:50-70,config,,,seed-set,4,
Phase6_Deterministic-14-20261001-21:45:50-70,config,,,*.queue.D,10,
Phase6_Deterministic-14-20261001-21:45:50-70,config,,,*.queue.r,30,
Phase6_Deterministic-14-20261001-21:45:50-70,config,,,*.queue.rho,0.084745762712,
Phase6_Deterministic-14-20261001-21:45:50-70,config,,,*.queue.type1ServiceDistribution,"""deterministic""",
Phase6_Deterministic-14-20261001-21:45:50-70,config,,,*.queue.type1ServiceSCV,0,
Phase6_Deterministic-14-20261001-21:45:50-70,config,,,*.queue.recordVectors,false,
Phase6_Deterministic-14-20261001-21:45:50-70,config,,,*.queue.recordTailStatistics,true,
Phase6_Deterministic-14-20261001-21:45:50-70,config,,,*.queue.warmupCompletedPackets,200000,
Phase6_Deterministic-14-20261001-21:45:50-70,config,,,*.queue.targetCompletedPackets,1000000,
Phase6_Deterministic-14-20261001-21:45:50-70,config,,,network,dect2020scheduledaccess.DectScheduledAccessNetwork,
Phase6_Deterministic-14-20261001-21:45:50-70,config,,,cmdenv-express-mode,true,
Phase6_Deterministic-14-20261001-21:45:50-70,config,,,cmdenv-status-frequency,10s,
Phase6_Deterministic-14-20261001-21:45:50-70,config,,,result-dir,results,
Phase6_Deterministic-14-20261001-21:45:50-70,config,,,*.queue.frameDuration,10ms,
Phase6_Deterministic-14-20261001-21:45:50-70,config,,,*.queue.meanType1ServiceTime,0.4166666667ms,
Phase6_Deterministic-14-20261001-21:45:50-70,config,,,*.queue.deriveDectParametersFromD,true,
Phase6_Deterministic-14-20261001-21:45:50-70,config,,,*.queue.deriveLambdaFromRho,true,
Phase6_Deterministic-14-20261001-21:45:50-70,config,,,*.queue.warmupCompletedPackets,200000,
Phase6_Deterministic-14-20261001-21:45:50-70,config,,,*.queue.targetCompletedPackets,1000000,
Phase6_Deterministic-14-20261001-21:45:50-70,config,,,*.queue.recordVectors,false,
Phase6_Deterministic-14-20261001-21:45:50-70,config,,,*.queue.rngIndex,0,
Phase6_Deterministic-15-20261001-21:45:50-70,runattr,,,configname,Phase6_Deterministic,
Phase6_Deterministic-15-20261001-21:45:50-70,runattr,,,datetime,20261001-21:45:50,
Phase6_Deterministic-15-20261001-21:45:50-70,runattr,,,datetimef,20261001-214550,
Phase6_Deterministic-15-20261001-21:45:50-70,runattr,,,experiment,Phase6_Deterministic,
Phase6_Deterministic-15-20261001-21:45:50-70,runattr,,,inifile,omnetpp.ini,
Phase6_Deterministic-15-20261001-21:45:50-70,runattr,,,iterationvars,$rho=0.084745762712,
Phase6_Deterministic-15-20261001-21:45:50-70,runattr,,,iterationvarsd,rho=0.084745762712,
Phase6_Deterministic-15-20261001-21:45:50-70,runattr,,,iterationvarsf,rho=0.084745762712-,
Phase6_Deterministic-15-20261001-21:45:50-70,runattr,,,measurement,$rho=0.084745762712,
Phase6_Deterministic-15-20261001-21:45:50-70,runattr,,,network,dect2020scheduledaccess.DectScheduledAccessNetwork,
Phase6_Deterministic-15-20261001-21:45:50-70,runattr,,,processid,70,
Phase6_Deterministic-15-20261001-21:45:50-70,runattr,,,repetition,5,
Phase6_Deterministic-15-20261001-21:45:50-70,runattr,,,replication,#5,
Phase6_Deterministic-15-20261001-21:45:50-70,runattr,,,resultdir,results_phase6,
Phase6_Deterministic-15-20261001-21:45:50-70,runattr,,,runnumber,15,
Phase6_Deterministic-15-20261001-21:45:50-70,runattr,,,seedset,5,
Phase6_Deterministic-15-20261001-21:45:50-70,itervar,,,rho,0.084745762712,
Phase6_Deterministic-15-20261001-21:45:50-70,config,,,result-dir,results_phase6,
Phase6_Deterministic-15-20261001-21:45:50-70,config,,,repeat,10,
Phase6_Deterministic-15-20261001-21:45:50-70,config,,,seed-set,5,
Phase6_Deterministic-15-20261001-21:45:50-70,config,,,*.queue.D,10,
Phase6_Deterministic-15-20261001-21:45:50-70,config,,,*.queue.r,30,
Phase6_Deterministic-15-20261001-21:45:50-70,config,,,*.queue.rho,0.084745762712,
Phase6_Deterministic-15-20261001-21:45:50-70,config,,,*.queue.type1ServiceDistribution,"""deterministic""",
Phase6_Deterministic-15-20261001-21:45:50-70,config,,,*.queue.type1ServiceSCV,0,
Phase6_Deterministic-15-20261001-21:45:50-70,config,,,*.queue.recordVectors,false,
Phase6_Deterministic-15-20261001-21:45:50-70,config,,,*.queue.recordTailStatistics,true,
Phase6_Deterministic-15-20261001-21:45:50-70,config,,,*.queue.warmupCompletedPackets,200000,
Phase6_Deterministic-15-20261001-21:45:50-70,config,,,*.queue.targetCompletedPackets,1000000,
Phase6_Deterministic-15-20261001-21:45:50-70,config,,,network,dect2020scheduledaccess.DectScheduledAccessNetwork,
Phase6_Deterministic-15-20261001-21:45:50-70,config,,,cmdenv-express-mode,true,
Phase6_Deterministic-15-20261001-21:45:50-70,config,,,cmdenv-status-frequency,10s,
Phase6_Deterministic-15-20261001-21:45:50-70,config,,,result-dir,results,
Phase6_Deterministic-15-20261001-21:45:50-70,config,,,*.queue.frameDuration,10ms,
Phase6_Deterministic-15-20261001-21:45:50-70,config,,,*.queue.meanType1ServiceTime,0.4166666667ms,
Phase6_Deterministic-15-20261001-21:45:50-70,config,,,*.queue.deriveDectParametersFromD,true,
Phase6_Deterministic-15-20261001-21:45:50-70,config,,,*.queue.deriveLambdaFromRho,true,
Phase6_Deterministic-15-20261001-21:45:50-70,config,,,*.queue.warmupCompletedPackets,200000,
Phase6_Deterministic-15-20261001-21:45:50-70,config,,,*.queue.targetCompletedPackets,1000000,
Phase6_Deterministic-15-20261001-21:45:50-70,config,,,*.queue.recordVectors,false,
Phase6_Deterministic-15-20261001-21:45:50-70,config,,,*.queue.rngIndex,0,
Phase6_Deterministic-16-20261001-21:45:50-70,runattr,,,configname,Phase6_Deterministic,
Phase6_Deterministic-16-20261001-21:45:50-70,runattr,,,datetime,20261001-21:45:50,
Phase6_Deterministic-16-20261001-21:45:50-70,runattr,,,datetimef,20261001-214550,
Phase6_Deterministic-16-20261001-21:45:50-70,runattr,,,experiment,Phase6_Deterministic,
Phase6_Deterministic-16-20261001-21:45:50-70,runattr,,,inifile,omnetpp.ini,
Phase6_Deterministic-16-20261001-21:45:50-70,runattr,,,iterationvars,$rho=0.084745762712,
Phase6_Deterministic-16-20261001-21:45:50-70,runattr,,,iterationvarsd,rho=0.084745762712,
Phase6_Deterministic-16-20261001-21:45:50-70,runattr,,,iterationvarsf,rho=0.084745762712-,
Phase6_Deterministic-16-20261001-21:45:50-70,runattr,,,measurement,$rho=0.084745762712,
Phase6_Deterministic-16-20261001-21:45:50-70,runattr,,,network,dect2020scheduledaccess.DectScheduledAccessNetwork,
Phase6_Deterministic-16-20261001-21:45:50-70,runattr,,,processid,70,
Phase6_Deterministic-16-20261001-21:45:50-70,runattr,,,repetition,6,
Phase6_Deterministic-16-20261001-21:45:50-70,runattr,,,replication,#6,
Phase6_Deterministic-16-20261001-21:45:50-70,runattr,,,resultdir,results_phase6,
Phase6_Deterministic-16-20261001-21:45:50-70,runattr,,,runnumber,16,
Phase6_Deterministic-16-20261001-21:45:50-70,runattr,,,seedset,6,
Phase6_Deterministic-16-20261001-21:45:50-70,itervar,,,rho,0.084745762712,
Phase6_Deterministic-16-20261001-21:45:50-70,config,,,result-dir,results_phase6,
Phase6_Deterministic-16-20261001-21:45:50-70,config,,,repeat,10,
Phase6_Deterministic-16-20261001-21:45:50-70,config,,,seed-set,6,
Phase6_Deterministic-16-20261001-21:45:50-70,config,,,*.queue.D,10,
Phase6_Deterministic-16-20261001-21:45:50-70,config,,,*.queue.r,30,
Phase6_Deterministic-16-20261001-21:45:50-70,config,,,*.queue.rho,0.084745762712,
Phase6_Deterministic-16-20261001-21:45:50-70,config,,,*.queue.type1ServiceDistribution,"""deterministic""",
Phase6_Deterministic-16-20261001-21:45:50-70,config,,,*.queue.type1ServiceSCV,0,
Phase6_Deterministic-16-20261001-21:45:50-70,config,,,*.queue.recordVectors,false,
Phase6_Deterministic-16-20261001-21:45:50-70,config,,,*.queue.recordTailStatistics,true,
Phase6_Deterministic-16-20261001-21:45:50-70,config,,,*.queue.warmupCompletedPackets,200000,
Phase6_Deterministic-16-20261001-21:45:50-70,config,,,*.queue.targetCompletedPackets,1000000,
Phase6_Deterministic-16-20261001-21:45:50-70,config,,,network,dect2020scheduledaccess.DectScheduledAccessNetwork,
Phase6_Deterministic-16-20261001-21:45:50-70,config,,,cmdenv-express-mode,true,
Phase6_Deterministic-16-20261001-21:45:50-70,config,,,cmdenv-status-frequency,10s,
Phase6_Deterministic-16-20261001-21:45:50-70,config,,,result-dir,results,
Phase6_Deterministic-16-20261001-21:45:50-70,config,,,*.queue.frameDuration,10ms,
Phase6_Deterministic-16-20261001-21:45:50-70,config,,,*.queue.meanType1ServiceTime,0.4166666667ms,
Phase6_Deterministic-16-20261001-21:45:50-70,config,,,*.queue.deriveDectParametersFromD,true,
Phase6_Deterministic-16-20261001-21:45:50-70,config,,,*.queue.deriveLambdaFromRho,true,
Phase6_Deterministic-16-20261001-21:45:50-70,config,,,*.queue.warmupCompletedPackets,200000,
Phase6_Deterministic-16-20261001-21:45:50-70,config,,,*.queue.targetCompletedPackets,1000000,
Phase6_Deterministic-16-20261001-21:45:50-70,config,,,*.queue.recordVectors,false,
Phase6_Deterministic-16-20261001-21:45:50-70,config,,,*.queue.rngIndex,0,
Phase6_Deterministic-17-20261001-21:45:51-70,runattr,,,configname,Phase6_Deterministic,
Phase6_Deterministic-17-20261001-21:45:51-70,runattr,,,datetime,20261001-21:45:51,
Phase6_Deterministic-17-20261001-21:45:51-70,runattr,,,datetimef,20261001-214551,
Phase6_Deterministic-17-20261001-21:45:51-70,runattr,,,experiment,Phase6_Deterministic,
Phase6_Deterministic-17-20261001-21:45:51-70,runattr,,,inifile,omnetpp.ini,
Phase6_Deterministic-17-20261001-21:45:51-70,runattr,,,iterationvars,$rho=0.084745762712,
Phase6_Deterministic-17-20261001-21:45:51-70,runattr,,,iterationvarsd,rho=0.084745762712,
Phase6_Deterministic-17-20261001-21:45:51-70,runattr,,,iterationvarsf,rho=0.084745762712-,
Phase6_Deterministic-17-20261001-21:45:51-70,runattr,,,measurement,$rho=0.084745762712,
Phase6_Deterministic-17-20261001-21:45:51-70,runattr,,,network,dect2020scheduledaccess.DectScheduledAccessNetwork,
Phase6_Deterministic-17-20261001-21:45:51-70,runattr,,,processid,70,
Phase6_Deterministic-17-20261001-21:45:51-70,runattr,,,repetition,7,
Phase6_Deterministic-17-20261001-21:45:51-70,runattr,,,replication,#7,
Phase6_Deterministic-17-20261001-21:45:51-70,runattr,,,resultdir,results_phase6,
Phase6_Deterministic-17-20261001-21:45:51-70,runattr,,,runnumber,17,
Phase6_Deterministic-17-20261001-21:45:51-70,runattr,,,seedset,7,
Phase6_Deterministic-17-20261001-21:45:51-70,itervar,,,rho,0.084745762712,
Phase6_Deterministic-17-20261001-21:45:51-70,config,,,result-dir,results_phase6,
Phase6_Deterministic-17-20261001-21:45:51-70,config,,,repeat,10,
Phase6_Deterministic-17-20261001-21:45:51-70,config,,,seed-set,7,
Phase6_Deterministic-17-20261001-21:45:51-70,config,,,*.queue.D,10,
Phase6_Deterministic-17-20261001-21:45:51-70,config,,,*.queue.r,30,
Phase6_Deterministic-17-20261001-21:45:51-70,config,,,*.queue.rho,0.084745762712,
Phase6_Deterministic-17-20261001-21:45:51-70,config,,,*.queue.type1ServiceDistribution,"""deterministic""",
Phase6_Deterministic-17-20261001-21:45:51-70,config,,,*.queue.type1ServiceSCV,0,
Phase6_Deterministic-17-20261001-21:45:51-70,config,,,*.queue.recordVectors,false,
Phase6_Deterministic-17-20261001-21:45:51-70,config,,,*.queue.recordTailStatistics,true,
Phase6_Deterministic-17-20261001-21:45:51-70,config,,,*.queue.warmupCompletedPackets,200000,
Phase6_Deterministic-17-20261001-21:45:51-70,config,,,*.queue.targetCompletedPackets,1000000,
Phase6_Deterministic-17-20261001-21:45:51-70,config,,,network,dect2020scheduledaccess.DectScheduledAccessNetwork,
Phase6_Deterministic-17-20261001-21:45:51-70,config,,,cmdenv-express-mode,true,
Phase6_Deterministic-17-20261001-21:45:51-70,config,,,cmdenv-status-frequency,10s,
Phase6_Deterministic-17-20261001-21:45:51-70,config,,,result-dir,results,
Phase6_Deterministic-17-20261001-21:45:51-70,config,,,*.queue.frameDuration,10ms,
Phase6_Deterministic-17-20261001-21:45:51-70,config,,,*.queue.meanType1ServiceTime,0.4166666667ms,
Phase6_Deterministic-17-20261001-21:45:51-70,config,,,*.queue.deriveDectParametersFromD,true,
Phase6_Deterministic-17-20261001-21:45:51-70,config,,,*.queue.deriveLambdaFromRho,true,
Phase6_Deterministic-17-20261001-21:45:51-70,config,,,*.queue.warmupCompletedPackets,200000,
Phase6_Deterministic-17-20261001-21:45:51-70,config,,,*.queue.targetCompletedPackets,1000000,
Phase6_Deterministic-17-20261001-21:45:51-70,config,,,*.queue.recordVectors,false,
Phase6_Deterministic-17-20261001-21:45:51-70,config,,,*.queue.rngIndex,0,
Phase6_Deterministic-18-20261001-21:45:51-70,runattr,,,configname,Phase6_Deterministic,
Phase6_Deterministic-18-20261001-21:45:51-70,runattr,,,datetime,20261001-21:45:51,
Phase6_Deterministic-18-20261001-21:45:51-70,runattr,,,datetimef,20261001-214551,
Phase6_Deterministic-18-20261001-21:45:51-70,runattr,,,experiment,Phase6_Deterministic,
Phase6_Deterministic-18-20261001-21:45:51-70,runattr,,,inifile,omnetpp.ini,
Phase6_Deterministic-18-20261001-21:45:51-70,runattr,,,iterationvars,$rho=0.084745762712,
Phase6_Deterministic-18-20261001-21:45:51-70,runattr,,,iterationvarsd,rho=0.084745762712,
Phase6_Deterministic-18-20261001-21:45:51-70,runattr,,,iterationvarsf,rho=0.084745762712-,
Phase6_Deterministic-18-20261001-21:45:51-70,runattr,,,measurement,$rho=0.084745762712,
Phase6_Deterministic-18-20261001-21:45:51-70,runattr,,,network,dect2020scheduledaccess.DectScheduledAccessNetwork,
Phase6_Deterministic-18-20261001-21:45:51-70,runattr,,,processid,70,
Phase6_Deterministic-18-20261001-21:45:51-70,runattr,,,repetition,8,
Phase6_Deterministic-18-20261001-21:45:51-70,runattr,,,replication,#8,
Phase6_Deterministic-18-20261001-21:45:51-70,runattr,,,resultdir,results_phase6,
Phase6_Deterministic-18-20261001-21:45:51-70,runattr,,,runnumber,18,
Phase6_Deterministic-18-20261001-21:45:51-70,runattr,,,seedset,8,
Phase6_Deterministic-18-20261001-21:45:51-70,itervar,,,rho,0.084745762712,
Phase6_Deterministic-18-20261001-21:45:51-70,config,,,result-dir,results_phase6,
Phase6_Deterministic-18-20261001-21:45:51-70,config,,,repeat,10,
Phase6_Deterministic-18-20261001-21:45:51-70,config,,,seed-set,8,
Phase6_Deterministic-18-20261001-21:45:51-70,config,,,*.queue.D,10,
Phase6_Deterministic-18-20261001-21:45:51-70,config,,,*.queue.r,30,
Phase6_Deterministic-18-20261001-21:45:51-70,config,,,*.queue.rho,0.084745762712,
Phase6_Deterministic-18-20261001-21:45:51-70,config,,,*.queue.type1ServiceDistribution,"""deterministic""",
Phase6_Deterministic-18-20261001-21:45:51-70,config,,,*.queue.type1ServiceSCV,0,
Phase6_Deterministic-18-20261001-21:45:51-70,config,,,*.queue.recordVectors,false,
Phase6_Deterministic-18-20261001-21:45:51-70,config,,,*.queue.recordTailStatistics,true,
Phase6_Deterministic-18-20261001-21:45:51-70,config,,,*.queue.warmupCompletedPackets,200000,
Phase6_Deterministic-18-20261001-21:45:51-70,config,,,*.queue.targetCompletedPackets,1000000,
Phase6_Deterministic-18-20261001-21:45:51-70,config,,,network,dect2020scheduledaccess.DectScheduledAccessNetwork,
Phase6_Deterministic-18-20261001-21:45:51-70,config,,,cmdenv-express-mode,true,
Phase6_Deterministic-18-20261001-21:45:51-70,config,,,cmdenv-status-frequency,10s,
Phase6_Deterministic-18-20261001-21:45:51-70,config,,,result-dir,results,
Phase6_Deterministic-18-20261001-21:45:51-70,config,,,*.queue.frameDuration,10ms,
Phase6_Deterministic-18-20261001-21:45:51-70,config,,,*.queue.meanType1ServiceTime,0.4166666667ms,
Phase6_Deterministic-18-20261001-21:45:51-70,config,,,*.queue.deriveDectParametersFromD,true,
Phase6_Deterministic-18-20261001-21:45:51-70,config,,,*.queue.deriveLambdaFromRho,true,
Phase6_Deterministic-18-20261001-21:45:51-70,config,,,*.queue.warmupCompletedPackets,200000,
Phase6_Deterministic-18-20261001-21:45:51-70,config,,,*.queue.targetCompletedPackets,1000000,
Phase6_Deterministic-18-20261001-21:45:51-70,config,,,*.queue.recordVectors,false,
Phase6_Deterministic-18-20261001-21:45:51-70,config,,,*.queue.rngIndex,0,
Phase6_Deterministic-19-20261001-21:45:51-70,runattr,,,configname,Phase6_Deterministic,
Phase6_Deterministic-19-20261001-21:45:51-70,runattr,,,datetime,20261001-21:45:51,
Phase6_Deterministic-19-20261001-21:45:51-70,runattr,,,datetimef,20261001-214551,
Phase6_Deterministic-19-20261001-21:45:51-70,runattr,,,experiment,Phase6_Deterministic,
Phase6_Deterministic-19-20261001-21:45:51-70,runattr,,,inifile,omnetpp.ini,
Phase6_Deterministic-19-20261001-21:45:51-70,runattr,,,iterationvars,$rho=0.084745762712,
Phase6_Deterministic-19-20261001-21:45:51-70,runattr,,,iterationvarsd,rho=0.084745762712,
Phase6_Deterministic-19-20261001-21:45:51-70,runattr,,,iterationvarsf,rho=0.084745762712-,
Phase6_Deterministic-19-20261001-21:45:51-70,runattr,,,measurement,$rho=0.084745762712,
Phase6_Deterministic-19-20261001-21:45:51-70,runattr,,,network,dect2020scheduledaccess.DectScheduledAccessNetwork,
Phase6_Deterministic-19-20261001-21:45:51-70,runattr,,,processid,70,
Phase6_Deterministic-19-20261001-21:45:51-70,runattr,,,repetition,9,
Phase6_Deterministic-19-20261001-21:45:51-70,runattr,,,replication,#9,
Phase6_Deterministic-19-20261001-21:45:51-70,runattr,,,resultdir,results_phase6,
Phase6_Deterministic-19-20261001-21:45:51-70,runattr,,,runnumber,19,
Phase6_Deterministic-19-20261001-21:45:51-70,runattr,,,seedset,9,
Phase6_Deterministic-19-20261001-21:45:51-70,itervar,,,rho,0.084745762712,
Phase6_Deterministic-19-20261001-21:45:51-70,config,,,result-dir,results_phase6,
Phase6_Deterministic-19-20261001-21:45:51-70,config,,,repeat,10,
Phase6_Deterministic-19-20261001-21:45:51-70,config,,,seed-set,9,
Phase6_Deterministic-19-20261001-21:45:51-70,config,,,*.queue.D,10,
Phase6_Deterministic-19-20261001-21:45:51-70,config,,,*.queue.r,30,
Phase6_Deterministic-19-20261001-21:45:51-70,config,,,*.queue.rho,0.084745762712,
Phase6_Deterministic-19-20261001-21:45:51-70,config,,,*.queue.type1ServiceDistribution,"""deterministic""",
Phase6_Deterministic-19-20261001-21:45:51-70,config,,,*.queue.type1ServiceSCV,0,
Phase6_Deterministic-19-20261001-21:45:51-70,config,,,*.queue.recordVectors,false,
Phase6_Deterministic-19-20261001-21:45:51-70,config,,,*.queue.recordTailStatistics,true,
Phase6_Deterministic-19-20261001-21:45:51-70,config,,,*.queue.warmupCompletedPackets,200000,
Phase6_Deterministic-19-20261001-21:45:51-70,config,,,*.queue.targetCompletedPackets,1000000,
Phase6_Deterministic-19-20261001-21:45:51-70,config,,,network,dect2020scheduledaccess.DectScheduledAccessNetwork,
Phase6_Deterministic-19-20261001-21:45:51-70,config,,,cmdenv-express-mode,true,
Phase6_Deterministic-19-20261001-21:45:51-70,config,,,cmdenv-status-frequency,10s,
Phase6_Deterministic-19-20261001-21:45:51-70,config,,,result-dir,results,
Phase6_Deterministic-19-20261001-21:45:51-70,config,,,*.queue.frameDuration,10ms,
Phase6_Deterministic-19-20261001-21:45:51-70,config,,,*.queue.meanType1ServiceTime,0.4166666667ms,
Phase6_Deterministic-19-20261001-21:45:51-70,config,,,*.queue.deriveDectParametersFromD,true,
Phase6_Deterministic-19-20261001-21:45:51-70,config,,,*.queue.deriveLambdaFromRho,true,
Phase6_Deterministic-19-20261001-21:45:51-70,config,,,*.queue.warmupCompletedPackets,200000,
Phase6_Deterministic-19-20261001-21:45:51-70,config,,,*.queue.targetCompletedPackets,1000000,
Phase6_Deterministic-19-20261001-21:45:51-70,config,,,*.queue.recordVectors,false,
Phase6_Deterministic-19-20261001-21:45:51-70,config,,,*.queue.rngIndex,0,
Phase6_Deterministic-20-20261001-21:45:51-70,runattr,,,configname,Phase6_Deterministic,
Phase6_Deterministic-20-20261001-21:45:51-70,runattr,,,datetime,20261001-21:45:51,
Phase6_Deterministic-20-20261001-21:45:51-70,runattr,,,datetimef,20261001-214551,
Phase6_Deterministic-20-20261001-21:45:51-70,runattr,,,experiment,Phase6_Deterministic,
Phase6_Deterministic-20-20261001-21:45:51-70,runattr,,,inifile,omnetpp.ini,
Phase6_Deterministic-20-20261001-21:45:51-70,runattr,,,iterationvars,$rho=0.101694915254,
Phase6_Deterministic-20-20261001-21:45:51-70,runattr,,,iterationvarsd,rho=0.101694915254,
Phase6_Deterministic-20-20261001-21:45:51-70,runattr,,,iterationvarsf,rho=0.101694915254-,
Phase6_Deterministic-20-20261001-21:45:51-70,runattr,,,measurement,$rho=0.101694915254,
Phase6_Deterministic-20-20261001-21:45:51-70,runattr,,,network,dect2020scheduledaccess.DectScheduledAccessNetwork,
Phase6_Deterministic-20-20261001-21:45:51-70,runattr,,,processid,70,
Phase6_Deterministic-20-20261001-21:45:51-70,runattr,,,repetition,0,
Phase6_Deterministic-20-20261001-21:45:51-70,runattr,,,replication,#0,
Phase6_Deterministic-20-20261001-21:45:51-70,runattr,,,resultdir,results_phase6,
Phase6_Deterministic-20-20261001-21:45:51-70,runattr,,,runnumber,20,
Phase6_Deterministic-20-20261001-21:45:51-70,runattr,,,seedset,0,
Phase6_Deterministic-20-20261001-21:45:51-70,itervar,,,rho,0.101694915254,
Phase6_Deterministic-20-20261001-21:45:51-70,config,,,result-dir,results_phase6,
Phase6_Deterministic-20-20261001-21:45:51-70,config,,,repeat,10,
Phase6_Deterministic-20-20261001-21:45:51-70,config,,,seed-set,0,
Phase6_Deterministic-20-20261001-21:45:51-70,config,,,*.queue.D,10,
Phase6_Deterministic-20-20261001-21:45:51-70,config,,,*.queue.r,30,
Phase6_Deterministic-20-20261001-21:45:51-70,config,,,*.queue.rho,0.101694915254,
Phase6_Deterministic-20-20261001-21:45:51-70,config,,,*.queue.type1ServiceDistribution,"""deterministic""",
Phase6_Deterministic-20-20261001-21:45:51-70,config,,,*.queue.type1ServiceSCV,0,
Phase6_Deterministic-20-20261001-21:45:51-70,config,,,*.queue.recordVectors,false,
Phase6_Deterministic-20-20261001-21:45:51-70,config,,,*.queue.recordTailStatistics,true,
Phase6_Deterministic-20-20261001-21:45:51-70,config,,,*.queue.warmupCompletedPackets,200000,
Phase6_Deterministic-20-20261001-21:45:51-70,config,,,*.queue.targetCompletedPackets,1000000,
Phase6_Deterministic-20-20261001-21:45:51-70,config,,,network,dect2020scheduledaccess.DectScheduledAccessNetwork,
Phase6_Deterministic-20-20261001-21:45:51-70,config,,,cmdenv-express-mode,true,
Phase6_Deterministic-20-20261001-21:45:51-70,config,,,cmdenv-status-frequency,10s,
Phase6_Deterministic-20-20261001-21:45:51-70,config,,,result-dir,results,
Phase6_Deterministic-20-20261001-21:45:51-70,config,,,*.queue.frameDuration,10ms,
Phase6_Deterministic-20-20261001-21:45:51-70,config,,,*.queue.meanType1ServiceTime,0.4166666667ms,
Phase6_Deterministic-20-20261001-21:45:51-70,config,,,*.queue.deriveDectParametersFromD,true,
Phase6_Deterministic-20-20261001-21:45:51-70,config,,,*.queue.deriveLambdaFromRho,true,
Phase6_Deterministic-20-20261001-21:45:51-70,config,,,*.queue.warmupCompletedPackets,200000,
Phase6_Deterministic-20-20261001-21:45:51-70,config,,,*.queue.targetCompletedPackets,1000000,
Phase6_Deterministic-20-20261001-21:45:51-70,config,,,*.queue.recordVectors,false,
Phase6_Deterministic-20-20261001-21:45:51-70,config,,,*.queue.rngIndex,0,
Phase6_Deterministic-21-20261001-21:45:51-70,runattr,,,configname,Phase6_Deterministic,
Phase6_Deterministic-21-20261001-21:45:51-70,runattr,,,datetime,20261001-21:45:51,
Phase6_Deterministic-21-20261001-21:45:51-70,runattr,,,datetimef,20261001-214551,
Phase6_Deterministic-21-20261001-21:45:51-70,runattr,,,experiment,Phase6_Deterministic,
Phase6_Deterministic-21-20261001-21:45:51-70,runattr,,,inifile,omnetpp.ini,
Phase6_Deterministic-21-20261001-21:45:51-70,runattr,,,iterationvars,$rho=0.101694915254,
Phase6_Deterministic-21-20261001-21:45:51-70,runattr,,,iterationvarsd,rho=0.101694915254,
Phase6_Deterministic-21-20261001-21:45:51-70,runattr,,,iterationvarsf,rho=0.101694915254-,
Phase6_Deterministic-21-20261001-21:45:51-70,runattr,,,measurement,$rho=0.101694915254,
Phase6_Deterministic-21-20261001-21:45:51-70,runattr,,,network,dect2020scheduledaccess.DectScheduledAccessNetwork,
Phase6_Deterministic-21-20261001-21:45:51-70,runattr,,,processid,70,
Phase6_Deterministic-21-20261001-21:45:51-70,runattr,,,repetition,1,
Phase6_Deterministic-21-20261001-21:45:51-70,runattr,,,replication,#1,
Phase6_Deterministic-21-20261001-21:45:51-70,runattr,,,resultdir,results_phase6,
Phase6_Deterministic-21-20261001-21:45:51-70,runattr,,,runnumber,21,
Phase6_Deterministic-21-20261001-21:45:51-70,runattr,,,seedset,1,
Phase6_Deterministic-21-20261001-21:45:51-70,itervar,,,rho,0.101694915254,
Phase6_Deterministic-21-20261001-21:45:51-70,config,,,result-dir,results_phase6,
Phase6_Deterministic-21-20261001-21:45:51-70,config,,,repeat,10,
Phase6_Deterministic-21-20261001-21:45:51-70,config,,,seed-set,1,
Phase6_Deterministic-21-20261001-21:45:51-70,config,,,*.queue.D,10,
Phase6_Deterministic-21-20261001-21:45:51-70,config,,,*.queue.r,30,
Phase6_Deterministic-21-20261001-21:45:51-70,config,,,*.queue.rho,0.101694915254,
Phase6_Deterministic-21-20261001-21:45:51-70,config,,,*.queue.type1ServiceDistribution,"""deterministic""",
Phase6_Deterministic-21-20261001-21:45:51-70,config,,,*.queue.type1ServiceSCV,0,
Phase6_Deterministic-21-20261001-21:45:51-70,config,,,*.queue.recordVectors,false,
Phase6_Deterministic-21-20261001-21:45:51-70,config,,,*.queue.recordTailStatistics,true,
Phase6_Deterministic-21-20261001-21:45:51-70,config,,,*.queue.warmupCompletedPackets,200000,
Phase6_Deterministic-21-20261001-21:45:51-70,config,,,*.queue.targetCompletedPackets,1000000,
Phase6_Deterministic-21-20261001-21:45:51-70,config,,,network,dect2020scheduledaccess.DectScheduledAccessNetwork,
Phase6_Deterministic-21-20261001-21:45:51-70,config,,,cmdenv-express-mode,true,
Phase6_Deterministic-21-20261001-21:45:51-70,config,,,cmdenv-status-frequency,10s,
Phase6_Deterministic-21-20261001-21:45:51-70,config,,,result-dir,results,
Phase6_Deterministic-21-20261001-21:45:51-70,config,,,*.queue.frameDuration,10ms,
Phase6_Deterministic-21-20261001-21:45:51-70,config,,,*.queue.meanType1ServiceTime,0.4166666667ms,
Phase6_Deterministic-21-20261001-21:45:51-70,config,,,*.queue.deriveDectParametersFromD,true,
Phase6_Deterministic-21-20261001-21:45:51-70,config,,,*.queue.deriveLambdaFromRho,true,
Phase6_Deterministic-21-20261001-21:45:51-70,config,,,*.queue.warmupCompletedPackets,200000,
Phase6_Deterministic-21-20261001-21:45:51-70,config,,,*.queue.targetCompletedPackets,1000000,
Phase6_Deterministic-21-20261001-21:45:51-70,config,,,*.queue.recordVectors,false,
Phase6_Deterministic-21-20261001-21:45:51-70,config,,,*.queue.rngIndex,0,
Phase6_Deterministic-22-20261001-21:45:52-70,runattr,,,configname,Phase6_Deterministic,
Phase6_Deterministic-22-20261001-21:45:52-70,runattr,,,datetime,20261001-21:45:52,
Phase6_Deterministic-22-20261001-21:45:52-70,runattr,,,datetimef,20261001-214552,
Phase6_Deterministic-22-20261001-21:45:52-70,runattr,,,experiment,Phase6_Deterministic,
Phase6_Deterministic-22-20261001-21:45:52-70,runattr,,,inifile,omnetpp.ini,
Phase6_Deterministic-22-20261001-21:45:52-70,runattr,,,iterationvars,$rho=0.101694915254,
Phase6_Deterministic-22-20261001-21:45:52-70,runattr,,,iterationvarsd,rho=0.101694915254,
Phase6_Deterministic-22-20261001-21:45:52-70,runattr,,,iterationvarsf,rho=0.101694915254-,
Phase6_Deterministic-22-20261001-21:45:52-70,runattr,,,measurement,$rho=0.101694915254,
Phase6_Deterministic-22-20261001-21:45:52-70,runattr,,,network,dect2020scheduledaccess.DectScheduledAccessNetwork,
Phase6_Deterministic-22-20261001-21:45:52-70,runattr,,,processid,70,
Phase6_Deterministic-22-20261001-21:45:52-70,runattr,,,repetition,2,
Phase6_Deterministic-22-20261001-21:45:52-70,runattr,,,replication,#2,
Phase6_Deterministic-22-20261001-21:45:52-70,runattr,,,resultdir,results_phase6,
Phase6_Deterministic-22-20261001-21:45:52-70,runattr,,,runnumber,22,
Phase6_Deterministic-22-20261001-21:45:52-70,runattr,,,seedset,2,
Phase6_Deterministic-22-20261001-21:45:52-70,itervar,,,rho,0.101694915254,
Phase6_Deterministic-22-20261001-21:45:52-70,config,,,result-dir,results_phase6,
Phase6_Deterministic-22-20261001-21:45:52-70,config,,,repeat,10,
Phase6_Deterministic-22-20261001-21:45:52-70,config,,,seed-set,2,
Phase6_Deterministic-22-20261001-21:45:52-70,config,,,*.queue.D,10,
Phase6_Deterministic-22-20261001-21:45:52-70,config,,,*.queue.r,30,
Phase6_Deterministic-22-20261001-21:45:52-70,config,,,*.queue.rho,0.101694915254,
Phase6_Deterministic-22-20261001-21:45:52-70,config,,,*.queue.type1ServiceDistribution,"""deterministic""",
Phase6_Deterministic-22-20261001-21:45:52-70,config,,,*.queue.type1ServiceSCV,0,
Phase6_Deterministic-22-20261001-21:45:52-70,config,,,*.queue.recordVectors,false,
Phase6_Deterministic-22-20261001-21:45:52-70,config,,,*.queue.recordTailStatistics,true,
Phase6_Deterministic-22-20261001-21:45:52-70,config,,,*.queue.warmupCompletedPackets,200000,
Phase6_Deterministic-22-20261001-21:45:52-70,config,,,*.queue.targetCompletedPackets,1000000,
Phase6_Deterministic-22-20261001-21:45:52-70,config,,,network,dect2020scheduledaccess.DectScheduledAccessNetwork,
Phase6_Deterministic-22-20261001-21:45:52-70,config,,,cmdenv-express-mode,true,
Phase6_Deterministic-22-20261001-21:45:52-70,config,,,cmdenv-status-frequency,10s,
Phase6_Deterministic-22-20261001-21:45:52-70,config,,,result-dir,results,
Phase6_Deterministic-22-20261001-21:45:52-70,config,,,*.queue.frameDuration,10ms,
Phase6_Deterministic-22-20261001-21:45:52-70,config,,,*.queue.meanType1ServiceTime,0.4166666667ms,
Phase6_Deterministic-22-20261001-21:45:52-70,config,,,*.queue.deriveDectParametersFromD,true,
Phase6_Deterministic-22-20261001-21:45:52-70,config,,,*.queue.deriveLambdaFromRho,true,
Phase6_Deterministic-22-20261001-21:45:52-70,config,,,*.queue.warmupCompletedPackets,200000,
Phase6_Deterministic-22-20261001-21:45:52-70,config,,,*.queue.targetCompletedPackets,1000000,
Phase6_Deterministic-22-20261001-21:45:52-70,config,,,*.queue.recordVectors,false,
Phase6_Deterministic-22-20261001-21:45:52-70,config,,,*.queue.rngIndex,0,
Phase6_Deterministic-23-20261001-21:45:52-70,runattr,,,configname,Phase6_Deterministic,
Phase6_Deterministic-23-20261001-21:45:52-70,runattr,,,datetime,20261001-21:45:52,
Phase6_Deterministic-23-20261001-21:45:52-70,runattr,,,datetimef,20261001-214552,
Phase6_Deterministic-23-20261001-21:45:52-70,runattr,,,experiment,Phase6_Deterministic,
Phase6_Deterministic-23-20261001-21:45:52-70,runattr,,,inifile,omnetpp.ini,
Phase6_Deterministic-23-20261001-21:45:52-70,runattr,,,iterationvars,$rho=0.101694915254,
Phase6_Deterministic-23-20261001-21:45:52-70,runattr,,,iterationvarsd,rho=0.101694915254,
Phase6_Deterministic-23-20261001-21:45:52-70,runattr,,,iterationvarsf,rho=0.101694915254-,
Phase6_Deterministic-23-20261001-21:45:52-70,runattr,,,measurement,$rho=0.101694915254,
Phase6_Deterministic-23-20261001-21:45:52-70,runattr,,,network,dect2020scheduledaccess.DectScheduledAccessNetwork,
Phase6_Deterministic-23-20261001-21:45:52-70,runattr,,,processid,70,
Phase6_Deterministic-23-20261001-21:45:52-70,runattr,,,repetition,3,
Phase6_Deterministic-23-20261001-21:45:52-70,runattr,,,replication,#3,
Phase6_Deterministic-23-20261001-21:45:52-70,runattr,,,resultdir,results_phase6,
Phase6_Deterministic-23-20261001-21:45:52-70,runattr,,,runnumber,23,
Phase6_Deterministic-23-20261001-21:45:52-70,runattr,,,seedset,3,
Phase6_Deterministic-23-20261001-21:45:52-70,itervar,,,rho,0.101694915254,
Phase6_Deterministic-23-20261001-21:45:52-70,config,,,result-dir,results_phase6,
Phase6_Deterministic-23-20261001-21:45:52-70,config,,,repeat,10,
Phase6_Deterministic-23-20261001-21:45:52-70,config,,,seed-set,3,
Phase6_Deterministic-23-20261001-21:45:52-70,config,,,*.queue.D,10,
Phase6_Deterministic-23-20261001-21:45:52-70,config,,,*.queue.r,30,
Phase6_Deterministic-23-20261001-21:45:52-70,config,,,*.queue.rho,0.101694915254,
Phase6_Deterministic-23-20261001-21:45:52-70,config,,,*.queue.type1ServiceDistribution,"""deterministic""",
Phase6_Deterministic-23-20261001-21:45:52-70,config,,,*.queue.type1ServiceSCV,0,
Phase6_Deterministic-23-20261001-21:45:52-70,config,,,*.queue.recordVectors,false,
Phase6_Deterministic-23-20261001-21:45:52-70,config,,,*.queue.recordTailStatistics,true,
Phase6_Deterministic-23-20261001-21:45:52-70,config,,,*.queue.warmupCompletedPackets,200000,
Phase6_Deterministic-23-20261001-21:45:52-70,config,,,*.queue.targetCompletedPackets,1000000,
Phase6_Deterministic-23-20261001-21:45:52-70,config,,,network,dect2020scheduledaccess.DectScheduledAccessNetwork,
Phase6_Deterministic-23-20261001-21:45:52-70,config,,,cmdenv-express-mode,true,
Phase6_Deterministic-23-20261001-21:45:52-70,config,,,cmdenv-status-frequency,10s,
Phase6_Deterministic-23-20261001-21:45:52-70,config,,,result-dir,results,
Phase6_Deterministic-23-20261001-21:45:52-70,config,,,*.queue.frameDuration,10ms,
Phase6_Deterministic-23-20261001-21:45:52-70,config,,,*.queue.meanType1ServiceTime,0.4166666667ms,
Phase6_Deterministic-23-20261001-21:45:52-70,config,,,*.queue.deriveDectParametersFromD,true,
Phase6_Deterministic-23-20261001-21:45:52-70,config,,,*.queue.deriveLambdaFromRho,true,
Phase6_Deterministic-23-20261001-21:45:52-70,config,,,*.queue.warmupCompletedPackets,200000,
Phase6_Deterministic-23-20261001-21:45:52-70,config,,,*.queue.targetCompletedPackets,1000000,
Phase6_Deterministic-23-20261001-21:45:52-70,config,,,*.queue.recordVectors,false,
Phase6_Deterministic-23-20261001-21:45:52-70,config,,,*.queue.rngIndex,0,
Phase6_Deterministic-24-20261001-21:45:52-70,runattr,,,configname,Phase6_Deterministic,
Phase6_Deterministic-24-20261001-21:45:52-70,runattr,,,datetime,20261001-21:45:52,
Phase6_Deterministic-24-20261001-21:45:52-70,runattr,,,datetimef,20261001-214552,
Phase6_Deterministic-24-20261001-21:45:52-70,runattr,,,experiment,Phase6_Deterministic,
Phase6_Deterministic-24-20261001-21:45:52-70,runattr,,,inifile,omnetpp.ini,
Phase6_Deterministic-24-20261001-21:45:52-70,runattr,,,iterationvars,$rho=0.101694915254,
Phase6_Deterministic-24-20261001-21:45:52-70,runattr,,,iterationvarsd,rho=0.101694915254,
Phase6_Deterministic-24-20261001-21:45:52-70,runattr,,,iterationvarsf,rho=0.101694915254-,
Phase6_Deterministic-24-20261001-21:45:52-70,runattr,,,measurement,$rho=0.101694915254,
Phase6_Deterministic-24-20261001-21:45:52-70,runattr,,,network,dect2020scheduledaccess.DectScheduledAccessNetwork,
Phase6_Deterministic-24-20261001-21:45:52-70,runattr,,,processid,70,
Phase6_Deterministic-24-20261001-21:45:52-70,runattr,,,repetition,4,
Phase6_Deterministic-24-20261001-21:45:52-70,runattr,,,replication,#4,
Phase6_Deterministic-24-20261001-21:45:52-70,runattr,,,resultdir,results_phase6,
Phase6_Deterministic-24-20261001-21:45:52-70,runattr,,,runnumber,24,
Phase6_Deterministic-24-20261001-21:45:52-70,runattr,,,seedset,4,
Phase6_Deterministic-24-20261001-21:45:52-70,itervar,,,rho,0.101694915254,
Phase6_Deterministic-24-20261001-21:45:52-70,config,,,result-dir,results_phase6,
Phase6_Deterministic-24-20261001-21:45:52-70,config,,,repeat,10,
Phase6_Deterministic-24-20261001-21:45:52-70,config,,,seed-set,4,
Phase6_Deterministic-24-20261001-21:45:52-70,config,,,*.queue.D,10,
Phase6_Deterministic-24-20261001-21:45:52-70,config,,,*.queue.r,30,
Phase6_Deterministic-24-20261001-21:45:52-70,config,,,*.queue.rho,0.101694915254,
Phase6_Deterministic-24-20261001-21:45:52-70,config,,,*.queue.type1ServiceDistribution,"""deterministic""",
Phase6_Deterministic-24-20261001-21:45:52-70,config,,,*.queue.type1ServiceSCV,0,
Phase6_Deterministic-24-20261001-21:45:52-70,config,,,*.queue.recordVectors,false,
Phase6_Deterministic-24-20261001-21:45:52-70,config,,,*.queue.recordTailStatistics,true,
Phase6_Deterministic-24-20261001-21:45:52-70,config,,,*.queue.warmupCompletedPackets,200000,
Phase6_Deterministic-24-20261001-21:45:52-70,config,,,*.queue.targetCompletedPackets,1000000,
Phase6_Deterministic-24-20261001-21:45:52-70,config,,,network,dect2020scheduledaccess.DectScheduledAccessNetwork,
Phase6_Deterministic-24-20261001-21:45:52-70,config,,,cmdenv-express-mode,true,
Phase6_Deterministic-24-20261001-21:45:52-70,config,,,cmdenv-status-frequency,10s,
Phase6_Deterministic-24-20261001-21:45:52-70,config,,,result-dir,results,
Phase6_Deterministic-24-20261001-21:45:52-70,config,,,*.queue.frameDuration,10ms,
Phase6_Deterministic-24-20261001-21:45:52-70,config,,,*.queue.meanType1ServiceTime,0.4166666667ms,
Phase6_Deterministic-24-20261001-21:45:52-70,config,,,*.queue.deriveDectParametersFromD,true,
Phase6_Deterministic-24-20261001-21:45:52-70,config,,,*.queue.deriveLambdaFromRho,true,
Phase6_Deterministic-24-20261001-21:45:52-70,config,,,*.queue.warmupCompletedPackets,200000,
Phase6_Deterministic-24-20261001-21:45:52-70,config,,,*.queue.targetCompletedPackets,1000000,
Phase6_Deterministic-24-20261001-21:45:52-70,config,,,*.queue.recordVectors,false,
Phase6_Deterministic-24-20261001-21:45:52-70,config,,,*.queue.rngIndex,0,
Phase6_Deterministic-25-20261001-21:45:53-70,runattr,,,configname,Phase6_Deterministic,
Phase6_Deterministic-25-20261001-21:45:53-70,runattr,,,datetime,20261001-21:45:53,
Phase6_Deterministic-25-20261001-21:45:53-70,runattr,,,datetimef,20261001-214553,
Phase6_Deterministic-25-20261001-21:45:53-70,runattr,,,experiment,Phase6_Deterministic,
Phase6_Deterministic-25-20261001-21:45:53-70,runattr,,,inifile,omnetpp.ini,
Phase6_Deterministic-25-20261001-21:45:53-70,runattr,,,iterationvars,$rho=0.101694915254,
Phase6_Deterministic-25-20261001-21:45:53-70,runattr,,,iterationvarsd,rho=0.101694915254,
Phase6_Deterministic-25-20261001-21:45:53-70,runattr,,,iterationvarsf,rho=0.101694915254-,
Phase6_Deterministic-25-20261001-21:45:53-70,runattr,,,measurement,$rho=0.101694915254,
Phase6_Deterministic-25-20261001-21:45:53-70,runattr,,,network,dect2020scheduledaccess.DectScheduledAccessNetwork,
Phase6_Deterministic-25-20261001-21:45:53-70,runattr,,,processid,70,
Phase6_Deterministic-25-20261001-21:45:53-70,runattr,,,repetition,5,
Phase6_Deterministic-25-20261001-21:45:53-70,runattr,,,replication,#5,
Phase6_Deterministic-25-20261001-21:45:53-70,runattr,,,resultdir,results_phase6,
Phase6_Deterministic-25-20261001-21:45:53-70,runattr,,,runnumber,25,
Phase6_Deterministic-25-20261001-21:45:53-70,runattr,,,seedset,5,
Phase6_Deterministic-25-20261001-21:45:53-70,itervar,,,rho,0.101694915254,
Phase6_Deterministic-25-20261001-21:45:53-70,config,,,result-dir,results_phase6,
Phase6_Deterministic-25-20261001-21:45:53-70,config,,,repeat,10,
Phase6_Deterministic-25-20261001-21:45:53-70,config,,,seed-set,5,
Phase6_Deterministic-25-20261001-21:45:53-70,config,,,*.queue.D,10,
Phase6_Deterministic-25-20261001-21:45:53-70,config,,,*.queue.r,30,
Phase6_Deterministic-25-20261001-21:45:53-70,config,,,*.queue.rho,0.101694915254,
Phase6_Deterministic-25-20261001-21:45:53-70,config,,,*.queue.type1ServiceDistribution,"""deterministic""",
Phase6_Deterministic-25-20261001-21:45:53-70,config,,,*.queue.type1ServiceSCV,0,
Phase6_Deterministic-25-20261001-21:45:53-70,config,,,*.queue.recordVectors,false,
Phase6_Deterministic-25-20261001-21:45:53-70,config,,,*.queue.recordTailStatistics,true,
Phase6_Deterministic-25-20261001-21:45:53-70,config,,,*.queue.warmupCompletedPackets,200000,
Phase6_Deterministic-25-20261001-21:45:53-70,config,,,*.queue.targetCompletedPackets,1000000,
Phase6_Deterministic-25-20261001-21:45:53-70,config,,,network,dect2020scheduledaccess.DectScheduledAccessNetwork,
Phase6_Deterministic-25-20261001-21:45:53-70,config,,,cmdenv-express-mode,true,
Phase6_Deterministic-25-20261001-21:45:53-70,config,,,cmdenv-status-frequency,10s,
Phase6_Deterministic-25-20261001-21:45:53-70,config,,,result-dir,results,
Phase6_Deterministic-25-20261001-21:45:53-70,config,,,*.queue.frameDuration,10ms,
Phase6_Deterministic-25-20261001-21:45:53-70,config,,,*.queue.meanType1ServiceTime,0.4166666667ms,
Phase6_Deterministic-25-20261001-21:45:53-70,config,,,*.queue.deriveDectParametersFromD,true,
Phase6_Deterministic-25-20261001-21:45:53-70,config,,,*.queue.deriveLambdaFromRho,true,
Phase6_Deterministic-25-20261001-21:45:53-70,config,,,*.queue.warmupCompletedPackets,200000,
Phase6_Deterministic-25-20261001-21:45:53-70,config,,,*.queue.targetCompletedPackets,1000000,
Phase6_Deterministic-25-20261001-21:45:53-70,config,,,*.queue.recordVectors,false,
Phase6_Deterministic-25-20261001-21:45:53-70,config,,,*.queue.rngIndex,0,
Phase6_Deterministic-26-20261001-21:45:53-70,runattr,,,configname,Phase6_Deterministic,
Phase6_Deterministic-26-20261001-21:45:53-70,runattr,,,datetime,20261001-21:45:53,
Phase6_Deterministic-26-20261001-21:45:53-70,runattr,,,datetimef,20261001-214553,
Phase6_Deterministic-26-20261001-21:45:53-70,runattr,,,experiment,Phase6_Deterministic,
Phase6_Deterministic-26-20261001-21:45:53-70,runattr,,,inifile,omnetpp.ini,
Phase6_Deterministic-26-20261001-21:45:53-70,runattr,,,iterationvars,$rho=0.101694915254,
Phase6_Deterministic-26-20261001-21:45:53-70,runattr,,,iterationvarsd,rho=0.101694915254,
Phase6_Deterministic-26-20261001-21:45:53-70,runattr,,,iterationvarsf,rho=0.101694915254-,
Phase6_Deterministic-26-20261001-21:45:53-70,runattr,,,measurement,$rho=0.101694915254,
Phase6_Deterministic-26-20261001-21:45:53-70,runattr,,,network,dect2020scheduledaccess.DectScheduledAccessNetwork,
Phase6_Deterministic-26-20261001-21:45:53-70,runattr,,,processid,70,
Phase6_Deterministic-26-20261001-21:45:53-70,runattr,,,repetition,6,
Phase6_Deterministic-26-20261001-21:45:53-70,runattr,,,replication,#6,
Phase6_Deterministic-26-20261001-21:45:53-70,runattr,,,resultdir,results_phase6,
Phase6_Deterministic-26-20261001-21:45:53-70,runattr,,,runnumber,26,
Phase6_Deterministic-26-20261001-21:45:53-70,runattr,,,seedset,6,
Phase6_Deterministic-26-20261001-21:45:53-70,itervar,,,rho,0.101694915254,
Phase6_Deterministic-26-20261001-21:45:53-70,config,,,result-dir,results_phase6,
Phase6_Deterministic-26-20261001-21:45:53-70,config,,,repeat,10,
Phase6_Deterministic-26-20261001-21:45:53-70,config,,,seed-set,6,
Phase6_Deterministic-26-20261001-21:45:53-70,config,,,*.queue.D,10,
Phase6_Deterministic-26-20261001-21:45:53-70,config,,,*.queue.r,30,
Phase6_Deterministic-26-20261001-21:45:53-70,config,,,*.queue.rho,0.101694915254,
Phase6_Deterministic-26-20261001-21:45:53-70,config,,,*.queue.type1ServiceDistribution,"""deterministic""",
Phase6_Deterministic-26-20261001-21:45:53-70,config,,,*.queue.type1ServiceSCV,0,
Phase6_Deterministic-26-20261001-21:45:53-70,config,,,*.queue.recordVectors,false,
Phase6_Deterministic-26-20261001-21:45:53-70,config,,,*.queue.recordTailStatistics,true,
Phase6_Deterministic-26-20261001-21:45:53-70,config,,,*.queue.warmupCompletedPackets,200000,
Phase6_Deterministic-26-20261001-21:45:53-70,config,,,*.queue.targetCompletedPackets,1000000,
Phase6_Deterministic-26-20261001-21:45:53-70,config,,,network,dect2020scheduledaccess.DectScheduledAccessNetwork,
Phase6_Deterministic-26-20261001-21:45:53-70,config,,,cmdenv-express-mode,true,
Phase6_Deterministic-26-20261001-21:45:53-70,config,,,cmdenv-status-frequency,10s,
Phase6_Deterministic-26-20261001-21:45:53-70,config,,,result-dir,results,
Phase6_Deterministic-26-20261001-21:45:53-70,config,,,*.queue.frameDuration,10ms,
Phase6_Deterministic-26-20261001-21:45:53-70,config,,,*.queue.meanType1ServiceTime,0.4166666667ms,
Phase6_Deterministic-26-20261001-21:45:53-70,config,,,*.queue.deriveDectParametersFromD,true,
Phase6_Deterministic-26-20261001-21:45:53-70,config,,,*.queue.deriveLambdaFromRho,true,
Phase6_Deterministic-26-20261001-21:45:53-70,config,,,*.queue.warmupCompletedPackets,200000,
Phase6_Deterministic-26-20261001-21:45:53-70,config,,,*.queue.targetCompletedPackets,1000000,
Phase6_Deterministic-26-20261001-21:45:53-70,config,,,*.queue.recordVectors,false,
Phase6_Deterministic-26-20261001-21:45:53-70,config,,,*.queue.rngIndex,0,
Phase6_Deterministic-27-20261001-21:45:53-70,runattr,,,configname,Phase6_Deterministic,
Phase6_Deterministic-27-20261001-21:45:53-70,runattr,,,datetime,20261001-21:45:53,
Phase6_Deterministic-27-20261001-21:45:53-70,runattr,,,datetimef,20261001-214553,
Phase6_Deterministic-27-20261001-21:45:53-70,runattr,,,experiment,Phase6_Deterministic,
Phase6_Deterministic-27-20261001-21:45:53-70,runattr,,,inifile,omnetpp.ini,
Phase6_Deterministic-27-20261001-21:45:53-70,runattr,,,iterationvars,$rho=0.101694915254,
Phase6_Deterministic-27-20261001-21:45:53-70,runattr,,,iterationvarsd,rho=0.101694915254,
Phase6_Deterministic-27-20261001-21:45:53-70,runattr,,,iterationvarsf,rho=0.101694915254-,
Phase6_Deterministic-27-20261001-21:45:53-70,runattr,,,measurement,$rho=0.101694915254,
Phase6_Deterministic-27-20261001-21:45:53-70,runattr,,,network,dect2020scheduledaccess.DectScheduledAccessNetwork,
Phase6_Deterministic-27-20261001-21:45:53-70,runattr,,,processid,70,
Phase6_Deterministic-27-20261001-21:45:53-70,runattr,,,repetition,7,
Phase6_Deterministic-27-20261001-21:45:53-70,runattr,,,replication,#7,
Phase6_Deterministic-27-20261001-21:45:53-70,runattr,,,resultdir,results_phase6,
Phase6_Deterministic-27-20261001-21:45:53-70,runattr,,,runnumber,27,
Phase6_Deterministic-27-20261001-21:45:53-70,runattr,,,seedset,7,
Phase6_Deterministic-27-20261001-21:45:53-70,itervar,,,rho,0.101694915254,
Phase6_Deterministic-27-20261001-21:45:53-70,config,,,result-dir,results_phase6,
Phase6_Deterministic-27-20261001-21:45:53-70,config,,,repeat,10,
Phase6_Deterministic-27-20261001-21:45:53-70,config,,,seed-set,7,
Phase6_Deterministic-27-20261001-21:45:53-70,config,,,*.queue.D,10,
Phase6_Deterministic-27-20261001-21:45:53-70,config,,,*.queue.r,30,
Phase6_Deterministic-27-20261001-21:45:53-70,config,,,*.queue.rho,0.101694915254,
Phase6_Deterministic-27-20261001-21:45:53-70,config,,,*.queue.type1ServiceDistribution,"""deterministic""",
Phase6_Deterministic-27-20261001-21:45:53-70,config,,,*.queue.type1ServiceSCV,0,
Phase6_Deterministic-27-20261001-21:45:53-70,config,,,*.queue.recordVectors,false,
Phase6_Deterministic-27-20261001-21:45:53-70,config,,,*.queue.recordTailStatistics,true,
Phase6_Deterministic-27-20261001-21:45:53-70,config,,,*.queue.warmupCompletedPackets,200000,
Phase6_Deterministic-27-20261001-21:45:53-70,config,,,*.queue.targetCompletedPackets,1000000,
Phase6_Deterministic-27-20261001-21:45:53-70,config,,,network,dect2020scheduledaccess.DectScheduledAccessNetwork,
Phase6_Deterministic-27-20261001-21:45:53-70,config,,,cmdenv-express-mode,true,
Phase6_Deterministic-27-20261001-21:45:53-70,config,,,cmdenv-status-frequency,10s,
Phase6_Deterministic-27-20261001-21:45:53-70,config,,,result-dir,results,
Phase6_Deterministic-27-20261001-21:45:53-70,config,,,*.queue.frameDuration,10ms,
Phase6_Deterministic-27-20261001-21:45:53-70,config,,,*.queue.meanType1ServiceTime,0.4166666667ms,
Phase6_Deterministic-27-20261001-21:45:53-70,config,,,*.queue.deriveDectParametersFromD,true,
Phase6_Deterministic-27-20261001-21:45:53-70,config,,,*.queue.deriveLambdaFromRho,true,
Phase6_Deterministic-27-20261001-21:45:53-70,config,,,*.queue.warmupCompletedPackets,200000,
Phase6_Deterministic-27-20261001-21:45:53-70,config,,,*.queue.targetCompletedPackets,1000000,
Phase6_Deterministic-27-20261001-21:45:53-70,config,,,*.queue.recordVectors,false,
Phase6_Deterministic-27-20261001-21:45:53-70,config,,,*.queue.rngIndex,0,
Phase6_Deterministic-28-20261001-21:45:53-70,runattr,,,configname,Phase6_Deterministic,
Phase6_Deterministic-28-20261001-21:45:53-70,runattr,,,datetime,20261001-21:45:53,
Phase6_Deterministic-28-20261001-21:45:53-70,runattr,,,datetimef,20261001-214553,
Phase6_Deterministic-28-20261001-21:45:53-70,runattr,,,experiment,Phase6_Deterministic,
Phase6_Deterministic-28-20261001-21:45:53-70,runattr,,,inifile,omnetpp.ini,
Phase6_Deterministic-28-20261001-21:45:53-70,runattr,,,iterationvars,$rho=0.101694915254,
Phase6_Deterministic-28-20261001-21:45:53-70,runattr,,,iterationvarsd,rho=0.101694915254,
Phase6_Deterministic-28-20261001-21:45:53-70,runattr,,,iterationvarsf,rho=0.101694915254-,
Phase6_Deterministic-28-20261001-21:45:53-70,runattr,,,measurement,$rho=0.101694915254,
Phase6_Deterministic-28-20261001-21:45:53-70,runattr,,,network,dect2020scheduledaccess.DectScheduledAccessNetwork,
Phase6_Deterministic-28-20261001-21:45:53-70,runattr,,,processid,70,
Phase6_Deterministic-28-20261001-21:45:53-70,runattr,,,repetition,8,
Phase6_Deterministic-28-20261001-21:45:53-70,runattr,,,replication,#8,
Phase6_Deterministic-28-20261001-21:45:53-70,runattr,,,resultdir,results_phase6,
Phase6_Deterministic-28-20261001-21:45:53-70,runattr,,,runnumber,28,
Phase6_Deterministic-28-20261001-21:45:53-70,runattr,,,seedset,8,
Phase6_Deterministic-28-20261001-21:45:53-70,itervar,,,rho,0.101694915254,
Phase6_Deterministic-28-20261001-21:45:53-70,config,,,result-dir,results_phase6,
Phase6_Deterministic-28-20261001-21:45:53-70,config,,,repeat,10,
Phase6_Deterministic-28-20261001-21:45:53-70,config,,,seed-set,8,
Phase6_Deterministic-28-20261001-21:45:53-70,config,,,*.queue.D,10,
Phase6_Deterministic-28-20261001-21:45:53-70,config,,,*.queue.r,30,
Phase6_Deterministic-28-20261001-21:45:53-70,config,,,*.queue.rho,0.101694915254,
Phase6_Deterministic-28-20261001-21:45:53-70,config,,,*.queue.type1ServiceDistribution,"""deterministic""",
Phase6_Deterministic-28-20261001-21:45:53-70,config,,,*.queue.type1ServiceSCV,0,
Phase6_Deterministic-28-20261001-21:45:53-70,config,,,*.queue.recordVectors,false,
Phase6_Deterministic-28-20261001-21:45:53-70,config,,,*.queue.recordTailStatistics,true,
Phase6_Deterministic-28-20261001-21:45:53-70,config,,,*.queue.warmupCompletedPackets,200000,
Phase6_Deterministic-28-20261001-21:45:53-70,config,,,*.queue.targetCompletedPackets,1000000,
Phase6_Deterministic-28-20261001-21:45:53-70,config,,,network,dect2020scheduledaccess.DectScheduledAccessNetwork,
Phase6_Deterministic-28-20261001-21:45:53-70,config,,,cmdenv-express-mode,true,
Phase6_Deterministic-28-20261001-21:45:53-70,config,,,cmdenv-status-frequency,10s,
Phase6_Deterministic-28-20261001-21:45:53-70,config,,,result-dir,results,
Phase6_Deterministic-28-20261001-21:45:53-70,config,,,*.queue.frameDuration,10ms,
Phase6_Deterministic-28-20261001-21:45:53-70,config,,,*.queue.meanType1ServiceTime,0.4166666667ms,
Phase6_Deterministic-28-20261001-21:45:53-70,config,,,*.queue.deriveDectParametersFromD,true,
Phase6_Deterministic-28-20261001-21:45:53-70,config,,,*.queue.deriveLambdaFromRho,true,
Phase6_Deterministic-28-20261001-21:45:53-70,config,,,*.queue.warmupCompletedPackets,200000,
Phase6_Deterministic-28-20261001-21:45:53-70,config,,,*.queue.targetCompletedPackets,1000000,
Phase6_Deterministic-28-20261001-21:45:53-70,config,,,*.queue.recordVectors,false,
Phase6_Deterministic-28-20261001-21:45:53-70,config,,,*.queue.rngIndex,0,
Phase6_Deterministic-29-20261001-21:45:54-70,runattr,,,configname,Phase6_Deterministic,
Phase6_Deterministic-29-20261001-21:45:54-70,runattr,,,datetime,20261001-21:45:54,
Phase6_Deterministic-29-20261001-21:45:54-70,runattr,,,datetimef,20261001-214554,
Phase6_Deterministic-29-20261001-21:45:54-70,runattr,,,experiment,Phase6_Deterministic,
Phase6_Deterministic-29-20261001-21:45:54-70,runattr,,,inifile,omnetpp.ini,
Phase6_Deterministic-29-20261001-21:45:54-70,runattr,,,iterationvars,$rho=0.101694915254,
Phase6_Deterministic-29-20261001-21:45:54-70,runattr,,,iterationvarsd,rho=0.101694915254,
Phase6_Deterministic-29-20261001-21:45:54-70,runattr,,,iterationvarsf,rho=0.101694915254-,
Phase6_Deterministic-29-20261001-21:45:54-70,runattr,,,measurement,$rho=0.101694915254,
Phase6_Deterministic-29-20261001-21:45:54-70,runattr,,,network,dect2020scheduledaccess.DectScheduledAccessNetwork,
Phase6_Deterministic-29-20261001-21:45:54-70,runattr,,,processid,70,
Phase6_Deterministic-29-20261001-21:45:54-70,runattr,,,repetition,9,
Phase6_Deterministic-29-20261001-21:45:54-70,runattr,,,replication,#9,
Phase6_Deterministic-29-20261001-21:45:54-70,runattr,,,resultdir,results_phase6,
Phase6_Deterministic-29-20261001-21:45:54-70,runattr,,,runnumber,29,
Phase6_Deterministic-29-20261001-21:45:54-70,runattr,,,seedset,9,
Phase6_Deterministic-29-20261001-21:45:54-70,itervar,,,rho,0.101694915254,
Phase6_Deterministic-29-20261001-21:45:54-70,config,,,result-dir,results_phase6,
Phase6_Deterministic-29-20261001-21:45:54-70,config,,,repeat,10,
Phase6_Deterministic-29-20261001-21:45:54-70,config,,,seed-set,9,
Phase6_Deterministic-29-20261001-21:45:54-70,config,,,*.queue.D,10,
Phase6_Deterministic-29-20261001-21:45:54-70,config,,,*.queue.r,30,
Phase6_Deterministic-29-20261001-21:45:54-70,config,,,*.queue.rho,0.101694915254,
Phase6_Deterministic-29-20261001-21:45:54-70,config,,,*.queue.type1ServiceDistribution,"""deterministic""",
Phase6_Deterministic-29-20261001-21:45:54-70,config,,,*.queue.type1ServiceSCV,0,
Phase6_Deterministic-29-20261001-21:45:54-70,config,,,*.queue.recordVectors,false,
Phase6_Deterministic-29-20261001-21:45:54-70,config,,,*.queue.recordTailStatistics,true,
Phase6_Deterministic-29-20261001-21:45:54-70,config,,,*.queue.warmupCompletedPackets,200000,
Phase6_Deterministic-29-20261001-21:45:54-70,config,,,*.queue.targetCompletedPackets,1000000,
Phase6_Deterministic-29-20261001-21:45:54-70,config,,,network,dect2020scheduledaccess.DectScheduledAccessNetwork,
Phase6_Deterministic-29-20261001-21:45:54-70,config,,,cmdenv-express-mode,true,
Phase6_Deterministic-29-20261001-21:45:54-70,config,,,cmdenv-status-frequency,10s,
Phase6_Deterministic-29-20261001-21:45:54-70,config,,,result-dir,results,
Phase6_Deterministic-29-20261001-21:45:54-70,config,,,*.queue.frameDuration,10ms,
Phase6_Deterministic-29-20261001-21:45:54-70,config,,,*.queue.meanType1ServiceTime,0.4166666667ms,
Phase6_Deterministic-29-20261001-21:45:54-70,config,,,*.queue.deriveDectParametersFromD,true,
Phase6_Deterministic-29-20261001-21:45:54-70,config,,,*.queue.deriveLambdaFromRho,true,
Phase6_Deterministic-29-20261001-21:45:54-70,config,,,*.queue.warmupCompletedPackets,200000,
Phase6_Deterministic-29-20261001-21:45:54-70,config,,,*.queue.targetCompletedPackets,1000000,
Phase6_Deterministic-29-20261001-21:45:54-70,config,,,*.queue.recordVectors,false,
Phase6_Deterministic-29-20261001-21:45:54-70,config,,,*.queue.rngIndex,0,
Phase6_Exponential-0-20261001-21:45:54-71,runattr,,,configname,Phase6_Exponential,
Phase6_Exponential-0-20261001-21:45:54-71,runattr,,,datetime,20261001-21:45:54,
Phase6_Exponential-0-20261001-21:45:54-71,runattr,,,datetimef,20261001-214554,
Phase6_Exponential-0-20261001-21:45:54-71,runattr,,,experiment,Phase6_Exponential,
Phase6_Exponential-0-20261001-21:45:54-71,runattr,,,inifile,omnetpp.ini,
Phase6_Exponential-0-20261001-21:45:54-71,runattr,,,iterationvars,$rho=0.067796610169,
Phase6_Exponential-0-20261001-21:45:54-71,runattr,,,iterationvarsd,rho=0.067796610169,
Phase6_Exponential-0-20261001-21:45:54-71,runattr,,,iterationvarsf,rho=0.067796610169-,
Phase6_Exponential-0-20261001-21:45:54-71,runattr,,,measurement,$rho=0.067796610169,
Phase6_Exponential-0-20261001-21:45:54-71,runattr,,,network,dect2020scheduledaccess.DectScheduledAccessNetwork,
Phase6_Exponential-0-20261001-21:45:54-71,runattr,,,processid,71,
Phase6_Exponential-0-20261001-21:45:54-71,runattr,,,repetition,0,
Phase6_Exponential-0-20261001-21:45:54-71,runattr,,,replication,#0,
Phase6_Exponential-0-20261001-21:45:54-71,runattr,,,resultdir,results_phase6,
Phase6_Exponential-0-20261001-21:45:54-71,runattr,,,runnumber,0,
Phase6_Exponential-0-20261001-21:45:54-71,runattr,,,seedset,0,
Phase6_Exponential-0-20261001-21:45:54-71,itervar,,,rho,0.067796610169,
Phase6_Exponential-0-20261001-21:45:54-71,config,,,extends,Phase6_Deterministic,
Phase6_Exponential-0-20261001-21:45:54-71,config,,,*.queue.type1ServiceDistribution,"""exponential""",
Phase6_Exponential-0-20261001-21:45:54-71,config,,,*.queue.type1ServiceSCV,1,
Phase6_Exponential-0-20261001-21:45:54-71,config,,,result-dir,results_phase6,
Phase6_Exponential-0-20261001-21:45:54-71,config,,,repeat,10,
Phase6_Exponential-0-20261001-21:45:54-71,config,,,seed-set,0,
Phase6_Exponential-0-20261001-21:45:54-71,config,,,*.queue.D,10,
Phase6_Exponential-0-20261001-21:45:54-71,config,,,*.queue.r,30,
Phase6_Exponential-0-20261001-21:45:54-71,config,,,*.queue.rho,0.067796610169,
Phase6_Exponential-0-20261001-21:45:54-71,config,,,*.queue.type1ServiceDistribution,"""deterministic""",
Phase6_Exponential-0-20261001-21:45:54-71,config,,,*.queue.type1ServiceSCV,0,
Phase6_Exponential-0-20261001-21:45:54-71,config,,,*.queue.recordVectors,false,
Phase6_Exponential-0-20261001-21:45:54-71,config,,,*.queue.recordTailStatistics,true,
Phase6_Exponential-0-20261001-21:45:54-71,config,,,*.queue.warmupCompletedPackets,200000,
Phase6_Exponential-0-20261001-21:45:54-71,config,,,*.queue.targetCompletedPackets,1000000,
Phase6_Exponential-0-20261001-21:45:54-71,config,,,network,dect2020scheduledaccess.DectScheduledAccessNetwork,
Phase6_Exponential-0-20261001-21:45:54-71,config,,,cmdenv-express-mode,true,
Phase6_Exponential-0-20261001-21:45:54-71,config,,,cmdenv-status-frequency,10s,
Phase6_Exponential-0-20261001-21:45:54-71,config,,,result-dir,results,
Phase6_Exponential-0-20261001-21:45:54-71,config,,,*.queue.frameDuration,10ms,
Phase6_Exponential-0-20261001-21:45:54-71,config,,,*.queue.meanType1ServiceTime,0.4166666667ms,
Phase6_Exponential-0-20261001-21:45:54-71,config,,,*.queue.deriveDectParametersFromD,true,
Phase6_Exponential-0-20261001-21:45:54-71,config,,,*.queue.deriveLambdaFromRho,true,
Phase6_Exponential-0-20261001-21:45:54-71,config,,,*.queue.warmupCompletedPackets,200000,
Phase6_Exponential-0-20261001-21:45:54-71,config,,,*.queue.targetCompletedPackets,1000000,
Phase6_Exponential-0-20261001-21:45:54-71,config,,,*.queue.recordVectors,false,
Phase6_Exponential-0-20261001-21:45:54-71,config,,,*.queue.rngIndex,0,
Phase6_Exponential-1-20261001-21:45:54-71,runattr,,,configname,Phase6_Exponential,
Phase6_Exponential-1-20261001-21:45:54-71,runattr,,,datetime,20261001-21:45:54,
Phase6_Exponential-1-20261001-21:45:54-71,runattr,,,datetimef,20261001-214554,
Phase6_Exponential-1-20261001-21:45:54-71,runattr,,,experiment,Phase6_Exponential,
Phase6_Exponential-1-20261001-21:45:54-71,runattr,,,inifile,omnetpp.ini,
Phase6_Exponential-1-20261001-21:45:54-71,runattr,,,iterationvars,$rho=0.067796610169,
Phase6_Exponential-1-20261001-21:45:54-71,runattr,,,iterationvarsd,rho=0.067796610169,
Phase6_Exponential-1-20261001-21:45:54-71,runattr,,,iterationvarsf,rho=0.067796610169-,
Phase6_Exponential-1-20261001-21:45:54-71,runattr,,,measurement,$rho=0.067796610169,
Phase6_Exponential-1-20261001-21:45:54-71,runattr,,,network,dect2020scheduledaccess.DectScheduledAccessNetwork,
Phase6_Exponential-1-20261001-21:45:54-71,runattr,,,processid,71,
Phase6_Exponential-1-20261001-21:45:54-71,runattr,,,repetition,1,
Phase6_Exponential-1-20261001-21:45:54-71,runattr,,,replication,#1,
Phase6_Exponential-1-20261001-21:45:54-71,runattr,,,resultdir,results_phase6,
Phase6_Exponential-1-20261001-21:45:54-71,runattr,,,runnumber,1,
Phase6_Exponential-1-20261001-21:45:54-71,runattr,,,seedset,1,
Phase6_Exponential-1-20261001-21:45:54-71,itervar,,,rho,0.067796610169,
Phase6_Exponential-1-20261001-21:45:54-71,config,,,extends,Phase6_Deterministic,
Phase6_Exponential-1-20261001-21:45:54-71,config,,,*.queue.type1ServiceDistribution,"""exponential""",
Phase6_Exponential-1-20261001-21:45:54-71,config,,,*.queue.type1ServiceSCV,1,
Phase6_Exponential-1-20261001-21:45:54-71,config,,,result-dir,results_phase6,
Phase6_Exponential-1-20261001-21:45:54-71,config,,,repeat,10,
Phase6_Exponential-1-20261001-21:45:54-71,config,,,seed-set,1,
Phase6_Exponential-1-20261001-21:45:54-71,config,,,*.queue.D,10,
Phase6_Exponential-1-20261001-21:45:54-71,config,,,*.queue.r,30,
Phase6_Exponential-1-20261001-21:45:54-71,config,,,*.queue.rho,0.067796610169,
Phase6_Exponential-1-20261001-21:45:54-71,config,,,*.queue.type1ServiceDistribution,"""deterministic""",
Phase6_Exponential-1-20261001-21:45:54-71,config,,,*.queue.type1ServiceSCV,0,
Phase6_Exponential-1-20261001-21:45:54-71,config,,,*.queue.recordVectors,false,
Phase6_Exponential-1-20261001-21:45:54-71,config,,,*.queue.recordTailStatistics,true,
Phase6_Exponential-1-20261001-21:45:54-71,config,,,*.queue.warmupCompletedPackets,200000,
Phase6_Exponential-1-20261001-21:45:54-71,config,,,*.queue.targetCompletedPackets,1000000,
Phase6_Exponential-1-20261001-21:45:54-71,config,,,network,dect2020scheduledaccess.DectScheduledAccessNetwork,
Phase6_Exponential-1-20261001-21:45:54-71,config,,,cmdenv-express-mode,true,
Phase6_Exponential-1-20261001-21:45:54-71,config,,,cmdenv-status-frequency,10s,
Phase6_Exponential-1-20261001-21:45:54-71,config,,,result-dir,results,
Phase6_Exponential-1-20261001-21:45:54-71,config,,,*.queue.frameDuration,10ms,
Phase6_Exponential-1-20261001-21:45:54-71,config,,,*.queue.meanType1ServiceTime,0.4166666667ms,
Phase6_Exponential-1-20261001-21:45:54-71,config,,,*.queue.deriveDectParametersFromD,true,
Phase6_Exponential-1-20261001-21:45:54-71,config,,,*.queue.deriveLambdaFromRho,true,
Phase6_Exponential-1-20261001-21:45:54-71,config,,,*.queue.warmupCompletedPackets,200000,
Phase6_Exponential-1-20261001-21:45:54-71,config,,,*.queue.targetCompletedPackets,1000000,
Phase6_Exponential-1-20261001-21:45:54-71,config,,,*.queue.recordVectors,false,
Phase6_Exponential-1-20261001-21:45:54-71,config,,,*.queue.rngIndex,0,
Phase6_Exponential-2-20261001-21:45:54-71,runattr,,,configname,Phase6_Exponential,
Phase6_Exponential-2-20261001-21:45:54-71,runattr,,,datetime,20261001-21:45:54,
Phase6_Exponential-2-20261001-21:45:54-71,runattr,,,datetimef,20261001-214554,
Phase6_Exponential-2-20261001-21:45:54-71,runattr,,,experiment,Phase6_Exponential,
Phase6_Exponential-2-20261001-21:45:54-71,runattr,,,inifile,omnetpp.ini,
Phase6_Exponential-2-20261001-21:45:54-71,runattr,,,iterationvars,$rho=0.067796610169,
Phase6_Exponential-2-20261001-21:45:54-71,runattr,,,iterationvarsd,rho=0.067796610169,
Phase6_Exponential-2-20261001-21:45:54-71,runattr,,,iterationvarsf,rho=0.067796610169-,
Phase6_Exponential-2-20261001-21:45:54-71,runattr,,,measurement,$rho=0.067796610169,
Phase6_Exponential-2-20261001-21:45:54-71,runattr,,,network,dect2020scheduledaccess.DectScheduledAccessNetwork,
Phase6_Exponential-2-20261001-21:45:54-71,runattr,,,processid,71,
Phase6_Exponential-2-20261001-21:45:54-71,runattr,,,repetition,2,
Phase6_Exponential-2-20261001-21:45:54-71,runattr,,,replication,#2,
Phase6_Exponential-2-20261001-21:45:54-71,runattr,,,resultdir,results_phase6,
Phase6_Exponential-2-20261001-21:45:54-71,runattr,,,runnumber,2,
Phase6_Exponential-2-20261001-21:45:54-71,runattr,,,seedset,2,
Phase6_Exponential-2-20261001-21:45:54-71,itervar,,,rho,0.067796610169,
Phase6_Exponential-2-20261001-21:45:54-71,config,,,extends,Phase6_Deterministic,
Phase6_Exponential-2-20261001-21:45:54-71,config,,,*.queue.type1ServiceDistribution,"""exponential""",
Phase6_Exponential-2-20261001-21:45:54-71,config,,,*.queue.type1ServiceSCV,1,
Phase6_Exponential-2-20261001-21:45:54-71,config,,,result-dir,results_phase6,
Phase6_Exponential-2-20261001-21:45:54-71,config,,,repeat,10,
Phase6_Exponential-2-20261001-21:45:54-71,config,,,seed-set,2,
Phase6_Exponential-2-20261001-21:45:54-71,config,,,*.queue.D,10,
Phase6_Exponential-2-20261001-21:45:54-71,config,,,*.queue.r,30,
Phase6_Exponential-2-20261001-21:45:54-71,config,,,*.queue.rho,0.067796610169,
Phase6_Exponential-2-20261001-21:45:54-71,config,,,*.queue.type1ServiceDistribution,"""deterministic""",
Phase6_Exponential-2-20261001-21:45:54-71,config,,,*.queue.type1ServiceSCV,0,
Phase6_Exponential-2-20261001-21:45:54-71,config,,,*.queue.recordVectors,false,
Phase6_Exponential-2-20261001-21:45:54-71,config,,,*.queue.recordTailStatistics,true,
Phase6_Exponential-2-20261001-21:45:54-71,config,,,*.queue.warmupCompletedPackets,200000,
Phase6_Exponential-2-20261001-21:45:54-71,config,,,*.queue.targetCompletedPackets,1000000,
Phase6_Exponential-2-20261001-21:45:54-71,config,,,network,dect2020scheduledaccess.DectScheduledAccessNetwork,
Phase6_Exponential-2-20261001-21:45:54-71,config,,,cmdenv-express-mode,true,
Phase6_Exponential-2-20261001-21:45:54-71,config,,,cmdenv-status-frequency,10s,
Phase6_Exponential-2-20261001-21:45:54-71,config,,,result-dir,results,
Phase6_Exponential-2-20261001-21:45:54-71,config,,,*.queue.frameDuration,10ms,
Phase6_Exponential-2-20261001-21:45:54-71,config,,,*.queue.meanType1ServiceTime,0.4166666667ms,
Phase6_Exponential-2-20261001-21:45:54-71,config,,,*.queue.deriveDectParametersFromD,true,
Phase6_Exponential-2-20261001-21:45:54-71,config,,,*.queue.deriveLambdaFromRho,true,
Phase6_Exponential-2-20261001-21:45:54-71,config,,,*.queue.warmupCompletedPackets,200000,
Phase6_Exponential-2-20261001-21:45:54-71,config,,,*.queue.targetCompletedPackets,1000000,
Phase6_Exponential-2-20261001-21:45:54-71,config,,,*.queue.recordVectors,false,
Phase6_Exponential-2-20261001-21:45:54-71,config,,,*.queue.rngIndex,0,
Phase6_Exponential-3-20261001-21:45:55-71,runattr,,,configname,Phase6_Exponential,
Phase6_Exponential-3-20261001-21:45:55-71,runattr,,,datetime,20261001-21:45:55,
Phase6_Exponential-3-20261001-21:45:55-71,runattr,,,datetimef,20261001-214555,
Phase6_Exponential-3-20261001-21:45:55-71,runattr,,,experiment,Phase6_Exponential,
Phase6_Exponential-3-20261001-21:45:55-71,runattr,,,inifile,omnetpp.ini,
Phase6_Exponential-3-20261001-21:45:55-71,runattr,,,iterationvars,$rho=0.067796610169,
Phase6_Exponential-3-20261001-21:45:55-71,runattr,,,iterationvarsd,rho=0.067796610169,
Phase6_Exponential-3-20261001-21:45:55-71,runattr,,,iterationvarsf,rho=0.067796610169-,
Phase6_Exponential-3-20261001-21:45:55-71,runattr,,,measurement,$rho=0.067796610169,
Phase6_Exponential-3-20261001-21:45:55-71,runattr,,,network,dect2020scheduledaccess.DectScheduledAccessNetwork,
Phase6_Exponential-3-20261001-21:45:55-71,runattr,,,processid,71,
Phase6_Exponential-3-20261001-21:45:55-71,runattr,,,repetition,3,
Phase6_Exponential-3-20261001-21:45:55-71,runattr,,,replication,#3,
Phase6_Exponential-3-20261001-21:45:55-71,runattr,,,resultdir,results_phase6,
Phase6_Exponential-3-20261001-21:45:55-71,runattr,,,runnumber,3,
Phase6_Exponential-3-20261001-21:45:55-71,runattr,,,seedset,3,
Phase6_Exponential-3-20261001-21:45:55-71,itervar,,,rho,0.067796610169,
Phase6_Exponential-3-20261001-21:45:55-71,config,,,extends,Phase6_Deterministic,
Phase6_Exponential-3-20261001-21:45:55-71,config,,,*.queue.type1ServiceDistribution,"""exponential""",
Phase6_Exponential-3-20261001-21:45:55-71,config,,,*.queue.type1ServiceSCV,1,
Phase6_Exponential-3-20261001-21:45:55-71,config,,,result-dir,results_phase6,
Phase6_Exponential-3-20261001-21:45:55-71,config,,,repeat,10,
Phase6_Exponential-3-20261001-21:45:55-71,config,,,seed-set,3,
Phase6_Exponential-3-20261001-21:45:55-71,config,,,*.queue.D,10,
Phase6_Exponential-3-20261001-21:45:55-71,config,,,*.queue.r,30,
Phase6_Exponential-3-20261001-21:45:55-71,config,,,*.queue.rho,0.067796610169,
Phase6_Exponential-3-20261001-21:45:55-71,config,,,*.queue.type1ServiceDistribution,"""deterministic""",
Phase6_Exponential-3-20261001-21:45:55-71,config,,,*.queue.type1ServiceSCV,0,
Phase6_Exponential-3-20261001-21:45:55-71,config,,,*.queue.recordVectors,false,
Phase6_Exponential-3-20261001-21:45:55-71,config,,,*.queue.recordTailStatistics,true,
Phase6_Exponential-3-20261001-21:45:55-71,config,,,*.queue.warmupCompletedPackets,200000,
Phase6_Exponential-3-20261001-21:45:55-71,config,,,*.queue.targetCompletedPackets,1000000,
Phase6_Exponential-3-20261001-21:45:55-71,config,,,network,dect2020scheduledaccess.DectScheduledAccessNetwork,
Phase6_Exponential-3-20261001-21:45:55-71,config,,,cmdenv-express-mode,true,
Phase6_Exponential-3-20261001-21:45:55-71,config,,,cmdenv-status-frequency,10s,
Phase6_Exponential-3-20261001-21:45:55-71,config,,,result-dir,results,
Phase6_Exponential-3-20261001-21:45:55-71,config,,,*.queue.frameDuration,10ms,
Phase6_Exponential-3-20261001-21:45:55-71,config,,,*.queue.meanType1ServiceTime,0.4166666667ms,
Phase6_Exponential-3-20261001-21:45:55-71,config,,,*.queue.deriveDectParametersFromD,true,
Phase6_Exponential-3-20261001-21:45:55-71,config,,,*.queue.deriveLambdaFromRho,true,
Phase6_Exponential-3-20261001-21:45:55-71,config,,,*.queue.warmupCompletedPackets,200000,
Phase6_Exponential-3-20261001-21:45:55-71,config,,,*.queue.targetCompletedPackets,1000000,
Phase6_Exponential-3-20261001-21:45:55-71,config,,,*.queue.recordVectors,false,
Phase6_Exponential-3-20261001-21:45:55-71,config,,,*.queue.rngIndex,0,
Phase6_Exponential-4-20261001-21:45:55-71,runattr,,,configname,Phase6_Exponential,
Phase6_Exponential-4-20261001-21:45:55-71,runattr,,,datetime,20261001-21:45:55,
Phase6_Exponential-4-20261001-21:45:55-71,runattr,,,datetimef,20261001-214555,
Phase6_Exponential-4-20261001-21:45:55-71,runattr,,,experiment,Phase6_Exponential,
Phase6_Exponential-4-20261001-21:45:55-71,runattr,,,inifile,omnetpp.ini,
Phase6_Exponential-4-20261001-21:45:55-71,runattr,,,iterationvars,$rho=0.067796610169,
Phase6_Exponential-4-20261001-21:45:55-71,runattr,,,iterationvarsd,rho=0.067796610169,
Phase6_Exponential-4-20261001-21:45:55-71,runattr,,,iterationvarsf,rho=0.067796610169-,
Phase6_Exponential-4-20261001-21:45:55-71,runattr,,,measurement,$rho=0.067796610169,
Phase6_Exponential-4-20261001-21:45:55-71,runattr,,,network,dect2020scheduledaccess.DectScheduledAccessNetwork,
Phase6_Exponential-4-20261001-21:45:55-71,runattr,,,processid,71,
Phase6_Exponential-4-20261001-21:45:55-71,runattr,,,repetition,4,
Phase6_Exponential-4-20261001-21:45:55-71,runattr,,,replication,#4,
Phase6_Exponential-4-20261001-21:45:55-71,runattr,,,resultdir,results_phase6,
Phase6_Exponential-4-20261001-21:45:55-71,runattr,,,runnumber,4,
Phase6_Exponential-4-20261001-21:45:55-71,runattr,,,seedset,4,
Phase6_Exponential-4-20261001-21:45:55-71,itervar,,,rho,0.067796610169,
Phase6_Exponential-4-20261001-21:45:55-71,config,,,extends,Phase6_Deterministic,
Phase6_Exponential-4-20261001-21:45:55-71,config,,,*.queue.type1ServiceDistribution,"""exponential""",
Phase6_Exponential-4-20261001-21:45:55-71,config,,,*.queue.type1ServiceSCV,1,
Phase6_Exponential-4-20261001-21:45:55-71,config,,,result-dir,results_phase6,
Phase6_Exponential-4-20261001-21:45:55-71,config,,,repeat,10,
Phase6_Exponential-4-20261001-21:45:55-71,config,,,seed-set,4,
Phase6_Exponential-4-20261001-21:45:55-71,config,,,*.queue.D,10,
Phase6_Exponential-4-20261001-21:45:55-71,config,,,*.queue.r,30,
Phase6_Exponential-4-20261001-21:45:55-71,config,,,*.queue.rho,0.067796610169,
Phase6_Exponential-4-20261001-21:45:55-71,config,,,*.queue.type1ServiceDistribution,"""deterministic""",
Phase6_Exponential-4-20261001-21:45:55-71,config,,,*.queue.type1ServiceSCV,0,
Phase6_Exponential-4-20261001-21:45:55-71,config,,,*.queue.recordVectors,false,
Phase6_Exponential-4-20261001-21:45:55-71,config,,,*.queue.recordTailStatistics,true,
Phase6_Exponential-4-20261001-21:45:55-71,config,,,*.queue.warmupCompletedPackets,200000,
Phase6_Exponential-4-20261001-21:45:55-71,config,,,*.queue.targetCompletedPackets,1000000,
Phase6_Exponential-4-20261001-21:45:55-71,config,,,network,dect2020scheduledaccess.DectScheduledAccessNetwork,
Phase6_Exponential-4-20261001-21:45:55-71,config,,,cmdenv-express-mode,true,
Phase6_Exponential-4-20261001-21:45:55-71,config,,,cmdenv-status-frequency,10s,
Phase6_Exponential-4-20261001-21:45:55-71,config,,,result-dir,results,
Phase6_Exponential-4-20261001-21:45:55-71,config,,,*.queue.frameDuration,10ms,
Phase6_Exponential-4-20261001-21:45:55-71,config,,,*.queue.meanType1ServiceTime,0.4166666667ms,
Phase6_Exponential-4-20261001-21:45:55-71,config,,,*.queue.deriveDectParametersFromD,true,
Phase6_Exponential-4-20261001-21:45:55-71,config,,,*.queue.deriveLambdaFromRho,true,
Phase6_Exponential-4-20261001-21:45:55-71,config,,,*.queue.warmupCompletedPackets,200000,
Phase6_Exponential-4-20261001-21:45:55-71,config,,,*.queue.targetCompletedPackets,1000000,
Phase6_Exponential-4-20261001-21:45:55-71,config,,,*.queue.recordVectors,false,
Phase6_Exponential-4-20261001-21:45:55-71,config,,,*.queue.rngIndex,0,
Phase6_Exponential-5-20261001-21:45:55-71,runattr,,,configname,Phase6_Exponential,
Phase6_Exponential-5-20261001-21:45:55-71,runattr,,,datetime,20261001-21:45:55,
Phase6_Exponential-5-20261001-21:45:55-71,runattr,,,datetimef,20261001-214555,
Phase6_Exponential-5-20261001-21:45:55-71,runattr,,,experiment,Phase6_Exponential,
Phase6_Exponential-5-20261001-21:45:55-71,runattr,,,inifile,omnetpp.ini,
Phase6_Exponential-5-20261001-21:45:55-71,runattr,,,iterationvars,$rho=0.067796610169,
Phase6_Exponential-5-20261001-21:45:55-71,runattr,,,iterationvarsd,rho=0.067796610169,
Phase6_Exponential-5-20261001-21:45:55-71,runattr,,,iterationvarsf,rho=0.067796610169-,
Phase6_Exponential-5-20261001-21:45:55-71,runattr,,,measurement,$rho=0.067796610169,
Phase6_Exponential-5-20261001-21:45:55-71,runattr,,,network,dect2020scheduledaccess.DectScheduledAccessNetwork,
Phase6_Exponential-5-20261001-21:45:55-71,runattr,,,processid,71,
Phase6_Exponential-5-20261001-21:45:55-71,runattr,,,repetition,5,
Phase6_Exponential-5-20261001-21:45:55-71,runattr,,,replication,#5,
Phase6_Exponential-5-20261001-21:45:55-71,runattr,,,resultdir,results_phase6,
Phase6_Exponential-5-20261001-21:45:55-71,runattr,,,runnumber,5,
Phase6_Exponential-5-20261001-21:45:55-71,runattr,,,seedset,5,
Phase6_Exponential-5-20261001-21:45:55-71,itervar,,,rho,0.067796610169,
Phase6_Exponential-5-20261001-21:45:55-71,config,,,extends,Phase6_Deterministic,
Phase6_Exponential-5-20261001-21:45:55-71,config,,,*.queue.type1ServiceDistribution,"""exponential""",
Phase6_Exponential-5-20261001-21:45:55-71,config,,,*.queue.type1ServiceSCV,1,
Phase6_Exponential-5-20261001-21:45:55-71,config,,,result-dir,results_phase6,
Phase6_Exponential-5-20261001-21:45:55-71,config,,,repeat,10,
Phase6_Exponential-5-20261001-21:45:55-71,config,,,seed-set,5,
Phase6_Exponential-5-20261001-21:45:55-71,config,,,*.queue.D,10,
Phase6_Exponential-5-20261001-21:45:55-71,config,,,*.queue.r,30,
Phase6_Exponential-5-20261001-21:45:55-71,config,,,*.queue.rho,0.067796610169,
Phase6_Exponential-5-20261001-21:45:55-71,config,,,*.queue.type1ServiceDistribution,"""deterministic""",
Phase6_Exponential-5-20261001-21:45:55-71,config,,,*.queue.type1ServiceSCV,0,
Phase6_Exponential-5-20261001-21:45:55-71,config,,,*.queue.recordVectors,false,
Phase6_Exponential-5-20261001-21:45:55-71,config,,,*.queue.recordTailStatistics,true,
Phase6_Exponential-5-20261001-21:45:55-71,config,,,*.queue.warmupCompletedPackets,200000,
Phase6_Exponential-5-20261001-21:45:55-71,config,,,*.queue.targetCompletedPackets,1000000,
Phase6_Exponential-5-20261001-21:45:55-71,config,,,network,dect2020scheduledaccess.DectScheduledAccessNetwork,
Phase6_Exponential-5-20261001-21:45:55-71,config,,,cmdenv-express-mode,true,
Phase6_Exponential-5-20261001-21:45:55-71,config,,,cmdenv-status-frequency,10s,
Phase6_Exponential-5-20261001-21:45:55-71,config,,,result-dir,results,
Phase6_Exponential-5-20261001-21:45:55-71,config,,,*.queue.frameDuration,10ms,
Phase6_Exponential-5-20261001-21:45:55-71,config,,,*.queue.meanType1ServiceTime,0.4166666667ms,
Phase6_Exponential-5-20261001-21:45:55-71,config,,,*.queue.deriveDectParametersFromD,true,
Phase6_Exponential-5-20261001-21:45:55-71,config,,,*.queue.deriveLambdaFromRho,true,
Phase6_Exponential-5-20261001-21:45:55-71,config,,,*.queue.warmupCompletedPackets,200000,
Phase6_Exponential-5-20261001-21:45:55-71,config,,,*.queue.targetCompletedPackets,1000000,
Phase6_Exponential-5-20261001-21:45:55-71,config,,,*.queue.recordVectors,false,
Phase6_Exponential-5-20261001-21:45:55-71,config,,,*.queue.rngIndex,0,
Phase6_Exponential-6-20261001-21:45:55-71,runattr,,,configname,Phase6_Exponential,
Phase6_Exponential-6-20261001-21:45:55-71,runattr,,,datetime,20261001-21:45:55,
Phase6_Exponential-6-20261001-21:45:55-71,runattr,,,datetimef,20261001-214555,
Phase6_Exponential-6-20261001-21:45:55-71,runattr,,,experiment,Phase6_Exponential,
Phase6_Exponential-6-20261001-21:45:55-71,runattr,,,inifile,omnetpp.ini,
Phase6_Exponential-6-20261001-21:45:55-71,runattr,,,iterationvars,$rho=0.067796610169,
Phase6_Exponential-6-20261001-21:45:55-71,runattr,,,iterationvarsd,rho=0.067796610169,
Phase6_Exponential-6-20261001-21:45:55-71,runattr,,,iterationvarsf,rho=0.067796610169-,
Phase6_Exponential-6-20261001-21:45:55-71,runattr,,,measurement,$rho=0.067796610169,
Phase6_Exponential-6-20261001-21:45:55-71,runattr,,,network,dect2020scheduledaccess.DectScheduledAccessNetwork,
Phase6_Exponential-6-20261001-21:45:55-71,runattr,,,processid,71,
Phase6_Exponential-6-20261001-21:45:55-71,runattr,,,repetition,6,
Phase6_Exponential-6-20261001-21:45:55-71,runattr,,,replication,#6,
Phase6_Exponential-6-20261001-21:45:55-71,runattr,,,resultdir,results_phase6,
Phase6_Exponential-6-20261001-21:45:55-71,runattr,,,runnumber,6,
Phase6_Exponential-6-20261001-21:45:55-71,runattr,,,seedset,6,
Phase6_Exponential-6-20261001-21:45:55-71,itervar,,,rho,0.067796610169,
Phase6_Exponential-6-20261001-21:45:55-71,config,,,extends,Phase6_Deterministic,
Phase6_Exponential-6-20261001-21:45:55-71,config,,,*.queue.type1ServiceDistribution,"""exponential""",
Phase6_Exponential-6-20261001-21:45:55-71,config,,,*.queue.type1ServiceSCV,1,
Phase6_Exponential-6-20261001-21:45:55-71,config,,,result-dir,results_phase6,
Phase6_Exponential-6-20261001-21:45:55-71,config,,,repeat,10,
Phase6_Exponential-6-20261001-21:45:55-71,config,,,seed-set,6,
Phase6_Exponential-6-20261001-21:45:55-71,config,,,*.queue.D,10,
Phase6_Exponential-6-20261001-21:45:55-71,config,,,*.queue.r,30,
Phase6_Exponential-6-20261001-21:45:55-71,config,,,*.queue.rho,0.067796610169,
Phase6_Exponential-6-20261001-21:45:55-71,config,,,*.queue.type1ServiceDistribution,"""deterministic""",
Phase6_Exponential-6-20261001-21:45:55-71,config,,,*.queue.type1ServiceSCV,0,
Phase6_Exponential-6-20261001-21:45:55-71,config,,,*.queue.recordVectors,false,
Phase6_Exponential-6-20261001-21:45:55-71,config,,,*.queue.recordTailStatistics,true,
Phase6_Exponential-6-20261001-21:45:55-71,config,,,*.queue.warmupCompletedPackets,200000,
Phase6_Exponential-6-20261001-21:45:55-71,config,,,*.queue.targetCompletedPackets,1000000,
Phase6_Exponential-6-20261001-21:45:55-71,config,,,network,dect2020scheduledaccess.DectScheduledAccessNetwork,
Phase6_Exponential-6-20261001-21:45:55-71,config,,,cmdenv-express-mode,true,
Phase6_Exponential-6-20261001-21:45:55-71,config,,,cmdenv-status-frequency,10s,
Phase6_Exponential-6-20261001-21:45:55-71,config,,,result-dir,results,
Phase6_Exponential-6-20261001-21:45:55-71,config,,,*.queue.frameDuration,10ms,
Phase6_Exponential-6-20261001-21:45:55-71,config,,,*.queue.meanType1ServiceTime,0.4166666667ms,
Phase6_Exponential-6-20261001-21:45:55-71,config,,,*.queue.deriveDectParametersFromD,true,
Phase6_Exponential-6-20261001-21:45:55-71,config,,,*.queue.deriveLambdaFromRho,true,
Phase6_Exponential-6-20261001-21:45:55-71,config,,,*.queue.warmupCompletedPackets,200000,
Phase6_Exponential-6-20261001-21:45:55-71,config,,,*.queue.targetCompletedPackets,1000000,
Phase6_Exponential-6-20261001-21:45:55-71,config,,,*.queue.recordVectors,false,
Phase6_Exponential-6-20261001-21:45:55-71,config,,,*.queue.rngIndex,0,
Phase6_Exponential-7-20261001-21:45:56-71,runattr,,,configname,Phase6_Exponential,
Phase6_Exponential-7-20261001-21:45:56-71,runattr,,,datetime,20261001-21:45:56,
Phase6_Exponential-7-20261001-21:45:56-71,runattr,,,datetimef,20261001-214556,
Phase6_Exponential-7-20261001-21:45:56-71,runattr,,,experiment,Phase6_Exponential,
Phase6_Exponential-7-20261001-21:45:56-71,runattr,,,inifile,omnetpp.ini,
Phase6_Exponential-7-20261001-21:45:56-71,runattr,,,iterationvars,$rho=0.067796610169,
Phase6_Exponential-7-20261001-21:45:56-71,runattr,,,iterationvarsd,rho=0.067796610169,
Phase6_Exponential-7-20261001-21:45:56-71,runattr,,,iterationvarsf,rho=0.067796610169-,
Phase6_Exponential-7-20261001-21:45:56-71,runattr,,,measurement,$rho=0.067796610169,
Phase6_Exponential-7-20261001-21:45:56-71,runattr,,,network,dect2020scheduledaccess.DectScheduledAccessNetwork,
Phase6_Exponential-7-20261001-21:45:56-71,runattr,,,processid,71,
Phase6_Exponential-7-20261001-21:45:56-71,runattr,,,repetition,7,
Phase6_Exponential-7-20261001-21:45:56-71,runattr,,,replication,#7,
Phase6_Exponential-7-20261001-21:45:56-71,runattr,,,resultdir,results_phase6,
Phase6_Exponential-7-20261001-21:45:56-71,runattr,,,runnumber,7,
Phase6_Exponential-7-20261001-21:45:56-71,runattr,,,seedset,7,
Phase6_Exponential-7-20261001-21:45:56-71,itervar,,,rho,0.067796610169,
Phase6_Exponential-7-20261001-21:45:56-71,config,,,extends,Phase6_Deterministic,
Phase6_Exponential-7-20261001-21:45:56-71,config,,,*.queue.type1ServiceDistribution,"""exponential""",
Phase6_Exponential-7-20261001-21:45:56-71,config,,,*.queue.type1ServiceSCV,1,
Phase6_Exponential-7-20261001-21:45:56-71,config,,,result-dir,results_phase6,
Phase6_Exponential-7-20261001-21:45:56-71,config,,,repeat,10,
Phase6_Exponential-7-20261001-21:45:56-71,config,,,seed-set,7,
Phase6_Exponential-7-20261001-21:45:56-71,config,,,*.queue.D,10,
Phase6_Exponential-7-20261001-21:45:56-71,config,,,*.queue.r,30,
Phase6_Exponential-7-20261001-21:45:56-71,config,,,*.queue.rho,0.067796610169,
Phase6_Exponential-7-20261001-21:45:56-71,config,,,*.queue.type1ServiceDistribution,"""deterministic""",
Phase6_Exponential-7-20261001-21:45:56-71,config,,,*.queue.type1ServiceSCV,0,
Phase6_Exponential-7-20261001-21:45:56-71,config,,,*.queue.recordVectors,false,
Phase6_Exponential-7-20261001-21:45:56-71,config,,,*.queue.recordTailStatistics,true,
Phase6_Exponential-7-20261001-21:45:56-71,config,,,*.queue.warmupCompletedPackets,200000,
Phase6_Exponential-7-20261001-21:45:56-71,config,,,*.queue.targetCompletedPackets,1000000,
Phase6_Exponential-7-20261001-21:45:56-71,config,,,network,dect2020scheduledaccess.DectScheduledAccessNetwork,
Phase6_Exponential-7-20261001-21:45:56-71,config,,,cmdenv-express-mode,true,
Phase6_Exponential-7-20261001-21:45:56-71,config,,,cmdenv-status-frequency,10s,
Phase6_Exponential-7-20261001-21:45:56-71,config,,,result-dir,results,
Phase6_Exponential-7-20261001-21:45:56-71,config,,,*.queue.frameDuration,10ms,
Phase6_Exponential-7-20261001-21:45:56-71,config,,,*.queue.meanType1ServiceTime,0.4166666667ms,
Phase6_Exponential-7-20261001-21:45:56-71,config,,,*.queue.deriveDectParametersFromD,true,
Phase6_Exponential-7-20261001-21:45:56-71,config,,,*.queue.deriveLambdaFromRho,true,
Phase6_Exponential-7-20261001-21:45:56-71,config,,,*.queue.warmupCompletedPackets,200000,
Phase6_Exponential-7-20261001-21:45:56-71,config,,,*.queue.targetCompletedPackets,1000000,
Phase6_Exponential-7-20261001-21:45:56-71,config,,,*.queue.recordVectors,false,
Phase6_Exponential-7-20261001-21:45:56-71,config,,,*.queue.rngIndex,0,
Phase6_Exponential-8-20261001-21:45:56-71,runattr,,,configname,Phase6_Exponential,
Phase6_Exponential-8-20261001-21:45:56-71,runattr,,,datetime,20261001-21:45:56,
Phase6_Exponential-8-20261001-21:45:56-71,runattr,,,datetimef,20261001-214556,
Phase6_Exponential-8-20261001-21:45:56-71,runattr,,,experiment,Phase6_Exponential,
Phase6_Exponential-8-20261001-21:45:56-71,runattr,,,inifile,omnetpp.ini,
Phase6_Exponential-8-20261001-21:45:56-71,runattr,,,iterationvars,$rho=0.067796610169,
Phase6_Exponential-8-20261001-21:45:56-71,runattr,,,iterationvarsd,rho=0.067796610169,
Phase6_Exponential-8-20261001-21:45:56-71,runattr,,,iterationvarsf,rho=0.067796610169-,
Phase6_Exponential-8-20261001-21:45:56-71,runattr,,,measurement,$rho=0.067796610169,
Phase6_Exponential-8-20261001-21:45:56-71,runattr,,,network,dect2020scheduledaccess.DectScheduledAccessNetwork,
Phase6_Exponential-8-20261001-21:45:56-71,runattr,,,processid,71,
Phase6_Exponential-8-20261001-21:45:56-71,runattr,,,repetition,8,
Phase6_Exponential-8-20261001-21:45:56-71,runattr,,,replication,#8,
Phase6_Exponential-8-20261001-21:45:56-71,runattr,,,resultdir,results_phase6,
Phase6_Exponential-8-20261001-21:45:56-71,runattr,,,runnumber,8,
Phase6_Exponential-8-20261001-21:45:56-71,runattr,,,seedset,8,
Phase6_Exponential-8-20261001-21:45:56-71,itervar,,,rho,0.067796610169,
Phase6_Exponential-8-20261001-21:45:56-71,config,,,extends,Phase6_Deterministic,
Phase6_Exponential-8-20261001-21:45:56-71,config,,,*.queue.type1ServiceDistribution,"""exponential""",
Phase6_Exponential-8-20261001-21:45:56-71,config,,,*.queue.type1ServiceSCV,1,
Phase6_Exponential-8-20261001-21:45:56-71,config,,,result-dir,results_phase6,
Phase6_Exponential-8-20261001-21:45:56-71,config,,,repeat,10,
Phase6_Exponential-8-20261001-21:45:56-71,config,,,seed-set,8,
Phase6_Exponential-8-20261001-21:45:56-71,config,,,*.queue.D,10,
Phase6_Exponential-8-20261001-21:45:56-71,config,,,*.queue.r,30,
Phase6_Exponential-8-20261001-21:45:56-71,config,,,*.queue.rho,0.067796610169,
Phase6_Exponential-8-20261001-21:45:56-71,config,,,*.queue.type1ServiceDistribution,"""deterministic""",
Phase6_Exponential-8-20261001-21:45:56-71,config,,,*.queue.type1ServiceSCV,0,
Phase6_Exponential-8-20261001-21:45:56-71,config,,,*.queue.recordVectors,false,
Phase6_Exponential-8-20261001-21:45:56-71,config,,,*.queue.recordTailStatistics,true,
Phase6_Exponential-8-20261001-21:45:56-71,config,,,*.queue.warmupCompletedPackets,200000,
Phase6_Exponential-8-20261001-21:45:56-71,config,,,*.queue.targetCompletedPackets,1000000,
Phase6_Exponential-8-20261001-21:45:56-71,config,,,network,dect2020scheduledaccess.DectScheduledAccessNetwork,
Phase6_Exponential-8-20261001-21:45:56-71,config,,,cmdenv-express-mode,true,
Phase6_Exponential-8-20261001-21:45:56-71,config,,,cmdenv-status-frequency,10s,
Phase6_Exponential-8-20261001-21:45:56-71,config,,,result-dir,results,
Phase6_Exponential-8-20261001-21:45:56-71,config,,,*.queue.frameDuration,10ms,
Phase6_Exponential-8-20261001-21:45:56-71,config,,,*.queue.meanType1ServiceTime,0.4166666667ms,
Phase6_Exponential-8-20261001-21:45:56-71,config,,,*.queue.deriveDectParametersFromD,true,
Phase6_Exponential-8-20261001-21:45:56-71,config,,,*.queue.deriveLambdaFromRho,true,
Phase6_Exponential-8-20261001-21:45:56-71,config,,,*.queue.warmupCompletedPackets,200000,
Phase6_Exponential-8-20261001-21:45:56-71,config,,,*.queue.targetCompletedPackets,1000000,
Phase6_Exponential-8-20261001-21:45:56-71,config,,,*.queue.recordVectors,false,
Phase6_Exponential-8-20261001-21:45:56-71,config,,,*.queue.rngIndex,0,
Phase6_Exponential-9-20261001-21:45:56-71,runattr,,,configname,Phase6_Exponential,
Phase6_Exponential-9-20261001-21:45:56-71,runattr,,,datetime,20261001-21:45:56,
Phase6_Exponential-9-20261001-21:45:56-71,runattr,,,datetimef,20261001-214556,
Phase6_Exponential-9-20261001-21:45:56-71,runattr,,,experiment,Phase6_Exponential,
Phase6_Exponential-9-20261001-21:45:56-71,runattr,,,inifile,omnetpp.ini,
Phase6_Exponential-9-20261001-21:45:56-71,runattr,,,iterationvars,$rho=0.067796610169,
Phase6_Exponential-9-20261001-21:45:56-71,runattr,,,iterationvarsd,rho=0.067796610169,
Phase6_Exponential-9-20261001-21:45:56-71,runattr,,,iterationvarsf,rho=0.067796610169-,
Phase6_Exponential-9-20261001-21:45:56-71,runattr,,,measurement,$rho=0.067796610169,
Phase6_Exponential-9-20261001-21:45:56-71,runattr,,,network,dect2020scheduledaccess.DectScheduledAccessNetwork,
Phase6_Exponential-9-20261001-21:45:56-71,runattr,,,processid,71,
Phase6_Exponential-9-20261001-21:45:56-71,runattr,,,repetition,9,
Phase6_Exponential-9-20261001-21:45:56-71,runattr,,,replication,#9,
Phase6_Exponential-9-20261001-21:45:56-71,runattr,,,resultdir,results_phase6,
Phase6_Exponential-9-20261001-21:45:56-71,runattr,,,runnumber,9,
Phase6_Exponential-9-20261001-21:45:56-71,runattr,,,seedset,9,
Phase6_Exponential-9-20261001-21:45:56-71,itervar,,,rho,0.067796610169,
Phase6_Exponential-9-20261001-21:45:56-71,config,,,extends,Phase6_Deterministic,
Phase6_Exponential-9-20261001-21:45:56-71,config,,,*.queue.type1ServiceDistribution,"""exponential""",
Phase6_Exponential-9-20261001-21:45:56-71,config,,,*.queue.type1ServiceSCV,1,
Phase6_Exponential-9-20261001-21:45:56-71,config,,,result-dir,results_phase6,
Phase6_Exponential-9-20261001-21:45:56-71,config,,,repeat,10,
Phase6_Exponential-9-20261001-21:45:56-71,config,,,seed-set,9,
Phase6_Exponential-9-20261001-21:45:56-71,config,,,*.queue.D,10,
Phase6_Exponential-9-20261001-21:45:56-71,config,,,*.queue.r,30,
Phase6_Exponential-9-20261001-21:45:56-71,config,,,*.queue.rho,0.067796610169,
Phase6_Exponential-9-20261001-21:45:56-71,config,,,*.queue.type1ServiceDistribution,"""deterministic""",
Phase6_Exponential-9-20261001-21:45:56-71,config,,,*.queue.type1ServiceSCV,0,
Phase6_Exponential-9-20261001-21:45:56-71,config,,,*.queue.recordVectors,false,
Phase6_Exponential-9-20261001-21:45:56-71,config,,,*.queue.recordTailStatistics,true,
Phase6_Exponential-9-20261001-21:45:56-71,config,,,*.queue.warmupCompletedPackets,200000,
Phase6_Exponential-9-20261001-21:45:56-71,config,,,*.queue.targetCompletedPackets,1000000,
Phase6_Exponential-9-20261001-21:45:56-71,config,,,network,dect2020scheduledaccess.DectScheduledAccessNetwork,
Phase6_Exponential-9-20261001-21:45:56-71,config,,,cmdenv-express-mode,true,
Phase6_Exponential-9-20261001-21:45:56-71,config,,,cmdenv-status-frequency,10s,
Phase6_Exponential-9-20261001-21:45:56-71,config,,,result-dir,results,
Phase6_Exponential-9-20261001-21:45:56-71,config,,,*.queue.frameDuration,10ms,
Phase6_Exponential-9-20261001-21:45:56-71,config,,,*.queue.meanType1ServiceTime,0.4166666667ms,
Phase6_Exponential-9-20261001-21:45:56-71,config,,,*.queue.deriveDectParametersFromD,true,
Phase6_Exponential-9-20261001-21:45:56-71,config,,,*.queue.deriveLambdaFromRho,true,
Phase6_Exponential-9-20261001-21:45:56-71,config,,,*.queue.warmupCompletedPackets,200000,
Phase6_Exponential-9-20261001-21:45:56-71,config,,,*.queue.targetCompletedPackets,1000000,
Phase6_Exponential-9-20261001-21:45:56-71,config,,,*.queue.recordVectors,false,
Phase6_Exponential-9-20261001-21:45:56-71,config,,,*.queue.rngIndex,0,
Phase6_Exponential-10-20261001-21:45:56-71,runattr,,,configname,Phase6_Exponential,
Phase6_Exponential-10-20261001-21:45:56-71,runattr,,,datetime,20261001-21:45:56,
Phase6_Exponential-10-20261001-21:45:56-71,runattr,,,datetimef,20261001-214556,
Phase6_Exponential-10-20261001-21:45:56-71,runattr,,,experiment,Phase6_Exponential,
Phase6_Exponential-10-20261001-21:45:56-71,runattr,,,inifile,omnetpp.ini,
Phase6_Exponential-10-20261001-21:45:56-71,runattr,,,iterationvars,$rho=0.084745762712,
Phase6_Exponential-10-20261001-21:45:56-71,runattr,,,iterationvarsd,rho=0.084745762712,
Phase6_Exponential-10-20261001-21:45:56-71,runattr,,,iterationvarsf,rho=0.084745762712-,
Phase6_Exponential-10-20261001-21:45:56-71,runattr,,,measurement,$rho=0.084745762712,
Phase6_Exponential-10-20261001-21:45:56-71,runattr,,,network,dect2020scheduledaccess.DectScheduledAccessNetwork,
Phase6_Exponential-10-20261001-21:45:56-71,runattr,,,processid,71,
Phase6_Exponential-10-20261001-21:45:56-71,runattr,,,repetition,0,
Phase6_Exponential-10-20261001-21:45:56-71,runattr,,,replication,#0,
Phase6_Exponential-10-20261001-21:45:56-71,runattr,,,resultdir,results_phase6,
Phase6_Exponential-10-20261001-21:45:56-71,runattr,,,runnumber,10,
Phase6_Exponential-10-20261001-21:45:56-71,runattr,,,seedset,0,
Phase6_Exponential-10-20261001-21:45:56-71,itervar,,,rho,0.084745762712,
Phase6_Exponential-10-20261001-21:45:56-71,config,,,extends,Phase6_Deterministic,
Phase6_Exponential-10-20261001-21:45:56-71,config,,,*.queue.type1ServiceDistribution,"""exponential""",
Phase6_Exponential-10-20261001-21:45:56-71,config,,,*.queue.type1ServiceSCV,1,
Phase6_Exponential-10-20261001-21:45:56-71,config,,,result-dir,results_phase6,
Phase6_Exponential-10-20261001-21:45:56-71,config,,,repeat,10,
Phase6_Exponential-10-20261001-21:45:56-71,config,,,seed-set,0,
Phase6_Exponential-10-20261001-21:45:56-71,config,,,*.queue.D,10,
Phase6_Exponential-10-20261001-21:45:56-71,config,,,*.queue.r,30,
Phase6_Exponential-10-20261001-21:45:56-71,config,,,*.queue.rho,0.084745762712,
Phase6_Exponential-10-20261001-21:45:56-71,config,,,*.queue.type1ServiceDistribution,"""deterministic""",
Phase6_Exponential-10-20261001-21:45:56-71,config,,,*.queue.type1ServiceSCV,0,
Phase6_Exponential-10-20261001-21:45:56-71,config,,,*.queue.recordVectors,false,
Phase6_Exponential-10-20261001-21:45:56-71,config,,,*.queue.recordTailStatistics,true,
Phase6_Exponential-10-20261001-21:45:56-71,config,,,*.queue.warmupCompletedPackets,200000,
Phase6_Exponential-10-20261001-21:45:56-71,config,,,*.queue.targetCompletedPackets,1000000,
Phase6_Exponential-10-20261001-21:45:56-71,config,,,network,dect2020scheduledaccess.DectScheduledAccessNetwork,
Phase6_Exponential-10-20261001-21:45:56-71,config,,,cmdenv-express-mode,true,
Phase6_Exponential-10-20261001-21:45:56-71,config,,,cmdenv-status-frequency,10s,
Phase6_Exponential-10-20261001-21:45:56-71,config,,,result-dir,results,
Phase6_Exponential-10-20261001-21:45:56-71,config,,,*.queue.frameDuration,10ms,
Phase6_Exponential-10-20261001-21:45:56-71,config,,,*.queue.meanType1ServiceTime,0.4166666667ms,
Phase6_Exponential-10-20261001-21:45:56-71,config,,,*.queue.deriveDectParametersFromD,true,
Phase6_Exponential-10-20261001-21:45:56-71,config,,,*.queue.deriveLambdaFromRho,true,
Phase6_Exponential-10-20261001-21:45:56-71,config,,,*.queue.warmupCompletedPackets,200000,
Phase6_Exponential-10-20261001-21:45:56-71,config,,,*.queue.targetCompletedPackets,1000000,
Phase6_Exponential-10-20261001-21:45:56-71,config,,,*.queue.recordVectors,false,
Phase6_Exponential-10-20261001-21:45:56-71,config,,,*.queue.rngIndex,0,
Phase6_Exponential-11-20261001-21:45:57-71,runattr,,,configname,Phase6_Exponential,
Phase6_Exponential-11-20261001-21:45:57-71,runattr,,,datetime,20261001-21:45:57,
Phase6_Exponential-11-20261001-21:45:57-71,runattr,,,datetimef,20261001-214557,
Phase6_Exponential-11-20261001-21:45:57-71,runattr,,,experiment,Phase6_Exponential,
Phase6_Exponential-11-20261001-21:45:57-71,runattr,,,inifile,omnetpp.ini,
Phase6_Exponential-11-20261001-21:45:57-71,runattr,,,iterationvars,$rho=0.084745762712,
Phase6_Exponential-11-20261001-21:45:57-71,runattr,,,iterationvarsd,rho=0.084745762712,
Phase6_Exponential-11-20261001-21:45:57-71,runattr,,,iterationvarsf,rho=0.084745762712-,
Phase6_Exponential-11-20261001-21:45:57-71,runattr,,,measurement,$rho=0.084745762712,
Phase6_Exponential-11-20261001-21:45:57-71,runattr,,,network,dect2020scheduledaccess.DectScheduledAccessNetwork,
Phase6_Exponential-11-20261001-21:45:57-71,runattr,,,processid,71,
Phase6_Exponential-11-20261001-21:45:57-71,runattr,,,repetition,1,
Phase6_Exponential-11-20261001-21:45:57-71,runattr,,,replication,#1,
Phase6_Exponential-11-20261001-21:45:57-71,runattr,,,resultdir,results_phase6,
Phase6_Exponential-11-20261001-21:45:57-71,runattr,,,runnumber,11,
Phase6_Exponential-11-20261001-21:45:57-71,runattr,,,seedset,1,
Phase6_Exponential-11-20261001-21:45:57-71,itervar,,,rho,0.084745762712,
Phase6_Exponential-11-20261001-21:45:57-71,config,,,extends,Phase6_Deterministic,
Phase6_Exponential-11-20261001-21:45:57-71,config,,,*.queue.type1ServiceDistribution,"""exponential""",
Phase6_Exponential-11-20261001-21:45:57-71,config,,,*.queue.type1ServiceSCV,1,
Phase6_Exponential-11-20261001-21:45:57-71,config,,,result-dir,results_phase6,
Phase6_Exponential-11-20261001-21:45:57-71,config,,,repeat,10,
Phase6_Exponential-11-20261001-21:45:57-71,config,,,seed-set,1,
Phase6_Exponential-11-20261001-21:45:57-71,config,,,*.queue.D,10,
Phase6_Exponential-11-20261001-21:45:57-71,config,,,*.queue.r,30,
Phase6_Exponential-11-20261001-21:45:57-71,config,,,*.queue.rho,0.084745762712,
Phase6_Exponential-11-20261001-21:45:57-71,config,,,*.queue.type1ServiceDistribution,"""deterministic""",
Phase6_Exponential-11-20261001-21:45:57-71,config,,,*.queue.type1ServiceSCV,0,
Phase6_Exponential-11-20261001-21:45:57-71,config,,,*.queue.recordVectors,false,
Phase6_Exponential-11-20261001-21:45:57-71,config,,,*.queue.recordTailStatistics,true,
Phase6_Exponential-11-20261001-21:45:57-71,config,,,*.queue.warmupCompletedPackets,200000,
Phase6_Exponential-11-20261001-21:45:57-71,config,,,*.queue.targetCompletedPackets,1000000,
Phase6_Exponential-11-20261001-21:45:57-71,config,,,network,dect2020scheduledaccess.DectScheduledAccessNetwork,
Phase6_Exponential-11-20261001-21:45:57-71,config,,,cmdenv-express-mode,true,
Phase6_Exponential-11-20261001-21:45:57-71,config,,,cmdenv-status-frequency,10s,
Phase6_Exponential-11-20261001-21:45:57-71,config,,,result-dir,results,
Phase6_Exponential-11-20261001-21:45:57-71,config,,,*.queue.frameDuration,10ms,
Phase6_Exponential-11-20261001-21:45:57-71,config,,,*.queue.meanType1ServiceTime,0.4166666667ms,
Phase6_Exponential-11-20261001-21:45:57-71,config,,,*.queue.deriveDectParametersFromD,true,
Phase6_Exponential-11-20261001-21:45:57-71,config,,,*.queue.deriveLambdaFromRho,true,
Phase6_Exponential-11-20261001-21:45:57-71,config,,,*.queue.warmupCompletedPackets,200000,
Phase6_Exponential-11-20261001-21:45:57-71,config,,,*.queue.targetCompletedPackets,1000000,
Phase6_Exponential-11-20261001-21:45:57-71,config,,,*.queue.recordVectors,false,
Phase6_Exponential-11-20261001-21:45:57-71,config,,,*.queue.rngIndex,0,
Phase6_Exponential-12-20261001-21:45:57-71,runattr,,,configname,Phase6_Exponential,
Phase6_Exponential-12-20261001-21:45:57-71,runattr,,,datetime,20261001-21:45:57,
Phase6_Exponential-12-20261001-21:45:57-71,runattr,,,datetimef,20261001-214557,
Phase6_Exponential-12-20261001-21:45:57-71,runattr,,,experiment,Phase6_Exponential,
Phase6_Exponential-12-20261001-21:45:57-71,runattr,,,inifile,omnetpp.ini,
Phase6_Exponential-12-20261001-21:45:57-71,runattr,,,iterationvars,$rho=0.084745762712,
Phase6_Exponential-12-20261001-21:45:57-71,runattr,,,iterationvarsd,rho=0.084745762712,
Phase6_Exponential-12-20261001-21:45:57-71,runattr,,,iterationvarsf,rho=0.084745762712-,
Phase6_Exponential-12-20261001-21:45:57-71,runattr,,,measurement,$rho=0.084745762712,
Phase6_Exponential-12-20261001-21:45:57-71,runattr,,,network,dect2020scheduledaccess.DectScheduledAccessNetwork,
Phase6_Exponential-12-20261001-21:45:57-71,runattr,,,processid,71,
Phase6_Exponential-12-20261001-21:45:57-71,runattr,,,repetition,2,
Phase6_Exponential-12-20261001-21:45:57-71,runattr,,,replication,#2,
Phase6_Exponential-12-20261001-21:45:57-71,runattr,,,resultdir,results_phase6,
Phase6_Exponential-12-20261001-21:45:57-71,runattr,,,runnumber,12,
Phase6_Exponential-12-20261001-21:45:57-71,runattr,,,seedset,2,
Phase6_Exponential-12-20261001-21:45:57-71,itervar,,,rho,0.084745762712,
Phase6_Exponential-12-20261001-21:45:57-71,config,,,extends,Phase6_Deterministic,
Phase6_Exponential-12-20261001-21:45:57-71,config,,,*.queue.type1ServiceDistribution,"""exponential""",
Phase6_Exponential-12-20261001-21:45:57-71,config,,,*.queue.type1ServiceSCV,1,
Phase6_Exponential-12-20261001-21:45:57-71,config,,,result-dir,results_phase6,
Phase6_Exponential-12-20261001-21:45:57-71,config,,,repeat,10,
Phase6_Exponential-12-20261001-21:45:57-71,config,,,seed-set,2,
Phase6_Exponential-12-20261001-21:45:57-71,config,,,*.queue.D,10,
Phase6_Exponential-12-20261001-21:45:57-71,config,,,*.queue.r,30,
Phase6_Exponential-12-20261001-21:45:57-71,config,,,*.queue.rho,0.084745762712,
Phase6_Exponential-12-20261001-21:45:57-71,config,,,*.queue.type1ServiceDistribution,"""deterministic""",
Phase6_Exponential-12-20261001-21:45:57-71,config,,,*.queue.type1ServiceSCV,0,
Phase6_Exponential-12-20261001-21:45:57-71,config,,,*.queue.recordVectors,false,
Phase6_Exponential-12-20261001-21:45:57-71,config,,,*.queue.recordTailStatistics,true,
Phase6_Exponential-12-20261001-21:45:57-71,config,,,*.queue.warmupCompletedPackets,200000,
Phase6_Exponential-12-20261001-21:45:57-71,config,,,*.queue.targetCompletedPackets,1000000,
Phase6_Exponential-12-20261001-21:45:57-71,config,,,network,dect2020scheduledaccess.DectScheduledAccessNetwork,
Phase6_Exponential-12-20261001-21:45:57-71,config,,,cmdenv-express-mode,true,
Phase6_Exponential-12-20261001-21:45:57-71,config,,,cmdenv-status-frequency,10s,
Phase6_Exponential-12-20261001-21:45:57-71,config,,,result-dir,results,
Phase6_Exponential-12-20261001-21:45:57-71,config,,,*.queue.frameDuration,10ms,
Phase6_Exponential-12-20261001-21:45:57-71,config,,,*.queue.meanType1ServiceTime,0.4166666667ms,
Phase6_Exponential-12-20261001-21:45:57-71,config,,,*.queue.deriveDectParametersFromD,true,
Phase6_Exponential-12-20261001-21:45:57-71,config,,,*.queue.deriveLambdaFromRho,true,
Phase6_Exponential-12-20261001-21:45:57-71,config,,,*.queue.warmupCompletedPackets,200000,
Phase6_Exponential-12-20261001-21:45:57-71,config,,,*.queue.targetCompletedPackets,1000000,
Phase6_Exponential-12-20261001-21:45:57-71,config,,,*.queue.recordVectors,false,
Phase6_Exponential-12-20261001-21:45:57-71,config,,,*.queue.rngIndex,0,
Phase6_Exponential-13-20261001-21:45:57-71,runattr,,,configname,Phase6_Exponential,
Phase6_Exponential-13-20261001-21:45:57-71,runattr,,,datetime,20261001-21:45:57,
Phase6_Exponential-13-20261001-21:45:57-71,runattr,,,datetimef,20261001-214557,
Phase6_Exponential-13-20261001-21:45:57-71,runattr,,,experiment,Phase6_Exponential,
Phase6_Exponential-13-20261001-21:45:57-71,runattr,,,inifile,omnetpp.ini,
Phase6_Exponential-13-20261001-21:45:57-71,runattr,,,iterationvars,$rho=0.084745762712,
Phase6_Exponential-13-20261001-21:45:57-71,runattr,,,iterationvarsd,rho=0.084745762712,
Phase6_Exponential-13-20261001-21:45:57-71,runattr,,,iterationvarsf,rho=0.084745762712-,
Phase6_Exponential-13-20261001-21:45:57-71,runattr,,,measurement,$rho=0.084745762712,
Phase6_Exponential-13-20261001-21:45:57-71,runattr,,,network,dect2020scheduledaccess.DectScheduledAccessNetwork,
Phase6_Exponential-13-20261001-21:45:57-71,runattr,,,processid,71,
Phase6_Exponential-13-20261001-21:45:57-71,runattr,,,repetition,3,
Phase6_Exponential-13-20261001-21:45:57-71,runattr,,,replication,#3,
Phase6_Exponential-13-20261001-21:45:57-71,runattr,,,resultdir,results_phase6,
Phase6_Exponential-13-20261001-21:45:57-71,runattr,,,runnumber,13,
Phase6_Exponential-13-20261001-21:45:57-71,runattr,,,seedset,3,
Phase6_Exponential-13-20261001-21:45:57-71,itervar,,,rho,0.084745762712,
Phase6_Exponential-13-20261001-21:45:57-71,config,,,extends,Phase6_Deterministic,
Phase6_Exponential-13-20261001-21:45:57-71,config,,,*.queue.type1ServiceDistribution,"""exponential""",
Phase6_Exponential-13-20261001-21:45:57-71,config,,,*.queue.type1ServiceSCV,1,
Phase6_Exponential-13-20261001-21:45:57-71,config,,,result-dir,results_phase6,
Phase6_Exponential-13-20261001-21:45:57-71,config,,,repeat,10,
Phase6_Exponential-13-20261001-21:45:57-71,config,,,seed-set,3,
Phase6_Exponential-13-20261001-21:45:57-71,config,,,*.queue.D,10,
Phase6_Exponential-13-20261001-21:45:57-71,config,,,*.queue.r,30,
Phase6_Exponential-13-20261001-21:45:57-71,config,,,*.queue.rho,0.084745762712,
Phase6_Exponential-13-20261001-21:45:57-71,config,,,*.queue.type1ServiceDistribution,"""deterministic""",
Phase6_Exponential-13-20261001-21:45:57-71,config,,,*.queue.type1ServiceSCV,0,
Phase6_Exponential-13-20261001-21:45:57-71,config,,,*.queue.recordVectors,false,
Phase6_Exponential-13-20261001-21:45:57-71,config,,,*.queue.recordTailStatistics,true,
Phase6_Exponential-13-20261001-21:45:57-71,config,,,*.queue.warmupCompletedPackets,200000,
Phase6_Exponential-13-20261001-21:45:57-71,config,,,*.queue.targetCompletedPackets,1000000,
Phase6_Exponential-13-20261001-21:45:57-71,config,,,network,dect2020scheduledaccess.DectScheduledAccessNetwork,
Phase6_Exponential-13-20261001-21:45:57-71,config,,,cmdenv-express-mode,true,
Phase6_Exponential-13-20261001-21:45:57-71,config,,,cmdenv-status-frequency,10s,
Phase6_Exponential-13-20261001-21:45:57-71,config,,,result-dir,results,
Phase6_Exponential-13-20261001-21:45:57-71,config,,,*.queue.frameDuration,10ms,
Phase6_Exponential-13-20261001-21:45:57-71,config,,,*.queue.meanType1ServiceTime,0.4166666667ms,
Phase6_Exponential-13-20261001-21:45:57-71,config,,,*.queue.deriveDectParametersFromD,true,
Phase6_Exponential-13-20261001-21:45:57-71,config,,,*.queue.deriveLambdaFromRho,true,
Phase6_Exponential-13-20261001-21:45:57-71,config,,,*.queue.warmupCompletedPackets,200000,
Phase6_Exponential-13-20261001-21:45:57-71,config,,,*.queue.targetCompletedPackets,1000000,
Phase6_Exponential-13-20261001-21:45:57-71,config,,,*.queue.recordVectors,false,
Phase6_Exponential-13-20261001-21:45:57-71,config,,,*.queue.rngIndex,0,
Phase6_Exponential-14-20261001-21:45:57-71,runattr,,,configname,Phase6_Exponential,
Phase6_Exponential-14-20261001-21:45:57-71,runattr,,,datetime,20261001-21:45:57,
Phase6_Exponential-14-20261001-21:45:57-71,runattr,,,datetimef,20261001-214557,
Phase6_Exponential-14-20261001-21:45:57-71,runattr,,,experiment,Phase6_Exponential,
Phase6_Exponential-14-20261001-21:45:57-71,runattr,,,inifile,omnetpp.ini,
Phase6_Exponential-14-20261001-21:45:57-71,runattr,,,iterationvars,$rho=0.084745762712,
Phase6_Exponential-14-20261001-21:45:57-71,runattr,,,iterationvarsd,rho=0.084745762712,
Phase6_Exponential-14-20261001-21:45:57-71,runattr,,,iterationvarsf,rho=0.084745762712-,
Phase6_Exponential-14-20261001-21:45:57-71,runattr,,,measurement,$rho=0.084745762712,
Phase6_Exponential-14-20261001-21:45:57-71,runattr,,,network,dect2020scheduledaccess.DectScheduledAccessNetwork,
Phase6_Exponential-14-20261001-21:45:57-71,runattr,,,processid,71,
Phase6_Exponential-14-20261001-21:45:57-71,runattr,,,repetition,4,
Phase6_Exponential-14-20261001-21:45:57-71,runattr,,,replication,#4,
Phase6_Exponential-14-20261001-21:45:57-71,runattr,,,resultdir,results_phase6,
Phase6_Exponential-14-20261001-21:45:57-71,runattr,,,runnumber,14,
Phase6_Exponential-14-20261001-21:45:57-71,runattr,,,seedset,4,
Phase6_Exponential-14-20261001-21:45:57-71,itervar,,,rho,0.084745762712,
Phase6_Exponential-14-20261001-21:45:57-71,config,,,extends,Phase6_Deterministic,
Phase6_Exponential-14-20261001-21:45:57-71,config,,,*.queue.type1ServiceDistribution,"""exponential""",
Phase6_Exponential-14-20261001-21:45:57-71,config,,,*.queue.type1ServiceSCV,1,
Phase6_Exponential-14-20261001-21:45:57-71,config,,,result-dir,results_phase6,
Phase6_Exponential-14-20261001-21:45:57-71,config,,,repeat,10,
Phase6_Exponential-14-20261001-21:45:57-71,config,,,seed-set,4,
Phase6_Exponential-14-20261001-21:45:57-71,config,,,*.queue.D,10,
Phase6_Exponential-14-20261001-21:45:57-71,config,,,*.queue.r,30,
Phase6_Exponential-14-20261001-21:45:57-71,config,,,*.queue.rho,0.084745762712,
Phase6_Exponential-14-20261001-21:45:57-71,config,,,*.queue.type1ServiceDistribution,"""deterministic""",
Phase6_Exponential-14-20261001-21:45:57-71,config,,,*.queue.type1ServiceSCV,0,
Phase6_Exponential-14-20261001-21:45:57-71,config,,,*.queue.recordVectors,false,
Phase6_Exponential-14-20261001-21:45:57-71,config,,,*.queue.recordTailStatistics,true,
Phase6_Exponential-14-20261001-21:45:57-71,config,,,*.queue.warmupCompletedPackets,200000,
Phase6_Exponential-14-20261001-21:45:57-71,config,,,*.queue.targetCompletedPackets,1000000,
Phase6_Exponential-14-20261001-21:45:57-71,config,,,network,dect2020scheduledaccess.DectScheduledAccessNetwork,
Phase6_Exponential-14-20261001-21:45:57-71,config,,,cmdenv-express-mode,true,
Phase6_Exponential-14-20261001-21:45:57-71,config,,,cmdenv-status-frequency,10s,
Phase6_Exponential-14-20261001-21:45:57-71,config,,,result-dir,results,
Phase6_Exponential-14-20261001-21:45:57-71,config,,,*.queue.frameDuration,10ms,
Phase6_Exponential-14-20261001-21:45:57-71,config,,,*.queue.meanType1ServiceTime,0.4166666667ms,
Phase6_Exponential-14-20261001-21:45:57-71,config,,,*.queue.deriveDectParametersFromD,true,
Phase6_Exponential-14-20261001-21:45:57-71,config,,,*.queue.deriveLambdaFromRho,true,
Phase6_Exponential-14-20261001-21:45:57-71,config,,,*.queue.warmupCompletedPackets,200000,
Phase6_Exponential-14-20261001-21:45:57-71,config,,,*.queue.targetCompletedPackets,1000000,
Phase6_Exponential-14-20261001-21:45:57-71,config,,,*.queue.recordVectors,false,
Phase6_Exponential-14-20261001-21:45:57-71,config,,,*.queue.rngIndex,0,
Phase6_Exponential-15-20261001-21:45:58-71,runattr,,,configname,Phase6_Exponential,
Phase6_Exponential-15-20261001-21:45:58-71,runattr,,,datetime,20261001-21:45:58,
Phase6_Exponential-15-20261001-21:45:58-71,runattr,,,datetimef,20261001-214558,
Phase6_Exponential-15-20261001-21:45:58-71,runattr,,,experiment,Phase6_Exponential,
Phase6_Exponential-15-20261001-21:45:58-71,runattr,,,inifile,omnetpp.ini,
Phase6_Exponential-15-20261001-21:45:58-71,runattr,,,iterationvars,$rho=0.084745762712,
Phase6_Exponential-15-20261001-21:45:58-71,runattr,,,iterationvarsd,rho=0.084745762712,
Phase6_Exponential-15-20261001-21:45:58-71,runattr,,,iterationvarsf,rho=0.084745762712-,
Phase6_Exponential-15-20261001-21:45:58-71,runattr,,,measurement,$rho=0.084745762712,
Phase6_Exponential-15-20261001-21:45:58-71,runattr,,,network,dect2020scheduledaccess.DectScheduledAccessNetwork,
Phase6_Exponential-15-20261001-21:45:58-71,runattr,,,processid,71,
Phase6_Exponential-15-20261001-21:45:58-71,runattr,,,repetition,5,
Phase6_Exponential-15-20261001-21:45:58-71,runattr,,,replication,#5,
Phase6_Exponential-15-20261001-21:45:58-71,runattr,,,resultdir,results_phase6,
Phase6_Exponential-15-20261001-21:45:58-71,runattr,,,runnumber,15,
Phase6_Exponential-15-20261001-21:45:58-71,runattr,,,seedset,5,
Phase6_Exponential-15-20261001-21:45:58-71,itervar,,,rho,0.084745762712,
Phase6_Exponential-15-20261001-21:45:58-71,config,,,extends,Phase6_Deterministic,
Phase6_Exponential-15-20261001-21:45:58-71,config,,,*.queue.type1ServiceDistribution,"""exponential""",
Phase6_Exponential-15-20261001-21:45:58-71,config,,,*.queue.type1ServiceSCV,1,
Phase6_Exponential-15-20261001-21:45:58-71,config,,,result-dir,results_phase6,
Phase6_Exponential-15-20261001-21:45:58-71,config,,,repeat,10,
Phase6_Exponential-15-20261001-21:45:58-71,config,,,seed-set,5,
Phase6_Exponential-15-20261001-21:45:58-71,config,,,*.queue.D,10,
Phase6_Exponential-15-20261001-21:45:58-71,config,,,*.queue.r,30,
Phase6_Exponential-15-20261001-21:45:58-71,config,,,*.queue.rho,0.084745762712,
Phase6_Exponential-15-20261001-21:45:58-71,config,,,*.queue.type1ServiceDistribution,"""deterministic""",
Phase6_Exponential-15-20261001-21:45:58-71,config,,,*.queue.type1ServiceSCV,0,
Phase6_Exponential-15-20261001-21:45:58-71,config,,,*.queue.recordVectors,false,
Phase6_Exponential-15-20261001-21:45:58-71,config,,,*.queue.recordTailStatistics,true,
Phase6_Exponential-15-20261001-21:45:58-71,config,,,*.queue.warmupCompletedPackets,200000,
Phase6_Exponential-15-20261001-21:45:58-71,config,,,*.queue.targetCompletedPackets,1000000,
Phase6_Exponential-15-20261001-21:45:58-71,config,,,network,dect2020scheduledaccess.DectScheduledAccessNetwork,
Phase6_Exponential-15-20261001-21:45:58-71,config,,,cmdenv-express-mode,true,
Phase6_Exponential-15-20261001-21:45:58-71,config,,,cmdenv-status-frequency,10s,
Phase6_Exponential-15-20261001-21:45:58-71,config,,,result-dir,results,
Phase6_Exponential-15-20261001-21:45:58-71,config,,,*.queue.frameDuration,10ms,
Phase6_Exponential-15-20261001-21:45:58-71,config,,,*.queue.meanType1ServiceTime,0.4166666667ms,
Phase6_Exponential-15-20261001-21:45:58-71,config,,,*.queue.deriveDectParametersFromD,true,
Phase6_Exponential-15-20261001-21:45:58-71,config,,,*.queue.deriveLambdaFromRho,true,
Phase6_Exponential-15-20261001-21:45:58-71,config,,,*.queue.warmupCompletedPackets,200000,
Phase6_Exponential-15-20261001-21:45:58-71,config,,,*.queue.targetCompletedPackets,1000000,
Phase6_Exponential-15-20261001-21:45:58-71,config,,,*.queue.recordVectors,false,
Phase6_Exponential-15-20261001-21:45:58-71,config,,,*.queue.rngIndex,0,
Phase6_Exponential-16-20261001-21:45:58-71,runattr,,,configname,Phase6_Exponential,
Phase6_Exponential-16-20261001-21:45:58-71,runattr,,,datetime,20261001-21:45:58,
Phase6_Exponential-16-20261001-21:45:58-71,runattr,,,datetimef,20261001-214558,
Phase6_Exponential-16-20261001-21:45:58-71,runattr,,,experiment,Phase6_Exponential,
Phase6_Exponential-16-20261001-21:45:58-71,runattr,,,inifile,omnetpp.ini,
Phase6_Exponential-16-20261001-21:45:58-71,runattr,,,iterationvars,$rho=0.084745762712,
Phase6_Exponential-16-20261001-21:45:58-71,runattr,,,iterationvarsd,rho=0.084745762712,
Phase6_Exponential-16-20261001-21:45:58-71,runattr,,,iterationvarsf,rho=0.084745762712-,
Phase6_Exponential-16-20261001-21:45:58-71,runattr,,,measurement,$rho=0.084745762712,
Phase6_Exponential-16-20261001-21:45:58-71,runattr,,,network,dect2020scheduledaccess.DectScheduledAccessNetwork,
Phase6_Exponential-16-20261001-21:45:58-71,runattr,,,processid,71,
Phase6_Exponential-16-20261001-21:45:58-71,runattr,,,repetition,6,
Phase6_Exponential-16-20261001-21:45:58-71,runattr,,,replication,#6,
Phase6_Exponential-16-20261001-21:45:58-71,runattr,,,resultdir,results_phase6,
Phase6_Exponential-16-20261001-21:45:58-71,runattr,,,runnumber,16,
Phase6_Exponential-16-20261001-21:45:58-71,runattr,,,seedset,6,
Phase6_Exponential-16-20261001-21:45:58-71,itervar,,,rho,0.084745762712,
Phase6_Exponential-16-20261001-21:45:58-71,config,,,extends,Phase6_Deterministic,
Phase6_Exponential-16-20261001-21:45:58-71,config,,,*.queue.type1ServiceDistribution,"""exponential""",
Phase6_Exponential-16-20261001-21:45:58-71,config,,,*.queue.type1ServiceSCV,1,
Phase6_Exponential-16-20261001-21:45:58-71,config,,,result-dir,results_phase6,
Phase6_Exponential-16-20261001-21:45:58-71,config,,,repeat,10,
Phase6_Exponential-16-20261001-21:45:58-71,config,,,seed-set,6,
Phase6_Exponential-16-20261001-21:45:58-71,config,,,*.queue.D,10,
Phase6_Exponential-16-20261001-21:45:58-71,config,,,*.queue.r,30,
Phase6_Exponential-16-20261001-21:45:58-71,config,,,*.queue.rho,0.084745762712,
Phase6_Exponential-16-20261001-21:45:58-71,config,,,*.queue.type1ServiceDistribution,"""deterministic""",
Phase6_Exponential-16-20261001-21:45:58-71,config,,,*.queue.type1ServiceSCV,0,
Phase6_Exponential-16-20261001-21:45:58-71,config,,,*.queue.recordVectors,false,
Phase6_Exponential-16-20261001-21:45:58-71,config,,,*.queue.recordTailStatistics,true,
Phase6_Exponential-16-20261001-21:45:58-71,config,,,*.queue.warmupCompletedPackets,200000,
Phase6_Exponential-16-20261001-21:45:58-71,config,,,*.queue.targetCompletedPackets,1000000,
Phase6_Exponential-16-20261001-21:45:58-71,config,,,network,dect2020scheduledaccess.DectScheduledAccessNetwork,
Phase6_Exponential-16-20261001-21:45:58-71,config,,,cmdenv-express-mode,true,
Phase6_Exponential-16-20261001-21:45:58-71,config,,,cmdenv-status-frequency,10s,
Phase6_Exponential-16-20261001-21:45:58-71,config,,,result-dir,results,
Phase6_Exponential-16-20261001-21:45:58-71,config,,,*.queue.frameDuration,10ms,
Phase6_Exponential-16-20261001-21:45:58-71,config,,,*.queue.meanType1ServiceTime,0.4166666667ms,
Phase6_Exponential-16-20261001-21:45:58-71,config,,,*.queue.deriveDectParametersFromD,true,
Phase6_Exponential-16-20261001-21:45:58-71,config,,,*.queue.deriveLambdaFromRho,true,
Phase6_Exponential-16-20261001-21:45:58-71,config,,,*.queue.warmupCompletedPackets,200000,
Phase6_Exponential-16-20261001-21:45:58-71,config,,,*.queue.targetCompletedPackets,1000000,
Phase6_Exponential-16-20261001-21:45:58-71,config,,,*.queue.recordVectors,false,
Phase6_Exponential-16-20261001-21:45:58-71,config,,,*.queue.rngIndex,0,
Phase6_Exponential-17-20261001-21:45:58-71,runattr,,,configname,Phase6_Exponential,
Phase6_Exponential-17-20261001-21:45:58-71,runattr,,,datetime,20261001-21:45:58,
Phase6_Exponential-17-20261001-21:45:58-71,runattr,,,datetimef,20261001-214558,
Phase6_Exponential-17-20261001-21:45:58-71,runattr,,,experiment,Phase6_Exponential,
Phase6_Exponential-17-20261001-21:45:58-71,runattr,,,inifile,omnetpp.ini,
Phase6_Exponential-17-20261001-21:45:58-71,runattr,,,iterationvars,$rho=0.084745762712,
Phase6_Exponential-17-20261001-21:45:58-71,runattr,,,iterationvarsd,rho=0.084745762712,
Phase6_Exponential-17-20261001-21:45:58-71,runattr,,,iterationvarsf,rho=0.084745762712-,
Phase6_Exponential-17-20261001-21:45:58-71,runattr,,,measurement,$rho=0.084745762712,
Phase6_Exponential-17-20261001-21:45:58-71,runattr,,,network,dect2020scheduledaccess.DectScheduledAccessNetwork,
Phase6_Exponential-17-20261001-21:45:58-71,runattr,,,processid,71,
Phase6_Exponential-17-20261001-21:45:58-71,runattr,,,repetition,7,
Phase6_Exponential-17-20261001-21:45:58-71,runattr,,,replication,#7,
Phase6_Exponential-17-20261001-21:45:58-71,runattr,,,resultdir,results_phase6,
Phase6_Exponential-17-20261001-21:45:58-71,runattr,,,runnumber,17,
Phase6_Exponential-17-20261001-21:45:58-71,runattr,,,seedset,7,
Phase6_Exponential-17-20261001-21:45:58-71,itervar,,,rho,0.084745762712,
Phase6_Exponential-17-20261001-21:45:58-71,config,,,extends,Phase6_Deterministic,
Phase6_Exponential-17-20261001-21:45:58-71,config,,,*.queue.type1ServiceDistribution,"""exponential""",
Phase6_Exponential-17-20261001-21:45:58-71,config,,,*.queue.type1ServiceSCV,1,
Phase6_Exponential-17-20261001-21:45:58-71,config,,,result-dir,results_phase6,
Phase6_Exponential-17-20261001-21:45:58-71,config,,,repeat,10,
Phase6_Exponential-17-20261001-21:45:58-71,config,,,seed-set,7,
Phase6_Exponential-17-20261001-21:45:58-71,config,,,*.queue.D,10,
Phase6_Exponential-17-20261001-21:45:58-71,config,,,*.queue.r,30,
Phase6_Exponential-17-20261001-21:45:58-71,config,,,*.queue.rho,0.084745762712,
Phase6_Exponential-17-20261001-21:45:58-71,config,,,*.queue.type1ServiceDistribution,"""deterministic""",
Phase6_Exponential-17-20261001-21:45:58-71,config,,,*.queue.type1ServiceSCV,0,
Phase6_Exponential-17-20261001-21:45:58-71,config,,,*.queue.recordVectors,false,
Phase6_Exponential-17-20261001-21:45:58-71,config,,,*.queue.recordTailStatistics,true,
Phase6_Exponential-17-20261001-21:45:58-71,config,,,*.queue.warmupCompletedPackets,200000,
Phase6_Exponential-17-20261001-21:45:58-71,config,,,*.queue.targetCompletedPackets,1000000,
Phase6_Exponential-17-20261001-21:45:58-71,config,,,network,dect2020scheduledaccess.DectScheduledAccessNetwork,
Phase6_Exponential-17-20261001-21:45:58-71,config,,,cmdenv-express-mode,true,
Phase6_Exponential-17-20261001-21:45:58-71,config,,,cmdenv-status-frequency,10s,
Phase6_Exponential-17-20261001-21:45:58-71,config,,,result-dir,results,
Phase6_Exponential-17-20261001-21:45:58-71,config,,,*.queue.frameDuration,10ms,
Phase6_Exponential-17-20261001-21:45:58-71,config,,,*.queue.meanType1ServiceTime,0.4166666667ms,
Phase6_Exponential-17-20261001-21:45:58-71,config,,,*.queue.deriveDectParametersFromD,true,
Phase6_Exponential-17-20261001-21:45:58-71,config,,,*.queue.deriveLambdaFromRho,true,
Phase6_Exponential-17-20261001-21:45:58-71,config,,,*.queue.warmupCompletedPackets,200000,
Phase6_Exponential-17-20261001-21:45:58-71,config,,,*.queue.targetCompletedPackets,1000000,
Phase6_Exponential-17-20261001-21:45:58-71,config,,,*.queue.recordVectors,false,
Phase6_Exponential-17-20261001-21:45:58-71,config,,,*.queue.rngIndex,0,
Phase6_Exponential-18-20261001-21:45:58-71,runattr,,,configname,Phase6_Exponential,
Phase6_Exponential-18-20261001-21:45:58-71,runattr,,,datetime,20261001-21:45:58,
Phase6_Exponential-18-20261001-21:45:58-71,runattr,,,datetimef,20261001-214558,
Phase6_Exponential-18-20261001-21:45:58-71,runattr,,,experiment,Phase6_Exponential,
Phase6_Exponential-18-20261001-21:45:58-71,runattr,,,inifile,omnetpp.ini,
Phase6_Exponential-18-20261001-21:45:58-71,runattr,,,iterationvars,$rho=0.084745762712,
Phase6_Exponential-18-20261001-21:45:58-71,runattr,,,iterationvarsd,rho=0.084745762712,
Phase6_Exponential-18-20261001-21:45:58-71,runattr,,,iterationvarsf,rho=0.084745762712-,
Phase6_Exponential-18-20261001-21:45:58-71,runattr,,,measurement,$rho=0.084745762712,
Phase6_Exponential-18-20261001-21:45:58-71,runattr,,,network,dect2020scheduledaccess.DectScheduledAccessNetwork,
Phase6_Exponential-18-20261001-21:45:58-71,runattr,,,processid,71,
Phase6_Exponential-18-20261001-21:45:58-71,runattr,,,repetition,8,
Phase6_Exponential-18-20261001-21:45:58-71,runattr,,,replication,#8,
Phase6_Exponential-18-20261001-21:45:58-71,runattr,,,resultdir,results_phase6,
Phase6_Exponential-18-20261001-21:45:58-71,runattr,,,runnumber,18,
Phase6_Exponential-18-20261001-21:45:58-71,runattr,,,seedset,8,
Phase6_Exponential-18-20261001-21:45:58-71,itervar,,,rho,0.084745762712,
Phase6_Exponential-18-20261001-21:45:58-71,config,,,extends,Phase6_Deterministic,
Phase6_Exponential-18-20261001-21:45:58-71,config,,,*.queue.type1ServiceDistribution,"""exponential""",
Phase6_Exponential-18-20261001-21:45:58-71,config,,,*.queue.type1ServiceSCV,1,
Phase6_Exponential-18-20261001-21:45:58-71,config,,,result-dir,results_phase6,
Phase6_Exponential-18-20261001-21:45:58-71,config,,,repeat,10,
Phase6_Exponential-18-20261001-21:45:58-71,config,,,seed-set,8,
Phase6_Exponential-18-20261001-21:45:58-71,config,,,*.queue.D,10,
Phase6_Exponential-18-20261001-21:45:58-71,config,,,*.queue.r,30,
Phase6_Exponential-18-20261001-21:45:58-71,config,,,*.queue.rho,0.084745762712,
Phase6_Exponential-18-20261001-21:45:58-71,config,,,*.queue.type1ServiceDistribution,"""deterministic""",
Phase6_Exponential-18-20261001-21:45:58-71,config,,,*.queue.type1ServiceSCV,0,
Phase6_Exponential-18-20261001-21:45:58-71,config,,,*.queue.recordVectors,false,
Phase6_Exponential-18-20261001-21:45:58-71,config,,,*.queue.recordTailStatistics,true,
Phase6_Exponential-18-20261001-21:45:58-71,config,,,*.queue.warmupCompletedPackets,200000,
Phase6_Exponential-18-20261001-21:45:58-71,config,,,*.queue.targetCompletedPackets,1000000,
Phase6_Exponential-18-20261001-21:45:58-71,config,,,network,dect2020scheduledaccess.DectScheduledAccessNetwork,
Phase6_Exponential-18-20261001-21:45:58-71,config,,,cmdenv-express-mode,true,
Phase6_Exponential-18-20261001-21:45:58-71,config,,,cmdenv-status-frequency,10s,
Phase6_Exponential-18-20261001-21:45:58-71,config,,,result-dir,results,
Phase6_Exponential-18-20261001-21:45:58-71,config,,,*.queue.frameDuration,10ms,
Phase6_Exponential-18-20261001-21:45:58-71,config,,,*.queue.meanType1ServiceTime,0.4166666667ms,
Phase6_Exponential-18-20261001-21:45:58-71,config,,,*.queue.deriveDectParametersFromD,true,
Phase6_Exponential-18-20261001-21:45:58-71,config,,,*.queue.deriveLambdaFromRho,true,
Phase6_Exponential-18-20261001-21:45:58-71,config,,,*.queue.warmupCompletedPackets,200000,
Phase6_Exponential-18-20261001-21:45:58-71,config,,,*.queue.targetCompletedPackets,1000000,
Phase6_Exponential-18-20261001-21:45:58-71,config,,,*.queue.recordVectors,false,
Phase6_Exponential-18-20261001-21:45:58-71,config,,,*.queue.rngIndex,0,
Phase6_Exponential-19-20261001-21:45:59-71,runattr,,,configname,Phase6_Exponential,
Phase6_Exponential-19-20261001-21:45:59-71,runattr,,,datetime,20261001-21:45:59,
Phase6_Exponential-19-20261001-21:45:59-71,runattr,,,datetimef,20261001-214559,
Phase6_Exponential-19-20261001-21:45:59-71,runattr,,,experiment,Phase6_Exponential,
Phase6_Exponential-19-20261001-21:45:59-71,runattr,,,inifile,omnetpp.ini,
Phase6_Exponential-19-20261001-21:45:59-71,runattr,,,iterationvars,$rho=0.084745762712,
Phase6_Exponential-19-20261001-21:45:59-71,runattr,,,iterationvarsd,rho=0.084745762712,
Phase6_Exponential-19-20261001-21:45:59-71,runattr,,,iterationvarsf,rho=0.084745762712-,
Phase6_Exponential-19-20261001-21:45:59-71,runattr,,,measurement,$rho=0.084745762712,
Phase6_Exponential-19-20261001-21:45:59-71,runattr,,,network,dect2020scheduledaccess.DectScheduledAccessNetwork,
Phase6_Exponential-19-20261001-21:45:59-71,runattr,,,processid,71,
Phase6_Exponential-19-20261001-21:45:59-71,runattr,,,repetition,9,
Phase6_Exponential-19-20261001-21:45:59-71,runattr,,,replication,#9,
Phase6_Exponential-19-20261001-21:45:59-71,runattr,,,resultdir,results_phase6,
Phase6_Exponential-19-20261001-21:45:59-71,runattr,,,runnumber,19,
Phase6_Exponential-19-20261001-21:45:59-71,runattr,,,seedset,9,
Phase6_Exponential-19-20261001-21:45:59-71,itervar,,,rho,0.084745762712,
Phase6_Exponential-19-20261001-21:45:59-71,config,,,extends,Phase6_Deterministic,
Phase6_Exponential-19-20261001-21:45:59-71,config,,,*.queue.type1ServiceDistribution,"""exponential""",
Phase6_Exponential-19-20261001-21:45:59-71,config,,,*.queue.type1ServiceSCV,1,
Phase6_Exponential-19-20261001-21:45:59-71,config,,,result-dir,results_phase6,
Phase6_Exponential-19-20261001-21:45:59-71,config,,,repeat,10,
Phase6_Exponential-19-20261001-21:45:59-71,config,,,seed-set,9,
Phase6_Exponential-19-20261001-21:45:59-71,config,,,*.queue.D,10,
Phase6_Exponential-19-20261001-21:45:59-71,config,,,*.queue.r,30,
Phase6_Exponential-19-20261001-21:45:59-71,config,,,*.queue.rho,0.084745762712,
Phase6_Exponential-19-20261001-21:45:59-71,config,,,*.queue.type1ServiceDistribution,"""deterministic""",
Phase6_Exponential-19-20261001-21:45:59-71,config,,,*.queue.type1ServiceSCV,0,
Phase6_Exponential-19-20261001-21:45:59-71,config,,,*.queue.recordVectors,false,
Phase6_Exponential-19-20261001-21:45:59-71,config,,,*.queue.recordTailStatistics,true,
Phase6_Exponential-19-20261001-21:45:59-71,config,,,*.queue.warmupCompletedPackets,200000,
Phase6_Exponential-19-20261001-21:45:59-71,config,,,*.queue.targetCompletedPackets,1000000,
Phase6_Exponential-19-20261001-21:45:59-71,config,,,network,dect2020scheduledaccess.DectScheduledAccessNetwork,
Phase6_Exponential-19-20261001-21:45:59-71,config,,,cmdenv-express-mode,true,
Phase6_Exponential-19-20261001-21:45:59-71,config,,,cmdenv-status-frequency,10s,
Phase6_Exponential-19-20261001-21:45:59-71,config,,,result-dir,results,
Phase6_Exponential-19-20261001-21:45:59-71,config,,,*.queue.frameDuration,10ms,
Phase6_Exponential-19-20261001-21:45:59-71,config,,,*.queue.meanType1ServiceTime,0.4166666667ms,
Phase6_Exponential-19-20261001-21:45:59-71,config,,,*.queue.deriveDectParametersFromD,true,
Phase6_Exponential-19-20261001-21:45:59-71,config,,,*.queue.deriveLambdaFromRho,true,
Phase6_Exponential-19-20261001-21:45:59-71,config,,,*.queue.warmupCompletedPackets,200000,
Phase6_Exponential-19-20261001-21:45:59-71,config,,,*.queue.targetCompletedPackets,1000000,
Phase6_Exponential-19-20261001-21:45:59-71,config,,,*.queue.recordVectors,false,
Phase6_Exponential-19-20261001-21:45:59-71,config,,,*.queue.rngIndex,0,
Phase6_Exponential-20-20261001-21:45:59-71,runattr,,,configname,Phase6_Exponential,
Phase6_Exponential-20-20261001-21:45:59-71,runattr,,,datetime,20261001-21:45:59,
Phase6_Exponential-20-20261001-21:45:59-71,runattr,,,datetimef,20261001-214559,
Phase6_Exponential-20-20261001-21:45:59-71,runattr,,,experiment,Phase6_Exponential,
Phase6_Exponential-20-20261001-21:45:59-71,runattr,,,inifile,omnetpp.ini,
Phase6_Exponential-20-20261001-21:45:59-71,runattr,,,iterationvars,$rho=0.101694915254,
Phase6_Exponential-20-20261001-21:45:59-71,runattr,,,iterationvarsd,rho=0.101694915254,
Phase6_Exponential-20-20261001-21:45:59-71,runattr,,,iterationvarsf,rho=0.101694915254-,
Phase6_Exponential-20-20261001-21:45:59-71,runattr,,,measurement,$rho=0.101694915254,
Phase6_Exponential-20-20261001-21:45:59-71,runattr,,,network,dect2020scheduledaccess.DectScheduledAccessNetwork,
Phase6_Exponential-20-20261001-21:45:59-71,runattr,,,processid,71,
Phase6_Exponential-20-20261001-21:45:59-71,runattr,,,repetition,0,
Phase6_Exponential-20-20261001-21:45:59-71,runattr,,,replication,#0,
Phase6_Exponential-20-20261001-21:45:59-71,runattr,,,resultdir,results_phase6,
Phase6_Exponential-20-20261001-21:45:59-71,runattr,,,runnumber,20,
Phase6_Exponential-20-20261001-21:45:59-71,runattr,,,seedset,0,
Phase6_Exponential-20-20261001-21:45:59-71,itervar,,,rho,0.101694915254,
Phase6_Exponential-20-20261001-21:45:59-71,config,,,extends,Phase6_Deterministic,
Phase6_Exponential-20-20261001-21:45:59-71,config,,,*.queue.type1ServiceDistribution,"""exponential""",
Phase6_Exponential-20-20261001-21:45:59-71,config,,,*.queue.type1ServiceSCV,1,
Phase6_Exponential-20-20261001-21:45:59-71,config,,,result-dir,results_phase6,
Phase6_Exponential-20-20261001-21:45:59-71,config,,,repeat,10,
Phase6_Exponential-20-20261001-21:45:59-71,config,,,seed-set,0,
Phase6_Exponential-20-20261001-21:45:59-71,config,,,*.queue.D,10,
Phase6_Exponential-20-20261001-21:45:59-71,config,,,*.queue.r,30,
Phase6_Exponential-20-20261001-21:45:59-71,config,,,*.queue.rho,0.101694915254,
Phase6_Exponential-20-20261001-21:45:59-71,config,,,*.queue.type1ServiceDistribution,"""deterministic""",
Phase6_Exponential-20-20261001-21:45:59-71,config,,,*.queue.type1ServiceSCV,0,
Phase6_Exponential-20-20261001-21:45:59-71,config,,,*.queue.recordVectors,false,
Phase6_Exponential-20-20261001-21:45:59-71,config,,,*.queue.recordTailStatistics,true,
Phase6_Exponential-20-20261001-21:45:59-71,config,,,*.queue.warmupCompletedPackets,200000,
Phase6_Exponential-20-20261001-21:45:59-71,config,,,*.queue.targetCompletedPackets,1000000,
Phase6_Exponential-20-20261001-21:45:59-71,config,,,network,dect2020scheduledaccess.DectScheduledAccessNetwork,
Phase6_Exponential-20-20261001-21:45:59-71,config,,,cmdenv-express-mode,true,
Phase6_Exponential-20-20261001-21:45:59-71,config,,,cmdenv-status-frequency,10s,
Phase6_Exponential-20-20261001-21:45:59-71,config,,,result-dir,results,
Phase6_Exponential-20-20261001-21:45:59-71,config,,,*.queue.frameDuration,10ms,
Phase6_Exponential-20-20261001-21:45:59-71,config,,,*.queue.meanType1ServiceTime,0.4166666667ms,
Phase6_Exponential-20-20261001-21:45:59-71,config,,,*.queue.deriveDectParametersFromD,true,
Phase6_Exponential-20-20261001-21:45:59-71,config,,,*.queue.deriveLambdaFromRho,true,
Phase6_Exponential-20-20261001-21:45:59-71,config,,,*.queue.warmupCompletedPackets,200000,
Phase6_Exponential-20-20261001-21:45:59-71,config,,,*.queue.targetCompletedPackets,1000000,
Phase6_Exponential-20-20261001-21:45:59-71,config,,,*.queue.recordVectors,false,
Phase6_Exponential-20-20261001-21:45:59-71,config,,,*.queue.rngIndex,0,
Phase6_Exponential-21-20261001-21:45:59-71,runattr,,,configname,Phase6_Exponential,
Phase6_Exponential-21-20261001-21:45:59-71,runattr,,,datetime,20261001-21:45:59,
Phase6_Exponential-21-20261001-21:45:59-71,runattr,,,datetimef,20261001-214559,
Phase6_Exponential-21-20261001-21:45:59-71,runattr,,,experiment,Phase6_Exponential,
Phase6_Exponential-21-20261001-21:45:59-71,runattr,,,inifile,omnetpp.ini,
Phase6_Exponential-21-20261001-21:45:59-71,runattr,,,iterationvars,$rho=0.101694915254,
Phase6_Exponential-21-20261001-21:45:59-71,runattr,,,iterationvarsd,rho=0.101694915254,
Phase6_Exponential-21-20261001-21:45:59-71,runattr,,,iterationvarsf,rho=0.101694915254-,
Phase6_Exponential-21-20261001-21:45:59-71,runattr,,,measurement,$rho=0.101694915254,
Phase6_Exponential-21-20261001-21:45:59-71,runattr,,,network,dect2020scheduledaccess.DectScheduledAccessNetwork,
Phase6_Exponential-21-20261001-21:45:59-71,runattr,,,processid,71,
Phase6_Exponential-21-20261001-21:45:59-71,runattr,,,repetition,1,
Phase6_Exponential-21-20261001-21:45:59-71,runattr,,,replication,#1,
Phase6_Exponential-21-20261001-21:45:59-71,runattr,,,resultdir,results_phase6,
Phase6_Exponential-21-20261001-21:45:59-71,runattr,,,runnumber,21,
Phase6_Exponential-21-20261001-21:45:59-71,runattr,,,seedset,1,
Phase6_Exponential-21-20261001-21:45:59-71,itervar,,,rho,0.101694915254,
Phase6_Exponential-21-20261001-21:45:59-71,config,,,extends,Phase6_Deterministic,
Phase6_Exponential-21-20261001-21:45:59-71,config,,,*.queue.type1ServiceDistribution,"""exponential""",
Phase6_Exponential-21-20261001-21:45:59-71,config,,,*.queue.type1ServiceSCV,1,
Phase6_Exponential-21-20261001-21:45:59-71,config,,,result-dir,results_phase6,
Phase6_Exponential-21-20261001-21:45:59-71,config,,,repeat,10,
Phase6_Exponential-21-20261001-21:45:59-71,config,,,seed-set,1,
Phase6_Exponential-21-20261001-21:45:59-71,config,,,*.queue.D,10,
Phase6_Exponential-21-20261001-21:45:59-71,config,,,*.queue.r,30,
Phase6_Exponential-21-20261001-21:45:59-71,config,,,*.queue.rho,0.101694915254,
Phase6_Exponential-21-20261001-21:45:59-71,config,,,*.queue.type1ServiceDistribution,"""deterministic""",
Phase6_Exponential-21-20261001-21:45:59-71,config,,,*.queue.type1ServiceSCV,0,
Phase6_Exponential-21-20261001-21:45:59-71,config,,,*.queue.recordVectors,false,
Phase6_Exponential-21-20261001-21:45:59-71,config,,,*.queue.recordTailStatistics,true,
Phase6_Exponential-21-20261001-21:45:59-71,config,,,*.queue.warmupCompletedPackets,200000,
Phase6_Exponential-21-20261001-21:45:59-71,config,,,*.queue.targetCompletedPackets,1000000,
Phase6_Exponential-21-20261001-21:45:59-71,config,,,network,dect2020scheduledaccess.DectScheduledAccessNetwork,
Phase6_Exponential-21-20261001-21:45:59-71,config,,,cmdenv-express-mode,true,
Phase6_Exponential-21-20261001-21:45:59-71,config,,,cmdenv-status-frequency,10s,
Phase6_Exponential-21-20261001-21:45:59-71,config,,,result-dir,results,
Phase6_Exponential-21-20261001-21:45:59-71,config,,,*.queue.frameDuration,10ms,
Phase6_Exponential-21-20261001-21:45:59-71,config,,,*.queue.meanType1ServiceTime,0.4166666667ms,
Phase6_Exponential-21-20261001-21:45:59-71,config,,,*.queue.deriveDectParametersFromD,true,
Phase6_Exponential-21-20261001-21:45:59-71,config,,,*.queue.deriveLambdaFromRho,true,
Phase6_Exponential-21-20261001-21:45:59-71,config,,,*.queue.warmupCompletedPackets,200000,
Phase6_Exponential-21-20261001-21:45:59-71,config,,,*.queue.targetCompletedPackets,1000000,
Phase6_Exponential-21-20261001-21:45:59-71,config,,,*.queue.recordVectors,false,
Phase6_Exponential-21-20261001-21:45:59-71,config,,,*.queue.rngIndex,0,
Phase6_Exponential-22-20261001-21:45:59-71,runattr,,,configname,Phase6_Exponential,
Phase6_Exponential-22-20261001-21:45:59-71,runattr,,,datetime,20261001-21:45:59,
Phase6_Exponential-22-20261001-21:45:59-71,runattr,,,datetimef,20261001-214559,
Phase6_Exponential-22-20261001-21:45:59-71,runattr,,,experiment,Phase6_Exponential,
Phase6_Exponential-22-20261001-21:45:59-71,runattr,,,inifile,omnetpp.ini,
Phase6_Exponential-22-20261001-21:45:59-71,runattr,,,iterationvars,$rho=0.101694915254,
Phase6_Exponential-22-20261001-21:45:59-71,runattr,,,iterationvarsd,rho=0.101694915254,
Phase6_Exponential-22-20261001-21:45:59-71,runattr,,,iterationvarsf,rho=0.101694915254-,
Phase6_Exponential-22-20261001-21:45:59-71,runattr,,,measurement,$rho=0.101694915254,
Phase6_Exponential-22-20261001-21:45:59-71,runattr,,,network,dect2020scheduledaccess.DectScheduledAccessNetwork,
Phase6_Exponential-22-20261001-21:45:59-71,runattr,,,processid,71,
Phase6_Exponential-22-20261001-21:45:59-71,runattr,,,repetition,2,
Phase6_Exponential-22-20261001-21:45:59-71,runattr,,,replication,#2,
Phase6_Exponential-22-20261001-21:45:59-71,runattr,,,resultdir,results_phase6,
Phase6_Exponential-22-20261001-21:45:59-71,runattr,,,runnumber,22,
Phase6_Exponential-22-20261001-21:45:59-71,runattr,,,seedset,2,
Phase6_Exponential-22-20261001-21:45:59-71,itervar,,,rho,0.101694915254,
Phase6_Exponential-22-20261001-21:45:59-71,config,,,extends,Phase6_Deterministic,
Phase6_Exponential-22-20261001-21:45:59-71,config,,,*.queue.type1ServiceDistribution,"""exponential""",
Phase6_Exponential-22-20261001-21:45:59-71,config,,,*.queue.type1ServiceSCV,1,
Phase6_Exponential-22-20261001-21:45:59-71,config,,,result-dir,results_phase6,
Phase6_Exponential-22-20261001-21:45:59-71,config,,,repeat,10,
Phase6_Exponential-22-20261001-21:45:59-71,config,,,seed-set,2,
Phase6_Exponential-22-20261001-21:45:59-71,config,,,*.queue.D,10,
Phase6_Exponential-22-20261001-21:45:59-71,config,,,*.queue.r,30,
Phase6_Exponential-22-20261001-21:45:59-71,config,,,*.queue.rho,0.101694915254,
Phase6_Exponential-22-20261001-21:45:59-71,config,,,*.queue.type1ServiceDistribution,"""deterministic""",
Phase6_Exponential-22-20261001-21:45:59-71,config,,,*.queue.type1ServiceSCV,0,
Phase6_Exponential-22-20261001-21:45:59-71,config,,,*.queue.recordVectors,false,
Phase6_Exponential-22-20261001-21:45:59-71,config,,,*.queue.recordTailStatistics,true,
Phase6_Exponential-22-20261001-21:45:59-71,config,,,*.queue.warmupCompletedPackets,200000,
Phase6_Exponential-22-20261001-21:45:59-71,config,,,*.queue.targetCompletedPackets,1000000,
Phase6_Exponential-22-20261001-21:45:59-71,config,,,network,dect2020scheduledaccess.DectScheduledAccessNetwork,
Phase6_Exponential-22-20261001-21:45:59-71,config,,,cmdenv-express-mode,true,
Phase6_Exponential-22-20261001-21:45:59-71,config,,,cmdenv-status-frequency,10s,
Phase6_Exponential-22-20261001-21:45:59-71,config,,,result-dir,results,
Phase6_Exponential-22-20261001-21:45:59-71,config,,,*.queue.frameDuration,10ms,
Phase6_Exponential-22-20261001-21:45:59-71,config,,,*.queue.meanType1ServiceTime,0.4166666667ms,
Phase6_Exponential-22-20261001-21:45:59-71,config,,,*.queue.deriveDectParametersFromD,true,
Phase6_Exponential-22-20261001-21:45:59-71,config,,,*.queue.deriveLambdaFromRho,true,
Phase6_Exponential-22-20261001-21:45:59-71,config,,,*.queue.warmupCompletedPackets,200000,
Phase6_Exponential-22-20261001-21:45:59-71,config,,,*.queue.targetCompletedPackets,1000000,
Phase6_Exponential-22-20261001-21:45:59-71,config,,,*.queue.recordVectors,false,
Phase6_Exponential-22-20261001-21:45:59-71,config,,,*.queue.rngIndex,0,
Phase6_Exponential-23-20261001-21:46:00-71,runattr,,,configname,Phase6_Exponential,
Phase6_Exponential-23-20261001-21:46:00-71,runattr,,,datetime,20261001-21:46:00,
Phase6_Exponential-23-20261001-21:46:00-71,runattr,,,datetimef,20261001-214600,
Phase6_Exponential-23-20261001-21:46:00-71,runattr,,,experiment,Phase6_Exponential,
Phase6_Exponential-23-20261001-21:46:00-71,runattr,,,inifile,omnetpp.ini,
Phase6_Exponential-23-20261001-21:46:00-71,runattr,,,iterationvars,$rho=0.101694915254,
Phase6_Exponential-23-20261001-21:46:00-71,runattr,,,iterationvarsd,rho=0.101694915254,
Phase6_Exponential-23-20261001-21:46:00-71,runattr,,,iterationvarsf,rho=0.101694915254-,
Phase6_Exponential-23-20261001-21:46:00-71,runattr,,,measurement,$rho=0.101694915254,
Phase6_Exponential-23-20261001-21:46:00-71,runattr,,,network,dect2020scheduledaccess.DectScheduledAccessNetwork,
Phase6_Exponential-23-20261001-21:46:00-71,runattr,,,processid,71,
Phase6_Exponential-23-20261001-21:46:00-71,runattr,,,repetition,3,
Phase6_Exponential-23-20261001-21:46:00-71,runattr,,,replication,#3,
Phase6_Exponential-23-20261001-21:46:00-71,runattr,,,resultdir,results_phase6,
Phase6_Exponential-23-20261001-21:46:00-71,runattr,,,runnumber,23,
Phase6_Exponential-23-20261001-21:46:00-71,runattr,,,seedset,3,
Phase6_Exponential-23-20261001-21:46:00-71,itervar,,,rho,0.101694915254,
Phase6_Exponential-23-20261001-21:46:00-71,config,,,extends,Phase6_Deterministic,
Phase6_Exponential-23-20261001-21:46:00-71,config,,,*.queue.type1ServiceDistribution,"""exponential""",
Phase6_Exponential-23-20261001-21:46:00-71,config,,,*.queue.type1ServiceSCV,1,
Phase6_Exponential-23-20261001-21:46:00-71,config,,,result-dir,results_phase6,
Phase6_Exponential-23-20261001-21:46:00-71,config,,,repeat,10,
Phase6_Exponential-23-20261001-21:46:00-71,config,,,seed-set,3,
Phase6_Exponential-23-20261001-21:46:00-71,config,,,*.queue.D,10,
Phase6_Exponential-23-20261001-21:46:00-71,config,,,*.queue.r,30,
Phase6_Exponential-23-20261001-21:46:00-71,config,,,*.queue.rho,0.101694915254,
Phase6_Exponential-23-20261001-21:46:00-71,config,,,*.queue.type1ServiceDistribution,"""deterministic""",
Phase6_Exponential-23-20261001-21:46:00-71,config,,,*.queue.type1ServiceSCV,0,
Phase6_Exponential-23-20261001-21:46:00-71,config,,,*.queue.recordVectors,false,
Phase6_Exponential-23-20261001-21:46:00-71,config,,,*.queue.recordTailStatistics,true,
Phase6_Exponential-23-20261001-21:46:00-71,config,,,*.queue.warmupCompletedPackets,200000,
Phase6_Exponential-23-20261001-21:46:00-71,config,,,*.queue.targetCompletedPackets,1000000,
Phase6_Exponential-23-20261001-21:46:00-71,config,,,network,dect2020scheduledaccess.DectScheduledAccessNetwork,
Phase6_Exponential-23-20261001-21:46:00-71,config,,,cmdenv-express-mode,true,
Phase6_Exponential-23-20261001-21:46:00-71,config,,,cmdenv-status-frequency,10s,
Phase6_Exponential-23-20261001-21:46:00-71,config,,,result-dir,results,
Phase6_Exponential-23-20261001-21:46:00-71,config,,,*.queue.frameDuration,10ms,
Phase6_Exponential-23-20261001-21:46:00-71,config,,,*.queue.meanType1ServiceTime,0.4166666667ms,
Phase6_Exponential-23-20261001-21:46:00-71,config,,,*.queue.deriveDectParametersFromD,true,
Phase6_Exponential-23-20261001-21:46:00-71,config,,,*.queue.deriveLambdaFromRho,true,
Phase6_Exponential-23-20261001-21:46:00-71,config,,,*.queue.warmupCompletedPackets,200000,
Phase6_Exponential-23-20261001-21:46:00-71,config,,,*.queue.targetCompletedPackets,1000000,
Phase6_Exponential-23-20261001-21:46:00-71,config,,,*.queue.recordVectors,false,
Phase6_Exponential-23-20261001-21:46:00-71,config,,,*.queue.rngIndex,0,
Phase6_Exponential-24-20261001-21:46:00-71,runattr,,,configname,Phase6_Exponential,
Phase6_Exponential-24-20261001-21:46:00-71,runattr,,,datetime,20261001-21:46:00,
Phase6_Exponential-24-20261001-21:46:00-71,runattr,,,datetimef,20261001-214600,
Phase6_Exponential-24-20261001-21:46:00-71,runattr,,,experiment,Phase6_Exponential,
Phase6_Exponential-24-20261001-21:46:00-71,runattr,,,inifile,omnetpp.ini,
Phase6_Exponential-24-20261001-21:46:00-71,runattr,,,iterationvars,$rho=0.101694915254,
Phase6_Exponential-24-20261001-21:46:00-71,runattr,,,iterationvarsd,rho=0.101694915254,
Phase6_Exponential-24-20261001-21:46:00-71,runattr,,,iterationvarsf,rho=0.101694915254-,
Phase6_Exponential-24-20261001-21:46:00-71,runattr,,,measurement,$rho=0.101694915254,
Phase6_Exponential-24-20261001-21:46:00-71,runattr,,,network,dect2020scheduledaccess.DectScheduledAccessNetwork,
Phase6_Exponential-24-20261001-21:46:00-71,runattr,,,processid,71,
Phase6_Exponential-24-20261001-21:46:00-71,runattr,,,repetition,4,
Phase6_Exponential-24-20261001-21:46:00-71,runattr,,,replication,#4,
Phase6_Exponential-24-20261001-21:46:00-71,runattr,,,resultdir,results_phase6,
Phase6_Exponential-24-20261001-21:46:00-71,runattr,,,runnumber,24,
Phase6_Exponential-24-20261001-21:46:00-71,runattr,,,seedset,4,
Phase6_Exponential-24-20261001-21:46:00-71,itervar,,,rho,0.101694915254,
Phase6_Exponential-24-20261001-21:46:00-71,config,,,extends,Phase6_Deterministic,
Phase6_Exponential-24-20261001-21:46:00-71,config,,,*.queue.type1ServiceDistribution,"""exponential""",
Phase6_Exponential-24-20261001-21:46:00-71,config,,,*.queue.type1ServiceSCV,1,
Phase6_Exponential-24-20261001-21:46:00-71,config,,,result-dir,results_phase6,
Phase6_Exponential-24-20261001-21:46:00-71,config,,,repeat,10,
Phase6_Exponential-24-20261001-21:46:00-71,config,,,seed-set,4,
Phase6_Exponential-24-20261001-21:46:00-71,config,,,*.queue.D,10,
Phase6_Exponential-24-20261001-21:46:00-71,config,,,*.queue.r,30,
Phase6_Exponential-24-20261001-21:46:00-71,config,,,*.queue.rho,0.101694915254,
Phase6_Exponential-24-20261001-21:46:00-71,config,,,*.queue.type1ServiceDistribution,"""deterministic""",
Phase6_Exponential-24-20261001-21:46:00-71,config,,,*.queue.type1ServiceSCV,0,
Phase6_Exponential-24-20261001-21:46:00-71,config,,,*.queue.recordVectors,false,
Phase6_Exponential-24-20261001-21:46:00-71,config,,,*.queue.recordTailStatistics,true,
Phase6_Exponential-24-20261001-21:46:00-71,config,,,*.queue.warmupCompletedPackets,200000,
Phase6_Exponential-24-20261001-21:46:00-71,config,,,*.queue.targetCompletedPackets,1000000,
Phase6_Exponential-24-20261001-21:46:00-71,config,,,network,dect2020scheduledaccess.DectScheduledAccessNetwork,
Phase6_Exponential-24-20261001-21:46:00-71,config,,,cmdenv-express-mode,true,
Phase6_Exponential-24-20261001-21:46:00-71,config,,,cmdenv-status-frequency,10s,
Phase6_Exponential-24-20261001-21:46:00-71,config,,,result-dir,results,
Phase6_Exponential-24-20261001-21:46:00-71,config,,,*.queue.frameDuration,10ms,
Phase6_Exponential-24-20261001-21:46:00-71,config,,,*.queue.meanType1ServiceTime,0.4166666667ms,
Phase6_Exponential-24-20261001-21:46:00-71,config,,,*.queue.deriveDectParametersFromD,true,
Phase6_Exponential-24-20261001-21:46:00-71,config,,,*.queue.deriveLambdaFromRho,true,
Phase6_Exponential-24-20261001-21:46:00-71,config,,,*.queue.warmupCompletedPackets,200000,
Phase6_Exponential-24-20261001-21:46:00-71,config,,,*.queue.targetCompletedPackets,1000000,
Phase6_Exponential-24-20261001-21:46:00-71,config,,,*.queue.recordVectors,false,
Phase6_Exponential-24-20261001-21:46:00-71,config,,,*.queue.rngIndex,0,
Phase6_Exponential-25-20261001-21:46:00-71,runattr,,,configname,Phase6_Exponential,
Phase6_Exponential-25-20261001-21:46:00-71,runattr,,,datetime,20261001-21:46:00,
Phase6_Exponential-25-20261001-21:46:00-71,runattr,,,datetimef,20261001-214600,
Phase6_Exponential-25-20261001-21:46:00-71,runattr,,,experiment,Phase6_Exponential,
Phase6_Exponential-25-20261001-21:46:00-71,runattr,,,inifile,omnetpp.ini,
Phase6_Exponential-25-20261001-21:46:00-71,runattr,,,iterationvars,$rho=0.101694915254,
Phase6_Exponential-25-20261001-21:46:00-71,runattr,,,iterationvarsd,rho=0.101694915254,
Phase6_Exponential-25-20261001-21:46:00-71,runattr,,,iterationvarsf,rho=0.101694915254-,
Phase6_Exponential-25-20261001-21:46:00-71,runattr,,,measurement,$rho=0.101694915254,
Phase6_Exponential-25-20261001-21:46:00-71,runattr,,,network,dect2020scheduledaccess.DectScheduledAccessNetwork,
Phase6_Exponential-25-20261001-21:46:00-71,runattr,,,processid,71,
Phase6_Exponential-25-20261001-21:46:00-71,runattr,,,repetition,5,
Phase6_Exponential-25-20261001-21:46:00-71,runattr,,,replication,#5,
Phase6_Exponential-25-20261001-21:46:00-71,runattr,,,resultdir,results_phase6,
Phase6_Exponential-25-20261001-21:46:00-71,runattr,,,runnumber,25,
Phase6_Exponential-25-20261001-21:46:00-71,runattr,,,seedset,5,
Phase6_Exponential-25-20261001-21:46:00-71,itervar,,,rho,0.101694915254,
Phase6_Exponential-25-20261001-21:46:00-71,config,,,extends,Phase6_Deterministic,
Phase6_Exponential-25-20261001-21:46:00-71,config,,,*.queue.type1ServiceDistribution,"""exponential""",
Phase6_Exponential-25-20261001-21:46:00-71,config,,,*.queue.type1ServiceSCV,1,
Phase6_Exponential-25-20261001-21:46:00-71,config,,,result-dir,results_phase6,
Phase6_Exponential-25-20261001-21:46:00-71,config,,,repeat,10,
Phase6_Exponential-25-20261001-21:46:00-71,config,,,seed-set,5,
Phase6_Exponential-25-20261001-21:46:00-71,config,,,*.queue.D,10,
Phase6_Exponential-25-20261001-21:46:00-71,config,,,*.queue.r,30,
Phase6_Exponential-25-20261001-21:46:00-71,config,,,*.queue.rho,0.101694915254,
Phase6_Exponential-25-20261001-21:46:00-71,config,,,*.queue.type1ServiceDistribution,"""deterministic""",
Phase6_Exponential-25-20261001-21:46:00-71,config,,,*.queue.type1ServiceSCV,0,
Phase6_Exponential-25-20261001-21:46:00-71,config,,,*.queue.recordVectors,false,
Phase6_Exponential-25-20261001-21:46:00-71,config,,,*.queue.recordTailStatistics,true,
Phase6_Exponential-25-20261001-21:46:00-71,config,,,*.queue.warmupCompletedPackets,200000,
Phase6_Exponential-25-20261001-21:46:00-71,config,,,*.queue.targetCompletedPackets,1000000,
Phase6_Exponential-25-20261001-21:46:00-71,config,,,network,dect2020scheduledaccess.DectScheduledAccessNetwork,
Phase6_Exponential-25-20261001-21:46:00-71,config,,,cmdenv-express-mode,true,
Phase6_Exponential-25-20261001-21:46:00-71,config,,,cmdenv-status-frequency,10s,
Phase6_Exponential-25-20261001-21:46:00-71,config,,,result-dir,results,
Phase6_Exponential-25-20261001-21:46:00-71,config,,,*.queue.frameDuration,10ms,
Phase6_Exponential-25-20261001-21:46:00-71,config,,,*.queue.meanType1ServiceTime,0.4166666667ms,
Phase6_Exponential-25-20261001-21:46:00-71,config,,,*.queue.deriveDectParametersFromD,true,
Phase6_Exponential-25-20261001-21:46:00-71,config,,,*.queue.deriveLambdaFromRho,true,
Phase6_Exponential-25-20261001-21:46:00-71,config,,,*.queue.warmupCompletedPackets,200000,
Phase6_Exponential-25-20261001-21:46:00-71,config,,,*.queue.targetCompletedPackets,1000000,
Phase6_Exponential-25-20261001-21:46:00-71,config,,,*.queue.recordVectors,false,
Phase6_Exponential-25-20261001-21:46:00-71,config,,,*.queue.rngIndex,0,
Phase6_Exponential-26-20261001-21:46:01-71,runattr,,,configname,Phase6_Exponential,
Phase6_Exponential-26-20261001-21:46:01-71,runattr,,,datetime,20261001-21:46:01,
Phase6_Exponential-26-20261001-21:46:01-71,runattr,,,datetimef,20261001-214601,
Phase6_Exponential-26-20261001-21:46:01-71,runattr,,,experiment,Phase6_Exponential,
Phase6_Exponential-26-20261001-21:46:01-71,runattr,,,inifile,omnetpp.ini,
Phase6_Exponential-26-20261001-21:46:01-71,runattr,,,iterationvars,$rho=0.101694915254,
Phase6_Exponential-26-20261001-21:46:01-71,runattr,,,iterationvarsd,rho=0.101694915254,
Phase6_Exponential-26-20261001-21:46:01-71,runattr,,,iterationvarsf,rho=0.101694915254-,
Phase6_Exponential-26-20261001-21:46:01-71,runattr,,,measurement,$rho=0.101694915254,
Phase6_Exponential-26-20261001-21:46:01-71,runattr,,,network,dect2020scheduledaccess.DectScheduledAccessNetwork,
Phase6_Exponential-26-20261001-21:46:01-71,runattr,,,processid,71,
Phase6_Exponential-26-20261001-21:46:01-71,runattr,,,repetition,6,
Phase6_Exponential-26-20261001-21:46:01-71,runattr,,,replication,#6,
Phase6_Exponential-26-20261001-21:46:01-71,runattr,,,resultdir,results_phase6,
Phase6_Exponential-26-20261001-21:46:01-71,runattr,,,runnumber,26,
Phase6_Exponential-26-20261001-21:46:01-71,runattr,,,seedset,6,
Phase6_Exponential-26-20261001-21:46:01-71,itervar,,,rho,0.101694915254,
Phase6_Exponential-26-20261001-21:46:01-71,config,,,extends,Phase6_Deterministic,
Phase6_Exponential-26-20261001-21:46:01-71,config,,,*.queue.type1ServiceDistribution,"""exponential""",
Phase6_Exponential-26-20261001-21:46:01-71,config,,,*.queue.type1ServiceSCV,1,
Phase6_Exponential-26-20261001-21:46:01-71,config,,,result-dir,results_phase6,
Phase6_Exponential-26-20261001-21:46:01-71,config,,,repeat,10,
Phase6_Exponential-26-20261001-21:46:01-71,config,,,seed-set,6,
Phase6_Exponential-26-20261001-21:46:01-71,config,,,*.queue.D,10,
Phase6_Exponential-26-20261001-21:46:01-71,config,,,*.queue.r,30,
Phase6_Exponential-26-20261001-21:46:01-71,config,,,*.queue.rho,0.101694915254,
Phase6_Exponential-26-20261001-21:46:01-71,config,,,*.queue.type1ServiceDistribution,"""deterministic""",
Phase6_Exponential-26-20261001-21:46:01-71,config,,,*.queue.type1ServiceSCV,0,
Phase6_Exponential-26-20261001-21:46:01-71,config,,,*.queue.recordVectors,false,
Phase6_Exponential-26-20261001-21:46:01-71,config,,,*.queue.recordTailStatistics,true,
Phase6_Exponential-26-20261001-21:46:01-71,config,,,*.queue.warmupCompletedPackets,200000,
Phase6_Exponential-26-20261001-21:46:01-71,config,,,*.queue.targetCompletedPackets,1000000,
Phase6_Exponential-26-20261001-21:46:01-71,config,,,network,dect2020scheduledaccess.DectScheduledAccessNetwork,
Phase6_Exponential-26-20261001-21:46:01-71,config,,,cmdenv-express-mode,true,
Phase6_Exponential-26-20261001-21:46:01-71,config,,,cmdenv-status-frequency,10s,
Phase6_Exponential-26-20261001-21:46:01-71,config,,,result-dir,results,
Phase6_Exponential-26-20261001-21:46:01-71,config,,,*.queue.frameDuration,10ms,
Phase6_Exponential-26-20261001-21:46:01-71,config,,,*.queue.meanType1ServiceTime,0.4166666667ms,
Phase6_Exponential-26-20261001-21:46:01-71,config,,,*.queue.deriveDectParametersFromD,true,
Phase6_Exponential-26-20261001-21:46:01-71,config,,,*.queue.deriveLambdaFromRho,true,
Phase6_Exponential-26-20261001-21:46:01-71,config,,,*.queue.warmupCompletedPackets,200000,
Phase6_Exponential-26-20261001-21:46:01-71,config,,,*.queue.targetCompletedPackets,1000000,
Phase6_Exponential-26-20261001-21:46:01-71,config,,,*.queue.recordVectors,false,
Phase6_Exponential-26-20261001-21:46:01-71,config,,,*.queue.rngIndex,0,
Phase6_Exponential-27-20261001-21:46:01-71,runattr,,,configname,Phase6_Exponential,
Phase6_Exponential-27-20261001-21:46:01-71,runattr,,,datetime,20261001-21:46:01,
Phase6_Exponential-27-20261001-21:46:01-71,runattr,,,datetimef,20261001-214601,
Phase6_Exponential-27-20261001-21:46:01-71,runattr,,,experiment,Phase6_Exponential,
Phase6_Exponential-27-20261001-21:46:01-71,runattr,,,inifile,omnetpp.ini,
Phase6_Exponential-27-20261001-21:46:01-71,runattr,,,iterationvars,$rho=0.101694915254,
Phase6_Exponential-27-20261001-21:46:01-71,runattr,,,iterationvarsd,rho=0.101694915254,
Phase6_Exponential-27-20261001-21:46:01-71,runattr,,,iterationvarsf,rho=0.101694915254-,
Phase6_Exponential-27-20261001-21:46:01-71,runattr,,,measurement,$rho=0.101694915254,
Phase6_Exponential-27-20261001-21:46:01-71,runattr,,,network,dect2020scheduledaccess.DectScheduledAccessNetwork,
Phase6_Exponential-27-20261001-21:46:01-71,runattr,,,processid,71,
Phase6_Exponential-27-20261001-21:46:01-71,runattr,,,repetition,7,
Phase6_Exponential-27-20261001-21:46:01-71,runattr,,,replication,#7,
Phase6_Exponential-27-20261001-21:46:01-71,runattr,,,resultdir,results_phase6,
Phase6_Exponential-27-20261001-21:46:01-71,runattr,,,runnumber,27,
Phase6_Exponential-27-20261001-21:46:01-71,runattr,,,seedset,7,
Phase6_Exponential-27-20261001-21:46:01-71,itervar,,,rho,0.101694915254,
Phase6_Exponential-27-20261001-21:46:01-71,config,,,extends,Phase6_Deterministic,
Phase6_Exponential-27-20261001-21:46:01-71,config,,,*.queue.type1ServiceDistribution,"""exponential""",
Phase6_Exponential-27-20261001-21:46:01-71,config,,,*.queue.type1ServiceSCV,1,
Phase6_Exponential-27-20261001-21:46:01-71,config,,,result-dir,results_phase6,
Phase6_Exponential-27-20261001-21:46:01-71,config,,,repeat,10,
Phase6_Exponential-27-20261001-21:46:01-71,config,,,seed-set,7,
Phase6_Exponential-27-20261001-21:46:01-71,config,,,*.queue.D,10,
Phase6_Exponential-27-20261001-21:46:01-71,config,,,*.queue.r,30,
Phase6_Exponential-27-20261001-21:46:01-71,config,,,*.queue.rho,0.101694915254,
Phase6_Exponential-27-20261001-21:46:01-71,config,,,*.queue.type1ServiceDistribution,"""deterministic""",
Phase6_Exponential-27-20261001-21:46:01-71,config,,,*.queue.type1ServiceSCV,0,
Phase6_Exponential-27-20261001-21:46:01-71,config,,,*.queue.recordVectors,false,
Phase6_Exponential-27-20261001-21:46:01-71,config,,,*.queue.recordTailStatistics,true,
Phase6_Exponential-27-20261001-21:46:01-71,config,,,*.queue.warmupCompletedPackets,200000,
Phase6_Exponential-27-20261001-21:46:01-71,config,,,*.queue.targetCompletedPackets,1000000,
Phase6_Exponential-27-20261001-21:46:01-71,config,,,network,dect2020scheduledaccess.DectScheduledAccessNetwork,
Phase6_Exponential-27-20261001-21:46:01-71,config,,,cmdenv-express-mode,true,
Phase6_Exponential-27-20261001-21:46:01-71,config,,,cmdenv-status-frequency,10s,
Phase6_Exponential-27-20261001-21:46:01-71,config,,,result-dir,results,
Phase6_Exponential-27-20261001-21:46:01-71,config,,,*.queue.frameDuration,10ms,
Phase6_Exponential-27-20261001-21:46:01-71,config,,,*.queue.meanType1ServiceTime,0.4166666667ms,
Phase6_Exponential-27-20261001-21:46:01-71,config,,,*.queue.deriveDectParametersFromD,true,
Phase6_Exponential-27-20261001-21:46:01-71,config,,,*.queue.deriveLambdaFromRho,true,
Phase6_Exponential-27-20261001-21:46:01-71,config,,,*.queue.warmupCompletedPackets,200000,
Phase6_Exponential-27-20261001-21:46:01-71,config,,,*.queue.targetCompletedPackets,1000000,
Phase6_Exponential-27-20261001-21:46:01-71,config,,,*.queue.recordVectors,false,
Phase6_Exponential-27-20261001-21:46:01-71,config,,,*.queue.rngIndex,0,
Phase6_Exponential-28-20261001-21:46:01-71,runattr,,,configname,Phase6_Exponential,
Phase6_Exponential-28-20261001-21:46:01-71,runattr,,,datetime,20261001-21:46:01,
Phase6_Exponential-28-20261001-21:46:01-71,runattr,,,datetimef,20261001-214601,
Phase6_Exponential-28-20261001-21:46:01-71,runattr,,,experiment,Phase6_Exponential,
Phase6_Exponential-28-20261001-21:46:01-71,runattr,,,inifile,omnetpp.ini,
Phase6_Exponential-28-20261001-21:46:01-71,runattr,,,iterationvars,$rho=0.101694915254,
Phase6_Exponential-28-20261001-21:46:01-71,runattr,,,iterationvarsd,rho=0.101694915254,
Phase6_Exponential-28-20261001-21:46:01-71,runattr,,,iterationvarsf,rho=0.101694915254-,
Phase6_Exponential-28-20261001-21:46:01-71,runattr,,,measurement,$rho=0.101694915254,
Phase6_Exponential-28-20261001-21:46:01-71,runattr,,,network,dect2020scheduledaccess.DectScheduledAccessNetwork,
Phase6_Exponential-28-20261001-21:46:01-71,runattr,,,processid,71,
Phase6_Exponential-28-20261001-21:46:01-71,runattr,,,repetition,8,
Phase6_Exponential-28-20261001-21:46:01-71,runattr,,,replication,#8,
Phase6_Exponential-28-20261001-21:46:01-71,runattr,,,resultdir,results_phase6,
Phase6_Exponential-28-20261001-21:46:01-71,runattr,,,runnumber,28,
Phase6_Exponential-28-20261001-21:46:01-71,runattr,,,seedset,8,
Phase6_Exponential-28-20261001-21:46:01-71,itervar,,,rho,0.101694915254,
Phase6_Exponential-28-20261001-21:46:01-71,config,,,extends,Phase6_Deterministic,
Phase6_Exponential-28-20261001-21:46:01-71,config,,,*.queue.type1ServiceDistribution,"""exponential""",
Phase6_Exponential-28-20261001-21:46:01-71,config,,,*.queue.type1ServiceSCV,1,
Phase6_Exponential-28-20261001-21:46:01-71,config,,,result-dir,results_phase6,
Phase6_Exponential-28-20261001-21:46:01-71,config,,,repeat,10,
Phase6_Exponential-28-20261001-21:46:01-71,config,,,seed-set,8,
Phase6_Exponential-28-20261001-21:46:01-71,config,,,*.queue.D,10,
Phase6_Exponential-28-20261001-21:46:01-71,config,,,*.queue.r,30,
Phase6_Exponential-28-20261001-21:46:01-71,config,,,*.queue.rho,0.101694915254,
Phase6_Exponential-28-20261001-21:46:01-71,config,,,*.queue.type1ServiceDistribution,"""deterministic""",
Phase6_Exponential-28-20261001-21:46:01-71,config,,,*.queue.type1ServiceSCV,0,
Phase6_Exponential-28-20261001-21:46:01-71,config,,,*.queue.recordVectors,false,
Phase6_Exponential-28-20261001-21:46:01-71,config,,,*.queue.recordTailStatistics,true,
Phase6_Exponential-28-20261001-21:46:01-71,config,,,*.queue.warmupCompletedPackets,200000,
Phase6_Exponential-28-20261001-21:46:01-71,config,,,*.queue.targetCompletedPackets,1000000,
Phase6_Exponential-28-20261001-21:46:01-71,config,,,network,dect2020scheduledaccess.DectScheduledAccessNetwork,
Phase6_Exponential-28-20261001-21:46:01-71,config,,,cmdenv-express-mode,true,
Phase6_Exponential-28-20261001-21:46:01-71,config,,,cmdenv-status-frequency,10s,
Phase6_Exponential-28-20261001-21:46:01-71,config,,,result-dir,results,
Phase6_Exponential-28-20261001-21:46:01-71,config,,,*.queue.frameDuration,10ms,
Phase6_Exponential-28-20261001-21:46:01-71,config,,,*.queue.meanType1ServiceTime,0.4166666667ms,
Phase6_Exponential-28-20261001-21:46:01-71,config,,,*.queue.deriveDectParametersFromD,true,
Phase6_Exponential-28-20261001-21:46:01-71,config,,,*.queue.deriveLambdaFromRho,true,
Phase6_Exponential-28-20261001-21:46:01-71,config,,,*.queue.warmupCompletedPackets,200000,
Phase6_Exponential-28-20261001-21:46:01-71,config,,,*.queue.targetCompletedPackets,1000000,
Phase6_Exponential-28-20261001-21:46:01-71,config,,,*.queue.recordVectors,false,
Phase6_Exponential-28-20261001-21:46:01-71,config,,,*.queue.rngIndex,0,
Phase6_Exponential-29-20261001-21:46:01-71,runattr,,,configname,Phase6_Exponential,
Phase6_Exponential-29-20261001-21:46:01-71,runattr,,,datetime,20261001-21:46:01,
Phase6_Exponential-29-20261001-21:46:01-71,runattr,,,datetimef,20261001-214601,
Phase6_Exponential-29-20261001-21:46:01-71,runattr,,,experiment,Phase6_Exponential,
Phase6_Exponential-29-20261001-21:46:01-71,runattr,,,inifile,omnetpp.ini,
Phase6_Exponential-29-20261001-21:46:01-71,runattr,,,iterationvars,$rho=0.101694915254,
Phase6_Exponential-29-20261001-21:46:01-71,runattr,,,iterationvarsd,rho=0.101694915254,
Phase6_Exponential-29-20261001-21:46:01-71,runattr,,,iterationvarsf,rho=0.101694915254-,
Phase6_Exponential-29-20261001-21:46:01-71,runattr,,,measurement,$rho=0.101694915254,
Phase6_Exponential-29-20261001-21:46:01-71,runattr,,,network,dect2020scheduledaccess.DectScheduledAccessNetwork,
Phase6_Exponential-29-20261001-21:46:01-71,runattr,,,processid,71,
Phase6_Exponential-29-20261001-21:46:01-71,runattr,,,repetition,9,
Phase6_Exponential-29-20261001-21:46:01-71,runattr,,,replication,#9,
Phase6_Exponential-29-20261001-21:46:01-71,runattr,,,resultdir,results_phase6,
Phase6_Exponential-29-20261001-21:46:01-71,runattr,,,runnumber,29,
Phase6_Exponential-29-20261001-21:46:01-71,runattr,,,seedset,9,
Phase6_Exponential-29-20261001-21:46:01-71,itervar,,,rho,0.101694915254,
Phase6_Exponential-29-20261001-21:46:01-71,config,,,extends,Phase6_Deterministic,
Phase6_Exponential-29-20261001-21:46:01-71,config,,,*.queue.type1ServiceDistribution,"""exponential""",
Phase6_Exponential-29-20261001-21:46:01-71,config,,,*.queue.type1ServiceSCV,1,
Phase6_Exponential-29-20261001-21:46:01-71,config,,,result-dir,results_phase6,
Phase6_Exponential-29-20261001-21:46:01-71,config,,,repeat,10,
Phase6_Exponential-29-20261001-21:46:01-71,config,,,seed-set,9,
Phase6_Exponential-29-20261001-21:46:01-71,config,,,*.queue.D,10,
Phase6_Exponential-29-20261001-21:46:01-71,config,,,*.queue.r,30,
Phase6_Exponential-29-20261001-21:46:01-71,config,,,*.queue.rho,0.101694915254,
Phase6_Exponential-29-20261001-21:46:01-71,config,,,*.queue.type1ServiceDistribution,"""deterministic""",
Phase6_Exponential-29-20261001-21:46:01-71,config,,,*.queue.type1ServiceSCV,0,
Phase6_Exponential-29-20261001-21:46:01-71,config,,,*.queue.recordVectors,false,
Phase6_Exponential-29-20261001-21:46:01-71,config,,,*.queue.recordTailStatistics,true,
Phase6_Exponential-29-20261001-21:46:01-71,config,,,*.queue.warmupCompletedPackets,200000,
Phase6_Exponential-29-20261001-21:46:01-71,config,,,*.queue.targetCompletedPackets,1000000,
Phase6_Exponential-29-20261001-21:46:01-71,config,,,network,dect2020scheduledaccess.DectScheduledAccessNetwork,
Phase6_Exponential-29-20261001-21:46:01-71,config,,,cmdenv-express-mode,true,
Phase6_Exponential-29-20261001-21:46:01-71,config,,,cmdenv-status-frequency,10s,
Phase6_Exponential-29-20261001-21:46:01-71,config,,,result-dir,results,
Phase6_Exponential-29-20261001-21:46:01-71,config,,,*.queue.frameDuration,10ms,
Phase6_Exponential-29-20261001-21:46:01-71,config,,,*.queue.meanType1ServiceTime,0.4166666667ms,
Phase6_Exponential-29-20261001-21:46:01-71,config,,,*.queue.deriveDectParametersFromD,true,
Phase6_Exponential-29-20261001-21:46:01-71,config,,,*.queue.deriveLambdaFromRho,true,
Phase6_Exponential-29-20261001-21:46:01-71,config,,,*.queue.warmupCompletedPackets,200000,
Phase6_Exponential-29-20261001-21:46:01-71,config,,,*.queue.targetCompletedPackets,1000000,
Phase6_Exponential-29-20261001-21:46:01-71,config,,,*.queue.recordVectors,false,
Phase6_Exponential-29-20261001-21:46:01-71,config,,,*.queue.rngIndex,0,
Phase6_Hyperexponential-0-20261001-21:46:02-72,runattr,,,configname,Phase6_Hyperexponential,
Phase6_Hyperexponential-0-20261001-21:46:02-72,runattr,,,datetime,20261001-21:46:02,
Phase6_Hyperexponential-0-20261001-21:46:02-72,runattr,,,datetimef,20261001-214602,
Phase6_Hyperexponential-0-20261001-21:46:02-72,runattr,,,experiment,Phase6_Hyperexponential,
Phase6_Hyperexponential-0-20261001-21:46:02-72,runattr,,,inifile,omnetpp.ini,
Phase6_Hyperexponential-0-20261001-21:46:02-72,runattr,,,iterationvars,$rho=0.067796610169,
Phase6_Hyperexponential-0-20261001-21:46:02-72,runattr,,,iterationvarsd,rho=0.067796610169,
Phase6_Hyperexponential-0-20261001-21:46:02-72,runattr,,,iterationvarsf,rho=0.067796610169-,
Phase6_Hyperexponential-0-20261001-21:46:02-72,runattr,,,measurement,$rho=0.067796610169,
Phase6_Hyperexponential-0-20261001-21:46:02-72,runattr,,,network,dect2020scheduledaccess.DectScheduledAccessNetwork,
Phase6_Hyperexponential-0-20261001-21:46:02-72,runattr,,,processid,72,
Phase6_Hyperexponential-0-20261001-21:46:02-72,runattr,,,repetition,0,
Phase6_Hyperexponential-0-20261001-21:46:02-72,runattr,,,replication,#0,
Phase6_Hyperexponential-0-20261001-21:46:02-72,runattr,,,resultdir,results_phase6,
Phase6_Hyperexponential-0-20261001-21:46:02-72,runattr,,,runnumber,0,
Phase6_Hyperexponential-0-20261001-21:46:02-72,runattr,,,seedset,0,
Phase6_Hyperexponential-0-20261001-21:46:02-72,itervar,,,rho,0.067796610169,
Phase6_Hyperexponential-0-20261001-21:46:02-72,config,,,extends,Phase6_Deterministic,
Phase6_Hyperexponential-0-20261001-21:46:02-72,config,,,*.queue.type1ServiceDistribution,"""hyperexponential""",
Phase6_Hyperexponential-0-20261001-21:46:02-72,config,,,*.queue.type1ServiceSCV,4,
Phase6_Hyperexponential-0-20261001-21:46:02-72,config,,,result-dir,results_phase6,
Phase6_Hyperexponential-0-20261001-21:46:02-72,config,,,repeat,10,
Phase6_Hyperexponential-0-20261001-21:46:02-72,config,,,seed-set,0,
Phase6_Hyperexponential-0-20261001-21:46:02-72,config,,,*.queue.D,10,
Phase6_Hyperexponential-0-20261001-21:46:02-72,config,,,*.queue.r,30,
Phase6_Hyperexponential-0-20261001-21:46:02-72,config,,,*.queue.rho,0.067796610169,
Phase6_Hyperexponential-0-20261001-21:46:02-72,config,,,*.queue.type1ServiceDistribution,"""deterministic""",
Phase6_Hyperexponential-0-20261001-21:46:02-72,config,,,*.queue.type1ServiceSCV,0,
Phase6_Hyperexponential-0-20261001-21:46:02-72,config,,,*.queue.recordVectors,false,
Phase6_Hyperexponential-0-20261001-21:46:02-72,config,,,*.queue.recordTailStatistics,true,
Phase6_Hyperexponential-0-20261001-21:46:02-72,config,,,*.queue.warmupCompletedPackets,200000,
Phase6_Hyperexponential-0-20261001-21:46:02-72,config,,,*.queue.targetCompletedPackets,1000000,
Phase6_Hyperexponential-0-20261001-21:46:02-72,config,,,network,dect2020scheduledaccess.DectScheduledAccessNetwork,
Phase6_Hyperexponential-0-20261001-21:46:02-72,config,,,cmdenv-express-mode,true,
Phase6_Hyperexponential-0-20261001-21:46:02-72,config,,,cmdenv-status-frequency,10s,
Phase6_Hyperexponential-0-20261001-21:46:02-72,config,,,result-dir,results,
Phase6_Hyperexponential-0-20261001-21:46:02-72,config,,,*.queue.frameDuration,10ms,
Phase6_Hyperexponential-0-20261001-21:46:02-72,config,,,*.queue.meanType1ServiceTime,0.4166666667ms,
Phase6_Hyperexponential-0-20261001-21:46:02-72,config,,,*.queue.deriveDectParametersFromD,true,
Phase6_Hyperexponential-0-20261001-21:46:02-72,config,,,*.queue.deriveLambdaFromRho,true,
Phase6_Hyperexponential-0-20261001-21:46:02-72,config,,,*.queue.warmupCompletedPackets,200000,
Phase6_Hyperexponential-0-20261001-21:46:02-72,config,,,*.queue.targetCompletedPackets,1000000,
Phase6_Hyperexponential-0-20261001-21:46:02-72,config,,,*.queue.recordVectors,false,
Phase6_Hyperexponential-0-20261001-21:46:02-72,config,,,*.queue.rngIndex,0,
Phase6_Hyperexponential-1-20261001-21:46:02-72,runattr,,,configname,Phase6_Hyperexponential,
Phase6_Hyperexponential-1-20261001-21:46:02-72,runattr,,,datetime,20261001-21:46:02,
Phase6_Hyperexponential-1-20261001-21:46:02-72,runattr,,,datetimef,20261001-214602,
Phase6_Hyperexponential-1-20261001-21:46:02-72,runattr,,,experiment,Phase6_Hyperexponential,
Phase6_Hyperexponential-1-20261001-21:46:02-72,runattr,,,inifile,omnetpp.ini,
Phase6_Hyperexponential-1-20261001-21:46:02-72,runattr,,,iterationvars,$rho=0.067796610169,
Phase6_Hyperexponential-1-20261001-21:46:02-72,runattr,,,iterationvarsd,rho=0.067796610169,
Phase6_Hyperexponential-1-20261001-21:46:02-72,runattr,,,iterationvarsf,rho=0.067796610169-,
Phase6_Hyperexponential-1-20261001-21:46:02-72,runattr,,,measurement,$rho=0.067796610169,
Phase6_Hyperexponential-1-20261001-21:46:02-72,runattr,,,network,dect2020scheduledaccess.DectScheduledAccessNetwork,
Phase6_Hyperexponential-1-20261001-21:46:02-72,runattr,,,processid,72,
Phase6_Hyperexponential-1-20261001-21:46:02-72,runattr,,,repetition,1,
Phase6_Hyperexponential-1-20261001-21:46:02-72,runattr,,,replication,#1,
Phase6_Hyperexponential-1-20261001-21:46:02-72,runattr,,,resultdir,results_phase6,
Phase6_Hyperexponential-1-20261001-21:46:02-72,runattr,,,runnumber,1,
Phase6_Hyperexponential-1-20261001-21:46:02-72,runattr,,,seedset,1,
Phase6_Hyperexponential-1-20261001-21:46:02-72,itervar,,,rho,0.067796610169,
Phase6_Hyperexponential-1-20261001-21:46:02-72,config,,,extends,Phase6_Deterministic,
Phase6_Hyperexponential-1-20261001-21:46:02-72,config,,,*.queue.type1ServiceDistribution,"""hyperexponential""",
Phase6_Hyperexponential-1-20261001-21:46:02-72,config,,,*.queue.type1ServiceSCV,4,
Phase6_Hyperexponential-1-20261001-21:46:02-72,config,,,result-dir,results_phase6,
Phase6_Hyperexponential-1-20261001-21:46:02-72,config,,,repeat,10,
Phase6_Hyperexponential-1-20261001-21:46:02-72,config,,,seed-set,1,
Phase6_Hyperexponential-1-20261001-21:46:02-72,config,,,*.queue.D,10,
Phase6_Hyperexponential-1-20261001-21:46:02-72,config,,,*.queue.r,30,
Phase6_Hyperexponential-1-20261001-21:46:02-72,config,,,*.queue.rho,0.067796610169,
Phase6_Hyperexponential-1-20261001-21:46:02-72,config,,,*.queue.type1ServiceDistribution,"""deterministic""",
Phase6_Hyperexponential-1-20261001-21:46:02-72,config,,,*.queue.type1ServiceSCV,0,
Phase6_Hyperexponential-1-20261001-21:46:02-72,config,,,*.queue.recordVectors,false,
Phase6_Hyperexponential-1-20261001-21:46:02-72,config,,,*.queue.recordTailStatistics,true,
Phase6_Hyperexponential-1-20261001-21:46:02-72,config,,,*.queue.warmupCompletedPackets,200000,
Phase6_Hyperexponential-1-20261001-21:46:02-72,config,,,*.queue.targetCompletedPackets,1000000,
Phase6_Hyperexponential-1-20261001-21:46:02-72,config,,,network,dect2020scheduledaccess.DectScheduledAccessNetwork,
Phase6_Hyperexponential-1-20261001-21:46:02-72,config,,,cmdenv-express-mode,true,
Phase6_Hyperexponential-1-20261001-21:46:02-72,config,,,cmdenv-status-frequency,10s,
Phase6_Hyperexponential-1-20261001-21:46:02-72,config,,,result-dir,results,
Phase6_Hyperexponential-1-20261001-21:46:02-72,config,,,*.queue.frameDuration,10ms,
Phase6_Hyperexponential-1-20261001-21:46:02-72,config,,,*.queue.meanType1ServiceTime,0.4166666667ms,
Phase6_Hyperexponential-1-20261001-21:46:02-72,config,,,*.queue.deriveDectParametersFromD,true,
Phase6_Hyperexponential-1-20261001-21:46:02-72,config,,,*.queue.deriveLambdaFromRho,true,
Phase6_Hyperexponential-1-20261001-21:46:02-72,config,,,*.queue.warmupCompletedPackets,200000,
Phase6_Hyperexponential-1-20261001-21:46:02-72,config,,,*.queue.targetCompletedPackets,1000000,
Phase6_Hyperexponential-1-20261001-21:46:02-72,config,,,*.queue.recordVectors,false,
Phase6_Hyperexponential-1-20261001-21:46:02-72,config,,,*.queue.rngIndex,0,
Phase6_Hyperexponential-2-20261001-21:46:02-72,runattr,,,configname,Phase6_Hyperexponential,
Phase6_Hyperexponential-2-20261001-21:46:02-72,runattr,,,datetime,20261001-21:46:02,
Phase6_Hyperexponential-2-20261001-21:46:02-72,runattr,,,datetimef,20261001-214602,
Phase6_Hyperexponential-2-20261001-21:46:02-72,runattr,,,experiment,Phase6_Hyperexponential,
Phase6_Hyperexponential-2-20261001-21:46:02-72,runattr,,,inifile,omnetpp.ini,
Phase6_Hyperexponential-2-20261001-21:46:02-72,runattr,,,iterationvars,$rho=0.067796610169,
Phase6_Hyperexponential-2-20261001-21:46:02-72,runattr,,,iterationvarsd,rho=0.067796610169,
Phase6_Hyperexponential-2-20261001-21:46:02-72,runattr,,,iterationvarsf,rho=0.067796610169-,
Phase6_Hyperexponential-2-20261001-21:46:02-72,runattr,,,measurement,$rho=0.067796610169,
Phase6_Hyperexponential-2-20261001-21:46:02-72,runattr,,,network,dect2020scheduledaccess.DectScheduledAccessNetwork,
Phase6_Hyperexponential-2-20261001-21:46:02-72,runattr,,,processid,72,
Phase6_Hyperexponential-2-20261001-21:46:02-72,runattr,,,repetition,2,
Phase6_Hyperexponential-2-20261001-21:46:02-72,runattr,,,replication,#2,
Phase6_Hyperexponential-2-20261001-21:46:02-72,runattr,,,resultdir,results_phase6,
Phase6_Hyperexponential-2-20261001-21:46:02-72,runattr,,,runnumber,2,
Phase6_Hyperexponential-2-20261001-21:46:02-72,runattr,,,seedset,2,
Phase6_Hyperexponential-2-20261001-21:46:02-72,itervar,,,rho,0.067796610169,
Phase6_Hyperexponential-2-20261001-21:46:02-72,config,,,extends,Phase6_Deterministic,
Phase6_Hyperexponential-2-20261001-21:46:02-72,config,,,*.queue.type1ServiceDistribution,"""hyperexponential""",
Phase6_Hyperexponential-2-20261001-21:46:02-72,config,,,*.queue.type1ServiceSCV,4,
Phase6_Hyperexponential-2-20261001-21:46:02-72,config,,,result-dir,results_phase6,
Phase6_Hyperexponential-2-20261001-21:46:02-72,config,,,repeat,10,
Phase6_Hyperexponential-2-20261001-21:46:02-72,config,,,seed-set,2,
Phase6_Hyperexponential-2-20261001-21:46:02-72,config,,,*.queue.D,10,
Phase6_Hyperexponential-2-20261001-21:46:02-72,config,,,*.queue.r,30,
Phase6_Hyperexponential-2-20261001-21:46:02-72,config,,,*.queue.rho,0.067796610169,
Phase6_Hyperexponential-2-20261001-21:46:02-72,config,,,*.queue.type1ServiceDistribution,"""deterministic""",
Phase6_Hyperexponential-2-20261001-21:46:02-72,config,,,*.queue.type1ServiceSCV,0,
Phase6_Hyperexponential-2-20261001-21:46:02-72,config,,,*.queue.recordVectors,false,
Phase6_Hyperexponential-2-20261001-21:46:02-72,config,,,*.queue.recordTailStatistics,true,
Phase6_Hyperexponential-2-20261001-21:46:02-72,config,,,*.queue.warmupCompletedPackets,200000,
Phase6_Hyperexponential-2-20261001-21:46:02-72,config,,,*.queue.targetCompletedPackets,1000000,
Phase6_Hyperexponential-2-20261001-21:46:02-72,config,,,network,dect2020scheduledaccess.DectScheduledAccessNetwork,
Phase6_Hyperexponential-2-20261001-21:46:02-72,config,,,cmdenv-express-mode,true,
Phase6_Hyperexponential-2-20261001-21:46:02-72,config,,,cmdenv-status-frequency,10s,
Phase6_Hyperexponential-2-20261001-21:46:02-72,config,,,result-dir,results,
Phase6_Hyperexponential-2-20261001-21:46:02-72,config,,,*.queue.frameDuration,10ms,
Phase6_Hyperexponential-2-20261001-21:46:02-72,config,,,*.queue.meanType1ServiceTime,0.4166666667ms,
Phase6_Hyperexponential-2-20261001-21:46:02-72,config,,,*.queue.deriveDectParametersFromD,true,
Phase6_Hyperexponential-2-20261001-21:46:02-72,config,,,*.queue.deriveLambdaFromRho,true,
Phase6_Hyperexponential-2-20261001-21:46:02-72,config,,,*.queue.warmupCompletedPackets,200000,
Phase6_Hyperexponential-2-20261001-21:46:02-72,config,,,*.queue.targetCompletedPackets,1000000,
Phase6_Hyperexponential-2-20261001-21:46:02-72,config,,,*.queue.recordVectors,false,
Phase6_Hyperexponential-2-20261001-21:46:02-72,config,,,*.queue.rngIndex,0,
Phase6_Hyperexponential-3-20261001-21:46:02-72,runattr,,,configname,Phase6_Hyperexponential,
Phase6_Hyperexponential-3-20261001-21:46:02-72,runattr,,,datetime,20261001-21:46:02,
Phase6_Hyperexponential-3-20261001-21:46:02-72,runattr,,,datetimef,20261001-214602,
Phase6_Hyperexponential-3-20261001-21:46:02-72,runattr,,,experiment,Phase6_Hyperexponential,
Phase6_Hyperexponential-3-20261001-21:46:02-72,runattr,,,inifile,omnetpp.ini,
Phase6_Hyperexponential-3-20261001-21:46:02-72,runattr,,,iterationvars,$rho=0.067796610169,
Phase6_Hyperexponential-3-20261001-21:46:02-72,runattr,,,iterationvarsd,rho=0.067796610169,
Phase6_Hyperexponential-3-20261001-21:46:02-72,runattr,,,iterationvarsf,rho=0.067796610169-,
Phase6_Hyperexponential-3-20261001-21:46:02-72,runattr,,,measurement,$rho=0.067796610169,
Phase6_Hyperexponential-3-20261001-21:46:02-72,runattr,,,network,dect2020scheduledaccess.DectScheduledAccessNetwork,
Phase6_Hyperexponential-3-20261001-21:46:02-72,runattr,,,processid,72,
Phase6_Hyperexponential-3-20261001-21:46:02-72,runattr,,,repetition,3,
Phase6_Hyperexponential-3-20261001-21:46:02-72,runattr,,,replication,#3,
Phase6_Hyperexponential-3-20261001-21:46:02-72,runattr,,,resultdir,results_phase6,
Phase6_Hyperexponential-3-20261001-21:46:02-72,runattr,,,runnumber,3,
Phase6_Hyperexponential-3-20261001-21:46:02-72,runattr,,,seedset,3,
Phase6_Hyperexponential-3-20261001-21:46:02-72,itervar,,,rho,0.067796610169,
Phase6_Hyperexponential-3-20261001-21:46:02-72,config,,,extends,Phase6_Deterministic,
Phase6_Hyperexponential-3-20261001-21:46:02-72,config,,,*.queue.type1ServiceDistribution,"""hyperexponential""",
Phase6_Hyperexponential-3-20261001-21:46:02-72,config,,,*.queue.type1ServiceSCV,4,
Phase6_Hyperexponential-3-20261001-21:46:02-72,config,,,result-dir,results_phase6,
Phase6_Hyperexponential-3-20261001-21:46:02-72,config,,,repeat,10,
Phase6_Hyperexponential-3-20261001-21:46:02-72,config,,,seed-set,3,
Phase6_Hyperexponential-3-20261001-21:46:02-72,config,,,*.queue.D,10,
Phase6_Hyperexponential-3-20261001-21:46:02-72,config,,,*.queue.r,30,
Phase6_Hyperexponential-3-20261001-21:46:02-72,config,,,*.queue.rho,0.067796610169,
Phase6_Hyperexponential-3-20261001-21:46:02-72,config,,,*.queue.type1ServiceDistribution,"""deterministic""",
Phase6_Hyperexponential-3-20261001-21:46:02-72,config,,,*.queue.type1ServiceSCV,0,
Phase6_Hyperexponential-3-20261001-21:46:02-72,config,,,*.queue.recordVectors,false,
Phase6_Hyperexponential-3-20261001-21:46:02-72,config,,,*.queue.recordTailStatistics,true,
Phase6_Hyperexponential-3-20261001-21:46:02-72,config,,,*.queue.warmupCompletedPackets,200000,
Phase6_Hyperexponential-3-20261001-21:46:02-72,config,,,*.queue.targetCompletedPackets,1000000,
Phase6_Hyperexponential-3-20261001-21:46:02-72,config,,,network,dect2020scheduledaccess.DectScheduledAccessNetwork,
Phase6_Hyperexponential-3-20261001-21:46:02-72,config,,,cmdenv-express-mode,true,
Phase6_Hyperexponential-3-20261001-21:46:02-72,config,,,cmdenv-status-frequency,10s,
Phase6_Hyperexponential-3-20261001-21:46:02-72,config,,,result-dir,results,
Phase6_Hyperexponential-3-20261001-21:46:02-72,config,,,*.queue.frameDuration,10ms,
Phase6_Hyperexponential-3-20261001-21:46:02-72,config,,,*.queue.meanType1ServiceTime,0.4166666667ms,
Phase6_Hyperexponential-3-20261001-21:46:02-72,config,,,*.queue.deriveDectParametersFromD,true,
Phase6_Hyperexponential-3-20261001-21:46:02-72,config,,,*.queue.deriveLambdaFromRho,true,
Phase6_Hyperexponential-3-20261001-21:46:02-72,config,,,*.queue.warmupCompletedPackets,200000,
Phase6_Hyperexponential-3-20261001-21:46:02-72,config,,,*.queue.targetCompletedPackets,1000000,
Phase6_Hyperexponential-3-20261001-21:46:02-72,config,,,*.queue.recordVectors,false,
Phase6_Hyperexponential-3-20261001-21:46:02-72,config,,,*.queue.rngIndex,0,
Phase6_Hyperexponential-4-20261001-21:46:03-72,runattr,,,configname,Phase6_Hyperexponential,
Phase6_Hyperexponential-4-20261001-21:46:03-72,runattr,,,datetime,20261001-21:46:03,
Phase6_Hyperexponential-4-20261001-21:46:03-72,runattr,,,datetimef,20261001-214603,
Phase6_Hyperexponential-4-20261001-21:46:03-72,runattr,,,experiment,Phase6_Hyperexponential,
Phase6_Hyperexponential-4-20261001-21:46:03-72,runattr,,,inifile,omnetpp.ini,
Phase6_Hyperexponential-4-20261001-21:46:03-72,runattr,,,iterationvars,$rho=0.067796610169,
Phase6_Hyperexponential-4-20261001-21:46:03-72,runattr,,,iterationvarsd,rho=0.067796610169,
Phase6_Hyperexponential-4-20261001-21:46:03-72,runattr,,,iterationvarsf,rho=0.067796610169-,
Phase6_Hyperexponential-4-20261001-21:46:03-72,runattr,,,measurement,$rho=0.067796610169,
Phase6_Hyperexponential-4-20261001-21:46:03-72,runattr,,,network,dect2020scheduledaccess.DectScheduledAccessNetwork,
Phase6_Hyperexponential-4-20261001-21:46:03-72,runattr,,,processid,72,
Phase6_Hyperexponential-4-20261001-21:46:03-72,runattr,,,repetition,4,
Phase6_Hyperexponential-4-20261001-21:46:03-72,runattr,,,replication,#4,
Phase6_Hyperexponential-4-20261001-21:46:03-72,runattr,,,resultdir,results_phase6,
Phase6_Hyperexponential-4-20261001-21:46:03-72,runattr,,,runnumber,4,
Phase6_Hyperexponential-4-20261001-21:46:03-72,runattr,,,seedset,4,
Phase6_Hyperexponential-4-20261001-21:46:03-72,itervar,,,rho,0.067796610169,
Phase6_Hyperexponential-4-20261001-21:46:03-72,config,,,extends,Phase6_Deterministic,
Phase6_Hyperexponential-4-20261001-21:46:03-72,config,,,*.queue.type1ServiceDistribution,"""hyperexponential""",
Phase6_Hyperexponential-4-20261001-21:46:03-72,config,,,*.queue.type1ServiceSCV,4,
Phase6_Hyperexponential-4-20261001-21:46:03-72,config,,,result-dir,results_phase6,
Phase6_Hyperexponential-4-20261001-21:46:03-72,config,,,repeat,10,
Phase6_Hyperexponential-4-20261001-21:46:03-72,config,,,seed-set,4,
Phase6_Hyperexponential-4-20261001-21:46:03-72,config,,,*.queue.D,10,
Phase6_Hyperexponential-4-20261001-21:46:03-72,config,,,*.queue.r,30,
Phase6_Hyperexponential-4-20261001-21:46:03-72,config,,,*.queue.rho,0.067796610169,
Phase6_Hyperexponential-4-20261001-21:46:03-72,config,,,*.queue.type1ServiceDistribution,"""deterministic""",
Phase6_Hyperexponential-4-20261001-21:46:03-72,config,,,*.queue.type1ServiceSCV,0,
Phase6_Hyperexponential-4-20261001-21:46:03-72,config,,,*.queue.recordVectors,false,
Phase6_Hyperexponential-4-20261001-21:46:03-72,config,,,*.queue.recordTailStatistics,true,
Phase6_Hyperexponential-4-20261001-21:46:03-72,config,,,*.queue.warmupCompletedPackets,200000,
Phase6_Hyperexponential-4-20261001-21:46:03-72,config,,,*.queue.targetCompletedPackets,1000000,
Phase6_Hyperexponential-4-20261001-21:46:03-72,config,,,network,dect2020scheduledaccess.DectScheduledAccessNetwork,
Phase6_Hyperexponential-4-20261001-21:46:03-72,config,,,cmdenv-express-mode,true,
Phase6_Hyperexponential-4-20261001-21:46:03-72,config,,,cmdenv-status-frequency,10s,
Phase6_Hyperexponential-4-20261001-21:46:03-72,config,,,result-dir,results,
Phase6_Hyperexponential-4-20261001-21:46:03-72,config,,,*.queue.frameDuration,10ms,
Phase6_Hyperexponential-4-20261001-21:46:03-72,config,,,*.queue.meanType1ServiceTime,0.4166666667ms,
Phase6_Hyperexponential-4-20261001-21:46:03-72,config,,,*.queue.deriveDectParametersFromD,true,
Phase6_Hyperexponential-4-20261001-21:46:03-72,config,,,*.queue.deriveLambdaFromRho,true,
Phase6_Hyperexponential-4-20261001-21:46:03-72,config,,,*.queue.warmupCompletedPackets,200000,
Phase6_Hyperexponential-4-20261001-21:46:03-72,config,,,*.queue.targetCompletedPackets,1000000,
Phase6_Hyperexponential-4-20261001-21:46:03-72,config,,,*.queue.recordVectors,false,
Phase6_Hyperexponential-4-20261001-21:46:03-72,config,,,*.queue.rngIndex,0,
Phase6_Hyperexponential-5-20261001-21:46:03-72,runattr,,,configname,Phase6_Hyperexponential,
Phase6_Hyperexponential-5-20261001-21:46:03-72,runattr,,,datetime,20261001-21:46:03,
Phase6_Hyperexponential-5-20261001-21:46:03-72,runattr,,,datetimef,20261001-214603,
Phase6_Hyperexponential-5-20261001-21:46:03-72,runattr,,,experiment,Phase6_Hyperexponential,
Phase6_Hyperexponential-5-20261001-21:46:03-72,runattr,,,inifile,omnetpp.ini,
Phase6_Hyperexponential-5-20261001-21:46:03-72,runattr,,,iterationvars,$rho=0.067796610169,
Phase6_Hyperexponential-5-20261001-21:46:03-72,runattr,,,iterationvarsd,rho=0.067796610169,
Phase6_Hyperexponential-5-20261001-21:46:03-72,runattr,,,iterationvarsf,rho=0.067796610169-,
Phase6_Hyperexponential-5-20261001-21:46:03-72,runattr,,,measurement,$rho=0.067796610169,
Phase6_Hyperexponential-5-20261001-21:46:03-72,runattr,,,network,dect2020scheduledaccess.DectScheduledAccessNetwork,
Phase6_Hyperexponential-5-20261001-21:46:03-72,runattr,,,processid,72,
Phase6_Hyperexponential-5-20261001-21:46:03-72,runattr,,,repetition,5,
Phase6_Hyperexponential-5-20261001-21:46:03-72,runattr,,,replication,#5,
Phase6_Hyperexponential-5-20261001-21:46:03-72,runattr,,,resultdir,results_phase6,
Phase6_Hyperexponential-5-20261001-21:46:03-72,runattr,,,runnumber,5,
Phase6_Hyperexponential-5-20261001-21:46:03-72,runattr,,,seedset,5,
Phase6_Hyperexponential-5-20261001-21:46:03-72,itervar,,,rho,0.067796610169,
Phase6_Hyperexponential-5-20261001-21:46:03-72,config,,,extends,Phase6_Deterministic,
Phase6_Hyperexponential-5-20261001-21:46:03-72,config,,,*.queue.type1ServiceDistribution,"""hyperexponential""",
Phase6_Hyperexponential-5-20261001-21:46:03-72,config,,,*.queue.type1ServiceSCV,4,
Phase6_Hyperexponential-5-20261001-21:46:03-72,config,,,result-dir,results_phase6,
Phase6_Hyperexponential-5-20261001-21:46:03-72,config,,,repeat,10,
Phase6_Hyperexponential-5-20261001-21:46:03-72,config,,,seed-set,5,
Phase6_Hyperexponential-5-20261001-21:46:03-72,config,,,*.queue.D,10,
Phase6_Hyperexponential-5-20261001-21:46:03-72,config,,,*.queue.r,30,
Phase6_Hyperexponential-5-20261001-21:46:03-72,config,,,*.queue.rho,0.067796610169,
Phase6_Hyperexponential-5-20261001-21:46:03-72,config,,,*.queue.type1ServiceDistribution,"""deterministic""",
Phase6_Hyperexponential-5-20261001-21:46:03-72,config,,,*.queue.type1ServiceSCV,0,
Phase6_Hyperexponential-5-20261001-21:46:03-72,config,,,*.queue.recordVectors,false,
Phase6_Hyperexponential-5-20261001-21:46:03-72,config,,,*.queue.recordTailStatistics,true,
Phase6_Hyperexponential-5-20261001-21:46:03-72,config,,,*.queue.warmupCompletedPackets,200000,
Phase6_Hyperexponential-5-20261001-21:46:03-72,config,,,*.queue.targetCompletedPackets,1000000,
Phase6_Hyperexponential-5-20261001-21:46:03-72,config,,,network,dect2020scheduledaccess.DectScheduledAccessNetwork,
Phase6_Hyperexponential-5-20261001-21:46:03-72,config,,,cmdenv-express-mode,true,
Phase6_Hyperexponential-5-20261001-21:46:03-72,config,,,cmdenv-status-frequency,10s,
Phase6_Hyperexponential-5-20261001-21:46:03-72,config,,,result-dir,results,
Phase6_Hyperexponential-5-20261001-21:46:03-72,config,,,*.queue.frameDuration,10ms,
Phase6_Hyperexponential-5-20261001-21:46:03-72,config,,,*.queue.meanType1ServiceTime,0.4166666667ms,
Phase6_Hyperexponential-5-20261001-21:46:03-72,config,,,*.queue.deriveDectParametersFromD,true,
Phase6_Hyperexponential-5-20261001-21:46:03-72,config,,,*.queue.deriveLambdaFromRho,true,
Phase6_Hyperexponential-5-20261001-21:46:03-72,config,,,*.queue.warmupCompletedPackets,200000,
Phase6_Hyperexponential-5-20261001-21:46:03-72,config,,,*.queue.targetCompletedPackets,1000000,
Phase6_Hyperexponential-5-20261001-21:46:03-72,config,,,*.queue.recordVectors,false,
Phase6_Hyperexponential-5-20261001-21:46:03-72,config,,,*.queue.rngIndex,0,
Phase6_Hyperexponential-6-20261001-21:46:03-72,runattr,,,configname,Phase6_Hyperexponential,
Phase6_Hyperexponential-6-20261001-21:46:03-72,runattr,,,datetime,20261001-21:46:03,
Phase6_Hyperexponential-6-20261001-21:46:03-72,runattr,,,datetimef,20261001-214603,
Phase6_Hyperexponential-6-20261001-21:46:03-72,runattr,,,experiment,Phase6_Hyperexponential,
Phase6_Hyperexponential-6-20261001-21:46:03-72,runattr,,,inifile,omnetpp.ini,
Phase6_Hyperexponential-6-20261001-21:46:03-72,runattr,,,iterationvars,$rho=0.067796610169,
Phase6_Hyperexponential-6-20261001-21:46:03-72,runattr,,,iterationvarsd,rho=0.067796610169,
Phase6_Hyperexponential-6-20261001-21:46:03-72,runattr,,,iterationvarsf,rho=0.067796610169-,
Phase6_Hyperexponential-6-20261001-21:46:03-72,runattr,,,measurement,$rho=0.067796610169,
Phase6_Hyperexponential-6-20261001-21:46:03-72,runattr,,,network,dect2020scheduledaccess.DectScheduledAccessNetwork,
Phase6_Hyperexponential-6-20261001-21:46:03-72,runattr,,,processid,72,
Phase6_Hyperexponential-6-20261001-21:46:03-72,runattr,,,repetition,6,
Phase6_Hyperexponential-6-20261001-21:46:03-72,runattr,,,replication,#6,
Phase6_Hyperexponential-6-20261001-21:46:03-72,runattr,,,resultdir,results_phase6,
Phase6_Hyperexponential-6-20261001-21:46:03-72,runattr,,,runnumber,6,
Phase6_Hyperexponential-6-20261001-21:46:03-72,runattr,,,seedset,6,
Phase6_Hyperexponential-6-20261001-21:46:03-72,itervar,,,rho,0.067796610169,
Phase6_Hyperexponential-6-20261001-21:46:03-72,config,,,extends,Phase6_Deterministic,
Phase6_Hyperexponential-6-20261001-21:46:03-72,config,,,*.queue.type1ServiceDistribution,"""hyperexponential""",
Phase6_Hyperexponential-6-20261001-21:46:03-72,config,,,*.queue.type1ServiceSCV,4,
Phase6_Hyperexponential-6-20261001-21:46:03-72,config,,,result-dir,results_phase6,
Phase6_Hyperexponential-6-20261001-21:46:03-72,config,,,repeat,10,
Phase6_Hyperexponential-6-20261001-21:46:03-72,config,,,seed-set,6,
Phase6_Hyperexponential-6-20261001-21:46:03-72,config,,,*.queue.D,10,
Phase6_Hyperexponential-6-20261001-21:46:03-72,config,,,*.queue.r,30,
Phase6_Hyperexponential-6-20261001-21:46:03-72,config,,,*.queue.rho,0.067796610169,
Phase6_Hyperexponential-6-20261001-21:46:03-72,config,,,*.queue.type1ServiceDistribution,"""deterministic""",
Phase6_Hyperexponential-6-20261001-21:46:03-72,config,,,*.queue.type1ServiceSCV,0,
Phase6_Hyperexponential-6-20261001-21:46:03-72,config,,,*.queue.recordVectors,false,
Phase6_Hyperexponential-6-20261001-21:46:03-72,config,,,*.queue.recordTailStatistics,true,
Phase6_Hyperexponential-6-20261001-21:46:03-72,config,,,*.queue.warmupCompletedPackets,200000,
Phase6_Hyperexponential-6-20261001-21:46:03-72,config,,,*.queue.targetCompletedPackets,1000000,
Phase6_Hyperexponential-6-20261001-21:46:03-72,config,,,network,dect2020scheduledaccess.DectScheduledAccessNetwork,
Phase6_Hyperexponential-6-20261001-21:46:03-72,config,,,cmdenv-express-mode,true,
Phase6_Hyperexponential-6-20261001-21:46:03-72,config,,,cmdenv-status-frequency,10s,
Phase6_Hyperexponential-6-20261001-21:46:03-72,config,,,result-dir,results,
Phase6_Hyperexponential-6-20261001-21:46:03-72,config,,,*.queue.frameDuration,10ms,
Phase6_Hyperexponential-6-20261001-21:46:03-72,config,,,*.queue.meanType1ServiceTime,0.4166666667ms,
Phase6_Hyperexponential-6-20261001-21:46:03-72,config,,,*.queue.deriveDectParametersFromD,true,
Phase6_Hyperexponential-6-20261001-21:46:03-72,config,,,*.queue.deriveLambdaFromRho,true,
Phase6_Hyperexponential-6-20261001-21:46:03-72,config,,,*.queue.warmupCompletedPackets,200000,
Phase6_Hyperexponential-6-20261001-21:46:03-72,config,,,*.queue.targetCompletedPackets,1000000,
Phase6_Hyperexponential-6-20261001-21:46:03-72,config,,,*.queue.recordVectors,false,
Phase6_Hyperexponential-6-20261001-21:46:03-72,config,,,*.queue.rngIndex,0,
Phase6_Hyperexponential-7-20261001-21:46:04-72,runattr,,,configname,Phase6_Hyperexponential,
Phase6_Hyperexponential-7-20261001-21:46:04-72,runattr,,,datetime,20261001-21:46:04,
Phase6_Hyperexponential-7-20261001-21:46:04-72,runattr,,,datetimef,20261001-214604,
Phase6_Hyperexponential-7-20261001-21:46:04-72,runattr,,,experiment,Phase6_Hyperexponential,
Phase6_Hyperexponential-7-20261001-21:46:04-72,runattr,,,inifile,omnetpp.ini,
Phase6_Hyperexponential-7-20261001-21:46:04-72,runattr,,,iterationvars,$rho=0.067796610169,
Phase6_Hyperexponential-7-20261001-21:46:04-72,runattr,,,iterationvarsd,rho=0.067796610169,
Phase6_Hyperexponential-7-20261001-21:46:04-72,runattr,,,iterationvarsf,rho=0.067796610169-,
Phase6_Hyperexponential-7-20261001-21:46:04-72,runattr,,,measurement,$rho=0.067796610169,
Phase6_Hyperexponential-7-20261001-21:46:04-72,runattr,,,network,dect2020scheduledaccess.DectScheduledAccessNetwork,
Phase6_Hyperexponential-7-20261001-21:46:04-72,runattr,,,processid,72,
Phase6_Hyperexponential-7-20261001-21:46:04-72,runattr,,,repetition,7,
Phase6_Hyperexponential-7-20261001-21:46:04-72,runattr,,,replication,#7,
Phase6_Hyperexponential-7-20261001-21:46:04-72,runattr,,,resultdir,results_phase6,
Phase6_Hyperexponential-7-20261001-21:46:04-72,runattr,,,runnumber,7,
Phase6_Hyperexponential-7-20261001-21:46:04-72,runattr,,,seedset,7,
Phase6_Hyperexponential-7-20261001-21:46:04-72,itervar,,,rho,0.067796610169,
Phase6_Hyperexponential-7-20261001-21:46:04-72,config,,,extends,Phase6_Deterministic,
Phase6_Hyperexponential-7-20261001-21:46:04-72,config,,,*.queue.type1ServiceDistribution,"""hyperexponential""",
Phase6_Hyperexponential-7-20261001-21:46:04-72,config,,,*.queue.type1ServiceSCV,4,
Phase6_Hyperexponential-7-20261001-21:46:04-72,config,,,result-dir,results_phase6,
Phase6_Hyperexponential-7-20261001-21:46:04-72,config,,,repeat,10,
Phase6_Hyperexponential-7-20261001-21:46:04-72,config,,,seed-set,7,
Phase6_Hyperexponential-7-20261001-21:46:04-72,config,,,*.queue.D,10,
Phase6_Hyperexponential-7-20261001-21:46:04-72,config,,,*.queue.r,30,
Phase6_Hyperexponential-7-20261001-21:46:04-72,config,,,*.queue.rho,0.067796610169,
Phase6_Hyperexponential-7-20261001-21:46:04-72,config,,,*.queue.type1ServiceDistribution,"""deterministic""",
Phase6_Hyperexponential-7-20261001-21:46:04-72,config,,,*.queue.type1ServiceSCV,0,
Phase6_Hyperexponential-7-20261001-21:46:04-72,config,,,*.queue.recordVectors,false,
Phase6_Hyperexponential-7-20261001-21:46:04-72,config,,,*.queue.recordTailStatistics,true,
Phase6_Hyperexponential-7-20261001-21:46:04-72,config,,,*.queue.warmupCompletedPackets,200000,
Phase6_Hyperexponential-7-20261001-21:46:04-72,config,,,*.queue.targetCompletedPackets,1000000,
Phase6_Hyperexponential-7-20261001-21:46:04-72,config,,,network,dect2020scheduledaccess.DectScheduledAccessNetwork,
Phase6_Hyperexponential-7-20261001-21:46:04-72,config,,,cmdenv-express-mode,true,
Phase6_Hyperexponential-7-20261001-21:46:04-72,config,,,cmdenv-status-frequency,10s,
Phase6_Hyperexponential-7-20261001-21:46:04-72,config,,,result-dir,results,
Phase6_Hyperexponential-7-20261001-21:46:04-72,config,,,*.queue.frameDuration,10ms,
Phase6_Hyperexponential-7-20261001-21:46:04-72,config,,,*.queue.meanType1ServiceTime,0.4166666667ms,
Phase6_Hyperexponential-7-20261001-21:46:04-72,config,,,*.queue.deriveDectParametersFromD,true,
Phase6_Hyperexponential-7-20261001-21:46:04-72,config,,,*.queue.deriveLambdaFromRho,true,
Phase6_Hyperexponential-7-20261001-21:46:04-72,config,,,*.queue.warmupCompletedPackets,200000,
Phase6_Hyperexponential-7-20261001-21:46:04-72,config,,,*.queue.targetCompletedPackets,1000000,
Phase6_Hyperexponential-7-20261001-21:46:04-72,config,,,*.queue.recordVectors,false,
Phase6_Hyperexponential-7-20261001-21:46:04-72,config,,,*.queue.rngIndex,0,
Phase6_Hyperexponential-8-20261001-21:46:04-72,runattr,,,configname,Phase6_Hyperexponential,
Phase6_Hyperexponential-8-20261001-21:46:04-72,runattr,,,datetime,20261001-21:46:04,
Phase6_Hyperexponential-8-20261001-21:46:04-72,runattr,,,datetimef,20261001-214604,
Phase6_Hyperexponential-8-20261001-21:46:04-72,runattr,,,experiment,Phase6_Hyperexponential,
Phase6_Hyperexponential-8-20261001-21:46:04-72,runattr,,,inifile,omnetpp.ini,
Phase6_Hyperexponential-8-20261001-21:46:04-72,runattr,,,iterationvars,$rho=0.067796610169,
Phase6_Hyperexponential-8-20261001-21:46:04-72,runattr,,,iterationvarsd,rho=0.067796610169,
Phase6_Hyperexponential-8-20261001-21:46:04-72,runattr,,,iterationvarsf,rho=0.067796610169-,
Phase6_Hyperexponential-8-20261001-21:46:04-72,runattr,,,measurement,$rho=0.067796610169,
Phase6_Hyperexponential-8-20261001-21:46:04-72,runattr,,,network,dect2020scheduledaccess.DectScheduledAccessNetwork,
Phase6_Hyperexponential-8-20261001-21:46:04-72,runattr,,,processid,72,
Phase6_Hyperexponential-8-20261001-21:46:04-72,runattr,,,repetition,8,
Phase6_Hyperexponential-8-20261001-21:46:04-72,runattr,,,replication,#8,
Phase6_Hyperexponential-8-20261001-21:46:04-72,runattr,,,resultdir,results_phase6,
Phase6_Hyperexponential-8-20261001-21:46:04-72,runattr,,,runnumber,8,
Phase6_Hyperexponential-8-20261001-21:46:04-72,runattr,,,seedset,8,
Phase6_Hyperexponential-8-20261001-21:46:04-72,itervar,,,rho,0.067796610169,
Phase6_Hyperexponential-8-20261001-21:46:04-72,config,,,extends,Phase6_Deterministic,
Phase6_Hyperexponential-8-20261001-21:46:04-72,config,,,*.queue.type1ServiceDistribution,"""hyperexponential""",
Phase6_Hyperexponential-8-20261001-21:46:04-72,config,,,*.queue.type1ServiceSCV,4,
Phase6_Hyperexponential-8-20261001-21:46:04-72,config,,,result-dir,results_phase6,
Phase6_Hyperexponential-8-20261001-21:46:04-72,config,,,repeat,10,
Phase6_Hyperexponential-8-20261001-21:46:04-72,config,,,seed-set,8,
Phase6_Hyperexponential-8-20261001-21:46:04-72,config,,,*.queue.D,10,
Phase6_Hyperexponential-8-20261001-21:46:04-72,config,,,*.queue.r,30,
Phase6_Hyperexponential-8-20261001-21:46:04-72,config,,,*.queue.rho,0.067796610169,
Phase6_Hyperexponential-8-20261001-21:46:04-72,config,,,*.queue.type1ServiceDistribution,"""deterministic""",
Phase6_Hyperexponential-8-20261001-21:46:04-72,config,,,*.queue.type1ServiceSCV,0,
Phase6_Hyperexponential-8-20261001-21:46:04-72,config,,,*.queue.recordVectors,false,
Phase6_Hyperexponential-8-20261001-21:46:04-72,config,,,*.queue.recordTailStatistics,true,
Phase6_Hyperexponential-8-20261001-21:46:04-72,config,,,*.queue.warmupCompletedPackets,200000,
Phase6_Hyperexponential-8-20261001-21:46:04-72,config,,,*.queue.targetCompletedPackets,1000000,
Phase6_Hyperexponential-8-20261001-21:46:04-72,config,,,network,dect2020scheduledaccess.DectScheduledAccessNetwork,
Phase6_Hyperexponential-8-20261001-21:46:04-72,config,,,cmdenv-express-mode,true,
Phase6_Hyperexponential-8-20261001-21:46:04-72,config,,,cmdenv-status-frequency,10s,
Phase6_Hyperexponential-8-20261001-21:46:04-72,config,,,result-dir,results,
Phase6_Hyperexponential-8-20261001-21:46:04-72,config,,,*.queue.frameDuration,10ms,
Phase6_Hyperexponential-8-20261001-21:46:04-72,config,,,*.queue.meanType1ServiceTime,0.4166666667ms,
Phase6_Hyperexponential-8-20261001-21:46:04-72,config,,,*.queue.deriveDectParametersFromD,true,
Phase6_Hyperexponential-8-20261001-21:46:04-72,config,,,*.queue.deriveLambdaFromRho,true,
Phase6_Hyperexponential-8-20261001-21:46:04-72,config,,,*.queue.warmupCompletedPackets,200000,
Phase6_Hyperexponential-8-20261001-21:46:04-72,config,,,*.queue.targetCompletedPackets,1000000,
Phase6_Hyperexponential-8-20261001-21:46:04-72,config,,,*.queue.recordVectors,false,
Phase6_Hyperexponential-8-20261001-21:46:04-72,config,,,*.queue.rngIndex,0,
Phase6_Hyperexponential-9-20261001-21:46:04-72,runattr,,,configname,Phase6_Hyperexponential,
Phase6_Hyperexponential-9-20261001-21:46:04-72,runattr,,,datetime,20261001-21:46:04,
Phase6_Hyperexponential-9-20261001-21:46:04-72,runattr,,,datetimef,20261001-214604,
Phase6_Hyperexponential-9-20261001-21:46:04-72,runattr,,,experiment,Phase6_Hyperexponential,
Phase6_Hyperexponential-9-20261001-21:46:04-72,runattr,,,inifile,omnetpp.ini,
Phase6_Hyperexponential-9-20261001-21:46:04-72,runattr,,,iterationvars,$rho=0.067796610169,
Phase6_Hyperexponential-9-20261001-21:46:04-72,runattr,,,iterationvarsd,rho=0.067796610169,
Phase6_Hyperexponential-9-20261001-21:46:04-72,runattr,,,iterationvarsf,rho=0.067796610169-,
Phase6_Hyperexponential-9-20261001-21:46:04-72,runattr,,,measurement,$rho=0.067796610169,
Phase6_Hyperexponential-9-20261001-21:46:04-72,runattr,,,network,dect2020scheduledaccess.DectScheduledAccessNetwork,
Phase6_Hyperexponential-9-20261001-21:46:04-72,runattr,,,processid,72,
Phase6_Hyperexponential-9-20261001-21:46:04-72,runattr,,,repetition,9,
Phase6_Hyperexponential-9-20261001-21:46:04-72,runattr,,,replication,#9,
Phase6_Hyperexponential-9-20261001-21:46:04-72,runattr,,,resultdir,results_phase6,
Phase6_Hyperexponential-9-20261001-21:46:04-72,runattr,,,runnumber,9,
Phase6_Hyperexponential-9-20261001-21:46:04-72,runattr,,,seedset,9,
Phase6_Hyperexponential-9-20261001-21:46:04-72,itervar,,,rho,0.067796610169,
Phase6_Hyperexponential-9-20261001-21:46:04-72,config,,,extends,Phase6_Deterministic,
Phase6_Hyperexponential-9-20261001-21:46:04-72,config,,,*.queue.type1ServiceDistribution,"""hyperexponential""",
Phase6_Hyperexponential-9-20261001-21:46:04-72,config,,,*.queue.type1ServiceSCV,4,
Phase6_Hyperexponential-9-20261001-21:46:04-72,config,,,result-dir,results_phase6,
Phase6_Hyperexponential-9-20261001-21:46:04-72,config,,,repeat,10,
Phase6_Hyperexponential-9-20261001-21:46:04-72,config,,,seed-set,9,
Phase6_Hyperexponential-9-20261001-21:46:04-72,config,,,*.queue.D,10,
Phase6_Hyperexponential-9-20261001-21:46:04-72,config,,,*.queue.r,30,
Phase6_Hyperexponential-9-20261001-21:46:04-72,config,,,*.queue.rho,0.067796610169,
Phase6_Hyperexponential-9-20261001-21:46:04-72,config,,,*.queue.type1ServiceDistribution,"""deterministic""",
Phase6_Hyperexponential-9-20261001-21:46:04-72,config,,,*.queue.type1ServiceSCV,0,
Phase6_Hyperexponential-9-20261001-21:46:04-72,config,,,*.queue.recordVectors,false,
Phase6_Hyperexponential-9-20261001-21:46:04-72,config,,,*.queue.recordTailStatistics,true,
Phase6_Hyperexponential-9-20261001-21:46:04-72,config,,,*.queue.warmupCompletedPackets,200000,
Phase6_Hyperexponential-9-20261001-21:46:04-72,config,,,*.queue.targetCompletedPackets,1000000,
Phase6_Hyperexponential-9-20261001-21:46:04-72,config,,,network,dect2020scheduledaccess.DectScheduledAccessNetwork,
Phase6_Hyperexponential-9-20261001-21:46:04-72,config,,,cmdenv-express-mode,true,
Phase6_Hyperexponential-9-20261001-21:46:04-72,config,,,cmdenv-status-frequency,10s,
Phase6_Hyperexponential-9-20261001-21:46:04-72,config,,,result-dir,results,
Phase6_Hyperexponential-9-20261001-21:46:04-72,config,,,*.queue.frameDuration,10ms,
Phase6_Hyperexponential-9-20261001-21:46:04-72,config,,,*.queue.meanType1ServiceTime,0.4166666667ms,
Phase6_Hyperexponential-9-20261001-21:46:04-72,config,,,*.queue.deriveDectParametersFromD,true,
Phase6_Hyperexponential-9-20261001-21:46:04-72,config,,,*.queue.deriveLambdaFromRho,true,
Phase6_Hyperexponential-9-20261001-21:46:04-72,config,,,*.queue.warmupCompletedPackets,200000,
Phase6_Hyperexponential-9-20261001-21:46:04-72,config,,,*.queue.targetCompletedPackets,1000000,
Phase6_Hyperexponential-9-20261001-21:46:04-72,config,,,*.queue.recordVectors,false,
Phase6_Hyperexponential-9-20261001-21:46:04-72,config,,,*.queue.rngIndex,0,
Phase6_Hyperexponential-10-20261001-21:46:04-72,runattr,,,configname,Phase6_Hyperexponential,
Phase6_Hyperexponential-10-20261001-21:46:04-72,runattr,,,datetime,20261001-21:46:04,
Phase6_Hyperexponential-10-20261001-21:46:04-72,runattr,,,datetimef,20261001-214604,
Phase6_Hyperexponential-10-20261001-21:46:04-72,runattr,,,experiment,Phase6_Hyperexponential,
Phase6_Hyperexponential-10-20261001-21:46:04-72,runattr,,,inifile,omnetpp.ini,
Phase6_Hyperexponential-10-20261001-21:46:04-72,runattr,,,iterationvars,$rho=0.084745762712,
Phase6_Hyperexponential-10-20261001-21:46:04-72,runattr,,,iterationvarsd,rho=0.084745762712,
Phase6_Hyperexponential-10-20261001-21:46:04-72,runattr,,,iterationvarsf,rho=0.084745762712-,
Phase6_Hyperexponential-10-20261001-21:46:04-72,runattr,,,measurement,$rho=0.084745762712,
Phase6_Hyperexponential-10-20261001-21:46:04-72,runattr,,,network,dect2020scheduledaccess.DectScheduledAccessNetwork,
Phase6_Hyperexponential-10-20261001-21:46:04-72,runattr,,,processid,72,
Phase6_Hyperexponential-10-20261001-21:46:04-72,runattr,,,repetition,0,
Phase6_Hyperexponential-10-20261001-21:46:04-72,runattr,,,replication,#0,
Phase6_Hyperexponential-10-20261001-21:46:04-72,runattr,,,resultdir,results_phase6,
Phase6_Hyperexponential-10-20261001-21:46:04-72,runattr,,,runnumber,10,
Phase6_Hyperexponential-10-20261001-21:46:04-72,runattr,,,seedset,0,
Phase6_Hyperexponential-10-20261001-21:46:04-72,itervar,,,rho,0.084745762712,
Phase6_Hyperexponential-10-20261001-21:46:04-72,config,,,extends,Phase6_Deterministic,
Phase6_Hyperexponential-10-20261001-21:46:04-72,config,,,*.queue.type1ServiceDistribution,"""hyperexponential""",
Phase6_Hyperexponential-10-20261001-21:46:04-72,config,,,*.queue.type1ServiceSCV,4,
Phase6_Hyperexponential-10-20261001-21:46:04-72,config,,,result-dir,results_phase6,
Phase6_Hyperexponential-10-20261001-21:46:04-72,config,,,repeat,10,
Phase6_Hyperexponential-10-20261001-21:46:04-72,config,,,seed-set,0,
Phase6_Hyperexponential-10-20261001-21:46:04-72,config,,,*.queue.D,10,
Phase6_Hyperexponential-10-20261001-21:46:04-72,config,,,*.queue.r,30,
Phase6_Hyperexponential-10-20261001-21:46:04-72,config,,,*.queue.rho,0.084745762712,
Phase6_Hyperexponential-10-20261001-21:46:04-72,config,,,*.queue.type1ServiceDistribution,"""deterministic""",
Phase6_Hyperexponential-10-20261001-21:46:04-72,config,,,*.queue.type1ServiceSCV,0,
Phase6_Hyperexponential-10-20261001-21:46:04-72,config,,,*.queue.recordVectors,false,
Phase6_Hyperexponential-10-20261001-21:46:04-72,config,,,*.queue.recordTailStatistics,true,
Phase6_Hyperexponential-10-20261001-21:46:04-72,config,,,*.queue.warmupCompletedPackets,200000,
Phase6_Hyperexponential-10-20261001-21:46:04-72,config,,,*.queue.targetCompletedPackets,1000000,
Phase6_Hyperexponential-10-20261001-21:46:04-72,config,,,network,dect2020scheduledaccess.DectScheduledAccessNetwork,
Phase6_Hyperexponential-10-20261001-21:46:04-72,config,,,cmdenv-express-mode,true,
Phase6_Hyperexponential-10-20261001-21:46:04-72,config,,,cmdenv-status-frequency,10s,
Phase6_Hyperexponential-10-20261001-21:46:04-72,config,,,result-dir,results,
Phase6_Hyperexponential-10-20261001-21:46:04-72,config,,,*.queue.frameDuration,10ms,
Phase6_Hyperexponential-10-20261001-21:46:04-72,config,,,*.queue.meanType1ServiceTime,0.4166666667ms,
Phase6_Hyperexponential-10-20261001-21:46:04-72,config,,,*.queue.deriveDectParametersFromD,true,
Phase6_Hyperexponential-10-20261001-21:46:04-72,config,,,*.queue.deriveLambdaFromRho,true,
Phase6_Hyperexponential-10-20261001-21:46:04-72,config,,,*.queue.warmupCompletedPackets,200000,
Phase6_Hyperexponential-10-20261001-21:46:04-72,config,,,*.queue.targetCompletedPackets,1000000,
Phase6_Hyperexponential-10-20261001-21:46:04-72,config,,,*.queue.recordVectors,false,
Phase6_Hyperexponential-10-20261001-21:46:04-72,config,,,*.queue.rngIndex,0,
Phase6_Hyperexponential-11-20261001-21:46:05-72,runattr,,,configname,Phase6_Hyperexponential,
Phase6_Hyperexponential-11-20261001-21:46:05-72,runattr,,,datetime,20261001-21:46:05,
Phase6_Hyperexponential-11-20261001-21:46:05-72,runattr,,,datetimef,20261001-214605,
Phase6_Hyperexponential-11-20261001-21:46:05-72,runattr,,,experiment,Phase6_Hyperexponential,
Phase6_Hyperexponential-11-20261001-21:46:05-72,runattr,,,inifile,omnetpp.ini,
Phase6_Hyperexponential-11-20261001-21:46:05-72,runattr,,,iterationvars,$rho=0.084745762712,
Phase6_Hyperexponential-11-20261001-21:46:05-72,runattr,,,iterationvarsd,rho=0.084745762712,
Phase6_Hyperexponential-11-20261001-21:46:05-72,runattr,,,iterationvarsf,rho=0.084745762712-,
Phase6_Hyperexponential-11-20261001-21:46:05-72,runattr,,,measurement,$rho=0.084745762712,
Phase6_Hyperexponential-11-20261001-21:46:05-72,runattr,,,network,dect2020scheduledaccess.DectScheduledAccessNetwork,
Phase6_Hyperexponential-11-20261001-21:46:05-72,runattr,,,processid,72,
Phase6_Hyperexponential-11-20261001-21:46:05-72,runattr,,,repetition,1,
Phase6_Hyperexponential-11-20261001-21:46:05-72,runattr,,,replication,#1,
Phase6_Hyperexponential-11-20261001-21:46:05-72,runattr,,,resultdir,results_phase6,
Phase6_Hyperexponential-11-20261001-21:46:05-72,runattr,,,runnumber,11,
Phase6_Hyperexponential-11-20261001-21:46:05-72,runattr,,,seedset,1,
Phase6_Hyperexponential-11-20261001-21:46:05-72,itervar,,,rho,0.084745762712,
Phase6_Hyperexponential-11-20261001-21:46:05-72,config,,,extends,Phase6_Deterministic,
Phase6_Hyperexponential-11-20261001-21:46:05-72,config,,,*.queue.type1ServiceDistribution,"""hyperexponential""",
Phase6_Hyperexponential-11-20261001-21:46:05-72,config,,,*.queue.type1ServiceSCV,4,
Phase6_Hyperexponential-11-20261001-21:46:05-72,config,,,result-dir,results_phase6,
Phase6_Hyperexponential-11-20261001-21:46:05-72,config,,,repeat,10,
Phase6_Hyperexponential-11-20261001-21:46:05-72,config,,,seed-set,1,
Phase6_Hyperexponential-11-20261001-21:46:05-72,config,,,*.queue.D,10,
Phase6_Hyperexponential-11-20261001-21:46:05-72,config,,,*.queue.r,30,
Phase6_Hyperexponential-11-20261001-21:46:05-72,config,,,*.queue.rho,0.084745762712,
Phase6_Hyperexponential-11-20261001-21:46:05-72,config,,,*.queue.type1ServiceDistribution,"""deterministic""",
Phase6_Hyperexponential-11-20261001-21:46:05-72,config,,,*.queue.type1ServiceSCV,0,
Phase6_Hyperexponential-11-20261001-21:46:05-72,config,,,*.queue.recordVectors,false,
Phase6_Hyperexponential-11-20261001-21:46:05-72,config,,,*.queue.recordTailStatistics,true,
Phase6_Hyperexponential-11-20261001-21:46:05-72,config,,,*.queue.warmupCompletedPackets,200000,
Phase6_Hyperexponential-11-20261001-21:46:05-72,config,,,*.queue.targetCompletedPackets,1000000,
Phase6_Hyperexponential-11-20261001-21:46:05-72,config,,,network,dect2020scheduledaccess.DectScheduledAccessNetwork,
Phase6_Hyperexponential-11-20261001-21:46:05-72,config,,,cmdenv-express-mode,true,
Phase6_Hyperexponential-11-20261001-21:46:05-72,config,,,cmdenv-status-frequency,10s,
Phase6_Hyperexponential-11-20261001-21:46:05-72,config,,,result-dir,results,
Phase6_Hyperexponential-11-20261001-21:46:05-72,config,,,*.queue.frameDuration,10ms,
Phase6_Hyperexponential-11-20261001-21:46:05-72,config,,,*.queue.meanType1ServiceTime,0.4166666667ms,
Phase6_Hyperexponential-11-20261001-21:46:05-72,config,,,*.queue.deriveDectParametersFromD,true,
Phase6_Hyperexponential-11-20261001-21:46:05-72,config,,,*.queue.deriveLambdaFromRho,true,
Phase6_Hyperexponential-11-20261001-21:46:05-72,config,,,*.queue.warmupCompletedPackets,200000,
Phase6_Hyperexponential-11-20261001-21:46:05-72,config,,,*.queue.targetCompletedPackets,1000000,
Phase6_Hyperexponential-11-20261001-21:46:05-72,config,,,*.queue.recordVectors,false,
Phase6_Hyperexponential-11-20261001-21:46:05-72,config,,,*.queue.rngIndex,0,
Phase6_Hyperexponential-12-20261001-21:46:05-72,runattr,,,configname,Phase6_Hyperexponential,
Phase6_Hyperexponential-12-20261001-21:46:05-72,runattr,,,datetime,20261001-21:46:05,
Phase6_Hyperexponential-12-20261001-21:46:05-72,runattr,,,datetimef,20261001-214605,
Phase6_Hyperexponential-12-20261001-21:46:05-72,runattr,,,experiment,Phase6_Hyperexponential,
Phase6_Hyperexponential-12-20261001-21:46:05-72,runattr,,,inifile,omnetpp.ini,
Phase6_Hyperexponential-12-20261001-21:46:05-72,runattr,,,iterationvars,$rho=0.084745762712,
Phase6_Hyperexponential-12-20261001-21:46:05-72,runattr,,,iterationvarsd,rho=0.084745762712,
Phase6_Hyperexponential-12-20261001-21:46:05-72,runattr,,,iterationvarsf,rho=0.084745762712-,
Phase6_Hyperexponential-12-20261001-21:46:05-72,runattr,,,measurement,$rho=0.084745762712,
Phase6_Hyperexponential-12-20261001-21:46:05-72,runattr,,,network,dect2020scheduledaccess.DectScheduledAccessNetwork,
Phase6_Hyperexponential-12-20261001-21:46:05-72,runattr,,,processid,72,
Phase6_Hyperexponential-12-20261001-21:46:05-72,runattr,,,repetition,2,
Phase6_Hyperexponential-12-20261001-21:46:05-72,runattr,,,replication,#2,
Phase6_Hyperexponential-12-20261001-21:46:05-72,runattr,,,resultdir,results_phase6,
Phase6_Hyperexponential-12-20261001-21:46:05-72,runattr,,,runnumber,12,
Phase6_Hyperexponential-12-20261001-21:46:05-72,runattr,,,seedset,2,
Phase6_Hyperexponential-12-20261001-21:46:05-72,itervar,,,rho,0.084745762712,
Phase6_Hyperexponential-12-20261001-21:46:05-72,config,,,extends,Phase6_Deterministic,
Phase6_Hyperexponential-12-20261001-21:46:05-72,config,,,*.queue.type1ServiceDistribution,"""hyperexponential""",
Phase6_Hyperexponential-12-20261001-21:46:05-72,config,,,*.queue.type1ServiceSCV,4,
Phase6_Hyperexponential-12-20261001-21:46:05-72,config,,,result-dir,results_phase6,
Phase6_Hyperexponential-12-20261001-21:46:05-72,config,,,repeat,10,
Phase6_Hyperexponential-12-20261001-21:46:05-72,config,,,seed-set,2,
Phase6_Hyperexponential-12-20261001-21:46:05-72,config,,,*.queue.D,10,
Phase6_Hyperexponential-12-20261001-21:46:05-72,config,,,*.queue.r,30,
Phase6_Hyperexponential-12-20261001-21:46:05-72,config,,,*.queue.rho,0.084745762712,
Phase6_Hyperexponential-12-20261001-21:46:05-72,config,,,*.queue.type1ServiceDistribution,"""deterministic""",
Phase6_Hyperexponential-12-20261001-21:46:05-72,config,,,*.queue.type1ServiceSCV,0,
Phase6_Hyperexponential-12-20261001-21:46:05-72,config,,,*.queue.recordVectors,false,
Phase6_Hyperexponential-12-20261001-21:46:05-72,config,,,*.queue.recordTailStatistics,true,
Phase6_Hyperexponential-12-20261001-21:46:05-72,config,,,*.queue.warmupCompletedPackets,200000,
Phase6_Hyperexponential-12-20261001-21:46:05-72,config,,,*.queue.targetCompletedPackets,1000000,
Phase6_Hyperexponential-12-20261001-21:46:05-72,config,,,network,dect2020scheduledaccess.DectScheduledAccessNetwork,
Phase6_Hyperexponential-12-20261001-21:46:05-72,config,,,cmdenv-express-mode,true,
Phase6_Hyperexponential-12-20261001-21:46:05-72,config,,,cmdenv-status-frequency,10s,
Phase6_Hyperexponential-12-20261001-21:46:05-72,config,,,result-dir,results,
Phase6_Hyperexponential-12-20261001-21:46:05-72,config,,,*.queue.frameDuration,10ms,
Phase6_Hyperexponential-12-20261001-21:46:05-72,config,,,*.queue.meanType1ServiceTime,0.4166666667ms,
Phase6_Hyperexponential-12-20261001-21:46:05-72,config,,,*.queue.deriveDectParametersFromD,true,
Phase6_Hyperexponential-12-20261001-21:46:05-72,config,,,*.queue.deriveLambdaFromRho,true,
Phase6_Hyperexponential-12-20261001-21:46:05-72,config,,,*.queue.warmupCompletedPackets,200000,
Phase6_Hyperexponential-12-20261001-21:46:05-72,config,,,*.queue.targetCompletedPackets,1000000,
Phase6_Hyperexponential-12-20261001-21:46:05-72,config,,,*.queue.recordVectors,false,
Phase6_Hyperexponential-12-20261001-21:46:05-72,config,,,*.queue.rngIndex,0,
Phase6_Hyperexponential-13-20261001-21:46:05-72,runattr,,,configname,Phase6_Hyperexponential,
Phase6_Hyperexponential-13-20261001-21:46:05-72,runattr,,,datetime,20261001-21:46:05,
Phase6_Hyperexponential-13-20261001-21:46:05-72,runattr,,,datetimef,20261001-214605,
Phase6_Hyperexponential-13-20261001-21:46:05-72,runattr,,,experiment,Phase6_Hyperexponential,
Phase6_Hyperexponential-13-20261001-21:46:05-72,runattr,,,inifile,omnetpp.ini,
Phase6_Hyperexponential-13-20261001-21:46:05-72,runattr,,,iterationvars,$rho=0.084745762712,
Phase6_Hyperexponential-13-20261001-21:46:05-72,runattr,,,iterationvarsd,rho=0.084745762712,
Phase6_Hyperexponential-13-20261001-21:46:05-72,runattr,,,iterationvarsf,rho=0.084745762712-,
Phase6_Hyperexponential-13-20261001-21:46:05-72,runattr,,,measurement,$rho=0.084745762712,
Phase6_Hyperexponential-13-20261001-21:46:05-72,runattr,,,network,dect2020scheduledaccess.DectScheduledAccessNetwork,
Phase6_Hyperexponential-13-20261001-21:46:05-72,runattr,,,processid,72,
Phase6_Hyperexponential-13-20261001-21:46:05-72,runattr,,,repetition,3,
Phase6_Hyperexponential-13-20261001-21:46:05-72,runattr,,,replication,#3,
Phase6_Hyperexponential-13-20261001-21:46:05-72,runattr,,,resultdir,results_phase6,
Phase6_Hyperexponential-13-20261001-21:46:05-72,runattr,,,runnumber,13,
Phase6_Hyperexponential-13-20261001-21:46:05-72,runattr,,,seedset,3,
Phase6_Hyperexponential-13-20261001-21:46:05-72,itervar,,,rho,0.084745762712,
Phase6_Hyperexponential-13-20261001-21:46:05-72,config,,,extends,Phase6_Deterministic,
Phase6_Hyperexponential-13-20261001-21:46:05-72,config,,,*.queue.type1ServiceDistribution,"""hyperexponential""",
Phase6_Hyperexponential-13-20261001-21:46:05-72,config,,,*.queue.type1ServiceSCV,4,
Phase6_Hyperexponential-13-20261001-21:46:05-72,config,,,result-dir,results_phase6,
Phase6_Hyperexponential-13-20261001-21:46:05-72,config,,,repeat,10,
Phase6_Hyperexponential-13-20261001-21:46:05-72,config,,,seed-set,3,
Phase6_Hyperexponential-13-20261001-21:46:05-72,config,,,*.queue.D,10,
Phase6_Hyperexponential-13-20261001-21:46:05-72,config,,,*.queue.r,30,
Phase6_Hyperexponential-13-20261001-21:46:05-72,config,,,*.queue.rho,0.084745762712,
Phase6_Hyperexponential-13-20261001-21:46:05-72,config,,,*.queue.type1ServiceDistribution,"""deterministic""",
Phase6_Hyperexponential-13-20261001-21:46:05-72,config,,,*.queue.type1ServiceSCV,0,
Phase6_Hyperexponential-13-20261001-21:46:05-72,config,,,*.queue.recordVectors,false,
Phase6_Hyperexponential-13-20261001-21:46:05-72,config,,,*.queue.recordTailStatistics,true,
Phase6_Hyperexponential-13-20261001-21:46:05-72,config,,,*.queue.warmupCompletedPackets,200000,
Phase6_Hyperexponential-13-20261001-21:46:05-72,config,,,*.queue.targetCompletedPackets,1000000,
Phase6_Hyperexponential-13-20261001-21:46:05-72,config,,,network,dect2020scheduledaccess.DectScheduledAccessNetwork,
Phase6_Hyperexponential-13-20261001-21:46:05-72,config,,,cmdenv-express-mode,true,
Phase6_Hyperexponential-13-20261001-21:46:05-72,config,,,cmdenv-status-frequency,10s,
Phase6_Hyperexponential-13-20261001-21:46:05-72,config,,,result-dir,results,
Phase6_Hyperexponential-13-20261001-21:46:05-72,config,,,*.queue.frameDuration,10ms,
Phase6_Hyperexponential-13-20261001-21:46:05-72,config,,,*.queue.meanType1ServiceTime,0.4166666667ms,
Phase6_Hyperexponential-13-20261001-21:46:05-72,config,,,*.queue.deriveDectParametersFromD,true,
Phase6_Hyperexponential-13-20261001-21:46:05-72,config,,,*.queue.deriveLambdaFromRho,true,
Phase6_Hyperexponential-13-20261001-21:46:05-72,config,,,*.queue.warmupCompletedPackets,200000,
Phase6_Hyperexponential-13-20261001-21:46:05-72,config,,,*.queue.targetCompletedPackets,1000000,
Phase6_Hyperexponential-13-20261001-21:46:05-72,config,,,*.queue.recordVectors,false,
Phase6_Hyperexponential-13-20261001-21:46:05-72,config,,,*.queue.rngIndex,0,
Phase6_Hyperexponential-14-20261001-21:46:05-72,runattr,,,configname,Phase6_Hyperexponential,
Phase6_Hyperexponential-14-20261001-21:46:05-72,runattr,,,datetime,20261001-21:46:05,
Phase6_Hyperexponential-14-20261001-21:46:05-72,runattr,,,datetimef,20261001-214605,
Phase6_Hyperexponential-14-20261001-21:46:05-72,runattr,,,experiment,Phase6_Hyperexponential,
Phase6_Hyperexponential-14-20261001-21:46:05-72,runattr,,,inifile,omnetpp.ini,
Phase6_Hyperexponential-14-20261001-21:46:05-72,runattr,,,iterationvars,$rho=0.084745762712,
Phase6_Hyperexponential-14-20261001-21:46:05-72,runattr,,,iterationvarsd,rho=0.084745762712,
Phase6_Hyperexponential-14-20261001-21:46:05-72,runattr,,,iterationvarsf,rho=0.084745762712-,
Phase6_Hyperexponential-14-20261001-21:46:05-72,runattr,,,measurement,$rho=0.084745762712,
Phase6_Hyperexponential-14-20261001-21:46:05-72,runattr,,,network,dect2020scheduledaccess.DectScheduledAccessNetwork,
Phase6_Hyperexponential-14-20261001-21:46:05-72,runattr,,,processid,72,
Phase6_Hyperexponential-14-20261001-21:46:05-72,runattr,,,repetition,4,
Phase6_Hyperexponential-14-20261001-21:46:05-72,runattr,,,replication,#4,
Phase6_Hyperexponential-14-20261001-21:46:05-72,runattr,,,resultdir,results_phase6,
Phase6_Hyperexponential-14-20261001-21:46:05-72,runattr,,,runnumber,14,
Phase6_Hyperexponential-14-20261001-21:46:05-72,runattr,,,seedset,4,
Phase6_Hyperexponential-14-20261001-21:46:05-72,itervar,,,rho,0.084745762712,
Phase6_Hyperexponential-14-20261001-21:46:05-72,config,,,extends,Phase6_Deterministic,
Phase6_Hyperexponential-14-20261001-21:46:05-72,config,,,*.queue.type1ServiceDistribution,"""hyperexponential""",
Phase6_Hyperexponential-14-20261001-21:46:05-72,config,,,*.queue.type1ServiceSCV,4,
Phase6_Hyperexponential-14-20261001-21:46:05-72,config,,,result-dir,results_phase6,
Phase6_Hyperexponential-14-20261001-21:46:05-72,config,,,repeat,10,
Phase6_Hyperexponential-14-20261001-21:46:05-72,config,,,seed-set,4,
Phase6_Hyperexponential-14-20261001-21:46:05-72,config,,,*.queue.D,10,
Phase6_Hyperexponential-14-20261001-21:46:05-72,config,,,*.queue.r,30,
Phase6_Hyperexponential-14-20261001-21:46:05-72,config,,,*.queue.rho,0.084745762712,
Phase6_Hyperexponential-14-20261001-21:46:05-72,config,,,*.queue.type1ServiceDistribution,"""deterministic""",
Phase6_Hyperexponential-14-20261001-21:46:05-72,config,,,*.queue.type1ServiceSCV,0,
Phase6_Hyperexponential-14-20261001-21:46:05-72,config,,,*.queue.recordVectors,false,
Phase6_Hyperexponential-14-20261001-21:46:05-72,config,,,*.queue.recordTailStatistics,true,
Phase6_Hyperexponential-14-20261001-21:46:05-72,config,,,*.queue.warmupCompletedPackets,200000,
Phase6_Hyperexponential-14-20261001-21:46:05-72,config,,,*.queue.targetCompletedPackets,1000000,
Phase6_Hyperexponential-14-20261001-21:46:05-72,config,,,network,dect2020scheduledaccess.DectScheduledAccessNetwork,
Phase6_Hyperexponential-14-20261001-21:46:05-72,config,,,cmdenv-express-mode,true,
Phase6_Hyperexponential-14-20261001-21:46:05-72,config,,,cmdenv-status-frequency,10s,
Phase6_Hyperexponential-14-20261001-21:46:05-72,config,,,result-dir,results,
Phase6_Hyperexponential-14-20261001-21:46:05-72,config,,,*.queue.frameDuration,10ms,
Phase6_Hyperexponential-14-20261001-21:46:05-72,config,,,*.queue.meanType1ServiceTime,0.4166666667ms,
Phase6_Hyperexponential-14-20261001-21:46:05-72,config,,,*.queue.deriveDectParametersFromD,true,
Phase6_Hyperexponential-14-20261001-21:46:05-72,config,,,*.queue.deriveLambdaFromRho,true,
Phase6_Hyperexponential-14-20261001-21:46:05-72,config,,,*.queue.warmupCompletedPackets,200000,
Phase6_Hyperexponential-14-20261001-21:46:05-72,config,,,*.queue.targetCompletedPackets,1000000,
Phase6_Hyperexponential-14-20261001-21:46:05-72,config,,,*.queue.recordVectors,false,
Phase6_Hyperexponential-14-20261001-21:46:05-72,config,,,*.queue.rngIndex,0,
Phase6_Hyperexponential-15-20261001-21:46:06-72,runattr,,,configname,Phase6_Hyperexponential,
Phase6_Hyperexponential-15-20261001-21:46:06-72,runattr,,,datetime,20261001-21:46:06,
Phase6_Hyperexponential-15-20261001-21:46:06-72,runattr,,,datetimef,20261001-214606,
Phase6_Hyperexponential-15-20261001-21:46:06-72,runattr,,,experiment,Phase6_Hyperexponential,
Phase6_Hyperexponential-15-20261001-21:46:06-72,runattr,,,inifile,omnetpp.ini,
Phase6_Hyperexponential-15-20261001-21:46:06-72,runattr,,,iterationvars,$rho=0.084745762712,
Phase6_Hyperexponential-15-20261001-21:46:06-72,runattr,,,iterationvarsd,rho=0.084745762712,
Phase6_Hyperexponential-15-20261001-21:46:06-72,runattr,,,iterationvarsf,rho=0.084745762712-,
Phase6_Hyperexponential-15-20261001-21:46:06-72,runattr,,,measurement,$rho=0.084745762712,
Phase6_Hyperexponential-15-20261001-21:46:06-72,runattr,,,network,dect2020scheduledaccess.DectScheduledAccessNetwork,
Phase6_Hyperexponential-15-20261001-21:46:06-72,runattr,,,processid,72,
Phase6_Hyperexponential-15-20261001-21:46:06-72,runattr,,,repetition,5,
Phase6_Hyperexponential-15-20261001-21:46:06-72,runattr,,,replication,#5,
Phase6_Hyperexponential-15-20261001-21:46:06-72,runattr,,,resultdir,results_phase6,
Phase6_Hyperexponential-15-20261001-21:46:06-72,runattr,,,runnumber,15,
Phase6_Hyperexponential-15-20261001-21:46:06-72,runattr,,,seedset,5,
Phase6_Hyperexponential-15-20261001-21:46:06-72,itervar,,,rho,0.084745762712,
Phase6_Hyperexponential-15-20261001-21:46:06-72,config,,,extends,Phase6_Deterministic,
Phase6_Hyperexponential-15-20261001-21:46:06-72,config,,,*.queue.type1ServiceDistribution,"""hyperexponential""",
Phase6_Hyperexponential-15-20261001-21:46:06-72,config,,,*.queue.type1ServiceSCV,4,
Phase6_Hyperexponential-15-20261001-21:46:06-72,config,,,result-dir,results_phase6,
Phase6_Hyperexponential-15-20261001-21:46:06-72,config,,,repeat,10,
Phase6_Hyperexponential-15-20261001-21:46:06-72,config,,,seed-set,5,
Phase6_Hyperexponential-15-20261001-21:46:06-72,config,,,*.queue.D,10,
Phase6_Hyperexponential-15-20261001-21:46:06-72,config,,,*.queue.r,30,
Phase6_Hyperexponential-15-20261001-21:46:06-72,config,,,*.queue.rho,0.084745762712,
Phase6_Hyperexponential-15-20261001-21:46:06-72,config,,,*.queue.type1ServiceDistribution,"""deterministic""",
Phase6_Hyperexponential-15-20261001-21:46:06-72,config,,,*.queue.type1ServiceSCV,0,
Phase6_Hyperexponential-15-20261001-21:46:06-72,config,,,*.queue.recordVectors,false,
Phase6_Hyperexponential-15-20261001-21:46:06-72,config,,,*.queue.recordTailStatistics,true,
Phase6_Hyperexponential-15-20261001-21:46:06-72,config,,,*.queue.warmupCompletedPackets,200000,
Phase6_Hyperexponential-15-20261001-21:46:06-72,config,,,*.queue.targetCompletedPackets,1000000,
Phase6_Hyperexponential-15-20261001-21:46:06-72,config,,,network,dect2020scheduledaccess.DectScheduledAccessNetwork,
Phase6_Hyperexponential-15-20261001-21:46:06-72,config,,,cmdenv-express-mode,true,
Phase6_Hyperexponential-15-20261001-21:46:06-72,config,,,cmdenv-status-frequency,10s,
Phase6_Hyperexponential-15-20261001-21:46:06-72,config,,,result-dir,results,
Phase6_Hyperexponential-15-20261001-21:46:06-72,config,,,*.queue.frameDuration,10ms,
Phase6_Hyperexponential-15-20261001-21:46:06-72,config,,,*.queue.meanType1ServiceTime,0.4166666667ms,
Phase6_Hyperexponential-15-20261001-21:46:06-72,config,,,*.queue.deriveDectParametersFromD,true,
Phase6_Hyperexponential-15-20261001-21:46:06-72,config,,,*.queue.deriveLambdaFromRho,true,
Phase6_Hyperexponential-15-20261001-21:46:06-72,config,,,*.queue.warmupCompletedPackets,200000,
Phase6_Hyperexponential-15-20261001-21:46:06-72,config,,,*.queue.targetCompletedPackets,1000000,
Phase6_Hyperexponential-15-20261001-21:46:06-72,config,,,*.queue.recordVectors,false,
Phase6_Hyperexponential-15-20261001-21:46:06-72,config,,,*.queue.rngIndex,0,
Phase6_Hyperexponential-16-20261001-21:46:06-72,runattr,,,configname,Phase6_Hyperexponential,
Phase6_Hyperexponential-16-20261001-21:46:06-72,runattr,,,datetime,20261001-21:46:06,
Phase6_Hyperexponential-16-20261001-21:46:06-72,runattr,,,datetimef,20261001-214606,
Phase6_Hyperexponential-16-20261001-21:46:06-72,runattr,,,experiment,Phase6_Hyperexponential,
Phase6_Hyperexponential-16-20261001-21:46:06-72,runattr,,,inifile,omnetpp.ini,
Phase6_Hyperexponential-16-20261001-21:46:06-72,runattr,,,iterationvars,$rho=0.084745762712,
Phase6_Hyperexponential-16-20261001-21:46:06-72,runattr,,,iterationvarsd,rho=0.084745762712,
Phase6_Hyperexponential-16-20261001-21:46:06-72,runattr,,,iterationvarsf,rho=0.084745762712-,
Phase6_Hyperexponential-16-20261001-21:46:06-72,runattr,,,measurement,$rho=0.084745762712,
Phase6_Hyperexponential-16-20261001-21:46:06-72,runattr,,,network,dect2020scheduledaccess.DectScheduledAccessNetwork,
Phase6_Hyperexponential-16-20261001-21:46:06-72,runattr,,,processid,72,
Phase6_Hyperexponential-16-20261001-21:46:06-72,runattr,,,repetition,6,
Phase6_Hyperexponential-16-20261001-21:46:06-72,runattr,,,replication,#6,
Phase6_Hyperexponential-16-20261001-21:46:06-72,runattr,,,resultdir,results_phase6,
Phase6_Hyperexponential-16-20261001-21:46:06-72,runattr,,,runnumber,16,
Phase6_Hyperexponential-16-20261001-21:46:06-72,runattr,,,seedset,6,
Phase6_Hyperexponential-16-20261001-21:46:06-72,itervar,,,rho,0.084745762712,
Phase6_Hyperexponential-16-20261001-21:46:06-72,config,,,extends,Phase6_Deterministic,
Phase6_Hyperexponential-16-20261001-21:46:06-72,config,,,*.queue.type1ServiceDistribution,"""hyperexponential""",
Phase6_Hyperexponential-16-20261001-21:46:06-72,config,,,*.queue.type1ServiceSCV,4,
Phase6_Hyperexponential-16-20261001-21:46:06-72,config,,,result-dir,results_phase6,
Phase6_Hyperexponential-16-20261001-21:46:06-72,config,,,repeat,10,
Phase6_Hyperexponential-16-20261001-21:46:06-72,config,,,seed-set,6,
Phase6_Hyperexponential-16-20261001-21:46:06-72,config,,,*.queue.D,10,
Phase6_Hyperexponential-16-20261001-21:46:06-72,config,,,*.queue.r,30,
Phase6_Hyperexponential-16-20261001-21:46:06-72,config,,,*.queue.rho,0.084745762712,
Phase6_Hyperexponential-16-20261001-21:46:06-72,config,,,*.queue.type1ServiceDistribution,"""deterministic""",
Phase6_Hyperexponential-16-20261001-21:46:06-72,config,,,*.queue.type1ServiceSCV,0,
Phase6_Hyperexponential-16-20261001-21:46:06-72,config,,,*.queue.recordVectors,false,
Phase6_Hyperexponential-16-20261001-21:46:06-72,config,,,*.queue.recordTailStatistics,true,
Phase6_Hyperexponential-16-20261001-21:46:06-72,config,,,*.queue.warmupCompletedPackets,200000,
Phase6_Hyperexponential-16-20261001-21:46:06-72,config,,,*.queue.targetCompletedPackets,1000000,
Phase6_Hyperexponential-16-20261001-21:46:06-72,config,,,network,dect2020scheduledaccess.DectScheduledAccessNetwork,
Phase6_Hyperexponential-16-20261001-21:46:06-72,config,,,cmdenv-express-mode,true,
Phase6_Hyperexponential-16-20261001-21:46:06-72,config,,,cmdenv-status-frequency,10s,
Phase6_Hyperexponential-16-20261001-21:46:06-72,config,,,result-dir,results,
Phase6_Hyperexponential-16-20261001-21:46:06-72,config,,,*.queue.frameDuration,10ms,
Phase6_Hyperexponential-16-20261001-21:46:06-72,config,,,*.queue.meanType1ServiceTime,0.4166666667ms,
Phase6_Hyperexponential-16-20261001-21:46:06-72,config,,,*.queue.deriveDectParametersFromD,true,
Phase6_Hyperexponential-16-20261001-21:46:06-72,config,,,*.queue.deriveLambdaFromRho,true,
Phase6_Hyperexponential-16-20261001-21:46:06-72,config,,,*.queue.warmupCompletedPackets,200000,
Phase6_Hyperexponential-16-20261001-21:46:06-72,config,,,*.queue.targetCompletedPackets,1000000,
Phase6_Hyperexponential-16-20261001-21:46:06-72,config,,,*.queue.recordVectors,false,
Phase6_Hyperexponential-16-20261001-21:46:06-72,config,,,*.queue.rngIndex,0,
Phase6_Hyperexponential-17-20261001-21:46:06-72,runattr,,,configname,Phase6_Hyperexponential,
Phase6_Hyperexponential-17-20261001-21:46:06-72,runattr,,,datetime,20261001-21:46:06,
Phase6_Hyperexponential-17-20261001-21:46:06-72,runattr,,,datetimef,20261001-214606,
Phase6_Hyperexponential-17-20261001-21:46:06-72,runattr,,,experiment,Phase6_Hyperexponential,
Phase6_Hyperexponential-17-20261001-21:46:06-72,runattr,,,inifile,omnetpp.ini,
Phase6_Hyperexponential-17-20261001-21:46:06-72,runattr,,,iterationvars,$rho=0.084745762712,
Phase6_Hyperexponential-17-20261001-21:46:06-72,runattr,,,iterationvarsd,rho=0.084745762712,
Phase6_Hyperexponential-17-20261001-21:46:06-72,runattr,,,iterationvarsf,rho=0.084745762712-,
Phase6_Hyperexponential-17-20261001-21:46:06-72,runattr,,,measurement,$rho=0.084745762712,
Phase6_Hyperexponential-17-20261001-21:46:06-72,runattr,,,network,dect2020scheduledaccess.DectScheduledAccessNetwork,
Phase6_Hyperexponential-17-20261001-21:46:06-72,runattr,,,processid,72,
Phase6_Hyperexponential-17-20261001-21:46:06-72,runattr,,,repetition,7,
Phase6_Hyperexponential-17-20261001-21:46:06-72,runattr,,,replication,#7,
Phase6_Hyperexponential-17-20261001-21:46:06-72,runattr,,,resultdir,results_phase6,
Phase6_Hyperexponential-17-20261001-21:46:06-72,runattr,,,runnumber,17,
Phase6_Hyperexponential-17-20261001-21:46:06-72,runattr,,,seedset,7,
Phase6_Hyperexponential-17-20261001-21:46:06-72,itervar,,,rho,0.084745762712,
Phase6_Hyperexponential-17-20261001-21:46:06-72,config,,,extends,Phase6_Deterministic,
Phase6_Hyperexponential-17-20261001-21:46:06-72,config,,,*.queue.type1ServiceDistribution,"""hyperexponential""",
Phase6_Hyperexponential-17-20261001-21:46:06-72,config,,,*.queue.type1ServiceSCV,4,
Phase6_Hyperexponential-17-20261001-21:46:06-72,config,,,result-dir,results_phase6,
Phase6_Hyperexponential-17-20261001-21:46:06-72,config,,,repeat,10,
Phase6_Hyperexponential-17-20261001-21:46:06-72,config,,,seed-set,7,
Phase6_Hyperexponential-17-20261001-21:46:06-72,config,,,*.queue.D,10,
Phase6_Hyperexponential-17-20261001-21:46:06-72,config,,,*.queue.r,30,
Phase6_Hyperexponential-17-20261001-21:46:06-72,config,,,*.queue.rho,0.084745762712,
Phase6_Hyperexponential-17-20261001-21:46:06-72,config,,,*.queue.type1ServiceDistribution,"""deterministic""",
Phase6_Hyperexponential-17-20261001-21:46:06-72,config,,,*.queue.type1ServiceSCV,0,
Phase6_Hyperexponential-17-20261001-21:46:06-72,config,,,*.queue.recordVectors,false,
Phase6_Hyperexponential-17-20261001-21:46:06-72,config,,,*.queue.recordTailStatistics,true,
Phase6_Hyperexponential-17-20261001-21:46:06-72,config,,,*.queue.warmupCompletedPackets,200000,
Phase6_Hyperexponential-17-20261001-21:46:06-72,config,,,*.queue.targetCompletedPackets,1000000,
Phase6_Hyperexponential-17-20261001-21:46:06-72,config,,,network,dect2020scheduledaccess.DectScheduledAccessNetwork,
Phase6_Hyperexponential-17-20261001-21:46:06-72,config,,,cmdenv-express-mode,true,
Phase6_Hyperexponential-17-20261001-21:46:06-72,config,,,cmdenv-status-frequency,10s,
Phase6_Hyperexponential-17-20261001-21:46:06-72,config,,,result-dir,results,
Phase6_Hyperexponential-17-20261001-21:46:06-72,config,,,*.queue.frameDuration,10ms,
Phase6_Hyperexponential-17-20261001-21:46:06-72,config,,,*.queue.meanType1ServiceTime,0.4166666667ms,
Phase6_Hyperexponential-17-20261001-21:46:06-72,config,,,*.queue.deriveDectParametersFromD,true,
Phase6_Hyperexponential-17-20261001-21:46:06-72,config,,,*.queue.deriveLambdaFromRho,true,
Phase6_Hyperexponential-17-20261001-21:46:06-72,config,,,*.queue.warmupCompletedPackets,200000,
Phase6_Hyperexponential-17-20261001-21:46:06-72,config,,,*.queue.targetCompletedPackets,1000000,
Phase6_Hyperexponential-17-20261001-21:46:06-72,config,,,*.queue.recordVectors,false,
Phase6_Hyperexponential-17-20261001-21:46:06-72,config,,,*.queue.rngIndex,0,
Phase6_Hyperexponential-18-20261001-21:46:06-72,runattr,,,configname,Phase6_Hyperexponential,
Phase6_Hyperexponential-18-20261001-21:46:06-72,runattr,,,datetime,20261001-21:46:06,
Phase6_Hyperexponential-18-20261001-21:46:06-72,runattr,,,datetimef,20261001-214606,
Phase6_Hyperexponential-18-20261001-21:46:06-72,runattr,,,experiment,Phase6_Hyperexponential,
Phase6_Hyperexponential-18-20261001-21:46:06-72,runattr,,,inifile,omnetpp.ini,
Phase6_Hyperexponential-18-20261001-21:46:06-72,runattr,,,iterationvars,$rho=0.084745762712,
Phase6_Hyperexponential-18-20261001-21:46:06-72,runattr,,,iterationvarsd,rho=0.084745762712,
Phase6_Hyperexponential-18-20261001-21:46:06-72,runattr,,,iterationvarsf,rho=0.084745762712-,
Phase6_Hyperexponential-18-20261001-21:46:06-72,runattr,,,measurement,$rho=0.084745762712,
Phase6_Hyperexponential-18-20261001-21:46:06-72,runattr,,,network,dect2020scheduledaccess.DectScheduledAccessNetwork,
Phase6_Hyperexponential-18-20261001-21:46:06-72,runattr,,,processid,72,
Phase6_Hyperexponential-18-20261001-21:46:06-72,runattr,,,repetition,8,
Phase6_Hyperexponential-18-20261001-21:46:06-72,runattr,,,replication,#8,
Phase6_Hyperexponential-18-20261001-21:46:06-72,runattr,,,resultdir,results_phase6,
Phase6_Hyperexponential-18-20261001-21:46:06-72,runattr,,,runnumber,18,
Phase6_Hyperexponential-18-20261001-21:46:06-72,runattr,,,seedset,8,
Phase6_Hyperexponential-18-20261001-21:46:06-72,itervar,,,rho,0.084745762712,
Phase6_Hyperexponential-18-20261001-21:46:06-72,config,,,extends,Phase6_Deterministic,
Phase6_Hyperexponential-18-20261001-21:46:06-72,config,,,*.queue.type1ServiceDistribution,"""hyperexponential""",
Phase6_Hyperexponential-18-20261001-21:46:06-72,config,,,*.queue.type1ServiceSCV,4,
Phase6_Hyperexponential-18-20261001-21:46:06-72,config,,,result-dir,results_phase6,
Phase6_Hyperexponential-18-20261001-21:46:06-72,config,,,repeat,10,
Phase6_Hyperexponential-18-20261001-21:46:06-72,config,,,seed-set,8,
Phase6_Hyperexponential-18-20261001-21:46:06-72,config,,,*.queue.D,10,
Phase6_Hyperexponential-18-20261001-21:46:06-72,config,,,*.queue.r,30,
Phase6_Hyperexponential-18-20261001-21:46:06-72,config,,,*.queue.rho,0.084745762712,
Phase6_Hyperexponential-18-20261001-21:46:06-72,config,,,*.queue.type1ServiceDistribution,"""deterministic""",
Phase6_Hyperexponential-18-20261001-21:46:06-72,config,,,*.queue.type1ServiceSCV,0,
Phase6_Hyperexponential-18-20261001-21:46:06-72,config,,,*.queue.recordVectors,false,
Phase6_Hyperexponential-18-20261001-21:46:06-72,config,,,*.queue.recordTailStatistics,true,
Phase6_Hyperexponential-18-20261001-21:46:06-72,config,,,*.queue.warmupCompletedPackets,200000,
Phase6_Hyperexponential-18-20261001-21:46:06-72,config,,,*.queue.targetCompletedPackets,1000000,
Phase6_Hyperexponential-18-20261001-21:46:06-72,config,,,network,dect2020scheduledaccess.DectScheduledAccessNetwork,
Phase6_Hyperexponential-18-20261001-21:46:06-72,config,,,cmdenv-express-mode,true,
Phase6_Hyperexponential-18-20261001-21:46:06-72,config,,,cmdenv-status-frequency,10s,
Phase6_Hyperexponential-18-20261001-21:46:06-72,config,,,result-dir,results,
Phase6_Hyperexponential-18-20261001-21:46:06-72,config,,,*.queue.frameDuration,10ms,
Phase6_Hyperexponential-18-20261001-21:46:06-72,config,,,*.queue.meanType1ServiceTime,0.4166666667ms,
Phase6_Hyperexponential-18-20261001-21:46:06-72,config,,,*.queue.deriveDectParametersFromD,true,
Phase6_Hyperexponential-18-20261001-21:46:06-72,config,,,*.queue.deriveLambdaFromRho,true,
Phase6_Hyperexponential-18-20261001-21:46:06-72,config,,,*.queue.warmupCompletedPackets,200000,
Phase6_Hyperexponential-18-20261001-21:46:06-72,config,,,*.queue.targetCompletedPackets,1000000,
Phase6_Hyperexponential-18-20261001-21:46:06-72,config,,,*.queue.recordVectors,false,
Phase6_Hyperexponential-18-20261001-21:46:06-72,config,,,*.queue.rngIndex,0,
Phase6_Hyperexponential-19-20261001-21:46:07-72,runattr,,,configname,Phase6_Hyperexponential,
Phase6_Hyperexponential-19-20261001-21:46:07-72,runattr,,,datetime,20261001-21:46:07,
Phase6_Hyperexponential-19-20261001-21:46:07-72,runattr,,,datetimef,20261001-214607,
Phase6_Hyperexponential-19-20261001-21:46:07-72,runattr,,,experiment,Phase6_Hyperexponential,
Phase6_Hyperexponential-19-20261001-21:46:07-72,runattr,,,inifile,omnetpp.ini,
Phase6_Hyperexponential-19-20261001-21:46:07-72,runattr,,,iterationvars,$rho=0.084745762712,
Phase6_Hyperexponential-19-20261001-21:46:07-72,runattr,,,iterationvarsd,rho=0.084745762712,
Phase6_Hyperexponential-19-20261001-21:46:07-72,runattr,,,iterationvarsf,rho=0.084745762712-,
Phase6_Hyperexponential-19-20261001-21:46:07-72,runattr,,,measurement,$rho=0.084745762712,
Phase6_Hyperexponential-19-20261001-21:46:07-72,runattr,,,network,dect2020scheduledaccess.DectScheduledAccessNetwork,
Phase6_Hyperexponential-19-20261001-21:46:07-72,runattr,,,processid,72,
Phase6_Hyperexponential-19-20261001-21:46:07-72,runattr,,,repetition,9,
Phase6_Hyperexponential-19-20261001-21:46:07-72,runattr,,,replication,#9,
Phase6_Hyperexponential-19-20261001-21:46:07-72,runattr,,,resultdir,results_phase6,
Phase6_Hyperexponential-19-20261001-21:46:07-72,runattr,,,runnumber,19,
Phase6_Hyperexponential-19-20261001-21:46:07-72,runattr,,,seedset,9,
Phase6_Hyperexponential-19-20261001-21:46:07-72,itervar,,,rho,0.084745762712,
Phase6_Hyperexponential-19-20261001-21:46:07-72,config,,,extends,Phase6_Deterministic,
Phase6_Hyperexponential-19-20261001-21:46:07-72,config,,,*.queue.type1ServiceDistribution,"""hyperexponential""",
Phase6_Hyperexponential-19-20261001-21:46:07-72,config,,,*.queue.type1ServiceSCV,4,
Phase6_Hyperexponential-19-20261001-21:46:07-72,config,,,result-dir,results_phase6,
Phase6_Hyperexponential-19-20261001-21:46:07-72,config,,,repeat,10,
Phase6_Hyperexponential-19-20261001-21:46:07-72,config,,,seed-set,9,
Phase6_Hyperexponential-19-20261001-21:46:07-72,config,,,*.queue.D,10,
Phase6_Hyperexponential-19-20261001-21:46:07-72,config,,,*.queue.r,30,
Phase6_Hyperexponential-19-20261001-21:46:07-72,config,,,*.queue.rho,0.084745762712,
Phase6_Hyperexponential-19-20261001-21:46:07-72,config,,,*.queue.type1ServiceDistribution,"""deterministic""",
Phase6_Hyperexponential-19-20261001-21:46:07-72,config,,,*.queue.type1ServiceSCV,0,
Phase6_Hyperexponential-19-20261001-21:46:07-72,config,,,*.queue.recordVectors,false,
Phase6_Hyperexponential-19-20261001-21:46:07-72,config,,,*.queue.recordTailStatistics,true,
Phase6_Hyperexponential-19-20261001-21:46:07-72,config,,,*.queue.warmupCompletedPackets,200000,
Phase6_Hyperexponential-19-20261001-21:46:07-72,config,,,*.queue.targetCompletedPackets,1000000,
Phase6_Hyperexponential-19-20261001-21:46:07-72,config,,,network,dect2020scheduledaccess.DectScheduledAccessNetwork,
Phase6_Hyperexponential-19-20261001-21:46:07-72,config,,,cmdenv-express-mode,true,
Phase6_Hyperexponential-19-20261001-21:46:07-72,config,,,cmdenv-status-frequency,10s,
Phase6_Hyperexponential-19-20261001-21:46:07-72,config,,,result-dir,results,
Phase6_Hyperexponential-19-20261001-21:46:07-72,config,,,*.queue.frameDuration,10ms,
Phase6_Hyperexponential-19-20261001-21:46:07-72,config,,,*.queue.meanType1ServiceTime,0.4166666667ms,
Phase6_Hyperexponential-19-20261001-21:46:07-72,config,,,*.queue.deriveDectParametersFromD,true,
Phase6_Hyperexponential-19-20261001-21:46:07-72,config,,,*.queue.deriveLambdaFromRho,true,
Phase6_Hyperexponential-19-20261001-21:46:07-72,config,,,*.queue.warmupCompletedPackets,200000,
Phase6_Hyperexponential-19-20261001-21:46:07-72,config,,,*.queue.targetCompletedPackets,1000000,
Phase6_Hyperexponential-19-20261001-21:46:07-72,config,,,*.queue.recordVectors,false,
Phase6_Hyperexponential-19-20261001-21:46:07-72,config,,,*.queue.rngIndex,0,
Phase6_Hyperexponential-20-20261001-21:46:07-72,runattr,,,configname,Phase6_Hyperexponential,
Phase6_Hyperexponential-20-20261001-21:46:07-72,runattr,,,datetime,20261001-21:46:07,
Phase6_Hyperexponential-20-20261001-21:46:07-72,runattr,,,datetimef,20261001-214607,
Phase6_Hyperexponential-20-20261001-21:46:07-72,runattr,,,experiment,Phase6_Hyperexponential,
Phase6_Hyperexponential-20-20261001-21:46:07-72,runattr,,,inifile,omnetpp.ini,
Phase6_Hyperexponential-20-20261001-21:46:07-72,runattr,,,iterationvars,$rho=0.101694915254,
Phase6_Hyperexponential-20-20261001-21:46:07-72,runattr,,,iterationvarsd,rho=0.101694915254,
Phase6_Hyperexponential-20-20261001-21:46:07-72,runattr,,,iterationvarsf,rho=0.101694915254-,
Phase6_Hyperexponential-20-20261001-21:46:07-72,runattr,,,measurement,$rho=0.101694915254,
Phase6_Hyperexponential-20-20261001-21:46:07-72,runattr,,,network,dect2020scheduledaccess.DectScheduledAccessNetwork,
Phase6_Hyperexponential-20-20261001-21:46:07-72,runattr,,,processid,72,
Phase6_Hyperexponential-20-20261001-21:46:07-72,runattr,,,repetition,0,
Phase6_Hyperexponential-20-20261001-21:46:07-72,runattr,,,replication,#0,
Phase6_Hyperexponential-20-20261001-21:46:07-72,runattr,,,resultdir,results_phase6,
Phase6_Hyperexponential-20-20261001-21:46:07-72,runattr,,,runnumber,20,
Phase6_Hyperexponential-20-20261001-21:46:07-72,runattr,,,seedset,0,
Phase6_Hyperexponential-20-20261001-21:46:07-72,itervar,,,rho,0.101694915254,
Phase6_Hyperexponential-20-20261001-21:46:07-72,config,,,extends,Phase6_Deterministic,
Phase6_Hyperexponential-20-20261001-21:46:07-72,config,,,*.queue.type1ServiceDistribution,"""hyperexponential""",
Phase6_Hyperexponential-20-20261001-21:46:07-72,config,,,*.queue.type1ServiceSCV,4,
Phase6_Hyperexponential-20-20261001-21:46:07-72,config,,,result-dir,results_phase6,
Phase6_Hyperexponential-20-20261001-21:46:07-72,config,,,repeat,10,
Phase6_Hyperexponential-20-20261001-21:46:07-72,config,,,seed-set,0,
Phase6_Hyperexponential-20-20261001-21:46:07-72,config,,,*.queue.D,10,
Phase6_Hyperexponential-20-20261001-21:46:07-72,config,,,*.queue.r,30,
Phase6_Hyperexponential-20-20261001-21:46:07-72,config,,,*.queue.rho,0.101694915254,
Phase6_Hyperexponential-20-20261001-21:46:07-72,config,,,*.queue.type1ServiceDistribution,"""deterministic""",
Phase6_Hyperexponential-20-20261001-21:46:07-72,config,,,*.queue.type1ServiceSCV,0,
Phase6_Hyperexponential-20-20261001-21:46:07-72,config,,,*.queue.recordVectors,false,
Phase6_Hyperexponential-20-20261001-21:46:07-72,config,,,*.queue.recordTailStatistics,true,
Phase6_Hyperexponential-20-20261001-21:46:07-72,config,,,*.queue.warmupCompletedPackets,200000,
Phase6_Hyperexponential-20-20261001-21:46:07-72,config,,,*.queue.targetCompletedPackets,1000000,
Phase6_Hyperexponential-20-20261001-21:46:07-72,config,,,network,dect2020scheduledaccess.DectScheduledAccessNetwork,
Phase6_Hyperexponential-20-20261001-21:46:07-72,config,,,cmdenv-express-mode,true,
Phase6_Hyperexponential-20-20261001-21:46:07-72,config,,,cmdenv-status-frequency,10s,
Phase6_Hyperexponential-20-20261001-21:46:07-72,config,,,result-dir,results,
Phase6_Hyperexponential-20-20261001-21:46:07-72,config,,,*.queue.frameDuration,10ms,
Phase6_Hyperexponential-20-20261001-21:46:07-72,config,,,*.queue.meanType1ServiceTime,0.4166666667ms,
Phase6_Hyperexponential-20-20261001-21:46:07-72,config,,,*.queue.deriveDectParametersFromD,true,
Phase6_Hyperexponential-20-20261001-21:46:07-72,config,,,*.queue.deriveLambdaFromRho,true,
Phase6_Hyperexponential-20-20261001-21:46:07-72,config,,,*.queue.warmupCompletedPackets,200000,
Phase6_Hyperexponential-20-20261001-21:46:07-72,config,,,*.queue.targetCompletedPackets,1000000,
Phase6_Hyperexponential-20-20261001-21:46:07-72,config,,,*.queue.recordVectors,false,
Phase6_Hyperexponential-20-20261001-21:46:07-72,config,,,*.queue.rngIndex,0,
Phase6_Hyperexponential-21-20261001-21:46:07-72,runattr,,,configname,Phase6_Hyperexponential,
Phase6_Hyperexponential-21-20261001-21:46:07-72,runattr,,,datetime,20261001-21:46:07,
Phase6_Hyperexponential-21-20261001-21:46:07-72,runattr,,,datetimef,20261001-214607,
Phase6_Hyperexponential-21-20261001-21:46:07-72,runattr,,,experiment,Phase6_Hyperexponential,
Phase6_Hyperexponential-21-20261001-21:46:07-72,runattr,,,inifile,omnetpp.ini,
Phase6_Hyperexponential-21-20261001-21:46:07-72,runattr,,,iterationvars,$rho=0.101694915254,
Phase6_Hyperexponential-21-20261001-21:46:07-72,runattr,,,iterationvarsd,rho=0.101694915254,
Phase6_Hyperexponential-21-20261001-21:46:07-72,runattr,,,iterationvarsf,rho=0.101694915254-,
Phase6_Hyperexponential-21-20261001-21:46:07-72,runattr,,,measurement,$rho=0.101694915254,
Phase6_Hyperexponential-21-20261001-21:46:07-72,runattr,,,network,dect2020scheduledaccess.DectScheduledAccessNetwork,
Phase6_Hyperexponential-21-20261001-21:46:07-72,runattr,,,processid,72,
Phase6_Hyperexponential-21-20261001-21:46:07-72,runattr,,,repetition,1,
Phase6_Hyperexponential-21-20261001-21:46:07-72,runattr,,,replication,#1,
Phase6_Hyperexponential-21-20261001-21:46:07-72,runattr,,,resultdir,results_phase6,
Phase6_Hyperexponential-21-20261001-21:46:07-72,runattr,,,runnumber,21,
Phase6_Hyperexponential-21-20261001-21:46:07-72,runattr,,,seedset,1,
Phase6_Hyperexponential-21-20261001-21:46:07-72,itervar,,,rho,0.101694915254,
Phase6_Hyperexponential-21-20261001-21:46:07-72,config,,,extends,Phase6_Deterministic,
Phase6_Hyperexponential-21-20261001-21:46:07-72,config,,,*.queue.type1ServiceDistribution,"""hyperexponential""",
Phase6_Hyperexponential-21-20261001-21:46:07-72,config,,,*.queue.type1ServiceSCV,4,
Phase6_Hyperexponential-21-20261001-21:46:07-72,config,,,result-dir,results_phase6,
Phase6_Hyperexponential-21-20261001-21:46:07-72,config,,,repeat,10,
Phase6_Hyperexponential-21-20261001-21:46:07-72,config,,,seed-set,1,
Phase6_Hyperexponential-21-20261001-21:46:07-72,config,,,*.queue.D,10,
Phase6_Hyperexponential-21-20261001-21:46:07-72,config,,,*.queue.r,30,
Phase6_Hyperexponential-21-20261001-21:46:07-72,config,,,*.queue.rho,0.101694915254,
Phase6_Hyperexponential-21-20261001-21:46:07-72,config,,,*.queue.type1ServiceDistribution,"""deterministic""",
Phase6_Hyperexponential-21-20261001-21:46:07-72,config,,,*.queue.type1ServiceSCV,0,
Phase6_Hyperexponential-21-20261001-21:46:07-72,config,,,*.queue.recordVectors,false,
Phase6_Hyperexponential-21-20261001-21:46:07-72,config,,,*.queue.recordTailStatistics,true,
Phase6_Hyperexponential-21-20261001-21:46:07-72,config,,,*.queue.warmupCompletedPackets,200000,
Phase6_Hyperexponential-21-20261001-21:46:07-72,config,,,*.queue.targetCompletedPackets,1000000,
Phase6_Hyperexponential-21-20261001-21:46:07-72,config,,,network,dect2020scheduledaccess.DectScheduledAccessNetwork,
Phase6_Hyperexponential-21-20261001-21:46:07-72,config,,,cmdenv-express-mode,true,
Phase6_Hyperexponential-21-20261001-21:46:07-72,config,,,cmdenv-status-frequency,10s,
Phase6_Hyperexponential-21-20261001-21:46:07-72,config,,,result-dir,results,
Phase6_Hyperexponential-21-20261001-21:46:07-72,config,,,*.queue.frameDuration,10ms,
Phase6_Hyperexponential-21-20261001-21:46:07-72,config,,,*.queue.meanType1ServiceTime,0.4166666667ms,
Phase6_Hyperexponential-21-20261001-21:46:07-72,config,,,*.queue.deriveDectParametersFromD,true,
Phase6_Hyperexponential-21-20261001-21:46:07-72,config,,,*.queue.deriveLambdaFromRho,true,
Phase6_Hyperexponential-21-20261001-21:46:07-72,config,,,*.queue.warmupCompletedPackets,200000,
Phase6_Hyperexponential-21-20261001-21:46:07-72,config,,,*.queue.targetCompletedPackets,1000000,
Phase6_Hyperexponential-21-20261001-21:46:07-72,config,,,*.queue.recordVectors,false,
Phase6_Hyperexponential-21-20261001-21:46:07-72,config,,,*.queue.rngIndex,0,
Phase6_Hyperexponential-22-20261001-21:46:07-72,runattr,,,configname,Phase6_Hyperexponential,
Phase6_Hyperexponential-22-20261001-21:46:07-72,runattr,,,datetime,20261001-21:46:07,
Phase6_Hyperexponential-22-20261001-21:46:07-72,runattr,,,datetimef,20261001-214607,
Phase6_Hyperexponential-22-20261001-21:46:07-72,runattr,,,experiment,Phase6_Hyperexponential,
Phase6_Hyperexponential-22-20261001-21:46:07-72,runattr,,,inifile,omnetpp.ini,
Phase6_Hyperexponential-22-20261001-21:46:07-72,runattr,,,iterationvars,$rho=0.101694915254,
Phase6_Hyperexponential-22-20261001-21:46:07-72,runattr,,,iterationvarsd,rho=0.101694915254,
Phase6_Hyperexponential-22-20261001-21:46:07-72,runattr,,,iterationvarsf,rho=0.101694915254-,
Phase6_Hyperexponential-22-20261001-21:46:07-72,runattr,,,measurement,$rho=0.101694915254,
Phase6_Hyperexponential-22-20261001-21:46:07-72,runattr,,,network,dect2020scheduledaccess.DectScheduledAccessNetwork,
Phase6_Hyperexponential-22-20261001-21:46:07-72,runattr,,,processid,72,
Phase6_Hyperexponential-22-20261001-21:46:07-72,runattr,,,repetition,2,
Phase6_Hyperexponential-22-20261001-21:46:07-72,runattr,,,replication,#2,
Phase6_Hyperexponential-22-20261001-21:46:07-72,runattr,,,resultdir,results_phase6,
Phase6_Hyperexponential-22-20261001-21:46:07-72,runattr,,,runnumber,22,
Phase6_Hyperexponential-22-20261001-21:46:07-72,runattr,,,seedset,2,
Phase6_Hyperexponential-22-20261001-21:46:07-72,itervar,,,rho,0.101694915254,
Phase6_Hyperexponential-22-20261001-21:46:07-72,config,,,extends,Phase6_Deterministic,
Phase6_Hyperexponential-22-20261001-21:46:07-72,config,,,*.queue.type1ServiceDistribution,"""hyperexponential""",
Phase6_Hyperexponential-22-20261001-21:46:07-72,config,,,*.queue.type1ServiceSCV,4,
Phase6_Hyperexponential-22-20261001-21:46:07-72,config,,,result-dir,results_phase6,
Phase6_Hyperexponential-22-20261001-21:46:07-72,config,,,repeat,10,
Phase6_Hyperexponential-22-20261001-21:46:07-72,config,,,seed-set,2,
Phase6_Hyperexponential-22-20261001-21:46:07-72,config,,,*.queue.D,10,
Phase6_Hyperexponential-22-20261001-21:46:07-72,config,,,*.queue.r,30,
Phase6_Hyperexponential-22-20261001-21:46:07-72,config,,,*.queue.rho,0.101694915254,
Phase6_Hyperexponential-22-20261001-21:46:07-72,config,,,*.queue.type1ServiceDistribution,"""deterministic""",
Phase6_Hyperexponential-22-20261001-21:46:07-72,config,,,*.queue.type1ServiceSCV,0,
Phase6_Hyperexponential-22-20261001-21:46:07-72,config,,,*.queue.recordVectors,false,
Phase6_Hyperexponential-22-20261001-21:46:07-72,config,,,*.queue.recordTailStatistics,true,
Phase6_Hyperexponential-22-20261001-21:46:07-72,config,,,*.queue.warmupCompletedPackets,200000,
Phase6_Hyperexponential-22-20261001-21:46:07-72,config,,,*.queue.targetCompletedPackets,1000000,
Phase6_Hyperexponential-22-20261001-21:46:07-72,config,,,network,dect2020scheduledaccess.DectScheduledAccessNetwork,
Phase6_Hyperexponential-22-20261001-21:46:07-72,config,,,cmdenv-express-mode,true,
Phase6_Hyperexponential-22-20261001-21:46:07-72,config,,,cmdenv-status-frequency,10s,
Phase6_Hyperexponential-22-20261001-21:46:07-72,config,,,result-dir,results,
Phase6_Hyperexponential-22-20261001-21:46:07-72,config,,,*.queue.frameDuration,10ms,
Phase6_Hyperexponential-22-20261001-21:46:07-72,config,,,*.queue.meanType1ServiceTime,0.4166666667ms,
Phase6_Hyperexponential-22-20261001-21:46:07-72,config,,,*.queue.deriveDectParametersFromD,true,
Phase6_Hyperexponential-22-20261001-21:46:07-72,config,,,*.queue.deriveLambdaFromRho,true,
Phase6_Hyperexponential-22-20261001-21:46:07-72,config,,,*.queue.warmupCompletedPackets,200000,
Phase6_Hyperexponential-22-20261001-21:46:07-72,config,,,*.queue.targetCompletedPackets,1000000,
Phase6_Hyperexponential-22-20261001-21:46:07-72,config,,,*.queue.recordVectors,false,
Phase6_Hyperexponential-22-20261001-21:46:07-72,config,,,*.queue.rngIndex,0,
Phase6_Hyperexponential-23-20261001-21:46:08-72,runattr,,,configname,Phase6_Hyperexponential,
Phase6_Hyperexponential-23-20261001-21:46:08-72,runattr,,,datetime,20261001-21:46:08,
Phase6_Hyperexponential-23-20261001-21:46:08-72,runattr,,,datetimef,20261001-214608,
Phase6_Hyperexponential-23-20261001-21:46:08-72,runattr,,,experiment,Phase6_Hyperexponential,
Phase6_Hyperexponential-23-20261001-21:46:08-72,runattr,,,inifile,omnetpp.ini,
Phase6_Hyperexponential-23-20261001-21:46:08-72,runattr,,,iterationvars,$rho=0.101694915254,
Phase6_Hyperexponential-23-20261001-21:46:08-72,runattr,,,iterationvarsd,rho=0.101694915254,
Phase6_Hyperexponential-23-20261001-21:46:08-72,runattr,,,iterationvarsf,rho=0.101694915254-,
Phase6_Hyperexponential-23-20261001-21:46:08-72,runattr,,,measurement,$rho=0.101694915254,
Phase6_Hyperexponential-23-20261001-21:46:08-72,runattr,,,network,dect2020scheduledaccess.DectScheduledAccessNetwork,
Phase6_Hyperexponential-23-20261001-21:46:08-72,runattr,,,processid,72,
Phase6_Hyperexponential-23-20261001-21:46:08-72,runattr,,,repetition,3,
Phase6_Hyperexponential-23-20261001-21:46:08-72,runattr,,,replication,#3,
Phase6_Hyperexponential-23-20261001-21:46:08-72,runattr,,,resultdir,results_phase6,
Phase6_Hyperexponential-23-20261001-21:46:08-72,runattr,,,runnumber,23,
Phase6_Hyperexponential-23-20261001-21:46:08-72,runattr,,,seedset,3,
Phase6_Hyperexponential-23-20261001-21:46:08-72,itervar,,,rho,0.101694915254,
Phase6_Hyperexponential-23-20261001-21:46:08-72,config,,,extends,Phase6_Deterministic,
Phase6_Hyperexponential-23-20261001-21:46:08-72,config,,,*.queue.type1ServiceDistribution,"""hyperexponential""",
Phase6_Hyperexponential-23-20261001-21:46:08-72,config,,,*.queue.type1ServiceSCV,4,
Phase6_Hyperexponential-23-20261001-21:46:08-72,config,,,result-dir,results_phase6,
Phase6_Hyperexponential-23-20261001-21:46:08-72,config,,,repeat,10,
Phase6_Hyperexponential-23-20261001-21:46:08-72,config,,,seed-set,3,
Phase6_Hyperexponential-23-20261001-21:46:08-72,config,,,*.queue.D,10,
Phase6_Hyperexponential-23-20261001-21:46:08-72,config,,,*.queue.r,30,
Phase6_Hyperexponential-23-20261001-21:46:08-72,config,,,*.queue.rho,0.101694915254,
Phase6_Hyperexponential-23-20261001-21:46:08-72,config,,,*.queue.type1ServiceDistribution,"""deterministic""",
Phase6_Hyperexponential-23-20261001-21:46:08-72,config,,,*.queue.type1ServiceSCV,0,
Phase6_Hyperexponential-23-20261001-21:46:08-72,config,,,*.queue.recordVectors,false,
Phase6_Hyperexponential-23-20261001-21:46:08-72,config,,,*.queue.recordTailStatistics,true,
Phase6_Hyperexponential-23-20261001-21:46:08-72,config,,,*.queue.warmupCompletedPackets,200000,
Phase6_Hyperexponential-23-20261001-21:46:08-72,config,,,*.queue.targetCompletedPackets,1000000,
Phase6_Hyperexponential-23-20261001-21:46:08-72,config,,,network,dect2020scheduledaccess.DectScheduledAccessNetwork,
Phase6_Hyperexponential-23-20261001-21:46:08-72,config,,,cmdenv-express-mode,true,
Phase6_Hyperexponential-23-20261001-21:46:08-72,config,,,cmdenv-status-frequency,10s,
Phase6_Hyperexponential-23-20261001-21:46:08-72,config,,,result-dir,results,
Phase6_Hyperexponential-23-20261001-21:46:08-72,config,,,*.queue.frameDuration,10ms,
Phase6_Hyperexponential-23-20261001-21:46:08-72,config,,,*.queue.meanType1ServiceTime,0.4166666667ms,
Phase6_Hyperexponential-23-20261001-21:46:08-72,config,,,*.queue.deriveDectParametersFromD,true,
Phase6_Hyperexponential-23-20261001-21:46:08-72,config,,,*.queue.deriveLambdaFromRho,true,
Phase6_Hyperexponential-23-20261001-21:46:08-72,config,,,*.queue.warmupCompletedPackets,200000,
Phase6_Hyperexponential-23-20261001-21:46:08-72,config,,,*.queue.targetCompletedPackets,1000000,
Phase6_Hyperexponential-23-20261001-21:46:08-72,config,,,*.queue.recordVectors,false,
Phase6_Hyperexponential-23-20261001-21:46:08-72,config,,,*.queue.rngIndex,0,
Phase6_Hyperexponential-24-20261001-21:46:08-72,runattr,,,configname,Phase6_Hyperexponential,
Phase6_Hyperexponential-24-20261001-21:46:08-72,runattr,,,datetime,20261001-21:46:08,
Phase6_Hyperexponential-24-20261001-21:46:08-72,runattr,,,datetimef,20261001-214608,
Phase6_Hyperexponential-24-20261001-21:46:08-72,runattr,,,experiment,Phase6_Hyperexponential,
Phase6_Hyperexponential-24-20261001-21:46:08-72,runattr,,,inifile,omnetpp.ini,
Phase6_Hyperexponential-24-20261001-21:46:08-72,runattr,,,iterationvars,$rho=0.101694915254,
Phase6_Hyperexponential-24-20261001-21:46:08-72,runattr,,,iterationvarsd,rho=0.101694915254,
Phase6_Hyperexponential-24-20261001-21:46:08-72,runattr,,,iterationvarsf,rho=0.101694915254-,
Phase6_Hyperexponential-24-20261001-21:46:08-72,runattr,,,measurement,$rho=0.101694915254,
Phase6_Hyperexponential-24-20261001-21:46:08-72,runattr,,,network,dect2020scheduledaccess.DectScheduledAccessNetwork,
Phase6_Hyperexponential-24-20261001-21:46:08-72,runattr,,,processid,72,
Phase6_Hyperexponential-24-20261001-21:46:08-72,runattr,,,repetition,4,
Phase6_Hyperexponential-24-20261001-21:46:08-72,runattr,,,replication,#4,
Phase6_Hyperexponential-24-20261001-21:46:08-72,runattr,,,resultdir,results_phase6,
Phase6_Hyperexponential-24-20261001-21:46:08-72,runattr,,,runnumber,24,
Phase6_Hyperexponential-24-20261001-21:46:08-72,runattr,,,seedset,4,
Phase6_Hyperexponential-24-20261001-21:46:08-72,itervar,,,rho,0.101694915254,
Phase6_Hyperexponential-24-20261001-21:46:08-72,config,,,extends,Phase6_Deterministic,
Phase6_Hyperexponential-24-20261001-21:46:08-72,config,,,*.queue.type1ServiceDistribution,"""hyperexponential""",
Phase6_Hyperexponential-24-20261001-21:46:08-72,config,,,*.queue.type1ServiceSCV,4,
Phase6_Hyperexponential-24-20261001-21:46:08-72,config,,,result-dir,results_phase6,
Phase6_Hyperexponential-24-20261001-21:46:08-72,config,,,repeat,10,
Phase6_Hyperexponential-24-20261001-21:46:08-72,config,,,seed-set,4,
Phase6_Hyperexponential-24-20261001-21:46:08-72,config,,,*.queue.D,10,
Phase6_Hyperexponential-24-20261001-21:46:08-72,config,,,*.queue.r,30,
Phase6_Hyperexponential-24-20261001-21:46:08-72,config,,,*.queue.rho,0.101694915254,
Phase6_Hyperexponential-24-20261001-21:46:08-72,config,,,*.queue.type1ServiceDistribution,"""deterministic""",
Phase6_Hyperexponential-24-20261001-21:46:08-72,config,,,*.queue.type1ServiceSCV,0,
Phase6_Hyperexponential-24-20261001-21:46:08-72,config,,,*.queue.recordVectors,false,
Phase6_Hyperexponential-24-20261001-21:46:08-72,config,,,*.queue.recordTailStatistics,true,
Phase6_Hyperexponential-24-20261001-21:46:08-72,config,,,*.queue.warmupCompletedPackets,200000,
Phase6_Hyperexponential-24-20261001-21:46:08-72,config,,,*.queue.targetCompletedPackets,1000000,
Phase6_Hyperexponential-24-20261001-21:46:08-72,config,,,network,dect2020scheduledaccess.DectScheduledAccessNetwork,
Phase6_Hyperexponential-24-20261001-21:46:08-72,config,,,cmdenv-express-mode,true,
Phase6_Hyperexponential-24-20261001-21:46:08-72,config,,,cmdenv-status-frequency,10s,
Phase6_Hyperexponential-24-20261001-21:46:08-72,config,,,result-dir,results,
Phase6_Hyperexponential-24-20261001-21:46:08-72,config,,,*.queue.frameDuration,10ms,
Phase6_Hyperexponential-24-20261001-21:46:08-72,config,,,*.queue.meanType1ServiceTime,0.4166666667ms,
Phase6_Hyperexponential-24-20261001-21:46:08-72,config,,,*.queue.deriveDectParametersFromD,true,
Phase6_Hyperexponential-24-20261001-21:46:08-72,config,,,*.queue.deriveLambdaFromRho,true,
Phase6_Hyperexponential-24-20261001-21:46:08-72,config,,,*.queue.warmupCompletedPackets,200000,
Phase6_Hyperexponential-24-20261001-21:46:08-72,config,,,*.queue.targetCompletedPackets,1000000,
Phase6_Hyperexponential-24-20261001-21:46:08-72,config,,,*.queue.recordVectors,false,
Phase6_Hyperexponential-24-20261001-21:46:08-72,config,,,*.queue.rngIndex,0,
Phase6_Hyperexponential-25-20261001-21:46:08-72,runattr,,,configname,Phase6_Hyperexponential,
Phase6_Hyperexponential-25-20261001-21:46:08-72,runattr,,,datetime,20261001-21:46:08,
Phase6_Hyperexponential-25-20261001-21:46:08-72,runattr,,,datetimef,20261001-214608,
Phase6_Hyperexponential-25-20261001-21:46:08-72,runattr,,,experiment,Phase6_Hyperexponential,
Phase6_Hyperexponential-25-20261001-21:46:08-72,runattr,,,inifile,omnetpp.ini,
Phase6_Hyperexponential-25-20261001-21:46:08-72,runattr,,,iterationvars,$rho=0.101694915254,
Phase6_Hyperexponential-25-20261001-21:46:08-72,runattr,,,iterationvarsd,rho=0.101694915254,
Phase6_Hyperexponential-25-20261001-21:46:08-72,runattr,,,iterationvarsf,rho=0.101694915254-,
Phase6_Hyperexponential-25-20261001-21:46:08-72,runattr,,,measurement,$rho=0.101694915254,
Phase6_Hyperexponential-25-20261001-21:46:08-72,runattr,,,network,dect2020scheduledaccess.DectScheduledAccessNetwork,
Phase6_Hyperexponential-25-20261001-21:46:08-72,runattr,,,processid,72,
Phase6_Hyperexponential-25-20261001-21:46:08-72,runattr,,,repetition,5,
Phase6_Hyperexponential-25-20261001-21:46:08-72,runattr,,,replication,#5,
Phase6_Hyperexponential-25-20261001-21:46:08-72,runattr,,,resultdir,results_phase6,
Phase6_Hyperexponential-25-20261001-21:46:08-72,runattr,,,runnumber,25,
Phase6_Hyperexponential-25-20261001-21:46:08-72,runattr,,,seedset,5,
Phase6_Hyperexponential-25-20261001-21:46:08-72,itervar,,,rho,0.101694915254,
Phase6_Hyperexponential-25-20261001-21:46:08-72,config,,,extends,Phase6_Deterministic,
Phase6_Hyperexponential-25-20261001-21:46:08-72,config,,,*.queue.type1ServiceDistribution,"""hyperexponential""",
Phase6_Hyperexponential-25-20261001-21:46:08-72,config,,,*.queue.type1ServiceSCV,4,
Phase6_Hyperexponential-25-20261001-21:46:08-72,config,,,result-dir,results_phase6,
Phase6_Hyperexponential-25-20261001-21:46:08-72,config,,,repeat,10,
Phase6_Hyperexponential-25-20261001-21:46:08-72,config,,,seed-set,5,
Phase6_Hyperexponential-25-20261001-21:46:08-72,config,,,*.queue.D,10,
Phase6_Hyperexponential-25-20261001-21:46:08-72,config,,,*.queue.r,30,
Phase6_Hyperexponential-25-20261001-21:46:08-72,config,,,*.queue.rho,0.101694915254,
Phase6_Hyperexponential-25-20261001-21:46:08-72,config,,,*.queue.type1ServiceDistribution,"""deterministic""",
Phase6_Hyperexponential-25-20261001-21:46:08-72,config,,,*.queue.type1ServiceSCV,0,
Phase6_Hyperexponential-25-20261001-21:46:08-72,config,,,*.queue.recordVectors,false,
Phase6_Hyperexponential-25-20261001-21:46:08-72,config,,,*.queue.recordTailStatistics,true,
Phase6_Hyperexponential-25-20261001-21:46:08-72,config,,,*.queue.warmupCompletedPackets,200000,
Phase6_Hyperexponential-25-20261001-21:46:08-72,config,,,*.queue.targetCompletedPackets,1000000,
Phase6_Hyperexponential-25-20261001-21:46:08-72,config,,,network,dect2020scheduledaccess.DectScheduledAccessNetwork,
Phase6_Hyperexponential-25-20261001-21:46:08-72,config,,,cmdenv-express-mode,true,
Phase6_Hyperexponential-25-20261001-21:46:08-72,config,,,cmdenv-status-frequency,10s,
Phase6_Hyperexponential-25-20261001-21:46:08-72,config,,,result-dir,results,
Phase6_Hyperexponential-25-20261001-21:46:08-72,config,,,*.queue.frameDuration,10ms,
Phase6_Hyperexponential-25-20261001-21:46:08-72,config,,,*.queue.meanType1ServiceTime,0.4166666667ms,
Phase6_Hyperexponential-25-20261001-21:46:08-72,config,,,*.queue.deriveDectParametersFromD,true,
Phase6_Hyperexponential-25-20261001-21:46:08-72,config,,,*.queue.deriveLambdaFromRho,true,
Phase6_Hyperexponential-25-20261001-21:46:08-72,config,,,*.queue.warmupCompletedPackets,200000,
Phase6_Hyperexponential-25-20261001-21:46:08-72,config,,,*.queue.targetCompletedPackets,1000000,
Phase6_Hyperexponential-25-20261001-21:46:08-72,config,,,*.queue.recordVectors,false,
Phase6_Hyperexponential-25-20261001-21:46:08-72,config,,,*.queue.rngIndex,0,
Phase6_Hyperexponential-26-20261001-21:46:09-72,runattr,,,configname,Phase6_Hyperexponential,
Phase6_Hyperexponential-26-20261001-21:46:09-72,runattr,,,datetime,20261001-21:46:09,
Phase6_Hyperexponential-26-20261001-21:46:09-72,runattr,,,datetimef,20261001-214609,
Phase6_Hyperexponential-26-20261001-21:46:09-72,runattr,,,experiment,Phase6_Hyperexponential,
Phase6_Hyperexponential-26-20261001-21:46:09-72,runattr,,,inifile,omnetpp.ini,
Phase6_Hyperexponential-26-20261001-21:46:09-72,runattr,,,iterationvars,$rho=0.101694915254,
Phase6_Hyperexponential-26-20261001-21:46:09-72,runattr,,,iterationvarsd,rho=0.101694915254,
Phase6_Hyperexponential-26-20261001-21:46:09-72,runattr,,,iterationvarsf,rho=0.101694915254-,
Phase6_Hyperexponential-26-20261001-21:46:09-72,runattr,,,measurement,$rho=0.101694915254,
Phase6_Hyperexponential-26-20261001-21:46:09-72,runattr,,,network,dect2020scheduledaccess.DectScheduledAccessNetwork,
Phase6_Hyperexponential-26-20261001-21:46:09-72,runattr,,,processid,72,
Phase6_Hyperexponential-26-20261001-21:46:09-72,runattr,,,repetition,6,
Phase6_Hyperexponential-26-20261001-21:46:09-72,runattr,,,replication,#6,
Phase6_Hyperexponential-26-20261001-21:46:09-72,runattr,,,resultdir,results_phase6,
Phase6_Hyperexponential-26-20261001-21:46:09-72,runattr,,,runnumber,26,
Phase6_Hyperexponential-26-20261001-21:46:09-72,runattr,,,seedset,6,
Phase6_Hyperexponential-26-20261001-21:46:09-72,itervar,,,rho,0.101694915254,
Phase6_Hyperexponential-26-20261001-21:46:09-72,config,,,extends,Phase6_Deterministic,
Phase6_Hyperexponential-26-20261001-21:46:09-72,config,,,*.queue.type1ServiceDistribution,"""hyperexponential""",
Phase6_Hyperexponential-26-20261001-21:46:09-72,config,,,*.queue.type1ServiceSCV,4,
Phase6_Hyperexponential-26-20261001-21:46:09-72,config,,,result-dir,results_phase6,
Phase6_Hyperexponential-26-20261001-21:46:09-72,config,,,repeat,10,
Phase6_Hyperexponential-26-20261001-21:46:09-72,config,,,seed-set,6,
Phase6_Hyperexponential-26-20261001-21:46:09-72,config,,,*.queue.D,10,
Phase6_Hyperexponential-26-20261001-21:46:09-72,config,,,*.queue.r,30,
Phase6_Hyperexponential-26-20261001-21:46:09-72,config,,,*.queue.rho,0.101694915254,
Phase6_Hyperexponential-26-20261001-21:46:09-72,config,,,*.queue.type1ServiceDistribution,"""deterministic""",
Phase6_Hyperexponential-26-20261001-21:46:09-72,config,,,*.queue.type1ServiceSCV,0,
Phase6_Hyperexponential-26-20261001-21:46:09-72,config,,,*.queue.recordVectors,false,
Phase6_Hyperexponential-26-20261001-21:46:09-72,config,,,*.queue.recordTailStatistics,true,
Phase6_Hyperexponential-26-20261001-21:46:09-72,config,,,*.queue.warmupCompletedPackets,200000,
Phase6_Hyperexponential-26-20261001-21:46:09-72,config,,,*.queue.targetCompletedPackets,1000000,
Phase6_Hyperexponential-26-20261001-21:46:09-72,config,,,network,dect2020scheduledaccess.DectScheduledAccessNetwork,
Phase6_Hyperexponential-26-20261001-21:46:09-72,config,,,cmdenv-express-mode,true,
Phase6_Hyperexponential-26-20261001-21:46:09-72,config,,,cmdenv-status-frequency,10s,
Phase6_Hyperexponential-26-20261001-21:46:09-72,config,,,result-dir,results,
Phase6_Hyperexponential-26-20261001-21:46:09-72,config,,,*.queue.frameDuration,10ms,
Phase6_Hyperexponential-26-20261001-21:46:09-72,config,,,*.queue.meanType1ServiceTime,0.4166666667ms,
Phase6_Hyperexponential-26-20261001-21:46:09-72,config,,,*.queue.deriveDectParametersFromD,true,
Phase6_Hyperexponential-26-20261001-21:46:09-72,config,,,*.queue.deriveLambdaFromRho,true,
Phase6_Hyperexponential-26-20261001-21:46:09-72,config,,,*.queue.warmupCompletedPackets,200000,
Phase6_Hyperexponential-26-20261001-21:46:09-72,config,,,*.queue.targetCompletedPackets,1000000,
Phase6_Hyperexponential-26-20261001-21:46:09-72,config,,,*.queue.recordVectors,false,
Phase6_Hyperexponential-26-20261001-21:46:09-72,config,,,*.queue.rngIndex,0,
Phase6_Hyperexponential-27-20261001-21:46:09-72,runattr,,,configname,Phase6_Hyperexponential,
Phase6_Hyperexponential-27-20261001-21:46:09-72,runattr,,,datetime,20261001-21:46:09,
Phase6_Hyperexponential-27-20261001-21:46:09-72,runattr,,,datetimef,20261001-214609,
Phase6_Hyperexponential-27-20261001-21:46:09-72,runattr,,,experiment,Phase6_Hyperexponential,
Phase6_Hyperexponential-27-20261001-21:46:09-72,runattr,,,inifile,omnetpp.ini,
Phase6_Hyperexponential-27-20261001-21:46:09-72,runattr,,,iterationvars,$rho=0.101694915254,
Phase6_Hyperexponential-27-20261001-21:46:09-72,runattr,,,iterationvarsd,rho=0.101694915254,
Phase6_Hyperexponential-27-20261001-21:46:09-72,runattr,,,iterationvarsf,rho=0.101694915254-,
Phase6_Hyperexponential-27-20261001-21:46:09-72,runattr,,,measurement,$rho=0.101694915254,
Phase6_Hyperexponential-27-20261001-21:46:09-72,runattr,,,network,dect2020scheduledaccess.DectScheduledAccessNetwork,
Phase6_Hyperexponential-27-20261001-21:46:09-72,runattr,,,processid,72,
Phase6_Hyperexponential-27-20261001-21:46:09-72,runattr,,,repetition,7,
Phase6_Hyperexponential-27-20261001-21:46:09-72,runattr,,,replication,#7,
Phase6_Hyperexponential-27-20261001-21:46:09-72,runattr,,,resultdir,results_phase6,
Phase6_Hyperexponential-27-20261001-21:46:09-72,runattr,,,runnumber,27,
Phase6_Hyperexponential-27-20261001-21:46:09-72,runattr,,,seedset,7,
Phase6_Hyperexponential-27-20261001-21:46:09-72,itervar,,,rho,0.101694915254,
Phase6_Hyperexponential-27-20261001-21:46:09-72,config,,,extends,Phase6_Deterministic,
Phase6_Hyperexponential-27-20261001-21:46:09-72,config,,,*.queue.type1ServiceDistribution,"""hyperexponential""",
Phase6_Hyperexponential-27-20261001-21:46:09-72,config,,,*.queue.type1ServiceSCV,4,
Phase6_Hyperexponential-27-20261001-21:46:09-72,config,,,result-dir,results_phase6,
Phase6_Hyperexponential-27-20261001-21:46:09-72,config,,,repeat,10,
Phase6_Hyperexponential-27-20261001-21:46:09-72,config,,,seed-set,7,
Phase6_Hyperexponential-27-20261001-21:46:09-72,config,,,*.queue.D,10,
Phase6_Hyperexponential-27-20261001-21:46:09-72,config,,,*.queue.r,30,
Phase6_Hyperexponential-27-20261001-21:46:09-72,config,,,*.queue.rho,0.101694915254,
Phase6_Hyperexponential-27-20261001-21:46:09-72,config,,,*.queue.type1ServiceDistribution,"""deterministic""",
Phase6_Hyperexponential-27-20261001-21:46:09-72,config,,,*.queue.type1ServiceSCV,0,
Phase6_Hyperexponential-27-20261001-21:46:09-72,config,,,*.queue.recordVectors,false,
Phase6_Hyperexponential-27-20261001-21:46:09-72,config,,,*.queue.recordTailStatistics,true,
Phase6_Hyperexponential-27-20261001-21:46:09-72,config,,,*.queue.warmupCompletedPackets,200000,
Phase6_Hyperexponential-27-20261001-21:46:09-72,config,,,*.queue.targetCompletedPackets,1000000,
Phase6_Hyperexponential-27-20261001-21:46:09-72,config,,,network,dect2020scheduledaccess.DectScheduledAccessNetwork,
Phase6_Hyperexponential-27-20261001-21:46:09-72,config,,,cmdenv-express-mode,true,
Phase6_Hyperexponential-27-20261001-21:46:09-72,config,,,cmdenv-status-frequency,10s,
Phase6_Hyperexponential-27-20261001-21:46:09-72,config,,,result-dir,results,
Phase6_Hyperexponential-27-20261001-21:46:09-72,config,,,*.queue.frameDuration,10ms,
Phase6_Hyperexponential-27-20261001-21:46:09-72,config,,,*.queue.meanType1ServiceTime,0.4166666667ms,
Phase6_Hyperexponential-27-20261001-21:46:09-72,config,,,*.queue.deriveDectParametersFromD,true,
Phase6_Hyperexponential-27-20261001-21:46:09-72,config,,,*.queue.deriveLambdaFromRho,true,
Phase6_Hyperexponential-27-20261001-21:46:09-72,config,,,*.queue.warmupCompletedPackets,200000,
Phase6_Hyperexponential-27-20261001-21:46:09-72,config,,,*.queue.targetCompletedPackets,1000000,
Phase6_Hyperexponential-27-20261001-21:46:09-72,config,,,*.queue.recordVectors,false,
Phase6_Hyperexponential-27-20261001-21:46:09-72,config,,,*.queue.rngIndex,0,
Phase6_Hyperexponential-28-20261001-21:46:09-72,runattr,,,configname,Phase6_Hyperexponential,
Phase6_Hyperexponential-28-20261001-21:46:09-72,runattr,,,datetime,20261001-21:46:09,
Phase6_Hyperexponential-28-20261001-21:46:09-72,runattr,,,datetimef,20261001-214609,
Phase6_Hyperexponential-28-20261001-21:46:09-72,runattr,,,experiment,Phase6_Hyperexponential,
Phase6_Hyperexponential-28-20261001-21:46:09-72,runattr,,,inifile,omnetpp.ini,
Phase6_Hyperexponential-28-20261001-21:46:09-72,runattr,,,iterationvars,$rho=0.101694915254,
Phase6_Hyperexponential-28-20261001-21:46:09-72,runattr,,,iterationvarsd,rho=0.101694915254,
Phase6_Hyperexponential-28-20261001-21:46:09-72,runattr,,,iterationvarsf,rho=0.101694915254-,
Phase6_Hyperexponential-28-20261001-21:46:09-72,runattr,,,measurement,$rho=0.101694915254,
Phase6_Hyperexponential-28-20261001-21:46:09-72,runattr,,,network,dect2020scheduledaccess.DectScheduledAccessNetwork,
Phase6_Hyperexponential-28-20261001-21:46:09-72,runattr,,,processid,72,
Phase6_Hyperexponential-28-20261001-21:46:09-72,runattr,,,repetition,8,
Phase6_Hyperexponential-28-20261001-21:46:09-72,runattr,,,replication,#8,
Phase6_Hyperexponential-28-20261001-21:46:09-72,runattr,,,resultdir,results_phase6,
Phase6_Hyperexponential-28-20261001-21:46:09-72,runattr,,,runnumber,28,
Phase6_Hyperexponential-28-20261001-21:46:09-72,runattr,,,seedset,8,
Phase6_Hyperexponential-28-20261001-21:46:09-72,itervar,,,rho,0.101694915254,
Phase6_Hyperexponential-28-20261001-21:46:09-72,config,,,extends,Phase6_Deterministic,
Phase6_Hyperexponential-28-20261001-21:46:09-72,config,,,*.queue.type1ServiceDistribution,"""hyperexponential""",
Phase6_Hyperexponential-28-20261001-21:46:09-72,config,,,*.queue.type1ServiceSCV,4,
Phase6_Hyperexponential-28-20261001-21:46:09-72,config,,,result-dir,results_phase6,
Phase6_Hyperexponential-28-20261001-21:46:09-72,config,,,repeat,10,
Phase6_Hyperexponential-28-20261001-21:46:09-72,config,,,seed-set,8,
Phase6_Hyperexponential-28-20261001-21:46:09-72,config,,,*.queue.D,10,
Phase6_Hyperexponential-28-20261001-21:46:09-72,config,,,*.queue.r,30,
Phase6_Hyperexponential-28-20261001-21:46:09-72,config,,,*.queue.rho,0.101694915254,
Phase6_Hyperexponential-28-20261001-21:46:09-72,config,,,*.queue.type1ServiceDistribution,"""deterministic""",
Phase6_Hyperexponential-28-20261001-21:46:09-72,config,,,*.queue.type1ServiceSCV,0,
Phase6_Hyperexponential-28-20261001-21:46:09-72,config,,,*.queue.recordVectors,false,
Phase6_Hyperexponential-28-20261001-21:46:09-72,config,,,*.queue.recordTailStatistics,true,
Phase6_Hyperexponential-28-20261001-21:46:09-72,config,,,*.queue.warmupCompletedPackets,200000,
Phase6_Hyperexponential-28-20261001-21:46:09-72,config,,,*.queue.targetCompletedPackets,1000000,
Phase6_Hyperexponential-28-20261001-21:46:09-72,config,,,network,dect2020scheduledaccess.DectScheduledAccessNetwork,
Phase6_Hyperexponential-28-20261001-21:46:09-72,config,,,cmdenv-express-mode,true,
Phase6_Hyperexponential-28-20261001-21:46:09-72,config,,,cmdenv-status-frequency,10s,
Phase6_Hyperexponential-28-20261001-21:46:09-72,config,,,result-dir,results,
Phase6_Hyperexponential-28-20261001-21:46:09-72,config,,,*.queue.frameDuration,10ms,
Phase6_Hyperexponential-28-20261001-21:46:09-72,config,,,*.queue.meanType1ServiceTime,0.4166666667ms,
Phase6_Hyperexponential-28-20261001-21:46:09-72,config,,,*.queue.deriveDectParametersFromD,true,
Phase6_Hyperexponential-28-20261001-21:46:09-72,config,,,*.queue.deriveLambdaFromRho,true,
Phase6_Hyperexponential-28-20261001-21:46:09-72,config,,,*.queue.warmupCompletedPackets,200000,
Phase6_Hyperexponential-28-20261001-21:46:09-72,config,,,*.queue.targetCompletedPackets,1000000,
Phase6_Hyperexponential-28-20261001-21:46:09-72,config,,,*.queue.recordVectors,false,
Phase6_Hyperexponential-28-20261001-21:46:09-72,config,,,*.queue.rngIndex,0,
Phase6_Hyperexponential-29-20261001-21:46:09-72,runattr,,,configname,Phase6_Hyperexponential,
Phase6_Hyperexponential-29-20261001-21:46:09-72,runattr,,,datetime,20261001-21:46:09,
Phase6_Hyperexponential-29-20261001-21:46:09-72,runattr,,,datetimef,20261001-214609,
Phase6_Hyperexponential-29-20261001-21:46:09-72,runattr,,,experiment,Phase6_Hyperexponential,
Phase6_Hyperexponential-29-20261001-21:46:09-72,runattr,,,inifile,omnetpp.ini,
Phase6_Hyperexponential-29-20261001-21:46:09-72,runattr,,,iterationvars,$rho=0.101694915254,
Phase6_Hyperexponential-29-20261001-21:46:09-72,runattr,,,iterationvarsd,rho=0.101694915254,
Phase6_Hyperexponential-29-20261001-21:46:09-72,runattr,,,iterationvarsf,rho=0.101694915254-,
Phase6_Hyperexponential-29-20261001-21:46:09-72,runattr,,,measurement,$rho=0.101694915254,
Phase6_Hyperexponential-29-20261001-21:46:09-72,runattr,,,network,dect2020scheduledaccess.DectScheduledAccessNetwork,
Phase6_Hyperexponential-29-20261001-21:46:09-72,runattr,,,processid,72,
Phase6_Hyperexponential-29-20261001-21:46:09-72,runattr,,,repetition,9,
Phase6_Hyperexponential-29-20261001-21:46:09-72,runattr,,,replication,#9,
Phase6_Hyperexponential-29-20261001-21:46:09-72,runattr,,,resultdir,results_phase6,
Phase6_Hyperexponential-29-20261001-21:46:09-72,runattr,,,runnumber,29,
Phase6_Hyperexponential-29-20261001-21:46:09-72,runattr,,,seedset,9,
Phase6_Hyperexponential-29-20261001-21:46:09-72,itervar,,,rho,0.101694915254,
Phase6_Hyperexponential-29-20261001-21:46:09-72,config,,,extends,Phase6_Deterministic,
Phase6_Hyperexponential-29-20261001-21:46:09-72,config,,,*.queue.type1ServiceDistribution,"""hyperexponential""",
Phase6_Hyperexponential-29-20261001-21:46:09-72,config,,,*.queue.type1ServiceSCV,4,
Phase6_Hyperexponential-29-20261001-21:46:09-72,config,,,result-dir,results_phase6,
Phase6_Hyperexponential-29-20261001-21:46:09-72,config,,,repeat,10,
Phase6_Hyperexponential-29-20261001-21:46:09-72,config,,,seed-set,9,
Phase6_Hyperexponential-29-20261001-21:46:09-72,config,,,*.queue.D,10,
Phase6_Hyperexponential-29-20261001-21:46:09-72,config,,,*.queue.r,30,
Phase6_Hyperexponential-29-20261001-21:46:09-72,config,,,*.queue.rho,0.101694915254,
Phase6_Hyperexponential-29-20261001-21:46:09-72,config,,,*.queue.type1ServiceDistribution,"""deterministic""",
Phase6_Hyperexponential-29-20261001-21:46:09-72,config,,,*.queue.type1ServiceSCV,0,
Phase6_Hyperexponential-29-20261001-21:46:09-72,config,,,*.queue.recordVectors,false,
Phase6_Hyperexponential-29-20261001-21:46:09-72,config,,,*.queue.recordTailStatistics,true,
Phase6_Hyperexponential-29-20261001-21:46:09-72,config,,,*.queue.warmupCompletedPackets,200000,
Phase6_Hyperexponential-29-20261001-21:46:09-72,config,,,*.queue.targetCompletedPackets,1000000,
Phase6_Hyperexponential-29-20261001-21:46:09-72,config,,,network,dect2020scheduledaccess.DectScheduledAccessNetwork,
Phase6_Hyperexponential-29-20261001-21:46:09-72,config,,,cmdenv-express-mode,true,
Phase6_Hyperexponential-29-20261001-21:46:09-72,config,,,cmdenv-status-frequency,10s,
Phase6_Hyperexponential-29-20261001-21:46:09-72,config,,,result-dir,results,
Phase6_Hyperexponential-29-20261001-21:46:09-72,config,,,*.queue.frameDuration,10ms,
Phase6_Hyperexponential-29-20261001-21:46:09-72,config,,,*.queue.meanType1ServiceTime,0.4166666667ms,
Phase6_Hyperexponential-29-20261001-21:46:09-72,config,,,*.queue.deriveDectParametersFromD,true,
Phase6_Hyperexponential-29-20261001-21:46:09-72,config,,,*.queue.deriveLambdaFromRho,true,
Phase6_Hyperexponential-29-20261001-21:46:09-72,config,,,*.queue.warmupCompletedPackets,200000,
Phase6_Hyperexponential-29-20261001-21:46:09-72,config,,,*.queue.targetCompletedPackets,1000000,
Phase6_Hyperexponential-29-20261001-21:46:09-72,config,,,*.queue.recordVectors,false,
Phase6_Hyperexponential-29-20261001-21:46:09-72,config,,,*.queue.rngIndex,0,
Phase6_Deterministic-0-20261001-21:45:46-70,scalar,DectScheduledAccessNetwork.queue,D,,,10
Phase6_Deterministic-0-20261001-21:45:46-70,scalar,DectScheduledAccessNetwork.queue,r,,,30
Phase6_Deterministic-0-20261001-21:45:46-70,scalar,DectScheduledAccessNetwork.queue,L_effective,,,2
Phase6_Deterministic-0-20261001-21:45:46-70,scalar,DectScheduledAccessNetwork.queue,rho,,,0.067796610169
Phase6_Deterministic-0-20261001-21:45:46-70,scalar,DectScheduledAccessNetwork.queue,lambda_per_ms,,,0.16271186427543
Phase6_Deterministic-0-20261001-21:45:46-70,scalar,DectScheduledAccessNetwork.queue,lambda_sat_per_ms,,,0.20338983049469
Phase6_Deterministic-0-20261001-21:45:46-70,scalar,DectScheduledAccessNetwork.queue,rho_sat,,,0.084745762773916
Phase6_Deterministic-0-20261001-21:45:46-70,scalar,DectScheduledAccessNetwork.queue,load_factor_rho_over_rho_sat,,,0.79999999940844
Phase6_Deterministic-0-20261001-21:45:46-70,scalar,DectScheduledAccessNetwork.queue,mean_type1_service_ms,,,0.416666667
Phase6_Deterministic-0-20261001-21:45:46-70,scalar,DectScheduledAccessNetwork.queue,type1_service_distribution_code,,,0
Phase6_Deterministic-0-20261001-21:45:46-70,scalar,DectScheduledAccessNetwork.queue,type1_service_scv,,,0
Phase6_Deterministic-0-20261001-21:45:46-70,scalar,DectScheduledAccessNetwork.queue,type2_service_ms,,,9
Phase6_Deterministic-0-20261001-21:45:46-70,scalar,DectScheduledAccessNetwork.queue,warmup_type1_completions,,,200000
Phase6_Deterministic-0-20261001-21:45:46-70,scalar,DectScheduledAccessNetwork.queue,measured_arrivals,,,1000002
Phase6_Deterministic-0-20261001-21:45:46-70,scalar,DectScheduledAccessNetwork.queue,measured_accepted_arrivals,,,1000002
Phase6_Deterministic-0-20261001-21:45:46-70,scalar,DectScheduledAccessNetwork.queue,measured_blocked_arrivals,,,0
Phase6_Deterministic-0-20261001-21:45:46-70,scalar,DectScheduledAccessNetwork.queue,measured_completed_packets,,,1000000
Phase6_Deterministic-0-20261001-21:45:46-70,scalar,DectScheduledAccessNetwork.queue,observation_time_s,,,6152.0885003333
Phase6_Deterministic-0-20261001-21:45:46-70,scalar,DectScheduledAccessNetwork.queue,blocking_probability,,,0
Phase6_Deterministic-0-20261001-21:45:46-70,scalar,DectScheduledAccessNetwork.queue,mean_type1_number,,,2.2448303570219
Phase6_Deterministic-0-20261001-21:45:46-70,scalar,DectScheduledAccessNetwork.queue,mean_delay_direct_ms,,,13.810372959182
Phase6_Deterministic-0-20261001-21:45:46-70,scalar,DectScheduledAccessNetwork.queue,delay_p50_ms,,,10.2300204955
Phase6_Deterministic-0-20261001-21:45:46-70,scalar,DectScheduledAccessNetwork.queue,delay_p95_ms,,,36.74428937415
Phase6_Deterministic-0-20261001-21:45:46-70,scalar,DectScheduledAccessNetwork.queue,delay_p99_ms,,,55.68450485006
Phase6_Deterministic-0-20261001-21:45:46-70,scalar,DectScheduledAccessNetwork.queue,delay_p999_ms,,,86.141244505501
Phase6_Deterministic-0-20261001-21:45:46-70,scalar,DectScheduledAccessNetwork.queue,tail_sample_count,,,1000000
Phase6_Deterministic-0-20261001-21:45:46-70,scalar,DectScheduledAccessNetwork.queue,effective_throughput_departures_per_ms,,,0.16254642629829
Phase6_Deterministic-0-20261001-21:45:46-70,scalar,DectScheduledAccessNetwork.queue,effective_throughput_accepted_per_ms,,,0.16254675139114
Phase6_Deterministic-0-20261001-21:45:46-70,scalar,DectScheduledAccessNetwork.queue,mean_delay_little_ms,,,13.810395024634
Phase6_Deterministic-0-20261001-21:45:46-70,scalar,DectScheduledAccessNetwork.queue,little_vs_direct_relative_error,,,1.5977448204474e-06
Phase6_Deterministic-0-20261001-21:45:46-70,scalar,DectScheduledAccessNetwork.queue,type1_service_fraction,,,0.067727813132779
Phase6_Deterministic-0-20261001-21:45:46-70,scalar,DectScheduledAccessNetwork.queue,type2_service_fraction,,,0.93227218686655
Phase6_Deterministic-0-20261001-21:45:46-70,scalar,DectScheduledAccessNetwork.queue,full_type1_fraction,,,0
Phase6_Deterministic-0-20261001-21:45:46-70,scalar,DectScheduledAccessNetwork.queue,full_type2_fraction,,,0
Phase6_Deterministic-0-20261001-21:45:46-70,scalar,DectScheduledAccessNetwork.queue,nonfull_state_fraction,,,0.99999999999731
Phase6_Deterministic-0-20261001-21:45:46-70,scalar,DectScheduledAccessNetwork.queue,saturated_full_state_fraction,,,0
Phase6_Deterministic-0-20261001-21:45:46-70,scalar,DectScheduledAccessNetwork.queue,full_type1_phase_0_fraction,,,0
Phase6_Deterministic-0-20261001-21:45:46-70,scalar,DectScheduledAccessNetwork.queue,full_type1_phase_1_fraction,,,0
Phase6_Deterministic-1-20261001-21:45:47-70,scalar,DectScheduledAccessNetwork.queue,D,,,10
Phase6_Deterministic-1-20261001-21:45:47-70,scalar,DectScheduledAccessNetwork.queue,r,,,30
Phase6_Deterministic-1-20261001-21:45:47-70,scalar,DectScheduledAccessNetwork.queue,L_effective,,,2
Phase6_Deterministic-1-20261001-21:45:47-70,scalar,DectScheduledAccessNetwork.queue,rho,,,0.067796610169
Phase6_Deterministic-1-20261001-21:45:47-70,scalar,DectScheduledAccessNetwork.queue,lambda_per_ms,,,0.16271186427543
Phase6_Deterministic-1-20261001-21:45:47-70,scalar,DectScheduledAccessNetwork.queue,lambda_sat_per_ms,,,0.20338983049469
Phase6_Deterministic-1-20261001-21:45:47-70,scalar,DectScheduledAccessNetwork.queue,rho_sat,,,0.084745762773916
Phase6_Deterministic-1-20261001-21:45:47-70,scalar,DectScheduledAccessNetwork.queue,load_factor_rho_over_rho_sat,,,0.79999999940844
Phase6_Deterministic-1-20261001-21:45:47-70,scalar,DectScheduledAccessNetwork.queue,mean_type1_service_ms,,,0.416666667
Phase6_Deterministic-1-20261001-21:45:47-70,scalar,DectScheduledAccessNetwork.queue,type1_service_distribution_code,,,0
Phase6_Deterministic-1-20261001-21:45:47-70,scalar,DectScheduledAccessNetwork.queue,type1_service_scv,,,0
Phase6_Deterministic-1-20261001-21:45:47-70,scalar,DectScheduledAccessNetwork.queue,type2_service_ms,,,9
Phase6_Deterministic-1-20261001-21:45:47-70,scalar,DectScheduledAccessNetwork.queue,warmup_type1_completions,,,200000
Phase6_Deterministic-1-20261001-21:45:47-70,scalar,DectScheduledAccessNetwork.queue,measured_arrivals,,,1000005
Phase6_Deterministic-1-20261001-21:45:47-70,scalar,DectScheduledAccessNetwork.queue,measured_accepted_arrivals,,,1000002
Phase6_Deterministic-1-20261001-21:45:47-70,scalar,DectScheduledAccessNetwork.queue,measured_blocked_arrivals,,,3
Phase6_Deterministic-1-20261001-21:45:47-70,scalar,DectScheduledAccessNetwork.queue,measured_completed_packets,,,1000000
Phase6_Deterministic-1-20261001-21:45:47-70,scalar,DectScheduledAccessNetwork.queue,observation_time_s,,,6150.0540836667
Phase6_Deterministic-1-20261001-21:45:47-70,scalar,DectScheduledAccessNetwork.queue,blocking_probability,,,2.999985000075e-06
Phase6_Deterministic-1-20261001-21:45:47-70,scalar,DectScheduledAccessNetwork.queue,mean_type1_number,,,2.2339327358994
Phase6_Deterministic-1-20261001-21:45:47-70,scalar,DectScheduledAccessNetwork.queue,mean_delay_direct_ms,,,13.738796892888
Phase6_Deterministic-1-20261001-21:45:47-70,scalar,DectScheduledAccessNetwork.queue,delay_p50_ms,,,10.239888374
Phase6_Deterministic-1-20261001-21:45:47-70,scalar,DectScheduledAccessNetwork.queue,delay_p95_ms,,,36.61598670815
Phase6_Deterministic-1-20261001-21:45:47-70,scalar,DectScheduledAccessNetwork.queue,delay_p99_ms,,,54.10480573445
Phase6_Deterministic-1-20261001-21:45:47-70,scalar,DectScheduledAccessNetwork.queue,delay_p999_ms,,,76.44432588132
Phase6_Deterministic-1-20261001-21:45:47-70,scalar,DectScheduledAccessNetwork.queue,tail_sample_count,,,1000000
Phase6_Deterministic-1-20261001-21:45:47-70,scalar,DectScheduledAccessNetwork.queue,effective_throughput_departures_per_ms,,,0.16260019609515
Phase6_Deterministic-1-20261001-21:45:47-70,scalar,DectScheduledAccessNetwork.queue,effective_throughput_accepted_per_ms,,,0.16260052129555
Phase6_Deterministic-1-20261001-21:45:47-70,scalar,DectScheduledAccessNetwork.queue,mean_delay_little_ms,,,13.738807145055
Phase6_Deterministic-1-20261001-21:45:47-70,scalar,DectScheduledAccessNetwork.queue,little_vs_direct_relative_error,,,7.4622011725367e-07
Phase6_Deterministic-1-20261001-21:45:47-70,scalar,DectScheduledAccessNetwork.queue,type1_service_fraction,,,0.067750149509548
Phase6_Deterministic-1-20261001-21:45:47-70,scalar,DectScheduledAccessNetwork.queue,type2_service_fraction,,,0.93224985048969
Phase6_Deterministic-1-20261001-21:45:47-70,scalar,DectScheduledAccessNetwork.queue,full_type1_fraction,,,0
Phase6_Deterministic-1-20261001-21:45:47-70,scalar,DectScheduledAccessNetwork.queue,full_type2_fraction,,,1.4565697034747e-06
Phase6_Deterministic-1-20261001-21:45:47-70,scalar,DectScheduledAccessNetwork.queue,nonfull_state_fraction,,,0.99999854342751
Phase6_Deterministic-1-20261001-21:45:47-70,scalar,DectScheduledAccessNetwork.queue,saturated_full_state_fraction,,,1.4565697034747e-06
Phase6_Deterministic-1-20261001-21:45:47-70,scalar,DectScheduledAccessNetwork.queue,full_type1_phase_0_fraction,,,0
Phase6_Deterministic-1-20261001-21:45:47-70,scalar,DectScheduledAccessNetwork.queue,full_type1_phase_1_fraction,,,0
Phase6_Deterministic-2-20261001-21:45:47-70,scalar,DectScheduledAccessNetwork.queue,D,,,10
Phase6_Deterministic-2-20261001-21:45:47-70,scalar,DectScheduledAccessNetwork.queue,r,,,30
Phase6_Deterministic-2-20261001-21:45:47-70,scalar,DectScheduledAccessNetwork.queue,L_effective,,,2
Phase6_Deterministic-2-20261001-21:45:47-70,scalar,DectScheduledAccessNetwork.queue,rho,,,0.067796610169
Phase6_Deterministic-2-20261001-21:45:47-70,scalar,DectScheduledAccessNetwork.queue,lambda_per_ms,,,0.16271186427543
Phase6_Deterministic-2-20261001-21:45:47-70,scalar,DectScheduledAccessNetwork.queue,lambda_sat_per_ms,,,0.20338983049469
Phase6_Deterministic-2-20261001-21:45:47-70,scalar,DectScheduledAccessNetwork.queue,rho_sat,,,0.084745762773916
Phase6_Deterministic-2-20261001-21:45:47-70,scalar,DectScheduledAccessNetwork.queue,load_factor_rho_over_rho_sat,,,0.79999999940844
Phase6_Deterministic-2-20261001-21:45:47-70,scalar,DectScheduledAccessNetwork.queue,mean_type1_service_ms,,,0.416666667
Phase6_Deterministic-2-20261001-21:45:47-70,scalar,DectScheduledAccessNetwork.queue,type1_service_distribution_code,,,0
Phase6_Deterministic-2-20261001-21:45:47-70,scalar,DectScheduledAccessNetwork.queue,type1_service_scv,,,0
Phase6_Deterministic-2-20261001-21:45:47-70,scalar,DectScheduledAccessNetwork.queue,type2_service_ms,,,9
Phase6_Deterministic-2-20261001-21:45:47-70,scalar,DectScheduledAccessNetwork.queue,warmup_type1_completions,,,200000
Phase6_Deterministic-2-20261001-21:45:47-70,scalar,DectScheduledAccessNetwork.queue,measured_arrivals,,,1000000
Phase6_Deterministic-2-20261001-21:45:47-70,scalar,DectScheduledAccessNetwork.queue,measured_accepted_arrivals,,,1000000
Phase6_Deterministic-2-20261001-21:45:47-70,scalar,DectScheduledAccessNetwork.queue,measured_blocked_arrivals,,,0
Phase6_Deterministic-2-20261001-21:45:47-70,scalar,DectScheduledAccessNetwork.queue,measured_completed_packets,,,1000000
Phase6_Deterministic-2-20261001-21:45:47-70,scalar,DectScheduledAccessNetwork.queue,observation_time_s,,,6131.612667
Phase6_Deterministic-2-20261001-21:45:47-70,scalar,DectScheduledAccessNetwork.queue,blocking_probability,,,0
Phase6_Deterministic-2-20261001-21:45:47-70,scalar,DectScheduledAccessNetwork.queue,mean_type1_number,,,2.2736440591332
Phase6_Deterministic-2-20261001-21:45:47-70,scalar,DectScheduledAccessNetwork.queue,mean_delay_direct_ms,,,13.941104713156
Phase6_Deterministic-2-20261001-21:45:47-70,scalar,DectScheduledAccessNetwork.queue,delay_p50_ms,,,10.3585307855
Phase6_Deterministic-2-20261001-21:45:47-70,scalar,DectScheduledAccessNetwork.queue,delay_p95_ms,,,37.1397503122
Phase6_Deterministic-2-20261001-21:45:47-70,scalar,DectScheduledAccessNetwork.queue,delay_p99_ms,,,56.65135263973
Phase6_Deterministic-2-20261001-21:45:47-70,scalar,DectScheduledAccessNetwork.queue,delay_p999_ms,,,83.442086507153
Phase6_Deterministic-2-20261001-21:45:47-70,scalar,DectScheduledAccessNetwork.queue,tail_sample_count,,,1000000
Phase6_Deterministic-2-20261001-21:45:47-70,scalar,DectScheduledAccessNetwork.queue,effective_throughput_departures_per_ms,,,0.16308923187238
Phase6_Deterministic-2-20261001-21:45:47-70,scalar,DectScheduledAccessNetwork.queue,effective_throughput_accepted_per_ms,,,0.16308923187238
Phase6_Deterministic-2-20261001-21:45:47-70,scalar,DectScheduledAccessNetwork.queue,mean_delay_little_ms,,,13.941104713231
Phase6_Deterministic-2-20261001-21:45:47-70,scalar,DectScheduledAccessNetwork.queue,little_vs_direct_relative_error,,,5.3588244952607e-12
Phase6_Deterministic-2-20261001-21:45:47-70,scalar,DectScheduledAccessNetwork.queue,type1_service_fraction,,,0.067953846666807
Phase6_Deterministic-2-20261001-21:45:47-70,scalar,DectScheduledAccessNetwork.queue,type2_service_fraction,,,0.93204615333246
Phase6_Deterministic-2-20261001-21:45:47-70,scalar,DectScheduledAccessNetwork.queue,full_type1_fraction,,,0
Phase6_Deterministic-2-20261001-21:45:47-70,scalar,DectScheduledAccessNetwork.queue,full_type2_fraction,,,0
Phase6_Deterministic-2-20261001-21:45:47-70,scalar,DectScheduledAccessNetwork.queue,nonfull_state_fraction,,,0.99999999999735
Phase6_Deterministic-2-20261001-21:45:47-70,scalar,DectScheduledAccessNetwork.queue,saturated_full_state_fraction,,,0
Phase6_Deterministic-2-20261001-21:45:47-70,scalar,DectScheduledAccessNetwork.queue,full_type1_phase_0_fraction,,,0
Phase6_Deterministic-2-20261001-21:45:47-70,scalar,DectScheduledAccessNetwork.queue,full_type1_phase_1_fraction,,,0
Phase6_Deterministic-3-20261001-21:45:47-70,scalar,DectScheduledAccessNetwork.queue,D,,,10
Phase6_Deterministic-3-20261001-21:45:47-70,scalar,DectScheduledAccessNetwork.queue,r,,,30
Phase6_Deterministic-3-20261001-21:45:47-70,scalar,DectScheduledAccessNetwork.queue,L_effective,,,2
Phase6_Deterministic-3-20261001-21:45:47-70,scalar,DectScheduledAccessNetwork.queue,rho,,,0.067796610169
Phase6_Deterministic-3-20261001-21:45:47-70,scalar,DectScheduledAccessNetwork.queue,lambda_per_ms,,,0.16271186427543
Phase6_Deterministic-3-20261001-21:45:47-70,scalar,DectScheduledAccessNetwork.queue,lambda_sat_per_ms,,,0.20338983049469
Phase6_Deterministic-3-20261001-21:45:47-70,scalar,DectScheduledAccessNetwork.queue,rho_sat,,,0.084745762773916
Phase6_Deterministic-3-20261001-21:45:47-70,scalar,DectScheduledAccessNetwork.queue,load_factor_rho_over_rho_sat,,,0.79999999940844
Phase6_Deterministic-3-20261001-21:45:47-70,scalar,DectScheduledAccessNetwork.queue,mean_type1_service_ms,,,0.416666667
Phase6_Deterministic-3-20261001-21:45:47-70,scalar,DectScheduledAccessNetwork.queue,type1_service_distribution_code,,,0
Phase6_Deterministic-3-20261001-21:45:47-70,scalar,DectScheduledAccessNetwork.queue,type1_service_scv,,,0
Phase6_Deterministic-3-20261001-21:45:47-70,scalar,DectScheduledAccessNetwork.queue,type2_service_ms,,,9
Phase6_Deterministic-3-20261001-21:45:47-70,scalar,DectScheduledAccessNetwork.queue,warmup_type1_completions,,,200000
Phase6_Deterministic-3-20261001-21:45:47-70,scalar,DectScheduledAccessNetwork.queue,measured_arrivals,,,1000002
Phase6_Deterministic-3-20261001-21:45:47-70,scalar,DectScheduledAccessNetwork.queue,measured_accepted_arrivals,,,1000002
Phase6_Deterministic-3-20261001-21:45:47-70,scalar,DectScheduledAccessNetwork.queue,measured_blocked_arrivals,,,0
Phase6_Deterministic-3-20261001-21:45:47-70,scalar,DectScheduledAccessNetwork.queue,measured_completed_packets,,,1000000
Phase6_Deterministic-3-20261001-21:45:47-70,scalar,DectScheduledAccessNetwork.queue,observation_time_s,,,6146.3195003333
Phase6_Deterministic-3-20261001-21:45:47-70,scalar,DectScheduledAccessNetwork.queue,blocking_probability,,,0
Phase6_Deterministic-3-20261001-21:45:47-70,scalar,DectScheduledAccessNetwork.queue,mean_type1_number,,,2.237886704046
Phase6_Deterministic-3-20261001-21:45:47-70,scalar,DectScheduledAccessNetwork.queue,mean_delay_direct_ms,,,13.754736164889
Phase6_Deterministic-3-20261001-21:45:47-70,scalar,DectScheduledAccessNetwork.queue,delay_p50_ms,,,10.274386933
Phase6_Deterministic-3-20261001-21:45:47-70,scalar,DectScheduledAccessNetwork.queue,delay_p95_ms,,,36.48831632755
Phase6_Deterministic-3-20261001-21:45:47-70,scalar,DectScheduledAccessNetwork.queue,delay_p99_ms,,,54.40463879038
Phase6_Deterministic-3-20261001-21:45:47-70,scalar,DectScheduledAccessNetwork.queue,delay_p999_ms,,,79.374795487484
Phase6_Deterministic-3-20261001-21:45:47-70,scalar,DectScheduledAccessNetwork.queue,tail_sample_count,,,1000000
Phase6_Deterministic-3-20261001-21:45:47-70,scalar,DectScheduledAccessNetwork.queue,effective_throughput_departures_per_ms,,,0.16269899408024
Phase6_Deterministic-3-20261001-21:45:47-70,scalar,DectScheduledAccessNetwork.queue,effective_throughput_accepted_per_ms,,,0.16269931947823
Phase6_Deterministic-3-20261001-21:45:47-70,scalar,DectScheduledAccessNetwork.queue,mean_delay_little_ms,,,13.754766688615
Phase6_Deterministic-3-20261001-21:45:47-70,scalar,DectScheduledAccessNetwork.queue,little_vs_direct_relative_error,,,2.2191429507323e-06
Phase6_Deterministic-3-20261001-21:45:47-70,scalar,DectScheduledAccessNetwork.queue,type1_service_fraction,,,0.067791383169115
Phase6_Deterministic-3-20261001-21:45:47-70,scalar,DectScheduledAccessNetwork.queue,type2_service_fraction,,,0.9322086168302
Phase6_Deterministic-3-20261001-21:45:47-70,scalar,DectScheduledAccessNetwork.queue,full_type1_fraction,,,0
Phase6_Deterministic-3-20261001-21:45:47-70,scalar,DectScheduledAccessNetwork.queue,full_type2_fraction,,,0
Phase6_Deterministic-3-20261001-21:45:47-70,scalar,DectScheduledAccessNetwork.queue,nonfull_state_fraction,,,0.99999999999731
Phase6_Deterministic-3-20261001-21:45:47-70,scalar,DectScheduledAccessNetwork.queue,saturated_full_state_fraction,,,0
Phase6_Deterministic-3-20261001-21:45:47-70,scalar,DectScheduledAccessNetwork.queue,full_type1_phase_0_fraction,,,0
Phase6_Deterministic-3-20261001-21:45:47-70,scalar,DectScheduledAccessNetwork.queue,full_type1_phase_1_fraction,,,0
Phase6_Deterministic-4-20261001-21:45:47-70,scalar,DectScheduledAccessNetwork.queue,D,,,10
Phase6_Deterministic-4-20261001-21:45:47-70,scalar,DectScheduledAccessNetwork.queue,r,,,30
Phase6_Deterministic-4-20261001-21:45:47-70,scalar,DectScheduledAccessNetwork.queue,L_effective,,,2
Phase6_Deterministic-4-20261001-21:45:47-70,scalar,DectScheduledAccessNetwork.queue,rho,,,0.067796610169
Phase6_Deterministic-4-20261001-21:45:47-70,scalar,DectScheduledAccessNetwork.queue,lambda_per_ms,,,0.16271186427543
Phase6_Deterministic-4-20261001-21:45:47-70,scalar,DectScheduledAccessNetwork.queue,lambda_sat_per_ms,,,0.20338983049469
Phase6_Deterministic-4-20261001-21:45:47-70,scalar,DectScheduledAccessNetwork.queue,rho_sat,,,0.084745762773916
Phase6_Deterministic-4-20261001-21:45:47-70,scalar,DectScheduledAccessNetwork.queue,load_factor_rho_over_rho_sat,,,0.79999999940844
Phase6_Deterministic-4-20261001-21:45:47-70,scalar,DectScheduledAccessNetwork.queue,mean_type1_service_ms,,,0.416666667
Phase6_Deterministic-4-20261001-21:45:47-70,scalar,DectScheduledAccessNetwork.queue,type1_service_distribution_code,,,0
Phase6_Deterministic-4-20261001-21:45:47-70,scalar,DectScheduledAccessNetwork.queue,type1_service_scv,,,0
Phase6_Deterministic-4-20261001-21:45:47-70,scalar,DectScheduledAccessNetwork.queue,type2_service_ms,,,9
Phase6_Deterministic-4-20261001-21:45:47-70,scalar,DectScheduledAccessNetwork.queue,warmup_type1_completions,,,200000
Phase6_Deterministic-4-20261001-21:45:47-70,scalar,DectScheduledAccessNetwork.queue,measured_arrivals,,,1000000
Phase6_Deterministic-4-20261001-21:45:47-70,scalar,DectScheduledAccessNetwork.queue,measured_accepted_arrivals,,,1000000
Phase6_Deterministic-4-20261001-21:45:47-70,scalar,DectScheduledAccessNetwork.queue,measured_blocked_arrivals,,,0
Phase6_Deterministic-4-20261001-21:45:47-70,scalar,DectScheduledAccessNetwork.queue,measured_completed_packets,,,1000000
Phase6_Deterministic-4-20261001-21:45:47-70,scalar,DectScheduledAccessNetwork.queue,observation_time_s,,,6151.4580836667
Phase6_Deterministic-4-20261001-21:45:47-70,scalar,DectScheduledAccessNetwork.queue,blocking_probability,,,0
Phase6_Deterministic-4-20261001-21:45:47-70,scalar,DectScheduledAccessNetwork.queue,mean_type1_number,,,2.2331072557375
Phase6_Deterministic-4-20261001-21:45:47-70,scalar,DectScheduledAccessNetwork.queue,mean_delay_direct_ms,,,13.736856263261
Phase6_Deterministic-4-20261001-21:45:47-70,scalar,DectScheduledAccessNetwork.queue,delay_p50_ms,,,10.250160785
Phase6_Deterministic-4-20261001-21:45:47-70,scalar,DectScheduledAccessNetwork.queue,delay_p95_ms,,,36.29299762415
Phase6_Deterministic-4-20261001-21:45:47-70,scalar,DectScheduledAccessNetwork.queue,delay_p99_ms,,,54.52726295051
Phase6_Deterministic-4-20261001-21:45:47-70,scalar,DectScheduledAccessNetwork.queue,delay_p999_ms,,,82.298208798492
Phase6_Deterministic-4-20261001-21:45:47-70,scalar,DectScheduledAccessNetwork.queue,tail_sample_count,,,1000000
Phase6_Deterministic-4-20261001-21:45:47-70,scalar,DectScheduledAccessNetwork.queue,effective_throughput_departures_per_ms,,,0.16256308445882
Phase6_Deterministic-4-20261001-21:45:47-70,scalar,DectScheduledAccessNetwork.queue,effective_throughput_accepted_per_ms,,,0.16256308445882
Phase6_Deterministic-4-20261001-21:45:47-70,scalar,DectScheduledAccessNetwork.queue,mean_delay_little_ms,,,13.736865680001
Phase6_Deterministic-4-20261001-21:45:47-70,scalar,DectScheduledAccessNetwork.queue,little_vs_direct_relative_error,,,6.8550911946907e-07
Phase6_Deterministic-4-20261001-21:45:47-70,scalar,DectScheduledAccessNetwork.queue,type1_service_fraction,,,0.067734686312268
Phase6_Deterministic-4-20261001-21:45:47-70,scalar,DectScheduledAccessNetwork.queue,type2_service_fraction,,,0.93226531368699
Phase6_Deterministic-4-20261001-21:45:47-70,scalar,DectScheduledAccessNetwork.queue,full_type1_fraction,,,0
Phase6_Deterministic-4-20261001-21:45:47-70,scalar,DectScheduledAccessNetwork.queue,full_type2_fraction,,,0
Phase6_Deterministic-4-20261001-21:45:47-70,scalar,DectScheduledAccessNetwork.queue,nonfull_state_fraction,,,0.99999999999724
Phase6_Deterministic-4-20261001-21:45:47-70,scalar,DectScheduledAccessNetwork.queue,saturated_full_state_fraction,,,0
Phase6_Deterministic-4-20261001-21:45:47-70,scalar,DectScheduledAccessNetwork.queue,full_type1_phase_0_fraction,,,0
Phase6_Deterministic-4-20261001-21:45:47-70,scalar,DectScheduledAccessNetwork.queue,full_type1_phase_1_fraction,,,0
Phase6_Deterministic-5-20261001-21:45:48-70,scalar,DectScheduledAccessNetwork.queue,D,,,10
Phase6_Deterministic-5-20261001-21:45:48-70,scalar,DectScheduledAccessNetwork.queue,r,,,30
Phase6_Deterministic-5-20261001-21:45:48-70,scalar,DectScheduledAccessNetwork.queue,L_effective,,,2
Phase6_Deterministic-5-20261001-21:45:48-70,scalar,DectScheduledAccessNetwork.queue,rho,,,0.067796610169
Phase6_Deterministic-5-20261001-21:45:48-70,scalar,DectScheduledAccessNetwork.queue,lambda_per_ms,,,0.16271186427543
Phase6_Deterministic-5-20261001-21:45:48-70,scalar,DectScheduledAccessNetwork.queue,lambda_sat_per_ms,,,0.20338983049469
Phase6_Deterministic-5-20261001-21:45:48-70,scalar,DectScheduledAccessNetwork.queue,rho_sat,,,0.084745762773916
Phase6_Deterministic-5-20261001-21:45:48-70,scalar,DectScheduledAccessNetwork.queue,load_factor_rho_over_rho_sat,,,0.79999999940844
Phase6_Deterministic-5-20261001-21:45:48-70,scalar,DectScheduledAccessNetwork.queue,mean_type1_service_ms,,,0.416666667
Phase6_Deterministic-5-20261001-21:45:48-70,scalar,DectScheduledAccessNetwork.queue,type1_service_distribution_code,,,0
Phase6_Deterministic-5-20261001-21:45:48-70,scalar,DectScheduledAccessNetwork.queue,type1_service_scv,,,0
Phase6_Deterministic-5-20261001-21:45:48-70,scalar,DectScheduledAccessNetwork.queue,type2_service_ms,,,9
Phase6_Deterministic-5-20261001-21:45:48-70,scalar,DectScheduledAccessNetwork.queue,warmup_type1_completions,,,200000
Phase6_Deterministic-5-20261001-21:45:48-70,scalar,DectScheduledAccessNetwork.queue,measured_arrivals,,,1000005
Phase6_Deterministic-5-20261001-21:45:48-70,scalar,DectScheduledAccessNetwork.queue,measured_accepted_arrivals,,,1000005
Phase6_Deterministic-5-20261001-21:45:48-70,scalar,DectScheduledAccessNetwork.queue,measured_blocked_arrivals,,,0
Phase6_Deterministic-5-20261001-21:45:48-70,scalar,DectScheduledAccessNetwork.queue,measured_completed_packets,,,1000000
Phase6_Deterministic-5-20261001-21:45:48-70,scalar,DectScheduledAccessNetwork.queue,observation_time_s,,,6150.027917
Phase6_Deterministic-5-20261001-21:45:48-70,scalar,DectScheduledAccessNetwork.queue,blocking_probability,,,0
Phase6_Deterministic-5-20261001-21:45:48-70,scalar,DectScheduledAccessNetwork.queue,mean_type1_number,,,2.2394738274592
Phase6_Deterministic-5-20261001-21:45:48-70,scalar,DectScheduledAccessNetwork.queue,mean_delay_direct_ms,,,13.772765162968
Phase6_Deterministic-5-20261001-21:45:48-70,scalar,DectScheduledAccessNetwork.queue,delay_p50_ms,,,10.2438082315
Phase6_Deterministic-5-20261001-21:45:48-70,scalar,DectScheduledAccessNetwork.queue,delay_p95_ms,,,36.56972457485
Phase6_Deterministic-5-20261001-21:45:48-70,scalar,DectScheduledAccessNetwork.queue,delay_p99_ms,,,54.90817126911
Phase6_Deterministic-5-20261001-21:45:48-70,scalar,DectScheduledAccessNetwork.queue,delay_p999_ms,,,82.190329174717
Phase6_Deterministic-5-20261001-21:45:48-70,scalar,DectScheduledAccessNetwork.queue,tail_sample_count,,,1000000
Phase6_Deterministic-5-20261001-21:45:48-70,scalar,DectScheduledAccessNetwork.queue,effective_throughput_departures_per_ms,,,0.16260088791399
Phase6_Deterministic-5-20261001-21:45:48-70,scalar,DectScheduledAccessNetwork.queue,effective_throughput_accepted_per_ms,,,0.16260170091843
Phase6_Deterministic-5-20261001-21:45:48-70,scalar,DectScheduledAccessNetwork.queue,mean_delay_little_ms,,,13.772826558265
Phase6_Deterministic-5-20261001-21:45:48-70,scalar,DectScheduledAccessNetwork.queue,little_vs_direct_relative_error,,,4.4577320481576e-06
Phase6_Deterministic-5-20261001-21:45:48-70,scalar,DectScheduledAccessNetwork.queue,type1_service_fraction,,,0.067750573268423
Phase6_Deterministic-5-20261001-21:45:48-70,scalar,DectScheduledAccessNetwork.queue,type2_service_fraction,,,0.9322494267308
Phase6_Deterministic-5-20261001-21:45:48-70,scalar,DectScheduledAccessNetwork.queue,full_type1_fraction,,,0
Phase6_Deterministic-5-20261001-21:45:48-70,scalar,DectScheduledAccessNetwork.queue,full_type2_fraction,,,0
Phase6_Deterministic-5-20261001-21:45:48-70,scalar,DectScheduledAccessNetwork.queue,nonfull_state_fraction,,,0.99999999999718
Phase6_Deterministic-5-20261001-21:45:48-70,scalar,DectScheduledAccessNetwork.queue,saturated_full_state_fraction,,,0
Phase6_Deterministic-5-20261001-21:45:48-70,scalar,DectScheduledAccessNetwork.queue,full_type1_phase_0_fraction,,,0
Phase6_Deterministic-5-20261001-21:45:48-70,scalar,DectScheduledAccessNetwork.queue,full_type1_phase_1_fraction,,,0
Phase6_Deterministic-6-20261001-21:45:48-70,scalar,DectScheduledAccessNetwork.queue,D,,,10
Phase6_Deterministic-6-20261001-21:45:48-70,scalar,DectScheduledAccessNetwork.queue,r,,,30
Phase6_Deterministic-6-20261001-21:45:48-70,scalar,DectScheduledAccessNetwork.queue,L_effective,,,2
Phase6_Deterministic-6-20261001-21:45:48-70,scalar,DectScheduledAccessNetwork.queue,rho,,,0.067796610169
Phase6_Deterministic-6-20261001-21:45:48-70,scalar,DectScheduledAccessNetwork.queue,lambda_per_ms,,,0.16271186427543
Phase6_Deterministic-6-20261001-21:45:48-70,scalar,DectScheduledAccessNetwork.queue,lambda_sat_per_ms,,,0.20338983049469
Phase6_Deterministic-6-20261001-21:45:48-70,scalar,DectScheduledAccessNetwork.queue,rho_sat,,,0.084745762773916
Phase6_Deterministic-6-20261001-21:45:48-70,scalar,DectScheduledAccessNetwork.queue,load_factor_rho_over_rho_sat,,,0.79999999940844
Phase6_Deterministic-6-20261001-21:45:48-70,scalar,DectScheduledAccessNetwork.queue,mean_type1_service_ms,,,0.416666667
Phase6_Deterministic-6-20261001-21:45:48-70,scalar,DectScheduledAccessNetwork.queue,type1_service_distribution_code,,,0
Phase6_Deterministic-6-20261001-21:45:48-70,scalar,DectScheduledAccessNetwork.queue,type1_service_scv,,,0
Phase6_Deterministic-6-20261001-21:45:48-70,scalar,DectScheduledAccessNetwork.queue,type2_service_ms,,,9
Phase6_Deterministic-6-20261001-21:45:48-70,scalar,DectScheduledAccessNetwork.queue,warmup_type1_completions,,,200000
Phase6_Deterministic-6-20261001-21:45:48-70,scalar,DectScheduledAccessNetwork.queue,measured_arrivals,,,1000004
Phase6_Deterministic-6-20261001-21:45:48-70,scalar,DectScheduledAccessNetwork.queue,measured_accepted_arrivals,,,1000004
Phase6_Deterministic-6-20261001-21:45:48-70,scalar,DectScheduledAccessNetwork.queue,measured_blocked_arrivals,,,0
Phase6_Deterministic-6-20261001-21:45:48-70,scalar,DectScheduledAccessNetwork.queue,measured_completed_packets,,,1000000
Phase6_Deterministic-6-20261001-21:45:48-70,scalar,DectScheduledAccessNetwork.queue,observation_time_s,,,6146.6345003333
Phase6_Deterministic-6-20261001-21:45:48-70,scalar,DectScheduledAccessNetwork.queue,blocking_probability,,,0
Phase6_Deterministic-6-20261001-21:45:48-70,scalar,DectScheduledAccessNetwork.queue,mean_type1_number,,,2.2456235342105
Phase6_Deterministic-6-20261001-21:45:48-70,scalar,DectScheduledAccessNetwork.queue,mean_delay_direct_ms,,,13.802970677678
Phase6_Deterministic-6-20261001-21:45:48-70,scalar,DectScheduledAccessNetwork.queue,delay_p50_ms,,,10.2496540645
Phase6_Deterministic-6-20261001-21:45:48-70,scalar,DectScheduledAccessNetwork.queue,delay_p95_ms,,,36.743719781
Phase6_Deterministic-6-20261001-21:45:48-70,scalar,DectScheduledAccessNetwork.queue,delay_p99_ms,,,55.13178966828
Phase6_Deterministic-6-20261001-21:45:48-70,scalar,DectScheduledAccessNetwork.queue,delay_p999_ms,,,83.03072701209
Phase6_Deterministic-6-20261001-21:45:48-70,scalar,DectScheduledAccessNetwork.queue,tail_sample_count,,,1000000
Phase6_Deterministic-6-20261001-21:45:48-70,scalar,DectScheduledAccessNetwork.queue,effective_throughput_departures_per_ms,,,0.16269065615432
Phase6_Deterministic-6-20261001-21:45:48-70,scalar,DectScheduledAccessNetwork.queue,effective_throughput_accepted_per_ms,,,0.16269130691694
Phase6_Deterministic-6-20261001-21:45:48-70,scalar,DectScheduledAccessNetwork.queue,mean_delay_little_ms,,,13.803027090139
Phase6_Deterministic-6-20261001-21:45:48-70,scalar,DectScheduledAccessNetwork.queue,little_vs_direct_relative_error,,,4.0869796942289e-06
Phase6_Deterministic-6-20261001-21:45:48-70,scalar,DectScheduledAccessNetwork.queue,type1_service_fraction,,,0.067787909026362
Phase6_Deterministic-6-20261001-21:45:48-70,scalar,DectScheduledAccessNetwork.queue,type2_service_fraction,,,0.93221209097291
Phase6_Deterministic-6-20261001-21:45:48-70,scalar,DectScheduledAccessNetwork.queue,full_type1_fraction,,,0
Phase6_Deterministic-6-20261001-21:45:48-70,scalar,DectScheduledAccessNetwork.queue,full_type2_fraction,,,1.145332930178e-06
Phase6_Deterministic-6-20261001-21:45:48-70,scalar,DectScheduledAccessNetwork.queue,nonfull_state_fraction,,,0.99999885466429
Phase6_Deterministic-6-20261001-21:45:48-70,scalar,DectScheduledAccessNetwork.queue,saturated_full_state_fraction,,,1.145332930178e-06
Phase6_Deterministic-6-20261001-21:45:48-70,scalar,DectScheduledAccessNetwork.queue,full_type1_phase_0_fraction,,,0
Phase6_Deterministic-6-20261001-21:45:48-70,scalar,DectScheduledAccessNetwork.queue,full_type1_phase_1_fraction,,,0
Phase6_Deterministic-7-20261001-21:45:48-70,scalar,DectScheduledAccessNetwork.queue,D,,,10
Phase6_Deterministic-7-20261001-21:45:48-70,scalar,DectScheduledAccessNetwork.queue,r,,,30
Phase6_Deterministic-7-20261001-21:45:48-70,scalar,DectScheduledAccessNetwork.queue,L_effective,,,2
Phase6_Deterministic-7-20261001-21:45:48-70,scalar,DectScheduledAccessNetwork.queue,rho,,,0.067796610169
Phase6_Deterministic-7-20261001-21:45:48-70,scalar,DectScheduledAccessNetwork.queue,lambda_per_ms,,,0.16271186427543
Phase6_Deterministic-7-20261001-21:45:48-70,scalar,DectScheduledAccessNetwork.queue,lambda_sat_per_ms,,,0.20338983049469
Phase6_Deterministic-7-20261001-21:45:48-70,scalar,DectScheduledAccessNetwork.queue,rho_sat,,,0.084745762773916
Phase6_Deterministic-7-20261001-21:45:48-70,scalar,DectScheduledAccessNetwork.queue,load_factor_rho_over_rho_sat,,,0.79999999940844
Phase6_Deterministic-7-20261001-21:45:48-70,scalar,DectScheduledAccessNetwork.queue,mean_type1_service_ms,,,0.416666667
Phase6_Deterministic-7-20261001-21:45:48-70,scalar,DectScheduledAccessNetwork.queue,type1_service_distribution_code,,,0
Phase6_Deterministic-7-20261001-21:45:48-70,scalar,DectScheduledAccessNetwork.queue,type1_service_scv,,,0
Phase6_Deterministic-7-20261001-21:45:48-70,scalar,DectScheduledAccessNetwork.queue,type2_service_ms,,,9
Phase6_Deterministic-7-20261001-21:45:48-70,scalar,DectScheduledAccessNetwork.queue,warmup_type1_completions,,,200000
Phase6_Deterministic-7-20261001-21:45:48-70,scalar,DectScheduledAccessNetwork.queue,measured_arrivals,,,1000008
Phase6_Deterministic-7-20261001-21:45:48-70,scalar,DectScheduledAccessNetwork.queue,measured_accepted_arrivals,,,1000008
Phase6_Deterministic-7-20261001-21:45:48-70,scalar,DectScheduledAccessNetwork.queue,measured_blocked_arrivals,,,0
Phase6_Deterministic-7-20261001-21:45:48-70,scalar,DectScheduledAccessNetwork.queue,measured_completed_packets,,,1000000
Phase6_Deterministic-7-20261001-21:45:48-70,scalar,DectScheduledAccessNetwork.queue,observation_time_s,,,6145.724667
Phase6_Deterministic-7-20261001-21:45:48-70,scalar,DectScheduledAccessNetwork.queue,blocking_probability,,,0
Phase6_Deterministic-7-20261001-21:45:48-70,scalar,DectScheduledAccessNetwork.queue,mean_type1_number,,,2.2317907385194
Phase6_Deterministic-7-20261001-21:45:48-70,scalar,DectScheduledAccessNetwork.queue,mean_delay_direct_ms,,,13.715775962299
Phase6_Deterministic-7-20261001-21:45:48-70,scalar,DectScheduledAccessNetwork.queue,delay_p50_ms,,,10.2294344475
Phase6_Deterministic-7-20261001-21:45:48-70,scalar,DectScheduledAccessNetwork.queue,delay_p95_ms,,,36.36511509685
Phase6_Deterministic-7-20261001-21:45:48-70,scalar,DectScheduledAccessNetwork.queue,delay_p99_ms,,,54.36874060546
Phase6_Deterministic-7-20261001-21:45:48-70,scalar,DectScheduledAccessNetwork.queue,delay_p999_ms,,,77.430252117526
Phase6_Deterministic-7-20261001-21:45:48-70,scalar,DectScheduledAccessNetwork.queue,tail_sample_count,,,1000000
Phase6_Deterministic-7-20261001-21:45:48-70,scalar,DectScheduledAccessNetwork.queue,effective_throughput_departures_per_ms,,,0.16271474141521
Phase6_Deterministic-7-20261001-21:45:48-70,scalar,DectScheduledAccessNetwork.queue,effective_throughput_accepted_per_ms,,,0.16271604313314
Phase6_Deterministic-7-20261001-21:45:48-70,scalar,DectScheduledAccessNetwork.queue,mean_delay_little_ms,,,13.715971393301
Phase6_Deterministic-7-20261001-21:45:48-70,scalar,DectScheduledAccessNetwork.queue,little_vs_direct_relative_error,,,1.4248628919411e-05
Phase6_Deterministic-7-20261001-21:45:48-70,scalar,DectScheduledAccessNetwork.queue,type1_service_fraction,,,0.067797808976195
Phase6_Deterministic-7-20261001-21:45:48-70,scalar,DectScheduledAccessNetwork.queue,type2_service_fraction,,,0.93220219102314
Phase6_Deterministic-7-20261001-21:45:48-70,scalar,DectScheduledAccessNetwork.queue,full_type1_fraction,,,0
Phase6_Deterministic-7-20261001-21:45:48-70,scalar,DectScheduledAccessNetwork.queue,full_type2_fraction,,,6.4154962297142e-07
Phase6_Deterministic-7-20261001-21:45:48-70,scalar,DectScheduledAccessNetwork.queue,nonfull_state_fraction,,,0.99999935844761
Phase6_Deterministic-7-20261001-21:45:48-70,scalar,DectScheduledAccessNetwork.queue,saturated_full_state_fraction,,,6.4154962297142e-07
Phase6_Deterministic-7-20261001-21:45:48-70,scalar,DectScheduledAccessNetwork.queue,full_type1_phase_0_fraction,,,0
Phase6_Deterministic-7-20261001-21:45:48-70,scalar,DectScheduledAccessNetwork.queue,full_type1_phase_1_fraction,,,0
Phase6_Deterministic-8-20261001-21:45:48-70,scalar,DectScheduledAccessNetwork.queue,D,,,10
Phase6_Deterministic-8-20261001-21:45:48-70,scalar,DectScheduledAccessNetwork.queue,r,,,30
Phase6_Deterministic-8-20261001-21:45:48-70,scalar,DectScheduledAccessNetwork.queue,L_effective,,,2
Phase6_Deterministic-8-20261001-21:45:48-70,scalar,DectScheduledAccessNetwork.queue,rho,,,0.067796610169
Phase6_Deterministic-8-20261001-21:45:48-70,scalar,DectScheduledAccessNetwork.queue,lambda_per_ms,,,0.16271186427543
Phase6_Deterministic-8-20261001-21:45:48-70,scalar,DectScheduledAccessNetwork.queue,lambda_sat_per_ms,,,0.20338983049469
Phase6_Deterministic-8-20261001-21:45:48-70,scalar,DectScheduledAccessNetwork.queue,rho_sat,,,0.084745762773916
Phase6_Deterministic-8-20261001-21:45:48-70,scalar,DectScheduledAccessNetwork.queue,load_factor_rho_over_rho_sat,,,0.79999999940844
Phase6_Deterministic-8-20261001-21:45:48-70,scalar,DectScheduledAccessNetwork.queue,mean_type1_service_ms,,,0.416666667
Phase6_Deterministic-8-20261001-21:45:48-70,scalar,DectScheduledAccessNetwork.queue,type1_service_distribution_code,,,0
Phase6_Deterministic-8-20261001-21:45:48-70,scalar,DectScheduledAccessNetwork.queue,type1_service_scv,,,0
Phase6_Deterministic-8-20261001-21:45:48-70,scalar,DectScheduledAccessNetwork.queue,type2_service_ms,,,9
Phase6_Deterministic-8-20261001-21:45:48-70,scalar,DectScheduledAccessNetwork.queue,warmup_type1_completions,,,200000
Phase6_Deterministic-8-20261001-21:45:48-70,scalar,DectScheduledAccessNetwork.queue,measured_arrivals,,,1000002
Phase6_Deterministic-8-20261001-21:45:48-70,scalar,DectScheduledAccessNetwork.queue,measured_accepted_arrivals,,,1000002
Phase6_Deterministic-8-20261001-21:45:48-70,scalar,DectScheduledAccessNetwork.queue,measured_blocked_arrivals,,,0
Phase6_Deterministic-8-20261001-21:45:48-70,scalar,DectScheduledAccessNetwork.queue,measured_completed_packets,,,1000000
Phase6_Deterministic-8-20261001-21:45:48-70,scalar,DectScheduledAccessNetwork.queue,observation_time_s,,,6144.9785003333
Phase6_Deterministic-8-20261001-21:45:48-70,scalar,DectScheduledAccessNetwork.queue,blocking_probability,,,0
Phase6_Deterministic-8-20261001-21:45:48-70,scalar,DectScheduledAccessNetwork.queue,mean_type1_number,,,2.2486173040916
Phase6_Deterministic-8-20261001-21:45:48-70,scalar,DectScheduledAccessNetwork.queue,mean_delay_direct_ms,,,13.817680588226
Phase6_Deterministic-8-20261001-21:45:48-70,scalar,DectScheduledAccessNetwork.queue,delay_p50_ms,,,10.307831565
Phase6_Deterministic-8-20261001-21:45:48-70,scalar,DectScheduledAccessNetwork.queue,delay_p95_ms,,,36.7463515011
Phase6_Deterministic-8-20261001-21:45:48-70,scalar,DectScheduledAccessNetwork.queue,delay_p99_ms,,,55.05233984669
Phase6_Deterministic-8-20261001-21:45:48-70,scalar,DectScheduledAccessNetwork.queue,delay_p999_ms,,,78.975865614889
Phase6_Deterministic-8-20261001-21:45:48-70,scalar,DectScheduledAccessNetwork.queue,tail_sample_count,,,1000000
Phase6_Deterministic-8-20261001-21:45:48-70,scalar,DectScheduledAccessNetwork.queue,effective_throughput_departures_per_ms,,,0.16273449938771
Phase6_Deterministic-8-20261001-21:45:48-70,scalar,DectScheduledAccessNetwork.queue,effective_throughput_accepted_per_ms,,,0.16273482485671
Phase6_Deterministic-8-20261001-21:45:48-70,scalar,DectScheduledAccessNetwork.queue,mean_delay_little_ms,,,13.81770498912
Phase6_Deterministic-8-20261001-21:45:48-70,scalar,DectScheduledAccessNetwork.queue,little_vs_direct_relative_error,,,1.7659182822705e-06
Phase6_Deterministic-8-20261001-21:45:48-70,scalar,DectScheduledAccessNetwork.queue,type1_service_fraction,,,0.067806177076826
Phase6_Deterministic-8-20261001-21:45:48-70,scalar,DectScheduledAccessNetwork.queue,type2_service_fraction,,,0.93219382292247
Phase6_Deterministic-8-20261001-21:45:48-70,scalar,DectScheduledAccessNetwork.queue,full_type1_fraction,,,0
Phase6_Deterministic-8-20261001-21:45:48-70,scalar,DectScheduledAccessNetwork.queue,full_type2_fraction,,,0
Phase6_Deterministic-8-20261001-21:45:48-70,scalar,DectScheduledAccessNetwork.queue,nonfull_state_fraction,,,0.99999999999731
Phase6_Deterministic-8-20261001-21:45:48-70,scalar,DectScheduledAccessNetwork.queue,saturated_full_state_fraction,,,0
Phase6_Deterministic-8-20261001-21:45:48-70,scalar,DectScheduledAccessNetwork.queue,full_type1_phase_0_fraction,,,0
Phase6_Deterministic-8-20261001-21:45:48-70,scalar,DectScheduledAccessNetwork.queue,full_type1_phase_1_fraction,,,0
Phase6_Deterministic-9-20261001-21:45:49-70,scalar,DectScheduledAccessNetwork.queue,D,,,10
Phase6_Deterministic-9-20261001-21:45:49-70,scalar,DectScheduledAccessNetwork.queue,r,,,30
Phase6_Deterministic-9-20261001-21:45:49-70,scalar,DectScheduledAccessNetwork.queue,L_effective,,,2
Phase6_Deterministic-9-20261001-21:45:49-70,scalar,DectScheduledAccessNetwork.queue,rho,,,0.067796610169
Phase6_Deterministic-9-20261001-21:45:49-70,scalar,DectScheduledAccessNetwork.queue,lambda_per_ms,,,0.16271186427543
Phase6_Deterministic-9-20261001-21:45:49-70,scalar,DectScheduledAccessNetwork.queue,lambda_sat_per_ms,,,0.20338983049469
Phase6_Deterministic-9-20261001-21:45:49-70,scalar,DectScheduledAccessNetwork.queue,rho_sat,,,0.084745762773916
Phase6_Deterministic-9-20261001-21:45:49-70,scalar,DectScheduledAccessNetwork.queue,load_factor_rho_over_rho_sat,,,0.79999999940844
Phase6_Deterministic-9-20261001-21:45:49-70,scalar,DectScheduledAccessNetwork.queue,mean_type1_service_ms,,,0.416666667
Phase6_Deterministic-9-20261001-21:45:49-70,scalar,DectScheduledAccessNetwork.queue,type1_service_distribution_code,,,0
Phase6_Deterministic-9-20261001-21:45:49-70,scalar,DectScheduledAccessNetwork.queue,type1_service_scv,,,0
Phase6_Deterministic-9-20261001-21:45:49-70,scalar,DectScheduledAccessNetwork.queue,type2_service_ms,,,9
Phase6_Deterministic-9-20261001-21:45:49-70,scalar,DectScheduledAccessNetwork.queue,warmup_type1_completions,,,200000
Phase6_Deterministic-9-20261001-21:45:49-70,scalar,DectScheduledAccessNetwork.queue,measured_arrivals,,,1000001
Phase6_Deterministic-9-20261001-21:45:49-70,scalar,DectScheduledAccessNetwork.queue,measured_accepted_arrivals,,,1000001
Phase6_Deterministic-9-20261001-21:45:49-70,scalar,DectScheduledAccessNetwork.queue,measured_blocked_arrivals,,,0
Phase6_Deterministic-9-20261001-21:45:49-70,scalar,DectScheduledAccessNetwork.queue,measured_completed_packets,,,1000000
Phase6_Deterministic-9-20261001-21:45:49-70,scalar,DectScheduledAccessNetwork.queue,observation_time_s,,,6148.091667
Phase6_Deterministic-9-20261001-21:45:49-70,scalar,DectScheduledAccessNetwork.queue,blocking_probability,,,0
Phase6_Deterministic-9-20261001-21:45:49-70,scalar,DectScheduledAccessNetwork.queue,mean_type1_number,,,2.2495305930221
Phase6_Deterministic-9-20261001-21:45:49-70,scalar,DectScheduledAccessNetwork.queue,mean_delay_direct_ms,,,13.830319019628
Phase6_Deterministic-9-20261001-21:45:49-70,scalar,DectScheduledAccessNetwork.queue,delay_p50_ms,,,10.2655697155
Phase6_Deterministic-9-20261001-21:45:49-70,scalar,DectScheduledAccessNetwork.queue,delay_p95_ms,,,36.8624928772
Phase6_Deterministic-9-20261001-21:45:49-70,scalar,DectScheduledAccessNetwork.queue,delay_p99_ms,,,55.69975348535
Phase6_Deterministic-9-20261001-21:45:49-70,scalar,DectScheduledAccessNetwork.queue,delay_p999_ms,,,83.118289891764
Phase6_Deterministic-9-20261001-21:45:49-70,scalar,DectScheduledAccessNetwork.queue,tail_sample_count,,,1000000
Phase6_Deterministic-9-20261001-21:45:49-70,scalar,DectScheduledAccessNetwork.queue,effective_throughput_departures_per_ms,,,0.16265209664448
Phase6_Deterministic-9-20261001-21:45:49-70,scalar,DectScheduledAccessNetwork.queue,effective_throughput_accepted_per_ms,,,0.16265225929658
Phase6_Deterministic-9-20261001-21:45:49-70,scalar,DectScheduledAccessNetwork.queue,mean_delay_little_ms,,,13.830320293621
Phase6_Deterministic-9-20261001-21:45:49-70,scalar,DectScheduledAccessNetwork.queue,little_vs_direct_relative_error,,,9.2115932437409e-08
Phase6_Deterministic-9-20261001-21:45:49-70,scalar,DectScheduledAccessNetwork.queue,type1_service_fraction,,,0.067771706988369
Phase6_Deterministic-9-20261001-21:45:49-70,scalar,DectScheduledAccessNetwork.queue,type2_service_fraction,,,0.93222829301088
Phase6_Deterministic-9-20261001-21:45:49-70,scalar,DectScheduledAccessNetwork.queue,full_type1_fraction,,,0
Phase6_Deterministic-9-20261001-21:45:49-70,scalar,DectScheduledAccessNetwork.queue,full_type2_fraction,,,0
Phase6_Deterministic-9-20261001-21:45:49-70,scalar,DectScheduledAccessNetwork.queue,nonfull_state_fraction,,,0.99999999999722
Phase6_Deterministic-9-20261001-21:45:49-70,scalar,DectScheduledAccessNetwork.queue,saturated_full_state_fraction,,,0
Phase6_Deterministic-9-20261001-21:45:49-70,scalar,DectScheduledAccessNetwork.queue,full_type1_phase_0_fraction,,,0
Phase6_Deterministic-9-20261001-21:45:49-70,scalar,DectScheduledAccessNetwork.queue,full_type1_phase_1_fraction,,,0
Phase6_Deterministic-10-20261001-21:45:49-70,scalar,DectScheduledAccessNetwork.queue,D,,,10
Phase6_Deterministic-10-20261001-21:45:49-70,scalar,DectScheduledAccessNetwork.queue,r,,,30
Phase6_Deterministic-10-20261001-21:45:49-70,scalar,DectScheduledAccessNetwork.queue,L_effective,,,2
Phase6_Deterministic-10-20261001-21:45:49-70,scalar,DectScheduledAccessNetwork.queue,rho,,,0.084745762712
Phase6_Deterministic-10-20261001-21:45:49-70,scalar,DectScheduledAccessNetwork.queue,lambda_per_ms,,,0.20338983034609
Phase6_Deterministic-10-20261001-21:45:49-70,scalar,DectScheduledAccessNetwork.queue,lambda_sat_per_ms,,,0.20338983049469
Phase6_Deterministic-10-20261001-21:45:49-70,scalar,DectScheduledAccessNetwork.queue,rho_sat,,,0.084745762773916
Phase6_Deterministic-10-20261001-21:45:49-70,scalar,DectScheduledAccessNetwork.queue,load_factor_rho_over_rho_sat,,,0.9999999992694
Phase6_Deterministic-10-20261001-21:45:49-70,scalar,DectScheduledAccessNetwork.queue,mean_type1_service_ms,,,0.416666667
Phase6_Deterministic-10-20261001-21:45:49-70,scalar,DectScheduledAccessNetwork.queue,type1_service_distribution_code,,,0
Phase6_Deterministic-10-20261001-21:45:49-70,scalar,DectScheduledAccessNetwork.queue,type1_service_scv,,,0
Phase6_Deterministic-10-20261001-21:45:49-70,scalar,DectScheduledAccessNetwork.queue,type2_service_ms,,,9
Phase6_Deterministic-10-20261001-21:45:49-70,scalar,DectScheduledAccessNetwork.queue,warmup_type1_completions,,,200000
Phase6_Deterministic-10-20261001-21:45:49-70,scalar,DectScheduledAccessNetwork.queue,measured_arrivals,,,1016760
Phase6_Deterministic-10-20261001-21:45:49-70,scalar,DectScheduledAccessNetwork.queue,measured_accepted_arrivals,,,1000012
Phase6_Deterministic-10-20261001-21:45:49-70,scalar,DectScheduledAccessNetwork.queue,measured_blocked_arrivals,,,16748
Phase6_Deterministic-10-20261001-21:45:49-70,scalar,DectScheduledAccessNetwork.queue,measured_completed_packets,,,1000000
Phase6_Deterministic-10-20261001-21:45:49-70,scalar,DectScheduledAccessNetwork.queue,observation_time_s,,,5003.8153336667
Phase6_Deterministic-10-20261001-21:45:49-70,scalar,DectScheduledAccessNetwork.queue,blocking_probability,,,0.01647193044573
Phase6_Deterministic-10-20261001-21:45:49-70,scalar,DectScheduledAccessNetwork.queue,mean_type1_number,,,14.637058794833
Phase6_Deterministic-10-20261001-21:45:49-70,scalar,DectScheduledAccessNetwork.queue,mean_delay_direct_ms,,,73.240734353091
Phase6_Deterministic-10-20261001-21:45:49-70,scalar,DectScheduledAccessNetwork.queue,delay_p50_ms,,,72.282351908
Phase6_Deterministic-10-20261001-21:45:49-70,scalar,DectScheduledAccessNetwork.queue,delay_p95_ms,,,139.59973118995
Phase6_Deterministic-10-20261001-21:45:49-70,scalar,DectScheduledAccessNetwork.queue,delay_p99_ms,,,146.03428476619
Phase6_Deterministic-10-20261001-21:45:49-70,scalar,DectScheduledAccessNetwork.queue,delay_p999_ms,,,147.72039479866
Phase6_Deterministic-10-20261001-21:45:49-70,scalar,DectScheduledAccessNetwork.queue,tail_sample_count,,,1000000
Phase6_Deterministic-10-20261001-21:45:49-70,scalar,DectScheduledAccessNetwork.queue,effective_throughput_departures_per_ms,,,0.19984750301871
Phase6_Deterministic-10-20261001-21:45:49-70,scalar,DectScheduledAccessNetwork.queue,effective_throughput_accepted_per_ms,,,0.19984990118874
Phase6_Deterministic-10-20261001-21:45:49-70,scalar,DectScheduledAccessNetwork.queue,mean_delay_little_ms,,,73.241139237367
Phase6_Deterministic-10-20261001-21:45:49-70,scalar,DectScheduledAccessNetwork.queue,little_vs_direct_relative_error,,,5.5281296600374e-06
Phase6_Deterministic-10-20261001-21:45:49-70,scalar,DectScheduledAccessNetwork.queue,type1_service_fraction,,,0.083270126068982
Phase6_Deterministic-10-20261001-21:45:49-70,scalar,DectScheduledAccessNetwork.queue,type2_service_fraction,,,0.91672987392997
Phase6_Deterministic-10-20261001-21:45:49-70,scalar,DectScheduledAccessNetwork.queue,full_type1_fraction,,,8.810188218516e-05
Phase6_Deterministic-10-20261001-21:45:49-70,scalar,DectScheduledAccessNetwork.queue,full_type2_fraction,,,0.016651484499218
Phase6_Deterministic-10-20261001-21:45:49-70,scalar,DectScheduledAccessNetwork.queue,nonfull_state_fraction,,,0.98326041362555
Phase6_Deterministic-10-20261001-21:45:49-70,scalar,DectScheduledAccessNetwork.queue,saturated_full_state_fraction,,,0.016739586381403
Phase6_Deterministic-10-20261001-21:45:49-70,scalar,DectScheduledAccessNetwork.queue,full_type1_phase_0_fraction,,,7.775378790406e-05
Phase6_Deterministic-10-20261001-21:45:49-70,scalar,DectScheduledAccessNetwork.queue,full_type1_phase_1_fraction,,,1.0348094281101e-05
Phase6_Deterministic-11-20261001-21:45:49-70,scalar,DectScheduledAccessNetwork.queue,D,,,10
Phase6_Deterministic-11-20261001-21:45:49-70,scalar,DectScheduledAccessNetwork.queue,r,,,30
Phase6_Deterministic-11-20261001-21:45:49-70,scalar,DectScheduledAccessNetwork.queue,L_effective,,,2
Phase6_Deterministic-11-20261001-21:45:49-70,scalar,DectScheduledAccessNetwork.queue,rho,,,0.084745762712
Phase6_Deterministic-11-20261001-21:45:49-70,scalar,DectScheduledAccessNetwork.queue,lambda_per_ms,,,0.20338983034609
Phase6_Deterministic-11-20261001-21:45:49-70,scalar,DectScheduledAccessNetwork.queue,lambda_sat_per_ms,,,0.20338983049469
Phase6_Deterministic-11-20261001-21:45:49-70,scalar,DectScheduledAccessNetwork.queue,rho_sat,,,0.084745762773916
Phase6_Deterministic-11-20261001-21:45:49-70,scalar,DectScheduledAccessNetwork.queue,load_factor_rho_over_rho_sat,,,0.9999999992694
Phase6_Deterministic-11-20261001-21:45:49-70,scalar,DectScheduledAccessNetwork.queue,mean_type1_service_ms,,,0.416666667
Phase6_Deterministic-11-20261001-21:45:49-70,scalar,DectScheduledAccessNetwork.queue,type1_service_distribution_code,,,0
Phase6_Deterministic-11-20261001-21:45:49-70,scalar,DectScheduledAccessNetwork.queue,type1_service_scv,,,0
Phase6_Deterministic-11-20261001-21:45:49-70,scalar,DectScheduledAccessNetwork.queue,type2_service_ms,,,9
Phase6_Deterministic-11-20261001-21:45:49-70,scalar,DectScheduledAccessNetwork.queue,warmup_type1_completions,,,200000
Phase6_Deterministic-11-20261001-21:45:49-70,scalar,DectScheduledAccessNetwork.queue,measured_arrivals,,,1016782
Phase6_Deterministic-11-20261001-21:45:49-70,scalar,DectScheduledAccessNetwork.queue,measured_accepted_arrivals,,,1000022
Phase6_Deterministic-11-20261001-21:45:49-70,scalar,DectScheduledAccessNetwork.queue,measured_blocked_arrivals,,,16760
Phase6_Deterministic-11-20261001-21:45:49-70,scalar,DectScheduledAccessNetwork.queue,measured_completed_packets,,,1000000
Phase6_Deterministic-11-20261001-21:45:49-70,scalar,DectScheduledAccessNetwork.queue,observation_time_s,,,5002.7060003333
Phase6_Deterministic-11-20261001-21:45:49-70,scalar,DectScheduledAccessNetwork.queue,blocking_probability,,,0.016483375984233
Phase6_Deterministic-11-20261001-21:45:49-70,scalar,DectScheduledAccessNetwork.queue,mean_type1_number,,,14.804278939717
Phase6_Deterministic-11-20261001-21:45:49-70,scalar,DectScheduledAccessNetwork.queue,mean_delay_direct_ms,,,74.058850069498
Phase6_Deterministic-11-20261001-21:45:49-70,scalar,DectScheduledAccessNetwork.queue,delay_p50_ms,,,73.804527116
Phase6_Deterministic-11-20261001-21:45:49-70,scalar,DectScheduledAccessNetwork.queue,delay_p95_ms,,,139.57446717495
Phase6_Deterministic-11-20261001-21:45:49-70,scalar,DectScheduledAccessNetwork.queue,delay_p99_ms,,,145.99904689129
Phase6_Deterministic-11-20261001-21:45:49-70,scalar,DectScheduledAccessNetwork.queue,delay_p999_ms,,,147.7131184586
Phase6_Deterministic-11-20261001-21:45:49-70,scalar,DectScheduledAccessNetwork.queue,tail_sample_count,,,1000000
Phase6_Deterministic-11-20261001-21:45:49-70,scalar,DectScheduledAccessNetwork.queue,effective_throughput_departures_per_ms,,,0.19989181853448
Phase6_Deterministic-11-20261001-21:45:49-70,scalar,DectScheduledAccessNetwork.queue,effective_throughput_accepted_per_ms,,,0.19989621615449
Phase6_Deterministic-11-20261001-21:45:49-70,scalar,DectScheduledAccessNetwork.queue,mean_delay_little_ms,,,74.061455082333
Phase6_Deterministic-11-20261001-21:45:49-70,scalar,DectScheduledAccessNetwork.queue,little_vs_direct_relative_error,,,3.5174902557111e-05
Phase6_Deterministic-11-20261001-21:45:49-70,scalar,DectScheduledAccessNetwork.queue,type1_service_fraction,,,0.083289923553223
Phase6_Deterministic-11-20261001-21:45:49-70,scalar,DectScheduledAccessNetwork.queue,type2_service_fraction,,,0.91671007644572
Phase6_Deterministic-11-20261001-21:45:49-70,scalar,DectScheduledAccessNetwork.queue,full_type1_fraction,,,8.4035683063124e-05
Phase6_Deterministic-11-20261001-21:45:49-70,scalar,DectScheduledAccessNetwork.queue,full_type2_fraction,,,0.016544431541091
Phase6_Deterministic-11-20261001-21:45:49-70,scalar,DectScheduledAccessNetwork.queue,nonfull_state_fraction,,,0.98337153278282
Phase6_Deterministic-11-20261001-21:45:49-70,scalar,DectScheduledAccessNetwork.queue,saturated_full_state_fraction,,,0.016628467224154
Phase6_Deterministic-11-20261001-21:45:49-70,scalar,DectScheduledAccessNetwork.queue,full_type1_phase_0_fraction,,,7.5680403158765e-05
Phase6_Deterministic-11-20261001-21:45:49-70,scalar,DectScheduledAccessNetwork.queue,full_type1_phase_1_fraction,,,8.3552799043587e-06
Phase6_Deterministic-12-20261001-21:45:49-70,scalar,DectScheduledAccessNetwork.queue,D,,,10
Phase6_Deterministic-12-20261001-21:45:49-70,scalar,DectScheduledAccessNetwork.queue,r,,,30
Phase6_Deterministic-12-20261001-21:45:49-70,scalar,DectScheduledAccessNetwork.queue,L_effective,,,2
Phase6_Deterministic-12-20261001-21:45:49-70,scalar,DectScheduledAccessNetwork.queue,rho,,,0.084745762712
Phase6_Deterministic-12-20261001-21:45:49-70,scalar,DectScheduledAccessNetwork.queue,lambda_per_ms,,,0.20338983034609
Phase6_Deterministic-12-20261001-21:45:49-70,scalar,DectScheduledAccessNetwork.queue,lambda_sat_per_ms,,,0.20338983049469
Phase6_Deterministic-12-20261001-21:45:49-70,scalar,DectScheduledAccessNetwork.queue,rho_sat,,,0.084745762773916
Phase6_Deterministic-12-20261001-21:45:49-70,scalar,DectScheduledAccessNetwork.queue,load_factor_rho_over_rho_sat,,,0.9999999992694
Phase6_Deterministic-12-20261001-21:45:49-70,scalar,DectScheduledAccessNetwork.queue,mean_type1_service_ms,,,0.416666667
Phase6_Deterministic-12-20261001-21:45:49-70,scalar,DectScheduledAccessNetwork.queue,type1_service_distribution_code,,,0
Phase6_Deterministic-12-20261001-21:45:49-70,scalar,DectScheduledAccessNetwork.queue,type1_service_scv,,,0
Phase6_Deterministic-12-20261001-21:45:49-70,scalar,DectScheduledAccessNetwork.queue,type2_service_ms,,,9
Phase6_Deterministic-12-20261001-21:45:49-70,scalar,DectScheduledAccessNetwork.queue,warmup_type1_completions,,,200000
Phase6_Deterministic-12-20261001-21:45:49-70,scalar,DectScheduledAccessNetwork.queue,measured_arrivals,,,1017873
Phase6_Deterministic-12-20261001-21:45:49-70,scalar,DectScheduledAccessNetwork.queue,measured_accepted_arrivals,,,1000007
Phase6_Deterministic-12-20261001-21:45:49-70,scalar,DectScheduledAccessNetwork.queue,measured_blocked_arrivals,,,17866
Phase6_Deterministic-12-20261001-21:45:49-70,scalar,DectScheduledAccessNetwork.queue,measured_completed_packets,,,1000000
Phase6_Deterministic-12-20261001-21:45:49-70,scalar,DectScheduledAccessNetwork.queue,observation_time_s,,,4995.3088336667
Phase6_Deterministic-12-20261001-21:45:49-70,scalar,DectScheduledAccessNetwork.queue,blocking_probability,,,0.017552287957338
Phase6_Deterministic-12-20261001-21:45:49-70,scalar,DectScheduledAccessNetwork.queue,mean_type1_number,,,15.190089765574
Phase6_Deterministic-12-20261001-21:45:49-70,scalar,DectScheduledAccessNetwork.queue,mean_delay_direct_ms,,,75.877880324244
Phase6_Deterministic-12-20261001-21:45:49-70,scalar,DectScheduledAccessNetwork.queue,delay_p50_ms,,,76.7612699325
Phase6_Deterministic-12-20261001-21:45:49-70,scalar,DectScheduledAccessNetwork.queue,delay_p95_ms,,,139.96927337625
Phase6_Deterministic-12-20261001-21:45:49-70,scalar,DectScheduledAccessNetwork.queue,delay_p99_ms,,,146.11879328494
Phase6_Deterministic-12-20261001-21:45:49-70,scalar,DectScheduledAccessNetwork.queue,delay_p999_ms,,,147.71350117774
Phase6_Deterministic-12-20261001-21:45:49-70,scalar,DectScheduledAccessNetwork.queue,tail_sample_count,,,1000000
Phase6_Deterministic-12-20261001-21:45:49-70,scalar,DectScheduledAccessNetwork.queue,effective_throughput_departures_per_ms,,,0.200187822875
Phase6_Deterministic-12-20261001-21:45:49-70,scalar,DectScheduledAccessNetwork.queue,effective_throughput_accepted_per_ms,,,0.20018922418976
Phase6_Deterministic-12-20261001-21:45:49-70,scalar,DectScheduledAccessNetwork.queue,mean_delay_little_ms,,,75.87918959016
Phase6_Deterministic-12-20261001-21:45:49-70,scalar,DectScheduledAccessNetwork.queue,little_vs_direct_relative_error,,,1.7254908946995e-05
Phase6_Deterministic-12-20261001-21:45:49-70,scalar,DectScheduledAccessNetwork.queue,type1_service_fraction,,,0.083413427985089
Phase6_Deterministic-12-20261001-21:45:49-70,scalar,DectScheduledAccessNetwork.queue,type2_service_fraction,,,0.91658657201387
Phase6_Deterministic-12-20261001-21:45:49-70,scalar,DectScheduledAccessNetwork.queue,full_type1_fraction,,,8.6449059526119e-05
Phase6_Deterministic-12-20261001-21:45:49-70,scalar,DectScheduledAccessNetwork.queue,full_type2_fraction,,,0.017415848239266
Phase6_Deterministic-12-20261001-21:45:49-70,scalar,DectScheduledAccessNetwork.queue,nonfull_state_fraction,,,0.98249770270833
Phase6_Deterministic-12-20261001-21:45:49-70,scalar,DectScheduledAccessNetwork.queue,saturated_full_state_fraction,,,0.017502297298792
Phase6_Deterministic-12-20261001-21:45:49-70,scalar,DectScheduledAccessNetwork.queue,full_type1_phase_0_fraction,,,7.6874686766689e-05
Phase6_Deterministic-12-20261001-21:45:49-70,scalar,DectScheduledAccessNetwork.queue,full_type1_phase_1_fraction,,,9.5743727594304e-06
Phase6_Deterministic-13-20261001-21:45:50-70,scalar,DectScheduledAccessNetwork.queue,D,,,10
Phase6_Deterministic-13-20261001-21:45:50-70,scalar,DectScheduledAccessNetwork.queue,r,,,30
Phase6_Deterministic-13-20261001-21:45:50-70,scalar,DectScheduledAccessNetwork.queue,L_effective,,,2
Phase6_Deterministic-13-20261001-21:45:50-70,scalar,DectScheduledAccessNetwork.queue,rho,,,0.084745762712
Phase6_Deterministic-13-20261001-21:45:50-70,scalar,DectScheduledAccessNetwork.queue,lambda_per_ms,,,0.20338983034609
Phase6_Deterministic-13-20261001-21:45:50-70,scalar,DectScheduledAccessNetwork.queue,lambda_sat_per_ms,,,0.20338983049469
Phase6_Deterministic-13-20261001-21:45:50-70,scalar,DectScheduledAccessNetwork.queue,rho_sat,,,0.084745762773916
Phase6_Deterministic-13-20261001-21:45:50-70,scalar,DectScheduledAccessNetwork.queue,load_factor_rho_over_rho_sat,,,0.9999999992694
Phase6_Deterministic-13-20261001-21:45:50-70,scalar,DectScheduledAccessNetwork.queue,mean_type1_service_ms,,,0.416666667
Phase6_Deterministic-13-20261001-21:45:50-70,scalar,DectScheduledAccessNetwork.queue,type1_service_distribution_code,,,0
Phase6_Deterministic-13-20261001-21:45:50-70,scalar,DectScheduledAccessNetwork.queue,type1_service_scv,,,0
Phase6_Deterministic-13-20261001-21:45:50-70,scalar,DectScheduledAccessNetwork.queue,type2_service_ms,,,9
Phase6_Deterministic-13-20261001-21:45:50-70,scalar,DectScheduledAccessNetwork.queue,warmup_type1_completions,,,200000
Phase6_Deterministic-13-20261001-21:45:50-70,scalar,DectScheduledAccessNetwork.queue,measured_arrivals,,,1017007
Phase6_Deterministic-13-20261001-21:45:50-70,scalar,DectScheduledAccessNetwork.queue,measured_accepted_arrivals,,,1000022
Phase6_Deterministic-13-20261001-21:45:50-70,scalar,DectScheduledAccessNetwork.queue,measured_blocked_arrivals,,,16985
Phase6_Deterministic-13-20261001-21:45:50-70,scalar,DectScheduledAccessNetwork.queue,measured_completed_packets,,,1000000
Phase6_Deterministic-13-20261001-21:45:50-70,scalar,DectScheduledAccessNetwork.queue,observation_time_s,,,5000.5480836667
Phase6_Deterministic-13-20261001-21:45:50-70,scalar,DectScheduledAccessNetwork.queue,blocking_probability,,,0.016700966660013
Phase6_Deterministic-13-20261001-21:45:50-70,scalar,DectScheduledAccessNetwork.queue,mean_type1_number,,,14.862100384172
Phase6_Deterministic-13-20261001-21:45:50-70,scalar,DectScheduledAccessNetwork.queue,mean_delay_direct_ms,,,74.316170902272
Phase6_Deterministic-13-20261001-21:45:50-70,scalar,DectScheduledAccessNetwork.queue,delay_p50_ms,,,74.2173717525
Phase6_Deterministic-13-20261001-21:45:50-70,scalar,DectScheduledAccessNetwork.queue,delay_p95_ms,,,139.58599538495
Phase6_Deterministic-13-20261001-21:45:50-70,scalar,DectScheduledAccessNetwork.queue,delay_p99_ms,,,146.02474252303
Phase6_Deterministic-13-20261001-21:45:50-70,scalar,DectScheduledAccessNetwork.queue,delay_p999_ms,,,147.71836856695
Phase6_Deterministic-13-20261001-21:45:50-70,scalar,DectScheduledAccessNetwork.queue,tail_sample_count,,,1000000
Phase6_Deterministic-13-20261001-21:45:50-70,scalar,DectScheduledAccessNetwork.queue,effective_throughput_departures_per_ms,,,0.19997807905624
Phase6_Deterministic-13-20261001-21:45:50-70,scalar,DectScheduledAccessNetwork.queue,effective_throughput_accepted_per_ms,,,0.19998247857397
Phase6_Deterministic-13-20261001-21:45:50-70,scalar,DectScheduledAccessNetwork.queue,mean_delay_little_ms,,,74.318647595335
Phase6_Deterministic-13-20261001-21:45:50-70,scalar,DectScheduledAccessNetwork.queue,little_vs_direct_relative_error,,,3.3326435322278e-05
Phase6_Deterministic-13-20261001-21:45:50-70,scalar,DectScheduledAccessNetwork.queue,type1_service_fraction,,,0.083326282777151
Phase6_Deterministic-13-20261001-21:45:50-70,scalar,DectScheduledAccessNetwork.queue,type2_service_fraction,,,0.91667371722172
Phase6_Deterministic-13-20261001-21:45:50-70,scalar,DectScheduledAccessNetwork.queue,full_type1_fraction,,,8.6156900781582e-05
Phase6_Deterministic-13-20261001-21:45:50-70,scalar,DectScheduledAccessNetwork.queue,full_type2_fraction,,,0.016641416451963
Phase6_Deterministic-13-20261001-21:45:50-70,scalar,DectScheduledAccessNetwork.queue,nonfull_state_fraction,,,0.98327242665422
Phase6_Deterministic-13-20261001-21:45:50-70,scalar,DectScheduledAccessNetwork.queue,saturated_full_state_fraction,,,0.016727573352744
Phase6_Deterministic-13-20261001-21:45:50-70,scalar,DectScheduledAccessNetwork.queue,full_type1_phase_0_fraction,,,7.7981918389647e-05
Phase6_Deterministic-13-20261001-21:45:50-70,scalar,DectScheduledAccessNetwork.queue,full_type1_phase_1_fraction,,,8.1749823919351e-06
Phase6_Deterministic-14-20261001-21:45:50-70,scalar,DectScheduledAccessNetwork.queue,D,,,10
Phase6_Deterministic-14-20261001-21:45:50-70,scalar,DectScheduledAccessNetwork.queue,r,,,30
Phase6_Deterministic-14-20261001-21:45:50-70,scalar,DectScheduledAccessNetwork.queue,L_effective,,,2
Phase6_Deterministic-14-20261001-21:45:50-70,scalar,DectScheduledAccessNetwork.queue,rho,,,0.084745762712
Phase6_Deterministic-14-20261001-21:45:50-70,scalar,DectScheduledAccessNetwork.queue,lambda_per_ms,,,0.20338983034609
Phase6_Deterministic-14-20261001-21:45:50-70,scalar,DectScheduledAccessNetwork.queue,lambda_sat_per_ms,,,0.20338983049469
Phase6_Deterministic-14-20261001-21:45:50-70,scalar,DectScheduledAccessNetwork.queue,rho_sat,,,0.084745762773916
Phase6_Deterministic-14-20261001-21:45:50-70,scalar,DectScheduledAccessNetwork.queue,load_factor_rho_over_rho_sat,,,0.9999999992694
Phase6_Deterministic-14-20261001-21:45:50-70,scalar,DectScheduledAccessNetwork.queue,mean_type1_service_ms,,,0.416666667
Phase6_Deterministic-14-20261001-21:45:50-70,scalar,DectScheduledAccessNetwork.queue,type1_service_distribution_code,,,0
Phase6_Deterministic-14-20261001-21:45:50-70,scalar,DectScheduledAccessNetwork.queue,type1_service_scv,,,0
Phase6_Deterministic-14-20261001-21:45:50-70,scalar,DectScheduledAccessNetwork.queue,type2_service_ms,,,9
Phase6_Deterministic-14-20261001-21:45:50-70,scalar,DectScheduledAccessNetwork.queue,warmup_type1_completions,,,200000
Phase6_Deterministic-14-20261001-21:45:50-70,scalar,DectScheduledAccessNetwork.queue,measured_arrivals,,,1016566
Phase6_Deterministic-14-20261001-21:45:50-70,scalar,DectScheduledAccessNetwork.queue,measured_accepted_arrivals,,,1000000
Phase6_Deterministic-14-20261001-21:45:50-70,scalar,DectScheduledAccessNetwork.queue,measured_blocked_arrivals,,,16566
Phase6_Deterministic-14-20261001-21:45:50-70,scalar,DectScheduledAccessNetwork.queue,measured_completed_packets,,,1000000
Phase6_Deterministic-14-20261001-21:45:50-70,scalar,DectScheduledAccessNetwork.queue,observation_time_s,,,5003.9490836667
Phase6_Deterministic-14-20261001-21:45:50-70,scalar,DectScheduledAccessNetwork.queue,blocking_probability,,,0.016296039804597
Phase6_Deterministic-14-20261001-21:45:50-70,scalar,DectScheduledAccessNetwork.queue,mean_type1_number,,,14.863358459326
Phase6_Deterministic-14-20261001-21:45:50-70,scalar,DectScheduledAccessNetwork.queue,mean_delay_direct_ms,,,74.375479525864
Phase6_Deterministic-14-20261001-21:45:50-70,scalar,DectScheduledAccessNetwork.queue,delay_p50_ms,,,74.6466938015
Phase6_Deterministic-14-20261001-21:45:50-70,scalar,DectScheduledAccessNetwork.queue,delay_p95_ms,,,139.50017110105
Phase6_Deterministic-14-20261001-21:45:50-70,scalar,DectScheduledAccessNetwork.queue,delay_p99_ms,,,145.97414298213
Phase6_Deterministic-14-20261001-21:45:50-70,scalar,DectScheduledAccessNetwork.queue,delay_p999_ms,,,147.71058736702
Phase6_Deterministic-14-20261001-21:45:50-70,scalar,DectScheduledAccessNetwork.queue,tail_sample_count,,,1000000
Phase6_Deterministic-14-20261001-21:45:50-70,scalar,DectScheduledAccessNetwork.queue,effective_throughput_departures_per_ms,,,0.19984216131697
Phase6_Deterministic-14-20261001-21:45:50-70,scalar,DectScheduledAccessNetwork.queue,effective_throughput_accepted_per_ms,,,0.19984216131697
Phase6_Deterministic-14-20261001-21:45:50-70,scalar,DectScheduledAccessNetwork.queue,mean_delay_little_ms,,,74.375488942753
Phase6_Deterministic-14-20261001-21:45:50-70,scalar,DectScheduledAccessNetwork.queue,little_vs_direct_relative_error,,,1.2661281223458e-07
Phase6_Deterministic-14-20261001-21:45:50-70,scalar,DectScheduledAccessNetwork.queue,type1_service_fraction,,,0.08326765054832
Phase6_Deterministic-14-20261001-21:45:50-70,scalar,DectScheduledAccessNetwork.queue,type2_service_fraction,,,0.91673234945061
Phase6_Deterministic-14-20261001-21:45:50-70,scalar,DectScheduledAccessNetwork.queue,full_type1_fraction,,,8.2904472799315e-05
Phase6_Deterministic-14-20261001-21:45:50-70,scalar,DectScheduledAccessNetwork.queue,full_type2_fraction,,,0.016416204981466
Phase6_Deterministic-14-20261001-21:45:50-70,scalar,DectScheduledAccessNetwork.queue,nonfull_state_fraction,,,0.9835008905527
Phase6_Deterministic-14-20261001-21:45:50-70,scalar,DectScheduledAccessNetwork.queue,saturated_full_state_fraction,,,0.016499109454265
Phase6_Deterministic-14-20261001-21:45:50-70,scalar,DectScheduledAccessNetwork.queue,full_type1_phase_0_fraction,,,7.4819837853878e-05
Phase6_Deterministic-14-20261001-21:45:50-70,scalar,DectScheduledAccessNetwork.queue,full_type1_phase_1_fraction,,,8.0846349454372e-06
Phase6_Deterministic-15-20261001-21:45:50-70,scalar,DectScheduledAccessNetwork.queue,D,,,10
Phase6_Deterministic-15-20261001-21:45:50-70,scalar,DectScheduledAccessNetwork.queue,r,,,30
Phase6_Deterministic-15-20261001-21:45:50-70,scalar,DectScheduledAccessNetwork.queue,L_effective,,,2
Phase6_Deterministic-15-20261001-21:45:50-70,scalar,DectScheduledAccessNetwork.queue,rho,,,0.084745762712
Phase6_Deterministic-15-20261001-21:45:50-70,scalar,DectScheduledAccessNetwork.queue,lambda_per_ms,,,0.20338983034609
Phase6_Deterministic-15-20261001-21:45:50-70,scalar,DectScheduledAccessNetwork.queue,lambda_sat_per_ms,,,0.20338983049469
Phase6_Deterministic-15-20261001-21:45:50-70,scalar,DectScheduledAccessNetwork.queue,rho_sat,,,0.084745762773916
Phase6_Deterministic-15-20261001-21:45:50-70,scalar,DectScheduledAccessNetwork.queue,load_factor_rho_over_rho_sat,,,0.9999999992694
Phase6_Deterministic-15-20261001-21:45:50-70,scalar,DectScheduledAccessNetwork.queue,mean_type1_service_ms,,,0.416666667
Phase6_Deterministic-15-20261001-21:45:50-70,scalar,DectScheduledAccessNetwork.queue,type1_service_distribution_code,,,0
Phase6_Deterministic-15-20261001-21:45:50-70,scalar,DectScheduledAccessNetwork.queue,type1_service_scv,,,0
Phase6_Deterministic-15-20261001-21:45:50-70,scalar,DectScheduledAccessNetwork.queue,type2_service_ms,,,9
Phase6_Deterministic-15-20261001-21:45:50-70,scalar,DectScheduledAccessNetwork.queue,warmup_type1_completions,,,200000
Phase6_Deterministic-15-20261001-21:45:50-70,scalar,DectScheduledAccessNetwork.queue,measured_arrivals,,,1016792
Phase6_Deterministic-15-20261001-21:45:50-70,scalar,DectScheduledAccessNetwork.queue,measured_accepted_arrivals,,,1000024
Phase6_Deterministic-15-20261001-21:45:50-70,scalar,DectScheduledAccessNetwork.queue,measured_blocked_arrivals,,,16768
Phase6_Deterministic-15-20261001-21:45:50-70,scalar,DectScheduledAccessNetwork.queue,measured_completed_packets,,,1000000
Phase6_Deterministic-15-20261001-21:45:50-70,scalar,DectScheduledAccessNetwork.queue,observation_time_s,,,5003.3747503333
Phase6_Deterministic-15-20261001-21:45:50-70,scalar,DectScheduledAccessNetwork.queue,blocking_probability,,,0.016491081755167
Phase6_Deterministic-15-20261001-21:45:50-70,scalar,DectScheduledAccessNetwork.queue,mean_type1_number,,,14.719559525479
Phase6_Deterministic-15-20261001-21:45:50-70,scalar,DectScheduledAccessNetwork.queue,mean_delay_direct_ms,,,73.645503218063
Phase6_Deterministic-15-20261001-21:45:50-70,scalar,DectScheduledAccessNetwork.queue,delay_p50_ms,,,73.114916911
Phase6_Deterministic-15-20261001-21:45:50-70,scalar,DectScheduledAccessNetwork.queue,delay_p95_ms,,,139.51761800455
Phase6_Deterministic-15-20261001-21:45:50-70,scalar,DectScheduledAccessNetwork.queue,delay_p99_ms,,,145.98379671399
Phase6_Deterministic-15-20261001-21:45:50-70,scalar,DectScheduledAccessNetwork.queue,delay_p999_ms,,,147.7019941453
Phase6_Deterministic-15-20261001-21:45:50-70,scalar,DectScheduledAccessNetwork.queue,tail_sample_count,,,1000000
Phase6_Deterministic-15-20261001-21:45:50-70,scalar,DectScheduledAccessNetwork.queue,effective_throughput_departures_per_ms,,,0.19986510103673
Phase6_Deterministic-15-20261001-21:45:50-70,scalar,DectScheduledAccessNetwork.queue,effective_throughput_accepted_per_ms,,,0.19986989779916
Phase6_Deterministic-15-20261001-21:45:50-70,scalar,DectScheduledAccessNetwork.queue,mean_delay_little_ms,,,73.647472465808
Phase6_Deterministic-15-20261001-21:45:50-70,scalar,DectScheduledAccessNetwork.queue,little_vs_direct_relative_error,,,2.6739551754584e-05
Phase6_Deterministic-15-20261001-21:45:50-70,scalar,DectScheduledAccessNetwork.queue,type1_service_fraction,,,0.083277541882956
Phase6_Deterministic-15-20261001-21:45:50-70,scalar,DectScheduledAccessNetwork.queue,type2_service_fraction,,,0.91672245811601
Phase6_Deterministic-15-20261001-21:45:50-70,scalar,DectScheduledAccessNetwork.queue,full_type1_fraction,,,8.0549487211636e-05
Phase6_Deterministic-15-20261001-21:45:50-70,scalar,DectScheduledAccessNetwork.queue,full_type2_fraction,,,0.016331430353755
Phase6_Deterministic-15-20261001-21:45:50-70,scalar,DectScheduledAccessNetwork.queue,nonfull_state_fraction,,,0.98358802016594
Phase6_Deterministic-15-20261001-21:45:50-70,scalar,DectScheduledAccessNetwork.queue,saturated_full_state_fraction,,,0.016411979840966
Phase6_Deterministic-15-20261001-21:45:50-70,scalar,DectScheduledAccessNetwork.queue,full_type1_phase_0_fraction,,,7.1822845141883e-05
Phase6_Deterministic-15-20261001-21:45:50-70,scalar,DectScheduledAccessNetwork.queue,full_type1_phase_1_fraction,,,8.7266420697532e-06
Phase6_Deterministic-16-20261001-21:45:50-70,scalar,DectScheduledAccessNetwork.queue,D,,,10
Phase6_Deterministic-16-20261001-21:45:50-70,scalar,DectScheduledAccessNetwork.queue,r,,,30
Phase6_Deterministic-16-20261001-21:45:50-70,scalar,DectScheduledAccessNetwork.queue,L_effective,,,2
Phase6_Deterministic-16-20261001-21:45:50-70,scalar,DectScheduledAccessNetwork.queue,rho,,,0.084745762712
Phase6_Deterministic-16-20261001-21:45:50-70,scalar,DectScheduledAccessNetwork.queue,lambda_per_ms,,,0.20338983034609
Phase6_Deterministic-16-20261001-21:45:50-70,scalar,DectScheduledAccessNetwork.queue,lambda_sat_per_ms,,,0.20338983049469
Phase6_Deterministic-16-20261001-21:45:50-70,scalar,DectScheduledAccessNetwork.queue,rho_sat,,,0.084745762773916
Phase6_Deterministic-16-20261001-21:45:50-70,scalar,DectScheduledAccessNetwork.queue,load_factor_rho_over_rho_sat,,,0.9999999992694
Phase6_Deterministic-16-20261001-21:45:50-70,scalar,DectScheduledAccessNetwork.queue,mean_type1_service_ms,,,0.416666667
Phase6_Deterministic-16-20261001-21:45:50-70,scalar,DectScheduledAccessNetwork.queue,type1_service_distribution_code,,,0
Phase6_Deterministic-16-20261001-21:45:50-70,scalar,DectScheduledAccessNetwork.queue,type1_service_scv,,,0
Phase6_Deterministic-16-20261001-21:45:50-70,scalar,DectScheduledAccessNetwork.queue,type2_service_ms,,,9
Phase6_Deterministic-16-20261001-21:45:50-70,scalar,DectScheduledAccessNetwork.queue,warmup_type1_completions,,,200000
Phase6_Deterministic-16-20261001-21:45:50-70,scalar,DectScheduledAccessNetwork.queue,measured_arrivals,,,1016871
Phase6_Deterministic-16-20261001-21:45:50-70,scalar,DectScheduledAccessNetwork.queue,measured_accepted_arrivals,,,1000028
Phase6_Deterministic-16-20261001-21:45:50-70,scalar,DectScheduledAccessNetwork.queue,measured_blocked_arrivals,,,16843
Phase6_Deterministic-16-20261001-21:45:50-70,scalar,DectScheduledAccessNetwork.queue,measured_completed_packets,,,1000000
Phase6_Deterministic-16-20261001-21:45:50-70,scalar,DectScheduledAccessNetwork.queue,observation_time_s,,,5000.9715003333
Phase6_Deterministic-16-20261001-21:45:50-70,scalar,DectScheduledAccessNetwork.queue,blocking_probability,,,0.016563556242631
Phase6_Deterministic-16-20261001-21:45:50-70,scalar,DectScheduledAccessNetwork.queue,mean_type1_number,,,14.975316840529
Phase6_Deterministic-16-20261001-21:45:50-70,scalar,DectScheduledAccessNetwork.queue,mean_delay_direct_ms,,,74.887782923569
Phase6_Deterministic-16-20261001-21:45:50-70,scalar,DectScheduledAccessNetwork.queue,delay_p50_ms,,,75.237587012
Phase6_Deterministic-16-20261001-21:45:50-70,scalar,DectScheduledAccessNetwork.queue,delay_p95_ms,,,139.6440841615
Phase6_Deterministic-16-20261001-21:45:50-70,scalar,DectScheduledAccessNetwork.queue,delay_p99_ms,,,145.98433488131
Phase6_Deterministic-16-20261001-21:45:50-70,scalar,DectScheduledAccessNetwork.queue,delay_p999_ms,,,147.70940517488
Phase6_Deterministic-16-20261001-21:45:50-70,scalar,DectScheduledAccessNetwork.queue,tail_sample_count,,,1000000
Phase6_Deterministic-16-20261001-21:45:50-70,scalar,DectScheduledAccessNetwork.queue,effective_throughput_departures_per_ms,,,0.1999611475357
Phase6_Deterministic-16-20261001-21:45:50-70,scalar,DectScheduledAccessNetwork.queue,effective_throughput_accepted_per_ms,,,0.19996674644783
Phase6_Deterministic-16-20261001-21:45:50-70,scalar,DectScheduledAccessNetwork.queue,mean_delay_little_ms,,,74.891132727949
Phase6_Deterministic-16-20261001-21:45:50-70,scalar,DectScheduledAccessNetwork.queue,little_vs_direct_relative_error,,,4.4730986132002e-05
Phase6_Deterministic-16-20261001-21:45:50-70,scalar,DectScheduledAccessNetwork.queue,type1_service_fraction,,,0.083319311117698
Phase6_Deterministic-16-20261001-21:45:50-70,scalar,DectScheduledAccessNetwork.queue,type2_service_fraction,,,0.91668068888123
Phase6_Deterministic-16-20261001-21:45:50-70,scalar,DectScheduledAccessNetwork.queue,full_type1_fraction,,,8.4291275961861e-05
Phase6_Deterministic-16-20261001-21:45:50-70,scalar,DectScheduledAccessNetwork.queue,full_type2_fraction,,,0.016600641451918
Phase6_Deterministic-16-20261001-21:45:50-70,scalar,DectScheduledAccessNetwork.queue,nonfull_state_fraction,,,0.98331506727913
Phase6_Deterministic-16-20261001-21:45:50-70,scalar,DectScheduledAccessNetwork.queue,saturated_full_state_fraction,,,0.01668493272788
Phase6_Deterministic-16-20261001-21:45:50-70,scalar,DectScheduledAccessNetwork.queue,full_type1_phase_0_fraction,,,7.6009260265463e-05
Phase6_Deterministic-16-20261001-21:45:50-70,scalar,DectScheduledAccessNetwork.queue,full_type1_phase_1_fraction,,,8.282015696398e-06
Phase6_Deterministic-17-20261001-21:45:51-70,scalar,DectScheduledAccessNetwork.queue,D,,,10
Phase6_Deterministic-17-20261001-21:45:51-70,scalar,DectScheduledAccessNetwork.queue,r,,,30
Phase6_Deterministic-17-20261001-21:45:51-70,scalar,DectScheduledAccessNetwork.queue,L_effective,,,2
Phase6_Deterministic-17-20261001-21:45:51-70,scalar,DectScheduledAccessNetwork.queue,rho,,,0.084745762712
Phase6_Deterministic-17-20261001-21:45:51-70,scalar,DectScheduledAccessNetwork.queue,lambda_per_ms,,,0.20338983034609
Phase6_Deterministic-17-20261001-21:45:51-70,scalar,DectScheduledAccessNetwork.queue,lambda_sat_per_ms,,,0.20338983049469
Phase6_Deterministic-17-20261001-21:45:51-70,scalar,DectScheduledAccessNetwork.queue,rho_sat,,,0.084745762773916
Phase6_Deterministic-17-20261001-21:45:51-70,scalar,DectScheduledAccessNetwork.queue,load_factor_rho_over_rho_sat,,,0.9999999992694
Phase6_Deterministic-17-20261001-21:45:51-70,scalar,DectScheduledAccessNetwork.queue,mean_type1_service_ms,,,0.416666667
Phase6_Deterministic-17-20261001-21:45:51-70,scalar,DectScheduledAccessNetwork.queue,type1_service_distribution_code,,,0
Phase6_Deterministic-17-20261001-21:45:51-70,scalar,DectScheduledAccessNetwork.queue,type1_service_scv,,,0
Phase6_Deterministic-17-20261001-21:45:51-70,scalar,DectScheduledAccessNetwork.queue,type2_service_ms,,,9
Phase6_Deterministic-17-20261001-21:45:51-70,scalar,DectScheduledAccessNetwork.queue,warmup_type1_completions,,,200000
Phase6_Deterministic-17-20261001-21:45:51-70,scalar,DectScheduledAccessNetwork.queue,measured_arrivals,,,1017368
Phase6_Deterministic-17-20261001-21:45:51-70,scalar,DectScheduledAccessNetwork.queue,measured_accepted_arrivals,,,1000027
Phase6_Deterministic-17-20261001-21:45:51-70,scalar,DectScheduledAccessNetwork.queue,measured_blocked_arrivals,,,17341
Phase6_Deterministic-17-20261001-21:45:51-70,scalar,DectScheduledAccessNetwork.queue,measured_completed_packets,,,1000000
Phase6_Deterministic-17-20261001-21:45:51-70,scalar,DectScheduledAccessNetwork.queue,observation_time_s,,,5002.332417
Phase6_Deterministic-17-20261001-21:45:51-70,scalar,DectScheduledAccessNetwork.queue,blocking_probability,,,0.017044963081206
Phase6_Deterministic-17-20261001-21:45:51-70,scalar,DectScheduledAccessNetwork.queue,mean_type1_number,,,14.89280884137
Phase6_Deterministic-17-20261001-21:45:51-70,scalar,DectScheduledAccessNetwork.queue,mean_delay_direct_ms,,,74.496891214462
Phase6_Deterministic-17-20261001-21:45:51-70,scalar,DectScheduledAccessNetwork.queue,delay_p50_ms,,,74.4956332785
Phase6_Deterministic-17-20261001-21:45:51-70,scalar,DectScheduledAccessNetwork.queue,delay_p95_ms,,,139.72949228915
Phase6_Deterministic-17-20261001-21:45:51-70,scalar,DectScheduledAccessNetwork.queue,delay_p99_ms,,,146.01762631052
Phase6_Deterministic-17-20261001-21:45:51-70,scalar,DectScheduledAccessNetwork.queue,delay_p999_ms,,,147.70833872812
Phase6_Deterministic-17-20261001-21:45:51-70,scalar,DectScheduledAccessNetwork.queue,tail_sample_count,,,1000000
Phase6_Deterministic-17-20261001-21:45:51-70,scalar,DectScheduledAccessNetwork.queue,effective_throughput_departures_per_ms,,,0.19990674682106
Phase6_Deterministic-17-20261001-21:45:51-70,scalar,DectScheduledAccessNetwork.queue,effective_throughput_accepted_per_ms,,,0.19991214430322
Phase6_Deterministic-17-20261001-21:45:51-70,scalar,DectScheduledAccessNetwork.queue,mean_delay_little_ms,,,74.498780447367
Phase6_Deterministic-17-20261001-21:45:51-70,scalar,DectScheduledAccessNetwork.queue,little_vs_direct_relative_error,,,2.5359889175514e-05
Phase6_Deterministic-17-20261001-21:45:51-70,scalar,DectScheduledAccessNetwork.queue,type1_service_fraction,,,0.083295227557781
Phase6_Deterministic-17-20261001-21:45:51-70,scalar,DectScheduledAccessNetwork.queue,type2_service_fraction,,,0.91670477244118
Phase6_Deterministic-17-20261001-21:45:51-70,scalar,DectScheduledAccessNetwork.queue,full_type1_fraction,,,8.4781613658203e-05
Phase6_Deterministic-17-20261001-21:45:51-70,scalar,DectScheduledAccessNetwork.queue,full_type2_fraction,,,0.016834257310115
Phase6_Deterministic-17-20261001-21:45:51-70,scalar,DectScheduledAccessNetwork.queue,nonfull_state_fraction,,,0.98308096108317
Phase6_Deterministic-17-20261001-21:45:51-70,scalar,DectScheduledAccessNetwork.queue,saturated_full_state_fraction,,,0.016919038923773
Phase6_Deterministic-17-20261001-21:45:51-70,scalar,DectScheduledAccessNetwork.queue,full_type1_phase_0_fraction,,,7.6342344566143e-05
Phase6_Deterministic-17-20261001-21:45:51-70,scalar,DectScheduledAccessNetwork.queue,full_type1_phase_1_fraction,,,8.4392690920604e-06
Phase6_Deterministic-18-20261001-21:45:51-70,scalar,DectScheduledAccessNetwork.queue,D,,,10
Phase6_Deterministic-18-20261001-21:45:51-70,scalar,DectScheduledAccessNetwork.queue,r,,,30
Phase6_Deterministic-18-20261001-21:45:51-70,scalar,DectScheduledAccessNetwork.queue,L_effective,,,2
Phase6_Deterministic-18-20261001-21:45:51-70,scalar,DectScheduledAccessNetwork.queue,rho,,,0.084745762712
Phase6_Deterministic-18-20261001-21:45:51-70,scalar,DectScheduledAccessNetwork.queue,lambda_per_ms,,,0.20338983034609
Phase6_Deterministic-18-20261001-21:45:51-70,scalar,DectScheduledAccessNetwork.queue,lambda_sat_per_ms,,,0.20338983049469
Phase6_Deterministic-18-20261001-21:45:51-70,scalar,DectScheduledAccessNetwork.queue,rho_sat,,,0.084745762773916
Phase6_Deterministic-18-20261001-21:45:51-70,scalar,DectScheduledAccessNetwork.queue,load_factor_rho_over_rho_sat,,,0.9999999992694
Phase6_Deterministic-18-20261001-21:45:51-70,scalar,DectScheduledAccessNetwork.queue,mean_type1_service_ms,,,0.416666667
Phase6_Deterministic-18-20261001-21:45:51-70,scalar,DectScheduledAccessNetwork.queue,type1_service_distribution_code,,,0
Phase6_Deterministic-18-20261001-21:45:51-70,scalar,DectScheduledAccessNetwork.queue,type1_service_scv,,,0
Phase6_Deterministic-18-20261001-21:45:51-70,scalar,DectScheduledAccessNetwork.queue,type2_service_ms,,,9
Phase6_Deterministic-18-20261001-21:45:51-70,scalar,DectScheduledAccessNetwork.queue,warmup_type1_completions,,,200000
Phase6_Deterministic-18-20261001-21:45:51-70,scalar,DectScheduledAccessNetwork.queue,measured_arrivals,,,1017236
Phase6_Deterministic-18-20261001-21:45:51-70,scalar,DectScheduledAccessNetwork.queue,measured_accepted_arrivals,,,1000011
Phase6_Deterministic-18-20261001-21:45:51-70,scalar,DectScheduledAccessNetwork.queue,measured_blocked_arrivals,,,17225
Phase6_Deterministic-18-20261001-21:45:51-70,scalar,DectScheduledAccessNetwork.queue,measured_completed_packets,,,1000000
Phase6_Deterministic-18-20261001-21:45:51-70,scalar,DectScheduledAccessNetwork.queue,observation_time_s,,,4999.808667
Phase6_Deterministic-18-20261001-21:45:51-70,scalar,DectScheduledAccessNetwork.queue,blocking_probability,,,0.0169331403922
Phase6_Deterministic-18-20261001-21:45:51-70,scalar,DectScheduledAccessNetwork.queue,mean_type1_number,,,14.949516610152
Phase6_Deterministic-18-20261001-21:45:51-70,scalar,DectScheduledAccessNetwork.queue,mean_delay_direct_ms,,,74.744127791791
Phase6_Deterministic-18-20261001-21:45:51-70,scalar,DectScheduledAccessNetwork.queue,delay_p50_ms,,,74.688681686
Phase6_Deterministic-18-20261001-21:45:51-70,scalar,DectScheduledAccessNetwork.queue,delay_p95_ms,,,139.77456350105
Phase6_Deterministic-18-20261001-21:45:51-70,scalar,DectScheduledAccessNetwork.queue,delay_p99_ms,,,146.03734934754
Phase6_Deterministic-18-20261001-21:45:51-70,scalar,DectScheduledAccessNetwork.queue,delay_p999_ms,,,147.72002942524
Phase6_Deterministic-18-20261001-21:45:51-70,scalar,DectScheduledAccessNetwork.queue,tail_sample_count,,,1000000
Phase6_Deterministic-18-20261001-21:45:51-70,scalar,DectScheduledAccessNetwork.queue,effective_throughput_departures_per_ms,,,0.20000765361288
Phase6_Deterministic-18-20261001-21:45:51-70,scalar,DectScheduledAccessNetwork.queue,effective_throughput_accepted_per_ms,,,0.20000985369707
Phase6_Deterministic-18-20261001-21:45:51-70,scalar,DectScheduledAccessNetwork.queue,mean_delay_little_ms,,,74.744722714896
Phase6_Deterministic-18-20261001-21:45:51-70,scalar,DectScheduledAccessNetwork.queue,little_vs_direct_relative_error,,,7.9594628064061e-06
Phase6_Deterministic-18-20261001-21:45:51-70,scalar,DectScheduledAccessNetwork.queue,type1_service_fraction,,,0.083336522404101
Phase6_Deterministic-18-20261001-21:45:51-70,scalar,DectScheduledAccessNetwork.queue,type2_service_fraction,,,0.91666347759485
Phase6_Deterministic-18-20261001-21:45:51-70,scalar,DectScheduledAccessNetwork.queue,full_type1_fraction,,,8.8021179352062e-05
Phase6_Deterministic-18-20261001-21:45:51-70,scalar,DectScheduledAccessNetwork.queue,full_type2_fraction,,,0.016894513372559
Phase6_Deterministic-18-20261001-21:45:51-70,scalar,DectScheduledAccessNetwork.queue,nonfull_state_fraction,,,0.98301746545512
Phase6_Deterministic-18-20261001-21:45:51-70,scalar,DectScheduledAccessNetwork.queue,saturated_full_state_fraction,,,0.016982534551911
Phase6_Deterministic-18-20261001-21:45:51-70,scalar,DectScheduledAccessNetwork.queue,full_type1_phase_0_fraction,,,7.882274542667e-05
Phase6_Deterministic-18-20261001-21:45:51-70,scalar,DectScheduledAccessNetwork.queue,full_type1_phase_1_fraction,,,9.1984339253917e-06
Phase6_Deterministic-19-20261001-21:45:51-70,scalar,DectScheduledAccessNetwork.queue,D,,,10
Phase6_Deterministic-19-20261001-21:45:51-70,scalar,DectScheduledAccessNetwork.queue,r,,,30
Phase6_Deterministic-19-20261001-21:45:51-70,scalar,DectScheduledAccessNetwork.queue,L_effective,,,2
Phase6_Deterministic-19-20261001-21:45:51-70,scalar,DectScheduledAccessNetwork.queue,rho,,,0.084745762712
Phase6_Deterministic-19-20261001-21:45:51-70,scalar,DectScheduledAccessNetwork.queue,lambda_per_ms,,,0.20338983034609
Phase6_Deterministic-19-20261001-21:45:51-70,scalar,DectScheduledAccessNetwork.queue,lambda_sat_per_ms,,,0.20338983049469
Phase6_Deterministic-19-20261001-21:45:51-70,scalar,DectScheduledAccessNetwork.queue,rho_sat,,,0.084745762773916
Phase6_Deterministic-19-20261001-21:45:51-70,scalar,DectScheduledAccessNetwork.queue,load_factor_rho_over_rho_sat,,,0.9999999992694
Phase6_Deterministic-19-20261001-21:45:51-70,scalar,DectScheduledAccessNetwork.queue,mean_type1_service_ms,,,0.416666667
Phase6_Deterministic-19-20261001-21:45:51-70,scalar,DectScheduledAccessNetwork.queue,type1_service_distribution_code,,,0
Phase6_Deterministic-19-20261001-21:45:51-70,scalar,DectScheduledAccessNetwork.queue,type1_service_scv,,,0
Phase6_Deterministic-19-20261001-21:45:51-70,scalar,DectScheduledAccessNetwork.queue,type2_service_ms,,,9
Phase6_Deterministic-19-20261001-21:45:51-70,scalar,DectScheduledAccessNetwork.queue,warmup_type1_completions,,,200000
Phase6_Deterministic-19-20261001-21:45:51-70,scalar,DectScheduledAccessNetwork.queue,measured_arrivals,,,1017423
Phase6_Deterministic-19-20261001-21:45:51-70,scalar,DectScheduledAccessNetwork.queue,measured_accepted_arrivals,,,1000027
Phase6_Deterministic-19-20261001-21:45:51-70,scalar,DectScheduledAccessNetwork.queue,measured_blocked_arrivals,,,17396
Phase6_Deterministic-19-20261001-21:45:51-70,scalar,DectScheduledAccessNetwork.queue,measured_completed_packets,,,1000000
Phase6_Deterministic-19-20261001-21:45:51-70,scalar,DectScheduledAccessNetwork.queue,observation_time_s,,,5002.7173336667
Phase6_Deterministic-19-20261001-21:45:51-70,scalar,DectScheduledAccessNetwork.queue,blocking_probability,,,0.017098099807062
Phase6_Deterministic-19-20261001-21:45:51-70,scalar,DectScheduledAccessNetwork.queue,mean_type1_number,,,14.893188797526
Phase6_Deterministic-19-20261001-21:45:51-70,scalar,DectScheduledAccessNetwork.queue,mean_delay_direct_ms,,,74.50462212549
Phase6_Deterministic-19-20261001-21:45:51-70,scalar,DectScheduledAccessNetwork.queue,delay_p50_ms,,,74.643474974
Phase6_Deterministic-19-20261001-21:45:51-70,scalar,DectScheduledAccessNetwork.queue,delay_p95_ms,,,139.76903067625
Phase6_Deterministic-19-20261001-21:45:51-70,scalar,DectScheduledAccessNetwork.queue,delay_p99_ms,,,146.02279804362
Phase6_Deterministic-19-20261001-21:45:51-70,scalar,DectScheduledAccessNetwork.queue,delay_p999_ms,,,147.70770975438
Phase6_Deterministic-19-20261001-21:45:51-70,scalar,DectScheduledAccessNetwork.queue,tail_sample_count,,,1000000
Phase6_Deterministic-19-20261001-21:45:51-70,scalar,DectScheduledAccessNetwork.queue,effective_throughput_departures_per_ms,,,0.19989136569247
Phase6_Deterministic-19-20261001-21:45:51-70,scalar,DectScheduledAccessNetwork.queue,effective_throughput_accepted_per_ms,,,0.19989676275934
Phase6_Deterministic-19-20261001-21:45:51-70,scalar,DectScheduledAccessNetwork.queue,mean_delay_little_ms,,,74.506413750952
Phase6_Deterministic-19-20261001-21:45:51-70,scalar,DectScheduledAccessNetwork.queue,little_vs_direct_relative_error,,,2.4047171975683e-05
Phase6_Deterministic-19-20261001-21:45:51-70,scalar,DectScheduledAccessNetwork.queue,type1_service_fraction,,,0.083288402256167
Phase6_Deterministic-19-20261001-21:45:51-70,scalar,DectScheduledAccessNetwork.queue,type2_service_fraction,,,0.9167115977428
Phase6_Deterministic-19-20261001-21:45:51-70,scalar,DectScheduledAccessNetwork.queue,full_type1_fraction,,,8.4205314390659e-05
Phase6_Deterministic-19-20261001-21:45:51-70,scalar,DectScheduledAccessNetwork.queue,full_type2_fraction,,,0.016877854372941
Phase6_Deterministic-19-20261001-21:45:51-70,scalar,DectScheduledAccessNetwork.queue,nonfull_state_fraction,,,0.98303794031967
Phase6_Deterministic-19-20261001-21:45:51-70,scalar,DectScheduledAccessNetwork.queue,saturated_full_state_fraction,,,0.016962059687332
Phase6_Deterministic-19-20261001-21:45:51-70,scalar,DectScheduledAccessNetwork.queue,full_type1_phase_0_fraction,,,7.5436447727579e-05
Phase6_Deterministic-19-20261001-21:45:51-70,scalar,DectScheduledAccessNetwork.queue,full_type1_phase_1_fraction,,,8.7688666630796e-06
Phase6_Deterministic-20-20261001-21:45:51-70,scalar,DectScheduledAccessNetwork.queue,D,,,10
Phase6_Deterministic-20-20261001-21:45:51-70,scalar,DectScheduledAccessNetwork.queue,r,,,30
Phase6_Deterministic-20-20261001-21:45:51-70,scalar,DectScheduledAccessNetwork.queue,L_effective,,,2
Phase6_Deterministic-20-20261001-21:45:51-70,scalar,DectScheduledAccessNetwork.queue,rho,,,0.101694915254
Phase6_Deterministic-20-20261001-21:45:51-70,scalar,DectScheduledAccessNetwork.queue,lambda_per_ms,,,0.24406779641435
Phase6_Deterministic-20-20261001-21:45:51-70,scalar,DectScheduledAccessNetwork.queue,lambda_sat_per_ms,,,0.20338983049469
Phase6_Deterministic-20-20261001-21:45:51-70,scalar,DectScheduledAccessNetwork.queue,rho_sat,,,0.084745762773916
Phase6_Deterministic-20-20261001-21:45:51-70,scalar,DectScheduledAccessNetwork.queue,load_factor_rho_over_rho_sat,,,1.1999999991186
Phase6_Deterministic-20-20261001-21:45:51-70,scalar,DectScheduledAccessNetwork.queue,mean_type1_service_ms,,,0.416666667
Phase6_Deterministic-20-20261001-21:45:51-70,scalar,DectScheduledAccessNetwork.queue,type1_service_distribution_code,,,0
Phase6_Deterministic-20-20261001-21:45:51-70,scalar,DectScheduledAccessNetwork.queue,type1_service_scv,,,0
Phase6_Deterministic-20-20261001-21:45:51-70,scalar,DectScheduledAccessNetwork.queue,type2_service_ms,,,9
Phase6_Deterministic-20-20261001-21:45:51-70,scalar,DectScheduledAccessNetwork.queue,warmup_type1_completions,,,200000
Phase6_Deterministic-20-20261001-21:45:51-70,scalar,DectScheduledAccessNetwork.queue,measured_arrivals,,,1198043
Phase6_Deterministic-20-20261001-21:45:51-70,scalar,DectScheduledAccessNetwork.queue,measured_accepted_arrivals,,,1000026
Phase6_Deterministic-20-20261001-21:45:51-70,scalar,DectScheduledAccessNetwork.queue,measured_blocked_arrivals,,,198017
Phase6_Deterministic-20-20261001-21:45:51-70,scalar,DectScheduledAccessNetwork.queue,measured_completed_packets,,,1000000
Phase6_Deterministic-20-20261001-21:45:51-70,scalar,DectScheduledAccessNetwork.queue,observation_time_s,,,4916.792417
Phase6_Deterministic-20-20261001-21:45:51-70,scalar,DectScheduledAccessNetwork.queue,blocking_probability,,,0.16528371686158
Phase6_Deterministic-20-20261001-21:45:51-70,scalar,DectScheduledAccessNetwork.queue,mean_type1_number,,,27.156710983497
Phase6_Deterministic-20-20261001-21:45:51-70,scalar,DectScheduledAccessNetwork.queue,mean_delay_direct_ms,,,133.52078053952
Phase6_Deterministic-20-20261001-21:45:51-70,scalar,DectScheduledAccessNetwork.queue,delay_p50_ms,,,137.5133430195
Phase6_Deterministic-20-20261001-21:45:51-70,scalar,DectScheduledAccessNetwork.queue,delay_p95_ms,,,146.95961017175
Phase6_Deterministic-20-20261001-21:45:51-70,scalar,DectScheduledAccessNetwork.queue,delay_p99_ms,,,147.72037685858
Phase6_Deterministic-20-20261001-21:45:51-70,scalar,DectScheduledAccessNetwork.queue,delay_p999_ms,,,147.89660758382
Phase6_Deterministic-20-20261001-21:45:51-70,scalar,DectScheduledAccessNetwork.queue,tail_sample_count,,,1000000
Phase6_Deterministic-20-20261001-21:45:51-70,scalar,DectScheduledAccessNetwork.queue,effective_throughput_departures_per_ms,,,0.20338462867427
Phase6_Deterministic-20-20261001-21:45:51-70,scalar,DectScheduledAccessNetwork.queue,effective_throughput_accepted_per_ms,,,0.20338991667461
Phase6_Deterministic-20-20261001-21:45:51-70,scalar,DectScheduledAccessNetwork.queue,mean_delay_little_ms,,,133.52391063432
Phase6_Deterministic-20-20261001-21:45:51-70,scalar,DectScheduledAccessNetwork.queue,little_vs_direct_relative_error,,,2.3442753895875e-05
Phase6_Deterministic-20-20261001-21:45:51-70,scalar,DectScheduledAccessNetwork.queue,type1_service_fraction,,,0.084745374962977
Phase6_Deterministic-20-20261001-21:45:51-70,scalar,DectScheduledAccessNetwork.queue,type2_service_fraction,,,0.91525462503592
Phase6_Deterministic-20-20261001-21:45:51-70,scalar,DectScheduledAccessNetwork.queue,full_type1_fraction,,,0.00090470946230695
Phase6_Deterministic-20-20261001-21:45:51-70,scalar,DectScheduledAccessNetwork.queue,full_type2_fraction,,,0.16436115556886
Phase6_Deterministic-20-20261001-21:45:51-70,scalar,DectScheduledAccessNetwork.queue,nonfull_state_fraction,,,0.83473413498615
Phase6_Deterministic-20-20261001-21:45:51-70,scalar,DectScheduledAccessNetwork.queue,saturated_full_state_fraction,,,0.16526586503116
Phase6_Deterministic-20-20261001-21:45:51-70,scalar,DectScheduledAccessNetwork.queue,full_type1_phase_0_fraction,,,0.00080079458800589
Phase6_Deterministic-20-20261001-21:45:51-70,scalar,DectScheduledAccessNetwork.queue,full_type1_phase_1_fraction,,,0.00010391487430107
Phase6_Deterministic-21-20261001-21:45:51-70,scalar,DectScheduledAccessNetwork.queue,D,,,10
Phase6_Deterministic-21-20261001-21:45:51-70,scalar,DectScheduledAccessNetwork.queue,r,,,30
Phase6_Deterministic-21-20261001-21:45:51-70,scalar,DectScheduledAccessNetwork.queue,L_effective,,,2
Phase6_Deterministic-21-20261001-21:45:51-70,scalar,DectScheduledAccessNetwork.queue,rho,,,0.101694915254
Phase6_Deterministic-21-20261001-21:45:51-70,scalar,DectScheduledAccessNetwork.queue,lambda_per_ms,,,0.24406779641435
Phase6_Deterministic-21-20261001-21:45:51-70,scalar,DectScheduledAccessNetwork.queue,lambda_sat_per_ms,,,0.20338983049469
Phase6_Deterministic-21-20261001-21:45:51-70,scalar,DectScheduledAccessNetwork.queue,rho_sat,,,0.084745762773916
Phase6_Deterministic-21-20261001-21:45:51-70,scalar,DectScheduledAccessNetwork.queue,load_factor_rho_over_rho_sat,,,1.1999999991186
Phase6_Deterministic-21-20261001-21:45:51-70,scalar,DectScheduledAccessNetwork.queue,mean_type1_service_ms,,,0.416666667
Phase6_Deterministic-21-20261001-21:45:51-70,scalar,DectScheduledAccessNetwork.queue,type1_service_distribution_code,,,0
Phase6_Deterministic-21-20261001-21:45:51-70,scalar,DectScheduledAccessNetwork.queue,type1_service_scv,,,0
Phase6_Deterministic-21-20261001-21:45:51-70,scalar,DectScheduledAccessNetwork.queue,type2_service_ms,,,9
Phase6_Deterministic-21-20261001-21:45:51-70,scalar,DectScheduledAccessNetwork.queue,warmup_type1_completions,,,200000
Phase6_Deterministic-21-20261001-21:45:51-70,scalar,DectScheduledAccessNetwork.queue,measured_arrivals,,,1198986
Phase6_Deterministic-21-20261001-21:45:51-70,scalar,DectScheduledAccessNetwork.queue,measured_accepted_arrivals,,,1000016
Phase6_Deterministic-21-20261001-21:45:51-70,scalar,DectScheduledAccessNetwork.queue,measured_blocked_arrivals,,,198970
Phase6_Deterministic-21-20261001-21:45:51-70,scalar,DectScheduledAccessNetwork.queue,measured_completed_packets,,,1000000
Phase6_Deterministic-21-20261001-21:45:51-70,scalar,DectScheduledAccessNetwork.queue,observation_time_s,,,4916.794917
Phase6_Deterministic-21-20261001-21:45:51-70,scalar,DectScheduledAccessNetwork.queue,blocking_probability,,,0.16594855986642
Phase6_Deterministic-21-20261001-21:45:51-70,scalar,DectScheduledAccessNetwork.queue,mean_type1_number,,,27.17002765461
Phase6_Deterministic-21-20261001-21:45:51-70,scalar,DectScheduledAccessNetwork.queue,mean_delay_direct_ms,,,133.58656972687
Phase6_Deterministic-21-20261001-21:45:51-70,scalar,DectScheduledAccessNetwork.queue,delay_p50_ms,,,137.569507958
Phase6_Deterministic-21-20261001-21:45:51-70,scalar,DectScheduledAccessNetwork.queue,delay_p95_ms,,,146.96611530145
Phase6_Deterministic-21-20261001-21:45:51-70,scalar,DectScheduledAccessNetwork.queue,delay_p99_ms,,,147.72324863595
Phase6_Deterministic-21-20261001-21:45:51-70,scalar,DectScheduledAccessNetwork.queue,delay_p999_ms,,,147.89654932468
Phase6_Deterministic-21-20261001-21:45:51-70,scalar,DectScheduledAccessNetwork.queue,tail_sample_count,,,1000000
Phase6_Deterministic-21-20261001-21:45:51-70,scalar,DectScheduledAccessNetwork.queue,effective_throughput_departures_per_ms,,,0.20338452526105
Phase6_Deterministic-21-20261001-21:45:51-70,scalar,DectScheduledAccessNetwork.queue,effective_throughput_accepted_per_ms,,,0.20338777941346
Phase6_Deterministic-21-20261001-21:45:51-70,scalar,DectScheduledAccessNetwork.queue,mean_delay_little_ms,,,133.58945386693
Phase6_Deterministic-21-20261001-21:45:51-70,scalar,DectScheduledAccessNetwork.queue,little_vs_direct_relative_error,,,2.1590045062192e-05
Phase6_Deterministic-21-20261001-21:45:51-70,scalar,DectScheduledAccessNetwork.queue,type1_service_fraction,,,0.084745840334546
Phase6_Deterministic-21-20261001-21:45:51-70,scalar,DectScheduledAccessNetwork.queue,type2_service_fraction,,,0.9152541596643
Phase6_Deterministic-21-20261001-21:45:51-70,scalar,DectScheduledAccessNetwork.queue,full_type1_fraction,,,0.0009174978013485
Phase6_Deterministic-21-20261001-21:45:51-70,scalar,DectScheduledAccessNetwork.queue,full_type2_fraction,,,0.16504673078016
Phase6_Deterministic-21-20261001-21:45:51-70,scalar,DectScheduledAccessNetwork.queue,nonfull_state_fraction,,,0.83403577143585
Phase6_Deterministic-21-20261001-21:45:51-70,scalar,DectScheduledAccessNetwork.queue,saturated_full_state_fraction,,,0.16596422858151
Phase6_Deterministic-21-20261001-21:45:51-70,scalar,DectScheduledAccessNetwork.queue,full_type1_phase_0_fraction,,,0.00081115329700297
Phase6_Deterministic-21-20261001-21:45:51-70,scalar,DectScheduledAccessNetwork.queue,full_type1_phase_1_fraction,,,0.00010634450434553
Phase6_Deterministic-22-20261001-21:45:52-70,scalar,DectScheduledAccessNetwork.queue,D,,,10
Phase6_Deterministic-22-20261001-21:45:52-70,scalar,DectScheduledAccessNetwork.queue,r,,,30
Phase6_Deterministic-22-20261001-21:45:52-70,scalar,DectScheduledAccessNetwork.queue,L_effective,,,2
Phase6_Deterministic-22-20261001-21:45:52-70,scalar,DectScheduledAccessNetwork.queue,rho,,,0.101694915254
Phase6_Deterministic-22-20261001-21:45:52-70,scalar,DectScheduledAccessNetwork.queue,lambda_per_ms,,,0.24406779641435
Phase6_Deterministic-22-20261001-21:45:52-70,scalar,DectScheduledAccessNetwork.queue,lambda_sat_per_ms,,,0.20338983049469
Phase6_Deterministic-22-20261001-21:45:52-70,scalar,DectScheduledAccessNetwork.queue,rho_sat,,,0.084745762773916
Phase6_Deterministic-22-20261001-21:45:52-70,scalar,DectScheduledAccessNetwork.queue,load_factor_rho_over_rho_sat,,,1.1999999991186
Phase6_Deterministic-22-20261001-21:45:52-70,scalar,DectScheduledAccessNetwork.queue,mean_type1_service_ms,,,0.416666667
Phase6_Deterministic-22-20261001-21:45:52-70,scalar,DectScheduledAccessNetwork.queue,type1_service_distribution_code,,,0
Phase6_Deterministic-22-20261001-21:45:52-70,scalar,DectScheduledAccessNetwork.queue,type1_service_scv,,,0
Phase6_Deterministic-22-20261001-21:45:52-70,scalar,DectScheduledAccessNetwork.queue,type2_service_ms,,,9
Phase6_Deterministic-22-20261001-21:45:52-70,scalar,DectScheduledAccessNetwork.queue,warmup_type1_completions,,,200000
Phase6_Deterministic-22-20261001-21:45:52-70,scalar,DectScheduledAccessNetwork.queue,measured_arrivals,,,1201632
Phase6_Deterministic-22-20261001-21:45:52-70,scalar,DectScheduledAccessNetwork.queue,measured_accepted_arrivals,,,1000029
Phase6_Deterministic-22-20261001-21:45:52-70,scalar,DectScheduledAccessNetwork.queue,measured_blocked_arrivals,,,201603
Phase6_Deterministic-22-20261001-21:45:52-70,scalar,DectScheduledAccessNetwork.queue,measured_completed_packets,,,1000000
Phase6_Deterministic-22-20261001-21:45:52-70,scalar,DectScheduledAccessNetwork.queue,observation_time_s,,,4916.8137503333
Phase6_Deterministic-22-20261001-21:45:52-70,scalar,DectScheduledAccessNetwork.queue,blocking_probability,,,0.1677743269154
Phase6_Deterministic-22-20261001-21:45:52-70,scalar,DectScheduledAccessNetwork.queue,mean_type1_number,,,27.249352550738
Phase6_Deterministic-22-20261001-21:45:52-70,scalar,DectScheduledAccessNetwork.queue,mean_delay_direct_ms,,,133.97586058502
Phase6_Deterministic-22-20261001-21:45:52-70,scalar,DectScheduledAccessNetwork.queue,delay_p50_ms,,,137.666182786
Phase6_Deterministic-22-20261001-21:45:52-70,scalar,DectScheduledAccessNetwork.queue,delay_p95_ms,,,146.9754081252
Phase6_Deterministic-22-20261001-21:45:52-70,scalar,DectScheduledAccessNetwork.queue,delay_p99_ms,,,147.72376899002
Phase6_Deterministic-22-20261001-21:45:52-70,scalar,DectScheduledAccessNetwork.queue,delay_p999_ms,,,147.89741488871
Phase6_Deterministic-22-20261001-21:45:52-70,scalar,DectScheduledAccessNetwork.queue,tail_sample_count,,,1000000
Phase6_Deterministic-22-20261001-21:45:52-70,scalar,DectScheduledAccessNetwork.queue,effective_throughput_departures_per_ms,,,0.20338374621821
Phase6_Deterministic-22-20261001-21:45:52-70,scalar,DectScheduledAccessNetwork.queue,effective_throughput_accepted_per_ms,,,0.20338964434685
Phase6_Deterministic-22-20261001-21:45:52-70,scalar,DectScheduledAccessNetwork.queue,mean_delay_little_ms,,,133.97999130915
Phase6_Deterministic-22-20261001-21:45:52-70,scalar,DectScheduledAccessNetwork.queue,little_vs_direct_relative_error,,,3.0831853706559e-05
Phase6_Deterministic-22-20261001-21:45:52-70,scalar,DectScheduledAccessNetwork.queue,type1_service_fraction,,,0.084745685211053
Phase6_Deterministic-22-20261001-21:45:52-70,scalar,DectScheduledAccessNetwork.queue,type2_service_fraction,,,0.91525431478783
Phase6_Deterministic-22-20261001-21:45:52-70,scalar,DectScheduledAccessNetwork.queue,full_type1_fraction,,,0.00091983663824512
Phase6_Deterministic-22-20261001-21:45:52-70,scalar,DectScheduledAccessNetwork.queue,full_type2_fraction,,,0.16625604891514
Phase6_Deterministic-22-20261001-21:45:52-70,scalar,DectScheduledAccessNetwork.queue,nonfull_state_fraction,,,0.83282411446401
Phase6_Deterministic-22-20261001-21:45:52-70,scalar,DectScheduledAccessNetwork.queue,saturated_full_state_fraction,,,0.16717588555338
Phase6_Deterministic-22-20261001-21:45:52-70,scalar,DectScheduledAccessNetwork.queue,full_type1_phase_0_fraction,,,0.0008148204053571
Phase6_Deterministic-22-20261001-21:45:52-70,scalar,DectScheduledAccessNetwork.queue,full_type1_phase_1_fraction,,,0.00010501623288801
Phase6_Deterministic-23-20261001-21:45:52-70,scalar,DectScheduledAccessNetwork.queue,D,,,10
Phase6_Deterministic-23-20261001-21:45:52-70,scalar,DectScheduledAccessNetwork.queue,r,,,30
Phase6_Deterministic-23-20261001-21:45:52-70,scalar,DectScheduledAccessNetwork.queue,L_effective,,,2
Phase6_Deterministic-23-20261001-21:45:52-70,scalar,DectScheduledAccessNetwork.queue,rho,,,0.101694915254
Phase6_Deterministic-23-20261001-21:45:52-70,scalar,DectScheduledAccessNetwork.queue,lambda_per_ms,,,0.24406779641435
Phase6_Deterministic-23-20261001-21:45:52-70,scalar,DectScheduledAccessNetwork.queue,lambda_sat_per_ms,,,0.20338983049469
Phase6_Deterministic-23-20261001-21:45:52-70,scalar,DectScheduledAccessNetwork.queue,rho_sat,,,0.084745762773916
Phase6_Deterministic-23-20261001-21:45:52-70,scalar,DectScheduledAccessNetwork.queue,load_factor_rho_over_rho_sat,,,1.1999999991186
Phase6_Deterministic-23-20261001-21:45:52-70,scalar,DectScheduledAccessNetwork.queue,mean_type1_service_ms,,,0.416666667
Phase6_Deterministic-23-20261001-21:45:52-70,scalar,DectScheduledAccessNetwork.queue,type1_service_distribution_code,,,0
Phase6_Deterministic-23-20261001-21:45:52-70,scalar,DectScheduledAccessNetwork.queue,type1_service_scv,,,0
Phase6_Deterministic-23-20261001-21:45:52-70,scalar,DectScheduledAccessNetwork.queue,type2_service_ms,,,9
Phase6_Deterministic-23-20261001-21:45:52-70,scalar,DectScheduledAccessNetwork.queue,warmup_type1_completions,,,200000
Phase6_Deterministic-23-20261001-21:45:52-70,scalar,DectScheduledAccessNetwork.queue,measured_arrivals,,,1200690
Phase6_Deterministic-23-20261001-21:45:52-70,scalar,DectScheduledAccessNetwork.queue,measured_accepted_arrivals,,,1000028
Phase6_Deterministic-23-20261001-21:45:52-70,scalar,DectScheduledAccessNetwork.queue,measured_blocked_arrivals,,,200662
Phase6_Deterministic-23-20261001-21:45:52-70,scalar,DectScheduledAccessNetwork.queue,measured_completed_packets,,,1000000
Phase6_Deterministic-23-20261001-21:45:52-70,scalar,DectScheduledAccessNetwork.queue,observation_time_s,,,4916.8313336667
Phase6_Deterministic-23-20261001-21:45:52-70,scalar,DectScheduledAccessNetwork.queue,blocking_probability,,,0.16712223804646
Phase6_Deterministic-23-20261001-21:45:52-70,scalar,DectScheduledAccessNetwork.queue,mean_type1_number,,,27.211091205073
Phase6_Deterministic-23-20261001-21:45:52-70,scalar,DectScheduledAccessNetwork.queue,mean_delay_direct_ms,,,133.78823384764
Phase6_Deterministic-23-20261001-21:45:52-70,scalar,DectScheduledAccessNetwork.queue,delay_p50_ms,,,137.650997277
Phase6_Deterministic-23-20261001-21:45:52-70,scalar,DectScheduledAccessNetwork.queue,delay_p95_ms,,,146.9744604683
Phase6_Deterministic-23-20261001-21:45:52-70,scalar,DectScheduledAccessNetwork.queue,delay_p99_ms,,,147.72483619584
Phase6_Deterministic-23-20261001-21:45:52-70,scalar,DectScheduledAccessNetwork.queue,delay_p999_ms,,,147.89735572738
Phase6_Deterministic-23-20261001-21:45:52-70,scalar,DectScheduledAccessNetwork.queue,tail_sample_count,,,1000000
Phase6_Deterministic-23-20261001-21:45:52-70,scalar,DectScheduledAccessNetwork.queue,effective_throughput_departures_per_ms,,,0.20338301888714
Phase6_Deterministic-23-20261001-21:45:52-70,scalar,DectScheduledAccessNetwork.queue,effective_throughput_accepted_per_ms,,,0.20338871361167
Phase6_Deterministic-23-20261001-21:45:52-70,scalar,DectScheduledAccessNetwork.queue,mean_delay_little_ms,,,133.79234586037
Phase6_Deterministic-23-20261001-21:45:52-70,scalar,DectScheduledAccessNetwork.queue,little_vs_direct_relative_error,,,3.0735234372248e-05
Phase6_Deterministic-23-20261001-21:45:52-70,scalar,DectScheduledAccessNetwork.queue,type1_service_fraction,,,0.084745297404724
Phase6_Deterministic-23-20261001-21:45:52-70,scalar,DectScheduledAccessNetwork.queue,type2_service_fraction,,,0.91525470259415
Phase6_Deterministic-23-20261001-21:45:52-70,scalar,DectScheduledAccessNetwork.queue,full_type1_fraction,,,0.00091909150088742
Phase6_Deterministic-23-20261001-21:45:52-70,scalar,DectScheduledAccessNetwork.queue,full_type2_fraction,,,0.16660978458557
Phase6_Deterministic-23-20261001-21:45:52-70,scalar,DectScheduledAccessNetwork.queue,nonfull_state_fraction,,,0.83247112393098
Phase6_Deterministic-23-20261001-21:45:52-70,scalar,DectScheduledAccessNetwork.queue,saturated_full_state_fraction,,,0.16752887608646
Phase6_Deterministic-23-20261001-21:45:52-70,scalar,DectScheduledAccessNetwork.queue,full_type1_phase_0_fraction,,,0.0008176797898436
Phase6_Deterministic-23-20261001-21:45:52-70,scalar,DectScheduledAccessNetwork.queue,full_type1_phase_1_fraction,,,0.00010141171104382
Phase6_Deterministic-24-20261001-21:45:52-70,scalar,DectScheduledAccessNetwork.queue,D,,,10
Phase6_Deterministic-24-20261001-21:45:52-70,scalar,DectScheduledAccessNetwork.queue,r,,,30
Phase6_Deterministic-24-20261001-21:45:52-70,scalar,DectScheduledAccessNetwork.queue,L_effective,,,2
Phase6_Deterministic-24-20261001-21:45:52-70,scalar,DectScheduledAccessNetwork.queue,rho,,,0.101694915254
Phase6_Deterministic-24-20261001-21:45:52-70,scalar,DectScheduledAccessNetwork.queue,lambda_per_ms,,,0.24406779641435
Phase6_Deterministic-24-20261001-21:45:52-70,scalar,DectScheduledAccessNetwork.queue,lambda_sat_per_ms,,,0.20338983049469
Phase6_Deterministic-24-20261001-21:45:52-70,scalar,DectScheduledAccessNetwork.queue,rho_sat,,,0.084745762773916
Phase6_Deterministic-24-20261001-21:45:52-70,scalar,DectScheduledAccessNetwork.queue,load_factor_rho_over_rho_sat,,,1.1999999991186
Phase6_Deterministic-24-20261001-21:45:52-70,scalar,DectScheduledAccessNetwork.queue,mean_type1_service_ms,,,0.416666667
Phase6_Deterministic-24-20261001-21:45:52-70,scalar,DectScheduledAccessNetwork.queue,type1_service_distribution_code,,,0
Phase6_Deterministic-24-20261001-21:45:52-70,scalar,DectScheduledAccessNetwork.queue,type1_service_scv,,,0
Phase6_Deterministic-24-20261001-21:45:52-70,scalar,DectScheduledAccessNetwork.queue,type2_service_ms,,,9
Phase6_Deterministic-24-20261001-21:45:52-70,scalar,DectScheduledAccessNetwork.queue,warmup_type1_completions,,,200000
Phase6_Deterministic-24-20261001-21:45:52-70,scalar,DectScheduledAccessNetwork.queue,measured_arrivals,,,1198650
Phase6_Deterministic-24-20261001-21:45:52-70,scalar,DectScheduledAccessNetwork.queue,measured_accepted_arrivals,,,1000027
Phase6_Deterministic-24-20261001-21:45:52-70,scalar,DectScheduledAccessNetwork.queue,measured_blocked_arrivals,,,198623
Phase6_Deterministic-24-20261001-21:45:52-70,scalar,DectScheduledAccessNetwork.queue,measured_completed_packets,,,1000000
Phase6_Deterministic-24-20261001-21:45:52-70,scalar,DectScheduledAccessNetwork.queue,observation_time_s,,,4916.830917
Phase6_Deterministic-24-20261001-21:45:52-70,scalar,DectScheduledAccessNetwork.queue,blocking_probability,,,0.1657055854503
Phase6_Deterministic-24-20261001-21:45:52-70,scalar,DectScheduledAccessNetwork.queue,mean_type1_number,,,27.164028247053
Phase6_Deterministic-24-20261001-21:45:52-70,scalar,DectScheduledAccessNetwork.queue,mean_delay_direct_ms,,,133.55713057867
Phase6_Deterministic-24-20261001-21:45:52-70,scalar,DectScheduledAccessNetwork.queue,delay_p50_ms,,,137.518664002
Phase6_Deterministic-24-20261001-21:45:52-70,scalar,DectScheduledAccessNetwork.queue,delay_p95_ms,,,146.9692309978
Phase6_Deterministic-24-20261001-21:45:52-70,scalar,DectScheduledAccessNetwork.queue,delay_p99_ms,,,147.72382926405
Phase6_Deterministic-24-20261001-21:45:52-70,scalar,DectScheduledAccessNetwork.queue,delay_p999_ms,,,147.89684282807
Phase6_Deterministic-24-20261001-21:45:52-70,scalar,DectScheduledAccessNetwork.queue,tail_sample_count,,,1000000
Phase6_Deterministic-24-20261001-21:45:52-70,scalar,DectScheduledAccessNetwork.queue,effective_throughput_departures_per_ms,,,0.20338303612241
Phase6_Deterministic-24-20261001-21:45:52-70,scalar,DectScheduledAccessNetwork.queue,effective_throughput_accepted_per_ms,,,0.20338852746439
Phase6_Deterministic-24-20261001-21:45:52-70,scalar,DectScheduledAccessNetwork.queue,mean_delay_little_ms,,,133.56093391537
Phase6_Deterministic-24-20261001-21:45:52-70,scalar,DectScheduledAccessNetwork.queue,little_vs_direct_relative_error,,,2.8477226795998e-05
Phase6_Deterministic-24-20261001-21:45:52-70,scalar,DectScheduledAccessNetwork.queue,type1_service_fraction,,,0.084745219843358
Phase6_Deterministic-24-20261001-21:45:52-70,scalar,DectScheduledAccessNetwork.queue,type2_service_fraction,,,0.91525478015558
Phase6_Deterministic-24-20261001-21:45:52-70,scalar,DectScheduledAccessNetwork.queue,full_type1_fraction,,,0.00091844912690029
Phase6_Deterministic-24-20261001-21:45:52-70,scalar,DectScheduledAccessNetwork.queue,full_type2_fraction,,,0.16451908001272
Phase6_Deterministic-24-20261001-21:45:52-70,scalar,DectScheduledAccessNetwork.queue,nonfull_state_fraction,,,0.83456247087771
Phase6_Deterministic-24-20261001-21:45:52-70,scalar,DectScheduledAccessNetwork.queue,saturated_full_state_fraction,,,0.16543752913962
Phase6_Deterministic-24-20261001-21:45:52-70,scalar,DectScheduledAccessNetwork.queue,full_type1_phase_0_fraction,,,0.00081060522703164
Phase6_Deterministic-24-20261001-21:45:52-70,scalar,DectScheduledAccessNetwork.queue,full_type1_phase_1_fraction,,,0.00010784389986864
Phase6_Deterministic-25-20261001-21:45:53-70,scalar,DectScheduledAccessNetwork.queue,D,,,10
Phase6_Deterministic-25-20261001-21:45:53-70,scalar,DectScheduledAccessNetwork.queue,r,,,30
Phase6_Deterministic-25-20261001-21:45:53-70,scalar,DectScheduledAccessNetwork.queue,L_effective,,,2
Phase6_Deterministic-25-20261001-21:45:53-70,scalar,DectScheduledAccessNetwork.queue,rho,,,0.101694915254
Phase6_Deterministic-25-20261001-21:45:53-70,scalar,DectScheduledAccessNetwork.queue,lambda_per_ms,,,0.24406779641435
Phase6_Deterministic-25-20261001-21:45:53-70,scalar,DectScheduledAccessNetwork.queue,lambda_sat_per_ms,,,0.20338983049469
Phase6_Deterministic-25-20261001-21:45:53-70,scalar,DectScheduledAccessNetwork.queue,rho_sat,,,0.084745762773916
Phase6_Deterministic-25-20261001-21:45:53-70,scalar,DectScheduledAccessNetwork.queue,load_factor_rho_over_rho_sat,,,1.1999999991186
Phase6_Deterministic-25-20261001-21:45:53-70,scalar,DectScheduledAccessNetwork.queue,mean_type1_service_ms,,,0.416666667
Phase6_Deterministic-25-20261001-21:45:53-70,scalar,DectScheduledAccessNetwork.queue,type1_service_distribution_code,,,0
Phase6_Deterministic-25-20261001-21:45:53-70,scalar,DectScheduledAccessNetwork.queue,type1_service_scv,,,0
Phase6_Deterministic-25-20261001-21:45:53-70,scalar,DectScheduledAccessNetwork.queue,type2_service_ms,,,9
Phase6_Deterministic-25-20261001-21:45:53-70,scalar,DectScheduledAccessNetwork.queue,warmup_type1_completions,,,200000
Phase6_Deterministic-25-20261001-21:45:53-70,scalar,DectScheduledAccessNetwork.queue,measured_arrivals,,,1199624
Phase6_Deterministic-25-20261001-21:45:53-70,scalar,DectScheduledAccessNetwork.queue,measured_accepted_arrivals,,,1000020
Phase6_Deterministic-25-20261001-21:45:53-70,scalar,DectScheduledAccessNetwork.queue,measured_blocked_arrivals,,,199604
Phase6_Deterministic-25-20261001-21:45:53-70,scalar,DectScheduledAccessNetwork.queue,measured_completed_packets,,,1000000
Phase6_Deterministic-25-20261001-21:45:53-70,scalar,DectScheduledAccessNetwork.queue,observation_time_s,,,4916.8043336667
Phase6_Deterministic-25-20261001-21:45:53-70,scalar,DectScheduledAccessNetwork.queue,blocking_probability,,,0.16638880182457
Phase6_Deterministic-25-20261001-21:45:53-70,scalar,DectScheduledAccessNetwork.queue,mean_type1_number,,,27.206584380357
Phase6_Deterministic-25-20261001-21:45:53-70,scalar,DectScheduledAccessNetwork.queue,mean_delay_direct_ms,,,133.76616574277
Phase6_Deterministic-25-20261001-21:45:53-70,scalar,DectScheduledAccessNetwork.queue,delay_p50_ms,,,137.580624516
Phase6_Deterministic-25-20261001-21:45:53-70,scalar,DectScheduledAccessNetwork.queue,delay_p95_ms,,,146.9689071407
Phase6_Deterministic-25-20261001-21:45:53-70,scalar,DectScheduledAccessNetwork.queue,delay_p99_ms,,,147.72187783635
Phase6_Deterministic-25-20261001-21:45:53-70,scalar,DectScheduledAccessNetwork.queue,delay_p999_ms,,,147.89704448553
Phase6_Deterministic-25-20261001-21:45:53-70,scalar,DectScheduledAccessNetwork.queue,tail_sample_count,,,1000000
Phase6_Deterministic-25-20261001-21:45:53-70,scalar,DectScheduledAccessNetwork.queue,effective_throughput_departures_per_ms,,,0.20338413573888
Phase6_Deterministic-25-20261001-21:45:53-70,scalar,DectScheduledAccessNetwork.queue,effective_throughput_accepted_per_ms,,,0.2033882034216
Phase6_Deterministic-25-20261001-21:45:53-70,scalar,DectScheduledAccessNetwork.queue,mean_delay_little_ms,,,133.76945198561
Phase6_Deterministic-25-20261001-21:45:53-70,scalar,DectScheduledAccessNetwork.queue,little_vs_direct_relative_error,,,2.4567070601833e-05
Phase6_Deterministic-25-20261001-21:45:53-70,scalar,DectScheduledAccessNetwork.queue,type1_service_fraction,,,0.08474576277265
Phase6_Deterministic-25-20261001-21:45:53-70,scalar,DectScheduledAccessNetwork.queue,type2_service_fraction,,,0.91525423722624
Phase6_Deterministic-25-20261001-21:45:53-70,scalar,DectScheduledAccessNetwork.queue,full_type1_fraction,,,0.00091069524031452
Phase6_Deterministic-25-20261001-21:45:53-70,scalar,DectScheduledAccessNetwork.queue,full_type2_fraction,,,0.16501969989181
Phase6_Deterministic-25-20261001-21:45:53-70,scalar,DectScheduledAccessNetwork.queue,nonfull_state_fraction,,,0.83406960488518
Phase6_Deterministic-25-20261001-21:45:53-70,scalar,DectScheduledAccessNetwork.queue,saturated_full_state_fraction,,,0.16593039513213
Phase6_Deterministic-25-20261001-21:45:53-70,scalar,DectScheduledAccessNetwork.queue,full_type1_phase_0_fraction,,,0.00080720385460758
Phase6_Deterministic-25-20261001-21:45:53-70,scalar,DectScheduledAccessNetwork.queue,full_type1_phase_1_fraction,,,0.00010349138570693
Phase6_Deterministic-26-20261001-21:45:53-70,scalar,DectScheduledAccessNetwork.queue,D,,,10
Phase6_Deterministic-26-20261001-21:45:53-70,scalar,DectScheduledAccessNetwork.queue,r,,,30
Phase6_Deterministic-26-20261001-21:45:53-70,scalar,DectScheduledAccessNetwork.queue,L_effective,,,2
Phase6_Deterministic-26-20261001-21:45:53-70,scalar,DectScheduledAccessNetwork.queue,rho,,,0.101694915254
Phase6_Deterministic-26-20261001-21:45:53-70,scalar,DectScheduledAccessNetwork.queue,lambda_per_ms,,,0.24406779641435
Phase6_Deterministic-26-20261001-21:45:53-70,scalar,DectScheduledAccessNetwork.queue,lambda_sat_per_ms,,,0.20338983049469
Phase6_Deterministic-26-20261001-21:45:53-70,scalar,DectScheduledAccessNetwork.queue,rho_sat,,,0.084745762773916
Phase6_Deterministic-26-20261001-21:45:53-70,scalar,DectScheduledAccessNetwork.queue,load_factor_rho_over_rho_sat,,,1.1999999991186
Phase6_Deterministic-26-20261001-21:45:53-70,scalar,DectScheduledAccessNetwork.queue,mean_type1_service_ms,,,0.416666667
Phase6_Deterministic-26-20261001-21:45:53-70,scalar,DectScheduledAccessNetwork.queue,type1_service_distribution_code,,,0
Phase6_Deterministic-26-20261001-21:45:53-70,scalar,DectScheduledAccessNetwork.queue,type1_service_scv,,,0
Phase6_Deterministic-26-20261001-21:45:53-70,scalar,DectScheduledAccessNetwork.queue,type2_service_ms,,,9
Phase6_Deterministic-26-20261001-21:45:53-70,scalar,DectScheduledAccessNetwork.queue,warmup_type1_completions,,,200000
Phase6_Deterministic-26-20261001-21:45:53-70,scalar,DectScheduledAccessNetwork.queue,measured_arrivals,,,1198561
Phase6_Deterministic-26-20261001-21:45:53-70,scalar,DectScheduledAccessNetwork.queue,measured_accepted_arrivals,,,1000029
Phase6_Deterministic-26-20261001-21:45:53-70,scalar,DectScheduledAccessNetwork.queue,measured_blocked_arrivals,,,198532
Phase6_Deterministic-26-20261001-21:45:53-70,scalar,DectScheduledAccessNetwork.queue,measured_completed_packets,,,1000000
Phase6_Deterministic-26-20261001-21:45:53-70,scalar,DectScheduledAccessNetwork.queue,observation_time_s,,,4916.7748336667
Phase6_Deterministic-26-20261001-21:45:53-70,scalar,DectScheduledAccessNetwork.queue,blocking_probability,,,0.16564196565715
Phase6_Deterministic-26-20261001-21:45:53-70,scalar,DectScheduledAccessNetwork.queue,mean_type1_number,,,27.18204799749
Phase6_Deterministic-26-20261001-21:45:53-70,scalar,DectScheduledAccessNetwork.queue,mean_delay_direct_ms,,,133.64515213282
Phase6_Deterministic-26-20261001-21:45:53-70,scalar,DectScheduledAccessNetwork.queue,delay_p50_ms,,,137.5619725305
Phase6_Deterministic-26-20261001-21:45:53-70,scalar,DectScheduledAccessNetwork.queue,delay_p95_ms,,,146.96967139545
Phase6_Deterministic-26-20261001-21:45:53-70,scalar,DectScheduledAccessNetwork.queue,delay_p99_ms,,,147.72234884174
Phase6_Deterministic-26-20261001-21:45:53-70,scalar,DectScheduledAccessNetwork.queue,delay_p999_ms,,,147.89705842645
Phase6_Deterministic-26-20261001-21:45:53-70,scalar,DectScheduledAccessNetwork.queue,tail_sample_count,,,1000000
Phase6_Deterministic-26-20261001-21:45:53-70,scalar,DectScheduledAccessNetwork.queue,effective_throughput_departures_per_ms,,,0.20338535601685
Phase6_Deterministic-26-20261001-21:45:53-70,scalar,DectScheduledAccessNetwork.queue,effective_throughput_accepted_per_ms,,,0.20339125419218
Phase6_Deterministic-26-20261001-21:45:53-70,scalar,DectScheduledAccessNetwork.queue,mean_delay_little_ms,,,133.64800952158
Phase6_Deterministic-26-20261001-21:45:53-70,scalar,DectScheduledAccessNetwork.queue,little_vs_direct_relative_error,,,2.1380414554129e-05
Phase6_Deterministic-26-20261001-21:45:53-70,scalar,DectScheduledAccessNetwork.queue,type1_service_fraction,,,0.084745762772648
Phase6_Deterministic-26-20261001-21:45:53-70,scalar,DectScheduledAccessNetwork.queue,type2_service_fraction,,,0.91525423722626
Phase6_Deterministic-26-20261001-21:45:53-70,scalar,DectScheduledAccessNetwork.queue,full_type1_fraction,,,0.00091357275186268
Phase6_Deterministic-26-20261001-21:45:53-70,scalar,DectScheduledAccessNetwork.queue,full_type2_fraction,,,0.16461547872337
Phase6_Deterministic-26-20261001-21:45:53-70,scalar,DectScheduledAccessNetwork.queue,nonfull_state_fraction,,,0.83447094854206
Phase6_Deterministic-26-20261001-21:45:53-70,scalar,DectScheduledAccessNetwork.queue,saturated_full_state_fraction,,,0.16552905147523
Phase6_Deterministic-26-20261001-21:45:53-70,scalar,DectScheduledAccessNetwork.queue,full_type1_phase_0_fraction,,,0.00080948983043787
Phase6_Deterministic-26-20261001-21:45:53-70,scalar,DectScheduledAccessNetwork.queue,full_type1_phase_1_fraction,,,0.00010408292142481
Phase6_Deterministic-27-20261001-21:45:53-70,scalar,DectScheduledAccessNetwork.queue,D,,,10
Phase6_Deterministic-27-20261001-21:45:53-70,scalar,DectScheduledAccessNetwork.queue,r,,,30
Phase6_Deterministic-27-20261001-21:45:53-70,scalar,DectScheduledAccessNetwork.queue,L_effective,,,2
Phase6_Deterministic-27-20261001-21:45:53-70,scalar,DectScheduledAccessNetwork.queue,rho,,,0.101694915254
Phase6_Deterministic-27-20261001-21:45:53-70,scalar,DectScheduledAccessNetwork.queue,lambda_per_ms,,,0.24406779641435
Phase6_Deterministic-27-20261001-21:45:53-70,scalar,DectScheduledAccessNetwork.queue,lambda_sat_per_ms,,,0.20338983049469
Phase6_Deterministic-27-20261001-21:45:53-70,scalar,DectScheduledAccessNetwork.queue,rho_sat,,,0.084745762773916
Phase6_Deterministic-27-20261001-21:45:53-70,scalar,DectScheduledAccessNetwork.queue,load_factor_rho_over_rho_sat,,,1.1999999991186
Phase6_Deterministic-27-20261001-21:45:53-70,scalar,DectScheduledAccessNetwork.queue,mean_type1_service_ms,,,0.416666667
Phase6_Deterministic-27-20261001-21:45:53-70,scalar,DectScheduledAccessNetwork.queue,type1_service_distribution_code,,,0
Phase6_Deterministic-27-20261001-21:45:53-70,scalar,DectScheduledAccessNetwork.queue,type1_service_scv,,,0
Phase6_Deterministic-27-20261001-21:45:53-70,scalar,DectScheduledAccessNetwork.queue,type2_service_ms,,,9
Phase6_Deterministic-27-20261001-21:45:53-70,scalar,DectScheduledAccessNetwork.queue,warmup_type1_completions,,,200000
Phase6_Deterministic-27-20261001-21:45:53-70,scalar,DectScheduledAccessNetwork.queue,measured_arrivals,,,1200466
Phase6_Deterministic-27-20261001-21:45:53-70,scalar,DectScheduledAccessNetwork.queue,measured_accepted_arrivals,,,1000028
Phase6_Deterministic-27-20261001-21:45:53-70,scalar,DectScheduledAccessNetwork.queue,measured_blocked_arrivals,,,200438
Phase6_Deterministic-27-20261001-21:45:53-70,scalar,DectScheduledAccessNetwork.queue,measured_completed_packets,,,1000000
Phase6_Deterministic-27-20261001-21:45:53-70,scalar,DectScheduledAccessNetwork.queue,observation_time_s,,,4916.812917
Phase6_Deterministic-27-20261001-21:45:53-70,scalar,DectScheduledAccessNetwork.queue,blocking_probability,,,0.16696682788184
Phase6_Deterministic-27-20261001-21:45:53-70,scalar,DectScheduledAccessNetwork.queue,mean_type1_number,,,27.22068592169
Phase6_Deterministic-27-20261001-21:45:53-70,scalar,DectScheduledAccessNetwork.queue,mean_delay_direct_ms,,,133.83542482386
Phase6_Deterministic-27-20261001-21:45:53-70,scalar,DectScheduledAccessNetwork.queue,delay_p50_ms,,,137.629452962
Phase6_Deterministic-27-20261001-21:45:53-70,scalar,DectScheduledAccessNetwork.queue,delay_p95_ms,,,146.97366462085
Phase6_Deterministic-27-20261001-21:45:53-70,scalar,DectScheduledAccessNetwork.queue,delay_p99_ms,,,147.72547688768
Phase6_Deterministic-27-20261001-21:45:53-70,scalar,DectScheduledAccessNetwork.queue,delay_p999_ms,,,147.89762547205
Phase6_Deterministic-27-20261001-21:45:53-70,scalar,DectScheduledAccessNetwork.queue,tail_sample_count,,,1000000
Phase6_Deterministic-27-20261001-21:45:53-70,scalar,DectScheduledAccessNetwork.queue,effective_throughput_departures_per_ms,,,0.20338378068901
Phase6_Deterministic-27-20261001-21:45:53-70,scalar,DectScheduledAccessNetwork.queue,effective_throughput_accepted_per_ms,,,0.20338947543486
Phase6_Deterministic-27-20261001-21:45:53-70,scalar,DectScheduledAccessNetwork.queue,mean_delay_little_ms,,,133.83902014936
Phase6_Deterministic-27-20261001-21:45:53-70,scalar,DectScheduledAccessNetwork.queue,little_vs_direct_relative_error,,,2.6863780735464e-05
Phase6_Deterministic-27-20261001-21:45:53-70,scalar,DectScheduledAccessNetwork.queue,type1_service_fraction,,,0.084745530087817
Phase6_Deterministic-27-20261001-21:45:53-70,scalar,DectScheduledAccessNetwork.queue,type2_service_fraction,,,0.91525446991106
Phase6_Deterministic-27-20261001-21:45:53-70,scalar,DectScheduledAccessNetwork.queue,full_type1_fraction,,,0.00092055557887317
Phase6_Deterministic-27-20261001-21:45:53-70,scalar,DectScheduledAccessNetwork.queue,full_type2_fraction,,,0.16589991404834
Phase6_Deterministic-27-20261001-21:45:53-70,scalar,DectScheduledAccessNetwork.queue,nonfull_state_fraction,,,0.83317953039025
Phase6_Deterministic-27-20261001-21:45:53-70,scalar,DectScheduledAccessNetwork.queue,saturated_full_state_fraction,,,0.16682046962721
Phase6_Deterministic-27-20261001-21:45:53-70,scalar,DectScheduledAccessNetwork.queue,full_type1_phase_0_fraction,,,0.00081710755967736
Phase6_Deterministic-27-20261001-21:45:53-70,scalar,DectScheduledAccessNetwork.queue,full_type1_phase_1_fraction,,,0.0001034480191958
Phase6_Deterministic-28-20261001-21:45:53-70,scalar,DectScheduledAccessNetwork.queue,D,,,10
Phase6_Deterministic-28-20261001-21:45:53-70,scalar,DectScheduledAccessNetwork.queue,r,,,30
Phase6_Deterministic-28-20261001-21:45:53-70,scalar,DectScheduledAccessNetwork.queue,L_effective,,,2
Phase6_Deterministic-28-20261001-21:45:53-70,scalar,DectScheduledAccessNetwork.queue,rho,,,0.101694915254
Phase6_Deterministic-28-20261001-21:45:53-70,scalar,DectScheduledAccessNetwork.queue,lambda_per_ms,,,0.24406779641435
Phase6_Deterministic-28-20261001-21:45:53-70,scalar,DectScheduledAccessNetwork.queue,lambda_sat_per_ms,,,0.20338983049469
Phase6_Deterministic-28-20261001-21:45:53-70,scalar,DectScheduledAccessNetwork.queue,rho_sat,,,0.084745762773916
Phase6_Deterministic-28-20261001-21:45:53-70,scalar,DectScheduledAccessNetwork.queue,load_factor_rho_over_rho_sat,,,1.1999999991186
Phase6_Deterministic-28-20261001-21:45:53-70,scalar,DectScheduledAccessNetwork.queue,mean_type1_service_ms,,,0.416666667
Phase6_Deterministic-28-20261001-21:45:53-70,scalar,DectScheduledAccessNetwork.queue,type1_service_distribution_code,,,0
Phase6_Deterministic-28-20261001-21:45:53-70,scalar,DectScheduledAccessNetwork.queue,type1_service_scv,,,0
Phase6_Deterministic-28-20261001-21:45:53-70,scalar,DectScheduledAccessNetwork.queue,type2_service_ms,,,9
Phase6_Deterministic-28-20261001-21:45:53-70,scalar,DectScheduledAccessNetwork.queue,warmup_type1_completions,,,200000
Phase6_Deterministic-28-20261001-21:45:53-70,scalar,DectScheduledAccessNetwork.queue,measured_arrivals,,,1200213
Phase6_Deterministic-28-20261001-21:45:53-70,scalar,DectScheduledAccessNetwork.queue,measured_accepted_arrivals,,,1000029
Phase6_Deterministic-28-20261001-21:45:53-70,scalar,DectScheduledAccessNetwork.queue,measured_blocked_arrivals,,,200184
Phase6_Deterministic-28-20261001-21:45:53-70,scalar,DectScheduledAccessNetwork.queue,measured_completed_packets,,,1000000
Phase6_Deterministic-28-20261001-21:45:53-70,scalar,DectScheduledAccessNetwork.queue,observation_time_s,,,4916.8313336667
Phase6_Deterministic-28-20261001-21:45:53-70,scalar,DectScheduledAccessNetwork.queue,blocking_probability,,,0.16679039470494
Phase6_Deterministic-28-20261001-21:45:53-70,scalar,DectScheduledAccessNetwork.queue,mean_type1_number,,,27.203535453044
Phase6_Deterministic-28-20261001-21:45:53-70,scalar,DectScheduledAccessNetwork.queue,mean_delay_direct_ms,,,133.75126531757
Phase6_Deterministic-28-20261001-21:45:53-70,scalar,DectScheduledAccessNetwork.queue,delay_p50_ms,,,137.5973030125
Phase6_Deterministic-28-20261001-21:45:53-70,scalar,DectScheduledAccessNetwork.queue,delay_p95_ms,,,146.9728695506
Phase6_Deterministic-28-20261001-21:45:53-70,scalar,DectScheduledAccessNetwork.queue,delay_p99_ms,,,147.72385540367
Phase6_Deterministic-28-20261001-21:45:53-70,scalar,DectScheduledAccessNetwork.queue,delay_p999_ms,,,147.89714479671
Phase6_Deterministic-28-20261001-21:45:53-70,scalar,DectScheduledAccessNetwork.queue,tail_sample_count,,,1000000
Phase6_Deterministic-28-20261001-21:45:53-70,scalar,DectScheduledAccessNetwork.queue,effective_throughput_departures_per_ms,,,0.20338301888714
Phase6_Deterministic-28-20261001-21:45:53-70,scalar,DectScheduledAccessNetwork.queue,effective_throughput_accepted_per_ms,,,0.20338891699469
Phase6_Deterministic-28-20261001-21:45:53-70,scalar,DectScheduledAccessNetwork.queue,mean_delay_little_ms,,,133.75519550204
Phase6_Deterministic-28-20261001-21:45:53-70,scalar,DectScheduledAccessNetwork.queue,little_vs_direct_relative_error,,,2.9384278828593e-05
Phase6_Deterministic-28-20261001-21:45:53-70,scalar,DectScheduledAccessNetwork.queue,type1_service_fraction,,,0.084745297404725
Phase6_Deterministic-28-20261001-21:45:53-70,scalar,DectScheduledAccessNetwork.queue,type2_service_fraction,,,0.91525470259412
Phase6_Deterministic-28-20261001-21:45:53-70,scalar,DectScheduledAccessNetwork.queue,full_type1_fraction,,,0.00091887351416481
Phase6_Deterministic-28-20261001-21:45:53-70,scalar,DectScheduledAccessNetwork.queue,full_type2_fraction,,,0.16541806009857
Phase6_Deterministic-28-20261001-21:45:53-70,scalar,DectScheduledAccessNetwork.queue,nonfull_state_fraction,,,0.83366306640461
Phase6_Deterministic-28-20261001-21:45:53-70,scalar,DectScheduledAccessNetwork.queue,saturated_full_state_fraction,,,0.16633693361274
Phase6_Deterministic-28-20261001-21:45:53-70,scalar,DectScheduledAccessNetwork.queue,full_type1_phase_0_fraction,,,0.00081596264886172
Phase6_Deterministic-28-20261001-21:45:53-70,scalar,DectScheduledAccessNetwork.queue,full_type1_phase_1_fraction,,,0.00010291086530309
Phase6_Deterministic-29-20261001-21:45:54-70,scalar,DectScheduledAccessNetwork.queue,D,,,10
Phase6_Deterministic-29-20261001-21:45:54-70,scalar,DectScheduledAccessNetwork.queue,r,,,30
Phase6_Deterministic-29-20261001-21:45:54-70,scalar,DectScheduledAccessNetwork.queue,L_effective,,,2
Phase6_Deterministic-29-20261001-21:45:54-70,scalar,DectScheduledAccessNetwork.queue,rho,,,0.101694915254
Phase6_Deterministic-29-20261001-21:45:54-70,scalar,DectScheduledAccessNetwork.queue,lambda_per_ms,,,0.24406779641435
Phase6_Deterministic-29-20261001-21:45:54-70,scalar,DectScheduledAccessNetwork.queue,lambda_sat_per_ms,,,0.20338983049469
Phase6_Deterministic-29-20261001-21:45:54-70,scalar,DectScheduledAccessNetwork.queue,rho_sat,,,0.084745762773916
Phase6_Deterministic-29-20261001-21:45:54-70,scalar,DectScheduledAccessNetwork.queue,load_factor_rho_over_rho_sat,,,1.1999999991186
Phase6_Deterministic-29-20261001-21:45:54-70,scalar,DectScheduledAccessNetwork.queue,mean_type1_service_ms,,,0.416666667
Phase6_Deterministic-29-20261001-21:45:54-70,scalar,DectScheduledAccessNetwork.queue,type1_service_distribution_code,,,0
Phase6_Deterministic-29-20261001-21:45:54-70,scalar,DectScheduledAccessNetwork.queue,type1_service_scv,,,0
Phase6_Deterministic-29-20261001-21:45:54-70,scalar,DectScheduledAccessNetwork.queue,type2_service_ms,,,9
Phase6_Deterministic-29-20261001-21:45:54-70,scalar,DectScheduledAccessNetwork.queue,warmup_type1_completions,,,200000
Phase6_Deterministic-29-20261001-21:45:54-70,scalar,DectScheduledAccessNetwork.queue,measured_arrivals,,,1200239
Phase6_Deterministic-29-20261001-21:45:54-70,scalar,DectScheduledAccessNetwork.queue,measured_accepted_arrivals,,,1000022
Phase6_Deterministic-29-20261001-21:45:54-70,scalar,DectScheduledAccessNetwork.queue,measured_blocked_arrivals,,,200217
Phase6_Deterministic-29-20261001-21:45:54-70,scalar,DectScheduledAccessNetwork.queue,measured_completed_packets,,,1000000
Phase6_Deterministic-29-20261001-21:45:54-70,scalar,DectScheduledAccessNetwork.queue,observation_time_s,,,4916.8035003333
Phase6_Deterministic-29-20261001-21:45:54-70,scalar,DectScheduledAccessNetwork.queue,blocking_probability,,,0.16681427615667
Phase6_Deterministic-29-20261001-21:45:54-70,scalar,DectScheduledAccessNetwork.queue,mean_type1_number,,,27.189798052812
Phase6_Deterministic-29-20261001-21:45:54-70,scalar,DectScheduledAccessNetwork.queue,mean_delay_direct_ms,,,133.68391728009
Phase6_Deterministic-29-20261001-21:45:54-70,scalar,DectScheduledAccessNetwork.queue,delay_p50_ms,,,137.61206697
Phase6_Deterministic-29-20261001-21:45:54-70,scalar,DectScheduledAccessNetwork.queue,delay_p95_ms,,,146.97148320255
Phase6_Deterministic-29-20261001-21:45:54-70,scalar,DectScheduledAccessNetwork.queue,delay_p99_ms,,,147.72283974387
Phase6_Deterministic-29-20261001-21:45:54-70,scalar,DectScheduledAccessNetwork.queue,delay_p999_ms,,,147.89703629127
Phase6_Deterministic-29-20261001-21:45:54-70,scalar,DectScheduledAccessNetwork.queue,tail_sample_count,,,1000000
Phase6_Deterministic-29-20261001-21:45:54-70,scalar,DectScheduledAccessNetwork.queue,effective_throughput_departures_per_ms,,,0.20338417020981
Phase6_Deterministic-29-20261001-21:45:54-70,scalar,DectScheduledAccessNetwork.queue,effective_throughput_accepted_per_ms,,,0.20338864466156
Phase6_Deterministic-29-20261001-21:45:54-70,scalar,DectScheduledAccessNetwork.queue,mean_delay_little_ms,,,133.68689423942
Phase6_Deterministic-29-20261001-21:45:54-70,scalar,DectScheduledAccessNetwork.queue,little_vs_direct_relative_error,,,2.2268642303036e-05
Phase6_Deterministic-29-20261001-21:45:54-70,scalar,DectScheduledAccessNetwork.queue,type1_service_fraction,,,0.08474560764913
Phase6_Deterministic-29-20261001-21:45:54-70,scalar,DectScheduledAccessNetwork.queue,type2_service_fraction,,,0.91525439234977
Phase6_Deterministic-29-20261001-21:45:54-70,scalar,DectScheduledAccessNetwork.queue,full_type1_fraction,,,0.00091248600868996
Phase6_Deterministic-29-20261001-21:45:54-70,scalar,DectScheduledAccessNetwork.queue,full_type2_fraction,,,0.16615952829839
Phase6_Deterministic-29-20261001-21:45:54-70,scalar,DectScheduledAccessNetwork.queue,nonfull_state_fraction,,,0.83292798571038
Phase6_Deterministic-29-20261001-21:45:54-70,scalar,DectScheduledAccessNetwork.queue,saturated_full_state_fraction,,,0.16707201430708
Phase6_Deterministic-29-20261001-21:45:54-70,scalar,DectScheduledAccessNetwork.queue,full_type1_phase_0_fraction,,,0.00080756043364653
Phase6_Deterministic-29-20261001-21:45:54-70,scalar,DectScheduledAccessNetwork.queue,full_type1_phase_1_fraction,,,0.00010492557504342
Phase6_Exponential-0-20261001-21:45:54-71,scalar,DectScheduledAccessNetwork.queue,D,,,10
Phase6_Exponential-0-20261001-21:45:54-71,scalar,DectScheduledAccessNetwork.queue,r,,,30
Phase6_Exponential-0-20261001-21:45:54-71,scalar,DectScheduledAccessNetwork.queue,L_effective,,,2
Phase6_Exponential-0-20261001-21:45:54-71,scalar,DectScheduledAccessNetwork.queue,rho,,,0.067796610169
Phase6_Exponential-0-20261001-21:45:54-71,scalar,DectScheduledAccessNetwork.queue,lambda_per_ms,,,0.16271186427543
Phase6_Exponential-0-20261001-21:45:54-71,scalar,DectScheduledAccessNetwork.queue,lambda_sat_per_ms,,,0.20338983049469
Phase6_Exponential-0-20261001-21:45:54-71,scalar,DectScheduledAccessNetwork.queue,rho_sat,,,0.084745762773916
Phase6_Exponential-0-20261001-21:45:54-71,scalar,DectScheduledAccessNetwork.queue,load_factor_rho_over_rho_sat,,,0.79999999940844
Phase6_Exponential-0-20261001-21:45:54-71,scalar,DectScheduledAccessNetwork.queue,mean_type1_service_ms,,,0.416666667
Phase6_Exponential-0-20261001-21:45:54-71,scalar,DectScheduledAccessNetwork.queue,type1_service_distribution_code,,,1
Phase6_Exponential-0-20261001-21:45:54-71,scalar,DectScheduledAccessNetwork.queue,type1_service_scv,,,1
Phase6_Exponential-0-20261001-21:45:54-71,scalar,DectScheduledAccessNetwork.queue,type2_service_ms,,,9
Phase6_Exponential-0-20261001-21:45:54-71,scalar,DectScheduledAccessNetwork.queue,warmup_type1_completions,,,200000
Phase6_Exponential-0-20261001-21:45:54-71,scalar,DectScheduledAccessNetwork.queue,measured_arrivals,,,1000005
Phase6_Exponential-0-20261001-21:45:54-71,scalar,DectScheduledAccessNetwork.queue,measured_accepted_arrivals,,,1000005
Phase6_Exponential-0-20261001-21:45:54-71,scalar,DectScheduledAccessNetwork.queue,measured_blocked_arrivals,,,0
Phase6_Exponential-0-20261001-21:45:54-71,scalar,DectScheduledAccessNetwork.queue,measured_completed_packets,,,1000000
Phase6_Exponential-0-20261001-21:45:54-71,scalar,DectScheduledAccessNetwork.queue,observation_time_s,,,6146.2198942822
Phase6_Exponential-0-20261001-21:45:54-71,scalar,DectScheduledAccessNetwork.queue,blocking_probability,,,0
Phase6_Exponential-0-20261001-21:45:54-71,scalar,DectScheduledAccessNetwork.queue,mean_type1_number,,,2.2588104379414
Phase6_Exponential-0-20261001-21:45:54-71,scalar,DectScheduledAccessNetwork.queue,mean_delay_direct_ms,,,13.883099296677
Phase6_Exponential-0-20261001-21:45:54-71,scalar,DectScheduledAccessNetwork.queue,delay_p50_ms,,,10.3124222925
Phase6_Exponential-0-20261001-21:45:54-71,scalar,DectScheduledAccessNetwork.queue,delay_p95_ms,,,37.1445104521
Phase6_Exponential-0-20261001-21:45:54-71,scalar,DectScheduledAccessNetwork.queue,delay_p99_ms,,,56.17721172833
Phase6_Exponential-0-20261001-21:45:54-71,scalar,DectScheduledAccessNetwork.queue,delay_p999_ms,,,81.53184376371
Phase6_Exponential-0-20261001-21:45:54-71,scalar,DectScheduledAccessNetwork.queue,tail_sample_count,,,1000000
Phase6_Exponential-0-20261001-21:45:54-71,scalar,DectScheduledAccessNetwork.queue,effective_throughput_departures_per_ms,,,0.16270163079103
Phase6_Exponential-0-20261001-21:45:54-71,scalar,DectScheduledAccessNetwork.queue,effective_throughput_accepted_per_ms,,,0.16270244429919
Phase6_Exponential-0-20261001-21:45:54-71,scalar,DectScheduledAccessNetwork.queue,mean_delay_little_ms,,,13.883145651088
Phase6_Exponential-0-20261001-21:45:54-71,scalar,DectScheduledAccessNetwork.queue,little_vs_direct_relative_error,,,3.3389093692104e-06
Phase6_Exponential-0-20261001-21:45:54-71,scalar,DectScheduledAccessNetwork.queue,type1_service_fraction,,,0.067871456188911
Phase6_Exponential-0-20261001-21:45:54-71,scalar,DectScheduledAccessNetwork.queue,type2_service_fraction,,,0.93212854381141
Phase6_Exponential-0-20261001-21:45:54-71,scalar,DectScheduledAccessNetwork.queue,full_type1_fraction,,,0
Phase6_Exponential-0-20261001-21:45:54-71,scalar,DectScheduledAccessNetwork.queue,full_type2_fraction,,,0
Phase6_Exponential-0-20261001-21:45:54-71,scalar,DectScheduledAccessNetwork.queue,nonfull_state_fraction,,,1.0000000000003
Phase6_Exponential-0-20261001-21:45:54-71,scalar,DectScheduledAccessNetwork.queue,saturated_full_state_fraction,,,0
Phase6_Exponential-0-20261001-21:45:54-71,scalar,DectScheduledAccessNetwork.queue,full_type1_phase_0_fraction,,,0
Phase6_Exponential-0-20261001-21:45:54-71,scalar,DectScheduledAccessNetwork.queue,full_type1_phase_1_fraction,,,0
Phase6_Exponential-1-20261001-21:45:54-71,scalar,DectScheduledAccessNetwork.queue,D,,,10
Phase6_Exponential-1-20261001-21:45:54-71,scalar,DectScheduledAccessNetwork.queue,r,,,30
Phase6_Exponential-1-20261001-21:45:54-71,scalar,DectScheduledAccessNetwork.queue,L_effective,,,2
Phase6_Exponential-1-20261001-21:45:54-71,scalar,DectScheduledAccessNetwork.queue,rho,,,0.067796610169
Phase6_Exponential-1-20261001-21:45:54-71,scalar,DectScheduledAccessNetwork.queue,lambda_per_ms,,,0.16271186427543
Phase6_Exponential-1-20261001-21:45:54-71,scalar,DectScheduledAccessNetwork.queue,lambda_sat_per_ms,,,0.20338983049469
Phase6_Exponential-1-20261001-21:45:54-71,scalar,DectScheduledAccessNetwork.queue,rho_sat,,,0.084745762773916
Phase6_Exponential-1-20261001-21:45:54-71,scalar,DectScheduledAccessNetwork.queue,load_factor_rho_over_rho_sat,,,0.79999999940844
Phase6_Exponential-1-20261001-21:45:54-71,scalar,DectScheduledAccessNetwork.queue,mean_type1_service_ms,,,0.416666667
Phase6_Exponential-1-20261001-21:45:54-71,scalar,DectScheduledAccessNetwork.queue,type1_service_distribution_code,,,1
Phase6_Exponential-1-20261001-21:45:54-71,scalar,DectScheduledAccessNetwork.queue,type1_service_scv,,,1
Phase6_Exponential-1-20261001-21:45:54-71,scalar,DectScheduledAccessNetwork.queue,type2_service_ms,,,9
Phase6_Exponential-1-20261001-21:45:54-71,scalar,DectScheduledAccessNetwork.queue,warmup_type1_completions,,,200000
Phase6_Exponential-1-20261001-21:45:54-71,scalar,DectScheduledAccessNetwork.queue,measured_arrivals,,,1000008
Phase6_Exponential-1-20261001-21:45:54-71,scalar,DectScheduledAccessNetwork.queue,measured_accepted_arrivals,,,1000003
Phase6_Exponential-1-20261001-21:45:54-71,scalar,DectScheduledAccessNetwork.queue,measured_blocked_arrivals,,,5
Phase6_Exponential-1-20261001-21:45:54-71,scalar,DectScheduledAccessNetwork.queue,measured_completed_packets,,,1000000
Phase6_Exponential-1-20261001-21:45:54-71,scalar,DectScheduledAccessNetwork.queue,observation_time_s,,,6144.9047350085
Phase6_Exponential-1-20261001-21:45:54-71,scalar,DectScheduledAccessNetwork.queue,blocking_probability,,,4.99996000032e-06
Phase6_Exponential-1-20261001-21:45:54-71,scalar,DectScheduledAccessNetwork.queue,mean_type1_number,,,2.2593872663
Phase6_Exponential-1-20261001-21:45:54-71,scalar,DectScheduledAccessNetwork.queue,mean_delay_direct_ms,,,13.88369552424
Phase6_Exponential-1-20261001-21:45:54-71,scalar,DectScheduledAccessNetwork.queue,delay_p50_ms,,,10.3163885565
Phase6_Exponential-1-20261001-21:45:54-71,scalar,DectScheduledAccessNetwork.queue,delay_p95_ms,,,37.05384348585
Phase6_Exponential-1-20261001-21:45:54-71,scalar,DectScheduledAccessNetwork.queue,delay_p99_ms,,,55.84618521408
Phase6_Exponential-1-20261001-21:45:54-71,scalar,DectScheduledAccessNetwork.queue,delay_p999_ms,,,85.343993617848
Phase6_Exponential-1-20261001-21:45:54-71,scalar,DectScheduledAccessNetwork.queue,tail_sample_count,,,1000000
Phase6_Exponential-1-20261001-21:45:54-71,scalar,DectScheduledAccessNetwork.queue,effective_throughput_departures_per_ms,,,0.16273645290265
Phase6_Exponential-1-20261001-21:45:54-71,scalar,DectScheduledAccessNetwork.queue,effective_throughput_accepted_per_ms,,,0.16273694111201
Phase6_Exponential-1-20261001-21:45:54-71,scalar,DectScheduledAccessNetwork.queue,mean_delay_little_ms,,,13.883719510905
Phase6_Exponential-1-20261001-21:45:54-71,scalar,DectScheduledAccessNetwork.queue,little_vs_direct_relative_error,,,1.7276858712556e-06
Phase6_Exponential-1-20261001-21:45:54-71,scalar,DectScheduledAccessNetwork.queue,type1_service_fraction,,,0.067890187561703
Phase6_Exponential-1-20261001-21:45:54-71,scalar,DectScheduledAccessNetwork.queue,type2_service_fraction,,,0.93210981243859
Phase6_Exponential-1-20261001-21:45:54-71,scalar,DectScheduledAccessNetwork.queue,full_type1_fraction,,,1.0428795443305e-07
Phase6_Exponential-1-20261001-21:45:54-71,scalar,DectScheduledAccessNetwork.queue,full_type2_fraction,,,5.1192904045821e-06
Phase6_Exponential-1-20261001-21:45:54-71,scalar,DectScheduledAccessNetwork.queue,nonfull_state_fraction,,,0.99999477642196
Phase6_Exponential-1-20261001-21:45:54-71,scalar,DectScheduledAccessNetwork.queue,saturated_full_state_fraction,,,5.2235783590151e-06
Phase6_Exponential-1-20261001-21:45:54-71,scalar,DectScheduledAccessNetwork.queue,full_type1_phase_0_fraction,,,1.0428795443305e-07
Phase6_Exponential-1-20261001-21:45:54-71,scalar,DectScheduledAccessNetwork.queue,full_type1_phase_1_fraction,,,0
Phase6_Exponential-2-20261001-21:45:54-71,scalar,DectScheduledAccessNetwork.queue,D,,,10
Phase6_Exponential-2-20261001-21:45:54-71,scalar,DectScheduledAccessNetwork.queue,r,,,30
Phase6_Exponential-2-20261001-21:45:54-71,scalar,DectScheduledAccessNetwork.queue,L_effective,,,2
Phase6_Exponential-2-20261001-21:45:54-71,scalar,DectScheduledAccessNetwork.queue,rho,,,0.067796610169
Phase6_Exponential-2-20261001-21:45:54-71,scalar,DectScheduledAccessNetwork.queue,lambda_per_ms,,,0.16271186427543
Phase6_Exponential-2-20261001-21:45:54-71,scalar,DectScheduledAccessNetwork.queue,lambda_sat_per_ms,,,0.20338983049469
Phase6_Exponential-2-20261001-21:45:54-71,scalar,DectScheduledAccessNetwork.queue,rho_sat,,,0.084745762773916
Phase6_Exponential-2-20261001-21:45:54-71,scalar,DectScheduledAccessNetwork.queue,load_factor_rho_over_rho_sat,,,0.79999999940844
Phase6_Exponential-2-20261001-21:45:54-71,scalar,DectScheduledAccessNetwork.queue,mean_type1_service_ms,,,0.416666667
Phase6_Exponential-2-20261001-21:45:54-71,scalar,DectScheduledAccessNetwork.queue,type1_service_distribution_code,,,1
Phase6_Exponential-2-20261001-21:45:54-71,scalar,DectScheduledAccessNetwork.queue,type1_service_scv,,,1
Phase6_Exponential-2-20261001-21:45:54-71,scalar,DectScheduledAccessNetwork.queue,type2_service_ms,,,9
Phase6_Exponential-2-20261001-21:45:54-71,scalar,DectScheduledAccessNetwork.queue,warmup_type1_completions,,,200000
Phase6_Exponential-2-20261001-21:45:54-71,scalar,DectScheduledAccessNetwork.queue,measured_arrivals,,,1000001
Phase6_Exponential-2-20261001-21:45:54-71,scalar,DectScheduledAccessNetwork.queue,measured_accepted_arrivals,,,1000001
Phase6_Exponential-2-20261001-21:45:54-71,scalar,DectScheduledAccessNetwork.queue,measured_blocked_arrivals,,,0
Phase6_Exponential-2-20261001-21:45:54-71,scalar,DectScheduledAccessNetwork.queue,measured_completed_packets,,,1000000
Phase6_Exponential-2-20261001-21:45:54-71,scalar,DectScheduledAccessNetwork.queue,observation_time_s,,,6139.6986486559
Phase6_Exponential-2-20261001-21:45:54-71,scalar,DectScheduledAccessNetwork.queue,blocking_probability,,,0
Phase6_Exponential-2-20261001-21:45:54-71,scalar,DectScheduledAccessNetwork.queue,mean_type1_number,,,2.2495796217292
Phase6_Exponential-2-20261001-21:45:54-71,scalar,DectScheduledAccessNetwork.queue,mean_delay_direct_ms,,,13.811738265204
Phase6_Exponential-2-20261001-21:45:54-71,scalar,DectScheduledAccessNetwork.queue,delay_p50_ms,,,10.330317612
Phase6_Exponential-2-20261001-21:45:54-71,scalar,DectScheduledAccessNetwork.queue,delay_p95_ms,,,36.70872689725
Phase6_Exponential-2-20261001-21:45:54-71,scalar,DectScheduledAccessNetwork.queue,delay_p99_ms,,,54.75743685562
Phase6_Exponential-2-20261001-21:45:54-71,scalar,DectScheduledAccessNetwork.queue,delay_p999_ms,,,79.330438282013
Phase6_Exponential-2-20261001-21:45:54-71,scalar,DectScheduledAccessNetwork.queue,tail_sample_count,,,1000000
Phase6_Exponential-2-20261001-21:45:54-71,scalar,DectScheduledAccessNetwork.queue,effective_throughput_departures_per_ms,,,0.1628744433929
Phase6_Exponential-2-20261001-21:45:54-71,scalar,DectScheduledAccessNetwork.queue,effective_throughput_accepted_per_ms,,,0.16287460626735
Phase6_Exponential-2-20261001-21:45:54-71,scalar,DectScheduledAccessNetwork.queue,mean_delay_little_ms,,,13.811740963575
Phase6_Exponential-2-20261001-21:45:54-71,scalar,DectScheduledAccessNetwork.queue,little_vs_direct_relative_error,,,1.9536789830354e-07
Phase6_Exponential-2-20261001-21:45:54-71,scalar,DectScheduledAccessNetwork.queue,type1_service_fraction,,,0.067864999977997
Phase6_Exponential-2-20261001-21:45:54-71,scalar,DectScheduledAccessNetwork.queue,type2_service_fraction,,,0.93213500002233
Phase6_Exponential-2-20261001-21:45:54-71,scalar,DectScheduledAccessNetwork.queue,full_type1_fraction,,,0
Phase6_Exponential-2-20261001-21:45:54-71,scalar,DectScheduledAccessNetwork.queue,full_type2_fraction,,,0
Phase6_Exponential-2-20261001-21:45:54-71,scalar,DectScheduledAccessNetwork.queue,nonfull_state_fraction,,,1.0000000000003
Phase6_Exponential-2-20261001-21:45:54-71,scalar,DectScheduledAccessNetwork.queue,saturated_full_state_fraction,,,0
Phase6_Exponential-2-20261001-21:45:54-71,scalar,DectScheduledAccessNetwork.queue,full_type1_phase_0_fraction,,,0
Phase6_Exponential-2-20261001-21:45:54-71,scalar,DectScheduledAccessNetwork.queue,full_type1_phase_1_fraction,,,0
Phase6_Exponential-3-20261001-21:45:55-71,scalar,DectScheduledAccessNetwork.queue,D,,,10
Phase6_Exponential-3-20261001-21:45:55-71,scalar,DectScheduledAccessNetwork.queue,r,,,30
Phase6_Exponential-3-20261001-21:45:55-71,scalar,DectScheduledAccessNetwork.queue,L_effective,,,2
Phase6_Exponential-3-20261001-21:45:55-71,scalar,DectScheduledAccessNetwork.queue,rho,,,0.067796610169
Phase6_Exponential-3-20261001-21:45:55-71,scalar,DectScheduledAccessNetwork.queue,lambda_per_ms,,,0.16271186427543
Phase6_Exponential-3-20261001-21:45:55-71,scalar,DectScheduledAccessNetwork.queue,lambda_sat_per_ms,,,0.20338983049469
Phase6_Exponential-3-20261001-21:45:55-71,scalar,DectScheduledAccessNetwork.queue,rho_sat,,,0.084745762773916
Phase6_Exponential-3-20261001-21:45:55-71,scalar,DectScheduledAccessNetwork.queue,load_factor_rho_over_rho_sat,,,0.79999999940844
Phase6_Exponential-3-20261001-21:45:55-71,scalar,DectScheduledAccessNetwork.queue,mean_type1_service_ms,,,0.416666667
Phase6_Exponential-3-20261001-21:45:55-71,scalar,DectScheduledAccessNetwork.queue,type1_service_distribution_code,,,1
Phase6_Exponential-3-20261001-21:45:55-71,scalar,DectScheduledAccessNetwork.queue,type1_service_scv,,,1
Phase6_Exponential-3-20261001-21:45:55-71,scalar,DectScheduledAccessNetwork.queue,type2_service_ms,,,9
Phase6_Exponential-3-20261001-21:45:55-71,scalar,DectScheduledAccessNetwork.queue,warmup_type1_completions,,,200000
Phase6_Exponential-3-20261001-21:45:55-71,scalar,DectScheduledAccessNetwork.queue,measured_arrivals,,,1000003
Phase6_Exponential-3-20261001-21:45:55-71,scalar,DectScheduledAccessNetwork.queue,measured_accepted_arrivals,,,1000003
Phase6_Exponential-3-20261001-21:45:55-71,scalar,DectScheduledAccessNetwork.queue,measured_blocked_arrivals,,,0
Phase6_Exponential-3-20261001-21:45:55-71,scalar,DectScheduledAccessNetwork.queue,measured_completed_packets,,,1000000
Phase6_Exponential-3-20261001-21:45:55-71,scalar,DectScheduledAccessNetwork.queue,observation_time_s,,,6153.735633451
Phase6_Exponential-3-20261001-21:45:55-71,scalar,DectScheduledAccessNetwork.queue,blocking_probability,,,0
Phase6_Exponential-3-20261001-21:45:55-71,scalar,DectScheduledAccessNetwork.queue,mean_type1_number,,,2.2381827987304
Phase6_Exponential-3-20261001-21:45:55-71,scalar,DectScheduledAccessNetwork.queue,mean_delay_direct_ms,,,13.773176822535
Phase6_Exponential-3-20261001-21:45:55-71,scalar,DectScheduledAccessNetwork.queue,delay_p50_ms,,,10.255549268
Phase6_Exponential-3-20261001-21:45:55-71,scalar,DectScheduledAccessNetwork.queue,delay_p95_ms,,,36.64037639075
Phase6_Exponential-3-20261001-21:45:55-71,scalar,DectScheduledAccessNetwork.queue,delay_p99_ms,,,55.65743993418
Phase6_Exponential-3-20261001-21:45:55-71,scalar,DectScheduledAccessNetwork.queue,delay_p999_ms,,,79.110116319907
Phase6_Exponential-3-20261001-21:45:55-71,scalar,DectScheduledAccessNetwork.queue,tail_sample_count,,,1000000
Phase6_Exponential-3-20261001-21:45:55-71,scalar,DectScheduledAccessNetwork.queue,effective_throughput_departures_per_ms,,,0.1625029184816
Phase6_Exponential-3-20261001-21:45:55-71,scalar,DectScheduledAccessNetwork.queue,effective_throughput_accepted_per_ms,,,0.16250340599036
Phase6_Exponential-3-20261001-21:45:55-71,scalar,DectScheduledAccessNetwork.queue,mean_delay_little_ms,,,13.773185242724
Phase6_Exponential-3-20261001-21:45:55-71,scalar,DectScheduledAccessNetwork.queue,little_vs_direct_relative_error,,,6.1134695572562e-07
Phase6_Exponential-3-20261001-21:45:55-71,scalar,DectScheduledAccessNetwork.queue,type1_service_fraction,,,0.067727256787798
Phase6_Exponential-3-20261001-21:45:55-71,scalar,DectScheduledAccessNetwork.queue,type2_service_fraction,,,0.93227274321252
Phase6_Exponential-3-20261001-21:45:55-71,scalar,DectScheduledAccessNetwork.queue,full_type1_fraction,,,0
Phase6_Exponential-3-20261001-21:45:55-71,scalar,DectScheduledAccessNetwork.queue,full_type2_fraction,,,0
Phase6_Exponential-3-20261001-21:45:55-71,scalar,DectScheduledAccessNetwork.queue,nonfull_state_fraction,,,1.0000000000003
Phase6_Exponential-3-20261001-21:45:55-71,scalar,DectScheduledAccessNetwork.queue,saturated_full_state_fraction,,,0
Phase6_Exponential-3-20261001-21:45:55-71,scalar,DectScheduledAccessNetwork.queue,full_type1_phase_0_fraction,,,0
Phase6_Exponential-3-20261001-21:45:55-71,scalar,DectScheduledAccessNetwork.queue,full_type1_phase_1_fraction,,,0
Phase6_Exponential-4-20261001-21:45:55-71,scalar,DectScheduledAccessNetwork.queue,D,,,10
Phase6_Exponential-4-20261001-21:45:55-71,scalar,DectScheduledAccessNetwork.queue,r,,,30
Phase6_Exponential-4-20261001-21:45:55-71,scalar,DectScheduledAccessNetwork.queue,L_effective,,,2
Phase6_Exponential-4-20261001-21:45:55-71,scalar,DectScheduledAccessNetwork.queue,rho,,,0.067796610169
Phase6_Exponential-4-20261001-21:45:55-71,scalar,DectScheduledAccessNetwork.queue,lambda_per_ms,,,0.16271186427543
Phase6_Exponential-4-20261001-21:45:55-71,scalar,DectScheduledAccessNetwork.queue,lambda_sat_per_ms,,,0.20338983049469
Phase6_Exponential-4-20261001-21:45:55-71,scalar,DectScheduledAccessNetwork.queue,rho_sat,,,0.084745762773916
Phase6_Exponential-4-20261001-21:45:55-71,scalar,DectScheduledAccessNetwork.queue,load_factor_rho_over_rho_sat,,,0.79999999940844
Phase6_Exponential-4-20261001-21:45:55-71,scalar,DectScheduledAccessNetwork.queue,mean_type1_service_ms,,,0.416666667
Phase6_Exponential-4-20261001-21:45:55-71,scalar,DectScheduledAccessNetwork.queue,type1_service_distribution_code,,,1
Phase6_Exponential-4-20261001-21:45:55-71,scalar,DectScheduledAccessNetwork.queue,type1_service_scv,,,1
Phase6_Exponential-4-20261001-21:45:55-71,scalar,DectScheduledAccessNetwork.queue,type2_service_ms,,,9
Phase6_Exponential-4-20261001-21:45:55-71,scalar,DectScheduledAccessNetwork.queue,warmup_type1_completions,,,200000
Phase6_Exponential-4-20261001-21:45:55-71,scalar,DectScheduledAccessNetwork.queue,measured_arrivals,,,1000000
Phase6_Exponential-4-20261001-21:45:55-71,scalar,DectScheduledAccessNetwork.queue,measured_accepted_arrivals,,,1000000
Phase6_Exponential-4-20261001-21:45:55-71,scalar,DectScheduledAccessNetwork.queue,measured_blocked_arrivals,,,0
Phase6_Exponential-4-20261001-21:45:55-71,scalar,DectScheduledAccessNetwork.queue,measured_completed_packets,,,1000000
Phase6_Exponential-4-20261001-21:45:55-71,scalar,DectScheduledAccessNetwork.queue,observation_time_s,,,6152.9511916909
Phase6_Exponential-4-20261001-21:45:55-71,scalar,DectScheduledAccessNetwork.queue,blocking_probability,,,0
Phase6_Exponential-4-20261001-21:45:55-71,scalar,DectScheduledAccessNetwork.queue,mean_type1_number,,,2.247425701438
Phase6_Exponential-4-20261001-21:45:55-71,scalar,DectScheduledAccessNetwork.queue,mean_delay_direct_ms,,,13.828241395272
Phase6_Exponential-4-20261001-21:45:55-71,scalar,DectScheduledAccessNetwork.queue,delay_p50_ms,,,10.2931385525
Phase6_Exponential-4-20261001-21:45:55-71,scalar,DectScheduledAccessNetwork.queue,delay_p95_ms,,,36.87615436595
Phase6_Exponential-4-20261001-21:45:55-71,scalar,DectScheduledAccessNetwork.queue,delay_p99_ms,,,55.08917768079
Phase6_Exponential-4-20261001-21:45:55-71,scalar,DectScheduledAccessNetwork.queue,delay_p999_ms,,,80.302042058524
Phase6_Exponential-4-20261001-21:45:55-71,scalar,DectScheduledAccessNetwork.queue,tail_sample_count,,,1000000
Phase6_Exponential-4-20261001-21:45:55-71,scalar,DectScheduledAccessNetwork.queue,effective_throughput_departures_per_ms,,,0.16252363603183
Phase6_Exponential-4-20261001-21:45:55-71,scalar,DectScheduledAccessNetwork.queue,effective_throughput_accepted_per_ms,,,0.16252363603183
Phase6_Exponential-4-20261001-21:45:55-71,scalar,DectScheduledAccessNetwork.queue,mean_delay_little_ms,,,13.828300647899
Phase6_Exponential-4-20261001-21:45:55-71,scalar,DectScheduledAccessNetwork.queue,little_vs_direct_relative_error,,,4.2848997234834e-06
Phase6_Exponential-4-20261001-21:45:55-71,scalar,DectScheduledAccessNetwork.queue,type1_service_fraction,,,0.067738582463277
Phase6_Exponential-4-20261001-21:45:55-71,scalar,DectScheduledAccessNetwork.queue,type2_service_fraction,,,0.93226141753702
Phase6_Exponential-4-20261001-21:45:55-71,scalar,DectScheduledAccessNetwork.queue,full_type1_fraction,,,0
Phase6_Exponential-4-20261001-21:45:55-71,scalar,DectScheduledAccessNetwork.queue,full_type2_fraction,,,0
Phase6_Exponential-4-20261001-21:45:55-71,scalar,DectScheduledAccessNetwork.queue,nonfull_state_fraction,,,1.0000000000003
Phase6_Exponential-4-20261001-21:45:55-71,scalar,DectScheduledAccessNetwork.queue,saturated_full_state_fraction,,,0
Phase6_Exponential-4-20261001-21:45:55-71,scalar,DectScheduledAccessNetwork.queue,full_type1_phase_0_fraction,,,0
Phase6_Exponential-4-20261001-21:45:55-71,scalar,DectScheduledAccessNetwork.queue,full_type1_phase_1_fraction,,,0
Phase6_Exponential-5-20261001-21:45:55-71,scalar,DectScheduledAccessNetwork.queue,D,,,10
Phase6_Exponential-5-20261001-21:45:55-71,scalar,DectScheduledAccessNetwork.queue,r,,,30
Phase6_Exponential-5-20261001-21:45:55-71,scalar,DectScheduledAccessNetwork.queue,L_effective,,,2
Phase6_Exponential-5-20261001-21:45:55-71,scalar,DectScheduledAccessNetwork.queue,rho,,,0.067796610169
Phase6_Exponential-5-20261001-21:45:55-71,scalar,DectScheduledAccessNetwork.queue,lambda_per_ms,,,0.16271186427543
Phase6_Exponential-5-20261001-21:45:55-71,scalar,DectScheduledAccessNetwork.queue,lambda_sat_per_ms,,,0.20338983049469
Phase6_Exponential-5-20261001-21:45:55-71,scalar,DectScheduledAccessNetwork.queue,rho_sat,,,0.084745762773916
Phase6_Exponential-5-20261001-21:45:55-71,scalar,DectScheduledAccessNetwork.queue,load_factor_rho_over_rho_sat,,,0.79999999940844
Phase6_Exponential-5-20261001-21:45:55-71,scalar,DectScheduledAccessNetwork.queue,mean_type1_service_ms,,,0.416666667
Phase6_Exponential-5-20261001-21:45:55-71,scalar,DectScheduledAccessNetwork.queue,type1_service_distribution_code,,,1
Phase6_Exponential-5-20261001-21:45:55-71,scalar,DectScheduledAccessNetwork.queue,type1_service_scv,,,1
Phase6_Exponential-5-20261001-21:45:55-71,scalar,DectScheduledAccessNetwork.queue,type2_service_ms,,,9
Phase6_Exponential-5-20261001-21:45:55-71,scalar,DectScheduledAccessNetwork.queue,warmup_type1_completions,,,200000
Phase6_Exponential-5-20261001-21:45:55-71,scalar,DectScheduledAccessNetwork.queue,measured_arrivals,,,1000002
Phase6_Exponential-5-20261001-21:45:55-71,scalar,DectScheduledAccessNetwork.queue,measured_accepted_arrivals,,,1000002
Phase6_Exponential-5-20261001-21:45:55-71,scalar,DectScheduledAccessNetwork.queue,measured_blocked_arrivals,,,0
Phase6_Exponential-5-20261001-21:45:55-71,scalar,DectScheduledAccessNetwork.queue,measured_completed_packets,,,1000000
Phase6_Exponential-5-20261001-21:45:55-71,scalar,DectScheduledAccessNetwork.queue,observation_time_s,,,6149.3843253923
Phase6_Exponential-5-20261001-21:45:55-71,scalar,DectScheduledAccessNetwork.queue,blocking_probability,,,0
Phase6_Exponential-5-20261001-21:45:55-71,scalar,DectScheduledAccessNetwork.queue,mean_type1_number,,,2.2427034732923
Phase6_Exponential-5-20261001-21:45:55-71,scalar,DectScheduledAccessNetwork.queue,mean_delay_direct_ms,,,13.791154004088
Phase6_Exponential-5-20261001-21:45:55-71,scalar,DectScheduledAccessNetwork.queue,delay_p50_ms,,,10.316928408
Phase6_Exponential-5-20261001-21:45:55-71,scalar,DectScheduledAccessNetwork.queue,delay_p95_ms,,,36.4825784547
Phase6_Exponential-5-20261001-21:45:55-71,scalar,DectScheduledAccessNetwork.queue,delay_p99_ms,,,54.83071161011
Phase6_Exponential-5-20261001-21:45:55-71,scalar,DectScheduledAccessNetwork.queue,delay_p999_ms,,,82.8836355096
Phase6_Exponential-5-20261001-21:45:55-71,scalar,DectScheduledAccessNetwork.queue,tail_sample_count,,,1000000
Phase6_Exponential-5-20261001-21:45:55-71,scalar,DectScheduledAccessNetwork.queue,effective_throughput_departures_per_ms,,,0.16261790564476
Phase6_Exponential-5-20261001-21:45:55-71,scalar,DectScheduledAccessNetwork.queue,effective_throughput_accepted_per_ms,,,0.16261823088057
Phase6_Exponential-5-20261001-21:45:55-71,scalar,DectScheduledAccessNetwork.queue,mean_delay_little_ms,,,13.791245585166
Phase6_Exponential-5-20261001-21:45:55-71,scalar,DectScheduledAccessNetwork.queue,little_vs_direct_relative_error,,,6.6405667373814e-06
Phase6_Exponential-5-20261001-21:45:55-71,scalar,DectScheduledAccessNetwork.queue,type1_service_fraction,,,0.067796433485341
Phase6_Exponential-5-20261001-21:45:55-71,scalar,DectScheduledAccessNetwork.queue,type2_service_fraction,,,0.93220356651496
Phase6_Exponential-5-20261001-21:45:55-71,scalar,DectScheduledAccessNetwork.queue,full_type1_fraction,,,0
Phase6_Exponential-5-20261001-21:45:55-71,scalar,DectScheduledAccessNetwork.queue,full_type2_fraction,,,0
Phase6_Exponential-5-20261001-21:45:55-71,scalar,DectScheduledAccessNetwork.queue,nonfull_state_fraction,,,1.0000000000003
Phase6_Exponential-5-20261001-21:45:55-71,scalar,DectScheduledAccessNetwork.queue,saturated_full_state_fraction,,,0
Phase6_Exponential-5-20261001-21:45:55-71,scalar,DectScheduledAccessNetwork.queue,full_type1_phase_0_fraction,,,0
Phase6_Exponential-5-20261001-21:45:55-71,scalar,DectScheduledAccessNetwork.queue,full_type1_phase_1_fraction,,,0
Phase6_Exponential-6-20261001-21:45:55-71,scalar,DectScheduledAccessNetwork.queue,D,,,10
Phase6_Exponential-6-20261001-21:45:55-71,scalar,DectScheduledAccessNetwork.queue,r,,,30
Phase6_Exponential-6-20261001-21:45:55-71,scalar,DectScheduledAccessNetwork.queue,L_effective,,,2
Phase6_Exponential-6-20261001-21:45:55-71,scalar,DectScheduledAccessNetwork.queue,rho,,,0.067796610169
Phase6_Exponential-6-20261001-21:45:55-71,scalar,DectScheduledAccessNetwork.queue,lambda_per_ms,,,0.16271186427543
Phase6_Exponential-6-20261001-21:45:55-71,scalar,DectScheduledAccessNetwork.queue,lambda_sat_per_ms,,,0.20338983049469
Phase6_Exponential-6-20261001-21:45:55-71,scalar,DectScheduledAccessNetwork.queue,rho_sat,,,0.084745762773916
Phase6_Exponential-6-20261001-21:45:55-71,scalar,DectScheduledAccessNetwork.queue,load_factor_rho_over_rho_sat,,,0.79999999940844
Phase6_Exponential-6-20261001-21:45:55-71,scalar,DectScheduledAccessNetwork.queue,mean_type1_service_ms,,,0.416666667
Phase6_Exponential-6-20261001-21:45:55-71,scalar,DectScheduledAccessNetwork.queue,type1_service_distribution_code,,,1
Phase6_Exponential-6-20261001-21:45:55-71,scalar,DectScheduledAccessNetwork.queue,type1_service_scv,,,1
Phase6_Exponential-6-20261001-21:45:55-71,scalar,DectScheduledAccessNetwork.queue,type2_service_ms,,,9
Phase6_Exponential-6-20261001-21:45:55-71,scalar,DectScheduledAccessNetwork.queue,warmup_type1_completions,,,200000
Phase6_Exponential-6-20261001-21:45:55-71,scalar,DectScheduledAccessNetwork.queue,measured_arrivals,,,1000003
Phase6_Exponential-6-20261001-21:45:55-71,scalar,DectScheduledAccessNetwork.queue,measured_accepted_arrivals,,,1000003
Phase6_Exponential-6-20261001-21:45:55-71,scalar,DectScheduledAccessNetwork.queue,measured_blocked_arrivals,,,0
Phase6_Exponential-6-20261001-21:45:55-71,scalar,DectScheduledAccessNetwork.queue,measured_completed_packets,,,1000000
Phase6_Exponential-6-20261001-21:45:55-71,scalar,DectScheduledAccessNetwork.queue,observation_time_s,,,6145.4824755297
Phase6_Exponential-6-20261001-21:45:55-71,scalar,DectScheduledAccessNetwork.queue,blocking_probability,,,0
Phase6_Exponential-6-20261001-21:45:55-71,scalar,DectScheduledAccessNetwork.queue,mean_type1_number,,,2.2476826878547
Phase6_Exponential-6-20261001-21:45:55-71,scalar,DectScheduledAccessNetwork.queue,mean_delay_direct_ms,,,13.813066527112
Phase6_Exponential-6-20261001-21:45:55-71,scalar,DectScheduledAccessNetwork.queue,delay_p50_ms,,,10.2985094365
Phase6_Exponential-6-20261001-21:45:55-71,scalar,DectScheduledAccessNetwork.queue,delay_p95_ms,,,36.8025401235
Phase6_Exponential-6-20261001-21:45:55-71,scalar,DectScheduledAccessNetwork.queue,delay_p99_ms,,,54.43266227664
Phase6_Exponential-6-20261001-21:45:55-71,scalar,DectScheduledAccessNetwork.queue,delay_p999_ms,,,78.53858802447
Phase6_Exponential-6-20261001-21:45:55-71,scalar,DectScheduledAccessNetwork.queue,tail_sample_count,,,1000000
Phase6_Exponential-6-20261001-21:45:55-71,scalar,DectScheduledAccessNetwork.queue,effective_throughput_departures_per_ms,,,0.16272115395037
Phase6_Exponential-6-20261001-21:45:55-71,scalar,DectScheduledAccessNetwork.queue,effective_throughput_accepted_per_ms,,,0.16272164211384
Phase6_Exponential-6-20261001-21:45:55-71,scalar,DectScheduledAccessNetwork.queue,mean_delay_little_ms,,,13.813094568763
Phase6_Exponential-6-20261001-21:45:55-71,scalar,DectScheduledAccessNetwork.queue,little_vs_direct_relative_error,,,2.030081489357e-06
Phase6_Exponential-6-20261001-21:45:55-71,scalar,DectScheduledAccessNetwork.queue,type1_service_fraction,,,0.067847476124122
Phase6_Exponential-6-20261001-21:45:55-71,scalar,DectScheduledAccessNetwork.queue,type2_service_fraction,,,0.93215252387618
Phase6_Exponential-6-20261001-21:45:55-71,scalar,DectScheduledAccessNetwork.queue,full_type1_fraction,,,0
Phase6_Exponential-6-20261001-21:45:55-71,scalar,DectScheduledAccessNetwork.queue,full_type2_fraction,,,0
Phase6_Exponential-6-20261001-21:45:55-71,scalar,DectScheduledAccessNetwork.queue,nonfull_state_fraction,,,1.0000000000003
Phase6_Exponential-6-20261001-21:45:55-71,scalar,DectScheduledAccessNetwork.queue,saturated_full_state_fraction,,,0
Phase6_Exponential-6-20261001-21:45:55-71,scalar,DectScheduledAccessNetwork.queue,full_type1_phase_0_fraction,,,0
Phase6_Exponential-6-20261001-21:45:55-71,scalar,DectScheduledAccessNetwork.queue,full_type1_phase_1_fraction,,,0
Phase6_Exponential-7-20261001-21:45:56-71,scalar,DectScheduledAccessNetwork.queue,D,,,10
Phase6_Exponential-7-20261001-21:45:56-71,scalar,DectScheduledAccessNetwork.queue,r,,,30
Phase6_Exponential-7-20261001-21:45:56-71,scalar,DectScheduledAccessNetwork.queue,L_effective,,,2
Phase6_Exponential-7-20261001-21:45:56-71,scalar,DectScheduledAccessNetwork.queue,rho,,,0.067796610169
Phase6_Exponential-7-20261001-21:45:56-71,scalar,DectScheduledAccessNetwork.queue,lambda_per_ms,,,0.16271186427543
Phase6_Exponential-7-20261001-21:45:56-71,scalar,DectScheduledAccessNetwork.queue,lambda_sat_per_ms,,,0.20338983049469
Phase6_Exponential-7-20261001-21:45:56-71,scalar,DectScheduledAccessNetwork.queue,rho_sat,,,0.084745762773916
Phase6_Exponential-7-20261001-21:45:56-71,scalar,DectScheduledAccessNetwork.queue,load_factor_rho_over_rho_sat,,,0.79999999940844
Phase6_Exponential-7-20261001-21:45:56-71,scalar,DectScheduledAccessNetwork.queue,mean_type1_service_ms,,,0.416666667
Phase6_Exponential-7-20261001-21:45:56-71,scalar,DectScheduledAccessNetwork.queue,type1_service_distribution_code,,,1
Phase6_Exponential-7-20261001-21:45:56-71,scalar,DectScheduledAccessNetwork.queue,type1_service_scv,,,1
Phase6_Exponential-7-20261001-21:45:56-71,scalar,DectScheduledAccessNetwork.queue,type2_service_ms,,,9
Phase6_Exponential-7-20261001-21:45:56-71,scalar,DectScheduledAccessNetwork.queue,warmup_type1_completions,,,200000
Phase6_Exponential-7-20261001-21:45:56-71,scalar,DectScheduledAccessNetwork.queue,measured_arrivals,,,1000001
Phase6_Exponential-7-20261001-21:45:56-71,scalar,DectScheduledAccessNetwork.queue,measured_accepted_arrivals,,,1000001
Phase6_Exponential-7-20261001-21:45:56-71,scalar,DectScheduledAccessNetwork.queue,measured_blocked_arrivals,,,0
Phase6_Exponential-7-20261001-21:45:56-71,scalar,DectScheduledAccessNetwork.queue,measured_completed_packets,,,1000000
Phase6_Exponential-7-20261001-21:45:56-71,scalar,DectScheduledAccessNetwork.queue,observation_time_s,,,6144.9507160508
Phase6_Exponential-7-20261001-21:45:56-71,scalar,DectScheduledAccessNetwork.queue,blocking_probability,,,0
Phase6_Exponential-7-20261001-21:45:56-71,scalar,DectScheduledAccessNetwork.queue,mean_type1_number,,,2.2524757803248
Phase6_Exponential-7-20261001-21:45:56-71,scalar,DectScheduledAccessNetwork.queue,mean_delay_direct_ms,,,13.841311289418
Phase6_Exponential-7-20261001-21:45:56-71,scalar,DectScheduledAccessNetwork.queue,delay_p50_ms,,,10.3391106365
Phase6_Exponential-7-20261001-21:45:56-71,scalar,DectScheduledAccessNetwork.queue,delay_p95_ms,,,36.7286807223
Phase6_Exponential-7-20261001-21:45:56-71,scalar,DectScheduledAccessNetwork.queue,delay_p99_ms,,,55.18048413706
Phase6_Exponential-7-20261001-21:45:56-71,scalar,DectScheduledAccessNetwork.queue,delay_p999_ms,,,83.497083766774
Phase6_Exponential-7-20261001-21:45:56-71,scalar,DectScheduledAccessNetwork.queue,tail_sample_count,,,1000000
Phase6_Exponential-7-20261001-21:45:56-71,scalar,DectScheduledAccessNetwork.queue,effective_throughput_departures_per_ms,,,0.16273523518878
Phase6_Exponential-7-20261001-21:45:56-71,scalar,DectScheduledAccessNetwork.queue,effective_throughput_accepted_per_ms,,,0.16273539792402
Phase6_Exponential-7-20261001-21:45:56-71,scalar,DectScheduledAccessNetwork.queue,mean_delay_little_ms,,,13.841352659194
Phase6_Exponential-7-20261001-21:45:56-71,scalar,DectScheduledAccessNetwork.queue,little_vs_direct_relative_error,,,2.9888625063812e-06
Phase6_Exponential-7-20261001-21:45:56-71,scalar,DectScheduledAccessNetwork.queue,type1_service_fraction,,,0.067763882135487
Phase6_Exponential-7-20261001-21:45:56-71,scalar,DectScheduledAccessNetwork.queue,type2_service_fraction,,,0.93223611786485
Phase6_Exponential-7-20261001-21:45:56-71,scalar,DectScheduledAccessNetwork.queue,full_type1_fraction,,,0
Phase6_Exponential-7-20261001-21:45:56-71,scalar,DectScheduledAccessNetwork.queue,full_type2_fraction,,,0
Phase6_Exponential-7-20261001-21:45:56-71,scalar,DectScheduledAccessNetwork.queue,nonfull_state_fraction,,,1.0000000000004
Phase6_Exponential-7-20261001-21:45:56-71,scalar,DectScheduledAccessNetwork.queue,saturated_full_state_fraction,,,0
Phase6_Exponential-7-20261001-21:45:56-71,scalar,DectScheduledAccessNetwork.queue,full_type1_phase_0_fraction,,,0
Phase6_Exponential-7-20261001-21:45:56-71,scalar,DectScheduledAccessNetwork.queue,full_type1_phase_1_fraction,,,0
Phase6_Exponential-8-20261001-21:45:56-71,scalar,DectScheduledAccessNetwork.queue,D,,,10
Phase6_Exponential-8-20261001-21:45:56-71,scalar,DectScheduledAccessNetwork.queue,r,,,30
Phase6_Exponential-8-20261001-21:45:56-71,scalar,DectScheduledAccessNetwork.queue,L_effective,,,2
Phase6_Exponential-8-20261001-21:45:56-71,scalar,DectScheduledAccessNetwork.queue,rho,,,0.067796610169
Phase6_Exponential-8-20261001-21:45:56-71,scalar,DectScheduledAccessNetwork.queue,lambda_per_ms,,,0.16271186427543
Phase6_Exponential-8-20261001-21:45:56-71,scalar,DectScheduledAccessNetwork.queue,lambda_sat_per_ms,,,0.20338983049469
Phase6_Exponential-8-20261001-21:45:56-71,scalar,DectScheduledAccessNetwork.queue,rho_sat,,,0.084745762773916
Phase6_Exponential-8-20261001-21:45:56-71,scalar,DectScheduledAccessNetwork.queue,load_factor_rho_over_rho_sat,,,0.79999999940844
Phase6_Exponential-8-20261001-21:45:56-71,scalar,DectScheduledAccessNetwork.queue,mean_type1_service_ms,,,0.416666667
Phase6_Exponential-8-20261001-21:45:56-71,scalar,DectScheduledAccessNetwork.queue,type1_service_distribution_code,,,1
Phase6_Exponential-8-20261001-21:45:56-71,scalar,DectScheduledAccessNetwork.queue,type1_service_scv,,,1
Phase6_Exponential-8-20261001-21:45:56-71,scalar,DectScheduledAccessNetwork.queue,type2_service_ms,,,9
Phase6_Exponential-8-20261001-21:45:56-71,scalar,DectScheduledAccessNetwork.queue,warmup_type1_completions,,,200000
Phase6_Exponential-8-20261001-21:45:56-71,scalar,DectScheduledAccessNetwork.queue,measured_arrivals,,,1000001
Phase6_Exponential-8-20261001-21:45:56-71,scalar,DectScheduledAccessNetwork.queue,measured_accepted_arrivals,,,1000000
Phase6_Exponential-8-20261001-21:45:56-71,scalar,DectScheduledAccessNetwork.queue,measured_blocked_arrivals,,,1
Phase6_Exponential-8-20261001-21:45:56-71,scalar,DectScheduledAccessNetwork.queue,measured_completed_packets,,,1000000
Phase6_Exponential-8-20261001-21:45:56-71,scalar,DectScheduledAccessNetwork.queue,observation_time_s,,,6147.4869644981
Phase6_Exponential-8-20261001-21:45:56-71,scalar,DectScheduledAccessNetwork.queue,blocking_probability,,,9.99999000001e-07
Phase6_Exponential-8-20261001-21:45:56-71,scalar,DectScheduledAccessNetwork.queue,mean_type1_number,,,2.2569251899034
Phase6_Exponential-8-20261001-21:45:56-71,scalar,DectScheduledAccessNetwork.queue,mean_delay_direct_ms,,,13.874397718426
Phase6_Exponential-8-20261001-21:45:56-71,scalar,DectScheduledAccessNetwork.queue,delay_p50_ms,,,10.30179247
Phase6_Exponential-8-20261001-21:45:56-71,scalar,DectScheduledAccessNetwork.queue,delay_p95_ms,,,37.104982142
Phase6_Exponential-8-20261001-21:45:56-71,scalar,DectScheduledAccessNetwork.queue,delay_p99_ms,,,55.33419496297
Phase6_Exponential-8-20261001-21:45:56-71,scalar,DectScheduledAccessNetwork.queue,delay_p999_ms,,,82.000427272495
Phase6_Exponential-8-20261001-21:45:56-71,scalar,DectScheduledAccessNetwork.queue,tail_sample_count,,,1000000
Phase6_Exponential-8-20261001-21:45:56-71,scalar,DectScheduledAccessNetwork.queue,effective_throughput_departures_per_ms,,,0.16266809604884
Phase6_Exponential-8-20261001-21:45:56-71,scalar,DectScheduledAccessNetwork.queue,effective_throughput_accepted_per_ms,,,0.16266809604884
Phase6_Exponential-8-20261001-21:45:56-71,scalar,DectScheduledAccessNetwork.queue,mean_delay_little_ms,,,13.874418184779
Phase6_Exponential-8-20261001-21:45:56-71,scalar,DectScheduledAccessNetwork.queue,little_vs_direct_relative_error,,,1.4751164645332e-06
Phase6_Exponential-8-20261001-21:45:56-71,scalar,DectScheduledAccessNetwork.queue,type1_service_fraction,,,0.067737104104967
Phase6_Exponential-8-20261001-21:45:56-71,scalar,DectScheduledAccessNetwork.queue,type2_service_fraction,,,0.93226289589537
Phase6_Exponential-8-20261001-21:45:56-71,scalar,DectScheduledAccessNetwork.queue,full_type1_fraction,,,0
Phase6_Exponential-8-20261001-21:45:56-71,scalar,DectScheduledAccessNetwork.queue,full_type2_fraction,,,8.133095461404e-07
Phase6_Exponential-8-20261001-21:45:56-71,scalar,DectScheduledAccessNetwork.queue,nonfull_state_fraction,,,0.9999991866908
Phase6_Exponential-8-20261001-21:45:56-71,scalar,DectScheduledAccessNetwork.queue,saturated_full_state_fraction,,,8.133095461404e-07
Phase6_Exponential-8-20261001-21:45:56-71,scalar,DectScheduledAccessNetwork.queue,full_type1_phase_0_fraction,,,0
Phase6_Exponential-8-20261001-21:45:56-71,scalar,DectScheduledAccessNetwork.queue,full_type1_phase_1_fraction,,,0
Phase6_Exponential-9-20261001-21:45:56-71,scalar,DectScheduledAccessNetwork.queue,D,,,10
Phase6_Exponential-9-20261001-21:45:56-71,scalar,DectScheduledAccessNetwork.queue,r,,,30
Phase6_Exponential-9-20261001-21:45:56-71,scalar,DectScheduledAccessNetwork.queue,L_effective,,,2
Phase6_Exponential-9-20261001-21:45:56-71,scalar,DectScheduledAccessNetwork.queue,rho,,,0.067796610169
Phase6_Exponential-9-20261001-21:45:56-71,scalar,DectScheduledAccessNetwork.queue,lambda_per_ms,,,0.16271186427543
Phase6_Exponential-9-20261001-21:45:56-71,scalar,DectScheduledAccessNetwork.queue,lambda_sat_per_ms,,,0.20338983049469
Phase6_Exponential-9-20261001-21:45:56-71,scalar,DectScheduledAccessNetwork.queue,rho_sat,,,0.084745762773916
Phase6_Exponential-9-20261001-21:45:56-71,scalar,DectScheduledAccessNetwork.queue,load_factor_rho_over_rho_sat,,,0.79999999940844
Phase6_Exponential-9-20261001-21:45:56-71,scalar,DectScheduledAccessNetwork.queue,mean_type1_service_ms,,,0.416666667
Phase6_Exponential-9-20261001-21:45:56-71,scalar,DectScheduledAccessNetwork.queue,type1_service_distribution_code,,,1
Phase6_Exponential-9-20261001-21:45:56-71,scalar,DectScheduledAccessNetwork.queue,type1_service_scv,,,1
Phase6_Exponential-9-20261001-21:45:56-71,scalar,DectScheduledAccessNetwork.queue,type2_service_ms,,,9
Phase6_Exponential-9-20261001-21:45:56-71,scalar,DectScheduledAccessNetwork.queue,warmup_type1_completions,,,200000
Phase6_Exponential-9-20261001-21:45:56-71,scalar,DectScheduledAccessNetwork.queue,measured_arrivals,,,1000003
Phase6_Exponential-9-20261001-21:45:56-71,scalar,DectScheduledAccessNetwork.queue,measured_accepted_arrivals,,,1000003
Phase6_Exponential-9-20261001-21:45:56-71,scalar,DectScheduledAccessNetwork.queue,measured_blocked_arrivals,,,0
Phase6_Exponential-9-20261001-21:45:56-71,scalar,DectScheduledAccessNetwork.queue,measured_completed_packets,,,1000000
Phase6_Exponential-9-20261001-21:45:56-71,scalar,DectScheduledAccessNetwork.queue,observation_time_s,,,6148.8354982575
Phase6_Exponential-9-20261001-21:45:56-71,scalar,DectScheduledAccessNetwork.queue,blocking_probability,,,0
Phase6_Exponential-9-20261001-21:45:56-71,scalar,DectScheduledAccessNetwork.queue,mean_type1_number,,,2.2503982903207
Phase6_Exponential-9-20261001-21:45:56-71,scalar,DectScheduledAccessNetwork.queue,mean_delay_direct_ms,,,13.837288684825
Phase6_Exponential-9-20261001-21:45:56-71,scalar,DectScheduledAccessNetwork.queue,delay_p50_ms,,,10.329738768
Phase6_Exponential-9-20261001-21:45:56-71,scalar,DectScheduledAccessNetwork.queue,delay_p95_ms,,,36.847181584
Phase6_Exponential-9-20261001-21:45:56-71,scalar,DectScheduledAccessNetwork.queue,delay_p99_ms,,,55.07031645107
Phase6_Exponential-9-20261001-21:45:56-71,scalar,DectScheduledAccessNetwork.queue,delay_p999_ms,,,78.749351545233
Phase6_Exponential-9-20261001-21:45:56-71,scalar,DectScheduledAccessNetwork.queue,tail_sample_count,,,1000000
Phase6_Exponential-9-20261001-21:45:56-71,scalar,DectScheduledAccessNetwork.queue,effective_throughput_departures_per_ms,,,0.16263242044504
Phase6_Exponential-9-20261001-21:45:56-71,scalar,DectScheduledAccessNetwork.queue,effective_throughput_accepted_per_ms,,,0.1626329083423
Phase6_Exponential-9-20261001-21:45:56-71,scalar,DectScheduledAccessNetwork.queue,mean_delay_little_ms,,,13.837328892742
Phase6_Exponential-9-20261001-21:45:56-71,scalar,DectScheduledAccessNetwork.queue,little_vs_direct_relative_error,,,2.9057655539511e-06
Phase6_Exponential-9-20261001-21:45:56-71,scalar,DectScheduledAccessNetwork.queue,type1_service_fraction,,,0.067786412301256
Phase6_Exponential-9-20261001-21:45:56-71,scalar,DectScheduledAccessNetwork.queue,type2_service_fraction,,,0.93221358769912
Phase6_Exponential-9-20261001-21:45:56-71,scalar,DectScheduledAccessNetwork.queue,full_type1_fraction,,,0
Phase6_Exponential-9-20261001-21:45:56-71,scalar,DectScheduledAccessNetwork.queue,full_type2_fraction,,,0
Phase6_Exponential-9-20261001-21:45:56-71,scalar,DectScheduledAccessNetwork.queue,nonfull_state_fraction,,,1.0000000000004
Phase6_Exponential-9-20261001-21:45:56-71,scalar,DectScheduledAccessNetwork.queue,saturated_full_state_fraction,,,0
Phase6_Exponential-9-20261001-21:45:56-71,scalar,DectScheduledAccessNetwork.queue,full_type1_phase_0_fraction,,,0
Phase6_Exponential-9-20261001-21:45:56-71,scalar,DectScheduledAccessNetwork.queue,full_type1_phase_1_fraction,,,0
Phase6_Exponential-10-20261001-21:45:56-71,scalar,DectScheduledAccessNetwork.queue,D,,,10
Phase6_Exponential-10-20261001-21:45:56-71,scalar,DectScheduledAccessNetwork.queue,r,,,30
Phase6_Exponential-10-20261001-21:45:56-71,scalar,DectScheduledAccessNetwork.queue,L_effective,,,2
Phase6_Exponential-10-20261001-21:45:56-71,scalar,DectScheduledAccessNetwork.queue,rho,,,0.084745762712
Phase6_Exponential-10-20261001-21:45:56-71,scalar,DectScheduledAccessNetwork.queue,lambda_per_ms,,,0.20338983034609
Phase6_Exponential-10-20261001-21:45:56-71,scalar,DectScheduledAccessNetwork.queue,lambda_sat_per_ms,,,0.20338983049469
Phase6_Exponential-10-20261001-21:45:56-71,scalar,DectScheduledAccessNetwork.queue,rho_sat,,,0.084745762773916
Phase6_Exponential-10-20261001-21:45:56-71,scalar,DectScheduledAccessNetwork.queue,load_factor_rho_over_rho_sat,,,0.9999999992694
Phase6_Exponential-10-20261001-21:45:56-71,scalar,DectScheduledAccessNetwork.queue,mean_type1_service_ms,,,0.416666667
Phase6_Exponential-10-20261001-21:45:56-71,scalar,DectScheduledAccessNetwork.queue,type1_service_distribution_code,,,1
Phase6_Exponential-10-20261001-21:45:56-71,scalar,DectScheduledAccessNetwork.queue,type1_service_scv,,,1
Phase6_Exponential-10-20261001-21:45:56-71,scalar,DectScheduledAccessNetwork.queue,type2_service_ms,,,9
Phase6_Exponential-10-20261001-21:45:56-71,scalar,DectScheduledAccessNetwork.queue,warmup_type1_completions,,,200000
Phase6_Exponential-10-20261001-21:45:56-71,scalar,DectScheduledAccessNetwork.queue,measured_arrivals,,,1017045
Phase6_Exponential-10-20261001-21:45:56-71,scalar,DectScheduledAccessNetwork.queue,measured_accepted_arrivals,,,1000013
Phase6_Exponential-10-20261001-21:45:56-71,scalar,DectScheduledAccessNetwork.queue,measured_blocked_arrivals,,,17032
Phase6_Exponential-10-20261001-21:45:56-71,scalar,DectScheduledAccessNetwork.queue,measured_completed_packets,,,1000000
Phase6_Exponential-10-20261001-21:45:56-71,scalar,DectScheduledAccessNetwork.queue,observation_time_s,,,5004.9775829791
Phase6_Exponential-10-20261001-21:45:56-71,scalar,DectScheduledAccessNetwork.queue,blocking_probability,,,0.016746554970527
Phase6_Exponential-10-20261001-21:45:56-71,scalar,DectScheduledAccessNetwork.queue,mean_type1_number,,,14.778855673699
Phase6_Exponential-10-20261001-21:45:56-71,scalar,DectScheduledAccessNetwork.queue,mean_delay_direct_ms,,,73.967421301838
Phase6_Exponential-10-20261001-21:45:56-71,scalar,DectScheduledAccessNetwork.queue,delay_p50_ms,,,73.4212629235
Phase6_Exponential-10-20261001-21:45:56-71,scalar,DectScheduledAccessNetwork.queue,delay_p95_ms,,,139.6341137126
Phase6_Exponential-10-20261001-21:45:56-71,scalar,DectScheduledAccessNetwork.queue,delay_p99_ms,,,146.37778591012
Phase6_Exponential-10-20261001-21:45:56-71,scalar,DectScheduledAccessNetwork.queue,delay_p999_ms,,,150.46634032415
Phase6_Exponential-10-20261001-21:45:56-71,scalar,DectScheduledAccessNetwork.queue,tail_sample_count,,,1000000
Phase6_Exponential-10-20261001-21:45:56-71,scalar,DectScheduledAccessNetwork.queue,effective_throughput_departures_per_ms,,,0.19980109469437
Phase6_Exponential-10-20261001-21:45:56-71,scalar,DectScheduledAccessNetwork.queue,effective_throughput_accepted_per_ms,,,0.1998036921086
Phase6_Exponential-10-20261001-21:45:56-71,scalar,DectScheduledAccessNetwork.queue,mean_delay_little_ms,,,73.967841348949
Phase6_Exponential-10-20261001-21:45:56-71,scalar,DectScheduledAccessNetwork.queue,little_vs_direct_relative_error,,,5.6788124236373e-06
Phase6_Exponential-10-20261001-21:45:56-71,scalar,DectScheduledAccessNetwork.queue,type1_service_fraction,,,0.083265424483884
Phase6_Exponential-10-20261001-21:45:56-71,scalar,DectScheduledAccessNetwork.queue,type2_service_fraction,,,0.91673457551632
Phase6_Exponential-10-20261001-21:45:56-71,scalar,DectScheduledAccessNetwork.queue,full_type1_fraction,,,0.00016469826065002
Phase6_Exponential-10-20261001-21:45:56-71,scalar,DectScheduledAccessNetwork.queue,full_type2_fraction,,,0.016492693008431
Phase6_Exponential-10-20261001-21:45:56-71,scalar,DectScheduledAccessNetwork.queue,nonfull_state_fraction,,,0.98334260873112
Phase6_Exponential-10-20261001-21:45:56-71,scalar,DectScheduledAccessNetwork.queue,saturated_full_state_fraction,,,0.016657391269081
Phase6_Exponential-10-20261001-21:45:56-71,scalar,DectScheduledAccessNetwork.queue,full_type1_phase_0_fraction,,,0.0001423110536749
Phase6_Exponential-10-20261001-21:45:56-71,scalar,DectScheduledAccessNetwork.queue,full_type1_phase_1_fraction,,,2.2387206975122e-05
Phase6_Exponential-11-20261001-21:45:57-71,scalar,DectScheduledAccessNetwork.queue,D,,,10
Phase6_Exponential-11-20261001-21:45:57-71,scalar,DectScheduledAccessNetwork.queue,r,,,30
Phase6_Exponential-11-20261001-21:45:57-71,scalar,DectScheduledAccessNetwork.queue,L_effective,,,2
Phase6_Exponential-11-20261001-21:45:57-71,scalar,DectScheduledAccessNetwork.queue,rho,,,0.084745762712
Phase6_Exponential-11-20261001-21:45:57-71,scalar,DectScheduledAccessNetwork.queue,lambda_per_ms,,,0.20338983034609
Phase6_Exponential-11-20261001-21:45:57-71,scalar,DectScheduledAccessNetwork.queue,lambda_sat_per_ms,,,0.20338983049469
Phase6_Exponential-11-20261001-21:45:57-71,scalar,DectScheduledAccessNetwork.queue,rho_sat,,,0.084745762773916
Phase6_Exponential-11-20261001-21:45:57-71,scalar,DectScheduledAccessNetwork.queue,load_factor_rho_over_rho_sat,,,0.9999999992694
Phase6_Exponential-11-20261001-21:45:57-71,scalar,DectScheduledAccessNetwork.queue,mean_type1_service_ms,,,0.416666667
Phase6_Exponential-11-20261001-21:45:57-71,scalar,DectScheduledAccessNetwork.queue,type1_service_distribution_code,,,1
Phase6_Exponential-11-20261001-21:45:57-71,scalar,DectScheduledAccessNetwork.queue,type1_service_scv,,,1
Phase6_Exponential-11-20261001-21:45:57-71,scalar,DectScheduledAccessNetwork.queue,type2_service_ms,,,9
Phase6_Exponential-11-20261001-21:45:57-71,scalar,DectScheduledAccessNetwork.queue,warmup_type1_completions,,,200000
Phase6_Exponential-11-20261001-21:45:57-71,scalar,DectScheduledAccessNetwork.queue,measured_arrivals,,,1017443
Phase6_Exponential-11-20261001-21:45:57-71,scalar,DectScheduledAccessNetwork.queue,measured_accepted_arrivals,,,1000001
Phase6_Exponential-11-20261001-21:45:57-71,scalar,DectScheduledAccessNetwork.queue,measured_blocked_arrivals,,,17442
Phase6_Exponential-11-20261001-21:45:57-71,scalar,DectScheduledAccessNetwork.queue,measured_completed_packets,,,1000000
Phase6_Exponential-11-20261001-21:45:57-71,scalar,DectScheduledAccessNetwork.queue,observation_time_s,,,5004.4095345832
Phase6_Exponential-11-20261001-21:45:57-71,scalar,DectScheduledAccessNetwork.queue,blocking_probability,,,0.017142975085582
Phase6_Exponential-11-20261001-21:45:57-71,scalar,DectScheduledAccessNetwork.queue,mean_type1_number,,,14.903312737887
Phase6_Exponential-11-20261001-21:45:57-71,scalar,DectScheduledAccessNetwork.queue,mean_delay_direct_ms,,,74.582253859244
Phase6_Exponential-11-20261001-21:45:57-71,scalar,DectScheduledAccessNetwork.queue,delay_p50_ms,,,74.6523264705
Phase6_Exponential-11-20261001-21:45:57-71,scalar,DectScheduledAccessNetwork.queue,delay_p95_ms,,,139.8830524973
Phase6_Exponential-11-20261001-21:45:57-71,scalar,DectScheduledAccessNetwork.queue,delay_p99_ms,,,146.64194134016
Phase6_Exponential-11-20261001-21:45:57-71,scalar,DectScheduledAccessNetwork.queue,delay_p999_ms,,,150.67812580293
Phase6_Exponential-11-20261001-21:45:57-71,scalar,DectScheduledAccessNetwork.queue,tail_sample_count,,,1000000
Phase6_Exponential-11-20261001-21:45:57-71,scalar,DectScheduledAccessNetwork.queue,effective_throughput_departures_per_ms,,,0.19982377403157
Phase6_Exponential-11-20261001-21:45:57-71,scalar,DectScheduledAccessNetwork.queue,effective_throughput_accepted_per_ms,,,0.19982397385535
Phase6_Exponential-11-20261001-21:45:57-71,scalar,DectScheduledAccessNetwork.queue,mean_delay_little_ms,,,74.582280362358
Phase6_Exponential-11-20261001-21:45:57-71,scalar,DectScheduledAccessNetwork.queue,little_vs_direct_relative_error,,,3.5535416031962e-07
Phase6_Exponential-11-20261001-21:45:57-71,scalar,DectScheduledAccessNetwork.queue,type1_service_fraction,,,0.08331243310564
Phase6_Exponential-11-20261001-21:45:57-71,scalar,DectScheduledAccessNetwork.queue,type2_service_fraction,,,0.91668756689454
Phase6_Exponential-11-20261001-21:45:57-71,scalar,DectScheduledAccessNetwork.queue,full_type1_fraction,,,0.0001841725698394
Phase6_Exponential-11-20261001-21:45:57-71,scalar,DectScheduledAccessNetwork.queue,full_type2_fraction,,,0.017067553113117
Phase6_Exponential-11-20261001-21:45:57-71,scalar,DectScheduledAccessNetwork.queue,nonfull_state_fraction,,,0.98274827431725
Phase6_Exponential-11-20261001-21:45:57-71,scalar,DectScheduledAccessNetwork.queue,saturated_full_state_fraction,,,0.017251725682957
Phase6_Exponential-11-20261001-21:45:57-71,scalar,DectScheduledAccessNetwork.queue,full_type1_phase_0_fraction,,,0.00016068561237544
Phase6_Exponential-11-20261001-21:45:57-71,scalar,DectScheduledAccessNetwork.queue,full_type1_phase_1_fraction,,,2.3486957463962e-05
Phase6_Exponential-12-20261001-21:45:57-71,scalar,DectScheduledAccessNetwork.queue,D,,,10
Phase6_Exponential-12-20261001-21:45:57-71,scalar,DectScheduledAccessNetwork.queue,r,,,30
Phase6_Exponential-12-20261001-21:45:57-71,scalar,DectScheduledAccessNetwork.queue,L_effective,,,2
Phase6_Exponential-12-20261001-21:45:57-71,scalar,DectScheduledAccessNetwork.queue,rho,,,0.084745762712
Phase6_Exponential-12-20261001-21:45:57-71,scalar,DectScheduledAccessNetwork.queue,lambda_per_ms,,,0.20338983034609
Phase6_Exponential-12-20261001-21:45:57-71,scalar,DectScheduledAccessNetwork.queue,lambda_sat_per_ms,,,0.20338983049469
Phase6_Exponential-12-20261001-21:45:57-71,scalar,DectScheduledAccessNetwork.queue,rho_sat,,,0.084745762773916
Phase6_Exponential-12-20261001-21:45:57-71,scalar,DectScheduledAccessNetwork.queue,load_factor_rho_over_rho_sat,,,0.9999999992694
Phase6_Exponential-12-20261001-21:45:57-71,scalar,DectScheduledAccessNetwork.queue,mean_type1_service_ms,,,0.416666667
Phase6_Exponential-12-20261001-21:45:57-71,scalar,DectScheduledAccessNetwork.queue,type1_service_distribution_code,,,1
Phase6_Exponential-12-20261001-21:45:57-71,scalar,DectScheduledAccessNetwork.queue,type1_service_scv,,,1
Phase6_Exponential-12-20261001-21:45:57-71,scalar,DectScheduledAccessNetwork.queue,type2_service_ms,,,9
Phase6_Exponential-12-20261001-21:45:57-71,scalar,DectScheduledAccessNetwork.queue,warmup_type1_completions,,,200000
Phase6_Exponential-12-20261001-21:45:57-71,scalar,DectScheduledAccessNetwork.queue,measured_arrivals,,,1017659
Phase6_Exponential-12-20261001-21:45:57-71,scalar,DectScheduledAccessNetwork.queue,measured_accepted_arrivals,,,1000024
Phase6_Exponential-12-20261001-21:45:57-71,scalar,DectScheduledAccessNetwork.queue,measured_blocked_arrivals,,,17635
Phase6_Exponential-12-20261001-21:45:57-71,scalar,DectScheduledAccessNetwork.queue,measured_completed_packets,,,1000000
Phase6_Exponential-12-20261001-21:45:57-71,scalar,DectScheduledAccessNetwork.queue,observation_time_s,,,4998.8933094461
Phase6_Exponential-12-20261001-21:45:57-71,scalar,DectScheduledAccessNetwork.queue,blocking_probability,,,0.017328987411304
Phase6_Exponential-12-20261001-21:45:57-71,scalar,DectScheduledAccessNetwork.queue,mean_type1_number,,,15.091281673263
Phase6_Exponential-12-20261001-21:45:57-71,scalar,DectScheduledAccessNetwork.queue,mean_delay_direct_ms,,,75.438394776356
Phase6_Exponential-12-20261001-21:45:57-71,scalar,DectScheduledAccessNetwork.queue,delay_p50_ms,,,76.2434393335
Phase6_Exponential-12-20261001-21:45:57-71,scalar,DectScheduledAccessNetwork.queue,delay_p95_ms,,,139.91597889855
Phase6_Exponential-12-20261001-21:45:57-71,scalar,DectScheduledAccessNetwork.queue,delay_p99_ms,,,146.54188169659
Phase6_Exponential-12-20261001-21:45:57-71,scalar,DectScheduledAccessNetwork.queue,delay_p999_ms,,,150.61749456926
Phase6_Exponential-12-20261001-21:45:57-71,scalar,DectScheduledAccessNetwork.queue,tail_sample_count,,,1000000
Phase6_Exponential-12-20261001-21:45:57-71,scalar,DectScheduledAccessNetwork.queue,effective_throughput_departures_per_ms,,,0.20004427742244
Phase6_Exponential-12-20261001-21:45:57-71,scalar,DectScheduledAccessNetwork.queue,effective_throughput_accepted_per_ms,,,0.2000490784851
Phase6_Exponential-12-20261001-21:45:57-71,scalar,DectScheduledAccessNetwork.queue,mean_delay_little_ms,,,75.439706987442
Phase6_Exponential-12-20261001-21:45:57-71,scalar,DectScheduledAccessNetwork.queue,little_vs_direct_relative_error,,,1.7394472528576e-05
Phase6_Exponential-12-20261001-21:45:57-71,scalar,DectScheduledAccessNetwork.queue,type1_service_fraction,,,0.083355911729247
Phase6_Exponential-12-20261001-21:45:57-71,scalar,DectScheduledAccessNetwork.queue,type2_service_fraction,,,0.91664408827094
Phase6_Exponential-12-20261001-21:45:57-71,scalar,DectScheduledAccessNetwork.queue,full_type1_fraction,,,0.00018207282577048
Phase6_Exponential-12-20261001-21:45:57-71,scalar,DectScheduledAccessNetwork.queue,full_type2_fraction,,,0.017171902381258
Phase6_Exponential-12-20261001-21:45:57-71,scalar,DectScheduledAccessNetwork.queue,nonfull_state_fraction,,,0.98264602479316
Phase6_Exponential-12-20261001-21:45:57-71,scalar,DectScheduledAccessNetwork.queue,saturated_full_state_fraction,,,0.017353975207029
Phase6_Exponential-12-20261001-21:45:57-71,scalar,DectScheduledAccessNetwork.queue,full_type1_phase_0_fraction,,,0.00015819571024844
Phase6_Exponential-12-20261001-21:45:57-71,scalar,DectScheduledAccessNetwork.queue,full_type1_phase_1_fraction,,,2.3877115522041e-05
Phase6_Exponential-13-20261001-21:45:57-71,scalar,DectScheduledAccessNetwork.queue,D,,,10
Phase6_Exponential-13-20261001-21:45:57-71,scalar,DectScheduledAccessNetwork.queue,r,,,30
Phase6_Exponential-13-20261001-21:45:57-71,scalar,DectScheduledAccessNetwork.queue,L_effective,,,2
Phase6_Exponential-13-20261001-21:45:57-71,scalar,DectScheduledAccessNetwork.queue,rho,,,0.084745762712
Phase6_Exponential-13-20261001-21:45:57-71,scalar,DectScheduledAccessNetwork.queue,lambda_per_ms,,,0.20338983034609
Phase6_Exponential-13-20261001-21:45:57-71,scalar,DectScheduledAccessNetwork.queue,lambda_sat_per_ms,,,0.20338983049469
Phase6_Exponential-13-20261001-21:45:57-71,scalar,DectScheduledAccessNetwork.queue,rho_sat,,,0.084745762773916
Phase6_Exponential-13-20261001-21:45:57-71,scalar,DectScheduledAccessNetwork.queue,load_factor_rho_over_rho_sat,,,0.9999999992694
Phase6_Exponential-13-20261001-21:45:57-71,scalar,DectScheduledAccessNetwork.queue,mean_type1_service_ms,,,0.416666667
Phase6_Exponential-13-20261001-21:45:57-71,scalar,DectScheduledAccessNetwork.queue,type1_service_distribution_code,,,1
Phase6_Exponential-13-20261001-21:45:57-71,scalar,DectScheduledAccessNetwork.queue,type1_service_scv,,,1
Phase6_Exponential-13-20261001-21:45:57-71,scalar,DectScheduledAccessNetwork.queue,type2_service_ms,,,9
Phase6_Exponential-13-20261001-21:45:57-71,scalar,DectScheduledAccessNetwork.queue,warmup_type1_completions,,,200000
Phase6_Exponential-13-20261001-21:45:57-71,scalar,DectScheduledAccessNetwork.queue,measured_arrivals,,,1016838
Phase6_Exponential-13-20261001-21:45:57-71,scalar,DectScheduledAccessNetwork.queue,measured_accepted_arrivals,,,1000009
Phase6_Exponential-13-20261001-21:45:57-71,scalar,DectScheduledAccessNetwork.queue,measured_blocked_arrivals,,,16829
Phase6_Exponential-13-20261001-21:45:57-71,scalar,DectScheduledAccessNetwork.queue,measured_completed_packets,,,1000000
Phase6_Exponential-13-20261001-21:45:57-71,scalar,DectScheduledAccessNetwork.queue,observation_time_s,,,5004.7179495564
Phase6_Exponential-13-20261001-21:45:57-71,scalar,DectScheduledAccessNetwork.queue,blocking_probability,,,0.016550325617257
Phase6_Exponential-13-20261001-21:45:57-71,scalar,DectScheduledAccessNetwork.queue,mean_type1_number,,,14.622074447829
Phase6_Exponential-13-20261001-21:45:57-71,scalar,DectScheduledAccessNetwork.queue,mean_delay_direct_ms,,,73.178203490057
Phase6_Exponential-13-20261001-21:45:57-71,scalar,DectScheduledAccessNetwork.queue,delay_p50_ms,,,72.069052152
Phase6_Exponential-13-20261001-21:45:57-71,scalar,DectScheduledAccessNetwork.queue,delay_p95_ms,,,139.51372341465
Phase6_Exponential-13-20261001-21:45:57-71,scalar,DectScheduledAccessNetwork.queue,delay_p99_ms,,,146.37127848219
Phase6_Exponential-13-20261001-21:45:57-71,scalar,DectScheduledAccessNetwork.queue,delay_p999_ms,,,150.44254690244
Phase6_Exponential-13-20261001-21:45:57-71,scalar,DectScheduledAccessNetwork.queue,tail_sample_count,,,1000000
Phase6_Exponential-13-20261001-21:45:57-71,scalar,DectScheduledAccessNetwork.queue,effective_throughput_departures_per_ms,,,0.19981145992226
Phase6_Exponential-13-20261001-21:45:57-71,scalar,DectScheduledAccessNetwork.queue,effective_throughput_accepted_per_ms,,,0.1998132582254
Phase6_Exponential-13-20261001-21:45:57-71,scalar,DectScheduledAccessNetwork.queue,mean_delay_little_ms,,,73.179358448798
Phase6_Exponential-13-20261001-21:45:57-71,scalar,DectScheduledAccessNetwork.queue,little_vs_direct_relative_error,,,1.5782824479338e-05
Phase6_Exponential-13-20261001-21:45:57-71,scalar,DectScheduledAccessNetwork.queue,type1_service_fraction,,,0.083295193407119
Phase6_Exponential-13-20261001-21:45:57-71,scalar,DectScheduledAccessNetwork.queue,type2_service_fraction,,,0.9167048065931
Phase6_Exponential-13-20261001-21:45:57-71,scalar,DectScheduledAccessNetwork.queue,full_type1_fraction,,,0.00017558699005823
Phase6_Exponential-13-20261001-21:45:57-71,scalar,DectScheduledAccessNetwork.queue,full_type2_fraction,,,0.016393343447732
Phase6_Exponential-13-20261001-21:45:57-71,scalar,DectScheduledAccessNetwork.queue,nonfull_state_fraction,,,0.98343106956237
Phase6_Exponential-13-20261001-21:45:57-71,scalar,DectScheduledAccessNetwork.queue,saturated_full_state_fraction,,,0.016568930437791
Phase6_Exponential-13-20261001-21:45:57-71,scalar,DectScheduledAccessNetwork.queue,full_type1_phase_0_fraction,,,0.00014969804788248
Phase6_Exponential-13-20261001-21:45:57-71,scalar,DectScheduledAccessNetwork.queue,full_type1_phase_1_fraction,,,2.5888942175749e-05
Phase6_Exponential-14-20261001-21:45:57-71,scalar,DectScheduledAccessNetwork.queue,D,,,10
Phase6_Exponential-14-20261001-21:45:57-71,scalar,DectScheduledAccessNetwork.queue,r,,,30
Phase6_Exponential-14-20261001-21:45:57-71,scalar,DectScheduledAccessNetwork.queue,L_effective,,,2
Phase6_Exponential-14-20261001-21:45:57-71,scalar,DectScheduledAccessNetwork.queue,rho,,,0.084745762712
Phase6_Exponential-14-20261001-21:45:57-71,scalar,DectScheduledAccessNetwork.queue,lambda_per_ms,,,0.20338983034609
Phase6_Exponential-14-20261001-21:45:57-71,scalar,DectScheduledAccessNetwork.queue,lambda_sat_per_ms,,,0.20338983049469
Phase6_Exponential-14-20261001-21:45:57-71,scalar,DectScheduledAccessNetwork.queue,rho_sat,,,0.084745762773916
Phase6_Exponential-14-20261001-21:45:57-71,scalar,DectScheduledAccessNetwork.queue,load_factor_rho_over_rho_sat,,,0.9999999992694
Phase6_Exponential-14-20261001-21:45:57-71,scalar,DectScheduledAccessNetwork.queue,mean_type1_service_ms,,,0.416666667
Phase6_Exponential-14-20261001-21:45:57-71,scalar,DectScheduledAccessNetwork.queue,type1_service_distribution_code,,,1
Phase6_Exponential-14-20261001-21:45:57-71,scalar,DectScheduledAccessNetwork.queue,type1_service_scv,,,1
Phase6_Exponential-14-20261001-21:45:57-71,scalar,DectScheduledAccessNetwork.queue,type2_service_ms,,,9
Phase6_Exponential-14-20261001-21:45:57-71,scalar,DectScheduledAccessNetwork.queue,warmup_type1_completions,,,200000
Phase6_Exponential-14-20261001-21:45:57-71,scalar,DectScheduledAccessNetwork.queue,measured_arrivals,,,1015982
Phase6_Exponential-14-20261001-21:45:57-71,scalar,DectScheduledAccessNetwork.queue,measured_accepted_arrivals,,,1000015
Phase6_Exponential-14-20261001-21:45:57-71,scalar,DectScheduledAccessNetwork.queue,measured_blocked_arrivals,,,15967
Phase6_Exponential-14-20261001-21:45:57-71,scalar,DectScheduledAccessNetwork.queue,measured_completed_packets,,,1000000
Phase6_Exponential-14-20261001-21:45:57-71,scalar,DectScheduledAccessNetwork.queue,observation_time_s,,,5008.087583894
Phase6_Exponential-14-20261001-21:45:57-71,scalar,DectScheduledAccessNetwork.queue,blocking_probability,,,0.015715829611155
Phase6_Exponential-14-20261001-21:45:57-71,scalar,DectScheduledAccessNetwork.queue,mean_type1_number,,,14.372892745425
Phase6_Exponential-14-20261001-21:45:57-71,scalar,DectScheduledAccessNetwork.queue,mean_delay_direct_ms,,,71.979621242422
Phase6_Exponential-14-20261001-21:45:57-71,scalar,DectScheduledAccessNetwork.queue,delay_p50_ms,,,70.5758498025
Phase6_Exponential-14-20261001-21:45:57-71,scalar,DectScheduledAccessNetwork.queue,delay_p95_ms,,,139.11863996185
Phase6_Exponential-14-20261001-21:45:57-71,scalar,DectScheduledAccessNetwork.queue,delay_p99_ms,,,146.2782959252
Phase6_Exponential-14-20261001-21:45:57-71,scalar,DectScheduledAccessNetwork.queue,delay_p999_ms,,,150.38765171242
Phase6_Exponential-14-20261001-21:45:57-71,scalar,DectScheduledAccessNetwork.queue,tail_sample_count,,,1000000
Phase6_Exponential-14-20261001-21:45:57-71,scalar,DectScheduledAccessNetwork.queue,effective_throughput_departures_per_ms,,,0.19967701907131
Phase6_Exponential-14-20261001-21:45:57-71,scalar,DectScheduledAccessNetwork.queue,effective_throughput_accepted_per_ms,,,0.1996800142266
Phase6_Exponential-14-20261001-21:45:57-71,scalar,DectScheduledAccessNetwork.queue,mean_delay_little_ms,,,71.980705703001
Phase6_Exponential-14-20261001-21:45:57-71,scalar,DectScheduledAccessNetwork.queue,little_vs_direct_relative_error,,,1.5066216809245e-05
Phase6_Exponential-14-20261001-21:45:57-71,scalar,DectScheduledAccessNetwork.queue,type1_service_fraction,,,0.083101498710288
Phase6_Exponential-14-20261001-21:45:57-71,scalar,DectScheduledAccessNetwork.queue,type2_service_fraction,,,0.91689850128996
Phase6_Exponential-14-20261001-21:45:57-71,scalar,DectScheduledAccessNetwork.queue,full_type1_fraction,,,0.00015014857047954
Phase6_Exponential-14-20261001-21:45:57-71,scalar,DectScheduledAccessNetwork.queue,full_type2_fraction,,,0.015486658083865
Phase6_Exponential-14-20261001-21:45:57-71,scalar,DectScheduledAccessNetwork.queue,nonfull_state_fraction,,,0.98436319334589
Phase6_Exponential-14-20261001-21:45:57-71,scalar,DectScheduledAccessNetwork.queue,saturated_full_state_fraction,,,0.015636806654345
Phase6_Exponential-14-20261001-21:45:57-71,scalar,DectScheduledAccessNetwork.queue,full_type1_phase_0_fraction,,,0.00013210615984247
Phase6_Exponential-14-20261001-21:45:57-71,scalar,DectScheduledAccessNetwork.queue,full_type1_phase_1_fraction,,,1.8042410637065e-05
Phase6_Exponential-15-20261001-21:45:58-71,scalar,DectScheduledAccessNetwork.queue,D,,,10
Phase6_Exponential-15-20261001-21:45:58-71,scalar,DectScheduledAccessNetwork.queue,r,,,30
Phase6_Exponential-15-20261001-21:45:58-71,scalar,DectScheduledAccessNetwork.queue,L_effective,,,2
Phase6_Exponential-15-20261001-21:45:58-71,scalar,DectScheduledAccessNetwork.queue,rho,,,0.084745762712
Phase6_Exponential-15-20261001-21:45:58-71,scalar,DectScheduledAccessNetwork.queue,lambda_per_ms,,,0.20338983034609
Phase6_Exponential-15-20261001-21:45:58-71,scalar,DectScheduledAccessNetwork.queue,lambda_sat_per_ms,,,0.20338983049469
Phase6_Exponential-15-20261001-21:45:58-71,scalar,DectScheduledAccessNetwork.queue,rho_sat,,,0.084745762773916
Phase6_Exponential-15-20261001-21:45:58-71,scalar,DectScheduledAccessNetwork.queue,load_factor_rho_over_rho_sat,,,0.9999999992694
Phase6_Exponential-15-20261001-21:45:58-71,scalar,DectScheduledAccessNetwork.queue,mean_type1_service_ms,,,0.416666667
Phase6_Exponential-15-20261001-21:45:58-71,scalar,DectScheduledAccessNetwork.queue,type1_service_distribution_code,,,1
Phase6_Exponential-15-20261001-21:45:58-71,scalar,DectScheduledAccessNetwork.queue,type1_service_scv,,,1
Phase6_Exponential-15-20261001-21:45:58-71,scalar,DectScheduledAccessNetwork.queue,type2_service_ms,,,9
Phase6_Exponential-15-20261001-21:45:58-71,scalar,DectScheduledAccessNetwork.queue,warmup_type1_completions,,,200000
Phase6_Exponential-15-20261001-21:45:58-71,scalar,DectScheduledAccessNetwork.queue,measured_arrivals,,,1017026
Phase6_Exponential-15-20261001-21:45:58-71,scalar,DectScheduledAccessNetwork.queue,measured_accepted_arrivals,,,1000028
Phase6_Exponential-15-20261001-21:45:58-71,scalar,DectScheduledAccessNetwork.queue,measured_blocked_arrivals,,,16998
Phase6_Exponential-15-20261001-21:45:58-71,scalar,DectScheduledAccessNetwork.queue,measured_completed_packets,,,1000000
Phase6_Exponential-15-20261001-21:45:58-71,scalar,DectScheduledAccessNetwork.queue,observation_time_s,,,4999.2960191146
Phase6_Exponential-15-20261001-21:45:58-71,scalar,DectScheduledAccessNetwork.queue,blocking_probability,,,0.016713437021276
Phase6_Exponential-15-20261001-21:45:58-71,scalar,DectScheduledAccessNetwork.queue,mean_type1_number,,,14.971881189355
Phase6_Exponential-15-20261001-21:45:58-71,scalar,DectScheduledAccessNetwork.queue,mean_delay_direct_ms,,,74.846064703601
Phase6_Exponential-15-20261001-21:45:58-71,scalar,DectScheduledAccessNetwork.queue,delay_p50_ms,,,75.070453048
Phase6_Exponential-15-20261001-21:45:58-71,scalar,DectScheduledAccessNetwork.queue,delay_p95_ms,,,139.6142296394
Phase6_Exponential-15-20261001-21:45:58-71,scalar,DectScheduledAccessNetwork.queue,delay_p99_ms,,,146.45356920243
Phase6_Exponential-15-20261001-21:45:58-71,scalar,DectScheduledAccessNetwork.queue,delay_p999_ms,,,150.52729532875
Phase6_Exponential-15-20261001-21:45:58-71,scalar,DectScheduledAccessNetwork.queue,tail_sample_count,,,1000000
Phase6_Exponential-15-20261001-21:45:58-71,scalar,DectScheduledAccessNetwork.queue,effective_throughput_departures_per_ms,,,0.20002816320069
Phase6_Exponential-15-20261001-21:45:58-71,scalar,DectScheduledAccessNetwork.queue,effective_throughput_accepted_per_ms,,,0.20003376398926
Phase6_Exponential-15-20261001-21:45:58-71,scalar,DectScheduledAccessNetwork.queue,mean_delay_little_ms,,,74.848866028601
Phase6_Exponential-15-20261001-21:45:58-71,scalar,DectScheduledAccessNetwork.queue,little_vs_direct_relative_error,,,3.7427819500335e-05
Phase6_Exponential-15-20261001-21:45:58-71,scalar,DectScheduledAccessNetwork.queue,type1_service_fraction,,,0.083456754214861
Phase6_Exponential-15-20261001-21:45:58-71,scalar,DectScheduledAccessNetwork.queue,type2_service_fraction,,,0.91654324578541
Phase6_Exponential-15-20261001-21:45:58-71,scalar,DectScheduledAccessNetwork.queue,full_type1_fraction,,,0.00017205885040437
Phase6_Exponential-15-20261001-21:45:58-71,scalar,DectScheduledAccessNetwork.queue,full_type2_fraction,,,0.016532213114788
Phase6_Exponential-15-20261001-21:45:58-71,scalar,DectScheduledAccessNetwork.queue,nonfull_state_fraction,,,0.98329572803506
Phase6_Exponential-15-20261001-21:45:58-71,scalar,DectScheduledAccessNetwork.queue,saturated_full_state_fraction,,,0.016704271965192
Phase6_Exponential-15-20261001-21:45:58-71,scalar,DectScheduledAccessNetwork.queue,full_type1_phase_0_fraction,,,0.00014853772892699
Phase6_Exponential-15-20261001-21:45:58-71,scalar,DectScheduledAccessNetwork.queue,full_type1_phase_1_fraction,,,2.3521121477385e-05
Phase6_Exponential-16-20261001-21:45:58-71,scalar,DectScheduledAccessNetwork.queue,D,,,10
Phase6_Exponential-16-20261001-21:45:58-71,scalar,DectScheduledAccessNetwork.queue,r,,,30
Phase6_Exponential-16-20261001-21:45:58-71,scalar,DectScheduledAccessNetwork.queue,L_effective,,,2
Phase6_Exponential-16-20261001-21:45:58-71,scalar,DectScheduledAccessNetwork.queue,rho,,,0.084745762712
Phase6_Exponential-16-20261001-21:45:58-71,scalar,DectScheduledAccessNetwork.queue,lambda_per_ms,,,0.20338983034609
Phase6_Exponential-16-20261001-21:45:58-71,scalar,DectScheduledAccessNetwork.queue,lambda_sat_per_ms,,,0.20338983049469
Phase6_Exponential-16-20261001-21:45:58-71,scalar,DectScheduledAccessNetwork.queue,rho_sat,,,0.084745762773916
Phase6_Exponential-16-20261001-21:45:58-71,scalar,DectScheduledAccessNetwork.queue,load_factor_rho_over_rho_sat,,,0.9999999992694
Phase6_Exponential-16-20261001-21:45:58-71,scalar,DectScheduledAccessNetwork.queue,mean_type1_service_ms,,,0.416666667
Phase6_Exponential-16-20261001-21:45:58-71,scalar,DectScheduledAccessNetwork.queue,type1_service_distribution_code,,,1
Phase6_Exponential-16-20261001-21:45:58-71,scalar,DectScheduledAccessNetwork.queue,type1_service_scv,,,1
Phase6_Exponential-16-20261001-21:45:58-71,scalar,DectScheduledAccessNetwork.queue,type2_service_ms,,,9
Phase6_Exponential-16-20261001-21:45:58-71,scalar,DectScheduledAccessNetwork.queue,warmup_type1_completions,,,200000
Phase6_Exponential-16-20261001-21:45:58-71,scalar,DectScheduledAccessNetwork.queue,measured_arrivals,,,1016669
Phase6_Exponential-16-20261001-21:45:58-71,scalar,DectScheduledAccessNetwork.queue,measured_accepted_arrivals,,,1000004
Phase6_Exponential-16-20261001-21:45:58-71,scalar,DectScheduledAccessNetwork.queue,measured_blocked_arrivals,,,16665
Phase6_Exponential-16-20261001-21:45:58-71,scalar,DectScheduledAccessNetwork.queue,measured_completed_packets,,,1000000
Phase6_Exponential-16-20261001-21:45:58-71,scalar,DectScheduledAccessNetwork.queue,observation_time_s,,,5003.3452456928
Phase6_Exponential-16-20261001-21:45:58-71,scalar,DectScheduledAccessNetwork.queue,blocking_probability,,,0.016391765658243
Phase6_Exponential-16-20261001-21:45:58-71,scalar,DectScheduledAccessNetwork.queue,mean_type1_number,,,14.864389292295
Phase6_Exponential-16-20261001-21:45:58-71,scalar,DectScheduledAccessNetwork.queue,mean_delay_direct_ms,,,74.37158836209
Phase6_Exponential-16-20261001-21:45:58-71,scalar,DectScheduledAccessNetwork.queue,delay_p50_ms,,,74.520958335
Phase6_Exponential-16-20261001-21:45:58-71,scalar,DectScheduledAccessNetwork.queue,delay_p95_ms,,,139.45952007275
Phase6_Exponential-16-20261001-21:45:58-71,scalar,DectScheduledAccessNetwork.queue,delay_p99_ms,,,146.40306339027
Phase6_Exponential-16-20261001-21:45:58-71,scalar,DectScheduledAccessNetwork.queue,delay_p999_ms,,,150.46115686858
Phase6_Exponential-16-20261001-21:45:58-71,scalar,DectScheduledAccessNetwork.queue,tail_sample_count,,,1000000
Phase6_Exponential-16-20261001-21:45:58-71,scalar,DectScheduledAccessNetwork.queue,effective_throughput_departures_per_ms,,,0.19986627963778
Phase6_Exponential-16-20261001-21:45:58-71,scalar,DectScheduledAccessNetwork.queue,effective_throughput_accepted_per_ms,,,0.1998670791029
Phase6_Exponential-16-20261001-21:45:58-71,scalar,DectScheduledAccessNetwork.queue,mean_delay_little_ms,,,74.371671495733
Phase6_Exponential-16-20261001-21:45:58-71,scalar,DectScheduledAccessNetwork.queue,little_vs_direct_relative_error,,,1.1178145391533e-06
Phase6_Exponential-16-20261001-21:45:58-71,scalar,DectScheduledAccessNetwork.queue,type1_service_fraction,,,0.08326314200513
Phase6_Exponential-16-20261001-21:45:58-71,scalar,DectScheduledAccessNetwork.queue,type2_service_fraction,,,0.91673685799508
Phase6_Exponential-16-20261001-21:45:58-71,scalar,DectScheduledAccessNetwork.queue,full_type1_fraction,,,0.00017421838928553
Phase6_Exponential-16-20261001-21:45:58-71,scalar,DectScheduledAccessNetwork.queue,full_type2_fraction,,,0.016271019901593
Phase6_Exponential-16-20261001-21:45:58-71,scalar,DectScheduledAccessNetwork.queue,nonfull_state_fraction,,,0.98355476170936
Phase6_Exponential-16-20261001-21:45:58-71,scalar,DectScheduledAccessNetwork.queue,saturated_full_state_fraction,,,0.016445238290879
Phase6_Exponential-16-20261001-21:45:58-71,scalar,DectScheduledAccessNetwork.queue,full_type1_phase_0_fraction,,,0.0001508415718447
Phase6_Exponential-16-20261001-21:45:58-71,scalar,DectScheduledAccessNetwork.queue,full_type1_phase_1_fraction,,,2.3376817440829e-05
Phase6_Exponential-17-20261001-21:45:58-71,scalar,DectScheduledAccessNetwork.queue,D,,,10
Phase6_Exponential-17-20261001-21:45:58-71,scalar,DectScheduledAccessNetwork.queue,r,,,30
Phase6_Exponential-17-20261001-21:45:58-71,scalar,DectScheduledAccessNetwork.queue,L_effective,,,2
Phase6_Exponential-17-20261001-21:45:58-71,scalar,DectScheduledAccessNetwork.queue,rho,,,0.084745762712
Phase6_Exponential-17-20261001-21:45:58-71,scalar,DectScheduledAccessNetwork.queue,lambda_per_ms,,,0.20338983034609
Phase6_Exponential-17-20261001-21:45:58-71,scalar,DectScheduledAccessNetwork.queue,lambda_sat_per_ms,,,0.20338983049469
Phase6_Exponential-17-20261001-21:45:58-71,scalar,DectScheduledAccessNetwork.queue,rho_sat,,,0.084745762773916
Phase6_Exponential-17-20261001-21:45:58-71,scalar,DectScheduledAccessNetwork.queue,load_factor_rho_over_rho_sat,,,0.9999999992694
Phase6_Exponential-17-20261001-21:45:58-71,scalar,DectScheduledAccessNetwork.queue,mean_type1_service_ms,,,0.416666667
Phase6_Exponential-17-20261001-21:45:58-71,scalar,DectScheduledAccessNetwork.queue,type1_service_distribution_code,,,1
Phase6_Exponential-17-20261001-21:45:58-71,scalar,DectScheduledAccessNetwork.queue,type1_service_scv,,,1
Phase6_Exponential-17-20261001-21:45:58-71,scalar,DectScheduledAccessNetwork.queue,type2_service_ms,,,9
Phase6_Exponential-17-20261001-21:45:58-71,scalar,DectScheduledAccessNetwork.queue,warmup_type1_completions,,,200000
Phase6_Exponential-17-20261001-21:45:58-71,scalar,DectScheduledAccessNetwork.queue,measured_arrivals,,,1017165
Phase6_Exponential-17-20261001-21:45:58-71,scalar,DectScheduledAccessNetwork.queue,measured_accepted_arrivals,,,1000006
Phase6_Exponential-17-20261001-21:45:58-71,scalar,DectScheduledAccessNetwork.queue,measured_blocked_arrivals,,,17159
Phase6_Exponential-17-20261001-21:45:58-71,scalar,DectScheduledAccessNetwork.queue,measured_completed_packets,,,1000000
Phase6_Exponential-17-20261001-21:45:58-71,scalar,DectScheduledAccessNetwork.queue,observation_time_s,,,5003.5200401648
Phase6_Exponential-17-20261001-21:45:58-71,scalar,DectScheduledAccessNetwork.queue,blocking_probability,,,0.016869436128848
Phase6_Exponential-17-20261001-21:45:58-71,scalar,DectScheduledAccessNetwork.queue,mean_type1_number,,,14.885704957281
Phase6_Exponential-17-20261001-21:45:58-71,scalar,DectScheduledAccessNetwork.queue,mean_delay_direct_ms,,,74.480085394457
Phase6_Exponential-17-20261001-21:45:58-71,scalar,DectScheduledAccessNetwork.queue,delay_p50_ms,,,74.570300333
Phase6_Exponential-17-20261001-21:45:58-71,scalar,DectScheduledAccessNetwork.queue,delay_p95_ms,,,139.69306349225
Phase6_Exponential-17-20261001-21:45:58-71,scalar,DectScheduledAccessNetwork.queue,delay_p99_ms,,,146.42877838326
Phase6_Exponential-17-20261001-21:45:58-71,scalar,DectScheduledAccessNetwork.queue,delay_p999_ms,,,150.48637004468
Phase6_Exponential-17-20261001-21:45:58-71,scalar,DectScheduledAccessNetwork.queue,tail_sample_count,,,1000000
Phase6_Exponential-17-20261001-21:45:58-71,scalar,DectScheduledAccessNetwork.queue,effective_throughput_departures_per_ms,,,0.19985929744914
Phase6_Exponential-17-20261001-21:45:58-71,scalar,DectScheduledAccessNetwork.queue,effective_throughput_accepted_per_ms,,,0.19986049660492
Phase6_Exponential-17-20261001-21:45:58-71,scalar,DectScheduledAccessNetwork.queue,mean_delay_little_ms,,,74.480923065734
Phase6_Exponential-17-20261001-21:45:58-71,scalar,DectScheduledAccessNetwork.queue,little_vs_direct_relative_error,,,1.1246916175933e-05
Phase6_Exponential-17-20261001-21:45:58-71,scalar,DectScheduledAccessNetwork.queue,type1_service_fraction,,,0.083172853675842
Phase6_Exponential-17-20261001-21:45:58-71,scalar,DectScheduledAccessNetwork.queue,type2_service_fraction,,,0.91682714632434
Phase6_Exponential-17-20261001-21:45:58-71,scalar,DectScheduledAccessNetwork.queue,full_type1_fraction,,,0.00017238022516616
Phase6_Exponential-17-20261001-21:45:58-71,scalar,DectScheduledAccessNetwork.queue,full_type2_fraction,,,0.016608200451196
Phase6_Exponential-17-20261001-21:45:58-71,scalar,DectScheduledAccessNetwork.queue,nonfull_state_fraction,,,0.98321941932384
Phase6_Exponential-17-20261001-21:45:58-71,scalar,DectScheduledAccessNetwork.queue,saturated_full_state_fraction,,,0.016780580676362
Phase6_Exponential-17-20261001-21:45:58-71,scalar,DectScheduledAccessNetwork.queue,full_type1_phase_0_fraction,,,0.00015125771557479
Phase6_Exponential-17-20261001-21:45:58-71,scalar,DectScheduledAccessNetwork.queue,full_type1_phase_1_fraction,,,2.1122509591372e-05
Phase6_Exponential-18-20261001-21:45:58-71,scalar,DectScheduledAccessNetwork.queue,D,,,10
Phase6_Exponential-18-20261001-21:45:58-71,scalar,DectScheduledAccessNetwork.queue,r,,,30
Phase6_Exponential-18-20261001-21:45:58-71,scalar,DectScheduledAccessNetwork.queue,L_effective,,,2
Phase6_Exponential-18-20261001-21:45:58-71,scalar,DectScheduledAccessNetwork.queue,rho,,,0.084745762712
Phase6_Exponential-18-20261001-21:45:58-71,scalar,DectScheduledAccessNetwork.queue,lambda_per_ms,,,0.20338983034609
Phase6_Exponential-18-20261001-21:45:58-71,scalar,DectScheduledAccessNetwork.queue,lambda_sat_per_ms,,,0.20338983049469
Phase6_Exponential-18-20261001-21:45:58-71,scalar,DectScheduledAccessNetwork.queue,rho_sat,,,0.084745762773916
Phase6_Exponential-18-20261001-21:45:58-71,scalar,DectScheduledAccessNetwork.queue,load_factor_rho_over_rho_sat,,,0.9999999992694
Phase6_Exponential-18-20261001-21:45:58-71,scalar,DectScheduledAccessNetwork.queue,mean_type1_service_ms,,,0.416666667
Phase6_Exponential-18-20261001-21:45:58-71,scalar,DectScheduledAccessNetwork.queue,type1_service_distribution_code,,,1
Phase6_Exponential-18-20261001-21:45:58-71,scalar,DectScheduledAccessNetwork.queue,type1_service_scv,,,1
Phase6_Exponential-18-20261001-21:45:58-71,scalar,DectScheduledAccessNetwork.queue,type2_service_ms,,,9
Phase6_Exponential-18-20261001-21:45:58-71,scalar,DectScheduledAccessNetwork.queue,warmup_type1_completions,,,200000
Phase6_Exponential-18-20261001-21:45:58-71,scalar,DectScheduledAccessNetwork.queue,measured_arrivals,,,1017211
Phase6_Exponential-18-20261001-21:45:58-71,scalar,DectScheduledAccessNetwork.queue,measured_accepted_arrivals,,,1000007
Phase6_Exponential-18-20261001-21:45:58-71,scalar,DectScheduledAccessNetwork.queue,measured_blocked_arrivals,,,17204
Phase6_Exponential-18-20261001-21:45:58-71,scalar,DectScheduledAccessNetwork.queue,measured_completed_packets,,,1000000
Phase6_Exponential-18-20261001-21:45:58-71,scalar,DectScheduledAccessNetwork.queue,observation_time_s,,,5002.2572521093
Phase6_Exponential-18-20261001-21:45:58-71,scalar,DectScheduledAccessNetwork.queue,blocking_probability,,,0.016912911873741
Phase6_Exponential-18-20261001-21:45:58-71,scalar,DectScheduledAccessNetwork.queue,mean_type1_number,,,14.869542105106
Phase6_Exponential-18-20261001-21:45:58-71,scalar,DectScheduledAccessNetwork.queue,mean_delay_direct_ms,,,74.380877867303
Phase6_Exponential-18-20261001-21:45:58-71,scalar,DectScheduledAccessNetwork.queue,delay_p50_ms,,,74.2683108585
Phase6_Exponential-18-20261001-21:45:58-71,scalar,DectScheduledAccessNetwork.queue,delay_p95_ms,,,139.84012860195
Phase6_Exponential-18-20261001-21:45:58-71,scalar,DectScheduledAccessNetwork.queue,delay_p99_ms,,,146.54674891928
Phase6_Exponential-18-20261001-21:45:58-71,scalar,DectScheduledAccessNetwork.queue,delay_p999_ms,,,150.60755851409
Phase6_Exponential-18-20261001-21:45:58-71,scalar,DectScheduledAccessNetwork.queue,tail_sample_count,,,1000000
Phase6_Exponential-18-20261001-21:45:58-71,scalar,DectScheduledAccessNetwork.queue,effective_throughput_departures_per_ms,,,0.19990975065873
Phase6_Exponential-18-20261001-21:45:58-71,scalar,DectScheduledAccessNetwork.queue,effective_throughput_accepted_per_ms,,,0.19991115002699
Phase6_Exponential-18-20261001-21:45:58-71,scalar,DectScheduledAccessNetwork.queue,mean_delay_little_ms,,,74.381274830811
Phase6_Exponential-18-20261001-21:45:58-71,scalar,DectScheduledAccessNetwork.queue,little_vs_direct_relative_error,,,5.3369027002148e-06
Phase6_Exponential-18-20261001-21:45:58-71,scalar,DectScheduledAccessNetwork.queue,type1_service_fraction,,,0.083252665970685
Phase6_Exponential-18-20261001-21:45:58-71,scalar,DectScheduledAccessNetwork.queue,type2_service_fraction,,,0.91674733402951
Phase6_Exponential-18-20261001-21:45:58-71,scalar,DectScheduledAccessNetwork.queue,full_type1_fraction,,,0.00017438287120103
Phase6_Exponential-18-20261001-21:45:58-71,scalar,DectScheduledAccessNetwork.queue,full_type2_fraction,,,0.01693072868347
Phase6_Exponential-18-20261001-21:45:58-71,scalar,DectScheduledAccessNetwork.queue,nonfull_state_fraction,,,0.98289488844553
Phase6_Exponential-18-20261001-21:45:58-71,scalar,DectScheduledAccessNetwork.queue,saturated_full_state_fraction,,,0.017105111554671
Phase6_Exponential-18-20261001-21:45:58-71,scalar,DectScheduledAccessNetwork.queue,full_type1_phase_0_fraction,,,0.00015230697383061
Phase6_Exponential-18-20261001-21:45:58-71,scalar,DectScheduledAccessNetwork.queue,full_type1_phase_1_fraction,,,2.2075897370419e-05
Phase6_Exponential-19-20261001-21:45:59-71,scalar,DectScheduledAccessNetwork.queue,D,,,10
Phase6_Exponential-19-20261001-21:45:59-71,scalar,DectScheduledAccessNetwork.queue,r,,,30
Phase6_Exponential-19-20261001-21:45:59-71,scalar,DectScheduledAccessNetwork.queue,L_effective,,,2
Phase6_Exponential-19-20261001-21:45:59-71,scalar,DectScheduledAccessNetwork.queue,rho,,,0.084745762712
Phase6_Exponential-19-20261001-21:45:59-71,scalar,DectScheduledAccessNetwork.queue,lambda_per_ms,,,0.20338983034609
Phase6_Exponential-19-20261001-21:45:59-71,scalar,DectScheduledAccessNetwork.queue,lambda_sat_per_ms,,,0.20338983049469
Phase6_Exponential-19-20261001-21:45:59-71,scalar,DectScheduledAccessNetwork.queue,rho_sat,,,0.084745762773916
Phase6_Exponential-19-20261001-21:45:59-71,scalar,DectScheduledAccessNetwork.queue,load_factor_rho_over_rho_sat,,,0.9999999992694
Phase6_Exponential-19-20261001-21:45:59-71,scalar,DectScheduledAccessNetwork.queue,mean_type1_service_ms,,,0.416666667
Phase6_Exponential-19-20261001-21:45:59-71,scalar,DectScheduledAccessNetwork.queue,type1_service_distribution_code,,,1
Phase6_Exponential-19-20261001-21:45:59-71,scalar,DectScheduledAccessNetwork.queue,type1_service_scv,,,1
Phase6_Exponential-19-20261001-21:45:59-71,scalar,DectScheduledAccessNetwork.queue,type2_service_ms,,,9
Phase6_Exponential-19-20261001-21:45:59-71,scalar,DectScheduledAccessNetwork.queue,warmup_type1_completions,,,200000
Phase6_Exponential-19-20261001-21:45:59-71,scalar,DectScheduledAccessNetwork.queue,measured_arrivals,,,1016590
Phase6_Exponential-19-20261001-21:45:59-71,scalar,DectScheduledAccessNetwork.queue,measured_accepted_arrivals,,,1000007
Phase6_Exponential-19-20261001-21:45:59-71,scalar,DectScheduledAccessNetwork.queue,measured_blocked_arrivals,,,16583
Phase6_Exponential-19-20261001-21:45:59-71,scalar,DectScheduledAccessNetwork.queue,measured_completed_packets,,,1000000
Phase6_Exponential-19-20261001-21:45:59-71,scalar,DectScheduledAccessNetwork.queue,observation_time_s,,,5001.7831240132
Phase6_Exponential-19-20261001-21:45:59-71,scalar,DectScheduledAccessNetwork.queue,blocking_probability,,,0.016312377654708
Phase6_Exponential-19-20261001-21:45:59-71,scalar,DectScheduledAccessNetwork.queue,mean_type1_number,,,14.693538330118
Phase6_Exponential-19-20261001-21:45:59-71,scalar,DectScheduledAccessNetwork.queue,mean_delay_direct_ms,,,73.493005965609
Phase6_Exponential-19-20261001-21:45:59-71,scalar,DectScheduledAccessNetwork.queue,delay_p50_ms,,,72.6254901295
Phase6_Exponential-19-20261001-21:45:59-71,scalar,DectScheduledAccessNetwork.queue,delay_p95_ms,,,139.39257003795
Phase6_Exponential-19-20261001-21:45:59-71,scalar,DectScheduledAccessNetwork.queue,delay_p99_ms,,,146.33879869749
Phase6_Exponential-19-20261001-21:45:59-71,scalar,DectScheduledAccessNetwork.queue,delay_p999_ms,,,150.44292564888
Phase6_Exponential-19-20261001-21:45:59-71,scalar,DectScheduledAccessNetwork.queue,tail_sample_count,,,1000000
Phase6_Exponential-19-20261001-21:45:59-71,scalar,DectScheduledAccessNetwork.queue,effective_throughput_departures_per_ms,,,0.19992870046665
Phase6_Exponential-19-20261001-21:45:59-71,scalar,DectScheduledAccessNetwork.queue,effective_throughput_accepted_per_ms,,,0.19993009996756
Phase6_Exponential-19-20261001-21:45:59-71,scalar,DectScheduledAccessNetwork.queue,mean_delay_little_ms,,,73.493892051625
Phase6_Exponential-19-20261001-21:45:59-71,scalar,DectScheduledAccessNetwork.queue,little_vs_direct_relative_error,,,1.2056739336241e-05
Phase6_Exponential-19-20261001-21:45:59-71,scalar,DectScheduledAccessNetwork.queue,type1_service_fraction,,,0.083291720909106
Phase6_Exponential-19-20261001-21:45:59-71,scalar,DectScheduledAccessNetwork.queue,type2_service_fraction,,,0.91670827909111
Phase6_Exponential-19-20261001-21:45:59-71,scalar,DectScheduledAccessNetwork.queue,full_type1_fraction,,,0.00017582949426571
Phase6_Exponential-19-20261001-21:45:59-71,scalar,DectScheduledAccessNetwork.queue,full_type2_fraction,,,0.016163696163448
Phase6_Exponential-19-20261001-21:45:59-71,scalar,DectScheduledAccessNetwork.queue,nonfull_state_fraction,,,0.98366047434253
Phase6_Exponential-19-20261001-21:45:59-71,scalar,DectScheduledAccessNetwork.queue,saturated_full_state_fraction,,,0.016339525657714
Phase6_Exponential-19-20261001-21:45:59-71,scalar,DectScheduledAccessNetwork.queue,full_type1_phase_0_fraction,,,0.00015124905182754
Phase6_Exponential-19-20261001-21:45:59-71,scalar,DectScheduledAccessNetwork.queue,full_type1_phase_1_fraction,,,2.4580442438167e-05
Phase6_Exponential-20-20261001-21:45:59-71,scalar,DectScheduledAccessNetwork.queue,D,,,10
Phase6_Exponential-20-20261001-21:45:59-71,scalar,DectScheduledAccessNetwork.queue,r,,,30
Phase6_Exponential-20-20261001-21:45:59-71,scalar,DectScheduledAccessNetwork.queue,L_effective,,,2
Phase6_Exponential-20-20261001-21:45:59-71,scalar,DectScheduledAccessNetwork.queue,rho,,,0.101694915254
Phase6_Exponential-20-20261001-21:45:59-71,scalar,DectScheduledAccessNetwork.queue,lambda_per_ms,,,0.24406779641435
Phase6_Exponential-20-20261001-21:45:59-71,scalar,DectScheduledAccessNetwork.queue,lambda_sat_per_ms,,,0.20338983049469
Phase6_Exponential-20-20261001-21:45:59-71,scalar,DectScheduledAccessNetwork.queue,rho_sat,,,0.084745762773916
Phase6_Exponential-20-20261001-21:45:59-71,scalar,DectScheduledAccessNetwork.queue,load_factor_rho_over_rho_sat,,,1.1999999991186
Phase6_Exponential-20-20261001-21:45:59-71,scalar,DectScheduledAccessNetwork.queue,mean_type1_service_ms,,,0.416666667
Phase6_Exponential-20-20261001-21:45:59-71,scalar,DectScheduledAccessNetwork.queue,type1_service_distribution_code,,,1
Phase6_Exponential-20-20261001-21:45:59-71,scalar,DectScheduledAccessNetwork.queue,type1_service_scv,,,1
Phase6_Exponential-20-20261001-21:45:59-71,scalar,DectScheduledAccessNetwork.queue,type2_service_ms,,,9
Phase6_Exponential-20-20261001-21:45:59-71,scalar,DectScheduledAccessNetwork.queue,warmup_type1_completions,,,200000
Phase6_Exponential-20-20261001-21:45:59-71,scalar,DectScheduledAccessNetwork.queue,measured_arrivals,,,1199897
Phase6_Exponential-20-20261001-21:45:59-71,scalar,DectScheduledAccessNetwork.queue,measured_accepted_arrivals,,,1000029
Phase6_Exponential-20-20261001-21:45:59-71,scalar,DectScheduledAccessNetwork.queue,measured_blocked_arrivals,,,199868
Phase6_Exponential-20-20261001-21:45:59-71,scalar,DectScheduledAccessNetwork.queue,measured_completed_packets,,,1000000
Phase6_Exponential-20-20261001-21:45:59-71,scalar,DectScheduledAccessNetwork.queue,observation_time_s,,,4917.4424092895
Phase6_Exponential-20-20261001-21:45:59-71,scalar,DectScheduledAccessNetwork.queue,blocking_probability,,,0.16657096400774
Phase6_Exponential-20-20261001-21:45:59-71,scalar,DectScheduledAccessNetwork.queue,mean_type1_number,,,27.194069889103
Phase6_Exponential-20-20261001-21:45:59-71,scalar,DectScheduledAccessNetwork.queue,mean_delay_direct_ms,,,133.72128403843
Phase6_Exponential-20-20261001-21:45:59-71,scalar,DectScheduledAccessNetwork.queue,delay_p50_ms,,,137.430459635
Phase6_Exponential-20-20261001-21:45:59-71,scalar,DectScheduledAccessNetwork.queue,delay_p95_ms,,,147.9083900618
Phase6_Exponential-20-20261001-21:45:59-71,scalar,DectScheduledAccessNetwork.queue,delay_p99_ms,,,150.52899558185
Phase6_Exponential-20-20261001-21:45:59-71,scalar,DectScheduledAccessNetwork.queue,delay_p999_ms,,,153.41344409918
Phase6_Exponential-20-20261001-21:45:59-71,scalar,DectScheduledAccessNetwork.queue,tail_sample_count,,,1000000
Phase6_Exponential-20-20261001-21:45:59-71,scalar,DectScheduledAccessNetwork.queue,effective_throughput_departures_per_ms,,,0.20335774509751
Phase6_Exponential-20-20261001-21:45:59-71,scalar,DectScheduledAccessNetwork.queue,effective_throughput_accepted_per_ms,,,0.20336364247212
Phase6_Exponential-20-20261001-21:45:59-71,scalar,DectScheduledAccessNetwork.queue,mean_delay_little_ms,,,133.72527255386
Phase6_Exponential-20-20261001-21:45:59-71,scalar,DectScheduledAccessNetwork.queue,little_vs_direct_relative_error,,,2.9827079925271e-05
Phase6_Exponential-20-20261001-21:45:59-71,scalar,DectScheduledAccessNetwork.queue,type1_service_fraction,,,0.084853542667071
Phase6_Exponential-20-20261001-21:45:59-71,scalar,DectScheduledAccessNetwork.queue,type2_service_fraction,,,0.91514645733307
Phase6_Exponential-20-20261001-21:45:59-71,scalar,DectScheduledAccessNetwork.queue,full_type1_fraction,,,0.0018482681558677
Phase6_Exponential-20-20261001-21:45:59-71,scalar,DectScheduledAccessNetwork.queue,full_type2_fraction,,,0.16517513263296
Phase6_Exponential-20-20261001-21:45:59-71,scalar,DectScheduledAccessNetwork.queue,nonfull_state_fraction,,,0.83297659921131
Phase6_Exponential-20-20261001-21:45:59-71,scalar,DectScheduledAccessNetwork.queue,saturated_full_state_fraction,,,0.16702340078882
Phase6_Exponential-20-20261001-21:45:59-71,scalar,DectScheduledAccessNetwork.queue,full_type1_phase_0_fraction,,,0.001571399115969
Phase6_Exponential-20-20261001-21:45:59-71,scalar,DectScheduledAccessNetwork.queue,full_type1_phase_1_fraction,,,0.00027686903989867
Phase6_Exponential-21-20261001-21:45:59-71,scalar,DectScheduledAccessNetwork.queue,D,,,10
Phase6_Exponential-21-20261001-21:45:59-71,scalar,DectScheduledAccessNetwork.queue,r,,,30
Phase6_Exponential-21-20261001-21:45:59-71,scalar,DectScheduledAccessNetwork.queue,L_effective,,,2
Phase6_Exponential-21-20261001-21:45:59-71,scalar,DectScheduledAccessNetwork.queue,rho,,,0.101694915254
Phase6_Exponential-21-20261001-21:45:59-71,scalar,DectScheduledAccessNetwork.queue,lambda_per_ms,,,0.24406779641435
Phase6_Exponential-21-20261001-21:45:59-71,scalar,DectScheduledAccessNetwork.queue,lambda_sat_per_ms,,,0.20338983049469
Phase6_Exponential-21-20261001-21:45:59-71,scalar,DectScheduledAccessNetwork.queue,rho_sat,,,0.084745762773916
Phase6_Exponential-21-20261001-21:45:59-71,scalar,DectScheduledAccessNetwork.queue,load_factor_rho_over_rho_sat,,,1.1999999991186
Phase6_Exponential-21-20261001-21:45:59-71,scalar,DectScheduledAccessNetwork.queue,mean_type1_service_ms,,,0.416666667
Phase6_Exponential-21-20261001-21:45:59-71,scalar,DectScheduledAccessNetwork.queue,type1_service_distribution_code,,,1
Phase6_Exponential-21-20261001-21:45:59-71,scalar,DectScheduledAccessNetwork.queue,type1_service_scv,,,1
Phase6_Exponential-21-20261001-21:45:59-71,scalar,DectScheduledAccessNetwork.queue,type2_service_ms,,,9
Phase6_Exponential-21-20261001-21:45:59-71,scalar,DectScheduledAccessNetwork.queue,warmup_type1_completions,,,200000
Phase6_Exponential-21-20261001-21:45:59-71,scalar,DectScheduledAccessNetwork.queue,measured_arrivals,,,1199404
Phase6_Exponential-21-20261001-21:45:59-71,scalar,DectScheduledAccessNetwork.queue,measured_accepted_arrivals,,,1000029
Phase6_Exponential-21-20261001-21:45:59-71,scalar,DectScheduledAccessNetwork.queue,measured_blocked_arrivals,,,199375
Phase6_Exponential-21-20261001-21:45:59-71,scalar,DectScheduledAccessNetwork.queue,measured_completed_packets,,,1000000
Phase6_Exponential-21-20261001-21:45:59-71,scalar,DectScheduledAccessNetwork.queue,observation_time_s,,,4917.3487188997
Phase6_Exponential-21-20261001-21:45:59-71,scalar,DectScheduledAccessNetwork.queue,blocking_probability,,,0.16622839343541
Phase6_Exponential-21-20261001-21:45:59-71,scalar,DectScheduledAccessNetwork.queue,mean_type1_number,,,27.175833243581
Phase6_Exponential-21-20261001-21:45:59-71,scalar,DectScheduledAccessNetwork.queue,mean_delay_direct_ms,,,133.62944867911
Phase6_Exponential-21-20261001-21:45:59-71,scalar,DectScheduledAccessNetwork.queue,delay_p50_ms,,,137.3537867555
Phase6_Exponential-21-20261001-21:45:59-71,scalar,DectScheduledAccessNetwork.queue,delay_p95_ms,,,147.90515916305
Phase6_Exponential-21-20261001-21:45:59-71,scalar,DectScheduledAccessNetwork.queue,delay_p99_ms,,,150.52613313582
Phase6_Exponential-21-20261001-21:45:59-71,scalar,DectScheduledAccessNetwork.queue,delay_p999_ms,,,153.45256581182
Phase6_Exponential-21-20261001-21:45:59-71,scalar,DectScheduledAccessNetwork.queue,tail_sample_count,,,1000000
Phase6_Exponential-21-20261001-21:45:59-71,scalar,DectScheduledAccessNetwork.queue,effective_throughput_departures_per_ms,,,0.20336161967862
Phase6_Exponential-21-20261001-21:45:59-71,scalar,DectScheduledAccessNetwork.queue,effective_throughput_accepted_per_ms,,,0.20336751716559
Phase6_Exponential-21-20261001-21:45:59-71,scalar,DectScheduledAccessNetwork.queue,mean_delay_little_ms,,,133.63304878535
Phase6_Exponential-21-20261001-21:45:59-71,scalar,DectScheduledAccessNetwork.queue,little_vs_direct_relative_error,,,2.6940964577893e-05
Phase6_Exponential-21-20261001-21:45:59-71,scalar,DectScheduledAccessNetwork.queue,type1_service_fraction,,,0.084848918136732
Phase6_Exponential-21-20261001-21:45:59-71,scalar,DectScheduledAccessNetwork.queue,type2_service_fraction,,,0.91515108186344
Phase6_Exponential-21-20261001-21:45:59-71,scalar,DectScheduledAccessNetwork.queue,full_type1_fraction,,,0.0018870816884328
Phase6_Exponential-21-20261001-21:45:59-71,scalar,DectScheduledAccessNetwork.queue,full_type2_fraction,,,0.16439609185466
Phase6_Exponential-21-20261001-21:45:59-71,scalar,DectScheduledAccessNetwork.queue,nonfull_state_fraction,,,0.83371682645705
Phase6_Exponential-21-20261001-21:45:59-71,scalar,DectScheduledAccessNetwork.queue,saturated_full_state_fraction,,,0.16628317354309
Phase6_Exponential-21-20261001-21:45:59-71,scalar,DectScheduledAccessNetwork.queue,full_type1_phase_0_fraction,,,0.001590551103695
Phase6_Exponential-21-20261001-21:45:59-71,scalar,DectScheduledAccessNetwork.queue,full_type1_phase_1_fraction,,,0.0002965305847378
Phase6_Exponential-22-20261001-21:45:59-71,scalar,DectScheduledAccessNetwork.queue,D,,,10
Phase6_Exponential-22-20261001-21:45:59-71,scalar,DectScheduledAccessNetwork.queue,r,,,30
Phase6_Exponential-22-20261001-21:45:59-71,scalar,DectScheduledAccessNetwork.queue,L_effective,,,2
Phase6_Exponential-22-20261001-21:45:59-71,scalar,DectScheduledAccessNetwork.queue,rho,,,0.101694915254
Phase6_Exponential-22-20261001-21:45:59-71,scalar,DectScheduledAccessNetwork.queue,lambda_per_ms,,,0.24406779641435
Phase6_Exponential-22-20261001-21:45:59-71,scalar,DectScheduledAccessNetwork.queue,lambda_sat_per_ms,,,0.20338983049469
Phase6_Exponential-22-20261001-21:45:59-71,scalar,DectScheduledAccessNetwork.queue,rho_sat,,,0.084745762773916
Phase6_Exponential-22-20261001-21:45:59-71,scalar,DectScheduledAccessNetwork.queue,load_factor_rho_over_rho_sat,,,1.1999999991186
Phase6_Exponential-22-20261001-21:45:59-71,scalar,DectScheduledAccessNetwork.queue,mean_type1_service_ms,,,0.416666667
Phase6_Exponential-22-20261001-21:45:59-71,scalar,DectScheduledAccessNetwork.queue,type1_service_distribution_code,,,1
Phase6_Exponential-22-20261001-21:45:59-71,scalar,DectScheduledAccessNetwork.queue,type1_service_scv,,,1
Phase6_Exponential-22-20261001-21:45:59-71,scalar,DectScheduledAccessNetwork.queue,type2_service_ms,,,9
Phase6_Exponential-22-20261001-21:45:59-71,scalar,DectScheduledAccessNetwork.queue,warmup_type1_completions,,,200000
Phase6_Exponential-22-20261001-21:45:59-71,scalar,DectScheduledAccessNetwork.queue,measured_arrivals,,,1202278
Phase6_Exponential-22-20261001-21:45:59-71,scalar,DectScheduledAccessNetwork.queue,measured_accepted_arrivals,,,1000028
Phase6_Exponential-22-20261001-21:45:59-71,scalar,DectScheduledAccessNetwork.queue,measured_blocked_arrivals,,,202250
Phase6_Exponential-22-20261001-21:45:59-71,scalar,DectScheduledAccessNetwork.queue,measured_completed_packets,,,1000000
Phase6_Exponential-22-20261001-21:45:59-71,scalar,DectScheduledAccessNetwork.queue,observation_time_s,,,4917.0638597712
Phase6_Exponential-22-20261001-21:45:59-71,scalar,DectScheduledAccessNetwork.queue,blocking_probability,,,0.16822232462043
Phase6_Exponential-22-20261001-21:45:59-71,scalar,DectScheduledAccessNetwork.queue,mean_type1_number,,,27.226584779254
Phase6_Exponential-22-20261001-21:45:59-71,scalar,DectScheduledAccessNetwork.queue,mean_delay_direct_ms,,,133.87086684561
Phase6_Exponential-22-20261001-21:45:59-71,scalar,DectScheduledAccessNetwork.queue,delay_p50_ms,,,137.504055067
Phase6_Exponential-22-20261001-21:45:59-71,scalar,DectScheduledAccessNetwork.queue,delay_p95_ms,,,147.9160401581
Phase6_Exponential-22-20261001-21:45:59-71,scalar,DectScheduledAccessNetwork.queue,delay_p99_ms,,,150.49546813139
Phase6_Exponential-22-20261001-21:45:59-71,scalar,DectScheduledAccessNetwork.queue,delay_p999_ms,,,153.30958113825
Phase6_Exponential-22-20261001-21:45:59-71,scalar,DectScheduledAccessNetwork.queue,tail_sample_count,,,1000000
Phase6_Exponential-22-20261001-21:45:59-71,scalar,DectScheduledAccessNetwork.queue,effective_throughput_departures_per_ms,,,0.20337340098051
Phase6_Exponential-22-20261001-21:45:59-71,scalar,DectScheduledAccessNetwork.queue,effective_throughput_accepted_per_ms,,,0.20337909543573
Phase6_Exponential-22-20261001-21:45:59-71,scalar,DectScheduledAccessNetwork.queue,mean_delay_little_ms,,,133.87485604307
Phase6_Exponential-22-20261001-21:45:59-71,scalar,DectScheduledAccessNetwork.queue,little_vs_direct_relative_error,,,2.9798846845619e-05
Phase6_Exponential-22-20261001-21:45:59-71,scalar,DectScheduledAccessNetwork.queue,type1_service_fraction,,,0.084794070539198
Phase6_Exponential-22-20261001-21:45:59-71,scalar,DectScheduledAccessNetwork.queue,type2_service_fraction,,,0.91520592946101
Phase6_Exponential-22-20261001-21:45:59-71,scalar,DectScheduledAccessNetwork.queue,full_type1_fraction,,,0.0018820824377613
Phase6_Exponential-22-20261001-21:45:59-71,scalar,DectScheduledAccessNetwork.queue,full_type2_fraction,,,0.16648753898725
Phase6_Exponential-22-20261001-21:45:59-71,scalar,DectScheduledAccessNetwork.queue,nonfull_state_fraction,,,0.83163037857513
Phase6_Exponential-22-20261001-21:45:59-71,scalar,DectScheduledAccessNetwork.queue,saturated_full_state_fraction,,,0.16836962142502
Phase6_Exponential-22-20261001-21:45:59-71,scalar,DectScheduledAccessNetwork.queue,full_type1_phase_0_fraction,,,0.0015890442440704
Phase6_Exponential-22-20261001-21:45:59-71,scalar,DectScheduledAccessNetwork.queue,full_type1_phase_1_fraction,,,0.00029303819369087
Phase6_Exponential-23-20261001-21:46:00-71,scalar,DectScheduledAccessNetwork.queue,D,,,10
Phase6_Exponential-23-20261001-21:46:00-71,scalar,DectScheduledAccessNetwork.queue,r,,,30
Phase6_Exponential-23-20261001-21:46:00-71,scalar,DectScheduledAccessNetwork.queue,L_effective,,,2
Phase6_Exponential-23-20261001-21:46:00-71,scalar,DectScheduledAccessNetwork.queue,rho,,,0.101694915254
Phase6_Exponential-23-20261001-21:46:00-71,scalar,DectScheduledAccessNetwork.queue,lambda_per_ms,,,0.24406779641435
Phase6_Exponential-23-20261001-21:46:00-71,scalar,DectScheduledAccessNetwork.queue,lambda_sat_per_ms,,,0.20338983049469
Phase6_Exponential-23-20261001-21:46:00-71,scalar,DectScheduledAccessNetwork.queue,rho_sat,,,0.084745762773916
Phase6_Exponential-23-20261001-21:46:00-71,scalar,DectScheduledAccessNetwork.queue,load_factor_rho_over_rho_sat,,,1.1999999991186
Phase6_Exponential-23-20261001-21:46:00-71,scalar,DectScheduledAccessNetwork.queue,mean_type1_service_ms,,,0.416666667
Phase6_Exponential-23-20261001-21:46:00-71,scalar,DectScheduledAccessNetwork.queue,type1_service_distribution_code,,,1
Phase6_Exponential-23-20261001-21:46:00-71,scalar,DectScheduledAccessNetwork.queue,type1_service_scv,,,1
Phase6_Exponential-23-20261001-21:46:00-71,scalar,DectScheduledAccessNetwork.queue,type2_service_ms,,,9
Phase6_Exponential-23-20261001-21:46:00-71,scalar,DectScheduledAccessNetwork.queue,warmup_type1_completions,,,200000
Phase6_Exponential-23-20261001-21:46:00-71,scalar,DectScheduledAccessNetwork.queue,measured_arrivals,,,1199284
Phase6_Exponential-23-20261001-21:46:00-71,scalar,DectScheduledAccessNetwork.queue,measured_accepted_arrivals,,,1000024
Phase6_Exponential-23-20261001-21:46:00-71,scalar,DectScheduledAccessNetwork.queue,measured_blocked_arrivals,,,199260
Phase6_Exponential-23-20261001-21:46:00-71,scalar,DectScheduledAccessNetwork.queue,measured_completed_packets,,,1000000
Phase6_Exponential-23-20261001-21:46:00-71,scalar,DectScheduledAccessNetwork.queue,observation_time_s,,,4917.029904308
Phase6_Exponential-23-20261001-21:46:00-71,scalar,DectScheduledAccessNetwork.queue,blocking_probability,,,0.16614913565094
Phase6_Exponential-23-20261001-21:46:00-71,scalar,DectScheduledAccessNetwork.queue,mean_type1_number,,,27.17154340427
Phase6_Exponential-23-20261001-21:46:00-71,scalar,DectScheduledAccessNetwork.queue,mean_delay_direct_ms,,,133.5993227213
Phase6_Exponential-23-20261001-21:46:00-71,scalar,DectScheduledAccessNetwork.queue,delay_p50_ms,,,137.3127735025
Phase6_Exponential-23-20261001-21:46:00-71,scalar,DectScheduledAccessNetwork.queue,delay_p95_ms,,,147.8722051058
Phase6_Exponential-23-20261001-21:46:00-71,scalar,DectScheduledAccessNetwork.queue,delay_p99_ms,,,150.46709663358
Phase6_Exponential-23-20261001-21:46:00-71,scalar,DectScheduledAccessNetwork.queue,delay_p999_ms,,,153.24000340867
Phase6_Exponential-23-20261001-21:46:00-71,scalar,DectScheduledAccessNetwork.queue,tail_sample_count,,,1000000
Phase6_Exponential-23-20261001-21:46:00-71,scalar,DectScheduledAccessNetwork.queue,effective_throughput_departures_per_ms,,,0.2033748054133
Phase6_Exponential-23-20261001-21:46:00-71,scalar,DectScheduledAccessNetwork.queue,effective_throughput_accepted_per_ms,,,0.20337968640863
Phase6_Exponential-23-20261001-21:46:00-71,scalar,DectScheduledAccessNetwork.queue,mean_delay_little_ms,,,133.603291465
Phase6_Exponential-23-20261001-21:46:00-71,scalar,DectScheduledAccessNetwork.queue,little_vs_direct_relative_error,,,2.9706315970657e-05
Phase6_Exponential-23-20261001-21:46:00-71,scalar,DectScheduledAccessNetwork.queue,type1_service_fraction,,,0.084787750414678
Phase6_Exponential-23-20261001-21:46:00-71,scalar,DectScheduledAccessNetwork.queue,type2_service_fraction,,,0.91521224958546
Phase6_Exponential-23-20261001-21:46:00-71,scalar,DectScheduledAccessNetwork.queue,full_type1_fraction,,,0.0018592129178207
Phase6_Exponential-23-20261001-21:46:00-71,scalar,DectScheduledAccessNetwork.queue,full_type2_fraction,,,0.16441935976396
Phase6_Exponential-23-20261001-21:46:00-71,scalar,DectScheduledAccessNetwork.queue,nonfull_state_fraction,,,0.83372142731838
Phase6_Exponential-23-20261001-21:46:00-71,scalar,DectScheduledAccessNetwork.queue,saturated_full_state_fraction,,,0.16627857268178
Phase6_Exponential-23-20261001-21:46:00-71,scalar,DectScheduledAccessNetwork.queue,full_type1_phase_0_fraction,,,0.0015634281299621
Phase6_Exponential-23-20261001-21:46:00-71,scalar,DectScheduledAccessNetwork.queue,full_type1_phase_1_fraction,,,0.00029578478785857
Phase6_Exponential-24-20261001-21:46:00-71,scalar,DectScheduledAccessNetwork.queue,D,,,10
Phase6_Exponential-24-20261001-21:46:00-71,scalar,DectScheduledAccessNetwork.queue,r,,,30
Phase6_Exponential-24-20261001-21:46:00-71,scalar,DectScheduledAccessNetwork.queue,L_effective,,,2
Phase6_Exponential-24-20261001-21:46:00-71,scalar,DectScheduledAccessNetwork.queue,rho,,,0.101694915254
Phase6_Exponential-24-20261001-21:46:00-71,scalar,DectScheduledAccessNetwork.queue,lambda_per_ms,,,0.24406779641435
Phase6_Exponential-24-20261001-21:46:00-71,scalar,DectScheduledAccessNetwork.queue,lambda_sat_per_ms,,,0.20338983049469
Phase6_Exponential-24-20261001-21:46:00-71,scalar,DectScheduledAccessNetwork.queue,rho_sat,,,0.084745762773916
Phase6_Exponential-24-20261001-21:46:00-71,scalar,DectScheduledAccessNetwork.queue,load_factor_rho_over_rho_sat,,,1.1999999991186
Phase6_Exponential-24-20261001-21:46:00-71,scalar,DectScheduledAccessNetwork.queue,mean_type1_service_ms,,,0.416666667
Phase6_Exponential-24-20261001-21:46:00-71,scalar,DectScheduledAccessNetwork.queue,type1_service_distribution_code,,,1
Phase6_Exponential-24-20261001-21:46:00-71,scalar,DectScheduledAccessNetwork.queue,type1_service_scv,,,1
Phase6_Exponential-24-20261001-21:46:00-71,scalar,DectScheduledAccessNetwork.queue,type2_service_ms,,,9
Phase6_Exponential-24-20261001-21:46:00-71,scalar,DectScheduledAccessNetwork.queue,warmup_type1_completions,,,200000
Phase6_Exponential-24-20261001-21:46:00-71,scalar,DectScheduledAccessNetwork.queue,measured_arrivals,,,1199111
Phase6_Exponential-24-20261001-21:46:00-71,scalar,DectScheduledAccessNetwork.queue,measured_accepted_arrivals,,,1000028
Phase6_Exponential-24-20261001-21:46:00-71,scalar,DectScheduledAccessNetwork.queue,measured_blocked_arrivals,,,199083
Phase6_Exponential-24-20261001-21:46:00-71,scalar,DectScheduledAccessNetwork.queue,measured_completed_packets,,,1000000
Phase6_Exponential-24-20261001-21:46:00-71,scalar,DectScheduledAccessNetwork.queue,observation_time_s,,,4917.0470647508
Phase6_Exponential-24-20261001-21:46:00-71,scalar,DectScheduledAccessNetwork.queue,blocking_probability,,,0.16602549722253
Phase6_Exponential-24-20261001-21:46:00-71,scalar,DectScheduledAccessNetwork.queue,mean_type1_number,,,27.174414614762
Phase6_Exponential-24-20261001-21:46:00-71,scalar,DectScheduledAccessNetwork.queue,mean_delay_direct_ms,,,133.61414363255
Phase6_Exponential-24-20261001-21:46:00-71,scalar,DectScheduledAccessNetwork.queue,delay_p50_ms,,,137.321490133
Phase6_Exponential-24-20261001-21:46:00-71,scalar,DectScheduledAccessNetwork.queue,delay_p95_ms,,,147.8882642982
Phase6_Exponential-24-20261001-21:46:00-71,scalar,DectScheduledAccessNetwork.queue,delay_p99_ms,,,150.50168231294
Phase6_Exponential-24-20261001-21:46:00-71,scalar,DectScheduledAccessNetwork.queue,delay_p999_ms,,,153.42293085436
Phase6_Exponential-24-20261001-21:46:00-71,scalar,DectScheduledAccessNetwork.queue,tail_sample_count,,,1000000
Phase6_Exponential-24-20261001-21:46:00-71,scalar,DectScheduledAccessNetwork.queue,effective_throughput_departures_per_ms,,,0.20337409563736
Phase6_Exponential-24-20261001-21:46:00-71,scalar,DectScheduledAccessNetwork.queue,effective_throughput_accepted_per_ms,,,0.20337979011203
Phase6_Exponential-24-20261001-21:46:00-71,scalar,DectScheduledAccessNetwork.queue,mean_delay_little_ms,,,133.61787561784
Phase6_Exponential-24-20261001-21:46:00-71,scalar,DectScheduledAccessNetwork.queue,little_vs_direct_relative_error,,,2.7931064671138e-05
Phase6_Exponential-24-20261001-21:46:00-71,scalar,DectScheduledAccessNetwork.queue,type1_service_fraction,,,0.084790944495848
Phase6_Exponential-24-20261001-21:46:00-71,scalar,DectScheduledAccessNetwork.queue,type2_service_fraction,,,0.91520905550427
Phase6_Exponential-24-20261001-21:46:00-71,scalar,DectScheduledAccessNetwork.queue,full_type1_fraction,,,0.0018609145928897
Phase6_Exponential-24-20261001-21:46:00-71,scalar,DectScheduledAccessNetwork.queue,full_type2_fraction,,,0.16416883860094
Phase6_Exponential-24-20261001-21:46:00-71,scalar,DectScheduledAccessNetwork.queue,nonfull_state_fraction,,,0.83397024680624
Phase6_Exponential-24-20261001-21:46:00-71,scalar,DectScheduledAccessNetwork.queue,saturated_full_state_fraction,,,0.16602975319383
Phase6_Exponential-24-20261001-21:46:00-71,scalar,DectScheduledAccessNetwork.queue,full_type1_phase_0_fraction,,,0.0015750414414599
Phase6_Exponential-24-20261001-21:46:00-71,scalar,DectScheduledAccessNetwork.queue,full_type1_phase_1_fraction,,,0.00028587315142981
Phase6_Exponential-25-20261001-21:46:00-71,scalar,DectScheduledAccessNetwork.queue,D,,,10
Phase6_Exponential-25-20261001-21:46:00-71,scalar,DectScheduledAccessNetwork.queue,r,,,30
Phase6_Exponential-25-20261001-21:46:00-71,scalar,DectScheduledAccessNetwork.queue,L_effective,,,2
Phase6_Exponential-25-20261001-21:46:00-71,scalar,DectScheduledAccessNetwork.queue,rho,,,0.101694915254
Phase6_Exponential-25-20261001-21:46:00-71,scalar,DectScheduledAccessNetwork.queue,lambda_per_ms,,,0.24406779641435
Phase6_Exponential-25-20261001-21:46:00-71,scalar,DectScheduledAccessNetwork.queue,lambda_sat_per_ms,,,0.20338983049469
Phase6_Exponential-25-20261001-21:46:00-71,scalar,DectScheduledAccessNetwork.queue,rho_sat,,,0.084745762773916
Phase6_Exponential-25-20261001-21:46:00-71,scalar,DectScheduledAccessNetwork.queue,load_factor_rho_over_rho_sat,,,1.1999999991186
Phase6_Exponential-25-20261001-21:46:00-71,scalar,DectScheduledAccessNetwork.queue,mean_type1_service_ms,,,0.416666667
Phase6_Exponential-25-20261001-21:46:00-71,scalar,DectScheduledAccessNetwork.queue,type1_service_distribution_code,,,1
Phase6_Exponential-25-20261001-21:46:00-71,scalar,DectScheduledAccessNetwork.queue,type1_service_scv,,,1
Phase6_Exponential-25-20261001-21:46:00-71,scalar,DectScheduledAccessNetwork.queue,type2_service_ms,,,9
Phase6_Exponential-25-20261001-21:46:00-71,scalar,DectScheduledAccessNetwork.queue,warmup_type1_completions,,,200000
Phase6_Exponential-25-20261001-21:46:00-71,scalar,DectScheduledAccessNetwork.queue,measured_arrivals,,,1199810
Phase6_Exponential-25-20261001-21:46:00-71,scalar,DectScheduledAccessNetwork.queue,measured_accepted_arrivals,,,1000022
Phase6_Exponential-25-20261001-21:46:00-71,scalar,DectScheduledAccessNetwork.queue,measured_blocked_arrivals,,,199788
Phase6_Exponential-25-20261001-21:46:00-71,scalar,DectScheduledAccessNetwork.queue,measured_completed_packets,,,1000000
Phase6_Exponential-25-20261001-21:46:00-71,scalar,DectScheduledAccessNetwork.queue,observation_time_s,,,4917.1805664312
Phase6_Exponential-25-20261001-21:46:00-71,scalar,DectScheduledAccessNetwork.queue,blocking_probability,,,0.16651636509114
Phase6_Exponential-25-20261001-21:46:00-71,scalar,DectScheduledAccessNetwork.queue,mean_type1_number,,,27.197073434884
Phase6_Exponential-25-20261001-21:46:00-71,scalar,DectScheduledAccessNetwork.queue,mean_delay_direct_ms,,,133.72952758826
Phase6_Exponential-25-20261001-21:46:00-71,scalar,DectScheduledAccessNetwork.queue,delay_p50_ms,,,137.412599488
Phase6_Exponential-25-20261001-21:46:00-71,scalar,DectScheduledAccessNetwork.queue,delay_p95_ms,,,147.901566239
Phase6_Exponential-25-20261001-21:46:00-71,scalar,DectScheduledAccessNetwork.queue,delay_p99_ms,,,150.48179385728
Phase6_Exponential-25-20261001-21:46:00-71,scalar,DectScheduledAccessNetwork.queue,delay_p999_ms,,,153.32317873607
Phase6_Exponential-25-20261001-21:46:00-71,scalar,DectScheduledAccessNetwork.queue,tail_sample_count,,,1000000
Phase6_Exponential-25-20261001-21:46:00-71,scalar,DectScheduledAccessNetwork.queue,effective_throughput_departures_per_ms,,,0.20336857402123
Phase6_Exponential-25-20261001-21:46:00-71,scalar,DectScheduledAccessNetwork.queue,effective_throughput_accepted_per_ms,,,0.20337304812986
Phase6_Exponential-25-20261001-21:46:00-71,scalar,DectScheduledAccessNetwork.queue,mean_delay_little_ms,,,133.73292095781
Phase6_Exponential-25-20261001-21:46:00-71,scalar,DectScheduledAccessNetwork.queue,little_vs_direct_relative_error,,,2.5374871349237e-05
Phase6_Exponential-25-20261001-21:46:00-71,scalar,DectScheduledAccessNetwork.queue,type1_service_fraction,,,0.084817622781312
Phase6_Exponential-25-20261001-21:46:00-71,scalar,DectScheduledAccessNetwork.queue,type2_service_fraction,,,0.91518237721882
Phase6_Exponential-25-20261001-21:46:00-71,scalar,DectScheduledAccessNetwork.queue,full_type1_fraction,,,0.0018760196903465
Phase6_Exponential-25-20261001-21:46:00-71,scalar,DectScheduledAccessNetwork.queue,full_type2_fraction,,,0.1648185398616
Phase6_Exponential-25-20261001-21:46:00-71,scalar,DectScheduledAccessNetwork.queue,nonfull_state_fraction,,,0.83330544044825
Phase6_Exponential-25-20261001-21:46:00-71,scalar,DectScheduledAccessNetwork.queue,saturated_full_state_fraction,,,0.16669455955194
Phase6_Exponential-25-20261001-21:46:00-71,scalar,DectScheduledAccessNetwork.queue,full_type1_phase_0_fraction,,,0.001593016036983
Phase6_Exponential-25-20261001-21:46:00-71,scalar,DectScheduledAccessNetwork.queue,full_type1_phase_1_fraction,,,0.0002830036533635
Phase6_Exponential-26-20261001-21:46:01-71,scalar,DectScheduledAccessNetwork.queue,D,,,10
Phase6_Exponential-26-20261001-21:46:01-71,scalar,DectScheduledAccessNetwork.queue,r,,,30
Phase6_Exponential-26-20261001-21:46:01-71,scalar,DectScheduledAccessNetwork.queue,L_effective,,,2
Phase6_Exponential-26-20261001-21:46:01-71,scalar,DectScheduledAccessNetwork.queue,rho,,,0.101694915254
Phase6_Exponential-26-20261001-21:46:01-71,scalar,DectScheduledAccessNetwork.queue,lambda_per_ms,,,0.24406779641435
Phase6_Exponential-26-20261001-21:46:01-71,scalar,DectScheduledAccessNetwork.queue,lambda_sat_per_ms,,,0.20338983049469
Phase6_Exponential-26-20261001-21:46:01-71,scalar,DectScheduledAccessNetwork.queue,rho_sat,,,0.084745762773916
Phase6_Exponential-26-20261001-21:46:01-71,scalar,DectScheduledAccessNetwork.queue,load_factor_rho_over_rho_sat,,,1.1999999991186
Phase6_Exponential-26-20261001-21:46:01-71,scalar,DectScheduledAccessNetwork.queue,mean_type1_service_ms,,,0.416666667
Phase6_Exponential-26-20261001-21:46:01-71,scalar,DectScheduledAccessNetwork.queue,type1_service_distribution_code,,,1
Phase6_Exponential-26-20261001-21:46:01-71,scalar,DectScheduledAccessNetwork.queue,type1_service_scv,,,1
Phase6_Exponential-26-20261001-21:46:01-71,scalar,DectScheduledAccessNetwork.queue,type2_service_ms,,,9
Phase6_Exponential-26-20261001-21:46:01-71,scalar,DectScheduledAccessNetwork.queue,warmup_type1_completions,,,200000
Phase6_Exponential-26-20261001-21:46:01-71,scalar,DectScheduledAccessNetwork.queue,measured_arrivals,,,1199095
Phase6_Exponential-26-20261001-21:46:01-71,scalar,DectScheduledAccessNetwork.queue,measured_accepted_arrivals,,,1000028
Phase6_Exponential-26-20261001-21:46:01-71,scalar,DectScheduledAccessNetwork.queue,measured_blocked_arrivals,,,199067
Phase6_Exponential-26-20261001-21:46:01-71,scalar,DectScheduledAccessNetwork.queue,measured_completed_packets,,,1000000
Phase6_Exponential-26-20261001-21:46:01-71,scalar,DectScheduledAccessNetwork.queue,observation_time_s,,,4916.9004800531
Phase6_Exponential-26-20261001-21:46:01-71,scalar,DectScheduledAccessNetwork.queue,blocking_probability,,,0.16601436917008
Phase6_Exponential-26-20261001-21:46:01-71,scalar,DectScheduledAccessNetwork.queue,mean_type1_number,,,27.183044845641
Phase6_Exponential-26-20261001-21:46:01-71,scalar,DectScheduledAccessNetwork.queue,mean_delay_direct_ms,,,133.65231567374
Phase6_Exponential-26-20261001-21:46:01-71,scalar,DectScheduledAccessNetwork.queue,delay_p50_ms,,,137.354038514
Phase6_Exponential-26-20261001-21:46:01-71,scalar,DectScheduledAccessNetwork.queue,delay_p95_ms,,,147.85619577535
Phase6_Exponential-26-20261001-21:46:01-71,scalar,DectScheduledAccessNetwork.queue,delay_p99_ms,,,150.46895865109
Phase6_Exponential-26-20261001-21:46:01-71,scalar,DectScheduledAccessNetwork.queue,delay_p999_ms,,,153.31344418318
Phase6_Exponential-26-20261001-21:46:01-71,scalar,DectScheduledAccessNetwork.queue,tail_sample_count,,,1000000
Phase6_Exponential-26-20261001-21:46:01-71,scalar,DectScheduledAccessNetwork.queue,effective_throughput_departures_per_ms,,,0.20338015871113
Phase6_Exponential-26-20261001-21:46:01-71,scalar,DectScheduledAccessNetwork.queue,effective_throughput_accepted_per_ms,,,0.20338585335557
Phase6_Exponential-26-20261001-21:46:01-71,scalar,DectScheduledAccessNetwork.queue,mean_delay_little_ms,,,133.65632625083
Phase6_Exponential-26-20261001-21:46:01-71,scalar,DectScheduledAccessNetwork.queue,little_vs_direct_relative_error,,,3.0007539123966e-05
Phase6_Exponential-26-20261001-21:46:01-71,scalar,DectScheduledAccessNetwork.queue,type1_service_fraction,,,0.084759999057084
Phase6_Exponential-26-20261001-21:46:01-71,scalar,DectScheduledAccessNetwork.queue,type2_service_fraction,,,0.91524000094306
Phase6_Exponential-26-20261001-21:46:01-71,scalar,DectScheduledAccessNetwork.queue,full_type1_fraction,,,0.0018202505000972
Phase6_Exponential-26-20261001-21:46:01-71,scalar,DectScheduledAccessNetwork.queue,full_type2_fraction,,,0.16432222448054
Phase6_Exponential-26-20261001-21:46:01-71,scalar,DectScheduledAccessNetwork.queue,nonfull_state_fraction,,,0.83385752501949
Phase6_Exponential-26-20261001-21:46:01-71,scalar,DectScheduledAccessNetwork.queue,saturated_full_state_fraction,,,0.16614247498064
Phase6_Exponential-26-20261001-21:46:01-71,scalar,DectScheduledAccessNetwork.queue,full_type1_phase_0_fraction,,,0.0015366469539801
Phase6_Exponential-26-20261001-21:46:01-71,scalar,DectScheduledAccessNetwork.queue,full_type1_phase_1_fraction,,,0.00028360354611712
Phase6_Exponential-27-20261001-21:46:01-71,scalar,DectScheduledAccessNetwork.queue,D,,,10
Phase6_Exponential-27-20261001-21:46:01-71,scalar,DectScheduledAccessNetwork.queue,r,,,30
Phase6_Exponential-27-20261001-21:46:01-71,scalar,DectScheduledAccessNetwork.queue,L_effective,,,2
Phase6_Exponential-27-20261001-21:46:01-71,scalar,DectScheduledAccessNetwork.queue,rho,,,0.101694915254
Phase6_Exponential-27-20261001-21:46:01-71,scalar,DectScheduledAccessNetwork.queue,lambda_per_ms,,,0.24406779641435
Phase6_Exponential-27-20261001-21:46:01-71,scalar,DectScheduledAccessNetwork.queue,lambda_sat_per_ms,,,0.20338983049469
Phase6_Exponential-27-20261001-21:46:01-71,scalar,DectScheduledAccessNetwork.queue,rho_sat,,,0.084745762773916
Phase6_Exponential-27-20261001-21:46:01-71,scalar,DectScheduledAccessNetwork.queue,load_factor_rho_over_rho_sat,,,1.1999999991186
Phase6_Exponential-27-20261001-21:46:01-71,scalar,DectScheduledAccessNetwork.queue,mean_type1_service_ms,,,0.416666667
Phase6_Exponential-27-20261001-21:46:01-71,scalar,DectScheduledAccessNetwork.queue,type1_service_distribution_code,,,1
Phase6_Exponential-27-20261001-21:46:01-71,scalar,DectScheduledAccessNetwork.queue,type1_service_scv,,,1
Phase6_Exponential-27-20261001-21:46:01-71,scalar,DectScheduledAccessNetwork.queue,type2_service_ms,,,9
Phase6_Exponential-27-20261001-21:46:01-71,scalar,DectScheduledAccessNetwork.queue,warmup_type1_completions,,,200000
Phase6_Exponential-27-20261001-21:46:01-71,scalar,DectScheduledAccessNetwork.queue,measured_arrivals,,,1198725
Phase6_Exponential-27-20261001-21:46:01-71,scalar,DectScheduledAccessNetwork.queue,measured_accepted_arrivals,,,1000019
Phase6_Exponential-27-20261001-21:46:01-71,scalar,DectScheduledAccessNetwork.queue,measured_blocked_arrivals,,,198706
Phase6_Exponential-27-20261001-21:46:01-71,scalar,DectScheduledAccessNetwork.queue,measured_completed_packets,,,1000000
Phase6_Exponential-27-20261001-21:46:01-71,scalar,DectScheduledAccessNetwork.queue,observation_time_s,,,4916.4744923725
Phase6_Exponential-27-20261001-21:46:01-71,scalar,DectScheduledAccessNetwork.queue,blocking_probability,,,0.16576445807003
Phase6_Exponential-27-20261001-21:46:01-71,scalar,DectScheduledAccessNetwork.queue,mean_type1_number,,,27.159449602307
Phase6_Exponential-27-20261001-21:46:01-71,scalar,DectScheduledAccessNetwork.queue,mean_delay_direct_ms,,,133.52599082679
Phase6_Exponential-27-20261001-21:46:01-71,scalar,DectScheduledAccessNetwork.queue,delay_p50_ms,,,137.2932588805
Phase6_Exponential-27-20261001-21:46:01-71,scalar,DectScheduledAccessNetwork.queue,delay_p95_ms,,,147.86036435775
Phase6_Exponential-27-20261001-21:46:01-71,scalar,DectScheduledAccessNetwork.queue,delay_p99_ms,,,150.46116476153
Phase6_Exponential-27-20261001-21:46:01-71,scalar,DectScheduledAccessNetwork.queue,delay_p999_ms,,,153.27966967797
Phase6_Exponential-27-20261001-21:46:01-71,scalar,DectScheduledAccessNetwork.queue,tail_sample_count,,,1000000
Phase6_Exponential-27-20261001-21:46:01-71,scalar,DectScheduledAccessNetwork.queue,effective_throughput_departures_per_ms,,,0.20339778057456
Phase6_Exponential-27-20261001-21:46:01-71,scalar,DectScheduledAccessNetwork.queue,effective_throughput_accepted_per_ms,,,0.20340164513239
Phase6_Exponential-27-20261001-21:46:01-71,scalar,DectScheduledAccessNetwork.queue,mean_delay_little_ms,,,133.52874119662
Phase6_Exponential-27-20261001-21:46:01-71,scalar,DectScheduledAccessNetwork.queue,little_vs_direct_relative_error,,,2.0598011021722e-05
Phase6_Exponential-27-20261001-21:46:01-71,scalar,DectScheduledAccessNetwork.queue,type1_service_fraction,,,0.084680698134078
Phase6_Exponential-27-20261001-21:46:01-71,scalar,DectScheduledAccessNetwork.queue,type2_service_fraction,,,0.9153193018661
Phase6_Exponential-27-20261001-21:46:01-71,scalar,DectScheduledAccessNetwork.queue,full_type1_fraction,,,0.0018370043921767
Phase6_Exponential-27-20261001-21:46:01-71,scalar,DectScheduledAccessNetwork.queue,full_type2_fraction,,,0.16406718732162
Phase6_Exponential-27-20261001-21:46:01-71,scalar,DectScheduledAccessNetwork.queue,nonfull_state_fraction,,,0.83409580828637
Phase6_Exponential-27-20261001-21:46:01-71,scalar,DectScheduledAccessNetwork.queue,saturated_full_state_fraction,,,0.1659041917138
Phase6_Exponential-27-20261001-21:46:01-71,scalar,DectScheduledAccessNetwork.queue,full_type1_phase_0_fraction,,,0.0015494367081115
Phase6_Exponential-27-20261001-21:46:01-71,scalar,DectScheduledAccessNetwork.queue,full_type1_phase_1_fraction,,,0.00028756768406516
Phase6_Exponential-28-20261001-21:46:01-71,scalar,DectScheduledAccessNetwork.queue,D,,,10
Phase6_Exponential-28-20261001-21:46:01-71,scalar,DectScheduledAccessNetwork.queue,r,,,30
Phase6_Exponential-28-20261001-21:46:01-71,scalar,DectScheduledAccessNetwork.queue,L_effective,,,2
Phase6_Exponential-28-20261001-21:46:01-71,scalar,DectScheduledAccessNetwork.queue,rho,,,0.101694915254
Phase6_Exponential-28-20261001-21:46:01-71,scalar,DectScheduledAccessNetwork.queue,lambda_per_ms,,,0.24406779641435
Phase6_Exponential-28-20261001-21:46:01-71,scalar,DectScheduledAccessNetwork.queue,lambda_sat_per_ms,,,0.20338983049469
Phase6_Exponential-28-20261001-21:46:01-71,scalar,DectScheduledAccessNetwork.queue,rho_sat,,,0.084745762773916
Phase6_Exponential-28-20261001-21:46:01-71,scalar,DectScheduledAccessNetwork.queue,load_factor_rho_over_rho_sat,,,1.1999999991186
Phase6_Exponential-28-20261001-21:46:01-71,scalar,DectScheduledAccessNetwork.queue,mean_type1_service_ms,,,0.416666667
Phase6_Exponential-28-20261001-21:46:01-71,scalar,DectScheduledAccessNetwork.queue,type1_service_distribution_code,,,1
Phase6_Exponential-28-20261001-21:46:01-71,scalar,DectScheduledAccessNetwork.queue,type1_service_scv,,,1
Phase6_Exponential-28-20261001-21:46:01-71,scalar,DectScheduledAccessNetwork.queue,type2_service_ms,,,9
Phase6_Exponential-28-20261001-21:46:01-71,scalar,DectScheduledAccessNetwork.queue,warmup_type1_completions,,,200000
Phase6_Exponential-28-20261001-21:46:01-71,scalar,DectScheduledAccessNetwork.queue,measured_arrivals,,,1200861
Phase6_Exponential-28-20261001-21:46:01-71,scalar,DectScheduledAccessNetwork.queue,measured_accepted_arrivals,,,1000028
Phase6_Exponential-28-20261001-21:46:01-71,scalar,DectScheduledAccessNetwork.queue,measured_blocked_arrivals,,,200833
Phase6_Exponential-28-20261001-21:46:01-71,scalar,DectScheduledAccessNetwork.queue,measured_completed_packets,,,1000000
Phase6_Exponential-28-20261001-21:46:01-71,scalar,DectScheduledAccessNetwork.queue,observation_time_s,,,4916.8828779515
Phase6_Exponential-28-20261001-21:46:01-71,scalar,DectScheduledAccessNetwork.queue,blocking_probability,,,0.16724083803205
Phase6_Exponential-28-20261001-21:46:01-71,scalar,DectScheduledAccessNetwork.queue,mean_type1_number,,,27.21950223904
Phase6_Exponential-28-20261001-21:46:01-71,scalar,DectScheduledAccessNetwork.queue,mean_delay_direct_ms,,,133.83125889848
Phase6_Exponential-28-20261001-21:46:01-71,scalar,DectScheduledAccessNetwork.queue,delay_p50_ms,,,137.419752015
Phase6_Exponential-28-20261001-21:46:01-71,scalar,DectScheduledAccessNetwork.queue,delay_p95_ms,,,147.8957415974
Phase6_Exponential-28-20261001-21:46:01-71,scalar,DectScheduledAccessNetwork.queue,delay_p99_ms,,,150.51313078042
Phase6_Exponential-28-20261001-21:46:01-71,scalar,DectScheduledAccessNetwork.queue,delay_p999_ms,,,153.36357195491
Phase6_Exponential-28-20261001-21:46:01-71,scalar,DectScheduledAccessNetwork.queue,tail_sample_count,,,1000000
Phase6_Exponential-28-20261001-21:46:01-71,scalar,DectScheduledAccessNetwork.queue,effective_throughput_departures_per_ms,,,0.20338088679807
Phase6_Exponential-28-20261001-21:46:01-71,scalar,DectScheduledAccessNetwork.queue,effective_throughput_accepted_per_ms,,,0.2033865814629
Phase6_Exponential-28-20261001-21:46:01-71,scalar,DectScheduledAccessNetwork.queue,mean_delay_little_ms,,,133.83510450549
Phase6_Exponential-28-20261001-21:46:01-71,scalar,DectScheduledAccessNetwork.queue,little_vs_direct_relative_error,,,2.8734744416115e-05
Phase6_Exponential-28-20261001-21:46:01-71,scalar,DectScheduledAccessNetwork.queue,type1_service_fraction,,,0.084758552988978
Phase6_Exponential-28-20261001-21:46:01-71,scalar,DectScheduledAccessNetwork.queue,type2_service_fraction,,,0.91524144701117
Phase6_Exponential-28-20261001-21:46:01-71,scalar,DectScheduledAccessNetwork.queue,full_type1_fraction,,,0.0018494983411028
Phase6_Exponential-28-20261001-21:46:01-71,scalar,DectScheduledAccessNetwork.queue,full_type2_fraction,,,0.16538579427015
Phase6_Exponential-28-20261001-21:46:01-71,scalar,DectScheduledAccessNetwork.queue,nonfull_state_fraction,,,0.83276470738891
Phase6_Exponential-28-20261001-21:46:01-71,scalar,DectScheduledAccessNetwork.queue,saturated_full_state_fraction,,,0.16723529261125
Phase6_Exponential-28-20261001-21:46:01-71,scalar,DectScheduledAccessNetwork.queue,full_type1_phase_0_fraction,,,0.001564096568671
Phase6_Exponential-28-20261001-21:46:01-71,scalar,DectScheduledAccessNetwork.queue,full_type1_phase_1_fraction,,,0.00028540177243182
Phase6_Exponential-29-20261001-21:46:01-71,scalar,DectScheduledAccessNetwork.queue,D,,,10
Phase6_Exponential-29-20261001-21:46:01-71,scalar,DectScheduledAccessNetwork.queue,r,,,30
Phase6_Exponential-29-20261001-21:46:01-71,scalar,DectScheduledAccessNetwork.queue,L_effective,,,2
Phase6_Exponential-29-20261001-21:46:01-71,scalar,DectScheduledAccessNetwork.queue,rho,,,0.101694915254
Phase6_Exponential-29-20261001-21:46:01-71,scalar,DectScheduledAccessNetwork.queue,lambda_per_ms,,,0.24406779641435
Phase6_Exponential-29-20261001-21:46:01-71,scalar,DectScheduledAccessNetwork.queue,lambda_sat_per_ms,,,0.20338983049469
Phase6_Exponential-29-20261001-21:46:01-71,scalar,DectScheduledAccessNetwork.queue,rho_sat,,,0.084745762773916
Phase6_Exponential-29-20261001-21:46:01-71,scalar,DectScheduledAccessNetwork.queue,load_factor_rho_over_rho_sat,,,1.1999999991186
Phase6_Exponential-29-20261001-21:46:01-71,scalar,DectScheduledAccessNetwork.queue,mean_type1_service_ms,,,0.416666667
Phase6_Exponential-29-20261001-21:46:01-71,scalar,DectScheduledAccessNetwork.queue,type1_service_distribution_code,,,1
Phase6_Exponential-29-20261001-21:46:01-71,scalar,DectScheduledAccessNetwork.queue,type1_service_scv,,,1
Phase6_Exponential-29-20261001-21:46:01-71,scalar,DectScheduledAccessNetwork.queue,type2_service_ms,,,9
Phase6_Exponential-29-20261001-21:46:01-71,scalar,DectScheduledAccessNetwork.queue,warmup_type1_completions,,,200000
Phase6_Exponential-29-20261001-21:46:01-71,scalar,DectScheduledAccessNetwork.queue,measured_arrivals,,,1200184
Phase6_Exponential-29-20261001-21:46:01-71,scalar,DectScheduledAccessNetwork.queue,measured_accepted_arrivals,,,1000027
Phase6_Exponential-29-20261001-21:46:01-71,scalar,DectScheduledAccessNetwork.queue,measured_blocked_arrivals,,,200157
Phase6_Exponential-29-20261001-21:46:01-71,scalar,DectScheduledAccessNetwork.queue,measured_completed_packets,,,1000000
Phase6_Exponential-29-20261001-21:46:01-71,scalar,DectScheduledAccessNetwork.queue,observation_time_s,,,4916.6226060409
Phase6_Exponential-29-20261001-21:46:01-71,scalar,DectScheduledAccessNetwork.queue,blocking_probability,,,0.16677192830433
Phase6_Exponential-29-20261001-21:46:01-71,scalar,DectScheduledAccessNetwork.queue,mean_type1_number,,,27.168251920418
Phase6_Exponential-29-20261001-21:46:01-71,scalar,DectScheduledAccessNetwork.queue,mean_delay_direct_ms,,,133.57255647902
Phase6_Exponential-29-20261001-21:46:01-71,scalar,DectScheduledAccessNetwork.queue,delay_p50_ms,,,137.3665170155
Phase6_Exponential-29-20261001-21:46:01-71,scalar,DectScheduledAccessNetwork.queue,delay_p95_ms,,,147.8781766078
Phase6_Exponential-29-20261001-21:46:01-71,scalar,DectScheduledAccessNetwork.queue,delay_p99_ms,,,150.46214017075
Phase6_Exponential-29-20261001-21:46:01-71,scalar,DectScheduledAccessNetwork.queue,delay_p999_ms,,,153.1846173664
Phase6_Exponential-29-20261001-21:46:01-71,scalar,DectScheduledAccessNetwork.queue,tail_sample_count,,,1000000
Phase6_Exponential-29-20261001-21:46:01-71,scalar,DectScheduledAccessNetwork.queue,effective_throughput_departures_per_ms,,,0.20339165319936
Phase6_Exponential-29-20261001-21:46:01-71,scalar,DectScheduledAccessNetwork.queue,effective_throughput_accepted_per_ms,,,0.203397144774
Phase6_Exponential-29-20261001-21:46:01-71,scalar,DectScheduledAccessNetwork.queue,mean_delay_little_ms,,,133.57604155854
Phase6_Exponential-29-20261001-21:46:01-71,scalar,DectScheduledAccessNetwork.queue,little_vs_direct_relative_error,,,2.6091284129448e-05
Phase6_Exponential-29-20261001-21:46:01-71,scalar,DectScheduledAccessNetwork.queue,type1_service_fraction,,,0.084710102729698
Phase6_Exponential-29-20261001-21:46:01-71,scalar,DectScheduledAccessNetwork.queue,type2_service_fraction,,,0.91528989727044
Phase6_Exponential-29-20261001-21:46:01-71,scalar,DectScheduledAccessNetwork.queue,full_type1_fraction,,,0.0018346392278226
Phase6_Exponential-29-20261001-21:46:01-71,scalar,DectScheduledAccessNetwork.queue,full_type2_fraction,,,0.16450907430725
Phase6_Exponential-29-20261001-21:46:01-71,scalar,DectScheduledAccessNetwork.queue,nonfull_state_fraction,,,0.8336562864651
Phase6_Exponential-29-20261001-21:46:01-71,scalar,DectScheduledAccessNetwork.queue,saturated_full_state_fraction,,,0.16634371353507
Phase6_Exponential-29-20261001-21:46:01-71,scalar,DectScheduledAccessNetwork.queue,full_type1_phase_0_fraction,,,0.0015551065656904
Phase6_Exponential-29-20261001-21:46:01-71,scalar,DectScheduledAccessNetwork.queue,full_type1_phase_1_fraction,,,0.00027953266213221
Phase6_Hyperexponential-0-20261001-21:46:02-72,scalar,DectScheduledAccessNetwork.queue,D,,,10
Phase6_Hyperexponential-0-20261001-21:46:02-72,scalar,DectScheduledAccessNetwork.queue,r,,,30
Phase6_Hyperexponential-0-20261001-21:46:02-72,scalar,DectScheduledAccessNetwork.queue,L_effective,,,2
Phase6_Hyperexponential-0-20261001-21:46:02-72,scalar,DectScheduledAccessNetwork.queue,rho,,,0.067796610169
Phase6_Hyperexponential-0-20261001-21:46:02-72,scalar,DectScheduledAccessNetwork.queue,lambda_per_ms,,,0.16271186427543
Phase6_Hyperexponential-0-20261001-21:46:02-72,scalar,DectScheduledAccessNetwork.queue,lambda_sat_per_ms,,,0.20338983049469
Phase6_Hyperexponential-0-20261001-21:46:02-72,scalar,DectScheduledAccessNetwork.queue,rho_sat,,,0.084745762773916
Phase6_Hyperexponential-0-20261001-21:46:02-72,scalar,DectScheduledAccessNetwork.queue,load_factor_rho_over_rho_sat,,,0.79999999940844
Phase6_Hyperexponential-0-20261001-21:46:02-72,scalar,DectScheduledAccessNetwork.queue,mean_type1_service_ms,,,0.416666667
Phase6_Hyperexponential-0-20261001-21:46:02-72,scalar,DectScheduledAccessNetwork.queue,type1_service_distribution_code,,,2
Phase6_Hyperexponential-0-20261001-21:46:02-72,scalar,DectScheduledAccessNetwork.queue,type1_service_scv,,,4
Phase6_Hyperexponential-0-20261001-21:46:02-72,scalar,DectScheduledAccessNetwork.queue,type2_service_ms,,,9
Phase6_Hyperexponential-0-20261001-21:46:02-72,scalar,DectScheduledAccessNetwork.queue,warmup_type1_completions,,,200000
Phase6_Hyperexponential-0-20261001-21:46:02-72,scalar,DectScheduledAccessNetwork.queue,measured_arrivals,,,1000007
Phase6_Hyperexponential-0-20261001-21:46:02-72,scalar,DectScheduledAccessNetwork.queue,measured_accepted_arrivals,,,1000007
Phase6_Hyperexponential-0-20261001-21:46:02-72,scalar,DectScheduledAccessNetwork.queue,measured_blocked_arrivals,,,0
Phase6_Hyperexponential-0-20261001-21:46:02-72,scalar,DectScheduledAccessNetwork.queue,measured_completed_packets,,,1000000
Phase6_Hyperexponential-0-20261001-21:46:02-72,scalar,DectScheduledAccessNetwork.queue,observation_time_s,,,6159.1442441464
Phase6_Hyperexponential-0-20261001-21:46:02-72,scalar,DectScheduledAccessNetwork.queue,blocking_probability,,,0
Phase6_Hyperexponential-0-20261001-21:46:02-72,scalar,DectScheduledAccessNetwork.queue,mean_type1_number,,,2.2650972659528
Phase6_Hyperexponential-0-20261001-21:46:02-72,scalar,DectScheduledAccessNetwork.queue,mean_delay_direct_ms,,,13.950878508099
Phase6_Hyperexponential-0-20261001-21:46:02-72,scalar,DectScheduledAccessNetwork.queue,delay_p50_ms,,,10.389955264
Phase6_Hyperexponential-0-20261001-21:46:02-72,scalar,DectScheduledAccessNetwork.queue,delay_p95_ms,,,37.3172014491
Phase6_Hyperexponential-0-20261001-21:46:02-72,scalar,DectScheduledAccessNetwork.queue,delay_p99_ms,,,55.68617423999
Phase6_Hyperexponential-0-20261001-21:46:02-72,scalar,DectScheduledAccessNetwork.queue,delay_p999_ms,,,81.63205958517
Phase6_Hyperexponential-0-20261001-21:46:02-72,scalar,DectScheduledAccessNetwork.queue,tail_sample_count,,,1000000
Phase6_Hyperexponential-0-20261001-21:46:02-72,scalar,DectScheduledAccessNetwork.queue,effective_throughput_departures_per_ms,,,0.16236021764718
Phase6_Hyperexponential-0-20261001-21:46:02-72,scalar,DectScheduledAccessNetwork.queue,effective_throughput_accepted_per_ms,,,0.16236135416871
Phase6_Hyperexponential-0-20261001-21:46:02-72,scalar,DectScheduledAccessNetwork.queue,mean_delay_little_ms,,,13.951060788025
Phase6_Hyperexponential-0-20261001-21:46:02-72,scalar,DectScheduledAccessNetwork.queue,little_vs_direct_relative_error,,,1.3065838494475e-05
Phase6_Hyperexponential-0-20261001-21:46:02-72,scalar,DectScheduledAccessNetwork.queue,type1_service_fraction,,,0.067752471383177
Phase6_Hyperexponential-0-20261001-21:46:02-72,scalar,DectScheduledAccessNetwork.queue,type2_service_fraction,,,0.93224752861711
Phase6_Hyperexponential-0-20261001-21:46:02-72,scalar,DectScheduledAccessNetwork.queue,full_type1_fraction,,,0
Phase6_Hyperexponential-0-20261001-21:46:02-72,scalar,DectScheduledAccessNetwork.queue,full_type2_fraction,,,0
Phase6_Hyperexponential-0-20261001-21:46:02-72,scalar,DectScheduledAccessNetwork.queue,nonfull_state_fraction,,,1.0000000000003
Phase6_Hyperexponential-0-20261001-21:46:02-72,scalar,DectScheduledAccessNetwork.queue,saturated_full_state_fraction,,,0
Phase6_Hyperexponential-0-20261001-21:46:02-72,scalar,DectScheduledAccessNetwork.queue,full_type1_phase_0_fraction,,,0
Phase6_Hyperexponential-0-20261001-21:46:02-72,scalar,DectScheduledAccessNetwork.queue,full_type1_phase_1_fraction,,,0
Phase6_Hyperexponential-1-20261001-21:46:02-72,scalar,DectScheduledAccessNetwork.queue,D,,,10
Phase6_Hyperexponential-1-20261001-21:46:02-72,scalar,DectScheduledAccessNetwork.queue,r,,,30
Phase6_Hyperexponential-1-20261001-21:46:02-72,scalar,DectScheduledAccessNetwork.queue,L_effective,,,2
Phase6_Hyperexponential-1-20261001-21:46:02-72,scalar,DectScheduledAccessNetwork.queue,rho,,,0.067796610169
Phase6_Hyperexponential-1-20261001-21:46:02-72,scalar,DectScheduledAccessNetwork.queue,lambda_per_ms,,,0.16271186427543
Phase6_Hyperexponential-1-20261001-21:46:02-72,scalar,DectScheduledAccessNetwork.queue,lambda_sat_per_ms,,,0.20338983049469
Phase6_Hyperexponential-1-20261001-21:46:02-72,scalar,DectScheduledAccessNetwork.queue,rho_sat,,,0.084745762773916
Phase6_Hyperexponential-1-20261001-21:46:02-72,scalar,DectScheduledAccessNetwork.queue,load_factor_rho_over_rho_sat,,,0.79999999940844
Phase6_Hyperexponential-1-20261001-21:46:02-72,scalar,DectScheduledAccessNetwork.queue,mean_type1_service_ms,,,0.416666667
Phase6_Hyperexponential-1-20261001-21:46:02-72,scalar,DectScheduledAccessNetwork.queue,type1_service_distribution_code,,,2
Phase6_Hyperexponential-1-20261001-21:46:02-72,scalar,DectScheduledAccessNetwork.queue,type1_service_scv,,,4
Phase6_Hyperexponential-1-20261001-21:46:02-72,scalar,DectScheduledAccessNetwork.queue,type2_service_ms,,,9
Phase6_Hyperexponential-1-20261001-21:46:02-72,scalar,DectScheduledAccessNetwork.queue,warmup_type1_completions,,,200000
Phase6_Hyperexponential-1-20261001-21:46:02-72,scalar,DectScheduledAccessNetwork.queue,measured_arrivals,,,1000003
Phase6_Hyperexponential-1-20261001-21:46:02-72,scalar,DectScheduledAccessNetwork.queue,measured_accepted_arrivals,,,1000003
Phase6_Hyperexponential-1-20261001-21:46:02-72,scalar,DectScheduledAccessNetwork.queue,measured_blocked_arrivals,,,0
Phase6_Hyperexponential-1-20261001-21:46:02-72,scalar,DectScheduledAccessNetwork.queue,measured_completed_packets,,,1000000
Phase6_Hyperexponential-1-20261001-21:46:02-72,scalar,DectScheduledAccessNetwork.queue,observation_time_s,,,6138.3305905648
Phase6_Hyperexponential-1-20261001-21:46:02-72,scalar,DectScheduledAccessNetwork.queue,blocking_probability,,,0
Phase6_Hyperexponential-1-20261001-21:46:02-72,scalar,DectScheduledAccessNetwork.queue,mean_type1_number,,,2.301071689556
Phase6_Hyperexponential-1-20261001-21:46:02-72,scalar,DectScheduledAccessNetwork.queue,mean_delay_direct_ms,,,14.124704769433
Phase6_Hyperexponential-1-20261001-21:46:02-72,scalar,DectScheduledAccessNetwork.queue,delay_p50_ms,,,10.5091139145
Phase6_Hyperexponential-1-20261001-21:46:02-72,scalar,DectScheduledAccessNetwork.queue,delay_p95_ms,,,37.8618867991
Phase6_Hyperexponential-1-20261001-21:46:02-72,scalar,DectScheduledAccessNetwork.queue,delay_p99_ms,,,56.53785825607
Phase6_Hyperexponential-1-20261001-21:46:02-72,scalar,DectScheduledAccessNetwork.queue,delay_p999_ms,,,81.762705193228
Phase6_Hyperexponential-1-20261001-21:46:02-72,scalar,DectScheduledAccessNetwork.queue,tail_sample_count,,,1000000
Phase6_Hyperexponential-1-20261001-21:46:02-72,scalar,DectScheduledAccessNetwork.queue,effective_throughput_departures_per_ms,,,0.16291074344173
Phase6_Hyperexponential-1-20261001-21:46:02-72,scalar,DectScheduledAccessNetwork.queue,effective_throughput_accepted_per_ms,,,0.16291123217396
Phase6_Hyperexponential-1-20261001-21:46:02-72,scalar,DectScheduledAccessNetwork.queue,mean_delay_little_ms,,,14.124738743084
Phase6_Hyperexponential-1-20261001-21:46:02-72,scalar,DectScheduledAccessNetwork.queue,little_vs_direct_relative_error,,,2.4052645171135e-06
Phase6_Hyperexponential-1-20261001-21:46:02-72,scalar,DectScheduledAccessNetwork.queue,type1_service_fraction,,,0.068155760657124
Phase6_Hyperexponential-1-20261001-21:46:02-72,scalar,DectScheduledAccessNetwork.queue,type2_service_fraction,,,0.93184423934321
Phase6_Hyperexponential-1-20261001-21:46:02-72,scalar,DectScheduledAccessNetwork.queue,full_type1_fraction,,,0
Phase6_Hyperexponential-1-20261001-21:46:02-72,scalar,DectScheduledAccessNetwork.queue,full_type2_fraction,,,0
Phase6_Hyperexponential-1-20261001-21:46:02-72,scalar,DectScheduledAccessNetwork.queue,nonfull_state_fraction,,,1.0000000000003
Phase6_Hyperexponential-1-20261001-21:46:02-72,scalar,DectScheduledAccessNetwork.queue,saturated_full_state_fraction,,,0
Phase6_Hyperexponential-1-20261001-21:46:02-72,scalar,DectScheduledAccessNetwork.queue,full_type1_phase_0_fraction,,,0
Phase6_Hyperexponential-1-20261001-21:46:02-72,scalar,DectScheduledAccessNetwork.queue,full_type1_phase_1_fraction,,,0
Phase6_Hyperexponential-2-20261001-21:46:02-72,scalar,DectScheduledAccessNetwork.queue,D,,,10
Phase6_Hyperexponential-2-20261001-21:46:02-72,scalar,DectScheduledAccessNetwork.queue,r,,,30
Phase6_Hyperexponential-2-20261001-21:46:02-72,scalar,DectScheduledAccessNetwork.queue,L_effective,,,2
Phase6_Hyperexponential-2-20261001-21:46:02-72,scalar,DectScheduledAccessNetwork.queue,rho,,,0.067796610169
Phase6_Hyperexponential-2-20261001-21:46:02-72,scalar,DectScheduledAccessNetwork.queue,lambda_per_ms,,,0.16271186427543
Phase6_Hyperexponential-2-20261001-21:46:02-72,scalar,DectScheduledAccessNetwork.queue,lambda_sat_per_ms,,,0.20338983049469
Phase6_Hyperexponential-2-20261001-21:46:02-72,scalar,DectScheduledAccessNetwork.queue,rho_sat,,,0.084745762773916
Phase6_Hyperexponential-2-20261001-21:46:02-72,scalar,DectScheduledAccessNetwork.queue,load_factor_rho_over_rho_sat,,,0.79999999940844
Phase6_Hyperexponential-2-20261001-21:46:02-72,scalar,DectScheduledAccessNetwork.queue,mean_type1_service_ms,,,0.416666667
Phase6_Hyperexponential-2-20261001-21:46:02-72,scalar,DectScheduledAccessNetwork.queue,type1_service_distribution_code,,,2
Phase6_Hyperexponential-2-20261001-21:46:02-72,scalar,DectScheduledAccessNetwork.queue,type1_service_scv,,,4
Phase6_Hyperexponential-2-20261001-21:46:02-72,scalar,DectScheduledAccessNetwork.queue,type2_service_ms,,,9
Phase6_Hyperexponential-2-20261001-21:46:02-72,scalar,DectScheduledAccessNetwork.queue,warmup_type1_completions,,,200000
Phase6_Hyperexponential-2-20261001-21:46:02-72,scalar,DectScheduledAccessNetwork.queue,measured_arrivals,,,1000004
Phase6_Hyperexponential-2-20261001-21:46:02-72,scalar,DectScheduledAccessNetwork.queue,measured_accepted_arrivals,,,1000004
Phase6_Hyperexponential-2-20261001-21:46:02-72,scalar,DectScheduledAccessNetwork.queue,measured_blocked_arrivals,,,0
Phase6_Hyperexponential-2-20261001-21:46:02-72,scalar,DectScheduledAccessNetwork.queue,measured_completed_packets,,,1000000
Phase6_Hyperexponential-2-20261001-21:46:02-72,scalar,DectScheduledAccessNetwork.queue,observation_time_s,,,6148.1719777347
Phase6_Hyperexponential-2-20261001-21:46:02-72,scalar,DectScheduledAccessNetwork.queue,blocking_probability,,,0
Phase6_Hyperexponential-2-20261001-21:46:02-72,scalar,DectScheduledAccessNetwork.queue,mean_type1_number,,,2.2898128079739
Phase6_Hyperexponential-2-20261001-21:46:02-72,scalar,DectScheduledAccessNetwork.queue,mean_delay_direct_ms,,,14.078061306611
Phase6_Hyperexponential-2-20261001-21:46:02-72,scalar,DectScheduledAccessNetwork.queue,delay_p50_ms,,,10.411091689
Phase6_Hyperexponential-2-20261001-21:46:02-72,scalar,DectScheduledAccessNetwork.queue,delay_p95_ms,,,37.96300942515
Phase6_Hyperexponential-2-20261001-21:46:02-72,scalar,DectScheduledAccessNetwork.queue,delay_p99_ms,,,57.54835996834
Phase6_Hyperexponential-2-20261001-21:46:02-72,scalar,DectScheduledAccessNetwork.queue,delay_p999_ms,,,86.702167783277
Phase6_Hyperexponential-2-20261001-21:46:02-72,scalar,DectScheduledAccessNetwork.queue,tail_sample_count,,,1000000
Phase6_Hyperexponential-2-20261001-21:46:02-72,scalar,DectScheduledAccessNetwork.queue,effective_throughput_departures_per_ms,,,0.16264997199516
Phase6_Hyperexponential-2-20261001-21:46:02-72,scalar,DectScheduledAccessNetwork.queue,effective_throughput_accepted_per_ms,,,0.16265062259505
Phase6_Hyperexponential-2-20261001-21:46:02-72,scalar,DectScheduledAccessNetwork.queue,mean_delay_little_ms,,,14.078162940243
Phase6_Hyperexponential-2-20261001-21:46:02-72,scalar,DectScheduledAccessNetwork.queue,little_vs_direct_relative_error,,,7.2192917275338e-06
Phase6_Hyperexponential-2-20261001-21:46:02-72,scalar,DectScheduledAccessNetwork.queue,type1_service_fraction,,,0.06785122134603
Phase6_Hyperexponential-2-20261001-21:46:02-72,scalar,DectScheduledAccessNetwork.queue,type2_service_fraction,,,0.93214877865433
Phase6_Hyperexponential-2-20261001-21:46:02-72,scalar,DectScheduledAccessNetwork.queue,full_type1_fraction,,,0
Phase6_Hyperexponential-2-20261001-21:46:02-72,scalar,DectScheduledAccessNetwork.queue,full_type2_fraction,,,8.7337235107376e-07
Phase6_Hyperexponential-2-20261001-21:46:02-72,scalar,DectScheduledAccessNetwork.queue,nonfull_state_fraction,,,0.99999912662801
Phase6_Hyperexponential-2-20261001-21:46:02-72,scalar,DectScheduledAccessNetwork.queue,saturated_full_state_fraction,,,8.7337235107376e-07
Phase6_Hyperexponential-2-20261001-21:46:02-72,scalar,DectScheduledAccessNetwork.queue,full_type1_phase_0_fraction,,,0
Phase6_Hyperexponential-2-20261001-21:46:02-72,scalar,DectScheduledAccessNetwork.queue,full_type1_phase_1_fraction,,,0
Phase6_Hyperexponential-3-20261001-21:46:02-72,scalar,DectScheduledAccessNetwork.queue,D,,,10
Phase6_Hyperexponential-3-20261001-21:46:02-72,scalar,DectScheduledAccessNetwork.queue,r,,,30
Phase6_Hyperexponential-3-20261001-21:46:02-72,scalar,DectScheduledAccessNetwork.queue,L_effective,,,2
Phase6_Hyperexponential-3-20261001-21:46:02-72,scalar,DectScheduledAccessNetwork.queue,rho,,,0.067796610169
Phase6_Hyperexponential-3-20261001-21:46:02-72,scalar,DectScheduledAccessNetwork.queue,lambda_per_ms,,,0.16271186427543
Phase6_Hyperexponential-3-20261001-21:46:02-72,scalar,DectScheduledAccessNetwork.queue,lambda_sat_per_ms,,,0.20338983049469
Phase6_Hyperexponential-3-20261001-21:46:02-72,scalar,DectScheduledAccessNetwork.queue,rho_sat,,,0.084745762773916
Phase6_Hyperexponential-3-20261001-21:46:02-72,scalar,DectScheduledAccessNetwork.queue,load_factor_rho_over_rho_sat,,,0.79999999940844
Phase6_Hyperexponential-3-20261001-21:46:02-72,scalar,DectScheduledAccessNetwork.queue,mean_type1_service_ms,,,0.416666667
Phase6_Hyperexponential-3-20261001-21:46:02-72,scalar,DectScheduledAccessNetwork.queue,type1_service_distribution_code,,,2
Phase6_Hyperexponential-3-20261001-21:46:02-72,scalar,DectScheduledAccessNetwork.queue,type1_service_scv,,,4
Phase6_Hyperexponential-3-20261001-21:46:02-72,scalar,DectScheduledAccessNetwork.queue,type2_service_ms,,,9
Phase6_Hyperexponential-3-20261001-21:46:02-72,scalar,DectScheduledAccessNetwork.queue,warmup_type1_completions,,,200000
Phase6_Hyperexponential-3-20261001-21:46:02-72,scalar,DectScheduledAccessNetwork.queue,measured_arrivals,,,1000000
Phase6_Hyperexponential-3-20261001-21:46:02-72,scalar,DectScheduledAccessNetwork.queue,measured_accepted_arrivals,,,1000000
Phase6_Hyperexponential-3-20261001-21:46:02-72,scalar,DectScheduledAccessNetwork.queue,measured_blocked_arrivals,,,0
Phase6_Hyperexponential-3-20261001-21:46:02-72,scalar,DectScheduledAccessNetwork.queue,measured_completed_packets,,,1000000
Phase6_Hyperexponential-3-20261001-21:46:02-72,scalar,DectScheduledAccessNetwork.queue,observation_time_s,,,6154.4822549124
Phase6_Hyperexponential-3-20261001-21:46:02-72,scalar,DectScheduledAccessNetwork.queue,blocking_probability,,,0
Phase6_Hyperexponential-3-20261001-21:46:02-72,scalar,DectScheduledAccessNetwork.queue,mean_type1_number,,,2.280595687808
Phase6_Hyperexponential-3-20261001-21:46:02-72,scalar,DectScheduledAccessNetwork.queue,mean_delay_direct_ms,,,14.035867018111
Phase6_Hyperexponential-3-20261001-21:46:02-72,scalar,DectScheduledAccessNetwork.queue,delay_p50_ms,,,10.4230304255
Phase6_Hyperexponential-3-20261001-21:46:02-72,scalar,DectScheduledAccessNetwork.queue,delay_p95_ms,,,37.7071733943
Phase6_Hyperexponential-3-20261001-21:46:02-72,scalar,DectScheduledAccessNetwork.queue,delay_p99_ms,,,56.33787019726
Phase6_Hyperexponential-3-20261001-21:46:02-72,scalar,DectScheduledAccessNetwork.queue,delay_p999_ms,,,80.392801793306
Phase6_Hyperexponential-3-20261001-21:46:02-72,scalar,DectScheduledAccessNetwork.queue,tail_sample_count,,,1000000
Phase6_Hyperexponential-3-20261001-21:46:02-72,scalar,DectScheduledAccessNetwork.queue,effective_throughput_departures_per_ms,,,0.16248320469229
Phase6_Hyperexponential-3-20261001-21:46:02-72,scalar,DectScheduledAccessNetwork.queue,effective_throughput_accepted_per_ms,,,0.16248320469229
Phase6_Hyperexponential-3-20261001-21:46:02-72,scalar,DectScheduledAccessNetwork.queue,mean_delay_little_ms,,,14.035885691244
Phase6_Hyperexponential-3-20261001-21:46:02-72,scalar,DectScheduledAccessNetwork.queue,little_vs_direct_relative_error,,,1.330386809828e-06
Phase6_Hyperexponential-3-20261001-21:46:02-72,scalar,DectScheduledAccessNetwork.queue,type1_service_fraction,,,0.067847665752729
Phase6_Hyperexponential-3-20261001-21:46:02-72,scalar,DectScheduledAccessNetwork.queue,type2_service_fraction,,,0.93215233424757
Phase6_Hyperexponential-3-20261001-21:46:02-72,scalar,DectScheduledAccessNetwork.queue,full_type1_fraction,,,0
Phase6_Hyperexponential-3-20261001-21:46:02-72,scalar,DectScheduledAccessNetwork.queue,full_type2_fraction,,,0
Phase6_Hyperexponential-3-20261001-21:46:02-72,scalar,DectScheduledAccessNetwork.queue,nonfull_state_fraction,,,1.0000000000003
Phase6_Hyperexponential-3-20261001-21:46:02-72,scalar,DectScheduledAccessNetwork.queue,saturated_full_state_fraction,,,0
Phase6_Hyperexponential-3-20261001-21:46:02-72,scalar,DectScheduledAccessNetwork.queue,full_type1_phase_0_fraction,,,0
Phase6_Hyperexponential-3-20261001-21:46:02-72,scalar,DectScheduledAccessNetwork.queue,full_type1_phase_1_fraction,,,0
Phase6_Hyperexponential-4-20261001-21:46:03-72,scalar,DectScheduledAccessNetwork.queue,D,,,10
Phase6_Hyperexponential-4-20261001-21:46:03-72,scalar,DectScheduledAccessNetwork.queue,r,,,30
Phase6_Hyperexponential-4-20261001-21:46:03-72,scalar,DectScheduledAccessNetwork.queue,L_effective,,,2
Phase6_Hyperexponential-4-20261001-21:46:03-72,scalar,DectScheduledAccessNetwork.queue,rho,,,0.067796610169
Phase6_Hyperexponential-4-20261001-21:46:03-72,scalar,DectScheduledAccessNetwork.queue,lambda_per_ms,,,0.16271186427543
Phase6_Hyperexponential-4-20261001-21:46:03-72,scalar,DectScheduledAccessNetwork.queue,lambda_sat_per_ms,,,0.20338983049469
Phase6_Hyperexponential-4-20261001-21:46:03-72,scalar,DectScheduledAccessNetwork.queue,rho_sat,,,0.084745762773916
Phase6_Hyperexponential-4-20261001-21:46:03-72,scalar,DectScheduledAccessNetwork.queue,load_factor_rho_over_rho_sat,,,0.79999999940844
Phase6_Hyperexponential-4-20261001-21:46:03-72,scalar,DectScheduledAccessNetwork.queue,mean_type1_service_ms,,,0.416666667
Phase6_Hyperexponential-4-20261001-21:46:03-72,scalar,DectScheduledAccessNetwork.queue,type1_service_distribution_code,,,2
Phase6_Hyperexponential-4-20261001-21:46:03-72,scalar,DectScheduledAccessNetwork.queue,type1_service_scv,,,4
Phase6_Hyperexponential-4-20261001-21:46:03-72,scalar,DectScheduledAccessNetwork.queue,type2_service_ms,,,9
Phase6_Hyperexponential-4-20261001-21:46:03-72,scalar,DectScheduledAccessNetwork.queue,warmup_type1_completions,,,200000
Phase6_Hyperexponential-4-20261001-21:46:03-72,scalar,DectScheduledAccessNetwork.queue,measured_arrivals,,,1000002
Phase6_Hyperexponential-4-20261001-21:46:03-72,scalar,DectScheduledAccessNetwork.queue,measured_accepted_arrivals,,,1000002
Phase6_Hyperexponential-4-20261001-21:46:03-72,scalar,DectScheduledAccessNetwork.queue,measured_blocked_arrivals,,,0
Phase6_Hyperexponential-4-20261001-21:46:03-72,scalar,DectScheduledAccessNetwork.queue,measured_completed_packets,,,1000000
Phase6_Hyperexponential-4-20261001-21:46:03-72,scalar,DectScheduledAccessNetwork.queue,observation_time_s,,,6151.1938273148
Phase6_Hyperexponential-4-20261001-21:46:03-72,scalar,DectScheduledAccessNetwork.queue,blocking_probability,,,0
Phase6_Hyperexponential-4-20261001-21:46:03-72,scalar,DectScheduledAccessNetwork.queue,mean_type1_number,,,2.2768431640341
Phase6_Hyperexponential-4-20261001-21:46:03-72,scalar,DectScheduledAccessNetwork.queue,mean_delay_direct_ms,,,14.005259820433
Phase6_Hyperexponential-4-20261001-21:46:03-72,scalar,DectScheduledAccessNetwork.queue,delay_p50_ms,,,10.454219959
Phase6_Hyperexponential-4-20261001-21:46:03-72,scalar,DectScheduledAccessNetwork.queue,delay_p95_ms,,,37.38919666125
Phase6_Hyperexponential-4-20261001-21:46:03-72,scalar,DectScheduledAccessNetwork.queue,delay_p99_ms,,,55.8435602005
Phase6_Hyperexponential-4-20261001-21:46:03-72,scalar,DectScheduledAccessNetwork.queue,delay_p999_ms,,,81.177865227441
Phase6_Hyperexponential-4-20261001-21:46:03-72,scalar,DectScheduledAccessNetwork.queue,tail_sample_count,,,1000000
Phase6_Hyperexponential-4-20261001-21:46:03-72,scalar,DectScheduledAccessNetwork.queue,effective_throughput_departures_per_ms,,,0.16257006819708
Phase6_Hyperexponential-4-20261001-21:46:03-72,scalar,DectScheduledAccessNetwork.queue,effective_throughput_accepted_per_ms,,,0.16257039333721
Phase6_Hyperexponential-4-20261001-21:46:03-72,scalar,DectScheduledAccessNetwork.queue,mean_delay_little_ms,,,14.005303616371
Phase6_Hyperexponential-4-20261001-21:46:03-72,scalar,DectScheduledAccessNetwork.queue,little_vs_direct_relative_error,,,3.1271064206972e-06
Phase6_Hyperexponential-4-20261001-21:46:03-72,scalar,DectScheduledAccessNetwork.queue,type1_service_fraction,,,0.067892158666887
Phase6_Hyperexponential-4-20261001-21:46:03-72,scalar,DectScheduledAccessNetwork.queue,type2_service_fraction,,,0.93210784133347
Phase6_Hyperexponential-4-20261001-21:46:03-72,scalar,DectScheduledAccessNetwork.queue,full_type1_fraction,,,0
Phase6_Hyperexponential-4-20261001-21:46:03-72,scalar,DectScheduledAccessNetwork.queue,full_type2_fraction,,,0
Phase6_Hyperexponential-4-20261001-21:46:03-72,scalar,DectScheduledAccessNetwork.queue,nonfull_state_fraction,,,1.0000000000004
Phase6_Hyperexponential-4-20261001-21:46:03-72,scalar,DectScheduledAccessNetwork.queue,saturated_full_state_fraction,,,0
Phase6_Hyperexponential-4-20261001-21:46:03-72,scalar,DectScheduledAccessNetwork.queue,full_type1_phase_0_fraction,,,0
Phase6_Hyperexponential-4-20261001-21:46:03-72,scalar,DectScheduledAccessNetwork.queue,full_type1_phase_1_fraction,,,0
Phase6_Hyperexponential-5-20261001-21:46:03-72,scalar,DectScheduledAccessNetwork.queue,D,,,10
Phase6_Hyperexponential-5-20261001-21:46:03-72,scalar,DectScheduledAccessNetwork.queue,r,,,30
Phase6_Hyperexponential-5-20261001-21:46:03-72,scalar,DectScheduledAccessNetwork.queue,L_effective,,,2
Phase6_Hyperexponential-5-20261001-21:46:03-72,scalar,DectScheduledAccessNetwork.queue,rho,,,0.067796610169
Phase6_Hyperexponential-5-20261001-21:46:03-72,scalar,DectScheduledAccessNetwork.queue,lambda_per_ms,,,0.16271186427543
Phase6_Hyperexponential-5-20261001-21:46:03-72,scalar,DectScheduledAccessNetwork.queue,lambda_sat_per_ms,,,0.20338983049469
Phase6_Hyperexponential-5-20261001-21:46:03-72,scalar,DectScheduledAccessNetwork.queue,rho_sat,,,0.084745762773916
Phase6_Hyperexponential-5-20261001-21:46:03-72,scalar,DectScheduledAccessNetwork.queue,load_factor_rho_over_rho_sat,,,0.79999999940844
Phase6_Hyperexponential-5-20261001-21:46:03-72,scalar,DectScheduledAccessNetwork.queue,mean_type1_service_ms,,,0.416666667
Phase6_Hyperexponential-5-20261001-21:46:03-72,scalar,DectScheduledAccessNetwork.queue,type1_service_distribution_code,,,2
Phase6_Hyperexponential-5-20261001-21:46:03-72,scalar,DectScheduledAccessNetwork.queue,type1_service_scv,,,4
Phase6_Hyperexponential-5-20261001-21:46:03-72,scalar,DectScheduledAccessNetwork.queue,type2_service_ms,,,9
Phase6_Hyperexponential-5-20261001-21:46:03-72,scalar,DectScheduledAccessNetwork.queue,warmup_type1_completions,,,200000
Phase6_Hyperexponential-5-20261001-21:46:03-72,scalar,DectScheduledAccessNetwork.queue,measured_arrivals,,,1000007
Phase6_Hyperexponential-5-20261001-21:46:03-72,scalar,DectScheduledAccessNetwork.queue,measured_accepted_arrivals,,,1000007
Phase6_Hyperexponential-5-20261001-21:46:03-72,scalar,DectScheduledAccessNetwork.queue,measured_blocked_arrivals,,,0
Phase6_Hyperexponential-5-20261001-21:46:03-72,scalar,DectScheduledAccessNetwork.queue,measured_completed_packets,,,1000000
Phase6_Hyperexponential-5-20261001-21:46:03-72,scalar,DectScheduledAccessNetwork.queue,observation_time_s,,,6149.7509756366
Phase6_Hyperexponential-5-20261001-21:46:03-72,scalar,DectScheduledAccessNetwork.queue,blocking_probability,,,0
Phase6_Hyperexponential-5-20261001-21:46:03-72,scalar,DectScheduledAccessNetwork.queue,mean_type1_number,,,2.3022116207971
Phase6_Hyperexponential-5-20261001-21:46:03-72,scalar,DectScheduledAccessNetwork.queue,mean_delay_direct_ms,,,14.157851141642
Phase6_Hyperexponential-5-20261001-21:46:03-72,scalar,DectScheduledAccessNetwork.queue,delay_p50_ms,,,10.504283804
Phase6_Hyperexponential-5-20261001-21:46:03-72,scalar,DectScheduledAccessNetwork.queue,delay_p95_ms,,,38.04152506905
Phase6_Hyperexponential-5-20261001-21:46:03-72,scalar,DectScheduledAccessNetwork.queue,delay_p99_ms,,,57.25311834857
Phase6_Hyperexponential-5-20261001-21:46:03-72,scalar,DectScheduledAccessNetwork.queue,delay_p999_ms,,,85.089558906402
Phase6_Hyperexponential-5-20261001-21:46:03-72,scalar,DectScheduledAccessNetwork.queue,tail_sample_count,,,1000000
Phase6_Hyperexponential-5-20261001-21:46:03-72,scalar,DectScheduledAccessNetwork.queue,effective_throughput_departures_per_ms,,,0.16260821030993
Phase6_Hyperexponential-5-20261001-21:46:03-72,scalar,DectScheduledAccessNetwork.queue,effective_throughput_accepted_per_ms,,,0.1626093485674
Phase6_Hyperexponential-5-20261001-21:46:03-72,scalar,DectScheduledAccessNetwork.queue,mean_delay_little_ms,,,14.158028161119
Phase6_Hyperexponential-5-20261001-21:46:03-72,scalar,DectScheduledAccessNetwork.queue,little_vs_direct_relative_error,,,1.2503272940112e-05
Phase6_Hyperexponential-5-20261001-21:46:03-72,scalar,DectScheduledAccessNetwork.queue,type1_service_fraction,,,0.067966162742603
Phase6_Hyperexponential-5-20261001-21:46:03-72,scalar,DectScheduledAccessNetwork.queue,type2_service_fraction,,,0.93203383725769
Phase6_Hyperexponential-5-20261001-21:46:03-72,scalar,DectScheduledAccessNetwork.queue,full_type1_fraction,,,0
Phase6_Hyperexponential-5-20261001-21:46:03-72,scalar,DectScheduledAccessNetwork.queue,full_type2_fraction,,,0
Phase6_Hyperexponential-5-20261001-21:46:03-72,scalar,DectScheduledAccessNetwork.queue,nonfull_state_fraction,,,1.0000000000003
Phase6_Hyperexponential-5-20261001-21:46:03-72,scalar,DectScheduledAccessNetwork.queue,saturated_full_state_fraction,,,0
Phase6_Hyperexponential-5-20261001-21:46:03-72,scalar,DectScheduledAccessNetwork.queue,full_type1_phase_0_fraction,,,0
Phase6_Hyperexponential-5-20261001-21:46:03-72,scalar,DectScheduledAccessNetwork.queue,full_type1_phase_1_fraction,,,0
Phase6_Hyperexponential-6-20261001-21:46:03-72,scalar,DectScheduledAccessNetwork.queue,D,,,10
Phase6_Hyperexponential-6-20261001-21:46:03-72,scalar,DectScheduledAccessNetwork.queue,r,,,30
Phase6_Hyperexponential-6-20261001-21:46:03-72,scalar,DectScheduledAccessNetwork.queue,L_effective,,,2
Phase6_Hyperexponential-6-20261001-21:46:03-72,scalar,DectScheduledAccessNetwork.queue,rho,,,0.067796610169
Phase6_Hyperexponential-6-20261001-21:46:03-72,scalar,DectScheduledAccessNetwork.queue,lambda_per_ms,,,0.16271186427543
Phase6_Hyperexponential-6-20261001-21:46:03-72,scalar,DectScheduledAccessNetwork.queue,lambda_sat_per_ms,,,0.20338983049469
Phase6_Hyperexponential-6-20261001-21:46:03-72,scalar,DectScheduledAccessNetwork.queue,rho_sat,,,0.084745762773916
Phase6_Hyperexponential-6-20261001-21:46:03-72,scalar,DectScheduledAccessNetwork.queue,load_factor_rho_over_rho_sat,,,0.79999999940844
Phase6_Hyperexponential-6-20261001-21:46:03-72,scalar,DectScheduledAccessNetwork.queue,mean_type1_service_ms,,,0.416666667
Phase6_Hyperexponential-6-20261001-21:46:03-72,scalar,DectScheduledAccessNetwork.queue,type1_service_distribution_code,,,2
Phase6_Hyperexponential-6-20261001-21:46:03-72,scalar,DectScheduledAccessNetwork.queue,type1_service_scv,,,4
Phase6_Hyperexponential-6-20261001-21:46:03-72,scalar,DectScheduledAccessNetwork.queue,type2_service_ms,,,9
Phase6_Hyperexponential-6-20261001-21:46:03-72,scalar,DectScheduledAccessNetwork.queue,warmup_type1_completions,,,200000
Phase6_Hyperexponential-6-20261001-21:46:03-72,scalar,DectScheduledAccessNetwork.queue,measured_arrivals,,,1000000
Phase6_Hyperexponential-6-20261001-21:46:03-72,scalar,DectScheduledAccessNetwork.queue,measured_accepted_arrivals,,,1000000
Phase6_Hyperexponential-6-20261001-21:46:03-72,scalar,DectScheduledAccessNetwork.queue,measured_blocked_arrivals,,,0
Phase6_Hyperexponential-6-20261001-21:46:03-72,scalar,DectScheduledAccessNetwork.queue,measured_completed_packets,,,1000000
Phase6_Hyperexponential-6-20261001-21:46:03-72,scalar,DectScheduledAccessNetwork.queue,observation_time_s,,,6145.1791678901
Phase6_Hyperexponential-6-20261001-21:46:03-72,scalar,DectScheduledAccessNetwork.queue,blocking_probability,,,0
Phase6_Hyperexponential-6-20261001-21:46:03-72,scalar,DectScheduledAccessNetwork.queue,mean_type1_number,,,2.2972773511469
Phase6_Hyperexponential-6-20261001-21:46:03-72,scalar,DectScheduledAccessNetwork.queue,mean_delay_direct_ms,,,14.117180921131
Phase6_Hyperexponential-6-20261001-21:46:03-72,scalar,DectScheduledAccessNetwork.queue,delay_p50_ms,,,10.4584068395
Phase6_Hyperexponential-6-20261001-21:46:03-72,scalar,DectScheduledAccessNetwork.queue,delay_p95_ms,,,38.0722811631
Phase6_Hyperexponential-6-20261001-21:46:03-72,scalar,DectScheduledAccessNetwork.queue,delay_p99_ms,,,57.26863848433
Phase6_Hyperexponential-6-20261001-21:46:03-72,scalar,DectScheduledAccessNetwork.queue,delay_p999_ms,,,82.586160400113
Phase6_Hyperexponential-6-20261001-21:46:03-72,scalar,DectScheduledAccessNetwork.queue,tail_sample_count,,,1000000
Phase6_Hyperexponential-6-20261001-21:46:03-72,scalar,DectScheduledAccessNetwork.queue,effective_throughput_departures_per_ms,,,0.1627291853792
Phase6_Hyperexponential-6-20261001-21:46:03-72,scalar,DectScheduledAccessNetwork.queue,effective_throughput_accepted_per_ms,,,0.1627291853792
Phase6_Hyperexponential-6-20261001-21:46:03-72,scalar,DectScheduledAccessNetwork.queue,mean_delay_little_ms,,,14.117180921134
Phase6_Hyperexponential-6-20261001-21:46:03-72,scalar,DectScheduledAccessNetwork.queue,little_vs_direct_relative_error,,,2.2426505097428e-13
Phase6_Hyperexponential-6-20261001-21:46:03-72,scalar,DectScheduledAccessNetwork.queue,type1_service_fraction,,,0.067879089688655
Phase6_Hyperexponential-6-20261001-21:46:03-72,scalar,DectScheduledAccessNetwork.queue,type2_service_fraction,,,0.93212091031165
Phase6_Hyperexponential-6-20261001-21:46:03-72,scalar,DectScheduledAccessNetwork.queue,full_type1_fraction,,,0
Phase6_Hyperexponential-6-20261001-21:46:03-72,scalar,DectScheduledAccessNetwork.queue,full_type2_fraction,,,0
Phase6_Hyperexponential-6-20261001-21:46:03-72,scalar,DectScheduledAccessNetwork.queue,nonfull_state_fraction,,,1.0000000000003
Phase6_Hyperexponential-6-20261001-21:46:03-72,scalar,DectScheduledAccessNetwork.queue,saturated_full_state_fraction,,,0
Phase6_Hyperexponential-6-20261001-21:46:03-72,scalar,DectScheduledAccessNetwork.queue,full_type1_phase_0_fraction,,,0
Phase6_Hyperexponential-6-20261001-21:46:03-72,scalar,DectScheduledAccessNetwork.queue,full_type1_phase_1_fraction,,,0
Phase6_Hyperexponential-7-20261001-21:46:04-72,scalar,DectScheduledAccessNetwork.queue,D,,,10
Phase6_Hyperexponential-7-20261001-21:46:04-72,scalar,DectScheduledAccessNetwork.queue,r,,,30
Phase6_Hyperexponential-7-20261001-21:46:04-72,scalar,DectScheduledAccessNetwork.queue,L_effective,,,2
Phase6_Hyperexponential-7-20261001-21:46:04-72,scalar,DectScheduledAccessNetwork.queue,rho,,,0.067796610169
Phase6_Hyperexponential-7-20261001-21:46:04-72,scalar,DectScheduledAccessNetwork.queue,lambda_per_ms,,,0.16271186427543
Phase6_Hyperexponential-7-20261001-21:46:04-72,scalar,DectScheduledAccessNetwork.queue,lambda_sat_per_ms,,,0.20338983049469
Phase6_Hyperexponential-7-20261001-21:46:04-72,scalar,DectScheduledAccessNetwork.queue,rho_sat,,,0.084745762773916
Phase6_Hyperexponential-7-20261001-21:46:04-72,scalar,DectScheduledAccessNetwork.queue,load_factor_rho_over_rho_sat,,,0.79999999940844
Phase6_Hyperexponential-7-20261001-21:46:04-72,scalar,DectScheduledAccessNetwork.queue,mean_type1_service_ms,,,0.416666667
Phase6_Hyperexponential-7-20261001-21:46:04-72,scalar,DectScheduledAccessNetwork.queue,type1_service_distribution_code,,,2
Phase6_Hyperexponential-7-20261001-21:46:04-72,scalar,DectScheduledAccessNetwork.queue,type1_service_scv,,,4
Phase6_Hyperexponential-7-20261001-21:46:04-72,scalar,DectScheduledAccessNetwork.queue,type2_service_ms,,,9
Phase6_Hyperexponential-7-20261001-21:46:04-72,scalar,DectScheduledAccessNetwork.queue,warmup_type1_completions,,,200000
Phase6_Hyperexponential-7-20261001-21:46:04-72,scalar,DectScheduledAccessNetwork.queue,measured_arrivals,,,1000004
Phase6_Hyperexponential-7-20261001-21:46:04-72,scalar,DectScheduledAccessNetwork.queue,measured_accepted_arrivals,,,1000004
Phase6_Hyperexponential-7-20261001-21:46:04-72,scalar,DectScheduledAccessNetwork.queue,measured_blocked_arrivals,,,0
Phase6_Hyperexponential-7-20261001-21:46:04-72,scalar,DectScheduledAccessNetwork.queue,measured_completed_packets,,,1000000
Phase6_Hyperexponential-7-20261001-21:46:04-72,scalar,DectScheduledAccessNetwork.queue,observation_time_s,,,6148.3018677265
Phase6_Hyperexponential-7-20261001-21:46:04-72,scalar,DectScheduledAccessNetwork.queue,blocking_probability,,,0
Phase6_Hyperexponential-7-20261001-21:46:04-72,scalar,DectScheduledAccessNetwork.queue,mean_type1_number,,,2.2958791425549
Phase6_Hyperexponential-7-20261001-21:46:04-72,scalar,DectScheduledAccessNetwork.queue,mean_delay_direct_ms,,,14.11569793051
Phase6_Hyperexponential-7-20261001-21:46:04-72,scalar,DectScheduledAccessNetwork.queue,delay_p50_ms,,,10.4657393445
Phase6_Hyperexponential-7-20261001-21:46:04-72,scalar,DectScheduledAccessNetwork.queue,delay_p95_ms,,,38.02834977155
Phase6_Hyperexponential-7-20261001-21:46:04-72,scalar,DectScheduledAccessNetwork.queue,delay_p99_ms,,,57.0220539101
Phase6_Hyperexponential-7-20261001-21:46:04-72,scalar,DectScheduledAccessNetwork.queue,delay_p999_ms,,,84.622474625394
Phase6_Hyperexponential-7-20261001-21:46:04-72,scalar,DectScheduledAccessNetwork.queue,tail_sample_count,,,1000000
Phase6_Hyperexponential-7-20261001-21:46:04-72,scalar,DectScheduledAccessNetwork.queue,effective_throughput_departures_per_ms,,,0.16264653582629
Phase6_Hyperexponential-7-20261001-21:46:04-72,scalar,DectScheduledAccessNetwork.queue,effective_throughput_accepted_per_ms,,,0.16264718641243
Phase6_Hyperexponential-7-20261001-21:46:04-72,scalar,DectScheduledAccessNetwork.queue,mean_delay_little_ms,,,14.115758020244
Phase6_Hyperexponential-7-20261001-21:46:04-72,scalar,DectScheduledAccessNetwork.queue,little_vs_direct_relative_error,,,4.256943887837e-06
Phase6_Hyperexponential-7-20261001-21:46:04-72,scalar,DectScheduledAccessNetwork.queue,type1_service_fraction,,,0.067810897495938
Phase6_Hyperexponential-7-20261001-21:46:04-72,scalar,DectScheduledAccessNetwork.queue,type2_service_fraction,,,0.93218910250434
Phase6_Hyperexponential-7-20261001-21:46:04-72,scalar,DectScheduledAccessNetwork.queue,full_type1_fraction,,,0
Phase6_Hyperexponential-7-20261001-21:46:04-72,scalar,DectScheduledAccessNetwork.queue,full_type2_fraction,,,0
Phase6_Hyperexponential-7-20261001-21:46:04-72,scalar,DectScheduledAccessNetwork.queue,nonfull_state_fraction,,,1.0000000000003
Phase6_Hyperexponential-7-20261001-21:46:04-72,scalar,DectScheduledAccessNetwork.queue,saturated_full_state_fraction,,,0
Phase6_Hyperexponential-7-20261001-21:46:04-72,scalar,DectScheduledAccessNetwork.queue,full_type1_phase_0_fraction,,,0
Phase6_Hyperexponential-7-20261001-21:46:04-72,scalar,DectScheduledAccessNetwork.queue,full_type1_phase_1_fraction,,,0
Phase6_Hyperexponential-8-20261001-21:46:04-72,scalar,DectScheduledAccessNetwork.queue,D,,,10
Phase6_Hyperexponential-8-20261001-21:46:04-72,scalar,DectScheduledAccessNetwork.queue,r,,,30
Phase6_Hyperexponential-8-20261001-21:46:04-72,scalar,DectScheduledAccessNetwork.queue,L_effective,,,2
Phase6_Hyperexponential-8-20261001-21:46:04-72,scalar,DectScheduledAccessNetwork.queue,rho,,,0.067796610169
Phase6_Hyperexponential-8-20261001-21:46:04-72,scalar,DectScheduledAccessNetwork.queue,lambda_per_ms,,,0.16271186427543
Phase6_Hyperexponential-8-20261001-21:46:04-72,scalar,DectScheduledAccessNetwork.queue,lambda_sat_per_ms,,,0.20338983049469
Phase6_Hyperexponential-8-20261001-21:46:04-72,scalar,DectScheduledAccessNetwork.queue,rho_sat,,,0.084745762773916
Phase6_Hyperexponential-8-20261001-21:46:04-72,scalar,DectScheduledAccessNetwork.queue,load_factor_rho_over_rho_sat,,,0.79999999940844
Phase6_Hyperexponential-8-20261001-21:46:04-72,scalar,DectScheduledAccessNetwork.queue,mean_type1_service_ms,,,0.416666667
Phase6_Hyperexponential-8-20261001-21:46:04-72,scalar,DectScheduledAccessNetwork.queue,type1_service_distribution_code,,,2
Phase6_Hyperexponential-8-20261001-21:46:04-72,scalar,DectScheduledAccessNetwork.queue,type1_service_scv,,,4
Phase6_Hyperexponential-8-20261001-21:46:04-72,scalar,DectScheduledAccessNetwork.queue,type2_service_ms,,,9
Phase6_Hyperexponential-8-20261001-21:46:04-72,scalar,DectScheduledAccessNetwork.queue,warmup_type1_completions,,,200000
Phase6_Hyperexponential-8-20261001-21:46:04-72,scalar,DectScheduledAccessNetwork.queue,measured_arrivals,,,1000007
Phase6_Hyperexponential-8-20261001-21:46:04-72,scalar,DectScheduledAccessNetwork.queue,measured_accepted_arrivals,,,1000007
Phase6_Hyperexponential-8-20261001-21:46:04-72,scalar,DectScheduledAccessNetwork.queue,measured_blocked_arrivals,,,0
Phase6_Hyperexponential-8-20261001-21:46:04-72,scalar,DectScheduledAccessNetwork.queue,measured_completed_packets,,,1000000
Phase6_Hyperexponential-8-20261001-21:46:04-72,scalar,DectScheduledAccessNetwork.queue,observation_time_s,,,6138.3897602248
Phase6_Hyperexponential-8-20261001-21:46:04-72,scalar,DectScheduledAccessNetwork.queue,blocking_probability,,,0
Phase6_Hyperexponential-8-20261001-21:46:04-72,scalar,DectScheduledAccessNetwork.queue,mean_type1_number,,,2.2959736247977
Phase6_Hyperexponential-8-20261001-21:46:04-72,scalar,DectScheduledAccessNetwork.queue,mean_delay_direct_ms,,,14.093479512191
Phase6_Hyperexponential-8-20261001-21:46:04-72,scalar,DectScheduledAccessNetwork.queue,delay_p50_ms,,,10.475185701
Phase6_Hyperexponential-8-20261001-21:46:04-72,scalar,DectScheduledAccessNetwork.queue,delay_p95_ms,,,37.9460016098
Phase6_Hyperexponential-8-20261001-21:46:04-72,scalar,DectScheduledAccessNetwork.queue,delay_p99_ms,,,56.56298305615
Phase6_Hyperexponential-8-20261001-21:46:04-72,scalar,DectScheduledAccessNetwork.queue,delay_p999_ms,,,81.69565038877
Phase6_Hyperexponential-8-20261001-21:46:04-72,scalar,DectScheduledAccessNetwork.queue,tail_sample_count,,,1000000
Phase6_Hyperexponential-8-20261001-21:46:04-72,scalar,DectScheduledAccessNetwork.queue,effective_throughput_departures_per_ms,,,0.16290917309939
Phase6_Hyperexponential-8-20261001-21:46:04-72,scalar,DectScheduledAccessNetwork.queue,effective_throughput_accepted_per_ms,,,0.1629103134636
Phase6_Hyperexponential-8-20261001-21:46:04-72,scalar,DectScheduledAccessNetwork.queue,mean_delay_little_ms,,,14.093580988204
Phase6_Hyperexponential-8-20261001-21:46:04-72,scalar,DectScheduledAccessNetwork.queue,little_vs_direct_relative_error,,,7.2002100697244e-06
Phase6_Hyperexponential-8-20261001-21:46:04-72,scalar,DectScheduledAccessNetwork.queue,type1_service_fraction,,,0.067739550023224
Phase6_Hyperexponential-8-20261001-21:46:04-72,scalar,DectScheduledAccessNetwork.queue,type2_service_fraction,,,0.93226044997711
Phase6_Hyperexponential-8-20261001-21:46:04-72,scalar,DectScheduledAccessNetwork.queue,full_type1_fraction,,,0
Phase6_Hyperexponential-8-20261001-21:46:04-72,scalar,DectScheduledAccessNetwork.queue,full_type2_fraction,,,0
Phase6_Hyperexponential-8-20261001-21:46:04-72,scalar,DectScheduledAccessNetwork.queue,nonfull_state_fraction,,,1.0000000000003
Phase6_Hyperexponential-8-20261001-21:46:04-72,scalar,DectScheduledAccessNetwork.queue,saturated_full_state_fraction,,,0
Phase6_Hyperexponential-8-20261001-21:46:04-72,scalar,DectScheduledAccessNetwork.queue,full_type1_phase_0_fraction,,,0
Phase6_Hyperexponential-8-20261001-21:46:04-72,scalar,DectScheduledAccessNetwork.queue,full_type1_phase_1_fraction,,,0
Phase6_Hyperexponential-9-20261001-21:46:04-72,scalar,DectScheduledAccessNetwork.queue,D,,,10
Phase6_Hyperexponential-9-20261001-21:46:04-72,scalar,DectScheduledAccessNetwork.queue,r,,,30
Phase6_Hyperexponential-9-20261001-21:46:04-72,scalar,DectScheduledAccessNetwork.queue,L_effective,,,2
Phase6_Hyperexponential-9-20261001-21:46:04-72,scalar,DectScheduledAccessNetwork.queue,rho,,,0.067796610169
Phase6_Hyperexponential-9-20261001-21:46:04-72,scalar,DectScheduledAccessNetwork.queue,lambda_per_ms,,,0.16271186427543
Phase6_Hyperexponential-9-20261001-21:46:04-72,scalar,DectScheduledAccessNetwork.queue,lambda_sat_per_ms,,,0.20338983049469
Phase6_Hyperexponential-9-20261001-21:46:04-72,scalar,DectScheduledAccessNetwork.queue,rho_sat,,,0.084745762773916
Phase6_Hyperexponential-9-20261001-21:46:04-72,scalar,DectScheduledAccessNetwork.queue,load_factor_rho_over_rho_sat,,,0.79999999940844
Phase6_Hyperexponential-9-20261001-21:46:04-72,scalar,DectScheduledAccessNetwork.queue,mean_type1_service_ms,,,0.416666667
Phase6_Hyperexponential-9-20261001-21:46:04-72,scalar,DectScheduledAccessNetwork.queue,type1_service_distribution_code,,,2
Phase6_Hyperexponential-9-20261001-21:46:04-72,scalar,DectScheduledAccessNetwork.queue,type1_service_scv,,,4
Phase6_Hyperexponential-9-20261001-21:46:04-72,scalar,DectScheduledAccessNetwork.queue,type2_service_ms,,,9
Phase6_Hyperexponential-9-20261001-21:46:04-72,scalar,DectScheduledAccessNetwork.queue,warmup_type1_completions,,,200000
Phase6_Hyperexponential-9-20261001-21:46:04-72,scalar,DectScheduledAccessNetwork.queue,measured_arrivals,,,1000002
Phase6_Hyperexponential-9-20261001-21:46:04-72,scalar,DectScheduledAccessNetwork.queue,measured_accepted_arrivals,,,1000000
Phase6_Hyperexponential-9-20261001-21:46:04-72,scalar,DectScheduledAccessNetwork.queue,measured_blocked_arrivals,,,2
Phase6_Hyperexponential-9-20261001-21:46:04-72,scalar,DectScheduledAccessNetwork.queue,measured_completed_packets,,,1000000
Phase6_Hyperexponential-9-20261001-21:46:04-72,scalar,DectScheduledAccessNetwork.queue,observation_time_s,,,6156.3717734326
Phase6_Hyperexponential-9-20261001-21:46:04-72,scalar,DectScheduledAccessNetwork.queue,blocking_probability,,,1.999996000008e-06
Phase6_Hyperexponential-9-20261001-21:46:04-72,scalar,DectScheduledAccessNetwork.queue,mean_type1_number,,,2.2763775467788
Phase6_Hyperexponential-9-20261001-21:46:04-72,scalar,DectScheduledAccessNetwork.queue,mean_delay_direct_ms,,,14.014226474663
Phase6_Hyperexponential-9-20261001-21:46:04-72,scalar,DectScheduledAccessNetwork.queue,delay_p50_ms,,,10.3646105325
Phase6_Hyperexponential-9-20261001-21:46:04-72,scalar,DectScheduledAccessNetwork.queue,delay_p95_ms,,,37.7448243265
Phase6_Hyperexponential-9-20261001-21:46:04-72,scalar,DectScheduledAccessNetwork.queue,delay_p99_ms,,,57.31893698533
Phase6_Hyperexponential-9-20261001-21:46:04-72,scalar,DectScheduledAccessNetwork.queue,delay_p999_ms,,,85.966010380114
Phase6_Hyperexponential-9-20261001-21:46:04-72,scalar,DectScheduledAccessNetwork.queue,tail_sample_count,,,1000000
Phase6_Hyperexponential-9-20261001-21:46:04-72,scalar,DectScheduledAccessNetwork.queue,effective_throughput_departures_per_ms,,,0.1624333352179
Phase6_Hyperexponential-9-20261001-21:46:04-72,scalar,DectScheduledAccessNetwork.queue,effective_throughput_accepted_per_ms,,,0.1624333352179
Phase6_Hyperexponential-9-20261001-21:46:04-72,scalar,DectScheduledAccessNetwork.queue,mean_delay_little_ms,,,14.014226474665
Phase6_Hyperexponential-9-20261001-21:46:04-72,scalar,DectScheduledAccessNetwork.queue,little_vs_direct_relative_error,,,1.587618925214e-13
Phase6_Hyperexponential-9-20261001-21:46:04-72,scalar,DectScheduledAccessNetwork.queue,type1_service_fraction,,,0.067644026182719
Phase6_Hyperexponential-9-20261001-21:46:04-72,scalar,DectScheduledAccessNetwork.queue,type2_service_fraction,,,0.93235597381761
Phase6_Hyperexponential-9-20261001-21:46:04-72,scalar,DectScheduledAccessNetwork.queue,full_type1_fraction,,,1.3299103759997e-08
Phase6_Hyperexponential-9-20261001-21:46:04-72,scalar,DectScheduledAccessNetwork.queue,full_type2_fraction,,,4.3781392782865e-06
Phase6_Hyperexponential-9-20261001-21:46:04-72,scalar,DectScheduledAccessNetwork.queue,nonfull_state_fraction,,,0.99999560856194
Phase6_Hyperexponential-9-20261001-21:46:04-72,scalar,DectScheduledAccessNetwork.queue,saturated_full_state_fraction,,,4.3914383820465e-06
Phase6_Hyperexponential-9-20261001-21:46:04-72,scalar,DectScheduledAccessNetwork.queue,full_type1_phase_0_fraction,,,0
Phase6_Hyperexponential-9-20261001-21:46:04-72,scalar,DectScheduledAccessNetwork.queue,full_type1_phase_1_fraction,,,1.3299103759997e-08
Phase6_Hyperexponential-10-20261001-21:46:04-72,scalar,DectScheduledAccessNetwork.queue,D,,,10
Phase6_Hyperexponential-10-20261001-21:46:04-72,scalar,DectScheduledAccessNetwork.queue,r,,,30
Phase6_Hyperexponential-10-20261001-21:46:04-72,scalar,DectScheduledAccessNetwork.queue,L_effective,,,2
Phase6_Hyperexponential-10-20261001-21:46:04-72,scalar,DectScheduledAccessNetwork.queue,rho,,,0.084745762712
Phase6_Hyperexponential-10-20261001-21:46:04-72,scalar,DectScheduledAccessNetwork.queue,lambda_per_ms,,,0.20338983034609
Phase6_Hyperexponential-10-20261001-21:46:04-72,scalar,DectScheduledAccessNetwork.queue,lambda_sat_per_ms,,,0.20338983049469
Phase6_Hyperexponential-10-20261001-21:46:04-72,scalar,DectScheduledAccessNetwork.queue,rho_sat,,,0.084745762773916
Phase6_Hyperexponential-10-20261001-21:46:04-72,scalar,DectScheduledAccessNetwork.queue,load_factor_rho_over_rho_sat,,,0.9999999992694
Phase6_Hyperexponential-10-20261001-21:46:04-72,scalar,DectScheduledAccessNetwork.queue,mean_type1_service_ms,,,0.416666667
Phase6_Hyperexponential-10-20261001-21:46:04-72,scalar,DectScheduledAccessNetwork.queue,type1_service_distribution_code,,,2
Phase6_Hyperexponential-10-20261001-21:46:04-72,scalar,DectScheduledAccessNetwork.queue,type1_service_scv,,,4
Phase6_Hyperexponential-10-20261001-21:46:04-72,scalar,DectScheduledAccessNetwork.queue,type2_service_ms,,,9
Phase6_Hyperexponential-10-20261001-21:46:04-72,scalar,DectScheduledAccessNetwork.queue,warmup_type1_completions,,,200000
Phase6_Hyperexponential-10-20261001-21:46:04-72,scalar,DectScheduledAccessNetwork.queue,measured_arrivals,,,1016638
Phase6_Hyperexponential-10-20261001-21:46:04-72,scalar,DectScheduledAccessNetwork.queue,measured_accepted_arrivals,,,1000018
Phase6_Hyperexponential-10-20261001-21:46:04-72,scalar,DectScheduledAccessNetwork.queue,measured_blocked_arrivals,,,16620
Phase6_Hyperexponential-10-20261001-21:46:04-72,scalar,DectScheduledAccessNetwork.queue,measured_completed_packets,,,1000000
Phase6_Hyperexponential-10-20261001-21:46:04-72,scalar,DectScheduledAccessNetwork.queue,observation_time_s,,,5004.4046872435
Phase6_Hyperexponential-10-20261001-21:46:04-72,scalar,DectScheduledAccessNetwork.queue,blocking_probability,,,0.016348001943661
Phase6_Hyperexponential-10-20261001-21:46:04-72,scalar,DectScheduledAccessNetwork.queue,mean_type1_number,,,14.713485063949
Phase6_Hyperexponential-10-20261001-21:46:04-72,scalar,DectScheduledAccessNetwork.queue,mean_delay_direct_ms,,,73.630166917272
Phase6_Hyperexponential-10-20261001-21:46:04-72,scalar,DectScheduledAccessNetwork.queue,delay_p50_ms,,,73.173054038
Phase6_Hyperexponential-10-20261001-21:46:04-72,scalar,DectScheduledAccessNetwork.queue,delay_p95_ms,,,139.28210266095
Phase6_Hyperexponential-10-20261001-21:46:04-72,scalar,DectScheduledAccessNetwork.queue,delay_p99_ms,,,147.91229741568
Phase6_Hyperexponential-10-20261001-21:46:04-72,scalar,DectScheduledAccessNetwork.queue,delay_p999_ms,,,156.6965987736
Phase6_Hyperexponential-10-20261001-21:46:04-72,scalar,DectScheduledAccessNetwork.queue,tail_sample_count,,,1000000
Phase6_Hyperexponential-10-20261001-21:46:04-72,scalar,DectScheduledAccessNetwork.queue,effective_throughput_departures_per_ms,,,0.19982396758381
Phase6_Hyperexponential-10-20261001-21:46:04-72,scalar,DectScheduledAccessNetwork.queue,effective_throughput_accepted_per_ms,,,0.19982756441522
Phase6_Hyperexponential-10-20261001-21:46:04-72,scalar,DectScheduledAccessNetwork.queue,mean_delay_little_ms,,,73.632233619712
Phase6_Hyperexponential-10-20261001-21:46:04-72,scalar,DectScheduledAccessNetwork.queue,little_vs_direct_relative_error,,,2.8068691500405e-05
Phase6_Hyperexponential-10-20261001-21:46:04-72,scalar,DectScheduledAccessNetwork.queue,type1_service_fraction,,,0.083453620029589
Phase6_Hyperexponential-10-20261001-21:46:04-72,scalar,DectScheduledAccessNetwork.queue,type2_service_fraction,,,0.91654637997058
Phase6_Hyperexponential-10-20261001-21:46:04-72,scalar,DectScheduledAccessNetwork.queue,full_type1_fraction,,,0.00045321410842261
Phase6_Hyperexponential-10-20261001-21:46:04-72,scalar,DectScheduledAccessNetwork.queue,full_type2_fraction,,,0.015837606529395
Phase6_Hyperexponential-10-20261001-21:46:04-72,scalar,DectScheduledAccessNetwork.queue,nonfull_state_fraction,,,0.98370917936238
Phase6_Hyperexponential-10-20261001-21:46:04-72,scalar,DectScheduledAccessNetwork.queue,saturated_full_state_fraction,,,0.016290820637818
Phase6_Hyperexponential-10-20261001-21:46:04-72,scalar,DectScheduledAccessNetwork.queue,full_type1_phase_0_fraction,,,0.00035455797184407
Phase6_Hyperexponential-10-20261001-21:46:04-72,scalar,DectScheduledAccessNetwork.queue,full_type1_phase_1_fraction,,,9.8656136578544e-05
Phase6_Hyperexponential-11-20261001-21:46:05-72,scalar,DectScheduledAccessNetwork.queue,D,,,10
Phase6_Hyperexponential-11-20261001-21:46:05-72,scalar,DectScheduledAccessNetwork.queue,r,,,30
Phase6_Hyperexponential-11-20261001-21:46:05-72,scalar,DectScheduledAccessNetwork.queue,L_effective,,,2
Phase6_Hyperexponential-11-20261001-21:46:05-72,scalar,DectScheduledAccessNetwork.queue,rho,,,0.084745762712
Phase6_Hyperexponential-11-20261001-21:46:05-72,scalar,DectScheduledAccessNetwork.queue,lambda_per_ms,,,0.20338983034609
Phase6_Hyperexponential-11-20261001-21:46:05-72,scalar,DectScheduledAccessNetwork.queue,lambda_sat_per_ms,,,0.20338983049469
Phase6_Hyperexponential-11-20261001-21:46:05-72,scalar,DectScheduledAccessNetwork.queue,rho_sat,,,0.084745762773916
Phase6_Hyperexponential-11-20261001-21:46:05-72,scalar,DectScheduledAccessNetwork.queue,load_factor_rho_over_rho_sat,,,0.9999999992694
Phase6_Hyperexponential-11-20261001-21:46:05-72,scalar,DectScheduledAccessNetwork.queue,mean_type1_service_ms,,,0.416666667
Phase6_Hyperexponential-11-20261001-21:46:05-72,scalar,DectScheduledAccessNetwork.queue,type1_service_distribution_code,,,2
Phase6_Hyperexponential-11-20261001-21:46:05-72,scalar,DectScheduledAccessNetwork.queue,type1_service_scv,,,4
Phase6_Hyperexponential-11-20261001-21:46:05-72,scalar,DectScheduledAccessNetwork.queue,type2_service_ms,,,9
Phase6_Hyperexponential-11-20261001-21:46:05-72,scalar,DectScheduledAccessNetwork.queue,warmup_type1_completions,,,200000
Phase6_Hyperexponential-11-20261001-21:46:05-72,scalar,DectScheduledAccessNetwork.queue,measured_arrivals,,,1018494
Phase6_Hyperexponential-11-20261001-21:46:05-72,scalar,DectScheduledAccessNetwork.queue,measured_accepted_arrivals,,,1000000
Phase6_Hyperexponential-11-20261001-21:46:05-72,scalar,DectScheduledAccessNetwork.queue,measured_blocked_arrivals,,,18494
Phase6_Hyperexponential-11-20261001-21:46:05-72,scalar,DectScheduledAccessNetwork.queue,measured_completed_packets,,,1000000
Phase6_Hyperexponential-11-20261001-21:46:05-72,scalar,DectScheduledAccessNetwork.queue,observation_time_s,,,5007.448654425
Phase6_Hyperexponential-11-20261001-21:46:05-72,scalar,DectScheduledAccessNetwork.queue,blocking_probability,,,0.018158182571522
Phase6_Hyperexponential-11-20261001-21:46:05-72,scalar,DectScheduledAccessNetwork.queue,mean_type1_number,,,14.927502633699
Phase6_Hyperexponential-11-20261001-21:46:05-72,scalar,DectScheduledAccessNetwork.queue,mean_delay_direct_ms,,,74.748222834643
Phase6_Hyperexponential-11-20261001-21:46:05-72,scalar,DectScheduledAccessNetwork.queue,delay_p50_ms,,,74.703895241
Phase6_Hyperexponential-11-20261001-21:46:05-72,scalar,DectScheduledAccessNetwork.queue,delay_p95_ms,,,140.11282791465
Phase6_Hyperexponential-11-20261001-21:46:05-72,scalar,DectScheduledAccessNetwork.queue,delay_p99_ms,,,148.38607851469
Phase6_Hyperexponential-11-20261001-21:46:05-72,scalar,DectScheduledAccessNetwork.queue,delay_p999_ms,,,156.72719774841
Phase6_Hyperexponential-11-20261001-21:46:05-72,scalar,DectScheduledAccessNetwork.queue,tail_sample_count,,,1000000
Phase6_Hyperexponential-11-20261001-21:46:05-72,scalar,DectScheduledAccessNetwork.queue,effective_throughput_departures_per_ms,,,0.19970249702238
Phase6_Hyperexponential-11-20261001-21:46:05-72,scalar,DectScheduledAccessNetwork.queue,effective_throughput_accepted_per_ms,,,0.19970249702238
Phase6_Hyperexponential-11-20261001-21:46:05-72,scalar,DectScheduledAccessNetwork.queue,mean_delay_little_ms,,,74.748702977043
Phase6_Hyperexponential-11-20261001-21:46:05-72,scalar,DectScheduledAccessNetwork.queue,little_vs_direct_relative_error,,,6.4234624115311e-06
Phase6_Hyperexponential-11-20261001-21:46:05-72,scalar,DectScheduledAccessNetwork.queue,type1_service_fraction,,,0.083480567305581
Phase6_Hyperexponential-11-20261001-21:46:05-72,scalar,DectScheduledAccessNetwork.queue,type2_service_fraction,,,0.91651943269463
Phase6_Hyperexponential-11-20261001-21:46:05-72,scalar,DectScheduledAccessNetwork.queue,full_type1_fraction,,,0.00047780258510983
Phase6_Hyperexponential-11-20261001-21:46:05-72,scalar,DectScheduledAccessNetwork.queue,full_type2_fraction,,,0.01765823985438
Phase6_Hyperexponential-11-20261001-21:46:05-72,scalar,DectScheduledAccessNetwork.queue,nonfull_state_fraction,,,0.98186395756081
Phase6_Hyperexponential-11-20261001-21:46:05-72,scalar,DectScheduledAccessNetwork.queue,saturated_full_state_fraction,,,0.01813604243949
Phase6_Hyperexponential-11-20261001-21:46:05-72,scalar,DectScheduledAccessNetwork.queue,full_type1_phase_0_fraction,,,0.00037964192279657
Phase6_Hyperexponential-11-20261001-21:46:05-72,scalar,DectScheduledAccessNetwork.queue,full_type1_phase_1_fraction,,,9.816066231326e-05
Phase6_Hyperexponential-12-20261001-21:46:05-72,scalar,DectScheduledAccessNetwork.queue,D,,,10
Phase6_Hyperexponential-12-20261001-21:46:05-72,scalar,DectScheduledAccessNetwork.queue,r,,,30
Phase6_Hyperexponential-12-20261001-21:46:05-72,scalar,DectScheduledAccessNetwork.queue,L_effective,,,2
Phase6_Hyperexponential-12-20261001-21:46:05-72,scalar,DectScheduledAccessNetwork.queue,rho,,,0.084745762712
Phase6_Hyperexponential-12-20261001-21:46:05-72,scalar,DectScheduledAccessNetwork.queue,lambda_per_ms,,,0.20338983034609
Phase6_Hyperexponential-12-20261001-21:46:05-72,scalar,DectScheduledAccessNetwork.queue,lambda_sat_per_ms,,,0.20338983049469
Phase6_Hyperexponential-12-20261001-21:46:05-72,scalar,DectScheduledAccessNetwork.queue,rho_sat,,,0.084745762773916
Phase6_Hyperexponential-12-20261001-21:46:05-72,scalar,DectScheduledAccessNetwork.queue,load_factor_rho_over_rho_sat,,,0.9999999992694
Phase6_Hyperexponential-12-20261001-21:46:05-72,scalar,DectScheduledAccessNetwork.queue,mean_type1_service_ms,,,0.416666667
Phase6_Hyperexponential-12-20261001-21:46:05-72,scalar,DectScheduledAccessNetwork.queue,type1_service_distribution_code,,,2
Phase6_Hyperexponential-12-20261001-21:46:05-72,scalar,DectScheduledAccessNetwork.queue,type1_service_scv,,,4
Phase6_Hyperexponential-12-20261001-21:46:05-72,scalar,DectScheduledAccessNetwork.queue,type2_service_ms,,,9
Phase6_Hyperexponential-12-20261001-21:46:05-72,scalar,DectScheduledAccessNetwork.queue,warmup_type1_completions,,,200000
Phase6_Hyperexponential-12-20261001-21:46:05-72,scalar,DectScheduledAccessNetwork.queue,measured_arrivals,,,1017627
Phase6_Hyperexponential-12-20261001-21:46:05-72,scalar,DectScheduledAccessNetwork.queue,measured_accepted_arrivals,,,1000010
Phase6_Hyperexponential-12-20261001-21:46:05-72,scalar,DectScheduledAccessNetwork.queue,measured_blocked_arrivals,,,17617
Phase6_Hyperexponential-12-20261001-21:46:05-72,scalar,DectScheduledAccessNetwork.queue,measured_completed_packets,,,1000000
Phase6_Hyperexponential-12-20261001-21:46:05-72,scalar,DectScheduledAccessNetwork.queue,observation_time_s,,,5003.5213191564
Phase6_Hyperexponential-12-20261001-21:46:05-72,scalar,DectScheduledAccessNetwork.queue,blocking_probability,,,0.017311844123633
Phase6_Hyperexponential-12-20261001-21:46:05-72,scalar,DectScheduledAccessNetwork.queue,mean_type1_number,,,14.880504844448
Phase6_Hyperexponential-12-20261001-21:46:05-72,scalar,DectScheduledAccessNetwork.queue,mean_delay_direct_ms,,,74.454599361065
Phase6_Hyperexponential-12-20261001-21:46:05-72,scalar,DectScheduledAccessNetwork.queue,delay_p50_ms,,,74.2318005085
Phase6_Hyperexponential-12-20261001-21:46:05-72,scalar,DectScheduledAccessNetwork.queue,delay_p95_ms,,,139.821320271
Phase6_Hyperexponential-12-20261001-21:46:05-72,scalar,DectScheduledAccessNetwork.queue,delay_p99_ms,,,148.13716256772
Phase6_Hyperexponential-12-20261001-21:46:05-72,scalar,DectScheduledAccessNetwork.queue,delay_p999_ms,,,156.22677326621
Phase6_Hyperexponential-12-20261001-21:46:05-72,scalar,DectScheduledAccessNetwork.queue,tail_sample_count,,,1000000
Phase6_Hyperexponential-12-20261001-21:46:05-72,scalar,DectScheduledAccessNetwork.queue,effective_throughput_departures_per_ms,,,0.19985924636144
Phase6_Hyperexponential-12-20261001-21:46:05-72,scalar,DectScheduledAccessNetwork.queue,effective_throughput_accepted_per_ms,,,0.1998612449539
Phase6_Hyperexponential-12-20261001-21:46:05-72,scalar,DectScheduledAccessNetwork.queue,mean_delay_little_ms,,,74.454923229007
Phase6_Hyperexponential-12-20261001-21:46:05-72,scalar,DectScheduledAccessNetwork.queue,little_vs_direct_relative_error,,,4.3498715289747e-06
Phase6_Hyperexponential-12-20261001-21:46:05-72,scalar,DectScheduledAccessNetwork.queue,type1_service_fraction,,,0.083563413141799
Phase6_Hyperexponential-12-20261001-21:46:05-72,scalar,DectScheduledAccessNetwork.queue,type2_service_fraction,,,0.91643658685843
Phase6_Hyperexponential-12-20261001-21:46:05-72,scalar,DectScheduledAccessNetwork.queue,full_type1_fraction,,,0.00045337417702828
Phase6_Hyperexponential-12-20261001-21:46:05-72,scalar,DectScheduledAccessNetwork.queue,full_type2_fraction,,,0.016892172849334
Phase6_Hyperexponential-12-20261001-21:46:05-72,scalar,DectScheduledAccessNetwork.queue,nonfull_state_fraction,,,0.98265445297386
Phase6_Hyperexponential-12-20261001-21:46:05-72,scalar,DectScheduledAccessNetwork.queue,saturated_full_state_fraction,,,0.017345547026362
Phase6_Hyperexponential-12-20261001-21:46:05-72,scalar,DectScheduledAccessNetwork.queue,full_type1_phase_0_fraction,,,0.00034482708932274
Phase6_Hyperexponential-12-20261001-21:46:05-72,scalar,DectScheduledAccessNetwork.queue,full_type1_phase_1_fraction,,,0.00010854708770554
Phase6_Hyperexponential-13-20261001-21:46:05-72,scalar,DectScheduledAccessNetwork.queue,D,,,10
Phase6_Hyperexponential-13-20261001-21:46:05-72,scalar,DectScheduledAccessNetwork.queue,r,,,30
Phase6_Hyperexponential-13-20261001-21:46:05-72,scalar,DectScheduledAccessNetwork.queue,L_effective,,,2
Phase6_Hyperexponential-13-20261001-21:46:05-72,scalar,DectScheduledAccessNetwork.queue,rho,,,0.084745762712
Phase6_Hyperexponential-13-20261001-21:46:05-72,scalar,DectScheduledAccessNetwork.queue,lambda_per_ms,,,0.20338983034609
Phase6_Hyperexponential-13-20261001-21:46:05-72,scalar,DectScheduledAccessNetwork.queue,lambda_sat_per_ms,,,0.20338983049469
Phase6_Hyperexponential-13-20261001-21:46:05-72,scalar,DectScheduledAccessNetwork.queue,rho_sat,,,0.084745762773916
Phase6_Hyperexponential-13-20261001-21:46:05-72,scalar,DectScheduledAccessNetwork.queue,load_factor_rho_over_rho_sat,,,0.9999999992694
Phase6_Hyperexponential-13-20261001-21:46:05-72,scalar,DectScheduledAccessNetwork.queue,mean_type1_service_ms,,,0.416666667
Phase6_Hyperexponential-13-20261001-21:46:05-72,scalar,DectScheduledAccessNetwork.queue,type1_service_distribution_code,,,2
Phase6_Hyperexponential-13-20261001-21:46:05-72,scalar,DectScheduledAccessNetwork.queue,type1_service_scv,,,4
Phase6_Hyperexponential-13-20261001-21:46:05-72,scalar,DectScheduledAccessNetwork.queue,type2_service_ms,,,9
Phase6_Hyperexponential-13-20261001-21:46:05-72,scalar,DectScheduledAccessNetwork.queue,warmup_type1_completions,,,200000
Phase6_Hyperexponential-13-20261001-21:46:05-72,scalar,DectScheduledAccessNetwork.queue,measured_arrivals,,,1018060
Phase6_Hyperexponential-13-20261001-21:46:05-72,scalar,DectScheduledAccessNetwork.queue,measured_accepted_arrivals,,,1000023
Phase6_Hyperexponential-13-20261001-21:46:05-72,scalar,DectScheduledAccessNetwork.queue,measured_blocked_arrivals,,,18037
Phase6_Hyperexponential-13-20261001-21:46:05-72,scalar,DectScheduledAccessNetwork.queue,measured_completed_packets,,,1000000
Phase6_Hyperexponential-13-20261001-21:46:05-72,scalar,DectScheduledAccessNetwork.queue,observation_time_s,,,5005.8494291577
Phase6_Hyperexponential-13-20261001-21:46:05-72,scalar,DectScheduledAccessNetwork.queue,blocking_probability,,,0.017717030430426
Phase6_Hyperexponential-13-20261001-21:46:05-72,scalar,DectScheduledAccessNetwork.queue,mean_type1_number,,,14.99576188529
Phase6_Hyperexponential-13-20261001-21:46:05-72,scalar,DectScheduledAccessNetwork.queue,mean_delay_direct_ms,,,75.064876051625
Phase6_Hyperexponential-13-20261001-21:46:05-72,scalar,DectScheduledAccessNetwork.queue,delay_p50_ms,,,75.457977996
Phase6_Hyperexponential-13-20261001-21:46:05-72,scalar,DectScheduledAccessNetwork.queue,delay_p95_ms,,,139.98020245945
Phase6_Hyperexponential-13-20261001-21:46:05-72,scalar,DectScheduledAccessNetwork.queue,delay_p99_ms,,,148.42182510636
Phase6_Hyperexponential-13-20261001-21:46:05-72,scalar,DectScheduledAccessNetwork.queue,delay_p999_ms,,,157.26596213768
Phase6_Hyperexponential-13-20261001-21:46:05-72,scalar,DectScheduledAccessNetwork.queue,tail_sample_count,,,1000000
Phase6_Hyperexponential-13-20261001-21:46:05-72,scalar,DectScheduledAccessNetwork.queue,effective_throughput_departures_per_ms,,,0.19976629624041
Phase6_Hyperexponential-13-20261001-21:46:05-72,scalar,DectScheduledAccessNetwork.queue,effective_throughput_accepted_per_ms,,,0.19977089086522
Phase6_Hyperexponential-13-20261001-21:46:05-72,scalar,DectScheduledAccessNetwork.queue,mean_delay_little_ms,,,75.066526073265
Phase6_Hyperexponential-13-20261001-21:46:05-72,scalar,DectScheduledAccessNetwork.queue,little_vs_direct_relative_error,,,2.1981274417548e-05
Phase6_Hyperexponential-13-20261001-21:46:05-72,scalar,DectScheduledAccessNetwork.queue,type1_service_fraction,,,0.083509589146397
Phase6_Hyperexponential-13-20261001-21:46:05-72,scalar,DectScheduledAccessNetwork.queue,type2_service_fraction,,,0.91649041085385
Phase6_Hyperexponential-13-20261001-21:46:05-72,scalar,DectScheduledAccessNetwork.queue,full_type1_fraction,,,0.00049006017872751
Phase6_Hyperexponential-13-20261001-21:46:05-72,scalar,DectScheduledAccessNetwork.queue,full_type2_fraction,,,0.017180702392229
Phase6_Hyperexponential-13-20261001-21:46:05-72,scalar,DectScheduledAccessNetwork.queue,nonfull_state_fraction,,,0.98232923742922
Phase6_Hyperexponential-13-20261001-21:46:05-72,scalar,DectScheduledAccessNetwork.queue,saturated_full_state_fraction,,,0.017670762570956
Phase6_Hyperexponential-13-20261001-21:46:05-72,scalar,DectScheduledAccessNetwork.queue,full_type1_phase_0_fraction,,,0.00038037459672142
Phase6_Hyperexponential-13-20261001-21:46:05-72,scalar,DectScheduledAccessNetwork.queue,full_type1_phase_1_fraction,,,0.00010968558200609
Phase6_Hyperexponential-14-20261001-21:46:05-72,scalar,DectScheduledAccessNetwork.queue,D,,,10
Phase6_Hyperexponential-14-20261001-21:46:05-72,scalar,DectScheduledAccessNetwork.queue,r,,,30
Phase6_Hyperexponential-14-20261001-21:46:05-72,scalar,DectScheduledAccessNetwork.queue,L_effective,,,2
Phase6_Hyperexponential-14-20261001-21:46:05-72,scalar,DectScheduledAccessNetwork.queue,rho,,,0.084745762712
Phase6_Hyperexponential-14-20261001-21:46:05-72,scalar,DectScheduledAccessNetwork.queue,lambda_per_ms,,,0.20338983034609
Phase6_Hyperexponential-14-20261001-21:46:05-72,scalar,DectScheduledAccessNetwork.queue,lambda_sat_per_ms,,,0.20338983049469
Phase6_Hyperexponential-14-20261001-21:46:05-72,scalar,DectScheduledAccessNetwork.queue,rho_sat,,,0.084745762773916
Phase6_Hyperexponential-14-20261001-21:46:05-72,scalar,DectScheduledAccessNetwork.queue,load_factor_rho_over_rho_sat,,,0.9999999992694
Phase6_Hyperexponential-14-20261001-21:46:05-72,scalar,DectScheduledAccessNetwork.queue,mean_type1_service_ms,,,0.416666667
Phase6_Hyperexponential-14-20261001-21:46:05-72,scalar,DectScheduledAccessNetwork.queue,type1_service_distribution_code,,,2
Phase6_Hyperexponential-14-20261001-21:46:05-72,scalar,DectScheduledAccessNetwork.queue,type1_service_scv,,,4
Phase6_Hyperexponential-14-20261001-21:46:05-72,scalar,DectScheduledAccessNetwork.queue,type2_service_ms,,,9
Phase6_Hyperexponential-14-20261001-21:46:05-72,scalar,DectScheduledAccessNetwork.queue,warmup_type1_completions,,,200000
Phase6_Hyperexponential-14-20261001-21:46:05-72,scalar,DectScheduledAccessNetwork.queue,measured_arrivals,,,1017408
Phase6_Hyperexponential-14-20261001-21:46:05-72,scalar,DectScheduledAccessNetwork.queue,measured_accepted_arrivals,,,1000019
Phase6_Hyperexponential-14-20261001-21:46:05-72,scalar,DectScheduledAccessNetwork.queue,measured_blocked_arrivals,,,17389
Phase6_Hyperexponential-14-20261001-21:46:05-72,scalar,DectScheduledAccessNetwork.queue,measured_completed_packets,,,1000000
Phase6_Hyperexponential-14-20261001-21:46:05-72,scalar,DectScheduledAccessNetwork.queue,observation_time_s,,,4999.8671763773
Phase6_Hyperexponential-14-20261001-21:46:05-72,scalar,DectScheduledAccessNetwork.queue,blocking_probability,,,0.01709147166132
Phase6_Hyperexponential-14-20261001-21:46:05-72,scalar,DectScheduledAccessNetwork.queue,mean_type1_number,,,15.050801810621
Phase6_Hyperexponential-14-20261001-21:46:05-72,scalar,DectScheduledAccessNetwork.queue,mean_delay_direct_ms,,,75.25084159935
Phase6_Hyperexponential-14-20261001-21:46:05-72,scalar,DectScheduledAccessNetwork.queue,delay_p50_ms,,,75.535019658
Phase6_Hyperexponential-14-20261001-21:46:05-72,scalar,DectScheduledAccessNetwork.queue,delay_p95_ms,,,139.86332850545
Phase6_Hyperexponential-14-20261001-21:46:05-72,scalar,DectScheduledAccessNetwork.queue,delay_p99_ms,,,148.31504769594
Phase6_Hyperexponential-14-20261001-21:46:05-72,scalar,DectScheduledAccessNetwork.queue,delay_p999_ms,,,157.18067296528
Phase6_Hyperexponential-14-20261001-21:46:05-72,scalar,DectScheduledAccessNetwork.queue,tail_sample_count,,,1000000
Phase6_Hyperexponential-14-20261001-21:46:05-72,scalar,DectScheduledAccessNetwork.queue,effective_throughput_departures_per_ms,,,0.20000531308605
Phase6_Hyperexponential-14-20261001-21:46:05-72,scalar,DectScheduledAccessNetwork.queue,effective_throughput_accepted_per_ms,,,0.200009113187
Phase6_Hyperexponential-14-20261001-21:46:05-72,scalar,DectScheduledAccessNetwork.queue,mean_delay_little_ms,,,75.252009951082
Phase6_Hyperexponential-14-20261001-21:46:05-72,scalar,DectScheduledAccessNetwork.queue,little_vs_direct_relative_error,,,1.5526095226592e-05
Phase6_Hyperexponential-14-20261001-21:46:05-72,scalar,DectScheduledAccessNetwork.queue,type1_service_fraction,,,0.083538054440873
Phase6_Hyperexponential-14-20261001-21:46:05-72,scalar,DectScheduledAccessNetwork.queue,type2_service_fraction,,,0.91646194555934
Phase6_Hyperexponential-14-20261001-21:46:05-72,scalar,DectScheduledAccessNetwork.queue,full_type1_fraction,,,0.00049699635176878
Phase6_Hyperexponential-14-20261001-21:46:05-72,scalar,DectScheduledAccessNetwork.queue,full_type2_fraction,,,0.016899345142854
Phase6_Hyperexponential-14-20261001-21:46:05-72,scalar,DectScheduledAccessNetwork.queue,nonfull_state_fraction,,,0.98260365850557
Phase6_Hyperexponential-14-20261001-21:46:05-72,scalar,DectScheduledAccessNetwork.queue,saturated_full_state_fraction,,,0.017396341494623
Phase6_Hyperexponential-14-20261001-21:46:05-72,scalar,DectScheduledAccessNetwork.queue,full_type1_phase_0_fraction,,,0.00038627646083178
Phase6_Hyperexponential-14-20261001-21:46:05-72,scalar,DectScheduledAccessNetwork.queue,full_type1_phase_1_fraction,,,0.000110719890937
Phase6_Hyperexponential-15-20261001-21:46:06-72,scalar,DectScheduledAccessNetwork.queue,D,,,10
Phase6_Hyperexponential-15-20261001-21:46:06-72,scalar,DectScheduledAccessNetwork.queue,r,,,30
Phase6_Hyperexponential-15-20261001-21:46:06-72,scalar,DectScheduledAccessNetwork.queue,L_effective,,,2
Phase6_Hyperexponential-15-20261001-21:46:06-72,scalar,DectScheduledAccessNetwork.queue,rho,,,0.084745762712
Phase6_Hyperexponential-15-20261001-21:46:06-72,scalar,DectScheduledAccessNetwork.queue,lambda_per_ms,,,0.20338983034609
Phase6_Hyperexponential-15-20261001-21:46:06-72,scalar,DectScheduledAccessNetwork.queue,lambda_sat_per_ms,,,0.20338983049469
Phase6_Hyperexponential-15-20261001-21:46:06-72,scalar,DectScheduledAccessNetwork.queue,rho_sat,,,0.084745762773916
Phase6_Hyperexponential-15-20261001-21:46:06-72,scalar,DectScheduledAccessNetwork.queue,load_factor_rho_over_rho_sat,,,0.9999999992694
Phase6_Hyperexponential-15-20261001-21:46:06-72,scalar,DectScheduledAccessNetwork.queue,mean_type1_service_ms,,,0.416666667
Phase6_Hyperexponential-15-20261001-21:46:06-72,scalar,DectScheduledAccessNetwork.queue,type1_service_distribution_code,,,2
Phase6_Hyperexponential-15-20261001-21:46:06-72,scalar,DectScheduledAccessNetwork.queue,type1_service_scv,,,4
Phase6_Hyperexponential-15-20261001-21:46:06-72,scalar,DectScheduledAccessNetwork.queue,type2_service_ms,,,9
Phase6_Hyperexponential-15-20261001-21:46:06-72,scalar,DectScheduledAccessNetwork.queue,warmup_type1_completions,,,200000
Phase6_Hyperexponential-15-20261001-21:46:06-72,scalar,DectScheduledAccessNetwork.queue,measured_arrivals,,,1017105
Phase6_Hyperexponential-15-20261001-21:46:06-72,scalar,DectScheduledAccessNetwork.queue,measured_accepted_arrivals,,,1000002
Phase6_Hyperexponential-15-20261001-21:46:06-72,scalar,DectScheduledAccessNetwork.queue,measured_blocked_arrivals,,,17103
Phase6_Hyperexponential-15-20261001-21:46:06-72,scalar,DectScheduledAccessNetwork.queue,measured_completed_packets,,,1000000
Phase6_Hyperexponential-15-20261001-21:46:06-72,scalar,DectScheduledAccessNetwork.queue,observation_time_s,,,5006.0924552605
Phase6_Hyperexponential-15-20261001-21:46:06-72,scalar,DectScheduledAccessNetwork.queue,blocking_probability,,,0.016815373044081
Phase6_Hyperexponential-15-20261001-21:46:06-72,scalar,DectScheduledAccessNetwork.queue,mean_type1_number,,,14.723379107201
Phase6_Hyperexponential-15-20261001-21:46:06-72,scalar,DectScheduledAccessNetwork.queue,mean_delay_direct_ms,,,73.706495325788
Phase6_Hyperexponential-15-20261001-21:46:06-72,scalar,DectScheduledAccessNetwork.queue,delay_p50_ms,,,73.152459412
Phase6_Hyperexponential-15-20261001-21:46:06-72,scalar,DectScheduledAccessNetwork.queue,delay_p95_ms,,,139.52148710585
Phase6_Hyperexponential-15-20261001-21:46:06-72,scalar,DectScheduledAccessNetwork.queue,delay_p99_ms,,,148.15416266175
Phase6_Hyperexponential-15-20261001-21:46:06-72,scalar,DectScheduledAccessNetwork.queue,delay_p999_ms,,,156.41250701007
Phase6_Hyperexponential-15-20261001-21:46:06-72,scalar,DectScheduledAccessNetwork.queue,tail_sample_count,,,1000000
Phase6_Hyperexponential-15-20261001-21:46:06-72,scalar,DectScheduledAccessNetwork.queue,effective_throughput_departures_per_ms,,,0.19975659837229
Phase6_Hyperexponential-15-20261001-21:46:06-72,scalar,DectScheduledAccessNetwork.queue,effective_throughput_accepted_per_ms,,,0.19975699788548
Phase6_Hyperexponential-15-20261001-21:46:06-72,scalar,DectScheduledAccessNetwork.queue,mean_delay_little_ms,,,73.706597064497
Phase6_Hyperexponential-15-20261001-21:46:06-72,scalar,DectScheduledAccessNetwork.queue,little_vs_direct_relative_error,,,1.3803221565745e-06
Phase6_Hyperexponential-15-20261001-21:46:06-72,scalar,DectScheduledAccessNetwork.queue,type1_service_fraction,,,0.083385087069624
Phase6_Hyperexponential-15-20261001-21:46:06-72,scalar,DectScheduledAccessNetwork.queue,type2_service_fraction,,,0.9166149129306
Phase6_Hyperexponential-15-20261001-21:46:06-72,scalar,DectScheduledAccessNetwork.queue,full_type1_fraction,,,0.00048610937606093
Phase6_Hyperexponential-15-20261001-21:46:06-72,scalar,DectScheduledAccessNetwork.queue,full_type2_fraction,,,0.016429740709883
Phase6_Hyperexponential-15-20261001-21:46:06-72,scalar,DectScheduledAccessNetwork.queue,nonfull_state_fraction,,,0.98308414991429
Phase6_Hyperexponential-15-20261001-21:46:06-72,scalar,DectScheduledAccessNetwork.queue,saturated_full_state_fraction,,,0.016915850085944
Phase6_Hyperexponential-15-20261001-21:46:06-72,scalar,DectScheduledAccessNetwork.queue,full_type1_phase_0_fraction,,,0.00037466573978714
Phase6_Hyperexponential-15-20261001-21:46:06-72,scalar,DectScheduledAccessNetwork.queue,full_type1_phase_1_fraction,,,0.00011144363627379
Phase6_Hyperexponential-16-20261001-21:46:06-72,scalar,DectScheduledAccessNetwork.queue,D,,,10
Phase6_Hyperexponential-16-20261001-21:46:06-72,scalar,DectScheduledAccessNetwork.queue,r,,,30
Phase6_Hyperexponential-16-20261001-21:46:06-72,scalar,DectScheduledAccessNetwork.queue,L_effective,,,2
Phase6_Hyperexponential-16-20261001-21:46:06-72,scalar,DectScheduledAccessNetwork.queue,rho,,,0.084745762712
Phase6_Hyperexponential-16-20261001-21:46:06-72,scalar,DectScheduledAccessNetwork.queue,lambda_per_ms,,,0.20338983034609
Phase6_Hyperexponential-16-20261001-21:46:06-72,scalar,DectScheduledAccessNetwork.queue,lambda_sat_per_ms,,,0.20338983049469
Phase6_Hyperexponential-16-20261001-21:46:06-72,scalar,DectScheduledAccessNetwork.queue,rho_sat,,,0.084745762773916
Phase6_Hyperexponential-16-20261001-21:46:06-72,scalar,DectScheduledAccessNetwork.queue,load_factor_rho_over_rho_sat,,,0.9999999992694
Phase6_Hyperexponential-16-20261001-21:46:06-72,scalar,DectScheduledAccessNetwork.queue,mean_type1_service_ms,,,0.416666667
Phase6_Hyperexponential-16-20261001-21:46:06-72,scalar,DectScheduledAccessNetwork.queue,type1_service_distribution_code,,,2
Phase6_Hyperexponential-16-20261001-21:46:06-72,scalar,DectScheduledAccessNetwork.queue,type1_service_scv,,,4
Phase6_Hyperexponential-16-20261001-21:46:06-72,scalar,DectScheduledAccessNetwork.queue,type2_service_ms,,,9
Phase6_Hyperexponential-16-20261001-21:46:06-72,scalar,DectScheduledAccessNetwork.queue,warmup_type1_completions,,,200000
Phase6_Hyperexponential-16-20261001-21:46:06-72,scalar,DectScheduledAccessNetwork.queue,measured_arrivals,,,1017564
Phase6_Hyperexponential-16-20261001-21:46:06-72,scalar,DectScheduledAccessNetwork.queue,measured_accepted_arrivals,,,1000006
Phase6_Hyperexponential-16-20261001-21:46:06-72,scalar,DectScheduledAccessNetwork.queue,measured_blocked_arrivals,,,17558
Phase6_Hyperexponential-16-20261001-21:46:06-72,scalar,DectScheduledAccessNetwork.queue,measured_completed_packets,,,1000000
Phase6_Hyperexponential-16-20261001-21:46:06-72,scalar,DectScheduledAccessNetwork.queue,observation_time_s,,,5004.8897044875
Phase6_Hyperexponential-16-20261001-21:46:06-72,scalar,DectScheduledAccessNetwork.queue,blocking_probability,,,0.017254934333369
Phase6_Hyperexponential-16-20261001-21:46:06-72,scalar,DectScheduledAccessNetwork.queue,mean_type1_number,,,14.760048752579
Phase6_Hyperexponential-16-20261001-21:46:06-72,scalar,DectScheduledAccessNetwork.queue,mean_delay_direct_ms,,,73.872074848694
Phase6_Hyperexponential-16-20261001-21:46:06-72,scalar,DectScheduledAccessNetwork.queue,delay_p50_ms,,,73.264849963
Phase6_Hyperexponential-16-20261001-21:46:06-72,scalar,DectScheduledAccessNetwork.queue,delay_p95_ms,,,139.7442939656
Phase6_Hyperexponential-16-20261001-21:46:06-72,scalar,DectScheduledAccessNetwork.queue,delay_p99_ms,,,148.23284119482
Phase6_Hyperexponential-16-20261001-21:46:06-72,scalar,DectScheduledAccessNetwork.queue,delay_p999_ms,,,156.57077999113
Phase6_Hyperexponential-16-20261001-21:46:06-72,scalar,DectScheduledAccessNetwork.queue,tail_sample_count,,,1000000
Phase6_Hyperexponential-16-20261001-21:46:06-72,scalar,DectScheduledAccessNetwork.queue,effective_throughput_departures_per_ms,,,0.19980460290731
Phase6_Hyperexponential-16-20261001-21:46:06-72,scalar,DectScheduledAccessNetwork.queue,effective_throughput_accepted_per_ms,,,0.19980580173492
Phase6_Hyperexponential-16-20261001-21:46:06-72,scalar,DectScheduledAccessNetwork.queue,mean_delay_little_ms,,,73.872416039519
Phase6_Hyperexponential-16-20261001-21:46:06-72,scalar,DectScheduledAccessNetwork.queue,little_vs_direct_relative_error,,,4.6186711930574e-06
Phase6_Hyperexponential-16-20261001-21:46:06-72,scalar,DectScheduledAccessNetwork.queue,type1_service_fraction,,,0.083306871700628
Phase6_Hyperexponential-16-20261001-21:46:06-72,scalar,DectScheduledAccessNetwork.queue,type2_service_fraction,,,0.9166931282996
Phase6_Hyperexponential-16-20261001-21:46:06-72,scalar,DectScheduledAccessNetwork.queue,full_type1_fraction,,,0.00047147947576172
Phase6_Hyperexponential-16-20261001-21:46:06-72,scalar,DectScheduledAccessNetwork.queue,full_type2_fraction,,,0.016751732502349
Phase6_Hyperexponential-16-20261001-21:46:06-72,scalar,DectScheduledAccessNetwork.queue,nonfull_state_fraction,,,0.9827767880221
Phase6_Hyperexponential-16-20261001-21:46:06-72,scalar,DectScheduledAccessNetwork.queue,saturated_full_state_fraction,,,0.017223211978111
Phase6_Hyperexponential-16-20261001-21:46:06-72,scalar,DectScheduledAccessNetwork.queue,full_type1_phase_0_fraction,,,0.00035681077783408
Phase6_Hyperexponential-16-20261001-21:46:06-72,scalar,DectScheduledAccessNetwork.queue,full_type1_phase_1_fraction,,,0.00011466869792763
Phase6_Hyperexponential-17-20261001-21:46:06-72,scalar,DectScheduledAccessNetwork.queue,D,,,10
Phase6_Hyperexponential-17-20261001-21:46:06-72,scalar,DectScheduledAccessNetwork.queue,r,,,30
Phase6_Hyperexponential-17-20261001-21:46:06-72,scalar,DectScheduledAccessNetwork.queue,L_effective,,,2
Phase6_Hyperexponential-17-20261001-21:46:06-72,scalar,DectScheduledAccessNetwork.queue,rho,,,0.084745762712
Phase6_Hyperexponential-17-20261001-21:46:06-72,scalar,DectScheduledAccessNetwork.queue,lambda_per_ms,,,0.20338983034609
Phase6_Hyperexponential-17-20261001-21:46:06-72,scalar,DectScheduledAccessNetwork.queue,lambda_sat_per_ms,,,0.20338983049469
Phase6_Hyperexponential-17-20261001-21:46:06-72,scalar,DectScheduledAccessNetwork.queue,rho_sat,,,0.084745762773916
Phase6_Hyperexponential-17-20261001-21:46:06-72,scalar,DectScheduledAccessNetwork.queue,load_factor_rho_over_rho_sat,,,0.9999999992694
Phase6_Hyperexponential-17-20261001-21:46:06-72,scalar,DectScheduledAccessNetwork.queue,mean_type1_service_ms,,,0.416666667
Phase6_Hyperexponential-17-20261001-21:46:06-72,scalar,DectScheduledAccessNetwork.queue,type1_service_distribution_code,,,2
Phase6_Hyperexponential-17-20261001-21:46:06-72,scalar,DectScheduledAccessNetwork.queue,type1_service_scv,,,4
Phase6_Hyperexponential-17-20261001-21:46:06-72,scalar,DectScheduledAccessNetwork.queue,type2_service_ms,,,9
Phase6_Hyperexponential-17-20261001-21:46:06-72,scalar,DectScheduledAccessNetwork.queue,warmup_type1_completions,,,200000
Phase6_Hyperexponential-17-20261001-21:46:06-72,scalar,DectScheduledAccessNetwork.queue,measured_arrivals,,,1017655
Phase6_Hyperexponential-17-20261001-21:46:06-72,scalar,DectScheduledAccessNetwork.queue,measured_accepted_arrivals,,,1000028
Phase6_Hyperexponential-17-20261001-21:46:06-72,scalar,DectScheduledAccessNetwork.queue,measured_blocked_arrivals,,,17627
Phase6_Hyperexponential-17-20261001-21:46:06-72,scalar,DectScheduledAccessNetwork.queue,measured_completed_packets,,,1000000
Phase6_Hyperexponential-17-20261001-21:46:06-72,scalar,DectScheduledAccessNetwork.queue,observation_time_s,,,5005.3458571068
Phase6_Hyperexponential-17-20261001-21:46:06-72,scalar,DectScheduledAccessNetwork.queue,blocking_probability,,,0.01732119431438
Phase6_Hyperexponential-17-20261001-21:46:06-72,scalar,DectScheduledAccessNetwork.queue,mean_type1_number,,,14.996190066434
Phase6_Hyperexponential-17-20261001-21:46:06-72,scalar,DectScheduledAccessNetwork.queue,mean_delay_direct_ms,,,75.059103144478
Phase6_Hyperexponential-17-20261001-21:46:06-72,scalar,DectScheduledAccessNetwork.queue,delay_p50_ms,,,75.453613246
Phase6_Hyperexponential-17-20261001-21:46:06-72,scalar,DectScheduledAccessNetwork.queue,delay_p95_ms,,,139.86028250175
Phase6_Hyperexponential-17-20261001-21:46:06-72,scalar,DectScheduledAccessNetwork.queue,delay_p99_ms,,,148.22066884299
Phase6_Hyperexponential-17-20261001-21:46:06-72,scalar,DectScheduledAccessNetwork.queue,delay_p999_ms,,,157.0840265595
Phase6_Hyperexponential-17-20261001-21:46:06-72,scalar,DectScheduledAccessNetwork.queue,tail_sample_count,,,1000000
Phase6_Hyperexponential-17-20261001-21:46:06-72,scalar,DectScheduledAccessNetwork.queue,effective_throughput_departures_per_ms,,,0.19978639409705
Phase6_Hyperexponential-17-20261001-21:46:06-72,scalar,DectScheduledAccessNetwork.queue,effective_throughput_accepted_per_ms,,,0.19979198811609
Phase6_Hyperexponential-17-20261001-21:46:06-72,scalar,DectScheduledAccessNetwork.queue,mean_delay_little_ms,,,75.061117821411
Phase6_Hyperexponential-17-20261001-21:46:06-72,scalar,DectScheduledAccessNetwork.queue,little_vs_direct_relative_error,,,2.6841207106942e-05
Phase6_Hyperexponential-17-20261001-21:46:06-72,scalar,DectScheduledAccessNetwork.queue,type1_service_fraction,,,0.083415585860874
Phase6_Hyperexponential-17-20261001-21:46:06-72,scalar,DectScheduledAccessNetwork.queue,type2_service_fraction,,,0.91658441413933
Phase6_Hyperexponential-17-20261001-21:46:06-72,scalar,DectScheduledAccessNetwork.queue,full_type1_fraction,,,0.00049135904966527
Phase6_Hyperexponential-17-20261001-21:46:06-72,scalar,DectScheduledAccessNetwork.queue,full_type2_fraction,,,0.016890634728126
Phase6_Hyperexponential-17-20261001-21:46:06-72,scalar,DectScheduledAccessNetwork.queue,nonfull_state_fraction,,,0.98261800622244
Phase6_Hyperexponential-17-20261001-21:46:06-72,scalar,DectScheduledAccessNetwork.queue,saturated_full_state_fraction,,,0.017381993777791
Phase6_Hyperexponential-17-20261001-21:46:06-72,scalar,DectScheduledAccessNetwork.queue,full_type1_phase_0_fraction,,,0.0003802717691265
Phase6_Hyperexponential-17-20261001-21:46:06-72,scalar,DectScheduledAccessNetwork.queue,full_type1_phase_1_fraction,,,0.00011108728053877
Phase6_Hyperexponential-18-20261001-21:46:06-72,scalar,DectScheduledAccessNetwork.queue,D,,,10
Phase6_Hyperexponential-18-20261001-21:46:06-72,scalar,DectScheduledAccessNetwork.queue,r,,,30
Phase6_Hyperexponential-18-20261001-21:46:06-72,scalar,DectScheduledAccessNetwork.queue,L_effective,,,2
Phase6_Hyperexponential-18-20261001-21:46:06-72,scalar,DectScheduledAccessNetwork.queue,rho,,,0.084745762712
Phase6_Hyperexponential-18-20261001-21:46:06-72,scalar,DectScheduledAccessNetwork.queue,lambda_per_ms,,,0.20338983034609
Phase6_Hyperexponential-18-20261001-21:46:06-72,scalar,DectScheduledAccessNetwork.queue,lambda_sat_per_ms,,,0.20338983049469
Phase6_Hyperexponential-18-20261001-21:46:06-72,scalar,DectScheduledAccessNetwork.queue,rho_sat,,,0.084745762773916
Phase6_Hyperexponential-18-20261001-21:46:06-72,scalar,DectScheduledAccessNetwork.queue,load_factor_rho_over_rho_sat,,,0.9999999992694
Phase6_Hyperexponential-18-20261001-21:46:06-72,scalar,DectScheduledAccessNetwork.queue,mean_type1_service_ms,,,0.416666667
Phase6_Hyperexponential-18-20261001-21:46:06-72,scalar,DectScheduledAccessNetwork.queue,type1_service_distribution_code,,,2
Phase6_Hyperexponential-18-20261001-21:46:06-72,scalar,DectScheduledAccessNetwork.queue,type1_service_scv,,,4
Phase6_Hyperexponential-18-20261001-21:46:06-72,scalar,DectScheduledAccessNetwork.queue,type2_service_ms,,,9
Phase6_Hyperexponential-18-20261001-21:46:06-72,scalar,DectScheduledAccessNetwork.queue,warmup_type1_completions,,,200000
Phase6_Hyperexponential-18-20261001-21:46:06-72,scalar,DectScheduledAccessNetwork.queue,measured_arrivals,,,1018240
Phase6_Hyperexponential-18-20261001-21:46:06-72,scalar,DectScheduledAccessNetwork.queue,measured_accepted_arrivals,,,1000023
Phase6_Hyperexponential-18-20261001-21:46:06-72,scalar,DectScheduledAccessNetwork.queue,measured_blocked_arrivals,,,18217
Phase6_Hyperexponential-18-20261001-21:46:06-72,scalar,DectScheduledAccessNetwork.queue,measured_completed_packets,,,1000000
Phase6_Hyperexponential-18-20261001-21:46:06-72,scalar,DectScheduledAccessNetwork.queue,observation_time_s,,,4999.6838585575
Phase6_Hyperexponential-18-20261001-21:46:06-72,scalar,DectScheduledAccessNetwork.queue,blocking_probability,,,0.017890674104337
Phase6_Hyperexponential-18-20261001-21:46:06-72,scalar,DectScheduledAccessNetwork.queue,mean_type1_number,,,15.034260767151
Phase6_Hyperexponential-18-20261001-21:46:06-72,scalar,DectScheduledAccessNetwork.queue,mean_delay_direct_ms,,,75.165146862112
Phase6_Hyperexponential-18-20261001-21:46:06-72,scalar,DectScheduledAccessNetwork.queue,delay_p50_ms,,,75.322940091
Phase6_Hyperexponential-18-20261001-21:46:06-72,scalar,DectScheduledAccessNetwork.queue,delay_p95_ms,,,139.90025718405
Phase6_Hyperexponential-18-20261001-21:46:06-72,scalar,DectScheduledAccessNetwork.queue,delay_p99_ms,,,148.21498799096
Phase6_Hyperexponential-18-20261001-21:46:06-72,scalar,DectScheduledAccessNetwork.queue,delay_p999_ms,,,156.62816094005
Phase6_Hyperexponential-18-20261001-21:46:06-72,scalar,DectScheduledAccessNetwork.queue,tail_sample_count,,,1000000
Phase6_Hyperexponential-18-20261001-21:46:06-72,scalar,DectScheduledAccessNetwork.queue,effective_throughput_departures_per_ms,,,0.20001264645731
Phase6_Hyperexponential-18-20261001-21:46:06-72,scalar,DectScheduledAccessNetwork.queue,effective_throughput_accepted_per_ms,,,0.20001724674818
Phase6_Hyperexponential-18-20261001-21:46:06-72,scalar,DectScheduledAccessNetwork.queue,mean_delay_little_ms,,,75.166550882871
Phase6_Hyperexponential-18-20261001-21:46:06-72,scalar,DectScheduledAccessNetwork.queue,little_vs_direct_relative_error,,,1.8679146077893e-05
Phase6_Hyperexponential-18-20261001-21:46:06-72,scalar,DectScheduledAccessNetwork.queue,type1_service_fraction,,,0.083158829701973
Phase6_Hyperexponential-18-20261001-21:46:06-72,scalar,DectScheduledAccessNetwork.queue,type2_service_fraction,,,0.91684117029821
Phase6_Hyperexponential-18-20261001-21:46:06-72,scalar,DectScheduledAccessNetwork.queue,full_type1_fraction,,,0.00048202953538273
Phase6_Hyperexponential-18-20261001-21:46:06-72,scalar,DectScheduledAccessNetwork.queue,full_type2_fraction,,,0.017273704768951
Phase6_Hyperexponential-18-20261001-21:46:06-72,scalar,DectScheduledAccessNetwork.queue,nonfull_state_fraction,,,0.98224426569588
Phase6_Hyperexponential-18-20261001-21:46:06-72,scalar,DectScheduledAccessNetwork.queue,saturated_full_state_fraction,,,0.017755734304334
Phase6_Hyperexponential-18-20261001-21:46:06-72,scalar,DectScheduledAccessNetwork.queue,full_type1_phase_0_fraction,,,0.00037611140033553
Phase6_Hyperexponential-18-20261001-21:46:06-72,scalar,DectScheduledAccessNetwork.queue,full_type1_phase_1_fraction,,,0.0001059181350472
Phase6_Hyperexponential-19-20261001-21:46:07-72,scalar,DectScheduledAccessNetwork.queue,D,,,10
Phase6_Hyperexponential-19-20261001-21:46:07-72,scalar,DectScheduledAccessNetwork.queue,r,,,30
Phase6_Hyperexponential-19-20261001-21:46:07-72,scalar,DectScheduledAccessNetwork.queue,L_effective,,,2
Phase6_Hyperexponential-19-20261001-21:46:07-72,scalar,DectScheduledAccessNetwork.queue,rho,,,0.084745762712
Phase6_Hyperexponential-19-20261001-21:46:07-72,scalar,DectScheduledAccessNetwork.queue,lambda_per_ms,,,0.20338983034609
Phase6_Hyperexponential-19-20261001-21:46:07-72,scalar,DectScheduledAccessNetwork.queue,lambda_sat_per_ms,,,0.20338983049469
Phase6_Hyperexponential-19-20261001-21:46:07-72,scalar,DectScheduledAccessNetwork.queue,rho_sat,,,0.084745762773916
Phase6_Hyperexponential-19-20261001-21:46:07-72,scalar,DectScheduledAccessNetwork.queue,load_factor_rho_over_rho_sat,,,0.9999999992694
Phase6_Hyperexponential-19-20261001-21:46:07-72,scalar,DectScheduledAccessNetwork.queue,mean_type1_service_ms,,,0.416666667
Phase6_Hyperexponential-19-20261001-21:46:07-72,scalar,DectScheduledAccessNetwork.queue,type1_service_distribution_code,,,2
Phase6_Hyperexponential-19-20261001-21:46:07-72,scalar,DectScheduledAccessNetwork.queue,type1_service_scv,,,4
Phase6_Hyperexponential-19-20261001-21:46:07-72,scalar,DectScheduledAccessNetwork.queue,type2_service_ms,,,9
Phase6_Hyperexponential-19-20261001-21:46:07-72,scalar,DectScheduledAccessNetwork.queue,warmup_type1_completions,,,200000
Phase6_Hyperexponential-19-20261001-21:46:07-72,scalar,DectScheduledAccessNetwork.queue,measured_arrivals,,,1017910
Phase6_Hyperexponential-19-20261001-21:46:07-72,scalar,DectScheduledAccessNetwork.queue,measured_accepted_arrivals,,,1000000
Phase6_Hyperexponential-19-20261001-21:46:07-72,scalar,DectScheduledAccessNetwork.queue,measured_blocked_arrivals,,,17910
Phase6_Hyperexponential-19-20261001-21:46:07-72,scalar,DectScheduledAccessNetwork.queue,measured_completed_packets,,,1000000
Phase6_Hyperexponential-19-20261001-21:46:07-72,scalar,DectScheduledAccessNetwork.queue,observation_time_s,,,5002.346856807
Phase6_Hyperexponential-19-20261001-21:46:07-72,scalar,DectScheduledAccessNetwork.queue,blocking_probability,,,0.017594875774872
Phase6_Hyperexponential-19-20261001-21:46:07-72,scalar,DectScheduledAccessNetwork.queue,mean_type1_number,,,14.987854991904
Phase6_Hyperexponential-19-20261001-21:46:07-72,scalar,DectScheduledAccessNetwork.queue,mean_delay_direct_ms,,,74.974337304897
Phase6_Hyperexponential-19-20261001-21:46:07-72,scalar,DectScheduledAccessNetwork.queue,delay_p50_ms,,,75.2156217605
Phase6_Hyperexponential-19-20261001-21:46:07-72,scalar,DectScheduledAccessNetwork.queue,delay_p95_ms,,,139.84166776285
Phase6_Hyperexponential-19-20261001-21:46:07-72,scalar,DectScheduledAccessNetwork.queue,delay_p99_ms,,,148.03069978123
Phase6_Hyperexponential-19-20261001-21:46:07-72,scalar,DectScheduledAccessNetwork.queue,delay_p999_ms,,,156.91269283103
Phase6_Hyperexponential-19-20261001-21:46:07-72,scalar,DectScheduledAccessNetwork.queue,tail_sample_count,,,1000000
Phase6_Hyperexponential-19-20261001-21:46:07-72,scalar,DectScheduledAccessNetwork.queue,effective_throughput_departures_per_ms,,,0.19990616976894
Phase6_Hyperexponential-19-20261001-21:46:07-72,scalar,DectScheduledAccessNetwork.queue,effective_throughput_accepted_per_ms,,,0.19990616976894
Phase6_Hyperexponential-19-20261001-21:46:07-72,scalar,DectScheduledAccessNetwork.queue,mean_delay_little_ms,,,74.97444930903
Phase6_Hyperexponential-19-20261001-21:46:07-72,scalar,DectScheduledAccessNetwork.queue,little_vs_direct_relative_error,,,1.4938995993585e-06
Phase6_Hyperexponential-19-20261001-21:46:07-72,scalar,DectScheduledAccessNetwork.queue,type1_service_fraction,,,0.083211514259662
Phase6_Hyperexponential-19-20261001-21:46:07-72,scalar,DectScheduledAccessNetwork.queue,type2_service_fraction,,,0.91678848574056
Phase6_Hyperexponential-19-20261001-21:46:07-72,scalar,DectScheduledAccessNetwork.queue,full_type1_fraction,,,0.00047403385478863
Phase6_Hyperexponential-19-20261001-21:46:07-72,scalar,DectScheduledAccessNetwork.queue,full_type2_fraction,,,0.017135031915581
Phase6_Hyperexponential-19-20261001-21:46:07-72,scalar,DectScheduledAccessNetwork.queue,nonfull_state_fraction,,,0.98239093422983
Phase6_Hyperexponential-19-20261001-21:46:07-72,scalar,DectScheduledAccessNetwork.queue,saturated_full_state_fraction,,,0.01760906577037
Phase6_Hyperexponential-19-20261001-21:46:07-72,scalar,DectScheduledAccessNetwork.queue,full_type1_phase_0_fraction,,,0.00036535187793107
Phase6_Hyperexponential-19-20261001-21:46:07-72,scalar,DectScheduledAccessNetwork.queue,full_type1_phase_1_fraction,,,0.00010868197685756
Phase6_Hyperexponential-20-20261001-21:46:07-72,scalar,DectScheduledAccessNetwork.queue,D,,,10
Phase6_Hyperexponential-20-20261001-21:46:07-72,scalar,DectScheduledAccessNetwork.queue,r,,,30
Phase6_Hyperexponential-20-20261001-21:46:07-72,scalar,DectScheduledAccessNetwork.queue,L_effective,,,2
Phase6_Hyperexponential-20-20261001-21:46:07-72,scalar,DectScheduledAccessNetwork.queue,rho,,,0.101694915254
Phase6_Hyperexponential-20-20261001-21:46:07-72,scalar,DectScheduledAccessNetwork.queue,lambda_per_ms,,,0.24406779641435
Phase6_Hyperexponential-20-20261001-21:46:07-72,scalar,DectScheduledAccessNetwork.queue,lambda_sat_per_ms,,,0.20338983049469
Phase6_Hyperexponential-20-20261001-21:46:07-72,scalar,DectScheduledAccessNetwork.queue,rho_sat,,,0.084745762773916
Phase6_Hyperexponential-20-20261001-21:46:07-72,scalar,DectScheduledAccessNetwork.queue,load_factor_rho_over_rho_sat,,,1.1999999991186
Phase6_Hyperexponential-20-20261001-21:46:07-72,scalar,DectScheduledAccessNetwork.queue,mean_type1_service_ms,,,0.416666667
Phase6_Hyperexponential-20-20261001-21:46:07-72,scalar,DectScheduledAccessNetwork.queue,type1_service_distribution_code,,,2
Phase6_Hyperexponential-20-20261001-21:46:07-72,scalar,DectScheduledAccessNetwork.queue,type1_service_scv,,,4
Phase6_Hyperexponential-20-20261001-21:46:07-72,scalar,DectScheduledAccessNetwork.queue,type2_service_ms,,,9
Phase6_Hyperexponential-20-20261001-21:46:07-72,scalar,DectScheduledAccessNetwork.queue,warmup_type1_completions,,,200000
Phase6_Hyperexponential-20-20261001-21:46:07-72,scalar,DectScheduledAccessNetwork.queue,measured_arrivals,,,1198912
Phase6_Hyperexponential-20-20261001-21:46:07-72,scalar,DectScheduledAccessNetwork.queue,measured_accepted_arrivals,,,1000028
Phase6_Hyperexponential-20-20261001-21:46:07-72,scalar,DectScheduledAccessNetwork.queue,measured_blocked_arrivals,,,198884
Phase6_Hyperexponential-20-20261001-21:46:07-72,scalar,DectScheduledAccessNetwork.queue,measured_completed_packets,,,1000000
Phase6_Hyperexponential-20-20261001-21:46:07-72,scalar,DectScheduledAccessNetwork.queue,observation_time_s,,,4918.4586212574
Phase6_Hyperexponential-20-20261001-21:46:07-72,scalar,DectScheduledAccessNetwork.queue,blocking_probability,,,0.16588707094432
Phase6_Hyperexponential-20-20261001-21:46:07-72,scalar,DectScheduledAccessNetwork.queue,mean_type1_number,,,27.125650825778
Phase6_Hyperexponential-20-20261001-21:46:07-72,scalar,DectScheduledAccessNetwork.queue,mean_delay_direct_ms,,,133.413411324
Phase6_Hyperexponential-20-20261001-21:46:07-72,scalar,DectScheduledAccessNetwork.queue,delay_p50_ms,,,136.76097441
Phase6_Hyperexponential-20-20261001-21:46:07-72,scalar,DectScheduledAccessNetwork.queue,delay_p95_ms,,,150.37098524515
Phase6_Hyperexponential-20-20261001-21:46:07-72,scalar,DectScheduledAccessNetwork.queue,delay_p99_ms,,,156.27515395512
Phase6_Hyperexponential-20-20261001-21:46:07-72,scalar,DectScheduledAccessNetwork.queue,delay_p999_ms,,,163.74811949373
Phase6_Hyperexponential-20-20261001-21:46:07-72,scalar,DectScheduledAccessNetwork.queue,tail_sample_count,,,1000000
Phase6_Hyperexponential-20-20261001-21:46:07-72,scalar,DectScheduledAccessNetwork.queue,effective_throughput_departures_per_ms,,,0.20331572897209
Phase6_Hyperexponential-20-20261001-21:46:07-72,scalar,DectScheduledAccessNetwork.queue,effective_throughput_accepted_per_ms,,,0.2033214218125
Phase6_Hyperexponential-20-20261001-21:46:07-72,scalar,DectScheduledAccessNetwork.queue,mean_delay_little_ms,,,133.41639116127
Phase6_Hyperexponential-20-20261001-21:46:07-72,scalar,DectScheduledAccessNetwork.queue,little_vs_direct_relative_error,,,2.2335365228887e-05
Phase6_Hyperexponential-20-20261001-21:46:07-72,scalar,DectScheduledAccessNetwork.queue,type1_service_fraction,,,0.08505726152688
Phase6_Hyperexponential-20-20261001-21:46:07-72,scalar,DectScheduledAccessNetwork.queue,type2_service_fraction,,,0.9149427384733
Phase6_Hyperexponential-20-20261001-21:46:07-72,scalar,DectScheduledAccessNetwork.queue,full_type1_fraction,,,0.0046318804133806
Phase6_Hyperexponential-20-20261001-21:46:07-72,scalar,DectScheduledAccessNetwork.queue,full_type2_fraction,,,0.161649181808
Phase6_Hyperexponential-20-20261001-21:46:07-72,scalar,DectScheduledAccessNetwork.queue,nonfull_state_fraction,,,0.83371893777877
Phase6_Hyperexponential-20-20261001-21:46:07-72,scalar,DectScheduledAccessNetwork.queue,saturated_full_state_fraction,,,0.16628106222138
Phase6_Hyperexponential-20-20261001-21:46:07-72,scalar,DectScheduledAccessNetwork.queue,full_type1_phase_0_fraction,,,0.0034580633020747
Phase6_Hyperexponential-20-20261001-21:46:07-72,scalar,DectScheduledAccessNetwork.queue,full_type1_phase_1_fraction,,,0.0011738171113059
Phase6_Hyperexponential-21-20261001-21:46:07-72,scalar,DectScheduledAccessNetwork.queue,D,,,10
Phase6_Hyperexponential-21-20261001-21:46:07-72,scalar,DectScheduledAccessNetwork.queue,r,,,30
Phase6_Hyperexponential-21-20261001-21:46:07-72,scalar,DectScheduledAccessNetwork.queue,L_effective,,,2
Phase6_Hyperexponential-21-20261001-21:46:07-72,scalar,DectScheduledAccessNetwork.queue,rho,,,0.101694915254
Phase6_Hyperexponential-21-20261001-21:46:07-72,scalar,DectScheduledAccessNetwork.queue,lambda_per_ms,,,0.24406779641435
Phase6_Hyperexponential-21-20261001-21:46:07-72,scalar,DectScheduledAccessNetwork.queue,lambda_sat_per_ms,,,0.20338983049469
Phase6_Hyperexponential-21-20261001-21:46:07-72,scalar,DectScheduledAccessNetwork.queue,rho_sat,,,0.084745762773916
Phase6_Hyperexponential-21-20261001-21:46:07-72,scalar,DectScheduledAccessNetwork.queue,load_factor_rho_over_rho_sat,,,1.1999999991186
Phase6_Hyperexponential-21-20261001-21:46:07-72,scalar,DectScheduledAccessNetwork.queue,mean_type1_service_ms,,,0.416666667
Phase6_Hyperexponential-21-20261001-21:46:07-72,scalar,DectScheduledAccessNetwork.queue,type1_service_distribution_code,,,2
Phase6_Hyperexponential-21-20261001-21:46:07-72,scalar,DectScheduledAccessNetwork.queue,type1_service_scv,,,4
Phase6_Hyperexponential-21-20261001-21:46:07-72,scalar,DectScheduledAccessNetwork.queue,type2_service_ms,,,9
Phase6_Hyperexponential-21-20261001-21:46:07-72,scalar,DectScheduledAccessNetwork.queue,warmup_type1_completions,,,200000
Phase6_Hyperexponential-21-20261001-21:46:07-72,scalar,DectScheduledAccessNetwork.queue,measured_arrivals,,,1202562
Phase6_Hyperexponential-21-20261001-21:46:07-72,scalar,DectScheduledAccessNetwork.queue,measured_accepted_arrivals,,,1000023
Phase6_Hyperexponential-21-20261001-21:46:07-72,scalar,DectScheduledAccessNetwork.queue,measured_blocked_arrivals,,,202539
Phase6_Hyperexponential-21-20261001-21:46:07-72,scalar,DectScheduledAccessNetwork.queue,measured_completed_packets,,,1000000
Phase6_Hyperexponential-21-20261001-21:46:07-72,scalar,DectScheduledAccessNetwork.queue,observation_time_s,,,4918.3832043935
Phase6_Hyperexponential-21-20261001-21:46:07-72,scalar,DectScheduledAccessNetwork.queue,blocking_probability,,,0.16842291707205
Phase6_Hyperexponential-21-20261001-21:46:07-72,scalar,DectScheduledAccessNetwork.queue,mean_type1_number,,,27.172746506171
Phase6_Hyperexponential-21-20261001-21:46:07-72,scalar,DectScheduledAccessNetwork.queue,mean_delay_direct_ms,,,133.64222397043
Phase6_Hyperexponential-21-20261001-21:46:07-72,scalar,DectScheduledAccessNetwork.queue,delay_p50_ms,,,136.851502134
Phase6_Hyperexponential-21-20261001-21:46:07-72,scalar,DectScheduledAccessNetwork.queue,delay_p95_ms,,,150.3632403004
Phase6_Hyperexponential-21-20261001-21:46:07-72,scalar,DectScheduledAccessNetwork.queue,delay_p99_ms,,,156.20477889213
Phase6_Hyperexponential-21-20261001-21:46:07-72,scalar,DectScheduledAccessNetwork.queue,delay_p999_ms,,,163.53679891989
Phase6_Hyperexponential-21-20261001-21:46:07-72,scalar,DectScheduledAccessNetwork.queue,tail_sample_count,,,1000000
Phase6_Hyperexponential-21-20261001-21:46:07-72,scalar,DectScheduledAccessNetwork.queue,effective_throughput_departures_per_ms,,,0.20331884654834
Phase6_Hyperexponential-21-20261001-21:46:07-72,scalar,DectScheduledAccessNetwork.queue,effective_throughput_accepted_per_ms,,,0.20332352288181
Phase6_Hyperexponential-21-20261001-21:46:07-72,scalar,DectScheduledAccessNetwork.queue,mean_delay_little_ms,,,133.64598003319
Phase6_Hyperexponential-21-20261001-21:46:07-72,scalar,DectScheduledAccessNetwork.queue,little_vs_direct_relative_error,,,2.8105359573871e-05
Phase6_Hyperexponential-21-20261001-21:46:07-72,scalar,DectScheduledAccessNetwork.queue,type1_service_fraction,,,0.085015784052782
Phase6_Hyperexponential-21-20261001-21:46:07-72,scalar,DectScheduledAccessNetwork.queue,type2_service_fraction,,,0.91498421594734
Phase6_Hyperexponential-21-20261001-21:46:07-72,scalar,DectScheduledAccessNetwork.queue,full_type1_fraction,,,0.0045739505611029
Phase6_Hyperexponential-21-20261001-21:46:07-72,scalar,DectScheduledAccessNetwork.queue,full_type2_fraction,,,0.16325068599148
Phase6_Hyperexponential-21-20261001-21:46:07-72,scalar,DectScheduledAccessNetwork.queue,nonfull_state_fraction,,,0.83217536344759
Phase6_Hyperexponential-21-20261001-21:46:07-72,scalar,DectScheduledAccessNetwork.queue,saturated_full_state_fraction,,,0.16782463655259
Phase6_Hyperexponential-21-20261001-21:46:07-72,scalar,DectScheduledAccessNetwork.queue,full_type1_phase_0_fraction,,,0.0033899191401124
Phase6_Hyperexponential-21-20261001-21:46:07-72,scalar,DectScheduledAccessNetwork.queue,full_type1_phase_1_fraction,,,0.0011840314209905
Phase6_Hyperexponential-22-20261001-21:46:07-72,scalar,DectScheduledAccessNetwork.queue,D,,,10
Phase6_Hyperexponential-22-20261001-21:46:07-72,scalar,DectScheduledAccessNetwork.queue,r,,,30
Phase6_Hyperexponential-22-20261001-21:46:07-72,scalar,DectScheduledAccessNetwork.queue,L_effective,,,2
Phase6_Hyperexponential-22-20261001-21:46:07-72,scalar,DectScheduledAccessNetwork.queue,rho,,,0.101694915254
Phase6_Hyperexponential-22-20261001-21:46:07-72,scalar,DectScheduledAccessNetwork.queue,lambda_per_ms,,,0.24406779641435
Phase6_Hyperexponential-22-20261001-21:46:07-72,scalar,DectScheduledAccessNetwork.queue,lambda_sat_per_ms,,,0.20338983049469
Phase6_Hyperexponential-22-20261001-21:46:07-72,scalar,DectScheduledAccessNetwork.queue,rho_sat,,,0.084745762773916
Phase6_Hyperexponential-22-20261001-21:46:07-72,scalar,DectScheduledAccessNetwork.queue,load_factor_rho_over_rho_sat,,,1.1999999991186
Phase6_Hyperexponential-22-20261001-21:46:07-72,scalar,DectScheduledAccessNetwork.queue,mean_type1_service_ms,,,0.416666667
Phase6_Hyperexponential-22-20261001-21:46:07-72,scalar,DectScheduledAccessNetwork.queue,type1_service_distribution_code,,,2
Phase6_Hyperexponential-22-20261001-21:46:07-72,scalar,DectScheduledAccessNetwork.queue,type1_service_scv,,,4
Phase6_Hyperexponential-22-20261001-21:46:07-72,scalar,DectScheduledAccessNetwork.queue,type2_service_ms,,,9
Phase6_Hyperexponential-22-20261001-21:46:07-72,scalar,DectScheduledAccessNetwork.queue,warmup_type1_completions,,,200000
Phase6_Hyperexponential-22-20261001-21:46:07-72,scalar,DectScheduledAccessNetwork.queue,measured_arrivals,,,1199909
Phase6_Hyperexponential-22-20261001-21:46:07-72,scalar,DectScheduledAccessNetwork.queue,measured_accepted_arrivals,,,1000025
Phase6_Hyperexponential-22-20261001-21:46:07-72,scalar,DectScheduledAccessNetwork.queue,measured_blocked_arrivals,,,199884
Phase6_Hyperexponential-22-20261001-21:46:07-72,scalar,DectScheduledAccessNetwork.queue,measured_completed_packets,,,1000000
Phase6_Hyperexponential-22-20261001-21:46:07-72,scalar,DectScheduledAccessNetwork.queue,observation_time_s,,,4918.7354451024
Phase6_Hyperexponential-22-20261001-21:46:07-72,scalar,DectScheduledAccessNetwork.queue,blocking_probability,,,0.1665826325163
Phase6_Hyperexponential-22-20261001-21:46:07-72,scalar,DectScheduledAccessNetwork.queue,mean_type1_number,,,27.135887846644
Phase6_Hyperexponential-22-20261001-21:46:07-72,scalar,DectScheduledAccessNetwork.queue,mean_delay_direct_ms,,,133.47077174741
Phase6_Hyperexponential-22-20261001-21:46:07-72,scalar,DectScheduledAccessNetwork.queue,delay_p50_ms,,,136.78654094
Phase6_Hyperexponential-22-20261001-21:46:07-72,scalar,DectScheduledAccessNetwork.queue,delay_p95_ms,,,150.3535906661
Phase6_Hyperexponential-22-20261001-21:46:07-72,scalar,DectScheduledAccessNetwork.queue,delay_p99_ms,,,156.10366555842
Phase6_Hyperexponential-22-20261001-21:46:07-72,scalar,DectScheduledAccessNetwork.queue,delay_p999_ms,,,162.82804675733
Phase6_Hyperexponential-22-20261001-21:46:07-72,scalar,DectScheduledAccessNetwork.queue,tail_sample_count,,,1000000
Phase6_Hyperexponential-22-20261001-21:46:07-72,scalar,DectScheduledAccessNetwork.queue,effective_throughput_departures_per_ms,,,0.20330428646975
Phase6_Hyperexponential-22-20261001-21:46:07-72,scalar,DectScheduledAccessNetwork.queue,effective_throughput_accepted_per_ms,,,0.20330936907691
Phase6_Hyperexponential-22-20261001-21:46:07-72,scalar,DectScheduledAccessNetwork.queue,mean_delay_little_ms,,,133.47425338561
Phase6_Hyperexponential-22-20261001-21:46:07-72,scalar,DectScheduledAccessNetwork.queue,little_vs_direct_relative_error,,,2.6085398025399e-05
Phase6_Hyperexponential-22-20261001-21:46:07-72,scalar,DectScheduledAccessNetwork.queue,type1_service_fraction,,,0.085101435068888
Phase6_Hyperexponential-22-20261001-21:46:07-72,scalar,DectScheduledAccessNetwork.queue,type2_service_fraction,,,0.91489856493131
Phase6_Hyperexponential-22-20261001-21:46:07-72,scalar,DectScheduledAccessNetwork.queue,full_type1_fraction,,,0.0045893211261637
Phase6_Hyperexponential-22-20261001-21:46:07-72,scalar,DectScheduledAccessNetwork.queue,full_type2_fraction,,,0.16187779726719
Phase6_Hyperexponential-22-20261001-21:46:07-72,scalar,DectScheduledAccessNetwork.queue,nonfull_state_fraction,,,0.83353288160679
Phase6_Hyperexponential-22-20261001-21:46:07-72,scalar,DectScheduledAccessNetwork.queue,saturated_full_state_fraction,,,0.16646711839335
Phase6_Hyperexponential-22-20261001-21:46:07-72,scalar,DectScheduledAccessNetwork.queue,full_type1_phase_0_fraction,,,0.0033819837506747
Phase6_Hyperexponential-22-20261001-21:46:07-72,scalar,DectScheduledAccessNetwork.queue,full_type1_phase_1_fraction,,,0.0012073373754891
Phase6_Hyperexponential-23-20261001-21:46:08-72,scalar,DectScheduledAccessNetwork.queue,D,,,10
Phase6_Hyperexponential-23-20261001-21:46:08-72,scalar,DectScheduledAccessNetwork.queue,r,,,30
Phase6_Hyperexponential-23-20261001-21:46:08-72,scalar,DectScheduledAccessNetwork.queue,L_effective,,,2
Phase6_Hyperexponential-23-20261001-21:46:08-72,scalar,DectScheduledAccessNetwork.queue,rho,,,0.101694915254
Phase6_Hyperexponential-23-20261001-21:46:08-72,scalar,DectScheduledAccessNetwork.queue,lambda_per_ms,,,0.24406779641435
Phase6_Hyperexponential-23-20261001-21:46:08-72,scalar,DectScheduledAccessNetwork.queue,lambda_sat_per_ms,,,0.20338983049469
Phase6_Hyperexponential-23-20261001-21:46:08-72,scalar,DectScheduledAccessNetwork.queue,rho_sat,,,0.084745762773916
Phase6_Hyperexponential-23-20261001-21:46:08-72,scalar,DectScheduledAccessNetwork.queue,load_factor_rho_over_rho_sat,,,1.1999999991186
Phase6_Hyperexponential-23-20261001-21:46:08-72,scalar,DectScheduledAccessNetwork.queue,mean_type1_service_ms,,,0.416666667
Phase6_Hyperexponential-23-20261001-21:46:08-72,scalar,DectScheduledAccessNetwork.queue,type1_service_distribution_code,,,2
Phase6_Hyperexponential-23-20261001-21:46:08-72,scalar,DectScheduledAccessNetwork.queue,type1_service_scv,,,4
Phase6_Hyperexponential-23-20261001-21:46:08-72,scalar,DectScheduledAccessNetwork.queue,type2_service_ms,,,9
Phase6_Hyperexponential-23-20261001-21:46:08-72,scalar,DectScheduledAccessNetwork.queue,warmup_type1_completions,,,200000
Phase6_Hyperexponential-23-20261001-21:46:08-72,scalar,DectScheduledAccessNetwork.queue,measured_arrivals,,,1197954
Phase6_Hyperexponential-23-20261001-21:46:08-72,scalar,DectScheduledAccessNetwork.queue,measured_accepted_arrivals,,,1000029
Phase6_Hyperexponential-23-20261001-21:46:08-72,scalar,DectScheduledAccessNetwork.queue,measured_blocked_arrivals,,,197925
Phase6_Hyperexponential-23-20261001-21:46:08-72,scalar,DectScheduledAccessNetwork.queue,measured_completed_packets,,,1000000
Phase6_Hyperexponential-23-20261001-21:46:08-72,scalar,DectScheduledAccessNetwork.queue,observation_time_s,,,4917.3503031549
Phase6_Hyperexponential-23-20261001-21:46:08-72,scalar,DectScheduledAccessNetwork.queue,blocking_probability,,,0.16521919873384
Phase6_Hyperexponential-23-20261001-21:46:08-72,scalar,DectScheduledAccessNetwork.queue,mean_type1_number,,,27.118838489509
Phase6_Hyperexponential-23-20261001-21:46:08-72,scalar,DectScheduledAccessNetwork.queue,mean_delay_direct_ms,,,133.34911039786
Phase6_Hyperexponential-23-20261001-21:46:08-72,scalar,DectScheduledAccessNetwork.queue,delay_p50_ms,,,136.695653788
Phase6_Hyperexponential-23-20261001-21:46:08-72,scalar,DectScheduledAccessNetwork.queue,delay_p95_ms,,,150.29163463145
Phase6_Hyperexponential-23-20261001-21:46:08-72,scalar,DectScheduledAccessNetwork.queue,delay_p99_ms,,,156.09665745882
Phase6_Hyperexponential-23-20261001-21:46:08-72,scalar,DectScheduledAccessNetwork.queue,delay_p999_ms,,,163.54544722396
Phase6_Hyperexponential-23-20261001-21:46:08-72,scalar,DectScheduledAccessNetwork.queue,tail_sample_count,,,1000000
Phase6_Hyperexponential-23-20261001-21:46:08-72,scalar,DectScheduledAccessNetwork.queue,effective_throughput_departures_per_ms,,,0.20336155416026
Phase6_Hyperexponential-23-20261001-21:46:08-72,scalar,DectScheduledAccessNetwork.queue,effective_throughput_accepted_per_ms,,,0.20336745164533
Phase6_Hyperexponential-23-20261001-21:46:08-72,scalar,DectScheduledAccessNetwork.queue,mean_delay_little_ms,,,133.3528286676
Phase6_Hyperexponential-23-20261001-21:46:08-72,scalar,DectScheduledAccessNetwork.queue,little_vs_direct_relative_error,,,2.7883723576538e-05
Phase6_Hyperexponential-23-20261001-21:46:08-72,scalar,DectScheduledAccessNetwork.queue,type1_service_fraction,,,0.084840061707057
Phase6_Hyperexponential-23-20261001-21:46:08-72,scalar,DectScheduledAccessNetwork.queue,type2_service_fraction,,,0.91515993829311
Phase6_Hyperexponential-23-20261001-21:46:08-72,scalar,DectScheduledAccessNetwork.queue,full_type1_fraction,,,0.0044631549535552
Phase6_Hyperexponential-23-20261001-21:46:08-72,scalar,DectScheduledAccessNetwork.queue,full_type2_fraction,,,0.16109056822672
Phase6_Hyperexponential-23-20261001-21:46:08-72,scalar,DectScheduledAccessNetwork.queue,nonfull_state_fraction,,,0.83444627681985
Phase6_Hyperexponential-23-20261001-21:46:08-72,scalar,DectScheduledAccessNetwork.queue,saturated_full_state_fraction,,,0.16555372318027
Phase6_Hyperexponential-23-20261001-21:46:08-72,scalar,DectScheduledAccessNetwork.queue,full_type1_phase_0_fraction,,,0.0033159239336375
Phase6_Hyperexponential-23-20261001-21:46:08-72,scalar,DectScheduledAccessNetwork.queue,full_type1_phase_1_fraction,,,0.0011472310199177
Phase6_Hyperexponential-24-20261001-21:46:08-72,scalar,DectScheduledAccessNetwork.queue,D,,,10
Phase6_Hyperexponential-24-20261001-21:46:08-72,scalar,DectScheduledAccessNetwork.queue,r,,,30
Phase6_Hyperexponential-24-20261001-21:46:08-72,scalar,DectScheduledAccessNetwork.queue,L_effective,,,2
Phase6_Hyperexponential-24-20261001-21:46:08-72,scalar,DectScheduledAccessNetwork.queue,rho,,,0.101694915254
Phase6_Hyperexponential-24-20261001-21:46:08-72,scalar,DectScheduledAccessNetwork.queue,lambda_per_ms,,,0.24406779641435
Phase6_Hyperexponential-24-20261001-21:46:08-72,scalar,DectScheduledAccessNetwork.queue,lambda_sat_per_ms,,,0.20338983049469
Phase6_Hyperexponential-24-20261001-21:46:08-72,scalar,DectScheduledAccessNetwork.queue,rho_sat,,,0.084745762773916
Phase6_Hyperexponential-24-20261001-21:46:08-72,scalar,DectScheduledAccessNetwork.queue,load_factor_rho_over_rho_sat,,,1.1999999991186
Phase6_Hyperexponential-24-20261001-21:46:08-72,scalar,DectScheduledAccessNetwork.queue,mean_type1_service_ms,,,0.416666667
Phase6_Hyperexponential-24-20261001-21:46:08-72,scalar,DectScheduledAccessNetwork.queue,type1_service_distribution_code,,,2
Phase6_Hyperexponential-24-20261001-21:46:08-72,scalar,DectScheduledAccessNetwork.queue,type1_service_scv,,,4
Phase6_Hyperexponential-24-20261001-21:46:08-72,scalar,DectScheduledAccessNetwork.queue,type2_service_ms,,,9
Phase6_Hyperexponential-24-20261001-21:46:08-72,scalar,DectScheduledAccessNetwork.queue,warmup_type1_completions,,,200000
Phase6_Hyperexponential-24-20261001-21:46:08-72,scalar,DectScheduledAccessNetwork.queue,measured_arrivals,,,1199915
Phase6_Hyperexponential-24-20261001-21:46:08-72,scalar,DectScheduledAccessNetwork.queue,measured_accepted_arrivals,,,1000027
Phase6_Hyperexponential-24-20261001-21:46:08-72,scalar,DectScheduledAccessNetwork.queue,measured_blocked_arrivals,,,199888
Phase6_Hyperexponential-24-20261001-21:46:08-72,scalar,DectScheduledAccessNetwork.queue,measured_completed_packets,,,1000000
Phase6_Hyperexponential-24-20261001-21:46:08-72,scalar,DectScheduledAccessNetwork.queue,observation_time_s,,,4917.1368602202
Phase6_Hyperexponential-24-20261001-21:46:08-72,scalar,DectScheduledAccessNetwork.queue,blocking_probability,,,0.1665851331136
Phase6_Hyperexponential-24-20261001-21:46:08-72,scalar,DectScheduledAccessNetwork.queue,mean_type1_number,,,27.156188625867
Phase6_Hyperexponential-24-20261001-21:46:08-72,scalar,DectScheduledAccessNetwork.queue,mean_delay_direct_ms,,,133.52660903635
Phase6_Hyperexponential-24-20261001-21:46:08-72,scalar,DectScheduledAccessNetwork.queue,delay_p50_ms,,,136.7681063125
Phase6_Hyperexponential-24-20261001-21:46:08-72,scalar,DectScheduledAccessNetwork.queue,delay_p95_ms,,,150.3141216211
Phase6_Hyperexponential-24-20261001-21:46:08-72,scalar,DectScheduledAccessNetwork.queue,delay_p99_ms,,,156.22658773606
Phase6_Hyperexponential-24-20261001-21:46:08-72,scalar,DectScheduledAccessNetwork.queue,delay_p999_ms,,,163.78539958307
Phase6_Hyperexponential-24-20261001-21:46:08-72,scalar,DectScheduledAccessNetwork.queue,tail_sample_count,,,1000000
Phase6_Hyperexponential-24-20261001-21:46:08-72,scalar,DectScheduledAccessNetwork.queue,effective_throughput_departures_per_ms,,,0.20337038167273
Phase6_Hyperexponential-24-20261001-21:46:08-72,scalar,DectScheduledAccessNetwork.queue,effective_throughput_accepted_per_ms,,,0.20337587267303
Phase6_Hyperexponential-24-20261001-21:46:08-72,scalar,DectScheduledAccessNetwork.queue,mean_delay_little_ms,,,133.53069607534
Phase6_Hyperexponential-24-20261001-21:46:08-72,scalar,DectScheduledAccessNetwork.queue,little_vs_direct_relative_error,,,3.0608423432055e-05
Phase6_Hyperexponential-24-20261001-21:46:08-72,scalar,DectScheduledAccessNetwork.queue,type1_service_fraction,,,0.084802166804345
Phase6_Hyperexponential-24-20261001-21:46:08-72,scalar,DectScheduledAccessNetwork.queue,type2_service_fraction,,,0.91519783319578
Phase6_Hyperexponential-24-20261001-21:46:08-72,scalar,DectScheduledAccessNetwork.queue,full_type1_fraction,,,0.0046136352592867
Phase6_Hyperexponential-24-20261001-21:46:08-72,scalar,DectScheduledAccessNetwork.queue,full_type2_fraction,,,0.16173635636267
Phase6_Hyperexponential-24-20261001-21:46:08-72,scalar,DectScheduledAccessNetwork.queue,nonfull_state_fraction,,,0.83365000837816
Phase6_Hyperexponential-24-20261001-21:46:08-72,scalar,DectScheduledAccessNetwork.queue,saturated_full_state_fraction,,,0.16634999162195
Phase6_Hyperexponential-24-20261001-21:46:08-72,scalar,DectScheduledAccessNetwork.queue,full_type1_phase_0_fraction,,,0.0034273635172722
Phase6_Hyperexponential-24-20261001-21:46:08-72,scalar,DectScheduledAccessNetwork.queue,full_type1_phase_1_fraction,,,0.0011862717420145
Phase6_Hyperexponential-25-20261001-21:46:08-72,scalar,DectScheduledAccessNetwork.queue,D,,,10
Phase6_Hyperexponential-25-20261001-21:46:08-72,scalar,DectScheduledAccessNetwork.queue,r,,,30
Phase6_Hyperexponential-25-20261001-21:46:08-72,scalar,DectScheduledAccessNetwork.queue,L_effective,,,2
Phase6_Hyperexponential-25-20261001-21:46:08-72,scalar,DectScheduledAccessNetwork.queue,rho,,,0.101694915254
Phase6_Hyperexponential-25-20261001-21:46:08-72,scalar,DectScheduledAccessNetwork.queue,lambda_per_ms,,,0.24406779641435
Phase6_Hyperexponential-25-20261001-21:46:08-72,scalar,DectScheduledAccessNetwork.queue,lambda_sat_per_ms,,,0.20338983049469
Phase6_Hyperexponential-25-20261001-21:46:08-72,scalar,DectScheduledAccessNetwork.queue,rho_sat,,,0.084745762773916
Phase6_Hyperexponential-25-20261001-21:46:08-72,scalar,DectScheduledAccessNetwork.queue,load_factor_rho_over_rho_sat,,,1.1999999991186
Phase6_Hyperexponential-25-20261001-21:46:08-72,scalar,DectScheduledAccessNetwork.queue,mean_type1_service_ms,,,0.416666667
Phase6_Hyperexponential-25-20261001-21:46:08-72,scalar,DectScheduledAccessNetwork.queue,type1_service_distribution_code,,,2
Phase6_Hyperexponential-25-20261001-21:46:08-72,scalar,DectScheduledAccessNetwork.queue,type1_service_scv,,,4
Phase6_Hyperexponential-25-20261001-21:46:08-72,scalar,DectScheduledAccessNetwork.queue,type2_service_ms,,,9
Phase6_Hyperexponential-25-20261001-21:46:08-72,scalar,DectScheduledAccessNetwork.queue,warmup_type1_completions,,,200000
Phase6_Hyperexponential-25-20261001-21:46:08-72,scalar,DectScheduledAccessNetwork.queue,measured_arrivals,,,1199651
Phase6_Hyperexponential-25-20261001-21:46:08-72,scalar,DectScheduledAccessNetwork.queue,measured_accepted_arrivals,,,1000028
Phase6_Hyperexponential-25-20261001-21:46:08-72,scalar,DectScheduledAccessNetwork.queue,measured_blocked_arrivals,,,199623
Phase6_Hyperexponential-25-20261001-21:46:08-72,scalar,DectScheduledAccessNetwork.queue,measured_completed_packets,,,1000000
Phase6_Hyperexponential-25-20261001-21:46:08-72,scalar,DectScheduledAccessNetwork.queue,observation_time_s,,,4917.050618534
Phase6_Hyperexponential-25-20261001-21:46:08-72,scalar,DectScheduledAccessNetwork.queue,blocking_probability,,,0.16640089492694
Phase6_Hyperexponential-25-20261001-21:46:08-72,scalar,DectScheduledAccessNetwork.queue,mean_type1_number,,,27.146878884701
Phase6_Hyperexponential-25-20261001-21:46:08-72,scalar,DectScheduledAccessNetwork.queue,mean_delay_direct_ms,,,133.47841587316
Phase6_Hyperexponential-25-20261001-21:46:08-72,scalar,DectScheduledAccessNetwork.queue,delay_p50_ms,,,136.732589927
Phase6_Hyperexponential-25-20261001-21:46:08-72,scalar,DectScheduledAccessNetwork.queue,delay_p95_ms,,,150.2767988097
Phase6_Hyperexponential-25-20261001-21:46:08-72,scalar,DectScheduledAccessNetwork.queue,delay_p99_ms,,,156.04871465831
Phase6_Hyperexponential-25-20261001-21:46:08-72,scalar,DectScheduledAccessNetwork.queue,delay_p999_ms,,,163.11941887264
Phase6_Hyperexponential-25-20261001-21:46:08-72,scalar,DectScheduledAccessNetwork.queue,tail_sample_count,,,1000000
Phase6_Hyperexponential-25-20261001-21:46:08-72,scalar,DectScheduledAccessNetwork.queue,effective_throughput_departures_per_ms,,,0.20337394864935
Phase6_Hyperexponential-25-20261001-21:46:08-72,scalar,DectScheduledAccessNetwork.queue,effective_throughput_accepted_per_ms,,,0.20337964311991
Phase6_Hyperexponential-25-20261001-21:46:08-72,scalar,DectScheduledAccessNetwork.queue,mean_delay_little_ms,,,133.48257761129
Phase6_Hyperexponential-25-20261001-21:46:08-72,scalar,DectScheduledAccessNetwork.queue,little_vs_direct_relative_error,,,3.1179109363011e-05
Phase6_Hyperexponential-25-20261001-21:46:08-72,scalar,DectScheduledAccessNetwork.queue,type1_service_fraction,,,0.084791605960391
Phase6_Hyperexponential-25-20261001-21:46:08-72,scalar,DectScheduledAccessNetwork.queue,type2_service_fraction,,,0.91520839403975
Phase6_Hyperexponential-25-20261001-21:46:08-72,scalar,DectScheduledAccessNetwork.queue,full_type1_fraction,,,0.0045615753390331
Phase6_Hyperexponential-25-20261001-21:46:08-72,scalar,DectScheduledAccessNetwork.queue,full_type2_fraction,,,0.16160148920484
Phase6_Hyperexponential-25-20261001-21:46:08-72,scalar,DectScheduledAccessNetwork.queue,nonfull_state_fraction,,,0.83383693545625
Phase6_Hyperexponential-25-20261001-21:46:08-72,scalar,DectScheduledAccessNetwork.queue,saturated_full_state_fraction,,,0.16616306454387
Phase6_Hyperexponential-25-20261001-21:46:08-72,scalar,DectScheduledAccessNetwork.queue,full_type1_phase_0_fraction,,,0.0034622579003613
Phase6_Hyperexponential-25-20261001-21:46:08-72,scalar,DectScheduledAccessNetwork.queue,full_type1_phase_1_fraction,,,0.0010993174386717
Phase6_Hyperexponential-26-20261001-21:46:09-72,scalar,DectScheduledAccessNetwork.queue,D,,,10
Phase6_Hyperexponential-26-20261001-21:46:09-72,scalar,DectScheduledAccessNetwork.queue,r,,,30
Phase6_Hyperexponential-26-20261001-21:46:09-72,scalar,DectScheduledAccessNetwork.queue,L_effective,,,2
Phase6_Hyperexponential-26-20261001-21:46:09-72,scalar,DectScheduledAccessNetwork.queue,rho,,,0.101694915254
Phase6_Hyperexponential-26-20261001-21:46:09-72,scalar,DectScheduledAccessNetwork.queue,lambda_per_ms,,,0.24406779641435
Phase6_Hyperexponential-26-20261001-21:46:09-72,scalar,DectScheduledAccessNetwork.queue,lambda_sat_per_ms,,,0.20338983049469
Phase6_Hyperexponential-26-20261001-21:46:09-72,scalar,DectScheduledAccessNetwork.queue,rho_sat,,,0.084745762773916
Phase6_Hyperexponential-26-20261001-21:46:09-72,scalar,DectScheduledAccessNetwork.queue,load_factor_rho_over_rho_sat,,,1.1999999991186
Phase6_Hyperexponential-26-20261001-21:46:09-72,scalar,DectScheduledAccessNetwork.queue,mean_type1_service_ms,,,0.416666667
Phase6_Hyperexponential-26-20261001-21:46:09-72,scalar,DectScheduledAccessNetwork.queue,type1_service_distribution_code,,,2
Phase6_Hyperexponential-26-20261001-21:46:09-72,scalar,DectScheduledAccessNetwork.queue,type1_service_scv,,,4
Phase6_Hyperexponential-26-20261001-21:46:09-72,scalar,DectScheduledAccessNetwork.queue,type2_service_ms,,,9
Phase6_Hyperexponential-26-20261001-21:46:09-72,scalar,DectScheduledAccessNetwork.queue,warmup_type1_completions,,,200000
Phase6_Hyperexponential-26-20261001-21:46:09-72,scalar,DectScheduledAccessNetwork.queue,measured_arrivals,,,1200606
Phase6_Hyperexponential-26-20261001-21:46:09-72,scalar,DectScheduledAccessNetwork.queue,measured_accepted_arrivals,,,1000029
Phase6_Hyperexponential-26-20261001-21:46:09-72,scalar,DectScheduledAccessNetwork.queue,measured_blocked_arrivals,,,200577
Phase6_Hyperexponential-26-20261001-21:46:09-72,scalar,DectScheduledAccessNetwork.queue,measured_completed_packets,,,1000000
Phase6_Hyperexponential-26-20261001-21:46:09-72,scalar,DectScheduledAccessNetwork.queue,observation_time_s,,,4916.8414876907
Phase6_Hyperexponential-26-20261001-21:46:09-72,scalar,DectScheduledAccessNetwork.queue,blocking_probability,,,0.16706313311778
Phase6_Hyperexponential-26-20261001-21:46:09-72,scalar,DectScheduledAccessNetwork.queue,mean_type1_number,,,27.140024764969
Phase6_Hyperexponential-26-20261001-21:46:09-72,scalar,DectScheduledAccessNetwork.queue,mean_delay_direct_ms,,,133.43905734386
Phase6_Hyperexponential-26-20261001-21:46:09-72,scalar,DectScheduledAccessNetwork.queue,delay_p50_ms,,,136.768413044
Phase6_Hyperexponential-26-20261001-21:46:09-72,scalar,DectScheduledAccessNetwork.queue,delay_p95_ms,,,150.37155931095
Phase6_Hyperexponential-26-20261001-21:46:09-72,scalar,DectScheduledAccessNetwork.queue,delay_p99_ms,,,156.22054295662
Phase6_Hyperexponential-26-20261001-21:46:09-72,scalar,DectScheduledAccessNetwork.queue,delay_p999_ms,,,163.43979859443
Phase6_Hyperexponential-26-20261001-21:46:09-72,scalar,DectScheduledAccessNetwork.queue,tail_sample_count,,,1000000
Phase6_Hyperexponential-26-20261001-21:46:09-72,scalar,DectScheduledAccessNetwork.queue,effective_throughput_departures_per_ms,,,0.20338259887033
Phase6_Hyperexponential-26-20261001-21:46:09-72,scalar,DectScheduledAccessNetwork.queue,effective_throughput_accepted_per_ms,,,0.2033884969657
Phase6_Hyperexponential-26-20261001-21:46:09-72,scalar,DectScheduledAccessNetwork.queue,mean_delay_little_ms,,,133.44319974135
Phase6_Hyperexponential-26-20261001-21:46:09-72,scalar,DectScheduledAccessNetwork.queue,little_vs_direct_relative_error,,,3.104336595916e-05
Phase6_Hyperexponential-26-20261001-21:46:09-72,scalar,DectScheduledAccessNetwork.queue,type1_service_fraction,,,0.084745357102485
Phase6_Hyperexponential-26-20261001-21:46:09-72,scalar,DectScheduledAccessNetwork.queue,type2_service_fraction,,,0.91525464289767
Phase6_Hyperexponential-26-20261001-21:46:09-72,scalar,DectScheduledAccessNetwork.queue,full_type1_fraction,,,0.0045850888706944
Phase6_Hyperexponential-26-20261001-21:46:09-72,scalar,DectScheduledAccessNetwork.queue,full_type2_fraction,,,0.16255623265444
Phase6_Hyperexponential-26-20261001-21:46:09-72,scalar,DectScheduledAccessNetwork.queue,nonfull_state_fraction,,,0.83285867847497
Phase6_Hyperexponential-26-20261001-21:46:09-72,scalar,DectScheduledAccessNetwork.queue,saturated_full_state_fraction,,,0.16714132152514
Phase6_Hyperexponential-26-20261001-21:46:09-72,scalar,DectScheduledAccessNetwork.queue,full_type1_phase_0_fraction,,,0.0033749062738437
Phase6_Hyperexponential-26-20261001-21:46:09-72,scalar,DectScheduledAccessNetwork.queue,full_type1_phase_1_fraction,,,0.0012101825968508
Phase6_Hyperexponential-27-20261001-21:46:09-72,scalar,DectScheduledAccessNetwork.queue,D,,,10
Phase6_Hyperexponential-27-20261001-21:46:09-72,scalar,DectScheduledAccessNetwork.queue,r,,,30
Phase6_Hyperexponential-27-20261001-21:46:09-72,scalar,DectScheduledAccessNetwork.queue,L_effective,,,2
Phase6_Hyperexponential-27-20261001-21:46:09-72,scalar,DectScheduledAccessNetwork.queue,rho,,,0.101694915254
Phase6_Hyperexponential-27-20261001-21:46:09-72,scalar,DectScheduledAccessNetwork.queue,lambda_per_ms,,,0.24406779641435
Phase6_Hyperexponential-27-20261001-21:46:09-72,scalar,DectScheduledAccessNetwork.queue,lambda_sat_per_ms,,,0.20338983049469
Phase6_Hyperexponential-27-20261001-21:46:09-72,scalar,DectScheduledAccessNetwork.queue,rho_sat,,,0.084745762773916
Phase6_Hyperexponential-27-20261001-21:46:09-72,scalar,DectScheduledAccessNetwork.queue,load_factor_rho_over_rho_sat,,,1.1999999991186
Phase6_Hyperexponential-27-20261001-21:46:09-72,scalar,DectScheduledAccessNetwork.queue,mean_type1_service_ms,,,0.416666667
Phase6_Hyperexponential-27-20261001-21:46:09-72,scalar,DectScheduledAccessNetwork.queue,type1_service_distribution_code,,,2
Phase6_Hyperexponential-27-20261001-21:46:09-72,scalar,DectScheduledAccessNetwork.queue,type1_service_scv,,,4
Phase6_Hyperexponential-27-20261001-21:46:09-72,scalar,DectScheduledAccessNetwork.queue,type2_service_ms,,,9
Phase6_Hyperexponential-27-20261001-21:46:09-72,scalar,DectScheduledAccessNetwork.queue,warmup_type1_completions,,,200000
Phase6_Hyperexponential-27-20261001-21:46:09-72,scalar,DectScheduledAccessNetwork.queue,measured_arrivals,,,1199172
Phase6_Hyperexponential-27-20261001-21:46:09-72,scalar,DectScheduledAccessNetwork.queue,measured_accepted_arrivals,,,1000026
Phase6_Hyperexponential-27-20261001-21:46:09-72,scalar,DectScheduledAccessNetwork.queue,measured_blocked_arrivals,,,199146
Phase6_Hyperexponential-27-20261001-21:46:09-72,scalar,DectScheduledAccessNetwork.queue,measured_completed_packets,,,1000000
Phase6_Hyperexponential-27-20261001-21:46:09-72,scalar,DectScheduledAccessNetwork.queue,observation_time_s,,,4916.6589969628
Phase6_Hyperexponential-27-20261001-21:46:09-72,scalar,DectScheduledAccessNetwork.queue,blocking_probability,,,0.16606958801573
Phase6_Hyperexponential-27-20261001-21:46:09-72,scalar,DectScheduledAccessNetwork.queue,mean_type1_number,,,27.130745045017
Phase6_Hyperexponential-27-20261001-21:46:09-72,scalar,DectScheduledAccessNetwork.queue,mean_delay_direct_ms,,,133.38974587117
Phase6_Hyperexponential-27-20261001-21:46:09-72,scalar,DectScheduledAccessNetwork.queue,delay_p50_ms,,,136.7118644685
Phase6_Hyperexponential-27-20261001-21:46:09-72,scalar,DectScheduledAccessNetwork.queue,delay_p95_ms,,,150.3167054919
Phase6_Hyperexponential-27-20261001-21:46:09-72,scalar,DectScheduledAccessNetwork.queue,delay_p99_ms,,,156.08890275986
Phase6_Hyperexponential-27-20261001-21:46:09-72,scalar,DectScheduledAccessNetwork.queue,delay_p999_ms,,,163.21644588553
Phase6_Hyperexponential-27-20261001-21:46:09-72,scalar,DectScheduledAccessNetwork.queue,tail_sample_count,,,1000000
Phase6_Hyperexponential-27-20261001-21:46:09-72,scalar,DectScheduledAccessNetwork.queue,effective_throughput_departures_per_ms,,,0.20339014778485
Phase6_Hyperexponential-27-20261001-21:46:09-72,scalar,DectScheduledAccessNetwork.queue,effective_throughput_accepted_per_ms,,,0.2033954359287
Phase6_Hyperexponential-27-20261001-21:46:09-72,scalar,DectScheduledAccessNetwork.queue,mean_delay_little_ms,,,133.39262171989
Phase6_Hyperexponential-27-20261001-21:46:09-72,scalar,DectScheduledAccessNetwork.queue,little_vs_direct_relative_error,,,2.1559743587085e-05
Phase6_Hyperexponential-27-20261001-21:46:09-72,scalar,DectScheduledAccessNetwork.queue,type1_service_fraction,,,0.084718707809541
Phase6_Hyperexponential-27-20261001-21:46:09-72,scalar,DectScheduledAccessNetwork.queue,type2_service_fraction,,,0.91528129219063
Phase6_Hyperexponential-27-20261001-21:46:09-72,scalar,DectScheduledAccessNetwork.queue,full_type1_fraction,,,0.0045200493031447
Phase6_Hyperexponential-27-20261001-21:46:09-72,scalar,DectScheduledAccessNetwork.queue,full_type2_fraction,,,0.16145290477664
Phase6_Hyperexponential-27-20261001-21:46:09-72,scalar,DectScheduledAccessNetwork.queue,nonfull_state_fraction,,,0.83402704592042
Phase6_Hyperexponential-27-20261001-21:46:09-72,scalar,DectScheduledAccessNetwork.queue,saturated_full_state_fraction,,,0.16597295407978
Phase6_Hyperexponential-27-20261001-21:46:09-72,scalar,DectScheduledAccessNetwork.queue,full_type1_phase_0_fraction,,,0.0033762337542472
Phase6_Hyperexponential-27-20261001-21:46:09-72,scalar,DectScheduledAccessNetwork.queue,full_type1_phase_1_fraction,,,0.0011438155488975
Phase6_Hyperexponential-28-20261001-21:46:09-72,scalar,DectScheduledAccessNetwork.queue,D,,,10
Phase6_Hyperexponential-28-20261001-21:46:09-72,scalar,DectScheduledAccessNetwork.queue,r,,,30
Phase6_Hyperexponential-28-20261001-21:46:09-72,scalar,DectScheduledAccessNetwork.queue,L_effective,,,2
Phase6_Hyperexponential-28-20261001-21:46:09-72,scalar,DectScheduledAccessNetwork.queue,rho,,,0.101694915254
Phase6_Hyperexponential-28-20261001-21:46:09-72,scalar,DectScheduledAccessNetwork.queue,lambda_per_ms,,,0.24406779641435
Phase6_Hyperexponential-28-20261001-21:46:09-72,scalar,DectScheduledAccessNetwork.queue,lambda_sat_per_ms,,,0.20338983049469
Phase6_Hyperexponential-28-20261001-21:46:09-72,scalar,DectScheduledAccessNetwork.queue,rho_sat,,,0.084745762773916
Phase6_Hyperexponential-28-20261001-21:46:09-72,scalar,DectScheduledAccessNetwork.queue,load_factor_rho_over_rho_sat,,,1.1999999991186
Phase6_Hyperexponential-28-20261001-21:46:09-72,scalar,DectScheduledAccessNetwork.queue,mean_type1_service_ms,,,0.416666667
Phase6_Hyperexponential-28-20261001-21:46:09-72,scalar,DectScheduledAccessNetwork.queue,type1_service_distribution_code,,,2
Phase6_Hyperexponential-28-20261001-21:46:09-72,scalar,DectScheduledAccessNetwork.queue,type1_service_scv,,,4
Phase6_Hyperexponential-28-20261001-21:46:09-72,scalar,DectScheduledAccessNetwork.queue,type2_service_ms,,,9
Phase6_Hyperexponential-28-20261001-21:46:09-72,scalar,DectScheduledAccessNetwork.queue,warmup_type1_completions,,,200000
Phase6_Hyperexponential-28-20261001-21:46:09-72,scalar,DectScheduledAccessNetwork.queue,measured_arrivals,,,1202950
Phase6_Hyperexponential-28-20261001-21:46:09-72,scalar,DectScheduledAccessNetwork.queue,measured_accepted_arrivals,,,1000024
Phase6_Hyperexponential-28-20261001-21:46:09-72,scalar,DectScheduledAccessNetwork.queue,measured_blocked_arrivals,,,202926
Phase6_Hyperexponential-28-20261001-21:46:09-72,scalar,DectScheduledAccessNetwork.queue,measured_completed_packets,,,1000000
Phase6_Hyperexponential-28-20261001-21:46:09-72,scalar,DectScheduledAccessNetwork.queue,observation_time_s,,,4916.7080009875
Phase6_Hyperexponential-28-20261001-21:46:09-72,scalar,DectScheduledAccessNetwork.queue,blocking_probability,,,0.16869030300511
Phase6_Hyperexponential-28-20261001-21:46:09-72,scalar,DectScheduledAccessNetwork.queue,mean_type1_number,,,27.195095986941
Phase6_Hyperexponential-28-20261001-21:46:09-72,scalar,DectScheduledAccessNetwork.queue,mean_delay_direct_ms,,,133.70688904903
Phase6_Hyperexponential-28-20261001-21:46:09-72,scalar,DectScheduledAccessNetwork.queue,delay_p50_ms,,,136.8879299075
Phase6_Hyperexponential-28-20261001-21:46:09-72,scalar,DectScheduledAccessNetwork.queue,delay_p95_ms,,,150.3829880767
Phase6_Hyperexponential-28-20261001-21:46:09-72,scalar,DectScheduledAccessNetwork.queue,delay_p99_ms,,,156.10402722949
Phase6_Hyperexponential-28-20261001-21:46:09-72,scalar,DectScheduledAccessNetwork.queue,delay_p999_ms,,,163.55158397357
Phase6_Hyperexponential-28-20261001-21:46:09-72,scalar,DectScheduledAccessNetwork.queue,tail_sample_count,,,1000000
Phase6_Hyperexponential-28-20261001-21:46:09-72,scalar,DectScheduledAccessNetwork.queue,effective_throughput_departures_per_ms,,,0.20338812062851
Phase6_Hyperexponential-28-20261001-21:46:09-72,scalar,DectScheduledAccessNetwork.queue,effective_throughput_accepted_per_ms,,,0.2033930019434
Phase6_Hyperexponential-28-20261001-21:46:09-72,scalar,DectScheduledAccessNetwork.queue,mean_delay_little_ms,,,133.71034602662
Phase6_Hyperexponential-28-20261001-21:46:09-72,scalar,DectScheduledAccessNetwork.queue,little_vs_direct_relative_error,,,2.5854895091548e-05
Phase6_Hyperexponential-28-20261001-21:46:09-72,scalar,DectScheduledAccessNetwork.queue,type1_service_fraction,,,0.084727830268516
Phase6_Hyperexponential-28-20261001-21:46:09-72,scalar,DectScheduledAccessNetwork.queue,type2_service_fraction,,,0.91527216973165
Phase6_Hyperexponential-28-20261001-21:46:09-72,scalar,DectScheduledAccessNetwork.queue,full_type1_fraction,,,0.0046343231934511
Phase6_Hyperexponential-28-20261001-21:46:09-72,scalar,DectScheduledAccessNetwork.queue,full_type2_fraction,,,0.16403554885952
Phase6_Hyperexponential-28-20261001-21:46:09-72,scalar,DectScheduledAccessNetwork.queue,nonfull_state_fraction,,,0.8313301279472
Phase6_Hyperexponential-28-20261001-21:46:09-72,scalar,DectScheduledAccessNetwork.queue,saturated_full_state_fraction,,,0.16866987205297
Phase6_Hyperexponential-28-20261001-21:46:09-72,scalar,DectScheduledAccessNetwork.queue,full_type1_phase_0_fraction,,,0.0034259938933786
Phase6_Hyperexponential-28-20261001-21:46:09-72,scalar,DectScheduledAccessNetwork.queue,full_type1_phase_1_fraction,,,0.0012083293000725
Phase6_Hyperexponential-29-20261001-21:46:09-72,scalar,DectScheduledAccessNetwork.queue,D,,,10
Phase6_Hyperexponential-29-20261001-21:46:09-72,scalar,DectScheduledAccessNetwork.queue,r,,,30
Phase6_Hyperexponential-29-20261001-21:46:09-72,scalar,DectScheduledAccessNetwork.queue,L_effective,,,2
Phase6_Hyperexponential-29-20261001-21:46:09-72,scalar,DectScheduledAccessNetwork.queue,rho,,,0.101694915254
Phase6_Hyperexponential-29-20261001-21:46:09-72,scalar,DectScheduledAccessNetwork.queue,lambda_per_ms,,,0.24406779641435
Phase6_Hyperexponential-29-20261001-21:46:09-72,scalar,DectScheduledAccessNetwork.queue,lambda_sat_per_ms,,,0.20338983049469
Phase6_Hyperexponential-29-20261001-21:46:09-72,scalar,DectScheduledAccessNetwork.queue,rho_sat,,,0.084745762773916
Phase6_Hyperexponential-29-20261001-21:46:09-72,scalar,DectScheduledAccessNetwork.queue,load_factor_rho_over_rho_sat,,,1.1999999991186
Phase6_Hyperexponential-29-20261001-21:46:09-72,scalar,DectScheduledAccessNetwork.queue,mean_type1_service_ms,,,0.416666667
Phase6_Hyperexponential-29-20261001-21:46:09-72,scalar,DectScheduledAccessNetwork.queue,type1_service_distribution_code,,,2
Phase6_Hyperexponential-29-20261001-21:46:09-72,scalar,DectScheduledAccessNetwork.queue,type1_service_scv,,,4
Phase6_Hyperexponential-29-20261001-21:46:09-72,scalar,DectScheduledAccessNetwork.queue,type2_service_ms,,,9
Phase6_Hyperexponential-29-20261001-21:46:09-72,scalar,DectScheduledAccessNetwork.queue,warmup_type1_completions,,,200000
Phase6_Hyperexponential-29-20261001-21:46:09-72,scalar,DectScheduledAccessNetwork.queue,measured_arrivals,,,1199348
Phase6_Hyperexponential-29-20261001-21:46:09-72,scalar,DectScheduledAccessNetwork.queue,measured_accepted_arrivals,,,1000027
Phase6_Hyperexponential-29-20261001-21:46:09-72,scalar,DectScheduledAccessNetwork.queue,measured_blocked_arrivals,,,199321
Phase6_Hyperexponential-29-20261001-21:46:09-72,scalar,DectScheduledAccessNetwork.queue,measured_completed_packets,,,1000000
Phase6_Hyperexponential-29-20261001-21:46:09-72,scalar,DectScheduledAccessNetwork.queue,observation_time_s,,,4916.1270767239
Phase6_Hyperexponential-29-20261001-21:46:09-72,scalar,DectScheduledAccessNetwork.queue,blocking_probability,,,0.16619113051425
Phase6_Hyperexponential-29-20261001-21:46:09-72,scalar,DectScheduledAccessNetwork.queue,mean_type1_number,,,27.105137723521
Phase6_Hyperexponential-29-20261001-21:46:09-72,scalar,DectScheduledAccessNetwork.queue,mean_delay_direct_ms,,,133.248836924
Phase6_Hyperexponential-29-20261001-21:46:09-72,scalar,DectScheduledAccessNetwork.queue,delay_p50_ms,,,136.6740214515
Phase6_Hyperexponential-29-20261001-21:46:09-72,scalar,DectScheduledAccessNetwork.queue,delay_p95_ms,,,150.3098389328
Phase6_Hyperexponential-29-20261001-21:46:09-72,scalar,DectScheduledAccessNetwork.queue,delay_p99_ms,,,156.07753837974
Phase6_Hyperexponential-29-20261001-21:46:09-72,scalar,DectScheduledAccessNetwork.queue,delay_p999_ms,,,163.38027149049
Phase6_Hyperexponential-29-20261001-21:46:09-72,scalar,DectScheduledAccessNetwork.queue,tail_sample_count,,,1000000
Phase6_Hyperexponential-29-20261001-21:46:09-72,scalar,DectScheduledAccessNetwork.queue,effective_throughput_departures_per_ms,,,0.20341215440395
Phase6_Hyperexponential-29-20261001-21:46:09-72,scalar,DectScheduledAccessNetwork.queue,effective_throughput_accepted_per_ms,,,0.20341764653212
Phase6_Hyperexponential-29-20261001-21:46:09-72,scalar,DectScheduledAccessNetwork.queue,mean_delay_little_ms,,,133.25230148093
Phase6_Hyperexponential-29-20261001-21:46:09-72,scalar,DectScheduledAccessNetwork.queue,little_vs_direct_relative_error,,,2.6000654186564e-05
Phase6_Hyperexponential-29-20261001-21:46:09-72,scalar,DectScheduledAccessNetwork.queue,type1_service_fraction,,,0.084610521703815
Phase6_Hyperexponential-29-20261001-21:46:09-72,scalar,DectScheduledAccessNetwork.queue,type2_service_fraction,,,0.91538947829633
Phase6_Hyperexponential-29-20261001-21:46:09-72,scalar,DectScheduledAccessNetwork.queue,full_type1_fraction,,,0.0045068460727673
Phase6_Hyperexponential-29-20261001-21:46:09-72,scalar,DectScheduledAccessNetwork.queue,full_type2_fraction,,,0.1615821964159
Phase6_Hyperexponential-29-20261001-21:46:09-72,scalar,DectScheduledAccessNetwork.queue,nonfull_state_fraction,,,0.83391095751146
Phase6_Hyperexponential-29-20261001-21:46:09-72,scalar,DectScheduledAccessNetwork.queue,saturated_full_state_fraction,,,0.16608904248867
Phase6_Hyperexponential-29-20261001-21:46:09-72,scalar,DectScheduledAccessNetwork.queue,full_type1_phase_0_fraction,,,0.0033300307043096
Phase6_Hyperexponential-29-20261001-21:46:09-72,scalar,DectScheduledAccessNetwork.queue,full_type1_phase_1_fraction,,,0.0011768153684578
Phase6_Deterministic-0-20261001-21:45:46-70,param,DectScheduledAccessNetwork.queue,typename,,,"""dect2020scheduledaccess.ScheduledAccessQueue"""
Phase6_Deterministic-0-20261001-21:45:46-70,param,DectScheduledAccessNetwork.queue,D,,,10
Phase6_Deterministic-0-20261001-21:45:46-70,param,DectScheduledAccessNetwork.queue,frameDuration,,,0.01s
Phase6_Deterministic-0-20261001-21:45:46-70,attr,DectScheduledAccessNetwork.queue,frameDuration,unit,s,
Phase6_Deterministic-0-20261001-21:45:46-70,param,DectScheduledAccessNetwork.queue,meanType1ServiceTime,,,0.000416667s
Phase6_Deterministic-0-20261001-21:45:46-70,attr,DectScheduledAccessNetwork.queue,meanType1ServiceTime,unit,s,
Phase6_Deterministic-0-20261001-21:45:46-70,param,DectScheduledAccessNetwork.queue,type1ServiceDistribution,,,"""deterministic"""
Phase6_Deterministic-0-20261001-21:45:46-70,param,DectScheduledAccessNetwork.queue,type1ServiceSCV,,,0
Phase6_Deterministic-0-20261001-21:45:46-70,param,DectScheduledAccessNetwork.queue,deriveDectParametersFromD,,,true
Phase6_Deterministic-0-20261001-21:45:46-70,param,DectScheduledAccessNetwork.queue,L,,,2
Phase6_Deterministic-0-20261001-21:45:46-70,param,DectScheduledAccessNetwork.queue,type2ServiceTime,,,0.009s
Phase6_Deterministic-0-20261001-21:45:46-70,attr,DectScheduledAccessNetwork.queue,type2ServiceTime,unit,s,
Phase6_Deterministic-0-20261001-21:45:46-70,param,DectScheduledAccessNetwork.queue,deriveLambdaFromRho,,,true
Phase6_Deterministic-0-20261001-21:45:46-70,param,DectScheduledAccessNetwork.queue,rho,,,0.0677966
Phase6_Deterministic-0-20261001-21:45:46-70,param,DectScheduledAccessNetwork.queue,lambdaPerMs,,,0.12
Phase6_Deterministic-0-20261001-21:45:46-70,param,DectScheduledAccessNetwork.queue,r,,,30
Phase6_Deterministic-0-20261001-21:45:46-70,param,DectScheduledAccessNetwork.queue,warmupCompletedPackets,,,200000
Phase6_Deterministic-0-20261001-21:45:46-70,param,DectScheduledAccessNetwork.queue,targetCompletedPackets,,,1000000
Phase6_Deterministic-0-20261001-21:45:46-70,param,DectScheduledAccessNetwork.queue,rngIndex,,,0
Phase6_Deterministic-0-20261001-21:45:46-70,param,DectScheduledAccessNetwork.queue,recordVectors,,,false
Phase6_Deterministic-0-20261001-21:45:46-70,param,DectScheduledAccessNetwork.queue,recordTailStatistics,,,true
Phase6_Deterministic-0-20261001-21:45:46-70,param,DectScheduledAccessNetwork,typename,,,"""dect2020scheduledaccess.DectScheduledAccessNetwork"""
Phase6_Deterministic-1-20261001-21:45:47-70,param,DectScheduledAccessNetwork.queue,typename,,,"""dect2020scheduledaccess.ScheduledAccessQueue"""
Phase6_Deterministic-1-20261001-21:45:47-70,param,DectScheduledAccessNetwork.queue,D,,,10
Phase6_Deterministic-1-20261001-21:45:47-70,param,DectScheduledAccessNetwork.queue,frameDuration,,,0.01s
Phase6_Deterministic-1-20261001-21:45:47-70,attr,DectScheduledAccessNetwork.queue,frameDuration,unit,s,
Phase6_Deterministic-1-20261001-21:45:47-70,param,DectScheduledAccessNetwork.queue,meanType1ServiceTime,,,0.000416667s
Phase6_Deterministic-1-20261001-21:45:47-70,attr,DectScheduledAccessNetwork.queue,meanType1ServiceTime,unit,s,
Phase6_Deterministic-1-20261001-21:45:47-70,param,DectScheduledAccessNetwork.queue,type1ServiceDistribution,,,"""deterministic"""
Phase6_Deterministic-1-20261001-21:45:47-70,param,DectScheduledAccessNetwork.queue,type1ServiceSCV,,,0
Phase6_Deterministic-1-20261001-21:45:47-70,param,DectScheduledAccessNetwork.queue,deriveDectParametersFromD,,,true
Phase6_Deterministic-1-20261001-21:45:47-70,param,DectScheduledAccessNetwork.queue,L,,,2
Phase6_Deterministic-1-20261001-21:45:47-70,param,DectScheduledAccessNetwork.queue,type2ServiceTime,,,0.009s
Phase6_Deterministic-1-20261001-21:45:47-70,attr,DectScheduledAccessNetwork.queue,type2ServiceTime,unit,s,
Phase6_Deterministic-1-20261001-21:45:47-70,param,DectScheduledAccessNetwork.queue,deriveLambdaFromRho,,,true
Phase6_Deterministic-1-20261001-21:45:47-70,param,DectScheduledAccessNetwork.queue,rho,,,0.0677966
Phase6_Deterministic-1-20261001-21:45:47-70,param,DectScheduledAccessNetwork.queue,lambdaPerMs,,,0.12
Phase6_Deterministic-1-20261001-21:45:47-70,param,DectScheduledAccessNetwork.queue,r,,,30
Phase6_Deterministic-1-20261001-21:45:47-70,param,DectScheduledAccessNetwork.queue,warmupCompletedPackets,,,200000
Phase6_Deterministic-1-20261001-21:45:47-70,param,DectScheduledAccessNetwork.queue,targetCompletedPackets,,,1000000
Phase6_Deterministic-1-20261001-21:45:47-70,param,DectScheduledAccessNetwork.queue,rngIndex,,,0
Phase6_Deterministic-1-20261001-21:45:47-70,param,DectScheduledAccessNetwork.queue,recordVectors,,,false
Phase6_Deterministic-1-20261001-21:45:47-70,param,DectScheduledAccessNetwork.queue,recordTailStatistics,,,true
Phase6_Deterministic-1-20261001-21:45:47-70,param,DectScheduledAccessNetwork,typename,,,"""dect2020scheduledaccess.DectScheduledAccessNetwork"""
Phase6_Deterministic-2-20261001-21:45:47-70,param,DectScheduledAccessNetwork.queue,typename,,,"""dect2020scheduledaccess.ScheduledAccessQueue"""
Phase6_Deterministic-2-20261001-21:45:47-70,param,DectScheduledAccessNetwork.queue,D,,,10
Phase6_Deterministic-2-20261001-21:45:47-70,param,DectScheduledAccessNetwork.queue,frameDuration,,,0.01s
Phase6_Deterministic-2-20261001-21:45:47-70,attr,DectScheduledAccessNetwork.queue,frameDuration,unit,s,
Phase6_Deterministic-2-20261001-21:45:47-70,param,DectScheduledAccessNetwork.queue,meanType1ServiceTime,,,0.000416667s
Phase6_Deterministic-2-20261001-21:45:47-70,attr,DectScheduledAccessNetwork.queue,meanType1ServiceTime,unit,s,
Phase6_Deterministic-2-20261001-21:45:47-70,param,DectScheduledAccessNetwork.queue,type1ServiceDistribution,,,"""deterministic"""
Phase6_Deterministic-2-20261001-21:45:47-70,param,DectScheduledAccessNetwork.queue,type1ServiceSCV,,,0
Phase6_Deterministic-2-20261001-21:45:47-70,param,DectScheduledAccessNetwork.queue,deriveDectParametersFromD,,,true
Phase6_Deterministic-2-20261001-21:45:47-70,param,DectScheduledAccessNetwork.queue,L,,,2
Phase6_Deterministic-2-20261001-21:45:47-70,param,DectScheduledAccessNetwork.queue,type2ServiceTime,,,0.009s
Phase6_Deterministic-2-20261001-21:45:47-70,attr,DectScheduledAccessNetwork.queue,type2ServiceTime,unit,s,
Phase6_Deterministic-2-20261001-21:45:47-70,param,DectScheduledAccessNetwork.queue,deriveLambdaFromRho,,,true
Phase6_Deterministic-2-20261001-21:45:47-70,param,DectScheduledAccessNetwork.queue,rho,,,0.0677966
Phase6_Deterministic-2-20261001-21:45:47-70,param,DectScheduledAccessNetwork.queue,lambdaPerMs,,,0.12
Phase6_Deterministic-2-20261001-21:45:47-70,param,DectScheduledAccessNetwork.queue,r,,,30
Phase6_Deterministic-2-20261001-21:45:47-70,param,DectScheduledAccessNetwork.queue,warmupCompletedPackets,,,200000
Phase6_Deterministic-2-20261001-21:45:47-70,param,DectScheduledAccessNetwork.queue,targetCompletedPackets,,,1000000
Phase6_Deterministic-2-20261001-21:45:47-70,param,DectScheduledAccessNetwork.queue,rngIndex,,,0
Phase6_Deterministic-2-20261001-21:45:47-70,param,DectScheduledAccessNetwork.queue,recordVectors,,,false
Phase6_Deterministic-2-20261001-21:45:47-70,param,DectScheduledAccessNetwork.queue,recordTailStatistics,,,true
Phase6_Deterministic-2-20261001-21:45:47-70,param,DectScheduledAccessNetwork,typename,,,"""dect2020scheduledaccess.DectScheduledAccessNetwork"""
Phase6_Deterministic-3-20261001-21:45:47-70,param,DectScheduledAccessNetwork.queue,typename,,,"""dect2020scheduledaccess.ScheduledAccessQueue"""
Phase6_Deterministic-3-20261001-21:45:47-70,param,DectScheduledAccessNetwork.queue,D,,,10
Phase6_Deterministic-3-20261001-21:45:47-70,param,DectScheduledAccessNetwork.queue,frameDuration,,,0.01s
Phase6_Deterministic-3-20261001-21:45:47-70,attr,DectScheduledAccessNetwork.queue,frameDuration,unit,s,
Phase6_Deterministic-3-20261001-21:45:47-70,param,DectScheduledAccessNetwork.queue,meanType1ServiceTime,,,0.000416667s
Phase6_Deterministic-3-20261001-21:45:47-70,attr,DectScheduledAccessNetwork.queue,meanType1ServiceTime,unit,s,
Phase6_Deterministic-3-20261001-21:45:47-70,param,DectScheduledAccessNetwork.queue,type1ServiceDistribution,,,"""deterministic"""
Phase6_Deterministic-3-20261001-21:45:47-70,param,DectScheduledAccessNetwork.queue,type1ServiceSCV,,,0
Phase6_Deterministic-3-20261001-21:45:47-70,param,DectScheduledAccessNetwork.queue,deriveDectParametersFromD,,,true
Phase6_Deterministic-3-20261001-21:45:47-70,param,DectScheduledAccessNetwork.queue,L,,,2
Phase6_Deterministic-3-20261001-21:45:47-70,param,DectScheduledAccessNetwork.queue,type2ServiceTime,,,0.009s
Phase6_Deterministic-3-20261001-21:45:47-70,attr,DectScheduledAccessNetwork.queue,type2ServiceTime,unit,s,
Phase6_Deterministic-3-20261001-21:45:47-70,param,DectScheduledAccessNetwork.queue,deriveLambdaFromRho,,,true
Phase6_Deterministic-3-20261001-21:45:47-70,param,DectScheduledAccessNetwork.queue,rho,,,0.0677966
Phase6_Deterministic-3-20261001-21:45:47-70,param,DectScheduledAccessNetwork.queue,lambdaPerMs,,,0.12
Phase6_Deterministic-3-20261001-21:45:47-70,param,DectScheduledAccessNetwork.queue,r,,,30
Phase6_Deterministic-3-20261001-21:45:47-70,param,DectScheduledAccessNetwork.queue,warmupCompletedPackets,,,200000
Phase6_Deterministic-3-20261001-21:45:47-70,param,DectScheduledAccessNetwork.queue,targetCompletedPackets,,,1000000
Phase6_Deterministic-3-20261001-21:45:47-70,param,DectScheduledAccessNetwork.queue,rngIndex,,,0
Phase6_Deterministic-3-20261001-21:45:47-70,param,DectScheduledAccessNetwork.queue,recordVectors,,,false
Phase6_Deterministic-3-20261001-21:45:47-70,param,DectScheduledAccessNetwork.queue,recordTailStatistics,,,true
Phase6_Deterministic-3-20261001-21:45:47-70,param,DectScheduledAccessNetwork,typename,,,"""dect2020scheduledaccess.DectScheduledAccessNetwork"""
Phase6_Deterministic-4-20261001-21:45:47-70,param,DectScheduledAccessNetwork.queue,typename,,,"""dect2020scheduledaccess.ScheduledAccessQueue"""
Phase6_Deterministic-4-20261001-21:45:47-70,param,DectScheduledAccessNetwork.queue,D,,,10
Phase6_Deterministic-4-20261001-21:45:47-70,param,DectScheduledAccessNetwork.queue,frameDuration,,,0.01s
Phase6_Deterministic-4-20261001-21:45:47-70,attr,DectScheduledAccessNetwork.queue,frameDuration,unit,s,
Phase6_Deterministic-4-20261001-21:45:47-70,param,DectScheduledAccessNetwork.queue,meanType1ServiceTime,,,0.000416667s
Phase6_Deterministic-4-20261001-21:45:47-70,attr,DectScheduledAccessNetwork.queue,meanType1ServiceTime,unit,s,
Phase6_Deterministic-4-20261001-21:45:47-70,param,DectScheduledAccessNetwork.queue,type1ServiceDistribution,,,"""deterministic"""
Phase6_Deterministic-4-20261001-21:45:47-70,param,DectScheduledAccessNetwork.queue,type1ServiceSCV,,,0
Phase6_Deterministic-4-20261001-21:45:47-70,param,DectScheduledAccessNetwork.queue,deriveDectParametersFromD,,,true
Phase6_Deterministic-4-20261001-21:45:47-70,param,DectScheduledAccessNetwork.queue,L,,,2
Phase6_Deterministic-4-20261001-21:45:47-70,param,DectScheduledAccessNetwork.queue,type2ServiceTime,,,0.009s
Phase6_Deterministic-4-20261001-21:45:47-70,attr,DectScheduledAccessNetwork.queue,type2ServiceTime,unit,s,
Phase6_Deterministic-4-20261001-21:45:47-70,param,DectScheduledAccessNetwork.queue,deriveLambdaFromRho,,,true
Phase6_Deterministic-4-20261001-21:45:47-70,param,DectScheduledAccessNetwork.queue,rho,,,0.0677966
Phase6_Deterministic-4-20261001-21:45:47-70,param,DectScheduledAccessNetwork.queue,lambdaPerMs,,,0.12
Phase6_Deterministic-4-20261001-21:45:47-70,param,DectScheduledAccessNetwork.queue,r,,,30
Phase6_Deterministic-4-20261001-21:45:47-70,param,DectScheduledAccessNetwork.queue,warmupCompletedPackets,,,200000
Phase6_Deterministic-4-20261001-21:45:47-70,param,DectScheduledAccessNetwork.queue,targetCompletedPackets,,,1000000
Phase6_Deterministic-4-20261001-21:45:47-70,param,DectScheduledAccessNetwork.queue,rngIndex,,,0
Phase6_Deterministic-4-20261001-21:45:47-70,param,DectScheduledAccessNetwork.queue,recordVectors,,,false
Phase6_Deterministic-4-20261001-21:45:47-70,param,DectScheduledAccessNetwork.queue,recordTailStatistics,,,true
Phase6_Deterministic-4-20261001-21:45:47-70,param,DectScheduledAccessNetwork,typename,,,"""dect2020scheduledaccess.DectScheduledAccessNetwork"""
Phase6_Deterministic-5-20261001-21:45:48-70,param,DectScheduledAccessNetwork.queue,typename,,,"""dect2020scheduledaccess.ScheduledAccessQueue"""
Phase6_Deterministic-5-20261001-21:45:48-70,param,DectScheduledAccessNetwork.queue,D,,,10
Phase6_Deterministic-5-20261001-21:45:48-70,param,DectScheduledAccessNetwork.queue,frameDuration,,,0.01s
Phase6_Deterministic-5-20261001-21:45:48-70,attr,DectScheduledAccessNetwork.queue,frameDuration,unit,s,
Phase6_Deterministic-5-20261001-21:45:48-70,param,DectScheduledAccessNetwork.queue,meanType1ServiceTime,,,0.000416667s
Phase6_Deterministic-5-20261001-21:45:48-70,attr,DectScheduledAccessNetwork.queue,meanType1ServiceTime,unit,s,
Phase6_Deterministic-5-20261001-21:45:48-70,param,DectScheduledAccessNetwork.queue,type1ServiceDistribution,,,"""deterministic"""
Phase6_Deterministic-5-20261001-21:45:48-70,param,DectScheduledAccessNetwork.queue,type1ServiceSCV,,,0
Phase6_Deterministic-5-20261001-21:45:48-70,param,DectScheduledAccessNetwork.queue,deriveDectParametersFromD,,,true
Phase6_Deterministic-5-20261001-21:45:48-70,param,DectScheduledAccessNetwork.queue,L,,,2
Phase6_Deterministic-5-20261001-21:45:48-70,param,DectScheduledAccessNetwork.queue,type2ServiceTime,,,0.009s
Phase6_Deterministic-5-20261001-21:45:48-70,attr,DectScheduledAccessNetwork.queue,type2ServiceTime,unit,s,
Phase6_Deterministic-5-20261001-21:45:48-70,param,DectScheduledAccessNetwork.queue,deriveLambdaFromRho,,,true
Phase6_Deterministic-5-20261001-21:45:48-70,param,DectScheduledAccessNetwork.queue,rho,,,0.0677966
Phase6_Deterministic-5-20261001-21:45:48-70,param,DectScheduledAccessNetwork.queue,lambdaPerMs,,,0.12
Phase6_Deterministic-5-20261001-21:45:48-70,param,DectScheduledAccessNetwork.queue,r,,,30
Phase6_Deterministic-5-20261001-21:45:48-70,param,DectScheduledAccessNetwork.queue,warmupCompletedPackets,,,200000
Phase6_Deterministic-5-20261001-21:45:48-70,param,DectScheduledAccessNetwork.queue,targetCompletedPackets,,,1000000
Phase6_Deterministic-5-20261001-21:45:48-70,param,DectScheduledAccessNetwork.queue,rngIndex,,,0
Phase6_Deterministic-5-20261001-21:45:48-70,param,DectScheduledAccessNetwork.queue,recordVectors,,,false
Phase6_Deterministic-5-20261001-21:45:48-70,param,DectScheduledAccessNetwork.queue,recordTailStatistics,,,true
Phase6_Deterministic-5-20261001-21:45:48-70,param,DectScheduledAccessNetwork,typename,,,"""dect2020scheduledaccess.DectScheduledAccessNetwork"""
Phase6_Deterministic-6-20261001-21:45:48-70,param,DectScheduledAccessNetwork.queue,typename,,,"""dect2020scheduledaccess.ScheduledAccessQueue"""
Phase6_Deterministic-6-20261001-21:45:48-70,param,DectScheduledAccessNetwork.queue,D,,,10
Phase6_Deterministic-6-20261001-21:45:48-70,param,DectScheduledAccessNetwork.queue,frameDuration,,,0.01s
Phase6_Deterministic-6-20261001-21:45:48-70,attr,DectScheduledAccessNetwork.queue,frameDuration,unit,s,
Phase6_Deterministic-6-20261001-21:45:48-70,param,DectScheduledAccessNetwork.queue,meanType1ServiceTime,,,0.000416667s
Phase6_Deterministic-6-20261001-21:45:48-70,attr,DectScheduledAccessNetwork.queue,meanType1ServiceTime,unit,s,
Phase6_Deterministic-6-20261001-21:45:48-70,param,DectScheduledAccessNetwork.queue,type1ServiceDistribution,,,"""deterministic"""
Phase6_Deterministic-6-20261001-21:45:48-70,param,DectScheduledAccessNetwork.queue,type1ServiceSCV,,,0
Phase6_Deterministic-6-20261001-21:45:48-70,param,DectScheduledAccessNetwork.queue,deriveDectParametersFromD,,,true
Phase6_Deterministic-6-20261001-21:45:48-70,param,DectScheduledAccessNetwork.queue,L,,,2
Phase6_Deterministic-6-20261001-21:45:48-70,param,DectScheduledAccessNetwork.queue,type2ServiceTime,,,0.009s
Phase6_Deterministic-6-20261001-21:45:48-70,attr,DectScheduledAccessNetwork.queue,type2ServiceTime,unit,s,
Phase6_Deterministic-6-20261001-21:45:48-70,param,DectScheduledAccessNetwork.queue,deriveLambdaFromRho,,,true
Phase6_Deterministic-6-20261001-21:45:48-70,param,DectScheduledAccessNetwork.queue,rho,,,0.0677966
Phase6_Deterministic-6-20261001-21:45:48-70,param,DectScheduledAccessNetwork.queue,lambdaPerMs,,,0.12
Phase6_Deterministic-6-20261001-21:45:48-70,param,DectScheduledAccessNetwork.queue,r,,,30
Phase6_Deterministic-6-20261001-21:45:48-70,param,DectScheduledAccessNetwork.queue,warmupCompletedPackets,,,200000
Phase6_Deterministic-6-20261001-21:45:48-70,param,DectScheduledAccessNetwork.queue,targetCompletedPackets,,,1000000
Phase6_Deterministic-6-20261001-21:45:48-70,param,DectScheduledAccessNetwork.queue,rngIndex,,,0
Phase6_Deterministic-6-20261001-21:45:48-70,param,DectScheduledAccessNetwork.queue,recordVectors,,,false
Phase6_Deterministic-6-20261001-21:45:48-70,param,DectScheduledAccessNetwork.queue,recordTailStatistics,,,true
Phase6_Deterministic-6-20261001-21:45:48-70,param,DectScheduledAccessNetwork,typename,,,"""dect2020scheduledaccess.DectScheduledAccessNetwork"""
Phase6_Deterministic-7-20261001-21:45:48-70,param,DectScheduledAccessNetwork.queue,typename,,,"""dect2020scheduledaccess.ScheduledAccessQueue"""
Phase6_Deterministic-7-20261001-21:45:48-70,param,DectScheduledAccessNetwork.queue,D,,,10
Phase6_Deterministic-7-20261001-21:45:48-70,param,DectScheduledAccessNetwork.queue,frameDuration,,,0.01s
Phase6_Deterministic-7-20261001-21:45:48-70,attr,DectScheduledAccessNetwork.queue,frameDuration,unit,s,
Phase6_Deterministic-7-20261001-21:45:48-70,param,DectScheduledAccessNetwork.queue,meanType1ServiceTime,,,0.000416667s
Phase6_Deterministic-7-20261001-21:45:48-70,attr,DectScheduledAccessNetwork.queue,meanType1ServiceTime,unit,s,
Phase6_Deterministic-7-20261001-21:45:48-70,param,DectScheduledAccessNetwork.queue,type1ServiceDistribution,,,"""deterministic"""
Phase6_Deterministic-7-20261001-21:45:48-70,param,DectScheduledAccessNetwork.queue,type1ServiceSCV,,,0
Phase6_Deterministic-7-20261001-21:45:48-70,param,DectScheduledAccessNetwork.queue,deriveDectParametersFromD,,,true
Phase6_Deterministic-7-20261001-21:45:48-70,param,DectScheduledAccessNetwork.queue,L,,,2
Phase6_Deterministic-7-20261001-21:45:48-70,param,DectScheduledAccessNetwork.queue,type2ServiceTime,,,0.009s
Phase6_Deterministic-7-20261001-21:45:48-70,attr,DectScheduledAccessNetwork.queue,type2ServiceTime,unit,s,
Phase6_Deterministic-7-20261001-21:45:48-70,param,DectScheduledAccessNetwork.queue,deriveLambdaFromRho,,,true
Phase6_Deterministic-7-20261001-21:45:48-70,param,DectScheduledAccessNetwork.queue,rho,,,0.0677966
Phase6_Deterministic-7-20261001-21:45:48-70,param,DectScheduledAccessNetwork.queue,lambdaPerMs,,,0.12
Phase6_Deterministic-7-20261001-21:45:48-70,param,DectScheduledAccessNetwork.queue,r,,,30
Phase6_Deterministic-7-20261001-21:45:48-70,param,DectScheduledAccessNetwork.queue,warmupCompletedPackets,,,200000
Phase6_Deterministic-7-20261001-21:45:48-70,param,DectScheduledAccessNetwork.queue,targetCompletedPackets,,,1000000
Phase6_Deterministic-7-20261001-21:45:48-70,param,DectScheduledAccessNetwork.queue,rngIndex,,,0
Phase6_Deterministic-7-20261001-21:45:48-70,param,DectScheduledAccessNetwork.queue,recordVectors,,,false
Phase6_Deterministic-7-20261001-21:45:48-70,param,DectScheduledAccessNetwork.queue,recordTailStatistics,,,true
Phase6_Deterministic-7-20261001-21:45:48-70,param,DectScheduledAccessNetwork,typename,,,"""dect2020scheduledaccess.DectScheduledAccessNetwork"""
Phase6_Deterministic-8-20261001-21:45:48-70,param,DectScheduledAccessNetwork.queue,typename,,,"""dect2020scheduledaccess.ScheduledAccessQueue"""
Phase6_Deterministic-8-20261001-21:45:48-70,param,DectScheduledAccessNetwork.queue,D,,,10
Phase6_Deterministic-8-20261001-21:45:48-70,param,DectScheduledAccessNetwork.queue,frameDuration,,,0.01s
Phase6_Deterministic-8-20261001-21:45:48-70,attr,DectScheduledAccessNetwork.queue,frameDuration,unit,s,
Phase6_Deterministic-8-20261001-21:45:48-70,param,DectScheduledAccessNetwork.queue,meanType1ServiceTime,,,0.000416667s
Phase6_Deterministic-8-20261001-21:45:48-70,attr,DectScheduledAccessNetwork.queue,meanType1ServiceTime,unit,s,
Phase6_Deterministic-8-20261001-21:45:48-70,param,DectScheduledAccessNetwork.queue,type1ServiceDistribution,,,"""deterministic"""
Phase6_Deterministic-8-20261001-21:45:48-70,param,DectScheduledAccessNetwork.queue,type1ServiceSCV,,,0
Phase6_Deterministic-8-20261001-21:45:48-70,param,DectScheduledAccessNetwork.queue,deriveDectParametersFromD,,,true
Phase6_Deterministic-8-20261001-21:45:48-70,param,DectScheduledAccessNetwork.queue,L,,,2
Phase6_Deterministic-8-20261001-21:45:48-70,param,DectScheduledAccessNetwork.queue,type2ServiceTime,,,0.009s
Phase6_Deterministic-8-20261001-21:45:48-70,attr,DectScheduledAccessNetwork.queue,type2ServiceTime,unit,s,
Phase6_Deterministic-8-20261001-21:45:48-70,param,DectScheduledAccessNetwork.queue,deriveLambdaFromRho,,,true
Phase6_Deterministic-8-20261001-21:45:48-70,param,DectScheduledAccessNetwork.queue,rho,,,0.0677966
Phase6_Deterministic-8-20261001-21:45:48-70,param,DectScheduledAccessNetwork.queue,lambdaPerMs,,,0.12
Phase6_Deterministic-8-20261001-21:45:48-70,param,DectScheduledAccessNetwork.queue,r,,,30
Phase6_Deterministic-8-20261001-21:45:48-70,param,DectScheduledAccessNetwork.queue,warmupCompletedPackets,,,200000
Phase6_Deterministic-8-20261001-21:45:48-70,param,DectScheduledAccessNetwork.queue,targetCompletedPackets,,,1000000
Phase6_Deterministic-8-20261001-21:45:48-70,param,DectScheduledAccessNetwork.queue,rngIndex,,,0
Phase6_Deterministic-8-20261001-21:45:48-70,param,DectScheduledAccessNetwork.queue,recordVectors,,,false
Phase6_Deterministic-8-20261001-21:45:48-70,param,DectScheduledAccessNetwork.queue,recordTailStatistics,,,true
Phase6_Deterministic-8-20261001-21:45:48-70,param,DectScheduledAccessNetwork,typename,,,"""dect2020scheduledaccess.DectScheduledAccessNetwork"""
Phase6_Deterministic-9-20261001-21:45:49-70,param,DectScheduledAccessNetwork.queue,typename,,,"""dect2020scheduledaccess.ScheduledAccessQueue"""
Phase6_Deterministic-9-20261001-21:45:49-70,param,DectScheduledAccessNetwork.queue,D,,,10
Phase6_Deterministic-9-20261001-21:45:49-70,param,DectScheduledAccessNetwork.queue,frameDuration,,,0.01s
Phase6_Deterministic-9-20261001-21:45:49-70,attr,DectScheduledAccessNetwork.queue,frameDuration,unit,s,
Phase6_Deterministic-9-20261001-21:45:49-70,param,DectScheduledAccessNetwork.queue,meanType1ServiceTime,,,0.000416667s
Phase6_Deterministic-9-20261001-21:45:49-70,attr,DectScheduledAccessNetwork.queue,meanType1ServiceTime,unit,s,
Phase6_Deterministic-9-20261001-21:45:49-70,param,DectScheduledAccessNetwork.queue,type1ServiceDistribution,,,"""deterministic"""
Phase6_Deterministic-9-20261001-21:45:49-70,param,DectScheduledAccessNetwork.queue,type1ServiceSCV,,,0
Phase6_Deterministic-9-20261001-21:45:49-70,param,DectScheduledAccessNetwork.queue,deriveDectParametersFromD,,,true
Phase6_Deterministic-9-20261001-21:45:49-70,param,DectScheduledAccessNetwork.queue,L,,,2
Phase6_Deterministic-9-20261001-21:45:49-70,param,DectScheduledAccessNetwork.queue,type2ServiceTime,,,0.009s
Phase6_Deterministic-9-20261001-21:45:49-70,attr,DectScheduledAccessNetwork.queue,type2ServiceTime,unit,s,
Phase6_Deterministic-9-20261001-21:45:49-70,param,DectScheduledAccessNetwork.queue,deriveLambdaFromRho,,,true
Phase6_Deterministic-9-20261001-21:45:49-70,param,DectScheduledAccessNetwork.queue,rho,,,0.0677966
Phase6_Deterministic-9-20261001-21:45:49-70,param,DectScheduledAccessNetwork.queue,lambdaPerMs,,,0.12
Phase6_Deterministic-9-20261001-21:45:49-70,param,DectScheduledAccessNetwork.queue,r,,,30
Phase6_Deterministic-9-20261001-21:45:49-70,param,DectScheduledAccessNetwork.queue,warmupCompletedPackets,,,200000
Phase6_Deterministic-9-20261001-21:45:49-70,param,DectScheduledAccessNetwork.queue,targetCompletedPackets,,,1000000
Phase6_Deterministic-9-20261001-21:45:49-70,param,DectScheduledAccessNetwork.queue,rngIndex,,,0
Phase6_Deterministic-9-20261001-21:45:49-70,param,DectScheduledAccessNetwork.queue,recordVectors,,,false
Phase6_Deterministic-9-20261001-21:45:49-70,param,DectScheduledAccessNetwork.queue,recordTailStatistics,,,true
Phase6_Deterministic-9-20261001-21:45:49-70,param,DectScheduledAccessNetwork,typename,,,"""dect2020scheduledaccess.DectScheduledAccessNetwork"""
Phase6_Deterministic-10-20261001-21:45:49-70,param,DectScheduledAccessNetwork.queue,typename,,,"""dect2020scheduledaccess.ScheduledAccessQueue"""
Phase6_Deterministic-10-20261001-21:45:49-70,param,DectScheduledAccessNetwork.queue,D,,,10
Phase6_Deterministic-10-20261001-21:45:49-70,param,DectScheduledAccessNetwork.queue,frameDuration,,,0.01s
Phase6_Deterministic-10-20261001-21:45:49-70,attr,DectScheduledAccessNetwork.queue,frameDuration,unit,s,
Phase6_Deterministic-10-20261001-21:45:49-70,param,DectScheduledAccessNetwork.queue,meanType1ServiceTime,,,0.000416667s
Phase6_Deterministic-10-20261001-21:45:49-70,attr,DectScheduledAccessNetwork.queue,meanType1ServiceTime,unit,s,
Phase6_Deterministic-10-20261001-21:45:49-70,param,DectScheduledAccessNetwork.queue,type1ServiceDistribution,,,"""deterministic"""
Phase6_Deterministic-10-20261001-21:45:49-70,param,DectScheduledAccessNetwork.queue,type1ServiceSCV,,,0
Phase6_Deterministic-10-20261001-21:45:49-70,param,DectScheduledAccessNetwork.queue,deriveDectParametersFromD,,,true
Phase6_Deterministic-10-20261001-21:45:49-70,param,DectScheduledAccessNetwork.queue,L,,,2
Phase6_Deterministic-10-20261001-21:45:49-70,param,DectScheduledAccessNetwork.queue,type2ServiceTime,,,0.009s
Phase6_Deterministic-10-20261001-21:45:49-70,attr,DectScheduledAccessNetwork.queue,type2ServiceTime,unit,s,
Phase6_Deterministic-10-20261001-21:45:49-70,param,DectScheduledAccessNetwork.queue,deriveLambdaFromRho,,,true
Phase6_Deterministic-10-20261001-21:45:49-70,param,DectScheduledAccessNetwork.queue,rho,,,0.0847458
Phase6_Deterministic-10-20261001-21:45:49-70,param,DectScheduledAccessNetwork.queue,lambdaPerMs,,,0.12
Phase6_Deterministic-10-20261001-21:45:49-70,param,DectScheduledAccessNetwork.queue,r,,,30
Phase6_Deterministic-10-20261001-21:45:49-70,param,DectScheduledAccessNetwork.queue,warmupCompletedPackets,,,200000
Phase6_Deterministic-10-20261001-21:45:49-70,param,DectScheduledAccessNetwork.queue,targetCompletedPackets,,,1000000
Phase6_Deterministic-10-20261001-21:45:49-70,param,DectScheduledAccessNetwork.queue,rngIndex,,,0
Phase6_Deterministic-10-20261001-21:45:49-70,param,DectScheduledAccessNetwork.queue,recordVectors,,,false
Phase6_Deterministic-10-20261001-21:45:49-70,param,DectScheduledAccessNetwork.queue,recordTailStatistics,,,true
Phase6_Deterministic-10-20261001-21:45:49-70,param,DectScheduledAccessNetwork,typename,,,"""dect2020scheduledaccess.DectScheduledAccessNetwork"""
Phase6_Deterministic-11-20261001-21:45:49-70,param,DectScheduledAccessNetwork.queue,typename,,,"""dect2020scheduledaccess.ScheduledAccessQueue"""
Phase6_Deterministic-11-20261001-21:45:49-70,param,DectScheduledAccessNetwork.queue,D,,,10
Phase6_Deterministic-11-20261001-21:45:49-70,param,DectScheduledAccessNetwork.queue,frameDuration,,,0.01s
Phase6_Deterministic-11-20261001-21:45:49-70,attr,DectScheduledAccessNetwork.queue,frameDuration,unit,s,
Phase6_Deterministic-11-20261001-21:45:49-70,param,DectScheduledAccessNetwork.queue,meanType1ServiceTime,,,0.000416667s
Phase6_Deterministic-11-20261001-21:45:49-70,attr,DectScheduledAccessNetwork.queue,meanType1ServiceTime,unit,s,
Phase6_Deterministic-11-20261001-21:45:49-70,param,DectScheduledAccessNetwork.queue,type1ServiceDistribution,,,"""deterministic"""
Phase6_Deterministic-11-20261001-21:45:49-70,param,DectScheduledAccessNetwork.queue,type1ServiceSCV,,,0
Phase6_Deterministic-11-20261001-21:45:49-70,param,DectScheduledAccessNetwork.queue,deriveDectParametersFromD,,,true
Phase6_Deterministic-11-20261001-21:45:49-70,param,DectScheduledAccessNetwork.queue,L,,,2
Phase6_Deterministic-11-20261001-21:45:49-70,param,DectScheduledAccessNetwork.queue,type2ServiceTime,,,0.009s
Phase6_Deterministic-11-20261001-21:45:49-70,attr,DectScheduledAccessNetwork.queue,type2ServiceTime,unit,s,
Phase6_Deterministic-11-20261001-21:45:49-70,param,DectScheduledAccessNetwork.queue,deriveLambdaFromRho,,,true
Phase6_Deterministic-11-20261001-21:45:49-70,param,DectScheduledAccessNetwork.queue,rho,,,0.0847458
Phase6_Deterministic-11-20261001-21:45:49-70,param,DectScheduledAccessNetwork.queue,lambdaPerMs,,,0.12
Phase6_Deterministic-11-20261001-21:45:49-70,param,DectScheduledAccessNetwork.queue,r,,,30
Phase6_Deterministic-11-20261001-21:45:49-70,param,DectScheduledAccessNetwork.queue,warmupCompletedPackets,,,200000
Phase6_Deterministic-11-20261001-21:45:49-70,param,DectScheduledAccessNetwork.queue,targetCompletedPackets,,,1000000
Phase6_Deterministic-11-20261001-21:45:49-70,param,DectScheduledAccessNetwork.queue,rngIndex,,,0
Phase6_Deterministic-11-20261001-21:45:49-70,param,DectScheduledAccessNetwork.queue,recordVectors,,,false
Phase6_Deterministic-11-20261001-21:45:49-70,param,DectScheduledAccessNetwork.queue,recordTailStatistics,,,true
Phase6_Deterministic-11-20261001-21:45:49-70,param,DectScheduledAccessNetwork,typename,,,"""dect2020scheduledaccess.DectScheduledAccessNetwork"""
Phase6_Deterministic-12-20261001-21:45:49-70,param,DectScheduledAccessNetwork.queue,typename,,,"""dect2020scheduledaccess.ScheduledAccessQueue"""
Phase6_Deterministic-12-20261001-21:45:49-70,param,DectScheduledAccessNetwork.queue,D,,,10
Phase6_Deterministic-12-20261001-21:45:49-70,param,DectScheduledAccessNetwork.queue,frameDuration,,,0.01s
Phase6_Deterministic-12-20261001-21:45:49-70,attr,DectScheduledAccessNetwork.queue,frameDuration,unit,s,
Phase6_Deterministic-12-20261001-21:45:49-70,param,DectScheduledAccessNetwork.queue,meanType1ServiceTime,,,0.000416667s
Phase6_Deterministic-12-20261001-21:45:49-70,attr,DectScheduledAccessNetwork.queue,meanType1ServiceTime,unit,s,
Phase6_Deterministic-12-20261001-21:45:49-70,param,DectScheduledAccessNetwork.queue,type1ServiceDistribution,,,"""deterministic"""
Phase6_Deterministic-12-20261001-21:45:49-70,param,DectScheduledAccessNetwork.queue,type1ServiceSCV,,,0
Phase6_Deterministic-12-20261001-21:45:49-70,param,DectScheduledAccessNetwork.queue,deriveDectParametersFromD,,,true
Phase6_Deterministic-12-20261001-21:45:49-70,param,DectScheduledAccessNetwork.queue,L,,,2
Phase6_Deterministic-12-20261001-21:45:49-70,param,DectScheduledAccessNetwork.queue,type2ServiceTime,,,0.009s
Phase6_Deterministic-12-20261001-21:45:49-70,attr,DectScheduledAccessNetwork.queue,type2ServiceTime,unit,s,
Phase6_Deterministic-12-20261001-21:45:49-70,param,DectScheduledAccessNetwork.queue,deriveLambdaFromRho,,,true
Phase6_Deterministic-12-20261001-21:45:49-70,param,DectScheduledAccessNetwork.queue,rho,,,0.0847458
Phase6_Deterministic-12-20261001-21:45:49-70,param,DectScheduledAccessNetwork.queue,lambdaPerMs,,,0.12
Phase6_Deterministic-12-20261001-21:45:49-70,param,DectScheduledAccessNetwork.queue,r,,,30
Phase6_Deterministic-12-20261001-21:45:49-70,param,DectScheduledAccessNetwork.queue,warmupCompletedPackets,,,200000
Phase6_Deterministic-12-20261001-21:45:49-70,param,DectScheduledAccessNetwork.queue,targetCompletedPackets,,,1000000
Phase6_Deterministic-12-20261001-21:45:49-70,param,DectScheduledAccessNetwork.queue,rngIndex,,,0
Phase6_Deterministic-12-20261001-21:45:49-70,param,DectScheduledAccessNetwork.queue,recordVectors,,,false
Phase6_Deterministic-12-20261001-21:45:49-70,param,DectScheduledAccessNetwork.queue,recordTailStatistics,,,true
Phase6_Deterministic-12-20261001-21:45:49-70,param,DectScheduledAccessNetwork,typename,,,"""dect2020scheduledaccess.DectScheduledAccessNetwork"""
Phase6_Deterministic-13-20261001-21:45:50-70,param,DectScheduledAccessNetwork.queue,typename,,,"""dect2020scheduledaccess.ScheduledAccessQueue"""
Phase6_Deterministic-13-20261001-21:45:50-70,param,DectScheduledAccessNetwork.queue,D,,,10
Phase6_Deterministic-13-20261001-21:45:50-70,param,DectScheduledAccessNetwork.queue,frameDuration,,,0.01s
Phase6_Deterministic-13-20261001-21:45:50-70,attr,DectScheduledAccessNetwork.queue,frameDuration,unit,s,
Phase6_Deterministic-13-20261001-21:45:50-70,param,DectScheduledAccessNetwork.queue,meanType1ServiceTime,,,0.000416667s
Phase6_Deterministic-13-20261001-21:45:50-70,attr,DectScheduledAccessNetwork.queue,meanType1ServiceTime,unit,s,
Phase6_Deterministic-13-20261001-21:45:50-70,param,DectScheduledAccessNetwork.queue,type1ServiceDistribution,,,"""deterministic"""
Phase6_Deterministic-13-20261001-21:45:50-70,param,DectScheduledAccessNetwork.queue,type1ServiceSCV,,,0
Phase6_Deterministic-13-20261001-21:45:50-70,param,DectScheduledAccessNetwork.queue,deriveDectParametersFromD,,,true
Phase6_Deterministic-13-20261001-21:45:50-70,param,DectScheduledAccessNetwork.queue,L,,,2
Phase6_Deterministic-13-20261001-21:45:50-70,param,DectScheduledAccessNetwork.queue,type2ServiceTime,,,0.009s
Phase6_Deterministic-13-20261001-21:45:50-70,attr,DectScheduledAccessNetwork.queue,type2ServiceTime,unit,s,
Phase6_Deterministic-13-20261001-21:45:50-70,param,DectScheduledAccessNetwork.queue,deriveLambdaFromRho,,,true
Phase6_Deterministic-13-20261001-21:45:50-70,param,DectScheduledAccessNetwork.queue,rho,,,0.0847458
Phase6_Deterministic-13-20261001-21:45:50-70,param,DectScheduledAccessNetwork.queue,lambdaPerMs,,,0.12
Phase6_Deterministic-13-20261001-21:45:50-70,param,DectScheduledAccessNetwork.queue,r,,,30
Phase6_Deterministic-13-20261001-21:45:50-70,param,DectScheduledAccessNetwork.queue,warmupCompletedPackets,,,200000
Phase6_Deterministic-13-20261001-21:45:50-70,param,DectScheduledAccessNetwork.queue,targetCompletedPackets,,,1000000
Phase6_Deterministic-13-20261001-21:45:50-70,param,DectScheduledAccessNetwork.queue,rngIndex,,,0
Phase6_Deterministic-13-20261001-21:45:50-70,param,DectScheduledAccessNetwork.queue,recordVectors,,,false
Phase6_Deterministic-13-20261001-21:45:50-70,param,DectScheduledAccessNetwork.queue,recordTailStatistics,,,true
Phase6_Deterministic-13-20261001-21:45:50-70,param,DectScheduledAccessNetwork,typename,,,"""dect2020scheduledaccess.DectScheduledAccessNetwork"""
Phase6_Deterministic-14-20261001-21:45:50-70,param,DectScheduledAccessNetwork.queue,typename,,,"""dect2020scheduledaccess.ScheduledAccessQueue"""
Phase6_Deterministic-14-20261001-21:45:50-70,param,DectScheduledAccessNetwork.queue,D,,,10
Phase6_Deterministic-14-20261001-21:45:50-70,param,DectScheduledAccessNetwork.queue,frameDuration,,,0.01s
Phase6_Deterministic-14-20261001-21:45:50-70,attr,DectScheduledAccessNetwork.queue,frameDuration,unit,s,
Phase6_Deterministic-14-20261001-21:45:50-70,param,DectScheduledAccessNetwork.queue,meanType1ServiceTime,,,0.000416667s
Phase6_Deterministic-14-20261001-21:45:50-70,attr,DectScheduledAccessNetwork.queue,meanType1ServiceTime,unit,s,
Phase6_Deterministic-14-20261001-21:45:50-70,param,DectScheduledAccessNetwork.queue,type1ServiceDistribution,,,"""deterministic"""
Phase6_Deterministic-14-20261001-21:45:50-70,param,DectScheduledAccessNetwork.queue,type1ServiceSCV,,,0
Phase6_Deterministic-14-20261001-21:45:50-70,param,DectScheduledAccessNetwork.queue,deriveDectParametersFromD,,,true
Phase6_Deterministic-14-20261001-21:45:50-70,param,DectScheduledAccessNetwork.queue,L,,,2
Phase6_Deterministic-14-20261001-21:45:50-70,param,DectScheduledAccessNetwork.queue,type2ServiceTime,,,0.009s
Phase6_Deterministic-14-20261001-21:45:50-70,attr,DectScheduledAccessNetwork.queue,type2ServiceTime,unit,s,
Phase6_Deterministic-14-20261001-21:45:50-70,param,DectScheduledAccessNetwork.queue,deriveLambdaFromRho,,,true
Phase6_Deterministic-14-20261001-21:45:50-70,param,DectScheduledAccessNetwork.queue,rho,,,0.0847458
Phase6_Deterministic-14-20261001-21:45:50-70,param,DectScheduledAccessNetwork.queue,lambdaPerMs,,,0.12
Phase6_Deterministic-14-20261001-21:45:50-70,param,DectScheduledAccessNetwork.queue,r,,,30
Phase6_Deterministic-14-20261001-21:45:50-70,param,DectScheduledAccessNetwork.queue,warmupCompletedPackets,,,200000
Phase6_Deterministic-14-20261001-21:45:50-70,param,DectScheduledAccessNetwork.queue,targetCompletedPackets,,,1000000
Phase6_Deterministic-14-20261001-21:45:50-70,param,DectScheduledAccessNetwork.queue,rngIndex,,,0
Phase6_Deterministic-14-20261001-21:45:50-70,param,DectScheduledAccessNetwork.queue,recordVectors,,,false
Phase6_Deterministic-14-20261001-21:45:50-70,param,DectScheduledAccessNetwork.queue,recordTailStatistics,,,true
Phase6_Deterministic-14-20261001-21:45:50-70,param,DectScheduledAccessNetwork,typename,,,"""dect2020scheduledaccess.DectScheduledAccessNetwork"""
Phase6_Deterministic-15-20261001-21:45:50-70,param,DectScheduledAccessNetwork.queue,typename,,,"""dect2020scheduledaccess.ScheduledAccessQueue"""
Phase6_Deterministic-15-20261001-21:45:50-70,param,DectScheduledAccessNetwork.queue,D,,,10
Phase6_Deterministic-15-20261001-21:45:50-70,param,DectScheduledAccessNetwork.queue,frameDuration,,,0.01s
Phase6_Deterministic-15-20261001-21:45:50-70,attr,DectScheduledAccessNetwork.queue,frameDuration,unit,s,
Phase6_Deterministic-15-20261001-21:45:50-70,param,DectScheduledAccessNetwork.queue,meanType1ServiceTime,,,0.000416667s
Phase6_Deterministic-15-20261001-21:45:50-70,attr,DectScheduledAccessNetwork.queue,meanType1ServiceTime,unit,s,
Phase6_Deterministic-15-20261001-21:45:50-70,param,DectScheduledAccessNetwork.queue,type1ServiceDistribution,,,"""deterministic"""
Phase6_Deterministic-15-20261001-21:45:50-70,param,DectScheduledAccessNetwork.queue,type1ServiceSCV,,,0
Phase6_Deterministic-15-20261001-21:45:50-70,param,DectScheduledAccessNetwork.queue,deriveDectParametersFromD,,,true
Phase6_Deterministic-15-20261001-21:45:50-70,param,DectScheduledAccessNetwork.queue,L,,,2
Phase6_Deterministic-15-20261001-21:45:50-70,param,DectScheduledAccessNetwork.queue,type2ServiceTime,,,0.009s
Phase6_Deterministic-15-20261001-21:45:50-70,attr,DectScheduledAccessNetwork.queue,type2ServiceTime,unit,s,
Phase6_Deterministic-15-20261001-21:45:50-70,param,DectScheduledAccessNetwork.queue,deriveLambdaFromRho,,,true
Phase6_Deterministic-15-20261001-21:45:50-70,param,DectScheduledAccessNetwork.queue,rho,,,0.0847458
Phase6_Deterministic-15-20261001-21:45:50-70,param,DectScheduledAccessNetwork.queue,lambdaPerMs,,,0.12
Phase6_Deterministic-15-20261001-21:45:50-70,param,DectScheduledAccessNetwork.queue,r,,,30
Phase6_Deterministic-15-20261001-21:45:50-70,param,DectScheduledAccessNetwork.queue,warmupCompletedPackets,,,200000
Phase6_Deterministic-15-20261001-21:45:50-70,param,DectScheduledAccessNetwork.queue,targetCompletedPackets,,,1000000
Phase6_Deterministic-15-20261001-21:45:50-70,param,DectScheduledAccessNetwork.queue,rngIndex,,,0
Phase6_Deterministic-15-20261001-21:45:50-70,param,DectScheduledAccessNetwork.queue,recordVectors,,,false
Phase6_Deterministic-15-20261001-21:45:50-70,param,DectScheduledAccessNetwork.queue,recordTailStatistics,,,true
Phase6_Deterministic-15-20261001-21:45:50-70,param,DectScheduledAccessNetwork,typename,,,"""dect2020scheduledaccess.DectScheduledAccessNetwork"""
Phase6_Deterministic-16-20261001-21:45:50-70,param,DectScheduledAccessNetwork.queue,typename,,,"""dect2020scheduledaccess.ScheduledAccessQueue"""
Phase6_Deterministic-16-20261001-21:45:50-70,param,DectScheduledAccessNetwork.queue,D,,,10
Phase6_Deterministic-16-20261001-21:45:50-70,param,DectScheduledAccessNetwork.queue,frameDuration,,,0.01s
Phase6_Deterministic-16-20261001-21:45:50-70,attr,DectScheduledAccessNetwork.queue,frameDuration,unit,s,
Phase6_Deterministic-16-20261001-21:45:50-70,param,DectScheduledAccessNetwork.queue,meanType1ServiceTime,,,0.000416667s
Phase6_Deterministic-16-20261001-21:45:50-70,attr,DectScheduledAccessNetwork.queue,meanType1ServiceTime,unit,s,
Phase6_Deterministic-16-20261001-21:45:50-70,param,DectScheduledAccessNetwork.queue,type1ServiceDistribution,,,"""deterministic"""
Phase6_Deterministic-16-20261001-21:45:50-70,param,DectScheduledAccessNetwork.queue,type1ServiceSCV,,,0
Phase6_Deterministic-16-20261001-21:45:50-70,param,DectScheduledAccessNetwork.queue,deriveDectParametersFromD,,,true
Phase6_Deterministic-16-20261001-21:45:50-70,param,DectScheduledAccessNetwork.queue,L,,,2
Phase6_Deterministic-16-20261001-21:45:50-70,param,DectScheduledAccessNetwork.queue,type2ServiceTime,,,0.009s
Phase6_Deterministic-16-20261001-21:45:50-70,attr,DectScheduledAccessNetwork.queue,type2ServiceTime,unit,s,
Phase6_Deterministic-16-20261001-21:45:50-70,param,DectScheduledAccessNetwork.queue,deriveLambdaFromRho,,,true
Phase6_Deterministic-16-20261001-21:45:50-70,param,DectScheduledAccessNetwork.queue,rho,,,0.0847458
Phase6_Deterministic-16-20261001-21:45:50-70,param,DectScheduledAccessNetwork.queue,lambdaPerMs,,,0.12
Phase6_Deterministic-16-20261001-21:45:50-70,param,DectScheduledAccessNetwork.queue,r,,,30
Phase6_Deterministic-16-20261001-21:45:50-70,param,DectScheduledAccessNetwork.queue,warmupCompletedPackets,,,200000
Phase6_Deterministic-16-20261001-21:45:50-70,param,DectScheduledAccessNetwork.queue,targetCompletedPackets,,,1000000
Phase6_Deterministic-16-20261001-21:45:50-70,param,DectScheduledAccessNetwork.queue,rngIndex,,,0
Phase6_Deterministic-16-20261001-21:45:50-70,param,DectScheduledAccessNetwork.queue,recordVectors,,,false
Phase6_Deterministic-16-20261001-21:45:50-70,param,DectScheduledAccessNetwork.queue,recordTailStatistics,,,true
Phase6_Deterministic-16-20261001-21:45:50-70,param,DectScheduledAccessNetwork,typename,,,"""dect2020scheduledaccess.DectScheduledAccessNetwork"""
Phase6_Deterministic-17-20261001-21:45:51-70,param,DectScheduledAccessNetwork.queue,typename,,,"""dect2020scheduledaccess.ScheduledAccessQueue"""
Phase6_Deterministic-17-20261001-21:45:51-70,param,DectScheduledAccessNetwork.queue,D,,,10
Phase6_Deterministic-17-20261001-21:45:51-70,param,DectScheduledAccessNetwork.queue,frameDuration,,,0.01s
Phase6_Deterministic-17-20261001-21:45:51-70,attr,DectScheduledAccessNetwork.queue,frameDuration,unit,s,
Phase6_Deterministic-17-20261001-21:45:51-70,param,DectScheduledAccessNetwork.queue,meanType1ServiceTime,,,0.000416667s
Phase6_Deterministic-17-20261001-21:45:51-70,attr,DectScheduledAccessNetwork.queue,meanType1ServiceTime,unit,s,
Phase6_Deterministic-17-20261001-21:45:51-70,param,DectScheduledAccessNetwork.queue,type1ServiceDistribution,,,"""deterministic"""
Phase6_Deterministic-17-20261001-21:45:51-70,param,DectScheduledAccessNetwork.queue,type1ServiceSCV,,,0
Phase6_Deterministic-17-20261001-21:45:51-70,param,DectScheduledAccessNetwork.queue,deriveDectParametersFromD,,,true
Phase6_Deterministic-17-20261001-21:45:51-70,param,DectScheduledAccessNetwork.queue,L,,,2
Phase6_Deterministic-17-20261001-21:45:51-70,param,DectScheduledAccessNetwork.queue,type2ServiceTime,,,0.009s
Phase6_Deterministic-17-20261001-21:45:51-70,attr,DectScheduledAccessNetwork.queue,type2ServiceTime,unit,s,
Phase6_Deterministic-17-20261001-21:45:51-70,param,DectScheduledAccessNetwork.queue,deriveLambdaFromRho,,,true
Phase6_Deterministic-17-20261001-21:45:51-70,param,DectScheduledAccessNetwork.queue,rho,,,0.0847458
Phase6_Deterministic-17-20261001-21:45:51-70,param,DectScheduledAccessNetwork.queue,lambdaPerMs,,,0.12
Phase6_Deterministic-17-20261001-21:45:51-70,param,DectScheduledAccessNetwork.queue,r,,,30
Phase6_Deterministic-17-20261001-21:45:51-70,param,DectScheduledAccessNetwork.queue,warmupCompletedPackets,,,200000
Phase6_Deterministic-17-20261001-21:45:51-70,param,DectScheduledAccessNetwork.queue,targetCompletedPackets,,,1000000
Phase6_Deterministic-17-20261001-21:45:51-70,param,DectScheduledAccessNetwork.queue,rngIndex,,,0
Phase6_Deterministic-17-20261001-21:45:51-70,param,DectScheduledAccessNetwork.queue,recordVectors,,,false
Phase6_Deterministic-17-20261001-21:45:51-70,param,DectScheduledAccessNetwork.queue,recordTailStatistics,,,true
Phase6_Deterministic-17-20261001-21:45:51-70,param,DectScheduledAccessNetwork,typename,,,"""dect2020scheduledaccess.DectScheduledAccessNetwork"""
Phase6_Deterministic-18-20261001-21:45:51-70,param,DectScheduledAccessNetwork.queue,typename,,,"""dect2020scheduledaccess.ScheduledAccessQueue"""
Phase6_Deterministic-18-20261001-21:45:51-70,param,DectScheduledAccessNetwork.queue,D,,,10
Phase6_Deterministic-18-20261001-21:45:51-70,param,DectScheduledAccessNetwork.queue,frameDuration,,,0.01s
Phase6_Deterministic-18-20261001-21:45:51-70,attr,DectScheduledAccessNetwork.queue,frameDuration,unit,s,
Phase6_Deterministic-18-20261001-21:45:51-70,param,DectScheduledAccessNetwork.queue,meanType1ServiceTime,,,0.000416667s
Phase6_Deterministic-18-20261001-21:45:51-70,attr,DectScheduledAccessNetwork.queue,meanType1ServiceTime,unit,s,
Phase6_Deterministic-18-20261001-21:45:51-70,param,DectScheduledAccessNetwork.queue,type1ServiceDistribution,,,"""deterministic"""
Phase6_Deterministic-18-20261001-21:45:51-70,param,DectScheduledAccessNetwork.queue,type1ServiceSCV,,,0
Phase6_Deterministic-18-20261001-21:45:51-70,param,DectScheduledAccessNetwork.queue,deriveDectParametersFromD,,,true
Phase6_Deterministic-18-20261001-21:45:51-70,param,DectScheduledAccessNetwork.queue,L,,,2
Phase6_Deterministic-18-20261001-21:45:51-70,param,DectScheduledAccessNetwork.queue,type2ServiceTime,,,0.009s
Phase6_Deterministic-18-20261001-21:45:51-70,attr,DectScheduledAccessNetwork.queue,type2ServiceTime,unit,s,
Phase6_Deterministic-18-20261001-21:45:51-70,param,DectScheduledAccessNetwork.queue,deriveLambdaFromRho,,,true
Phase6_Deterministic-18-20261001-21:45:51-70,param,DectScheduledAccessNetwork.queue,rho,,,0.0847458
Phase6_Deterministic-18-20261001-21:45:51-70,param,DectScheduledAccessNetwork.queue,lambdaPerMs,,,0.12
Phase6_Deterministic-18-20261001-21:45:51-70,param,DectScheduledAccessNetwork.queue,r,,,30
Phase6_Deterministic-18-20261001-21:45:51-70,param,DectScheduledAccessNetwork.queue,warmupCompletedPackets,,,200000
Phase6_Deterministic-18-20261001-21:45:51-70,param,DectScheduledAccessNetwork.queue,targetCompletedPackets,,,1000000
Phase6_Deterministic-18-20261001-21:45:51-70,param,DectScheduledAccessNetwork.queue,rngIndex,,,0
Phase6_Deterministic-18-20261001-21:45:51-70,param,DectScheduledAccessNetwork.queue,recordVectors,,,false
Phase6_Deterministic-18-20261001-21:45:51-70,param,DectScheduledAccessNetwork.queue,recordTailStatistics,,,true
Phase6_Deterministic-18-20261001-21:45:51-70,param,DectScheduledAccessNetwork,typename,,,"""dect2020scheduledaccess.DectScheduledAccessNetwork"""
Phase6_Deterministic-19-20261001-21:45:51-70,param,DectScheduledAccessNetwork.queue,typename,,,"""dect2020scheduledaccess.ScheduledAccessQueue"""
Phase6_Deterministic-19-20261001-21:45:51-70,param,DectScheduledAccessNetwork.queue,D,,,10
Phase6_Deterministic-19-20261001-21:45:51-70,param,DectScheduledAccessNetwork.queue,frameDuration,,,0.01s
Phase6_Deterministic-19-20261001-21:45:51-70,attr,DectScheduledAccessNetwork.queue,frameDuration,unit,s,
Phase6_Deterministic-19-20261001-21:45:51-70,param,DectScheduledAccessNetwork.queue,meanType1ServiceTime,,,0.000416667s
Phase6_Deterministic-19-20261001-21:45:51-70,attr,DectScheduledAccessNetwork.queue,meanType1ServiceTime,unit,s,
Phase6_Deterministic-19-20261001-21:45:51-70,param,DectScheduledAccessNetwork.queue,type1ServiceDistribution,,,"""deterministic"""
Phase6_Deterministic-19-20261001-21:45:51-70,param,DectScheduledAccessNetwork.queue,type1ServiceSCV,,,0
Phase6_Deterministic-19-20261001-21:45:51-70,param,DectScheduledAccessNetwork.queue,deriveDectParametersFromD,,,true
Phase6_Deterministic-19-20261001-21:45:51-70,param,DectScheduledAccessNetwork.queue,L,,,2
Phase6_Deterministic-19-20261001-21:45:51-70,param,DectScheduledAccessNetwork.queue,type2ServiceTime,,,0.009s
Phase6_Deterministic-19-20261001-21:45:51-70,attr,DectScheduledAccessNetwork.queue,type2ServiceTime,unit,s,
Phase6_Deterministic-19-20261001-21:45:51-70,param,DectScheduledAccessNetwork.queue,deriveLambdaFromRho,,,true
Phase6_Deterministic-19-20261001-21:45:51-70,param,DectScheduledAccessNetwork.queue,rho,,,0.0847458
Phase6_Deterministic-19-20261001-21:45:51-70,param,DectScheduledAccessNetwork.queue,lambdaPerMs,,,0.12
Phase6_Deterministic-19-20261001-21:45:51-70,param,DectScheduledAccessNetwork.queue,r,,,30
Phase6_Deterministic-19-20261001-21:45:51-70,param,DectScheduledAccessNetwork.queue,warmupCompletedPackets,,,200000
Phase6_Deterministic-19-20261001-21:45:51-70,param,DectScheduledAccessNetwork.queue,targetCompletedPackets,,,1000000
Phase6_Deterministic-19-20261001-21:45:51-70,param,DectScheduledAccessNetwork.queue,rngIndex,,,0
Phase6_Deterministic-19-20261001-21:45:51-70,param,DectScheduledAccessNetwork.queue,recordVectors,,,false
Phase6_Deterministic-19-20261001-21:45:51-70,param,DectScheduledAccessNetwork.queue,recordTailStatistics,,,true
Phase6_Deterministic-19-20261001-21:45:51-70,param,DectScheduledAccessNetwork,typename,,,"""dect2020scheduledaccess.DectScheduledAccessNetwork"""
Phase6_Deterministic-20-20261001-21:45:51-70,param,DectScheduledAccessNetwork.queue,typename,,,"""dect2020scheduledaccess.ScheduledAccessQueue"""
Phase6_Deterministic-20-20261001-21:45:51-70,param,DectScheduledAccessNetwork.queue,D,,,10
Phase6_Deterministic-20-20261001-21:45:51-70,param,DectScheduledAccessNetwork.queue,frameDuration,,,0.01s
Phase6_Deterministic-20-20261001-21:45:51-70,attr,DectScheduledAccessNetwork.queue,frameDuration,unit,s,
Phase6_Deterministic-20-20261001-21:45:51-70,param,DectScheduledAccessNetwork.queue,meanType1ServiceTime,,,0.000416667s
Phase6_Deterministic-20-20261001-21:45:51-70,attr,DectScheduledAccessNetwork.queue,meanType1ServiceTime,unit,s,
Phase6_Deterministic-20-20261001-21:45:51-70,param,DectScheduledAccessNetwork.queue,type1ServiceDistribution,,,"""deterministic"""
Phase6_Deterministic-20-20261001-21:45:51-70,param,DectScheduledAccessNetwork.queue,type1ServiceSCV,,,0
Phase6_Deterministic-20-20261001-21:45:51-70,param,DectScheduledAccessNetwork.queue,deriveDectParametersFromD,,,true
Phase6_Deterministic-20-20261001-21:45:51-70,param,DectScheduledAccessNetwork.queue,L,,,2
Phase6_Deterministic-20-20261001-21:45:51-70,param,DectScheduledAccessNetwork.queue,type2ServiceTime,,,0.009s
Phase6_Deterministic-20-20261001-21:45:51-70,attr,DectScheduledAccessNetwork.queue,type2ServiceTime,unit,s,
Phase6_Deterministic-20-20261001-21:45:51-70,param,DectScheduledAccessNetwork.queue,deriveLambdaFromRho,,,true
Phase6_Deterministic-20-20261001-21:45:51-70,param,DectScheduledAccessNetwork.queue,rho,,,0.101695
Phase6_Deterministic-20-20261001-21:45:51-70,param,DectScheduledAccessNetwork.queue,lambdaPerMs,,,0.12
Phase6_Deterministic-20-20261001-21:45:51-70,param,DectScheduledAccessNetwork.queue,r,,,30
Phase6_Deterministic-20-20261001-21:45:51-70,param,DectScheduledAccessNetwork.queue,warmupCompletedPackets,,,200000
Phase6_Deterministic-20-20261001-21:45:51-70,param,DectScheduledAccessNetwork.queue,targetCompletedPackets,,,1000000
Phase6_Deterministic-20-20261001-21:45:51-70,param,DectScheduledAccessNetwork.queue,rngIndex,,,0
Phase6_Deterministic-20-20261001-21:45:51-70,param,DectScheduledAccessNetwork.queue,recordVectors,,,false
Phase6_Deterministic-20-20261001-21:45:51-70,param,DectScheduledAccessNetwork.queue,recordTailStatistics,,,true
Phase6_Deterministic-20-20261001-21:45:51-70,param,DectScheduledAccessNetwork,typename,,,"""dect2020scheduledaccess.DectScheduledAccessNetwork"""
Phase6_Deterministic-21-20261001-21:45:51-70,param,DectScheduledAccessNetwork.queue,typename,,,"""dect2020scheduledaccess.ScheduledAccessQueue"""
Phase6_Deterministic-21-20261001-21:45:51-70,param,DectScheduledAccessNetwork.queue,D,,,10
Phase6_Deterministic-21-20261001-21:45:51-70,param,DectScheduledAccessNetwork.queue,frameDuration,,,0.01s
Phase6_Deterministic-21-20261001-21:45:51-70,attr,DectScheduledAccessNetwork.queue,frameDuration,unit,s,
Phase6_Deterministic-21-20261001-21:45:51-70,param,DectScheduledAccessNetwork.queue,meanType1ServiceTime,,,0.000416667s
Phase6_Deterministic-21-20261001-21:45:51-70,attr,DectScheduledAccessNetwork.queue,meanType1ServiceTime,unit,s,
Phase6_Deterministic-21-20261001-21:45:51-70,param,DectScheduledAccessNetwork.queue,type1ServiceDistribution,,,"""deterministic"""
Phase6_Deterministic-21-20261001-21:45:51-70,param,DectScheduledAccessNetwork.queue,type1ServiceSCV,,,0
Phase6_Deterministic-21-20261001-21:45:51-70,param,DectScheduledAccessNetwork.queue,deriveDectParametersFromD,,,true
Phase6_Deterministic-21-20261001-21:45:51-70,param,DectScheduledAccessNetwork.queue,L,,,2
Phase6_Deterministic-21-20261001-21:45:51-70,param,DectScheduledAccessNetwork.queue,type2ServiceTime,,,0.009s
Phase6_Deterministic-21-20261001-21:45:51-70,attr,DectScheduledAccessNetwork.queue,type2ServiceTime,unit,s,
Phase6_Deterministic-21-20261001-21:45:51-70,param,DectScheduledAccessNetwork.queue,deriveLambdaFromRho,,,true
Phase6_Deterministic-21-20261001-21:45:51-70,param,DectScheduledAccessNetwork.queue,rho,,,0.101695
Phase6_Deterministic-21-20261001-21:45:51-70,param,DectScheduledAccessNetwork.queue,lambdaPerMs,,,0.12
Phase6_Deterministic-21-20261001-21:45:51-70,param,DectScheduledAccessNetwork.queue,r,,,30
Phase6_Deterministic-21-20261001-21:45:51-70,param,DectScheduledAccessNetwork.queue,warmupCompletedPackets,,,200000
Phase6_Deterministic-21-20261001-21:45:51-70,param,DectScheduledAccessNetwork.queue,targetCompletedPackets,,,1000000
Phase6_Deterministic-21-20261001-21:45:51-70,param,DectScheduledAccessNetwork.queue,rngIndex,,,0
Phase6_Deterministic-21-20261001-21:45:51-70,param,DectScheduledAccessNetwork.queue,recordVectors,,,false
Phase6_Deterministic-21-20261001-21:45:51-70,param,DectScheduledAccessNetwork.queue,recordTailStatistics,,,true
Phase6_Deterministic-21-20261001-21:45:51-70,param,DectScheduledAccessNetwork,typename,,,"""dect2020scheduledaccess.DectScheduledAccessNetwork"""
Phase6_Deterministic-22-20261001-21:45:52-70,param,DectScheduledAccessNetwork.queue,typename,,,"""dect2020scheduledaccess.ScheduledAccessQueue"""
Phase6_Deterministic-22-20261001-21:45:52-70,param,DectScheduledAccessNetwork.queue,D,,,10
Phase6_Deterministic-22-20261001-21:45:52-70,param,DectScheduledAccessNetwork.queue,frameDuration,,,0.01s
Phase6_Deterministic-22-20261001-21:45:52-70,attr,DectScheduledAccessNetwork.queue,frameDuration,unit,s,
Phase6_Deterministic-22-20261001-21:45:52-70,param,DectScheduledAccessNetwork.queue,meanType1ServiceTime,,,0.000416667s
Phase6_Deterministic-22-20261001-21:45:52-70,attr,DectScheduledAccessNetwork.queue,meanType1ServiceTime,unit,s,
Phase6_Deterministic-22-20261001-21:45:52-70,param,DectScheduledAccessNetwork.queue,type1ServiceDistribution,,,"""deterministic"""
Phase6_Deterministic-22-20261001-21:45:52-70,param,DectScheduledAccessNetwork.queue,type1ServiceSCV,,,0
Phase6_Deterministic-22-20261001-21:45:52-70,param,DectScheduledAccessNetwork.queue,deriveDectParametersFromD,,,true
Phase6_Deterministic-22-20261001-21:45:52-70,param,DectScheduledAccessNetwork.queue,L,,,2
Phase6_Deterministic-22-20261001-21:45:52-70,param,DectScheduledAccessNetwork.queue,type2ServiceTime,,,0.009s
Phase6_Deterministic-22-20261001-21:45:52-70,attr,DectScheduledAccessNetwork.queue,type2ServiceTime,unit,s,
Phase6_Deterministic-22-20261001-21:45:52-70,param,DectScheduledAccessNetwork.queue,deriveLambdaFromRho,,,true
Phase6_Deterministic-22-20261001-21:45:52-70,param,DectScheduledAccessNetwork.queue,rho,,,0.101695
Phase6_Deterministic-22-20261001-21:45:52-70,param,DectScheduledAccessNetwork.queue,lambdaPerMs,,,0.12
Phase6_Deterministic-22-20261001-21:45:52-70,param,DectScheduledAccessNetwork.queue,r,,,30
Phase6_Deterministic-22-20261001-21:45:52-70,param,DectScheduledAccessNetwork.queue,warmupCompletedPackets,,,200000
Phase6_Deterministic-22-20261001-21:45:52-70,param,DectScheduledAccessNetwork.queue,targetCompletedPackets,,,1000000
Phase6_Deterministic-22-20261001-21:45:52-70,param,DectScheduledAccessNetwork.queue,rngIndex,,,0
Phase6_Deterministic-22-20261001-21:45:52-70,param,DectScheduledAccessNetwork.queue,recordVectors,,,false
Phase6_Deterministic-22-20261001-21:45:52-70,param,DectScheduledAccessNetwork.queue,recordTailStatistics,,,true
Phase6_Deterministic-22-20261001-21:45:52-70,param,DectScheduledAccessNetwork,typename,,,"""dect2020scheduledaccess.DectScheduledAccessNetwork"""
Phase6_Deterministic-23-20261001-21:45:52-70,param,DectScheduledAccessNetwork.queue,typename,,,"""dect2020scheduledaccess.ScheduledAccessQueue"""
Phase6_Deterministic-23-20261001-21:45:52-70,param,DectScheduledAccessNetwork.queue,D,,,10
Phase6_Deterministic-23-20261001-21:45:52-70,param,DectScheduledAccessNetwork.queue,frameDuration,,,0.01s
Phase6_Deterministic-23-20261001-21:45:52-70,attr,DectScheduledAccessNetwork.queue,frameDuration,unit,s,
Phase6_Deterministic-23-20261001-21:45:52-70,param,DectScheduledAccessNetwork.queue,meanType1ServiceTime,,,0.000416667s
Phase6_Deterministic-23-20261001-21:45:52-70,attr,DectScheduledAccessNetwork.queue,meanType1ServiceTime,unit,s,
Phase6_Deterministic-23-20261001-21:45:52-70,param,DectScheduledAccessNetwork.queue,type1ServiceDistribution,,,"""deterministic"""
Phase6_Deterministic-23-20261001-21:45:52-70,param,DectScheduledAccessNetwork.queue,type1ServiceSCV,,,0
Phase6_Deterministic-23-20261001-21:45:52-70,param,DectScheduledAccessNetwork.queue,deriveDectParametersFromD,,,true
Phase6_Deterministic-23-20261001-21:45:52-70,param,DectScheduledAccessNetwork.queue,L,,,2
Phase6_Deterministic-23-20261001-21:45:52-70,param,DectScheduledAccessNetwork.queue,type2ServiceTime,,,0.009s
Phase6_Deterministic-23-20261001-21:45:52-70,attr,DectScheduledAccessNetwork.queue,type2ServiceTime,unit,s,
Phase6_Deterministic-23-20261001-21:45:52-70,param,DectScheduledAccessNetwork.queue,deriveLambdaFromRho,,,true
Phase6_Deterministic-23-20261001-21:45:52-70,param,DectScheduledAccessNetwork.queue,rho,,,0.101695
Phase6_Deterministic-23-20261001-21:45:52-70,param,DectScheduledAccessNetwork.queue,lambdaPerMs,,,0.12
Phase6_Deterministic-23-20261001-21:45:52-70,param,DectScheduledAccessNetwork.queue,r,,,30
Phase6_Deterministic-23-20261001-21:45:52-70,param,DectScheduledAccessNetwork.queue,warmupCompletedPackets,,,200000
Phase6_Deterministic-23-20261001-21:45:52-70,param,DectScheduledAccessNetwork.queue,targetCompletedPackets,,,1000000
Phase6_Deterministic-23-20261001-21:45:52-70,param,DectScheduledAccessNetwork.queue,rngIndex,,,0
Phase6_Deterministic-23-20261001-21:45:52-70,param,DectScheduledAccessNetwork.queue,recordVectors,,,false
Phase6_Deterministic-23-20261001-21:45:52-70,param,DectScheduledAccessNetwork.queue,recordTailStatistics,,,true
Phase6_Deterministic-23-20261001-21:45:52-70,param,DectScheduledAccessNetwork,typename,,,"""dect2020scheduledaccess.DectScheduledAccessNetwork"""
Phase6_Deterministic-24-20261001-21:45:52-70,param,DectScheduledAccessNetwork.queue,typename,,,"""dect2020scheduledaccess.ScheduledAccessQueue"""
Phase6_Deterministic-24-20261001-21:45:52-70,param,DectScheduledAccessNetwork.queue,D,,,10
Phase6_Deterministic-24-20261001-21:45:52-70,param,DectScheduledAccessNetwork.queue,frameDuration,,,0.01s
Phase6_Deterministic-24-20261001-21:45:52-70,attr,DectScheduledAccessNetwork.queue,frameDuration,unit,s,
Phase6_Deterministic-24-20261001-21:45:52-70,param,DectScheduledAccessNetwork.queue,meanType1ServiceTime,,,0.000416667s
Phase6_Deterministic-24-20261001-21:45:52-70,attr,DectScheduledAccessNetwork.queue,meanType1ServiceTime,unit,s,
Phase6_Deterministic-24-20261001-21:45:52-70,param,DectScheduledAccessNetwork.queue,type1ServiceDistribution,,,"""deterministic"""
Phase6_Deterministic-24-20261001-21:45:52-70,param,DectScheduledAccessNetwork.queue,type1ServiceSCV,,,0
Phase6_Deterministic-24-20261001-21:45:52-70,param,DectScheduledAccessNetwork.queue,deriveDectParametersFromD,,,true
Phase6_Deterministic-24-20261001-21:45:52-70,param,DectScheduledAccessNetwork.queue,L,,,2
Phase6_Deterministic-24-20261001-21:45:52-70,param,DectScheduledAccessNetwork.queue,type2ServiceTime,,,0.009s
Phase6_Deterministic-24-20261001-21:45:52-70,attr,DectScheduledAccessNetwork.queue,type2ServiceTime,unit,s,
Phase6_Deterministic-24-20261001-21:45:52-70,param,DectScheduledAccessNetwork.queue,deriveLambdaFromRho,,,true
Phase6_Deterministic-24-20261001-21:45:52-70,param,DectScheduledAccessNetwork.queue,rho,,,0.101695
Phase6_Deterministic-24-20261001-21:45:52-70,param,DectScheduledAccessNetwork.queue,lambdaPerMs,,,0.12
Phase6_Deterministic-24-20261001-21:45:52-70,param,DectScheduledAccessNetwork.queue,r,,,30
Phase6_Deterministic-24-20261001-21:45:52-70,param,DectScheduledAccessNetwork.queue,warmupCompletedPackets,,,200000
Phase6_Deterministic-24-20261001-21:45:52-70,param,DectScheduledAccessNetwork.queue,targetCompletedPackets,,,1000000
Phase6_Deterministic-24-20261001-21:45:52-70,param,DectScheduledAccessNetwork.queue,rngIndex,,,0
Phase6_Deterministic-24-20261001-21:45:52-70,param,DectScheduledAccessNetwork.queue,recordVectors,,,false
Phase6_Deterministic-24-20261001-21:45:52-70,param,DectScheduledAccessNetwork.queue,recordTailStatistics,,,true
Phase6_Deterministic-24-20261001-21:45:52-70,param,DectScheduledAccessNetwork,typename,,,"""dect2020scheduledaccess.DectScheduledAccessNetwork"""
Phase6_Deterministic-25-20261001-21:45:53-70,param,DectScheduledAccessNetwork.queue,typename,,,"""dect2020scheduledaccess.ScheduledAccessQueue"""
Phase6_Deterministic-25-20261001-21:45:53-70,param,DectScheduledAccessNetwork.queue,D,,,10
Phase6_Deterministic-25-20261001-21:45:53-70,param,DectScheduledAccessNetwork.queue,frameDuration,,,0.01s
Phase6_Deterministic-25-20261001-21:45:53-70,attr,DectScheduledAccessNetwork.queue,frameDuration,unit,s,
Phase6_Deterministic-25-20261001-21:45:53-70,param,DectScheduledAccessNetwork.queue,meanType1ServiceTime,,,0.000416667s
Phase6_Deterministic-25-20261001-21:45:53-70,attr,DectScheduledAccessNetwork.queue,meanType1ServiceTime,unit,s,
Phase6_Deterministic-25-20261001-21:45:53-70,param,DectScheduledAccessNetwork.queue,type1ServiceDistribution,,,"""deterministic"""
Phase6_Deterministic-25-20261001-21:45:53-70,param,DectScheduledAccessNetwork.queue,type1ServiceSCV,,,0
Phase6_Deterministic-25-20261001-21:45:53-70,param,DectScheduledAccessNetwork.queue,deriveDectParametersFromD,,,true
Phase6_Deterministic-25-20261001-21:45:53-70,param,DectScheduledAccessNetwork.queue,L,,,2
Phase6_Deterministic-25-20261001-21:45:53-70,param,DectScheduledAccessNetwork.queue,type2ServiceTime,,,0.009s
Phase6_Deterministic-25-20261001-21:45:53-70,attr,DectScheduledAccessNetwork.queue,type2ServiceTime,unit,s,
Phase6_Deterministic-25-20261001-21:45:53-70,param,DectScheduledAccessNetwork.queue,deriveLambdaFromRho,,,true
Phase6_Deterministic-25-20261001-21:45:53-70,param,DectScheduledAccessNetwork.queue,rho,,,0.101695
Phase6_Deterministic-25-20261001-21:45:53-70,param,DectScheduledAccessNetwork.queue,lambdaPerMs,,,0.12
Phase6_Deterministic-25-20261001-21:45:53-70,param,DectScheduledAccessNetwork.queue,r,,,30
Phase6_Deterministic-25-20261001-21:45:53-70,param,DectScheduledAccessNetwork.queue,warmupCompletedPackets,,,200000
Phase6_Deterministic-25-20261001-21:45:53-70,param,DectScheduledAccessNetwork.queue,targetCompletedPackets,,,1000000
Phase6_Deterministic-25-20261001-21:45:53-70,param,DectScheduledAccessNetwork.queue,rngIndex,,,0
Phase6_Deterministic-25-20261001-21:45:53-70,param,DectScheduledAccessNetwork.queue,recordVectors,,,false
Phase6_Deterministic-25-20261001-21:45:53-70,param,DectScheduledAccessNetwork.queue,recordTailStatistics,,,true
Phase6_Deterministic-25-20261001-21:45:53-70,param,DectScheduledAccessNetwork,typename,,,"""dect2020scheduledaccess.DectScheduledAccessNetwork"""
Phase6_Deterministic-26-20261001-21:45:53-70,param,DectScheduledAccessNetwork.queue,typename,,,"""dect2020scheduledaccess.ScheduledAccessQueue"""
Phase6_Deterministic-26-20261001-21:45:53-70,param,DectScheduledAccessNetwork.queue,D,,,10
Phase6_Deterministic-26-20261001-21:45:53-70,param,DectScheduledAccessNetwork.queue,frameDuration,,,0.01s
Phase6_Deterministic-26-20261001-21:45:53-70,attr,DectScheduledAccessNetwork.queue,frameDuration,unit,s,
Phase6_Deterministic-26-20261001-21:45:53-70,param,DectScheduledAccessNetwork.queue,meanType1ServiceTime,,,0.000416667s
Phase6_Deterministic-26-20261001-21:45:53-70,attr,DectScheduledAccessNetwork.queue,meanType1ServiceTime,unit,s,
Phase6_Deterministic-26-20261001-21:45:53-70,param,DectScheduledAccessNetwork.queue,type1ServiceDistribution,,,"""deterministic"""
Phase6_Deterministic-26-20261001-21:45:53-70,param,DectScheduledAccessNetwork.queue,type1ServiceSCV,,,0
Phase6_Deterministic-26-20261001-21:45:53-70,param,DectScheduledAccessNetwork.queue,deriveDectParametersFromD,,,true
Phase6_Deterministic-26-20261001-21:45:53-70,param,DectScheduledAccessNetwork.queue,L,,,2
Phase6_Deterministic-26-20261001-21:45:53-70,param,DectScheduledAccessNetwork.queue,type2ServiceTime,,,0.009s
Phase6_Deterministic-26-20261001-21:45:53-70,attr,DectScheduledAccessNetwork.queue,type2ServiceTime,unit,s,
Phase6_Deterministic-26-20261001-21:45:53-70,param,DectScheduledAccessNetwork.queue,deriveLambdaFromRho,,,true
Phase6_Deterministic-26-20261001-21:45:53-70,param,DectScheduledAccessNetwork.queue,rho,,,0.101695
Phase6_Deterministic-26-20261001-21:45:53-70,param,DectScheduledAccessNetwork.queue,lambdaPerMs,,,0.12
Phase6_Deterministic-26-20261001-21:45:53-70,param,DectScheduledAccessNetwork.queue,r,,,30
Phase6_Deterministic-26-20261001-21:45:53-70,param,DectScheduledAccessNetwork.queue,warmupCompletedPackets,,,200000
Phase6_Deterministic-26-20261001-21:45:53-70,param,DectScheduledAccessNetwork.queue,targetCompletedPackets,,,1000000
Phase6_Deterministic-26-20261001-21:45:53-70,param,DectScheduledAccessNetwork.queue,rngIndex,,,0
Phase6_Deterministic-26-20261001-21:45:53-70,param,DectScheduledAccessNetwork.queue,recordVectors,,,false
Phase6_Deterministic-26-20261001-21:45:53-70,param,DectScheduledAccessNetwork.queue,recordTailStatistics,,,true
Phase6_Deterministic-26-20261001-21:45:53-70,param,DectScheduledAccessNetwork,typename,,,"""dect2020scheduledaccess.DectScheduledAccessNetwork"""
Phase6_Deterministic-27-20261001-21:45:53-70,param,DectScheduledAccessNetwork.queue,typename,,,"""dect2020scheduledaccess.ScheduledAccessQueue"""
Phase6_Deterministic-27-20261001-21:45:53-70,param,DectScheduledAccessNetwork.queue,D,,,10
Phase6_Deterministic-27-20261001-21:45:53-70,param,DectScheduledAccessNetwork.queue,frameDuration,,,0.01s
Phase6_Deterministic-27-20261001-21:45:53-70,attr,DectScheduledAccessNetwork.queue,frameDuration,unit,s,
Phase6_Deterministic-27-20261001-21:45:53-70,param,DectScheduledAccessNetwork.queue,meanType1ServiceTime,,,0.000416667s
Phase6_Deterministic-27-20261001-21:45:53-70,attr,DectScheduledAccessNetwork.queue,meanType1ServiceTime,unit,s,
Phase6_Deterministic-27-20261001-21:45:53-70,param,DectScheduledAccessNetwork.queue,type1ServiceDistribution,,,"""deterministic"""
Phase6_Deterministic-27-20261001-21:45:53-70,param,DectScheduledAccessNetwork.queue,type1ServiceSCV,,,0
Phase6_Deterministic-27-20261001-21:45:53-70,param,DectScheduledAccessNetwork.queue,deriveDectParametersFromD,,,true
Phase6_Deterministic-27-20261001-21:45:53-70,param,DectScheduledAccessNetwork.queue,L,,,2
Phase6_Deterministic-27-20261001-21:45:53-70,param,DectScheduledAccessNetwork.queue,type2ServiceTime,,,0.009s
Phase6_Deterministic-27-20261001-21:45:53-70,attr,DectScheduledAccessNetwork.queue,type2ServiceTime,unit,s,
Phase6_Deterministic-27-20261001-21:45:53-70,param,DectScheduledAccessNetwork.queue,deriveLambdaFromRho,,,true
Phase6_Deterministic-27-20261001-21:45:53-70,param,DectScheduledAccessNetwork.queue,rho,,,0.101695
Phase6_Deterministic-27-20261001-21:45:53-70,param,DectScheduledAccessNetwork.queue,lambdaPerMs,,,0.12
Phase6_Deterministic-27-20261001-21:45:53-70,param,DectScheduledAccessNetwork.queue,r,,,30
Phase6_Deterministic-27-20261001-21:45:53-70,param,DectScheduledAccessNetwork.queue,warmupCompletedPackets,,,200000
Phase6_Deterministic-27-20261001-21:45:53-70,param,DectScheduledAccessNetwork.queue,targetCompletedPackets,,,1000000
Phase6_Deterministic-27-20261001-21:45:53-70,param,DectScheduledAccessNetwork.queue,rngIndex,,,0
Phase6_Deterministic-27-20261001-21:45:53-70,param,DectScheduledAccessNetwork.queue,recordVectors,,,false
Phase6_Deterministic-27-20261001-21:45:53-70,param,DectScheduledAccessNetwork.queue,recordTailStatistics,,,true
Phase6_Deterministic-27-20261001-21:45:53-70,param,DectScheduledAccessNetwork,typename,,,"""dect2020scheduledaccess.DectScheduledAccessNetwork"""
Phase6_Deterministic-28-20261001-21:45:53-70,param,DectScheduledAccessNetwork.queue,typename,,,"""dect2020scheduledaccess.ScheduledAccessQueue"""
Phase6_Deterministic-28-20261001-21:45:53-70,param,DectScheduledAccessNetwork.queue,D,,,10
Phase6_Deterministic-28-20261001-21:45:53-70,param,DectScheduledAccessNetwork.queue,frameDuration,,,0.01s
Phase6_Deterministic-28-20261001-21:45:53-70,attr,DectScheduledAccessNetwork.queue,frameDuration,unit,s,
Phase6_Deterministic-28-20261001-21:45:53-70,param,DectScheduledAccessNetwork.queue,meanType1ServiceTime,,,0.000416667s
Phase6_Deterministic-28-20261001-21:45:53-70,attr,DectScheduledAccessNetwork.queue,meanType1ServiceTime,unit,s,
Phase6_Deterministic-28-20261001-21:45:53-70,param,DectScheduledAccessNetwork.queue,type1ServiceDistribution,,,"""deterministic"""
Phase6_Deterministic-28-20261001-21:45:53-70,param,DectScheduledAccessNetwork.queue,type1ServiceSCV,,,0
Phase6_Deterministic-28-20261001-21:45:53-70,param,DectScheduledAccessNetwork.queue,deriveDectParametersFromD,,,true
Phase6_Deterministic-28-20261001-21:45:53-70,param,DectScheduledAccessNetwork.queue,L,,,2
Phase6_Deterministic-28-20261001-21:45:53-70,param,DectScheduledAccessNetwork.queue,type2ServiceTime,,,0.009s
Phase6_Deterministic-28-20261001-21:45:53-70,attr,DectScheduledAccessNetwork.queue,type2ServiceTime,unit,s,
Phase6_Deterministic-28-20261001-21:45:53-70,param,DectScheduledAccessNetwork.queue,deriveLambdaFromRho,,,true
Phase6_Deterministic-28-20261001-21:45:53-70,param,DectScheduledAccessNetwork.queue,rho,,,0.101695
Phase6_Deterministic-28-20261001-21:45:53-70,param,DectScheduledAccessNetwork.queue,lambdaPerMs,,,0.12
Phase6_Deterministic-28-20261001-21:45:53-70,param,DectScheduledAccessNetwork.queue,r,,,30
Phase6_Deterministic-28-20261001-21:45:53-70,param,DectScheduledAccessNetwork.queue,warmupCompletedPackets,,,200000
Phase6_Deterministic-28-20261001-21:45:53-70,param,DectScheduledAccessNetwork.queue,targetCompletedPackets,,,1000000
Phase6_Deterministic-28-20261001-21:45:53-70,param,DectScheduledAccessNetwork.queue,rngIndex,,,0
Phase6_Deterministic-28-20261001-21:45:53-70,param,DectScheduledAccessNetwork.queue,recordVectors,,,false
Phase6_Deterministic-28-20261001-21:45:53-70,param,DectScheduledAccessNetwork.queue,recordTailStatistics,,,true
Phase6_Deterministic-28-20261001-21:45:53-70,param,DectScheduledAccessNetwork,typename,,,"""dect2020scheduledaccess.DectScheduledAccessNetwork"""
Phase6_Deterministic-29-20261001-21:45:54-70,param,DectScheduledAccessNetwork.queue,typename,,,"""dect2020scheduledaccess.ScheduledAccessQueue"""
Phase6_Deterministic-29-20261001-21:45:54-70,param,DectScheduledAccessNetwork.queue,D,,,10
Phase6_Deterministic-29-20261001-21:45:54-70,param,DectScheduledAccessNetwork.queue,frameDuration,,,0.01s
Phase6_Deterministic-29-20261001-21:45:54-70,attr,DectScheduledAccessNetwork.queue,frameDuration,unit,s,
Phase6_Deterministic-29-20261001-21:45:54-70,param,DectScheduledAccessNetwork.queue,meanType1ServiceTime,,,0.000416667s
Phase6_Deterministic-29-20261001-21:45:54-70,attr,DectScheduledAccessNetwork.queue,meanType1ServiceTime,unit,s,
Phase6_Deterministic-29-20261001-21:45:54-70,param,DectScheduledAccessNetwork.queue,type1ServiceDistribution,,,"""deterministic"""
Phase6_Deterministic-29-20261001-21:45:54-70,param,DectScheduledAccessNetwork.queue,type1ServiceSCV,,,0
Phase6_Deterministic-29-20261001-21:45:54-70,param,DectScheduledAccessNetwork.queue,deriveDectParametersFromD,,,true
Phase6_Deterministic-29-20261001-21:45:54-70,param,DectScheduledAccessNetwork.queue,L,,,2
Phase6_Deterministic-29-20261001-21:45:54-70,param,DectScheduledAccessNetwork.queue,type2ServiceTime,,,0.009s
Phase6_Deterministic-29-20261001-21:45:54-70,attr,DectScheduledAccessNetwork.queue,type2ServiceTime,unit,s,
Phase6_Deterministic-29-20261001-21:45:54-70,param,DectScheduledAccessNetwork.queue,deriveLambdaFromRho,,,true
Phase6_Deterministic-29-20261001-21:45:54-70,param,DectScheduledAccessNetwork.queue,rho,,,0.101695
Phase6_Deterministic-29-20261001-21:45:54-70,param,DectScheduledAccessNetwork.queue,lambdaPerMs,,,0.12
Phase6_Deterministic-29-20261001-21:45:54-70,param,DectScheduledAccessNetwork.queue,r,,,30
Phase6_Deterministic-29-20261001-21:45:54-70,param,DectScheduledAccessNetwork.queue,warmupCompletedPackets,,,200000
Phase6_Deterministic-29-20261001-21:45:54-70,param,DectScheduledAccessNetwork.queue,targetCompletedPackets,,,1000000
Phase6_Deterministic-29-20261001-21:45:54-70,param,DectScheduledAccessNetwork.queue,rngIndex,,,0
Phase6_Deterministic-29-20261001-21:45:54-70,param,DectScheduledAccessNetwork.queue,recordVectors,,,false
Phase6_Deterministic-29-20261001-21:45:54-70,param,DectScheduledAccessNetwork.queue,recordTailStatistics,,,true
Phase6_Deterministic-29-20261001-21:45:54-70,param,DectScheduledAccessNetwork,typename,,,"""dect2020scheduledaccess.DectScheduledAccessNetwork"""
Phase6_Exponential-0-20261001-21:45:54-71,param,DectScheduledAccessNetwork.queue,typename,,,"""dect2020scheduledaccess.ScheduledAccessQueue"""
Phase6_Exponential-0-20261001-21:45:54-71,param,DectScheduledAccessNetwork.queue,D,,,10
Phase6_Exponential-0-20261001-21:45:54-71,param,DectScheduledAccessNetwork.queue,frameDuration,,,0.01s
Phase6_Exponential-0-20261001-21:45:54-71,attr,DectScheduledAccessNetwork.queue,frameDuration,unit,s,
Phase6_Exponential-0-20261001-21:45:54-71,param,DectScheduledAccessNetwork.queue,meanType1ServiceTime,,,0.000416667s
Phase6_Exponential-0-20261001-21:45:54-71,attr,DectScheduledAccessNetwork.queue,meanType1ServiceTime,unit,s,
Phase6_Exponential-0-20261001-21:45:54-71,param,DectScheduledAccessNetwork.queue,type1ServiceDistribution,,,"""exponential"""
Phase6_Exponential-0-20261001-21:45:54-71,param,DectScheduledAccessNetwork.queue,type1ServiceSCV,,,1
Phase6_Exponential-0-20261001-21:45:54-71,param,DectScheduledAccessNetwork.queue,deriveDectParametersFromD,,,true
Phase6_Exponential-0-20261001-21:45:54-71,param,DectScheduledAccessNetwork.queue,L,,,2
Phase6_Exponential-0-20261001-21:45:54-71,param,DectScheduledAccessNetwork.queue,type2ServiceTime,,,0.009s
Phase6_Exponential-0-20261001-21:45:54-71,attr,DectScheduledAccessNetwork.queue,type2ServiceTime,unit,s,
Phase6_Exponential-0-20261001-21:45:54-71,param,DectScheduledAccessNetwork.queue,deriveLambdaFromRho,,,true
Phase6_Exponential-0-20261001-21:45:54-71,param,DectScheduledAccessNetwork.queue,rho,,,0.0677966
Phase6_Exponential-0-20261001-21:45:54-71,param,DectScheduledAccessNetwork.queue,lambdaPerMs,,,0.12
Phase6_Exponential-0-20261001-21:45:54-71,param,DectScheduledAccessNetwork.queue,r,,,30
Phase6_Exponential-0-20261001-21:45:54-71,param,DectScheduledAccessNetwork.queue,warmupCompletedPackets,,,200000
Phase6_Exponential-0-20261001-21:45:54-71,param,DectScheduledAccessNetwork.queue,targetCompletedPackets,,,1000000
Phase6_Exponential-0-20261001-21:45:54-71,param,DectScheduledAccessNetwork.queue,rngIndex,,,0
Phase6_Exponential-0-20261001-21:45:54-71,param,DectScheduledAccessNetwork.queue,recordVectors,,,false
Phase6_Exponential-0-20261001-21:45:54-71,param,DectScheduledAccessNetwork.queue,recordTailStatistics,,,true
Phase6_Exponential-0-20261001-21:45:54-71,param,DectScheduledAccessNetwork,typename,,,"""dect2020scheduledaccess.DectScheduledAccessNetwork"""
Phase6_Exponential-1-20261001-21:45:54-71,param,DectScheduledAccessNetwork.queue,typename,,,"""dect2020scheduledaccess.ScheduledAccessQueue"""
Phase6_Exponential-1-20261001-21:45:54-71,param,DectScheduledAccessNetwork.queue,D,,,10
Phase6_Exponential-1-20261001-21:45:54-71,param,DectScheduledAccessNetwork.queue,frameDuration,,,0.01s
Phase6_Exponential-1-20261001-21:45:54-71,attr,DectScheduledAccessNetwork.queue,frameDuration,unit,s,
Phase6_Exponential-1-20261001-21:45:54-71,param,DectScheduledAccessNetwork.queue,meanType1ServiceTime,,,0.000416667s
Phase6_Exponential-1-20261001-21:45:54-71,attr,DectScheduledAccessNetwork.queue,meanType1ServiceTime,unit,s,
Phase6_Exponential-1-20261001-21:45:54-71,param,DectScheduledAccessNetwork.queue,type1ServiceDistribution,,,"""exponential"""
Phase6_Exponential-1-20261001-21:45:54-71,param,DectScheduledAccessNetwork.queue,type1ServiceSCV,,,1
Phase6_Exponential-1-20261001-21:45:54-71,param,DectScheduledAccessNetwork.queue,deriveDectParametersFromD,,,true
Phase6_Exponential-1-20261001-21:45:54-71,param,DectScheduledAccessNetwork.queue,L,,,2
Phase6_Exponential-1-20261001-21:45:54-71,param,DectScheduledAccessNetwork.queue,type2ServiceTime,,,0.009s
Phase6_Exponential-1-20261001-21:45:54-71,attr,DectScheduledAccessNetwork.queue,type2ServiceTime,unit,s,
Phase6_Exponential-1-20261001-21:45:54-71,param,DectScheduledAccessNetwork.queue,deriveLambdaFromRho,,,true
Phase6_Exponential-1-20261001-21:45:54-71,param,DectScheduledAccessNetwork.queue,rho,,,0.0677966
Phase6_Exponential-1-20261001-21:45:54-71,param,DectScheduledAccessNetwork.queue,lambdaPerMs,,,0.12
Phase6_Exponential-1-20261001-21:45:54-71,param,DectScheduledAccessNetwork.queue,r,,,30
Phase6_Exponential-1-20261001-21:45:54-71,param,DectScheduledAccessNetwork.queue,warmupCompletedPackets,,,200000
Phase6_Exponential-1-20261001-21:45:54-71,param,DectScheduledAccessNetwork.queue,targetCompletedPackets,,,1000000
Phase6_Exponential-1-20261001-21:45:54-71,param,DectScheduledAccessNetwork.queue,rngIndex,,,0
Phase6_Exponential-1-20261001-21:45:54-71,param,DectScheduledAccessNetwork.queue,recordVectors,,,false
Phase6_Exponential-1-20261001-21:45:54-71,param,DectScheduledAccessNetwork.queue,recordTailStatistics,,,true
Phase6_Exponential-1-20261001-21:45:54-71,param,DectScheduledAccessNetwork,typename,,,"""dect2020scheduledaccess.DectScheduledAccessNetwork"""
Phase6_Exponential-2-20261001-21:45:54-71,param,DectScheduledAccessNetwork.queue,typename,,,"""dect2020scheduledaccess.ScheduledAccessQueue"""
Phase6_Exponential-2-20261001-21:45:54-71,param,DectScheduledAccessNetwork.queue,D,,,10
Phase6_Exponential-2-20261001-21:45:54-71,param,DectScheduledAccessNetwork.queue,frameDuration,,,0.01s
Phase6_Exponential-2-20261001-21:45:54-71,attr,DectScheduledAccessNetwork.queue,frameDuration,unit,s,
Phase6_Exponential-2-20261001-21:45:54-71,param,DectScheduledAccessNetwork.queue,meanType1ServiceTime,,,0.000416667s
Phase6_Exponential-2-20261001-21:45:54-71,attr,DectScheduledAccessNetwork.queue,meanType1ServiceTime,unit,s,
Phase6_Exponential-2-20261001-21:45:54-71,param,DectScheduledAccessNetwork.queue,type1ServiceDistribution,,,"""exponential"""
Phase6_Exponential-2-20261001-21:45:54-71,param,DectScheduledAccessNetwork.queue,type1ServiceSCV,,,1
Phase6_Exponential-2-20261001-21:45:54-71,param,DectScheduledAccessNetwork.queue,deriveDectParametersFromD,,,true
Phase6_Exponential-2-20261001-21:45:54-71,param,DectScheduledAccessNetwork.queue,L,,,2
Phase6_Exponential-2-20261001-21:45:54-71,param,DectScheduledAccessNetwork.queue,type2ServiceTime,,,0.009s
Phase6_Exponential-2-20261001-21:45:54-71,attr,DectScheduledAccessNetwork.queue,type2ServiceTime,unit,s,
Phase6_Exponential-2-20261001-21:45:54-71,param,DectScheduledAccessNetwork.queue,deriveLambdaFromRho,,,true
Phase6_Exponential-2-20261001-21:45:54-71,param,DectScheduledAccessNetwork.queue,rho,,,0.0677966
Phase6_Exponential-2-20261001-21:45:54-71,param,DectScheduledAccessNetwork.queue,lambdaPerMs,,,0.12
Phase6_Exponential-2-20261001-21:45:54-71,param,DectScheduledAccessNetwork.queue,r,,,30
Phase6_Exponential-2-20261001-21:45:54-71,param,DectScheduledAccessNetwork.queue,warmupCompletedPackets,,,200000
Phase6_Exponential-2-20261001-21:45:54-71,param,DectScheduledAccessNetwork.queue,targetCompletedPackets,,,1000000
Phase6_Exponential-2-20261001-21:45:54-71,param,DectScheduledAccessNetwork.queue,rngIndex,,,0
Phase6_Exponential-2-20261001-21:45:54-71,param,DectScheduledAccessNetwork.queue,recordVectors,,,false
Phase6_Exponential-2-20261001-21:45:54-71,param,DectScheduledAccessNetwork.queue,recordTailStatistics,,,true
Phase6_Exponential-2-20261001-21:45:54-71,param,DectScheduledAccessNetwork,typename,,,"""dect2020scheduledaccess.DectScheduledAccessNetwork"""
Phase6_Exponential-3-20261001-21:45:55-71,param,DectScheduledAccessNetwork.queue,typename,,,"""dect2020scheduledaccess.ScheduledAccessQueue"""
Phase6_Exponential-3-20261001-21:45:55-71,param,DectScheduledAccessNetwork.queue,D,,,10
Phase6_Exponential-3-20261001-21:45:55-71,param,DectScheduledAccessNetwork.queue,frameDuration,,,0.01s
Phase6_Exponential-3-20261001-21:45:55-71,attr,DectScheduledAccessNetwork.queue,frameDuration,unit,s,
Phase6_Exponential-3-20261001-21:45:55-71,param,DectScheduledAccessNetwork.queue,meanType1ServiceTime,,,0.000416667s
Phase6_Exponential-3-20261001-21:45:55-71,attr,DectScheduledAccessNetwork.queue,meanType1ServiceTime,unit,s,
Phase6_Exponential-3-20261001-21:45:55-71,param,DectScheduledAccessNetwork.queue,type1ServiceDistribution,,,"""exponential"""
Phase6_Exponential-3-20261001-21:45:55-71,param,DectScheduledAccessNetwork.queue,type1ServiceSCV,,,1
Phase6_Exponential-3-20261001-21:45:55-71,param,DectScheduledAccessNetwork.queue,deriveDectParametersFromD,,,true
Phase6_Exponential-3-20261001-21:45:55-71,param,DectScheduledAccessNetwork.queue,L,,,2
Phase6_Exponential-3-20261001-21:45:55-71,param,DectScheduledAccessNetwork.queue,type2ServiceTime,,,0.009s
Phase6_Exponential-3-20261001-21:45:55-71,attr,DectScheduledAccessNetwork.queue,type2ServiceTime,unit,s,
Phase6_Exponential-3-20261001-21:45:55-71,param,DectScheduledAccessNetwork.queue,deriveLambdaFromRho,,,true
Phase6_Exponential-3-20261001-21:45:55-71,param,DectScheduledAccessNetwork.queue,rho,,,0.0677966
Phase6_Exponential-3-20261001-21:45:55-71,param,DectScheduledAccessNetwork.queue,lambdaPerMs,,,0.12
Phase6_Exponential-3-20261001-21:45:55-71,param,DectScheduledAccessNetwork.queue,r,,,30
Phase6_Exponential-3-20261001-21:45:55-71,param,DectScheduledAccessNetwork.queue,warmupCompletedPackets,,,200000
Phase6_Exponential-3-20261001-21:45:55-71,param,DectScheduledAccessNetwork.queue,targetCompletedPackets,,,1000000
Phase6_Exponential-3-20261001-21:45:55-71,param,DectScheduledAccessNetwork.queue,rngIndex,,,0
Phase6_Exponential-3-20261001-21:45:55-71,param,DectScheduledAccessNetwork.queue,recordVectors,,,false
Phase6_Exponential-3-20261001-21:45:55-71,param,DectScheduledAccessNetwork.queue,recordTailStatistics,,,true
Phase6_Exponential-3-20261001-21:45:55-71,param,DectScheduledAccessNetwork,typename,,,"""dect2020scheduledaccess.DectScheduledAccessNetwork"""
Phase6_Exponential-4-20261001-21:45:55-71,param,DectScheduledAccessNetwork.queue,typename,,,"""dect2020scheduledaccess.ScheduledAccessQueue"""
Phase6_Exponential-4-20261001-21:45:55-71,param,DectScheduledAccessNetwork.queue,D,,,10
Phase6_Exponential-4-20261001-21:45:55-71,param,DectScheduledAccessNetwork.queue,frameDuration,,,0.01s
Phase6_Exponential-4-20261001-21:45:55-71,attr,DectScheduledAccessNetwork.queue,frameDuration,unit,s,
Phase6_Exponential-4-20261001-21:45:55-71,param,DectScheduledAccessNetwork.queue,meanType1ServiceTime,,,0.000416667s
Phase6_Exponential-4-20261001-21:45:55-71,attr,DectScheduledAccessNetwork.queue,meanType1ServiceTime,unit,s,
Phase6_Exponential-4-20261001-21:45:55-71,param,DectScheduledAccessNetwork.queue,type1ServiceDistribution,,,"""exponential"""
Phase6_Exponential-4-20261001-21:45:55-71,param,DectScheduledAccessNetwork.queue,type1ServiceSCV,,,1
Phase6_Exponential-4-20261001-21:45:55-71,param,DectScheduledAccessNetwork.queue,deriveDectParametersFromD,,,true
Phase6_Exponential-4-20261001-21:45:55-71,param,DectScheduledAccessNetwork.queue,L,,,2
Phase6_Exponential-4-20261001-21:45:55-71,param,DectScheduledAccessNetwork.queue,type2ServiceTime,,,0.009s
Phase6_Exponential-4-20261001-21:45:55-71,attr,DectScheduledAccessNetwork.queue,type2ServiceTime,unit,s,
Phase6_Exponential-4-20261001-21:45:55-71,param,DectScheduledAccessNetwork.queue,deriveLambdaFromRho,,,true
Phase6_Exponential-4-20261001-21:45:55-71,param,DectScheduledAccessNetwork.queue,rho,,,0.0677966
Phase6_Exponential-4-20261001-21:45:55-71,param,DectScheduledAccessNetwork.queue,lambdaPerMs,,,0.12
Phase6_Exponential-4-20261001-21:45:55-71,param,DectScheduledAccessNetwork.queue,r,,,30
Phase6_Exponential-4-20261001-21:45:55-71,param,DectScheduledAccessNetwork.queue,warmupCompletedPackets,,,200000
Phase6_Exponential-4-20261001-21:45:55-71,param,DectScheduledAccessNetwork.queue,targetCompletedPackets,,,1000000
Phase6_Exponential-4-20261001-21:45:55-71,param,DectScheduledAccessNetwork.queue,rngIndex,,,0
Phase6_Exponential-4-20261001-21:45:55-71,param,DectScheduledAccessNetwork.queue,recordVectors,,,false
Phase6_Exponential-4-20261001-21:45:55-71,param,DectScheduledAccessNetwork.queue,recordTailStatistics,,,true
Phase6_Exponential-4-20261001-21:45:55-71,param,DectScheduledAccessNetwork,typename,,,"""dect2020scheduledaccess.DectScheduledAccessNetwork"""
Phase6_Exponential-5-20261001-21:45:55-71,param,DectScheduledAccessNetwork.queue,typename,,,"""dect2020scheduledaccess.ScheduledAccessQueue"""
Phase6_Exponential-5-20261001-21:45:55-71,param,DectScheduledAccessNetwork.queue,D,,,10
Phase6_Exponential-5-20261001-21:45:55-71,param,DectScheduledAccessNetwork.queue,frameDuration,,,0.01s
Phase6_Exponential-5-20261001-21:45:55-71,attr,DectScheduledAccessNetwork.queue,frameDuration,unit,s,
Phase6_Exponential-5-20261001-21:45:55-71,param,DectScheduledAccessNetwork.queue,meanType1ServiceTime,,,0.000416667s
Phase6_Exponential-5-20261001-21:45:55-71,attr,DectScheduledAccessNetwork.queue,meanType1ServiceTime,unit,s,
Phase6_Exponential-5-20261001-21:45:55-71,param,DectScheduledAccessNetwork.queue,type1ServiceDistribution,,,"""exponential"""
Phase6_Exponential-5-20261001-21:45:55-71,param,DectScheduledAccessNetwork.queue,type1ServiceSCV,,,1
Phase6_Exponential-5-20261001-21:45:55-71,param,DectScheduledAccessNetwork.queue,deriveDectParametersFromD,,,true
Phase6_Exponential-5-20261001-21:45:55-71,param,DectScheduledAccessNetwork.queue,L,,,2
Phase6_Exponential-5-20261001-21:45:55-71,param,DectScheduledAccessNetwork.queue,type2ServiceTime,,,0.009s
Phase6_Exponential-5-20261001-21:45:55-71,attr,DectScheduledAccessNetwork.queue,type2ServiceTime,unit,s,
Phase6_Exponential-5-20261001-21:45:55-71,param,DectScheduledAccessNetwork.queue,deriveLambdaFromRho,,,true
Phase6_Exponential-5-20261001-21:45:55-71,param,DectScheduledAccessNetwork.queue,rho,,,0.0677966
Phase6_Exponential-5-20261001-21:45:55-71,param,DectScheduledAccessNetwork.queue,lambdaPerMs,,,0.12
Phase6_Exponential-5-20261001-21:45:55-71,param,DectScheduledAccessNetwork.queue,r,,,30
Phase6_Exponential-5-20261001-21:45:55-71,param,DectScheduledAccessNetwork.queue,warmupCompletedPackets,,,200000
Phase6_Exponential-5-20261001-21:45:55-71,param,DectScheduledAccessNetwork.queue,targetCompletedPackets,,,1000000
Phase6_Exponential-5-20261001-21:45:55-71,param,DectScheduledAccessNetwork.queue,rngIndex,,,0
Phase6_Exponential-5-20261001-21:45:55-71,param,DectScheduledAccessNetwork.queue,recordVectors,,,false
Phase6_Exponential-5-20261001-21:45:55-71,param,DectScheduledAccessNetwork.queue,recordTailStatistics,,,true
Phase6_Exponential-5-20261001-21:45:55-71,param,DectScheduledAccessNetwork,typename,,,"""dect2020scheduledaccess.DectScheduledAccessNetwork"""
Phase6_Exponential-6-20261001-21:45:55-71,param,DectScheduledAccessNetwork.queue,typename,,,"""dect2020scheduledaccess.ScheduledAccessQueue"""
Phase6_Exponential-6-20261001-21:45:55-71,param,DectScheduledAccessNetwork.queue,D,,,10
Phase6_Exponential-6-20261001-21:45:55-71,param,DectScheduledAccessNetwork.queue,frameDuration,,,0.01s
Phase6_Exponential-6-20261001-21:45:55-71,attr,DectScheduledAccessNetwork.queue,frameDuration,unit,s,
Phase6_Exponential-6-20261001-21:45:55-71,param,DectScheduledAccessNetwork.queue,meanType1ServiceTime,,,0.000416667s
Phase6_Exponential-6-20261001-21:45:55-71,attr,DectScheduledAccessNetwork.queue,meanType1ServiceTime,unit,s,
Phase6_Exponential-6-20261001-21:45:55-71,param,DectScheduledAccessNetwork.queue,type1ServiceDistribution,,,"""exponential"""
Phase6_Exponential-6-20261001-21:45:55-71,param,DectScheduledAccessNetwork.queue,type1ServiceSCV,,,1
Phase6_Exponential-6-20261001-21:45:55-71,param,DectScheduledAccessNetwork.queue,deriveDectParametersFromD,,,true
Phase6_Exponential-6-20261001-21:45:55-71,param,DectScheduledAccessNetwork.queue,L,,,2
Phase6_Exponential-6-20261001-21:45:55-71,param,DectScheduledAccessNetwork.queue,type2ServiceTime,,,0.009s
Phase6_Exponential-6-20261001-21:45:55-71,attr,DectScheduledAccessNetwork.queue,type2ServiceTime,unit,s,
Phase6_Exponential-6-20261001-21:45:55-71,param,DectScheduledAccessNetwork.queue,deriveLambdaFromRho,,,true
Phase6_Exponential-6-20261001-21:45:55-71,param,DectScheduledAccessNetwork.queue,rho,,,0.0677966
Phase6_Exponential-6-20261001-21:45:55-71,param,DectScheduledAccessNetwork.queue,lambdaPerMs,,,0.12
Phase6_Exponential-6-20261001-21:45:55-71,param,DectScheduledAccessNetwork.queue,r,,,30
Phase6_Exponential-6-20261001-21:45:55-71,param,DectScheduledAccessNetwork.queue,warmupCompletedPackets,,,200000
Phase6_Exponential-6-20261001-21:45:55-71,param,DectScheduledAccessNetwork.queue,targetCompletedPackets,,,1000000
Phase6_Exponential-6-20261001-21:45:55-71,param,DectScheduledAccessNetwork.queue,rngIndex,,,0
Phase6_Exponential-6-20261001-21:45:55-71,param,DectScheduledAccessNetwork.queue,recordVectors,,,false
Phase6_Exponential-6-20261001-21:45:55-71,param,DectScheduledAccessNetwork.queue,recordTailStatistics,,,true
Phase6_Exponential-6-20261001-21:45:55-71,param,DectScheduledAccessNetwork,typename,,,"""dect2020scheduledaccess.DectScheduledAccessNetwork"""
Phase6_Exponential-7-20261001-21:45:56-71,param,DectScheduledAccessNetwork.queue,typename,,,"""dect2020scheduledaccess.ScheduledAccessQueue"""
Phase6_Exponential-7-20261001-21:45:56-71,param,DectScheduledAccessNetwork.queue,D,,,10
Phase6_Exponential-7-20261001-21:45:56-71,param,DectScheduledAccessNetwork.queue,frameDuration,,,0.01s
Phase6_Exponential-7-20261001-21:45:56-71,attr,DectScheduledAccessNetwork.queue,frameDuration,unit,s,
Phase6_Exponential-7-20261001-21:45:56-71,param,DectScheduledAccessNetwork.queue,meanType1ServiceTime,,,0.000416667s
Phase6_Exponential-7-20261001-21:45:56-71,attr,DectScheduledAccessNetwork.queue,meanType1ServiceTime,unit,s,
Phase6_Exponential-7-20261001-21:45:56-71,param,DectScheduledAccessNetwork.queue,type1ServiceDistribution,,,"""exponential"""
Phase6_Exponential-7-20261001-21:45:56-71,param,DectScheduledAccessNetwork.queue,type1ServiceSCV,,,1
Phase6_Exponential-7-20261001-21:45:56-71,param,DectScheduledAccessNetwork.queue,deriveDectParametersFromD,,,true
Phase6_Exponential-7-20261001-21:45:56-71,param,DectScheduledAccessNetwork.queue,L,,,2
Phase6_Exponential-7-20261001-21:45:56-71,param,DectScheduledAccessNetwork.queue,type2ServiceTime,,,0.009s
Phase6_Exponential-7-20261001-21:45:56-71,attr,DectScheduledAccessNetwork.queue,type2ServiceTime,unit,s,
Phase6_Exponential-7-20261001-21:45:56-71,param,DectScheduledAccessNetwork.queue,deriveLambdaFromRho,,,true
Phase6_Exponential-7-20261001-21:45:56-71,param,DectScheduledAccessNetwork.queue,rho,,,0.0677966
Phase6_Exponential-7-20261001-21:45:56-71,param,DectScheduledAccessNetwork.queue,lambdaPerMs,,,0.12
Phase6_Exponential-7-20261001-21:45:56-71,param,DectScheduledAccessNetwork.queue,r,,,30
Phase6_Exponential-7-20261001-21:45:56-71,param,DectScheduledAccessNetwork.queue,warmupCompletedPackets,,,200000
Phase6_Exponential-7-20261001-21:45:56-71,param,DectScheduledAccessNetwork.queue,targetCompletedPackets,,,1000000
Phase6_Exponential-7-20261001-21:45:56-71,param,DectScheduledAccessNetwork.queue,rngIndex,,,0
Phase6_Exponential-7-20261001-21:45:56-71,param,DectScheduledAccessNetwork.queue,recordVectors,,,false
Phase6_Exponential-7-20261001-21:45:56-71,param,DectScheduledAccessNetwork.queue,recordTailStatistics,,,true
Phase6_Exponential-7-20261001-21:45:56-71,param,DectScheduledAccessNetwork,typename,,,"""dect2020scheduledaccess.DectScheduledAccessNetwork"""
Phase6_Exponential-8-20261001-21:45:56-71,param,DectScheduledAccessNetwork.queue,typename,,,"""dect2020scheduledaccess.ScheduledAccessQueue"""
Phase6_Exponential-8-20261001-21:45:56-71,param,DectScheduledAccessNetwork.queue,D,,,10
Phase6_Exponential-8-20261001-21:45:56-71,param,DectScheduledAccessNetwork.queue,frameDuration,,,0.01s
Phase6_Exponential-8-20261001-21:45:56-71,attr,DectScheduledAccessNetwork.queue,frameDuration,unit,s,
Phase6_Exponential-8-20261001-21:45:56-71,param,DectScheduledAccessNetwork.queue,meanType1ServiceTime,,,0.000416667s
Phase6_Exponential-8-20261001-21:45:56-71,attr,DectScheduledAccessNetwork.queue,meanType1ServiceTime,unit,s,
Phase6_Exponential-8-20261001-21:45:56-71,param,DectScheduledAccessNetwork.queue,type1ServiceDistribution,,,"""exponential"""
Phase6_Exponential-8-20261001-21:45:56-71,param,DectScheduledAccessNetwork.queue,type1ServiceSCV,,,1
Phase6_Exponential-8-20261001-21:45:56-71,param,DectScheduledAccessNetwork.queue,deriveDectParametersFromD,,,true
Phase6_Exponential-8-20261001-21:45:56-71,param,DectScheduledAccessNetwork.queue,L,,,2
Phase6_Exponential-8-20261001-21:45:56-71,param,DectScheduledAccessNetwork.queue,type2ServiceTime,,,0.009s
Phase6_Exponential-8-20261001-21:45:56-71,attr,DectScheduledAccessNetwork.queue,type2ServiceTime,unit,s,
Phase6_Exponential-8-20261001-21:45:56-71,param,DectScheduledAccessNetwork.queue,deriveLambdaFromRho,,,true
Phase6_Exponential-8-20261001-21:45:56-71,param,DectScheduledAccessNetwork.queue,rho,,,0.0677966
Phase6_Exponential-8-20261001-21:45:56-71,param,DectScheduledAccessNetwork.queue,lambdaPerMs,,,0.12
Phase6_Exponential-8-20261001-21:45:56-71,param,DectScheduledAccessNetwork.queue,r,,,30
Phase6_Exponential-8-20261001-21:45:56-71,param,DectScheduledAccessNetwork.queue,warmupCompletedPackets,,,200000
Phase6_Exponential-8-20261001-21:45:56-71,param,DectScheduledAccessNetwork.queue,targetCompletedPackets,,,1000000
Phase6_Exponential-8-20261001-21:45:56-71,param,DectScheduledAccessNetwork.queue,rngIndex,,,0
Phase6_Exponential-8-20261001-21:45:56-71,param,DectScheduledAccessNetwork.queue,recordVectors,,,false
Phase6_Exponential-8-20261001-21:45:56-71,param,DectScheduledAccessNetwork.queue,recordTailStatistics,,,true
Phase6_Exponential-8-20261001-21:45:56-71,param,DectScheduledAccessNetwork,typename,,,"""dect2020scheduledaccess.DectScheduledAccessNetwork"""
Phase6_Exponential-9-20261001-21:45:56-71,param,DectScheduledAccessNetwork.queue,typename,,,"""dect2020scheduledaccess.ScheduledAccessQueue"""
Phase6_Exponential-9-20261001-21:45:56-71,param,DectScheduledAccessNetwork.queue,D,,,10
Phase6_Exponential-9-20261001-21:45:56-71,param,DectScheduledAccessNetwork.queue,frameDuration,,,0.01s
Phase6_Exponential-9-20261001-21:45:56-71,attr,DectScheduledAccessNetwork.queue,frameDuration,unit,s,
Phase6_Exponential-9-20261001-21:45:56-71,param,DectScheduledAccessNetwork.queue,meanType1ServiceTime,,,0.000416667s
Phase6_Exponential-9-20261001-21:45:56-71,attr,DectScheduledAccessNetwork.queue,meanType1ServiceTime,unit,s,
Phase6_Exponential-9-20261001-21:45:56-71,param,DectScheduledAccessNetwork.queue,type1ServiceDistribution,,,"""exponential"""
Phase6_Exponential-9-20261001-21:45:56-71,param,DectScheduledAccessNetwork.queue,type1ServiceSCV,,,1
Phase6_Exponential-9-20261001-21:45:56-71,param,DectScheduledAccessNetwork.queue,deriveDectParametersFromD,,,true
Phase6_Exponential-9-20261001-21:45:56-71,param,DectScheduledAccessNetwork.queue,L,,,2
Phase6_Exponential-9-20261001-21:45:56-71,param,DectScheduledAccessNetwork.queue,type2ServiceTime,,,0.009s
Phase6_Exponential-9-20261001-21:45:56-71,attr,DectScheduledAccessNetwork.queue,type2ServiceTime,unit,s,
Phase6_Exponential-9-20261001-21:45:56-71,param,DectScheduledAccessNetwork.queue,deriveLambdaFromRho,,,true
Phase6_Exponential-9-20261001-21:45:56-71,param,DectScheduledAccessNetwork.queue,rho,,,0.0677966
Phase6_Exponential-9-20261001-21:45:56-71,param,DectScheduledAccessNetwork.queue,lambdaPerMs,,,0.12
Phase6_Exponential-9-20261001-21:45:56-71,param,DectScheduledAccessNetwork.queue,r,,,30
Phase6_Exponential-9-20261001-21:45:56-71,param,DectScheduledAccessNetwork.queue,warmupCompletedPackets,,,200000
Phase6_Exponential-9-20261001-21:45:56-71,param,DectScheduledAccessNetwork.queue,targetCompletedPackets,,,1000000
Phase6_Exponential-9-20261001-21:45:56-71,param,DectScheduledAccessNetwork.queue,rngIndex,,,0
Phase6_Exponential-9-20261001-21:45:56-71,param,DectScheduledAccessNetwork.queue,recordVectors,,,false
Phase6_Exponential-9-20261001-21:45:56-71,param,DectScheduledAccessNetwork.queue,recordTailStatistics,,,true
Phase6_Exponential-9-20261001-21:45:56-71,param,DectScheduledAccessNetwork,typename,,,"""dect2020scheduledaccess.DectScheduledAccessNetwork"""
Phase6_Exponential-10-20261001-21:45:56-71,param,DectScheduledAccessNetwork.queue,typename,,,"""dect2020scheduledaccess.ScheduledAccessQueue"""
Phase6_Exponential-10-20261001-21:45:56-71,param,DectScheduledAccessNetwork.queue,D,,,10
Phase6_Exponential-10-20261001-21:45:56-71,param,DectScheduledAccessNetwork.queue,frameDuration,,,0.01s
Phase6_Exponential-10-20261001-21:45:56-71,attr,DectScheduledAccessNetwork.queue,frameDuration,unit,s,
Phase6_Exponential-10-20261001-21:45:56-71,param,DectScheduledAccessNetwork.queue,meanType1ServiceTime,,,0.000416667s
Phase6_Exponential-10-20261001-21:45:56-71,attr,DectScheduledAccessNetwork.queue,meanType1ServiceTime,unit,s,
Phase6_Exponential-10-20261001-21:45:56-71,param,DectScheduledAccessNetwork.queue,type1ServiceDistribution,,,"""exponential"""
Phase6_Exponential-10-20261001-21:45:56-71,param,DectScheduledAccessNetwork.queue,type1ServiceSCV,,,1
Phase6_Exponential-10-20261001-21:45:56-71,param,DectScheduledAccessNetwork.queue,deriveDectParametersFromD,,,true
Phase6_Exponential-10-20261001-21:45:56-71,param,DectScheduledAccessNetwork.queue,L,,,2
Phase6_Exponential-10-20261001-21:45:56-71,param,DectScheduledAccessNetwork.queue,type2ServiceTime,,,0.009s
Phase6_Exponential-10-20261001-21:45:56-71,attr,DectScheduledAccessNetwork.queue,type2ServiceTime,unit,s,
Phase6_Exponential-10-20261001-21:45:56-71,param,DectScheduledAccessNetwork.queue,deriveLambdaFromRho,,,true
Phase6_Exponential-10-20261001-21:45:56-71,param,DectScheduledAccessNetwork.queue,rho,,,0.0847458
Phase6_Exponential-10-20261001-21:45:56-71,param,DectScheduledAccessNetwork.queue,lambdaPerMs,,,0.12
Phase6_Exponential-10-20261001-21:45:56-71,param,DectScheduledAccessNetwork.queue,r,,,30
Phase6_Exponential-10-20261001-21:45:56-71,param,DectScheduledAccessNetwork.queue,warmupCompletedPackets,,,200000
Phase6_Exponential-10-20261001-21:45:56-71,param,DectScheduledAccessNetwork.queue,targetCompletedPackets,,,1000000
Phase6_Exponential-10-20261001-21:45:56-71,param,DectScheduledAccessNetwork.queue,rngIndex,,,0
Phase6_Exponential-10-20261001-21:45:56-71,param,DectScheduledAccessNetwork.queue,recordVectors,,,false
Phase6_Exponential-10-20261001-21:45:56-71,param,DectScheduledAccessNetwork.queue,recordTailStatistics,,,true
Phase6_Exponential-10-20261001-21:45:56-71,param,DectScheduledAccessNetwork,typename,,,"""dect2020scheduledaccess.DectScheduledAccessNetwork"""
Phase6_Exponential-11-20261001-21:45:57-71,param,DectScheduledAccessNetwork.queue,typename,,,"""dect2020scheduledaccess.ScheduledAccessQueue"""
Phase6_Exponential-11-20261001-21:45:57-71,param,DectScheduledAccessNetwork.queue,D,,,10
Phase6_Exponential-11-20261001-21:45:57-71,param,DectScheduledAccessNetwork.queue,frameDuration,,,0.01s
Phase6_Exponential-11-20261001-21:45:57-71,attr,DectScheduledAccessNetwork.queue,frameDuration,unit,s,
Phase6_Exponential-11-20261001-21:45:57-71,param,DectScheduledAccessNetwork.queue,meanType1ServiceTime,,,0.000416667s
Phase6_Exponential-11-20261001-21:45:57-71,attr,DectScheduledAccessNetwork.queue,meanType1ServiceTime,unit,s,
Phase6_Exponential-11-20261001-21:45:57-71,param,DectScheduledAccessNetwork.queue,type1ServiceDistribution,,,"""exponential"""
Phase6_Exponential-11-20261001-21:45:57-71,param,DectScheduledAccessNetwork.queue,type1ServiceSCV,,,1
Phase6_Exponential-11-20261001-21:45:57-71,param,DectScheduledAccessNetwork.queue,deriveDectParametersFromD,,,true
Phase6_Exponential-11-20261001-21:45:57-71,param,DectScheduledAccessNetwork.queue,L,,,2
Phase6_Exponential-11-20261001-21:45:57-71,param,DectScheduledAccessNetwork.queue,type2ServiceTime,,,0.009s
Phase6_Exponential-11-20261001-21:45:57-71,attr,DectScheduledAccessNetwork.queue,type2ServiceTime,unit,s,
Phase6_Exponential-11-20261001-21:45:57-71,param,DectScheduledAccessNetwork.queue,deriveLambdaFromRho,,,true
Phase6_Exponential-11-20261001-21:45:57-71,param,DectScheduledAccessNetwork.queue,rho,,,0.0847458
Phase6_Exponential-11-20261001-21:45:57-71,param,DectScheduledAccessNetwork.queue,lambdaPerMs,,,0.12
Phase6_Exponential-11-20261001-21:45:57-71,param,DectScheduledAccessNetwork.queue,r,,,30
Phase6_Exponential-11-20261001-21:45:57-71,param,DectScheduledAccessNetwork.queue,warmupCompletedPackets,,,200000
Phase6_Exponential-11-20261001-21:45:57-71,param,DectScheduledAccessNetwork.queue,targetCompletedPackets,,,1000000
Phase6_Exponential-11-20261001-21:45:57-71,param,DectScheduledAccessNetwork.queue,rngIndex,,,0
Phase6_Exponential-11-20261001-21:45:57-71,param,DectScheduledAccessNetwork.queue,recordVectors,,,false
Phase6_Exponential-11-20261001-21:45:57-71,param,DectScheduledAccessNetwork.queue,recordTailStatistics,,,true
Phase6_Exponential-11-20261001-21:45:57-71,param,DectScheduledAccessNetwork,typename,,,"""dect2020scheduledaccess.DectScheduledAccessNetwork"""
Phase6_Exponential-12-20261001-21:45:57-71,param,DectScheduledAccessNetwork.queue,typename,,,"""dect2020scheduledaccess.ScheduledAccessQueue"""
Phase6_Exponential-12-20261001-21:45:57-71,param,DectScheduledAccessNetwork.queue,D,,,10
Phase6_Exponential-12-20261001-21:45:57-71,param,DectScheduledAccessNetwork.queue,frameDuration,,,0.01s
Phase6_Exponential-12-20261001-21:45:57-71,attr,DectScheduledAccessNetwork.queue,frameDuration,unit,s,
Phase6_Exponential-12-20261001-21:45:57-71,param,DectScheduledAccessNetwork.queue,meanType1ServiceTime,,,0.000416667s
Phase6_Exponential-12-20261001-21:45:57-71,attr,DectScheduledAccessNetwork.queue,meanType1ServiceTime,unit,s,
Phase6_Exponential-12-20261001-21:45:57-71,param,DectScheduledAccessNetwork.queue,type1ServiceDistribution,,,"""exponential"""
Phase6_Exponential-12-20261001-21:45:57-71,param,DectScheduledAccessNetwork.queue,type1ServiceSCV,,,1
Phase6_Exponential-12-20261001-21:45:57-71,param,DectScheduledAccessNetwork.queue,deriveDectParametersFromD,,,true
Phase6_Exponential-12-20261001-21:45:57-71,param,DectScheduledAccessNetwork.queue,L,,,2
Phase6_Exponential-12-20261001-21:45:57-71,param,DectScheduledAccessNetwork.queue,type2ServiceTime,,,0.009s
Phase6_Exponential-12-20261001-21:45:57-71,attr,DectScheduledAccessNetwork.queue,type2ServiceTime,unit,s,
Phase6_Exponential-12-20261001-21:45:57-71,param,DectScheduledAccessNetwork.queue,deriveLambdaFromRho,,,true
Phase6_Exponential-12-20261001-21:45:57-71,param,DectScheduledAccessNetwork.queue,rho,,,0.0847458
Phase6_Exponential-12-20261001-21:45:57-71,param,DectScheduledAccessNetwork.queue,lambdaPerMs,,,0.12
Phase6_Exponential-12-20261001-21:45:57-71,param,DectScheduledAccessNetwork.queue,r,,,30
Phase6_Exponential-12-20261001-21:45:57-71,param,DectScheduledAccessNetwork.queue,warmupCompletedPackets,,,200000
Phase6_Exponential-12-20261001-21:45:57-71,param,DectScheduledAccessNetwork.queue,targetCompletedPackets,,,1000000
Phase6_Exponential-12-20261001-21:45:57-71,param,DectScheduledAccessNetwork.queue,rngIndex,,,0
Phase6_Exponential-12-20261001-21:45:57-71,param,DectScheduledAccessNetwork.queue,recordVectors,,,false
Phase6_Exponential-12-20261001-21:45:57-71,param,DectScheduledAccessNetwork.queue,recordTailStatistics,,,true
Phase6_Exponential-12-20261001-21:45:57-71,param,DectScheduledAccessNetwork,typename,,,"""dect2020scheduledaccess.DectScheduledAccessNetwork"""
Phase6_Exponential-13-20261001-21:45:57-71,param,DectScheduledAccessNetwork.queue,typename,,,"""dect2020scheduledaccess.ScheduledAccessQueue"""
Phase6_Exponential-13-20261001-21:45:57-71,param,DectScheduledAccessNetwork.queue,D,,,10
Phase6_Exponential-13-20261001-21:45:57-71,param,DectScheduledAccessNetwork.queue,frameDuration,,,0.01s
Phase6_Exponential-13-20261001-21:45:57-71,attr,DectScheduledAccessNetwork.queue,frameDuration,unit,s,
Phase6_Exponential-13-20261001-21:45:57-71,param,DectScheduledAccessNetwork.queue,meanType1ServiceTime,,,0.000416667s
Phase6_Exponential-13-20261001-21:45:57-71,attr,DectScheduledAccessNetwork.queue,meanType1ServiceTime,unit,s,
Phase6_Exponential-13-20261001-21:45:57-71,param,DectScheduledAccessNetwork.queue,type1ServiceDistribution,,,"""exponential"""
Phase6_Exponential-13-20261001-21:45:57-71,param,DectScheduledAccessNetwork.queue,type1ServiceSCV,,,1
Phase6_Exponential-13-20261001-21:45:57-71,param,DectScheduledAccessNetwork.queue,deriveDectParametersFromD,,,true
Phase6_Exponential-13-20261001-21:45:57-71,param,DectScheduledAccessNetwork.queue,L,,,2
Phase6_Exponential-13-20261001-21:45:57-71,param,DectScheduledAccessNetwork.queue,type2ServiceTime,,,0.009s
Phase6_Exponential-13-20261001-21:45:57-71,attr,DectScheduledAccessNetwork.queue,type2ServiceTime,unit,s,
Phase6_Exponential-13-20261001-21:45:57-71,param,DectScheduledAccessNetwork.queue,deriveLambdaFromRho,,,true
Phase6_Exponential-13-20261001-21:45:57-71,param,DectScheduledAccessNetwork.queue,rho,,,0.0847458
Phase6_Exponential-13-20261001-21:45:57-71,param,DectScheduledAccessNetwork.queue,lambdaPerMs,,,0.12
Phase6_Exponential-13-20261001-21:45:57-71,param,DectScheduledAccessNetwork.queue,r,,,30
Phase6_Exponential-13-20261001-21:45:57-71,param,DectScheduledAccessNetwork.queue,warmupCompletedPackets,,,200000
Phase6_Exponential-13-20261001-21:45:57-71,param,DectScheduledAccessNetwork.queue,targetCompletedPackets,,,1000000
Phase6_Exponential-13-20261001-21:45:57-71,param,DectScheduledAccessNetwork.queue,rngIndex,,,0
Phase6_Exponential-13-20261001-21:45:57-71,param,DectScheduledAccessNetwork.queue,recordVectors,,,false
Phase6_Exponential-13-20261001-21:45:57-71,param,DectScheduledAccessNetwork.queue,recordTailStatistics,,,true
Phase6_Exponential-13-20261001-21:45:57-71,param,DectScheduledAccessNetwork,typename,,,"""dect2020scheduledaccess.DectScheduledAccessNetwork"""
Phase6_Exponential-14-20261001-21:45:57-71,param,DectScheduledAccessNetwork.queue,typename,,,"""dect2020scheduledaccess.ScheduledAccessQueue"""
Phase6_Exponential-14-20261001-21:45:57-71,param,DectScheduledAccessNetwork.queue,D,,,10
Phase6_Exponential-14-20261001-21:45:57-71,param,DectScheduledAccessNetwork.queue,frameDuration,,,0.01s
Phase6_Exponential-14-20261001-21:45:57-71,attr,DectScheduledAccessNetwork.queue,frameDuration,unit,s,
Phase6_Exponential-14-20261001-21:45:57-71,param,DectScheduledAccessNetwork.queue,meanType1ServiceTime,,,0.000416667s
Phase6_Exponential-14-20261001-21:45:57-71,attr,DectScheduledAccessNetwork.queue,meanType1ServiceTime,unit,s,
Phase6_Exponential-14-20261001-21:45:57-71,param,DectScheduledAccessNetwork.queue,type1ServiceDistribution,,,"""exponential"""
Phase6_Exponential-14-20261001-21:45:57-71,param,DectScheduledAccessNetwork.queue,type1ServiceSCV,,,1
Phase6_Exponential-14-20261001-21:45:57-71,param,DectScheduledAccessNetwork.queue,deriveDectParametersFromD,,,true
Phase6_Exponential-14-20261001-21:45:57-71,param,DectScheduledAccessNetwork.queue,L,,,2
Phase6_Exponential-14-20261001-21:45:57-71,param,DectScheduledAccessNetwork.queue,type2ServiceTime,,,0.009s
Phase6_Exponential-14-20261001-21:45:57-71,attr,DectScheduledAccessNetwork.queue,type2ServiceTime,unit,s,
Phase6_Exponential-14-20261001-21:45:57-71,param,DectScheduledAccessNetwork.queue,deriveLambdaFromRho,,,true
Phase6_Exponential-14-20261001-21:45:57-71,param,DectScheduledAccessNetwork.queue,rho,,,0.0847458
Phase6_Exponential-14-20261001-21:45:57-71,param,DectScheduledAccessNetwork.queue,lambdaPerMs,,,0.12
Phase6_Exponential-14-20261001-21:45:57-71,param,DectScheduledAccessNetwork.queue,r,,,30
Phase6_Exponential-14-20261001-21:45:57-71,param,DectScheduledAccessNetwork.queue,warmupCompletedPackets,,,200000
Phase6_Exponential-14-20261001-21:45:57-71,param,DectScheduledAccessNetwork.queue,targetCompletedPackets,,,1000000
Phase6_Exponential-14-20261001-21:45:57-71,param,DectScheduledAccessNetwork.queue,rngIndex,,,0
Phase6_Exponential-14-20261001-21:45:57-71,param,DectScheduledAccessNetwork.queue,recordVectors,,,false
Phase6_Exponential-14-20261001-21:45:57-71,param,DectScheduledAccessNetwork.queue,recordTailStatistics,,,true
Phase6_Exponential-14-20261001-21:45:57-71,param,DectScheduledAccessNetwork,typename,,,"""dect2020scheduledaccess.DectScheduledAccessNetwork"""
Phase6_Exponential-15-20261001-21:45:58-71,param,DectScheduledAccessNetwork.queue,typename,,,"""dect2020scheduledaccess.ScheduledAccessQueue"""
Phase6_Exponential-15-20261001-21:45:58-71,param,DectScheduledAccessNetwork.queue,D,,,10
Phase6_Exponential-15-20261001-21:45:58-71,param,DectScheduledAccessNetwork.queue,frameDuration,,,0.01s
Phase6_Exponential-15-20261001-21:45:58-71,attr,DectScheduledAccessNetwork.queue,frameDuration,unit,s,
Phase6_Exponential-15-20261001-21:45:58-71,param,DectScheduledAccessNetwork.queue,meanType1ServiceTime,,,0.000416667s
Phase6_Exponential-15-20261001-21:45:58-71,attr,DectScheduledAccessNetwork.queue,meanType1ServiceTime,unit,s,
Phase6_Exponential-15-20261001-21:45:58-71,param,DectScheduledAccessNetwork.queue,type1ServiceDistribution,,,"""exponential"""
Phase6_Exponential-15-20261001-21:45:58-71,param,DectScheduledAccessNetwork.queue,type1ServiceSCV,,,1
Phase6_Exponential-15-20261001-21:45:58-71,param,DectScheduledAccessNetwork.queue,deriveDectParametersFromD,,,true
Phase6_Exponential-15-20261001-21:45:58-71,param,DectScheduledAccessNetwork.queue,L,,,2
Phase6_Exponential-15-20261001-21:45:58-71,param,DectScheduledAccessNetwork.queue,type2ServiceTime,,,0.009s
Phase6_Exponential-15-20261001-21:45:58-71,attr,DectScheduledAccessNetwork.queue,type2ServiceTime,unit,s,
Phase6_Exponential-15-20261001-21:45:58-71,param,DectScheduledAccessNetwork.queue,deriveLambdaFromRho,,,true
Phase6_Exponential-15-20261001-21:45:58-71,param,DectScheduledAccessNetwork.queue,rho,,,0.0847458
Phase6_Exponential-15-20261001-21:45:58-71,param,DectScheduledAccessNetwork.queue,lambdaPerMs,,,0.12
Phase6_Exponential-15-20261001-21:45:58-71,param,DectScheduledAccessNetwork.queue,r,,,30
Phase6_Exponential-15-20261001-21:45:58-71,param,DectScheduledAccessNetwork.queue,warmupCompletedPackets,,,200000
Phase6_Exponential-15-20261001-21:45:58-71,param,DectScheduledAccessNetwork.queue,targetCompletedPackets,,,1000000
Phase6_Exponential-15-20261001-21:45:58-71,param,DectScheduledAccessNetwork.queue,rngIndex,,,0
Phase6_Exponential-15-20261001-21:45:58-71,param,DectScheduledAccessNetwork.queue,recordVectors,,,false
Phase6_Exponential-15-20261001-21:45:58-71,param,DectScheduledAccessNetwork.queue,recordTailStatistics,,,true
Phase6_Exponential-15-20261001-21:45:58-71,param,DectScheduledAccessNetwork,typename,,,"""dect2020scheduledaccess.DectScheduledAccessNetwork"""
Phase6_Exponential-16-20261001-21:45:58-71,param,DectScheduledAccessNetwork.queue,typename,,,"""dect2020scheduledaccess.ScheduledAccessQueue"""
Phase6_Exponential-16-20261001-21:45:58-71,param,DectScheduledAccessNetwork.queue,D,,,10
Phase6_Exponential-16-20261001-21:45:58-71,param,DectScheduledAccessNetwork.queue,frameDuration,,,0.01s
Phase6_Exponential-16-20261001-21:45:58-71,attr,DectScheduledAccessNetwork.queue,frameDuration,unit,s,
Phase6_Exponential-16-20261001-21:45:58-71,param,DectScheduledAccessNetwork.queue,meanType1ServiceTime,,,0.000416667s
Phase6_Exponential-16-20261001-21:45:58-71,attr,DectScheduledAccessNetwork.queue,meanType1ServiceTime,unit,s,
Phase6_Exponential-16-20261001-21:45:58-71,param,DectScheduledAccessNetwork.queue,type1ServiceDistribution,,,"""exponential"""
Phase6_Exponential-16-20261001-21:45:58-71,param,DectScheduledAccessNetwork.queue,type1ServiceSCV,,,1
Phase6_Exponential-16-20261001-21:45:58-71,param,DectScheduledAccessNetwork.queue,deriveDectParametersFromD,,,true
Phase6_Exponential-16-20261001-21:45:58-71,param,DectScheduledAccessNetwork.queue,L,,,2
Phase6_Exponential-16-20261001-21:45:58-71,param,DectScheduledAccessNetwork.queue,type2ServiceTime,,,0.009s
Phase6_Exponential-16-20261001-21:45:58-71,attr,DectScheduledAccessNetwork.queue,type2ServiceTime,unit,s,
Phase6_Exponential-16-20261001-21:45:58-71,param,DectScheduledAccessNetwork.queue,deriveLambdaFromRho,,,true
Phase6_Exponential-16-20261001-21:45:58-71,param,DectScheduledAccessNetwork.queue,rho,,,0.0847458
Phase6_Exponential-16-20261001-21:45:58-71,param,DectScheduledAccessNetwork.queue,lambdaPerMs,,,0.12
Phase6_Exponential-16-20261001-21:45:58-71,param,DectScheduledAccessNetwork.queue,r,,,30
Phase6_Exponential-16-20261001-21:45:58-71,param,DectScheduledAccessNetwork.queue,warmupCompletedPackets,,,200000
Phase6_Exponential-16-20261001-21:45:58-71,param,DectScheduledAccessNetwork.queue,targetCompletedPackets,,,1000000
Phase6_Exponential-16-20261001-21:45:58-71,param,DectScheduledAccessNetwork.queue,rngIndex,,,0
Phase6_Exponential-16-20261001-21:45:58-71,param,DectScheduledAccessNetwork.queue,recordVectors,,,false
Phase6_Exponential-16-20261001-21:45:58-71,param,DectScheduledAccessNetwork.queue,recordTailStatistics,,,true
Phase6_Exponential-16-20261001-21:45:58-71,param,DectScheduledAccessNetwork,typename,,,"""dect2020scheduledaccess.DectScheduledAccessNetwork"""
Phase6_Exponential-17-20261001-21:45:58-71,param,DectScheduledAccessNetwork.queue,typename,,,"""dect2020scheduledaccess.ScheduledAccessQueue"""
Phase6_Exponential-17-20261001-21:45:58-71,param,DectScheduledAccessNetwork.queue,D,,,10
Phase6_Exponential-17-20261001-21:45:58-71,param,DectScheduledAccessNetwork.queue,frameDuration,,,0.01s
Phase6_Exponential-17-20261001-21:45:58-71,attr,DectScheduledAccessNetwork.queue,frameDuration,unit,s,
Phase6_Exponential-17-20261001-21:45:58-71,param,DectScheduledAccessNetwork.queue,meanType1ServiceTime,,,0.000416667s
Phase6_Exponential-17-20261001-21:45:58-71,attr,DectScheduledAccessNetwork.queue,meanType1ServiceTime,unit,s,
Phase6_Exponential-17-20261001-21:45:58-71,param,DectScheduledAccessNetwork.queue,type1ServiceDistribution,,,"""exponential"""
Phase6_Exponential-17-20261001-21:45:58-71,param,DectScheduledAccessNetwork.queue,type1ServiceSCV,,,1
Phase6_Exponential-17-20261001-21:45:58-71,param,DectScheduledAccessNetwork.queue,deriveDectParametersFromD,,,true
Phase6_Exponential-17-20261001-21:45:58-71,param,DectScheduledAccessNetwork.queue,L,,,2
Phase6_Exponential-17-20261001-21:45:58-71,param,DectScheduledAccessNetwork.queue,type2ServiceTime,,,0.009s
Phase6_Exponential-17-20261001-21:45:58-71,attr,DectScheduledAccessNetwork.queue,type2ServiceTime,unit,s,
Phase6_Exponential-17-20261001-21:45:58-71,param,DectScheduledAccessNetwork.queue,deriveLambdaFromRho,,,true
Phase6_Exponential-17-20261001-21:45:58-71,param,DectScheduledAccessNetwork.queue,rho,,,0.0847458
Phase6_Exponential-17-20261001-21:45:58-71,param,DectScheduledAccessNetwork.queue,lambdaPerMs,,,0.12
Phase6_Exponential-17-20261001-21:45:58-71,param,DectScheduledAccessNetwork.queue,r,,,30
Phase6_Exponential-17-20261001-21:45:58-71,param,DectScheduledAccessNetwork.queue,warmupCompletedPackets,,,200000
Phase6_Exponential-17-20261001-21:45:58-71,param,DectScheduledAccessNetwork.queue,targetCompletedPackets,,,1000000
Phase6_Exponential-17-20261001-21:45:58-71,param,DectScheduledAccessNetwork.queue,rngIndex,,,0
Phase6_Exponential-17-20261001-21:45:58-71,param,DectScheduledAccessNetwork.queue,recordVectors,,,false
Phase6_Exponential-17-20261001-21:45:58-71,param,DectScheduledAccessNetwork.queue,recordTailStatistics,,,true
Phase6_Exponential-17-20261001-21:45:58-71,param,DectScheduledAccessNetwork,typename,,,"""dect2020scheduledaccess.DectScheduledAccessNetwork"""
Phase6_Exponential-18-20261001-21:45:58-71,param,DectScheduledAccessNetwork.queue,typename,,,"""dect2020scheduledaccess.ScheduledAccessQueue"""
Phase6_Exponential-18-20261001-21:45:58-71,param,DectScheduledAccessNetwork.queue,D,,,10
Phase6_Exponential-18-20261001-21:45:58-71,param,DectScheduledAccessNetwork.queue,frameDuration,,,0.01s
Phase6_Exponential-18-20261001-21:45:58-71,attr,DectScheduledAccessNetwork.queue,frameDuration,unit,s,
Phase6_Exponential-18-20261001-21:45:58-71,param,DectScheduledAccessNetwork.queue,meanType1ServiceTime,,,0.000416667s
Phase6_Exponential-18-20261001-21:45:58-71,attr,DectScheduledAccessNetwork.queue,meanType1ServiceTime,unit,s,
Phase6_Exponential-18-20261001-21:45:58-71,param,DectScheduledAccessNetwork.queue,type1ServiceDistribution,,,"""exponential"""
Phase6_Exponential-18-20261001-21:45:58-71,param,DectScheduledAccessNetwork.queue,type1ServiceSCV,,,1
Phase6_Exponential-18-20261001-21:45:58-71,param,DectScheduledAccessNetwork.queue,deriveDectParametersFromD,,,true
Phase6_Exponential-18-20261001-21:45:58-71,param,DectScheduledAccessNetwork.queue,L,,,2
Phase6_Exponential-18-20261001-21:45:58-71,param,DectScheduledAccessNetwork.queue,type2ServiceTime,,,0.009s
Phase6_Exponential-18-20261001-21:45:58-71,attr,DectScheduledAccessNetwork.queue,type2ServiceTime,unit,s,
Phase6_Exponential-18-20261001-21:45:58-71,param,DectScheduledAccessNetwork.queue,deriveLambdaFromRho,,,true
Phase6_Exponential-18-20261001-21:45:58-71,param,DectScheduledAccessNetwork.queue,rho,,,0.0847458
Phase6_Exponential-18-20261001-21:45:58-71,param,DectScheduledAccessNetwork.queue,lambdaPerMs,,,0.12
Phase6_Exponential-18-20261001-21:45:58-71,param,DectScheduledAccessNetwork.queue,r,,,30
Phase6_Exponential-18-20261001-21:45:58-71,param,DectScheduledAccessNetwork.queue,warmupCompletedPackets,,,200000
Phase6_Exponential-18-20261001-21:45:58-71,param,DectScheduledAccessNetwork.queue,targetCompletedPackets,,,1000000
Phase6_Exponential-18-20261001-21:45:58-71,param,DectScheduledAccessNetwork.queue,rngIndex,,,0
Phase6_Exponential-18-20261001-21:45:58-71,param,DectScheduledAccessNetwork.queue,recordVectors,,,false
Phase6_Exponential-18-20261001-21:45:58-71,param,DectScheduledAccessNetwork.queue,recordTailStatistics,,,true
Phase6_Exponential-18-20261001-21:45:58-71,param,DectScheduledAccessNetwork,typename,,,"""dect2020scheduledaccess.DectScheduledAccessNetwork"""
Phase6_Exponential-19-20261001-21:45:59-71,param,DectScheduledAccessNetwork.queue,typename,,,"""dect2020scheduledaccess.ScheduledAccessQueue"""
Phase6_Exponential-19-20261001-21:45:59-71,param,DectScheduledAccessNetwork.queue,D,,,10
Phase6_Exponential-19-20261001-21:45:59-71,param,DectScheduledAccessNetwork.queue,frameDuration,,,0.01s
Phase6_Exponential-19-20261001-21:45:59-71,attr,DectScheduledAccessNetwork.queue,frameDuration,unit,s,
Phase6_Exponential-19-20261001-21:45:59-71,param,DectScheduledAccessNetwork.queue,meanType1ServiceTime,,,0.000416667s
Phase6_Exponential-19-20261001-21:45:59-71,attr,DectScheduledAccessNetwork.queue,meanType1ServiceTime,unit,s,
Phase6_Exponential-19-20261001-21:45:59-71,param,DectScheduledAccessNetwork.queue,type1ServiceDistribution,,,"""exponential"""
Phase6_Exponential-19-20261001-21:45:59-71,param,DectScheduledAccessNetwork.queue,type1ServiceSCV,,,1
Phase6_Exponential-19-20261001-21:45:59-71,param,DectScheduledAccessNetwork.queue,deriveDectParametersFromD,,,true
Phase6_Exponential-19-20261001-21:45:59-71,param,DectScheduledAccessNetwork.queue,L,,,2
Phase6_Exponential-19-20261001-21:45:59-71,param,DectScheduledAccessNetwork.queue,type2ServiceTime,,,0.009s
Phase6_Exponential-19-20261001-21:45:59-71,attr,DectScheduledAccessNetwork.queue,type2ServiceTime,unit,s,
Phase6_Exponential-19-20261001-21:45:59-71,param,DectScheduledAccessNetwork.queue,deriveLambdaFromRho,,,true
Phase6_Exponential-19-20261001-21:45:59-71,param,DectScheduledAccessNetwork.queue,rho,,,0.0847458
Phase6_Exponential-19-20261001-21:45:59-71,param,DectScheduledAccessNetwork.queue,lambdaPerMs,,,0.12
Phase6_Exponential-19-20261001-21:45:59-71,param,DectScheduledAccessNetwork.queue,r,,,30
Phase6_Exponential-19-20261001-21:45:59-71,param,DectScheduledAccessNetwork.queue,warmupCompletedPackets,,,200000
Phase6_Exponential-19-20261001-21:45:59-71,param,DectScheduledAccessNetwork.queue,targetCompletedPackets,,,1000000
Phase6_Exponential-19-20261001-21:45:59-71,param,DectScheduledAccessNetwork.queue,rngIndex,,,0
Phase6_Exponential-19-20261001-21:45:59-71,param,DectScheduledAccessNetwork.queue,recordVectors,,,false
Phase6_Exponential-19-20261001-21:45:59-71,param,DectScheduledAccessNetwork.queue,recordTailStatistics,,,true
Phase6_Exponential-19-20261001-21:45:59-71,param,DectScheduledAccessNetwork,typename,,,"""dect2020scheduledaccess.DectScheduledAccessNetwork"""
Phase6_Exponential-20-20261001-21:45:59-71,param,DectScheduledAccessNetwork.queue,typename,,,"""dect2020scheduledaccess.ScheduledAccessQueue"""
Phase6_Exponential-20-20261001-21:45:59-71,param,DectScheduledAccessNetwork.queue,D,,,10
Phase6_Exponential-20-20261001-21:45:59-71,param,DectScheduledAccessNetwork.queue,frameDuration,,,0.01s
Phase6_Exponential-20-20261001-21:45:59-71,attr,DectScheduledAccessNetwork.queue,frameDuration,unit,s,
Phase6_Exponential-20-20261001-21:45:59-71,param,DectScheduledAccessNetwork.queue,meanType1ServiceTime,,,0.000416667s
Phase6_Exponential-20-20261001-21:45:59-71,attr,DectScheduledAccessNetwork.queue,meanType1ServiceTime,unit,s,
Phase6_Exponential-20-20261001-21:45:59-71,param,DectScheduledAccessNetwork.queue,type1ServiceDistribution,,,"""exponential"""
Phase6_Exponential-20-20261001-21:45:59-71,param,DectScheduledAccessNetwork.queue,type1ServiceSCV,,,1
Phase6_Exponential-20-20261001-21:45:59-71,param,DectScheduledAccessNetwork.queue,deriveDectParametersFromD,,,true
Phase6_Exponential-20-20261001-21:45:59-71,param,DectScheduledAccessNetwork.queue,L,,,2
Phase6_Exponential-20-20261001-21:45:59-71,param,DectScheduledAccessNetwork.queue,type2ServiceTime,,,0.009s
Phase6_Exponential-20-20261001-21:45:59-71,attr,DectScheduledAccessNetwork.queue,type2ServiceTime,unit,s,
Phase6_Exponential-20-20261001-21:45:59-71,param,DectScheduledAccessNetwork.queue,deriveLambdaFromRho,,,true
Phase6_Exponential-20-20261001-21:45:59-71,param,DectScheduledAccessNetwork.queue,rho,,,0.101695
Phase6_Exponential-20-20261001-21:45:59-71,param,DectScheduledAccessNetwork.queue,lambdaPerMs,,,0.12
Phase6_Exponential-20-20261001-21:45:59-71,param,DectScheduledAccessNetwork.queue,r,,,30
Phase6_Exponential-20-20261001-21:45:59-71,param,DectScheduledAccessNetwork.queue,warmupCompletedPackets,,,200000
Phase6_Exponential-20-20261001-21:45:59-71,param,DectScheduledAccessNetwork.queue,targetCompletedPackets,,,1000000
Phase6_Exponential-20-20261001-21:45:59-71,param,DectScheduledAccessNetwork.queue,rngIndex,,,0
Phase6_Exponential-20-20261001-21:45:59-71,param,DectScheduledAccessNetwork.queue,recordVectors,,,false
Phase6_Exponential-20-20261001-21:45:59-71,param,DectScheduledAccessNetwork.queue,recordTailStatistics,,,true
Phase6_Exponential-20-20261001-21:45:59-71,param,DectScheduledAccessNetwork,typename,,,"""dect2020scheduledaccess.DectScheduledAccessNetwork"""
Phase6_Exponential-21-20261001-21:45:59-71,param,DectScheduledAccessNetwork.queue,typename,,,"""dect2020scheduledaccess.ScheduledAccessQueue"""
Phase6_Exponential-21-20261001-21:45:59-71,param,DectScheduledAccessNetwork.queue,D,,,10
Phase6_Exponential-21-20261001-21:45:59-71,param,DectScheduledAccessNetwork.queue,frameDuration,,,0.01s
Phase6_Exponential-21-20261001-21:45:59-71,attr,DectScheduledAccessNetwork.queue,frameDuration,unit,s,
Phase6_Exponential-21-20261001-21:45:59-71,param,DectScheduledAccessNetwork.queue,meanType1ServiceTime,,,0.000416667s
Phase6_Exponential-21-20261001-21:45:59-71,attr,DectScheduledAccessNetwork.queue,meanType1ServiceTime,unit,s,
Phase6_Exponential-21-20261001-21:45:59-71,param,DectScheduledAccessNetwork.queue,type1ServiceDistribution,,,"""exponential"""
Phase6_Exponential-21-20261001-21:45:59-71,param,DectScheduledAccessNetwork.queue,type1ServiceSCV,,,1
Phase6_Exponential-21-20261001-21:45:59-71,param,DectScheduledAccessNetwork.queue,deriveDectParametersFromD,,,true
Phase6_Exponential-21-20261001-21:45:59-71,param,DectScheduledAccessNetwork.queue,L,,,2
Phase6_Exponential-21-20261001-21:45:59-71,param,DectScheduledAccessNetwork.queue,type2ServiceTime,,,0.009s
Phase6_Exponential-21-20261001-21:45:59-71,attr,DectScheduledAccessNetwork.queue,type2ServiceTime,unit,s,
Phase6_Exponential-21-20261001-21:45:59-71,param,DectScheduledAccessNetwork.queue,deriveLambdaFromRho,,,true
Phase6_Exponential-21-20261001-21:45:59-71,param,DectScheduledAccessNetwork.queue,rho,,,0.101695
Phase6_Exponential-21-20261001-21:45:59-71,param,DectScheduledAccessNetwork.queue,lambdaPerMs,,,0.12
Phase6_Exponential-21-20261001-21:45:59-71,param,DectScheduledAccessNetwork.queue,r,,,30
Phase6_Exponential-21-20261001-21:45:59-71,param,DectScheduledAccessNetwork.queue,warmupCompletedPackets,,,200000
Phase6_Exponential-21-20261001-21:45:59-71,param,DectScheduledAccessNetwork.queue,targetCompletedPackets,,,1000000
Phase6_Exponential-21-20261001-21:45:59-71,param,DectScheduledAccessNetwork.queue,rngIndex,,,0
Phase6_Exponential-21-20261001-21:45:59-71,param,DectScheduledAccessNetwork.queue,recordVectors,,,false
Phase6_Exponential-21-20261001-21:45:59-71,param,DectScheduledAccessNetwork.queue,recordTailStatistics,,,true
Phase6_Exponential-21-20261001-21:45:59-71,param,DectScheduledAccessNetwork,typename,,,"""dect2020scheduledaccess.DectScheduledAccessNetwork"""
Phase6_Exponential-22-20261001-21:45:59-71,param,DectScheduledAccessNetwork.queue,typename,,,"""dect2020scheduledaccess.ScheduledAccessQueue"""
Phase6_Exponential-22-20261001-21:45:59-71,param,DectScheduledAccessNetwork.queue,D,,,10
Phase6_Exponential-22-20261001-21:45:59-71,param,DectScheduledAccessNetwork.queue,frameDuration,,,0.01s
Phase6_Exponential-22-20261001-21:45:59-71,attr,DectScheduledAccessNetwork.queue,frameDuration,unit,s,
Phase6_Exponential-22-20261001-21:45:59-71,param,DectScheduledAccessNetwork.queue,meanType1ServiceTime,,,0.000416667s
Phase6_Exponential-22-20261001-21:45:59-71,attr,DectScheduledAccessNetwork.queue,meanType1ServiceTime,unit,s,
Phase6_Exponential-22-20261001-21:45:59-71,param,DectScheduledAccessNetwork.queue,type1ServiceDistribution,,,"""exponential"""
Phase6_Exponential-22-20261001-21:45:59-71,param,DectScheduledAccessNetwork.queue,type1ServiceSCV,,,1
Phase6_Exponential-22-20261001-21:45:59-71,param,DectScheduledAccessNetwork.queue,deriveDectParametersFromD,,,true
Phase6_Exponential-22-20261001-21:45:59-71,param,DectScheduledAccessNetwork.queue,L,,,2
Phase6_Exponential-22-20261001-21:45:59-71,param,DectScheduledAccessNetwork.queue,type2ServiceTime,,,0.009s
Phase6_Exponential-22-20261001-21:45:59-71,attr,DectScheduledAccessNetwork.queue,type2ServiceTime,unit,s,
Phase6_Exponential-22-20261001-21:45:59-71,param,DectScheduledAccessNetwork.queue,deriveLambdaFromRho,,,true
Phase6_Exponential-22-20261001-21:45:59-71,param,DectScheduledAccessNetwork.queue,rho,,,0.101695
Phase6_Exponential-22-20261001-21:45:59-71,param,DectScheduledAccessNetwork.queue,lambdaPerMs,,,0.12
Phase6_Exponential-22-20261001-21:45:59-71,param,DectScheduledAccessNetwork.queue,r,,,30
Phase6_Exponential-22-20261001-21:45:59-71,param,DectScheduledAccessNetwork.queue,warmupCompletedPackets,,,200000
Phase6_Exponential-22-20261001-21:45:59-71,param,DectScheduledAccessNetwork.queue,targetCompletedPackets,,,1000000
Phase6_Exponential-22-20261001-21:45:59-71,param,DectScheduledAccessNetwork.queue,rngIndex,,,0
Phase6_Exponential-22-20261001-21:45:59-71,param,DectScheduledAccessNetwork.queue,recordVectors,,,false
Phase6_Exponential-22-20261001-21:45:59-71,param,DectScheduledAccessNetwork.queue,recordTailStatistics,,,true
Phase6_Exponential-22-20261001-21:45:59-71,param,DectScheduledAccessNetwork,typename,,,"""dect2020scheduledaccess.DectScheduledAccessNetwork"""
Phase6_Exponential-23-20261001-21:46:00-71,param,DectScheduledAccessNetwork.queue,typename,,,"""dect2020scheduledaccess.ScheduledAccessQueue"""
Phase6_Exponential-23-20261001-21:46:00-71,param,DectScheduledAccessNetwork.queue,D,,,10
Phase6_Exponential-23-20261001-21:46:00-71,param,DectScheduledAccessNetwork.queue,frameDuration,,,0.01s
Phase6_Exponential-23-20261001-21:46:00-71,attr,DectScheduledAccessNetwork.queue,frameDuration,unit,s,
Phase6_Exponential-23-20261001-21:46:00-71,param,DectScheduledAccessNetwork.queue,meanType1ServiceTime,,,0.000416667s
Phase6_Exponential-23-20261001-21:46:00-71,attr,DectScheduledAccessNetwork.queue,meanType1ServiceTime,unit,s,
Phase6_Exponential-23-20261001-21:46:00-71,param,DectScheduledAccessNetwork.queue,type1ServiceDistribution,,,"""exponential"""
Phase6_Exponential-23-20261001-21:46:00-71,param,DectScheduledAccessNetwork.queue,type1ServiceSCV,,,1
Phase6_Exponential-23-20261001-21:46:00-71,param,DectScheduledAccessNetwork.queue,deriveDectParametersFromD,,,true
Phase6_Exponential-23-20261001-21:46:00-71,param,DectScheduledAccessNetwork.queue,L,,,2
Phase6_Exponential-23-20261001-21:46:00-71,param,DectScheduledAccessNetwork.queue,type2ServiceTime,,,0.009s
Phase6_Exponential-23-20261001-21:46:00-71,attr,DectScheduledAccessNetwork.queue,type2ServiceTime,unit,s,
Phase6_Exponential-23-20261001-21:46:00-71,param,DectScheduledAccessNetwork.queue,deriveLambdaFromRho,,,true
Phase6_Exponential-23-20261001-21:46:00-71,param,DectScheduledAccessNetwork.queue,rho,,,0.101695
Phase6_Exponential-23-20261001-21:46:00-71,param,DectScheduledAccessNetwork.queue,lambdaPerMs,,,0.12
Phase6_Exponential-23-20261001-21:46:00-71,param,DectScheduledAccessNetwork.queue,r,,,30
Phase6_Exponential-23-20261001-21:46:00-71,param,DectScheduledAccessNetwork.queue,warmupCompletedPackets,,,200000
Phase6_Exponential-23-20261001-21:46:00-71,param,DectScheduledAccessNetwork.queue,targetCompletedPackets,,,1000000
Phase6_Exponential-23-20261001-21:46:00-71,param,DectScheduledAccessNetwork.queue,rngIndex,,,0
Phase6_Exponential-23-20261001-21:46:00-71,param,DectScheduledAccessNetwork.queue,recordVectors,,,false
Phase6_Exponential-23-20261001-21:46:00-71,param,DectScheduledAccessNetwork.queue,recordTailStatistics,,,true
Phase6_Exponential-23-20261001-21:46:00-71,param,DectScheduledAccessNetwork,typename,,,"""dect2020scheduledaccess.DectScheduledAccessNetwork"""
Phase6_Exponential-24-20261001-21:46:00-71,param,DectScheduledAccessNetwork.queue,typename,,,"""dect2020scheduledaccess.ScheduledAccessQueue"""
Phase6_Exponential-24-20261001-21:46:00-71,param,DectScheduledAccessNetwork.queue,D,,,10
Phase6_Exponential-24-20261001-21:46:00-71,param,DectScheduledAccessNetwork.queue,frameDuration,,,0.01s
Phase6_Exponential-24-20261001-21:46:00-71,attr,DectScheduledAccessNetwork.queue,frameDuration,unit,s,
Phase6_Exponential-24-20261001-21:46:00-71,param,DectScheduledAccessNetwork.queue,meanType1ServiceTime,,,0.000416667s
Phase6_Exponential-24-20261001-21:46:00-71,attr,DectScheduledAccessNetwork.queue,meanType1ServiceTime,unit,s,
Phase6_Exponential-24-20261001-21:46:00-71,param,DectScheduledAccessNetwork.queue,type1ServiceDistribution,,,"""exponential"""
Phase6_Exponential-24-20261001-21:46:00-71,param,DectScheduledAccessNetwork.queue,type1ServiceSCV,,,1
Phase6_Exponential-24-20261001-21:46:00-71,param,DectScheduledAccessNetwork.queue,deriveDectParametersFromD,,,true
Phase6_Exponential-24-20261001-21:46:00-71,param,DectScheduledAccessNetwork.queue,L,,,2
Phase6_Exponential-24-20261001-21:46:00-71,param,DectScheduledAccessNetwork.queue,type2ServiceTime,,,0.009s
Phase6_Exponential-24-20261001-21:46:00-71,attr,DectScheduledAccessNetwork.queue,type2ServiceTime,unit,s,
Phase6_Exponential-24-20261001-21:46:00-71,param,DectScheduledAccessNetwork.queue,deriveLambdaFromRho,,,true
Phase6_Exponential-24-20261001-21:46:00-71,param,DectScheduledAccessNetwork.queue,rho,,,0.101695
Phase6_Exponential-24-20261001-21:46:00-71,param,DectScheduledAccessNetwork.queue,lambdaPerMs,,,0.12
Phase6_Exponential-24-20261001-21:46:00-71,param,DectScheduledAccessNetwork.queue,r,,,30
Phase6_Exponential-24-20261001-21:46:00-71,param,DectScheduledAccessNetwork.queue,warmupCompletedPackets,,,200000
Phase6_Exponential-24-20261001-21:46:00-71,param,DectScheduledAccessNetwork.queue,targetCompletedPackets,,,1000000
Phase6_Exponential-24-20261001-21:46:00-71,param,DectScheduledAccessNetwork.queue,rngIndex,,,0
Phase6_Exponential-24-20261001-21:46:00-71,param,DectScheduledAccessNetwork.queue,recordVectors,,,false
Phase6_Exponential-24-20261001-21:46:00-71,param,DectScheduledAccessNetwork.queue,recordTailStatistics,,,true
Phase6_Exponential-24-20261001-21:46:00-71,param,DectScheduledAccessNetwork,typename,,,"""dect2020scheduledaccess.DectScheduledAccessNetwork"""
Phase6_Exponential-25-20261001-21:46:00-71,param,DectScheduledAccessNetwork.queue,typename,,,"""dect2020scheduledaccess.ScheduledAccessQueue"""
Phase6_Exponential-25-20261001-21:46:00-71,param,DectScheduledAccessNetwork.queue,D,,,10
Phase6_Exponential-25-20261001-21:46:00-71,param,DectScheduledAccessNetwork.queue,frameDuration,,,0.01s
Phase6_Exponential-25-20261001-21:46:00-71,attr,DectScheduledAccessNetwork.queue,frameDuration,unit,s,
Phase6_Exponential-25-20261001-21:46:00-71,param,DectScheduledAccessNetwork.queue,meanType1ServiceTime,,,0.000416667s
Phase6_Exponential-25-20261001-21:46:00-71,attr,DectScheduledAccessNetwork.queue,meanType1ServiceTime,unit,s,
Phase6_Exponential-25-20261001-21:46:00-71,param,DectScheduledAccessNetwork.queue,type1ServiceDistribution,,,"""exponential"""
Phase6_Exponential-25-20261001-21:46:00-71,param,DectScheduledAccessNetwork.queue,type1ServiceSCV,,,1
Phase6_Exponential-25-20261001-21:46:00-71,param,DectScheduledAccessNetwork.queue,deriveDectParametersFromD,,,true
Phase6_Exponential-25-20261001-21:46:00-71,param,DectScheduledAccessNetwork.queue,L,,,2
Phase6_Exponential-25-20261001-21:46:00-71,param,DectScheduledAccessNetwork.queue,type2ServiceTime,,,0.009s
Phase6_Exponential-25-20261001-21:46:00-71,attr,DectScheduledAccessNetwork.queue,type2ServiceTime,unit,s,
Phase6_Exponential-25-20261001-21:46:00-71,param,DectScheduledAccessNetwork.queue,deriveLambdaFromRho,,,true
Phase6_Exponential-25-20261001-21:46:00-71,param,DectScheduledAccessNetwork.queue,rho,,,0.101695
Phase6_Exponential-25-20261001-21:46:00-71,param,DectScheduledAccessNetwork.queue,lambdaPerMs,,,0.12
Phase6_Exponential-25-20261001-21:46:00-71,param,DectScheduledAccessNetwork.queue,r,,,30
Phase6_Exponential-25-20261001-21:46:00-71,param,DectScheduledAccessNetwork.queue,warmupCompletedPackets,,,200000
Phase6_Exponential-25-20261001-21:46:00-71,param,DectScheduledAccessNetwork.queue,targetCompletedPackets,,,1000000
Phase6_Exponential-25-20261001-21:46:00-71,param,DectScheduledAccessNetwork.queue,rngIndex,,,0
Phase6_Exponential-25-20261001-21:46:00-71,param,DectScheduledAccessNetwork.queue,recordVectors,,,false
Phase6_Exponential-25-20261001-21:46:00-71,param,DectScheduledAccessNetwork.queue,recordTailStatistics,,,true
Phase6_Exponential-25-20261001-21:46:00-71,param,DectScheduledAccessNetwork,typename,,,"""dect2020scheduledaccess.DectScheduledAccessNetwork"""
Phase6_Exponential-26-20261001-21:46:01-71,param,DectScheduledAccessNetwork.queue,typename,,,"""dect2020scheduledaccess.ScheduledAccessQueue"""
Phase6_Exponential-26-20261001-21:46:01-71,param,DectScheduledAccessNetwork.queue,D,,,10
Phase6_Exponential-26-20261001-21:46:01-71,param,DectScheduledAccessNetwork.queue,frameDuration,,,0.01s
Phase6_Exponential-26-20261001-21:46:01-71,attr,DectScheduledAccessNetwork.queue,frameDuration,unit,s,
Phase6_Exponential-26-20261001-21:46:01-71,param,DectScheduledAccessNetwork.queue,meanType1ServiceTime,,,0.000416667s
Phase6_Exponential-26-20261001-21:46:01-71,attr,DectScheduledAccessNetwork.queue,meanType1ServiceTime,unit,s,
Phase6_Exponential-26-20261001-21:46:01-71,param,DectScheduledAccessNetwork.queue,type1ServiceDistribution,,,"""exponential"""
Phase6_Exponential-26-20261001-21:46:01-71,param,DectScheduledAccessNetwork.queue,type1ServiceSCV,,,1
Phase6_Exponential-26-20261001-21:46:01-71,param,DectScheduledAccessNetwork.queue,deriveDectParametersFromD,,,true
Phase6_Exponential-26-20261001-21:46:01-71,param,DectScheduledAccessNetwork.queue,L,,,2
Phase6_Exponential-26-20261001-21:46:01-71,param,DectScheduledAccessNetwork.queue,type2ServiceTime,,,0.009s
Phase6_Exponential-26-20261001-21:46:01-71,attr,DectScheduledAccessNetwork.queue,type2ServiceTime,unit,s,
Phase6_Exponential-26-20261001-21:46:01-71,param,DectScheduledAccessNetwork.queue,deriveLambdaFromRho,,,true
Phase6_Exponential-26-20261001-21:46:01-71,param,DectScheduledAccessNetwork.queue,rho,,,0.101695
Phase6_Exponential-26-20261001-21:46:01-71,param,DectScheduledAccessNetwork.queue,lambdaPerMs,,,0.12
Phase6_Exponential-26-20261001-21:46:01-71,param,DectScheduledAccessNetwork.queue,r,,,30
Phase6_Exponential-26-20261001-21:46:01-71,param,DectScheduledAccessNetwork.queue,warmupCompletedPackets,,,200000
Phase6_Exponential-26-20261001-21:46:01-71,param,DectScheduledAccessNetwork.queue,targetCompletedPackets,,,1000000
Phase6_Exponential-26-20261001-21:46:01-71,param,DectScheduledAccessNetwork.queue,rngIndex,,,0
Phase6_Exponential-26-20261001-21:46:01-71,param,DectScheduledAccessNetwork.queue,recordVectors,,,false
Phase6_Exponential-26-20261001-21:46:01-71,param,DectScheduledAccessNetwork.queue,recordTailStatistics,,,true
Phase6_Exponential-26-20261001-21:46:01-71,param,DectScheduledAccessNetwork,typename,,,"""dect2020scheduledaccess.DectScheduledAccessNetwork"""
Phase6_Exponential-27-20261001-21:46:01-71,param,DectScheduledAccessNetwork.queue,typename,,,"""dect2020scheduledaccess.ScheduledAccessQueue"""
Phase6_Exponential-27-20261001-21:46:01-71,param,DectScheduledAccessNetwork.queue,D,,,10
Phase6_Exponential-27-20261001-21:46:01-71,param,DectScheduledAccessNetwork.queue,frameDuration,,,0.01s
Phase6_Exponential-27-20261001-21:46:01-71,attr,DectScheduledAccessNetwork.queue,frameDuration,unit,s,
Phase6_Exponential-27-20261001-21:46:01-71,param,DectScheduledAccessNetwork.queue,meanType1ServiceTime,,,0.000416667s
Phase6_Exponential-27-20261001-21:46:01-71,attr,DectScheduledAccessNetwork.queue,meanType1ServiceTime,unit,s,
Phase6_Exponential-27-20261001-21:46:01-71,param,DectScheduledAccessNetwork.queue,type1ServiceDistribution,,,"""exponential"""
Phase6_Exponential-27-20261001-21:46:01-71,param,DectScheduledAccessNetwork.queue,type1ServiceSCV,,,1
Phase6_Exponential-27-20261001-21:46:01-71,param,DectScheduledAccessNetwork.queue,deriveDectParametersFromD,,,true
Phase6_Exponential-27-20261001-21:46:01-71,param,DectScheduledAccessNetwork.queue,L,,,2
Phase6_Exponential-27-20261001-21:46:01-71,param,DectScheduledAccessNetwork.queue,type2ServiceTime,,,0.009s
Phase6_Exponential-27-20261001-21:46:01-71,attr,DectScheduledAccessNetwork.queue,type2ServiceTime,unit,s,
Phase6_Exponential-27-20261001-21:46:01-71,param,DectScheduledAccessNetwork.queue,deriveLambdaFromRho,,,true
Phase6_Exponential-27-20261001-21:46:01-71,param,DectScheduledAccessNetwork.queue,rho,,,0.101695
Phase6_Exponential-27-20261001-21:46:01-71,param,DectScheduledAccessNetwork.queue,lambdaPerMs,,,0.12
Phase6_Exponential-27-20261001-21:46:01-71,param,DectScheduledAccessNetwork.queue,r,,,30
Phase6_Exponential-27-20261001-21:46:01-71,param,DectScheduledAccessNetwork.queue,warmupCompletedPackets,,,200000
Phase6_Exponential-27-20261001-21:46:01-71,param,DectScheduledAccessNetwork.queue,targetCompletedPackets,,,1000000
Phase6_Exponential-27-20261001-21:46:01-71,param,DectScheduledAccessNetwork.queue,rngIndex,,,0
Phase6_Exponential-27-20261001-21:46:01-71,param,DectScheduledAccessNetwork.queue,recordVectors,,,false
Phase6_Exponential-27-20261001-21:46:01-71,param,DectScheduledAccessNetwork.queue,recordTailStatistics,,,true
Phase6_Exponential-27-20261001-21:46:01-71,param,DectScheduledAccessNetwork,typename,,,"""dect2020scheduledaccess.DectScheduledAccessNetwork"""
Phase6_Exponential-28-20261001-21:46:01-71,param,DectScheduledAccessNetwork.queue,typename,,,"""dect2020scheduledaccess.ScheduledAccessQueue"""
Phase6_Exponential-28-20261001-21:46:01-71,param,DectScheduledAccessNetwork.queue,D,,,10
Phase6_Exponential-28-20261001-21:46:01-71,param,DectScheduledAccessNetwork.queue,frameDuration,,,0.01s
Phase6_Exponential-28-20261001-21:46:01-71,attr,DectScheduledAccessNetwork.queue,frameDuration,unit,s,
Phase6_Exponential-28-20261001-21:46:01-71,param,DectScheduledAccessNetwork.queue,meanType1ServiceTime,,,0.000416667s
Phase6_Exponential-28-20261001-21:46:01-71,attr,DectScheduledAccessNetwork.queue,meanType1ServiceTime,unit,s,
Phase6_Exponential-28-20261001-21:46:01-71,param,DectScheduledAccessNetwork.queue,type1ServiceDistribution,,,"""exponential"""
Phase6_Exponential-28-20261001-21:46:01-71,param,DectScheduledAccessNetwork.queue,type1ServiceSCV,,,1
Phase6_Exponential-28-20261001-21:46:01-71,param,DectScheduledAccessNetwork.queue,deriveDectParametersFromD,,,true
Phase6_Exponential-28-20261001-21:46:01-71,param,DectScheduledAccessNetwork.queue,L,,,2
Phase6_Exponential-28-20261001-21:46:01-71,param,DectScheduledAccessNetwork.queue,type2ServiceTime,,,0.009s
Phase6_Exponential-28-20261001-21:46:01-71,attr,DectScheduledAccessNetwork.queue,type2ServiceTime,unit,s,
Phase6_Exponential-28-20261001-21:46:01-71,param,DectScheduledAccessNetwork.queue,deriveLambdaFromRho,,,true
Phase6_Exponential-28-20261001-21:46:01-71,param,DectScheduledAccessNetwork.queue,rho,,,0.101695
Phase6_Exponential-28-20261001-21:46:01-71,param,DectScheduledAccessNetwork.queue,lambdaPerMs,,,0.12
Phase6_Exponential-28-20261001-21:46:01-71,param,DectScheduledAccessNetwork.queue,r,,,30
Phase6_Exponential-28-20261001-21:46:01-71,param,DectScheduledAccessNetwork.queue,warmupCompletedPackets,,,200000
Phase6_Exponential-28-20261001-21:46:01-71,param,DectScheduledAccessNetwork.queue,targetCompletedPackets,,,1000000
Phase6_Exponential-28-20261001-21:46:01-71,param,DectScheduledAccessNetwork.queue,rngIndex,,,0
Phase6_Exponential-28-20261001-21:46:01-71,param,DectScheduledAccessNetwork.queue,recordVectors,,,false
Phase6_Exponential-28-20261001-21:46:01-71,param,DectScheduledAccessNetwork.queue,recordTailStatistics,,,true
Phase6_Exponential-28-20261001-21:46:01-71,param,DectScheduledAccessNetwork,typename,,,"""dect2020scheduledaccess.DectScheduledAccessNetwork"""
Phase6_Exponential-29-20261001-21:46:01-71,param,DectScheduledAccessNetwork.queue,typename,,,"""dect2020scheduledaccess.ScheduledAccessQueue"""
Phase6_Exponential-29-20261001-21:46:01-71,param,DectScheduledAccessNetwork.queue,D,,,10
Phase6_Exponential-29-20261001-21:46:01-71,param,DectScheduledAccessNetwork.queue,frameDuration,,,0.01s
Phase6_Exponential-29-20261001-21:46:01-71,attr,DectScheduledAccessNetwork.queue,frameDuration,unit,s,
Phase6_Exponential-29-20261001-21:46:01-71,param,DectScheduledAccessNetwork.queue,meanType1ServiceTime,,,0.000416667s
Phase6_Exponential-29-20261001-21:46:01-71,attr,DectScheduledAccessNetwork.queue,meanType1ServiceTime,unit,s,
Phase6_Exponential-29-20261001-21:46:01-71,param,DectScheduledAccessNetwork.queue,type1ServiceDistribution,,,"""exponential"""
Phase6_Exponential-29-20261001-21:46:01-71,param,DectScheduledAccessNetwork.queue,type1ServiceSCV,,,1
Phase6_Exponential-29-20261001-21:46:01-71,param,DectScheduledAccessNetwork.queue,deriveDectParametersFromD,,,true
Phase6_Exponential-29-20261001-21:46:01-71,param,DectScheduledAccessNetwork.queue,L,,,2
Phase6_Exponential-29-20261001-21:46:01-71,param,DectScheduledAccessNetwork.queue,type2ServiceTime,,,0.009s
Phase6_Exponential-29-20261001-21:46:01-71,attr,DectScheduledAccessNetwork.queue,type2ServiceTime,unit,s,
Phase6_Exponential-29-20261001-21:46:01-71,param,DectScheduledAccessNetwork.queue,deriveLambdaFromRho,,,true
Phase6_Exponential-29-20261001-21:46:01-71,param,DectScheduledAccessNetwork.queue,rho,,,0.101695
Phase6_Exponential-29-20261001-21:46:01-71,param,DectScheduledAccessNetwork.queue,lambdaPerMs,,,0.12
Phase6_Exponential-29-20261001-21:46:01-71,param,DectScheduledAccessNetwork.queue,r,,,30
Phase6_Exponential-29-20261001-21:46:01-71,param,DectScheduledAccessNetwork.queue,warmupCompletedPackets,,,200000
Phase6_Exponential-29-20261001-21:46:01-71,param,DectScheduledAccessNetwork.queue,targetCompletedPackets,,,1000000
Phase6_Exponential-29-20261001-21:46:01-71,param,DectScheduledAccessNetwork.queue,rngIndex,,,0
Phase6_Exponential-29-20261001-21:46:01-71,param,DectScheduledAccessNetwork.queue,recordVectors,,,false
Phase6_Exponential-29-20261001-21:46:01-71,param,DectScheduledAccessNetwork.queue,recordTailStatistics,,,true
Phase6_Exponential-29-20261001-21:46:01-71,param,DectScheduledAccessNetwork,typename,,,"""dect2020scheduledaccess.DectScheduledAccessNetwork"""
Phase6_Hyperexponential-0-20261001-21:46:02-72,param,DectScheduledAccessNetwork.queue,typename,,,"""dect2020scheduledaccess.ScheduledAccessQueue"""
Phase6_Hyperexponential-0-20261001-21:46:02-72,param,DectScheduledAccessNetwork.queue,D,,,10
Phase6_Hyperexponential-0-20261001-21:46:02-72,param,DectScheduledAccessNetwork.queue,frameDuration,,,0.01s
Phase6_Hyperexponential-0-20261001-21:46:02-72,attr,DectScheduledAccessNetwork.queue,frameDuration,unit,s,
Phase6_Hyperexponential-0-20261001-21:46:02-72,param,DectScheduledAccessNetwork.queue,meanType1ServiceTime,,,0.000416667s
Phase6_Hyperexponential-0-20261001-21:46:02-72,attr,DectScheduledAccessNetwork.queue,meanType1ServiceTime,unit,s,
Phase6_Hyperexponential-0-20261001-21:46:02-72,param,DectScheduledAccessNetwork.queue,type1ServiceDistribution,,,"""hyperexponential"""
Phase6_Hyperexponential-0-20261001-21:46:02-72,param,DectScheduledAccessNetwork.queue,type1ServiceSCV,,,4
Phase6_Hyperexponential-0-20261001-21:46:02-72,param,DectScheduledAccessNetwork.queue,deriveDectParametersFromD,,,true
Phase6_Hyperexponential-0-20261001-21:46:02-72,param,DectScheduledAccessNetwork.queue,L,,,2
Phase6_Hyperexponential-0-20261001-21:46:02-72,param,DectScheduledAccessNetwork.queue,type2ServiceTime,,,0.009s
Phase6_Hyperexponential-0-20261001-21:46:02-72,attr,DectScheduledAccessNetwork.queue,type2ServiceTime,unit,s,
Phase6_Hyperexponential-0-20261001-21:46:02-72,param,DectScheduledAccessNetwork.queue,deriveLambdaFromRho,,,true
Phase6_Hyperexponential-0-20261001-21:46:02-72,param,DectScheduledAccessNetwork.queue,rho,,,0.0677966
Phase6_Hyperexponential-0-20261001-21:46:02-72,param,DectScheduledAccessNetwork.queue,lambdaPerMs,,,0.12
Phase6_Hyperexponential-0-20261001-21:46:02-72,param,DectScheduledAccessNetwork.queue,r,,,30
Phase6_Hyperexponential-0-20261001-21:46:02-72,param,DectScheduledAccessNetwork.queue,warmupCompletedPackets,,,200000
Phase6_Hyperexponential-0-20261001-21:46:02-72,param,DectScheduledAccessNetwork.queue,targetCompletedPackets,,,1000000
Phase6_Hyperexponential-0-20261001-21:46:02-72,param,DectScheduledAccessNetwork.queue,rngIndex,,,0
Phase6_Hyperexponential-0-20261001-21:46:02-72,param,DectScheduledAccessNetwork.queue,recordVectors,,,false
Phase6_Hyperexponential-0-20261001-21:46:02-72,param,DectScheduledAccessNetwork.queue,recordTailStatistics,,,true
Phase6_Hyperexponential-0-20261001-21:46:02-72,param,DectScheduledAccessNetwork,typename,,,"""dect2020scheduledaccess.DectScheduledAccessNetwork"""
Phase6_Hyperexponential-1-20261001-21:46:02-72,param,DectScheduledAccessNetwork.queue,typename,,,"""dect2020scheduledaccess.ScheduledAccessQueue"""
Phase6_Hyperexponential-1-20261001-21:46:02-72,param,DectScheduledAccessNetwork.queue,D,,,10
Phase6_Hyperexponential-1-20261001-21:46:02-72,param,DectScheduledAccessNetwork.queue,frameDuration,,,0.01s
Phase6_Hyperexponential-1-20261001-21:46:02-72,attr,DectScheduledAccessNetwork.queue,frameDuration,unit,s,
Phase6_Hyperexponential-1-20261001-21:46:02-72,param,DectScheduledAccessNetwork.queue,meanType1ServiceTime,,,0.000416667s
Phase6_Hyperexponential-1-20261001-21:46:02-72,attr,DectScheduledAccessNetwork.queue,meanType1ServiceTime,unit,s,
Phase6_Hyperexponential-1-20261001-21:46:02-72,param,DectScheduledAccessNetwork.queue,type1ServiceDistribution,,,"""hyperexponential"""
Phase6_Hyperexponential-1-20261001-21:46:02-72,param,DectScheduledAccessNetwork.queue,type1ServiceSCV,,,4
Phase6_Hyperexponential-1-20261001-21:46:02-72,param,DectScheduledAccessNetwork.queue,deriveDectParametersFromD,,,true
Phase6_Hyperexponential-1-20261001-21:46:02-72,param,DectScheduledAccessNetwork.queue,L,,,2
Phase6_Hyperexponential-1-20261001-21:46:02-72,param,DectScheduledAccessNetwork.queue,type2ServiceTime,,,0.009s
Phase6_Hyperexponential-1-20261001-21:46:02-72,attr,DectScheduledAccessNetwork.queue,type2ServiceTime,unit,s,
Phase6_Hyperexponential-1-20261001-21:46:02-72,param,DectScheduledAccessNetwork.queue,deriveLambdaFromRho,,,true
Phase6_Hyperexponential-1-20261001-21:46:02-72,param,DectScheduledAccessNetwork.queue,rho,,,0.0677966
Phase6_Hyperexponential-1-20261001-21:46:02-72,param,DectScheduledAccessNetwork.queue,lambdaPerMs,,,0.12
Phase6_Hyperexponential-1-20261001-21:46:02-72,param,DectScheduledAccessNetwork.queue,r,,,30
Phase6_Hyperexponential-1-20261001-21:46:02-72,param,DectScheduledAccessNetwork.queue,warmupCompletedPackets,,,200000
Phase6_Hyperexponential-1-20261001-21:46:02-72,param,DectScheduledAccessNetwork.queue,targetCompletedPackets,,,1000000
Phase6_Hyperexponential-1-20261001-21:46:02-72,param,DectScheduledAccessNetwork.queue,rngIndex,,,0
Phase6_Hyperexponential-1-20261001-21:46:02-72,param,DectScheduledAccessNetwork.queue,recordVectors,,,false
Phase6_Hyperexponential-1-20261001-21:46:02-72,param,DectScheduledAccessNetwork.queue,recordTailStatistics,,,true
Phase6_Hyperexponential-1-20261001-21:46:02-72,param,DectScheduledAccessNetwork,typename,,,"""dect2020scheduledaccess.DectScheduledAccessNetwork"""
Phase6_Hyperexponential-2-20261001-21:46:02-72,param,DectScheduledAccessNetwork.queue,typename,,,"""dect2020scheduledaccess.ScheduledAccessQueue"""
Phase6_Hyperexponential-2-20261001-21:46:02-72,param,DectScheduledAccessNetwork.queue,D,,,10
Phase6_Hyperexponential-2-20261001-21:46:02-72,param,DectScheduledAccessNetwork.queue,frameDuration,,,0.01s
Phase6_Hyperexponential-2-20261001-21:46:02-72,attr,DectScheduledAccessNetwork.queue,frameDuration,unit,s,
Phase6_Hyperexponential-2-20261001-21:46:02-72,param,DectScheduledAccessNetwork.queue,meanType1ServiceTime,,,0.000416667s
Phase6_Hyperexponential-2-20261001-21:46:02-72,attr,DectScheduledAccessNetwork.queue,meanType1ServiceTime,unit,s,
Phase6_Hyperexponential-2-20261001-21:46:02-72,param,DectScheduledAccessNetwork.queue,type1ServiceDistribution,,,"""hyperexponential"""
Phase6_Hyperexponential-2-20261001-21:46:02-72,param,DectScheduledAccessNetwork.queue,type1ServiceSCV,,,4
Phase6_Hyperexponential-2-20261001-21:46:02-72,param,DectScheduledAccessNetwork.queue,deriveDectParametersFromD,,,true
Phase6_Hyperexponential-2-20261001-21:46:02-72,param,DectScheduledAccessNetwork.queue,L,,,2
Phase6_Hyperexponential-2-20261001-21:46:02-72,param,DectScheduledAccessNetwork.queue,type2ServiceTime,,,0.009s
Phase6_Hyperexponential-2-20261001-21:46:02-72,attr,DectScheduledAccessNetwork.queue,type2ServiceTime,unit,s,
Phase6_Hyperexponential-2-20261001-21:46:02-72,param,DectScheduledAccessNetwork.queue,deriveLambdaFromRho,,,true
Phase6_Hyperexponential-2-20261001-21:46:02-72,param,DectScheduledAccessNetwork.queue,rho,,,0.0677966
Phase6_Hyperexponential-2-20261001-21:46:02-72,param,DectScheduledAccessNetwork.queue,lambdaPerMs,,,0.12
Phase6_Hyperexponential-2-20261001-21:46:02-72,param,DectScheduledAccessNetwork.queue,r,,,30
Phase6_Hyperexponential-2-20261001-21:46:02-72,param,DectScheduledAccessNetwork.queue,warmupCompletedPackets,,,200000
Phase6_Hyperexponential-2-20261001-21:46:02-72,param,DectScheduledAccessNetwork.queue,targetCompletedPackets,,,1000000
Phase6_Hyperexponential-2-20261001-21:46:02-72,param,DectScheduledAccessNetwork.queue,rngIndex,,,0
Phase6_Hyperexponential-2-20261001-21:46:02-72,param,DectScheduledAccessNetwork.queue,recordVectors,,,false
Phase6_Hyperexponential-2-20261001-21:46:02-72,param,DectScheduledAccessNetwork.queue,recordTailStatistics,,,true
Phase6_Hyperexponential-2-20261001-21:46:02-72,param,DectScheduledAccessNetwork,typename,,,"""dect2020scheduledaccess.DectScheduledAccessNetwork"""
Phase6_Hyperexponential-3-20261001-21:46:02-72,param,DectScheduledAccessNetwork.queue,typename,,,"""dect2020scheduledaccess.ScheduledAccessQueue"""
Phase6_Hyperexponential-3-20261001-21:46:02-72,param,DectScheduledAccessNetwork.queue,D,,,10
Phase6_Hyperexponential-3-20261001-21:46:02-72,param,DectScheduledAccessNetwork.queue,frameDuration,,,0.01s
Phase6_Hyperexponential-3-20261001-21:46:02-72,attr,DectScheduledAccessNetwork.queue,frameDuration,unit,s,
Phase6_Hyperexponential-3-20261001-21:46:02-72,param,DectScheduledAccessNetwork.queue,meanType1ServiceTime,,,0.000416667s
Phase6_Hyperexponential-3-20261001-21:46:02-72,attr,DectScheduledAccessNetwork.queue,meanType1ServiceTime,unit,s,
Phase6_Hyperexponential-3-20261001-21:46:02-72,param,DectScheduledAccessNetwork.queue,type1ServiceDistribution,,,"""hyperexponential"""
Phase6_Hyperexponential-3-20261001-21:46:02-72,param,DectScheduledAccessNetwork.queue,type1ServiceSCV,,,4
Phase6_Hyperexponential-3-20261001-21:46:02-72,param,DectScheduledAccessNetwork.queue,deriveDectParametersFromD,,,true
Phase6_Hyperexponential-3-20261001-21:46:02-72,param,DectScheduledAccessNetwork.queue,L,,,2
Phase6_Hyperexponential-3-20261001-21:46:02-72,param,DectScheduledAccessNetwork.queue,type2ServiceTime,,,0.009s
Phase6_Hyperexponential-3-20261001-21:46:02-72,attr,DectScheduledAccessNetwork.queue,type2ServiceTime,unit,s,
Phase6_Hyperexponential-3-20261001-21:46:02-72,param,DectScheduledAccessNetwork.queue,deriveLambdaFromRho,,,true
Phase6_Hyperexponential-3-20261001-21:46:02-72,param,DectScheduledAccessNetwork.queue,rho,,,0.0677966
Phase6_Hyperexponential-3-20261001-21:46:02-72,param,DectScheduledAccessNetwork.queue,lambdaPerMs,,,0.12
Phase6_Hyperexponential-3-20261001-21:46:02-72,param,DectScheduledAccessNetwork.queue,r,,,30
Phase6_Hyperexponential-3-20261001-21:46:02-72,param,DectScheduledAccessNetwork.queue,warmupCompletedPackets,,,200000
Phase6_Hyperexponential-3-20261001-21:46:02-72,param,DectScheduledAccessNetwork.queue,targetCompletedPackets,,,1000000
Phase6_Hyperexponential-3-20261001-21:46:02-72,param,DectScheduledAccessNetwork.queue,rngIndex,,,0
Phase6_Hyperexponential-3-20261001-21:46:02-72,param,DectScheduledAccessNetwork.queue,recordVectors,,,false
Phase6_Hyperexponential-3-20261001-21:46:02-72,param,DectScheduledAccessNetwork.queue,recordTailStatistics,,,true
Phase6_Hyperexponential-3-20261001-21:46:02-72,param,DectScheduledAccessNetwork,typename,,,"""dect2020scheduledaccess.DectScheduledAccessNetwork"""
Phase6_Hyperexponential-4-20261001-21:46:03-72,param,DectScheduledAccessNetwork.queue,typename,,,"""dect2020scheduledaccess.ScheduledAccessQueue"""
Phase6_Hyperexponential-4-20261001-21:46:03-72,param,DectScheduledAccessNetwork.queue,D,,,10
Phase6_Hyperexponential-4-20261001-21:46:03-72,param,DectScheduledAccessNetwork.queue,frameDuration,,,0.01s
Phase6_Hyperexponential-4-20261001-21:46:03-72,attr,DectScheduledAccessNetwork.queue,frameDuration,unit,s,
Phase6_Hyperexponential-4-20261001-21:46:03-72,param,DectScheduledAccessNetwork.queue,meanType1ServiceTime,,,0.000416667s
Phase6_Hyperexponential-4-20261001-21:46:03-72,attr,DectScheduledAccessNetwork.queue,meanType1ServiceTime,unit,s,
Phase6_Hyperexponential-4-20261001-21:46:03-72,param,DectScheduledAccessNetwork.queue,type1ServiceDistribution,,,"""hyperexponential"""
Phase6_Hyperexponential-4-20261001-21:46:03-72,param,DectScheduledAccessNetwork.queue,type1ServiceSCV,,,4
Phase6_Hyperexponential-4-20261001-21:46:03-72,param,DectScheduledAccessNetwork.queue,deriveDectParametersFromD,,,true
Phase6_Hyperexponential-4-20261001-21:46:03-72,param,DectScheduledAccessNetwork.queue,L,,,2
Phase6_Hyperexponential-4-20261001-21:46:03-72,param,DectScheduledAccessNetwork.queue,type2ServiceTime,,,0.009s
Phase6_Hyperexponential-4-20261001-21:46:03-72,attr,DectScheduledAccessNetwork.queue,type2ServiceTime,unit,s,
Phase6_Hyperexponential-4-20261001-21:46:03-72,param,DectScheduledAccessNetwork.queue,deriveLambdaFromRho,,,true
Phase6_Hyperexponential-4-20261001-21:46:03-72,param,DectScheduledAccessNetwork.queue,rho,,,0.0677966
Phase6_Hyperexponential-4-20261001-21:46:03-72,param,DectScheduledAccessNetwork.queue,lambdaPerMs,,,0.12
Phase6_Hyperexponential-4-20261001-21:46:03-72,param,DectScheduledAccessNetwork.queue,r,,,30
Phase6_Hyperexponential-4-20261001-21:46:03-72,param,DectScheduledAccessNetwork.queue,warmupCompletedPackets,,,200000
Phase6_Hyperexponential-4-20261001-21:46:03-72,param,DectScheduledAccessNetwork.queue,targetCompletedPackets,,,1000000
Phase6_Hyperexponential-4-20261001-21:46:03-72,param,DectScheduledAccessNetwork.queue,rngIndex,,,0
Phase6_Hyperexponential-4-20261001-21:46:03-72,param,DectScheduledAccessNetwork.queue,recordVectors,,,false
Phase6_Hyperexponential-4-20261001-21:46:03-72,param,DectScheduledAccessNetwork.queue,recordTailStatistics,,,true
Phase6_Hyperexponential-4-20261001-21:46:03-72,param,DectScheduledAccessNetwork,typename,,,"""dect2020scheduledaccess.DectScheduledAccessNetwork"""
Phase6_Hyperexponential-5-20261001-21:46:03-72,param,DectScheduledAccessNetwork.queue,typename,,,"""dect2020scheduledaccess.ScheduledAccessQueue"""
Phase6_Hyperexponential-5-20261001-21:46:03-72,param,DectScheduledAccessNetwork.queue,D,,,10
Phase6_Hyperexponential-5-20261001-21:46:03-72,param,DectScheduledAccessNetwork.queue,frameDuration,,,0.01s
Phase6_Hyperexponential-5-20261001-21:46:03-72,attr,DectScheduledAccessNetwork.queue,frameDuration,unit,s,
Phase6_Hyperexponential-5-20261001-21:46:03-72,param,DectScheduledAccessNetwork.queue,meanType1ServiceTime,,,0.000416667s
Phase6_Hyperexponential-5-20261001-21:46:03-72,attr,DectScheduledAccessNetwork.queue,meanType1ServiceTime,unit,s,
Phase6_Hyperexponential-5-20261001-21:46:03-72,param,DectScheduledAccessNetwork.queue,type1ServiceDistribution,,,"""hyperexponential"""
Phase6_Hyperexponential-5-20261001-21:46:03-72,param,DectScheduledAccessNetwork.queue,type1ServiceSCV,,,4
Phase6_Hyperexponential-5-20261001-21:46:03-72,param,DectScheduledAccessNetwork.queue,deriveDectParametersFromD,,,true
Phase6_Hyperexponential-5-20261001-21:46:03-72,param,DectScheduledAccessNetwork.queue,L,,,2
Phase6_Hyperexponential-5-20261001-21:46:03-72,param,DectScheduledAccessNetwork.queue,type2ServiceTime,,,0.009s
Phase6_Hyperexponential-5-20261001-21:46:03-72,attr,DectScheduledAccessNetwork.queue,type2ServiceTime,unit,s,
Phase6_Hyperexponential-5-20261001-21:46:03-72,param,DectScheduledAccessNetwork.queue,deriveLambdaFromRho,,,true
Phase6_Hyperexponential-5-20261001-21:46:03-72,param,DectScheduledAccessNetwork.queue,rho,,,0.0677966
Phase6_Hyperexponential-5-20261001-21:46:03-72,param,DectScheduledAccessNetwork.queue,lambdaPerMs,,,0.12
Phase6_Hyperexponential-5-20261001-21:46:03-72,param,DectScheduledAccessNetwork.queue,r,,,30
Phase6_Hyperexponential-5-20261001-21:46:03-72,param,DectScheduledAccessNetwork.queue,warmupCompletedPackets,,,200000
Phase6_Hyperexponential-5-20261001-21:46:03-72,param,DectScheduledAccessNetwork.queue,targetCompletedPackets,,,1000000
Phase6_Hyperexponential-5-20261001-21:46:03-72,param,DectScheduledAccessNetwork.queue,rngIndex,,,0
Phase6_Hyperexponential-5-20261001-21:46:03-72,param,DectScheduledAccessNetwork.queue,recordVectors,,,false
Phase6_Hyperexponential-5-20261001-21:46:03-72,param,DectScheduledAccessNetwork.queue,recordTailStatistics,,,true
Phase6_Hyperexponential-5-20261001-21:46:03-72,param,DectScheduledAccessNetwork,typename,,,"""dect2020scheduledaccess.DectScheduledAccessNetwork"""
Phase6_Hyperexponential-6-20261001-21:46:03-72,param,DectScheduledAccessNetwork.queue,typename,,,"""dect2020scheduledaccess.ScheduledAccessQueue"""
Phase6_Hyperexponential-6-20261001-21:46:03-72,param,DectScheduledAccessNetwork.queue,D,,,10
Phase6_Hyperexponential-6-20261001-21:46:03-72,param,DectScheduledAccessNetwork.queue,frameDuration,,,0.01s
Phase6_Hyperexponential-6-20261001-21:46:03-72,attr,DectScheduledAccessNetwork.queue,frameDuration,unit,s,
Phase6_Hyperexponential-6-20261001-21:46:03-72,param,DectScheduledAccessNetwork.queue,meanType1ServiceTime,,,0.000416667s
Phase6_Hyperexponential-6-20261001-21:46:03-72,attr,DectScheduledAccessNetwork.queue,meanType1ServiceTime,unit,s,
Phase6_Hyperexponential-6-20261001-21:46:03-72,param,DectScheduledAccessNetwork.queue,type1ServiceDistribution,,,"""hyperexponential"""
Phase6_Hyperexponential-6-20261001-21:46:03-72,param,DectScheduledAccessNetwork.queue,type1ServiceSCV,,,4
Phase6_Hyperexponential-6-20261001-21:46:03-72,param,DectScheduledAccessNetwork.queue,deriveDectParametersFromD,,,true
Phase6_Hyperexponential-6-20261001-21:46:03-72,param,DectScheduledAccessNetwork.queue,L,,,2
Phase6_Hyperexponential-6-20261001-21:46:03-72,param,DectScheduledAccessNetwork.queue,type2ServiceTime,,,0.009s
Phase6_Hyperexponential-6-20261001-21:46:03-72,attr,DectScheduledAccessNetwork.queue,type2ServiceTime,unit,s,
Phase6_Hyperexponential-6-20261001-21:46:03-72,param,DectScheduledAccessNetwork.queue,deriveLambdaFromRho,,,true
Phase6_Hyperexponential-6-20261001-21:46:03-72,param,DectScheduledAccessNetwork.queue,rho,,,0.0677966
Phase6_Hyperexponential-6-20261001-21:46:03-72,param,DectScheduledAccessNetwork.queue,lambdaPerMs,,,0.12
Phase6_Hyperexponential-6-20261001-21:46:03-72,param,DectScheduledAccessNetwork.queue,r,,,30
Phase6_Hyperexponential-6-20261001-21:46:03-72,param,DectScheduledAccessNetwork.queue,warmupCompletedPackets,,,200000
Phase6_Hyperexponential-6-20261001-21:46:03-72,param,DectScheduledAccessNetwork.queue,targetCompletedPackets,,,1000000
Phase6_Hyperexponential-6-20261001-21:46:03-72,param,DectScheduledAccessNetwork.queue,rngIndex,,,0
Phase6_Hyperexponential-6-20261001-21:46:03-72,param,DectScheduledAccessNetwork.queue,recordVectors,,,false
Phase6_Hyperexponential-6-20261001-21:46:03-72,param,DectScheduledAccessNetwork.queue,recordTailStatistics,,,true
Phase6_Hyperexponential-6-20261001-21:46:03-72,param,DectScheduledAccessNetwork,typename,,,"""dect2020scheduledaccess.DectScheduledAccessNetwork"""
Phase6_Hyperexponential-7-20261001-21:46:04-72,param,DectScheduledAccessNetwork.queue,typename,,,"""dect2020scheduledaccess.ScheduledAccessQueue"""
Phase6_Hyperexponential-7-20261001-21:46:04-72,param,DectScheduledAccessNetwork.queue,D,,,10
Phase6_Hyperexponential-7-20261001-21:46:04-72,param,DectScheduledAccessNetwork.queue,frameDuration,,,0.01s
Phase6_Hyperexponential-7-20261001-21:46:04-72,attr,DectScheduledAccessNetwork.queue,frameDuration,unit,s,
Phase6_Hyperexponential-7-20261001-21:46:04-72,param,DectScheduledAccessNetwork.queue,meanType1ServiceTime,,,0.000416667s
Phase6_Hyperexponential-7-20261001-21:46:04-72,attr,DectScheduledAccessNetwork.queue,meanType1ServiceTime,unit,s,
Phase6_Hyperexponential-7-20261001-21:46:04-72,param,DectScheduledAccessNetwork.queue,type1ServiceDistribution,,,"""hyperexponential"""
Phase6_Hyperexponential-7-20261001-21:46:04-72,param,DectScheduledAccessNetwork.queue,type1ServiceSCV,,,4
Phase6_Hyperexponential-7-20261001-21:46:04-72,param,DectScheduledAccessNetwork.queue,deriveDectParametersFromD,,,true
Phase6_Hyperexponential-7-20261001-21:46:04-72,param,DectScheduledAccessNetwork.queue,L,,,2
Phase6_Hyperexponential-7-20261001-21:46:04-72,param,DectScheduledAccessNetwork.queue,type2ServiceTime,,,0.009s
Phase6_Hyperexponential-7-20261001-21:46:04-72,attr,DectScheduledAccessNetwork.queue,type2ServiceTime,unit,s,
Phase6_Hyperexponential-7-20261001-21:46:04-72,param,DectScheduledAccessNetwork.queue,deriveLambdaFromRho,,,true
Phase6_Hyperexponential-7-20261001-21:46:04-72,param,DectScheduledAccessNetwork.queue,rho,,,0.0677966
Phase6_Hyperexponential-7-20261001-21:46:04-72,param,DectScheduledAccessNetwork.queue,lambdaPerMs,,,0.12
Phase6_Hyperexponential-7-20261001-21:46:04-72,param,DectScheduledAccessNetwork.queue,r,,,30
Phase6_Hyperexponential-7-20261001-21:46:04-72,param,DectScheduledAccessNetwork.queue,warmupCompletedPackets,,,200000
Phase6_Hyperexponential-7-20261001-21:46:04-72,param,DectScheduledAccessNetwork.queue,targetCompletedPackets,,,1000000
Phase6_Hyperexponential-7-20261001-21:46:04-72,param,DectScheduledAccessNetwork.queue,rngIndex,,,0
Phase6_Hyperexponential-7-20261001-21:46:04-72,param,DectScheduledAccessNetwork.queue,recordVectors,,,false
Phase6_Hyperexponential-7-20261001-21:46:04-72,param,DectScheduledAccessNetwork.queue,recordTailStatistics,,,true
Phase6_Hyperexponential-7-20261001-21:46:04-72,param,DectScheduledAccessNetwork,typename,,,"""dect2020scheduledaccess.DectScheduledAccessNetwork"""
Phase6_Hyperexponential-8-20261001-21:46:04-72,param,DectScheduledAccessNetwork.queue,typename,,,"""dect2020scheduledaccess.ScheduledAccessQueue"""
Phase6_Hyperexponential-8-20261001-21:46:04-72,param,DectScheduledAccessNetwork.queue,D,,,10
Phase6_Hyperexponential-8-20261001-21:46:04-72,param,DectScheduledAccessNetwork.queue,frameDuration,,,0.01s
Phase6_Hyperexponential-8-20261001-21:46:04-72,attr,DectScheduledAccessNetwork.queue,frameDuration,unit,s,
Phase6_Hyperexponential-8-20261001-21:46:04-72,param,DectScheduledAccessNetwork.queue,meanType1ServiceTime,,,0.000416667s
Phase6_Hyperexponential-8-20261001-21:46:04-72,attr,DectScheduledAccessNetwork.queue,meanType1ServiceTime,unit,s,
Phase6_Hyperexponential-8-20261001-21:46:04-72,param,DectScheduledAccessNetwork.queue,type1ServiceDistribution,,,"""hyperexponential"""
Phase6_Hyperexponential-8-20261001-21:46:04-72,param,DectScheduledAccessNetwork.queue,type1ServiceSCV,,,4
Phase6_Hyperexponential-8-20261001-21:46:04-72,param,DectScheduledAccessNetwork.queue,deriveDectParametersFromD,,,true
Phase6_Hyperexponential-8-20261001-21:46:04-72,param,DectScheduledAccessNetwork.queue,L,,,2
Phase6_Hyperexponential-8-20261001-21:46:04-72,param,DectScheduledAccessNetwork.queue,type2ServiceTime,,,0.009s
Phase6_Hyperexponential-8-20261001-21:46:04-72,attr,DectScheduledAccessNetwork.queue,type2ServiceTime,unit,s,
Phase6_Hyperexponential-8-20261001-21:46:04-72,param,DectScheduledAccessNetwork.queue,deriveLambdaFromRho,,,true
Phase6_Hyperexponential-8-20261001-21:46:04-72,param,DectScheduledAccessNetwork.queue,rho,,,0.0677966
Phase6_Hyperexponential-8-20261001-21:46:04-72,param,DectScheduledAccessNetwork.queue,lambdaPerMs,,,0.12
Phase6_Hyperexponential-8-20261001-21:46:04-72,param,DectScheduledAccessNetwork.queue,r,,,30
Phase6_Hyperexponential-8-20261001-21:46:04-72,param,DectScheduledAccessNetwork.queue,warmupCompletedPackets,,,200000
Phase6_Hyperexponential-8-20261001-21:46:04-72,param,DectScheduledAccessNetwork.queue,targetCompletedPackets,,,1000000
Phase6_Hyperexponential-8-20261001-21:46:04-72,param,DectScheduledAccessNetwork.queue,rngIndex,,,0
Phase6_Hyperexponential-8-20261001-21:46:04-72,param,DectScheduledAccessNetwork.queue,recordVectors,,,false
Phase6_Hyperexponential-8-20261001-21:46:04-72,param,DectScheduledAccessNetwork.queue,recordTailStatistics,,,true
Phase6_Hyperexponential-8-20261001-21:46:04-72,param,DectScheduledAccessNetwork,typename,,,"""dect2020scheduledaccess.DectScheduledAccessNetwork"""
Phase6_Hyperexponential-9-20261001-21:46:04-72,param,DectScheduledAccessNetwork.queue,typename,,,"""dect2020scheduledaccess.ScheduledAccessQueue"""
Phase6_Hyperexponential-9-20261001-21:46:04-72,param,DectScheduledAccessNetwork.queue,D,,,10
Phase6_Hyperexponential-9-20261001-21:46:04-72,param,DectScheduledAccessNetwork.queue,frameDuration,,,0.01s
Phase6_Hyperexponential-9-20261001-21:46:04-72,attr,DectScheduledAccessNetwork.queue,frameDuration,unit,s,
Phase6_Hyperexponential-9-20261001-21:46:04-72,param,DectScheduledAccessNetwork.queue,meanType1ServiceTime,,,0.000416667s
Phase6_Hyperexponential-9-20261001-21:46:04-72,attr,DectScheduledAccessNetwork.queue,meanType1ServiceTime,unit,s,
Phase6_Hyperexponential-9-20261001-21:46:04-72,param,DectScheduledAccessNetwork.queue,type1ServiceDistribution,,,"""hyperexponential"""
Phase6_Hyperexponential-9-20261001-21:46:04-72,param,DectScheduledAccessNetwork.queue,type1ServiceSCV,,,4
Phase6_Hyperexponential-9-20261001-21:46:04-72,param,DectScheduledAccessNetwork.queue,deriveDectParametersFromD,,,true
Phase6_Hyperexponential-9-20261001-21:46:04-72,param,DectScheduledAccessNetwork.queue,L,,,2
Phase6_Hyperexponential-9-20261001-21:46:04-72,param,DectScheduledAccessNetwork.queue,type2ServiceTime,,,0.009s
Phase6_Hyperexponential-9-20261001-21:46:04-72,attr,DectScheduledAccessNetwork.queue,type2ServiceTime,unit,s,
Phase6_Hyperexponential-9-20261001-21:46:04-72,param,DectScheduledAccessNetwork.queue,deriveLambdaFromRho,,,true
Phase6_Hyperexponential-9-20261001-21:46:04-72,param,DectScheduledAccessNetwork.queue,rho,,,0.0677966
Phase6_Hyperexponential-9-20261001-21:46:04-72,param,DectScheduledAccessNetwork.queue,lambdaPerMs,,,0.12
Phase6_Hyperexponential-9-20261001-21:46:04-72,param,DectScheduledAccessNetwork.queue,r,,,30
Phase6_Hyperexponential-9-20261001-21:46:04-72,param,DectScheduledAccessNetwork.queue,warmupCompletedPackets,,,200000
Phase6_Hyperexponential-9-20261001-21:46:04-72,param,DectScheduledAccessNetwork.queue,targetCompletedPackets,,,1000000
Phase6_Hyperexponential-9-20261001-21:46:04-72,param,DectScheduledAccessNetwork.queue,rngIndex,,,0
Phase6_Hyperexponential-9-20261001-21:46:04-72,param,DectScheduledAccessNetwork.queue,recordVectors,,,false
Phase6_Hyperexponential-9-20261001-21:46:04-72,param,DectScheduledAccessNetwork.queue,recordTailStatistics,,,true
Phase6_Hyperexponential-9-20261001-21:46:04-72,param,DectScheduledAccessNetwork,typename,,,"""dect2020scheduledaccess.DectScheduledAccessNetwork"""
Phase6_Hyperexponential-10-20261001-21:46:04-72,param,DectScheduledAccessNetwork.queue,typename,,,"""dect2020scheduledaccess.ScheduledAccessQueue"""
Phase6_Hyperexponential-10-20261001-21:46:04-72,param,DectScheduledAccessNetwork.queue,D,,,10
Phase6_Hyperexponential-10-20261001-21:46:04-72,param,DectScheduledAccessNetwork.queue,frameDuration,,,0.01s
Phase6_Hyperexponential-10-20261001-21:46:04-72,attr,DectScheduledAccessNetwork.queue,frameDuration,unit,s,
Phase6_Hyperexponential-10-20261001-21:46:04-72,param,DectScheduledAccessNetwork.queue,meanType1ServiceTime,,,0.000416667s
Phase6_Hyperexponential-10-20261001-21:46:04-72,attr,DectScheduledAccessNetwork.queue,meanType1ServiceTime,unit,s,
Phase6_Hyperexponential-10-20261001-21:46:04-72,param,DectScheduledAccessNetwork.queue,type1ServiceDistribution,,,"""hyperexponential"""
Phase6_Hyperexponential-10-20261001-21:46:04-72,param,DectScheduledAccessNetwork.queue,type1ServiceSCV,,,4
Phase6_Hyperexponential-10-20261001-21:46:04-72,param,DectScheduledAccessNetwork.queue,deriveDectParametersFromD,,,true
Phase6_Hyperexponential-10-20261001-21:46:04-72,param,DectScheduledAccessNetwork.queue,L,,,2
Phase6_Hyperexponential-10-20261001-21:46:04-72,param,DectScheduledAccessNetwork.queue,type2ServiceTime,,,0.009s
Phase6_Hyperexponential-10-20261001-21:46:04-72,attr,DectScheduledAccessNetwork.queue,type2ServiceTime,unit,s,
Phase6_Hyperexponential-10-20261001-21:46:04-72,param,DectScheduledAccessNetwork.queue,deriveLambdaFromRho,,,true
Phase6_Hyperexponential-10-20261001-21:46:04-72,param,DectScheduledAccessNetwork.queue,rho,,,0.0847458
Phase6_Hyperexponential-10-20261001-21:46:04-72,param,DectScheduledAccessNetwork.queue,lambdaPerMs,,,0.12
Phase6_Hyperexponential-10-20261001-21:46:04-72,param,DectScheduledAccessNetwork.queue,r,,,30
Phase6_Hyperexponential-10-20261001-21:46:04-72,param,DectScheduledAccessNetwork.queue,warmupCompletedPackets,,,200000
Phase6_Hyperexponential-10-20261001-21:46:04-72,param,DectScheduledAccessNetwork.queue,targetCompletedPackets,,,1000000
Phase6_Hyperexponential-10-20261001-21:46:04-72,param,DectScheduledAccessNetwork.queue,rngIndex,,,0
Phase6_Hyperexponential-10-20261001-21:46:04-72,param,DectScheduledAccessNetwork.queue,recordVectors,,,false
Phase6_Hyperexponential-10-20261001-21:46:04-72,param,DectScheduledAccessNetwork.queue,recordTailStatistics,,,true
Phase6_Hyperexponential-10-20261001-21:46:04-72,param,DectScheduledAccessNetwork,typename,,,"""dect2020scheduledaccess.DectScheduledAccessNetwork"""
Phase6_Hyperexponential-11-20261001-21:46:05-72,param,DectScheduledAccessNetwork.queue,typename,,,"""dect2020scheduledaccess.ScheduledAccessQueue"""
Phase6_Hyperexponential-11-20261001-21:46:05-72,param,DectScheduledAccessNetwork.queue,D,,,10
Phase6_Hyperexponential-11-20261001-21:46:05-72,param,DectScheduledAccessNetwork.queue,frameDuration,,,0.01s
Phase6_Hyperexponential-11-20261001-21:46:05-72,attr,DectScheduledAccessNetwork.queue,frameDuration,unit,s,
Phase6_Hyperexponential-11-20261001-21:46:05-72,param,DectScheduledAccessNetwork.queue,meanType1ServiceTime,,,0.000416667s
Phase6_Hyperexponential-11-20261001-21:46:05-72,attr,DectScheduledAccessNetwork.queue,meanType1ServiceTime,unit,s,
Phase6_Hyperexponential-11-20261001-21:46:05-72,param,DectScheduledAccessNetwork.queue,type1ServiceDistribution,,,"""hyperexponential"""
Phase6_Hyperexponential-11-20261001-21:46:05-72,param,DectScheduledAccessNetwork.queue,type1ServiceSCV,,,4
Phase6_Hyperexponential-11-20261001-21:46:05-72,param,DectScheduledAccessNetwork.queue,deriveDectParametersFromD,,,true
Phase6_Hyperexponential-11-20261001-21:46:05-72,param,DectScheduledAccessNetwork.queue,L,,,2
Phase6_Hyperexponential-11-20261001-21:46:05-72,param,DectScheduledAccessNetwork.queue,type2ServiceTime,,,0.009s
Phase6_Hyperexponential-11-20261001-21:46:05-72,attr,DectScheduledAccessNetwork.queue,type2ServiceTime,unit,s,
Phase6_Hyperexponential-11-20261001-21:46:05-72,param,DectScheduledAccessNetwork.queue,deriveLambdaFromRho,,,true
Phase6_Hyperexponential-11-20261001-21:46:05-72,param,DectScheduledAccessNetwork.queue,rho,,,0.0847458
Phase6_Hyperexponential-11-20261001-21:46:05-72,param,DectScheduledAccessNetwork.queue,lambdaPerMs,,,0.12
Phase6_Hyperexponential-11-20261001-21:46:05-72,param,DectScheduledAccessNetwork.queue,r,,,30
Phase6_Hyperexponential-11-20261001-21:46:05-72,param,DectScheduledAccessNetwork.queue,warmupCompletedPackets,,,200000
Phase6_Hyperexponential-11-20261001-21:46:05-72,param,DectScheduledAccessNetwork.queue,targetCompletedPackets,,,1000000
Phase6_Hyperexponential-11-20261001-21:46:05-72,param,DectScheduledAccessNetwork.queue,rngIndex,,,0
Phase6_Hyperexponential-11-20261001-21:46:05-72,param,DectScheduledAccessNetwork.queue,recordVectors,,,false
Phase6_Hyperexponential-11-20261001-21:46:05-72,param,DectScheduledAccessNetwork.queue,recordTailStatistics,,,true
Phase6_Hyperexponential-11-20261001-21:46:05-72,param,DectScheduledAccessNetwork,typename,,,"""dect2020scheduledaccess.DectScheduledAccessNetwork"""
Phase6_Hyperexponential-12-20261001-21:46:05-72,param,DectScheduledAccessNetwork.queue,typename,,,"""dect2020scheduledaccess.ScheduledAccessQueue"""
Phase6_Hyperexponential-12-20261001-21:46:05-72,param,DectScheduledAccessNetwork.queue,D,,,10
Phase6_Hyperexponential-12-20261001-21:46:05-72,param,DectScheduledAccessNetwork.queue,frameDuration,,,0.01s
Phase6_Hyperexponential-12-20261001-21:46:05-72,attr,DectScheduledAccessNetwork.queue,frameDuration,unit,s,
Phase6_Hyperexponential-12-20261001-21:46:05-72,param,DectScheduledAccessNetwork.queue,meanType1ServiceTime,,,0.000416667s
Phase6_Hyperexponential-12-20261001-21:46:05-72,attr,DectScheduledAccessNetwork.queue,meanType1ServiceTime,unit,s,
Phase6_Hyperexponential-12-20261001-21:46:05-72,param,DectScheduledAccessNetwork.queue,type1ServiceDistribution,,,"""hyperexponential"""
Phase6_Hyperexponential-12-20261001-21:46:05-72,param,DectScheduledAccessNetwork.queue,type1ServiceSCV,,,4
Phase6_Hyperexponential-12-20261001-21:46:05-72,param,DectScheduledAccessNetwork.queue,deriveDectParametersFromD,,,true
Phase6_Hyperexponential-12-20261001-21:46:05-72,param,DectScheduledAccessNetwork.queue,L,,,2
Phase6_Hyperexponential-12-20261001-21:46:05-72,param,DectScheduledAccessNetwork.queue,type2ServiceTime,,,0.009s
Phase6_Hyperexponential-12-20261001-21:46:05-72,attr,DectScheduledAccessNetwork.queue,type2ServiceTime,unit,s,
Phase6_Hyperexponential-12-20261001-21:46:05-72,param,DectScheduledAccessNetwork.queue,deriveLambdaFromRho,,,true
Phase6_Hyperexponential-12-20261001-21:46:05-72,param,DectScheduledAccessNetwork.queue,rho,,,0.0847458
Phase6_Hyperexponential-12-20261001-21:46:05-72,param,DectScheduledAccessNetwork.queue,lambdaPerMs,,,0.12
Phase6_Hyperexponential-12-20261001-21:46:05-72,param,DectScheduledAccessNetwork.queue,r,,,30
Phase6_Hyperexponential-12-20261001-21:46:05-72,param,DectScheduledAccessNetwork.queue,warmupCompletedPackets,,,200000
Phase6_Hyperexponential-12-20261001-21:46:05-72,param,DectScheduledAccessNetwork.queue,targetCompletedPackets,,,1000000
Phase6_Hyperexponential-12-20261001-21:46:05-72,param,DectScheduledAccessNetwork.queue,rngIndex,,,0
Phase6_Hyperexponential-12-20261001-21:46:05-72,param,DectScheduledAccessNetwork.queue,recordVectors,,,false
Phase6_Hyperexponential-12-20261001-21:46:05-72,param,DectScheduledAccessNetwork.queue,recordTailStatistics,,,true
Phase6_Hyperexponential-12-20261001-21:46:05-72,param,DectScheduledAccessNetwork,typename,,,"""dect2020scheduledaccess.DectScheduledAccessNetwork"""
Phase6_Hyperexponential-13-20261001-21:46:05-72,param,DectScheduledAccessNetwork.queue,typename,,,"""dect2020scheduledaccess.ScheduledAccessQueue"""
Phase6_Hyperexponential-13-20261001-21:46:05-72,param,DectScheduledAccessNetwork.queue,D,,,10
Phase6_Hyperexponential-13-20261001-21:46:05-72,param,DectScheduledAccessNetwork.queue,frameDuration,,,0.01s
Phase6_Hyperexponential-13-20261001-21:46:05-72,attr,DectScheduledAccessNetwork.queue,frameDuration,unit,s,
Phase6_Hyperexponential-13-20261001-21:46:05-72,param,DectScheduledAccessNetwork.queue,meanType1ServiceTime,,,0.000416667s
Phase6_Hyperexponential-13-20261001-21:46:05-72,attr,DectScheduledAccessNetwork.queue,meanType1ServiceTime,unit,s,
Phase6_Hyperexponential-13-20261001-21:46:05-72,param,DectScheduledAccessNetwork.queue,type1ServiceDistribution,,,"""hyperexponential"""
Phase6_Hyperexponential-13-20261001-21:46:05-72,param,DectScheduledAccessNetwork.queue,type1ServiceSCV,,,4
Phase6_Hyperexponential-13-20261001-21:46:05-72,param,DectScheduledAccessNetwork.queue,deriveDectParametersFromD,,,true
Phase6_Hyperexponential-13-20261001-21:46:05-72,param,DectScheduledAccessNetwork.queue,L,,,2
Phase6_Hyperexponential-13-20261001-21:46:05-72,param,DectScheduledAccessNetwork.queue,type2ServiceTime,,,0.009s
Phase6_Hyperexponential-13-20261001-21:46:05-72,attr,DectScheduledAccessNetwork.queue,type2ServiceTime,unit,s,
Phase6_Hyperexponential-13-20261001-21:46:05-72,param,DectScheduledAccessNetwork.queue,deriveLambdaFromRho,,,true
Phase6_Hyperexponential-13-20261001-21:46:05-72,param,DectScheduledAccessNetwork.queue,rho,,,0.0847458
Phase6_Hyperexponential-13-20261001-21:46:05-72,param,DectScheduledAccessNetwork.queue,lambdaPerMs,,,0.12
Phase6_Hyperexponential-13-20261001-21:46:05-72,param,DectScheduledAccessNetwork.queue,r,,,30
Phase6_Hyperexponential-13-20261001-21:46:05-72,param,DectScheduledAccessNetwork.queue,warmupCompletedPackets,,,200000
Phase6_Hyperexponential-13-20261001-21:46:05-72,param,DectScheduledAccessNetwork.queue,targetCompletedPackets,,,1000000
Phase6_Hyperexponential-13-20261001-21:46:05-72,param,DectScheduledAccessNetwork.queue,rngIndex,,,0
Phase6_Hyperexponential-13-20261001-21:46:05-72,param,DectScheduledAccessNetwork.queue,recordVectors,,,false
Phase6_Hyperexponential-13-20261001-21:46:05-72,param,DectScheduledAccessNetwork.queue,recordTailStatistics,,,true
Phase6_Hyperexponential-13-20261001-21:46:05-72,param,DectScheduledAccessNetwork,typename,,,"""dect2020scheduledaccess.DectScheduledAccessNetwork"""
Phase6_Hyperexponential-14-20261001-21:46:05-72,param,DectScheduledAccessNetwork.queue,typename,,,"""dect2020scheduledaccess.ScheduledAccessQueue"""
Phase6_Hyperexponential-14-20261001-21:46:05-72,param,DectScheduledAccessNetwork.queue,D,,,10
Phase6_Hyperexponential-14-20261001-21:46:05-72,param,DectScheduledAccessNetwork.queue,frameDuration,,,0.01s
Phase6_Hyperexponential-14-20261001-21:46:05-72,attr,DectScheduledAccessNetwork.queue,frameDuration,unit,s,
Phase6_Hyperexponential-14-20261001-21:46:05-72,param,DectScheduledAccessNetwork.queue,meanType1ServiceTime,,,0.000416667s
Phase6_Hyperexponential-14-20261001-21:46:05-72,attr,DectScheduledAccessNetwork.queue,meanType1ServiceTime,unit,s,
Phase6_Hyperexponential-14-20261001-21:46:05-72,param,DectScheduledAccessNetwork.queue,type1ServiceDistribution,,,"""hyperexponential"""
Phase6_Hyperexponential-14-20261001-21:46:05-72,param,DectScheduledAccessNetwork.queue,type1ServiceSCV,,,4
Phase6_Hyperexponential-14-20261001-21:46:05-72,param,DectScheduledAccessNetwork.queue,deriveDectParametersFromD,,,true
Phase6_Hyperexponential-14-20261001-21:46:05-72,param,DectScheduledAccessNetwork.queue,L,,,2
Phase6_Hyperexponential-14-20261001-21:46:05-72,param,DectScheduledAccessNetwork.queue,type2ServiceTime,,,0.009s
Phase6_Hyperexponential-14-20261001-21:46:05-72,attr,DectScheduledAccessNetwork.queue,type2ServiceTime,unit,s,
Phase6_Hyperexponential-14-20261001-21:46:05-72,param,DectScheduledAccessNetwork.queue,deriveLambdaFromRho,,,true
Phase6_Hyperexponential-14-20261001-21:46:05-72,param,DectScheduledAccessNetwork.queue,rho,,,0.0847458
Phase6_Hyperexponential-14-20261001-21:46:05-72,param,DectScheduledAccessNetwork.queue,lambdaPerMs,,,0.12
Phase6_Hyperexponential-14-20261001-21:46:05-72,param,DectScheduledAccessNetwork.queue,r,,,30
Phase6_Hyperexponential-14-20261001-21:46:05-72,param,DectScheduledAccessNetwork.queue,warmupCompletedPackets,,,200000
Phase6_Hyperexponential-14-20261001-21:46:05-72,param,DectScheduledAccessNetwork.queue,targetCompletedPackets,,,1000000
Phase6_Hyperexponential-14-20261001-21:46:05-72,param,DectScheduledAccessNetwork.queue,rngIndex,,,0
Phase6_Hyperexponential-14-20261001-21:46:05-72,param,DectScheduledAccessNetwork.queue,recordVectors,,,false
Phase6_Hyperexponential-14-20261001-21:46:05-72,param,DectScheduledAccessNetwork.queue,recordTailStatistics,,,true
Phase6_Hyperexponential-14-20261001-21:46:05-72,param,DectScheduledAccessNetwork,typename,,,"""dect2020scheduledaccess.DectScheduledAccessNetwork"""
Phase6_Hyperexponential-15-20261001-21:46:06-72,param,DectScheduledAccessNetwork.queue,typename,,,"""dect2020scheduledaccess.ScheduledAccessQueue"""
Phase6_Hyperexponential-15-20261001-21:46:06-72,param,DectScheduledAccessNetwork.queue,D,,,10
Phase6_Hyperexponential-15-20261001-21:46:06-72,param,DectScheduledAccessNetwork.queue,frameDuration,,,0.01s
Phase6_Hyperexponential-15-20261001-21:46:06-72,attr,DectScheduledAccessNetwork.queue,frameDuration,unit,s,
Phase6_Hyperexponential-15-20261001-21:46:06-72,param,DectScheduledAccessNetwork.queue,meanType1ServiceTime,,,0.000416667s
Phase6_Hyperexponential-15-20261001-21:46:06-72,attr,DectScheduledAccessNetwork.queue,meanType1ServiceTime,unit,s,
Phase6_Hyperexponential-15-20261001-21:46:06-72,param,DectScheduledAccessNetwork.queue,type1ServiceDistribution,,,"""hyperexponential"""
Phase6_Hyperexponential-15-20261001-21:46:06-72,param,DectScheduledAccessNetwork.queue,type1ServiceSCV,,,4
Phase6_Hyperexponential-15-20261001-21:46:06-72,param,DectScheduledAccessNetwork.queue,deriveDectParametersFromD,,,true
Phase6_Hyperexponential-15-20261001-21:46:06-72,param,DectScheduledAccessNetwork.queue,L,,,2
Phase6_Hyperexponential-15-20261001-21:46:06-72,param,DectScheduledAccessNetwork.queue,type2ServiceTime,,,0.009s
Phase6_Hyperexponential-15-20261001-21:46:06-72,attr,DectScheduledAccessNetwork.queue,type2ServiceTime,unit,s,
Phase6_Hyperexponential-15-20261001-21:46:06-72,param,DectScheduledAccessNetwork.queue,deriveLambdaFromRho,,,true
Phase6_Hyperexponential-15-20261001-21:46:06-72,param,DectScheduledAccessNetwork.queue,rho,,,0.0847458
Phase6_Hyperexponential-15-20261001-21:46:06-72,param,DectScheduledAccessNetwork.queue,lambdaPerMs,,,0.12
Phase6_Hyperexponential-15-20261001-21:46:06-72,param,DectScheduledAccessNetwork.queue,r,,,30
Phase6_Hyperexponential-15-20261001-21:46:06-72,param,DectScheduledAccessNetwork.queue,warmupCompletedPackets,,,200000
Phase6_Hyperexponential-15-20261001-21:46:06-72,param,DectScheduledAccessNetwork.queue,targetCompletedPackets,,,1000000
Phase6_Hyperexponential-15-20261001-21:46:06-72,param,DectScheduledAccessNetwork.queue,rngIndex,,,0
Phase6_Hyperexponential-15-20261001-21:46:06-72,param,DectScheduledAccessNetwork.queue,recordVectors,,,false
Phase6_Hyperexponential-15-20261001-21:46:06-72,param,DectScheduledAccessNetwork.queue,recordTailStatistics,,,true
Phase6_Hyperexponential-15-20261001-21:46:06-72,param,DectScheduledAccessNetwork,typename,,,"""dect2020scheduledaccess.DectScheduledAccessNetwork"""
Phase6_Hyperexponential-16-20261001-21:46:06-72,param,DectScheduledAccessNetwork.queue,typename,,,"""dect2020scheduledaccess.ScheduledAccessQueue"""
Phase6_Hyperexponential-16-20261001-21:46:06-72,param,DectScheduledAccessNetwork.queue,D,,,10
Phase6_Hyperexponential-16-20261001-21:46:06-72,param,DectScheduledAccessNetwork.queue,frameDuration,,,0.01s
Phase6_Hyperexponential-16-20261001-21:46:06-72,attr,DectScheduledAccessNetwork.queue,frameDuration,unit,s,
Phase6_Hyperexponential-16-20261001-21:46:06-72,param,DectScheduledAccessNetwork.queue,meanType1ServiceTime,,,0.000416667s
Phase6_Hyperexponential-16-20261001-21:46:06-72,attr,DectScheduledAccessNetwork.queue,meanType1ServiceTime,unit,s,
Phase6_Hyperexponential-16-20261001-21:46:06-72,param,DectScheduledAccessNetwork.queue,type1ServiceDistribution,,,"""hyperexponential"""
Phase6_Hyperexponential-16-20261001-21:46:06-72,param,DectScheduledAccessNetwork.queue,type1ServiceSCV,,,4
Phase6_Hyperexponential-16-20261001-21:46:06-72,param,DectScheduledAccessNetwork.queue,deriveDectParametersFromD,,,true
Phase6_Hyperexponential-16-20261001-21:46:06-72,param,DectScheduledAccessNetwork.queue,L,,,2
Phase6_Hyperexponential-16-20261001-21:46:06-72,param,DectScheduledAccessNetwork.queue,type2ServiceTime,,,0.009s
Phase6_Hyperexponential-16-20261001-21:46:06-72,attr,DectScheduledAccessNetwork.queue,type2ServiceTime,unit,s,
Phase6_Hyperexponential-16-20261001-21:46:06-72,param,DectScheduledAccessNetwork.queue,deriveLambdaFromRho,,,true
Phase6_Hyperexponential-16-20261001-21:46:06-72,param,DectScheduledAccessNetwork.queue,rho,,,0.0847458
Phase6_Hyperexponential-16-20261001-21:46:06-72,param,DectScheduledAccessNetwork.queue,lambdaPerMs,,,0.12
Phase6_Hyperexponential-16-20261001-21:46:06-72,param,DectScheduledAccessNetwork.queue,r,,,30
Phase6_Hyperexponential-16-20261001-21:46:06-72,param,DectScheduledAccessNetwork.queue,warmupCompletedPackets,,,200000
Phase6_Hyperexponential-16-20261001-21:46:06-72,param,DectScheduledAccessNetwork.queue,targetCompletedPackets,,,1000000
Phase6_Hyperexponential-16-20261001-21:46:06-72,param,DectScheduledAccessNetwork.queue,rngIndex,,,0
Phase6_Hyperexponential-16-20261001-21:46:06-72,param,DectScheduledAccessNetwork.queue,recordVectors,,,false
Phase6_Hyperexponential-16-20261001-21:46:06-72,param,DectScheduledAccessNetwork.queue,recordTailStatistics,,,true
Phase6_Hyperexponential-16-20261001-21:46:06-72,param,DectScheduledAccessNetwork,typename,,,"""dect2020scheduledaccess.DectScheduledAccessNetwork"""
Phase6_Hyperexponential-17-20261001-21:46:06-72,param,DectScheduledAccessNetwork.queue,typename,,,"""dect2020scheduledaccess.ScheduledAccessQueue"""
Phase6_Hyperexponential-17-20261001-21:46:06-72,param,DectScheduledAccessNetwork.queue,D,,,10
Phase6_Hyperexponential-17-20261001-21:46:06-72,param,DectScheduledAccessNetwork.queue,frameDuration,,,0.01s
Phase6_Hyperexponential-17-20261001-21:46:06-72,attr,DectScheduledAccessNetwork.queue,frameDuration,unit,s,
Phase6_Hyperexponential-17-20261001-21:46:06-72,param,DectScheduledAccessNetwork.queue,meanType1ServiceTime,,,0.000416667s
Phase6_Hyperexponential-17-20261001-21:46:06-72,attr,DectScheduledAccessNetwork.queue,meanType1ServiceTime,unit,s,
Phase6_Hyperexponential-17-20261001-21:46:06-72,param,DectScheduledAccessNetwork.queue,type1ServiceDistribution,,,"""hyperexponential"""
Phase6_Hyperexponential-17-20261001-21:46:06-72,param,DectScheduledAccessNetwork.queue,type1ServiceSCV,,,4
Phase6_Hyperexponential-17-20261001-21:46:06-72,param,DectScheduledAccessNetwork.queue,deriveDectParametersFromD,,,true
Phase6_Hyperexponential-17-20261001-21:46:06-72,param,DectScheduledAccessNetwork.queue,L,,,2
Phase6_Hyperexponential-17-20261001-21:46:06-72,param,DectScheduledAccessNetwork.queue,type2ServiceTime,,,0.009s
Phase6_Hyperexponential-17-20261001-21:46:06-72,attr,DectScheduledAccessNetwork.queue,type2ServiceTime,unit,s,
Phase6_Hyperexponential-17-20261001-21:46:06-72,param,DectScheduledAccessNetwork.queue,deriveLambdaFromRho,,,true
Phase6_Hyperexponential-17-20261001-21:46:06-72,param,DectScheduledAccessNetwork.queue,rho,,,0.0847458
Phase6_Hyperexponential-17-20261001-21:46:06-72,param,DectScheduledAccessNetwork.queue,lambdaPerMs,,,0.12
Phase6_Hyperexponential-17-20261001-21:46:06-72,param,DectScheduledAccessNetwork.queue,r,,,30
Phase6_Hyperexponential-17-20261001-21:46:06-72,param,DectScheduledAccessNetwork.queue,warmupCompletedPackets,,,200000
Phase6_Hyperexponential-17-20261001-21:46:06-72,param,DectScheduledAccessNetwork.queue,targetCompletedPackets,,,1000000
Phase6_Hyperexponential-17-20261001-21:46:06-72,param,DectScheduledAccessNetwork.queue,rngIndex,,,0
Phase6_Hyperexponential-17-20261001-21:46:06-72,param,DectScheduledAccessNetwork.queue,recordVectors,,,false
Phase6_Hyperexponential-17-20261001-21:46:06-72,param,DectScheduledAccessNetwork.queue,recordTailStatistics,,,true
Phase6_Hyperexponential-17-20261001-21:46:06-72,param,DectScheduledAccessNetwork,typename,,,"""dect2020scheduledaccess.DectScheduledAccessNetwork"""
Phase6_Hyperexponential-18-20261001-21:46:06-72,param,DectScheduledAccessNetwork.queue,typename,,,"""dect2020scheduledaccess.ScheduledAccessQueue"""
Phase6_Hyperexponential-18-20261001-21:46:06-72,param,DectScheduledAccessNetwork.queue,D,,,10
Phase6_Hyperexponential-18-20261001-21:46:06-72,param,DectScheduledAccessNetwork.queue,frameDuration,,,0.01s
Phase6_Hyperexponential-18-20261001-21:46:06-72,attr,DectScheduledAccessNetwork.queue,frameDuration,unit,s,
Phase6_Hyperexponential-18-20261001-21:46:06-72,param,DectScheduledAccessNetwork.queue,meanType1ServiceTime,,,0.000416667s
Phase6_Hyperexponential-18-20261001-21:46:06-72,attr,DectScheduledAccessNetwork.queue,meanType1ServiceTime,unit,s,
Phase6_Hyperexponential-18-20261001-21:46:06-72,param,DectScheduledAccessNetwork.queue,type1ServiceDistribution,,,"""hyperexponential"""
Phase6_Hyperexponential-18-20261001-21:46:06-72,param,DectScheduledAccessNetwork.queue,type1ServiceSCV,,,4
Phase6_Hyperexponential-18-20261001-21:46:06-72,param,DectScheduledAccessNetwork.queue,deriveDectParametersFromD,,,true
Phase6_Hyperexponential-18-20261001-21:46:06-72,param,DectScheduledAccessNetwork.queue,L,,,2
Phase6_Hyperexponential-18-20261001-21:46:06-72,param,DectScheduledAccessNetwork.queue,type2ServiceTime,,,0.009s
Phase6_Hyperexponential-18-20261001-21:46:06-72,attr,DectScheduledAccessNetwork.queue,type2ServiceTime,unit,s,
Phase6_Hyperexponential-18-20261001-21:46:06-72,param,DectScheduledAccessNetwork.queue,deriveLambdaFromRho,,,true
Phase6_Hyperexponential-18-20261001-21:46:06-72,param,DectScheduledAccessNetwork.queue,rho,,,0.0847458
Phase6_Hyperexponential-18-20261001-21:46:06-72,param,DectScheduledAccessNetwork.queue,lambdaPerMs,,,0.12
Phase6_Hyperexponential-18-20261001-21:46:06-72,param,DectScheduledAccessNetwork.queue,r,,,30
Phase6_Hyperexponential-18-20261001-21:46:06-72,param,DectScheduledAccessNetwork.queue,warmupCompletedPackets,,,200000
Phase6_Hyperexponential-18-20261001-21:46:06-72,param,DectScheduledAccessNetwork.queue,targetCompletedPackets,,,1000000
Phase6_Hyperexponential-18-20261001-21:46:06-72,param,DectScheduledAccessNetwork.queue,rngIndex,,,0
Phase6_Hyperexponential-18-20261001-21:46:06-72,param,DectScheduledAccessNetwork.queue,recordVectors,,,false
Phase6_Hyperexponential-18-20261001-21:46:06-72,param,DectScheduledAccessNetwork.queue,recordTailStatistics,,,true
Phase6_Hyperexponential-18-20261001-21:46:06-72,param,DectScheduledAccessNetwork,typename,,,"""dect2020scheduledaccess.DectScheduledAccessNetwork"""
Phase6_Hyperexponential-19-20261001-21:46:07-72,param,DectScheduledAccessNetwork.queue,typename,,,"""dect2020scheduledaccess.ScheduledAccessQueue"""
Phase6_Hyperexponential-19-20261001-21:46:07-72,param,DectScheduledAccessNetwork.queue,D,,,10
Phase6_Hyperexponential-19-20261001-21:46:07-72,param,DectScheduledAccessNetwork.queue,frameDuration,,,0.01s
Phase6_Hyperexponential-19-20261001-21:46:07-72,attr,DectScheduledAccessNetwork.queue,frameDuration,unit,s,
Phase6_Hyperexponential-19-20261001-21:46:07-72,param,DectScheduledAccessNetwork.queue,meanType1ServiceTime,,,0.000416667s
Phase6_Hyperexponential-19-20261001-21:46:07-72,attr,DectScheduledAccessNetwork.queue,meanType1ServiceTime,unit,s,
Phase6_Hyperexponential-19-20261001-21:46:07-72,param,DectScheduledAccessNetwork.queue,type1ServiceDistribution,,,"""hyperexponential"""
Phase6_Hyperexponential-19-20261001-21:46:07-72,param,DectScheduledAccessNetwork.queue,type1ServiceSCV,,,4
Phase6_Hyperexponential-19-20261001-21:46:07-72,param,DectScheduledAccessNetwork.queue,deriveDectParametersFromD,,,true
Phase6_Hyperexponential-19-20261001-21:46:07-72,param,DectScheduledAccessNetwork.queue,L,,,2
Phase6_Hyperexponential-19-20261001-21:46:07-72,param,DectScheduledAccessNetwork.queue,type2ServiceTime,,,0.009s
Phase6_Hyperexponential-19-20261001-21:46:07-72,attr,DectScheduledAccessNetwork.queue,type2ServiceTime,unit,s,
Phase6_Hyperexponential-19-20261001-21:46:07-72,param,DectScheduledAccessNetwork.queue,deriveLambdaFromRho,,,true
Phase6_Hyperexponential-19-20261001-21:46:07-72,param,DectScheduledAccessNetwork.queue,rho,,,0.0847458
Phase6_Hyperexponential-19-20261001-21:46:07-72,param,DectScheduledAccessNetwork.queue,lambdaPerMs,,,0.12
Phase6_Hyperexponential-19-20261001-21:46:07-72,param,DectScheduledAccessNetwork.queue,r,,,30
Phase6_Hyperexponential-19-20261001-21:46:07-72,param,DectScheduledAccessNetwork.queue,warmupCompletedPackets,,,200000
Phase6_Hyperexponential-19-20261001-21:46:07-72,param,DectScheduledAccessNetwork.queue,targetCompletedPackets,,,1000000
Phase6_Hyperexponential-19-20261001-21:46:07-72,param,DectScheduledAccessNetwork.queue,rngIndex,,,0
Phase6_Hyperexponential-19-20261001-21:46:07-72,param,DectScheduledAccessNetwork.queue,recordVectors,,,false
Phase6_Hyperexponential-19-20261001-21:46:07-72,param,DectScheduledAccessNetwork.queue,recordTailStatistics,,,true
Phase6_Hyperexponential-19-20261001-21:46:07-72,param,DectScheduledAccessNetwork,typename,,,"""dect2020scheduledaccess.DectScheduledAccessNetwork"""
Phase6_Hyperexponential-20-20261001-21:46:07-72,param,DectScheduledAccessNetwork.queue,typename,,,"""dect2020scheduledaccess.ScheduledAccessQueue"""
Phase6_Hyperexponential-20-20261001-21:46:07-72,param,DectScheduledAccessNetwork.queue,D,,,10
Phase6_Hyperexponential-20-20261001-21:46:07-72,param,DectScheduledAccessNetwork.queue,frameDuration,,,0.01s
Phase6_Hyperexponential-20-20261001-21:46:07-72,attr,DectScheduledAccessNetwork.queue,frameDuration,unit,s,
Phase6_Hyperexponential-20-20261001-21:46:07-72,param,DectScheduledAccessNetwork.queue,meanType1ServiceTime,,,0.000416667s
Phase6_Hyperexponential-20-20261001-21:46:07-72,attr,DectScheduledAccessNetwork.queue,meanType1ServiceTime,unit,s,
Phase6_Hyperexponential-20-20261001-21:46:07-72,param,DectScheduledAccessNetwork.queue,type1ServiceDistribution,,,"""hyperexponential"""
Phase6_Hyperexponential-20-20261001-21:46:07-72,param,DectScheduledAccessNetwork.queue,type1ServiceSCV,,,4
Phase6_Hyperexponential-20-20261001-21:46:07-72,param,DectScheduledAccessNetwork.queue,deriveDectParametersFromD,,,true
Phase6_Hyperexponential-20-20261001-21:46:07-72,param,DectScheduledAccessNetwork.queue,L,,,2
Phase6_Hyperexponential-20-20261001-21:46:07-72,param,DectScheduledAccessNetwork.queue,type2ServiceTime,,,0.009s
Phase6_Hyperexponential-20-20261001-21:46:07-72,attr,DectScheduledAccessNetwork.queue,type2ServiceTime,unit,s,
Phase6_Hyperexponential-20-20261001-21:46:07-72,param,DectScheduledAccessNetwork.queue,deriveLambdaFromRho,,,true
Phase6_Hyperexponential-20-20261001-21:46:07-72,param,DectScheduledAccessNetwork.queue,rho,,,0.101695
Phase6_Hyperexponential-20-20261001-21:46:07-72,param,DectScheduledAccessNetwork.queue,lambdaPerMs,,,0.12
Phase6_Hyperexponential-20-20261001-21:46:07-72,param,DectScheduledAccessNetwork.queue,r,,,30
Phase6_Hyperexponential-20-20261001-21:46:07-72,param,DectScheduledAccessNetwork.queue,warmupCompletedPackets,,,200000
Phase6_Hyperexponential-20-20261001-21:46:07-72,param,DectScheduledAccessNetwork.queue,targetCompletedPackets,,,1000000
Phase6_Hyperexponential-20-20261001-21:46:07-72,param,DectScheduledAccessNetwork.queue,rngIndex,,,0
Phase6_Hyperexponential-20-20261001-21:46:07-72,param,DectScheduledAccessNetwork.queue,recordVectors,,,false
Phase6_Hyperexponential-20-20261001-21:46:07-72,param,DectScheduledAccessNetwork.queue,recordTailStatistics,,,true
Phase6_Hyperexponential-20-20261001-21:46:07-72,param,DectScheduledAccessNetwork,typename,,,"""dect2020scheduledaccess.DectScheduledAccessNetwork"""
Phase6_Hyperexponential-21-20261001-21:46:07-72,param,DectScheduledAccessNetwork.queue,typename,,,"""dect2020scheduledaccess.ScheduledAccessQueue"""
Phase6_Hyperexponential-21-20261001-21:46:07-72,param,DectScheduledAccessNetwork.queue,D,,,10
Phase6_Hyperexponential-21-20261001-21:46:07-72,param,DectScheduledAccessNetwork.queue,frameDuration,,,0.01s
Phase6_Hyperexponential-21-20261001-21:46:07-72,attr,DectScheduledAccessNetwork.queue,frameDuration,unit,s,
Phase6_Hyperexponential-21-20261001-21:46:07-72,param,DectScheduledAccessNetwork.queue,meanType1ServiceTime,,,0.000416667s
Phase6_Hyperexponential-21-20261001-21:46:07-72,attr,DectScheduledAccessNetwork.queue,meanType1ServiceTime,unit,s,
Phase6_Hyperexponential-21-20261001-21:46:07-72,param,DectScheduledAccessNetwork.queue,type1ServiceDistribution,,,"""hyperexponential"""
Phase6_Hyperexponential-21-20261001-21:46:07-72,param,DectScheduledAccessNetwork.queue,type1ServiceSCV,,,4
Phase6_Hyperexponential-21-20261001-21:46:07-72,param,DectScheduledAccessNetwork.queue,deriveDectParametersFromD,,,true
Phase6_Hyperexponential-21-20261001-21:46:07-72,param,DectScheduledAccessNetwork.queue,L,,,2
Phase6_Hyperexponential-21-20261001-21:46:07-72,param,DectScheduledAccessNetwork.queue,type2ServiceTime,,,0.009s
Phase6_Hyperexponential-21-20261001-21:46:07-72,attr,DectScheduledAccessNetwork.queue,type2ServiceTime,unit,s,
Phase6_Hyperexponential-21-20261001-21:46:07-72,param,DectScheduledAccessNetwork.queue,deriveLambdaFromRho,,,true
Phase6_Hyperexponential-21-20261001-21:46:07-72,param,DectScheduledAccessNetwork.queue,rho,,,0.101695
Phase6_Hyperexponential-21-20261001-21:46:07-72,param,DectScheduledAccessNetwork.queue,lambdaPerMs,,,0.12
Phase6_Hyperexponential-21-20261001-21:46:07-72,param,DectScheduledAccessNetwork.queue,r,,,30
Phase6_Hyperexponential-21-20261001-21:46:07-72,param,DectScheduledAccessNetwork.queue,warmupCompletedPackets,,,200000
Phase6_Hyperexponential-21-20261001-21:46:07-72,param,DectScheduledAccessNetwork.queue,targetCompletedPackets,,,1000000
Phase6_Hyperexponential-21-20261001-21:46:07-72,param,DectScheduledAccessNetwork.queue,rngIndex,,,0
Phase6_Hyperexponential-21-20261001-21:46:07-72,param,DectScheduledAccessNetwork.queue,recordVectors,,,false
Phase6_Hyperexponential-21-20261001-21:46:07-72,param,DectScheduledAccessNetwork.queue,recordTailStatistics,,,true
Phase6_Hyperexponential-21-20261001-21:46:07-72,param,DectScheduledAccessNetwork,typename,,,"""dect2020scheduledaccess.DectScheduledAccessNetwork"""
Phase6_Hyperexponential-22-20261001-21:46:07-72,param,DectScheduledAccessNetwork.queue,typename,,,"""dect2020scheduledaccess.ScheduledAccessQueue"""
Phase6_Hyperexponential-22-20261001-21:46:07-72,param,DectScheduledAccessNetwork.queue,D,,,10
Phase6_Hyperexponential-22-20261001-21:46:07-72,param,DectScheduledAccessNetwork.queue,frameDuration,,,0.01s
Phase6_Hyperexponential-22-20261001-21:46:07-72,attr,DectScheduledAccessNetwork.queue,frameDuration,unit,s,
Phase6_Hyperexponential-22-20261001-21:46:07-72,param,DectScheduledAccessNetwork.queue,meanType1ServiceTime,,,0.000416667s
Phase6_Hyperexponential-22-20261001-21:46:07-72,attr,DectScheduledAccessNetwork.queue,meanType1ServiceTime,unit,s,
Phase6_Hyperexponential-22-20261001-21:46:07-72,param,DectScheduledAccessNetwork.queue,type1ServiceDistribution,,,"""hyperexponential"""
Phase6_Hyperexponential-22-20261001-21:46:07-72,param,DectScheduledAccessNetwork.queue,type1ServiceSCV,,,4
Phase6_Hyperexponential-22-20261001-21:46:07-72,param,DectScheduledAccessNetwork.queue,deriveDectParametersFromD,,,true
Phase6_Hyperexponential-22-20261001-21:46:07-72,param,DectScheduledAccessNetwork.queue,L,,,2
Phase6_Hyperexponential-22-20261001-21:46:07-72,param,DectScheduledAccessNetwork.queue,type2ServiceTime,,,0.009s
Phase6_Hyperexponential-22-20261001-21:46:07-72,attr,DectScheduledAccessNetwork.queue,type2ServiceTime,unit,s,
Phase6_Hyperexponential-22-20261001-21:46:07-72,param,DectScheduledAccessNetwork.queue,deriveLambdaFromRho,,,true
Phase6_Hyperexponential-22-20261001-21:46:07-72,param,DectScheduledAccessNetwork.queue,rho,,,0.101695
Phase6_Hyperexponential-22-20261001-21:46:07-72,param,DectScheduledAccessNetwork.queue,lambdaPerMs,,,0.12
Phase6_Hyperexponential-22-20261001-21:46:07-72,param,DectScheduledAccessNetwork.queue,r,,,30
Phase6_Hyperexponential-22-20261001-21:46:07-72,param,DectScheduledAccessNetwork.queue,warmupCompletedPackets,,,200000
Phase6_Hyperexponential-22-20261001-21:46:07-72,param,DectScheduledAccessNetwork.queue,targetCompletedPackets,,,1000000
Phase6_Hyperexponential-22-20261001-21:46:07-72,param,DectScheduledAccessNetwork.queue,rngIndex,,,0
Phase6_Hyperexponential-22-20261001-21:46:07-72,param,DectScheduledAccessNetwork.queue,recordVectors,,,false
Phase6_Hyperexponential-22-20261001-21:46:07-72,param,DectScheduledAccessNetwork.queue,recordTailStatistics,,,true
Phase6_Hyperexponential-22-20261001-21:46:07-72,param,DectScheduledAccessNetwork,typename,,,"""dect2020scheduledaccess.DectScheduledAccessNetwork"""
Phase6_Hyperexponential-23-20261001-21:46:08-72,param,DectScheduledAccessNetwork.queue,typename,,,"""dect2020scheduledaccess.ScheduledAccessQueue"""
Phase6_Hyperexponential-23-20261001-21:46:08-72,param,DectScheduledAccessNetwork.queue,D,,,10
Phase6_Hyperexponential-23-20261001-21:46:08-72,param,DectScheduledAccessNetwork.queue,frameDuration,,,0.01s
Phase6_Hyperexponential-23-20261001-21:46:08-72,attr,DectScheduledAccessNetwork.queue,frameDuration,unit,s,
Phase6_Hyperexponential-23-20261001-21:46:08-72,param,DectScheduledAccessNetwork.queue,meanType1ServiceTime,,,0.000416667s
Phase6_Hyperexponential-23-20261001-21:46:08-72,attr,DectScheduledAccessNetwork.queue,meanType1ServiceTime,unit,s,
Phase6_Hyperexponential-23-20261001-21:46:08-72,param,DectScheduledAccessNetwork.queue,type1ServiceDistribution,,,"""hyperexponential"""
Phase6_Hyperexponential-23-20261001-21:46:08-72,param,DectScheduledAccessNetwork.queue,type1ServiceSCV,,,4
Phase6_Hyperexponential-23-20261001-21:46:08-72,param,DectScheduledAccessNetwork.queue,deriveDectParametersFromD,,,true
Phase6_Hyperexponential-23-20261001-21:46:08-72,param,DectScheduledAccessNetwork.queue,L,,,2
Phase6_Hyperexponential-23-20261001-21:46:08-72,param,DectScheduledAccessNetwork.queue,type2ServiceTime,,,0.009s
Phase6_Hyperexponential-23-20261001-21:46:08-72,attr,DectScheduledAccessNetwork.queue,type2ServiceTime,unit,s,
Phase6_Hyperexponential-23-20261001-21:46:08-72,param,DectScheduledAccessNetwork.queue,deriveLambdaFromRho,,,true
Phase6_Hyperexponential-23-20261001-21:46:08-72,param,DectScheduledAccessNetwork.queue,rho,,,0.101695
Phase6_Hyperexponential-23-20261001-21:46:08-72,param,DectScheduledAccessNetwork.queue,lambdaPerMs,,,0.12
Phase6_Hyperexponential-23-20261001-21:46:08-72,param,DectScheduledAccessNetwork.queue,r,,,30
Phase6_Hyperexponential-23-20261001-21:46:08-72,param,DectScheduledAccessNetwork.queue,warmupCompletedPackets,,,200000
Phase6_Hyperexponential-23-20261001-21:46:08-72,param,DectScheduledAccessNetwork.queue,targetCompletedPackets,,,1000000
Phase6_Hyperexponential-23-20261001-21:46:08-72,param,DectScheduledAccessNetwork.queue,rngIndex,,,0
Phase6_Hyperexponential-23-20261001-21:46:08-72,param,DectScheduledAccessNetwork.queue,recordVectors,,,false
Phase6_Hyperexponential-23-20261001-21:46:08-72,param,DectScheduledAccessNetwork.queue,recordTailStatistics,,,true
Phase6_Hyperexponential-23-20261001-21:46:08-72,param,DectScheduledAccessNetwork,typename,,,"""dect2020scheduledaccess.DectScheduledAccessNetwork"""
Phase6_Hyperexponential-24-20261001-21:46:08-72,param,DectScheduledAccessNetwork.queue,typename,,,"""dect2020scheduledaccess.ScheduledAccessQueue"""
Phase6_Hyperexponential-24-20261001-21:46:08-72,param,DectScheduledAccessNetwork.queue,D,,,10
Phase6_Hyperexponential-24-20261001-21:46:08-72,param,DectScheduledAccessNetwork.queue,frameDuration,,,0.01s
Phase6_Hyperexponential-24-20261001-21:46:08-72,attr,DectScheduledAccessNetwork.queue,frameDuration,unit,s,
Phase6_Hyperexponential-24-20261001-21:46:08-72,param,DectScheduledAccessNetwork.queue,meanType1ServiceTime,,,0.000416667s
Phase6_Hyperexponential-24-20261001-21:46:08-72,attr,DectScheduledAccessNetwork.queue,meanType1ServiceTime,unit,s,
Phase6_Hyperexponential-24-20261001-21:46:08-72,param,DectScheduledAccessNetwork.queue,type1ServiceDistribution,,,"""hyperexponential"""
Phase6_Hyperexponential-24-20261001-21:46:08-72,param,DectScheduledAccessNetwork.queue,type1ServiceSCV,,,4
Phase6_Hyperexponential-24-20261001-21:46:08-72,param,DectScheduledAccessNetwork.queue,deriveDectParametersFromD,,,true
Phase6_Hyperexponential-24-20261001-21:46:08-72,param,DectScheduledAccessNetwork.queue,L,,,2
Phase6_Hyperexponential-24-20261001-21:46:08-72,param,DectScheduledAccessNetwork.queue,type2ServiceTime,,,0.009s
Phase6_Hyperexponential-24-20261001-21:46:08-72,attr,DectScheduledAccessNetwork.queue,type2ServiceTime,unit,s,
Phase6_Hyperexponential-24-20261001-21:46:08-72,param,DectScheduledAccessNetwork.queue,deriveLambdaFromRho,,,true
Phase6_Hyperexponential-24-20261001-21:46:08-72,param,DectScheduledAccessNetwork.queue,rho,,,0.101695
Phase6_Hyperexponential-24-20261001-21:46:08-72,param,DectScheduledAccessNetwork.queue,lambdaPerMs,,,0.12
Phase6_Hyperexponential-24-20261001-21:46:08-72,param,DectScheduledAccessNetwork.queue,r,,,30
Phase6_Hyperexponential-24-20261001-21:46:08-72,param,DectScheduledAccessNetwork.queue,warmupCompletedPackets,,,200000
Phase6_Hyperexponential-24-20261001-21:46:08-72,param,DectScheduledAccessNetwork.queue,targetCompletedPackets,,,1000000
Phase6_Hyperexponential-24-20261001-21:46:08-72,param,DectScheduledAccessNetwork.queue,rngIndex,,,0
Phase6_Hyperexponential-24-20261001-21:46:08-72,param,DectScheduledAccessNetwork.queue,recordVectors,,,false
Phase6_Hyperexponential-24-20261001-21:46:08-72,param,DectScheduledAccessNetwork.queue,recordTailStatistics,,,true
Phase6_Hyperexponential-24-20261001-21:46:08-72,param,DectScheduledAccessNetwork,typename,,,"""dect2020scheduledaccess.DectScheduledAccessNetwork"""
Phase6_Hyperexponential-25-20261001-21:46:08-72,param,DectScheduledAccessNetwork.queue,typename,,,"""dect2020scheduledaccess.ScheduledAccessQueue"""
Phase6_Hyperexponential-25-20261001-21:46:08-72,param,DectScheduledAccessNetwork.queue,D,,,10
Phase6_Hyperexponential-25-20261001-21:46:08-72,param,DectScheduledAccessNetwork.queue,frameDuration,,,0.01s
Phase6_Hyperexponential-25-20261001-21:46:08-72,attr,DectScheduledAccessNetwork.queue,frameDuration,unit,s,
Phase6_Hyperexponential-25-20261001-21:46:08-72,param,DectScheduledAccessNetwork.queue,meanType1ServiceTime,,,0.000416667s
Phase6_Hyperexponential-25-20261001-21:46:08-72,attr,DectScheduledAccessNetwork.queue,meanType1ServiceTime,unit,s,
Phase6_Hyperexponential-25-20261001-21:46:08-72,param,DectScheduledAccessNetwork.queue,type1ServiceDistribution,,,"""hyperexponential"""
Phase6_Hyperexponential-25-20261001-21:46:08-72,param,DectScheduledAccessNetwork.queue,type1ServiceSCV,,,4
Phase6_Hyperexponential-25-20261001-21:46:08-72,param,DectScheduledAccessNetwork.queue,deriveDectParametersFromD,,,true
Phase6_Hyperexponential-25-20261001-21:46:08-72,param,DectScheduledAccessNetwork.queue,L,,,2
Phase6_Hyperexponential-25-20261001-21:46:08-72,param,DectScheduledAccessNetwork.queue,type2ServiceTime,,,0.009s
Phase6_Hyperexponential-25-20261001-21:46:08-72,attr,DectScheduledAccessNetwork.queue,type2ServiceTime,unit,s,
Phase6_Hyperexponential-25-20261001-21:46:08-72,param,DectScheduledAccessNetwork.queue,deriveLambdaFromRho,,,true
Phase6_Hyperexponential-25-20261001-21:46:08-72,param,DectScheduledAccessNetwork.queue,rho,,,0.101695
Phase6_Hyperexponential-25-20261001-21:46:08-72,param,DectScheduledAccessNetwork.queue,lambdaPerMs,,,0.12
Phase6_Hyperexponential-25-20261001-21:46:08-72,param,DectScheduledAccessNetwork.queue,r,,,30
Phase6_Hyperexponential-25-20261001-21:46:08-72,param,DectScheduledAccessNetwork.queue,warmupCompletedPackets,,,200000
Phase6_Hyperexponential-25-20261001-21:46:08-72,param,DectScheduledAccessNetwork.queue,targetCompletedPackets,,,1000000
Phase6_Hyperexponential-25-20261001-21:46:08-72,param,DectScheduledAccessNetwork.queue,rngIndex,,,0
Phase6_Hyperexponential-25-20261001-21:46:08-72,param,DectScheduledAccessNetwork.queue,recordVectors,,,false
Phase6_Hyperexponential-25-20261001-21:46:08-72,param,DectScheduledAccessNetwork.queue,recordTailStatistics,,,true
Phase6_Hyperexponential-25-20261001-21:46:08-72,param,DectScheduledAccessNetwork,typename,,,"""dect2020scheduledaccess.DectScheduledAccessNetwork"""
Phase6_Hyperexponential-26-20261001-21:46:09-72,param,DectScheduledAccessNetwork.queue,typename,,,"""dect2020scheduledaccess.ScheduledAccessQueue"""
Phase6_Hyperexponential-26-20261001-21:46:09-72,param,DectScheduledAccessNetwork.queue,D,,,10
Phase6_Hyperexponential-26-20261001-21:46:09-72,param,DectScheduledAccessNetwork.queue,frameDuration,,,0.01s
Phase6_Hyperexponential-26-20261001-21:46:09-72,attr,DectScheduledAccessNetwork.queue,frameDuration,unit,s,
Phase6_Hyperexponential-26-20261001-21:46:09-72,param,DectScheduledAccessNetwork.queue,meanType1ServiceTime,,,0.000416667s
Phase6_Hyperexponential-26-20261001-21:46:09-72,attr,DectScheduledAccessNetwork.queue,meanType1ServiceTime,unit,s,
Phase6_Hyperexponential-26-20261001-21:46:09-72,param,DectScheduledAccessNetwork.queue,type1ServiceDistribution,,,"""hyperexponential"""
Phase6_Hyperexponential-26-20261001-21:46:09-72,param,DectScheduledAccessNetwork.queue,type1ServiceSCV,,,4
Phase6_Hyperexponential-26-20261001-21:46:09-72,param,DectScheduledAccessNetwork.queue,deriveDectParametersFromD,,,true
Phase6_Hyperexponential-26-20261001-21:46:09-72,param,DectScheduledAccessNetwork.queue,L,,,2
Phase6_Hyperexponential-26-20261001-21:46:09-72,param,DectScheduledAccessNetwork.queue,type2ServiceTime,,,0.009s
Phase6_Hyperexponential-26-20261001-21:46:09-72,attr,DectScheduledAccessNetwork.queue,type2ServiceTime,unit,s,
Phase6_Hyperexponential-26-20261001-21:46:09-72,param,DectScheduledAccessNetwork.queue,deriveLambdaFromRho,,,true
Phase6_Hyperexponential-26-20261001-21:46:09-72,param,DectScheduledAccessNetwork.queue,rho,,,0.101695
Phase6_Hyperexponential-26-20261001-21:46:09-72,param,DectScheduledAccessNetwork.queue,lambdaPerMs,,,0.12
Phase6_Hyperexponential-26-20261001-21:46:09-72,param,DectScheduledAccessNetwork.queue,r,,,30
Phase6_Hyperexponential-26-20261001-21:46:09-72,param,DectScheduledAccessNetwork.queue,warmupCompletedPackets,,,200000
Phase6_Hyperexponential-26-20261001-21:46:09-72,param,DectScheduledAccessNetwork.queue,targetCompletedPackets,,,1000000
Phase6_Hyperexponential-26-20261001-21:46:09-72,param,DectScheduledAccessNetwork.queue,rngIndex,,,0
Phase6_Hyperexponential-26-20261001-21:46:09-72,param,DectScheduledAccessNetwork.queue,recordVectors,,,false
Phase6_Hyperexponential-26-20261001-21:46:09-72,param,DectScheduledAccessNetwork.queue,recordTailStatistics,,,true
Phase6_Hyperexponential-26-20261001-21:46:09-72,param,DectScheduledAccessNetwork,typename,,,"""dect2020scheduledaccess.DectScheduledAccessNetwork"""
Phase6_Hyperexponential-27-20261001-21:46:09-72,param,DectScheduledAccessNetwork.queue,typename,,,"""dect2020scheduledaccess.ScheduledAccessQueue"""
Phase6_Hyperexponential-27-20261001-21:46:09-72,param,DectScheduledAccessNetwork.queue,D,,,10
Phase6_Hyperexponential-27-20261001-21:46:09-72,param,DectScheduledAccessNetwork.queue,frameDuration,,,0.01s
Phase6_Hyperexponential-27-20261001-21:46:09-72,attr,DectScheduledAccessNetwork.queue,frameDuration,unit,s,
Phase6_Hyperexponential-27-20261001-21:46:09-72,param,DectScheduledAccessNetwork.queue,meanType1ServiceTime,,,0.000416667s
Phase6_Hyperexponential-27-20261001-21:46:09-72,attr,DectScheduledAccessNetwork.queue,meanType1ServiceTime,unit,s,
Phase6_Hyperexponential-27-20261001-21:46:09-72,param,DectScheduledAccessNetwork.queue,type1ServiceDistribution,,,"""hyperexponential"""
Phase6_Hyperexponential-27-20261001-21:46:09-72,param,DectScheduledAccessNetwork.queue,type1ServiceSCV,,,4
Phase6_Hyperexponential-27-20261001-21:46:09-72,param,DectScheduledAccessNetwork.queue,deriveDectParametersFromD,,,true
Phase6_Hyperexponential-27-20261001-21:46:09-72,param,DectScheduledAccessNetwork.queue,L,,,2
Phase6_Hyperexponential-27-20261001-21:46:09-72,param,DectScheduledAccessNetwork.queue,type2ServiceTime,,,0.009s
Phase6_Hyperexponential-27-20261001-21:46:09-72,attr,DectScheduledAccessNetwork.queue,type2ServiceTime,unit,s,
Phase6_Hyperexponential-27-20261001-21:46:09-72,param,DectScheduledAccessNetwork.queue,deriveLambdaFromRho,,,true
Phase6_Hyperexponential-27-20261001-21:46:09-72,param,DectScheduledAccessNetwork.queue,rho,,,0.101695
Phase6_Hyperexponential-27-20261001-21:46:09-72,param,DectScheduledAccessNetwork.queue,lambdaPerMs,,,0.12
Phase6_Hyperexponential-27-20261001-21:46:09-72,param,DectScheduledAccessNetwork.queue,r,,,30
Phase6_Hyperexponential-27-20261001-21:46:09-72,param,DectScheduledAccessNetwork.queue,warmupCompletedPackets,,,200000
Phase6_Hyperexponential-27-20261001-21:46:09-72,param,DectScheduledAccessNetwork.queue,targetCompletedPackets,,,1000000
Phase6_Hyperexponential-27-20261001-21:46:09-72,param,DectScheduledAccessNetwork.queue,rngIndex,,,0
Phase6_Hyperexponential-27-20261001-21:46:09-72,param,DectScheduledAccessNetwork.queue,recordVectors,,,false
Phase6_Hyperexponential-27-20261001-21:46:09-72,param,DectScheduledAccessNetwork.queue,recordTailStatistics,,,true
Phase6_Hyperexponential-27-20261001-21:46:09-72,param,DectScheduledAccessNetwork,typename,,,"""dect2020scheduledaccess.DectScheduledAccessNetwork"""
Phase6_Hyperexponential-28-20261001-21:46:09-72,param,DectScheduledAccessNetwork.queue,typename,,,"""dect2020scheduledaccess.ScheduledAccessQueue"""
Phase6_Hyperexponential-28-20261001-21:46:09-72,param,DectScheduledAccessNetwork.queue,D,,,10
Phase6_Hyperexponential-28-20261001-21:46:09-72,param,DectScheduledAccessNetwork.queue,frameDuration,,,0.01s
Phase6_Hyperexponential-28-20261001-21:46:09-72,attr,DectScheduledAccessNetwork.queue,frameDuration,unit,s,
Phase6_Hyperexponential-28-20261001-21:46:09-72,param,DectScheduledAccessNetwork.queue,meanType1ServiceTime,,,0.000416667s
Phase6_Hyperexponential-28-20261001-21:46:09-72,attr,DectScheduledAccessNetwork.queue,meanType1ServiceTime,unit,s,
Phase6_Hyperexponential-28-20261001-21:46:09-72,param,DectScheduledAccessNetwork.queue,type1ServiceDistribution,,,"""hyperexponential"""
Phase6_Hyperexponential-28-20261001-21:46:09-72,param,DectScheduledAccessNetwork.queue,type1ServiceSCV,,,4
Phase6_Hyperexponential-28-20261001-21:46:09-72,param,DectScheduledAccessNetwork.queue,deriveDectParametersFromD,,,true
Phase6_Hyperexponential-28-20261001-21:46:09-72,param,DectScheduledAccessNetwork.queue,L,,,2
Phase6_Hyperexponential-28-20261001-21:46:09-72,param,DectScheduledAccessNetwork.queue,type2ServiceTime,,,0.009s
Phase6_Hyperexponential-28-20261001-21:46:09-72,attr,DectScheduledAccessNetwork.queue,type2ServiceTime,unit,s,
Phase6_Hyperexponential-28-20261001-21:46:09-72,param,DectScheduledAccessNetwork.queue,deriveLambdaFromRho,,,true
Phase6_Hyperexponential-28-20261001-21:46:09-72,param,DectScheduledAccessNetwork.queue,rho,,,0.101695
Phase6_Hyperexponential-28-20261001-21:46:09-72,param,DectScheduledAccessNetwork.queue,lambdaPerMs,,,0.12
Phase6_Hyperexponential-28-20261001-21:46:09-72,param,DectScheduledAccessNetwork.queue,r,,,30
Phase6_Hyperexponential-28-20261001-21:46:09-72,param,DectScheduledAccessNetwork.queue,warmupCompletedPackets,,,200000
Phase6_Hyperexponential-28-20261001-21:46:09-72,param,DectScheduledAccessNetwork.queue,targetCompletedPackets,,,1000000
Phase6_Hyperexponential-28-20261001-21:46:09-72,param,DectScheduledAccessNetwork.queue,rngIndex,,,0
Phase6_Hyperexponential-28-20261001-21:46:09-72,param,DectScheduledAccessNetwork.queue,recordVectors,,,false
Phase6_Hyperexponential-28-20261001-21:46:09-72,param,DectScheduledAccessNetwork.queue,recordTailStatistics,,,true
Phase6_Hyperexponential-28-20261001-21:46:09-72,param,DectScheduledAccessNetwork,typename,,,"""dect2020scheduledaccess.DectScheduledAccessNetwork"""
Phase6_Hyperexponential-29-20261001-21:46:09-72,param,DectScheduledAccessNetwork.queue,typename,,,"""dect2020scheduledaccess.ScheduledAccessQueue"""
Phase6_Hyperexponential-29-20261001-21:46:09-72,param,DectScheduledAccessNetwork.queue,D,,,10
Phase6_Hyperexponential-29-20261001-21:46:09-72,param,DectScheduledAccessNetwork.queue,frameDuration,,,0.01s
Phase6_Hyperexponential-29-20261001-21:46:09-72,attr,DectScheduledAccessNetwork.queue,frameDuration,unit,s,
Phase6_Hyperexponential-29-20261001-21:46:09-72,param,DectScheduledAccessNetwork.queue,meanType1ServiceTime,,,0.000416667s
Phase6_Hyperexponential-29-20261001-21:46:09-72,attr,DectScheduledAccessNetwork.queue,meanType1ServiceTime,unit,s,
Phase6_Hyperexponential-29-20261001-21:46:09-72,param,DectScheduledAccessNetwork.queue,type1ServiceDistribution,,,"""hyperexponential"""
Phase6_Hyperexponential-29-20261001-21:46:09-72,param,DectScheduledAccessNetwork.queue,type1ServiceSCV,,,4
Phase6_Hyperexponential-29-20261001-21:46:09-72,param,DectScheduledAccessNetwork.queue,deriveDectParametersFromD,,,true
Phase6_Hyperexponential-29-20261001-21:46:09-72,param,DectScheduledAccessNetwork.queue,L,,,2
Phase6_Hyperexponential-29-20261001-21:46:09-72,param,DectScheduledAccessNetwork.queue,type2ServiceTime,,,0.009s
Phase6_Hyperexponential-29-20261001-21:46:09-72,attr,DectScheduledAccessNetwork.queue,type2ServiceTime,unit,s,
Phase6_Hyperexponential-29-20261001-21:46:09-72,param,DectScheduledAccessNetwork.queue,deriveLambdaFromRho,,,true
Phase6_Hyperexponential-29-20261001-21:46:09-72,param,DectScheduledAccessNetwork.queue,rho,,,0.101695
Phase6_Hyperexponential-29-20261001-21:46:09-72,param,DectScheduledAccessNetwork.queue,lambdaPerMs,,,0.12
Phase6_Hyperexponential-29-20261001-21:46:09-72,param,DectScheduledAccessNetwork.queue,r,,,30
Phase6_Hyperexponential-29-20261001-21:46:09-72,param,DectScheduledAccessNetwork.queue,warmupCompletedPackets,,,200000
Phase6_Hyperexponential-29-20261001-21:46:09-72,param,DectScheduledAccessNetwork.queue,targetCompletedPackets,,,1000000
Phase6_Hyperexponential-29-20261001-21:46:09-72,param,DectScheduledAccessNetwork.queue,rngIndex,,,0
Phase6_Hyperexponential-29-20261001-21:46:09-72,param,DectScheduledAccessNetwork.queue,recordVectors,,,false
Phase6_Hyperexponential-29-20261001-21:46:09-72,param,DectScheduledAccessNetwork.queue,recordTailStatistics,,,true
Phase6_Hyperexponential-29-20261001-21:46:09-72,param,DectScheduledAccessNetwork,typename,,,"""dect2020scheduledaccess.DectScheduledAccessNetwork"""
