run,type,module,name,attrname,attrvalue,value
Phase4_D10-0-20260929-20:19:49-72,scalar,DectScheduledAccessNetwork.queue,D,,,10
Phase4_D10-0-20260929-20:19:49-72,scalar,DectScheduledAccessNetwork.queue,r,,,30
Phase4_D10-0-20260929-20:19:49-72,scalar,DectScheduledAccessNetwork.queue,L_effective,,,2
Phase4_D10-0-20260929-20:19:49-72,scalar,DectScheduledAccessNetwork.queue,rho,,,0.067796610169
Phase4_D10-0-20260929-20:19:49-72,scalar,DectScheduledAccessNetwork.queue,lambda_per_ms,,,0.16271186427543
Phase4_D10-0-20260929-20:19:49-72,scalar,DectScheduledAccessNetwork.queue,lambda_sat_per_ms,,,0.20338983049469
Phase4_D10-0-20260929-20:19:49-72,scalar,DectScheduledAccessNetwork.queue,rho_sat,,,0.084745762773916
Phase4_D10-0-20260929-20:19:49-72,scalar,DectScheduledAccessNetwork.queue,blocking_probability,,,0
Phase4_D10-0-20260929-20:19:49-72,scalar,DectScheduledAccessNetwork.queue,mean_type1_number,,,2.2602478064909
Phase4_D10-0-20260929-20:19:49-72,scalar,DectScheduledAccessNetwork.queue,mean_delay_direct_ms,,,13.866609175546
Phase4_D10-0-20260929-20:19:49-72,scalar,DectScheduledAccessNetwork.queue,effective_throughput_departures_per_ms,,,0.16299151901501
Phase4_D10-0-20260929-20:19:49-72,scalar,DectScheduledAccessNetwork.queue,mean_delay_little_ms,,,13.867272482335
Phase4_D10-0-20260929-20:19:49-72,scalar,DectScheduledAccessNetwork.queue,little_vs_direct_relative_error,,,4.7834822566983e-05
Phase4_D10-1-20260929-20:19:49-72,scalar,DectScheduledAccessNetwork.queue,D,,,10
Phase4_D10-1-20260929-20:19:49-72,scalar,DectScheduledAccessNetwork.queue,r,,,30
Phase4_D10-1-20260929-20:19:49-72,scalar,DectScheduledAccessNetwork.queue,L_effective,,,2
Phase4_D10-1-20260929-20:19:49-72,scalar,DectScheduledAccessNetwork.queue,rho,,,0.067796610169
Phase4_D10-1-20260929-20:19:49-72,scalar,DectScheduledAccessNetwork.queue,lambda_per_ms,,,0.16271186427543
Phase4_D10-1-20260929-20:19:49-72,scalar,DectScheduledAccessNetwork.queue,lambda_sat_per_ms,,,0.20338983049469
Phase4_D10-1-20260929-20:19:49-72,scalar,DectScheduledAccessNetwork.queue,rho_sat,,,0.084745762773916
Phase4_D10-1-20260929-20:19:49-72,scalar,DectScheduledAccessNetwork.queue,blocking_probability,,,0
Phase4_D10-1-20260929-20:19:49-72,scalar,DectScheduledAccessNetwork.queue,mean_type1_number,,,2.2586940392789
Phase4_D10-1-20260929-20:19:49-72,scalar,DectScheduledAccessNetwork.queue,mean_delay_direct_ms,,,13.875091727227
Phase4_D10-1-20260929-20:19:49-72,scalar,DectScheduledAccessNetwork.queue,effective_throughput_departures_per_ms,,,0.16278381305429
Phase4_D10-1-20260929-20:19:49-72,scalar,DectScheduledAccessNetwork.queue,mean_delay_little_ms,,,13.875421621471
Phase4_D10-1-20260929-20:19:49-72,scalar,DectScheduledAccessNetwork.queue,little_vs_direct_relative_error,,,2.3776004527631e-05
Phase4_D10-2-20260929-20:19:49-72,scalar,DectScheduledAccessNetwork.queue,D,,,10
Phase4_D10-2-20260929-20:19:49-72,scalar,DectScheduledAccessNetwork.queue,r,,,30
Phase4_D10-2-20260929-20:19:49-72,scalar,DectScheduledAccessNetwork.queue,L_effective,,,2
Phase4_D10-2-20260929-20:19:49-72,scalar,DectScheduledAccessNetwork.queue,rho,,,0.067796610169
Phase4_D10-2-20260929-20:19:49-72,scalar,DectScheduledAccessNetwork.queue,lambda_per_ms,,,0.16271186427543
Phase4_D10-2-20260929-20:19:49-72,scalar,DectScheduledAccessNetwork.queue,lambda_sat_per_ms,,,0.20338983049469
Phase4_D10-2-20260929-20:19:49-72,scalar,DectScheduledAccessNetwork.queue,rho_sat,,,0.084745762773916
Phase4_D10-2-20260929-20:19:49-72,scalar,DectScheduledAccessNetwork.queue,blocking_probability,,,0
Phase4_D10-2-20260929-20:19:49-72,scalar,DectScheduledAccessNetwork.queue,mean_type1_number,,,2.2928737791144
Phase4_D10-2-20260929-20:19:49-72,scalar,DectScheduledAccessNetwork.queue,mean_delay_direct_ms,,,14.072847773625
Phase4_D10-2-20260929-20:19:49-72,scalar,DectScheduledAccessNetwork.queue,effective_throughput_departures_per_ms,,,0.16292784131943
Phase4_D10-2-20260929-20:19:49-72,scalar,DectScheduledAccessNetwork.queue,mean_delay_little_ms,,,14.072940269424
Phase4_D10-2-20260929-20:19:49-72,scalar,DectScheduledAccessNetwork.queue,little_vs_direct_relative_error,,,6.5726425841905e-06
Phase4_D10-3-20260929-20:19:49-72,scalar,DectScheduledAccessNetwork.queue,D,,,10
Phase4_D10-3-20260929-20:19:49-72,scalar,DectScheduledAccessNetwork.queue,r,,,30
Phase4_D10-3-20260929-20:19:49-72,scalar,DectScheduledAccessNetwork.queue,L_effective,,,2
Phase4_D10-3-20260929-20:19:49-72,scalar,DectScheduledAccessNetwork.queue,rho,,,0.084745762712
Phase4_D10-3-20260929-20:19:49-72,scalar,DectScheduledAccessNetwork.queue,lambda_per_ms,,,0.20338983034609
Phase4_D10-3-20260929-20:19:49-72,scalar,DectScheduledAccessNetwork.queue,lambda_sat_per_ms,,,0.20338983049469
Phase4_D10-3-20260929-20:19:49-72,scalar,DectScheduledAccessNetwork.queue,rho_sat,,,0.084745762773916
Phase4_D10-3-20260929-20:19:49-72,scalar,DectScheduledAccessNetwork.queue,blocking_probability,,,0.017797159526195
Phase4_D10-3-20260929-20:19:49-72,scalar,DectScheduledAccessNetwork.queue,mean_type1_number,,,14.815756300422
Phase4_D10-3-20260929-20:19:49-72,scalar,DectScheduledAccessNetwork.queue,mean_delay_direct_ms,,,74.183605732887
Phase4_D10-3-20260929-20:19:49-72,scalar,DectScheduledAccessNetwork.queue,effective_throughput_departures_per_ms,,,0.19967925598033
Phase4_D10-3-20260929-20:19:49-72,scalar,DectScheduledAccessNetwork.queue,mean_delay_little_ms,,,74.197773963471
Phase4_D10-3-20260929-20:19:49-72,scalar,DectScheduledAccessNetwork.queue,little_vs_direct_relative_error,,,0.00019098870220424
Phase4_D10-4-20260929-20:19:49-72,scalar,DectScheduledAccessNetwork.queue,D,,,10
Phase4_D10-4-20260929-20:19:49-72,scalar,DectScheduledAccessNetwork.queue,r,,,30
Phase4_D10-4-20260929-20:19:49-72,scalar,DectScheduledAccessNetwork.queue,L_effective,,,2
Phase4_D10-4-20260929-20:19:49-72,scalar,DectScheduledAccessNetwork.queue,rho,,,0.084745762712
Phase4_D10-4-20260929-20:19:49-72,scalar,DectScheduledAccessNetwork.queue,lambda_per_ms,,,0.20338983034609
Phase4_D10-4-20260929-20:19:49-72,scalar,DectScheduledAccessNetwork.queue,lambda_sat_per_ms,,,0.20338983049469
Phase4_D10-4-20260929-20:19:49-72,scalar,DectScheduledAccessNetwork.queue,rho_sat,,,0.084745762773916
Phase4_D10-4-20260929-20:19:49-72,scalar,DectScheduledAccessNetwork.queue,blocking_probability,,,0.013211512466577
Phase4_D10-4-20260929-20:19:49-72,scalar,DectScheduledAccessNetwork.queue,mean_type1_number,,,14.412551602945
Phase4_D10-4-20260929-20:19:49-72,scalar,DectScheduledAccessNetwork.queue,mean_delay_direct_ms,,,71.968108214375
Phase4_D10-4-20260929-20:19:49-72,scalar,DectScheduledAccessNetwork.queue,effective_throughput_departures_per_ms,,,0.200223843514
Phase4_D10-4-20260929-20:19:49-72,scalar,DectScheduledAccessNetwork.queue,mean_delay_little_ms,,,71.982194278161
Phase4_D10-4-20260929-20:19:49-72,scalar,DectScheduledAccessNetwork.queue,little_vs_direct_relative_error,,,0.00019572647017063
Phase4_D10-5-20260929-20:19:49-72,scalar,DectScheduledAccessNetwork.queue,D,,,10
Phase4_D10-5-20260929-20:19:49-72,scalar,DectScheduledAccessNetwork.queue,r,,,30
Phase4_D10-5-20260929-20:19:49-72,scalar,DectScheduledAccessNetwork.queue,L_effective,,,2
Phase4_D10-5-20260929-20:19:49-72,scalar,DectScheduledAccessNetwork.queue,rho,,,0.084745762712
Phase4_D10-5-20260929-20:19:49-72,scalar,DectScheduledAccessNetwork.queue,lambda_per_ms,,,0.20338983034609
Phase4_D10-5-20260929-20:19:49-72,scalar,DectScheduledAccessNetwork.queue,lambda_sat_per_ms,,,0.20338983049469
Phase4_D10-5-20260929-20:19:49-72,scalar,DectScheduledAccessNetwork.queue,rho_sat,,,0.084745762773916
Phase4_D10-5-20260929-20:19:49-72,scalar,DectScheduledAccessNetwork.queue,blocking_probability,,,0.016646182586893
Phase4_D10-5-20260929-20:19:49-72,scalar,DectScheduledAccessNetwork.queue,mean_type1_number,,,14.893443163316
Phase4_D10-5-20260929-20:19:49-72,scalar,DectScheduledAccessNetwork.queue,mean_delay_direct_ms,,,74.556317530365
Phase4_D10-5-20260929-20:19:49-72,scalar,DectScheduledAccessNetwork.queue,effective_throughput_departures_per_ms,,,0.19970418148867
Phase4_D10-5-20260929-20:19:49-72,scalar,DectScheduledAccessNetwork.queue,mean_delay_little_ms,,,74.577522875559
Phase4_D10-5-20260929-20:19:49-72,scalar,DectScheduledAccessNetwork.queue,little_vs_direct_relative_error,,,0.00028442050113009
Phase4_D10-6-20260929-20:19:49-72,scalar,DectScheduledAccessNetwork.queue,D,,,10
Phase4_D10-6-20260929-20:19:49-72,scalar,DectScheduledAccessNetwork.queue,r,,,30
Phase4_D10-6-20260929-20:19:49-72,scalar,DectScheduledAccessNetwork.queue,L_effective,,,2
Phase4_D10-6-20260929-20:19:49-72,scalar,DectScheduledAccessNetwork.queue,rho,,,0.101694915254
Phase4_D10-6-20260929-20:19:49-72,scalar,DectScheduledAccessNetwork.queue,lambda_per_ms,,,0.24406779641435
Phase4_D10-6-20260929-20:19:49-72,scalar,DectScheduledAccessNetwork.queue,lambda_sat_per_ms,,,0.20338983049469
Phase4_D10-6-20260929-20:19:49-72,scalar,DectScheduledAccessNetwork.queue,rho_sat,,,0.084745762773916
Phase4_D10-6-20260929-20:19:49-72,scalar,DectScheduledAccessNetwork.queue,blocking_probability,,,0.16470706125994
Phase4_D10-6-20260929-20:19:49-72,scalar,DectScheduledAccessNetwork.queue,mean_type1_number,,,27.114820318977
Phase4_D10-6-20260929-20:19:49-72,scalar,DectScheduledAccessNetwork.queue,mean_delay_direct_ms,,,133.30368214875
Phase4_D10-6-20260929-20:19:49-72,scalar,DectScheduledAccessNetwork.queue,effective_throughput_departures_per_ms,,,0.20334856958842
Phase4_D10-6-20260929-20:19:49-72,scalar,DectScheduledAccessNetwork.queue,mean_delay_little_ms,,,133.34158373407
Phase4_D10-6-20260929-20:19:49-72,scalar,DectScheduledAccessNetwork.queue,little_vs_direct_relative_error,,,0.00028432511922616
Phase4_D10-7-20260929-20:19:49-72,scalar,DectScheduledAccessNetwork.queue,D,,,10
Phase4_D10-7-20260929-20:19:49-72,scalar,DectScheduledAccessNetwork.queue,r,,,30
Phase4_D10-7-20260929-20:19:49-72,scalar,DectScheduledAccessNetwork.queue,L_effective,,,2
Phase4_D10-7-20260929-20:19:49-72,scalar,DectScheduledAccessNetwork.queue,rho,,,0.101694915254
Phase4_D10-7-20260929-20:19:49-72,scalar,DectScheduledAccessNetwork.queue,lambda_per_ms,,,0.24406779641435
Phase4_D10-7-20260929-20:19:49-72,scalar,DectScheduledAccessNetwork.queue,lambda_sat_per_ms,,,0.20338983049469
Phase4_D10-7-20260929-20:19:49-72,scalar,DectScheduledAccessNetwork.queue,rho_sat,,,0.084745762773916
Phase4_D10-7-20260929-20:19:49-72,scalar,DectScheduledAccessNetwork.queue,blocking_probability,,,0.16639721324044
Phase4_D10-7-20260929-20:19:49-72,scalar,DectScheduledAccessNetwork.queue,mean_type1_number,,,27.291852416669
Phase4_D10-7-20260929-20:19:49-72,scalar,DectScheduledAccessNetwork.queue,mean_delay_direct_ms,,,134.19260539209
Phase4_D10-7-20260929-20:19:49-72,scalar,DectScheduledAccessNetwork.queue,effective_throughput_departures_per_ms,,,0.20331661916464
Phase4_D10-7-20260929-20:19:49-72,scalar,DectScheduledAccessNetwork.queue,mean_delay_little_ms,,,134.23325908527
Phase4_D10-7-20260929-20:19:49-72,scalar,DectScheduledAccessNetwork.queue,little_vs_direct_relative_error,,,0.0003029503232681
Phase4_D10-8-20260929-20:19:49-72,scalar,DectScheduledAccessNetwork.queue,D,,,10
Phase4_D10-8-20260929-20:19:49-72,scalar,DectScheduledAccessNetwork.queue,r,,,30
Phase4_D10-8-20260929-20:19:49-72,scalar,DectScheduledAccessNetwork.queue,L_effective,,,2
Phase4_D10-8-20260929-20:19:49-72,scalar,DectScheduledAccessNetwork.queue,rho,,,0.101694915254
Phase4_D10-8-20260929-20:19:49-72,scalar,DectScheduledAccessNetwork.queue,lambda_per_ms,,,0.24406779641435
Phase4_D10-8-20260929-20:19:49-72,scalar,DectScheduledAccessNetwork.queue,lambda_sat_per_ms,,,0.20338983049469
Phase4_D10-8-20260929-20:19:49-72,scalar,DectScheduledAccessNetwork.queue,rho_sat,,,0.084745762773916
Phase4_D10-8-20260929-20:19:49-72,scalar,DectScheduledAccessNetwork.queue,blocking_probability,,,0.16743938271502
Phase4_D10-8-20260929-20:19:49-72,scalar,DectScheduledAccessNetwork.queue,mean_type1_number,,,27.214945760657
Phase4_D10-8-20260929-20:19:49-72,scalar,DectScheduledAccessNetwork.queue,mean_delay_direct_ms,,,133.82871058516
Phase4_D10-8-20260929-20:19:49-72,scalar,DectScheduledAccessNetwork.queue,effective_throughput_departures_per_ms,,,0.20330952520697
Phase4_D10-8-20260929-20:19:49-72,scalar,DectScheduledAccessNetwork.queue,mean_delay_little_ms,,,133.85966905855
Phase4_D10-8-20260929-20:19:49-72,scalar,DectScheduledAccessNetwork.queue,little_vs_direct_relative_error,,,0.00023132908669865
Phase4_D13-0-20260929-20:19:49-73,scalar,DectScheduledAccessNetwork.queue,D,,,13
Phase4_D13-0-20260929-20:19:49-73,scalar,DectScheduledAccessNetwork.queue,r,,,30
Phase4_D13-0-20260929-20:19:49-73,scalar,DectScheduledAccessNetwork.queue,L_effective,,,1
Phase4_D13-0-20260929-20:19:49-73,scalar,DectScheduledAccessNetwork.queue,rho,,,0.034551495017
Phase4_D13-0-20260929-20:19:49-73,scalar,DectScheduledAccessNetwork.queue,lambda_per_ms,,,0.082923587974461
Phase4_D13-0-20260929-20:19:49-73,scalar,DectScheduledAccessNetwork.queue,lambda_sat_per_ms,,,0.10365448504377
Phase4_D13-0-20260929-20:19:49-73,scalar,DectScheduledAccessNetwork.queue,rho_sat,,,0.04318936880279
Phase4_D13-0-20260929-20:19:49-73,scalar,DectScheduledAccessNetwork.queue,blocking_probability,,,0
Phase4_D13-0-20260929-20:19:49-73,scalar,DectScheduledAccessNetwork.queue,mean_type1_number,,,2.0260393857727
Phase4_D13-0-20260929-20:19:49-73,scalar,DectScheduledAccessNetwork.queue,mean_delay_direct_ms,,,24.440614314714
Phase4_D13-0-20260929-20:19:49-73,scalar,DectScheduledAccessNetwork.queue,effective_throughput_departures_per_ms,,,0.082896418219447
Phase4_D13-0-20260929-20:19:49-73,scalar,DectScheduledAccessNetwork.queue,mean_delay_little_ms,,,24.440614314713
Phase4_D13-0-20260929-20:19:49-73,scalar,DectScheduledAccessNetwork.queue,little_vs_direct_relative_error,,,5.8397731095283e-14
Phase4_D13-1-20260929-20:19:49-73,scalar,DectScheduledAccessNetwork.queue,D,,,13
Phase4_D13-1-20260929-20:19:49-73,scalar,DectScheduledAccessNetwork.queue,r,,,30
Phase4_D13-1-20260929-20:19:49-73,scalar,DectScheduledAccessNetwork.queue,L_effective,,,1
Phase4_D13-1-20260929-20:19:49-73,scalar,DectScheduledAccessNetwork.queue,rho,,,0.034551495017
Phase4_D13-1-20260929-20:19:49-73,scalar,DectScheduledAccessNetwork.queue,lambda_per_ms,,,0.082923587974461
Phase4_D13-1-20260929-20:19:49-73,scalar,DectScheduledAccessNetwork.queue,lambda_sat_per_ms,,,0.10365448504377
Phase4_D13-1-20260929-20:19:49-73,scalar,DectScheduledAccessNetwork.queue,rho_sat,,,0.04318936880279
Phase4_D13-1-20260929-20:19:49-73,scalar,DectScheduledAccessNetwork.queue,blocking_probability,,,0
Phase4_D13-1-20260929-20:19:49-73,scalar,DectScheduledAccessNetwork.queue,mean_type1_number,,,2.0650117076306
Phase4_D13-1-20260929-20:19:49-73,scalar,DectScheduledAccessNetwork.queue,mean_delay_direct_ms,,,24.847154365536
Phase4_D13-1-20260929-20:19:49-73,scalar,DectScheduledAccessNetwork.queue,effective_throughput_departures_per_ms,,,0.083108260029422
Phase4_D13-1-20260929-20:19:49-73,scalar,DectScheduledAccessNetwork.queue,mean_delay_little_ms,,,24.847249923167
Phase4_D13-1-20260929-20:19:49-73,scalar,DectScheduledAccessNetwork.queue,little_vs_direct_relative_error,,,3.8458178952538e-06
Phase4_D13-2-20260929-20:19:49-73,scalar,DectScheduledAccessNetwork.queue,D,,,13
Phase4_D13-2-20260929-20:19:49-73,scalar,DectScheduledAccessNetwork.queue,r,,,30
Phase4_D13-2-20260929-20:19:49-73,scalar,DectScheduledAccessNetwork.queue,L_effective,,,1
Phase4_D13-2-20260929-20:19:49-73,scalar,DectScheduledAccessNetwork.queue,rho,,,0.034551495017
Phase4_D13-2-20260929-20:19:49-73,scalar,DectScheduledAccessNetwork.queue,lambda_per_ms,,,0.082923587974461
Phase4_D13-2-20260929-20:19:49-73,scalar,DectScheduledAccessNetwork.queue,lambda_sat_per_ms,,,0.10365448504377
Phase4_D13-2-20260929-20:19:49-73,scalar,DectScheduledAccessNetwork.queue,rho_sat,,,0.04318936880279
Phase4_D13-2-20260929-20:19:49-73,scalar,DectScheduledAccessNetwork.queue,blocking_probability,,,0
Phase4_D13-2-20260929-20:19:49-73,scalar,DectScheduledAccessNetwork.queue,mean_type1_number,,,2.0930545171535
Phase4_D13-2-20260929-20:19:49-73,scalar,DectScheduledAccessNetwork.queue,mean_delay_direct_ms,,,25.160829499728
Phase4_D13-2-20260929-20:19:49-73,scalar,DectScheduledAccessNetwork.queue,effective_throughput_departures_per_ms,,,0.083178152873004
Phase4_D13-2-20260929-20:19:49-73,scalar,DectScheduledAccessNetwork.queue,mean_delay_little_ms,,,25.163512831899
Phase4_D13-2-20260929-20:19:49-73,scalar,DectScheduledAccessNetwork.queue,little_vs_direct_relative_error,,,0.00010664720615061
Phase4_D13-3-20260929-20:19:49-73,scalar,DectScheduledAccessNetwork.queue,D,,,13
Phase4_D13-3-20260929-20:19:49-73,scalar,DectScheduledAccessNetwork.queue,r,,,30
Phase4_D13-3-20260929-20:19:49-73,scalar,DectScheduledAccessNetwork.queue,L_effective,,,1
Phase4_D13-3-20260929-20:19:49-73,scalar,DectScheduledAccessNetwork.queue,rho,,,0.043189368771
Phase4_D13-3-20260929-20:19:49-73,scalar,DectScheduledAccessNetwork.queue,lambda_per_ms,,,0.10365448496748
Phase4_D13-3-20260929-20:19:49-73,scalar,DectScheduledAccessNetwork.queue,lambda_sat_per_ms,,,0.10365448504377
Phase4_D13-3-20260929-20:19:49-73,scalar,DectScheduledAccessNetwork.queue,rho_sat,,,0.04318936880279
Phase4_D13-3-20260929-20:19:49-73,scalar,DectScheduledAccessNetwork.queue,blocking_probability,,,0.018683335132324
Phase4_D13-3-20260929-20:19:49-73,scalar,DectScheduledAccessNetwork.queue,mean_type1_number,,,15.206052499001
Phase4_D13-3-20260929-20:19:49-73,scalar,DectScheduledAccessNetwork.queue,mean_delay_direct_ms,,,149.33196570464
Phase4_D13-3-20260929-20:19:49-73,scalar,DectScheduledAccessNetwork.queue,effective_throughput_departures_per_ms,,,0.10181714494603
Phase4_D13-3-20260929-20:19:49-73,scalar,DectScheduledAccessNetwork.queue,mean_delay_little_ms,,,149.34667935405
Phase4_D13-3-20260929-20:19:49-73,scalar,DectScheduledAccessNetwork.queue,little_vs_direct_relative_error,,,9.8529804707592e-05
Phase4_D13-4-20260929-20:19:49-73,scalar,DectScheduledAccessNetwork.queue,D,,,13
Phase4_D13-4-20260929-20:19:49-73,scalar,DectScheduledAccessNetwork.queue,r,,,30
Phase4_D13-4-20260929-20:19:49-73,scalar,DectScheduledAccessNetwork.queue,L_effective,,,1
Phase4_D13-4-20260929-20:19:49-73,scalar,DectScheduledAccessNetwork.queue,rho,,,0.043189368771
Phase4_D13-4-20260929-20:19:49-73,scalar,DectScheduledAccessNetwork.queue,lambda_per_ms,,,0.10365448496748
Phase4_D13-4-20260929-20:19:49-73,scalar,DectScheduledAccessNetwork.queue,lambda_sat_per_ms,,,0.10365448504377
Phase4_D13-4-20260929-20:19:49-73,scalar,DectScheduledAccessNetwork.queue,rho_sat,,,0.04318936880279
Phase4_D13-4-20260929-20:19:49-73,scalar,DectScheduledAccessNetwork.queue,blocking_probability,,,0.014425777208454
Phase4_D13-4-20260929-20:19:49-73,scalar,DectScheduledAccessNetwork.queue,mean_type1_number,,,14.270806060797
Phase4_D13-4-20260929-20:19:49-73,scalar,DectScheduledAccessNetwork.queue,mean_delay_direct_ms,,,139.81943883332
Phase4_D13-4-20260929-20:19:49-73,scalar,DectScheduledAccessNetwork.queue,effective_throughput_departures_per_ms,,,0.10204202150324
Phase4_D13-4-20260929-20:19:49-73,scalar,DectScheduledAccessNetwork.queue,mean_delay_little_ms,,,139.85224763843
Phase4_D13-4-20260929-20:19:49-73,scalar,DectScheduledAccessNetwork.queue,little_vs_direct_relative_error,,,0.00023465124294453
Phase4_D13-5-20260929-20:19:49-73,scalar,DectScheduledAccessNetwork.queue,D,,,13
Phase4_D13-5-20260929-20:19:49-73,scalar,DectScheduledAccessNetwork.queue,r,,,30
Phase4_D13-5-20260929-20:19:49-73,scalar,DectScheduledAccessNetwork.queue,L_effective,,,1
Phase4_D13-5-20260929-20:19:49-73,scalar,DectScheduledAccessNetwork.queue,rho,,,0.043189368771
Phase4_D13-5-20260929-20:19:49-73,scalar,DectScheduledAccessNetwork.queue,lambda_per_ms,,,0.10365448496748
Phase4_D13-5-20260929-20:19:49-73,scalar,DectScheduledAccessNetwork.queue,lambda_sat_per_ms,,,0.10365448504377
Phase4_D13-5-20260929-20:19:49-73,scalar,DectScheduledAccessNetwork.queue,rho_sat,,,0.04318936880279
Phase4_D13-5-20260929-20:19:49-73,scalar,DectScheduledAccessNetwork.queue,blocking_probability,,,0.016741378632378
Phase4_D13-5-20260929-20:19:49-73,scalar,DectScheduledAccessNetwork.queue,mean_type1_number,,,14.615543416229
Phase4_D13-5-20260929-20:19:49-73,scalar,DectScheduledAccessNetwork.queue,mean_delay_direct_ms,,,143.52377053827
Phase4_D13-5-20260929-20:19:49-73,scalar,DectScheduledAccessNetwork.queue,effective_throughput_departures_per_ms,,,0.1017961271455
Phase4_D13-5-20260929-20:19:49-73,scalar,DectScheduledAccessNetwork.queue,mean_delay_little_ms,,,143.576615595
Phase4_D13-5-20260929-20:19:49-73,scalar,DectScheduledAccessNetwork.queue,little_vs_direct_relative_error,,,0.00036819724378057
Phase4_D13-6-20260929-20:19:50-73,scalar,DectScheduledAccessNetwork.queue,D,,,13
Phase4_D13-6-20260929-20:19:50-73,scalar,DectScheduledAccessNetwork.queue,r,,,30
Phase4_D13-6-20260929-20:19:50-73,scalar,DectScheduledAccessNetwork.queue,L_effective,,,1
Phase4_D13-6-20260929-20:19:50-73,scalar,DectScheduledAccessNetwork.queue,rho,,,0.051827242525
Phase4_D13-6-20260929-20:19:50-73,scalar,DectScheduledAccessNetwork.queue,lambda_per_ms,,,0.12438538196049
Phase4_D13-6-20260929-20:19:50-73,scalar,DectScheduledAccessNetwork.queue,lambda_sat_per_ms,,,0.10365448504377
Phase4_D13-6-20260929-20:19:50-73,scalar,DectScheduledAccessNetwork.queue,rho_sat,,,0.04318936880279
Phase4_D13-6-20260929-20:19:50-73,scalar,DectScheduledAccessNetwork.queue,blocking_probability,,,0.1688422836916
Phase4_D13-6-20260929-20:19:50-73,scalar,DectScheduledAccessNetwork.queue,mean_type1_number,,,27.503763329916
Phase4_D13-6-20260929-20:19:50-73,scalar,DectScheduledAccessNetwork.queue,mean_delay_direct_ms,,,265.38773549233
Phase4_D13-6-20260929-20:19:50-73,scalar,DectScheduledAccessNetwork.queue,effective_throughput_departures_per_ms,,,0.10360625371228
Phase4_D13-6-20260929-20:19:50-73,scalar,DectScheduledAccessNetwork.queue,mean_delay_little_ms,,,265.46431652954
Phase4_D13-6-20260929-20:19:50-73,scalar,DectScheduledAccessNetwork.queue,little_vs_direct_relative_error,,,0.00028856283456524
Phase4_D13-7-20260929-20:19:50-73,scalar,DectScheduledAccessNetwork.queue,D,,,13
Phase4_D13-7-20260929-20:19:50-73,scalar,DectScheduledAccessNetwork.queue,r,,,30
Phase4_D13-7-20260929-20:19:50-73,scalar,DectScheduledAccessNetwork.queue,L_effective,,,1
Phase4_D13-7-20260929-20:19:50-73,scalar,DectScheduledAccessNetwork.queue,rho,,,0.051827242525
Phase4_D13-7-20260929-20:19:50-73,scalar,DectScheduledAccessNetwork.queue,lambda_per_ms,,,0.12438538196049
Phase4_D13-7-20260929-20:19:50-73,scalar,DectScheduledAccessNetwork.queue,lambda_sat_per_ms,,,0.10365448504377
Phase4_D13-7-20260929-20:19:50-73,scalar,DectScheduledAccessNetwork.queue,rho_sat,,,0.04318936880279
Phase4_D13-7-20260929-20:19:50-73,scalar,DectScheduledAccessNetwork.queue,blocking_probability,,,0.16663334166458
Phase4_D13-7-20260929-20:19:50-73,scalar,DectScheduledAccessNetwork.queue,mean_type1_number,,,27.391356286581
Phase4_D13-7-20260929-20:19:50-73,scalar,DectScheduledAccessNetwork.queue,mean_delay_direct_ms,,,264.27029318285
Phase4_D13-7-20260929-20:19:50-73,scalar,DectScheduledAccessNetwork.queue,effective_throughput_departures_per_ms,,,0.1036206499896
Phase4_D13-7-20260929-20:19:50-73,scalar,DectScheduledAccessNetwork.queue,mean_delay_little_ms,,,264.34264105976
Phase4_D13-7-20260929-20:19:50-73,scalar,DectScheduledAccessNetwork.queue,little_vs_direct_relative_error,,,0.00027376469763563
Phase4_D13-8-20260929-20:19:50-73,scalar,DectScheduledAccessNetwork.queue,D,,,13
Phase4_D13-8-20260929-20:19:50-73,scalar,DectScheduledAccessNetwork.queue,r,,,30
Phase4_D13-8-20260929-20:19:50-73,scalar,DectScheduledAccessNetwork.queue,L_effective,,,1
Phase4_D13-8-20260929-20:19:50-73,scalar,DectScheduledAccessNetwork.queue,rho,,,0.051827242525
Phase4_D13-8-20260929-20:19:50-73,scalar,DectScheduledAccessNetwork.queue,lambda_per_ms,,,0.12438538196049
Phase4_D13-8-20260929-20:19:50-73,scalar,DectScheduledAccessNetwork.queue,lambda_sat_per_ms,,,0.10365448504377
Phase4_D13-8-20260929-20:19:50-73,scalar,DectScheduledAccessNetwork.queue,rho_sat,,,0.04318936880279
Phase4_D13-8-20260929-20:19:50-73,scalar,DectScheduledAccessNetwork.queue,blocking_probability,,,0.16919026221584
Phase4_D13-8-20260929-20:19:50-73,scalar,DectScheduledAccessNetwork.queue,mean_type1_number,,,27.38626151911
Phase4_D13-8-20260929-20:19:50-73,scalar,DectScheduledAccessNetwork.queue,mean_delay_direct_ms,,,264.24725212923
Phase4_D13-8-20260929-20:19:50-73,scalar,DectScheduledAccessNetwork.queue,effective_throughput_departures_per_ms,,,0.10361601043685
Phase4_D13-8-20260929-20:19:50-73,scalar,DectScheduledAccessNetwork.queue,mean_delay_little_ms,,,264.30530768024
Phase4_D13-8-20260929-20:19:50-73,scalar,DectScheduledAccessNetwork.queue,little_vs_direct_relative_error,,,0.00021970162621932
Phase4_D2-0-20260929-20:19:48-70,scalar,DectScheduledAccessNetwork.queue,D,,,2
Phase4_D2-0-20260929-20:19:48-70,scalar,DectScheduledAccessNetwork.queue,r,,,30
Phase4_D2-0-20260929-20:19:48-70,scalar,DectScheduledAccessNetwork.queue,L_effective,,,12
Phase4_D2-0-20260929-20:19:48-70,scalar,DectScheduledAccessNetwork.queue,rho,,,0.4
Phase4_D2-0-20260929-20:19:48-70,scalar,DectScheduledAccessNetwork.queue,lambda_per_ms,,,0.959999999232
Phase4_D2-0-20260929-20:19:48-70,scalar,DectScheduledAccessNetwork.queue,lambda_sat_per_ms,,,1.19999999952
Phase4_D2-0-20260929-20:19:48-70,scalar,DectScheduledAccessNetwork.queue,rho_sat,,,0.5000000002
Phase4_D2-0-20260929-20:19:48-70,scalar,DectScheduledAccessNetwork.queue,blocking_probability,,,0
Phase4_D2-0-20260929-20:19:48-70,scalar,DectScheduledAccessNetwork.queue,mean_type1_number,,,3.9905853721865
Phase4_D2-0-20260929-20:19:48-70,scalar,DectScheduledAccessNetwork.queue,mean_delay_direct_ms,,,4.1625098017193
Phase4_D2-0-20260929-20:19:48-70,scalar,DectScheduledAccessNetwork.queue,effective_throughput_departures_per_ms,,,0.95860053929131
Phase4_D2-0-20260929-20:19:48-70,scalar,DectScheduledAccessNetwork.queue,mean_delay_little_ms,,,4.1629283613138
Phase4_D2-0-20260929-20:19:48-70,scalar,DectScheduledAccessNetwork.queue,little_vs_direct_relative_error,,,0.00010055462074465
Phase4_D2-1-20260929-20:19:48-70,scalar,DectScheduledAccessNetwork.queue,D,,,2
Phase4_D2-1-20260929-20:19:48-70,scalar,DectScheduledAccessNetwork.queue,r,,,30
Phase4_D2-1-20260929-20:19:48-70,scalar,DectScheduledAccessNetwork.queue,L_effective,,,12
Phase4_D2-1-20260929-20:19:48-70,scalar,DectScheduledAccessNetwork.queue,rho,,,0.4
Phase4_D2-1-20260929-20:19:48-70,scalar,DectScheduledAccessNetwork.queue,lambda_per_ms,,,0.959999999232
Phase4_D2-1-20260929-20:19:48-70,scalar,DectScheduledAccessNetwork.queue,lambda_sat_per_ms,,,1.19999999952
Phase4_D2-1-20260929-20:19:48-70,scalar,DectScheduledAccessNetwork.queue,rho_sat,,,0.5000000002
Phase4_D2-1-20260929-20:19:48-70,scalar,DectScheduledAccessNetwork.queue,blocking_probability,,,0
Phase4_D2-1-20260929-20:19:48-70,scalar,DectScheduledAccessNetwork.queue,mean_type1_number,,,4.0531820355338
Phase4_D2-1-20260929-20:19:48-70,scalar,DectScheduledAccessNetwork.queue,mean_delay_direct_ms,,,4.2124995641798
Phase4_D2-1-20260929-20:19:48-70,scalar,DectScheduledAccessNetwork.queue,effective_throughput_departures_per_ms,,,0.96217906892497
Phase4_D2-1-20260929-20:19:48-70,scalar,DectScheduledAccessNetwork.queue,mean_delay_little_ms,,,4.21250281412
Phase4_D2-1-20260929-20:19:48-70,scalar,DectScheduledAccessNetwork.queue,little_vs_direct_relative_error,,,7.714992404928e-07
Phase4_D2-2-20260929-20:19:48-70,scalar,DectScheduledAccessNetwork.queue,D,,,2
Phase4_D2-2-20260929-20:19:48-70,scalar,DectScheduledAccessNetwork.queue,r,,,30
Phase4_D2-2-20260929-20:19:48-70,scalar,DectScheduledAccessNetwork.queue,L_effective,,,12
Phase4_D2-2-20260929-20:19:48-70,scalar,DectScheduledAccessNetwork.queue,rho,,,0.4
Phase4_D2-2-20260929-20:19:48-70,scalar,DectScheduledAccessNetwork.queue,lambda_per_ms,,,0.959999999232
Phase4_D2-2-20260929-20:19:48-70,scalar,DectScheduledAccessNetwork.queue,lambda_sat_per_ms,,,1.19999999952
Phase4_D2-2-20260929-20:19:48-70,scalar,DectScheduledAccessNetwork.queue,rho_sat,,,0.5000000002
Phase4_D2-2-20260929-20:19:48-70,scalar,DectScheduledAccessNetwork.queue,blocking_probability,,,0
Phase4_D2-2-20260929-20:19:48-70,scalar,DectScheduledAccessNetwork.queue,mean_type1_number,,,4.0795446156675
Phase4_D2-2-20260929-20:19:48-70,scalar,DectScheduledAccessNetwork.queue,mean_delay_direct_ms,,,4.2496821155526
Phase4_D2-2-20260929-20:19:48-70,scalar,DectScheduledAccessNetwork.queue,effective_throughput_departures_per_ms,,,0.95994261222562
Phase4_D2-2-20260929-20:19:48-70,scalar,DectScheduledAccessNetwork.queue,mean_delay_little_ms,,,4.2497796886098
Phase4_D2-2-20260929-20:19:48-70,scalar,DectScheduledAccessNetwork.queue,little_vs_direct_relative_error,,,2.2960083732704e-05
Phase4_D2-3-20260929-20:19:49-70,scalar,DectScheduledAccessNetwork.queue,D,,,2
Phase4_D2-3-20260929-20:19:49-70,scalar,DectScheduledAccessNetwork.queue,r,,,30
Phase4_D2-3-20260929-20:19:49-70,scalar,DectScheduledAccessNetwork.queue,L_effective,,,12
Phase4_D2-3-20260929-20:19:49-70,scalar,DectScheduledAccessNetwork.queue,rho,,,0.5
Phase4_D2-3-20260929-20:19:49-70,scalar,DectScheduledAccessNetwork.queue,lambda_per_ms,,,1.19999999904
Phase4_D2-3-20260929-20:19:49-70,scalar,DectScheduledAccessNetwork.queue,lambda_sat_per_ms,,,1.19999999952
Phase4_D2-3-20260929-20:19:49-70,scalar,DectScheduledAccessNetwork.queue,rho_sat,,,0.5000000002
Phase4_D2-3-20260929-20:19:49-70,scalar,DectScheduledAccessNetwork.queue,blocking_probability,,,0.025346430450798
Phase4_D2-3-20260929-20:19:49-70,scalar,DectScheduledAccessNetwork.queue,mean_type1_number,,,15.716802920992
Phase4_D2-3-20260929-20:19:49-70,scalar,DectScheduledAccessNetwork.queue,mean_delay_direct_ms,,,13.393868084586
Phase4_D2-3-20260929-20:19:49-70,scalar,DectScheduledAccessNetwork.queue,effective_throughput_departures_per_ms,,,1.1732059100786
Phase4_D2-3-20260929-20:19:49-70,scalar,DectScheduledAccessNetwork.queue,mean_delay_little_ms,,,13.39645733624
Phase4_D2-3-20260929-20:19:49-70,scalar,DectScheduledAccessNetwork.queue,little_vs_direct_relative_error,,,0.00019331619793084
Phase4_D2-4-20260929-20:19:49-70,scalar,DectScheduledAccessNetwork.queue,D,,,2
Phase4_D2-4-20260929-20:19:49-70,scalar,DectScheduledAccessNetwork.queue,r,,,30
Phase4_D2-4-20260929-20:19:49-70,scalar,DectScheduledAccessNetwork.queue,L_effective,,,12
Phase4_D2-4-20260929-20:19:49-70,scalar,DectScheduledAccessNetwork.queue,rho,,,0.5
Phase4_D2-4-20260929-20:19:49-70,scalar,DectScheduledAccessNetwork.queue,lambda_per_ms,,,1.19999999904
Phase4_D2-4-20260929-20:19:49-70,scalar,DectScheduledAccessNetwork.queue,lambda_sat_per_ms,,,1.19999999952
Phase4_D2-4-20260929-20:19:49-70,scalar,DectScheduledAccessNetwork.queue,rho_sat,,,0.5000000002
Phase4_D2-4-20260929-20:19:49-70,scalar,DectScheduledAccessNetwork.queue,blocking_probability,,,0.020854751064767
Phase4_D2-4-20260929-20:19:49-70,scalar,DectScheduledAccessNetwork.queue,mean_type1_number,,,14.950539936182
Phase4_D2-4-20260929-20:19:49-70,scalar,DectScheduledAccessNetwork.queue,mean_delay_direct_ms,,,12.733938933392
Phase4_D2-4-20260929-20:19:49-70,scalar,DectScheduledAccessNetwork.queue,effective_throughput_departures_per_ms,,,1.1739836879182
Phase4_D2-4-20260929-20:19:49-70,scalar,DectScheduledAccessNetwork.queue,mean_delay_little_ms,,,12.734878763685
Phase4_D2-4-20260929-20:19:49-70,scalar,DectScheduledAccessNetwork.queue,little_vs_direct_relative_error,,,7.380515155786e-05
Phase4_D2-5-20260929-20:19:49-70,scalar,DectScheduledAccessNetwork.queue,D,,,2
Phase4_D2-5-20260929-20:19:49-70,scalar,DectScheduledAccessNetwork.queue,r,,,30
Phase4_D2-5-20260929-20:19:49-70,scalar,DectScheduledAccessNetwork.queue,L_effective,,,12
Phase4_D2-5-20260929-20:19:49-70,scalar,DectScheduledAccessNetwork.queue,rho,,,0.5
Phase4_D2-5-20260929-20:19:49-70,scalar,DectScheduledAccessNetwork.queue,lambda_per_ms,,,1.19999999904
Phase4_D2-5-20260929-20:19:49-70,scalar,DectScheduledAccessNetwork.queue,lambda_sat_per_ms,,,1.19999999952
Phase4_D2-5-20260929-20:19:49-70,scalar,DectScheduledAccessNetwork.queue,rho_sat,,,0.5000000002
Phase4_D2-5-20260929-20:19:49-70,scalar,DectScheduledAccessNetwork.queue,blocking_probability,,,0.021683636043543
Phase4_D2-5-20260929-20:19:49-70,scalar,DectScheduledAccessNetwork.queue,mean_type1_number,,,15.428027162068
Phase4_D2-5-20260929-20:19:49-70,scalar,DectScheduledAccessNetwork.queue,mean_delay_direct_ms,,,13.143433013982
Phase4_D2-5-20260929-20:19:49-70,scalar,DectScheduledAccessNetwork.queue,effective_throughput_departures_per_ms,,,1.173524113799
Phase4_D2-5-20260929-20:19:49-70,scalar,DectScheduledAccessNetwork.queue,mean_delay_little_ms,,,13.14674916404
Phase4_D2-5-20260929-20:19:49-70,scalar,DectScheduledAccessNetwork.queue,little_vs_direct_relative_error,,,0.0002523047102001
Phase4_D2-6-20260929-20:19:49-70,scalar,DectScheduledAccessNetwork.queue,D,,,2
Phase4_D2-6-20260929-20:19:49-70,scalar,DectScheduledAccessNetwork.queue,r,,,30
Phase4_D2-6-20260929-20:19:49-70,scalar,DectScheduledAccessNetwork.queue,L_effective,,,12
Phase4_D2-6-20260929-20:19:49-70,scalar,DectScheduledAccessNetwork.queue,rho,,,0.6
Phase4_D2-6-20260929-20:19:49-70,scalar,DectScheduledAccessNetwork.queue,lambda_per_ms,,,1.439999998848
Phase4_D2-6-20260929-20:19:49-70,scalar,DectScheduledAccessNetwork.queue,lambda_sat_per_ms,,,1.19999999952
Phase4_D2-6-20260929-20:19:49-70,scalar,DectScheduledAccessNetwork.queue,rho_sat,,,0.5000000002
Phase4_D2-6-20260929-20:19:49-70,scalar,DectScheduledAccessNetwork.queue,blocking_probability,,,0.16563506231335
Phase4_D2-6-20260929-20:19:49-70,scalar,DectScheduledAccessNetwork.queue,mean_type1_number,,,26.04830554998
Phase4_D2-6-20260929-20:19:49-70,scalar,DectScheduledAccessNetwork.queue,mean_delay_direct_ms,,,21.708652374018
Phase4_D2-6-20260929-20:19:49-70,scalar,DectScheduledAccessNetwork.queue,effective_throughput_departures_per_ms,,,1.1996710969112
Phase4_D2-6-20260929-20:19:49-70,scalar,DectScheduledAccessNetwork.queue,mean_delay_little_ms,,,21.712872484005
Phase4_D2-6-20260929-20:19:49-70,scalar,DectScheduledAccessNetwork.queue,little_vs_direct_relative_error,,,0.00019439760307161
Phase4_D2-7-20260929-20:19:49-70,scalar,DectScheduledAccessNetwork.queue,D,,,2
Phase4_D2-7-20260929-20:19:49-70,scalar,DectScheduledAccessNetwork.queue,r,,,30
Phase4_D2-7-20260929-20:19:49-70,scalar,DectScheduledAccessNetwork.queue,L_effective,,,12
Phase4_D2-7-20260929-20:19:49-70,scalar,DectScheduledAccessNetwork.queue,rho,,,0.6
Phase4_D2-7-20260929-20:19:49-70,scalar,DectScheduledAccessNetwork.queue,lambda_per_ms,,,1.439999998848
Phase4_D2-7-20260929-20:19:49-70,scalar,DectScheduledAccessNetwork.queue,lambda_sat_per_ms,,,1.19999999952
Phase4_D2-7-20260929-20:19:49-70,scalar,DectScheduledAccessNetwork.queue,rho_sat,,,0.5000000002
Phase4_D2-7-20260929-20:19:49-70,scalar,DectScheduledAccessNetwork.queue,blocking_probability,,,0.16265110672069
Phase4_D2-7-20260929-20:19:49-70,scalar,DectScheduledAccessNetwork.queue,mean_type1_number,,,25.909707689025
Phase4_D2-7-20260929-20:19:49-70,scalar,DectScheduledAccessNetwork.queue,mean_delay_direct_ms,,,21.563221289745
Phase4_D2-7-20260929-20:19:49-70,scalar,DectScheduledAccessNetwork.queue,effective_throughput_departures_per_ms,,,1.2013130463259
Phase4_D2-7-20260929-20:19:49-70,scalar,DectScheduledAccessNetwork.queue,mean_delay_little_ms,,,21.567823448074
Phase4_D2-7-20260929-20:19:49-70,scalar,DectScheduledAccessNetwork.queue,little_vs_direct_relative_error,,,0.00021342629036969
Phase4_D2-8-20260929-20:19:49-70,scalar,DectScheduledAccessNetwork.queue,D,,,2
Phase4_D2-8-20260929-20:19:49-70,scalar,DectScheduledAccessNetwork.queue,r,,,30
Phase4_D2-8-20260929-20:19:49-70,scalar,DectScheduledAccessNetwork.queue,L_effective,,,12
Phase4_D2-8-20260929-20:19:49-70,scalar,DectScheduledAccessNetwork.queue,rho,,,0.6
Phase4_D2-8-20260929-20:19:49-70,scalar,DectScheduledAccessNetwork.queue,lambda_per_ms,,,1.439999998848
Phase4_D2-8-20260929-20:19:49-70,scalar,DectScheduledAccessNetwork.queue,lambda_sat_per_ms,,,1.19999999952
Phase4_D2-8-20260929-20:19:49-70,scalar,DectScheduledAccessNetwork.queue,rho_sat,,,0.5000000002
Phase4_D2-8-20260929-20:19:49-70,scalar,DectScheduledAccessNetwork.queue,blocking_probability,,,0.16682076013893
Phase4_D2-8-20260929-20:19:49-70,scalar,DectScheduledAccessNetwork.queue,mean_type1_number,,,26.01089380911
Phase4_D2-8-20260929-20:19:49-70,scalar,DectScheduledAccessNetwork.queue,mean_delay_direct_ms,,,21.681389700862
Phase4_D2-8-20260929-20:19:49-70,scalar,DectScheduledAccessNetwork.queue,effective_throughput_departures_per_ms,,,1.1993775565854
Phase4_D2-8-20260929-20:19:49-70,scalar,DectScheduledAccessNetwork.queue,mean_delay_little_ms,,,21.686993946396
Phase4_D2-8-20260929-20:19:49-70,scalar,DectScheduledAccessNetwork.queue,little_vs_direct_relative_error,,,0.00025848184142219
Phase4_D20-0-20260929-20:19:50-74,scalar,DectScheduledAccessNetwork.queue,D,,,20
Phase4_D20-0-20260929-20:19:50-74,scalar,DectScheduledAccessNetwork.queue,r,,,30
Phase4_D20-0-20260929-20:19:50-74,scalar,DectScheduledAccessNetwork.queue,L_effective,,,1
Phase4_D20-0-20260929-20:19:50-74,scalar,DectScheduledAccessNetwork.queue,rho,,,0.033613445378
Phase4_D20-0-20260929-20:19:50-74,scalar,DectScheduledAccessNetwork.queue,lambda_per_ms,,,0.080672268842662
Phase4_D20-0-20260929-20:19:50-74,scalar,DectScheduledAccessNetwork.queue,lambda_sat_per_ms,,,0.10084033613106
Phase4_D20-0-20260929-20:19:50-74,scalar,DectScheduledAccessNetwork.queue,rho_sat,,,0.04201680675489
Phase4_D20-0-20260929-20:19:50-74,scalar,DectScheduledAccessNetwork.queue,blocking_probability,,,0
Phase4_D20-0-20260929-20:19:50-74,scalar,DectScheduledAccessNetwork.queue,mean_type1_number,,,2.0623036031148
Phase4_D20-0-20260929-20:19:50-74,scalar,DectScheduledAccessNetwork.queue,mean_delay_direct_ms,,,25.467333979148
Phase4_D20-0-20260929-20:19:50-74,scalar,DectScheduledAccessNetwork.queue,effective_throughput_departures_per_ms,,,0.080978386069153
Phase4_D20-0-20260929-20:19:50-74,scalar,DectScheduledAccessNetwork.queue,mean_delay_little_ms,,,25.467333979139
Phase4_D20-0-20260929-20:19:50-74,scalar,DectScheduledAccessNetwork.queue,little_vs_direct_relative_error,,,3.5793590313915e-13
Phase4_D20-1-20260929-20:19:50-74,scalar,DectScheduledAccessNetwork.queue,D,,,20
Phase4_D20-1-20260929-20:19:50-74,scalar,DectScheduledAccessNetwork.queue,r,,,30
Phase4_D20-1-20260929-20:19:50-74,scalar,DectScheduledAccessNetwork.queue,L_effective,,,1
Phase4_D20-1-20260929-20:19:50-74,scalar,DectScheduledAccessNetwork.queue,rho,,,0.033613445378
Phase4_D20-1-20260929-20:19:50-74,scalar,DectScheduledAccessNetwork.queue,lambda_per_ms,,,0.080672268842662
Phase4_D20-1-20260929-20:19:50-74,scalar,DectScheduledAccessNetwork.queue,lambda_sat_per_ms,,,0.10084033613106
Phase4_D20-1-20260929-20:19:50-74,scalar,DectScheduledAccessNetwork.queue,rho_sat,,,0.04201680675489
Phase4_D20-1-20260929-20:19:50-74,scalar,DectScheduledAccessNetwork.queue,blocking_probability,,,0
Phase4_D20-1-20260929-20:19:50-74,scalar,DectScheduledAccessNetwork.queue,mean_type1_number,,,2.0523521146074
Phase4_D20-1-20260929-20:19:50-74,scalar,DectScheduledAccessNetwork.queue,mean_delay_direct_ms,,,25.378224497006
Phase4_D20-1-20260929-20:19:50-74,scalar,DectScheduledAccessNetwork.queue,effective_throughput_departures_per_ms,,,0.080870281896591
Phase4_D20-1-20260929-20:19:50-74,scalar,DectScheduledAccessNetwork.queue,mean_delay_little_ms,,,25.378322746937
Phase4_D20-1-20260929-20:19:50-74,scalar,DectScheduledAccessNetwork.queue,little_vs_direct_relative_error,,,3.8714265047091e-06
Phase4_D20-2-20260929-20:19:50-74,scalar,DectScheduledAccessNetwork.queue,D,,,20
Phase4_D20-2-20260929-20:19:50-74,scalar,DectScheduledAccessNetwork.queue,r,,,30
Phase4_D20-2-20260929-20:19:50-74,scalar,DectScheduledAccessNetwork.queue,L_effective,,,1
Phase4_D20-2-20260929-20:19:50-74,scalar,DectScheduledAccessNetwork.queue,rho,,,0.033613445378
Phase4_D20-2-20260929-20:19:50-74,scalar,DectScheduledAccessNetwork.queue,lambda_per_ms,,,0.080672268842662
Phase4_D20-2-20260929-20:19:50-74,scalar,DectScheduledAccessNetwork.queue,lambda_sat_per_ms,,,0.10084033613106
Phase4_D20-2-20260929-20:19:50-74,scalar,DectScheduledAccessNetwork.queue,rho_sat,,,0.04201680675489
Phase4_D20-2-20260929-20:19:50-74,scalar,DectScheduledAccessNetwork.queue,blocking_probability,,,0
Phase4_D20-2-20260929-20:19:50-74,scalar,DectScheduledAccessNetwork.queue,mean_type1_number,,,2.0504882445462
Phase4_D20-2-20260929-20:19:50-74,scalar,DectScheduledAccessNetwork.queue,mean_delay_direct_ms,,,25.472953563968
Phase4_D20-2-20260929-20:19:50-74,scalar,DectScheduledAccessNetwork.queue,effective_throughput_departures_per_ms,,,0.080492075428128
Phase4_D20-2-20260929-20:19:50-74,scalar,DectScheduledAccessNetwork.queue,mean_delay_little_ms,,,25.474411408078
Phase4_D20-2-20260929-20:19:50-74,scalar,DectScheduledAccessNetwork.queue,little_vs_direct_relative_error,,,5.7231059074514e-05
Phase4_D20-3-20260929-20:19:50-74,scalar,DectScheduledAccessNetwork.queue,D,,,20
Phase4_D20-3-20260929-20:19:50-74,scalar,DectScheduledAccessNetwork.queue,r,,,30
Phase4_D20-3-20260929-20:19:50-74,scalar,DectScheduledAccessNetwork.queue,L_effective,,,1
Phase4_D20-3-20260929-20:19:50-74,scalar,DectScheduledAccessNetwork.queue,rho,,,0.042016806723
Phase4_D20-3-20260929-20:19:50-74,scalar,DectScheduledAccessNetwork.queue,lambda_per_ms,,,0.10084033605453
Phase4_D20-3-20260929-20:19:50-74,scalar,DectScheduledAccessNetwork.queue,lambda_sat_per_ms,,,0.10084033613106
Phase4_D20-3-20260929-20:19:50-74,scalar,DectScheduledAccessNetwork.queue,rho_sat,,,0.04201680675489
Phase4_D20-3-20260929-20:19:50-74,scalar,DectScheduledAccessNetwork.queue,blocking_probability,,,0.017488529293287
Phase4_D20-3-20260929-20:19:50-74,scalar,DectScheduledAccessNetwork.queue,mean_type1_number,,,14.759508614863
Phase4_D20-3-20260929-20:19:50-74,scalar,DectScheduledAccessNetwork.queue,mean_delay_direct_ms,,,148.94853783752
Phase4_D20-3-20260929-20:19:50-74,scalar,DectScheduledAccessNetwork.queue,effective_throughput_departures_per_ms,,,0.099074749515254
Phase4_D20-3-20260929-20:19:50-74,scalar,DectScheduledAccessNetwork.queue,mean_delay_little_ms,,,148.97346384499
Phase4_D20-3-20260929-20:19:50-74,scalar,DectScheduledAccessNetwork.queue,little_vs_direct_relative_error,,,0.00016734643946004
Phase4_D20-4-20260929-20:19:50-74,scalar,DectScheduledAccessNetwork.queue,D,,,20
Phase4_D20-4-20260929-20:19:50-74,scalar,DectScheduledAccessNetwork.queue,r,,,30
Phase4_D20-4-20260929-20:19:50-74,scalar,DectScheduledAccessNetwork.queue,L_effective,,,1
Phase4_D20-4-20260929-20:19:50-74,scalar,DectScheduledAccessNetwork.queue,rho,,,0.042016806723
Phase4_D20-4-20260929-20:19:50-74,scalar,DectScheduledAccessNetwork.queue,lambda_per_ms,,,0.10084033605453
Phase4_D20-4-20260929-20:19:50-74,scalar,DectScheduledAccessNetwork.queue,lambda_sat_per_ms,,,0.10084033613106
Phase4_D20-4-20260929-20:19:50-74,scalar,DectScheduledAccessNetwork.queue,rho_sat,,,0.04201680675489
Phase4_D20-4-20260929-20:19:50-74,scalar,DectScheduledAccessNetwork.queue,blocking_probability,,,0.015996537035033
Phase4_D20-4-20260929-20:19:50-74,scalar,DectScheduledAccessNetwork.queue,mean_type1_number,,,14.794442948236
Phase4_D20-4-20260929-20:19:50-74,scalar,DectScheduledAccessNetwork.queue,mean_delay_direct_ms,,,149.12738531415
Phase4_D20-4-20260929-20:19:50-74,scalar,DectScheduledAccessNetwork.queue,effective_throughput_departures_per_ms,,,0.099180950384068
Phase4_D20-4-20260929-20:19:50-74,scalar,DectScheduledAccessNetwork.queue,mean_delay_little_ms,,,149.16617446138
Phase4_D20-4-20260929-20:19:50-74,scalar,DectScheduledAccessNetwork.queue,little_vs_direct_relative_error,,,0.00026010747221017
Phase4_D20-5-20260929-20:19:50-74,scalar,DectScheduledAccessNetwork.queue,D,,,20
Phase4_D20-5-20260929-20:19:50-74,scalar,DectScheduledAccessNetwork.queue,r,,,30
Phase4_D20-5-20260929-20:19:50-74,scalar,DectScheduledAccessNetwork.queue,L_effective,,,1
Phase4_D20-5-20260929-20:19:50-74,scalar,DectScheduledAccessNetwork.queue,rho,,,0.042016806723
Phase4_D20-5-20260929-20:19:50-74,scalar,DectScheduledAccessNetwork.queue,lambda_per_ms,,,0.10084033605453
Phase4_D20-5-20260929-20:19:50-74,scalar,DectScheduledAccessNetwork.queue,lambda_sat_per_ms,,,0.10084033613106
Phase4_D20-5-20260929-20:19:50-74,scalar,DectScheduledAccessNetwork.queue,rho_sat,,,0.04201680675489
Phase4_D20-5-20260929-20:19:50-74,scalar,DectScheduledAccessNetwork.queue,blocking_probability,,,0.016898002516515
Phase4_D20-5-20260929-20:19:50-74,scalar,DectScheduledAccessNetwork.queue,mean_type1_number,,,14.625568116877
Phase4_D20-5-20260929-20:19:50-74,scalar,DectScheduledAccessNetwork.queue,mean_delay_direct_ms,,,147.89268769705
Phase4_D20-5-20260929-20:19:50-74,scalar,DectScheduledAccessNetwork.queue,effective_throughput_departures_per_ms,,,0.098876881662159
Phase4_D20-5-20260929-20:19:50-74,scalar,DectScheduledAccessNetwork.queue,mean_delay_little_ms,,,147.91696371301
Phase4_D20-5-20260929-20:19:50-74,scalar,DectScheduledAccessNetwork.queue,little_vs_direct_relative_error,,,0.00016414615443328
Phase4_D20-6-20260929-20:19:50-74,scalar,DectScheduledAccessNetwork.queue,D,,,20
Phase4_D20-6-20260929-20:19:50-74,scalar,DectScheduledAccessNetwork.queue,r,,,30
Phase4_D20-6-20260929-20:19:50-74,scalar,DectScheduledAccessNetwork.queue,L_effective,,,1
Phase4_D20-6-20260929-20:19:50-74,scalar,DectScheduledAccessNetwork.queue,rho,,,0.050420168067
Phase4_D20-6-20260929-20:19:50-74,scalar,DectScheduledAccessNetwork.queue,lambda_per_ms,,,0.12100840326399
Phase4_D20-6-20260929-20:19:50-74,scalar,DectScheduledAccessNetwork.queue,lambda_sat_per_ms,,,0.10084033613106
Phase4_D20-6-20260929-20:19:50-74,scalar,DectScheduledAccessNetwork.queue,rho_sat,,,0.04201680675489
Phase4_D20-6-20260929-20:19:50-74,scalar,DectScheduledAccessNetwork.queue,blocking_probability,,,0.16889202775124
Phase4_D20-6-20260929-20:19:50-74,scalar,DectScheduledAccessNetwork.queue,mean_type1_number,,,27.478415461792
Phase4_D20-6-20260929-20:19:50-74,scalar,DectScheduledAccessNetwork.queue,mean_delay_direct_ms,,,272.53983080978
Phase4_D20-6-20260929-20:19:50-74,scalar,DectScheduledAccessNetwork.queue,effective_throughput_departures_per_ms,,,0.10079396569024
Phase4_D20-6-20260929-20:19:50-74,scalar,DectScheduledAccessNetwork.queue,mean_delay_little_ms,,,272.61964814678
Phase4_D20-6-20260929-20:19:50-74,scalar,DectScheduledAccessNetwork.queue,little_vs_direct_relative_error,,,0.00029286485122326
Phase4_D20-7-20260929-20:19:50-74,scalar,DectScheduledAccessNetwork.queue,D,,,20
Phase4_D20-7-20260929-20:19:50-74,scalar,DectScheduledAccessNetwork.queue,r,,,30
Phase4_D20-7-20260929-20:19:50-74,scalar,DectScheduledAccessNetwork.queue,L_effective,,,1
Phase4_D20-7-20260929-20:19:50-74,scalar,DectScheduledAccessNetwork.queue,rho,,,0.050420168067
Phase4_D20-7-20260929-20:19:50-74,scalar,DectScheduledAccessNetwork.queue,lambda_per_ms,,,0.12100840326399
Phase4_D20-7-20260929-20:19:50-74,scalar,DectScheduledAccessNetwork.queue,lambda_sat_per_ms,,,0.10084033613106
Phase4_D20-7-20260929-20:19:50-74,scalar,DectScheduledAccessNetwork.queue,rho_sat,,,0.04201680675489
Phase4_D20-7-20260929-20:19:50-74,scalar,DectScheduledAccessNetwork.queue,blocking_probability,,,0.16673192106162
Phase4_D20-7-20260929-20:19:50-74,scalar,DectScheduledAccessNetwork.queue,mean_type1_number,,,27.406495760646
Phase4_D20-7-20260929-20:19:50-74,scalar,DectScheduledAccessNetwork.queue,mean_delay_direct_ms,,,271.79773689246
Phase4_D20-7-20260929-20:19:50-74,scalar,DectScheduledAccessNetwork.queue,effective_throughput_departures_per_ms,,,0.10080794182503
Phase4_D20-7-20260929-20:19:50-74,scalar,DectScheduledAccessNetwork.queue,mean_delay_little_ms,,,271.8684189408
Phase4_D20-7-20260929-20:19:50-74,scalar,DectScheduledAccessNetwork.queue,little_vs_direct_relative_error,,,0.00026005385160288
Phase4_D20-8-20260929-20:19:50-74,scalar,DectScheduledAccessNetwork.queue,D,,,20
Phase4_D20-8-20260929-20:19:50-74,scalar,DectScheduledAccessNetwork.queue,r,,,30
Phase4_D20-8-20260929-20:19:50-74,scalar,DectScheduledAccessNetwork.queue,L_effective,,,1
Phase4_D20-8-20260929-20:19:50-74,scalar,DectScheduledAccessNetwork.queue,rho,,,0.050420168067
Phase4_D20-8-20260929-20:19:50-74,scalar,DectScheduledAccessNetwork.queue,lambda_per_ms,,,0.12100840326399
Phase4_D20-8-20260929-20:19:50-74,scalar,DectScheduledAccessNetwork.queue,lambda_sat_per_ms,,,0.10084033613106
Phase4_D20-8-20260929-20:19:50-74,scalar,DectScheduledAccessNetwork.queue,rho_sat,,,0.04201680675489
Phase4_D20-8-20260929-20:19:50-74,scalar,DectScheduledAccessNetwork.queue,blocking_probability,,,0.16882156448906
Phase4_D20-8-20260929-20:19:50-74,scalar,DectScheduledAccessNetwork.queue,mean_type1_number,,,27.377000311633
Phase4_D20-8-20260929-20:19:50-74,scalar,DectScheduledAccessNetwork.queue,mean_delay_direct_ms,,,271.5251983539
Phase4_D20-8-20260929-20:19:50-74,scalar,DectScheduledAccessNetwork.queue,effective_throughput_departures_per_ms,,,0.10080415632799
Phase4_D20-8-20260929-20:19:50-74,scalar,DectScheduledAccessNetwork.queue,mean_delay_little_ms,,,271.58602689512
Phase4_D20-8-20260929-20:19:50-74,scalar,DectScheduledAccessNetwork.queue,little_vs_direct_relative_error,,,0.00022402540017552
Phase4_D24-0-20260929-20:19:50-75,scalar,DectScheduledAccessNetwork.queue,D,,,24
Phase4_D24-0-20260929-20:19:50-75,scalar,DectScheduledAccessNetwork.queue,r,,,30
Phase4_D24-0-20260929-20:19:50-75,scalar,DectScheduledAccessNetwork.queue,L_effective,,,1
Phase4_D24-0-20260929-20:19:50-75,scalar,DectScheduledAccessNetwork.queue,rho,,,0.033333333333
Phase4_D24-0-20260929-20:19:50-75,scalar,DectScheduledAccessNetwork.queue,lambda_per_ms,,,0.0799999999352
Phase4_D24-0-20260929-20:19:50-75,scalar,DectScheduledAccessNetwork.queue,lambda_sat_per_ms,,,0.1
Phase4_D24-0-20260929-20:19:50-75,scalar,DectScheduledAccessNetwork.queue,rho_sat,,,0.0416666667
Phase4_D24-0-20260929-20:19:50-75,scalar,DectScheduledAccessNetwork.queue,blocking_probability,,,0
Phase4_D24-0-20260929-20:19:50-75,scalar,DectScheduledAccessNetwork.queue,mean_type1_number,,,2.0749718806931
Phase4_D24-0-20260929-20:19:50-75,scalar,DectScheduledAccessNetwork.queue,mean_delay_direct_ms,,,25.882923364564
Phase4_D24-0-20260929-20:19:50-75,scalar,DectScheduledAccessNetwork.queue,effective_throughput_departures_per_ms,,,0.080167316266741
Phase4_D24-0-20260929-20:19:50-75,scalar,DectScheduledAccessNetwork.queue,mean_delay_little_ms,,,25.883015389826
Phase4_D24-0-20260929-20:19:50-75,scalar,DectScheduledAccessNetwork.queue,little_vs_direct_relative_error,,,3.555443124803e-06
Phase4_D24-1-20260929-20:19:50-75,scalar,DectScheduledAccessNetwork.queue,D,,,24
Phase4_D24-1-20260929-20:19:50-75,scalar,DectScheduledAccessNetwork.queue,r,,,30
Phase4_D24-1-20260929-20:19:50-75,scalar,DectScheduledAccessNetwork.queue,L_effective,,,1
Phase4_D24-1-20260929-20:19:50-75,scalar,DectScheduledAccessNetwork.queue,rho,,,0.033333333333
Phase4_D24-1-20260929-20:19:50-75,scalar,DectScheduledAccessNetwork.queue,lambda_per_ms,,,0.0799999999352
Phase4_D24-1-20260929-20:19:50-75,scalar,DectScheduledAccessNetwork.queue,lambda_sat_per_ms,,,0.1
Phase4_D24-1-20260929-20:19:50-75,scalar,DectScheduledAccessNetwork.queue,rho_sat,,,0.0416666667
Phase4_D24-1-20260929-20:19:50-75,scalar,DectScheduledAccessNetwork.queue,blocking_probability,,,0
Phase4_D24-1-20260929-20:19:50-75,scalar,DectScheduledAccessNetwork.queue,mean_type1_number,,,2.0463628245604
Phase4_D24-1-20260929-20:19:50-75,scalar,DectScheduledAccessNetwork.queue,mean_delay_direct_ms,,,25.506989394575
Phase4_D24-1-20260929-20:19:50-75,scalar,DectScheduledAccessNetwork.queue,effective_throughput_departures_per_ms,,,0.080225941971943
Phase4_D24-1-20260929-20:19:50-75,scalar,DectScheduledAccessNetwork.queue,mean_delay_little_ms,,,25.507495135128
Phase4_D24-1-20260929-20:19:50-75,scalar,DectScheduledAccessNetwork.queue,little_vs_direct_relative_error,,,1.9827528243477e-05
Phase4_D24-2-20260929-20:19:50-75,scalar,DectScheduledAccessNetwork.queue,D,,,24
Phase4_D24-2-20260929-20:19:50-75,scalar,DectScheduledAccessNetwork.queue,r,,,30
Phase4_D24-2-20260929-20:19:50-75,scalar,DectScheduledAccessNetwork.queue,L_effective,,,1
Phase4_D24-2-20260929-20:19:50-75,scalar,DectScheduledAccessNetwork.queue,rho,,,0.033333333333
Phase4_D24-2-20260929-20:19:50-75,scalar,DectScheduledAccessNetwork.queue,lambda_per_ms,,,0.0799999999352
Phase4_D24-2-20260929-20:19:50-75,scalar,DectScheduledAccessNetwork.queue,lambda_sat_per_ms,,,0.1
Phase4_D24-2-20260929-20:19:50-75,scalar,DectScheduledAccessNetwork.queue,rho_sat,,,0.0416666667
Phase4_D24-2-20260929-20:19:50-75,scalar,DectScheduledAccessNetwork.queue,blocking_probability,,,0
Phase4_D24-2-20260929-20:19:50-75,scalar,DectScheduledAccessNetwork.queue,mean_type1_number,,,2.0744998613785
Phase4_D24-2-20260929-20:19:50-75,scalar,DectScheduledAccessNetwork.queue,mean_delay_direct_ms,,,25.924625470144
Phase4_D24-2-20260929-20:19:50-75,scalar,DectScheduledAccessNetwork.queue,effective_throughput_departures_per_ms,,,0.08002007629741
Phase4_D24-2-20260929-20:19:50-75,scalar,DectScheduledAccessNetwork.queue,mean_delay_little_ms,,,25.924742356759
Phase4_D24-2-20260929-20:19:50-75,scalar,DectScheduledAccessNetwork.queue,little_vs_direct_relative_error,,,4.508709888329e-06
Phase4_D24-3-20260929-20:19:50-75,scalar,DectScheduledAccessNetwork.queue,D,,,24
Phase4_D24-3-20260929-20:19:50-75,scalar,DectScheduledAccessNetwork.queue,r,,,30
Phase4_D24-3-20260929-20:19:50-75,scalar,DectScheduledAccessNetwork.queue,L_effective,,,1
Phase4_D24-3-20260929-20:19:50-75,scalar,DectScheduledAccessNetwork.queue,rho,,,0.041666666667
Phase4_D24-3-20260929-20:19:50-75,scalar,DectScheduledAccessNetwork.queue,lambda_per_ms,,,0.0999999999208
Phase4_D24-3-20260929-20:19:50-75,scalar,DectScheduledAccessNetwork.queue,lambda_sat_per_ms,,,0.1
Phase4_D24-3-20260929-20:19:50-75,scalar,DectScheduledAccessNetwork.queue,rho_sat,,,0.0416666667
Phase4_D24-3-20260929-20:19:50-75,scalar,DectScheduledAccessNetwork.queue,blocking_probability,,,0.018491436423419
Phase4_D24-3-20260929-20:19:50-75,scalar,DectScheduledAccessNetwork.queue,mean_type1_number,,,15.370054295886
Phase4_D24-3-20260929-20:19:50-75,scalar,DectScheduledAccessNetwork.queue,mean_delay_direct_ms,,,156.29231995077
Phase4_D24-3-20260929-20:19:50-75,scalar,DectScheduledAccessNetwork.queue,effective_throughput_departures_per_ms,,,0.098340406820153
Phase4_D24-3-20260929-20:19:50-75,scalar,DectScheduledAccessNetwork.queue,mean_delay_little_ms,,,156.29439406321
Phase4_D24-3-20260929-20:19:50-75,scalar,DectScheduledAccessNetwork.queue,little_vs_direct_relative_error,,,1.3270725262249e-05
Phase4_D24-4-20260929-20:19:50-75,scalar,DectScheduledAccessNetwork.queue,D,,,24
Phase4_D24-4-20260929-20:19:50-75,scalar,DectScheduledAccessNetwork.queue,r,,,30
Phase4_D24-4-20260929-20:19:50-75,scalar,DectScheduledAccessNetwork.queue,L_effective,,,1
Phase4_D24-4-20260929-20:19:50-75,scalar,DectScheduledAccessNetwork.queue,rho,,,0.041666666667
Phase4_D24-4-20260929-20:19:50-75,scalar,DectScheduledAccessNetwork.queue,lambda_per_ms,,,0.0999999999208
Phase4_D24-4-20260929-20:19:50-75,scalar,DectScheduledAccessNetwork.queue,lambda_sat_per_ms,,,0.1
Phase4_D24-4-20260929-20:19:50-75,scalar,DectScheduledAccessNetwork.queue,rho_sat,,,0.0416666667
Phase4_D24-4-20260929-20:19:50-75,scalar,DectScheduledAccessNetwork.queue,blocking_probability,,,0.017294067938174
Phase4_D24-4-20260929-20:19:50-75,scalar,DectScheduledAccessNetwork.queue,mean_type1_number,,,15.089152826023
Phase4_D24-4-20260929-20:19:50-75,scalar,DectScheduledAccessNetwork.queue,mean_delay_direct_ms,,,153.36387602605
Phase4_D24-4-20260929-20:19:50-75,scalar,DectScheduledAccessNetwork.queue,effective_throughput_departures_per_ms,,,0.098363200247239
Phase4_D24-4-20260929-20:19:50-75,scalar,DectScheduledAccessNetwork.queue,mean_delay_little_ms,,,153.40241866975
Phase4_D24-4-20260929-20:19:50-75,scalar,DectScheduledAccessNetwork.queue,little_vs_direct_relative_error,,,0.00025131500775921
Phase4_D24-5-20260929-20:19:50-75,scalar,DectScheduledAccessNetwork.queue,D,,,24
Phase4_D24-5-20260929-20:19:50-75,scalar,DectScheduledAccessNetwork.queue,r,,,30
Phase4_D24-5-20260929-20:19:50-75,scalar,DectScheduledAccessNetwork.queue,L_effective,,,1
Phase4_D24-5-20260929-20:19:50-75,scalar,DectScheduledAccessNetwork.queue,rho,,,0.041666666667
Phase4_D24-5-20260929-20:19:50-75,scalar,DectScheduledAccessNetwork.queue,lambda_per_ms,,,0.0999999999208
Phase4_D24-5-20260929-20:19:50-75,scalar,DectScheduledAccessNetwork.queue,lambda_sat_per_ms,,,0.1
Phase4_D24-5-20260929-20:19:50-75,scalar,DectScheduledAccessNetwork.queue,rho_sat,,,0.0416666667
Phase4_D24-5-20260929-20:19:50-75,scalar,DectScheduledAccessNetwork.queue,blocking_probability,,,0.015833808970852
Phase4_D24-5-20260929-20:19:50-75,scalar,DectScheduledAccessNetwork.queue,mean_type1_number,,,14.996935551498
Phase4_D24-5-20260929-20:19:50-75,scalar,DectScheduledAccessNetwork.queue,mean_delay_direct_ms,,,152.59292225882
Phase4_D24-5-20260929-20:19:50-75,scalar,DectScheduledAccessNetwork.queue,effective_throughput_departures_per_ms,,,0.098268373112289
Phase4_D24-5-20260929-20:19:50-75,scalar,DectScheduledAccessNetwork.queue,mean_delay_little_ms,,,152.61202639797
Phase4_D24-5-20260929-20:19:50-75,scalar,DectScheduledAccessNetwork.queue,little_vs_direct_relative_error,,,0.00012519675796119
Phase4_D24-6-20260929-20:19:50-75,scalar,DectScheduledAccessNetwork.queue,D,,,24
Phase4_D24-6-20260929-20:19:50-75,scalar,DectScheduledAccessNetwork.queue,r,,,30
Phase4_D24-6-20260929-20:19:50-75,scalar,DectScheduledAccessNetwork.queue,L_effective,,,1
Phase4_D24-6-20260929-20:19:50-75,scalar,DectScheduledAccessNetwork.queue,rho,,,0.05
Phase4_D24-6-20260929-20:19:50-75,scalar,DectScheduledAccessNetwork.queue,lambda_per_ms,,,0.119999999904
Phase4_D24-6-20260929-20:19:50-75,scalar,DectScheduledAccessNetwork.queue,lambda_sat_per_ms,,,0.1
Phase4_D24-6-20260929-20:19:50-75,scalar,DectScheduledAccessNetwork.queue,rho_sat,,,0.0416666667
Phase4_D24-6-20260929-20:19:50-75,scalar,DectScheduledAccessNetwork.queue,blocking_probability,,,0.16803346862732
Phase4_D24-6-20260929-20:19:50-75,scalar,DectScheduledAccessNetwork.queue,mean_type1_number,,,27.470668362224
Phase4_D24-6-20260929-20:19:50-75,scalar,DectScheduledAccessNetwork.queue,mean_delay_direct_ms,,,274.73826921122
Phase4_D24-6-20260929-20:19:50-75,scalar,DectScheduledAccessNetwork.queue,effective_throughput_departures_per_ms,,,0.099962767932449
Phase4_D24-6-20260929-20:19:50-75,scalar,DectScheduledAccessNetwork.queue,mean_delay_little_ms,,,274.80900069502
Phase4_D24-6-20260929-20:19:50-75,scalar,DectScheduledAccessNetwork.queue,little_vs_direct_relative_error,,,0.0002574504236601
Phase4_D24-7-20260929-20:19:50-75,scalar,DectScheduledAccessNetwork.queue,D,,,24
Phase4_D24-7-20260929-20:19:50-75,scalar,DectScheduledAccessNetwork.queue,r,,,30
Phase4_D24-7-20260929-20:19:50-75,scalar,DectScheduledAccessNetwork.queue,L_effective,,,1
Phase4_D24-7-20260929-20:19:50-75,scalar,DectScheduledAccessNetwork.queue,rho,,,0.05
Phase4_D24-7-20260929-20:19:50-75,scalar,DectScheduledAccessNetwork.queue,lambda_per_ms,,,0.119999999904
Phase4_D24-7-20260929-20:19:50-75,scalar,DectScheduledAccessNetwork.queue,lambda_sat_per_ms,,,0.1
Phase4_D24-7-20260929-20:19:50-75,scalar,DectScheduledAccessNetwork.queue,rho_sat,,,0.0416666667
Phase4_D24-7-20260929-20:19:50-75,scalar,DectScheduledAccessNetwork.queue,blocking_probability,,,0.16710798028244
Phase4_D24-7-20260929-20:19:50-75,scalar,DectScheduledAccessNetwork.queue,mean_type1_number,,,27.410208114438
Phase4_D24-7-20260929-20:19:50-75,scalar,DectScheduledAccessNetwork.queue,mean_delay_direct_ms,,,274.1238577655
Phase4_D24-7-20260929-20:19:50-75,scalar,DectScheduledAccessNetwork.queue,effective_throughput_departures_per_ms,,,0.099964262581952
Phase4_D24-7-20260929-20:19:50-75,scalar,DectScheduledAccessNetwork.queue,mean_delay_little_ms,,,274.20007317081
Phase4_D24-7-20260929-20:19:50-75,scalar,DectScheduledAccessNetwork.queue,little_vs_direct_relative_error,,,0.0002780327328491
Phase4_D24-8-20260929-20:19:50-75,scalar,DectScheduledAccessNetwork.queue,D,,,24
Phase4_D24-8-20260929-20:19:50-75,scalar,DectScheduledAccessNetwork.queue,r,,,30
Phase4_D24-8-20260929-20:19:50-75,scalar,DectScheduledAccessNetwork.queue,L_effective,,,1
Phase4_D24-8-20260929-20:19:50-75,scalar,DectScheduledAccessNetwork.queue,rho,,,0.05
Phase4_D24-8-20260929-20:19:50-75,scalar,DectScheduledAccessNetwork.queue,lambda_per_ms,,,0.119999999904
Phase4_D24-8-20260929-20:19:50-75,scalar,DectScheduledAccessNetwork.queue,lambda_sat_per_ms,,,0.1
Phase4_D24-8-20260929-20:19:50-75,scalar,DectScheduledAccessNetwork.queue,rho_sat,,,0.0416666667
Phase4_D24-8-20260929-20:19:50-75,scalar,DectScheduledAccessNetwork.queue,blocking_probability,,,0.16686934648253
Phase4_D24-8-20260929-20:19:50-75,scalar,DectScheduledAccessNetwork.queue,mean_type1_number,,,27.373849728301
Phase4_D24-8-20260929-20:19:50-75,scalar,DectScheduledAccessNetwork.queue,mean_delay_direct_ms,,,273.76059647028
Phase4_D24-8-20260929-20:19:50-75,scalar,DectScheduledAccessNetwork.queue,effective_throughput_departures_per_ms,,,0.099972451800831
Phase4_D24-8-20260929-20:19:50-75,scalar,DectScheduledAccessNetwork.queue,mean_delay_little_ms,,,273.81392808927
Phase4_D24-8-20260929-20:19:50-75,scalar,DectScheduledAccessNetwork.queue,little_vs_direct_relative_error,,,0.00019481115866427
Phase4_D6-0-20260929-20:19:49-71,scalar,DectScheduledAccessNetwork.queue,D,,,6
Phase4_D6-0-20260929-20:19:49-71,scalar,DectScheduledAccessNetwork.queue,r,,,30
Phase4_D6-0-20260929-20:19:49-71,scalar,DectScheduledAccessNetwork.queue,L_effective,,,4
Phase4_D6-0-20260929-20:19:49-71,scalar,DectScheduledAccessNetwork.queue,rho,,,0.133333333333
Phase4_D6-0-20260929-20:19:49-71,scalar,DectScheduledAccessNetwork.queue,lambda_per_ms,,,0.3199999997432
Phase4_D6-0-20260929-20:19:49-71,scalar,DectScheduledAccessNetwork.queue,lambda_sat_per_ms,,,0.39999999996
Phase4_D6-0-20260929-20:19:49-71,scalar,DectScheduledAccessNetwork.queue,rho_sat,,,0.16666666678333
Phase4_D6-0-20260929-20:19:49-71,scalar,DectScheduledAccessNetwork.queue,blocking_probability,,,0
Phase4_D6-0-20260929-20:19:49-71,scalar,DectScheduledAccessNetwork.queue,mean_type1_number,,,2.7323695873242
Phase4_D6-0-20260929-20:19:49-71,scalar,DectScheduledAccessNetwork.queue,mean_delay_direct_ms,,,8.5229484746779
Phase4_D6-0-20260929-20:19:49-71,scalar,DectScheduledAccessNetwork.queue,effective_throughput_departures_per_ms,,,0.32058633473997
Phase4_D6-0-20260929-20:19:49-71,scalar,DectScheduledAccessNetwork.queue,mean_delay_little_ms,,,8.5230382309977
Phase4_D6-0-20260929-20:19:49-71,scalar,DectScheduledAccessNetwork.queue,little_vs_direct_relative_error,,,1.0531134854608e-05
Phase4_D6-1-20260929-20:19:49-71,scalar,DectScheduledAccessNetwork.queue,D,,,6
Phase4_D6-1-20260929-20:19:49-71,scalar,DectScheduledAccessNetwork.queue,r,,,30
Phase4_D6-1-20260929-20:19:49-71,scalar,DectScheduledAccessNetwork.queue,L_effective,,,4
Phase4_D6-1-20260929-20:19:49-71,scalar,DectScheduledAccessNetwork.queue,rho,,,0.133333333333
Phase4_D6-1-20260929-20:19:49-71,scalar,DectScheduledAccessNetwork.queue,lambda_per_ms,,,0.3199999997432
Phase4_D6-1-20260929-20:19:49-71,scalar,DectScheduledAccessNetwork.queue,lambda_sat_per_ms,,,0.39999999996
Phase4_D6-1-20260929-20:19:49-71,scalar,DectScheduledAccessNetwork.queue,rho_sat,,,0.16666666678333
Phase4_D6-1-20260929-20:19:49-71,scalar,DectScheduledAccessNetwork.queue,blocking_probability,,,0
Phase4_D6-1-20260929-20:19:49-71,scalar,DectScheduledAccessNetwork.queue,mean_type1_number,,,2.7814664049688
Phase4_D6-1-20260929-20:19:49-71,scalar,DectScheduledAccessNetwork.queue,mean_delay_direct_ms,,,8.6621506332447
Phase4_D6-1-20260929-20:19:49-71,scalar,DectScheduledAccessNetwork.queue,effective_throughput_departures_per_ms,,,0.32110529676924
Phase4_D6-1-20260929-20:19:49-71,scalar,DectScheduledAccessNetwork.queue,mean_delay_little_ms,,,8.6621629507645
Phase4_D6-1-20260929-20:19:49-71,scalar,DectScheduledAccessNetwork.queue,little_vs_direct_relative_error,,,1.4219932642501e-06
Phase4_D6-2-20260929-20:19:49-71,scalar,DectScheduledAccessNetwork.queue,D,,,6
Phase4_D6-2-20260929-20:19:49-71,scalar,DectScheduledAccessNetwork.queue,r,,,30
Phase4_D6-2-20260929-20:19:49-71,scalar,DectScheduledAccessNetwork.queue,L_effective,,,4
Phase4_D6-2-20260929-20:19:49-71,scalar,DectScheduledAccessNetwork.queue,rho,,,0.133333333333
Phase4_D6-2-20260929-20:19:49-71,scalar,DectScheduledAccessNetwork.queue,lambda_per_ms,,,0.3199999997432
Phase4_D6-2-20260929-20:19:49-71,scalar,DectScheduledAccessNetwork.queue,lambda_sat_per_ms,,,0.39999999996
Phase4_D6-2-20260929-20:19:49-71,scalar,DectScheduledAccessNetwork.queue,rho_sat,,,0.16666666678333
Phase4_D6-2-20260929-20:19:49-71,scalar,DectScheduledAccessNetwork.queue,blocking_probability,,,0
Phase4_D6-2-20260929-20:19:49-71,scalar,DectScheduledAccessNetwork.queue,mean_type1_number,,,2.7498171372738
Phase4_D6-2-20260929-20:19:49-71,scalar,DectScheduledAccessNetwork.queue,mean_delay_direct_ms,,,8.5985843315232
Phase4_D6-2-20260929-20:19:49-71,scalar,DectScheduledAccessNetwork.queue,effective_throughput_departures_per_ms,,,0.31979037563766
Phase4_D6-2-20260929-20:19:49-71,scalar,DectScheduledAccessNetwork.queue,mean_delay_little_ms,,,8.5988114301145
Phase4_D6-2-20260929-20:19:49-71,scalar,DectScheduledAccessNetwork.queue,little_vs_direct_relative_error,,,2.6411160555684e-05
Phase4_D6-3-20260929-20:19:49-71,scalar,DectScheduledAccessNetwork.queue,D,,,6
Phase4_D6-3-20260929-20:19:49-71,scalar,DectScheduledAccessNetwork.queue,r,,,30
Phase4_D6-3-20260929-20:19:49-71,scalar,DectScheduledAccessNetwork.queue,L_effective,,,4
Phase4_D6-3-20260929-20:19:49-71,scalar,DectScheduledAccessNetwork.queue,rho,,,0.166666666667
Phase4_D6-3-20260929-20:19:49-71,scalar,DectScheduledAccessNetwork.queue,lambda_per_ms,,,0.3999999996808
Phase4_D6-3-20260929-20:19:49-71,scalar,DectScheduledAccessNetwork.queue,lambda_sat_per_ms,,,0.39999999996
Phase4_D6-3-20260929-20:19:49-71,scalar,DectScheduledAccessNetwork.queue,rho_sat,,,0.16666666678333
Phase4_D6-3-20260929-20:19:49-71,scalar,DectScheduledAccessNetwork.queue,blocking_probability,,,0.017584360724986
Phase4_D6-3-20260929-20:19:49-71,scalar,DectScheduledAccessNetwork.queue,mean_type1_number,,,15.11913123914
Phase4_D6-3-20260929-20:19:49-71,scalar,DectScheduledAccessNetwork.queue,mean_delay_direct_ms,,,38.461849993558
Phase4_D6-3-20260929-20:19:49-71,scalar,DectScheduledAccessNetwork.queue,effective_throughput_departures_per_ms,,,0.39307103376922
Phase4_D6-3-20260929-20:19:49-71,scalar,DectScheduledAccessNetwork.queue,mean_delay_little_ms,,,38.464119561698
Phase4_D6-3-20260929-20:19:49-71,scalar,DectScheduledAccessNetwork.queue,little_vs_direct_relative_error,,,5.9008293682661e-05
Phase4_D6-4-20260929-20:19:49-71,scalar,DectScheduledAccessNetwork.queue,D,,,6
Phase4_D6-4-20260929-20:19:49-71,scalar,DectScheduledAccessNetwork.queue,r,,,30
Phase4_D6-4-20260929-20:19:49-71,scalar,DectScheduledAccessNetwork.queue,L_effective,,,4
Phase4_D6-4-20260929-20:19:49-71,scalar,DectScheduledAccessNetwork.queue,rho,,,0.166666666667
Phase4_D6-4-20260929-20:19:49-71,scalar,DectScheduledAccessNetwork.queue,lambda_per_ms,,,0.3999999996808
Phase4_D6-4-20260929-20:19:49-71,scalar,DectScheduledAccessNetwork.queue,lambda_sat_per_ms,,,0.39999999996
Phase4_D6-4-20260929-20:19:49-71,scalar,DectScheduledAccessNetwork.queue,rho_sat,,,0.16666666678333
Phase4_D6-4-20260929-20:19:49-71,scalar,DectScheduledAccessNetwork.queue,blocking_probability,,,0.017458025091613
Phase4_D6-4-20260929-20:19:49-71,scalar,DectScheduledAccessNetwork.queue,mean_type1_number,,,15.058889086229
Phase4_D6-4-20260929-20:19:49-71,scalar,DectScheduledAccessNetwork.queue,mean_delay_direct_ms,,,38.280010079222
Phase4_D6-4-20260929-20:19:49-71,scalar,DectScheduledAccessNetwork.queue,effective_throughput_departures_per_ms,,,0.3932891313737
Phase4_D6-4-20260929-20:19:49-71,scalar,DectScheduledAccessNetwork.queue,mean_delay_little_ms,,,38.289614141207
Phase4_D6-4-20260929-20:19:49-71,scalar,DectScheduledAccessNetwork.queue,little_vs_direct_relative_error,,,0.00025088974545873
Phase4_D6-5-20260929-20:19:49-71,scalar,DectScheduledAccessNetwork.queue,D,,,6
Phase4_D6-5-20260929-20:19:49-71,scalar,DectScheduledAccessNetwork.queue,r,,,30
Phase4_D6-5-20260929-20:19:49-71,scalar,DectScheduledAccessNetwork.queue,L_effective,,,4
Phase4_D6-5-20260929-20:19:49-71,scalar,DectScheduledAccessNetwork.queue,rho,,,0.166666666667
Phase4_D6-5-20260929-20:19:49-71,scalar,DectScheduledAccessNetwork.queue,lambda_per_ms,,,0.3999999996808
Phase4_D6-5-20260929-20:19:49-71,scalar,DectScheduledAccessNetwork.queue,lambda_sat_per_ms,,,0.39999999996
Phase4_D6-5-20260929-20:19:49-71,scalar,DectScheduledAccessNetwork.queue,rho_sat,,,0.16666666678333
Phase4_D6-5-20260929-20:19:49-71,scalar,DectScheduledAccessNetwork.queue,blocking_probability,,,0.015621616300817
Phase4_D6-5-20260929-20:19:49-71,scalar,DectScheduledAccessNetwork.queue,mean_type1_number,,,14.438732020027
Phase4_D6-5-20260929-20:19:49-71,scalar,DectScheduledAccessNetwork.queue,mean_delay_direct_ms,,,36.722994594825
Phase4_D6-5-20260929-20:19:49-71,scalar,DectScheduledAccessNetwork.queue,effective_throughput_departures_per_ms,,,0.39307239847217
Phase4_D6-5-20260929-20:19:49-71,scalar,DectScheduledAccessNetwork.queue,mean_delay_little_ms,,,36.733009176296
Phase4_D6-5-20260929-20:19:49-71,scalar,DectScheduledAccessNetwork.queue,little_vs_direct_relative_error,,,0.00027270601382146
Phase4_D6-6-20260929-20:19:49-71,scalar,DectScheduledAccessNetwork.queue,D,,,6
Phase4_D6-6-20260929-20:19:49-71,scalar,DectScheduledAccessNetwork.queue,r,,,30
Phase4_D6-6-20260929-20:19:49-71,scalar,DectScheduledAccessNetwork.queue,L_effective,,,4
Phase4_D6-6-20260929-20:19:49-71,scalar,DectScheduledAccessNetwork.queue,rho,,,0.2
Phase4_D6-6-20260929-20:19:49-71,scalar,DectScheduledAccessNetwork.queue,lambda_per_ms,,,0.479999999616
Phase4_D6-6-20260929-20:19:49-71,scalar,DectScheduledAccessNetwork.queue,lambda_sat_per_ms,,,0.39999999996
Phase4_D6-6-20260929-20:19:49-71,scalar,DectScheduledAccessNetwork.queue,rho_sat,,,0.16666666678333
Phase4_D6-6-20260929-20:19:49-71,scalar,DectScheduledAccessNetwork.queue,blocking_probability,,,0.1693475390505
Phase4_D6-6-20260929-20:19:49-71,scalar,DectScheduledAccessNetwork.queue,mean_type1_number,,,26.803802727631
Phase4_D6-6-20260929-20:19:49-71,scalar,DectScheduledAccessNetwork.queue,mean_delay_direct_ms,,,67.059577021622
Phase4_D6-6-20260929-20:19:49-71,scalar,DectScheduledAccessNetwork.queue,effective_throughput_departures_per_ms,,,0.39958516714801
Phase4_D6-6-20260929-20:19:49-71,scalar,DectScheduledAccessNetwork.queue,mean_delay_little_ms,,,67.079073327319
Phase4_D6-6-20260929-20:19:49-71,scalar,DectScheduledAccessNetwork.queue,little_vs_direct_relative_error,,,0.00029073111647371
Phase4_D6-7-20260929-20:19:49-71,scalar,DectScheduledAccessNetwork.queue,D,,,6
Phase4_D6-7-20260929-20:19:49-71,scalar,DectScheduledAccessNetwork.queue,r,,,30
Phase4_D6-7-20260929-20:19:49-71,scalar,DectScheduledAccessNetwork.queue,L_effective,,,4
Phase4_D6-7-20260929-20:19:49-71,scalar,DectScheduledAccessNetwork.queue,rho,,,0.2
Phase4_D6-7-20260929-20:19:49-71,scalar,DectScheduledAccessNetwork.queue,lambda_per_ms,,,0.479999999616
Phase4_D6-7-20260929-20:19:49-71,scalar,DectScheduledAccessNetwork.queue,lambda_sat_per_ms,,,0.39999999996
Phase4_D6-7-20260929-20:19:49-71,scalar,DectScheduledAccessNetwork.queue,rho_sat,,,0.16666666678333
Phase4_D6-7-20260929-20:19:49-71,scalar,DectScheduledAccessNetwork.queue,blocking_probability,,,0.16652501416525
Phase4_D6-7-20260929-20:19:49-71,scalar,DectScheduledAccessNetwork.queue,mean_type1_number,,,26.79280342547
Phase4_D6-7-20260929-20:19:49-71,scalar,DectScheduledAccessNetwork.queue,mean_delay_direct_ms,,,66.991656126467
Phase4_D6-7-20260929-20:19:49-71,scalar,DectScheduledAccessNetwork.queue,effective_throughput_departures_per_ms,,,0.39985076821042
Phase4_D6-7-20260929-20:19:49-71,scalar,DectScheduledAccessNetwork.queue,mean_delay_little_ms,,,67.007007502784
Phase4_D6-7-20260929-20:19:49-71,scalar,DectScheduledAccessNetwork.queue,little_vs_direct_relative_error,,,0.00022915355739661
Phase4_D6-8-20260929-20:19:49-71,scalar,DectScheduledAccessNetwork.queue,D,,,6
Phase4_D6-8-20260929-20:19:49-71,scalar,DectScheduledAccessNetwork.queue,r,,,30
Phase4_D6-8-20260929-20:19:49-71,scalar,DectScheduledAccessNetwork.queue,L_effective,,,4
Phase4_D6-8-20260929-20:19:49-71,scalar,DectScheduledAccessNetwork.queue,rho,,,0.2
Phase4_D6-8-20260929-20:19:49-71,scalar,DectScheduledAccessNetwork.queue,lambda_per_ms,,,0.479999999616
Phase4_D6-8-20260929-20:19:49-71,scalar,DectScheduledAccessNetwork.queue,lambda_sat_per_ms,,,0.39999999996
Phase4_D6-8-20260929-20:19:49-71,scalar,DectScheduledAccessNetwork.queue,rho_sat,,,0.16666666678333
Phase4_D6-8-20260929-20:19:49-71,scalar,DectScheduledAccessNetwork.queue,blocking_probability,,,0.16658056990502
Phase4_D6-8-20260929-20:19:49-71,scalar,DectScheduledAccessNetwork.queue,mean_type1_number,,,26.856373877351
Phase4_D6-8-20260929-20:19:49-71,scalar,DectScheduledAccessNetwork.queue,mean_delay_direct_ms,,,67.144609474657
Phase4_D6-8-20260929-20:19:49-71,scalar,DectScheduledAccessNetwork.queue,effective_throughput_departures_per_ms,,,0.39989039778338
Phase4_D6-8-20260929-20:19:49-71,scalar,DectScheduledAccessNetwork.queue,mean_delay_little_ms,,,67.159336723808
Phase4_D6-8-20260929-20:19:49-71,scalar,DectScheduledAccessNetwork.queue,little_vs_direct_relative_error,,,0.00021933628427662
Phase4_Trade-0-20260929-20:19:50-76,scalar,DectScheduledAccessNetwork.queue,D,,,10
Phase4_Trade-0-20260929-20:19:50-76,scalar,DectScheduledAccessNetwork.queue,r,,,1
Phase4_Trade-0-20260929-20:19:50-76,scalar,DectScheduledAccessNetwork.queue,L_effective,,,2
Phase4_Trade-0-20260929-20:19:50-76,scalar,DectScheduledAccessNetwork.queue,rho,,,0.067796610169
Phase4_Trade-0-20260929-20:19:50-76,scalar,DectScheduledAccessNetwork.queue,lambda_per_ms,,,0.16271186427543
Phase4_Trade-0-20260929-20:19:50-76,scalar,DectScheduledAccessNetwork.queue,lambda_sat_per_ms,,,0.20338983049469
Phase4_Trade-0-20260929-20:19:50-76,scalar,DectScheduledAccessNetwork.queue,rho_sat,,,0.084745762773916
Phase4_Trade-0-20260929-20:19:50-76,scalar,DectScheduledAccessNetwork.queue,blocking_probability,,,0.46072457046712
Phase4_Trade-0-20260929-20:19:50-76,scalar,DectScheduledAccessNetwork.queue,mean_type1_number,,,0.49857964831338
Phase4_Trade-0-20260929-20:19:50-76,scalar,DectScheduledAccessNetwork.queue,mean_delay_direct_ms,,,5.6872888318191
Phase4_Trade-0-20260929-20:19:50-76,scalar,DectScheduledAccessNetwork.queue,effective_throughput_departures_per_ms,,,0.087665528287063
Phase4_Trade-0-20260929-20:19:50-76,scalar,DectScheduledAccessNetwork.queue,mean_delay_little_ms,,,5.6872941742936
Phase4_Trade-0-20260929-20:19:50-76,scalar,DectScheduledAccessNetwork.queue,little_vs_direct_relative_error,,,9.3937104739261e-07
Phase4_Trade-1-20260929-20:19:50-76,scalar,DectScheduledAccessNetwork.queue,D,,,10
Phase4_Trade-1-20260929-20:19:50-76,scalar,DectScheduledAccessNetwork.queue,r,,,1
Phase4_Trade-1-20260929-20:19:50-76,scalar,DectScheduledAccessNetwork.queue,L_effective,,,2
Phase4_Trade-1-20260929-20:19:50-76,scalar,DectScheduledAccessNetwork.queue,rho,,,0.067796610169
Phase4_Trade-1-20260929-20:19:50-76,scalar,DectScheduledAccessNetwork.queue,lambda_per_ms,,,0.16271186427543
Phase4_Trade-1-20260929-20:19:50-76,scalar,DectScheduledAccessNetwork.queue,lambda_sat_per_ms,,,0.20338983049469
Phase4_Trade-1-20260929-20:19:50-76,scalar,DectScheduledAccessNetwork.queue,rho_sat,,,0.084745762773916
Phase4_Trade-1-20260929-20:19:50-76,scalar,DectScheduledAccessNetwork.queue,blocking_probability,,,0.46129106982206
Phase4_Trade-1-20260929-20:19:50-76,scalar,DectScheduledAccessNetwork.queue,mean_type1_number,,,0.49690726920605
Phase4_Trade-1-20260929-20:19:50-76,scalar,DectScheduledAccessNetwork.queue,mean_delay_direct_ms,,,5.6752641598087
Phase4_Trade-1-20260929-20:19:50-76,scalar,DectScheduledAccessNetwork.queue,effective_throughput_departures_per_ms,,,0.087556676696227
Phase4_Trade-1-20260929-20:19:50-76,scalar,DectScheduledAccessNetwork.queue,mean_delay_little_ms,,,5.6752641598086
Phase4_Trade-1-20260929-20:19:50-76,scalar,DectScheduledAccessNetwork.queue,little_vs_direct_relative_error,,,1.1768364061027e-14
Phase4_Trade-2-20260929-20:19:50-76,scalar,DectScheduledAccessNetwork.queue,D,,,10
Phase4_Trade-2-20260929-20:19:50-76,scalar,DectScheduledAccessNetwork.queue,r,,,1
Phase4_Trade-2-20260929-20:19:50-76,scalar,DectScheduledAccessNetwork.queue,L_effective,,,2
Phase4_Trade-2-20260929-20:19:50-76,scalar,DectScheduledAccessNetwork.queue,rho,,,0.067796610169
Phase4_Trade-2-20260929-20:19:50-76,scalar,DectScheduledAccessNetwork.queue,lambda_per_ms,,,0.16271186427543
Phase4_Trade-2-20260929-20:19:50-76,scalar,DectScheduledAccessNetwork.queue,lambda_sat_per_ms,,,0.20338983049469
Phase4_Trade-2-20260929-20:19:50-76,scalar,DectScheduledAccessNetwork.queue,rho_sat,,,0.084745762773916
Phase4_Trade-2-20260929-20:19:50-76,scalar,DectScheduledAccessNetwork.queue,blocking_probability,,,0.46184479603918
Phase4_Trade-2-20260929-20:19:50-76,scalar,DectScheduledAccessNetwork.queue,mean_type1_number,,,0.49802878361628
Phase4_Trade-2-20260929-20:19:50-76,scalar,DectScheduledAccessNetwork.queue,mean_delay_direct_ms,,,5.6851869632224
Phase4_Trade-2-20260929-20:19:50-76,scalar,DectScheduledAccessNetwork.queue,effective_throughput_departures_per_ms,,,0.087601126724247
Phase4_Trade-2-20260929-20:19:50-76,scalar,DectScheduledAccessNetwork.queue,mean_delay_little_ms,,,5.6851869632224
Phase4_Trade-2-20260929-20:19:50-76,scalar,DectScheduledAccessNetwork.queue,little_vs_direct_relative_error,,,5.9952043329758e-15
Phase4_Trade-3-20260929-20:19:50-76,scalar,DectScheduledAccessNetwork.queue,D,,,10
Phase4_Trade-3-20260929-20:19:50-76,scalar,DectScheduledAccessNetwork.queue,r,,,1
Phase4_Trade-3-20260929-20:19:50-76,scalar,DectScheduledAccessNetwork.queue,L_effective,,,2
Phase4_Trade-3-20260929-20:19:50-76,scalar,DectScheduledAccessNetwork.queue,rho,,,0.084745762712
Phase4_Trade-3-20260929-20:19:50-76,scalar,DectScheduledAccessNetwork.queue,lambda_per_ms,,,0.20338983034609
Phase4_Trade-3-20260929-20:19:50-76,scalar,DectScheduledAccessNetwork.queue,lambda_sat_per_ms,,,0.20338983049469
Phase4_Trade-3-20260929-20:19:50-76,scalar,DectScheduledAccessNetwork.queue,rho_sat,,,0.084745762773916
Phase4_Trade-3-20260929-20:19:50-76,scalar,DectScheduledAccessNetwork.queue,blocking_probability,,,0.52432596989935
Phase4_Trade-3-20260929-20:19:50-76,scalar,DectScheduledAccessNetwork.queue,mean_type1_number,,,0.56688268580855
Phase4_Trade-3-20260929-20:19:50-76,scalar,DectScheduledAccessNetwork.queue,mean_delay_direct_ms,,,5.852596499028
Phase4_Trade-3-20260929-20:19:50-76,scalar,DectScheduledAccessNetwork.queue,effective_throughput_departures_per_ms,,,0.096860032278444
Phase4_Trade-3-20260929-20:19:50-76,scalar,DectScheduledAccessNetwork.queue,mean_delay_little_ms,,,5.8525964990279
Phase4_Trade-3-20260929-20:19:50-76,scalar,DectScheduledAccessNetwork.queue,little_vs_direct_relative_error,,,1.9095836023553e-14
Phase4_Trade-4-20260929-20:19:51-76,scalar,DectScheduledAccessNetwork.queue,D,,,10
Phase4_Trade-4-20260929-20:19:51-76,scalar,DectScheduledAccessNetwork.queue,r,,,1
Phase4_Trade-4-20260929-20:19:51-76,scalar,DectScheduledAccessNetwork.queue,L_effective,,,2
Phase4_Trade-4-20260929-20:19:51-76,scalar,DectScheduledAccessNetwork.queue,rho,,,0.084745762712
Phase4_Trade-4-20260929-20:19:51-76,scalar,DectScheduledAccessNetwork.queue,lambda_per_ms,,,0.20338983034609
Phase4_Trade-4-20260929-20:19:51-76,scalar,DectScheduledAccessNetwork.queue,lambda_sat_per_ms,,,0.20338983049469
Phase4_Trade-4-20260929-20:19:51-76,scalar,DectScheduledAccessNetwork.queue,rho_sat,,,0.084745762773916
Phase4_Trade-4-20260929-20:19:51-76,scalar,DectScheduledAccessNetwork.queue,blocking_probability,,,0.52375509582047
Phase4_Trade-4-20260929-20:19:51-76,scalar,DectScheduledAccessNetwork.queue,mean_type1_number,,,0.56600198735053
Phase4_Trade-4-20260929-20:19:51-76,scalar,DectScheduledAccessNetwork.queue,mean_delay_direct_ms,,,5.853966908759
Phase4_Trade-4-20260929-20:19:51-76,scalar,DectScheduledAccessNetwork.queue,effective_throughput_departures_per_ms,,,0.096686912682007
Phase4_Trade-4-20260929-20:19:51-76,scalar,DectScheduledAccessNetwork.queue,mean_delay_little_ms,,,5.8539669087589
Phase4_Trade-4-20260929-20:19:51-76,scalar,DectScheduledAccessNetwork.queue,little_vs_direct_relative_error,,,1.7430501486615e-14
Phase4_Trade-5-20260929-20:19:51-76,scalar,DectScheduledAccessNetwork.queue,D,,,10
Phase4_Trade-5-20260929-20:19:51-76,scalar,DectScheduledAccessNetwork.queue,r,,,1
Phase4_Trade-5-20260929-20:19:51-76,scalar,DectScheduledAccessNetwork.queue,L_effective,,,2
Phase4_Trade-5-20260929-20:19:51-76,scalar,DectScheduledAccessNetwork.queue,rho,,,0.084745762712
Phase4_Trade-5-20260929-20:19:51-76,scalar,DectScheduledAccessNetwork.queue,lambda_per_ms,,,0.20338983034609
Phase4_Trade-5-20260929-20:19:51-76,scalar,DectScheduledAccessNetwork.queue,lambda_sat_per_ms,,,0.20338983049469
Phase4_Trade-5-20260929-20:19:51-76,scalar,DectScheduledAccessNetwork.queue,rho_sat,,,0.084745762773916
Phase4_Trade-5-20260929-20:19:51-76,scalar,DectScheduledAccessNetwork.queue,blocking_probability,,,0.52562795000119
Phase4_Trade-5-20260929-20:19:51-76,scalar,DectScheduledAccessNetwork.queue,mean_type1_number,,,0.56440031303852
Phase4_Trade-5-20260929-20:19:51-76,scalar,DectScheduledAccessNetwork.queue,mean_delay_direct_ms,,,5.8453270130149
Phase4_Trade-5-20260929-20:19:51-76,scalar,DectScheduledAccessNetwork.queue,effective_throughput_departures_per_ms,,,0.096555814889713
Phase4_Trade-5-20260929-20:19:51-76,scalar,DectScheduledAccessNetwork.queue,mean_delay_little_ms,,,5.8453270130151
Phase4_Trade-5-20260929-20:19:51-76,scalar,DectScheduledAccessNetwork.queue,little_vs_direct_relative_error,,,3.308464613383e-14
Phase4_Trade-6-20260929-20:19:51-76,scalar,DectScheduledAccessNetwork.queue,D,,,10
Phase4_Trade-6-20260929-20:19:51-76,scalar,DectScheduledAccessNetwork.queue,r,,,1
Phase4_Trade-6-20260929-20:19:51-76,scalar,DectScheduledAccessNetwork.queue,L_effective,,,2
Phase4_Trade-6-20260929-20:19:51-76,scalar,DectScheduledAccessNetwork.queue,rho,,,0.101694915254
Phase4_Trade-6-20260929-20:19:51-76,scalar,DectScheduledAccessNetwork.queue,lambda_per_ms,,,0.24406779641435
Phase4_Trade-6-20260929-20:19:51-76,scalar,DectScheduledAccessNetwork.queue,lambda_sat_per_ms,,,0.20338983049469
Phase4_Trade-6-20260929-20:19:51-76,scalar,DectScheduledAccessNetwork.queue,rho_sat,,,0.084745762773916
Phase4_Trade-6-20260929-20:19:51-76,scalar,DectScheduledAccessNetwork.queue,blocking_probability,,,0.57749037734334
Phase4_Trade-6-20260929-20:19:51-76,scalar,DectScheduledAccessNetwork.queue,mean_type1_number,,,0.61978201077326
Phase4_Trade-6-20260929-20:19:51-76,scalar,DectScheduledAccessNetwork.queue,mean_delay_direct_ms,,,6.0201042429004
Phase4_Trade-6-20260929-20:19:51-76,scalar,DectScheduledAccessNetwork.queue,effective_throughput_departures_per_ms,,,0.10295203966014
Phase4_Trade-6-20260929-20:19:51-76,scalar,DectScheduledAccessNetwork.queue,mean_delay_little_ms,,,6.0201042429003
Phase4_Trade-6-20260929-20:19:51-76,scalar,DectScheduledAccessNetwork.queue,little_vs_direct_relative_error,,,2.9753977059954e-14
Phase4_Trade-7-20260929-20:19:51-76,scalar,DectScheduledAccessNetwork.queue,D,,,10
Phase4_Trade-7-20260929-20:19:51-76,scalar,DectScheduledAccessNetwork.queue,r,,,1
Phase4_Trade-7-20260929-20:19:51-76,scalar,DectScheduledAccessNetwork.queue,L_effective,,,2
Phase4_Trade-7-20260929-20:19:51-76,scalar,DectScheduledAccessNetwork.queue,rho,,,0.101694915254
Phase4_Trade-7-20260929-20:19:51-76,scalar,DectScheduledAccessNetwork.queue,lambda_per_ms,,,0.24406779641435
Phase4_Trade-7-20260929-20:19:51-76,scalar,DectScheduledAccessNetwork.queue,lambda_sat_per_ms,,,0.20338983049469
Phase4_Trade-7-20260929-20:19:51-76,scalar,DectScheduledAccessNetwork.queue,rho_sat,,,0.084745762773916
Phase4_Trade-7-20260929-20:19:51-76,scalar,DectScheduledAccessNetwork.queue,blocking_probability,,,0.57609156422213
Phase4_Trade-7-20260929-20:19:51-76,scalar,DectScheduledAccessNetwork.queue,mean_type1_number,,,0.61880940075165
Phase4_Trade-7-20260929-20:19:51-76,scalar,DectScheduledAccessNetwork.queue,mean_delay_direct_ms,,,5.9950786944072
Phase4_Trade-7-20260929-20:19:51-76,scalar,DectScheduledAccessNetwork.queue,effective_throughput_departures_per_ms,,,0.10321956262709
Phase4_Trade-7-20260929-20:19:51-76,scalar,DectScheduledAccessNetwork.queue,mean_delay_little_ms,,,5.995078694407
Phase4_Trade-7-20260929-20:19:51-76,scalar,DectScheduledAccessNetwork.queue,little_vs_direct_relative_error,,,2.8421709430404e-14
Phase4_Trade-8-20260929-20:19:51-76,scalar,DectScheduledAccessNetwork.queue,D,,,10
Phase4_Trade-8-20260929-20:19:51-76,scalar,DectScheduledAccessNetwork.queue,r,,,1
Phase4_Trade-8-20260929-20:19:51-76,scalar,DectScheduledAccessNetwork.queue,L_effective,,,2
Phase4_Trade-8-20260929-20:19:51-76,scalar,DectScheduledAccessNetwork.queue,rho,,,0.101694915254
Phase4_Trade-8-20260929-20:19:51-76,scalar,DectScheduledAccessNetwork.queue,lambda_per_ms,,,0.24406779641435
Phase4_Trade-8-20260929-20:19:51-76,scalar,DectScheduledAccessNetwork.queue,lambda_sat_per_ms,,,0.20338983049469
Phase4_Trade-8-20260929-20:19:51-76,scalar,DectScheduledAccessNetwork.queue,rho_sat,,,0.084745762773916
Phase4_Trade-8-20260929-20:19:51-76,scalar,DectScheduledAccessNetwork.queue,blocking_probability,,,0.57727783836795
Phase4_Trade-8-20260929-20:19:51-76,scalar,DectScheduledAccessNetwork.queue,mean_type1_number,,,0.61832501265512
Phase4_Trade-8-20260929-20:19:51-76,scalar,DectScheduledAccessNetwork.queue,mean_delay_direct_ms,,,5.996444044142
Phase4_Trade-8-20260929-20:19:51-76,scalar,DectScheduledAccessNetwork.queue,effective_throughput_departures_per_ms,,,0.10311528100711
Phase4_Trade-8-20260929-20:19:51-76,scalar,DectScheduledAccessNetwork.queue,mean_delay_little_ms,,,5.9964440441421
Phase4_Trade-8-20260929-20:19:51-76,scalar,DectScheduledAccessNetwork.queue,little_vs_direct_relative_error,,,1.4876988529977e-14
Phase4_Trade-18-20260929-20:19:51-76,scalar,DectScheduledAccessNetwork.queue,D,,,10
Phase4_Trade-18-20260929-20:19:51-76,scalar,DectScheduledAccessNetwork.queue,r,,,10
Phase4_Trade-18-20260929-20:19:51-76,scalar,DectScheduledAccessNetwork.queue,L_effective,,,2
Phase4_Trade-18-20260929-20:19:51-76,scalar,DectScheduledAccessNetwork.queue,rho,,,0.067796610169
Phase4_Trade-18-20260929-20:19:51-76,scalar,DectScheduledAccessNetwork.queue,lambda_per_ms,,,0.16271186427543
Phase4_Trade-18-20260929-20:19:51-76,scalar,DectScheduledAccessNetwork.queue,lambda_sat_per_ms,,,0.20338983049469
Phase4_Trade-18-20260929-20:19:51-76,scalar,DectScheduledAccessNetwork.queue,rho_sat,,,0.084745762773916
Phase4_Trade-18-20260929-20:19:51-76,scalar,DectScheduledAccessNetwork.queue,blocking_probability,,,0.0043012893911485
Phase4_Trade-18-20260929-20:19:51-76,scalar,DectScheduledAccessNetwork.queue,mean_type1_number,,,2.1426054196204
Phase4_Trade-18-20260929-20:19:51-76,scalar,DectScheduledAccessNetwork.queue,mean_delay_direct_ms,,,13.184975624243
Phase4_Trade-18-20260929-20:19:51-76,scalar,DectScheduledAccessNetwork.queue,effective_throughput_departures_per_ms,,,0.16249159148764
Phase4_Trade-18-20260929-20:19:51-76,scalar,DectScheduledAccessNetwork.queue,mean_delay_little_ms,,,13.18594642347
Phase4_Trade-18-20260929-20:19:51-76,scalar,DectScheduledAccessNetwork.queue,little_vs_direct_relative_error,,,7.3629201478687e-05
Phase4_Trade-19-20260929-20:19:51-76,scalar,DectScheduledAccessNetwork.queue,D,,,10
Phase4_Trade-19-20260929-20:19:51-76,scalar,DectScheduledAccessNetwork.queue,r,,,10
Phase4_Trade-19-20260929-20:19:51-76,scalar,DectScheduledAccessNetwork.queue,L_effective,,,2
Phase4_Trade-19-20260929-20:19:51-76,scalar,DectScheduledAccessNetwork.queue,rho,,,0.067796610169
Phase4_Trade-19-20260929-20:19:51-76,scalar,DectScheduledAccessNetwork.queue,lambda_per_ms,,,0.16271186427543
Phase4_Trade-19-20260929-20:19:51-76,scalar,DectScheduledAccessNetwork.queue,lambda_sat_per_ms,,,0.20338983049469
Phase4_Trade-19-20260929-20:19:51-76,scalar,DectScheduledAccessNetwork.queue,rho_sat,,,0.084745762773916
Phase4_Trade-19-20260929-20:19:51-76,scalar,DectScheduledAccessNetwork.queue,blocking_probability,,,0.003497583578297
Phase4_Trade-19-20260929-20:19:51-76,scalar,DectScheduledAccessNetwork.queue,mean_type1_number,,,2.1503732349017
Phase4_Trade-19-20260929-20:19:51-76,scalar,DectScheduledAccessNetwork.queue,mean_delay_direct_ms,,,13.216763535233
Phase4_Trade-19-20260929-20:19:51-76,scalar,DectScheduledAccessNetwork.queue,effective_throughput_departures_per_ms,,,0.16268171815376
Phase4_Trade-19-20260929-20:19:51-76,scalar,DectScheduledAccessNetwork.queue,mean_delay_little_ms,,,13.218284508584
Phase4_Trade-19-20260929-20:19:51-76,scalar,DectScheduledAccessNetwork.queue,little_vs_direct_relative_error,,,0.00011507910745912
Phase4_Trade-20-20260929-20:19:51-76,scalar,DectScheduledAccessNetwork.queue,D,,,10
Phase4_Trade-20-20260929-20:19:51-76,scalar,DectScheduledAccessNetwork.queue,r,,,10
Phase4_Trade-20-20260929-20:19:51-76,scalar,DectScheduledAccessNetwork.queue,L_effective,,,2
Phase4_Trade-20-20260929-20:19:51-76,scalar,DectScheduledAccessNetwork.queue,rho,,,0.067796610169
Phase4_Trade-20-20260929-20:19:51-76,scalar,DectScheduledAccessNetwork.queue,lambda_per_ms,,,0.16271186427543
Phase4_Trade-20-20260929-20:19:51-76,scalar,DectScheduledAccessNetwork.queue,lambda_sat_per_ms,,,0.20338983049469
Phase4_Trade-20-20260929-20:19:51-76,scalar,DectScheduledAccessNetwork.queue,rho_sat,,,0.084745762773916
Phase4_Trade-20-20260929-20:19:51-76,scalar,DectScheduledAccessNetwork.queue,blocking_probability,,,0.0037359900373599
Phase4_Trade-20-20260929-20:19:51-76,scalar,DectScheduledAccessNetwork.queue,mean_type1_number,,,2.1401575166182
Phase4_Trade-20-20260929-20:19:51-76,scalar,DectScheduledAccessNetwork.queue,mean_delay_direct_ms,,,13.191705709547
Phase4_Trade-20-20260929-20:19:51-76,scalar,DectScheduledAccessNetwork.queue,effective_throughput_departures_per_ms,,,0.16222778084176
Phase4_Trade-20-20260929-20:19:51-76,scalar,DectScheduledAccessNetwork.queue,mean_delay_little_ms,,,13.192299774511
Phase4_Trade-20-20260929-20:19:51-76,scalar,DectScheduledAccessNetwork.queue,little_vs_direct_relative_error,,,4.5033218377011e-05
Phase4_Trade-21-20260929-20:19:51-76,scalar,DectScheduledAccessNetwork.queue,D,,,10
Phase4_Trade-21-20260929-20:19:51-76,scalar,DectScheduledAccessNetwork.queue,r,,,10
Phase4_Trade-21-20260929-20:19:51-76,scalar,DectScheduledAccessNetwork.queue,L_effective,,,2
Phase4_Trade-21-20260929-20:19:51-76,scalar,DectScheduledAccessNetwork.queue,rho,,,0.084745762712
Phase4_Trade-21-20260929-20:19:51-76,scalar,DectScheduledAccessNetwork.queue,lambda_per_ms,,,0.20338983034609
Phase4_Trade-21-20260929-20:19:51-76,scalar,DectScheduledAccessNetwork.queue,lambda_sat_per_ms,,,0.20338983049469
Phase4_Trade-21-20260929-20:19:51-76,scalar,DectScheduledAccessNetwork.queue,rho_sat,,,0.084745762773916
Phase4_Trade-21-20260929-20:19:51-76,scalar,DectScheduledAccessNetwork.queue,blocking_probability,,,0.052794089789733
Phase4_Trade-21-20260929-20:19:51-76,scalar,DectScheduledAccessNetwork.queue,mean_type1_number,,,4.9270392411057
Phase4_Trade-21-20260929-20:19:51-76,scalar,DectScheduledAccessNetwork.queue,mean_delay_direct_ms,,,25.543923614507
Phase4_Trade-21-20260929-20:19:51-76,scalar,DectScheduledAccessNetwork.queue,effective_throughput_departures_per_ms,,,0.19287694227364
Phase4_Trade-21-20260929-20:19:51-76,scalar,DectScheduledAccessNetwork.queue,mean_delay_little_ms,,,25.544988338292
Phase4_Trade-21-20260929-20:19:51-76,scalar,DectScheduledAccessNetwork.queue,little_vs_direct_relative_error,,,4.1682076761251e-05
Phase4_Trade-22-20260929-20:19:51-76,scalar,DectScheduledAccessNetwork.queue,D,,,10
Phase4_Trade-22-20260929-20:19:51-76,scalar,DectScheduledAccessNetwork.queue,r,,,10
Phase4_Trade-22-20260929-20:19:51-76,scalar,DectScheduledAccessNetwork.queue,L_effective,,,2
Phase4_Trade-22-20260929-20:19:51-76,scalar,DectScheduledAccessNetwork.queue,rho,,,0.084745762712
Phase4_Trade-22-20260929-20:19:51-76,scalar,DectScheduledAccessNetwork.queue,lambda_per_ms,,,0.20338983034609
Phase4_Trade-22-20260929-20:19:51-76,scalar,DectScheduledAccessNetwork.queue,lambda_sat_per_ms,,,0.20338983049469
Phase4_Trade-22-20260929-20:19:51-76,scalar,DectScheduledAccessNetwork.queue,rho_sat,,,0.084745762773916
Phase4_Trade-22-20260929-20:19:51-76,scalar,DectScheduledAccessNetwork.queue,blocking_probability,,,0.049805225653207
Phase4_Trade-22-20260929-20:19:51-76,scalar,DectScheduledAccessNetwork.queue,mean_type1_number,,,4.8836539138492
Phase4_Trade-22-20260929-20:19:51-76,scalar,DectScheduledAccessNetwork.queue,mean_delay_direct_ms,,,25.31188841671
Phase4_Trade-22-20260929-20:19:51-76,scalar,DectScheduledAccessNetwork.queue,effective_throughput_departures_per_ms,,,0.19291552106145
Phase4_Trade-22-20260929-20:19:51-76,scalar,DectScheduledAccessNetwork.queue,mean_delay_little_ms,,,25.314987031518
Phase4_Trade-22-20260929-20:19:51-76,scalar,DectScheduledAccessNetwork.queue,little_vs_direct_relative_error,,,0.00012241736995011
Phase4_Trade-23-20260929-20:19:51-76,scalar,DectScheduledAccessNetwork.queue,D,,,10
Phase4_Trade-23-20260929-20:19:51-76,scalar,DectScheduledAccessNetwork.queue,r,,,10
Phase4_Trade-23-20260929-20:19:51-76,scalar,DectScheduledAccessNetwork.queue,L_effective,,,2
Phase4_Trade-23-20260929-20:19:51-76,scalar,DectScheduledAccessNetwork.queue,rho,,,0.084745762712
Phase4_Trade-23-20260929-20:19:51-76,scalar,DectScheduledAccessNetwork.queue,lambda_per_ms,,,0.20338983034609
Phase4_Trade-23-20260929-20:19:51-76,scalar,DectScheduledAccessNetwork.queue,lambda_sat_per_ms,,,0.20338983049469
Phase4_Trade-23-20260929-20:19:51-76,scalar,DectScheduledAccessNetwork.queue,rho_sat,,,0.084745762773916
Phase4_Trade-23-20260929-20:19:51-76,scalar,DectScheduledAccessNetwork.queue,blocking_probability,,,0.051265024237997
Phase4_Trade-23-20260929-20:19:51-76,scalar,DectScheduledAccessNetwork.queue,mean_type1_number,,,4.9065907008621
Phase4_Trade-23-20260929-20:19:51-76,scalar,DectScheduledAccessNetwork.queue,mean_delay_direct_ms,,,25.451979852506
Phase4_Trade-23-20260929-20:19:51-76,scalar,DectScheduledAccessNetwork.queue,effective_throughput_departures_per_ms,,,0.1927571570855
Phase4_Trade-23-20260929-20:19:51-76,scalar,DectScheduledAccessNetwork.queue,mean_delay_little_ms,,,25.454778307846
Phase4_Trade-23-20260929-20:19:51-76,scalar,DectScheduledAccessNetwork.queue,little_vs_direct_relative_error,,,0.00010995039900541
Phase4_Trade-24-20260929-20:19:51-76,scalar,DectScheduledAccessNetwork.queue,D,,,10
Phase4_Trade-24-20260929-20:19:51-76,scalar,DectScheduledAccessNetwork.queue,r,,,10
Phase4_Trade-24-20260929-20:19:51-76,scalar,DectScheduledAccessNetwork.queue,L_effective,,,2
Phase4_Trade-24-20260929-20:19:51-76,scalar,DectScheduledAccessNetwork.queue,rho,,,0.101694915254
Phase4_Trade-24-20260929-20:19:51-76,scalar,DectScheduledAccessNetwork.queue,lambda_per_ms,,,0.24406779641435
Phase4_Trade-24-20260929-20:19:51-76,scalar,DectScheduledAccessNetwork.queue,lambda_sat_per_ms,,,0.20338983049469
Phase4_Trade-24-20260929-20:19:51-76,scalar,DectScheduledAccessNetwork.queue,rho_sat,,,0.084745762773916
Phase4_Trade-24-20260929-20:19:51-76,scalar,DectScheduledAccessNetwork.queue,blocking_probability,,,0.16924175970229
Phase4_Trade-24-20260929-20:19:51-76,scalar,DectScheduledAccessNetwork.queue,mean_type1_number,,,7.431963234359
Phase4_Trade-24-20260929-20:19:51-76,scalar,DectScheduledAccessNetwork.queue,mean_delay_direct_ms,,,36.740891100323
Phase4_Trade-24-20260929-20:19:51-76,scalar,DectScheduledAccessNetwork.queue,effective_throughput_departures_per_ms,,,0.20226788218168
Phase4_Trade-24-20260929-20:19:51-76,scalar,DectScheduledAccessNetwork.queue,mean_delay_little_ms,,,36.743170266071
Phase4_Trade-24-20260929-20:19:51-76,scalar,DectScheduledAccessNetwork.queue,little_vs_direct_relative_error,,,6.2033491275981e-05
Phase4_Trade-25-20260929-20:19:51-76,scalar,DectScheduledAccessNetwork.queue,D,,,10
Phase4_Trade-25-20260929-20:19:51-76,scalar,DectScheduledAccessNetwork.queue,r,,,10
Phase4_Trade-25-20260929-20:19:51-76,scalar,DectScheduledAccessNetwork.queue,L_effective,,,2
Phase4_Trade-25-20260929-20:19:51-76,scalar,DectScheduledAccessNetwork.queue,rho,,,0.101694915254
Phase4_Trade-25-20260929-20:19:51-76,scalar,DectScheduledAccessNetwork.queue,lambda_per_ms,,,0.24406779641435
Phase4_Trade-25-20260929-20:19:51-76,scalar,DectScheduledAccessNetwork.queue,lambda_sat_per_ms,,,0.20338983049469
Phase4_Trade-25-20260929-20:19:51-76,scalar,DectScheduledAccessNetwork.queue,rho_sat,,,0.084745762773916
Phase4_Trade-25-20260929-20:19:51-76,scalar,DectScheduledAccessNetwork.queue,blocking_probability,,,0.17037338133674
Phase4_Trade-25-20260929-20:19:51-76,scalar,DectScheduledAccessNetwork.queue,mean_type1_number,,,7.4817497249304
Phase4_Trade-25-20260929-20:19:51-76,scalar,DectScheduledAccessNetwork.queue,mean_delay_direct_ms,,,36.941718159337
Phase4_Trade-25-20260929-20:19:51-76,scalar,DectScheduledAccessNetwork.queue,effective_throughput_departures_per_ms,,,0.20250846952137
Phase4_Trade-25-20260929-20:19:51-76,scalar,DectScheduledAccessNetwork.queue,mean_delay_little_ms,,,36.945366989408
Phase4_Trade-25-20260929-20:19:51-76,scalar,DectScheduledAccessNetwork.queue,little_vs_direct_relative_error,,,9.8772614083975e-05
Phase4_Trade-26-20260929-20:19:51-76,scalar,DectScheduledAccessNetwork.queue,D,,,10
Phase4_Trade-26-20260929-20:19:51-76,scalar,DectScheduledAccessNetwork.queue,r,,,10
Phase4_Trade-26-20260929-20:19:51-76,scalar,DectScheduledAccessNetwork.queue,L_effective,,,2
Phase4_Trade-26-20260929-20:19:51-76,scalar,DectScheduledAccessNetwork.queue,rho,,,0.101694915254
Phase4_Trade-26-20260929-20:19:51-76,scalar,DectScheduledAccessNetwork.queue,lambda_per_ms,,,0.24406779641435
Phase4_Trade-26-20260929-20:19:51-76,scalar,DectScheduledAccessNetwork.queue,lambda_sat_per_ms,,,0.20338983049469
Phase4_Trade-26-20260929-20:19:51-76,scalar,DectScheduledAccessNetwork.queue,rho_sat,,,0.084745762773916
Phase4_Trade-26-20260929-20:19:51-76,scalar,DectScheduledAccessNetwork.queue,blocking_probability,,,0.16946534456126
Phase4_Trade-26-20260929-20:19:51-76,scalar,DectScheduledAccessNetwork.queue,mean_type1_number,,,7.3845021015086
Phase4_Trade-26-20260929-20:19:51-76,scalar,DectScheduledAccessNetwork.queue,mean_delay_direct_ms,,,36.511842348462
Phase4_Trade-26-20260929-20:19:51-76,scalar,DectScheduledAccessNetwork.queue,effective_throughput_departures_per_ms,,,0.20223026371615
Phase4_Trade-26-20260929-20:19:51-76,scalar,DectScheduledAccessNetwork.queue,mean_delay_little_ms,,,36.51531657929
Phase4_Trade-26-20260929-20:19:51-76,scalar,DectScheduledAccessNetwork.queue,little_vs_direct_relative_error,,,9.515353388867e-05
Phase4_Trade-27-20260929-20:19:51-76,scalar,DectScheduledAccessNetwork.queue,D,,,10
Phase4_Trade-27-20260929-20:19:51-76,scalar,DectScheduledAccessNetwork.queue,r,,,20
Phase4_Trade-27-20260929-20:19:51-76,scalar,DectScheduledAccessNetwork.queue,L_effective,,,2
Phase4_Trade-27-20260929-20:19:51-76,scalar,DectScheduledAccessNetwork.queue,rho,,,0.067796610169
Phase4_Trade-27-20260929-20:19:51-76,scalar,DectScheduledAccessNetwork.queue,lambda_per_ms,,,0.16271186427543
Phase4_Trade-27-20260929-20:19:51-76,scalar,DectScheduledAccessNetwork.queue,lambda_sat_per_ms,,,0.20338983049469
Phase4_Trade-27-20260929-20:19:51-76,scalar,DectScheduledAccessNetwork.queue,rho_sat,,,0.084745762773916
Phase4_Trade-27-20260929-20:19:51-76,scalar,DectScheduledAccessNetwork.queue,blocking_probability,,,3.9996400323971e-05
Phase4_Trade-27-20260929-20:19:51-76,scalar,DectScheduledAccessNetwork.queue,mean_type1_number,,,2.313569491377
Phase4_Trade-27-20260929-20:19:51-76,scalar,DectScheduledAccessNetwork.queue,mean_delay_direct_ms,,,14.174916478613
Phase4_Trade-27-20260929-20:19:51-76,scalar,DectScheduledAccessNetwork.queue,effective_throughput_departures_per_ms,,,0.16320673799046
Phase4_Trade-27-20260929-20:19:51-76,scalar,DectScheduledAccessNetwork.queue,mean_delay_little_ms,,,14.175698380248
Phase4_Trade-27-20260929-20:19:51-76,scalar,DectScheduledAccessNetwork.queue,little_vs_direct_relative_error,,,5.5160934188336e-05
Phase4_Trade-28-20260929-20:19:51-76,scalar,DectScheduledAccessNetwork.queue,D,,,10
Phase4_Trade-28-20260929-20:19:51-76,scalar,DectScheduledAccessNetwork.queue,r,,,20
Phase4_Trade-28-20260929-20:19:51-76,scalar,DectScheduledAccessNetwork.queue,L_effective,,,2
Phase4_Trade-28-20260929-20:19:51-76,scalar,DectScheduledAccessNetwork.queue,rho,,,0.067796610169
Phase4_Trade-28-20260929-20:19:51-76,scalar,DectScheduledAccessNetwork.queue,lambda_per_ms,,,0.16271186427543
Phase4_Trade-28-20260929-20:19:51-76,scalar,DectScheduledAccessNetwork.queue,lambda_sat_per_ms,,,0.20338983049469
Phase4_Trade-28-20260929-20:19:51-76,scalar,DectScheduledAccessNetwork.queue,rho_sat,,,0.084745762773916
Phase4_Trade-28-20260929-20:19:51-76,scalar,DectScheduledAccessNetwork.queue,blocking_probability,,,9.999900001e-06
Phase4_Trade-28-20260929-20:19:51-76,scalar,DectScheduledAccessNetwork.queue,mean_type1_number,,,2.233713106153
Phase4_Trade-28-20260929-20:19:51-76,scalar,DectScheduledAccessNetwork.queue,mean_delay_direct_ms,,,13.717043277089
Phase4_Trade-28-20260929-20:19:51-76,scalar,DectScheduledAccessNetwork.queue,effective_throughput_departures_per_ms,,,0.16284217094246
Phase4_Trade-28-20260929-20:19:51-76,scalar,DectScheduledAccessNetwork.queue,mean_delay_little_ms,,,13.717043277089
Phase4_Trade-28-20260929-20:19:51-76,scalar,DectScheduledAccessNetwork.queue,little_vs_direct_relative_error,,,3.1530333899354e-14
Phase4_Trade-29-20260929-20:19:51-76,scalar,DectScheduledAccessNetwork.queue,D,,,10
Phase4_Trade-29-20260929-20:19:51-76,scalar,DectScheduledAccessNetwork.queue,r,,,20
Phase4_Trade-29-20260929-20:19:51-76,scalar,DectScheduledAccessNetwork.queue,L_effective,,,2
Phase4_Trade-29-20260929-20:19:51-76,scalar,DectScheduledAccessNetwork.queue,rho,,,0.067796610169
Phase4_Trade-29-20260929-20:19:51-76,scalar,DectScheduledAccessNetwork.queue,lambda_per_ms,,,0.16271186427543
Phase4_Trade-29-20260929-20:19:51-76,scalar,DectScheduledAccessNetwork.queue,lambda_sat_per_ms,,,0.20338983049469
Phase4_Trade-29-20260929-20:19:51-76,scalar,DectScheduledAccessNetwork.queue,rho_sat,,,0.084745762773916
Phase4_Trade-29-20260929-20:19:51-76,scalar,DectScheduledAccessNetwork.queue,blocking_probability,,,2.9998200107994e-05
Phase4_Trade-29-20260929-20:19:51-76,scalar,DectScheduledAccessNetwork.queue,mean_type1_number,,,2.2570374715249
Phase4_Trade-29-20260929-20:19:51-76,scalar,DectScheduledAccessNetwork.queue,mean_delay_direct_ms,,,13.885667577861
Phase4_Trade-29-20260929-20:19:51-76,scalar,DectScheduledAccessNetwork.queue,effective_throughput_departures_per_ms,,,0.16254122798135
Phase4_Trade-29-20260929-20:19:51-76,scalar,DectScheduledAccessNetwork.queue,mean_delay_little_ms,,,13.885938352723
Phase4_Trade-29-20260929-20:19:51-76,scalar,DectScheduledAccessNetwork.queue,little_vs_direct_relative_error,,,1.9500312837595e-05
Phase4_Trade-30-20260929-20:19:51-76,scalar,DectScheduledAccessNetwork.queue,D,,,10
Phase4_Trade-30-20260929-20:19:51-76,scalar,DectScheduledAccessNetwork.queue,r,,,20
Phase4_Trade-30-20260929-20:19:51-76,scalar,DectScheduledAccessNetwork.queue,L_effective,,,2
Phase4_Trade-30-20260929-20:19:51-76,scalar,DectScheduledAccessNetwork.queue,rho,,,0.084745762712
Phase4_Trade-30-20260929-20:19:51-76,scalar,DectScheduledAccessNetwork.queue,lambda_per_ms,,,0.20338983034609
Phase4_Trade-30-20260929-20:19:51-76,scalar,DectScheduledAccessNetwork.queue,lambda_sat_per_ms,,,0.20338983049469
Phase4_Trade-30-20260929-20:19:51-76,scalar,DectScheduledAccessNetwork.queue,rho_sat,,,0.084745762773916
Phase4_Trade-30-20260929-20:19:51-76,scalar,DectScheduledAccessNetwork.queue,blocking_probability,,,0.026458477323391
Phase4_Trade-30-20260929-20:19:51-76,scalar,DectScheduledAccessNetwork.queue,mean_type1_number,,,9.9640468142694
Phase4_Trade-30-20260929-20:19:51-76,scalar,DectScheduledAccessNetwork.queue,mean_delay_direct_ms,,,50.323133041744
Phase4_Trade-30-20260929-20:19:51-76,scalar,DectScheduledAccessNetwork.queue,effective_throughput_departures_per_ms,,,0.19797415781241
Phase4_Trade-30-20260929-20:19:51-76,scalar,DectScheduledAccessNetwork.queue,mean_delay_little_ms,,,50.33003763911
Phase4_Trade-30-20260929-20:19:51-76,scalar,DectScheduledAccessNetwork.queue,little_vs_direct_relative_error,,,0.00013720523641969
Phase4_Trade-31-20260929-20:19:52-76,scalar,DectScheduledAccessNetwork.queue,D,,,10
Phase4_Trade-31-20260929-20:19:52-76,scalar,DectScheduledAccessNetwork.queue,r,,,20
Phase4_Trade-31-20260929-20:19:52-76,scalar,DectScheduledAccessNetwork.queue,L_effective,,,2
Phase4_Trade-31-20260929-20:19:52-76,scalar,DectScheduledAccessNetwork.queue,rho,,,0.084745762712
Phase4_Trade-31-20260929-20:19:52-76,scalar,DectScheduledAccessNetwork.queue,lambda_per_ms,,,0.20338983034609
Phase4_Trade-31-20260929-20:19:52-76,scalar,DectScheduledAccessNetwork.queue,lambda_sat_per_ms,,,0.20338983049469
Phase4_Trade-31-20260929-20:19:52-76,scalar,DectScheduledAccessNetwork.queue,rho_sat,,,0.084745762773916
Phase4_Trade-31-20260929-20:19:52-76,scalar,DectScheduledAccessNetwork.queue,blocking_probability,,,0.024062762241174
Phase4_Trade-31-20260929-20:19:52-76,scalar,DectScheduledAccessNetwork.queue,mean_type1_number,,,9.7315385345321
Phase4_Trade-31-20260929-20:19:52-76,scalar,DectScheduledAccessNetwork.queue,mean_delay_direct_ms,,,49.141959698124
Phase4_Trade-31-20260929-20:19:52-76,scalar,DectScheduledAccessNetwork.queue,effective_throughput_departures_per_ms,,,0.19799856164717
Phase4_Trade-31-20260929-20:19:52-76,scalar,DectScheduledAccessNetwork.queue,mean_delay_little_ms,,,49.149541560173
Phase4_Trade-31-20260929-20:19:52-76,scalar,DectScheduledAccessNetwork.queue,little_vs_direct_relative_error,,,0.0001542848941245
Phase4_Trade-32-20260929-20:19:52-76,scalar,DectScheduledAccessNetwork.queue,D,,,10
Phase4_Trade-32-20260929-20:19:52-76,scalar,DectScheduledAccessNetwork.queue,r,,,20
Phase4_Trade-32-20260929-20:19:52-76,scalar,DectScheduledAccessNetwork.queue,L_effective,,,2
Phase4_Trade-32-20260929-20:19:52-76,scalar,DectScheduledAccessNetwork.queue,rho,,,0.084745762712
Phase4_Trade-32-20260929-20:19:52-76,scalar,DectScheduledAccessNetwork.queue,lambda_per_ms,,,0.20338983034609
Phase4_Trade-32-20260929-20:19:52-76,scalar,DectScheduledAccessNetwork.queue,lambda_sat_per_ms,,,0.20338983049469
Phase4_Trade-32-20260929-20:19:52-76,scalar,DectScheduledAccessNetwork.queue,rho_sat,,,0.084745762773916
Phase4_Trade-32-20260929-20:19:52-76,scalar,DectScheduledAccessNetwork.queue,blocking_probability,,,0.026942349793238
Phase4_Trade-32-20260929-20:19:52-76,scalar,DectScheduledAccessNetwork.queue,mean_type1_number,,,10.012595220255
Phase4_Trade-32-20260929-20:19:52-76,scalar,DectScheduledAccessNetwork.queue,mean_delay_direct_ms,,,50.543673234321
Phase4_Trade-32-20260929-20:19:52-76,scalar,DectScheduledAccessNetwork.queue,effective_throughput_departures_per_ms,,,0.19809200825776
Phase4_Trade-32-20260929-20:19:52-76,scalar,DectScheduledAccessNetwork.queue,mean_delay_little_ms,,,50.545174983668
Phase4_Trade-32-20260929-20:19:52-76,scalar,DectScheduledAccessNetwork.queue,little_vs_direct_relative_error,,,2.9711915472408e-05
Phase4_Trade-33-20260929-20:19:52-76,scalar,DectScheduledAccessNetwork.queue,D,,,10
Phase4_Trade-33-20260929-20:19:52-76,scalar,DectScheduledAccessNetwork.queue,r,,,20
Phase4_Trade-33-20260929-20:19:52-76,scalar,DectScheduledAccessNetwork.queue,L_effective,,,2
Phase4_Trade-33-20260929-20:19:52-76,scalar,DectScheduledAccessNetwork.queue,rho,,,0.101694915254
Phase4_Trade-33-20260929-20:19:52-76,scalar,DectScheduledAccessNetwork.queue,lambda_per_ms,,,0.24406779641435
Phase4_Trade-33-20260929-20:19:52-76,scalar,DectScheduledAccessNetwork.queue,lambda_sat_per_ms,,,0.20338983049469
Phase4_Trade-33-20260929-20:19:52-76,scalar,DectScheduledAccessNetwork.queue,rho_sat,,,0.084745762773916
Phase4_Trade-33-20260929-20:19:52-76,scalar,DectScheduledAccessNetwork.queue,blocking_probability,,,0.16283877663759
Phase4_Trade-33-20260929-20:19:52-76,scalar,DectScheduledAccessNetwork.queue,mean_type1_number,,,17.096553515889
Phase4_Trade-33-20260929-20:19:52-76,scalar,DectScheduledAccessNetwork.queue,mean_delay_direct_ms,,,84.041725734861
Phase4_Trade-33-20260929-20:19:52-76,scalar,DectScheduledAccessNetwork.queue,effective_throughput_departures_per_ms,,,0.20338949692213
Phase4_Trade-33-20260929-20:19:52-76,scalar,DectScheduledAccessNetwork.queue,mean_delay_little_ms,,,84.058192653061
Phase4_Trade-33-20260929-20:19:52-76,scalar,DectScheduledAccessNetwork.queue,little_vs_direct_relative_error,,,0.00019593741151658
Phase4_Trade-34-20260929-20:19:52-76,scalar,DectScheduledAccessNetwork.queue,D,,,10
Phase4_Trade-34-20260929-20:19:52-76,scalar,DectScheduledAccessNetwork.queue,r,,,20
Phase4_Trade-34-20260929-20:19:52-76,scalar,DectScheduledAccessNetwork.queue,L_effective,,,2
Phase4_Trade-34-20260929-20:19:52-76,scalar,DectScheduledAccessNetwork.queue,rho,,,0.101694915254
Phase4_Trade-34-20260929-20:19:52-76,scalar,DectScheduledAccessNetwork.queue,lambda_per_ms,,,0.24406779641435
Phase4_Trade-34-20260929-20:19:52-76,scalar,DectScheduledAccessNetwork.queue,lambda_sat_per_ms,,,0.20338983049469
Phase4_Trade-34-20260929-20:19:52-76,scalar,DectScheduledAccessNetwork.queue,rho_sat,,,0.084745762773916
Phase4_Trade-34-20260929-20:19:52-76,scalar,DectScheduledAccessNetwork.queue,blocking_probability,,,0.16538297854586
Phase4_Trade-34-20260929-20:19:52-76,scalar,DectScheduledAccessNetwork.queue,mean_type1_number,,,17.263006670227
Phase4_Trade-34-20260929-20:19:52-76,scalar,DectScheduledAccessNetwork.queue,mean_delay_direct_ms,,,84.888083378391
Phase4_Trade-34-20260929-20:19:52-76,scalar,DectScheduledAccessNetwork.queue,effective_throughput_departures_per_ms,,,0.20332447786068
Phase4_Trade-34-20260929-20:19:52-76,scalar,DectScheduledAccessNetwork.queue,mean_delay_little_ms,,,84.903730489626
Phase4_Trade-34-20260929-20:19:52-76,scalar,DectScheduledAccessNetwork.queue,little_vs_direct_relative_error,,,0.00018432635785892
Phase4_Trade-35-20260929-20:19:52-76,scalar,DectScheduledAccessNetwork.queue,D,,,10
Phase4_Trade-35-20260929-20:19:52-76,scalar,DectScheduledAccessNetwork.queue,r,,,20
Phase4_Trade-35-20260929-20:19:52-76,scalar,DectScheduledAccessNetwork.queue,L_effective,,,2
Phase4_Trade-35-20260929-20:19:52-76,scalar,DectScheduledAccessNetwork.queue,rho,,,0.101694915254
Phase4_Trade-35-20260929-20:19:52-76,scalar,DectScheduledAccessNetwork.queue,lambda_per_ms,,,0.24406779641435
Phase4_Trade-35-20260929-20:19:52-76,scalar,DectScheduledAccessNetwork.queue,lambda_sat_per_ms,,,0.20338983049469
Phase4_Trade-35-20260929-20:19:52-76,scalar,DectScheduledAccessNetwork.queue,rho_sat,,,0.084745762773916
Phase4_Trade-35-20260929-20:19:52-76,scalar,DectScheduledAccessNetwork.queue,blocking_probability,,,0.16634855013878
Phase4_Trade-35-20260929-20:19:52-76,scalar,DectScheduledAccessNetwork.queue,mean_type1_number,,,17.218619681972
Phase4_Trade-35-20260929-20:19:52-76,scalar,DectScheduledAccessNetwork.queue,mean_delay_direct_ms,,,84.664485512347
Phase4_Trade-35-20260929-20:19:52-76,scalar,DectScheduledAccessNetwork.queue,effective_throughput_departures_per_ms,,,0.20333671119045
Phase4_Trade-35-20260929-20:19:52-76,scalar,DectScheduledAccessNetwork.queue,mean_delay_little_ms,,,84.680329396324
Phase4_Trade-35-20260929-20:19:52-76,scalar,DectScheduledAccessNetwork.queue,little_vs_direct_relative_error,,,0.00018713730888975
Phase4_Trade-36-20260929-20:19:52-76,scalar,DectScheduledAccessNetwork.queue,D,,,10
Phase4_Trade-36-20260929-20:19:52-76,scalar,DectScheduledAccessNetwork.queue,r,,,30
Phase4_Trade-36-20260929-20:19:52-76,scalar,DectScheduledAccessNetwork.queue,L_effective,,,2
Phase4_Trade-36-20260929-20:19:52-76,scalar,DectScheduledAccessNetwork.queue,rho,,,0.067796610169
Phase4_Trade-36-20260929-20:19:52-76,scalar,DectScheduledAccessNetwork.queue,lambda_per_ms,,,0.16271186427543
Phase4_Trade-36-20260929-20:19:52-76,scalar,DectScheduledAccessNetwork.queue,lambda_sat_per_ms,,,0.20338983049469
Phase4_Trade-36-20260929-20:19:52-76,scalar,DectScheduledAccessNetwork.queue,rho_sat,,,0.084745762773916
Phase4_Trade-36-20260929-20:19:52-76,scalar,DectScheduledAccessNetwork.queue,blocking_probability,,,0
Phase4_Trade-36-20260929-20:19:52-76,scalar,DectScheduledAccessNetwork.queue,mean_type1_number,,,2.2602478064909
Phase4_Trade-36-20260929-20:19:52-76,scalar,DectScheduledAccessNetwork.queue,mean_delay_direct_ms,,,13.866609175546
Phase4_Trade-36-20260929-20:19:52-76,scalar,DectScheduledAccessNetwork.queue,effective_throughput_departures_per_ms,,,0.16299151901501
Phase4_Trade-36-20260929-20:19:52-76,scalar,DectScheduledAccessNetwork.queue,mean_delay_little_ms,,,13.867272482335
Phase4_Trade-36-20260929-20:19:52-76,scalar,DectScheduledAccessNetwork.queue,little_vs_direct_relative_error,,,4.7834822566983e-05
Phase4_Trade-37-20260929-20:19:52-76,scalar,DectScheduledAccessNetwork.queue,D,,,10
Phase4_Trade-37-20260929-20:19:52-76,scalar,DectScheduledAccessNetwork.queue,r,,,30
Phase4_Trade-37-20260929-20:19:52-76,scalar,DectScheduledAccessNetwork.queue,L_effective,,,2
Phase4_Trade-37-20260929-20:19:52-76,scalar,DectScheduledAccessNetwork.queue,rho,,,0.067796610169
Phase4_Trade-37-20260929-20:19:52-76,scalar,DectScheduledAccessNetwork.queue,lambda_per_ms,,,0.16271186427543
Phase4_Trade-37-20260929-20:19:52-76,scalar,DectScheduledAccessNetwork.queue,lambda_sat_per_ms,,,0.20338983049469
Phase4_Trade-37-20260929-20:19:52-76,scalar,DectScheduledAccessNetwork.queue,rho_sat,,,0.084745762773916
Phase4_Trade-37-20260929-20:19:52-76,scalar,DectScheduledAccessNetwork.queue,blocking_probability,,,0
Phase4_Trade-37-20260929-20:19:52-76,scalar,DectScheduledAccessNetwork.queue,mean_type1_number,,,2.2586940392789
Phase4_Trade-37-20260929-20:19:52-76,scalar,DectScheduledAccessNetwork.queue,mean_delay_direct_ms,,,13.875091727227
Phase4_Trade-37-20260929-20:19:52-76,scalar,DectScheduledAccessNetwork.queue,effective_throughput_departures_per_ms,,,0.16278381305429
Phase4_Trade-37-20260929-20:19:52-76,scalar,DectScheduledAccessNetwork.queue,mean_delay_little_ms,,,13.875421621471
Phase4_Trade-37-20260929-20:19:52-76,scalar,DectScheduledAccessNetwork.queue,little_vs_direct_relative_error,,,2.3776004527631e-05
Phase4_Trade-38-20260929-20:19:52-76,scalar,DectScheduledAccessNetwork.queue,D,,,10
Phase4_Trade-38-20260929-20:19:52-76,scalar,DectScheduledAccessNetwork.queue,r,,,30
Phase4_Trade-38-20260929-20:19:52-76,scalar,DectScheduledAccessNetwork.queue,L_effective,,,2
Phase4_Trade-38-20260929-20:19:52-76,scalar,DectScheduledAccessNetwork.queue,rho,,,0.067796610169
Phase4_Trade-38-20260929-20:19:52-76,scalar,DectScheduledAccessNetwork.queue,lambda_per_ms,,,0.16271186427543
Phase4_Trade-38-20260929-20:19:52-76,scalar,DectScheduledAccessNetwork.queue,lambda_sat_per_ms,,,0.20338983049469
Phase4_Trade-38-20260929-20:19:52-76,scalar,DectScheduledAccessNetwork.queue,rho_sat,,,0.084745762773916
Phase4_Trade-38-20260929-20:19:52-76,scalar,DectScheduledAccessNetwork.queue,blocking_probability,,,0
Phase4_Trade-38-20260929-20:19:52-76,scalar,DectScheduledAccessNetwork.queue,mean_type1_number,,,2.2928737791144
Phase4_Trade-38-20260929-20:19:52-76,scalar,DectScheduledAccessNetwork.queue,mean_delay_direct_ms,,,14.072847773625
Phase4_Trade-38-20260929-20:19:52-76,scalar,DectScheduledAccessNetwork.queue,effective_throughput_departures_per_ms,,,0.16292784131943
Phase4_Trade-38-20260929-20:19:52-76,scalar,DectScheduledAccessNetwork.queue,mean_delay_little_ms,,,14.072940269424
Phase4_Trade-38-20260929-20:19:52-76,scalar,DectScheduledAccessNetwork.queue,little_vs_direct_relative_error,,,6.5726425841905e-06
Phase4_Trade-39-20260929-20:19:52-76,scalar,DectScheduledAccessNetwork.queue,D,,,10
Phase4_Trade-39-20260929-20:19:52-76,scalar,DectScheduledAccessNetwork.queue,r,,,30
Phase4_Trade-39-20260929-20:19:52-76,scalar,DectScheduledAccessNetwork.queue,L_effective,,,2
Phase4_Trade-39-20260929-20:19:52-76,scalar,DectScheduledAccessNetwork.queue,rho,,,0.084745762712
Phase4_Trade-39-20260929-20:19:52-76,scalar,DectScheduledAccessNetwork.queue,lambda_per_ms,,,0.20338983034609
Phase4_Trade-39-20260929-20:19:52-76,scalar,DectScheduledAccessNetwork.queue,lambda_sat_per_ms,,,0.20338983049469
Phase4_Trade-39-20260929-20:19:52-76,scalar,DectScheduledAccessNetwork.queue,rho_sat,,,0.084745762773916
Phase4_Trade-39-20260929-20:19:52-76,scalar,DectScheduledAccessNetwork.queue,blocking_probability,,,0.017797159526195
Phase4_Trade-39-20260929-20:19:52-76,scalar,DectScheduledAccessNetwork.queue,mean_type1_number,,,14.815756300422
Phase4_Trade-39-20260929-20:19:52-76,scalar,DectScheduledAccessNetwork.queue,mean_delay_direct_ms,,,74.183605732887
Phase4_Trade-39-20260929-20:19:52-76,scalar,DectScheduledAccessNetwork.queue,effective_throughput_departures_per_ms,,,0.19967925598033
Phase4_Trade-39-20260929-20:19:52-76,scalar,DectScheduledAccessNetwork.queue,mean_delay_little_ms,,,74.197773963471
Phase4_Trade-39-20260929-20:19:52-76,scalar,DectScheduledAccessNetwork.queue,little_vs_direct_relative_error,,,0.00019098870220424
Phase4_Trade-40-20260929-20:19:52-76,scalar,DectScheduledAccessNetwork.queue,D,,,10
Phase4_Trade-40-20260929-20:19:52-76,scalar,DectScheduledAccessNetwork.queue,r,,,30
Phase4_Trade-40-20260929-20:19:52-76,scalar,DectScheduledAccessNetwork.queue,L_effective,,,2
Phase4_Trade-40-20260929-20:19:52-76,scalar,DectScheduledAccessNetwork.queue,rho,,,0.084745762712
Phase4_Trade-40-20260929-20:19:52-76,scalar,DectScheduledAccessNetwork.queue,lambda_per_ms,,,0.20338983034609
Phase4_Trade-40-20260929-20:19:52-76,scalar,DectScheduledAccessNetwork.queue,lambda_sat_per_ms,,,0.20338983049469
Phase4_Trade-40-20260929-20:19:52-76,scalar,DectScheduledAccessNetwork.queue,rho_sat,,,0.084745762773916
Phase4_Trade-40-20260929-20:19:52-76,scalar,DectScheduledAccessNetwork.queue,blocking_probability,,,0.013211512466577
Phase4_Trade-40-20260929-20:19:52-76,scalar,DectScheduledAccessNetwork.queue,mean_type1_number,,,14.412551602945
Phase4_Trade-40-20260929-20:19:52-76,scalar,DectScheduledAccessNetwork.queue,mean_delay_direct_ms,,,71.968108214375
Phase4_Trade-40-20260929-20:19:52-76,scalar,DectScheduledAccessNetwork.queue,effective_throughput_departures_per_ms,,,0.200223843514
Phase4_Trade-40-20260929-20:19:52-76,scalar,DectScheduledAccessNetwork.queue,mean_delay_little_ms,,,71.982194278161
Phase4_Trade-40-20260929-20:19:52-76,scalar,DectScheduledAccessNetwork.queue,little_vs_direct_relative_error,,,0.00019572647017063
Phase4_Trade-41-20260929-20:19:52-76,scalar,DectScheduledAccessNetwork.queue,D,,,10
Phase4_Trade-41-20260929-20:19:52-76,scalar,DectScheduledAccessNetwork.queue,r,,,30
Phase4_Trade-41-20260929-20:19:52-76,scalar,DectScheduledAccessNetwork.queue,L_effective,,,2
Phase4_Trade-41-20260929-20:19:52-76,scalar,DectScheduledAccessNetwork.queue,rho,,,0.084745762712
Phase4_Trade-41-20260929-20:19:52-76,scalar,DectScheduledAccessNetwork.queue,lambda_per_ms,,,0.20338983034609
Phase4_Trade-41-20260929-20:19:52-76,scalar,DectScheduledAccessNetwork.queue,lambda_sat_per_ms,,,0.20338983049469
Phase4_Trade-41-20260929-20:19:52-76,scalar,DectScheduledAccessNetwork.queue,rho_sat,,,0.084745762773916
Phase4_Trade-41-20260929-20:19:52-76,scalar,DectScheduledAccessNetwork.queue,blocking_probability,,,0.016646182586893
Phase4_Trade-41-20260929-20:19:52-76,scalar,DectScheduledAccessNetwork.queue,mean_type1_number,,,14.893443163316
Phase4_Trade-41-20260929-20:19:52-76,scalar,DectScheduledAccessNetwork.queue,mean_delay_direct_ms,,,74.556317530365
Phase4_Trade-41-20260929-20:19:52-76,scalar,DectScheduledAccessNetwork.queue,effective_throughput_departures_per_ms,,,0.19970418148867
Phase4_Trade-41-20260929-20:19:52-76,scalar,DectScheduledAccessNetwork.queue,mean_delay_little_ms,,,74.577522875559
Phase4_Trade-41-20260929-20:19:52-76,scalar,DectScheduledAccessNetwork.queue,little_vs_direct_relative_error,,,0.00028442050113009
Phase4_Trade-42-20260929-20:19:52-76,scalar,DectScheduledAccessNetwork.queue,D,,,10
Phase4_Trade-42-20260929-20:19:52-76,scalar,DectScheduledAccessNetwork.queue,r,,,30
Phase4_Trade-42-20260929-20:19:52-76,scalar,DectScheduledAccessNetwork.queue,L_effective,,,2
Phase4_Trade-42-20260929-20:19:52-76,scalar,DectScheduledAccessNetwork.queue,rho,,,0.101694915254
Phase4_Trade-42-20260929-20:19:52-76,scalar,DectScheduledAccessNetwork.queue,lambda_per_ms,,,0.24406779641435
Phase4_Trade-42-20260929-20:19:52-76,scalar,DectScheduledAccessNetwork.queue,lambda_sat_per_ms,,,0.20338983049469
Phase4_Trade-42-20260929-20:19:52-76,scalar,DectScheduledAccessNetwork.queue,rho_sat,,,0.084745762773916
Phase4_Trade-42-20260929-20:19:52-76,scalar,DectScheduledAccessNetwork.queue,blocking_probability,,,0.16470706125994
Phase4_Trade-42-20260929-20:19:52-76,scalar,DectScheduledAccessNetwork.queue,mean_type1_number,,,27.114820318977
Phase4_Trade-42-20260929-20:19:52-76,scalar,DectScheduledAccessNetwork.queue,mean_delay_direct_ms,,,133.30368214875
Phase4_Trade-42-20260929-20:19:52-76,scalar,DectScheduledAccessNetwork.queue,effective_throughput_departures_per_ms,,,0.20334856958842
Phase4_Trade-42-20260929-20:19:52-76,scalar,DectScheduledAccessNetwork.queue,mean_delay_little_ms,,,133.34158373407
Phase4_Trade-42-20260929-20:19:52-76,scalar,DectScheduledAccessNetwork.queue,little_vs_direct_relative_error,,,0.00028432511922616
Phase4_Trade-43-20260929-20:19:52-76,scalar,DectScheduledAccessNetwork.queue,D,,,10
Phase4_Trade-43-20260929-20:19:52-76,scalar,DectScheduledAccessNetwork.queue,r,,,30
Phase4_Trade-43-20260929-20:19:52-76,scalar,DectScheduledAccessNetwork.queue,L_effective,,,2
Phase4_Trade-43-20260929-20:19:52-76,scalar,DectScheduledAccessNetwork.queue,rho,,,0.101694915254
Phase4_Trade-43-20260929-20:19:52-76,scalar,DectScheduledAccessNetwork.queue,lambda_per_ms,,,0.24406779641435
Phase4_Trade-43-20260929-20:19:52-76,scalar,DectScheduledAccessNetwork.queue,lambda_sat_per_ms,,,0.20338983049469
Phase4_Trade-43-20260929-20:19:52-76,scalar,DectScheduledAccessNetwork.queue,rho_sat,,,0.084745762773916
Phase4_Trade-43-20260929-20:19:52-76,scalar,DectScheduledAccessNetwork.queue,blocking_probability,,,0.16639721324044
Phase4_Trade-43-20260929-20:19:52-76,scalar,DectScheduledAccessNetwork.queue,mean_type1_number,,,27.291852416669
Phase4_Trade-43-20260929-20:19:52-76,scalar,DectScheduledAccessNetwork.queue,mean_delay_direct_ms,,,134.19260539209
Phase4_Trade-43-20260929-20:19:52-76,scalar,DectScheduledAccessNetwork.queue,effective_throughput_departures_per_ms,,,0.20331661916464
Phase4_Trade-43-20260929-20:19:52-76,scalar,DectScheduledAccessNetwork.queue,mean_delay_little_ms,,,134.23325908527
Phase4_Trade-43-20260929-20:19:52-76,scalar,DectScheduledAccessNetwork.queue,little_vs_direct_relative_error,,,0.0003029503232681
Phase4_Trade-44-20260929-20:19:52-76,scalar,DectScheduledAccessNetwork.queue,D,,,10
Phase4_Trade-44-20260929-20:19:52-76,scalar,DectScheduledAccessNetwork.queue,r,,,30
Phase4_Trade-44-20260929-20:19:52-76,scalar,DectScheduledAccessNetwork.queue,L_effective,,,2
Phase4_Trade-44-20260929-20:19:52-76,scalar,DectScheduledAccessNetwork.queue,rho,,,0.101694915254
Phase4_Trade-44-20260929-20:19:52-76,scalar,DectScheduledAccessNetwork.queue,lambda_per_ms,,,0.24406779641435
Phase4_Trade-44-20260929-20:19:52-76,scalar,DectScheduledAccessNetwork.queue,lambda_sat_per_ms,,,0.20338983049469
Phase4_Trade-44-20260929-20:19:52-76,scalar,DectScheduledAccessNetwork.queue,rho_sat,,,0.084745762773916
Phase4_Trade-44-20260929-20:19:52-76,scalar,DectScheduledAccessNetwork.queue,blocking_probability,,,0.16743938271502
Phase4_Trade-44-20260929-20:19:52-76,scalar,DectScheduledAccessNetwork.queue,mean_type1_number,,,27.214945760657
Phase4_Trade-44-20260929-20:19:52-76,scalar,DectScheduledAccessNetwork.queue,mean_delay_direct_ms,,,133.82871058516
Phase4_Trade-44-20260929-20:19:52-76,scalar,DectScheduledAccessNetwork.queue,effective_throughput_departures_per_ms,,,0.20330952520697
Phase4_Trade-44-20260929-20:19:52-76,scalar,DectScheduledAccessNetwork.queue,mean_delay_little_ms,,,133.85966905855
Phase4_Trade-44-20260929-20:19:52-76,scalar,DectScheduledAccessNetwork.queue,little_vs_direct_relative_error,,,0.00023132908669865
Phase4_Trade-9-20260929-20:19:51-76,scalar,DectScheduledAccessNetwork.queue,D,,,10
Phase4_Trade-9-20260929-20:19:51-76,scalar,DectScheduledAccessNetwork.queue,r,,,5
Phase4_Trade-9-20260929-20:19:51-76,scalar,DectScheduledAccessNetwork.queue,L_effective,,,2
Phase4_Trade-9-20260929-20:19:51-76,scalar,DectScheduledAccessNetwork.queue,rho,,,0.067796610169
Phase4_Trade-9-20260929-20:19:51-76,scalar,DectScheduledAccessNetwork.queue,lambda_per_ms,,,0.16271186427543
Phase4_Trade-9-20260929-20:19:51-76,scalar,DectScheduledAccessNetwork.queue,lambda_sat_per_ms,,,0.20338983049469
Phase4_Trade-9-20260929-20:19:51-76,scalar,DectScheduledAccessNetwork.queue,rho_sat,,,0.084745762773916
Phase4_Trade-9-20260929-20:19:51-76,scalar,DectScheduledAccessNetwork.queue,blocking_probability,,,0.037414933246061
Phase4_Trade-9-20260929-20:19:51-76,scalar,DectScheduledAccessNetwork.queue,mean_type1_number,,,1.5864728086254
Phase4_Trade-9-20260929-20:19:51-76,scalar,DectScheduledAccessNetwork.queue,mean_delay_direct_ms,,,10.085024678487
Phase4_Trade-9-20260929-20:19:51-76,scalar,DectScheduledAccessNetwork.queue,effective_throughput_departures_per_ms,,,0.15730841558118
Phase4_Trade-9-20260929-20:19:51-76,scalar,DectScheduledAccessNetwork.queue,mean_delay_little_ms,,,10.085110849055
Phase4_Trade-9-20260929-20:19:51-76,scalar,DectScheduledAccessNetwork.queue,little_vs_direct_relative_error,,,8.5444082629227e-06
Phase4_Trade-10-20260929-20:19:51-76,scalar,DectScheduledAccessNetwork.queue,D,,,10
Phase4_Trade-10-20260929-20:19:51-76,scalar,DectScheduledAccessNetwork.queue,r,,,5
Phase4_Trade-10-20260929-20:19:51-76,scalar,DectScheduledAccessNetwork.queue,L_effective,,,2
Phase4_Trade-10-20260929-20:19:51-76,scalar,DectScheduledAccessNetwork.queue,rho,,,0.067796610169
Phase4_Trade-10-20260929-20:19:51-76,scalar,DectScheduledAccessNetwork.queue,lambda_per_ms,,,0.16271186427543
Phase4_Trade-10-20260929-20:19:51-76,scalar,DectScheduledAccessNetwork.queue,lambda_sat_per_ms,,,0.20338983049469
Phase4_Trade-10-20260929-20:19:51-76,scalar,DectScheduledAccessNetwork.queue,rho_sat,,,0.084745762773916
Phase4_Trade-10-20260929-20:19:51-76,scalar,DectScheduledAccessNetwork.queue,blocking_probability,,,0.035986619494279
Phase4_Trade-10-20260929-20:19:51-76,scalar,DectScheduledAccessNetwork.queue,mean_type1_number,,,1.576681752487
Phase4_Trade-10-20260929-20:19:51-76,scalar,DectScheduledAccessNetwork.queue,mean_delay_direct_ms,,,10.039874319548
Phase4_Trade-10-20260929-20:19:51-76,scalar,DectScheduledAccessNetwork.queue,effective_throughput_departures_per_ms,,,0.15704198103526
Phase4_Trade-10-20260929-20:19:51-76,scalar,DectScheduledAccessNetwork.queue,mean_delay_little_ms,,,10.039874319549
Phase4_Trade-10-20260929-20:19:51-76,scalar,DectScheduledAccessNetwork.queue,little_vs_direct_relative_error,,,7.8159700933611e-14
Phase4_Trade-11-20260929-20:19:51-76,scalar,DectScheduledAccessNetwork.queue,D,,,10
Phase4_Trade-11-20260929-20:19:51-76,scalar,DectScheduledAccessNetwork.queue,r,,,5
Phase4_Trade-11-20260929-20:19:51-76,scalar,DectScheduledAccessNetwork.queue,L_effective,,,2
Phase4_Trade-11-20260929-20:19:51-76,scalar,DectScheduledAccessNetwork.queue,rho,,,0.067796610169
Phase4_Trade-11-20260929-20:19:51-76,scalar,DectScheduledAccessNetwork.queue,lambda_per_ms,,,0.16271186427543
Phase4_Trade-11-20260929-20:19:51-76,scalar,DectScheduledAccessNetwork.queue,lambda_sat_per_ms,,,0.20338983049469
Phase4_Trade-11-20260929-20:19:51-76,scalar,DectScheduledAccessNetwork.queue,rho_sat,,,0.084745762773916
Phase4_Trade-11-20260929-20:19:51-76,scalar,DectScheduledAccessNetwork.queue,blocking_probability,,,0.035232600767939
Phase4_Trade-11-20260929-20:19:51-76,scalar,DectScheduledAccessNetwork.queue,mean_type1_number,,,1.5685841016215
Phase4_Trade-11-20260929-20:19:51-76,scalar,DectScheduledAccessNetwork.queue,mean_delay_direct_ms,,,10.024044172742
Phase4_Trade-11-20260929-20:19:51-76,scalar,DectScheduledAccessNetwork.queue,effective_throughput_departures_per_ms,,,0.15648031252788
Phase4_Trade-11-20260929-20:19:51-76,scalar,DectScheduledAccessNetwork.queue,mean_delay_little_ms,,,10.024162632868
Phase4_Trade-11-20260929-20:19:51-76,scalar,DectScheduledAccessNetwork.queue,little_vs_direct_relative_error,,,1.1817598210673e-05
Phase4_Trade-12-20260929-20:19:51-76,scalar,DectScheduledAccessNetwork.queue,D,,,10
Phase4_Trade-12-20260929-20:19:51-76,scalar,DectScheduledAccessNetwork.queue,r,,,5
Phase4_Trade-12-20260929-20:19:51-76,scalar,DectScheduledAccessNetwork.queue,L_effective,,,2
Phase4_Trade-12-20260929-20:19:51-76,scalar,DectScheduledAccessNetwork.queue,rho,,,0.084745762712
Phase4_Trade-12-20260929-20:19:51-76,scalar,DectScheduledAccessNetwork.queue,lambda_per_ms,,,0.20338983034609
Phase4_Trade-12-20260929-20:19:51-76,scalar,DectScheduledAccessNetwork.queue,lambda_sat_per_ms,,,0.20338983049469
Phase4_Trade-12-20260929-20:19:51-76,scalar,DectScheduledAccessNetwork.queue,rho_sat,,,0.084745762773916
Phase4_Trade-12-20260929-20:19:51-76,scalar,DectScheduledAccessNetwork.queue,blocking_probability,,,0.10394975000448
Phase4_Trade-12-20260929-20:19:51-76,scalar,DectScheduledAccessNetwork.queue,mean_type1_number,,,2.4188995164544
Phase4_Trade-12-20260929-20:19:51-76,scalar,DectScheduledAccessNetwork.queue,mean_delay_direct_ms,,,13.220147499185
Phase4_Trade-12-20260929-20:19:51-76,scalar,DectScheduledAccessNetwork.queue,effective_throughput_departures_per_ms,,,0.18296871017715
Phase4_Trade-12-20260929-20:19:51-76,scalar,DectScheduledAccessNetwork.queue,mean_delay_little_ms,,,13.220290584726
Phase4_Trade-12-20260929-20:19:51-76,scalar,DectScheduledAccessNetwork.queue,little_vs_direct_relative_error,,,1.0823293857154e-05
Phase4_Trade-13-20260929-20:19:51-76,scalar,DectScheduledAccessNetwork.queue,D,,,10
Phase4_Trade-13-20260929-20:19:51-76,scalar,DectScheduledAccessNetwork.queue,r,,,5
Phase4_Trade-13-20260929-20:19:51-76,scalar,DectScheduledAccessNetwork.queue,L_effective,,,2
Phase4_Trade-13-20260929-20:19:51-76,scalar,DectScheduledAccessNetwork.queue,rho,,,0.084745762712
Phase4_Trade-13-20260929-20:19:51-76,scalar,DectScheduledAccessNetwork.queue,lambda_per_ms,,,0.20338983034609
Phase4_Trade-13-20260929-20:19:51-76,scalar,DectScheduledAccessNetwork.queue,lambda_sat_per_ms,,,0.20338983049469
Phase4_Trade-13-20260929-20:19:51-76,scalar,DectScheduledAccessNetwork.queue,rho_sat,,,0.084745762773916
Phase4_Trade-13-20260929-20:19:51-76,scalar,DectScheduledAccessNetwork.queue,blocking_probability,,,0.10197649044981
Phase4_Trade-13-20260929-20:19:51-76,scalar,DectScheduledAccessNetwork.queue,mean_type1_number,,,2.3872265357357
Phase4_Trade-13-20260929-20:19:51-76,scalar,DectScheduledAccessNetwork.queue,mean_delay_direct_ms,,,13.091454541151
Phase4_Trade-13-20260929-20:19:51-76,scalar,DectScheduledAccessNetwork.queue,effective_throughput_departures_per_ms,,,0.18234600605505
Phase4_Trade-13-20260929-20:19:51-76,scalar,DectScheduledAccessNetwork.queue,mean_delay_little_ms,,,13.091740188787
Phase4_Trade-13-20260929-20:19:51-76,scalar,DectScheduledAccessNetwork.queue,little_vs_direct_relative_error,,,2.1819396379019e-05
Phase4_Trade-14-20260929-20:19:51-76,scalar,DectScheduledAccessNetwork.queue,D,,,10
Phase4_Trade-14-20260929-20:19:51-76,scalar,DectScheduledAccessNetwork.queue,r,,,5
Phase4_Trade-14-20260929-20:19:51-76,scalar,DectScheduledAccessNetwork.queue,L_effective,,,2
Phase4_Trade-14-20260929-20:19:51-76,scalar,DectScheduledAccessNetwork.queue,rho,,,0.084745762712
Phase4_Trade-14-20260929-20:19:51-76,scalar,DectScheduledAccessNetwork.queue,lambda_per_ms,,,0.20338983034609
Phase4_Trade-14-20260929-20:19:51-76,scalar,DectScheduledAccessNetwork.queue,lambda_sat_per_ms,,,0.20338983049469
Phase4_Trade-14-20260929-20:19:51-76,scalar,DectScheduledAccessNetwork.queue,rho_sat,,,0.084745762773916
Phase4_Trade-14-20260929-20:19:51-76,scalar,DectScheduledAccessNetwork.queue,blocking_probability,,,0.10362044083506
Phase4_Trade-14-20260929-20:19:51-76,scalar,DectScheduledAccessNetwork.queue,mean_type1_number,,,2.3971700593426
Phase4_Trade-14-20260929-20:19:51-76,scalar,DectScheduledAccessNetwork.queue,mean_delay_direct_ms,,,13.153220284769
Phase4_Trade-14-20260929-20:19:51-76,scalar,DectScheduledAccessNetwork.queue,effective_throughput_departures_per_ms,,,0.18224782262119
Phase4_Trade-14-20260929-20:19:51-76,scalar,DectScheduledAccessNetwork.queue,mean_delay_little_ms,,,13.153353630595
Phase4_Trade-14-20260929-20:19:51-76,scalar,DectScheduledAccessNetwork.queue,little_vs_direct_relative_error,,,1.0137884388639e-05
Phase4_Trade-15-20260929-20:19:51-76,scalar,DectScheduledAccessNetwork.queue,D,,,10
Phase4_Trade-15-20260929-20:19:51-76,scalar,DectScheduledAccessNetwork.queue,r,,,5
Phase4_Trade-15-20260929-20:19:51-76,scalar,DectScheduledAccessNetwork.queue,L_effective,,,2
Phase4_Trade-15-20260929-20:19:51-76,scalar,DectScheduledAccessNetwork.queue,rho,,,0.101694915254
Phase4_Trade-15-20260929-20:19:51-76,scalar,DectScheduledAccessNetwork.queue,lambda_per_ms,,,0.24406779641435
Phase4_Trade-15-20260929-20:19:51-76,scalar,DectScheduledAccessNetwork.queue,lambda_sat_per_ms,,,0.20338983049469
Phase4_Trade-15-20260929-20:19:51-76,scalar,DectScheduledAccessNetwork.queue,rho_sat,,,0.084745762773916
Phase4_Trade-15-20260929-20:19:51-76,scalar,DectScheduledAccessNetwork.queue,blocking_probability,,,0.194907135324
Phase4_Trade-15-20260929-20:19:51-76,scalar,DectScheduledAccessNetwork.queue,mean_type1_number,,,3.114229895707
Phase4_Trade-15-20260929-20:19:51-76,scalar,DectScheduledAccessNetwork.queue,mean_delay_direct_ms,,,15.916759099039
Phase4_Trade-15-20260929-20:19:51-76,scalar,DectScheduledAccessNetwork.queue,effective_throughput_departures_per_ms,,,0.19565263267691
Phase4_Trade-15-20260929-20:19:51-76,scalar,DectScheduledAccessNetwork.queue,mean_delay_little_ms,,,15.917137700107
Phase4_Trade-15-20260929-20:19:51-76,scalar,DectScheduledAccessNetwork.queue,little_vs_direct_relative_error,,,2.3786316423857e-05
Phase4_Trade-16-20260929-20:19:51-76,scalar,DectScheduledAccessNetwork.queue,D,,,10
Phase4_Trade-16-20260929-20:19:51-76,scalar,DectScheduledAccessNetwork.queue,r,,,5
Phase4_Trade-16-20260929-20:19:51-76,scalar,DectScheduledAccessNetwork.queue,L_effective,,,2
Phase4_Trade-16-20260929-20:19:51-76,scalar,DectScheduledAccessNetwork.queue,rho,,,0.101694915254
Phase4_Trade-16-20260929-20:19:51-76,scalar,DectScheduledAccessNetwork.queue,lambda_per_ms,,,0.24406779641435
Phase4_Trade-16-20260929-20:19:51-76,scalar,DectScheduledAccessNetwork.queue,lambda_sat_per_ms,,,0.20338983049469
Phase4_Trade-16-20260929-20:19:51-76,scalar,DectScheduledAccessNetwork.queue,rho_sat,,,0.084745762773916
Phase4_Trade-16-20260929-20:19:51-76,scalar,DectScheduledAccessNetwork.queue,blocking_probability,,,0.19988478340881
Phase4_Trade-16-20260929-20:19:51-76,scalar,DectScheduledAccessNetwork.queue,mean_type1_number,,,3.1261318215624
Phase4_Trade-16-20260929-20:19:51-76,scalar,DectScheduledAccessNetwork.queue,mean_delay_direct_ms,,,15.980811593285
Phase4_Trade-16-20260929-20:19:51-76,scalar,DectScheduledAccessNetwork.queue,effective_throughput_departures_per_ms,,,0.19561280366601
Phase4_Trade-16-20260929-20:19:51-76,scalar,DectScheduledAccessNetwork.queue,mean_delay_little_ms,,,15.981222920868
Phase4_Trade-16-20260929-20:19:51-76,scalar,DectScheduledAccessNetwork.queue,little_vs_direct_relative_error,,,2.5738841846312e-05
Phase4_Trade-17-20260929-20:19:51-76,scalar,DectScheduledAccessNetwork.queue,D,,,10
Phase4_Trade-17-20260929-20:19:51-76,scalar,DectScheduledAccessNetwork.queue,r,,,5
Phase4_Trade-17-20260929-20:19:51-76,scalar,DectScheduledAccessNetwork.queue,L_effective,,,2
Phase4_Trade-17-20260929-20:19:51-76,scalar,DectScheduledAccessNetwork.queue,rho,,,0.101694915254
Phase4_Trade-17-20260929-20:19:51-76,scalar,DectScheduledAccessNetwork.queue,lambda_per_ms,,,0.24406779641435
Phase4_Trade-17-20260929-20:19:51-76,scalar,DectScheduledAccessNetwork.queue,lambda_sat_per_ms,,,0.20338983049469
Phase4_Trade-17-20260929-20:19:51-76,scalar,DectScheduledAccessNetwork.queue,rho_sat,,,0.084745762773916
Phase4_Trade-17-20260929-20:19:51-76,scalar,DectScheduledAccessNetwork.queue,blocking_probability,,,0.19909661711943
Phase4_Trade-17-20260929-20:19:51-76,scalar,DectScheduledAccessNetwork.queue,mean_type1_number,,,3.1067714709334
Phase4_Trade-17-20260929-20:19:51-76,scalar,DectScheduledAccessNetwork.queue,mean_delay_direct_ms,,,15.906160667644
Phase4_Trade-17-20260929-20:19:51-76,scalar,DectScheduledAccessNetwork.queue,effective_throughput_departures_per_ms,,,0.19530810465949
Phase4_Trade-17-20260929-20:19:51-76,scalar,DectScheduledAccessNetwork.queue,mean_delay_little_ms,,,15.907027905216
Phase4_Trade-17-20260929-20:19:51-76,scalar,DectScheduledAccessNetwork.queue,little_vs_direct_relative_error,,,5.4522118229094e-05
Phase4_Trade-45-20260929-20:19:52-76,scalar,DectScheduledAccessNetwork.queue,D,,,10
Phase4_Trade-45-20260929-20:19:52-76,scalar,DectScheduledAccessNetwork.queue,r,,,50
Phase4_Trade-45-20260929-20:19:52-76,scalar,DectScheduledAccessNetwork.queue,L_effective,,,2
Phase4_Trade-45-20260929-20:19:52-76,scalar,DectScheduledAccessNetwork.queue,rho,,,0.067796610169
Phase4_Trade-45-20260929-20:19:52-76,scalar,DectScheduledAccessNetwork.queue,lambda_per_ms,,,0.16271186427543
Phase4_Trade-45-20260929-20:19:52-76,scalar,DectScheduledAccessNetwork.queue,lambda_sat_per_ms,,,0.20338983049469
Phase4_Trade-45-20260929-20:19:52-76,scalar,DectScheduledAccessNetwork.queue,rho_sat,,,0.084745762773916
Phase4_Trade-45-20260929-20:19:52-76,scalar,DectScheduledAccessNetwork.queue,blocking_probability,,,0
Phase4_Trade-45-20260929-20:19:52-76,scalar,DectScheduledAccessNetwork.queue,mean_type1_number,,,2.2602478064909
Phase4_Trade-45-20260929-20:19:52-76,scalar,DectScheduledAccessNetwork.queue,mean_delay_direct_ms,,,13.866609175546
Phase4_Trade-45-20260929-20:19:52-76,scalar,DectScheduledAccessNetwork.queue,effective_throughput_departures_per_ms,,,0.16299151901501
Phase4_Trade-45-20260929-20:19:52-76,scalar,DectScheduledAccessNetwork.queue,mean_delay_little_ms,,,13.867272482335
Phase4_Trade-45-20260929-20:19:52-76,scalar,DectScheduledAccessNetwork.queue,little_vs_direct_relative_error,,,4.7834822566983e-05
Phase4_Trade-46-20260929-20:19:52-76,scalar,DectScheduledAccessNetwork.queue,D,,,10
Phase4_Trade-46-20260929-20:19:52-76,scalar,DectScheduledAccessNetwork.queue,r,,,50
Phase4_Trade-46-20260929-20:19:52-76,scalar,DectScheduledAccessNetwork.queue,L_effective,,,2
Phase4_Trade-46-20260929-20:19:52-76,scalar,DectScheduledAccessNetwork.queue,rho,,,0.067796610169
Phase4_Trade-46-20260929-20:19:52-76,scalar,DectScheduledAccessNetwork.queue,lambda_per_ms,,,0.16271186427543
Phase4_Trade-46-20260929-20:19:52-76,scalar,DectScheduledAccessNetwork.queue,lambda_sat_per_ms,,,0.20338983049469
Phase4_Trade-46-20260929-20:19:52-76,scalar,DectScheduledAccessNetwork.queue,rho_sat,,,0.084745762773916
Phase4_Trade-46-20260929-20:19:52-76,scalar,DectScheduledAccessNetwork.queue,blocking_probability,,,0
Phase4_Trade-46-20260929-20:19:52-76,scalar,DectScheduledAccessNetwork.queue,mean_type1_number,,,2.2586940392789
Phase4_Trade-46-20260929-20:19:52-76,scalar,DectScheduledAccessNetwork.queue,mean_delay_direct_ms,,,13.875091727227
Phase4_Trade-46-20260929-20:19:52-76,scalar,DectScheduledAccessNetwork.queue,effective_throughput_departures_per_ms,,,0.16278381305429
Phase4_Trade-46-20260929-20:19:52-76,scalar,DectScheduledAccessNetwork.queue,mean_delay_little_ms,,,13.875421621471
Phase4_Trade-46-20260929-20:19:52-76,scalar,DectScheduledAccessNetwork.queue,little_vs_direct_relative_error,,,2.3776004527631e-05
Phase4_Trade-47-20260929-20:19:52-76,scalar,DectScheduledAccessNetwork.queue,D,,,10
Phase4_Trade-47-20260929-20:19:52-76,scalar,DectScheduledAccessNetwork.queue,r,,,50
Phase4_Trade-47-20260929-20:19:52-76,scalar,DectScheduledAccessNetwork.queue,L_effective,,,2
Phase4_Trade-47-20260929-20:19:52-76,scalar,DectScheduledAccessNetwork.queue,rho,,,0.067796610169
Phase4_Trade-47-20260929-20:19:52-76,scalar,DectScheduledAccessNetwork.queue,lambda_per_ms,,,0.16271186427543
Phase4_Trade-47-20260929-20:19:52-76,scalar,DectScheduledAccessNetwork.queue,lambda_sat_per_ms,,,0.20338983049469
Phase4_Trade-47-20260929-20:19:52-76,scalar,DectScheduledAccessNetwork.queue,rho_sat,,,0.084745762773916
Phase4_Trade-47-20260929-20:19:52-76,scalar,DectScheduledAccessNetwork.queue,blocking_probability,,,0
Phase4_Trade-47-20260929-20:19:52-76,scalar,DectScheduledAccessNetwork.queue,mean_type1_number,,,2.2928737791144
Phase4_Trade-47-20260929-20:19:52-76,scalar,DectScheduledAccessNetwork.queue,mean_delay_direct_ms,,,14.072847773625
Phase4_Trade-47-20260929-20:19:52-76,scalar,DectScheduledAccessNetwork.queue,effective_throughput_departures_per_ms,,,0.16292784131943
Phase4_Trade-47-20260929-20:19:52-76,scalar,DectScheduledAccessNetwork.queue,mean_delay_little_ms,,,14.072940269424
Phase4_Trade-47-20260929-20:19:52-76,scalar,DectScheduledAccessNetwork.queue,little_vs_direct_relative_error,,,6.5726425841905e-06
Phase4_Trade-48-20260929-20:19:52-76,scalar,DectScheduledAccessNetwork.queue,D,,,10
Phase4_Trade-48-20260929-20:19:52-76,scalar,DectScheduledAccessNetwork.queue,r,,,50
Phase4_Trade-48-20260929-20:19:52-76,scalar,DectScheduledAccessNetwork.queue,L_effective,,,2
Phase4_Trade-48-20260929-20:19:52-76,scalar,DectScheduledAccessNetwork.queue,rho,,,0.084745762712
Phase4_Trade-48-20260929-20:19:52-76,scalar,DectScheduledAccessNetwork.queue,lambda_per_ms,,,0.20338983034609
Phase4_Trade-48-20260929-20:19:52-76,scalar,DectScheduledAccessNetwork.queue,lambda_sat_per_ms,,,0.20338983049469
Phase4_Trade-48-20260929-20:19:52-76,scalar,DectScheduledAccessNetwork.queue,rho_sat,,,0.084745762773916
Phase4_Trade-48-20260929-20:19:52-76,scalar,DectScheduledAccessNetwork.queue,blocking_probability,,,0.012589111159383
Phase4_Trade-48-20260929-20:19:52-76,scalar,DectScheduledAccessNetwork.queue,mean_type1_number,,,25.959177943007
Phase4_Trade-48-20260929-20:19:52-76,scalar,DectScheduledAccessNetwork.queue,mean_delay_direct_ms,,,128.94438115762
Phase4_Trade-48-20260929-20:19:52-76,scalar,DectScheduledAccessNetwork.queue,effective_throughput_departures_per_ms,,,0.20123963919337
Phase4_Trade-48-20260929-20:19:52-76,scalar,DectScheduledAccessNetwork.queue,mean_delay_little_ms,,,128.99634508916
Phase4_Trade-48-20260929-20:19:52-76,scalar,DectScheduledAccessNetwork.queue,little_vs_direct_relative_error,,,0.00040299492753637
Phase4_Trade-49-20260929-20:19:52-76,scalar,DectScheduledAccessNetwork.queue,D,,,10
Phase4_Trade-49-20260929-20:19:52-76,scalar,DectScheduledAccessNetwork.queue,r,,,50
Phase4_Trade-49-20260929-20:19:52-76,scalar,DectScheduledAccessNetwork.queue,L_effective,,,2
Phase4_Trade-49-20260929-20:19:52-76,scalar,DectScheduledAccessNetwork.queue,rho,,,0.084745762712
Phase4_Trade-49-20260929-20:19:52-76,scalar,DectScheduledAccessNetwork.queue,lambda_per_ms,,,0.20338983034609
Phase4_Trade-49-20260929-20:19:52-76,scalar,DectScheduledAccessNetwork.queue,lambda_sat_per_ms,,,0.20338983049469
Phase4_Trade-49-20260929-20:19:52-76,scalar,DectScheduledAccessNetwork.queue,rho_sat,,,0.084745762773916
Phase4_Trade-49-20260929-20:19:52-76,scalar,DectScheduledAccessNetwork.queue,blocking_probability,,,0.0079427251182484
Phase4_Trade-49-20260929-20:19:52-76,scalar,DectScheduledAccessNetwork.queue,mean_type1_number,,,24.713449877877
Phase4_Trade-49-20260929-20:19:52-76,scalar,DectScheduledAccessNetwork.queue,mean_delay_direct_ms,,,122.68337474855
Phase4_Trade-49-20260929-20:19:52-76,scalar,DectScheduledAccessNetwork.queue,effective_throughput_departures_per_ms,,,0.20131532546452
Phase4_Trade-49-20260929-20:19:52-76,scalar,DectScheduledAccessNetwork.queue,mean_delay_little_ms,,,122.75990325552
Phase4_Trade-49-20260929-20:19:52-76,scalar,DectScheduledAccessNetwork.queue,little_vs_direct_relative_error,,,0.00062378873360247
Phase4_Trade-50-20260929-20:19:52-76,scalar,DectScheduledAccessNetwork.queue,D,,,10
Phase4_Trade-50-20260929-20:19:52-76,scalar,DectScheduledAccessNetwork.queue,r,,,50
Phase4_Trade-50-20260929-20:19:52-76,scalar,DectScheduledAccessNetwork.queue,L_effective,,,2
Phase4_Trade-50-20260929-20:19:52-76,scalar,DectScheduledAccessNetwork.queue,rho,,,0.084745762712
Phase4_Trade-50-20260929-20:19:52-76,scalar,DectScheduledAccessNetwork.queue,lambda_per_ms,,,0.20338983034609
Phase4_Trade-50-20260929-20:19:52-76,scalar,DectScheduledAccessNetwork.queue,lambda_sat_per_ms,,,0.20338983049469
Phase4_Trade-50-20260929-20:19:52-76,scalar,DectScheduledAccessNetwork.queue,rho_sat,,,0.084745762773916
Phase4_Trade-50-20260929-20:19:52-76,scalar,DectScheduledAccessNetwork.queue,blocking_probability,,,0.0089379496224658
Phase4_Trade-50-20260929-20:19:52-76,scalar,DectScheduledAccessNetwork.queue,mean_type1_number,,,24.323348918363
Phase4_Trade-50-20260929-20:19:52-76,scalar,DectScheduledAccessNetwork.queue,mean_delay_direct_ms,,,120.89025410212
Phase4_Trade-50-20260929-20:19:52-76,scalar,DectScheduledAccessNetwork.queue,effective_throughput_departures_per_ms,,,0.20114709668318
Phase4_Trade-50-20260929-20:19:52-76,scalar,DectScheduledAccessNetwork.queue,mean_delay_little_ms,,,120.92319163162
Phase4_Trade-50-20260929-20:19:52-76,scalar,DectScheduledAccessNetwork.queue,little_vs_direct_relative_error,,,0.00027245810456367
Phase4_Trade-51-20260929-20:19:52-76,scalar,DectScheduledAccessNetwork.queue,D,,,10
Phase4_Trade-51-20260929-20:19:52-76,scalar,DectScheduledAccessNetwork.queue,r,,,50
Phase4_Trade-51-20260929-20:19:52-76,scalar,DectScheduledAccessNetwork.queue,L_effective,,,2
Phase4_Trade-51-20260929-20:19:52-76,scalar,DectScheduledAccessNetwork.queue,rho,,,0.101694915254
Phase4_Trade-51-20260929-20:19:52-76,scalar,DectScheduledAccessNetwork.queue,lambda_per_ms,,,0.24406779641435
Phase4_Trade-51-20260929-20:19:52-76,scalar,DectScheduledAccessNetwork.queue,lambda_sat_per_ms,,,0.20338983049469
Phase4_Trade-51-20260929-20:19:52-76,scalar,DectScheduledAccessNetwork.queue,rho_sat,,,0.084745762773916
Phase4_Trade-51-20260929-20:19:52-76,scalar,DectScheduledAccessNetwork.queue,blocking_probability,,,0.16355230045064
Phase4_Trade-51-20260929-20:19:52-76,scalar,DectScheduledAccessNetwork.queue,mean_type1_number,,,47.138072526318
Phase4_Trade-51-20260929-20:19:52-76,scalar,DectScheduledAccessNetwork.queue,mean_delay_direct_ms,,,231.71114837493
Phase4_Trade-51-20260929-20:19:52-76,scalar,DectScheduledAccessNetwork.queue,effective_throughput_departures_per_ms,,,0.20333871147986
Phase4_Trade-51-20260929-20:19:52-76,scalar,DectScheduledAccessNetwork.queue,mean_delay_little_ms,,,231.82045456694
Phase4_Trade-51-20260929-20:19:52-76,scalar,DectScheduledAccessNetwork.queue,little_vs_direct_relative_error,,,0.0004717347127472
Phase4_Trade-52-20260929-20:19:52-76,scalar,DectScheduledAccessNetwork.queue,D,,,10
Phase4_Trade-52-20260929-20:19:52-76,scalar,DectScheduledAccessNetwork.queue,r,,,50
Phase4_Trade-52-20260929-20:19:52-76,scalar,DectScheduledAccessNetwork.queue,L_effective,,,2
Phase4_Trade-52-20260929-20:19:52-76,scalar,DectScheduledAccessNetwork.queue,rho,,,0.101694915254
Phase4_Trade-52-20260929-20:19:52-76,scalar,DectScheduledAccessNetwork.queue,lambda_per_ms,,,0.24406779641435
Phase4_Trade-52-20260929-20:19:52-76,scalar,DectScheduledAccessNetwork.queue,lambda_sat_per_ms,,,0.20338983049469
Phase4_Trade-52-20260929-20:19:52-76,scalar,DectScheduledAccessNetwork.queue,rho_sat,,,0.084745762773916
Phase4_Trade-52-20260929-20:19:52-76,scalar,DectScheduledAccessNetwork.queue,blocking_probability,,,0.16637225657007
Phase4_Trade-52-20260929-20:19:52-76,scalar,DectScheduledAccessNetwork.queue,mean_type1_number,,,47.291836455639
Phase4_Trade-52-20260929-20:19:52-76,scalar,DectScheduledAccessNetwork.queue,mean_delay_direct_ms,,,232.5334368524
Phase4_Trade-52-20260929-20:19:52-76,scalar,DectScheduledAccessNetwork.queue,effective_throughput_departures_per_ms,,,0.20327558186967
Phase4_Trade-52-20260929-20:19:52-76,scalar,DectScheduledAccessNetwork.queue,mean_delay_little_ms,,,232.64888001137
Phase4_Trade-52-20260929-20:19:52-76,scalar,DectScheduledAccessNetwork.queue,little_vs_direct_relative_error,,,0.0004964583181386
Phase4_Trade-53-20260929-20:19:52-76,scalar,DectScheduledAccessNetwork.queue,D,,,10
Phase4_Trade-53-20260929-20:19:52-76,scalar,DectScheduledAccessNetwork.queue,r,,,50
Phase4_Trade-53-20260929-20:19:52-76,scalar,DectScheduledAccessNetwork.queue,L_effective,,,2
Phase4_Trade-53-20260929-20:19:52-76,scalar,DectScheduledAccessNetwork.queue,rho,,,0.101694915254
Phase4_Trade-53-20260929-20:19:52-76,scalar,DectScheduledAccessNetwork.queue,lambda_per_ms,,,0.24406779641435
Phase4_Trade-53-20260929-20:19:52-76,scalar,DectScheduledAccessNetwork.queue,lambda_sat_per_ms,,,0.20338983049469
Phase4_Trade-53-20260929-20:19:52-76,scalar,DectScheduledAccessNetwork.queue,rho_sat,,,0.084745762773916
Phase4_Trade-53-20260929-20:19:52-76,scalar,DectScheduledAccessNetwork.queue,blocking_probability,,,0.1674073334332
Phase4_Trade-53-20260929-20:19:52-76,scalar,DectScheduledAccessNetwork.queue,mean_type1_number,,,47.214638524905
Phase4_Trade-53-20260929-20:19:52-76,scalar,DectScheduledAccessNetwork.queue,mean_delay_direct_ms,,,232.17486190802
Phase4_Trade-53-20260929-20:19:52-76,scalar,DectScheduledAccessNetwork.queue,effective_throughput_departures_per_ms,,,0.20326966553462
Phase4_Trade-53-20260929-20:19:52-76,scalar,DectScheduledAccessNetwork.queue,mean_delay_little_ms,,,232.2758705817
Phase4_Trade-53-20260929-20:19:52-76,scalar,DectScheduledAccessNetwork.queue,little_vs_direct_relative_error,,,0.00043505430712676
