OMNeT++ Discrete Event Simulation  (C) 1992-2025 Andras Varga, OpenSim Ltd.
Version: 6.3.0, build: 251110-bb3d6a4731, edition: Academic Public License -- NOT FOR COMMERCIAL USE
See the license for distribution terms and warranty disclaimer

Setting up Cmdenv...

Loading NED files from src:  2

Preparing for running configuration MonetecFocusedSmallR, run #0...
Scenario: $r=1, $rho=0.005, $repetition=0
Assigned runID=MonetecFocusedSmallR-0-20260930-08:34:18-58
Setting up network "dect2020scheduledaccess.DectScheduledAccessNetwork"...
Initializing...

Running simulation...
** Event #0   t=0   Elapsed: 3.7e-05s (0m 00s)
     Speed:     ev/sec=0   simsec/sec=0   ev/simsec=0
     Messages:  created: 2   present: 2   in FES: 2
** Event #410253   t=3059.039693343206   Elapsed: 0.032509s (0m 00s)
     Speed:     ev/sec=1.26337e+07   simsec/sec=94202.6   ev/simsec=134.112
     Messages:  created: 2   present: 2   in FES: 1

<!> Simulation stopped with endSimulation() -- in module (ScheduledAccessQueue) DectScheduledAccessNetwork.queue (id=2), at t=3059.039693343206s, event #410253

Calling finish() at end of Run #0...

Preparing for running configuration MonetecFocusedSmallR, run #1...
Scenario: $r=1, $rho=0.005, $repetition=1
Assigned runID=MonetecFocusedSmallR-1-20260930-08:34:19-58
Setting up network "dect2020scheduledaccess.DectScheduledAccessNetwork"...
Initializing...

Running simulation...
** Event #0   t=0   Elapsed: 2.8e-05s (0m 00s)
     Speed:     ev/sec=0   simsec/sec=0   ev/simsec=0
     Messages:  created: 2   present: 2   in FES: 2
** Event #411637   t=3072.31760381955   Elapsed: 0.032015s (0m 00s)
     Speed:     ev/sec=1.28693e+07   simsec/sec=96051.9   ev/simsec=133.983
     Messages:  created: 2   present: 2   in FES: 1

<!> Simulation stopped with endSimulation() -- in module (ScheduledAccessQueue) DectScheduledAccessNetwork.queue (id=2), at t=3072.31760381955s, event #411637

Calling finish() at end of Run #1...

Preparing for running configuration MonetecFocusedSmallR, run #2...
Scenario: $r=1, $rho=0.005, $repetition=2
Assigned runID=MonetecFocusedSmallR-2-20260930-08:34:19-58
Setting up network "dect2020scheduledaccess.DectScheduledAccessNetwork"...
Initializing...

Running simulation...
** Event #0   t=0   Elapsed: 3e-06s (0m 00s)
     Speed:     ev/sec=0   simsec/sec=0   ev/simsec=0
     Messages:  created: 2   present: 2   in FES: 2
** Event #410554   t=3062.138273283904   Elapsed: 0.03126s (0m 00s)
     Speed:     ev/sec=1.31352e+07   simsec/sec=97969.6   ev/simsec=134.074
     Messages:  created: 2   present: 2   in FES: 1

<!> Simulation stopped with endSimulation() -- in module (ScheduledAccessQueue) DectScheduledAccessNetwork.queue (id=2), at t=3062.138273283904s, event #410554

Calling finish() at end of Run #2...

Preparing for running configuration MonetecFocusedSmallR, run #3...
Scenario: $r=1, $rho=0.010, $repetition=0
Assigned runID=MonetecFocusedSmallR-3-20260930-08:34:19-58
Setting up network "dect2020scheduledaccess.DectScheduledAccessNetwork"...
Initializing...

Running simulation...
** Event #0   t=0   Elapsed: 2.2e-05s (0m 00s)
     Speed:     ev/sec=0   simsec/sec=0   ev/simsec=0
     Messages:  created: 2   present: 2   in FES: 2
** Event #251516   t=1612.093436326739   Elapsed: 0.020592s (0m 00s)
     Speed:     ev/sec=1.22279e+07   simsec/sec=78374.9   ev/simsec=156.018
     Messages:  created: 2   present: 2   in FES: 1

<!> Simulation stopped with endSimulation() -- in module (ScheduledAccessQueue) DectScheduledAccessNetwork.queue (id=2), at t=1612.093436326739s, event #251516

Calling finish() at end of Run #3...

Preparing for running configuration MonetecFocusedSmallR, run #4...
Scenario: $r=1, $rho=0.010, $repetition=1
Assigned runID=MonetecFocusedSmallR-4-20260930-08:34:19-58
Setting up network "dect2020scheduledaccess.DectScheduledAccessNetwork"...
Initializing...

Running simulation...
** Event #0   t=0   Elapsed: 2.9e-05s (0m 00s)
     Speed:     ev/sec=0   simsec/sec=0   ev/simsec=0
     Messages:  created: 2   present: 2   in FES: 2
** Event #251660   t=1615.084231660981   Elapsed: 0.020803s (0m 00s)
     Speed:     ev/sec=1.21148e+07   simsec/sec=77749.2   ev/simsec=155.819
     Messages:  created: 2   present: 2   in FES: 1

<!> Simulation stopped with endSimulation() -- in module (ScheduledAccessQueue) DectScheduledAccessNetwork.queue (id=2), at t=1615.084231660981s, event #251660

Calling finish() at end of Run #4...

Preparing for running configuration MonetecFocusedSmallR, run #5...
Scenario: $r=1, $rho=0.010, $repetition=2
Assigned runID=MonetecFocusedSmallR-5-20260930-08:34:19-58
Setting up network "dect2020scheduledaccess.DectScheduledAccessNetwork"...
Initializing...

Running simulation...
** Event #0   t=0   Elapsed: 4e-06s (0m 00s)
     Speed:     ev/sec=0   simsec/sec=0   ev/simsec=0
     Messages:  created: 2   present: 2   in FES: 2
** Event #252465   t=1620.563046116585   Elapsed: 0.021587s (0m 00s)
     Speed:     ev/sec=1.16985e+07   simsec/sec=75092.1   ev/simsec=155.789
     Messages:  created: 2   present: 2   in FES: 1

<!> Simulation stopped with endSimulation() -- in module (ScheduledAccessQueue) DectScheduledAccessNetwork.queue (id=2), at t=1620.563046116585s, event #252465

Calling finish() at end of Run #5...

Preparing for running configuration MonetecFocusedSmallR, run #6...
Scenario: $r=1, $rho=0.015, $repetition=0
Assigned runID=MonetecFocusedSmallR-6-20260930-08:34:19-58
Setting up network "dect2020scheduledaccess.DectScheduledAccessNetwork"...
Initializing...

Running simulation...
** Event #0   t=0   Elapsed: 2.2e-05s (0m 00s)
     Speed:     ev/sec=0   simsec/sec=0   ev/simsec=0
     Messages:  created: 2   present: 2   in FES: 2
** Event #199452   t=1125.581568046312   Elapsed: 0.017211s (0m 00s)
     Speed:     ev/sec=1.16035e+07   simsec/sec=65482.7   ev/simsec=177.199
     Messages:  created: 2   present: 2   in FES: 1

<!> Simulation stopped with endSimulation() -- in module (ScheduledAccessQueue) DectScheduledAccessNetwork.queue (id=2), at t=1125.581568046312s, event #199452

Calling finish() at end of Run #6...

Preparing for running configuration MonetecFocusedSmallR, run #7...
Scenario: $r=1, $rho=0.015, $repetition=1
Assigned runID=MonetecFocusedSmallR-7-20260930-08:34:19-58
Setting up network "dect2020scheduledaccess.DectScheduledAccessNetwork"...
Initializing...

Running simulation...
** Event #0   t=0   Elapsed: 4e-06s (0m 00s)
     Speed:     ev/sec=0   simsec/sec=0   ev/simsec=0
     Messages:  created: 2   present: 2   in FES: 2
** Event #200540   t=1135.180574399685   Elapsed: 0.017303s (0m 00s)
     Speed:     ev/sec=1.15932e+07   simsec/sec=65625   ev/simsec=176.659
     Messages:  created: 2   present: 2   in FES: 1

<!> Simulation stopped with endSimulation() -- in module (ScheduledAccessQueue) DectScheduledAccessNetwork.queue (id=2), at t=1135.180574399685s, event #200540

Calling finish() at end of Run #7...

Preparing for running configuration MonetecFocusedSmallR, run #8...
Scenario: $r=1, $rho=0.015, $repetition=2
Assigned runID=MonetecFocusedSmallR-8-20260930-08:34:19-58
Setting up network "dect2020scheduledaccess.DectScheduledAccessNetwork"...
Initializing...

Running simulation...
** Event #0   t=0   Elapsed: 1.8e-05s (0m 00s)
     Speed:     ev/sec=0   simsec/sec=0   ev/simsec=0
     Messages:  created: 2   present: 2   in FES: 2
** Event #200973   t=1139.1497752459   Elapsed: 0.017413s (0m 00s)
     Speed:     ev/sec=1.15542e+07   simsec/sec=65491   ev/simsec=176.424
     Messages:  created: 2   present: 2   in FES: 1

<!> Simulation stopped with endSimulation() -- in module (ScheduledAccessQueue) DectScheduledAccessNetwork.queue (id=2), at t=1139.1497752459s, event #200973

Calling finish() at end of Run #8...

Preparing for running configuration MonetecFocusedSmallR, run #9...
Scenario: $r=1, $rho=0.020, $repetition=0
Assigned runID=MonetecFocusedSmallR-9-20260930-08:34:19-58
Setting up network "dect2020scheduledaccess.DectScheduledAccessNetwork"...
Initializing...

Running simulation...
** Event #0   t=0   Elapsed: 2e-06s (0m 00s)
     Speed:     ev/sec=0   simsec/sec=0   ev/simsec=0
     Messages:  created: 2   present: 2   in FES: 2
** Event #175423   t=890.849227225362   Elapsed: 0.015431s (0m 00s)
     Speed:     ev/sec=1.13697e+07   simsec/sec=57738.6   ev/simsec=196.917
     Messages:  created: 2   present: 2   in FES: 1

<!> Simulation stopped with endSimulation() -- in module (ScheduledAccessQueue) DectScheduledAccessNetwork.queue (id=2), at t=890.849227225362s, event #175423

Calling finish() at end of Run #9...

Preparing for running configuration MonetecFocusedSmallR, run #10...
Scenario: $r=1, $rho=0.020, $repetition=1
Assigned runID=MonetecFocusedSmallR-10-20260930-08:34:19-58
Setting up network "dect2020scheduledaccess.DectScheduledAccessNetwork"...
Initializing...

Running simulation...
** Event #0   t=0   Elapsed: 2.5e-05s (0m 00s)
     Speed:     ev/sec=0   simsec/sec=0   ev/simsec=0
     Messages:  created: 2   present: 2   in FES: 2
** Event #176133   t=896.893782730114   Elapsed: 0.015488s (0m 00s)
     Speed:     ev/sec=1.13906e+07   simsec/sec=58002.5   ev/simsec=196.381
     Messages:  created: 2   present: 2   in FES: 1

<!> Simulation stopped with endSimulation() -- in module (ScheduledAccessQueue) DectScheduledAccessNetwork.queue (id=2), at t=896.893782730114s, event #176133

Calling finish() at end of Run #10...

Preparing for running configuration MonetecFocusedSmallR, run #11...
Scenario: $r=1, $rho=0.020, $repetition=2
Assigned runID=MonetecFocusedSmallR-11-20260930-08:34:19-58
Setting up network "dect2020scheduledaccess.DectScheduledAccessNetwork"...
Initializing...

Running simulation...
** Event #0   t=0   Elapsed: 3e-06s (0m 00s)
     Speed:     ev/sec=0   simsec/sec=0   ev/simsec=0
     Messages:  created: 2   present: 2   in FES: 2
** Event #175938   t=895.053709793758   Elapsed: 0.01578s (0m 00s)
     Speed:     ev/sec=1.11523e+07   simsec/sec=56735.1   ev/simsec=196.567
     Messages:  created: 2   present: 2   in FES: 1

<!> Simulation stopped with endSimulation() -- in module (ScheduledAccessQueue) DectScheduledAccessNetwork.queue (id=2), at t=895.053709793758s, event #175938

Calling finish() at end of Run #11...

Preparing for running configuration MonetecFocusedSmallR, run #12...
Scenario: $r=1, $rho=0.025, $repetition=0
Assigned runID=MonetecFocusedSmallR-12-20260930-08:34:19-58
Setting up network "dect2020scheduledaccess.DectScheduledAccessNetwork"...
Initializing...

Running simulation...
** Event #0   t=0   Elapsed: 4e-06s (0m 00s)
     Speed:     ev/sec=0   simsec/sec=0   ev/simsec=0
     Messages:  created: 2   present: 2   in FES: 2
** Event #161837   t=749.028168953998   Elapsed: 0.014781s (0m 00s)
     Speed:     ev/sec=1.09512e+07   simsec/sec=50685.3   ev/simsec=216.063
     Messages:  created: 2   present: 2   in FES: 1

<!> Simulation stopped with endSimulation() -- in module (ScheduledAccessQueue) DectScheduledAccessNetwork.queue (id=2), at t=749.028168953998s, event #161837

Calling finish() at end of Run #12...

Preparing for running configuration MonetecFocusedSmallR, run #13...
Scenario: $r=1, $rho=0.025, $repetition=1
Assigned runID=MonetecFocusedSmallR-13-20260930-08:34:19-58
Setting up network "dect2020scheduledaccess.DectScheduledAccessNetwork"...
Initializing...

Running simulation...
** Event #0   t=0   Elapsed: 3e-06s (0m 00s)
     Speed:     ev/sec=0   simsec/sec=0   ev/simsec=0
     Messages:  created: 2   present: 2   in FES: 2
** Event #162324   t=752.765683422623   Elapsed: 0.014842s (0m 00s)
     Speed:     ev/sec=1.09397e+07   simsec/sec=50732.2   ev/simsec=215.637
     Messages:  created: 2   present: 2   in FES: 1

<!> Simulation stopped with endSimulation() -- in module (ScheduledAccessQueue) DectScheduledAccessNetwork.queue (id=2), at t=752.765683422623s, event #162324

Calling finish() at end of Run #13...

Preparing for running configuration MonetecFocusedSmallR, run #14...
Scenario: $r=1, $rho=0.025, $repetition=2
Assigned runID=MonetecFocusedSmallR-14-20260930-08:34:19-58
Setting up network "dect2020scheduledaccess.DectScheduledAccessNetwork"...
Initializing...

Running simulation...
** Event #0   t=0   Elapsed: 1.9e-05s (0m 00s)
     Speed:     ev/sec=0   simsec/sec=0   ev/simsec=0
     Messages:  created: 2   present: 2   in FES: 2
** Event #162264   t=753.323468905861   Elapsed: 0.014763s (0m 00s)
     Speed:     ev/sec=1.10062e+07   simsec/sec=51097   ev/simsec=215.398
     Messages:  created: 2   present: 2   in FES: 1

<!> Simulation stopped with endSimulation() -- in module (ScheduledAccessQueue) DectScheduledAccessNetwork.queue (id=2), at t=753.323468905861s, event #162264

Calling finish() at end of Run #14...

Preparing for running configuration MonetecFocusedSmallR, run #15...
Scenario: $r=1, $rho=0.030, $repetition=0
Assigned runID=MonetecFocusedSmallR-15-20260930-08:34:19-58
Setting up network "dect2020scheduledaccess.DectScheduledAccessNetwork"...
Initializing...

Running simulation...
** Event #0   t=0   Elapsed: 2.2e-05s (0m 00s)
     Speed:     ev/sec=0   simsec/sec=0   ev/simsec=0
     Messages:  created: 2   present: 2   in FES: 2
** Event #153499   t=655.115609259693   Elapsed: 0.01408s (0m 00s)
     Speed:     ev/sec=1.0919e+07   simsec/sec=46600.8   ev/simsec=234.309
     Messages:  created: 2   present: 2   in FES: 1

<!> Simulation stopped with endSimulation() -- in module (ScheduledAccessQueue) DectScheduledAccessNetwork.queue (id=2), at t=655.115609259693s, event #153499

Calling finish() at end of Run #15...

Preparing for running configuration MonetecFocusedSmallR, run #16...
Scenario: $r=1, $rho=0.030, $repetition=1
Assigned runID=MonetecFocusedSmallR-16-20260930-08:34:19-58
Setting up network "dect2020scheduledaccess.DectScheduledAccessNetwork"...
Initializing...

Running simulation...
** Event #0   t=0   Elapsed: 1.7e-05s (0m 00s)
     Speed:     ev/sec=0   simsec/sec=0   ev/simsec=0
     Messages:  created: 2   present: 2   in FES: 2
** Event #153509   t=654.657339797339   Elapsed: 0.014367s (0m 00s)
     Speed:     ev/sec=1.0699e+07   simsec/sec=45627.1   ev/simsec=234.488
     Messages:  created: 2   present: 2   in FES: 1

<!> Simulation stopped with endSimulation() -- in module (ScheduledAccessQueue) DectScheduledAccessNetwork.queue (id=2), at t=654.657339797339s, event #153509

Calling finish() at end of Run #16...

Preparing for running configuration MonetecFocusedSmallR, run #17...
Scenario: $r=1, $rho=0.030, $repetition=2
Assigned runID=MonetecFocusedSmallR-17-20260930-08:34:19-58
Setting up network "dect2020scheduledaccess.DectScheduledAccessNetwork"...
Initializing...

Running simulation...
** Event #0   t=0   Elapsed: 2.9e-05s (0m 00s)
     Speed:     ev/sec=0   simsec/sec=0   ev/simsec=0
     Messages:  created: 2   present: 2   in FES: 2
** Event #153945   t=659.010708973095   Elapsed: 0.014396s (0m 00s)
     Speed:     ev/sec=1.07167e+07   simsec/sec=45876.1   ev/simsec=233.6
     Messages:  created: 2   present: 2   in FES: 1

<!> Simulation stopped with endSimulation() -- in module (ScheduledAccessQueue) DectScheduledAccessNetwork.queue (id=2), at t=659.010708973095s, event #153945

Calling finish() at end of Run #17...

Preparing for running configuration MonetecFocusedSmallR, run #18...
Scenario: $r=1, $rho=0.035, $repetition=0
Assigned runID=MonetecFocusedSmallR-18-20260930-08:34:19-58
Setting up network "dect2020scheduledaccess.DectScheduledAccessNetwork"...
Initializing...

Running simulation...
** Event #0   t=0   Elapsed: 5e-06s (0m 00s)
     Speed:     ev/sec=0   simsec/sec=0   ev/simsec=0
     Messages:  created: 2   present: 2   in FES: 2
** Event #148138   t=587.016196255659   Elapsed: 0.014119s (0m 00s)
     Speed:     ev/sec=1.04958e+07   simsec/sec=41591   ev/simsec=252.358
     Messages:  created: 2   present: 2   in FES: 1

<!> Simulation stopped with endSimulation() -- in module (ScheduledAccessQueue) DectScheduledAccessNetwork.queue (id=2), at t=587.016196255659s, event #148138

Calling finish() at end of Run #18...

Preparing for running configuration MonetecFocusedSmallR, run #19...
Scenario: $r=1, $rho=0.035, $repetition=1
Assigned runID=MonetecFocusedSmallR-19-20260930-08:34:19-58
Setting up network "dect2020scheduledaccess.DectScheduledAccessNetwork"...
Initializing...

Running simulation...
** Event #0   t=0   Elapsed: 3e-06s (0m 00s)
     Speed:     ev/sec=0   simsec/sec=0   ev/simsec=0
     Messages:  created: 2   present: 2   in FES: 2
** Event #148444   t=590.530857024403   Elapsed: 0.01417s (0m 00s)
     Speed:     ev/sec=1.04789e+07   simsec/sec=41686.4   ev/simsec=251.374
     Messages:  created: 2   present: 2   in FES: 1

<!> Simulation stopped with endSimulation() -- in module (ScheduledAccessQueue) DectScheduledAccessNetwork.queue (id=2), at t=590.530857024403s, event #148444

Calling finish() at end of Run #19...

Preparing for running configuration MonetecFocusedSmallR, run #20...
Scenario: $r=1, $rho=0.035, $repetition=2
Assigned runID=MonetecFocusedSmallR-20-20260930-08:34:19-58
Setting up network "dect2020scheduledaccess.DectScheduledAccessNetwork"...
Initializing...

Running simulation...
** Event #0   t=0   Elapsed: 2.2e-05s (0m 00s)
     Speed:     ev/sec=0   simsec/sec=0   ev/simsec=0
     Messages:  created: 2   present: 2   in FES: 2
** Event #148370   t=588.998480500679   Elapsed: 0.013822s (0m 00s)
     Speed:     ev/sec=1.07514e+07   simsec/sec=42681   ev/simsec=251.903
     Messages:  created: 2   present: 2   in FES: 1

<!> Simulation stopped with endSimulation() -- in module (ScheduledAccessQueue) DectScheduledAccessNetwork.queue (id=2), at t=588.998480500679s, event #148370

Calling finish() at end of Run #20...

Preparing for running configuration MonetecFocusedSmallR, run #21...
Scenario: $r=1, $rho=0.040, $repetition=0
Assigned runID=MonetecFocusedSmallR-21-20260930-08:34:19-58
Setting up network "dect2020scheduledaccess.DectScheduledAccessNetwork"...
Initializing...

Running simulation...
** Event #0   t=0   Elapsed: 2.7e-05s (0m 00s)
     Speed:     ev/sec=0   simsec/sec=0   ev/simsec=0
     Messages:  created: 2   present: 2   in FES: 2
** Event #145056   t=537.875131924234   Elapsed: 0.013674s (0m 00s)
     Speed:     ev/sec=1.06299e+07   simsec/sec=39416.3   ev/simsec=269.683
     Messages:  created: 2   present: 2   in FES: 1

<!> Simulation stopped with endSimulation() -- in module (ScheduledAccessQueue) DectScheduledAccessNetwork.queue (id=2), at t=537.875131924234s, event #145056

Calling finish() at end of Run #21...

Preparing for running configuration MonetecFocusedSmallR, run #22...
Scenario: $r=1, $rho=0.040, $repetition=1
Assigned runID=MonetecFocusedSmallR-22-20260930-08:34:19-58
Setting up network "dect2020scheduledaccess.DectScheduledAccessNetwork"...
Initializing...

Running simulation...
** Event #0   t=0   Elapsed: 1.9e-05s (0m 00s)
     Speed:     ev/sec=0   simsec/sec=0   ev/simsec=0
     Messages:  created: 2   present: 2   in FES: 2
** Event #145021   t=538.565623730108   Elapsed: 0.013675s (0m 00s)
     Speed:     ev/sec=1.06204e+07   simsec/sec=39440.9   ev/simsec=269.273
     Messages:  created: 2   present: 2   in FES: 1

<!> Simulation stopped with endSimulation() -- in module (ScheduledAccessQueue) DectScheduledAccessNetwork.queue (id=2), at t=538.565623730108s, event #145021

Calling finish() at end of Run #22...

Preparing for running configuration MonetecFocusedSmallR, run #23...
Scenario: $r=1, $rho=0.040, $repetition=2
Assigned runID=MonetecFocusedSmallR-23-20260930-08:34:19-58
Setting up network "dect2020scheduledaccess.DectScheduledAccessNetwork"...
Initializing...

Running simulation...
** Event #0   t=0   Elapsed: 3e-06s (0m 00s)
     Speed:     ev/sec=0   simsec/sec=0   ev/simsec=0
     Messages:  created: 2   present: 2   in FES: 2
** Event #145388   t=540.486431516225   Elapsed: 0.013782s (0m 00s)
     Speed:     ev/sec=1.05522e+07   simsec/sec=39228.2   ev/simsec=268.995
     Messages:  created: 2   present: 2   in FES: 1

<!> Simulation stopped with endSimulation() -- in module (ScheduledAccessQueue) DectScheduledAccessNetwork.queue (id=2), at t=540.486431516225s, event #145388

Calling finish() at end of Run #23...

Preparing for running configuration MonetecFocusedSmallR, run #24...
Scenario: $r=1, $rho=0.045, $repetition=0
Assigned runID=MonetecFocusedSmallR-24-20260930-08:34:19-58
Setting up network "dect2020scheduledaccess.DectScheduledAccessNetwork"...
Initializing...

Running simulation...
** Event #0   t=0   Elapsed: 4e-06s (0m 00s)
     Speed:     ev/sec=0   simsec/sec=0   ev/simsec=0
     Messages:  created: 2   present: 2   in FES: 2
** Event #142779   t=498.908299493084   Elapsed: 0.01349s (0m 00s)
     Speed:     ev/sec=1.05872e+07   simsec/sec=36994.5   ev/simsec=286.183
     Messages:  created: 2   present: 2   in FES: 1

<!> Simulation stopped with endSimulation() -- in module (ScheduledAccessQueue) DectScheduledAccessNetwork.queue (id=2), at t=498.908299493084s, event #142779

Calling finish() at end of Run #24...

Preparing for running configuration MonetecFocusedSmallR, run #25...
Scenario: $r=1, $rho=0.045, $repetition=1
Assigned runID=MonetecFocusedSmallR-25-20260930-08:34:19-58
Setting up network "dect2020scheduledaccess.DectScheduledAccessNetwork"...
Initializing...

Running simulation...
** Event #0   t=0   Elapsed: 2.9e-05s (0m 00s)
     Speed:     ev/sec=0   simsec/sec=0   ev/simsec=0
     Messages:  created: 2   present: 2   in FES: 2
** Event #143252   t=500.973890729233   Elapsed: 0.013658s (0m 00s)
     Speed:     ev/sec=1.05108e+07   simsec/sec=36757.9   ev/simsec=285.948
     Messages:  created: 2   present: 2   in FES: 1

<!> Simulation stopped with endSimulation() -- in module (ScheduledAccessQueue) DectScheduledAccessNetwork.queue (id=2), at t=500.973890729233s, event #143252

Calling finish() at end of Run #25...

Preparing for running configuration MonetecFocusedSmallR, run #26...
Scenario: $r=1, $rho=0.045, $repetition=2
Assigned runID=MonetecFocusedSmallR-26-20260930-08:34:19-58
Setting up network "dect2020scheduledaccess.DectScheduledAccessNetwork"...
Initializing...

Running simulation...
** Event #0   t=0   Elapsed: 4e-06s (0m 00s)
     Speed:     ev/sec=0   simsec/sec=0   ev/simsec=0
     Messages:  created: 2   present: 2   in FES: 2
** Event #143203   t=500.751351157111   Elapsed: 0.014046s (0m 00s)
     Speed:     ev/sec=1.01982e+07   simsec/sec=35661   ev/simsec=285.976
     Messages:  created: 2   present: 2   in FES: 1

<!> Simulation stopped with endSimulation() -- in module (ScheduledAccessQueue) DectScheduledAccessNetwork.queue (id=2), at t=500.751351157111s, event #143203

Calling finish() at end of Run #26...

Preparing for running configuration MonetecFocusedSmallR, run #27...
Scenario: $r=1, $rho=0.050, $repetition=0
Assigned runID=MonetecFocusedSmallR-27-20260930-08:34:19-58
Setting up network "dect2020scheduledaccess.DectScheduledAccessNetwork"...
Initializing...

Running simulation...
** Event #0   t=0   Elapsed: 3e-06s (0m 00s)
     Speed:     ev/sec=0   simsec/sec=0   ev/simsec=0
     Messages:  created: 2   present: 2   in FES: 2
** Event #142053   t=469.910818521919   Elapsed: 0.013569s (0m 00s)
     Speed:     ev/sec=1.0472e+07   simsec/sec=34641.4   ev/simsec=302.298
     Messages:  created: 2   present: 2   in FES: 1

<!> Simulation stopped with endSimulation() -- in module (ScheduledAccessQueue) DectScheduledAccessNetwork.queue (id=2), at t=469.910818521919s, event #142053

Calling finish() at end of Run #27...

Preparing for running configuration MonetecFocusedSmallR, run #28...
Scenario: $r=1, $rho=0.050, $repetition=1
Assigned runID=MonetecFocusedSmallR-28-20260930-08:34:19-58
Setting up network "dect2020scheduledaccess.DectScheduledAccessNetwork"...
Initializing...

Running simulation...
** Event #0   t=0   Elapsed: 2.8e-05s (0m 00s)
     Speed:     ev/sec=0   simsec/sec=0   ev/simsec=0
     Messages:  created: 2   present: 2   in FES: 2
** Event #141922   t=469.037551209352   Elapsed: 0.013611s (0m 00s)
     Speed:     ev/sec=1.04493e+07   simsec/sec=34533.7   ev/simsec=302.581
     Messages:  created: 2   present: 2   in FES: 1

<!> Simulation stopped with endSimulation() -- in module (ScheduledAccessQueue) DectScheduledAccessNetwork.queue (id=2), at t=469.037551209352s, event #141922

Calling finish() at end of Run #28...

Preparing for running configuration MonetecFocusedSmallR, run #29...
Scenario: $r=1, $rho=0.050, $repetition=2
Assigned runID=MonetecFocusedSmallR-29-20260930-08:34:19-58
Setting up network "dect2020scheduledaccess.DectScheduledAccessNetwork"...
Initializing...

Running simulation...
** Event #0   t=0   Elapsed: 3e-06s (0m 00s)
     Speed:     ev/sec=0   simsec/sec=0   ev/simsec=0
     Messages:  created: 2   present: 2   in FES: 2
** Event #142174   t=470.749923231988   Elapsed: 0.013818s (0m 00s)
     Speed:     ev/sec=1.02913e+07   simsec/sec=34075.2   ev/simsec=302.016
     Messages:  created: 2   present: 2   in FES: 1

<!> Simulation stopped with endSimulation() -- in module (ScheduledAccessQueue) DectScheduledAccessNetwork.queue (id=2), at t=470.749923231988s, event #142174

Calling finish() at end of Run #29...

Preparing for running configuration MonetecFocusedSmallR, run #30...
Scenario: $r=1, $rho=0.055, $repetition=0
Assigned runID=MonetecFocusedSmallR-30-20260930-08:34:19-58
Setting up network "dect2020scheduledaccess.DectScheduledAccessNetwork"...
Initializing...

Running simulation...
** Event #0   t=0   Elapsed: 2.3e-05s (0m 00s)
     Speed:     ev/sec=0   simsec/sec=0   ev/simsec=0
     Messages:  created: 2   present: 2   in FES: 2
** Event #141603   t=443.848269958996   Elapsed: 0.013813s (0m 00s)
     Speed:     ev/sec=1.02693e+07   simsec/sec=32188.4   ev/simsec=319.036
     Messages:  created: 2   present: 2   in FES: 1

<!> Simulation stopped with endSimulation() -- in module (ScheduledAccessQueue) DectScheduledAccessNetwork.queue (id=2), at t=443.848269958996s, event #141603

Calling finish() at end of Run #30...

Preparing for running configuration MonetecFocusedSmallR, run #31...
Scenario: $r=1, $rho=0.055, $repetition=1
Assigned runID=MonetecFocusedSmallR-31-20260930-08:34:19-58
Setting up network "dect2020scheduledaccess.DectScheduledAccessNetwork"...
Initializing...

Running simulation...
** Event #0   t=0   Elapsed: 3e-06s (0m 00s)
     Speed:     ev/sec=0   simsec/sec=0   ev/simsec=0
     Messages:  created: 2   present: 2   in FES: 2
** Event #141934   t=445.141499332973   Elapsed: 0.013915s (0m 00s)
     Speed:     ev/sec=1.0203e+07   simsec/sec=31999.2   ev/simsec=318.852
     Messages:  created: 2   present: 2   in FES: 1

<!> Simulation stopped with endSimulation() -- in module (ScheduledAccessQueue) DectScheduledAccessNetwork.queue (id=2), at t=445.141499332973s, event #141934

Calling finish() at end of Run #31...

Preparing for running configuration MonetecFocusedSmallR, run #32...
Scenario: $r=1, $rho=0.055, $repetition=2
Assigned runID=MonetecFocusedSmallR-32-20260930-08:34:19-58
Setting up network "dect2020scheduledaccess.DectScheduledAccessNetwork"...
Initializing...

Running simulation...
** Event #0   t=0   Elapsed: 1.5e-05s (0m 00s)
     Speed:     ev/sec=0   simsec/sec=0   ev/simsec=0
     Messages:  created: 2   present: 2   in FES: 2
** Event #141643   t=445.797280528585   Elapsed: 0.013557s (0m 00s)
     Speed:     ev/sec=1.04595e+07   simsec/sec=32919.6   ev/simsec=317.73
     Messages:  created: 2   present: 2   in FES: 1

<!> Simulation stopped with endSimulation() -- in module (ScheduledAccessQueue) DectScheduledAccessNetwork.queue (id=2), at t=445.797280528585s, event #141643

Calling finish() at end of Run #32...

Preparing for running configuration MonetecFocusedSmallR, run #33...
Scenario: $r=1, $rho=0.060, $repetition=0
Assigned runID=MonetecFocusedSmallR-33-20260930-08:34:19-58
Setting up network "dect2020scheduledaccess.DectScheduledAccessNetwork"...
Initializing...

Running simulation...
** Event #0   t=0   Elapsed: 3e-06s (0m 00s)
     Speed:     ev/sec=0   simsec/sec=0   ev/simsec=0
     Messages:  created: 2   present: 2   in FES: 2
** Event #142021   t=423.731472542905   Elapsed: 0.013659s (0m 00s)
     Speed:     ev/sec=1.03999e+07   simsec/sec=31028.9   ev/simsec=335.168
     Messages:  created: 2   present: 2   in FES: 1

<!> Simulation stopped with endSimulation() -- in module (ScheduledAccessQueue) DectScheduledAccessNetwork.queue (id=2), at t=423.731472542905s, event #142021

Calling finish() at end of Run #33...

Preparing for running configuration MonetecFocusedSmallR, run #34...
Scenario: $r=1, $rho=0.060, $repetition=1
Assigned runID=MonetecFocusedSmallR-34-20260930-08:34:19-58
Setting up network "dect2020scheduledaccess.DectScheduledAccessNetwork"...
Initializing...

Running simulation...
** Event #0   t=0   Elapsed: 2.6e-05s (0m 00s)
     Speed:     ev/sec=0   simsec/sec=0   ev/simsec=0
     Messages:  created: 2   present: 2   in FES: 2
** Event #141879   t=424.825370680543   Elapsed: 0.0139s (0m 00s)
     Speed:     ev/sec=1.02255e+07   simsec/sec=30618   ev/simsec=333.97
     Messages:  created: 2   present: 2   in FES: 1

<!> Simulation stopped with endSimulation() -- in module (ScheduledAccessQueue) DectScheduledAccessNetwork.queue (id=2), at t=424.825370680543s, event #141879

Calling finish() at end of Run #34...

Preparing for running configuration MonetecFocusedSmallR, run #35...
Scenario: $r=1, $rho=0.060, $repetition=2
Assigned runID=MonetecFocusedSmallR-35-20260930-08:34:19-58
Setting up network "dect2020scheduledaccess.DectScheduledAccessNetwork"...
Initializing...

Running simulation...
** Event #0   t=0   Elapsed: 3e-06s (0m 00s)
     Speed:     ev/sec=0   simsec/sec=0   ev/simsec=0
     Messages:  created: 2   present: 2   in FES: 2
** Event #141677   t=424.146706684585   Elapsed: 0.01381s (0m 00s)
     Speed:     ev/sec=1.02612e+07   simsec/sec=30719.6   ev/simsec=334.029
     Messages:  created: 2   present: 2   in FES: 1

<!> Simulation stopped with endSimulation() -- in module (ScheduledAccessQueue) DectScheduledAccessNetwork.queue (id=2), at t=424.146706684585s, event #141677

Calling finish() at end of Run #35...

Preparing for running configuration MonetecFocusedSmallR, run #36...
Scenario: $r=1, $rho=0.065, $repetition=0
Assigned runID=MonetecFocusedSmallR-36-20260930-08:34:19-58
Setting up network "dect2020scheduledaccess.DectScheduledAccessNetwork"...
Initializing...

Running simulation...
** Event #0   t=0   Elapsed: 2.8e-05s (0m 00s)
     Speed:     ev/sec=0   simsec/sec=0   ev/simsec=0
     Messages:  created: 2   present: 2   in FES: 2
** Event #142579   t=407.6197519133   Elapsed: 0.014185s (0m 00s)
     Speed:     ev/sec=1.00706e+07   simsec/sec=28790.7   ev/simsec=349.786
     Messages:  created: 2   present: 2   in FES: 1

<!> Simulation stopped with endSimulation() -- in module (ScheduledAccessQueue) DectScheduledAccessNetwork.queue (id=2), at t=407.6197519133s, event #142579

Calling finish() at end of Run #36...

Preparing for running configuration MonetecFocusedSmallR, run #37...
Scenario: $r=1, $rho=0.065, $repetition=1
Assigned runID=MonetecFocusedSmallR-37-20260930-08:34:19-58
Setting up network "dect2020scheduledaccess.DectScheduledAccessNetwork"...
Initializing...

Running simulation...
** Event #0   t=0   Elapsed: 2e-05s (0m 00s)
     Speed:     ev/sec=0   simsec/sec=0   ev/simsec=0
     Messages:  created: 2   present: 2   in FES: 2
** Event #142439   t=407.048414799366   Elapsed: 0.013855s (0m 00s)
     Speed:     ev/sec=1.02963e+07   simsec/sec=29423.7   ev/simsec=349.932
     Messages:  created: 2   present: 2   in FES: 1

<!> Simulation stopped with endSimulation() -- in module (ScheduledAccessQueue) DectScheduledAccessNetwork.queue (id=2), at t=407.048414799366s, event #142439

Calling finish() at end of Run #37...

Preparing for running configuration MonetecFocusedSmallR, run #38...
Scenario: $r=1, $rho=0.065, $repetition=2
Assigned runID=MonetecFocusedSmallR-38-20260930-08:34:19-58
Setting up network "dect2020scheduledaccess.DectScheduledAccessNetwork"...
Initializing...

Running simulation...
** Event #0   t=0   Elapsed: 3e-06s (0m 00s)
     Speed:     ev/sec=0   simsec/sec=0   ev/simsec=0
     Messages:  created: 2   present: 2   in FES: 2
** Event #142504   t=408.199585369472   Elapsed: 0.013766s (0m 00s)
     Speed:     ev/sec=1.03541e+07   simsec/sec=29659.1   ev/simsec=349.104
     Messages:  created: 2   present: 2   in FES: 1

<!> Simulation stopped with endSimulation() -- in module (ScheduledAccessQueue) DectScheduledAccessNetwork.queue (id=2), at t=408.199585369472s, event #142504

Calling finish() at end of Run #38...

Preparing for running configuration MonetecFocusedSmallR, run #39...
Scenario: $r=1, $rho=0.070, $repetition=0
Assigned runID=MonetecFocusedSmallR-39-20260930-08:34:19-58
Setting up network "dect2020scheduledaccess.DectScheduledAccessNetwork"...
Initializing...

Running simulation...
** Event #0   t=0   Elapsed: 4e-06s (0m 00s)
     Speed:     ev/sec=0   simsec/sec=0   ev/simsec=0
     Messages:  created: 2   present: 2   in FES: 2
** Event #143598   t=393.576920437332   Elapsed: 0.014087s (0m 00s)
     Speed:     ev/sec=1.01965e+07   simsec/sec=27946.9   ev/simsec=364.854
     Messages:  created: 2   present: 2   in FES: 1

<!> Simulation stopped with endSimulation() -- in module (ScheduledAccessQueue) DectScheduledAccessNetwork.queue (id=2), at t=393.576920437332s, event #143598

Calling finish() at end of Run #39...

Preparing for running configuration MonetecFocusedSmallR, run #40...
Scenario: $r=1, $rho=0.070, $repetition=1
Assigned runID=MonetecFocusedSmallR-40-20260930-08:34:19-58
Setting up network "dect2020scheduledaccess.DectScheduledAccessNetwork"...
Initializing...

Running simulation...
** Event #0   t=0   Elapsed: 3e-06s (0m 00s)
     Speed:     ev/sec=0   simsec/sec=0   ev/simsec=0
     Messages:  created: 2   present: 2   in FES: 2
** Event #143529   t=393.451152214284   Elapsed: 0.013957s (0m 00s)
     Speed:     ev/sec=1.02859e+07   simsec/sec=28196.3   ev/simsec=364.795
     Messages:  created: 2   present: 2   in FES: 1

<!> Simulation stopped with endSimulation() -- in module (ScheduledAccessQueue) DectScheduledAccessNetwork.queue (id=2), at t=393.451152214284s, event #143529

Calling finish() at end of Run #40...

Preparing for running configuration MonetecFocusedSmallR, run #41...
Scenario: $r=1, $rho=0.070, $repetition=2
Assigned runID=MonetecFocusedSmallR-41-20260930-08:34:19-58
Setting up network "dect2020scheduledaccess.DectScheduledAccessNetwork"...
Initializing...

Running simulation...
** Event #0   t=0   Elapsed: 1.9e-05s (0m 00s)
     Speed:     ev/sec=0   simsec/sec=0   ev/simsec=0
     Messages:  created: 2   present: 2   in FES: 2
** Event #143405   t=394.452204910774   Elapsed: 0.015963s (0m 00s)
     Speed:     ev/sec=8.99429e+06   simsec/sec=24739.9   ev/simsec=363.555
     Messages:  created: 2   present: 2   in FES: 1

<!> Simulation stopped with endSimulation() -- in module (ScheduledAccessQueue) DectScheduledAccessNetwork.queue (id=2), at t=394.452204910774s, event #143405

Calling finish() at end of Run #41...

Preparing for running configuration MonetecFocusedSmallR, run #42...
Scenario: $r=1, $rho=0.075, $repetition=0
Assigned runID=MonetecFocusedSmallR-42-20260930-08:34:19-58
Setting up network "dect2020scheduledaccess.DectScheduledAccessNetwork"...
Initializing...

Running simulation...
** Event #0   t=0   Elapsed: 3e-06s (0m 00s)
     Speed:     ev/sec=0   simsec/sec=0   ev/simsec=0
     Messages:  created: 2   present: 2   in FES: 2
** Event #144221   t=379.798491500031   Elapsed: 0.020068s (0m 00s)
     Speed:     ev/sec=7.18841e+06   simsec/sec=18930.3   ev/simsec=379.73
     Messages:  created: 2   present: 2   in FES: 1

<!> Simulation stopped with endSimulation() -- in module (ScheduledAccessQueue) DectScheduledAccessNetwork.queue (id=2), at t=379.798491500031s, event #144221

Calling finish() at end of Run #42...

Preparing for running configuration MonetecFocusedSmallR, run #43...
Scenario: $r=1, $rho=0.075, $repetition=1
Assigned runID=MonetecFocusedSmallR-43-20260930-08:34:19-58
Setting up network "dect2020scheduledaccess.DectScheduledAccessNetwork"...
Initializing...

Running simulation...
** Event #0   t=0   Elapsed: 2e-06s (0m 00s)
     Speed:     ev/sec=0   simsec/sec=0   ev/simsec=0
     Messages:  created: 2   present: 2   in FES: 2
** Event #144793   t=381.42017141329   Elapsed: 0.014162s (0m 00s)
     Speed:     ev/sec=1.02269e+07   simsec/sec=26940.3   ev/simsec=379.616
     Messages:  created: 2   present: 2   in FES: 1

<!> Simulation stopped with endSimulation() -- in module (ScheduledAccessQueue) DectScheduledAccessNetwork.queue (id=2), at t=381.42017141329s, event #144793

Calling finish() at end of Run #43...

Preparing for running configuration MonetecFocusedSmallR, run #44...
Scenario: $r=1, $rho=0.075, $repetition=2
Assigned runID=MonetecFocusedSmallR-44-20260930-08:34:19-58
Setting up network "dect2020scheduledaccess.DectScheduledAccessNetwork"...
Initializing...

Running simulation...
** Event #0   t=0   Elapsed: 2.1e-05s (0m 00s)
     Speed:     ev/sec=0   simsec/sec=0   ev/simsec=0
     Messages:  created: 2   present: 2   in FES: 2
** Event #144799   t=382.470641743314   Elapsed: 0.014306s (0m 00s)
     Speed:     ev/sec=1.01364e+07   simsec/sec=26774.2   ev/simsec=378.589
     Messages:  created: 2   present: 2   in FES: 1

<!> Simulation stopped with endSimulation() -- in module (ScheduledAccessQueue) DectScheduledAccessNetwork.queue (id=2), at t=382.470641743314s, event #144799

Calling finish() at end of Run #44...

Preparing for running configuration MonetecFocusedSmallR, run #45...
Scenario: $r=1, $rho=0.080, $repetition=0
Assigned runID=MonetecFocusedSmallR-45-20260930-08:34:19-58
Setting up network "dect2020scheduledaccess.DectScheduledAccessNetwork"...
Initializing...

Running simulation...
** Event #0   t=0   Elapsed: 2.3e-05s (0m 00s)
     Speed:     ev/sec=0   simsec/sec=0   ev/simsec=0
     Messages:  created: 2   present: 2   in FES: 2
** Event #145756   t=370.624355522307   Elapsed: 0.014576s (0m 00s)
     Speed:     ev/sec=1.00155e+07   simsec/sec=25467.2   ev/simsec=393.272
     Messages:  created: 2   present: 2   in FES: 1

<!> Simulation stopped with endSimulation() -- in module (ScheduledAccessQueue) DectScheduledAccessNetwork.queue (id=2), at t=370.624355522307s, event #145756

Calling finish() at end of Run #45...

Preparing for running configuration MonetecFocusedSmallR, run #46...
Scenario: $r=1, $rho=0.080, $repetition=1
Assigned runID=MonetecFocusedSmallR-46-20260930-08:34:19-58
Setting up network "dect2020scheduledaccess.DectScheduledAccessNetwork"...
Initializing...

Running simulation...
** Event #0   t=0   Elapsed: 2.4e-05s (0m 00s)
     Speed:     ev/sec=0   simsec/sec=0   ev/simsec=0
     Messages:  created: 2   present: 2   in FES: 2
** Event #146074   t=371.02285391717   Elapsed: 0.014397s (0m 00s)
     Speed:     ev/sec=1.01638e+07   simsec/sec=25815.7   ev/simsec=393.706
     Messages:  created: 2   present: 2   in FES: 1

<!> Simulation stopped with endSimulation() -- in module (ScheduledAccessQueue) DectScheduledAccessNetwork.queue (id=2), at t=371.02285391717s, event #146074

Calling finish() at end of Run #46...

Preparing for running configuration MonetecFocusedSmallR, run #47...
Scenario: $r=1, $rho=0.080, $repetition=2
Assigned runID=MonetecFocusedSmallR-47-20260930-08:34:19-58
Setting up network "dect2020scheduledaccess.DectScheduledAccessNetwork"...
Initializing...

Running simulation...
** Event #0   t=0   Elapsed: 2.9e-05s (0m 00s)
     Speed:     ev/sec=0   simsec/sec=0   ev/simsec=0
     Messages:  created: 2   present: 2   in FES: 2
** Event #146016   t=371.40654823325   Elapsed: 0.014698s (0m 00s)
     Speed:     ev/sec=9.95405e+06   simsec/sec=25319.1   ev/simsec=393.144
     Messages:  created: 2   present: 2   in FES: 1

<!> Simulation stopped with endSimulation() -- in module (ScheduledAccessQueue) DectScheduledAccessNetwork.queue (id=2), at t=371.40654823325s, event #146016

Calling finish() at end of Run #47...

Preparing for running configuration MonetecFocusedSmallR, run #48...
Scenario: $r=1, $rho=0.085, $repetition=0
Assigned runID=MonetecFocusedSmallR-48-20260930-08:34:19-58
Setting up network "dect2020scheduledaccess.DectScheduledAccessNetwork"...
Initializing...

Running simulation...
** Event #0   t=0   Elapsed: 2.7e-05s (0m 00s)
     Speed:     ev/sec=0   simsec/sec=0   ev/simsec=0
     Messages:  created: 2   present: 2   in FES: 2
** Event #147369   t=361.035063156493   Elapsed: 0.01464s (0m 00s)
     Speed:     ev/sec=1.00855e+07   simsec/sec=24708.1   ev/simsec=408.185
     Messages:  created: 2   present: 2   in FES: 1

<!> Simulation stopped with endSimulation() -- in module (ScheduledAccessQueue) DectScheduledAccessNetwork.queue (id=2), at t=361.035063156493s, event #147369

Calling finish() at end of Run #48...

Preparing for running configuration MonetecFocusedSmallR, run #49...
Scenario: $r=1, $rho=0.085, $repetition=1
Assigned runID=MonetecFocusedSmallR-49-20260930-08:34:19-58
Setting up network "dect2020scheduledaccess.DectScheduledAccessNetwork"...
Initializing...

Running simulation...
** Event #0   t=0   Elapsed: 1.9e-05s (0m 00s)
     Speed:     ev/sec=0   simsec/sec=0   ev/simsec=0
     Messages:  created: 2   present: 2   in FES: 2
** Event #147607   t=361.816548862663   Elapsed: 0.014465s (0m 00s)
     Speed:     ev/sec=1.02178e+07   simsec/sec=25046.1   ev/simsec=407.961
     Messages:  created: 2   present: 2   in FES: 1

<!> Simulation stopped with endSimulation() -- in module (ScheduledAccessQueue) DectScheduledAccessNetwork.queue (id=2), at t=361.816548862663s, event #147607

Calling finish() at end of Run #49...

Preparing for running configuration MonetecFocusedSmallR, run #50...
Scenario: $r=1, $rho=0.085, $repetition=2
Assigned runID=MonetecFocusedSmallR-50-20260930-08:34:19-58
Setting up network "dect2020scheduledaccess.DectScheduledAccessNetwork"...
Initializing...

Running simulation...
** Event #0   t=0   Elapsed: 1.6e-05s (0m 00s)
     Speed:     ev/sec=0   simsec/sec=0   ev/simsec=0
     Messages:  created: 2   present: 2   in FES: 2
** Event #147596   t=362.529212986622   Elapsed: 0.014623s (0m 00s)
     Speed:     ev/sec=1.01052e+07   simsec/sec=24820.5   ev/simsec=407.129
     Messages:  created: 2   present: 2   in FES: 1

<!> Simulation stopped with endSimulation() -- in module (ScheduledAccessQueue) DectScheduledAccessNetwork.queue (id=2), at t=362.529212986622s, event #147596

Calling finish() at end of Run #50...

Preparing for running configuration MonetecFocusedSmallR, run #51...
Scenario: $r=1, $rho=0.090, $repetition=0
Assigned runID=MonetecFocusedSmallR-51-20260930-08:34:19-58
Setting up network "dect2020scheduledaccess.DectScheduledAccessNetwork"...
Initializing...

Running simulation...
** Event #0   t=0   Elapsed: 2.5e-05s (0m 00s)
     Speed:     ev/sec=0   simsec/sec=0   ev/simsec=0
     Messages:  created: 2   present: 2   in FES: 2
** Event #149043   t=352.257211495766   Elapsed: 0.014658s (0m 00s)
     Speed:     ev/sec=1.01854e+07   simsec/sec=24072.8   ev/simsec=423.109
     Messages:  created: 2   present: 2   in FES: 1

<!> Simulation stopped with endSimulation() -- in module (ScheduledAccessQueue) DectScheduledAccessNetwork.queue (id=2), at t=352.257211495766s, event #149043

Calling finish() at end of Run #51...

Preparing for running configuration MonetecFocusedSmallR, run #52...
Scenario: $r=1, $rho=0.090, $repetition=1
Assigned runID=MonetecFocusedSmallR-52-20260930-08:34:19-58
Setting up network "dect2020scheduledaccess.DectScheduledAccessNetwork"...
Initializing...

Running simulation...
** Event #0   t=0   Elapsed: 3e-06s (0m 00s)
     Speed:     ev/sec=0   simsec/sec=0   ev/simsec=0
     Messages:  created: 2   present: 2   in FES: 2
** Event #149640   t=353.449899454511   Elapsed: 0.014657s (0m 00s)
     Speed:     ev/sec=1.02122e+07   simsec/sec=24121.3   ev/simsec=423.37
     Messages:  created: 2   present: 2   in FES: 1

<!> Simulation stopped with endSimulation() -- in module (ScheduledAccessQueue) DectScheduledAccessNetwork.queue (id=2), at t=353.449899454511s, event #149640

Calling finish() at end of Run #52...

Preparing for running configuration MonetecFocusedSmallR, run #53...
Scenario: $r=1, $rho=0.090, $repetition=2
Assigned runID=MonetecFocusedSmallR-53-20260930-08:34:19-58
Setting up network "dect2020scheduledaccess.DectScheduledAccessNetwork"...
Initializing...

Running simulation...
** Event #0   t=0   Elapsed: 3e-06s (0m 00s)
     Speed:     ev/sec=0   simsec/sec=0   ev/simsec=0
     Messages:  created: 2   present: 2   in FES: 2
** Event #149761   t=355.2809775756   Elapsed: 0.014917s (0m 00s)
     Speed:     ev/sec=1.00423e+07   simsec/sec=23823.6   ev/simsec=421.528
     Messages:  created: 2   present: 2   in FES: 1

<!> Simulation stopped with endSimulation() -- in module (ScheduledAccessQueue) DectScheduledAccessNetwork.queue (id=2), at t=355.2809775756s, event #149761

Calling finish() at end of Run #53...

Preparing for running configuration MonetecFocusedSmallR, run #54...
Scenario: $r=1, $rho=0.095, $repetition=0
Assigned runID=MonetecFocusedSmallR-54-20260930-08:34:19-58
Setting up network "dect2020scheduledaccess.DectScheduledAccessNetwork"...
Initializing...

Running simulation...
** Event #0   t=0   Elapsed: 3e-06s (0m 00s)
     Speed:     ev/sec=0   simsec/sec=0   ev/simsec=0
     Messages:  created: 2   present: 2   in FES: 2
** Event #151238   t=346.455439514825   Elapsed: 0.014883s (0m 00s)
     Speed:     ev/sec=1.01645e+07   simsec/sec=23284.8   ev/simsec=436.53
     Messages:  created: 2   present: 2   in FES: 1

<!> Simulation stopped with endSimulation() -- in module (ScheduledAccessQueue) DectScheduledAccessNetwork.queue (id=2), at t=346.455439514825s, event #151238

Calling finish() at end of Run #54...

Preparing for running configuration MonetecFocusedSmallR, run #55...
Scenario: $r=1, $rho=0.095, $repetition=1
Assigned runID=MonetecFocusedSmallR-55-20260930-08:34:19-58
Setting up network "dect2020scheduledaccess.DectScheduledAccessNetwork"...
Initializing...

Running simulation...
** Event #0   t=0   Elapsed: 3e-06s (0m 00s)
     Speed:     ev/sec=0   simsec/sec=0   ev/simsec=0
     Messages:  created: 2   present: 2   in FES: 2
** Event #150968   t=345.159406624363   Elapsed: 0.015018s (0m 00s)
     Speed:     ev/sec=1.00551e+07   simsec/sec=22989.2   ev/simsec=437.386
     Messages:  created: 2   present: 2   in FES: 1

<!> Simulation stopped with endSimulation() -- in module (ScheduledAccessQueue) DectScheduledAccessNetwork.queue (id=2), at t=345.159406624363s, event #150968

Calling finish() at end of Run #55...

Preparing for running configuration MonetecFocusedSmallR, run #56...
Scenario: $r=1, $rho=0.095, $repetition=2
Assigned runID=MonetecFocusedSmallR-56-20260930-08:34:19-58
Setting up network "dect2020scheduledaccess.DectScheduledAccessNetwork"...
Initializing...

Running simulation...
** Event #0   t=0   Elapsed: 3e-06s (0m 00s)
     Speed:     ev/sec=0   simsec/sec=0   ev/simsec=0
     Messages:  created: 2   present: 2   in FES: 2
** Event #151162   t=346.678396435322   Elapsed: 0.015539s (0m 00s)
     Speed:     ev/sec=9.73042e+06   simsec/sec=22315.9   ev/simsec=436.031
     Messages:  created: 2   present: 2   in FES: 1

<!> Simulation stopped with endSimulation() -- in module (ScheduledAccessQueue) DectScheduledAccessNetwork.queue (id=2), at t=346.678396435322s, event #151162

Calling finish() at end of Run #56...

Preparing for running configuration MonetecFocusedSmallR, run #57...
Scenario: $r=1, $rho=0.100, $repetition=0
Assigned runID=MonetecFocusedSmallR-57-20260930-08:34:19-58
Setting up network "dect2020scheduledaccess.DectScheduledAccessNetwork"...
Initializing...

Running simulation...
** Event #0   t=0   Elapsed: 2e-06s (0m 00s)
     Speed:     ev/sec=0   simsec/sec=0   ev/simsec=0
     Messages:  created: 2   present: 2   in FES: 2
** Event #152676   t=338.434973330826   Elapsed: 0.015261s (0m 00s)
     Speed:     ev/sec=1.00056e+07   simsec/sec=22179.3   ev/simsec=451.124
     Messages:  created: 2   present: 2   in FES: 1

<!> Simulation stopped with endSimulation() -- in module (ScheduledAccessQueue) DectScheduledAccessNetwork.queue (id=2), at t=338.434973330826s, event #152676

Calling finish() at end of Run #57...

Preparing for running configuration MonetecFocusedSmallR, run #58...
Scenario: $r=1, $rho=0.100, $repetition=1
Assigned runID=MonetecFocusedSmallR-58-20260930-08:34:20-58
Setting up network "dect2020scheduledaccess.DectScheduledAccessNetwork"...
Initializing...

Running simulation...
** Event #0   t=0   Elapsed: 4e-06s (0m 00s)
     Speed:     ev/sec=0   simsec/sec=0   ev/simsec=0
     Messages:  created: 2   present: 2   in FES: 2
** Event #152949   t=338.857719212838   Elapsed: 0.015051s (0m 00s)
     Speed:     ev/sec=1.01654e+07   simsec/sec=22521.4   ev/simsec=451.367
     Messages:  created: 2   present: 2   in FES: 1

<!> Simulation stopped with endSimulation() -- in module (ScheduledAccessQueue) DectScheduledAccessNetwork.queue (id=2), at t=338.857719212838s, event #152949

Calling finish() at end of Run #58...

Preparing for running configuration MonetecFocusedSmallR, run #59...
Scenario: $r=1, $rho=0.100, $repetition=2
Assigned runID=MonetecFocusedSmallR-59-20260930-08:34:20-58
Setting up network "dect2020scheduledaccess.DectScheduledAccessNetwork"...
Initializing...

Running simulation...
** Event #0   t=0   Elapsed: 2e-06s (0m 00s)
     Speed:     ev/sec=0   simsec/sec=0   ev/simsec=0
     Messages:  created: 2   present: 2   in FES: 2
** Event #152829   t=340.119543776296   Elapsed: 0.015263s (0m 00s)
     Speed:     ev/sec=1.00144e+07   simsec/sec=22286.8   ev/simsec=449.339
     Messages:  created: 2   present: 2   in FES: 1

<!> Simulation stopped with endSimulation() -- in module (ScheduledAccessQueue) DectScheduledAccessNetwork.queue (id=2), at t=340.119543776296s, event #152829

Calling finish() at end of Run #59...

Preparing for running configuration MonetecFocusedSmallR, run #60...
Scenario: $r=1, $rho=0.105, $repetition=0
Assigned runID=MonetecFocusedSmallR-60-20260930-08:34:20-58
Setting up network "dect2020scheduledaccess.DectScheduledAccessNetwork"...
Initializing...

Running simulation...
** Event #0   t=0   Elapsed: 2.7e-05s (0m 00s)
     Speed:     ev/sec=0   simsec/sec=0   ev/simsec=0
     Messages:  created: 2   present: 2   in FES: 2
** Event #155010   t=333.335583245612   Elapsed: 0.01559s (0m 00s)
     Speed:     ev/sec=9.9608e+06   simsec/sec=21419.8   ev/simsec=465.028
     Messages:  created: 2   present: 2   in FES: 1

<!> Simulation stopped with endSimulation() -- in module (ScheduledAccessQueue) DectScheduledAccessNetwork.queue (id=2), at t=333.335583245612s, event #155010

Calling finish() at end of Run #60...

Preparing for running configuration MonetecFocusedSmallR, run #61...
Scenario: $r=1, $rho=0.105, $repetition=1
Assigned runID=MonetecFocusedSmallR-61-20260930-08:34:20-58
Setting up network "dect2020scheduledaccess.DectScheduledAccessNetwork"...
Initializing...

Running simulation...
** Event #0   t=0   Elapsed: 4e-06s (0m 00s)
     Speed:     ev/sec=0   simsec/sec=0   ev/simsec=0
     Messages:  created: 2   present: 2   in FES: 2
** Event #155484   t=335.460783145418   Elapsed: 0.015689s (0m 00s)
     Speed:     ev/sec=9.91228e+06   simsec/sec=21386   ev/simsec=463.495
     Messages:  created: 2   present: 2   in FES: 1

<!> Simulation stopped with endSimulation() -- in module (ScheduledAccessQueue) DectScheduledAccessNetwork.queue (id=2), at t=335.460783145418s, event #155484

Calling finish() at end of Run #61...

Preparing for running configuration MonetecFocusedSmallR, run #62...
Scenario: $r=1, $rho=0.105, $repetition=2
Assigned runID=MonetecFocusedSmallR-62-20260930-08:34:20-58
Setting up network "dect2020scheduledaccess.DectScheduledAccessNetwork"...
Initializing...

Running simulation...
** Event #0   t=0   Elapsed: 1.5e-05s (0m 00s)
     Speed:     ev/sec=0   simsec/sec=0   ev/simsec=0
     Messages:  created: 2   present: 2   in FES: 2
** Event #155261   t=335.449107204426   Elapsed: 0.015384s (0m 00s)
     Speed:     ev/sec=1.01029e+07   simsec/sec=21827.7   ev/simsec=462.846
     Messages:  created: 2   present: 2   in FES: 1

<!> Simulation stopped with endSimulation() -- in module (ScheduledAccessQueue) DectScheduledAccessNetwork.queue (id=2), at t=335.449107204426s, event #155261

Calling finish() at end of Run #62...

Preparing for running configuration MonetecFocusedSmallR, run #63...
Scenario: $r=1, $rho=0.110, $repetition=0
Assigned runID=MonetecFocusedSmallR-63-20260930-08:34:20-58
Setting up network "dect2020scheduledaccess.DectScheduledAccessNetwork"...
Initializing...

Running simulation...
** Event #0   t=0   Elapsed: 2.2e-05s (0m 00s)
     Speed:     ev/sec=0   simsec/sec=0   ev/simsec=0
     Messages:  created: 2   present: 2   in FES: 2
** Event #157592   t=329.963894837374   Elapsed: 0.01589s (0m 00s)
     Speed:     ev/sec=9.93206e+06   simsec/sec=20795.6   ev/simsec=477.604
     Messages:  created: 2   present: 2   in FES: 1

<!> Simulation stopped with endSimulation() -- in module (ScheduledAccessQueue) DectScheduledAccessNetwork.queue (id=2), at t=329.963894837374s, event #157592

Calling finish() at end of Run #63...

Preparing for running configuration MonetecFocusedSmallR, run #64...
Scenario: $r=1, $rho=0.110, $repetition=1
Assigned runID=MonetecFocusedSmallR-64-20260930-08:34:20-58
Setting up network "dect2020scheduledaccess.DectScheduledAccessNetwork"...
Initializing...

Running simulation...
** Event #0   t=0   Elapsed: 2.3e-05s (0m 00s)
     Speed:     ev/sec=0   simsec/sec=0   ev/simsec=0
     Messages:  created: 2   present: 2   in FES: 2
** Event #157378   t=329.441612689835   Elapsed: 0.015636s (0m 00s)
     Speed:     ev/sec=1.00799e+07   simsec/sec=21100.5   ev/simsec=477.711
     Messages:  created: 2   present: 2   in FES: 1

<!> Simulation stopped with endSimulation() -- in module (ScheduledAccessQueue) DectScheduledAccessNetwork.queue (id=2), at t=329.441612689835s, event #157378

Calling finish() at end of Run #64...

Preparing for running configuration MonetecFocusedSmallR, run #65...
Scenario: $r=1, $rho=0.110, $repetition=2
Assigned runID=MonetecFocusedSmallR-65-20260930-08:34:20-58
Setting up network "dect2020scheduledaccess.DectScheduledAccessNetwork"...
Initializing...

Running simulation...
** Event #0   t=0   Elapsed: 2.6e-05s (0m 00s)
     Speed:     ev/sec=0   simsec/sec=0   ev/simsec=0
     Messages:  created: 2   present: 2   in FES: 2
** Event #157500   t=330.578436864201   Elapsed: 0.015578s (0m 00s)
     Speed:     ev/sec=1.01267e+07   simsec/sec=21254.9   ev/simsec=476.439
     Messages:  created: 2   present: 2   in FES: 1

<!> Simulation stopped with endSimulation() -- in module (ScheduledAccessQueue) DectScheduledAccessNetwork.queue (id=2), at t=330.578436864201s, event #157500

Calling finish() at end of Run #65...

Preparing for running configuration MonetecFocusedSmallR, run #66...
Scenario: $r=1, $rho=0.115, $repetition=0
Assigned runID=MonetecFocusedSmallR-66-20260930-08:34:20-58
Setting up network "dect2020scheduledaccess.DectScheduledAccessNetwork"...
Initializing...

Running simulation...
** Event #0   t=0   Elapsed: 2.2e-05s (0m 00s)
     Speed:     ev/sec=0   simsec/sec=0   ev/simsec=0
     Messages:  created: 2   present: 2   in FES: 2
** Event #159802   t=325.687100984549   Elapsed: 0.015897s (0m 00s)
     Speed:     ev/sec=1.00663e+07   simsec/sec=20515.7   ev/simsec=490.661
     Messages:  created: 2   present: 2   in FES: 1

<!> Simulation stopped with endSimulation() -- in module (ScheduledAccessQueue) DectScheduledAccessNetwork.queue (id=2), at t=325.687100984549s, event #159802

Calling finish() at end of Run #66...

Preparing for running configuration MonetecFocusedSmallR, run #67...
Scenario: $r=1, $rho=0.115, $repetition=1
Assigned runID=MonetecFocusedSmallR-67-20260930-08:34:20-58
Setting up network "dect2020scheduledaccess.DectScheduledAccessNetwork"...
Initializing...

Running simulation...
** Event #0   t=0   Elapsed: 8e-06s (0m 00s)
     Speed:     ev/sec=0   simsec/sec=0   ev/simsec=0
     Messages:  created: 2   present: 2   in FES: 2
** Event #159812   t=324.760050527785   Elapsed: 0.015987s (0m 00s)
     Speed:     ev/sec=1.00008e+07   simsec/sec=20322.8   ev/simsec=492.095
     Messages:  created: 2   present: 2   in FES: 1

<!> Simulation stopped with endSimulation() -- in module (ScheduledAccessQueue) DectScheduledAccessNetwork.queue (id=2), at t=324.760050527785s, event #159812

Calling finish() at end of Run #67...

Preparing for running configuration MonetecFocusedSmallR, run #68...
Scenario: $r=1, $rho=0.115, $repetition=2
Assigned runID=MonetecFocusedSmallR-68-20260930-08:34:20-58
Setting up network "dect2020scheduledaccess.DectScheduledAccessNetwork"...
Initializing...

Running simulation...
** Event #0   t=0   Elapsed: 3e-06s (0m 00s)
     Speed:     ev/sec=0   simsec/sec=0   ev/simsec=0
     Messages:  created: 2   present: 2   in FES: 2
** Event #159498   t=325.73289194085   Elapsed: 0.015893s (0m 00s)
     Speed:     ev/sec=1.00376e+07   simsec/sec=20499.2   ev/simsec=489.659
     Messages:  created: 2   present: 2   in FES: 1

<!> Simulation stopped with endSimulation() -- in module (ScheduledAccessQueue) DectScheduledAccessNetwork.queue (id=2), at t=325.73289194085s, event #159498

Calling finish() at end of Run #68...

Preparing for running configuration MonetecFocusedSmallR, run #69...
Scenario: $r=1, $rho=0.120, $repetition=0
Assigned runID=MonetecFocusedSmallR-69-20260930-08:34:20-58
Setting up network "dect2020scheduledaccess.DectScheduledAccessNetwork"...
Initializing...

Running simulation...
** Event #0   t=0   Elapsed: 2.8e-05s (0m 00s)
     Speed:     ev/sec=0   simsec/sec=0   ev/simsec=0
     Messages:  created: 2   present: 2   in FES: 2
** Event #162505   t=322.330967428725   Elapsed: 0.016152s (0m 00s)
     Speed:     ev/sec=1.00785e+07   simsec/sec=19990.8   ev/simsec=504.156
     Messages:  created: 2   present: 2   in FES: 1

<!> Simulation stopped with endSimulation() -- in module (ScheduledAccessQueue) DectScheduledAccessNetwork.queue (id=2), at t=322.330967428725s, event #162505

Calling finish() at end of Run #69...

Preparing for running configuration MonetecFocusedSmallR, run #70...
Scenario: $r=1, $rho=0.120, $repetition=1
Assigned runID=MonetecFocusedSmallR-70-20260930-08:34:20-58
Setting up network "dect2020scheduledaccess.DectScheduledAccessNetwork"...
Initializing...

Running simulation...
** Event #0   t=0   Elapsed: 3e-06s (0m 00s)
     Speed:     ev/sec=0   simsec/sec=0   ev/simsec=0
     Messages:  created: 2   present: 2   in FES: 2
** Event #162304   t=321.862858676838   Elapsed: 0.016364s (0m 00s)
     Speed:     ev/sec=9.92018e+06   simsec/sec=19672.5   ev/simsec=504.267
     Messages:  created: 2   present: 2   in FES: 1

<!> Simulation stopped with endSimulation() -- in module (ScheduledAccessQueue) DectScheduledAccessNetwork.queue (id=2), at t=321.862858676838s, event #162304

Calling finish() at end of Run #70...

Preparing for running configuration MonetecFocusedSmallR, run #71...
Scenario: $r=1, $rho=0.120, $repetition=2
Assigned runID=MonetecFocusedSmallR-71-20260930-08:34:20-58
Setting up network "dect2020scheduledaccess.DectScheduledAccessNetwork"...
Initializing...

Running simulation...
** Event #0   t=0   Elapsed: 3e-06s (0m 00s)
     Speed:     ev/sec=0   simsec/sec=0   ev/simsec=0
     Messages:  created: 2   present: 2   in FES: 2
** Event #162090   t=322.354811320775   Elapsed: 0.018281s (0m 00s)
     Speed:     ev/sec=8.86852e+06   simsec/sec=17637.2   ev/simsec=502.832
     Messages:  created: 2   present: 2   in FES: 1

<!> Simulation stopped with endSimulation() -- in module (ScheduledAccessQueue) DectScheduledAccessNetwork.queue (id=2), at t=322.354811320775s, event #162090

Calling finish() at end of Run #71...

Preparing for running configuration MonetecFocusedSmallR, run #72...
Scenario: $r=1, $rho=0.125, $repetition=0
Assigned runID=MonetecFocusedSmallR-72-20260930-08:34:20-58
Setting up network "dect2020scheduledaccess.DectScheduledAccessNetwork"...
Initializing...

Running simulation...
** Event #0   t=0   Elapsed: 3e-06s (0m 00s)
     Speed:     ev/sec=0   simsec/sec=0   ev/simsec=0
     Messages:  created: 2   present: 2   in FES: 2
** Event #164346   t=317.8909071312   Elapsed: 0.016223s (0m 00s)
     Speed:     ev/sec=1.01329e+07   simsec/sec=19599.9   ev/simsec=516.989
     Messages:  created: 2   present: 2   in FES: 1

<!> Simulation stopped with endSimulation() -- in module (ScheduledAccessQueue) DectScheduledAccessNetwork.queue (id=2), at t=317.8909071312s, event #164346

Calling finish() at end of Run #72...

Preparing for running configuration MonetecFocusedSmallR, run #73...
Scenario: $r=1, $rho=0.125, $repetition=1
Assigned runID=MonetecFocusedSmallR-73-20260930-08:34:20-58
Setting up network "dect2020scheduledaccess.DectScheduledAccessNetwork"...
Initializing...

Running simulation...
** Event #0   t=0   Elapsed: 3e-06s (0m 00s)
     Speed:     ev/sec=0   simsec/sec=0   ev/simsec=0
     Messages:  created: 2   present: 2   in FES: 2
** Event #164736   t=318.587880157205   Elapsed: 0.016433s (0m 00s)
     Speed:     ev/sec=1.00265e+07   simsec/sec=19390.6   ev/simsec=517.082
     Messages:  created: 2   present: 2   in FES: 1

<!> Simulation stopped with endSimulation() -- in module (ScheduledAccessQueue) DectScheduledAccessNetwork.queue (id=2), at t=318.587880157205s, event #164736

Calling finish() at end of Run #73...

Preparing for running configuration MonetecFocusedSmallR, run #74...
Scenario: $r=1, $rho=0.125, $repetition=2
Assigned runID=MonetecFocusedSmallR-74-20260930-08:34:20-58
Setting up network "dect2020scheduledaccess.DectScheduledAccessNetwork"...
Initializing...

Running simulation...
** Event #0   t=0   Elapsed: 1.5e-05s (0m 00s)
     Speed:     ev/sec=0   simsec/sec=0   ev/simsec=0
     Messages:  created: 2   present: 2   in FES: 2
** Event #164387   t=318.160665755236   Elapsed: 0.016473s (0m 00s)
     Speed:     ev/sec=9.98949e+06   simsec/sec=19334   ev/simsec=516.68
     Messages:  created: 2   present: 2   in FES: 1

<!> Simulation stopped with endSimulation() -- in module (ScheduledAccessQueue) DectScheduledAccessNetwork.queue (id=2), at t=318.160665755236s, event #164387

Calling finish() at end of Run #74...

Preparing for running configuration MonetecFocusedSmallR, run #75...
Scenario: $r=1, $rho=0.130, $repetition=0
Assigned runID=MonetecFocusedSmallR-75-20260930-08:34:20-58
Setting up network "dect2020scheduledaccess.DectScheduledAccessNetwork"...
Initializing...

Running simulation...
** Event #0   t=0   Elapsed: 3e-06s (0m 00s)
     Speed:     ev/sec=0   simsec/sec=0   ev/simsec=0
     Messages:  created: 2   present: 2   in FES: 2
** Event #167142   t=314.986056120365   Elapsed: 0.016572s (0m 00s)
     Speed:     ev/sec=1.00876e+07   simsec/sec=19010.5   ev/simsec=530.634
     Messages:  created: 2   present: 2   in FES: 1

<!> Simulation stopped with endSimulation() -- in module (ScheduledAccessQueue) DectScheduledAccessNetwork.queue (id=2), at t=314.986056120365s, event #167142

Calling finish() at end of Run #75...

Preparing for running configuration MonetecFocusedSmallR, run #76...
Scenario: $r=1, $rho=0.130, $repetition=1
Assigned runID=MonetecFocusedSmallR-76-20260930-08:34:20-58
Setting up network "dect2020scheduledaccess.DectScheduledAccessNetwork"...
Initializing...

Running simulation...
** Event #0   t=0   Elapsed: 2.2e-05s (0m 00s)
     Speed:     ev/sec=0   simsec/sec=0   ev/simsec=0
     Messages:  created: 2   present: 2   in FES: 2
** Event #166792   t=314.467724589308   Elapsed: 0.016576s (0m 00s)
     Speed:     ev/sec=1.00762e+07   simsec/sec=18997.6   ev/simsec=530.395
     Messages:  created: 2   present: 2   in FES: 1

<!> Simulation stopped with endSimulation() -- in module (ScheduledAccessQueue) DectScheduledAccessNetwork.queue (id=2), at t=314.467724589308s, event #166792

Calling finish() at end of Run #76...

Preparing for running configuration MonetecFocusedSmallR, run #77...
Scenario: $r=1, $rho=0.130, $repetition=2
Assigned runID=MonetecFocusedSmallR-77-20260930-08:34:20-58
Setting up network "dect2020scheduledaccess.DectScheduledAccessNetwork"...
Initializing...

Running simulation...
** Event #0   t=0   Elapsed: 2e-06s (0m 00s)
     Speed:     ev/sec=0   simsec/sec=0   ev/simsec=0
     Messages:  created: 2   present: 2   in FES: 2
** Event #166706   t=314.535711888616   Elapsed: 0.016479s (0m 00s)
     Speed:     ev/sec=1.01175e+07   simsec/sec=19089.4   ev/simsec=530.007
     Messages:  created: 2   present: 2   in FES: 1

<!> Simulation stopped with endSimulation() -- in module (ScheduledAccessQueue) DectScheduledAccessNetwork.queue (id=2), at t=314.535711888616s, event #166706

Calling finish() at end of Run #77...

Preparing for running configuration MonetecFocusedSmallR, run #78...
Scenario: $r=1, $rho=0.135, $repetition=0
Assigned runID=MonetecFocusedSmallR-78-20260930-08:34:20-58
Setting up network "dect2020scheduledaccess.DectScheduledAccessNetwork"...
Initializing...

Running simulation...
** Event #0   t=0   Elapsed: 3e-06s (0m 00s)
     Speed:     ev/sec=0   simsec/sec=0   ev/simsec=0
     Messages:  created: 2   present: 2   in FES: 2
** Event #169282   t=310.711052573883   Elapsed: 0.016911s (0m 00s)
     Speed:     ev/sec=1.00119e+07   simsec/sec=18376.5   ev/simsec=544.822
     Messages:  created: 2   present: 2   in FES: 1

<!> Simulation stopped with endSimulation() -- in module (ScheduledAccessQueue) DectScheduledAccessNetwork.queue (id=2), at t=310.711052573883s, event #169282

Calling finish() at end of Run #78...

Preparing for running configuration MonetecFocusedSmallR, run #79...
Scenario: $r=1, $rho=0.135, $repetition=1
Assigned runID=MonetecFocusedSmallR-79-20260930-08:34:20-58
Setting up network "dect2020scheduledaccess.DectScheduledAccessNetwork"...
Initializing...

Running simulation...
** Event #0   t=0   Elapsed: 2.3e-05s (0m 00s)
     Speed:     ev/sec=0   simsec/sec=0   ev/simsec=0
     Messages:  created: 2   present: 2   in FES: 2
** Event #169598   t=312.156392403112   Elapsed: 0.017062s (0m 00s)
     Speed:     ev/sec=9.95293e+06   simsec/sec=18319   ev/simsec=543.311
     Messages:  created: 2   present: 2   in FES: 1

<!> Simulation stopped with endSimulation() -- in module (ScheduledAccessQueue) DectScheduledAccessNetwork.queue (id=2), at t=312.156392403112s, event #169598

Calling finish() at end of Run #79...

Preparing for running configuration MonetecFocusedSmallR, run #80...
Scenario: $r=1, $rho=0.135, $repetition=2
Assigned runID=MonetecFocusedSmallR-80-20260930-08:34:20-58
Setting up network "dect2020scheduledaccess.DectScheduledAccessNetwork"...
Initializing...

Running simulation...
** Event #0   t=0   Elapsed: 4e-06s (0m 00s)
     Speed:     ev/sec=0   simsec/sec=0   ev/simsec=0
     Messages:  created: 2   present: 2   in FES: 2
** Event #169210   t=311.836953342745   Elapsed: 0.016734s (0m 00s)
     Speed:     ev/sec=1.01142e+07   simsec/sec=18639.4   ev/simsec=542.624
     Messages:  created: 2   present: 2   in FES: 1

<!> Simulation stopped with endSimulation() -- in module (ScheduledAccessQueue) DectScheduledAccessNetwork.queue (id=2), at t=311.836953342745s, event #169210

Calling finish() at end of Run #80...

Preparing for running configuration MonetecFocusedSmallR, run #81...
Scenario: $r=1, $rho=0.140, $repetition=0
Assigned runID=MonetecFocusedSmallR-81-20260930-08:34:20-58
Setting up network "dect2020scheduledaccess.DectScheduledAccessNetwork"...
Initializing...

Running simulation...
** Event #0   t=0   Elapsed: 3e-06s (0m 00s)
     Speed:     ev/sec=0   simsec/sec=0   ev/simsec=0
     Messages:  created: 2   present: 2   in FES: 2
** Event #171601   t=307.793533862303   Elapsed: 0.01705s (0m 00s)
     Speed:     ev/sec=1.00669e+07   simsec/sec=18056.6   ev/simsec=557.52
     Messages:  created: 2   present: 2   in FES: 1

<!> Simulation stopped with endSimulation() -- in module (ScheduledAccessQueue) DectScheduledAccessNetwork.queue (id=2), at t=307.793533862303s, event #171601

Calling finish() at end of Run #81...

Preparing for running configuration MonetecFocusedSmallR, run #82...
Scenario: $r=1, $rho=0.140, $repetition=1
Assigned runID=MonetecFocusedSmallR-82-20260930-08:34:20-58
Setting up network "dect2020scheduledaccess.DectScheduledAccessNetwork"...
Initializing...

Running simulation...
** Event #0   t=0   Elapsed: 3e-06s (0m 00s)
     Speed:     ev/sec=0   simsec/sec=0   ev/simsec=0
     Messages:  created: 2   present: 2   in FES: 2
** Event #172023   t=309.291230557456   Elapsed: 0.01719s (0m 00s)
     Speed:     ev/sec=1.00095e+07   simsec/sec=17996.7   ev/simsec=556.185
     Messages:  created: 2   present: 2   in FES: 1

<!> Simulation stopped with endSimulation() -- in module (ScheduledAccessQueue) DectScheduledAccessNetwork.queue (id=2), at t=309.291230557456s, event #172023

Calling finish() at end of Run #82...

Preparing for running configuration MonetecFocusedSmallR, run #83...
Scenario: $r=1, $rho=0.140, $repetition=2
Assigned runID=MonetecFocusedSmallR-83-20260930-08:34:20-58
Setting up network "dect2020scheduledaccess.DectScheduledAccessNetwork"...
Initializing...

Running simulation...
** Event #0   t=0   Elapsed: 1.7e-05s (0m 00s)
     Speed:     ev/sec=0   simsec/sec=0   ev/simsec=0
     Messages:  created: 2   present: 2   in FES: 2
** Event #171903   t=308.814706038885   Elapsed: 0.017052s (0m 00s)
     Speed:     ev/sec=1.00918e+07   simsec/sec=18129.3   ev/simsec=556.655
     Messages:  created: 2   present: 2   in FES: 1

<!> Simulation stopped with endSimulation() -- in module (ScheduledAccessQueue) DectScheduledAccessNetwork.queue (id=2), at t=308.814706038885s, event #171903

Calling finish() at end of Run #83...

Preparing for running configuration MonetecFocusedSmallR, run #84...
Scenario: $r=1, $rho=0.145, $repetition=0
Assigned runID=MonetecFocusedSmallR-84-20260930-08:34:20-58
Setting up network "dect2020scheduledaccess.DectScheduledAccessNetwork"...
Initializing...

Running simulation...
** Event #0   t=0   Elapsed: 4e-06s (0m 00s)
     Speed:     ev/sec=0   simsec/sec=0   ev/simsec=0
     Messages:  created: 2   present: 2   in FES: 2
** Event #174472   t=306.071582788545   Elapsed: 0.019585s (0m 00s)
     Speed:     ev/sec=8.91027e+06   simsec/sec=15631   ev/simsec=570.037
     Messages:  created: 2   present: 2   in FES: 1

<!> Simulation stopped with endSimulation() -- in module (ScheduledAccessQueue) DectScheduledAccessNetwork.queue (id=2), at t=306.071582788545s, event #174472

Calling finish() at end of Run #84...

Preparing for running configuration MonetecFocusedSmallR, run #85...
Scenario: $r=1, $rho=0.145, $repetition=1
Assigned runID=MonetecFocusedSmallR-85-20260930-08:34:20-58
Setting up network "dect2020scheduledaccess.DectScheduledAccessNetwork"...
Initializing...

Running simulation...
** Event #0   t=0   Elapsed: 1.9e-05s (0m 00s)
     Speed:     ev/sec=0   simsec/sec=0   ev/simsec=0
     Messages:  created: 2   present: 2   in FES: 2
** Event #174357   t=305.779385560298   Elapsed: 0.017666s (0m 00s)
     Speed:     ev/sec=9.88082e+06   simsec/sec=17328.5   ev/simsec=570.205
     Messages:  created: 2   present: 2   in FES: 1

<!> Simulation stopped with endSimulation() -- in module (ScheduledAccessQueue) DectScheduledAccessNetwork.queue (id=2), at t=305.779385560298s, event #174357

Calling finish() at end of Run #85...

Preparing for running configuration MonetecFocusedSmallR, run #86...
Scenario: $r=1, $rho=0.145, $repetition=2
Assigned runID=MonetecFocusedSmallR-86-20260930-08:34:20-58
Setting up network "dect2020scheduledaccess.DectScheduledAccessNetwork"...
Initializing...

Running simulation...
** Event #0   t=0   Elapsed: 2.1e-05s (0m 00s)
     Speed:     ev/sec=0   simsec/sec=0   ev/simsec=0
     Messages:  created: 2   present: 2   in FES: 2
** Event #174308   t=306.413163562141   Elapsed: 0.018447s (0m 00s)
     Speed:     ev/sec=9.46041e+06   simsec/sec=16630.3   ev/simsec=568.866
     Messages:  created: 2   present: 2   in FES: 1

<!> Simulation stopped with endSimulation() -- in module (ScheduledAccessQueue) DectScheduledAccessNetwork.queue (id=2), at t=306.413163562141s, event #174308

Calling finish() at end of Run #86...

Preparing for running configuration MonetecFocusedSmallR, run #87...
Scenario: $r=1, $rho=0.150, $repetition=0
Assigned runID=MonetecFocusedSmallR-87-20260930-08:34:20-58
Setting up network "dect2020scheduledaccess.DectScheduledAccessNetwork"...
Initializing...

Running simulation...
** Event #0   t=0   Elapsed: 3e-06s (0m 00s)
     Speed:     ev/sec=0   simsec/sec=0   ev/simsec=0
     Messages:  created: 2   present: 2   in FES: 2
** Event #177158   t=303.952792507158   Elapsed: 0.017719s (0m 00s)
     Speed:     ev/sec=1.00005e+07   simsec/sec=17157.9   ev/simsec=582.847
     Messages:  created: 2   present: 2   in FES: 1

<!> Simulation stopped with endSimulation() -- in module (ScheduledAccessQueue) DectScheduledAccessNetwork.queue (id=2), at t=303.952792507158s, event #177158

Calling finish() at end of Run #87...

Preparing for running configuration MonetecFocusedSmallR, run #88...
Scenario: $r=1, $rho=0.150, $repetition=1
Assigned runID=MonetecFocusedSmallR-88-20260930-08:34:20-58
Setting up network "dect2020scheduledaccess.DectScheduledAccessNetwork"...
Initializing...

Running simulation...
** Event #0   t=0   Elapsed: 3e-06s (0m 00s)
     Speed:     ev/sec=0   simsec/sec=0   ev/simsec=0
     Messages:  created: 2   present: 2   in FES: 2
** Event #177259   t=304.784532538302   Elapsed: 0.017677s (0m 00s)
     Speed:     ev/sec=1.00299e+07   simsec/sec=17245.8   ev/simsec=581.588
     Messages:  created: 2   present: 2   in FES: 1

<!> Simulation stopped with endSimulation() -- in module (ScheduledAccessQueue) DectScheduledAccessNetwork.queue (id=2), at t=304.784532538302s, event #177259

Calling finish() at end of Run #88...

Preparing for running configuration MonetecFocusedSmallR, run #89...
Scenario: $r=1, $rho=0.150, $repetition=2
Assigned runID=MonetecFocusedSmallR-89-20260930-08:34:20-58
Setting up network "dect2020scheduledaccess.DectScheduledAccessNetwork"...
Initializing...

Running simulation...
** Event #0   t=0   Elapsed: 1.7e-05s (0m 00s)
     Speed:     ev/sec=0   simsec/sec=0   ev/simsec=0
     Messages:  created: 2   present: 2   in FES: 2
** Event #176911   t=304.539198547999   Elapsed: 0.017626s (0m 00s)
     Speed:     ev/sec=1.00461e+07   simsec/sec=17293.4   ev/simsec=580.919
     Messages:  created: 2   present: 2   in FES: 1

<!> Simulation stopped with endSimulation() -- in module (ScheduledAccessQueue) DectScheduledAccessNetwork.queue (id=2), at t=304.539198547999s, event #176911

Calling finish() at end of Run #89...

Preparing for running configuration MonetecFocusedSmallR, run #90...
Scenario: $r=1, $rho=0.155, $repetition=0
Assigned runID=MonetecFocusedSmallR-90-20260930-08:34:20-58
Setting up network "dect2020scheduledaccess.DectScheduledAccessNetwork"...
Initializing...

Running simulation...
** Event #0   t=0   Elapsed: 3e-06s (0m 00s)
     Speed:     ev/sec=0   simsec/sec=0   ev/simsec=0
     Messages:  created: 2   present: 2   in FES: 2
** Event #179739   t=301.71882121936   Elapsed: 0.017861s (0m 00s)
     Speed:     ev/sec=1.00655e+07   simsec/sec=16896.4   ev/simsec=595.717
     Messages:  created: 2   present: 2   in FES: 1

<!> Simulation stopped with endSimulation() -- in module (ScheduledAccessQueue) DectScheduledAccessNetwork.queue (id=2), at t=301.71882121936s, event #179739

Calling finish() at end of Run #90...

Preparing for running configuration MonetecFocusedSmallR, run #91...
Scenario: $r=1, $rho=0.155, $repetition=1
Assigned runID=MonetecFocusedSmallR-91-20260930-08:34:20-58
Setting up network "dect2020scheduledaccess.DectScheduledAccessNetwork"...
Initializing...

Running simulation...
** Event #0   t=0   Elapsed: 3e-06s (0m 00s)
     Speed:     ev/sec=0   simsec/sec=0   ev/simsec=0
     Messages:  created: 2   present: 2   in FES: 2
** Event #179566   t=302.516819305141   Elapsed: 0.018057s (0m 00s)
     Speed:     ev/sec=9.9466e+06   simsec/sec=16757.1   ev/simsec=593.574
     Messages:  created: 2   present: 2   in FES: 1

<!> Simulation stopped with endSimulation() -- in module (ScheduledAccessQueue) DectScheduledAccessNetwork.queue (id=2), at t=302.516819305141s, event #179566

Calling finish() at end of Run #91...

Preparing for running configuration MonetecFocusedSmallR, run #92...
Scenario: $r=1, $rho=0.155, $repetition=2
Assigned runID=MonetecFocusedSmallR-92-20260930-08:34:20-58
Setting up network "dect2020scheduledaccess.DectScheduledAccessNetwork"...
Initializing...

Running simulation...
** Event #0   t=0   Elapsed: 3e-06s (0m 00s)
     Speed:     ev/sec=0   simsec/sec=0   ev/simsec=0
     Messages:  created: 2   present: 2   in FES: 2
** Event #179561   t=302.270000282527   Elapsed: 0.017853s (0m 00s)
     Speed:     ev/sec=1.00594e+07   simsec/sec=16933.9   ev/simsec=594.043
     Messages:  created: 2   present: 2   in FES: 1

<!> Simulation stopped with endSimulation() -- in module (ScheduledAccessQueue) DectScheduledAccessNetwork.queue (id=2), at t=302.270000282527s, event #179561

Calling finish() at end of Run #92...

Preparing for running configuration MonetecFocusedSmallR, run #93...
Scenario: $r=1, $rho=0.160, $repetition=0
Assigned runID=MonetecFocusedSmallR-93-20260930-08:34:20-58
Setting up network "dect2020scheduledaccess.DectScheduledAccessNetwork"...
Initializing...

Running simulation...
** Event #0   t=0   Elapsed: 2.3e-05s (0m 00s)
     Speed:     ev/sec=0   simsec/sec=0   ev/simsec=0
     Messages:  created: 2   present: 2   in FES: 2
** Event #181893   t=298.795239591038   Elapsed: 0.018214s (0m 00s)
     Speed:     ev/sec=9.99907e+06   simsec/sec=16425.4   ev/simsec=608.755
     Messages:  created: 2   present: 2   in FES: 1

<!> Simulation stopped with endSimulation() -- in module (ScheduledAccessQueue) DectScheduledAccessNetwork.queue (id=2), at t=298.795239591038s, event #181893

Calling finish() at end of Run #93...

Preparing for running configuration MonetecFocusedSmallR, run #94...
Scenario: $r=1, $rho=0.160, $repetition=1
Assigned runID=MonetecFocusedSmallR-94-20260930-08:34:20-58
Setting up network "dect2020scheduledaccess.DectScheduledAccessNetwork"...
Initializing...

Running simulation...
** Event #0   t=0   Elapsed: 2.3e-05s (0m 00s)
     Speed:     ev/sec=0   simsec/sec=0   ev/simsec=0
     Messages:  created: 2   present: 2   in FES: 2
** Event #182086   t=299.502680591411   Elapsed: 0.018156s (0m 00s)
     Speed:     ev/sec=1.00417e+07   simsec/sec=16517   ev/simsec=607.961
     Messages:  created: 2   present: 2   in FES: 1

<!> Simulation stopped with endSimulation() -- in module (ScheduledAccessQueue) DectScheduledAccessNetwork.queue (id=2), at t=299.502680591411s, event #182086

Calling finish() at end of Run #94...

Preparing for running configuration MonetecFocusedSmallR, run #95...
Scenario: $r=1, $rho=0.160, $repetition=2
Assigned runID=MonetecFocusedSmallR-95-20260930-08:34:20-58
Setting up network "dect2020scheduledaccess.DectScheduledAccessNetwork"...
Initializing...

Running simulation...
** Event #0   t=0   Elapsed: 1.6e-05s (0m 00s)
     Speed:     ev/sec=0   simsec/sec=0   ev/simsec=0
     Messages:  created: 2   present: 2   in FES: 2
** Event #182024   t=299.96739511063   Elapsed: 0.018216s (0m 00s)
     Speed:     ev/sec=1.00019e+07   simsec/sec=16482.6   ev/simsec=606.813
     Messages:  created: 2   present: 2   in FES: 1

<!> Simulation stopped with endSimulation() -- in module (ScheduledAccessQueue) DectScheduledAccessNetwork.queue (id=2), at t=299.96739511063s, event #182024

Calling finish() at end of Run #95...

Preparing for running configuration MonetecFocusedSmallR, run #96...
Scenario: $r=1, $rho=0.165, $repetition=0
Assigned runID=MonetecFocusedSmallR-96-20260930-08:34:20-58
Setting up network "dect2020scheduledaccess.DectScheduledAccessNetwork"...
Initializing...

Running simulation...
** Event #0   t=0   Elapsed: 3e-06s (0m 00s)
     Speed:     ev/sec=0   simsec/sec=0   ev/simsec=0
     Messages:  created: 2   present: 2   in FES: 2
** Event #184965   t=297.822418661415   Elapsed: 0.018494s (0m 00s)
     Speed:     ev/sec=1.0003e+07   simsec/sec=16106.3   ev/simsec=621.059
     Messages:  created: 2   present: 2   in FES: 1

<!> Simulation stopped with endSimulation() -- in module (ScheduledAccessQueue) DectScheduledAccessNetwork.queue (id=2), at t=297.822418661415s, event #184965

Calling finish() at end of Run #96...

Preparing for running configuration MonetecFocusedSmallR, run #97...
Scenario: $r=1, $rho=0.165, $repetition=1
Assigned runID=MonetecFocusedSmallR-97-20260930-08:34:20-58
Setting up network "dect2020scheduledaccess.DectScheduledAccessNetwork"...
Initializing...

Running simulation...
** Event #0   t=0   Elapsed: 3e-06s (0m 00s)
     Speed:     ev/sec=0   simsec/sec=0   ev/simsec=0
     Messages:  created: 2   present: 2   in FES: 2
** Event #184554   t=297.737947145999   Elapsed: 0.018693s (0m 00s)
     Speed:     ev/sec=9.87501e+06   simsec/sec=15931.2   ev/simsec=619.854
     Messages:  created: 2   present: 2   in FES: 1

<!> Simulation stopped with endSimulation() -- in module (ScheduledAccessQueue) DectScheduledAccessNetwork.queue (id=2), at t=297.737947145999s, event #184554

Calling finish() at end of Run #97...

Preparing for running configuration MonetecFocusedSmallR, run #98...
Scenario: $r=1, $rho=0.165, $repetition=2
Assigned runID=MonetecFocusedSmallR-98-20260930-08:34:20-58
Setting up network "dect2020scheduledaccess.DectScheduledAccessNetwork"...
Initializing...

Running simulation...
** Event #0   t=0   Elapsed: 3e-05s (0m 00s)
     Speed:     ev/sec=0   simsec/sec=0   ev/simsec=0
     Messages:  created: 2   present: 2   in FES: 2
** Event #185004   t=298.664103546267   Elapsed: 0.018508s (0m 00s)
     Speed:     ev/sec=1.00127e+07   simsec/sec=16164.1   ev/simsec=619.44
     Messages:  created: 2   present: 2   in FES: 1

<!> Simulation stopped with endSimulation() -- in module (ScheduledAccessQueue) DectScheduledAccessNetwork.queue (id=2), at t=298.664103546267s, event #185004

Calling finish() at end of Run #98...

Preparing for running configuration MonetecFocusedSmallR, run #99...
Scenario: $r=1, $rho=0.170, $repetition=0
Assigned runID=MonetecFocusedSmallR-99-20260930-08:34:20-58
Setting up network "dect2020scheduledaccess.DectScheduledAccessNetwork"...
Initializing...

Running simulation...
** Event #0   t=0   Elapsed: 4e-06s (0m 00s)
     Speed:     ev/sec=0   simsec/sec=0   ev/simsec=0
     Messages:  created: 2   present: 2   in FES: 2
** Event #187792   t=296.943422171256   Elapsed: 0.018738s (0m 00s)
     Speed:     ev/sec=1.00236e+07   simsec/sec=15849.6   ev/simsec=632.417
     Messages:  created: 2   present: 2   in FES: 1

<!> Simulation stopped with endSimulation() -- in module (ScheduledAccessQueue) DectScheduledAccessNetwork.queue (id=2), at t=296.943422171256s, event #187792

Calling finish() at end of Run #99...

Preparing for running configuration MonetecFocusedSmallR, run #100...
Scenario: $r=1, $rho=0.170, $repetition=1
Assigned runID=MonetecFocusedSmallR-100-20260930-08:34:20-58
Setting up network "dect2020scheduledaccess.DectScheduledAccessNetwork"...
Initializing...

Running simulation...
** Event #0   t=0   Elapsed: 1.8e-05s (0m 00s)
     Speed:     ev/sec=0   simsec/sec=0   ev/simsec=0
     Messages:  created: 2   present: 2   in FES: 2
** Event #187648   t=296.217061038975   Elapsed: 0.018641s (0m 00s)
     Speed:     ev/sec=1.00761e+07   simsec/sec=15906   ev/simsec=633.482
     Messages:  created: 2   present: 2   in FES: 1

<!> Simulation stopped with endSimulation() -- in module (ScheduledAccessQueue) DectScheduledAccessNetwork.queue (id=2), at t=296.217061038975s, event #187648

Calling finish() at end of Run #100...

Preparing for running configuration MonetecFocusedSmallR, run #101...
Scenario: $r=1, $rho=0.170, $repetition=2
Assigned runID=MonetecFocusedSmallR-101-20260930-08:34:20-58
Setting up network "dect2020scheduledaccess.DectScheduledAccessNetwork"...
Initializing...

Running simulation...
** Event #0   t=0   Elapsed: 3e-06s (0m 00s)
     Speed:     ev/sec=0   simsec/sec=0   ev/simsec=0
     Messages:  created: 2   present: 2   in FES: 2
** Event #187156   t=296.018190272598   Elapsed: 0.018839s (0m 00s)
     Speed:     ev/sec=9.93555e+06   simsec/sec=15714.7   ev/simsec=632.246
     Messages:  created: 2   present: 2   in FES: 1

<!> Simulation stopped with endSimulation() -- in module (ScheduledAccessQueue) DectScheduledAccessNetwork.queue (id=2), at t=296.018190272598s, event #187156

Calling finish() at end of Run #101...

Preparing for running configuration MonetecFocusedSmallR, run #102...
Scenario: $r=1, $rho=0.175, $repetition=0
Assigned runID=MonetecFocusedSmallR-102-20260930-08:34:20-58
Setting up network "dect2020scheduledaccess.DectScheduledAccessNetwork"...
Initializing...

Running simulation...
** Event #0   t=0   Elapsed: 1.6e-05s (0m 00s)
     Speed:     ev/sec=0   simsec/sec=0   ev/simsec=0
     Messages:  created: 2   present: 2   in FES: 2
** Event #190720   t=295.273001105253   Elapsed: 0.019209s (0m 00s)
     Speed:     ev/sec=9.93696e+06   simsec/sec=15384.3   ev/simsec=645.915
     Messages:  created: 2   present: 2   in FES: 1

<!> Simulation stopped with endSimulation() -- in module (ScheduledAccessQueue) DectScheduledAccessNetwork.queue (id=2), at t=295.273001105253s, event #190720

Calling finish() at end of Run #102...

Preparing for running configuration MonetecFocusedSmallR, run #103...
Scenario: $r=1, $rho=0.175, $repetition=1
Assigned runID=MonetecFocusedSmallR-103-20260930-08:34:20-58
Setting up network "dect2020scheduledaccess.DectScheduledAccessNetwork"...
Initializing...

Running simulation...
** Event #0   t=0   Elapsed: 2.7e-05s (0m 00s)
     Speed:     ev/sec=0   simsec/sec=0   ev/simsec=0
     Messages:  created: 2   present: 2   in FES: 2
** Event #190187   t=294.54798707329   Elapsed: 0.019089s (0m 00s)
     Speed:     ev/sec=9.97728e+06   simsec/sec=15452.1   ev/simsec=645.691
     Messages:  created: 2   present: 2   in FES: 1

<!> Simulation stopped with endSimulation() -- in module (ScheduledAccessQueue) DectScheduledAccessNetwork.queue (id=2), at t=294.54798707329s, event #190187

Calling finish() at end of Run #103...

Preparing for running configuration MonetecFocusedSmallR, run #104...
Scenario: $r=1, $rho=0.175, $repetition=2
Assigned runID=MonetecFocusedSmallR-104-20260930-08:34:20-58
Setting up network "dect2020scheduledaccess.DectScheduledAccessNetwork"...
Initializing...

Running simulation...
** Event #0   t=0   Elapsed: 3e-06s (0m 00s)
     Speed:     ev/sec=0   simsec/sec=0   ev/simsec=0
     Messages:  created: 2   present: 2   in FES: 2
** Event #190075   t=294.751393447872   Elapsed: 0.018998s (0m 00s)
     Speed:     ev/sec=1.00066e+07   simsec/sec=15517.3   ev/simsec=644.866
     Messages:  created: 2   present: 2   in FES: 1

<!> Simulation stopped with endSimulation() -- in module (ScheduledAccessQueue) DectScheduledAccessNetwork.queue (id=2), at t=294.751393447872s, event #190075

Calling finish() at end of Run #104...

Preparing for running configuration MonetecFocusedSmallR, run #105...
Scenario: $r=1, $rho=0.180, $repetition=0
Assigned runID=MonetecFocusedSmallR-105-20260930-08:34:20-58
Setting up network "dect2020scheduledaccess.DectScheduledAccessNetwork"...
Initializing...

Running simulation...
** Event #0   t=0   Elapsed: 3e-06s (0m 00s)
     Speed:     ev/sec=0   simsec/sec=0   ev/simsec=0
     Messages:  created: 2   present: 2   in FES: 2
** Event #193454   t=293.937220032262   Elapsed: 0.019399s (0m 00s)
     Speed:     ev/sec=9.97443e+06   simsec/sec=15155.3   ev/simsec=658.148
     Messages:  created: 2   present: 2   in FES: 1

<!> Simulation stopped with endSimulation() -- in module (ScheduledAccessQueue) DectScheduledAccessNetwork.queue (id=2), at t=293.937220032262s, event #193454

Calling finish() at end of Run #105...

Preparing for running configuration MonetecFocusedSmallR, run #106...
Scenario: $r=1, $rho=0.180, $repetition=1
Assigned runID=MonetecFocusedSmallR-106-20260930-08:34:20-58
Setting up network "dect2020scheduledaccess.DectScheduledAccessNetwork"...
Initializing...

Running simulation...
** Event #0   t=0   Elapsed: 2.3e-05s (0m 00s)
     Speed:     ev/sec=0   simsec/sec=0   ev/simsec=0
     Messages:  created: 2   present: 2   in FES: 2
** Event #193553   t=294.094404172509   Elapsed: 0.019337s (0m 00s)
     Speed:     ev/sec=1.00214e+07   simsec/sec=15227   ev/simsec=658.132
     Messages:  created: 2   present: 2   in FES: 1

<!> Simulation stopped with endSimulation() -- in module (ScheduledAccessQueue) DectScheduledAccessNetwork.queue (id=2), at t=294.094404172509s, event #193553

Calling finish() at end of Run #106...

Preparing for running configuration MonetecFocusedSmallR, run #107...
Scenario: $r=1, $rho=0.180, $repetition=2
Assigned runID=MonetecFocusedSmallR-107-20260930-08:34:20-58
Setting up network "dect2020scheduledaccess.DectScheduledAccessNetwork"...
Initializing...

Running simulation...
** Event #0   t=0   Elapsed: 3e-06s (0m 00s)
     Speed:     ev/sec=0   simsec/sec=0   ev/simsec=0
     Messages:  created: 2   present: 2   in FES: 2
** Event #192854   t=293.383994213216   Elapsed: 0.01931s (0m 00s)
     Speed:     ev/sec=9.98881e+06   simsec/sec=15195.7   ev/simsec=657.344
     Messages:  created: 2   present: 2   in FES: 1

<!> Simulation stopped with endSimulation() -- in module (ScheduledAccessQueue) DectScheduledAccessNetwork.queue (id=2), at t=293.383994213216s, event #192854

Calling finish() at end of Run #107...

Preparing for running configuration MonetecFocusedSmallR, run #108...
Scenario: $r=1, $rho=0.185, $repetition=0
Assigned runID=MonetecFocusedSmallR-108-20260930-08:34:20-58
Setting up network "dect2020scheduledaccess.DectScheduledAccessNetwork"...
Initializing...

Running simulation...
** Event #0   t=0   Elapsed: 2.4e-05s (0m 00s)
     Speed:     ev/sec=0   simsec/sec=0   ev/simsec=0
     Messages:  created: 2   present: 2   in FES: 2
** Event #195587   t=291.531704374864   Elapsed: 0.019611s (0m 00s)
     Speed:     ev/sec=9.98606e+06   simsec/sec=14884.7   ev/simsec=670.895
     Messages:  created: 2   present: 2   in FES: 1

<!> Simulation stopped with endSimulation() -- in module (ScheduledAccessQueue) DectScheduledAccessNetwork.queue (id=2), at t=291.531704374864s, event #195587

Calling finish() at end of Run #108...

Preparing for running configuration MonetecFocusedSmallR, run #109...
Scenario: $r=1, $rho=0.185, $repetition=1
Assigned runID=MonetecFocusedSmallR-109-20260930-08:34:20-58
Setting up network "dect2020scheduledaccess.DectScheduledAccessNetwork"...
Initializing...

Running simulation...
** Event #0   t=0   Elapsed: 2.1e-05s (0m 00s)
     Speed:     ev/sec=0   simsec/sec=0   ev/simsec=0
     Messages:  created: 2   present: 2   in FES: 2
** Event #195740   t=292.19384404462   Elapsed: 0.020164s (0m 00s)
     Speed:     ev/sec=9.71752e+06   simsec/sec=14506   ev/simsec=669.898
     Messages:  created: 2   present: 2   in FES: 1

<!> Simulation stopped with endSimulation() -- in module (ScheduledAccessQueue) DectScheduledAccessNetwork.queue (id=2), at t=292.19384404462s, event #195740

Calling finish() at end of Run #109...

Preparing for running configuration MonetecFocusedSmallR, run #110...
Scenario: $r=1, $rho=0.185, $repetition=2
Assigned runID=MonetecFocusedSmallR-110-20260930-08:34:21-58
Setting up network "dect2020scheduledaccess.DectScheduledAccessNetwork"...
Initializing...

Running simulation...
** Event #0   t=0   Elapsed: 2.2e-05s (0m 00s)
     Speed:     ev/sec=0   simsec/sec=0   ev/simsec=0
     Messages:  created: 2   present: 2   in FES: 2
** Event #195763   t=291.908615036134   Elapsed: 0.019738s (0m 00s)
     Speed:     ev/sec=9.93065e+06   simsec/sec=14807.9   ev/simsec=670.633
     Messages:  created: 2   present: 2   in FES: 1

<!> Simulation stopped with endSimulation() -- in module (ScheduledAccessQueue) DectScheduledAccessNetwork.queue (id=2), at t=291.908615036134s, event #195763

Calling finish() at end of Run #110...

Preparing for running configuration MonetecFocusedSmallR, run #111...
Scenario: $r=1, $rho=0.190, $repetition=0
Assigned runID=MonetecFocusedSmallR-111-20260930-08:34:21-58
Setting up network "dect2020scheduledaccess.DectScheduledAccessNetwork"...
Initializing...

Running simulation...
** Event #0   t=0   Elapsed: 3e-06s (0m 00s)
     Speed:     ev/sec=0   simsec/sec=0   ev/simsec=0
     Messages:  created: 2   present: 2   in FES: 2
** Event #198875   t=290.835637486038   Elapsed: 0.019842s (0m 00s)
     Speed:     ev/sec=1.0026e+07   simsec/sec=14662   ev/simsec=683.806
     Messages:  created: 2   present: 2   in FES: 1

<!> Simulation stopped with endSimulation() -- in module (ScheduledAccessQueue) DectScheduledAccessNetwork.queue (id=2), at t=290.835637486038s, event #198875

Calling finish() at end of Run #111...

Preparing for running configuration MonetecFocusedSmallR, run #112...
Scenario: $r=1, $rho=0.190, $repetition=1
Assigned runID=MonetecFocusedSmallR-112-20260930-08:34:21-58
Setting up network "dect2020scheduledaccess.DectScheduledAccessNetwork"...
Initializing...

Running simulation...
** Event #0   t=0   Elapsed: 2.5e-05s (0m 00s)
     Speed:     ev/sec=0   simsec/sec=0   ev/simsec=0
     Messages:  created: 2   present: 2   in FES: 2
** Event #198586   t=290.621651555786   Elapsed: 0.019957s (0m 00s)
     Speed:     ev/sec=9.96417e+06   simsec/sec=14582.1   ev/simsec=683.315
     Messages:  created: 2   present: 2   in FES: 1

<!> Simulation stopped with endSimulation() -- in module (ScheduledAccessQueue) DectScheduledAccessNetwork.queue (id=2), at t=290.621651555786s, event #198586

Calling finish() at end of Run #112...

Preparing for running configuration MonetecFocusedSmallR, run #113...
Scenario: $r=1, $rho=0.190, $repetition=2
Assigned runID=MonetecFocusedSmallR-113-20260930-08:34:21-58
Setting up network "dect2020scheduledaccess.DectScheduledAccessNetwork"...
Initializing...

Running simulation...
** Event #0   t=0   Elapsed: 2.5e-05s (0m 00s)
     Speed:     ev/sec=0   simsec/sec=0   ev/simsec=0
     Messages:  created: 2   present: 2   in FES: 2
** Event #198438   t=290.57156607414   Elapsed: 0.01986s (0m 00s)
     Speed:     ev/sec=1.00059e+07   simsec/sec=14651.6   ev/simsec=682.925
     Messages:  created: 2   present: 2   in FES: 1

<!> Simulation stopped with endSimulation() -- in module (ScheduledAccessQueue) DectScheduledAccessNetwork.queue (id=2), at t=290.57156607414s, event #198438

Calling finish() at end of Run #113...

Preparing for running configuration MonetecFocusedSmallR, run #114...
Scenario: $r=1, $rho=0.195, $repetition=0
Assigned runID=MonetecFocusedSmallR-114-20260930-08:34:21-58
Setting up network "dect2020scheduledaccess.DectScheduledAccessNetwork"...
Initializing...

Running simulation...
** Event #0   t=0   Elapsed: 2.1e-05s (0m 00s)
     Speed:     ev/sec=0   simsec/sec=0   ev/simsec=0
     Messages:  created: 2   present: 2   in FES: 2
** Event #201749   t=289.636574085762   Elapsed: 0.020231s (0m 00s)
     Speed:     ev/sec=9.98362e+06   simsec/sec=14332.7   ev/simsec=696.56
     Messages:  created: 2   present: 2   in FES: 1

<!> Simulation stopped with endSimulation() -- in module (ScheduledAccessQueue) DectScheduledAccessNetwork.queue (id=2), at t=289.636574085762s, event #201749

Calling finish() at end of Run #114...

Preparing for running configuration MonetecFocusedSmallR, run #115...
Scenario: $r=1, $rho=0.195, $repetition=1
Assigned runID=MonetecFocusedSmallR-115-20260930-08:34:21-58
Setting up network "dect2020scheduledaccess.DectScheduledAccessNetwork"...
Initializing...

Running simulation...
** Event #0   t=0   Elapsed: 3e-06s (0m 00s)
     Speed:     ev/sec=0   simsec/sec=0   ev/simsec=0
     Messages:  created: 2   present: 2   in FES: 2
** Event #201309   t=288.929413147106   Elapsed: 0.020229s (0m 00s)
     Speed:     ev/sec=9.95397e+06   simsec/sec=14286.5   ev/simsec=696.742
     Messages:  created: 2   present: 2   in FES: 1

<!> Simulation stopped with endSimulation() -- in module (ScheduledAccessQueue) DectScheduledAccessNetwork.queue (id=2), at t=288.929413147106s, event #201309

Calling finish() at end of Run #115...

Preparing for running configuration MonetecFocusedSmallR, run #116...
Scenario: $r=1, $rho=0.195, $repetition=2
Assigned runID=MonetecFocusedSmallR-116-20260930-08:34:21-58
Setting up network "dect2020scheduledaccess.DectScheduledAccessNetwork"...
Initializing...

Running simulation...
** Event #0   t=0   Elapsed: 1.8e-05s (0m 00s)
     Speed:     ev/sec=0   simsec/sec=0   ev/simsec=0
     Messages:  created: 2   present: 2   in FES: 2
** Event #201213   t=289.130747714082   Elapsed: 0.020613s (0m 00s)
     Speed:     ev/sec=9.77142e+06   simsec/sec=14040.9   ev/simsec=695.925
     Messages:  created: 2   present: 2   in FES: 1

<!> Simulation stopped with endSimulation() -- in module (ScheduledAccessQueue) DectScheduledAccessNetwork.queue (id=2), at t=289.130747714082s, event #201213

Calling finish() at end of Run #116...

Preparing for running configuration MonetecFocusedSmallR, run #117...
Scenario: $r=1, $rho=0.200, $repetition=0
Assigned runID=MonetecFocusedSmallR-117-20260930-08:34:21-58
Setting up network "dect2020scheduledaccess.DectScheduledAccessNetwork"...
Initializing...

Running simulation...
** Event #0   t=0   Elapsed: 2.8e-05s (0m 00s)
     Speed:     ev/sec=0   simsec/sec=0   ev/simsec=0
     Messages:  created: 2   present: 2   in FES: 2
** Event #203817   t=287.537370216915   Elapsed: 0.020394s (0m 00s)
     Speed:     ev/sec=1.00087e+07   simsec/sec=14119.9   ev/simsec=708.838
     Messages:  created: 2   present: 2   in FES: 1

<!> Simulation stopped with endSimulation() -- in module (ScheduledAccessQueue) DectScheduledAccessNetwork.queue (id=2), at t=287.537370216915s, event #203817

Calling finish() at end of Run #117...

Preparing for running configuration MonetecFocusedSmallR, run #118...
Scenario: $r=1, $rho=0.200, $repetition=1
Assigned runID=MonetecFocusedSmallR-118-20260930-08:34:21-58
Setting up network "dect2020scheduledaccess.DectScheduledAccessNetwork"...
Initializing...

Running simulation...
** Event #0   t=0   Elapsed: 3e-06s (0m 00s)
     Speed:     ev/sec=0   simsec/sec=0   ev/simsec=0
     Messages:  created: 2   present: 2   in FES: 2
** Event #203935   t=287.60323018678   Elapsed: 0.020582s (0m 00s)
     Speed:     ev/sec=9.91082e+06   simsec/sec=13976.9   ev/simsec=709.086
     Messages:  created: 2   present: 2   in FES: 1

<!> Simulation stopped with endSimulation() -- in module (ScheduledAccessQueue) DectScheduledAccessNetwork.queue (id=2), at t=287.60323018678s, event #203935

Calling finish() at end of Run #118...

Preparing for running configuration MonetecFocusedSmallR, run #119...
Scenario: $r=1, $rho=0.200, $repetition=2
Assigned runID=MonetecFocusedSmallR-119-20260930-08:34:21-58
Setting up network "dect2020scheduledaccess.DectScheduledAccessNetwork"...
Initializing...

Running simulation...
** Event #0   t=0   Elapsed: 1.9e-05s (0m 00s)
     Speed:     ev/sec=0   simsec/sec=0   ev/simsec=0
     Messages:  created: 2   present: 2   in FES: 2
** Event #204170   t=288.245340564661   Elapsed: 0.020578s (0m 00s)
     Speed:     ev/sec=9.9319e+06   simsec/sec=14021.7   ev/simsec=708.322
     Messages:  created: 2   present: 2   in FES: 1

<!> Simulation stopped with endSimulation() -- in module (ScheduledAccessQueue) DectScheduledAccessNetwork.queue (id=2), at t=288.245340564661s, event #204170

Calling finish() at end of Run #119...

Preparing for running configuration MonetecFocusedSmallR, run #120...
Scenario: $r=1, $rho=0.205, $repetition=0
Assigned runID=MonetecFocusedSmallR-120-20260930-08:34:21-58
Setting up network "dect2020scheduledaccess.DectScheduledAccessNetwork"...
Initializing...

Running simulation...
** Event #0   t=0   Elapsed: 2.7e-05s (0m 00s)
     Speed:     ev/sec=0   simsec/sec=0   ev/simsec=0
     Messages:  created: 2   present: 2   in FES: 2
** Event #206559   t=286.136082018171   Elapsed: 0.020887s (0m 00s)
     Speed:     ev/sec=9.90311e+06   simsec/sec=13718.3   ev/simsec=721.891
     Messages:  created: 2   present: 2   in FES: 1

<!> Simulation stopped with endSimulation() -- in module (ScheduledAccessQueue) DectScheduledAccessNetwork.queue (id=2), at t=286.136082018171s, event #206559

Calling finish() at end of Run #120...

Preparing for running configuration MonetecFocusedSmallR, run #121...
Scenario: $r=1, $rho=0.205, $repetition=1
Assigned runID=MonetecFocusedSmallR-121-20260930-08:34:21-58
Setting up network "dect2020scheduledaccess.DectScheduledAccessNetwork"...
Initializing...

Running simulation...
** Event #0   t=0   Elapsed: 2.6e-05s (0m 00s)
     Speed:     ev/sec=0   simsec/sec=0   ev/simsec=0
     Messages:  created: 2   present: 2   in FES: 2
** Event #206761   t=286.527587769152   Elapsed: 0.020907s (0m 00s)
     Speed:     ev/sec=9.90377e+06   simsec/sec=13724.5   ev/simsec=721.611
     Messages:  created: 2   present: 2   in FES: 1

<!> Simulation stopped with endSimulation() -- in module (ScheduledAccessQueue) DectScheduledAccessNetwork.queue (id=2), at t=286.527587769152s, event #206761

Calling finish() at end of Run #121...

Preparing for running configuration MonetecFocusedSmallR, run #122...
Scenario: $r=1, $rho=0.205, $repetition=2
Assigned runID=MonetecFocusedSmallR-122-20260930-08:34:21-58
Setting up network "dect2020scheduledaccess.DectScheduledAccessNetwork"...
Initializing...

Running simulation...
** Event #0   t=0   Elapsed: 3e-06s (0m 00s)
     Speed:     ev/sec=0   simsec/sec=0   ev/simsec=0
     Messages:  created: 2   present: 2   in FES: 2
** Event #206476   t=286.576457568265   Elapsed: 0.020768s (0m 00s)
     Speed:     ev/sec=9.94586e+06   simsec/sec=13804.2   ev/simsec=720.493
     Messages:  created: 2   present: 2   in FES: 1

<!> Simulation stopped with endSimulation() -- in module (ScheduledAccessQueue) DectScheduledAccessNetwork.queue (id=2), at t=286.576457568265s, event #206476

Calling finish() at end of Run #122...

Preparing for running configuration MonetecFocusedSmallR, run #123...
Scenario: $r=1, $rho=0.210, $repetition=0
Assigned runID=MonetecFocusedSmallR-123-20260930-08:34:21-58
Setting up network "dect2020scheduledaccess.DectScheduledAccessNetwork"...
Initializing...

Running simulation...
** Event #0   t=0   Elapsed: 3e-06s (0m 00s)
     Speed:     ev/sec=0   simsec/sec=0   ev/simsec=0
     Messages:  created: 2   present: 2   in FES: 2
** Event #209150   t=285.033106162214   Elapsed: 0.020978s (0m 00s)
     Speed:     ev/sec=9.97235e+06   simsec/sec=13590.5   ev/simsec=733.775
     Messages:  created: 2   present: 2   in FES: 1

<!> Simulation stopped with endSimulation() -- in module (ScheduledAccessQueue) DectScheduledAccessNetwork.queue (id=2), at t=285.033106162214s, event #209150

Calling finish() at end of Run #123...

Preparing for running configuration MonetecFocusedSmallR, run #124...
Scenario: $r=1, $rho=0.210, $repetition=1
Assigned runID=MonetecFocusedSmallR-124-20260930-08:34:21-58
Setting up network "dect2020scheduledaccess.DectScheduledAccessNetwork"...
Initializing...

Running simulation...
** Event #0   t=0   Elapsed: 3e-06s (0m 00s)
     Speed:     ev/sec=0   simsec/sec=0   ev/simsec=0
     Messages:  created: 2   present: 2   in FES: 2
** Event #209708   t=285.495425719464   Elapsed: 0.020963s (0m 00s)
     Speed:     ev/sec=1.00061e+07   simsec/sec=13622.3   ev/simsec=734.541
     Messages:  created: 2   present: 2   in FES: 1

<!> Simulation stopped with endSimulation() -- in module (ScheduledAccessQueue) DectScheduledAccessNetwork.queue (id=2), at t=285.495425719464s, event #209708

Calling finish() at end of Run #124...

Preparing for running configuration MonetecFocusedSmallR, run #125...
Scenario: $r=1, $rho=0.210, $repetition=2
Assigned runID=MonetecFocusedSmallR-125-20260930-08:34:21-58
Setting up network "dect2020scheduledaccess.DectScheduledAccessNetwork"...
Initializing...

Running simulation...
** Event #0   t=0   Elapsed: 3e-06s (0m 00s)
     Speed:     ev/sec=0   simsec/sec=0   ev/simsec=0
     Messages:  created: 2   present: 2   in FES: 2
** Event #209204   t=285.492515881665   Elapsed: 0.021064s (0m 00s)
     Speed:     ev/sec=9.93466e+06   simsec/sec=13557.4   ev/simsec=732.785
     Messages:  created: 2   present: 2   in FES: 1

<!> Simulation stopped with endSimulation() -- in module (ScheduledAccessQueue) DectScheduledAccessNetwork.queue (id=2), at t=285.492515881665s, event #209204

Calling finish() at end of Run #125...

Preparing for running configuration MonetecFocusedSmallR, run #126...
Scenario: $r=1, $rho=0.215, $repetition=0
Assigned runID=MonetecFocusedSmallR-126-20260930-08:34:21-58
Setting up network "dect2020scheduledaccess.DectScheduledAccessNetwork"...
Initializing...

Running simulation...
** Event #0   t=0   Elapsed: 4e-06s (0m 00s)
     Speed:     ev/sec=0   simsec/sec=0   ev/simsec=0
     Messages:  created: 2   present: 2   in FES: 2
** Event #212360   t=284.405562384001   Elapsed: 0.021403s (0m 00s)
     Speed:     ev/sec=9.92429e+06   simsec/sec=13291.2   ev/simsec=746.681
     Messages:  created: 2   present: 2   in FES: 1

<!> Simulation stopped with endSimulation() -- in module (ScheduledAccessQueue) DectScheduledAccessNetwork.queue (id=2), at t=284.405562384001s, event #212360

Calling finish() at end of Run #126...

Preparing for running configuration MonetecFocusedSmallR, run #127...
Scenario: $r=1, $rho=0.215, $repetition=1
Assigned runID=MonetecFocusedSmallR-127-20260930-08:34:21-58
Setting up network "dect2020scheduledaccess.DectScheduledAccessNetwork"...
Initializing...

Running simulation...
** Event #0   t=0   Elapsed: 3e-06s (0m 00s)
     Speed:     ev/sec=0   simsec/sec=0   ev/simsec=0
     Messages:  created: 2   present: 2   in FES: 2
** Event #211882   t=283.664541523069   Elapsed: 0.021388s (0m 00s)
     Speed:     ev/sec=9.9089e+06   simsec/sec=13265.9   ev/simsec=746.946
     Messages:  created: 2   present: 2   in FES: 1

<!> Simulation stopped with endSimulation() -- in module (ScheduledAccessQueue) DectScheduledAccessNetwork.queue (id=2), at t=283.664541523069s, event #211882

Calling finish() at end of Run #127...

Preparing for running configuration MonetecFocusedSmallR, run #128...
Scenario: $r=1, $rho=0.215, $repetition=2
Assigned runID=MonetecFocusedSmallR-128-20260930-08:34:21-58
Setting up network "dect2020scheduledaccess.DectScheduledAccessNetwork"...
Initializing...

Running simulation...
** Event #0   t=0   Elapsed: 4e-06s (0m 00s)
     Speed:     ev/sec=0   simsec/sec=0   ev/simsec=0
     Messages:  created: 2   present: 2   in FES: 2
** Event #212155   t=284.638597404972   Elapsed: 0.021565s (0m 00s)
     Speed:     ev/sec=9.84113e+06   simsec/sec=13203.4   ev/simsec=745.349
     Messages:  created: 2   present: 2   in FES: 1

<!> Simulation stopped with endSimulation() -- in module (ScheduledAccessQueue) DectScheduledAccessNetwork.queue (id=2), at t=284.638597404972s, event #212155

Calling finish() at end of Run #128...

Preparing for running configuration MonetecFocusedSmallR, run #129...
Scenario: $r=1, $rho=0.220, $repetition=0
Assigned runID=MonetecFocusedSmallR-129-20260930-08:34:21-58
Setting up network "dect2020scheduledaccess.DectScheduledAccessNetwork"...
Initializing...

Running simulation...
** Event #0   t=0   Elapsed: 3e-06s (0m 00s)
     Speed:     ev/sec=0   simsec/sec=0   ev/simsec=0
     Messages:  created: 2   present: 2   in FES: 2
** Event #215345   t=283.682993349188   Elapsed: 0.021556s (0m 00s)
     Speed:     ev/sec=9.99234e+06   simsec/sec=13163.3   ev/simsec=759.105
     Messages:  created: 2   present: 2   in FES: 1

<!> Simulation stopped with endSimulation() -- in module (ScheduledAccessQueue) DectScheduledAccessNetwork.queue (id=2), at t=283.682993349188s, event #215345

Calling finish() at end of Run #129...

Preparing for running configuration MonetecFocusedSmallR, run #130...
Scenario: $r=1, $rho=0.220, $repetition=1
Assigned runID=MonetecFocusedSmallR-130-20260930-08:34:21-58
Setting up network "dect2020scheduledaccess.DectScheduledAccessNetwork"...
Initializing...

Running simulation...
** Event #0   t=0   Elapsed: 3e-06s (0m 00s)
     Speed:     ev/sec=0   simsec/sec=0   ev/simsec=0
     Messages:  created: 2   present: 2   in FES: 2
** Event #214742   t=282.63724522132   Elapsed: 0.021576s (0m 00s)
     Speed:     ev/sec=9.95512e+06   simsec/sec=13102.6   ev/simsec=759.78
     Messages:  created: 2   present: 2   in FES: 1

<!> Simulation stopped with endSimulation() -- in module (ScheduledAccessQueue) DectScheduledAccessNetwork.queue (id=2), at t=282.63724522132s, event #214742

Calling finish() at end of Run #130...

Preparing for running configuration MonetecFocusedSmallR, run #131...
Scenario: $r=1, $rho=0.220, $repetition=2
Assigned runID=MonetecFocusedSmallR-131-20260930-08:34:21-58
Setting up network "dect2020scheduledaccess.DectScheduledAccessNetwork"...
Initializing...

Running simulation...
** Event #0   t=0   Elapsed: 3e-06s (0m 00s)
     Speed:     ev/sec=0   simsec/sec=0   ev/simsec=0
     Messages:  created: 2   present: 2   in FES: 2
** Event #214957   t=283.765406179438   Elapsed: 0.0223s (0m 00s)
     Speed:     ev/sec=9.64192e+06   simsec/sec=12728.3   ev/simsec=757.517
     Messages:  created: 2   present: 2   in FES: 1

<!> Simulation stopped with endSimulation() -- in module (ScheduledAccessQueue) DectScheduledAccessNetwork.queue (id=2), at t=283.765406179438s, event #214957

Calling finish() at end of Run #131...

Preparing for running configuration MonetecFocusedSmallR, run #132...
Scenario: $r=1, $rho=0.225, $repetition=0
Assigned runID=MonetecFocusedSmallR-132-20260930-08:34:21-58
Setting up network "dect2020scheduledaccess.DectScheduledAccessNetwork"...
Initializing...

Running simulation...
** Event #0   t=0   Elapsed: 2.6e-05s (0m 00s)
     Speed:     ev/sec=0   simsec/sec=0   ev/simsec=0
     Messages:  created: 2   present: 2   in FES: 2
** Event #217871   t=283.122347404992   Elapsed: 0.021988s (0m 00s)
     Speed:     ev/sec=9.92127e+06   simsec/sec=12892.6   ev/simsec=769.535
     Messages:  created: 2   present: 2   in FES: 1

<!> Simulation stopped with endSimulation() -- in module (ScheduledAccessQueue) DectScheduledAccessNetwork.queue (id=2), at t=283.122347404992s, event #217871

Calling finish() at end of Run #132...

Preparing for running configuration MonetecFocusedSmallR, run #133...
Scenario: $r=1, $rho=0.225, $repetition=1
Assigned runID=MonetecFocusedSmallR-133-20260930-08:34:21-58
Setting up network "dect2020scheduledaccess.DectScheduledAccessNetwork"...
Initializing...

Running simulation...
** Event #0   t=0   Elapsed: 2.3e-05s (0m 00s)
     Speed:     ev/sec=0   simsec/sec=0   ev/simsec=0
     Messages:  created: 2   present: 2   in FES: 2
** Event #218676   t=284.041921931232   Elapsed: 0.022002s (0m 00s)
     Speed:     ev/sec=9.95022e+06   simsec/sec=12924.5   ev/simsec=769.873
     Messages:  created: 2   present: 2   in FES: 1

<!> Simulation stopped with endSimulation() -- in module (ScheduledAccessQueue) DectScheduledAccessNetwork.queue (id=2), at t=284.041921931232s, event #218676

Calling finish() at end of Run #133...

Preparing for running configuration MonetecFocusedSmallR, run #134...
Scenario: $r=1, $rho=0.225, $repetition=2
Assigned runID=MonetecFocusedSmallR-134-20260930-08:34:21-58
Setting up network "dect2020scheduledaccess.DectScheduledAccessNetwork"...
Initializing...

Running simulation...
** Event #0   t=0   Elapsed: 2.5e-05s (0m 00s)
     Speed:     ev/sec=0   simsec/sec=0   ev/simsec=0
     Messages:  created: 2   present: 2   in FES: 2
** Event #217376   t=282.441954133279   Elapsed: 0.021942s (0m 00s)
     Speed:     ev/sec=9.91905e+06   simsec/sec=12888   ev/simsec=769.632
     Messages:  created: 2   present: 2   in FES: 1

<!> Simulation stopped with endSimulation() -- in module (ScheduledAccessQueue) DectScheduledAccessNetwork.queue (id=2), at t=282.441954133279s, event #217376

Calling finish() at end of Run #134...

Preparing for running configuration MonetecFocusedSmallR, run #135...
Scenario: $r=1, $rho=0.230, $repetition=0
Assigned runID=MonetecFocusedSmallR-135-20260930-08:34:21-58
Setting up network "dect2020scheduledaccess.DectScheduledAccessNetwork"...
Initializing...

Running simulation...
** Event #0   t=0   Elapsed: 1.5e-05s (0m 00s)
     Speed:     ev/sec=0   simsec/sec=0   ev/simsec=0
     Messages:  created: 2   present: 2   in FES: 2
** Event #220507   t=281.686967964722   Elapsed: 0.022312s (0m 00s)
     Speed:     ev/sec=9.89087e+06   simsec/sec=12635.1   ev/simsec=782.809
     Messages:  created: 2   present: 2   in FES: 1

<!> Simulation stopped with endSimulation() -- in module (ScheduledAccessQueue) DectScheduledAccessNetwork.queue (id=2), at t=281.686967964722s, event #220507

Calling finish() at end of Run #135...

Preparing for running configuration MonetecFocusedSmallR, run #136...
Scenario: $r=1, $rho=0.230, $repetition=1
Assigned runID=MonetecFocusedSmallR-136-20260930-08:34:21-58
Setting up network "dect2020scheduledaccess.DectScheduledAccessNetwork"...
Initializing...

Running simulation...
** Event #0   t=0   Elapsed: 2.4e-05s (0m 00s)
     Speed:     ev/sec=0   simsec/sec=0   ev/simsec=0
     Messages:  created: 2   present: 2   in FES: 2
** Event #220641   t=281.598181735834   Elapsed: 0.022186s (0m 00s)
     Speed:     ev/sec=9.95717e+06   simsec/sec=12708.1   ev/simsec=783.532
     Messages:  created: 2   present: 2   in FES: 1

<!> Simulation stopped with endSimulation() -- in module (ScheduledAccessQueue) DectScheduledAccessNetwork.queue (id=2), at t=281.598181735834s, event #220641

Calling finish() at end of Run #136...

Preparing for running configuration MonetecFocusedSmallR, run #137...
Scenario: $r=1, $rho=0.230, $repetition=2
Assigned runID=MonetecFocusedSmallR-137-20260930-08:34:21-58
Setting up network "dect2020scheduledaccess.DectScheduledAccessNetwork"...
Initializing...

Running simulation...
** Event #0   t=0   Elapsed: 4e-06s (0m 00s)
     Speed:     ev/sec=0   simsec/sec=0   ev/simsec=0
     Messages:  created: 2   present: 2   in FES: 2
** Event #220432   t=281.965068616198   Elapsed: 0.022444s (0m 00s)
     Speed:     ev/sec=9.82449e+06   simsec/sec=12567   ev/simsec=781.771
     Messages:  created: 2   present: 2   in FES: 1

<!> Simulation stopped with endSimulation() -- in module (ScheduledAccessQueue) DectScheduledAccessNetwork.queue (id=2), at t=281.965068616198s, event #220432

Calling finish() at end of Run #137...

Preparing for running configuration MonetecFocusedSmallR, run #138...
Scenario: $r=1, $rho=0.235, $repetition=0
Assigned runID=MonetecFocusedSmallR-138-20260930-08:34:21-58
Setting up network "dect2020scheduledaccess.DectScheduledAccessNetwork"...
Initializing...

Running simulation...
** Event #0   t=0   Elapsed: 4e-06s (0m 00s)
     Speed:     ev/sec=0   simsec/sec=0   ev/simsec=0
     Messages:  created: 2   present: 2   in FES: 2
** Event #223837   t=281.255212149075   Elapsed: 0.022526s (0m 00s)
     Speed:     ev/sec=9.93903e+06   simsec/sec=12488.6   ev/simsec=795.851
     Messages:  created: 2   present: 2   in FES: 1

<!> Simulation stopped with endSimulation() -- in module (ScheduledAccessQueue) DectScheduledAccessNetwork.queue (id=2), at t=281.255212149075s, event #223837

Calling finish() at end of Run #138...

Preparing for running configuration MonetecFocusedSmallR, run #139...
Scenario: $r=1, $rho=0.235, $repetition=1
Assigned runID=MonetecFocusedSmallR-139-20260930-08:34:21-58
Setting up network "dect2020scheduledaccess.DectScheduledAccessNetwork"...
Initializing...

Running simulation...
** Event #0   t=0   Elapsed: 3e-06s (0m 00s)
     Speed:     ev/sec=0   simsec/sec=0   ev/simsec=0
     Messages:  created: 2   present: 2   in FES: 2
** Event #223788   t=281.169048399483   Elapsed: 0.023164s (0m 00s)
     Speed:     ev/sec=9.66395e+06   simsec/sec=12141.9   ev/simsec=795.92
     Messages:  created: 2   present: 2   in FES: 1

<!> Simulation stopped with endSimulation() -- in module (ScheduledAccessQueue) DectScheduledAccessNetwork.queue (id=2), at t=281.169048399483s, event #223788

Calling finish() at end of Run #139...

Preparing for running configuration MonetecFocusedSmallR, run #140...
Scenario: $r=1, $rho=0.235, $repetition=2
Assigned runID=MonetecFocusedSmallR-140-20260930-08:34:21-58
Setting up network "dect2020scheduledaccess.DectScheduledAccessNetwork"...
Initializing...

Running simulation...
** Event #0   t=0   Elapsed: 2.8e-05s (0m 00s)
     Speed:     ev/sec=0   simsec/sec=0   ev/simsec=0
     Messages:  created: 2   present: 2   in FES: 2
** Event #222987   t=280.94877600648   Elapsed: 0.022454s (0m 00s)
     Speed:     ev/sec=9.94412e+06   simsec/sec=12528.9   ev/simsec=793.693
     Messages:  created: 2   present: 2   in FES: 1

<!> Simulation stopped with endSimulation() -- in module (ScheduledAccessQueue) DectScheduledAccessNetwork.queue (id=2), at t=280.94877600648s, event #222987

Calling finish() at end of Run #140...

Preparing for running configuration MonetecFocusedSmallR, run #141...
Scenario: $r=1, $rho=0.240, $repetition=0
Assigned runID=MonetecFocusedSmallR-141-20260930-08:34:21-58
Setting up network "dect2020scheduledaccess.DectScheduledAccessNetwork"...
Initializing...

Running simulation...
** Event #0   t=0   Elapsed: 3e-06s (0m 00s)
     Speed:     ev/sec=0   simsec/sec=0   ev/simsec=0
     Messages:  created: 2   present: 2   in FES: 2
** Event #225882   t=279.532340445273   Elapsed: 0.022653s (0m 00s)
     Speed:     ev/sec=9.97404e+06   simsec/sec=12343   ev/simsec=808.071
     Messages:  created: 2   present: 2   in FES: 1

<!> Simulation stopped with endSimulation() -- in module (ScheduledAccessQueue) DectScheduledAccessNetwork.queue (id=2), at t=279.532340445273s, event #225882

Calling finish() at end of Run #141...

Preparing for running configuration MonetecFocusedSmallR, run #142...
Scenario: $r=1, $rho=0.240, $repetition=1
Assigned runID=MonetecFocusedSmallR-142-20260930-08:34:21-58
Setting up network "dect2020scheduledaccess.DectScheduledAccessNetwork"...
Initializing...

Running simulation...
** Event #0   t=0   Elapsed: 2.5e-05s (0m 00s)
     Speed:     ev/sec=0   simsec/sec=0   ev/simsec=0
     Messages:  created: 2   present: 2   in FES: 2
** Event #225681   t=279.101126594211   Elapsed: 0.022809s (0m 00s)
     Speed:     ev/sec=9.90698e+06   simsec/sec=12252   ev/simsec=808.601
     Messages:  created: 2   present: 2   in FES: 1

<!> Simulation stopped with endSimulation() -- in module (ScheduledAccessQueue) DectScheduledAccessNetwork.queue (id=2), at t=279.101126594211s, event #225681

Calling finish() at end of Run #142...

Preparing for running configuration MonetecFocusedSmallR, run #143...
Scenario: $r=1, $rho=0.240, $repetition=2
Assigned runID=MonetecFocusedSmallR-143-20260930-08:34:21-58
Setting up network "dect2020scheduledaccess.DectScheduledAccessNetwork"...
Initializing...

Running simulation...
** Event #0   t=0   Elapsed: 2.8e-05s (0m 00s)
     Speed:     ev/sec=0   simsec/sec=0   ev/simsec=0
     Messages:  created: 2   present: 2   in FES: 2
** Event #225782   t=279.713094825265   Elapsed: 0.022847s (0m 00s)
     Speed:     ev/sec=9.89577e+06   simsec/sec=12259.5   ev/simsec=807.193
     Messages:  created: 2   present: 2   in FES: 1

<!> Simulation stopped with endSimulation() -- in module (ScheduledAccessQueue) DectScheduledAccessNetwork.queue (id=2), at t=279.713094825265s, event #225782

Calling finish() at end of Run #143...

Preparing for running configuration MonetecFocusedSmallR, run #144...
Scenario: $r=1, $rho=0.245, $repetition=0
Assigned runID=MonetecFocusedSmallR-144-20260930-08:34:21-58
Setting up network "dect2020scheduledaccess.DectScheduledAccessNetwork"...
Initializing...

Running simulation...
** Event #0   t=0   Elapsed: 3e-06s (0m 00s)
     Speed:     ev/sec=0   simsec/sec=0   ev/simsec=0
     Messages:  created: 2   present: 2   in FES: 2
** Event #229063   t=279.774255097387   Elapsed: 0.023009s (0m 00s)
     Speed:     ev/sec=9.95796e+06   simsec/sec=12162.5   ev/simsec=818.743
     Messages:  created: 2   present: 2   in FES: 1

<!> Simulation stopped with endSimulation() -- in module (ScheduledAccessQueue) DectScheduledAccessNetwork.queue (id=2), at t=279.774255097387s, event #229063

Calling finish() at end of Run #144...

Preparing for running configuration MonetecFocusedSmallR, run #145...
Scenario: $r=1, $rho=0.245, $repetition=1
Assigned runID=MonetecFocusedSmallR-145-20260930-08:34:21-58
Setting up network "dect2020scheduledaccess.DectScheduledAccessNetwork"...
Initializing...

Running simulation...
** Event #0   t=0   Elapsed: 3e-06s (0m 00s)
     Speed:     ev/sec=0   simsec/sec=0   ev/simsec=0
     Messages:  created: 2   present: 2   in FES: 2
** Event #229057   t=279.715637794672   Elapsed: 0.023046s (0m 00s)
     Speed:     ev/sec=9.94085e+06   simsec/sec=12139.4   ev/simsec=818.893
     Messages:  created: 2   present: 2   in FES: 1

<!> Simulation stopped with endSimulation() -- in module (ScheduledAccessQueue) DectScheduledAccessNetwork.queue (id=2), at t=279.715637794672s, event #229057

Calling finish() at end of Run #145...

Preparing for running configuration MonetecFocusedSmallR, run #146...
Scenario: $r=1, $rho=0.245, $repetition=2
Assigned runID=MonetecFocusedSmallR-146-20260930-08:34:21-58
Setting up network "dect2020scheduledaccess.DectScheduledAccessNetwork"...
Initializing...

Running simulation...
** Event #0   t=0   Elapsed: 2.1e-05s (0m 00s)
     Speed:     ev/sec=0   simsec/sec=0   ev/simsec=0
     Messages:  created: 2   present: 2   in FES: 2
** Event #228150   t=278.624686434117   Elapsed: 0.022962s (0m 00s)
     Speed:     ev/sec=9.94594e+06   simsec/sec=12146.3   ev/simsec=818.845
     Messages:  created: 2   present: 2   in FES: 1

<!> Simulation stopped with endSimulation() -- in module (ScheduledAccessQueue) DectScheduledAccessNetwork.queue (id=2), at t=278.624686434117s, event #228150

Calling finish() at end of Run #146...

Preparing for running configuration MonetecFocusedSmallR, run #147...
Scenario: $r=1, $rho=0.250, $repetition=0
Assigned runID=MonetecFocusedSmallR-147-20260930-08:34:21-58
Setting up network "dect2020scheduledaccess.DectScheduledAccessNetwork"...
Initializing...

Running simulation...
** Event #0   t=0   Elapsed: 4e-06s (0m 00s)
     Speed:     ev/sec=0   simsec/sec=0   ev/simsec=0
     Messages:  created: 2   present: 2   in FES: 2
** Event #231372   t=278.070515836021   Elapsed: 0.02324s (0m 00s)
     Speed:     ev/sec=9.95834e+06   simsec/sec=11968.2   ev/simsec=832.066
     Messages:  created: 2   present: 2   in FES: 1

<!> Simulation stopped with endSimulation() -- in module (ScheduledAccessQueue) DectScheduledAccessNetwork.queue (id=2), at t=278.070515836021s, event #231372

Calling finish() at end of Run #147...

Preparing for running configuration MonetecFocusedSmallR, run #148...
Scenario: $r=1, $rho=0.250, $repetition=1
Assigned runID=MonetecFocusedSmallR-148-20260930-08:34:21-58
Setting up network "dect2020scheduledaccess.DectScheduledAccessNetwork"...
Initializing...

Running simulation...
** Event #0   t=0   Elapsed: 2.1e-05s (0m 00s)
     Speed:     ev/sec=0   simsec/sec=0   ev/simsec=0
     Messages:  created: 2   present: 2   in FES: 2
** Event #231714   t=278.004228863749   Elapsed: 0.023346s (0m 00s)
     Speed:     ev/sec=9.935e+06   simsec/sec=11919.7   ev/simsec=833.493
     Messages:  created: 2   present: 2   in FES: 1

<!> Simulation stopped with endSimulation() -- in module (ScheduledAccessQueue) DectScheduledAccessNetwork.queue (id=2), at t=278.004228863749s, event #231714

Calling finish() at end of Run #148...

Preparing for running configuration MonetecFocusedSmallR, run #149...
Scenario: $r=1, $rho=0.250, $repetition=2
Assigned runID=MonetecFocusedSmallR-149-20260930-08:34:21-58
Setting up network "dect2020scheduledaccess.DectScheduledAccessNetwork"...
Initializing...

Running simulation...
** Event #0   t=0   Elapsed: 2.1e-05s (0m 00s)
     Speed:     ev/sec=0   simsec/sec=0   ev/simsec=0
     Messages:  created: 2   present: 2   in FES: 2
** Event #231108   t=277.970824213072   Elapsed: 0.023354s (0m 00s)
     Speed:     ev/sec=9.90519e+06   simsec/sec=11913.7   ev/simsec=831.411
     Messages:  created: 2   present: 2   in FES: 1

<!> Simulation stopped with endSimulation() -- in module (ScheduledAccessQueue) DectScheduledAccessNetwork.queue (id=2), at t=277.970824213072s, event #231108

Calling finish() at end of Run #149...

Preparing for running configuration MonetecFocusedSmallR, run #150...
Scenario: $r=1, $rho=0.255, $repetition=0
Assigned runID=MonetecFocusedSmallR-150-20260930-08:34:21-58
Setting up network "dect2020scheduledaccess.DectScheduledAccessNetwork"...
Initializing...

Running simulation...
** Event #0   t=0   Elapsed: 3e-06s (0m 00s)
     Speed:     ev/sec=0   simsec/sec=0   ev/simsec=0
     Messages:  created: 2   present: 2   in FES: 2
** Event #234180   t=277.545914765794   Elapsed: 0.023714s (0m 00s)
     Speed:     ev/sec=9.87685e+06   simsec/sec=11705.8   ev/simsec=843.753
     Messages:  created: 2   present: 2   in FES: 1

<!> Simulation stopped with endSimulation() -- in module (ScheduledAccessQueue) DectScheduledAccessNetwork.queue (id=2), at t=277.545914765794s, event #234180

Calling finish() at end of Run #150...

Preparing for running configuration MonetecFocusedSmallR, run #151...
Scenario: $r=1, $rho=0.255, $repetition=1
Assigned runID=MonetecFocusedSmallR-151-20260930-08:34:21-58
Setting up network "dect2020scheduledaccess.DectScheduledAccessNetwork"...
Initializing...

Running simulation...
** Event #0   t=0   Elapsed: 3e-06s (0m 00s)
     Speed:     ev/sec=0   simsec/sec=0   ev/simsec=0
     Messages:  created: 2   present: 2   in FES: 2
** Event #234416   t=277.606478292541   Elapsed: 0.02361s (0m 00s)
     Speed:     ev/sec=9.93078e+06   simsec/sec=11760.5   ev/simsec=844.42
     Messages:  created: 2   present: 2   in FES: 1

<!> Simulation stopped with endSimulation() -- in module (ScheduledAccessQueue) DectScheduledAccessNetwork.queue (id=2), at t=277.606478292541s, event #234416

Calling finish() at end of Run #151...

Preparing for running configuration MonetecFocusedSmallR, run #152...
Scenario: $r=1, $rho=0.255, $repetition=2
Assigned runID=MonetecFocusedSmallR-152-20260930-08:34:22-58
Setting up network "dect2020scheduledaccess.DectScheduledAccessNetwork"...
Initializing...

Running simulation...
** Event #0   t=0   Elapsed: 4.2e-05s (0m 00s)
     Speed:     ev/sec=0   simsec/sec=0   ev/simsec=0
     Messages:  created: 2   present: 2   in FES: 2
** Event #233919   t=277.297700703204   Elapsed: 0.023756s (0m 00s)
     Speed:     ev/sec=9.86459e+06   simsec/sec=11693.9   ev/simsec=843.567
     Messages:  created: 2   present: 2   in FES: 1

<!> Simulation stopped with endSimulation() -- in module (ScheduledAccessQueue) DectScheduledAccessNetwork.queue (id=2), at t=277.297700703204s, event #233919

Calling finish() at end of Run #152...

Preparing for running configuration MonetecFocusedSmallR, run #153...
Scenario: $r=1, $rho=0.260, $repetition=0
Assigned runID=MonetecFocusedSmallR-153-20260930-08:34:22-58
Setting up network "dect2020scheduledaccess.DectScheduledAccessNetwork"...
Initializing...

Running simulation...
** Event #0   t=0   Elapsed: 3e-06s (0m 00s)
     Speed:     ev/sec=0   simsec/sec=0   ev/simsec=0
     Messages:  created: 2   present: 2   in FES: 2
** Event #236132   t=275.822735719155   Elapsed: 0.023904s (0m 00s)
     Speed:     ev/sec=9.88041e+06   simsec/sec=11541.2   ev/simsec=856.101
     Messages:  created: 2   present: 2   in FES: 1

<!> Simulation stopped with endSimulation() -- in module (ScheduledAccessQueue) DectScheduledAccessNetwork.queue (id=2), at t=275.822735719155s, event #236132

Calling finish() at end of Run #153...

Preparing for running configuration MonetecFocusedSmallR, run #154...
Scenario: $r=1, $rho=0.260, $repetition=1
Assigned runID=MonetecFocusedSmallR-154-20260930-08:34:22-58
Setting up network "dect2020scheduledaccess.DectScheduledAccessNetwork"...
Initializing...

Running simulation...
** Event #0   t=0   Elapsed: 3e-06s (0m 00s)
     Speed:     ev/sec=0   simsec/sec=0   ev/simsec=0
     Messages:  created: 2   present: 2   in FES: 2
** Event #236590   t=275.886565320241   Elapsed: 0.023643s (0m 00s)
     Speed:     ev/sec=1.00089e+07   simsec/sec=11671.3   ev/simsec=857.564
     Messages:  created: 2   present: 2   in FES: 1

<!> Simulation stopped with endSimulation() -- in module (ScheduledAccessQueue) DectScheduledAccessNetwork.queue (id=2), at t=275.886565320241s, event #236590

Calling finish() at end of Run #154...

Preparing for running configuration MonetecFocusedSmallR, run #155...
Scenario: $r=1, $rho=0.260, $repetition=2
Assigned runID=MonetecFocusedSmallR-155-20260930-08:34:22-58
Setting up network "dect2020scheduledaccess.DectScheduledAccessNetwork"...
Initializing...

Running simulation...
** Event #0   t=0   Elapsed: 3e-06s (0m 00s)
     Speed:     ev/sec=0   simsec/sec=0   ev/simsec=0
     Messages:  created: 2   present: 2   in FES: 2
** Event #237144   t=277.094773602871   Elapsed: 0.024s (0m 00s)
     Speed:     ev/sec=9.88347e+06   simsec/sec=11548.5   ev/simsec=855.826
     Messages:  created: 2   present: 2   in FES: 1

<!> Simulation stopped with endSimulation() -- in module (ScheduledAccessQueue) DectScheduledAccessNetwork.queue (id=2), at t=277.094773602871s, event #237144

Calling finish() at end of Run #155...

Preparing for running configuration MonetecFocusedSmallR, run #156...
Scenario: $r=1, $rho=0.265, $repetition=0
Assigned runID=MonetecFocusedSmallR-156-20260930-08:34:22-58
Setting up network "dect2020scheduledaccess.DectScheduledAccessNetwork"...
Initializing...

Running simulation...
** Event #0   t=0   Elapsed: 3e-06s (0m 00s)
     Speed:     ev/sec=0   simsec/sec=0   ev/simsec=0
     Messages:  created: 2   present: 2   in FES: 2
** Event #239826   t=276.246684240402   Elapsed: 0.02422s (0m 00s)
     Speed:     ev/sec=9.90444e+06   simsec/sec=11408.5   ev/simsec=868.159
     Messages:  created: 2   present: 2   in FES: 1

<!> Simulation stopped with endSimulation() -- in module (ScheduledAccessQueue) DectScheduledAccessNetwork.queue (id=2), at t=276.246684240402s, event #239826

Calling finish() at end of Run #156...

Preparing for running configuration MonetecFocusedSmallR, run #157...
Scenario: $r=1, $rho=0.265, $repetition=1
Assigned runID=MonetecFocusedSmallR-157-20260930-08:34:22-58
Setting up network "dect2020scheduledaccess.DectScheduledAccessNetwork"...
Initializing...

Running simulation...
** Event #0   t=0   Elapsed: 3e-06s (0m 00s)
     Speed:     ev/sec=0   simsec/sec=0   ev/simsec=0
     Messages:  created: 2   present: 2   in FES: 2
** Event #239404   t=275.272212784514   Elapsed: 0.024045s (0m 00s)
     Speed:     ev/sec=9.95898e+06   simsec/sec=11451.1   ev/simsec=869.7
     Messages:  created: 2   present: 2   in FES: 1

<!> Simulation stopped with endSimulation() -- in module (ScheduledAccessQueue) DectScheduledAccessNetwork.queue (id=2), at t=275.272212784514s, event #239404

Calling finish() at end of Run #157...

Preparing for running configuration MonetecFocusedSmallR, run #158...
Scenario: $r=1, $rho=0.265, $repetition=2
Assigned runID=MonetecFocusedSmallR-158-20260930-08:34:22-58
Setting up network "dect2020scheduledaccess.DectScheduledAccessNetwork"...
Initializing...

Running simulation...
** Event #0   t=0   Elapsed: 4e-06s (0m 00s)
     Speed:     ev/sec=0   simsec/sec=0   ev/simsec=0
     Messages:  created: 2   present: 2   in FES: 2
** Event #239720   t=276.00718727103   Elapsed: 0.024145s (0m 00s)
     Speed:     ev/sec=9.93123e+06   simsec/sec=11434.5   ev/simsec=868.529
     Messages:  created: 2   present: 2   in FES: 1

<!> Simulation stopped with endSimulation() -- in module (ScheduledAccessQueue) DectScheduledAccessNetwork.queue (id=2), at t=276.00718727103s, event #239720

Calling finish() at end of Run #158...

Preparing for running configuration MonetecFocusedSmallR, run #159...
Scenario: $r=1, $rho=0.270, $repetition=0
Assigned runID=MonetecFocusedSmallR-159-20260930-08:34:22-58
Setting up network "dect2020scheduledaccess.DectScheduledAccessNetwork"...
Initializing...

Running simulation...
** Event #0   t=0   Elapsed: 3e-06s (0m 00s)
     Speed:     ev/sec=0   simsec/sec=0   ev/simsec=0
     Messages:  created: 2   present: 2   in FES: 2
** Event #242336   t=274.974712648425   Elapsed: 0.024382s (0m 00s)
     Speed:     ev/sec=9.94158e+06   simsec/sec=11280.5   ev/simsec=881.305
     Messages:  created: 2   present: 2   in FES: 1

<!> Simulation stopped with endSimulation() -- in module (ScheduledAccessQueue) DectScheduledAccessNetwork.queue (id=2), at t=274.974712648425s, event #242336

Calling finish() at end of Run #159...

Preparing for running configuration MonetecFocusedSmallR, run #160...
Scenario: $r=1, $rho=0.270, $repetition=1
Assigned runID=MonetecFocusedSmallR-160-20260930-08:34:22-58
Setting up network "dect2020scheduledaccess.DectScheduledAccessNetwork"...
Initializing...

Running simulation...
** Event #0   t=0   Elapsed: 4e-06s (0m 00s)
     Speed:     ev/sec=0   simsec/sec=0   ev/simsec=0
     Messages:  created: 2   present: 2   in FES: 2
** Event #242598   t=275.162959312692   Elapsed: 0.02431s (0m 00s)
     Speed:     ev/sec=9.98181e+06   simsec/sec=11321.7   ev/simsec=881.653
     Messages:  created: 2   present: 2   in FES: 1

<!> Simulation stopped with endSimulation() -- in module (ScheduledAccessQueue) DectScheduledAccessNetwork.queue (id=2), at t=275.162959312692s, event #242598

Calling finish() at end of Run #160...

Preparing for running configuration MonetecFocusedSmallR, run #161...
Scenario: $r=1, $rho=0.270, $repetition=2
Assigned runID=MonetecFocusedSmallR-161-20260930-08:34:22-58
Setting up network "dect2020scheduledaccess.DectScheduledAccessNetwork"...
Initializing...

Running simulation...
** Event #0   t=0   Elapsed: 3e-06s (0m 00s)
     Speed:     ev/sec=0   simsec/sec=0   ev/simsec=0
     Messages:  created: 2   present: 2   in FES: 2
** Event #242020   t=274.932057125985   Elapsed: 0.02447s (0m 00s)
     Speed:     ev/sec=9.8929e+06   simsec/sec=11238.2   ev/simsec=880.29
     Messages:  created: 2   present: 2   in FES: 1

<!> Simulation stopped with endSimulation() -- in module (ScheduledAccessQueue) DectScheduledAccessNetwork.queue (id=2), at t=274.932057125985s, event #242020

Calling finish() at end of Run #161...

Preparing for running configuration MonetecFocusedSmallR, run #162...
Scenario: $r=1, $rho=0.275, $repetition=0
Assigned runID=MonetecFocusedSmallR-162-20260930-08:34:22-58
Setting up network "dect2020scheduledaccess.DectScheduledAccessNetwork"...
Initializing...

Running simulation...
** Event #0   t=0   Elapsed: 3e-06s (0m 00s)
     Speed:     ev/sec=0   simsec/sec=0   ev/simsec=0
     Messages:  created: 2   present: 2   in FES: 2
** Event #244747   t=273.630706954393   Elapsed: 0.024434s (0m 00s)
     Speed:     ev/sec=1.00187e+07   simsec/sec=11201   ev/simsec=894.444
     Messages:  created: 2   present: 2   in FES: 1

<!> Simulation stopped with endSimulation() -- in module (ScheduledAccessQueue) DectScheduledAccessNetwork.queue (id=2), at t=273.630706954393s, event #244747

Calling finish() at end of Run #162...

Preparing for running configuration MonetecFocusedSmallR, run #163...
Scenario: $r=1, $rho=0.275, $repetition=1
Assigned runID=MonetecFocusedSmallR-163-20260930-08:34:22-58
Setting up network "dect2020scheduledaccess.DectScheduledAccessNetwork"...
Initializing...

Running simulation...
** Event #0   t=0   Elapsed: 3e-06s (0m 00s)
     Speed:     ev/sec=0   simsec/sec=0   ev/simsec=0
     Messages:  created: 2   present: 2   in FES: 2
** Event #245390   t=274.764249583091   Elapsed: 0.0247s (0m 00s)
     Speed:     ev/sec=9.93602e+06   simsec/sec=11125.4   ev/simsec=893.095
     Messages:  created: 2   present: 2   in FES: 1

<!> Simulation stopped with endSimulation() -- in module (ScheduledAccessQueue) DectScheduledAccessNetwork.queue (id=2), at t=274.764249583091s, event #245390

Calling finish() at end of Run #163...

Preparing for running configuration MonetecFocusedSmallR, run #164...
Scenario: $r=1, $rho=0.275, $repetition=2
Assigned runID=MonetecFocusedSmallR-164-20260930-08:34:22-58
Setting up network "dect2020scheduledaccess.DectScheduledAccessNetwork"...
Initializing...

Running simulation...
** Event #0   t=0   Elapsed: 3e-06s (0m 00s)
     Speed:     ev/sec=0   simsec/sec=0   ev/simsec=0
     Messages:  created: 2   present: 2   in FES: 2
** Event #245435   t=274.752017645015   Elapsed: 0.0247s (0m 00s)
     Speed:     ev/sec=9.93825e+06   simsec/sec=11125.4   ev/simsec=893.297
     Messages:  created: 2   present: 2   in FES: 1

<!> Simulation stopped with endSimulation() -- in module (ScheduledAccessQueue) DectScheduledAccessNetwork.queue (id=2), at t=274.752017645015s, event #245435

Calling finish() at end of Run #164...

Preparing for running configuration MonetecFocusedSmallR, run #165...
Scenario: $r=1, $rho=0.280, $repetition=0
Assigned runID=MonetecFocusedSmallR-165-20260930-08:34:22-58
Setting up network "dect2020scheduledaccess.DectScheduledAccessNetwork"...
Initializing...

Running simulation...
** Event #0   t=0   Elapsed: 3e-06s (0m 00s)
     Speed:     ev/sec=0   simsec/sec=0   ev/simsec=0
     Messages:  created: 2   present: 2   in FES: 2
** Event #247726   t=273.161710341236   Elapsed: 0.024949s (0m 00s)
     Speed:     ev/sec=9.93129e+06   simsec/sec=10951   ev/simsec=906.885
     Messages:  created: 2   present: 2   in FES: 1

<!> Simulation stopped with endSimulation() -- in module (ScheduledAccessQueue) DectScheduledAccessNetwork.queue (id=2), at t=273.161710341236s, event #247726

Calling finish() at end of Run #165...

Preparing for running configuration MonetecFocusedSmallR, run #166...
Scenario: $r=1, $rho=0.280, $repetition=1
Assigned runID=MonetecFocusedSmallR-166-20260930-08:34:22-58
Setting up network "dect2020scheduledaccess.DectScheduledAccessNetwork"...
Initializing...

Running simulation...
** Event #0   t=0   Elapsed: 3e-06s (0m 00s)
     Speed:     ev/sec=0   simsec/sec=0   ev/simsec=0
     Messages:  created: 2   present: 2   in FES: 2
** Event #248281   t=273.904852149906   Elapsed: 0.025006s (0m 00s)
     Speed:     ev/sec=9.93084e+06   simsec/sec=10955.7   ev/simsec=906.451
     Messages:  created: 2   present: 2   in FES: 1

<!> Simulation stopped with endSimulation() -- in module (ScheduledAccessQueue) DectScheduledAccessNetwork.queue (id=2), at t=273.904852149906s, event #248281

Calling finish() at end of Run #166...

Preparing for running configuration MonetecFocusedSmallR, run #167...
Scenario: $r=1, $rho=0.280, $repetition=2
Assigned runID=MonetecFocusedSmallR-167-20260930-08:34:22-58
Setting up network "dect2020scheduledaccess.DectScheduledAccessNetwork"...
Initializing...

Running simulation...
** Event #0   t=0   Elapsed: 3e-06s (0m 00s)
     Speed:     ev/sec=0   simsec/sec=0   ev/simsec=0
     Messages:  created: 2   present: 2   in FES: 2
** Event #247805   t=274.057288077107   Elapsed: 0.024918s (0m 00s)
     Speed:     ev/sec=9.94681e+06   simsec/sec=11000.6   ev/simsec=904.209
     Messages:  created: 2   present: 2   in FES: 1

<!> Simulation stopped with endSimulation() -- in module (ScheduledAccessQueue) DectScheduledAccessNetwork.queue (id=2), at t=274.057288077107s, event #247805

Calling finish() at end of Run #167...

Preparing for running configuration MonetecFocusedSmallR, run #168...
Scenario: $r=1, $rho=0.285, $repetition=0
Assigned runID=MonetecFocusedSmallR-168-20260930-08:34:22-58
Setting up network "dect2020scheduledaccess.DectScheduledAccessNetwork"...
Initializing...

Running simulation...
** Event #0   t=0   Elapsed: 3e-06s (0m 00s)
     Speed:     ev/sec=0   simsec/sec=0   ev/simsec=0
     Messages:  created: 2   present: 2   in FES: 2
** Event #250719   t=273.19412364513   Elapsed: 0.025489s (0m 00s)
     Speed:     ev/sec=9.8379e+06   simsec/sec=10719.8   ev/simsec=917.733
     Messages:  created: 2   present: 2   in FES: 1

<!> Simulation stopped with endSimulation() -- in module (ScheduledAccessQueue) DectScheduledAccessNetwork.queue (id=2), at t=273.19412364513s, event #250719

Calling finish() at end of Run #168...

Preparing for running configuration MonetecFocusedSmallR, run #169...
Scenario: $r=1, $rho=0.285, $repetition=1
Assigned runID=MonetecFocusedSmallR-169-20260930-08:34:22-58
Setting up network "dect2020scheduledaccess.DectScheduledAccessNetwork"...
Initializing...

Running simulation...
** Event #0   t=0   Elapsed: 3e-06s (0m 00s)
     Speed:     ev/sec=0   simsec/sec=0   ev/simsec=0
     Messages:  created: 2   present: 2   in FES: 2
** Event #250712   t=272.981032577556   Elapsed: 0.025086s (0m 00s)
     Speed:     ev/sec=9.99609e+06   simsec/sec=10884   ev/simsec=918.423
     Messages:  created: 2   present: 2   in FES: 1

<!> Simulation stopped with endSimulation() -- in module (ScheduledAccessQueue) DectScheduledAccessNetwork.queue (id=2), at t=272.981032577556s, event #250712

Calling finish() at end of Run #169...

Preparing for running configuration MonetecFocusedSmallR, run #170...
Scenario: $r=1, $rho=0.285, $repetition=2
Assigned runID=MonetecFocusedSmallR-170-20260930-08:34:22-58
Setting up network "dect2020scheduledaccess.DectScheduledAccessNetwork"...
Initializing...

Running simulation...
** Event #0   t=0   Elapsed: 3e-06s (0m 00s)
     Speed:     ev/sec=0   simsec/sec=0   ev/simsec=0
     Messages:  created: 2   present: 2   in FES: 2
** Event #250082   t=272.32781887086   Elapsed: 0.026095s (0m 00s)
     Speed:     ev/sec=9.58573e+06   simsec/sec=10438.4   ev/simsec=918.313
     Messages:  created: 2   present: 2   in FES: 1

<!> Simulation stopped with endSimulation() -- in module (ScheduledAccessQueue) DectScheduledAccessNetwork.queue (id=2), at t=272.32781887086s, event #250082

Calling finish() at end of Run #170...

Preparing for running configuration MonetecFocusedSmallR, run #171...
Scenario: $r=1, $rho=0.290, $repetition=0
Assigned runID=MonetecFocusedSmallR-171-20260930-08:34:22-58
Setting up network "dect2020scheduledaccess.DectScheduledAccessNetwork"...
Initializing...

Running simulation...
** Event #0   t=0   Elapsed: 3e-06s (0m 00s)
     Speed:     ev/sec=0   simsec/sec=0   ev/simsec=0
     Messages:  created: 2   present: 2   in FES: 2
** Event #253598   t=272.554017320347   Elapsed: 0.025512s (0m 00s)
     Speed:     ev/sec=9.9419e+06   simsec/sec=10685   ev/simsec=930.451
     Messages:  created: 2   present: 2   in FES: 1

<!> Simulation stopped with endSimulation() -- in module (ScheduledAccessQueue) DectScheduledAccessNetwork.queue (id=2), at t=272.554017320347s, event #253598

Calling finish() at end of Run #171...

Preparing for running configuration MonetecFocusedSmallR, run #172...
Scenario: $r=1, $rho=0.290, $repetition=1
Assigned runID=MonetecFocusedSmallR-172-20260930-08:34:22-58
Setting up network "dect2020scheduledaccess.DectScheduledAccessNetwork"...
Initializing...

Running simulation...
** Event #0   t=0   Elapsed: 3e-06s (0m 00s)
     Speed:     ev/sec=0   simsec/sec=0   ev/simsec=0
     Messages:  created: 2   present: 2   in FES: 2
** Event #253466   t=272.17784984144   Elapsed: 0.025454s (0m 00s)
     Speed:     ev/sec=9.95976e+06   simsec/sec=10695   ev/simsec=931.252
     Messages:  created: 2   present: 2   in FES: 1

<!> Simulation stopped with endSimulation() -- in module (ScheduledAccessQueue) DectScheduledAccessNetwork.queue (id=2), at t=272.17784984144s, event #253466

Calling finish() at end of Run #172...

Preparing for running configuration MonetecFocusedSmallR, run #173...
Scenario: $r=1, $rho=0.290, $repetition=2
Assigned runID=MonetecFocusedSmallR-173-20260930-08:34:22-58
Setting up network "dect2020scheduledaccess.DectScheduledAccessNetwork"...
Initializing...

Running simulation...
** Event #0   t=0   Elapsed: 3e-06s (0m 00s)
     Speed:     ev/sec=0   simsec/sec=0   ev/simsec=0
     Messages:  created: 2   present: 2   in FES: 2
** Event #252994   t=271.854001439413   Elapsed: 0.025438s (0m 00s)
     Speed:     ev/sec=9.94708e+06   simsec/sec=10688.6   ev/simsec=930.626
     Messages:  created: 2   present: 2   in FES: 1

<!> Simulation stopped with endSimulation() -- in module (ScheduledAccessQueue) DectScheduledAccessNetwork.queue (id=2), at t=271.854001439413s, event #252994

Calling finish() at end of Run #173...

Preparing for running configuration MonetecFocusedSmallR, run #174...
Scenario: $r=1, $rho=0.295, $repetition=0
Assigned runID=MonetecFocusedSmallR-174-20260930-08:34:22-58
Setting up network "dect2020scheduledaccess.DectScheduledAccessNetwork"...
Initializing...

Running simulation...
** Event #0   t=0   Elapsed: 3e-06s (0m 00s)
     Speed:     ev/sec=0   simsec/sec=0   ev/simsec=0
     Messages:  created: 2   present: 2   in FES: 2
** Event #255656   t=271.421145534676   Elapsed: 0.025521s (0m 00s)
     Speed:     ev/sec=1.00198e+07   simsec/sec=10637.7   ev/simsec=941.918
     Messages:  created: 2   present: 2   in FES: 1

<!> Simulation stopped with endSimulation() -- in module (ScheduledAccessQueue) DectScheduledAccessNetwork.queue (id=2), at t=271.421145534676s, event #255656

Calling finish() at end of Run #174...

Preparing for running configuration MonetecFocusedSmallR, run #175...
Scenario: $r=1, $rho=0.295, $repetition=1
Assigned runID=MonetecFocusedSmallR-175-20260930-08:34:22-58
Setting up network "dect2020scheduledaccess.DectScheduledAccessNetwork"...
Initializing...

Running simulation...
** Event #0   t=0   Elapsed: 4e-06s (0m 00s)
     Speed:     ev/sec=0   simsec/sec=0   ev/simsec=0
     Messages:  created: 2   present: 2   in FES: 2
** Event #256232   t=271.560406755771   Elapsed: 0.025579s (0m 00s)
     Speed:     ev/sec=1.00196e+07   simsec/sec=10619   ev/simsec=943.556
     Messages:  created: 2   present: 2   in FES: 1

<!> Simulation stopped with endSimulation() -- in module (ScheduledAccessQueue) DectScheduledAccessNetwork.queue (id=2), at t=271.560406755771s, event #256232

Calling finish() at end of Run #175...

Preparing for running configuration MonetecFocusedSmallR, run #176...
Scenario: $r=1, $rho=0.295, $repetition=2
Assigned runID=MonetecFocusedSmallR-176-20260930-08:34:22-58
Setting up network "dect2020scheduledaccess.DectScheduledAccessNetwork"...
Initializing...

Running simulation...
** Event #0   t=0   Elapsed: 3e-06s (0m 00s)
     Speed:     ev/sec=0   simsec/sec=0   ev/simsec=0
     Messages:  created: 2   present: 2   in FES: 2
** Event #255568   t=271.134463599773   Elapsed: 0.025692s (0m 00s)
     Speed:     ev/sec=9.94931e+06   simsec/sec=10555.3   ev/simsec=942.588
     Messages:  created: 2   present: 2   in FES: 1

<!> Simulation stopped with endSimulation() -- in module (ScheduledAccessQueue) DectScheduledAccessNetwork.queue (id=2), at t=271.134463599773s, event #255568

Calling finish() at end of Run #176...

Preparing for running configuration MonetecFocusedSmallR, run #177...
Scenario: $r=1, $rho=0.300, $repetition=0
Assigned runID=MonetecFocusedSmallR-177-20260930-08:34:22-58
Setting up network "dect2020scheduledaccess.DectScheduledAccessNetwork"...
Initializing...

Running simulation...
** Event #0   t=0   Elapsed: 3e-06s (0m 00s)
     Speed:     ev/sec=0   simsec/sec=0   ev/simsec=0
     Messages:  created: 2   present: 2   in FES: 2
** Event #259163   t=271.299808078692   Elapsed: 0.026122s (0m 00s)
     Speed:     ev/sec=9.92391e+06   simsec/sec=10388.7   ev/simsec=955.264
     Messages:  created: 2   present: 2   in FES: 1

<!> Simulation stopped with endSimulation() -- in module (ScheduledAccessQueue) DectScheduledAccessNetwork.queue (id=2), at t=271.299808078692s, event #259163

Calling finish() at end of Run #177...

Preparing for running configuration MonetecFocusedSmallR, run #178...
Scenario: $r=1, $rho=0.300, $repetition=1
Assigned runID=MonetecFocusedSmallR-178-20260930-08:34:22-58
Setting up network "dect2020scheduledaccess.DectScheduledAccessNetwork"...
Initializing...

Running simulation...
** Event #0   t=0   Elapsed: 3e-06s (0m 00s)
     Speed:     ev/sec=0   simsec/sec=0   ev/simsec=0
     Messages:  created: 2   present: 2   in FES: 2
** Event #259060   t=271.286794003336   Elapsed: 0.026294s (0m 00s)
     Speed:     ev/sec=9.85469e+06   simsec/sec=10319.8   ev/simsec=954.931
     Messages:  created: 2   present: 2   in FES: 1

<!> Simulation stopped with endSimulation() -- in module (ScheduledAccessQueue) DectScheduledAccessNetwork.queue (id=2), at t=271.286794003336s, event #259060

Calling finish() at end of Run #178...

Preparing for running configuration MonetecFocusedSmallR, run #179...
Scenario: $r=1, $rho=0.300, $repetition=2
Assigned runID=MonetecFocusedSmallR-179-20260930-08:34:22-58
Setting up network "dect2020scheduledaccess.DectScheduledAccessNetwork"...
Initializing...

Running simulation...
** Event #0   t=0   Elapsed: 3e-06s (0m 00s)
     Speed:     ev/sec=0   simsec/sec=0   ev/simsec=0
     Messages:  created: 2   present: 2   in FES: 2
** Event #258857   t=270.980743377948   Elapsed: 0.026653s (0m 00s)
     Speed:     ev/sec=9.7143e+06   simsec/sec=10169.3   ev/simsec=955.261
     Messages:  created: 2   present: 2   in FES: 1

<!> Simulation stopped with endSimulation() -- in module (ScheduledAccessQueue) DectScheduledAccessNetwork.queue (id=2), at t=270.980743377948s, event #258857

Calling finish() at end of Run #179...

Preparing for running configuration MonetecFocusedSmallR, run #180...
Scenario: $r=3, $rho=0.005, $repetition=0
Assigned runID=MonetecFocusedSmallR-180-20260930-08:34:22-58
Setting up network "dect2020scheduledaccess.DectScheduledAccessNetwork"...
Initializing...

Running simulation...
** Event #0   t=0   Elapsed: 3e-06s (0m 00s)
     Speed:     ev/sec=0   simsec/sec=0   ev/simsec=0
     Messages:  created: 2   present: 2   in FES: 2
** Event #390885   t=2902.419945896265   Elapsed: 0.029972s (0m 00s)
     Speed:     ev/sec=1.30443e+07   simsec/sec=96857.1   ev/simsec=134.676
     Messages:  created: 2   present: 2   in FES: 1

<!> Simulation stopped with endSimulation() -- in module (ScheduledAccessQueue) DectScheduledAccessNetwork.queue (id=2), at t=2902.419945896265s, event #390885

Calling finish() at end of Run #180...

Preparing for running configuration MonetecFocusedSmallR, run #181...
Scenario: $r=3, $rho=0.005, $repetition=1
Assigned runID=MonetecFocusedSmallR-181-20260930-08:34:22-58
Setting up network "dect2020scheduledaccess.DectScheduledAccessNetwork"...
Initializing...

Running simulation...
** Event #0   t=0   Elapsed: 4e-06s (0m 00s)
     Speed:     ev/sec=0   simsec/sec=0   ev/simsec=0
     Messages:  created: 2   present: 2   in FES: 2
** Event #391866   t=2911.344517811828   Elapsed: 0.030205s (0m 00s)
     Speed:     ev/sec=1.29766e+07   simsec/sec=96408.5   ev/simsec=134.6
     Messages:  created: 2   present: 2   in FES: 1

<!> Simulation stopped with endSimulation() -- in module (ScheduledAccessQueue) DectScheduledAccessNetwork.queue (id=2), at t=2911.344517811828s, event #391866

Calling finish() at end of Run #181...

Preparing for running configuration MonetecFocusedSmallR, run #182...
Scenario: $r=3, $rho=0.005, $repetition=2
Assigned runID=MonetecFocusedSmallR-182-20260930-08:34:22-58
Setting up network "dect2020scheduledaccess.DectScheduledAccessNetwork"...
Initializing...

Running simulation...
** Event #0   t=0   Elapsed: 3e-06s (0m 00s)
     Speed:     ev/sec=0   simsec/sec=0   ev/simsec=0
     Messages:  created: 2   present: 2   in FES: 2
** Event #392806   t=2919.685432424395   Elapsed: 0.03047s (0m 00s)
     Speed:     ev/sec=1.28941e+07   simsec/sec=95840.5   ev/simsec=134.537
     Messages:  created: 2   present: 2   in FES: 1

<!> Simulation stopped with endSimulation() -- in module (ScheduledAccessQueue) DectScheduledAccessNetwork.queue (id=2), at t=2919.685432424395s, event #392806

Calling finish() at end of Run #182...

Preparing for running configuration MonetecFocusedSmallR, run #183...
Scenario: $r=3, $rho=0.010, $repetition=0
Assigned runID=MonetecFocusedSmallR-183-20260930-08:34:22-58
Setting up network "dect2020scheduledaccess.DectScheduledAccessNetwork"...
Initializing...

Running simulation...
** Event #0   t=0   Elapsed: 4e-06s (0m 00s)
     Speed:     ev/sec=0   simsec/sec=0   ev/simsec=0
     Messages:  created: 2   present: 2   in FES: 2
** Event #228833   t=1443.894370019782   Elapsed: 0.018928s (0m 00s)
     Speed:     ev/sec=1.20935e+07   simsec/sec=76307.7   ev/simsec=158.483
     Messages:  created: 2   present: 2   in FES: 1

<!> Simulation stopped with endSimulation() -- in module (ScheduledAccessQueue) DectScheduledAccessNetwork.queue (id=2), at t=1443.894370019782s, event #228833

Calling finish() at end of Run #183...

Preparing for running configuration MonetecFocusedSmallR, run #184...
Scenario: $r=3, $rho=0.010, $repetition=1
Assigned runID=MonetecFocusedSmallR-184-20260930-08:34:22-58
Setting up network "dect2020scheduledaccess.DectScheduledAccessNetwork"...
Initializing...

Running simulation...
** Event #0   t=0   Elapsed: 3e-06s (0m 00s)
     Speed:     ev/sec=0   simsec/sec=0   ev/simsec=0
     Messages:  created: 2   present: 2   in FES: 2
** Event #230142   t=1455.706261543858   Elapsed: 0.019075s (0m 00s)
     Speed:     ev/sec=1.20689e+07   simsec/sec=76338.9   ev/simsec=158.097
     Messages:  created: 2   present: 2   in FES: 1

<!> Simulation stopped with endSimulation() -- in module (ScheduledAccessQueue) DectScheduledAccessNetwork.queue (id=2), at t=1455.706261543858s, event #230142

Calling finish() at end of Run #184...

Preparing for running configuration MonetecFocusedSmallR, run #185...
Scenario: $r=3, $rho=0.010, $repetition=2
Assigned runID=MonetecFocusedSmallR-185-20260930-08:34:22-58
Setting up network "dect2020scheduledaccess.DectScheduledAccessNetwork"...
Initializing...

Running simulation...
** Event #0   t=0   Elapsed: 3e-06s (0m 00s)
     Speed:     ev/sec=0   simsec/sec=0   ev/simsec=0
     Messages:  created: 2   present: 2   in FES: 2
** Event #230209   t=1456.221234431182   Elapsed: 0.019024s (0m 00s)
     Speed:     ev/sec=1.21048e+07   simsec/sec=76570.7   ev/simsec=158.087
     Messages:  created: 2   present: 2   in FES: 1

<!> Simulation stopped with endSimulation() -- in module (ScheduledAccessQueue) DectScheduledAccessNetwork.queue (id=2), at t=1456.221234431182s, event #230209

Calling finish() at end of Run #185...

Preparing for running configuration MonetecFocusedSmallR, run #186...
Scenario: $r=3, $rho=0.015, $repetition=0
Assigned runID=MonetecFocusedSmallR-186-20260930-08:34:22-58
Setting up network "dect2020scheduledaccess.DectScheduledAccessNetwork"...
Initializing...

Running simulation...
** Event #0   t=0   Elapsed: 3e-06s (0m 00s)
     Speed:     ev/sec=0   simsec/sec=0   ev/simsec=0
     Messages:  created: 2   present: 2   in FES: 2
** Event #175779   t=966.166615821547   Elapsed: 0.015147s (0m 00s)
     Speed:     ev/sec=1.16087e+07   simsec/sec=63807   ev/simsec=181.935
     Messages:  created: 2   present: 2   in FES: 1

<!> Simulation stopped with endSimulation() -- in module (ScheduledAccessQueue) DectScheduledAccessNetwork.queue (id=2), at t=966.166615821547s, event #175779

Calling finish() at end of Run #186...

Preparing for running configuration MonetecFocusedSmallR, run #187...
Scenario: $r=3, $rho=0.015, $repetition=1
Assigned runID=MonetecFocusedSmallR-187-20260930-08:34:22-58
Setting up network "dect2020scheduledaccess.DectScheduledAccessNetwork"...
Initializing...

Running simulation...
** Event #0   t=0   Elapsed: 3e-06s (0m 00s)
     Speed:     ev/sec=0   simsec/sec=0   ev/simsec=0
     Messages:  created: 2   present: 2   in FES: 2
** Event #176032   t=968.503201687651   Elapsed: 0.015202s (0m 00s)
     Speed:     ev/sec=1.15833e+07   simsec/sec=63729.9   ev/simsec=181.757
     Messages:  created: 2   present: 2   in FES: 1

<!> Simulation stopped with endSimulation() -- in module (ScheduledAccessQueue) DectScheduledAccessNetwork.queue (id=2), at t=968.503201687651s, event #176032

Calling finish() at end of Run #187...

Preparing for running configuration MonetecFocusedSmallR, run #188...
Scenario: $r=3, $rho=0.015, $repetition=2
Assigned runID=MonetecFocusedSmallR-188-20260930-08:34:22-58
Setting up network "dect2020scheduledaccess.DectScheduledAccessNetwork"...
Initializing...

Running simulation...
** Event #0   t=0   Elapsed: 3e-06s (0m 00s)
     Speed:     ev/sec=0   simsec/sec=0   ev/simsec=0
     Messages:  created: 2   present: 2   in FES: 2
** Event #176399   t=971.636333296544   Elapsed: 0.015221s (0m 00s)
     Speed:     ev/sec=1.1593e+07   simsec/sec=63856.2   ev/simsec=181.548
     Messages:  created: 2   present: 2   in FES: 1

<!> Simulation stopped with endSimulation() -- in module (ScheduledAccessQueue) DectScheduledAccessNetwork.queue (id=2), at t=971.636333296544s, event #176399

Calling finish() at end of Run #188...

Preparing for running configuration MonetecFocusedSmallR, run #189...
Scenario: $r=3, $rho=0.020, $repetition=0
Assigned runID=MonetecFocusedSmallR-189-20260930-08:34:22-58
Setting up network "dect2020scheduledaccess.DectScheduledAccessNetwork"...
Initializing...

Running simulation...
** Event #0   t=0   Elapsed: 3e-06s (0m 00s)
     Speed:     ev/sec=0   simsec/sec=0   ev/simsec=0
     Messages:  created: 2   present: 2   in FES: 2
** Event #148980   t=724.437451770211   Elapsed: 0.014422s (0m 00s)
     Speed:     ev/sec=1.03344e+07   simsec/sec=50252.3   ev/simsec=205.649
     Messages:  created: 2   present: 2   in FES: 1

<!> Simulation stopped with endSimulation() -- in module (ScheduledAccessQueue) DectScheduledAccessNetwork.queue (id=2), at t=724.437451770211s, event #148980

Calling finish() at end of Run #189...

Preparing for running configuration MonetecFocusedSmallR, run #190...
Scenario: $r=3, $rho=0.020, $repetition=1
Assigned runID=MonetecFocusedSmallR-190-20260930-08:34:22-58
Setting up network "dect2020scheduledaccess.DectScheduledAccessNetwork"...
Initializing...

Running simulation...
** Event #0   t=0   Elapsed: 4e-06s (0m 00s)
     Speed:     ev/sec=0   simsec/sec=0   ev/simsec=0
     Messages:  created: 2   present: 2   in FES: 2
** Event #149630   t=730.279560051412   Elapsed: 0.013525s (0m 00s)
     Speed:     ev/sec=1.10689e+07   simsec/sec=54022.7   ev/simsec=204.894
     Messages:  created: 2   present: 2   in FES: 1

<!> Simulation stopped with endSimulation() -- in module (ScheduledAccessQueue) DectScheduledAccessNetwork.queue (id=2), at t=730.279560051412s, event #149630

Calling finish() at end of Run #190...

Preparing for running configuration MonetecFocusedSmallR, run #191...
Scenario: $r=3, $rho=0.020, $repetition=2
Assigned runID=MonetecFocusedSmallR-191-20260930-08:34:23-58
Setting up network "dect2020scheduledaccess.DectScheduledAccessNetwork"...
Initializing...

Running simulation...
** Event #0   t=0   Elapsed: 3e-06s (0m 00s)
     Speed:     ev/sec=0   simsec/sec=0   ev/simsec=0
     Messages:  created: 2   present: 2   in FES: 2
** Event #149304   t=727.226651640252   Elapsed: 0.01379s (0m 00s)
     Speed:     ev/sec=1.08309e+07   simsec/sec=52754.9   ev/simsec=205.306
     Messages:  created: 2   present: 2   in FES: 1

<!> Simulation stopped with endSimulation() -- in module (ScheduledAccessQueue) DectScheduledAccessNetwork.queue (id=2), at t=727.226651640252s, event #149304

Calling finish() at end of Run #191...

Preparing for running configuration MonetecFocusedSmallR, run #192...
Scenario: $r=3, $rho=0.025, $repetition=0
Assigned runID=MonetecFocusedSmallR-192-20260930-08:34:23-58
Setting up network "dect2020scheduledaccess.DectScheduledAccessNetwork"...
Initializing...

Running simulation...
** Event #0   t=0   Elapsed: 3e-06s (0m 00s)
     Speed:     ev/sec=0   simsec/sec=0   ev/simsec=0
     Messages:  created: 2   present: 2   in FES: 2
** Event #133476   t=583.69430953575   Elapsed: 0.012348s (0m 00s)
     Speed:     ev/sec=1.08139e+07   simsec/sec=47289.5   ev/simsec=228.675
     Messages:  created: 2   present: 2   in FES: 1

<!> Simulation stopped with endSimulation() -- in module (ScheduledAccessQueue) DectScheduledAccessNetwork.queue (id=2), at t=583.69430953575s, event #133476

Calling finish() at end of Run #192...

Preparing for running configuration MonetecFocusedSmallR, run #193...
Scenario: $r=3, $rho=0.025, $repetition=1
Assigned runID=MonetecFocusedSmallR-193-20260930-08:34:23-58
Setting up network "dect2020scheduledaccess.DectScheduledAccessNetwork"...
Initializing...

Running simulation...
** Event #0   t=0   Elapsed: 2.5e-05s (0m 00s)
     Speed:     ev/sec=0   simsec/sec=0   ev/simsec=0
     Messages:  created: 2   present: 2   in FES: 2
** Event #133545   t=584.716063678379   Elapsed: 0.012274s (0m 00s)
     Speed:     ev/sec=1.09043e+07   simsec/sec=47743.6   ev/simsec=228.393
     Messages:  created: 2   present: 2   in FES: 1

<!> Simulation stopped with endSimulation() -- in module (ScheduledAccessQueue) DectScheduledAccessNetwork.queue (id=2), at t=584.716063678379s, event #133545

Calling finish() at end of Run #193...

Preparing for running configuration MonetecFocusedSmallR, run #194...
Scenario: $r=3, $rho=0.025, $repetition=2
Assigned runID=MonetecFocusedSmallR-194-20260930-08:34:23-58
Setting up network "dect2020scheduledaccess.DectScheduledAccessNetwork"...
Initializing...

Running simulation...
** Event #0   t=0   Elapsed: 2e-05s (0m 00s)
     Speed:     ev/sec=0   simsec/sec=0   ev/simsec=0
     Messages:  created: 2   present: 2   in FES: 2
** Event #133276   t=582.056860501542   Elapsed: 0.012455s (0m 00s)
     Speed:     ev/sec=1.07204e+07   simsec/sec=46819.2   ev/simsec=228.974
     Messages:  created: 2   present: 2   in FES: 1

<!> Simulation stopped with endSimulation() -- in module (ScheduledAccessQueue) DectScheduledAccessNetwork.queue (id=2), at t=582.056860501542s, event #133276

Calling finish() at end of Run #194...

Preparing for running configuration MonetecFocusedSmallR, run #195...
Scenario: $r=3, $rho=0.030, $repetition=0
Assigned runID=MonetecFocusedSmallR-195-20260930-08:34:23-58
Setting up network "dect2020scheduledaccess.DectScheduledAccessNetwork"...
Initializing...

Running simulation...
** Event #0   t=0   Elapsed: 3e-06s (0m 00s)
     Speed:     ev/sec=0   simsec/sec=0   ev/simsec=0
     Messages:  created: 2   present: 2   in FES: 2
** Event #123040   t=488.308676874918   Elapsed: 0.011534s (0m 00s)
     Speed:     ev/sec=1.06713e+07   simsec/sec=42351.1   ev/simsec=251.972
     Messages:  created: 2   present: 2   in FES: 1

<!> Simulation stopped with endSimulation() -- in module (ScheduledAccessQueue) DectScheduledAccessNetwork.queue (id=2), at t=488.308676874918s, event #123040

Calling finish() at end of Run #195...

Preparing for running configuration MonetecFocusedSmallR, run #196...
Scenario: $r=3, $rho=0.030, $repetition=1
Assigned runID=MonetecFocusedSmallR-196-20260930-08:34:23-58
Setting up network "dect2020scheduledaccess.DectScheduledAccessNetwork"...
Initializing...

Running simulation...
** Event #0   t=0   Elapsed: 3e-06s (0m 00s)
     Speed:     ev/sec=0   simsec/sec=0   ev/simsec=0
     Messages:  created: 2   present: 2   in FES: 2
** Event #123010   t=488.721875514396   Elapsed: 0.011453s (0m 00s)
     Speed:     ev/sec=1.07442e+07   simsec/sec=42686.8   ev/simsec=251.698
     Messages:  created: 2   present: 2   in FES: 1

<!> Simulation stopped with endSimulation() -- in module (ScheduledAccessQueue) DectScheduledAccessNetwork.queue (id=2), at t=488.721875514396s, event #123010

Calling finish() at end of Run #196...

Preparing for running configuration MonetecFocusedSmallR, run #197...
Scenario: $r=3, $rho=0.030, $repetition=2
Assigned runID=MonetecFocusedSmallR-197-20260930-08:34:23-58
Setting up network "dect2020scheduledaccess.DectScheduledAccessNetwork"...
Initializing...

Running simulation...
** Event #0   t=0   Elapsed: 2.2e-05s (0m 00s)
     Speed:     ev/sec=0   simsec/sec=0   ev/simsec=0
     Messages:  created: 2   present: 2   in FES: 2
** Event #122917   t=487.587481208268   Elapsed: 0.011495s (0m 00s)
     Speed:     ev/sec=1.07136e+07   simsec/sec=42498.7   ev/simsec=252.092
     Messages:  created: 2   present: 2   in FES: 1

<!> Simulation stopped with endSimulation() -- in module (ScheduledAccessQueue) DectScheduledAccessNetwork.queue (id=2), at t=487.587481208268s, event #122917

Calling finish() at end of Run #197...

Preparing for running configuration MonetecFocusedSmallR, run #198...
Scenario: $r=3, $rho=0.035, $repetition=0
Assigned runID=MonetecFocusedSmallR-198-20260930-08:34:23-58
Setting up network "dect2020scheduledaccess.DectScheduledAccessNetwork"...
Initializing...

Running simulation...
** Event #0   t=0   Elapsed: 2.2e-05s (0m 00s)
     Speed:     ev/sec=0   simsec/sec=0   ev/simsec=0
     Messages:  created: 2   present: 2   in FES: 2
** Event #115826   t=421.741767238918   Elapsed: 0.011149s (0m 00s)
     Speed:     ev/sec=1.04104e+07   simsec/sec=37906   ev/simsec=274.637
     Messages:  created: 2   present: 2   in FES: 1

<!> Simulation stopped with endSimulation() -- in module (ScheduledAccessQueue) DectScheduledAccessNetwork.queue (id=2), at t=421.741767238918s, event #115826

Calling finish() at end of Run #198...

Preparing for running configuration MonetecFocusedSmallR, run #199...
Scenario: $r=3, $rho=0.035, $repetition=1
Assigned runID=MonetecFocusedSmallR-199-20260930-08:34:23-58
Setting up network "dect2020scheduledaccess.DectScheduledAccessNetwork"...
Initializing...

Running simulation...
** Event #0   t=0   Elapsed: 2.2e-05s (0m 00s)
     Speed:     ev/sec=0   simsec/sec=0   ev/simsec=0
     Messages:  created: 2   present: 2   in FES: 2
** Event #115806   t=422.092436792377   Elapsed: 0.01106s (0m 00s)
     Speed:     ev/sec=1.04944e+07   simsec/sec=38250.3   ev/simsec=274.362
     Messages:  created: 2   present: 2   in FES: 1

<!> Simulation stopped with endSimulation() -- in module (ScheduledAccessQueue) DectScheduledAccessNetwork.queue (id=2), at t=422.092436792377s, event #115806

Calling finish() at end of Run #199...

Preparing for running configuration MonetecFocusedSmallR, run #200...
Scenario: $r=3, $rho=0.035, $repetition=2
Assigned runID=MonetecFocusedSmallR-200-20260930-08:34:23-58
Setting up network "dect2020scheduledaccess.DectScheduledAccessNetwork"...
Initializing...

Running simulation...
** Event #0   t=0   Elapsed: 2.4e-05s (0m 00s)
     Speed:     ev/sec=0   simsec/sec=0   ev/simsec=0
     Messages:  created: 2   present: 2   in FES: 2
** Event #115797   t=421.810432122144   Elapsed: 0.011121s (0m 00s)
     Speed:     ev/sec=1.04378e+07   simsec/sec=38021.5   ev/simsec=274.524
     Messages:  created: 2   present: 2   in FES: 1

<!> Simulation stopped with endSimulation() -- in module (ScheduledAccessQueue) DectScheduledAccessNetwork.queue (id=2), at t=421.810432122144s, event #115797

Calling finish() at end of Run #200...

Preparing for running configuration MonetecFocusedSmallR, run #201...
Scenario: $r=3, $rho=0.040, $repetition=0
Assigned runID=MonetecFocusedSmallR-201-20260930-08:34:23-58
Setting up network "dect2020scheduledaccess.DectScheduledAccessNetwork"...
Initializing...

Running simulation...
** Event #0   t=0   Elapsed: 1.9e-05s (0m 00s)
     Speed:     ev/sec=0   simsec/sec=0   ev/simsec=0
     Messages:  created: 2   present: 2   in FES: 2
** Event #110349   t=370.191777352725   Elapsed: 0.010566s (0m 00s)
     Speed:     ev/sec=1.04636e+07   simsec/sec=35102.6   ev/simsec=298.086
     Messages:  created: 2   present: 2   in FES: 1

<!> Simulation stopped with endSimulation() -- in module (ScheduledAccessQueue) DectScheduledAccessNetwork.queue (id=2), at t=370.191777352725s, event #110349

Calling finish() at end of Run #201...

Preparing for running configuration MonetecFocusedSmallR, run #202...
Scenario: $r=3, $rho=0.040, $repetition=1
Assigned runID=MonetecFocusedSmallR-202-20260930-08:34:23-58
Setting up network "dect2020scheduledaccess.DectScheduledAccessNetwork"...
Initializing...

Running simulation...
** Event #0   t=0   Elapsed: 2.4e-05s (0m 00s)
     Speed:     ev/sec=0   simsec/sec=0   ev/simsec=0
     Messages:  created: 2   present: 2   in FES: 2
** Event #110643   t=373.050383539447   Elapsed: 0.010708s (0m 00s)
     Speed:     ev/sec=1.03569e+07   simsec/sec=34919.9   ev/simsec=296.591
     Messages:  created: 2   present: 2   in FES: 1

<!> Simulation stopped with endSimulation() -- in module (ScheduledAccessQueue) DectScheduledAccessNetwork.queue (id=2), at t=373.050383539447s, event #110643

Calling finish() at end of Run #202...

Preparing for running configuration MonetecFocusedSmallR, run #203...
Scenario: $r=3, $rho=0.040, $repetition=2
Assigned runID=MonetecFocusedSmallR-203-20260930-08:34:23-58
Setting up network "dect2020scheduledaccess.DectScheduledAccessNetwork"...
Initializing...

Running simulation...
** Event #0   t=0   Elapsed: 1.9e-05s (0m 00s)
     Speed:     ev/sec=0   simsec/sec=0   ev/simsec=0
     Messages:  created: 2   present: 2   in FES: 2
** Event #110829   t=373.799442363088   Elapsed: 0.010763s (0m 00s)
     Speed:     ev/sec=1.03174e+07   simsec/sec=34797.9   ev/simsec=296.494
     Messages:  created: 2   present: 2   in FES: 1

<!> Simulation stopped with endSimulation() -- in module (ScheduledAccessQueue) DectScheduledAccessNetwork.queue (id=2), at t=373.799442363088s, event #110829

Calling finish() at end of Run #203...

Preparing for running configuration MonetecFocusedSmallR, run #204...
Scenario: $r=3, $rho=0.045, $repetition=0
Assigned runID=MonetecFocusedSmallR-204-20260930-08:34:23-58
Setting up network "dect2020scheduledaccess.DectScheduledAccessNetwork"...
Initializing...

Running simulation...
** Event #0   t=0   Elapsed: 2.2e-05s (0m 00s)
     Speed:     ev/sec=0   simsec/sec=0   ev/simsec=0
     Messages:  created: 2   present: 2   in FES: 2
** Event #106517   t=332.119506273612   Elapsed: 0.010446s (0m 00s)
     Speed:     ev/sec=1.02194e+07   simsec/sec=31864.1   ev/simsec=320.719
     Messages:  created: 2   present: 2   in FES: 1

<!> Simulation stopped with endSimulation() -- in module (ScheduledAccessQueue) DectScheduledAccessNetwork.queue (id=2), at t=332.119506273612s, event #106517

Calling finish() at end of Run #204...

Preparing for running configuration MonetecFocusedSmallR, run #205...
Scenario: $r=3, $rho=0.045, $repetition=1
Assigned runID=MonetecFocusedSmallR-205-20260930-08:34:23-58
Setting up network "dect2020scheduledaccess.DectScheduledAccessNetwork"...
Initializing...

Running simulation...
** Event #0   t=0   Elapsed: 3e-06s (0m 00s)
     Speed:     ev/sec=0   simsec/sec=0   ev/simsec=0
     Messages:  created: 2   present: 2   in FES: 2
** Event #106725   t=334.009576481473   Elapsed: 0.010836s (0m 00s)
     Speed:     ev/sec=9.85275e+06   simsec/sec=30835.4   ev/simsec=319.527
     Messages:  created: 2   present: 2   in FES: 1

<!> Simulation stopped with endSimulation() -- in module (ScheduledAccessQueue) DectScheduledAccessNetwork.queue (id=2), at t=334.009576481473s, event #106725

Calling finish() at end of Run #205...

Preparing for running configuration MonetecFocusedSmallR, run #206...
Scenario: $r=3, $rho=0.045, $repetition=2
Assigned runID=MonetecFocusedSmallR-206-20260930-08:34:23-58
Setting up network "dect2020scheduledaccess.DectScheduledAccessNetwork"...
Initializing...

Running simulation...
** Event #0   t=0   Elapsed: 2.4e-05s (0m 00s)
     Speed:     ev/sec=0   simsec/sec=0   ev/simsec=0
     Messages:  created: 2   present: 2   in FES: 2
** Event #106849   t=335.104017023351   Elapsed: 0.010489s (0m 00s)
     Speed:     ev/sec=1.02111e+07   simsec/sec=32024.4   ev/simsec=318.854
     Messages:  created: 2   present: 2   in FES: 1

<!> Simulation stopped with endSimulation() -- in module (ScheduledAccessQueue) DectScheduledAccessNetwork.queue (id=2), at t=335.104017023351s, event #106849

Calling finish() at end of Run #206...

Preparing for running configuration MonetecFocusedSmallR, run #207...
Scenario: $r=3, $rho=0.050, $repetition=0
Assigned runID=MonetecFocusedSmallR-207-20260930-08:34:23-58
Setting up network "dect2020scheduledaccess.DectScheduledAccessNetwork"...
Initializing...

Running simulation...
** Event #0   t=0   Elapsed: 3e-06s (0m 00s)
     Speed:     ev/sec=0   simsec/sec=0   ev/simsec=0
     Messages:  created: 2   present: 2   in FES: 2
** Event #103740   t=303.690452762347   Elapsed: 0.010125s (0m 00s)
     Speed:     ev/sec=1.0252e+07   simsec/sec=30011.9   ev/simsec=341.598
     Messages:  created: 2   present: 2   in FES: 1

<!> Simulation stopped with endSimulation() -- in module (ScheduledAccessQueue) DectScheduledAccessNetwork.queue (id=2), at t=303.690452762347s, event #103740

Calling finish() at end of Run #207...

Preparing for running configuration MonetecFocusedSmallR, run #208...
Scenario: $r=3, $rho=0.050, $repetition=1
Assigned runID=MonetecFocusedSmallR-208-20260930-08:34:23-58
Setting up network "dect2020scheduledaccess.DectScheduledAccessNetwork"...
Initializing...

Running simulation...
** Event #0   t=0   Elapsed: 3e-06s (0m 00s)
     Speed:     ev/sec=0   simsec/sec=0   ev/simsec=0
     Messages:  created: 2   present: 2   in FES: 2
** Event #103869   t=304.914218362606   Elapsed: 0.010134s (0m 00s)
     Speed:     ev/sec=1.02556e+07   simsec/sec=30106   ev/simsec=340.651
     Messages:  created: 2   present: 2   in FES: 1

<!> Simulation stopped with endSimulation() -- in module (ScheduledAccessQueue) DectScheduledAccessNetwork.queue (id=2), at t=304.914218362606s, event #103869

Calling finish() at end of Run #208...

Preparing for running configuration MonetecFocusedSmallR, run #209...
Scenario: $r=3, $rho=0.050, $repetition=2
Assigned runID=MonetecFocusedSmallR-209-20260930-08:34:23-58
Setting up network "dect2020scheduledaccess.DectScheduledAccessNetwork"...
Initializing...

Running simulation...
** Event #0   t=0   Elapsed: 2.1e-05s (0m 00s)
     Speed:     ev/sec=0   simsec/sec=0   ev/simsec=0
     Messages:  created: 2   present: 2   in FES: 2
** Event #103928   t=304.841248488125   Elapsed: 0.010287s (0m 00s)
     Speed:     ev/sec=1.01265e+07   simsec/sec=29702.9   ev/simsec=340.925
     Messages:  created: 2   present: 2   in FES: 1

<!> Simulation stopped with endSimulation() -- in module (ScheduledAccessQueue) DectScheduledAccessNetwork.queue (id=2), at t=304.841248488125s, event #103928

Calling finish() at end of Run #209...

Preparing for running configuration MonetecFocusedSmallR, run #210...
Scenario: $r=3, $rho=0.055, $repetition=0
Assigned runID=MonetecFocusedSmallR-210-20260930-08:34:23-58
Setting up network "dect2020scheduledaccess.DectScheduledAccessNetwork"...
Initializing...

Running simulation...
** Event #0   t=0   Elapsed: 5e-06s (0m 00s)
     Speed:     ev/sec=0   simsec/sec=0   ev/simsec=0
     Messages:  created: 2   present: 2   in FES: 2
** Event #101640   t=279.388021630013   Elapsed: 0.010141s (0m 00s)
     Speed:     ev/sec=1.00316e+07   simsec/sec=27574.8   ev/simsec=363.795
     Messages:  created: 2   present: 2   in FES: 1

<!> Simulation stopped with endSimulation() -- in module (ScheduledAccessQueue) DectScheduledAccessNetwork.queue (id=2), at t=279.388021630013s, event #101640

Calling finish() at end of Run #210...

Preparing for running configuration MonetecFocusedSmallR, run #211...
Scenario: $r=3, $rho=0.055, $repetition=1
Assigned runID=MonetecFocusedSmallR-211-20260930-08:34:23-58
Setting up network "dect2020scheduledaccess.DectScheduledAccessNetwork"...
Initializing...

Running simulation...
** Event #0   t=0   Elapsed: 3e-06s (0m 00s)
     Speed:     ev/sec=0   simsec/sec=0   ev/simsec=0
     Messages:  created: 2   present: 2   in FES: 2
** Event #101804   t=280.990180790551   Elapsed: 0.010311s (0m 00s)
     Speed:     ev/sec=9.87717e+06   simsec/sec=27262   ev/simsec=362.305
     Messages:  created: 2   present: 2   in FES: 1

<!> Simulation stopped with endSimulation() -- in module (ScheduledAccessQueue) DectScheduledAccessNetwork.queue (id=2), at t=280.990180790551s, event #101804

Calling finish() at end of Run #211...

Preparing for running configuration MonetecFocusedSmallR, run #212...
Scenario: $r=3, $rho=0.055, $repetition=2
Assigned runID=MonetecFocusedSmallR-212-20260930-08:34:23-58
Setting up network "dect2020scheduledaccess.DectScheduledAccessNetwork"...
Initializing...

Running simulation...
** Event #0   t=0   Elapsed: 2.1e-05s (0m 00s)
     Speed:     ev/sec=0   simsec/sec=0   ev/simsec=0
     Messages:  created: 2   present: 2   in FES: 2
** Event #101821   t=280.938890394421   Elapsed: 0.010393s (0m 00s)
     Speed:     ev/sec=9.81786e+06   simsec/sec=27088.9   ev/simsec=362.431
     Messages:  created: 2   present: 2   in FES: 1

<!> Simulation stopped with endSimulation() -- in module (ScheduledAccessQueue) DectScheduledAccessNetwork.queue (id=2), at t=280.938890394421s, event #101821

Calling finish() at end of Run #212...

Preparing for running configuration MonetecFocusedSmallR, run #213...
Scenario: $r=3, $rho=0.060, $repetition=0
Assigned runID=MonetecFocusedSmallR-213-20260930-08:34:23-58
Setting up network "dect2020scheduledaccess.DectScheduledAccessNetwork"...
Initializing...

Running simulation...
** Event #0   t=0   Elapsed: 2.5e-05s (0m 00s)
     Speed:     ev/sec=0   simsec/sec=0   ev/simsec=0
     Messages:  created: 2   present: 2   in FES: 2
** Event #100316   t=262.043126345354   Elapsed: 0.010224s (0m 00s)
     Speed:     ev/sec=9.84069e+06   simsec/sec=25705.6   ev/simsec=382.822
     Messages:  created: 2   present: 2   in FES: 1

<!> Simulation stopped with endSimulation() -- in module (ScheduledAccessQueue) DectScheduledAccessNetwork.queue (id=2), at t=262.043126345354s, event #100316

Calling finish() at end of Run #213...

Preparing for running configuration MonetecFocusedSmallR, run #214...
Scenario: $r=3, $rho=0.060, $repetition=1
Assigned runID=MonetecFocusedSmallR-214-20260930-08:34:23-58
Setting up network "dect2020scheduledaccess.DectScheduledAccessNetwork"...
Initializing...

Running simulation...
** Event #0   t=0   Elapsed: 3e-06s (0m 00s)
     Speed:     ev/sec=0   simsec/sec=0   ev/simsec=0
     Messages:  created: 2   present: 2   in FES: 2
** Event #100312   t=261.704583304599   Elapsed: 0.00994s (0m 00s)
     Speed:     ev/sec=0   simsec/sec=0   ev/simsec=0
     Messages:  created: 2   present: 2   in FES: 1

<!> Simulation stopped with endSimulation() -- in module (ScheduledAccessQueue) DectScheduledAccessNetwork.queue (id=2), at t=261.704583304599s, event #100312

Calling finish() at end of Run #214...

Preparing for running configuration MonetecFocusedSmallR, run #215...
Scenario: $r=3, $rho=0.060, $repetition=2
Assigned runID=MonetecFocusedSmallR-215-20260930-08:34:23-58
Setting up network "dect2020scheduledaccess.DectScheduledAccessNetwork"...
Initializing...

Running simulation...
** Event #0   t=0   Elapsed: 4e-06s (0m 00s)
     Speed:     ev/sec=0   simsec/sec=0   ev/simsec=0
     Messages:  created: 2   present: 2   in FES: 2
** Event #100439   t=262.741977597433   Elapsed: 0.009979s (0m 00s)
     Speed:     ev/sec=0   simsec/sec=0   ev/simsec=0
     Messages:  created: 2   present: 2   in FES: 1

<!> Simulation stopped with endSimulation() -- in module (ScheduledAccessQueue) DectScheduledAccessNetwork.queue (id=2), at t=262.741977597433s, event #100439

Calling finish() at end of Run #215...

Preparing for running configuration MonetecFocusedSmallR, run #216...
Scenario: $r=3, $rho=0.065, $repetition=0
Assigned runID=MonetecFocusedSmallR-216-20260930-08:34:23-58
Setting up network "dect2020scheduledaccess.DectScheduledAccessNetwork"...
Initializing...

Running simulation...
** Event #0   t=0   Elapsed: 2.6e-05s (0m 00s)
     Speed:     ev/sec=0   simsec/sec=0   ev/simsec=0
     Messages:  created: 2   present: 2   in FES: 2
** Event #99145   t=244.696931301112   Elapsed: 0.010119s (0m 00s)
     Speed:     ev/sec=9.82509e+06   simsec/sec=24249   ev/simsec=405.176
     Messages:  created: 2   present: 2   in FES: 1

<!> Simulation stopped with endSimulation() -- in module (ScheduledAccessQueue) DectScheduledAccessNetwork.queue (id=2), at t=244.696931301112s, event #99145

Calling finish() at end of Run #216...

Preparing for running configuration MonetecFocusedSmallR, run #217...
Scenario: $r=3, $rho=0.065, $repetition=1
Assigned runID=MonetecFocusedSmallR-217-20260930-08:34:23-58
Setting up network "dect2020scheduledaccess.DectScheduledAccessNetwork"...
Initializing...

Running simulation...
** Event #0   t=0   Elapsed: 2.9e-05s (0m 00s)
     Speed:     ev/sec=0   simsec/sec=0   ev/simsec=0
     Messages:  created: 2   present: 2   in FES: 2
** Event #99376   t=246.468837973545   Elapsed: 0.010121s (0m 00s)
     Speed:     ev/sec=9.84994e+06   simsec/sec=24429.5   ev/simsec=403.199
     Messages:  created: 2   present: 2   in FES: 1

<!> Simulation stopped with endSimulation() -- in module (ScheduledAccessQueue) DectScheduledAccessNetwork.queue (id=2), at t=246.468837973545s, event #99376

Calling finish() at end of Run #217...

Preparing for running configuration MonetecFocusedSmallR, run #218...
Scenario: $r=3, $rho=0.065, $repetition=2
Assigned runID=MonetecFocusedSmallR-218-20260930-08:34:23-58
Setting up network "dect2020scheduledaccess.DectScheduledAccessNetwork"...
Initializing...

Running simulation...
** Event #0   t=0   Elapsed: 3e-06s (0m 00s)
     Speed:     ev/sec=0   simsec/sec=0   ev/simsec=0
     Messages:  created: 2   present: 2   in FES: 2
** Event #99466   t=246.762368139706   Elapsed: 0.009983s (0m 00s)
     Speed:     ev/sec=0   simsec/sec=0   ev/simsec=0
     Messages:  created: 2   present: 2   in FES: 1

<!> Simulation stopped with endSimulation() -- in module (ScheduledAccessQueue) DectScheduledAccessNetwork.queue (id=2), at t=246.762368139706s, event #99466

Calling finish() at end of Run #218...

Preparing for running configuration MonetecFocusedSmallR, run #219...
Scenario: $r=3, $rho=0.070, $repetition=0
Assigned runID=MonetecFocusedSmallR-219-20260930-08:34:23-58
Setting up network "dect2020scheduledaccess.DectScheduledAccessNetwork"...
Initializing...

Running simulation...
** Event #0   t=0   Elapsed: 2.1e-05s (0m 00s)
     Speed:     ev/sec=0   simsec/sec=0   ev/simsec=0
     Messages:  created: 2   present: 2   in FES: 2
** Event #98779   t=233.579729508444   Elapsed: 0.010061s (0m 00s)
     Speed:     ev/sec=9.83855e+06   simsec/sec=23264.9   ev/simsec=422.892
     Messages:  created: 2   present: 2   in FES: 1

<!> Simulation stopped with endSimulation() -- in module (ScheduledAccessQueue) DectScheduledAccessNetwork.queue (id=2), at t=233.579729508444s, event #98779

Calling finish() at end of Run #219...

Preparing for running configuration MonetecFocusedSmallR, run #220...
Scenario: $r=3, $rho=0.070, $repetition=1
Assigned runID=MonetecFocusedSmallR-220-20260930-08:34:23-58
Setting up network "dect2020scheduledaccess.DectScheduledAccessNetwork"...
Initializing...

Running simulation...
** Event #0   t=0   Elapsed: 1.6e-05s (0m 00s)
     Speed:     ev/sec=0   simsec/sec=0   ev/simsec=0
     Messages:  created: 2   present: 2   in FES: 2
** Event #98845   t=234.355387807474   Elapsed: 0.009922s (0m 00s)
     Speed:     ev/sec=0   simsec/sec=0   ev/simsec=0
     Messages:  created: 2   present: 2   in FES: 1

<!> Simulation stopped with endSimulation() -- in module (ScheduledAccessQueue) DectScheduledAccessNetwork.queue (id=2), at t=234.355387807474s, event #98845

Calling finish() at end of Run #220...

Preparing for running configuration MonetecFocusedSmallR, run #221...
Scenario: $r=3, $rho=0.070, $repetition=2
Assigned runID=MonetecFocusedSmallR-221-20260930-08:34:23-58
Setting up network "dect2020scheduledaccess.DectScheduledAccessNetwork"...
Initializing...

Running simulation...
** Event #0   t=0   Elapsed: 2.3e-05s (0m 00s)
     Speed:     ev/sec=0   simsec/sec=0   ev/simsec=0
     Messages:  created: 2   present: 2   in FES: 2
** Event #98767   t=233.752517591247   Elapsed: 0.010026s (0m 00s)
     Speed:     ev/sec=0   simsec/sec=0   ev/simsec=0
     Messages:  created: 2   present: 2   in FES: 1

<!> Simulation stopped with endSimulation() -- in module (ScheduledAccessQueue) DectScheduledAccessNetwork.queue (id=2), at t=233.752517591247s, event #98767

Calling finish() at end of Run #221...

Preparing for running configuration MonetecFocusedSmallR, run #222...
Scenario: $r=3, $rho=0.075, $repetition=0
Assigned runID=MonetecFocusedSmallR-222-20260930-08:34:23-58
Setting up network "dect2020scheduledaccess.DectScheduledAccessNetwork"...
Initializing...

Running simulation...
** Event #0   t=0   Elapsed: 2.2e-05s (0m 00s)
     Speed:     ev/sec=0   simsec/sec=0   ev/simsec=0
     Messages:  created: 2   present: 2   in FES: 2
** Event #98616   t=223.045015013714   Elapsed: 0.010134s (0m 00s)
     Speed:     ev/sec=9.75623e+06   simsec/sec=22066.2   ev/simsec=442.135
     Messages:  created: 2   present: 2   in FES: 1

<!> Simulation stopped with endSimulation() -- in module (ScheduledAccessQueue) DectScheduledAccessNetwork.queue (id=2), at t=223.045015013714s, event #98616

Calling finish() at end of Run #222...

Preparing for running configuration MonetecFocusedSmallR, run #223...
Scenario: $r=3, $rho=0.075, $repetition=1
Assigned runID=MonetecFocusedSmallR-223-20260930-08:34:23-58
Setting up network "dect2020scheduledaccess.DectScheduledAccessNetwork"...
Initializing...

Running simulation...
** Event #0   t=0   Elapsed: 2.7e-05s (0m 00s)
     Speed:     ev/sec=0   simsec/sec=0   ev/simsec=0
     Messages:  created: 2   present: 2   in FES: 2
** Event #98540   t=223.899856081376   Elapsed: 0.009944s (0m 00s)
     Speed:     ev/sec=0   simsec/sec=0   ev/simsec=0
     Messages:  created: 2   present: 2   in FES: 1

<!> Simulation stopped with endSimulation() -- in module (ScheduledAccessQueue) DectScheduledAccessNetwork.queue (id=2), at t=223.899856081376s, event #98540

Calling finish() at end of Run #223...

Preparing for running configuration MonetecFocusedSmallR, run #224...
Scenario: $r=3, $rho=0.075, $repetition=2
Assigned runID=MonetecFocusedSmallR-224-20260930-08:34:23-58
Setting up network "dect2020scheduledaccess.DectScheduledAccessNetwork"...
Initializing...

Running simulation...
** Event #0   t=0   Elapsed: 2e-05s (0m 00s)
     Speed:     ev/sec=0   simsec/sec=0   ev/simsec=0
     Messages:  created: 2   present: 2   in FES: 2
** Event #98628   t=224.450509277295   Elapsed: 0.010049s (0m 00s)
     Speed:     ev/sec=9.83624e+06   simsec/sec=22384.5   ev/simsec=439.421
     Messages:  created: 2   present: 2   in FES: 1

<!> Simulation stopped with endSimulation() -- in module (ScheduledAccessQueue) DectScheduledAccessNetwork.queue (id=2), at t=224.450509277295s, event #98628

Calling finish() at end of Run #224...

Preparing for running configuration MonetecFocusedSmallR, run #225...
Scenario: $r=3, $rho=0.080, $repetition=0
Assigned runID=MonetecFocusedSmallR-225-20260930-08:34:23-58
Setting up network "dect2020scheduledaccess.DectScheduledAccessNetwork"...
Initializing...

Running simulation...
** Event #0   t=0   Elapsed: 5e-06s (0m 00s)
     Speed:     ev/sec=0   simsec/sec=0   ev/simsec=0
     Messages:  created: 2   present: 2   in FES: 2
** Event #98467   t=213.936457249744   Elapsed: 0.009881s (0m 00s)
     Speed:     ev/sec=0   simsec/sec=0   ev/simsec=0
     Messages:  created: 2   present: 2   in FES: 1

<!> Simulation stopped with endSimulation() -- in module (ScheduledAccessQueue) DectScheduledAccessNetwork.queue (id=2), at t=213.936457249744s, event #98467

Calling finish() at end of Run #225...

Preparing for running configuration MonetecFocusedSmallR, run #226...
Scenario: $r=3, $rho=0.080, $repetition=1
Assigned runID=MonetecFocusedSmallR-226-20260930-08:34:23-58
Setting up network "dect2020scheduledaccess.DectScheduledAccessNetwork"...
Initializing...

Running simulation...
** Event #0   t=0   Elapsed: 2.3e-05s (0m 00s)
     Speed:     ev/sec=0   simsec/sec=0   ev/simsec=0
     Messages:  created: 2   present: 2   in FES: 2
** Event #98775   t=214.598751611624   Elapsed: 0.010182s (0m 00s)
     Speed:     ev/sec=9.72386e+06   simsec/sec=21125.9   ev/simsec=460.282
     Messages:  created: 2   present: 2   in FES: 1

<!> Simulation stopped with endSimulation() -- in module (ScheduledAccessQueue) DectScheduledAccessNetwork.queue (id=2), at t=214.598751611624s, event #98775

Calling finish() at end of Run #226...

Preparing for running configuration MonetecFocusedSmallR, run #227...
Scenario: $r=3, $rho=0.080, $repetition=2
Assigned runID=MonetecFocusedSmallR-227-20260930-08:34:23-58
Setting up network "dect2020scheduledaccess.DectScheduledAccessNetwork"...
Initializing...

Running simulation...
** Event #0   t=0   Elapsed: 2.6e-05s (0m 00s)
     Speed:     ev/sec=0   simsec/sec=0   ev/simsec=0
     Messages:  created: 2   present: 2   in FES: 2
** Event #98561   t=214.53677212991   Elapsed: 0.010104s (0m 00s)
     Speed:     ev/sec=9.78176e+06   simsec/sec=21291.9   ev/simsec=459.413
     Messages:  created: 2   present: 2   in FES: 1

<!> Simulation stopped with endSimulation() -- in module (ScheduledAccessQueue) DectScheduledAccessNetwork.queue (id=2), at t=214.53677212991s, event #98561

Calling finish() at end of Run #227...

Preparing for running configuration MonetecFocusedSmallR, run #228...
Scenario: $r=3, $rho=0.085, $repetition=0
Assigned runID=MonetecFocusedSmallR-228-20260930-08:34:23-58
Setting up network "dect2020scheduledaccess.DectScheduledAccessNetwork"...
Initializing...

Running simulation...
** Event #0   t=0   Elapsed: 1.9e-05s (0m 00s)
     Speed:     ev/sec=0   simsec/sec=0   ev/simsec=0
     Messages:  created: 2   present: 2   in FES: 2
** Event #98867   t=207.197484194545   Elapsed: 0.010036s (0m 00s)
     Speed:     ev/sec=9.87386e+06   simsec/sec=20692.8   ev/simsec=477.164
     Messages:  created: 2   present: 2   in FES: 1

<!> Simulation stopped with endSimulation() -- in module (ScheduledAccessQueue) DectScheduledAccessNetwork.queue (id=2), at t=207.197484194545s, event #98867

Calling finish() at end of Run #228...

Preparing for running configuration MonetecFocusedSmallR, run #229...
Scenario: $r=3, $rho=0.085, $repetition=1
Assigned runID=MonetecFocusedSmallR-229-20260930-08:34:23-58
Setting up network "dect2020scheduledaccess.DectScheduledAccessNetwork"...
Initializing...

Running simulation...
** Event #0   t=0   Elapsed: 1.8e-05s (0m 00s)
     Speed:     ev/sec=0   simsec/sec=0   ev/simsec=0
     Messages:  created: 2   present: 2   in FES: 2
** Event #98979   t=207.019918116741   Elapsed: 0.010675s (0m 00s)
     Speed:     ev/sec=9.29031e+06   simsec/sec=19431.2   ev/simsec=478.114
     Messages:  created: 2   present: 2   in FES: 1

<!> Simulation stopped with endSimulation() -- in module (ScheduledAccessQueue) DectScheduledAccessNetwork.queue (id=2), at t=207.019918116741s, event #98979

Calling finish() at end of Run #229...

Preparing for running configuration MonetecFocusedSmallR, run #230...
Scenario: $r=3, $rho=0.085, $repetition=2
Assigned runID=MonetecFocusedSmallR-230-20260930-08:34:23-58
Setting up network "dect2020scheduledaccess.DectScheduledAccessNetwork"...
Initializing...

Running simulation...
** Event #0   t=0   Elapsed: 4e-06s (0m 00s)
     Speed:     ev/sec=0   simsec/sec=0   ev/simsec=0
     Messages:  created: 2   present: 2   in FES: 2
** Event #99121   t=208.244748114031   Elapsed: 0.010279s (0m 00s)
     Speed:     ev/sec=9.65057e+06   simsec/sec=20275   ev/simsec=475.984
     Messages:  created: 2   present: 2   in FES: 1

<!> Simulation stopped with endSimulation() -- in module (ScheduledAccessQueue) DectScheduledAccessNetwork.queue (id=2), at t=208.244748114031s, event #99121

Calling finish() at end of Run #230...

Preparing for running configuration MonetecFocusedSmallR, run #231...
Scenario: $r=3, $rho=0.090, $repetition=0
Assigned runID=MonetecFocusedSmallR-231-20260930-08:34:23-58
Setting up network "dect2020scheduledaccess.DectScheduledAccessNetwork"...
Initializing...

Running simulation...
** Event #0   t=0   Elapsed: 3e-06s (0m 00s)
     Speed:     ev/sec=0   simsec/sec=0   ev/simsec=0
     Messages:  created: 2   present: 2   in FES: 2
** Event #99377   t=200.885220517982   Elapsed: 0.01008s (0m 00s)
     Speed:     ev/sec=9.86176e+06   simsec/sec=19935   ev/simsec=494.696
     Messages:  created: 2   present: 2   in FES: 1

<!> Simulation stopped with endSimulation() -- in module (ScheduledAccessQueue) DectScheduledAccessNetwork.queue (id=2), at t=200.885220517982s, event #99377

Calling finish() at end of Run #231...

Preparing for running configuration MonetecFocusedSmallR, run #232...
Scenario: $r=3, $rho=0.090, $repetition=1
Assigned runID=MonetecFocusedSmallR-232-20260930-08:34:23-58
Setting up network "dect2020scheduledaccess.DectScheduledAccessNetwork"...
Initializing...

Running simulation...
** Event #0   t=0   Elapsed: 2.6e-05s (0m 00s)
     Speed:     ev/sec=0   simsec/sec=0   ev/simsec=0
     Messages:  created: 2   present: 2   in FES: 2
** Event #99534   t=201.748914360808   Elapsed: 0.010023s (0m 00s)
     Speed:     ev/sec=9.93353e+06   simsec/sec=20134.6   ev/simsec=493.356
     Messages:  created: 2   present: 2   in FES: 1

<!> Simulation stopped with endSimulation() -- in module (ScheduledAccessQueue) DectScheduledAccessNetwork.queue (id=2), at t=201.748914360808s, event #99534

Calling finish() at end of Run #232...

Preparing for running configuration MonetecFocusedSmallR, run #233...
Scenario: $r=3, $rho=0.090, $repetition=2
Assigned runID=MonetecFocusedSmallR-233-20260930-08:34:23-58
Setting up network "dect2020scheduledaccess.DectScheduledAccessNetwork"...
Initializing...

Running simulation...
** Event #0   t=0   Elapsed: 3e-06s (0m 00s)
     Speed:     ev/sec=0   simsec/sec=0   ev/simsec=0
     Messages:  created: 2   present: 2   in FES: 2
** Event #99586   t=202.633377191541   Elapsed: 0.010027s (0m 00s)
     Speed:     ev/sec=9.93674e+06   simsec/sec=20218.8   ev/simsec=491.46
     Messages:  created: 2   present: 2   in FES: 1

<!> Simulation stopped with endSimulation() -- in module (ScheduledAccessQueue) DectScheduledAccessNetwork.queue (id=2), at t=202.633377191541s, event #99586

Calling finish() at end of Run #233...

Preparing for running configuration MonetecFocusedSmallR, run #234...
Scenario: $r=3, $rho=0.095, $repetition=0
Assigned runID=MonetecFocusedSmallR-234-20260930-08:34:23-58
Setting up network "dect2020scheduledaccess.DectScheduledAccessNetwork"...
Initializing...

Running simulation...
** Event #0   t=0   Elapsed: 3e-06s (0m 00s)
     Speed:     ev/sec=0   simsec/sec=0   ev/simsec=0
     Messages:  created: 2   present: 2   in FES: 2
** Event #100123   t=196.398130155929   Elapsed: 0.010291s (0m 00s)
     Speed:     ev/sec=9.73486e+06   simsec/sec=19095.6   ev/simsec=509.796
     Messages:  created: 2   present: 2   in FES: 1

<!> Simulation stopped with endSimulation() -- in module (ScheduledAccessQueue) DectScheduledAccessNetwork.queue (id=2), at t=196.398130155929s, event #100123

Calling finish() at end of Run #234...

Preparing for running configuration MonetecFocusedSmallR, run #235...
Scenario: $r=3, $rho=0.095, $repetition=1
Assigned runID=MonetecFocusedSmallR-235-20260930-08:34:23-58
Setting up network "dect2020scheduledaccess.DectScheduledAccessNetwork"...
Initializing...

Running simulation...
** Event #0   t=0   Elapsed: 2.3e-05s (0m 00s)
     Speed:     ev/sec=0   simsec/sec=0   ev/simsec=0
     Messages:  created: 2   present: 2   in FES: 2
** Event #100363   t=196.743529698719   Elapsed: 0.010409s (0m 00s)
     Speed:     ev/sec=9.66609e+06   simsec/sec=18948.6   ev/simsec=510.121
     Messages:  created: 2   present: 2   in FES: 1

<!> Simulation stopped with endSimulation() -- in module (ScheduledAccessQueue) DectScheduledAccessNetwork.queue (id=2), at t=196.743529698719s, event #100363

Calling finish() at end of Run #235...

Preparing for running configuration MonetecFocusedSmallR, run #236...
Scenario: $r=3, $rho=0.095, $repetition=2
Assigned runID=MonetecFocusedSmallR-236-20260930-08:34:23-58
Setting up network "dect2020scheduledaccess.DectScheduledAccessNetwork"...
Initializing...

Running simulation...
** Event #0   t=0   Elapsed: 4e-06s (0m 00s)
     Speed:     ev/sec=0   simsec/sec=0   ev/simsec=0
     Messages:  created: 2   present: 2   in FES: 2
** Event #100505   t=197.373391204775   Elapsed: 0.010146s (0m 00s)
     Speed:     ev/sec=9.91271e+06   simsec/sec=19466.6   ev/simsec=509.216
     Messages:  created: 2   present: 2   in FES: 1

<!> Simulation stopped with endSimulation() -- in module (ScheduledAccessQueue) DectScheduledAccessNetwork.queue (id=2), at t=197.373391204775s, event #100505

Calling finish() at end of Run #236...

Preparing for running configuration MonetecFocusedSmallR, run #237...
Scenario: $r=3, $rho=0.100, $repetition=0
Assigned runID=MonetecFocusedSmallR-237-20260930-08:34:23-58
Setting up network "dect2020scheduledaccess.DectScheduledAccessNetwork"...
Initializing...

Running simulation...
** Event #0   t=0   Elapsed: 4e-06s (0m 00s)
     Speed:     ev/sec=0   simsec/sec=0   ev/simsec=0
     Messages:  created: 2   present: 2   in FES: 2
** Event #101001   t=191.880392964644   Elapsed: 0.010257s (0m 00s)
     Speed:     ev/sec=9.85279e+06   simsec/sec=18718.2   ev/simsec=526.376
     Messages:  created: 2   present: 2   in FES: 1

<!> Simulation stopped with endSimulation() -- in module (ScheduledAccessQueue) DectScheduledAccessNetwork.queue (id=2), at t=191.880392964644s, event #101001

Calling finish() at end of Run #237...

Preparing for running configuration MonetecFocusedSmallR, run #238...
Scenario: $r=3, $rho=0.100, $repetition=1
Assigned runID=MonetecFocusedSmallR-238-20260930-08:34:23-58
Setting up network "dect2020scheduledaccess.DectScheduledAccessNetwork"...
Initializing...

Running simulation...
** Event #0   t=0   Elapsed: 2.1e-05s (0m 00s)
     Speed:     ev/sec=0   simsec/sec=0   ev/simsec=0
     Messages:  created: 2   present: 2   in FES: 2
** Event #101279   t=192.53749744538   Elapsed: 0.01029s (0m 00s)
     Speed:     ev/sec=9.86452e+06   simsec/sec=18753   ev/simsec=526.022
     Messages:  created: 2   present: 2   in FES: 1

<!> Simulation stopped with endSimulation() -- in module (ScheduledAccessQueue) DectScheduledAccessNetwork.queue (id=2), at t=192.53749744538s, event #101279

Calling finish() at end of Run #238...

Preparing for running configuration MonetecFocusedSmallR, run #239...
Scenario: $r=3, $rho=0.100, $repetition=2
Assigned runID=MonetecFocusedSmallR-239-20260930-08:34:23-58
Setting up network "dect2020scheduledaccess.DectScheduledAccessNetwork"...
Initializing...

Running simulation...
** Event #0   t=0   Elapsed: 4e-06s (0m 00s)
     Speed:     ev/sec=0   simsec/sec=0   ev/simsec=0
     Messages:  created: 2   present: 2   in FES: 2
** Event #101161   t=193.108340402895   Elapsed: 0.010461s (0m 00s)
     Speed:     ev/sec=9.67585e+06   simsec/sec=18470.4   ev/simsec=523.858
     Messages:  created: 2   present: 2   in FES: 1

<!> Simulation stopped with endSimulation() -- in module (ScheduledAccessQueue) DectScheduledAccessNetwork.queue (id=2), at t=193.108340402895s, event #101161

Calling finish() at end of Run #239...

Preparing for running configuration MonetecFocusedSmallR, run #240...
Scenario: $r=3, $rho=0.105, $repetition=0
Assigned runID=MonetecFocusedSmallR-240-20260930-08:34:23-58
Setting up network "dect2020scheduledaccess.DectScheduledAccessNetwork"...
Initializing...

Running simulation...
** Event #0   t=0   Elapsed: 4e-06s (0m 00s)
     Speed:     ev/sec=0   simsec/sec=0   ev/simsec=0
     Messages:  created: 2   present: 2   in FES: 2
** Event #102000   t=188.85675223181   Elapsed: 0.010344s (0m 00s)
     Speed:     ev/sec=9.8646e+06   simsec/sec=18264.7   ev/simsec=540.092
     Messages:  created: 2   present: 2   in FES: 1

<!> Simulation stopped with endSimulation() -- in module (ScheduledAccessQueue) DectScheduledAccessNetwork.queue (id=2), at t=188.85675223181s, event #102000

Calling finish() at end of Run #240...

Preparing for running configuration MonetecFocusedSmallR, run #241...
Scenario: $r=3, $rho=0.105, $repetition=1
Assigned runID=MonetecFocusedSmallR-241-20260930-08:34:23-58
Setting up network "dect2020scheduledaccess.DectScheduledAccessNetwork"...
Initializing...

Running simulation...
** Event #0   t=0   Elapsed: 4e-06s (0m 00s)
     Speed:     ev/sec=0   simsec/sec=0   ev/simsec=0
     Messages:  created: 2   present: 2   in FES: 2
** Event #102246   t=189.46261326293   Elapsed: 0.010525s (0m 00s)
     Speed:     ev/sec=9.71735e+06   simsec/sec=18006.3   ev/simsec=539.665
     Messages:  created: 2   present: 2   in FES: 1

<!> Simulation stopped with endSimulation() -- in module (ScheduledAccessQueue) DectScheduledAccessNetwork.queue (id=2), at t=189.46261326293s, event #102246

Calling finish() at end of Run #241...

Preparing for running configuration MonetecFocusedSmallR, run #242...
Scenario: $r=3, $rho=0.105, $repetition=2
Assigned runID=MonetecFocusedSmallR-242-20260930-08:34:23-58
Setting up network "dect2020scheduledaccess.DectScheduledAccessNetwork"...
Initializing...

Running simulation...
** Event #0   t=0   Elapsed: 2.5e-05s (0m 00s)
     Speed:     ev/sec=0   simsec/sec=0   ev/simsec=0
     Messages:  created: 2   present: 2   in FES: 2
** Event #102025   t=189.534160038601   Elapsed: 0.010636s (0m 00s)
     Speed:     ev/sec=9.61593e+06   simsec/sec=17863.7   ev/simsec=538.294
     Messages:  created: 2   present: 2   in FES: 1

<!> Simulation stopped with endSimulation() -- in module (ScheduledAccessQueue) DectScheduledAccessNetwork.queue (id=2), at t=189.534160038601s, event #102025

Calling finish() at end of Run #242...

Preparing for running configuration MonetecFocusedSmallR, run #243...
Scenario: $r=3, $rho=0.110, $repetition=0
Assigned runID=MonetecFocusedSmallR-243-20260930-08:34:23-58
Setting up network "dect2020scheduledaccess.DectScheduledAccessNetwork"...
Initializing...

Running simulation...
** Event #0   t=0   Elapsed: 2.7e-05s (0m 00s)
     Speed:     ev/sec=0   simsec/sec=0   ev/simsec=0
     Messages:  created: 2   present: 2   in FES: 2
** Event #103293   t=186.097783257154   Elapsed: 0.010634s (0m 00s)
     Speed:     ev/sec=9.74003e+06   simsec/sec=17548.1   ev/simsec=555.047
     Messages:  created: 2   present: 2   in FES: 1

<!> Simulation stopped with endSimulation() -- in module (ScheduledAccessQueue) DectScheduledAccessNetwork.queue (id=2), at t=186.097783257154s, event #103293

Calling finish() at end of Run #243...

Preparing for running configuration MonetecFocusedSmallR, run #244...
Scenario: $r=3, $rho=0.110, $repetition=1
Assigned runID=MonetecFocusedSmallR-244-20260930-08:34:23-58
Setting up network "dect2020scheduledaccess.DectScheduledAccessNetwork"...
Initializing...

Running simulation...
** Event #0   t=0   Elapsed: 4e-06s (0m 00s)
     Speed:     ev/sec=0   simsec/sec=0   ev/simsec=0
     Messages:  created: 2   present: 2   in FES: 2
** Event #103618   t=186.78328882938   Elapsed: 0.010555s (0m 00s)
     Speed:     ev/sec=9.82347e+06   simsec/sec=17707.9   ev/simsec=554.75
     Messages:  created: 2   present: 2   in FES: 1

<!> Simulation stopped with endSimulation() -- in module (ScheduledAccessQueue) DectScheduledAccessNetwork.queue (id=2), at t=186.78328882938s, event #103618

Calling finish() at end of Run #244...

Preparing for running configuration MonetecFocusedSmallR, run #245...
Scenario: $r=3, $rho=0.110, $repetition=2
Assigned runID=MonetecFocusedSmallR-245-20260930-08:34:23-58
Setting up network "dect2020scheduledaccess.DectScheduledAccessNetwork"...
Initializing...

Running simulation...
** Event #0   t=0   Elapsed: 2.3e-05s (0m 00s)
     Speed:     ev/sec=0   simsec/sec=0   ev/simsec=0
     Messages:  created: 2   present: 2   in FES: 2
** Event #103549   t=186.946292006634   Elapsed: 0.010674s (0m 00s)
     Speed:     ev/sec=9.72382e+06   simsec/sec=17555.2   ev/simsec=553.899
     Messages:  created: 2   present: 2   in FES: 1

<!> Simulation stopped with endSimulation() -- in module (ScheduledAccessQueue) DectScheduledAccessNetwork.queue (id=2), at t=186.946292006634s, event #103549

Calling finish() at end of Run #245...

Preparing for running configuration MonetecFocusedSmallR, run #246...
Scenario: $r=3, $rho=0.115, $repetition=0
Assigned runID=MonetecFocusedSmallR-246-20260930-08:34:23-58
Setting up network "dect2020scheduledaccess.DectScheduledAccessNetwork"...
Initializing...

Running simulation...
** Event #0   t=0   Elapsed: 1.9e-05s (0m 00s)
     Speed:     ev/sec=0   simsec/sec=0   ev/simsec=0
     Messages:  created: 2   present: 2   in FES: 2
** Event #104781   t=183.577200197454   Elapsed: 0.010626s (0m 00s)
     Speed:     ev/sec=9.87755e+06   simsec/sec=17305.5   ev/simsec=570.776
     Messages:  created: 2   present: 2   in FES: 1

<!> Simulation stopped with endSimulation() -- in module (ScheduledAccessQueue) DectScheduledAccessNetwork.queue (id=2), at t=183.577200197454s, event #104781

Calling finish() at end of Run #246...

Preparing for running configuration MonetecFocusedSmallR, run #247...
Scenario: $r=3, $rho=0.115, $repetition=1
Assigned runID=MonetecFocusedSmallR-247-20260930-08:34:23-58
Setting up network "dect2020scheduledaccess.DectScheduledAccessNetwork"...
Initializing...

Running simulation...
** Event #0   t=0   Elapsed: 4e-06s (0m 00s)
     Speed:     ev/sec=0   simsec/sec=0   ev/simsec=0
     Messages:  created: 2   present: 2   in FES: 2
** Event #104740   t=184.198060874171   Elapsed: 0.010932s (0m 00s)
     Speed:     ev/sec=9.58631e+06   simsec/sec=16858.7   ev/simsec=568.628
     Messages:  created: 2   present: 2   in FES: 1

<!> Simulation stopped with endSimulation() -- in module (ScheduledAccessQueue) DectScheduledAccessNetwork.queue (id=2), at t=184.198060874171s, event #104740

Calling finish() at end of Run #247...

Preparing for running configuration MonetecFocusedSmallR, run #248...
Scenario: $r=3, $rho=0.115, $repetition=2
Assigned runID=MonetecFocusedSmallR-248-20260930-08:34:23-58
Setting up network "dect2020scheduledaccess.DectScheduledAccessNetwork"...
Initializing...

Running simulation...
** Event #0   t=0   Elapsed: 2.3e-05s (0m 00s)
     Speed:     ev/sec=0   simsec/sec=0   ev/simsec=0
     Messages:  created: 2   present: 2   in FES: 2
** Event #104874   t=185.167685771009   Elapsed: 0.010685s (0m 00s)
     Speed:     ev/sec=9.83532e+06   simsec/sec=17365.4   ev/simsec=566.374
     Messages:  created: 2   present: 2   in FES: 1

<!> Simulation stopped with endSimulation() -- in module (ScheduledAccessQueue) DectScheduledAccessNetwork.queue (id=2), at t=185.167685771009s, event #104874

Calling finish() at end of Run #248...

Preparing for running configuration MonetecFocusedSmallR, run #249...
Scenario: $r=3, $rho=0.120, $repetition=0
Assigned runID=MonetecFocusedSmallR-249-20260930-08:34:23-58
Setting up network "dect2020scheduledaccess.DectScheduledAccessNetwork"...
Initializing...

Running simulation...
** Event #0   t=0   Elapsed: 3e-06s (0m 00s)
     Speed:     ev/sec=0   simsec/sec=0   ev/simsec=0
     Messages:  created: 2   present: 2   in FES: 2
** Event #106360   t=182.231594660767   Elapsed: 0.010844s (0m 00s)
     Speed:     ev/sec=9.81362e+06   simsec/sec=16814.1   ev/simsec=583.654
     Messages:  created: 2   present: 2   in FES: 1

<!> Simulation stopped with endSimulation() -- in module (ScheduledAccessQueue) DectScheduledAccessNetwork.queue (id=2), at t=182.231594660767s, event #106360

Calling finish() at end of Run #249...

Preparing for running configuration MonetecFocusedSmallR, run #250...
Scenario: $r=3, $rho=0.120, $repetition=1
Assigned runID=MonetecFocusedSmallR-250-20260930-08:34:23-58
Setting up network "dect2020scheduledaccess.DectScheduledAccessNetwork"...
Initializing...

Running simulation...
** Event #0   t=0   Elapsed: 4e-06s (0m 00s)
     Speed:     ev/sec=0   simsec/sec=0   ev/simsec=0
     Messages:  created: 2   present: 2   in FES: 2
** Event #106325   t=182.475591870996   Elapsed: 0.011482s (0m 00s)
     Speed:     ev/sec=9.26418e+06   simsec/sec=15899.2   ev/simsec=582.681
     Messages:  created: 2   present: 2   in FES: 1

<!> Simulation stopped with endSimulation() -- in module (ScheduledAccessQueue) DectScheduledAccessNetwork.queue (id=2), at t=182.475591870996s, event #106325

Calling finish() at end of Run #250...

Preparing for running configuration MonetecFocusedSmallR, run #251...
Scenario: $r=3, $rho=0.120, $repetition=2
Assigned runID=MonetecFocusedSmallR-251-20260930-08:34:23-58
Setting up network "dect2020scheduledaccess.DectScheduledAccessNetwork"...
Initializing...

Running simulation...
** Event #0   t=0   Elapsed: 2.2e-05s (0m 00s)
     Speed:     ev/sec=0   simsec/sec=0   ev/simsec=0
     Messages:  created: 2   present: 2   in FES: 2
** Event #106450   t=182.710627928688   Elapsed: 0.010833s (0m 00s)
     Speed:     ev/sec=9.84736e+06   simsec/sec=16902   ev/simsec=582.616
     Messages:  created: 2   present: 2   in FES: 1

<!> Simulation stopped with endSimulation() -- in module (ScheduledAccessQueue) DectScheduledAccessNetwork.queue (id=2), at t=182.710627928688s, event #106450

Calling finish() at end of Run #251...

Preparing for running configuration MonetecFocusedSmallR, run #252...
Scenario: $r=3, $rho=0.125, $repetition=0
Assigned runID=MonetecFocusedSmallR-252-20260930-08:34:23-58
Setting up network "dect2020scheduledaccess.DectScheduledAccessNetwork"...
Initializing...

Running simulation...
** Event #0   t=0   Elapsed: 2e-05s (0m 00s)
     Speed:     ev/sec=0   simsec/sec=0   ev/simsec=0
     Messages:  created: 2   present: 2   in FES: 2
** Event #107780   t=180.127591927085   Elapsed: 0.011191s (0m 00s)
     Speed:     ev/sec=9.64992e+06   simsec/sec=16127.4   ev/simsec=598.357
     Messages:  created: 2   present: 2   in FES: 1

<!> Simulation stopped with endSimulation() -- in module (ScheduledAccessQueue) DectScheduledAccessNetwork.queue (id=2), at t=180.127591927085s, event #107780

Calling finish() at end of Run #252...

Preparing for running configuration MonetecFocusedSmallR, run #253...
Scenario: $r=3, $rho=0.125, $repetition=1
Assigned runID=MonetecFocusedSmallR-253-20260930-08:34:23-58
Setting up network "dect2020scheduledaccess.DectScheduledAccessNetwork"...
Initializing...

Running simulation...
** Event #0   t=0   Elapsed: 4e-06s (0m 00s)
     Speed:     ev/sec=0   simsec/sec=0   ev/simsec=0
     Messages:  created: 2   present: 2   in FES: 2
** Event #107730   t=181.098465730394   Elapsed: 0.011076s (0m 00s)
     Speed:     ev/sec=9.73259e+06   simsec/sec=16360.9   ev/simsec=594.87
     Messages:  created: 2   present: 2   in FES: 1

<!> Simulation stopped with endSimulation() -- in module (ScheduledAccessQueue) DectScheduledAccessNetwork.queue (id=2), at t=181.098465730394s, event #107730

Calling finish() at end of Run #253...

Preparing for running configuration MonetecFocusedSmallR, run #254...
Scenario: $r=3, $rho=0.125, $repetition=2
Assigned runID=MonetecFocusedSmallR-254-20260930-08:34:23-58
Setting up network "dect2020scheduledaccess.DectScheduledAccessNetwork"...
Initializing...

Running simulation...
** Event #0   t=0   Elapsed: 3e-05s (0m 00s)
     Speed:     ev/sec=0   simsec/sec=0   ev/simsec=0
     Messages:  created: 2   present: 2   in FES: 2
** Event #107914   t=181.349998301178   Elapsed: 0.011175s (0m 00s)
     Speed:     ev/sec=9.68533e+06   simsec/sec=16276.2   ev/simsec=595.06
     Messages:  created: 2   present: 2   in FES: 1

<!> Simulation stopped with endSimulation() -- in module (ScheduledAccessQueue) DectScheduledAccessNetwork.queue (id=2), at t=181.349998301178s, event #107914

Calling finish() at end of Run #254...

Preparing for running configuration MonetecFocusedSmallR, run #255...
Scenario: $r=3, $rho=0.130, $repetition=0
Assigned runID=MonetecFocusedSmallR-255-20260930-08:34:23-58
Setting up network "dect2020scheduledaccess.DectScheduledAccessNetwork"...
Initializing...

Running simulation...
** Event #0   t=0   Elapsed: 5e-06s (0m 00s)
     Speed:     ev/sec=0   simsec/sec=0   ev/simsec=0
     Messages:  created: 2   present: 2   in FES: 2
** Event #109719   t=179.275674041783   Elapsed: 0.011158s (0m 00s)
     Speed:     ev/sec=9.83762e+06   simsec/sec=16074.2   ev/simsec=612.013
     Messages:  created: 2   present: 2   in FES: 1

<!> Simulation stopped with endSimulation() -- in module (ScheduledAccessQueue) DectScheduledAccessNetwork.queue (id=2), at t=179.275674041783s, event #109719

Calling finish() at end of Run #255...

Preparing for running configuration MonetecFocusedSmallR, run #256...
Scenario: $r=3, $rho=0.130, $repetition=1
Assigned runID=MonetecFocusedSmallR-256-20260930-08:34:23-58
Setting up network "dect2020scheduledaccess.DectScheduledAccessNetwork"...
Initializing...

Running simulation...
** Event #0   t=0   Elapsed: 2.5e-05s (0m 00s)
     Speed:     ev/sec=0   simsec/sec=0   ev/simsec=0
     Messages:  created: 2   present: 2   in FES: 2
** Event #109642   t=179.55348160064   Elapsed: 0.011305s (0m 00s)
     Speed:     ev/sec=9.7209e+06   simsec/sec=15919.1   ev/simsec=610.643
     Messages:  created: 2   present: 2   in FES: 1

<!> Simulation stopped with endSimulation() -- in module (ScheduledAccessQueue) DectScheduledAccessNetwork.queue (id=2), at t=179.55348160064s, event #109642

Calling finish() at end of Run #256...

Preparing for running configuration MonetecFocusedSmallR, run #257...
Scenario: $r=3, $rho=0.130, $repetition=2
Assigned runID=MonetecFocusedSmallR-257-20260930-08:34:23-58
Setting up network "dect2020scheduledaccess.DectScheduledAccessNetwork"...
Initializing...

Running simulation...
** Event #0   t=0   Elapsed: 3e-06s (0m 00s)
     Speed:     ev/sec=0   simsec/sec=0   ev/simsec=0
     Messages:  created: 2   present: 2   in FES: 2
** Event #109228   t=179.792500193529   Elapsed: 0.011242s (0m 00s)
     Speed:     ev/sec=9.72039e+06   simsec/sec=16000   ev/simsec=607.523
     Messages:  created: 2   present: 2   in FES: 1

<!> Simulation stopped with endSimulation() -- in module (ScheduledAccessQueue) DectScheduledAccessNetwork.queue (id=2), at t=179.792500193529s, event #109228

Calling finish() at end of Run #257...

Preparing for running configuration MonetecFocusedSmallR, run #258...
Scenario: $r=3, $rho=0.135, $repetition=0
Assigned runID=MonetecFocusedSmallR-258-20260930-08:34:23-58
Setting up network "dect2020scheduledaccess.DectScheduledAccessNetwork"...
Initializing...

Running simulation...
** Event #0   t=0   Elapsed: 4e-06s (0m 00s)
     Speed:     ev/sec=0   simsec/sec=0   ev/simsec=0
     Messages:  created: 2   present: 2   in FES: 2
** Event #111186   t=178.036492668746   Elapsed: 0.011332s (0m 00s)
     Speed:     ev/sec=9.81775e+06   simsec/sec=15720.6   ev/simsec=624.517
     Messages:  created: 2   present: 2   in FES: 1

<!> Simulation stopped with endSimulation() -- in module (ScheduledAccessQueue) DectScheduledAccessNetwork.queue (id=2), at t=178.036492668746s, event #111186

Calling finish() at end of Run #258...

Preparing for running configuration MonetecFocusedSmallR, run #259...
Scenario: $r=3, $rho=0.135, $repetition=1
Assigned runID=MonetecFocusedSmallR-259-20260930-08:34:23-58
Setting up network "dect2020scheduledaccess.DectScheduledAccessNetwork"...
Initializing...

Running simulation...
** Event #0   t=0   Elapsed: 3e-06s (0m 00s)
     Speed:     ev/sec=0   simsec/sec=0   ev/simsec=0
     Messages:  created: 2   present: 2   in FES: 2
** Event #111125   t=178.588302925236   Elapsed: 0.011261s (0m 00s)
     Speed:     ev/sec=9.87339e+06   simsec/sec=15867.4   ev/simsec=622.244
     Messages:  created: 2   present: 2   in FES: 1

<!> Simulation stopped with endSimulation() -- in module (ScheduledAccessQueue) DectScheduledAccessNetwork.queue (id=2), at t=178.588302925236s, event #111125

Calling finish() at end of Run #259...

Preparing for running configuration MonetecFocusedSmallR, run #260...
Scenario: $r=3, $rho=0.135, $repetition=2
Assigned runID=MonetecFocusedSmallR-260-20260930-08:34:23-58
Setting up network "dect2020scheduledaccess.DectScheduledAccessNetwork"...
Initializing...

Running simulation...
** Event #0   t=0   Elapsed: 2e-06s (0m 00s)
     Speed:     ev/sec=0   simsec/sec=0   ev/simsec=0
     Messages:  created: 2   present: 2   in FES: 2
** Event #111018   t=178.285727574711   Elapsed: 0.011261s (0m 00s)
     Speed:     ev/sec=9.86038e+06   simsec/sec=15834.9   ev/simsec=622.699
     Messages:  created: 2   present: 2   in FES: 1

<!> Simulation stopped with endSimulation() -- in module (ScheduledAccessQueue) DectScheduledAccessNetwork.queue (id=2), at t=178.285727574711s, event #111018

Calling finish() at end of Run #260...

Preparing for running configuration MonetecFocusedSmallR, run #261...
Scenario: $r=3, $rho=0.140, $repetition=0
Assigned runID=MonetecFocusedSmallR-261-20260930-08:34:23-58
Setting up network "dect2020scheduledaccess.DectScheduledAccessNetwork"...
Initializing...

Running simulation...
** Event #0   t=0   Elapsed: 1.6e-05s (0m 00s)
     Speed:     ev/sec=0   simsec/sec=0   ev/simsec=0
     Messages:  created: 2   present: 2   in FES: 2
** Event #112806   t=176.954283715266   Elapsed: 0.011739s (0m 00s)
     Speed:     ev/sec=9.62262e+06   simsec/sec=15094.6   ev/simsec=637.487
     Messages:  created: 2   present: 2   in FES: 1

<!> Simulation stopped with endSimulation() -- in module (ScheduledAccessQueue) DectScheduledAccessNetwork.queue (id=2), at t=176.954283715266s, event #112806

Calling finish() at end of Run #261...

Preparing for running configuration MonetecFocusedSmallR, run #262...
Scenario: $r=3, $rho=0.140, $repetition=1
Assigned runID=MonetecFocusedSmallR-262-20260930-08:34:23-58
Setting up network "dect2020scheduledaccess.DectScheduledAccessNetwork"...
Initializing...

Running simulation...
** Event #0   t=0   Elapsed: 3e-06s (0m 00s)
     Speed:     ev/sec=0   simsec/sec=0   ev/simsec=0
     Messages:  created: 2   present: 2   in FES: 2
** Event #113026   t=177.621815215852   Elapsed: 0.011633s (0m 00s)
     Speed:     ev/sec=9.71849e+06   simsec/sec=15272.6   ev/simsec=636.333
     Messages:  created: 2   present: 2   in FES: 1

<!> Simulation stopped with endSimulation() -- in module (ScheduledAccessQueue) DectScheduledAccessNetwork.queue (id=2), at t=177.621815215852s, event #113026

Calling finish() at end of Run #262...

Preparing for running configuration MonetecFocusedSmallR, run #263...
Scenario: $r=3, $rho=0.140, $repetition=2
Assigned runID=MonetecFocusedSmallR-263-20260930-08:34:23-58
Setting up network "dect2020scheduledaccess.DectScheduledAccessNetwork"...
Initializing...

Running simulation...
** Event #0   t=0   Elapsed: 2.1e-05s (0m 00s)
     Speed:     ev/sec=0   simsec/sec=0   ev/simsec=0
     Messages:  created: 2   present: 2   in FES: 2
** Event #112650   t=177.369371590324   Elapsed: 0.011722s (0m 00s)
     Speed:     ev/sec=9.62903e+06   simsec/sec=15161.1   ev/simsec=635.116
     Messages:  created: 2   present: 2   in FES: 1

<!> Simulation stopped with endSimulation() -- in module (ScheduledAccessQueue) DectScheduledAccessNetwork.queue (id=2), at t=177.369371590324s, event #112650

Calling finish() at end of Run #263...

Preparing for running configuration MonetecFocusedSmallR, run #264...
Scenario: $r=3, $rho=0.145, $repetition=0
Assigned runID=MonetecFocusedSmallR-264-20260930-08:34:23-58
Setting up network "dect2020scheduledaccess.DectScheduledAccessNetwork"...
Initializing...

Running simulation...
** Event #0   t=0   Elapsed: 3e-06s (0m 00s)
     Speed:     ev/sec=0   simsec/sec=0   ev/simsec=0
     Messages:  created: 2   present: 2   in FES: 2
** Event #114429   t=176.017499521748   Elapsed: 0.011698s (0m 00s)
     Speed:     ev/sec=9.78527e+06   simsec/sec=15051.9   ev/simsec=650.1
     Messages:  created: 2   present: 2   in FES: 1

<!> Simulation stopped with endSimulation() -- in module (ScheduledAccessQueue) DectScheduledAccessNetwork.queue (id=2), at t=176.017499521748s, event #114429

Calling finish() at end of Run #264...

Preparing for running configuration MonetecFocusedSmallR, run #265...
Scenario: $r=3, $rho=0.145, $repetition=1
Assigned runID=MonetecFocusedSmallR-265-20260930-08:34:23-58
Setting up network "dect2020scheduledaccess.DectScheduledAccessNetwork"...
Initializing...

Running simulation...
** Event #0   t=0   Elapsed: 4.3e-05s (0m 00s)
     Speed:     ev/sec=0   simsec/sec=0   ev/simsec=0
     Messages:  created: 2   present: 2   in FES: 2
** Event #114579   t=176.728783959209   Elapsed: 0.011722s (0m 00s)
     Speed:     ev/sec=9.79978e+06   simsec/sec=15115.3   ev/simsec=648.333
     Messages:  created: 2   present: 2   in FES: 1

<!> Simulation stopped with endSimulation() -- in module (ScheduledAccessQueue) DectScheduledAccessNetwork.queue (id=2), at t=176.728783959209s, event #114579

Calling finish() at end of Run #265...

Preparing for running configuration MonetecFocusedSmallR, run #266...
Scenario: $r=3, $rho=0.145, $repetition=2
Assigned runID=MonetecFocusedSmallR-266-20260930-08:34:23-58
Setting up network "dect2020scheduledaccess.DectScheduledAccessNetwork"...
Initializing...

Running simulation...
** Event #0   t=0   Elapsed: 4e-06s (0m 00s)
     Speed:     ev/sec=0   simsec/sec=0   ev/simsec=0
     Messages:  created: 2   present: 2   in FES: 2
** Event #114437   t=176.490545610688   Elapsed: 0.011663s (0m 00s)
     Speed:     ev/sec=9.81702e+06   simsec/sec=15140.3   ev/simsec=648.403
     Messages:  created: 2   present: 2   in FES: 1

<!> Simulation stopped with endSimulation() -- in module (ScheduledAccessQueue) DectScheduledAccessNetwork.queue (id=2), at t=176.490545610688s, event #114437

Calling finish() at end of Run #266...

Preparing for running configuration MonetecFocusedSmallR, run #267...
Scenario: $r=3, $rho=0.150, $repetition=0
Assigned runID=MonetecFocusedSmallR-267-20260930-08:34:23-58
Setting up network "dect2020scheduledaccess.DectScheduledAccessNetwork"...
Initializing...

Running simulation...
** Event #0   t=0   Elapsed: 3e-06s (0m 00s)
     Speed:     ev/sec=0   simsec/sec=0   ev/simsec=0
     Messages:  created: 2   present: 2   in FES: 2
** Event #116486   t=175.792195418779   Elapsed: 0.011949s (0m 00s)
     Speed:     ev/sec=9.7535e+06   simsec/sec=14719.3   ev/simsec=662.635
     Messages:  created: 2   present: 2   in FES: 1

<!> Simulation stopped with endSimulation() -- in module (ScheduledAccessQueue) DectScheduledAccessNetwork.queue (id=2), at t=175.792195418779s, event #116486

Calling finish() at end of Run #267...

Preparing for running configuration MonetecFocusedSmallR, run #268...
Scenario: $r=3, $rho=0.150, $repetition=1
Assigned runID=MonetecFocusedSmallR-268-20260930-08:34:23-58
Setting up network "dect2020scheduledaccess.DectScheduledAccessNetwork"...
Initializing...

Running simulation...
** Event #0   t=0   Elapsed: 4.1e-05s (0m 00s)
     Speed:     ev/sec=0   simsec/sec=0   ev/simsec=0
     Messages:  created: 2   present: 2   in FES: 2
** Event #116243   t=175.873367384372   Elapsed: 0.012063s (0m 00s)
     Speed:     ev/sec=9.6708e+06   simsec/sec=14631.7   ev/simsec=660.949
     Messages:  created: 2   present: 2   in FES: 1

<!> Simulation stopped with endSimulation() -- in module (ScheduledAccessQueue) DectScheduledAccessNetwork.queue (id=2), at t=175.873367384372s, event #116243

Calling finish() at end of Run #268...

Preparing for running configuration MonetecFocusedSmallR, run #269...
Scenario: $r=3, $rho=0.150, $repetition=2
Assigned runID=MonetecFocusedSmallR-269-20260930-08:34:24-58
Setting up network "dect2020scheduledaccess.DectScheduledAccessNetwork"...
Initializing...

Running simulation...
** Event #0   t=0   Elapsed: 3e-06s (0m 00s)
     Speed:     ev/sec=0   simsec/sec=0   ev/simsec=0
     Messages:  created: 2   present: 2   in FES: 2
** Event #116231   t=175.830635701712   Elapsed: 0.01228s (0m 00s)
     Speed:     ev/sec=9.46815e+06   simsec/sec=14323.1   ev/simsec=661.04
     Messages:  created: 2   present: 2   in FES: 1

<!> Simulation stopped with endSimulation() -- in module (ScheduledAccessQueue) DectScheduledAccessNetwork.queue (id=2), at t=175.830635701712s, event #116231

Calling finish() at end of Run #269...

Preparing for running configuration MonetecFocusedSmallR, run #270...
Scenario: $r=3, $rho=0.155, $repetition=0
Assigned runID=MonetecFocusedSmallR-270-20260930-08:34:24-58
Setting up network "dect2020scheduledaccess.DectScheduledAccessNetwork"...
Initializing...

Running simulation...
** Event #0   t=0   Elapsed: 4e-06s (0m 00s)
     Speed:     ev/sec=0   simsec/sec=0   ev/simsec=0
     Messages:  created: 2   present: 2   in FES: 2
** Event #118297   t=175.212620203561   Elapsed: 0.01205s (0m 00s)
     Speed:     ev/sec=9.82207e+06   simsec/sec=14547.7   ev/simsec=675.164
     Messages:  created: 2   present: 2   in FES: 1

<!> Simulation stopped with endSimulation() -- in module (ScheduledAccessQueue) DectScheduledAccessNetwork.queue (id=2), at t=175.212620203561s, event #118297

Calling finish() at end of Run #270...

Preparing for running configuration MonetecFocusedSmallR, run #271...
Scenario: $r=3, $rho=0.155, $repetition=1
Assigned runID=MonetecFocusedSmallR-271-20260930-08:34:24-58
Setting up network "dect2020scheduledaccess.DectScheduledAccessNetwork"...
Initializing...

Running simulation...
** Event #0   t=0   Elapsed: 2.4e-05s (0m 00s)
     Speed:     ev/sec=0   simsec/sec=0   ev/simsec=0
     Messages:  created: 2   present: 2   in FES: 2
** Event #118552   t=175.454210810722   Elapsed: 0.012294s (0m 00s)
     Speed:     ev/sec=9.66509e+06   simsec/sec=14304.1   ev/simsec=675.687
     Messages:  created: 2   present: 2   in FES: 1

<!> Simulation stopped with endSimulation() -- in module (ScheduledAccessQueue) DectScheduledAccessNetwork.queue (id=2), at t=175.454210810722s, event #118552

Calling finish() at end of Run #271...

Preparing for running configuration MonetecFocusedSmallR, run #272...
Scenario: $r=3, $rho=0.155, $repetition=2
Assigned runID=MonetecFocusedSmallR-272-20260930-08:34:24-58
Setting up network "dect2020scheduledaccess.DectScheduledAccessNetwork"...
Initializing...

Running simulation...
** Event #0   t=0   Elapsed: 4e-06s (0m 00s)
     Speed:     ev/sec=0   simsec/sec=0   ev/simsec=0
     Messages:  created: 2   present: 2   in FES: 2
** Event #118327   t=175.295692713391   Elapsed: 0.012288s (0m 00s)
     Speed:     ev/sec=9.63418e+06   simsec/sec=14272.6   ev/simsec=675.014
     Messages:  created: 2   present: 2   in FES: 1

<!> Simulation stopped with endSimulation() -- in module (ScheduledAccessQueue) DectScheduledAccessNetwork.queue (id=2), at t=175.295692713391s, event #118327

Calling finish() at end of Run #272...

Preparing for running configuration MonetecFocusedSmallR, run #273...
Scenario: $r=3, $rho=0.160, $repetition=0
Assigned runID=MonetecFocusedSmallR-273-20260930-08:34:24-58
Setting up network "dect2020scheduledaccess.DectScheduledAccessNetwork"...
Initializing...

Running simulation...
** Event #0   t=0   Elapsed: 2.5e-05s (0m 00s)
     Speed:     ev/sec=0   simsec/sec=0   ev/simsec=0
     Messages:  created: 2   present: 2   in FES: 2
** Event #120268   t=174.836622476997   Elapsed: 0.012263s (0m 00s)
     Speed:     ev/sec=9.82983e+06   simsec/sec=14289.8   ev/simsec=687.89
     Messages:  created: 2   present: 2   in FES: 1

<!> Simulation stopped with endSimulation() -- in module (ScheduledAccessQueue) DectScheduledAccessNetwork.queue (id=2), at t=174.836622476997s, event #120268

Calling finish() at end of Run #273...

Preparing for running configuration MonetecFocusedSmallR, run #274...
Scenario: $r=3, $rho=0.160, $repetition=1
Assigned runID=MonetecFocusedSmallR-274-20260930-08:34:24-58
Setting up network "dect2020scheduledaccess.DectScheduledAccessNetwork"...
Initializing...

Running simulation...
** Event #0   t=0   Elapsed: 4e-06s (0m 00s)
     Speed:     ev/sec=0   simsec/sec=0   ev/simsec=0
     Messages:  created: 2   present: 2   in FES: 2
** Event #120346   t=174.889814349006   Elapsed: 0.012423s (0m 00s)
     Speed:     ev/sec=9.6936e+06   simsec/sec=14087   ev/simsec=688.126
     Messages:  created: 2   present: 2   in FES: 1

<!> Simulation stopped with endSimulation() -- in module (ScheduledAccessQueue) DectScheduledAccessNetwork.queue (id=2), at t=174.889814349006s, event #120346

Calling finish() at end of Run #274...

Preparing for running configuration MonetecFocusedSmallR, run #275...
Scenario: $r=3, $rho=0.160, $repetition=2
Assigned runID=MonetecFocusedSmallR-275-20260930-08:34:24-58
Setting up network "dect2020scheduledaccess.DectScheduledAccessNetwork"...
Initializing...

Running simulation...
** Event #0   t=0   Elapsed: 1.9e-05s (0m 00s)
     Speed:     ev/sec=0   simsec/sec=0   ev/simsec=0
     Messages:  created: 2   present: 2   in FES: 2
** Event #119911   t=174.959287211837   Elapsed: 0.012352s (0m 00s)
     Speed:     ev/sec=9.72356e+06   simsec/sec=14187.4   ev/simsec=685.369
     Messages:  created: 2   present: 2   in FES: 1

<!> Simulation stopped with endSimulation() -- in module (ScheduledAccessQueue) DectScheduledAccessNetwork.queue (id=2), at t=174.959287211837s, event #119911

Calling finish() at end of Run #275...

Preparing for running configuration MonetecFocusedSmallR, run #276...
Scenario: $r=3, $rho=0.165, $repetition=0
Assigned runID=MonetecFocusedSmallR-276-20260930-08:34:24-58
Setting up network "dect2020scheduledaccess.DectScheduledAccessNetwork"...
Initializing...

Running simulation...
** Event #0   t=0   Elapsed: 3e-06s (0m 00s)
     Speed:     ev/sec=0   simsec/sec=0   ev/simsec=0
     Messages:  created: 2   present: 2   in FES: 2
** Event #121797   t=174.211226313648   Elapsed: 0.012472s (0m 00s)
     Speed:     ev/sec=9.76955e+06   simsec/sec=13973.7   ev/simsec=699.136
     Messages:  created: 2   present: 2   in FES: 1

<!> Simulation stopped with endSimulation() -- in module (ScheduledAccessQueue) DectScheduledAccessNetwork.queue (id=2), at t=174.211226313648s, event #121797

Calling finish() at end of Run #276...

Preparing for running configuration MonetecFocusedSmallR, run #277...
Scenario: $r=3, $rho=0.165, $repetition=1
Assigned runID=MonetecFocusedSmallR-277-20260930-08:34:24-58
Setting up network "dect2020scheduledaccess.DectScheduledAccessNetwork"...
Initializing...

Running simulation...
** Event #0   t=0   Elapsed: 2.4e-05s (0m 00s)
     Speed:     ev/sec=0   simsec/sec=0   ev/simsec=0
     Messages:  created: 2   present: 2   in FES: 2
** Event #122202   t=174.569416418451   Elapsed: 0.012658s (0m 00s)
     Speed:     ev/sec=9.67477e+06   simsec/sec=13820.7   ev/simsec=700.021
     Messages:  created: 2   present: 2   in FES: 1

<!> Simulation stopped with endSimulation() -- in module (ScheduledAccessQueue) DectScheduledAccessNetwork.queue (id=2), at t=174.569416418451s, event #122202

Calling finish() at end of Run #277...

Preparing for running configuration MonetecFocusedSmallR, run #278...
Scenario: $r=3, $rho=0.165, $repetition=2
Assigned runID=MonetecFocusedSmallR-278-20260930-08:34:24-58
Setting up network "dect2020scheduledaccess.DectScheduledAccessNetwork"...
Initializing...

Running simulation...
** Event #0   t=0   Elapsed: 4e-06s (0m 00s)
     Speed:     ev/sec=0   simsec/sec=0   ev/simsec=0
     Messages:  created: 2   present: 2   in FES: 2
** Event #121760   t=174.590409833495   Elapsed: 0.012653s (0m 00s)
     Speed:     ev/sec=9.62758e+06   simsec/sec=13804.9   ev/simsec=697.406
     Messages:  created: 2   present: 2   in FES: 1

<!> Simulation stopped with endSimulation() -- in module (ScheduledAccessQueue) DectScheduledAccessNetwork.queue (id=2), at t=174.590409833495s, event #121760

Calling finish() at end of Run #278...

Preparing for running configuration MonetecFocusedSmallR, run #279...
Scenario: $r=3, $rho=0.170, $repetition=0
Assigned runID=MonetecFocusedSmallR-279-20260930-08:34:24-58
Setting up network "dect2020scheduledaccess.DectScheduledAccessNetwork"...
Initializing...

Running simulation...
** Event #0   t=0   Elapsed: 3e-06s (0m 00s)
     Speed:     ev/sec=0   simsec/sec=0   ev/simsec=0
     Messages:  created: 2   present: 2   in FES: 2
** Event #124035   t=174.171581250065   Elapsed: 0.012852s (0m 00s)
     Speed:     ev/sec=9.65553e+06   simsec/sec=13558.4   ev/simsec=712.145
     Messages:  created: 2   present: 2   in FES: 1

<!> Simulation stopped with endSimulation() -- in module (ScheduledAccessQueue) DectScheduledAccessNetwork.queue (id=2), at t=174.171581250065s, event #124035

Calling finish() at end of Run #279...

Preparing for running configuration MonetecFocusedSmallR, run #280...
Scenario: $r=3, $rho=0.170, $repetition=1
Assigned runID=MonetecFocusedSmallR-280-20260930-08:34:24-58
Setting up network "dect2020scheduledaccess.DectScheduledAccessNetwork"...
Initializing...

Running simulation...
** Event #0   t=0   Elapsed: 4e-06s (0m 00s)
     Speed:     ev/sec=0   simsec/sec=0   ev/simsec=0
     Messages:  created: 2   present: 2   in FES: 2
** Event #124000   t=174.012893465638   Elapsed: 0.012711s (0m 00s)
     Speed:     ev/sec=9.75994e+06   simsec/sec=13696.4   ev/simsec=712.591
     Messages:  created: 2   present: 2   in FES: 1

<!> Simulation stopped with endSimulation() -- in module (ScheduledAccessQueue) DectScheduledAccessNetwork.queue (id=2), at t=174.012893465638s, event #124000

Calling finish() at end of Run #280...

Preparing for running configuration MonetecFocusedSmallR, run #281...
Scenario: $r=3, $rho=0.170, $repetition=2
Assigned runID=MonetecFocusedSmallR-281-20260930-08:34:24-58
Setting up network "dect2020scheduledaccess.DectScheduledAccessNetwork"...
Initializing...

Running simulation...
** Event #0   t=0   Elapsed: 4e-06s (0m 00s)
     Speed:     ev/sec=0   simsec/sec=0   ev/simsec=0
     Messages:  created: 2   present: 2   in FES: 2
** Event #123613   t=174.189498967948   Elapsed: 0.012614s (0m 00s)
     Speed:     ev/sec=9.80433e+06   simsec/sec=13815.8   ev/simsec=709.648
     Messages:  created: 2   present: 2   in FES: 1

<!> Simulation stopped with endSimulation() -- in module (ScheduledAccessQueue) DectScheduledAccessNetwork.queue (id=2), at t=174.189498967948s, event #123613

Calling finish() at end of Run #281...

Preparing for running configuration MonetecFocusedSmallR, run #282...
Scenario: $r=3, $rho=0.175, $repetition=0
Assigned runID=MonetecFocusedSmallR-282-20260930-08:34:24-58
Setting up network "dect2020scheduledaccess.DectScheduledAccessNetwork"...
Initializing...

Running simulation...
** Event #0   t=0   Elapsed: 4e-06s (0m 00s)
     Speed:     ev/sec=0   simsec/sec=0   ev/simsec=0
     Messages:  created: 2   present: 2   in FES: 2
** Event #126044   t=173.755056573051   Elapsed: 0.012811s (0m 00s)
     Speed:     ev/sec=9.84181e+06   simsec/sec=13567.1   ev/simsec=725.414
     Messages:  created: 2   present: 2   in FES: 1

<!> Simulation stopped with endSimulation() -- in module (ScheduledAccessQueue) DectScheduledAccessNetwork.queue (id=2), at t=173.755056573051s, event #126044

Calling finish() at end of Run #282...

Preparing for running configuration MonetecFocusedSmallR, run #283...
Scenario: $r=3, $rho=0.175, $repetition=1
Assigned runID=MonetecFocusedSmallR-283-20260930-08:34:24-58
Setting up network "dect2020scheduledaccess.DectScheduledAccessNetwork"...
Initializing...

Running simulation...
** Event #0   t=0   Elapsed: 3e-06s (0m 00s)
     Speed:     ev/sec=0   simsec/sec=0   ev/simsec=0
     Messages:  created: 2   present: 2   in FES: 2
** Event #126117   t=173.834495065935   Elapsed: 0.013068s (0m 00s)
     Speed:     ev/sec=9.65526e+06   simsec/sec=13308.4   ev/simsec=725.501
     Messages:  created: 2   present: 2   in FES: 1

<!> Simulation stopped with endSimulation() -- in module (ScheduledAccessQueue) DectScheduledAccessNetwork.queue (id=2), at t=173.834495065935s, event #126117

Calling finish() at end of Run #283...

Preparing for running configuration MonetecFocusedSmallR, run #284...
Scenario: $r=3, $rho=0.175, $repetition=2
Assigned runID=MonetecFocusedSmallR-284-20260930-08:34:24-58
Setting up network "dect2020scheduledaccess.DectScheduledAccessNetwork"...
Initializing...

Running simulation...
** Event #0   t=0   Elapsed: 2.6e-05s (0m 00s)
     Speed:     ev/sec=0   simsec/sec=0   ev/simsec=0
     Messages:  created: 2   present: 2   in FES: 2
** Event #125736   t=173.918557470748   Elapsed: 0.012855s (0m 00s)
     Speed:     ev/sec=9.80321e+06   simsec/sec=13559.8   ev/simsec=722.96
     Messages:  created: 2   present: 2   in FES: 1

<!> Simulation stopped with endSimulation() -- in module (ScheduledAccessQueue) DectScheduledAccessNetwork.queue (id=2), at t=173.918557470748s, event #125736

Calling finish() at end of Run #284...

Preparing for running configuration MonetecFocusedSmallR, run #285...
Scenario: $r=3, $rho=0.180, $repetition=0
Assigned runID=MonetecFocusedSmallR-285-20260930-08:34:24-58
Setting up network "dect2020scheduledaccess.DectScheduledAccessNetwork"...
Initializing...

Running simulation...
** Event #0   t=0   Elapsed: 3e-05s (0m 00s)
     Speed:     ev/sec=0   simsec/sec=0   ev/simsec=0
     Messages:  created: 2   present: 2   in FES: 2
** Event #128022   t=173.596021081958   Elapsed: 0.013788s (0m 00s)
     Speed:     ev/sec=9.30731e+06   simsec/sec=12620.6   ev/simsec=737.471
     Messages:  created: 2   present: 2   in FES: 1

<!> Simulation stopped with endSimulation() -- in module (ScheduledAccessQueue) DectScheduledAccessNetwork.queue (id=2), at t=173.596021081958s, event #128022

Calling finish() at end of Run #285...

Preparing for running configuration MonetecFocusedSmallR, run #286...
Scenario: $r=3, $rho=0.180, $repetition=1
Assigned runID=MonetecFocusedSmallR-286-20260930-08:34:24-58
Setting up network "dect2020scheduledaccess.DectScheduledAccessNetwork"...
Initializing...

Running simulation...
** Event #0   t=0   Elapsed: 5e-06s (0m 00s)
     Speed:     ev/sec=0   simsec/sec=0   ev/simsec=0
     Messages:  created: 2   present: 2   in FES: 2
** Event #127852   t=173.486876835452   Elapsed: 0.013721s (0m 00s)
     Speed:     ev/sec=9.32274e+06   simsec/sec=12650.3   ev/simsec=736.957
     Messages:  created: 2   present: 2   in FES: 1

<!> Simulation stopped with endSimulation() -- in module (ScheduledAccessQueue) DectScheduledAccessNetwork.queue (id=2), at t=173.486876835452s, event #127852

Calling finish() at end of Run #286...

Preparing for running configuration MonetecFocusedSmallR, run #287...
Scenario: $r=3, $rho=0.180, $repetition=2
Assigned runID=MonetecFocusedSmallR-287-20260930-08:34:24-58
Setting up network "dect2020scheduledaccess.DectScheduledAccessNetwork"...
Initializing...

Running simulation...
** Event #0   t=0   Elapsed: 3e-06s (0m 00s)
     Speed:     ev/sec=0   simsec/sec=0   ev/simsec=0
     Messages:  created: 2   present: 2   in FES: 2
** Event #127464   t=173.516790292978   Elapsed: 0.013177s (0m 00s)
     Speed:     ev/sec=9.67542e+06   simsec/sec=13171.1   ev/simsec=734.593
     Messages:  created: 2   present: 2   in FES: 1

<!> Simulation stopped with endSimulation() -- in module (ScheduledAccessQueue) DectScheduledAccessNetwork.queue (id=2), at t=173.516790292978s, event #127464

Calling finish() at end of Run #287...

Preparing for running configuration MonetecFocusedSmallR, run #288...
Scenario: $r=3, $rho=0.185, $repetition=0
Assigned runID=MonetecFocusedSmallR-288-20260930-08:34:24-58
Setting up network "dect2020scheduledaccess.DectScheduledAccessNetwork"...
Initializing...

Running simulation...
** Event #0   t=0   Elapsed: 2.2e-05s (0m 00s)
     Speed:     ev/sec=0   simsec/sec=0   ev/simsec=0
     Messages:  created: 2   present: 2   in FES: 2
** Event #129863   t=173.388701297473   Elapsed: 0.013591s (0m 00s)
     Speed:     ev/sec=9.57268e+06   simsec/sec=12781.1   ev/simsec=748.973
     Messages:  created: 2   present: 2   in FES: 1

<!> Simulation stopped with endSimulation() -- in module (ScheduledAccessQueue) DectScheduledAccessNetwork.queue (id=2), at t=173.388701297473s, event #129863

Calling finish() at end of Run #288...

Preparing for running configuration MonetecFocusedSmallR, run #289...
Scenario: $r=3, $rho=0.185, $repetition=1
Assigned runID=MonetecFocusedSmallR-289-20260930-08:34:24-58
Setting up network "dect2020scheduledaccess.DectScheduledAccessNetwork"...
Initializing...

Running simulation...
** Event #0   t=0   Elapsed: 3e-06s (0m 00s)
     Speed:     ev/sec=0   simsec/sec=0   ev/simsec=0
     Messages:  created: 2   present: 2   in FES: 2
** Event #129696   t=173.247420457144   Elapsed: 0.013264s (0m 00s)
     Speed:     ev/sec=9.78247e+06   simsec/sec=13067.4   ev/simsec=748.618
     Messages:  created: 2   present: 2   in FES: 1

<!> Simulation stopped with endSimulation() -- in module (ScheduledAccessQueue) DectScheduledAccessNetwork.queue (id=2), at t=173.247420457144s, event #129696

Calling finish() at end of Run #289...

Preparing for running configuration MonetecFocusedSmallR, run #290...
Scenario: $r=3, $rho=0.185, $repetition=2
Assigned runID=MonetecFocusedSmallR-290-20260930-08:34:24-58
Setting up network "dect2020scheduledaccess.DectScheduledAccessNetwork"...
Initializing...

Running simulation...
** Event #0   t=0   Elapsed: 4e-06s (0m 00s)
     Speed:     ev/sec=0   simsec/sec=0   ev/simsec=0
     Messages:  created: 2   present: 2   in FES: 2
** Event #129310   t=173.269216103016   Elapsed: 0.013567s (0m 00s)
     Speed:     ev/sec=9.53473e+06   simsec/sec=12776.1   ev/simsec=746.297
     Messages:  created: 2   present: 2   in FES: 1

<!> Simulation stopped with endSimulation() -- in module (ScheduledAccessQueue) DectScheduledAccessNetwork.queue (id=2), at t=173.269216103016s, event #129310

Calling finish() at end of Run #290...

Preparing for running configuration MonetecFocusedSmallR, run #291...
Scenario: $r=3, $rho=0.190, $repetition=0
Assigned runID=MonetecFocusedSmallR-291-20260930-08:34:24-58
Setting up network "dect2020scheduledaccess.DectScheduledAccessNetwork"...
Initializing...

Running simulation...
** Event #0   t=0   Elapsed: 3e-06s (0m 00s)
     Speed:     ev/sec=0   simsec/sec=0   ev/simsec=0
     Messages:  created: 2   present: 2   in FES: 2
** Event #131831   t=173.072411869945   Elapsed: 0.013567s (0m 00s)
     Speed:     ev/sec=9.72062e+06   simsec/sec=12761.6   ev/simsec=761.711
     Messages:  created: 2   present: 2   in FES: 1

<!> Simulation stopped with endSimulation() -- in module (ScheduledAccessQueue) DectScheduledAccessNetwork.queue (id=2), at t=173.072411869945s, event #131831

Calling finish() at end of Run #291...

Preparing for running configuration MonetecFocusedSmallR, run #292...
Scenario: $r=3, $rho=0.190, $repetition=1
Assigned runID=MonetecFocusedSmallR-292-20260930-08:34:24-58
Setting up network "dect2020scheduledaccess.DectScheduledAccessNetwork"...
Initializing...

Running simulation...
** Event #0   t=0   Elapsed: 3e-06s (0m 00s)
     Speed:     ev/sec=0   simsec/sec=0   ev/simsec=0
     Messages:  created: 2   present: 2   in FES: 2
** Event #131970   t=173.16735528952   Elapsed: 0.01355s (0m 00s)
     Speed:     ev/sec=9.74236e+06   simsec/sec=12783.6   ev/simsec=762.097
     Messages:  created: 2   present: 2   in FES: 1

<!> Simulation stopped with endSimulation() -- in module (ScheduledAccessQueue) DectScheduledAccessNetwork.queue (id=2), at t=173.16735528952s, event #131970

Calling finish() at end of Run #292...

Preparing for running configuration MonetecFocusedSmallR, run #293...
Scenario: $r=3, $rho=0.190, $repetition=2
Assigned runID=MonetecFocusedSmallR-293-20260930-08:34:24-58
Setting up network "dect2020scheduledaccess.DectScheduledAccessNetwork"...
Initializing...

Running simulation...
** Event #0   t=0   Elapsed: 3e-06s (0m 00s)
     Speed:     ev/sec=0   simsec/sec=0   ev/simsec=0
     Messages:  created: 2   present: 2   in FES: 2
** Event #131512   t=173.150068721707   Elapsed: 0.013593s (0m 00s)
     Speed:     ev/sec=9.67783e+06   simsec/sec=12741.9   ev/simsec=759.526
     Messages:  created: 2   present: 2   in FES: 1

<!> Simulation stopped with endSimulation() -- in module (ScheduledAccessQueue) DectScheduledAccessNetwork.queue (id=2), at t=173.150068721707s, event #131512

Calling finish() at end of Run #293...

Preparing for running configuration MonetecFocusedSmallR, run #294...
Scenario: $r=3, $rho=0.195, $repetition=0
Assigned runID=MonetecFocusedSmallR-294-20260930-08:34:24-58
Setting up network "dect2020scheduledaccess.DectScheduledAccessNetwork"...
Initializing...

Running simulation...
** Event #0   t=0   Elapsed: 4e-06s (0m 00s)
     Speed:     ev/sec=0   simsec/sec=0   ev/simsec=0
     Messages:  created: 2   present: 2   in FES: 2
** Event #134121   t=172.9913607566   Elapsed: 0.01376s (0m 00s)
     Speed:     ev/sec=9.75e+06   simsec/sec=12575.7   ev/simsec=775.305
     Messages:  created: 2   present: 2   in FES: 1

<!> Simulation stopped with endSimulation() -- in module (ScheduledAccessQueue) DectScheduledAccessNetwork.queue (id=2), at t=172.9913607566s, event #134121

Calling finish() at end of Run #294...

Preparing for running configuration MonetecFocusedSmallR, run #295...
Scenario: $r=3, $rho=0.195, $repetition=1
Assigned runID=MonetecFocusedSmallR-295-20260930-08:34:24-58
Setting up network "dect2020scheduledaccess.DectScheduledAccessNetwork"...
Initializing...

Running simulation...
** Event #0   t=0   Elapsed: 3e-06s (0m 00s)
     Speed:     ev/sec=0   simsec/sec=0   ev/simsec=0
     Messages:  created: 2   present: 2   in FES: 2
** Event #133870   t=172.982615499718   Elapsed: 0.013648s (0m 00s)
     Speed:     ev/sec=9.81164e+06   simsec/sec=12678.3   ev/simsec=773.893
     Messages:  created: 2   present: 2   in FES: 1

<!> Simulation stopped with endSimulation() -- in module (ScheduledAccessQueue) DectScheduledAccessNetwork.queue (id=2), at t=172.982615499718s, event #133870

Calling finish() at end of Run #295...

Preparing for running configuration MonetecFocusedSmallR, run #296...
Scenario: $r=3, $rho=0.195, $repetition=2
Assigned runID=MonetecFocusedSmallR-296-20260930-08:34:24-58
Setting up network "dect2020scheduledaccess.DectScheduledAccessNetwork"...
Initializing...

Running simulation...
** Event #0   t=0   Elapsed: 3e-06s (0m 00s)
     Speed:     ev/sec=0   simsec/sec=0   ev/simsec=0
     Messages:  created: 2   present: 2   in FES: 2
** Event #133642   t=173.051811686361   Elapsed: 0.013778s (0m 00s)
     Speed:     ev/sec=9.70319e+06   simsec/sec=12564.5   ev/simsec=772.268
     Messages:  created: 2   present: 2   in FES: 1

<!> Simulation stopped with endSimulation() -- in module (ScheduledAccessQueue) DectScheduledAccessNetwork.queue (id=2), at t=173.051811686361s, event #133642

Calling finish() at end of Run #296...

Preparing for running configuration MonetecFocusedSmallR, run #297...
Scenario: $r=3, $rho=0.200, $repetition=0
Assigned runID=MonetecFocusedSmallR-297-20260930-08:34:24-58
Setting up network "dect2020scheduledaccess.DectScheduledAccessNetwork"...
Initializing...

Running simulation...
** Event #0   t=0   Elapsed: 3e-06s (0m 00s)
     Speed:     ev/sec=0   simsec/sec=0   ev/simsec=0
     Messages:  created: 2   present: 2   in FES: 2
** Event #136208   t=172.806332760484   Elapsed: 0.013899s (0m 00s)
     Speed:     ev/sec=9.80337e+06   simsec/sec=12437.5   ev/simsec=788.212
     Messages:  created: 2   present: 2   in FES: 1

<!> Simulation stopped with endSimulation() -- in module (ScheduledAccessQueue) DectScheduledAccessNetwork.queue (id=2), at t=172.806332760484s, event #136208

Calling finish() at end of Run #297...

Preparing for running configuration MonetecFocusedSmallR, run #298...
Scenario: $r=3, $rho=0.200, $repetition=1
Assigned runID=MonetecFocusedSmallR-298-20260930-08:34:24-58
Setting up network "dect2020scheduledaccess.DectScheduledAccessNetwork"...
Initializing...

Running simulation...
** Event #0   t=0   Elapsed: 4e-06s (0m 00s)
     Speed:     ev/sec=0   simsec/sec=0   ev/simsec=0
     Messages:  created: 2   present: 2   in FES: 2
** Event #135589   t=172.790991652945   Elapsed: 0.013781s (0m 00s)
     Speed:     ev/sec=9.84169e+06   simsec/sec=12542   ev/simsec=784.7
     Messages:  created: 2   present: 2   in FES: 1

<!> Simulation stopped with endSimulation() -- in module (ScheduledAccessQueue) DectScheduledAccessNetwork.queue (id=2), at t=172.790991652945s, event #135589

Calling finish() at end of Run #298...

Preparing for running configuration MonetecFocusedSmallR, run #299...
Scenario: $r=3, $rho=0.200, $repetition=2
Assigned runID=MonetecFocusedSmallR-299-20260930-08:34:24-58
Setting up network "dect2020scheduledaccess.DectScheduledAccessNetwork"...
Initializing...

Running simulation...
** Event #0   t=0   Elapsed: 3e-06s (0m 00s)
     Speed:     ev/sec=0   simsec/sec=0   ev/simsec=0
     Messages:  created: 2   present: 2   in FES: 2
** Event #135807   t=173.008276609105   Elapsed: 0.01389s (0m 00s)
     Speed:     ev/sec=9.78014e+06   simsec/sec=12459.2   ev/simsec=784.975
     Messages:  created: 2   present: 2   in FES: 1

<!> Simulation stopped with endSimulation() -- in module (ScheduledAccessQueue) DectScheduledAccessNetwork.queue (id=2), at t=173.008276609105s, event #135807

Calling finish() at end of Run #299...

Preparing for running configuration MonetecFocusedSmallR, run #300...
Scenario: $r=3, $rho=0.205, $repetition=0
Assigned runID=MonetecFocusedSmallR-300-20260930-08:34:24-58
Setting up network "dect2020scheduledaccess.DectScheduledAccessNetwork"...
Initializing...

Running simulation...
** Event #0   t=0   Elapsed: 2.5e-05s (0m 00s)
     Speed:     ev/sec=0   simsec/sec=0   ev/simsec=0
     Messages:  created: 2   present: 2   in FES: 2
** Event #138138   t=172.739711277209   Elapsed: 0.01419s (0m 00s)
     Speed:     ev/sec=9.73832e+06   simsec/sec=12177.6   ev/simsec=799.689
     Messages:  created: 2   present: 2   in FES: 1

<!> Simulation stopped with endSimulation() -- in module (ScheduledAccessQueue) DectScheduledAccessNetwork.queue (id=2), at t=172.739711277209s, event #138138

Calling finish() at end of Run #300...

Preparing for running configuration MonetecFocusedSmallR, run #301...
Scenario: $r=3, $rho=0.205, $repetition=1
Assigned runID=MonetecFocusedSmallR-301-20260930-08:34:24-58
Setting up network "dect2020scheduledaccess.DectScheduledAccessNetwork"...
Initializing...

Running simulation...
** Event #0   t=0   Elapsed: 2.7e-05s (0m 00s)
     Speed:     ev/sec=0   simsec/sec=0   ev/simsec=0
     Messages:  created: 2   present: 2   in FES: 2
** Event #137863   t=172.711159942632   Elapsed: 0.014269s (0m 00s)
     Speed:     ev/sec=9.68139e+06   simsec/sec=12128.6   ev/simsec=798.23
     Messages:  created: 2   present: 2   in FES: 1

<!> Simulation stopped with endSimulation() -- in module (ScheduledAccessQueue) DectScheduledAccessNetwork.queue (id=2), at t=172.711159942632s, event #137863

Calling finish() at end of Run #301...

Preparing for running configuration MonetecFocusedSmallR, run #302...
Scenario: $r=3, $rho=0.205, $repetition=2
Assigned runID=MonetecFocusedSmallR-302-20260930-08:34:24-58
Setting up network "dect2020scheduledaccess.DectScheduledAccessNetwork"...
Initializing...

Running simulation...
** Event #0   t=0   Elapsed: 2.6e-05s (0m 00s)
     Speed:     ev/sec=0   simsec/sec=0   ev/simsec=0
     Messages:  created: 2   present: 2   in FES: 2
** Event #137815   t=172.820051377862   Elapsed: 0.014317s (0m 00s)
     Speed:     ev/sec=9.64416e+06   simsec/sec=12093.7   ev/simsec=797.45
     Messages:  created: 2   present: 2   in FES: 1

<!> Simulation stopped with endSimulation() -- in module (ScheduledAccessQueue) DectScheduledAccessNetwork.queue (id=2), at t=172.820051377862s, event #137815

Calling finish() at end of Run #302...

Preparing for running configuration MonetecFocusedSmallR, run #303...
Scenario: $r=3, $rho=0.210, $repetition=0
Assigned runID=MonetecFocusedSmallR-303-20260930-08:34:24-58
Setting up network "dect2020scheduledaccess.DectScheduledAccessNetwork"...
Initializing...

Running simulation...
** Event #0   t=0   Elapsed: 2e-05s (0m 00s)
     Speed:     ev/sec=0   simsec/sec=0   ev/simsec=0
     Messages:  created: 2   present: 2   in FES: 2
** Event #139966   t=172.599345349475   Elapsed: 0.014431s (0m 00s)
     Speed:     ev/sec=9.71312e+06   simsec/sec=11977.7   ev/simsec=810.93
     Messages:  created: 2   present: 2   in FES: 1

<!> Simulation stopped with endSimulation() -- in module (ScheduledAccessQueue) DectScheduledAccessNetwork.queue (id=2), at t=172.599345349475s, event #139966

Calling finish() at end of Run #303...

Preparing for running configuration MonetecFocusedSmallR, run #304...
Scenario: $r=3, $rho=0.210, $repetition=1
Assigned runID=MonetecFocusedSmallR-304-20260930-08:34:24-58
Setting up network "dect2020scheduledaccess.DectScheduledAccessNetwork"...
Initializing...

Running simulation...
** Event #0   t=0   Elapsed: 3e-06s (0m 00s)
     Speed:     ev/sec=0   simsec/sec=0   ev/simsec=0
     Messages:  created: 2   present: 2   in FES: 2
** Event #139974   t=172.70643071623   Elapsed: 0.014226s (0m 00s)
     Speed:     ev/sec=9.84208e+06   simsec/sec=12143.6   ev/simsec=810.475
     Messages:  created: 2   present: 2   in FES: 1

<!> Simulation stopped with endSimulation() -- in module (ScheduledAccessQueue) DectScheduledAccessNetwork.queue (id=2), at t=172.70643071623s, event #139974

Calling finish() at end of Run #304...

Preparing for running configuration MonetecFocusedSmallR, run #305...
Scenario: $r=3, $rho=0.210, $repetition=2
Assigned runID=MonetecFocusedSmallR-305-20260930-08:34:24-58
Setting up network "dect2020scheduledaccess.DectScheduledAccessNetwork"...
Initializing...

Running simulation...
** Event #0   t=0   Elapsed: 2e-05s (0m 00s)
     Speed:     ev/sec=0   simsec/sec=0   ev/simsec=0
     Messages:  created: 2   present: 2   in FES: 2
** Event #139939   t=172.76349196312   Elapsed: 0.014439s (0m 00s)
     Speed:     ev/sec=9.70653e+06   simsec/sec=11983.3   ev/simsec=810.004
     Messages:  created: 2   present: 2   in FES: 1

<!> Simulation stopped with endSimulation() -- in module (ScheduledAccessQueue) DectScheduledAccessNetwork.queue (id=2), at t=172.76349196312s, event #139939

Calling finish() at end of Run #305...

Preparing for running configuration MonetecFocusedSmallR, run #306...
Scenario: $r=3, $rho=0.215, $repetition=0
Assigned runID=MonetecFocusedSmallR-306-20260930-08:34:24-58
Setting up network "dect2020scheduledaccess.DectScheduledAccessNetwork"...
Initializing...

Running simulation...
** Event #0   t=0   Elapsed: 3e-06s (0m 00s)
     Speed:     ev/sec=0   simsec/sec=0   ev/simsec=0
     Messages:  created: 2   present: 2   in FES: 2
** Event #142045   t=172.495696557498   Elapsed: 0.01459s (0m 00s)
     Speed:     ev/sec=9.73912e+06   simsec/sec=11826.9   ev/simsec=823.472
     Messages:  created: 2   present: 2   in FES: 1

<!> Simulation stopped with endSimulation() -- in module (ScheduledAccessQueue) DectScheduledAccessNetwork.queue (id=2), at t=172.495696557498s, event #142045

Calling finish() at end of Run #306...

Preparing for running configuration MonetecFocusedSmallR, run #307...
Scenario: $r=3, $rho=0.215, $repetition=1
Assigned runID=MonetecFocusedSmallR-307-20260930-08:34:24-58
Setting up network "dect2020scheduledaccess.DectScheduledAccessNetwork"...
Initializing...

Running simulation...
** Event #0   t=0   Elapsed: 4e-06s (0m 00s)
     Speed:     ev/sec=0   simsec/sec=0   ev/simsec=0
     Messages:  created: 2   present: 2   in FES: 2
** Event #141861   t=172.581239995887   Elapsed: 0.014611s (0m 00s)
     Speed:     ev/sec=9.71252e+06   simsec/sec=11815.7   ev/simsec=821.998
     Messages:  created: 2   present: 2   in FES: 1

<!> Simulation stopped with endSimulation() -- in module (ScheduledAccessQueue) DectScheduledAccessNetwork.queue (id=2), at t=172.581239995887s, event #141861

Calling finish() at end of Run #307...

Preparing for running configuration MonetecFocusedSmallR, run #308...
Scenario: $r=3, $rho=0.215, $repetition=2
Assigned runID=MonetecFocusedSmallR-308-20260930-08:34:24-58
Setting up network "dect2020scheduledaccess.DectScheduledAccessNetwork"...
Initializing...

Running simulation...
** Event #0   t=0   Elapsed: 3e-06s (0m 00s)
     Speed:     ev/sec=0   simsec/sec=0   ev/simsec=0
     Messages:  created: 2   present: 2   in FES: 2
** Event #142020   t=172.759523141247   Elapsed: 0.014635s (0m 00s)
     Speed:     ev/sec=9.70679e+06   simsec/sec=11807.8   ev/simsec=822.069
     Messages:  created: 2   present: 2   in FES: 1

<!> Simulation stopped with endSimulation() -- in module (ScheduledAccessQueue) DectScheduledAccessNetwork.queue (id=2), at t=172.759523141247s, event #142020

Calling finish() at end of Run #308...

Preparing for running configuration MonetecFocusedSmallR, run #309...
Scenario: $r=3, $rho=0.220, $repetition=0
Assigned runID=MonetecFocusedSmallR-309-20260930-08:34:24-58
Setting up network "dect2020scheduledaccess.DectScheduledAccessNetwork"...
Initializing...

Running simulation...
** Event #0   t=0   Elapsed: 2.5e-05s (0m 00s)
     Speed:     ev/sec=0   simsec/sec=0   ev/simsec=0
     Messages:  created: 2   present: 2   in FES: 2
** Event #144194   t=172.537617469433   Elapsed: 0.014926s (0m 00s)
     Speed:     ev/sec=9.6781e+06   simsec/sec=11580.4   ev/simsec=835.729
     Messages:  created: 2   present: 2   in FES: 1

<!> Simulation stopped with endSimulation() -- in module (ScheduledAccessQueue) DectScheduledAccessNetwork.queue (id=2), at t=172.537617469433s, event #144194

Calling finish() at end of Run #309...

Preparing for running configuration MonetecFocusedSmallR, run #310...
Scenario: $r=3, $rho=0.220, $repetition=1
Assigned runID=MonetecFocusedSmallR-310-20260930-08:34:24-58
Setting up network "dect2020scheduledaccess.DectScheduledAccessNetwork"...
Initializing...

Running simulation...
** Event #0   t=0   Elapsed: 1.8e-05s (0m 00s)
     Speed:     ev/sec=0   simsec/sec=0   ev/simsec=0
     Messages:  created: 2   present: 2   in FES: 2
** Event #144432   t=172.599681159949   Elapsed: 0.014719s (0m 00s)
     Speed:     ev/sec=9.82597e+06   simsec/sec=11742.2   ev/simsec=836.808
     Messages:  created: 2   present: 2   in FES: 1

<!> Simulation stopped with endSimulation() -- in module (ScheduledAccessQueue) DectScheduledAccessNetwork.queue (id=2), at t=172.599681159949s, event #144432

Calling finish() at end of Run #310...

Preparing for running configuration MonetecFocusedSmallR, run #311...
Scenario: $r=3, $rho=0.220, $repetition=2
Assigned runID=MonetecFocusedSmallR-311-20260930-08:34:24-58
Setting up network "dect2020scheduledaccess.DectScheduledAccessNetwork"...
Initializing...

Running simulation...
** Event #0   t=0   Elapsed: 2.3e-05s (0m 00s)
     Speed:     ev/sec=0   simsec/sec=0   ev/simsec=0
     Messages:  created: 2   present: 2   in FES: 2
** Event #143892   t=172.579073407675   Elapsed: 0.014809s (0m 00s)
     Speed:     ev/sec=9.7323e+06   simsec/sec=11672.6   ev/simsec=833.775
     Messages:  created: 2   present: 2   in FES: 1

<!> Simulation stopped with endSimulation() -- in module (ScheduledAccessQueue) DectScheduledAccessNetwork.queue (id=2), at t=172.579073407675s, event #143892

Calling finish() at end of Run #311...

Preparing for running configuration MonetecFocusedSmallR, run #312...
Scenario: $r=3, $rho=0.225, $repetition=0
Assigned runID=MonetecFocusedSmallR-312-20260930-08:34:24-58
Setting up network "dect2020scheduledaccess.DectScheduledAccessNetwork"...
Initializing...

Running simulation...
** Event #0   t=0   Elapsed: 2.3e-05s (0m 00s)
     Speed:     ev/sec=0   simsec/sec=0   ev/simsec=0
     Messages:  created: 2   present: 2   in FES: 2
** Event #146027   t=172.430223216232   Elapsed: 0.014963s (0m 00s)
     Speed:     ev/sec=9.77423e+06   simsec/sec=11541.5   ev/simsec=846.876
     Messages:  created: 2   present: 2   in FES: 1

<!> Simulation stopped with endSimulation() -- in module (ScheduledAccessQueue) DectScheduledAccessNetwork.queue (id=2), at t=172.430223216232s, event #146027

Calling finish() at end of Run #312...

Preparing for running configuration MonetecFocusedSmallR, run #313...
Scenario: $r=3, $rho=0.225, $repetition=1
Assigned runID=MonetecFocusedSmallR-313-20260930-08:34:24-58
Setting up network "dect2020scheduledaccess.DectScheduledAccessNetwork"...
Initializing...

Running simulation...
** Event #0   t=0   Elapsed: 2.5e-05s (0m 00s)
     Speed:     ev/sec=0   simsec/sec=0   ev/simsec=0
     Messages:  created: 2   present: 2   in FES: 2
** Event #146121   t=172.502533199454   Elapsed: 0.014909s (0m 00s)
     Speed:     ev/sec=9.81798e+06   simsec/sec=11590.6   ev/simsec=847.067
     Messages:  created: 2   present: 2   in FES: 1

<!> Simulation stopped with endSimulation() -- in module (ScheduledAccessQueue) DectScheduledAccessNetwork.queue (id=2), at t=172.502533199454s, event #146121

Calling finish() at end of Run #313...

Preparing for running configuration MonetecFocusedSmallR, run #314...
Scenario: $r=3, $rho=0.225, $repetition=2
Assigned runID=MonetecFocusedSmallR-314-20260930-08:34:24-58
Setting up network "dect2020scheduledaccess.DectScheduledAccessNetwork"...
Initializing...

Running simulation...
** Event #0   t=0   Elapsed: 2.6e-05s (0m 00s)
     Speed:     ev/sec=0   simsec/sec=0   ev/simsec=0
     Messages:  created: 2   present: 2   in FES: 2
** Event #145806   t=172.499714289714   Elapsed: 0.014968s (0m 00s)
     Speed:     ev/sec=9.75748e+06   simsec/sec=11543.8   ev/simsec=845.255
     Messages:  created: 2   present: 2   in FES: 1

<!> Simulation stopped with endSimulation() -- in module (ScheduledAccessQueue) DectScheduledAccessNetwork.queue (id=2), at t=172.499714289714s, event #145806

Calling finish() at end of Run #314...

Preparing for running configuration MonetecFocusedSmallR, run #315...
Scenario: $r=3, $rho=0.230, $repetition=0
Assigned runID=MonetecFocusedSmallR-315-20260930-08:34:24-58
Setting up network "dect2020scheduledaccess.DectScheduledAccessNetwork"...
Initializing...

Running simulation...
** Event #0   t=0   Elapsed: 2e-06s (0m 00s)
     Speed:     ev/sec=0   simsec/sec=0   ev/simsec=0
     Messages:  created: 2   present: 2   in FES: 2
** Event #148235   t=172.397257018391   Elapsed: 0.015318s (0m 00s)
     Speed:     ev/sec=9.67907e+06   simsec/sec=11256.8   ev/simsec=859.846
     Messages:  created: 2   present: 2   in FES: 1

<!> Simulation stopped with endSimulation() -- in module (ScheduledAccessQueue) DectScheduledAccessNetwork.queue (id=2), at t=172.397257018391s, event #148235

Calling finish() at end of Run #315...

Preparing for running configuration MonetecFocusedSmallR, run #316...
Scenario: $r=3, $rho=0.230, $repetition=1
Assigned runID=MonetecFocusedSmallR-316-20260930-08:34:24-58
Setting up network "dect2020scheduledaccess.DectScheduledAccessNetwork"...
Initializing...

Running simulation...
** Event #0   t=0   Elapsed: 3e-06s (0m 00s)
     Speed:     ev/sec=0   simsec/sec=0   ev/simsec=0
     Messages:  created: 2   present: 2   in FES: 2
** Event #147965   t=172.354976452738   Elapsed: 0.01555s (0m 00s)
     Speed:     ev/sec=9.51788e+06   simsec/sec=11086.8   ev/simsec=858.492
     Messages:  created: 2   present: 2   in FES: 1

<!> Simulation stopped with endSimulation() -- in module (ScheduledAccessQueue) DectScheduledAccessNetwork.queue (id=2), at t=172.354976452738s, event #147965

Calling finish() at end of Run #316...

Preparing for running configuration MonetecFocusedSmallR, run #317...
Scenario: $r=3, $rho=0.230, $repetition=2
Assigned runID=MonetecFocusedSmallR-317-20260930-08:34:24-58
Setting up network "dect2020scheduledaccess.DectScheduledAccessNetwork"...
Initializing...

Running simulation...
** Event #0   t=0   Elapsed: 3e-06s (0m 00s)
     Speed:     ev/sec=0   simsec/sec=0   ev/simsec=0
     Messages:  created: 2   present: 2   in FES: 2
** Event #147501   t=172.352823524783   Elapsed: 0.015172s (0m 00s)
     Speed:     ev/sec=9.72384e+06   simsec/sec=11362.1   ev/simsec=855.81
     Messages:  created: 2   present: 2   in FES: 1

<!> Simulation stopped with endSimulation() -- in module (ScheduledAccessQueue) DectScheduledAccessNetwork.queue (id=2), at t=172.352823524783s, event #147501

Calling finish() at end of Run #317...

Preparing for running configuration MonetecFocusedSmallR, run #318...
Scenario: $r=3, $rho=0.235, $repetition=0
Assigned runID=MonetecFocusedSmallR-318-20260930-08:34:24-58
Setting up network "dect2020scheduledaccess.DectScheduledAccessNetwork"...
Initializing...

Running simulation...
** Event #0   t=0   Elapsed: 3e-06s (0m 00s)
     Speed:     ev/sec=0   simsec/sec=0   ev/simsec=0
     Messages:  created: 2   present: 2   in FES: 2
** Event #150275   t=172.346831815877   Elapsed: 0.015344s (0m 00s)
     Speed:     ev/sec=9.79565e+06   simsec/sec=11234.4   ev/simsec=871.934
     Messages:  created: 2   present: 2   in FES: 1

<!> Simulation stopped with endSimulation() -- in module (ScheduledAccessQueue) DectScheduledAccessNetwork.queue (id=2), at t=172.346831815877s, event #150275

Calling finish() at end of Run #318...

Preparing for running configuration MonetecFocusedSmallR, run #319...
Scenario: $r=3, $rho=0.235, $repetition=1
Assigned runID=MonetecFocusedSmallR-319-20260930-08:34:24-58
Setting up network "dect2020scheduledaccess.DectScheduledAccessNetwork"...
Initializing...

Running simulation...
** Event #0   t=0   Elapsed: 4e-06s (0m 00s)
     Speed:     ev/sec=0   simsec/sec=0   ev/simsec=0
     Messages:  created: 2   present: 2   in FES: 2
** Event #149930   t=172.301464896986   Elapsed: 0.015422s (0m 00s)
     Speed:     ev/sec=9.72435e+06   simsec/sec=11175.3   ev/simsec=870.162
     Messages:  created: 2   present: 2   in FES: 1

<!> Simulation stopped with endSimulation() -- in module (ScheduledAccessQueue) DectScheduledAccessNetwork.queue (id=2), at t=172.301464896986s, event #149930

Calling finish() at end of Run #319...

Preparing for running configuration MonetecFocusedSmallR, run #320...
Scenario: $r=3, $rho=0.235, $repetition=2
Assigned runID=MonetecFocusedSmallR-320-20260930-08:34:24-58
Setting up network "dect2020scheduledaccess.DectScheduledAccessNetwork"...
Initializing...

Running simulation...
** Event #0   t=0   Elapsed: 2.1e-05s (0m 00s)
     Speed:     ev/sec=0   simsec/sec=0   ev/simsec=0
     Messages:  created: 2   present: 2   in FES: 2
** Event #150067   t=172.519765328006   Elapsed: 0.015534s (0m 00s)
     Speed:     ev/sec=9.67425e+06   simsec/sec=11121.6   ev/simsec=869.858
     Messages:  created: 2   present: 2   in FES: 1

<!> Simulation stopped with endSimulation() -- in module (ScheduledAccessQueue) DectScheduledAccessNetwork.queue (id=2), at t=172.519765328006s, event #150067

Calling finish() at end of Run #320...

Preparing for running configuration MonetecFocusedSmallR, run #321...
Scenario: $r=3, $rho=0.240, $repetition=0
Assigned runID=MonetecFocusedSmallR-321-20260930-08:34:24-58
Setting up network "dect2020scheduledaccess.DectScheduledAccessNetwork"...
Initializing...

Running simulation...
** Event #0   t=0   Elapsed: 3e-06s (0m 00s)
     Speed:     ev/sec=0   simsec/sec=0   ev/simsec=0
     Messages:  created: 2   present: 2   in FES: 2
** Event #152208   t=172.287680386822   Elapsed: 0.015668s (0m 00s)
     Speed:     ev/sec=9.71706e+06   simsec/sec=10998.9   ev/simsec=883.455
     Messages:  created: 2   present: 2   in FES: 1

<!> Simulation stopped with endSimulation() -- in module (ScheduledAccessQueue) DectScheduledAccessNetwork.queue (id=2), at t=172.287680386822s, event #152208

Calling finish() at end of Run #321...

Preparing for running configuration MonetecFocusedSmallR, run #322...
Scenario: $r=3, $rho=0.240, $repetition=1
Assigned runID=MonetecFocusedSmallR-322-20260930-08:34:24-58
Setting up network "dect2020scheduledaccess.DectScheduledAccessNetwork"...
Initializing...

Running simulation...
** Event #0   t=0   Elapsed: 2.1e-05s (0m 00s)
     Speed:     ev/sec=0   simsec/sec=0   ev/simsec=0
     Messages:  created: 2   present: 2   in FES: 2
** Event #152238   t=172.380493616814   Elapsed: 0.01596s (0m 00s)
     Speed:     ev/sec=9.55189e+06   simsec/sec=10815.7   ev/simsec=883.153
     Messages:  created: 2   present: 2   in FES: 1

<!> Simulation stopped with endSimulation() -- in module (ScheduledAccessQueue) DectScheduledAccessNetwork.queue (id=2), at t=172.380493616814s, event #152238

Calling finish() at end of Run #322...

Preparing for running configuration MonetecFocusedSmallR, run #323...
Scenario: $r=3, $rho=0.240, $repetition=2
Assigned runID=MonetecFocusedSmallR-323-20260930-08:34:24-58
Setting up network "dect2020scheduledaccess.DectScheduledAccessNetwork"...
Initializing...

Running simulation...
** Event #0   t=0   Elapsed: 2.3e-05s (0m 00s)
     Speed:     ev/sec=0   simsec/sec=0   ev/simsec=0
     Messages:  created: 2   present: 2   in FES: 2
** Event #152156   t=172.502663748258   Elapsed: 0.015708s (0m 00s)
     Speed:     ev/sec=9.70197e+06   simsec/sec=10999.3   ev/simsec=882.051
     Messages:  created: 2   present: 2   in FES: 1

<!> Simulation stopped with endSimulation() -- in module (ScheduledAccessQueue) DectScheduledAccessNetwork.queue (id=2), at t=172.502663748258s, event #152156

Calling finish() at end of Run #323...

Preparing for running configuration MonetecFocusedSmallR, run #324...
Scenario: $r=3, $rho=0.245, $repetition=0
Assigned runID=MonetecFocusedSmallR-324-20260930-08:34:24-58
Setting up network "dect2020scheduledaccess.DectScheduledAccessNetwork"...
Initializing...

Running simulation...
** Event #0   t=0   Elapsed: 4e-06s (0m 00s)
     Speed:     ev/sec=0   simsec/sec=0   ev/simsec=0
     Messages:  created: 2   present: 2   in FES: 2
** Event #154660   t=172.395320585428   Elapsed: 0.016029s (0m 00s)
     Speed:     ev/sec=9.65117e+06   simsec/sec=10757.9   ev/simsec=897.126
     Messages:  created: 2   present: 2   in FES: 1

<!> Simulation stopped with endSimulation() -- in module (ScheduledAccessQueue) DectScheduledAccessNetwork.queue (id=2), at t=172.395320585428s, event #154660

Calling finish() at end of Run #324...

Preparing for running configuration MonetecFocusedSmallR, run #325...
Scenario: $r=3, $rho=0.245, $repetition=1
Assigned runID=MonetecFocusedSmallR-325-20260930-08:34:24-58
Setting up network "dect2020scheduledaccess.DectScheduledAccessNetwork"...
Initializing...

Running simulation...
** Event #0   t=0   Elapsed: 2.1e-05s (0m 00s)
     Speed:     ev/sec=0   simsec/sec=0   ev/simsec=0
     Messages:  created: 2   present: 2   in FES: 2
** Event #154125   t=172.291560451093   Elapsed: 0.016128s (0m 00s)
     Speed:     ev/sec=9.56882e+06   simsec/sec=10696.7   ev/simsec=894.559
     Messages:  created: 2   present: 2   in FES: 1

<!> Simulation stopped with endSimulation() -- in module (ScheduledAccessQueue) DectScheduledAccessNetwork.queue (id=2), at t=172.291560451093s, event #154125

Calling finish() at end of Run #325...

Preparing for running configuration MonetecFocusedSmallR, run #326...
Scenario: $r=3, $rho=0.245, $repetition=2
Assigned runID=MonetecFocusedSmallR-326-20260930-08:34:24-58
Setting up network "dect2020scheduledaccess.DectScheduledAccessNetwork"...
Initializing...

Running simulation...
** Event #0   t=0   Elapsed: 2.1e-05s (0m 00s)
     Speed:     ev/sec=0   simsec/sec=0   ev/simsec=0
     Messages:  created: 2   present: 2   in FES: 2
** Event #153852   t=172.355218188005   Elapsed: 0.015922s (0m 00s)
     Speed:     ev/sec=9.67562e+06   simsec/sec=10839.3   ev/simsec=892.646
     Messages:  created: 2   present: 2   in FES: 1

<!> Simulation stopped with endSimulation() -- in module (ScheduledAccessQueue) DectScheduledAccessNetwork.queue (id=2), at t=172.355218188005s, event #153852

Calling finish() at end of Run #326...

Preparing for running configuration MonetecFocusedSmallR, run #327...
Scenario: $r=3, $rho=0.250, $repetition=0
Assigned runID=MonetecFocusedSmallR-327-20260930-08:34:24-58
Setting up network "dect2020scheduledaccess.DectScheduledAccessNetwork"...
Initializing...

Running simulation...
** Event #0   t=0   Elapsed: 3e-06s (0m 00s)
     Speed:     ev/sec=0   simsec/sec=0   ev/simsec=0
     Messages:  created: 2   present: 2   in FES: 2
** Event #156499   t=172.295021101215   Elapsed: 0.020436s (0m 00s)
     Speed:     ev/sec=7.6595e+06   simsec/sec=8432.6   ev/simsec=908.32
     Messages:  created: 2   present: 2   in FES: 1

<!> Simulation stopped with endSimulation() -- in module (ScheduledAccessQueue) DectScheduledAccessNetwork.queue (id=2), at t=172.295021101215s, event #156499

Calling finish() at end of Run #327...

Preparing for running configuration MonetecFocusedSmallR, run #328...
Scenario: $r=3, $rho=0.250, $repetition=1
Assigned runID=MonetecFocusedSmallR-328-20260930-08:34:24-58
Setting up network "dect2020scheduledaccess.DectScheduledAccessNetwork"...
Initializing...

Running simulation...
** Event #0   t=0   Elapsed: 3e-06s (0m 00s)
     Speed:     ev/sec=0   simsec/sec=0   ev/simsec=0
     Messages:  created: 2   present: 2   in FES: 2
** Event #156215   t=172.27898711525   Elapsed: 0.016238s (0m 00s)
     Speed:     ev/sec=9.62271e+06   simsec/sec=10612.2   ev/simsec=906.756
     Messages:  created: 2   present: 2   in FES: 1

<!> Simulation stopped with endSimulation() -- in module (ScheduledAccessQueue) DectScheduledAccessNetwork.queue (id=2), at t=172.27898711525s, event #156215

Calling finish() at end of Run #328...

Preparing for running configuration MonetecFocusedSmallR, run #329...
Scenario: $r=3, $rho=0.250, $repetition=2
Assigned runID=MonetecFocusedSmallR-329-20260930-08:34:24-58
Setting up network "dect2020scheduledaccess.DectScheduledAccessNetwork"...
Initializing...

Running simulation...
** Event #0   t=0   Elapsed: 3e-06s (0m 00s)
     Speed:     ev/sec=0   simsec/sec=0   ev/simsec=0
     Messages:  created: 2   present: 2   in FES: 2
** Event #155915   t=172.280402726742   Elapsed: 0.01604s (0m 00s)
     Speed:     ev/sec=9.7222e+06   simsec/sec=10742.7   ev/simsec=905.008
     Messages:  created: 2   present: 2   in FES: 1

<!> Simulation stopped with endSimulation() -- in module (ScheduledAccessQueue) DectScheduledAccessNetwork.queue (id=2), at t=172.280402726742s, event #155915

Calling finish() at end of Run #329...

Preparing for running configuration MonetecFocusedSmallR, run #330...
Scenario: $r=3, $rho=0.255, $repetition=0
Assigned runID=MonetecFocusedSmallR-330-20260930-08:34:24-58
Setting up network "dect2020scheduledaccess.DectScheduledAccessNetwork"...
Initializing...

Running simulation...
** Event #0   t=0   Elapsed: 3e-06s (0m 00s)
     Speed:     ev/sec=0   simsec/sec=0   ev/simsec=0
     Messages:  created: 2   present: 2   in FES: 2
** Event #158619   t=172.316969145304   Elapsed: 0.016242s (0m 00s)
     Speed:     ev/sec=9.76778e+06   simsec/sec=10611.3   ev/simsec=920.508
     Messages:  created: 2   present: 2   in FES: 1

<!> Simulation stopped with endSimulation() -- in module (ScheduledAccessQueue) DectScheduledAccessNetwork.queue (id=2), at t=172.316969145304s, event #158619

Calling finish() at end of Run #330...

Preparing for running configuration MonetecFocusedSmallR, run #331...
Scenario: $r=3, $rho=0.255, $repetition=1
Assigned runID=MonetecFocusedSmallR-331-20260930-08:34:25-58
Setting up network "dect2020scheduledaccess.DectScheduledAccessNetwork"...
Initializing...

Running simulation...
** Event #0   t=0   Elapsed: 1.9e-05s (0m 00s)
     Speed:     ev/sec=0   simsec/sec=0   ev/simsec=0
     Messages:  created: 2   present: 2   in FES: 2
** Event #158578   t=172.337268809985   Elapsed: 0.016205s (0m 00s)
     Speed:     ev/sec=9.79723e+06   simsec/sec=10647.3   ev/simsec=920.162
     Messages:  created: 2   present: 2   in FES: 1

<!> Simulation stopped with endSimulation() -- in module (ScheduledAccessQueue) DectScheduledAccessNetwork.queue (id=2), at t=172.337268809985s, event #158578

Calling finish() at end of Run #331...

Preparing for running configuration MonetecFocusedSmallR, run #332...
Scenario: $r=3, $rho=0.255, $repetition=2
Assigned runID=MonetecFocusedSmallR-332-20260930-08:34:25-58
Setting up network "dect2020scheduledaccess.DectScheduledAccessNetwork"...
Initializing...

Running simulation...
** Event #0   t=0   Elapsed: 1.5e-05s (0m 00s)
     Speed:     ev/sec=0   simsec/sec=0   ev/simsec=0
     Messages:  created: 2   present: 2   in FES: 2
** Event #158073   t=172.288573064343   Elapsed: 0.016234s (0m 00s)
     Speed:     ev/sec=9.74676e+06   simsec/sec=10623.3   ev/simsec=917.492
     Messages:  created: 2   present: 2   in FES: 1

<!> Simulation stopped with endSimulation() -- in module (ScheduledAccessQueue) DectScheduledAccessNetwork.queue (id=2), at t=172.288573064343s, event #158073

Calling finish() at end of Run #332...

Preparing for running configuration MonetecFocusedSmallR, run #333...
Scenario: $r=3, $rho=0.260, $repetition=0
Assigned runID=MonetecFocusedSmallR-333-20260930-08:34:25-58
Setting up network "dect2020scheduledaccess.DectScheduledAccessNetwork"...
Initializing...

Running simulation...
** Event #0   t=0   Elapsed: 4.6e-05s (0m 00s)
     Speed:     ev/sec=0   simsec/sec=0   ev/simsec=0
     Messages:  created: 2   present: 2   in FES: 2
** Event #160510   t=172.259201815355   Elapsed: 0.016622s (0m 00s)
     Speed:     ev/sec=9.68386e+06   simsec/sec=10392.7   ev/simsec=931.798
     Messages:  created: 2   present: 2   in FES: 1

<!> Simulation stopped with endSimulation() -- in module (ScheduledAccessQueue) DectScheduledAccessNetwork.queue (id=2), at t=172.259201815355s, event #160510

Calling finish() at end of Run #333...

Preparing for running configuration MonetecFocusedSmallR, run #334...
Scenario: $r=3, $rho=0.260, $repetition=1
Assigned runID=MonetecFocusedSmallR-334-20260930-08:34:25-58
Setting up network "dect2020scheduledaccess.DectScheduledAccessNetwork"...
Initializing...

Running simulation...
** Event #0   t=0   Elapsed: 2e-05s (0m 00s)
     Speed:     ev/sec=0   simsec/sec=0   ev/simsec=0
     Messages:  created: 2   present: 2   in FES: 2
** Event #160246   t=172.213152186729   Elapsed: 0.016365s (0m 00s)
     Speed:     ev/sec=9.80398e+06   simsec/sec=10536.1   ev/simsec=930.511
     Messages:  created: 2   present: 2   in FES: 1

<!> Simulation stopped with endSimulation() -- in module (ScheduledAccessQueue) DectScheduledAccessNetwork.queue (id=2), at t=172.213152186729s, event #160246

Calling finish() at end of Run #334...

Preparing for running configuration MonetecFocusedSmallR, run #335...
Scenario: $r=3, $rho=0.260, $repetition=2
Assigned runID=MonetecFocusedSmallR-335-20260930-08:34:25-58
Setting up network "dect2020scheduledaccess.DectScheduledAccessNetwork"...
Initializing...

Running simulation...
** Event #0   t=0   Elapsed: 3e-06s (0m 00s)
     Speed:     ev/sec=0   simsec/sec=0   ev/simsec=0
     Messages:  created: 2   present: 2   in FES: 2
** Event #159940   t=172.180997151156   Elapsed: 0.016366s (0m 00s)
     Speed:     ev/sec=9.77449e+06   simsec/sec=10522.6   ev/simsec=928.907
     Messages:  created: 2   present: 2   in FES: 1

<!> Simulation stopped with endSimulation() -- in module (ScheduledAccessQueue) DectScheduledAccessNetwork.queue (id=2), at t=172.180997151156s, event #159940

Calling finish() at end of Run #335...

Preparing for running configuration MonetecFocusedSmallR, run #336...
Scenario: $r=3, $rho=0.265, $repetition=0
Assigned runID=MonetecFocusedSmallR-336-20260930-08:34:25-58
Setting up network "dect2020scheduledaccess.DectScheduledAccessNetwork"...
Initializing...

Running simulation...
** Event #0   t=0   Elapsed: 3e-06s (0m 00s)
     Speed:     ev/sec=0   simsec/sec=0   ev/simsec=0
     Messages:  created: 2   present: 2   in FES: 2
** Event #162415   t=172.166811998935   Elapsed: 0.016484s (0m 00s)
     Speed:     ev/sec=9.85528e+06   simsec/sec=10447   ev/simsec=943.359
     Messages:  created: 2   present: 2   in FES: 1

<!> Simulation stopped with endSimulation() -- in module (ScheduledAccessQueue) DectScheduledAccessNetwork.queue (id=2), at t=172.166811998935s, event #162415

Calling finish() at end of Run #336...

Preparing for running configuration MonetecFocusedSmallR, run #337...
Scenario: $r=3, $rho=0.265, $repetition=1
Assigned runID=MonetecFocusedSmallR-337-20260930-08:34:25-58
Setting up network "dect2020scheduledaccess.DectScheduledAccessNetwork"...
Initializing...

Running simulation...
** Event #0   t=0   Elapsed: 3e-06s (0m 00s)
     Speed:     ev/sec=0   simsec/sec=0   ev/simsec=0
     Messages:  created: 2   present: 2   in FES: 2
** Event #162386   t=172.201405055873   Elapsed: 0.016569s (0m 00s)
     Speed:     ev/sec=9.80237e+06   simsec/sec=10394.8   ev/simsec=943.005
     Messages:  created: 2   present: 2   in FES: 1

<!> Simulation stopped with endSimulation() -- in module (ScheduledAccessQueue) DectScheduledAccessNetwork.queue (id=2), at t=172.201405055873s, event #162386

Calling finish() at end of Run #337...

Preparing for running configuration MonetecFocusedSmallR, run #338...
Scenario: $r=3, $rho=0.265, $repetition=2
Assigned runID=MonetecFocusedSmallR-338-20260930-08:34:25-58
Setting up network "dect2020scheduledaccess.DectScheduledAccessNetwork"...
Initializing...

Running simulation...
** Event #0   t=0   Elapsed: 3e-06s (0m 00s)
     Speed:     ev/sec=0   simsec/sec=0   ev/simsec=0
     Messages:  created: 2   present: 2   in FES: 2
** Event #162000   t=172.205657975769   Elapsed: 0.016492s (0m 00s)
     Speed:     ev/sec=9.82533e+06   simsec/sec=10444.3   ev/simsec=940.736
     Messages:  created: 2   present: 2   in FES: 1

<!> Simulation stopped with endSimulation() -- in module (ScheduledAccessQueue) DectScheduledAccessNetwork.queue (id=2), at t=172.205657975769s, event #162000

Calling finish() at end of Run #338...

Preparing for running configuration MonetecFocusedSmallR, run #339...
Scenario: $r=3, $rho=0.270, $repetition=0
Assigned runID=MonetecFocusedSmallR-339-20260930-08:34:25-58
Setting up network "dect2020scheduledaccess.DectScheduledAccessNetwork"...
Initializing...

Running simulation...
** Event #0   t=0   Elapsed: 2.3e-05s (0m 00s)
     Speed:     ev/sec=0   simsec/sec=0   ev/simsec=0
     Messages:  created: 2   present: 2   in FES: 2
** Event #164678   t=172.242692994438   Elapsed: 0.016812s (0m 00s)
     Speed:     ev/sec=9.80868e+06   simsec/sec=10259.3   ev/simsec=956.082
     Messages:  created: 2   present: 2   in FES: 1

<!> Simulation stopped with endSimulation() -- in module (ScheduledAccessQueue) DectScheduledAccessNetwork.queue (id=2), at t=172.242692994438s, event #164678

Calling finish() at end of Run #339...

Preparing for running configuration MonetecFocusedSmallR, run #340...
Scenario: $r=3, $rho=0.270, $repetition=1
Assigned runID=MonetecFocusedSmallR-340-20260930-08:34:25-58
Setting up network "dect2020scheduledaccess.DectScheduledAccessNetwork"...
Initializing...

Running simulation...
** Event #0   t=0   Elapsed: 3e-06s (0m 00s)
     Speed:     ev/sec=0   simsec/sec=0   ev/simsec=0
     Messages:  created: 2   present: 2   in FES: 2
** Event #164586   t=172.253267821475   Elapsed: 0.016804s (0m 00s)
     Speed:     ev/sec=9.79679e+06   simsec/sec=10253.2   ev/simsec=955.489
     Messages:  created: 2   present: 2   in FES: 1

<!> Simulation stopped with endSimulation() -- in module (ScheduledAccessQueue) DectScheduledAccessNetwork.queue (id=2), at t=172.253267821475s, event #164586

Calling finish() at end of Run #340...

Preparing for running configuration MonetecFocusedSmallR, run #341...
Scenario: $r=3, $rho=0.270, $repetition=2
Assigned runID=MonetecFocusedSmallR-341-20260930-08:34:25-58
Setting up network "dect2020scheduledaccess.DectScheduledAccessNetwork"...
Initializing...

Running simulation...
** Event #0   t=0   Elapsed: 3e-06s (0m 00s)
     Speed:     ev/sec=0   simsec/sec=0   ev/simsec=0
     Messages:  created: 2   present: 2   in FES: 2
** Event #164161   t=172.190517823007   Elapsed: 0.016696s (0m 00s)
     Speed:     ev/sec=9.83412e+06   simsec/sec=10315.1   ev/simsec=953.369
     Messages:  created: 2   present: 2   in FES: 1

<!> Simulation stopped with endSimulation() -- in module (ScheduledAccessQueue) DectScheduledAccessNetwork.queue (id=2), at t=172.190517823007s, event #164161

Calling finish() at end of Run #341...

Preparing for running configuration MonetecFocusedSmallR, run #342...
Scenario: $r=3, $rho=0.275, $repetition=0
Assigned runID=MonetecFocusedSmallR-342-20260930-08:34:25-58
Setting up network "dect2020scheduledaccess.DectScheduledAccessNetwork"...
Initializing...

Running simulation...
** Event #0   t=0   Elapsed: 2.4e-05s (0m 00s)
     Speed:     ev/sec=0   simsec/sec=0   ev/simsec=0
     Messages:  created: 2   present: 2   in FES: 2
** Event #166567   t=172.128805986899   Elapsed: 0.016942s (0m 00s)
     Speed:     ev/sec=9.84555e+06   simsec/sec=10174.2   ev/simsec=967.695
     Messages:  created: 2   present: 2   in FES: 1

<!> Simulation stopped with endSimulation() -- in module (ScheduledAccessQueue) DectScheduledAccessNetwork.queue (id=2), at t=172.128805986899s, event #166567

Calling finish() at end of Run #342...

Preparing for running configuration MonetecFocusedSmallR, run #343...
Scenario: $r=3, $rho=0.275, $repetition=1
Assigned runID=MonetecFocusedSmallR-343-20260930-08:34:25-58
Setting up network "dect2020scheduledaccess.DectScheduledAccessNetwork"...
Initializing...

Running simulation...
** Event #0   t=0   Elapsed: 3e-06s (0m 00s)
     Speed:     ev/sec=0   simsec/sec=0   ev/simsec=0
     Messages:  created: 2   present: 2   in FES: 2
** Event #166350   t=172.13071286081   Elapsed: 0.016969s (0m 00s)
     Speed:     ev/sec=9.80548e+06   simsec/sec=10146.2   ev/simsec=966.418
     Messages:  created: 2   present: 2   in FES: 1

<!> Simulation stopped with endSimulation() -- in module (ScheduledAccessQueue) DectScheduledAccessNetwork.queue (id=2), at t=172.13071286081s, event #166350

Calling finish() at end of Run #343...

Preparing for running configuration MonetecFocusedSmallR, run #344...
Scenario: $r=3, $rho=0.275, $repetition=2
Assigned runID=MonetecFocusedSmallR-344-20260930-08:34:25-58
Setting up network "dect2020scheduledaccess.DectScheduledAccessNetwork"...
Initializing...

Running simulation...
** Event #0   t=0   Elapsed: 3e-06s (0m 00s)
     Speed:     ev/sec=0   simsec/sec=0   ev/simsec=0
     Messages:  created: 2   present: 2   in FES: 2
** Event #166512   t=172.297206790786   Elapsed: 0.017462s (0m 00s)
     Speed:     ev/sec=9.53786e+06   simsec/sec=9869.22   ev/simsec=966.425
     Messages:  created: 2   present: 2   in FES: 1

<!> Simulation stopped with endSimulation() -- in module (ScheduledAccessQueue) DectScheduledAccessNetwork.queue (id=2), at t=172.297206790786s, event #166512

Calling finish() at end of Run #344...

Preparing for running configuration MonetecFocusedSmallR, run #345...
Scenario: $r=3, $rho=0.280, $repetition=0
Assigned runID=MonetecFocusedSmallR-345-20260930-08:34:25-58
Setting up network "dect2020scheduledaccess.DectScheduledAccessNetwork"...
Initializing...

Running simulation...
** Event #0   t=0   Elapsed: 2.8e-05s (0m 00s)
     Speed:     ev/sec=0   simsec/sec=0   ev/simsec=0
     Messages:  created: 2   present: 2   in FES: 2
** Event #168599   t=172.123782418755   Elapsed: 0.017232s (0m 00s)
     Speed:     ev/sec=9.79999e+06   simsec/sec=10004.9   ev/simsec=979.524
     Messages:  created: 2   present: 2   in FES: 1

<!> Simulation stopped with endSimulation() -- in module (ScheduledAccessQueue) DectScheduledAccessNetwork.queue (id=2), at t=172.123782418755s, event #168599

Calling finish() at end of Run #345...

Preparing for running configuration MonetecFocusedSmallR, run #346...
Scenario: $r=3, $rho=0.280, $repetition=1
Assigned runID=MonetecFocusedSmallR-346-20260930-08:34:25-58
Setting up network "dect2020scheduledaccess.DectScheduledAccessNetwork"...
Initializing...

Running simulation...
** Event #0   t=0   Elapsed: 4e-06s (0m 00s)
     Speed:     ev/sec=0   simsec/sec=0   ev/simsec=0
     Messages:  created: 2   present: 2   in FES: 2
** Event #168967   t=172.294585136077   Elapsed: 0.017148s (0m 00s)
     Speed:     ev/sec=9.85518e+06   simsec/sec=10049.3   ev/simsec=980.687
     Messages:  created: 2   present: 2   in FES: 1

<!> Simulation stopped with endSimulation() -- in module (ScheduledAccessQueue) DectScheduledAccessNetwork.queue (id=2), at t=172.294585136077s, event #168967

Calling finish() at end of Run #346...

Preparing for running configuration MonetecFocusedSmallR, run #347...
Scenario: $r=3, $rho=0.280, $repetition=2
Assigned runID=MonetecFocusedSmallR-347-20260930-08:34:25-58
Setting up network "dect2020scheduledaccess.DectScheduledAccessNetwork"...
Initializing...

Running simulation...
** Event #0   t=0   Elapsed: 3e-06s (0m 00s)
     Speed:     ev/sec=0   simsec/sec=0   ev/simsec=0
     Messages:  created: 2   present: 2   in FES: 2
** Event #168529   t=172.249140151701   Elapsed: 0.017126s (0m 00s)
     Speed:     ev/sec=9.84283e+06   simsec/sec=10060.1   ev/simsec=978.407
     Messages:  created: 2   present: 2   in FES: 1

<!> Simulation stopped with endSimulation() -- in module (ScheduledAccessQueue) DectScheduledAccessNetwork.queue (id=2), at t=172.249140151701s, event #168529

Calling finish() at end of Run #347...

Preparing for running configuration MonetecFocusedSmallR, run #348...
Scenario: $r=3, $rho=0.285, $repetition=0
Assigned runID=MonetecFocusedSmallR-348-20260930-08:34:25-58
Setting up network "dect2020scheduledaccess.DectScheduledAccessNetwork"...
Initializing...

Running simulation...
** Event #0   t=0   Elapsed: 3e-06s (0m 00s)
     Speed:     ev/sec=0   simsec/sec=0   ev/simsec=0
     Messages:  created: 2   present: 2   in FES: 2
** Event #170741   t=172.13834285263   Elapsed: 0.017492s (0m 00s)
     Speed:     ev/sec=9.76332e+06   simsec/sec=9843.22   ev/simsec=991.883
     Messages:  created: 2   present: 2   in FES: 1

<!> Simulation stopped with endSimulation() -- in module (ScheduledAccessQueue) DectScheduledAccessNetwork.queue (id=2), at t=172.13834285263s, event #170741

Calling finish() at end of Run #348...

Preparing for running configuration MonetecFocusedSmallR, run #349...
Scenario: $r=3, $rho=0.285, $repetition=1
Assigned runID=MonetecFocusedSmallR-349-20260930-08:34:25-58
Setting up network "dect2020scheduledaccess.DectScheduledAccessNetwork"...
Initializing...

Running simulation...
** Event #0   t=0   Elapsed: 3e-06s (0m 00s)
     Speed:     ev/sec=0   simsec/sec=0   ev/simsec=0
     Messages:  created: 2   present: 2   in FES: 2
** Event #170803   t=172.221779930438   Elapsed: 0.018939s (0m 00s)
     Speed:     ev/sec=9.02049e+06   simsec/sec=9095.42   ev/simsec=991.762
     Messages:  created: 2   present: 2   in FES: 1

<!> Simulation stopped with endSimulation() -- in module (ScheduledAccessQueue) DectScheduledAccessNetwork.queue (id=2), at t=172.221779930438s, event #170803

Calling finish() at end of Run #349...

Preparing for running configuration MonetecFocusedSmallR, run #350...
Scenario: $r=3, $rho=0.285, $repetition=2
Assigned runID=MonetecFocusedSmallR-350-20260930-08:34:25-58
Setting up network "dect2020scheduledaccess.DectScheduledAccessNetwork"...
Initializing...

Running simulation...
** Event #0   t=0   Elapsed: 3e-06s (0m 00s)
     Speed:     ev/sec=0   simsec/sec=0   ev/simsec=0
     Messages:  created: 2   present: 2   in FES: 2
** Event #170455   t=172.214763831917   Elapsed: 0.017577s (0m 00s)
     Speed:     ev/sec=9.69982e+06   simsec/sec=9799.96   ev/simsec=989.782
     Messages:  created: 2   present: 2   in FES: 1

<!> Simulation stopped with endSimulation() -- in module (ScheduledAccessQueue) DectScheduledAccessNetwork.queue (id=2), at t=172.214763831917s, event #170455

Calling finish() at end of Run #350...

Preparing for running configuration MonetecFocusedSmallR, run #351...
Scenario: $r=3, $rho=0.290, $repetition=0
Assigned runID=MonetecFocusedSmallR-351-20260930-08:34:25-58
Setting up network "dect2020scheduledaccess.DectScheduledAccessNetwork"...
Initializing...

Running simulation...
** Event #0   t=0   Elapsed: 3e-06s (0m 00s)
     Speed:     ev/sec=0   simsec/sec=0   ev/simsec=0
     Messages:  created: 2   present: 2   in FES: 2
** Event #173054   t=172.254638741671   Elapsed: 0.017506s (0m 00s)
     Speed:     ev/sec=9.88711e+06   simsec/sec=9841.43   ev/simsec=1004.64
     Messages:  created: 2   present: 2   in FES: 1

<!> Simulation stopped with endSimulation() -- in module (ScheduledAccessQueue) DectScheduledAccessNetwork.queue (id=2), at t=172.254638741671s, event #173054

Calling finish() at end of Run #351...

Preparing for running configuration MonetecFocusedSmallR, run #352...
Scenario: $r=3, $rho=0.290, $repetition=1
Assigned runID=MonetecFocusedSmallR-352-20260930-08:34:25-58
Setting up network "dect2020scheduledaccess.DectScheduledAccessNetwork"...
Initializing...

Running simulation...
** Event #0   t=0   Elapsed: 4e-06s (0m 00s)
     Speed:     ev/sec=0   simsec/sec=0   ev/simsec=0
     Messages:  created: 2   present: 2   in FES: 2
** Event #172507   t=172.068833996938   Elapsed: 0.017493s (0m 00s)
     Speed:     ev/sec=9.86431e+06   simsec/sec=9839.22   ev/simsec=1002.55
     Messages:  created: 2   present: 2   in FES: 1

<!> Simulation stopped with endSimulation() -- in module (ScheduledAccessQueue) DectScheduledAccessNetwork.queue (id=2), at t=172.068833996938s, event #172507

Calling finish() at end of Run #352...

Preparing for running configuration MonetecFocusedSmallR, run #353...
Scenario: $r=3, $rho=0.290, $repetition=2
Assigned runID=MonetecFocusedSmallR-353-20260930-08:34:25-58
Setting up network "dect2020scheduledaccess.DectScheduledAccessNetwork"...
Initializing...

Running simulation...
** Event #0   t=0   Elapsed: 3e-06s (0m 00s)
     Speed:     ev/sec=0   simsec/sec=0   ev/simsec=0
     Messages:  created: 2   present: 2   in FES: 2
** Event #172520   t=172.200302881949   Elapsed: 0.017604s (0m 00s)
     Speed:     ev/sec=9.80227e+06   simsec/sec=9784.11   ev/simsec=1001.86
     Messages:  created: 2   present: 2   in FES: 1

<!> Simulation stopped with endSimulation() -- in module (ScheduledAccessQueue) DectScheduledAccessNetwork.queue (id=2), at t=172.200302881949s, event #172520

Calling finish() at end of Run #353...

Preparing for running configuration MonetecFocusedSmallR, run #354...
Scenario: $r=3, $rho=0.295, $repetition=0
Assigned runID=MonetecFocusedSmallR-354-20260930-08:34:25-58
Setting up network "dect2020scheduledaccess.DectScheduledAccessNetwork"...
Initializing...

Running simulation...
** Event #0   t=0   Elapsed: 3e-06s (0m 00s)
     Speed:     ev/sec=0   simsec/sec=0   ev/simsec=0
     Messages:  created: 2   present: 2   in FES: 2
** Event #174508   t=172.023570179727   Elapsed: 0.017749s (0m 00s)
     Speed:     ev/sec=9.83421e+06   simsec/sec=9694.09   ev/simsec=1014.45
     Messages:  created: 2   present: 2   in FES: 1

<!> Simulation stopped with endSimulation() -- in module (ScheduledAccessQueue) DectScheduledAccessNetwork.queue (id=2), at t=172.023570179727s, event #174508

Calling finish() at end of Run #354...

Preparing for running configuration MonetecFocusedSmallR, run #355...
Scenario: $r=3, $rho=0.295, $repetition=1
Assigned runID=MonetecFocusedSmallR-355-20260930-08:34:25-58
Setting up network "dect2020scheduledaccess.DectScheduledAccessNetwork"...
Initializing...

Running simulation...
** Event #0   t=0   Elapsed: 3e-06s (0m 00s)
     Speed:     ev/sec=0   simsec/sec=0   ev/simsec=0
     Messages:  created: 2   present: 2   in FES: 2
** Event #174948   t=172.168582179968   Elapsed: 0.017866s (0m 00s)
     Speed:     ev/sec=9.79388e+06   simsec/sec=9638.28   ev/simsec=1016.14
     Messages:  created: 2   present: 2   in FES: 1

<!> Simulation stopped with endSimulation() -- in module (ScheduledAccessQueue) DectScheduledAccessNetwork.queue (id=2), at t=172.168582179968s, event #174948

Calling finish() at end of Run #355...

Preparing for running configuration MonetecFocusedSmallR, run #356...
Scenario: $r=3, $rho=0.295, $repetition=2
Assigned runID=MonetecFocusedSmallR-356-20260930-08:34:25-58
Setting up network "dect2020scheduledaccess.DectScheduledAccessNetwork"...
Initializing...

Running simulation...
** Event #0   t=0   Elapsed: 3e-06s (0m 00s)
     Speed:     ev/sec=0   simsec/sec=0   ev/simsec=0
     Messages:  created: 2   present: 2   in FES: 2
** Event #174358   t=172.090097993982   Elapsed: 0.017813s (0m 00s)
     Speed:     ev/sec=9.78989e+06   simsec/sec=9662.48   ev/simsec=1013.19
     Messages:  created: 2   present: 2   in FES: 1

<!> Simulation stopped with endSimulation() -- in module (ScheduledAccessQueue) DectScheduledAccessNetwork.queue (id=2), at t=172.090097993982s, event #174358

Calling finish() at end of Run #356...

Preparing for running configuration MonetecFocusedSmallR, run #357...
Scenario: $r=3, $rho=0.300, $repetition=0
Assigned runID=MonetecFocusedSmallR-357-20260930-08:34:25-58
Setting up network "dect2020scheduledaccess.DectScheduledAccessNetwork"...
Initializing...

Running simulation...
** Event #0   t=0   Elapsed: 4e-06s (0m 00s)
     Speed:     ev/sec=0   simsec/sec=0   ev/simsec=0
     Messages:  created: 2   present: 2   in FES: 2
** Event #176803   t=172.060172406476   Elapsed: 0.018098s (0m 00s)
     Speed:     ev/sec=9.77136e+06   simsec/sec=9509.22   ev/simsec=1027.57
     Messages:  created: 2   present: 2   in FES: 1

<!> Simulation stopped with endSimulation() -- in module (ScheduledAccessQueue) DectScheduledAccessNetwork.queue (id=2), at t=172.060172406476s, event #176803

Calling finish() at end of Run #357...

Preparing for running configuration MonetecFocusedSmallR, run #358...
Scenario: $r=3, $rho=0.300, $repetition=1
Assigned runID=MonetecFocusedSmallR-358-20260930-08:34:25-58
Setting up network "dect2020scheduledaccess.DectScheduledAccessNetwork"...
Initializing...

Running simulation...
** Event #0   t=0   Elapsed: 3e-06s (0m 00s)
     Speed:     ev/sec=0   simsec/sec=0   ev/simsec=0
     Messages:  created: 2   present: 2   in FES: 2
** Event #176820   t=172.09056889391   Elapsed: 0.017956s (0m 00s)
     Speed:     ev/sec=9.84905e+06   simsec/sec=9585.61   ev/simsec=1027.48
     Messages:  created: 2   present: 2   in FES: 1

<!> Simulation stopped with endSimulation() -- in module (ScheduledAccessQueue) DectScheduledAccessNetwork.queue (id=2), at t=172.09056889391s, event #176820

Calling finish() at end of Run #358...

Preparing for running configuration MonetecFocusedSmallR, run #359...
Scenario: $r=3, $rho=0.300, $repetition=2
Assigned runID=MonetecFocusedSmallR-359-20260930-08:34:25-58
Setting up network "dect2020scheduledaccess.DectScheduledAccessNetwork"...
Initializing...

Running simulation...
** Event #0   t=0   Elapsed: 3e-06s (0m 00s)
     Speed:     ev/sec=0   simsec/sec=0   ev/simsec=0
     Messages:  created: 2   present: 2   in FES: 2
** Event #176923   t=172.232337515753   Elapsed: 0.018077s (0m 00s)
     Speed:     ev/sec=9.78935e+06   simsec/sec=9529.81   ev/simsec=1027.24
     Messages:  created: 2   present: 2   in FES: 1

<!> Simulation stopped with endSimulation() -- in module (ScheduledAccessQueue) DectScheduledAccessNetwork.queue (id=2), at t=172.232337515753s, event #176923

Calling finish() at end of Run #359...

Preparing for running configuration MonetecFocusedSmallR, run #360...
Scenario: $r=7, $rho=0.005, $repetition=0
Assigned runID=MonetecFocusedSmallR-360-20260930-08:34:25-58
Setting up network "dect2020scheduledaccess.DectScheduledAccessNetwork"...
Initializing...

Running simulation...
** Event #0   t=0   Elapsed: 3e-06s (0m 00s)
     Speed:     ev/sec=0   simsec/sec=0   ev/simsec=0
     Messages:  created: 2   present: 2   in FES: 2
** Event #389119   t=2886.613252335852   Elapsed: 0.029985s (0m 00s)
     Speed:     ev/sec=1.29789e+07   simsec/sec=96281.4   ev/simsec=134.801
     Messages:  created: 2   present: 2   in FES: 1

<!> Simulation stopped with endSimulation() -- in module (ScheduledAccessQueue) DectScheduledAccessNetwork.queue (id=2), at t=2886.613252335852s, event #389119

Calling finish() at end of Run #360...

Preparing for running configuration MonetecFocusedSmallR, run #361...
Scenario: $r=7, $rho=0.005, $repetition=1
Assigned runID=MonetecFocusedSmallR-361-20260930-08:34:25-58
Setting up network "dect2020scheduledaccess.DectScheduledAccessNetwork"...
Initializing...

Running simulation...
** Event #0   t=0   Elapsed: 3e-06s (0m 00s)
     Speed:     ev/sec=0   simsec/sec=0   ev/simsec=0
     Messages:  created: 2   present: 2   in FES: 2
** Event #392466   t=2916.726505529272   Elapsed: 0.029891s (0m 00s)
     Speed:     ev/sec=1.31312e+07   simsec/sec=97588.5   ev/simsec=134.557
     Messages:  created: 2   present: 2   in FES: 1

<!> Simulation stopped with endSimulation() -- in module (ScheduledAccessQueue) DectScheduledAccessNetwork.queue (id=2), at t=2916.726505529272s, event #392466

Calling finish() at end of Run #361...

Preparing for running configuration MonetecFocusedSmallR, run #362...
Scenario: $r=7, $rho=0.005, $repetition=2
Assigned runID=MonetecFocusedSmallR-362-20260930-08:34:25-58
Setting up network "dect2020scheduledaccess.DectScheduledAccessNetwork"...
Initializing...

Running simulation...
** Event #0   t=0   Elapsed: 3e-06s (0m 00s)
     Speed:     ev/sec=0   simsec/sec=0   ev/simsec=0
     Messages:  created: 2   present: 2   in FES: 2
** Event #389795   t=2892.738498770359   Elapsed: 0.029735s (0m 00s)
     Speed:     ev/sec=1.31107e+07   simsec/sec=97297   ev/simsec=134.75
     Messages:  created: 2   present: 2   in FES: 1

<!> Simulation stopped with endSimulation() -- in module (ScheduledAccessQueue) DectScheduledAccessNetwork.queue (id=2), at t=2892.738498770359s, event #389795

Calling finish() at end of Run #362...

Preparing for running configuration MonetecFocusedSmallR, run #363...
Scenario: $r=7, $rho=0.010, $repetition=0
Assigned runID=MonetecFocusedSmallR-363-20260930-08:34:25-58
Setting up network "dect2020scheduledaccess.DectScheduledAccessNetwork"...
Initializing...

Running simulation...
** Event #0   t=0   Elapsed: 3e-06s (0m 00s)
     Speed:     ev/sec=0   simsec/sec=0   ev/simsec=0
     Messages:  created: 2   present: 2   in FES: 2
** Event #228785   t=1443.596070388846   Elapsed: 0.018951s (0m 00s)
     Speed:     ev/sec=1.2075e+07   simsec/sec=76191.3   ev/simsec=158.483
     Messages:  created: 2   present: 2   in FES: 1

<!> Simulation stopped with endSimulation() -- in module (ScheduledAccessQueue) DectScheduledAccessNetwork.queue (id=2), at t=1443.596070388846s, event #228785

Calling finish() at end of Run #363...

Preparing for running configuration MonetecFocusedSmallR, run #364...
Scenario: $r=7, $rho=0.010, $repetition=1
Assigned runID=MonetecFocusedSmallR-364-20260930-08:34:25-58
Setting up network "dect2020scheduledaccess.DectScheduledAccessNetwork"...
Initializing...

Running simulation...
** Event #0   t=0   Elapsed: 3e-06s (0m 00s)
     Speed:     ev/sec=0   simsec/sec=0   ev/simsec=0
     Messages:  created: 2   present: 2   in FES: 2
** Event #230706   t=1460.861580971635   Elapsed: 0.018995s (0m 00s)
     Speed:     ev/sec=1.21475e+07   simsec/sec=76919.8   ev/simsec=157.925
     Messages:  created: 2   present: 2   in FES: 1

<!> Simulation stopped with endSimulation() -- in module (ScheduledAccessQueue) DectScheduledAccessNetwork.queue (id=2), at t=1460.861580971635s, event #230706

Calling finish() at end of Run #364...

Preparing for running configuration MonetecFocusedSmallR, run #365...
Scenario: $r=7, $rho=0.010, $repetition=2
Assigned runID=MonetecFocusedSmallR-365-20260930-08:34:25-58
Setting up network "dect2020scheduledaccess.DectScheduledAccessNetwork"...
Initializing...

Running simulation...
** Event #0   t=0   Elapsed: 3e-06s (0m 00s)
     Speed:     ev/sec=0   simsec/sec=0   ev/simsec=0
     Messages:  created: 2   present: 2   in FES: 2
** Event #229087   t=1446.36652092372   Elapsed: 0.018898s (0m 00s)
     Speed:     ev/sec=1.21249e+07   simsec/sec=76551.5   ev/simsec=158.388
     Messages:  created: 2   present: 2   in FES: 1

<!> Simulation stopped with endSimulation() -- in module (ScheduledAccessQueue) DectScheduledAccessNetwork.queue (id=2), at t=1446.36652092372s, event #229087

Calling finish() at end of Run #365...

Preparing for running configuration MonetecFocusedSmallR, run #366...
Scenario: $r=7, $rho=0.015, $repetition=0
Assigned runID=MonetecFocusedSmallR-366-20260930-08:34:25-58
Setting up network "dect2020scheduledaccess.DectScheduledAccessNetwork"...
Initializing...

Running simulation...
** Event #0   t=0   Elapsed: 4e-06s (0m 00s)
     Speed:     ev/sec=0   simsec/sec=0   ev/simsec=0
     Messages:  created: 2   present: 2   in FES: 2
** Event #175351   t=962.685764490582   Elapsed: 0.01509s (0m 00s)
     Speed:     ev/sec=1.16227e+07   simsec/sec=63809   ev/simsec=182.148
     Messages:  created: 2   present: 2   in FES: 1

<!> Simulation stopped with endSimulation() -- in module (ScheduledAccessQueue) DectScheduledAccessNetwork.queue (id=2), at t=962.685764490582s, event #175351

Calling finish() at end of Run #366...

Preparing for running configuration MonetecFocusedSmallR, run #367...
Scenario: $r=7, $rho=0.015, $repetition=1
Assigned runID=MonetecFocusedSmallR-367-20260930-08:34:25-58
Setting up network "dect2020scheduledaccess.DectScheduledAccessNetwork"...
Initializing...

Running simulation...
** Event #0   t=0   Elapsed: 4e-06s (0m 00s)
     Speed:     ev/sec=0   simsec/sec=0   ev/simsec=0
     Messages:  created: 2   present: 2   in FES: 2
** Event #175981   t=968.418894668045   Elapsed: 0.01508s (0m 00s)
     Speed:     ev/sec=1.16729e+07   simsec/sec=64235.7   ev/simsec=181.72
     Messages:  created: 2   present: 2   in FES: 1

<!> Simulation stopped with endSimulation() -- in module (ScheduledAccessQueue) DectScheduledAccessNetwork.queue (id=2), at t=968.418894668045s, event #175981

Calling finish() at end of Run #367...

Preparing for running configuration MonetecFocusedSmallR, run #368...
Scenario: $r=7, $rho=0.015, $repetition=2
Assigned runID=MonetecFocusedSmallR-368-20260930-08:34:25-58
Setting up network "dect2020scheduledaccess.DectScheduledAccessNetwork"...
Initializing...

Running simulation...
** Event #0   t=0   Elapsed: 3e-06s (0m 00s)
     Speed:     ev/sec=0   simsec/sec=0   ev/simsec=0
     Messages:  created: 2   present: 2   in FES: 2
** Event #175528   t=964.334276081494   Elapsed: 0.015161s (0m 00s)
     Speed:     ev/sec=1.15799e+07   simsec/sec=63618.7   ev/simsec=182.02
     Messages:  created: 2   present: 2   in FES: 1

<!> Simulation stopped with endSimulation() -- in module (ScheduledAccessQueue) DectScheduledAccessNetwork.queue (id=2), at t=964.334276081494s, event #175528

Calling finish() at end of Run #368...

Preparing for running configuration MonetecFocusedSmallR, run #369...
Scenario: $r=7, $rho=0.020, $repetition=0
Assigned runID=MonetecFocusedSmallR-369-20260930-08:34:25-58
Setting up network "dect2020scheduledaccess.DectScheduledAccessNetwork"...
Initializing...

Running simulation...
** Event #0   t=0   Elapsed: 3e-06s (0m 00s)
     Speed:     ev/sec=0   simsec/sec=0   ev/simsec=0
     Messages:  created: 2   present: 2   in FES: 2
** Event #148616   t=722.069786024876   Elapsed: 0.01334s (0m 00s)
     Speed:     ev/sec=1.11431e+07   simsec/sec=54140.3   ev/simsec=205.819
     Messages:  created: 2   present: 2   in FES: 1

<!> Simulation stopped with endSimulation() -- in module (ScheduledAccessQueue) DectScheduledAccessNetwork.queue (id=2), at t=722.069786024876s, event #148616

Calling finish() at end of Run #369...

Preparing for running configuration MonetecFocusedSmallR, run #370...
Scenario: $r=7, $rho=0.020, $repetition=1
Assigned runID=MonetecFocusedSmallR-370-20260930-08:34:25-58
Setting up network "dect2020scheduledaccess.DectScheduledAccessNetwork"...
Initializing...

Running simulation...
** Event #0   t=0   Elapsed: 3e-06s (0m 00s)
     Speed:     ev/sec=0   simsec/sec=0   ev/simsec=0
     Messages:  created: 2   present: 2   in FES: 2
** Event #149085   t=726.354075796872   Elapsed: 0.013352s (0m 00s)
     Speed:     ev/sec=1.11683e+07   simsec/sec=54412.5   ev/simsec=205.251
     Messages:  created: 2   present: 2   in FES: 1

<!> Simulation stopped with endSimulation() -- in module (ScheduledAccessQueue) DectScheduledAccessNetwork.queue (id=2), at t=726.354075796872s, event #149085

Calling finish() at end of Run #370...

Preparing for running configuration MonetecFocusedSmallR, run #371...
Scenario: $r=7, $rho=0.020, $repetition=2
Assigned runID=MonetecFocusedSmallR-371-20260930-08:34:25-58
Setting up network "dect2020scheduledaccess.DectScheduledAccessNetwork"...
Initializing...

Running simulation...
** Event #0   t=0   Elapsed: 4e-06s (0m 00s)
     Speed:     ev/sec=0   simsec/sec=0   ev/simsec=0
     Messages:  created: 2   present: 2   in FES: 2
** Event #148681   t=722.721863725748   Elapsed: 0.013178s (0m 00s)
     Speed:     ev/sec=1.12851e+07   simsec/sec=54855.4   ev/simsec=205.724
     Messages:  created: 2   present: 2   in FES: 1

<!> Simulation stopped with endSimulation() -- in module (ScheduledAccessQueue) DectScheduledAccessNetwork.queue (id=2), at t=722.721863725748s, event #148681

Calling finish() at end of Run #371...

Preparing for running configuration MonetecFocusedSmallR, run #372...
Scenario: $r=7, $rho=0.025, $repetition=0
Assigned runID=MonetecFocusedSmallR-372-20260930-08:34:25-58
Setting up network "dect2020scheduledaccess.DectScheduledAccessNetwork"...
Initializing...

Running simulation...
** Event #0   t=0   Elapsed: 3e-06s (0m 00s)
     Speed:     ev/sec=0   simsec/sec=0   ev/simsec=0
     Messages:  created: 2   present: 2   in FES: 2
** Event #132606   t=577.93751210517   Elapsed: 0.012288s (0m 00s)
     Speed:     ev/sec=1.0795e+07   simsec/sec=47048   ev/simsec=229.447
     Messages:  created: 2   present: 2   in FES: 1

<!> Simulation stopped with endSimulation() -- in module (ScheduledAccessQueue) DectScheduledAccessNetwork.queue (id=2), at t=577.93751210517s, event #132606

Calling finish() at end of Run #372...

Preparing for running configuration MonetecFocusedSmallR, run #373...
Scenario: $r=7, $rho=0.025, $repetition=1
Assigned runID=MonetecFocusedSmallR-373-20260930-08:34:25-58
Setting up network "dect2020scheduledaccess.DectScheduledAccessNetwork"...
Initializing...

Running simulation...
** Event #0   t=0   Elapsed: 3e-06s (0m 00s)
     Speed:     ev/sec=0   simsec/sec=0   ev/simsec=0
     Messages:  created: 2   present: 2   in FES: 2
** Event #133169   t=583.052006395808   Elapsed: 0.012247s (0m 00s)
     Speed:     ev/sec=1.08772e+07   simsec/sec=47623.2   ev/simsec=228.4
     Messages:  created: 2   present: 2   in FES: 1

<!> Simulation stopped with endSimulation() -- in module (ScheduledAccessQueue) DectScheduledAccessNetwork.queue (id=2), at t=583.052006395808s, event #133169

Calling finish() at end of Run #373...

Preparing for running configuration MonetecFocusedSmallR, run #374...
Scenario: $r=7, $rho=0.025, $repetition=2
Assigned runID=MonetecFocusedSmallR-374-20260930-08:34:25-58
Setting up network "dect2020scheduledaccess.DectScheduledAccessNetwork"...
Initializing...

Running simulation...
** Event #0   t=0   Elapsed: 3e-06s (0m 00s)
     Speed:     ev/sec=0   simsec/sec=0   ev/simsec=0
     Messages:  created: 2   present: 2   in FES: 2
** Event #132462   t=576.785565104481   Elapsed: 0.012116s (0m 00s)
     Speed:     ev/sec=1.09355e+07   simsec/sec=47616.9   ev/simsec=229.656
     Messages:  created: 2   present: 2   in FES: 1

<!> Simulation stopped with endSimulation() -- in module (ScheduledAccessQueue) DectScheduledAccessNetwork.queue (id=2), at t=576.785565104481s, event #132462

Calling finish() at end of Run #374...

Preparing for running configuration MonetecFocusedSmallR, run #375...
Scenario: $r=7, $rho=0.030, $repetition=0
Assigned runID=MonetecFocusedSmallR-375-20260930-08:34:25-58
Setting up network "dect2020scheduledaccess.DectScheduledAccessNetwork"...
Initializing...

Running simulation...
** Event #0   t=0   Elapsed: 3e-06s (0m 00s)
     Speed:     ev/sec=0   simsec/sec=0   ev/simsec=0
     Messages:  created: 2   present: 2   in FES: 2
** Event #121766   t=480.455847002049   Elapsed: 0.011525s (0m 00s)
     Speed:     ev/sec=1.0569e+07   simsec/sec=41702.6   ev/simsec=253.439
     Messages:  created: 2   present: 2   in FES: 1

<!> Simulation stopped with endSimulation() -- in module (ScheduledAccessQueue) DectScheduledAccessNetwork.queue (id=2), at t=480.455847002049s, event #121766

Calling finish() at end of Run #375...

Preparing for running configuration MonetecFocusedSmallR, run #376...
Scenario: $r=7, $rho=0.030, $repetition=1
Assigned runID=MonetecFocusedSmallR-376-20260930-08:34:25-58
Setting up network "dect2020scheduledaccess.DectScheduledAccessNetwork"...
Initializing...

Running simulation...
** Event #0   t=0   Elapsed: 3e-06s (0m 00s)
     Speed:     ev/sec=0   simsec/sec=0   ev/simsec=0
     Messages:  created: 2   present: 2   in FES: 2
** Event #122359   t=485.774202630039   Elapsed: 0.011501s (0m 00s)
     Speed:     ev/sec=1.06427e+07   simsec/sec=42252.2   ev/simsec=251.885
     Messages:  created: 2   present: 2   in FES: 1

<!> Simulation stopped with endSimulation() -- in module (ScheduledAccessQueue) DectScheduledAccessNetwork.queue (id=2), at t=485.774202630039s, event #122359

Calling finish() at end of Run #376...

Preparing for running configuration MonetecFocusedSmallR, run #377...
Scenario: $r=7, $rho=0.030, $repetition=2
Assigned runID=MonetecFocusedSmallR-377-20260930-08:34:25-58
Setting up network "dect2020scheduledaccess.DectScheduledAccessNetwork"...
Initializing...

Running simulation...
** Event #0   t=0   Elapsed: 3e-06s (0m 00s)
     Speed:     ev/sec=0   simsec/sec=0   ev/simsec=0
     Messages:  created: 2   present: 2   in FES: 2
** Event #121916   t=481.83621986546   Elapsed: 0.01141s (0m 00s)
     Speed:     ev/sec=1.06878e+07   simsec/sec=42240.3   ev/simsec=253.025
     Messages:  created: 2   present: 2   in FES: 1

<!> Simulation stopped with endSimulation() -- in module (ScheduledAccessQueue) DectScheduledAccessNetwork.queue (id=2), at t=481.83621986546s, event #121916

Calling finish() at end of Run #377...

Preparing for running configuration MonetecFocusedSmallR, run #378...
Scenario: $r=7, $rho=0.035, $repetition=0
Assigned runID=MonetecFocusedSmallR-378-20260930-08:34:25-58
Setting up network "dect2020scheduledaccess.DectScheduledAccessNetwork"...
Initializing...

Running simulation...
** Event #0   t=0   Elapsed: 3e-06s (0m 00s)
     Speed:     ev/sec=0   simsec/sec=0   ev/simsec=0
     Messages:  created: 2   present: 2   in FES: 2
** Event #114282   t=413.014438022316   Elapsed: 0.010936s (0m 00s)
     Speed:     ev/sec=1.04529e+07   simsec/sec=37776.9   ev/simsec=276.702
     Messages:  created: 2   present: 2   in FES: 1

<!> Simulation stopped with endSimulation() -- in module (ScheduledAccessQueue) DectScheduledAccessNetwork.queue (id=2), at t=413.014438022316s, event #114282

Calling finish() at end of Run #378...

Preparing for running configuration MonetecFocusedSmallR, run #379...
Scenario: $r=7, $rho=0.035, $repetition=1
Assigned runID=MonetecFocusedSmallR-379-20260930-08:34:25-58
Setting up network "dect2020scheduledaccess.DectScheduledAccessNetwork"...
Initializing...

Running simulation...
** Event #0   t=0   Elapsed: 3e-06s (0m 00s)
     Speed:     ev/sec=0   simsec/sec=0   ev/simsec=0
     Messages:  created: 2   present: 2   in FES: 2
** Event #114600   t=415.949308097981   Elapsed: 0.010845s (0m 00s)
     Speed:     ev/sec=1.0569e+07   simsec/sec=38361   ev/simsec=275.515
     Messages:  created: 2   present: 2   in FES: 1

<!> Simulation stopped with endSimulation() -- in module (ScheduledAccessQueue) DectScheduledAccessNetwork.queue (id=2), at t=415.949308097981s, event #114600

Calling finish() at end of Run #379...

Preparing for running configuration MonetecFocusedSmallR, run #380...
Scenario: $r=7, $rho=0.035, $repetition=2
Assigned runID=MonetecFocusedSmallR-380-20260930-08:34:25-58
Setting up network "dect2020scheduledaccess.DectScheduledAccessNetwork"...
Initializing...

Running simulation...
** Event #0   t=0   Elapsed: 3e-06s (0m 00s)
     Speed:     ev/sec=0   simsec/sec=0   ev/simsec=0
     Messages:  created: 2   present: 2   in FES: 2
** Event #114679   t=416.569162930156   Elapsed: 0.010869s (0m 00s)
     Speed:     ev/sec=1.05539e+07   simsec/sec=38336.9   ev/simsec=275.295
     Messages:  created: 2   present: 2   in FES: 1

<!> Simulation stopped with endSimulation() -- in module (ScheduledAccessQueue) DectScheduledAccessNetwork.queue (id=2), at t=416.569162930156s, event #114679

Calling finish() at end of Run #380...

Preparing for running configuration MonetecFocusedSmallR, run #381...
Scenario: $r=7, $rho=0.040, $repetition=0
Assigned runID=MonetecFocusedSmallR-381-20260930-08:34:25-58
Setting up network "dect2020scheduledaccess.DectScheduledAccessNetwork"...
Initializing...

Running simulation...
** Event #0   t=0   Elapsed: 4e-06s (0m 00s)
     Speed:     ev/sec=0   simsec/sec=0   ev/simsec=0
     Messages:  created: 2   present: 2   in FES: 2
** Event #108502   t=361.026723147314   Elapsed: 0.010542s (0m 00s)
     Speed:     ev/sec=1.02953e+07   simsec/sec=34256.3   ev/simsec=300.537
     Messages:  created: 2   present: 2   in FES: 1

<!> Simulation stopped with endSimulation() -- in module (ScheduledAccessQueue) DectScheduledAccessNetwork.queue (id=2), at t=361.026723147314s, event #108502

Calling finish() at end of Run #381...

Preparing for running configuration MonetecFocusedSmallR, run #382...
Scenario: $r=7, $rho=0.040, $repetition=1
Assigned runID=MonetecFocusedSmallR-382-20260930-08:34:25-58
Setting up network "dect2020scheduledaccess.DectScheduledAccessNetwork"...
Initializing...

Running simulation...
** Event #0   t=0   Elapsed: 3e-06s (0m 00s)
     Speed:     ev/sec=0   simsec/sec=0   ev/simsec=0
     Messages:  created: 2   present: 2   in FES: 2
** Event #108900   t=364.598205924365   Elapsed: 0.010488s (0m 00s)
     Speed:     ev/sec=1.03873e+07   simsec/sec=34776.6   ev/simsec=298.685
     Messages:  created: 2   present: 2   in FES: 1

<!> Simulation stopped with endSimulation() -- in module (ScheduledAccessQueue) DectScheduledAccessNetwork.queue (id=2), at t=364.598205924365s, event #108900

Calling finish() at end of Run #382...

Preparing for running configuration MonetecFocusedSmallR, run #383...
Scenario: $r=7, $rho=0.040, $repetition=2
Assigned runID=MonetecFocusedSmallR-383-20260930-08:34:25-58
Setting up network "dect2020scheduledaccess.DectScheduledAccessNetwork"...
Initializing...

Running simulation...
** Event #0   t=0   Elapsed: 3e-06s (0m 00s)
     Speed:     ev/sec=0   simsec/sec=0   ev/simsec=0
     Messages:  created: 2   present: 2   in FES: 2
** Event #108759   t=363.311843792657   Elapsed: 0.010419s (0m 00s)
     Speed:     ev/sec=1.04415e+07   simsec/sec=34880.1   ev/simsec=299.355
     Messages:  created: 2   present: 2   in FES: 1

<!> Simulation stopped with endSimulation() -- in module (ScheduledAccessQueue) DectScheduledAccessNetwork.queue (id=2), at t=363.311843792657s, event #108759

Calling finish() at end of Run #383...

Preparing for running configuration MonetecFocusedSmallR, run #384...
Scenario: $r=7, $rho=0.045, $repetition=0
Assigned runID=MonetecFocusedSmallR-384-20260930-08:34:25-58
Setting up network "dect2020scheduledaccess.DectScheduledAccessNetwork"...
Initializing...

Running simulation...
** Event #0   t=0   Elapsed: 2e-06s (0m 00s)
     Speed:     ev/sec=0   simsec/sec=0   ev/simsec=0
     Messages:  created: 2   present: 2   in FES: 2
** Event #104075   t=321.047485237934   Elapsed: 0.010145s (0m 00s)
     Speed:     ev/sec=1.02618e+07   simsec/sec=31655.2   ev/simsec=324.174
     Messages:  created: 2   present: 2   in FES: 1

<!> Simulation stopped with endSimulation() -- in module (ScheduledAccessQueue) DectScheduledAccessNetwork.queue (id=2), at t=321.047485237934s, event #104075

Calling finish() at end of Run #384...

Preparing for running configuration MonetecFocusedSmallR, run #385...
Scenario: $r=7, $rho=0.045, $repetition=1
Assigned runID=MonetecFocusedSmallR-385-20260930-08:34:25-58
Setting up network "dect2020scheduledaccess.DectScheduledAccessNetwork"...
Initializing...

Running simulation...
** Event #0   t=0   Elapsed: 3e-06s (0m 00s)
     Speed:     ev/sec=0   simsec/sec=0   ev/simsec=0
     Messages:  created: 2   present: 2   in FES: 2
** Event #104404   t=324.014854757482   Elapsed: 0.010156s (0m 00s)
     Speed:     ev/sec=1.02831e+07   simsec/sec=31913.2   ev/simsec=322.22
     Messages:  created: 2   present: 2   in FES: 1

<!> Simulation stopped with endSimulation() -- in module (ScheduledAccessQueue) DectScheduledAccessNetwork.queue (id=2), at t=324.014854757482s, event #104404

Calling finish() at end of Run #385...

Preparing for running configuration MonetecFocusedSmallR, run #386...
Scenario: $r=7, $rho=0.045, $repetition=2
Assigned runID=MonetecFocusedSmallR-386-20260930-08:34:26-58
Setting up network "dect2020scheduledaccess.DectScheduledAccessNetwork"...
Initializing...

Running simulation...
** Event #0   t=0   Elapsed: 3e-06s (0m 00s)
     Speed:     ev/sec=0   simsec/sec=0   ev/simsec=0
     Messages:  created: 2   present: 2   in FES: 2
** Event #104311   t=323.183799611436   Elapsed: 0.010332s (0m 00s)
     Speed:     ev/sec=1.00998e+07   simsec/sec=31292   ev/simsec=322.761
     Messages:  created: 2   present: 2   in FES: 1

<!> Simulation stopped with endSimulation() -- in module (ScheduledAccessQueue) DectScheduledAccessNetwork.queue (id=2), at t=323.183799611436s, event #104311

Calling finish() at end of Run #386...

Preparing for running configuration MonetecFocusedSmallR, run #387...
Scenario: $r=7, $rho=0.050, $repetition=0
Assigned runID=MonetecFocusedSmallR-387-20260930-08:34:26-58
Setting up network "dect2020scheduledaccess.DectScheduledAccessNetwork"...
Initializing...

Running simulation...
** Event #0   t=0   Elapsed: 3e-06s (0m 00s)
     Speed:     ev/sec=0   simsec/sec=0   ev/simsec=0
     Messages:  created: 2   present: 2   in FES: 2
** Event #100638   t=289.953408419004   Elapsed: 0.009872s (0m 00s)
     Speed:     ev/sec=0   simsec/sec=0   ev/simsec=0
     Messages:  created: 2   present: 2   in FES: 1

<!> Simulation stopped with endSimulation() -- in module (ScheduledAccessQueue) DectScheduledAccessNetwork.queue (id=2), at t=289.953408419004s, event #100638

Calling finish() at end of Run #387...

Preparing for running configuration MonetecFocusedSmallR, run #388...
Scenario: $r=7, $rho=0.050, $repetition=1
Assigned runID=MonetecFocusedSmallR-388-20260930-08:34:26-58
Setting up network "dect2020scheduledaccess.DectScheduledAccessNetwork"...
Initializing...

Running simulation...
** Event #0   t=0   Elapsed: 4e-06s (0m 00s)
     Speed:     ev/sec=0   simsec/sec=0   ev/simsec=0
     Messages:  created: 2   present: 2   in FES: 2
** Event #100628   t=289.949292072977   Elapsed: 0.009911s (0m 00s)
     Speed:     ev/sec=0   simsec/sec=0   ev/simsec=0
     Messages:  created: 2   present: 2   in FES: 1

<!> Simulation stopped with endSimulation() -- in module (ScheduledAccessQueue) DectScheduledAccessNetwork.queue (id=2), at t=289.949292072977s, event #100628

Calling finish() at end of Run #388...

Preparing for running configuration MonetecFocusedSmallR, run #389...
Scenario: $r=7, $rho=0.050, $repetition=2
Assigned runID=MonetecFocusedSmallR-389-20260930-08:34:26-58
Setting up network "dect2020scheduledaccess.DectScheduledAccessNetwork"...
Initializing...

Running simulation...
** Event #0   t=0   Elapsed: 3e-06s (0m 00s)
     Speed:     ev/sec=0   simsec/sec=0   ev/simsec=0
     Messages:  created: 2   present: 2   in FES: 2
** Event #100561   t=289.271817238428   Elapsed: 0.009876s (0m 00s)
     Speed:     ev/sec=0   simsec/sec=0   ev/simsec=0
     Messages:  created: 2   present: 2   in FES: 1

<!> Simulation stopped with endSimulation() -- in module (ScheduledAccessQueue) DectScheduledAccessNetwork.queue (id=2), at t=289.271817238428s, event #100561

Calling finish() at end of Run #389...

Preparing for running configuration MonetecFocusedSmallR, run #390...
Scenario: $r=7, $rho=0.055, $repetition=0
Assigned runID=MonetecFocusedSmallR-390-20260930-08:34:26-58
Setting up network "dect2020scheduledaccess.DectScheduledAccessNetwork"...
Initializing...

Running simulation...
** Event #0   t=0   Elapsed: 3e-06s (0m 00s)
     Speed:     ev/sec=0   simsec/sec=0   ev/simsec=0
     Messages:  created: 2   present: 2   in FES: 2
** Event #97801   t=264.051647829957   Elapsed: 0.009641s (0m 00s)
     Speed:     ev/sec=0   simsec/sec=0   ev/simsec=0
     Messages:  created: 2   present: 2   in FES: 1

<!> Simulation stopped with endSimulation() -- in module (ScheduledAccessQueue) DectScheduledAccessNetwork.queue (id=2), at t=264.051647829957s, event #97801

Calling finish() at end of Run #390...

Preparing for running configuration MonetecFocusedSmallR, run #391...
Scenario: $r=7, $rho=0.055, $repetition=1
Assigned runID=MonetecFocusedSmallR-391-20260930-08:34:26-58
Setting up network "dect2020scheduledaccess.DectScheduledAccessNetwork"...
Initializing...

Running simulation...
** Event #0   t=0   Elapsed: 4e-06s (0m 00s)
     Speed:     ev/sec=0   simsec/sec=0   ev/simsec=0
     Messages:  created: 2   present: 2   in FES: 2
** Event #97868   t=264.625450117033   Elapsed: 0.009679s (0m 00s)
     Speed:     ev/sec=0   simsec/sec=0   ev/simsec=0
     Messages:  created: 2   present: 2   in FES: 1

<!> Simulation stopped with endSimulation() -- in module (ScheduledAccessQueue) DectScheduledAccessNetwork.queue (id=2), at t=264.625450117033s, event #97868

Calling finish() at end of Run #391...

Preparing for running configuration MonetecFocusedSmallR, run #392...
Scenario: $r=7, $rho=0.055, $repetition=2
Assigned runID=MonetecFocusedSmallR-392-20260930-08:34:26-58
Setting up network "dect2020scheduledaccess.DectScheduledAccessNetwork"...
Initializing...

Running simulation...
** Event #0   t=0   Elapsed: 3e-06s (0m 00s)
     Speed:     ev/sec=0   simsec/sec=0   ev/simsec=0
     Messages:  created: 2   present: 2   in FES: 2
** Event #97629   t=262.540380707746   Elapsed: 0.009664s (0m 00s)
     Speed:     ev/sec=0   simsec/sec=0   ev/simsec=0
     Messages:  created: 2   present: 2   in FES: 1

<!> Simulation stopped with endSimulation() -- in module (ScheduledAccessQueue) DectScheduledAccessNetwork.queue (id=2), at t=262.540380707746s, event #97629

Calling finish() at end of Run #392...

Preparing for running configuration MonetecFocusedSmallR, run #393...
Scenario: $r=7, $rho=0.060, $repetition=0
Assigned runID=MonetecFocusedSmallR-393-20260930-08:34:26-58
Setting up network "dect2020scheduledaccess.DectScheduledAccessNetwork"...
Initializing...

Running simulation...
** Event #0   t=0   Elapsed: 3e-06s (0m 00s)
     Speed:     ev/sec=0   simsec/sec=0   ev/simsec=0
     Messages:  created: 2   present: 2   in FES: 2
** Event #95579   t=243.089458673211   Elapsed: 0.00949s (0m 00s)
     Speed:     ev/sec=0   simsec/sec=0   ev/simsec=0
     Messages:  created: 2   present: 2   in FES: 1

<!> Simulation stopped with endSimulation() -- in module (ScheduledAccessQueue) DectScheduledAccessNetwork.queue (id=2), at t=243.089458673211s, event #95579

Calling finish() at end of Run #393...

Preparing for running configuration MonetecFocusedSmallR, run #394...
Scenario: $r=7, $rho=0.060, $repetition=1
Assigned runID=MonetecFocusedSmallR-394-20260930-08:34:26-58
Setting up network "dect2020scheduledaccess.DectScheduledAccessNetwork"...
Initializing...

Running simulation...
** Event #0   t=0   Elapsed: 3e-06s (0m 00s)
     Speed:     ev/sec=0   simsec/sec=0   ev/simsec=0
     Messages:  created: 2   present: 2   in FES: 2
** Event #95793   t=244.777011560887   Elapsed: 0.009532s (0m 00s)
     Speed:     ev/sec=0   simsec/sec=0   ev/simsec=0
     Messages:  created: 2   present: 2   in FES: 1

<!> Simulation stopped with endSimulation() -- in module (ScheduledAccessQueue) DectScheduledAccessNetwork.queue (id=2), at t=244.777011560887s, event #95793

Calling finish() at end of Run #394...

Preparing for running configuration MonetecFocusedSmallR, run #395...
Scenario: $r=7, $rho=0.060, $repetition=2
Assigned runID=MonetecFocusedSmallR-395-20260930-08:34:26-58
Setting up network "dect2020scheduledaccess.DectScheduledAccessNetwork"...
Initializing...

Running simulation...
** Event #0   t=0   Elapsed: 2e-06s (0m 00s)
     Speed:     ev/sec=0   simsec/sec=0   ev/simsec=0
     Messages:  created: 2   present: 2   in FES: 2
** Event #95604   t=243.11322416716   Elapsed: 0.009506s (0m 00s)
     Speed:     ev/sec=0   simsec/sec=0   ev/simsec=0
     Messages:  created: 2   present: 2   in FES: 1

<!> Simulation stopped with endSimulation() -- in module (ScheduledAccessQueue) DectScheduledAccessNetwork.queue (id=2), at t=243.11322416716s, event #95604

Calling finish() at end of Run #395...

Preparing for running configuration MonetecFocusedSmallR, run #396...
Scenario: $r=7, $rho=0.065, $repetition=0
Assigned runID=MonetecFocusedSmallR-396-20260930-08:34:26-58
Setting up network "dect2020scheduledaccess.DectScheduledAccessNetwork"...
Initializing...

Running simulation...
** Event #0   t=0   Elapsed: 3e-06s (0m 00s)
     Speed:     ev/sec=0   simsec/sec=0   ev/simsec=0
     Messages:  created: 2   present: 2   in FES: 2
** Event #93773   t=224.909845748606   Elapsed: 0.009413s (0m 00s)
     Speed:     ev/sec=0   simsec/sec=0   ev/simsec=0
     Messages:  created: 2   present: 2   in FES: 1

<!> Simulation stopped with endSimulation() -- in module (ScheduledAccessQueue) DectScheduledAccessNetwork.queue (id=2), at t=224.909845748606s, event #93773

Calling finish() at end of Run #396...

Preparing for running configuration MonetecFocusedSmallR, run #397...
Scenario: $r=7, $rho=0.065, $repetition=1
Assigned runID=MonetecFocusedSmallR-397-20260930-08:34:26-58
Setting up network "dect2020scheduledaccess.DectScheduledAccessNetwork"...
Initializing...

Running simulation...
** Event #0   t=0   Elapsed: 3e-06s (0m 00s)
     Speed:     ev/sec=0   simsec/sec=0   ev/simsec=0
     Messages:  created: 2   present: 2   in FES: 2
** Event #93897   t=226.277437889789   Elapsed: 0.009412s (0m 00s)
     Speed:     ev/sec=0   simsec/sec=0   ev/simsec=0
     Messages:  created: 2   present: 2   in FES: 1

<!> Simulation stopped with endSimulation() -- in module (ScheduledAccessQueue) DectScheduledAccessNetwork.queue (id=2), at t=226.277437889789s, event #93897

Calling finish() at end of Run #397...

Preparing for running configuration MonetecFocusedSmallR, run #398...
Scenario: $r=7, $rho=0.065, $repetition=2
Assigned runID=MonetecFocusedSmallR-398-20260930-08:34:26-58
Setting up network "dect2020scheduledaccess.DectScheduledAccessNetwork"...
Initializing...

Running simulation...
** Event #0   t=0   Elapsed: 3e-06s (0m 00s)
     Speed:     ev/sec=0   simsec/sec=0   ev/simsec=0
     Messages:  created: 2   present: 2   in FES: 2
** Event #93745   t=225.457204314371   Elapsed: 0.009577s (0m 00s)
     Speed:     ev/sec=0   simsec/sec=0   ev/simsec=0
     Messages:  created: 2   present: 2   in FES: 1

<!> Simulation stopped with endSimulation() -- in module (ScheduledAccessQueue) DectScheduledAccessNetwork.queue (id=2), at t=225.457204314371s, event #93745

Calling finish() at end of Run #398...

Preparing for running configuration MonetecFocusedSmallR, run #399...
Scenario: $r=7, $rho=0.070, $repetition=0
Assigned runID=MonetecFocusedSmallR-399-20260930-08:34:26-58
Setting up network "dect2020scheduledaccess.DectScheduledAccessNetwork"...
Initializing...

Running simulation...
** Event #0   t=0   Elapsed: 3e-06s (0m 00s)
     Speed:     ev/sec=0   simsec/sec=0   ev/simsec=0
     Messages:  created: 2   present: 2   in FES: 2
** Event #92486   t=210.930307500628   Elapsed: 0.009382s (0m 00s)
     Speed:     ev/sec=0   simsec/sec=0   ev/simsec=0
     Messages:  created: 2   present: 2   in FES: 1

<!> Simulation stopped with endSimulation() -- in module (ScheduledAccessQueue) DectScheduledAccessNetwork.queue (id=2), at t=210.930307500628s, event #92486

Calling finish() at end of Run #399...

Preparing for running configuration MonetecFocusedSmallR, run #400...
Scenario: $r=7, $rho=0.070, $repetition=1
Assigned runID=MonetecFocusedSmallR-400-20260930-08:34:26-58
Setting up network "dect2020scheduledaccess.DectScheduledAccessNetwork"...
Initializing...

Running simulation...
** Event #0   t=0   Elapsed: 3e-06s (0m 00s)
     Speed:     ev/sec=0   simsec/sec=0   ev/simsec=0
     Messages:  created: 2   present: 2   in FES: 2
** Event #92562   t=210.783053967291   Elapsed: 0.009508s (0m 00s)
     Speed:     ev/sec=0   simsec/sec=0   ev/simsec=0
     Messages:  created: 2   present: 2   in FES: 1

<!> Simulation stopped with endSimulation() -- in module (ScheduledAccessQueue) DectScheduledAccessNetwork.queue (id=2), at t=210.783053967291s, event #92562

Calling finish() at end of Run #400...

Preparing for running configuration MonetecFocusedSmallR, run #401...
Scenario: $r=7, $rho=0.070, $repetition=2
Assigned runID=MonetecFocusedSmallR-401-20260930-08:34:26-58
Setting up network "dect2020scheduledaccess.DectScheduledAccessNetwork"...
Initializing...

Running simulation...
** Event #0   t=0   Elapsed: 3e-06s (0m 00s)
     Speed:     ev/sec=0   simsec/sec=0   ev/simsec=0
     Messages:  created: 2   present: 2   in FES: 2
** Event #92707   t=212.351848287218   Elapsed: 0.009496s (0m 00s)
     Speed:     ev/sec=0   simsec/sec=0   ev/simsec=0
     Messages:  created: 2   present: 2   in FES: 1

<!> Simulation stopped with endSimulation() -- in module (ScheduledAccessQueue) DectScheduledAccessNetwork.queue (id=2), at t=212.351848287218s, event #92707

Calling finish() at end of Run #401...

Preparing for running configuration MonetecFocusedSmallR, run #402...
Scenario: $r=7, $rho=0.075, $repetition=0
Assigned runID=MonetecFocusedSmallR-402-20260930-08:34:26-58
Setting up network "dect2020scheduledaccess.DectScheduledAccessNetwork"...
Initializing...

Running simulation...
** Event #0   t=0   Elapsed: 2.1e-05s (0m 00s)
     Speed:     ev/sec=0   simsec/sec=0   ev/simsec=0
     Messages:  created: 2   present: 2   in FES: 2
** Event #91913   t=200.921253841553   Elapsed: 0.009389s (0m 00s)
     Speed:     ev/sec=0   simsec/sec=0   ev/simsec=0
     Messages:  created: 2   present: 2   in FES: 1

<!> Simulation stopped with endSimulation() -- in module (ScheduledAccessQueue) DectScheduledAccessNetwork.queue (id=2), at t=200.921253841553s, event #91913

Calling finish() at end of Run #402...

Preparing for running configuration MonetecFocusedSmallR, run #403...
Scenario: $r=7, $rho=0.075, $repetition=1
Assigned runID=MonetecFocusedSmallR-403-20260930-08:34:26-58
Setting up network "dect2020scheduledaccess.DectScheduledAccessNetwork"...
Initializing...

Running simulation...
** Event #0   t=0   Elapsed: 3e-06s (0m 00s)
     Speed:     ev/sec=0   simsec/sec=0   ev/simsec=0
     Messages:  created: 2   present: 2   in FES: 2
** Event #91862   t=200.517401373372   Elapsed: 0.009299s (0m 00s)
     Speed:     ev/sec=0   simsec/sec=0   ev/simsec=0
     Messages:  created: 2   present: 2   in FES: 1

<!> Simulation stopped with endSimulation() -- in module (ScheduledAccessQueue) DectScheduledAccessNetwork.queue (id=2), at t=200.517401373372s, event #91862

Calling finish() at end of Run #403...

Preparing for running configuration MonetecFocusedSmallR, run #404...
Scenario: $r=7, $rho=0.075, $repetition=2
Assigned runID=MonetecFocusedSmallR-404-20260930-08:34:26-58
Setting up network "dect2020scheduledaccess.DectScheduledAccessNetwork"...
Initializing...

Running simulation...
** Event #0   t=0   Elapsed: 3e-06s (0m 00s)
     Speed:     ev/sec=0   simsec/sec=0   ev/simsec=0
     Messages:  created: 2   present: 2   in FES: 2
** Event #91721   t=199.515436665189   Elapsed: 0.009407s (0m 00s)
     Speed:     ev/sec=0   simsec/sec=0   ev/simsec=0
     Messages:  created: 2   present: 2   in FES: 1

<!> Simulation stopped with endSimulation() -- in module (ScheduledAccessQueue) DectScheduledAccessNetwork.queue (id=2), at t=199.515436665189s, event #91721

Calling finish() at end of Run #404...

Preparing for running configuration MonetecFocusedSmallR, run #405...
Scenario: $r=7, $rho=0.080, $repetition=0
Assigned runID=MonetecFocusedSmallR-405-20260930-08:34:26-58
Setting up network "dect2020scheduledaccess.DectScheduledAccessNetwork"...
Initializing...

Running simulation...
** Event #0   t=0   Elapsed: 4e-06s (0m 00s)
     Speed:     ev/sec=0   simsec/sec=0   ev/simsec=0
     Messages:  created: 2   present: 2   in FES: 2
** Event #91481   t=190.729305180877   Elapsed: 0.009331s (0m 00s)
     Speed:     ev/sec=0   simsec/sec=0   ev/simsec=0
     Messages:  created: 2   present: 2   in FES: 1

<!> Simulation stopped with endSimulation() -- in module (ScheduledAccessQueue) DectScheduledAccessNetwork.queue (id=2), at t=190.729305180877s, event #91481

Calling finish() at end of Run #405...

Preparing for running configuration MonetecFocusedSmallR, run #406...
Scenario: $r=7, $rho=0.080, $repetition=1
Assigned runID=MonetecFocusedSmallR-406-20260930-08:34:26-58
Setting up network "dect2020scheduledaccess.DectScheduledAccessNetwork"...
Initializing...

Running simulation...
** Event #0   t=0   Elapsed: 3e-06s (0m 00s)
     Speed:     ev/sec=0   simsec/sec=0   ev/simsec=0
     Messages:  created: 2   present: 2   in FES: 2
** Event #91638   t=191.260959299343   Elapsed: 0.009457s (0m 00s)
     Speed:     ev/sec=0   simsec/sec=0   ev/simsec=0
     Messages:  created: 2   present: 2   in FES: 1

<!> Simulation stopped with endSimulation() -- in module (ScheduledAccessQueue) DectScheduledAccessNetwork.queue (id=2), at t=191.260959299343s, event #91638

Calling finish() at end of Run #406...

Preparing for running configuration MonetecFocusedSmallR, run #407...
Scenario: $r=7, $rho=0.080, $repetition=2
Assigned runID=MonetecFocusedSmallR-407-20260930-08:34:26-58
Setting up network "dect2020scheduledaccess.DectScheduledAccessNetwork"...
Initializing...

Running simulation...
** Event #0   t=0   Elapsed: 3e-06s (0m 00s)
     Speed:     ev/sec=0   simsec/sec=0   ev/simsec=0
     Messages:  created: 2   present: 2   in FES: 2
** Event #91650   t=190.806131789474   Elapsed: 0.009389s (0m 00s)
     Speed:     ev/sec=0   simsec/sec=0   ev/simsec=0
     Messages:  created: 2   present: 2   in FES: 1

<!> Simulation stopped with endSimulation() -- in module (ScheduledAccessQueue) DectScheduledAccessNetwork.queue (id=2), at t=190.806131789474s, event #91650

Calling finish() at end of Run #407...

Preparing for running configuration MonetecFocusedSmallR, run #408...
Scenario: $r=7, $rho=0.085, $repetition=0
Assigned runID=MonetecFocusedSmallR-408-20260930-08:34:26-58
Setting up network "dect2020scheduledaccess.DectScheduledAccessNetwork"...
Initializing...

Running simulation...
** Event #0   t=0   Elapsed: 4e-06s (0m 00s)
     Speed:     ev/sec=0   simsec/sec=0   ev/simsec=0
     Messages:  created: 2   present: 2   in FES: 2
** Event #91896   t=184.319444771838   Elapsed: 0.009387s (0m 00s)
     Speed:     ev/sec=0   simsec/sec=0   ev/simsec=0
     Messages:  created: 2   present: 2   in FES: 1

<!> Simulation stopped with endSimulation() -- in module (ScheduledAccessQueue) DectScheduledAccessNetwork.queue (id=2), at t=184.319444771838s, event #91896

Calling finish() at end of Run #408...

Preparing for running configuration MonetecFocusedSmallR, run #409...
Scenario: $r=7, $rho=0.085, $repetition=1
Assigned runID=MonetecFocusedSmallR-409-20260930-08:34:26-58
Setting up network "dect2020scheduledaccess.DectScheduledAccessNetwork"...
Initializing...

Running simulation...
** Event #0   t=0   Elapsed: 4e-06s (0m 00s)
     Speed:     ev/sec=0   simsec/sec=0   ev/simsec=0
     Messages:  created: 2   present: 2   in FES: 2
** Event #91744   t=184.833496463584   Elapsed: 0.00946s (0m 00s)
     Speed:     ev/sec=0   simsec/sec=0   ev/simsec=0
     Messages:  created: 2   present: 2   in FES: 1

<!> Simulation stopped with endSimulation() -- in module (ScheduledAccessQueue) DectScheduledAccessNetwork.queue (id=2), at t=184.833496463584s, event #91744

Calling finish() at end of Run #409...

Preparing for running configuration MonetecFocusedSmallR, run #410...
Scenario: $r=7, $rho=0.085, $repetition=2
Assigned runID=MonetecFocusedSmallR-410-20260930-08:34:26-58
Setting up network "dect2020scheduledaccess.DectScheduledAccessNetwork"...
Initializing...

Running simulation...
** Event #0   t=0   Elapsed: 3e-06s (0m 00s)
     Speed:     ev/sec=0   simsec/sec=0   ev/simsec=0
     Messages:  created: 2   present: 2   in FES: 2
** Event #91805   t=185.172188283311   Elapsed: 0.009447s (0m 00s)
     Speed:     ev/sec=0   simsec/sec=0   ev/simsec=0
     Messages:  created: 2   present: 2   in FES: 1

<!> Simulation stopped with endSimulation() -- in module (ScheduledAccessQueue) DectScheduledAccessNetwork.queue (id=2), at t=185.172188283311s, event #91805

Calling finish() at end of Run #410...

Preparing for running configuration MonetecFocusedSmallR, run #411...
Scenario: $r=7, $rho=0.090, $repetition=0
Assigned runID=MonetecFocusedSmallR-411-20260930-08:34:26-58
Setting up network "dect2020scheduledaccess.DectScheduledAccessNetwork"...
Initializing...

Running simulation...
** Event #0   t=0   Elapsed: 3e-06s (0m 00s)
     Speed:     ev/sec=0   simsec/sec=0   ev/simsec=0
     Messages:  created: 2   present: 2   in FES: 2
** Event #92606   t=180.090926860388   Elapsed: 0.009565s (0m 00s)
     Speed:     ev/sec=0   simsec/sec=0   ev/simsec=0
     Messages:  created: 2   present: 2   in FES: 1

<!> Simulation stopped with endSimulation() -- in module (ScheduledAccessQueue) DectScheduledAccessNetwork.queue (id=2), at t=180.090926860388s, event #92606

Calling finish() at end of Run #411...

Preparing for running configuration MonetecFocusedSmallR, run #412...
Scenario: $r=7, $rho=0.090, $repetition=1
Assigned runID=MonetecFocusedSmallR-412-20260930-08:34:26-58
Setting up network "dect2020scheduledaccess.DectScheduledAccessNetwork"...
Initializing...

Running simulation...
** Event #0   t=0   Elapsed: 3e-06s (0m 00s)
     Speed:     ev/sec=0   simsec/sec=0   ev/simsec=0
     Messages:  created: 2   present: 2   in FES: 2
** Event #92418   t=180.433332930459   Elapsed: 0.009497s (0m 00s)
     Speed:     ev/sec=0   simsec/sec=0   ev/simsec=0
     Messages:  created: 2   present: 2   in FES: 1

<!> Simulation stopped with endSimulation() -- in module (ScheduledAccessQueue) DectScheduledAccessNetwork.queue (id=2), at t=180.433332930459s, event #92418

Calling finish() at end of Run #412...

Preparing for running configuration MonetecFocusedSmallR, run #413...
Scenario: $r=7, $rho=0.090, $repetition=2
Assigned runID=MonetecFocusedSmallR-413-20260930-08:34:26-58
Setting up network "dect2020scheduledaccess.DectScheduledAccessNetwork"...
Initializing...

Running simulation...
** Event #0   t=0   Elapsed: 3.1e-05s (0m 00s)
     Speed:     ev/sec=0   simsec/sec=0   ev/simsec=0
     Messages:  created: 2   present: 2   in FES: 2
** Event #92657   t=180.615640849912   Elapsed: 0.009639s (0m 00s)
     Speed:     ev/sec=0   simsec/sec=0   ev/simsec=0
     Messages:  created: 2   present: 2   in FES: 1

<!> Simulation stopped with endSimulation() -- in module (ScheduledAccessQueue) DectScheduledAccessNetwork.queue (id=2), at t=180.615640849912s, event #92657

Calling finish() at end of Run #413...

Preparing for running configuration MonetecFocusedSmallR, run #414...
Scenario: $r=7, $rho=0.095, $repetition=0
Assigned runID=MonetecFocusedSmallR-414-20260930-08:34:26-58
Setting up network "dect2020scheduledaccess.DectScheduledAccessNetwork"...
Initializing...

Running simulation...
** Event #0   t=0   Elapsed: 3e-06s (0m 00s)
     Speed:     ev/sec=0   simsec/sec=0   ev/simsec=0
     Messages:  created: 2   present: 2   in FES: 2
** Event #93646   t=177.057775513518   Elapsed: 0.009777s (0m 00s)
     Speed:     ev/sec=0   simsec/sec=0   ev/simsec=0
     Messages:  created: 2   present: 2   in FES: 1

<!> Simulation stopped with endSimulation() -- in module (ScheduledAccessQueue) DectScheduledAccessNetwork.queue (id=2), at t=177.057775513518s, event #93646

Calling finish() at end of Run #414...

Preparing for running configuration MonetecFocusedSmallR, run #415...
Scenario: $r=7, $rho=0.095, $repetition=1
Assigned runID=MonetecFocusedSmallR-415-20260930-08:34:26-58
Setting up network "dect2020scheduledaccess.DectScheduledAccessNetwork"...
Initializing...

Running simulation...
** Event #0   t=0   Elapsed: 2.6e-05s (0m 00s)
     Speed:     ev/sec=0   simsec/sec=0   ev/simsec=0
     Messages:  created: 2   present: 2   in FES: 2
** Event #93787   t=177.228799582375   Elapsed: 0.009558s (0m 00s)
     Speed:     ev/sec=0   simsec/sec=0   ev/simsec=0
     Messages:  created: 2   present: 2   in FES: 1

<!> Simulation stopped with endSimulation() -- in module (ScheduledAccessQueue) DectScheduledAccessNetwork.queue (id=2), at t=177.228799582375s, event #93787

Calling finish() at end of Run #415...

Preparing for running configuration MonetecFocusedSmallR, run #416...
Scenario: $r=7, $rho=0.095, $repetition=2
Assigned runID=MonetecFocusedSmallR-416-20260930-08:34:26-58
Setting up network "dect2020scheduledaccess.DectScheduledAccessNetwork"...
Initializing...

Running simulation...
** Event #0   t=0   Elapsed: 3e-06s (0m 00s)
     Speed:     ev/sec=0   simsec/sec=0   ev/simsec=0
     Messages:  created: 2   present: 2   in FES: 2
** Event #93699   t=178.022265601645   Elapsed: 0.009726s (0m 00s)
     Speed:     ev/sec=0   simsec/sec=0   ev/simsec=0
     Messages:  created: 2   present: 2   in FES: 1

<!> Simulation stopped with endSimulation() -- in module (ScheduledAccessQueue) DectScheduledAccessNetwork.queue (id=2), at t=178.022265601645s, event #93699

Calling finish() at end of Run #416...

Preparing for running configuration MonetecFocusedSmallR, run #417...
Scenario: $r=7, $rho=0.100, $repetition=0
Assigned runID=MonetecFocusedSmallR-417-20260930-08:34:26-58
Setting up network "dect2020scheduledaccess.DectScheduledAccessNetwork"...
Initializing...

Running simulation...
** Event #0   t=0   Elapsed: 4e-06s (0m 00s)
     Speed:     ev/sec=0   simsec/sec=0   ev/simsec=0
     Messages:  created: 2   present: 2   in FES: 2
** Event #95009   t=175.207072257498   Elapsed: 0.009753s (0m 00s)
     Speed:     ev/sec=0   simsec/sec=0   ev/simsec=0
     Messages:  created: 2   present: 2   in FES: 1

<!> Simulation stopped with endSimulation() -- in module (ScheduledAccessQueue) DectScheduledAccessNetwork.queue (id=2), at t=175.207072257498s, event #95009

Calling finish() at end of Run #417...

Preparing for running configuration MonetecFocusedSmallR, run #418...
Scenario: $r=7, $rho=0.100, $repetition=1
Assigned runID=MonetecFocusedSmallR-418-20260930-08:34:26-58
Setting up network "dect2020scheduledaccess.DectScheduledAccessNetwork"...
Initializing...

Running simulation...
** Event #0   t=0   Elapsed: 2.5e-05s (0m 00s)
     Speed:     ev/sec=0   simsec/sec=0   ev/simsec=0
     Messages:  created: 2   present: 2   in FES: 2
** Event #94927   t=175.091345655104   Elapsed: 0.009678s (0m 00s)
     Speed:     ev/sec=0   simsec/sec=0   ev/simsec=0
     Messages:  created: 2   present: 2   in FES: 1

<!> Simulation stopped with endSimulation() -- in module (ScheduledAccessQueue) DectScheduledAccessNetwork.queue (id=2), at t=175.091345655104s, event #94927

Calling finish() at end of Run #418...

Preparing for running configuration MonetecFocusedSmallR, run #419...
Scenario: $r=7, $rho=0.100, $repetition=2
Assigned runID=MonetecFocusedSmallR-419-20260930-08:34:26-58
Setting up network "dect2020scheduledaccess.DectScheduledAccessNetwork"...
Initializing...

Running simulation...
** Event #0   t=0   Elapsed: 3e-06s (0m 00s)
     Speed:     ev/sec=0   simsec/sec=0   ev/simsec=0
     Messages:  created: 2   present: 2   in FES: 2
** Event #95028   t=175.645072894957   Elapsed: 0.009707s (0m 00s)
     Speed:     ev/sec=0   simsec/sec=0   ev/simsec=0
     Messages:  created: 2   present: 2   in FES: 1

<!> Simulation stopped with endSimulation() -- in module (ScheduledAccessQueue) DectScheduledAccessNetwork.queue (id=2), at t=175.645072894957s, event #95028

Calling finish() at end of Run #419...

Preparing for running configuration MonetecFocusedSmallR, run #420...
Scenario: $r=7, $rho=0.105, $repetition=0
Assigned runID=MonetecFocusedSmallR-420-20260930-08:34:26-58
Setting up network "dect2020scheduledaccess.DectScheduledAccessNetwork"...
Initializing...

Running simulation...
** Event #0   t=0   Elapsed: 1.9e-05s (0m 00s)
     Speed:     ev/sec=0   simsec/sec=0   ev/simsec=0
     Messages:  created: 2   present: 2   in FES: 2
** Event #96760   t=173.878036189442   Elapsed: 0.01007s (0m 00s)
     Speed:     ev/sec=9.6269e+06   simsec/sec=17299.5   ev/simsec=556.485
     Messages:  created: 2   present: 2   in FES: 1

<!> Simulation stopped with endSimulation() -- in module (ScheduledAccessQueue) DectScheduledAccessNetwork.queue (id=2), at t=173.878036189442s, event #96760

Calling finish() at end of Run #420...

Preparing for running configuration MonetecFocusedSmallR, run #421...
Scenario: $r=7, $rho=0.105, $repetition=1
Assigned runID=MonetecFocusedSmallR-421-20260930-08:34:26-58
Setting up network "dect2020scheduledaccess.DectScheduledAccessNetwork"...
Initializing...

Running simulation...
** Event #0   t=0   Elapsed: 3e-06s (0m 00s)
     Speed:     ev/sec=0   simsec/sec=0   ev/simsec=0
     Messages:  created: 2   present: 2   in FES: 2
** Event #96715   t=174.061618679059   Elapsed: 0.009832s (0m 00s)
     Speed:     ev/sec=0   simsec/sec=0   ev/simsec=0
     Messages:  created: 2   present: 2   in FES: 1

<!> Simulation stopped with endSimulation() -- in module (ScheduledAccessQueue) DectScheduledAccessNetwork.queue (id=2), at t=174.061618679059s, event #96715

Calling finish() at end of Run #421...

Preparing for running configuration MonetecFocusedSmallR, run #422...
Scenario: $r=7, $rho=0.105, $repetition=2
Assigned runID=MonetecFocusedSmallR-422-20260930-08:34:26-58
Setting up network "dect2020scheduledaccess.DectScheduledAccessNetwork"...
Initializing...

Running simulation...
** Event #0   t=0   Elapsed: 1.5e-05s (0m 00s)
     Speed:     ev/sec=0   simsec/sec=0   ev/simsec=0
     Messages:  created: 2   present: 2   in FES: 2
** Event #96785   t=174.528949553262   Elapsed: 0.009899s (0m 00s)
     Speed:     ev/sec=0   simsec/sec=0   ev/simsec=0
     Messages:  created: 2   present: 2   in FES: 1

<!> Simulation stopped with endSimulation() -- in module (ScheduledAccessQueue) DectScheduledAccessNetwork.queue (id=2), at t=174.528949553262s, event #96785

Calling finish() at end of Run #422...

Preparing for running configuration MonetecFocusedSmallR, run #423...
Scenario: $r=7, $rho=0.110, $repetition=0
Assigned runID=MonetecFocusedSmallR-423-20260930-08:34:26-58
Setting up network "dect2020scheduledaccess.DectScheduledAccessNetwork"...
Initializing...

Running simulation...
** Event #0   t=0   Elapsed: 2.1e-05s (0m 00s)
     Speed:     ev/sec=0   simsec/sec=0   ev/simsec=0
     Messages:  created: 2   present: 2   in FES: 2
** Event #98531   t=173.002593064769   Elapsed: 0.010082s (0m 00s)
     Speed:     ev/sec=9.79336e+06   simsec/sec=17195.3   ev/simsec=569.536
     Messages:  created: 2   present: 2   in FES: 1

<!> Simulation stopped with endSimulation() -- in module (ScheduledAccessQueue) DectScheduledAccessNetwork.queue (id=2), at t=173.002593064769s, event #98531

Calling finish() at end of Run #423...

Preparing for running configuration MonetecFocusedSmallR, run #424...
Scenario: $r=7, $rho=0.110, $repetition=1
Assigned runID=MonetecFocusedSmallR-424-20260930-08:34:26-58
Setting up network "dect2020scheduledaccess.DectScheduledAccessNetwork"...
Initializing...

Running simulation...
** Event #0   t=0   Elapsed: 3e-06s (0m 00s)
     Speed:     ev/sec=0   simsec/sec=0   ev/simsec=0
     Messages:  created: 2   present: 2   in FES: 2
** Event #98633   t=173.400400384992   Elapsed: 0.010373s (0m 00s)
     Speed:     ev/sec=9.51138e+06   simsec/sec=16721.3   ev/simsec=568.819
     Messages:  created: 2   present: 2   in FES: 1

<!> Simulation stopped with endSimulation() -- in module (ScheduledAccessQueue) DectScheduledAccessNetwork.queue (id=2), at t=173.400400384992s, event #98633

Calling finish() at end of Run #424...

Preparing for running configuration MonetecFocusedSmallR, run #425...
Scenario: $r=7, $rho=0.110, $repetition=2
Assigned runID=MonetecFocusedSmallR-425-20260930-08:34:26-58
Setting up network "dect2020scheduledaccess.DectScheduledAccessNetwork"...
Initializing...

Running simulation...
** Event #0   t=0   Elapsed: 2.7e-05s (0m 00s)
     Speed:     ev/sec=0   simsec/sec=0   ev/simsec=0
     Messages:  created: 2   present: 2   in FES: 2
** Event #98234   t=173.507083779982   Elapsed: 0.010171s (0m 00s)
     Speed:     ev/sec=9.68395e+06   simsec/sec=17104.4   ev/simsec=566.168
     Messages:  created: 2   present: 2   in FES: 1

<!> Simulation stopped with endSimulation() -- in module (ScheduledAccessQueue) DectScheduledAccessNetwork.queue (id=2), at t=173.507083779982s, event #98234

Calling finish() at end of Run #425...

Preparing for running configuration MonetecFocusedSmallR, run #426...
Scenario: $r=7, $rho=0.115, $repetition=0
Assigned runID=MonetecFocusedSmallR-426-20260930-08:34:26-58
Setting up network "dect2020scheduledaccess.DectScheduledAccessNetwork"...
Initializing...

Running simulation...
** Event #0   t=0   Elapsed: 2.1e-05s (0m 00s)
     Speed:     ev/sec=0   simsec/sec=0   ev/simsec=0
     Messages:  created: 2   present: 2   in FES: 2
** Event #100261   t=172.523760150545   Elapsed: 0.010492s (0m 00s)
     Speed:     ev/sec=9.57603e+06   simsec/sec=16477.9   ev/simsec=581.145
     Messages:  created: 2   present: 2   in FES: 1

<!> Simulation stopped with endSimulation() -- in module (ScheduledAccessQueue) DectScheduledAccessNetwork.queue (id=2), at t=172.523760150545s, event #100261

Calling finish() at end of Run #426...

Preparing for running configuration MonetecFocusedSmallR, run #427...
Scenario: $r=7, $rho=0.115, $repetition=1
Assigned runID=MonetecFocusedSmallR-427-20260930-08:34:26-58
Setting up network "dect2020scheduledaccess.DectScheduledAccessNetwork"...
Initializing...

Running simulation...
** Event #0   t=0   Elapsed: 1.7e-05s (0m 00s)
     Speed:     ev/sec=0   simsec/sec=0   ev/simsec=0
     Messages:  created: 2   present: 2   in FES: 2
** Event #100446   t=172.801918712199   Elapsed: 0.010464s (0m 00s)
     Speed:     ev/sec=9.61482e+06   simsec/sec=16540.8   ev/simsec=581.279
     Messages:  created: 2   present: 2   in FES: 1

<!> Simulation stopped with endSimulation() -- in module (ScheduledAccessQueue) DectScheduledAccessNetwork.queue (id=2), at t=172.801918712199s, event #100446

Calling finish() at end of Run #427...

Preparing for running configuration MonetecFocusedSmallR, run #428...
Scenario: $r=7, $rho=0.115, $repetition=2
Assigned runID=MonetecFocusedSmallR-428-20260930-08:34:26-58
Setting up network "dect2020scheduledaccess.DectScheduledAccessNetwork"...
Initializing...

Running simulation...
** Event #0   t=0   Elapsed: 1.5e-05s (0m 00s)
     Speed:     ev/sec=0   simsec/sec=0   ev/simsec=0
     Messages:  created: 2   present: 2   in FES: 2
** Event #100357   t=172.928520276601   Elapsed: 0.01025s (0m 00s)
     Speed:     ev/sec=9.80528e+06   simsec/sec=16895.8   ev/simsec=580.339
     Messages:  created: 2   present: 2   in FES: 1

<!> Simulation stopped with endSimulation() -- in module (ScheduledAccessQueue) DectScheduledAccessNetwork.queue (id=2), at t=172.928520276601s, event #100357

Calling finish() at end of Run #428...

Preparing for running configuration MonetecFocusedSmallR, run #429...
Scenario: $r=7, $rho=0.120, $repetition=0
Assigned runID=MonetecFocusedSmallR-429-20260930-08:34:26-58
Setting up network "dect2020scheduledaccess.DectScheduledAccessNetwork"...
Initializing...

Running simulation...
** Event #0   t=0   Elapsed: 2.6e-05s (0m 00s)
     Speed:     ev/sec=0   simsec/sec=0   ev/simsec=0
     Messages:  created: 2   present: 2   in FES: 2
** Event #102562   t=172.364602300166   Elapsed: 0.011102s (0m 00s)
     Speed:     ev/sec=9.25984e+06   simsec/sec=15562   ev/simsec=595.03
     Messages:  created: 2   present: 2   in FES: 1

<!> Simulation stopped with endSimulation() -- in module (ScheduledAccessQueue) DectScheduledAccessNetwork.queue (id=2), at t=172.364602300166s, event #102562

Calling finish() at end of Run #429...

Preparing for running configuration MonetecFocusedSmallR, run #430...
Scenario: $r=7, $rho=0.120, $repetition=1
Assigned runID=MonetecFocusedSmallR-430-20260930-08:34:26-58
Setting up network "dect2020scheduledaccess.DectScheduledAccessNetwork"...
Initializing...

Running simulation...
** Event #0   t=0   Elapsed: 3e-06s (0m 00s)
     Speed:     ev/sec=0   simsec/sec=0   ev/simsec=0
     Messages:  created: 2   present: 2   in FES: 2
** Event #102288   t=172.603577146099   Elapsed: 0.010706s (0m 00s)
     Speed:     ev/sec=9.55695e+06   simsec/sec=16126.6   ev/simsec=592.619
     Messages:  created: 2   present: 2   in FES: 1

<!> Simulation stopped with endSimulation() -- in module (ScheduledAccessQueue) DectScheduledAccessNetwork.queue (id=2), at t=172.603577146099s, event #102288

Calling finish() at end of Run #430...

Preparing for running configuration MonetecFocusedSmallR, run #431...
Scenario: $r=7, $rho=0.120, $repetition=2
Assigned runID=MonetecFocusedSmallR-431-20260930-08:34:26-58
Setting up network "dect2020scheduledaccess.DectScheduledAccessNetwork"...
Initializing...

Running simulation...
** Event #0   t=0   Elapsed: 3e-06s (0m 00s)
     Speed:     ev/sec=0   simsec/sec=0   ev/simsec=0
     Messages:  created: 2   present: 2   in FES: 2
** Event #102234   t=172.571384501668   Elapsed: 0.010534s (0m 00s)
     Speed:     ev/sec=9.70883e+06   simsec/sec=16388.5   ev/simsec=592.416
     Messages:  created: 2   present: 2   in FES: 1

<!> Simulation stopped with endSimulation() -- in module (ScheduledAccessQueue) DectScheduledAccessNetwork.queue (id=2), at t=172.571384501668s, event #102234

Calling finish() at end of Run #431...

Preparing for running configuration MonetecFocusedSmallR, run #432...
Scenario: $r=7, $rho=0.125, $repetition=0
Assigned runID=MonetecFocusedSmallR-432-20260930-08:34:26-58
Setting up network "dect2020scheduledaccess.DectScheduledAccessNetwork"...
Initializing...

Running simulation...
** Event #0   t=0   Elapsed: 3e-06s (0m 00s)
     Speed:     ev/sec=0   simsec/sec=0   ev/simsec=0
     Messages:  created: 2   present: 2   in FES: 2
** Event #104385   t=172.223969530432   Elapsed: 0.010801s (0m 00s)
     Speed:     ev/sec=9.66796e+06   simsec/sec=15951.1   ev/simsec=606.1
     Messages:  created: 2   present: 2   in FES: 1

<!> Simulation stopped with endSimulation() -- in module (ScheduledAccessQueue) DectScheduledAccessNetwork.queue (id=2), at t=172.223969530432s, event #104385

Calling finish() at end of Run #432...

Preparing for running configuration MonetecFocusedSmallR, run #433...
Scenario: $r=7, $rho=0.125, $repetition=1
Assigned runID=MonetecFocusedSmallR-433-20260930-08:34:26-58
Setting up network "dect2020scheduledaccess.DectScheduledAccessNetwork"...
Initializing...

Running simulation...
** Event #0   t=0   Elapsed: 2.6e-05s (0m 00s)
     Speed:     ev/sec=0   simsec/sec=0   ev/simsec=0
     Messages:  created: 2   present: 2   in FES: 2
** Event #104399   t=172.453501868373   Elapsed: 0.010686s (0m 00s)
     Speed:     ev/sec=9.79353e+06   simsec/sec=16177.6   ev/simsec=605.377
     Messages:  created: 2   present: 2   in FES: 1

<!> Simulation stopped with endSimulation() -- in module (ScheduledAccessQueue) DectScheduledAccessNetwork.queue (id=2), at t=172.453501868373s, event #104399

Calling finish() at end of Run #433...

Preparing for running configuration MonetecFocusedSmallR, run #434...
Scenario: $r=7, $rho=0.125, $repetition=2
Assigned runID=MonetecFocusedSmallR-434-20260930-08:34:26-58
Setting up network "dect2020scheduledaccess.DectScheduledAccessNetwork"...
Initializing...

Running simulation...
** Event #0   t=0   Elapsed: 3.1e-05s (0m 00s)
     Speed:     ev/sec=0   simsec/sec=0   ev/simsec=0
     Messages:  created: 2   present: 2   in FES: 2
** Event #104195   t=172.314678218961   Elapsed: 0.0107s (0m 00s)
     Speed:     ev/sec=9.76706e+06   simsec/sec=16152.4   ev/simsec=604.681
     Messages:  created: 2   present: 2   in FES: 1

<!> Simulation stopped with endSimulation() -- in module (ScheduledAccessQueue) DectScheduledAccessNetwork.queue (id=2), at t=172.314678218961s, event #104195

Calling finish() at end of Run #434...

Preparing for running configuration MonetecFocusedSmallR, run #435...
Scenario: $r=7, $rho=0.130, $repetition=0
Assigned runID=MonetecFocusedSmallR-435-20260930-08:34:26-58
Setting up network "dect2020scheduledaccess.DectScheduledAccessNetwork"...
Initializing...

Running simulation...
** Event #0   t=0   Elapsed: 1.9e-05s (0m 00s)
     Speed:     ev/sec=0   simsec/sec=0   ev/simsec=0
     Messages:  created: 2   present: 2   in FES: 2
** Event #106539   t=172.13477444825   Elapsed: 0.011104s (0m 00s)
     Speed:     ev/sec=9.61023e+06   simsec/sec=15527.2   ev/simsec=618.928
     Messages:  created: 2   present: 2   in FES: 1

<!> Simulation stopped with endSimulation() -- in module (ScheduledAccessQueue) DectScheduledAccessNetwork.queue (id=2), at t=172.13477444825s, event #106539

Calling finish() at end of Run #435...

Preparing for running configuration MonetecFocusedSmallR, run #436...
Scenario: $r=7, $rho=0.130, $repetition=1
Assigned runID=MonetecFocusedSmallR-436-20260930-08:34:26-58
Setting up network "dect2020scheduledaccess.DectScheduledAccessNetwork"...
Initializing...

Running simulation...
** Event #0   t=0   Elapsed: 4e-06s (0m 00s)
     Speed:     ev/sec=0   simsec/sec=0   ev/simsec=0
     Messages:  created: 2   present: 2   in FES: 2
** Event #106528   t=172.337000419001   Elapsed: 0.011042s (0m 00s)
     Speed:     ev/sec=9.65015e+06   simsec/sec=15611.6   ev/simsec=618.14
     Messages:  created: 2   present: 2   in FES: 1

<!> Simulation stopped with endSimulation() -- in module (ScheduledAccessQueue) DectScheduledAccessNetwork.queue (id=2), at t=172.337000419001s, event #106528

Calling finish() at end of Run #436...

Preparing for running configuration MonetecFocusedSmallR, run #437...
Scenario: $r=7, $rho=0.130, $repetition=2
Assigned runID=MonetecFocusedSmallR-437-20260930-08:34:26-58
Setting up network "dect2020scheduledaccess.DectScheduledAccessNetwork"...
Initializing...

Running simulation...
** Event #0   t=0   Elapsed: 1.9e-05s (0m 00s)
     Speed:     ev/sec=0   simsec/sec=0   ev/simsec=0
     Messages:  created: 2   present: 2   in FES: 2
** Event #106206   t=172.253635420225   Elapsed: 0.010845s (0m 00s)
     Speed:     ev/sec=9.81027e+06   simsec/sec=15911.1   ev/simsec=616.568
     Messages:  created: 2   present: 2   in FES: 1

<!> Simulation stopped with endSimulation() -- in module (ScheduledAccessQueue) DectScheduledAccessNetwork.queue (id=2), at t=172.253635420225s, event #106206

Calling finish() at end of Run #437...

Preparing for running configuration MonetecFocusedSmallR, run #438...
Scenario: $r=7, $rho=0.135, $repetition=0
Assigned runID=MonetecFocusedSmallR-438-20260930-08:34:26-58
Setting up network "dect2020scheduledaccess.DectScheduledAccessNetwork"...
Initializing...

Running simulation...
** Event #0   t=0   Elapsed: 3e-06s (0m 00s)
     Speed:     ev/sec=0   simsec/sec=0   ev/simsec=0
     Messages:  created: 2   present: 2   in FES: 2
** Event #108645   t=172.123000814961   Elapsed: 0.011319s (0m 00s)
     Speed:     ev/sec=9.60101e+06   simsec/sec=15210.5   ev/simsec=631.208
     Messages:  created: 2   present: 2   in FES: 1

<!> Simulation stopped with endSimulation() -- in module (ScheduledAccessQueue) DectScheduledAccessNetwork.queue (id=2), at t=172.123000814961s, event #108645

Calling finish() at end of Run #438...

Preparing for running configuration MonetecFocusedSmallR, run #439...
Scenario: $r=7, $rho=0.135, $repetition=1
Assigned runID=MonetecFocusedSmallR-439-20260930-08:34:26-58
Setting up network "dect2020scheduledaccess.DectScheduledAccessNetwork"...
Initializing...

Running simulation...
** Event #0   t=0   Elapsed: 2.7e-05s (0m 00s)
     Speed:     ev/sec=0   simsec/sec=0   ev/simsec=0
     Messages:  created: 2   present: 2   in FES: 2
** Event #108519   t=172.274927067121   Elapsed: 0.011087s (0m 00s)
     Speed:     ev/sec=9.81184e+06   simsec/sec=15576.3   ev/simsec=629.923
     Messages:  created: 2   present: 2   in FES: 1

<!> Simulation stopped with endSimulation() -- in module (ScheduledAccessQueue) DectScheduledAccessNetwork.queue (id=2), at t=172.274927067121s, event #108519

Calling finish() at end of Run #439...

Preparing for running configuration MonetecFocusedSmallR, run #440...
Scenario: $r=7, $rho=0.135, $repetition=2
Assigned runID=MonetecFocusedSmallR-440-20260930-08:34:26-58
Setting up network "dect2020scheduledaccess.DectScheduledAccessNetwork"...
Initializing...

Running simulation...
** Event #0   t=0   Elapsed: 1.8e-05s (0m 00s)
     Speed:     ev/sec=0   simsec/sec=0   ev/simsec=0
     Messages:  created: 2   present: 2   in FES: 2
** Event #108282   t=172.153556159985   Elapsed: 0.01109s (0m 00s)
     Speed:     ev/sec=9.7798e+06   simsec/sec=15548.5   ev/simsec=628.986
     Messages:  created: 2   present: 2   in FES: 1

<!> Simulation stopped with endSimulation() -- in module (ScheduledAccessQueue) DectScheduledAccessNetwork.queue (id=2), at t=172.153556159985s, event #108282

Calling finish() at end of Run #440...

Preparing for running configuration MonetecFocusedSmallR, run #441...
Scenario: $r=7, $rho=0.140, $repetition=0
Assigned runID=MonetecFocusedSmallR-441-20260930-08:34:26-58
Setting up network "dect2020scheduledaccess.DectScheduledAccessNetwork"...
Initializing...

Running simulation...
** Event #0   t=0   Elapsed: 3e-06s (0m 00s)
     Speed:     ev/sec=0   simsec/sec=0   ev/simsec=0
     Messages:  created: 2   present: 2   in FES: 2
** Event #110554   t=172.01717650095   Elapsed: 0.011356s (0m 00s)
     Speed:     ev/sec=9.73872e+06   simsec/sec=15153   ev/simsec=642.693
     Messages:  created: 2   present: 2   in FES: 1

<!> Simulation stopped with endSimulation() -- in module (ScheduledAccessQueue) DectScheduledAccessNetwork.queue (id=2), at t=172.01717650095s, event #110554

Calling finish() at end of Run #441...

Preparing for running configuration MonetecFocusedSmallR, run #442...
Scenario: $r=7, $rho=0.140, $repetition=1
Assigned runID=MonetecFocusedSmallR-442-20260930-08:34:26-58
Setting up network "dect2020scheduledaccess.DectScheduledAccessNetwork"...
Initializing...

Running simulation...
** Event #0   t=0   Elapsed: 2.1e-05s (0m 00s)
     Speed:     ev/sec=0   simsec/sec=0   ev/simsec=0
     Messages:  created: 2   present: 2   in FES: 2
** Event #110649   t=172.229717460905   Elapsed: 0.011485s (0m 00s)
     Speed:     ev/sec=9.65271e+06   simsec/sec=15024.8   ev/simsec=642.452
     Messages:  created: 2   present: 2   in FES: 1

<!> Simulation stopped with endSimulation() -- in module (ScheduledAccessQueue) DectScheduledAccessNetwork.queue (id=2), at t=172.229717460905s, event #110649

Calling finish() at end of Run #442...

Preparing for running configuration MonetecFocusedSmallR, run #443...
Scenario: $r=7, $rho=0.140, $repetition=2
Assigned runID=MonetecFocusedSmallR-443-20260930-08:34:26-58
Setting up network "dect2020scheduledaccess.DectScheduledAccessNetwork"...
Initializing...

Running simulation...
** Event #0   t=0   Elapsed: 2.7e-05s (0m 00s)
     Speed:     ev/sec=0   simsec/sec=0   ev/simsec=0
     Messages:  created: 2   present: 2   in FES: 2
** Event #110490   t=172.175349773529   Elapsed: 0.011424s (0m 00s)
     Speed:     ev/sec=9.69466e+06   simsec/sec=15106.9   ev/simsec=641.736
     Messages:  created: 2   present: 2   in FES: 1

<!> Simulation stopped with endSimulation() -- in module (ScheduledAccessQueue) DectScheduledAccessNetwork.queue (id=2), at t=172.175349773529s, event #110490

Calling finish() at end of Run #443...

Preparing for running configuration MonetecFocusedSmallR, run #444...
Scenario: $r=7, $rho=0.145, $repetition=0
Assigned runID=MonetecFocusedSmallR-444-20260930-08:34:26-58
Setting up network "dect2020scheduledaccess.DectScheduledAccessNetwork"...
Initializing...

Running simulation...
** Event #0   t=0   Elapsed: 1.3e-05s (0m 00s)
     Speed:     ev/sec=0   simsec/sec=0   ev/simsec=0
     Messages:  created: 2   present: 2   in FES: 2
** Event #112665   t=172.036056165603   Elapsed: 0.011534s (0m 00s)
     Speed:     ev/sec=9.77995e+06   simsec/sec=14933.7   ev/simsec=654.893
     Messages:  created: 2   present: 2   in FES: 1

<!> Simulation stopped with endSimulation() -- in module (ScheduledAccessQueue) DectScheduledAccessNetwork.queue (id=2), at t=172.036056165603s, event #112665

Calling finish() at end of Run #444...

Preparing for running configuration MonetecFocusedSmallR, run #445...
Scenario: $r=7, $rho=0.145, $repetition=1
Assigned runID=MonetecFocusedSmallR-445-20260930-08:34:26-58
Setting up network "dect2020scheduledaccess.DectScheduledAccessNetwork"...
Initializing...

Running simulation...
** Event #0   t=0   Elapsed: 2.4e-05s (0m 00s)
     Speed:     ev/sec=0   simsec/sec=0   ev/simsec=0
     Messages:  created: 2   present: 2   in FES: 2
** Event #112734   t=172.248494332292   Elapsed: 0.011633s (0m 00s)
     Speed:     ev/sec=9.71091e+06   simsec/sec=14837.5   ev/simsec=654.486
     Messages:  created: 2   present: 2   in FES: 1

<!> Simulation stopped with endSimulation() -- in module (ScheduledAccessQueue) DectScheduledAccessNetwork.queue (id=2), at t=172.248494332292s, event #112734

Calling finish() at end of Run #445...

Preparing for running configuration MonetecFocusedSmallR, run #446...
Scenario: $r=7, $rho=0.145, $repetition=2
Assigned runID=MonetecFocusedSmallR-446-20260930-08:34:26-58
Setting up network "dect2020scheduledaccess.DectScheduledAccessNetwork"...
Initializing...

Running simulation...
** Event #0   t=0   Elapsed: 4e-06s (0m 00s)
     Speed:     ev/sec=0   simsec/sec=0   ev/simsec=0
     Messages:  created: 2   present: 2   in FES: 2
** Event #112706   t=172.229071835642   Elapsed: 0.01146s (0m 00s)
     Speed:     ev/sec=9.83816e+06   simsec/sec=15033.9   ev/simsec=654.398
     Messages:  created: 2   present: 2   in FES: 1

<!> Simulation stopped with endSimulation() -- in module (ScheduledAccessQueue) DectScheduledAccessNetwork.queue (id=2), at t=172.229071835642s, event #112706

Calling finish() at end of Run #446...

Preparing for running configuration MonetecFocusedSmallR, run #447...
Scenario: $r=7, $rho=0.150, $repetition=0
Assigned runID=MonetecFocusedSmallR-447-20260930-08:34:26-58
Setting up network "dect2020scheduledaccess.DectScheduledAccessNetwork"...
Initializing...

Running simulation...
** Event #0   t=0   Elapsed: 3e-06s (0m 00s)
     Speed:     ev/sec=0   simsec/sec=0   ev/simsec=0
     Messages:  created: 2   present: 2   in FES: 2
** Event #114940   t=172.094972218065   Elapsed: 0.011679s (0m 00s)
     Speed:     ev/sec=9.84412e+06   simsec/sec=14738.9   ev/simsec=667.899
     Messages:  created: 2   present: 2   in FES: 1

<!> Simulation stopped with endSimulation() -- in module (ScheduledAccessQueue) DectScheduledAccessNetwork.queue (id=2), at t=172.094972218065s, event #114940

Calling finish() at end of Run #447...

Preparing for running configuration MonetecFocusedSmallR, run #448...
Scenario: $r=7, $rho=0.150, $repetition=1
Assigned runID=MonetecFocusedSmallR-448-20260930-08:34:26-58
Setting up network "dect2020scheduledaccess.DectScheduledAccessNetwork"...
Initializing...

Running simulation...
** Event #0   t=0   Elapsed: 2.7e-05s (0m 00s)
     Speed:     ev/sec=0   simsec/sec=0   ev/simsec=0
     Messages:  created: 2   present: 2   in FES: 2
** Event #114747   t=172.178681560536   Elapsed: 0.011766s (0m 00s)
     Speed:     ev/sec=9.77569e+06   simsec/sec=14668.4   ev/simsec=666.443
     Messages:  created: 2   present: 2   in FES: 1

<!> Simulation stopped with endSimulation() -- in module (ScheduledAccessQueue) DectScheduledAccessNetwork.queue (id=2), at t=172.178681560536s, event #114747

Calling finish() at end of Run #448...

Preparing for running configuration MonetecFocusedSmallR, run #449...
Scenario: $r=7, $rho=0.150, $repetition=2
Assigned runID=MonetecFocusedSmallR-449-20260930-08:34:26-58
Setting up network "dect2020scheduledaccess.DectScheduledAccessNetwork"...
Initializing...

Running simulation...
** Event #0   t=0   Elapsed: 2e-06s (0m 00s)
     Speed:     ev/sec=0   simsec/sec=0   ev/simsec=0
     Messages:  created: 2   present: 2   in FES: 2
** Event #114518   t=172.140730811043   Elapsed: 0.011782s (0m 00s)
     Speed:     ev/sec=9.72139e+06   simsec/sec=14612.9   ev/simsec=665.263
     Messages:  created: 2   present: 2   in FES: 1

<!> Simulation stopped with endSimulation() -- in module (ScheduledAccessQueue) DectScheduledAccessNetwork.queue (id=2), at t=172.140730811043s, event #114518

Calling finish() at end of Run #449...

Preparing for running configuration MonetecFocusedSmallR, run #450...
Scenario: $r=7, $rho=0.155, $repetition=0
Assigned runID=MonetecFocusedSmallR-450-20260930-08:34:26-58
Setting up network "dect2020scheduledaccess.DectScheduledAccessNetwork"...
Initializing...

Running simulation...
** Event #0   t=0   Elapsed: 3e-06s (0m 00s)
     Speed:     ev/sec=0   simsec/sec=0   ev/simsec=0
     Messages:  created: 2   present: 2   in FES: 2
** Event #116760   t=171.983859734956   Elapsed: 0.01189s (0m 00s)
     Speed:     ev/sec=9.82332e+06   simsec/sec=14469.4   ev/simsec=678.904
     Messages:  created: 2   present: 2   in FES: 1

<!> Simulation stopped with endSimulation() -- in module (ScheduledAccessQueue) DectScheduledAccessNetwork.queue (id=2), at t=171.983859734956s, event #116760

Calling finish() at end of Run #450...

Preparing for running configuration MonetecFocusedSmallR, run #451...
Scenario: $r=7, $rho=0.155, $repetition=1
Assigned runID=MonetecFocusedSmallR-451-20260930-08:34:26-58
Setting up network "dect2020scheduledaccess.DectScheduledAccessNetwork"...
Initializing...

Running simulation...
** Event #0   t=0   Elapsed: 3e-06s (0m 00s)
     Speed:     ev/sec=0   simsec/sec=0   ev/simsec=0
     Messages:  created: 2   present: 2   in FES: 2
** Event #116629   t=172.106121835988   Elapsed: 0.011874s (0m 00s)
     Speed:     ev/sec=9.82553e+06   simsec/sec=14499.2   ev/simsec=677.658
     Messages:  created: 2   present: 2   in FES: 1

<!> Simulation stopped with endSimulation() -- in module (ScheduledAccessQueue) DectScheduledAccessNetwork.queue (id=2), at t=172.106121835988s, event #116629

Calling finish() at end of Run #451...

Preparing for running configuration MonetecFocusedSmallR, run #452...
Scenario: $r=7, $rho=0.155, $repetition=2
Assigned runID=MonetecFocusedSmallR-452-20260930-08:34:26-58
Setting up network "dect2020scheduledaccess.DectScheduledAccessNetwork"...
Initializing...

Running simulation...
** Event #0   t=0   Elapsed: 1.9e-05s (0m 00s)
     Speed:     ev/sec=0   simsec/sec=0   ev/simsec=0
     Messages:  created: 2   present: 2   in FES: 2
** Event #116626   t=172.155805452042   Elapsed: 0.011904s (0m 00s)
     Speed:     ev/sec=9.81287e+06   simsec/sec=14485.1   ev/simsec=677.446
     Messages:  created: 2   present: 2   in FES: 1

<!> Simulation stopped with endSimulation() -- in module (ScheduledAccessQueue) DectScheduledAccessNetwork.queue (id=2), at t=172.155805452042s, event #116626

Calling finish() at end of Run #452...

Preparing for running configuration MonetecFocusedSmallR, run #453...
Scenario: $r=7, $rho=0.160, $repetition=0
Assigned runID=MonetecFocusedSmallR-453-20260930-08:34:26-58
Setting up network "dect2020scheduledaccess.DectScheduledAccessNetwork"...
Initializing...

Running simulation...
** Event #0   t=0   Elapsed: 3e-06s (0m 00s)
     Speed:     ev/sec=0   simsec/sec=0   ev/simsec=0
     Messages:  created: 2   present: 2   in FES: 2
** Event #119096   t=172.100762581495   Elapsed: 0.012722s (0m 00s)
     Speed:     ev/sec=9.36437e+06   simsec/sec=13532   ev/simsec=692.015
     Messages:  created: 2   present: 2   in FES: 1

<!> Simulation stopped with endSimulation() -- in module (ScheduledAccessQueue) DectScheduledAccessNetwork.queue (id=2), at t=172.100762581495s, event #119096

Calling finish() at end of Run #453...

Preparing for running configuration MonetecFocusedSmallR, run #454...
Scenario: $r=7, $rho=0.160, $repetition=1
Assigned runID=MonetecFocusedSmallR-454-20260930-08:34:26-58
Setting up network "dect2020scheduledaccess.DectScheduledAccessNetwork"...
Initializing...

Running simulation...
** Event #0   t=0   Elapsed: 3e-06s (0m 00s)
     Speed:     ev/sec=0   simsec/sec=0   ev/simsec=0
     Messages:  created: 2   present: 2   in FES: 2
** Event #118919   t=172.155046406385   Elapsed: 0.012436s (0m 00s)
     Speed:     ev/sec=9.56479e+06   simsec/sec=13846.6   ev/simsec=690.768
     Messages:  created: 2   present: 2   in FES: 1

<!> Simulation stopped with endSimulation() -- in module (ScheduledAccessQueue) DectScheduledAccessNetwork.queue (id=2), at t=172.155046406385s, event #118919

Calling finish() at end of Run #454...

Preparing for running configuration MonetecFocusedSmallR, run #455...
Scenario: $r=7, $rho=0.160, $repetition=2
Assigned runID=MonetecFocusedSmallR-455-20260930-08:34:26-58
Setting up network "dect2020scheduledaccess.DectScheduledAccessNetwork"...
Initializing...

Running simulation...
** Event #0   t=0   Elapsed: 3e-06s (0m 00s)
     Speed:     ev/sec=0   simsec/sec=0   ev/simsec=0
     Messages:  created: 2   present: 2   in FES: 2
** Event #118616   t=172.145825945315   Elapsed: 0.012206s (0m 00s)
     Speed:     ev/sec=9.72023e+06   simsec/sec=14106.8   ev/simsec=689.045
     Messages:  created: 2   present: 2   in FES: 1

<!> Simulation stopped with endSimulation() -- in module (ScheduledAccessQueue) DectScheduledAccessNetwork.queue (id=2), at t=172.145825945315s, event #118616

Calling finish() at end of Run #455...

Preparing for running configuration MonetecFocusedSmallR, run #456...
Scenario: $r=7, $rho=0.165, $repetition=0
Assigned runID=MonetecFocusedSmallR-456-20260930-08:34:26-58
Setting up network "dect2020scheduledaccess.DectScheduledAccessNetwork"...
Initializing...

Running simulation...
** Event #0   t=0   Elapsed: 3e-06s (0m 00s)
     Speed:     ev/sec=0   simsec/sec=0   ev/simsec=0
     Messages:  created: 2   present: 2   in FES: 2
** Event #120761   t=171.98174218247   Elapsed: 0.012435s (0m 00s)
     Speed:     ev/sec=9.71372e+06   simsec/sec=13833.8   ev/simsec=702.174
     Messages:  created: 2   present: 2   in FES: 1

<!> Simulation stopped with endSimulation() -- in module (ScheduledAccessQueue) DectScheduledAccessNetwork.queue (id=2), at t=171.98174218247s, event #120761

Calling finish() at end of Run #456...

Preparing for running configuration MonetecFocusedSmallR, run #457...
Scenario: $r=7, $rho=0.165, $repetition=1
Assigned runID=MonetecFocusedSmallR-457-20260930-08:34:26-58
Setting up network "dect2020scheduledaccess.DectScheduledAccessNetwork"...
Initializing...

Running simulation...
** Event #0   t=0   Elapsed: 3e-06s (0m 00s)
     Speed:     ev/sec=0   simsec/sec=0   ev/simsec=0
     Messages:  created: 2   present: 2   in FES: 2
** Event #120807   t=172.103447470532   Elapsed: 0.012402s (0m 00s)
     Speed:     ev/sec=9.7425e+06   simsec/sec=13879.3   ev/simsec=701.946
     Messages:  created: 2   present: 2   in FES: 1

<!> Simulation stopped with endSimulation() -- in module (ScheduledAccessQueue) DectScheduledAccessNetwork.queue (id=2), at t=172.103447470532s, event #120807

Calling finish() at end of Run #457...

Preparing for running configuration MonetecFocusedSmallR, run #458...
Scenario: $r=7, $rho=0.165, $repetition=2
Assigned runID=MonetecFocusedSmallR-458-20260930-08:34:26-58
Setting up network "dect2020scheduledaccess.DectScheduledAccessNetwork"...
Initializing...

Running simulation...
** Event #0   t=0   Elapsed: 2e-06s (0m 00s)
     Speed:     ev/sec=0   simsec/sec=0   ev/simsec=0
     Messages:  created: 2   present: 2   in FES: 2
** Event #120611   t=172.107237985357   Elapsed: 0.012402s (0m 00s)
     Speed:     ev/sec=9.72748e+06   simsec/sec=13880.7   ev/simsec=700.79
     Messages:  created: 2   present: 2   in FES: 1

<!> Simulation stopped with endSimulation() -- in module (ScheduledAccessQueue) DectScheduledAccessNetwork.queue (id=2), at t=172.107237985357s, event #120611

Calling finish() at end of Run #458...

Preparing for running configuration MonetecFocusedSmallR, run #459...
Scenario: $r=7, $rho=0.170, $repetition=0
Assigned runID=MonetecFocusedSmallR-459-20260930-08:34:26-58
Setting up network "dect2020scheduledaccess.DectScheduledAccessNetwork"...
Initializing...

Running simulation...
** Event #0   t=0   Elapsed: 3e-06s (0m 00s)
     Speed:     ev/sec=0   simsec/sec=0   ev/simsec=0
     Messages:  created: 2   present: 2   in FES: 2
** Event #123264   t=172.138332410884   Elapsed: 0.01272s (0m 00s)
     Speed:     ev/sec=9.69285e+06   simsec/sec=13536.1   ev/simsec=716.076
     Messages:  created: 2   present: 2   in FES: 1

<!> Simulation stopped with endSimulation() -- in module (ScheduledAccessQueue) DectScheduledAccessNetwork.queue (id=2), at t=172.138332410884s, event #123264

Calling finish() at end of Run #459...

Preparing for running configuration MonetecFocusedSmallR, run #460...
Scenario: $r=7, $rho=0.170, $repetition=1
Assigned runID=MonetecFocusedSmallR-460-20260930-08:34:26-58
Setting up network "dect2020scheduledaccess.DectScheduledAccessNetwork"...
Initializing...

Running simulation...
** Event #0   t=0   Elapsed: 3e-06s (0m 00s)
     Speed:     ev/sec=0   simsec/sec=0   ev/simsec=0
     Messages:  created: 2   present: 2   in FES: 2
** Event #123003   t=172.144071821934   Elapsed: 0.012516s (0m 00s)
     Speed:     ev/sec=9.83002e+06   simsec/sec=13757.2   ev/simsec=714.536
     Messages:  created: 2   present: 2   in FES: 1

<!> Simulation stopped with endSimulation() -- in module (ScheduledAccessQueue) DectScheduledAccessNetwork.queue (id=2), at t=172.144071821934s, event #123003

Calling finish() at end of Run #460...

Preparing for running configuration MonetecFocusedSmallR, run #461...
Scenario: $r=7, $rho=0.170, $repetition=2
Assigned runID=MonetecFocusedSmallR-461-20260930-08:34:26-58
Setting up network "dect2020scheduledaccess.DectScheduledAccessNetwork"...
Initializing...

Running simulation...
** Event #0   t=0   Elapsed: 3e-06s (0m 00s)
     Speed:     ev/sec=0   simsec/sec=0   ev/simsec=0
     Messages:  created: 2   present: 2   in FES: 2
** Event #122632   t=172.114085684703   Elapsed: 0.012612s (0m 00s)
     Speed:     ev/sec=9.72575e+06   simsec/sec=13650.1   ev/simsec=712.505
     Messages:  created: 2   present: 2   in FES: 1

<!> Simulation stopped with endSimulation() -- in module (ScheduledAccessQueue) DectScheduledAccessNetwork.queue (id=2), at t=172.114085684703s, event #122632

Calling finish() at end of Run #461...

Preparing for running configuration MonetecFocusedSmallR, run #462...
Scenario: $r=7, $rho=0.175, $repetition=0
Assigned runID=MonetecFocusedSmallR-462-20260930-08:34:26-58
Setting up network "dect2020scheduledaccess.DectScheduledAccessNetwork"...
Initializing...

Running simulation...
** Event #0   t=0   Elapsed: 4e-06s (0m 00s)
     Speed:     ev/sec=0   simsec/sec=0   ev/simsec=0
     Messages:  created: 2   present: 2   in FES: 2
** Event #125285   t=172.120307301441   Elapsed: 0.012957s (0m 00s)
     Speed:     ev/sec=9.67153e+06   simsec/sec=13287   ev/simsec=727.892
     Messages:  created: 2   present: 2   in FES: 1

<!> Simulation stopped with endSimulation() -- in module (ScheduledAccessQueue) DectScheduledAccessNetwork.queue (id=2), at t=172.120307301441s, event #125285

Calling finish() at end of Run #462...

Preparing for running configuration MonetecFocusedSmallR, run #463...
Scenario: $r=7, $rho=0.175, $repetition=1
Assigned runID=MonetecFocusedSmallR-463-20260930-08:34:26-58
Setting up network "dect2020scheduledaccess.DectScheduledAccessNetwork"...
Initializing...

Running simulation...
** Event #0   t=0   Elapsed: 3e-06s (0m 00s)
     Speed:     ev/sec=0   simsec/sec=0   ev/simsec=0
     Messages:  created: 2   present: 2   in FES: 2
** Event #124838   t=172.040696122813   Elapsed: 0.012754s (0m 00s)
     Speed:     ev/sec=9.79122e+06   simsec/sec=13493.4   ev/simsec=725.632
     Messages:  created: 2   present: 2   in FES: 1

<!> Simulation stopped with endSimulation() -- in module (ScheduledAccessQueue) DectScheduledAccessNetwork.queue (id=2), at t=172.040696122813s, event #124838

Calling finish() at end of Run #463...

Preparing for running configuration MonetecFocusedSmallR, run #464...
Scenario: $r=7, $rho=0.175, $repetition=2
Assigned runID=MonetecFocusedSmallR-464-20260930-08:34:26-58
Setting up network "dect2020scheduledaccess.DectScheduledAccessNetwork"...
Initializing...

Running simulation...
** Event #0   t=0   Elapsed: 3e-06s (0m 00s)
     Speed:     ev/sec=0   simsec/sec=0   ev/simsec=0
     Messages:  created: 2   present: 2   in FES: 2
** Event #124687   t=172.11192341333   Elapsed: 0.012667s (0m 00s)
     Speed:     ev/sec=9.84578e+06   simsec/sec=13590.6   ev/simsec=724.453
     Messages:  created: 2   present: 2   in FES: 1

<!> Simulation stopped with endSimulation() -- in module (ScheduledAccessQueue) DectScheduledAccessNetwork.queue (id=2), at t=172.11192341333s, event #124687

Calling finish() at end of Run #464...

Preparing for running configuration MonetecFocusedSmallR, run #465...
Scenario: $r=7, $rho=0.180, $repetition=0
Assigned runID=MonetecFocusedSmallR-465-20260930-08:34:26-58
Setting up network "dect2020scheduledaccess.DectScheduledAccessNetwork"...
Initializing...

Running simulation...
** Event #0   t=0   Elapsed: 3e-06s (0m 00s)
     Speed:     ev/sec=0   simsec/sec=0   ev/simsec=0
     Messages:  created: 2   present: 2   in FES: 2
** Event #127137   t=172.027750369361   Elapsed: 0.013147s (0m 00s)
     Speed:     ev/sec=9.67263e+06   simsec/sec=13087.9   ev/simsec=739.051
     Messages:  created: 2   present: 2   in FES: 1

<!> Simulation stopped with endSimulation() -- in module (ScheduledAccessQueue) DectScheduledAccessNetwork.queue (id=2), at t=172.027750369361s, event #127137

Calling finish() at end of Run #465...

Preparing for running configuration MonetecFocusedSmallR, run #466...
Scenario: $r=7, $rho=0.180, $repetition=1
Assigned runID=MonetecFocusedSmallR-466-20260930-08:34:27-58
Setting up network "dect2020scheduledaccess.DectScheduledAccessNetwork"...
Initializing...

Running simulation...
** Event #0   t=0   Elapsed: 3e-06s (0m 00s)
     Speed:     ev/sec=0   simsec/sec=0   ev/simsec=0
     Messages:  created: 2   present: 2   in FES: 2
** Event #127169   t=172.12382844392   Elapsed: 0.012964s (0m 00s)
     Speed:     ev/sec=9.81242e+06   simsec/sec=13281.1   ev/simsec=738.823
     Messages:  created: 2   present: 2   in FES: 1

<!> Simulation stopped with endSimulation() -- in module (ScheduledAccessQueue) DectScheduledAccessNetwork.queue (id=2), at t=172.12382844392s, event #127169

Calling finish() at end of Run #466...

Preparing for running configuration MonetecFocusedSmallR, run #467...
Scenario: $r=7, $rho=0.180, $repetition=2
Assigned runID=MonetecFocusedSmallR-467-20260930-08:34:27-58
Setting up network "dect2020scheduledaccess.DectScheduledAccessNetwork"...
Initializing...

Running simulation...
** Event #0   t=0   Elapsed: 3e-06s (0m 00s)
     Speed:     ev/sec=0   simsec/sec=0   ev/simsec=0
     Messages:  created: 2   present: 2   in FES: 2
** Event #126802   t=172.132896298747   Elapsed: 0.012939s (0m 00s)
     Speed:     ev/sec=9.80302e+06   simsec/sec=13307.5   ev/simsec=736.652
     Messages:  created: 2   present: 2   in FES: 1

<!> Simulation stopped with endSimulation() -- in module (ScheduledAccessQueue) DectScheduledAccessNetwork.queue (id=2), at t=172.132896298747s, event #126802

Calling finish() at end of Run #467...

Preparing for running configuration MonetecFocusedSmallR, run #468...
Scenario: $r=7, $rho=0.185, $repetition=0
Assigned runID=MonetecFocusedSmallR-468-20260930-08:34:27-58
Setting up network "dect2020scheduledaccess.DectScheduledAccessNetwork"...
Initializing...

Running simulation...
** Event #0   t=0   Elapsed: 2e-06s (0m 00s)
     Speed:     ev/sec=0   simsec/sec=0   ev/simsec=0
     Messages:  created: 2   present: 2   in FES: 2
** Event #129364   t=172.080873613395   Elapsed: 0.013278s (0m 00s)
     Speed:     ev/sec=9.74493e+06   simsec/sec=12962.8   ev/simsec=751.763
     Messages:  created: 2   present: 2   in FES: 1

<!> Simulation stopped with endSimulation() -- in module (ScheduledAccessQueue) DectScheduledAccessNetwork.queue (id=2), at t=172.080873613395s, event #129364

Calling finish() at end of Run #468...

Preparing for running configuration MonetecFocusedSmallR, run #469...
Scenario: $r=7, $rho=0.185, $repetition=1
Assigned runID=MonetecFocusedSmallR-469-20260930-08:34:27-58
Setting up network "dect2020scheduledaccess.DectScheduledAccessNetwork"...
Initializing...

Running simulation...
** Event #0   t=0   Elapsed: 3e-06s (0m 00s)
     Speed:     ev/sec=0   simsec/sec=0   ev/simsec=0
     Messages:  created: 2   present: 2   in FES: 2
** Event #129192   t=172.088385981264   Elapsed: 0.013091s (0m 00s)
     Speed:     ev/sec=9.87178e+06   simsec/sec=13149.5   ev/simsec=750.736
     Messages:  created: 2   present: 2   in FES: 1

<!> Simulation stopped with endSimulation() -- in module (ScheduledAccessQueue) DectScheduledAccessNetwork.queue (id=2), at t=172.088385981264s, event #129192

Calling finish() at end of Run #469...

Preparing for running configuration MonetecFocusedSmallR, run #470...
Scenario: $r=7, $rho=0.185, $repetition=2
Assigned runID=MonetecFocusedSmallR-470-20260930-08:34:27-58
Setting up network "dect2020scheduledaccess.DectScheduledAccessNetwork"...
Initializing...

Running simulation...
** Event #0   t=0   Elapsed: 2e-06s (0m 00s)
     Speed:     ev/sec=0   simsec/sec=0   ev/simsec=0
     Messages:  created: 2   present: 2   in FES: 2
** Event #128664   t=172.050686047994   Elapsed: 0.013192s (0m 00s)
     Speed:     ev/sec=9.7554e+06   simsec/sec=13045   ev/simsec=747.826
     Messages:  created: 2   present: 2   in FES: 1

<!> Simulation stopped with endSimulation() -- in module (ScheduledAccessQueue) DectScheduledAccessNetwork.queue (id=2), at t=172.050686047994s, event #128664

Calling finish() at end of Run #470...

Preparing for running configuration MonetecFocusedSmallR, run #471...
Scenario: $r=7, $rho=0.190, $repetition=0
Assigned runID=MonetecFocusedSmallR-471-20260930-08:34:27-58
Setting up network "dect2020scheduledaccess.DectScheduledAccessNetwork"...
Initializing...

Running simulation...
** Event #0   t=0   Elapsed: 3e-06s (0m 00s)
     Speed:     ev/sec=0   simsec/sec=0   ev/simsec=0
     Messages:  created: 2   present: 2   in FES: 2
** Event #131535   t=172.096206746138   Elapsed: 0.013378s (0m 00s)
     Speed:     ev/sec=9.83439e+06   simsec/sec=12867   ev/simsec=764.311
     Messages:  created: 2   present: 2   in FES: 1

<!> Simulation stopped with endSimulation() -- in module (ScheduledAccessQueue) DectScheduledAccessNetwork.queue (id=2), at t=172.096206746138s, event #131535

Calling finish() at end of Run #471...

Preparing for running configuration MonetecFocusedSmallR, run #472...
Scenario: $r=7, $rho=0.190, $repetition=1
Assigned runID=MonetecFocusedSmallR-472-20260930-08:34:27-58
Setting up network "dect2020scheduledaccess.DectScheduledAccessNetwork"...
Initializing...

Running simulation...
** Event #0   t=0   Elapsed: 5e-06s (0m 00s)
     Speed:     ev/sec=0   simsec/sec=0   ev/simsec=0
     Messages:  created: 2   present: 2   in FES: 2
** Event #131354   t=172.090619196142   Elapsed: 0.013402s (0m 00s)
     Speed:     ev/sec=9.804e+06   simsec/sec=12844.5   ev/simsec=763.284
     Messages:  created: 2   present: 2   in FES: 1

<!> Simulation stopped with endSimulation() -- in module (ScheduledAccessQueue) DectScheduledAccessNetwork.queue (id=2), at t=172.090619196142s, event #131354

Calling finish() at end of Run #472...

Preparing for running configuration MonetecFocusedSmallR, run #473...
Scenario: $r=7, $rho=0.190, $repetition=2
Assigned runID=MonetecFocusedSmallR-473-20260930-08:34:27-58
Setting up network "dect2020scheduledaccess.DectScheduledAccessNetwork"...
Initializing...

Running simulation...
** Event #0   t=0   Elapsed: 4e-06s (0m 00s)
     Speed:     ev/sec=0   simsec/sec=0   ev/simsec=0
     Messages:  created: 2   present: 2   in FES: 2
** Event #130766   t=172.053698700586   Elapsed: 0.013413s (0m 00s)
     Speed:     ev/sec=9.75283e+06   simsec/sec=12832.2   ev/simsec=760.031
     Messages:  created: 2   present: 2   in FES: 1

<!> Simulation stopped with endSimulation() -- in module (ScheduledAccessQueue) DectScheduledAccessNetwork.queue (id=2), at t=172.053698700586s, event #130766

Calling finish() at end of Run #473...

Preparing for running configuration MonetecFocusedSmallR, run #474...
Scenario: $r=7, $rho=0.195, $repetition=0
Assigned runID=MonetecFocusedSmallR-474-20260930-08:34:27-58
Setting up network "dect2020scheduledaccess.DectScheduledAccessNetwork"...
Initializing...

Running simulation...
** Event #0   t=0   Elapsed: 3e-06s (0m 00s)
     Speed:     ev/sec=0   simsec/sec=0   ev/simsec=0
     Messages:  created: 2   present: 2   in FES: 2
** Event #133457   t=172.030599795361   Elapsed: 0.013556s (0m 00s)
     Speed:     ev/sec=9.84777e+06   simsec/sec=12694.1   ev/simsec=775.775
     Messages:  created: 2   present: 2   in FES: 1

<!> Simulation stopped with endSimulation() -- in module (ScheduledAccessQueue) DectScheduledAccessNetwork.queue (id=2), at t=172.030599795361s, event #133457

Calling finish() at end of Run #474...

Preparing for running configuration MonetecFocusedSmallR, run #475...
Scenario: $r=7, $rho=0.195, $repetition=1
Assigned runID=MonetecFocusedSmallR-475-20260930-08:34:27-58
Setting up network "dect2020scheduledaccess.DectScheduledAccessNetwork"...
Initializing...

Running simulation...
** Event #0   t=0   Elapsed: 3e-06s (0m 00s)
     Speed:     ev/sec=0   simsec/sec=0   ev/simsec=0
     Messages:  created: 2   present: 2   in FES: 2
** Event #133234   t=172.048264750529   Elapsed: 0.013698s (0m 00s)
     Speed:     ev/sec=9.72866e+06   simsec/sec=12562.8   ev/simsec=774.402
     Messages:  created: 2   present: 2   in FES: 1

<!> Simulation stopped with endSimulation() -- in module (ScheduledAccessQueue) DectScheduledAccessNetwork.queue (id=2), at t=172.048264750529s, event #133234

Calling finish() at end of Run #475...

Preparing for running configuration MonetecFocusedSmallR, run #476...
Scenario: $r=7, $rho=0.195, $repetition=2
Assigned runID=MonetecFocusedSmallR-476-20260930-08:34:27-58
Setting up network "dect2020scheduledaccess.DectScheduledAccessNetwork"...
Initializing...

Running simulation...
** Event #0   t=0   Elapsed: 2e-06s (0m 00s)
     Speed:     ev/sec=0   simsec/sec=0   ev/simsec=0
     Messages:  created: 2   present: 2   in FES: 2
** Event #133136   t=172.148096104702   Elapsed: 0.013589s (0m 00s)
     Speed:     ev/sec=9.79878e+06   simsec/sec=12670   ev/simsec=773.385
     Messages:  created: 2   present: 2   in FES: 1

<!> Simulation stopped with endSimulation() -- in module (ScheduledAccessQueue) DectScheduledAccessNetwork.queue (id=2), at t=172.148096104702s, event #133136

Calling finish() at end of Run #476...

Preparing for running configuration MonetecFocusedSmallR, run #477...
Scenario: $r=7, $rho=0.200, $repetition=0
Assigned runID=MonetecFocusedSmallR-477-20260930-08:34:27-58
Setting up network "dect2020scheduledaccess.DectScheduledAccessNetwork"...
Initializing...

Running simulation...
** Event #0   t=0   Elapsed: 3e-06s (0m 00s)
     Speed:     ev/sec=0   simsec/sec=0   ev/simsec=0
     Messages:  created: 2   present: 2   in FES: 2
** Event #135728   t=172.075926569883   Elapsed: 0.013793s (0m 00s)
     Speed:     ev/sec=9.84249e+06   simsec/sec=12478.3   ev/simsec=788.769
     Messages:  created: 2   present: 2   in FES: 1

<!> Simulation stopped with endSimulation() -- in module (ScheduledAccessQueue) DectScheduledAccessNetwork.queue (id=2), at t=172.075926569883s, event #135728

Calling finish() at end of Run #477...

Preparing for running configuration MonetecFocusedSmallR, run #478...
Scenario: $r=7, $rho=0.200, $repetition=1
Assigned runID=MonetecFocusedSmallR-478-20260930-08:34:27-58
Setting up network "dect2020scheduledaccess.DectScheduledAccessNetwork"...
Initializing...

Running simulation...
** Event #0   t=0   Elapsed: 2e-06s (0m 00s)
     Speed:     ev/sec=0   simsec/sec=0   ev/simsec=0
     Messages:  created: 2   present: 2   in FES: 2
** Event #135250   t=172.03003914821   Elapsed: 0.01376s (0m 00s)
     Speed:     ev/sec=9.83064e+06   simsec/sec=12504   ev/simsec=786.201
     Messages:  created: 2   present: 2   in FES: 1

<!> Simulation stopped with endSimulation() -- in module (ScheduledAccessQueue) DectScheduledAccessNetwork.queue (id=2), at t=172.03003914821s, event #135250

Calling finish() at end of Run #478...

Preparing for running configuration MonetecFocusedSmallR, run #479...
Scenario: $r=7, $rho=0.200, $repetition=2
Assigned runID=MonetecFocusedSmallR-479-20260930-08:34:27-58
Setting up network "dect2020scheduledaccess.DectScheduledAccessNetwork"...
Initializing...

Running simulation...
** Event #0   t=0   Elapsed: 4e-06s (0m 00s)
     Speed:     ev/sec=0   simsec/sec=0   ev/simsec=0
     Messages:  created: 2   present: 2   in FES: 2
** Event #135479   t=172.206504765546   Elapsed: 0.013786s (0m 00s)
     Speed:     ev/sec=9.82943e+06   simsec/sec=12494.1   ev/simsec=786.724
     Messages:  created: 2   present: 2   in FES: 1

<!> Simulation stopped with endSimulation() -- in module (ScheduledAccessQueue) DectScheduledAccessNetwork.queue (id=2), at t=172.206504765546s, event #135479

Calling finish() at end of Run #479...

Preparing for running configuration MonetecFocusedSmallR, run #480...
Scenario: $r=7, $rho=0.205, $repetition=0
Assigned runID=MonetecFocusedSmallR-480-20260930-08:34:27-58
Setting up network "dect2020scheduledaccess.DectScheduledAccessNetwork"...
Initializing...

Running simulation...
** Event #0   t=0   Elapsed: 7e-06s (0m 00s)
     Speed:     ev/sec=0   simsec/sec=0   ev/simsec=0
     Messages:  created: 2   present: 2   in FES: 2
** Event #137716   t=172.052716453516   Elapsed: 0.013989s (0m 00s)
     Speed:     ev/sec=9.84882e+06   simsec/sec=12304.4   ev/simsec=800.43
     Messages:  created: 2   present: 2   in FES: 1

<!> Simulation stopped with endSimulation() -- in module (ScheduledAccessQueue) DectScheduledAccessNetwork.queue (id=2), at t=172.052716453516s, event #137716

Calling finish() at end of Run #480...

Preparing for running configuration MonetecFocusedSmallR, run #481...
Scenario: $r=7, $rho=0.205, $repetition=1
Assigned runID=MonetecFocusedSmallR-481-20260930-08:34:27-58
Setting up network "dect2020scheduledaccess.DectScheduledAccessNetwork"...
Initializing...

Running simulation...
** Event #0   t=0   Elapsed: 3e-06s (0m 00s)
     Speed:     ev/sec=0   simsec/sec=0   ev/simsec=0
     Messages:  created: 2   present: 2   in FES: 2
** Event #137650   t=172.136068003747   Elapsed: 0.01397s (0m 00s)
     Speed:     ev/sec=9.85537e+06   simsec/sec=12324.5   ev/simsec=799.658
     Messages:  created: 2   present: 2   in FES: 1

<!> Simulation stopped with endSimulation() -- in module (ScheduledAccessQueue) DectScheduledAccessNetwork.queue (id=2), at t=172.136068003747s, event #137650

Calling finish() at end of Run #481...

Preparing for running configuration MonetecFocusedSmallR, run #482...
Scenario: $r=7, $rho=0.205, $repetition=2
Assigned runID=MonetecFocusedSmallR-482-20260930-08:34:27-58
Setting up network "dect2020scheduledaccess.DectScheduledAccessNetwork"...
Initializing...

Running simulation...
** Event #0   t=0   Elapsed: 3e-06s (0m 00s)
     Speed:     ev/sec=0   simsec/sec=0   ev/simsec=0
     Messages:  created: 2   present: 2   in FES: 2
** Event #137334   t=172.124264455164   Elapsed: 0.014038s (0m 00s)
     Speed:     ev/sec=9.78581e+06   simsec/sec=12264.8   ev/simsec=797.878
     Messages:  created: 2   present: 2   in FES: 1

<!> Simulation stopped with endSimulation() -- in module (ScheduledAccessQueue) DectScheduledAccessNetwork.queue (id=2), at t=172.124264455164s, event #137334

Calling finish() at end of Run #482...

Preparing for running configuration MonetecFocusedSmallR, run #483...
Scenario: $r=7, $rho=0.210, $repetition=0
Assigned runID=MonetecFocusedSmallR-483-20260930-08:34:27-58
Setting up network "dect2020scheduledaccess.DectScheduledAccessNetwork"...
Initializing...

Running simulation...
** Event #0   t=0   Elapsed: 3e-06s (0m 00s)
     Speed:     ev/sec=0   simsec/sec=0   ev/simsec=0
     Messages:  created: 2   present: 2   in FES: 2
** Event #139839   t=172.064771431209   Elapsed: 0.014153s (0m 00s)
     Speed:     ev/sec=9.88261e+06   simsec/sec=12160   ev/simsec=812.714
     Messages:  created: 2   present: 2   in FES: 1

<!> Simulation stopped with endSimulation() -- in module (ScheduledAccessQueue) DectScheduledAccessNetwork.queue (id=2), at t=172.064771431209s, event #139839

Calling finish() at end of Run #483...

Preparing for running configuration MonetecFocusedSmallR, run #484...
Scenario: $r=7, $rho=0.210, $repetition=1
Assigned runID=MonetecFocusedSmallR-484-20260930-08:34:27-58
Setting up network "dect2020scheduledaccess.DectScheduledAccessNetwork"...
Initializing...

Running simulation...
** Event #0   t=0   Elapsed: 4e-06s (0m 00s)
     Speed:     ev/sec=0   simsec/sec=0   ev/simsec=0
     Messages:  created: 2   present: 2   in FES: 2
** Event #139501   t=172.053430004456   Elapsed: 0.014204s (0m 00s)
     Speed:     ev/sec=9.82471e+06   simsec/sec=12117.3   ev/simsec=810.801
     Messages:  created: 2   present: 2   in FES: 1

<!> Simulation stopped with endSimulation() -- in module (ScheduledAccessQueue) DectScheduledAccessNetwork.queue (id=2), at t=172.053430004456s, event #139501

Calling finish() at end of Run #484...

Preparing for running configuration MonetecFocusedSmallR, run #485...
Scenario: $r=7, $rho=0.210, $repetition=2
Assigned runID=MonetecFocusedSmallR-485-20260930-08:34:27-58
Setting up network "dect2020scheduledaccess.DectScheduledAccessNetwork"...
Initializing...

Running simulation...
** Event #0   t=0   Elapsed: 3e-06s (0m 00s)
     Speed:     ev/sec=0   simsec/sec=0   ev/simsec=0
     Messages:  created: 2   present: 2   in FES: 2
** Event #139605   t=172.199401946161   Elapsed: 0.014171s (0m 00s)
     Speed:     ev/sec=9.85354e+06   simsec/sec=12154.1   ev/simsec=810.719
     Messages:  created: 2   present: 2   in FES: 1

<!> Simulation stopped with endSimulation() -- in module (ScheduledAccessQueue) DectScheduledAccessNetwork.queue (id=2), at t=172.199401946161s, event #139605

Calling finish() at end of Run #485...

Preparing for running configuration MonetecFocusedSmallR, run #486...
Scenario: $r=7, $rho=0.215, $repetition=0
Assigned runID=MonetecFocusedSmallR-486-20260930-08:34:27-58
Setting up network "dect2020scheduledaccess.DectScheduledAccessNetwork"...
Initializing...

Running simulation...
** Event #0   t=0   Elapsed: 3e-06s (0m 00s)
     Speed:     ev/sec=0   simsec/sec=0   ev/simsec=0
     Messages:  created: 2   present: 2   in FES: 2
** Event #141741   t=172.003648954497   Elapsed: 0.014418s (0m 00s)
     Speed:     ev/sec=9.83356e+06   simsec/sec=11933.1   ev/simsec=824.06
     Messages:  created: 2   present: 2   in FES: 1

<!> Simulation stopped with endSimulation() -- in module (ScheduledAccessQueue) DectScheduledAccessNetwork.queue (id=2), at t=172.003648954497s, event #141741

Calling finish() at end of Run #486...

Preparing for running configuration MonetecFocusedSmallR, run #487...
Scenario: $r=7, $rho=0.215, $repetition=1
Assigned runID=MonetecFocusedSmallR-487-20260930-08:34:27-58
Setting up network "dect2020scheduledaccess.DectScheduledAccessNetwork"...
Initializing...

Running simulation...
** Event #0   t=0   Elapsed: 3e-06s (0m 00s)
     Speed:     ev/sec=0   simsec/sec=0   ev/simsec=0
     Messages:  created: 2   present: 2   in FES: 2
** Event #141575   t=172.061024453938   Elapsed: 0.014388s (0m 00s)
     Speed:     ev/sec=9.84253e+06   simsec/sec=11961.9   ev/simsec=822.82
     Messages:  created: 2   present: 2   in FES: 1

<!> Simulation stopped with endSimulation() -- in module (ScheduledAccessQueue) DectScheduledAccessNetwork.queue (id=2), at t=172.061024453938s, event #141575

Calling finish() at end of Run #487...

Preparing for running configuration MonetecFocusedSmallR, run #488...
Scenario: $r=7, $rho=0.215, $repetition=2
Assigned runID=MonetecFocusedSmallR-488-20260930-08:34:27-58
Setting up network "dect2020scheduledaccess.DectScheduledAccessNetwork"...
Initializing...

Running simulation...
** Event #0   t=0   Elapsed: 3e-06s (0m 00s)
     Speed:     ev/sec=0   simsec/sec=0   ev/simsec=0
     Messages:  created: 2   present: 2   in FES: 2
** Event #141658   t=172.213259619318   Elapsed: 0.014413s (0m 00s)
     Speed:     ev/sec=9.82985e+06   simsec/sec=11950.1   ev/simsec=822.576
     Messages:  created: 2   present: 2   in FES: 1

<!> Simulation stopped with endSimulation() -- in module (ScheduledAccessQueue) DectScheduledAccessNetwork.queue (id=2), at t=172.213259619318s, event #141658

Calling finish() at end of Run #488...

Preparing for running configuration MonetecFocusedSmallR, run #489...
Scenario: $r=7, $rho=0.220, $repetition=0
Assigned runID=MonetecFocusedSmallR-489-20260930-08:34:27-58
Setting up network "dect2020scheduledaccess.DectScheduledAccessNetwork"...
Initializing...

Running simulation...
** Event #0   t=0   Elapsed: 3e-06s (0m 00s)
     Speed:     ev/sec=0   simsec/sec=0   ev/simsec=0
     Messages:  created: 2   present: 2   in FES: 2
** Event #143890   t=172.041192509372   Elapsed: 0.014649s (0m 00s)
     Speed:     ev/sec=9.8252e+06   simsec/sec=11747.4   ev/simsec=836.372
     Messages:  created: 2   present: 2   in FES: 1

<!> Simulation stopped with endSimulation() -- in module (ScheduledAccessQueue) DectScheduledAccessNetwork.queue (id=2), at t=172.041192509372s, event #143890

Calling finish() at end of Run #489...

Preparing for running configuration MonetecFocusedSmallR, run #490...
Scenario: $r=7, $rho=0.220, $repetition=1
Assigned runID=MonetecFocusedSmallR-490-20260930-08:34:27-58
Setting up network "dect2020scheduledaccess.DectScheduledAccessNetwork"...
Initializing...

Running simulation...
** Event #0   t=0   Elapsed: 4e-06s (0m 00s)
     Speed:     ev/sec=0   simsec/sec=0   ev/simsec=0
     Messages:  created: 2   present: 2   in FES: 2
** Event #144005   t=172.165592828838   Elapsed: 0.014641s (0m 00s)
     Speed:     ev/sec=9.83842e+06   simsec/sec=11762.3   ev/simsec=836.435
     Messages:  created: 2   present: 2   in FES: 1

<!> Simulation stopped with endSimulation() -- in module (ScheduledAccessQueue) DectScheduledAccessNetwork.queue (id=2), at t=172.165592828838s, event #144005

Calling finish() at end of Run #490...

Preparing for running configuration MonetecFocusedSmallR, run #491...
Scenario: $r=7, $rho=0.220, $repetition=2
Assigned runID=MonetecFocusedSmallR-491-20260930-08:34:27-58
Setting up network "dect2020scheduledaccess.DectScheduledAccessNetwork"...
Initializing...

Running simulation...
** Event #0   t=0   Elapsed: 3e-06s (0m 00s)
     Speed:     ev/sec=0   simsec/sec=0   ev/simsec=0
     Messages:  created: 2   present: 2   in FES: 2
** Event #143565   t=172.134045010564   Elapsed: 0.014699s (0m 00s)
     Speed:     ev/sec=9.76898e+06   simsec/sec=11712.9   ev/simsec=834.036
     Messages:  created: 2   present: 2   in FES: 1

<!> Simulation stopped with endSimulation() -- in module (ScheduledAccessQueue) DectScheduledAccessNetwork.queue (id=2), at t=172.134045010564s, event #143565

Calling finish() at end of Run #491...

Preparing for running configuration MonetecFocusedSmallR, run #492...
Scenario: $r=7, $rho=0.225, $repetition=0
Assigned runID=MonetecFocusedSmallR-492-20260930-08:34:27-58
Setting up network "dect2020scheduledaccess.DectScheduledAccessNetwork"...
Initializing...

Running simulation...
** Event #0   t=0   Elapsed: 3e-06s (0m 00s)
     Speed:     ev/sec=0   simsec/sec=0   ev/simsec=0
     Messages:  created: 2   present: 2   in FES: 2
** Event #145753   t=171.979876700886   Elapsed: 0.014799s (0m 00s)
     Speed:     ev/sec=9.85084e+06   simsec/sec=11623.4   ev/simsec=847.501
     Messages:  created: 2   present: 2   in FES: 1

<!> Simulation stopped with endSimulation() -- in module (ScheduledAccessQueue) DectScheduledAccessNetwork.queue (id=2), at t=171.979876700886s, event #145753

Calling finish() at end of Run #492...

Preparing for running configuration MonetecFocusedSmallR, run #493...
Scenario: $r=7, $rho=0.225, $repetition=1
Assigned runID=MonetecFocusedSmallR-493-20260930-08:34:27-58
Setting up network "dect2020scheduledaccess.DectScheduledAccessNetwork"...
Initializing...

Running simulation...
** Event #0   t=0   Elapsed: 3e-06s (0m 00s)
     Speed:     ev/sec=0   simsec/sec=0   ev/simsec=0
     Messages:  created: 2   present: 2   in FES: 2
** Event #145826   t=172.107046226612   Elapsed: 0.014828s (0m 00s)
     Speed:     ev/sec=9.83649e+06   simsec/sec=11609.1   ev/simsec=847.306
     Messages:  created: 2   present: 2   in FES: 1

<!> Simulation stopped with endSimulation() -- in module (ScheduledAccessQueue) DectScheduledAccessNetwork.queue (id=2), at t=172.107046226612s, event #145826

Calling finish() at end of Run #493...

Preparing for running configuration MonetecFocusedSmallR, run #494...
Scenario: $r=7, $rho=0.225, $repetition=2
Assigned runID=MonetecFocusedSmallR-494-20260930-08:34:27-58
Setting up network "dect2020scheduledaccess.DectScheduledAccessNetwork"...
Initializing...

Running simulation...
** Event #0   t=0   Elapsed: 3e-06s (0m 00s)
     Speed:     ev/sec=0   simsec/sec=0   ev/simsec=0
     Messages:  created: 2   present: 2   in FES: 2
** Event #145739   t=172.196106022439   Elapsed: 0.014761s (0m 00s)
     Speed:     ev/sec=9.87525e+06   simsec/sec=11668   ev/simsec=846.356
     Messages:  created: 2   present: 2   in FES: 1

<!> Simulation stopped with endSimulation() -- in module (ScheduledAccessQueue) DectScheduledAccessNetwork.queue (id=2), at t=172.196106022439s, event #145739

Calling finish() at end of Run #494...

Preparing for running configuration MonetecFocusedSmallR, run #495...
Scenario: $r=7, $rho=0.230, $repetition=0
Assigned runID=MonetecFocusedSmallR-495-20260930-08:34:27-58
Setting up network "dect2020scheduledaccess.DectScheduledAccessNetwork"...
Initializing...

Running simulation...
** Event #0   t=0   Elapsed: 3e-06s (0m 00s)
     Speed:     ev/sec=0   simsec/sec=0   ev/simsec=0
     Messages:  created: 2   present: 2   in FES: 2
** Event #147944   t=172.006647003178   Elapsed: 0.015162s (0m 00s)
     Speed:     ev/sec=9.75948e+06   simsec/sec=11346.8   ev/simsec=860.106
     Messages:  created: 2   present: 2   in FES: 1

<!> Simulation stopped with endSimulation() -- in module (ScheduledAccessQueue) DectScheduledAccessNetwork.queue (id=2), at t=172.006647003178s, event #147944

Calling finish() at end of Run #495...

Preparing for running configuration MonetecFocusedSmallR, run #496...
Scenario: $r=7, $rho=0.230, $repetition=1
Assigned runID=MonetecFocusedSmallR-496-20260930-08:34:27-58
Setting up network "dect2020scheduledaccess.DectScheduledAccessNetwork"...
Initializing...

Running simulation...
** Event #0   t=0   Elapsed: 3e-06s (0m 00s)
     Speed:     ev/sec=0   simsec/sec=0   ev/simsec=0
     Messages:  created: 2   present: 2   in FES: 2
** Event #147525   t=171.993776350847   Elapsed: 0.015091s (0m 00s)
     Speed:     ev/sec=9.77764e+06   simsec/sec=11399.4   ev/simsec=857.736
     Messages:  created: 2   present: 2   in FES: 1

<!> Simulation stopped with endSimulation() -- in module (ScheduledAccessQueue) DectScheduledAccessNetwork.queue (id=2), at t=171.993776350847s, event #147525

Calling finish() at end of Run #496...

Preparing for running configuration MonetecFocusedSmallR, run #497...
Scenario: $r=7, $rho=0.230, $repetition=2
Assigned runID=MonetecFocusedSmallR-497-20260930-08:34:27-58
Setting up network "dect2020scheduledaccess.DectScheduledAccessNetwork"...
Initializing...

Running simulation...
** Event #0   t=0   Elapsed: 2e-06s (0m 00s)
     Speed:     ev/sec=0   simsec/sec=0   ev/simsec=0
     Messages:  created: 2   present: 2   in FES: 2
** Event #147664   t=172.152104827122   Elapsed: 0.015157s (0m 00s)
     Speed:     ev/sec=9.74358e+06   simsec/sec=11359.4   ev/simsec=857.754
     Messages:  created: 2   present: 2   in FES: 1

<!> Simulation stopped with endSimulation() -- in module (ScheduledAccessQueue) DectScheduledAccessNetwork.queue (id=2), at t=172.152104827122s, event #147664

Calling finish() at end of Run #497...

Preparing for running configuration MonetecFocusedSmallR, run #498...
Scenario: $r=7, $rho=0.235, $repetition=0
Assigned runID=MonetecFocusedSmallR-498-20260930-08:34:27-58
Setting up network "dect2020scheduledaccess.DectScheduledAccessNetwork"...
Initializing...

Running simulation...
** Event #0   t=0   Elapsed: 3e-06s (0m 00s)
     Speed:     ev/sec=0   simsec/sec=0   ev/simsec=0
     Messages:  created: 2   present: 2   in FES: 2
** Event #149898   t=171.984597836811   Elapsed: 0.015839s (0m 00s)
     Speed:     ev/sec=9.46625e+06   simsec/sec=10861   ev/simsec=871.579
     Messages:  created: 2   present: 2   in FES: 1

<!> Simulation stopped with endSimulation() -- in module (ScheduledAccessQueue) DectScheduledAccessNetwork.queue (id=2), at t=171.984597836811s, event #149898

Calling finish() at end of Run #498...

Preparing for running configuration MonetecFocusedSmallR, run #499...
Scenario: $r=7, $rho=0.235, $repetition=1
Assigned runID=MonetecFocusedSmallR-499-20260930-08:34:27-58
Setting up network "dect2020scheduledaccess.DectScheduledAccessNetwork"...
Initializing...

Running simulation...
** Event #0   t=0   Elapsed: 3e-06s (0m 00s)
     Speed:     ev/sec=0   simsec/sec=0   ev/simsec=0
     Messages:  created: 2   present: 2   in FES: 2
** Event #149757   t=172.043851659012   Elapsed: 0.015307s (0m 00s)
     Speed:     ev/sec=9.78548e+06   simsec/sec=11241.7   ev/simsec=870.46
     Messages:  created: 2   present: 2   in FES: 1

<!> Simulation stopped with endSimulation() -- in module (ScheduledAccessQueue) DectScheduledAccessNetwork.queue (id=2), at t=172.043851659012s, event #149757

Calling finish() at end of Run #499...

Preparing for running configuration MonetecFocusedSmallR, run #500...
Scenario: $r=7, $rho=0.235, $repetition=2
Assigned runID=MonetecFocusedSmallR-500-20260930-08:34:27-58
Setting up network "dect2020scheduledaccess.DectScheduledAccessNetwork"...
Initializing...

Running simulation...
** Event #0   t=0   Elapsed: 3e-06s (0m 00s)
     Speed:     ev/sec=0   simsec/sec=0   ev/simsec=0
     Messages:  created: 2   present: 2   in FES: 2
** Event #149774   t=172.16277685821   Elapsed: 0.015385s (0m 00s)
     Speed:     ev/sec=9.73697e+06   simsec/sec=11192.5   ev/simsec=869.956
     Messages:  created: 2   present: 2   in FES: 1

<!> Simulation stopped with endSimulation() -- in module (ScheduledAccessQueue) DectScheduledAccessNetwork.queue (id=2), at t=172.16277685821s, event #149774

Calling finish() at end of Run #500...

Preparing for running configuration MonetecFocusedSmallR, run #501...
Scenario: $r=7, $rho=0.240, $repetition=0
Assigned runID=MonetecFocusedSmallR-501-20260930-08:34:27-58
Setting up network "dect2020scheduledaccess.DectScheduledAccessNetwork"...
Initializing...

Running simulation...
** Event #0   t=0   Elapsed: 3e-06s (0m 00s)
     Speed:     ev/sec=0   simsec/sec=0   ev/simsec=0
     Messages:  created: 2   present: 2   in FES: 2
** Event #152135   t=172.064918037251   Elapsed: 0.015468s (0m 00s)
     Speed:     ev/sec=9.83737e+06   simsec/sec=11126.1   ev/simsec=884.173
     Messages:  created: 2   present: 2   in FES: 1

<!> Simulation stopped with endSimulation() -- in module (ScheduledAccessQueue) DectScheduledAccessNetwork.queue (id=2), at t=172.064918037251s, event #152135

Calling finish() at end of Run #501...

Preparing for running configuration MonetecFocusedSmallR, run #502...
Scenario: $r=7, $rho=0.240, $repetition=1
Assigned runID=MonetecFocusedSmallR-502-20260930-08:34:27-58
Setting up network "dect2020scheduledaccess.DectScheduledAccessNetwork"...
Initializing...

Running simulation...
** Event #0   t=0   Elapsed: 4e-06s (0m 00s)
     Speed:     ev/sec=0   simsec/sec=0   ev/simsec=0
     Messages:  created: 2   present: 2   in FES: 2
** Event #152033   t=172.130827363575   Elapsed: 0.015542s (0m 00s)
     Speed:     ev/sec=9.78396e+06   simsec/sec=11077.3   ev/simsec=883.243
     Messages:  created: 2   present: 2   in FES: 1

<!> Simulation stopped with endSimulation() -- in module (ScheduledAccessQueue) DectScheduledAccessNetwork.queue (id=2), at t=172.130827363575s, event #152033

Calling finish() at end of Run #502...

Preparing for running configuration MonetecFocusedSmallR, run #503...
Scenario: $r=7, $rho=0.240, $repetition=2
Assigned runID=MonetecFocusedSmallR-503-20260930-08:34:27-58
Setting up network "dect2020scheduledaccess.DectScheduledAccessNetwork"...
Initializing...

Running simulation...
** Event #0   t=0   Elapsed: 3e-06s (0m 00s)
     Speed:     ev/sec=0   simsec/sec=0   ev/simsec=0
     Messages:  created: 2   present: 2   in FES: 2
** Event #151447   t=172.03469578152   Elapsed: 0.015716s (0m 00s)
     Speed:     ev/sec=9.63832e+06   simsec/sec=10948.6   ev/simsec=880.329
     Messages:  created: 2   present: 2   in FES: 1

<!> Simulation stopped with endSimulation() -- in module (ScheduledAccessQueue) DectScheduledAccessNetwork.queue (id=2), at t=172.03469578152s, event #151447

Calling finish() at end of Run #503...

Preparing for running configuration MonetecFocusedSmallR, run #504...
Scenario: $r=7, $rho=0.245, $repetition=0
Assigned runID=MonetecFocusedSmallR-504-20260930-08:34:27-58
Setting up network "dect2020scheduledaccess.DectScheduledAccessNetwork"...
Initializing...

Running simulation...
** Event #0   t=0   Elapsed: 3e-06s (0m 00s)
     Speed:     ev/sec=0   simsec/sec=0   ev/simsec=0
     Messages:  created: 2   present: 2   in FES: 2
** Event #153735   t=171.886263187578   Elapsed: 0.015719s (0m 00s)
     Speed:     ev/sec=9.78207e+06   simsec/sec=10937   ev/simsec=894.402
     Messages:  created: 2   present: 2   in FES: 1

<!> Simulation stopped with endSimulation() -- in module (ScheduledAccessQueue) DectScheduledAccessNetwork.queue (id=2), at t=171.886263187578s, event #153735

Calling finish() at end of Run #504...

Preparing for running configuration MonetecFocusedSmallR, run #505...
Scenario: $r=7, $rho=0.245, $repetition=1
Assigned runID=MonetecFocusedSmallR-505-20260930-08:34:27-58
Setting up network "dect2020scheduledaccess.DectScheduledAccessNetwork"...
Initializing...

Running simulation...
** Event #0   t=0   Elapsed: 3e-06s (0m 00s)
     Speed:     ev/sec=0   simsec/sec=0   ev/simsec=0
     Messages:  created: 2   present: 2   in FES: 2
** Event #153963   t=172.089777190564   Elapsed: 0.015592s (0m 00s)
     Speed:     ev/sec=9.87702e+06   simsec/sec=11039.9   ev/simsec=894.667
     Messages:  created: 2   present: 2   in FES: 1

<!> Simulation stopped with endSimulation() -- in module (ScheduledAccessQueue) DectScheduledAccessNetwork.queue (id=2), at t=172.089777190564s, event #153963

Calling finish() at end of Run #505...

Preparing for running configuration MonetecFocusedSmallR, run #506...
Scenario: $r=7, $rho=0.245, $repetition=2
Assigned runID=MonetecFocusedSmallR-506-20260930-08:34:27-58
Setting up network "dect2020scheduledaccess.DectScheduledAccessNetwork"...
Initializing...

Running simulation...
** Event #0   t=0   Elapsed: 3e-06s (0m 00s)
     Speed:     ev/sec=0   simsec/sec=0   ev/simsec=0
     Messages:  created: 2   present: 2   in FES: 2
** Event #153857   t=172.15253101802   Elapsed: 0.015834s (0m 00s)
     Speed:     ev/sec=9.71872e+06   simsec/sec=10874.4   ev/simsec=893.725
     Messages:  created: 2   present: 2   in FES: 1

<!> Simulation stopped with endSimulation() -- in module (ScheduledAccessQueue) DectScheduledAccessNetwork.queue (id=2), at t=172.15253101802s, event #153857

Calling finish() at end of Run #506...

Preparing for running configuration MonetecFocusedSmallR, run #507...
Scenario: $r=7, $rho=0.250, $repetition=0
Assigned runID=MonetecFocusedSmallR-507-20260930-08:34:27-58
Setting up network "dect2020scheduledaccess.DectScheduledAccessNetwork"...
Initializing...

Running simulation...
** Event #0   t=0   Elapsed: 3e-06s (0m 00s)
     Speed:     ev/sec=0   simsec/sec=0   ev/simsec=0
     Messages:  created: 2   present: 2   in FES: 2
** Event #156196   t=172.027761006523   Elapsed: 0.016028s (0m 00s)
     Speed:     ev/sec=9.74763e+06   simsec/sec=10735.6   ev/simsec=907.97
     Messages:  created: 2   present: 2   in FES: 1

<!> Simulation stopped with endSimulation() -- in module (ScheduledAccessQueue) DectScheduledAccessNetwork.queue (id=2), at t=172.027761006523s, event #156196

Calling finish() at end of Run #507...

Preparing for running configuration MonetecFocusedSmallR, run #508...
Scenario: $r=7, $rho=0.250, $repetition=1
Assigned runID=MonetecFocusedSmallR-508-20260930-08:34:27-58
Setting up network "dect2020scheduledaccess.DectScheduledAccessNetwork"...
Initializing...

Running simulation...
** Event #0   t=0   Elapsed: 3e-06s (0m 00s)
     Speed:     ev/sec=0   simsec/sec=0   ev/simsec=0
     Messages:  created: 2   present: 2   in FES: 2
** Event #156118   t=172.11846588466   Elapsed: 0.015892s (0m 00s)
     Speed:     ev/sec=9.82554e+06   simsec/sec=10832.5   ev/simsec=907.041
     Messages:  created: 2   present: 2   in FES: 1

<!> Simulation stopped with endSimulation() -- in module (ScheduledAccessQueue) DectScheduledAccessNetwork.queue (id=2), at t=172.11846588466s, event #156118

Calling finish() at end of Run #508...

Preparing for running configuration MonetecFocusedSmallR, run #509...
Scenario: $r=7, $rho=0.250, $repetition=2
Assigned runID=MonetecFocusedSmallR-509-20260930-08:34:27-58
Setting up network "dect2020scheduledaccess.DectScheduledAccessNetwork"...
Initializing...

Running simulation...
** Event #0   t=0   Elapsed: 4e-06s (0m 00s)
     Speed:     ev/sec=0   simsec/sec=0   ev/simsec=0
     Messages:  created: 2   present: 2   in FES: 2
** Event #156054   t=172.179023363044   Elapsed: 0.015967s (0m 00s)
     Speed:     ev/sec=9.77598e+06   simsec/sec=10786.1   ev/simsec=906.352
     Messages:  created: 2   present: 2   in FES: 1

<!> Simulation stopped with endSimulation() -- in module (ScheduledAccessQueue) DectScheduledAccessNetwork.queue (id=2), at t=172.179023363044s, event #156054

Calling finish() at end of Run #509...

Preparing for running configuration MonetecFocusedSmallR, run #510...
Scenario: $r=7, $rho=0.255, $repetition=0
Assigned runID=MonetecFocusedSmallR-510-20260930-08:34:27-58
Setting up network "dect2020scheduledaccess.DectScheduledAccessNetwork"...
Initializing...

Running simulation...
** Event #0   t=0   Elapsed: 3e-06s (0m 00s)
     Speed:     ev/sec=0   simsec/sec=0   ev/simsec=0
     Messages:  created: 2   present: 2   in FES: 2
** Event #158420   t=172.102502702929   Elapsed: 0.016223s (0m 00s)
     Speed:     ev/sec=9.76695e+06   simsec/sec=10610.5   ev/simsec=920.499
     Messages:  created: 2   present: 2   in FES: 1

<!> Simulation stopped with endSimulation() -- in module (ScheduledAccessQueue) DectScheduledAccessNetwork.queue (id=2), at t=172.102502702929s, event #158420

Calling finish() at end of Run #510...

Preparing for running configuration MonetecFocusedSmallR, run #511...
Scenario: $r=7, $rho=0.255, $repetition=1
Assigned runID=MonetecFocusedSmallR-511-20260930-08:34:27-58
Setting up network "dect2020scheduledaccess.DectScheduledAccessNetwork"...
Initializing...

Running simulation...
** Event #0   t=0   Elapsed: 2e-06s (0m 00s)
     Speed:     ev/sec=0   simsec/sec=0   ev/simsec=0
     Messages:  created: 2   present: 2   in FES: 2
** Event #157997   t=172.059824492619   Elapsed: 0.016476s (0m 00s)
     Speed:     ev/sec=9.59127e+06   simsec/sec=10444.9   ev/simsec=918.271
     Messages:  created: 2   present: 2   in FES: 1

<!> Simulation stopped with endSimulation() -- in module (ScheduledAccessQueue) DectScheduledAccessNetwork.queue (id=2), at t=172.059824492619s, event #157997

Calling finish() at end of Run #511...

Preparing for running configuration MonetecFocusedSmallR, run #512...
Scenario: $r=7, $rho=0.255, $repetition=2
Assigned runID=MonetecFocusedSmallR-512-20260930-08:34:27-58
Setting up network "dect2020scheduledaccess.DectScheduledAccessNetwork"...
Initializing...

Running simulation...
** Event #0   t=0   Elapsed: 3e-06s (0m 00s)
     Speed:     ev/sec=0   simsec/sec=0   ev/simsec=0
     Messages:  created: 2   present: 2   in FES: 2
** Event #157930   t=172.110683652842   Elapsed: 0.016341s (0m 00s)
     Speed:     ev/sec=9.66701e+06   simsec/sec=10535   ev/simsec=917.608
     Messages:  created: 2   present: 2   in FES: 1

<!> Simulation stopped with endSimulation() -- in module (ScheduledAccessQueue) DectScheduledAccessNetwork.queue (id=2), at t=172.110683652842s, event #157930

Calling finish() at end of Run #512...

Preparing for running configuration MonetecFocusedSmallR, run #513...
Scenario: $r=7, $rho=0.260, $repetition=0
Assigned runID=MonetecFocusedSmallR-513-20260930-08:34:27-58
Setting up network "dect2020scheduledaccess.DectScheduledAccessNetwork"...
Initializing...

Running simulation...
** Event #0   t=0   Elapsed: 3e-06s (0m 00s)
     Speed:     ev/sec=0   simsec/sec=0   ev/simsec=0
     Messages:  created: 2   present: 2   in FES: 2
** Event #160333   t=172.041735144198   Elapsed: 0.016421s (0m 00s)
     Speed:     ev/sec=9.76628e+06   simsec/sec=10479.5   ev/simsec=931.946
     Messages:  created: 2   present: 2   in FES: 1

<!> Simulation stopped with endSimulation() -- in module (ScheduledAccessQueue) DectScheduledAccessNetwork.queue (id=2), at t=172.041735144198s, event #160333

Calling finish() at end of Run #513...

Preparing for running configuration MonetecFocusedSmallR, run #514...
Scenario: $r=7, $rho=0.260, $repetition=1
Assigned runID=MonetecFocusedSmallR-514-20260930-08:34:27-58
Setting up network "dect2020scheduledaccess.DectScheduledAccessNetwork"...
Initializing...

Running simulation...
** Event #0   t=0   Elapsed: 3e-06s (0m 00s)
     Speed:     ev/sec=0   simsec/sec=0   ev/simsec=0
     Messages:  created: 2   present: 2   in FES: 2
** Event #160187   t=172.086074879155   Elapsed: 0.016262s (0m 00s)
     Speed:     ev/sec=9.8522e+06   simsec/sec=10584   ev/simsec=930.855
     Messages:  created: 2   present: 2   in FES: 1

<!> Simulation stopped with endSimulation() -- in module (ScheduledAccessQueue) DectScheduledAccessNetwork.queue (id=2), at t=172.086074879155s, event #160187

Calling finish() at end of Run #514...

Preparing for running configuration MonetecFocusedSmallR, run #515...
Scenario: $r=7, $rho=0.260, $repetition=2
Assigned runID=MonetecFocusedSmallR-515-20260930-08:34:27-58
Setting up network "dect2020scheduledaccess.DectScheduledAccessNetwork"...
Initializing...

Running simulation...
** Event #0   t=0   Elapsed: 2e-06s (0m 00s)
     Speed:     ev/sec=0   simsec/sec=0   ev/simsec=0
     Messages:  created: 2   present: 2   in FES: 2
** Event #159899   t=172.082129802892   Elapsed: 0.016435s (0m 00s)
     Speed:     ev/sec=9.73036e+06   simsec/sec=10471.7   ev/simsec=929.202
     Messages:  created: 2   present: 2   in FES: 1

<!> Simulation stopped with endSimulation() -- in module (ScheduledAccessQueue) DectScheduledAccessNetwork.queue (id=2), at t=172.082129802892s, event #159899

Calling finish() at end of Run #515...

Preparing for running configuration MonetecFocusedSmallR, run #516...
Scenario: $r=7, $rho=0.265, $repetition=0
Assigned runID=MonetecFocusedSmallR-516-20260930-08:34:27-58
Setting up network "dect2020scheduledaccess.DectScheduledAccessNetwork"...
Initializing...

Running simulation...
** Event #0   t=0   Elapsed: 3e-06s (0m 00s)
     Speed:     ev/sec=0   simsec/sec=0   ev/simsec=0
     Messages:  created: 2   present: 2   in FES: 2
** Event #162177   t=171.973893402107   Elapsed: 0.016503s (0m 00s)
     Speed:     ev/sec=9.8295e+06   simsec/sec=10423.3   ev/simsec=943.033
     Messages:  created: 2   present: 2   in FES: 1

<!> Simulation stopped with endSimulation() -- in module (ScheduledAccessQueue) DectScheduledAccessNetwork.queue (id=2), at t=171.973893402107s, event #162177

Calling finish() at end of Run #516...

Preparing for running configuration MonetecFocusedSmallR, run #517...
Scenario: $r=7, $rho=0.265, $repetition=1
Assigned runID=MonetecFocusedSmallR-517-20260930-08:34:27-58
Setting up network "dect2020scheduledaccess.DectScheduledAccessNetwork"...
Initializing...

Running simulation...
** Event #0   t=0   Elapsed: 4e-06s (0m 00s)
     Speed:     ev/sec=0   simsec/sec=0   ev/simsec=0
     Messages:  created: 2   present: 2   in FES: 2
** Event #162336   t=172.109905950771   Elapsed: 0.016521s (0m 00s)
     Speed:     ev/sec=9.82901e+06   simsec/sec=10420.8   ev/simsec=943.215
     Messages:  created: 2   present: 2   in FES: 1

<!> Simulation stopped with endSimulation() -- in module (ScheduledAccessQueue) DectScheduledAccessNetwork.queue (id=2), at t=172.109905950771s, event #162336

Calling finish() at end of Run #517...

Preparing for running configuration MonetecFocusedSmallR, run #518...
Scenario: $r=7, $rho=0.265, $repetition=2
Assigned runID=MonetecFocusedSmallR-518-20260930-08:34:27-58
Setting up network "dect2020scheduledaccess.DectScheduledAccessNetwork"...
Initializing...

Running simulation...
** Event #0   t=0   Elapsed: 4e-06s (0m 00s)
     Speed:     ev/sec=0   simsec/sec=0   ev/simsec=0
     Messages:  created: 2   present: 2   in FES: 2
** Event #161962   t=172.077217525701   Elapsed: 0.01643s (0m 00s)
     Speed:     ev/sec=9.8607e+06   simsec/sec=10476.5   ev/simsec=941.22
     Messages:  created: 2   present: 2   in FES: 1

<!> Simulation stopped with endSimulation() -- in module (ScheduledAccessQueue) DectScheduledAccessNetwork.queue (id=2), at t=172.077217525701s, event #161962

Calling finish() at end of Run #518...

Preparing for running configuration MonetecFocusedSmallR, run #519...
Scenario: $r=7, $rho=0.270, $repetition=0
Assigned runID=MonetecFocusedSmallR-519-20260930-08:34:27-58
Setting up network "dect2020scheduledaccess.DectScheduledAccessNetwork"...
Initializing...

Running simulation...
** Event #0   t=0   Elapsed: 3e-06s (0m 00s)
     Speed:     ev/sec=0   simsec/sec=0   ev/simsec=0
     Messages:  created: 2   present: 2   in FES: 2
** Event #164707   t=172.139477395344   Elapsed: 0.016727s (0m 00s)
     Speed:     ev/sec=9.84913e+06   simsec/sec=10293.6   ev/simsec=956.823
     Messages:  created: 2   present: 2   in FES: 1

<!> Simulation stopped with endSimulation() -- in module (ScheduledAccessQueue) DectScheduledAccessNetwork.queue (id=2), at t=172.139477395344s, event #164707

Calling finish() at end of Run #519...

Preparing for running configuration MonetecFocusedSmallR, run #520...
Scenario: $r=7, $rho=0.270, $repetition=1
Assigned runID=MonetecFocusedSmallR-520-20260930-08:34:27-58
Setting up network "dect2020scheduledaccess.DectScheduledAccessNetwork"...
Initializing...

Running simulation...
** Event #0   t=0   Elapsed: 3e-06s (0m 00s)
     Speed:     ev/sec=0   simsec/sec=0   ev/simsec=0
     Messages:  created: 2   present: 2   in FES: 2
** Event #164663   t=172.198174236012   Elapsed: 0.016653s (0m 00s)
     Speed:     ev/sec=9.88967e+06   simsec/sec=10342.2   ev/simsec=956.243
     Messages:  created: 2   present: 2   in FES: 1

<!> Simulation stopped with endSimulation() -- in module (ScheduledAccessQueue) DectScheduledAccessNetwork.queue (id=2), at t=172.198174236012s, event #164663

Calling finish() at end of Run #520...

Preparing for running configuration MonetecFocusedSmallR, run #521...
Scenario: $r=7, $rho=0.270, $repetition=2
Assigned runID=MonetecFocusedSmallR-521-20260930-08:34:27-58
Setting up network "dect2020scheduledaccess.DectScheduledAccessNetwork"...
Initializing...

Running simulation...
** Event #0   t=0   Elapsed: 3e-06s (0m 00s)
     Speed:     ev/sec=0   simsec/sec=0   ev/simsec=0
     Messages:  created: 2   present: 2   in FES: 2
** Event #164294   t=172.145444440059   Elapsed: 0.016892s (0m 00s)
     Speed:     ev/sec=9.72787e+06   simsec/sec=10192.7   ev/simsec=954.392
     Messages:  created: 2   present: 2   in FES: 1

<!> Simulation stopped with endSimulation() -- in module (ScheduledAccessQueue) DectScheduledAccessNetwork.queue (id=2), at t=172.145444440059s, event #164294

Calling finish() at end of Run #521...

Preparing for running configuration MonetecFocusedSmallR, run #522...
Scenario: $r=7, $rho=0.275, $repetition=0
Assigned runID=MonetecFocusedSmallR-522-20260930-08:34:27-58
Setting up network "dect2020scheduledaccess.DectScheduledAccessNetwork"...
Initializing...

Running simulation...
** Event #0   t=0   Elapsed: 3e-06s (0m 00s)
     Speed:     ev/sec=0   simsec/sec=0   ev/simsec=0
     Messages:  created: 2   present: 2   in FES: 2
** Event #166633   t=172.081365634239   Elapsed: 0.017132s (0m 00s)
     Speed:     ev/sec=9.72812e+06   simsec/sec=10046.2   ev/simsec=968.339
     Messages:  created: 2   present: 2   in FES: 1

<!> Simulation stopped with endSimulation() -- in module (ScheduledAccessQueue) DectScheduledAccessNetwork.queue (id=2), at t=172.081365634239s, event #166633

Calling finish() at end of Run #522...

Preparing for running configuration MonetecFocusedSmallR, run #523...
Scenario: $r=7, $rho=0.275, $repetition=1
Assigned runID=MonetecFocusedSmallR-523-20260930-08:34:27-58
Setting up network "dect2020scheduledaccess.DectScheduledAccessNetwork"...
Initializing...

Running simulation...
** Event #0   t=0   Elapsed: 3e-06s (0m 00s)
     Speed:     ev/sec=0   simsec/sec=0   ev/simsec=0
     Messages:  created: 2   present: 2   in FES: 2
** Event #166289   t=172.062104333483   Elapsed: 0.017054s (0m 00s)
     Speed:     ev/sec=9.75302e+06   simsec/sec=10091.6   ev/simsec=966.449
     Messages:  created: 2   present: 2   in FES: 1

<!> Simulation stopped with endSimulation() -- in module (ScheduledAccessQueue) DectScheduledAccessNetwork.queue (id=2), at t=172.062104333483s, event #166289

Calling finish() at end of Run #523...

Preparing for running configuration MonetecFocusedSmallR, run #524...
Scenario: $r=7, $rho=0.275, $repetition=2
Assigned runID=MonetecFocusedSmallR-524-20260930-08:34:27-58
Setting up network "dect2020scheduledaccess.DectScheduledAccessNetwork"...
Initializing...

Running simulation...
** Event #0   t=0   Elapsed: 3e-06s (0m 00s)
     Speed:     ev/sec=0   simsec/sec=0   ev/simsec=0
     Messages:  created: 2   present: 2   in FES: 2
** Event #166372   t=172.170118560003   Elapsed: 0.017109s (0m 00s)
     Speed:     ev/sec=9.72594e+06   simsec/sec=10064.9   ev/simsec=966.324
     Messages:  created: 2   present: 2   in FES: 1

<!> Simulation stopped with endSimulation() -- in module (ScheduledAccessQueue) DectScheduledAccessNetwork.queue (id=2), at t=172.170118560003s, event #166372

Calling finish() at end of Run #524...

Preparing for running configuration MonetecFocusedSmallR, run #525...
Scenario: $r=7, $rho=0.280, $repetition=0
Assigned runID=MonetecFocusedSmallR-525-20260930-08:34:28-58
Setting up network "dect2020scheduledaccess.DectScheduledAccessNetwork"...
Initializing...

Running simulation...
** Event #0   t=0   Elapsed: 4e-06s (0m 00s)
     Speed:     ev/sec=0   simsec/sec=0   ev/simsec=0
     Messages:  created: 2   present: 2   in FES: 2
** Event #168384   t=171.980929577163   Elapsed: 0.017109s (0m 00s)
     Speed:     ev/sec=9.84356e+06   simsec/sec=10053.8   ev/simsec=979.088
     Messages:  created: 2   present: 2   in FES: 1

<!> Simulation stopped with endSimulation() -- in module (ScheduledAccessQueue) DectScheduledAccessNetwork.queue (id=2), at t=171.980929577163s, event #168384

Calling finish() at end of Run #525...

Preparing for running configuration MonetecFocusedSmallR, run #526...
Scenario: $r=7, $rho=0.280, $repetition=1
Assigned runID=MonetecFocusedSmallR-526-20260930-08:34:28-58
Setting up network "dect2020scheduledaccess.DectScheduledAccessNetwork"...
Initializing...

Running simulation...
** Event #0   t=0   Elapsed: 3e-06s (0m 00s)
     Speed:     ev/sec=0   simsec/sec=0   ev/simsec=0
     Messages:  created: 2   present: 2   in FES: 2
** Event #168613   t=172.12716488617   Elapsed: 0.01713s (0m 00s)
     Speed:     ev/sec=9.84544e+06   simsec/sec=10050.6   ev/simsec=979.59
     Messages:  created: 2   present: 2   in FES: 1

<!> Simulation stopped with endSimulation() -- in module (ScheduledAccessQueue) DectScheduledAccessNetwork.queue (id=2), at t=172.12716488617s, event #168613

Calling finish() at end of Run #526...

Preparing for running configuration MonetecFocusedSmallR, run #527...
Scenario: $r=7, $rho=0.280, $repetition=2
Assigned runID=MonetecFocusedSmallR-527-20260930-08:34:28-58
Setting up network "dect2020scheduledaccess.DectScheduledAccessNetwork"...
Initializing...

Running simulation...
** Event #0   t=0   Elapsed: 3e-06s (0m 00s)
     Speed:     ev/sec=0   simsec/sec=0   ev/simsec=0
     Messages:  created: 2   present: 2   in FES: 2
** Event #168311   t=172.123601405503   Elapsed: 0.017124s (0m 00s)
     Speed:     ev/sec=9.83125e+06   simsec/sec=10053.9   ev/simsec=977.852
     Messages:  created: 2   present: 2   in FES: 1

<!> Simulation stopped with endSimulation() -- in module (ScheduledAccessQueue) DectScheduledAccessNetwork.queue (id=2), at t=172.123601405503s, event #168311

Calling finish() at end of Run #527...

Preparing for running configuration MonetecFocusedSmallR, run #528...
Scenario: $r=7, $rho=0.285, $repetition=0
Assigned runID=MonetecFocusedSmallR-528-20260930-08:34:28-58
Setting up network "dect2020scheduledaccess.DectScheduledAccessNetwork"...
Initializing...

Running simulation...
** Event #0   t=0   Elapsed: 4e-06s (0m 00s)
     Speed:     ev/sec=0   simsec/sec=0   ev/simsec=0
     Messages:  created: 2   present: 2   in FES: 2
** Event #170592   t=172.03669371415   Elapsed: 0.017561s (0m 00s)
     Speed:     ev/sec=9.71591e+06   simsec/sec=9798.18   ev/simsec=991.604
     Messages:  created: 2   present: 2   in FES: 1

<!> Simulation stopped with endSimulation() -- in module (ScheduledAccessQueue) DectScheduledAccessNetwork.queue (id=2), at t=172.03669371415s, event #170592

Calling finish() at end of Run #528...

Preparing for running configuration MonetecFocusedSmallR, run #529...
Scenario: $r=7, $rho=0.285, $repetition=1
Assigned runID=MonetecFocusedSmallR-529-20260930-08:34:28-58
Setting up network "dect2020scheduledaccess.DectScheduledAccessNetwork"...
Initializing...

Running simulation...
** Event #0   t=0   Elapsed: 3e-06s (0m 00s)
     Speed:     ev/sec=0   simsec/sec=0   ev/simsec=0
     Messages:  created: 2   present: 2   in FES: 2
** Event #171027   t=172.231579615568   Elapsed: 0.01737s (0m 00s)
     Speed:     ev/sec=9.84781e+06   simsec/sec=9917.15   ev/simsec=993.008
     Messages:  created: 2   present: 2   in FES: 1

<!> Simulation stopped with endSimulation() -- in module (ScheduledAccessQueue) DectScheduledAccessNetwork.queue (id=2), at t=172.231579615568s, event #171027

Calling finish() at end of Run #529...

Preparing for running configuration MonetecFocusedSmallR, run #530...
Scenario: $r=7, $rho=0.285, $repetition=2
Assigned runID=MonetecFocusedSmallR-530-20260930-08:34:28-58
Setting up network "dect2020scheduledaccess.DectScheduledAccessNetwork"...
Initializing...

Running simulation...
** Event #0   t=0   Elapsed: 3e-06s (0m 00s)
     Speed:     ev/sec=0   simsec/sec=0   ev/simsec=0
     Messages:  created: 2   present: 2   in FES: 2
** Event #170179   t=172.06409744768   Elapsed: 0.017412s (0m 00s)
     Speed:     ev/sec=9.77535e+06   simsec/sec=9883.6   ev/simsec=989.047
     Messages:  created: 2   present: 2   in FES: 1

<!> Simulation stopped with endSimulation() -- in module (ScheduledAccessQueue) DectScheduledAccessNetwork.queue (id=2), at t=172.06409744768s, event #170179

Calling finish() at end of Run #530...

Preparing for running configuration MonetecFocusedSmallR, run #531...
Scenario: $r=7, $rho=0.290, $repetition=0
Assigned runID=MonetecFocusedSmallR-531-20260930-08:34:28-58
Setting up network "dect2020scheduledaccess.DectScheduledAccessNetwork"...
Initializing...

Running simulation...
** Event #0   t=0   Elapsed: 3e-06s (0m 00s)
     Speed:     ev/sec=0   simsec/sec=0   ev/simsec=0
     Messages:  created: 2   present: 2   in FES: 2
** Event #172768   t=172.099509242656   Elapsed: 0.017548s (0m 00s)
     Speed:     ev/sec=9.84714e+06   simsec/sec=9809.03   ev/simsec=1003.88
     Messages:  created: 2   present: 2   in FES: 1

<!> Simulation stopped with endSimulation() -- in module (ScheduledAccessQueue) DectScheduledAccessNetwork.queue (id=2), at t=172.099509242656s, event #172768

Calling finish() at end of Run #531...

Preparing for running configuration MonetecFocusedSmallR, run #532...
Scenario: $r=7, $rho=0.290, $repetition=1
Assigned runID=MonetecFocusedSmallR-532-20260930-08:34:28-58
Setting up network "dect2020scheduledaccess.DectScheduledAccessNetwork"...
Initializing...

Running simulation...
** Event #0   t=0   Elapsed: 4e-06s (0m 00s)
     Speed:     ev/sec=0   simsec/sec=0   ev/simsec=0
     Messages:  created: 2   present: 2   in FES: 2
** Event #172618   t=172.081109340766   Elapsed: 0.017635s (0m 00s)
     Speed:     ev/sec=9.79004e+06   simsec/sec=9759.55   ev/simsec=1003.12
     Messages:  created: 2   present: 2   in FES: 1

<!> Simulation stopped with endSimulation() -- in module (ScheduledAccessQueue) DectScheduledAccessNetwork.queue (id=2), at t=172.081109340766s, event #172618

Calling finish() at end of Run #532...

Preparing for running configuration MonetecFocusedSmallR, run #533...
Scenario: $r=7, $rho=0.290, $repetition=2
Assigned runID=MonetecFocusedSmallR-533-20260930-08:34:28-58
Setting up network "dect2020scheduledaccess.DectScheduledAccessNetwork"...
Initializing...

Running simulation...
** Event #0   t=0   Elapsed: 3e-06s (0m 00s)
     Speed:     ev/sec=0   simsec/sec=0   ev/simsec=0
     Messages:  created: 2   present: 2   in FES: 2
** Event #172324   t=172.101540257319   Elapsed: 0.017605s (0m 00s)
     Speed:     ev/sec=9.79058e+06   simsec/sec=9777.93   ev/simsec=1001.29
     Messages:  created: 2   present: 2   in FES: 1

<!> Simulation stopped with endSimulation() -- in module (ScheduledAccessQueue) DectScheduledAccessNetwork.queue (id=2), at t=172.101540257319s, event #172324

Calling finish() at end of Run #533...

Preparing for running configuration MonetecFocusedSmallR, run #534...
Scenario: $r=7, $rho=0.295, $repetition=0
Assigned runID=MonetecFocusedSmallR-534-20260930-08:34:28-58
Setting up network "dect2020scheduledaccess.DectScheduledAccessNetwork"...
Initializing...

Running simulation...
** Event #0   t=0   Elapsed: 2e-06s (0m 00s)
     Speed:     ev/sec=0   simsec/sec=0   ev/simsec=0
     Messages:  created: 2   present: 2   in FES: 2
** Event #174513   t=171.979726034062   Elapsed: 0.018054s (0m 00s)
     Speed:     ev/sec=9.66777e+06   simsec/sec=9527.41   ev/simsec=1014.73
     Messages:  created: 2   present: 2   in FES: 1

<!> Simulation stopped with endSimulation() -- in module (ScheduledAccessQueue) DectScheduledAccessNetwork.queue (id=2), at t=171.979726034062s, event #174513

Calling finish() at end of Run #534...

Preparing for running configuration MonetecFocusedSmallR, run #535...
Scenario: $r=7, $rho=0.295, $repetition=1
Assigned runID=MonetecFocusedSmallR-535-20260930-08:34:28-58
Setting up network "dect2020scheduledaccess.DectScheduledAccessNetwork"...
Initializing...

Running simulation...
** Event #0   t=0   Elapsed: 3e-06s (0m 00s)
     Speed:     ev/sec=0   simsec/sec=0   ev/simsec=0
     Messages:  created: 2   present: 2   in FES: 2
** Event #175090   t=172.196920557444   Elapsed: 0.018069s (0m 00s)
     Speed:     ev/sec=9.69222e+06   simsec/sec=9532.07   ev/simsec=1016.8
     Messages:  created: 2   present: 2   in FES: 1

<!> Simulation stopped with endSimulation() -- in module (ScheduledAccessQueue) DectScheduledAccessNetwork.queue (id=2), at t=172.196920557444s, event #175090

Calling finish() at end of Run #535...

Preparing for running configuration MonetecFocusedSmallR, run #536...
Scenario: $r=7, $rho=0.295, $repetition=2
Assigned runID=MonetecFocusedSmallR-536-20260930-08:34:28-58
Setting up network "dect2020scheduledaccess.DectScheduledAccessNetwork"...
Initializing...

Running simulation...
** Event #0   t=0   Elapsed: 3e-06s (0m 00s)
     Speed:     ev/sec=0   simsec/sec=0   ev/simsec=0
     Messages:  created: 2   present: 2   in FES: 2
** Event #174348   t=172.053056685632   Elapsed: 0.017696s (0m 00s)
     Speed:     ev/sec=9.85407e+06   simsec/sec=9724.36   ev/simsec=1013.34
     Messages:  created: 2   present: 2   in FES: 1

<!> Simulation stopped with endSimulation() -- in module (ScheduledAccessQueue) DectScheduledAccessNetwork.queue (id=2), at t=172.053056685632s, event #174348

Calling finish() at end of Run #536...

Preparing for running configuration MonetecFocusedSmallR, run #537...
Scenario: $r=7, $rho=0.300, $repetition=0
Assigned runID=MonetecFocusedSmallR-537-20260930-08:34:28-58
Setting up network "dect2020scheduledaccess.DectScheduledAccessNetwork"...
Initializing...

Running simulation...
** Event #0   t=0   Elapsed: 3e-06s (0m 00s)
     Speed:     ev/sec=0   simsec/sec=0   ev/simsec=0
     Messages:  created: 2   present: 2   in FES: 2
** Event #176784   t=172.020799467536   Elapsed: 0.018533s (0m 00s)
     Speed:     ev/sec=9.54094e+06   simsec/sec=9283.86   ev/simsec=1027.69
     Messages:  created: 2   present: 2   in FES: 1

<!> Simulation stopped with endSimulation() -- in module (ScheduledAccessQueue) DectScheduledAccessNetwork.queue (id=2), at t=172.020799467536s, event #176784

Calling finish() at end of Run #537...

Preparing for running configuration MonetecFocusedSmallR, run #538...
Scenario: $r=7, $rho=0.300, $repetition=1
Assigned runID=MonetecFocusedSmallR-538-20260930-08:34:28-58
Setting up network "dect2020scheduledaccess.DectScheduledAccessNetwork"...
Initializing...

Running simulation...
** Event #0   t=0   Elapsed: 3e-06s (0m 00s)
     Speed:     ev/sec=0   simsec/sec=0   ev/simsec=0
     Messages:  created: 2   present: 2   in FES: 2
** Event #177285   t=172.219569980041   Elapsed: 0.018138s (0m 00s)
     Speed:     ev/sec=9.77585e+06   simsec/sec=9496.51   ev/simsec=1029.42
     Messages:  created: 2   present: 2   in FES: 1

<!> Simulation stopped with endSimulation() -- in module (ScheduledAccessQueue) DectScheduledAccessNetwork.queue (id=2), at t=172.219569980041s, event #177285

Calling finish() at end of Run #538...

Preparing for running configuration MonetecFocusedSmallR, run #539...
Scenario: $r=7, $rho=0.300, $repetition=2
Assigned runID=MonetecFocusedSmallR-539-20260930-08:34:28-58
Setting up network "dect2020scheduledaccess.DectScheduledAccessNetwork"...
Initializing...

Running simulation...
** Event #0   t=0   Elapsed: 3e-06s (0m 00s)
     Speed:     ev/sec=0   simsec/sec=0   ev/simsec=0
     Messages:  created: 2   present: 2   in FES: 2
** Event #176915   t=172.203735515931   Elapsed: 0.018133s (0m 00s)
     Speed:     ev/sec=9.75867e+06   simsec/sec=9498.79   ev/simsec=1027.36
     Messages:  created: 2   present: 2   in FES: 1

<!> Simulation stopped with endSimulation() -- in module (ScheduledAccessQueue) DectScheduledAccessNetwork.queue (id=2), at t=172.203735515931s, event #176915

Calling finish() at end of Run #539...

Preparing for running configuration MonetecFocusedSmallR, run #540...
Scenario: $r=12, $rho=0.005, $repetition=0
Assigned runID=MonetecFocusedSmallR-540-20260930-08:34:28-58
Setting up network "dect2020scheduledaccess.DectScheduledAccessNetwork"...
Initializing...

Running simulation...
** Event #0   t=0   Elapsed: 3e-06s (0m 00s)
     Speed:     ev/sec=0   simsec/sec=0   ev/simsec=0
     Messages:  created: 2   present: 2   in FES: 2
** Event #389119   t=2886.613252335852   Elapsed: 0.029713s (0m 00s)
     Speed:     ev/sec=1.30972e+07   simsec/sec=97159.6   ev/simsec=134.801
     Messages:  created: 2   present: 2   in FES: 1

<!> Simulation stopped with endSimulation() -- in module (ScheduledAccessQueue) DectScheduledAccessNetwork.queue (id=2), at t=2886.613252335852s, event #389119

Calling finish() at end of Run #540...

Preparing for running configuration MonetecFocusedSmallR, run #541...
Scenario: $r=12, $rho=0.005, $repetition=1
Assigned runID=MonetecFocusedSmallR-541-20260930-08:34:28-58
Setting up network "dect2020scheduledaccess.DectScheduledAccessNetwork"...
Initializing...

Running simulation...
** Event #0   t=0   Elapsed: 3e-06s (0m 00s)
     Speed:     ev/sec=0   simsec/sec=0   ev/simsec=0
     Messages:  created: 2   present: 2   in FES: 2
** Event #392466   t=2916.726505529272   Elapsed: 0.02987s (0m 00s)
     Speed:     ev/sec=1.31405e+07   simsec/sec=97657.1   ev/simsec=134.557
     Messages:  created: 2   present: 2   in FES: 1

<!> Simulation stopped with endSimulation() -- in module (ScheduledAccessQueue) DectScheduledAccessNetwork.queue (id=2), at t=2916.726505529272s, event #392466

Calling finish() at end of Run #541...

Preparing for running configuration MonetecFocusedSmallR, run #542...
Scenario: $r=12, $rho=0.005, $repetition=2
Assigned runID=MonetecFocusedSmallR-542-20260930-08:34:28-58
Setting up network "dect2020scheduledaccess.DectScheduledAccessNetwork"...
Initializing...

Running simulation...
** Event #0   t=0   Elapsed: 3e-06s (0m 00s)
     Speed:     ev/sec=0   simsec/sec=0   ev/simsec=0
     Messages:  created: 2   present: 2   in FES: 2
** Event #389795   t=2892.738498770359   Elapsed: 0.029968s (0m 00s)
     Speed:     ev/sec=1.30088e+07   simsec/sec=96540.4   ev/simsec=134.75
     Messages:  created: 2   present: 2   in FES: 1

<!> Simulation stopped with endSimulation() -- in module (ScheduledAccessQueue) DectScheduledAccessNetwork.queue (id=2), at t=2892.738498770359s, event #389795

Calling finish() at end of Run #542...

Preparing for running configuration MonetecFocusedSmallR, run #543...
Scenario: $r=12, $rho=0.010, $repetition=0
Assigned runID=MonetecFocusedSmallR-543-20260930-08:34:28-58
Setting up network "dect2020scheduledaccess.DectScheduledAccessNetwork"...
Initializing...

Running simulation...
** Event #0   t=0   Elapsed: 3e-06s (0m 00s)
     Speed:     ev/sec=0   simsec/sec=0   ev/simsec=0
     Messages:  created: 2   present: 2   in FES: 2
** Event #228785   t=1443.596070388846   Elapsed: 0.018799s (0m 00s)
     Speed:     ev/sec=1.2172e+07   simsec/sec=76803.4   ev/simsec=158.483
     Messages:  created: 2   present: 2   in FES: 1

<!> Simulation stopped with endSimulation() -- in module (ScheduledAccessQueue) DectScheduledAccessNetwork.queue (id=2), at t=1443.596070388846s, event #228785

Calling finish() at end of Run #543...

Preparing for running configuration MonetecFocusedSmallR, run #544...
Scenario: $r=12, $rho=0.010, $repetition=1
Assigned runID=MonetecFocusedSmallR-544-20260930-08:34:28-58
Setting up network "dect2020scheduledaccess.DectScheduledAccessNetwork"...
Initializing...

Running simulation...
** Event #0   t=0   Elapsed: 3e-06s (0m 00s)
     Speed:     ev/sec=0   simsec/sec=0   ev/simsec=0
     Messages:  created: 2   present: 2   in FES: 2
** Event #230706   t=1460.861580971635   Elapsed: 0.018876s (0m 00s)
     Speed:     ev/sec=1.22241e+07   simsec/sec=77404.8   ev/simsec=157.925
     Messages:  created: 2   present: 2   in FES: 1

<!> Simulation stopped with endSimulation() -- in module (ScheduledAccessQueue) DectScheduledAccessNetwork.queue (id=2), at t=1460.861580971635s, event #230706

Calling finish() at end of Run #544...

Preparing for running configuration MonetecFocusedSmallR, run #545...
Scenario: $r=12, $rho=0.010, $repetition=2
Assigned runID=MonetecFocusedSmallR-545-20260930-08:34:28-58
Setting up network "dect2020scheduledaccess.DectScheduledAccessNetwork"...
Initializing...

Running simulation...
** Event #0   t=0   Elapsed: 3e-06s (0m 00s)
     Speed:     ev/sec=0   simsec/sec=0   ev/simsec=0
     Messages:  created: 2   present: 2   in FES: 2
** Event #229087   t=1446.36652092372   Elapsed: 0.01877s (0m 00s)
     Speed:     ev/sec=1.22069e+07   simsec/sec=77069.6   ev/simsec=158.388
     Messages:  created: 2   present: 2   in FES: 1

<!> Simulation stopped with endSimulation() -- in module (ScheduledAccessQueue) DectScheduledAccessNetwork.queue (id=2), at t=1446.36652092372s, event #229087

Calling finish() at end of Run #545...

Preparing for running configuration MonetecFocusedSmallR, run #546...
Scenario: $r=12, $rho=0.015, $repetition=0
Assigned runID=MonetecFocusedSmallR-546-20260930-08:34:28-58
Setting up network "dect2020scheduledaccess.DectScheduledAccessNetwork"...
Initializing...

Running simulation...
** Event #0   t=0   Elapsed: 3e-06s (0m 00s)
     Speed:     ev/sec=0   simsec/sec=0   ev/simsec=0
     Messages:  created: 2   present: 2   in FES: 2
** Event #175351   t=962.685764490582   Elapsed: 0.015168s (0m 00s)
     Speed:     ev/sec=1.15629e+07   simsec/sec=63480.8   ev/simsec=182.148
     Messages:  created: 2   present: 2   in FES: 1

<!> Simulation stopped with endSimulation() -- in module (ScheduledAccessQueue) DectScheduledAccessNetwork.queue (id=2), at t=962.685764490582s, event #175351

Calling finish() at end of Run #546...

Preparing for running configuration MonetecFocusedSmallR, run #547...
Scenario: $r=12, $rho=0.015, $repetition=1
Assigned runID=MonetecFocusedSmallR-547-20260930-08:34:28-58
Setting up network "dect2020scheduledaccess.DectScheduledAccessNetwork"...
Initializing...

Running simulation...
** Event #0   t=0   Elapsed: 3e-06s (0m 00s)
     Speed:     ev/sec=0   simsec/sec=0   ev/simsec=0
     Messages:  created: 2   present: 2   in FES: 2
** Event #175981   t=968.418894668045   Elapsed: 0.01505s (0m 00s)
     Speed:     ev/sec=1.16954e+07   simsec/sec=64359.5   ev/simsec=181.72
     Messages:  created: 2   present: 2   in FES: 1

<!> Simulation stopped with endSimulation() -- in module (ScheduledAccessQueue) DectScheduledAccessNetwork.queue (id=2), at t=968.418894668045s, event #175981

Calling finish() at end of Run #547...

Preparing for running configuration MonetecFocusedSmallR, run #548...
Scenario: $r=12, $rho=0.015, $repetition=2
Assigned runID=MonetecFocusedSmallR-548-20260930-08:34:28-58
Setting up network "dect2020scheduledaccess.DectScheduledAccessNetwork"...
Initializing...

Running simulation...
** Event #0   t=0   Elapsed: 4e-06s (0m 00s)
     Speed:     ev/sec=0   simsec/sec=0   ev/simsec=0
     Messages:  created: 2   present: 2   in FES: 2
** Event #175528   t=964.334276081494   Elapsed: 0.01583s (0m 00s)
     Speed:     ev/sec=1.10911e+07   simsec/sec=60933.4   ev/simsec=182.02
     Messages:  created: 2   present: 2   in FES: 1

<!> Simulation stopped with endSimulation() -- in module (ScheduledAccessQueue) DectScheduledAccessNetwork.queue (id=2), at t=964.334276081494s, event #175528

Calling finish() at end of Run #548...

Preparing for running configuration MonetecFocusedSmallR, run #549...
Scenario: $r=12, $rho=0.020, $repetition=0
Assigned runID=MonetecFocusedSmallR-549-20260930-08:34:28-58
Setting up network "dect2020scheduledaccess.DectScheduledAccessNetwork"...
Initializing...

Running simulation...
** Event #0   t=0   Elapsed: 3e-06s (0m 00s)
     Speed:     ev/sec=0   simsec/sec=0   ev/simsec=0
     Messages:  created: 2   present: 2   in FES: 2
** Event #148616   t=722.069786024876   Elapsed: 0.0135s (0m 00s)
     Speed:     ev/sec=1.10119e+07   simsec/sec=53502.5   ev/simsec=205.819
     Messages:  created: 2   present: 2   in FES: 1

<!> Simulation stopped with endSimulation() -- in module (ScheduledAccessQueue) DectScheduledAccessNetwork.queue (id=2), at t=722.069786024876s, event #148616

Calling finish() at end of Run #549...

Preparing for running configuration MonetecFocusedSmallR, run #550...
Scenario: $r=12, $rho=0.020, $repetition=1
Assigned runID=MonetecFocusedSmallR-550-20260930-08:34:28-58
Setting up network "dect2020scheduledaccess.DectScheduledAccessNetwork"...
Initializing...

Running simulation...
** Event #0   t=0   Elapsed: 3e-06s (0m 00s)
     Speed:     ev/sec=0   simsec/sec=0   ev/simsec=0
     Messages:  created: 2   present: 2   in FES: 2
** Event #149085   t=726.354075796872   Elapsed: 0.013324s (0m 00s)
     Speed:     ev/sec=1.11926e+07   simsec/sec=54531   ev/simsec=205.251
     Messages:  created: 2   present: 2   in FES: 1

<!> Simulation stopped with endSimulation() -- in module (ScheduledAccessQueue) DectScheduledAccessNetwork.queue (id=2), at t=726.354075796872s, event #149085

Calling finish() at end of Run #550...

Preparing for running configuration MonetecFocusedSmallR, run #551...
Scenario: $r=12, $rho=0.020, $repetition=2
Assigned runID=MonetecFocusedSmallR-551-20260930-08:34:28-58
Setting up network "dect2020scheduledaccess.DectScheduledAccessNetwork"...
Initializing...

Running simulation...
** Event #0   t=0   Elapsed: 3e-06s (0m 00s)
     Speed:     ev/sec=0   simsec/sec=0   ev/simsec=0
     Messages:  created: 2   present: 2   in FES: 2
** Event #148681   t=722.721863725748   Elapsed: 0.013446s (0m 00s)
     Speed:     ev/sec=1.10601e+07   simsec/sec=53761.8   ev/simsec=205.724
     Messages:  created: 2   present: 2   in FES: 1

<!> Simulation stopped with endSimulation() -- in module (ScheduledAccessQueue) DectScheduledAccessNetwork.queue (id=2), at t=722.721863725748s, event #148681

Calling finish() at end of Run #551...

Preparing for running configuration MonetecFocusedSmallR, run #552...
Scenario: $r=12, $rho=0.025, $repetition=0
Assigned runID=MonetecFocusedSmallR-552-20260930-08:34:28-58
Setting up network "dect2020scheduledaccess.DectScheduledAccessNetwork"...
Initializing...

Running simulation...
** Event #0   t=0   Elapsed: 3e-06s (0m 00s)
     Speed:     ev/sec=0   simsec/sec=0   ev/simsec=0
     Messages:  created: 2   present: 2   in FES: 2
** Event #132606   t=577.93751210517   Elapsed: 0.012203s (0m 00s)
     Speed:     ev/sec=1.08693e+07   simsec/sec=47371.9   ev/simsec=229.447
     Messages:  created: 2   present: 2   in FES: 1

<!> Simulation stopped with endSimulation() -- in module (ScheduledAccessQueue) DectScheduledAccessNetwork.queue (id=2), at t=577.93751210517s, event #132606

Calling finish() at end of Run #552...

Preparing for running configuration MonetecFocusedSmallR, run #553...
Scenario: $r=12, $rho=0.025, $repetition=1
Assigned runID=MonetecFocusedSmallR-553-20260930-08:34:28-58
Setting up network "dect2020scheduledaccess.DectScheduledAccessNetwork"...
Initializing...

Running simulation...
** Event #0   t=0   Elapsed: 3e-06s (0m 00s)
     Speed:     ev/sec=0   simsec/sec=0   ev/simsec=0
     Messages:  created: 2   present: 2   in FES: 2
** Event #133061   t=582.112555371772   Elapsed: 0.012182s (0m 00s)
     Speed:     ev/sec=1.09245e+07   simsec/sec=47792.4   ev/simsec=228.583
     Messages:  created: 2   present: 2   in FES: 1

<!> Simulation stopped with endSimulation() -- in module (ScheduledAccessQueue) DectScheduledAccessNetwork.queue (id=2), at t=582.112555371772s, event #133061

Calling finish() at end of Run #553...

Preparing for running configuration MonetecFocusedSmallR, run #554...
Scenario: $r=12, $rho=0.025, $repetition=2
Assigned runID=MonetecFocusedSmallR-554-20260930-08:34:28-58
Setting up network "dect2020scheduledaccess.DectScheduledAccessNetwork"...
Initializing...

Running simulation...
** Event #0   t=0   Elapsed: 3e-06s (0m 00s)
     Speed:     ev/sec=0   simsec/sec=0   ev/simsec=0
     Messages:  created: 2   present: 2   in FES: 2
** Event #132462   t=576.785565104481   Elapsed: 0.012235s (0m 00s)
     Speed:     ev/sec=1.083e+07   simsec/sec=47157.5   ev/simsec=229.656
     Messages:  created: 2   present: 2   in FES: 1

<!> Simulation stopped with endSimulation() -- in module (ScheduledAccessQueue) DectScheduledAccessNetwork.queue (id=2), at t=576.785565104481s, event #132462

Calling finish() at end of Run #554...

Preparing for running configuration MonetecFocusedSmallR, run #555...
Scenario: $r=12, $rho=0.030, $repetition=0
Assigned runID=MonetecFocusedSmallR-555-20260930-08:34:28-58
Setting up network "dect2020scheduledaccess.DectScheduledAccessNetwork"...
Initializing...

Running simulation...
** Event #0   t=0   Elapsed: 3e-06s (0m 00s)
     Speed:     ev/sec=0   simsec/sec=0   ev/simsec=0
     Messages:  created: 2   present: 2   in FES: 2
** Event #121766   t=480.455847002049   Elapsed: 0.011388s (0m 00s)
     Speed:     ev/sec=1.06953e+07   simsec/sec=42200.7   ev/simsec=253.439
     Messages:  created: 2   present: 2   in FES: 1

<!> Simulation stopped with endSimulation() -- in module (ScheduledAccessQueue) DectScheduledAccessNetwork.queue (id=2), at t=480.455847002049s, event #121766

Calling finish() at end of Run #555...

Preparing for running configuration MonetecFocusedSmallR, run #556...
Scenario: $r=12, $rho=0.030, $repetition=1
Assigned runID=MonetecFocusedSmallR-556-20260930-08:34:28-58
Setting up network "dect2020scheduledaccess.DectScheduledAccessNetwork"...
Initializing...

Running simulation...
** Event #0   t=0   Elapsed: 3e-06s (0m 00s)
     Speed:     ev/sec=0   simsec/sec=0   ev/simsec=0
     Messages:  created: 2   present: 2   in FES: 2
** Event #122359   t=485.774202630039   Elapsed: 0.011411s (0m 00s)
     Speed:     ev/sec=1.07257e+07   simsec/sec=42581.8   ev/simsec=251.885
     Messages:  created: 2   present: 2   in FES: 1

<!> Simulation stopped with endSimulation() -- in module (ScheduledAccessQueue) DectScheduledAccessNetwork.queue (id=2), at t=485.774202630039s, event #122359

Calling finish() at end of Run #556...

Preparing for running configuration MonetecFocusedSmallR, run #557...
Scenario: $r=12, $rho=0.030, $repetition=2
Assigned runID=MonetecFocusedSmallR-557-20260930-08:34:28-58
Setting up network "dect2020scheduledaccess.DectScheduledAccessNetwork"...
Initializing...

Running simulation...
** Event #0   t=0   Elapsed: 3e-06s (0m 00s)
     Speed:     ev/sec=0   simsec/sec=0   ev/simsec=0
     Messages:  created: 2   present: 2   in FES: 2
** Event #121916   t=481.83621986546   Elapsed: 0.011372s (0m 00s)
     Speed:     ev/sec=1.07245e+07   simsec/sec=42385.2   ev/simsec=253.025
     Messages:  created: 2   present: 2   in FES: 1

<!> Simulation stopped with endSimulation() -- in module (ScheduledAccessQueue) DectScheduledAccessNetwork.queue (id=2), at t=481.83621986546s, event #121916

Calling finish() at end of Run #557...

Preparing for running configuration MonetecFocusedSmallR, run #558...
Scenario: $r=12, $rho=0.035, $repetition=0
Assigned runID=MonetecFocusedSmallR-558-20260930-08:34:28-58
Setting up network "dect2020scheduledaccess.DectScheduledAccessNetwork"...
Initializing...

Running simulation...
** Event #0   t=0   Elapsed: 3e-06s (0m 00s)
     Speed:     ev/sec=0   simsec/sec=0   ev/simsec=0
     Messages:  created: 2   present: 2   in FES: 2
** Event #114282   t=413.014438022316   Elapsed: 0.010965s (0m 00s)
     Speed:     ev/sec=1.04253e+07   simsec/sec=37676.9   ev/simsec=276.702
     Messages:  created: 2   present: 2   in FES: 1

<!> Simulation stopped with endSimulation() -- in module (ScheduledAccessQueue) DectScheduledAccessNetwork.queue (id=2), at t=413.014438022316s, event #114282

Calling finish() at end of Run #558...

Preparing for running configuration MonetecFocusedSmallR, run #559...
Scenario: $r=12, $rho=0.035, $repetition=1
Assigned runID=MonetecFocusedSmallR-559-20260930-08:34:28-58
Setting up network "dect2020scheduledaccess.DectScheduledAccessNetwork"...
Initializing...

Running simulation...
** Event #0   t=0   Elapsed: 3e-06s (0m 00s)
     Speed:     ev/sec=0   simsec/sec=0   ev/simsec=0
     Messages:  created: 2   present: 2   in FES: 2
** Event #114517   t=415.219532711815   Elapsed: 0.010986s (0m 00s)
     Speed:     ev/sec=1.04268e+07   simsec/sec=37805.6   ev/simsec=275.799
     Messages:  created: 2   present: 2   in FES: 1

<!> Simulation stopped with endSimulation() -- in module (ScheduledAccessQueue) DectScheduledAccessNetwork.queue (id=2), at t=415.219532711815s, event #114517

Calling finish() at end of Run #559...

Preparing for running configuration MonetecFocusedSmallR, run #560...
Scenario: $r=12, $rho=0.035, $repetition=2
Assigned runID=MonetecFocusedSmallR-560-20260930-08:34:28-58
Setting up network "dect2020scheduledaccess.DectScheduledAccessNetwork"...
Initializing...

Running simulation...
** Event #0   t=0   Elapsed: 3e-06s (0m 00s)
     Speed:     ev/sec=0   simsec/sec=0   ev/simsec=0
     Messages:  created: 2   present: 2   in FES: 2
** Event #114229   t=412.665104443003   Elapsed: 0.010962s (0m 00s)
     Speed:     ev/sec=1.04233e+07   simsec/sec=37655.2   ev/simsec=276.809
     Messages:  created: 2   present: 2   in FES: 1

<!> Simulation stopped with endSimulation() -- in module (ScheduledAccessQueue) DectScheduledAccessNetwork.queue (id=2), at t=412.665104443003s, event #114229

Calling finish() at end of Run #560...

Preparing for running configuration MonetecFocusedSmallR, run #561...
Scenario: $r=12, $rho=0.040, $repetition=0
Assigned runID=MonetecFocusedSmallR-561-20260930-08:34:28-58
Setting up network "dect2020scheduledaccess.DectScheduledAccessNetwork"...
Initializing...

Running simulation...
** Event #0   t=0   Elapsed: 3e-06s (0m 00s)
     Speed:     ev/sec=0   simsec/sec=0   ev/simsec=0
     Messages:  created: 2   present: 2   in FES: 2
** Event #108350   t=359.736215941383   Elapsed: 0.010398s (0m 00s)
     Speed:     ev/sec=1.04233e+07   simsec/sec=34606.6   ev/simsec=301.193
     Messages:  created: 2   present: 2   in FES: 1

<!> Simulation stopped with endSimulation() -- in module (ScheduledAccessQueue) DectScheduledAccessNetwork.queue (id=2), at t=359.736215941383s, event #108350

Calling finish() at end of Run #561...

Preparing for running configuration MonetecFocusedSmallR, run #562...
Scenario: $r=12, $rho=0.040, $repetition=1
Assigned runID=MonetecFocusedSmallR-562-20260930-08:34:28-58
Setting up network "dect2020scheduledaccess.DectScheduledAccessNetwork"...
Initializing...

Running simulation...
** Event #0   t=0   Elapsed: 3e-06s (0m 00s)
     Speed:     ev/sec=0   simsec/sec=0   ev/simsec=0
     Messages:  created: 2   present: 2   in FES: 2
** Event #108853   t=364.208016768478   Elapsed: 0.010437s (0m 00s)
     Speed:     ev/sec=1.04335e+07   simsec/sec=34909.2   ev/simsec=298.876
     Messages:  created: 2   present: 2   in FES: 1

<!> Simulation stopped with endSimulation() -- in module (ScheduledAccessQueue) DectScheduledAccessNetwork.queue (id=2), at t=364.208016768478s, event #108853

Calling finish() at end of Run #562...

Preparing for running configuration MonetecFocusedSmallR, run #563...
Scenario: $r=12, $rho=0.040, $repetition=2
Assigned runID=MonetecFocusedSmallR-563-20260930-08:34:28-58
Setting up network "dect2020scheduledaccess.DectScheduledAccessNetwork"...
Initializing...

Running simulation...
** Event #0   t=0   Elapsed: 3e-06s (0m 00s)
     Speed:     ev/sec=0   simsec/sec=0   ev/simsec=0
     Messages:  created: 2   present: 2   in FES: 2
** Event #108616   t=362.097912083598   Elapsed: 0.010441s (0m 00s)
     Speed:     ev/sec=1.04058e+07   simsec/sec=34690.3   ev/simsec=299.964
     Messages:  created: 2   present: 2   in FES: 1

<!> Simulation stopped with endSimulation() -- in module (ScheduledAccessQueue) DectScheduledAccessNetwork.queue (id=2), at t=362.097912083598s, event #108616

Calling finish() at end of Run #563...

Preparing for running configuration MonetecFocusedSmallR, run #564...
Scenario: $r=12, $rho=0.045, $repetition=0
Assigned runID=MonetecFocusedSmallR-564-20260930-08:34:28-58
Setting up network "dect2020scheduledaccess.DectScheduledAccessNetwork"...
Initializing...

Running simulation...
** Event #0   t=0   Elapsed: 3e-06s (0m 00s)
     Speed:     ev/sec=0   simsec/sec=0   ev/simsec=0
     Messages:  created: 2   present: 2   in FES: 2
** Event #104101   t=321.336691664883   Elapsed: 0.010091s (0m 00s)
     Speed:     ev/sec=1.03203e+07   simsec/sec=31856.5   ev/simsec=323.963
     Messages:  created: 2   present: 2   in FES: 1

<!> Simulation stopped with endSimulation() -- in module (ScheduledAccessQueue) DectScheduledAccessNetwork.queue (id=2), at t=321.336691664883s, event #104101

Calling finish() at end of Run #564...

Preparing for running configuration MonetecFocusedSmallR, run #565...
Scenario: $r=12, $rho=0.045, $repetition=1
Assigned runID=MonetecFocusedSmallR-565-20260930-08:34:28-58
Setting up network "dect2020scheduledaccess.DectScheduledAccessNetwork"...
Initializing...

Running simulation...
** Event #0   t=0   Elapsed: 3e-06s (0m 00s)
     Speed:     ev/sec=0   simsec/sec=0   ev/simsec=0
     Messages:  created: 2   present: 2   in FES: 2
** Event #104322   t=323.44232736058   Elapsed: 0.010271s (0m 00s)
     Speed:     ev/sec=1.01599e+07   simsec/sec=31500   ev/simsec=322.537
     Messages:  created: 2   present: 2   in FES: 1

<!> Simulation stopped with endSimulation() -- in module (ScheduledAccessQueue) DectScheduledAccessNetwork.queue (id=2), at t=323.44232736058s, event #104322

Calling finish() at end of Run #565...

Preparing for running configuration MonetecFocusedSmallR, run #566...
Scenario: $r=12, $rho=0.045, $repetition=2
Assigned runID=MonetecFocusedSmallR-566-20260930-08:34:28-58
Setting up network "dect2020scheduledaccess.DectScheduledAccessNetwork"...
Initializing...

Running simulation...
** Event #0   t=0   Elapsed: 2e-05s (0m 00s)
     Speed:     ev/sec=0   simsec/sec=0   ev/simsec=0
     Messages:  created: 2   present: 2   in FES: 2
** Event #104219   t=322.496770614054   Elapsed: 0.010286s (0m 00s)
     Speed:     ev/sec=1.01519e+07   simsec/sec=31414   ev/simsec=323.164
     Messages:  created: 2   present: 2   in FES: 1

<!> Simulation stopped with endSimulation() -- in module (ScheduledAccessQueue) DectScheduledAccessNetwork.queue (id=2), at t=322.496770614054s, event #104219

Calling finish() at end of Run #566...

Preparing for running configuration MonetecFocusedSmallR, run #567...
Scenario: $r=12, $rho=0.050, $repetition=0
Assigned runID=MonetecFocusedSmallR-567-20260930-08:34:28-58
Setting up network "dect2020scheduledaccess.DectScheduledAccessNetwork"...
Initializing...

Running simulation...
** Event #0   t=0   Elapsed: 3e-06s (0m 00s)
     Speed:     ev/sec=0   simsec/sec=0   ev/simsec=0
     Messages:  created: 2   present: 2   in FES: 2
** Event #100513   t=289.111265249508   Elapsed: 0.009949s (0m 00s)
     Speed:     ev/sec=0   simsec/sec=0   ev/simsec=0
     Messages:  created: 2   present: 2   in FES: 1

<!> Simulation stopped with endSimulation() -- in module (ScheduledAccessQueue) DectScheduledAccessNetwork.queue (id=2), at t=289.111265249508s, event #100513

Calling finish() at end of Run #567...

Preparing for running configuration MonetecFocusedSmallR, run #568...
Scenario: $r=12, $rho=0.050, $repetition=1
Assigned runID=MonetecFocusedSmallR-568-20260930-08:34:28-58
Setting up network "dect2020scheduledaccess.DectScheduledAccessNetwork"...
Initializing...

Running simulation...
** Event #0   t=0   Elapsed: 2.4e-05s (0m 00s)
     Speed:     ev/sec=0   simsec/sec=0   ev/simsec=0
     Messages:  created: 2   present: 2   in FES: 2
** Event #100760   t=291.378377676616   Elapsed: 0.010105s (0m 00s)
     Speed:     ev/sec=9.99504e+06   simsec/sec=28903.6   ev/simsec=345.806
     Messages:  created: 2   present: 2   in FES: 1

<!> Simulation stopped with endSimulation() -- in module (ScheduledAccessQueue) DectScheduledAccessNetwork.queue (id=2), at t=291.378377676616s, event #100760

Calling finish() at end of Run #568...

Preparing for running configuration MonetecFocusedSmallR, run #569...
Scenario: $r=12, $rho=0.050, $repetition=2
Assigned runID=MonetecFocusedSmallR-569-20260930-08:34:28-58
Setting up network "dect2020scheduledaccess.DectScheduledAccessNetwork"...
Initializing...

Running simulation...
** Event #0   t=0   Elapsed: 2.6e-05s (0m 00s)
     Speed:     ev/sec=0   simsec/sec=0   ev/simsec=0
     Messages:  created: 2   present: 2   in FES: 2
** Event #100527   t=289.315340059705   Elapsed: 0.009987s (0m 00s)
     Speed:     ev/sec=0   simsec/sec=0   ev/simsec=0
     Messages:  created: 2   present: 2   in FES: 1

<!> Simulation stopped with endSimulation() -- in module (ScheduledAccessQueue) DectScheduledAccessNetwork.queue (id=2), at t=289.315340059705s, event #100527

Calling finish() at end of Run #569...

Preparing for running configuration MonetecFocusedSmallR, run #570...
Scenario: $r=12, $rho=0.055, $repetition=0
Assigned runID=MonetecFocusedSmallR-570-20260930-08:34:28-58
Setting up network "dect2020scheduledaccess.DectScheduledAccessNetwork"...
Initializing...

Running simulation...
** Event #0   t=0   Elapsed: 3e-06s (0m 00s)
     Speed:     ev/sec=0   simsec/sec=0   ev/simsec=0
     Messages:  created: 2   present: 2   in FES: 2
** Event #97540   t=262.32806474763   Elapsed: 0.009798s (0m 00s)
     Speed:     ev/sec=0   simsec/sec=0   ev/simsec=0
     Messages:  created: 2   present: 2   in FES: 1

<!> Simulation stopped with endSimulation() -- in module (ScheduledAccessQueue) DectScheduledAccessNetwork.queue (id=2), at t=262.32806474763s, event #97540

Calling finish() at end of Run #570...

Preparing for running configuration MonetecFocusedSmallR, run #571...
Scenario: $r=12, $rho=0.055, $repetition=1
Assigned runID=MonetecFocusedSmallR-571-20260930-08:34:28-58
Setting up network "dect2020scheduledaccess.DectScheduledAccessNetwork"...
Initializing...

Running simulation...
** Event #0   t=0   Elapsed: 2.7e-05s (0m 00s)
     Speed:     ev/sec=0   simsec/sec=0   ev/simsec=0
     Messages:  created: 2   present: 2   in FES: 2
** Event #97794   t=264.595664983663   Elapsed: 0.010046s (0m 00s)
     Speed:     ev/sec=9.76183e+06   simsec/sec=26412   ev/simsec=369.598
     Messages:  created: 2   present: 2   in FES: 1

<!> Simulation stopped with endSimulation() -- in module (ScheduledAccessQueue) DectScheduledAccessNetwork.queue (id=2), at t=264.595664983663s, event #97794

Calling finish() at end of Run #571...

Preparing for running configuration MonetecFocusedSmallR, run #572...
Scenario: $r=12, $rho=0.055, $repetition=2
Assigned runID=MonetecFocusedSmallR-572-20260930-08:34:28-58
Setting up network "dect2020scheduledaccess.DectScheduledAccessNetwork"...
Initializing...

Running simulation...
** Event #0   t=0   Elapsed: 2.2e-05s (0m 00s)
     Speed:     ev/sec=0   simsec/sec=0   ev/simsec=0
     Messages:  created: 2   present: 2   in FES: 2
** Event #97612   t=263.068771868634   Elapsed: 0.009806s (0m 00s)
     Speed:     ev/sec=0   simsec/sec=0   ev/simsec=0
     Messages:  created: 2   present: 2   in FES: 1

<!> Simulation stopped with endSimulation() -- in module (ScheduledAccessQueue) DectScheduledAccessNetwork.queue (id=2), at t=263.068771868634s, event #97612

Calling finish() at end of Run #572...

Preparing for running configuration MonetecFocusedSmallR, run #573...
Scenario: $r=12, $rho=0.060, $repetition=0
Assigned runID=MonetecFocusedSmallR-573-20260930-08:34:28-58
Setting up network "dect2020scheduledaccess.DectScheduledAccessNetwork"...
Initializing...

Running simulation...
** Event #0   t=0   Elapsed: 3e-06s (0m 00s)
     Speed:     ev/sec=0   simsec/sec=0   ev/simsec=0
     Messages:  created: 2   present: 2   in FES: 2
** Event #95273   t=241.786069038234   Elapsed: 0.009601s (0m 00s)
     Speed:     ev/sec=0   simsec/sec=0   ev/simsec=0
     Messages:  created: 2   present: 2   in FES: 1

<!> Simulation stopped with endSimulation() -- in module (ScheduledAccessQueue) DectScheduledAccessNetwork.queue (id=2), at t=241.786069038234s, event #95273

Calling finish() at end of Run #573...

Preparing for running configuration MonetecFocusedSmallR, run #574...
Scenario: $r=12, $rho=0.060, $repetition=1
Assigned runID=MonetecFocusedSmallR-574-20260930-08:34:28-58
Setting up network "dect2020scheduledaccess.DectScheduledAccessNetwork"...
Initializing...

Running simulation...
** Event #0   t=0   Elapsed: 2e-06s (0m 00s)
     Speed:     ev/sec=0   simsec/sec=0   ev/simsec=0
     Messages:  created: 2   present: 2   in FES: 2
** Event #95329   t=242.410376482824   Elapsed: 0.009506s (0m 00s)
     Speed:     ev/sec=0   simsec/sec=0   ev/simsec=0
     Messages:  created: 2   present: 2   in FES: 1

<!> Simulation stopped with endSimulation() -- in module (ScheduledAccessQueue) DectScheduledAccessNetwork.queue (id=2), at t=242.410376482824s, event #95329

Calling finish() at end of Run #574...

Preparing for running configuration MonetecFocusedSmallR, run #575...
Scenario: $r=12, $rho=0.060, $repetition=2
Assigned runID=MonetecFocusedSmallR-575-20260930-08:34:28-58
Setting up network "dect2020scheduledaccess.DectScheduledAccessNetwork"...
Initializing...

Running simulation...
** Event #0   t=0   Elapsed: 3e-06s (0m 00s)
     Speed:     ev/sec=0   simsec/sec=0   ev/simsec=0
     Messages:  created: 2   present: 2   in FES: 2
** Event #95399   t=242.894207657319   Elapsed: 0.00949s (0m 00s)
     Speed:     ev/sec=0   simsec/sec=0   ev/simsec=0
     Messages:  created: 2   present: 2   in FES: 1

<!> Simulation stopped with endSimulation() -- in module (ScheduledAccessQueue) DectScheduledAccessNetwork.queue (id=2), at t=242.894207657319s, event #95399

Calling finish() at end of Run #575...

Preparing for running configuration MonetecFocusedSmallR, run #576...
Scenario: $r=12, $rho=0.065, $repetition=0
Assigned runID=MonetecFocusedSmallR-576-20260930-08:34:28-58
Setting up network "dect2020scheduledaccess.DectScheduledAccessNetwork"...
Initializing...

Running simulation...
** Event #0   t=0   Elapsed: 2e-06s (0m 00s)
     Speed:     ev/sec=0   simsec/sec=0   ev/simsec=0
     Messages:  created: 2   present: 2   in FES: 2
** Event #93282   t=223.665048832917   Elapsed: 0.009402s (0m 00s)
     Speed:     ev/sec=0   simsec/sec=0   ev/simsec=0
     Messages:  created: 2   present: 2   in FES: 1

<!> Simulation stopped with endSimulation() -- in module (ScheduledAccessQueue) DectScheduledAccessNetwork.queue (id=2), at t=223.665048832917s, event #93282

Calling finish() at end of Run #576...

Preparing for running configuration MonetecFocusedSmallR, run #577...
Scenario: $r=12, $rho=0.065, $repetition=1
Assigned runID=MonetecFocusedSmallR-577-20260930-08:34:28-58
Setting up network "dect2020scheduledaccess.DectScheduledAccessNetwork"...
Initializing...

Running simulation...
** Event #0   t=0   Elapsed: 3e-06s (0m 00s)
     Speed:     ev/sec=0   simsec/sec=0   ev/simsec=0
     Messages:  created: 2   present: 2   in FES: 2
** Event #93111   t=222.284259304079   Elapsed: 0.009359s (0m 00s)
     Speed:     ev/sec=0   simsec/sec=0   ev/simsec=0
     Messages:  created: 2   present: 2   in FES: 1

<!> Simulation stopped with endSimulation() -- in module (ScheduledAccessQueue) DectScheduledAccessNetwork.queue (id=2), at t=222.284259304079s, event #93111

Calling finish() at end of Run #577...

Preparing for running configuration MonetecFocusedSmallR, run #578...
Scenario: $r=12, $rho=0.065, $repetition=2
Assigned runID=MonetecFocusedSmallR-578-20260930-08:34:28-58
Setting up network "dect2020scheduledaccess.DectScheduledAccessNetwork"...
Initializing...

Running simulation...
** Event #0   t=0   Elapsed: 3e-06s (0m 00s)
     Speed:     ev/sec=0   simsec/sec=0   ev/simsec=0
     Messages:  created: 2   present: 2   in FES: 2
** Event #93188   t=223.13299069952   Elapsed: 0.00931s (0m 00s)
     Speed:     ev/sec=0   simsec/sec=0   ev/simsec=0
     Messages:  created: 2   present: 2   in FES: 1

<!> Simulation stopped with endSimulation() -- in module (ScheduledAccessQueue) DectScheduledAccessNetwork.queue (id=2), at t=223.13299069952s, event #93188

Calling finish() at end of Run #578...

Preparing for running configuration MonetecFocusedSmallR, run #579...
Scenario: $r=12, $rho=0.070, $repetition=0
Assigned runID=MonetecFocusedSmallR-579-20260930-08:34:28-58
Setting up network "dect2020scheduledaccess.DectScheduledAccessNetwork"...
Initializing...

Running simulation...
** Event #0   t=0   Elapsed: 3e-06s (0m 00s)
     Speed:     ev/sec=0   simsec/sec=0   ev/simsec=0
     Messages:  created: 2   present: 2   in FES: 2
** Event #91480   t=206.708764178121   Elapsed: 0.009317s (0m 00s)
     Speed:     ev/sec=0   simsec/sec=0   ev/simsec=0
     Messages:  created: 2   present: 2   in FES: 1

<!> Simulation stopped with endSimulation() -- in module (ScheduledAccessQueue) DectScheduledAccessNetwork.queue (id=2), at t=206.708764178121s, event #91480

Calling finish() at end of Run #579...

Preparing for running configuration MonetecFocusedSmallR, run #580...
Scenario: $r=12, $rho=0.070, $repetition=1
Assigned runID=MonetecFocusedSmallR-580-20260930-08:34:28-58
Setting up network "dect2020scheduledaccess.DectScheduledAccessNetwork"...
Initializing...

Running simulation...
** Event #0   t=0   Elapsed: 3e-06s (0m 00s)
     Speed:     ev/sec=0   simsec/sec=0   ev/simsec=0
     Messages:  created: 2   present: 2   in FES: 2
** Event #91661   t=208.45280698698   Elapsed: 0.009232s (0m 00s)
     Speed:     ev/sec=0   simsec/sec=0   ev/simsec=0
     Messages:  created: 2   present: 2   in FES: 1

<!> Simulation stopped with endSimulation() -- in module (ScheduledAccessQueue) DectScheduledAccessNetwork.queue (id=2), at t=208.45280698698s, event #91661

Calling finish() at end of Run #580...

Preparing for running configuration MonetecFocusedSmallR, run #581...
Scenario: $r=12, $rho=0.070, $repetition=2
Assigned runID=MonetecFocusedSmallR-581-20260930-08:34:28-58
Setting up network "dect2020scheduledaccess.DectScheduledAccessNetwork"...
Initializing...

Running simulation...
** Event #0   t=0   Elapsed: 3e-06s (0m 00s)
     Speed:     ev/sec=0   simsec/sec=0   ev/simsec=0
     Messages:  created: 2   present: 2   in FES: 2
** Event #91626   t=208.174769517987   Elapsed: 0.009189s (0m 00s)
     Speed:     ev/sec=0   simsec/sec=0   ev/simsec=0
     Messages:  created: 2   present: 2   in FES: 1

<!> Simulation stopped with endSimulation() -- in module (ScheduledAccessQueue) DectScheduledAccessNetwork.queue (id=2), at t=208.174769517987s, event #91626

Calling finish() at end of Run #581...

Preparing for running configuration MonetecFocusedSmallR, run #582...
Scenario: $r=12, $rho=0.075, $repetition=0
Assigned runID=MonetecFocusedSmallR-582-20260930-08:34:28-58
Setting up network "dect2020scheduledaccess.DectScheduledAccessNetwork"...
Initializing...

Running simulation...
** Event #0   t=0   Elapsed: 3e-06s (0m 00s)
     Speed:     ev/sec=0   simsec/sec=0   ev/simsec=0
     Messages:  created: 2   present: 2   in FES: 2
** Event #90470   t=196.023439540371   Elapsed: 0.009363s (0m 00s)
     Speed:     ev/sec=0   simsec/sec=0   ev/simsec=0
     Messages:  created: 2   present: 2   in FES: 1

<!> Simulation stopped with endSimulation() -- in module (ScheduledAccessQueue) DectScheduledAccessNetwork.queue (id=2), at t=196.023439540371s, event #90470

Calling finish() at end of Run #582...

Preparing for running configuration MonetecFocusedSmallR, run #583...
Scenario: $r=12, $rho=0.075, $repetition=1
Assigned runID=MonetecFocusedSmallR-583-20260930-08:34:28-58
Setting up network "dect2020scheduledaccess.DectScheduledAccessNetwork"...
Initializing...

Running simulation...
** Event #0   t=0   Elapsed: 4e-06s (0m 00s)
     Speed:     ev/sec=0   simsec/sec=0   ev/simsec=0
     Messages:  created: 2   present: 2   in FES: 2
** Event #90403   t=195.106910869252   Elapsed: 0.009251s (0m 00s)
     Speed:     ev/sec=0   simsec/sec=0   ev/simsec=0
     Messages:  created: 2   present: 2   in FES: 1

<!> Simulation stopped with endSimulation() -- in module (ScheduledAccessQueue) DectScheduledAccessNetwork.queue (id=2), at t=195.106910869252s, event #90403

Calling finish() at end of Run #583...

Preparing for running configuration MonetecFocusedSmallR, run #584...
Scenario: $r=12, $rho=0.075, $repetition=2
Assigned runID=MonetecFocusedSmallR-584-20260930-08:34:28-58
Setting up network "dect2020scheduledaccess.DectScheduledAccessNetwork"...
Initializing...

Running simulation...
** Event #0   t=0   Elapsed: 3e-06s (0m 00s)
     Speed:     ev/sec=0   simsec/sec=0   ev/simsec=0
     Messages:  created: 2   present: 2   in FES: 2
** Event #90454   t=195.490524313577   Elapsed: 0.009156s (0m 00s)
     Speed:     ev/sec=0   simsec/sec=0   ev/simsec=0
     Messages:  created: 2   present: 2   in FES: 1

<!> Simulation stopped with endSimulation() -- in module (ScheduledAccessQueue) DectScheduledAccessNetwork.queue (id=2), at t=195.490524313577s, event #90454

Calling finish() at end of Run #584...

Preparing for running configuration MonetecFocusedSmallR, run #585...
Scenario: $r=12, $rho=0.080, $repetition=0
Assigned runID=MonetecFocusedSmallR-585-20260930-08:34:28-58
Setting up network "dect2020scheduledaccess.DectScheduledAccessNetwork"...
Initializing...

Running simulation...
** Event #0   t=0   Elapsed: 3e-06s (0m 00s)
     Speed:     ev/sec=0   simsec/sec=0   ev/simsec=0
     Messages:  created: 2   present: 2   in FES: 2
** Event #89801   t=185.517426748377   Elapsed: 0.009063s (0m 00s)
     Speed:     ev/sec=0   simsec/sec=0   ev/simsec=0
     Messages:  created: 2   present: 2   in FES: 1

<!> Simulation stopped with endSimulation() -- in module (ScheduledAccessQueue) DectScheduledAccessNetwork.queue (id=2), at t=185.517426748377s, event #89801

Calling finish() at end of Run #585...

Preparing for running configuration MonetecFocusedSmallR, run #586...
Scenario: $r=12, $rho=0.080, $repetition=1
Assigned runID=MonetecFocusedSmallR-586-20260930-08:34:28-58
Setting up network "dect2020scheduledaccess.DectScheduledAccessNetwork"...
Initializing...

Running simulation...
** Event #0   t=0   Elapsed: 3e-06s (0m 00s)
     Speed:     ev/sec=0   simsec/sec=0   ev/simsec=0
     Messages:  created: 2   present: 2   in FES: 2
** Event #89772   t=184.837976774532   Elapsed: 0.009182s (0m 00s)
     Speed:     ev/sec=0   simsec/sec=0   ev/simsec=0
     Messages:  created: 2   present: 2   in FES: 1

<!> Simulation stopped with endSimulation() -- in module (ScheduledAccessQueue) DectScheduledAccessNetwork.queue (id=2), at t=184.837976774532s, event #89772

Calling finish() at end of Run #586...

Preparing for running configuration MonetecFocusedSmallR, run #587...
Scenario: $r=12, $rho=0.080, $repetition=2
Assigned runID=MonetecFocusedSmallR-587-20260930-08:34:28-58
Setting up network "dect2020scheduledaccess.DectScheduledAccessNetwork"...
Initializing...

Running simulation...
** Event #0   t=0   Elapsed: 3e-06s (0m 00s)
     Speed:     ev/sec=0   simsec/sec=0   ev/simsec=0
     Messages:  created: 2   present: 2   in FES: 2
** Event #89878   t=185.166112741338   Elapsed: 0.009091s (0m 00s)
     Speed:     ev/sec=0   simsec/sec=0   ev/simsec=0
     Messages:  created: 2   present: 2   in FES: 1

<!> Simulation stopped with endSimulation() -- in module (ScheduledAccessQueue) DectScheduledAccessNetwork.queue (id=2), at t=185.166112741338s, event #89878

Calling finish() at end of Run #587...

Preparing for running configuration MonetecFocusedSmallR, run #588...
Scenario: $r=12, $rho=0.085, $repetition=0
Assigned runID=MonetecFocusedSmallR-588-20260930-08:34:29-58
Setting up network "dect2020scheduledaccess.DectScheduledAccessNetwork"...
Initializing...

Running simulation...
** Event #0   t=0   Elapsed: 2e-06s (0m 00s)
     Speed:     ev/sec=0   simsec/sec=0   ev/simsec=0
     Messages:  created: 2   present: 2   in FES: 2
** Event #90006   t=178.629372899606   Elapsed: 0.009215s (0m 00s)
     Speed:     ev/sec=0   simsec/sec=0   ev/simsec=0
     Messages:  created: 2   present: 2   in FES: 1

<!> Simulation stopped with endSimulation() -- in module (ScheduledAccessQueue) DectScheduledAccessNetwork.queue (id=2), at t=178.629372899606s, event #90006

Calling finish() at end of Run #588...

Preparing for running configuration MonetecFocusedSmallR, run #589...
Scenario: $r=12, $rho=0.085, $repetition=1
Assigned runID=MonetecFocusedSmallR-589-20260930-08:34:29-58
Setting up network "dect2020scheduledaccess.DectScheduledAccessNetwork"...
Initializing...

Running simulation...
** Event #0   t=0   Elapsed: 3e-06s (0m 00s)
     Speed:     ev/sec=0   simsec/sec=0   ev/simsec=0
     Messages:  created: 2   present: 2   in FES: 2
** Event #89950   t=178.989541857458   Elapsed: 0.009139s (0m 00s)
     Speed:     ev/sec=0   simsec/sec=0   ev/simsec=0
     Messages:  created: 2   present: 2   in FES: 1

<!> Simulation stopped with endSimulation() -- in module (ScheduledAccessQueue) DectScheduledAccessNetwork.queue (id=2), at t=178.989541857458s, event #89950

Calling finish() at end of Run #589...

Preparing for running configuration MonetecFocusedSmallR, run #590...
Scenario: $r=12, $rho=0.085, $repetition=2
Assigned runID=MonetecFocusedSmallR-590-20260930-08:34:29-58
Setting up network "dect2020scheduledaccess.DectScheduledAccessNetwork"...
Initializing...

Running simulation...
** Event #0   t=0   Elapsed: 3e-06s (0m 00s)
     Speed:     ev/sec=0   simsec/sec=0   ev/simsec=0
     Messages:  created: 2   present: 2   in FES: 2
** Event #90041   t=179.45225698297   Elapsed: 0.009258s (0m 00s)
     Speed:     ev/sec=0   simsec/sec=0   ev/simsec=0
     Messages:  created: 2   present: 2   in FES: 1

<!> Simulation stopped with endSimulation() -- in module (ScheduledAccessQueue) DectScheduledAccessNetwork.queue (id=2), at t=179.45225698297s, event #90041

Calling finish() at end of Run #590...

Preparing for running configuration MonetecFocusedSmallR, run #591...
Scenario: $r=12, $rho=0.090, $repetition=0
Assigned runID=MonetecFocusedSmallR-591-20260930-08:34:29-58
Setting up network "dect2020scheduledaccess.DectScheduledAccessNetwork"...
Initializing...

Running simulation...
** Event #0   t=0   Elapsed: 3e-06s (0m 00s)
     Speed:     ev/sec=0   simsec/sec=0   ev/simsec=0
     Messages:  created: 2   present: 2   in FES: 2
** Event #90957   t=175.309061609835   Elapsed: 0.00937s (0m 00s)
     Speed:     ev/sec=0   simsec/sec=0   ev/simsec=0
     Messages:  created: 2   present: 2   in FES: 1

<!> Simulation stopped with endSimulation() -- in module (ScheduledAccessQueue) DectScheduledAccessNetwork.queue (id=2), at t=175.309061609835s, event #90957

Calling finish() at end of Run #591...

Preparing for running configuration MonetecFocusedSmallR, run #592...
Scenario: $r=12, $rho=0.090, $repetition=1
Assigned runID=MonetecFocusedSmallR-592-20260930-08:34:29-58
Setting up network "dect2020scheduledaccess.DectScheduledAccessNetwork"...
Initializing...

Running simulation...
** Event #0   t=0   Elapsed: 3e-06s (0m 00s)
     Speed:     ev/sec=0   simsec/sec=0   ev/simsec=0
     Messages:  created: 2   present: 2   in FES: 2
** Event #90545   t=175.012076757465   Elapsed: 0.009311s (0m 00s)
     Speed:     ev/sec=0   simsec/sec=0   ev/simsec=0
     Messages:  created: 2   present: 2   in FES: 1

<!> Simulation stopped with endSimulation() -- in module (ScheduledAccessQueue) DectScheduledAccessNetwork.queue (id=2), at t=175.012076757465s, event #90545

Calling finish() at end of Run #592...

Preparing for running configuration MonetecFocusedSmallR, run #593...
Scenario: $r=12, $rho=0.090, $repetition=2
Assigned runID=MonetecFocusedSmallR-593-20260930-08:34:29-58
Setting up network "dect2020scheduledaccess.DectScheduledAccessNetwork"...
Initializing...

Running simulation...
** Event #0   t=0   Elapsed: 3e-06s (0m 00s)
     Speed:     ev/sec=0   simsec/sec=0   ev/simsec=0
     Messages:  created: 2   present: 2   in FES: 2
** Event #90951   t=176.046141227685   Elapsed: 0.009337s (0m 00s)
     Speed:     ev/sec=0   simsec/sec=0   ev/simsec=0
     Messages:  created: 2   present: 2   in FES: 1

<!> Simulation stopped with endSimulation() -- in module (ScheduledAccessQueue) DectScheduledAccessNetwork.queue (id=2), at t=176.046141227685s, event #90951

Calling finish() at end of Run #593...

Preparing for running configuration MonetecFocusedSmallR, run #594...
Scenario: $r=12, $rho=0.095, $repetition=0
Assigned runID=MonetecFocusedSmallR-594-20260930-08:34:29-58
Setting up network "dect2020scheduledaccess.DectScheduledAccessNetwork"...
Initializing...

Running simulation...
** Event #0   t=0   Elapsed: 2.8e-05s (0m 00s)
     Speed:     ev/sec=0   simsec/sec=0   ev/simsec=0
     Messages:  created: 2   present: 2   in FES: 2
** Event #92435   t=173.236244765425   Elapsed: 0.009589s (0m 00s)
     Speed:     ev/sec=0   simsec/sec=0   ev/simsec=0
     Messages:  created: 2   present: 2   in FES: 1

<!> Simulation stopped with endSimulation() -- in module (ScheduledAccessQueue) DectScheduledAccessNetwork.queue (id=2), at t=173.236244765425s, event #92435

Calling finish() at end of Run #594...

Preparing for running configuration MonetecFocusedSmallR, run #595...
Scenario: $r=12, $rho=0.095, $repetition=1
Assigned runID=MonetecFocusedSmallR-595-20260930-08:34:29-58
Setting up network "dect2020scheduledaccess.DectScheduledAccessNetwork"...
Initializing...

Running simulation...
** Event #0   t=0   Elapsed: 3e-06s (0m 00s)
     Speed:     ev/sec=0   simsec/sec=0   ev/simsec=0
     Messages:  created: 2   present: 2   in FES: 2
** Event #92157   t=173.427839245095   Elapsed: 0.009473s (0m 00s)
     Speed:     ev/sec=0   simsec/sec=0   ev/simsec=0
     Messages:  created: 2   present: 2   in FES: 1

<!> Simulation stopped with endSimulation() -- in module (ScheduledAccessQueue) DectScheduledAccessNetwork.queue (id=2), at t=173.427839245095s, event #92157

Calling finish() at end of Run #595...

Preparing for running configuration MonetecFocusedSmallR, run #596...
Scenario: $r=12, $rho=0.095, $repetition=2
Assigned runID=MonetecFocusedSmallR-596-20260930-08:34:29-58
Setting up network "dect2020scheduledaccess.DectScheduledAccessNetwork"...
Initializing...

Running simulation...
** Event #0   t=0   Elapsed: 3e-06s (0m 00s)
     Speed:     ev/sec=0   simsec/sec=0   ev/simsec=0
     Messages:  created: 2   present: 2   in FES: 2
** Event #92369   t=173.671642470231   Elapsed: 0.009374s (0m 00s)
     Speed:     ev/sec=0   simsec/sec=0   ev/simsec=0
     Messages:  created: 2   present: 2   in FES: 1

<!> Simulation stopped with endSimulation() -- in module (ScheduledAccessQueue) DectScheduledAccessNetwork.queue (id=2), at t=173.671642470231s, event #92369

Calling finish() at end of Run #596...

Preparing for running configuration MonetecFocusedSmallR, run #597...
Scenario: $r=12, $rho=0.100, $repetition=0
Assigned runID=MonetecFocusedSmallR-597-20260930-08:34:29-58
Setting up network "dect2020scheduledaccess.DectScheduledAccessNetwork"...
Initializing...

Running simulation...
** Event #0   t=0   Elapsed: 3e-06s (0m 00s)
     Speed:     ev/sec=0   simsec/sec=0   ev/simsec=0
     Messages:  created: 2   present: 2   in FES: 2
** Event #94136   t=172.466971052214   Elapsed: 0.009744s (0m 00s)
     Speed:     ev/sec=0   simsec/sec=0   ev/simsec=0
     Messages:  created: 2   present: 2   in FES: 1

<!> Simulation stopped with endSimulation() -- in module (ScheduledAccessQueue) DectScheduledAccessNetwork.queue (id=2), at t=172.466971052214s, event #94136

Calling finish() at end of Run #597...

Preparing for running configuration MonetecFocusedSmallR, run #598...
Scenario: $r=12, $rho=0.100, $repetition=1
Assigned runID=MonetecFocusedSmallR-598-20260930-08:34:29-58
Setting up network "dect2020scheduledaccess.DectScheduledAccessNetwork"...
Initializing...

Running simulation...
** Event #0   t=0   Elapsed: 3e-06s (0m 00s)
     Speed:     ev/sec=0   simsec/sec=0   ev/simsec=0
     Messages:  created: 2   present: 2   in FES: 2
** Event #94290   t=172.578570600594   Elapsed: 0.009663s (0m 00s)
     Speed:     ev/sec=0   simsec/sec=0   ev/simsec=0
     Messages:  created: 2   present: 2   in FES: 1

<!> Simulation stopped with endSimulation() -- in module (ScheduledAccessQueue) DectScheduledAccessNetwork.queue (id=2), at t=172.578570600594s, event #94290

Calling finish() at end of Run #598...

Preparing for running configuration MonetecFocusedSmallR, run #599...
Scenario: $r=12, $rho=0.100, $repetition=2
Assigned runID=MonetecFocusedSmallR-599-20260930-08:34:29-58
Setting up network "dect2020scheduledaccess.DectScheduledAccessNetwork"...
Initializing...

Running simulation...
** Event #0   t=0   Elapsed: 3e-06s (0m 00s)
     Speed:     ev/sec=0   simsec/sec=0   ev/simsec=0
     Messages:  created: 2   present: 2   in FES: 2
** Event #94048   t=172.71366054056   Elapsed: 0.009553s (0m 00s)
     Speed:     ev/sec=0   simsec/sec=0   ev/simsec=0
     Messages:  created: 2   present: 2   in FES: 1

<!> Simulation stopped with endSimulation() -- in module (ScheduledAccessQueue) DectScheduledAccessNetwork.queue (id=2), at t=172.71366054056s, event #94048

Calling finish() at end of Run #599...

Preparing for running configuration MonetecFocusedSmallR, run #600...
Scenario: $r=12, $rho=0.105, $repetition=0
Assigned runID=MonetecFocusedSmallR-600-20260930-08:34:29-58
Setting up network "dect2020scheduledaccess.DectScheduledAccessNetwork"...
Initializing...

Running simulation...
** Event #0   t=0   Elapsed: 3e-06s (0m 00s)
     Speed:     ev/sec=0   simsec/sec=0   ev/simsec=0
     Messages:  created: 2   present: 2   in FES: 2
** Event #96056   t=172.105948700754   Elapsed: 0.010064s (0m 00s)
     Speed:     ev/sec=9.54736e+06   simsec/sec=17106.1   ev/simsec=558.127
     Messages:  created: 2   present: 2   in FES: 1

<!> Simulation stopped with endSimulation() -- in module (ScheduledAccessQueue) DectScheduledAccessNetwork.queue (id=2), at t=172.105948700754s, event #96056

Calling finish() at end of Run #600...

Preparing for running configuration MonetecFocusedSmallR, run #601...
Scenario: $r=12, $rho=0.105, $repetition=1
Assigned runID=MonetecFocusedSmallR-601-20260930-08:34:29-58
Setting up network "dect2020scheduledaccess.DectScheduledAccessNetwork"...
Initializing...

Running simulation...
** Event #0   t=0   Elapsed: 3e-06s (0m 00s)
     Speed:     ev/sec=0   simsec/sec=0   ev/simsec=0
     Messages:  created: 2   present: 2   in FES: 2
** Event #96223   t=172.313973534779   Elapsed: 0.009907s (0m 00s)
     Speed:     ev/sec=0   simsec/sec=0   ev/simsec=0
     Messages:  created: 2   present: 2   in FES: 1

<!> Simulation stopped with endSimulation() -- in module (ScheduledAccessQueue) DectScheduledAccessNetwork.queue (id=2), at t=172.313973534779s, event #96223

Calling finish() at end of Run #601...

Preparing for running configuration MonetecFocusedSmallR, run #602...
Scenario: $r=12, $rho=0.105, $repetition=2
Assigned runID=MonetecFocusedSmallR-602-20260930-08:34:29-58
Setting up network "dect2020scheduledaccess.DectScheduledAccessNetwork"...
Initializing...

Running simulation...
** Event #0   t=0   Elapsed: 3e-06s (0m 00s)
     Speed:     ev/sec=0   simsec/sec=0   ev/simsec=0
     Messages:  created: 2   present: 2   in FES: 2
** Event #95969   t=172.276086888363   Elapsed: 0.009771s (0m 00s)
     Speed:     ev/sec=0   simsec/sec=0   ev/simsec=0
     Messages:  created: 2   present: 2   in FES: 1

<!> Simulation stopped with endSimulation() -- in module (ScheduledAccessQueue) DectScheduledAccessNetwork.queue (id=2), at t=172.276086888363s, event #95969

Calling finish() at end of Run #602...

Preparing for running configuration MonetecFocusedSmallR, run #603...
Scenario: $r=12, $rho=0.110, $repetition=0
Assigned runID=MonetecFocusedSmallR-603-20260930-08:34:29-58
Setting up network "dect2020scheduledaccess.DectScheduledAccessNetwork"...
Initializing...

Running simulation...
** Event #0   t=0   Elapsed: 3e-06s (0m 00s)
     Speed:     ev/sec=0   simsec/sec=0   ev/simsec=0
     Messages:  created: 2   present: 2   in FES: 2
** Event #98028   t=172.053010867524   Elapsed: 0.01016s (0m 00s)
     Speed:     ev/sec=9.65127e+06   simsec/sec=16939.4   ev/simsec=569.755
     Messages:  created: 2   present: 2   in FES: 1

<!> Simulation stopped with endSimulation() -- in module (ScheduledAccessQueue) DectScheduledAccessNetwork.queue (id=2), at t=172.053010867524s, event #98028

Calling finish() at end of Run #603...

Preparing for running configuration MonetecFocusedSmallR, run #604...
Scenario: $r=12, $rho=0.110, $repetition=1
Assigned runID=MonetecFocusedSmallR-604-20260930-08:34:29-58
Setting up network "dect2020scheduledaccess.DectScheduledAccessNetwork"...
Initializing...

Running simulation...
** Event #0   t=0   Elapsed: 3e-06s (0m 00s)
     Speed:     ev/sec=0   simsec/sec=0   ev/simsec=0
     Messages:  created: 2   present: 2   in FES: 2
** Event #98106   t=172.289913824317   Elapsed: 0.009989s (0m 00s)
     Speed:     ev/sec=0   simsec/sec=0   ev/simsec=0
     Messages:  created: 2   present: 2   in FES: 1

<!> Simulation stopped with endSimulation() -- in module (ScheduledAccessQueue) DectScheduledAccessNetwork.queue (id=2), at t=172.289913824317s, event #98106

Calling finish() at end of Run #604...

Preparing for running configuration MonetecFocusedSmallR, run #605...
Scenario: $r=12, $rho=0.110, $repetition=2
Assigned runID=MonetecFocusedSmallR-605-20260930-08:34:29-58
Setting up network "dect2020scheduledaccess.DectScheduledAccessNetwork"...
Initializing...

Running simulation...
** Event #0   t=0   Elapsed: 3e-06s (0m 00s)
     Speed:     ev/sec=0   simsec/sec=0   ev/simsec=0
     Messages:  created: 2   present: 2   in FES: 2
** Event #98052   t=172.208497153997   Elapsed: 0.009965s (0m 00s)
     Speed:     ev/sec=0   simsec/sec=0   ev/simsec=0
     Messages:  created: 2   present: 2   in FES: 1

<!> Simulation stopped with endSimulation() -- in module (ScheduledAccessQueue) DectScheduledAccessNetwork.queue (id=2), at t=172.208497153997s, event #98052

Calling finish() at end of Run #605...

Preparing for running configuration MonetecFocusedSmallR, run #606...
Scenario: $r=12, $rho=0.115, $repetition=0
Assigned runID=MonetecFocusedSmallR-606-20260930-08:34:29-58
Setting up network "dect2020scheduledaccess.DectScheduledAccessNetwork"...
Initializing...

Running simulation...
** Event #0   t=0   Elapsed: 3e-06s (0m 00s)
     Speed:     ev/sec=0   simsec/sec=0   ev/simsec=0
     Messages:  created: 2   present: 2   in FES: 2
** Event #100122   t=172.01226247412   Elapsed: 0.010184s (0m 00s)
     Speed:     ev/sec=9.8342e+06   simsec/sec=16895.4   ev/simsec=582.065
     Messages:  created: 2   present: 2   in FES: 1

<!> Simulation stopped with endSimulation() -- in module (ScheduledAccessQueue) DectScheduledAccessNetwork.queue (id=2), at t=172.01226247412s, event #100122

Calling finish() at end of Run #606...

Preparing for running configuration MonetecFocusedSmallR, run #607...
Scenario: $r=12, $rho=0.115, $repetition=1
Assigned runID=MonetecFocusedSmallR-607-20260930-08:34:29-58
Setting up network "dect2020scheduledaccess.DectScheduledAccessNetwork"...
Initializing...

Running simulation...
** Event #0   t=0   Elapsed: 3e-06s (0m 00s)
     Speed:     ev/sec=0   simsec/sec=0   ev/simsec=0
     Messages:  created: 2   present: 2   in FES: 2
** Event #100295   t=172.231031578476   Elapsed: 0.0102s (0m 00s)
     Speed:     ev/sec=9.83574e+06   simsec/sec=16890.4   ev/simsec=582.329
     Messages:  created: 2   present: 2   in FES: 1

<!> Simulation stopped with endSimulation() -- in module (ScheduledAccessQueue) DectScheduledAccessNetwork.queue (id=2), at t=172.231031578476s, event #100295

Calling finish() at end of Run #607...

Preparing for running configuration MonetecFocusedSmallR, run #608...
Scenario: $r=12, $rho=0.115, $repetition=2
Assigned runID=MonetecFocusedSmallR-608-20260930-08:34:29-58
Setting up network "dect2020scheduledaccess.DectScheduledAccessNetwork"...
Initializing...

Running simulation...
** Event #0   t=0   Elapsed: 3e-06s (0m 00s)
     Speed:     ev/sec=0   simsec/sec=0   ev/simsec=0
     Messages:  created: 2   present: 2   in FES: 2
** Event #99990   t=172.110965592949   Elapsed: 0.010191s (0m 00s)
     Speed:     ev/sec=9.81449e+06   simsec/sec=16893.5   ev/simsec=580.963
     Messages:  created: 2   present: 2   in FES: 1

<!> Simulation stopped with endSimulation() -- in module (ScheduledAccessQueue) DectScheduledAccessNetwork.queue (id=2), at t=172.110965592949s, event #99990

Calling finish() at end of Run #608...

Preparing for running configuration MonetecFocusedSmallR, run #609...
Scenario: $r=12, $rho=0.120, $repetition=0
Assigned runID=MonetecFocusedSmallR-609-20260930-08:34:29-58
Setting up network "dect2020scheduledaccess.DectScheduledAccessNetwork"...
Initializing...

Running simulation...
** Event #0   t=0   Elapsed: 3e-06s (0m 00s)
     Speed:     ev/sec=0   simsec/sec=0   ev/simsec=0
     Messages:  created: 2   present: 2   in FES: 2
** Event #102434   t=172.139575553882   Elapsed: 0.010456s (0m 00s)
     Speed:     ev/sec=9.80042e+06   simsec/sec=16469.5   ev/simsec=595.066
     Messages:  created: 2   present: 2   in FES: 1

<!> Simulation stopped with endSimulation() -- in module (ScheduledAccessQueue) DectScheduledAccessNetwork.queue (id=2), at t=172.139575553882s, event #102434

Calling finish() at end of Run #609...

Preparing for running configuration MonetecFocusedSmallR, run #610...
Scenario: $r=12, $rho=0.120, $repetition=1
Assigned runID=MonetecFocusedSmallR-610-20260930-08:34:29-58
Setting up network "dect2020scheduledaccess.DectScheduledAccessNetwork"...
Initializing...

Running simulation...
** Event #0   t=0   Elapsed: 3e-06s (0m 00s)
     Speed:     ev/sec=0   simsec/sec=0   ev/simsec=0
     Messages:  created: 2   present: 2   in FES: 2
** Event #102217   t=172.148805136101   Elapsed: 0.010449s (0m 00s)
     Speed:     ev/sec=9.78621e+06   simsec/sec=16481.4   ev/simsec=593.774
     Messages:  created: 2   present: 2   in FES: 1

<!> Simulation stopped with endSimulation() -- in module (ScheduledAccessQueue) DectScheduledAccessNetwork.queue (id=2), at t=172.148805136101s, event #102217

Calling finish() at end of Run #610...

Preparing for running configuration MonetecFocusedSmallR, run #611...
Scenario: $r=12, $rho=0.120, $repetition=2
Assigned runID=MonetecFocusedSmallR-611-20260930-08:34:29-58
Setting up network "dect2020scheduledaccess.DectScheduledAccessNetwork"...
Initializing...

Running simulation...
** Event #0   t=0   Elapsed: 3e-06s (0m 00s)
     Speed:     ev/sec=0   simsec/sec=0   ev/simsec=0
     Messages:  created: 2   present: 2   in FES: 2
** Event #102116   t=172.131635431416   Elapsed: 0.01045s (0m 00s)
     Speed:     ev/sec=9.77467e+06   simsec/sec=16476.6   ev/simsec=593.244
     Messages:  created: 2   present: 2   in FES: 1

<!> Simulation stopped with endSimulation() -- in module (ScheduledAccessQueue) DectScheduledAccessNetwork.queue (id=2), at t=172.131635431416s, event #102116

Calling finish() at end of Run #611...

Preparing for running configuration MonetecFocusedSmallR, run #612...
Scenario: $r=12, $rho=0.125, $repetition=0
Assigned runID=MonetecFocusedSmallR-612-20260930-08:34:29-58
Setting up network "dect2020scheduledaccess.DectScheduledAccessNetwork"...
Initializing...

Running simulation...
** Event #0   t=0   Elapsed: 3e-06s (0m 00s)
     Speed:     ev/sec=0   simsec/sec=0   ev/simsec=0
     Messages:  created: 2   present: 2   in FES: 2
** Event #104412   t=172.060818173078   Elapsed: 0.010629s (0m 00s)
     Speed:     ev/sec=9.82701e+06   simsec/sec=16194   ev/simsec=606.832
     Messages:  created: 2   present: 2   in FES: 1

<!> Simulation stopped with endSimulation() -- in module (ScheduledAccessQueue) DectScheduledAccessNetwork.queue (id=2), at t=172.060818173078s, event #104412

Calling finish() at end of Run #612...

Preparing for running configuration MonetecFocusedSmallR, run #613...
Scenario: $r=12, $rho=0.125, $repetition=1
Assigned runID=MonetecFocusedSmallR-613-20260930-08:34:29-58
Setting up network "dect2020scheduledaccess.DectScheduledAccessNetwork"...
Initializing...

Running simulation...
** Event #0   t=0   Elapsed: 3e-06s (0m 00s)
     Speed:     ev/sec=0   simsec/sec=0   ev/simsec=0
     Messages:  created: 2   present: 2   in FES: 2
** Event #104396   t=172.217340216203   Elapsed: 0.010717s (0m 00s)
     Speed:     ev/sec=9.74389e+06   simsec/sec=16074   ev/simsec=606.188
     Messages:  created: 2   present: 2   in FES: 1

<!> Simulation stopped with endSimulation() -- in module (ScheduledAccessQueue) DectScheduledAccessNetwork.queue (id=2), at t=172.217340216203s, event #104396

Calling finish() at end of Run #613...

Preparing for running configuration MonetecFocusedSmallR, run #614...
Scenario: $r=12, $rho=0.125, $repetition=2
Assigned runID=MonetecFocusedSmallR-614-20260930-08:34:29-58
Setting up network "dect2020scheduledaccess.DectScheduledAccessNetwork"...
Initializing...

Running simulation...
** Event #0   t=0   Elapsed: 3e-06s (0m 00s)
     Speed:     ev/sec=0   simsec/sec=0   ev/simsec=0
     Messages:  created: 2   present: 2   in FES: 2
** Event #103990   t=172.02884866378   Elapsed: 0.010581s (0m 00s)
     Speed:     ev/sec=9.83078e+06   simsec/sec=16262.9   ev/simsec=604.492
     Messages:  created: 2   present: 2   in FES: 1

<!> Simulation stopped with endSimulation() -- in module (ScheduledAccessQueue) DectScheduledAccessNetwork.queue (id=2), at t=172.02884866378s, event #103990

Calling finish() at end of Run #614...

Preparing for running configuration MonetecFocusedSmallR, run #615...
Scenario: $r=12, $rho=0.130, $repetition=0
Assigned runID=MonetecFocusedSmallR-615-20260930-08:34:29-58
Setting up network "dect2020scheduledaccess.DectScheduledAccessNetwork"...
Initializing...

Running simulation...
** Event #0   t=0   Elapsed: 3e-06s (0m 00s)
     Speed:     ev/sec=0   simsec/sec=0   ev/simsec=0
     Messages:  created: 2   present: 2   in FES: 2
** Event #106402   t=172.043748274731   Elapsed: 0.01079s (0m 00s)
     Speed:     ev/sec=9.86391e+06   simsec/sec=15949.2   ev/simsec=618.459
     Messages:  created: 2   present: 2   in FES: 1

<!> Simulation stopped with endSimulation() -- in module (ScheduledAccessQueue) DectScheduledAccessNetwork.queue (id=2), at t=172.043748274731s, event #106402

Calling finish() at end of Run #615...

Preparing for running configuration MonetecFocusedSmallR, run #616...
Scenario: $r=12, $rho=0.130, $repetition=1
Assigned runID=MonetecFocusedSmallR-616-20260930-08:34:29-58
Setting up network "dect2020scheduledaccess.DectScheduledAccessNetwork"...
Initializing...

Running simulation...
** Event #0   t=0   Elapsed: 2e-06s (0m 00s)
     Speed:     ev/sec=0   simsec/sec=0   ev/simsec=0
     Messages:  created: 2   present: 2   in FES: 2
** Event #106559   t=172.247552302969   Elapsed: 0.011053s (0m 00s)
     Speed:     ev/sec=9.64335e+06   simsec/sec=15588   ev/simsec=618.641
     Messages:  created: 2   present: 2   in FES: 1

<!> Simulation stopped with endSimulation() -- in module (ScheduledAccessQueue) DectScheduledAccessNetwork.queue (id=2), at t=172.247552302969s, event #106559

Calling finish() at end of Run #616...

Preparing for running configuration MonetecFocusedSmallR, run #617...
Scenario: $r=12, $rho=0.130, $repetition=2
Assigned runID=MonetecFocusedSmallR-617-20260930-08:34:29-58
Setting up network "dect2020scheduledaccess.DectScheduledAccessNetwork"...
Initializing...

Running simulation...
** Event #0   t=0   Elapsed: 3e-06s (0m 00s)
     Speed:     ev/sec=0   simsec/sec=0   ev/simsec=0
     Messages:  created: 2   present: 2   in FES: 2
** Event #106250   t=172.087777394416   Elapsed: 0.010812s (0m 00s)
     Speed:     ev/sec=9.83068e+06   simsec/sec=15922.2   ev/simsec=617.42
     Messages:  created: 2   present: 2   in FES: 1

<!> Simulation stopped with endSimulation() -- in module (ScheduledAccessQueue) DectScheduledAccessNetwork.queue (id=2), at t=172.087777394416s, event #106250

Calling finish() at end of Run #617...

Preparing for running configuration MonetecFocusedSmallR, run #618...
Scenario: $r=12, $rho=0.135, $repetition=0
Assigned runID=MonetecFocusedSmallR-618-20260930-08:34:29-58
Setting up network "dect2020scheduledaccess.DectScheduledAccessNetwork"...
Initializing...

Running simulation...
** Event #0   t=0   Elapsed: 2e-06s (0m 00s)
     Speed:     ev/sec=0   simsec/sec=0   ev/simsec=0
     Messages:  created: 2   present: 2   in FES: 2
** Event #108602   t=172.076259893314   Elapsed: 0.011132s (0m 00s)
     Speed:     ev/sec=9.75759e+06   simsec/sec=15460.6   ev/simsec=631.128
     Messages:  created: 2   present: 2   in FES: 1

<!> Simulation stopped with endSimulation() -- in module (ScheduledAccessQueue) DectScheduledAccessNetwork.queue (id=2), at t=172.076259893314s, event #108602

Calling finish() at end of Run #618...

Preparing for running configuration MonetecFocusedSmallR, run #619...
Scenario: $r=12, $rho=0.135, $repetition=1
Assigned runID=MonetecFocusedSmallR-619-20260930-08:34:29-58
Setting up network "dect2020scheduledaccess.DectScheduledAccessNetwork"...
Initializing...

Running simulation...
** Event #0   t=0   Elapsed: 4e-06s (0m 00s)
     Speed:     ev/sec=0   simsec/sec=0   ev/simsec=0
     Messages:  created: 2   present: 2   in FES: 2
** Event #108481   t=172.183208447618   Elapsed: 0.011021s (0m 00s)
     Speed:     ev/sec=9.84759e+06   simsec/sec=15630.2   ev/simsec=630.034
     Messages:  created: 2   present: 2   in FES: 1

<!> Simulation stopped with endSimulation() -- in module (ScheduledAccessQueue) DectScheduledAccessNetwork.queue (id=2), at t=172.183208447618s, event #108481

Calling finish() at end of Run #619...

Preparing for running configuration MonetecFocusedSmallR, run #620...
Scenario: $r=12, $rho=0.135, $repetition=2
Assigned runID=MonetecFocusedSmallR-620-20260930-08:34:29-58
Setting up network "dect2020scheduledaccess.DectScheduledAccessNetwork"...
Initializing...

Running simulation...
** Event #0   t=0   Elapsed: 3e-06s (0m 00s)
     Speed:     ev/sec=0   simsec/sec=0   ev/simsec=0
     Messages:  created: 2   present: 2   in FES: 2
** Event #108356   t=172.131022599438   Elapsed: 0.011035s (0m 00s)
     Speed:     ev/sec=9.82197e+06   simsec/sec=15602.9   ev/simsec=629.498
     Messages:  created: 2   present: 2   in FES: 1

<!> Simulation stopped with endSimulation() -- in module (ScheduledAccessQueue) DectScheduledAccessNetwork.queue (id=2), at t=172.131022599438s, event #108356

Calling finish() at end of Run #620...

Preparing for running configuration MonetecFocusedSmallR, run #621...
Scenario: $r=12, $rho=0.140, $repetition=0
Assigned runID=MonetecFocusedSmallR-621-20260930-08:34:29-58
Setting up network "dect2020scheduledaccess.DectScheduledAccessNetwork"...
Initializing...

Running simulation...
** Event #0   t=0   Elapsed: 3e-06s (0m 00s)
     Speed:     ev/sec=0   simsec/sec=0   ev/simsec=0
     Messages:  created: 2   present: 2   in FES: 2
** Event #110549   t=172.015372069766   Elapsed: 0.011468s (0m 00s)
     Speed:     ev/sec=9.6423e+06   simsec/sec=15003.5   ev/simsec=642.669
     Messages:  created: 2   present: 2   in FES: 1

<!> Simulation stopped with endSimulation() -- in module (ScheduledAccessQueue) DectScheduledAccessNetwork.queue (id=2), at t=172.015372069766s, event #110549

Calling finish() at end of Run #621...

Preparing for running configuration MonetecFocusedSmallR, run #622...
Scenario: $r=12, $rho=0.140, $repetition=1
Assigned runID=MonetecFocusedSmallR-622-20260930-08:34:29-58
Setting up network "dect2020scheduledaccess.DectScheduledAccessNetwork"...
Initializing...

Running simulation...
** Event #0   t=0   Elapsed: 3e-06s (0m 00s)
     Speed:     ev/sec=0   simsec/sec=0   ev/simsec=0
     Messages:  created: 2   present: 2   in FES: 2
** Event #110525   t=172.156820205608   Elapsed: 0.011452s (0m 00s)
     Speed:     ev/sec=9.65368e+06   simsec/sec=15036.8   ev/simsec=642.004
     Messages:  created: 2   present: 2   in FES: 1

<!> Simulation stopped with endSimulation() -- in module (ScheduledAccessQueue) DectScheduledAccessNetwork.queue (id=2), at t=172.156820205608s, event #110525

Calling finish() at end of Run #622...

Preparing for running configuration MonetecFocusedSmallR, run #623...
Scenario: $r=12, $rho=0.140, $repetition=2
Assigned runID=MonetecFocusedSmallR-623-20260930-08:34:29-58
Setting up network "dect2020scheduledaccess.DectScheduledAccessNetwork"...
Initializing...

Running simulation...
** Event #0   t=0   Elapsed: 3e-06s (0m 00s)
     Speed:     ev/sec=0   simsec/sec=0   ev/simsec=0
     Messages:  created: 2   present: 2   in FES: 2
** Event #110474   t=172.130866738398   Elapsed: 0.011221s (0m 00s)
     Speed:     ev/sec=9.8488e+06   simsec/sec=15345.4   ev/simsec=641.807
     Messages:  created: 2   present: 2   in FES: 1

<!> Simulation stopped with endSimulation() -- in module (ScheduledAccessQueue) DectScheduledAccessNetwork.queue (id=2), at t=172.130866738398s, event #110474

Calling finish() at end of Run #623...

Preparing for running configuration MonetecFocusedSmallR, run #624...
Scenario: $r=12, $rho=0.145, $repetition=0
Assigned runID=MonetecFocusedSmallR-624-20260930-08:34:29-58
Setting up network "dect2020scheduledaccess.DectScheduledAccessNetwork"...
Initializing...

Running simulation...
** Event #0   t=0   Elapsed: 2e-06s (0m 00s)
     Speed:     ev/sec=0   simsec/sec=0   ev/simsec=0
     Messages:  created: 2   present: 2   in FES: 2
** Event #112829   t=172.074374097537   Elapsed: 0.011676s (0m 00s)
     Speed:     ev/sec=9.66498e+06   simsec/sec=14739.9   ev/simsec=655.701
     Messages:  created: 2   present: 2   in FES: 1

<!> Simulation stopped with endSimulation() -- in module (ScheduledAccessQueue) DectScheduledAccessNetwork.queue (id=2), at t=172.074374097537s, event #112829

Calling finish() at end of Run #624...

Preparing for running configuration MonetecFocusedSmallR, run #625...
Scenario: $r=12, $rho=0.145, $repetition=1
Assigned runID=MonetecFocusedSmallR-625-20260930-08:34:29-58
Setting up network "dect2020scheduledaccess.DectScheduledAccessNetwork"...
Initializing...

Running simulation...
** Event #0   t=0   Elapsed: 3e-06s (0m 00s)
     Speed:     ev/sec=0   simsec/sec=0   ev/simsec=0
     Messages:  created: 2   present: 2   in FES: 2
** Event #112479   t=172.120753035046   Elapsed: 0.011374s (0m 00s)
     Speed:     ev/sec=9.89174e+06   simsec/sec=15136.8   ev/simsec=653.49
     Messages:  created: 2   present: 2   in FES: 1

<!> Simulation stopped with endSimulation() -- in module (ScheduledAccessQueue) DectScheduledAccessNetwork.queue (id=2), at t=172.120753035046s, event #112479

Calling finish() at end of Run #625...

Preparing for running configuration MonetecFocusedSmallR, run #626...
Scenario: $r=12, $rho=0.145, $repetition=2
Assigned runID=MonetecFocusedSmallR-626-20260930-08:34:29-58
Setting up network "dect2020scheduledaccess.DectScheduledAccessNetwork"...
Initializing...

Running simulation...
** Event #0   t=0   Elapsed: 3e-06s (0m 00s)
     Speed:     ev/sec=0   simsec/sec=0   ev/simsec=0
     Messages:  created: 2   present: 2   in FES: 2
** Event #112707   t=172.207383107501   Elapsed: 0.011486s (0m 00s)
     Speed:     ev/sec=9.81597e+06   simsec/sec=14998   ev/simsec=654.485
     Messages:  created: 2   present: 2   in FES: 1

<!> Simulation stopped with endSimulation() -- in module (ScheduledAccessQueue) DectScheduledAccessNetwork.queue (id=2), at t=172.207383107501s, event #112707

Calling finish() at end of Run #626...

Preparing for running configuration MonetecFocusedSmallR, run #627...
Scenario: $r=12, $rho=0.150, $repetition=0
Assigned runID=MonetecFocusedSmallR-627-20260930-08:34:29-58
Setting up network "dect2020scheduledaccess.DectScheduledAccessNetwork"...
Initializing...

Running simulation...
** Event #0   t=0   Elapsed: 3e-06s (0m 00s)
     Speed:     ev/sec=0   simsec/sec=0   ev/simsec=0
     Messages:  created: 2   present: 2   in FES: 2
** Event #114819   t=172.025193867106   Elapsed: 0.011669s (0m 00s)
     Speed:     ev/sec=9.84135e+06   simsec/sec=14744.5   ev/simsec=667.457
     Messages:  created: 2   present: 2   in FES: 1

<!> Simulation stopped with endSimulation() -- in module (ScheduledAccessQueue) DectScheduledAccessNetwork.queue (id=2), at t=172.025193867106s, event #114819

Calling finish() at end of Run #627...

Preparing for running configuration MonetecFocusedSmallR, run #628...
Scenario: $r=12, $rho=0.150, $repetition=1
Assigned runID=MonetecFocusedSmallR-628-20260930-08:34:29-58
Setting up network "dect2020scheduledaccess.DectScheduledAccessNetwork"...
Initializing...

Running simulation...
** Event #0   t=0   Elapsed: 3e-06s (0m 00s)
     Speed:     ev/sec=0   simsec/sec=0   ev/simsec=0
     Messages:  created: 2   present: 2   in FES: 2
** Event #114821   t=172.208564207768   Elapsed: 0.011911s (0m 00s)
     Speed:     ev/sec=9.64234e+06   simsec/sec=14461.6   ev/simsec=666.756
     Messages:  created: 2   present: 2   in FES: 1

<!> Simulation stopped with endSimulation() -- in module (ScheduledAccessQueue) DectScheduledAccessNetwork.queue (id=2), at t=172.208564207768s, event #114821

Calling finish() at end of Run #628...

Preparing for running configuration MonetecFocusedSmallR, run #629...
Scenario: $r=12, $rho=0.150, $repetition=2
Assigned runID=MonetecFocusedSmallR-629-20260930-08:34:29-58
Setting up network "dect2020scheduledaccess.DectScheduledAccessNetwork"...
Initializing...

Running simulation...
** Event #0   t=0   Elapsed: 4e-06s (0m 00s)
     Speed:     ev/sec=0   simsec/sec=0   ev/simsec=0
     Messages:  created: 2   present: 2   in FES: 2
** Event #114468   t=172.130653294116   Elapsed: 0.011962s (0m 00s)
     Speed:     ev/sec=9.5725e+06   simsec/sec=14394.6   ev/simsec=665.007
     Messages:  created: 2   present: 2   in FES: 1

<!> Simulation stopped with endSimulation() -- in module (ScheduledAccessQueue) DectScheduledAccessNetwork.queue (id=2), at t=172.130653294116s, event #114468

Calling finish() at end of Run #629...

Preparing for running configuration MonetecFocusedSmallR, run #630...
Scenario: $r=12, $rho=0.155, $repetition=0
Assigned runID=MonetecFocusedSmallR-630-20260930-08:34:29-58
Setting up network "dect2020scheduledaccess.DectScheduledAccessNetwork"...
Initializing...

Running simulation...
** Event #0   t=0   Elapsed: 3e-06s (0m 00s)
     Speed:     ev/sec=0   simsec/sec=0   ev/simsec=0
     Messages:  created: 2   present: 2   in FES: 2
** Event #116937   t=172.051728709696   Elapsed: 0.012164s (0m 00s)
     Speed:     ev/sec=9.61574e+06   simsec/sec=14147.8   ev/simsec=679.665
     Messages:  created: 2   present: 2   in FES: 1

<!> Simulation stopped with endSimulation() -- in module (ScheduledAccessQueue) DectScheduledAccessNetwork.queue (id=2), at t=172.051728709696s, event #116937

Calling finish() at end of Run #630...

Preparing for running configuration MonetecFocusedSmallR, run #631...
Scenario: $r=12, $rho=0.155, $repetition=1
Assigned runID=MonetecFocusedSmallR-631-20260930-08:34:29-58
Setting up network "dect2020scheduledaccess.DectScheduledAccessNetwork"...
Initializing...

Running simulation...
** Event #0   t=0   Elapsed: 3e-06s (0m 00s)
     Speed:     ev/sec=0   simsec/sec=0   ev/simsec=0
     Messages:  created: 2   present: 2   in FES: 2
** Event #116811   t=172.157171109558   Elapsed: 0.011961s (0m 00s)
     Speed:     ev/sec=9.76844e+06   simsec/sec=14396.8   ev/simsec=678.514
     Messages:  created: 2   present: 2   in FES: 1

<!> Simulation stopped with endSimulation() -- in module (ScheduledAccessQueue) DectScheduledAccessNetwork.queue (id=2), at t=172.157171109558s, event #116811

Calling finish() at end of Run #631...

Preparing for running configuration MonetecFocusedSmallR, run #632...
Scenario: $r=12, $rho=0.155, $repetition=2
Assigned runID=MonetecFocusedSmallR-632-20260930-08:34:29-58
Setting up network "dect2020scheduledaccess.DectScheduledAccessNetwork"...
Initializing...

Running simulation...
** Event #0   t=0   Elapsed: 3e-06s (0m 00s)
     Speed:     ev/sec=0   simsec/sec=0   ev/simsec=0
     Messages:  created: 2   present: 2   in FES: 2
** Event #116753   t=172.213333256124   Elapsed: 0.012038s (0m 00s)
     Speed:     ev/sec=9.70112e+06   simsec/sec=14309.4   ev/simsec=677.956
     Messages:  created: 2   present: 2   in FES: 1

<!> Simulation stopped with endSimulation() -- in module (ScheduledAccessQueue) DectScheduledAccessNetwork.queue (id=2), at t=172.213333256124s, event #116753

Calling finish() at end of Run #632...

Preparing for running configuration MonetecFocusedSmallR, run #633...
Scenario: $r=12, $rho=0.160, $repetition=0
Assigned runID=MonetecFocusedSmallR-633-20260930-08:34:29-58
Setting up network "dect2020scheduledaccess.DectScheduledAccessNetwork"...
Initializing...

Running simulation...
** Event #0   t=0   Elapsed: 3e-06s (0m 00s)
     Speed:     ev/sec=0   simsec/sec=0   ev/simsec=0
     Messages:  created: 2   present: 2   in FES: 2
** Event #119115   t=172.115247273235   Elapsed: 0.012929s (0m 00s)
     Speed:     ev/sec=9.21515e+06   simsec/sec=13315.4   ev/simsec=692.067
     Messages:  created: 2   present: 2   in FES: 1

<!> Simulation stopped with endSimulation() -- in module (ScheduledAccessQueue) DectScheduledAccessNetwork.queue (id=2), at t=172.115247273235s, event #119115

Calling finish() at end of Run #633...

Preparing for running configuration MonetecFocusedSmallR, run #634...
Scenario: $r=12, $rho=0.160, $repetition=1
Assigned runID=MonetecFocusedSmallR-634-20260930-08:34:29-58
Setting up network "dect2020scheduledaccess.DectScheduledAccessNetwork"...
Initializing...

Running simulation...
** Event #0   t=0   Elapsed: 3e-06s (0m 00s)
     Speed:     ev/sec=0   simsec/sec=0   ev/simsec=0
     Messages:  created: 2   present: 2   in FES: 2
** Event #118931   t=172.174911373977   Elapsed: 0.012068s (0m 00s)
     Speed:     ev/sec=9.85752e+06   simsec/sec=14270.6   ev/simsec=690.757
     Messages:  created: 2   present: 2   in FES: 1

<!> Simulation stopped with endSimulation() -- in module (ScheduledAccessQueue) DectScheduledAccessNetwork.queue (id=2), at t=172.174911373977s, event #118931

Calling finish() at end of Run #634...

Preparing for running configuration MonetecFocusedSmallR, run #635...
Scenario: $r=12, $rho=0.160, $repetition=2
Assigned runID=MonetecFocusedSmallR-635-20260930-08:34:29-58
Setting up network "dect2020scheduledaccess.DectScheduledAccessNetwork"...
Initializing...

Running simulation...
** Event #0   t=0   Elapsed: 3e-06s (0m 00s)
     Speed:     ev/sec=0   simsec/sec=0   ev/simsec=0
     Messages:  created: 2   present: 2   in FES: 2
** Event #118684   t=172.18545244373   Elapsed: 0.012057s (0m 00s)
     Speed:     ev/sec=9.84603e+06   simsec/sec=14284.4   ev/simsec=689.284
     Messages:  created: 2   present: 2   in FES: 1

<!> Simulation stopped with endSimulation() -- in module (ScheduledAccessQueue) DectScheduledAccessNetwork.queue (id=2), at t=172.18545244373s, event #118684

Calling finish() at end of Run #635...

Preparing for running configuration MonetecFocusedSmallR, run #636...
Scenario: $r=12, $rho=0.165, $repetition=0
Assigned runID=MonetecFocusedSmallR-636-20260930-08:34:29-58
Setting up network "dect2020scheduledaccess.DectScheduledAccessNetwork"...
Initializing...

Running simulation...
** Event #0   t=0   Elapsed: 3e-06s (0m 00s)
     Speed:     ev/sec=0   simsec/sec=0   ev/simsec=0
     Messages:  created: 2   present: 2   in FES: 2
** Event #120770   t=171.999545808753   Elapsed: 0.012278s (0m 00s)
     Speed:     ev/sec=9.8387e+06   simsec/sec=14012.2   ev/simsec=702.154
     Messages:  created: 2   present: 2   in FES: 1

<!> Simulation stopped with endSimulation() -- in module (ScheduledAccessQueue) DectScheduledAccessNetwork.queue (id=2), at t=171.999545808753s, event #120770

Calling finish() at end of Run #636...

Preparing for running configuration MonetecFocusedSmallR, run #637...
Scenario: $r=12, $rho=0.165, $repetition=1
Assigned runID=MonetecFocusedSmallR-637-20260930-08:34:29-58
Setting up network "dect2020scheduledaccess.DectScheduledAccessNetwork"...
Initializing...

Running simulation...
** Event #0   t=0   Elapsed: 3e-06s (0m 00s)
     Speed:     ev/sec=0   simsec/sec=0   ev/simsec=0
     Messages:  created: 2   present: 2   in FES: 2
** Event #120820   t=172.124357947853   Elapsed: 0.012275s (0m 00s)
     Speed:     ev/sec=9.84518e+06   simsec/sec=14025.7   ev/simsec=701.937
     Messages:  created: 2   present: 2   in FES: 1

<!> Simulation stopped with endSimulation() -- in module (ScheduledAccessQueue) DectScheduledAccessNetwork.queue (id=2), at t=172.124357947853s, event #120820

Calling finish() at end of Run #637...

Preparing for running configuration MonetecFocusedSmallR, run #638...
Scenario: $r=12, $rho=0.165, $repetition=2
Assigned runID=MonetecFocusedSmallR-638-20260930-08:34:29-58
Setting up network "dect2020scheduledaccess.DectScheduledAccessNetwork"...
Initializing...

Running simulation...
** Event #0   t=0   Elapsed: 3e-06s (0m 00s)
     Speed:     ev/sec=0   simsec/sec=0   ev/simsec=0
     Messages:  created: 2   present: 2   in FES: 2
** Event #120585   t=172.105587400329   Elapsed: 0.012306s (0m 00s)
     Speed:     ev/sec=9.80206e+06   simsec/sec=13990   ev/simsec=700.647
     Messages:  created: 2   present: 2   in FES: 1

<!> Simulation stopped with endSimulation() -- in module (ScheduledAccessQueue) DectScheduledAccessNetwork.queue (id=2), at t=172.105587400329s, event #120585

Calling finish() at end of Run #638...

Preparing for running configuration MonetecFocusedSmallR, run #639...
Scenario: $r=12, $rho=0.170, $repetition=0
Assigned runID=MonetecFocusedSmallR-639-20260930-08:34:29-58
Setting up network "dect2020scheduledaccess.DectScheduledAccessNetwork"...
Initializing...

Running simulation...
** Event #0   t=0   Elapsed: 3e-06s (0m 00s)
     Speed:     ev/sec=0   simsec/sec=0   ev/simsec=0
     Messages:  created: 2   present: 2   in FES: 2
** Event #123280   t=172.159981558617   Elapsed: 0.012522s (0m 00s)
     Speed:     ev/sec=9.84743e+06   simsec/sec=13751.8   ev/simsec=716.082
     Messages:  created: 2   present: 2   in FES: 1

<!> Simulation stopped with endSimulation() -- in module (ScheduledAccessQueue) DectScheduledAccessNetwork.queue (id=2), at t=172.159981558617s, event #123280

Calling finish() at end of Run #639...

Preparing for running configuration MonetecFocusedSmallR, run #640...
Scenario: $r=12, $rho=0.170, $repetition=1
Assigned runID=MonetecFocusedSmallR-640-20260930-08:34:29-58
Setting up network "dect2020scheduledaccess.DectScheduledAccessNetwork"...
Initializing...

Running simulation...
** Event #0   t=0   Elapsed: 3e-06s (0m 00s)
     Speed:     ev/sec=0   simsec/sec=0   ev/simsec=0
     Messages:  created: 2   present: 2   in FES: 2
** Event #122934   t=172.135950895042   Elapsed: 0.012493s (0m 00s)
     Speed:     ev/sec=9.84259e+06   simsec/sec=13781.9   ev/simsec=714.17
     Messages:  created: 2   present: 2   in FES: 1

<!> Simulation stopped with endSimulation() -- in module (ScheduledAccessQueue) DectScheduledAccessNetwork.queue (id=2), at t=172.135950895042s, event #122934

Calling finish() at end of Run #640...

Preparing for running configuration MonetecFocusedSmallR, run #641...
Scenario: $r=12, $rho=0.170, $repetition=2
Assigned runID=MonetecFocusedSmallR-641-20260930-08:34:29-58
Setting up network "dect2020scheduledaccess.DectScheduledAccessNetwork"...
Initializing...

Running simulation...
** Event #0   t=0   Elapsed: 3e-06s (0m 00s)
     Speed:     ev/sec=0   simsec/sec=0   ev/simsec=0
     Messages:  created: 2   present: 2   in FES: 2
** Event #122776   t=172.177941725787   Elapsed: 0.012454s (0m 00s)
     Speed:     ev/sec=9.86073e+06   simsec/sec=13828.4   ev/simsec=713.077
     Messages:  created: 2   present: 2   in FES: 1

<!> Simulation stopped with endSimulation() -- in module (ScheduledAccessQueue) DectScheduledAccessNetwork.queue (id=2), at t=172.177941725787s, event #122776

Calling finish() at end of Run #641...

Preparing for running configuration MonetecFocusedSmallR, run #642...
Scenario: $r=12, $rho=0.175, $repetition=0
Assigned runID=MonetecFocusedSmallR-642-20260930-08:34:29-58
Setting up network "dect2020scheduledaccess.DectScheduledAccessNetwork"...
Initializing...

Running simulation...
** Event #0   t=0   Elapsed: 3e-06s (0m 00s)
     Speed:     ev/sec=0   simsec/sec=0   ev/simsec=0
     Messages:  created: 2   present: 2   in FES: 2
** Event #125486   t=172.191335962338   Elapsed: 0.012786s (0m 00s)
     Speed:     ev/sec=9.81663e+06   simsec/sec=13470.3   ev/simsec=728.763
     Messages:  created: 2   present: 2   in FES: 1

<!> Simulation stopped with endSimulation() -- in module (ScheduledAccessQueue) DectScheduledAccessNetwork.queue (id=2), at t=172.191335962338s, event #125486

Calling finish() at end of Run #642...

Preparing for running configuration MonetecFocusedSmallR, run #643...
Scenario: $r=12, $rho=0.175, $repetition=1
Assigned runID=MonetecFocusedSmallR-643-20260930-08:34:29-58
Setting up network "dect2020scheduledaccess.DectScheduledAccessNetwork"...
Initializing...

Running simulation...
** Event #0   t=0   Elapsed: 3e-06s (0m 00s)
     Speed:     ev/sec=0   simsec/sec=0   ev/simsec=0
     Messages:  created: 2   present: 2   in FES: 2
** Event #124848   t=172.060617675888   Elapsed: 0.012797s (0m 00s)
     Speed:     ev/sec=9.75909e+06   simsec/sec=13449.6   ev/simsec=725.606
     Messages:  created: 2   present: 2   in FES: 1

<!> Simulation stopped with endSimulation() -- in module (ScheduledAccessQueue) DectScheduledAccessNetwork.queue (id=2), at t=172.060617675888s, event #124848

Calling finish() at end of Run #643...

Preparing for running configuration MonetecFocusedSmallR, run #644...
Scenario: $r=12, $rho=0.175, $repetition=2
Assigned runID=MonetecFocusedSmallR-644-20260930-08:34:29-58
Setting up network "dect2020scheduledaccess.DectScheduledAccessNetwork"...
Initializing...

Running simulation...
** Event #0   t=0   Elapsed: 3e-06s (0m 00s)
     Speed:     ev/sec=0   simsec/sec=0   ev/simsec=0
     Messages:  created: 2   present: 2   in FES: 2
** Event #124706   t=172.13188998816   Elapsed: 0.01284s (0m 00s)
     Speed:     ev/sec=9.71458e+06   simsec/sec=13409   ev/simsec=724.481
     Messages:  created: 2   present: 2   in FES: 1

<!> Simulation stopped with endSimulation() -- in module (ScheduledAccessQueue) DectScheduledAccessNetwork.queue (id=2), at t=172.13188998816s, event #124706

Calling finish() at end of Run #644...

Preparing for running configuration MonetecFocusedSmallR, run #645...
Scenario: $r=12, $rho=0.180, $repetition=0
Assigned runID=MonetecFocusedSmallR-645-20260930-08:34:29-58
Setting up network "dect2020scheduledaccess.DectScheduledAccessNetwork"...
Initializing...

Running simulation...
** Event #0   t=0   Elapsed: 3e-06s (0m 00s)
     Speed:     ev/sec=0   simsec/sec=0   ev/simsec=0
     Messages:  created: 2   present: 2   in FES: 2
** Event #127061   t=172.009672881212   Elapsed: 0.013042s (0m 00s)
     Speed:     ev/sec=9.74544e+06   simsec/sec=13192.9   ev/simsec=738.686
     Messages:  created: 2   present: 2   in FES: 1

<!> Simulation stopped with endSimulation() -- in module (ScheduledAccessQueue) DectScheduledAccessNetwork.queue (id=2), at t=172.009672881212s, event #127061

Calling finish() at end of Run #645...

Preparing for running configuration MonetecFocusedSmallR, run #646...
Scenario: $r=12, $rho=0.180, $repetition=1
Assigned runID=MonetecFocusedSmallR-646-20260930-08:34:29-58
Setting up network "dect2020scheduledaccess.DectScheduledAccessNetwork"...
Initializing...

Running simulation...
** Event #0   t=0   Elapsed: 3e-06s (0m 00s)
     Speed:     ev/sec=0   simsec/sec=0   ev/simsec=0
     Messages:  created: 2   present: 2   in FES: 2
** Event #127189   t=172.145205310146   Elapsed: 0.013241s (0m 00s)
     Speed:     ev/sec=9.6086e+06   simsec/sec=13004.8   ev/simsec=738.848
     Messages:  created: 2   present: 2   in FES: 1

<!> Simulation stopped with endSimulation() -- in module (ScheduledAccessQueue) DectScheduledAccessNetwork.queue (id=2), at t=172.145205310146s, event #127189

Calling finish() at end of Run #646...

Preparing for running configuration MonetecFocusedSmallR, run #647...
Scenario: $r=12, $rho=0.180, $repetition=2
Assigned runID=MonetecFocusedSmallR-647-20260930-08:34:29-58
Setting up network "dect2020scheduledaccess.DectScheduledAccessNetwork"...
Initializing...

Running simulation...
** Event #0   t=0   Elapsed: 2e-06s (0m 00s)
     Speed:     ev/sec=0   simsec/sec=0   ev/simsec=0
     Messages:  created: 2   present: 2   in FES: 2
** Event #126855   t=172.163672065536   Elapsed: 0.012925s (0m 00s)
     Speed:     ev/sec=9.81698e+06   simsec/sec=13323.3   ev/simsec=736.829
     Messages:  created: 2   present: 2   in FES: 1

<!> Simulation stopped with endSimulation() -- in module (ScheduledAccessQueue) DectScheduledAccessNetwork.queue (id=2), at t=172.163672065536s, event #126855

Calling finish() at end of Run #647...

Preparing for running configuration MonetecFocusedSmallR, run #648...
Scenario: $r=12, $rho=0.185, $repetition=0
Assigned runID=MonetecFocusedSmallR-648-20260930-08:34:29-58
Setting up network "dect2020scheduledaccess.DectScheduledAccessNetwork"...
Initializing...

Running simulation...
** Event #0   t=0   Elapsed: 3e-06s (0m 00s)
     Speed:     ev/sec=0   simsec/sec=0   ev/simsec=0
     Messages:  created: 2   present: 2   in FES: 2
** Event #129360   t=172.086715364264   Elapsed: 0.013195s (0m 00s)
     Speed:     ev/sec=9.80594e+06   simsec/sec=13044.8   ev/simsec=751.715
     Messages:  created: 2   present: 2   in FES: 1

<!> Simulation stopped with endSimulation() -- in module (ScheduledAccessQueue) DectScheduledAccessNetwork.queue (id=2), at t=172.086715364264s, event #129360

Calling finish() at end of Run #648...

Preparing for running configuration MonetecFocusedSmallR, run #649...
Scenario: $r=12, $rho=0.185, $repetition=1
Assigned runID=MonetecFocusedSmallR-649-20260930-08:34:29-58
Setting up network "dect2020scheduledaccess.DectScheduledAccessNetwork"...
Initializing...

Running simulation...
** Event #0   t=0   Elapsed: 3e-06s (0m 00s)
     Speed:     ev/sec=0   simsec/sec=0   ev/simsec=0
     Messages:  created: 2   present: 2   in FES: 2
** Event #129207   t=172.10881734103   Elapsed: 0.013279s (0m 00s)
     Speed:     ev/sec=9.73237e+06   simsec/sec=12963.9   ev/simsec=750.729
     Messages:  created: 2   present: 2   in FES: 1

<!> Simulation stopped with endSimulation() -- in module (ScheduledAccessQueue) DectScheduledAccessNetwork.queue (id=2), at t=172.10881734103s, event #129207

Calling finish() at end of Run #649...

Preparing for running configuration MonetecFocusedSmallR, run #650...
Scenario: $r=12, $rho=0.185, $repetition=2
Assigned runID=MonetecFocusedSmallR-650-20260930-08:34:29-58
Setting up network "dect2020scheduledaccess.DectScheduledAccessNetwork"...
Initializing...

Running simulation...
** Event #0   t=0   Elapsed: 2e-06s (0m 00s)
     Speed:     ev/sec=0   simsec/sec=0   ev/simsec=0
     Messages:  created: 2   present: 2   in FES: 2
** Event #128690   t=172.081546365912   Elapsed: 0.013158s (0m 00s)
     Speed:     ev/sec=9.78185e+06   simsec/sec=13080   ev/simsec=747.846
     Messages:  created: 2   present: 2   in FES: 1

<!> Simulation stopped with endSimulation() -- in module (ScheduledAccessQueue) DectScheduledAccessNetwork.queue (id=2), at t=172.081546365912s, event #128690

Calling finish() at end of Run #650...

Preparing for running configuration MonetecFocusedSmallR, run #651...
Scenario: $r=12, $rho=0.190, $repetition=0
Assigned runID=MonetecFocusedSmallR-651-20260930-08:34:29-58
Setting up network "dect2020scheduledaccess.DectScheduledAccessNetwork"...
Initializing...

Running simulation...
** Event #0   t=0   Elapsed: 3e-06s (0m 00s)
     Speed:     ev/sec=0   simsec/sec=0   ev/simsec=0
     Messages:  created: 2   present: 2   in FES: 2
** Event #131657   t=172.149716348587   Elapsed: 0.013508s (0m 00s)
     Speed:     ev/sec=9.74876e+06   simsec/sec=12747   ev/simsec=764.786
     Messages:  created: 2   present: 2   in FES: 1

<!> Simulation stopped with endSimulation() -- in module (ScheduledAccessQueue) DectScheduledAccessNetwork.queue (id=2), at t=172.149716348587s, event #131657

Calling finish() at end of Run #651...

Preparing for running configuration MonetecFocusedSmallR, run #652...
Scenario: $r=12, $rho=0.190, $repetition=1
Assigned runID=MonetecFocusedSmallR-652-20260930-08:34:29-58
Setting up network "dect2020scheduledaccess.DectScheduledAccessNetwork"...
Initializing...

Running simulation...
** Event #0   t=0   Elapsed: 2.4e-05s (0m 00s)
     Speed:     ev/sec=0   simsec/sec=0   ev/simsec=0
     Messages:  created: 2   present: 2   in FES: 2
** Event #131372   t=172.118667557423   Elapsed: 0.013803s (0m 00s)
     Speed:     ev/sec=9.53422e+06   simsec/sec=12491.4   ev/simsec=763.264
     Messages:  created: 2   present: 2   in FES: 1

<!> Simulation stopped with endSimulation() -- in module (ScheduledAccessQueue) DectScheduledAccessNetwork.queue (id=2), at t=172.118667557423s, event #131372

Calling finish() at end of Run #652...

Preparing for running configuration MonetecFocusedSmallR, run #653...
Scenario: $r=12, $rho=0.190, $repetition=2
Assigned runID=MonetecFocusedSmallR-653-20260930-08:34:29-58
Setting up network "dect2020scheduledaccess.DectScheduledAccessNetwork"...
Initializing...

Running simulation...
** Event #0   t=0   Elapsed: 1.5e-05s (0m 00s)
     Speed:     ev/sec=0   simsec/sec=0   ev/simsec=0
     Messages:  created: 2   present: 2   in FES: 2
** Event #130799   t=172.08251558391   Elapsed: 0.013416s (0m 00s)
     Speed:     ev/sec=9.76039e+06   simsec/sec=12841   ev/simsec=760.095
     Messages:  created: 2   present: 2   in FES: 1

<!> Simulation stopped with endSimulation() -- in module (ScheduledAccessQueue) DectScheduledAccessNetwork.queue (id=2), at t=172.08251558391s, event #130799

Calling finish() at end of Run #653...

Preparing for running configuration MonetecFocusedSmallR, run #654...
Scenario: $r=12, $rho=0.195, $repetition=0
Assigned runID=MonetecFocusedSmallR-654-20260930-08:34:29-58
Setting up network "dect2020scheduledaccess.DectScheduledAccessNetwork"...
Initializing...

Running simulation...
** Event #0   t=0   Elapsed: 2.3e-05s (0m 00s)
     Speed:     ev/sec=0   simsec/sec=0   ev/simsec=0
     Messages:  created: 2   present: 2   in FES: 2
** Event #133472   t=172.049557803944   Elapsed: 0.013739s (0m 00s)
     Speed:     ev/sec=9.73112e+06   simsec/sec=12543.7   ev/simsec=775.777
     Messages:  created: 2   present: 2   in FES: 1

<!> Simulation stopped with endSimulation() -- in module (ScheduledAccessQueue) DectScheduledAccessNetwork.queue (id=2), at t=172.049557803944s, event #133472

Calling finish() at end of Run #654...

Preparing for running configuration MonetecFocusedSmallR, run #655...
Scenario: $r=12, $rho=0.195, $repetition=1
Assigned runID=MonetecFocusedSmallR-655-20260930-08:34:29-58
Setting up network "dect2020scheduledaccess.DectScheduledAccessNetwork"...
Initializing...

Running simulation...
** Event #0   t=0   Elapsed: 2.2e-05s (0m 00s)
     Speed:     ev/sec=0   simsec/sec=0   ev/simsec=0
     Messages:  created: 2   present: 2   in FES: 2
** Event #133251   t=172.079197613903   Elapsed: 0.013648s (0m 00s)
     Speed:     ev/sec=9.77989e+06   simsec/sec=12629.7   ev/simsec=774.359
     Messages:  created: 2   present: 2   in FES: 1

<!> Simulation stopped with endSimulation() -- in module (ScheduledAccessQueue) DectScheduledAccessNetwork.queue (id=2), at t=172.079197613903s, event #133251

Calling finish() at end of Run #655...

Preparing for running configuration MonetecFocusedSmallR, run #656...
Scenario: $r=12, $rho=0.195, $repetition=2
Assigned runID=MonetecFocusedSmallR-656-20260930-08:34:29-58
Setting up network "dect2020scheduledaccess.DectScheduledAccessNetwork"...
Initializing...

Running simulation...
** Event #0   t=0   Elapsed: 3e-06s (0m 00s)
     Speed:     ev/sec=0   simsec/sec=0   ev/simsec=0
     Messages:  created: 2   present: 2   in FES: 2
** Event #133154   t=172.176548177901   Elapsed: 0.013769s (0m 00s)
     Speed:     ev/sec=9.67337e+06   simsec/sec=12508.3   ev/simsec=773.359
     Messages:  created: 2   present: 2   in FES: 1

<!> Simulation stopped with endSimulation() -- in module (ScheduledAccessQueue) DectScheduledAccessNetwork.queue (id=2), at t=172.176548177901s, event #133154

Calling finish() at end of Run #656...

Preparing for running configuration MonetecFocusedSmallR, run #657...
Scenario: $r=12, $rho=0.200, $repetition=0
Assigned runID=MonetecFocusedSmallR-657-20260930-08:34:29-58
Setting up network "dect2020scheduledaccess.DectScheduledAccessNetwork"...
Initializing...

Running simulation...
** Event #0   t=0   Elapsed: 3e-06s (0m 00s)
     Speed:     ev/sec=0   simsec/sec=0   ev/simsec=0
     Messages:  created: 2   present: 2   in FES: 2
** Event #135758   t=172.106449703237   Elapsed: 0.013963s (0m 00s)
     Speed:     ev/sec=9.72479e+06   simsec/sec=12328.5   ev/simsec=788.806
     Messages:  created: 2   present: 2   in FES: 1

<!> Simulation stopped with endSimulation() -- in module (ScheduledAccessQueue) DectScheduledAccessNetwork.queue (id=2), at t=172.106449703237s, event #135758

Calling finish() at end of Run #657...

Preparing for running configuration MonetecFocusedSmallR, run #658...
Scenario: $r=12, $rho=0.200, $repetition=1
Assigned runID=MonetecFocusedSmallR-658-20260930-08:34:29-58
Setting up network "dect2020scheduledaccess.DectScheduledAccessNetwork"...
Initializing...

Running simulation...
** Event #0   t=0   Elapsed: 1.6e-05s (0m 00s)
     Speed:     ev/sec=0   simsec/sec=0   ev/simsec=0
     Messages:  created: 2   present: 2   in FES: 2
** Event #135268   t=172.050711556534   Elapsed: 0.013769s (0m 00s)
     Speed:     ev/sec=9.83553e+06   simsec/sec=12510   ev/simsec=786.212
     Messages:  created: 2   present: 2   in FES: 1

<!> Simulation stopped with endSimulation() -- in module (ScheduledAccessQueue) DectScheduledAccessNetwork.queue (id=2), at t=172.050711556534s, event #135268

Calling finish() at end of Run #658...

Preparing for running configuration MonetecFocusedSmallR, run #659...
Scenario: $r=12, $rho=0.200, $repetition=2
Assigned runID=MonetecFocusedSmallR-659-20260930-08:34:29-58
Setting up network "dect2020scheduledaccess.DectScheduledAccessNetwork"...
Initializing...

Running simulation...
** Event #0   t=0   Elapsed: 1.9e-05s (0m 00s)
     Speed:     ev/sec=0   simsec/sec=0   ev/simsec=0
     Messages:  created: 2   present: 2   in FES: 2
** Event #135502   t=172.226368416201   Elapsed: 0.013863s (0m 00s)
     Speed:     ev/sec=9.78849e+06   simsec/sec=12441.4   ev/simsec=786.767
     Messages:  created: 2   present: 2   in FES: 1

<!> Simulation stopped with endSimulation() -- in module (ScheduledAccessQueue) DectScheduledAccessNetwork.queue (id=2), at t=172.226368416201s, event #135502

Calling finish() at end of Run #659...

Preparing for running configuration MonetecFocusedSmallR, run #660...
Scenario: $r=12, $rho=0.205, $repetition=0
Assigned runID=MonetecFocusedSmallR-660-20260930-08:34:29-58
Setting up network "dect2020scheduledaccess.DectScheduledAccessNetwork"...
Initializing...

Running simulation...
** Event #0   t=0   Elapsed: 3e-06s (0m 00s)
     Speed:     ev/sec=0   simsec/sec=0   ev/simsec=0
     Messages:  created: 2   present: 2   in FES: 2
** Event #137734   t=172.072241555259   Elapsed: 0.014172s (0m 00s)
     Speed:     ev/sec=9.7208e+06   simsec/sec=12144.3   ev/simsec=800.444
     Messages:  created: 2   present: 2   in FES: 1

<!> Simulation stopped with endSimulation() -- in module (ScheduledAccessQueue) DectScheduledAccessNetwork.queue (id=2), at t=172.072241555259s, event #137734

Calling finish() at end of Run #660...

Preparing for running configuration MonetecFocusedSmallR, run #661...
Scenario: $r=12, $rho=0.205, $repetition=1
Assigned runID=MonetecFocusedSmallR-661-20260930-08:34:29-58
Setting up network "dect2020scheduledaccess.DectScheduledAccessNetwork"...
Initializing...

Running simulation...
** Event #0   t=0   Elapsed: 3e-06s (0m 00s)
     Speed:     ev/sec=0   simsec/sec=0   ev/simsec=0
     Messages:  created: 2   present: 2   in FES: 2
** Event #137668   t=172.156158445096   Elapsed: 0.014262s (0m 00s)
     Speed:     ev/sec=9.65549e+06   simsec/sec=12074.3   ev/simsec=799.672
     Messages:  created: 2   present: 2   in FES: 1

<!> Simulation stopped with endSimulation() -- in module (ScheduledAccessQueue) DectScheduledAccessNetwork.queue (id=2), at t=172.156158445096s, event #137668

Calling finish() at end of Run #661...

Preparing for running configuration MonetecFocusedSmallR, run #662...
Scenario: $r=12, $rho=0.205, $repetition=2
Assigned runID=MonetecFocusedSmallR-662-20260930-08:34:30-58
Setting up network "dect2020scheduledaccess.DectScheduledAccessNetwork"...
Initializing...

Running simulation...
** Event #0   t=0   Elapsed: 2e-05s (0m 00s)
     Speed:     ev/sec=0   simsec/sec=0   ev/simsec=0
     Messages:  created: 2   present: 2   in FES: 2
** Event #137347   t=172.144253840743   Elapsed: 0.014153s (0m 00s)
     Speed:     ev/sec=9.71818e+06   simsec/sec=12180.2   ev/simsec=797.865
     Messages:  created: 2   present: 2   in FES: 1

<!> Simulation stopped with endSimulation() -- in module (ScheduledAccessQueue) DectScheduledAccessNetwork.queue (id=2), at t=172.144253840743s, event #137347

Calling finish() at end of Run #662...

Preparing for running configuration MonetecFocusedSmallR, run #663...
Scenario: $r=12, $rho=0.210, $repetition=0
Assigned runID=MonetecFocusedSmallR-663-20260930-08:34:30-58
Setting up network "dect2020scheduledaccess.DectScheduledAccessNetwork"...
Initializing...

Running simulation...
** Event #0   t=0   Elapsed: 1.5e-05s (0m 00s)
     Speed:     ev/sec=0   simsec/sec=0   ev/simsec=0
     Messages:  created: 2   present: 2   in FES: 2
** Event #139858   t=172.083946370071   Elapsed: 0.014657s (0m 00s)
     Speed:     ev/sec=9.55249e+06   simsec/sec=11753.6   ev/simsec=812.731
     Messages:  created: 2   present: 2   in FES: 1

<!> Simulation stopped with endSimulation() -- in module (ScheduledAccessQueue) DectScheduledAccessNetwork.queue (id=2), at t=172.083946370071s, event #139858

Calling finish() at end of Run #663...

Preparing for running configuration MonetecFocusedSmallR, run #664...
Scenario: $r=12, $rho=0.210, $repetition=1
Assigned runID=MonetecFocusedSmallR-664-20260930-08:34:30-58
Setting up network "dect2020scheduledaccess.DectScheduledAccessNetwork"...
Initializing...

Running simulation...
** Event #0   t=0   Elapsed: 3e-06s (0m 00s)
     Speed:     ev/sec=0   simsec/sec=0   ev/simsec=0
     Messages:  created: 2   present: 2   in FES: 2
** Event #139518   t=172.071906228195   Elapsed: 0.014224s (0m 00s)
     Speed:     ev/sec=9.8107e+06   simsec/sec=12099.8   ev/simsec=810.812
     Messages:  created: 2   present: 2   in FES: 1

<!> Simulation stopped with endSimulation() -- in module (ScheduledAccessQueue) DectScheduledAccessNetwork.queue (id=2), at t=172.071906228195s, event #139518

Calling finish() at end of Run #664...

Preparing for running configuration MonetecFocusedSmallR, run #665...
Scenario: $r=12, $rho=0.210, $repetition=2
Assigned runID=MonetecFocusedSmallR-665-20260930-08:34:30-58
Setting up network "dect2020scheduledaccess.DectScheduledAccessNetwork"...
Initializing...

Running simulation...
** Event #0   t=0   Elapsed: 2e-05s (0m 00s)
     Speed:     ev/sec=0   simsec/sec=0   ev/simsec=0
     Messages:  created: 2   present: 2   in FES: 2
** Event #139623   t=172.221383430844   Elapsed: 0.014324s (0m 00s)
     Speed:     ev/sec=9.76112e+06   simsec/sec=12040.1   ev/simsec=810.719
     Messages:  created: 2   present: 2   in FES: 1

<!> Simulation stopped with endSimulation() -- in module (ScheduledAccessQueue) DectScheduledAccessNetwork.queue (id=2), at t=172.221383430844s, event #139623

Calling finish() at end of Run #665...

Preparing for running configuration MonetecFocusedSmallR, run #666...
Scenario: $r=12, $rho=0.215, $repetition=0
Assigned runID=MonetecFocusedSmallR-666-20260930-08:34:30-58
Setting up network "dect2020scheduledaccess.DectScheduledAccessNetwork"...
Initializing...

Running simulation...
** Event #0   t=0   Elapsed: 2.7e-05s (0m 00s)
     Speed:     ev/sec=0   simsec/sec=0   ev/simsec=0
     Messages:  created: 2   present: 2   in FES: 2
** Event #141759   t=172.023888697933   Elapsed: 0.014551s (0m 00s)
     Speed:     ev/sec=9.76033e+06   simsec/sec=11844.1   ev/simsec=824.069
     Messages:  created: 2   present: 2   in FES: 1

<!> Simulation stopped with endSimulation() -- in module (ScheduledAccessQueue) DectScheduledAccessNetwork.queue (id=2), at t=172.023888697933s, event #141759

Calling finish() at end of Run #666...

Preparing for running configuration MonetecFocusedSmallR, run #667...
Scenario: $r=12, $rho=0.215, $repetition=1
Assigned runID=MonetecFocusedSmallR-667-20260930-08:34:30-58
Setting up network "dect2020scheduledaccess.DectScheduledAccessNetwork"...
Initializing...

Running simulation...
** Event #0   t=0   Elapsed: 3e-06s (0m 00s)
     Speed:     ev/sec=0   simsec/sec=0   ev/simsec=0
     Messages:  created: 2   present: 2   in FES: 2
** Event #141600   t=172.091513027205   Elapsed: 0.014475s (0m 00s)
     Speed:     ev/sec=9.78509e+06   simsec/sec=11892.1   ev/simsec=822.82
     Messages:  created: 2   present: 2   in FES: 1

<!> Simulation stopped with endSimulation() -- in module (ScheduledAccessQueue) DectScheduledAccessNetwork.queue (id=2), at t=172.091513027205s, event #141600

Calling finish() at end of Run #667...

Preparing for running configuration MonetecFocusedSmallR, run #668...
Scenario: $r=12, $rho=0.215, $repetition=2
Assigned runID=MonetecFocusedSmallR-668-20260930-08:34:30-58
Setting up network "dect2020scheduledaccess.DectScheduledAccessNetwork"...
Initializing...

Running simulation...
** Event #0   t=0   Elapsed: 3e-06s (0m 00s)
     Speed:     ev/sec=0   simsec/sec=0   ev/simsec=0
     Messages:  created: 2   present: 2   in FES: 2
** Event #141675   t=172.232830560338   Elapsed: 0.014427s (0m 00s)
     Speed:     ev/sec=9.82285e+06   simsec/sec=11941.5   ev/simsec=822.58
     Messages:  created: 2   present: 2   in FES: 1

<!> Simulation stopped with endSimulation() -- in module (ScheduledAccessQueue) DectScheduledAccessNetwork.queue (id=2), at t=172.232830560338s, event #141675

Calling finish() at end of Run #668...

Preparing for running configuration MonetecFocusedSmallR, run #669...
Scenario: $r=12, $rho=0.220, $repetition=0
Assigned runID=MonetecFocusedSmallR-669-20260930-08:34:30-58
Setting up network "dect2020scheduledaccess.DectScheduledAccessNetwork"...
Initializing...

Running simulation...
** Event #0   t=0   Elapsed: 3e-06s (0m 00s)
     Speed:     ev/sec=0   simsec/sec=0   ev/simsec=0
     Messages:  created: 2   present: 2   in FES: 2
** Event #143906   t=172.060725848648   Elapsed: 0.014708s (0m 00s)
     Speed:     ev/sec=9.7862e+06   simsec/sec=11700.8   ev/simsec=836.368
     Messages:  created: 2   present: 2   in FES: 1

<!> Simulation stopped with endSimulation() -- in module (ScheduledAccessQueue) DectScheduledAccessNetwork.queue (id=2), at t=172.060725848648s, event #143906

Calling finish() at end of Run #669...

Preparing for running configuration MonetecFocusedSmallR, run #670...
Scenario: $r=12, $rho=0.220, $repetition=1
Assigned runID=MonetecFocusedSmallR-670-20260930-08:34:30-58
Setting up network "dect2020scheduledaccess.DectScheduledAccessNetwork"...
Initializing...

Running simulation...
** Event #0   t=0   Elapsed: 3e-06s (0m 00s)
     Speed:     ev/sec=0   simsec/sec=0   ev/simsec=0
     Messages:  created: 2   present: 2   in FES: 2
** Event #144028   t=172.193343940415   Elapsed: 0.01476s (0m 00s)
     Speed:     ev/sec=9.76064e+06   simsec/sec=11669.4   ev/simsec=836.432
     Messages:  created: 2   present: 2   in FES: 1

<!> Simulation stopped with endSimulation() -- in module (ScheduledAccessQueue) DectScheduledAccessNetwork.queue (id=2), at t=172.193343940415s, event #144028

Calling finish() at end of Run #670...

Preparing for running configuration MonetecFocusedSmallR, run #671...
Scenario: $r=12, $rho=0.220, $repetition=2
Assigned runID=MonetecFocusedSmallR-671-20260930-08:34:30-58
Setting up network "dect2020scheduledaccess.DectScheduledAccessNetwork"...
Initializing...

Running simulation...
** Event #0   t=0   Elapsed: 3e-06s (0m 00s)
     Speed:     ev/sec=0   simsec/sec=0   ev/simsec=0
     Messages:  created: 2   present: 2   in FES: 2
** Event #143581   t=172.153479084131   Elapsed: 0.014595s (0m 00s)
     Speed:     ev/sec=9.83971e+06   simsec/sec=11797.8   ev/simsec=834.03
     Messages:  created: 2   present: 2   in FES: 1

<!> Simulation stopped with endSimulation() -- in module (ScheduledAccessQueue) DectScheduledAccessNetwork.queue (id=2), at t=172.153479084131s, event #143581

Calling finish() at end of Run #671...

Preparing for running configuration MonetecFocusedSmallR, run #672...
Scenario: $r=12, $rho=0.225, $repetition=0
Assigned runID=MonetecFocusedSmallR-672-20260930-08:34:30-58
Setting up network "dect2020scheduledaccess.DectScheduledAccessNetwork"...
Initializing...

Running simulation...
** Event #0   t=0   Elapsed: 2.2e-05s (0m 00s)
     Speed:     ev/sec=0   simsec/sec=0   ev/simsec=0
     Messages:  created: 2   present: 2   in FES: 2
** Event #145772   t=172.00796297927   Elapsed: 0.01499s (0m 00s)
     Speed:     ev/sec=9.73891e+06   simsec/sec=11491.7   ev/simsec=847.474
     Messages:  created: 2   present: 2   in FES: 1

<!> Simulation stopped with endSimulation() -- in module (ScheduledAccessQueue) DectScheduledAccessNetwork.queue (id=2), at t=172.00796297927s, event #145772

Calling finish() at end of Run #672...

Preparing for running configuration MonetecFocusedSmallR, run #673...
Scenario: $r=12, $rho=0.225, $repetition=1
Assigned runID=MonetecFocusedSmallR-673-20260930-08:34:30-58
Setting up network "dect2020scheduledaccess.DectScheduledAccessNetwork"...
Initializing...

Running simulation...
** Event #0   t=0   Elapsed: 4.7e-05s (0m 00s)
     Speed:     ev/sec=0   simsec/sec=0   ev/simsec=0
     Messages:  created: 2   present: 2   in FES: 2
** Event #145843   t=172.128933432044   Elapsed: 0.014923s (0m 00s)
     Speed:     ev/sec=9.80391e+06   simsec/sec=11570.9   ev/simsec=847.29
     Messages:  created: 2   present: 2   in FES: 1

<!> Simulation stopped with endSimulation() -- in module (ScheduledAccessQueue) DectScheduledAccessNetwork.queue (id=2), at t=172.128933432044s, event #145843

Calling finish() at end of Run #673...

Preparing for running configuration MonetecFocusedSmallR, run #674...
Scenario: $r=12, $rho=0.225, $repetition=2
Assigned runID=MonetecFocusedSmallR-674-20260930-08:34:30-58
Setting up network "dect2020scheduledaccess.DectScheduledAccessNetwork"...
Initializing...

Running simulation...
** Event #0   t=0   Elapsed: 3e-06s (0m 00s)
     Speed:     ev/sec=0   simsec/sec=0   ev/simsec=0
     Messages:  created: 2   present: 2   in FES: 2
** Event #145759   t=172.217703094738   Elapsed: 0.014856s (0m 00s)
     Speed:     ev/sec=9.81344e+06   simsec/sec=11594.8   ev/simsec=846.366
     Messages:  created: 2   present: 2   in FES: 1

<!> Simulation stopped with endSimulation() -- in module (ScheduledAccessQueue) DectScheduledAccessNetwork.queue (id=2), at t=172.217703094738s, event #145759

Calling finish() at end of Run #674...

Preparing for running configuration MonetecFocusedSmallR, run #675...
Scenario: $r=12, $rho=0.230, $repetition=0
Assigned runID=MonetecFocusedSmallR-675-20260930-08:34:30-58
Setting up network "dect2020scheduledaccess.DectScheduledAccessNetwork"...
Initializing...

Running simulation...
** Event #0   t=0   Elapsed: 1.3e-05s (0m 00s)
     Speed:     ev/sec=0   simsec/sec=0   ev/simsec=0
     Messages:  created: 2   present: 2   in FES: 2
** Event #147964   t=172.026453002759   Elapsed: 0.015133s (0m 00s)
     Speed:     ev/sec=9.78663e+06   simsec/sec=11378.1   ev/simsec=860.126
     Messages:  created: 2   present: 2   in FES: 1

<!> Simulation stopped with endSimulation() -- in module (ScheduledAccessQueue) DectScheduledAccessNetwork.queue (id=2), at t=172.026453002759s, event #147964

Calling finish() at end of Run #675...

Preparing for running configuration MonetecFocusedSmallR, run #676...
Scenario: $r=12, $rho=0.230, $repetition=1
Assigned runID=MonetecFocusedSmallR-676-20260930-08:34:30-58
Setting up network "dect2020scheduledaccess.DectScheduledAccessNetwork"...
Initializing...

Running simulation...
** Event #0   t=0   Elapsed: 2.6e-05s (0m 00s)
     Speed:     ev/sec=0   simsec/sec=0   ev/simsec=0
     Messages:  created: 2   present: 2   in FES: 2
** Event #147543   t=172.013712193405   Elapsed: 0.01525s (0m 00s)
     Speed:     ev/sec=9.69147e+06   simsec/sec=11298.8   ev/simsec=857.74
     Messages:  created: 2   present: 2   in FES: 1

<!> Simulation stopped with endSimulation() -- in module (ScheduledAccessQueue) DectScheduledAccessNetwork.queue (id=2), at t=172.013712193405s, event #147543

Calling finish() at end of Run #676...

Preparing for running configuration MonetecFocusedSmallR, run #677...
Scenario: $r=12, $rho=0.230, $repetition=2
Assigned runID=MonetecFocusedSmallR-677-20260930-08:34:30-58
Setting up network "dect2020scheduledaccess.DectScheduledAccessNetwork"...
Initializing...

Running simulation...
** Event #0   t=0   Elapsed: 3.1e-05s (0m 00s)
     Speed:     ev/sec=0   simsec/sec=0   ev/simsec=0
     Messages:  created: 2   present: 2   in FES: 2
** Event #147684   t=172.181652536619   Elapsed: 0.01555s (0m 00s)
     Speed:     ev/sec=9.51695e+06   simsec/sec=11095.6   ev/simsec=857.723
     Messages:  created: 2   present: 2   in FES: 1

<!> Simulation stopped with endSimulation() -- in module (ScheduledAccessQueue) DectScheduledAccessNetwork.queue (id=2), at t=172.181652536619s, event #147684

Calling finish() at end of Run #677...

Preparing for running configuration MonetecFocusedSmallR, run #678...
Scenario: $r=12, $rho=0.235, $repetition=0
Assigned runID=MonetecFocusedSmallR-678-20260930-08:34:30-58
Setting up network "dect2020scheduledaccess.DectScheduledAccessNetwork"...
Initializing...

Running simulation...
** Event #0   t=0   Elapsed: 2.1e-05s (0m 00s)
     Speed:     ev/sec=0   simsec/sec=0   ev/simsec=0
     Messages:  created: 2   present: 2   in FES: 2
** Event #149919   t=172.013178900854   Elapsed: 0.015606s (0m 00s)
     Speed:     ev/sec=9.61882e+06   simsec/sec=11036.4   ev/simsec=871.555
     Messages:  created: 2   present: 2   in FES: 1

<!> Simulation stopped with endSimulation() -- in module (ScheduledAccessQueue) DectScheduledAccessNetwork.queue (id=2), at t=172.013178900854s, event #149919

Calling finish() at end of Run #678...

Preparing for running configuration MonetecFocusedSmallR, run #679...
Scenario: $r=12, $rho=0.235, $repetition=1
Assigned runID=MonetecFocusedSmallR-679-20260930-08:34:30-58
Setting up network "dect2020scheduledaccess.DectScheduledAccessNetwork"...
Initializing...

Running simulation...
** Event #0   t=0   Elapsed: 3e-06s (0m 00s)
     Speed:     ev/sec=0   simsec/sec=0   ev/simsec=0
     Messages:  created: 2   present: 2   in FES: 2
** Event #149779   t=172.063760052661   Elapsed: 0.015316s (0m 00s)
     Speed:     ev/sec=9.78181e+06   simsec/sec=11237.2   ev/simsec=870.488
     Messages:  created: 2   present: 2   in FES: 1

<!> Simulation stopped with endSimulation() -- in module (ScheduledAccessQueue) DectScheduledAccessNetwork.queue (id=2), at t=172.063760052661s, event #149779

Calling finish() at end of Run #679...

Preparing for running configuration MonetecFocusedSmallR, run #680...
Scenario: $r=12, $rho=0.235, $repetition=2
Assigned runID=MonetecFocusedSmallR-680-20260930-08:34:30-58
Setting up network "dect2020scheduledaccess.DectScheduledAccessNetwork"...
Initializing...

Running simulation...
** Event #0   t=0   Elapsed: 3e-06s (0m 00s)
     Speed:     ev/sec=0   simsec/sec=0   ev/simsec=0
     Messages:  created: 2   present: 2   in FES: 2
** Event #149794   t=172.181694803989   Elapsed: 0.01562s (0m 00s)
     Speed:     ev/sec=9.59173e+06   simsec/sec=11025.3   ev/simsec=869.976
     Messages:  created: 2   present: 2   in FES: 1

<!> Simulation stopped with endSimulation() -- in module (ScheduledAccessQueue) DectScheduledAccessNetwork.queue (id=2), at t=172.181694803989s, event #149794

Calling finish() at end of Run #680...

Preparing for running configuration MonetecFocusedSmallR, run #681...
Scenario: $r=12, $rho=0.240, $repetition=0
Assigned runID=MonetecFocusedSmallR-681-20260930-08:34:30-58
Setting up network "dect2020scheduledaccess.DectScheduledAccessNetwork"...
Initializing...

Running simulation...
** Event #0   t=0   Elapsed: 2.6e-05s (0m 00s)
     Speed:     ev/sec=0   simsec/sec=0   ev/simsec=0
     Messages:  created: 2   present: 2   in FES: 2
** Event #152163   t=172.084298127353   Elapsed: 0.015579s (0m 00s)
     Speed:     ev/sec=9.78351e+06   simsec/sec=11064.4   ev/simsec=884.236
     Messages:  created: 2   present: 2   in FES: 1

<!> Simulation stopped with endSimulation() -- in module (ScheduledAccessQueue) DectScheduledAccessNetwork.queue (id=2), at t=172.084298127353s, event #152163

Calling finish() at end of Run #681...

Preparing for running configuration MonetecFocusedSmallR, run #682...
Scenario: $r=12, $rho=0.240, $repetition=1
Assigned runID=MonetecFocusedSmallR-682-20260930-08:34:30-58
Setting up network "dect2020scheduledaccess.DectScheduledAccessNetwork"...
Initializing...

Running simulation...
** Event #0   t=0   Elapsed: 3e-05s (0m 00s)
     Speed:     ev/sec=0   simsec/sec=0   ev/simsec=0
     Messages:  created: 2   present: 2   in FES: 2
** Event #152045   t=172.150835333983   Elapsed: 0.015517s (0m 00s)
     Speed:     ev/sec=9.81759e+06   simsec/sec=11115.8   ev/simsec=883.208
     Messages:  created: 2   present: 2   in FES: 1

<!> Simulation stopped with endSimulation() -- in module (ScheduledAccessQueue) DectScheduledAccessNetwork.queue (id=2), at t=172.150835333983s, event #152045

Calling finish() at end of Run #682...

Preparing for running configuration MonetecFocusedSmallR, run #683...
Scenario: $r=12, $rho=0.240, $repetition=2
Assigned runID=MonetecFocusedSmallR-683-20260930-08:34:30-58
Setting up network "dect2020scheduledaccess.DectScheduledAccessNetwork"...
Initializing...

Running simulation...
** Event #0   t=0   Elapsed: 3e-06s (0m 00s)
     Speed:     ev/sec=0   simsec/sec=0   ev/simsec=0
     Messages:  created: 2   present: 2   in FES: 2
** Event #151465   t=172.054294551628   Elapsed: 0.015822s (0m 00s)
     Speed:     ev/sec=9.57488e+06   simsec/sec=10876.4   ev/simsec=880.333
     Messages:  created: 2   present: 2   in FES: 1

<!> Simulation stopped with endSimulation() -- in module (ScheduledAccessQueue) DectScheduledAccessNetwork.queue (id=2), at t=172.054294551628s, event #151465

Calling finish() at end of Run #683...

Preparing for running configuration MonetecFocusedSmallR, run #684...
Scenario: $r=12, $rho=0.245, $repetition=0
Assigned runID=MonetecFocusedSmallR-684-20260930-08:34:30-58
Setting up network "dect2020scheduledaccess.DectScheduledAccessNetwork"...
Initializing...

Running simulation...
** Event #0   t=0   Elapsed: 2.5e-05s (0m 00s)
     Speed:     ev/sec=0   simsec/sec=0   ev/simsec=0
     Messages:  created: 2   present: 2   in FES: 2
** Event #153753   t=171.905845476871   Elapsed: 0.015629s (0m 00s)
     Speed:     ev/sec=9.85407e+06   simsec/sec=11017.5   ev/simsec=894.404
     Messages:  created: 2   present: 2   in FES: 1

<!> Simulation stopped with endSimulation() -- in module (ScheduledAccessQueue) DectScheduledAccessNetwork.queue (id=2), at t=171.905845476871s, event #153753

Calling finish() at end of Run #684...

Preparing for running configuration MonetecFocusedSmallR, run #685...
Scenario: $r=12, $rho=0.245, $repetition=1
Assigned runID=MonetecFocusedSmallR-685-20260930-08:34:30-58
Setting up network "dect2020scheduledaccess.DectScheduledAccessNetwork"...
Initializing...

Running simulation...
** Event #0   t=0   Elapsed: 2.2e-05s (0m 00s)
     Speed:     ev/sec=0   simsec/sec=0   ev/simsec=0
     Messages:  created: 2   present: 2   in FES: 2
** Event #153983   t=172.118651499041   Elapsed: 0.016204s (0m 00s)
     Speed:     ev/sec=9.5157e+06   simsec/sec=10636.4   ev/simsec=894.635
     Messages:  created: 2   present: 2   in FES: 1

<!> Simulation stopped with endSimulation() -- in module (ScheduledAccessQueue) DectScheduledAccessNetwork.queue (id=2), at t=172.118651499041s, event #153983

Calling finish() at end of Run #685...

Preparing for running configuration MonetecFocusedSmallR, run #686...
Scenario: $r=12, $rho=0.245, $repetition=2
Assigned runID=MonetecFocusedSmallR-686-20260930-08:34:30-58
Setting up network "dect2020scheduledaccess.DectScheduledAccessNetwork"...
Initializing...

Running simulation...
** Event #0   t=0   Elapsed: 3e-06s (0m 00s)
     Speed:     ev/sec=0   simsec/sec=0   ev/simsec=0
     Messages:  created: 2   present: 2   in FES: 2
** Event #153885   t=172.181494079114   Elapsed: 0.015892s (0m 00s)
     Speed:     ev/sec=9.685e+06   simsec/sec=10836.5   ev/simsec=893.737
     Messages:  created: 2   present: 2   in FES: 1

<!> Simulation stopped with endSimulation() -- in module (ScheduledAccessQueue) DectScheduledAccessNetwork.queue (id=2), at t=172.181494079114s, event #153885

Calling finish() at end of Run #686...

Preparing for running configuration MonetecFocusedSmallR, run #687...
Scenario: $r=12, $rho=0.250, $repetition=0
Assigned runID=MonetecFocusedSmallR-687-20260930-08:34:30-58
Setting up network "dect2020scheduledaccess.DectScheduledAccessNetwork"...
Initializing...

Running simulation...
** Event #0   t=0   Elapsed: 3e-06s (0m 00s)
     Speed:     ev/sec=0   simsec/sec=0   ev/simsec=0
     Messages:  created: 2   present: 2   in FES: 2
** Event #156219   t=172.047986922363   Elapsed: 0.016044s (0m 00s)
     Speed:     ev/sec=9.73995e+06   simsec/sec=10726.8   ev/simsec=908
     Messages:  created: 2   present: 2   in FES: 1

<!> Simulation stopped with endSimulation() -- in module (ScheduledAccessQueue) DectScheduledAccessNetwork.queue (id=2), at t=172.047986922363s, event #156219

Calling finish() at end of Run #687...

Preparing for running configuration MonetecFocusedSmallR, run #688...
Scenario: $r=12, $rho=0.250, $repetition=1
Assigned runID=MonetecFocusedSmallR-688-20260930-08:34:30-58
Setting up network "dect2020scheduledaccess.DectScheduledAccessNetwork"...
Initializing...

Running simulation...
** Event #0   t=0   Elapsed: 4e-06s (0m 00s)
     Speed:     ev/sec=0   simsec/sec=0   ev/simsec=0
     Messages:  created: 2   present: 2   in FES: 2
** Event #156142   t=172.147278605172   Elapsed: 0.015826s (0m 00s)
     Speed:     ev/sec=9.86929e+06   simsec/sec=10880.9   ev/simsec=907.027
     Messages:  created: 2   present: 2   in FES: 1

<!> Simulation stopped with endSimulation() -- in module (ScheduledAccessQueue) DectScheduledAccessNetwork.queue (id=2), at t=172.147278605172s, event #156142

Calling finish() at end of Run #688...

Preparing for running configuration MonetecFocusedSmallR, run #689...
Scenario: $r=12, $rho=0.250, $repetition=2
Assigned runID=MonetecFocusedSmallR-689-20260930-08:34:30-58
Setting up network "dect2020scheduledaccess.DectScheduledAccessNetwork"...
Initializing...

Running simulation...
** Event #0   t=0   Elapsed: 1.9e-05s (0m 00s)
     Speed:     ev/sec=0   simsec/sec=0   ev/simsec=0
     Messages:  created: 2   present: 2   in FES: 2
** Event #156075   t=172.199819690062   Elapsed: 0.015946s (0m 00s)
     Speed:     ev/sec=9.7994e+06   simsec/sec=10811.8   ev/simsec=906.362
     Messages:  created: 2   present: 2   in FES: 1

<!> Simulation stopped with endSimulation() -- in module (ScheduledAccessQueue) DectScheduledAccessNetwork.queue (id=2), at t=172.199819690062s, event #156075

Calling finish() at end of Run #689...

Preparing for running configuration MonetecFocusedSmallR, run #690...
Scenario: $r=12, $rho=0.255, $repetition=0
Assigned runID=MonetecFocusedSmallR-690-20260930-08:34:30-58
Setting up network "dect2020scheduledaccess.DectScheduledAccessNetwork"...
Initializing...

Running simulation...
** Event #0   t=0   Elapsed: 2.6e-05s (0m 00s)
     Speed:     ev/sec=0   simsec/sec=0   ev/simsec=0
     Messages:  created: 2   present: 2   in FES: 2
** Event #158443   t=172.121951897769   Elapsed: 0.016122s (0m 00s)
     Speed:     ev/sec=9.84363e+06   simsec/sec=10693.5   ev/simsec=920.528
     Messages:  created: 2   present: 2   in FES: 1

<!> Simulation stopped with endSimulation() -- in module (ScheduledAccessQueue) DectScheduledAccessNetwork.queue (id=2), at t=172.121951897769s, event #158443

Calling finish() at end of Run #690...

Preparing for running configuration MonetecFocusedSmallR, run #691...
Scenario: $r=12, $rho=0.255, $repetition=1
Assigned runID=MonetecFocusedSmallR-691-20260930-08:34:30-58
Setting up network "dect2020scheduledaccess.DectScheduledAccessNetwork"...
Initializing...

Running simulation...
** Event #0   t=0   Elapsed: 3e-06s (0m 00s)
     Speed:     ev/sec=0   simsec/sec=0   ev/simsec=0
     Messages:  created: 2   present: 2   in FES: 2
** Event #158017   t=172.080883063967   Elapsed: 0.016823s (0m 00s)
     Speed:     ev/sec=9.39571e+06   simsec/sec=10231.9   ev/simsec=918.275
     Messages:  created: 2   present: 2   in FES: 1

<!> Simulation stopped with endSimulation() -- in module (ScheduledAccessQueue) DectScheduledAccessNetwork.queue (id=2), at t=172.080883063967s, event #158017

Calling finish() at end of Run #691...

Preparing for running configuration MonetecFocusedSmallR, run #692...
Scenario: $r=12, $rho=0.255, $repetition=2
Assigned runID=MonetecFocusedSmallR-692-20260930-08:34:30-58
Setting up network "dect2020scheduledaccess.DectScheduledAccessNetwork"...
Initializing...

Running simulation...
** Event #0   t=0   Elapsed: 4e-06s (0m 00s)
     Speed:     ev/sec=0   simsec/sec=0   ev/simsec=0
     Messages:  created: 2   present: 2   in FES: 2
** Event #157947   t=172.129816938062   Elapsed: 0.016186s (0m 00s)
     Speed:     ev/sec=9.76066e+06   simsec/sec=10637.1   ev/simsec=917.605
     Messages:  created: 2   present: 2   in FES: 1

<!> Simulation stopped with endSimulation() -- in module (ScheduledAccessQueue) DectScheduledAccessNetwork.queue (id=2), at t=172.129816938062s, event #157947

Calling finish() at end of Run #692...

Preparing for running configuration MonetecFocusedSmallR, run #693...
Scenario: $r=12, $rho=0.260, $repetition=0
Assigned runID=MonetecFocusedSmallR-693-20260930-08:34:30-58
Setting up network "dect2020scheduledaccess.DectScheduledAccessNetwork"...
Initializing...

Running simulation...
** Event #0   t=0   Elapsed: 1.6e-05s (0m 00s)
     Speed:     ev/sec=0   simsec/sec=0   ev/simsec=0
     Messages:  created: 2   present: 2   in FES: 2
** Event #160345   t=172.060320883065   Elapsed: 0.016728s (0m 00s)
     Speed:     ev/sec=9.59518e+06   simsec/sec=10296.2   ev/simsec=931.912
     Messages:  created: 2   present: 2   in FES: 1

<!> Simulation stopped with endSimulation() -- in module (ScheduledAccessQueue) DectScheduledAccessNetwork.queue (id=2), at t=172.060320883065s, event #160345

Calling finish() at end of Run #693...

Preparing for running configuration MonetecFocusedSmallR, run #694...
Scenario: $r=12, $rho=0.260, $repetition=1
Assigned runID=MonetecFocusedSmallR-694-20260930-08:34:30-58
Setting up network "dect2020scheduledaccess.DectScheduledAccessNetwork"...
Initializing...

Running simulation...
** Event #0   t=0   Elapsed: 3e-06s (0m 00s)
     Speed:     ev/sec=0   simsec/sec=0   ev/simsec=0
     Messages:  created: 2   present: 2   in FES: 2
** Event #160212   t=172.115064088186   Elapsed: 0.016854s (0m 00s)
     Speed:     ev/sec=9.50813e+06   simsec/sec=10214.5   ev/simsec=930.843
     Messages:  created: 2   present: 2   in FES: 1

<!> Simulation stopped with endSimulation() -- in module (ScheduledAccessQueue) DectScheduledAccessNetwork.queue (id=2), at t=172.115064088186s, event #160212

Calling finish() at end of Run #694...

Preparing for running configuration MonetecFocusedSmallR, run #695...
Scenario: $r=12, $rho=0.260, $repetition=2
Assigned runID=MonetecFocusedSmallR-695-20260930-08:34:30-58
Setting up network "dect2020scheduledaccess.DectScheduledAccessNetwork"...
Initializing...

Running simulation...
** Event #0   t=0   Elapsed: 3e-06s (0m 00s)
     Speed:     ev/sec=0   simsec/sec=0   ev/simsec=0
     Messages:  created: 2   present: 2   in FES: 2
** Event #159940   t=172.11225051389   Elapsed: 0.016399s (0m 00s)
     Speed:     ev/sec=9.75482e+06   simsec/sec=10497.2   ev/simsec=929.282
     Messages:  created: 2   present: 2   in FES: 1

<!> Simulation stopped with endSimulation() -- in module (ScheduledAccessQueue) DectScheduledAccessNetwork.queue (id=2), at t=172.11225051389s, event #159940

Calling finish() at end of Run #695...

Preparing for running configuration MonetecFocusedSmallR, run #696...
Scenario: $r=12, $rho=0.265, $repetition=0
Assigned runID=MonetecFocusedSmallR-696-20260930-08:34:30-58
Setting up network "dect2020scheduledaccess.DectScheduledAccessNetwork"...
Initializing...

Running simulation...
** Event #0   t=0   Elapsed: 2.5e-05s (0m 00s)
     Speed:     ev/sec=0   simsec/sec=0   ev/simsec=0
     Messages:  created: 2   present: 2   in FES: 2
** Event #162196   t=171.9931254765   Elapsed: 0.016552s (0m 00s)
     Speed:     ev/sec=9.814e+06   simsec/sec=10406.8   ev/simsec=943.04
     Messages:  created: 2   present: 2   in FES: 1

<!> Simulation stopped with endSimulation() -- in module (ScheduledAccessQueue) DectScheduledAccessNetwork.queue (id=2), at t=171.9931254765s, event #162196

Calling finish() at end of Run #696...

Preparing for running configuration MonetecFocusedSmallR, run #697...
Scenario: $r=12, $rho=0.265, $repetition=1
Assigned runID=MonetecFocusedSmallR-697-20260930-08:34:30-58
Setting up network "dect2020scheduledaccess.DectScheduledAccessNetwork"...
Initializing...

Running simulation...
** Event #0   t=0   Elapsed: 3e-06s (0m 00s)
     Speed:     ev/sec=0   simsec/sec=0   ev/simsec=0
     Messages:  created: 2   present: 2   in FES: 2
** Event #162370   t=172.141038198675   Elapsed: 0.016645s (0m 00s)
     Speed:     ev/sec=9.75664e+06   simsec/sec=10343.8   ev/simsec=943.239
     Messages:  created: 2   present: 2   in FES: 1

<!> Simulation stopped with endSimulation() -- in module (ScheduledAccessQueue) DectScheduledAccessNetwork.queue (id=2), at t=172.141038198675s, event #162370

Calling finish() at end of Run #697...

Preparing for running configuration MonetecFocusedSmallR, run #698...
Scenario: $r=12, $rho=0.265, $repetition=2
Assigned runID=MonetecFocusedSmallR-698-20260930-08:34:30-58
Setting up network "dect2020scheduledaccess.DectScheduledAccessNetwork"...
Initializing...

Running simulation...
** Event #0   t=0   Elapsed: 1.5e-05s (0m 00s)
     Speed:     ev/sec=0   simsec/sec=0   ev/simsec=0
     Messages:  created: 2   present: 2   in FES: 2
** Event #161981   t=172.096961498046   Elapsed: 0.016546s (0m 00s)
     Speed:     ev/sec=9.79862e+06   simsec/sec=10410.5   ev/simsec=941.223
     Messages:  created: 2   present: 2   in FES: 1

<!> Simulation stopped with endSimulation() -- in module (ScheduledAccessQueue) DectScheduledAccessNetwork.queue (id=2), at t=172.096961498046s, event #161981

Calling finish() at end of Run #698...

Preparing for running configuration MonetecFocusedSmallR, run #699...
Scenario: $r=12, $rho=0.270, $repetition=0
Assigned runID=MonetecFocusedSmallR-699-20260930-08:34:30-58
Setting up network "dect2020scheduledaccess.DectScheduledAccessNetwork"...
Initializing...

Running simulation...
** Event #0   t=0   Elapsed: 2.3e-05s (0m 00s)
     Speed:     ev/sec=0   simsec/sec=0   ev/simsec=0
     Messages:  created: 2   present: 2   in FES: 2
** Event #164730   t=172.160823041465   Elapsed: 0.016779s (0m 00s)
     Speed:     ev/sec=9.83111e+06   simsec/sec=10274.6   ev/simsec=956.84
     Messages:  created: 2   present: 2   in FES: 1

<!> Simulation stopped with endSimulation() -- in module (ScheduledAccessQueue) DectScheduledAccessNetwork.queue (id=2), at t=172.160823041465s, event #164730

Calling finish() at end of Run #699...

Preparing for running configuration MonetecFocusedSmallR, run #700...
Scenario: $r=12, $rho=0.270, $repetition=1
Assigned runID=MonetecFocusedSmallR-700-20260930-08:34:30-58
Setting up network "dect2020scheduledaccess.DectScheduledAccessNetwork"...
Initializing...

Running simulation...
** Event #0   t=0   Elapsed: 3e-06s (0m 00s)
     Speed:     ev/sec=0   simsec/sec=0   ev/simsec=0
     Messages:  created: 2   present: 2   in FES: 2
** Event #164685   t=172.218798205068   Elapsed: 0.016815s (0m 00s)
     Speed:     ev/sec=9.79626e+06   simsec/sec=10244.4   ev/simsec=956.255
     Messages:  created: 2   present: 2   in FES: 1

<!> Simulation stopped with endSimulation() -- in module (ScheduledAccessQueue) DectScheduledAccessNetwork.queue (id=2), at t=172.218798205068s, event #164685

Calling finish() at end of Run #700...

Preparing for running configuration MonetecFocusedSmallR, run #701...
Scenario: $r=12, $rho=0.270, $repetition=2
Assigned runID=MonetecFocusedSmallR-701-20260930-08:34:30-58
Setting up network "dect2020scheduledaccess.DectScheduledAccessNetwork"...
Initializing...

Running simulation...
** Event #0   t=0   Elapsed: 4e-06s (0m 00s)
     Speed:     ev/sec=0   simsec/sec=0   ev/simsec=0
     Messages:  created: 2   present: 2   in FES: 2
** Event #164313   t=172.165296976783   Elapsed: 0.016683s (0m 00s)
     Speed:     ev/sec=9.85208e+06   simsec/sec=10322.9   ev/simsec=954.395
     Messages:  created: 2   present: 2   in FES: 1

<!> Simulation stopped with endSimulation() -- in module (ScheduledAccessQueue) DectScheduledAccessNetwork.queue (id=2), at t=172.165296976783s, event #164313

Calling finish() at end of Run #701...

Preparing for running configuration MonetecFocusedSmallR, run #702...
Scenario: $r=12, $rho=0.275, $repetition=0
Assigned runID=MonetecFocusedSmallR-702-20260930-08:34:30-58
Setting up network "dect2020scheduledaccess.DectScheduledAccessNetwork"...
Initializing...

Running simulation...
** Event #0   t=0   Elapsed: 2.5e-05s (0m 00s)
     Speed:     ev/sec=0   simsec/sec=0   ev/simsec=0
     Messages:  created: 2   present: 2   in FES: 2
** Event #166663   t=172.112437504428   Elapsed: 0.016991s (0m 00s)
     Speed:     ev/sec=9.82335e+06   simsec/sec=10144.5   ev/simsec=968.339
     Messages:  created: 2   present: 2   in FES: 1

<!> Simulation stopped with endSimulation() -- in module (ScheduledAccessQueue) DectScheduledAccessNetwork.queue (id=2), at t=172.112437504428s, event #166663

Calling finish() at end of Run #702...

Preparing for running configuration MonetecFocusedSmallR, run #703...
Scenario: $r=12, $rho=0.275, $repetition=1
Assigned runID=MonetecFocusedSmallR-703-20260930-08:34:30-58
Setting up network "dect2020scheduledaccess.DectScheduledAccessNetwork"...
Initializing...

Running simulation...
** Event #0   t=0   Elapsed: 2.3e-05s (0m 00s)
     Speed:     ev/sec=0   simsec/sec=0   ev/simsec=0
     Messages:  created: 2   present: 2   in FES: 2
** Event #166313   t=172.082417501677   Elapsed: 0.016907s (0m 00s)
     Speed:     ev/sec=9.85033e+06   simsec/sec=10192   ev/simsec=966.476
     Messages:  created: 2   present: 2   in FES: 1

<!> Simulation stopped with endSimulation() -- in module (ScheduledAccessQueue) DectScheduledAccessNetwork.queue (id=2), at t=172.082417501677s, event #166313

Calling finish() at end of Run #703...

Preparing for running configuration MonetecFocusedSmallR, run #704...
Scenario: $r=12, $rho=0.275, $repetition=2
Assigned runID=MonetecFocusedSmallR-704-20260930-08:34:30-58
Setting up network "dect2020scheduledaccess.DectScheduledAccessNetwork"...
Initializing...

Running simulation...
** Event #0   t=0   Elapsed: 1.5e-05s (0m 00s)
     Speed:     ev/sec=0   simsec/sec=0   ev/simsec=0
     Messages:  created: 2   present: 2   in FES: 2
** Event #166388   t=172.192085418052   Elapsed: 0.017115s (0m 00s)
     Speed:     ev/sec=9.73086e+06   simsec/sec=10070.3   ev/simsec=966.294
     Messages:  created: 2   present: 2   in FES: 1

<!> Simulation stopped with endSimulation() -- in module (ScheduledAccessQueue) DectScheduledAccessNetwork.queue (id=2), at t=172.192085418052s, event #166388

Calling finish() at end of Run #704...

Preparing for running configuration MonetecFocusedSmallR, run #705...
Scenario: $r=12, $rho=0.280, $repetition=0
Assigned runID=MonetecFocusedSmallR-705-20260930-08:34:30-58
Setting up network "dect2020scheduledaccess.DectScheduledAccessNetwork"...
Initializing...

Running simulation...
** Event #0   t=0   Elapsed: 1.5e-05s (0m 00s)
     Speed:     ev/sec=0   simsec/sec=0   ev/simsec=0
     Messages:  created: 2   present: 2   in FES: 2
** Event #168415   t=172.00984474092   Elapsed: 0.017248s (0m 00s)
     Speed:     ev/sec=9.77339e+06   simsec/sec=9982   ev/simsec=979.101
     Messages:  created: 2   present: 2   in FES: 1

<!> Simulation stopped with endSimulation() -- in module (ScheduledAccessQueue) DectScheduledAccessNetwork.queue (id=2), at t=172.00984474092s, event #168415

Calling finish() at end of Run #705...

Preparing for running configuration MonetecFocusedSmallR, run #706...
Scenario: $r=12, $rho=0.280, $repetition=1
Assigned runID=MonetecFocusedSmallR-706-20260930-08:34:30-58
Setting up network "dect2020scheduledaccess.DectScheduledAccessNetwork"...
Initializing...

Running simulation...
** Event #0   t=0   Elapsed: 3e-06s (0m 00s)
     Speed:     ev/sec=0   simsec/sec=0   ev/simsec=0
     Messages:  created: 2   present: 2   in FES: 2
** Event #168637   t=172.14761006547   Elapsed: 0.017389s (0m 00s)
     Speed:     ev/sec=9.70014e+06   simsec/sec=9902.04   ev/simsec=979.61
     Messages:  created: 2   present: 2   in FES: 1

<!> Simulation stopped with endSimulation() -- in module (ScheduledAccessQueue) DectScheduledAccessNetwork.queue (id=2), at t=172.14761006547s, event #168637

Calling finish() at end of Run #706...

Preparing for running configuration MonetecFocusedSmallR, run #707...
Scenario: $r=12, $rho=0.280, $repetition=2
Assigned runID=MonetecFocusedSmallR-707-20260930-08:34:30-58
Setting up network "dect2020scheduledaccess.DectScheduledAccessNetwork"...
Initializing...

Running simulation...
** Event #0   t=0   Elapsed: 4e-06s (0m 00s)
     Speed:     ev/sec=0   simsec/sec=0   ev/simsec=0
     Messages:  created: 2   present: 2   in FES: 2
** Event #168327   t=172.143150722874   Elapsed: 0.017218s (0m 00s)
     Speed:     ev/sec=9.78361e+06   simsec/sec=10005.4   ev/simsec=977.833
     Messages:  created: 2   present: 2   in FES: 1

<!> Simulation stopped with endSimulation() -- in module (ScheduledAccessQueue) DectScheduledAccessNetwork.queue (id=2), at t=172.143150722874s, event #168327

Calling finish() at end of Run #707...

Preparing for running configuration MonetecFocusedSmallR, run #708...
Scenario: $r=12, $rho=0.285, $repetition=0
Assigned runID=MonetecFocusedSmallR-708-20260930-08:34:30-58
Setting up network "dect2020scheduledaccess.DectScheduledAccessNetwork"...
Initializing...

Running simulation...
** Event #0   t=0   Elapsed: 2.4e-05s (0m 00s)
     Speed:     ev/sec=0   simsec/sec=0   ev/simsec=0
     Messages:  created: 2   present: 2   in FES: 2
** Event #170615   t=172.065144259262   Elapsed: 0.017473s (0m 00s)
     Speed:     ev/sec=9.77736e+06   simsec/sec=9860.46   ev/simsec=991.573
     Messages:  created: 2   present: 2   in FES: 1

<!> Simulation stopped with endSimulation() -- in module (ScheduledAccessQueue) DectScheduledAccessNetwork.queue (id=2), at t=172.065144259262s, event #170615

Calling finish() at end of Run #708...

Preparing for running configuration MonetecFocusedSmallR, run #709...
Scenario: $r=12, $rho=0.285, $repetition=1
Assigned runID=MonetecFocusedSmallR-709-20260930-08:34:30-58
Setting up network "dect2020scheduledaccess.DectScheduledAccessNetwork"...
Initializing...

Running simulation...
** Event #0   t=0   Elapsed: 3e-06s (0m 00s)
     Speed:     ev/sec=0   simsec/sec=0   ev/simsec=0
     Messages:  created: 2   present: 2   in FES: 2
** Event #171045   t=172.250261624547   Elapsed: 0.017405s (0m 00s)
     Speed:     ev/sec=9.82848e+06   simsec/sec=9897.73   ev/simsec=993.003
     Messages:  created: 2   present: 2   in FES: 1

<!> Simulation stopped with endSimulation() -- in module (ScheduledAccessQueue) DectScheduledAccessNetwork.queue (id=2), at t=172.250261624547s, event #171045

Calling finish() at end of Run #709...

Preparing for running configuration MonetecFocusedSmallR, run #710...
Scenario: $r=12, $rho=0.285, $repetition=2
Assigned runID=MonetecFocusedSmallR-710-20260930-08:34:30-58
Setting up network "dect2020scheduledaccess.DectScheduledAccessNetwork"...
Initializing...

Running simulation...
** Event #0   t=0   Elapsed: 3e-06s (0m 00s)
     Speed:     ev/sec=0   simsec/sec=0   ev/simsec=0
     Messages:  created: 2   present: 2   in FES: 2
** Event #170195   t=172.083101096234   Elapsed: 0.017452s (0m 00s)
     Speed:     ev/sec=9.75441e+06   simsec/sec=9862.63   ev/simsec=989.028
     Messages:  created: 2   present: 2   in FES: 1

<!> Simulation stopped with endSimulation() -- in module (ScheduledAccessQueue) DectScheduledAccessNetwork.queue (id=2), at t=172.083101096234s, event #170195

Calling finish() at end of Run #710...

Preparing for running configuration MonetecFocusedSmallR, run #711...
Scenario: $r=12, $rho=0.290, $repetition=0
Assigned runID=MonetecFocusedSmallR-711-20260930-08:34:30-58
Setting up network "dect2020scheduledaccess.DectScheduledAccessNetwork"...
Initializing...

Running simulation...
** Event #0   t=0   Elapsed: 3e-06s (0m 00s)
     Speed:     ev/sec=0   simsec/sec=0   ev/simsec=0
     Messages:  created: 2   present: 2   in FES: 2
** Event #172790   t=172.119645721623   Elapsed: 0.017518s (0m 00s)
     Speed:     ev/sec=9.86526e+06   simsec/sec=9826.98   ev/simsec=1003.9
     Messages:  created: 2   present: 2   in FES: 1

<!> Simulation stopped with endSimulation() -- in module (ScheduledAccessQueue) DectScheduledAccessNetwork.queue (id=2), at t=172.119645721623s, event #172790

Calling finish() at end of Run #711...

Preparing for running configuration MonetecFocusedSmallR, run #712...
Scenario: $r=12, $rho=0.290, $repetition=1
Assigned runID=MonetecFocusedSmallR-712-20260930-08:34:30-58
Setting up network "dect2020scheduledaccess.DectScheduledAccessNetwork"...
Initializing...

Running simulation...
** Event #0   t=0   Elapsed: 3e-06s (0m 00s)
     Speed:     ev/sec=0   simsec/sec=0   ev/simsec=0
     Messages:  created: 2   present: 2   in FES: 2
** Event #172646   t=172.110897830579   Elapsed: 0.017736s (0m 00s)
     Speed:     ev/sec=9.73531e+06   simsec/sec=9705.11   ev/simsec=1003.11
     Messages:  created: 2   present: 2   in FES: 1

<!> Simulation stopped with endSimulation() -- in module (ScheduledAccessQueue) DectScheduledAccessNetwork.queue (id=2), at t=172.110897830579s, event #172646

Calling finish() at end of Run #712...

Preparing for running configuration MonetecFocusedSmallR, run #713...
Scenario: $r=12, $rho=0.290, $repetition=2
Assigned runID=MonetecFocusedSmallR-713-20260930-08:34:30-58
Setting up network "dect2020scheduledaccess.DectScheduledAccessNetwork"...
Initializing...

Running simulation...
** Event #0   t=0   Elapsed: 2e-05s (0m 00s)
     Speed:     ev/sec=0   simsec/sec=0   ev/simsec=0
     Messages:  created: 2   present: 2   in FES: 2
** Event #172343   t=172.122447250128   Elapsed: 0.017752s (0m 00s)
     Speed:     ev/sec=9.71987e+06   simsec/sec=9707.41   ev/simsec=1001.28
     Messages:  created: 2   present: 2   in FES: 1

<!> Simulation stopped with endSimulation() -- in module (ScheduledAccessQueue) DectScheduledAccessNetwork.queue (id=2), at t=172.122447250128s, event #172343

Calling finish() at end of Run #713...

Preparing for running configuration MonetecFocusedSmallR, run #714...
Scenario: $r=12, $rho=0.295, $repetition=0
Assigned runID=MonetecFocusedSmallR-714-20260930-08:34:30-58
Setting up network "dect2020scheduledaccess.DectScheduledAccessNetwork"...
Initializing...

Running simulation...
** Event #0   t=0   Elapsed: 3e-06s (0m 00s)
     Speed:     ev/sec=0   simsec/sec=0   ev/simsec=0
     Messages:  created: 2   present: 2   in FES: 2
** Event #174533   t=172.000139153598   Elapsed: 0.01787s (0m 00s)
     Speed:     ev/sec=9.76846e+06   simsec/sec=9626.69   ev/simsec=1014.73
     Messages:  created: 2   present: 2   in FES: 1

<!> Simulation stopped with endSimulation() -- in module (ScheduledAccessQueue) DectScheduledAccessNetwork.queue (id=2), at t=172.000139153598s, event #174533

Calling finish() at end of Run #714...

Preparing for running configuration MonetecFocusedSmallR, run #715...
Scenario: $r=12, $rho=0.295, $repetition=1
Assigned runID=MonetecFocusedSmallR-715-20260930-08:34:30-58
Setting up network "dect2020scheduledaccess.DectScheduledAccessNetwork"...
Initializing...

Running simulation...
** Event #0   t=0   Elapsed: 3e-06s (0m 00s)
     Speed:     ev/sec=0   simsec/sec=0   ev/simsec=0
     Messages:  created: 2   present: 2   in FES: 2
** Event #175108   t=172.216855308087   Elapsed: 0.018037s (0m 00s)
     Speed:     ev/sec=9.71042e+06   simsec/sec=9550.09   ev/simsec=1016.79
     Messages:  created: 2   present: 2   in FES: 1

<!> Simulation stopped with endSimulation() -- in module (ScheduledAccessQueue) DectScheduledAccessNetwork.queue (id=2), at t=172.216855308087s, event #175108

Calling finish() at end of Run #715...

Preparing for running configuration MonetecFocusedSmallR, run #716...
Scenario: $r=12, $rho=0.295, $repetition=2
Assigned runID=MonetecFocusedSmallR-716-20260930-08:34:30-58
Setting up network "dect2020scheduledaccess.DectScheduledAccessNetwork"...
Initializing...

Running simulation...
** Event #0   t=0   Elapsed: 9e-06s (0m 00s)
     Speed:     ev/sec=0   simsec/sec=0   ev/simsec=0
     Messages:  created: 2   present: 2   in FES: 2
** Event #174366   t=172.071976459819   Elapsed: 0.017789s (0m 00s)
     Speed:     ev/sec=9.80686e+06   simsec/sec=9677.83   ev/simsec=1013.33
     Messages:  created: 2   present: 2   in FES: 1

<!> Simulation stopped with endSimulation() -- in module (ScheduledAccessQueue) DectScheduledAccessNetwork.queue (id=2), at t=172.071976459819s, event #174366

Calling finish() at end of Run #716...

Preparing for running configuration MonetecFocusedSmallR, run #717...
Scenario: $r=12, $rho=0.300, $repetition=0
Assigned runID=MonetecFocusedSmallR-717-20260930-08:34:31-58
Setting up network "dect2020scheduledaccess.DectScheduledAccessNetwork"...
Initializing...

Running simulation...
** Event #0   t=0   Elapsed: 3e-06s (0m 00s)
     Speed:     ev/sec=0   simsec/sec=0   ev/simsec=0
     Messages:  created: 2   present: 2   in FES: 2
** Event #176808   t=172.048697695553   Elapsed: 0.018821s (0m 00s)
     Speed:     ev/sec=9.39768e+06   simsec/sec=9144.7   ev/simsec=1027.66
     Messages:  created: 2   present: 2   in FES: 1

<!> Simulation stopped with endSimulation() -- in module (ScheduledAccessQueue) DectScheduledAccessNetwork.queue (id=2), at t=172.048697695553s, event #176808

Calling finish() at end of Run #717...

Preparing for running configuration MonetecFocusedSmallR, run #718...
Scenario: $r=12, $rho=0.300, $repetition=1
Assigned runID=MonetecFocusedSmallR-718-20260930-08:34:31-58
Setting up network "dect2020scheduledaccess.DectScheduledAccessNetwork"...
Initializing...

Running simulation...
** Event #0   t=0   Elapsed: 3e-06s (0m 00s)
     Speed:     ev/sec=0   simsec/sec=0   ev/simsec=0
     Messages:  created: 2   present: 2   in FES: 2
** Event #177307   t=172.239732461661   Elapsed: 0.018206s (0m 00s)
     Speed:     ev/sec=9.74214e+06   simsec/sec=9463.7   ev/simsec=1029.42
     Messages:  created: 2   present: 2   in FES: 1

<!> Simulation stopped with endSimulation() -- in module (ScheduledAccessQueue) DectScheduledAccessNetwork.queue (id=2), at t=172.239732461661s, event #177307

Calling finish() at end of Run #718...

Preparing for running configuration MonetecFocusedSmallR, run #719...
Scenario: $r=12, $rho=0.300, $repetition=2
Assigned runID=MonetecFocusedSmallR-719-20260930-08:34:31-58
Setting up network "dect2020scheduledaccess.DectScheduledAccessNetwork"...
Initializing...

Running simulation...
** Event #0   t=0   Elapsed: 2.4e-05s (0m 00s)
     Speed:     ev/sec=0   simsec/sec=0   ev/simsec=0
     Messages:  created: 2   present: 2   in FES: 2
** Event #176941   t=172.223963386932   Elapsed: 0.018079s (0m 00s)
     Speed:     ev/sec=9.80011e+06   simsec/sec=9538.83   ev/simsec=1027.39
     Messages:  created: 2   present: 2   in FES: 1

<!> Simulation stopped with endSimulation() -- in module (ScheduledAccessQueue) DectScheduledAccessNetwork.queue (id=2), at t=172.223963386932s, event #176941

Calling finish() at end of Run #719...

Preparing for running configuration MonetecFocusedSmallR, run #720...
Scenario: $r=16, $rho=0.005, $repetition=0
Assigned runID=MonetecFocusedSmallR-720-20260930-08:34:31-58
Setting up network "dect2020scheduledaccess.DectScheduledAccessNetwork"...
Initializing...

Running simulation...
** Event #0   t=0   Elapsed: 2e-06s (0m 00s)
     Speed:     ev/sec=0   simsec/sec=0   ev/simsec=0
     Messages:  created: 2   present: 2   in FES: 2
** Event #389119   t=2886.613252335852   Elapsed: 0.029786s (0m 00s)
     Speed:     ev/sec=1.3066e+07   simsec/sec=96928   ev/simsec=134.801
     Messages:  created: 2   present: 2   in FES: 1

<!> Simulation stopped with endSimulation() -- in module (ScheduledAccessQueue) DectScheduledAccessNetwork.queue (id=2), at t=2886.613252335852s, event #389119

Calling finish() at end of Run #720...

Preparing for running configuration MonetecFocusedSmallR, run #721...
Scenario: $r=16, $rho=0.005, $repetition=1
Assigned runID=MonetecFocusedSmallR-721-20260930-08:34:31-58
Setting up network "dect2020scheduledaccess.DectScheduledAccessNetwork"...
Initializing...

Running simulation...
** Event #0   t=0   Elapsed: 3e-06s (0m 00s)
     Speed:     ev/sec=0   simsec/sec=0   ev/simsec=0
     Messages:  created: 2   present: 2   in FES: 2
** Event #392466   t=2916.726505529272   Elapsed: 0.030025s (0m 00s)
     Speed:     ev/sec=1.30739e+07   simsec/sec=97162.6   ev/simsec=134.557
     Messages:  created: 2   present: 2   in FES: 1

<!> Simulation stopped with endSimulation() -- in module (ScheduledAccessQueue) DectScheduledAccessNetwork.queue (id=2), at t=2916.726505529272s, event #392466

Calling finish() at end of Run #721...

Preparing for running configuration MonetecFocusedSmallR, run #722...
Scenario: $r=16, $rho=0.005, $repetition=2
Assigned runID=MonetecFocusedSmallR-722-20260930-08:34:31-58
Setting up network "dect2020scheduledaccess.DectScheduledAccessNetwork"...
Initializing...

Running simulation...
** Event #0   t=0   Elapsed: 3e-06s (0m 00s)
     Speed:     ev/sec=0   simsec/sec=0   ev/simsec=0
     Messages:  created: 2   present: 2   in FES: 2
** Event #389795   t=2892.738498770359   Elapsed: 0.029713s (0m 00s)
     Speed:     ev/sec=1.31204e+07   simsec/sec=97369   ev/simsec=134.75
     Messages:  created: 2   present: 2   in FES: 1

<!> Simulation stopped with endSimulation() -- in module (ScheduledAccessQueue) DectScheduledAccessNetwork.queue (id=2), at t=2892.738498770359s, event #389795

Calling finish() at end of Run #722...

Preparing for running configuration MonetecFocusedSmallR, run #723...
Scenario: $r=16, $rho=0.010, $repetition=0
Assigned runID=MonetecFocusedSmallR-723-20260930-08:34:31-58
Setting up network "dect2020scheduledaccess.DectScheduledAccessNetwork"...
Initializing...

Running simulation...
** Event #0   t=0   Elapsed: 2e-06s (0m 00s)
     Speed:     ev/sec=0   simsec/sec=0   ev/simsec=0
     Messages:  created: 2   present: 2   in FES: 2
** Event #228785   t=1443.596070388846   Elapsed: 0.01876s (0m 00s)
     Speed:     ev/sec=1.21967e+07   simsec/sec=76959   ev/simsec=158.483
     Messages:  created: 2   present: 2   in FES: 1

<!> Simulation stopped with endSimulation() -- in module (ScheduledAccessQueue) DectScheduledAccessNetwork.queue (id=2), at t=1443.596070388846s, event #228785

Calling finish() at end of Run #723...

Preparing for running configuration MonetecFocusedSmallR, run #724...
Scenario: $r=16, $rho=0.010, $repetition=1
Assigned runID=MonetecFocusedSmallR-724-20260930-08:34:31-58
Setting up network "dect2020scheduledaccess.DectScheduledAccessNetwork"...
Initializing...

Running simulation...
** Event #0   t=0   Elapsed: 2e-06s (0m 00s)
     Speed:     ev/sec=0   simsec/sec=0   ev/simsec=0
     Messages:  created: 2   present: 2   in FES: 2
** Event #230706   t=1460.861580971635   Elapsed: 0.018805s (0m 00s)
     Speed:     ev/sec=1.22703e+07   simsec/sec=77697.1   ev/simsec=157.925
     Messages:  created: 2   present: 2   in FES: 1

<!> Simulation stopped with endSimulation() -- in module (ScheduledAccessQueue) DectScheduledAccessNetwork.queue (id=2), at t=1460.861580971635s, event #230706

Calling finish() at end of Run #724...

Preparing for running configuration MonetecFocusedSmallR, run #725...
Scenario: $r=16, $rho=0.010, $repetition=2
Assigned runID=MonetecFocusedSmallR-725-20260930-08:34:31-58
Setting up network "dect2020scheduledaccess.DectScheduledAccessNetwork"...
Initializing...

Running simulation...
** Event #0   t=0   Elapsed: 3e-06s (0m 00s)
     Speed:     ev/sec=0   simsec/sec=0   ev/simsec=0
     Messages:  created: 2   present: 2   in FES: 2
** Event #229087   t=1446.36652092372   Elapsed: 0.018787s (0m 00s)
     Speed:     ev/sec=1.21965e+07   simsec/sec=77003.9   ev/simsec=158.388
     Messages:  created: 2   present: 2   in FES: 1

<!> Simulation stopped with endSimulation() -- in module (ScheduledAccessQueue) DectScheduledAccessNetwork.queue (id=2), at t=1446.36652092372s, event #229087

Calling finish() at end of Run #725...

Preparing for running configuration MonetecFocusedSmallR, run #726...
Scenario: $r=16, $rho=0.015, $repetition=0
Assigned runID=MonetecFocusedSmallR-726-20260930-08:34:31-58
Setting up network "dect2020scheduledaccess.DectScheduledAccessNetwork"...
Initializing...

Running simulation...
** Event #0   t=0   Elapsed: 3e-06s (0m 00s)
     Speed:     ev/sec=0   simsec/sec=0   ev/simsec=0
     Messages:  created: 2   present: 2   in FES: 2
** Event #175351   t=962.685764490582   Elapsed: 0.015014s (0m 00s)
     Speed:     ev/sec=1.16815e+07   simsec/sec=64132   ev/simsec=182.148
     Messages:  created: 2   present: 2   in FES: 1

<!> Simulation stopped with endSimulation() -- in module (ScheduledAccessQueue) DectScheduledAccessNetwork.queue (id=2), at t=962.685764490582s, event #175351

Calling finish() at end of Run #726...

Preparing for running configuration MonetecFocusedSmallR, run #727...
Scenario: $r=16, $rho=0.015, $repetition=1
Assigned runID=MonetecFocusedSmallR-727-20260930-08:34:31-58
Setting up network "dect2020scheduledaccess.DectScheduledAccessNetwork"...
Initializing...

Running simulation...
** Event #0   t=0   Elapsed: 3e-06s (0m 00s)
     Speed:     ev/sec=0   simsec/sec=0   ev/simsec=0
     Messages:  created: 2   present: 2   in FES: 2
** Event #175981   t=968.418894668045   Elapsed: 0.015288s (0m 00s)
     Speed:     ev/sec=1.15141e+07   simsec/sec=63361.5   ev/simsec=181.72
     Messages:  created: 2   present: 2   in FES: 1

<!> Simulation stopped with endSimulation() -- in module (ScheduledAccessQueue) DectScheduledAccessNetwork.queue (id=2), at t=968.418894668045s, event #175981

Calling finish() at end of Run #727...

Preparing for running configuration MonetecFocusedSmallR, run #728...
Scenario: $r=16, $rho=0.015, $repetition=2
Assigned runID=MonetecFocusedSmallR-728-20260930-08:34:31-58
Setting up network "dect2020scheduledaccess.DectScheduledAccessNetwork"...
Initializing...

Running simulation...
** Event #0   t=0   Elapsed: 3e-06s (0m 00s)
     Speed:     ev/sec=0   simsec/sec=0   ev/simsec=0
     Messages:  created: 2   present: 2   in FES: 2
** Event #175528   t=964.334276081494   Elapsed: 0.015173s (0m 00s)
     Speed:     ev/sec=1.15707e+07   simsec/sec=63568.4   ev/simsec=182.02
     Messages:  created: 2   present: 2   in FES: 1

<!> Simulation stopped with endSimulation() -- in module (ScheduledAccessQueue) DectScheduledAccessNetwork.queue (id=2), at t=964.334276081494s, event #175528

Calling finish() at end of Run #728...

Preparing for running configuration MonetecFocusedSmallR, run #729...
Scenario: $r=16, $rho=0.020, $repetition=0
Assigned runID=MonetecFocusedSmallR-729-20260930-08:34:31-58
Setting up network "dect2020scheduledaccess.DectScheduledAccessNetwork"...
Initializing...

Running simulation...
** Event #0   t=0   Elapsed: 3e-06s (0m 00s)
     Speed:     ev/sec=0   simsec/sec=0   ev/simsec=0
     Messages:  created: 2   present: 2   in FES: 2
** Event #148616   t=722.069786024876   Elapsed: 0.013261s (0m 00s)
     Speed:     ev/sec=1.12095e+07   simsec/sec=54462.9   ev/simsec=205.819
     Messages:  created: 2   present: 2   in FES: 1

<!> Simulation stopped with endSimulation() -- in module (ScheduledAccessQueue) DectScheduledAccessNetwork.queue (id=2), at t=722.069786024876s, event #148616

Calling finish() at end of Run #729...

Preparing for running configuration MonetecFocusedSmallR, run #730...
Scenario: $r=16, $rho=0.020, $repetition=1
Assigned runID=MonetecFocusedSmallR-730-20260930-08:34:31-58
Setting up network "dect2020scheduledaccess.DectScheduledAccessNetwork"...
Initializing...

Running simulation...
** Event #0   t=0   Elapsed: 3e-06s (0m 00s)
     Speed:     ev/sec=0   simsec/sec=0   ev/simsec=0
     Messages:  created: 2   present: 2   in FES: 2
** Event #149085   t=726.354075796872   Elapsed: 0.013296s (0m 00s)
     Speed:     ev/sec=1.12153e+07   simsec/sec=54641.8   ev/simsec=205.251
     Messages:  created: 2   present: 2   in FES: 1

<!> Simulation stopped with endSimulation() -- in module (ScheduledAccessQueue) DectScheduledAccessNetwork.queue (id=2), at t=726.354075796872s, event #149085

Calling finish() at end of Run #730...

Preparing for running configuration MonetecFocusedSmallR, run #731...
Scenario: $r=16, $rho=0.020, $repetition=2
Assigned runID=MonetecFocusedSmallR-731-20260930-08:34:31-58
Setting up network "dect2020scheduledaccess.DectScheduledAccessNetwork"...
Initializing...

Running simulation...
** Event #0   t=0   Elapsed: 3e-06s (0m 00s)
     Speed:     ev/sec=0   simsec/sec=0   ev/simsec=0
     Messages:  created: 2   present: 2   in FES: 2
** Event #148681   t=722.721863725748   Elapsed: 0.013243s (0m 00s)
     Speed:     ev/sec=1.12297e+07   simsec/sec=54586.1   ev/simsec=205.724
     Messages:  created: 2   present: 2   in FES: 1

<!> Simulation stopped with endSimulation() -- in module (ScheduledAccessQueue) DectScheduledAccessNetwork.queue (id=2), at t=722.721863725748s, event #148681

Calling finish() at end of Run #731...

Preparing for running configuration MonetecFocusedSmallR, run #732...
Scenario: $r=16, $rho=0.025, $repetition=0
Assigned runID=MonetecFocusedSmallR-732-20260930-08:34:31-58
Setting up network "dect2020scheduledaccess.DectScheduledAccessNetwork"...
Initializing...

Running simulation...
** Event #0   t=0   Elapsed: 3e-06s (0m 00s)
     Speed:     ev/sec=0   simsec/sec=0   ev/simsec=0
     Messages:  created: 2   present: 2   in FES: 2
** Event #132606   t=577.93751210517   Elapsed: 0.012248s (0m 00s)
     Speed:     ev/sec=1.08294e+07   simsec/sec=47197.8   ev/simsec=229.447
     Messages:  created: 2   present: 2   in FES: 1

<!> Simulation stopped with endSimulation() -- in module (ScheduledAccessQueue) DectScheduledAccessNetwork.queue (id=2), at t=577.93751210517s, event #132606

Calling finish() at end of Run #732...

Preparing for running configuration MonetecFocusedSmallR, run #733...
Scenario: $r=16, $rho=0.025, $repetition=1
Assigned runID=MonetecFocusedSmallR-733-20260930-08:34:31-58
Setting up network "dect2020scheduledaccess.DectScheduledAccessNetwork"...
Initializing...

Running simulation...
** Event #0   t=0   Elapsed: 3e-06s (0m 00s)
     Speed:     ev/sec=0   simsec/sec=0   ev/simsec=0
     Messages:  created: 2   present: 2   in FES: 2
** Event #133061   t=582.112555371772   Elapsed: 0.012288s (0m 00s)
     Speed:     ev/sec=1.08312e+07   simsec/sec=47383.9   ev/simsec=228.583
     Messages:  created: 2   present: 2   in FES: 1

<!> Simulation stopped with endSimulation() -- in module (ScheduledAccessQueue) DectScheduledAccessNetwork.queue (id=2), at t=582.112555371772s, event #133061

Calling finish() at end of Run #733...

Preparing for running configuration MonetecFocusedSmallR, run #734...
Scenario: $r=16, $rho=0.025, $repetition=2
Assigned runID=MonetecFocusedSmallR-734-20260930-08:34:31-58
Setting up network "dect2020scheduledaccess.DectScheduledAccessNetwork"...
Initializing...

Running simulation...
** Event #0   t=0   Elapsed: 3e-06s (0m 00s)
     Speed:     ev/sec=0   simsec/sec=0   ev/simsec=0
     Messages:  created: 2   present: 2   in FES: 2
** Event #132462   t=576.785565104481   Elapsed: 0.012186s (0m 00s)
     Speed:     ev/sec=1.08736e+07   simsec/sec=47347.2   ev/simsec=229.656
     Messages:  created: 2   present: 2   in FES: 1

<!> Simulation stopped with endSimulation() -- in module (ScheduledAccessQueue) DectScheduledAccessNetwork.queue (id=2), at t=576.785565104481s, event #132462

Calling finish() at end of Run #734...

Preparing for running configuration MonetecFocusedSmallR, run #735...
Scenario: $r=16, $rho=0.030, $repetition=0
Assigned runID=MonetecFocusedSmallR-735-20260930-08:34:31-58
Setting up network "dect2020scheduledaccess.DectScheduledAccessNetwork"...
Initializing...

Running simulation...
** Event #0   t=0   Elapsed: 3e-06s (0m 00s)
     Speed:     ev/sec=0   simsec/sec=0   ev/simsec=0
     Messages:  created: 2   present: 2   in FES: 2
** Event #121766   t=480.455847002049   Elapsed: 0.011486s (0m 00s)
     Speed:     ev/sec=1.06049e+07   simsec/sec=41844.2   ev/simsec=253.439
     Messages:  created: 2   present: 2   in FES: 1

<!> Simulation stopped with endSimulation() -- in module (ScheduledAccessQueue) DectScheduledAccessNetwork.queue (id=2), at t=480.455847002049s, event #121766

Calling finish() at end of Run #735...

Preparing for running configuration MonetecFocusedSmallR, run #736...
Scenario: $r=16, $rho=0.030, $repetition=1
Assigned runID=MonetecFocusedSmallR-736-20260930-08:34:31-58
Setting up network "dect2020scheduledaccess.DectScheduledAccessNetwork"...
Initializing...

Running simulation...
** Event #0   t=0   Elapsed: 3e-06s (0m 00s)
     Speed:     ev/sec=0   simsec/sec=0   ev/simsec=0
     Messages:  created: 2   present: 2   in FES: 2
** Event #122359   t=485.774202630039   Elapsed: 0.011621s (0m 00s)
     Speed:     ev/sec=1.05318e+07   simsec/sec=41812.1   ev/simsec=251.885
     Messages:  created: 2   present: 2   in FES: 1

<!> Simulation stopped with endSimulation() -- in module (ScheduledAccessQueue) DectScheduledAccessNetwork.queue (id=2), at t=485.774202630039s, event #122359

Calling finish() at end of Run #736...

Preparing for running configuration MonetecFocusedSmallR, run #737...
Scenario: $r=16, $rho=0.030, $repetition=2
Assigned runID=MonetecFocusedSmallR-737-20260930-08:34:31-58
Setting up network "dect2020scheduledaccess.DectScheduledAccessNetwork"...
Initializing...

Running simulation...
** Event #0   t=0   Elapsed: 3e-06s (0m 00s)
     Speed:     ev/sec=0   simsec/sec=0   ev/simsec=0
     Messages:  created: 2   present: 2   in FES: 2
** Event #121916   t=481.83621986546   Elapsed: 0.011549s (0m 00s)
     Speed:     ev/sec=1.05601e+07   simsec/sec=41735.3   ev/simsec=253.025
     Messages:  created: 2   present: 2   in FES: 1

<!> Simulation stopped with endSimulation() -- in module (ScheduledAccessQueue) DectScheduledAccessNetwork.queue (id=2), at t=481.83621986546s, event #121916

Calling finish() at end of Run #737...

Preparing for running configuration MonetecFocusedSmallR, run #738...
Scenario: $r=16, $rho=0.035, $repetition=0
Assigned runID=MonetecFocusedSmallR-738-20260930-08:34:31-58
Setting up network "dect2020scheduledaccess.DectScheduledAccessNetwork"...
Initializing...

Running simulation...
** Event #0   t=0   Elapsed: 3e-06s (0m 00s)
     Speed:     ev/sec=0   simsec/sec=0   ev/simsec=0
     Messages:  created: 2   present: 2   in FES: 2
** Event #114282   t=413.014438022316   Elapsed: 0.010837s (0m 00s)
     Speed:     ev/sec=1.05485e+07   simsec/sec=38122.1   ev/simsec=276.702
     Messages:  created: 2   present: 2   in FES: 1

<!> Simulation stopped with endSimulation() -- in module (ScheduledAccessQueue) DectScheduledAccessNetwork.queue (id=2), at t=413.014438022316s, event #114282

Calling finish() at end of Run #738...

Preparing for running configuration MonetecFocusedSmallR, run #739...
Scenario: $r=16, $rho=0.035, $repetition=1
Assigned runID=MonetecFocusedSmallR-739-20260930-08:34:31-58
Setting up network "dect2020scheduledaccess.DectScheduledAccessNetwork"...
Initializing...

Running simulation...
** Event #0   t=0   Elapsed: 3e-06s (0m 00s)
     Speed:     ev/sec=0   simsec/sec=0   ev/simsec=0
     Messages:  created: 2   present: 2   in FES: 2
** Event #114517   t=415.219532711815   Elapsed: 0.010944s (0m 00s)
     Speed:     ev/sec=1.04668e+07   simsec/sec=37950.7   ev/simsec=275.799
     Messages:  created: 2   present: 2   in FES: 1

<!> Simulation stopped with endSimulation() -- in module (ScheduledAccessQueue) DectScheduledAccessNetwork.queue (id=2), at t=415.219532711815s, event #114517

Calling finish() at end of Run #739...

Preparing for running configuration MonetecFocusedSmallR, run #740...
Scenario: $r=16, $rho=0.035, $repetition=2
Assigned runID=MonetecFocusedSmallR-740-20260930-08:34:31-58
Setting up network "dect2020scheduledaccess.DectScheduledAccessNetwork"...
Initializing...

Running simulation...
** Event #0   t=0   Elapsed: 3e-06s (0m 00s)
     Speed:     ev/sec=0   simsec/sec=0   ev/simsec=0
     Messages:  created: 2   present: 2   in FES: 2
** Event #114229   t=412.665104443003   Elapsed: 0.01101s (0m 00s)
     Speed:     ev/sec=1.03779e+07   simsec/sec=37491   ev/simsec=276.809
     Messages:  created: 2   present: 2   in FES: 1

<!> Simulation stopped with endSimulation() -- in module (ScheduledAccessQueue) DectScheduledAccessNetwork.queue (id=2), at t=412.665104443003s, event #114229

Calling finish() at end of Run #740...

Preparing for running configuration MonetecFocusedSmallR, run #741...
Scenario: $r=16, $rho=0.040, $repetition=0
Assigned runID=MonetecFocusedSmallR-741-20260930-08:34:31-58
Setting up network "dect2020scheduledaccess.DectScheduledAccessNetwork"...
Initializing...

Running simulation...
** Event #0   t=0   Elapsed: 3e-06s (0m 00s)
     Speed:     ev/sec=0   simsec/sec=0   ev/simsec=0
     Messages:  created: 2   present: 2   in FES: 2
** Event #108350   t=359.736215941383   Elapsed: 0.01078s (0m 00s)
     Speed:     ev/sec=1.00548e+07   simsec/sec=33383   ev/simsec=301.193
     Messages:  created: 2   present: 2   in FES: 1

<!> Simulation stopped with endSimulation() -- in module (ScheduledAccessQueue) DectScheduledAccessNetwork.queue (id=2), at t=359.736215941383s, event #108350

Calling finish() at end of Run #741...

Preparing for running configuration MonetecFocusedSmallR, run #742...
Scenario: $r=16, $rho=0.040, $repetition=1
Assigned runID=MonetecFocusedSmallR-742-20260930-08:34:31-58
Setting up network "dect2020scheduledaccess.DectScheduledAccessNetwork"...
Initializing...

Running simulation...
** Event #0   t=0   Elapsed: 3e-06s (0m 00s)
     Speed:     ev/sec=0   simsec/sec=0   ev/simsec=0
     Messages:  created: 2   present: 2   in FES: 2
** Event #108853   t=364.208016768478   Elapsed: 0.01046s (0m 00s)
     Speed:     ev/sec=1.04096e+07   simsec/sec=34829.1   ev/simsec=298.876
     Messages:  created: 2   present: 2   in FES: 1

<!> Simulation stopped with endSimulation() -- in module (ScheduledAccessQueue) DectScheduledAccessNetwork.queue (id=2), at t=364.208016768478s, event #108853

Calling finish() at end of Run #742...

Preparing for running configuration MonetecFocusedSmallR, run #743...
Scenario: $r=16, $rho=0.040, $repetition=2
Assigned runID=MonetecFocusedSmallR-743-20260930-08:34:31-58
Setting up network "dect2020scheduledaccess.DectScheduledAccessNetwork"...
Initializing...

Running simulation...
** Event #0   t=0   Elapsed: 3e-06s (0m 00s)
     Speed:     ev/sec=0   simsec/sec=0   ev/simsec=0
     Messages:  created: 2   present: 2   in FES: 2
** Event #108616   t=362.097912083598   Elapsed: 0.010654s (0m 00s)
     Speed:     ev/sec=1.01977e+07   simsec/sec=33996.5   ev/simsec=299.964
     Messages:  created: 2   present: 2   in FES: 1

<!> Simulation stopped with endSimulation() -- in module (ScheduledAccessQueue) DectScheduledAccessNetwork.queue (id=2), at t=362.097912083598s, event #108616

Calling finish() at end of Run #743...

Preparing for running configuration MonetecFocusedSmallR, run #744...
Scenario: $r=16, $rho=0.045, $repetition=0
Assigned runID=MonetecFocusedSmallR-744-20260930-08:34:31-58
Setting up network "dect2020scheduledaccess.DectScheduledAccessNetwork"...
Initializing...

Running simulation...
** Event #0   t=0   Elapsed: 3e-06s (0m 00s)
     Speed:     ev/sec=0   simsec/sec=0   ev/simsec=0
     Messages:  created: 2   present: 2   in FES: 2
** Event #104101   t=321.336691664883   Elapsed: 0.010285s (0m 00s)
     Speed:     ev/sec=1.01246e+07   simsec/sec=31252.3   ev/simsec=323.963
     Messages:  created: 2   present: 2   in FES: 1

<!> Simulation stopped with endSimulation() -- in module (ScheduledAccessQueue) DectScheduledAccessNetwork.queue (id=2), at t=321.336691664883s, event #104101

Calling finish() at end of Run #744...

Preparing for running configuration MonetecFocusedSmallR, run #745...
Scenario: $r=16, $rho=0.045, $repetition=1
Assigned runID=MonetecFocusedSmallR-745-20260930-08:34:31-58
Setting up network "dect2020scheduledaccess.DectScheduledAccessNetwork"...
Initializing...

Running simulation...
** Event #0   t=0   Elapsed: 3e-06s (0m 00s)
     Speed:     ev/sec=0   simsec/sec=0   ev/simsec=0
     Messages:  created: 2   present: 2   in FES: 2
** Event #104322   t=323.44232736058   Elapsed: 0.010206s (0m 00s)
     Speed:     ev/sec=1.02256e+07   simsec/sec=31703.8   ev/simsec=322.537
     Messages:  created: 2   present: 2   in FES: 1

<!> Simulation stopped with endSimulation() -- in module (ScheduledAccessQueue) DectScheduledAccessNetwork.queue (id=2), at t=323.44232736058s, event #104322

Calling finish() at end of Run #745...

Preparing for running configuration MonetecFocusedSmallR, run #746...
Scenario: $r=16, $rho=0.045, $repetition=2
Assigned runID=MonetecFocusedSmallR-746-20260930-08:34:31-58
Setting up network "dect2020scheduledaccess.DectScheduledAccessNetwork"...
Initializing...

Running simulation...
** Event #0   t=0   Elapsed: 3e-06s (0m 00s)
     Speed:     ev/sec=0   simsec/sec=0   ev/simsec=0
     Messages:  created: 2   present: 2   in FES: 2
** Event #104219   t=322.496770614054   Elapsed: 0.010202s (0m 00s)
     Speed:     ev/sec=1.02196e+07   simsec/sec=31623.5   ev/simsec=323.164
     Messages:  created: 2   present: 2   in FES: 1

<!> Simulation stopped with endSimulation() -- in module (ScheduledAccessQueue) DectScheduledAccessNetwork.queue (id=2), at t=322.496770614054s, event #104219

Calling finish() at end of Run #746...

Preparing for running configuration MonetecFocusedSmallR, run #747...
Scenario: $r=16, $rho=0.050, $repetition=0
Assigned runID=MonetecFocusedSmallR-747-20260930-08:34:31-58
Setting up network "dect2020scheduledaccess.DectScheduledAccessNetwork"...
Initializing...

Running simulation...
** Event #0   t=0   Elapsed: 3e-06s (0m 00s)
     Speed:     ev/sec=0   simsec/sec=0   ev/simsec=0
     Messages:  created: 2   present: 2   in FES: 2
** Event #100513   t=289.111265249508   Elapsed: 0.010167s (0m 00s)
     Speed:     ev/sec=9.88912e+06   simsec/sec=28444.6   ev/simsec=347.662
     Messages:  created: 2   present: 2   in FES: 1

<!> Simulation stopped with endSimulation() -- in module (ScheduledAccessQueue) DectScheduledAccessNetwork.queue (id=2), at t=289.111265249508s, event #100513

Calling finish() at end of Run #747...

Preparing for running configuration MonetecFocusedSmallR, run #748...
Scenario: $r=16, $rho=0.050, $repetition=1
Assigned runID=MonetecFocusedSmallR-748-20260930-08:34:31-58
Setting up network "dect2020scheduledaccess.DectScheduledAccessNetwork"...
Initializing...

Running simulation...
** Event #0   t=0   Elapsed: 3e-06s (0m 00s)
     Speed:     ev/sec=0   simsec/sec=0   ev/simsec=0
     Messages:  created: 2   present: 2   in FES: 2
** Event #100760   t=291.378377676616   Elapsed: 0.009835s (0m 00s)
     Speed:     ev/sec=0   simsec/sec=0   ev/simsec=0
     Messages:  created: 2   present: 2   in FES: 1

<!> Simulation stopped with endSimulation() -- in module (ScheduledAccessQueue) DectScheduledAccessNetwork.queue (id=2), at t=291.378377676616s, event #100760

Calling finish() at end of Run #748...

Preparing for running configuration MonetecFocusedSmallR, run #749...
Scenario: $r=16, $rho=0.050, $repetition=2
Assigned runID=MonetecFocusedSmallR-749-20260930-08:34:31-58
Setting up network "dect2020scheduledaccess.DectScheduledAccessNetwork"...
Initializing...

Running simulation...
** Event #0   t=0   Elapsed: 3e-06s (0m 00s)
     Speed:     ev/sec=0   simsec/sec=0   ev/simsec=0
     Messages:  created: 2   present: 2   in FES: 2
** Event #100527   t=289.315340059705   Elapsed: 0.009861s (0m 00s)
     Speed:     ev/sec=0   simsec/sec=0   ev/simsec=0
     Messages:  created: 2   present: 2   in FES: 1

<!> Simulation stopped with endSimulation() -- in module (ScheduledAccessQueue) DectScheduledAccessNetwork.queue (id=2), at t=289.315340059705s, event #100527

Calling finish() at end of Run #749...

Preparing for running configuration MonetecFocusedSmallR, run #750...
Scenario: $r=16, $rho=0.055, $repetition=0
Assigned runID=MonetecFocusedSmallR-750-20260930-08:34:31-58
Setting up network "dect2020scheduledaccess.DectScheduledAccessNetwork"...
Initializing...

Running simulation...
** Event #0   t=0   Elapsed: 3e-06s (0m 00s)
     Speed:     ev/sec=0   simsec/sec=0   ev/simsec=0
     Messages:  created: 2   present: 2   in FES: 2
** Event #97537   t=262.353396802956   Elapsed: 0.009785s (0m 00s)
     Speed:     ev/sec=0   simsec/sec=0   ev/simsec=0
     Messages:  created: 2   present: 2   in FES: 1

<!> Simulation stopped with endSimulation() -- in module (ScheduledAccessQueue) DectScheduledAccessNetwork.queue (id=2), at t=262.353396802956s, event #97537

Calling finish() at end of Run #750...

Preparing for running configuration MonetecFocusedSmallR, run #751...
Scenario: $r=16, $rho=0.055, $repetition=1
Assigned runID=MonetecFocusedSmallR-751-20260930-08:34:31-58
Setting up network "dect2020scheduledaccess.DectScheduledAccessNetwork"...
Initializing...

Running simulation...
** Event #0   t=0   Elapsed: 3e-06s (0m 00s)
     Speed:     ev/sec=0   simsec/sec=0   ev/simsec=0
     Messages:  created: 2   present: 2   in FES: 2
** Event #97607   t=263.075760170299   Elapsed: 0.009881s (0m 00s)
     Speed:     ev/sec=0   simsec/sec=0   ev/simsec=0
     Messages:  created: 2   present: 2   in FES: 1

<!> Simulation stopped with endSimulation() -- in module (ScheduledAccessQueue) DectScheduledAccessNetwork.queue (id=2), at t=263.075760170299s, event #97607

Calling finish() at end of Run #751...

Preparing for running configuration MonetecFocusedSmallR, run #752...
Scenario: $r=16, $rho=0.055, $repetition=2
Assigned runID=MonetecFocusedSmallR-752-20260930-08:34:31-58
Setting up network "dect2020scheduledaccess.DectScheduledAccessNetwork"...
Initializing...

Running simulation...
** Event #0   t=0   Elapsed: 4e-06s (0m 00s)
     Speed:     ev/sec=0   simsec/sec=0   ev/simsec=0
     Messages:  created: 2   present: 2   in FES: 2
** Event #97612   t=263.068771868634   Elapsed: 0.009687s (0m 00s)
     Speed:     ev/sec=0   simsec/sec=0   ev/simsec=0
     Messages:  created: 2   present: 2   in FES: 1

<!> Simulation stopped with endSimulation() -- in module (ScheduledAccessQueue) DectScheduledAccessNetwork.queue (id=2), at t=263.068771868634s, event #97612

Calling finish() at end of Run #752...

Preparing for running configuration MonetecFocusedSmallR, run #753...
Scenario: $r=16, $rho=0.060, $repetition=0
Assigned runID=MonetecFocusedSmallR-753-20260930-08:34:31-58
Setting up network "dect2020scheduledaccess.DectScheduledAccessNetwork"...
Initializing...

Running simulation...
** Event #0   t=0   Elapsed: 3e-06s (0m 00s)
     Speed:     ev/sec=0   simsec/sec=0   ev/simsec=0
     Messages:  created: 2   present: 2   in FES: 2
** Event #95186   t=241.095996167984   Elapsed: 0.009446s (0m 00s)
     Speed:     ev/sec=0   simsec/sec=0   ev/simsec=0
     Messages:  created: 2   present: 2   in FES: 1

<!> Simulation stopped with endSimulation() -- in module (ScheduledAccessQueue) DectScheduledAccessNetwork.queue (id=2), at t=241.095996167984s, event #95186

Calling finish() at end of Run #753...

Preparing for running configuration MonetecFocusedSmallR, run #754...
Scenario: $r=16, $rho=0.060, $repetition=1
Assigned runID=MonetecFocusedSmallR-754-20260930-08:34:31-58
Setting up network "dect2020scheduledaccess.DectScheduledAccessNetwork"...
Initializing...

Running simulation...
** Event #0   t=0   Elapsed: 3e-06s (0m 00s)
     Speed:     ev/sec=0   simsec/sec=0   ev/simsec=0
     Messages:  created: 2   present: 2   in FES: 2
** Event #95415   t=243.223670971039   Elapsed: 0.009754s (0m 00s)
     Speed:     ev/sec=0   simsec/sec=0   ev/simsec=0
     Messages:  created: 2   present: 2   in FES: 1

<!> Simulation stopped with endSimulation() -- in module (ScheduledAccessQueue) DectScheduledAccessNetwork.queue (id=2), at t=243.223670971039s, event #95415

Calling finish() at end of Run #754...

Preparing for running configuration MonetecFocusedSmallR, run #755...
Scenario: $r=16, $rho=0.060, $repetition=2
Assigned runID=MonetecFocusedSmallR-755-20260930-08:34:31-58
Setting up network "dect2020scheduledaccess.DectScheduledAccessNetwork"...
Initializing...

Running simulation...
** Event #0   t=0   Elapsed: 3e-06s (0m 00s)
     Speed:     ev/sec=0   simsec/sec=0   ev/simsec=0
     Messages:  created: 2   present: 2   in FES: 2
** Event #95264   t=241.78062732086   Elapsed: 0.009681s (0m 00s)
     Speed:     ev/sec=0   simsec/sec=0   ev/simsec=0
     Messages:  created: 2   present: 2   in FES: 1

<!> Simulation stopped with endSimulation() -- in module (ScheduledAccessQueue) DectScheduledAccessNetwork.queue (id=2), at t=241.78062732086s, event #95264

Calling finish() at end of Run #755...

Preparing for running configuration MonetecFocusedSmallR, run #756...
Scenario: $r=16, $rho=0.065, $repetition=0
Assigned runID=MonetecFocusedSmallR-756-20260930-08:34:31-58
Setting up network "dect2020scheduledaccess.DectScheduledAccessNetwork"...
Initializing...

Running simulation...
** Event #0   t=0   Elapsed: 3e-06s (0m 00s)
     Speed:     ev/sec=0   simsec/sec=0   ev/simsec=0
     Messages:  created: 2   present: 2   in FES: 2
** Event #93184   t=223.087274062734   Elapsed: 0.009371s (0m 00s)
     Speed:     ev/sec=0   simsec/sec=0   ev/simsec=0
     Messages:  created: 2   present: 2   in FES: 1

<!> Simulation stopped with endSimulation() -- in module (ScheduledAccessQueue) DectScheduledAccessNetwork.queue (id=2), at t=223.087274062734s, event #93184

Calling finish() at end of Run #756...

Preparing for running configuration MonetecFocusedSmallR, run #757...
Scenario: $r=16, $rho=0.065, $repetition=1
Assigned runID=MonetecFocusedSmallR-757-20260930-08:34:31-58
Setting up network "dect2020scheduledaccess.DectScheduledAccessNetwork"...
Initializing...

Running simulation...
** Event #0   t=0   Elapsed: 7e-06s (0m 00s)
     Speed:     ev/sec=0   simsec/sec=0   ev/simsec=0
     Messages:  created: 2   present: 2   in FES: 2
** Event #93239   t=223.659840625214   Elapsed: 0.00932s (0m 00s)
     Speed:     ev/sec=0   simsec/sec=0   ev/simsec=0
     Messages:  created: 2   present: 2   in FES: 1

<!> Simulation stopped with endSimulation() -- in module (ScheduledAccessQueue) DectScheduledAccessNetwork.queue (id=2), at t=223.659840625214s, event #93239

Calling finish() at end of Run #757...

Preparing for running configuration MonetecFocusedSmallR, run #758...
Scenario: $r=16, $rho=0.065, $repetition=2
Assigned runID=MonetecFocusedSmallR-758-20260930-08:34:31-58
Setting up network "dect2020scheduledaccess.DectScheduledAccessNetwork"...
Initializing...

Running simulation...
** Event #0   t=0   Elapsed: 3e-06s (0m 00s)
     Speed:     ev/sec=0   simsec/sec=0   ev/simsec=0
     Messages:  created: 2   present: 2   in FES: 2
** Event #93180   t=223.089433330745   Elapsed: 0.009433s (0m 00s)
     Speed:     ev/sec=0   simsec/sec=0   ev/simsec=0
     Messages:  created: 2   present: 2   in FES: 1

<!> Simulation stopped with endSimulation() -- in module (ScheduledAccessQueue) DectScheduledAccessNetwork.queue (id=2), at t=223.089433330745s, event #93180

Calling finish() at end of Run #758...

Preparing for running configuration MonetecFocusedSmallR, run #759...
Scenario: $r=16, $rho=0.070, $repetition=0
Assigned runID=MonetecFocusedSmallR-759-20260930-08:34:31-58
Setting up network "dect2020scheduledaccess.DectScheduledAccessNetwork"...
Initializing...

Running simulation...
** Event #0   t=0   Elapsed: 3e-06s (0m 00s)
     Speed:     ev/sec=0   simsec/sec=0   ev/simsec=0
     Messages:  created: 2   present: 2   in FES: 2
** Event #91458   t=207.253787745021   Elapsed: 0.009492s (0m 00s)
     Speed:     ev/sec=0   simsec/sec=0   ev/simsec=0
     Messages:  created: 2   present: 2   in FES: 1

<!> Simulation stopped with endSimulation() -- in module (ScheduledAccessQueue) DectScheduledAccessNetwork.queue (id=2), at t=207.253787745021s, event #91458

Calling finish() at end of Run #759...

Preparing for running configuration MonetecFocusedSmallR, run #760...
Scenario: $r=16, $rho=0.070, $repetition=1
Assigned runID=MonetecFocusedSmallR-760-20260930-08:34:31-58
Setting up network "dect2020scheduledaccess.DectScheduledAccessNetwork"...
Initializing...

Running simulation...
** Event #0   t=0   Elapsed: 3e-06s (0m 00s)
     Speed:     ev/sec=0   simsec/sec=0   ev/simsec=0
     Messages:  created: 2   present: 2   in FES: 2
** Event #91499   t=207.840622104411   Elapsed: 0.009185s (0m 00s)
     Speed:     ev/sec=0   simsec/sec=0   ev/simsec=0
     Messages:  created: 2   present: 2   in FES: 1

<!> Simulation stopped with endSimulation() -- in module (ScheduledAccessQueue) DectScheduledAccessNetwork.queue (id=2), at t=207.840622104411s, event #91499

Calling finish() at end of Run #760...

Preparing for running configuration MonetecFocusedSmallR, run #761...
Scenario: $r=16, $rho=0.070, $repetition=2
Assigned runID=MonetecFocusedSmallR-761-20260930-08:34:31-58
Setting up network "dect2020scheduledaccess.DectScheduledAccessNetwork"...
Initializing...

Running simulation...
** Event #0   t=0   Elapsed: 3e-06s (0m 00s)
     Speed:     ev/sec=0   simsec/sec=0   ev/simsec=0
     Messages:  created: 2   present: 2   in FES: 2
** Event #91480   t=207.539980323195   Elapsed: 0.009199s (0m 00s)
     Speed:     ev/sec=0   simsec/sec=0   ev/simsec=0
     Messages:  created: 2   present: 2   in FES: 1

<!> Simulation stopped with endSimulation() -- in module (ScheduledAccessQueue) DectScheduledAccessNetwork.queue (id=2), at t=207.539980323195s, event #91480

Calling finish() at end of Run #761...

Preparing for running configuration MonetecFocusedSmallR, run #762...
Scenario: $r=16, $rho=0.075, $repetition=0
Assigned runID=MonetecFocusedSmallR-762-20260930-08:34:31-58
Setting up network "dect2020scheduledaccess.DectScheduledAccessNetwork"...
Initializing...

Running simulation...
** Event #0   t=0   Elapsed: 3e-06s (0m 00s)
     Speed:     ev/sec=0   simsec/sec=0   ev/simsec=0
     Messages:  created: 2   present: 2   in FES: 2
** Event #90070   t=194.071462548538   Elapsed: 0.009292s (0m 00s)
     Speed:     ev/sec=0   simsec/sec=0   ev/simsec=0
     Messages:  created: 2   present: 2   in FES: 1

<!> Simulation stopped with endSimulation() -- in module (ScheduledAccessQueue) DectScheduledAccessNetwork.queue (id=2), at t=194.071462548538s, event #90070

Calling finish() at end of Run #762...

Preparing for running configuration MonetecFocusedSmallR, run #763...
Scenario: $r=16, $rho=0.075, $repetition=1
Assigned runID=MonetecFocusedSmallR-763-20260930-08:34:31-58
Setting up network "dect2020scheduledaccess.DectScheduledAccessNetwork"...
Initializing...

Running simulation...
** Event #0   t=0   Elapsed: 4e-06s (0m 00s)
     Speed:     ev/sec=0   simsec/sec=0   ev/simsec=0
     Messages:  created: 2   present: 2   in FES: 2
** Event #90065   t=193.889839460071   Elapsed: 0.009103s (0m 00s)
     Speed:     ev/sec=0   simsec/sec=0   ev/simsec=0
     Messages:  created: 2   present: 2   in FES: 1

<!> Simulation stopped with endSimulation() -- in module (ScheduledAccessQueue) DectScheduledAccessNetwork.queue (id=2), at t=193.889839460071s, event #90065

Calling finish() at end of Run #763...

Preparing for running configuration MonetecFocusedSmallR, run #764...
Scenario: $r=16, $rho=0.075, $repetition=2
Assigned runID=MonetecFocusedSmallR-764-20260930-08:34:31-58
Setting up network "dect2020scheduledaccess.DectScheduledAccessNetwork"...
Initializing...

Running simulation...
** Event #0   t=0   Elapsed: 3e-06s (0m 00s)
     Speed:     ev/sec=0   simsec/sec=0   ev/simsec=0
     Messages:  created: 2   present: 2   in FES: 2
** Event #90184   t=194.829097453105   Elapsed: 0.00907s (0m 00s)
     Speed:     ev/sec=0   simsec/sec=0   ev/simsec=0
     Messages:  created: 2   present: 2   in FES: 1

<!> Simulation stopped with endSimulation() -- in module (ScheduledAccessQueue) DectScheduledAccessNetwork.queue (id=2), at t=194.829097453105s, event #90184

Calling finish() at end of Run #764...

Preparing for running configuration MonetecFocusedSmallR, run #765...
Scenario: $r=16, $rho=0.080, $repetition=0
Assigned runID=MonetecFocusedSmallR-765-20260930-08:34:31-58
Setting up network "dect2020scheduledaccess.DectScheduledAccessNetwork"...
Initializing...

Running simulation...
** Event #0   t=0   Elapsed: 3e-06s (0m 00s)
     Speed:     ev/sec=0   simsec/sec=0   ev/simsec=0
     Messages:  created: 2   present: 2   in FES: 2
** Event #89343   t=184.185776476407   Elapsed: 0.009225s (0m 00s)
     Speed:     ev/sec=0   simsec/sec=0   ev/simsec=0
     Messages:  created: 2   present: 2   in FES: 1

<!> Simulation stopped with endSimulation() -- in module (ScheduledAccessQueue) DectScheduledAccessNetwork.queue (id=2), at t=184.185776476407s, event #89343

Calling finish() at end of Run #765...

Preparing for running configuration MonetecFocusedSmallR, run #766...
Scenario: $r=16, $rho=0.080, $repetition=1
Assigned runID=MonetecFocusedSmallR-766-20260930-08:34:31-58
Setting up network "dect2020scheduledaccess.DectScheduledAccessNetwork"...
Initializing...

Running simulation...
** Event #0   t=0   Elapsed: 3e-06s (0m 00s)
     Speed:     ev/sec=0   simsec/sec=0   ev/simsec=0
     Messages:  created: 2   present: 2   in FES: 2
** Event #89185   t=183.277140196731   Elapsed: 0.009042s (0m 00s)
     Speed:     ev/sec=0   simsec/sec=0   ev/simsec=0
     Messages:  created: 2   present: 2   in FES: 1

<!> Simulation stopped with endSimulation() -- in module (ScheduledAccessQueue) DectScheduledAccessNetwork.queue (id=2), at t=183.277140196731s, event #89185

Calling finish() at end of Run #766...

Preparing for running configuration MonetecFocusedSmallR, run #767...
Scenario: $r=16, $rho=0.080, $repetition=2
Assigned runID=MonetecFocusedSmallR-767-20260930-08:34:31-58
Setting up network "dect2020scheduledaccess.DectScheduledAccessNetwork"...
Initializing...

Running simulation...
** Event #0   t=0   Elapsed: 4e-06s (0m 00s)
     Speed:     ev/sec=0   simsec/sec=0   ev/simsec=0
     Messages:  created: 2   present: 2   in FES: 2
** Event #89306   t=183.337775640867   Elapsed: 0.00921s (0m 00s)
     Speed:     ev/sec=0   simsec/sec=0   ev/simsec=0
     Messages:  created: 2   present: 2   in FES: 1

<!> Simulation stopped with endSimulation() -- in module (ScheduledAccessQueue) DectScheduledAccessNetwork.queue (id=2), at t=183.337775640867s, event #89306

Calling finish() at end of Run #767...

Preparing for running configuration MonetecFocusedSmallR, run #768...
Scenario: $r=16, $rho=0.085, $repetition=0
Assigned runID=MonetecFocusedSmallR-768-20260930-08:34:31-58
Setting up network "dect2020scheduledaccess.DectScheduledAccessNetwork"...
Initializing...

Running simulation...
** Event #0   t=0   Elapsed: 3e-06s (0m 00s)
     Speed:     ev/sec=0   simsec/sec=0   ev/simsec=0
     Messages:  created: 2   present: 2   in FES: 2
** Event #89468   t=176.452864484895   Elapsed: 0.010101s (0m 00s)
     Speed:     ev/sec=8.86085e+06   simsec/sec=17475.7   ev/simsec=507.038
     Messages:  created: 2   present: 2   in FES: 1

<!> Simulation stopped with endSimulation() -- in module (ScheduledAccessQueue) DectScheduledAccessNetwork.queue (id=2), at t=176.452864484895s, event #89468

Calling finish() at end of Run #768...

Preparing for running configuration MonetecFocusedSmallR, run #769...
Scenario: $r=16, $rho=0.085, $repetition=1
Assigned runID=MonetecFocusedSmallR-769-20260930-08:34:31-58
Setting up network "dect2020scheduledaccess.DectScheduledAccessNetwork"...
Initializing...

Running simulation...
** Event #0   t=0   Elapsed: 3e-06s (0m 00s)
     Speed:     ev/sec=0   simsec/sec=0   ev/simsec=0
     Messages:  created: 2   present: 2   in FES: 2
** Event #89300   t=177.40182975441   Elapsed: 0.009266s (0m 00s)
     Speed:     ev/sec=0   simsec/sec=0   ev/simsec=0
     Messages:  created: 2   present: 2   in FES: 1

<!> Simulation stopped with endSimulation() -- in module (ScheduledAccessQueue) DectScheduledAccessNetwork.queue (id=2), at t=177.40182975441s, event #89300

Calling finish() at end of Run #769...

Preparing for running configuration MonetecFocusedSmallR, run #770...
Scenario: $r=16, $rho=0.085, $repetition=2
Assigned runID=MonetecFocusedSmallR-770-20260930-08:34:31-58
Setting up network "dect2020scheduledaccess.DectScheduledAccessNetwork"...
Initializing...

Running simulation...
** Event #0   t=0   Elapsed: 3e-06s (0m 00s)
     Speed:     ev/sec=0   simsec/sec=0   ev/simsec=0
     Messages:  created: 2   present: 2   in FES: 2
** Event #89507   t=177.948063485516   Elapsed: 0.009285s (0m 00s)
     Speed:     ev/sec=0   simsec/sec=0   ev/simsec=0
     Messages:  created: 2   present: 2   in FES: 1

<!> Simulation stopped with endSimulation() -- in module (ScheduledAccessQueue) DectScheduledAccessNetwork.queue (id=2), at t=177.948063485516s, event #89507

Calling finish() at end of Run #770...

Preparing for running configuration MonetecFocusedSmallR, run #771...
Scenario: $r=16, $rho=0.090, $repetition=0
Assigned runID=MonetecFocusedSmallR-771-20260930-08:34:31-58
Setting up network "dect2020scheduledaccess.DectScheduledAccessNetwork"...
Initializing...

Running simulation...
** Event #0   t=0   Elapsed: 3e-06s (0m 00s)
     Speed:     ev/sec=0   simsec/sec=0   ev/simsec=0
     Messages:  created: 2   present: 2   in FES: 2
** Event #90588   t=173.65524849195   Elapsed: 0.009231s (0m 00s)
     Speed:     ev/sec=0   simsec/sec=0   ev/simsec=0
     Messages:  created: 2   present: 2   in FES: 1

<!> Simulation stopped with endSimulation() -- in module (ScheduledAccessQueue) DectScheduledAccessNetwork.queue (id=2), at t=173.65524849195s, event #90588

Calling finish() at end of Run #771...

Preparing for running configuration MonetecFocusedSmallR, run #772...
Scenario: $r=16, $rho=0.090, $repetition=1
Assigned runID=MonetecFocusedSmallR-772-20260930-08:34:31-58
Setting up network "dect2020scheduledaccess.DectScheduledAccessNetwork"...
Initializing...

Running simulation...
** Event #0   t=0   Elapsed: 4e-06s (0m 00s)
     Speed:     ev/sec=0   simsec/sec=0   ev/simsec=0
     Messages:  created: 2   present: 2   in FES: 2
** Event #90334   t=173.554841524397   Elapsed: 0.009271s (0m 00s)
     Speed:     ev/sec=0   simsec/sec=0   ev/simsec=0
     Messages:  created: 2   present: 2   in FES: 1

<!> Simulation stopped with endSimulation() -- in module (ScheduledAccessQueue) DectScheduledAccessNetwork.queue (id=2), at t=173.554841524397s, event #90334

Calling finish() at end of Run #772...

Preparing for running configuration MonetecFocusedSmallR, run #773...
Scenario: $r=16, $rho=0.090, $repetition=2
Assigned runID=MonetecFocusedSmallR-773-20260930-08:34:31-58
Setting up network "dect2020scheduledaccess.DectScheduledAccessNetwork"...
Initializing...

Running simulation...
** Event #0   t=0   Elapsed: 3e-06s (0m 00s)
     Speed:     ev/sec=0   simsec/sec=0   ev/simsec=0
     Messages:  created: 2   present: 2   in FES: 2
** Event #90501   t=174.045532455557   Elapsed: 0.00933s (0m 00s)
     Speed:     ev/sec=0   simsec/sec=0   ev/simsec=0
     Messages:  created: 2   present: 2   in FES: 1

<!> Simulation stopped with endSimulation() -- in module (ScheduledAccessQueue) DectScheduledAccessNetwork.queue (id=2), at t=174.045532455557s, event #90501

Calling finish() at end of Run #773...

Preparing for running configuration MonetecFocusedSmallR, run #774...
Scenario: $r=16, $rho=0.095, $repetition=0
Assigned runID=MonetecFocusedSmallR-774-20260930-08:34:31-58
Setting up network "dect2020scheduledaccess.DectScheduledAccessNetwork"...
Initializing...

Running simulation...
** Event #0   t=0   Elapsed: 4e-06s (0m 00s)
     Speed:     ev/sec=0   simsec/sec=0   ev/simsec=0
     Messages:  created: 2   present: 2   in FES: 2
** Event #92067   t=172.495193004148   Elapsed: 0.009544s (0m 00s)
     Speed:     ev/sec=0   simsec/sec=0   ev/simsec=0
     Messages:  created: 2   present: 2   in FES: 1

<!> Simulation stopped with endSimulation() -- in module (ScheduledAccessQueue) DectScheduledAccessNetwork.queue (id=2), at t=172.495193004148s, event #92067

Calling finish() at end of Run #774...

Preparing for running configuration MonetecFocusedSmallR, run #775...
Scenario: $r=16, $rho=0.095, $repetition=1
Assigned runID=MonetecFocusedSmallR-775-20260930-08:34:31-58
Setting up network "dect2020scheduledaccess.DectScheduledAccessNetwork"...
Initializing...

Running simulation...
** Event #0   t=0   Elapsed: 3e-06s (0m 00s)
     Speed:     ev/sec=0   simsec/sec=0   ev/simsec=0
     Messages:  created: 2   present: 2   in FES: 2
** Event #92044   t=172.50753518847   Elapsed: 0.009429s (0m 00s)
     Speed:     ev/sec=0   simsec/sec=0   ev/simsec=0
     Messages:  created: 2   present: 2   in FES: 1

<!> Simulation stopped with endSimulation() -- in module (ScheduledAccessQueue) DectScheduledAccessNetwork.queue (id=2), at t=172.50753518847s, event #92044

Calling finish() at end of Run #775...

Preparing for running configuration MonetecFocusedSmallR, run #776...
Scenario: $r=16, $rho=0.095, $repetition=2
Assigned runID=MonetecFocusedSmallR-776-20260930-08:34:31-58
Setting up network "dect2020scheduledaccess.DectScheduledAccessNetwork"...
Initializing...

Running simulation...
** Event #0   t=0   Elapsed: 3e-06s (0m 00s)
     Speed:     ev/sec=0   simsec/sec=0   ev/simsec=0
     Messages:  created: 2   present: 2   in FES: 2
** Event #92095   t=172.706898178262   Elapsed: 0.00936s (0m 00s)
     Speed:     ev/sec=0   simsec/sec=0   ev/simsec=0
     Messages:  created: 2   present: 2   in FES: 1

<!> Simulation stopped with endSimulation() -- in module (ScheduledAccessQueue) DectScheduledAccessNetwork.queue (id=2), at t=172.706898178262s, event #92095

Calling finish() at end of Run #776...

Preparing for running configuration MonetecFocusedSmallR, run #777...
Scenario: $r=16, $rho=0.100, $repetition=0
Assigned runID=MonetecFocusedSmallR-777-20260930-08:34:31-58
Setting up network "dect2020scheduledaccess.DectScheduledAccessNetwork"...
Initializing...

Running simulation...
** Event #0   t=0   Elapsed: 2e-06s (0m 00s)
     Speed:     ev/sec=0   simsec/sec=0   ev/simsec=0
     Messages:  created: 2   present: 2   in FES: 2
** Event #93928   t=172.054480280293   Elapsed: 0.009639s (0m 00s)
     Speed:     ev/sec=0   simsec/sec=0   ev/simsec=0
     Messages:  created: 2   present: 2   in FES: 1

<!> Simulation stopped with endSimulation() -- in module (ScheduledAccessQueue) DectScheduledAccessNetwork.queue (id=2), at t=172.054480280293s, event #93928

Calling finish() at end of Run #777...

Preparing for running configuration MonetecFocusedSmallR, run #778...
Scenario: $r=16, $rho=0.100, $repetition=1
Assigned runID=MonetecFocusedSmallR-778-20260930-08:34:31-58
Setting up network "dect2020scheduledaccess.DectScheduledAccessNetwork"...
Initializing...

Running simulation...
** Event #0   t=0   Elapsed: 3e-06s (0m 00s)
     Speed:     ev/sec=0   simsec/sec=0   ev/simsec=0
     Messages:  created: 2   present: 2   in FES: 2
** Event #94130   t=172.327401395489   Elapsed: 0.009592s (0m 00s)
     Speed:     ev/sec=0   simsec/sec=0   ev/simsec=0
     Messages:  created: 2   present: 2   in FES: 1

<!> Simulation stopped with endSimulation() -- in module (ScheduledAccessQueue) DectScheduledAccessNetwork.queue (id=2), at t=172.327401395489s, event #94130

Calling finish() at end of Run #778...

Preparing for running configuration MonetecFocusedSmallR, run #779...
Scenario: $r=16, $rho=0.100, $repetition=2
Assigned runID=MonetecFocusedSmallR-779-20260930-08:34:31-58
Setting up network "dect2020scheduledaccess.DectScheduledAccessNetwork"...
Initializing...

Running simulation...
** Event #0   t=0   Elapsed: 4e-06s (0m 00s)
     Speed:     ev/sec=0   simsec/sec=0   ev/simsec=0
     Messages:  created: 2   present: 2   in FES: 2
** Event #93696   t=172.142834075693   Elapsed: 0.009653s (0m 00s)
     Speed:     ev/sec=0   simsec/sec=0   ev/simsec=0
     Messages:  created: 2   present: 2   in FES: 1

<!> Simulation stopped with endSimulation() -- in module (ScheduledAccessQueue) DectScheduledAccessNetwork.queue (id=2), at t=172.142834075693s, event #93696

Calling finish() at end of Run #779...

Preparing for running configuration MonetecFocusedSmallR, run #780...
Scenario: $r=16, $rho=0.105, $repetition=0
Assigned runID=MonetecFocusedSmallR-780-20260930-08:34:31-58
Setting up network "dect2020scheduledaccess.DectScheduledAccessNetwork"...
Initializing...

Running simulation...
** Event #0   t=0   Elapsed: 3e-06s (0m 00s)
     Speed:     ev/sec=0   simsec/sec=0   ev/simsec=0
     Messages:  created: 2   present: 2   in FES: 2
** Event #96000   t=172.033621752082   Elapsed: 0.009835s (0m 00s)
     Speed:     ev/sec=0   simsec/sec=0   ev/simsec=0
     Messages:  created: 2   present: 2   in FES: 1

<!> Simulation stopped with endSimulation() -- in module (ScheduledAccessQueue) DectScheduledAccessNetwork.queue (id=2), at t=172.033621752082s, event #96000

Calling finish() at end of Run #780...

Preparing for running configuration MonetecFocusedSmallR, run #781...
Scenario: $r=16, $rho=0.105, $repetition=1
Assigned runID=MonetecFocusedSmallR-781-20260930-08:34:31-58
Setting up network "dect2020scheduledaccess.DectScheduledAccessNetwork"...
Initializing...

Running simulation...
** Event #0   t=0   Elapsed: 3e-06s (0m 00s)
     Speed:     ev/sec=0   simsec/sec=0   ev/simsec=0
     Messages:  created: 2   present: 2   in FES: 2
** Event #96055   t=172.196523030567   Elapsed: 0.009798s (0m 00s)
     Speed:     ev/sec=0   simsec/sec=0   ev/simsec=0
     Messages:  created: 2   present: 2   in FES: 1

<!> Simulation stopped with endSimulation() -- in module (ScheduledAccessQueue) DectScheduledAccessNetwork.queue (id=2), at t=172.196523030567s, event #96055

Calling finish() at end of Run #781...

Preparing for running configuration MonetecFocusedSmallR, run #782...
Scenario: $r=16, $rho=0.105, $repetition=2
Assigned runID=MonetecFocusedSmallR-782-20260930-08:34:31-58
Setting up network "dect2020scheduledaccess.DectScheduledAccessNetwork"...
Initializing...

Running simulation...
** Event #0   t=0   Elapsed: 3e-06s (0m 00s)
     Speed:     ev/sec=0   simsec/sec=0   ev/simsec=0
     Messages:  created: 2   present: 2   in FES: 2
** Event #95741   t=172.050413740855   Elapsed: 0.009756s (0m 00s)
     Speed:     ev/sec=0   simsec/sec=0   ev/simsec=0
     Messages:  created: 2   present: 2   in FES: 1

<!> Simulation stopped with endSimulation() -- in module (ScheduledAccessQueue) DectScheduledAccessNetwork.queue (id=2), at t=172.050413740855s, event #95741

Calling finish() at end of Run #782...

Preparing for running configuration MonetecFocusedSmallR, run #783...
Scenario: $r=16, $rho=0.110, $repetition=0
Assigned runID=MonetecFocusedSmallR-783-20260930-08:34:31-58
Setting up network "dect2020scheduledaccess.DectScheduledAccessNetwork"...
Initializing...

Running simulation...
** Event #0   t=0   Elapsed: 3e-06s (0m 00s)
     Speed:     ev/sec=0   simsec/sec=0   ev/simsec=0
     Messages:  created: 2   present: 2   in FES: 2
** Event #97974   t=172.009744957992   Elapsed: 0.010055s (0m 00s)
     Speed:     ev/sec=9.74672e+06   simsec/sec=17111.9   ev/simsec=569.587
     Messages:  created: 2   present: 2   in FES: 1

<!> Simulation stopped with endSimulation() -- in module (ScheduledAccessQueue) DectScheduledAccessNetwork.queue (id=2), at t=172.009744957992s, event #97974

Calling finish() at end of Run #783...

Preparing for running configuration MonetecFocusedSmallR, run #784...
Scenario: $r=16, $rho=0.110, $repetition=1
Assigned runID=MonetecFocusedSmallR-784-20260930-08:34:31-58
Setting up network "dect2020scheduledaccess.DectScheduledAccessNetwork"...
Initializing...

Running simulation...
** Event #0   t=0   Elapsed: 3e-06s (0m 00s)
     Speed:     ev/sec=0   simsec/sec=0   ev/simsec=0
     Messages:  created: 2   present: 2   in FES: 2
** Event #98100   t=172.178999552678   Elapsed: 0.00998s (0m 00s)
     Speed:     ev/sec=0   simsec/sec=0   ev/simsec=0
     Messages:  created: 2   present: 2   in FES: 1

<!> Simulation stopped with endSimulation() -- in module (ScheduledAccessQueue) DectScheduledAccessNetwork.queue (id=2), at t=172.178999552678s, event #98100

Calling finish() at end of Run #784...

Preparing for running configuration MonetecFocusedSmallR, run #785...
Scenario: $r=16, $rho=0.110, $repetition=2
Assigned runID=MonetecFocusedSmallR-785-20260930-08:34:31-58
Setting up network "dect2020scheduledaccess.DectScheduledAccessNetwork"...
Initializing...

Running simulation...
** Event #0   t=0   Elapsed: 3e-06s (0m 00s)
     Speed:     ev/sec=0   simsec/sec=0   ev/simsec=0
     Messages:  created: 2   present: 2   in FES: 2
** Event #97937   t=172.102317523283   Elapsed: 0.010004s (0m 00s)
     Speed:     ev/sec=9.79272e+06   simsec/sec=17208.5   ev/simsec=569.063
     Messages:  created: 2   present: 2   in FES: 1

<!> Simulation stopped with endSimulation() -- in module (ScheduledAccessQueue) DectScheduledAccessNetwork.queue (id=2), at t=172.102317523283s, event #97937

Calling finish() at end of Run #785...

Preparing for running configuration MonetecFocusedSmallR, run #786...
Scenario: $r=16, $rho=0.115, $repetition=0
Assigned runID=MonetecFocusedSmallR-786-20260930-08:34:31-58
Setting up network "dect2020scheduledaccess.DectScheduledAccessNetwork"...
Initializing...

Running simulation...
** Event #0   t=0   Elapsed: 3e-06s (0m 00s)
     Speed:     ev/sec=0   simsec/sec=0   ev/simsec=0
     Messages:  created: 2   present: 2   in FES: 2
** Event #100134   t=172.032441097954   Elapsed: 0.010178s (0m 00s)
     Speed:     ev/sec=9.84118e+06   simsec/sec=16907.4   ev/simsec=582.065
     Messages:  created: 2   present: 2   in FES: 1

<!> Simulation stopped with endSimulation() -- in module (ScheduledAccessQueue) DectScheduledAccessNetwork.queue (id=2), at t=172.032441097954s, event #100134

Calling finish() at end of Run #786...

Preparing for running configuration MonetecFocusedSmallR, run #787...
Scenario: $r=16, $rho=0.115, $repetition=1
Assigned runID=MonetecFocusedSmallR-787-20260930-08:34:31-58
Setting up network "dect2020scheduledaccess.DectScheduledAccessNetwork"...
Initializing...

Running simulation...
** Event #0   t=0   Elapsed: 3e-06s (0m 00s)
     Speed:     ev/sec=0   simsec/sec=0   ev/simsec=0
     Messages:  created: 2   present: 2   in FES: 2
** Event #100092   t=172.158681172505   Elapsed: 0.01027s (0m 00s)
     Speed:     ev/sec=9.7489e+06   simsec/sec=16768.2   ev/simsec=581.394
     Messages:  created: 2   present: 2   in FES: 1

<!> Simulation stopped with endSimulation() -- in module (ScheduledAccessQueue) DectScheduledAccessNetwork.queue (id=2), at t=172.158681172505s, event #100092

Calling finish() at end of Run #787...

Preparing for running configuration MonetecFocusedSmallR, run #788...
Scenario: $r=16, $rho=0.115, $repetition=2
Assigned runID=MonetecFocusedSmallR-788-20260930-08:34:32-58
Setting up network "dect2020scheduledaccess.DectScheduledAccessNetwork"...
Initializing...

Running simulation...
** Event #0   t=0   Elapsed: 3e-06s (0m 00s)
     Speed:     ev/sec=0   simsec/sec=0   ev/simsec=0
     Messages:  created: 2   present: 2   in FES: 2
** Event #99911   t=172.091107250022   Elapsed: 0.010239s (0m 00s)
     Speed:     ev/sec=9.76075e+06   simsec/sec=16812.3   ev/simsec=580.572
     Messages:  created: 2   present: 2   in FES: 1

<!> Simulation stopped with endSimulation() -- in module (ScheduledAccessQueue) DectScheduledAccessNetwork.queue (id=2), at t=172.091107250022s, event #99911

Calling finish() at end of Run #788...

Preparing for running configuration MonetecFocusedSmallR, run #789...
Scenario: $r=16, $rho=0.120, $repetition=0
Assigned runID=MonetecFocusedSmallR-789-20260930-08:34:32-58
Setting up network "dect2020scheduledaccess.DectScheduledAccessNetwork"...
Initializing...

Running simulation...
** Event #0   t=0   Elapsed: 3e-06s (0m 00s)
     Speed:     ev/sec=0   simsec/sec=0   ev/simsec=0
     Messages:  created: 2   present: 2   in FES: 2
** Event #102444   t=172.158429032316   Elapsed: 0.010561s (0m 00s)
     Speed:     ev/sec=9.70389e+06   simsec/sec=16307.5   ev/simsec=595.058
     Messages:  created: 2   present: 2   in FES: 1

<!> Simulation stopped with endSimulation() -- in module (ScheduledAccessQueue) DectScheduledAccessNetwork.queue (id=2), at t=172.158429032316s, event #102444

Calling finish() at end of Run #789...

Preparing for running configuration MonetecFocusedSmallR, run #790...
Scenario: $r=16, $rho=0.120, $repetition=1
Assigned runID=MonetecFocusedSmallR-790-20260930-08:34:32-58
Setting up network "dect2020scheduledaccess.DectScheduledAccessNetwork"...
Initializing...

Running simulation...
** Event #0   t=0   Elapsed: 3e-06s (0m 00s)
     Speed:     ev/sec=0   simsec/sec=0   ev/simsec=0
     Messages:  created: 2   present: 2   in FES: 2
** Event #102255   t=172.184191916311   Elapsed: 0.010426s (0m 00s)
     Speed:     ev/sec=9.81052e+06   simsec/sec=16519.6   ev/simsec=593.871
     Messages:  created: 2   present: 2   in FES: 1

<!> Simulation stopped with endSimulation() -- in module (ScheduledAccessQueue) DectScheduledAccessNetwork.queue (id=2), at t=172.184191916311s, event #102255

Calling finish() at end of Run #790...

Preparing for running configuration MonetecFocusedSmallR, run #791...
Scenario: $r=16, $rho=0.120, $repetition=2
Assigned runID=MonetecFocusedSmallR-791-20260930-08:34:32-58
Setting up network "dect2020scheduledaccess.DectScheduledAccessNetwork"...
Initializing...

Running simulation...
** Event #0   t=0   Elapsed: 3e-06s (0m 00s)
     Speed:     ev/sec=0   simsec/sec=0   ev/simsec=0
     Messages:  created: 2   present: 2   in FES: 2
** Event #102031   t=172.092182556512   Elapsed: 0.010485s (0m 00s)
     Speed:     ev/sec=9.73485e+06   simsec/sec=16419.4   ev/simsec=592.887
     Messages:  created: 2   present: 2   in FES: 1

<!> Simulation stopped with endSimulation() -- in module (ScheduledAccessQueue) DectScheduledAccessNetwork.queue (id=2), at t=172.092182556512s, event #102031

Calling finish() at end of Run #791...

Preparing for running configuration MonetecFocusedSmallR, run #792...
Scenario: $r=16, $rho=0.125, $repetition=0
Assigned runID=MonetecFocusedSmallR-792-20260930-08:34:32-58
Setting up network "dect2020scheduledaccess.DectScheduledAccessNetwork"...
Initializing...

Running simulation...
** Event #0   t=0   Elapsed: 4e-06s (0m 00s)
     Speed:     ev/sec=0   simsec/sec=0   ev/simsec=0
     Messages:  created: 2   present: 2   in FES: 2
** Event #104426   t=172.080406855892   Elapsed: 0.010592s (0m 00s)
     Speed:     ev/sec=9.86174e+06   simsec/sec=16250.9   ev/simsec=606.844
     Messages:  created: 2   present: 2   in FES: 1

<!> Simulation stopped with endSimulation() -- in module (ScheduledAccessQueue) DectScheduledAccessNetwork.queue (id=2), at t=172.080406855892s, event #104426

Calling finish() at end of Run #792...

Preparing for running configuration MonetecFocusedSmallR, run #793...
Scenario: $r=16, $rho=0.125, $repetition=1
Assigned runID=MonetecFocusedSmallR-793-20260930-08:34:32-58
Setting up network "dect2020scheduledaccess.DectScheduledAccessNetwork"...
Initializing...

Running simulation...
** Event #0   t=0   Elapsed: 3e-06s (0m 00s)
     Speed:     ev/sec=0   simsec/sec=0   ev/simsec=0
     Messages:  created: 2   present: 2   in FES: 2
** Event #104405   t=172.238275345428   Elapsed: 0.010625s (0m 00s)
     Speed:     ev/sec=9.82913e+06   simsec/sec=16215.1   ev/simsec=606.171
     Messages:  created: 2   present: 2   in FES: 1

<!> Simulation stopped with endSimulation() -- in module (ScheduledAccessQueue) DectScheduledAccessNetwork.queue (id=2), at t=172.238275345428s, event #104405

Calling finish() at end of Run #793...

Preparing for running configuration MonetecFocusedSmallR, run #794...
Scenario: $r=16, $rho=0.125, $repetition=2
Assigned runID=MonetecFocusedSmallR-794-20260930-08:34:32-58
Setting up network "dect2020scheduledaccess.DectScheduledAccessNetwork"...
Initializing...

Running simulation...
** Event #0   t=0   Elapsed: 3e-06s (0m 00s)
     Speed:     ev/sec=0   simsec/sec=0   ev/simsec=0
     Messages:  created: 2   present: 2   in FES: 2
** Event #104004   t=172.048881047354   Elapsed: 0.010573s (0m 00s)
     Speed:     ev/sec=9.84048e+06   simsec/sec=16278.6   ev/simsec=604.504
     Messages:  created: 2   present: 2   in FES: 1

<!> Simulation stopped with endSimulation() -- in module (ScheduledAccessQueue) DectScheduledAccessNetwork.queue (id=2), at t=172.048881047354s, event #104004

Calling finish() at end of Run #794...

Preparing for running configuration MonetecFocusedSmallR, run #795...
Scenario: $r=16, $rho=0.130, $repetition=0
Assigned runID=MonetecFocusedSmallR-795-20260930-08:34:32-58
Setting up network "dect2020scheduledaccess.DectScheduledAccessNetwork"...
Initializing...

Running simulation...
** Event #0   t=0   Elapsed: 3e-06s (0m 00s)
     Speed:     ev/sec=0   simsec/sec=0   ev/simsec=0
     Messages:  created: 2   present: 2   in FES: 2
** Event #106420   t=172.063859958807   Elapsed: 0.010868s (0m 00s)
     Speed:     ev/sec=9.79475e+06   simsec/sec=15836.5   ev/simsec=618.493
     Messages:  created: 2   present: 2   in FES: 1

<!> Simulation stopped with endSimulation() -- in module (ScheduledAccessQueue) DectScheduledAccessNetwork.queue (id=2), at t=172.063859958807s, event #106420

Calling finish() at end of Run #795...

Preparing for running configuration MonetecFocusedSmallR, run #796...
Scenario: $r=16, $rho=0.130, $repetition=1
Assigned runID=MonetecFocusedSmallR-796-20260930-08:34:32-58
Setting up network "dect2020scheduledaccess.DectScheduledAccessNetwork"...
Initializing...

Running simulation...
** Event #0   t=0   Elapsed: 3e-06s (0m 00s)
     Speed:     ev/sec=0   simsec/sec=0   ev/simsec=0
     Messages:  created: 2   present: 2   in FES: 2
** Event #106574   t=172.267401444952   Elapsed: 0.010832s (0m 00s)
     Speed:     ev/sec=9.84154e+06   simsec/sec=15907.8   ev/simsec=618.66
     Messages:  created: 2   present: 2   in FES: 1

<!> Simulation stopped with endSimulation() -- in module (ScheduledAccessQueue) DectScheduledAccessNetwork.queue (id=2), at t=172.267401444952s, event #106574

Calling finish() at end of Run #796...

Preparing for running configuration MonetecFocusedSmallR, run #797...
Scenario: $r=16, $rho=0.130, $repetition=2
Assigned runID=MonetecFocusedSmallR-797-20260930-08:34:32-58
Setting up network "dect2020scheduledaccess.DectScheduledAccessNetwork"...
Initializing...

Running simulation...
** Event #0   t=0   Elapsed: 3e-06s (0m 00s)
     Speed:     ev/sec=0   simsec/sec=0   ev/simsec=0
     Messages:  created: 2   present: 2   in FES: 2
** Event #106264   t=172.109347222845   Elapsed: 0.010801s (0m 00s)
     Speed:     ev/sec=9.84108e+06   simsec/sec=15939   ev/simsec=617.423
     Messages:  created: 2   present: 2   in FES: 1

<!> Simulation stopped with endSimulation() -- in module (ScheduledAccessQueue) DectScheduledAccessNetwork.queue (id=2), at t=172.109347222845s, event #106264

Calling finish() at end of Run #797...

Preparing for running configuration MonetecFocusedSmallR, run #798...
Scenario: $r=16, $rho=0.135, $repetition=0
Assigned runID=MonetecFocusedSmallR-798-20260930-08:34:32-58
Setting up network "dect2020scheduledaccess.DectScheduledAccessNetwork"...
Initializing...

Running simulation...
** Event #0   t=0   Elapsed: 3e-06s (0m 00s)
     Speed:     ev/sec=0   simsec/sec=0   ev/simsec=0
     Messages:  created: 2   present: 2   in FES: 2
** Event #108613   t=172.096240667418   Elapsed: 0.011121s (0m 00s)
     Speed:     ev/sec=9.76911e+06   simsec/sec=15479.1   ev/simsec=631.118
     Messages:  created: 2   present: 2   in FES: 1

<!> Simulation stopped with endSimulation() -- in module (ScheduledAccessQueue) DectScheduledAccessNetwork.queue (id=2), at t=172.096240667418s, event #108613

Calling finish() at end of Run #798...

Preparing for running configuration MonetecFocusedSmallR, run #799...
Scenario: $r=16, $rho=0.135, $repetition=1
Assigned runID=MonetecFocusedSmallR-799-20260930-08:34:32-58
Setting up network "dect2020scheduledaccess.DectScheduledAccessNetwork"...
Initializing...

Running simulation...
** Event #0   t=0   Elapsed: 3e-06s (0m 00s)
     Speed:     ev/sec=0   simsec/sec=0   ev/simsec=0
     Messages:  created: 2   present: 2   in FES: 2
** Event #108492   t=172.201795355462   Elapsed: 0.011006s (0m 00s)
     Speed:     ev/sec=9.86022e+06   simsec/sec=15650.4   ev/simsec=630.029
     Messages:  created: 2   present: 2   in FES: 1

<!> Simulation stopped with endSimulation() -- in module (ScheduledAccessQueue) DectScheduledAccessNetwork.queue (id=2), at t=172.201795355462s, event #108492

Calling finish() at end of Run #799...

Preparing for running configuration MonetecFocusedSmallR, run #800...
Scenario: $r=16, $rho=0.135, $repetition=2
Assigned runID=MonetecFocusedSmallR-800-20260930-08:34:32-58
Setting up network "dect2020scheduledaccess.DectScheduledAccessNetwork"...
Initializing...

Running simulation...
** Event #0   t=0   Elapsed: 3e-06s (0m 00s)
     Speed:     ev/sec=0   simsec/sec=0   ev/simsec=0
     Messages:  created: 2   present: 2   in FES: 2
** Event #108370   t=172.151379169884   Elapsed: 0.011031s (0m 00s)
     Speed:     ev/sec=9.8268e+06   simsec/sec=15610.4   ev/simsec=629.504
     Messages:  created: 2   present: 2   in FES: 1

<!> Simulation stopped with endSimulation() -- in module (ScheduledAccessQueue) DectScheduledAccessNetwork.queue (id=2), at t=172.151379169884s, event #108370

Calling finish() at end of Run #800...

Preparing for running configuration MonetecFocusedSmallR, run #801...
Scenario: $r=16, $rho=0.140, $repetition=0
Assigned runID=MonetecFocusedSmallR-801-20260930-08:34:32-58
Setting up network "dect2020scheduledaccess.DectScheduledAccessNetwork"...
Initializing...

Running simulation...
** Event #0   t=0   Elapsed: 2e-06s (0m 00s)
     Speed:     ev/sec=0   simsec/sec=0   ev/simsec=0
     Messages:  created: 2   present: 2   in FES: 2
** Event #110564   t=172.035080223313   Elapsed: 0.011258s (0m 00s)
     Speed:     ev/sec=9.82267e+06   simsec/sec=15283.8   ev/simsec=642.684
     Messages:  created: 2   present: 2   in FES: 1

<!> Simulation stopped with endSimulation() -- in module (ScheduledAccessQueue) DectScheduledAccessNetwork.queue (id=2), at t=172.035080223313s, event #110564

Calling finish() at end of Run #801...

Preparing for running configuration MonetecFocusedSmallR, run #802...
Scenario: $r=16, $rho=0.140, $repetition=1
Assigned runID=MonetecFocusedSmallR-802-20260930-08:34:32-58
Setting up network "dect2020scheduledaccess.DectScheduledAccessNetwork"...
Initializing...

Running simulation...
** Event #0   t=0   Elapsed: 3e-06s (0m 00s)
     Speed:     ev/sec=0   simsec/sec=0   ev/simsec=0
     Messages:  created: 2   present: 2   in FES: 2
** Event #110537   t=172.176920234841   Elapsed: 0.011252s (0m 00s)
     Speed:     ev/sec=9.82638e+06   simsec/sec=15305.9   ev/simsec=642.001
     Messages:  created: 2   present: 2   in FES: 1

<!> Simulation stopped with endSimulation() -- in module (ScheduledAccessQueue) DectScheduledAccessNetwork.queue (id=2), at t=172.176920234841s, event #110537

Calling finish() at end of Run #802...

Preparing for running configuration MonetecFocusedSmallR, run #803...
Scenario: $r=16, $rho=0.140, $repetition=2
Assigned runID=MonetecFocusedSmallR-803-20260930-08:34:32-58
Setting up network "dect2020scheduledaccess.DectScheduledAccessNetwork"...
Initializing...

Running simulation...
** Event #0   t=0   Elapsed: 3e-06s (0m 00s)
     Speed:     ev/sec=0   simsec/sec=0   ev/simsec=0
     Messages:  created: 2   present: 2   in FES: 2
** Event #110487   t=172.15167917077   Elapsed: 0.011319s (0m 00s)
     Speed:     ev/sec=9.76465e+06   simsec/sec=15214.3   ev/simsec=641.806
     Messages:  created: 2   present: 2   in FES: 1

<!> Simulation stopped with endSimulation() -- in module (ScheduledAccessQueue) DectScheduledAccessNetwork.queue (id=2), at t=172.15167917077s, event #110487

Calling finish() at end of Run #803...

Preparing for running configuration MonetecFocusedSmallR, run #804...
Scenario: $r=16, $rho=0.145, $repetition=0
Assigned runID=MonetecFocusedSmallR-804-20260930-08:34:32-58
Setting up network "dect2020scheduledaccess.DectScheduledAccessNetwork"...
Initializing...

Running simulation...
** Event #0   t=0   Elapsed: 3e-06s (0m 00s)
     Speed:     ev/sec=0   simsec/sec=0   ev/simsec=0
     Messages:  created: 2   present: 2   in FES: 2
** Event #112845   t=172.09296115209   Elapsed: 0.01172s (0m 00s)
     Speed:     ev/sec=9.6317e+06   simsec/sec=14688.7   ev/simsec=655.722
     Messages:  created: 2   present: 2   in FES: 1

<!> Simulation stopped with endSimulation() -- in module (ScheduledAccessQueue) DectScheduledAccessNetwork.queue (id=2), at t=172.09296115209s, event #112845

Calling finish() at end of Run #804...

Preparing for running configuration MonetecFocusedSmallR, run #805...
Scenario: $r=16, $rho=0.145, $repetition=1
Assigned runID=MonetecFocusedSmallR-805-20260930-08:34:32-58
Setting up network "dect2020scheduledaccess.DectScheduledAccessNetwork"...
Initializing...

Running simulation...
** Event #0   t=0   Elapsed: 3e-06s (0m 00s)
     Speed:     ev/sec=0   simsec/sec=0   ev/simsec=0
     Messages:  created: 2   present: 2   in FES: 2
** Event #112491   t=172.140802529014   Elapsed: 0.011551s (0m 00s)
     Speed:     ev/sec=9.74285e+06   simsec/sec=14909.1   ev/simsec=653.485
     Messages:  created: 2   present: 2   in FES: 1

<!> Simulation stopped with endSimulation() -- in module (ScheduledAccessQueue) DectScheduledAccessNetwork.queue (id=2), at t=172.140802529014s, event #112491

Calling finish() at end of Run #805...

Preparing for running configuration MonetecFocusedSmallR, run #806...
Scenario: $r=16, $rho=0.145, $repetition=2
Assigned runID=MonetecFocusedSmallR-806-20260930-08:34:32-58
Setting up network "dect2020scheduledaccess.DectScheduledAccessNetwork"...
Initializing...

Running simulation...
** Event #0   t=0   Elapsed: 3e-06s (0m 00s)
     Speed:     ev/sec=0   simsec/sec=0   ev/simsec=0
     Messages:  created: 2   present: 2   in FES: 2
** Event #112721   t=172.227161030123   Elapsed: 0.011469s (0m 00s)
     Speed:     ev/sec=9.83089e+06   simsec/sec=15020.7   ev/simsec=654.49
     Messages:  created: 2   present: 2   in FES: 1

<!> Simulation stopped with endSimulation() -- in module (ScheduledAccessQueue) DectScheduledAccessNetwork.queue (id=2), at t=172.227161030123s, event #112721

Calling finish() at end of Run #806...

Preparing for running configuration MonetecFocusedSmallR, run #807...
Scenario: $r=16, $rho=0.150, $repetition=0
Assigned runID=MonetecFocusedSmallR-807-20260930-08:34:32-58
Setting up network "dect2020scheduledaccess.DectScheduledAccessNetwork"...
Initializing...

Running simulation...
** Event #0   t=0   Elapsed: 3e-06s (0m 00s)
     Speed:     ev/sec=0   simsec/sec=0   ev/simsec=0
     Messages:  created: 2   present: 2   in FES: 2
** Event #114833   t=172.044865343868   Elapsed: 0.011695s (0m 00s)
     Speed:     ev/sec=9.8215e+06   simsec/sec=14714.7   ev/simsec=667.462
     Messages:  created: 2   present: 2   in FES: 1

<!> Simulation stopped with endSimulation() -- in module (ScheduledAccessQueue) DectScheduledAccessNetwork.queue (id=2), at t=172.044865343868s, event #114833

Calling finish() at end of Run #807...

Preparing for running configuration MonetecFocusedSmallR, run #808...
Scenario: $r=16, $rho=0.150, $repetition=1
Assigned runID=MonetecFocusedSmallR-808-20260930-08:34:32-58
Setting up network "dect2020scheduledaccess.DectScheduledAccessNetwork"...
Initializing...

Running simulation...
** Event #0   t=0   Elapsed: 3e-06s (0m 00s)
     Speed:     ev/sec=0   simsec/sec=0   ev/simsec=0
     Messages:  created: 2   present: 2   in FES: 2
** Event #114835   t=172.228192559654   Elapsed: 0.011782s (0m 00s)
     Speed:     ev/sec=9.74996e+06   simsec/sec=14622.9   ev/simsec=666.761
     Messages:  created: 2   present: 2   in FES: 1

<!> Simulation stopped with endSimulation() -- in module (ScheduledAccessQueue) DectScheduledAccessNetwork.queue (id=2), at t=172.228192559654s, event #114835

Calling finish() at end of Run #808...

Preparing for running configuration MonetecFocusedSmallR, run #809...
Scenario: $r=16, $rho=0.150, $repetition=2
Assigned runID=MonetecFocusedSmallR-809-20260930-08:34:32-58
Setting up network "dect2020scheduledaccess.DectScheduledAccessNetwork"...
Initializing...

Running simulation...
** Event #0   t=0   Elapsed: 4e-06s (0m 00s)
     Speed:     ev/sec=0   simsec/sec=0   ev/simsec=0
     Messages:  created: 2   present: 2   in FES: 2
** Event #114488   t=172.151601404477   Elapsed: 0.011837s (0m 00s)
     Speed:     ev/sec=9.67613e+06   simsec/sec=14549.6   ev/simsec=665.043
     Messages:  created: 2   present: 2   in FES: 1

<!> Simulation stopped with endSimulation() -- in module (ScheduledAccessQueue) DectScheduledAccessNetwork.queue (id=2), at t=172.151601404477s, event #114488

Calling finish() at end of Run #809...

Preparing for running configuration MonetecFocusedSmallR, run #810...
Scenario: $r=16, $rho=0.155, $repetition=0
Assigned runID=MonetecFocusedSmallR-810-20260930-08:34:32-58
Setting up network "dect2020scheduledaccess.DectScheduledAccessNetwork"...
Initializing...

Running simulation...
** Event #0   t=0   Elapsed: 3e-06s (0m 00s)
     Speed:     ev/sec=0   simsec/sec=0   ev/simsec=0
     Messages:  created: 2   present: 2   in FES: 2
** Event #116955   t=172.070576215067   Elapsed: 0.012153s (0m 00s)
     Speed:     ev/sec=9.62593e+06   simsec/sec=14162.2   ev/simsec=679.693
     Messages:  created: 2   present: 2   in FES: 1

<!> Simulation stopped with endSimulation() -- in module (ScheduledAccessQueue) DectScheduledAccessNetwork.queue (id=2), at t=172.070576215067s, event #116955

Calling finish() at end of Run #810...

Preparing for running configuration MonetecFocusedSmallR, run #811...
Scenario: $r=16, $rho=0.155, $repetition=1
Assigned runID=MonetecFocusedSmallR-811-20260930-08:34:32-58
Setting up network "dect2020scheduledaccess.DectScheduledAccessNetwork"...
Initializing...

Running simulation...
** Event #0   t=0   Elapsed: 4e-06s (0m 00s)
     Speed:     ev/sec=0   simsec/sec=0   ev/simsec=0
     Messages:  created: 2   present: 2   in FES: 2
** Event #116820   t=172.176260518521   Elapsed: 0.012799s (0m 00s)
     Speed:     ev/sec=9.13013e+06   simsec/sec=13456.5   ev/simsec=678.492
     Messages:  created: 2   present: 2   in FES: 1

<!> Simulation stopped with endSimulation() -- in module (ScheduledAccessQueue) DectScheduledAccessNetwork.queue (id=2), at t=172.176260518521s, event #116820

Calling finish() at end of Run #811...

Preparing for running configuration MonetecFocusedSmallR, run #812...
Scenario: $r=16, $rho=0.155, $repetition=2
Assigned runID=MonetecFocusedSmallR-812-20260930-08:34:32-58
Setting up network "dect2020scheduledaccess.DectScheduledAccessNetwork"...
Initializing...

Running simulation...
** Event #0   t=0   Elapsed: 3e-06s (0m 00s)
     Speed:     ev/sec=0   simsec/sec=0   ev/simsec=0
     Messages:  created: 2   present: 2   in FES: 2
** Event #116767   t=172.232932345207   Elapsed: 0.011826s (0m 00s)
     Speed:     ev/sec=9.87626e+06   simsec/sec=14567.5   ev/simsec=677.965
     Messages:  created: 2   present: 2   in FES: 1

<!> Simulation stopped with endSimulation() -- in module (ScheduledAccessQueue) DectScheduledAccessNetwork.queue (id=2), at t=172.232932345207s, event #116767

Calling finish() at end of Run #812...

Preparing for running configuration MonetecFocusedSmallR, run #813...
Scenario: $r=16, $rho=0.160, $repetition=0
Assigned runID=MonetecFocusedSmallR-813-20260930-08:34:32-58
Setting up network "dect2020scheduledaccess.DectScheduledAccessNetwork"...
Initializing...

Running simulation...
** Event #0   t=0   Elapsed: 6e-06s (0m 00s)
     Speed:     ev/sec=0   simsec/sec=0   ev/simsec=0
     Messages:  created: 2   present: 2   in FES: 2
** Event #119125   t=172.134330962914   Elapsed: 0.013032s (0m 00s)
     Speed:     ev/sec=9.14517e+06   simsec/sec=13214.7   ev/simsec=692.047
     Messages:  created: 2   present: 2   in FES: 1

<!> Simulation stopped with endSimulation() -- in module (ScheduledAccessQueue) DectScheduledAccessNetwork.queue (id=2), at t=172.134330962914s, event #119125

Calling finish() at end of Run #813...

Preparing for running configuration MonetecFocusedSmallR, run #814...
Scenario: $r=16, $rho=0.160, $repetition=1
Assigned runID=MonetecFocusedSmallR-814-20260930-08:34:32-58
Setting up network "dect2020scheduledaccess.DectScheduledAccessNetwork"...
Initializing...

Running simulation...
** Event #0   t=0   Elapsed: 3e-06s (0m 00s)
     Speed:     ev/sec=0   simsec/sec=0   ev/simsec=0
     Messages:  created: 2   present: 2   in FES: 2
** Event #118945   t=172.196551894144   Elapsed: 0.012228s (0m 00s)
     Speed:     ev/sec=9.72965e+06   simsec/sec=14085.4   ev/simsec=690.761
     Messages:  created: 2   present: 2   in FES: 1

<!> Simulation stopped with endSimulation() -- in module (ScheduledAccessQueue) DectScheduledAccessNetwork.queue (id=2), at t=172.196551894144s, event #118945

Calling finish() at end of Run #814...

Preparing for running configuration MonetecFocusedSmallR, run #815...
Scenario: $r=16, $rho=0.160, $repetition=2
Assigned runID=MonetecFocusedSmallR-815-20260930-08:34:32-58
Setting up network "dect2020scheduledaccess.DectScheduledAccessNetwork"...
Initializing...

Running simulation...
** Event #0   t=0   Elapsed: 3e-06s (0m 00s)
     Speed:     ev/sec=0   simsec/sec=0   ev/simsec=0
     Messages:  created: 2   present: 2   in FES: 2
** Event #118695   t=172.205023362914   Elapsed: 0.012199s (0m 00s)
     Speed:     ev/sec=9.73229e+06   simsec/sec=14119.8   ev/simsec=689.266
     Messages:  created: 2   present: 2   in FES: 1

<!> Simulation stopped with endSimulation() -- in module (ScheduledAccessQueue) DectScheduledAccessNetwork.queue (id=2), at t=172.205023362914s, event #118695

Calling finish() at end of Run #815...

Preparing for running configuration MonetecFocusedSmallR, run #816...
Scenario: $r=16, $rho=0.165, $repetition=0
Assigned runID=MonetecFocusedSmallR-816-20260930-08:34:32-58
Setting up network "dect2020scheduledaccess.DectScheduledAccessNetwork"...
Initializing...

Running simulation...
** Event #0   t=0   Elapsed: 2e-06s (0m 00s)
     Speed:     ev/sec=0   simsec/sec=0   ev/simsec=0
     Messages:  created: 2   present: 2   in FES: 2
** Event #120780   t=172.019175870769   Elapsed: 0.012465s (0m 00s)
     Speed:     ev/sec=9.69264e+06   simsec/sec=13804.6   ev/simsec=702.134
     Messages:  created: 2   present: 2   in FES: 1

<!> Simulation stopped with endSimulation() -- in module (ScheduledAccessQueue) DectScheduledAccessNetwork.queue (id=2), at t=172.019175870769s, event #120780

Calling finish() at end of Run #816...

Preparing for running configuration MonetecFocusedSmallR, run #817...
Scenario: $r=16, $rho=0.165, $repetition=1
Assigned runID=MonetecFocusedSmallR-817-20260930-08:34:32-58
Setting up network "dect2020scheduledaccess.DectScheduledAccessNetwork"...
Initializing...

Running simulation...
** Event #0   t=0   Elapsed: 3e-06s (0m 00s)
     Speed:     ev/sec=0   simsec/sec=0   ev/simsec=0
     Messages:  created: 2   present: 2   in FES: 2
** Event #120837   t=172.14589989776   Elapsed: 0.012397s (0m 00s)
     Speed:     ev/sec=9.74964e+06   simsec/sec=13889.4   ev/simsec=701.95
     Messages:  created: 2   present: 2   in FES: 1

<!> Simulation stopped with endSimulation() -- in module (ScheduledAccessQueue) DectScheduledAccessNetwork.queue (id=2), at t=172.14589989776s, event #120837

Calling finish() at end of Run #817...

Preparing for running configuration MonetecFocusedSmallR, run #818...
Scenario: $r=16, $rho=0.165, $repetition=2
Assigned runID=MonetecFocusedSmallR-818-20260930-08:34:32-58
Setting up network "dect2020scheduledaccess.DectScheduledAccessNetwork"...
Initializing...

Running simulation...
** Event #0   t=0   Elapsed: 3e-06s (0m 00s)
     Speed:     ev/sec=0   simsec/sec=0   ev/simsec=0
     Messages:  created: 2   present: 2   in FES: 2
** Event #120596   t=172.124566942235   Elapsed: 0.012554s (0m 00s)
     Speed:     ev/sec=9.60848e+06   simsec/sec=13714   ev/simsec=700.633
     Messages:  created: 2   present: 2   in FES: 1

<!> Simulation stopped with endSimulation() -- in module (ScheduledAccessQueue) DectScheduledAccessNetwork.queue (id=2), at t=172.124566942235s, event #120596

Calling finish() at end of Run #818...

Preparing for running configuration MonetecFocusedSmallR, run #819...
Scenario: $r=16, $rho=0.170, $repetition=0
Assigned runID=MonetecFocusedSmallR-819-20260930-08:34:32-58
Setting up network "dect2020scheduledaccess.DectScheduledAccessNetwork"...
Initializing...

Running simulation...
** Event #0   t=0   Elapsed: 3e-06s (0m 00s)
     Speed:     ev/sec=0   simsec/sec=0   ev/simsec=0
     Messages:  created: 2   present: 2   in FES: 2
** Event #123295   t=172.180146310538   Elapsed: 0.012676s (0m 00s)
     Speed:     ev/sec=9.72895e+06   simsec/sec=13586.4   ev/simsec=716.082
     Messages:  created: 2   present: 2   in FES: 1

<!> Simulation stopped with endSimulation() -- in module (ScheduledAccessQueue) DectScheduledAccessNetwork.queue (id=2), at t=172.180146310538s, event #123295

Calling finish() at end of Run #819...

Preparing for running configuration MonetecFocusedSmallR, run #820...
Scenario: $r=16, $rho=0.170, $repetition=1
Assigned runID=MonetecFocusedSmallR-820-20260930-08:34:32-58
Setting up network "dect2020scheduledaccess.DectScheduledAccessNetwork"...
Initializing...

Running simulation...
** Event #0   t=0   Elapsed: 3e-06s (0m 00s)
     Speed:     ev/sec=0   simsec/sec=0   ev/simsec=0
     Messages:  created: 2   present: 2   in FES: 2
** Event #122950   t=172.154570073418   Elapsed: 0.012686s (0m 00s)
     Speed:     ev/sec=9.69408e+06   simsec/sec=13573.6   ev/simsec=714.184
     Messages:  created: 2   present: 2   in FES: 1

<!> Simulation stopped with endSimulation() -- in module (ScheduledAccessQueue) DectScheduledAccessNetwork.queue (id=2), at t=172.154570073418s, event #122950

Calling finish() at end of Run #820...

Preparing for running configuration MonetecFocusedSmallR, run #821...
Scenario: $r=16, $rho=0.170, $repetition=2
Assigned runID=MonetecFocusedSmallR-821-20260930-08:34:32-58
Setting up network "dect2020scheduledaccess.DectScheduledAccessNetwork"...
Initializing...

Running simulation...
** Event #0   t=0   Elapsed: 3e-06s (0m 00s)
     Speed:     ev/sec=0   simsec/sec=0   ev/simsec=0
     Messages:  created: 2   present: 2   in FES: 2
** Event #122787   t=172.197843030367   Elapsed: 0.012502s (0m 00s)
     Speed:     ev/sec=9.82375e+06   simsec/sec=13776.9   ev/simsec=713.059
     Messages:  created: 2   present: 2   in FES: 1

<!> Simulation stopped with endSimulation() -- in module (ScheduledAccessQueue) DectScheduledAccessNetwork.queue (id=2), at t=172.197843030367s, event #122787

Calling finish() at end of Run #821...

Preparing for running configuration MonetecFocusedSmallR, run #822...
Scenario: $r=16, $rho=0.175, $repetition=0
Assigned runID=MonetecFocusedSmallR-822-20260930-08:34:32-58
Setting up network "dect2020scheduledaccess.DectScheduledAccessNetwork"...
Initializing...

Running simulation...
** Event #0   t=0   Elapsed: 3e-06s (0m 00s)
     Speed:     ev/sec=0   simsec/sec=0   ev/simsec=0
     Messages:  created: 2   present: 2   in FES: 2
** Event #125501   t=172.213846039741   Elapsed: 0.012736s (0m 00s)
     Speed:     ev/sec=9.85636e+06   simsec/sec=13524.9   ev/simsec=728.756
     Messages:  created: 2   present: 2   in FES: 1

<!> Simulation stopped with endSimulation() -- in module (ScheduledAccessQueue) DectScheduledAccessNetwork.queue (id=2), at t=172.213846039741s, event #125501

Calling finish() at end of Run #822...

Preparing for running configuration MonetecFocusedSmallR, run #823...
Scenario: $r=16, $rho=0.175, $repetition=1
Assigned runID=MonetecFocusedSmallR-823-20260930-08:34:32-58
Setting up network "dect2020scheduledaccess.DectScheduledAccessNetwork"...
Initializing...

Running simulation...
** Event #0   t=0   Elapsed: 3e-06s (0m 00s)
     Speed:     ev/sec=0   simsec/sec=0   ev/simsec=0
     Messages:  created: 2   present: 2   in FES: 2
** Event #124863   t=172.081312665093   Elapsed: 0.012755s (0m 00s)
     Speed:     ev/sec=9.79241e+06   simsec/sec=13495.4   ev/simsec=725.613
     Messages:  created: 2   present: 2   in FES: 1

<!> Simulation stopped with endSimulation() -- in module (ScheduledAccessQueue) DectScheduledAccessNetwork.queue (id=2), at t=172.081312665093s, event #124863

Calling finish() at end of Run #823...

Preparing for running configuration MonetecFocusedSmallR, run #824...
Scenario: $r=16, $rho=0.175, $repetition=2
Assigned runID=MonetecFocusedSmallR-824-20260930-08:34:32-58
Setting up network "dect2020scheduledaccess.DectScheduledAccessNetwork"...
Initializing...

Running simulation...
** Event #0   t=0   Elapsed: 3e-06s (0m 00s)
     Speed:     ev/sec=0   simsec/sec=0   ev/simsec=0
     Messages:  created: 2   present: 2   in FES: 2
** Event #124724   t=172.152965045179   Elapsed: 0.013006s (0m 00s)
     Speed:     ev/sec=9.59268e+06   simsec/sec=13240.5   ev/simsec=724.496
     Messages:  created: 2   present: 2   in FES: 1

<!> Simulation stopped with endSimulation() -- in module (ScheduledAccessQueue) DectScheduledAccessNetwork.queue (id=2), at t=172.152965045179s, event #124724

Calling finish() at end of Run #824...

Preparing for running configuration MonetecFocusedSmallR, run #825...
Scenario: $r=16, $rho=0.180, $repetition=0
Assigned runID=MonetecFocusedSmallR-825-20260930-08:34:32-58
Setting up network "dect2020scheduledaccess.DectScheduledAccessNetwork"...
Initializing...

Running simulation...
** Event #0   t=0   Elapsed: 3e-06s (0m 00s)
     Speed:     ev/sec=0   simsec/sec=0   ev/simsec=0
     Messages:  created: 2   present: 2   in FES: 2
** Event #127080   t=172.029229395156   Elapsed: 0.013458s (0m 00s)
     Speed:     ev/sec=9.44482e+06   simsec/sec=12785.5   ev/simsec=738.713
     Messages:  created: 2   present: 2   in FES: 1

<!> Simulation stopped with endSimulation() -- in module (ScheduledAccessQueue) DectScheduledAccessNetwork.queue (id=2), at t=172.029229395156s, event #127080

Calling finish() at end of Run #825...

Preparing for running configuration MonetecFocusedSmallR, run #826...
Scenario: $r=16, $rho=0.180, $repetition=1
Assigned runID=MonetecFocusedSmallR-826-20260930-08:34:32-58
Setting up network "dect2020scheduledaccess.DectScheduledAccessNetwork"...
Initializing...

Running simulation...
** Event #0   t=0   Elapsed: 3e-06s (0m 00s)
     Speed:     ev/sec=0   simsec/sec=0   ev/simsec=0
     Messages:  created: 2   present: 2   in FES: 2
** Event #127206   t=172.164993481155   Elapsed: 0.013058s (0m 00s)
     Speed:     ev/sec=9.74385e+06   simsec/sec=13187.7   ev/simsec=738.862
     Messages:  created: 2   present: 2   in FES: 1

<!> Simulation stopped with endSimulation() -- in module (ScheduledAccessQueue) DectScheduledAccessNetwork.queue (id=2), at t=172.164993481155s, event #127206

Calling finish() at end of Run #826...

Preparing for running configuration MonetecFocusedSmallR, run #827...
Scenario: $r=16, $rho=0.180, $repetition=2
Assigned runID=MonetecFocusedSmallR-827-20260930-08:34:32-58
Setting up network "dect2020scheduledaccess.DectScheduledAccessNetwork"...
Initializing...

Running simulation...
** Event #0   t=0   Elapsed: 3e-06s (0m 00s)
     Speed:     ev/sec=0   simsec/sec=0   ev/simsec=0
     Messages:  created: 2   present: 2   in FES: 2
** Event #126866   t=172.183768061904   Elapsed: 0.01309s (0m 00s)
     Speed:     ev/sec=9.69405e+06   simsec/sec=13156.9   ev/simsec=736.806
     Messages:  created: 2   present: 2   in FES: 1

<!> Simulation stopped with endSimulation() -- in module (ScheduledAccessQueue) DectScheduledAccessNetwork.queue (id=2), at t=172.183768061904s, event #126866

Calling finish() at end of Run #827...

Preparing for running configuration MonetecFocusedSmallR, run #828...
Scenario: $r=16, $rho=0.185, $repetition=0
Assigned runID=MonetecFocusedSmallR-828-20260930-08:34:32-58
Setting up network "dect2020scheduledaccess.DectScheduledAccessNetwork"...
Initializing...

Running simulation...
** Event #0   t=0   Elapsed: 3e-06s (0m 00s)
     Speed:     ev/sec=0   simsec/sec=0   ev/simsec=0
     Messages:  created: 2   present: 2   in FES: 2
** Event #129372   t=172.106478470597   Elapsed: 0.013181s (0m 00s)
     Speed:     ev/sec=9.81727e+06   simsec/sec=13060.1   ev/simsec=751.698
     Messages:  created: 2   present: 2   in FES: 1

<!> Simulation stopped with endSimulation() -- in module (ScheduledAccessQueue) DectScheduledAccessNetwork.queue (id=2), at t=172.106478470597s, event #129372

Calling finish() at end of Run #828...

Preparing for running configuration MonetecFocusedSmallR, run #829...
Scenario: $r=16, $rho=0.185, $repetition=1
Assigned runID=MonetecFocusedSmallR-829-20260930-08:34:32-58
Setting up network "dect2020scheduledaccess.DectScheduledAccessNetwork"...
Initializing...

Running simulation...
** Event #0   t=0   Elapsed: 3e-06s (0m 00s)
     Speed:     ev/sec=0   simsec/sec=0   ev/simsec=0
     Messages:  created: 2   present: 2   in FES: 2
** Event #129228   t=172.130176686368   Elapsed: 0.013302s (0m 00s)
     Speed:     ev/sec=9.71712e+06   simsec/sec=12943.1   ev/simsec=750.759
     Messages:  created: 2   present: 2   in FES: 1

<!> Simulation stopped with endSimulation() -- in module (ScheduledAccessQueue) DectScheduledAccessNetwork.queue (id=2), at t=172.130176686368s, event #129228

Calling finish() at end of Run #829...

Preparing for running configuration MonetecFocusedSmallR, run #830...
Scenario: $r=16, $rho=0.185, $repetition=2
Assigned runID=MonetecFocusedSmallR-830-20260930-08:34:32-58
Setting up network "dect2020scheduledaccess.DectScheduledAccessNetwork"...
Initializing...

Running simulation...
** Event #0   t=0   Elapsed: 3e-06s (0m 00s)
     Speed:     ev/sec=0   simsec/sec=0   ev/simsec=0
     Messages:  created: 2   present: 2   in FES: 2
** Event #128707   t=172.101384855591   Elapsed: 0.013168s (0m 00s)
     Speed:     ev/sec=9.77645e+06   simsec/sec=13072.6   ev/simsec=747.857
     Messages:  created: 2   present: 2   in FES: 1

<!> Simulation stopped with endSimulation() -- in module (ScheduledAccessQueue) DectScheduledAccessNetwork.queue (id=2), at t=172.101384855591s, event #128707

Calling finish() at end of Run #830...

Preparing for running configuration MonetecFocusedSmallR, run #831...
Scenario: $r=16, $rho=0.190, $repetition=0
Assigned runID=MonetecFocusedSmallR-831-20260930-08:34:32-58
Setting up network "dect2020scheduledaccess.DectScheduledAccessNetwork"...
Initializing...

Running simulation...
** Event #0   t=0   Elapsed: 3e-06s (0m 00s)
     Speed:     ev/sec=0   simsec/sec=0   ev/simsec=0
     Messages:  created: 2   present: 2   in FES: 2
** Event #131672   t=172.16858743516   Elapsed: 0.013509s (0m 00s)
     Speed:     ev/sec=9.74987e+06   simsec/sec=12748.5   ev/simsec=764.786
     Messages:  created: 2   present: 2   in FES: 1

<!> Simulation stopped with endSimulation() -- in module (ScheduledAccessQueue) DectScheduledAccessNetwork.queue (id=2), at t=172.16858743516s, event #131672

Calling finish() at end of Run #831...

Preparing for running configuration MonetecFocusedSmallR, run #832...
Scenario: $r=16, $rho=0.190, $repetition=1
Assigned runID=MonetecFocusedSmallR-832-20260930-08:34:32-58
Setting up network "dect2020scheduledaccess.DectScheduledAccessNetwork"...
Initializing...

Running simulation...
** Event #0   t=0   Elapsed: 3e-06s (0m 00s)
     Speed:     ev/sec=0   simsec/sec=0   ev/simsec=0
     Messages:  created: 2   present: 2   in FES: 2
** Event #131385   t=172.138613007702   Elapsed: 0.013377s (0m 00s)
     Speed:     ev/sec=9.82391e+06   simsec/sec=12871.1   ev/simsec=763.253
     Messages:  created: 2   present: 2   in FES: 1

<!> Simulation stopped with endSimulation() -- in module (ScheduledAccessQueue) DectScheduledAccessNetwork.queue (id=2), at t=172.138613007702s, event #131385

Calling finish() at end of Run #832...

Preparing for running configuration MonetecFocusedSmallR, run #833...
Scenario: $r=16, $rho=0.190, $repetition=2
Assigned runID=MonetecFocusedSmallR-833-20260930-08:34:32-58
Setting up network "dect2020scheduledaccess.DectScheduledAccessNetwork"...
Initializing...

Running simulation...
** Event #0   t=0   Elapsed: 3e-06s (0m 00s)
     Speed:     ev/sec=0   simsec/sec=0   ev/simsec=0
     Messages:  created: 2   present: 2   in FES: 2
** Event #130814   t=172.101524597425   Elapsed: 0.013474s (0m 00s)
     Speed:     ev/sec=9.71151e+06   simsec/sec=12776.6   ev/simsec=760.099
     Messages:  created: 2   present: 2   in FES: 1

<!> Simulation stopped with endSimulation() -- in module (ScheduledAccessQueue) DectScheduledAccessNetwork.queue (id=2), at t=172.101524597425s, event #130814

Calling finish() at end of Run #833...

Preparing for running configuration MonetecFocusedSmallR, run #834...
Scenario: $r=16, $rho=0.195, $repetition=0
Assigned runID=MonetecFocusedSmallR-834-20260930-08:34:32-58
Setting up network "dect2020scheduledaccess.DectScheduledAccessNetwork"...
Initializing...

Running simulation...
** Event #0   t=0   Elapsed: 3e-06s (0m 00s)
     Speed:     ev/sec=0   simsec/sec=0   ev/simsec=0
     Messages:  created: 2   present: 2   in FES: 2
** Event #133486   t=172.068258529245   Elapsed: 0.013766s (0m 00s)
     Speed:     ev/sec=9.6989e+06   simsec/sec=12502.2   ev/simsec=775.776
     Messages:  created: 2   present: 2   in FES: 1

<!> Simulation stopped with endSimulation() -- in module (ScheduledAccessQueue) DectScheduledAccessNetwork.queue (id=2), at t=172.068258529245s, event #133486

Calling finish() at end of Run #834...

Preparing for running configuration MonetecFocusedSmallR, run #835...
Scenario: $r=16, $rho=0.195, $repetition=1
Assigned runID=MonetecFocusedSmallR-835-20260930-08:34:32-58
Setting up network "dect2020scheduledaccess.DectScheduledAccessNetwork"...
Initializing...

Running simulation...
** Event #0   t=0   Elapsed: 3e-06s (0m 00s)
     Speed:     ev/sec=0   simsec/sec=0   ev/simsec=0
     Messages:  created: 2   present: 2   in FES: 2
** Event #133263   t=172.100946051135   Elapsed: 0.013696s (0m 00s)
     Speed:     ev/sec=9.7322e+06   simsec/sec=12568.5   ev/simsec=774.332
     Messages:  created: 2   present: 2   in FES: 1

<!> Simulation stopped with endSimulation() -- in module (ScheduledAccessQueue) DectScheduledAccessNetwork.queue (id=2), at t=172.100946051135s, event #133263

Calling finish() at end of Run #835...

Preparing for running configuration MonetecFocusedSmallR, run #836...
Scenario: $r=16, $rho=0.195, $repetition=2
Assigned runID=MonetecFocusedSmallR-836-20260930-08:34:32-58
Setting up network "dect2020scheduledaccess.DectScheduledAccessNetwork"...
Initializing...

Running simulation...
** Event #0   t=0   Elapsed: 5e-06s (0m 00s)
     Speed:     ev/sec=0   simsec/sec=0   ev/simsec=0
     Messages:  created: 2   present: 2   in FES: 2
** Event #133172   t=172.195448033318   Elapsed: 0.013588s (0m 00s)
     Speed:     ev/sec=9.80431e+06   simsec/sec=12677.2   ev/simsec=773.379
     Messages:  created: 2   present: 2   in FES: 1

<!> Simulation stopped with endSimulation() -- in module (ScheduledAccessQueue) DectScheduledAccessNetwork.queue (id=2), at t=172.195448033318s, event #133172

Calling finish() at end of Run #836...

Preparing for running configuration MonetecFocusedSmallR, run #837...
Scenario: $r=16, $rho=0.200, $repetition=0
Assigned runID=MonetecFocusedSmallR-837-20260930-08:34:32-58
Setting up network "dect2020scheduledaccess.DectScheduledAccessNetwork"...
Initializing...

Running simulation...
** Event #0   t=0   Elapsed: 3e-06s (0m 00s)
     Speed:     ev/sec=0   simsec/sec=0   ev/simsec=0
     Messages:  created: 2   present: 2   in FES: 2
** Event #135773   t=172.126109282913   Elapsed: 0.0139s (0m 00s)
     Speed:     ev/sec=9.76995e+06   simsec/sec=12385.8   ev/simsec=788.802
     Messages:  created: 2   present: 2   in FES: 1

<!> Simulation stopped with endSimulation() -- in module (ScheduledAccessQueue) DectScheduledAccessNetwork.queue (id=2), at t=172.126109282913s, event #135773

Calling finish() at end of Run #837...

Preparing for running configuration MonetecFocusedSmallR, run #838...
Scenario: $r=16, $rho=0.200, $repetition=1
Assigned runID=MonetecFocusedSmallR-838-20260930-08:34:32-58
Setting up network "dect2020scheduledaccess.DectScheduledAccessNetwork"...
Initializing...

Running simulation...
** Event #0   t=0   Elapsed: 4e-06s (0m 00s)
     Speed:     ev/sec=0   simsec/sec=0   ev/simsec=0
     Messages:  created: 2   present: 2   in FES: 2
** Event #135283   t=172.069639162657   Elapsed: 0.01375s (0m 00s)
     Speed:     ev/sec=9.84091e+06   simsec/sec=12516.8   ev/simsec=786.214
     Messages:  created: 2   present: 2   in FES: 1

<!> Simulation stopped with endSimulation() -- in module (ScheduledAccessQueue) DectScheduledAccessNetwork.queue (id=2), at t=172.069639162657s, event #135283

Calling finish() at end of Run #838...

Preparing for running configuration MonetecFocusedSmallR, run #839...
Scenario: $r=16, $rho=0.200, $repetition=2
Assigned runID=MonetecFocusedSmallR-839-20260930-08:34:32-58
Setting up network "dect2020scheduledaccess.DectScheduledAccessNetwork"...
Initializing...

Running simulation...
** Event #0   t=0   Elapsed: 3e-06s (0m 00s)
     Speed:     ev/sec=0   simsec/sec=0   ev/simsec=0
     Messages:  created: 2   present: 2   in FES: 2
** Event #135518   t=172.245671875813   Elapsed: 0.014146s (0m 00s)
     Speed:     ev/sec=9.58198e+06   simsec/sec=12178.8   ev/simsec=786.773
     Messages:  created: 2   present: 2   in FES: 1

<!> Simulation stopped with endSimulation() -- in module (ScheduledAccessQueue) DectScheduledAccessNetwork.queue (id=2), at t=172.245671875813s, event #135518

Calling finish() at end of Run #839...

Preparing for running configuration MonetecFocusedSmallR, run #840...
Scenario: $r=16, $rho=0.205, $repetition=0
Assigned runID=MonetecFocusedSmallR-840-20260930-08:34:32-58
Setting up network "dect2020scheduledaccess.DectScheduledAccessNetwork"...
Initializing...

Running simulation...
** Event #0   t=0   Elapsed: 3e-06s (0m 00s)
     Speed:     ev/sec=0   simsec/sec=0   ev/simsec=0
     Messages:  created: 2   present: 2   in FES: 2
** Event #137754   t=172.092584691936   Elapsed: 0.014361s (0m 00s)
     Speed:     ev/sec=9.5949e+06   simsec/sec=11986.6   ev/simsec=800.471
     Messages:  created: 2   present: 2   in FES: 1

<!> Simulation stopped with endSimulation() -- in module (ScheduledAccessQueue) DectScheduledAccessNetwork.queue (id=2), at t=172.092584691936s, event #137754

Calling finish() at end of Run #840...

Preparing for running configuration MonetecFocusedSmallR, run #841...
Scenario: $r=16, $rho=0.205, $repetition=1
Assigned runID=MonetecFocusedSmallR-841-20260930-08:34:32-58
Setting up network "dect2020scheduledaccess.DectScheduledAccessNetwork"...
Initializing...

Running simulation...
** Event #0   t=0   Elapsed: 3e-06s (0m 00s)
     Speed:     ev/sec=0   simsec/sec=0   ev/simsec=0
     Messages:  created: 2   present: 2   in FES: 2
** Event #137685   t=172.175070939259   Elapsed: 0.014171s (0m 00s)
     Speed:     ev/sec=9.71871e+06   simsec/sec=12153.2   ev/simsec=799.682
     Messages:  created: 2   present: 2   in FES: 1

<!> Simulation stopped with endSimulation() -- in module (ScheduledAccessQueue) DectScheduledAccessNetwork.queue (id=2), at t=172.175070939259s, event #137685

Calling finish() at end of Run #841...

Preparing for running configuration MonetecFocusedSmallR, run #842...
Scenario: $r=16, $rho=0.205, $repetition=2
Assigned runID=MonetecFocusedSmallR-842-20260930-08:34:32-58
Setting up network "dect2020scheduledaccess.DectScheduledAccessNetwork"...
Initializing...

Running simulation...
** Event #0   t=0   Elapsed: 2.6e-05s (0m 00s)
     Speed:     ev/sec=0   simsec/sec=0   ev/simsec=0
     Messages:  created: 2   present: 2   in FES: 2
** Event #137362   t=172.164445302527   Elapsed: 0.01415s (0m 00s)
     Speed:     ev/sec=9.72612e+06   simsec/sec=12190.4   ev/simsec=797.854
     Messages:  created: 2   present: 2   in FES: 1

<!> Simulation stopped with endSimulation() -- in module (ScheduledAccessQueue) DectScheduledAccessNetwork.queue (id=2), at t=172.164445302527s, event #137362

Calling finish() at end of Run #842...

Preparing for running configuration MonetecFocusedSmallR, run #843...
Scenario: $r=16, $rho=0.210, $repetition=0
Assigned runID=MonetecFocusedSmallR-843-20260930-08:34:32-58
Setting up network "dect2020scheduledaccess.DectScheduledAccessNetwork"...
Initializing...

Running simulation...
** Event #0   t=0   Elapsed: 3.1e-05s (0m 00s)
     Speed:     ev/sec=0   simsec/sec=0   ev/simsec=0
     Messages:  created: 2   present: 2   in FES: 2
** Event #139872   t=172.104233329997   Elapsed: 0.014255s (0m 00s)
     Speed:     ev/sec=9.83352e+06   simsec/sec=12099.5   ev/simsec=812.718
     Messages:  created: 2   present: 2   in FES: 1

<!> Simulation stopped with endSimulation() -- in module (ScheduledAccessQueue) DectScheduledAccessNetwork.queue (id=2), at t=172.104233329997s, event #139872

Calling finish() at end of Run #843...

Preparing for running configuration MonetecFocusedSmallR, run #844...
Scenario: $r=16, $rho=0.210, $repetition=1
Assigned runID=MonetecFocusedSmallR-844-20260930-08:34:32-58
Setting up network "dect2020scheduledaccess.DectScheduledAccessNetwork"...
Initializing...

Running simulation...
** Event #0   t=0   Elapsed: 3e-06s (0m 00s)
     Speed:     ev/sec=0   simsec/sec=0   ev/simsec=0
     Messages:  created: 2   present: 2   in FES: 2
** Event #139536   t=172.090616805894   Elapsed: 0.014265s (0m 00s)
     Speed:     ev/sec=9.78445e+06   simsec/sec=12067.2   ev/simsec=810.829
     Messages:  created: 2   present: 2   in FES: 1

<!> Simulation stopped with endSimulation() -- in module (ScheduledAccessQueue) DectScheduledAccessNetwork.queue (id=2), at t=172.090616805894s, event #139536

Calling finish() at end of Run #844...

Preparing for running configuration MonetecFocusedSmallR, run #845...
Scenario: $r=16, $rho=0.210, $repetition=2
Assigned runID=MonetecFocusedSmallR-845-20260930-08:34:32-58
Setting up network "dect2020scheduledaccess.DectScheduledAccessNetwork"...
Initializing...

Running simulation...
** Event #0   t=0   Elapsed: 3e-06s (0m 00s)
     Speed:     ev/sec=0   simsec/sec=0   ev/simsec=0
     Messages:  created: 2   present: 2   in FES: 2
** Event #139635   t=172.240109288238   Elapsed: 0.014199s (0m 00s)
     Speed:     ev/sec=9.83622e+06   simsec/sec=12133   ev/simsec=810.701
     Messages:  created: 2   present: 2   in FES: 1

<!> Simulation stopped with endSimulation() -- in module (ScheduledAccessQueue) DectScheduledAccessNetwork.queue (id=2), at t=172.240109288238s, event #139635

Calling finish() at end of Run #845...

Preparing for running configuration MonetecFocusedSmallR, run #846...
Scenario: $r=16, $rho=0.215, $repetition=0
Assigned runID=MonetecFocusedSmallR-846-20260930-08:34:32-58
Setting up network "dect2020scheduledaccess.DectScheduledAccessNetwork"...
Initializing...

Running simulation...
** Event #0   t=0   Elapsed: 2.1e-05s (0m 00s)
     Speed:     ev/sec=0   simsec/sec=0   ev/simsec=0
     Messages:  created: 2   present: 2   in FES: 2
** Event #141777   t=172.043004616624   Elapsed: 0.014567s (0m 00s)
     Speed:     ev/sec=9.7468e+06   simsec/sec=11827.5   ev/simsec=824.079
     Messages:  created: 2   present: 2   in FES: 1

<!> Simulation stopped with endSimulation() -- in module (ScheduledAccessQueue) DectScheduledAccessNetwork.queue (id=2), at t=172.043004616624s, event #141777

Calling finish() at end of Run #846...

Preparing for running configuration MonetecFocusedSmallR, run #847...
Scenario: $r=16, $rho=0.215, $repetition=1
Assigned runID=MonetecFocusedSmallR-847-20260930-08:34:32-58
Setting up network "dect2020scheduledaccess.DectScheduledAccessNetwork"...
Initializing...

Running simulation...
** Event #0   t=0   Elapsed: 2.5e-05s (0m 00s)
     Speed:     ev/sec=0   simsec/sec=0   ev/simsec=0
     Messages:  created: 2   present: 2   in FES: 2
** Event #141615   t=172.110629626431   Elapsed: 0.014439s (0m 00s)
     Speed:     ev/sec=9.82482e+06   simsec/sec=11940.5   ev/simsec=822.814
     Messages:  created: 2   present: 2   in FES: 1

<!> Simulation stopped with endSimulation() -- in module (ScheduledAccessQueue) DectScheduledAccessNetwork.queue (id=2), at t=172.110629626431s, event #141615

Calling finish() at end of Run #847...

Preparing for running configuration MonetecFocusedSmallR, run #848...
Scenario: $r=16, $rho=0.215, $repetition=2
Assigned runID=MonetecFocusedSmallR-848-20260930-08:34:32-58
Setting up network "dect2020scheduledaccess.DectScheduledAccessNetwork"...
Initializing...

Running simulation...
** Event #0   t=0   Elapsed: 2e-05s (0m 00s)
     Speed:     ev/sec=0   simsec/sec=0   ev/simsec=0
     Messages:  created: 2   present: 2   in FES: 2
** Event #141697   t=172.253748961637   Elapsed: 0.014508s (0m 00s)
     Speed:     ev/sec=9.78098e+06   simsec/sec=11890.2   ev/simsec=822.607
     Messages:  created: 2   present: 2   in FES: 1

<!> Simulation stopped with endSimulation() -- in module (ScheduledAccessQueue) DectScheduledAccessNetwork.queue (id=2), at t=172.253748961637s, event #141697

Calling finish() at end of Run #848...

Preparing for running configuration MonetecFocusedSmallR, run #849...
Scenario: $r=16, $rho=0.220, $repetition=0
Assigned runID=MonetecFocusedSmallR-849-20260930-08:34:32-58
Setting up network "dect2020scheduledaccess.DectScheduledAccessNetwork"...
Initializing...

Running simulation...
** Event #0   t=0   Elapsed: 4e-06s (0m 00s)
     Speed:     ev/sec=0   simsec/sec=0   ev/simsec=0
     Messages:  created: 2   present: 2   in FES: 2
** Event #143918   t=172.079450236995   Elapsed: 0.014834s (0m 00s)
     Speed:     ev/sec=9.70386e+06   simsec/sec=11602.7   ev/simsec=836.347
     Messages:  created: 2   present: 2   in FES: 1

<!> Simulation stopped with endSimulation() -- in module (ScheduledAccessQueue) DectScheduledAccessNetwork.queue (id=2), at t=172.079450236995s, event #143918

Calling finish() at end of Run #849...

Preparing for running configuration MonetecFocusedSmallR, run #850...
Scenario: $r=16, $rho=0.220, $repetition=1
Assigned runID=MonetecFocusedSmallR-850-20260930-08:34:32-58
Setting up network "dect2020scheduledaccess.DectScheduledAccessNetwork"...
Initializing...

Running simulation...
** Event #0   t=0   Elapsed: 3e-06s (0m 00s)
     Speed:     ev/sec=0   simsec/sec=0   ev/simsec=0
     Messages:  created: 2   present: 2   in FES: 2
** Event #144042   t=172.213873626452   Elapsed: 0.014756s (0m 00s)
     Speed:     ev/sec=9.76357e+06   simsec/sec=11673.1   ev/simsec=836.415
     Messages:  created: 2   present: 2   in FES: 1

<!> Simulation stopped with endSimulation() -- in module (ScheduledAccessQueue) DectScheduledAccessNetwork.queue (id=2), at t=172.213873626452s, event #144042

Calling finish() at end of Run #850...

Preparing for running configuration MonetecFocusedSmallR, run #851...
Scenario: $r=16, $rho=0.220, $repetition=2
Assigned runID=MonetecFocusedSmallR-851-20260930-08:34:32-58
Setting up network "dect2020scheduledaccess.DectScheduledAccessNetwork"...
Initializing...

Running simulation...
** Event #0   t=0   Elapsed: 3e-06s (0m 00s)
     Speed:     ev/sec=0   simsec/sec=0   ev/simsec=0
     Messages:  created: 2   present: 2   in FES: 2
** Event #143597   t=172.172798915536   Elapsed: 0.014576s (0m 00s)
     Speed:     ev/sec=9.85363e+06   simsec/sec=11814.5   ev/simsec=834.029
     Messages:  created: 2   present: 2   in FES: 1

<!> Simulation stopped with endSimulation() -- in module (ScheduledAccessQueue) DectScheduledAccessNetwork.queue (id=2), at t=172.172798915536s, event #143597

Calling finish() at end of Run #851...

Preparing for running configuration MonetecFocusedSmallR, run #852...
Scenario: $r=16, $rho=0.225, $repetition=0
Assigned runID=MonetecFocusedSmallR-852-20260930-08:34:32-58
Setting up network "dect2020scheduledaccess.DectScheduledAccessNetwork"...
Initializing...

Running simulation...
** Event #0   t=0   Elapsed: 4e-06s (0m 00s)
     Speed:     ev/sec=0   simsec/sec=0   ev/simsec=0
     Messages:  created: 2   present: 2   in FES: 2
** Event #145787   t=172.027240690392   Elapsed: 0.015315s (0m 00s)
     Speed:     ev/sec=9.52234e+06   simsec/sec=11236.2   ev/simsec=847.469
     Messages:  created: 2   present: 2   in FES: 1

<!> Simulation stopped with endSimulation() -- in module (ScheduledAccessQueue) DectScheduledAccessNetwork.queue (id=2), at t=172.027240690392s, event #145787

Calling finish() at end of Run #852...

Preparing for running configuration MonetecFocusedSmallR, run #853...
Scenario: $r=16, $rho=0.225, $repetition=1
Assigned runID=MonetecFocusedSmallR-853-20260930-08:34:32-58
Setting up network "dect2020scheduledaccess.DectScheduledAccessNetwork"...
Initializing...

Running simulation...
** Event #0   t=0   Elapsed: 3e-06s (0m 00s)
     Speed:     ev/sec=0   simsec/sec=0   ev/simsec=0
     Messages:  created: 2   present: 2   in FES: 2
** Event #145857   t=172.148092965888   Elapsed: 0.015257s (0m 00s)
     Speed:     ev/sec=9.56251e+06   simsec/sec=11286.2   ev/simsec=847.278
     Messages:  created: 2   present: 2   in FES: 1

<!> Simulation stopped with endSimulation() -- in module (ScheduledAccessQueue) DectScheduledAccessNetwork.queue (id=2), at t=172.148092965888s, event #145857

Calling finish() at end of Run #853...

Preparing for running configuration MonetecFocusedSmallR, run #854...
Scenario: $r=16, $rho=0.225, $repetition=2
Assigned runID=MonetecFocusedSmallR-854-20260930-08:34:32-58
Setting up network "dect2020scheduledaccess.DectScheduledAccessNetwork"...
Initializing...

Running simulation...
** Event #0   t=0   Elapsed: 2.2e-05s (0m 00s)
     Speed:     ev/sec=0   simsec/sec=0   ev/simsec=0
     Messages:  created: 2   present: 2   in FES: 2
** Event #145777   t=172.238576947434   Elapsed: 0.015069s (0m 00s)
     Speed:     ev/sec=9.68811e+06   simsec/sec=11446.7   ev/simsec=846.368
     Messages:  created: 2   present: 2   in FES: 1

<!> Simulation stopped with endSimulation() -- in module (ScheduledAccessQueue) DectScheduledAccessNetwork.queue (id=2), at t=172.238576947434s, event #145777

Calling finish() at end of Run #854...

Preparing for running configuration MonetecFocusedSmallR, run #855...
Scenario: $r=16, $rho=0.230, $repetition=0
Assigned runID=MonetecFocusedSmallR-855-20260930-08:34:33-58
Setting up network "dect2020scheduledaccess.DectScheduledAccessNetwork"...
Initializing...

Running simulation...
** Event #0   t=0   Elapsed: 3e-06s (0m 00s)
     Speed:     ev/sec=0   simsec/sec=0   ev/simsec=0
     Messages:  created: 2   present: 2   in FES: 2
** Event #147976   t=172.045624034508   Elapsed: 0.015122s (0m 00s)
     Speed:     ev/sec=9.78807e+06   simsec/sec=11380.2   ev/simsec=860.098
     Messages:  created: 2   present: 2   in FES: 1

<!> Simulation stopped with endSimulation() -- in module (ScheduledAccessQueue) DectScheduledAccessNetwork.queue (id=2), at t=172.045624034508s, event #147976

Calling finish() at end of Run #855...

Preparing for running configuration MonetecFocusedSmallR, run #856...
Scenario: $r=16, $rho=0.230, $repetition=1
Assigned runID=MonetecFocusedSmallR-856-20260930-08:34:33-58
Setting up network "dect2020scheduledaccess.DectScheduledAccessNetwork"...
Initializing...

Running simulation...
** Event #0   t=0   Elapsed: 3e-06s (0m 00s)
     Speed:     ev/sec=0   simsec/sec=0   ev/simsec=0
     Messages:  created: 2   present: 2   in FES: 2
** Event #147559   t=172.032553873465   Elapsed: 0.01518s (0m 00s)
     Speed:     ev/sec=9.72254e+06   simsec/sec=11335.1   ev/simsec=857.741
     Messages:  created: 2   present: 2   in FES: 1

<!> Simulation stopped with endSimulation() -- in module (ScheduledAccessQueue) DectScheduledAccessNetwork.queue (id=2), at t=172.032553873465s, event #147559

Calling finish() at end of Run #856...

Preparing for running configuration MonetecFocusedSmallR, run #857...
Scenario: $r=16, $rho=0.230, $repetition=2
Assigned runID=MonetecFocusedSmallR-857-20260930-08:34:33-58
Setting up network "dect2020scheduledaccess.DectScheduledAccessNetwork"...
Initializing...

Running simulation...
** Event #0   t=0   Elapsed: 3e-06s (0m 00s)
     Speed:     ev/sec=0   simsec/sec=0   ev/simsec=0
     Messages:  created: 2   present: 2   in FES: 2
** Event #147702   t=172.2010314651   Elapsed: 0.015031s (0m 00s)
     Speed:     ev/sec=9.82845e+06   simsec/sec=11458.7   ev/simsec=857.731
     Messages:  created: 2   present: 2   in FES: 1

<!> Simulation stopped with endSimulation() -- in module (ScheduledAccessQueue) DectScheduledAccessNetwork.queue (id=2), at t=172.2010314651s, event #147702

Calling finish() at end of Run #857...

Preparing for running configuration MonetecFocusedSmallR, run #858...
Scenario: $r=16, $rho=0.235, $repetition=0
Assigned runID=MonetecFocusedSmallR-858-20260930-08:34:33-58
Setting up network "dect2020scheduledaccess.DectScheduledAccessNetwork"...
Initializing...

Running simulation...
** Event #0   t=0   Elapsed: 2.1e-05s (0m 00s)
     Speed:     ev/sec=0   simsec/sec=0   ev/simsec=0
     Messages:  created: 2   present: 2   in FES: 2
** Event #149934   t=172.035227808103   Elapsed: 0.01541s (0m 00s)
     Speed:     ev/sec=9.74293e+06   simsec/sec=11179.1   ev/simsec=871.534
     Messages:  created: 2   present: 2   in FES: 1

<!> Simulation stopped with endSimulation() -- in module (ScheduledAccessQueue) DectScheduledAccessNetwork.queue (id=2), at t=172.035227808103s, event #149934

Calling finish() at end of Run #858...

Preparing for running configuration MonetecFocusedSmallR, run #859...
Scenario: $r=16, $rho=0.235, $repetition=1
Assigned runID=MonetecFocusedSmallR-859-20260930-08:34:33-58
Setting up network "dect2020scheduledaccess.DectScheduledAccessNetwork"...
Initializing...

Running simulation...
** Event #0   t=0   Elapsed: 3e-06s (0m 00s)
     Speed:     ev/sec=0   simsec/sec=0   ev/simsec=0
     Messages:  created: 2   present: 2   in FES: 2
** Event #149803   t=172.083852409769   Elapsed: 0.015296s (0m 00s)
     Speed:     ev/sec=9.79617e+06   simsec/sec=11253.2   ev/simsec=870.523
     Messages:  created: 2   present: 2   in FES: 1

<!> Simulation stopped with endSimulation() -- in module (ScheduledAccessQueue) DectScheduledAccessNetwork.queue (id=2), at t=172.083852409769s, event #149803

Calling finish() at end of Run #859...

Preparing for running configuration MonetecFocusedSmallR, run #860...
Scenario: $r=16, $rho=0.235, $repetition=2
Assigned runID=MonetecFocusedSmallR-860-20260930-08:34:33-58
Setting up network "dect2020scheduledaccess.DectScheduledAccessNetwork"...
Initializing...

Running simulation...
** Event #0   t=0   Elapsed: 3e-06s (0m 00s)
     Speed:     ev/sec=0   simsec/sec=0   ev/simsec=0
     Messages:  created: 2   present: 2   in FES: 2
** Event #149807   t=172.200539978823   Elapsed: 0.015252s (0m 00s)
     Speed:     ev/sec=9.8247e+06   simsec/sec=11293.3   ev/simsec=869.959
     Messages:  created: 2   present: 2   in FES: 1

<!> Simulation stopped with endSimulation() -- in module (ScheduledAccessQueue) DectScheduledAccessNetwork.queue (id=2), at t=172.200539978823s, event #149807

Calling finish() at end of Run #860...

Preparing for running configuration MonetecFocusedSmallR, run #861...
Scenario: $r=16, $rho=0.240, $repetition=0
Assigned runID=MonetecFocusedSmallR-861-20260930-08:34:33-58
Setting up network "dect2020scheduledaccess.DectScheduledAccessNetwork"...
Initializing...

Running simulation...
** Event #0   t=0   Elapsed: 3e-06s (0m 00s)
     Speed:     ev/sec=0   simsec/sec=0   ev/simsec=0
     Messages:  created: 2   present: 2   in FES: 2
** Event #152179   t=172.104084202388   Elapsed: 0.015459s (0m 00s)
     Speed:     ev/sec=9.84659e+06   simsec/sec=11135.8   ev/simsec=884.23
     Messages:  created: 2   present: 2   in FES: 1

<!> Simulation stopped with endSimulation() -- in module (ScheduledAccessQueue) DectScheduledAccessNetwork.queue (id=2), at t=172.104084202388s, event #152179

Calling finish() at end of Run #861...

Preparing for running configuration MonetecFocusedSmallR, run #862...
Scenario: $r=16, $rho=0.240, $repetition=1
Assigned runID=MonetecFocusedSmallR-862-20260930-08:34:33-58
Setting up network "dect2020scheduledaccess.DectScheduledAccessNetwork"...
Initializing...

Running simulation...
** Event #0   t=0   Elapsed: 2.7e-05s (0m 00s)
     Speed:     ev/sec=0   simsec/sec=0   ev/simsec=0
     Messages:  created: 2   present: 2   in FES: 2
** Event #152057   t=172.169746953937   Elapsed: 0.015559s (0m 00s)
     Speed:     ev/sec=9.78992e+06   simsec/sec=11084.8   ev/simsec=883.182
     Messages:  created: 2   present: 2   in FES: 1

<!> Simulation stopped with endSimulation() -- in module (ScheduledAccessQueue) DectScheduledAccessNetwork.queue (id=2), at t=172.169746953937s, event #152057

Calling finish() at end of Run #862...

Preparing for running configuration MonetecFocusedSmallR, run #863...
Scenario: $r=16, $rho=0.240, $repetition=2
Assigned runID=MonetecFocusedSmallR-863-20260930-08:34:33-58
Setting up network "dect2020scheduledaccess.DectScheduledAccessNetwork"...
Initializing...

Running simulation...
** Event #0   t=0   Elapsed: 1.7e-05s (0m 00s)
     Speed:     ev/sec=0   simsec/sec=0   ev/simsec=0
     Messages:  created: 2   present: 2   in FES: 2
** Event #151483   t=172.075320806911   Elapsed: 0.015399s (0m 00s)
     Speed:     ev/sec=9.84807e+06   simsec/sec=11186.7   ev/simsec=880.334
     Messages:  created: 2   present: 2   in FES: 1

<!> Simulation stopped with endSimulation() -- in module (ScheduledAccessQueue) DectScheduledAccessNetwork.queue (id=2), at t=172.075320806911s, event #151483

Calling finish() at end of Run #863...

Preparing for running configuration MonetecFocusedSmallR, run #864...
Scenario: $r=16, $rho=0.245, $repetition=0
Assigned runID=MonetecFocusedSmallR-864-20260930-08:34:33-58
Setting up network "dect2020scheduledaccess.DectScheduledAccessNetwork"...
Initializing...

Running simulation...
** Event #0   t=0   Elapsed: 3e-06s (0m 00s)
     Speed:     ev/sec=0   simsec/sec=0   ev/simsec=0
     Messages:  created: 2   present: 2   in FES: 2
** Event #153777   t=171.926059848614   Elapsed: 0.015603s (0m 00s)
     Speed:     ev/sec=9.8575e+06   simsec/sec=11020.9   ev/simsec=894.439
     Messages:  created: 2   present: 2   in FES: 1

<!> Simulation stopped with endSimulation() -- in module (ScheduledAccessQueue) DectScheduledAccessNetwork.queue (id=2), at t=171.926059848614s, event #153777

Calling finish() at end of Run #864...

Preparing for running configuration MonetecFocusedSmallR, run #865...
Scenario: $r=16, $rho=0.245, $repetition=1
Assigned runID=MonetecFocusedSmallR-865-20260930-08:34:33-58
Setting up network "dect2020scheduledaccess.DectScheduledAccessNetwork"...
Initializing...

Running simulation...
** Event #0   t=0   Elapsed: 2.6e-05s (0m 00s)
     Speed:     ev/sec=0   simsec/sec=0   ev/simsec=0
     Messages:  created: 2   present: 2   in FES: 2
** Event #153998   t=172.138643217619   Elapsed: 0.015677s (0m 00s)
     Speed:     ev/sec=9.8395e+06   simsec/sec=10998.6   ev/simsec=894.618
     Messages:  created: 2   present: 2   in FES: 1

<!> Simulation stopped with endSimulation() -- in module (ScheduledAccessQueue) DectScheduledAccessNetwork.queue (id=2), at t=172.138643217619s, event #153998

Calling finish() at end of Run #865...

Preparing for running configuration MonetecFocusedSmallR, run #866...
Scenario: $r=16, $rho=0.245, $repetition=2
Assigned runID=MonetecFocusedSmallR-866-20260930-08:34:33-58
Setting up network "dect2020scheduledaccess.DectScheduledAccessNetwork"...
Initializing...

Running simulation...
** Event #0   t=0   Elapsed: 3e-06s (0m 00s)
     Speed:     ev/sec=0   simsec/sec=0   ev/simsec=0
     Messages:  created: 2   present: 2   in FES: 2
** Event #153906   t=172.202004844042   Elapsed: 0.015865s (0m 00s)
     Speed:     ev/sec=9.70281e+06   simsec/sec=10856.2   ev/simsec=893.755
     Messages:  created: 2   present: 2   in FES: 1

<!> Simulation stopped with endSimulation() -- in module (ScheduledAccessQueue) DectScheduledAccessNetwork.queue (id=2), at t=172.202004844042s, event #153906

Calling finish() at end of Run #866...

Preparing for running configuration MonetecFocusedSmallR, run #867...
Scenario: $r=16, $rho=0.250, $repetition=0
Assigned runID=MonetecFocusedSmallR-867-20260930-08:34:33-58
Setting up network "dect2020scheduledaccess.DectScheduledAccessNetwork"...
Initializing...

Running simulation...
** Event #0   t=0   Elapsed: 2.6e-05s (0m 00s)
     Speed:     ev/sec=0   simsec/sec=0   ev/simsec=0
     Messages:  created: 2   present: 2   in FES: 2
** Event #156238   t=172.06721075101   Elapsed: 0.016093s (0m 00s)
     Speed:     ev/sec=9.72416e+06   simsec/sec=10709.3   ev/simsec=908.01
     Messages:  created: 2   present: 2   in FES: 1

<!> Simulation stopped with endSimulation() -- in module (ScheduledAccessQueue) DectScheduledAccessNetwork.queue (id=2), at t=172.06721075101s, event #156238

Calling finish() at end of Run #867...

Preparing for running configuration MonetecFocusedSmallR, run #868...
Scenario: $r=16, $rho=0.250, $repetition=1
Assigned runID=MonetecFocusedSmallR-868-20260930-08:34:33-58
Setting up network "dect2020scheduledaccess.DectScheduledAccessNetwork"...
Initializing...

Running simulation...
** Event #0   t=0   Elapsed: 2.2e-05s (0m 00s)
     Speed:     ev/sec=0   simsec/sec=0   ev/simsec=0
     Messages:  created: 2   present: 2   in FES: 2
** Event #156157   t=172.166028661676   Elapsed: 0.015978s (0m 00s)
     Speed:     ev/sec=9.78673e+06   simsec/sec=10790   ev/simsec=907.014
     Messages:  created: 2   present: 2   in FES: 1

<!> Simulation stopped with endSimulation() -- in module (ScheduledAccessQueue) DectScheduledAccessNetwork.queue (id=2), at t=172.166028661676s, event #156157

Calling finish() at end of Run #868...

Preparing for running configuration MonetecFocusedSmallR, run #869...
Scenario: $r=16, $rho=0.250, $repetition=2
Assigned runID=MonetecFocusedSmallR-869-20260930-08:34:33-58
Setting up network "dect2020scheduledaccess.DectScheduledAccessNetwork"...
Initializing...

Running simulation...
** Event #0   t=0   Elapsed: 2.4e-05s (0m 00s)
     Speed:     ev/sec=0   simsec/sec=0   ev/simsec=0
     Messages:  created: 2   present: 2   in FES: 2
** Event #156093   t=172.218427080682   Elapsed: 0.016029s (0m 00s)
     Speed:     ev/sec=9.75276e+06   simsec/sec=10760.3   ev/simsec=906.367
     Messages:  created: 2   present: 2   in FES: 1

<!> Simulation stopped with endSimulation() -- in module (ScheduledAccessQueue) DectScheduledAccessNetwork.queue (id=2), at t=172.218427080682s, event #156093

Calling finish() at end of Run #869...

Preparing for running configuration MonetecFocusedSmallR, run #870...
Scenario: $r=16, $rho=0.255, $repetition=0
Assigned runID=MonetecFocusedSmallR-870-20260930-08:34:33-58
Setting up network "dect2020scheduledaccess.DectScheduledAccessNetwork"...
Initializing...

Running simulation...
** Event #0   t=0   Elapsed: 1.9e-05s (0m 00s)
     Speed:     ev/sec=0   simsec/sec=0   ev/simsec=0
     Messages:  created: 2   present: 2   in FES: 2
** Event #158462   t=172.141288936052   Elapsed: 0.016746s (0m 00s)
     Speed:     ev/sec=9.47399e+06   simsec/sec=10291.8   ev/simsec=920.54
     Messages:  created: 2   present: 2   in FES: 1

<!> Simulation stopped with endSimulation() -- in module (ScheduledAccessQueue) DectScheduledAccessNetwork.queue (id=2), at t=172.141288936052s, event #158462

Calling finish() at end of Run #870...

Preparing for running configuration MonetecFocusedSmallR, run #871...
Scenario: $r=16, $rho=0.255, $repetition=1
Assigned runID=MonetecFocusedSmallR-871-20260930-08:34:33-58
Setting up network "dect2020scheduledaccess.DectScheduledAccessNetwork"...
Initializing...

Running simulation...
** Event #0   t=0   Elapsed: 3e-06s (0m 00s)
     Speed:     ev/sec=0   simsec/sec=0   ev/simsec=0
     Messages:  created: 2   present: 2   in FES: 2
** Event #158036   t=172.101051670168   Elapsed: 0.016068s (0m 00s)
     Speed:     ev/sec=9.8379e+06   simsec/sec=10713.4   ev/simsec=918.279
     Messages:  created: 2   present: 2   in FES: 1

<!> Simulation stopped with endSimulation() -- in module (ScheduledAccessQueue) DectScheduledAccessNetwork.queue (id=2), at t=172.101051670168s, event #158036

Calling finish() at end of Run #871...

Preparing for running configuration MonetecFocusedSmallR, run #872...
Scenario: $r=16, $rho=0.255, $repetition=2
Assigned runID=MonetecFocusedSmallR-872-20260930-08:34:33-58
Setting up network "dect2020scheduledaccess.DectScheduledAccessNetwork"...
Initializing...

Running simulation...
** Event #0   t=0   Elapsed: 3e-06s (0m 00s)
     Speed:     ev/sec=0   simsec/sec=0   ev/simsec=0
     Messages:  created: 2   present: 2   in FES: 2
** Event #157962   t=172.148080867688   Elapsed: 0.016053s (0m 00s)
     Speed:     ev/sec=9.84187e+06   simsec/sec=10725.7   ev/simsec=917.594
     Messages:  created: 2   present: 2   in FES: 1

<!> Simulation stopped with endSimulation() -- in module (ScheduledAccessQueue) DectScheduledAccessNetwork.queue (id=2), at t=172.148080867688s, event #157962

Calling finish() at end of Run #872...

Preparing for running configuration MonetecFocusedSmallR, run #873...
Scenario: $r=16, $rho=0.260, $repetition=0
Assigned runID=MonetecFocusedSmallR-873-20260930-08:34:33-58
Setting up network "dect2020scheduledaccess.DectScheduledAccessNetwork"...
Initializing...

Running simulation...
** Event #0   t=0   Elapsed: 3e-06s (0m 00s)
     Speed:     ev/sec=0   simsec/sec=0   ev/simsec=0
     Messages:  created: 2   present: 2   in FES: 2
** Event #160360   t=172.079766404709   Elapsed: 0.016511s (0m 00s)
     Speed:     ev/sec=9.71408e+06   simsec/sec=10424   ev/simsec=931.896
     Messages:  created: 2   present: 2   in FES: 1

<!> Simulation stopped with endSimulation() -- in module (ScheduledAccessQueue) DectScheduledAccessNetwork.queue (id=2), at t=172.079766404709s, event #160360

Calling finish() at end of Run #873...

Preparing for running configuration MonetecFocusedSmallR, run #874...
Scenario: $r=16, $rho=0.260, $repetition=1
Assigned runID=MonetecFocusedSmallR-874-20260930-08:34:33-58
Setting up network "dect2020scheduledaccess.DectScheduledAccessNetwork"...
Initializing...

Running simulation...
** Event #0   t=0   Elapsed: 2e-06s (0m 00s)
     Speed:     ev/sec=0   simsec/sec=0   ev/simsec=0
     Messages:  created: 2   present: 2   in FES: 2
** Event #160234   t=172.134354184209   Elapsed: 0.0165s (0m 00s)
     Speed:     ev/sec=9.71292e+06   simsec/sec=10434.3   ev/simsec=930.866
     Messages:  created: 2   present: 2   in FES: 1

<!> Simulation stopped with endSimulation() -- in module (ScheduledAccessQueue) DectScheduledAccessNetwork.queue (id=2), at t=172.134354184209s, event #160234

Calling finish() at end of Run #874...

Preparing for running configuration MonetecFocusedSmallR, run #875...
Scenario: $r=16, $rho=0.260, $repetition=2
Assigned runID=MonetecFocusedSmallR-875-20260930-08:34:33-58
Setting up network "dect2020scheduledaccess.DectScheduledAccessNetwork"...
Initializing...

Running simulation...
** Event #0   t=0   Elapsed: 3e-06s (0m 00s)
     Speed:     ev/sec=0   simsec/sec=0   ev/simsec=0
     Messages:  created: 2   present: 2   in FES: 2
** Event #159954   t=172.131856913339   Elapsed: 0.016235s (0m 00s)
     Speed:     ev/sec=9.85424e+06   simsec/sec=10604.5   ev/simsec=929.255
     Messages:  created: 2   present: 2   in FES: 1

<!> Simulation stopped with endSimulation() -- in module (ScheduledAccessQueue) DectScheduledAccessNetwork.queue (id=2), at t=172.131856913339s, event #159954

Calling finish() at end of Run #875...

Preparing for running configuration MonetecFocusedSmallR, run #876...
Scenario: $r=16, $rho=0.265, $repetition=0
Assigned runID=MonetecFocusedSmallR-876-20260930-08:34:33-58
Setting up network "dect2020scheduledaccess.DectScheduledAccessNetwork"...
Initializing...

Running simulation...
** Event #0   t=0   Elapsed: 3e-06s (0m 00s)
     Speed:     ev/sec=0   simsec/sec=0   ev/simsec=0
     Messages:  created: 2   present: 2   in FES: 2
** Event #162212   t=172.013730719998   Elapsed: 0.016532s (0m 00s)
     Speed:     ev/sec=9.81438e+06   simsec/sec=10407.3   ev/simsec=943.029
     Messages:  created: 2   present: 2   in FES: 1

<!> Simulation stopped with endSimulation() -- in module (ScheduledAccessQueue) DectScheduledAccessNetwork.queue (id=2), at t=172.013730719998s, event #162212

Calling finish() at end of Run #876...

Preparing for running configuration MonetecFocusedSmallR, run #877...
Scenario: $r=16, $rho=0.265, $repetition=1
Assigned runID=MonetecFocusedSmallR-877-20260930-08:34:33-58
Setting up network "dect2020scheduledaccess.DectScheduledAccessNetwork"...
Initializing...

Running simulation...
** Event #0   t=0   Elapsed: 3e-06s (0m 00s)
     Speed:     ev/sec=0   simsec/sec=0   ev/simsec=0
     Messages:  created: 2   present: 2   in FES: 2
** Event #162382   t=172.161203874211   Elapsed: 0.016728s (0m 00s)
     Speed:     ev/sec=9.70894e+06   simsec/sec=10293.6   ev/simsec=943.2
     Messages:  created: 2   present: 2   in FES: 1

<!> Simulation stopped with endSimulation() -- in module (ScheduledAccessQueue) DectScheduledAccessNetwork.queue (id=2), at t=172.161203874211s, event #162382

Calling finish() at end of Run #877...

Preparing for running configuration MonetecFocusedSmallR, run #878...
Scenario: $r=16, $rho=0.265, $repetition=2
Assigned runID=MonetecFocusedSmallR-878-20260930-08:34:33-58
Setting up network "dect2020scheduledaccess.DectScheduledAccessNetwork"...
Initializing...

Running simulation...
** Event #0   t=0   Elapsed: 3e-06s (0m 00s)
     Speed:     ev/sec=0   simsec/sec=0   ev/simsec=0
     Messages:  created: 2   present: 2   in FES: 2
** Event #161998   t=172.115537789777   Elapsed: 0.01657s (0m 00s)
     Speed:     ev/sec=9.77894e+06   simsec/sec=10389.7   ev/simsec=941.217
     Messages:  created: 2   present: 2   in FES: 1

<!> Simulation stopped with endSimulation() -- in module (ScheduledAccessQueue) DectScheduledAccessNetwork.queue (id=2), at t=172.115537789777s, event #161998

Calling finish() at end of Run #878...

Preparing for running configuration MonetecFocusedSmallR, run #879...
Scenario: $r=16, $rho=0.270, $repetition=0
Assigned runID=MonetecFocusedSmallR-879-20260930-08:34:33-58
Setting up network "dect2020scheduledaccess.DectScheduledAccessNetwork"...
Initializing...

Running simulation...
** Event #0   t=0   Elapsed: 3e-06s (0m 00s)
     Speed:     ev/sec=0   simsec/sec=0   ev/simsec=0
     Messages:  created: 2   present: 2   in FES: 2
** Event #164744   t=172.180068330457   Elapsed: 0.016896s (0m 00s)
     Speed:     ev/sec=9.75221e+06   simsec/sec=10192.4   ev/simsec=956.813
     Messages:  created: 2   present: 2   in FES: 1

<!> Simulation stopped with endSimulation() -- in module (ScheduledAccessQueue) DectScheduledAccessNetwork.queue (id=2), at t=172.180068330457s, event #164744

Calling finish() at end of Run #879...

Preparing for running configuration MonetecFocusedSmallR, run #880...
Scenario: $r=16, $rho=0.270, $repetition=1
Assigned runID=MonetecFocusedSmallR-880-20260930-08:34:33-58
Setting up network "dect2020scheduledaccess.DectScheduledAccessNetwork"...
Initializing...

Running simulation...
** Event #0   t=0   Elapsed: 3e-06s (0m 00s)
     Speed:     ev/sec=0   simsec/sec=0   ev/simsec=0
     Messages:  created: 2   present: 2   in FES: 2
** Event #164706   t=172.239445967891   Elapsed: 0.016882s (0m 00s)
     Speed:     ev/sec=9.75804e+06   simsec/sec=10204.3   ev/simsec=956.269
     Messages:  created: 2   present: 2   in FES: 1

<!> Simulation stopped with endSimulation() -- in module (ScheduledAccessQueue) DectScheduledAccessNetwork.queue (id=2), at t=172.239445967891s, event #164706

Calling finish() at end of Run #880...

Preparing for running configuration MonetecFocusedSmallR, run #881...
Scenario: $r=16, $rho=0.270, $repetition=2
Assigned runID=MonetecFocusedSmallR-881-20260930-08:34:33-58
Setting up network "dect2020scheduledaccess.DectScheduledAccessNetwork"...
Initializing...

Running simulation...
** Event #0   t=0   Elapsed: 3e-06s (0m 00s)
     Speed:     ev/sec=0   simsec/sec=0   ev/simsec=0
     Messages:  created: 2   present: 2   in FES: 2
** Event #164329   t=172.185418043444   Elapsed: 0.016664s (0m 00s)
     Speed:     ev/sec=9.86369e+06   simsec/sec=10335.2   ev/simsec=954.375
     Messages:  created: 2   present: 2   in FES: 1

<!> Simulation stopped with endSimulation() -- in module (ScheduledAccessQueue) DectScheduledAccessNetwork.queue (id=2), at t=172.185418043444s, event #164329

Calling finish() at end of Run #881...

Preparing for running configuration MonetecFocusedSmallR, run #882...
Scenario: $r=16, $rho=0.275, $repetition=0
Assigned runID=MonetecFocusedSmallR-882-20260930-08:34:33-58
Setting up network "dect2020scheduledaccess.DectScheduledAccessNetwork"...
Initializing...

Running simulation...
** Event #0   t=0   Elapsed: 3e-06s (0m 00s)
     Speed:     ev/sec=0   simsec/sec=0   ev/simsec=0
     Messages:  created: 2   present: 2   in FES: 2
** Event #166682   t=172.132076250152   Elapsed: 0.016995s (0m 00s)
     Speed:     ev/sec=9.80944e+06   simsec/sec=10130.2   ev/simsec=968.34
     Messages:  created: 2   present: 2   in FES: 1

<!> Simulation stopped with endSimulation() -- in module (ScheduledAccessQueue) DectScheduledAccessNetwork.queue (id=2), at t=172.132076250152s, event #166682

Calling finish() at end of Run #882...

Preparing for running configuration MonetecFocusedSmallR, run #883...
Scenario: $r=16, $rho=0.275, $repetition=1
Assigned runID=MonetecFocusedSmallR-883-20260930-08:34:33-58
Setting up network "dect2020scheduledaccess.DectScheduledAccessNetwork"...
Initializing...

Running simulation...
** Event #0   t=0   Elapsed: 3e-06s (0m 00s)
     Speed:     ev/sec=0   simsec/sec=0   ev/simsec=0
     Messages:  created: 2   present: 2   in FES: 2
** Event #166326   t=172.103789409805   Elapsed: 0.017024s (0m 00s)
     Speed:     ev/sec=9.77181e+06   simsec/sec=10111.2   ev/simsec=966.436
     Messages:  created: 2   present: 2   in FES: 1

<!> Simulation stopped with endSimulation() -- in module (ScheduledAccessQueue) DectScheduledAccessNetwork.queue (id=2), at t=172.103789409805s, event #166326

Calling finish() at end of Run #883...

Preparing for running configuration MonetecFocusedSmallR, run #884...
Scenario: $r=16, $rho=0.275, $repetition=2
Assigned runID=MonetecFocusedSmallR-884-20260930-08:34:33-58
Setting up network "dect2020scheduledaccess.DectScheduledAccessNetwork"...
Initializing...

Running simulation...
** Event #0   t=0   Elapsed: 2.1e-05s (0m 00s)
     Speed:     ev/sec=0   simsec/sec=0   ev/simsec=0
     Messages:  created: 2   present: 2   in FES: 2
** Event #166408   t=172.21089302776   Elapsed: 0.016968s (0m 00s)
     Speed:     ev/sec=9.81932e+06   simsec/sec=10161.7   ev/simsec=966.306
     Messages:  created: 2   present: 2   in FES: 1

<!> Simulation stopped with endSimulation() -- in module (ScheduledAccessQueue) DectScheduledAccessNetwork.queue (id=2), at t=172.21089302776s, event #166408

Calling finish() at end of Run #884...

Preparing for running configuration MonetecFocusedSmallR, run #885...
Scenario: $r=16, $rho=0.280, $repetition=0
Assigned runID=MonetecFocusedSmallR-885-20260930-08:34:33-58
Setting up network "dect2020scheduledaccess.DectScheduledAccessNetwork"...
Initializing...

Running simulation...
** Event #0   t=0   Elapsed: 3e-06s (0m 00s)
     Speed:     ev/sec=0   simsec/sec=0   ev/simsec=0
     Messages:  created: 2   present: 2   in FES: 2
** Event #168435   t=172.0297393899   Elapsed: 0.017295s (0m 00s)
     Speed:     ev/sec=9.74119e+06   simsec/sec=9949.09   ev/simsec=979.104
     Messages:  created: 2   present: 2   in FES: 1

<!> Simulation stopped with endSimulation() -- in module (ScheduledAccessQueue) DectScheduledAccessNetwork.queue (id=2), at t=172.0297393899s, event #168435

Calling finish() at end of Run #885...

Preparing for running configuration MonetecFocusedSmallR, run #886...
Scenario: $r=16, $rho=0.280, $repetition=1
Assigned runID=MonetecFocusedSmallR-886-20260930-08:34:33-58
Setting up network "dect2020scheduledaccess.DectScheduledAccessNetwork"...
Initializing...

Running simulation...
** Event #0   t=0   Elapsed: 3e-06s (0m 00s)
     Speed:     ev/sec=0   simsec/sec=0   ev/simsec=0
     Messages:  created: 2   present: 2   in FES: 2
** Event #168657   t=172.168857952972   Elapsed: 0.017084s (0m 00s)
     Speed:     ev/sec=9.87395e+06   simsec/sec=10079.5   ev/simsec=979.605
     Messages:  created: 2   present: 2   in FES: 1

<!> Simulation stopped with endSimulation() -- in module (ScheduledAccessQueue) DectScheduledAccessNetwork.queue (id=2), at t=172.168857952972s, event #168657

Calling finish() at end of Run #886...

Preparing for running configuration MonetecFocusedSmallR, run #887...
Scenario: $r=16, $rho=0.280, $repetition=2
Assigned runID=MonetecFocusedSmallR-887-20260930-08:34:33-58
Setting up network "dect2020scheduledaccess.DectScheduledAccessNetwork"...
Initializing...

Running simulation...
** Event #0   t=0   Elapsed: 2.4e-05s (0m 00s)
     Speed:     ev/sec=0   simsec/sec=0   ev/simsec=0
     Messages:  created: 2   present: 2   in FES: 2
** Event #168356   t=172.162083839092   Elapsed: 0.017098s (0m 00s)
     Speed:     ev/sec=9.86037e+06   simsec/sec=10083.3   ev/simsec=977.893
     Messages:  created: 2   present: 2   in FES: 1

<!> Simulation stopped with endSimulation() -- in module (ScheduledAccessQueue) DectScheduledAccessNetwork.queue (id=2), at t=172.162083839092s, event #168356

Calling finish() at end of Run #887...

Preparing for running configuration MonetecFocusedSmallR, run #888...
Scenario: $r=16, $rho=0.285, $repetition=0
Assigned runID=MonetecFocusedSmallR-888-20260930-08:34:33-58
Setting up network "dect2020scheduledaccess.DectScheduledAccessNetwork"...
Initializing...

Running simulation...
** Event #0   t=0   Elapsed: 2.7e-05s (0m 00s)
     Speed:     ev/sec=0   simsec/sec=0   ev/simsec=0
     Messages:  created: 2   present: 2   in FES: 2
** Event #170631   t=172.084525052793   Elapsed: 0.01744s (0m 00s)
     Speed:     ev/sec=9.7985e+06   simsec/sec=9881.94   ev/simsec=991.555
     Messages:  created: 2   present: 2   in FES: 1

<!> Simulation stopped with endSimulation() -- in module (ScheduledAccessQueue) DectScheduledAccessNetwork.queue (id=2), at t=172.084525052793s, event #170631

Calling finish() at end of Run #888...

Preparing for running configuration MonetecFocusedSmallR, run #889...
Scenario: $r=16, $rho=0.285, $repetition=1
Assigned runID=MonetecFocusedSmallR-889-20260930-08:34:33-58
Setting up network "dect2020scheduledaccess.DectScheduledAccessNetwork"...
Initializing...

Running simulation...
** Event #0   t=0   Elapsed: 2e-05s (0m 00s)
     Speed:     ev/sec=0   simsec/sec=0   ev/simsec=0
     Messages:  created: 2   present: 2   in FES: 2
** Event #171069   t=172.268894629326   Elapsed: 0.017404s (0m 00s)
     Speed:     ev/sec=9.8406e+06   simsec/sec=9909.62   ev/simsec=993.035
     Messages:  created: 2   present: 2   in FES: 1

<!> Simulation stopped with endSimulation() -- in module (ScheduledAccessQueue) DectScheduledAccessNetwork.queue (id=2), at t=172.268894629326s, event #171069

Calling finish() at end of Run #889...

Preparing for running configuration MonetecFocusedSmallR, run #890...
Scenario: $r=16, $rho=0.285, $repetition=2
Assigned runID=MonetecFocusedSmallR-890-20260930-08:34:33-58
Setting up network "dect2020scheduledaccess.DectScheduledAccessNetwork"...
Initializing...

Running simulation...
** Event #0   t=0   Elapsed: 3e-05s (0m 00s)
     Speed:     ev/sec=0   simsec/sec=0   ev/simsec=0
     Messages:  created: 2   present: 2   in FES: 2
** Event #170215   t=172.101747002175   Elapsed: 0.017482s (0m 00s)
     Speed:     ev/sec=9.75388e+06   simsec/sec=9861.99   ev/simsec=989.038
     Messages:  created: 2   present: 2   in FES: 1

<!> Simulation stopped with endSimulation() -- in module (ScheduledAccessQueue) DectScheduledAccessNetwork.queue (id=2), at t=172.101747002175s, event #170215

Calling finish() at end of Run #890...

Preparing for running configuration MonetecFocusedSmallR, run #891...
Scenario: $r=16, $rho=0.290, $repetition=0
Assigned runID=MonetecFocusedSmallR-891-20260930-08:34:33-58
Setting up network "dect2020scheduledaccess.DectScheduledAccessNetwork"...
Initializing...

Running simulation...
** Event #0   t=0   Elapsed: 3e-06s (0m 00s)
     Speed:     ev/sec=0   simsec/sec=0   ev/simsec=0
     Messages:  created: 2   present: 2   in FES: 2
** Event #172816   t=172.138741929923   Elapsed: 0.017653s (0m 00s)
     Speed:     ev/sec=9.79127e+06   simsec/sec=9752.88   ev/simsec=1003.94
     Messages:  created: 2   present: 2   in FES: 1

<!> Simulation stopped with endSimulation() -- in module (ScheduledAccessQueue) DectScheduledAccessNetwork.queue (id=2), at t=172.138741929923s, event #172816

Calling finish() at end of Run #891...

Preparing for running configuration MonetecFocusedSmallR, run #892...
Scenario: $r=16, $rho=0.290, $repetition=1
Assigned runID=MonetecFocusedSmallR-892-20260930-08:34:33-58
Setting up network "dect2020scheduledaccess.DectScheduledAccessNetwork"...
Initializing...

Running simulation...
** Event #0   t=0   Elapsed: 6e-06s (0m 00s)
     Speed:     ev/sec=0   simsec/sec=0   ev/simsec=0
     Messages:  created: 2   present: 2   in FES: 2
** Event #172661   t=172.130504236156   Elapsed: 0.017669s (0m 00s)
     Speed:     ev/sec=9.77363e+06   simsec/sec=9743.6   ev/simsec=1003.08
     Messages:  created: 2   present: 2   in FES: 1

<!> Simulation stopped with endSimulation() -- in module (ScheduledAccessQueue) DectScheduledAccessNetwork.queue (id=2), at t=172.130504236156s, event #172661

Calling finish() at end of Run #892...

Preparing for running configuration MonetecFocusedSmallR, run #893...
Scenario: $r=16, $rho=0.290, $repetition=2
Assigned runID=MonetecFocusedSmallR-893-20260930-08:34:33-58
Setting up network "dect2020scheduledaccess.DectScheduledAccessNetwork"...
Initializing...

Running simulation...
** Event #0   t=0   Elapsed: 3e-06s (0m 00s)
     Speed:     ev/sec=0   simsec/sec=0   ev/simsec=0
     Messages:  created: 2   present: 2   in FES: 2
** Event #172366   t=172.141130692312   Elapsed: 0.01766s (0m 00s)
     Speed:     ev/sec=9.76191e+06   simsec/sec=9749.17   ev/simsec=1001.31
     Messages:  created: 2   present: 2   in FES: 1

<!> Simulation stopped with endSimulation() -- in module (ScheduledAccessQueue) DectScheduledAccessNetwork.queue (id=2), at t=172.141130692312s, event #172366

Calling finish() at end of Run #893...

Preparing for running configuration MonetecFocusedSmallR, run #894...
Scenario: $r=16, $rho=0.295, $repetition=0
Assigned runID=MonetecFocusedSmallR-894-20260930-08:34:33-58
Setting up network "dect2020scheduledaccess.DectScheduledAccessNetwork"...
Initializing...

Running simulation...
** Event #0   t=0   Elapsed: 4e-06s (0m 00s)
     Speed:     ev/sec=0   simsec/sec=0   ev/simsec=0
     Messages:  created: 2   present: 2   in FES: 2
** Event #174555   t=172.018905023663   Elapsed: 0.017989s (0m 00s)
     Speed:     ev/sec=9.70613e+06   simsec/sec=9565.09   ev/simsec=1014.75
     Messages:  created: 2   present: 2   in FES: 1

<!> Simulation stopped with endSimulation() -- in module (ScheduledAccessQueue) DectScheduledAccessNetwork.queue (id=2), at t=172.018905023663s, event #174555

Calling finish() at end of Run #894...

Preparing for running configuration MonetecFocusedSmallR, run #895...
Scenario: $r=16, $rho=0.295, $repetition=1
Assigned runID=MonetecFocusedSmallR-895-20260930-08:34:33-58
Setting up network "dect2020scheduledaccess.DectScheduledAccessNetwork"...
Initializing...

Running simulation...
** Event #0   t=0   Elapsed: 2.8e-05s (0m 00s)
     Speed:     ev/sec=0   simsec/sec=0   ev/simsec=0
     Messages:  created: 2   present: 2   in FES: 2
** Event #175131   t=172.234986146437   Elapsed: 0.018195s (0m 00s)
     Speed:     ev/sec=9.63953e+06   simsec/sec=9480.13   ev/simsec=1016.81
     Messages:  created: 2   present: 2   in FES: 1

<!> Simulation stopped with endSimulation() -- in module (ScheduledAccessQueue) DectScheduledAccessNetwork.queue (id=2), at t=172.234986146437s, event #175131

Calling finish() at end of Run #895...

Preparing for running configuration MonetecFocusedSmallR, run #896...
Scenario: $r=16, $rho=0.295, $repetition=2
Assigned runID=MonetecFocusedSmallR-896-20260930-08:34:33-58
Setting up network "dect2020scheduledaccess.DectScheduledAccessNetwork"...
Initializing...

Running simulation...
** Event #0   t=0   Elapsed: 3e-06s (0m 00s)
     Speed:     ev/sec=0   simsec/sec=0   ev/simsec=0
     Messages:  created: 2   present: 2   in FES: 2
** Event #174388   t=172.092983367834   Elapsed: 0.018246s (0m 00s)
     Speed:     ev/sec=9.5597e+06   simsec/sec=9433.87   ev/simsec=1013.34
     Messages:  created: 2   present: 2   in FES: 1

<!> Simulation stopped with endSimulation() -- in module (ScheduledAccessQueue) DectScheduledAccessNetwork.queue (id=2), at t=172.092983367834s, event #174388

Calling finish() at end of Run #896...

Preparing for running configuration MonetecFocusedSmallR, run #897...
Scenario: $r=16, $rho=0.300, $repetition=0
Assigned runID=MonetecFocusedSmallR-897-20260930-08:34:33-58
Setting up network "dect2020scheduledaccess.DectScheduledAccessNetwork"...
Initializing...

Running simulation...
** Event #0   t=0   Elapsed: 3e-06s (0m 00s)
     Speed:     ev/sec=0   simsec/sec=0   ev/simsec=0
     Messages:  created: 2   present: 2   in FES: 2
** Event #176827   t=172.067568966254   Elapsed: 0.018094s (0m 00s)
     Speed:     ev/sec=9.77539e+06   simsec/sec=9512.27   ev/simsec=1027.66
     Messages:  created: 2   present: 2   in FES: 1

<!> Simulation stopped with endSimulation() -- in module (ScheduledAccessQueue) DectScheduledAccessNetwork.queue (id=2), at t=172.067568966254s, event #176827

Calling finish() at end of Run #897...

Preparing for running configuration MonetecFocusedSmallR, run #898...
Scenario: $r=16, $rho=0.300, $repetition=1
Assigned runID=MonetecFocusedSmallR-898-20260930-08:34:33-58
Setting up network "dect2020scheduledaccess.DectScheduledAccessNetwork"...
Initializing...

Running simulation...
** Event #0   t=0   Elapsed: 3e-06s (0m 00s)
     Speed:     ev/sec=0   simsec/sec=0   ev/simsec=0
     Messages:  created: 2   present: 2   in FES: 2
** Event #177327   t=172.258941379219   Elapsed: 0.01822s (0m 00s)
     Speed:     ev/sec=9.73468e+06   simsec/sec=9456.46   ev/simsec=1029.42
     Messages:  created: 2   present: 2   in FES: 1

<!> Simulation stopped with endSimulation() -- in module (ScheduledAccessQueue) DectScheduledAccessNetwork.queue (id=2), at t=172.258941379219s, event #177327

Calling finish() at end of Run #898...

Preparing for running configuration MonetecFocusedSmallR, run #899...
Scenario: $r=16, $rho=0.300, $repetition=2
Assigned runID=MonetecFocusedSmallR-899-20260930-08:34:33-58
Setting up network "dect2020scheduledaccess.DectScheduledAccessNetwork"...
Initializing...

Running simulation...
** Event #0   t=0   Elapsed: 3e-06s (0m 00s)
     Speed:     ev/sec=0   simsec/sec=0   ev/simsec=0
     Messages:  created: 2   present: 2   in FES: 2
** Event #176962   t=172.243795489562   Elapsed: 0.018079s (0m 00s)
     Speed:     ev/sec=9.79043e+06   simsec/sec=9529.36   ev/simsec=1027.4
     Messages:  created: 2   present: 2   in FES: 1

<!> Simulation stopped with endSimulation() -- in module (ScheduledAccessQueue) DectScheduledAccessNetwork.queue (id=2), at t=172.243795489562s, event #176962

Calling finish() at end of Run #899...

Preparing for running configuration MonetecFocusedSmallR, run #900...
Scenario: $r=20, $rho=0.005, $repetition=0
Assigned runID=MonetecFocusedSmallR-900-20260930-08:34:33-58
Setting up network "dect2020scheduledaccess.DectScheduledAccessNetwork"...
Initializing...

Running simulation...
** Event #0   t=0   Elapsed: 1.9e-05s (0m 00s)
     Speed:     ev/sec=0   simsec/sec=0   ev/simsec=0
     Messages:  created: 2   present: 2   in FES: 2
** Event #389119   t=2886.613252335852   Elapsed: 0.029942s (0m 00s)
     Speed:     ev/sec=1.3004e+07   simsec/sec=96468   ev/simsec=134.801
     Messages:  created: 2   present: 2   in FES: 1

<!> Simulation stopped with endSimulation() -- in module (ScheduledAccessQueue) DectScheduledAccessNetwork.queue (id=2), at t=2886.613252335852s, event #389119

Calling finish() at end of Run #900...

Preparing for running configuration MonetecFocusedSmallR, run #901...
Scenario: $r=20, $rho=0.005, $repetition=1
Assigned runID=MonetecFocusedSmallR-901-20260930-08:34:33-58
Setting up network "dect2020scheduledaccess.DectScheduledAccessNetwork"...
Initializing...

Running simulation...
** Event #0   t=0   Elapsed: 3e-06s (0m 00s)
     Speed:     ev/sec=0   simsec/sec=0   ev/simsec=0
     Messages:  created: 2   present: 2   in FES: 2
** Event #392466   t=2916.726505529272   Elapsed: 0.030143s (0m 00s)
     Speed:     ev/sec=1.30214e+07   simsec/sec=96772.6   ev/simsec=134.557
     Messages:  created: 2   present: 2   in FES: 1

<!> Simulation stopped with endSimulation() -- in module (ScheduledAccessQueue) DectScheduledAccessNetwork.queue (id=2), at t=2916.726505529272s, event #392466

Calling finish() at end of Run #901...

Preparing for running configuration MonetecFocusedSmallR, run #902...
Scenario: $r=20, $rho=0.005, $repetition=2
Assigned runID=MonetecFocusedSmallR-902-20260930-08:34:33-58
Setting up network "dect2020scheduledaccess.DectScheduledAccessNetwork"...
Initializing...

Running simulation...
** Event #0   t=0   Elapsed: 3e-06s (0m 00s)
     Speed:     ev/sec=0   simsec/sec=0   ev/simsec=0
     Messages:  created: 2   present: 2   in FES: 2
** Event #389795   t=2892.738498770359   Elapsed: 0.030343s (0m 00s)
     Speed:     ev/sec=1.28484e+07   simsec/sec=95350.3   ev/simsec=134.75
     Messages:  created: 2   present: 2   in FES: 1

<!> Simulation stopped with endSimulation() -- in module (ScheduledAccessQueue) DectScheduledAccessNetwork.queue (id=2), at t=2892.738498770359s, event #389795

Calling finish() at end of Run #902...

Preparing for running configuration MonetecFocusedSmallR, run #903...
Scenario: $r=20, $rho=0.010, $repetition=0
Assigned runID=MonetecFocusedSmallR-903-20260930-08:34:33-58
Setting up network "dect2020scheduledaccess.DectScheduledAccessNetwork"...
Initializing...

Running simulation...
** Event #0   t=0   Elapsed: 2e-05s (0m 00s)
     Speed:     ev/sec=0   simsec/sec=0   ev/simsec=0
     Messages:  created: 2   present: 2   in FES: 2
** Event #228785   t=1443.596070388846   Elapsed: 0.019138s (0m 00s)
     Speed:     ev/sec=1.1967e+07   simsec/sec=75509.8   ev/simsec=158.483
     Messages:  created: 2   present: 2   in FES: 1

<!> Simulation stopped with endSimulation() -- in module (ScheduledAccessQueue) DectScheduledAccessNetwork.queue (id=2), at t=1443.596070388846s, event #228785

Calling finish() at end of Run #903...

Preparing for running configuration MonetecFocusedSmallR, run #904...
Scenario: $r=20, $rho=0.010, $repetition=1
Assigned runID=MonetecFocusedSmallR-904-20260930-08:34:33-58
Setting up network "dect2020scheduledaccess.DectScheduledAccessNetwork"...
Initializing...

Running simulation...
** Event #0   t=0   Elapsed: 2.2e-05s (0m 00s)
     Speed:     ev/sec=0   simsec/sec=0   ev/simsec=0
     Messages:  created: 2   present: 2   in FES: 2
** Event #230706   t=1460.861580971635   Elapsed: 0.019067s (0m 00s)
     Speed:     ev/sec=1.21144e+07   simsec/sec=76709.8   ev/simsec=157.925
     Messages:  created: 2   present: 2   in FES: 1

<!> Simulation stopped with endSimulation() -- in module (ScheduledAccessQueue) DectScheduledAccessNetwork.queue (id=2), at t=1460.861580971635s, event #230706

Calling finish() at end of Run #904...

Preparing for running configuration MonetecFocusedSmallR, run #905...
Scenario: $r=20, $rho=0.010, $repetition=2
Assigned runID=MonetecFocusedSmallR-905-20260930-08:34:33-58
Setting up network "dect2020scheduledaccess.DectScheduledAccessNetwork"...
Initializing...

Running simulation...
** Event #0   t=0   Elapsed: 2.5e-05s (0m 00s)
     Speed:     ev/sec=0   simsec/sec=0   ev/simsec=0
     Messages:  created: 2   present: 2   in FES: 2
** Event #229087   t=1446.36652092372   Elapsed: 0.018751s (0m 00s)
     Speed:     ev/sec=1.22336e+07   simsec/sec=77238.3   ev/simsec=158.388
     Messages:  created: 2   present: 2   in FES: 1

<!> Simulation stopped with endSimulation() -- in module (ScheduledAccessQueue) DectScheduledAccessNetwork.queue (id=2), at t=1446.36652092372s, event #229087

Calling finish() at end of Run #905...

Preparing for running configuration MonetecFocusedSmallR, run #906...
Scenario: $r=20, $rho=0.015, $repetition=0
Assigned runID=MonetecFocusedSmallR-906-20260930-08:34:34-58
Setting up network "dect2020scheduledaccess.DectScheduledAccessNetwork"...
Initializing...

Running simulation...
** Event #0   t=0   Elapsed: 3e-06s (0m 00s)
     Speed:     ev/sec=0   simsec/sec=0   ev/simsec=0
     Messages:  created: 2   present: 2   in FES: 2
** Event #175351   t=962.685764490582   Elapsed: 0.015115s (0m 00s)
     Speed:     ev/sec=1.16034e+07   simsec/sec=63703.4   ev/simsec=182.148
     Messages:  created: 2   present: 2   in FES: 1

<!> Simulation stopped with endSimulation() -- in module (ScheduledAccessQueue) DectScheduledAccessNetwork.queue (id=2), at t=962.685764490582s, event #175351

Calling finish() at end of Run #906...

Preparing for running configuration MonetecFocusedSmallR, run #907...
Scenario: $r=20, $rho=0.015, $repetition=1
Assigned runID=MonetecFocusedSmallR-907-20260930-08:34:34-58
Setting up network "dect2020scheduledaccess.DectScheduledAccessNetwork"...
Initializing...

Running simulation...
** Event #0   t=0   Elapsed: 3e-06s (0m 00s)
     Speed:     ev/sec=0   simsec/sec=0   ev/simsec=0
     Messages:  created: 2   present: 2   in FES: 2
** Event #175981   t=968.418894668045   Elapsed: 0.015117s (0m 00s)
     Speed:     ev/sec=1.16436e+07   simsec/sec=64074.2   ev/simsec=181.72
     Messages:  created: 2   present: 2   in FES: 1

<!> Simulation stopped with endSimulation() -- in module (ScheduledAccessQueue) DectScheduledAccessNetwork.queue (id=2), at t=968.418894668045s, event #175981

Calling finish() at end of Run #907...

Preparing for running configuration MonetecFocusedSmallR, run #908...
Scenario: $r=20, $rho=0.015, $repetition=2
Assigned runID=MonetecFocusedSmallR-908-20260930-08:34:34-58
Setting up network "dect2020scheduledaccess.DectScheduledAccessNetwork"...
Initializing...

Running simulation...
** Event #0   t=0   Elapsed: 3e-06s (0m 00s)
     Speed:     ev/sec=0   simsec/sec=0   ev/simsec=0
     Messages:  created: 2   present: 2   in FES: 2
** Event #175528   t=964.334276081494   Elapsed: 0.015303s (0m 00s)
     Speed:     ev/sec=1.14732e+07   simsec/sec=63032.4   ev/simsec=182.02
     Messages:  created: 2   present: 2   in FES: 1

<!> Simulation stopped with endSimulation() -- in module (ScheduledAccessQueue) DectScheduledAccessNetwork.queue (id=2), at t=964.334276081494s, event #175528

Calling finish() at end of Run #908...

Preparing for running configuration MonetecFocusedSmallR, run #909...
Scenario: $r=20, $rho=0.020, $repetition=0
Assigned runID=MonetecFocusedSmallR-909-20260930-08:34:34-58
Setting up network "dect2020scheduledaccess.DectScheduledAccessNetwork"...
Initializing...

Running simulation...
** Event #0   t=0   Elapsed: 3e-06s (0m 00s)
     Speed:     ev/sec=0   simsec/sec=0   ev/simsec=0
     Messages:  created: 2   present: 2   in FES: 2
** Event #148616   t=722.069786024876   Elapsed: 0.013306s (0m 00s)
     Speed:     ev/sec=1.11716e+07   simsec/sec=54278.7   ev/simsec=205.819
     Messages:  created: 2   present: 2   in FES: 1

<!> Simulation stopped with endSimulation() -- in module (ScheduledAccessQueue) DectScheduledAccessNetwork.queue (id=2), at t=722.069786024876s, event #148616

Calling finish() at end of Run #909...

Preparing for running configuration MonetecFocusedSmallR, run #910...
Scenario: $r=20, $rho=0.020, $repetition=1
Assigned runID=MonetecFocusedSmallR-910-20260930-08:34:34-58
Setting up network "dect2020scheduledaccess.DectScheduledAccessNetwork"...
Initializing...

Running simulation...
** Event #0   t=0   Elapsed: 2.3e-05s (0m 00s)
     Speed:     ev/sec=0   simsec/sec=0   ev/simsec=0
     Messages:  created: 2   present: 2   in FES: 2
** Event #149085   t=726.354075796872   Elapsed: 0.013528s (0m 00s)
     Speed:     ev/sec=1.10392e+07   simsec/sec=53784   ev/simsec=205.251
     Messages:  created: 2   present: 2   in FES: 1

<!> Simulation stopped with endSimulation() -- in module (ScheduledAccessQueue) DectScheduledAccessNetwork.queue (id=2), at t=726.354075796872s, event #149085

Calling finish() at end of Run #910...

Preparing for running configuration MonetecFocusedSmallR, run #911...
Scenario: $r=20, $rho=0.020, $repetition=2
Assigned runID=MonetecFocusedSmallR-911-20260930-08:34:34-58
Setting up network "dect2020scheduledaccess.DectScheduledAccessNetwork"...
Initializing...

Running simulation...
** Event #0   t=0   Elapsed: 3e-06s (0m 00s)
     Speed:     ev/sec=0   simsec/sec=0   ev/simsec=0
     Messages:  created: 2   present: 2   in FES: 2
** Event #148681   t=722.721863725748   Elapsed: 0.013416s (0m 00s)
     Speed:     ev/sec=1.10848e+07   simsec/sec=53882.1   ev/simsec=205.724
     Messages:  created: 2   present: 2   in FES: 1

<!> Simulation stopped with endSimulation() -- in module (ScheduledAccessQueue) DectScheduledAccessNetwork.queue (id=2), at t=722.721863725748s, event #148681

Calling finish() at end of Run #911...

Preparing for running configuration MonetecFocusedSmallR, run #912...
Scenario: $r=20, $rho=0.025, $repetition=0
Assigned runID=MonetecFocusedSmallR-912-20260930-08:34:34-58
Setting up network "dect2020scheduledaccess.DectScheduledAccessNetwork"...
Initializing...

Running simulation...
** Event #0   t=0   Elapsed: 3e-06s (0m 00s)
     Speed:     ev/sec=0   simsec/sec=0   ev/simsec=0
     Messages:  created: 2   present: 2   in FES: 2
** Event #132606   t=577.93751210517   Elapsed: 0.012161s (0m 00s)
     Speed:     ev/sec=1.09069e+07   simsec/sec=47535.6   ev/simsec=229.447
     Messages:  created: 2   present: 2   in FES: 1

<!> Simulation stopped with endSimulation() -- in module (ScheduledAccessQueue) DectScheduledAccessNetwork.queue (id=2), at t=577.93751210517s, event #132606

Calling finish() at end of Run #912...

Preparing for running configuration MonetecFocusedSmallR, run #913...
Scenario: $r=20, $rho=0.025, $repetition=1
Assigned runID=MonetecFocusedSmallR-913-20260930-08:34:34-58
Setting up network "dect2020scheduledaccess.DectScheduledAccessNetwork"...
Initializing...

Running simulation...
** Event #0   t=0   Elapsed: 3e-06s (0m 00s)
     Speed:     ev/sec=0   simsec/sec=0   ev/simsec=0
     Messages:  created: 2   present: 2   in FES: 2
** Event #133061   t=582.112555371772   Elapsed: 0.012223s (0m 00s)
     Speed:     ev/sec=1.08888e+07   simsec/sec=47636   ev/simsec=228.583
     Messages:  created: 2   present: 2   in FES: 1

<!> Simulation stopped with endSimulation() -- in module (ScheduledAccessQueue) DectScheduledAccessNetwork.queue (id=2), at t=582.112555371772s, event #133061

Calling finish() at end of Run #913...

Preparing for running configuration MonetecFocusedSmallR, run #914...
Scenario: $r=20, $rho=0.025, $repetition=2
Assigned runID=MonetecFocusedSmallR-914-20260930-08:34:34-58
Setting up network "dect2020scheduledaccess.DectScheduledAccessNetwork"...
Initializing...

Running simulation...
** Event #0   t=0   Elapsed: 3e-06s (0m 00s)
     Speed:     ev/sec=0   simsec/sec=0   ev/simsec=0
     Messages:  created: 2   present: 2   in FES: 2
** Event #132462   t=576.785565104481   Elapsed: 0.012253s (0m 00s)
     Speed:     ev/sec=1.08132e+07   simsec/sec=47084.4   ev/simsec=229.656
     Messages:  created: 2   present: 2   in FES: 1

<!> Simulation stopped with endSimulation() -- in module (ScheduledAccessQueue) DectScheduledAccessNetwork.queue (id=2), at t=576.785565104481s, event #132462

Calling finish() at end of Run #914...

Preparing for running configuration MonetecFocusedSmallR, run #915...
Scenario: $r=20, $rho=0.030, $repetition=0
Assigned runID=MonetecFocusedSmallR-915-20260930-08:34:34-58
Setting up network "dect2020scheduledaccess.DectScheduledAccessNetwork"...
Initializing...

Running simulation...
** Event #0   t=0   Elapsed: 3e-06s (0m 00s)
     Speed:     ev/sec=0   simsec/sec=0   ev/simsec=0
     Messages:  created: 2   present: 2   in FES: 2
** Event #121766   t=480.455847002049   Elapsed: 0.011457s (0m 00s)
     Speed:     ev/sec=1.06309e+07   simsec/sec=41946.5   ev/simsec=253.439
     Messages:  created: 2   present: 2   in FES: 1

<!> Simulation stopped with endSimulation() -- in module (ScheduledAccessQueue) DectScheduledAccessNetwork.queue (id=2), at t=480.455847002049s, event #121766

Calling finish() at end of Run #915...

Preparing for running configuration MonetecFocusedSmallR, run #916...
Scenario: $r=20, $rho=0.030, $repetition=1
Assigned runID=MonetecFocusedSmallR-916-20260930-08:34:34-58
Setting up network "dect2020scheduledaccess.DectScheduledAccessNetwork"...
Initializing...

Running simulation...
** Event #0   t=0   Elapsed: 3e-06s (0m 00s)
     Speed:     ev/sec=0   simsec/sec=0   ev/simsec=0
     Messages:  created: 2   present: 2   in FES: 2
** Event #122359   t=485.774202630039   Elapsed: 0.011443s (0m 00s)
     Speed:     ev/sec=1.06957e+07   simsec/sec=42462.7   ev/simsec=251.885
     Messages:  created: 2   present: 2   in FES: 1

<!> Simulation stopped with endSimulation() -- in module (ScheduledAccessQueue) DectScheduledAccessNetwork.queue (id=2), at t=485.774202630039s, event #122359

Calling finish() at end of Run #916...

Preparing for running configuration MonetecFocusedSmallR, run #917...
Scenario: $r=20, $rho=0.030, $repetition=2
Assigned runID=MonetecFocusedSmallR-917-20260930-08:34:34-58
Setting up network "dect2020scheduledaccess.DectScheduledAccessNetwork"...
Initializing...

Running simulation...
** Event #0   t=0   Elapsed: 2e-06s (0m 00s)
     Speed:     ev/sec=0   simsec/sec=0   ev/simsec=0
     Messages:  created: 2   present: 2   in FES: 2
** Event #121916   t=481.83621986546   Elapsed: 0.011919s (0m 00s)
     Speed:     ev/sec=1.02313e+07   simsec/sec=40435.9   ev/simsec=253.025
     Messages:  created: 2   present: 2   in FES: 1

<!> Simulation stopped with endSimulation() -- in module (ScheduledAccessQueue) DectScheduledAccessNetwork.queue (id=2), at t=481.83621986546s, event #121916

Calling finish() at end of Run #917...

Preparing for running configuration MonetecFocusedSmallR, run #918...
Scenario: $r=20, $rho=0.035, $repetition=0
Assigned runID=MonetecFocusedSmallR-918-20260930-08:34:34-58
Setting up network "dect2020scheduledaccess.DectScheduledAccessNetwork"...
Initializing...

Running simulation...
** Event #0   t=0   Elapsed: 3e-06s (0m 00s)
     Speed:     ev/sec=0   simsec/sec=0   ev/simsec=0
     Messages:  created: 2   present: 2   in FES: 2
** Event #114282   t=413.014438022316   Elapsed: 0.011011s (0m 00s)
     Speed:     ev/sec=1.03827e+07   simsec/sec=37522.9   ev/simsec=276.702
     Messages:  created: 2   present: 2   in FES: 1

<!> Simulation stopped with endSimulation() -- in module (ScheduledAccessQueue) DectScheduledAccessNetwork.queue (id=2), at t=413.014438022316s, event #114282

Calling finish() at end of Run #918...

Preparing for running configuration MonetecFocusedSmallR, run #919...
Scenario: $r=20, $rho=0.035, $repetition=1
Assigned runID=MonetecFocusedSmallR-919-20260930-08:34:34-58
Setting up network "dect2020scheduledaccess.DectScheduledAccessNetwork"...
Initializing...

Running simulation...
** Event #0   t=0   Elapsed: 3e-06s (0m 00s)
     Speed:     ev/sec=0   simsec/sec=0   ev/simsec=0
     Messages:  created: 2   present: 2   in FES: 2
** Event #114517   t=415.219532711815   Elapsed: 0.010994s (0m 00s)
     Speed:     ev/sec=1.04192e+07   simsec/sec=37778.1   ev/simsec=275.799
     Messages:  created: 2   present: 2   in FES: 1

<!> Simulation stopped with endSimulation() -- in module (ScheduledAccessQueue) DectScheduledAccessNetwork.queue (id=2), at t=415.219532711815s, event #114517

Calling finish() at end of Run #919...

Preparing for running configuration MonetecFocusedSmallR, run #920...
Scenario: $r=20, $rho=0.035, $repetition=2
Assigned runID=MonetecFocusedSmallR-920-20260930-08:34:34-58
Setting up network "dect2020scheduledaccess.DectScheduledAccessNetwork"...
Initializing...

Running simulation...
** Event #0   t=0   Elapsed: 4e-06s (0m 00s)
     Speed:     ev/sec=0   simsec/sec=0   ev/simsec=0
     Messages:  created: 2   present: 2   in FES: 2
** Event #114229   t=412.665104443003   Elapsed: 0.010876s (0m 00s)
     Speed:     ev/sec=1.05057e+07   simsec/sec=37953   ev/simsec=276.809
     Messages:  created: 2   present: 2   in FES: 1

<!> Simulation stopped with endSimulation() -- in module (ScheduledAccessQueue) DectScheduledAccessNetwork.queue (id=2), at t=412.665104443003s, event #114229

Calling finish() at end of Run #920...

Preparing for running configuration MonetecFocusedSmallR, run #921...
Scenario: $r=20, $rho=0.040, $repetition=0
Assigned runID=MonetecFocusedSmallR-921-20260930-08:34:34-58
Setting up network "dect2020scheduledaccess.DectScheduledAccessNetwork"...
Initializing...

Running simulation...
** Event #0   t=0   Elapsed: 1.5e-05s (0m 00s)
     Speed:     ev/sec=0   simsec/sec=0   ev/simsec=0
     Messages:  created: 2   present: 2   in FES: 2
** Event #108350   t=359.736215941383   Elapsed: 0.010445s (0m 00s)
     Speed:     ev/sec=1.03883e+07   simsec/sec=34490.5   ev/simsec=301.193
     Messages:  created: 2   present: 2   in FES: 1

<!> Simulation stopped with endSimulation() -- in module (ScheduledAccessQueue) DectScheduledAccessNetwork.queue (id=2), at t=359.736215941383s, event #108350

Calling finish() at end of Run #921...

Preparing for running configuration MonetecFocusedSmallR, run #922...
Scenario: $r=20, $rho=0.040, $repetition=1
Assigned runID=MonetecFocusedSmallR-922-20260930-08:34:34-58
Setting up network "dect2020scheduledaccess.DectScheduledAccessNetwork"...
Initializing...

Running simulation...
** Event #0   t=0   Elapsed: 2.4e-05s (0m 00s)
     Speed:     ev/sec=0   simsec/sec=0   ev/simsec=0
     Messages:  created: 2   present: 2   in FES: 2
** Event #108853   t=364.208016768478   Elapsed: 0.010496s (0m 00s)
     Speed:     ev/sec=1.03947e+07   simsec/sec=34779.2   ev/simsec=298.876
     Messages:  created: 2   present: 2   in FES: 1

<!> Simulation stopped with endSimulation() -- in module (ScheduledAccessQueue) DectScheduledAccessNetwork.queue (id=2), at t=364.208016768478s, event #108853

Calling finish() at end of Run #922...

Preparing for running configuration MonetecFocusedSmallR, run #923...
Scenario: $r=20, $rho=0.040, $repetition=2
Assigned runID=MonetecFocusedSmallR-923-20260930-08:34:34-58
Setting up network "dect2020scheduledaccess.DectScheduledAccessNetwork"...
Initializing...

Running simulation...
** Event #0   t=0   Elapsed: 1.6e-05s (0m 00s)
     Speed:     ev/sec=0   simsec/sec=0   ev/simsec=0
     Messages:  created: 2   present: 2   in FES: 2
** Event #108616   t=362.097912083598   Elapsed: 0.010674s (0m 00s)
     Speed:     ev/sec=1.0192e+07   simsec/sec=33977.4   ev/simsec=299.964
     Messages:  created: 2   present: 2   in FES: 1

<!> Simulation stopped with endSimulation() -- in module (ScheduledAccessQueue) DectScheduledAccessNetwork.queue (id=2), at t=362.097912083598s, event #108616

Calling finish() at end of Run #923...

Preparing for running configuration MonetecFocusedSmallR, run #924...
Scenario: $r=20, $rho=0.045, $repetition=0
Assigned runID=MonetecFocusedSmallR-924-20260930-08:34:34-58
Setting up network "dect2020scheduledaccess.DectScheduledAccessNetwork"...
Initializing...

Running simulation...
** Event #0   t=0   Elapsed: 1.8e-05s (0m 00s)
     Speed:     ev/sec=0   simsec/sec=0   ev/simsec=0
     Messages:  created: 2   present: 2   in FES: 2
** Event #104101   t=321.336691664883   Elapsed: 0.010232s (0m 00s)
     Speed:     ev/sec=1.0193e+07   simsec/sec=31463.4   ev/simsec=323.963
     Messages:  created: 2   present: 2   in FES: 1

<!> Simulation stopped with endSimulation() -- in module (ScheduledAccessQueue) DectScheduledAccessNetwork.queue (id=2), at t=321.336691664883s, event #104101

Calling finish() at end of Run #924...

Preparing for running configuration MonetecFocusedSmallR, run #925...
Scenario: $r=20, $rho=0.045, $repetition=1
Assigned runID=MonetecFocusedSmallR-925-20260930-08:34:34-58
Setting up network "dect2020scheduledaccess.DectScheduledAccessNetwork"...
Initializing...

Running simulation...
** Event #0   t=0   Elapsed: 4.5e-05s (0m 00s)
     Speed:     ev/sec=0   simsec/sec=0   ev/simsec=0
     Messages:  created: 2   present: 2   in FES: 2
** Event #104322   t=323.44232736058   Elapsed: 0.010222s (0m 00s)
     Speed:     ev/sec=1.02508e+07   simsec/sec=31781.6   ev/simsec=322.537
     Messages:  created: 2   present: 2   in FES: 1

<!> Simulation stopped with endSimulation() -- in module (ScheduledAccessQueue) DectScheduledAccessNetwork.queue (id=2), at t=323.44232736058s, event #104322

Calling finish() at end of Run #925...

Preparing for running configuration MonetecFocusedSmallR, run #926...
Scenario: $r=20, $rho=0.045, $repetition=2
Assigned runID=MonetecFocusedSmallR-926-20260930-08:34:34-58
Setting up network "dect2020scheduledaccess.DectScheduledAccessNetwork"...
Initializing...

Running simulation...
** Event #0   t=0   Elapsed: 3e-06s (0m 00s)
     Speed:     ev/sec=0   simsec/sec=0   ev/simsec=0
     Messages:  created: 2   present: 2   in FES: 2
** Event #104219   t=322.496770614054   Elapsed: 0.010442s (0m 00s)
     Speed:     ev/sec=9.98362e+06   simsec/sec=30893.4   ev/simsec=323.164
     Messages:  created: 2   present: 2   in FES: 1

<!> Simulation stopped with endSimulation() -- in module (ScheduledAccessQueue) DectScheduledAccessNetwork.queue (id=2), at t=322.496770614054s, event #104219

Calling finish() at end of Run #926...

Preparing for running configuration MonetecFocusedSmallR, run #927...
Scenario: $r=20, $rho=0.050, $repetition=0
Assigned runID=MonetecFocusedSmallR-927-20260930-08:34:34-58
Setting up network "dect2020scheduledaccess.DectScheduledAccessNetwork"...
Initializing...

Running simulation...
** Event #0   t=0   Elapsed: 3e-05s (0m 00s)
     Speed:     ev/sec=0   simsec/sec=0   ev/simsec=0
     Messages:  created: 2   present: 2   in FES: 2
** Event #100513   t=289.111265249508   Elapsed: 0.010008s (0m 00s)
     Speed:     ev/sec=0   simsec/sec=0   ev/simsec=0
     Messages:  created: 2   present: 2   in FES: 1

<!> Simulation stopped with endSimulation() -- in module (ScheduledAccessQueue) DectScheduledAccessNetwork.queue (id=2), at t=289.111265249508s, event #100513

Calling finish() at end of Run #927...

Preparing for running configuration MonetecFocusedSmallR, run #928...
Scenario: $r=20, $rho=0.050, $repetition=1
Assigned runID=MonetecFocusedSmallR-928-20260930-08:34:34-58
Setting up network "dect2020scheduledaccess.DectScheduledAccessNetwork"...
Initializing...

Running simulation...
** Event #0   t=0   Elapsed: 3e-06s (0m 00s)
     Speed:     ev/sec=0   simsec/sec=0   ev/simsec=0
     Messages:  created: 2   present: 2   in FES: 2
** Event #100760   t=291.378377676616   Elapsed: 0.009984s (0m 00s)
     Speed:     ev/sec=0   simsec/sec=0   ev/simsec=0
     Messages:  created: 2   present: 2   in FES: 1

<!> Simulation stopped with endSimulation() -- in module (ScheduledAccessQueue) DectScheduledAccessNetwork.queue (id=2), at t=291.378377676616s, event #100760

Calling finish() at end of Run #928...

Preparing for running configuration MonetecFocusedSmallR, run #929...
Scenario: $r=20, $rho=0.050, $repetition=2
Assigned runID=MonetecFocusedSmallR-929-20260930-08:34:34-58
Setting up network "dect2020scheduledaccess.DectScheduledAccessNetwork"...
Initializing...

Running simulation...
** Event #0   t=0   Elapsed: 4e-06s (0m 00s)
     Speed:     ev/sec=0   simsec/sec=0   ev/simsec=0
     Messages:  created: 2   present: 2   in FES: 2
** Event #100527   t=289.315340059705   Elapsed: 0.009943s (0m 00s)
     Speed:     ev/sec=0   simsec/sec=0   ev/simsec=0
     Messages:  created: 2   present: 2   in FES: 1

<!> Simulation stopped with endSimulation() -- in module (ScheduledAccessQueue) DectScheduledAccessNetwork.queue (id=2), at t=289.315340059705s, event #100527

Calling finish() at end of Run #929...

Preparing for running configuration MonetecFocusedSmallR, run #930...
Scenario: $r=20, $rho=0.055, $repetition=0
Assigned runID=MonetecFocusedSmallR-930-20260930-08:34:34-58
Setting up network "dect2020scheduledaccess.DectScheduledAccessNetwork"...
Initializing...

Running simulation...
** Event #0   t=0   Elapsed: 1.7e-05s (0m 00s)
     Speed:     ev/sec=0   simsec/sec=0   ev/simsec=0
     Messages:  created: 2   present: 2   in FES: 2
** Event #97537   t=262.353396802956   Elapsed: 0.009945s (0m 00s)
     Speed:     ev/sec=0   simsec/sec=0   ev/simsec=0
     Messages:  created: 2   present: 2   in FES: 1

<!> Simulation stopped with endSimulation() -- in module (ScheduledAccessQueue) DectScheduledAccessNetwork.queue (id=2), at t=262.353396802956s, event #97537

Calling finish() at end of Run #930...

Preparing for running configuration MonetecFocusedSmallR, run #931...
Scenario: $r=20, $rho=0.055, $repetition=1
Assigned runID=MonetecFocusedSmallR-931-20260930-08:34:34-58
Setting up network "dect2020scheduledaccess.DectScheduledAccessNetwork"...
Initializing...

Running simulation...
** Event #0   t=0   Elapsed: 2.1e-05s (0m 00s)
     Speed:     ev/sec=0   simsec/sec=0   ev/simsec=0
     Messages:  created: 2   present: 2   in FES: 2
** Event #97607   t=263.075760170299   Elapsed: 0.009811s (0m 00s)
     Speed:     ev/sec=0   simsec/sec=0   ev/simsec=0
     Messages:  created: 2   present: 2   in FES: 1

<!> Simulation stopped with endSimulation() -- in module (ScheduledAccessQueue) DectScheduledAccessNetwork.queue (id=2), at t=263.075760170299s, event #97607

Calling finish() at end of Run #931...

Preparing for running configuration MonetecFocusedSmallR, run #932...
Scenario: $r=20, $rho=0.055, $repetition=2
Assigned runID=MonetecFocusedSmallR-932-20260930-08:34:34-58
Setting up network "dect2020scheduledaccess.DectScheduledAccessNetwork"...
Initializing...

Running simulation...
** Event #0   t=0   Elapsed: 3e-06s (0m 00s)
     Speed:     ev/sec=0   simsec/sec=0   ev/simsec=0
     Messages:  created: 2   present: 2   in FES: 2
** Event #97612   t=263.068771868634   Elapsed: 0.00989s (0m 00s)
     Speed:     ev/sec=0   simsec/sec=0   ev/simsec=0
     Messages:  created: 2   present: 2   in FES: 1

<!> Simulation stopped with endSimulation() -- in module (ScheduledAccessQueue) DectScheduledAccessNetwork.queue (id=2), at t=263.068771868634s, event #97612

Calling finish() at end of Run #932...

Preparing for running configuration MonetecFocusedSmallR, run #933...
Scenario: $r=20, $rho=0.060, $repetition=0
Assigned runID=MonetecFocusedSmallR-933-20260930-08:34:34-58
Setting up network "dect2020scheduledaccess.DectScheduledAccessNetwork"...
Initializing...

Running simulation...
** Event #0   t=0   Elapsed: 3e-06s (0m 00s)
     Speed:     ev/sec=0   simsec/sec=0   ev/simsec=0
     Messages:  created: 2   present: 2   in FES: 2
** Event #95290   t=241.986948390304   Elapsed: 0.009631s (0m 00s)
     Speed:     ev/sec=0   simsec/sec=0   ev/simsec=0
     Messages:  created: 2   present: 2   in FES: 1

<!> Simulation stopped with endSimulation() -- in module (ScheduledAccessQueue) DectScheduledAccessNetwork.queue (id=2), at t=241.986948390304s, event #95290

Calling finish() at end of Run #933...

Preparing for running configuration MonetecFocusedSmallR, run #934...
Scenario: $r=20, $rho=0.060, $repetition=1
Assigned runID=MonetecFocusedSmallR-934-20260930-08:34:34-58
Setting up network "dect2020scheduledaccess.DectScheduledAccessNetwork"...
Initializing...

Running simulation...
** Event #0   t=0   Elapsed: 2.6e-05s (0m 00s)
     Speed:     ev/sec=0   simsec/sec=0   ev/simsec=0
     Messages:  created: 2   present: 2   in FES: 2
** Event #95376   t=242.908941809255   Elapsed: 0.009581s (0m 00s)
     Speed:     ev/sec=0   simsec/sec=0   ev/simsec=0
     Messages:  created: 2   present: 2   in FES: 1

<!> Simulation stopped with endSimulation() -- in module (ScheduledAccessQueue) DectScheduledAccessNetwork.queue (id=2), at t=242.908941809255s, event #95376

Calling finish() at end of Run #934...

Preparing for running configuration MonetecFocusedSmallR, run #935...
Scenario: $r=20, $rho=0.060, $repetition=2
Assigned runID=MonetecFocusedSmallR-935-20260930-08:34:34-58
Setting up network "dect2020scheduledaccess.DectScheduledAccessNetwork"...
Initializing...

Running simulation...
** Event #0   t=0   Elapsed: 1.7e-05s (0m 00s)
     Speed:     ev/sec=0   simsec/sec=0   ev/simsec=0
     Messages:  created: 2   present: 2   in FES: 2
** Event #95264   t=241.78062732086   Elapsed: 0.009788s (0m 00s)
     Speed:     ev/sec=0   simsec/sec=0   ev/simsec=0
     Messages:  created: 2   present: 2   in FES: 1

<!> Simulation stopped with endSimulation() -- in module (ScheduledAccessQueue) DectScheduledAccessNetwork.queue (id=2), at t=241.78062732086s, event #95264

Calling finish() at end of Run #935...

Preparing for running configuration MonetecFocusedSmallR, run #936...
Scenario: $r=20, $rho=0.065, $repetition=0
Assigned runID=MonetecFocusedSmallR-936-20260930-08:34:34-58
Setting up network "dect2020scheduledaccess.DectScheduledAccessNetwork"...
Initializing...

Running simulation...
** Event #0   t=0   Elapsed: 3e-06s (0m 00s)
     Speed:     ev/sec=0   simsec/sec=0   ev/simsec=0
     Messages:  created: 2   present: 2   in FES: 2
** Event #93123   t=222.538393469286   Elapsed: 0.009491s (0m 00s)
     Speed:     ev/sec=0   simsec/sec=0   ev/simsec=0
     Messages:  created: 2   present: 2   in FES: 1

<!> Simulation stopped with endSimulation() -- in module (ScheduledAccessQueue) DectScheduledAccessNetwork.queue (id=2), at t=222.538393469286s, event #93123

Calling finish() at end of Run #936...

Preparing for running configuration MonetecFocusedSmallR, run #937...
Scenario: $r=20, $rho=0.065, $repetition=1
Assigned runID=MonetecFocusedSmallR-937-20260930-08:34:34-58
Setting up network "dect2020scheduledaccess.DectScheduledAccessNetwork"...
Initializing...

Running simulation...
** Event #0   t=0   Elapsed: 3e-06s (0m 00s)
     Speed:     ev/sec=0   simsec/sec=0   ev/simsec=0
     Messages:  created: 2   present: 2   in FES: 2
** Event #93277   t=224.014352732827   Elapsed: 0.009431s (0m 00s)
     Speed:     ev/sec=0   simsec/sec=0   ev/simsec=0
     Messages:  created: 2   present: 2   in FES: 1

<!> Simulation stopped with endSimulation() -- in module (ScheduledAccessQueue) DectScheduledAccessNetwork.queue (id=2), at t=224.014352732827s, event #93277

Calling finish() at end of Run #937...

Preparing for running configuration MonetecFocusedSmallR, run #938...
Scenario: $r=20, $rho=0.065, $repetition=2
Assigned runID=MonetecFocusedSmallR-938-20260930-08:34:34-58
Setting up network "dect2020scheduledaccess.DectScheduledAccessNetwork"...
Initializing...

Running simulation...
** Event #0   t=0   Elapsed: 1.5e-05s (0m 00s)
     Speed:     ev/sec=0   simsec/sec=0   ev/simsec=0
     Messages:  created: 2   present: 2   in FES: 2
** Event #93112   t=222.570586255507   Elapsed: 0.009486s (0m 00s)
     Speed:     ev/sec=0   simsec/sec=0   ev/simsec=0
     Messages:  created: 2   present: 2   in FES: 1

<!> Simulation stopped with endSimulation() -- in module (ScheduledAccessQueue) DectScheduledAccessNetwork.queue (id=2), at t=222.570586255507s, event #93112

Calling finish() at end of Run #938...

Preparing for running configuration MonetecFocusedSmallR, run #939...
Scenario: $r=20, $rho=0.070, $repetition=0
Assigned runID=MonetecFocusedSmallR-939-20260930-08:34:34-58
Setting up network "dect2020scheduledaccess.DectScheduledAccessNetwork"...
Initializing...

Running simulation...
** Event #0   t=0   Elapsed: 1.7e-05s (0m 00s)
     Speed:     ev/sec=0   simsec/sec=0   ev/simsec=0
     Messages:  created: 2   present: 2   in FES: 2
** Event #91352   t=206.627100545147   Elapsed: 0.009363s (0m 00s)
     Speed:     ev/sec=0   simsec/sec=0   ev/simsec=0
     Messages:  created: 2   present: 2   in FES: 1

<!> Simulation stopped with endSimulation() -- in module (ScheduledAccessQueue) DectScheduledAccessNetwork.queue (id=2), at t=206.627100545147s, event #91352

Calling finish() at end of Run #939...

Preparing for running configuration MonetecFocusedSmallR, run #940...
Scenario: $r=20, $rho=0.070, $repetition=1
Assigned runID=MonetecFocusedSmallR-940-20260930-08:34:34-58
Setting up network "dect2020scheduledaccess.DectScheduledAccessNetwork"...
Initializing...

Running simulation...
** Event #0   t=0   Elapsed: 3e-06s (0m 00s)
     Speed:     ev/sec=0   simsec/sec=0   ev/simsec=0
     Messages:  created: 2   present: 2   in FES: 2
** Event #91415   t=207.297713358171   Elapsed: 0.009506s (0m 00s)
     Speed:     ev/sec=0   simsec/sec=0   ev/simsec=0
     Messages:  created: 2   present: 2   in FES: 1

<!> Simulation stopped with endSimulation() -- in module (ScheduledAccessQueue) DectScheduledAccessNetwork.queue (id=2), at t=207.297713358171s, event #91415

Calling finish() at end of Run #940...

Preparing for running configuration MonetecFocusedSmallR, run #941...
Scenario: $r=20, $rho=0.070, $repetition=2
Assigned runID=MonetecFocusedSmallR-941-20260930-08:34:34-58
Setting up network "dect2020scheduledaccess.DectScheduledAccessNetwork"...
Initializing...

Running simulation...
** Event #0   t=0   Elapsed: 2.3e-05s (0m 00s)
     Speed:     ev/sec=0   simsec/sec=0   ev/simsec=0
     Messages:  created: 2   present: 2   in FES: 2
** Event #91411   t=207.136662347031   Elapsed: 0.009357s (0m 00s)
     Speed:     ev/sec=0   simsec/sec=0   ev/simsec=0
     Messages:  created: 2   present: 2   in FES: 1

<!> Simulation stopped with endSimulation() -- in module (ScheduledAccessQueue) DectScheduledAccessNetwork.queue (id=2), at t=207.136662347031s, event #91411

Calling finish() at end of Run #941...

Preparing for running configuration MonetecFocusedSmallR, run #942...
Scenario: $r=20, $rho=0.075, $repetition=0
Assigned runID=MonetecFocusedSmallR-942-20260930-08:34:34-58
Setting up network "dect2020scheduledaccess.DectScheduledAccessNetwork"...
Initializing...

Running simulation...
** Event #0   t=0   Elapsed: 3e-05s (0m 00s)
     Speed:     ev/sec=0   simsec/sec=0   ev/simsec=0
     Messages:  created: 2   present: 2   in FES: 2
** Event #89990   t=193.896501192836   Elapsed: 0.009254s (0m 00s)
     Speed:     ev/sec=0   simsec/sec=0   ev/simsec=0
     Messages:  created: 2   present: 2   in FES: 1

<!> Simulation stopped with endSimulation() -- in module (ScheduledAccessQueue) DectScheduledAccessNetwork.queue (id=2), at t=193.896501192836s, event #89990

Calling finish() at end of Run #942...

Preparing for running configuration MonetecFocusedSmallR, run #943...
Scenario: $r=20, $rho=0.075, $repetition=1
Assigned runID=MonetecFocusedSmallR-943-20260930-08:34:34-58
Setting up network "dect2020scheduledaccess.DectScheduledAccessNetwork"...
Initializing...

Running simulation...
** Event #0   t=0   Elapsed: 3e-06s (0m 00s)
     Speed:     ev/sec=0   simsec/sec=0   ev/simsec=0
     Messages:  created: 2   present: 2   in FES: 2
** Event #89973   t=193.928613143392   Elapsed: 0.009431s (0m 00s)
     Speed:     ev/sec=0   simsec/sec=0   ev/simsec=0
     Messages:  created: 2   present: 2   in FES: 1

<!> Simulation stopped with endSimulation() -- in module (ScheduledAccessQueue) DectScheduledAccessNetwork.queue (id=2), at t=193.928613143392s, event #89973

Calling finish() at end of Run #943...

Preparing for running configuration MonetecFocusedSmallR, run #944...
Scenario: $r=20, $rho=0.075, $repetition=2
Assigned runID=MonetecFocusedSmallR-944-20260930-08:34:34-58
Setting up network "dect2020scheduledaccess.DectScheduledAccessNetwork"...
Initializing...

Running simulation...
** Event #0   t=0   Elapsed: 2.3e-05s (0m 00s)
     Speed:     ev/sec=0   simsec/sec=0   ev/simsec=0
     Messages:  created: 2   present: 2   in FES: 2
** Event #90029   t=194.379147110559   Elapsed: 0.009486s (0m 00s)
     Speed:     ev/sec=0   simsec/sec=0   ev/simsec=0
     Messages:  created: 2   present: 2   in FES: 1

<!> Simulation stopped with endSimulation() -- in module (ScheduledAccessQueue) DectScheduledAccessNetwork.queue (id=2), at t=194.379147110559s, event #90029

Calling finish() at end of Run #944...

Preparing for running configuration MonetecFocusedSmallR, run #945...
Scenario: $r=20, $rho=0.080, $repetition=0
Assigned runID=MonetecFocusedSmallR-945-20260930-08:34:34-58
Setting up network "dect2020scheduledaccess.DectScheduledAccessNetwork"...
Initializing...

Running simulation...
** Event #0   t=0   Elapsed: 2.6e-05s (0m 00s)
     Speed:     ev/sec=0   simsec/sec=0   ev/simsec=0
     Messages:  created: 2   present: 2   in FES: 2
** Event #89077   t=183.794077940623   Elapsed: 0.009375s (0m 00s)
     Speed:     ev/sec=0   simsec/sec=0   ev/simsec=0
     Messages:  created: 2   present: 2   in FES: 1

<!> Simulation stopped with endSimulation() -- in module (ScheduledAccessQueue) DectScheduledAccessNetwork.queue (id=2), at t=183.794077940623s, event #89077

Calling finish() at end of Run #945...

Preparing for running configuration MonetecFocusedSmallR, run #946...
Scenario: $r=20, $rho=0.080, $repetition=1
Assigned runID=MonetecFocusedSmallR-946-20260930-08:34:34-58
Setting up network "dect2020scheduledaccess.DectScheduledAccessNetwork"...
Initializing...

Running simulation...
** Event #0   t=0   Elapsed: 4e-06s (0m 00s)
     Speed:     ev/sec=0   simsec/sec=0   ev/simsec=0
     Messages:  created: 2   present: 2   in FES: 2
** Event #88838   t=181.746082837153   Elapsed: 0.009133s (0m 00s)
     Speed:     ev/sec=0   simsec/sec=0   ev/simsec=0
     Messages:  created: 2   present: 2   in FES: 1

<!> Simulation stopped with endSimulation() -- in module (ScheduledAccessQueue) DectScheduledAccessNetwork.queue (id=2), at t=181.746082837153s, event #88838

Calling finish() at end of Run #946...

Preparing for running configuration MonetecFocusedSmallR, run #947...
Scenario: $r=20, $rho=0.080, $repetition=2
Assigned runID=MonetecFocusedSmallR-947-20260930-08:34:34-58
Setting up network "dect2020scheduledaccess.DectScheduledAccessNetwork"...
Initializing...

Running simulation...
** Event #0   t=0   Elapsed: 3e-06s (0m 00s)
     Speed:     ev/sec=0   simsec/sec=0   ev/simsec=0
     Messages:  created: 2   present: 2   in FES: 2
** Event #89145   t=183.143987627903   Elapsed: 0.009141s (0m 00s)
     Speed:     ev/sec=0   simsec/sec=0   ev/simsec=0
     Messages:  created: 2   present: 2   in FES: 1

<!> Simulation stopped with endSimulation() -- in module (ScheduledAccessQueue) DectScheduledAccessNetwork.queue (id=2), at t=183.143987627903s, event #89145

Calling finish() at end of Run #947...

Preparing for running configuration MonetecFocusedSmallR, run #948...
Scenario: $r=20, $rho=0.085, $repetition=0
Assigned runID=MonetecFocusedSmallR-948-20260930-08:34:34-58
Setting up network "dect2020scheduledaccess.DectScheduledAccessNetwork"...
Initializing...

Running simulation...
** Event #0   t=0   Elapsed: 3e-06s (0m 00s)
     Speed:     ev/sec=0   simsec/sec=0   ev/simsec=0
     Messages:  created: 2   present: 2   in FES: 2
** Event #89141   t=176.28285147005   Elapsed: 0.009194s (0m 00s)
     Speed:     ev/sec=0   simsec/sec=0   ev/simsec=0
     Messages:  created: 2   present: 2   in FES: 1

<!> Simulation stopped with endSimulation() -- in module (ScheduledAccessQueue) DectScheduledAccessNetwork.queue (id=2), at t=176.28285147005s, event #89141

Calling finish() at end of Run #948...

Preparing for running configuration MonetecFocusedSmallR, run #949...
Scenario: $r=20, $rho=0.085, $repetition=1
Assigned runID=MonetecFocusedSmallR-949-20260930-08:34:34-58
Setting up network "dect2020scheduledaccess.DectScheduledAccessNetwork"...
Initializing...

Running simulation...
** Event #0   t=0   Elapsed: 3e-06s (0m 00s)
     Speed:     ev/sec=0   simsec/sec=0   ev/simsec=0
     Messages:  created: 2   present: 2   in FES: 2
** Event #89025   t=176.467677901663   Elapsed: 0.009145s (0m 00s)
     Speed:     ev/sec=0   simsec/sec=0   ev/simsec=0
     Messages:  created: 2   present: 2   in FES: 1

<!> Simulation stopped with endSimulation() -- in module (ScheduledAccessQueue) DectScheduledAccessNetwork.queue (id=2), at t=176.467677901663s, event #89025

Calling finish() at end of Run #949...

Preparing for running configuration MonetecFocusedSmallR, run #950...
Scenario: $r=20, $rho=0.085, $repetition=2
Assigned runID=MonetecFocusedSmallR-950-20260930-08:34:34-58
Setting up network "dect2020scheduledaccess.DectScheduledAccessNetwork"...
Initializing...

Running simulation...
** Event #0   t=0   Elapsed: 3e-06s (0m 00s)
     Speed:     ev/sec=0   simsec/sec=0   ev/simsec=0
     Messages:  created: 2   present: 2   in FES: 2
** Event #89041   t=176.200529571594   Elapsed: 0.009071s (0m 00s)
     Speed:     ev/sec=0   simsec/sec=0   ev/simsec=0
     Messages:  created: 2   present: 2   in FES: 1

<!> Simulation stopped with endSimulation() -- in module (ScheduledAccessQueue) DectScheduledAccessNetwork.queue (id=2), at t=176.200529571594s, event #89041

Calling finish() at end of Run #950...

Preparing for running configuration MonetecFocusedSmallR, run #951...
Scenario: $r=20, $rho=0.090, $repetition=0
Assigned runID=MonetecFocusedSmallR-951-20260930-08:34:34-58
Setting up network "dect2020scheduledaccess.DectScheduledAccessNetwork"...
Initializing...

Running simulation...
** Event #0   t=0   Elapsed: 3e-06s (0m 00s)
     Speed:     ev/sec=0   simsec/sec=0   ev/simsec=0
     Messages:  created: 2   present: 2   in FES: 2
** Event #90282   t=172.808423482404   Elapsed: 0.009433s (0m 00s)
     Speed:     ev/sec=0   simsec/sec=0   ev/simsec=0
     Messages:  created: 2   present: 2   in FES: 1

<!> Simulation stopped with endSimulation() -- in module (ScheduledAccessQueue) DectScheduledAccessNetwork.queue (id=2), at t=172.808423482404s, event #90282

Calling finish() at end of Run #951...

Preparing for running configuration MonetecFocusedSmallR, run #952...
Scenario: $r=20, $rho=0.090, $repetition=1
Assigned runID=MonetecFocusedSmallR-952-20260930-08:34:34-58
Setting up network "dect2020scheduledaccess.DectScheduledAccessNetwork"...
Initializing...

Running simulation...
** Event #0   t=0   Elapsed: 3e-06s (0m 00s)
     Speed:     ev/sec=0   simsec/sec=0   ev/simsec=0
     Messages:  created: 2   present: 2   in FES: 2
** Event #90150   t=172.993157282122   Elapsed: 0.009104s (0m 00s)
     Speed:     ev/sec=0   simsec/sec=0   ev/simsec=0
     Messages:  created: 2   present: 2   in FES: 1

<!> Simulation stopped with endSimulation() -- in module (ScheduledAccessQueue) DectScheduledAccessNetwork.queue (id=2), at t=172.993157282122s, event #90150

Calling finish() at end of Run #952...

Preparing for running configuration MonetecFocusedSmallR, run #953...
Scenario: $r=20, $rho=0.090, $repetition=2
Assigned runID=MonetecFocusedSmallR-953-20260930-08:34:34-58
Setting up network "dect2020scheduledaccess.DectScheduledAccessNetwork"...
Initializing...

Running simulation...
** Event #0   t=0   Elapsed: 3e-06s (0m 00s)
     Speed:     ev/sec=0   simsec/sec=0   ev/simsec=0
     Messages:  created: 2   present: 2   in FES: 2
** Event #90163   t=173.150685574063   Elapsed: 0.009125s (0m 00s)
     Speed:     ev/sec=0   simsec/sec=0   ev/simsec=0
     Messages:  created: 2   present: 2   in FES: 1

<!> Simulation stopped with endSimulation() -- in module (ScheduledAccessQueue) DectScheduledAccessNetwork.queue (id=2), at t=173.150685574063s, event #90163

Calling finish() at end of Run #953...

Preparing for running configuration MonetecFocusedSmallR, run #954...
Scenario: $r=20, $rho=0.095, $repetition=0
Assigned runID=MonetecFocusedSmallR-954-20260930-08:34:34-58
Setting up network "dect2020scheduledaccess.DectScheduledAccessNetwork"...
Initializing...

Running simulation...
** Event #0   t=0   Elapsed: 3e-06s (0m 00s)
     Speed:     ev/sec=0   simsec/sec=0   ev/simsec=0
     Messages:  created: 2   present: 2   in FES: 2
** Event #91938   t=172.27625682235   Elapsed: 0.009305s (0m 00s)
     Speed:     ev/sec=0   simsec/sec=0   ev/simsec=0
     Messages:  created: 2   present: 2   in FES: 1

<!> Simulation stopped with endSimulation() -- in module (ScheduledAccessQueue) DectScheduledAccessNetwork.queue (id=2), at t=172.27625682235s, event #91938

Calling finish() at end of Run #954...

Preparing for running configuration MonetecFocusedSmallR, run #955...
Scenario: $r=20, $rho=0.095, $repetition=1
Assigned runID=MonetecFocusedSmallR-955-20260930-08:34:34-58
Setting up network "dect2020scheduledaccess.DectScheduledAccessNetwork"...
Initializing...

Running simulation...
** Event #0   t=0   Elapsed: 3e-06s (0m 00s)
     Speed:     ev/sec=0   simsec/sec=0   ev/simsec=0
     Messages:  created: 2   present: 2   in FES: 2
** Event #92057   t=172.40753311297   Elapsed: 0.009529s (0m 00s)
     Speed:     ev/sec=0   simsec/sec=0   ev/simsec=0
     Messages:  created: 2   present: 2   in FES: 1

<!> Simulation stopped with endSimulation() -- in module (ScheduledAccessQueue) DectScheduledAccessNetwork.queue (id=2), at t=172.40753311297s, event #92057

Calling finish() at end of Run #955...

Preparing for running configuration MonetecFocusedSmallR, run #956...
Scenario: $r=20, $rho=0.095, $repetition=2
Assigned runID=MonetecFocusedSmallR-956-20260930-08:34:34-58
Setting up network "dect2020scheduledaccess.DectScheduledAccessNetwork"...
Initializing...

Running simulation...
** Event #0   t=0   Elapsed: 3e-06s (0m 00s)
     Speed:     ev/sec=0   simsec/sec=0   ev/simsec=0
     Messages:  created: 2   present: 2   in FES: 2
** Event #92008   t=172.368167546167   Elapsed: 0.009457s (0m 00s)
     Speed:     ev/sec=0   simsec/sec=0   ev/simsec=0
     Messages:  created: 2   present: 2   in FES: 1

<!> Simulation stopped with endSimulation() -- in module (ScheduledAccessQueue) DectScheduledAccessNetwork.queue (id=2), at t=172.368167546167s, event #92008

Calling finish() at end of Run #956...

Preparing for running configuration MonetecFocusedSmallR, run #957...
Scenario: $r=20, $rho=0.100, $repetition=0
Assigned runID=MonetecFocusedSmallR-957-20260930-08:34:34-58
Setting up network "dect2020scheduledaccess.DectScheduledAccessNetwork"...
Initializing...

Running simulation...
** Event #0   t=0   Elapsed: 3e-06s (0m 00s)
     Speed:     ev/sec=0   simsec/sec=0   ev/simsec=0
     Messages:  created: 2   present: 2   in FES: 2
** Event #93879   t=172.013086091326   Elapsed: 0.009711s (0m 00s)
     Speed:     ev/sec=0   simsec/sec=0   ev/simsec=0
     Messages:  created: 2   present: 2   in FES: 1

<!> Simulation stopped with endSimulation() -- in module (ScheduledAccessQueue) DectScheduledAccessNetwork.queue (id=2), at t=172.013086091326s, event #93879

Calling finish() at end of Run #957...

Preparing for running configuration MonetecFocusedSmallR, run #958...
Scenario: $r=20, $rho=0.100, $repetition=1
Assigned runID=MonetecFocusedSmallR-958-20260930-08:34:34-58
Setting up network "dect2020scheduledaccess.DectScheduledAccessNetwork"...
Initializing...

Running simulation...
** Event #0   t=0   Elapsed: 1.8e-05s (0m 00s)
     Speed:     ev/sec=0   simsec/sec=0   ev/simsec=0
     Messages:  created: 2   present: 2   in FES: 2
** Event #94209   t=172.276164440114   Elapsed: 0.009668s (0m 00s)
     Speed:     ev/sec=0   simsec/sec=0   ev/simsec=0
     Messages:  created: 2   present: 2   in FES: 1

<!> Simulation stopped with endSimulation() -- in module (ScheduledAccessQueue) DectScheduledAccessNetwork.queue (id=2), at t=172.276164440114s, event #94209

Calling finish() at end of Run #958...

Preparing for running configuration MonetecFocusedSmallR, run #959...
Scenario: $r=20, $rho=0.100, $repetition=2
Assigned runID=MonetecFocusedSmallR-959-20260930-08:34:34-58
Setting up network "dect2020scheduledaccess.DectScheduledAccessNetwork"...
Initializing...

Running simulation...
** Event #0   t=0   Elapsed: 1.6e-05s (0m 00s)
     Speed:     ev/sec=0   simsec/sec=0   ev/simsec=0
     Messages:  created: 2   present: 2   in FES: 2
** Event #93700   t=172.036440501645   Elapsed: 0.009651s (0m 00s)
     Speed:     ev/sec=0   simsec/sec=0   ev/simsec=0
     Messages:  created: 2   present: 2   in FES: 1

<!> Simulation stopped with endSimulation() -- in module (ScheduledAccessQueue) DectScheduledAccessNetwork.queue (id=2), at t=172.036440501645s, event #93700

Calling finish() at end of Run #959...

Preparing for running configuration MonetecFocusedSmallR, run #960...
Scenario: $r=20, $rho=0.105, $repetition=0
Assigned runID=MonetecFocusedSmallR-960-20260930-08:34:34-58
Setting up network "dect2020scheduledaccess.DectScheduledAccessNetwork"...
Initializing...

Running simulation...
** Event #0   t=0   Elapsed: 1.8e-05s (0m 00s)
     Speed:     ev/sec=0   simsec/sec=0   ev/simsec=0
     Messages:  created: 2   present: 2   in FES: 2
** Event #95913   t=172.005945201969   Elapsed: 0.00982s (0m 00s)
     Speed:     ev/sec=0   simsec/sec=0   ev/simsec=0
     Messages:  created: 2   present: 2   in FES: 1

<!> Simulation stopped with endSimulation() -- in module (ScheduledAccessQueue) DectScheduledAccessNetwork.queue (id=2), at t=172.005945201969s, event #95913

Calling finish() at end of Run #960...

Preparing for running configuration MonetecFocusedSmallR, run #961...
Scenario: $r=20, $rho=0.105, $repetition=1
Assigned runID=MonetecFocusedSmallR-961-20260930-08:34:34-58
Setting up network "dect2020scheduledaccess.DectScheduledAccessNetwork"...
Initializing...

Running simulation...
** Event #0   t=0   Elapsed: 1.7e-05s (0m 00s)
     Speed:     ev/sec=0   simsec/sec=0   ev/simsec=0
     Messages:  created: 2   present: 2   in FES: 2
** Event #96106   t=172.199002112797   Elapsed: 0.009925s (0m 00s)
     Speed:     ev/sec=0   simsec/sec=0   ev/simsec=0
     Messages:  created: 2   present: 2   in FES: 1

<!> Simulation stopped with endSimulation() -- in module (ScheduledAccessQueue) DectScheduledAccessNetwork.queue (id=2), at t=172.199002112797s, event #96106

Calling finish() at end of Run #961...

Preparing for running configuration MonetecFocusedSmallR, run #962...
Scenario: $r=20, $rho=0.105, $repetition=2
Assigned runID=MonetecFocusedSmallR-962-20260930-08:34:34-58
Setting up network "dect2020scheduledaccess.DectScheduledAccessNetwork"...
Initializing...

Running simulation...
** Event #0   t=0   Elapsed: 1.7e-05s (0m 00s)
     Speed:     ev/sec=0   simsec/sec=0   ev/simsec=0
     Messages:  created: 2   present: 2   in FES: 2
** Event #95752   t=172.06295738503   Elapsed: 0.00982s (0m 00s)
     Speed:     ev/sec=0   simsec/sec=0   ev/simsec=0
     Messages:  created: 2   present: 2   in FES: 1

<!> Simulation stopped with endSimulation() -- in module (ScheduledAccessQueue) DectScheduledAccessNetwork.queue (id=2), at t=172.06295738503s, event #95752

Calling finish() at end of Run #962...

Preparing for running configuration MonetecFocusedSmallR, run #963...
Scenario: $r=20, $rho=0.110, $repetition=0
Assigned runID=MonetecFocusedSmallR-963-20260930-08:34:34-58
Setting up network "dect2020scheduledaccess.DectScheduledAccessNetwork"...
Initializing...

Running simulation...
** Event #0   t=0   Elapsed: 2.6e-05s (0m 00s)
     Speed:     ev/sec=0   simsec/sec=0   ev/simsec=0
     Messages:  created: 2   present: 2   in FES: 2
** Event #97988   t=172.029092787086   Elapsed: 0.010092s (0m 00s)
     Speed:     ev/sec=9.73358e+06   simsec/sec=17088.3   ev/simsec=569.604
     Messages:  created: 2   present: 2   in FES: 1

<!> Simulation stopped with endSimulation() -- in module (ScheduledAccessQueue) DectScheduledAccessNetwork.queue (id=2), at t=172.029092787086s, event #97988

Calling finish() at end of Run #963...

Preparing for running configuration MonetecFocusedSmallR, run #964...
Scenario: $r=20, $rho=0.110, $repetition=1
Assigned runID=MonetecFocusedSmallR-964-20260930-08:34:34-58
Setting up network "dect2020scheduledaccess.DectScheduledAccessNetwork"...
Initializing...

Running simulation...
** Event #0   t=0   Elapsed: 2.3e-05s (0m 00s)
     Speed:     ev/sec=0   simsec/sec=0   ev/simsec=0
     Messages:  created: 2   present: 2   in FES: 2
** Event #98111   t=172.197593178998   Elapsed: 0.010155s (0m 00s)
     Speed:     ev/sec=9.68328e+06   simsec/sec=16995.4   ev/simsec=569.759
     Messages:  created: 2   present: 2   in FES: 1

<!> Simulation stopped with endSimulation() -- in module (ScheduledAccessQueue) DectScheduledAccessNetwork.queue (id=2), at t=172.197593178998s, event #98111

Calling finish() at end of Run #964...

Preparing for running configuration MonetecFocusedSmallR, run #965...
Scenario: $r=20, $rho=0.110, $repetition=2
Assigned runID=MonetecFocusedSmallR-965-20260930-08:34:34-58
Setting up network "dect2020scheduledaccess.DectScheduledAccessNetwork"...
Initializing...

Running simulation...
** Event #0   t=0   Elapsed: 3e-06s (0m 00s)
     Speed:     ev/sec=0   simsec/sec=0   ev/simsec=0
     Messages:  created: 2   present: 2   in FES: 2
** Event #97948   t=172.123061658397   Elapsed: 0.010028s (0m 00s)
     Speed:     ev/sec=9.77037e+06   simsec/sec=17169.4   ev/simsec=569.059
     Messages:  created: 2   present: 2   in FES: 1

<!> Simulation stopped with endSimulation() -- in module (ScheduledAccessQueue) DectScheduledAccessNetwork.queue (id=2), at t=172.123061658397s, event #97948

Calling finish() at end of Run #965...

Preparing for running configuration MonetecFocusedSmallR, run #966...
Scenario: $r=20, $rho=0.115, $repetition=0
Assigned runID=MonetecFocusedSmallR-966-20260930-08:34:34-58
Setting up network "dect2020scheduledaccess.DectScheduledAccessNetwork"...
Initializing...

Running simulation...
** Event #0   t=0   Elapsed: 1.9e-05s (0m 00s)
     Speed:     ev/sec=0   simsec/sec=0   ev/simsec=0
     Messages:  created: 2   present: 2   in FES: 2
** Event #100147   t=172.051823714588   Elapsed: 0.010286s (0m 00s)
     Speed:     ev/sec=9.75521e+06   simsec/sec=16759.4   ev/simsec=582.075
     Messages:  created: 2   present: 2   in FES: 1

<!> Simulation stopped with endSimulation() -- in module (ScheduledAccessQueue) DectScheduledAccessNetwork.queue (id=2), at t=172.051823714588s, event #100147

Calling finish() at end of Run #966...

Preparing for running configuration MonetecFocusedSmallR, run #967...
Scenario: $r=20, $rho=0.115, $repetition=1
Assigned runID=MonetecFocusedSmallR-967-20260930-08:34:34-58
Setting up network "dect2020scheduledaccess.DectScheduledAccessNetwork"...
Initializing...

Running simulation...
** Event #0   t=0   Elapsed: 2.7e-05s (0m 00s)
     Speed:     ev/sec=0   simsec/sec=0   ev/simsec=0
     Messages:  created: 2   present: 2   in FES: 2
** Event #100230   t=172.204247780021   Elapsed: 0.010356s (0m 00s)
     Speed:     ev/sec=9.70375e+06   simsec/sec=16671.9   ev/simsec=582.042
     Messages:  created: 2   present: 2   in FES: 1

<!> Simulation stopped with endSimulation() -- in module (ScheduledAccessQueue) DectScheduledAccessNetwork.queue (id=2), at t=172.204247780021s, event #100230

Calling finish() at end of Run #967...

Preparing for running configuration MonetecFocusedSmallR, run #968...
Scenario: $r=20, $rho=0.115, $repetition=2
Assigned runID=MonetecFocusedSmallR-968-20260930-08:34:34-58
Setting up network "dect2020scheduledaccess.DectScheduledAccessNetwork"...
Initializing...

Running simulation...
** Event #0   t=0   Elapsed: 2e-06s (0m 00s)
     Speed:     ev/sec=0   simsec/sec=0   ev/simsec=0
     Messages:  created: 2   present: 2   in FES: 2
** Event #99926   t=172.109839472453   Elapsed: 0.010227s (0m 00s)
     Speed:     ev/sec=9.77271e+06   simsec/sec=16832.3   ev/simsec=580.594
     Messages:  created: 2   present: 2   in FES: 1

<!> Simulation stopped with endSimulation() -- in module (ScheduledAccessQueue) DectScheduledAccessNetwork.queue (id=2), at t=172.109839472453s, event #99926

Calling finish() at end of Run #968...

Preparing for running configuration MonetecFocusedSmallR, run #969...
Scenario: $r=20, $rho=0.120, $repetition=0
Assigned runID=MonetecFocusedSmallR-969-20260930-08:34:34-58
Setting up network "dect2020scheduledaccess.DectScheduledAccessNetwork"...
Initializing...

Running simulation...
** Event #0   t=0   Elapsed: 2e-05s (0m 00s)
     Speed:     ev/sec=0   simsec/sec=0   ev/simsec=0
     Messages:  created: 2   present: 2   in FES: 2
** Event #102457   t=172.176961156351   Elapsed: 0.010702s (0m 00s)
     Speed:     ev/sec=9.59156e+06   simsec/sec=16118.4   ev/simsec=595.068
     Messages:  created: 2   present: 2   in FES: 1

<!> Simulation stopped with endSimulation() -- in module (ScheduledAccessQueue) DectScheduledAccessNetwork.queue (id=2), at t=172.176961156351s, event #102457

Calling finish() at end of Run #969...

Preparing for running configuration MonetecFocusedSmallR, run #970...
Scenario: $r=20, $rho=0.120, $repetition=1
Assigned runID=MonetecFocusedSmallR-970-20260930-08:34:34-58
Setting up network "dect2020scheduledaccess.DectScheduledAccessNetwork"...
Initializing...

Running simulation...
** Event #0   t=0   Elapsed: 2.6e-05s (0m 00s)
     Speed:     ev/sec=0   simsec/sec=0   ev/simsec=0
     Messages:  created: 2   present: 2   in FES: 2
** Event #102265   t=172.203243057367   Elapsed: 0.010665s (0m 00s)
     Speed:     ev/sec=9.61318e+06   simsec/sec=16187.5   ev/simsec=593.863
     Messages:  created: 2   present: 2   in FES: 1

<!> Simulation stopped with endSimulation() -- in module (ScheduledAccessQueue) DectScheduledAccessNetwork.queue (id=2), at t=172.203243057367s, event #102265

Calling finish() at end of Run #970...

Preparing for running configuration MonetecFocusedSmallR, run #971...
Scenario: $r=20, $rho=0.120, $repetition=2
Assigned runID=MonetecFocusedSmallR-971-20260930-08:34:34-58
Setting up network "dect2020scheduledaccess.DectScheduledAccessNetwork"...
Initializing...

Running simulation...
** Event #0   t=0   Elapsed: 1.9e-05s (0m 00s)
     Speed:     ev/sec=0   simsec/sec=0   ev/simsec=0
     Messages:  created: 2   present: 2   in FES: 2
** Event #102041   t=172.110578419562   Elapsed: 0.010506s (0m 00s)
     Speed:     ev/sec=9.73024e+06   simsec/sec=16411.8   ev/simsec=592.881
     Messages:  created: 2   present: 2   in FES: 1

<!> Simulation stopped with endSimulation() -- in module (ScheduledAccessQueue) DectScheduledAccessNetwork.queue (id=2), at t=172.110578419562s, event #102041

Calling finish() at end of Run #971...

Preparing for running configuration MonetecFocusedSmallR, run #972...
Scenario: $r=20, $rho=0.125, $repetition=0
Assigned runID=MonetecFocusedSmallR-972-20260930-08:34:34-58
Setting up network "dect2020scheduledaccess.DectScheduledAccessNetwork"...
Initializing...

Running simulation...
** Event #0   t=0   Elapsed: 3e-06s (0m 00s)
     Speed:     ev/sec=0   simsec/sec=0   ev/simsec=0
     Messages:  created: 2   present: 2   in FES: 2
** Event #104436   t=172.098994387668   Elapsed: 0.010856s (0m 00s)
     Speed:     ev/sec=9.62278e+06   simsec/sec=15857.3   ev/simsec=606.837
     Messages:  created: 2   present: 2   in FES: 1

<!> Simulation stopped with endSimulation() -- in module (ScheduledAccessQueue) DectScheduledAccessNetwork.queue (id=2), at t=172.098994387668s, event #104436

Calling finish() at end of Run #972...

Preparing for running configuration MonetecFocusedSmallR, run #973...
Scenario: $r=20, $rho=0.125, $repetition=1
Assigned runID=MonetecFocusedSmallR-973-20260930-08:34:34-58
Setting up network "dect2020scheduledaccess.DectScheduledAccessNetwork"...
Initializing...

Running simulation...
** Event #0   t=0   Elapsed: 2e-05s (0m 00s)
     Speed:     ev/sec=0   simsec/sec=0   ev/simsec=0
     Messages:  created: 2   present: 2   in FES: 2
** Event #104420   t=172.256997395955   Elapsed: 0.010747s (0m 00s)
     Speed:     ev/sec=9.73432e+06   simsec/sec=16058.3   ev/simsec=606.187
     Messages:  created: 2   present: 2   in FES: 1

<!> Simulation stopped with endSimulation() -- in module (ScheduledAccessQueue) DectScheduledAccessNetwork.queue (id=2), at t=172.256997395955s, event #104420

Calling finish() at end of Run #973...

Preparing for running configuration MonetecFocusedSmallR, run #974...
Scenario: $r=20, $rho=0.125, $repetition=2
Assigned runID=MonetecFocusedSmallR-974-20260930-08:34:34-58
Setting up network "dect2020scheduledaccess.DectScheduledAccessNetwork"...
Initializing...

Running simulation...
** Event #0   t=0   Elapsed: 2.2e-05s (0m 00s)
     Speed:     ev/sec=0   simsec/sec=0   ev/simsec=0
     Messages:  created: 2   present: 2   in FES: 2
** Event #104019   t=172.067851733578   Elapsed: 0.010921s (0m 00s)
     Speed:     ev/sec=9.54478e+06   simsec/sec=15788.9   ev/simsec=604.524
     Messages:  created: 2   present: 2   in FES: 1

<!> Simulation stopped with endSimulation() -- in module (ScheduledAccessQueue) DectScheduledAccessNetwork.queue (id=2), at t=172.067851733578s, event #104019

Calling finish() at end of Run #974...

Preparing for running configuration MonetecFocusedSmallR, run #975...
Scenario: $r=20, $rho=0.130, $repetition=0
Assigned runID=MonetecFocusedSmallR-975-20260930-08:34:34-58
Setting up network "dect2020scheduledaccess.DectScheduledAccessNetwork"...
Initializing...

Running simulation...
** Event #0   t=0   Elapsed: 3e-06s (0m 00s)
     Speed:     ev/sec=0   simsec/sec=0   ev/simsec=0
     Messages:  created: 2   present: 2   in FES: 2
** Event #106431   t=172.082401101319   Elapsed: 0.010938s (0m 00s)
     Speed:     ev/sec=9.73306e+06   simsec/sec=15736.8   ev/simsec=618.489
     Messages:  created: 2   present: 2   in FES: 1

<!> Simulation stopped with endSimulation() -- in module (ScheduledAccessQueue) DectScheduledAccessNetwork.queue (id=2), at t=172.082401101319s, event #106431

Calling finish() at end of Run #975...

Preparing for running configuration MonetecFocusedSmallR, run #976...
Scenario: $r=20, $rho=0.130, $repetition=1
Assigned runID=MonetecFocusedSmallR-976-20260930-08:34:34-58
Setting up network "dect2020scheduledaccess.DectScheduledAccessNetwork"...
Initializing...

Running simulation...
** Event #0   t=0   Elapsed: 3e-06s (0m 00s)
     Speed:     ev/sec=0   simsec/sec=0   ev/simsec=0
     Messages:  created: 2   present: 2   in FES: 2
** Event #106583   t=172.287249116073   Elapsed: 0.011115s (0m 00s)
     Speed:     ev/sec=9.5917e+06   simsec/sec=15504.6   ev/simsec=618.636
     Messages:  created: 2   present: 2   in FES: 1

<!> Simulation stopped with endSimulation() -- in module (ScheduledAccessQueue) DectScheduledAccessNetwork.queue (id=2), at t=172.287249116073s, event #106583

Calling finish() at end of Run #976...

Preparing for running configuration MonetecFocusedSmallR, run #977...
Scenario: $r=20, $rho=0.130, $repetition=2
Assigned runID=MonetecFocusedSmallR-977-20260930-08:34:34-58
Setting up network "dect2020scheduledaccess.DectScheduledAccessNetwork"...
Initializing...

Running simulation...
** Event #0   t=0   Elapsed: 3e-06s (0m 00s)
     Speed:     ev/sec=0   simsec/sec=0   ev/simsec=0
     Messages:  created: 2   present: 2   in FES: 2
** Event #106275   t=172.12898898298   Elapsed: 0.010897s (0m 00s)
     Speed:     ev/sec=9.75537e+06   simsec/sec=15800.3   ev/simsec=617.416
     Messages:  created: 2   present: 2   in FES: 1

<!> Simulation stopped with endSimulation() -- in module (ScheduledAccessQueue) DectScheduledAccessNetwork.queue (id=2), at t=172.12898898298s, event #106275

Calling finish() at end of Run #977...

Preparing for running configuration MonetecFocusedSmallR, run #978...
Scenario: $r=20, $rho=0.135, $repetition=0
Assigned runID=MonetecFocusedSmallR-978-20260930-08:34:34-58
Setting up network "dect2020scheduledaccess.DectScheduledAccessNetwork"...
Initializing...

Running simulation...
** Event #0   t=0   Elapsed: 2.4e-05s (0m 00s)
     Speed:     ev/sec=0   simsec/sec=0   ev/simsec=0
     Messages:  created: 2   present: 2   in FES: 2
** Event #108627   t=172.116385305175   Elapsed: 0.011063s (0m 00s)
     Speed:     ev/sec=9.84118e+06   simsec/sec=15593   ev/simsec=631.127
     Messages:  created: 2   present: 2   in FES: 1

<!> Simulation stopped with endSimulation() -- in module (ScheduledAccessQueue) DectScheduledAccessNetwork.queue (id=2), at t=172.116385305175s, event #108627

Calling finish() at end of Run #978...

Preparing for running configuration MonetecFocusedSmallR, run #979...
Scenario: $r=20, $rho=0.135, $repetition=1
Assigned runID=MonetecFocusedSmallR-979-20260930-08:34:34-58
Setting up network "dect2020scheduledaccess.DectScheduledAccessNetwork"...
Initializing...

Running simulation...
** Event #0   t=0   Elapsed: 3e-06s (0m 00s)
     Speed:     ev/sec=0   simsec/sec=0   ev/simsec=0
     Messages:  created: 2   present: 2   in FES: 2
** Event #108501   t=172.22080582551   Elapsed: 0.011334s (0m 00s)
     Speed:     ev/sec=9.57643e+06   simsec/sec=15200.4   ev/simsec=630.013
     Messages:  created: 2   present: 2   in FES: 1

<!> Simulation stopped with endSimulation() -- in module (ScheduledAccessQueue) DectScheduledAccessNetwork.queue (id=2), at t=172.22080582551s, event #108501

Calling finish() at end of Run #979...

Preparing for running configuration MonetecFocusedSmallR, run #980...
Scenario: $r=20, $rho=0.135, $repetition=2
Assigned runID=MonetecFocusedSmallR-980-20260930-08:34:34-58
Setting up network "dect2020scheduledaccess.DectScheduledAccessNetwork"...
Initializing...

Running simulation...
** Event #0   t=0   Elapsed: 3e-06s (0m 00s)
     Speed:     ev/sec=0   simsec/sec=0   ev/simsec=0
     Messages:  created: 2   present: 2   in FES: 2
** Event #108378   t=172.170590724981   Elapsed: 0.012375s (0m 00s)
     Speed:     ev/sec=8.76065e+06   simsec/sec=13917.3   ev/simsec=629.48
     Messages:  created: 2   present: 2   in FES: 1

<!> Simulation stopped with endSimulation() -- in module (ScheduledAccessQueue) DectScheduledAccessNetwork.queue (id=2), at t=172.170590724981s, event #108378

Calling finish() at end of Run #980...

Preparing for running configuration MonetecFocusedSmallR, run #981...
Scenario: $r=20, $rho=0.140, $repetition=0
Assigned runID=MonetecFocusedSmallR-981-20260930-08:34:34-58
Setting up network "dect2020scheduledaccess.DectScheduledAccessNetwork"...
Initializing...

Running simulation...
** Event #0   t=0   Elapsed: 3e-06s (0m 00s)
     Speed:     ev/sec=0   simsec/sec=0   ev/simsec=0
     Messages:  created: 2   present: 2   in FES: 2
** Event #110579   t=172.054407786894   Elapsed: 0.011332s (0m 00s)
     Speed:     ev/sec=9.7607e+06   simsec/sec=15187   ev/simsec=642.699
     Messages:  created: 2   present: 2   in FES: 1

<!> Simulation stopped with endSimulation() -- in module (ScheduledAccessQueue) DectScheduledAccessNetwork.queue (id=2), at t=172.054407786894s, event #110579

Calling finish() at end of Run #981...

Preparing for running configuration MonetecFocusedSmallR, run #982...
Scenario: $r=20, $rho=0.140, $repetition=1
Assigned runID=MonetecFocusedSmallR-982-20260930-08:34:34-58
Setting up network "dect2020scheduledaccess.DectScheduledAccessNetwork"...
Initializing...

Running simulation...
** Event #0   t=0   Elapsed: 3e-06s (0m 00s)
     Speed:     ev/sec=0   simsec/sec=0   ev/simsec=0
     Messages:  created: 2   present: 2   in FES: 2
** Event #110548   t=172.197479753843   Elapsed: 0.011361s (0m 00s)
     Speed:     ev/sec=9.73305e+06   simsec/sec=15160.9   ev/simsec=641.985
     Messages:  created: 2   present: 2   in FES: 1

<!> Simulation stopped with endSimulation() -- in module (ScheduledAccessQueue) DectScheduledAccessNetwork.queue (id=2), at t=172.197479753843s, event #110548

Calling finish() at end of Run #982...

Preparing for running configuration MonetecFocusedSmallR, run #983...
Scenario: $r=20, $rho=0.140, $repetition=2
Assigned runID=MonetecFocusedSmallR-983-20260930-08:34:35-58
Setting up network "dect2020scheduledaccess.DectScheduledAccessNetwork"...
Initializing...

Running simulation...
** Event #0   t=0   Elapsed: 3e-06s (0m 00s)
     Speed:     ev/sec=0   simsec/sec=0   ev/simsec=0
     Messages:  created: 2   present: 2   in FES: 2
** Event #110496   t=172.171164509932   Elapsed: 0.011282s (0m 00s)
     Speed:     ev/sec=9.79661e+06   simsec/sec=15264.7   ev/simsec=641.783
     Messages:  created: 2   present: 2   in FES: 1

<!> Simulation stopped with endSimulation() -- in module (ScheduledAccessQueue) DectScheduledAccessNetwork.queue (id=2), at t=172.171164509932s, event #110496

Calling finish() at end of Run #983...

Preparing for running configuration MonetecFocusedSmallR, run #984...
Scenario: $r=20, $rho=0.145, $repetition=0
Assigned runID=MonetecFocusedSmallR-984-20260930-08:34:35-58
Setting up network "dect2020scheduledaccess.DectScheduledAccessNetwork"...
Initializing...

Running simulation...
** Event #0   t=0   Elapsed: 3e-06s (0m 00s)
     Speed:     ev/sec=0   simsec/sec=0   ev/simsec=0
     Messages:  created: 2   present: 2   in FES: 2
** Event #112855   t=172.112263124605   Elapsed: 0.01179s (0m 00s)
     Speed:     ev/sec=9.57534e+06   simsec/sec=14603.1   ev/simsec=655.707
     Messages:  created: 2   present: 2   in FES: 1

<!> Simulation stopped with endSimulation() -- in module (ScheduledAccessQueue) DectScheduledAccessNetwork.queue (id=2), at t=172.112263124605s, event #112855

Calling finish() at end of Run #984...

Preparing for running configuration MonetecFocusedSmallR, run #985...
Scenario: $r=20, $rho=0.145, $repetition=1
Assigned runID=MonetecFocusedSmallR-985-20260930-08:34:35-58
Setting up network "dect2020scheduledaccess.DectScheduledAccessNetwork"...
Initializing...

Running simulation...
** Event #0   t=0   Elapsed: 2.5e-05s (0m 00s)
     Speed:     ev/sec=0   simsec/sec=0   ev/simsec=0
     Messages:  created: 2   present: 2   in FES: 2
** Event #112500   t=172.160156973221   Elapsed: 0.011656s (0m 00s)
     Speed:     ev/sec=9.67326e+06   simsec/sec=14803.1   ev/simsec=653.461
     Messages:  created: 2   present: 2   in FES: 1

<!> Simulation stopped with endSimulation() -- in module (ScheduledAccessQueue) DectScheduledAccessNetwork.queue (id=2), at t=172.160156973221s, event #112500

Calling finish() at end of Run #985...

Preparing for running configuration MonetecFocusedSmallR, run #986...
Scenario: $r=20, $rho=0.145, $repetition=2
Assigned runID=MonetecFocusedSmallR-986-20260930-08:34:35-58
Setting up network "dect2020scheduledaccess.DectScheduledAccessNetwork"...
Initializing...

Running simulation...
** Event #0   t=0   Elapsed: 3e-06s (0m 00s)
     Speed:     ev/sec=0   simsec/sec=0   ev/simsec=0
     Messages:  created: 2   present: 2   in FES: 2
** Event #112733   t=172.247546511438   Elapsed: 0.011552s (0m 00s)
     Speed:     ev/sec=9.76212e+06   simsec/sec=14915.8   ev/simsec=654.483
     Messages:  created: 2   present: 2   in FES: 1

<!> Simulation stopped with endSimulation() -- in module (ScheduledAccessQueue) DectScheduledAccessNetwork.queue (id=2), at t=172.247546511438s, event #112733

Calling finish() at end of Run #986...

Preparing for running configuration MonetecFocusedSmallR, run #987...
Scenario: $r=20, $rho=0.150, $repetition=0
Assigned runID=MonetecFocusedSmallR-987-20260930-08:34:35-58
Setting up network "dect2020scheduledaccess.DectScheduledAccessNetwork"...
Initializing...

Running simulation...
** Event #0   t=0   Elapsed: 2.4e-05s (0m 00s)
     Speed:     ev/sec=0   simsec/sec=0   ev/simsec=0
     Messages:  created: 2   present: 2   in FES: 2
** Event #114842   t=172.064166979431   Elapsed: 0.011733s (0m 00s)
     Speed:     ev/sec=9.80717e+06   simsec/sec=14693.8   ev/simsec=667.438
     Messages:  created: 2   present: 2   in FES: 1

<!> Simulation stopped with endSimulation() -- in module (ScheduledAccessQueue) DectScheduledAccessNetwork.queue (id=2), at t=172.064166979431s, event #114842

Calling finish() at end of Run #987...

Preparing for running configuration MonetecFocusedSmallR, run #988...
Scenario: $r=20, $rho=0.150, $repetition=1
Assigned runID=MonetecFocusedSmallR-988-20260930-08:34:35-58
Setting up network "dect2020scheduledaccess.DectScheduledAccessNetwork"...
Initializing...

Running simulation...
** Event #0   t=0   Elapsed: 3e-06s (0m 00s)
     Speed:     ev/sec=0   simsec/sec=0   ev/simsec=0
     Messages:  created: 2   present: 2   in FES: 2
** Event #114855   t=172.247381250843   Elapsed: 0.011756s (0m 00s)
     Speed:     ev/sec=9.7724e+06   simsec/sec=14655.6   ev/simsec=666.803
     Messages:  created: 2   present: 2   in FES: 1

<!> Simulation stopped with endSimulation() -- in module (ScheduledAccessQueue) DectScheduledAccessNetwork.queue (id=2), at t=172.247381250843s, event #114855

Calling finish() at end of Run #988...

Preparing for running configuration MonetecFocusedSmallR, run #989...
Scenario: $r=20, $rho=0.150, $repetition=2
Assigned runID=MonetecFocusedSmallR-989-20260930-08:34:35-58
Setting up network "dect2020scheduledaccess.DectScheduledAccessNetwork"...
Initializing...

Running simulation...
** Event #0   t=0   Elapsed: 3e-06s (0m 00s)
     Speed:     ev/sec=0   simsec/sec=0   ev/simsec=0
     Messages:  created: 2   present: 2   in FES: 2
** Event #114500   t=172.172016624329   Elapsed: 0.011936s (0m 00s)
     Speed:     ev/sec=9.59604e+06   simsec/sec=14429.4   ev/simsec=665.034
     Messages:  created: 2   present: 2   in FES: 1

<!> Simulation stopped with endSimulation() -- in module (ScheduledAccessQueue) DectScheduledAccessNetwork.queue (id=2), at t=172.172016624329s, event #114500

Calling finish() at end of Run #989...

Preparing for running configuration MonetecFocusedSmallR, run #990...
Scenario: $r=20, $rho=0.155, $repetition=0
Assigned runID=MonetecFocusedSmallR-990-20260930-08:34:35-58
Setting up network "dect2020scheduledaccess.DectScheduledAccessNetwork"...
Initializing...

Running simulation...
** Event #0   t=0   Elapsed: 3e-06s (0m 00s)
     Speed:     ev/sec=0   simsec/sec=0   ev/simsec=0
     Messages:  created: 2   present: 2   in FES: 2
** Event #116968   t=172.089861080934   Elapsed: 0.011875s (0m 00s)
     Speed:     ev/sec=9.85243e+06   simsec/sec=14495.4   ev/simsec=679.692
     Messages:  created: 2   present: 2   in FES: 1

<!> Simulation stopped with endSimulation() -- in module (ScheduledAccessQueue) DectScheduledAccessNetwork.queue (id=2), at t=172.089861080934s, event #116968

Calling finish() at end of Run #990...

Preparing for running configuration MonetecFocusedSmallR, run #991...
Scenario: $r=20, $rho=0.155, $repetition=1
Assigned runID=MonetecFocusedSmallR-991-20260930-08:34:35-58
Setting up network "dect2020scheduledaccess.DectScheduledAccessNetwork"...
Initializing...

Running simulation...
** Event #0   t=0   Elapsed: 3e-06s (0m 00s)
     Speed:     ev/sec=0   simsec/sec=0   ev/simsec=0
     Messages:  created: 2   present: 2   in FES: 2
** Event #116832   t=172.19634808355   Elapsed: 0.011855s (0m 00s)
     Speed:     ev/sec=9.85841e+06   simsec/sec=14530.1   ev/simsec=678.483
     Messages:  created: 2   present: 2   in FES: 1

<!> Simulation stopped with endSimulation() -- in module (ScheduledAccessQueue) DectScheduledAccessNetwork.queue (id=2), at t=172.19634808355s, event #116832

Calling finish() at end of Run #991...

Preparing for running configuration MonetecFocusedSmallR, run #992...
Scenario: $r=20, $rho=0.155, $repetition=2
Assigned runID=MonetecFocusedSmallR-992-20260930-08:34:35-58
Setting up network "dect2020scheduledaccess.DectScheduledAccessNetwork"...
Initializing...

Running simulation...
** Event #0   t=0   Elapsed: 3e-06s (0m 00s)
     Speed:     ev/sec=0   simsec/sec=0   ev/simsec=0
     Messages:  created: 2   present: 2   in FES: 2
** Event #116778   t=172.252264783095   Elapsed: 0.012017s (0m 00s)
     Speed:     ev/sec=9.72097e+06   simsec/sec=14338.8   ev/simsec=677.95
     Messages:  created: 2   present: 2   in FES: 1

<!> Simulation stopped with endSimulation() -- in module (ScheduledAccessQueue) DectScheduledAccessNetwork.queue (id=2), at t=172.252264783095s, event #116778

Calling finish() at end of Run #992...

Preparing for running configuration MonetecFocusedSmallR, run #993...
Scenario: $r=20, $rho=0.160, $repetition=0
Assigned runID=MonetecFocusedSmallR-993-20260930-08:34:35-58
Setting up network "dect2020scheduledaccess.DectScheduledAccessNetwork"...
Initializing...

Running simulation...
** Event #0   t=0   Elapsed: 3e-06s (0m 00s)
     Speed:     ev/sec=0   simsec/sec=0   ev/simsec=0
     Messages:  created: 2   present: 2   in FES: 2
** Event #119140   t=172.153225559549   Elapsed: 0.012103s (0m 00s)
     Speed:     ev/sec=9.84628e+06   simsec/sec=14227.5   ev/simsec=692.058
     Messages:  created: 2   present: 2   in FES: 1

<!> Simulation stopped with endSimulation() -- in module (ScheduledAccessQueue) DectScheduledAccessNetwork.queue (id=2), at t=172.153225559549s, event #119140

Calling finish() at end of Run #993...

Preparing for running configuration MonetecFocusedSmallR, run #994...
Scenario: $r=20, $rho=0.160, $repetition=1
Assigned runID=MonetecFocusedSmallR-994-20260930-08:34:35-58
Setting up network "dect2020scheduledaccess.DectScheduledAccessNetwork"...
Initializing...

Running simulation...
** Event #0   t=0   Elapsed: 3e-06s (0m 00s)
     Speed:     ev/sec=0   simsec/sec=0   ev/simsec=0
     Messages:  created: 2   present: 2   in FES: 2
** Event #118960   t=172.21468641602   Elapsed: 0.012086s (0m 00s)
     Speed:     ev/sec=9.84524e+06   simsec/sec=14252.6   ev/simsec=690.766
     Messages:  created: 2   present: 2   in FES: 1

<!> Simulation stopped with endSimulation() -- in module (ScheduledAccessQueue) DectScheduledAccessNetwork.queue (id=2), at t=172.21468641602s, event #118960

Calling finish() at end of Run #994...

Preparing for running configuration MonetecFocusedSmallR, run #995...
Scenario: $r=20, $rho=0.160, $repetition=2
Assigned runID=MonetecFocusedSmallR-995-20260930-08:34:35-58
Setting up network "dect2020scheduledaccess.DectScheduledAccessNetwork"...
Initializing...

Running simulation...
** Event #0   t=0   Elapsed: 3e-06s (0m 00s)
     Speed:     ev/sec=0   simsec/sec=0   ev/simsec=0
     Messages:  created: 2   present: 2   in FES: 2
** Event #118706   t=172.225712058897   Elapsed: 0.012108s (0m 00s)
     Speed:     ev/sec=9.80636e+06   simsec/sec=14227.6   ev/simsec=689.248
     Messages:  created: 2   present: 2   in FES: 1

<!> Simulation stopped with endSimulation() -- in module (ScheduledAccessQueue) DectScheduledAccessNetwork.queue (id=2), at t=172.225712058897s, event #118706

Calling finish() at end of Run #995...

Preparing for running configuration MonetecFocusedSmallR, run #996...
Scenario: $r=20, $rho=0.165, $repetition=0
Assigned runID=MonetecFocusedSmallR-996-20260930-08:34:35-58
Setting up network "dect2020scheduledaccess.DectScheduledAccessNetwork"...
Initializing...

Running simulation...
** Event #0   t=0   Elapsed: 3e-06s (0m 00s)
     Speed:     ev/sec=0   simsec/sec=0   ev/simsec=0
     Messages:  created: 2   present: 2   in FES: 2
** Event #120791   t=172.040641821831   Elapsed: 0.01226s (0m 00s)
     Speed:     ev/sec=9.85486e+06   simsec/sec=14036   ev/simsec=702.111
     Messages:  created: 2   present: 2   in FES: 1

<!> Simulation stopped with endSimulation() -- in module (ScheduledAccessQueue) DectScheduledAccessNetwork.queue (id=2), at t=172.040641821831s, event #120791

Calling finish() at end of Run #996...

Preparing for running configuration MonetecFocusedSmallR, run #997...
Scenario: $r=20, $rho=0.165, $repetition=1
Assigned runID=MonetecFocusedSmallR-997-20260930-08:34:35-58
Setting up network "dect2020scheduledaccess.DectScheduledAccessNetwork"...
Initializing...

Running simulation...
** Event #0   t=0   Elapsed: 3e-06s (0m 00s)
     Speed:     ev/sec=0   simsec/sec=0   ev/simsec=0
     Messages:  created: 2   present: 2   in FES: 2
** Event #120850   t=172.165970025995   Elapsed: 0.012444s (0m 00s)
     Speed:     ev/sec=9.71385e+06   simsec/sec=13838.6   ev/simsec=701.941
     Messages:  created: 2   present: 2   in FES: 1

<!> Simulation stopped with endSimulation() -- in module (ScheduledAccessQueue) DectScheduledAccessNetwork.queue (id=2), at t=172.165970025995s, event #120850

Calling finish() at end of Run #997...

Preparing for running configuration MonetecFocusedSmallR, run #998...
Scenario: $r=20, $rho=0.165, $repetition=2
Assigned runID=MonetecFocusedSmallR-998-20260930-08:34:35-58
Setting up network "dect2020scheduledaccess.DectScheduledAccessNetwork"...
Initializing...

Running simulation...
** Event #0   t=0   Elapsed: 3e-06s (0m 00s)
     Speed:     ev/sec=0   simsec/sec=0   ev/simsec=0
     Messages:  created: 2   present: 2   in FES: 2
** Event #120609   t=172.143601887028   Elapsed: 0.012238s (0m 00s)
     Speed:     ev/sec=9.8577e+06   simsec/sec=14069.7   ev/simsec=700.632
     Messages:  created: 2   present: 2   in FES: 1

<!> Simulation stopped with endSimulation() -- in module (ScheduledAccessQueue) DectScheduledAccessNetwork.queue (id=2), at t=172.143601887028s, event #120609

Calling finish() at end of Run #998...

Preparing for running configuration MonetecFocusedSmallR, run #999...
Scenario: $r=20, $rho=0.170, $repetition=0
Assigned runID=MonetecFocusedSmallR-999-20260930-08:34:35-58
Setting up network "dect2020scheduledaccess.DectScheduledAccessNetwork"...
Initializing...

Running simulation...
** Event #0   t=0   Elapsed: 2e-06s (0m 00s)
     Speed:     ev/sec=0   simsec/sec=0   ev/simsec=0
     Messages:  created: 2   present: 2   in FES: 2
** Event #123312   t=172.199625319503   Elapsed: 0.012679s (0m 00s)
     Speed:     ev/sec=9.72722e+06   simsec/sec=13583.6   ev/simsec=716.1
     Messages:  created: 2   present: 2   in FES: 1

<!> Simulation stopped with endSimulation() -- in module (ScheduledAccessQueue) DectScheduledAccessNetwork.queue (id=2), at t=172.199625319503s, event #123312

Calling finish() at end of Run #999...

Preparing for running configuration MonetecFocusedSmallR, run #1000...
Scenario: $r=20, $rho=0.170, $repetition=1
Assigned runID=MonetecFocusedSmallR-1000-20260930-08:34:35-58
Setting up network "dect2020scheduledaccess.DectScheduledAccessNetwork"...
Initializing...

Running simulation...
** Event #0   t=0   Elapsed: 3e-06s (0m 00s)
     Speed:     ev/sec=0   simsec/sec=0   ev/simsec=0
     Messages:  created: 2   present: 2   in FES: 2
** Event #122965   t=172.173085759258   Elapsed: 0.012522s (0m 00s)
     Speed:     ev/sec=9.82227e+06   simsec/sec=13752.9   ev/simsec=714.195
     Messages:  created: 2   present: 2   in FES: 1

<!> Simulation stopped with endSimulation() -- in module (ScheduledAccessQueue) DectScheduledAccessNetwork.queue (id=2), at t=172.173085759258s, event #122965

Calling finish() at end of Run #1000...

Preparing for running configuration MonetecFocusedSmallR, run #1001...
Scenario: $r=20, $rho=0.170, $repetition=2
Assigned runID=MonetecFocusedSmallR-1001-20260930-08:34:35-58
Setting up network "dect2020scheduledaccess.DectScheduledAccessNetwork"...
Initializing...

Running simulation...
** Event #0   t=0   Elapsed: 4e-06s (0m 00s)
     Speed:     ev/sec=0   simsec/sec=0   ev/simsec=0
     Messages:  created: 2   present: 2   in FES: 2
** Event #122800   t=172.21711970791   Elapsed: 0.012475s (0m 00s)
     Speed:     ev/sec=9.84684e+06   simsec/sec=13809.4   ev/simsec=713.056
     Messages:  created: 2   present: 2   in FES: 1

<!> Simulation stopped with endSimulation() -- in module (ScheduledAccessQueue) DectScheduledAccessNetwork.queue (id=2), at t=172.21711970791s, event #122800

Calling finish() at end of Run #1001...

Preparing for running configuration MonetecFocusedSmallR, run #1002...
Scenario: $r=20, $rho=0.175, $repetition=0
Assigned runID=MonetecFocusedSmallR-1002-20260930-08:34:35-58
Setting up network "dect2020scheduledaccess.DectScheduledAccessNetwork"...
Initializing...

Running simulation...
** Event #0   t=0   Elapsed: 3e-06s (0m 00s)
     Speed:     ev/sec=0   simsec/sec=0   ev/simsec=0
     Messages:  created: 2   present: 2   in FES: 2
** Event #125512   t=172.233001975519   Elapsed: 0.012775s (0m 00s)
     Speed:     ev/sec=9.82712e+06   simsec/sec=13485.2   ev/simsec=728.735
     Messages:  created: 2   present: 2   in FES: 1

<!> Simulation stopped with endSimulation() -- in module (ScheduledAccessQueue) DectScheduledAccessNetwork.queue (id=2), at t=172.233001975519s, event #125512

Calling finish() at end of Run #1002...

Preparing for running configuration MonetecFocusedSmallR, run #1003...
Scenario: $r=20, $rho=0.175, $repetition=1
Assigned runID=MonetecFocusedSmallR-1003-20260930-08:34:35-58
Setting up network "dect2020scheduledaccess.DectScheduledAccessNetwork"...
Initializing...

Running simulation...
** Event #0   t=0   Elapsed: 3e-06s (0m 00s)
     Speed:     ev/sec=0   simsec/sec=0   ev/simsec=0
     Messages:  created: 2   present: 2   in FES: 2
** Event #124880   t=172.099776933485   Elapsed: 0.012831s (0m 00s)
     Speed:     ev/sec=9.73495e+06   simsec/sec=13415.9   ev/simsec=725.626
     Messages:  created: 2   present: 2   in FES: 1

<!> Simulation stopped with endSimulation() -- in module (ScheduledAccessQueue) DectScheduledAccessNetwork.queue (id=2), at t=172.099776933485s, event #124880

Calling finish() at end of Run #1003...

Preparing for running configuration MonetecFocusedSmallR, run #1004...
Scenario: $r=20, $rho=0.175, $repetition=2
Assigned runID=MonetecFocusedSmallR-1004-20260930-08:34:35-58
Setting up network "dect2020scheduledaccess.DectScheduledAccessNetwork"...
Initializing...

Running simulation...
** Event #0   t=0   Elapsed: 3e-06s (0m 00s)
     Speed:     ev/sec=0   simsec/sec=0   ev/simsec=0
     Messages:  created: 2   present: 2   in FES: 2
** Event #124746   t=172.172684251984   Elapsed: 0.012763s (0m 00s)
     Speed:     ev/sec=9.77633e+06   simsec/sec=13493.1   ev/simsec=724.541
     Messages:  created: 2   present: 2   in FES: 1

<!> Simulation stopped with endSimulation() -- in module (ScheduledAccessQueue) DectScheduledAccessNetwork.queue (id=2), at t=172.172684251984s, event #124746

Calling finish() at end of Run #1004...

Preparing for running configuration MonetecFocusedSmallR, run #1005...
Scenario: $r=20, $rho=0.180, $repetition=0
Assigned runID=MonetecFocusedSmallR-1005-20260930-08:34:35-58
Setting up network "dect2020scheduledaccess.DectScheduledAccessNetwork"...
Initializing...

Running simulation...
** Event #0   t=0   Elapsed: 3e-06s (0m 00s)
     Speed:     ev/sec=0   simsec/sec=0   ev/simsec=0
     Messages:  created: 2   present: 2   in FES: 2
** Event #127094   t=172.049873981879   Elapsed: 0.012901s (0m 00s)
     Speed:     ev/sec=9.85378e+06   simsec/sec=13339.2   ev/simsec=738.708
     Messages:  created: 2   present: 2   in FES: 1

<!> Simulation stopped with endSimulation() -- in module (ScheduledAccessQueue) DectScheduledAccessNetwork.queue (id=2), at t=172.049873981879s, event #127094

Calling finish() at end of Run #1005...

Preparing for running configuration MonetecFocusedSmallR, run #1006...
Scenario: $r=20, $rho=0.180, $repetition=1
Assigned runID=MonetecFocusedSmallR-1006-20260930-08:34:35-58
Setting up network "dect2020scheduledaccess.DectScheduledAccessNetwork"...
Initializing...

Running simulation...
** Event #0   t=0   Elapsed: 4e-06s (0m 00s)
     Speed:     ev/sec=0   simsec/sec=0   ev/simsec=0
     Messages:  created: 2   present: 2   in FES: 2
** Event #127218   t=172.184105946084   Elapsed: 0.012916s (0m 00s)
     Speed:     ev/sec=9.85346e+06   simsec/sec=13336.2   ev/simsec=738.85
     Messages:  created: 2   present: 2   in FES: 1

<!> Simulation stopped with endSimulation() -- in module (ScheduledAccessQueue) DectScheduledAccessNetwork.queue (id=2), at t=172.184105946084s, event #127218

Calling finish() at end of Run #1006...

Preparing for running configuration MonetecFocusedSmallR, run #1007...
Scenario: $r=20, $rho=0.180, $repetition=2
Assigned runID=MonetecFocusedSmallR-1007-20260930-08:34:35-58
Setting up network "dect2020scheduledaccess.DectScheduledAccessNetwork"...
Initializing...

Running simulation...
** Event #0   t=0   Elapsed: 3e-06s (0m 00s)
     Speed:     ev/sec=0   simsec/sec=0   ev/simsec=0
     Messages:  created: 2   present: 2   in FES: 2
** Event #126878   t=172.203591139449   Elapsed: 0.012989s (0m 00s)
     Speed:     ev/sec=9.77037e+06   simsec/sec=13260.7   ev/simsec=736.792
     Messages:  created: 2   present: 2   in FES: 1

<!> Simulation stopped with endSimulation() -- in module (ScheduledAccessQueue) DectScheduledAccessNetwork.queue (id=2), at t=172.203591139449s, event #126878

Calling finish() at end of Run #1007...

Preparing for running configuration MonetecFocusedSmallR, run #1008...
Scenario: $r=20, $rho=0.185, $repetition=0
Assigned runID=MonetecFocusedSmallR-1008-20260930-08:34:35-58
Setting up network "dect2020scheduledaccess.DectScheduledAccessNetwork"...
Initializing...

Running simulation...
** Event #0   t=0   Elapsed: 3e-06s (0m 00s)
     Speed:     ev/sec=0   simsec/sec=0   ev/simsec=0
     Messages:  created: 2   present: 2   in FES: 2
** Event #129391   t=172.125393719406   Elapsed: 0.013168s (0m 00s)
     Speed:     ev/sec=9.82841e+06   simsec/sec=13074.4   ev/simsec=751.727
     Messages:  created: 2   present: 2   in FES: 1

<!> Simulation stopped with endSimulation() -- in module (ScheduledAccessQueue) DectScheduledAccessNetwork.queue (id=2), at t=172.125393719406s, event #129391

Calling finish() at end of Run #1008...

Preparing for running configuration MonetecFocusedSmallR, run #1009...
Scenario: $r=20, $rho=0.185, $repetition=1
Assigned runID=MonetecFocusedSmallR-1009-20260930-08:34:35-58
Setting up network "dect2020scheduledaccess.DectScheduledAccessNetwork"...
Initializing...

Running simulation...
** Event #0   t=0   Elapsed: 3e-06s (0m 00s)
     Speed:     ev/sec=0   simsec/sec=0   ev/simsec=0
     Messages:  created: 2   present: 2   in FES: 2
** Event #129246   t=172.150207888929   Elapsed: 0.01325s (0m 00s)
     Speed:     ev/sec=9.75662e+06   simsec/sec=12995.4   ev/simsec=750.778
     Messages:  created: 2   present: 2   in FES: 1

<!> Simulation stopped with endSimulation() -- in module (ScheduledAccessQueue) DectScheduledAccessNetwork.queue (id=2), at t=172.150207888929s, event #129246

Calling finish() at end of Run #1009...

Preparing for running configuration MonetecFocusedSmallR, run #1010...
Scenario: $r=20, $rho=0.185, $repetition=2
Assigned runID=MonetecFocusedSmallR-1010-20260930-08:34:35-58
Setting up network "dect2020scheduledaccess.DectScheduledAccessNetwork"...
Initializing...

Running simulation...
** Event #0   t=0   Elapsed: 4e-06s (0m 00s)
     Speed:     ev/sec=0   simsec/sec=0   ev/simsec=0
     Messages:  created: 2   present: 2   in FES: 2
** Event #128720   t=172.12044803173   Elapsed: 0.013281s (0m 00s)
     Speed:     ev/sec=9.69569e+06   simsec/sec=12964.7   ev/simsec=747.851
     Messages:  created: 2   present: 2   in FES: 1

<!> Simulation stopped with endSimulation() -- in module (ScheduledAccessQueue) DectScheduledAccessNetwork.queue (id=2), at t=172.12044803173s, event #128720

Calling finish() at end of Run #1010...

Preparing for running configuration MonetecFocusedSmallR, run #1011...
Scenario: $r=20, $rho=0.190, $repetition=0
Assigned runID=MonetecFocusedSmallR-1011-20260930-08:34:35-58
Setting up network "dect2020scheduledaccess.DectScheduledAccessNetwork"...
Initializing...

Running simulation...
** Event #0   t=0   Elapsed: 3e-06s (0m 00s)
     Speed:     ev/sec=0   simsec/sec=0   ev/simsec=0
     Messages:  created: 2   present: 2   in FES: 2
** Event #131688   t=172.187493700853   Elapsed: 0.013647s (0m 00s)
     Speed:     ev/sec=9.65172e+06   simsec/sec=12620   ev/simsec=764.795
     Messages:  created: 2   present: 2   in FES: 1

<!> Simulation stopped with endSimulation() -- in module (ScheduledAccessQueue) DectScheduledAccessNetwork.queue (id=2), at t=172.187493700853s, event #131688

Calling finish() at end of Run #1011...

Preparing for running configuration MonetecFocusedSmallR, run #1012...
Scenario: $r=20, $rho=0.190, $repetition=1
Assigned runID=MonetecFocusedSmallR-1012-20260930-08:34:35-58
Setting up network "dect2020scheduledaccess.DectScheduledAccessNetwork"...
Initializing...

Running simulation...
** Event #0   t=0   Elapsed: 3e-06s (0m 00s)
     Speed:     ev/sec=0   simsec/sec=0   ev/simsec=0
     Messages:  created: 2   present: 2   in FES: 2
** Event #131395   t=172.157187238913   Elapsed: 0.013553s (0m 00s)
     Speed:     ev/sec=9.69705e+06   simsec/sec=12705.3   ev/simsec=763.227
     Messages:  created: 2   present: 2   in FES: 1

<!> Simulation stopped with endSimulation() -- in module (ScheduledAccessQueue) DectScheduledAccessNetwork.queue (id=2), at t=172.157187238913s, event #131395

Calling finish() at end of Run #1012...

Preparing for running configuration MonetecFocusedSmallR, run #1013...
Scenario: $r=20, $rho=0.190, $repetition=2
Assigned runID=MonetecFocusedSmallR-1013-20260930-08:34:35-58
Setting up network "dect2020scheduledaccess.DectScheduledAccessNetwork"...
Initializing...

Running simulation...
** Event #0   t=0   Elapsed: 3e-06s (0m 00s)
     Speed:     ev/sec=0   simsec/sec=0   ev/simsec=0
     Messages:  created: 2   present: 2   in FES: 2
** Event #130830   t=172.120687335916   Elapsed: 0.013463s (0m 00s)
     Speed:     ev/sec=9.71991e+06   simsec/sec=12787.6   ev/simsec=760.107
     Messages:  created: 2   present: 2   in FES: 1

<!> Simulation stopped with endSimulation() -- in module (ScheduledAccessQueue) DectScheduledAccessNetwork.queue (id=2), at t=172.120687335916s, event #130830

Calling finish() at end of Run #1013...

Preparing for running configuration MonetecFocusedSmallR, run #1014...
Scenario: $r=20, $rho=0.195, $repetition=0
Assigned runID=MonetecFocusedSmallR-1014-20260930-08:34:35-58
Setting up network "dect2020scheduledaccess.DectScheduledAccessNetwork"...
Initializing...

Running simulation...
** Event #0   t=0   Elapsed: 3e-06s (0m 00s)
     Speed:     ev/sec=0   simsec/sec=0   ev/simsec=0
     Messages:  created: 2   present: 2   in FES: 2
** Event #133499   t=172.088724890788   Elapsed: 0.013667s (0m 00s)
     Speed:     ev/sec=9.77013e+06   simsec/sec=12594.3   ev/simsec=775.76
     Messages:  created: 2   present: 2   in FES: 1

<!> Simulation stopped with endSimulation() -- in module (ScheduledAccessQueue) DectScheduledAccessNetwork.queue (id=2), at t=172.088724890788s, event #133499

Calling finish() at end of Run #1014...

Preparing for running configuration MonetecFocusedSmallR, run #1015...
Scenario: $r=20, $rho=0.195, $repetition=1
Assigned runID=MonetecFocusedSmallR-1015-20260930-08:34:35-58
Setting up network "dect2020scheduledaccess.DectScheduledAccessNetwork"...
Initializing...

Running simulation...
** Event #0   t=0   Elapsed: 3e-06s (0m 00s)
     Speed:     ev/sec=0   simsec/sec=0   ev/simsec=0
     Messages:  created: 2   present: 2   in FES: 2
** Event #133278   t=172.1193324589   Elapsed: 0.013698s (0m 00s)
     Speed:     ev/sec=9.73258e+06   simsec/sec=12569   ev/simsec=774.335
     Messages:  created: 2   present: 2   in FES: 1

<!> Simulation stopped with endSimulation() -- in module (ScheduledAccessQueue) DectScheduledAccessNetwork.queue (id=2), at t=172.1193324589s, event #133278

Calling finish() at end of Run #1015...

Preparing for running configuration MonetecFocusedSmallR, run #1016...
Scenario: $r=20, $rho=0.195, $repetition=2
Assigned runID=MonetecFocusedSmallR-1016-20260930-08:34:35-58
Setting up network "dect2020scheduledaccess.DectScheduledAccessNetwork"...
Initializing...

Running simulation...
** Event #0   t=0   Elapsed: 3e-06s (0m 00s)
     Speed:     ev/sec=0   simsec/sec=0   ev/simsec=0
     Messages:  created: 2   present: 2   in FES: 2
** Event #133185   t=172.215759074675   Elapsed: 0.013512s (0m 00s)
     Speed:     ev/sec=9.85898e+06   simsec/sec=12748.2   ev/simsec=773.365
     Messages:  created: 2   present: 2   in FES: 1

<!> Simulation stopped with endSimulation() -- in module (ScheduledAccessQueue) DectScheduledAccessNetwork.queue (id=2), at t=172.215759074675s, event #133185

Calling finish() at end of Run #1016...

Preparing for running configuration MonetecFocusedSmallR, run #1017...
Scenario: $r=20, $rho=0.200, $repetition=0
Assigned runID=MonetecFocusedSmallR-1017-20260930-08:34:35-58
Setting up network "dect2020scheduledaccess.DectScheduledAccessNetwork"...
Initializing...

Running simulation...
** Event #0   t=0   Elapsed: 3e-06s (0m 00s)
     Speed:     ev/sec=0   simsec/sec=0   ev/simsec=0
     Messages:  created: 2   present: 2   in FES: 2
** Event #135793   t=172.146445720238   Elapsed: 0.013941s (0m 00s)
     Speed:     ev/sec=9.74265e+06   simsec/sec=12350.9   ev/simsec=788.823
     Messages:  created: 2   present: 2   in FES: 1

<!> Simulation stopped with endSimulation() -- in module (ScheduledAccessQueue) DectScheduledAccessNetwork.queue (id=2), at t=172.146445720238s, event #135793

Calling finish() at end of Run #1017...

Preparing for running configuration MonetecFocusedSmallR, run #1018...
Scenario: $r=20, $rho=0.200, $repetition=1
Assigned runID=MonetecFocusedSmallR-1018-20260930-08:34:35-58
Setting up network "dect2020scheduledaccess.DectScheduledAccessNetwork"...
Initializing...

Running simulation...
** Event #0   t=0   Elapsed: 4e-06s (0m 00s)
     Speed:     ev/sec=0   simsec/sec=0   ev/simsec=0
     Messages:  created: 2   present: 2   in FES: 2
** Event #135292   t=172.088670103846   Elapsed: 0.013777s (0m 00s)
     Speed:     ev/sec=9.8237e+06   simsec/sec=12495.5   ev/simsec=786.176
     Messages:  created: 2   present: 2   in FES: 1

<!> Simulation stopped with endSimulation() -- in module (ScheduledAccessQueue) DectScheduledAccessNetwork.queue (id=2), at t=172.088670103846s, event #135292

Calling finish() at end of Run #1018...

Preparing for running configuration MonetecFocusedSmallR, run #1019...
Scenario: $r=20, $rho=0.200, $repetition=2
Assigned runID=MonetecFocusedSmallR-1019-20260930-08:34:35-58
Setting up network "dect2020scheduledaccess.DectScheduledAccessNetwork"...
Initializing...

Running simulation...
** Event #0   t=0   Elapsed: 3e-06s (0m 00s)
     Speed:     ev/sec=0   simsec/sec=0   ev/simsec=0
     Messages:  created: 2   present: 2   in FES: 2
** Event #135535   t=172.266106023133   Elapsed: 0.013804s (0m 00s)
     Speed:     ev/sec=9.82067e+06   simsec/sec=12482.1   ev/simsec=786.779
     Messages:  created: 2   present: 2   in FES: 1

<!> Simulation stopped with endSimulation() -- in module (ScheduledAccessQueue) DectScheduledAccessNetwork.queue (id=2), at t=172.266106023133s, event #135535

Calling finish() at end of Run #1019...

Preparing for running configuration MonetecFocusedSmallR, run #1020...
Scenario: $r=20, $rho=0.205, $repetition=0
Assigned runID=MonetecFocusedSmallR-1020-20260930-08:34:35-58
Setting up network "dect2020scheduledaccess.DectScheduledAccessNetwork"...
Initializing...

Running simulation...
** Event #0   t=0   Elapsed: 3e-06s (0m 00s)
     Speed:     ev/sec=0   simsec/sec=0   ev/simsec=0
     Messages:  created: 2   present: 2   in FES: 2
** Event #137764   t=172.115190405877   Elapsed: 0.014003s (0m 00s)
     Speed:     ev/sec=9.84029e+06   simsec/sec=12293.8   ev/simsec=800.428
     Messages:  created: 2   present: 2   in FES: 1

<!> Simulation stopped with endSimulation() -- in module (ScheduledAccessQueue) DectScheduledAccessNetwork.queue (id=2), at t=172.115190405877s, event #137764

Calling finish() at end of Run #1020...

Preparing for running configuration MonetecFocusedSmallR, run #1021...
Scenario: $r=20, $rho=0.205, $repetition=1
Assigned runID=MonetecFocusedSmallR-1021-20260930-08:34:35-58
Setting up network "dect2020scheduledaccess.DectScheduledAccessNetwork"...
Initializing...

Running simulation...
** Event #0   t=0   Elapsed: 3e-06s (0m 00s)
     Speed:     ev/sec=0   simsec/sec=0   ev/simsec=0
     Messages:  created: 2   present: 2   in FES: 2
** Event #137702   t=172.193831664269   Elapsed: 0.014098s (0m 00s)
     Speed:     ev/sec=9.76956e+06   simsec/sec=12216.7   ev/simsec=799.692
     Messages:  created: 2   present: 2   in FES: 1

<!> Simulation stopped with endSimulation() -- in module (ScheduledAccessQueue) DectScheduledAccessNetwork.queue (id=2), at t=172.193831664269s, event #137702

Calling finish() at end of Run #1021...

Preparing for running configuration MonetecFocusedSmallR, run #1022...
Scenario: $r=20, $rho=0.205, $repetition=2
Assigned runID=MonetecFocusedSmallR-1022-20260930-08:34:35-58
Setting up network "dect2020scheduledaccess.DectScheduledAccessNetwork"...
Initializing...

Running simulation...
** Event #0   t=0   Elapsed: 3e-06s (0m 00s)
     Speed:     ev/sec=0   simsec/sec=0   ev/simsec=0
     Messages:  created: 2   present: 2   in FES: 2
** Event #137375   t=172.184561653015   Elapsed: 0.014086s (0m 00s)
     Speed:     ev/sec=9.75467e+06   simsec/sec=12226.4   ev/simsec=797.839
     Messages:  created: 2   present: 2   in FES: 1

<!> Simulation stopped with endSimulation() -- in module (ScheduledAccessQueue) DectScheduledAccessNetwork.queue (id=2), at t=172.184561653015s, event #137375

Calling finish() at end of Run #1022...

Preparing for running configuration MonetecFocusedSmallR, run #1023...
Scenario: $r=20, $rho=0.210, $repetition=0
Assigned runID=MonetecFocusedSmallR-1023-20260930-08:34:35-58
Setting up network "dect2020scheduledaccess.DectScheduledAccessNetwork"...
Initializing...

Running simulation...
** Event #0   t=0   Elapsed: 3e-06s (0m 00s)
     Speed:     ev/sec=0   simsec/sec=0   ev/simsec=0
     Messages:  created: 2   present: 2   in FES: 2
** Event #139891   t=172.124791437194   Elapsed: 0.014228s (0m 00s)
     Speed:     ev/sec=9.83417e+06   simsec/sec=12100.2   ev/simsec=812.73
     Messages:  created: 2   present: 2   in FES: 1

<!> Simulation stopped with endSimulation() -- in module (ScheduledAccessQueue) DectScheduledAccessNetwork.queue (id=2), at t=172.124791437194s, event #139891

Calling finish() at end of Run #1023...

Preparing for running configuration MonetecFocusedSmallR, run #1024...
Scenario: $r=20, $rho=0.210, $repetition=1
Assigned runID=MonetecFocusedSmallR-1024-20260930-08:34:35-58
Setting up network "dect2020scheduledaccess.DectScheduledAccessNetwork"...
Initializing...

Running simulation...
** Event #0   t=0   Elapsed: 2e-06s (0m 00s)
     Speed:     ev/sec=0   simsec/sec=0   ev/simsec=0
     Messages:  created: 2   present: 2   in FES: 2
** Event #139548   t=172.10953988697   Elapsed: 0.014383s (0m 00s)
     Speed:     ev/sec=9.70364e+06   simsec/sec=11967.8   ev/simsec=810.811
     Messages:  created: 2   present: 2   in FES: 1

<!> Simulation stopped with endSimulation() -- in module (ScheduledAccessQueue) DectScheduledAccessNetwork.queue (id=2), at t=172.10953988697s, event #139548

Calling finish() at end of Run #1024...

Preparing for running configuration MonetecFocusedSmallR, run #1025...
Scenario: $r=20, $rho=0.210, $repetition=2
Assigned runID=MonetecFocusedSmallR-1025-20260930-08:34:35-58
Setting up network "dect2020scheduledaccess.DectScheduledAccessNetwork"...
Initializing...

Running simulation...
** Event #0   t=0   Elapsed: 3e-06s (0m 00s)
     Speed:     ev/sec=0   simsec/sec=0   ev/simsec=0
     Messages:  created: 2   present: 2   in FES: 2
** Event #139647   t=172.259104682784   Elapsed: 0.014339s (0m 00s)
     Speed:     ev/sec=9.74168e+06   simsec/sec=12016.7   ev/simsec=810.68
     Messages:  created: 2   present: 2   in FES: 1

<!> Simulation stopped with endSimulation() -- in module (ScheduledAccessQueue) DectScheduledAccessNetwork.queue (id=2), at t=172.259104682784s, event #139647

Calling finish() at end of Run #1025...

Preparing for running configuration MonetecFocusedSmallR, run #1026...
Scenario: $r=20, $rho=0.215, $repetition=0
Assigned runID=MonetecFocusedSmallR-1026-20260930-08:34:35-58
Setting up network "dect2020scheduledaccess.DectScheduledAccessNetwork"...
Initializing...

Running simulation...
** Event #0   t=0   Elapsed: 3e-06s (0m 00s)
     Speed:     ev/sec=0   simsec/sec=0   ev/simsec=0
     Messages:  created: 2   present: 2   in FES: 2
** Event #141793   t=172.062987043163   Elapsed: 0.014614s (0m 00s)
     Speed:     ev/sec=9.70454e+06   simsec/sec=11776.2   ev/simsec=824.078
     Messages:  created: 2   present: 2   in FES: 1

<!> Simulation stopped with endSimulation() -- in module (ScheduledAccessQueue) DectScheduledAccessNetwork.queue (id=2), at t=172.062987043163s, event #141793

Calling finish() at end of Run #1026...

Preparing for running configuration MonetecFocusedSmallR, run #1027...
Scenario: $r=20, $rho=0.215, $repetition=1
Assigned runID=MonetecFocusedSmallR-1027-20260930-08:34:35-58
Setting up network "dect2020scheduledaccess.DectScheduledAccessNetwork"...
Initializing...

Running simulation...
** Event #0   t=0   Elapsed: 3e-06s (0m 00s)
     Speed:     ev/sec=0   simsec/sec=0   ev/simsec=0
     Messages:  created: 2   present: 2   in FES: 2
** Event #141635   t=172.130737567332   Elapsed: 0.014435s (0m 00s)
     Speed:     ev/sec=9.81396e+06   simsec/sec=11927   ev/simsec=822.834
     Messages:  created: 2   present: 2   in FES: 1

<!> Simulation stopped with endSimulation() -- in module (ScheduledAccessQueue) DectScheduledAccessNetwork.queue (id=2), at t=172.130737567332s, event #141635

Calling finish() at end of Run #1027...

Preparing for running configuration MonetecFocusedSmallR, run #1028...
Scenario: $r=20, $rho=0.215, $repetition=2
Assigned runID=MonetecFocusedSmallR-1028-20260930-08:34:35-58
Setting up network "dect2020scheduledaccess.DectScheduledAccessNetwork"...
Initializing...

Running simulation...
** Event #0   t=0   Elapsed: 3e-06s (0m 00s)
     Speed:     ev/sec=0   simsec/sec=0   ev/simsec=0
     Messages:  created: 2   present: 2   in FES: 2
** Event #141715   t=172.273236147645   Elapsed: 0.014503s (0m 00s)
     Speed:     ev/sec=9.77345e+06   simsec/sec=11880.9   ev/simsec=822.618
     Messages:  created: 2   present: 2   in FES: 1

<!> Simulation stopped with endSimulation() -- in module (ScheduledAccessQueue) DectScheduledAccessNetwork.queue (id=2), at t=172.273236147645s, event #141715

Calling finish() at end of Run #1028...

Preparing for running configuration MonetecFocusedSmallR, run #1029...
Scenario: $r=20, $rho=0.220, $repetition=0
Assigned runID=MonetecFocusedSmallR-1029-20260930-08:34:35-58
Setting up network "dect2020scheduledaccess.DectScheduledAccessNetwork"...
Initializing...

Running simulation...
** Event #0   t=0   Elapsed: 3e-06s (0m 00s)
     Speed:     ev/sec=0   simsec/sec=0   ev/simsec=0
     Messages:  created: 2   present: 2   in FES: 2
** Event #143931   t=172.098888322289   Elapsed: 0.01462s (0m 00s)
     Speed:     ev/sec=9.84682e+06   simsec/sec=11773.9   ev/simsec=836.327
     Messages:  created: 2   present: 2   in FES: 1

<!> Simulation stopped with endSimulation() -- in module (ScheduledAccessQueue) DectScheduledAccessNetwork.queue (id=2), at t=172.098888322289s, event #143931

Calling finish() at end of Run #1029...

Preparing for running configuration MonetecFocusedSmallR, run #1030...
Scenario: $r=20, $rho=0.220, $repetition=1
Assigned runID=MonetecFocusedSmallR-1030-20260930-08:34:35-58
Setting up network "dect2020scheduledaccess.DectScheduledAccessNetwork"...
Initializing...

Running simulation...
** Event #0   t=0   Elapsed: 3e-06s (0m 00s)
     Speed:     ev/sec=0   simsec/sec=0   ev/simsec=0
     Messages:  created: 2   present: 2   in FES: 2
** Event #144059   t=172.234168474861   Elapsed: 0.014586s (0m 00s)
     Speed:     ev/sec=9.87856e+06   simsec/sec=11810.6   ev/simsec=836.415
     Messages:  created: 2   present: 2   in FES: 1

<!> Simulation stopped with endSimulation() -- in module (ScheduledAccessQueue) DectScheduledAccessNetwork.queue (id=2), at t=172.234168474861s, event #144059

Calling finish() at end of Run #1030...

Preparing for running configuration MonetecFocusedSmallR, run #1031...
Scenario: $r=20, $rho=0.220, $repetition=2
Assigned runID=MonetecFocusedSmallR-1031-20260930-08:34:35-58
Setting up network "dect2020scheduledaccess.DectScheduledAccessNetwork"...
Initializing...

Running simulation...
** Event #0   t=0   Elapsed: 3e-06s (0m 00s)
     Speed:     ev/sec=0   simsec/sec=0   ev/simsec=0
     Messages:  created: 2   present: 2   in FES: 2
** Event #143614   t=172.19365597509   Elapsed: 0.014584s (0m 00s)
     Speed:     ev/sec=9.84939e+06   simsec/sec=11809.3   ev/simsec=834.035
     Messages:  created: 2   present: 2   in FES: 1

<!> Simulation stopped with endSimulation() -- in module (ScheduledAccessQueue) DectScheduledAccessNetwork.queue (id=2), at t=172.19365597509s, event #143614

Calling finish() at end of Run #1031...

Preparing for running configuration MonetecFocusedSmallR, run #1032...
Scenario: $r=20, $rho=0.225, $repetition=0
Assigned runID=MonetecFocusedSmallR-1032-20260930-08:34:35-58
Setting up network "dect2020scheduledaccess.DectScheduledAccessNetwork"...
Initializing...

Running simulation...
** Event #0   t=0   Elapsed: 3e-06s (0m 00s)
     Speed:     ev/sec=0   simsec/sec=0   ev/simsec=0
     Messages:  created: 2   present: 2   in FES: 2
** Event #145799   t=172.047902074358   Elapsed: 0.015174s (0m 00s)
     Speed:     ev/sec=9.61038e+06   simsec/sec=11340.6   ev/simsec=847.433
     Messages:  created: 2   present: 2   in FES: 1

<!> Simulation stopped with endSimulation() -- in module (ScheduledAccessQueue) DectScheduledAccessNetwork.queue (id=2), at t=172.047902074358s, event #145799

Calling finish() at end of Run #1032...

Preparing for running configuration MonetecFocusedSmallR, run #1033...
Scenario: $r=20, $rho=0.225, $repetition=1
Assigned runID=MonetecFocusedSmallR-1033-20260930-08:34:35-58
Setting up network "dect2020scheduledaccess.DectScheduledAccessNetwork"...
Initializing...

Running simulation...
** Event #0   t=0   Elapsed: 2e-06s (0m 00s)
     Speed:     ev/sec=0   simsec/sec=0   ev/simsec=0
     Messages:  created: 2   present: 2   in FES: 2
** Event #145868   t=172.166648961368   Elapsed: 0.015166s (0m 00s)
     Speed:     ev/sec=9.62e+06   simsec/sec=11354.4   ev/simsec=847.25
     Messages:  created: 2   present: 2   in FES: 1

<!> Simulation stopped with endSimulation() -- in module (ScheduledAccessQueue) DectScheduledAccessNetwork.queue (id=2), at t=172.166648961368s, event #145868

Calling finish() at end of Run #1033...

Preparing for running configuration MonetecFocusedSmallR, run #1034...
Scenario: $r=20, $rho=0.225, $repetition=2
Assigned runID=MonetecFocusedSmallR-1034-20260930-08:34:35-58
Setting up network "dect2020scheduledaccess.DectScheduledAccessNetwork"...
Initializing...

Running simulation...
** Event #0   t=0   Elapsed: 3e-06s (0m 00s)
     Speed:     ev/sec=0   simsec/sec=0   ev/simsec=0
     Messages:  created: 2   present: 2   in FES: 2
** Event #145795   t=172.258263559599   Elapsed: 0.014981s (0m 00s)
     Speed:     ev/sec=9.73459e+06   simsec/sec=11501.5   ev/simsec=846.375
     Messages:  created: 2   present: 2   in FES: 1

<!> Simulation stopped with endSimulation() -- in module (ScheduledAccessQueue) DectScheduledAccessNetwork.queue (id=2), at t=172.258263559599s, event #145795

Calling finish() at end of Run #1034...

Preparing for running configuration MonetecFocusedSmallR, run #1035...
Scenario: $r=20, $rho=0.230, $repetition=0
Assigned runID=MonetecFocusedSmallR-1035-20260930-08:34:35-58
Setting up network "dect2020scheduledaccess.DectScheduledAccessNetwork"...
Initializing...

Running simulation...
** Event #0   t=0   Elapsed: 3e-06s (0m 00s)
     Speed:     ev/sec=0   simsec/sec=0   ev/simsec=0
     Messages:  created: 2   present: 2   in FES: 2
** Event #147992   t=172.064761623489   Elapsed: 0.015129s (0m 00s)
     Speed:     ev/sec=9.7846e+06   simsec/sec=11376.2   ev/simsec=860.095
     Messages:  created: 2   present: 2   in FES: 1

<!> Simulation stopped with endSimulation() -- in module (ScheduledAccessQueue) DectScheduledAccessNetwork.queue (id=2), at t=172.064761623489s, event #147992

Calling finish() at end of Run #1035...

Preparing for running configuration MonetecFocusedSmallR, run #1036...
Scenario: $r=20, $rho=0.230, $repetition=1
Assigned runID=MonetecFocusedSmallR-1036-20260930-08:34:35-58
Setting up network "dect2020scheduledaccess.DectScheduledAccessNetwork"...
Initializing...

Running simulation...
** Event #0   t=0   Elapsed: 3e-06s (0m 00s)
     Speed:     ev/sec=0   simsec/sec=0   ev/simsec=0
     Messages:  created: 2   present: 2   in FES: 2
** Event #147573   t=172.051577154137   Elapsed: 0.015277s (0m 00s)
     Speed:     ev/sec=9.66235e+06   simsec/sec=11265.1   ev/simsec=857.725
     Messages:  created: 2   present: 2   in FES: 1

<!> Simulation stopped with endSimulation() -- in module (ScheduledAccessQueue) DectScheduledAccessNetwork.queue (id=2), at t=172.051577154137s, event #147573

Calling finish() at end of Run #1036...

Preparing for running configuration MonetecFocusedSmallR, run #1037...
Scenario: $r=20, $rho=0.230, $repetition=2
Assigned runID=MonetecFocusedSmallR-1037-20260930-08:34:35-58
Setting up network "dect2020scheduledaccess.DectScheduledAccessNetwork"...
Initializing...

Running simulation...
** Event #0   t=0   Elapsed: 3e-06s (0m 00s)
     Speed:     ev/sec=0   simsec/sec=0   ev/simsec=0
     Messages:  created: 2   present: 2   in FES: 2
** Event #147719   t=172.219584967935   Elapsed: 0.0155s (0m 00s)
     Speed:     ev/sec=9.53272e+06   simsec/sec=11113.8   ev/simsec=857.737
     Messages:  created: 2   present: 2   in FES: 1

<!> Simulation stopped with endSimulation() -- in module (ScheduledAccessQueue) DectScheduledAccessNetwork.queue (id=2), at t=172.219584967935s, event #147719

Calling finish() at end of Run #1037...

Preparing for running configuration MonetecFocusedSmallR, run #1038...
Scenario: $r=20, $rho=0.235, $repetition=0
Assigned runID=MonetecFocusedSmallR-1038-20260930-08:34:35-58
Setting up network "dect2020scheduledaccess.DectScheduledAccessNetwork"...
Initializing...

Running simulation...
** Event #0   t=0   Elapsed: 4e-06s (0m 00s)
     Speed:     ev/sec=0   simsec/sec=0   ev/simsec=0
     Messages:  created: 2   present: 2   in FES: 2
** Event #149948   t=172.05547069734   Elapsed: 0.01531s (0m 00s)
     Speed:     ev/sec=9.79668e+06   simsec/sec=11241   ev/simsec=871.513
     Messages:  created: 2   present: 2   in FES: 1

<!> Simulation stopped with endSimulation() -- in module (ScheduledAccessQueue) DectScheduledAccessNetwork.queue (id=2), at t=172.05547069734s, event #149948

Calling finish() at end of Run #1038...

Preparing for running configuration MonetecFocusedSmallR, run #1039...
Scenario: $r=20, $rho=0.235, $repetition=1
Assigned runID=MonetecFocusedSmallR-1039-20260930-08:34:35-58
Setting up network "dect2020scheduledaccess.DectScheduledAccessNetwork"...
Initializing...

Running simulation...
** Event #0   t=0   Elapsed: 3e-06s (0m 00s)
     Speed:     ev/sec=0   simsec/sec=0   ev/simsec=0
     Messages:  created: 2   present: 2   in FES: 2
** Event #149820   t=172.103075268558   Elapsed: 0.015382s (0m 00s)
     Speed:     ev/sec=9.74186e+06   simsec/sec=11190.7   ev/simsec=870.528
     Messages:  created: 2   present: 2   in FES: 1

<!> Simulation stopped with endSimulation() -- in module (ScheduledAccessQueue) DectScheduledAccessNetwork.queue (id=2), at t=172.103075268558s, event #149820

Calling finish() at end of Run #1039...

Preparing for running configuration MonetecFocusedSmallR, run #1040...
Scenario: $r=20, $rho=0.235, $repetition=2
Assigned runID=MonetecFocusedSmallR-1040-20260930-08:34:35-58
Setting up network "dect2020scheduledaccess.DectScheduledAccessNetwork"...
Initializing...

Running simulation...
** Event #0   t=0   Elapsed: 4e-06s (0m 00s)
     Speed:     ev/sec=0   simsec/sec=0   ev/simsec=0
     Messages:  created: 2   present: 2   in FES: 2
** Event #149821   t=172.220484163017   Elapsed: 0.015376s (0m 00s)
     Speed:     ev/sec=9.74699e+06   simsec/sec=11204.2   ev/simsec=869.939
     Messages:  created: 2   present: 2   in FES: 1

<!> Simulation stopped with endSimulation() -- in module (ScheduledAccessQueue) DectScheduledAccessNetwork.queue (id=2), at t=172.220484163017s, event #149821

Calling finish() at end of Run #1040...

Preparing for running configuration MonetecFocusedSmallR, run #1041...
Scenario: $r=20, $rho=0.240, $repetition=0
Assigned runID=MonetecFocusedSmallR-1041-20260930-08:34:35-58
Setting up network "dect2020scheduledaccess.DectScheduledAccessNetwork"...
Initializing...

Running simulation...
** Event #0   t=0   Elapsed: 3e-06s (0m 00s)
     Speed:     ev/sec=0   simsec/sec=0   ev/simsec=0
     Messages:  created: 2   present: 2   in FES: 2
** Event #152192   t=172.125473107479   Elapsed: 0.015604s (0m 00s)
     Speed:     ev/sec=9.75527e+06   simsec/sec=11032.9   ev/simsec=884.197
     Messages:  created: 2   present: 2   in FES: 1

<!> Simulation stopped with endSimulation() -- in module (ScheduledAccessQueue) DectScheduledAccessNetwork.queue (id=2), at t=172.125473107479s, event #152192

Calling finish() at end of Run #1041...

Preparing for running configuration MonetecFocusedSmallR, run #1042...
Scenario: $r=20, $rho=0.240, $repetition=1
Assigned runID=MonetecFocusedSmallR-1042-20260930-08:34:35-58
Setting up network "dect2020scheduledaccess.DectScheduledAccessNetwork"...
Initializing...

Running simulation...
** Event #0   t=0   Elapsed: 3e-06s (0m 00s)
     Speed:     ev/sec=0   simsec/sec=0   ev/simsec=0
     Messages:  created: 2   present: 2   in FES: 2
** Event #152072   t=172.18953957001   Elapsed: 0.015472s (0m 00s)
     Speed:     ev/sec=9.83139e+06   simsec/sec=11132   ev/simsec=883.169
     Messages:  created: 2   present: 2   in FES: 1

<!> Simulation stopped with endSimulation() -- in module (ScheduledAccessQueue) DectScheduledAccessNetwork.queue (id=2), at t=172.18953957001s, event #152072

Calling finish() at end of Run #1042...

Preparing for running configuration MonetecFocusedSmallR, run #1043...
Scenario: $r=20, $rho=0.240, $repetition=2
Assigned runID=MonetecFocusedSmallR-1043-20260930-08:34:35-58
Setting up network "dect2020scheduledaccess.DectScheduledAccessNetwork"...
Initializing...

Running simulation...
** Event #0   t=0   Elapsed: 3e-06s (0m 00s)
     Speed:     ev/sec=0   simsec/sec=0   ev/simsec=0
     Messages:  created: 2   present: 2   in FES: 2
** Event #151496   t=172.095128502364   Elapsed: 0.015403s (0m 00s)
     Speed:     ev/sec=9.83804e+06   simsec/sec=11175.7   ev/simsec=880.305
     Messages:  created: 2   present: 2   in FES: 1

<!> Simulation stopped with endSimulation() -- in module (ScheduledAccessQueue) DectScheduledAccessNetwork.queue (id=2), at t=172.095128502364s, event #151496

Calling finish() at end of Run #1043...

Preparing for running configuration MonetecFocusedSmallR, run #1044...
Scenario: $r=20, $rho=0.245, $repetition=0
Assigned runID=MonetecFocusedSmallR-1044-20260930-08:34:35-58
Setting up network "dect2020scheduledaccess.DectScheduledAccessNetwork"...
Initializing...

Running simulation...
** Event #0   t=0   Elapsed: 3e-06s (0m 00s)
     Speed:     ev/sec=0   simsec/sec=0   ev/simsec=0
     Messages:  created: 2   present: 2   in FES: 2
** Event #153793   t=171.947674777112   Elapsed: 0.01561s (0m 00s)
     Speed:     ev/sec=9.8541e+06   simsec/sec=11017.3   ev/simsec=894.42
     Messages:  created: 2   present: 2   in FES: 1

<!> Simulation stopped with endSimulation() -- in module (ScheduledAccessQueue) DectScheduledAccessNetwork.queue (id=2), at t=171.947674777112s, event #153793

Calling finish() at end of Run #1044...

Preparing for running configuration MonetecFocusedSmallR, run #1045...
Scenario: $r=20, $rho=0.245, $repetition=1
Assigned runID=MonetecFocusedSmallR-1045-20260930-08:34:35-58
Setting up network "dect2020scheduledaccess.DectScheduledAccessNetwork"...
Initializing...

Running simulation...
** Event #0   t=0   Elapsed: 3e-06s (0m 00s)
     Speed:     ev/sec=0   simsec/sec=0   ev/simsec=0
     Messages:  created: 2   present: 2   in FES: 2
** Event #154015   t=172.158233528352   Elapsed: 0.015723s (0m 00s)
     Speed:     ev/sec=9.79739e+06   simsec/sec=10951.5   ev/simsec=894.613
     Messages:  created: 2   present: 2   in FES: 1

<!> Simulation stopped with endSimulation() -- in module (ScheduledAccessQueue) DectScheduledAccessNetwork.queue (id=2), at t=172.158233528352s, event #154015

Calling finish() at end of Run #1045...

Preparing for running configuration MonetecFocusedSmallR, run #1046...
Scenario: $r=20, $rho=0.245, $repetition=2
Assigned runID=MonetecFocusedSmallR-1046-20260930-08:34:36-58
Setting up network "dect2020scheduledaccess.DectScheduledAccessNetwork"...
Initializing...

Running simulation...
** Event #0   t=0   Elapsed: 3e-06s (0m 00s)
     Speed:     ev/sec=0   simsec/sec=0   ev/simsec=0
     Messages:  created: 2   present: 2   in FES: 2
** Event #153918   t=172.223240182194   Elapsed: 0.015681s (0m 00s)
     Speed:     ev/sec=9.81745e+06   simsec/sec=10985   ev/simsec=893.712
     Messages:  created: 2   present: 2   in FES: 1

<!> Simulation stopped with endSimulation() -- in module (ScheduledAccessQueue) DectScheduledAccessNetwork.queue (id=2), at t=172.223240182194s, event #153918

Calling finish() at end of Run #1046...

Preparing for running configuration MonetecFocusedSmallR, run #1047...
Scenario: $r=20, $rho=0.250, $repetition=0
Assigned runID=MonetecFocusedSmallR-1047-20260930-08:34:36-58
Setting up network "dect2020scheduledaccess.DectScheduledAccessNetwork"...
Initializing...

Running simulation...
** Event #0   t=0   Elapsed: 3e-06s (0m 00s)
     Speed:     ev/sec=0   simsec/sec=0   ev/simsec=0
     Messages:  created: 2   present: 2   in FES: 2
** Event #156254   t=172.088257776001   Elapsed: 0.015972s (0m 00s)
     Speed:     ev/sec=9.78483e+06   simsec/sec=10776.3   ev/simsec=907.995
     Messages:  created: 2   present: 2   in FES: 1

<!> Simulation stopped with endSimulation() -- in module (ScheduledAccessQueue) DectScheduledAccessNetwork.queue (id=2), at t=172.088257776001s, event #156254

Calling finish() at end of Run #1047...

Preparing for running configuration MonetecFocusedSmallR, run #1048...
Scenario: $r=20, $rho=0.250, $repetition=1
Assigned runID=MonetecFocusedSmallR-1048-20260930-08:34:36-58
Setting up network "dect2020scheduledaccess.DectScheduledAccessNetwork"...
Initializing...

Running simulation...
** Event #0   t=0   Elapsed: 3e-06s (0m 00s)
     Speed:     ev/sec=0   simsec/sec=0   ev/simsec=0
     Messages:  created: 2   present: 2   in FES: 2
** Event #156168   t=172.185822649883   Elapsed: 0.015947s (0m 00s)
     Speed:     ev/sec=9.79478e+06   simsec/sec=10799.4   ev/simsec=906.974
     Messages:  created: 2   present: 2   in FES: 1

<!> Simulation stopped with endSimulation() -- in module (ScheduledAccessQueue) DectScheduledAccessNetwork.queue (id=2), at t=172.185822649883s, event #156168

Calling finish() at end of Run #1048...

Preparing for running configuration MonetecFocusedSmallR, run #1049...
Scenario: $r=20, $rho=0.250, $repetition=2
Assigned runID=MonetecFocusedSmallR-1049-20260930-08:34:36-58
Setting up network "dect2020scheduledaccess.DectScheduledAccessNetwork"...
Initializing...

Running simulation...
** Event #0   t=0   Elapsed: 3e-06s (0m 00s)
     Speed:     ev/sec=0   simsec/sec=0   ev/simsec=0
     Messages:  created: 2   present: 2   in FES: 2
** Event #156110   t=172.237600521533   Elapsed: 0.016037s (0m 00s)
     Speed:     ev/sec=9.73619e+06   simsec/sec=10742   ev/simsec=906.367
     Messages:  created: 2   present: 2   in FES: 1

<!> Simulation stopped with endSimulation() -- in module (ScheduledAccessQueue) DectScheduledAccessNetwork.queue (id=2), at t=172.237600521533s, event #156110

Calling finish() at end of Run #1049...

Preparing for running configuration MonetecFocusedSmallR, run #1050...
Scenario: $r=20, $rho=0.255, $repetition=0
Assigned runID=MonetecFocusedSmallR-1050-20260930-08:34:36-58
Setting up network "dect2020scheduledaccess.DectScheduledAccessNetwork"...
Initializing...

Running simulation...
** Event #0   t=0   Elapsed: 3e-06s (0m 00s)
     Speed:     ev/sec=0   simsec/sec=0   ev/simsec=0
     Messages:  created: 2   present: 2   in FES: 2
** Event #158481   t=172.161528167971   Elapsed: 0.016185s (0m 00s)
     Speed:     ev/sec=9.79426e+06   simsec/sec=10639.7   ev/simsec=920.541
     Messages:  created: 2   present: 2   in FES: 1

<!> Simulation stopped with endSimulation() -- in module (ScheduledAccessQueue) DectScheduledAccessNetwork.queue (id=2), at t=172.161528167971s, event #158481

Calling finish() at end of Run #1050...

Preparing for running configuration MonetecFocusedSmallR, run #1051...
Scenario: $r=20, $rho=0.255, $repetition=1
Assigned runID=MonetecFocusedSmallR-1051-20260930-08:34:36-58
Setting up network "dect2020scheduledaccess.DectScheduledAccessNetwork"...
Initializing...

Running simulation...
** Event #0   t=0   Elapsed: 3e-06s (0m 00s)
     Speed:     ev/sec=0   simsec/sec=0   ev/simsec=0
     Messages:  created: 2   present: 2   in FES: 2
** Event #158055   t=172.120871319894   Elapsed: 0.016048s (0m 00s)
     Speed:     ev/sec=9.85073e+06   simsec/sec=10727.4   ev/simsec=918.28
     Messages:  created: 2   present: 2   in FES: 1

<!> Simulation stopped with endSimulation() -- in module (ScheduledAccessQueue) DectScheduledAccessNetwork.queue (id=2), at t=172.120871319894s, event #158055

Calling finish() at end of Run #1051...

Preparing for running configuration MonetecFocusedSmallR, run #1052...
Scenario: $r=20, $rho=0.255, $repetition=2
Assigned runID=MonetecFocusedSmallR-1052-20260930-08:34:36-58
Setting up network "dect2020scheduledaccess.DectScheduledAccessNetwork"...
Initializing...

Running simulation...
** Event #0   t=0   Elapsed: 3e-06s (0m 00s)
     Speed:     ev/sec=0   simsec/sec=0   ev/simsec=0
     Messages:  created: 2   present: 2   in FES: 2
** Event #157978   t=172.16714302114   Elapsed: 0.016149s (0m 00s)
     Speed:     ev/sec=9.78434e+06   simsec/sec=10663.1   ev/simsec=917.586
     Messages:  created: 2   present: 2   in FES: 1

<!> Simulation stopped with endSimulation() -- in module (ScheduledAccessQueue) DectScheduledAccessNetwork.queue (id=2), at t=172.16714302114s, event #157978

Calling finish() at end of Run #1052...

Preparing for running configuration MonetecFocusedSmallR, run #1053...
Scenario: $r=20, $rho=0.260, $repetition=0
Assigned runID=MonetecFocusedSmallR-1053-20260930-08:34:36-58
Setting up network "dect2020scheduledaccess.DectScheduledAccessNetwork"...
Initializing...

Running simulation...
** Event #0   t=0   Elapsed: 3e-06s (0m 00s)
     Speed:     ev/sec=0   simsec/sec=0   ev/simsec=0
     Messages:  created: 2   present: 2   in FES: 2
** Event #160376   t=172.098220167738   Elapsed: 0.016405s (0m 00s)
     Speed:     ev/sec=9.77783e+06   simsec/sec=10492.5   ev/simsec=931.887
     Messages:  created: 2   present: 2   in FES: 1

<!> Simulation stopped with endSimulation() -- in module (ScheduledAccessQueue) DectScheduledAccessNetwork.queue (id=2), at t=172.098220167738s, event #160376

Calling finish() at end of Run #1053...

Preparing for running configuration MonetecFocusedSmallR, run #1054...
Scenario: $r=20, $rho=0.260, $repetition=1
Assigned runID=MonetecFocusedSmallR-1054-20260930-08:34:36-58
Setting up network "dect2020scheduledaccess.DectScheduledAccessNetwork"...
Initializing...

Running simulation...
** Event #0   t=0   Elapsed: 3e-06s (0m 00s)
     Speed:     ev/sec=0   simsec/sec=0   ev/simsec=0
     Messages:  created: 2   present: 2   in FES: 2
** Event #160250   t=172.153242787114   Elapsed: 0.016435s (0m 00s)
     Speed:     ev/sec=9.75231e+06   simsec/sec=10476.7   ev/simsec=930.858
     Messages:  created: 2   present: 2   in FES: 1

<!> Simulation stopped with endSimulation() -- in module (ScheduledAccessQueue) DectScheduledAccessNetwork.queue (id=2), at t=172.153242787114s, event #160250

Calling finish() at end of Run #1054...

Preparing for running configuration MonetecFocusedSmallR, run #1055...
Scenario: $r=20, $rho=0.260, $repetition=2
Assigned runID=MonetecFocusedSmallR-1055-20260930-08:34:36-58
Setting up network "dect2020scheduledaccess.DectScheduledAccessNetwork"...
Initializing...

Running simulation...
** Event #0   t=0   Elapsed: 3e-06s (0m 00s)
     Speed:     ev/sec=0   simsec/sec=0   ev/simsec=0
     Messages:  created: 2   present: 2   in FES: 2
** Event #159975   t=172.150633605488   Elapsed: 0.016335s (0m 00s)
     Speed:     ev/sec=9.79519e+06   simsec/sec=10540.7   ev/simsec=929.274
     Messages:  created: 2   present: 2   in FES: 1

<!> Simulation stopped with endSimulation() -- in module (ScheduledAccessQueue) DectScheduledAccessNetwork.queue (id=2), at t=172.150633605488s, event #159975

Calling finish() at end of Run #1055...

Preparing for running configuration MonetecFocusedSmallR, run #1056...
Scenario: $r=20, $rho=0.265, $repetition=0
Assigned runID=MonetecFocusedSmallR-1056-20260930-08:34:36-58
Setting up network "dect2020scheduledaccess.DectScheduledAccessNetwork"...
Initializing...

Running simulation...
** Event #0   t=0   Elapsed: 3e-06s (0m 00s)
     Speed:     ev/sec=0   simsec/sec=0   ev/simsec=0
     Messages:  created: 2   present: 2   in FES: 2
** Event #162233   t=172.034046487418   Elapsed: 0.016915s (0m 00s)
     Speed:     ev/sec=9.59277e+06   simsec/sec=10172.3   ev/simsec=943.03
     Messages:  created: 2   present: 2   in FES: 1

<!> Simulation stopped with endSimulation() -- in module (ScheduledAccessQueue) DectScheduledAccessNetwork.queue (id=2), at t=172.034046487418s, event #162233

Calling finish() at end of Run #1056...

Preparing for running configuration MonetecFocusedSmallR, run #1057...
Scenario: $r=20, $rho=0.265, $repetition=1
Assigned runID=MonetecFocusedSmallR-1057-20260930-08:34:36-58
Setting up network "dect2020scheduledaccess.DectScheduledAccessNetwork"...
Initializing...

Running simulation...
** Event #0   t=0   Elapsed: 3e-06s (0m 00s)
     Speed:     ev/sec=0   simsec/sec=0   ev/simsec=0
     Messages:  created: 2   present: 2   in FES: 2
** Event #162402   t=172.181250099676   Elapsed: 0.016657s (0m 00s)
     Speed:     ev/sec=9.75212e+06   simsec/sec=10339.3   ev/simsec=943.208
     Messages:  created: 2   present: 2   in FES: 1

<!> Simulation stopped with endSimulation() -- in module (ScheduledAccessQueue) DectScheduledAccessNetwork.queue (id=2), at t=172.181250099676s, event #162402

Calling finish() at end of Run #1057...

Preparing for running configuration MonetecFocusedSmallR, run #1058...
Scenario: $r=20, $rho=0.265, $repetition=2
Assigned runID=MonetecFocusedSmallR-1058-20260930-08:34:36-58
Setting up network "dect2020scheduledaccess.DectScheduledAccessNetwork"...
Initializing...

Running simulation...
** Event #0   t=0   Elapsed: 2e-06s (0m 00s)
     Speed:     ev/sec=0   simsec/sec=0   ev/simsec=0
     Messages:  created: 2   present: 2   in FES: 2
** Event #162015   t=172.135354990534   Elapsed: 0.016603s (0m 00s)
     Speed:     ev/sec=9.75935e+06   simsec/sec=10369   ev/simsec=941.207
     Messages:  created: 2   present: 2   in FES: 1

<!> Simulation stopped with endSimulation() -- in module (ScheduledAccessQueue) DectScheduledAccessNetwork.queue (id=2), at t=172.135354990534s, event #162015

Calling finish() at end of Run #1058...

Preparing for running configuration MonetecFocusedSmallR, run #1059...
Scenario: $r=20, $rho=0.270, $repetition=0
Assigned runID=MonetecFocusedSmallR-1059-20260930-08:34:36-58
Setting up network "dect2020scheduledaccess.DectScheduledAccessNetwork"...
Initializing...

Running simulation...
** Event #0   t=0   Elapsed: 3e-06s (0m 00s)
     Speed:     ev/sec=0   simsec/sec=0   ev/simsec=0
     Messages:  created: 2   present: 2   in FES: 2
** Event #164762   t=172.199188899881   Elapsed: 0.016898s (0m 00s)
     Speed:     ev/sec=9.75212e+06   simsec/sec=10192.3   ev/simsec=956.812
     Messages:  created: 2   present: 2   in FES: 1

<!> Simulation stopped with endSimulation() -- in module (ScheduledAccessQueue) DectScheduledAccessNetwork.queue (id=2), at t=172.199188899881s, event #164762

Calling finish() at end of Run #1059...

Preparing for running configuration MonetecFocusedSmallR, run #1060...
Scenario: $r=20, $rho=0.270, $repetition=1
Assigned runID=MonetecFocusedSmallR-1060-20260930-08:34:36-58
Setting up network "dect2020scheduledaccess.DectScheduledAccessNetwork"...
Initializing...

Running simulation...
** Event #0   t=0   Elapsed: 3e-06s (0m 00s)
     Speed:     ev/sec=0   simsec/sec=0   ev/simsec=0
     Messages:  created: 2   present: 2   in FES: 2
** Event #164723   t=172.259054138951   Elapsed: 0.016905s (0m 00s)
     Speed:     ev/sec=9.74519e+06   simsec/sec=10191   ev/simsec=956.255
     Messages:  created: 2   present: 2   in FES: 1

<!> Simulation stopped with endSimulation() -- in module (ScheduledAccessQueue) DectScheduledAccessNetwork.queue (id=2), at t=172.259054138951s, event #164723

Calling finish() at end of Run #1060...

Preparing for running configuration MonetecFocusedSmallR, run #1061...
Scenario: $r=20, $rho=0.270, $repetition=2
Assigned runID=MonetecFocusedSmallR-1061-20260930-08:34:36-58
Setting up network "dect2020scheduledaccess.DectScheduledAccessNetwork"...
Initializing...

Running simulation...
** Event #0   t=0   Elapsed: 2.5e-05s (0m 00s)
     Speed:     ev/sec=0   simsec/sec=0   ev/simsec=0
     Messages:  created: 2   present: 2   in FES: 2
** Event #164346   t=172.205794440841   Elapsed: 0.016775s (0m 00s)
     Speed:     ev/sec=9.81229e+06   simsec/sec=10281.5   ev/simsec=954.359
     Messages:  created: 2   present: 2   in FES: 1

<!> Simulation stopped with endSimulation() -- in module (ScheduledAccessQueue) DectScheduledAccessNetwork.queue (id=2), at t=172.205794440841s, event #164346

Calling finish() at end of Run #1061...

Preparing for running configuration MonetecFocusedSmallR, run #1062...
Scenario: $r=20, $rho=0.275, $repetition=0
Assigned runID=MonetecFocusedSmallR-1062-20260930-08:34:36-58
Setting up network "dect2020scheduledaccess.DectScheduledAccessNetwork"...
Initializing...

Running simulation...
** Event #0   t=0   Elapsed: 3.1e-05s (0m 00s)
     Speed:     ev/sec=0   simsec/sec=0   ev/simsec=0
     Messages:  created: 2   present: 2   in FES: 2
** Event #166704   t=172.153184780555   Elapsed: 0.017043s (0m 00s)
     Speed:     ev/sec=9.79862e+06   simsec/sec=10118.9   ev/simsec=968.348
     Messages:  created: 2   present: 2   in FES: 1

<!> Simulation stopped with endSimulation() -- in module (ScheduledAccessQueue) DectScheduledAccessNetwork.queue (id=2), at t=172.153184780555s, event #166704

Calling finish() at end of Run #1062...

Preparing for running configuration MonetecFocusedSmallR, run #1063...
Scenario: $r=20, $rho=0.275, $repetition=1
Assigned runID=MonetecFocusedSmallR-1063-20260930-08:34:36-58
Setting up network "dect2020scheduledaccess.DectScheduledAccessNetwork"...
Initializing...

Running simulation...
** Event #0   t=0   Elapsed: 3e-06s (0m 00s)
     Speed:     ev/sec=0   simsec/sec=0   ev/simsec=0
     Messages:  created: 2   present: 2   in FES: 2
** Event #166342   t=172.122228807132   Elapsed: 0.017195s (0m 00s)
     Speed:     ev/sec=9.67555e+06   simsec/sec=10011.8   ev/simsec=966.418
     Messages:  created: 2   present: 2   in FES: 1

<!> Simulation stopped with endSimulation() -- in module (ScheduledAccessQueue) DectScheduledAccessNetwork.queue (id=2), at t=172.122228807132s, event #166342

Calling finish() at end of Run #1063...

Preparing for running configuration MonetecFocusedSmallR, run #1064...
Scenario: $r=20, $rho=0.275, $repetition=2
Assigned runID=MonetecFocusedSmallR-1064-20260930-08:34:36-58
Setting up network "dect2020scheduledaccess.DectScheduledAccessNetwork"...
Initializing...

Running simulation...
** Event #0   t=0   Elapsed: 3e-06s (0m 00s)
     Speed:     ev/sec=0   simsec/sec=0   ev/simsec=0
     Messages:  created: 2   present: 2   in FES: 2
** Event #166428   t=172.231299073119   Elapsed: 0.016924s (0m 00s)
     Speed:     ev/sec=9.83559e+06   simsec/sec=10178.5   ev/simsec=966.308
     Messages:  created: 2   present: 2   in FES: 1

<!> Simulation stopped with endSimulation() -- in module (ScheduledAccessQueue) DectScheduledAccessNetwork.queue (id=2), at t=172.231299073119s, event #166428

Calling finish() at end of Run #1064...

Preparing for running configuration MonetecFocusedSmallR, run #1065...
Scenario: $r=20, $rho=0.280, $repetition=0
Assigned runID=MonetecFocusedSmallR-1065-20260930-08:34:36-58
Setting up network "dect2020scheduledaccess.DectScheduledAccessNetwork"...
Initializing...

Running simulation...
** Event #0   t=0   Elapsed: 2.2e-05s (0m 00s)
     Speed:     ev/sec=0   simsec/sec=0   ev/simsec=0
     Messages:  created: 2   present: 2   in FES: 2
** Event #168452   t=172.048972065062   Elapsed: 0.017201s (0m 00s)
     Speed:     ev/sec=9.80626e+06   simsec/sec=10015.7   ev/simsec=979.094
     Messages:  created: 2   present: 2   in FES: 1

<!> Simulation stopped with endSimulation() -- in module (ScheduledAccessQueue) DectScheduledAccessNetwork.queue (id=2), at t=172.048972065062s, event #168452

Calling finish() at end of Run #1065...

Preparing for running configuration MonetecFocusedSmallR, run #1066...
Scenario: $r=20, $rho=0.280, $repetition=1
Assigned runID=MonetecFocusedSmallR-1066-20260930-08:34:36-58
Setting up network "dect2020scheduledaccess.DectScheduledAccessNetwork"...
Initializing...

Running simulation...
** Event #0   t=0   Elapsed: 3e-06s (0m 00s)
     Speed:     ev/sec=0   simsec/sec=0   ev/simsec=0
     Messages:  created: 2   present: 2   in FES: 2
** Event #168677   t=172.188852448961   Elapsed: 0.017307s (0m 00s)
     Speed:     ev/sec=9.74786e+06   simsec/sec=9950.79   ev/simsec=979.607
     Messages:  created: 2   present: 2   in FES: 1

<!> Simulation stopped with endSimulation() -- in module (ScheduledAccessQueue) DectScheduledAccessNetwork.queue (id=2), at t=172.188852448961s, event #168677

Calling finish() at end of Run #1066...

Preparing for running configuration MonetecFocusedSmallR, run #1067...
Scenario: $r=20, $rho=0.280, $repetition=2
Assigned runID=MonetecFocusedSmallR-1067-20260930-08:34:36-58
Setting up network "dect2020scheduledaccess.DectScheduledAccessNetwork"...
Initializing...

Running simulation...
** Event #0   t=0   Elapsed: 3e-06s (0m 00s)
     Speed:     ev/sec=0   simsec/sec=0   ev/simsec=0
     Messages:  created: 2   present: 2   in FES: 2
** Event #168372   t=172.182088594781   Elapsed: 0.01716s (0m 00s)
     Speed:     ev/sec=9.8136e+06   simsec/sec=10035.6   ev/simsec=977.875
     Messages:  created: 2   present: 2   in FES: 1

<!> Simulation stopped with endSimulation() -- in module (ScheduledAccessQueue) DectScheduledAccessNetwork.queue (id=2), at t=172.182088594781s, event #168372

Calling finish() at end of Run #1067...

Preparing for running configuration MonetecFocusedSmallR, run #1068...
Scenario: $r=20, $rho=0.285, $repetition=0
Assigned runID=MonetecFocusedSmallR-1068-20260930-08:34:36-58
Setting up network "dect2020scheduledaccess.DectScheduledAccessNetwork"...
Initializing...

Running simulation...
** Event #0   t=0   Elapsed: 2.4e-05s (0m 00s)
     Speed:     ev/sec=0   simsec/sec=0   ev/simsec=0
     Messages:  created: 2   present: 2   in FES: 2
** Event #170651   t=172.103404086565   Elapsed: 0.017702s (0m 00s)
     Speed:     ev/sec=9.6533e+06   simsec/sec=9735.43   ev/simsec=991.563
     Messages:  created: 2   present: 2   in FES: 1

<!> Simulation stopped with endSimulation() -- in module (ScheduledAccessQueue) DectScheduledAccessNetwork.queue (id=2), at t=172.103404086565s, event #170651

Calling finish() at end of Run #1068...

Preparing for running configuration MonetecFocusedSmallR, run #1069...
Scenario: $r=20, $rho=0.285, $repetition=1
Assigned runID=MonetecFocusedSmallR-1069-20260930-08:34:36-58
Setting up network "dect2020scheduledaccess.DectScheduledAccessNetwork"...
Initializing...

Running simulation...
** Event #0   t=0   Elapsed: 3e-06s (0m 00s)
     Speed:     ev/sec=0   simsec/sec=0   ev/simsec=0
     Messages:  created: 2   present: 2   in FES: 2
** Event #171088   t=172.289701481612   Elapsed: 0.017782s (0m 00s)
     Speed:     ev/sec=9.62304e+06   simsec/sec=9690.54   ev/simsec=993.034
     Messages:  created: 2   present: 2   in FES: 1

<!> Simulation stopped with endSimulation() -- in module (ScheduledAccessQueue) DectScheduledAccessNetwork.queue (id=2), at t=172.289701481612s, event #171088

Calling finish() at end of Run #1069...

Preparing for running configuration MonetecFocusedSmallR, run #1070...
Scenario: $r=20, $rho=0.285, $repetition=2
Assigned runID=MonetecFocusedSmallR-1070-20260930-08:34:36-58
Setting up network "dect2020scheduledaccess.DectScheduledAccessNetwork"...
Initializing...

Running simulation...
** Event #0   t=0   Elapsed: 3e-06s (0m 00s)
     Speed:     ev/sec=0   simsec/sec=0   ev/simsec=0
     Messages:  created: 2   present: 2   in FES: 2
** Event #170235   t=172.120929968599   Elapsed: 0.017446s (0m 00s)
     Speed:     ev/sec=9.7595e+06   simsec/sec=9867.6   ev/simsec=989.045
     Messages:  created: 2   present: 2   in FES: 1

<!> Simulation stopped with endSimulation() -- in module (ScheduledAccessQueue) DectScheduledAccessNetwork.queue (id=2), at t=172.120929968599s, event #170235

Calling finish() at end of Run #1070...

Preparing for running configuration MonetecFocusedSmallR, run #1071...
Scenario: $r=20, $rho=0.290, $repetition=0
Assigned runID=MonetecFocusedSmallR-1071-20260930-08:34:36-58
Setting up network "dect2020scheduledaccess.DectScheduledAccessNetwork"...
Initializing...

Running simulation...
** Event #0   t=0   Elapsed: 3e-06s (0m 00s)
     Speed:     ev/sec=0   simsec/sec=0   ev/simsec=0
     Messages:  created: 2   present: 2   in FES: 2
** Event #172832   t=172.157804823329   Elapsed: 0.017742s (0m 00s)
     Speed:     ev/sec=9.74305e+06   simsec/sec=9705   ev/simsec=1003.92
     Messages:  created: 2   present: 2   in FES: 1

<!> Simulation stopped with endSimulation() -- in module (ScheduledAccessQueue) DectScheduledAccessNetwork.queue (id=2), at t=172.157804823329s, event #172832

Calling finish() at end of Run #1071...

Preparing for running configuration MonetecFocusedSmallR, run #1072...
Scenario: $r=20, $rho=0.290, $repetition=1
Assigned runID=MonetecFocusedSmallR-1072-20260930-08:34:36-58
Setting up network "dect2020scheduledaccess.DectScheduledAccessNetwork"...
Initializing...

Running simulation...
** Event #0   t=0   Elapsed: 3e-06s (0m 00s)
     Speed:     ev/sec=0   simsec/sec=0   ev/simsec=0
     Messages:  created: 2   present: 2   in FES: 2
** Event #172685   t=172.1508272078   Elapsed: 0.017699s (0m 00s)
     Speed:     ev/sec=9.75842e+06   simsec/sec=9728.22   ev/simsec=1003.1
     Messages:  created: 2   present: 2   in FES: 1

<!> Simulation stopped with endSimulation() -- in module (ScheduledAccessQueue) DectScheduledAccessNetwork.queue (id=2), at t=172.1508272078s, event #172685

Calling finish() at end of Run #1072...

Preparing for running configuration MonetecFocusedSmallR, run #1073...
Scenario: $r=20, $rho=0.290, $repetition=2
Assigned runID=MonetecFocusedSmallR-1073-20260930-08:34:36-58
Setting up network "dect2020scheduledaccess.DectScheduledAccessNetwork"...
Initializing...

Running simulation...
** Event #0   t=0   Elapsed: 4e-06s (0m 00s)
     Speed:     ev/sec=0   simsec/sec=0   ev/simsec=0
     Messages:  created: 2   present: 2   in FES: 2
** Event #172393   t=172.160033118291   Elapsed: 0.01817s (0m 00s)
     Speed:     ev/sec=9.49039e+06   simsec/sec=9477.57   ev/simsec=1001.35
     Messages:  created: 2   present: 2   in FES: 1

<!> Simulation stopped with endSimulation() -- in module (ScheduledAccessQueue) DectScheduledAccessNetwork.queue (id=2), at t=172.160033118291s, event #172393

Calling finish() at end of Run #1073...

Preparing for running configuration MonetecFocusedSmallR, run #1074...
Scenario: $r=20, $rho=0.295, $repetition=0
Assigned runID=MonetecFocusedSmallR-1074-20260930-08:34:36-58
Setting up network "dect2020scheduledaccess.DectScheduledAccessNetwork"...
Initializing...

Running simulation...
** Event #0   t=0   Elapsed: 3e-06s (0m 00s)
     Speed:     ev/sec=0   simsec/sec=0   ev/simsec=0
     Messages:  created: 2   present: 2   in FES: 2
** Event #174571   t=172.037912445556   Elapsed: 0.017902s (0m 00s)
     Speed:     ev/sec=9.75366e+06   simsec/sec=9612.13   ev/simsec=1014.72
     Messages:  created: 2   present: 2   in FES: 1

<!> Simulation stopped with endSimulation() -- in module (ScheduledAccessQueue) DectScheduledAccessNetwork.queue (id=2), at t=172.037912445556s, event #174571

Calling finish() at end of Run #1074...

Preparing for running configuration MonetecFocusedSmallR, run #1075...
Scenario: $r=20, $rho=0.295, $repetition=1
Assigned runID=MonetecFocusedSmallR-1075-20260930-08:34:36-58
Setting up network "dect2020scheduledaccess.DectScheduledAccessNetwork"...
Initializing...

Running simulation...
** Event #0   t=0   Elapsed: 1.5e-05s (0m 00s)
     Speed:     ev/sec=0   simsec/sec=0   ev/simsec=0
     Messages:  created: 2   present: 2   in FES: 2
** Event #175156   t=172.25515387276   Elapsed: 0.018246s (0m 00s)
     Speed:     ev/sec=9.60812e+06   simsec/sec=9448.99   ev/simsec=1016.84
     Messages:  created: 2   present: 2   in FES: 1

<!> Simulation stopped with endSimulation() -- in module (ScheduledAccessQueue) DectScheduledAccessNetwork.queue (id=2), at t=172.25515387276s, event #175156

Calling finish() at end of Run #1075...

Preparing for running configuration MonetecFocusedSmallR, run #1076...
Scenario: $r=20, $rho=0.295, $repetition=2
Assigned runID=MonetecFocusedSmallR-1076-20260930-08:34:36-58
Setting up network "dect2020scheduledaccess.DectScheduledAccessNetwork"...
Initializing...

Running simulation...
** Event #0   t=0   Elapsed: 3e-06s (0m 00s)
     Speed:     ev/sec=0   simsec/sec=0   ev/simsec=0
     Messages:  created: 2   present: 2   in FES: 2
** Event #174407   t=172.112273783008   Elapsed: 0.017774s (0m 00s)
     Speed:     ev/sec=9.81469e+06   simsec/sec=9685.55   ev/simsec=1013.33
     Messages:  created: 2   present: 2   in FES: 1

<!> Simulation stopped with endSimulation() -- in module (ScheduledAccessQueue) DectScheduledAccessNetwork.queue (id=2), at t=172.112273783008s, event #174407

Calling finish() at end of Run #1076...

Preparing for running configuration MonetecFocusedSmallR, run #1077...
Scenario: $r=20, $rho=0.300, $repetition=0
Assigned runID=MonetecFocusedSmallR-1077-20260930-08:34:36-58
Setting up network "dect2020scheduledaccess.DectScheduledAccessNetwork"...
Initializing...

Running simulation...
** Event #0   t=0   Elapsed: 3e-06s (0m 00s)
     Speed:     ev/sec=0   simsec/sec=0   ev/simsec=0
     Messages:  created: 2   present: 2   in FES: 2
** Event #176844   t=172.087262209911   Elapsed: 0.018267s (0m 00s)
     Speed:     ev/sec=9.68318e+06   simsec/sec=9422.69   ev/simsec=1027.65
     Messages:  created: 2   present: 2   in FES: 1

<!> Simulation stopped with endSimulation() -- in module (ScheduledAccessQueue) DectScheduledAccessNetwork.queue (id=2), at t=172.087262209911s, event #176844

Calling finish() at end of Run #1077...

Preparing for running configuration MonetecFocusedSmallR, run #1078...
Scenario: $r=20, $rho=0.300, $repetition=1
Assigned runID=MonetecFocusedSmallR-1078-20260930-08:34:36-58
Setting up network "dect2020scheduledaccess.DectScheduledAccessNetwork"...
Initializing...

Running simulation...
** Event #0   t=0   Elapsed: 2e-05s (0m 00s)
     Speed:     ev/sec=0   simsec/sec=0   ev/simsec=0
     Messages:  created: 2   present: 2   in FES: 2
** Event #177350   t=172.280178695496   Elapsed: 0.018269s (0m 00s)
     Speed:     ev/sec=9.71834e+06   simsec/sec=9440.49   ev/simsec=1029.43
     Messages:  created: 2   present: 2   in FES: 1

<!> Simulation stopped with endSimulation() -- in module (ScheduledAccessQueue) DectScheduledAccessNetwork.queue (id=2), at t=172.280178695496s, event #177350

Calling finish() at end of Run #1078...

Preparing for running configuration MonetecFocusedSmallR, run #1079...
Scenario: $r=20, $rho=0.300, $repetition=2
Assigned runID=MonetecFocusedSmallR-1079-20260930-08:34:36-58
Setting up network "dect2020scheduledaccess.DectScheduledAccessNetwork"...
Initializing...

Running simulation...
** Event #0   t=0   Elapsed: 4e-06s (0m 00s)
     Speed:     ev/sec=0   simsec/sec=0   ev/simsec=0
     Messages:  created: 2   present: 2   in FES: 2
** Event #176980   t=172.262929521567   Elapsed: 0.018381s (0m 00s)
     Speed:     ev/sec=9.62999e+06   simsec/sec=9373.32   ev/simsec=1027.38
     Messages:  created: 2   present: 2   in FES: 1

<!> Simulation stopped with endSimulation() -- in module (ScheduledAccessQueue) DectScheduledAccessNetwork.queue (id=2), at t=172.262929521567s, event #176980

Calling finish() at end of Run #1079...

Run statistics: total 1080, successful 1080

End.
