run,type,module,name,attrname,attrvalue,value
Phase2_D10-30-20260929-10:49:10-79,scalar,DectScheduledAccessNetwork.queue,D,,,10
Phase2_D10-30-20260929-10:49:10-79,scalar,DectScheduledAccessNetwork.queue,r,,,20
Phase2_D10-30-20260929-10:49:10-79,scalar,DectScheduledAccessNetwork.queue,L_effective,,,2
Phase2_D10-30-20260929-10:49:10-79,scalar,DectScheduledAccessNetwork.queue,rho,,,0.042372881356
Phase2_D10-30-20260929-10:49:10-79,scalar,DectScheduledAccessNetwork.queue,rho_sat,,,0.084745762773916
Phase2_D10-30-20260929-10:49:10-79,scalar,DectScheduledAccessNetwork.queue,blocking_probability,,,0
Phase2_D10-30-20260929-10:49:10-79,scalar,DectScheduledAccessNetwork.queue,mean_type1_number,,,0.67878063446583
Phase2_D10-30-20260929-10:49:10-79,scalar,DectScheduledAccessNetwork.queue,mean_delay_direct_ms,,,6.6724166746258
Phase2_D10-30-20260929-10:49:10-79,scalar,DectScheduledAccessNetwork.queue,effective_throughput_departures_per_ms,,,0.10172935348103
Phase2_D10-30-20260929-10:49:10-79,scalar,DectScheduledAccessNetwork.queue,mean_delay_little_ms,,,6.6724166746268
Phase2_D10-30-20260929-10:49:10-79,scalar,DectScheduledAccessNetwork.queue,little_vs_direct_relative_error,,,1.5387691121305e-13
Phase2_D10-31-20260929-10:49:10-79,scalar,DectScheduledAccessNetwork.queue,D,,,10
Phase2_D10-31-20260929-10:49:10-79,scalar,DectScheduledAccessNetwork.queue,r,,,20
Phase2_D10-31-20260929-10:49:10-79,scalar,DectScheduledAccessNetwork.queue,L_effective,,,2
Phase2_D10-31-20260929-10:49:10-79,scalar,DectScheduledAccessNetwork.queue,rho,,,0.042372881356
Phase2_D10-31-20260929-10:49:10-79,scalar,DectScheduledAccessNetwork.queue,rho_sat,,,0.084745762773916
Phase2_D10-31-20260929-10:49:10-79,scalar,DectScheduledAccessNetwork.queue,blocking_probability,,,0
Phase2_D10-31-20260929-10:49:10-79,scalar,DectScheduledAccessNetwork.queue,mean_type1_number,,,0.67826899576657
Phase2_D10-31-20260929-10:49:10-79,scalar,DectScheduledAccessNetwork.queue,mean_delay_direct_ms,,,6.6748816949919
Phase2_D10-31-20260929-10:49:10-79,scalar,DectScheduledAccessNetwork.queue,effective_throughput_departures_per_ms,,,0.10161511695823
Phase2_D10-31-20260929-10:49:10-79,scalar,DectScheduledAccessNetwork.queue,mean_delay_little_ms,,,6.6748827937224
Phase2_D10-31-20260929-10:49:10-79,scalar,DectScheduledAccessNetwork.queue,little_vs_direct_relative_error,,,1.6460674001628e-07
Phase2_D10-32-20260929-10:49:11-79,scalar,DectScheduledAccessNetwork.queue,D,,,10
Phase2_D10-32-20260929-10:49:11-79,scalar,DectScheduledAccessNetwork.queue,r,,,20
Phase2_D10-32-20260929-10:49:11-79,scalar,DectScheduledAccessNetwork.queue,L_effective,,,2
Phase2_D10-32-20260929-10:49:11-79,scalar,DectScheduledAccessNetwork.queue,rho,,,0.042372881356
Phase2_D10-32-20260929-10:49:11-79,scalar,DectScheduledAccessNetwork.queue,rho_sat,,,0.084745762773916
Phase2_D10-32-20260929-10:49:11-79,scalar,DectScheduledAccessNetwork.queue,blocking_probability,,,0
Phase2_D10-32-20260929-10:49:11-79,scalar,DectScheduledAccessNetwork.queue,mean_type1_number,,,0.68113680504405
Phase2_D10-32-20260929-10:49:11-79,scalar,DectScheduledAccessNetwork.queue,mean_delay_direct_ms,,,6.6901632792285
Phase2_D10-32-20260929-10:49:11-79,scalar,DectScheduledAccessNetwork.queue,effective_throughput_departures_per_ms,,,0.10181167936117
Phase2_D10-32-20260929-10:49:11-79,scalar,DectScheduledAccessNetwork.queue,mean_delay_little_ms,,,6.6901637348283
Phase2_D10-32-20260929-10:49:11-79,scalar,DectScheduledAccessNetwork.queue,little_vs_direct_relative_error,,,6.8099942351907e-08
Phase2_D10-33-20260929-10:49:11-79,scalar,DectScheduledAccessNetwork.queue,D,,,10
Phase2_D10-33-20260929-10:49:11-79,scalar,DectScheduledAccessNetwork.queue,r,,,20
Phase2_D10-33-20260929-10:49:11-79,scalar,DectScheduledAccessNetwork.queue,L_effective,,,2
Phase2_D10-33-20260929-10:49:11-79,scalar,DectScheduledAccessNetwork.queue,rho,,,0.042372881356
Phase2_D10-33-20260929-10:49:11-79,scalar,DectScheduledAccessNetwork.queue,rho_sat,,,0.084745762773916
Phase2_D10-33-20260929-10:49:11-79,scalar,DectScheduledAccessNetwork.queue,blocking_probability,,,0
Phase2_D10-33-20260929-10:49:11-79,scalar,DectScheduledAccessNetwork.queue,mean_type1_number,,,0.67833581015753
Phase2_D10-33-20260929-10:49:11-79,scalar,DectScheduledAccessNetwork.queue,mean_delay_direct_ms,,,6.6730503333594
Phase2_D10-33-20260929-10:49:11-79,scalar,DectScheduledAccessNetwork.queue,effective_throughput_departures_per_ms,,,0.10165303294748
Phase2_D10-33-20260929-10:49:11-79,scalar,DectScheduledAccessNetwork.queue,mean_delay_little_ms,,,6.673050380189
Phase2_D10-33-20260929-10:49:11-79,scalar,DectScheduledAccessNetwork.queue,little_vs_direct_relative_error,,,7.0177155198081e-09
Phase2_D10-34-20260929-10:49:11-79,scalar,DectScheduledAccessNetwork.queue,D,,,10
Phase2_D10-34-20260929-10:49:11-79,scalar,DectScheduledAccessNetwork.queue,r,,,20
Phase2_D10-34-20260929-10:49:11-79,scalar,DectScheduledAccessNetwork.queue,L_effective,,,2
Phase2_D10-34-20260929-10:49:11-79,scalar,DectScheduledAccessNetwork.queue,rho,,,0.042372881356
Phase2_D10-34-20260929-10:49:11-79,scalar,DectScheduledAccessNetwork.queue,rho_sat,,,0.084745762773916
Phase2_D10-34-20260929-10:49:11-79,scalar,DectScheduledAccessNetwork.queue,blocking_probability,,,0
Phase2_D10-34-20260929-10:49:11-79,scalar,DectScheduledAccessNetwork.queue,mean_type1_number,,,0.67823236107195
Phase2_D10-34-20260929-10:49:11-79,scalar,DectScheduledAccessNetwork.queue,mean_delay_direct_ms,,,6.6800245559241
Phase2_D10-34-20260929-10:49:11-79,scalar,DectScheduledAccessNetwork.queue,effective_throughput_departures_per_ms,,,0.1015314051092
Phase2_D10-34-20260929-10:49:11-79,scalar,DectScheduledAccessNetwork.queue,mean_delay_little_ms,,,6.6800253610448
Phase2_D10-34-20260929-10:49:11-79,scalar,DectScheduledAccessNetwork.queue,little_vs_direct_relative_error,,,1.2052659847939e-07
Phase2_D10-35-20260929-10:49:12-79,scalar,DectScheduledAccessNetwork.queue,D,,,10
Phase2_D10-35-20260929-10:49:12-79,scalar,DectScheduledAccessNetwork.queue,r,,,20
Phase2_D10-35-20260929-10:49:12-79,scalar,DectScheduledAccessNetwork.queue,L_effective,,,2
Phase2_D10-35-20260929-10:49:12-79,scalar,DectScheduledAccessNetwork.queue,rho,,,0.042372881356
Phase2_D10-35-20260929-10:49:12-79,scalar,DectScheduledAccessNetwork.queue,rho_sat,,,0.084745762773916
Phase2_D10-35-20260929-10:49:12-79,scalar,DectScheduledAccessNetwork.queue,blocking_probability,,,0
Phase2_D10-35-20260929-10:49:12-79,scalar,DectScheduledAccessNetwork.queue,mean_type1_number,,,0.67628505649768
Phase2_D10-35-20260929-10:49:12-79,scalar,DectScheduledAccessNetwork.queue,mean_delay_direct_ms,,,6.6641832050482
Phase2_D10-35-20260929-10:49:12-79,scalar,DectScheduledAccessNetwork.queue,effective_throughput_departures_per_ms,,,0.10148056193672
Phase2_D10-35-20260929-10:49:12-79,scalar,DectScheduledAccessNetwork.queue,mean_delay_little_ms,,,6.6641832050492
Phase2_D10-35-20260929-10:49:12-79,scalar,DectScheduledAccessNetwork.queue,little_vs_direct_relative_error,,,1.5210055437365e-13
Phase2_D10-36-20260929-10:49:12-79,scalar,DectScheduledAccessNetwork.queue,D,,,10
Phase2_D10-36-20260929-10:49:12-79,scalar,DectScheduledAccessNetwork.queue,r,,,20
Phase2_D10-36-20260929-10:49:12-79,scalar,DectScheduledAccessNetwork.queue,L_effective,,,2
Phase2_D10-36-20260929-10:49:12-79,scalar,DectScheduledAccessNetwork.queue,rho,,,0.042372881356
Phase2_D10-36-20260929-10:49:12-79,scalar,DectScheduledAccessNetwork.queue,rho_sat,,,0.084745762773916
Phase2_D10-36-20260929-10:49:12-79,scalar,DectScheduledAccessNetwork.queue,blocking_probability,,,0
Phase2_D10-36-20260929-10:49:12-79,scalar,DectScheduledAccessNetwork.queue,mean_type1_number,,,0.67671770797164
Phase2_D10-36-20260929-10:49:12-79,scalar,DectScheduledAccessNetwork.queue,mean_delay_direct_ms,,,6.664887840148
Phase2_D10-36-20260929-10:49:12-79,scalar,DectScheduledAccessNetwork.queue,effective_throughput_departures_per_ms,,,0.10153460729685
Phase2_D10-36-20260929-10:49:12-79,scalar,DectScheduledAccessNetwork.queue,mean_delay_little_ms,,,6.6648970827571
Phase2_D10-36-20260929-10:49:12-79,scalar,DectScheduledAccessNetwork.queue,little_vs_direct_relative_error,,,1.3867613901652e-06
Phase2_D10-37-20260929-10:49:12-79,scalar,DectScheduledAccessNetwork.queue,D,,,10
Phase2_D10-37-20260929-10:49:12-79,scalar,DectScheduledAccessNetwork.queue,r,,,20
Phase2_D10-37-20260929-10:49:12-79,scalar,DectScheduledAccessNetwork.queue,L_effective,,,2
Phase2_D10-37-20260929-10:49:12-79,scalar,DectScheduledAccessNetwork.queue,rho,,,0.042372881356
Phase2_D10-37-20260929-10:49:12-79,scalar,DectScheduledAccessNetwork.queue,rho_sat,,,0.084745762773916
Phase2_D10-37-20260929-10:49:12-79,scalar,DectScheduledAccessNetwork.queue,blocking_probability,,,0
Phase2_D10-37-20260929-10:49:12-79,scalar,DectScheduledAccessNetwork.queue,mean_type1_number,,,0.67748206215433
Phase2_D10-37-20260929-10:49:12-79,scalar,DectScheduledAccessNetwork.queue,mean_delay_direct_ms,,,6.665827539463
Phase2_D10-37-20260929-10:49:12-79,scalar,DectScheduledAccessNetwork.queue,effective_throughput_departures_per_ms,,,0.1016349463644
Phase2_D10-37-20260929-10:49:12-79,scalar,DectScheduledAccessNetwork.queue,mean_delay_little_ms,,,6.6658377495991
Phase2_D10-37-20260929-10:49:12-79,scalar,DectScheduledAccessNetwork.queue,little_vs_direct_relative_error,,,1.5317132127102e-06
Phase2_D10-38-20260929-10:49:13-79,scalar,DectScheduledAccessNetwork.queue,D,,,10
Phase2_D10-38-20260929-10:49:13-79,scalar,DectScheduledAccessNetwork.queue,r,,,20
Phase2_D10-38-20260929-10:49:13-79,scalar,DectScheduledAccessNetwork.queue,L_effective,,,2
Phase2_D10-38-20260929-10:49:13-79,scalar,DectScheduledAccessNetwork.queue,rho,,,0.042372881356
Phase2_D10-38-20260929-10:49:13-79,scalar,DectScheduledAccessNetwork.queue,rho_sat,,,0.084745762773916
Phase2_D10-38-20260929-10:49:13-79,scalar,DectScheduledAccessNetwork.queue,blocking_probability,,,0
Phase2_D10-38-20260929-10:49:13-79,scalar,DectScheduledAccessNetwork.queue,mean_type1_number,,,0.67726455666598
Phase2_D10-38-20260929-10:49:13-79,scalar,DectScheduledAccessNetwork.queue,mean_delay_direct_ms,,,6.662298473731
Phase2_D10-38-20260929-10:49:13-79,scalar,DectScheduledAccessNetwork.queue,effective_throughput_departures_per_ms,,,0.10165628376677
Phase2_D10-38-20260929-10:49:13-79,scalar,DectScheduledAccessNetwork.queue,mean_delay_little_ms,,,6.6622989899951
Phase2_D10-38-20260929-10:49:13-79,scalar,DectScheduledAccessNetwork.queue,little_vs_direct_relative_error,,,7.7490396321878e-08
Phase2_D10-39-20260929-10:49:13-79,scalar,DectScheduledAccessNetwork.queue,D,,,10
Phase2_D10-39-20260929-10:49:13-79,scalar,DectScheduledAccessNetwork.queue,r,,,20
Phase2_D10-39-20260929-10:49:13-79,scalar,DectScheduledAccessNetwork.queue,L_effective,,,2
Phase2_D10-39-20260929-10:49:13-79,scalar,DectScheduledAccessNetwork.queue,rho,,,0.042372881356
Phase2_D10-39-20260929-10:49:13-79,scalar,DectScheduledAccessNetwork.queue,rho_sat,,,0.084745762773916
Phase2_D10-39-20260929-10:49:13-79,scalar,DectScheduledAccessNetwork.queue,blocking_probability,,,0
Phase2_D10-39-20260929-10:49:13-79,scalar,DectScheduledAccessNetwork.queue,mean_type1_number,,,0.67823930469447
Phase2_D10-39-20260929-10:49:13-79,scalar,DectScheduledAccessNetwork.queue,mean_delay_direct_ms,,,6.6729218045484
Phase2_D10-39-20260929-10:49:13-79,scalar,DectScheduledAccessNetwork.queue,effective_throughput_departures_per_ms,,,0.10164049143556
Phase2_D10-39-20260929-10:49:13-79,scalar,DectScheduledAccessNetwork.queue,mean_delay_little_ms,,,6.6729242953776
Phase2_D10-39-20260929-10:49:13-79,scalar,DectScheduledAccessNetwork.queue,little_vs_direct_relative_error,,,3.7327414648125e-07
Phase2_D10-40-20260929-10:49:13-79,scalar,DectScheduledAccessNetwork.queue,D,,,10
Phase2_D10-40-20260929-10:49:13-79,scalar,DectScheduledAccessNetwork.queue,r,,,20
Phase2_D10-40-20260929-10:49:13-79,scalar,DectScheduledAccessNetwork.queue,L_effective,,,2
Phase2_D10-40-20260929-10:49:13-79,scalar,DectScheduledAccessNetwork.queue,rho,,,0.084745762712
Phase2_D10-40-20260929-10:49:13-79,scalar,DectScheduledAccessNetwork.queue,rho_sat,,,0.084745762773916
Phase2_D10-40-20260929-10:49:13-79,scalar,DectScheduledAccessNetwork.queue,blocking_probability,,,0.024993833196997
Phase2_D10-40-20260929-10:49:13-79,scalar,DectScheduledAccessNetwork.queue,mean_type1_number,,,9.8659736071402
Phase2_D10-40-20260929-10:49:13-79,scalar,DectScheduledAccessNetwork.queue,mean_delay_direct_ms,,,49.801501108793
Phase2_D10-40-20260929-10:49:13-79,scalar,DectScheduledAccessNetwork.queue,effective_throughput_departures_per_ms,,,0.19810205412243
Phase2_D10-40-20260929-10:49:13-79,scalar,DectScheduledAccessNetwork.queue,mean_delay_little_ms,,,49.802480094644
Phase2_D10-40-20260929-10:49:13-79,scalar,DectScheduledAccessNetwork.queue,little_vs_direct_relative_error,,,1.9657757870606e-05
Phase2_D10-41-20260929-10:49:14-79,scalar,DectScheduledAccessNetwork.queue,D,,,10
Phase2_D10-41-20260929-10:49:14-79,scalar,DectScheduledAccessNetwork.queue,r,,,20
Phase2_D10-41-20260929-10:49:14-79,scalar,DectScheduledAccessNetwork.queue,L_effective,,,2
Phase2_D10-41-20260929-10:49:14-79,scalar,DectScheduledAccessNetwork.queue,rho,,,0.084745762712
Phase2_D10-41-20260929-10:49:14-79,scalar,DectScheduledAccessNetwork.queue,rho_sat,,,0.084745762773916
Phase2_D10-41-20260929-10:49:14-79,scalar,DectScheduledAccessNetwork.queue,blocking_probability,,,0.025642924372958
Phase2_D10-41-20260929-10:49:14-79,scalar,DectScheduledAccessNetwork.queue,mean_type1_number,,,9.8931849368481
Phase2_D10-41-20260929-10:49:14-79,scalar,DectScheduledAccessNetwork.queue,mean_delay_direct_ms,,,49.914014553715
Phase2_D10-41-20260929-10:49:14-79,scalar,DectScheduledAccessNetwork.queue,effective_throughput_departures_per_ms,,,0.19820004153104
Phase2_D10-41-20260929-10:49:14-79,scalar,DectScheduledAccessNetwork.queue,mean_delay_little_ms,,,49.915150675177
Phase2_D10-41-20260929-10:49:14-79,scalar,DectScheduledAccessNetwork.queue,little_vs_direct_relative_error,,,2.2761572509244e-05
Phase2_D10-42-20260929-10:49:14-79,scalar,DectScheduledAccessNetwork.queue,D,,,10
Phase2_D10-42-20260929-10:49:14-79,scalar,DectScheduledAccessNetwork.queue,r,,,20
Phase2_D10-42-20260929-10:49:14-79,scalar,DectScheduledAccessNetwork.queue,L_effective,,,2
Phase2_D10-42-20260929-10:49:14-79,scalar,DectScheduledAccessNetwork.queue,rho,,,0.084745762712
Phase2_D10-42-20260929-10:49:14-79,scalar,DectScheduledAccessNetwork.queue,rho_sat,,,0.084745762773916
Phase2_D10-42-20260929-10:49:14-79,scalar,DectScheduledAccessNetwork.queue,blocking_probability,,,0.025640176202526
Phase2_D10-42-20260929-10:49:14-79,scalar,DectScheduledAccessNetwork.queue,mean_type1_number,,,9.8598371732511
Phase2_D10-42-20260929-10:49:14-79,scalar,DectScheduledAccessNetwork.queue,mean_delay_direct_ms,,,49.738142375326
Phase2_D10-42-20260929-10:49:14-79,scalar,DectScheduledAccessNetwork.queue,effective_throughput_departures_per_ms,,,0.1982345037304
Phase2_D10-42-20260929-10:49:14-79,scalar,DectScheduledAccessNetwork.queue,mean_delay_little_ms,,,49.738249334537
Phase2_D10-42-20260929-10:49:14-79,scalar,DectScheduledAccessNetwork.queue,little_vs_direct_relative_error,,,2.1504464309263e-06
Phase2_D10-43-20260929-10:49:14-79,scalar,DectScheduledAccessNetwork.queue,D,,,10
Phase2_D10-43-20260929-10:49:14-79,scalar,DectScheduledAccessNetwork.queue,r,,,20
Phase2_D10-43-20260929-10:49:14-79,scalar,DectScheduledAccessNetwork.queue,L_effective,,,2
Phase2_D10-43-20260929-10:49:14-79,scalar,DectScheduledAccessNetwork.queue,rho,,,0.084745762712
Phase2_D10-43-20260929-10:49:14-79,scalar,DectScheduledAccessNetwork.queue,rho_sat,,,0.084745762773916
Phase2_D10-43-20260929-10:49:14-79,scalar,DectScheduledAccessNetwork.queue,blocking_probability,,,0.024656294377429
Phase2_D10-43-20260929-10:49:14-79,scalar,DectScheduledAccessNetwork.queue,mean_type1_number,,,9.805405142472
Phase2_D10-43-20260929-10:49:14-79,scalar,DectScheduledAccessNetwork.queue,mean_delay_direct_ms,,,49.502131046597
Phase2_D10-43-20260929-10:49:14-79,scalar,DectScheduledAccessNetwork.queue,effective_throughput_departures_per_ms,,,0.19807832613281
Phase2_D10-43-20260929-10:49:14-79,scalar,DectScheduledAccessNetwork.queue,mean_delay_little_ms,,,49.502665606622
Phase2_D10-43-20260929-10:49:14-79,scalar,DectScheduledAccessNetwork.queue,little_vs_direct_relative_error,,,1.0798727523742e-05
Phase2_D10-44-20260929-10:49:14-79,scalar,DectScheduledAccessNetwork.queue,D,,,10
Phase2_D10-44-20260929-10:49:14-79,scalar,DectScheduledAccessNetwork.queue,r,,,20
Phase2_D10-44-20260929-10:49:14-79,scalar,DectScheduledAccessNetwork.queue,L_effective,,,2
Phase2_D10-44-20260929-10:49:14-79,scalar,DectScheduledAccessNetwork.queue,rho,,,0.084745762712
Phase2_D10-44-20260929-10:49:14-79,scalar,DectScheduledAccessNetwork.queue,rho_sat,,,0.084745762773916
Phase2_D10-44-20260929-10:49:14-79,scalar,DectScheduledAccessNetwork.queue,blocking_probability,,,0.024537441668097
Phase2_D10-44-20260929-10:49:14-79,scalar,DectScheduledAccessNetwork.queue,mean_type1_number,,,9.7636756454396
Phase2_D10-44-20260929-10:49:14-79,scalar,DectScheduledAccessNetwork.queue,mean_delay_direct_ms,,,49.295938161111
Phase2_D10-44-20260929-10:49:14-79,scalar,DectScheduledAccessNetwork.queue,effective_throughput_departures_per_ms,,,0.19806123200185
Phase2_D10-44-20260929-10:49:14-79,scalar,DectScheduledAccessNetwork.queue,mean_delay_little_ms,,,49.296248169093
Phase2_D10-44-20260929-10:49:14-79,scalar,DectScheduledAccessNetwork.queue,little_vs_direct_relative_error,,,6.2887124929745e-06
Phase2_D10-45-20260929-10:49:15-79,scalar,DectScheduledAccessNetwork.queue,D,,,10
Phase2_D10-45-20260929-10:49:15-79,scalar,DectScheduledAccessNetwork.queue,r,,,20
Phase2_D10-45-20260929-10:49:15-79,scalar,DectScheduledAccessNetwork.queue,L_effective,,,2
Phase2_D10-45-20260929-10:49:15-79,scalar,DectScheduledAccessNetwork.queue,rho,,,0.084745762712
Phase2_D10-45-20260929-10:49:15-79,scalar,DectScheduledAccessNetwork.queue,rho_sat,,,0.084745762773916
Phase2_D10-45-20260929-10:49:15-79,scalar,DectScheduledAccessNetwork.queue,blocking_probability,,,0.025529986698564
Phase2_D10-45-20260929-10:49:15-79,scalar,DectScheduledAccessNetwork.queue,mean_type1_number,,,9.9482158389895
Phase2_D10-45-20260929-10:49:15-79,scalar,DectScheduledAccessNetwork.queue,mean_delay_direct_ms,,,50.178722664771
Phase2_D10-45-20260929-10:49:15-79,scalar,DectScheduledAccessNetwork.queue,effective_throughput_departures_per_ms,,,0.19825273424057
Phase2_D10-45-20260929-10:49:15-79,scalar,DectScheduledAccessNetwork.queue,mean_delay_little_ms,,,50.179463486832
Phase2_D10-45-20260929-10:49:15-79,scalar,DectScheduledAccessNetwork.queue,little_vs_direct_relative_error,,,1.4763669171414e-05
Phase2_D10-46-20260929-10:49:15-79,scalar,DectScheduledAccessNetwork.queue,D,,,10
Phase2_D10-46-20260929-10:49:15-79,scalar,DectScheduledAccessNetwork.queue,r,,,20
Phase2_D10-46-20260929-10:49:15-79,scalar,DectScheduledAccessNetwork.queue,L_effective,,,2
Phase2_D10-46-20260929-10:49:15-79,scalar,DectScheduledAccessNetwork.queue,rho,,,0.084745762712
Phase2_D10-46-20260929-10:49:15-79,scalar,DectScheduledAccessNetwork.queue,rho_sat,,,0.084745762773916
Phase2_D10-46-20260929-10:49:15-79,scalar,DectScheduledAccessNetwork.queue,blocking_probability,,,0.024554472829427
Phase2_D10-46-20260929-10:49:15-79,scalar,DectScheduledAccessNetwork.queue,mean_type1_number,,,9.8603961823941
Phase2_D10-46-20260929-10:49:15-79,scalar,DectScheduledAccessNetwork.queue,mean_delay_direct_ms,,,49.747347833574
Phase2_D10-46-20260929-10:49:15-79,scalar,DectScheduledAccessNetwork.queue,effective_throughput_departures_per_ms,,,0.1982050255163
Phase2_D10-46-20260929-10:49:15-79,scalar,DectScheduledAccessNetwork.queue,mean_delay_little_ms,,,49.748467056821
Phase2_D10-46-20260929-10:49:15-79,scalar,DectScheduledAccessNetwork.queue,little_vs_direct_relative_error,,,2.2498149071515e-05
Phase2_D10-47-20260929-10:49:15-79,scalar,DectScheduledAccessNetwork.queue,D,,,10
Phase2_D10-47-20260929-10:49:15-79,scalar,DectScheduledAccessNetwork.queue,r,,,20
Phase2_D10-47-20260929-10:49:15-79,scalar,DectScheduledAccessNetwork.queue,L_effective,,,2
Phase2_D10-47-20260929-10:49:15-79,scalar,DectScheduledAccessNetwork.queue,rho,,,0.084745762712
Phase2_D10-47-20260929-10:49:15-79,scalar,DectScheduledAccessNetwork.queue,rho_sat,,,0.084745762773916
Phase2_D10-47-20260929-10:49:15-79,scalar,DectScheduledAccessNetwork.queue,blocking_probability,,,0.025229751279862
Phase2_D10-47-20260929-10:49:15-79,scalar,DectScheduledAccessNetwork.queue,mean_type1_number,,,9.8265821197988
Phase2_D10-47-20260929-10:49:15-79,scalar,DectScheduledAccessNetwork.queue,mean_delay_direct_ms,,,49.592377201101
Phase2_D10-47-20260929-10:49:15-79,scalar,DectScheduledAccessNetwork.queue,effective_throughput_departures_per_ms,,,0.19814302916702
Phase2_D10-47-20260929-10:49:15-79,scalar,DectScheduledAccessNetwork.queue,mean_delay_little_ms,,,49.593377880156
Phase2_D10-47-20260929-10:49:15-79,scalar,DectScheduledAccessNetwork.queue,little_vs_direct_relative_error,,,2.01780820408e-05
Phase2_D10-48-20260929-10:49:16-79,scalar,DectScheduledAccessNetwork.queue,D,,,10
Phase2_D10-48-20260929-10:49:16-79,scalar,DectScheduledAccessNetwork.queue,r,,,20
Phase2_D10-48-20260929-10:49:16-79,scalar,DectScheduledAccessNetwork.queue,L_effective,,,2
Phase2_D10-48-20260929-10:49:16-79,scalar,DectScheduledAccessNetwork.queue,rho,,,0.084745762712
Phase2_D10-48-20260929-10:49:16-79,scalar,DectScheduledAccessNetwork.queue,rho_sat,,,0.084745762773916
Phase2_D10-48-20260929-10:49:16-79,scalar,DectScheduledAccessNetwork.queue,blocking_probability,,,0.025417699708409
Phase2_D10-48-20260929-10:49:16-79,scalar,DectScheduledAccessNetwork.queue,mean_type1_number,,,9.8578605436924
Phase2_D10-48-20260929-10:49:16-79,scalar,DectScheduledAccessNetwork.queue,mean_delay_direct_ms,,,49.750288322663
Phase2_D10-48-20260929-10:49:16-79,scalar,DectScheduledAccessNetwork.queue,effective_throughput_departures_per_ms,,,0.19814312690663
Phase2_D10-48-20260929-10:49:16-79,scalar,DectScheduledAccessNetwork.queue,mean_delay_little_ms,,,49.751211145152
Phase2_D10-48-20260929-10:49:16-79,scalar,DectScheduledAccessNetwork.queue,little_vs_direct_relative_error,,,1.8549088261155e-05
Phase2_D10-49-20260929-10:49:16-79,scalar,DectScheduledAccessNetwork.queue,D,,,10
Phase2_D10-49-20260929-10:49:16-79,scalar,DectScheduledAccessNetwork.queue,r,,,20
Phase2_D10-49-20260929-10:49:16-79,scalar,DectScheduledAccessNetwork.queue,L_effective,,,2
Phase2_D10-49-20260929-10:49:16-79,scalar,DectScheduledAccessNetwork.queue,rho,,,0.084745762712
Phase2_D10-49-20260929-10:49:16-79,scalar,DectScheduledAccessNetwork.queue,rho_sat,,,0.084745762773916
Phase2_D10-49-20260929-10:49:16-79,scalar,DectScheduledAccessNetwork.queue,blocking_probability,,,0.024336701939794
Phase2_D10-49-20260929-10:49:16-79,scalar,DectScheduledAccessNetwork.queue,mean_type1_number,,,9.7702304192888
Phase2_D10-49-20260929-10:49:16-79,scalar,DectScheduledAccessNetwork.queue,mean_delay_direct_ms,,,49.331951731413
Phase2_D10-49-20260929-10:49:16-79,scalar,DectScheduledAccessNetwork.queue,effective_throughput_departures_per_ms,,,0.19804723092752
Phase2_D10-49-20260929-10:49:16-79,scalar,DectScheduledAccessNetwork.queue,mean_delay_little_ms,,,49.332830222021
Phase2_D10-49-20260929-10:49:16-79,scalar,DectScheduledAccessNetwork.queue,little_vs_direct_relative_error,,,1.7807740777087e-05
Phase2_D10-50-20260929-10:49:16-79,scalar,DectScheduledAccessNetwork.queue,D,,,10
Phase2_D10-50-20260929-10:49:16-79,scalar,DectScheduledAccessNetwork.queue,r,,,20
Phase2_D10-50-20260929-10:49:16-79,scalar,DectScheduledAccessNetwork.queue,L_effective,,,2
Phase2_D10-50-20260929-10:49:16-79,scalar,DectScheduledAccessNetwork.queue,rho,,,0.127118644068
Phase2_D10-50-20260929-10:49:16-79,scalar,DectScheduledAccessNetwork.queue,rho_sat,,,0.084745762773916
Phase2_D10-50-20260929-10:49:16-79,scalar,DectScheduledAccessNetwork.queue,blocking_probability,,,0.33206070669518
Phase2_D10-50-20260929-10:49:16-79,scalar,DectScheduledAccessNetwork.queue,mean_type1_number,,,18.7341971024
Phase2_D10-50-20260929-10:49:16-79,scalar,DectScheduledAccessNetwork.queue,mean_delay_direct_ms,,,92.112647340609
Phase2_D10-50-20260929-10:49:16-79,scalar,DectScheduledAccessNetwork.queue,effective_throughput_departures_per_ms,,,0.20337992528465
Phase2_D10-50-20260929-10:49:16-79,scalar,DectScheduledAccessNetwork.queue,mean_delay_little_ms,,,92.11428844897
Phase2_D10-50-20260929-10:49:16-79,scalar,DectScheduledAccessNetwork.queue,little_vs_direct_relative_error,,,1.781631956721e-05
Phase2_D10-51-20260929-10:49:16-79,scalar,DectScheduledAccessNetwork.queue,D,,,10
Phase2_D10-51-20260929-10:49:16-79,scalar,DectScheduledAccessNetwork.queue,r,,,20
Phase2_D10-51-20260929-10:49:16-79,scalar,DectScheduledAccessNetwork.queue,L_effective,,,2
Phase2_D10-51-20260929-10:49:16-79,scalar,DectScheduledAccessNetwork.queue,rho,,,0.127118644068
Phase2_D10-51-20260929-10:49:16-79,scalar,DectScheduledAccessNetwork.queue,rho_sat,,,0.084745762773916
Phase2_D10-51-20260929-10:49:16-79,scalar,DectScheduledAccessNetwork.queue,blocking_probability,,,0.33377503386038
Phase2_D10-51-20260929-10:49:16-79,scalar,DectScheduledAccessNetwork.queue,mean_type1_number,,,18.738602644101
Phase2_D10-51-20260929-10:49:16-79,scalar,DectScheduledAccessNetwork.queue,mean_delay_direct_ms,,,92.151381796035
Phase2_D10-51-20260929-10:49:16-79,scalar,DectScheduledAccessNetwork.queue,effective_throughput_departures_per_ms,,,0.20334239076212
Phase2_D10-51-20260929-10:49:16-79,scalar,DectScheduledAccessNetwork.queue,mean_delay_little_ms,,,92.152957255346
Phase2_D10-51-20260929-10:49:16-79,scalar,DectScheduledAccessNetwork.queue,little_vs_direct_relative_error,,,1.7096426337959e-05
Phase2_D10-52-20260929-10:49:17-79,scalar,DectScheduledAccessNetwork.queue,D,,,10
Phase2_D10-52-20260929-10:49:17-79,scalar,DectScheduledAccessNetwork.queue,r,,,20
Phase2_D10-52-20260929-10:49:17-79,scalar,DectScheduledAccessNetwork.queue,L_effective,,,2
Phase2_D10-52-20260929-10:49:17-79,scalar,DectScheduledAccessNetwork.queue,rho,,,0.127118644068
Phase2_D10-52-20260929-10:49:17-79,scalar,DectScheduledAccessNetwork.queue,rho_sat,,,0.084745762773916
Phase2_D10-52-20260929-10:49:17-79,scalar,DectScheduledAccessNetwork.queue,blocking_probability,,,0.33373663749596
Phase2_D10-52-20260929-10:49:17-79,scalar,DectScheduledAccessNetwork.queue,mean_type1_number,,,18.740982696868
Phase2_D10-52-20260929-10:49:17-79,scalar,DectScheduledAccessNetwork.queue,mean_delay_direct_ms,,,92.141306930869
Phase2_D10-52-20260929-10:49:17-79,scalar,DectScheduledAccessNetwork.queue,effective_throughput_departures_per_ms,,,0.20339124507064
Phase2_D10-52-20260929-10:49:17-79,scalar,DectScheduledAccessNetwork.queue,mean_delay_little_ms,,,92.142524081402
Phase2_D10-52-20260929-10:49:17-79,scalar,DectScheduledAccessNetwork.queue,little_vs_direct_relative_error,,,1.3209607875542e-05
Phase2_D10-53-20260929-10:49:17-79,scalar,DectScheduledAccessNetwork.queue,D,,,10
Phase2_D10-53-20260929-10:49:17-79,scalar,DectScheduledAccessNetwork.queue,r,,,20
Phase2_D10-53-20260929-10:49:17-79,scalar,DectScheduledAccessNetwork.queue,L_effective,,,2
Phase2_D10-53-20260929-10:49:17-79,scalar,DectScheduledAccessNetwork.queue,rho,,,0.127118644068
Phase2_D10-53-20260929-10:49:17-79,scalar,DectScheduledAccessNetwork.queue,rho_sat,,,0.084745762773916
Phase2_D10-53-20260929-10:49:17-79,scalar,DectScheduledAccessNetwork.queue,blocking_probability,,,0.33230732662267
Phase2_D10-53-20260929-10:49:17-79,scalar,DectScheduledAccessNetwork.queue,mean_type1_number,,,18.735432065528
Phase2_D10-53-20260929-10:49:17-79,scalar,DectScheduledAccessNetwork.queue,mean_delay_direct_ms,,,92.116653448147
Phase2_D10-53-20260929-10:49:17-79,scalar,DectScheduledAccessNetwork.queue,effective_throughput_departures_per_ms,,,0.20338462789013
Phase2_D10-53-20260929-10:49:17-79,scalar,DectScheduledAccessNetwork.queue,mean_delay_little_ms,,,92.118230664167
Phase2_D10-53-20260929-10:49:17-79,scalar,DectScheduledAccessNetwork.queue,little_vs_direct_relative_error,,,1.7121942247345e-05
Phase2_D10-54-20260929-10:49:17-79,scalar,DectScheduledAccessNetwork.queue,D,,,10
Phase2_D10-54-20260929-10:49:17-79,scalar,DectScheduledAccessNetwork.queue,r,,,20
Phase2_D10-54-20260929-10:49:17-79,scalar,DectScheduledAccessNetwork.queue,L_effective,,,2
Phase2_D10-54-20260929-10:49:17-79,scalar,DectScheduledAccessNetwork.queue,rho,,,0.127118644068
Phase2_D10-54-20260929-10:49:17-79,scalar,DectScheduledAccessNetwork.queue,rho_sat,,,0.084745762773916
Phase2_D10-54-20260929-10:49:17-79,scalar,DectScheduledAccessNetwork.queue,blocking_probability,,,0.3326112302381
Phase2_D10-54-20260929-10:49:17-79,scalar,DectScheduledAccessNetwork.queue,mean_type1_number,,,18.73584787874
Phase2_D10-54-20260929-10:49:17-79,scalar,DectScheduledAccessNetwork.queue,mean_delay_direct_ms,,,92.118124974412
Phase2_D10-54-20260929-10:49:17-79,scalar,DectScheduledAccessNetwork.queue,effective_throughput_departures_per_ms,,,0.20338575937552
Phase2_D10-54-20260929-10:49:17-79,scalar,DectScheduledAccessNetwork.queue,mean_delay_little_ms,,,92.119762643495
Phase2_D10-54-20260929-10:49:17-79,scalar,DectScheduledAccessNetwork.queue,little_vs_direct_relative_error,,,1.7777924635531e-05
Phase2_D10-55-20260929-10:49:18-79,scalar,DectScheduledAccessNetwork.queue,D,,,10
Phase2_D10-55-20260929-10:49:18-79,scalar,DectScheduledAccessNetwork.queue,r,,,20
Phase2_D10-55-20260929-10:49:18-79,scalar,DectScheduledAccessNetwork.queue,L_effective,,,2
Phase2_D10-55-20260929-10:49:18-79,scalar,DectScheduledAccessNetwork.queue,rho,,,0.127118644068
Phase2_D10-55-20260929-10:49:18-79,scalar,DectScheduledAccessNetwork.queue,rho_sat,,,0.084745762773916
Phase2_D10-55-20260929-10:49:18-79,scalar,DectScheduledAccessNetwork.queue,blocking_probability,,,0.33273992739007
Phase2_D10-55-20260929-10:49:18-79,scalar,DectScheduledAccessNetwork.queue,mean_type1_number,,,18.732708678319
Phase2_D10-55-20260929-10:49:18-79,scalar,DectScheduledAccessNetwork.queue,mean_delay_direct_ms,,,92.107612386417
Phase2_D10-55-20260929-10:49:18-79,scalar,DectScheduledAccessNetwork.queue,effective_throughput_departures_per_ms,,,0.20337510488715
Phase2_D10-55-20260929-10:49:18-79,scalar,DectScheduledAccessNetwork.queue,mean_delay_little_ms,,,92.109153127239
Phase2_D10-55-20260929-10:49:18-79,scalar,DectScheduledAccessNetwork.queue,little_vs_direct_relative_error,,,1.6727616562795e-05
Phase2_D10-56-20260929-10:49:18-79,scalar,DectScheduledAccessNetwork.queue,D,,,10
Phase2_D10-56-20260929-10:49:18-79,scalar,DectScheduledAccessNetwork.queue,r,,,20
Phase2_D10-56-20260929-10:49:18-79,scalar,DectScheduledAccessNetwork.queue,L_effective,,,2
Phase2_D10-56-20260929-10:49:18-79,scalar,DectScheduledAccessNetwork.queue,rho,,,0.127118644068
Phase2_D10-56-20260929-10:49:18-79,scalar,DectScheduledAccessNetwork.queue,rho_sat,,,0.084745762773916
Phase2_D10-56-20260929-10:49:18-79,scalar,DectScheduledAccessNetwork.queue,blocking_probability,,,0.33289527490612
Phase2_D10-56-20260929-10:49:18-79,scalar,DectScheduledAccessNetwork.queue,mean_type1_number,,,18.732595150155
Phase2_D10-56-20260929-10:49:18-79,scalar,DectScheduledAccessNetwork.queue,mean_delay_direct_ms,,,92.106176864166
Phase2_D10-56-20260929-10:49:18-79,scalar,DectScheduledAccessNetwork.queue,effective_throughput_departures_per_ms,,,0.20337789276556
Phase2_D10-56-20260929-10:49:18-79,scalar,DectScheduledAccessNetwork.queue,mean_delay_little_ms,,,92.107332293727
Phase2_D10-56-20260929-10:49:18-79,scalar,DectScheduledAccessNetwork.queue,little_vs_direct_relative_error,,,1.2544539362613e-05
Phase2_D10-57-20260929-10:49:18-79,scalar,DectScheduledAccessNetwork.queue,D,,,10
Phase2_D10-57-20260929-10:49:18-79,scalar,DectScheduledAccessNetwork.queue,r,,,20
Phase2_D10-57-20260929-10:49:18-79,scalar,DectScheduledAccessNetwork.queue,L_effective,,,2
Phase2_D10-57-20260929-10:49:18-79,scalar,DectScheduledAccessNetwork.queue,rho,,,0.127118644068
Phase2_D10-57-20260929-10:49:18-79,scalar,DectScheduledAccessNetwork.queue,rho_sat,,,0.084745762773916
Phase2_D10-57-20260929-10:49:18-79,scalar,DectScheduledAccessNetwork.queue,blocking_probability,,,0.33308413383947
Phase2_D10-57-20260929-10:49:18-79,scalar,DectScheduledAccessNetwork.queue,mean_type1_number,,,18.741315198362
Phase2_D10-57-20260929-10:49:18-79,scalar,DectScheduledAccessNetwork.queue,mean_delay_direct_ms,,,92.14602573583
Phase2_D10-57-20260929-10:49:18-79,scalar,DectScheduledAccessNetwork.queue,effective_throughput_departures_per_ms,,,0.20338348718004
Phase2_D10-57-20260929-10:49:18-79,scalar,DectScheduledAccessNetwork.queue,mean_delay_little_ms,,,92.147673629826
Phase2_D10-57-20260929-10:49:18-79,scalar,DectScheduledAccessNetwork.queue,little_vs_direct_relative_error,,,1.7883505916805e-05
Phase2_D10-58-20260929-10:49:19-79,scalar,DectScheduledAccessNetwork.queue,D,,,10
Phase2_D10-58-20260929-10:49:19-79,scalar,DectScheduledAccessNetwork.queue,r,,,20
Phase2_D10-58-20260929-10:49:19-79,scalar,DectScheduledAccessNetwork.queue,L_effective,,,2
Phase2_D10-58-20260929-10:49:19-79,scalar,DectScheduledAccessNetwork.queue,rho,,,0.127118644068
Phase2_D10-58-20260929-10:49:19-79,scalar,DectScheduledAccessNetwork.queue,rho_sat,,,0.084745762773916
Phase2_D10-58-20260929-10:49:19-79,scalar,DectScheduledAccessNetwork.queue,blocking_probability,,,0.33369535234222
Phase2_D10-58-20260929-10:49:19-79,scalar,DectScheduledAccessNetwork.queue,mean_type1_number,,,18.74051663824
Phase2_D10-58-20260929-10:49:19-79,scalar,DectScheduledAccessNetwork.queue,mean_delay_direct_ms,,,92.139508403412
Phase2_D10-58-20260929-10:49:19-79,scalar,DectScheduledAccessNetwork.queue,effective_throughput_departures_per_ms,,,0.20338870580293
Phase2_D10-58-20260929-10:49:19-79,scalar,DectScheduledAccessNetwork.queue,mean_delay_little_ms,,,92.141382994972
Phase2_D10-58-20260929-10:49:19-79,scalar,DectScheduledAccessNetwork.queue,little_vs_direct_relative_error,,,2.0345143925127e-05
Phase2_D10-59-20260929-10:49:19-79,scalar,DectScheduledAccessNetwork.queue,D,,,10
Phase2_D10-59-20260929-10:49:19-79,scalar,DectScheduledAccessNetwork.queue,r,,,20
Phase2_D10-59-20260929-10:49:19-79,scalar,DectScheduledAccessNetwork.queue,L_effective,,,2
Phase2_D10-59-20260929-10:49:19-79,scalar,DectScheduledAccessNetwork.queue,rho,,,0.127118644068
Phase2_D10-59-20260929-10:49:19-79,scalar,DectScheduledAccessNetwork.queue,rho_sat,,,0.084745762773916
Phase2_D10-59-20260929-10:49:19-79,scalar,DectScheduledAccessNetwork.queue,blocking_probability,,,0.33372642766531
Phase2_D10-59-20260929-10:49:19-79,scalar,DectScheduledAccessNetwork.queue,mean_type1_number,,,18.737295289136
Phase2_D10-59-20260929-10:49:19-79,scalar,DectScheduledAccessNetwork.queue,mean_delay_direct_ms,,,92.131621481359
Phase2_D10-59-20260929-10:49:19-79,scalar,DectScheduledAccessNetwork.queue,effective_throughput_departures_per_ms,,,0.20337138019283
Phase2_D10-59-20260929-10:49:19-79,scalar,DectScheduledAccessNetwork.queue,mean_delay_little_ms,,,92.133392964978
Phase2_D10-59-20260929-10:49:19-79,scalar,DectScheduledAccessNetwork.queue,little_vs_direct_relative_error,,,1.9227748194073e-05
Phase2_D10-0-20260929-10:49:00-79,scalar,DectScheduledAccessNetwork.queue,D,,,10
Phase2_D10-0-20260929-10:49:00-79,scalar,DectScheduledAccessNetwork.queue,r,,,5
Phase2_D10-0-20260929-10:49:00-79,scalar,DectScheduledAccessNetwork.queue,L_effective,,,2
Phase2_D10-0-20260929-10:49:00-79,scalar,DectScheduledAccessNetwork.queue,rho,,,0.042372881356
Phase2_D10-0-20260929-10:49:00-79,scalar,DectScheduledAccessNetwork.queue,rho_sat,,,0.084745762773916
Phase2_D10-0-20260929-10:49:00-79,scalar,DectScheduledAccessNetwork.queue,blocking_probability,,,0.0021961618554325
Phase2_D10-0-20260929-10:49:00-79,scalar,DectScheduledAccessNetwork.queue,mean_type1_number,,,0.66633327715317
Phase2_D10-0-20260929-10:49:00-79,scalar,DectScheduledAccessNetwork.queue,mean_delay_direct_ms,,,6.5740376809217
Phase2_D10-0-20260929-10:49:00-79,scalar,DectScheduledAccessNetwork.queue,effective_throughput_departures_per_ms,,,0.10135807371362
Phase2_D10-0-20260929-10:49:00-79,scalar,DectScheduledAccessNetwork.queue,mean_delay_little_ms,,,6.5740522953883
Phase2_D10-0-20260929-10:49:00-79,scalar,DectScheduledAccessNetwork.queue,little_vs_direct_relative_error,,,2.2230579261873e-06
Phase2_D10-1-20260929-10:49:01-79,scalar,DectScheduledAccessNetwork.queue,D,,,10
Phase2_D10-1-20260929-10:49:01-79,scalar,DectScheduledAccessNetwork.queue,r,,,5
Phase2_D10-1-20260929-10:49:01-79,scalar,DectScheduledAccessNetwork.queue,L_effective,,,2
Phase2_D10-1-20260929-10:49:01-79,scalar,DectScheduledAccessNetwork.queue,rho,,,0.042372881356
Phase2_D10-1-20260929-10:49:01-79,scalar,DectScheduledAccessNetwork.queue,rho_sat,,,0.084745762773916
Phase2_D10-1-20260929-10:49:01-79,scalar,DectScheduledAccessNetwork.queue,blocking_probability,,,0.00224892417813
Phase2_D10-1-20260929-10:49:01-79,scalar,DectScheduledAccessNetwork.queue,mean_type1_number,,,0.66945801931046
Phase2_D10-1-20260929-10:49:01-79,scalar,DectScheduledAccessNetwork.queue,mean_delay_direct_ms,,,6.595256940732
Phase2_D10-1-20260929-10:49:01-79,scalar,DectScheduledAccessNetwork.queue,effective_throughput_departures_per_ms,,,0.10150562666813
Phase2_D10-1-20260929-10:49:01-79,scalar,DectScheduledAccessNetwork.queue,mean_delay_little_ms,,,6.5952799000907
Phase2_D10-1-20260929-10:49:01-79,scalar,DectScheduledAccessNetwork.queue,little_vs_direct_relative_error,,,3.4811924554123e-06
Phase2_D10-2-20260929-10:49:01-79,scalar,DectScheduledAccessNetwork.queue,D,,,10
Phase2_D10-2-20260929-10:49:01-79,scalar,DectScheduledAccessNetwork.queue,r,,,5
Phase2_D10-2-20260929-10:49:01-79,scalar,DectScheduledAccessNetwork.queue,L_effective,,,2
Phase2_D10-2-20260929-10:49:01-79,scalar,DectScheduledAccessNetwork.queue,rho,,,0.042372881356
Phase2_D10-2-20260929-10:49:01-79,scalar,DectScheduledAccessNetwork.queue,rho_sat,,,0.084745762773916
Phase2_D10-2-20260929-10:49:01-79,scalar,DectScheduledAccessNetwork.queue,blocking_probability,,,0.002277797510486
Phase2_D10-2-20260929-10:49:01-79,scalar,DectScheduledAccessNetwork.queue,mean_type1_number,,,0.66989495771559
Phase2_D10-2-20260929-10:49:01-79,scalar,DectScheduledAccessNetwork.queue,mean_delay_direct_ms,,,6.5948679381655
Phase2_D10-2-20260929-10:49:01-79,scalar,DectScheduledAccessNetwork.queue,effective_throughput_departures_per_ms,,,0.10157782268122
Phase2_D10-2-20260929-10:49:01-79,scalar,DectScheduledAccessNetwork.queue,mean_delay_little_ms,,,6.5948938462474
Phase2_D10-2-20260929-10:49:01-79,scalar,DectScheduledAccessNetwork.queue,little_vs_direct_relative_error,,,3.9285217097174e-06
Phase2_D10-3-20260929-10:49:01-79,scalar,DectScheduledAccessNetwork.queue,D,,,10
Phase2_D10-3-20260929-10:49:01-79,scalar,DectScheduledAccessNetwork.queue,r,,,5
Phase2_D10-3-20260929-10:49:01-79,scalar,DectScheduledAccessNetwork.queue,L_effective,,,2
Phase2_D10-3-20260929-10:49:01-79,scalar,DectScheduledAccessNetwork.queue,rho,,,0.042372881356
Phase2_D10-3-20260929-10:49:01-79,scalar,DectScheduledAccessNetwork.queue,rho_sat,,,0.084745762773916
Phase2_D10-3-20260929-10:49:01-79,scalar,DectScheduledAccessNetwork.queue,blocking_probability,,,0.0022130913633561
Phase2_D10-3-20260929-10:49:01-79,scalar,DectScheduledAccessNetwork.queue,mean_type1_number,,,0.66885953922743
Phase2_D10-3-20260929-10:49:01-79,scalar,DectScheduledAccessNetwork.queue,mean_delay_direct_ms,,,6.5898266791
Phase2_D10-3-20260929-10:49:01-79,scalar,DectScheduledAccessNetwork.queue,effective_throughput_departures_per_ms,,,0.10149880593198
Phase2_D10-3-20260929-10:49:01-79,scalar,DectScheduledAccessNetwork.queue,mean_delay_little_ms,,,6.5898266791009
Phase2_D10-3-20260929-10:49:01-79,scalar,DectScheduledAccessNetwork.queue,little_vs_direct_relative_error,,,1.3922196728799e-13
Phase2_D10-4-20260929-10:49:02-79,scalar,DectScheduledAccessNetwork.queue,D,,,10
Phase2_D10-4-20260929-10:49:02-79,scalar,DectScheduledAccessNetwork.queue,r,,,5
Phase2_D10-4-20260929-10:49:02-79,scalar,DectScheduledAccessNetwork.queue,L_effective,,,2
Phase2_D10-4-20260929-10:49:02-79,scalar,DectScheduledAccessNetwork.queue,rho,,,0.042372881356
Phase2_D10-4-20260929-10:49:02-79,scalar,DectScheduledAccessNetwork.queue,rho_sat,,,0.084745762773916
Phase2_D10-4-20260929-10:49:02-79,scalar,DectScheduledAccessNetwork.queue,blocking_probability,,,0.0022459443792024
Phase2_D10-4-20260929-10:49:02-79,scalar,DectScheduledAccessNetwork.queue,mean_type1_number,,,0.66825569921059
Phase2_D10-4-20260929-10:49:02-79,scalar,DectScheduledAccessNetwork.queue,mean_delay_direct_ms,,,6.5964651123114
Phase2_D10-4-20260929-10:49:02-79,scalar,DectScheduledAccessNetwork.queue,effective_throughput_departures_per_ms,,,0.10130512142984
Phase2_D10-4-20260929-10:49:02-79,scalar,DectScheduledAccessNetwork.queue,mean_delay_little_ms,,,6.5964651123131
Phase2_D10-4-20260929-10:49:02-79,scalar,DectScheduledAccessNetwork.queue,little_vs_direct_relative_error,,,2.5579538487364e-13
Phase2_D10-5-20260929-10:49:02-79,scalar,DectScheduledAccessNetwork.queue,D,,,10
Phase2_D10-5-20260929-10:49:02-79,scalar,DectScheduledAccessNetwork.queue,r,,,5
Phase2_D10-5-20260929-10:49:02-79,scalar,DectScheduledAccessNetwork.queue,L_effective,,,2
Phase2_D10-5-20260929-10:49:02-79,scalar,DectScheduledAccessNetwork.queue,rho,,,0.042372881356
Phase2_D10-5-20260929-10:49:02-79,scalar,DectScheduledAccessNetwork.queue,rho_sat,,,0.084745762773916
Phase2_D10-5-20260929-10:49:02-79,scalar,DectScheduledAccessNetwork.queue,blocking_probability,,,0.002101574084977
Phase2_D10-5-20260929-10:49:02-79,scalar,DectScheduledAccessNetwork.queue,mean_type1_number,,,0.6657172844915
Phase2_D10-5-20260929-10:49:02-79,scalar,DectScheduledAccessNetwork.queue,mean_delay_direct_ms,,,6.5748263578935
Phase2_D10-5-20260929-10:49:02-79,scalar,DectScheduledAccessNetwork.queue,effective_throughput_departures_per_ms,,,0.10125228581262
Phase2_D10-5-20260929-10:49:02-79,scalar,DectScheduledAccessNetwork.queue,mean_delay_little_ms,,,6.5748370927989
Phase2_D10-5-20260929-10:49:02-79,scalar,DectScheduledAccessNetwork.queue,little_vs_direct_relative_error,,,1.6327283633988e-06
Phase2_D10-6-20260929-10:49:02-79,scalar,DectScheduledAccessNetwork.queue,D,,,10
Phase2_D10-6-20260929-10:49:02-79,scalar,DectScheduledAccessNetwork.queue,r,,,5
Phase2_D10-6-20260929-10:49:02-79,scalar,DectScheduledAccessNetwork.queue,L_effective,,,2
Phase2_D10-6-20260929-10:49:02-79,scalar,DectScheduledAccessNetwork.queue,rho,,,0.042372881356
Phase2_D10-6-20260929-10:49:02-79,scalar,DectScheduledAccessNetwork.queue,rho_sat,,,0.084745762773916
Phase2_D10-6-20260929-10:49:02-79,scalar,DectScheduledAccessNetwork.queue,blocking_probability,,,0.0022628655580488
Phase2_D10-6-20260929-10:49:02-79,scalar,DectScheduledAccessNetwork.queue,mean_type1_number,,,0.66708648882839
Phase2_D10-6-20260929-10:49:02-79,scalar,DectScheduledAccessNetwork.queue,mean_delay_direct_ms,,,6.5758799743236
Phase2_D10-6-20260929-10:49:02-79,scalar,DectScheduledAccessNetwork.queue,effective_throughput_departures_per_ms,,,0.10144428348111
Phase2_D10-6-20260929-10:49:02-79,scalar,DectScheduledAccessNetwork.queue,mean_delay_little_ms,,,6.5758903896506
Phase2_D10-6-20260929-10:49:02-79,scalar,DectScheduledAccessNetwork.queue,little_vs_direct_relative_error,,,1.5838681770575e-06
Phase2_D10-7-20260929-10:49:03-79,scalar,DectScheduledAccessNetwork.queue,D,,,10
Phase2_D10-7-20260929-10:49:03-79,scalar,DectScheduledAccessNetwork.queue,r,,,5
Phase2_D10-7-20260929-10:49:03-79,scalar,DectScheduledAccessNetwork.queue,L_effective,,,2
Phase2_D10-7-20260929-10:49:03-79,scalar,DectScheduledAccessNetwork.queue,rho,,,0.042372881356
Phase2_D10-7-20260929-10:49:03-79,scalar,DectScheduledAccessNetwork.queue,rho_sat,,,0.084745762773916
Phase2_D10-7-20260929-10:49:03-79,scalar,DectScheduledAccessNetwork.queue,blocking_probability,,,0.0022797884037091
Phase2_D10-7-20260929-10:49:03-79,scalar,DectScheduledAccessNetwork.queue,mean_type1_number,,,0.66807367117101
Phase2_D10-7-20260929-10:49:03-79,scalar,DectScheduledAccessNetwork.queue,mean_delay_direct_ms,,,6.5841663433517
Phase2_D10-7-20260929-10:49:03-79,scalar,DectScheduledAccessNetwork.queue,effective_throughput_departures_per_ms,,,0.1014666840241
Phase2_D10-7-20260929-10:49:03-79,scalar,DectScheduledAccessNetwork.queue,mean_delay_little_ms,,,6.5841677748368
Phase2_D10-7-20260929-10:49:03-79,scalar,DectScheduledAccessNetwork.queue,little_vs_direct_relative_error,,,2.1741327382863e-07
Phase2_D10-8-20260929-10:49:03-79,scalar,DectScheduledAccessNetwork.queue,D,,,10
Phase2_D10-8-20260929-10:49:03-79,scalar,DectScheduledAccessNetwork.queue,r,,,5
Phase2_D10-8-20260929-10:49:03-79,scalar,DectScheduledAccessNetwork.queue,L_effective,,,2
Phase2_D10-8-20260929-10:49:03-79,scalar,DectScheduledAccessNetwork.queue,rho,,,0.042372881356
Phase2_D10-8-20260929-10:49:03-79,scalar,DectScheduledAccessNetwork.queue,rho_sat,,,0.084745762773916
Phase2_D10-8-20260929-10:49:03-79,scalar,DectScheduledAccessNetwork.queue,blocking_probability,,,0.0023126323802455
Phase2_D10-8-20260929-10:49:03-79,scalar,DectScheduledAccessNetwork.queue,mean_type1_number,,,0.66942114076516
Phase2_D10-8-20260929-10:49:03-79,scalar,DectScheduledAccessNetwork.queue,mean_delay_direct_ms,,,6.5931443573975
Phase2_D10-8-20260929-10:49:03-79,scalar,DectScheduledAccessNetwork.queue,effective_throughput_departures_per_ms,,,0.10153256792649
Phase2_D10-8-20260929-10:49:03-79,scalar,DectScheduledAccessNetwork.queue,mean_delay_little_ms,,,6.5931666502298
Phase2_D10-8-20260929-10:49:03-79,scalar,DectScheduledAccessNetwork.queue,little_vs_direct_relative_error,,,3.3812140463052e-06
Phase2_D10-9-20260929-10:49:03-79,scalar,DectScheduledAccessNetwork.queue,D,,,10
Phase2_D10-9-20260929-10:49:03-79,scalar,DectScheduledAccessNetwork.queue,r,,,5
Phase2_D10-9-20260929-10:49:03-79,scalar,DectScheduledAccessNetwork.queue,L_effective,,,2
Phase2_D10-9-20260929-10:49:03-79,scalar,DectScheduledAccessNetwork.queue,rho,,,0.042372881356
Phase2_D10-9-20260929-10:49:03-79,scalar,DectScheduledAccessNetwork.queue,rho_sat,,,0.084745762773916
Phase2_D10-9-20260929-10:49:03-79,scalar,DectScheduledAccessNetwork.queue,blocking_probability,,,0.0022568926519287
Phase2_D10-9-20260929-10:49:03-79,scalar,DectScheduledAccessNetwork.queue,mean_type1_number,,,0.66705628081244
Phase2_D10-9-20260929-10:49:03-79,scalar,DectScheduledAccessNetwork.queue,mean_delay_direct_ms,,,6.5772074026082
Phase2_D10-9-20260929-10:49:03-79,scalar,DectScheduledAccessNetwork.queue,effective_throughput_departures_per_ms,,,0.10141925656599
Phase2_D10-9-20260929-10:49:03-79,scalar,DectScheduledAccessNetwork.queue,mean_delay_little_ms,,,6.5772152488458
Phase2_D10-9-20260929-10:49:03-79,scalar,DectScheduledAccessNetwork.queue,little_vs_direct_relative_error,,,1.1929436176672e-06
Phase2_D10-10-20260929-10:49:04-79,scalar,DectScheduledAccessNetwork.queue,D,,,10
Phase2_D10-10-20260929-10:49:04-79,scalar,DectScheduledAccessNetwork.queue,r,,,5
Phase2_D10-10-20260929-10:49:04-79,scalar,DectScheduledAccessNetwork.queue,L_effective,,,2
Phase2_D10-10-20260929-10:49:04-79,scalar,DectScheduledAccessNetwork.queue,rho,,,0.084745762712
Phase2_D10-10-20260929-10:49:04-79,scalar,DectScheduledAccessNetwork.queue,rho_sat,,,0.084745762773916
Phase2_D10-10-20260929-10:49:04-79,scalar,DectScheduledAccessNetwork.queue,blocking_probability,,,0.10191865905813
Phase2_D10-10-20260929-10:49:04-79,scalar,DectScheduledAccessNetwork.queue,mean_type1_number,,,2.3887699328337
Phase2_D10-10-20260929-10:49:04-79,scalar,DectScheduledAccessNetwork.queue,mean_delay_direct_ms,,,13.103350817666
Phase2_D10-10-20260929-10:49:04-79,scalar,DectScheduledAccessNetwork.queue,effective_throughput_departures_per_ms,,,0.1823014706479
Phase2_D10-10-20260929-10:49:04-79,scalar,DectScheduledAccessNetwork.queue,mean_delay_little_ms,,,13.103404620621
Phase2_D10-10-20260929-10:49:04-79,scalar,DectScheduledAccessNetwork.queue,little_vs_direct_relative_error,,,4.1060455360231e-06
Phase2_D10-11-20260929-10:49:04-79,scalar,DectScheduledAccessNetwork.queue,D,,,10
Phase2_D10-11-20260929-10:49:04-79,scalar,DectScheduledAccessNetwork.queue,r,,,5
Phase2_D10-11-20260929-10:49:04-79,scalar,DectScheduledAccessNetwork.queue,L_effective,,,2
Phase2_D10-11-20260929-10:49:04-79,scalar,DectScheduledAccessNetwork.queue,rho,,,0.084745762712
Phase2_D10-11-20260929-10:49:04-79,scalar,DectScheduledAccessNetwork.queue,rho_sat,,,0.084745762773916
Phase2_D10-11-20260929-10:49:04-79,scalar,DectScheduledAccessNetwork.queue,blocking_probability,,,0.10239749389631
Phase2_D10-11-20260929-10:49:04-79,scalar,DectScheduledAccessNetwork.queue,mean_type1_number,,,2.3969516313216
Phase2_D10-11-20260929-10:49:04-79,scalar,DectScheduledAccessNetwork.queue,mean_delay_direct_ms,,,13.132538489121
Phase2_D10-11-20260929-10:49:04-79,scalar,DectScheduledAccessNetwork.queue,effective_throughput_departures_per_ms,,,0.18252001821126
Phase2_D10-11-20260929-10:49:04-79,scalar,DectScheduledAccessNetwork.queue,mean_delay_little_ms,,,13.132541048441
Phase2_D10-11-20260929-10:49:04-79,scalar,DectScheduledAccessNetwork.queue,little_vs_direct_relative_error,,,1.9488391211908e-07
Phase2_D10-12-20260929-10:49:04-79,scalar,DectScheduledAccessNetwork.queue,D,,,10
Phase2_D10-12-20260929-10:49:04-79,scalar,DectScheduledAccessNetwork.queue,r,,,5
Phase2_D10-12-20260929-10:49:04-79,scalar,DectScheduledAccessNetwork.queue,L_effective,,,2
Phase2_D10-12-20260929-10:49:04-79,scalar,DectScheduledAccessNetwork.queue,rho,,,0.084745762712
Phase2_D10-12-20260929-10:49:04-79,scalar,DectScheduledAccessNetwork.queue,rho_sat,,,0.084745762773916
Phase2_D10-12-20260929-10:49:04-79,scalar,DectScheduledAccessNetwork.queue,blocking_probability,,,0.10292008192126
Phase2_D10-12-20260929-10:49:04-79,scalar,DectScheduledAccessNetwork.queue,mean_type1_number,,,2.3996242098823
Phase2_D10-12-20260929-10:49:04-79,scalar,DectScheduledAccessNetwork.queue,mean_delay_direct_ms,,,13.150110710824
Phase2_D10-12-20260929-10:49:04-79,scalar,DectScheduledAccessNetwork.queue,effective_throughput_departures_per_ms,,,0.18247907654502
Phase2_D10-12-20260929-10:49:04-79,scalar,DectScheduledAccessNetwork.queue,mean_delay_little_ms,,,13.150133458125
Phase2_D10-12-20260929-10:49:04-79,scalar,DectScheduledAccessNetwork.queue,little_vs_direct_relative_error,,,1.7298181991254e-06
Phase2_D10-13-20260929-10:49:04-79,scalar,DectScheduledAccessNetwork.queue,D,,,10
Phase2_D10-13-20260929-10:49:04-79,scalar,DectScheduledAccessNetwork.queue,r,,,5
Phase2_D10-13-20260929-10:49:04-79,scalar,DectScheduledAccessNetwork.queue,L_effective,,,2
Phase2_D10-13-20260929-10:49:04-79,scalar,DectScheduledAccessNetwork.queue,rho,,,0.084745762712
Phase2_D10-13-20260929-10:49:04-79,scalar,DectScheduledAccessNetwork.queue,rho_sat,,,0.084745762773916
Phase2_D10-13-20260929-10:49:04-79,scalar,DectScheduledAccessNetwork.queue,blocking_probability,,,0.10266964220818
Phase2_D10-13-20260929-10:49:04-79,scalar,DectScheduledAccessNetwork.queue,mean_type1_number,,,2.3943740327011
Phase2_D10-13-20260929-10:49:04-79,scalar,DectScheduledAccessNetwork.queue,mean_delay_direct_ms,,,13.130969511844
Phase2_D10-13-20260929-10:49:04-79,scalar,DectScheduledAccessNetwork.queue,effective_throughput_departures_per_ms,,,0.18234500697295
Phase2_D10-13-20260929-10:49:04-79,scalar,DectScheduledAccessNetwork.queue,mean_delay_little_ms,,,13.131009576019
Phase2_D10-13-20260929-10:49:04-79,scalar,DectScheduledAccessNetwork.queue,little_vs_direct_relative_error,,,3.0511208519712e-06
Phase2_D10-14-20260929-10:49:05-79,scalar,DectScheduledAccessNetwork.queue,D,,,10
Phase2_D10-14-20260929-10:49:05-79,scalar,DectScheduledAccessNetwork.queue,r,,,5
Phase2_D10-14-20260929-10:49:05-79,scalar,DectScheduledAccessNetwork.queue,L_effective,,,2
Phase2_D10-14-20260929-10:49:05-79,scalar,DectScheduledAccessNetwork.queue,rho,,,0.084745762712
Phase2_D10-14-20260929-10:49:05-79,scalar,DectScheduledAccessNetwork.queue,rho_sat,,,0.084745762773916
Phase2_D10-14-20260929-10:49:05-79,scalar,DectScheduledAccessNetwork.queue,blocking_probability,,,0.10222181921998
Phase2_D10-14-20260929-10:49:05-79,scalar,DectScheduledAccessNetwork.queue,mean_type1_number,,,2.3919123158302
Phase2_D10-14-20260929-10:49:05-79,scalar,DectScheduledAccessNetwork.queue,mean_delay_direct_ms,,,13.115858209011
Phase2_D10-14-20260929-10:49:05-79,scalar,DectScheduledAccessNetwork.queue,effective_throughput_departures_per_ms,,,0.1823673987289
Phase2_D10-14-20260929-10:49:05-79,scalar,DectScheduledAccessNetwork.queue,mean_delay_little_ms,,,13.115898633757
Phase2_D10-14-20260929-10:49:05-79,scalar,DectScheduledAccessNetwork.queue,little_vs_direct_relative_error,,,3.0821274337178e-06
Phase2_D10-15-20260929-10:49:05-79,scalar,DectScheduledAccessNetwork.queue,D,,,10
Phase2_D10-15-20260929-10:49:05-79,scalar,DectScheduledAccessNetwork.queue,r,,,5
Phase2_D10-15-20260929-10:49:05-79,scalar,DectScheduledAccessNetwork.queue,L_effective,,,2
Phase2_D10-15-20260929-10:49:05-79,scalar,DectScheduledAccessNetwork.queue,rho,,,0.084745762712
Phase2_D10-15-20260929-10:49:05-79,scalar,DectScheduledAccessNetwork.queue,rho_sat,,,0.084745762773916
Phase2_D10-15-20260929-10:49:05-79,scalar,DectScheduledAccessNetwork.queue,blocking_probability,,,0.1028401276474
Phase2_D10-15-20260929-10:49:05-79,scalar,DectScheduledAccessNetwork.queue,mean_type1_number,,,2.393578398226
Phase2_D10-15-20260929-10:49:05-79,scalar,DectScheduledAccessNetwork.queue,mean_delay_direct_ms,,,13.119105608622
Phase2_D10-15-20260929-10:49:05-79,scalar,DectScheduledAccessNetwork.queue,effective_throughput_departures_per_ms,,,0.18244901879685
Phase2_D10-15-20260929-10:49:05-79,scalar,DectScheduledAccessNetwork.queue,mean_delay_little_ms,,,13.119162898273
Phase2_D10-15-20260929-10:49:05-79,scalar,DectScheduledAccessNetwork.queue,little_vs_direct_relative_error,,,4.3668870086666e-06
Phase2_D10-16-20260929-10:49:05-79,scalar,DectScheduledAccessNetwork.queue,D,,,10
Phase2_D10-16-20260929-10:49:05-79,scalar,DectScheduledAccessNetwork.queue,r,,,5
Phase2_D10-16-20260929-10:49:05-79,scalar,DectScheduledAccessNetwork.queue,L_effective,,,2
Phase2_D10-16-20260929-10:49:05-79,scalar,DectScheduledAccessNetwork.queue,rho,,,0.084745762712
Phase2_D10-16-20260929-10:49:05-79,scalar,DectScheduledAccessNetwork.queue,rho_sat,,,0.084745762773916
Phase2_D10-16-20260929-10:49:05-79,scalar,DectScheduledAccessNetwork.queue,blocking_probability,,,0.10339686046387
Phase2_D10-16-20260929-10:49:05-79,scalar,DectScheduledAccessNetwork.queue,mean_type1_number,,,2.4042665664173
Phase2_D10-16-20260929-10:49:05-79,scalar,DectScheduledAccessNetwork.queue,mean_delay_direct_ms,,,13.173667717136
Phase2_D10-16-20260929-10:49:05-79,scalar,DectScheduledAccessNetwork.queue,effective_throughput_departures_per_ms,,,0.18250496007258
Phase2_D10-16-20260929-10:49:05-79,scalar,DectScheduledAccessNetwork.queue,mean_delay_little_ms,,,13.173705336344
Phase2_D10-16-20260929-10:49:05-79,scalar,DectScheduledAccessNetwork.queue,little_vs_direct_relative_error,,,2.8556366120647e-06
Phase2_D10-17-20260929-10:49:06-79,scalar,DectScheduledAccessNetwork.queue,D,,,10
Phase2_D10-17-20260929-10:49:06-79,scalar,DectScheduledAccessNetwork.queue,r,,,5
Phase2_D10-17-20260929-10:49:06-79,scalar,DectScheduledAccessNetwork.queue,L_effective,,,2
Phase2_D10-17-20260929-10:49:06-79,scalar,DectScheduledAccessNetwork.queue,rho,,,0.084745762712
Phase2_D10-17-20260929-10:49:06-79,scalar,DectScheduledAccessNetwork.queue,rho_sat,,,0.084745762773916
Phase2_D10-17-20260929-10:49:06-79,scalar,DectScheduledAccessNetwork.queue,blocking_probability,,,0.10243517581896
Phase2_D10-17-20260929-10:49:06-79,scalar,DectScheduledAccessNetwork.queue,mean_type1_number,,,2.4002038899763
Phase2_D10-17-20260929-10:49:06-79,scalar,DectScheduledAccessNetwork.queue,mean_delay_direct_ms,,,13.14746778681
Phase2_D10-17-20260929-10:49:06-79,scalar,DectScheduledAccessNetwork.queue,effective_throughput_departures_per_ms,,,0.18255957582777
Phase2_D10-17-20260929-10:49:06-79,scalar,DectScheduledAccessNetwork.queue,mean_delay_little_ms,,,13.147510225597
Phase2_D10-17-20260929-10:49:06-79,scalar,DectScheduledAccessNetwork.queue,little_vs_direct_relative_error,,,3.2279057777806e-06
Phase2_D10-18-20260929-10:49:06-79,scalar,DectScheduledAccessNetwork.queue,D,,,10
Phase2_D10-18-20260929-10:49:06-79,scalar,DectScheduledAccessNetwork.queue,r,,,5
Phase2_D10-18-20260929-10:49:06-79,scalar,DectScheduledAccessNetwork.queue,L_effective,,,2
Phase2_D10-18-20260929-10:49:06-79,scalar,DectScheduledAccessNetwork.queue,rho,,,0.084745762712
Phase2_D10-18-20260929-10:49:06-79,scalar,DectScheduledAccessNetwork.queue,rho_sat,,,0.084745762773916
Phase2_D10-18-20260929-10:49:06-79,scalar,DectScheduledAccessNetwork.queue,blocking_probability,,,0.10261398787276
Phase2_D10-18-20260929-10:49:06-79,scalar,DectScheduledAccessNetwork.queue,mean_type1_number,,,2.3947140252732
Phase2_D10-18-20260929-10:49:06-79,scalar,DectScheduledAccessNetwork.queue,mean_delay_direct_ms,,,13.129197523073
Phase2_D10-18-20260929-10:49:06-79,scalar,DectScheduledAccessNetwork.queue,effective_throughput_departures_per_ms,,,0.18239589227224
Phase2_D10-18-20260929-10:49:06-79,scalar,DectScheduledAccessNetwork.queue,mean_delay_little_ms,,,13.129210287801
Phase2_D10-18-20260929-10:49:06-79,scalar,DectScheduledAccessNetwork.queue,little_vs_direct_relative_error,,,9.7223970030313e-07
Phase2_D10-19-20260929-10:49:06-79,scalar,DectScheduledAccessNetwork.queue,D,,,10
Phase2_D10-19-20260929-10:49:06-79,scalar,DectScheduledAccessNetwork.queue,r,,,5
Phase2_D10-19-20260929-10:49:06-79,scalar,DectScheduledAccessNetwork.queue,L_effective,,,2
Phase2_D10-19-20260929-10:49:06-79,scalar,DectScheduledAccessNetwork.queue,rho,,,0.084745762712
Phase2_D10-19-20260929-10:49:06-79,scalar,DectScheduledAccessNetwork.queue,rho_sat,,,0.084745762773916
Phase2_D10-19-20260929-10:49:06-79,scalar,DectScheduledAccessNetwork.queue,blocking_probability,,,0.10210099388441
Phase2_D10-19-20260929-10:49:06-79,scalar,DectScheduledAccessNetwork.queue,mean_type1_number,,,2.3982515559051
Phase2_D10-19-20260929-10:49:06-79,scalar,DectScheduledAccessNetwork.queue,mean_delay_direct_ms,,,13.140519248551
Phase2_D10-19-20260929-10:49:06-79,scalar,DectScheduledAccessNetwork.queue,effective_throughput_departures_per_ms,,,0.18250812700338
Phase2_D10-19-20260929-10:49:06-79,scalar,DectScheduledAccessNetwork.queue,mean_delay_little_ms,,,13.140519248552
Phase2_D10-19-20260929-10:49:06-79,scalar,DectScheduledAccessNetwork.queue,little_vs_direct_relative_error,,,1.2390088954817e-13
Phase2_D10-20-20260929-10:49:07-79,scalar,DectScheduledAccessNetwork.queue,D,,,10
Phase2_D10-20-20260929-10:49:07-79,scalar,DectScheduledAccessNetwork.queue,r,,,5
Phase2_D10-20-20260929-10:49:07-79,scalar,DectScheduledAccessNetwork.queue,L_effective,,,2
Phase2_D10-20-20260929-10:49:07-79,scalar,DectScheduledAccessNetwork.queue,rho,,,0.127118644068
Phase2_D10-20-20260929-10:49:07-79,scalar,DectScheduledAccessNetwork.queue,rho_sat,,,0.084745762773916
Phase2_D10-20-20260929-10:49:07-79,scalar,DectScheduledAccessNetwork.queue,blocking_probability,,,0.33743701529522
Phase2_D10-20-20260929-10:49:07-79,scalar,DectScheduledAccessNetwork.queue,mean_type1_number,,,3.8094890416251
Phase2_D10-20-20260929-10:49:07-79,scalar,DectScheduledAccessNetwork.queue,mean_delay_direct_ms,,,18.871544942447
Phase2_D10-20-20260929-10:49:07-79,scalar,DectScheduledAccessNetwork.queue,effective_throughput_departures_per_ms,,,0.20186338742523
Phase2_D10-20-20260929-10:49:07-79,scalar,DectScheduledAccessNetwork.queue,mean_delay_little_ms,,,18.87161951563
Phase2_D10-20-20260929-10:49:07-79,scalar,DectScheduledAccessNetwork.queue,little_vs_direct_relative_error,,,3.9516204470846e-06
Phase2_D10-21-20260929-10:49:07-79,scalar,DectScheduledAccessNetwork.queue,D,,,10
Phase2_D10-21-20260929-10:49:07-79,scalar,DectScheduledAccessNetwork.queue,r,,,5
Phase2_D10-21-20260929-10:49:07-79,scalar,DectScheduledAccessNetwork.queue,L_effective,,,2
Phase2_D10-21-20260929-10:49:07-79,scalar,DectScheduledAccessNetwork.queue,rho,,,0.127118644068
Phase2_D10-21-20260929-10:49:07-79,scalar,DectScheduledAccessNetwork.queue,rho_sat,,,0.084745762773916
Phase2_D10-21-20260929-10:49:07-79,scalar,DectScheduledAccessNetwork.queue,blocking_probability,,,0.3382107009578
Phase2_D10-21-20260929-10:49:07-79,scalar,DectScheduledAccessNetwork.queue,mean_type1_number,,,3.8113163602568
Phase2_D10-21-20260929-10:49:07-79,scalar,DectScheduledAccessNetwork.queue,mean_delay_direct_ms,,,18.883984901844
Phase2_D10-21-20260929-10:49:07-79,scalar,DectScheduledAccessNetwork.queue,effective_throughput_departures_per_ms,,,0.20182678256054
Phase2_D10-21-20260929-10:49:07-79,scalar,DectScheduledAccessNetwork.queue,mean_delay_little_ms,,,18.884096114021
Phase2_D10-21-20260929-10:49:07-79,scalar,DectScheduledAccessNetwork.queue,little_vs_direct_relative_error,,,5.8892324377169e-06
Phase2_D10-22-20260929-10:49:07-79,scalar,DectScheduledAccessNetwork.queue,D,,,10
Phase2_D10-22-20260929-10:49:07-79,scalar,DectScheduledAccessNetwork.queue,r,,,5
Phase2_D10-22-20260929-10:49:07-79,scalar,DectScheduledAccessNetwork.queue,L_effective,,,2
Phase2_D10-22-20260929-10:49:07-79,scalar,DectScheduledAccessNetwork.queue,rho,,,0.127118644068
Phase2_D10-22-20260929-10:49:07-79,scalar,DectScheduledAccessNetwork.queue,rho_sat,,,0.084745762773916
Phase2_D10-22-20260929-10:49:07-79,scalar,DectScheduledAccessNetwork.queue,blocking_probability,,,0.33835171502544
Phase2_D10-22-20260929-10:49:07-79,scalar,DectScheduledAccessNetwork.queue,mean_type1_number,,,3.8138638472984
Phase2_D10-22-20260929-10:49:07-79,scalar,DectScheduledAccessNetwork.queue,mean_delay_direct_ms,,,18.883326455425
Phase2_D10-22-20260929-10:49:07-79,scalar,DectScheduledAccessNetwork.queue,effective_throughput_departures_per_ms,,,0.20196926661995
Phase2_D10-22-20260929-10:49:07-79,scalar,DectScheduledAccessNetwork.queue,mean_delay_little_ms,,,18.883387116888
Phase2_D10-22-20260929-10:49:07-79,scalar,DectScheduledAccessNetwork.queue,little_vs_direct_relative_error,,,3.2124352011831e-06
Phase2_D10-23-20260929-10:49:08-79,scalar,DectScheduledAccessNetwork.queue,D,,,10
Phase2_D10-23-20260929-10:49:08-79,scalar,DectScheduledAccessNetwork.queue,r,,,5
Phase2_D10-23-20260929-10:49:08-79,scalar,DectScheduledAccessNetwork.queue,L_effective,,,2
Phase2_D10-23-20260929-10:49:08-79,scalar,DectScheduledAccessNetwork.queue,rho,,,0.127118644068
Phase2_D10-23-20260929-10:49:08-79,scalar,DectScheduledAccessNetwork.queue,rho_sat,,,0.084745762773916
Phase2_D10-23-20260929-10:49:08-79,scalar,DectScheduledAccessNetwork.queue,blocking_probability,,,0.33793949055972
Phase2_D10-23-20260929-10:49:08-79,scalar,DectScheduledAccessNetwork.queue,mean_type1_number,,,3.8075596383624
Phase2_D10-23-20260929-10:49:08-79,scalar,DectScheduledAccessNetwork.queue,mean_delay_direct_ms,,,18.864675848638
Phase2_D10-23-20260929-10:49:08-79,scalar,DectScheduledAccessNetwork.queue,effective_throughput_departures_per_ms,,,0.20183473843817
Phase2_D10-23-20260929-10:49:08-79,scalar,DectScheduledAccessNetwork.queue,mean_delay_little_ms,,,18.864738884029
Phase2_D10-23-20260929-10:49:08-79,scalar,DectScheduledAccessNetwork.queue,little_vs_direct_relative_error,,,3.3414510767216e-06
Phase2_D10-24-20260929-10:49:08-79,scalar,DectScheduledAccessNetwork.queue,D,,,10
Phase2_D10-24-20260929-10:49:08-79,scalar,DectScheduledAccessNetwork.queue,r,,,5
Phase2_D10-24-20260929-10:49:08-79,scalar,DectScheduledAccessNetwork.queue,L_effective,,,2
Phase2_D10-24-20260929-10:49:08-79,scalar,DectScheduledAccessNetwork.queue,rho,,,0.127118644068
Phase2_D10-24-20260929-10:49:08-79,scalar,DectScheduledAccessNetwork.queue,rho_sat,,,0.084745762773916
Phase2_D10-24-20260929-10:49:08-79,scalar,DectScheduledAccessNetwork.queue,blocking_probability,,,0.33753313980526
Phase2_D10-24-20260929-10:49:08-79,scalar,DectScheduledAccessNetwork.queue,mean_type1_number,,,3.8058858154239
Phase2_D10-24-20260929-10:49:08-79,scalar,DectScheduledAccessNetwork.queue,mean_delay_direct_ms,,,18.854479594825
Phase2_D10-24-20260929-10:49:08-79,scalar,DectScheduledAccessNetwork.queue,effective_throughput_departures_per_ms,,,0.20185515183488
Phase2_D10-24-20260929-10:49:08-79,scalar,DectScheduledAccessNetwork.queue,mean_delay_little_ms,,,18.854538914801
Phase2_D10-24-20260929-10:49:08-79,scalar,DectScheduledAccessNetwork.queue,little_vs_direct_relative_error,,,3.1462006619964e-06
Phase2_D10-25-20260929-10:49:08-79,scalar,DectScheduledAccessNetwork.queue,D,,,10
Phase2_D10-25-20260929-10:49:08-79,scalar,DectScheduledAccessNetwork.queue,r,,,5
Phase2_D10-25-20260929-10:49:08-79,scalar,DectScheduledAccessNetwork.queue,L_effective,,,2
Phase2_D10-25-20260929-10:49:08-79,scalar,DectScheduledAccessNetwork.queue,rho,,,0.127118644068
Phase2_D10-25-20260929-10:49:08-79,scalar,DectScheduledAccessNetwork.queue,rho_sat,,,0.084745762773916
Phase2_D10-25-20260929-10:49:08-79,scalar,DectScheduledAccessNetwork.queue,blocking_probability,,,0.33764283689371
Phase2_D10-25-20260929-10:49:08-79,scalar,DectScheduledAccessNetwork.queue,mean_type1_number,,,3.8082410210976
Phase2_D10-25-20260929-10:49:08-79,scalar,DectScheduledAccessNetwork.queue,mean_delay_direct_ms,,,18.863407109186
Phase2_D10-25-20260929-10:49:08-79,scalar,DectScheduledAccessNetwork.queue,effective_throughput_departures_per_ms,,,0.20188454830596
Phase2_D10-25-20260929-10:49:08-79,scalar,DectScheduledAccessNetwork.queue,mean_delay_little_ms,,,18.863459601307
Phase2_D10-25-20260929-10:49:08-79,scalar,DectScheduledAccessNetwork.queue,little_vs_direct_relative_error,,,2.7827486754894e-06
Phase2_D10-26-20260929-10:49:09-79,scalar,DectScheduledAccessNetwork.queue,D,,,10
Phase2_D10-26-20260929-10:49:09-79,scalar,DectScheduledAccessNetwork.queue,r,,,5
Phase2_D10-26-20260929-10:49:09-79,scalar,DectScheduledAccessNetwork.queue,L_effective,,,2
Phase2_D10-26-20260929-10:49:09-79,scalar,DectScheduledAccessNetwork.queue,rho,,,0.127118644068
Phase2_D10-26-20260929-10:49:09-79,scalar,DectScheduledAccessNetwork.queue,rho_sat,,,0.084745762773916
Phase2_D10-26-20260929-10:49:09-79,scalar,DectScheduledAccessNetwork.queue,blocking_probability,,,0.3377636766154
Phase2_D10-26-20260929-10:49:09-79,scalar,DectScheduledAccessNetwork.queue,mean_type1_number,,,3.8089476569843
Phase2_D10-26-20260929-10:49:09-79,scalar,DectScheduledAccessNetwork.queue,mean_delay_direct_ms,,,18.869281421956
Phase2_D10-26-20260929-10:49:09-79,scalar,DectScheduledAccessNetwork.queue,effective_throughput_departures_per_ms,,,0.20185884742937
Phase2_D10-26-20260929-10:49:09-79,scalar,DectScheduledAccessNetwork.queue,mean_delay_little_ms,,,18.869361960055
Phase2_D10-26-20260929-10:49:09-79,scalar,DectScheduledAccessNetwork.queue,little_vs_direct_relative_error,,,4.2682123102544e-06
Phase2_D10-27-20260929-10:49:09-79,scalar,DectScheduledAccessNetwork.queue,D,,,10
Phase2_D10-27-20260929-10:49:09-79,scalar,DectScheduledAccessNetwork.queue,r,,,5
Phase2_D10-27-20260929-10:49:09-79,scalar,DectScheduledAccessNetwork.queue,L_effective,,,2
Phase2_D10-27-20260929-10:49:09-79,scalar,DectScheduledAccessNetwork.queue,rho,,,0.127118644068
Phase2_D10-27-20260929-10:49:09-79,scalar,DectScheduledAccessNetwork.queue,rho_sat,,,0.084745762773916
Phase2_D10-27-20260929-10:49:09-79,scalar,DectScheduledAccessNetwork.queue,blocking_probability,,,0.33814478568862
Phase2_D10-27-20260929-10:49:09-79,scalar,DectScheduledAccessNetwork.queue,mean_type1_number,,,3.8128157396956
Phase2_D10-27-20260929-10:49:09-79,scalar,DectScheduledAccessNetwork.queue,mean_delay_direct_ms,,,18.884605235962
Phase2_D10-27-20260929-10:49:09-79,scalar,DectScheduledAccessNetwork.queue,effective_throughput_departures_per_ms,,,0.20190015314923
Phase2_D10-27-20260929-10:49:09-79,scalar,DectScheduledAccessNetwork.queue,mean_delay_little_ms,,,18.884659967927
Phase2_D10-27-20260929-10:49:09-79,scalar,DectScheduledAccessNetwork.queue,little_vs_direct_relative_error,,,2.8982318791559e-06
Phase2_D10-28-20260929-10:49:09-79,scalar,DectScheduledAccessNetwork.queue,D,,,10
Phase2_D10-28-20260929-10:49:09-79,scalar,DectScheduledAccessNetwork.queue,r,,,5
Phase2_D10-28-20260929-10:49:09-79,scalar,DectScheduledAccessNetwork.queue,L_effective,,,2
Phase2_D10-28-20260929-10:49:09-79,scalar,DectScheduledAccessNetwork.queue,rho,,,0.127118644068
Phase2_D10-28-20260929-10:49:09-79,scalar,DectScheduledAccessNetwork.queue,rho_sat,,,0.084745762773916
Phase2_D10-28-20260929-10:49:09-79,scalar,DectScheduledAccessNetwork.queue,blocking_probability,,,0.33866653087327
Phase2_D10-28-20260929-10:49:09-79,scalar,DectScheduledAccessNetwork.queue,mean_type1_number,,,3.8119763611597
Phase2_D10-28-20260929-10:49:09-79,scalar,DectScheduledAccessNetwork.queue,mean_delay_direct_ms,,,18.88058912834
Phase2_D10-28-20260929-10:49:09-79,scalar,DectScheduledAccessNetwork.queue,effective_throughput_departures_per_ms,,,0.20189866229106
Phase2_D10-28-20260929-10:49:09-79,scalar,DectScheduledAccessNetwork.queue,mean_delay_little_ms,,,18.880641990903
Phase2_D10-28-20260929-10:49:09-79,scalar,DectScheduledAccessNetwork.queue,little_vs_direct_relative_error,,,2.7998365050852e-06
Phase2_D10-29-20260929-10:49:10-79,scalar,DectScheduledAccessNetwork.queue,D,,,10
Phase2_D10-29-20260929-10:49:10-79,scalar,DectScheduledAccessNetwork.queue,r,,,5
Phase2_D10-29-20260929-10:49:10-79,scalar,DectScheduledAccessNetwork.queue,L_effective,,,2
Phase2_D10-29-20260929-10:49:10-79,scalar,DectScheduledAccessNetwork.queue,rho,,,0.127118644068
Phase2_D10-29-20260929-10:49:10-79,scalar,DectScheduledAccessNetwork.queue,rho_sat,,,0.084745762773916
Phase2_D10-29-20260929-10:49:10-79,scalar,DectScheduledAccessNetwork.queue,blocking_probability,,,0.33812200625208
Phase2_D10-29-20260929-10:49:10-79,scalar,DectScheduledAccessNetwork.queue,mean_type1_number,,,3.8102610944588
Phase2_D10-29-20260929-10:49:10-79,scalar,DectScheduledAccessNetwork.queue,mean_delay_direct_ms,,,18.876291969812
Phase2_D10-29-20260929-10:49:10-79,scalar,DectScheduledAccessNetwork.queue,effective_throughput_departures_per_ms,,,0.20185361624193
Phase2_D10-29-20260929-10:49:10-79,scalar,DectScheduledAccessNetwork.queue,mean_delay_little_ms,,,18.876357854753
Phase2_D10-29-20260929-10:49:10-79,scalar,DectScheduledAccessNetwork.queue,little_vs_direct_relative_error,,,3.4903540264697e-06
Phase2_D10-60-20260929-10:49:20-79,scalar,DectScheduledAccessNetwork.queue,D,,,10
Phase2_D10-60-20260929-10:49:20-79,scalar,DectScheduledAccessNetwork.queue,r,,,50
Phase2_D10-60-20260929-10:49:20-79,scalar,DectScheduledAccessNetwork.queue,L_effective,,,2
Phase2_D10-60-20260929-10:49:20-79,scalar,DectScheduledAccessNetwork.queue,rho,,,0.042372881356
Phase2_D10-60-20260929-10:49:20-79,scalar,DectScheduledAccessNetwork.queue,rho_sat,,,0.084745762773916
Phase2_D10-60-20260929-10:49:20-79,scalar,DectScheduledAccessNetwork.queue,blocking_probability,,,0
Phase2_D10-60-20260929-10:49:20-79,scalar,DectScheduledAccessNetwork.queue,mean_type1_number,,,0.67878063446583
Phase2_D10-60-20260929-10:49:20-79,scalar,DectScheduledAccessNetwork.queue,mean_delay_direct_ms,,,6.6724166746258
Phase2_D10-60-20260929-10:49:20-79,scalar,DectScheduledAccessNetwork.queue,effective_throughput_departures_per_ms,,,0.10172935348103
Phase2_D10-60-20260929-10:49:20-79,scalar,DectScheduledAccessNetwork.queue,mean_delay_little_ms,,,6.6724166746268
Phase2_D10-60-20260929-10:49:20-79,scalar,DectScheduledAccessNetwork.queue,little_vs_direct_relative_error,,,1.5387691121305e-13
Phase2_D10-61-20260929-10:49:20-79,scalar,DectScheduledAccessNetwork.queue,D,,,10
Phase2_D10-61-20260929-10:49:20-79,scalar,DectScheduledAccessNetwork.queue,r,,,50
Phase2_D10-61-20260929-10:49:20-79,scalar,DectScheduledAccessNetwork.queue,L_effective,,,2
Phase2_D10-61-20260929-10:49:20-79,scalar,DectScheduledAccessNetwork.queue,rho,,,0.042372881356
Phase2_D10-61-20260929-10:49:20-79,scalar,DectScheduledAccessNetwork.queue,rho_sat,,,0.084745762773916
Phase2_D10-61-20260929-10:49:20-79,scalar,DectScheduledAccessNetwork.queue,blocking_probability,,,0
Phase2_D10-61-20260929-10:49:20-79,scalar,DectScheduledAccessNetwork.queue,mean_type1_number,,,0.67826899576657
Phase2_D10-61-20260929-10:49:20-79,scalar,DectScheduledAccessNetwork.queue,mean_delay_direct_ms,,,6.6748816949919
Phase2_D10-61-20260929-10:49:20-79,scalar,DectScheduledAccessNetwork.queue,effective_throughput_departures_per_ms,,,0.10161511695823
Phase2_D10-61-20260929-10:49:20-79,scalar,DectScheduledAccessNetwork.queue,mean_delay_little_ms,,,6.6748827937224
Phase2_D10-61-20260929-10:49:20-79,scalar,DectScheduledAccessNetwork.queue,little_vs_direct_relative_error,,,1.6460674001628e-07
Phase2_D10-62-20260929-10:49:20-79,scalar,DectScheduledAccessNetwork.queue,D,,,10
Phase2_D10-62-20260929-10:49:20-79,scalar,DectScheduledAccessNetwork.queue,r,,,50
Phase2_D10-62-20260929-10:49:20-79,scalar,DectScheduledAccessNetwork.queue,L_effective,,,2
Phase2_D10-62-20260929-10:49:20-79,scalar,DectScheduledAccessNetwork.queue,rho,,,0.042372881356
Phase2_D10-62-20260929-10:49:20-79,scalar,DectScheduledAccessNetwork.queue,rho_sat,,,0.084745762773916
Phase2_D10-62-20260929-10:49:20-79,scalar,DectScheduledAccessNetwork.queue,blocking_probability,,,0
Phase2_D10-62-20260929-10:49:20-79,scalar,DectScheduledAccessNetwork.queue,mean_type1_number,,,0.68113680504405
Phase2_D10-62-20260929-10:49:20-79,scalar,DectScheduledAccessNetwork.queue,mean_delay_direct_ms,,,6.6901632792285
Phase2_D10-62-20260929-10:49:20-79,scalar,DectScheduledAccessNetwork.queue,effective_throughput_departures_per_ms,,,0.10181167936117
Phase2_D10-62-20260929-10:49:20-79,scalar,DectScheduledAccessNetwork.queue,mean_delay_little_ms,,,6.6901637348283
Phase2_D10-62-20260929-10:49:20-79,scalar,DectScheduledAccessNetwork.queue,little_vs_direct_relative_error,,,6.8099942351907e-08
Phase2_D10-63-20260929-10:49:20-79,scalar,DectScheduledAccessNetwork.queue,D,,,10
Phase2_D10-63-20260929-10:49:20-79,scalar,DectScheduledAccessNetwork.queue,r,,,50
Phase2_D10-63-20260929-10:49:20-79,scalar,DectScheduledAccessNetwork.queue,L_effective,,,2
Phase2_D10-63-20260929-10:49:20-79,scalar,DectScheduledAccessNetwork.queue,rho,,,0.042372881356
Phase2_D10-63-20260929-10:49:20-79,scalar,DectScheduledAccessNetwork.queue,rho_sat,,,0.084745762773916
Phase2_D10-63-20260929-10:49:20-79,scalar,DectScheduledAccessNetwork.queue,blocking_probability,,,0
Phase2_D10-63-20260929-10:49:20-79,scalar,DectScheduledAccessNetwork.queue,mean_type1_number,,,0.67833581015753
Phase2_D10-63-20260929-10:49:20-79,scalar,DectScheduledAccessNetwork.queue,mean_delay_direct_ms,,,6.6730503333594
Phase2_D10-63-20260929-10:49:20-79,scalar,DectScheduledAccessNetwork.queue,effective_throughput_departures_per_ms,,,0.10165303294748
Phase2_D10-63-20260929-10:49:20-79,scalar,DectScheduledAccessNetwork.queue,mean_delay_little_ms,,,6.673050380189
Phase2_D10-63-20260929-10:49:20-79,scalar,DectScheduledAccessNetwork.queue,little_vs_direct_relative_error,,,7.0177155198081e-09
Phase2_D10-64-20260929-10:49:21-79,scalar,DectScheduledAccessNetwork.queue,D,,,10
Phase2_D10-64-20260929-10:49:21-79,scalar,DectScheduledAccessNetwork.queue,r,,,50
Phase2_D10-64-20260929-10:49:21-79,scalar,DectScheduledAccessNetwork.queue,L_effective,,,2
Phase2_D10-64-20260929-10:49:21-79,scalar,DectScheduledAccessNetwork.queue,rho,,,0.042372881356
Phase2_D10-64-20260929-10:49:21-79,scalar,DectScheduledAccessNetwork.queue,rho_sat,,,0.084745762773916
Phase2_D10-64-20260929-10:49:21-79,scalar,DectScheduledAccessNetwork.queue,blocking_probability,,,0
Phase2_D10-64-20260929-10:49:21-79,scalar,DectScheduledAccessNetwork.queue,mean_type1_number,,,0.67823236107195
Phase2_D10-64-20260929-10:49:21-79,scalar,DectScheduledAccessNetwork.queue,mean_delay_direct_ms,,,6.6800245559241
Phase2_D10-64-20260929-10:49:21-79,scalar,DectScheduledAccessNetwork.queue,effective_throughput_departures_per_ms,,,0.1015314051092
Phase2_D10-64-20260929-10:49:21-79,scalar,DectScheduledAccessNetwork.queue,mean_delay_little_ms,,,6.6800253610448
Phase2_D10-64-20260929-10:49:21-79,scalar,DectScheduledAccessNetwork.queue,little_vs_direct_relative_error,,,1.2052659847939e-07
Phase2_D10-65-20260929-10:49:21-79,scalar,DectScheduledAccessNetwork.queue,D,,,10
Phase2_D10-65-20260929-10:49:21-79,scalar,DectScheduledAccessNetwork.queue,r,,,50
Phase2_D10-65-20260929-10:49:21-79,scalar,DectScheduledAccessNetwork.queue,L_effective,,,2
Phase2_D10-65-20260929-10:49:21-79,scalar,DectScheduledAccessNetwork.queue,rho,,,0.042372881356
Phase2_D10-65-20260929-10:49:21-79,scalar,DectScheduledAccessNetwork.queue,rho_sat,,,0.084745762773916
Phase2_D10-65-20260929-10:49:21-79,scalar,DectScheduledAccessNetwork.queue,blocking_probability,,,0
Phase2_D10-65-20260929-10:49:21-79,scalar,DectScheduledAccessNetwork.queue,mean_type1_number,,,0.67628505649768
Phase2_D10-65-20260929-10:49:21-79,scalar,DectScheduledAccessNetwork.queue,mean_delay_direct_ms,,,6.6641832050482
Phase2_D10-65-20260929-10:49:21-79,scalar,DectScheduledAccessNetwork.queue,effective_throughput_departures_per_ms,,,0.10148056193672
Phase2_D10-65-20260929-10:49:21-79,scalar,DectScheduledAccessNetwork.queue,mean_delay_little_ms,,,6.6641832050492
Phase2_D10-65-20260929-10:49:21-79,scalar,DectScheduledAccessNetwork.queue,little_vs_direct_relative_error,,,1.5210055437365e-13
Phase2_D10-66-20260929-10:49:21-79,scalar,DectScheduledAccessNetwork.queue,D,,,10
Phase2_D10-66-20260929-10:49:21-79,scalar,DectScheduledAccessNetwork.queue,r,,,50
Phase2_D10-66-20260929-10:49:21-79,scalar,DectScheduledAccessNetwork.queue,L_effective,,,2
Phase2_D10-66-20260929-10:49:21-79,scalar,DectScheduledAccessNetwork.queue,rho,,,0.042372881356
Phase2_D10-66-20260929-10:49:21-79,scalar,DectScheduledAccessNetwork.queue,rho_sat,,,0.084745762773916
Phase2_D10-66-20260929-10:49:21-79,scalar,DectScheduledAccessNetwork.queue,blocking_probability,,,0
Phase2_D10-66-20260929-10:49:21-79,scalar,DectScheduledAccessNetwork.queue,mean_type1_number,,,0.67671770797164
Phase2_D10-66-20260929-10:49:21-79,scalar,DectScheduledAccessNetwork.queue,mean_delay_direct_ms,,,6.664887840148
Phase2_D10-66-20260929-10:49:21-79,scalar,DectScheduledAccessNetwork.queue,effective_throughput_departures_per_ms,,,0.10153460729685
Phase2_D10-66-20260929-10:49:21-79,scalar,DectScheduledAccessNetwork.queue,mean_delay_little_ms,,,6.6648970827571
Phase2_D10-66-20260929-10:49:21-79,scalar,DectScheduledAccessNetwork.queue,little_vs_direct_relative_error,,,1.3867613901652e-06
Phase2_D10-67-20260929-10:49:22-79,scalar,DectScheduledAccessNetwork.queue,D,,,10
Phase2_D10-67-20260929-10:49:22-79,scalar,DectScheduledAccessNetwork.queue,r,,,50
Phase2_D10-67-20260929-10:49:22-79,scalar,DectScheduledAccessNetwork.queue,L_effective,,,2
Phase2_D10-67-20260929-10:49:22-79,scalar,DectScheduledAccessNetwork.queue,rho,,,0.042372881356
Phase2_D10-67-20260929-10:49:22-79,scalar,DectScheduledAccessNetwork.queue,rho_sat,,,0.084745762773916
Phase2_D10-67-20260929-10:49:22-79,scalar,DectScheduledAccessNetwork.queue,blocking_probability,,,0
Phase2_D10-67-20260929-10:49:22-79,scalar,DectScheduledAccessNetwork.queue,mean_type1_number,,,0.67748206215433
Phase2_D10-67-20260929-10:49:22-79,scalar,DectScheduledAccessNetwork.queue,mean_delay_direct_ms,,,6.665827539463
Phase2_D10-67-20260929-10:49:22-79,scalar,DectScheduledAccessNetwork.queue,effective_throughput_departures_per_ms,,,0.1016349463644
Phase2_D10-67-20260929-10:49:22-79,scalar,DectScheduledAccessNetwork.queue,mean_delay_little_ms,,,6.6658377495991
Phase2_D10-67-20260929-10:49:22-79,scalar,DectScheduledAccessNetwork.queue,little_vs_direct_relative_error,,,1.5317132127102e-06
Phase2_D10-68-20260929-10:49:22-79,scalar,DectScheduledAccessNetwork.queue,D,,,10
Phase2_D10-68-20260929-10:49:22-79,scalar,DectScheduledAccessNetwork.queue,r,,,50
Phase2_D10-68-20260929-10:49:22-79,scalar,DectScheduledAccessNetwork.queue,L_effective,,,2
Phase2_D10-68-20260929-10:49:22-79,scalar,DectScheduledAccessNetwork.queue,rho,,,0.042372881356
Phase2_D10-68-20260929-10:49:22-79,scalar,DectScheduledAccessNetwork.queue,rho_sat,,,0.084745762773916
Phase2_D10-68-20260929-10:49:22-79,scalar,DectScheduledAccessNetwork.queue,blocking_probability,,,0
Phase2_D10-68-20260929-10:49:22-79,scalar,DectScheduledAccessNetwork.queue,mean_type1_number,,,0.67726455666598
Phase2_D10-68-20260929-10:49:22-79,scalar,DectScheduledAccessNetwork.queue,mean_delay_direct_ms,,,6.662298473731
Phase2_D10-68-20260929-10:49:22-79,scalar,DectScheduledAccessNetwork.queue,effective_throughput_departures_per_ms,,,0.10165628376677
Phase2_D10-68-20260929-10:49:22-79,scalar,DectScheduledAccessNetwork.queue,mean_delay_little_ms,,,6.6622989899951
Phase2_D10-68-20260929-10:49:22-79,scalar,DectScheduledAccessNetwork.queue,little_vs_direct_relative_error,,,7.7490396321878e-08
Phase2_D10-69-20260929-10:49:22-79,scalar,DectScheduledAccessNetwork.queue,D,,,10
Phase2_D10-69-20260929-10:49:22-79,scalar,DectScheduledAccessNetwork.queue,r,,,50
Phase2_D10-69-20260929-10:49:22-79,scalar,DectScheduledAccessNetwork.queue,L_effective,,,2
Phase2_D10-69-20260929-10:49:22-79,scalar,DectScheduledAccessNetwork.queue,rho,,,0.042372881356
Phase2_D10-69-20260929-10:49:22-79,scalar,DectScheduledAccessNetwork.queue,rho_sat,,,0.084745762773916
Phase2_D10-69-20260929-10:49:22-79,scalar,DectScheduledAccessNetwork.queue,blocking_probability,,,0
Phase2_D10-69-20260929-10:49:22-79,scalar,DectScheduledAccessNetwork.queue,mean_type1_number,,,0.67823930469447
Phase2_D10-69-20260929-10:49:22-79,scalar,DectScheduledAccessNetwork.queue,mean_delay_direct_ms,,,6.6729218045484
Phase2_D10-69-20260929-10:49:22-79,scalar,DectScheduledAccessNetwork.queue,effective_throughput_departures_per_ms,,,0.10164049143556
Phase2_D10-69-20260929-10:49:22-79,scalar,DectScheduledAccessNetwork.queue,mean_delay_little_ms,,,6.6729242953776
Phase2_D10-69-20260929-10:49:22-79,scalar,DectScheduledAccessNetwork.queue,little_vs_direct_relative_error,,,3.7327414648125e-07
Phase2_D10-70-20260929-10:49:23-79,scalar,DectScheduledAccessNetwork.queue,D,,,10
Phase2_D10-70-20260929-10:49:23-79,scalar,DectScheduledAccessNetwork.queue,r,,,50
Phase2_D10-70-20260929-10:49:23-79,scalar,DectScheduledAccessNetwork.queue,L_effective,,,2
Phase2_D10-70-20260929-10:49:23-79,scalar,DectScheduledAccessNetwork.queue,rho,,,0.084745762712
Phase2_D10-70-20260929-10:49:23-79,scalar,DectScheduledAccessNetwork.queue,rho_sat,,,0.084745762773916
Phase2_D10-70-20260929-10:49:23-79,scalar,DectScheduledAccessNetwork.queue,blocking_probability,,,0.010291545968542
Phase2_D10-70-20260929-10:49:23-79,scalar,DectScheduledAccessNetwork.queue,mean_type1_number,,,25.054446743073
Phase2_D10-70-20260929-10:49:23-79,scalar,DectScheduledAccessNetwork.queue,mean_delay_direct_ms,,,124.49167197963
Phase2_D10-70-20260929-10:49:23-79,scalar,DectScheduledAccessNetwork.queue,effective_throughput_departures_per_ms,,,0.20124821910792
Phase2_D10-70-20260929-10:49:23-79,scalar,DectScheduledAccessNetwork.queue,mean_delay_little_ms,,,124.49524698471
Phase2_D10-70-20260929-10:49:23-79,scalar,DectScheduledAccessNetwork.queue,little_vs_direct_relative_error,,,2.8716821123709e-05
Phase2_D10-71-20260929-10:49:23-79,scalar,DectScheduledAccessNetwork.queue,D,,,10
Phase2_D10-71-20260929-10:49:23-79,scalar,DectScheduledAccessNetwork.queue,r,,,50
Phase2_D10-71-20260929-10:49:23-79,scalar,DectScheduledAccessNetwork.queue,L_effective,,,2
Phase2_D10-71-20260929-10:49:23-79,scalar,DectScheduledAccessNetwork.queue,rho,,,0.084745762712
Phase2_D10-71-20260929-10:49:23-79,scalar,DectScheduledAccessNetwork.queue,rho_sat,,,0.084745762773916
Phase2_D10-71-20260929-10:49:23-79,scalar,DectScheduledAccessNetwork.queue,blocking_probability,,,0.010208353747072
Phase2_D10-71-20260929-10:49:23-79,scalar,DectScheduledAccessNetwork.queue,mean_type1_number,,,24.862145734505
Phase2_D10-71-20260929-10:49:23-79,scalar,DectScheduledAccessNetwork.queue,mean_delay_direct_ms,,,123.48184235554
Phase2_D10-71-20260929-10:49:23-79,scalar,DectScheduledAccessNetwork.queue,effective_throughput_departures_per_ms,,,0.20133555526215
Phase2_D10-71-20260929-10:49:23-79,scalar,DectScheduledAccessNetwork.queue,mean_delay_little_ms,,,123.48611601231
Phase2_D10-71-20260929-10:49:23-79,scalar,DectScheduledAccessNetwork.queue,little_vs_direct_relative_error,,,3.4609596771595e-05
Phase2_D10-72-20260929-10:49:23-79,scalar,DectScheduledAccessNetwork.queue,D,,,10
Phase2_D10-72-20260929-10:49:23-79,scalar,DectScheduledAccessNetwork.queue,r,,,50
Phase2_D10-72-20260929-10:49:23-79,scalar,DectScheduledAccessNetwork.queue,L_effective,,,2
Phase2_D10-72-20260929-10:49:23-79,scalar,DectScheduledAccessNetwork.queue,rho,,,0.084745762712
Phase2_D10-72-20260929-10:49:23-79,scalar,DectScheduledAccessNetwork.queue,rho_sat,,,0.084745762773916
Phase2_D10-72-20260929-10:49:23-79,scalar,DectScheduledAccessNetwork.queue,blocking_probability,,,0.0099193600285136
Phase2_D10-72-20260929-10:49:23-79,scalar,DectScheduledAccessNetwork.queue,mean_type1_number,,,24.556752106069
Phase2_D10-72-20260929-10:49:23-79,scalar,DectScheduledAccessNetwork.queue,mean_delay_direct_ms,,,122.00495676819
Phase2_D10-72-20260929-10:49:23-79,scalar,DectScheduledAccessNetwork.queue,effective_throughput_departures_per_ms,,,0.201269875744
Phase2_D10-72-20260929-10:49:23-79,scalar,DectScheduledAccessNetwork.queue,mean_delay_little_ms,,,122.00907868252
Phase2_D10-72-20260929-10:49:23-79,scalar,DectScheduledAccessNetwork.queue,little_vs_direct_relative_error,,,3.378481030758e-05
Phase2_D10-73-20260929-10:49:24-79,scalar,DectScheduledAccessNetwork.queue,D,,,10
Phase2_D10-73-20260929-10:49:24-79,scalar,DectScheduledAccessNetwork.queue,r,,,50
Phase2_D10-73-20260929-10:49:24-79,scalar,DectScheduledAccessNetwork.queue,L_effective,,,2
Phase2_D10-73-20260929-10:49:24-79,scalar,DectScheduledAccessNetwork.queue,rho,,,0.084745762712
Phase2_D10-73-20260929-10:49:24-79,scalar,DectScheduledAccessNetwork.queue,rho_sat,,,0.084745762773916
Phase2_D10-73-20260929-10:49:24-79,scalar,DectScheduledAccessNetwork.queue,blocking_probability,,,0.00942703777848
Phase2_D10-73-20260929-10:49:24-79,scalar,DectScheduledAccessNetwork.queue,mean_type1_number,,,24.123980480306
Phase2_D10-73-20260929-10:49:24-79,scalar,DectScheduledAccessNetwork.queue,mean_delay_direct_ms,,,119.98955434656
Phase2_D10-73-20260929-10:49:24-79,scalar,DectScheduledAccessNetwork.queue,effective_throughput_departures_per_ms,,,0.20103790472758
Phase2_D10-73-20260929-10:49:24-79,scalar,DectScheduledAccessNetwork.queue,mean_delay_little_ms,,,119.99717422939
Phase2_D10-73-20260929-10:49:24-79,scalar,DectScheduledAccessNetwork.queue,little_vs_direct_relative_error,,,6.3504551451876e-05
Phase2_D10-74-20260929-10:49:24-79,scalar,DectScheduledAccessNetwork.queue,D,,,10
Phase2_D10-74-20260929-10:49:24-79,scalar,DectScheduledAccessNetwork.queue,r,,,50
Phase2_D10-74-20260929-10:49:24-79,scalar,DectScheduledAccessNetwork.queue,L_effective,,,2
Phase2_D10-74-20260929-10:49:24-79,scalar,DectScheduledAccessNetwork.queue,rho,,,0.084745762712
Phase2_D10-74-20260929-10:49:24-79,scalar,DectScheduledAccessNetwork.queue,rho_sat,,,0.084745762773916
Phase2_D10-74-20260929-10:49:24-79,scalar,DectScheduledAccessNetwork.queue,blocking_probability,,,0.0089851720382477
Phase2_D10-74-20260929-10:49:24-79,scalar,DectScheduledAccessNetwork.queue,mean_type1_number,,,24.149791867989
Phase2_D10-74-20260929-10:49:24-79,scalar,DectScheduledAccessNetwork.queue,mean_delay_direct_ms,,,120.06185137191
Phase2_D10-74-20260929-10:49:24-79,scalar,DectScheduledAccessNetwork.queue,effective_throughput_departures_per_ms,,,0.20112769877863
Phase2_D10-74-20260929-10:49:24-79,scalar,DectScheduledAccessNetwork.queue,mean_delay_little_ms,,,120.07193447069
Phase2_D10-74-20260929-10:49:24-79,scalar,DectScheduledAccessNetwork.queue,little_vs_direct_relative_error,,,8.3982536201344e-05
Phase2_D10-75-20260929-10:49:24-79,scalar,DectScheduledAccessNetwork.queue,D,,,10
Phase2_D10-75-20260929-10:49:24-79,scalar,DectScheduledAccessNetwork.queue,r,,,50
Phase2_D10-75-20260929-10:49:24-79,scalar,DectScheduledAccessNetwork.queue,L_effective,,,2
Phase2_D10-75-20260929-10:49:24-79,scalar,DectScheduledAccessNetwork.queue,rho,,,0.084745762712
Phase2_D10-75-20260929-10:49:24-79,scalar,DectScheduledAccessNetwork.queue,rho_sat,,,0.084745762773916
Phase2_D10-75-20260929-10:49:24-79,scalar,DectScheduledAccessNetwork.queue,blocking_probability,,,0.010315042762448
Phase2_D10-75-20260929-10:49:24-79,scalar,DectScheduledAccessNetwork.queue,mean_type1_number,,,24.924314274772
Phase2_D10-75-20260929-10:49:24-79,scalar,DectScheduledAccessNetwork.queue,mean_delay_direct_ms,,,123.78158125703
Phase2_D10-75-20260929-10:49:24-79,scalar,DectScheduledAccessNetwork.queue,effective_throughput_departures_per_ms,,,0.20134678201848
Phase2_D10-75-20260929-10:49:24-79,scalar,DectScheduledAccessNetwork.queue,mean_delay_little_ms,,,123.78799415073
Phase2_D10-75-20260929-10:49:24-79,scalar,DectScheduledAccessNetwork.queue,little_vs_direct_relative_error,,,5.180814168293e-05
Phase2_D10-76-20260929-10:49:24-79,scalar,DectScheduledAccessNetwork.queue,D,,,10
Phase2_D10-76-20260929-10:49:24-79,scalar,DectScheduledAccessNetwork.queue,r,,,50
Phase2_D10-76-20260929-10:49:24-79,scalar,DectScheduledAccessNetwork.queue,L_effective,,,2
Phase2_D10-76-20260929-10:49:24-79,scalar,DectScheduledAccessNetwork.queue,rho,,,0.084745762712
Phase2_D10-76-20260929-10:49:24-79,scalar,DectScheduledAccessNetwork.queue,rho_sat,,,0.084745762773916
Phase2_D10-76-20260929-10:49:24-79,scalar,DectScheduledAccessNetwork.queue,blocking_probability,,,0.010278250094518
Phase2_D10-76-20260929-10:49:24-79,scalar,DectScheduledAccessNetwork.queue,mean_type1_number,,,24.706652634018
Phase2_D10-76-20260929-10:49:24-79,scalar,DectScheduledAccessNetwork.queue,mean_delay_direct_ms,,,122.78510963279
Phase2_D10-76-20260929-10:49:24-79,scalar,DectScheduledAccessNetwork.queue,effective_throughput_departures_per_ms,,,0.20121848092809
Phase2_D10-76-20260929-10:49:24-79,scalar,DectScheduledAccessNetwork.queue,mean_delay_little_ms,,,122.78520601121
Phase2_D10-76-20260929-10:49:24-79,scalar,DectScheduledAccessNetwork.queue,little_vs_direct_relative_error,,,7.8493570976335e-07
Phase2_D10-77-20260929-10:49:25-79,scalar,DectScheduledAccessNetwork.queue,D,,,10
Phase2_D10-77-20260929-10:49:25-79,scalar,DectScheduledAccessNetwork.queue,r,,,50
Phase2_D10-77-20260929-10:49:25-79,scalar,DectScheduledAccessNetwork.queue,L_effective,,,2
Phase2_D10-77-20260929-10:49:25-79,scalar,DectScheduledAccessNetwork.queue,rho,,,0.084745762712
Phase2_D10-77-20260929-10:49:25-79,scalar,DectScheduledAccessNetwork.queue,rho_sat,,,0.084745762773916
Phase2_D10-77-20260929-10:49:25-79,scalar,DectScheduledAccessNetwork.queue,blocking_probability,,,0.0091903004483194
Phase2_D10-77-20260929-10:49:25-79,scalar,DectScheduledAccessNetwork.queue,mean_type1_number,,,24.187846262076
Phase2_D10-77-20260929-10:49:25-79,scalar,DectScheduledAccessNetwork.queue,mean_delay_direct_ms,,,120.19872486071
Phase2_D10-77-20260929-10:49:25-79,scalar,DectScheduledAccessNetwork.queue,effective_throughput_departures_per_ms,,,0.20122324939443
Phase2_D10-77-20260929-10:49:25-79,scalar,DectScheduledAccessNetwork.queue,mean_delay_little_ms,,,120.2040337529
Phase2_D10-77-20260929-10:49:25-79,scalar,DectScheduledAccessNetwork.queue,little_vs_direct_relative_error,,,4.4167624877245e-05
Phase2_D10-78-20260929-10:49:25-79,scalar,DectScheduledAccessNetwork.queue,D,,,10
Phase2_D10-78-20260929-10:49:25-79,scalar,DectScheduledAccessNetwork.queue,r,,,50
Phase2_D10-78-20260929-10:49:25-79,scalar,DectScheduledAccessNetwork.queue,L_effective,,,2
Phase2_D10-78-20260929-10:49:25-79,scalar,DectScheduledAccessNetwork.queue,rho,,,0.084745762712
Phase2_D10-78-20260929-10:49:25-79,scalar,DectScheduledAccessNetwork.queue,rho_sat,,,0.084745762773916
Phase2_D10-78-20260929-10:49:25-79,scalar,DectScheduledAccessNetwork.queue,blocking_probability,,,0.010007355292296
Phase2_D10-78-20260929-10:49:25-79,scalar,DectScheduledAccessNetwork.queue,mean_type1_number,,,24.647925237065
Phase2_D10-78-20260929-10:49:25-79,scalar,DectScheduledAccessNetwork.queue,mean_delay_direct_ms,,,122.35720815852
Phase2_D10-78-20260929-10:49:25-79,scalar,DectScheduledAccessNetwork.queue,effective_throughput_departures_per_ms,,,0.20143290970796
Phase2_D10-78-20260929-10:49:25-79,scalar,DectScheduledAccessNetwork.queue,mean_delay_little_ms,,,122.36295088424
Phase2_D10-78-20260929-10:49:25-79,scalar,DectScheduledAccessNetwork.queue,little_vs_direct_relative_error,,,4.6934102297946e-05
Phase2_D10-79-20260929-10:49:25-79,scalar,DectScheduledAccessNetwork.queue,D,,,10
Phase2_D10-79-20260929-10:49:25-79,scalar,DectScheduledAccessNetwork.queue,r,,,50
Phase2_D10-79-20260929-10:49:25-79,scalar,DectScheduledAccessNetwork.queue,L_effective,,,2
Phase2_D10-79-20260929-10:49:25-79,scalar,DectScheduledAccessNetwork.queue,rho,,,0.084745762712
Phase2_D10-79-20260929-10:49:25-79,scalar,DectScheduledAccessNetwork.queue,rho_sat,,,0.084745762773916
Phase2_D10-79-20260929-10:49:25-79,scalar,DectScheduledAccessNetwork.queue,blocking_probability,,,0.0092132887745305
Phase2_D10-79-20260929-10:49:25-79,scalar,DectScheduledAccessNetwork.queue,mean_type1_number,,,24.467757107521
Phase2_D10-79-20260929-10:49:25-79,scalar,DectScheduledAccessNetwork.queue,mean_delay_direct_ms,,,121.5831582658
Phase2_D10-79-20260929-10:49:25-79,scalar,DectScheduledAccessNetwork.queue,effective_throughput_departures_per_ms,,,0.20124077996653
Phase2_D10-79-20260929-10:49:25-79,scalar,DectScheduledAccessNetwork.queue,mean_delay_little_ms,,,121.5844875556
Phase2_D10-79-20260929-10:49:25-79,scalar,DectScheduledAccessNetwork.queue,little_vs_direct_relative_error,,,1.093317382006e-05
Phase2_D10-80-20260929-10:49:26-79,scalar,DectScheduledAccessNetwork.queue,D,,,10
Phase2_D10-80-20260929-10:49:26-79,scalar,DectScheduledAccessNetwork.queue,r,,,50
Phase2_D10-80-20260929-10:49:26-79,scalar,DectScheduledAccessNetwork.queue,L_effective,,,2
Phase2_D10-80-20260929-10:49:26-79,scalar,DectScheduledAccessNetwork.queue,rho,,,0.127118644068
Phase2_D10-80-20260929-10:49:26-79,scalar,DectScheduledAccessNetwork.queue,rho_sat,,,0.084745762773916
Phase2_D10-80-20260929-10:49:26-79,scalar,DectScheduledAccessNetwork.queue,blocking_probability,,,0.33205851688041
Phase2_D10-80-20260929-10:49:26-79,scalar,DectScheduledAccessNetwork.queue,mean_type1_number,,,48.734207071182
Phase2_D10-80-20260929-10:49:26-79,scalar,DectScheduledAccessNetwork.queue,mean_delay_direct_ms,,,239.61726007687
Phase2_D10-80-20260929-10:49:26-79,scalar,DectScheduledAccessNetwork.queue,effective_throughput_departures_per_ms,,,0.20337379035876
Phase2_D10-80-20260929-10:49:26-79,scalar,DectScheduledAccessNetwork.queue,mean_delay_little_ms,,,239.62874953166
Phase2_D10-80-20260929-10:49:26-79,scalar,DectScheduledAccessNetwork.queue,little_vs_direct_relative_error,,,4.7949195251862e-05
Phase2_D10-81-20260929-10:49:26-79,scalar,DectScheduledAccessNetwork.queue,D,,,10
Phase2_D10-81-20260929-10:49:26-79,scalar,DectScheduledAccessNetwork.queue,r,,,50
Phase2_D10-81-20260929-10:49:26-79,scalar,DectScheduledAccessNetwork.queue,L_effective,,,2
Phase2_D10-81-20260929-10:49:26-79,scalar,DectScheduledAccessNetwork.queue,rho,,,0.127118644068
Phase2_D10-81-20260929-10:49:26-79,scalar,DectScheduledAccessNetwork.queue,rho_sat,,,0.084745762773916
Phase2_D10-81-20260929-10:49:26-79,scalar,DectScheduledAccessNetwork.queue,blocking_probability,,,0.33377080196661
Phase2_D10-81-20260929-10:49:26-79,scalar,DectScheduledAccessNetwork.queue,mean_type1_number,,,48.738561239282
Phase2_D10-81-20260929-10:49:26-79,scalar,DectScheduledAccessNetwork.queue,mean_delay_direct_ms,,,239.68313476405
Phase2_D10-81-20260929-10:49:26-79,scalar,DectScheduledAccessNetwork.queue,effective_throughput_departures_per_ms,,,0.20333633955118
Phase2_D10-81-20260929-10:49:26-79,scalar,DectScheduledAccessNetwork.queue,mean_delay_little_ms,,,239.6942983574
Phase2_D10-81-20260929-10:49:26-79,scalar,DectScheduledAccessNetwork.queue,little_vs_direct_relative_error,,,4.6576465878356e-05
Phase2_D10-82-20260929-10:49:26-79,scalar,DectScheduledAccessNetwork.queue,D,,,10
Phase2_D10-82-20260929-10:49:26-79,scalar,DectScheduledAccessNetwork.queue,r,,,50
Phase2_D10-82-20260929-10:49:26-79,scalar,DectScheduledAccessNetwork.queue,L_effective,,,2
Phase2_D10-82-20260929-10:49:26-79,scalar,DectScheduledAccessNetwork.queue,rho,,,0.127118644068
Phase2_D10-82-20260929-10:49:26-79,scalar,DectScheduledAccessNetwork.queue,rho_sat,,,0.084745762773916
Phase2_D10-82-20260929-10:49:26-79,scalar,DectScheduledAccessNetwork.queue,blocking_probability,,,0.33373951105441
Phase2_D10-82-20260929-10:49:26-79,scalar,DectScheduledAccessNetwork.queue,mean_type1_number,,,48.740976568304
Phase2_D10-82-20260929-10:49:26-79,scalar,DectScheduledAccessNetwork.queue,mean_delay_direct_ms,,,239.63834860505
Phase2_D10-82-20260929-10:49:26-79,scalar,DectScheduledAccessNetwork.queue,effective_throughput_departures_per_ms,,,0.20338508221975
Phase2_D10-82-20260929-10:49:26-79,scalar,DectScheduledAccessNetwork.queue,mean_delay_little_ms,,,239.64872957418
Phase2_D10-82-20260929-10:49:26-79,scalar,DectScheduledAccessNetwork.queue,little_vs_direct_relative_error,,,4.3319315099044e-05
Phase2_D10-83-20260929-10:49:27-79,scalar,DectScheduledAccessNetwork.queue,D,,,10
Phase2_D10-83-20260929-10:49:27-79,scalar,DectScheduledAccessNetwork.queue,r,,,50
Phase2_D10-83-20260929-10:49:27-79,scalar,DectScheduledAccessNetwork.queue,L_effective,,,2
Phase2_D10-83-20260929-10:49:27-79,scalar,DectScheduledAccessNetwork.queue,rho,,,0.127118644068
Phase2_D10-83-20260929-10:49:27-79,scalar,DectScheduledAccessNetwork.queue,rho_sat,,,0.084745762773916
Phase2_D10-83-20260929-10:49:27-79,scalar,DectScheduledAccessNetwork.queue,blocking_probability,,,0.33230513053168
Phase2_D10-83-20260929-10:49:27-79,scalar,DectScheduledAccessNetwork.queue,mean_type1_number,,,48.735415158903
Phase2_D10-83-20260929-10:49:27-79,scalar,DectScheduledAccessNetwork.queue,mean_delay_direct_ms,,,239.61773530506
Phase2_D10-83-20260929-10:49:27-79,scalar,DectScheduledAccessNetwork.queue,effective_throughput_departures_per_ms,,,0.20337849413231
Phase2_D10-83-20260929-10:49:27-79,scalar,DectScheduledAccessNetwork.queue,mean_delay_little_ms,,,239.62914745153
Phase2_D10-83-20260929-10:49:27-79,scalar,DectScheduledAccessNetwork.queue,little_vs_direct_relative_error,,,4.7626468303141e-05
Phase2_D10-84-20260929-10:49:27-79,scalar,DectScheduledAccessNetwork.queue,D,,,10
Phase2_D10-84-20260929-10:49:27-79,scalar,DectScheduledAccessNetwork.queue,r,,,50
Phase2_D10-84-20260929-10:49:27-79,scalar,DectScheduledAccessNetwork.queue,L_effective,,,2
Phase2_D10-84-20260929-10:49:27-79,scalar,DectScheduledAccessNetwork.queue,rho,,,0.127118644068
Phase2_D10-84-20260929-10:49:27-79,scalar,DectScheduledAccessNetwork.queue,rho_sat,,,0.084745762773916
Phase2_D10-84-20260929-10:49:27-79,scalar,DectScheduledAccessNetwork.queue,blocking_probability,,,0.33261102995301
Phase2_D10-84-20260929-10:49:27-79,scalar,DectScheduledAccessNetwork.queue,mean_type1_number,,,48.735850149007
Phase2_D10-84-20260929-10:49:27-79,scalar,DectScheduledAccessNetwork.queue,mean_delay_direct_ms,,,239.6184393686
Phase2_D10-84-20260929-10:49:27-79,scalar,DectScheduledAccessNetwork.queue,effective_throughput_departures_per_ms,,,0.20337970659116
Phase2_D10-84-20260929-10:49:27-79,scalar,DectScheduledAccessNetwork.queue,mean_delay_little_ms,,,239.62985769755
Phase2_D10-84-20260929-10:49:27-79,scalar,DectScheduledAccessNetwork.queue,little_vs_direct_relative_error,,,4.7652129677944e-05
Phase2_D10-85-20260929-10:49:27-79,scalar,DectScheduledAccessNetwork.queue,D,,,10
Phase2_D10-85-20260929-10:49:27-79,scalar,DectScheduledAccessNetwork.queue,r,,,50
Phase2_D10-85-20260929-10:49:27-79,scalar,DectScheduledAccessNetwork.queue,L_effective,,,2
Phase2_D10-85-20260929-10:49:27-79,scalar,DectScheduledAccessNetwork.queue,rho,,,0.127118644068
Phase2_D10-85-20260929-10:49:27-79,scalar,DectScheduledAccessNetwork.queue,rho_sat,,,0.084745762773916
Phase2_D10-85-20260929-10:49:27-79,scalar,DectScheduledAccessNetwork.queue,blocking_probability,,,0.33274439614477
Phase2_D10-85-20260929-10:49:27-79,scalar,DectScheduledAccessNetwork.queue,mean_type1_number,,,48.732722494358
Phase2_D10-85-20260929-10:49:27-79,scalar,DectScheduledAccessNetwork.queue,mean_delay_direct_ms,,,239.61555016248
Phase2_D10-85-20260929-10:49:27-79,scalar,DectScheduledAccessNetwork.queue,effective_throughput_departures_per_ms,,,0.20336894351082
Phase2_D10-85-20260929-10:49:27-79,scalar,DectScheduledAccessNetwork.queue,mean_delay_little_ms,,,239.62716063265
Phase2_D10-85-20260929-10:49:27-79,scalar,DectScheduledAccessNetwork.queue,little_vs_direct_relative_error,,,4.845457714775e-05
Phase2_D10-86-20260929-10:49:28-79,scalar,DectScheduledAccessNetwork.queue,D,,,10
Phase2_D10-86-20260929-10:49:28-79,scalar,DectScheduledAccessNetwork.queue,r,,,50
Phase2_D10-86-20260929-10:49:28-79,scalar,DectScheduledAccessNetwork.queue,L_effective,,,2
Phase2_D10-86-20260929-10:49:28-79,scalar,DectScheduledAccessNetwork.queue,rho,,,0.127118644068
Phase2_D10-86-20260929-10:49:28-79,scalar,DectScheduledAccessNetwork.queue,rho_sat,,,0.084745762773916
Phase2_D10-86-20260929-10:49:28-79,scalar,DectScheduledAccessNetwork.queue,blocking_probability,,,0.33289551099803
Phase2_D10-86-20260929-10:49:28-79,scalar,DectScheduledAccessNetwork.queue,mean_type1_number,,,48.73258743749
Phase2_D10-86-20260929-10:49:28-79,scalar,DectScheduledAccessNetwork.queue,mean_delay_direct_ms,,,239.6121820125
Phase2_D10-86-20260929-10:49:28-79,scalar,DectScheduledAccessNetwork.queue,effective_throughput_departures_per_ms,,,0.20337178192466
Phase2_D10-86-20260929-10:49:28-79,scalar,DectScheduledAccessNetwork.queue,mean_delay_little_ms,,,239.62315212217
Phase2_D10-86-20260929-10:49:28-79,scalar,DectScheduledAccessNetwork.queue,little_vs_direct_relative_error,,,4.5782771058045e-05
Phase2_D10-87-20260929-10:49:28-79,scalar,DectScheduledAccessNetwork.queue,D,,,10
Phase2_D10-87-20260929-10:49:28-79,scalar,DectScheduledAccessNetwork.queue,r,,,50
Phase2_D10-87-20260929-10:49:28-79,scalar,DectScheduledAccessNetwork.queue,L_effective,,,2
Phase2_D10-87-20260929-10:49:28-79,scalar,DectScheduledAccessNetwork.queue,rho,,,0.127118644068
Phase2_D10-87-20260929-10:49:28-79,scalar,DectScheduledAccessNetwork.queue,rho_sat,,,0.084745762773916
Phase2_D10-87-20260929-10:49:28-79,scalar,DectScheduledAccessNetwork.queue,blocking_probability,,,0.33308703196627
Phase2_D10-87-20260929-10:49:28-79,scalar,DectScheduledAccessNetwork.queue,mean_type1_number,,,48.741328453214
Phase2_D10-87-20260929-10:49:28-79,scalar,DectScheduledAccessNetwork.queue,mean_delay_direct_ms,,,239.64802871018
Phase2_D10-87-20260929-10:49:28-79,scalar,DectScheduledAccessNetwork.queue,effective_throughput_departures_per_ms,,,0.20337733149063
Phase2_D10-87-20260929-10:49:28-79,scalar,DectScheduledAccessNetwork.queue,mean_delay_little_ms,,,239.65959281681
Phase2_D10-87-20260929-10:49:28-79,scalar,DectScheduledAccessNetwork.queue,little_vs_direct_relative_error,,,4.8254545160775e-05
Phase2_D10-88-20260929-10:49:28-79,scalar,DectScheduledAccessNetwork.queue,D,,,10
Phase2_D10-88-20260929-10:49:28-79,scalar,DectScheduledAccessNetwork.queue,r,,,50
Phase2_D10-88-20260929-10:49:28-79,scalar,DectScheduledAccessNetwork.queue,L_effective,,,2
Phase2_D10-88-20260929-10:49:28-79,scalar,DectScheduledAccessNetwork.queue,rho,,,0.127118644068
Phase2_D10-88-20260929-10:49:28-79,scalar,DectScheduledAccessNetwork.queue,rho_sat,,,0.084745762773916
Phase2_D10-88-20260929-10:49:28-79,scalar,DectScheduledAccessNetwork.queue,blocking_probability,,,0.33369445432752
Phase2_D10-88-20260929-10:49:28-79,scalar,DectScheduledAccessNetwork.queue,mean_type1_number,,,48.740500891068
Phase2_D10-88-20260929-10:49:28-79,scalar,DectScheduledAccessNetwork.queue,mean_delay_direct_ms,,,239.63735672844
Phase2_D10-88-20260929-10:49:28-79,scalar,DectScheduledAccessNetwork.queue,effective_throughput_departures_per_ms,,,0.20338261848389
Phase2_D10-88-20260929-10:49:28-79,scalar,DectScheduledAccessNetwork.queue,mean_delay_little_ms,,,239.64929380103
Phase2_D10-88-20260929-10:49:28-79,scalar,DectScheduledAccessNetwork.queue,little_vs_direct_relative_error,,,4.9813070678084e-05
Phase2_D10-89-20260929-10:49:29-79,scalar,DectScheduledAccessNetwork.queue,D,,,10
Phase2_D10-89-20260929-10:49:29-79,scalar,DectScheduledAccessNetwork.queue,r,,,50
Phase2_D10-89-20260929-10:49:29-79,scalar,DectScheduledAccessNetwork.queue,L_effective,,,2
Phase2_D10-89-20260929-10:49:29-79,scalar,DectScheduledAccessNetwork.queue,rho,,,0.127118644068
Phase2_D10-89-20260929-10:49:29-79,scalar,DectScheduledAccessNetwork.queue,rho_sat,,,0.084745762773916
Phase2_D10-89-20260929-10:49:29-79,scalar,DectScheduledAccessNetwork.queue,blocking_probability,,,0.33372464027854
Phase2_D10-89-20260929-10:49:29-79,scalar,DectScheduledAccessNetwork.queue,mean_type1_number,,,48.737297564523
Phase2_D10-89-20260929-10:49:29-79,scalar,DectScheduledAccessNetwork.queue,mean_delay_direct_ms,,,239.64227489473
Phase2_D10-89-20260929-10:49:29-79,scalar,DectScheduledAccessNetwork.queue,effective_throughput_departures_per_ms,,,0.20336531355084
Phase2_D10-89-20260929-10:49:29-79,scalar,DectScheduledAccessNetwork.queue,mean_delay_little_ms,,,239.65393465361
Phase2_D10-89-20260929-10:49:29-79,scalar,DectScheduledAccessNetwork.queue,little_vs_direct_relative_error,,,4.8654849752916e-05
Phase2_D20-30-20260929-10:49:40-80,scalar,DectScheduledAccessNetwork.queue,D,,,20
Phase2_D20-30-20260929-10:49:40-80,scalar,DectScheduledAccessNetwork.queue,r,,,20
Phase2_D20-30-20260929-10:49:40-80,scalar,DectScheduledAccessNetwork.queue,L_effective,,,1
Phase2_D20-30-20260929-10:49:40-80,scalar,DectScheduledAccessNetwork.queue,rho,,,0.021008403361
Phase2_D20-30-20260929-10:49:40-80,scalar,DectScheduledAccessNetwork.queue,rho_sat,,,0.04201680675489
Phase2_D20-30-20260929-10:49:40-80,scalar,DectScheduledAccessNetwork.queue,blocking_probability,,,0
Phase2_D20-30-20260929-10:49:40-80,scalar,DectScheduledAccessNetwork.queue,mean_type1_number,,,0.51035781373098
Phase2_D20-30-20260929-10:49:40-80,scalar,DectScheduledAccessNetwork.queue,mean_delay_direct_ms,,,10.125313262785
Phase2_D20-30-20260929-10:49:40-80,scalar,DectScheduledAccessNetwork.queue,effective_throughput_departures_per_ms,,,0.05040398957866
Phase2_D20-30-20260929-10:49:40-80,scalar,DectScheduledAccessNetwork.queue,mean_delay_little_ms,,,10.125345592624
Phase2_D20-30-20260929-10:49:40-80,scalar,DectScheduledAccessNetwork.queue,little_vs_direct_relative_error,,,3.1929718014023e-06
Phase2_D20-31-20260929-10:49:40-80,scalar,DectScheduledAccessNetwork.queue,D,,,20
Phase2_D20-31-20260929-10:49:40-80,scalar,DectScheduledAccessNetwork.queue,r,,,20
Phase2_D20-31-20260929-10:49:40-80,scalar,DectScheduledAccessNetwork.queue,L_effective,,,1
Phase2_D20-31-20260929-10:49:40-80,scalar,DectScheduledAccessNetwork.queue,rho,,,0.021008403361
Phase2_D20-31-20260929-10:49:40-80,scalar,DectScheduledAccessNetwork.queue,rho_sat,,,0.04201680675489
Phase2_D20-31-20260929-10:49:40-80,scalar,DectScheduledAccessNetwork.queue,blocking_probability,,,0
Phase2_D20-31-20260929-10:49:40-80,scalar,DectScheduledAccessNetwork.queue,mean_type1_number,,,0.51179468483225
Phase2_D20-31-20260929-10:49:40-80,scalar,DectScheduledAccessNetwork.queue,mean_delay_direct_ms,,,10.158325223855
Phase2_D20-31-20260929-10:49:40-80,scalar,DectScheduledAccessNetwork.queue,effective_throughput_departures_per_ms,,,0.050381797545664
Phase2_D20-31-20260929-10:49:40-80,scalar,DectScheduledAccessNetwork.queue,mean_delay_little_ms,,,10.158325223874
Phase2_D20-31-20260929-10:49:40-80,scalar,DectScheduledAccessNetwork.queue,little_vs_direct_relative_error,,,1.9049206656518e-12
Phase2_D20-32-20260929-10:49:41-80,scalar,DectScheduledAccessNetwork.queue,D,,,20
Phase2_D20-32-20260929-10:49:41-80,scalar,DectScheduledAccessNetwork.queue,r,,,20
Phase2_D20-32-20260929-10:49:41-80,scalar,DectScheduledAccessNetwork.queue,L_effective,,,1
Phase2_D20-32-20260929-10:49:41-80,scalar,DectScheduledAccessNetwork.queue,rho,,,0.021008403361
Phase2_D20-32-20260929-10:49:41-80,scalar,DectScheduledAccessNetwork.queue,rho_sat,,,0.04201680675489
Phase2_D20-32-20260929-10:49:41-80,scalar,DectScheduledAccessNetwork.queue,blocking_probability,,,0
Phase2_D20-32-20260929-10:49:41-80,scalar,DectScheduledAccessNetwork.queue,mean_type1_number,,,0.51196976285112
Phase2_D20-32-20260929-10:49:41-80,scalar,DectScheduledAccessNetwork.queue,mean_delay_direct_ms,,,10.137541381757
Phase2_D20-32-20260929-10:49:41-80,scalar,DectScheduledAccessNetwork.queue,effective_throughput_departures_per_ms,,,0.050502359849446
Phase2_D20-32-20260929-10:49:41-80,scalar,DectScheduledAccessNetwork.queue,mean_delay_little_ms,,,10.137541381776
Phase2_D20-32-20260929-10:49:41-80,scalar,DectScheduledAccessNetwork.queue,little_vs_direct_relative_error,,,1.9075852009109e-12
Phase2_D20-33-20260929-10:49:41-80,scalar,DectScheduledAccessNetwork.queue,D,,,20
Phase2_D20-33-20260929-10:49:41-80,scalar,DectScheduledAccessNetwork.queue,r,,,20
Phase2_D20-33-20260929-10:49:41-80,scalar,DectScheduledAccessNetwork.queue,L_effective,,,1
Phase2_D20-33-20260929-10:49:41-80,scalar,DectScheduledAccessNetwork.queue,rho,,,0.021008403361
Phase2_D20-33-20260929-10:49:41-80,scalar,DectScheduledAccessNetwork.queue,rho_sat,,,0.04201680675489
Phase2_D20-33-20260929-10:49:41-80,scalar,DectScheduledAccessNetwork.queue,blocking_probability,,,0
Phase2_D20-33-20260929-10:49:41-80,scalar,DectScheduledAccessNetwork.queue,mean_type1_number,,,0.50966383854691
Phase2_D20-33-20260929-10:49:41-80,scalar,DectScheduledAccessNetwork.queue,mean_delay_direct_ms,,,10.117705402796
Phase2_D20-33-20260929-10:49:41-80,scalar,DectScheduledAccessNetwork.queue,effective_throughput_departures_per_ms,,,0.050373443307141
Phase2_D20-33-20260929-10:49:41-80,scalar,DectScheduledAccessNetwork.queue,mean_delay_little_ms,,,10.117708957066
Phase2_D20-33-20260929-10:49:41-80,scalar,DectScheduledAccessNetwork.queue,little_vs_direct_relative_error,,,3.5129212960783e-07
Phase2_D20-34-20260929-10:49:42-80,scalar,DectScheduledAccessNetwork.queue,D,,,20
Phase2_D20-34-20260929-10:49:42-80,scalar,DectScheduledAccessNetwork.queue,r,,,20
Phase2_D20-34-20260929-10:49:42-80,scalar,DectScheduledAccessNetwork.queue,L_effective,,,1
Phase2_D20-34-20260929-10:49:42-80,scalar,DectScheduledAccessNetwork.queue,rho,,,0.021008403361
Phase2_D20-34-20260929-10:49:42-80,scalar,DectScheduledAccessNetwork.queue,rho_sat,,,0.04201680675489
Phase2_D20-34-20260929-10:49:42-80,scalar,DectScheduledAccessNetwork.queue,blocking_probability,,,0
Phase2_D20-34-20260929-10:49:42-80,scalar,DectScheduledAccessNetwork.queue,mean_type1_number,,,0.50952327144167
Phase2_D20-34-20260929-10:49:42-80,scalar,DectScheduledAccessNetwork.queue,mean_delay_direct_ms,,,10.11803780263
Phase2_D20-34-20260929-10:49:42-80,scalar,DectScheduledAccessNetwork.queue,effective_throughput_departures_per_ms,,,0.050357769403695
Phase2_D20-34-20260929-10:49:42-80,scalar,DectScheduledAccessNetwork.queue,mean_delay_little_ms,,,10.118066734788
Phase2_D20-34-20260929-10:49:42-80,scalar,DectScheduledAccessNetwork.queue,little_vs_direct_relative_error,,,2.859463304361e-06
Phase2_D20-35-20260929-10:49:42-80,scalar,DectScheduledAccessNetwork.queue,D,,,20
Phase2_D20-35-20260929-10:49:42-80,scalar,DectScheduledAccessNetwork.queue,r,,,20
Phase2_D20-35-20260929-10:49:42-80,scalar,DectScheduledAccessNetwork.queue,L_effective,,,1
Phase2_D20-35-20260929-10:49:42-80,scalar,DectScheduledAccessNetwork.queue,rho,,,0.021008403361
Phase2_D20-35-20260929-10:49:42-80,scalar,DectScheduledAccessNetwork.queue,rho_sat,,,0.04201680675489
Phase2_D20-35-20260929-10:49:42-80,scalar,DectScheduledAccessNetwork.queue,blocking_probability,,,0
Phase2_D20-35-20260929-10:49:42-80,scalar,DectScheduledAccessNetwork.queue,mean_type1_number,,,0.50938755987941
Phase2_D20-35-20260929-10:49:42-80,scalar,DectScheduledAccessNetwork.queue,mean_delay_direct_ms,,,10.11407424526
Phase2_D20-35-20260929-10:49:42-80,scalar,DectScheduledAccessNetwork.queue,effective_throughput_departures_per_ms,,,0.050364229837163
Phase2_D20-35-20260929-10:49:42-80,scalar,DectScheduledAccessNetwork.queue,mean_delay_little_ms,,,10.11407424528
Phase2_D20-35-20260929-10:49:42-80,scalar,DectScheduledAccessNetwork.queue,little_vs_direct_relative_error,,,1.9675372442407e-12
Phase2_D20-36-20260929-10:49:42-80,scalar,DectScheduledAccessNetwork.queue,D,,,20
Phase2_D20-36-20260929-10:49:42-80,scalar,DectScheduledAccessNetwork.queue,r,,,20
Phase2_D20-36-20260929-10:49:42-80,scalar,DectScheduledAccessNetwork.queue,L_effective,,,1
Phase2_D20-36-20260929-10:49:42-80,scalar,DectScheduledAccessNetwork.queue,rho,,,0.021008403361
Phase2_D20-36-20260929-10:49:42-80,scalar,DectScheduledAccessNetwork.queue,rho_sat,,,0.04201680675489
Phase2_D20-36-20260929-10:49:42-80,scalar,DectScheduledAccessNetwork.queue,blocking_probability,,,0
Phase2_D20-36-20260929-10:49:42-80,scalar,DectScheduledAccessNetwork.queue,mean_type1_number,,,0.51035663834041
Phase2_D20-36-20260929-10:49:42-80,scalar,DectScheduledAccessNetwork.queue,mean_delay_direct_ms,,,10.126556913538
Phase2_D20-36-20260929-10:49:42-80,scalar,DectScheduledAccessNetwork.queue,effective_throughput_departures_per_ms,,,0.050397795784984
Phase2_D20-36-20260929-10:49:42-80,scalar,DectScheduledAccessNetwork.queue,mean_delay_little_ms,,,10.126566656165
Phase2_D20-36-20260929-10:49:42-80,scalar,DectScheduledAccessNetwork.queue,little_vs_direct_relative_error,,,9.6208678890264e-07
Phase2_D20-37-20260929-10:49:43-80,scalar,DectScheduledAccessNetwork.queue,D,,,20
Phase2_D20-37-20260929-10:49:43-80,scalar,DectScheduledAccessNetwork.queue,r,,,20
Phase2_D20-37-20260929-10:49:43-80,scalar,DectScheduledAccessNetwork.queue,L_effective,,,1
Phase2_D20-37-20260929-10:49:43-80,scalar,DectScheduledAccessNetwork.queue,rho,,,0.021008403361
Phase2_D20-37-20260929-10:49:43-80,scalar,DectScheduledAccessNetwork.queue,rho_sat,,,0.04201680675489
Phase2_D20-37-20260929-10:49:43-80,scalar,DectScheduledAccessNetwork.queue,blocking_probability,,,0
Phase2_D20-37-20260929-10:49:43-80,scalar,DectScheduledAccessNetwork.queue,mean_type1_number,,,0.50979897394605
Phase2_D20-37-20260929-10:49:43-80,scalar,DectScheduledAccessNetwork.queue,mean_delay_direct_ms,,,10.112972561386
Phase2_D20-37-20260929-10:49:43-80,scalar,DectScheduledAccessNetwork.queue,effective_throughput_departures_per_ms,,,0.050410295519995
Phase2_D20-37-20260929-10:49:43-80,scalar,DectScheduledAccessNetwork.queue,mean_delay_little_ms,,,10.112993163149
Phase2_D20-37-20260929-10:49:43-80,scalar,DectScheduledAccessNetwork.queue,little_vs_direct_relative_error,,,2.0371619646742e-06
Phase2_D20-38-20260929-10:49:43-80,scalar,DectScheduledAccessNetwork.queue,D,,,20
Phase2_D20-38-20260929-10:49:43-80,scalar,DectScheduledAccessNetwork.queue,r,,,20
Phase2_D20-38-20260929-10:49:43-80,scalar,DectScheduledAccessNetwork.queue,L_effective,,,1
Phase2_D20-38-20260929-10:49:43-80,scalar,DectScheduledAccessNetwork.queue,rho,,,0.021008403361
Phase2_D20-38-20260929-10:49:43-80,scalar,DectScheduledAccessNetwork.queue,rho_sat,,,0.04201680675489
Phase2_D20-38-20260929-10:49:43-80,scalar,DectScheduledAccessNetwork.queue,blocking_probability,,,0
Phase2_D20-38-20260929-10:49:43-80,scalar,DectScheduledAccessNetwork.queue,mean_type1_number,,,0.512096370593
Phase2_D20-38-20260929-10:49:43-80,scalar,DectScheduledAccessNetwork.queue,mean_delay_direct_ms,,,10.145790780743
Phase2_D20-38-20260929-10:49:43-80,scalar,DectScheduledAccessNetwork.queue,effective_throughput_departures_per_ms,,,0.050473726109733
Phase2_D20-38-20260929-10:49:43-80,scalar,DectScheduledAccessNetwork.queue,mean_delay_little_ms,,,10.145800797026
Phase2_D20-38-20260929-10:49:43-80,scalar,DectScheduledAccessNetwork.queue,little_vs_direct_relative_error,,,9.8723533747958e-07
Phase2_D20-39-20260929-10:49:44-80,scalar,DectScheduledAccessNetwork.queue,D,,,20
Phase2_D20-39-20260929-10:49:44-80,scalar,DectScheduledAccessNetwork.queue,r,,,20
Phase2_D20-39-20260929-10:49:44-80,scalar,DectScheduledAccessNetwork.queue,L_effective,,,1
Phase2_D20-39-20260929-10:49:44-80,scalar,DectScheduledAccessNetwork.queue,rho,,,0.021008403361
Phase2_D20-39-20260929-10:49:44-80,scalar,DectScheduledAccessNetwork.queue,rho_sat,,,0.04201680675489
Phase2_D20-39-20260929-10:49:44-80,scalar,DectScheduledAccessNetwork.queue,blocking_probability,,,0
Phase2_D20-39-20260929-10:49:44-80,scalar,DectScheduledAccessNetwork.queue,mean_type1_number,,,0.51135264539058
Phase2_D20-39-20260929-10:49:44-80,scalar,DectScheduledAccessNetwork.queue,mean_delay_direct_ms,,,10.147828620743
Phase2_D20-39-20260929-10:49:44-80,scalar,DectScheduledAccessNetwork.queue,effective_throughput_departures_per_ms,,,0.050390347355647
Phase2_D20-39-20260929-10:49:44-80,scalar,DectScheduledAccessNetwork.queue,mean_delay_little_ms,,,10.147829340836
Phase2_D20-39-20260929-10:49:44-80,scalar,DectScheduledAccessNetwork.queue,little_vs_direct_relative_error,,,7.0960366915784e-08
Phase2_D20-40-20260929-10:49:44-80,scalar,DectScheduledAccessNetwork.queue,D,,,20
Phase2_D20-40-20260929-10:49:44-80,scalar,DectScheduledAccessNetwork.queue,r,,,20
Phase2_D20-40-20260929-10:49:44-80,scalar,DectScheduledAccessNetwork.queue,L_effective,,,1
Phase2_D20-40-20260929-10:49:44-80,scalar,DectScheduledAccessNetwork.queue,rho,,,0.042016806723
Phase2_D20-40-20260929-10:49:44-80,scalar,DectScheduledAccessNetwork.queue,rho_sat,,,0.04201680675489
Phase2_D20-40-20260929-10:49:44-80,scalar,DectScheduledAccessNetwork.queue,blocking_probability,,,0.024493646128318
Phase2_D20-40-20260929-10:49:44-80,scalar,DectScheduledAccessNetwork.queue,mean_type1_number,,,9.8155441603668
Phase2_D20-40-20260929-10:49:44-80,scalar,DectScheduledAccessNetwork.queue,mean_delay_direct_ms,,,99.856103305867
Phase2_D20-40-20260929-10:49:44-80,scalar,DectScheduledAccessNetwork.queue,effective_throughput_departures_per_ms,,,0.09829532266607
Phase2_D20-40-20260929-10:49:44-80,scalar,DectScheduledAccessNetwork.queue,mean_delay_little_ms,,,99.857693063507
Phase2_D20-40-20260929-10:49:44-80,scalar,DectScheduledAccessNetwork.queue,little_vs_direct_relative_error,,,1.5920485454402e-05
Phase2_D20-41-20260929-10:49:44-80,scalar,DectScheduledAccessNetwork.queue,D,,,20
Phase2_D20-41-20260929-10:49:44-80,scalar,DectScheduledAccessNetwork.queue,r,,,20
Phase2_D20-41-20260929-10:49:44-80,scalar,DectScheduledAccessNetwork.queue,L_effective,,,1
Phase2_D20-41-20260929-10:49:44-80,scalar,DectScheduledAccessNetwork.queue,rho,,,0.042016806723
Phase2_D20-41-20260929-10:49:44-80,scalar,DectScheduledAccessNetwork.queue,rho_sat,,,0.04201680675489
Phase2_D20-41-20260929-10:49:44-80,scalar,DectScheduledAccessNetwork.queue,blocking_probability,,,0.024694488603669
Phase2_D20-41-20260929-10:49:44-80,scalar,DectScheduledAccessNetwork.queue,mean_type1_number,,,9.8004054624682
Phase2_D20-41-20260929-10:49:44-80,scalar,DectScheduledAccessNetwork.queue,mean_delay_direct_ms,,,99.716202992076
Phase2_D20-41-20260929-10:49:44-80,scalar,DectScheduledAccessNetwork.queue,effective_throughput_departures_per_ms,,,0.098281423521924
Phase2_D20-41-20260929-10:49:44-80,scalar,DectScheduledAccessNetwork.queue,mean_delay_little_ms,,,99.717780952593
Phase2_D20-41-20260929-10:49:44-80,scalar,DectScheduledAccessNetwork.queue,little_vs_direct_relative_error,,,1.5824514672413e-05
Phase2_D20-42-20260929-10:49:45-80,scalar,DectScheduledAccessNetwork.queue,D,,,20
Phase2_D20-42-20260929-10:49:45-80,scalar,DectScheduledAccessNetwork.queue,r,,,20
Phase2_D20-42-20260929-10:49:45-80,scalar,DectScheduledAccessNetwork.queue,L_effective,,,1
Phase2_D20-42-20260929-10:49:45-80,scalar,DectScheduledAccessNetwork.queue,rho,,,0.042016806723
Phase2_D20-42-20260929-10:49:45-80,scalar,DectScheduledAccessNetwork.queue,rho_sat,,,0.04201680675489
Phase2_D20-42-20260929-10:49:45-80,scalar,DectScheduledAccessNetwork.queue,blocking_probability,,,0.02463379949242
Phase2_D20-42-20260929-10:49:45-80,scalar,DectScheduledAccessNetwork.queue,mean_type1_number,,,9.7942364269246
Phase2_D20-42-20260929-10:49:45-80,scalar,DectScheduledAccessNetwork.queue,mean_delay_direct_ms,,,99.614984544385
Phase2_D20-42-20260929-10:49:45-80,scalar,DectScheduledAccessNetwork.queue,effective_throughput_departures_per_ms,,,0.098319866754928
Phase2_D20-42-20260929-10:49:45-80,scalar,DectScheduledAccessNetwork.queue,mean_delay_little_ms,,,99.616046585353
Phase2_D20-42-20260929-10:49:45-80,scalar,DectScheduledAccessNetwork.queue,little_vs_direct_relative_error,,,1.0661457937822e-05
Phase2_D20-43-20260929-10:49:45-80,scalar,DectScheduledAccessNetwork.queue,D,,,20
Phase2_D20-43-20260929-10:49:45-80,scalar,DectScheduledAccessNetwork.queue,r,,,20
Phase2_D20-43-20260929-10:49:45-80,scalar,DectScheduledAccessNetwork.queue,L_effective,,,1
Phase2_D20-43-20260929-10:49:45-80,scalar,DectScheduledAccessNetwork.queue,rho,,,0.042016806723
Phase2_D20-43-20260929-10:49:45-80,scalar,DectScheduledAccessNetwork.queue,rho_sat,,,0.04201680675489
Phase2_D20-43-20260929-10:49:45-80,scalar,DectScheduledAccessNetwork.queue,blocking_probability,,,0.024107261357337
Phase2_D20-43-20260929-10:49:45-80,scalar,DectScheduledAccessNetwork.queue,mean_type1_number,,,9.7511890526082
Phase2_D20-43-20260929-10:49:45-80,scalar,DectScheduledAccessNetwork.queue,mean_delay_direct_ms,,,99.240718912929
Phase2_D20-43-20260929-10:49:45-80,scalar,DectScheduledAccessNetwork.queue,effective_throughput_departures_per_ms,,,0.09825725685294
Phase2_D20-43-20260929-10:49:45-80,scalar,DectScheduledAccessNetwork.queue,mean_delay_little_ms,,,99.24141345817
Phase2_D20-43-20260929-10:49:45-80,scalar,DectScheduledAccessNetwork.queue,little_vs_direct_relative_error,,,6.9985913897508e-06
Phase2_D20-44-20260929-10:49:45-80,scalar,DectScheduledAccessNetwork.queue,D,,,20
Phase2_D20-44-20260929-10:49:45-80,scalar,DectScheduledAccessNetwork.queue,r,,,20
Phase2_D20-44-20260929-10:49:45-80,scalar,DectScheduledAccessNetwork.queue,L_effective,,,1
Phase2_D20-44-20260929-10:49:45-80,scalar,DectScheduledAccessNetwork.queue,rho,,,0.042016806723
Phase2_D20-44-20260929-10:49:45-80,scalar,DectScheduledAccessNetwork.queue,rho_sat,,,0.04201680675489
Phase2_D20-44-20260929-10:49:45-80,scalar,DectScheduledAccessNetwork.queue,blocking_probability,,,0.023864372896445
Phase2_D20-44-20260929-10:49:45-80,scalar,DectScheduledAccessNetwork.queue,mean_type1_number,,,9.7329920971313
Phase2_D20-44-20260929-10:49:45-80,scalar,DectScheduledAccessNetwork.queue,mean_delay_direct_ms,,,99.044435899131
Phase2_D20-44-20260929-10:49:45-80,scalar,DectScheduledAccessNetwork.queue,effective_throughput_departures_per_ms,,,0.098267566164212
Phase2_D20-44-20260929-10:49:45-80,scalar,DectScheduledAccessNetwork.queue,mean_delay_little_ms,,,99.045824345205
Phase2_D20-44-20260929-10:49:45-80,scalar,DectScheduledAccessNetwork.queue,little_vs_direct_relative_error,,,1.4018415689376e-05
Phase2_D20-45-20260929-10:49:46-80,scalar,DectScheduledAccessNetwork.queue,D,,,20
Phase2_D20-45-20260929-10:49:46-80,scalar,DectScheduledAccessNetwork.queue,r,,,20
Phase2_D20-45-20260929-10:49:46-80,scalar,DectScheduledAccessNetwork.queue,L_effective,,,1
Phase2_D20-45-20260929-10:49:46-80,scalar,DectScheduledAccessNetwork.queue,rho,,,0.042016806723
Phase2_D20-45-20260929-10:49:46-80,scalar,DectScheduledAccessNetwork.queue,rho_sat,,,0.04201680675489
Phase2_D20-45-20260929-10:49:46-80,scalar,DectScheduledAccessNetwork.queue,blocking_probability,,,0.023703386951275
Phase2_D20-45-20260929-10:49:46-80,scalar,DectScheduledAccessNetwork.queue,mean_type1_number,,,9.782786154377
Phase2_D20-45-20260929-10:49:46-80,scalar,DectScheduledAccessNetwork.queue,mean_delay_direct_ms,,,99.537362159029
Phase2_D20-45-20260929-10:49:46-80,scalar,DectScheduledAccessNetwork.queue,effective_throughput_departures_per_ms,,,0.098282090207504
Phase2_D20-45-20260929-10:49:46-80,scalar,DectScheduledAccessNetwork.queue,mean_delay_little_ms,,,99.537831701814
Phase2_D20-45-20260929-10:49:46-80,scalar,DectScheduledAccessNetwork.queue,little_vs_direct_relative_error,,,4.717251639752e-06
Phase2_D20-46-20260929-10:49:46-80,scalar,DectScheduledAccessNetwork.queue,D,,,20
Phase2_D20-46-20260929-10:49:46-80,scalar,DectScheduledAccessNetwork.queue,r,,,20
Phase2_D20-46-20260929-10:49:46-80,scalar,DectScheduledAccessNetwork.queue,L_effective,,,1
Phase2_D20-46-20260929-10:49:46-80,scalar,DectScheduledAccessNetwork.queue,rho,,,0.042016806723
Phase2_D20-46-20260929-10:49:46-80,scalar,DectScheduledAccessNetwork.queue,rho_sat,,,0.04201680675489
Phase2_D20-46-20260929-10:49:46-80,scalar,DectScheduledAccessNetwork.queue,blocking_probability,,,0.02422524491628
Phase2_D20-46-20260929-10:49:46-80,scalar,DectScheduledAccessNetwork.queue,mean_type1_number,,,9.8655970364281
Phase2_D20-46-20260929-10:49:46-80,scalar,DectScheduledAccessNetwork.queue,mean_delay_direct_ms,,,100.31606760934
Phase2_D20-46-20260929-10:49:46-80,scalar,DectScheduledAccessNetwork.queue,effective_throughput_departures_per_ms,,,0.098344477552518
Phase2_D20-46-20260929-10:49:46-80,scalar,DectScheduledAccessNetwork.queue,mean_delay_little_ms,,,100.31673645487
Phase2_D20-46-20260929-10:49:46-80,scalar,DectScheduledAccessNetwork.queue,little_vs_direct_relative_error,,,6.6673818575058e-06
Phase2_D20-47-20260929-10:49:46-80,scalar,DectScheduledAccessNetwork.queue,D,,,20
Phase2_D20-47-20260929-10:49:46-80,scalar,DectScheduledAccessNetwork.queue,r,,,20
Phase2_D20-47-20260929-10:49:46-80,scalar,DectScheduledAccessNetwork.queue,L_effective,,,1
Phase2_D20-47-20260929-10:49:46-80,scalar,DectScheduledAccessNetwork.queue,rho,,,0.042016806723
Phase2_D20-47-20260929-10:49:46-80,scalar,DectScheduledAccessNetwork.queue,rho_sat,,,0.04201680675489
Phase2_D20-47-20260929-10:49:46-80,scalar,DectScheduledAccessNetwork.queue,blocking_probability,,,0.024667950195943
Phase2_D20-47-20260929-10:49:46-80,scalar,DectScheduledAccessNetwork.queue,mean_type1_number,,,9.846340194521
Phase2_D20-47-20260929-10:49:46-80,scalar,DectScheduledAccessNetwork.queue,mean_delay_direct_ms,,,100.12444255395
Phase2_D20-47-20260929-10:49:46-80,scalar,DectScheduledAccessNetwork.queue,effective_throughput_departures_per_ms,,,0.09834006818043
Phase2_D20-47-20260929-10:49:46-80,scalar,DectScheduledAccessNetwork.queue,mean_delay_little_ms,,,100.12541557786
Phase2_D20-47-20260929-10:49:46-80,scalar,DectScheduledAccessNetwork.queue,little_vs_direct_relative_error,,,9.7181456639728e-06
Phase2_D20-48-20260929-10:49:47-80,scalar,DectScheduledAccessNetwork.queue,D,,,20
Phase2_D20-48-20260929-10:49:47-80,scalar,DectScheduledAccessNetwork.queue,r,,,20
Phase2_D20-48-20260929-10:49:47-80,scalar,DectScheduledAccessNetwork.queue,L_effective,,,1
Phase2_D20-48-20260929-10:49:47-80,scalar,DectScheduledAccessNetwork.queue,rho,,,0.042016806723
Phase2_D20-48-20260929-10:49:47-80,scalar,DectScheduledAccessNetwork.queue,rho_sat,,,0.04201680675489
Phase2_D20-48-20260929-10:49:47-80,scalar,DectScheduledAccessNetwork.queue,blocking_probability,,,0.024223647939892
Phase2_D20-48-20260929-10:49:47-80,scalar,DectScheduledAccessNetwork.queue,mean_type1_number,,,9.8038745787701
Phase2_D20-48-20260929-10:49:47-80,scalar,DectScheduledAccessNetwork.queue,mean_delay_direct_ms,,,99.726074651133
Phase2_D20-48-20260929-10:49:47-80,scalar,DectScheduledAccessNetwork.queue,effective_throughput_departures_per_ms,,,0.098306526508861
Phase2_D20-48-20260929-10:49:47-80,scalar,DectScheduledAccessNetwork.queue,mean_delay_little_ms,,,99.727606364837
Phase2_D20-48-20260929-10:49:47-80,scalar,DectScheduledAccessNetwork.queue,little_vs_direct_relative_error,,,1.5359209810661e-05
Phase2_D20-49-20260929-10:49:47-80,scalar,DectScheduledAccessNetwork.queue,D,,,20
Phase2_D20-49-20260929-10:49:47-80,scalar,DectScheduledAccessNetwork.queue,r,,,20
Phase2_D20-49-20260929-10:49:47-80,scalar,DectScheduledAccessNetwork.queue,L_effective,,,1
Phase2_D20-49-20260929-10:49:47-80,scalar,DectScheduledAccessNetwork.queue,rho,,,0.042016806723
Phase2_D20-49-20260929-10:49:47-80,scalar,DectScheduledAccessNetwork.queue,rho_sat,,,0.04201680675489
Phase2_D20-49-20260929-10:49:47-80,scalar,DectScheduledAccessNetwork.queue,blocking_probability,,,0.024356620337217
Phase2_D20-49-20260929-10:49:47-80,scalar,DectScheduledAccessNetwork.queue,mean_type1_number,,,9.8676178028198
Phase2_D20-49-20260929-10:49:47-80,scalar,DectScheduledAccessNetwork.queue,mean_delay_direct_ms,,,100.35414120377
Phase2_D20-49-20260929-10:49:47-80,scalar,DectScheduledAccessNetwork.queue,effective_throughput_departures_per_ms,,,0.098325453096966
Phase2_D20-49-20260929-10:49:47-80,scalar,DectScheduledAccessNetwork.queue,mean_delay_little_ms,,,100.35669800666
Phase2_D20-49-20260929-10:49:47-80,scalar,DectScheduledAccessNetwork.queue,little_vs_direct_relative_error,,,2.5477801489648e-05
Phase2_D20-50-20260929-10:49:47-80,scalar,DectScheduledAccessNetwork.queue,D,,,20
Phase2_D20-50-20260929-10:49:47-80,scalar,DectScheduledAccessNetwork.queue,r,,,20
Phase2_D20-50-20260929-10:49:47-80,scalar,DectScheduledAccessNetwork.queue,L_effective,,,1
Phase2_D20-50-20260929-10:49:47-80,scalar,DectScheduledAccessNetwork.queue,rho,,,0.063025210084
Phase2_D20-50-20260929-10:49:47-80,scalar,DectScheduledAccessNetwork.queue,rho_sat,,,0.04201680675489
Phase2_D20-50-20260929-10:49:47-80,scalar,DectScheduledAccessNetwork.queue,blocking_probability,,,0.33265287464323
Phase2_D20-50-20260929-10:49:47-80,scalar,DectScheduledAccessNetwork.queue,mean_type1_number,,,18.890912279787
Phase2_D20-50-20260929-10:49:47-80,scalar,DectScheduledAccessNetwork.queue,mean_delay_direct_ms,,,187.3477878733
Phase2_D20-50-20260929-10:49:47-80,scalar,DectScheduledAccessNetwork.queue,effective_throughput_departures_per_ms,,,0.10083154862675
Phase2_D20-50-20260929-10:49:47-80,scalar,DectScheduledAccessNetwork.queue,mean_delay_little_ms,,,187.35120641374
Phase2_D20-50-20260929-10:49:47-80,scalar,DectScheduledAccessNetwork.queue,little_vs_direct_relative_error,,,1.8247028592988e-05
Phase2_D20-51-20260929-10:49:48-80,scalar,DectScheduledAccessNetwork.queue,D,,,20
Phase2_D20-51-20260929-10:49:48-80,scalar,DectScheduledAccessNetwork.queue,r,,,20
Phase2_D20-51-20260929-10:49:48-80,scalar,DectScheduledAccessNetwork.queue,L_effective,,,1
Phase2_D20-51-20260929-10:49:48-80,scalar,DectScheduledAccessNetwork.queue,rho,,,0.063025210084
Phase2_D20-51-20260929-10:49:48-80,scalar,DectScheduledAccessNetwork.queue,rho_sat,,,0.04201680675489
Phase2_D20-51-20260929-10:49:48-80,scalar,DectScheduledAccessNetwork.queue,blocking_probability,,,0.3330258640986
Phase2_D20-51-20260929-10:49:48-80,scalar,DectScheduledAccessNetwork.queue,mean_type1_number,,,18.891727137272
Phase2_D20-51-20260929-10:49:48-80,scalar,DectScheduledAccessNetwork.queue,mean_delay_direct_ms,,,187.35173343998
Phase2_D20-51-20260929-10:49:48-80,scalar,DectScheduledAccessNetwork.queue,effective_throughput_departures_per_ms,,,0.10083365263238
Phase2_D20-51-20260929-10:49:48-80,scalar,DectScheduledAccessNetwork.queue,mean_delay_little_ms,,,187.35537832936
Phase2_D20-51-20260929-10:49:48-80,scalar,DectScheduledAccessNetwork.queue,little_vs_direct_relative_error,,,1.94547939949e-05
Phase2_D20-52-20260929-10:49:48-80,scalar,DectScheduledAccessNetwork.queue,D,,,20
Phase2_D20-52-20260929-10:49:48-80,scalar,DectScheduledAccessNetwork.queue,r,,,20
Phase2_D20-52-20260929-10:49:48-80,scalar,DectScheduledAccessNetwork.queue,L_effective,,,1
Phase2_D20-52-20260929-10:49:48-80,scalar,DectScheduledAccessNetwork.queue,rho,,,0.063025210084
Phase2_D20-52-20260929-10:49:48-80,scalar,DectScheduledAccessNetwork.queue,rho_sat,,,0.04201680675489
Phase2_D20-52-20260929-10:49:48-80,scalar,DectScheduledAccessNetwork.queue,blocking_probability,,,0.33383561224068
Phase2_D20-52-20260929-10:49:48-80,scalar,DectScheduledAccessNetwork.queue,mean_type1_number,,,18.89943116722
Phase2_D20-52-20260929-10:49:48-80,scalar,DectScheduledAccessNetwork.queue,mean_delay_direct_ms,,,187.41843155357
Phase2_D20-52-20260929-10:49:48-80,scalar,DectScheduledAccessNetwork.queue,effective_throughput_departures_per_ms,,,0.1008388835928
Phase2_D20-52-20260929-10:49:48-80,scalar,DectScheduledAccessNetwork.queue,mean_delay_little_ms,,,187.42205877188
Phase2_D20-52-20260929-10:49:48-80,scalar,DectScheduledAccessNetwork.queue,little_vs_direct_relative_error,,,1.9353583741388e-05
Phase2_D20-53-20260929-10:49:48-80,scalar,DectScheduledAccessNetwork.queue,D,,,20
Phase2_D20-53-20260929-10:49:48-80,scalar,DectScheduledAccessNetwork.queue,r,,,20
Phase2_D20-53-20260929-10:49:48-80,scalar,DectScheduledAccessNetwork.queue,L_effective,,,1
Phase2_D20-53-20260929-10:49:48-80,scalar,DectScheduledAccessNetwork.queue,rho,,,0.063025210084
Phase2_D20-53-20260929-10:49:48-80,scalar,DectScheduledAccessNetwork.queue,rho_sat,,,0.04201680675489
Phase2_D20-53-20260929-10:49:48-80,scalar,DectScheduledAccessNetwork.queue,blocking_probability,,,0.33304699390284
Phase2_D20-53-20260929-10:49:48-80,scalar,DectScheduledAccessNetwork.queue,mean_type1_number,,,18.898245162233
Phase2_D20-53-20260929-10:49:48-80,scalar,DectScheduledAccessNetwork.queue,mean_delay_direct_ms,,,187.42082080068
Phase2_D20-53-20260929-10:49:48-80,scalar,DectScheduledAccessNetwork.queue,effective_throughput_departures_per_ms,,,0.10083141945477
Phase2_D20-53-20260929-10:49:48-80,scalar,DectScheduledAccessNetwork.queue,mean_delay_little_ms,,,187.42417060498
Phase2_D20-53-20260929-10:49:48-80,scalar,DectScheduledAccessNetwork.queue,little_vs_direct_relative_error,,,1.7873170571558e-05
Phase2_D20-54-20260929-10:49:49-80,scalar,DectScheduledAccessNetwork.queue,D,,,20
Phase2_D20-54-20260929-10:49:49-80,scalar,DectScheduledAccessNetwork.queue,r,,,20
Phase2_D20-54-20260929-10:49:49-80,scalar,DectScheduledAccessNetwork.queue,L_effective,,,1
Phase2_D20-54-20260929-10:49:49-80,scalar,DectScheduledAccessNetwork.queue,rho,,,0.063025210084
Phase2_D20-54-20260929-10:49:49-80,scalar,DectScheduledAccessNetwork.queue,rho_sat,,,0.04201680675489
Phase2_D20-54-20260929-10:49:49-80,scalar,DectScheduledAccessNetwork.queue,blocking_probability,,,0.33271521694017
Phase2_D20-54-20260929-10:49:49-80,scalar,DectScheduledAccessNetwork.queue,mean_type1_number,,,18.89399409691
Phase2_D20-54-20260929-10:49:49-80,scalar,DectScheduledAccessNetwork.queue,mean_delay_direct_ms,,,187.36734016796
Phase2_D20-54-20260929-10:49:49-80,scalar,DectScheduledAccessNetwork.queue,effective_throughput_departures_per_ms,,,0.10083745157888
Phase2_D20-54-20260929-10:49:49-80,scalar,DectScheduledAccessNetwork.queue,mean_delay_little_ms,,,187.37080123579
Phase2_D20-54-20260929-10:49:49-80,scalar,DectScheduledAccessNetwork.queue,little_vs_direct_relative_error,,,1.8472097795152e-05
Phase2_D20-55-20260929-10:49:49-80,scalar,DectScheduledAccessNetwork.queue,D,,,20
Phase2_D20-55-20260929-10:49:49-80,scalar,DectScheduledAccessNetwork.queue,r,,,20
Phase2_D20-55-20260929-10:49:49-80,scalar,DectScheduledAccessNetwork.queue,L_effective,,,1
Phase2_D20-55-20260929-10:49:49-80,scalar,DectScheduledAccessNetwork.queue,rho,,,0.063025210084
Phase2_D20-55-20260929-10:49:49-80,scalar,DectScheduledAccessNetwork.queue,rho_sat,,,0.04201680675489
Phase2_D20-55-20260929-10:49:49-80,scalar,DectScheduledAccessNetwork.queue,blocking_probability,,,0.33302986768898
Phase2_D20-55-20260929-10:49:49-80,scalar,DectScheduledAccessNetwork.queue,mean_type1_number,,,18.893947034812
Phase2_D20-55-20260929-10:49:49-80,scalar,DectScheduledAccessNetwork.queue,mean_delay_direct_ms,,,187.37466103311
Phase2_D20-55-20260929-10:49:49-80,scalar,DectScheduledAccessNetwork.queue,effective_throughput_departures_per_ms,,,0.10083314650859
Phase2_D20-55-20260929-10:49:49-80,scalar,DectScheduledAccessNetwork.queue,mean_delay_little_ms,,,187.37833429807
Phase2_D20-55-20260929-10:49:49-80,scalar,DectScheduledAccessNetwork.queue,little_vs_direct_relative_error,,,1.9603851109107e-05
Phase2_D20-56-20260929-10:49:49-80,scalar,DectScheduledAccessNetwork.queue,D,,,20
Phase2_D20-56-20260929-10:49:49-80,scalar,DectScheduledAccessNetwork.queue,r,,,20
Phase2_D20-56-20260929-10:49:49-80,scalar,DectScheduledAccessNetwork.queue,L_effective,,,1
Phase2_D20-56-20260929-10:49:49-80,scalar,DectScheduledAccessNetwork.queue,rho,,,0.063025210084
Phase2_D20-56-20260929-10:49:49-80,scalar,DectScheduledAccessNetwork.queue,rho_sat,,,0.04201680675489
Phase2_D20-56-20260929-10:49:49-80,scalar,DectScheduledAccessNetwork.queue,blocking_probability,,,0.3332993322453
Phase2_D20-56-20260929-10:49:49-80,scalar,DectScheduledAccessNetwork.queue,mean_type1_number,,,18.900226698559
Phase2_D20-56-20260929-10:49:49-80,scalar,DectScheduledAccessNetwork.queue,mean_delay_direct_ms,,,187.43750270305
Phase2_D20-56-20260929-10:49:49-80,scalar,DectScheduledAccessNetwork.queue,effective_throughput_departures_per_ms,,,0.10083286728876
Phase2_D20-56-20260929-10:49:49-80,scalar,DectScheduledAccessNetwork.queue,mean_delay_little_ms,,,187.44113111882
Phase2_D20-56-20260929-10:49:49-80,scalar,DectScheduledAccessNetwork.queue,little_vs_direct_relative_error,,,1.9358003189751e-05
Phase2_D20-57-20260929-10:49:50-80,scalar,DectScheduledAccessNetwork.queue,D,,,20
Phase2_D20-57-20260929-10:49:50-80,scalar,DectScheduledAccessNetwork.queue,r,,,20
Phase2_D20-57-20260929-10:49:50-80,scalar,DectScheduledAccessNetwork.queue,L_effective,,,1
Phase2_D20-57-20260929-10:49:50-80,scalar,DectScheduledAccessNetwork.queue,rho,,,0.063025210084
Phase2_D20-57-20260929-10:49:50-80,scalar,DectScheduledAccessNetwork.queue,rho_sat,,,0.04201680675489
Phase2_D20-57-20260929-10:49:50-80,scalar,DectScheduledAccessNetwork.queue,blocking_probability,,,0.33363030645094
Phase2_D20-57-20260929-10:49:50-80,scalar,DectScheduledAccessNetwork.queue,mean_type1_number,,,18.901875520492
Phase2_D20-57-20260929-10:49:50-80,scalar,DectScheduledAccessNetwork.queue,mean_delay_direct_ms,,,187.45378355751
Phase2_D20-57-20260929-10:49:50-80,scalar,DectScheduledAccessNetwork.queue,effective_throughput_departures_per_ms,,,0.10083306217017
Phase2_D20-57-20260929-10:49:50-80,scalar,DectScheduledAccessNetwork.queue,mean_delay_little_ms,,,187.45712084587
Phase2_D20-57-20260929-10:49:50-80,scalar,DectScheduledAccessNetwork.queue,little_vs_direct_relative_error,,,1.7803259544147e-05
Phase2_D20-58-20260929-10:49:50-80,scalar,DectScheduledAccessNetwork.queue,D,,,20
Phase2_D20-58-20260929-10:49:50-80,scalar,DectScheduledAccessNetwork.queue,r,,,20
Phase2_D20-58-20260929-10:49:50-80,scalar,DectScheduledAccessNetwork.queue,L_effective,,,1
Phase2_D20-58-20260929-10:49:50-80,scalar,DectScheduledAccessNetwork.queue,rho,,,0.063025210084
Phase2_D20-58-20260929-10:49:50-80,scalar,DectScheduledAccessNetwork.queue,rho_sat,,,0.04201680675489
Phase2_D20-58-20260929-10:49:50-80,scalar,DectScheduledAccessNetwork.queue,blocking_probability,,,0.33375106347966
Phase2_D20-58-20260929-10:49:50-80,scalar,DectScheduledAccessNetwork.queue,mean_type1_number,,,18.898829557486
Phase2_D20-58-20260929-10:49:50-80,scalar,DectScheduledAccessNetwork.queue,mean_delay_direct_ms,,,187.41289529201
Phase2_D20-58-20260929-10:49:50-80,scalar,DectScheduledAccessNetwork.queue,effective_throughput_departures_per_ms,,,0.10083859994443
Phase2_D20-58-20260929-10:49:50-80,scalar,DectScheduledAccessNetwork.queue,mean_delay_little_ms,,,187.41661990448
Phase2_D20-58-20260929-10:49:50-80,scalar,DectScheduledAccessNetwork.queue,little_vs_direct_relative_error,,,1.987383241997e-05
Phase2_D20-59-20260929-10:49:51-80,scalar,DectScheduledAccessNetwork.queue,D,,,20
Phase2_D20-59-20260929-10:49:51-80,scalar,DectScheduledAccessNetwork.queue,r,,,20
Phase2_D20-59-20260929-10:49:51-80,scalar,DectScheduledAccessNetwork.queue,L_effective,,,1
Phase2_D20-59-20260929-10:49:51-80,scalar,DectScheduledAccessNetwork.queue,rho,,,0.063025210084
Phase2_D20-59-20260929-10:49:51-80,scalar,DectScheduledAccessNetwork.queue,rho_sat,,,0.04201680675489
Phase2_D20-59-20260929-10:49:51-80,scalar,DectScheduledAccessNetwork.queue,blocking_probability,,,0.33303631751969
Phase2_D20-59-20260929-10:49:51-80,scalar,DectScheduledAccessNetwork.queue,mean_type1_number,,,18.892723754802
Phase2_D20-59-20260929-10:49:51-80,scalar,DectScheduledAccessNetwork.queue,mean_delay_direct_ms,,,187.3486092035
Phase2_D20-59-20260929-10:49:51-80,scalar,DectScheduledAccessNetwork.queue,effective_throughput_departures_per_ms,,,0.10084067178777
Phase2_D20-59-20260929-10:49:51-80,scalar,DectScheduledAccessNetwork.queue,mean_delay_little_ms,,,187.3522202883
Phase2_D20-59-20260929-10:49:51-80,scalar,DectScheduledAccessNetwork.queue,little_vs_direct_relative_error,,,1.9274681630987e-05
Phase2_D20-0-20260929-10:49:29-80,scalar,DectScheduledAccessNetwork.queue,D,,,20
Phase2_D20-0-20260929-10:49:29-80,scalar,DectScheduledAccessNetwork.queue,r,,,5
Phase2_D20-0-20260929-10:49:29-80,scalar,DectScheduledAccessNetwork.queue,L_effective,,,1
Phase2_D20-0-20260929-10:49:29-80,scalar,DectScheduledAccessNetwork.queue,rho,,,0.021008403361
Phase2_D20-0-20260929-10:49:29-80,scalar,DectScheduledAccessNetwork.queue,rho_sat,,,0.04201680675489
Phase2_D20-0-20260929-10:49:29-80,scalar,DectScheduledAccessNetwork.queue,blocking_probability,,,0.0011576582740604
Phase2_D20-0-20260929-10:49:29-80,scalar,DectScheduledAccessNetwork.queue,mean_type1_number,,,0.5028326553732
Phase2_D20-0-20260929-10:49:29-80,scalar,DectScheduledAccessNetwork.queue,mean_delay_direct_ms,,,9.9917965558611
Phase2_D20-0-20260929-10:49:29-80,scalar,DectScheduledAccessNetwork.queue,effective_throughput_departures_per_ms,,,0.050324500744299
Phase2_D20-0-20260929-10:49:29-80,scalar,DectScheduledAccessNetwork.queue,mean_delay_little_ms,,,9.9918061368976
Phase2_D20-0-20260929-10:49:29-80,scalar,DectScheduledAccessNetwork.queue,little_vs_direct_relative_error,,,9.5889026896501e-07
Phase2_D20-1-20260929-10:49:29-80,scalar,DectScheduledAccessNetwork.queue,D,,,20
Phase2_D20-1-20260929-10:49:29-80,scalar,DectScheduledAccessNetwork.queue,r,,,5
Phase2_D20-1-20260929-10:49:29-80,scalar,DectScheduledAccessNetwork.queue,L_effective,,,1
Phase2_D20-1-20260929-10:49:29-80,scalar,DectScheduledAccessNetwork.queue,rho,,,0.021008403361
Phase2_D20-1-20260929-10:49:29-80,scalar,DectScheduledAccessNetwork.queue,rho_sat,,,0.04201680675489
Phase2_D20-1-20260929-10:49:29-80,scalar,DectScheduledAccessNetwork.queue,blocking_probability,,,0.0012015545299005
Phase2_D20-1-20260929-10:49:29-80,scalar,DectScheduledAccessNetwork.queue,mean_type1_number,,,0.50553239427192
Phase2_D20-1-20260929-10:49:29-80,scalar,DectScheduledAccessNetwork.queue,mean_delay_direct_ms,,,10.034856596596
Phase2_D20-1-20260929-10:49:29-80,scalar,DectScheduledAccessNetwork.queue,effective_throughput_departures_per_ms,,,0.050377640119183
Phase2_D20-1-20260929-10:49:29-80,scalar,DectScheduledAccessNetwork.queue,mean_delay_little_ms,,,10.034856596616
Phase2_D20-1-20260929-10:49:29-80,scalar,DectScheduledAccessNetwork.queue,little_vs_direct_relative_error,,,1.9793056083017e-12
Phase2_D20-2-20260929-10:49:30-80,scalar,DectScheduledAccessNetwork.queue,D,,,20
Phase2_D20-2-20260929-10:49:30-80,scalar,DectScheduledAccessNetwork.queue,r,,,5
Phase2_D20-2-20260929-10:49:30-80,scalar,DectScheduledAccessNetwork.queue,L_effective,,,1
Phase2_D20-2-20260929-10:49:30-80,scalar,DectScheduledAccessNetwork.queue,rho,,,0.021008403361
Phase2_D20-2-20260929-10:49:30-80,scalar,DectScheduledAccessNetwork.queue,rho_sat,,,0.04201680675489
Phase2_D20-2-20260929-10:49:30-80,scalar,DectScheduledAccessNetwork.queue,blocking_probability,,,0.0012883380439233
Phase2_D20-2-20260929-10:49:30-80,scalar,DectScheduledAccessNetwork.queue,mean_type1_number,,,0.50589270609034
Phase2_D20-2-20260929-10:49:30-80,scalar,DectScheduledAccessNetwork.queue,mean_delay_direct_ms,,,10.034980733664
Phase2_D20-2-20260929-10:49:30-80,scalar,DectScheduledAccessNetwork.queue,effective_throughput_departures_per_ms,,,0.050412872796234
Phase2_D20-2-20260929-10:49:30-80,scalar,DectScheduledAccessNetwork.queue,mean_delay_little_ms,,,10.034990628984
Phase2_D20-2-20260929-10:49:30-80,scalar,DectScheduledAccessNetwork.queue,little_vs_direct_relative_error,,,9.8608260423738e-07
Phase2_D20-3-20260929-10:49:30-80,scalar,DectScheduledAccessNetwork.queue,D,,,20
Phase2_D20-3-20260929-10:49:30-80,scalar,DectScheduledAccessNetwork.queue,r,,,5
Phase2_D20-3-20260929-10:49:30-80,scalar,DectScheduledAccessNetwork.queue,L_effective,,,1
Phase2_D20-3-20260929-10:49:30-80,scalar,DectScheduledAccessNetwork.queue,rho,,,0.021008403361
Phase2_D20-3-20260929-10:49:30-80,scalar,DectScheduledAccessNetwork.queue,rho_sat,,,0.04201680675489
Phase2_D20-3-20260929-10:49:30-80,scalar,DectScheduledAccessNetwork.queue,blocking_probability,,,0.0011337132354777
Phase2_D20-3-20260929-10:49:30-80,scalar,DectScheduledAccessNetwork.queue,mean_type1_number,,,0.5044679131883
Phase2_D20-3-20260929-10:49:30-80,scalar,DectScheduledAccessNetwork.queue,mean_delay_direct_ms,,,10.017364505025
Phase2_D20-3-20260929-10:49:30-80,scalar,DectScheduledAccessNetwork.queue,effective_throughput_departures_per_ms,,,0.050359344809132
Phase2_D20-3-20260929-10:49:30-80,scalar,DectScheduledAccessNetwork.queue,mean_delay_little_ms,,,10.017364505045
Phase2_D20-3-20260929-10:49:30-80,scalar,DectScheduledAccessNetwork.queue,little_vs_direct_relative_error,,,1.9333423750822e-12
Phase2_D20-4-20260929-10:49:31-80,scalar,DectScheduledAccessNetwork.queue,D,,,20
Phase2_D20-4-20260929-10:49:31-80,scalar,DectScheduledAccessNetwork.queue,r,,,5
Phase2_D20-4-20260929-10:49:31-80,scalar,DectScheduledAccessNetwork.queue,L_effective,,,1
Phase2_D20-4-20260929-10:49:31-80,scalar,DectScheduledAccessNetwork.queue,rho,,,0.021008403361
Phase2_D20-4-20260929-10:49:31-80,scalar,DectScheduledAccessNetwork.queue,rho_sat,,,0.04201680675489
Phase2_D20-4-20260929-10:49:31-80,scalar,DectScheduledAccessNetwork.queue,blocking_probability,,,0.0011945700995908
Phase2_D20-4-20260929-10:49:31-80,scalar,DectScheduledAccessNetwork.queue,mean_type1_number,,,0.50417936566054
Phase2_D20-4-20260929-10:49:31-80,scalar,DectScheduledAccessNetwork.queue,mean_delay_direct_ms,,,10.024348461428
Phase2_D20-4-20260929-10:49:31-80,scalar,DectScheduledAccessNetwork.queue,effective_throughput_departures_per_ms,,,0.05029546363678
Phase2_D20-4-20260929-10:49:31-80,scalar,DectScheduledAccessNetwork.queue,mean_delay_little_ms,,,10.024350690981
Phase2_D20-4-20260929-10:49:31-80,scalar,DectScheduledAccessNetwork.queue,little_vs_direct_relative_error,,,2.2241372166221e-07
Phase2_D20-5-20260929-10:49:31-80,scalar,DectScheduledAccessNetwork.queue,D,,,20
Phase2_D20-5-20260929-10:49:31-80,scalar,DectScheduledAccessNetwork.queue,r,,,5
Phase2_D20-5-20260929-10:49:31-80,scalar,DectScheduledAccessNetwork.queue,L_effective,,,1
Phase2_D20-5-20260929-10:49:31-80,scalar,DectScheduledAccessNetwork.queue,rho,,,0.021008403361
Phase2_D20-5-20260929-10:49:31-80,scalar,DectScheduledAccessNetwork.queue,rho_sat,,,0.04201680675489
Phase2_D20-5-20260929-10:49:31-80,scalar,DectScheduledAccessNetwork.queue,blocking_probability,,,0.0012145219268151
Phase2_D20-5-20260929-10:49:31-80,scalar,DectScheduledAccessNetwork.queue,mean_type1_number,,,0.50234625311027
Phase2_D20-5-20260929-10:49:31-80,scalar,DectScheduledAccessNetwork.queue,mean_delay_direct_ms,,,9.9885598768096
Phase2_D20-5-20260929-10:49:31-80,scalar,DectScheduledAccessNetwork.queue,effective_throughput_departures_per_ms,,,0.050292138735085
Phase2_D20-5-20260929-10:49:31-80,scalar,DectScheduledAccessNetwork.queue,mean_delay_little_ms,,,9.9885641323864
Phase2_D20-5-20260929-10:49:31-80,scalar,DectScheduledAccessNetwork.queue,little_vs_direct_relative_error,,,4.26045079438e-07
Phase2_D20-6-20260929-10:49:31-80,scalar,DectScheduledAccessNetwork.queue,D,,,20
Phase2_D20-6-20260929-10:49:31-80,scalar,DectScheduledAccessNetwork.queue,r,,,5
Phase2_D20-6-20260929-10:49:31-80,scalar,DectScheduledAccessNetwork.queue,L_effective,,,1
Phase2_D20-6-20260929-10:49:31-80,scalar,DectScheduledAccessNetwork.queue,rho,,,0.021008403361
Phase2_D20-6-20260929-10:49:31-80,scalar,DectScheduledAccessNetwork.queue,rho_sat,,,0.04201680675489
Phase2_D20-6-20260929-10:49:31-80,scalar,DectScheduledAccessNetwork.queue,blocking_probability,,,0.0011227369209639
Phase2_D20-6-20260929-10:49:31-80,scalar,DectScheduledAccessNetwork.queue,mean_type1_number,,,0.50400839925731
Phase2_D20-6-20260929-10:49:31-80,scalar,DectScheduledAccessNetwork.queue,mean_delay_direct_ms,,,10.009035285495
Phase2_D20-6-20260929-10:49:31-80,scalar,DectScheduledAccessNetwork.queue,effective_throughput_departures_per_ms,,,0.050355328870651
Phase2_D20-6-20260929-10:49:31-80,scalar,DectScheduledAccessNetwork.queue,mean_delay_little_ms,,,10.009037981898
Phase2_D20-6-20260929-10:49:31-80,scalar,DectScheduledAccessNetwork.queue,little_vs_direct_relative_error,,,2.6939687769456e-07
Phase2_D20-7-20260929-10:49:32-80,scalar,DectScheduledAccessNetwork.queue,D,,,20
Phase2_D20-7-20260929-10:49:32-80,scalar,DectScheduledAccessNetwork.queue,r,,,5
Phase2_D20-7-20260929-10:49:32-80,scalar,DectScheduledAccessNetwork.queue,L_effective,,,1
Phase2_D20-7-20260929-10:49:32-80,scalar,DectScheduledAccessNetwork.queue,rho,,,0.021008403361
Phase2_D20-7-20260929-10:49:32-80,scalar,DectScheduledAccessNetwork.queue,rho_sat,,,0.04201680675489
Phase2_D20-7-20260929-10:49:32-80,scalar,DectScheduledAccessNetwork.queue,blocking_probability,,,0.0012035497225843
Phase2_D20-7-20260929-10:49:32-80,scalar,DectScheduledAccessNetwork.queue,mean_type1_number,,,0.50515363181642
Phase2_D20-7-20260929-10:49:32-80,scalar,DectScheduledAccessNetwork.queue,mean_delay_direct_ms,,,10.018875698932
Phase2_D20-7-20260929-10:49:32-80,scalar,DectScheduledAccessNetwork.queue,effective_throughput_departures_per_ms,,,0.050420141536649
Phase2_D20-7-20260929-10:49:32-80,scalar,DectScheduledAccessNetwork.queue,mean_delay_little_ms,,,10.018885636194
Phase2_D20-7-20260929-10:49:32-80,scalar,DectScheduledAccessNetwork.queue,little_vs_direct_relative_error,,,9.9185408442004e-07
Phase2_D20-8-20260929-10:49:32-80,scalar,DectScheduledAccessNetwork.queue,D,,,20
Phase2_D20-8-20260929-10:49:32-80,scalar,DectScheduledAccessNetwork.queue,r,,,5
Phase2_D20-8-20260929-10:49:32-80,scalar,DectScheduledAccessNetwork.queue,L_effective,,,1
Phase2_D20-8-20260929-10:49:32-80,scalar,DectScheduledAccessNetwork.queue,rho,,,0.021008403361
Phase2_D20-8-20260929-10:49:32-80,scalar,DectScheduledAccessNetwork.queue,rho_sat,,,0.04201680675489
Phase2_D20-8-20260929-10:49:32-80,scalar,DectScheduledAccessNetwork.queue,blocking_probability,,,0.0011875867717416
Phase2_D20-8-20260929-10:49:32-80,scalar,DectScheduledAccessNetwork.queue,mean_type1_number,,,0.5036231315948
Phase2_D20-8-20260929-10:49:32-80,scalar,DectScheduledAccessNetwork.queue,mean_delay_direct_ms,,,10.007312424551
Phase2_D20-8-20260929-10:49:32-80,scalar,DectScheduledAccessNetwork.queue,effective_throughput_departures_per_ms,,,0.050325497271664
Phase2_D20-8-20260929-10:49:32-80,scalar,DectScheduledAccessNetwork.queue,mean_delay_little_ms,,,10.007315553708
Phase2_D20-8-20260929-10:49:32-80,scalar,DectScheduledAccessNetwork.queue,little_vs_direct_relative_error,,,3.1268705646958e-07
Phase2_D20-9-20260929-10:49:33-80,scalar,DectScheduledAccessNetwork.queue,D,,,20
Phase2_D20-9-20260929-10:49:33-80,scalar,DectScheduledAccessNetwork.queue,r,,,5
Phase2_D20-9-20260929-10:49:33-80,scalar,DectScheduledAccessNetwork.queue,L_effective,,,1
Phase2_D20-9-20260929-10:49:33-80,scalar,DectScheduledAccessNetwork.queue,rho,,,0.021008403361
Phase2_D20-9-20260929-10:49:33-80,scalar,DectScheduledAccessNetwork.queue,rho_sat,,,0.04201680675489
Phase2_D20-9-20260929-10:49:33-80,scalar,DectScheduledAccessNetwork.queue,blocking_probability,,,0.001236468016128
Phase2_D20-9-20260929-10:49:33-80,scalar,DectScheduledAccessNetwork.queue,mean_type1_number,,,0.50321911622185
Phase2_D20-9-20260929-10:49:33-80,scalar,DectScheduledAccessNetwork.queue,mean_delay_direct_ms,,,10.006096803227
Phase2_D20-9-20260929-10:49:33-80,scalar,DectScheduledAccessNetwork.queue,effective_throughput_departures_per_ms,,,0.050291168680019
Phase2_D20-9-20260929-10:49:33-80,scalar,DectScheduledAccessNetwork.queue,mean_delay_little_ms,,,10.006112990207
Phase2_D20-9-20260929-10:49:33-80,scalar,DectScheduledAccessNetwork.queue,little_vs_direct_relative_error,,,1.6177117829752e-06
Phase2_D20-10-20260929-10:49:33-80,scalar,DectScheduledAccessNetwork.queue,D,,,20
Phase2_D20-10-20260929-10:49:33-80,scalar,DectScheduledAccessNetwork.queue,r,,,5
Phase2_D20-10-20260929-10:49:33-80,scalar,DectScheduledAccessNetwork.queue,L_effective,,,1
Phase2_D20-10-20260929-10:49:33-80,scalar,DectScheduledAccessNetwork.queue,rho,,,0.042016806723
Phase2_D20-10-20260929-10:49:33-80,scalar,DectScheduledAccessNetwork.queue,rho_sat,,,0.04201680675489
Phase2_D20-10-20260929-10:49:33-80,scalar,DectScheduledAccessNetwork.queue,blocking_probability,,,0.09272906911653
Phase2_D20-10-20260929-10:49:33-80,scalar,DectScheduledAccessNetwork.queue,mean_type1_number,,,2.3639975806008
Phase2_D20-10-20260929-10:49:33-80,scalar,DectScheduledAccessNetwork.queue,mean_delay_direct_ms,,,25.863283284509
Phase2_D20-10-20260929-10:49:33-80,scalar,DectScheduledAccessNetwork.queue,effective_throughput_departures_per_ms,,,0.091403108178986
Phase2_D20-10-20260929-10:49:33-80,scalar,DectScheduledAccessNetwork.queue,mean_delay_little_ms,,,25.863426613148
Phase2_D20-10-20260929-10:49:33-80,scalar,DectScheduledAccessNetwork.queue,little_vs_direct_relative_error,,,5.5417804916136e-06
Phase2_D20-11-20260929-10:49:33-80,scalar,DectScheduledAccessNetwork.queue,D,,,20
Phase2_D20-11-20260929-10:49:33-80,scalar,DectScheduledAccessNetwork.queue,r,,,5
Phase2_D20-11-20260929-10:49:33-80,scalar,DectScheduledAccessNetwork.queue,L_effective,,,1
Phase2_D20-11-20260929-10:49:33-80,scalar,DectScheduledAccessNetwork.queue,rho,,,0.042016806723
Phase2_D20-11-20260929-10:49:33-80,scalar,DectScheduledAccessNetwork.queue,rho_sat,,,0.04201680675489
Phase2_D20-11-20260929-10:49:33-80,scalar,DectScheduledAccessNetwork.queue,blocking_probability,,,0.093267419919645
Phase2_D20-11-20260929-10:49:33-80,scalar,DectScheduledAccessNetwork.queue,mean_type1_number,,,2.3637973901116
Phase2_D20-11-20260929-10:49:33-80,scalar,DectScheduledAccessNetwork.queue,mean_delay_direct_ms,,,25.870838979773
Phase2_D20-11-20260929-10:49:33-80,scalar,DectScheduledAccessNetwork.queue,effective_throughput_departures_per_ms,,,0.09136882278829
Phase2_D20-11-20260929-10:49:33-80,scalar,DectScheduledAccessNetwork.queue,mean_delay_little_ms,,,25.870940633533
Phase2_D20-11-20260929-10:49:33-80,scalar,DectScheduledAccessNetwork.queue,little_vs_direct_relative_error,,,3.9292796181201e-06
Phase2_D20-12-20260929-10:49:34-80,scalar,DectScheduledAccessNetwork.queue,D,,,20
Phase2_D20-12-20260929-10:49:34-80,scalar,DectScheduledAccessNetwork.queue,r,,,5
Phase2_D20-12-20260929-10:49:34-80,scalar,DectScheduledAccessNetwork.queue,L_effective,,,1
Phase2_D20-12-20260929-10:49:34-80,scalar,DectScheduledAccessNetwork.queue,rho,,,0.042016806723
Phase2_D20-12-20260929-10:49:34-80,scalar,DectScheduledAccessNetwork.queue,rho_sat,,,0.04201680675489
Phase2_D20-12-20260929-10:49:34-80,scalar,DectScheduledAccessNetwork.queue,blocking_probability,,,0.093318052781372
Phase2_D20-12-20260929-10:49:34-80,scalar,DectScheduledAccessNetwork.queue,mean_type1_number,,,2.3676228709966
Phase2_D20-12-20260929-10:49:34-80,scalar,DectScheduledAccessNetwork.queue,mean_delay_direct_ms,,,25.885720446512
Phase2_D20-12-20260929-10:49:34-80,scalar,DectScheduledAccessNetwork.queue,effective_throughput_departures_per_ms,,,0.091464018968265
Phase2_D20-12-20260929-10:49:34-80,scalar,DectScheduledAccessNetwork.queue,mean_delay_little_ms,,,25.88583901849
Phase2_D20-12-20260929-10:49:34-80,scalar,DectScheduledAccessNetwork.queue,little_vs_direct_relative_error,,,4.5805940738219e-06
Phase2_D20-13-20260929-10:49:34-80,scalar,DectScheduledAccessNetwork.queue,D,,,20
Phase2_D20-13-20260929-10:49:34-80,scalar,DectScheduledAccessNetwork.queue,r,,,5
Phase2_D20-13-20260929-10:49:34-80,scalar,DectScheduledAccessNetwork.queue,L_effective,,,1
Phase2_D20-13-20260929-10:49:34-80,scalar,DectScheduledAccessNetwork.queue,rho,,,0.042016806723
Phase2_D20-13-20260929-10:49:34-80,scalar,DectScheduledAccessNetwork.queue,rho_sat,,,0.04201680675489
Phase2_D20-13-20260929-10:49:34-80,scalar,DectScheduledAccessNetwork.queue,blocking_probability,,,0.092690632312339
Phase2_D20-13-20260929-10:49:34-80,scalar,DectScheduledAccessNetwork.queue,mean_type1_number,,,2.3644059658672
Phase2_D20-13-20260929-10:49:34-80,scalar,DectScheduledAccessNetwork.queue,mean_delay_direct_ms,,,25.882567158737
Phase2_D20-13-20260929-10:49:34-80,scalar,DectScheduledAccessNetwork.queue,effective_throughput_departures_per_ms,,,0.091351140847098
Phase2_D20-13-20260929-10:49:34-80,scalar,DectScheduledAccessNetwork.queue,mean_delay_little_ms,,,25.882610156174
Phase2_D20-13-20260929-10:49:34-80,scalar,DectScheduledAccessNetwork.queue,little_vs_direct_relative_error,,,1.6612508699776e-06
Phase2_D20-14-20260929-10:49:34-80,scalar,DectScheduledAccessNetwork.queue,D,,,20
Phase2_D20-14-20260929-10:49:34-80,scalar,DectScheduledAccessNetwork.queue,r,,,5
Phase2_D20-14-20260929-10:49:34-80,scalar,DectScheduledAccessNetwork.queue,L_effective,,,1
Phase2_D20-14-20260929-10:49:34-80,scalar,DectScheduledAccessNetwork.queue,rho,,,0.042016806723
Phase2_D20-14-20260929-10:49:34-80,scalar,DectScheduledAccessNetwork.queue,rho_sat,,,0.04201680675489
Phase2_D20-14-20260929-10:49:34-80,scalar,DectScheduledAccessNetwork.queue,blocking_probability,,,0.092976280422709
Phase2_D20-14-20260929-10:49:34-80,scalar,DectScheduledAccessNetwork.queue,mean_type1_number,,,2.3580783024636
Phase2_D20-14-20260929-10:49:34-80,scalar,DectScheduledAccessNetwork.queue,mean_delay_direct_ms,,,25.834951940606
Phase2_D20-14-20260929-10:49:34-80,scalar,DectScheduledAccessNetwork.queue,effective_throughput_departures_per_ms,,,0.091274697277876
Phase2_D20-14-20260929-10:49:34-80,scalar,DectScheduledAccessNetwork.queue,mean_delay_little_ms,,,25.834961635475
Phase2_D20-14-20260929-10:49:34-80,scalar,DectScheduledAccessNetwork.queue,little_vs_direct_relative_error,,,3.752617596664e-07
Phase2_D20-15-20260929-10:49:35-80,scalar,DectScheduledAccessNetwork.queue,D,,,20
Phase2_D20-15-20260929-10:49:35-80,scalar,DectScheduledAccessNetwork.queue,r,,,5
Phase2_D20-15-20260929-10:49:35-80,scalar,DectScheduledAccessNetwork.queue,L_effective,,,1
Phase2_D20-15-20260929-10:49:35-80,scalar,DectScheduledAccessNetwork.queue,rho,,,0.042016806723
Phase2_D20-15-20260929-10:49:35-80,scalar,DectScheduledAccessNetwork.queue,rho_sat,,,0.04201680675489
Phase2_D20-15-20260929-10:49:35-80,scalar,DectScheduledAccessNetwork.queue,blocking_probability,,,0.092613159986498
Phase2_D20-15-20260929-10:49:35-80,scalar,DectScheduledAccessNetwork.queue,mean_type1_number,,,2.3591488635246
Phase2_D20-15-20260929-10:49:35-80,scalar,DectScheduledAccessNetwork.queue,mean_delay_direct_ms,,,25.819783234925
Phase2_D20-15-20260929-10:49:35-80,scalar,DectScheduledAccessNetwork.queue,effective_throughput_departures_per_ms,,,0.091369567200247
Phase2_D20-15-20260929-10:49:35-80,scalar,DectScheduledAccessNetwork.queue,mean_delay_little_ms,,,25.81985376328
Phase2_D20-15-20260929-10:49:35-80,scalar,DectScheduledAccessNetwork.queue,little_vs_direct_relative_error,,,2.7315626311974e-06
Phase2_D20-16-20260929-10:49:35-80,scalar,DectScheduledAccessNetwork.queue,D,,,20
Phase2_D20-16-20260929-10:49:35-80,scalar,DectScheduledAccessNetwork.queue,r,,,5
Phase2_D20-16-20260929-10:49:35-80,scalar,DectScheduledAccessNetwork.queue,L_effective,,,1
Phase2_D20-16-20260929-10:49:35-80,scalar,DectScheduledAccessNetwork.queue,rho,,,0.042016806723
Phase2_D20-16-20260929-10:49:35-80,scalar,DectScheduledAccessNetwork.queue,rho_sat,,,0.04201680675489
Phase2_D20-16-20260929-10:49:35-80,scalar,DectScheduledAccessNetwork.queue,blocking_probability,,,0.093136508074696
Phase2_D20-16-20260929-10:49:35-80,scalar,DectScheduledAccessNetwork.queue,mean_type1_number,,,2.3646847214604
Phase2_D20-16-20260929-10:49:35-80,scalar,DectScheduledAccessNetwork.queue,mean_delay_direct_ms,,,25.875725123046
Phase2_D20-16-20260929-10:49:35-80,scalar,DectScheduledAccessNetwork.queue,effective_throughput_departures_per_ms,,,0.091385981108051
Phase2_D20-16-20260929-10:49:35-80,scalar,DectScheduledAccessNetwork.queue,mean_delay_little_ms,,,25.875792903777
Phase2_D20-16-20260929-10:49:35-80,scalar,DectScheduledAccessNetwork.queue,little_vs_direct_relative_error,,,2.6194717466232e-06
Phase2_D20-17-20260929-10:49:35-80,scalar,DectScheduledAccessNetwork.queue,D,,,20
Phase2_D20-17-20260929-10:49:35-80,scalar,DectScheduledAccessNetwork.queue,r,,,5
Phase2_D20-17-20260929-10:49:35-80,scalar,DectScheduledAccessNetwork.queue,L_effective,,,1
Phase2_D20-17-20260929-10:49:35-80,scalar,DectScheduledAccessNetwork.queue,rho,,,0.042016806723
Phase2_D20-17-20260929-10:49:35-80,scalar,DectScheduledAccessNetwork.queue,rho_sat,,,0.04201680675489
Phase2_D20-17-20260929-10:49:35-80,scalar,DectScheduledAccessNetwork.queue,blocking_probability,,,0.093117676932564
Phase2_D20-17-20260929-10:49:35-80,scalar,DectScheduledAccessNetwork.queue,mean_type1_number,,,2.3652184547606
Phase2_D20-17-20260929-10:49:35-80,scalar,DectScheduledAccessNetwork.queue,mean_delay_direct_ms,,,25.883108252027
Phase2_D20-17-20260929-10:49:35-80,scalar,DectScheduledAccessNetwork.queue,effective_throughput_departures_per_ms,,,0.091380635409285
Phase2_D20-17-20260929-10:49:35-80,scalar,DectScheduledAccessNetwork.queue,mean_delay_little_ms,,,25.88314738858
Phase2_D20-17-20260929-10:49:35-80,scalar,DectScheduledAccessNetwork.queue,little_vs_direct_relative_error,,,1.5120499696764e-06
Phase2_D20-18-20260929-10:49:36-80,scalar,DectScheduledAccessNetwork.queue,D,,,20
Phase2_D20-18-20260929-10:49:36-80,scalar,DectScheduledAccessNetwork.queue,r,,,5
Phase2_D20-18-20260929-10:49:36-80,scalar,DectScheduledAccessNetwork.queue,L_effective,,,1
Phase2_D20-18-20260929-10:49:36-80,scalar,DectScheduledAccessNetwork.queue,rho,,,0.042016806723
Phase2_D20-18-20260929-10:49:36-80,scalar,DectScheduledAccessNetwork.queue,rho_sat,,,0.04201680675489
Phase2_D20-18-20260929-10:49:36-80,scalar,DectScheduledAccessNetwork.queue,blocking_probability,,,0.093705903304244
Phase2_D20-18-20260929-10:49:36-80,scalar,DectScheduledAccessNetwork.queue,mean_type1_number,,,2.3673516916326
Phase2_D20-18-20260929-10:49:36-80,scalar,DectScheduledAccessNetwork.queue,mean_delay_direct_ms,,,25.912635337239
Phase2_D20-18-20260929-10:49:36-80,scalar,DectScheduledAccessNetwork.queue,effective_throughput_departures_per_ms,,,0.091358557089916
Phase2_D20-18-20260929-10:49:36-80,scalar,DectScheduledAccessNetwork.queue,mean_delay_little_ms,,,25.912752642346
Phase2_D20-18-20260929-10:49:36-80,scalar,DectScheduledAccessNetwork.queue,little_vs_direct_relative_error,,,4.5269462063402e-06
Phase2_D20-19-20260929-10:49:36-80,scalar,DectScheduledAccessNetwork.queue,D,,,20
Phase2_D20-19-20260929-10:49:36-80,scalar,DectScheduledAccessNetwork.queue,r,,,5
Phase2_D20-19-20260929-10:49:36-80,scalar,DectScheduledAccessNetwork.queue,L_effective,,,1
Phase2_D20-19-20260929-10:49:36-80,scalar,DectScheduledAccessNetwork.queue,rho,,,0.042016806723
Phase2_D20-19-20260929-10:49:36-80,scalar,DectScheduledAccessNetwork.queue,rho_sat,,,0.04201680675489
Phase2_D20-19-20260929-10:49:36-80,scalar,DectScheduledAccessNetwork.queue,blocking_probability,,,0.093326273395489
Phase2_D20-19-20260929-10:49:36-80,scalar,DectScheduledAccessNetwork.queue,mean_type1_number,,,2.366288964163
Phase2_D20-19-20260929-10:49:36-80,scalar,DectScheduledAccessNetwork.queue,mean_delay_direct_ms,,,25.894851664926
Phase2_D20-19-20260929-10:49:36-80,scalar,DectScheduledAccessNetwork.queue,effective_throughput_departures_per_ms,,,0.091380414727226
Phase2_D20-19-20260929-10:49:36-80,scalar,DectScheduledAccessNetwork.queue,mean_delay_little_ms,,,25.894924762888
Phase2_D20-19-20260929-10:49:36-80,scalar,DectScheduledAccessNetwork.queue,little_vs_direct_relative_error,,,2.8228762358751e-06
Phase2_D20-20-20260929-10:49:36-80,scalar,DectScheduledAccessNetwork.queue,D,,,20
Phase2_D20-20-20260929-10:49:36-80,scalar,DectScheduledAccessNetwork.queue,r,,,5
Phase2_D20-20-20260929-10:49:36-80,scalar,DectScheduledAccessNetwork.queue,L_effective,,,1
Phase2_D20-20-20260929-10:49:36-80,scalar,DectScheduledAccessNetwork.queue,rho,,,0.063025210084
Phase2_D20-20-20260929-10:49:36-80,scalar,DectScheduledAccessNetwork.queue,rho_sat,,,0.04201680675489
Phase2_D20-20-20260929-10:49:36-80,scalar,DectScheduledAccessNetwork.queue,blocking_probability,,,0.33610045556605
Phase2_D20-20-20260929-10:49:36-80,scalar,DectScheduledAccessNetwork.queue,mean_type1_number,,,3.9476653629176
Phase2_D20-20-20260929-10:49:36-80,scalar,DectScheduledAccessNetwork.queue,mean_delay_direct_ms,,,39.345186149812
Phase2_D20-20-20260929-10:49:36-80,scalar,DectScheduledAccessNetwork.queue,effective_throughput_departures_per_ms,,,0.10033358096457
Phase2_D20-20-20260929-10:49:36-80,scalar,DectScheduledAccessNetwork.queue,mean_delay_little_ms,,,39.34540484817
Phase2_D20-20-20260929-10:49:36-80,scalar,DectScheduledAccessNetwork.queue,little_vs_direct_relative_error,,,5.5584527280939e-06
Phase2_D20-21-20260929-10:49:37-80,scalar,DectScheduledAccessNetwork.queue,D,,,20
Phase2_D20-21-20260929-10:49:37-80,scalar,DectScheduledAccessNetwork.queue,r,,,5
Phase2_D20-21-20260929-10:49:37-80,scalar,DectScheduledAccessNetwork.queue,L_effective,,,1
Phase2_D20-21-20260929-10:49:37-80,scalar,DectScheduledAccessNetwork.queue,rho,,,0.063025210084
Phase2_D20-21-20260929-10:49:37-80,scalar,DectScheduledAccessNetwork.queue,rho_sat,,,0.04201680675489
Phase2_D20-21-20260929-10:49:37-80,scalar,DectScheduledAccessNetwork.queue,blocking_probability,,,0.33582839468373
Phase2_D20-21-20260929-10:49:37-80,scalar,DectScheduledAccessNetwork.queue,mean_type1_number,,,3.9430142975447
Phase2_D20-21-20260929-10:49:37-80,scalar,DectScheduledAccessNetwork.queue,mean_delay_direct_ms,,,39.28845961624
Phase2_D20-21-20260929-10:49:37-80,scalar,DectScheduledAccessNetwork.queue,effective_throughput_departures_per_ms,,,0.1003602657308
Phase2_D20-21-20260929-10:49:37-80,scalar,DectScheduledAccessNetwork.queue,mean_delay_little_ms,,,39.288599614923
Phase2_D20-21-20260929-10:49:37-80,scalar,DectScheduledAccessNetwork.queue,little_vs_direct_relative_error,,,3.5633538231217e-06
Phase2_D20-22-20260929-10:49:37-80,scalar,DectScheduledAccessNetwork.queue,D,,,20
Phase2_D20-22-20260929-10:49:37-80,scalar,DectScheduledAccessNetwork.queue,r,,,5
Phase2_D20-22-20260929-10:49:37-80,scalar,DectScheduledAccessNetwork.queue,L_effective,,,1
Phase2_D20-22-20260929-10:49:37-80,scalar,DectScheduledAccessNetwork.queue,rho,,,0.063025210084
Phase2_D20-22-20260929-10:49:37-80,scalar,DectScheduledAccessNetwork.queue,rho_sat,,,0.04201680675489
Phase2_D20-22-20260929-10:49:37-80,scalar,DectScheduledAccessNetwork.queue,blocking_probability,,,0.33693772544027
Phase2_D20-22-20260929-10:49:37-80,scalar,DectScheduledAccessNetwork.queue,mean_type1_number,,,3.9514422725661
Phase2_D20-22-20260929-10:49:37-80,scalar,DectScheduledAccessNetwork.queue,mean_delay_direct_ms,,,39.36888790415
Phase2_D20-22-20260929-10:49:37-80,scalar,DectScheduledAccessNetwork.queue,effective_throughput_departures_per_ms,,,0.10036925408954
Phase2_D20-22-20260929-10:49:37-80,scalar,DectScheduledAccessNetwork.queue,mean_delay_little_ms,,,39.369050895217
Phase2_D20-22-20260929-10:49:37-80,scalar,DectScheduledAccessNetwork.queue,little_vs_direct_relative_error,,,4.1400983399331e-06
Phase2_D20-23-20260929-10:49:37-80,scalar,DectScheduledAccessNetwork.queue,D,,,20
Phase2_D20-23-20260929-10:49:37-80,scalar,DectScheduledAccessNetwork.queue,r,,,5
Phase2_D20-23-20260929-10:49:37-80,scalar,DectScheduledAccessNetwork.queue,L_effective,,,1
Phase2_D20-23-20260929-10:49:37-80,scalar,DectScheduledAccessNetwork.queue,rho,,,0.063025210084
Phase2_D20-23-20260929-10:49:37-80,scalar,DectScheduledAccessNetwork.queue,rho_sat,,,0.04201680675489
Phase2_D20-23-20260929-10:49:37-80,scalar,DectScheduledAccessNetwork.queue,blocking_probability,,,0.33623860244409
Phase2_D20-23-20260929-10:49:37-80,scalar,DectScheduledAccessNetwork.queue,mean_type1_number,,,3.9471764618088
Phase2_D20-23-20260929-10:49:37-80,scalar,DectScheduledAccessNetwork.queue,mean_delay_direct_ms,,,39.33604178328
Phase2_D20-23-20260929-10:49:37-80,scalar,DectScheduledAccessNetwork.queue,effective_throughput_departures_per_ms,,,0.10034468165633
Phase2_D20-23-20260929-10:49:37-80,scalar,DectScheduledAccessNetwork.queue,mean_delay_little_ms,,,39.336180021255
Phase2_D20-23-20260929-10:49:37-80,scalar,DectScheduledAccessNetwork.queue,little_vs_direct_relative_error,,,3.5142828072043e-06
Phase2_D20-24-20260929-10:49:38-80,scalar,DectScheduledAccessNetwork.queue,D,,,20
Phase2_D20-24-20260929-10:49:38-80,scalar,DectScheduledAccessNetwork.queue,r,,,5
Phase2_D20-24-20260929-10:49:38-80,scalar,DectScheduledAccessNetwork.queue,L_effective,,,1
Phase2_D20-24-20260929-10:49:38-80,scalar,DectScheduledAccessNetwork.queue,rho,,,0.063025210084
Phase2_D20-24-20260929-10:49:38-80,scalar,DectScheduledAccessNetwork.queue,rho_sat,,,0.04201680675489
Phase2_D20-24-20260929-10:49:38-80,scalar,DectScheduledAccessNetwork.queue,blocking_probability,,,0.33587647351818
Phase2_D20-24-20260929-10:49:38-80,scalar,DectScheduledAccessNetwork.queue,mean_type1_number,,,3.9434530382609
Phase2_D20-24-20260929-10:49:38-80,scalar,DectScheduledAccessNetwork.queue,mean_delay_direct_ms,,,39.295321245018
Phase2_D20-24-20260929-10:49:38-80,scalar,DectScheduledAccessNetwork.queue,effective_throughput_departures_per_ms,,,0.10035366748016
Phase2_D20-24-20260929-10:49:38-80,scalar,DectScheduledAccessNetwork.queue,mean_delay_little_ms,,,39.29555478419
Phase2_D20-24-20260929-10:49:38-80,scalar,DectScheduledAccessNetwork.queue,little_vs_direct_relative_error,,,5.9431801169296e-06
Phase2_D20-25-20260929-10:49:38-80,scalar,DectScheduledAccessNetwork.queue,D,,,20
Phase2_D20-25-20260929-10:49:38-80,scalar,DectScheduledAccessNetwork.queue,r,,,5
Phase2_D20-25-20260929-10:49:38-80,scalar,DectScheduledAccessNetwork.queue,L_effective,,,1
Phase2_D20-25-20260929-10:49:38-80,scalar,DectScheduledAccessNetwork.queue,rho,,,0.063025210084
Phase2_D20-25-20260929-10:49:38-80,scalar,DectScheduledAccessNetwork.queue,rho_sat,,,0.04201680675489
Phase2_D20-25-20260929-10:49:38-80,scalar,DectScheduledAccessNetwork.queue,blocking_probability,,,0.33628288041458
Phase2_D20-25-20260929-10:49:38-80,scalar,DectScheduledAccessNetwork.queue,mean_type1_number,,,3.9459671561453
Phase2_D20-25-20260929-10:49:38-80,scalar,DectScheduledAccessNetwork.queue,mean_delay_direct_ms,,,39.316582964987
Phase2_D20-25-20260929-10:49:38-80,scalar,DectScheduledAccessNetwork.queue,effective_throughput_departures_per_ms,,,0.10036345934977
Phase2_D20-25-20260929-10:49:38-80,scalar,DectScheduledAccessNetwork.queue,mean_delay_little_ms,,,39.316771080931
Phase2_D20-25-20260929-10:49:38-80,scalar,DectScheduledAccessNetwork.queue,little_vs_direct_relative_error,,,4.7846463266943e-06
Phase2_D20-26-20260929-10:49:39-80,scalar,DectScheduledAccessNetwork.queue,D,,,20
Phase2_D20-26-20260929-10:49:39-80,scalar,DectScheduledAccessNetwork.queue,r,,,5
Phase2_D20-26-20260929-10:49:39-80,scalar,DectScheduledAccessNetwork.queue,L_effective,,,1
Phase2_D20-26-20260929-10:49:39-80,scalar,DectScheduledAccessNetwork.queue,rho,,,0.063025210084
Phase2_D20-26-20260929-10:49:39-80,scalar,DectScheduledAccessNetwork.queue,rho_sat,,,0.04201680675489
Phase2_D20-26-20260929-10:49:39-80,scalar,DectScheduledAccessNetwork.queue,blocking_probability,,,0.33649646320854
Phase2_D20-26-20260929-10:49:39-80,scalar,DectScheduledAccessNetwork.queue,mean_type1_number,,,3.9497077377787
Phase2_D20-26-20260929-10:49:39-80,scalar,DectScheduledAccessNetwork.queue,mean_delay_direct_ms,,,39.356867842943
Phase2_D20-26-20260929-10:49:39-80,scalar,DectScheduledAccessNetwork.queue,effective_throughput_departures_per_ms,,,0.1003559222768
Phase2_D20-26-20260929-10:49:39-80,scalar,DectScheduledAccessNetwork.queue,mean_delay_little_ms,,,39.35699705778
Phase2_D20-26-20260929-10:49:39-80,scalar,DectScheduledAccessNetwork.queue,little_vs_direct_relative_error,,,3.2831585503601e-06
Phase2_D20-27-20260929-10:49:39-80,scalar,DectScheduledAccessNetwork.queue,D,,,20
Phase2_D20-27-20260929-10:49:39-80,scalar,DectScheduledAccessNetwork.queue,r,,,5
Phase2_D20-27-20260929-10:49:39-80,scalar,DectScheduledAccessNetwork.queue,L_effective,,,1
Phase2_D20-27-20260929-10:49:39-80,scalar,DectScheduledAccessNetwork.queue,rho,,,0.063025210084
Phase2_D20-27-20260929-10:49:39-80,scalar,DectScheduledAccessNetwork.queue,rho_sat,,,0.04201680675489
Phase2_D20-27-20260929-10:49:39-80,scalar,DectScheduledAccessNetwork.queue,blocking_probability,,,0.3370630019656
Phase2_D20-27-20260929-10:49:39-80,scalar,DectScheduledAccessNetwork.queue,mean_type1_number,,,3.9514933479517
Phase2_D20-27-20260929-10:49:39-80,scalar,DectScheduledAccessNetwork.queue,mean_delay_direct_ms,,,39.374506962649
Phase2_D20-27-20260929-10:49:39-80,scalar,DectScheduledAccessNetwork.queue,effective_throughput_departures_per_ms,,,0.10035628522991
Phase2_D20-27-20260929-10:49:39-80,scalar,DectScheduledAccessNetwork.queue,mean_delay_little_ms,,,39.374647426408
Phase2_D20-27-20260929-10:49:39-80,scalar,DectScheduledAccessNetwork.queue,little_vs_direct_relative_error,,,3.5673782106116e-06
Phase2_D20-28-20260929-10:49:39-80,scalar,DectScheduledAccessNetwork.queue,D,,,20
Phase2_D20-28-20260929-10:49:39-80,scalar,DectScheduledAccessNetwork.queue,r,,,5
Phase2_D20-28-20260929-10:49:39-80,scalar,DectScheduledAccessNetwork.queue,L_effective,,,1
Phase2_D20-28-20260929-10:49:39-80,scalar,DectScheduledAccessNetwork.queue,rho,,,0.063025210084
Phase2_D20-28-20260929-10:49:39-80,scalar,DectScheduledAccessNetwork.queue,rho_sat,,,0.04201680675489
Phase2_D20-28-20260929-10:49:39-80,scalar,DectScheduledAccessNetwork.queue,blocking_probability,,,0.33722732812882
Phase2_D20-28-20260929-10:49:39-80,scalar,DectScheduledAccessNetwork.queue,mean_type1_number,,,3.9469214758576
Phase2_D20-28-20260929-10:49:39-80,scalar,DectScheduledAccessNetwork.queue,mean_delay_direct_ms,,,39.3304824895
Phase2_D20-28-20260929-10:49:39-80,scalar,DectScheduledAccessNetwork.queue,effective_throughput_departures_per_ms,,,0.10035233300532
Phase2_D20-28-20260929-10:49:39-80,scalar,DectScheduledAccessNetwork.queue,mean_delay_little_ms,,,39.330639932888
Phase2_D20-28-20260929-10:49:39-80,scalar,DectScheduledAccessNetwork.queue,little_vs_direct_relative_error,,,4.0030881296449e-06
Phase2_D20-29-20260929-10:49:40-80,scalar,DectScheduledAccessNetwork.queue,D,,,20
Phase2_D20-29-20260929-10:49:40-80,scalar,DectScheduledAccessNetwork.queue,r,,,5
Phase2_D20-29-20260929-10:49:40-80,scalar,DectScheduledAccessNetwork.queue,L_effective,,,1
Phase2_D20-29-20260929-10:49:40-80,scalar,DectScheduledAccessNetwork.queue,rho,,,0.063025210084
Phase2_D20-29-20260929-10:49:40-80,scalar,DectScheduledAccessNetwork.queue,rho_sat,,,0.04201680675489
Phase2_D20-29-20260929-10:49:40-80,scalar,DectScheduledAccessNetwork.queue,blocking_probability,,,0.33631966465661
Phase2_D20-29-20260929-10:49:40-80,scalar,DectScheduledAccessNetwork.queue,mean_type1_number,,,3.9441763909442
Phase2_D20-29-20260929-10:49:40-80,scalar,DectScheduledAccessNetwork.queue,mean_delay_direct_ms,,,39.30061683282
Phase2_D20-29-20260929-10:49:40-80,scalar,DectScheduledAccessNetwork.queue,effective_throughput_departures_per_ms,,,0.10035887608676
Phase2_D20-29-20260929-10:49:40-80,scalar,DectScheduledAccessNetwork.queue,mean_delay_little_ms,,,39.300723012624
Phase2_D20-29-20260929-10:49:40-80,scalar,DectScheduledAccessNetwork.queue,little_vs_direct_relative_error,,,2.7017337802526e-06
Phase2_D20-60-20260929-10:49:51-80,scalar,DectScheduledAccessNetwork.queue,D,,,20
Phase2_D20-60-20260929-10:49:51-80,scalar,DectScheduledAccessNetwork.queue,r,,,50
Phase2_D20-60-20260929-10:49:51-80,scalar,DectScheduledAccessNetwork.queue,L_effective,,,1
Phase2_D20-60-20260929-10:49:51-80,scalar,DectScheduledAccessNetwork.queue,rho,,,0.021008403361
Phase2_D20-60-20260929-10:49:51-80,scalar,DectScheduledAccessNetwork.queue,rho_sat,,,0.04201680675489
Phase2_D20-60-20260929-10:49:51-80,scalar,DectScheduledAccessNetwork.queue,blocking_probability,,,0
Phase2_D20-60-20260929-10:49:51-80,scalar,DectScheduledAccessNetwork.queue,mean_type1_number,,,0.51035781373098
Phase2_D20-60-20260929-10:49:51-80,scalar,DectScheduledAccessNetwork.queue,mean_delay_direct_ms,,,10.125313262785
Phase2_D20-60-20260929-10:49:51-80,scalar,DectScheduledAccessNetwork.queue,effective_throughput_departures_per_ms,,,0.05040398957866
Phase2_D20-60-20260929-10:49:51-80,scalar,DectScheduledAccessNetwork.queue,mean_delay_little_ms,,,10.125345592624
Phase2_D20-60-20260929-10:49:51-80,scalar,DectScheduledAccessNetwork.queue,little_vs_direct_relative_error,,,3.1929718014023e-06
Phase2_D20-61-20260929-10:49:51-80,scalar,DectScheduledAccessNetwork.queue,D,,,20
Phase2_D20-61-20260929-10:49:51-80,scalar,DectScheduledAccessNetwork.queue,r,,,50
Phase2_D20-61-20260929-10:49:51-80,scalar,DectScheduledAccessNetwork.queue,L_effective,,,1
Phase2_D20-61-20260929-10:49:51-80,scalar,DectScheduledAccessNetwork.queue,rho,,,0.021008403361
Phase2_D20-61-20260929-10:49:51-80,scalar,DectScheduledAccessNetwork.queue,rho_sat,,,0.04201680675489
Phase2_D20-61-20260929-10:49:51-80,scalar,DectScheduledAccessNetwork.queue,blocking_probability,,,0
Phase2_D20-61-20260929-10:49:51-80,scalar,DectScheduledAccessNetwork.queue,mean_type1_number,,,0.51179468483225
Phase2_D20-61-20260929-10:49:51-80,scalar,DectScheduledAccessNetwork.queue,mean_delay_direct_ms,,,10.158325223855
Phase2_D20-61-20260929-10:49:51-80,scalar,DectScheduledAccessNetwork.queue,effective_throughput_departures_per_ms,,,0.050381797545664
Phase2_D20-61-20260929-10:49:51-80,scalar,DectScheduledAccessNetwork.queue,mean_delay_little_ms,,,10.158325223874
Phase2_D20-61-20260929-10:49:51-80,scalar,DectScheduledAccessNetwork.queue,little_vs_direct_relative_error,,,1.9049206656518e-12
Phase2_D20-62-20260929-10:49:52-80,scalar,DectScheduledAccessNetwork.queue,D,,,20
Phase2_D20-62-20260929-10:49:52-80,scalar,DectScheduledAccessNetwork.queue,r,,,50
Phase2_D20-62-20260929-10:49:52-80,scalar,DectScheduledAccessNetwork.queue,L_effective,,,1
Phase2_D20-62-20260929-10:49:52-80,scalar,DectScheduledAccessNetwork.queue,rho,,,0.021008403361
Phase2_D20-62-20260929-10:49:52-80,scalar,DectScheduledAccessNetwork.queue,rho_sat,,,0.04201680675489
Phase2_D20-62-20260929-10:49:52-80,scalar,DectScheduledAccessNetwork.queue,blocking_probability,,,0
Phase2_D20-62-20260929-10:49:52-80,scalar,DectScheduledAccessNetwork.queue,mean_type1_number,,,0.51196976285112
Phase2_D20-62-20260929-10:49:52-80,scalar,DectScheduledAccessNetwork.queue,mean_delay_direct_ms,,,10.137541381757
Phase2_D20-62-20260929-10:49:52-80,scalar,DectScheduledAccessNetwork.queue,effective_throughput_departures_per_ms,,,0.050502359849446
Phase2_D20-62-20260929-10:49:52-80,scalar,DectScheduledAccessNetwork.queue,mean_delay_little_ms,,,10.137541381776
Phase2_D20-62-20260929-10:49:52-80,scalar,DectScheduledAccessNetwork.queue,little_vs_direct_relative_error,,,1.9075852009109e-12
Phase2_D20-63-20260929-10:49:52-80,scalar,DectScheduledAccessNetwork.queue,D,,,20
Phase2_D20-63-20260929-10:49:52-80,scalar,DectScheduledAccessNetwork.queue,r,,,50
Phase2_D20-63-20260929-10:49:52-80,scalar,DectScheduledAccessNetwork.queue,L_effective,,,1
Phase2_D20-63-20260929-10:49:52-80,scalar,DectScheduledAccessNetwork.queue,rho,,,0.021008403361
Phase2_D20-63-20260929-10:49:52-80,scalar,DectScheduledAccessNetwork.queue,rho_sat,,,0.04201680675489
Phase2_D20-63-20260929-10:49:52-80,scalar,DectScheduledAccessNetwork.queue,blocking_probability,,,0
Phase2_D20-63-20260929-10:49:52-80,scalar,DectScheduledAccessNetwork.queue,mean_type1_number,,,0.50966383854691
Phase2_D20-63-20260929-10:49:52-80,scalar,DectScheduledAccessNetwork.queue,mean_delay_direct_ms,,,10.117705402796
Phase2_D20-63-20260929-10:49:52-80,scalar,DectScheduledAccessNetwork.queue,effective_throughput_departures_per_ms,,,0.050373443307141
Phase2_D20-63-20260929-10:49:52-80,scalar,DectScheduledAccessNetwork.queue,mean_delay_little_ms,,,10.117708957066
Phase2_D20-63-20260929-10:49:52-80,scalar,DectScheduledAccessNetwork.queue,little_vs_direct_relative_error,,,3.5129212960783e-07
Phase2_D20-64-20260929-10:49:53-80,scalar,DectScheduledAccessNetwork.queue,D,,,20
Phase2_D20-64-20260929-10:49:53-80,scalar,DectScheduledAccessNetwork.queue,r,,,50
Phase2_D20-64-20260929-10:49:53-80,scalar,DectScheduledAccessNetwork.queue,L_effective,,,1
Phase2_D20-64-20260929-10:49:53-80,scalar,DectScheduledAccessNetwork.queue,rho,,,0.021008403361
Phase2_D20-64-20260929-10:49:53-80,scalar,DectScheduledAccessNetwork.queue,rho_sat,,,0.04201680675489
Phase2_D20-64-20260929-10:49:53-80,scalar,DectScheduledAccessNetwork.queue,blocking_probability,,,0
Phase2_D20-64-20260929-10:49:53-80,scalar,DectScheduledAccessNetwork.queue,mean_type1_number,,,0.50952327144167
Phase2_D20-64-20260929-10:49:53-80,scalar,DectScheduledAccessNetwork.queue,mean_delay_direct_ms,,,10.11803780263
Phase2_D20-64-20260929-10:49:53-80,scalar,DectScheduledAccessNetwork.queue,effective_throughput_departures_per_ms,,,0.050357769403695
Phase2_D20-64-20260929-10:49:53-80,scalar,DectScheduledAccessNetwork.queue,mean_delay_little_ms,,,10.118066734788
Phase2_D20-64-20260929-10:49:53-80,scalar,DectScheduledAccessNetwork.queue,little_vs_direct_relative_error,,,2.859463304361e-06
Phase2_D20-65-20260929-10:49:53-80,scalar,DectScheduledAccessNetwork.queue,D,,,20
Phase2_D20-65-20260929-10:49:53-80,scalar,DectScheduledAccessNetwork.queue,r,,,50
Phase2_D20-65-20260929-10:49:53-80,scalar,DectScheduledAccessNetwork.queue,L_effective,,,1
Phase2_D20-65-20260929-10:49:53-80,scalar,DectScheduledAccessNetwork.queue,rho,,,0.021008403361
Phase2_D20-65-20260929-10:49:53-80,scalar,DectScheduledAccessNetwork.queue,rho_sat,,,0.04201680675489
Phase2_D20-65-20260929-10:49:53-80,scalar,DectScheduledAccessNetwork.queue,blocking_probability,,,0
Phase2_D20-65-20260929-10:49:53-80,scalar,DectScheduledAccessNetwork.queue,mean_type1_number,,,0.50938755987941
Phase2_D20-65-20260929-10:49:53-80,scalar,DectScheduledAccessNetwork.queue,mean_delay_direct_ms,,,10.11407424526
Phase2_D20-65-20260929-10:49:53-80,scalar,DectScheduledAccessNetwork.queue,effective_throughput_departures_per_ms,,,0.050364229837163
Phase2_D20-65-20260929-10:49:53-80,scalar,DectScheduledAccessNetwork.queue,mean_delay_little_ms,,,10.11407424528
Phase2_D20-65-20260929-10:49:53-80,scalar,DectScheduledAccessNetwork.queue,little_vs_direct_relative_error,,,1.9675372442407e-12
Phase2_D20-66-20260929-10:49:53-80,scalar,DectScheduledAccessNetwork.queue,D,,,20
Phase2_D20-66-20260929-10:49:53-80,scalar,DectScheduledAccessNetwork.queue,r,,,50
Phase2_D20-66-20260929-10:49:53-80,scalar,DectScheduledAccessNetwork.queue,L_effective,,,1
Phase2_D20-66-20260929-10:49:53-80,scalar,DectScheduledAccessNetwork.queue,rho,,,0.021008403361
Phase2_D20-66-20260929-10:49:53-80,scalar,DectScheduledAccessNetwork.queue,rho_sat,,,0.04201680675489
Phase2_D20-66-20260929-10:49:53-80,scalar,DectScheduledAccessNetwork.queue,blocking_probability,,,0
Phase2_D20-66-20260929-10:49:53-80,scalar,DectScheduledAccessNetwork.queue,mean_type1_number,,,0.51035663834041
Phase2_D20-66-20260929-10:49:53-80,scalar,DectScheduledAccessNetwork.queue,mean_delay_direct_ms,,,10.126556913538
Phase2_D20-66-20260929-10:49:53-80,scalar,DectScheduledAccessNetwork.queue,effective_throughput_departures_per_ms,,,0.050397795784984
Phase2_D20-66-20260929-10:49:53-80,scalar,DectScheduledAccessNetwork.queue,mean_delay_little_ms,,,10.126566656165
Phase2_D20-66-20260929-10:49:53-80,scalar,DectScheduledAccessNetwork.queue,little_vs_direct_relative_error,,,9.6208678890264e-07
Phase2_D20-67-20260929-10:49:54-80,scalar,DectScheduledAccessNetwork.queue,D,,,20
Phase2_D20-67-20260929-10:49:54-80,scalar,DectScheduledAccessNetwork.queue,r,,,50
Phase2_D20-67-20260929-10:49:54-80,scalar,DectScheduledAccessNetwork.queue,L_effective,,,1
Phase2_D20-67-20260929-10:49:54-80,scalar,DectScheduledAccessNetwork.queue,rho,,,0.021008403361
Phase2_D20-67-20260929-10:49:54-80,scalar,DectScheduledAccessNetwork.queue,rho_sat,,,0.04201680675489
Phase2_D20-67-20260929-10:49:54-80,scalar,DectScheduledAccessNetwork.queue,blocking_probability,,,0
Phase2_D20-67-20260929-10:49:54-80,scalar,DectScheduledAccessNetwork.queue,mean_type1_number,,,0.50979897394605
Phase2_D20-67-20260929-10:49:54-80,scalar,DectScheduledAccessNetwork.queue,mean_delay_direct_ms,,,10.112972561386
Phase2_D20-67-20260929-10:49:54-80,scalar,DectScheduledAccessNetwork.queue,effective_throughput_departures_per_ms,,,0.050410295519995
Phase2_D20-67-20260929-10:49:54-80,scalar,DectScheduledAccessNetwork.queue,mean_delay_little_ms,,,10.112993163149
Phase2_D20-67-20260929-10:49:54-80,scalar,DectScheduledAccessNetwork.queue,little_vs_direct_relative_error,,,2.0371619646742e-06
Phase2_D20-68-20260929-10:49:54-80,scalar,DectScheduledAccessNetwork.queue,D,,,20
Phase2_D20-68-20260929-10:49:54-80,scalar,DectScheduledAccessNetwork.queue,r,,,50
Phase2_D20-68-20260929-10:49:54-80,scalar,DectScheduledAccessNetwork.queue,L_effective,,,1
Phase2_D20-68-20260929-10:49:54-80,scalar,DectScheduledAccessNetwork.queue,rho,,,0.021008403361
Phase2_D20-68-20260929-10:49:54-80,scalar,DectScheduledAccessNetwork.queue,rho_sat,,,0.04201680675489
Phase2_D20-68-20260929-10:49:54-80,scalar,DectScheduledAccessNetwork.queue,blocking_probability,,,0
Phase2_D20-68-20260929-10:49:54-80,scalar,DectScheduledAccessNetwork.queue,mean_type1_number,,,0.512096370593
Phase2_D20-68-20260929-10:49:54-80,scalar,DectScheduledAccessNetwork.queue,mean_delay_direct_ms,,,10.145790780743
Phase2_D20-68-20260929-10:49:54-80,scalar,DectScheduledAccessNetwork.queue,effective_throughput_departures_per_ms,,,0.050473726109733
Phase2_D20-68-20260929-10:49:54-80,scalar,DectScheduledAccessNetwork.queue,mean_delay_little_ms,,,10.145800797026
Phase2_D20-68-20260929-10:49:54-80,scalar,DectScheduledAccessNetwork.queue,little_vs_direct_relative_error,,,9.8723533747958e-07
Phase2_D20-69-20260929-10:49:54-80,scalar,DectScheduledAccessNetwork.queue,D,,,20
Phase2_D20-69-20260929-10:49:54-80,scalar,DectScheduledAccessNetwork.queue,r,,,50
Phase2_D20-69-20260929-10:49:54-80,scalar,DectScheduledAccessNetwork.queue,L_effective,,,1
Phase2_D20-69-20260929-10:49:54-80,scalar,DectScheduledAccessNetwork.queue,rho,,,0.021008403361
Phase2_D20-69-20260929-10:49:54-80,scalar,DectScheduledAccessNetwork.queue,rho_sat,,,0.04201680675489
Phase2_D20-69-20260929-10:49:54-80,scalar,DectScheduledAccessNetwork.queue,blocking_probability,,,0
Phase2_D20-69-20260929-10:49:54-80,scalar,DectScheduledAccessNetwork.queue,mean_type1_number,,,0.51135264539058
Phase2_D20-69-20260929-10:49:54-80,scalar,DectScheduledAccessNetwork.queue,mean_delay_direct_ms,,,10.147828620743
Phase2_D20-69-20260929-10:49:54-80,scalar,DectScheduledAccessNetwork.queue,effective_throughput_departures_per_ms,,,0.050390347355647
Phase2_D20-69-20260929-10:49:54-80,scalar,DectScheduledAccessNetwork.queue,mean_delay_little_ms,,,10.147829340836
Phase2_D20-69-20260929-10:49:54-80,scalar,DectScheduledAccessNetwork.queue,little_vs_direct_relative_error,,,7.0960366915784e-08
Phase2_D20-70-20260929-10:49:55-80,scalar,DectScheduledAccessNetwork.queue,D,,,20
Phase2_D20-70-20260929-10:49:55-80,scalar,DectScheduledAccessNetwork.queue,r,,,50
Phase2_D20-70-20260929-10:49:55-80,scalar,DectScheduledAccessNetwork.queue,L_effective,,,1
Phase2_D20-70-20260929-10:49:55-80,scalar,DectScheduledAccessNetwork.queue,rho,,,0.042016806723
Phase2_D20-70-20260929-10:49:55-80,scalar,DectScheduledAccessNetwork.queue,rho_sat,,,0.04201680675489
Phase2_D20-70-20260929-10:49:55-80,scalar,DectScheduledAccessNetwork.queue,blocking_probability,,,0.009085414189457
Phase2_D20-70-20260929-10:49:55-80,scalar,DectScheduledAccessNetwork.queue,mean_type1_number,,,24.754945573202
Phase2_D20-70-20260929-10:49:55-80,scalar,DectScheduledAccessNetwork.queue,mean_delay_direct_ms,,,248.06186885375
Phase2_D20-70-20260929-10:49:55-80,scalar,DectScheduledAccessNetwork.queue,effective_throughput_departures_per_ms,,,0.09978964916063
Phase2_D20-70-20260929-10:49:55-80,scalar,DectScheduledAccessNetwork.queue,mean_delay_little_ms,,,248.07127574278
Phase2_D20-70-20260929-10:49:55-80,scalar,DectScheduledAccessNetwork.queue,little_vs_direct_relative_error,,,3.792154379223e-05
Phase2_D20-71-20260929-10:49:55-80,scalar,DectScheduledAccessNetwork.queue,D,,,20
Phase2_D20-71-20260929-10:49:55-80,scalar,DectScheduledAccessNetwork.queue,r,,,50
Phase2_D20-71-20260929-10:49:55-80,scalar,DectScheduledAccessNetwork.queue,L_effective,,,1
Phase2_D20-71-20260929-10:49:55-80,scalar,DectScheduledAccessNetwork.queue,rho,,,0.042016806723
Phase2_D20-71-20260929-10:49:55-80,scalar,DectScheduledAccessNetwork.queue,rho_sat,,,0.04201680675489
Phase2_D20-71-20260929-10:49:55-80,scalar,DectScheduledAccessNetwork.queue,blocking_probability,,,0.0098429445860339
Phase2_D20-71-20260929-10:49:55-80,scalar,DectScheduledAccessNetwork.queue,mean_type1_number,,,24.8145721321
Phase2_D20-71-20260929-10:49:55-80,scalar,DectScheduledAccessNetwork.queue,mean_delay_direct_ms,,,248.59127600171
Phase2_D20-71-20260929-10:49:55-80,scalar,DectScheduledAccessNetwork.queue,effective_throughput_departures_per_ms,,,0.099819977307896
Phase2_D20-71-20260929-10:49:55-80,scalar,DectScheduledAccessNetwork.queue,mean_delay_little_ms,,,248.59324557407
Phase2_D20-71-20260929-10:49:55-80,scalar,DectScheduledAccessNetwork.queue,little_vs_direct_relative_error,,,7.9229343519227e-06
Phase2_D20-72-20260929-10:49:56-80,scalar,DectScheduledAccessNetwork.queue,D,,,20
Phase2_D20-72-20260929-10:49:56-80,scalar,DectScheduledAccessNetwork.queue,r,,,50
Phase2_D20-72-20260929-10:49:56-80,scalar,DectScheduledAccessNetwork.queue,L_effective,,,1
Phase2_D20-72-20260929-10:49:56-80,scalar,DectScheduledAccessNetwork.queue,rho,,,0.042016806723
Phase2_D20-72-20260929-10:49:56-80,scalar,DectScheduledAccessNetwork.queue,rho_sat,,,0.04201680675489
Phase2_D20-72-20260929-10:49:56-80,scalar,DectScheduledAccessNetwork.queue,blocking_probability,,,0.010214352947464
Phase2_D20-72-20260929-10:49:56-80,scalar,DectScheduledAccessNetwork.queue,mean_type1_number,,,24.850176882102
Phase2_D20-72-20260929-10:49:56-80,scalar,DectScheduledAccessNetwork.queue,mean_delay_direct_ms,,,248.98909296465
Phase2_D20-72-20260929-10:49:56-80,scalar,DectScheduledAccessNetwork.queue,effective_throughput_departures_per_ms,,,0.099801380719835
Phase2_D20-72-20260929-10:49:56-80,scalar,DectScheduledAccessNetwork.queue,mean_delay_little_ms,,,248.99632352645
Phase2_D20-72-20260929-10:49:56-80,scalar,DectScheduledAccessNetwork.queue,little_vs_direct_relative_error,,,2.9039672835296e-05
Phase2_D20-73-20260929-10:49:56-80,scalar,DectScheduledAccessNetwork.queue,D,,,20
Phase2_D20-73-20260929-10:49:56-80,scalar,DectScheduledAccessNetwork.queue,r,,,50
Phase2_D20-73-20260929-10:49:56-80,scalar,DectScheduledAccessNetwork.queue,L_effective,,,1
Phase2_D20-73-20260929-10:49:56-80,scalar,DectScheduledAccessNetwork.queue,rho,,,0.042016806723
Phase2_D20-73-20260929-10:49:56-80,scalar,DectScheduledAccessNetwork.queue,rho_sat,,,0.04201680675489
Phase2_D20-73-20260929-10:49:56-80,scalar,DectScheduledAccessNetwork.queue,blocking_probability,,,0.0093681802827393
Phase2_D20-73-20260929-10:49:56-80,scalar,DectScheduledAccessNetwork.queue,mean_type1_number,,,24.274586169939
Phase2_D20-73-20260929-10:49:56-80,scalar,DectScheduledAccessNetwork.queue,mean_delay_direct_ms,,,243.42675114249
Phase2_D20-73-20260929-10:49:56-80,scalar,DectScheduledAccessNetwork.queue,effective_throughput_departures_per_ms,,,0.099717784209765
Phase2_D20-73-20260929-10:49:56-80,scalar,DectScheduledAccessNetwork.queue,mean_delay_little_ms,,,243.43286769064
Phase2_D20-73-20260929-10:49:56-80,scalar,DectScheduledAccessNetwork.queue,little_vs_direct_relative_error,,,2.5126852808866e-05
Phase2_D20-74-20260929-10:49:56-80,scalar,DectScheduledAccessNetwork.queue,D,,,20
Phase2_D20-74-20260929-10:49:56-80,scalar,DectScheduledAccessNetwork.queue,r,,,50
Phase2_D20-74-20260929-10:49:56-80,scalar,DectScheduledAccessNetwork.queue,L_effective,,,1
Phase2_D20-74-20260929-10:49:56-80,scalar,DectScheduledAccessNetwork.queue,rho,,,0.042016806723
Phase2_D20-74-20260929-10:49:56-80,scalar,DectScheduledAccessNetwork.queue,rho_sat,,,0.04201680675489
Phase2_D20-74-20260929-10:49:56-80,scalar,DectScheduledAccessNetwork.queue,blocking_probability,,,0.0090953410529946
Phase2_D20-74-20260929-10:49:56-80,scalar,DectScheduledAccessNetwork.queue,mean_type1_number,,,24.268798096469
Phase2_D20-74-20260929-10:49:56-80,scalar,DectScheduledAccessNetwork.queue,mean_delay_direct_ms,,,243.23313695412
Phase2_D20-74-20260929-10:49:56-80,scalar,DectScheduledAccessNetwork.queue,effective_throughput_departures_per_ms,,,0.099772934100594
Phase2_D20-74-20260929-10:49:56-80,scalar,DectScheduledAccessNetwork.queue,mean_delay_little_ms,,,243.24029673219
Phase2_D20-74-20260929-10:49:56-80,scalar,DectScheduledAccessNetwork.queue,little_vs_direct_relative_error,,,2.9435866188976e-05
Phase2_D20-75-20260929-10:49:56-80,scalar,DectScheduledAccessNetwork.queue,D,,,20
Phase2_D20-75-20260929-10:49:56-80,scalar,DectScheduledAccessNetwork.queue,r,,,50
Phase2_D20-75-20260929-10:49:56-80,scalar,DectScheduledAccessNetwork.queue,L_effective,,,1
Phase2_D20-75-20260929-10:49:56-80,scalar,DectScheduledAccessNetwork.queue,rho,,,0.042016806723
Phase2_D20-75-20260929-10:49:56-80,scalar,DectScheduledAccessNetwork.queue,rho_sat,,,0.04201680675489
Phase2_D20-75-20260929-10:49:56-80,scalar,DectScheduledAccessNetwork.queue,blocking_probability,,,0.0090656863425123
Phase2_D20-75-20260929-10:49:56-80,scalar,DectScheduledAccessNetwork.queue,mean_type1_number,,,24.326042401462
Phase2_D20-75-20260929-10:49:56-80,scalar,DectScheduledAccessNetwork.queue,mean_delay_direct_ms,,,243.74297601302
Phase2_D20-75-20260929-10:49:56-80,scalar,DectScheduledAccessNetwork.queue,effective_throughput_departures_per_ms,,,0.099796094925731
Phase2_D20-75-20260929-10:49:56-80,scalar,DectScheduledAccessNetwork.queue,mean_delay_little_ms,,,243.75745784007
Phase2_D20-75-20260929-10:49:56-80,scalar,DectScheduledAccessNetwork.queue,little_vs_direct_relative_error,,,5.9414335893848e-05
Phase2_D20-76-20260929-10:49:57-80,scalar,DectScheduledAccessNetwork.queue,D,,,20
Phase2_D20-76-20260929-10:49:57-80,scalar,DectScheduledAccessNetwork.queue,r,,,50
Phase2_D20-76-20260929-10:49:57-80,scalar,DectScheduledAccessNetwork.queue,L_effective,,,1
Phase2_D20-76-20260929-10:49:57-80,scalar,DectScheduledAccessNetwork.queue,rho,,,0.042016806723
Phase2_D20-76-20260929-10:49:57-80,scalar,DectScheduledAccessNetwork.queue,rho_sat,,,0.04201680675489
Phase2_D20-76-20260929-10:49:57-80,scalar,DectScheduledAccessNetwork.queue,blocking_probability,,,0.009480020245702
Phase2_D20-76-20260929-10:49:57-80,scalar,DectScheduledAccessNetwork.queue,mean_type1_number,,,24.534503708089
Phase2_D20-76-20260929-10:49:57-80,scalar,DectScheduledAccessNetwork.queue,mean_delay_direct_ms,,,245.79690302831
Phase2_D20-76-20260929-10:49:57-80,scalar,DectScheduledAccessNetwork.queue,effective_throughput_departures_per_ms,,,0.099814733956397
Phase2_D20-76-20260929-10:49:57-80,scalar,DectScheduledAccessNetwork.queue,mean_delay_little_ms,,,245.80042179751
Phase2_D20-76-20260929-10:49:57-80,scalar,DectScheduledAccessNetwork.queue,little_vs_direct_relative_error,,,1.4315758930072e-05
Phase2_D20-77-20260929-10:49:57-80,scalar,DectScheduledAccessNetwork.queue,D,,,20
Phase2_D20-77-20260929-10:49:57-80,scalar,DectScheduledAccessNetwork.queue,r,,,50
Phase2_D20-77-20260929-10:49:57-80,scalar,DectScheduledAccessNetwork.queue,L_effective,,,1
Phase2_D20-77-20260929-10:49:57-80,scalar,DectScheduledAccessNetwork.queue,rho,,,0.042016806723
Phase2_D20-77-20260929-10:49:57-80,scalar,DectScheduledAccessNetwork.queue,rho_sat,,,0.04201680675489
Phase2_D20-77-20260929-10:49:57-80,scalar,DectScheduledAccessNetwork.queue,blocking_probability,,,0.009760343320101
Phase2_D20-77-20260929-10:49:57-80,scalar,DectScheduledAccessNetwork.queue,mean_type1_number,,,24.69392295949
Phase2_D20-77-20260929-10:49:57-80,scalar,DectScheduledAccessNetwork.queue,mean_delay_direct_ms,,,247.41550973533
Phase2_D20-77-20260929-10:49:57-80,scalar,DectScheduledAccessNetwork.queue,effective_throughput_departures_per_ms,,,0.09980300754044
Phase2_D20-77-20260929-10:49:57-80,scalar,DectScheduledAccessNetwork.queue,mean_delay_little_ms,,,247.42664142144
Phase2_D20-77-20260929-10:49:57-80,scalar,DectScheduledAccessNetwork.queue,little_vs_direct_relative_error,,,4.4991868642041e-05
Phase2_D20-78-20260929-10:49:57-80,scalar,DectScheduledAccessNetwork.queue,D,,,20
Phase2_D20-78-20260929-10:49:57-80,scalar,DectScheduledAccessNetwork.queue,r,,,50
Phase2_D20-78-20260929-10:49:57-80,scalar,DectScheduledAccessNetwork.queue,L_effective,,,1
Phase2_D20-78-20260929-10:49:57-80,scalar,DectScheduledAccessNetwork.queue,rho,,,0.042016806723
Phase2_D20-78-20260929-10:49:57-80,scalar,DectScheduledAccessNetwork.queue,rho_sat,,,0.04201680675489
Phase2_D20-78-20260929-10:49:57-80,scalar,DectScheduledAccessNetwork.queue,blocking_probability,,,0.0099623306487939
Phase2_D20-78-20260929-10:49:57-80,scalar,DectScheduledAccessNetwork.queue,mean_type1_number,,,24.831608004452
Phase2_D20-78-20260929-10:49:57-80,scalar,DectScheduledAccessNetwork.queue,mean_delay_direct_ms,,,248.78248417113
Phase2_D20-78-20260929-10:49:57-80,scalar,DectScheduledAccessNetwork.queue,effective_throughput_departures_per_ms,,,0.099807276409669
Phase2_D20-78-20260929-10:49:57-80,scalar,DectScheduledAccessNetwork.queue,mean_delay_little_ms,,,248.79556779536
Phase2_D20-78-20260929-10:49:57-80,scalar,DectScheduledAccessNetwork.queue,little_vs_direct_relative_error,,,5.2590616561821e-05
Phase2_D20-79-20260929-10:49:58-80,scalar,DectScheduledAccessNetwork.queue,D,,,20
Phase2_D20-79-20260929-10:49:58-80,scalar,DectScheduledAccessNetwork.queue,r,,,50
Phase2_D20-79-20260929-10:49:58-80,scalar,DectScheduledAccessNetwork.queue,L_effective,,,1
Phase2_D20-79-20260929-10:49:58-80,scalar,DectScheduledAccessNetwork.queue,rho,,,0.042016806723
Phase2_D20-79-20260929-10:49:58-80,scalar,DectScheduledAccessNetwork.queue,rho_sat,,,0.04201680675489
Phase2_D20-79-20260929-10:49:58-80,scalar,DectScheduledAccessNetwork.queue,blocking_probability,,,0.010014493097959
Phase2_D20-79-20260929-10:49:58-80,scalar,DectScheduledAccessNetwork.queue,mean_type1_number,,,24.505096087845
Phase2_D20-79-20260929-10:49:58-80,scalar,DectScheduledAccessNetwork.queue,mean_delay_direct_ms,,,245.610448077
Phase2_D20-79-20260929-10:49:58-80,scalar,DectScheduledAccessNetwork.queue,effective_throughput_departures_per_ms,,,0.099766924142734
Phase2_D20-79-20260929-10:49:58-80,scalar,DectScheduledAccessNetwork.queue,mean_delay_little_ms,,,245.62344983981
Phase2_D20-79-20260929-10:49:58-80,scalar,DectScheduledAccessNetwork.queue,little_vs_direct_relative_error,,,5.2936521710345e-05
Phase2_D20-80-20260929-10:49:58-80,scalar,DectScheduledAccessNetwork.queue,D,,,20
Phase2_D20-80-20260929-10:49:58-80,scalar,DectScheduledAccessNetwork.queue,r,,,50
Phase2_D20-80-20260929-10:49:58-80,scalar,DectScheduledAccessNetwork.queue,L_effective,,,1
Phase2_D20-80-20260929-10:49:58-80,scalar,DectScheduledAccessNetwork.queue,rho,,,0.063025210084
Phase2_D20-80-20260929-10:49:58-80,scalar,DectScheduledAccessNetwork.queue,rho_sat,,,0.04201680675489
Phase2_D20-80-20260929-10:49:58-80,scalar,DectScheduledAccessNetwork.queue,blocking_probability,,,0.3326526730929
Phase2_D20-80-20260929-10:49:58-80,scalar,DectScheduledAccessNetwork.queue,mean_type1_number,,,48.890925144944
Phase2_D20-80-20260929-10:49:58-80,scalar,DectScheduledAccessNetwork.queue,mean_delay_direct_ms,,,484.86840442467
Phase2_D20-80-20260929-10:49:58-80,scalar,DectScheduledAccessNetwork.queue,effective_throughput_departures_per_ms,,,0.10082850237339
Phase2_D20-80-20260929-10:49:58-80,scalar,DectScheduledAccessNetwork.queue,mean_delay_little_ms,,,484.89191046289
Phase2_D20-80-20260929-10:49:58-80,scalar,DectScheduledAccessNetwork.queue,little_vs_direct_relative_error,,,4.8479212107599e-05
Phase2_D20-81-20260929-10:49:58-80,scalar,DectScheduledAccessNetwork.queue,D,,,20
Phase2_D20-81-20260929-10:49:58-80,scalar,DectScheduledAccessNetwork.queue,r,,,50
Phase2_D20-81-20260929-10:49:58-80,scalar,DectScheduledAccessNetwork.queue,L_effective,,,1
Phase2_D20-81-20260929-10:49:58-80,scalar,DectScheduledAccessNetwork.queue,rho,,,0.063025210084
Phase2_D20-81-20260929-10:49:58-80,scalar,DectScheduledAccessNetwork.queue,rho_sat,,,0.04201680675489
Phase2_D20-81-20260929-10:49:58-80,scalar,DectScheduledAccessNetwork.queue,blocking_probability,,,0.3330303216237
Phase2_D20-81-20260929-10:49:58-80,scalar,DectScheduledAccessNetwork.queue,mean_type1_number,,,48.891748374802
Phase2_D20-81-20260929-10:49:58-80,scalar,DectScheduledAccessNetwork.queue,mean_delay_direct_ms,,,484.86590225185
Phase2_D20-81-20260929-10:49:58-80,scalar,DectScheduledAccessNetwork.queue,effective_throughput_departures_per_ms,,,0.10083058512855
Phase2_D20-81-20260929-10:49:58-80,scalar,DectScheduledAccessNetwork.queue,mean_delay_little_ms,,,484.8900590279
Phase2_D20-81-20260929-10:49:58-80,scalar,DectScheduledAccessNetwork.queue,little_vs_direct_relative_error,,,4.9821560838437e-05
Phase2_D20-82-20260929-10:49:59-80,scalar,DectScheduledAccessNetwork.queue,D,,,20
Phase2_D20-82-20260929-10:49:59-80,scalar,DectScheduledAccessNetwork.queue,r,,,50
Phase2_D20-82-20260929-10:49:59-80,scalar,DectScheduledAccessNetwork.queue,L_effective,,,1
Phase2_D20-82-20260929-10:49:59-80,scalar,DectScheduledAccessNetwork.queue,rho,,,0.063025210084
Phase2_D20-82-20260929-10:49:59-80,scalar,DectScheduledAccessNetwork.queue,rho_sat,,,0.04201680675489
Phase2_D20-82-20260929-10:49:59-80,scalar,DectScheduledAccessNetwork.queue,blocking_probability,,,0.33383249288897
Phase2_D20-82-20260929-10:49:59-80,scalar,DectScheduledAccessNetwork.queue,mean_type1_number,,,48.899407564782
Phase2_D20-82-20260929-10:49:59-80,scalar,DectScheduledAccessNetwork.queue,mean_delay_direct_ms,,,484.91710797695
Phase2_D20-82-20260929-10:49:59-80,scalar,DectScheduledAccessNetwork.queue,effective_throughput_departures_per_ms,,,0.10083585471696
Phase2_D20-82-20260929-10:49:59-80,scalar,DectScheduledAccessNetwork.queue,mean_delay_little_ms,,,484.94067613191
Phase2_D20-82-20260929-10:49:59-80,scalar,DectScheduledAccessNetwork.queue,little_vs_direct_relative_error,,,4.860244065763e-05
Phase2_D20-83-20260929-10:49:59-80,scalar,DectScheduledAccessNetwork.queue,D,,,20
Phase2_D20-83-20260929-10:49:59-80,scalar,DectScheduledAccessNetwork.queue,r,,,50
Phase2_D20-83-20260929-10:49:59-80,scalar,DectScheduledAccessNetwork.queue,L_effective,,,1
Phase2_D20-83-20260929-10:49:59-80,scalar,DectScheduledAccessNetwork.queue,rho,,,0.063025210084
Phase2_D20-83-20260929-10:49:59-80,scalar,DectScheduledAccessNetwork.queue,rho_sat,,,0.04201680675489
Phase2_D20-83-20260929-10:49:59-80,scalar,DectScheduledAccessNetwork.queue,blocking_probability,,,0.33304900382411
Phase2_D20-83-20260929-10:49:59-80,scalar,DectScheduledAccessNetwork.queue,mean_type1_number,,,48.898238526868
Phase2_D20-83-20260929-10:49:59-80,scalar,DectScheduledAccessNetwork.queue,mean_delay_direct_ms,,,484.94153163879
Phase2_D20-83-20260929-10:49:59-80,scalar,DectScheduledAccessNetwork.queue,effective_throughput_departures_per_ms,,,0.10082840156095
Phase2_D20-83-20260929-10:49:59-80,scalar,DectScheduledAccessNetwork.queue,mean_delay_little_ms,,,484.96492823314
Phase2_D20-83-20260929-10:49:59-80,scalar,DectScheduledAccessNetwork.queue,little_vs_direct_relative_error,,,4.8246216980186e-05
Phase2_D20-84-20260929-10:50:00-80,scalar,DectScheduledAccessNetwork.queue,D,,,20
Phase2_D20-84-20260929-10:50:00-80,scalar,DectScheduledAccessNetwork.queue,r,,,50
Phase2_D20-84-20260929-10:50:00-80,scalar,DectScheduledAccessNetwork.queue,L_effective,,,1
Phase2_D20-84-20260929-10:50:00-80,scalar,DectScheduledAccessNetwork.queue,rho,,,0.063025210084
Phase2_D20-84-20260929-10:50:00-80,scalar,DectScheduledAccessNetwork.queue,rho_sat,,,0.04201680675489
Phase2_D20-84-20260929-10:50:00-80,scalar,DectScheduledAccessNetwork.queue,blocking_probability,,,0.33271434500448
Phase2_D20-84-20260929-10:50:00-80,scalar,DectScheduledAccessNetwork.queue,mean_type1_number,,,48.894010705124
Phase2_D20-84-20260929-10:50:00-80,scalar,DectScheduledAccessNetwork.queue,mean_delay_direct_ms,,,484.87049321956
Phase2_D20-84-20260929-10:50:00-80,scalar,DectScheduledAccessNetwork.queue,effective_throughput_departures_per_ms,,,0.10083444887705
Phase2_D20-84-20260929-10:50:00-80,scalar,DectScheduledAccessNetwork.queue,mean_delay_little_ms,,,484.89391522077
Phase2_D20-84-20260929-10:50:00-80,scalar,DectScheduledAccessNetwork.queue,little_vs_direct_relative_error,,,4.8305684804184e-05
Phase2_D20-85-20260929-10:50:00-80,scalar,DectScheduledAccessNetwork.queue,D,,,20
Phase2_D20-85-20260929-10:50:00-80,scalar,DectScheduledAccessNetwork.queue,r,,,50
Phase2_D20-85-20260929-10:50:00-80,scalar,DectScheduledAccessNetwork.queue,L_effective,,,1
Phase2_D20-85-20260929-10:50:00-80,scalar,DectScheduledAccessNetwork.queue,rho,,,0.063025210084
Phase2_D20-85-20260929-10:50:00-80,scalar,DectScheduledAccessNetwork.queue,rho_sat,,,0.04201680675489
Phase2_D20-85-20260929-10:50:00-80,scalar,DectScheduledAccessNetwork.queue,blocking_probability,,,0.33302987618949
Phase2_D20-85-20260929-10:50:00-80,scalar,DectScheduledAccessNetwork.queue,mean_type1_number,,,48.893954273575
Phase2_D20-85-20260929-10:50:00-80,scalar,DectScheduledAccessNetwork.queue,mean_delay_direct_ms,,,484.89018497897
Phase2_D20-85-20260929-10:50:00-80,scalar,DectScheduledAccessNetwork.queue,effective_throughput_departures_per_ms,,,0.10083012138485
Phase2_D20-85-20260929-10:50:00-80,scalar,DectScheduledAccessNetwork.queue,mean_delay_little_ms,,,484.91416654111
Phase2_D20-85-20260929-10:50:00-80,scalar,DectScheduledAccessNetwork.queue,little_vs_direct_relative_error,,,4.9457718218848e-05
Phase2_D20-86-20260929-10:50:00-80,scalar,DectScheduledAccessNetwork.queue,D,,,20
Phase2_D20-86-20260929-10:50:00-80,scalar,DectScheduledAccessNetwork.queue,r,,,50
Phase2_D20-86-20260929-10:50:00-80,scalar,DectScheduledAccessNetwork.queue,L_effective,,,1
Phase2_D20-86-20260929-10:50:00-80,scalar,DectScheduledAccessNetwork.queue,rho,,,0.063025210084
Phase2_D20-86-20260929-10:50:00-80,scalar,DectScheduledAccessNetwork.queue,rho_sat,,,0.04201680675489
Phase2_D20-86-20260929-10:50:00-80,scalar,DectScheduledAccessNetwork.queue,blocking_probability,,,0.33329933319733
Phase2_D20-86-20260929-10:50:00-80,scalar,DectScheduledAccessNetwork.queue,mean_type1_number,,,48.900221163802
Phase2_D20-86-20260929-10:50:00-80,scalar,DectScheduledAccessNetwork.queue,mean_delay_direct_ms,,,484.95383809989
Phase2_D20-86-20260929-10:50:00-80,scalar,DectScheduledAccessNetwork.queue,effective_throughput_departures_per_ms,,,0.10082982104959
Phase2_D20-86-20260929-10:50:00-80,scalar,DectScheduledAccessNetwork.queue,mean_delay_little_ms,,,484.97776406598
Phase2_D20-86-20260929-10:50:00-80,scalar,DectScheduledAccessNetwork.queue,little_vs_direct_relative_error,,,4.9336584658111e-05
Phase2_D20-87-20260929-10:50:01-80,scalar,DectScheduledAccessNetwork.queue,D,,,20
Phase2_D20-87-20260929-10:50:01-80,scalar,DectScheduledAccessNetwork.queue,r,,,50
Phase2_D20-87-20260929-10:50:01-80,scalar,DectScheduledAccessNetwork.queue,L_effective,,,1
Phase2_D20-87-20260929-10:50:01-80,scalar,DectScheduledAccessNetwork.queue,rho,,,0.063025210084
Phase2_D20-87-20260929-10:50:01-80,scalar,DectScheduledAccessNetwork.queue,rho_sat,,,0.04201680675489
Phase2_D20-87-20260929-10:50:01-80,scalar,DectScheduledAccessNetwork.queue,blocking_probability,,,0.33363340571941
Phase2_D20-87-20260929-10:50:01-80,scalar,DectScheduledAccessNetwork.queue,mean_type1_number,,,48.901894005463
Phase2_D20-87-20260929-10:50:01-80,scalar,DectScheduledAccessNetwork.queue,mean_delay_direct_ms,,,484.97030221891
Phase2_D20-87-20260929-10:50:01-80,scalar,DectScheduledAccessNetwork.queue,effective_throughput_departures_per_ms,,,0.10082996511306
Phase2_D20-87-20260929-10:50:01-80,scalar,DectScheduledAccessNetwork.queue,mean_delay_little_ms,,,484.99366186062
Phase2_D20-87-20260929-10:50:01-80,scalar,DectScheduledAccessNetwork.queue,little_vs_direct_relative_error,,,4.8167159119261e-05
Phase2_D20-88-20260929-10:50:01-80,scalar,DectScheduledAccessNetwork.queue,D,,,20
Phase2_D20-88-20260929-10:50:01-80,scalar,DectScheduledAccessNetwork.queue,r,,,50
Phase2_D20-88-20260929-10:50:01-80,scalar,DectScheduledAccessNetwork.queue,L_effective,,,1
Phase2_D20-88-20260929-10:50:01-80,scalar,DectScheduledAccessNetwork.queue,rho,,,0.063025210084
Phase2_D20-88-20260929-10:50:01-80,scalar,DectScheduledAccessNetwork.queue,rho_sat,,,0.04201680675489
Phase2_D20-88-20260929-10:50:01-80,scalar,DectScheduledAccessNetwork.queue,blocking_probability,,,0.33374905396907
Phase2_D20-88-20260929-10:50:01-80,scalar,DectScheduledAccessNetwork.queue,mean_type1_number,,,48.898807803606
Phase2_D20-88-20260929-10:50:01-80,scalar,DectScheduledAccessNetwork.queue,mean_delay_direct_ms,,,484.91237759814
Phase2_D20-88-20260929-10:50:01-80,scalar,DectScheduledAccessNetwork.queue,effective_throughput_departures_per_ms,,,0.10083557907291
Phase2_D20-88-20260929-10:50:01-80,scalar,DectScheduledAccessNetwork.queue,mean_delay_little_ms,,,484.93605385309
Phase2_D20-88-20260929-10:50:01-80,scalar,DectScheduledAccessNetwork.queue,little_vs_direct_relative_error,,,4.8825841621358e-05
Phase2_D20-89-20260929-10:50:01-80,scalar,DectScheduledAccessNetwork.queue,D,,,20
Phase2_D20-89-20260929-10:50:01-80,scalar,DectScheduledAccessNetwork.queue,r,,,50
Phase2_D20-89-20260929-10:50:01-80,scalar,DectScheduledAccessNetwork.queue,L_effective,,,1
Phase2_D20-89-20260929-10:50:01-80,scalar,DectScheduledAccessNetwork.queue,rho,,,0.063025210084
Phase2_D20-89-20260929-10:50:01-80,scalar,DectScheduledAccessNetwork.queue,rho_sat,,,0.04201680675489
Phase2_D20-89-20260929-10:50:01-80,scalar,DectScheduledAccessNetwork.queue,blocking_probability,,,0.33303610432138
Phase2_D20-89-20260929-10:50:01-80,scalar,DectScheduledAccessNetwork.queue,mean_type1_number,,,48.892730987552
Phase2_D20-89-20260929-10:50:01-80,scalar,DectScheduledAccessNetwork.queue,mean_delay_direct_ms,,,484.84197942945
Phase2_D20-89-20260929-10:50:01-80,scalar,DectScheduledAccessNetwork.queue,effective_throughput_departures_per_ms,,,0.10083765869115
Phase2_D20-89-20260929-10:50:01-80,scalar,DectScheduledAccessNetwork.queue,mean_delay_little_ms,,,484.86578944979
Phase2_D20-89-20260929-10:50:01-80,scalar,DectScheduledAccessNetwork.queue,little_vs_direct_relative_error,,,4.9108825861843e-05
Phase2_D6-30-20260929-10:48:43-78,scalar,DectScheduledAccessNetwork.queue,D,,,6
Phase2_D6-30-20260929-10:48:43-78,scalar,DectScheduledAccessNetwork.queue,r,,,20
Phase2_D6-30-20260929-10:48:43-78,scalar,DectScheduledAccessNetwork.queue,L_effective,,,4
Phase2_D6-30-20260929-10:48:43-78,scalar,DectScheduledAccessNetwork.queue,rho,,,0.083333333333
Phase2_D6-30-20260929-10:48:43-78,scalar,DectScheduledAccessNetwork.queue,rho_sat,,,0.16666666678333
Phase2_D6-30-20260929-10:48:43-78,scalar,DectScheduledAccessNetwork.queue,blocking_probability,,,0
Phase2_D6-30-20260929-10:48:43-78,scalar,DectScheduledAccessNetwork.queue,mean_type1_number,,,1.0238042480466
Phase2_D6-30-20260929-10:48:43-78,scalar,DectScheduledAccessNetwork.queue,mean_delay_direct_ms,,,5.1230874178221
Phase2_D6-30-20260929-10:48:43-78,scalar,DectScheduledAccessNetwork.queue,effective_throughput_departures_per_ms,,,0.19984095317606
Phase2_D6-30-20260929-10:48:43-78,scalar,DectScheduledAccessNetwork.queue,mean_delay_little_ms,,,5.1230953004143
Phase2_D6-30-20260929-10:48:43-78,scalar,DectScheduledAccessNetwork.queue,little_vs_direct_relative_error,,,1.5386409737417e-06
Phase2_D6-31-20260929-10:48:43-78,scalar,DectScheduledAccessNetwork.queue,D,,,6
Phase2_D6-31-20260929-10:48:43-78,scalar,DectScheduledAccessNetwork.queue,r,,,20
Phase2_D6-31-20260929-10:48:43-78,scalar,DectScheduledAccessNetwork.queue,L_effective,,,4
Phase2_D6-31-20260929-10:48:43-78,scalar,DectScheduledAccessNetwork.queue,rho,,,0.083333333333
Phase2_D6-31-20260929-10:48:43-78,scalar,DectScheduledAccessNetwork.queue,rho_sat,,,0.16666666678333
Phase2_D6-31-20260929-10:48:43-78,scalar,DectScheduledAccessNetwork.queue,blocking_probability,,,0
Phase2_D6-31-20260929-10:48:43-78,scalar,DectScheduledAccessNetwork.queue,mean_type1_number,,,1.0273583203065
Phase2_D6-31-20260929-10:48:43-78,scalar,DectScheduledAccessNetwork.queue,mean_delay_direct_ms,,,5.1377727578516
Phase2_D6-31-20260929-10:48:43-78,scalar,DectScheduledAccessNetwork.queue,effective_throughput_departures_per_ms,,,0.19996133608158
Phase2_D6-31-20260929-10:48:43-78,scalar,DectScheduledAccessNetwork.queue,mean_delay_little_ms,,,5.1377848360016
Phase2_D6-31-20260929-10:48:43-78,scalar,DectScheduledAccessNetwork.queue,little_vs_direct_relative_error,,,2.3508532920324e-06
Phase2_D6-32-20260929-10:48:44-78,scalar,DectScheduledAccessNetwork.queue,D,,,6
Phase2_D6-32-20260929-10:48:44-78,scalar,DectScheduledAccessNetwork.queue,r,,,20
Phase2_D6-32-20260929-10:48:44-78,scalar,DectScheduledAccessNetwork.queue,L_effective,,,4
Phase2_D6-32-20260929-10:48:44-78,scalar,DectScheduledAccessNetwork.queue,rho,,,0.083333333333
Phase2_D6-32-20260929-10:48:44-78,scalar,DectScheduledAccessNetwork.queue,rho_sat,,,0.16666666678333
Phase2_D6-32-20260929-10:48:44-78,scalar,DectScheduledAccessNetwork.queue,blocking_probability,,,0
Phase2_D6-32-20260929-10:48:44-78,scalar,DectScheduledAccessNetwork.queue,mean_type1_number,,,1.0265924414474
Phase2_D6-32-20260929-10:48:44-78,scalar,DectScheduledAccessNetwork.queue,mean_delay_direct_ms,,,5.129688215878
Phase2_D6-32-20260929-10:48:44-78,scalar,DectScheduledAccessNetwork.queue,effective_throughput_departures_per_ms,,,0.20012759519303
Phase2_D6-32-20260929-10:48:44-78,scalar,DectScheduledAccessNetwork.queue,mean_delay_little_ms,,,5.129689588571
Phase2_D6-32-20260929-10:48:44-78,scalar,DectScheduledAccessNetwork.queue,little_vs_direct_relative_error,,,2.6759773352758e-07
Phase2_D6-33-20260929-10:48:44-78,scalar,DectScheduledAccessNetwork.queue,D,,,6
Phase2_D6-33-20260929-10:48:44-78,scalar,DectScheduledAccessNetwork.queue,r,,,20
Phase2_D6-33-20260929-10:48:44-78,scalar,DectScheduledAccessNetwork.queue,L_effective,,,4
Phase2_D6-33-20260929-10:48:44-78,scalar,DectScheduledAccessNetwork.queue,rho,,,0.083333333333
Phase2_D6-33-20260929-10:48:44-78,scalar,DectScheduledAccessNetwork.queue,rho_sat,,,0.16666666678333
Phase2_D6-33-20260929-10:48:44-78,scalar,DectScheduledAccessNetwork.queue,blocking_probability,,,0
Phase2_D6-33-20260929-10:48:44-78,scalar,DectScheduledAccessNetwork.queue,mean_type1_number,,,1.0250307059178
Phase2_D6-33-20260929-10:48:44-78,scalar,DectScheduledAccessNetwork.queue,mean_delay_direct_ms,,,5.1305800960664
Phase2_D6-33-20260929-10:48:44-78,scalar,DectScheduledAccessNetwork.queue,effective_throughput_departures_per_ms,,,0.19978843232155
Phase2_D6-33-20260929-10:48:44-78,scalar,DectScheduledAccessNetwork.queue,mean_delay_little_ms,,,5.1305808549919
Phase2_D6-33-20260929-10:48:44-78,scalar,DectScheduledAccessNetwork.queue,little_vs_direct_relative_error,,,1.4792197067237e-07
Phase2_D6-34-20260929-10:48:44-78,scalar,DectScheduledAccessNetwork.queue,D,,,6
Phase2_D6-34-20260929-10:48:44-78,scalar,DectScheduledAccessNetwork.queue,r,,,20
Phase2_D6-34-20260929-10:48:44-78,scalar,DectScheduledAccessNetwork.queue,L_effective,,,4
Phase2_D6-34-20260929-10:48:44-78,scalar,DectScheduledAccessNetwork.queue,rho,,,0.083333333333
Phase2_D6-34-20260929-10:48:44-78,scalar,DectScheduledAccessNetwork.queue,rho_sat,,,0.16666666678333
Phase2_D6-34-20260929-10:48:44-78,scalar,DectScheduledAccessNetwork.queue,blocking_probability,,,0
Phase2_D6-34-20260929-10:48:44-78,scalar,DectScheduledAccessNetwork.queue,mean_type1_number,,,1.0234822062926
Phase2_D6-34-20260929-10:48:44-78,scalar,DectScheduledAccessNetwork.queue,mean_delay_direct_ms,,,5.1233561081037
Phase2_D6-34-20260929-10:48:44-78,scalar,DectScheduledAccessNetwork.queue,effective_throughput_departures_per_ms,,,0.19976765322217
Phase2_D6-34-20260929-10:48:44-78,scalar,DectScheduledAccessNetwork.queue,mean_delay_little_ms,,,5.1233630159047
Phase2_D6-34-20260929-10:48:44-78,scalar,DectScheduledAccessNetwork.queue,little_vs_direct_relative_error,,,1.3482960972144e-06
Phase2_D6-35-20260929-10:48:44-78,scalar,DectScheduledAccessNetwork.queue,D,,,6
Phase2_D6-35-20260929-10:48:44-78,scalar,DectScheduledAccessNetwork.queue,r,,,20
Phase2_D6-35-20260929-10:48:44-78,scalar,DectScheduledAccessNetwork.queue,L_effective,,,4
Phase2_D6-35-20260929-10:48:44-78,scalar,DectScheduledAccessNetwork.queue,rho,,,0.083333333333
Phase2_D6-35-20260929-10:48:44-78,scalar,DectScheduledAccessNetwork.queue,rho_sat,,,0.16666666678333
Phase2_D6-35-20260929-10:48:44-78,scalar,DectScheduledAccessNetwork.queue,blocking_probability,,,0
Phase2_D6-35-20260929-10:48:44-78,scalar,DectScheduledAccessNetwork.queue,mean_type1_number,,,1.02538093778
Phase2_D6-35-20260929-10:48:44-78,scalar,DectScheduledAccessNetwork.queue,mean_delay_direct_ms,,,5.1297768418285
Phase2_D6-35-20260929-10:48:44-78,scalar,DectScheduledAccessNetwork.queue,effective_throughput_departures_per_ms,,,0.19988733314492
Phase2_D6-35-20260929-10:48:44-78,scalar,DectScheduledAccessNetwork.queue,mean_delay_little_ms,,,5.1297944779554
Phase2_D6-35-20260929-10:48:44-78,scalar,DectScheduledAccessNetwork.queue,little_vs_direct_relative_error,,,3.4379910667237e-06
Phase2_D6-36-20260929-10:48:45-78,scalar,DectScheduledAccessNetwork.queue,D,,,6
Phase2_D6-36-20260929-10:48:45-78,scalar,DectScheduledAccessNetwork.queue,r,,,20
Phase2_D6-36-20260929-10:48:45-78,scalar,DectScheduledAccessNetwork.queue,L_effective,,,4
Phase2_D6-36-20260929-10:48:45-78,scalar,DectScheduledAccessNetwork.queue,rho,,,0.083333333333
Phase2_D6-36-20260929-10:48:45-78,scalar,DectScheduledAccessNetwork.queue,rho_sat,,,0.16666666678333
Phase2_D6-36-20260929-10:48:45-78,scalar,DectScheduledAccessNetwork.queue,blocking_probability,,,0
Phase2_D6-36-20260929-10:48:45-78,scalar,DectScheduledAccessNetwork.queue,mean_type1_number,,,1.0249009821048
Phase2_D6-36-20260929-10:48:45-78,scalar,DectScheduledAccessNetwork.queue,mean_delay_direct_ms,,,5.1266618099199
Phase2_D6-36-20260929-10:48:45-78,scalar,DectScheduledAccessNetwork.queue,effective_throughput_departures_per_ms,,,0.19991585560052
Phase2_D6-36-20260929-10:48:45-78,scalar,DectScheduledAccessNetwork.queue,mean_delay_little_ms,,,5.1266618099204
Phase2_D6-36-20260929-10:48:45-78,scalar,DectScheduledAccessNetwork.queue,little_vs_direct_relative_error,,,9.0372154204488e-14
Phase2_D6-37-20260929-10:48:45-78,scalar,DectScheduledAccessNetwork.queue,D,,,6
Phase2_D6-37-20260929-10:48:45-78,scalar,DectScheduledAccessNetwork.queue,r,,,20
Phase2_D6-37-20260929-10:48:45-78,scalar,DectScheduledAccessNetwork.queue,L_effective,,,4
Phase2_D6-37-20260929-10:48:45-78,scalar,DectScheduledAccessNetwork.queue,rho,,,0.083333333333
Phase2_D6-37-20260929-10:48:45-78,scalar,DectScheduledAccessNetwork.queue,rho_sat,,,0.16666666678333
Phase2_D6-37-20260929-10:48:45-78,scalar,DectScheduledAccessNetwork.queue,blocking_probability,,,0
Phase2_D6-37-20260929-10:48:45-78,scalar,DectScheduledAccessNetwork.queue,mean_type1_number,,,1.0249606735927
Phase2_D6-37-20260929-10:48:45-78,scalar,DectScheduledAccessNetwork.queue,mean_delay_direct_ms,,,5.1244059928148
Phase2_D6-37-20260929-10:48:45-78,scalar,DectScheduledAccessNetwork.queue,effective_throughput_departures_per_ms,,,0.20001527763904
Phase2_D6-37-20260929-10:48:45-78,scalar,DectScheduledAccessNetwork.queue,mean_delay_little_ms,,,5.1244119233853
Phase2_D6-37-20260929-10:48:45-78,scalar,DectScheduledAccessNetwork.queue,little_vs_direct_relative_error,,,1.1573186087244e-06
Phase2_D6-38-20260929-10:48:45-78,scalar,DectScheduledAccessNetwork.queue,D,,,6
Phase2_D6-38-20260929-10:48:45-78,scalar,DectScheduledAccessNetwork.queue,r,,,20
Phase2_D6-38-20260929-10:48:45-78,scalar,DectScheduledAccessNetwork.queue,L_effective,,,4
Phase2_D6-38-20260929-10:48:45-78,scalar,DectScheduledAccessNetwork.queue,rho,,,0.083333333333
Phase2_D6-38-20260929-10:48:45-78,scalar,DectScheduledAccessNetwork.queue,rho_sat,,,0.16666666678333
Phase2_D6-38-20260929-10:48:45-78,scalar,DectScheduledAccessNetwork.queue,blocking_probability,,,0
Phase2_D6-38-20260929-10:48:45-78,scalar,DectScheduledAccessNetwork.queue,mean_type1_number,,,1.0258724639209
Phase2_D6-38-20260929-10:48:45-78,scalar,DectScheduledAccessNetwork.queue,mean_delay_direct_ms,,,5.1293289188114
Phase2_D6-38-20260929-10:48:45-78,scalar,DectScheduledAccessNetwork.queue,effective_throughput_departures_per_ms,,,0.20000125712263
Phase2_D6-38-20260929-10:48:45-78,scalar,DectScheduledAccessNetwork.queue,mean_delay_little_ms,,,5.1293300786199
Phase2_D6-38-20260929-10:48:45-78,scalar,DectScheduledAccessNetwork.queue,little_vs_direct_relative_error,,,2.2611310557252e-07
Phase2_D6-39-20260929-10:48:46-78,scalar,DectScheduledAccessNetwork.queue,D,,,6
Phase2_D6-39-20260929-10:48:46-78,scalar,DectScheduledAccessNetwork.queue,r,,,20
Phase2_D6-39-20260929-10:48:46-78,scalar,DectScheduledAccessNetwork.queue,L_effective,,,4
Phase2_D6-39-20260929-10:48:46-78,scalar,DectScheduledAccessNetwork.queue,rho,,,0.083333333333
Phase2_D6-39-20260929-10:48:46-78,scalar,DectScheduledAccessNetwork.queue,rho_sat,,,0.16666666678333
Phase2_D6-39-20260929-10:48:46-78,scalar,DectScheduledAccessNetwork.queue,blocking_probability,,,0
Phase2_D6-39-20260929-10:48:46-78,scalar,DectScheduledAccessNetwork.queue,mean_type1_number,,,1.0267100925735
Phase2_D6-39-20260929-10:48:46-78,scalar,DectScheduledAccessNetwork.queue,mean_delay_direct_ms,,,5.1317224979342
Phase2_D6-39-20260929-10:48:46-78,scalar,DectScheduledAccessNetwork.queue,effective_throughput_departures_per_ms,,,0.20007062446701
Phase2_D6-39-20260929-10:48:46-78,scalar,DectScheduledAccessNetwork.queue,mean_delay_little_ms,,,5.1317383314449
Phase2_D6-39-20260929-10:48:46-78,scalar,DectScheduledAccessNetwork.queue,little_vs_direct_relative_error,,,3.0854183290518e-06
Phase2_D6-40-20260929-10:48:46-78,scalar,DectScheduledAccessNetwork.queue,D,,,6
Phase2_D6-40-20260929-10:48:46-78,scalar,DectScheduledAccessNetwork.queue,r,,,20
Phase2_D6-40-20260929-10:48:46-78,scalar,DectScheduledAccessNetwork.queue,L_effective,,,4
Phase2_D6-40-20260929-10:48:46-78,scalar,DectScheduledAccessNetwork.queue,rho,,,0.166666666667
Phase2_D6-40-20260929-10:48:46-78,scalar,DectScheduledAccessNetwork.queue,rho_sat,,,0.16666666678333
Phase2_D6-40-20260929-10:48:46-78,scalar,DectScheduledAccessNetwork.queue,blocking_probability,,,0.027356462704133
Phase2_D6-40-20260929-10:48:46-78,scalar,DectScheduledAccessNetwork.queue,mean_type1_number,,,9.9697617798979
Phase2_D6-40-20260929-10:48:46-78,scalar,DectScheduledAccessNetwork.queue,mean_delay_direct_ms,,,25.62761803144
Phase2_D6-40-20260929-10:48:46-78,scalar,DectScheduledAccessNetwork.queue,effective_throughput_departures_per_ms,,,0.38902353139325
Phase2_D6-40-20260929-10:48:46-78,scalar,DectScheduledAccessNetwork.queue,mean_delay_little_ms,,,25.627657391809
Phase2_D6-40-20260929-10:48:46-78,scalar,DectScheduledAccessNetwork.queue,little_vs_direct_relative_error,,,1.5358574818602e-06
Phase2_D6-41-20260929-10:48:46-78,scalar,DectScheduledAccessNetwork.queue,D,,,6
Phase2_D6-41-20260929-10:48:46-78,scalar,DectScheduledAccessNetwork.queue,r,,,20
Phase2_D6-41-20260929-10:48:46-78,scalar,DectScheduledAccessNetwork.queue,L_effective,,,4
Phase2_D6-41-20260929-10:48:46-78,scalar,DectScheduledAccessNetwork.queue,rho,,,0.166666666667
Phase2_D6-41-20260929-10:48:46-78,scalar,DectScheduledAccessNetwork.queue,rho_sat,,,0.16666666678333
Phase2_D6-41-20260929-10:48:46-78,scalar,DectScheduledAccessNetwork.queue,blocking_probability,,,0.027112087877877
Phase2_D6-41-20260929-10:48:46-78,scalar,DectScheduledAccessNetwork.queue,mean_type1_number,,,9.9773597477263
Phase2_D6-41-20260929-10:48:46-78,scalar,DectScheduledAccessNetwork.queue,mean_delay_direct_ms,,,25.64061468114
Phase2_D6-41-20260929-10:48:46-78,scalar,DectScheduledAccessNetwork.queue,effective_throughput_departures_per_ms,,,0.38911428427631
Phase2_D6-41-20260929-10:48:46-78,scalar,DectScheduledAccessNetwork.queue,mean_delay_little_ms,,,25.641206583517
Phase2_D6-41-20260929-10:48:46-78,scalar,DectScheduledAccessNetwork.queue,little_vs_direct_relative_error,,,2.3084562679632e-05
Phase2_D6-42-20260929-10:48:46-78,scalar,DectScheduledAccessNetwork.queue,D,,,6
Phase2_D6-42-20260929-10:48:46-78,scalar,DectScheduledAccessNetwork.queue,r,,,20
Phase2_D6-42-20260929-10:48:46-78,scalar,DectScheduledAccessNetwork.queue,L_effective,,,4
Phase2_D6-42-20260929-10:48:46-78,scalar,DectScheduledAccessNetwork.queue,rho,,,0.166666666667
Phase2_D6-42-20260929-10:48:46-78,scalar,DectScheduledAccessNetwork.queue,rho_sat,,,0.16666666678333
Phase2_D6-42-20260929-10:48:46-78,scalar,DectScheduledAccessNetwork.queue,blocking_probability,,,0.026541884312195
Phase2_D6-42-20260929-10:48:46-78,scalar,DectScheduledAccessNetwork.queue,mean_type1_number,,,9.9848509144572
Phase2_D6-42-20260929-10:48:46-78,scalar,DectScheduledAccessNetwork.queue,mean_delay_direct_ms,,,25.639975040975
Phase2_D6-42-20260929-10:48:46-78,scalar,DectScheduledAccessNetwork.queue,effective_throughput_departures_per_ms,,,0.38942091914014
Phase2_D6-42-20260929-10:48:46-78,scalar,DectScheduledAccessNetwork.queue,mean_delay_little_ms,,,25.640253062173
Phase2_D6-42-20260929-10:48:46-78,scalar,DectScheduledAccessNetwork.queue,little_vs_direct_relative_error,,,1.0843270990879e-05
Phase2_D6-43-20260929-10:48:47-78,scalar,DectScheduledAccessNetwork.queue,D,,,6
Phase2_D6-43-20260929-10:48:47-78,scalar,DectScheduledAccessNetwork.queue,r,,,20
Phase2_D6-43-20260929-10:48:47-78,scalar,DectScheduledAccessNetwork.queue,L_effective,,,4
Phase2_D6-43-20260929-10:48:47-78,scalar,DectScheduledAccessNetwork.queue,rho,,,0.166666666667
Phase2_D6-43-20260929-10:48:47-78,scalar,DectScheduledAccessNetwork.queue,rho_sat,,,0.16666666678333
Phase2_D6-43-20260929-10:48:47-78,scalar,DectScheduledAccessNetwork.queue,blocking_probability,,,0.026382609169753
Phase2_D6-43-20260929-10:48:47-78,scalar,DectScheduledAccessNetwork.queue,mean_type1_number,,,9.8576563312194
Phase2_D6-43-20260929-10:48:47-78,scalar,DectScheduledAccessNetwork.queue,mean_delay_direct_ms,,,25.352938746869
Phase2_D6-43-20260929-10:48:47-78,scalar,DectScheduledAccessNetwork.queue,effective_throughput_departures_per_ms,,,0.38881100566135
Phase2_D6-43-20260929-10:48:47-78,scalar,DectScheduledAccessNetwork.queue,mean_delay_little_ms,,,25.35333667948
Phase2_D6-43-20260929-10:48:47-78,scalar,DectScheduledAccessNetwork.queue,little_vs_direct_relative_error,,,1.5695719347786e-05
Phase2_D6-44-20260929-10:48:47-78,scalar,DectScheduledAccessNetwork.queue,D,,,6
Phase2_D6-44-20260929-10:48:47-78,scalar,DectScheduledAccessNetwork.queue,r,,,20
Phase2_D6-44-20260929-10:48:47-78,scalar,DectScheduledAccessNetwork.queue,L_effective,,,4
Phase2_D6-44-20260929-10:48:47-78,scalar,DectScheduledAccessNetwork.queue,rho,,,0.166666666667
Phase2_D6-44-20260929-10:48:47-78,scalar,DectScheduledAccessNetwork.queue,rho_sat,,,0.16666666678333
Phase2_D6-44-20260929-10:48:47-78,scalar,DectScheduledAccessNetwork.queue,blocking_probability,,,0.027073543290233
Phase2_D6-44-20260929-10:48:47-78,scalar,DectScheduledAccessNetwork.queue,mean_type1_number,,,9.939682724526
Phase2_D6-44-20260929-10:48:47-78,scalar,DectScheduledAccessNetwork.queue,mean_delay_direct_ms,,,25.550379901379
Phase2_D6-44-20260929-10:48:47-78,scalar,DectScheduledAccessNetwork.queue,effective_throughput_departures_per_ms,,,0.38901850752748
Phase2_D6-44-20260929-10:48:47-78,scalar,DectScheduledAccessNetwork.queue,mean_delay_little_ms,,,25.550667981584
Phase2_D6-44-20260929-10:48:47-78,scalar,DectScheduledAccessNetwork.queue,little_vs_direct_relative_error,,,1.1274987163246e-05
Phase2_D6-45-20260929-10:48:47-78,scalar,DectScheduledAccessNetwork.queue,D,,,6
Phase2_D6-45-20260929-10:48:47-78,scalar,DectScheduledAccessNetwork.queue,r,,,20
Phase2_D6-45-20260929-10:48:47-78,scalar,DectScheduledAccessNetwork.queue,L_effective,,,4
Phase2_D6-45-20260929-10:48:47-78,scalar,DectScheduledAccessNetwork.queue,rho,,,0.166666666667
Phase2_D6-45-20260929-10:48:47-78,scalar,DectScheduledAccessNetwork.queue,rho_sat,,,0.16666666678333
Phase2_D6-45-20260929-10:48:47-78,scalar,DectScheduledAccessNetwork.queue,blocking_probability,,,0.026723816586908
Phase2_D6-45-20260929-10:48:47-78,scalar,DectScheduledAccessNetwork.queue,mean_type1_number,,,9.9195672779249
Phase2_D6-45-20260929-10:48:47-78,scalar,DectScheduledAccessNetwork.queue,mean_delay_direct_ms,,,25.50510295332
Phase2_D6-45-20260929-10:48:47-78,scalar,DectScheduledAccessNetwork.queue,effective_throughput_departures_per_ms,,,0.3889166961218
Phase2_D6-45-20260929-10:48:47-78,scalar,DectScheduledAccessNetwork.queue,mean_delay_little_ms,,,25.505634951754
Phase2_D6-45-20260929-10:48:47-78,scalar,DectScheduledAccessNetwork.queue,little_vs_direct_relative_error,,,2.0858509587329e-05
Phase2_D6-46-20260929-10:48:47-78,scalar,DectScheduledAccessNetwork.queue,D,,,6
Phase2_D6-46-20260929-10:48:47-78,scalar,DectScheduledAccessNetwork.queue,r,,,20
Phase2_D6-46-20260929-10:48:47-78,scalar,DectScheduledAccessNetwork.queue,L_effective,,,4
Phase2_D6-46-20260929-10:48:47-78,scalar,DectScheduledAccessNetwork.queue,rho,,,0.166666666667
Phase2_D6-46-20260929-10:48:47-78,scalar,DectScheduledAccessNetwork.queue,rho_sat,,,0.16666666678333
Phase2_D6-46-20260929-10:48:47-78,scalar,DectScheduledAccessNetwork.queue,blocking_probability,,,0.027099021267488
Phase2_D6-46-20260929-10:48:47-78,scalar,DectScheduledAccessNetwork.queue,mean_type1_number,,,9.929762586895
Phase2_D6-46-20260929-10:48:47-78,scalar,DectScheduledAccessNetwork.queue,mean_delay_direct_ms,,,25.527150703192
Phase2_D6-46-20260929-10:48:47-78,scalar,DectScheduledAccessNetwork.queue,effective_throughput_departures_per_ms,,,0.38898706650821
Phase2_D6-46-20260929-10:48:47-78,scalar,DectScheduledAccessNetwork.queue,mean_delay_little_ms,,,25.527230702117
Phase2_D6-46-20260929-10:48:47-78,scalar,DectScheduledAccessNetwork.queue,little_vs_direct_relative_error,,,3.1338760400068e-06
Phase2_D6-47-20260929-10:48:48-78,scalar,DectScheduledAccessNetwork.queue,D,,,6
Phase2_D6-47-20260929-10:48:48-78,scalar,DectScheduledAccessNetwork.queue,r,,,20
Phase2_D6-47-20260929-10:48:48-78,scalar,DectScheduledAccessNetwork.queue,L_effective,,,4
Phase2_D6-47-20260929-10:48:48-78,scalar,DectScheduledAccessNetwork.queue,rho,,,0.166666666667
Phase2_D6-47-20260929-10:48:48-78,scalar,DectScheduledAccessNetwork.queue,rho_sat,,,0.16666666678333
Phase2_D6-47-20260929-10:48:48-78,scalar,DectScheduledAccessNetwork.queue,blocking_probability,,,0.027321272249781
Phase2_D6-47-20260929-10:48:48-78,scalar,DectScheduledAccessNetwork.queue,mean_type1_number,,,9.9704780096514
Phase2_D6-47-20260929-10:48:48-78,scalar,DectScheduledAccessNetwork.queue,mean_delay_direct_ms,,,25.61841539981
Phase2_D6-47-20260929-10:48:48-78,scalar,DectScheduledAccessNetwork.queue,effective_throughput_departures_per_ms,,,0.38918497646298
Phase2_D6-47-20260929-10:48:48-78,scalar,DectScheduledAccessNetwork.queue,mean_delay_little_ms,,,25.618866638342
Phase2_D6-47-20260929-10:48:48-78,scalar,DectScheduledAccessNetwork.queue,little_vs_direct_relative_error,,,1.7613834607744e-05
Phase2_D6-48-20260929-10:48:48-78,scalar,DectScheduledAccessNetwork.queue,D,,,6
Phase2_D6-48-20260929-10:48:48-78,scalar,DectScheduledAccessNetwork.queue,r,,,20
Phase2_D6-48-20260929-10:48:48-78,scalar,DectScheduledAccessNetwork.queue,L_effective,,,4
Phase2_D6-48-20260929-10:48:48-78,scalar,DectScheduledAccessNetwork.queue,rho,,,0.166666666667
Phase2_D6-48-20260929-10:48:48-78,scalar,DectScheduledAccessNetwork.queue,rho_sat,,,0.16666666678333
Phase2_D6-48-20260929-10:48:48-78,scalar,DectScheduledAccessNetwork.queue,blocking_probability,,,0.026568830344575
Phase2_D6-48-20260929-10:48:48-78,scalar,DectScheduledAccessNetwork.queue,mean_type1_number,,,9.9162778906043
Phase2_D6-48-20260929-10:48:48-78,scalar,DectScheduledAccessNetwork.queue,mean_delay_direct_ms,,,25.46756906505
Phase2_D6-48-20260929-10:48:48-78,scalar,DectScheduledAccessNetwork.queue,effective_throughput_departures_per_ms,,,0.38936824972667
Phase2_D6-48-20260929-10:48:48-78,scalar,DectScheduledAccessNetwork.queue,mean_delay_little_ms,,,25.467607843129
Phase2_D6-48-20260929-10:48:48-78,scalar,DectScheduledAccessNetwork.queue,little_vs_direct_relative_error,,,1.522645468377e-06
Phase2_D6-49-20260929-10:48:48-78,scalar,DectScheduledAccessNetwork.queue,D,,,6
Phase2_D6-49-20260929-10:48:48-78,scalar,DectScheduledAccessNetwork.queue,r,,,20
Phase2_D6-49-20260929-10:48:48-78,scalar,DectScheduledAccessNetwork.queue,L_effective,,,4
Phase2_D6-49-20260929-10:48:48-78,scalar,DectScheduledAccessNetwork.queue,rho,,,0.166666666667
Phase2_D6-49-20260929-10:48:48-78,scalar,DectScheduledAccessNetwork.queue,rho_sat,,,0.16666666678333
Phase2_D6-49-20260929-10:48:48-78,scalar,DectScheduledAccessNetwork.queue,blocking_probability,,,0.026468120070327
Phase2_D6-49-20260929-10:48:48-78,scalar,DectScheduledAccessNetwork.queue,mean_type1_number,,,9.8902828724921
Phase2_D6-49-20260929-10:48:48-78,scalar,DectScheduledAccessNetwork.queue,mean_delay_direct_ms,,,25.427703560394
Phase2_D6-49-20260929-10:48:48-78,scalar,DectScheduledAccessNetwork.queue,effective_throughput_departures_per_ms,,,0.38894796397558
Phase2_D6-49-20260929-10:48:48-78,scalar,DectScheduledAccessNetwork.queue,mean_delay_little_ms,,,25.428293212798
Phase2_D6-49-20260929-10:48:48-78,scalar,DectScheduledAccessNetwork.queue,little_vs_direct_relative_error,,,2.318936916601e-05
Phase2_D6-50-20260929-10:48:48-78,scalar,DectScheduledAccessNetwork.queue,D,,,6
Phase2_D6-50-20260929-10:48:48-78,scalar,DectScheduledAccessNetwork.queue,r,,,20
Phase2_D6-50-20260929-10:48:48-78,scalar,DectScheduledAccessNetwork.queue,L_effective,,,4
Phase2_D6-50-20260929-10:48:48-78,scalar,DectScheduledAccessNetwork.queue,rho,,,0.25
Phase2_D6-50-20260929-10:48:48-78,scalar,DectScheduledAccessNetwork.queue,rho_sat,,,0.16666666678333
Phase2_D6-50-20260929-10:48:48-78,scalar,DectScheduledAccessNetwork.queue,blocking_probability,,,0.33255310117255
Phase2_D6-50-20260929-10:48:48-78,scalar,DectScheduledAccessNetwork.queue,mean_type1_number,,,18.438703445379
Phase2_D6-50-20260929-10:48:48-78,scalar,DectScheduledAccessNetwork.queue,mean_delay_direct_ms,,,46.105986280535
Phase2_D6-50-20260929-10:48:48-78,scalar,DectScheduledAccessNetwork.queue,effective_throughput_departures_per_ms,,,0.3999122594097
Phase2_D6-50-20260929-10:48:48-78,scalar,DectScheduledAccessNetwork.queue,mean_delay_little_ms,,,46.10687222391
Phase2_D6-50-20260929-10:48:48-78,scalar,DectScheduledAccessNetwork.queue,little_vs_direct_relative_error,,,1.9215365446357e-05
Phase2_D6-51-20260929-10:48:49-78,scalar,DectScheduledAccessNetwork.queue,D,,,6
Phase2_D6-51-20260929-10:48:49-78,scalar,DectScheduledAccessNetwork.queue,r,,,20
Phase2_D6-51-20260929-10:48:49-78,scalar,DectScheduledAccessNetwork.queue,L_effective,,,4
Phase2_D6-51-20260929-10:48:49-78,scalar,DectScheduledAccessNetwork.queue,rho,,,0.25
Phase2_D6-51-20260929-10:48:49-78,scalar,DectScheduledAccessNetwork.queue,rho_sat,,,0.16666666678333
Phase2_D6-51-20260929-10:48:49-78,scalar,DectScheduledAccessNetwork.queue,blocking_probability,,,0.33316240387719
Phase2_D6-51-20260929-10:48:49-78,scalar,DectScheduledAccessNetwork.queue,mean_type1_number,,,18.441181101637
Phase2_D6-51-20260929-10:48:49-78,scalar,DectScheduledAccessNetwork.queue,mean_delay_direct_ms,,,46.112331458005
Phase2_D6-51-20260929-10:48:49-78,scalar,DectScheduledAccessNetwork.queue,effective_throughput_departures_per_ms,,,0.39991058631747
Phase2_D6-51-20260929-10:48:49-78,scalar,DectScheduledAccessNetwork.queue,mean_delay_little_ms,,,46.113260645213
Phase2_D6-51-20260929-10:48:49-78,scalar,DectScheduledAccessNetwork.queue,little_vs_direct_relative_error,,,2.0150514598472e-05
Phase2_D6-52-20260929-10:48:49-78,scalar,DectScheduledAccessNetwork.queue,D,,,6
Phase2_D6-52-20260929-10:48:49-78,scalar,DectScheduledAccessNetwork.queue,r,,,20
Phase2_D6-52-20260929-10:48:49-78,scalar,DectScheduledAccessNetwork.queue,L_effective,,,4
Phase2_D6-52-20260929-10:48:49-78,scalar,DectScheduledAccessNetwork.queue,rho,,,0.25
Phase2_D6-52-20260929-10:48:49-78,scalar,DectScheduledAccessNetwork.queue,rho_sat,,,0.16666666678333
Phase2_D6-52-20260929-10:48:49-78,scalar,DectScheduledAccessNetwork.queue,blocking_probability,,,0.33366627176038
Phase2_D6-52-20260929-10:48:49-78,scalar,DectScheduledAccessNetwork.queue,mean_type1_number,,,18.446730218435
Phase2_D6-52-20260929-10:48:49-78,scalar,DectScheduledAccessNetwork.queue,mean_delay_direct_ms,,,46.113579741747
Phase2_D6-52-20260929-10:48:49-78,scalar,DectScheduledAccessNetwork.queue,effective_throughput_departures_per_ms,,,0.40002160013464
Phase2_D6-52-20260929-10:48:49-78,scalar,DectScheduledAccessNetwork.queue,mean_delay_little_ms,,,46.114335356456
Phase2_D6-52-20260929-10:48:49-78,scalar,DectScheduledAccessNetwork.queue,little_vs_direct_relative_error,,,1.6385947768205e-05
Phase2_D6-53-20260929-10:48:49-78,scalar,DectScheduledAccessNetwork.queue,D,,,6
Phase2_D6-53-20260929-10:48:49-78,scalar,DectScheduledAccessNetwork.queue,r,,,20
Phase2_D6-53-20260929-10:48:49-78,scalar,DectScheduledAccessNetwork.queue,L_effective,,,4
Phase2_D6-53-20260929-10:48:49-78,scalar,DectScheduledAccessNetwork.queue,rho,,,0.25
Phase2_D6-53-20260929-10:48:49-78,scalar,DectScheduledAccessNetwork.queue,rho_sat,,,0.16666666678333
Phase2_D6-53-20260929-10:48:49-78,scalar,DectScheduledAccessNetwork.queue,blocking_probability,,,0.33350150992364
Phase2_D6-53-20260929-10:48:49-78,scalar,DectScheduledAccessNetwork.queue,mean_type1_number,,,18.440573179832
Phase2_D6-53-20260929-10:48:49-78,scalar,DectScheduledAccessNetwork.queue,mean_delay_direct_ms,,,46.118467337314
Phase2_D6-53-20260929-10:48:49-78,scalar,DectScheduledAccessNetwork.queue,effective_throughput_departures_per_ms,,,0.39984403281578
Phase2_D6-53-20260929-10:48:49-78,scalar,DectScheduledAccessNetwork.queue,mean_delay_little_ms,,,46.119415738106
Phase2_D6-53-20260929-10:48:49-78,scalar,DectScheduledAccessNetwork.queue,little_vs_direct_relative_error,,,2.0564447337668e-05
Phase2_D6-54-20260929-10:48:50-78,scalar,DectScheduledAccessNetwork.queue,D,,,6
Phase2_D6-54-20260929-10:48:50-78,scalar,DectScheduledAccessNetwork.queue,r,,,20
Phase2_D6-54-20260929-10:48:50-78,scalar,DectScheduledAccessNetwork.queue,L_effective,,,4
Phase2_D6-54-20260929-10:48:50-78,scalar,DectScheduledAccessNetwork.queue,rho,,,0.25
Phase2_D6-54-20260929-10:48:50-78,scalar,DectScheduledAccessNetwork.queue,rho_sat,,,0.16666666678333
Phase2_D6-54-20260929-10:48:50-78,scalar,DectScheduledAccessNetwork.queue,blocking_probability,,,0.3329193060351
Phase2_D6-54-20260929-10:48:50-78,scalar,DectScheduledAccessNetwork.queue,mean_type1_number,,,18.441192289514
Phase2_D6-54-20260929-10:48:50-78,scalar,DectScheduledAccessNetwork.queue,mean_delay_direct_ms,,,46.107595916249
Phase2_D6-54-20260929-10:48:50-78,scalar,DectScheduledAccessNetwork.queue,effective_throughput_departures_per_ms,,,0.39995186346783
Phase2_D6-54-20260929-10:48:50-78,scalar,DectScheduledAccessNetwork.queue,mean_delay_little_ms,,,46.108529485567
Phase2_D6-54-20260929-10:48:50-78,scalar,DectScheduledAccessNetwork.queue,little_vs_direct_relative_error,,,2.0247625120984e-05
Phase2_D6-55-20260929-10:48:50-78,scalar,DectScheduledAccessNetwork.queue,D,,,6
Phase2_D6-55-20260929-10:48:50-78,scalar,DectScheduledAccessNetwork.queue,r,,,20
Phase2_D6-55-20260929-10:48:50-78,scalar,DectScheduledAccessNetwork.queue,L_effective,,,4
Phase2_D6-55-20260929-10:48:50-78,scalar,DectScheduledAccessNetwork.queue,rho,,,0.25
Phase2_D6-55-20260929-10:48:50-78,scalar,DectScheduledAccessNetwork.queue,rho_sat,,,0.16666666678333
Phase2_D6-55-20260929-10:48:50-78,scalar,DectScheduledAccessNetwork.queue,blocking_probability,,,0.33302341774642
Phase2_D6-55-20260929-10:48:50-78,scalar,DectScheduledAccessNetwork.queue,mean_type1_number,,,18.439411135661
Phase2_D6-55-20260929-10:48:50-78,scalar,DectScheduledAccessNetwork.queue,mean_delay_direct_ms,,,46.106718859446
Phase2_D6-55-20260929-10:48:50-78,scalar,DectScheduledAccessNetwork.queue,effective_throughput_departures_per_ms,,,0.39992114970256
Phase2_D6-55-20260929-10:48:50-78,scalar,DectScheduledAccessNetwork.queue,mean_delay_little_ms,,,46.107616837407
Phase2_D6-55-20260929-10:48:50-78,scalar,DectScheduledAccessNetwork.queue,little_vs_direct_relative_error,,,1.9476076005276e-05
Phase2_D6-56-20260929-10:48:50-78,scalar,DectScheduledAccessNetwork.queue,D,,,6
Phase2_D6-56-20260929-10:48:50-78,scalar,DectScheduledAccessNetwork.queue,r,,,20
Phase2_D6-56-20260929-10:48:50-78,scalar,DectScheduledAccessNetwork.queue,L_effective,,,4
Phase2_D6-56-20260929-10:48:50-78,scalar,DectScheduledAccessNetwork.queue,rho,,,0.25
Phase2_D6-56-20260929-10:48:50-78,scalar,DectScheduledAccessNetwork.queue,rho_sat,,,0.16666666678333
Phase2_D6-56-20260929-10:48:50-78,scalar,DectScheduledAccessNetwork.queue,blocking_probability,,,0.33304921684557
Phase2_D6-56-20260929-10:48:50-78,scalar,DectScheduledAccessNetwork.queue,mean_type1_number,,,18.441779282452
Phase2_D6-56-20260929-10:48:50-78,scalar,DectScheduledAccessNetwork.queue,mean_delay_direct_ms,,,46.109917945032
Phase2_D6-56-20260929-10:48:50-78,scalar,DectScheduledAccessNetwork.queue,effective_throughput_departures_per_ms,,,0.39994539337265
Phase2_D6-56-20260929-10:48:50-78,scalar,DectScheduledAccessNetwork.queue,mean_delay_little_ms,,,46.110743086541
Phase2_D6-56-20260929-10:48:50-78,scalar,DectScheduledAccessNetwork.queue,little_vs_direct_relative_error,,,1.7895098182619e-05
Phase2_D6-57-20260929-10:48:51-78,scalar,DectScheduledAccessNetwork.queue,D,,,6
Phase2_D6-57-20260929-10:48:51-78,scalar,DectScheduledAccessNetwork.queue,r,,,20
Phase2_D6-57-20260929-10:48:51-78,scalar,DectScheduledAccessNetwork.queue,L_effective,,,4
Phase2_D6-57-20260929-10:48:51-78,scalar,DectScheduledAccessNetwork.queue,rho,,,0.25
Phase2_D6-57-20260929-10:48:51-78,scalar,DectScheduledAccessNetwork.queue,rho_sat,,,0.16666666678333
Phase2_D6-57-20260929-10:48:51-78,scalar,DectScheduledAccessNetwork.queue,blocking_probability,,,0.33377125980921
Phase2_D6-57-20260929-10:48:51-78,scalar,DectScheduledAccessNetwork.queue,mean_type1_number,,,18.446204318507
Phase2_D6-57-20260929-10:48:51-78,scalar,DectScheduledAccessNetwork.queue,mean_delay_direct_ms,,,46.126106816296
Phase2_D6-57-20260929-10:48:51-78,scalar,DectScheduledAccessNetwork.queue,effective_throughput_departures_per_ms,,,0.39990088077648
Phase2_D6-57-20260929-10:48:51-78,scalar,DectScheduledAccessNetwork.queue,mean_delay_little_ms,,,46.126940962697
Phase2_D6-57-20260929-10:48:51-78,scalar,DectScheduledAccessNetwork.queue,little_vs_direct_relative_error,,,1.8084040867006e-05
Phase2_D6-58-20260929-10:48:51-78,scalar,DectScheduledAccessNetwork.queue,D,,,6
Phase2_D6-58-20260929-10:48:51-78,scalar,DectScheduledAccessNetwork.queue,r,,,20
Phase2_D6-58-20260929-10:48:51-78,scalar,DectScheduledAccessNetwork.queue,L_effective,,,4
Phase2_D6-58-20260929-10:48:51-78,scalar,DectScheduledAccessNetwork.queue,rho,,,0.25
Phase2_D6-58-20260929-10:48:51-78,scalar,DectScheduledAccessNetwork.queue,rho_sat,,,0.16666666678333
Phase2_D6-58-20260929-10:48:51-78,scalar,DectScheduledAccessNetwork.queue,blocking_probability,,,0.33336688662963
Phase2_D6-58-20260929-10:48:51-78,scalar,DectScheduledAccessNetwork.queue,mean_type1_number,,,18.44212456321
Phase2_D6-58-20260929-10:48:51-78,scalar,DectScheduledAccessNetwork.queue,mean_delay_direct_ms,,,46.100117567686
Phase2_D6-58-20260929-10:48:51-78,scalar,DectScheduledAccessNetwork.queue,effective_throughput_departures_per_ms,,,0.40003979680984
Phase2_D6-58-20260929-10:48:51-78,scalar,DectScheduledAccessNetwork.queue,mean_delay_little_ms,,,46.100724753584
Phase2_D6-58-20260929-10:48:51-78,scalar,DectScheduledAccessNetwork.queue,little_vs_direct_relative_error,,,1.3171027089198e-05
Phase2_D6-59-20260929-10:48:51-78,scalar,DectScheduledAccessNetwork.queue,D,,,6
Phase2_D6-59-20260929-10:48:51-78,scalar,DectScheduledAccessNetwork.queue,r,,,20
Phase2_D6-59-20260929-10:48:51-78,scalar,DectScheduledAccessNetwork.queue,L_effective,,,4
Phase2_D6-59-20260929-10:48:51-78,scalar,DectScheduledAccessNetwork.queue,rho,,,0.25
Phase2_D6-59-20260929-10:48:51-78,scalar,DectScheduledAccessNetwork.queue,rho_sat,,,0.16666666678333
Phase2_D6-59-20260929-10:48:51-78,scalar,DectScheduledAccessNetwork.queue,blocking_probability,,,0.33283719602138
Phase2_D6-59-20260929-10:48:51-78,scalar,DectScheduledAccessNetwork.queue,mean_type1_number,,,18.434983199186
Phase2_D6-59-20260929-10:48:51-78,scalar,DectScheduledAccessNetwork.queue,mean_delay_direct_ms,,,46.081204093579
Phase2_D6-59-20260929-10:48:51-78,scalar,DectScheduledAccessNetwork.queue,effective_throughput_departures_per_ms,,,0.40004606083348
Phase2_D6-59-20260929-10:48:51-78,scalar,DectScheduledAccessNetwork.queue,mean_delay_little_ms,,,46.082151542194
Phase2_D6-59-20260929-10:48:51-78,scalar,DectScheduledAccessNetwork.queue,little_vs_direct_relative_error,,,2.0560413594328e-05
Phase2_D6-0-20260929-10:48:34-78,scalar,DectScheduledAccessNetwork.queue,D,,,6
Phase2_D6-0-20260929-10:48:34-78,scalar,DectScheduledAccessNetwork.queue,r,,,5
Phase2_D6-0-20260929-10:48:34-78,scalar,DectScheduledAccessNetwork.queue,L_effective,,,4
Phase2_D6-0-20260929-10:48:34-78,scalar,DectScheduledAccessNetwork.queue,rho,,,0.083333333333
Phase2_D6-0-20260929-10:48:34-78,scalar,DectScheduledAccessNetwork.queue,rho_sat,,,0.16666666678333
Phase2_D6-0-20260929-10:48:34-78,scalar,DectScheduledAccessNetwork.queue,blocking_probability,,,0.0072766620670485
Phase2_D6-0-20260929-10:48:34-78,scalar,DectScheduledAccessNetwork.queue,mean_type1_number,,,0.99527968452345
Phase2_D6-0-20260929-10:48:34-78,scalar,DectScheduledAccessNetwork.queue,mean_delay_direct_ms,,,5.0151036528512
Phase2_D6-0-20260929-10:48:34-78,scalar,DectScheduledAccessNetwork.queue,effective_throughput_departures_per_ms,,,0.19845645342893
Phase2_D6-0-20260929-10:48:34-78,scalar,DectScheduledAccessNetwork.queue,mean_delay_little_ms,,,5.0151036528517
Phase2_D6-0-20260929-10:48:34-78,scalar,DectScheduledAccessNetwork.queue,little_vs_direct_relative_error,,,9.7699626167014e-14
Phase2_D6-1-20260929-10:48:34-78,scalar,DectScheduledAccessNetwork.queue,D,,,6
Phase2_D6-1-20260929-10:48:34-78,scalar,DectScheduledAccessNetwork.queue,r,,,5
Phase2_D6-1-20260929-10:48:34-78,scalar,DectScheduledAccessNetwork.queue,L_effective,,,4
Phase2_D6-1-20260929-10:48:34-78,scalar,DectScheduledAccessNetwork.queue,rho,,,0.083333333333
Phase2_D6-1-20260929-10:48:34-78,scalar,DectScheduledAccessNetwork.queue,rho_sat,,,0.16666666678333
Phase2_D6-1-20260929-10:48:34-78,scalar,DectScheduledAccessNetwork.queue,blocking_probability,,,0.0074559905986231
Phase2_D6-1-20260929-10:48:34-78,scalar,DectScheduledAccessNetwork.queue,mean_type1_number,,,0.99709935325861
Phase2_D6-1-20260929-10:48:34-78,scalar,DectScheduledAccessNetwork.queue,mean_delay_direct_ms,,,5.0239243402909
Phase2_D6-1-20260929-10:48:34-78,scalar,DectScheduledAccessNetwork.queue,effective_throughput_departures_per_ms,,,0.19847021685059
Phase2_D6-1-20260929-10:48:34-78,scalar,DectScheduledAccessNetwork.queue,mean_delay_little_ms,,,5.0239243402914
Phase2_D6-1-20260929-10:48:34-78,scalar,DectScheduledAccessNetwork.queue,little_vs_direct_relative_error,,,8.9483975784788e-14
Phase2_D6-2-20260929-10:48:35-78,scalar,DectScheduledAccessNetwork.queue,D,,,6
Phase2_D6-2-20260929-10:48:35-78,scalar,DectScheduledAccessNetwork.queue,r,,,5
Phase2_D6-2-20260929-10:48:35-78,scalar,DectScheduledAccessNetwork.queue,L_effective,,,4
Phase2_D6-2-20260929-10:48:35-78,scalar,DectScheduledAccessNetwork.queue,rho,,,0.083333333333
Phase2_D6-2-20260929-10:48:35-78,scalar,DectScheduledAccessNetwork.queue,rho_sat,,,0.16666666678333
Phase2_D6-2-20260929-10:48:35-78,scalar,DectScheduledAccessNetwork.queue,blocking_probability,,,0.0073446568837174
Phase2_D6-2-20260929-10:48:35-78,scalar,DectScheduledAccessNetwork.queue,mean_type1_number,,,0.99482727747615
Phase2_D6-2-20260929-10:48:35-78,scalar,DectScheduledAccessNetwork.queue,mean_delay_direct_ms,,,5.0117877695978
Phase2_D6-2-20260929-10:48:35-78,scalar,DectScheduledAccessNetwork.queue,effective_throughput_departures_per_ms,,,0.19849748696679
Phase2_D6-2-20260929-10:48:35-78,scalar,DectScheduledAccessNetwork.queue,mean_delay_little_ms,,,5.0117877695984
Phase2_D6-2-20260929-10:48:35-78,scalar,DectScheduledAccessNetwork.queue,little_vs_direct_relative_error,,,1.1945999744967e-13
Phase2_D6-3-20260929-10:48:35-78,scalar,DectScheduledAccessNetwork.queue,D,,,6
Phase2_D6-3-20260929-10:48:35-78,scalar,DectScheduledAccessNetwork.queue,r,,,5
Phase2_D6-3-20260929-10:48:35-78,scalar,DectScheduledAccessNetwork.queue,L_effective,,,4
Phase2_D6-3-20260929-10:48:35-78,scalar,DectScheduledAccessNetwork.queue,rho,,,0.083333333333
Phase2_D6-3-20260929-10:48:35-78,scalar,DectScheduledAccessNetwork.queue,rho_sat,,,0.16666666678333
Phase2_D6-3-20260929-10:48:35-78,scalar,DectScheduledAccessNetwork.queue,blocking_probability,,,0.0073081825437478
Phase2_D6-3-20260929-10:48:35-78,scalar,DectScheduledAccessNetwork.queue,mean_type1_number,,,0.9940614549863
Phase2_D6-3-20260929-10:48:35-78,scalar,DectScheduledAccessNetwork.queue,mean_delay_direct_ms,,,5.0161926381565
Phase2_D6-3-20260929-10:48:35-78,scalar,DectScheduledAccessNetwork.queue,effective_throughput_departures_per_ms,,,0.19817021325514
Phase2_D6-3-20260929-10:48:35-78,scalar,DectScheduledAccessNetwork.queue,mean_delay_little_ms,,,5.0162001577223
Phase2_D6-3-20260929-10:48:35-78,scalar,DectScheduledAccessNetwork.queue,little_vs_direct_relative_error,,,1.4990584140673e-06
Phase2_D6-4-20260929-10:48:35-78,scalar,DectScheduledAccessNetwork.queue,D,,,6
Phase2_D6-4-20260929-10:48:35-78,scalar,DectScheduledAccessNetwork.queue,r,,,5
Phase2_D6-4-20260929-10:48:35-78,scalar,DectScheduledAccessNetwork.queue,L_effective,,,4
Phase2_D6-4-20260929-10:48:35-78,scalar,DectScheduledAccessNetwork.queue,rho,,,0.083333333333
Phase2_D6-4-20260929-10:48:35-78,scalar,DectScheduledAccessNetwork.queue,rho_sat,,,0.16666666678333
Phase2_D6-4-20260929-10:48:35-78,scalar,DectScheduledAccessNetwork.queue,blocking_probability,,,0.0072835605164905
Phase2_D6-4-20260929-10:48:35-78,scalar,DectScheduledAccessNetwork.queue,mean_type1_number,,,0.99363129059837
Phase2_D6-4-20260929-10:48:35-78,scalar,DectScheduledAccessNetwork.queue,mean_delay_direct_ms,,,5.015939194012
Phase2_D6-4-20260929-10:48:35-78,scalar,DectScheduledAccessNetwork.queue,effective_throughput_departures_per_ms,,,0.1980947639446
Phase2_D6-4-20260929-10:48:35-78,scalar,DectScheduledAccessNetwork.queue,mean_delay_little_ms,,,5.0159391940124
Phase2_D6-4-20260929-10:48:35-78,scalar,DectScheduledAccessNetwork.queue,little_vs_direct_relative_error,,,8.3266726846887e-14
Phase2_D6-5-20260929-10:48:35-78,scalar,DectScheduledAccessNetwork.queue,D,,,6
Phase2_D6-5-20260929-10:48:35-78,scalar,DectScheduledAccessNetwork.queue,r,,,5
Phase2_D6-5-20260929-10:48:35-78,scalar,DectScheduledAccessNetwork.queue,L_effective,,,4
Phase2_D6-5-20260929-10:48:35-78,scalar,DectScheduledAccessNetwork.queue,rho,,,0.083333333333
Phase2_D6-5-20260929-10:48:35-78,scalar,DectScheduledAccessNetwork.queue,rho_sat,,,0.16666666678333
Phase2_D6-5-20260929-10:48:35-78,scalar,DectScheduledAccessNetwork.queue,blocking_probability,,,0.0072668069729579
Phase2_D6-5-20260929-10:48:35-78,scalar,DectScheduledAccessNetwork.queue,mean_type1_number,,,0.99657939448219
Phase2_D6-5-20260929-10:48:35-78,scalar,DectScheduledAccessNetwork.queue,mean_delay_direct_ms,,,5.0193451194002
Phase2_D6-5-20260929-10:48:35-78,scalar,DectScheduledAccessNetwork.queue,effective_throughput_departures_per_ms,,,0.19854769313038
Phase2_D6-5-20260929-10:48:35-78,scalar,DectScheduledAccessNetwork.queue,mean_delay_little_ms,,,5.0193451194004
Phase2_D6-5-20260929-10:48:35-78,scalar,DectScheduledAccessNetwork.queue,little_vs_direct_relative_error,,,3.3306690738755e-14
Phase2_D6-6-20260929-10:48:36-78,scalar,DectScheduledAccessNetwork.queue,D,,,6
Phase2_D6-6-20260929-10:48:36-78,scalar,DectScheduledAccessNetwork.queue,r,,,5
Phase2_D6-6-20260929-10:48:36-78,scalar,DectScheduledAccessNetwork.queue,L_effective,,,4
Phase2_D6-6-20260929-10:48:36-78,scalar,DectScheduledAccessNetwork.queue,rho,,,0.083333333333
Phase2_D6-6-20260929-10:48:36-78,scalar,DectScheduledAccessNetwork.queue,rho_sat,,,0.16666666678333
Phase2_D6-6-20260929-10:48:36-78,scalar,DectScheduledAccessNetwork.queue,blocking_probability,,,0.0071810593973788
Phase2_D6-6-20260929-10:48:36-78,scalar,DectScheduledAccessNetwork.queue,mean_type1_number,,,0.99542183278146
Phase2_D6-6-20260929-10:48:36-78,scalar,DectScheduledAccessNetwork.queue,mean_delay_direct_ms,,,5.0174221117461
Phase2_D6-6-20260929-10:48:36-78,scalar,DectScheduledAccessNetwork.queue,effective_throughput_departures_per_ms,,,0.19839307869168
Phase2_D6-6-20260929-10:48:36-78,scalar,DectScheduledAccessNetwork.queue,mean_delay_little_ms,,,5.0174221769523
Phase2_D6-6-20260929-10:48:36-78,scalar,DectScheduledAccessNetwork.queue,little_vs_direct_relative_error,,,1.2995962084261e-08
Phase2_D6-7-20260929-10:48:36-78,scalar,DectScheduledAccessNetwork.queue,D,,,6
Phase2_D6-7-20260929-10:48:36-78,scalar,DectScheduledAccessNetwork.queue,r,,,5
Phase2_D6-7-20260929-10:48:36-78,scalar,DectScheduledAccessNetwork.queue,L_effective,,,4
Phase2_D6-7-20260929-10:48:36-78,scalar,DectScheduledAccessNetwork.queue,rho,,,0.083333333333
Phase2_D6-7-20260929-10:48:36-78,scalar,DectScheduledAccessNetwork.queue,rho_sat,,,0.16666666678333
Phase2_D6-7-20260929-10:48:36-78,scalar,DectScheduledAccessNetwork.queue,blocking_probability,,,0.0072332910084216
Phase2_D6-7-20260929-10:48:36-78,scalar,DectScheduledAccessNetwork.queue,mean_type1_number,,,0.99806049912242
Phase2_D6-7-20260929-10:48:36-78,scalar,DectScheduledAccessNetwork.queue,mean_delay_direct_ms,,,5.0204391697499
Phase2_D6-7-20260929-10:48:36-78,scalar,DectScheduledAccessNetwork.queue,effective_throughput_departures_per_ms,,,0.19879909011002
Phase2_D6-7-20260929-10:48:36-78,scalar,DectScheduledAccessNetwork.queue,mean_delay_little_ms,,,5.0204480240331
Phase2_D6-7-20260929-10:48:36-78,scalar,DectScheduledAccessNetwork.queue,little_vs_direct_relative_error,,,1.763647153874e-06
Phase2_D6-8-20260929-10:48:36-78,scalar,DectScheduledAccessNetwork.queue,D,,,6
Phase2_D6-8-20260929-10:48:36-78,scalar,DectScheduledAccessNetwork.queue,r,,,5
Phase2_D6-8-20260929-10:48:36-78,scalar,DectScheduledAccessNetwork.queue,L_effective,,,4
Phase2_D6-8-20260929-10:48:36-78,scalar,DectScheduledAccessNetwork.queue,rho,,,0.083333333333
Phase2_D6-8-20260929-10:48:36-78,scalar,DectScheduledAccessNetwork.queue,rho_sat,,,0.16666666678333
Phase2_D6-8-20260929-10:48:36-78,scalar,DectScheduledAccessNetwork.queue,blocking_probability,,,0.0073673197527948
Phase2_D6-8-20260929-10:48:36-78,scalar,DectScheduledAccessNetwork.queue,mean_type1_number,,,0.99644977142655
Phase2_D6-8-20260929-10:48:36-78,scalar,DectScheduledAccessNetwork.queue,mean_delay_direct_ms,,,5.0223253882228
Phase2_D6-8-20260929-10:48:36-78,scalar,DectScheduledAccessNetwork.queue,effective_throughput_departures_per_ms,,,0.19840406473127
Phase2_D6-8-20260929-10:48:36-78,scalar,DectScheduledAccessNetwork.queue,mean_delay_little_ms,,,5.0223253882234
Phase2_D6-8-20260929-10:48:36-78,scalar,DectScheduledAccessNetwork.queue,little_vs_direct_relative_error,,,1.0724754417879e-13
Phase2_D6-9-20260929-10:48:37-78,scalar,DectScheduledAccessNetwork.queue,D,,,6
Phase2_D6-9-20260929-10:48:37-78,scalar,DectScheduledAccessNetwork.queue,r,,,5
Phase2_D6-9-20260929-10:48:37-78,scalar,DectScheduledAccessNetwork.queue,L_effective,,,4
Phase2_D6-9-20260929-10:48:37-78,scalar,DectScheduledAccessNetwork.queue,rho,,,0.083333333333
Phase2_D6-9-20260929-10:48:37-78,scalar,DectScheduledAccessNetwork.queue,rho_sat,,,0.16666666678333
Phase2_D6-9-20260929-10:48:37-78,scalar,DectScheduledAccessNetwork.queue,blocking_probability,,,0.0073712463818754
Phase2_D6-9-20260929-10:48:37-78,scalar,DectScheduledAccessNetwork.queue,mean_type1_number,,,0.9945830442078
Phase2_D6-9-20260929-10:48:37-78,scalar,DectScheduledAccessNetwork.queue,mean_delay_direct_ms,,,5.0135589044943
Phase2_D6-9-20260929-10:48:37-78,scalar,DectScheduledAccessNetwork.queue,effective_throughput_departures_per_ms,,,0.19837821813091
Phase2_D6-9-20260929-10:48:37-78,scalar,DectScheduledAccessNetwork.queue,mean_delay_little_ms,,,5.0135698040775
Phase2_D6-9-20260929-10:48:37-78,scalar,DectScheduledAccessNetwork.queue,little_vs_direct_relative_error,,,2.174021164647e-06
Phase2_D6-10-20260929-10:48:37-78,scalar,DectScheduledAccessNetwork.queue,D,,,6
Phase2_D6-10-20260929-10:48:37-78,scalar,DectScheduledAccessNetwork.queue,r,,,5
Phase2_D6-10-20260929-10:48:37-78,scalar,DectScheduledAccessNetwork.queue,L_effective,,,4
Phase2_D6-10-20260929-10:48:37-78,scalar,DectScheduledAccessNetwork.queue,rho,,,0.166666666667
Phase2_D6-10-20260929-10:48:37-78,scalar,DectScheduledAccessNetwork.queue,rho_sat,,,0.16666666678333
Phase2_D6-10-20260929-10:48:37-78,scalar,DectScheduledAccessNetwork.queue,blocking_probability,,,0.12730282736147
Phase2_D6-10-20260929-10:48:37-78,scalar,DectScheduledAccessNetwork.queue,mean_type1_number,,,2.4667428582955
Phase2_D6-10-20260929-10:48:37-78,scalar,DectScheduledAccessNetwork.queue,mean_delay_direct_ms,,,7.0772043657432
Phase2_D6-10-20260929-10:48:37-78,scalar,DectScheduledAccessNetwork.queue,effective_throughput_departures_per_ms,,,0.34854708085188
Phase2_D6-10-20260929-10:48:37-78,scalar,DectScheduledAccessNetwork.queue,mean_delay_little_ms,,,7.0772156584027
Phase2_D6-10-20260929-10:48:37-78,scalar,DectScheduledAccessNetwork.queue,little_vs_direct_relative_error,,,1.5956384726845e-06
Phase2_D6-11-20260929-10:48:37-78,scalar,DectScheduledAccessNetwork.queue,D,,,6
Phase2_D6-11-20260929-10:48:37-78,scalar,DectScheduledAccessNetwork.queue,r,,,5
Phase2_D6-11-20260929-10:48:37-78,scalar,DectScheduledAccessNetwork.queue,L_effective,,,4
Phase2_D6-11-20260929-10:48:37-78,scalar,DectScheduledAccessNetwork.queue,rho,,,0.166666666667
Phase2_D6-11-20260929-10:48:37-78,scalar,DectScheduledAccessNetwork.queue,rho_sat,,,0.16666666678333
Phase2_D6-11-20260929-10:48:37-78,scalar,DectScheduledAccessNetwork.queue,blocking_probability,,,0.12750046460414
Phase2_D6-11-20260929-10:48:37-78,scalar,DectScheduledAccessNetwork.queue,mean_type1_number,,,2.4700101439228
Phase2_D6-11-20260929-10:48:37-78,scalar,DectScheduledAccessNetwork.queue,mean_delay_direct_ms,,,7.0857902249226
Phase2_D6-11-20260929-10:48:37-78,scalar,DectScheduledAccessNetwork.queue,effective_throughput_departures_per_ms,,,0.34858503359653
Phase2_D6-11-20260929-10:48:37-78,scalar,DectScheduledAccessNetwork.queue,mean_delay_little_ms,,,7.0858181099699
Phase2_D6-11-20260929-10:48:37-78,scalar,DectScheduledAccessNetwork.queue,little_vs_direct_relative_error,,,3.9353475698167e-06
Phase2_D6-12-20260929-10:48:37-78,scalar,DectScheduledAccessNetwork.queue,D,,,6
Phase2_D6-12-20260929-10:48:37-78,scalar,DectScheduledAccessNetwork.queue,r,,,5
Phase2_D6-12-20260929-10:48:37-78,scalar,DectScheduledAccessNetwork.queue,L_effective,,,4
Phase2_D6-12-20260929-10:48:37-78,scalar,DectScheduledAccessNetwork.queue,rho,,,0.166666666667
Phase2_D6-12-20260929-10:48:37-78,scalar,DectScheduledAccessNetwork.queue,rho_sat,,,0.16666666678333
Phase2_D6-12-20260929-10:48:37-78,scalar,DectScheduledAccessNetwork.queue,blocking_probability,,,0.12815324230118
Phase2_D6-12-20260929-10:48:37-78,scalar,DectScheduledAccessNetwork.queue,mean_type1_number,,,2.476926659461
Phase2_D6-12-20260929-10:48:37-78,scalar,DectScheduledAccessNetwork.queue,mean_delay_direct_ms,,,7.0901533835546
Phase2_D6-12-20260929-10:48:37-78,scalar,DectScheduledAccessNetwork.queue,effective_throughput_departures_per_ms,,,0.34934687881691
Phase2_D6-12-20260929-10:48:37-78,scalar,DectScheduledAccessNetwork.queue,mean_delay_little_ms,,,7.0901639878661
Phase2_D6-12-20260929-10:48:37-78,scalar,DectScheduledAccessNetwork.queue,little_vs_direct_relative_error,,,1.4956392122567e-06
Phase2_D6-13-20260929-10:48:38-78,scalar,DectScheduledAccessNetwork.queue,D,,,6
Phase2_D6-13-20260929-10:48:38-78,scalar,DectScheduledAccessNetwork.queue,r,,,5
Phase2_D6-13-20260929-10:48:38-78,scalar,DectScheduledAccessNetwork.queue,L_effective,,,4
Phase2_D6-13-20260929-10:48:38-78,scalar,DectScheduledAccessNetwork.queue,rho,,,0.166666666667
Phase2_D6-13-20260929-10:48:38-78,scalar,DectScheduledAccessNetwork.queue,rho_sat,,,0.16666666678333
Phase2_D6-13-20260929-10:48:38-78,scalar,DectScheduledAccessNetwork.queue,blocking_probability,,,0.12706133348231
Phase2_D6-13-20260929-10:48:38-78,scalar,DectScheduledAccessNetwork.queue,mean_type1_number,,,2.464706907668
Phase2_D6-13-20260929-10:48:38-78,scalar,DectScheduledAccessNetwork.queue,mean_delay_direct_ms,,,7.0744909741836
Phase2_D6-13-20260929-10:48:38-78,scalar,DectScheduledAccessNetwork.queue,effective_throughput_departures_per_ms,,,0.34839163585402
Phase2_D6-13-20260929-10:48:38-78,scalar,DectScheduledAccessNetwork.queue,mean_delay_little_ms,,,7.0745295065027
Phase2_D6-13-20260929-10:48:38-78,scalar,DectScheduledAccessNetwork.queue,little_vs_direct_relative_error,,,5.4466560555078e-06
Phase2_D6-14-20260929-10:48:38-78,scalar,DectScheduledAccessNetwork.queue,D,,,6
Phase2_D6-14-20260929-10:48:38-78,scalar,DectScheduledAccessNetwork.queue,r,,,5
Phase2_D6-14-20260929-10:48:38-78,scalar,DectScheduledAccessNetwork.queue,L_effective,,,4
Phase2_D6-14-20260929-10:48:38-78,scalar,DectScheduledAccessNetwork.queue,rho,,,0.166666666667
Phase2_D6-14-20260929-10:48:38-78,scalar,DectScheduledAccessNetwork.queue,rho_sat,,,0.16666666678333
Phase2_D6-14-20260929-10:48:38-78,scalar,DectScheduledAccessNetwork.queue,blocking_probability,,,0.12830698207975
Phase2_D6-14-20260929-10:48:38-78,scalar,DectScheduledAccessNetwork.queue,mean_type1_number,,,2.4728080136041
Phase2_D6-14-20260929-10:48:38-78,scalar,DectScheduledAccessNetwork.queue,mean_delay_direct_ms,,,7.0929002373684
Phase2_D6-14-20260929-10:48:38-78,scalar,DectScheduledAccessNetwork.queue,effective_throughput_departures_per_ms,,,0.34863106875015
Phase2_D6-14-20260929-10:48:38-78,scalar,DectScheduledAccessNetwork.queue,mean_delay_little_ms,,,7.0929077619767
Phase2_D6-14-20260929-10:48:38-78,scalar,DectScheduledAccessNetwork.queue,little_vs_direct_relative_error,,,1.0608648108867e-06
Phase2_D6-15-20260929-10:48:38-78,scalar,DectScheduledAccessNetwork.queue,D,,,6
Phase2_D6-15-20260929-10:48:38-78,scalar,DectScheduledAccessNetwork.queue,r,,,5
Phase2_D6-15-20260929-10:48:38-78,scalar,DectScheduledAccessNetwork.queue,L_effective,,,4
Phase2_D6-15-20260929-10:48:38-78,scalar,DectScheduledAccessNetwork.queue,rho,,,0.166666666667
Phase2_D6-15-20260929-10:48:38-78,scalar,DectScheduledAccessNetwork.queue,rho_sat,,,0.16666666678333
Phase2_D6-15-20260929-10:48:38-78,scalar,DectScheduledAccessNetwork.queue,blocking_probability,,,0.12750308209228
Phase2_D6-15-20260929-10:48:38-78,scalar,DectScheduledAccessNetwork.queue,mean_type1_number,,,2.4701291049617
Phase2_D6-15-20260929-10:48:38-78,scalar,DectScheduledAccessNetwork.queue,mean_delay_direct_ms,,,7.0859168440388
Phase2_D6-15-20260929-10:48:38-78,scalar,DectScheduledAccessNetwork.queue,effective_throughput_departures_per_ms,,,0.34859685869759
Phase2_D6-15-20260929-10:48:38-78,scalar,DectScheduledAccessNetwork.queue,mean_delay_little_ms,,,7.0859190016527
Phase2_D6-15-20260929-10:48:38-78,scalar,DectScheduledAccessNetwork.queue,little_vs_direct_relative_error,,,3.0449326660076e-07
Phase2_D6-16-20260929-10:48:39-78,scalar,DectScheduledAccessNetwork.queue,D,,,6
Phase2_D6-16-20260929-10:48:39-78,scalar,DectScheduledAccessNetwork.queue,r,,,5
Phase2_D6-16-20260929-10:48:39-78,scalar,DectScheduledAccessNetwork.queue,L_effective,,,4
Phase2_D6-16-20260929-10:48:39-78,scalar,DectScheduledAccessNetwork.queue,rho,,,0.166666666667
Phase2_D6-16-20260929-10:48:39-78,scalar,DectScheduledAccessNetwork.queue,rho_sat,,,0.16666666678333
Phase2_D6-16-20260929-10:48:39-78,scalar,DectScheduledAccessNetwork.queue,blocking_probability,,,0.12778986755516
Phase2_D6-16-20260929-10:48:39-78,scalar,DectScheduledAccessNetwork.queue,mean_type1_number,,,2.4754073705749
Phase2_D6-16-20260929-10:48:39-78,scalar,DectScheduledAccessNetwork.queue,mean_delay_direct_ms,,,7.0950220998648
Phase2_D6-16-20260929-10:48:39-78,scalar,DectScheduledAccessNetwork.queue,effective_throughput_departures_per_ms,,,0.34889176983225
Phase2_D6-16-20260929-10:48:39-78,scalar,DectScheduledAccessNetwork.queue,mean_delay_little_ms,,,7.0950580799459
Phase2_D6-16-20260929-10:48:39-78,scalar,DectScheduledAccessNetwork.queue,little_vs_direct_relative_error,,,5.0711725103625e-06
Phase2_D6-17-20260929-10:48:39-78,scalar,DectScheduledAccessNetwork.queue,D,,,6
Phase2_D6-17-20260929-10:48:39-78,scalar,DectScheduledAccessNetwork.queue,r,,,5
Phase2_D6-17-20260929-10:48:39-78,scalar,DectScheduledAccessNetwork.queue,L_effective,,,4
Phase2_D6-17-20260929-10:48:39-78,scalar,DectScheduledAccessNetwork.queue,rho,,,0.166666666667
Phase2_D6-17-20260929-10:48:39-78,scalar,DectScheduledAccessNetwork.queue,rho_sat,,,0.16666666678333
Phase2_D6-17-20260929-10:48:39-78,scalar,DectScheduledAccessNetwork.queue,blocking_probability,,,0.12830740639367
Phase2_D6-17-20260929-10:48:39-78,scalar,DectScheduledAccessNetwork.queue,mean_type1_number,,,2.4768304382859
Phase2_D6-17-20260929-10:48:39-78,scalar,DectScheduledAccessNetwork.queue,mean_delay_direct_ms,,,7.0967438737187
Phase2_D6-17-20260929-10:48:39-78,scalar,DectScheduledAccessNetwork.queue,effective_throughput_departures_per_ms,,,0.34900804285612
Phase2_D6-17-20260929-10:48:39-78,scalar,DectScheduledAccessNetwork.queue,mean_delay_little_ms,,,7.0967718050756
Phase2_D6-17-20260929-10:48:39-78,scalar,DectScheduledAccessNetwork.queue,little_vs_direct_relative_error,,,3.9357989234379e-06
Phase2_D6-18-20260929-10:48:39-78,scalar,DectScheduledAccessNetwork.queue,D,,,6
Phase2_D6-18-20260929-10:48:39-78,scalar,DectScheduledAccessNetwork.queue,r,,,5
Phase2_D6-18-20260929-10:48:39-78,scalar,DectScheduledAccessNetwork.queue,L_effective,,,4
Phase2_D6-18-20260929-10:48:39-78,scalar,DectScheduledAccessNetwork.queue,rho,,,0.166666666667
Phase2_D6-18-20260929-10:48:39-78,scalar,DectScheduledAccessNetwork.queue,rho_sat,,,0.16666666678333
Phase2_D6-18-20260929-10:48:39-78,scalar,DectScheduledAccessNetwork.queue,blocking_probability,,,0.12761736599767
Phase2_D6-18-20260929-10:48:39-78,scalar,DectScheduledAccessNetwork.queue,mean_type1_number,,,2.4697800001548
Phase2_D6-18-20260929-10:48:39-78,scalar,DectScheduledAccessNetwork.queue,mean_delay_direct_ms,,,7.078124250275
Phase2_D6-18-20260929-10:48:39-78,scalar,DectScheduledAccessNetwork.queue,effective_throughput_departures_per_ms,,,0.34893049002446
Phase2_D6-18-20260929-10:48:39-78,scalar,DectScheduledAccessNetwork.queue,mean_delay_little_ms,,,7.0781432714052
Phase2_D6-18-20260929-10:48:39-78,scalar,DectScheduledAccessNetwork.queue,little_vs_direct_relative_error,,,2.687312272931e-06
Phase2_D6-19-20260929-10:48:39-78,scalar,DectScheduledAccessNetwork.queue,D,,,6
Phase2_D6-19-20260929-10:48:39-78,scalar,DectScheduledAccessNetwork.queue,r,,,5
Phase2_D6-19-20260929-10:48:39-78,scalar,DectScheduledAccessNetwork.queue,L_effective,,,4
Phase2_D6-19-20260929-10:48:39-78,scalar,DectScheduledAccessNetwork.queue,rho,,,0.166666666667
Phase2_D6-19-20260929-10:48:39-78,scalar,DectScheduledAccessNetwork.queue,rho_sat,,,0.16666666678333
Phase2_D6-19-20260929-10:48:39-78,scalar,DectScheduledAccessNetwork.queue,blocking_probability,,,0.12789342868356
Phase2_D6-19-20260929-10:48:39-78,scalar,DectScheduledAccessNetwork.queue,mean_type1_number,,,2.4674464827581
Phase2_D6-19-20260929-10:48:39-78,scalar,DectScheduledAccessNetwork.queue,mean_delay_direct_ms,,,7.0792760895939
Phase2_D6-19-20260929-10:48:39-78,scalar,DectScheduledAccessNetwork.queue,effective_throughput_departures_per_ms,,,0.348544653055
Phase2_D6-19-20260929-10:48:39-78,scalar,DectScheduledAccessNetwork.queue,mean_delay_little_ms,,,7.0792837047733
Phase2_D6-19-20260929-10:48:39-78,scalar,DectScheduledAccessNetwork.queue,little_vs_direct_relative_error,,,1.0757003050532e-06
Phase2_D6-20-20260929-10:48:40-78,scalar,DectScheduledAccessNetwork.queue,D,,,6
Phase2_D6-20-20260929-10:48:40-78,scalar,DectScheduledAccessNetwork.queue,r,,,5
Phase2_D6-20-20260929-10:48:40-78,scalar,DectScheduledAccessNetwork.queue,L_effective,,,4
Phase2_D6-20-20260929-10:48:40-78,scalar,DectScheduledAccessNetwork.queue,rho,,,0.25
Phase2_D6-20-20260929-10:48:40-78,scalar,DectScheduledAccessNetwork.queue,rho_sat,,,0.16666666678333
Phase2_D6-20-20260929-10:48:40-78,scalar,DectScheduledAccessNetwork.queue,blocking_probability,,,0.34480316327767
Phase2_D6-20-20260929-10:48:40-78,scalar,DectScheduledAccessNetwork.queue,mean_type1_number,,,3.5862379427299
Phase2_D6-20-20260929-10:48:40-78,scalar,DectScheduledAccessNetwork.queue,mean_delay_direct_ms,,,9.1359372581794
Phase2_D6-20-20260929-10:48:40-78,scalar,DectScheduledAccessNetwork.queue,effective_throughput_departures_per_ms,,,0.39253981974696
Phase2_D6-20-20260929-10:48:40-78,scalar,DectScheduledAccessNetwork.queue,mean_delay_little_ms,,,9.1359850958349
Phase2_D6-20-20260929-10:48:40-78,scalar,DectScheduledAccessNetwork.queue,little_vs_direct_relative_error,,,5.2362066644829e-06
Phase2_D6-21-20260929-10:48:40-78,scalar,DectScheduledAccessNetwork.queue,D,,,6
Phase2_D6-21-20260929-10:48:40-78,scalar,DectScheduledAccessNetwork.queue,r,,,5
Phase2_D6-21-20260929-10:48:40-78,scalar,DectScheduledAccessNetwork.queue,L_effective,,,4
Phase2_D6-21-20260929-10:48:40-78,scalar,DectScheduledAccessNetwork.queue,rho,,,0.25
Phase2_D6-21-20260929-10:48:40-78,scalar,DectScheduledAccessNetwork.queue,rho_sat,,,0.16666666678333
Phase2_D6-21-20260929-10:48:40-78,scalar,DectScheduledAccessNetwork.queue,blocking_probability,,,0.34530312047238
Phase2_D6-21-20260929-10:48:40-78,scalar,DectScheduledAccessNetwork.queue,mean_type1_number,,,3.5879113855762
Phase2_D6-21-20260929-10:48:40-78,scalar,DectScheduledAccessNetwork.queue,mean_delay_direct_ms,,,9.1383970762106
Phase2_D6-21-20260929-10:48:40-78,scalar,DectScheduledAccessNetwork.queue,effective_throughput_departures_per_ms,,,0.39261770565582
Phase2_D6-21-20260929-10:48:40-78,scalar,DectScheduledAccessNetwork.queue,mean_delay_little_ms,,,9.1384350066003
Phase2_D6-21-20260929-10:48:40-78,scalar,DectScheduledAccessNetwork.queue,little_vs_direct_relative_error,,,4.1506611518916e-06
Phase2_D6-22-20260929-10:48:40-78,scalar,DectScheduledAccessNetwork.queue,D,,,6
Phase2_D6-22-20260929-10:48:40-78,scalar,DectScheduledAccessNetwork.queue,r,,,5
Phase2_D6-22-20260929-10:48:40-78,scalar,DectScheduledAccessNetwork.queue,L_effective,,,4
Phase2_D6-22-20260929-10:48:40-78,scalar,DectScheduledAccessNetwork.queue,rho,,,0.25
Phase2_D6-22-20260929-10:48:40-78,scalar,DectScheduledAccessNetwork.queue,rho_sat,,,0.16666666678333
Phase2_D6-22-20260929-10:48:40-78,scalar,DectScheduledAccessNetwork.queue,blocking_probability,,,0.34562445686884
Phase2_D6-22-20260929-10:48:40-78,scalar,DectScheduledAccessNetwork.queue,mean_type1_number,,,3.5900858723649
Phase2_D6-22-20260929-10:48:40-78,scalar,DectScheduledAccessNetwork.queue,mean_delay_direct_ms,,,9.139238237834
Phase2_D6-22-20260929-10:48:40-78,scalar,DectScheduledAccessNetwork.queue,effective_throughput_departures_per_ms,,,0.39282012471866
Phase2_D6-22-20260929-10:48:40-78,scalar,DectScheduledAccessNetwork.queue,mean_delay_little_ms,,,9.1392615766214
Phase2_D6-22-20260929-10:48:40-78,scalar,DectScheduledAccessNetwork.queue,little_vs_direct_relative_error,,,2.553690673146e-06
Phase2_D6-23-20260929-10:48:41-78,scalar,DectScheduledAccessNetwork.queue,D,,,6
Phase2_D6-23-20260929-10:48:41-78,scalar,DectScheduledAccessNetwork.queue,r,,,5
Phase2_D6-23-20260929-10:48:41-78,scalar,DectScheduledAccessNetwork.queue,L_effective,,,4
Phase2_D6-23-20260929-10:48:41-78,scalar,DectScheduledAccessNetwork.queue,rho,,,0.25
Phase2_D6-23-20260929-10:48:41-78,scalar,DectScheduledAccessNetwork.queue,rho_sat,,,0.16666666678333
Phase2_D6-23-20260929-10:48:41-78,scalar,DectScheduledAccessNetwork.queue,blocking_probability,,,0.34469370061867
Phase2_D6-23-20260929-10:48:41-78,scalar,DectScheduledAccessNetwork.queue,mean_type1_number,,,3.5870221203834
Phase2_D6-23-20260929-10:48:41-78,scalar,DectScheduledAccessNetwork.queue,mean_delay_direct_ms,,,9.1377777145532
Phase2_D6-23-20260929-10:48:41-78,scalar,DectScheduledAccessNetwork.queue,effective_throughput_departures_per_ms,,,0.39254805077028
Phase2_D6-23-20260929-10:48:41-78,scalar,DectScheduledAccessNetwork.queue,mean_delay_little_ms,,,9.1377911910268
Phase2_D6-23-20260929-10:48:41-78,scalar,DectScheduledAccessNetwork.queue,little_vs_direct_relative_error,,,1.4748086434313e-06
Phase2_D6-24-20260929-10:48:41-78,scalar,DectScheduledAccessNetwork.queue,D,,,6
Phase2_D6-24-20260929-10:48:41-78,scalar,DectScheduledAccessNetwork.queue,r,,,5
Phase2_D6-24-20260929-10:48:41-78,scalar,DectScheduledAccessNetwork.queue,L_effective,,,4
Phase2_D6-24-20260929-10:48:41-78,scalar,DectScheduledAccessNetwork.queue,rho,,,0.25
Phase2_D6-24-20260929-10:48:41-78,scalar,DectScheduledAccessNetwork.queue,rho_sat,,,0.16666666678333
Phase2_D6-24-20260929-10:48:41-78,scalar,DectScheduledAccessNetwork.queue,blocking_probability,,,0.34447269764292
Phase2_D6-24-20260929-10:48:41-78,scalar,DectScheduledAccessNetwork.queue,mean_type1_number,,,3.5848778569987
Phase2_D6-24-20260929-10:48:41-78,scalar,DectScheduledAccessNetwork.queue,mean_delay_direct_ms,,,9.128625861067
Phase2_D6-24-20260929-10:48:41-78,scalar,DectScheduledAccessNetwork.queue,effective_throughput_departures_per_ms,,,0.39270684131633
Phase2_D6-24-20260929-10:48:41-78,scalar,DectScheduledAccessNetwork.queue,mean_delay_little_ms,,,9.1286361220049
Phase2_D6-24-20260929-10:48:41-78,scalar,DectScheduledAccessNetwork.queue,little_vs_direct_relative_error,,,1.1240397082002e-06
Phase2_D6-25-20260929-10:48:41-78,scalar,DectScheduledAccessNetwork.queue,D,,,6
Phase2_D6-25-20260929-10:48:41-78,scalar,DectScheduledAccessNetwork.queue,r,,,5
Phase2_D6-25-20260929-10:48:41-78,scalar,DectScheduledAccessNetwork.queue,L_effective,,,4
Phase2_D6-25-20260929-10:48:41-78,scalar,DectScheduledAccessNetwork.queue,rho,,,0.25
Phase2_D6-25-20260929-10:48:41-78,scalar,DectScheduledAccessNetwork.queue,rho_sat,,,0.16666666678333
Phase2_D6-25-20260929-10:48:41-78,scalar,DectScheduledAccessNetwork.queue,blocking_probability,,,0.34442753075931
Phase2_D6-25-20260929-10:48:41-78,scalar,DectScheduledAccessNetwork.queue,mean_type1_number,,,3.5832508331197
Phase2_D6-25-20260929-10:48:41-78,scalar,DectScheduledAccessNetwork.queue,mean_delay_direct_ms,,,9.1251890325817
Phase2_D6-25-20260929-10:48:41-78,scalar,DectScheduledAccessNetwork.queue,effective_throughput_departures_per_ms,,,0.39267589287938
Phase2_D6-25-20260929-10:48:41-78,scalar,DectScheduledAccessNetwork.queue,mean_delay_little_ms,,,9.1252121612172
Phase2_D6-25-20260929-10:48:41-78,scalar,DectScheduledAccessNetwork.queue,little_vs_direct_relative_error,,,2.5345924832276e-06
Phase2_D6-26-20260929-10:48:42-78,scalar,DectScheduledAccessNetwork.queue,D,,,6
Phase2_D6-26-20260929-10:48:42-78,scalar,DectScheduledAccessNetwork.queue,r,,,5
Phase2_D6-26-20260929-10:48:42-78,scalar,DectScheduledAccessNetwork.queue,L_effective,,,4
Phase2_D6-26-20260929-10:48:42-78,scalar,DectScheduledAccessNetwork.queue,rho,,,0.25
Phase2_D6-26-20260929-10:48:42-78,scalar,DectScheduledAccessNetwork.queue,rho_sat,,,0.16666666678333
Phase2_D6-26-20260929-10:48:42-78,scalar,DectScheduledAccessNetwork.queue,blocking_probability,,,0.34531491926112
Phase2_D6-26-20260929-10:48:42-78,scalar,DectScheduledAccessNetwork.queue,mean_type1_number,,,3.5902483138238
Phase2_D6-26-20260929-10:48:42-78,scalar,DectScheduledAccessNetwork.queue,mean_delay_direct_ms,,,9.1424514097742
Phase2_D6-26-20260929-10:48:42-78,scalar,DectScheduledAccessNetwork.queue,effective_throughput_departures_per_ms,,,0.39270020529978
Phase2_D6-26-20260929-10:48:42-78,scalar,DectScheduledAccessNetwork.queue,mean_delay_little_ms,,,9.1424660984913
Phase2_D6-26-20260929-10:48:42-78,scalar,DectScheduledAccessNetwork.queue,little_vs_direct_relative_error,,,1.6066497294798e-06
Phase2_D6-27-20260929-10:48:42-78,scalar,DectScheduledAccessNetwork.queue,D,,,6
Phase2_D6-27-20260929-10:48:42-78,scalar,DectScheduledAccessNetwork.queue,r,,,5
Phase2_D6-27-20260929-10:48:42-78,scalar,DectScheduledAccessNetwork.queue,L_effective,,,4
Phase2_D6-27-20260929-10:48:42-78,scalar,DectScheduledAccessNetwork.queue,rho,,,0.25
Phase2_D6-27-20260929-10:48:42-78,scalar,DectScheduledAccessNetwork.queue,rho_sat,,,0.16666666678333
Phase2_D6-27-20260929-10:48:42-78,scalar,DectScheduledAccessNetwork.queue,blocking_probability,,,0.34599761551446
Phase2_D6-27-20260929-10:48:42-78,scalar,DectScheduledAccessNetwork.queue,mean_type1_number,,,3.5931251360012
Phase2_D6-27-20260929-10:48:42-78,scalar,DectScheduledAccessNetwork.queue,mean_delay_direct_ms,,,9.1516766923775
Phase2_D6-27-20260929-10:48:42-78,scalar,DectScheduledAccessNetwork.queue,effective_throughput_departures_per_ms,,,0.39261841023301
Phase2_D6-27-20260929-10:48:42-78,scalar,DectScheduledAccessNetwork.queue,mean_delay_little_ms,,,9.1516980415381
Phase2_D6-27-20260929-10:48:42-78,scalar,DectScheduledAccessNetwork.queue,little_vs_direct_relative_error,,,2.3328141158796e-06
Phase2_D6-28-20260929-10:48:42-78,scalar,DectScheduledAccessNetwork.queue,D,,,6
Phase2_D6-28-20260929-10:48:42-78,scalar,DectScheduledAccessNetwork.queue,r,,,5
Phase2_D6-28-20260929-10:48:42-78,scalar,DectScheduledAccessNetwork.queue,L_effective,,,4
Phase2_D6-28-20260929-10:48:42-78,scalar,DectScheduledAccessNetwork.queue,rho,,,0.25
Phase2_D6-28-20260929-10:48:42-78,scalar,DectScheduledAccessNetwork.queue,rho_sat,,,0.16666666678333
Phase2_D6-28-20260929-10:48:42-78,scalar,DectScheduledAccessNetwork.queue,blocking_probability,,,0.34541240204126
Phase2_D6-28-20260929-10:48:42-78,scalar,DectScheduledAccessNetwork.queue,mean_type1_number,,,3.5880354489758
Phase2_D6-28-20260929-10:48:42-78,scalar,DectScheduledAccessNetwork.queue,mean_delay_direct_ms,,,9.1341349618657
Phase2_D6-28-20260929-10:48:42-78,scalar,DectScheduledAccessNetwork.queue,effective_throughput_departures_per_ms,,,0.39281474200757
Phase2_D6-28-20260929-10:48:42-78,scalar,DectScheduledAccessNetwork.queue,mean_delay_little_ms,,,9.1341669883323
Phase2_D6-28-20260929-10:48:42-78,scalar,DectScheduledAccessNetwork.queue,little_vs_direct_relative_error,,,3.5062396983587e-06
Phase2_D6-29-20260929-10:48:43-78,scalar,DectScheduledAccessNetwork.queue,D,,,6
Phase2_D6-29-20260929-10:48:43-78,scalar,DectScheduledAccessNetwork.queue,r,,,5
Phase2_D6-29-20260929-10:48:43-78,scalar,DectScheduledAccessNetwork.queue,L_effective,,,4
Phase2_D6-29-20260929-10:48:43-78,scalar,DectScheduledAccessNetwork.queue,rho,,,0.25
Phase2_D6-29-20260929-10:48:43-78,scalar,DectScheduledAccessNetwork.queue,rho_sat,,,0.16666666678333
Phase2_D6-29-20260929-10:48:43-78,scalar,DectScheduledAccessNetwork.queue,blocking_probability,,,0.34536720571205
Phase2_D6-29-20260929-10:48:43-78,scalar,DectScheduledAccessNetwork.queue,mean_type1_number,,,3.5873790638467
Phase2_D6-29-20260929-10:48:43-78,scalar,DectScheduledAccessNetwork.queue,mean_delay_direct_ms,,,9.1376502009781
Phase2_D6-29-20260929-10:48:43-78,scalar,DectScheduledAccessNetwork.queue,effective_throughput_departures_per_ms,,,0.39259291937897
Phase2_D6-29-20260929-10:48:43-78,scalar,DectScheduledAccessNetwork.queue,mean_delay_little_ms,,,9.1376560471886
Phase2_D6-29-20260929-10:48:43-78,scalar,DectScheduledAccessNetwork.queue,little_vs_direct_relative_error,,,6.3979364917088e-07
Phase2_D6-60-20260929-10:48:52-78,scalar,DectScheduledAccessNetwork.queue,D,,,6
Phase2_D6-60-20260929-10:48:52-78,scalar,DectScheduledAccessNetwork.queue,r,,,50
Phase2_D6-60-20260929-10:48:52-78,scalar,DectScheduledAccessNetwork.queue,L_effective,,,4
Phase2_D6-60-20260929-10:48:52-78,scalar,DectScheduledAccessNetwork.queue,rho,,,0.083333333333
Phase2_D6-60-20260929-10:48:52-78,scalar,DectScheduledAccessNetwork.queue,rho_sat,,,0.16666666678333
Phase2_D6-60-20260929-10:48:52-78,scalar,DectScheduledAccessNetwork.queue,blocking_probability,,,0
Phase2_D6-60-20260929-10:48:52-78,scalar,DectScheduledAccessNetwork.queue,mean_type1_number,,,1.0238042480466
Phase2_D6-60-20260929-10:48:52-78,scalar,DectScheduledAccessNetwork.queue,mean_delay_direct_ms,,,5.1230874178221
Phase2_D6-60-20260929-10:48:52-78,scalar,DectScheduledAccessNetwork.queue,effective_throughput_departures_per_ms,,,0.19984095317606
Phase2_D6-60-20260929-10:48:52-78,scalar,DectScheduledAccessNetwork.queue,mean_delay_little_ms,,,5.1230953004143
Phase2_D6-60-20260929-10:48:52-78,scalar,DectScheduledAccessNetwork.queue,little_vs_direct_relative_error,,,1.5386409737417e-06
Phase2_D6-61-20260929-10:48:52-78,scalar,DectScheduledAccessNetwork.queue,D,,,6
Phase2_D6-61-20260929-10:48:52-78,scalar,DectScheduledAccessNetwork.queue,r,,,50
Phase2_D6-61-20260929-10:48:52-78,scalar,DectScheduledAccessNetwork.queue,L_effective,,,4
Phase2_D6-61-20260929-10:48:52-78,scalar,DectScheduledAccessNetwork.queue,rho,,,0.083333333333
Phase2_D6-61-20260929-10:48:52-78,scalar,DectScheduledAccessNetwork.queue,rho_sat,,,0.16666666678333
Phase2_D6-61-20260929-10:48:52-78,scalar,DectScheduledAccessNetwork.queue,blocking_probability,,,0
Phase2_D6-61-20260929-10:48:52-78,scalar,DectScheduledAccessNetwork.queue,mean_type1_number,,,1.0273583203065
Phase2_D6-61-20260929-10:48:52-78,scalar,DectScheduledAccessNetwork.queue,mean_delay_direct_ms,,,5.1377727578516
Phase2_D6-61-20260929-10:48:52-78,scalar,DectScheduledAccessNetwork.queue,effective_throughput_departures_per_ms,,,0.19996133608158
Phase2_D6-61-20260929-10:48:52-78,scalar,DectScheduledAccessNetwork.queue,mean_delay_little_ms,,,5.1377848360016
Phase2_D6-61-20260929-10:48:52-78,scalar,DectScheduledAccessNetwork.queue,little_vs_direct_relative_error,,,2.3508532920324e-06
Phase2_D6-62-20260929-10:48:52-78,scalar,DectScheduledAccessNetwork.queue,D,,,6
Phase2_D6-62-20260929-10:48:52-78,scalar,DectScheduledAccessNetwork.queue,r,,,50
Phase2_D6-62-20260929-10:48:52-78,scalar,DectScheduledAccessNetwork.queue,L_effective,,,4
Phase2_D6-62-20260929-10:48:52-78,scalar,DectScheduledAccessNetwork.queue,rho,,,0.083333333333
Phase2_D6-62-20260929-10:48:52-78,scalar,DectScheduledAccessNetwork.queue,rho_sat,,,0.16666666678333
Phase2_D6-62-20260929-10:48:52-78,scalar,DectScheduledAccessNetwork.queue,blocking_probability,,,0
Phase2_D6-62-20260929-10:48:52-78,scalar,DectScheduledAccessNetwork.queue,mean_type1_number,,,1.0265924414474
Phase2_D6-62-20260929-10:48:52-78,scalar,DectScheduledAccessNetwork.queue,mean_delay_direct_ms,,,5.129688215878
Phase2_D6-62-20260929-10:48:52-78,scalar,DectScheduledAccessNetwork.queue,effective_throughput_departures_per_ms,,,0.20012759519303
Phase2_D6-62-20260929-10:48:52-78,scalar,DectScheduledAccessNetwork.queue,mean_delay_little_ms,,,5.129689588571
Phase2_D6-62-20260929-10:48:52-78,scalar,DectScheduledAccessNetwork.queue,little_vs_direct_relative_error,,,2.6759773352758e-07
Phase2_D6-63-20260929-10:48:53-78,scalar,DectScheduledAccessNetwork.queue,D,,,6
Phase2_D6-63-20260929-10:48:53-78,scalar,DectScheduledAccessNetwork.queue,r,,,50
Phase2_D6-63-20260929-10:48:53-78,scalar,DectScheduledAccessNetwork.queue,L_effective,,,4
Phase2_D6-63-20260929-10:48:53-78,scalar,DectScheduledAccessNetwork.queue,rho,,,0.083333333333
Phase2_D6-63-20260929-10:48:53-78,scalar,DectScheduledAccessNetwork.queue,rho_sat,,,0.16666666678333
Phase2_D6-63-20260929-10:48:53-78,scalar,DectScheduledAccessNetwork.queue,blocking_probability,,,0
Phase2_D6-63-20260929-10:48:53-78,scalar,DectScheduledAccessNetwork.queue,mean_type1_number,,,1.0250307059178
Phase2_D6-63-20260929-10:48:53-78,scalar,DectScheduledAccessNetwork.queue,mean_delay_direct_ms,,,5.1305800960664
Phase2_D6-63-20260929-10:48:53-78,scalar,DectScheduledAccessNetwork.queue,effective_throughput_departures_per_ms,,,0.19978843232155
Phase2_D6-63-20260929-10:48:53-78,scalar,DectScheduledAccessNetwork.queue,mean_delay_little_ms,,,5.1305808549919
Phase2_D6-63-20260929-10:48:53-78,scalar,DectScheduledAccessNetwork.queue,little_vs_direct_relative_error,,,1.4792197067237e-07
Phase2_D6-64-20260929-10:48:53-78,scalar,DectScheduledAccessNetwork.queue,D,,,6
Phase2_D6-64-20260929-10:48:53-78,scalar,DectScheduledAccessNetwork.queue,r,,,50
Phase2_D6-64-20260929-10:48:53-78,scalar,DectScheduledAccessNetwork.queue,L_effective,,,4
Phase2_D6-64-20260929-10:48:53-78,scalar,DectScheduledAccessNetwork.queue,rho,,,0.083333333333
Phase2_D6-64-20260929-10:48:53-78,scalar,DectScheduledAccessNetwork.queue,rho_sat,,,0.16666666678333
Phase2_D6-64-20260929-10:48:53-78,scalar,DectScheduledAccessNetwork.queue,blocking_probability,,,0
Phase2_D6-64-20260929-10:48:53-78,scalar,DectScheduledAccessNetwork.queue,mean_type1_number,,,1.0234822062926
Phase2_D6-64-20260929-10:48:53-78,scalar,DectScheduledAccessNetwork.queue,mean_delay_direct_ms,,,5.1233561081037
Phase2_D6-64-20260929-10:48:53-78,scalar,DectScheduledAccessNetwork.queue,effective_throughput_departures_per_ms,,,0.19976765322217
Phase2_D6-64-20260929-10:48:53-78,scalar,DectScheduledAccessNetwork.queue,mean_delay_little_ms,,,5.1233630159047
Phase2_D6-64-20260929-10:48:53-78,scalar,DectScheduledAccessNetwork.queue,little_vs_direct_relative_error,,,1.3482960972144e-06
Phase2_D6-65-20260929-10:48:53-78,scalar,DectScheduledAccessNetwork.queue,D,,,6
Phase2_D6-65-20260929-10:48:53-78,scalar,DectScheduledAccessNetwork.queue,r,,,50
Phase2_D6-65-20260929-10:48:53-78,scalar,DectScheduledAccessNetwork.queue,L_effective,,,4
Phase2_D6-65-20260929-10:48:53-78,scalar,DectScheduledAccessNetwork.queue,rho,,,0.083333333333
Phase2_D6-65-20260929-10:48:53-78,scalar,DectScheduledAccessNetwork.queue,rho_sat,,,0.16666666678333
Phase2_D6-65-20260929-10:48:53-78,scalar,DectScheduledAccessNetwork.queue,blocking_probability,,,0
Phase2_D6-65-20260929-10:48:53-78,scalar,DectScheduledAccessNetwork.queue,mean_type1_number,,,1.02538093778
Phase2_D6-65-20260929-10:48:53-78,scalar,DectScheduledAccessNetwork.queue,mean_delay_direct_ms,,,5.1297768418285
Phase2_D6-65-20260929-10:48:53-78,scalar,DectScheduledAccessNetwork.queue,effective_throughput_departures_per_ms,,,0.19988733314492
Phase2_D6-65-20260929-10:48:53-78,scalar,DectScheduledAccessNetwork.queue,mean_delay_little_ms,,,5.1297944779554
Phase2_D6-65-20260929-10:48:53-78,scalar,DectScheduledAccessNetwork.queue,little_vs_direct_relative_error,,,3.4379910667237e-06
Phase2_D6-66-20260929-10:48:53-78,scalar,DectScheduledAccessNetwork.queue,D,,,6
Phase2_D6-66-20260929-10:48:53-78,scalar,DectScheduledAccessNetwork.queue,r,,,50
Phase2_D6-66-20260929-10:48:53-78,scalar,DectScheduledAccessNetwork.queue,L_effective,,,4
Phase2_D6-66-20260929-10:48:53-78,scalar,DectScheduledAccessNetwork.queue,rho,,,0.083333333333
Phase2_D6-66-20260929-10:48:53-78,scalar,DectScheduledAccessNetwork.queue,rho_sat,,,0.16666666678333
Phase2_D6-66-20260929-10:48:53-78,scalar,DectScheduledAccessNetwork.queue,blocking_probability,,,0
Phase2_D6-66-20260929-10:48:53-78,scalar,DectScheduledAccessNetwork.queue,mean_type1_number,,,1.0249009821048
Phase2_D6-66-20260929-10:48:53-78,scalar,DectScheduledAccessNetwork.queue,mean_delay_direct_ms,,,5.1266618099199
Phase2_D6-66-20260929-10:48:53-78,scalar,DectScheduledAccessNetwork.queue,effective_throughput_departures_per_ms,,,0.19991585560052
Phase2_D6-66-20260929-10:48:53-78,scalar,DectScheduledAccessNetwork.queue,mean_delay_little_ms,,,5.1266618099204
Phase2_D6-66-20260929-10:48:53-78,scalar,DectScheduledAccessNetwork.queue,little_vs_direct_relative_error,,,9.0372154204488e-14
Phase2_D6-67-20260929-10:48:54-78,scalar,DectScheduledAccessNetwork.queue,D,,,6
Phase2_D6-67-20260929-10:48:54-78,scalar,DectScheduledAccessNetwork.queue,r,,,50
Phase2_D6-67-20260929-10:48:54-78,scalar,DectScheduledAccessNetwork.queue,L_effective,,,4
Phase2_D6-67-20260929-10:48:54-78,scalar,DectScheduledAccessNetwork.queue,rho,,,0.083333333333
Phase2_D6-67-20260929-10:48:54-78,scalar,DectScheduledAccessNetwork.queue,rho_sat,,,0.16666666678333
Phase2_D6-67-20260929-10:48:54-78,scalar,DectScheduledAccessNetwork.queue,blocking_probability,,,0
Phase2_D6-67-20260929-10:48:54-78,scalar,DectScheduledAccessNetwork.queue,mean_type1_number,,,1.0249606735927
Phase2_D6-67-20260929-10:48:54-78,scalar,DectScheduledAccessNetwork.queue,mean_delay_direct_ms,,,5.1244059928148
Phase2_D6-67-20260929-10:48:54-78,scalar,DectScheduledAccessNetwork.queue,effective_throughput_departures_per_ms,,,0.20001527763904
Phase2_D6-67-20260929-10:48:54-78,scalar,DectScheduledAccessNetwork.queue,mean_delay_little_ms,,,5.1244119233853
Phase2_D6-67-20260929-10:48:54-78,scalar,DectScheduledAccessNetwork.queue,little_vs_direct_relative_error,,,1.1573186087244e-06
Phase2_D6-68-20260929-10:48:54-78,scalar,DectScheduledAccessNetwork.queue,D,,,6
Phase2_D6-68-20260929-10:48:54-78,scalar,DectScheduledAccessNetwork.queue,r,,,50
Phase2_D6-68-20260929-10:48:54-78,scalar,DectScheduledAccessNetwork.queue,L_effective,,,4
Phase2_D6-68-20260929-10:48:54-78,scalar,DectScheduledAccessNetwork.queue,rho,,,0.083333333333
Phase2_D6-68-20260929-10:48:54-78,scalar,DectScheduledAccessNetwork.queue,rho_sat,,,0.16666666678333
Phase2_D6-68-20260929-10:48:54-78,scalar,DectScheduledAccessNetwork.queue,blocking_probability,,,0
Phase2_D6-68-20260929-10:48:54-78,scalar,DectScheduledAccessNetwork.queue,mean_type1_number,,,1.0258724639209
Phase2_D6-68-20260929-10:48:54-78,scalar,DectScheduledAccessNetwork.queue,mean_delay_direct_ms,,,5.1293289188114
Phase2_D6-68-20260929-10:48:54-78,scalar,DectScheduledAccessNetwork.queue,effective_throughput_departures_per_ms,,,0.20000125712263
Phase2_D6-68-20260929-10:48:54-78,scalar,DectScheduledAccessNetwork.queue,mean_delay_little_ms,,,5.1293300786199
Phase2_D6-68-20260929-10:48:54-78,scalar,DectScheduledAccessNetwork.queue,little_vs_direct_relative_error,,,2.2611310557252e-07
Phase2_D6-69-20260929-10:48:54-78,scalar,DectScheduledAccessNetwork.queue,D,,,6
Phase2_D6-69-20260929-10:48:54-78,scalar,DectScheduledAccessNetwork.queue,r,,,50
Phase2_D6-69-20260929-10:48:54-78,scalar,DectScheduledAccessNetwork.queue,L_effective,,,4
Phase2_D6-69-20260929-10:48:54-78,scalar,DectScheduledAccessNetwork.queue,rho,,,0.083333333333
Phase2_D6-69-20260929-10:48:54-78,scalar,DectScheduledAccessNetwork.queue,rho_sat,,,0.16666666678333
Phase2_D6-69-20260929-10:48:54-78,scalar,DectScheduledAccessNetwork.queue,blocking_probability,,,0
Phase2_D6-69-20260929-10:48:54-78,scalar,DectScheduledAccessNetwork.queue,mean_type1_number,,,1.0267100925735
Phase2_D6-69-20260929-10:48:54-78,scalar,DectScheduledAccessNetwork.queue,mean_delay_direct_ms,,,5.1317224979342
Phase2_D6-69-20260929-10:48:54-78,scalar,DectScheduledAccessNetwork.queue,effective_throughput_departures_per_ms,,,0.20007062446701
Phase2_D6-69-20260929-10:48:54-78,scalar,DectScheduledAccessNetwork.queue,mean_delay_little_ms,,,5.1317383314449
Phase2_D6-69-20260929-10:48:54-78,scalar,DectScheduledAccessNetwork.queue,little_vs_direct_relative_error,,,3.0854183290518e-06
Phase2_D6-70-20260929-10:48:55-78,scalar,DectScheduledAccessNetwork.queue,D,,,6
Phase2_D6-70-20260929-10:48:55-78,scalar,DectScheduledAccessNetwork.queue,r,,,50
Phase2_D6-70-20260929-10:48:55-78,scalar,DectScheduledAccessNetwork.queue,L_effective,,,4
Phase2_D6-70-20260929-10:48:55-78,scalar,DectScheduledAccessNetwork.queue,rho,,,0.166666666667
Phase2_D6-70-20260929-10:48:55-78,scalar,DectScheduledAccessNetwork.queue,rho_sat,,,0.16666666678333
Phase2_D6-70-20260929-10:48:55-78,scalar,DectScheduledAccessNetwork.queue,blocking_probability,,,0.010306248175327
Phase2_D6-70-20260929-10:48:55-78,scalar,DectScheduledAccessNetwork.queue,mean_type1_number,,,24.278824047293
Phase2_D6-70-20260929-10:48:55-78,scalar,DectScheduledAccessNetwork.queue,mean_delay_direct_ms,,,61.428472228599
Phase2_D6-70-20260929-10:48:55-78,scalar,DectScheduledAccessNetwork.queue,effective_throughput_departures_per_ms,,,0.39521954672393
Phase2_D6-70-20260929-10:48:55-78,scalar,DectScheduledAccessNetwork.queue,mean_delay_little_ms,,,61.43123296544
Phase2_D6-70-20260929-10:48:55-78,scalar,DectScheduledAccessNetwork.queue,little_vs_direct_relative_error,,,4.4942300224893e-05
Phase2_D6-71-20260929-10:48:55-78,scalar,DectScheduledAccessNetwork.queue,D,,,6
Phase2_D6-71-20260929-10:48:55-78,scalar,DectScheduledAccessNetwork.queue,r,,,50
Phase2_D6-71-20260929-10:48:55-78,scalar,DectScheduledAccessNetwork.queue,L_effective,,,4
Phase2_D6-71-20260929-10:48:55-78,scalar,DectScheduledAccessNetwork.queue,rho,,,0.166666666667
Phase2_D6-71-20260929-10:48:55-78,scalar,DectScheduledAccessNetwork.queue,rho_sat,,,0.16666666678333
Phase2_D6-71-20260929-10:48:55-78,scalar,DectScheduledAccessNetwork.queue,blocking_probability,,,0.010311176032231
Phase2_D6-71-20260929-10:48:55-78,scalar,DectScheduledAccessNetwork.queue,mean_type1_number,,,24.599888591014
Phase2_D6-71-20260929-10:48:55-78,scalar,DectScheduledAccessNetwork.queue,mean_delay_direct_ms,,,62.183866429207
Phase2_D6-71-20260929-10:48:55-78,scalar,DectScheduledAccessNetwork.queue,effective_throughput_departures_per_ms,,,0.39558186464647
Phase2_D6-71-20260929-10:48:55-78,scalar,DectScheduledAccessNetwork.queue,mean_delay_little_ms,,,62.186593445073
Phase2_D6-71-20260929-10:48:55-78,scalar,DectScheduledAccessNetwork.queue,little_vs_direct_relative_error,,,4.3854073774829e-05
Phase2_D6-72-20260929-10:48:55-78,scalar,DectScheduledAccessNetwork.queue,D,,,6
Phase2_D6-72-20260929-10:48:55-78,scalar,DectScheduledAccessNetwork.queue,r,,,50
Phase2_D6-72-20260929-10:48:55-78,scalar,DectScheduledAccessNetwork.queue,L_effective,,,4
Phase2_D6-72-20260929-10:48:55-78,scalar,DectScheduledAccessNetwork.queue,rho,,,0.166666666667
Phase2_D6-72-20260929-10:48:55-78,scalar,DectScheduledAccessNetwork.queue,rho_sat,,,0.16666666678333
Phase2_D6-72-20260929-10:48:55-78,scalar,DectScheduledAccessNetwork.queue,blocking_probability,,,0.010546239606131
Phase2_D6-72-20260929-10:48:55-78,scalar,DectScheduledAccessNetwork.queue,mean_type1_number,,,25.104689583901
Phase2_D6-72-20260929-10:48:55-78,scalar,DectScheduledAccessNetwork.queue,mean_delay_direct_ms,,,63.418428048982
Phase2_D6-72-20260929-10:48:55-78,scalar,DectScheduledAccessNetwork.queue,effective_throughput_departures_per_ms,,,0.39584458193077
Phase2_D6-72-20260929-10:48:55-78,scalar,DectScheduledAccessNetwork.queue,mean_delay_little_ms,,,63.420571430964
Phase2_D6-72-20260929-10:48:55-78,scalar,DectScheduledAccessNetwork.queue,little_vs_direct_relative_error,,,3.3797463092844e-05
Phase2_D6-73-20260929-10:48:55-78,scalar,DectScheduledAccessNetwork.queue,D,,,6
Phase2_D6-73-20260929-10:48:55-78,scalar,DectScheduledAccessNetwork.queue,r,,,50
Phase2_D6-73-20260929-10:48:55-78,scalar,DectScheduledAccessNetwork.queue,L_effective,,,4
Phase2_D6-73-20260929-10:48:55-78,scalar,DectScheduledAccessNetwork.queue,rho,,,0.166666666667
Phase2_D6-73-20260929-10:48:55-78,scalar,DectScheduledAccessNetwork.queue,rho_sat,,,0.16666666678333
Phase2_D6-73-20260929-10:48:55-78,scalar,DectScheduledAccessNetwork.queue,blocking_probability,,,0.0099900802097214
Phase2_D6-73-20260929-10:48:55-78,scalar,DectScheduledAccessNetwork.queue,mean_type1_number,,,25.142019843837
Phase2_D6-73-20260929-10:48:55-78,scalar,DectScheduledAccessNetwork.queue,mean_delay_direct_ms,,,63.549555046683
Phase2_D6-73-20260929-10:48:55-78,scalar,DectScheduledAccessNetwork.queue,effective_throughput_departures_per_ms,,,0.39562307227865
Phase2_D6-73-20260929-10:48:55-78,scalar,DectScheduledAccessNetwork.queue,mean_delay_little_ms,,,63.550438802842
Phase2_D6-73-20260929-10:48:55-78,scalar,DectScheduledAccessNetwork.queue,little_vs_direct_relative_error,,,1.3906567223998e-05
Phase2_D6-74-20260929-10:48:56-78,scalar,DectScheduledAccessNetwork.queue,D,,,6
Phase2_D6-74-20260929-10:48:56-78,scalar,DectScheduledAccessNetwork.queue,r,,,50
Phase2_D6-74-20260929-10:48:56-78,scalar,DectScheduledAccessNetwork.queue,L_effective,,,4
Phase2_D6-74-20260929-10:48:56-78,scalar,DectScheduledAccessNetwork.queue,rho,,,0.166666666667
Phase2_D6-74-20260929-10:48:56-78,scalar,DectScheduledAccessNetwork.queue,rho_sat,,,0.16666666678333
Phase2_D6-74-20260929-10:48:56-78,scalar,DectScheduledAccessNetwork.queue,blocking_probability,,,0.0096106231851332
Phase2_D6-74-20260929-10:48:56-78,scalar,DectScheduledAccessNetwork.queue,mean_type1_number,,,24.473321463123
Phase2_D6-74-20260929-10:48:56-78,scalar,DectScheduledAccessNetwork.queue,mean_delay_direct_ms,,,61.860429563374
Phase2_D6-74-20260929-10:48:56-78,scalar,DectScheduledAccessNetwork.queue,effective_throughput_departures_per_ms,,,0.39560896017963
Phase2_D6-74-20260929-10:48:56-78,scalar,DectScheduledAccessNetwork.queue,mean_delay_little_ms,,,61.862404360131
Phase2_D6-74-20260929-10:48:56-78,scalar,DectScheduledAccessNetwork.queue,little_vs_direct_relative_error,,,3.1923424565594e-05
Phase2_D6-75-20260929-10:48:56-78,scalar,DectScheduledAccessNetwork.queue,D,,,6
Phase2_D6-75-20260929-10:48:56-78,scalar,DectScheduledAccessNetwork.queue,r,,,50
Phase2_D6-75-20260929-10:48:56-78,scalar,DectScheduledAccessNetwork.queue,L_effective,,,4
Phase2_D6-75-20260929-10:48:56-78,scalar,DectScheduledAccessNetwork.queue,rho,,,0.166666666667
Phase2_D6-75-20260929-10:48:56-78,scalar,DectScheduledAccessNetwork.queue,rho_sat,,,0.16666666678333
Phase2_D6-75-20260929-10:48:56-78,scalar,DectScheduledAccessNetwork.queue,blocking_probability,,,0.010457998800729
Phase2_D6-75-20260929-10:48:56-78,scalar,DectScheduledAccessNetwork.queue,mean_type1_number,,,24.957273013674
Phase2_D6-75-20260929-10:48:56-78,scalar,DectScheduledAccessNetwork.queue,mean_delay_direct_ms,,,63.072577975571
Phase2_D6-75-20260929-10:48:56-78,scalar,DectScheduledAccessNetwork.queue,effective_throughput_departures_per_ms,,,0.39567520628081
Phase2_D6-75-20260929-10:48:56-78,scalar,DectScheduledAccessNetwork.queue,mean_delay_little_ms,,,63.075150066294
Phase2_D6-75-20260929-10:48:56-78,scalar,DectScheduledAccessNetwork.queue,little_vs_direct_relative_error,,,4.0779857205298e-05
Phase2_D6-76-20260929-10:48:56-78,scalar,DectScheduledAccessNetwork.queue,D,,,6
Phase2_D6-76-20260929-10:48:56-78,scalar,DectScheduledAccessNetwork.queue,r,,,50
Phase2_D6-76-20260929-10:48:56-78,scalar,DectScheduledAccessNetwork.queue,L_effective,,,4
Phase2_D6-76-20260929-10:48:56-78,scalar,DectScheduledAccessNetwork.queue,rho,,,0.166666666667
Phase2_D6-76-20260929-10:48:56-78,scalar,DectScheduledAccessNetwork.queue,rho_sat,,,0.16666666678333
Phase2_D6-76-20260929-10:48:56-78,scalar,DectScheduledAccessNetwork.queue,blocking_probability,,,0.010737413167824
Phase2_D6-76-20260929-10:48:56-78,scalar,DectScheduledAccessNetwork.queue,mean_type1_number,,,24.948979753859
Phase2_D6-76-20260929-10:48:56-78,scalar,DectScheduledAccessNetwork.queue,mean_delay_direct_ms,,,63.066151648036
Phase2_D6-76-20260929-10:48:56-78,scalar,DectScheduledAccessNetwork.queue,effective_throughput_departures_per_ms,,,0.39559994485509
Phase2_D6-76-20260929-10:48:56-78,scalar,DectScheduledAccessNetwork.queue,mean_delay_little_ms,,,63.066186126489
Phase2_D6-76-20260929-10:48:56-78,scalar,DectScheduledAccessNetwork.queue,little_vs_direct_relative_error,,,5.4670296933956e-07
Phase2_D6-77-20260929-10:48:56-78,scalar,DectScheduledAccessNetwork.queue,D,,,6
Phase2_D6-77-20260929-10:48:56-78,scalar,DectScheduledAccessNetwork.queue,r,,,50
Phase2_D6-77-20260929-10:48:56-78,scalar,DectScheduledAccessNetwork.queue,L_effective,,,4
Phase2_D6-77-20260929-10:48:56-78,scalar,DectScheduledAccessNetwork.queue,rho,,,0.166666666667
Phase2_D6-77-20260929-10:48:56-78,scalar,DectScheduledAccessNetwork.queue,rho_sat,,,0.16666666678333
Phase2_D6-77-20260929-10:48:56-78,scalar,DectScheduledAccessNetwork.queue,blocking_probability,,,0.010294535345528
Phase2_D6-77-20260929-10:48:56-78,scalar,DectScheduledAccessNetwork.queue,mean_type1_number,,,24.893401817626
Phase2_D6-77-20260929-10:48:56-78,scalar,DectScheduledAccessNetwork.queue,mean_delay_direct_ms,,,62.887461862992
Phase2_D6-77-20260929-10:48:56-78,scalar,DectScheduledAccessNetwork.queue,effective_throughput_departures_per_ms,,,0.39582741054734
Phase2_D6-77-20260929-10:48:56-78,scalar,DectScheduledAccessNetwork.queue,mean_delay_little_ms,,,62.889535070863
Phase2_D6-77-20260929-10:48:56-78,scalar,DectScheduledAccessNetwork.queue,little_vs_direct_relative_error,,,3.2966950960889e-05
Phase2_D6-78-20260929-10:48:57-78,scalar,DectScheduledAccessNetwork.queue,D,,,6
Phase2_D6-78-20260929-10:48:57-78,scalar,DectScheduledAccessNetwork.queue,r,,,50
Phase2_D6-78-20260929-10:48:57-78,scalar,DectScheduledAccessNetwork.queue,L_effective,,,4
Phase2_D6-78-20260929-10:48:57-78,scalar,DectScheduledAccessNetwork.queue,rho,,,0.166666666667
Phase2_D6-78-20260929-10:48:57-78,scalar,DectScheduledAccessNetwork.queue,rho_sat,,,0.16666666678333
Phase2_D6-78-20260929-10:48:57-78,scalar,DectScheduledAccessNetwork.queue,blocking_probability,,,0.010156308769207
Phase2_D6-78-20260929-10:48:57-78,scalar,DectScheduledAccessNetwork.queue,mean_type1_number,,,24.807155631428
Phase2_D6-78-20260929-10:48:57-78,scalar,DectScheduledAccessNetwork.queue,mean_delay_direct_ms,,,62.644041040724
Phase2_D6-78-20260929-10:48:57-78,scalar,DectScheduledAccessNetwork.queue,effective_throughput_departures_per_ms,,,0.39598484225053
Phase2_D6-78-20260929-10:48:57-78,scalar,DectScheduledAccessNetwork.queue,mean_delay_little_ms,,,62.646730340585
Phase2_D6-78-20260929-10:48:57-78,scalar,DectScheduledAccessNetwork.queue,little_vs_direct_relative_error,,,4.2929859182417e-05
Phase2_D6-79-20260929-10:48:57-78,scalar,DectScheduledAccessNetwork.queue,D,,,6
Phase2_D6-79-20260929-10:48:57-78,scalar,DectScheduledAccessNetwork.queue,r,,,50
Phase2_D6-79-20260929-10:48:57-78,scalar,DectScheduledAccessNetwork.queue,L_effective,,,4
Phase2_D6-79-20260929-10:48:57-78,scalar,DectScheduledAccessNetwork.queue,rho,,,0.166666666667
Phase2_D6-79-20260929-10:48:57-78,scalar,DectScheduledAccessNetwork.queue,rho_sat,,,0.16666666678333
Phase2_D6-79-20260929-10:48:57-78,scalar,DectScheduledAccessNetwork.queue,blocking_probability,,,0.010091871168529
Phase2_D6-79-20260929-10:48:57-78,scalar,DectScheduledAccessNetwork.queue,mean_type1_number,,,24.720357014289
Phase2_D6-79-20260929-10:48:57-78,scalar,DectScheduledAccessNetwork.queue,mean_delay_direct_ms,,,62.510930864793
Phase2_D6-79-20260929-10:48:57-78,scalar,DectScheduledAccessNetwork.queue,effective_throughput_departures_per_ms,,,0.39545037695869
Phase2_D6-79-20260929-10:48:57-78,scalar,DectScheduledAccessNetwork.queue,mean_delay_little_ms,,,62.511906561847
Phase2_D6-79-20260929-10:48:57-78,scalar,DectScheduledAccessNetwork.queue,little_vs_direct_relative_error,,,1.5608423039826e-05
Phase2_D6-80-20260929-10:48:57-78,scalar,DectScheduledAccessNetwork.queue,D,,,6
Phase2_D6-80-20260929-10:48:57-78,scalar,DectScheduledAccessNetwork.queue,r,,,50
Phase2_D6-80-20260929-10:48:57-78,scalar,DectScheduledAccessNetwork.queue,L_effective,,,4
Phase2_D6-80-20260929-10:48:57-78,scalar,DectScheduledAccessNetwork.queue,rho,,,0.25
Phase2_D6-80-20260929-10:48:57-78,scalar,DectScheduledAccessNetwork.queue,rho_sat,,,0.16666666678333
Phase2_D6-80-20260929-10:48:57-78,scalar,DectScheduledAccessNetwork.queue,blocking_probability,,,0.33254911697238
Phase2_D6-80-20260929-10:48:57-78,scalar,DectScheduledAccessNetwork.queue,mean_type1_number,,,48.438708493606
Phase2_D6-80-20260929-10:48:57-78,scalar,DectScheduledAccessNetwork.queue,mean_delay_direct_ms,,,121.1210414435
Phase2_D6-80-20260929-10:48:57-78,scalar,DectScheduledAccessNetwork.queue,effective_throughput_departures_per_ms,,,0.39989955769933
Phase2_D6-80-20260929-10:48:57-78,scalar,DectScheduledAccessNetwork.queue,mean_delay_little_ms,,,121.12718696735
Phase2_D6-80-20260929-10:48:57-78,scalar,DectScheduledAccessNetwork.queue,little_vs_direct_relative_error,,,5.0738697193076e-05
Phase2_D6-81-20260929-10:48:57-78,scalar,DectScheduledAccessNetwork.queue,D,,,6
Phase2_D6-81-20260929-10:48:57-78,scalar,DectScheduledAccessNetwork.queue,r,,,50
Phase2_D6-81-20260929-10:48:57-78,scalar,DectScheduledAccessNetwork.queue,L_effective,,,4
Phase2_D6-81-20260929-10:48:57-78,scalar,DectScheduledAccessNetwork.queue,rho,,,0.25
Phase2_D6-81-20260929-10:48:57-78,scalar,DectScheduledAccessNetwork.queue,rho_sat,,,0.16666666678333
Phase2_D6-81-20260929-10:48:57-78,scalar,DectScheduledAccessNetwork.queue,blocking_probability,,,0.33316774477046
Phase2_D6-81-20260929-10:48:57-78,scalar,DectScheduledAccessNetwork.queue,mean_type1_number,,,48.441207344288
Phase2_D6-81-20260929-10:48:57-78,scalar,DectScheduledAccessNetwork.queue,mean_delay_direct_ms,,,121.12773088027
Phase2_D6-81-20260929-10:48:57-78,scalar,DectScheduledAccessNetwork.queue,effective_throughput_departures_per_ms,,,0.39989778120367
Phase2_D6-81-20260929-10:48:57-78,scalar,DectScheduledAccessNetwork.queue,mean_delay_little_ms,,,121.13397378321
Phase2_D6-81-20260929-10:48:57-78,scalar,DectScheduledAccessNetwork.queue,little_vs_direct_relative_error,,,5.1539832341518e-05
Phase2_D6-82-20260929-10:48:58-78,scalar,DectScheduledAccessNetwork.queue,D,,,6
Phase2_D6-82-20260929-10:48:58-78,scalar,DectScheduledAccessNetwork.queue,r,,,50
Phase2_D6-82-20260929-10:48:58-78,scalar,DectScheduledAccessNetwork.queue,L_effective,,,4
Phase2_D6-82-20260929-10:48:58-78,scalar,DectScheduledAccessNetwork.queue,rho,,,0.25
Phase2_D6-82-20260929-10:48:58-78,scalar,DectScheduledAccessNetwork.queue,rho_sat,,,0.16666666678333
Phase2_D6-82-20260929-10:48:58-78,scalar,DectScheduledAccessNetwork.queue,blocking_probability,,,0.33367403165829
Phase2_D6-82-20260929-10:48:58-78,scalar,DectScheduledAccessNetwork.queue,mean_type1_number,,,48.446759242809
Phase2_D6-82-20260929-10:48:58-78,scalar,DectScheduledAccessNetwork.queue,mean_delay_direct_ms,,,121.10845231905
Phase2_D6-82-20260929-10:48:58-78,scalar,DectScheduledAccessNetwork.queue,effective_throughput_departures_per_ms,,,0.40000886457787
Phase2_D6-82-20260929-10:48:58-78,scalar,DectScheduledAccessNetwork.queue,mean_delay_little_ms,,,121.11421404107
Phase2_D6-82-20260929-10:48:58-78,scalar,DectScheduledAccessNetwork.queue,little_vs_direct_relative_error,,,4.7574895962521e-05
Phase2_D6-83-20260929-10:48:58-78,scalar,DectScheduledAccessNetwork.queue,D,,,6
Phase2_D6-83-20260929-10:48:58-78,scalar,DectScheduledAccessNetwork.queue,r,,,50
Phase2_D6-83-20260929-10:48:58-78,scalar,DectScheduledAccessNetwork.queue,L_effective,,,4
Phase2_D6-83-20260929-10:48:58-78,scalar,DectScheduledAccessNetwork.queue,rho,,,0.25
Phase2_D6-83-20260929-10:48:58-78,scalar,DectScheduledAccessNetwork.queue,rho_sat,,,0.16666666678333
Phase2_D6-83-20260929-10:48:58-78,scalar,DectScheduledAccessNetwork.queue,blocking_probability,,,0.33350283781154
Phase2_D6-83-20260929-10:48:58-78,scalar,DectScheduledAccessNetwork.queue,mean_type1_number,,,48.440581485762
Phase2_D6-83-20260929-10:48:58-78,scalar,DectScheduledAccessNetwork.queue,mean_delay_direct_ms,,,121.14615707804
Phase2_D6-83-20260929-10:48:58-78,scalar,DectScheduledAccessNetwork.queue,effective_throughput_departures_per_ms,,,0.39983290765263
Phase2_D6-83-20260929-10:48:58-78,scalar,DectScheduledAccessNetwork.queue,mean_delay_little_ms,,,121.15206267076
Phase2_D6-83-20260929-10:48:58-78,scalar,DectScheduledAccessNetwork.queue,little_vs_direct_relative_error,,,4.8747668585758e-05
Phase2_D6-84-20260929-10:48:58-78,scalar,DectScheduledAccessNetwork.queue,D,,,6
Phase2_D6-84-20260929-10:48:58-78,scalar,DectScheduledAccessNetwork.queue,r,,,50
Phase2_D6-84-20260929-10:48:58-78,scalar,DectScheduledAccessNetwork.queue,L_effective,,,4
Phase2_D6-84-20260929-10:48:58-78,scalar,DectScheduledAccessNetwork.queue,rho,,,0.25
Phase2_D6-84-20260929-10:48:58-78,scalar,DectScheduledAccessNetwork.queue,rho_sat,,,0.16666666678333
Phase2_D6-84-20260929-10:48:58-78,scalar,DectScheduledAccessNetwork.queue,blocking_probability,,,0.33291931846304
Phase2_D6-84-20260929-10:48:58-78,scalar,DectScheduledAccessNetwork.queue,mean_type1_number,,,48.441207931583
Phase2_D6-84-20260929-10:48:58-78,scalar,DectScheduledAccessNetwork.queue,mean_delay_direct_ms,,,121.11503322995
Phase2_D6-84-20260929-10:48:58-78,scalar,DectScheduledAccessNetwork.queue,effective_throughput_departures_per_ms,,,0.39994064197794
Phase2_D6-84-20260929-10:48:58-78,scalar,DectScheduledAccessNetwork.queue,mean_delay_little_ms,,,121.12099358548
Phase2_D6-84-20260929-10:48:58-78,scalar,DectScheduledAccessNetwork.queue,little_vs_direct_relative_error,,,4.9212351064476e-05
Phase2_D6-85-20260929-10:48:59-78,scalar,DectScheduledAccessNetwork.queue,D,,,6
Phase2_D6-85-20260929-10:48:59-78,scalar,DectScheduledAccessNetwork.queue,r,,,50
Phase2_D6-85-20260929-10:48:59-78,scalar,DectScheduledAccessNetwork.queue,L_effective,,,4
Phase2_D6-85-20260929-10:48:59-78,scalar,DectScheduledAccessNetwork.queue,rho,,,0.25
Phase2_D6-85-20260929-10:48:59-78,scalar,DectScheduledAccessNetwork.queue,rho_sat,,,0.16666666678333
Phase2_D6-85-20260929-10:48:59-78,scalar,DectScheduledAccessNetwork.queue,blocking_probability,,,0.33302364853599
Phase2_D6-85-20260929-10:48:59-78,scalar,DectScheduledAccessNetwork.queue,mean_type1_number,,,48.439422068146
Phase2_D6-85-20260929-10:48:59-78,scalar,DectScheduledAccessNetwork.queue,mean_delay_direct_ms,,,121.12009861919
Phase2_D6-85-20260929-10:48:59-78,scalar,DectScheduledAccessNetwork.queue,effective_throughput_departures_per_ms,,,0.39990893426054
Phase2_D6-85-20260929-10:48:59-78,scalar,DectScheduledAccessNetwork.queue,mean_delay_little_ms,,,121.12613127215
Phase2_D6-85-20260929-10:48:59-78,scalar,DectScheduledAccessNetwork.queue,little_vs_direct_relative_error,,,4.9807199883345e-05
Phase2_D6-86-20260929-10:48:59-78,scalar,DectScheduledAccessNetwork.queue,D,,,6
Phase2_D6-86-20260929-10:48:59-78,scalar,DectScheduledAccessNetwork.queue,r,,,50
Phase2_D6-86-20260929-10:48:59-78,scalar,DectScheduledAccessNetwork.queue,L_effective,,,4
Phase2_D6-86-20260929-10:48:59-78,scalar,DectScheduledAccessNetwork.queue,rho,,,0.25
Phase2_D6-86-20260929-10:48:59-78,scalar,DectScheduledAccessNetwork.queue,rho_sat,,,0.16666666678333
Phase2_D6-86-20260929-10:48:59-78,scalar,DectScheduledAccessNetwork.queue,blocking_probability,,,0.33324665955942
Phase2_D6-86-20260929-10:48:59-78,scalar,DectScheduledAccessNetwork.queue,mean_type1_number,,,48.441448152752
Phase2_D6-86-20260929-10:48:59-78,scalar,DectScheduledAccessNetwork.queue,mean_delay_direct_ms,,,121.12479446518
Phase2_D6-86-20260929-10:48:59-78,scalar,DectScheduledAccessNetwork.queue,effective_throughput_departures_per_ms,,,0.39991040424278
Phase2_D6-86-20260929-10:48:59-78,scalar,DectScheduledAccessNetwork.queue,mean_delay_little_ms,,,121.13075238559
Phase2_D6-86-20260929-10:48:59-78,scalar,DectScheduledAccessNetwork.queue,little_vs_direct_relative_error,,,4.9188280838441e-05
Phase2_D6-87-20260929-10:48:59-78,scalar,DectScheduledAccessNetwork.queue,D,,,6
Phase2_D6-87-20260929-10:48:59-78,scalar,DectScheduledAccessNetwork.queue,r,,,50
Phase2_D6-87-20260929-10:48:59-78,scalar,DectScheduledAccessNetwork.queue,L_effective,,,4
Phase2_D6-87-20260929-10:48:59-78,scalar,DectScheduledAccessNetwork.queue,rho,,,0.25
Phase2_D6-87-20260929-10:48:59-78,scalar,DectScheduledAccessNetwork.queue,rho_sat,,,0.16666666678333
Phase2_D6-87-20260929-10:48:59-78,scalar,DectScheduledAccessNetwork.queue,blocking_probability,,,0.3337701375167
Phase2_D6-87-20260929-10:48:59-78,scalar,DectScheduledAccessNetwork.queue,mean_type1_number,,,48.446181595945
Phase2_D6-87-20260929-10:48:59-78,scalar,DectScheduledAccessNetwork.queue,mean_delay_direct_ms,,,121.14326405227
Phase2_D6-87-20260929-10:48:59-78,scalar,DectScheduledAccessNetwork.queue,effective_throughput_departures_per_ms,,,0.39988957018294
Phase2_D6-87-20260929-10:48:59-78,scalar,DectScheduledAccessNetwork.queue,mean_delay_little_ms,,,121.14890011705
Phase2_D6-87-20260929-10:48:59-78,scalar,DectScheduledAccessNetwork.queue,little_vs_direct_relative_error,,,4.652396339333e-05
Phase2_D6-88-20260929-10:49:00-78,scalar,DectScheduledAccessNetwork.queue,D,,,6
Phase2_D6-88-20260929-10:49:00-78,scalar,DectScheduledAccessNetwork.queue,r,,,50
Phase2_D6-88-20260929-10:49:00-78,scalar,DectScheduledAccessNetwork.queue,L_effective,,,4
Phase2_D6-88-20260929-10:49:00-78,scalar,DectScheduledAccessNetwork.queue,rho,,,0.25
Phase2_D6-88-20260929-10:49:00-78,scalar,DectScheduledAccessNetwork.queue,rho_sat,,,0.16666666678333
Phase2_D6-88-20260929-10:49:00-78,scalar,DectScheduledAccessNetwork.queue,blocking_probability,,,0.33336666340032
Phase2_D6-88-20260929-10:49:00-78,scalar,DectScheduledAccessNetwork.queue,mean_type1_number,,,48.442122646136
Phase2_D6-88-20260929-10:49:00-78,scalar,DectScheduledAccessNetwork.queue,mean_delay_direct_ms,,,121.09136339171
Phase2_D6-88-20260929-10:49:00-78,scalar,DectScheduledAccessNetwork.queue,effective_throughput_departures_per_ms,,,0.40002747313622
Phase2_D6-88-20260929-10:49:00-78,scalar,DectScheduledAccessNetwork.queue,mean_delay_little_ms,,,121.09698933013
Phase2_D6-88-20260929-10:49:00-78,scalar,DectScheduledAccessNetwork.queue,little_vs_direct_relative_error,,,4.6460278139593e-05
Phase2_D6-89-20260929-10:49:00-78,scalar,DectScheduledAccessNetwork.queue,D,,,6
Phase2_D6-89-20260929-10:49:00-78,scalar,DectScheduledAccessNetwork.queue,r,,,50
Phase2_D6-89-20260929-10:49:00-78,scalar,DectScheduledAccessNetwork.queue,L_effective,,,4
Phase2_D6-89-20260929-10:49:00-78,scalar,DectScheduledAccessNetwork.queue,rho,,,0.25
Phase2_D6-89-20260929-10:49:00-78,scalar,DectScheduledAccessNetwork.queue,rho_sat,,,0.16666666678333
Phase2_D6-89-20260929-10:49:00-78,scalar,DectScheduledAccessNetwork.queue,blocking_probability,,,0.33283565261886
Phase2_D6-89-20260929-10:49:00-78,scalar,DectScheduledAccessNetwork.queue,mean_type1_number,,,48.434996066112
Phase2_D6-89-20260929-10:49:00-78,scalar,DectScheduledAccessNetwork.queue,mean_delay_direct_ms,,,121.07121647765
Phase2_D6-89-20260929-10:49:00-78,scalar,DectScheduledAccessNetwork.queue,effective_throughput_departures_per_ms,,,0.40003432132933
Phase2_D6-89-20260929-10:49:00-78,scalar,DectScheduledAccessNetwork.queue,mean_delay_little_ms,,,121.07710134761
Phase2_D6-89-20260929-10:49:00-78,scalar,DectScheduledAccessNetwork.queue,little_vs_direct_relative_error,,,4.8606680638663e-05
